latitude,longitude,bright_ti4,scan,track,acq_date,acq_time,satellite,instrument,confidence,version,bright_ti5,frp,daynight,type
17.33718,80.86463,335.26,0.71,0.75,2023-03-06,655,N20,VIIRS,n,2,299.2,6.7,D,0
17.33777,80.86158,335.14,0.71,0.75,2023-03-06,656,N20,VIIRS,n,2,298.68,5.93,D,0
17.38643,80.85574,331.8,0.71,0.75,2023-03-06,656,N20,VIIRS,n,2,298.62,4.82,D,0
17.6393,80.42272,335.86,0.75,0.77,2023-03-06,656,N20,VIIRS,n,2,300.34,4.47,D,0
17.71871,80.07707,330.48,0.79,0.78,2023-03-06,656,N20,VIIRS,n,2,297.44,3.72,D,0
17.85102,80.03529,331.66,0.79,0.78,2023-03-06,656,N20,VIIRS,n,2,296.6,6.78,D,0
17.87142,80.39668,331.48,0.75,0.77,2023-03-06,656,N20,VIIRS,l,2,302.27,5.93,D,0
17.87796,80.39571,334.96,0.75,0.77,2023-03-06,656,N20,VIIRS,n,2,299.62,4.22,D,0
17.89577,80.28652,332.03,0.76,0.77,2023-03-06,656,N20,VIIRS,n,2,298.55,3.85,D,0
17.97632,80.26281,331.03,0.76,0.77,2023-03-06,656,N20,VIIRS,n,2,299.62,2.87,D,0
18.0727,80.18101,342.75,0.76,0.77,2023-03-06,656,N20,VIIRS,n,2,298.17,6.84,D,0
18.07381,80.1795,348.34,0.76,0.77,2023-03-06,656,N20,VIIRS,n,2,298.73,12.07,D,0
18.07963,80.17934,339.71,0.76,0.77,2023-03-06,656,N20,VIIRS,n,2,298.45,6.84,D,0
18.93732,80.10801,330.28,0.74,0.76,2023-03-06,656,N20,VIIRS,n,2,297.91,4.48,D,0
19.98466,80.57322,351.51,0.65,0.73,2023-03-06,656,N20,VIIRS,n,2,302.84,11.25,D,0
19.98734,80.57452,367.0,0.65,0.73,2023-03-06,656,N20,VIIRS,h,2,303.54,9.97,D,0
15.51253,79.08076,353.46,0.36,0.58,2023-03-06,835,N20,VIIRS,n,2,308.02,3.1,D,0
15.51297,79.08459,332.45,0.36,0.58,2023-03-06,835,N20,VIIRS,l,2,306.0,3.1,D,0
15.53076,79.58843,336.64,0.39,0.6,2023-03-06,835,N20,VIIRS,n,2,304.14,2.5,D,0
15.53562,78.81142,367.0,0.35,0.57,2023-03-06,835,N20,VIIRS,h,2,306.92,13.67,D,0
15.5412,78.81399,349.47,0.35,0.57,2023-03-06,835,N20,VIIRS,n,2,304.17,9.64,D,0
15.54799,78.7335,334.6,0.35,0.56,2023-03-06,835,N20,VIIRS,n,2,303.94,3.38,D,0
15.55234,78.81913,335.82,0.35,0.57,2023-03-06,835,N20,VIIRS,n,2,303.81,4.16,D,0
15.5531,79.93462,331.15,0.42,0.61,2023-03-06,835,N20,VIIRS,l,2,306.09,0.99,D,0
15.5583,78.92005,338.98,0.36,0.57,2023-03-06,835,N20,VIIRS,n,2,307.88,3.59,D,0
15.56344,78.24345,339.95,0.32,0.55,2023-03-06,835,N20,VIIRS,n,2,310.27,2.94,D,0
15.5672,78.71746,335.18,0.34,0.56,2023-03-06,835,N20,VIIRS,n,2,302.48,4.37,D,0
15.56749,79.0028,330.91,0.36,0.57,2023-03-06,835,N20,VIIRS,l,2,305.42,1.64,D,0
15.56756,78.72067,344.29,0.34,0.56,2023-03-06,835,N20,VIIRS,n,2,304.07,4.37,D,0
15.56799,78.7244,334.15,0.34,0.56,2023-03-06,835,N20,VIIRS,n,2,300.55,3.64,D,0
15.5787,78.7261,348.2,0.35,0.56,2023-03-06,835,N20,VIIRS,n,2,303.52,7.59,D,0
15.58423,78.72843,340.65,0.35,0.56,2023-03-06,835,N20,VIIRS,n,2,303.08,3.46,D,0
15.58463,78.73187,333.65,0.35,0.56,2023-03-06,835,N20,VIIRS,n,2,302.73,3.46,D,0
15.59536,78.73367,340.45,0.35,0.56,2023-03-06,835,N20,VIIRS,n,2,302.48,2.53,D,0
15.60567,78.73188,331.02,0.35,0.56,2023-03-06,835,N20,VIIRS,l,2,301.14,2.87,D,0
15.60752,78.74776,341.97,0.35,0.56,2023-03-06,835,N20,VIIRS,n,2,302.28,5.03,D,0
15.60789,78.75086,338.13,0.35,0.56,2023-03-06,835,N20,VIIRS,n,2,301.96,5.07,D,0
15.60987,79.48985,335.35,0.39,0.59,2023-03-06,835,N20,VIIRS,l,2,308.74,3.45,D,0
15.62961,78.75622,334.17,0.35,0.56,2023-03-06,835,N20,VIIRS,n,2,302.72,2.52,D,0
15.62992,78.84895,367.0,0.35,0.57,2023-03-06,835,N20,VIIRS,h,2,306.36,5.85,D,0
15.63027,78.85198,333.89,0.35,0.57,2023-03-06,835,N20,VIIRS,n,2,300.94,5.85,D,0
15.64872,79.79967,345.65,0.41,0.6,2023-03-06,835,N20,VIIRS,n,2,305.42,6.42,D,0
15.62518,78.754,331.17,0.35,0.57,2023-03-06,836,N20,VIIRS,l,2,303.06,3.27,D,0
15.63014,78.84732,334.77,0.35,0.57,2023-03-06,836,N20,VIIRS,n,2,302.77,6.01,D,0
15.63047,78.85032,367.0,0.35,0.57,2023-03-06,836,N20,VIIRS,h,2,303.02,6.01,D,0
15.63865,78.82827,350.96,0.35,0.57,2023-03-06,836,N20,VIIRS,n,2,303.67,5.15,D,0
15.63941,78.83515,330.15,0.35,0.57,2023-03-06,836,N20,VIIRS,l,2,302.18,4.53,D,0
15.63982,78.83882,335.66,0.35,0.57,2023-03-06,836,N20,VIIRS,n,2,301.48,2.19,D,0
15.6439,78.82778,345.64,0.35,0.57,2023-03-06,836,N20,VIIRS,n,2,305.25,7.65,D,0
15.64425,78.83095,344.86,0.35,0.57,2023-03-06,836,N20,VIIRS,n,2,305.51,4.48,D,0
15.64462,78.83429,331.15,0.35,0.57,2023-03-06,836,N20,VIIRS,l,2,303.72,4.48,D,0
15.64499,78.83766,341.1,0.35,0.57,2023-03-06,836,N20,VIIRS,n,2,303.77,4.0,D,0
15.65788,77.29855,338.0,0.55,0.51,2023-03-06,836,N20,VIIRS,l,2,310.08,3.12,D,0
15.65921,77.29542,333.75,0.55,0.51,2023-03-06,836,N20,VIIRS,l,2,308.59,3.1,D,0
15.66282,78.66752,332.98,0.34,0.56,2023-03-06,836,N20,VIIRS,l,2,304.95,2.27,D,0
15.66799,78.66694,331.93,0.34,0.56,2023-03-06,836,N20,VIIRS,l,2,304.97,2.25,D,0
15.68361,78.75769,331.17,0.35,0.57,2023-03-06,836,N20,VIIRS,n,2,300.49,4.8,D,0
15.68877,78.7567,331.71,0.35,0.57,2023-03-06,836,N20,VIIRS,l,2,301.89,2.34,D,0
15.70719,78.73347,338.51,0.35,0.56,2023-03-06,836,N20,VIIRS,n,2,304.24,3.63,D,0
15.7127,78.73553,333.36,0.35,0.56,2023-03-06,836,N20,VIIRS,n,2,303.23,3.63,D,0
15.71298,79.1123,334.76,0.37,0.58,2023-03-06,836,N20,VIIRS,n,2,306.37,3.34,D,0
15.71305,78.73854,350.89,0.35,0.56,2023-03-06,836,N20,VIIRS,n,2,302.51,7.06,D,0
15.71338,79.11584,339.53,0.37,0.58,2023-03-06,836,N20,VIIRS,n,2,305.8,3.48,D,0
15.71952,79.12244,331.16,0.37,0.58,2023-03-06,836,N20,VIIRS,l,2,305.71,2.49,D,0
15.72679,78.75594,333.99,0.35,0.57,2023-03-06,836,N20,VIIRS,n,2,303.36,1.99,D,0
15.73699,79.13342,334.13,0.37,0.58,2023-03-06,836,N20,VIIRS,l,2,306.08,2.02,D,0
15.74266,79.13569,334.43,0.37,0.58,2023-03-06,836,N20,VIIRS,n,2,304.42,3.6,D,0
15.74429,78.82471,331.27,0.35,0.57,2023-03-06,836,N20,VIIRS,l,2,303.56,3.64,D,0
15.74569,78.83674,334.63,0.35,0.57,2023-03-06,836,N20,VIIRS,l,2,306.15,4.22,D,0
15.74617,78.83615,343.21,0.35,0.57,2023-03-06,836,N20,VIIRS,n,2,306.0,4.59,D,0
15.74752,78.80029,335.65,0.35,0.57,2023-03-06,836,N20,VIIRS,n,2,302.85,3.86,D,0
15.75041,78.82652,338.65,0.35,0.57,2023-03-06,836,N20,VIIRS,n,2,303.22,4.11,D,0
15.75078,78.82983,336.87,0.35,0.57,2023-03-06,836,N20,VIIRS,n,2,302.76,3.26,D,0
15.75109,78.83266,342.32,0.35,0.57,2023-03-06,836,N20,VIIRS,n,2,303.77,3.26,D,0
15.75698,78.83792,342.45,0.35,0.57,2023-03-06,836,N20,VIIRS,n,2,305.5,5.74,D,0
15.77336,78.8898,331.8,0.36,0.57,2023-03-06,836,N20,VIIRS,l,2,303.82,2.31,D,0
15.78349,78.88503,345.63,0.36,0.57,2023-03-06,836,N20,VIIRS,n,2,306.11,17.73,D,0
15.7838,78.88785,348.02,0.36,0.57,2023-03-06,836,N20,VIIRS,n,2,312.3,17.73,D,0
15.78411,78.89063,355.96,0.36,0.57,2023-03-06,836,N20,VIIRS,n,2,306.28,16.82,D,0
15.78442,78.89339,333.66,0.36,0.57,2023-03-06,836,N20,VIIRS,n,2,301.66,16.82,D,0
15.7882,78.87952,337.14,0.36,0.57,2023-03-06,836,N20,VIIRS,n,2,305.59,3.99,D,0
15.78887,78.88548,334.43,0.36,0.57,2023-03-06,836,N20,VIIRS,n,2,304.04,2.01,D,0
15.79312,78.87592,332.79,0.36,0.57,2023-03-06,836,N20,VIIRS,l,2,306.21,3.58,D,0
15.80129,78.99655,341.79,0.36,0.58,2023-03-06,836,N20,VIIRS,n,2,305.55,2.67,D,0
15.80161,78.99945,337.37,0.36,0.58,2023-03-06,836,N20,VIIRS,n,2,304.94,2.67,D,0
15.8739,78.93329,344.58,0.36,0.57,2023-03-06,836,N20,VIIRS,n,2,306.04,2.82,D,0
15.88523,79.30846,355.15,0.38,0.59,2023-03-06,836,N20,VIIRS,n,2,307.74,4.33,D,0
15.88716,79.30708,347.41,0.38,0.59,2023-03-06,836,N20,VIIRS,n,2,307.49,4.96,D,0
15.93563,78.95834,334.84,0.36,0.57,2023-03-06,836,N20,VIIRS,n,2,304.64,5.23,D,0
15.936,78.9616,353.52,0.36,0.57,2023-03-06,836,N20,VIIRS,n,2,304.61,4.03,D,0
15.94138,78.96172,331.87,0.36,0.57,2023-03-06,836,N20,VIIRS,l,2,305.54,4.03,D,0
15.94176,78.96503,337.23,0.36,0.58,2023-03-06,836,N20,VIIRS,n,2,304.44,4.03,D,0
15.94436,78.94083,340.38,0.36,0.57,2023-03-06,836,N20,VIIRS,n,2,304.19,6.62,D,0
15.94477,78.94442,367.0,0.36,0.57,2023-03-06,836,N20,VIIRS,h,2,304.93,6.62,D,0
15.94518,78.94798,336.04,0.36,0.57,2023-03-06,836,N20,VIIRS,n,2,304.73,4.82,D,0
15.94868,78.93186,367.0,0.36,0.57,2023-03-06,836,N20,VIIRS,h,2,303.64,8.64,D,0
15.98485,78.82735,335.27,0.35,0.57,2023-03-06,836,N20,VIIRS,n,2,304.57,2.18,D,0
15.9995,78.72139,339.62,0.35,0.57,2023-03-06,836,N20,VIIRS,n,2,304.76,2.95,D,0
16.00141,78.69165,332.07,0.35,0.57,2023-03-06,836,N20,VIIRS,l,2,306.62,4.14,D,0
16.00517,78.67837,332.5,0.35,0.56,2023-03-06,836,N20,VIIRS,l,2,304.95,4.06,D,0
16.00555,78.68169,348.5,0.35,0.56,2023-03-06,836,N20,VIIRS,n,2,304.43,4.06,D,0
16.0077,78.70055,333.28,0.35,0.57,2023-03-06,836,N20,VIIRS,l,2,306.46,4.47,D,0
16.00804,78.70358,343.25,0.35,0.57,2023-03-06,836,N20,VIIRS,n,2,306.32,6.16,D,0
16.00812,78.56688,367.0,0.34,0.56,2023-03-06,836,N20,VIIRS,h,2,310.35,5.46,D,0
16.00842,78.70695,367.0,0.35,0.57,2023-03-06,836,N20,VIIRS,h,2,305.96,6.16,D,0
16.00847,78.56999,367.0,0.34,0.56,2023-03-06,836,N20,VIIRS,h,2,307.72,5.46,D,0
16.01331,78.56651,333.42,0.34,0.56,2023-03-06,836,N20,VIIRS,n,2,307.08,5.46,D,0
16.01367,78.56963,340.2,0.34,0.56,2023-03-06,836,N20,VIIRS,n,2,306.3,5.46,D,0
16.01392,79.29179,330.09,0.38,0.59,2023-03-06,836,N20,VIIRS,l,2,304.68,1.86,D,0
16.01404,78.57286,334.1,0.34,0.56,2023-03-06,836,N20,VIIRS,n,2,304.33,5.34,D,0
16.0175,79.84541,330.56,0.42,0.61,2023-03-06,836,N20,VIIRS,l,2,304.45,2.28,D,0
16.08646,78.83192,342.68,0.36,0.57,2023-03-06,836,N20,VIIRS,n,2,306.88,7.03,D,0
16.08936,78.80993,367.0,0.36,0.57,2023-03-06,836,N20,VIIRS,h,2,307.62,10.6,D,0
16.09087,78.82359,340.65,0.36,0.57,2023-03-06,836,N20,VIIRS,n,2,308.3,3.8,D,0
16.09427,78.80621,351.66,0.35,0.57,2023-03-06,836,N20,VIIRS,n,2,307.76,18.42,D,0
16.09467,78.80976,367.0,0.36,0.57,2023-03-06,836,N20,VIIRS,h,2,303.84,10.6,D,0
16.09505,78.81323,367.0,0.36,0.57,2023-03-06,836,N20,VIIRS,h,2,307.35,10.6,D,0
16.09541,78.81645,339.33,0.36,0.57,2023-03-06,836,N20,VIIRS,n,2,303.72,6.35,D,0
16.09577,78.81971,335.34,0.36,0.57,2023-03-06,836,N20,VIIRS,n,2,304.17,6.35,D,0
16.09616,78.82324,331.23,0.36,0.57,2023-03-06,836,N20,VIIRS,l,2,303.29,3.8,D,0
16.10351,78.69926,331.26,0.35,0.57,2023-03-06,836,N20,VIIRS,l,2,306.0,2.03,D,0
16.10416,78.70509,334.59,0.35,0.57,2023-03-06,836,N20,VIIRS,l,2,306.89,4.24,D,0
16.12856,78.68737,330.94,0.35,0.57,2023-03-06,836,N20,VIIRS,l,2,304.7,1.51,D,0
16.19967,79.26571,338.9,0.38,0.59,2023-03-06,836,N20,VIIRS,n,2,304.31,6.28,D,0
16.20006,79.26922,367.0,0.38,0.59,2023-03-06,836,N20,VIIRS,h,2,304.21,7.86,D,0
16.20181,79.26557,343.77,0.38,0.59,2023-03-06,836,N20,VIIRS,n,2,304.76,6.54,D,0
16.20217,79.26901,353.33,0.38,0.59,2023-03-06,836,N20,VIIRS,n,2,304.01,7.35,D,0
16.20808,79.43991,342.08,0.39,0.59,2023-03-06,836,N20,VIIRS,n,2,306.44,4.0,D,0
16.21201,78.71536,355.01,0.35,0.57,2023-03-06,836,N20,VIIRS,n,2,305.56,14.11,D,0
16.21237,78.71852,367.0,0.35,0.57,2023-03-06,836,N20,VIIRS,h,2,307.9,22.29,D,0
16.21273,78.72179,353.79,0.35,0.57,2023-03-06,836,N20,VIIRS,n,2,309.29,22.29,D,0
16.21312,78.7252,367.0,0.35,0.57,2023-03-06,836,N20,VIIRS,h,2,304.03,11.61,D,0
16.2135,78.72862,351.74,0.35,0.57,2023-03-06,836,N20,VIIRS,n,2,301.55,11.61,D,0
16.21609,78.70456,333.22,0.35,0.57,2023-03-06,836,N20,VIIRS,n,2,301.6,11.27,D,0
16.21646,78.70788,367.0,0.35,0.57,2023-03-06,836,N20,VIIRS,h,2,307.37,11.27,D,0
16.21684,78.7112,343.26,0.35,0.57,2023-03-06,836,N20,VIIRS,n,2,303.36,6.55,D,0
16.21721,78.71447,352.0,0.35,0.57,2023-03-06,836,N20,VIIRS,n,2,305.35,6.55,D,0
16.21794,78.72095,341.56,0.35,0.57,2023-03-06,836,N20,VIIRS,n,2,305.57,5.15,D,0
16.21832,78.72437,332.43,0.35,0.57,2023-03-06,836,N20,VIIRS,n,2,304.41,8.21,D,0
16.21909,78.73119,367.0,0.35,0.57,2023-03-06,836,N20,VIIRS,h,2,307.29,4.84,D,0
16.21947,78.73455,344.26,0.35,0.57,2023-03-06,836,N20,VIIRS,n,2,302.77,4.84,D,0
16.22165,78.70695,367.0,0.35,0.57,2023-03-06,836,N20,VIIRS,h,2,308.93,11.27,D,0
16.22203,78.71028,344.46,0.35,0.57,2023-03-06,836,N20,VIIRS,n,2,305.45,6.55,D,0
16.2224,78.71359,343.26,0.35,0.57,2023-03-06,836,N20,VIIRS,n,2,305.7,6.55,D,0
16.22278,78.71689,337.47,0.35,0.57,2023-03-06,836,N20,VIIRS,n,2,303.56,5.15,D,0
16.2247,78.73391,332.79,0.35,0.57,2023-03-06,836,N20,VIIRS,n,2,303.59,4.84,D,0
16.22685,78.70616,331.14,0.35,0.57,2023-03-06,836,N20,VIIRS,n,2,304.85,4.4,D,0
16.22723,78.70948,367.0,0.35,0.57,2023-03-06,836,N20,VIIRS,h,2,307.26,6.41,D,0
16.22761,78.7128,341.71,0.35,0.57,2023-03-06,836,N20,VIIRS,n,2,306.32,6.41,D,0
16.22877,78.67648,343.81,0.35,0.57,2023-03-06,836,N20,VIIRS,n,2,304.03,5.15,D,0
16.22994,78.7333,334.69,0.35,0.57,2023-03-06,836,N20,VIIRS,n,2,305.11,3.35,D,0
16.24866,78.75785,330.59,0.35,0.57,2023-03-06,836,N20,VIIRS,l,2,305.49,4.54,D,0
16.24905,78.76123,352.11,0.35,0.57,2023-03-06,836,N20,VIIRS,n,2,303.59,4.7,D,0
16.31358,79.4313,338.02,0.39,0.6,2023-03-06,836,N20,VIIRS,n,2,306.57,5.06,D,0
16.37719,79.5536,335.96,0.4,0.6,2023-03-06,836,N20,VIIRS,l,2,310.2,3.88,D,0
16.40424,79.0146,337.91,0.37,0.58,2023-03-06,836,N20,VIIRS,n,2,306.08,2.79,D,0
16.40557,79.0111,334.96,0.37,0.58,2023-03-06,836,N20,VIIRS,l,2,306.82,3.63,D,0
16.40598,79.01473,339.43,0.37,0.58,2023-03-06,836,N20,VIIRS,n,2,306.5,2.87,D,0
16.41374,79.0023,367.0,0.37,0.58,2023-03-06,836,N20,VIIRS,h,2,308.05,8.32,D,0
16.41413,79.00587,331.51,0.37,0.58,2023-03-06,836,N20,VIIRS,n,2,305.61,7.73,D,0
16.63376,79.65084,332.64,0.41,0.61,2023-03-06,836,N20,VIIRS,l,2,304.17,1.61,D,0
16.73483,77.68221,334.61,0.61,0.53,2023-03-06,836,N20,VIIRS,l,2,308.46,2.79,D,0
16.76401,78.64984,337.37,0.35,0.57,2023-03-06,836,N20,VIIRS,n,2,309.54,1.92,D,0
16.8149,78.97726,339.34,0.37,0.58,2023-03-06,836,N20,VIIRS,n,2,305.76,2.52,D,0
16.81696,78.9773,336.53,0.37,0.58,2023-03-06,836,N20,VIIRS,n,2,305.75,2.56,D,0
16.95181,78.66145,343.91,0.36,0.57,2023-03-06,836,N20,VIIRS,n,2,308.87,4.4,D,0
16.98148,78.93232,339.21,0.37,0.58,2023-03-06,836,N20,VIIRS,l,2,312.28,3.8,D,0
17.03032,77.95503,336.6,0.32,0.55,2023-03-06,836,N20,VIIRS,l,2,307.61,2.35,D,0
17.03061,77.95563,337.13,0.32,0.55,2023-03-06,836,N20,VIIRS,n,2,308.07,2.8,D,0
17.06261,78.74837,333.82,0.36,0.58,2023-03-06,836,N20,VIIRS,l,2,305.74,0.88,D,0
17.06468,81.05079,336.18,0.52,0.66,2023-03-06,836,N20,VIIRS,n,2,297.9,4.87,D,0
17.29215,77.41042,344.96,0.59,0.53,2023-03-06,836,N20,VIIRS,n,2,308.72,11.23,D,0
17.29611,77.41389,342.9,0.59,0.53,2023-03-06,836,N20,VIIRS,n,2,309.43,5.89,D,0
17.29959,78.28108,337.65,0.34,0.56,2023-03-06,836,N20,VIIRS,n,2,304.49,3.1,D,0
17.33739,80.86189,332.37,0.5,0.66,2023-03-06,836,N20,VIIRS,l,2,302.63,6.98,D,0
17.33788,80.86665,340.31,0.5,0.66,2023-03-06,836,N20,VIIRS,n,2,302.8,7.26,D,0
17.3387,80.86518,348.22,0.5,0.66,2023-03-06,836,N20,VIIRS,n,2,303.74,7.91,D,0
17.35193,77.96909,367.0,0.32,0.55,2023-03-06,836,N20,VIIRS,h,2,309.13,5.76,D,0
17.35228,77.96714,347.18,0.32,0.55,2023-03-06,836,N20,VIIRS,n,2,311.61,3.01,D,0
17.35264,77.97025,338.14,0.32,0.55,2023-03-06,836,N20,VIIRS,n,2,306.74,3.01,D,0
17.367,77.55956,332.97,0.61,0.53,2023-03-06,836,N20,VIIRS,l,2,306.1,3.37,D,0
17.38371,77.48887,350.16,0.6,0.53,2023-03-06,836,N20,VIIRS,n,2,308.13,14.85,D,0
17.45474,78.10841,340.03,0.33,0.55,2023-03-06,836,N20,VIIRS,n,2,305.1,2.64,D,0
17.46477,80.45161,338.07,0.48,0.64,2023-03-06,836,N20,VIIRS,n,2,303.58,5.48,D,0
17.4665,80.46882,332.45,0.48,0.64,2023-03-06,836,N20,VIIRS,l,2,302.48,5.83,D,0
17.46953,77.83658,331.39,0.32,0.54,2023-03-06,836,N20,VIIRS,l,2,306.14,1.0,D,0
17.47058,80.4497,340.74,0.48,0.64,2023-03-06,836,N20,VIIRS,n,2,301.49,5.48,D,0
17.47149,80.45879,333.17,0.48,0.64,2023-03-06,836,N20,VIIRS,n,2,301.85,7.19,D,0
17.47192,80.46307,350.12,0.48,0.64,2023-03-06,836,N20,VIIRS,n,2,302.48,7.19,D,0
17.48279,78.09952,331.92,0.33,0.55,2023-03-06,836,N20,VIIRS,l,2,305.84,2.36,D,0
17.48289,77.95831,332.93,0.32,0.55,2023-03-06,836,N20,VIIRS,l,2,306.39,2.09,D,0
17.50488,78.01838,334.71,0.33,0.55,2023-03-06,836,N20,VIIRS,l,2,307.23,2.32,D,0
17.5128,77.13607,338.07,0.57,0.52,2023-03-06,836,N20,VIIRS,l,2,310.49,3.83,D,0
17.51758,77.1354,337.89,0.57,0.52,2023-03-06,836,N20,VIIRS,l,2,311.04,3.83,D,0
17.51798,80.65814,341.89,0.49,0.65,2023-03-06,836,N20,VIIRS,n,2,302.45,4.35,D,0
17.5218,80.65681,333.59,0.49,0.65,2023-03-06,836,N20,VIIRS,n,2,303.0,3.46,D,0
17.60091,80.63535,330.13,0.49,0.65,2023-03-06,836,N20,VIIRS,l,2,300.86,3.05,D,0
17.6023,78.21947,346.21,0.34,0.56,2023-03-06,836,N20,VIIRS,n,2,305.43,6.15,D,0
17.63203,80.42915,333.03,0.48,0.64,2023-03-06,836,N20,VIIRS,n,2,301.29,5.49,D,0
17.64701,77.64699,337.91,0.62,0.54,2023-03-06,836,N20,VIIRS,n,2,308.92,4.59,D,0
17.66559,80.11359,335.49,0.45,0.63,2023-03-06,836,N20,VIIRS,n,2,302.82,7.27,D,0
17.666,80.11784,367.0,0.45,0.63,2023-03-06,836,N20,VIIRS,h,2,301.82,7.27,D,0
17.66633,80.11779,367.0,0.45,0.63,2023-03-06,836,N20,VIIRS,h,2,302.86,12.24,D,0
17.67026,80.21381,348.77,0.46,0.64,2023-03-06,836,N20,VIIRS,n,2,302.07,4.85,D,0
17.67216,79.32183,335.19,0.4,0.6,2023-03-06,836,N20,VIIRS,n,2,306.47,1.86,D,0
17.67513,80.21336,350.45,0.46,0.64,2023-03-06,836,N20,VIIRS,n,2,302.14,8.88,D,0
17.67611,80.21304,351.38,0.46,0.64,2023-03-06,836,N20,VIIRS,n,2,302.86,6.93,D,0
17.68721,80.21572,342.66,0.46,0.64,2023-03-06,836,N20,VIIRS,n,2,300.54,3.76,D,0
17.68771,80.22095,335.2,0.46,0.64,2023-03-06,836,N20,VIIRS,n,2,299.33,3.76,D,0
17.68875,80.22063,346.9,0.46,0.64,2023-03-06,836,N20,VIIRS,n,2,299.5,7.44,D,0
17.6948,80.23296,330.19,0.46,0.64,2023-03-06,836,N20,VIIRS,l,2,302.46,5.01,D,0
17.71032,79.25832,336.22,0.4,0.6,2023-03-06,836,N20,VIIRS,l,2,309.45,4.97,D,0
17.73067,79.02599,337.39,0.38,0.59,2023-03-06,836,N20,VIIRS,n,2,302.77,3.4,D,0
17.7334,78.25472,355.95,0.34,0.56,2023-03-06,836,N20,VIIRS,n,2,299.82,4.34,D,0
17.73583,80.92966,338.38,0.51,0.66,2023-03-06,836,N20,VIIRS,n,2,303.69,4.22,D,0
17.73784,77.19154,338.85,0.58,0.52,2023-03-06,836,N20,VIIRS,n,2,308.58,6.71,D,0
17.74344,77.55186,334.66,0.61,0.54,2023-03-06,836,N20,VIIRS,l,2,309.02,3.29,D,0
17.74615,78.32455,336.83,0.35,0.56,2023-03-06,836,N20,VIIRS,n,2,305.68,3.27,D,0
17.75431,80.79563,332.11,0.5,0.66,2023-03-06,836,N20,VIIRS,l,2,302.56,3.26,D,0
17.75803,80.70501,330.94,0.5,0.66,2023-03-06,836,N20,VIIRS,n,2,300.86,2.0,D,0
17.7862,80.14401,336.29,0.46,0.63,2023-03-06,836,N20,VIIRS,n,2,299.92,1.72,D,0
17.78669,80.14446,335.15,0.46,0.63,2023-03-06,836,N20,VIIRS,n,2,299.73,2.17,D,0
17.79106,80.42207,330.34,0.48,0.64,2023-03-06,836,N20,VIIRS,l,2,302.98,1.91,D,0
17.79559,80.40738,339.31,0.48,0.64,2023-03-06,836,N20,VIIRS,n,2,299.33,6.84,D,0
17.79925,80.40709,335.72,0.48,0.64,2023-03-06,836,N20,VIIRS,n,2,299.78,5.86,D,0
17.80332,80.13771,336.57,0.46,0.63,2023-03-06,836,N20,VIIRS,n,2,301.39,2.77,D,0
17.80378,80.13824,343.09,0.46,0.63,2023-03-06,836,N20,VIIRS,n,2,301.63,4.45,D,0
17.80874,80.13276,334.46,0.46,0.63,2023-03-06,836,N20,VIIRS,n,2,303.53,3.29,D,0
17.80917,80.13708,343.0,0.46,0.63,2023-03-06,836,N20,VIIRS,n,2,301.42,3.29,D,0
17.81828,80.63406,334.81,0.49,0.65,2023-03-06,836,N20,VIIRS,n,2,299.34,2.94,D,0
17.81997,80.18719,344.84,0.46,0.64,2023-03-06,836,N20,VIIRS,n,2,298.38,8.57,D,0
17.82039,80.63383,332.57,0.49,0.65,2023-03-06,836,N20,VIIRS,n,2,298.68,3.07,D,0
17.83169,80.12584,367.0,0.46,0.63,2023-03-06,836,N20,VIIRS,h,2,303.83,6.9,D,0
17.83514,80.34325,350.56,0.47,0.64,2023-03-06,836,N20,VIIRS,n,2,303.27,11.97,D,0
17.83753,80.12519,346.68,0.46,0.63,2023-03-06,836,N20,VIIRS,n,2,301.84,6.9,D,0
17.84138,80.04572,337.25,0.45,0.63,2023-03-06,836,N20,VIIRS,n,2,300.19,4.74,D,0
17.8417,77.56682,334.03,0.62,0.54,2023-03-06,836,N20,VIIRS,l,2,308.31,4.16,D,0
17.84231,80.41743,330.24,0.48,0.65,2023-03-06,836,N20,VIIRS,l,2,302.48,1.71,D,0
17.87811,80.23447,339.22,0.47,0.64,2023-03-06,836,N20,VIIRS,n,2,301.89,7.29,D,0
17.92634,80.84529,331.43,0.51,0.66,2023-03-06,836,N20,VIIRS,n,2,301.27,1.99,D,0
17.97428,80.25827,334.93,0.47,0.64,2023-03-06,836,N20,VIIRS,n,2,299.44,4.47,D,0
17.97818,80.35815,338.95,0.48,0.64,2023-03-06,836,N20,VIIRS,n,2,303.83,5.0,D,0
17.98965,80.53693,336.83,0.49,0.65,2023-03-06,836,N20,VIIRS,n,2,301.47,3.9,D,0
18.00206,80.2528,343.27,0.47,0.64,2023-03-06,836,N20,VIIRS,n,2,297.83,3.82,D,0
18.00334,80.25072,331.97,0.47,0.64,2023-03-06,836,N20,VIIRS,n,2,295.53,3.67,D,0
18.00382,80.25541,350.26,0.47,0.64,2023-03-06,836,N20,VIIRS,n,2,298.3,7.26,D,0
18.00798,80.25237,331.09,0.47,0.64,2023-03-06,836,N20,VIIRS,n,2,297.46,1.99,D,0
18.04434,80.44638,330.64,0.48,0.65,2023-03-06,836,N20,VIIRS,l,2,302.01,3.77,D,0
18.04749,80.44887,342.15,0.48,0.65,2023-03-06,836,N20,VIIRS,n,2,304.02,5.83,D,0
18.08218,80.33941,333.05,0.48,0.64,2023-03-06,836,N20,VIIRS,n,2,299.57,6.84,D,0
18.08905,80.34818,342.23,0.48,0.64,2023-03-06,836,N20,VIIRS,n,2,299.83,4.42,D,0
18.1096,78.33885,336.57,0.35,0.57,2023-03-06,836,N20,VIIRS,n,2,302.82,4.02,D,0
18.14556,79.85407,330.2,0.44,0.62,2023-03-06,836,N20,VIIRS,l,2,301.54,4.73,D,0
18.14598,79.85826,347.24,0.44,0.63,2023-03-06,836,N20,VIIRS,n,2,303.71,7.36,D,0
18.15133,79.85348,333.71,0.44,0.62,2023-03-06,836,N20,VIIRS,n,2,301.57,4.73,D,0
18.20845,80.26337,334.42,0.47,0.64,2023-03-06,836,N20,VIIRS,n,2,301.03,5.57,D,0
18.21049,80.26549,334.11,0.47,0.64,2023-03-06,836,N20,VIIRS,n,2,300.96,4.99,D,0
18.29821,77.79836,331.68,0.32,0.55,2023-03-06,836,N20,VIIRS,l,2,305.17,2.62,D,0
18.32616,80.61226,333.27,0.5,0.66,2023-03-06,836,N20,VIIRS,n,2,300.52,4.64,D,0
18.34942,80.59974,330.66,0.5,0.66,2023-03-06,836,N20,VIIRS,l,2,301.15,2.87,D,0
18.35418,78.53172,347.72,0.36,0.58,2023-03-06,836,N20,VIIRS,n,2,303.06,4.67,D,0
18.37593,79.98087,336.98,0.45,0.63,2023-03-06,836,N20,VIIRS,n,2,298.96,2.59,D,0
18.38647,80.58759,342.49,0.5,0.66,2023-03-06,836,N20,VIIRS,n,2,303.49,5.93,D,0
18.44437,78.48145,330.67,0.36,0.57,2023-03-06,836,N20,VIIRS,n,2,299.44,2.94,D,0
18.47819,78.14772,332.96,0.34,0.56,2023-03-06,836,N20,VIIRS,l,2,304.58,1.97,D,0
18.48432,78.05824,336.13,0.34,0.56,2023-03-06,836,N20,VIIRS,l,2,308.02,2.64,D,0
18.50696,81.4152,342.14,0.57,0.69,2023-03-06,836,N20,VIIRS,n,2,301.06,5.08,D,0
18.54468,80.02547,333.92,0.46,0.63,2023-03-06,836,N20,VIIRS,l,2,306.01,3.75,D,0
18.56232,78.34032,334.58,0.36,0.57,2023-03-06,836,N20,VIIRS,n,2,303.2,4.35,D,0
18.57439,78.00272,330.29,0.34,0.56,2023-03-06,836,N20,VIIRS,l,2,304.52,2.22,D,0
18.58338,80.64396,337.1,0.5,0.66,2023-03-06,836,N20,VIIRS,n,2,302.1,5.98,D,0
18.65356,80.3789,334.65,0.49,0.65,2023-03-06,836,N20,VIIRS,n,2,300.91,3.92,D,0
18.66701,78.52278,338.67,0.37,0.58,2023-03-06,836,N20,VIIRS,n,2,302.16,3.0,D,0
18.67972,80.39986,346.55,0.49,0.65,2023-03-06,836,N20,VIIRS,n,2,302.17,4.51,D,0
18.68014,80.40442,330.62,0.49,0.65,2023-03-06,836,N20,VIIRS,l,2,300.81,4.51,D,0
18.68614,80.40368,331.24,0.49,0.65,2023-03-06,836,N20,VIIRS,n,2,300.35,4.51,D,0
18.7691,80.35677,343.95,0.49,0.65,2023-03-06,836,N20,VIIRS,n,2,301.62,5.85,D,0
18.77243,80.35603,333.58,0.49,0.65,2023-03-06,836,N20,VIIRS,n,2,300.33,3.02,D,0
18.90822,79.34569,334.33,0.42,0.61,2023-03-06,836,N20,VIIRS,n,2,303.73,3.16,D,0
18.93445,80.11814,333.67,0.47,0.64,2023-03-06,836,N20,VIIRS,n,2,300.81,5.36,D,0
18.93489,77.34435,337.02,0.62,0.54,2023-03-06,836,N20,VIIRS,n,2,304.82,4.02,D,0
18.94536,80.1068,331.83,0.47,0.64,2023-03-06,836,N20,VIIRS,n,2,299.93,3.08,D,0
18.94581,80.1117,333.38,0.47,0.64,2023-03-06,836,N20,VIIRS,n,2,300.66,3.08,D,0
18.94765,80.11068,332.93,0.47,0.64,2023-03-06,836,N20,VIIRS,n,2,300.59,4.49,D,0
18.99442,79.69408,336.53,0.44,0.62,2023-03-06,836,N20,VIIRS,n,2,301.18,5.59,D,0
18.99991,78.60049,332.35,0.37,0.58,2023-03-06,836,N20,VIIRS,l,2,304.05,3.45,D,0
19.01755,77.68133,333.63,0.32,0.55,2023-03-06,836,N20,VIIRS,l,2,305.38,2.45,D,0
19.04462,80.59281,344.37,0.51,0.66,2023-03-06,836,N20,VIIRS,n,2,299.49,7.5,D,0
19.09603,79.21393,330.01,0.41,0.61,2023-03-06,836,N20,VIIRS,l,2,301.59,3.32,D,0
19.11665,79.30917,332.2,0.42,0.61,2023-03-06,836,N20,VIIRS,n,2,301.22,2.09,D,0
19.12173,78.67367,338.52,0.38,0.59,2023-03-06,836,N20,VIIRS,n,2,301.98,4.68,D,0
19.12435,78.66968,355.28,0.38,0.59,2023-03-06,836,N20,VIIRS,n,2,303.52,9.14,D,0
19.12473,78.67335,345.62,0.38,0.59,2023-03-06,836,N20,VIIRS,n,2,301.27,8.87,D,0
19.12479,78.88536,335.35,0.39,0.59,2023-03-06,836,N20,VIIRS,n,2,300.24,4.22,D,0
19.12677,78.66936,367.0,0.38,0.59,2023-03-06,836,N20,VIIRS,h,2,302.43,8.35,D,0
19.12713,78.67304,333.35,0.38,0.59,2023-03-06,836,N20,VIIRS,n,2,300.43,3.23,D,0
19.17085,79.24236,330.95,0.41,0.61,2023-03-06,836,N20,VIIRS,l,2,304.8,1.36,D,0
19.18539,79.2164,333.13,0.41,0.61,2023-03-06,836,N20,VIIRS,n,2,304.18,2.21,D,0
19.18579,79.22064,336.6,0.41,0.61,2023-03-06,836,N20,VIIRS,n,2,303.87,2.21,D,0
19.18723,79.21992,345.76,0.41,0.61,2023-03-06,836,N20,VIIRS,n,2,304.85,4.96,D,0
19.21219,79.99857,338.77,0.47,0.64,2023-03-06,836,N20,VIIRS,n,2,301.89,5.72,D,0
19.21263,80.00309,341.09,0.47,0.64,2023-03-06,836,N20,VIIRS,n,2,301.64,4.08,D,0
19.25626,79.84343,331.75,0.45,0.63,2023-03-06,836,N20,VIIRS,n,2,301.75,3.13,D,0
19.16919,77.0997,332.69,0.6,0.53,2023-03-06,837,N20,VIIRS,l,2,303.11,4.54,D,0
19.17054,77.0954,338.41,0.6,0.53,2023-03-06,837,N20,VIIRS,n,2,303.35,2.13,D,0
19.24952,78.672,367.0,0.38,0.59,2023-03-06,837,N20,VIIRS,h,2,304.34,7.07,D,0
19.24987,78.67554,338.27,0.38,0.59,2023-03-06,837,N20,VIIRS,n,2,300.37,7.07,D,0
19.26264,77.50777,338.02,0.32,0.54,2023-03-06,837,N20,VIIRS,n,2,301.23,2.6,D,0
19.27279,78.5773,340.81,0.38,0.58,2023-03-06,837,N20,VIIRS,n,2,300.36,3.66,D,0
19.28757,78.83349,331.2,0.39,0.59,2023-03-06,837,N20,VIIRS,n,2,301.89,2.16,D,0
19.29623,78.75462,332.1,0.39,0.59,2023-03-06,837,N20,VIIRS,n,2,304.13,1.69,D,0
19.29663,79.03838,346.08,0.4,0.6,2023-03-06,837,N20,VIIRS,n,2,306.44,3.92,D,0
19.30402,78.83187,338.46,0.39,0.59,2023-03-06,837,N20,VIIRS,n,2,302.58,3.62,D,0
19.30524,78.5229,330.06,0.37,0.58,2023-03-06,837,N20,VIIRS,l,2,304.66,3.39,D,0
19.30561,78.52637,338.75,0.37,0.58,2023-03-06,837,N20,VIIRS,n,2,304.23,3.28,D,0
19.3095,78.83131,332.88,0.39,0.59,2023-03-06,837,N20,VIIRS,l,2,304.3,3.62,D,0
19.3427,78.99463,331.04,0.4,0.6,2023-03-06,837,N20,VIIRS,l,2,303.44,0.8,D,0
19.35405,78.83368,337.7,0.39,0.59,2023-03-06,837,N20,VIIRS,n,2,304.67,3.12,D,0
19.35507,78.83379,333.76,0.39,0.59,2023-03-06,837,N20,VIIRS,l,2,305.19,3.11,D,0
19.36213,79.02393,346.4,0.4,0.6,2023-03-06,837,N20,VIIRS,n,2,305.33,5.59,D,0
19.36241,79.02323,354.22,0.4,0.6,2023-03-06,837,N20,VIIRS,n,2,306.04,6.34,D,0
19.36597,79.05818,330.24,0.41,0.6,2023-03-06,837,N20,VIIRS,l,2,305.16,1.58,D,0
19.37682,77.6773,330.4,0.33,0.55,2023-03-06,837,N20,VIIRS,l,2,303.69,1.42,D,0
19.39727,79.3371,339.13,0.42,0.61,2023-03-06,837,N20,VIIRS,n,2,307.55,3.29,D,0
19.39867,79.4975,348.21,0.43,0.62,2023-03-06,837,N20,VIIRS,n,2,304.66,5.94,D,0
19.3998,79.33589,338.35,0.42,0.61,2023-03-06,837,N20,VIIRS,n,2,307.85,2.39,D,0
19.52915,78.68572,344.08,0.38,0.59,2023-03-06,837,N20,VIIRS,n,2,307.06,3.64,D,0
19.58642,81.08031,330.66,0.55,0.68,2023-03-06,837,N20,VIIRS,n,2,300.29,3.64,D,0
19.6018,79.19888,331.0,0.42,0.61,2023-03-06,837,N20,VIIRS,l,2,305.64,0.96,D,0
19.63081,78.74849,331.35,0.39,0.59,2023-03-06,837,N20,VIIRS,l,2,304.74,2.93,D,0
19.66147,79.05466,332.13,0.41,0.6,2023-03-06,837,N20,VIIRS,l,2,303.73,1.07,D,0
19.66517,78.75991,340.42,0.39,0.59,2023-03-06,837,N20,VIIRS,n,2,305.23,3.37,D,0
19.66597,78.75911,333.66,0.39,0.59,2023-03-06,837,N20,VIIRS,l,2,304.85,2.27,D,0
19.67624,79.03333,330.92,0.41,0.6,2023-03-06,837,N20,VIIRS,l,2,304.2,2.28,D,0
19.7506,78.50719,337.17,0.38,0.58,2023-03-06,837,N20,VIIRS,l,2,309.24,3.01,D,0
19.78581,78.45012,345.95,0.37,0.58,2023-03-06,837,N20,VIIRS,n,2,308.47,3.46,D,0
19.81933,78.67627,339.04,0.39,0.59,2023-03-06,837,N20,VIIRS,n,2,308.18,2.09,D,0
19.85021,80.65018,332.56,0.52,0.67,2023-03-06,837,N20,VIIRS,n,2,304.19,3.99,D,0
19.86118,80.64037,331.37,0.52,0.67,2023-03-06,837,N20,VIIRS,n,2,305.07,2.97,D,0
19.87317,78.99385,341.74,0.41,0.6,2023-03-06,837,N20,VIIRS,n,2,307.33,2.84,D,0
19.91573,77.25403,340.26,0.63,0.54,2023-03-06,837,N20,VIIRS,n,2,304.37,6.18,D,0
17.72635,81.28201,302.64,0.48,0.65,2023-03-06,1926,N20,VIIRS,n,2,291.23,0.78,N,0
18.37457,80.20733,305.96,0.57,0.69,2023-03-06,1926,N20,VIIRS,n,2,290.62,2.08,N,0
18.41785,80.74039,305.28,0.53,0.67,2023-03-06,1926,N20,VIIRS,n,2,291.27,1.43,N,0
18.6674,80.52626,311.27,0.55,0.68,2023-03-06,1926,N20,VIIRS,n,2,289.68,1.6,N,0
18.72242,79.53765,302.39,0.64,0.72,2023-03-06,1926,N20,VIIRS,n,2,291.61,1.27,N,2
18.72564,79.53616,304.96,0.64,0.72,2023-03-06,1926,N20,VIIRS,n,2,291.47,1.83,N,2
18.73634,79.53284,301.91,0.64,0.72,2023-03-06,1926,N20,VIIRS,n,2,290.75,1.49,N,0
18.97121,80.1459,302.63,0.59,0.7,2023-03-06,1926,N20,VIIRS,n,2,290.86,1.65,N,0
19.08865,80.30815,303.52,0.58,0.69,2023-03-06,1926,N20,VIIRS,n,2,291.28,0.9,N,0
19.12896,79.27291,302.63,0.68,0.74,2023-03-06,1926,N20,VIIRS,n,2,290.66,2.28,N,0
19.25963,80.07745,304.97,0.6,0.71,2023-03-06,1926,N20,VIIRS,n,2,291.38,2.09,N,0
19.25973,80.07851,303.07,0.6,0.71,2023-03-06,1926,N20,VIIRS,n,2,291.08,1.78,N,0
19.26711,78.74865,304.0,0.73,0.76,2023-03-06,1926,N20,VIIRS,n,2,289.65,1.42,N,0
19.89489,80.77862,300.65,0.55,0.68,2023-03-06,1926,N20,VIIRS,n,2,290.31,0.91,N,0
19.96486,79.08958,303.33,0.71,0.75,2023-03-06,1926,N20,VIIRS,n,2,288.58,1.09,N,0
19.96629,79.33324,309.91,0.68,0.74,2023-03-06,1926,N20,VIIRS,n,2,289.38,1.6,N,2
19.96724,79.33483,302.94,0.68,0.74,2023-03-06,1926,N20,VIIRS,n,2,289.33,2.18,N,2
15.5049,78.86678,313.56,0.65,0.73,2023-03-06,1927,N20,VIIRS,n,2,291.64,4.59,N,0
15.50536,78.86191,310.92,0.65,0.73,2023-03-06,1927,N20,VIIRS,n,2,291.28,2.06,N,0
15.50604,78.8548,300.04,0.66,0.73,2023-03-06,1927,N20,VIIRS,n,2,288.63,2.06,N,0
15.50891,78.86711,308.6,0.65,0.73,2023-03-06,1927,N20,VIIRS,n,2,291.98,3.01,N,0
15.50937,78.86256,309.86,0.65,0.73,2023-03-06,1927,N20,VIIRS,n,2,291.34,3.01,N,0
15.53088,78.80885,298.29,0.66,0.73,2023-03-06,1927,N20,VIIRS,n,2,287.64,0.37,N,0
15.55007,78.73183,304.04,0.67,0.73,2023-03-06,1927,N20,VIIRS,n,2,289.92,1.23,N,0
15.55192,78.73215,305.35,0.67,0.73,2023-03-06,1927,N20,VIIRS,n,2,290.72,1.45,N,0
15.56439,78.81551,311.53,0.66,0.73,2023-03-06,1927,N20,VIIRS,n,2,290.29,3.16,N,0
15.57353,78.72185,308.44,0.67,0.74,2023-03-06,1927,N20,VIIRS,n,2,292.13,2.41,N,0
15.58649,78.72979,304.91,0.67,0.74,2023-03-06,1927,N20,VIIRS,n,2,291.24,1.98,N,0
15.60483,78.75248,304.17,0.67,0.73,2023-03-06,1927,N20,VIIRS,n,2,290.21,2.09,N,0
15.60684,78.7543,304.07,0.67,0.73,2023-03-06,1927,N20,VIIRS,n,2,290.18,1.39,N,0
15.63154,78.75962,298.7,0.67,0.73,2023-03-06,1927,N20,VIIRS,n,2,288.39,0.62,N,0
15.63319,78.83752,300.69,0.66,0.73,2023-03-06,1927,N20,VIIRS,n,2,289.9,1.67,N,0
15.63367,78.8325,300.44,0.66,0.73,2023-03-06,1927,N20,VIIRS,n,2,289.0,1.67,N,0
15.63502,78.81838,304.22,0.66,0.73,2023-03-06,1927,N20,VIIRS,n,2,286.74,2.48,N,0
15.63736,78.83704,304.93,0.66,0.73,2023-03-06,1927,N20,VIIRS,n,2,289.98,3.86,N,0
15.63788,78.83186,308.11,0.66,0.73,2023-03-06,1927,N20,VIIRS,n,2,288.69,3.03,N,0
15.6386,78.82483,311.72,0.66,0.73,2023-03-06,1927,N20,VIIRS,n,2,289.26,3.03,N,0
15.63939,78.81715,306.14,0.66,0.73,2023-03-06,1927,N20,VIIRS,n,2,287.6,3.9,N,0
15.64039,78.83371,306.68,0.66,0.73,2023-03-06,1927,N20,VIIRS,n,2,289.05,1.67,N,0
15.64097,78.82756,310.06,0.66,0.73,2023-03-06,1927,N20,VIIRS,n,2,289.46,2.48,N,0
15.64743,78.80542,304.05,0.66,0.73,2023-03-06,1927,N20,VIIRS,n,2,286.88,1.39,N,0
15.64972,78.80756,307.0,0.66,0.73,2023-03-06,1927,N20,VIIRS,n,2,288.23,1.96,N,0
15.73047,78.75288,306.01,0.67,0.74,2023-03-06,1927,N20,VIIRS,n,2,291.7,1.72,N,0
15.73199,78.75601,303.27,0.67,0.74,2023-03-06,1927,N20,VIIRS,n,2,291.17,0.99,N,0
15.73542,79.14482,310.47,0.63,0.72,2023-03-06,1927,N20,VIIRS,n,2,290.05,1.94,N,0
15.74538,78.80895,306.61,0.66,0.73,2023-03-06,1927,N20,VIIRS,n,2,290.92,2.28,N,0
15.74586,78.8042,305.71,0.66,0.73,2023-03-06,1927,N20,VIIRS,n,2,290.89,2.28,N,0
15.74726,78.81186,304.02,0.66,0.73,2023-03-06,1927,N20,VIIRS,n,2,291.3,1.77,N,0
15.74771,78.8072,306.75,0.66,0.73,2023-03-06,1927,N20,VIIRS,n,2,291.29,1.77,N,0
15.7482,78.80206,306.41,0.66,0.73,2023-03-06,1927,N20,VIIRS,n,2,290.79,2.48,N,0
15.74902,79.14312,302.03,0.63,0.72,2023-03-06,1927,N20,VIIRS,n,2,290.86,2.31,N,0
15.78101,78.88677,302.56,0.66,0.73,2023-03-06,1927,N20,VIIRS,n,2,290.32,1.85,N,0
16.0141,78.71812,315.68,0.68,0.74,2023-03-06,1927,N20,VIIRS,n,2,291.38,3.26,N,0
16.01466,78.71239,302.02,0.68,0.74,2023-03-06,1927,N20,VIIRS,n,2,290.87,1.44,N,0
16.01522,78.70657,301.13,0.68,0.74,2023-03-06,1927,N20,VIIRS,n,2,290.35,1.44,N,0
16.01593,78.69916,302.81,0.68,0.74,2023-03-06,1927,N20,VIIRS,n,2,290.77,1.59,N,0
16.07395,78.83067,319.15,0.67,0.73,2023-03-06,1927,N20,VIIRS,n,2,292.08,3.59,N,0
16.08745,78.83295,305.24,0.67,0.73,2023-03-06,1927,N20,VIIRS,n,2,290.85,1.9,N,0
16.09428,78.83321,306.49,0.67,0.73,2023-03-06,1927,N20,VIIRS,n,2,291.58,2.57,N,0
16.10173,78.82713,318.91,0.67,0.73,2023-03-06,1927,N20,VIIRS,n,2,290.96,2.57,N,0
16.1303,79.12727,313.02,0.64,0.72,2023-03-06,1927,N20,VIIRS,n,2,290.83,1.95,N,0
16.13334,79.12721,303.01,0.64,0.72,2023-03-06,1927,N20,VIIRS,n,2,290.42,0.97,N,0
16.87382,80.01913,302.73,0.57,0.69,2023-03-06,1927,N20,VIIRS,n,2,290.83,0.82,N,2
17.09919,80.96544,307.2,0.49,0.65,2023-03-06,1927,N20,VIIRS,n,2,288.46,1.12,N,0
17.10339,80.96519,309.33,0.49,0.65,2023-03-06,1927,N20,VIIRS,n,2,288.8,1.51,N,0
17.41947,80.42156,313.16,0.54,0.68,2023-03-06,1927,N20,VIIRS,n,2,291.74,3.08,N,0
17.43243,80.35393,316.31,0.55,0.68,2023-03-06,1927,N20,VIIRS,n,2,291.61,2.69,N,0
17.43295,80.34865,315.74,0.55,0.68,2023-03-06,1927,N20,VIIRS,n,2,290.36,2.69,N,0
19.26588,78.74712,307.02,0.47,0.64,2023-03-06,2106,N20,VIIRS,n,2,290.2,1.35,N,0
19.26974,78.75703,300.74,0.47,0.64,2023-03-06,2106,N20,VIIRS,n,2,289.72,0.64,N,0
19.27168,78.74842,301.05,0.47,0.64,2023-03-06,2106,N20,VIIRS,n,2,290.55,1.35,N,0
19.57634,77.52186,302.18,0.39,0.59,2023-03-06,2106,N20,VIIRS,n,2,287.44,0.47,N,0
19.72687,79.17458,300.66,0.49,0.65,2023-03-06,2106,N20,VIIRS,n,2,288.36,0.72,N,0
19.78868,79.14748,304.43,0.49,0.65,2023-03-06,2106,N20,VIIRS,n,2,289.77,0.74,N,2
15.60646,78.75488,302.06,0.56,0.69,2023-03-06,2107,N20,VIIRS,n,2,289.99,1.39,N,0
15.60756,78.74982,302.08,0.56,0.69,2023-03-06,2107,N20,VIIRS,n,2,290.06,1.39,N,0
15.6086,78.745,310.07,0.56,0.69,2023-03-06,2107,N20,VIIRS,n,2,289.45,1.39,N,0
15.62542,78.84839,304.52,0.57,0.69,2023-03-06,2107,N20,VIIRS,n,2,290.11,1.74,N,0
15.62647,78.84353,305.19,0.57,0.69,2023-03-06,2107,N20,VIIRS,n,2,288.52,2.5,N,0
15.62745,78.85688,308.26,0.57,0.69,2023-03-06,2107,N20,VIIRS,n,2,288.9,1.23,N,0
15.62875,78.851,301.35,0.57,0.69,2023-03-06,2107,N20,VIIRS,n,2,290.02,1.63,N,0
15.62924,78.86105,306.55,0.57,0.69,2023-03-06,2107,N20,VIIRS,n,2,289.48,0.96,N,0
15.62973,78.84661,309.27,0.57,0.69,2023-03-06,2107,N20,VIIRS,n,2,290.13,1.63,N,0
15.6302,78.8261,303.1,0.57,0.69,2023-03-06,2107,N20,VIIRS,n,2,288.78,1.52,N,0
15.63086,78.76234,300.2,0.56,0.69,2023-03-06,2107,N20,VIIRS,n,2,287.25,0.67,N,0
15.63174,78.84938,300.47,0.57,0.69,2023-03-06,2107,N20,VIIRS,n,2,289.73,1.74,N,0
15.63454,78.82486,318.91,0.57,0.69,2023-03-06,2107,N20,VIIRS,n,2,290.59,2.67,N,0
15.63541,78.83222,298.43,0.57,0.69,2023-03-06,2107,N20,VIIRS,n,2,288.01,1.52,N,0
15.63549,78.82058,300.73,0.57,0.69,2023-03-06,2107,N20,VIIRS,n,2,286.7,2.94,N,0
15.63652,78.82704,303.67,0.57,0.69,2023-03-06,2107,N20,VIIRS,n,2,289.48,1.52,N,0
15.63742,78.82285,317.08,0.57,0.69,2023-03-06,2107,N20,VIIRS,n,2,288.7,3.9,N,0
15.63985,78.83041,304.86,0.57,0.69,2023-03-06,2107,N20,VIIRS,n,2,288.97,2.67,N,0
15.65129,78.80811,304.56,0.56,0.69,2023-03-06,2107,N20,VIIRS,n,2,287.74,1.11,N,0
15.65533,78.81941,296.22,0.57,0.69,2023-03-06,2107,N20,VIIRS,n,2,285.26,0.91,N,0
15.72767,78.75618,301.75,0.56,0.69,2023-03-06,2107,N20,VIIRS,n,2,289.85,1.95,N,0
15.78595,78.89594,316.02,0.57,0.69,2023-03-06,2107,N20,VIIRS,n,2,290.46,2.22,N,0
15.91532,77.3613,298.06,0.45,0.63,2023-03-06,2107,N20,VIIRS,n,2,287.37,0.88,N,2
16.09867,78.83491,312.78,0.55,0.68,2023-03-06,2107,N20,VIIRS,n,2,290.82,2.21,N,0
16.12798,79.13245,308.36,0.58,0.7,2023-03-06,2107,N20,VIIRS,n,2,291.16,1.17,N,0
16.12833,78.69993,299.58,0.54,0.68,2023-03-06,2107,N20,VIIRS,n,2,288.1,1.03,N,0
16.13193,79.13223,321.49,0.58,0.7,2023-03-06,2107,N20,VIIRS,n,2,290.84,1.9,N,0
16.13417,79.13425,323.48,0.58,0.7,2023-03-06,2107,N20,VIIRS,n,2,291.32,3.07,N,0
16.13812,79.13406,305.9,0.58,0.7,2023-03-06,2107,N20,VIIRS,n,2,290.55,1.9,N,0
16.78007,80.54499,303.0,0.7,0.75,2023-03-06,2107,N20,VIIRS,n,2,290.01,1.69,N,0
16.87583,80.02119,299.7,0.64,0.72,2023-03-06,2107,N20,VIIRS,n,2,289.43,1.17,N,2
17.182,78.18442,301.62,0.48,0.65,2023-03-06,2107,N20,VIIRS,n,2,288.46,1.28,N,0
17.18297,78.18659,306.53,0.48,0.65,2023-03-06,2107,N20,VIIRS,n,2,289.01,1.15,N,0
17.4224,80.42154,306.49,0.66,0.73,2023-03-06,2107,N20,VIIRS,n,2,290.4,2.37,N,0
17.46893,80.43069,303.15,0.66,0.73,2023-03-06,2107,N20,VIIRS,n,2,289.6,1.85,N,0
17.50286,77.04803,301.32,0.4,0.6,2023-03-06,2107,N20,VIIRS,n,2,287.72,0.72,N,0
17.62265,80.10633,305.8,0.62,0.72,2023-03-06,2107,N20,VIIRS,n,2,289.61,2.31,N,0
17.62337,80.10547,302.34,0.63,0.72,2023-03-06,2107,N20,VIIRS,n,2,289.47,2.51,N,0
18.01659,77.19466,305.38,0.4,0.6,2023-03-06,2107,N20,VIIRS,n,2,287.0,0.55,N,0
18.083,77.47603,304.83,0.41,0.61,2023-03-06,2107,N20,VIIRS,n,2,287.4,1.07,N,0
18.08381,77.4722,302.7,0.41,0.61,2023-03-06,2107,N20,VIIRS,n,2,286.9,1.07,N,0
18.56815,78.34373,301.32,0.46,0.64,2023-03-06,2107,N20,VIIRS,n,2,291.01,0.66,N,0
18.569,78.34337,301.24,0.46,0.63,2023-03-06,2107,N20,VIIRS,n,2,290.76,0.7,N,0
18.72174,79.53352,309.97,0.54,0.68,2023-03-06,2107,N20,VIIRS,n,2,292.28,1.9,N,2
18.72196,79.53542,306.98,0.54,0.68,2023-03-06,2107,N20,VIIRS,n,2,292.46,1.54,N,2
18.73513,79.5314,306.72,0.54,0.68,2023-03-06,2107,N20,VIIRS,n,2,291.62,2.2,N,0
18.73642,79.5284,306.33,0.54,0.68,2023-03-06,2107,N20,VIIRS,n,2,290.83,2.31,N,0
19.09439,79.13478,301.7,0.5,0.66,2023-03-06,2107,N20,VIIRS,n,2,291.59,1.61,N,0
19.13774,78.53407,302.32,0.46,0.64,2023-03-06,2107,N20,VIIRS,n,2,290.77,1.03,N,0
19.1517,78.21724,305.18,0.44,0.62,2023-03-06,2107,N20,VIIRS,n,2,287.42,0.58,N,0
19.21712,78.75103,301.16,0.47,0.64,2023-03-06,2107,N20,VIIRS,n,2,289.27,0.66,N,0
19.22385,78.72055,308.37,0.47,0.64,2023-03-06,2107,N20,VIIRS,n,2,290.52,1.26,N,0
19.24328,78.77066,303.28,0.47,0.64,2023-03-06,2107,N20,VIIRS,n,2,289.81,0.61,N,0
19.24819,78.77608,304.46,0.47,0.64,2023-03-06,2107,N20,VIIRS,n,2,290.77,1.28,N,0
15.50841,78.88802,340.2,0.53,0.42,2023-03-07,817,N20,VIIRS,n,2,304.54,11.59,D,0
15.50905,78.89294,337.23,0.53,0.42,2023-03-07,817,N20,VIIRS,n,2,303.69,8.16,D,0
15.51005,78.89085,354.39,0.53,0.42,2023-03-07,817,N20,VIIRS,n,2,305.78,7.32,D,0
15.51072,78.89574,332.89,0.53,0.42,2023-03-07,817,N20,VIIRS,l,2,303.68,7.32,D,0
15.51288,78.89243,355.83,0.53,0.42,2023-03-07,817,N20,VIIRS,n,2,307.37,8.16,D,0
15.51325,79.0009,339.5,0.53,0.42,2023-03-07,817,N20,VIIRS,l,2,312.56,4.55,D,0
15.51351,78.89731,339.48,0.53,0.42,2023-03-07,817,N20,VIIRS,n,2,304.38,8.16,D,0
15.51388,78.89034,335.59,0.53,0.42,2023-03-07,817,N20,VIIRS,n,2,305.02,7.32,D,0
15.51455,78.89524,354.87,0.53,0.42,2023-03-07,817,N20,VIIRS,n,2,307.24,7.32,D,0
15.51671,78.89191,334.24,0.53,0.42,2023-03-07,817,N20,VIIRS,n,2,303.09,4.53,D,0
15.52118,78.8963,338.73,0.53,0.42,2023-03-07,817,N20,VIIRS,n,2,300.95,4.53,D,0
15.52287,78.89909,341.04,0.53,0.42,2023-03-07,817,N20,VIIRS,n,2,303.21,6.8,D,0
15.5454,79.29947,338.84,0.55,0.43,2023-03-07,817,N20,VIIRS,n,2,296.17,4.65,D,0
15.54613,79.30495,336.2,0.56,0.43,2023-03-07,817,N20,VIIRS,n,2,299.53,7.06,D,0
15.55005,79.30437,332.68,0.56,0.43,2023-03-07,817,N20,VIIRS,n,2,297.53,4.75,D,0
15.55767,78.73209,334.04,0.52,0.41,2023-03-07,817,N20,VIIRS,l,2,307.0,2.88,D,0
15.56143,78.73131,339.58,0.52,0.41,2023-03-07,817,N20,VIIRS,n,2,306.48,2.88,D,0
15.57649,78.72842,330.86,0.52,0.41,2023-03-07,817,N20,VIIRS,l,2,304.23,4.17,D,0
15.57716,78.73338,334.49,0.52,0.41,2023-03-07,817,N20,VIIRS,n,2,302.74,3.29,D,0
15.59922,78.7555,334.4,0.52,0.41,2023-03-07,817,N20,VIIRS,n,2,292.27,6.2,D,0
15.59997,78.75893,336.97,0.52,0.41,2023-03-07,817,N20,VIIRS,n,2,295.18,7.02,D,0
15.60809,78.76421,330.62,0.52,0.41,2023-03-07,817,N20,VIIRS,n,2,289.25,3.31,D,0
15.62342,78.84525,332.99,0.52,0.42,2023-03-07,817,N20,VIIRS,n,2,298.95,4.54,D,0
15.62397,78.85639,334.39,0.53,0.42,2023-03-07,817,N20,VIIRS,l,2,304.5,2.79,D,0
15.62467,78.85441,333.76,0.52,0.42,2023-03-07,817,N20,VIIRS,l,2,304.34,3.33,D,0
15.62542,78.85985,331.43,0.52,0.42,2023-03-07,817,N20,VIIRS,n,2,304.65,3.33,D,0
15.62775,78.82568,350.79,0.52,0.42,2023-03-07,817,N20,VIIRS,n,2,307.57,5.78,D,0
15.62837,78.83047,336.08,0.52,0.42,2023-03-07,817,N20,VIIRS,n,2,305.78,5.78,D,0
15.62905,78.83569,333.11,0.52,0.42,2023-03-07,817,N20,VIIRS,l,2,306.15,5.77,D,0
15.63034,78.8158,337.62,0.52,0.42,2023-03-07,817,N20,VIIRS,n,2,305.11,60.61,D,0
15.63095,78.8205,354.59,0.52,0.42,2023-03-07,817,N20,VIIRS,n,2,310.76,60.61,D,0
15.63412,78.75606,350.57,0.52,0.41,2023-03-07,817,N20,VIIRS,n,2,305.42,17.24,D,0
15.63727,78.75066,335.67,0.52,0.41,2023-03-07,817,N20,VIIRS,n,2,304.1,11.15,D,0
15.63733,78.80989,340.17,0.52,0.42,2023-03-07,817,N20,VIIRS,n,2,306.35,5.82,D,0
15.64366,78.79902,352.73,0.52,0.42,2023-03-07,817,N20,VIIRS,n,2,306.2,10.29,D,0
15.64431,78.8039,352.26,0.52,0.42,2023-03-07,817,N20,VIIRS,n,2,309.34,9.07,D,0
15.64495,78.80877,335.2,0.52,0.42,2023-03-07,817,N20,VIIRS,l,2,307.79,9.07,D,0
15.64747,78.79846,344.33,0.52,0.42,2023-03-07,817,N20,VIIRS,n,2,307.21,10.29,D,0
15.64811,78.80331,351.19,0.52,0.42,2023-03-07,817,N20,VIIRS,n,2,311.52,9.07,D,0
15.65127,78.79787,347.33,0.52,0.42,2023-03-07,817,N20,VIIRS,n,2,309.21,14.52,D,0
15.65191,78.8027,340.5,0.52,0.42,2023-03-07,817,N20,VIIRS,n,2,307.35,11.51,D,0
15.65447,78.822,337.54,0.52,0.42,2023-03-07,817,N20,VIIRS,n,2,307.35,2.2,D,0
15.65507,78.79728,345.08,0.52,0.42,2023-03-07,817,N20,VIIRS,n,2,306.37,14.52,D,0
15.65571,78.80209,349.35,0.52,0.42,2023-03-07,817,N20,VIIRS,n,2,309.86,11.51,D,0
15.65951,78.80146,349.02,0.52,0.42,2023-03-07,817,N20,VIIRS,n,2,306.38,5.36,D,0
15.66015,78.80624,333.93,0.52,0.42,2023-03-07,817,N20,VIIRS,l,2,304.78,5.36,D,0
15.69992,78.84183,338.62,0.52,0.42,2023-03-07,817,N20,VIIRS,n,2,306.91,5.22,D,0
15.70065,78.84721,334.75,0.53,0.42,2023-03-07,817,N20,VIIRS,l,2,306.32,3.81,D,0
15.703,78.83581,336.78,0.52,0.42,2023-03-07,817,N20,VIIRS,n,2,305.74,14.97,D,0
15.70614,78.83025,342.33,0.52,0.42,2023-03-07,817,N20,VIIRS,n,2,303.53,6.74,D,0
15.70684,78.83541,356.1,0.52,0.42,2023-03-07,817,N20,VIIRS,n,2,311.08,14.97,D,0
15.71,78.83002,340.41,0.52,0.42,2023-03-07,817,N20,VIIRS,n,2,303.92,6.16,D,0
15.71093,78.26711,342.17,0.49,0.4,2023-03-07,817,N20,VIIRS,n,2,309.81,4.37,D,0
15.72126,78.74584,341.35,0.52,0.41,2023-03-07,817,N20,VIIRS,n,2,298.65,9.69,D,0
15.72694,78.75968,336.74,0.52,0.42,2023-03-07,817,N20,VIIRS,n,2,304.15,12.56,D,0
15.72759,78.76463,349.23,0.52,0.42,2023-03-07,817,N20,VIIRS,n,2,303.46,10.76,D,0
15.7293,79.06046,348.92,0.54,0.42,2023-03-07,817,N20,VIIRS,n,2,309.11,9.56,D,0
15.73385,79.06493,351.69,0.54,0.42,2023-03-07,817,N20,VIIRS,n,2,309.63,7.12,D,0
15.73475,78.81951,341.55,0.52,0.42,2023-03-07,817,N20,VIIRS,n,2,305.59,3.88,D,0
15.73527,78.79373,330.04,0.52,0.42,2023-03-07,817,N20,VIIRS,l,2,304.99,4.7,D,0
15.74036,78.80289,335.61,0.52,0.42,2023-03-07,817,N20,VIIRS,l,2,306.66,8.13,D,0
15.74172,78.81326,351.1,0.52,0.42,2023-03-07,817,N20,VIIRS,n,2,305.3,16.07,D,0
15.77225,78.89729,331.21,0.53,0.42,2023-03-07,817,N20,VIIRS,l,2,305.79,3.87,D,0
15.78925,78.9966,334.75,0.54,0.42,2023-03-07,817,N20,VIIRS,l,2,306.27,2.68,D,0
15.78987,79.0013,335.07,0.54,0.42,2023-03-07,817,N20,VIIRS,l,2,306.91,2.68,D,0
15.80387,78.66988,331.2,0.52,0.41,2023-03-07,817,N20,VIIRS,l,2,305.02,4.93,D,0
15.8043,78.67245,338.61,0.52,0.41,2023-03-07,817,N20,VIIRS,n,2,306.08,4.22,D,0
15.82336,78.84135,331.68,0.53,0.42,2023-03-07,817,N20,VIIRS,l,2,304.13,1.67,D,0
15.82637,78.84364,332.42,0.53,0.42,2023-03-07,817,N20,VIIRS,l,2,305.21,1.5,D,0
15.83196,78.87586,341.69,0.53,0.42,2023-03-07,817,N20,VIIRS,n,2,307.91,5.55,D,0
15.83341,78.86799,344.62,0.53,0.42,2023-03-07,817,N20,VIIRS,n,2,307.3,7.79,D,0
15.83443,78.86532,346.81,0.53,0.42,2023-03-07,817,N20,VIIRS,n,2,307.93,5.43,D,0
15.83471,78.87808,347.55,0.53,0.42,2023-03-07,817,N20,VIIRS,n,2,306.83,9.11,D,0
15.83513,78.87039,333.46,0.53,0.42,2023-03-07,817,N20,VIIRS,l,2,307.66,5.55,D,0
15.83648,78.88038,338.26,0.53,0.42,2023-03-07,817,N20,VIIRS,n,2,305.49,3.4,D,0
15.83727,78.86758,345.39,0.53,0.42,2023-03-07,817,N20,VIIRS,n,2,309.06,5.89,D,0
15.84002,78.96451,335.5,0.54,0.42,2023-03-07,817,N20,VIIRS,n,2,305.29,1.86,D,0
15.84162,79.09383,340.07,0.54,0.42,2023-03-07,817,N20,VIIRS,n,2,309.64,7.18,D,0
15.84225,78.96709,340.89,0.54,0.42,2023-03-07,817,N20,VIIRS,n,2,307.31,6.07,D,0
15.84673,79.49979,345.87,0.38,0.43,2023-03-07,817,N20,VIIRS,n,2,311.79,5.73,D,0
15.84719,79.50336,352.7,0.38,0.43,2023-03-07,817,N20,VIIRS,n,2,315.34,5.73,D,0
15.85118,79.5028,353.66,0.38,0.43,2023-03-07,817,N20,VIIRS,n,2,314.38,5.48,D,0
15.86911,79.21027,337.5,0.55,0.43,2023-03-07,817,N20,VIIRS,n,2,310.79,2.5,D,0
15.89197,78.98656,335.8,0.54,0.42,2023-03-07,817,N20,VIIRS,l,2,308.93,4.09,D,0
15.92315,79.34956,335.64,0.56,0.43,2023-03-07,817,N20,VIIRS,l,2,308.5,9.59,D,0
15.93622,78.8767,331.8,0.53,0.42,2023-03-07,817,N20,VIIRS,l,2,304.71,8.71,D,0
15.93689,78.8817,350.24,0.53,0.42,2023-03-07,817,N20,VIIRS,n,2,305.79,8.71,D,0
15.95985,78.83119,333.56,0.53,0.42,2023-03-07,817,N20,VIIRS,n,2,304.17,2.09,D,0
15.96481,79.17796,335.75,0.55,0.43,2023-03-07,817,N20,VIIRS,l,2,308.98,4.42,D,0
15.96865,79.1769,338.57,0.55,0.43,2023-03-07,817,N20,VIIRS,n,2,307.63,4.42,D,0
15.97118,79.16601,346.89,0.55,0.43,2023-03-07,817,N20,VIIRS,n,2,309.28,4.85,D,0
15.98158,78.84801,330.44,0.53,0.42,2023-03-07,817,N20,VIIRS,l,2,304.47,7.51,D,0
15.98345,78.83256,333.66,0.53,0.42,2023-03-07,817,N20,VIIRS,l,2,305.5,2.25,D,0
15.9854,78.84733,344.0,0.53,0.42,2023-03-07,817,N20,VIIRS,n,2,306.99,7.51,D,0
15.98604,78.85219,337.72,0.53,0.42,2023-03-07,817,N20,VIIRS,n,2,304.76,4.29,D,0
15.98623,78.56306,353.11,0.51,0.41,2023-03-07,817,N20,VIIRS,n,2,315.2,8.11,D,0
15.98988,78.85162,345.56,0.53,0.42,2023-03-07,817,N20,VIIRS,n,2,306.23,11.57,D,0
15.98999,78.56247,337.24,0.51,0.41,2023-03-07,817,N20,VIIRS,l,2,309.33,2.71,D,0
15.99153,78.68847,336.86,0.52,0.41,2023-03-07,817,N20,VIIRS,n,2,309.0,4.82,D,0
15.99217,78.69329,347.9,0.52,0.41,2023-03-07,817,N20,VIIRS,n,2,309.07,8.0,D,0
15.99668,78.72692,335.62,0.52,0.42,2023-03-07,817,N20,VIIRS,l,2,309.17,5.06,D,0
16.0114,78.72082,336.62,0.52,0.42,2023-03-07,817,N20,VIIRS,l,2,309.73,2.92,D,0
16.01267,79.3021,343.68,0.56,0.43,2023-03-07,817,N20,VIIRS,n,2,311.63,7.03,D,0
16.01323,78.56098,336.11,0.51,0.41,2023-03-07,817,N20,VIIRS,l,2,309.65,2.52,D,0
16.01524,78.72047,336.09,0.52,0.42,2023-03-07,817,N20,VIIRS,l,2,307.82,2.92,D,0
16.01614,77.93534,336.3,0.47,0.4,2023-03-07,817,N20,VIIRS,l,2,311.27,2.69,D,0
16.01924,78.01192,342.88,0.48,0.4,2023-03-07,817,N20,VIIRS,n,2,314.26,4.06,D,0
16.03598,78.99213,331.31,0.54,0.42,2023-03-07,817,N20,VIIRS,l,2,306.12,4.69,D,0
16.03664,78.99712,353.61,0.54,0.42,2023-03-07,817,N20,VIIRS,n,2,309.86,17.23,D,0
16.05083,78.91199,331.31,0.54,0.42,2023-03-07,817,N20,VIIRS,l,2,302.05,6.79,D,0
16.052,78.96449,334.44,0.54,0.42,2023-03-07,817,N20,VIIRS,n,2,304.37,2.07,D,0
16.05311,78.91422,342.33,0.53,0.42,2023-03-07,817,N20,VIIRS,n,2,306.03,13.53,D,0
16.08824,78.95814,341.27,0.54,0.42,2023-03-07,817,N20,VIIRS,n,2,303.11,5.24,D,0
16.08966,78.70119,336.71,0.52,0.42,2023-03-07,817,N20,VIIRS,n,2,306.75,1.51,D,0
16.09287,78.69615,335.31,0.52,0.42,2023-03-07,817,N20,VIIRS,n,2,307.28,3.39,D,0
16.09671,78.69585,342.55,0.52,0.42,2023-03-07,817,N20,VIIRS,n,2,311.09,3.39,D,0
16.10683,78.71351,334.73,0.52,0.42,2023-03-07,817,N20,VIIRS,l,2,308.53,6.46,D,0
16.11063,78.71284,340.17,0.52,0.42,2023-03-07,817,N20,VIIRS,n,2,309.5,4.39,D,0
16.11443,78.71226,336.3,0.52,0.42,2023-03-07,817,N20,VIIRS,n,2,309.77,4.39,D,0
16.1176,78.70692,334.47,0.52,0.42,2023-03-07,817,N20,VIIRS,l,2,307.98,4.54,D,0
16.11873,79.0406,336.34,0.55,0.42,2023-03-07,817,N20,VIIRS,n,2,303.93,4.97,D,0
16.12196,79.03501,335.92,0.54,0.42,2023-03-07,817,N20,VIIRS,n,2,305.46,5.19,D,0
16.1701,78.64055,346.7,0.52,0.41,2023-03-07,817,N20,VIIRS,n,2,307.95,9.55,D,0
16.18654,78.64775,346.58,0.52,0.41,2023-03-07,817,N20,VIIRS,n,2,308.47,9.63,D,0
16.18719,78.65263,347.91,0.52,0.41,2023-03-07,817,N20,VIIRS,n,2,308.69,9.63,D,0
16.18784,78.65754,342.81,0.52,0.42,2023-03-07,817,N20,VIIRS,n,2,305.27,10.22,D,0
16.18873,79.45514,333.33,0.38,0.44,2023-03-07,817,N20,VIIRS,l,2,307.85,2.13,D,0
16.19224,79.45084,347.31,0.38,0.44,2023-03-07,817,N20,VIIRS,n,2,306.98,3.22,D,0
16.2391,79.55943,342.97,0.39,0.44,2023-03-07,817,N20,VIIRS,n,2,309.85,1.22,D,0
16.2645,79.24033,343.93,0.56,0.43,2023-03-07,817,N20,VIIRS,n,2,308.0,4.05,D,0
16.26844,79.23973,333.24,0.56,0.43,2023-03-07,817,N20,VIIRS,l,2,307.77,4.05,D,0
16.31578,77.72919,336.86,0.47,0.4,2023-03-07,817,N20,VIIRS,n,2,303.27,5.85,D,0
16.31639,77.18991,336.51,0.44,0.39,2023-03-07,817,N20,VIIRS,l,2,311.03,2.57,D,0
16.44331,77.78793,337.42,0.47,0.4,2023-03-07,817,N20,VIIRS,l,2,309.71,2.93,D,0
16.44389,77.78886,336.78,0.47,0.4,2023-03-07,817,N20,VIIRS,l,2,308.75,3.03,D,0
16.50561,78.52341,337.13,0.52,0.41,2023-03-07,817,N20,VIIRS,l,2,308.54,4.3,D,0
16.50959,80.01393,333.37,0.42,0.45,2023-03-07,817,N20,VIIRS,n,2,301.45,1.0,D,0
16.58426,79.72695,338.44,0.4,0.45,2023-03-07,817,N20,VIIRS,n,2,305.39,4.28,D,0
16.60392,79.62125,340.13,0.4,0.44,2023-03-07,817,N20,VIIRS,n,2,305.9,2.74,D,0
16.6324,77.28474,341.47,0.45,0.39,2023-03-07,817,N20,VIIRS,l,2,313.84,4.78,D,0
16.6467,79.79627,335.22,0.41,0.45,2023-03-07,817,N20,VIIRS,n,2,303.44,2.69,D,0
16.65252,80.35847,356.31,0.44,0.46,2023-03-07,817,N20,VIIRS,n,2,311.02,11.18,D,0
16.74836,77.20881,335.46,0.45,0.39,2023-03-07,817,N20,VIIRS,l,2,308.12,1.81,D,0
16.87425,80.24224,341.28,0.44,0.46,2023-03-07,817,N20,VIIRS,n,2,305.51,3.12,D,0
16.87454,80.24238,342.11,0.44,0.46,2023-03-07,817,N20,VIIRS,n,2,305.97,3.97,D,0
16.88669,80.3376,338.39,0.44,0.46,2023-03-07,817,N20,VIIRS,n,2,307.36,6.01,D,0
16.88998,80.3371,339.7,0.45,0.47,2023-03-07,817,N20,VIIRS,n,2,307.62,4.52,D,0
16.95203,77.93785,331.07,0.49,0.4,2023-03-07,817,N20,VIIRS,l,2,305.4,3.28,D,0
16.96,77.96915,345.32,0.49,0.4,2023-03-07,817,N20,VIIRS,n,2,306.72,5.72,D,0
17.0445,80.40292,330.96,0.45,0.47,2023-03-07,817,N20,VIIRS,n,2,302.88,2.55,D,0
17.07774,78.38942,337.74,0.52,0.41,2023-03-07,817,N20,VIIRS,n,2,308.41,4.99,D,0
17.09861,78.22617,334.4,0.5,0.41,2023-03-07,817,N20,VIIRS,n,2,305.35,3.26,D,0
17.14059,77.33931,338.88,0.46,0.39,2023-03-07,817,N20,VIIRS,n,2,310.61,8.55,D,0
17.14181,77.33791,342.1,0.46,0.39,2023-03-07,817,N20,VIIRS,n,2,311.37,8.01,D,0
17.1424,77.34216,342.61,0.46,0.39,2023-03-07,817,N20,VIIRS,n,2,310.49,4.93,D,0
17.14417,77.33877,352.84,0.46,0.39,2023-03-07,817,N20,VIIRS,n,2,312.63,8.55,D,0
17.14474,77.34305,349.64,0.46,0.39,2023-03-07,817,N20,VIIRS,n,2,310.28,6.86,D,0
17.14539,77.33736,348.31,0.46,0.39,2023-03-07,817,N20,VIIRS,n,2,313.34,8.01,D,0
17.14599,77.34164,350.93,0.46,0.39,2023-03-07,817,N20,VIIRS,n,2,310.39,4.93,D,0
17.14658,77.34592,335.95,0.46,0.39,2023-03-07,817,N20,VIIRS,l,2,308.66,4.93,D,0
17.14775,77.33825,353.18,0.46,0.39,2023-03-07,817,N20,VIIRS,n,2,310.76,7.28,D,0
17.14833,77.34254,339.66,0.46,0.39,2023-03-07,817,N20,VIIRS,l,2,310.97,5.99,D,0
17.18045,78.47026,331.34,0.52,0.42,2023-03-07,817,N20,VIIRS,l,2,305.56,2.72,D,0
17.19773,81.08824,340.17,0.5,0.49,2023-03-07,817,N20,VIIRS,n,2,301.56,6.49,D,0
17.20004,81.08583,349.8,0.5,0.49,2023-03-07,817,N20,VIIRS,n,2,303.33,15.31,D,0
17.20223,81.0876,338.69,0.5,0.49,2023-03-07,817,N20,VIIRS,n,2,301.06,3.78,D,0
17.20614,78.74456,335.12,0.54,0.42,2023-03-07,817,N20,VIIRS,n,2,303.71,4.15,D,0
17.24471,78.19693,335.2,0.5,0.41,2023-03-07,817,N20,VIIRS,n,2,304.67,2.28,D,0
17.24775,77.9791,334.41,0.49,0.4,2023-03-07,817,N20,VIIRS,n,2,308.89,1.73,D,0
17.26611,77.66813,337.89,0.48,0.4,2023-03-07,817,N20,VIIRS,n,2,309.82,3.07,D,0
17.27081,80.00851,333.58,0.43,0.46,2023-03-07,817,N20,VIIRS,n,2,305.25,3.24,D,0
17.28008,77.74337,336.47,0.48,0.4,2023-03-07,817,N20,VIIRS,n,2,308.08,1.68,D,0
17.36225,80.22261,341.59,0.44,0.46,2023-03-07,817,N20,VIIRS,n,2,303.98,3.82,D,0
17.37627,77.29359,336.04,0.46,0.39,2023-03-07,817,N20,VIIRS,l,2,310.86,1.95,D,0
17.3785,80.82999,335.38,0.49,0.48,2023-03-07,817,N20,VIIRS,n,2,304.03,3.87,D,0
17.39303,80.29555,338.92,0.45,0.47,2023-03-07,817,N20,VIIRS,n,2,302.45,5.87,D,0
17.40274,78.1929,330.53,0.51,0.41,2023-03-07,817,N20,VIIRS,l,2,305.51,2.47,D,0
17.41884,77.63901,333.8,0.48,0.4,2023-03-07,817,N20,VIIRS,n,2,308.29,0.92,D,0
17.42652,80.67525,330.5,0.48,0.48,2023-03-07,817,N20,VIIRS,l,2,301.57,2.21,D,0
17.43093,80.6747,349.42,0.48,0.48,2023-03-07,817,N20,VIIRS,n,2,304.29,11.68,D,0
17.44238,77.97639,336.83,0.49,0.41,2023-03-07,817,N20,VIIRS,l,2,308.67,1.92,D,0
17.44409,80.74585,343.13,0.48,0.48,2023-03-07,817,N20,VIIRS,n,2,304.11,10.08,D,0
17.44429,77.38931,337.67,0.46,0.39,2023-03-07,817,N20,VIIRS,n,2,309.39,3.84,D,0
17.44464,77.97808,338.48,0.49,0.41,2023-03-07,817,N20,VIIRS,n,2,307.71,4.6,D,0
17.46509,77.5959,337.32,0.47,0.4,2023-03-07,817,N20,VIIRS,l,2,307.8,5.24,D,0
17.49878,81.27602,333.35,0.52,0.5,2023-03-07,817,N20,VIIRS,n,2,297.83,3.46,D,0
17.51118,80.97991,339.47,0.5,0.49,2023-03-07,817,N20,VIIRS,n,2,301.07,4.22,D,0
17.51271,77.07484,335.27,0.45,0.39,2023-03-07,817,N20,VIIRS,l,2,309.5,1.46,D,0
17.53812,80.1869,349.86,0.44,0.46,2023-03-07,817,N20,VIIRS,n,2,303.71,7.36,D,0
17.55192,80.19346,334.39,0.44,0.46,2023-03-07,817,N20,VIIRS,n,2,301.22,3.34,D,0
17.59119,80.40893,331.87,0.46,0.47,2023-03-07,817,N20,VIIRS,n,2,302.45,1.57,D,0
17.59809,80.7659,341.67,0.48,0.48,2023-03-07,817,N20,VIIRS,n,2,296.5,8.87,D,0
17.60081,81.19427,339.0,0.52,0.5,2023-03-07,817,N20,VIIRS,n,2,300.72,5.58,D,0
17.61292,80.37079,331.67,0.46,0.47,2023-03-07,817,N20,VIIRS,l,2,303.66,2.03,D,0
17.61295,79.28751,334.47,0.39,0.44,2023-03-07,817,N20,VIIRS,n,2,302.61,1.27,D,0
17.62573,80.80898,341.91,0.49,0.48,2023-03-07,817,N20,VIIRS,n,2,297.84,8.71,D,0
17.63164,78.63824,335.74,0.54,0.42,2023-03-07,817,N20,VIIRS,n,2,304.24,4.5,D,0
17.63324,78.6403,335.15,0.54,0.42,2023-03-07,817,N20,VIIRS,n,2,304.04,2.65,D,0
17.63669,80.38521,333.58,0.46,0.47,2023-03-07,817,N20,VIIRS,n,2,301.81,1.37,D,0
17.63824,80.34635,337.44,0.46,0.47,2023-03-07,817,N20,VIIRS,n,2,305.62,5.95,D,0
17.64105,80.34975,333.82,0.46,0.47,2023-03-07,817,N20,VIIRS,n,2,302.7,1.54,D,0
17.65261,77.98857,335.18,0.5,0.41,2023-03-07,817,N20,VIIRS,l,2,306.95,2.87,D,0
17.6541,80.89502,341.08,0.49,0.49,2023-03-07,817,N20,VIIRS,n,2,300.01,4.39,D,0
17.67139,80.59127,343.74,0.47,0.48,2023-03-07,817,N20,VIIRS,n,2,294.0,8.47,D,0
17.67602,80.59419,331.86,0.47,0.48,2023-03-07,817,N20,VIIRS,n,2,299.79,8.88,D,0
17.67937,80.21567,337.93,0.45,0.47,2023-03-07,817,N20,VIIRS,l,2,308.99,16.19,D,0
17.6799,80.21999,341.61,0.45,0.47,2023-03-07,817,N20,VIIRS,n,2,301.71,16.19,D,0
17.69333,80.18773,331.72,0.45,0.47,2023-03-07,817,N20,VIIRS,l,2,303.31,2.91,D,0
17.69384,80.19185,333.07,0.45,0.47,2023-03-07,817,N20,VIIRS,n,2,301.57,2.91,D,0
17.69435,77.83239,335.81,0.49,0.4,2023-03-07,817,N20,VIIRS,n,2,308.75,1.98,D,0
17.69755,80.22187,338.31,0.45,0.47,2023-03-07,817,N20,VIIRS,n,2,302.21,2.44,D,0
17.70719,80.40797,331.69,0.46,0.47,2023-03-07,817,N20,VIIRS,l,2,302.44,2.77,D,0
17.71982,78.44064,336.7,0.53,0.42,2023-03-07,817,N20,VIIRS,n,2,304.68,4.84,D,0
17.72905,80.26475,333.65,0.45,0.47,2023-03-07,817,N20,VIIRS,n,2,300.52,12.6,D,0
17.73128,80.26122,339.82,0.45,0.47,2023-03-07,817,N20,VIIRS,n,2,298.18,13.36,D,0
17.77465,80.18653,332.47,0.45,0.47,2023-03-07,817,N20,VIIRS,n,2,301.14,3.11,D,0
17.81764,80.14742,342.24,0.44,0.46,2023-03-07,817,N20,VIIRS,n,2,306.06,7.45,D,0
17.81816,80.15154,341.51,0.45,0.47,2023-03-07,817,N20,VIIRS,n,2,304.49,7.45,D,0
17.82178,80.18062,331.94,0.45,0.47,2023-03-07,817,N20,VIIRS,l,2,303.36,3.02,D,0
17.82228,80.18456,335.82,0.45,0.47,2023-03-07,817,N20,VIIRS,n,2,301.04,3.02,D,0
17.82606,80.18002,332.55,0.45,0.47,2023-03-07,817,N20,VIIRS,n,2,301.29,1.23,D,0
17.82863,80.1037,332.13,0.44,0.46,2023-03-07,817,N20,VIIRS,l,2,306.47,4.37,D,0
17.82913,80.1079,341.05,0.44,0.46,2023-03-07,817,N20,VIIRS,n,2,306.82,4.37,D,0
17.82944,80.10323,333.53,0.44,0.46,2023-03-07,817,N20,VIIRS,l,2,306.56,3.52,D,0
17.82997,80.10743,343.73,0.44,0.46,2023-03-07,817,N20,VIIRS,n,2,307.11,3.52,D,0
17.8304,80.08221,336.86,0.44,0.46,2023-03-07,817,N20,VIIRS,n,2,304.55,3.99,D,0
17.8309,80.08642,330.04,0.44,0.46,2023-03-07,817,N20,VIIRS,l,2,303.44,2.25,D,0
17.84144,80.41,354.09,0.46,0.47,2023-03-07,817,N20,VIIRS,n,2,301.38,8.74,D,0
17.84525,78.71174,332.82,0.55,0.43,2023-03-07,817,N20,VIIRS,l,2,306.25,5.18,D,0
17.861,80.19301,330.61,0.45,0.47,2023-03-07,817,N20,VIIRS,l,2,301.19,2.25,D,0
17.8615,80.19722,330.76,0.45,0.47,2023-03-07,817,N20,VIIRS,l,2,302.0,2.25,D,0
17.86317,80.24771,340.39,0.45,0.47,2023-03-07,817,N20,VIIRS,n,2,301.01,4.06,D,0
17.86401,80.40359,334.99,0.46,0.47,2023-03-07,817,N20,VIIRS,n,2,303.41,3.9,D,0
17.8675,80.24737,342.01,0.45,0.47,2023-03-07,817,N20,VIIRS,n,2,303.49,4.06,D,0
17.87758,80.40633,341.69,0.46,0.47,2023-03-07,817,N20,VIIRS,n,2,303.77,8.67,D,0
17.87895,80.23351,342.92,0.45,0.47,2023-03-07,817,N20,VIIRS,n,2,305.49,7.5,D,0
17.88001,80.35235,339.55,0.46,0.47,2023-03-07,817,N20,VIIRS,n,2,305.13,8.98,D,0
17.88054,80.35679,340.46,0.46,0.47,2023-03-07,817,N20,VIIRS,n,2,303.37,8.37,D,0
17.88221,80.44553,344.21,0.47,0.47,2023-03-07,817,N20,VIIRS,n,2,306.18,9.03,D,0
17.88818,80.34703,343.12,0.46,0.47,2023-03-07,817,N20,VIIRS,n,2,302.42,8.03,D,0
17.90014,80.44725,342.57,0.47,0.47,2023-03-07,817,N20,VIIRS,n,2,303.92,5.05,D,0
17.90063,80.45139,331.36,0.47,0.47,2023-03-07,817,N20,VIIRS,n,2,300.21,1.88,D,0
17.91041,80.16956,338.56,0.45,0.47,2023-03-07,817,N20,VIIRS,n,2,304.58,3.61,D,0
17.91393,80.41456,331.52,0.46,0.47,2023-03-07,817,N20,VIIRS,l,2,303.48,2.42,D,0
17.91411,80.37936,339.42,0.46,0.47,2023-03-07,817,N20,VIIRS,n,2,306.12,4.44,D,0
17.91777,80.40969,336.94,0.46,0.47,2023-03-07,817,N20,VIIRS,n,2,304.04,5.05,D,0
17.91828,80.41393,331.99,0.46,0.47,2023-03-07,817,N20,VIIRS,l,2,303.22,3.06,D,0
17.92264,80.41338,333.63,0.46,0.47,2023-03-07,817,N20,VIIRS,n,2,301.86,3.06,D,0
17.93306,79.23065,337.88,0.39,0.44,2023-03-07,817,N20,VIIRS,n,2,303.59,1.02,D,0
17.93393,79.22998,338.97,0.39,0.44,2023-03-07,817,N20,VIIRS,n,2,304.11,1.49,D,0
17.94702,77.40948,336.44,0.47,0.4,2023-03-07,817,N20,VIIRS,n,2,307.19,2.66,D,0
17.97056,80.35875,337.23,0.46,0.47,2023-03-07,817,N20,VIIRS,n,2,302.89,2.07,D,0
17.97822,80.34892,344.2,0.46,0.47,2023-03-07,817,N20,VIIRS,n,2,302.82,4.36,D,0
17.98153,80.33966,344.26,0.46,0.47,2023-03-07,817,N20,VIIRS,n,2,300.88,6.46,D,0
17.98256,80.34832,353.38,0.46,0.47,2023-03-07,817,N20,VIIRS,n,2,303.61,10.2,D,0
17.98373,80.54961,330.58,0.47,0.48,2023-03-07,817,N20,VIIRS,n,2,298.86,3.15,D,0
17.98399,80.55006,331.03,0.47,0.48,2023-03-07,817,N20,VIIRS,n,2,298.82,2.47,D,0
17.98842,80.3606,331.63,0.46,0.47,2023-03-07,817,N20,VIIRS,l,2,304.34,3.48,D,0
18.0369,80.28797,334.82,0.46,0.47,2023-03-07,817,N20,VIIRS,n,2,300.84,4.44,D,0
18.05579,80.06222,334.35,0.44,0.46,2023-03-07,817,N20,VIIRS,n,2,303.61,1.94,D,0
18.06407,78.89041,332.77,0.56,0.43,2023-03-07,817,N20,VIIRS,n,2,302.28,1.59,D,0
18.06803,78.8899,338.66,0.56,0.43,2023-03-07,817,N20,VIIRS,n,2,305.17,2.58,D,0
18.07616,80.34509,344.52,0.46,0.47,2023-03-07,817,N20,VIIRS,n,2,300.75,4.49,D,0
18.08802,80.186,330.47,0.45,0.47,2023-03-07,817,N20,VIIRS,n,2,298.03,3.85,D,0
18.09152,78.3608,331.4,0.53,0.42,2023-03-07,817,N20,VIIRS,l,2,303.07,2.82,D,0
18.09535,78.36024,334.32,0.53,0.42,2023-03-07,817,N20,VIIRS,n,2,302.98,2.82,D,0
18.09805,80.30656,339.07,0.46,0.47,2023-03-07,817,N20,VIIRS,n,2,301.26,4.93,D,0
18.09918,78.35967,338.15,0.53,0.42,2023-03-07,817,N20,VIIRS,n,2,303.77,4.65,D,0
18.11586,80.34491,333.68,0.46,0.47,2023-03-07,817,N20,VIIRS,n,2,301.13,3.64,D,0
18.12265,80.43884,332.09,0.47,0.48,2023-03-07,817,N20,VIIRS,n,2,300.53,4.13,D,0
18.14581,80.3009,333.69,0.46,0.47,2023-03-07,817,N20,VIIRS,n,2,302.23,4.45,D,0
18.15884,77.76358,336.04,0.49,0.4,2023-03-07,817,N20,VIIRS,n,2,304.22,5.28,D,0
18.179,81.43332,330.03,0.54,0.51,2023-03-07,817,N20,VIIRS,l,2,300.67,2.41,D,0
18.18307,81.42756,330.27,0.54,0.51,2023-03-07,817,N20,VIIRS,n,2,300.16,3.13,D,0
18.18523,81.42433,331.36,0.54,0.51,2023-03-07,817,N20,VIIRS,n,2,300.87,3.31,D,0
18.20808,81.3744,331.8,0.54,0.51,2023-03-07,817,N20,VIIRS,n,2,301.16,3.32,D,0
18.21002,79.84547,334.28,0.43,0.46,2023-03-07,817,N20,VIIRS,n,2,303.31,7.03,D,0
18.21808,80.76126,332.78,0.49,0.49,2023-03-07,817,N20,VIIRS,l,2,303.64,5.42,D,0
18.21861,80.76588,330.54,0.49,0.49,2023-03-07,817,N20,VIIRS,l,2,301.0,3.68,D,0
18.2201,80.76363,339.59,0.49,0.49,2023-03-07,817,N20,VIIRS,n,2,303.74,5.95,D,0
18.22308,80.76522,332.15,0.49,0.49,2023-03-07,817,N20,VIIRS,n,2,301.06,3.68,D,0
18.2236,80.76981,340.46,0.49,0.49,2023-03-07,817,N20,VIIRS,n,2,300.11,3.68,D,0
18.22512,80.76752,347.96,0.49,0.49,2023-03-07,817,N20,VIIRS,n,2,301.29,5.95,D,0
18.24186,78.0356,330.19,0.51,0.41,2023-03-07,817,N20,VIIRS,l,2,302.99,3.88,D,0
18.24224,80.28231,330.45,0.46,0.47,2023-03-07,817,N20,VIIRS,l,2,301.82,5.41,D,0
18.24277,80.28668,340.47,0.46,0.47,2023-03-07,817,N20,VIIRS,n,2,302.03,5.44,D,0
18.24628,80.17196,336.85,0.45,0.47,2023-03-07,817,N20,VIIRS,n,2,301.01,5.49,D,0
18.26316,78.0812,333.02,0.51,0.41,2023-03-07,817,N20,VIIRS,n,2,302.62,2.77,D,0
18.26555,80.29272,353.88,0.46,0.47,2023-03-07,817,N20,VIIRS,n,2,300.98,5.32,D,0
18.26989,80.29218,353.49,0.46,0.47,2023-03-07,817,N20,VIIRS,n,2,302.92,6.84,D,0
18.27089,80.28834,341.72,0.46,0.47,2023-03-07,817,N20,VIIRS,n,2,302.83,9.4,D,0
18.27141,80.29276,342.02,0.46,0.47,2023-03-07,817,N20,VIIRS,n,2,301.82,7.86,D,0
18.27423,80.29162,340.82,0.46,0.47,2023-03-07,817,N20,VIIRS,n,2,300.06,6.84,D,0
18.28519,77.77181,333.09,0.49,0.41,2023-03-07,817,N20,VIIRS,l,2,306.06,3.09,D,0
18.28718,77.77429,339.9,0.49,0.41,2023-03-07,817,N20,VIIRS,n,2,305.92,4.55,D,0
18.29669,80.24555,337.31,0.46,0.47,2023-03-07,817,N20,VIIRS,n,2,302.51,4.31,D,0
18.30103,80.24505,333.05,0.46,0.47,2023-03-07,817,N20,VIIRS,n,2,301.92,2.62,D,0
18.36981,80.21536,333.75,0.46,0.47,2023-03-07,817,N20,VIIRS,n,2,300.28,4.04,D,0
18.37196,80.21375,338.07,0.46,0.47,2023-03-07,817,N20,VIIRS,n,2,302.46,6.14,D,0
18.37251,80.21818,333.27,0.46,0.47,2023-03-07,817,N20,VIIRS,n,2,299.94,3.86,D,0
18.37413,80.21476,341.91,0.46,0.47,2023-03-07,817,N20,VIIRS,n,2,301.63,4.04,D,0
18.38023,78.15082,332.54,0.52,0.41,2023-03-07,817,N20,VIIRS,l,2,305.22,3.1,D,0
18.40215,78.56702,335.61,0.55,0.42,2023-03-07,817,N20,VIIRS,n,2,304.67,5.86,D,0
18.40572,80.4881,333.18,0.48,0.48,2023-03-07,817,N20,VIIRS,n,2,302.84,1.97,D,0
18.40592,80.4897,334.96,0.48,0.48,2023-03-07,817,N20,VIIRS,n,2,303.17,3.84,D,0
18.43962,77.3069,339.08,0.47,0.4,2023-03-07,817,N20,VIIRS,n,2,307.69,4.65,D,0
18.44006,77.30382,342.94,0.47,0.4,2023-03-07,817,N20,VIIRS,n,2,308.81,6.78,D,0
18.44335,78.10392,333.63,0.52,0.41,2023-03-07,817,N20,VIIRS,l,2,305.44,4.35,D,0
18.44707,80.2365,337.65,0.46,0.47,2023-03-07,817,N20,VIIRS,n,2,304.09,5.76,D,0
18.55582,78.23155,339.21,0.53,0.42,2023-03-07,817,N20,VIIRS,n,2,302.96,5.12,D,0
18.5572,78.23381,342.26,0.53,0.42,2023-03-07,817,N20,VIIRS,n,2,302.56,5.75,D,0
18.56954,77.71617,336.63,0.49,0.41,2023-03-07,817,N20,VIIRS,n,2,301.63,2.78,D,0
18.59024,79.21711,332.28,0.4,0.44,2023-03-07,817,N20,VIIRS,n,2,302.49,4.68,D,0
18.60527,80.29153,330.22,0.47,0.47,2023-03-07,817,N20,VIIRS,n,2,299.54,1.73,D,0
18.63299,78.85272,333.71,0.57,0.43,2023-03-07,817,N20,VIIRS,n,2,301.81,4.92,D,0
18.63459,78.85452,333.03,0.57,0.43,2023-03-07,817,N20,VIIRS,n,2,302.28,4.38,D,0
18.63674,80.36131,332.34,0.47,0.48,2023-03-07,817,N20,VIIRS,n,2,304.72,3.22,D,0
18.64702,80.37302,343.88,0.47,0.48,2023-03-07,817,N20,VIIRS,n,2,304.11,3.69,D,0
18.64752,80.37727,334.55,0.47,0.48,2023-03-07,817,N20,VIIRS,n,2,303.11,3.69,D,0
18.64833,80.42224,342.47,0.48,0.48,2023-03-07,817,N20,VIIRS,n,2,307.98,23.26,D,0
18.64885,80.42667,346.33,0.48,0.48,2023-03-07,817,N20,VIIRS,n,2,312.28,49.73,D,0
18.65139,80.37234,334.23,0.47,0.48,2023-03-07,817,N20,VIIRS,n,2,304.02,3.69,D,0
18.65274,80.42171,341.82,0.48,0.48,2023-03-07,817,N20,VIIRS,n,2,305.2,7.55,D,0
18.65326,80.42613,367.0,0.48,0.48,2023-03-07,817,N20,VIIRS,h,2,305.72,19.62,D,0
18.65377,80.43055,354.84,0.48,0.48,2023-03-07,817,N20,VIIRS,n,2,310.96,19.62,D,0
18.65481,80.4394,342.89,0.48,0.48,2023-03-07,817,N20,VIIRS,n,2,302.59,67.62,D,0
18.65818,80.43002,338.95,0.48,0.48,2023-03-07,817,N20,VIIRS,n,2,304.4,19.62,D,0
18.6587,80.43445,354.83,0.48,0.48,2023-03-07,817,N20,VIIRS,n,2,304.57,67.62,D,0
18.66401,78.52574,330.43,0.55,0.42,2023-03-07,817,N20,VIIRS,l,2,301.65,2.95,D,0
18.66933,80.52503,333.11,0.48,0.48,2023-03-07,817,N20,VIIRS,l,2,303.53,6.3,D,0
18.68302,80.41332,348.41,0.47,0.48,2023-03-07,817,N20,VIIRS,n,2,304.93,5.37,D,0
18.68689,80.40832,331.12,0.47,0.48,2023-03-07,817,N20,VIIRS,l,2,304.69,4.19,D,0
18.71951,79.536,337.57,0.42,0.45,2023-03-07,817,N20,VIIRS,l,2,307.66,5.96,D,2
18.72543,80.27906,331.24,0.47,0.47,2023-03-07,817,N20,VIIRS,l,2,302.41,4.13,D,0
18.72593,80.28328,339.53,0.47,0.47,2023-03-07,817,N20,VIIRS,n,2,302.18,4.55,D,0
18.73566,79.52979,333.9,0.42,0.45,2023-03-07,817,N20,VIIRS,l,2,306.04,2.82,D,0
18.73614,79.53378,333.9,0.42,0.45,2023-03-07,817,N20,VIIRS,l,2,306.13,2.46,D,0
18.75157,80.3506,331.44,0.47,0.48,2023-03-07,817,N20,VIIRS,l,2,303.95,2.52,D,0
18.75596,80.35007,331.0,0.47,0.48,2023-03-07,817,N20,VIIRS,l,2,304.88,2.52,D,0
18.8365,80.23487,338.06,0.46,0.47,2023-03-07,817,N20,VIIRS,n,2,306.29,3.67,D,0
18.84086,80.23434,335.39,0.46,0.47,2023-03-07,817,N20,VIIRS,n,2,303.89,3.67,D,0
18.84528,80.30994,330.04,0.47,0.48,2023-03-07,817,N20,VIIRS,l,2,300.92,8.92,D,0
18.84855,80.29993,341.05,0.47,0.48,2023-03-07,817,N20,VIIRS,n,2,302.45,8.35,D,0
18.8784,79.89306,336.5,0.44,0.46,2023-03-07,817,N20,VIIRS,n,2,306.8,4.78,D,0
18.8562,79.02902,336.38,0.39,0.44,2023-03-07,818,N20,VIIRS,n,2,305.12,4.11,D,0
18.88632,79.33371,335.09,0.41,0.45,2023-03-07,818,N20,VIIRS,n,2,303.69,3.86,D,0
18.8868,79.33752,367.0,0.41,0.45,2023-03-07,818,N20,VIIRS,h,2,309.0,7.37,D,0
18.88995,79.32927,337.67,0.41,0.45,2023-03-07,818,N20,VIIRS,n,2,303.97,3.86,D,0
18.89042,79.33307,342.7,0.41,0.45,2023-03-07,818,N20,VIIRS,n,2,304.09,3.86,D,0
18.8909,79.3369,336.49,0.41,0.45,2023-03-07,818,N20,VIIRS,n,2,304.21,7.37,D,0
18.90262,79.36351,333.45,0.41,0.45,2023-03-07,818,N20,VIIRS,n,2,303.96,2.83,D,0
18.90524,79.35111,338.52,0.41,0.45,2023-03-07,818,N20,VIIRS,n,2,304.95,3.3,D,0
18.90624,79.359,330.73,0.41,0.45,2023-03-07,818,N20,VIIRS,l,2,303.93,4.49,D,0
18.90674,79.36297,351.47,0.41,0.45,2023-03-07,818,N20,VIIRS,n,2,305.07,4.49,D,0
18.91727,80.12199,343.62,0.46,0.47,2023-03-07,818,N20,VIIRS,n,2,302.58,4.03,D,0
18.91777,80.12626,339.94,0.46,0.47,2023-03-07,818,N20,VIIRS,n,2,302.36,3.36,D,0
18.92161,80.12143,338.43,0.46,0.47,2023-03-07,818,N20,VIIRS,n,2,304.33,4.24,D,0
18.92543,80.11658,340.97,0.46,0.47,2023-03-07,818,N20,VIIRS,n,2,304.49,4.24,D,0
18.92595,80.12096,332.64,0.46,0.47,2023-03-07,818,N20,VIIRS,l,2,303.98,4.24,D,0
18.93318,79.31498,332.77,0.41,0.45,2023-03-07,818,N20,VIIRS,n,2,302.33,5.35,D,0
18.93692,80.10214,335.54,0.46,0.47,2023-03-07,818,N20,VIIRS,n,2,303.49,5.23,D,0
18.96039,78.90458,332.52,0.39,0.44,2023-03-07,818,N20,VIIRS,n,2,299.88,2.33,D,0
18.96149,80.16087,331.15,0.46,0.47,2023-03-07,818,N20,VIIRS,l,2,304.82,2.73,D,0
18.96445,79.03256,333.23,0.39,0.44,2023-03-07,818,N20,VIIRS,n,2,302.05,2.5,D,0
18.97006,80.12202,344.22,0.46,0.47,2023-03-07,818,N20,VIIRS,n,2,303.99,5.29,D,0
18.98074,79.63975,338.18,0.43,0.46,2023-03-07,818,N20,VIIRS,n,2,303.83,3.8,D,0
18.98722,79.80244,355.49,0.44,0.46,2023-03-07,818,N20,VIIRS,n,2,305.76,10.85,D,0
19.01403,78.86391,337.52,0.39,0.44,2023-03-07,818,N20,VIIRS,n,2,301.9,5.2,D,0
19.02065,78.85192,337.16,0.38,0.44,2023-03-07,818,N20,VIIRS,n,2,302.27,4.77,D,0
19.02225,80.1391,332.55,0.46,0.47,2023-03-07,818,N20,VIIRS,n,2,302.54,5.04,D,0
19.02276,80.14354,334.22,0.46,0.47,2023-03-07,818,N20,VIIRS,n,2,301.82,5.04,D,0
19.023,79.23813,332.4,0.41,0.45,2023-03-07,818,N20,VIIRS,n,2,300.27,4.83,D,0
19.02325,80.1478,335.01,0.46,0.47,2023-03-07,818,N20,VIIRS,n,2,302.45,6.36,D,0
19.02467,79.32145,337.99,0.41,0.45,2023-03-07,818,N20,VIIRS,n,2,303.24,3.06,D,0
19.02758,80.14711,346.6,0.46,0.47,2023-03-07,818,N20,VIIRS,n,2,301.92,6.36,D,0
19.0288,79.32106,331.45,0.41,0.45,2023-03-07,818,N20,VIIRS,l,2,304.54,3.06,D,0
19.03047,77.3753,330.61,0.48,0.4,2023-03-07,818,N20,VIIRS,n,2,300.04,2.65,D,0
19.0349,80.32616,330.49,0.47,0.48,2023-03-07,818,N20,VIIRS,n,2,299.13,2.93,D,0
19.0656,77.70077,330.35,0.5,0.41,2023-03-07,818,N20,VIIRS,n,2,299.12,4.05,D,0
19.07734,78.76739,333.8,0.57,0.43,2023-03-07,818,N20,VIIRS,n,2,299.28,7.51,D,0
19.08391,80.69644,330.18,0.5,0.49,2023-03-07,818,N20,VIIRS,n,2,297.22,2.31,D,0
19.08604,80.69717,339.62,0.5,0.49,2023-03-07,818,N20,VIIRS,n,2,297.64,2.38,D,0
19.09204,79.15825,331.07,0.4,0.44,2023-03-07,818,N20,VIIRS,l,2,302.9,2.16,D,0
19.10708,78.84382,353.32,0.39,0.44,2023-03-07,818,N20,VIIRS,n,2,301.47,14.18,D,0
19.11425,79.97075,348.58,0.45,0.47,2023-03-07,818,N20,VIIRS,n,2,302.84,8.02,D,0
19.12098,78.8901,349.03,0.39,0.44,2023-03-07,818,N20,VIIRS,n,2,301.87,8.08,D,0
19.12144,78.89384,340.79,0.39,0.44,2023-03-07,818,N20,VIIRS,n,2,299.9,8.08,D,0
19.12545,78.89326,345.94,0.39,0.44,2023-03-07,818,N20,VIIRS,n,2,300.44,8.08,D,0
19.12853,78.88528,330.79,0.39,0.44,2023-03-07,818,N20,VIIRS,n,2,301.1,4.66,D,0
19.12899,78.8889,367.0,0.39,0.44,2023-03-07,818,N20,VIIRS,h,2,303.01,5.25,D,0
19.12946,78.89272,334.76,0.39,0.44,2023-03-07,818,N20,VIIRS,n,2,298.76,5.25,D,0
19.13144,80.1184,334.87,0.46,0.47,2023-03-07,818,N20,VIIRS,n,2,300.56,2.45,D,0
19.18481,78.89977,344.96,0.39,0.44,2023-03-07,818,N20,VIIRS,n,2,297.9,3.53,D,0
19.18838,78.89551,342.81,0.39,0.44,2023-03-07,818,N20,VIIRS,n,2,300.81,7.07,D,0
19.18883,78.89921,350.0,0.39,0.44,2023-03-07,818,N20,VIIRS,n,2,300.62,7.07,D,0
19.19239,78.89494,342.1,0.39,0.44,2023-03-07,818,N20,VIIRS,n,2,299.65,7.07,D,0
19.1955,78.88697,332.54,0.39,0.44,2023-03-07,818,N20,VIIRS,n,2,299.86,2.51,D,0
19.20118,78.83362,336.32,0.39,0.44,2023-03-07,818,N20,VIIRS,n,2,299.98,4.33,D,0
19.20362,80.00396,331.87,0.45,0.47,2023-03-07,818,N20,VIIRS,l,2,302.03,3.84,D,0
19.23371,79.88772,335.16,0.45,0.47,2023-03-07,818,N20,VIIRS,n,2,303.49,3.44,D,0
19.23799,79.88714,343.33,0.45,0.47,2023-03-07,818,N20,VIIRS,n,2,303.77,3.44,D,0
19.24227,78.86918,333.72,0.39,0.44,2023-03-07,818,N20,VIIRS,n,2,296.09,3.01,D,0
19.24674,78.87231,335.55,0.39,0.44,2023-03-07,818,N20,VIIRS,n,2,296.76,4.4,D,0
19.24721,78.87601,344.44,0.39,0.44,2023-03-07,818,N20,VIIRS,n,2,297.5,4.4,D,0
19.28412,79.83741,332.65,0.44,0.46,2023-03-07,818,N20,VIIRS,n,2,301.05,5.66,D,0
19.29467,79.64219,334.5,0.43,0.46,2023-03-07,818,N20,VIIRS,l,2,305.77,2.45,D,0
19.3034,79.19318,345.64,0.41,0.45,2023-03-07,818,N20,VIIRS,n,2,302.59,4.4,D,0
19.36529,78.70074,330.04,0.57,0.43,2023-03-07,818,N20,VIIRS,n,2,293.21,3.72,D,0
19.39476,79.16225,334.94,0.41,0.45,2023-03-07,818,N20,VIIRS,n,2,299.22,3.21,D,0
19.43299,78.93533,332.51,0.39,0.44,2023-03-07,818,N20,VIIRS,n,2,300.69,1.85,D,0
19.48871,78.71006,332.33,0.38,0.43,2023-03-07,818,N20,VIIRS,n,2,298.18,2.31,D,0
19.52018,77.909,330.84,0.52,0.41,2023-03-07,818,N20,VIIRS,n,2,292.37,2.65,D,0
19.54254,79.45528,341.29,0.42,0.46,2023-03-07,818,N20,VIIRS,n,2,300.86,3.44,D,0
19.54305,79.45941,348.21,0.42,0.46,2023-03-07,818,N20,VIIRS,n,2,301.18,6.6,D,0
19.54485,79.23569,331.34,0.41,0.45,2023-03-07,818,N20,VIIRS,l,2,304.32,2.99,D,0
19.54673,79.45477,335.84,0.42,0.46,2023-03-07,818,N20,VIIRS,n,2,302.88,4.91,D,0
19.54723,79.4589,331.9,0.42,0.46,2023-03-07,818,N20,VIIRS,n,2,301.32,3.53,D,0
19.5473,79.23193,330.79,0.41,0.45,2023-03-07,818,N20,VIIRS,l,2,301.76,3.02,D,0
19.55693,78.64054,331.32,0.57,0.43,2023-03-07,818,N20,VIIRS,n,2,298.87,4.09,D,0
19.58247,79.21099,332.01,0.41,0.45,2023-03-07,818,N20,VIIRS,l,2,303.08,2.6,D,0
19.61284,79.15195,335.35,0.41,0.45,2023-03-07,818,N20,VIIRS,n,2,301.65,3.6,D,0
19.61333,79.15586,341.93,0.41,0.45,2023-03-07,818,N20,VIIRS,n,2,301.25,3.6,D,0
19.65405,79.05209,332.57,0.4,0.44,2023-03-07,818,N20,VIIRS,n,2,299.66,2.9,D,0
19.72287,79.13856,342.96,0.41,0.45,2023-03-07,818,N20,VIIRS,n,2,305.24,3.88,D,0
19.7539,79.56642,330.23,0.43,0.46,2023-03-07,818,N20,VIIRS,n,2,299.12,1.09,D,0
19.75814,79.56595,333.8,0.43,0.46,2023-03-07,818,N20,VIIRS,n,2,300.05,2.44,D,0
19.91481,78.72243,341.87,0.39,0.44,2023-03-07,818,N20,VIIRS,n,2,296.25,4.74,D,0
19.91639,78.72132,341.54,0.39,0.44,2023-03-07,818,N20,VIIRS,n,2,292.81,6.74,D,0
19.91684,78.72504,337.57,0.39,0.44,2023-03-07,818,N20,VIIRS,n,2,297.72,6.88,D,0
16.61298,79.58134,300.92,0.59,0.53,2023-03-07,2048,N20,VIIRS,n,2,288.71,0.75,N,0
17.13398,78.26951,299.16,0.47,0.48,2023-03-07,2048,N20,VIIRS,n,2,288.01,0.45,N,0
17.14057,77.18555,303.61,0.41,0.45,2023-03-07,2048,N20,VIIRS,n,2,292.95,0.93,N,2
17.17652,77.28685,306.81,0.41,0.45,2023-03-07,2048,N20,VIIRS,n,2,290.83,1.6,N,0
17.17653,80.80149,308.91,0.35,0.56,2023-03-07,2048,N20,VIIRS,n,2,291.88,0.83,N,0
17.17967,80.80155,314.09,0.35,0.56,2023-03-07,2048,N20,VIIRS,n,2,292.32,1.12,N,0
17.30871,77.47569,300.92,0.42,0.45,2023-03-07,2048,N20,VIIRS,n,2,290.49,0.55,N,0
17.33268,77.48437,302.89,0.42,0.45,2023-03-07,2048,N20,VIIRS,n,2,292.01,0.75,N,0
17.33743,80.5776,304.69,0.33,0.55,2023-03-07,2048,N20,VIIRS,n,2,291.53,0.64,N,0
17.36581,80.90527,301.86,0.35,0.57,2023-03-07,2048,N20,VIIRS,n,2,291.6,0.74,N,0
17.42832,80.38708,295.75,0.32,0.55,2023-03-07,2048,N20,VIIRS,n,2,276.74,0.26,N,0
17.45623,80.35077,300.59,0.32,0.55,2023-03-07,2048,N20,VIIRS,n,2,284.9,0.73,N,0
17.47183,80.42775,302.87,0.32,0.55,2023-03-07,2048,N20,VIIRS,n,2,289.63,0.4,N,0
17.52311,77.29501,298.53,0.41,0.45,2023-03-07,2048,N20,VIIRS,n,2,287.92,0.43,N,0
17.55295,80.3854,300.73,0.32,0.55,2023-03-07,2048,N20,VIIRS,n,2,290.43,0.38,N,0
17.6462,78.04475,297.67,0.45,0.47,2023-03-07,2048,N20,VIIRS,n,2,286.25,0.64,N,0
17.67757,77.87999,301.98,0.44,0.46,2023-03-07,2048,N20,VIIRS,n,2,287.52,0.72,N,0
17.68657,80.18724,313.46,0.62,0.54,2023-03-07,2048,N20,VIIRS,n,2,292.62,3.48,N,0
17.68773,78.60922,309.79,0.49,0.48,2023-03-07,2048,N20,VIIRS,n,2,289.78,2.82,N,0
17.68859,78.60468,329.21,0.49,0.48,2023-03-07,2048,N20,VIIRS,n,2,291.3,2.82,N,0
17.69298,78.60559,320.93,0.49,0.48,2023-03-07,2048,N20,VIIRS,n,2,290.51,3.82,N,0
17.73413,80.26442,304.77,0.62,0.54,2023-03-07,2048,N20,VIIRS,n,2,292.71,1.57,N,0
17.7354,80.25823,313.02,0.62,0.54,2023-03-07,2048,N20,VIIRS,n,2,293.09,2.19,N,0
17.77295,80.70821,307.19,0.33,0.55,2023-03-07,2048,N20,VIIRS,n,2,291.39,0.65,N,0
17.77851,80.19602,304.61,0.61,0.54,2023-03-07,2048,N20,VIIRS,n,2,292.17,2.41,N,0
17.7878,80.07536,304.87,0.6,0.53,2023-03-07,2048,N20,VIIRS,n,2,290.92,1.35,N,0
17.79423,80.1934,307.13,0.61,0.54,2023-03-07,2048,N20,VIIRS,n,2,292.08,2.42,N,0
17.79911,80.19426,308.04,0.61,0.54,2023-03-07,2048,N20,VIIRS,n,2,291.65,2.52,N,0
17.81878,80.32492,301.27,0.63,0.54,2023-03-07,2048,N20,VIIRS,n,2,291.26,1.05,N,0
17.84752,80.67216,306.05,0.33,0.55,2023-03-07,2048,N20,VIIRS,n,2,292.15,1.39,N,0
17.84809,80.6729,305.1,0.33,0.55,2023-03-07,2048,N20,VIIRS,n,2,292.58,0.94,N,0
17.84813,80.66924,309.75,0.33,0.55,2023-03-07,2048,N20,VIIRS,n,2,292.42,1.56,N,0
17.84848,77.73495,312.37,0.43,0.46,2023-03-07,2048,N20,VIIRS,n,2,287.21,1.31,N,0
17.84869,80.66993,309.92,0.33,0.55,2023-03-07,2048,N20,VIIRS,n,2,292.55,0.66,N,0
17.84926,80.6671,302.23,0.33,0.55,2023-03-07,2048,N20,VIIRS,n,2,291.91,0.66,N,0
17.87443,80.23669,308.26,0.62,0.54,2023-03-07,2048,N20,VIIRS,n,2,291.71,1.48,N,0
17.90689,80.84258,305.61,0.34,0.56,2023-03-07,2048,N20,VIIRS,n,2,292.71,1.07,N,0
17.92508,80.57352,305.3,0.32,0.55,2023-03-07,2048,N20,VIIRS,n,2,292.51,0.86,N,0
17.95625,80.80072,301.86,0.33,0.56,2023-03-07,2048,N20,VIIRS,n,2,289.64,0.61,N,2
17.95688,80.79768,303.4,0.33,0.56,2023-03-07,2048,N20,VIIRS,n,2,291.92,0.61,N,2
17.96189,80.79882,300.83,0.33,0.56,2023-03-07,2048,N20,VIIRS,n,2,287.26,0.37,N,0
17.97371,80.53754,310.88,0.32,0.55,2023-03-07,2048,N20,VIIRS,n,2,292.33,1.11,N,0
18.00352,80.46576,295.16,0.63,0.54,2023-03-07,2048,N20,VIIRS,n,2,281.4,0.7,N,0
18.00452,80.4677,296.09,0.63,0.54,2023-03-07,2048,N20,VIIRS,n,2,284.92,0.97,N,0
18.13625,80.78624,303.49,0.33,0.55,2023-03-07,2048,N20,VIIRS,n,2,291.82,1.03,N,0
18.13733,80.78091,305.09,0.33,0.55,2023-03-07,2048,N20,VIIRS,n,2,292.22,1.2,N,0
18.13955,80.76999,308.88,0.33,0.55,2023-03-07,2048,N20,VIIRS,n,2,292.4,1.31,N,0
18.15143,80.81084,304.72,0.33,0.55,2023-03-07,2048,N20,VIIRS,n,2,292.08,0.78,N,0
18.15183,80.81266,304.36,0.33,0.55,2023-03-07,2048,N20,VIIRS,n,2,291.53,0.66,N,0
18.16867,80.72832,301.4,0.33,0.55,2023-03-07,2048,N20,VIIRS,n,2,288.51,0.46,N,0
18.16876,80.34824,305.64,0.62,0.54,2023-03-07,2048,N20,VIIRS,n,2,292.4,2.25,N,0
18.16916,80.72665,300.53,0.33,0.55,2023-03-07,2048,N20,VIIRS,n,2,288.24,1.3,N,0
18.17124,80.21275,302.81,0.61,0.53,2023-03-07,2048,N20,VIIRS,n,2,292.27,1.47,N,0
18.19011,80.29323,306.56,0.61,0.54,2023-03-07,2048,N20,VIIRS,n,2,291.81,2.02,N,0
18.1949,80.29455,307.9,0.61,0.54,2023-03-07,2048,N20,VIIRS,n,2,291.4,2.06,N,0
18.19854,80.30157,305.78,0.61,0.54,2023-03-07,2048,N20,VIIRS,n,2,292.21,2.09,N,0
18.20099,79.99477,305.67,0.59,0.52,2023-03-07,2048,N20,VIIRS,n,2,292.31,1.25,N,0
18.24977,80.17225,303.11,0.6,0.53,2023-03-07,2048,N20,VIIRS,n,2,291.97,1.55,N,0
18.25085,80.16685,302.12,0.6,0.53,2023-03-07,2048,N20,VIIRS,n,2,291.26,1.07,N,0
18.25591,79.81577,302.92,0.57,0.52,2023-03-07,2048,N20,VIIRS,n,2,292.75,1.79,N,0
18.25721,80.03568,303.02,0.59,0.53,2023-03-07,2048,N20,VIIRS,n,2,291.68,1.75,N,0
18.27681,80.7575,305.95,0.33,0.55,2023-03-07,2048,N20,VIIRS,n,2,293.06,1.4,N,0
18.27745,80.75643,308.7,0.33,0.55,2023-03-07,2048,N20,VIIRS,n,2,292.65,1.17,N,0
18.2891,80.17124,304.49,0.6,0.53,2023-03-07,2048,N20,VIIRS,n,2,292.08,1.4,N,0
18.2904,80.16937,305.32,0.6,0.53,2023-03-07,2048,N20,VIIRS,n,2,291.59,1.44,N,0
18.37188,80.57235,302.89,0.63,0.54,2023-03-07,2048,N20,VIIRS,n,2,291.92,1.01,N,0
18.38515,80.8122,311.19,0.33,0.55,2023-03-07,2048,N20,VIIRS,n,2,292.01,0.99,N,0
18.38903,80.81862,303.26,0.33,0.55,2023-03-07,2048,N20,VIIRS,n,2,291.53,1.0,N,0
18.38963,80.81574,305.93,0.33,0.55,2023-03-07,2048,N20,VIIRS,n,2,292.12,0.99,N,0
18.42874,80.80308,302.11,0.33,0.55,2023-03-07,2048,N20,VIIRS,n,2,291.53,0.54,N,0
18.44178,80.79024,303.31,0.33,0.55,2023-03-07,2048,N20,VIIRS,n,2,291.37,0.54,N,0
18.5396,80.69318,301.1,0.32,0.55,2023-03-07,2048,N20,VIIRS,n,2,290.8,0.58,N,0
18.54949,80.7456,301.33,0.32,0.55,2023-03-07,2048,N20,VIIRS,n,2,291.04,0.7,N,0
18.61267,77.05642,298.73,0.57,0.43,2023-03-07,2048,N20,VIIRS,n,2,286.35,0.51,N,0
18.62812,80.38519,304.91,0.61,0.53,2023-03-07,2048,N20,VIIRS,n,2,291.76,1.36,N,0
18.72255,79.53625,315.47,0.53,0.5,2023-03-07,2048,N20,VIIRS,n,2,292.82,3.29,N,2
18.72346,80.28104,302.32,0.6,0.53,2023-03-07,2048,N20,VIIRS,n,2,292.3,2.28,N,3
18.73265,79.53326,301.64,0.53,0.5,2023-03-07,2048,N20,VIIRS,n,2,291.08,1.14,N,0
18.7372,79.53431,306.95,0.53,0.5,2023-03-07,2048,N20,VIIRS,n,2,291.4,1.14,N,0
18.7374,79.53116,319.32,0.53,0.5,2023-03-07,2048,N20,VIIRS,n,2,292.57,2.58,N,0
18.73817,79.52933,311.53,0.53,0.5,2023-03-07,2048,N20,VIIRS,n,2,291.31,2.11,N,0
18.75563,80.34473,305.33,0.6,0.53,2023-03-07,2048,N20,VIIRS,n,2,292.4,2.09,N,0
18.77003,80.34803,306.33,0.6,0.53,2023-03-07,2048,N20,VIIRS,n,2,292.54,2.58,N,0
18.7843,80.6397,304.6,0.63,0.54,2023-03-07,2048,N20,VIIRS,n,2,290.8,1.69,N,0
18.78821,80.64559,304.84,0.63,0.54,2023-03-07,2048,N20,VIIRS,n,2,290.7,1.54,N,0
18.84511,80.59167,302.13,0.62,0.54,2023-03-07,2048,N20,VIIRS,n,2,290.45,1.5,N,0
18.9209,80.11412,307.22,0.58,0.52,2023-03-07,2048,N20,VIIRS,n,2,291.49,2.69,N,0
18.94571,80.09379,307.45,0.57,0.52,2023-03-07,2048,N20,VIIRS,n,2,292.58,2.1,N,0
18.94987,80.09223,311.95,0.58,0.52,2023-03-07,2048,N20,VIIRS,n,2,292.13,2.88,N,0
18.9505,80.09449,311.15,0.57,0.52,2023-03-07,2048,N20,VIIRS,n,2,292.39,1.8,N,0
18.9536,80.09824,307.22,0.58,0.52,2023-03-07,2048,N20,VIIRS,n,2,292.37,2.94,N,0
18.95526,80.09527,307.1,0.57,0.52,2023-03-07,2048,N20,VIIRS,n,2,292.04,1.8,N,0
18.96516,80.11906,302.9,0.58,0.52,2023-03-07,2048,N20,VIIRS,n,2,291.92,1.93,N,0
18.96625,80.11375,312.91,0.58,0.52,2023-03-07,2048,N20,VIIRS,n,2,292.26,2.44,N,0
18.97474,80.12041,302.03,0.58,0.52,2023-03-07,2048,N20,VIIRS,n,2,291.01,1.13,N,0
18.97613,80.13782,304.36,0.58,0.52,2023-03-07,2048,N20,VIIRS,n,2,291.23,1.52,N,0
18.98188,80.1338,302.86,0.58,0.52,2023-03-07,2048,N20,VIIRS,n,2,291.09,1.09,N,0
18.98532,78.81217,300.37,0.48,0.48,2023-03-07,2048,N20,VIIRS,n,2,288.08,0.53,N,0
18.98647,78.81104,298.77,0.47,0.48,2023-03-07,2048,N20,VIIRS,n,2,288.38,0.93,N,0
18.98659,80.13486,303.67,0.58,0.52,2023-03-07,2048,N20,VIIRS,n,2,291.54,1.09,N,0
19.00826,79.23755,304.73,0.51,0.49,2023-03-07,2048,N20,VIIRS,n,2,291.33,1.08,N,0
19.00899,79.24523,304.02,0.51,0.49,2023-03-07,2048,N20,VIIRS,n,2,291.71,1.71,N,0
19.01336,80.3187,303.55,0.59,0.53,2023-03-07,2048,N20,VIIRS,n,2,292.19,2.05,N,0
19.01368,79.23349,308.33,0.51,0.49,2023-03-07,2048,N20,VIIRS,n,2,292.11,1.08,N,0
19.01404,80.3188,303.5,0.59,0.53,2023-03-07,2048,N20,VIIRS,n,2,292.07,2.01,N,0
19.01641,79.23143,309.72,0.5,0.49,2023-03-07,2048,N20,VIIRS,n,2,291.76,1.15,N,0
19.01724,80.20335,302.6,0.58,0.52,2023-03-07,2048,N20,VIIRS,n,2,291.09,1.53,N,0
19.01912,79.22931,308.06,0.5,0.49,2023-03-07,2048,N20,VIIRS,n,2,291.13,0.65,N,0
19.02094,79.23201,306.79,0.5,0.49,2023-03-07,2048,N20,VIIRS,n,2,291.11,1.15,N,0
19.02352,80.29374,302.84,0.59,0.53,2023-03-07,2048,N20,VIIRS,n,2,291.92,1.89,N,0
19.02361,79.2301,302.42,0.5,0.49,2023-03-07,2048,N20,VIIRS,n,2,290.17,0.65,N,0
19.02401,80.29378,304.04,0.59,0.53,2023-03-07,2048,N20,VIIRS,n,2,292.01,1.58,N,0
19.02795,79.24341,304.38,0.51,0.49,2023-03-07,2048,N20,VIIRS,n,2,291.17,1.71,N,0
19.02987,79.2338,304.42,0.5,0.49,2023-03-07,2048,N20,VIIRS,n,2,290.0,1.87,N,0
19.03257,80.1514,306.92,0.58,0.52,2023-03-07,2048,N20,VIIRS,n,2,291.21,1.85,N,0
19.12454,78.89401,304.4,0.48,0.48,2023-03-07,2048,N20,VIIRS,n,2,289.75,1.41,N,0
19.12888,78.89499,308.15,0.48,0.48,2023-03-07,2048,N20,VIIRS,n,2,289.0,1.82,N,0
19.13411,78.89139,303.85,0.48,0.48,2023-03-07,2048,N20,VIIRS,n,2,290.24,2.21,N,0
19.135,78.88683,309.95,0.48,0.48,2023-03-07,2048,N20,VIIRS,n,2,290.52,2.21,N,0
19.17991,80.05709,303.69,0.57,0.52,2023-03-07,2048,N20,VIIRS,n,2,290.95,1.39,N,0
19.18196,78.90508,299.23,0.48,0.48,2023-03-07,2048,N20,VIIRS,n,2,287.42,1.38,N,0
19.18225,80.05455,305.75,0.57,0.52,2023-03-07,2048,N20,VIIRS,n,2,290.71,1.13,N,0
19.19862,79.16752,297.98,0.5,0.49,2023-03-07,2048,N20,VIIRS,n,2,286.78,0.45,N,0
19.20104,78.73152,299.62,0.47,0.47,2023-03-07,2048,N20,VIIRS,n,2,287.71,1.08,N,0
19.22384,81.35783,299.61,0.34,0.56,2023-03-07,2048,N20,VIIRS,n,2,289.21,0.84,N,0
19.24026,78.86169,301.03,0.47,0.48,2023-03-07,2048,N20,VIIRS,n,2,287.99,0.77,N,0
19.25688,80.07211,302.67,0.57,0.52,2023-03-07,2048,N20,VIIRS,n,2,292.1,1.32,N,0
19.26154,80.07327,309.3,0.57,0.52,2023-03-07,2048,N20,VIIRS,n,2,291.74,1.79,N,0
19.26793,78.58315,314.78,0.45,0.47,2023-03-07,2048,N20,VIIRS,n,2,289.65,2.39,N,0
19.27784,78.53247,320.52,0.45,0.47,2023-03-07,2048,N20,VIIRS,n,2,289.06,3.87,N,0
19.27905,78.59428,320.35,0.45,0.47,2023-03-07,2048,N20,VIIRS,n,2,289.17,2.31,N,0
19.2828,79.84557,301.78,0.55,0.51,2023-03-07,2048,N20,VIIRS,n,2,289.6,1.15,N,0
19.28387,79.84021,303.11,0.55,0.51,2023-03-07,2048,N20,VIIRS,n,2,290.26,1.78,N,0
19.29253,78.5705,304.71,0.45,0.47,2023-03-07,2048,N20,VIIRS,n,2,288.0,1.04,N,0
19.37319,79.9148,301.68,0.55,0.51,2023-03-07,2048,N20,VIIRS,n,2,291.48,1.47,N,0
19.3779,79.91537,311.78,0.55,0.51,2023-03-07,2048,N20,VIIRS,n,2,291.54,1.47,N,0
19.38252,79.9164,306.77,0.55,0.51,2023-03-07,2048,N20,VIIRS,n,2,291.27,2.43,N,0
19.3835,79.91148,303.42,0.55,0.51,2023-03-07,2048,N20,VIIRS,n,2,290.64,1.64,N,0
19.42608,79.48549,307.53,0.51,0.5,2023-03-07,2048,N20,VIIRS,n,2,290.06,1.19,N,0
19.43063,79.48615,305.53,0.51,0.5,2023-03-07,2048,N20,VIIRS,n,2,289.89,0.8,N,0
19.62648,78.49348,298.63,0.44,0.46,2023-03-07,2048,N20,VIIRS,n,2,283.7,1.75,N,0
19.63372,78.31673,306.53,0.43,0.46,2023-03-07,2048,N20,VIIRS,n,2,289.32,0.85,N,0
19.65339,79.05346,300.44,0.48,0.48,2023-03-07,2048,N20,VIIRS,n,2,289.49,0.64,N,0
19.66459,79.0425,299.99,0.48,0.48,2023-03-07,2048,N20,VIIRS,n,2,289.29,0.5,N,0
19.72463,79.17677,305.41,0.49,0.48,2023-03-07,2048,N20,VIIRS,n,2,292.2,1.72,N,0
19.78935,79.14876,306.2,0.48,0.48,2023-03-07,2048,N20,VIIRS,n,2,291.19,1.18,N,2
19.79004,79.14619,301.26,0.48,0.48,2023-03-07,2048,N20,VIIRS,n,2,289.5,1.39,N,2
19.92761,79.1182,303.9,0.48,0.48,2023-03-07,2048,N20,VIIRS,n,2,289.04,0.69,N,0
15.54408,79.2244,312.62,0.58,0.52,2023-03-07,2049,N20,VIIRS,n,2,288.86,4.42,N,0
15.59545,78.74863,317.14,0.54,0.51,2023-03-07,2049,N20,VIIRS,n,2,286.71,3.36,N,0
15.59636,78.74384,299.69,0.54,0.51,2023-03-07,2049,N20,VIIRS,n,2,278.61,1.8,N,0
15.59912,78.75445,302.31,0.54,0.51,2023-03-07,2049,N20,VIIRS,n,2,280.21,3.36,N,0
16.25759,78.67814,301.2,0.52,0.5,2023-03-07,2049,N20,VIIRS,n,2,289.44,0.75,N,0
15.51295,78.80598,350.98,0.39,0.36,2023-03-08,758,N20,VIIRS,n,2,310.38,9.68,D,0
15.51351,78.80954,335.83,0.39,0.36,2023-03-08,758,N20,VIIRS,n,2,305.8,2.13,D,0
15.51681,78.80901,344.22,0.39,0.36,2023-03-08,758,N20,VIIRS,n,2,313.08,9.32,D,0
15.51736,78.81258,332.12,0.39,0.36,2023-03-08,758,N20,VIIRS,n,2,306.6,9.32,D,0
15.52066,78.81203,337.14,0.39,0.36,2023-03-08,758,N20,VIIRS,n,2,307.23,9.32,D,0
15.52067,78.8559,344.92,0.39,0.36,2023-03-08,758,N20,VIIRS,n,2,307.99,5.98,D,0
15.52862,79.21966,340.31,0.38,0.36,2023-03-08,758,N20,VIIRS,n,2,307.69,2.45,D,0
15.52916,79.22315,337.55,0.38,0.36,2023-03-08,758,N20,VIIRS,n,2,307.33,1.43,D,0
15.53014,78.96427,337.44,0.38,0.36,2023-03-08,758,N20,VIIRS,n,2,308.75,1.31,D,0
15.53191,79.21912,344.53,0.38,0.36,2023-03-08,758,N20,VIIRS,n,2,308.02,2.94,D,0
15.533,79.22618,338.46,0.38,0.36,2023-03-08,758,N20,VIIRS,n,2,308.22,2.57,D,0
15.53521,79.21858,332.28,0.38,0.36,2023-03-08,758,N20,VIIRS,l,2,305.8,2.94,D,0
15.53574,79.22215,335.58,0.38,0.36,2023-03-08,758,N20,VIIRS,l,2,307.54,2.57,D,0
15.53629,79.22564,331.35,0.38,0.36,2023-03-08,758,N20,VIIRS,l,2,306.1,2.57,D,0
15.53959,79.22511,339.48,0.38,0.36,2023-03-08,758,N20,VIIRS,n,2,306.98,2.8,D,0
15.54266,79.04613,335.78,0.38,0.36,2023-03-08,758,N20,VIIRS,n,2,306.72,1.62,D,0
15.54617,79.22408,337.09,0.38,0.36,2023-03-08,758,N20,VIIRS,n,2,306.15,3.44,D,0
15.54839,79.21642,346.77,0.38,0.36,2023-03-08,758,N20,VIIRS,n,2,309.92,5.58,D,0
15.54893,79.21998,342.7,0.38,0.36,2023-03-08,758,N20,VIIRS,n,2,309.01,3.44,D,0
15.54926,78.82201,336.42,0.39,0.36,2023-03-08,758,N20,VIIRS,l,2,307.36,1.67,D,0
15.56631,78.82288,345.92,0.39,0.36,2023-03-08,758,N20,VIIRS,n,2,310.4,4.58,D,0
15.56904,78.7309,331.91,0.39,0.36,2023-03-08,758,N20,VIIRS,l,2,306.48,1.06,D,0
15.56958,78.73445,339.97,0.39,0.36,2023-03-08,758,N20,VIIRS,n,2,306.94,2.21,D,0
15.57015,78.8259,330.87,0.39,0.36,2023-03-08,758,N20,VIIRS,l,2,305.77,4.58,D,0
15.57344,78.7375,331.22,0.39,0.36,2023-03-08,758,N20,VIIRS,l,2,305.02,2.22,D,0
15.57675,78.73698,334.57,0.39,0.36,2023-03-08,758,N20,VIIRS,l,2,306.67,2.22,D,0
15.58501,78.74671,344.86,0.39,0.36,2023-03-08,758,N20,VIIRS,n,2,305.39,1.96,D,0
15.58776,78.74258,333.74,0.39,0.36,2023-03-08,758,N20,VIIRS,l,2,306.14,4.33,D,0
15.58831,78.74616,355.91,0.39,0.36,2023-03-08,758,N20,VIIRS,n,2,311.01,7.71,D,0
15.58886,78.74974,353.85,0.39,0.36,2023-03-08,758,N20,VIIRS,n,2,307.56,7.71,D,0
15.58941,78.7533,349.12,0.39,0.36,2023-03-08,758,N20,VIIRS,n,2,306.74,4.6,D,0
15.59326,78.75633,341.63,0.39,0.36,2023-03-08,758,N20,VIIRS,n,2,305.57,4.6,D,0
15.59381,78.75988,333.09,0.39,0.36,2023-03-08,758,N20,VIIRS,l,2,306.44,1.75,D,0
15.59435,78.76344,339.53,0.39,0.36,2023-03-08,758,N20,VIIRS,n,2,305.57,1.75,D,0
15.59765,78.76291,348.3,0.39,0.36,2023-03-08,758,N20,VIIRS,n,2,309.6,5.2,D,0
15.59831,79.74779,340.26,0.39,0.36,2023-03-08,758,N20,VIIRS,n,2,311.22,2.89,D,0
15.60919,78.81584,333.73,0.39,0.36,2023-03-08,758,N20,VIIRS,n,2,304.79,2.23,D,0
15.60973,78.81941,347.0,0.39,0.36,2023-03-08,758,N20,VIIRS,n,2,305.7,2.23,D,0
15.61083,78.82657,345.69,0.39,0.36,2023-03-08,758,N20,VIIRS,n,2,307.68,7.5,D,0
15.61153,80.08686,337.1,0.39,0.36,2023-03-08,758,N20,VIIRS,n,2,310.51,2.28,D,0
15.61249,78.81529,347.4,0.39,0.36,2023-03-08,758,N20,VIIRS,n,2,308.05,6.47,D,0
15.61303,78.81887,343.94,0.39,0.36,2023-03-08,758,N20,VIIRS,n,2,310.1,6.47,D,0
15.61358,78.82246,367.0,0.39,0.36,2023-03-08,758,N20,VIIRS,h,2,313.37,12.84,D,0
15.61413,78.82603,350.52,0.39,0.36,2023-03-08,758,N20,VIIRS,n,2,311.85,12.84,D,0
15.61521,78.85502,333.48,0.39,0.36,2023-03-08,758,N20,VIIRS,l,2,307.53,1.73,D,0
15.61577,78.8367,345.33,0.39,0.36,2023-03-08,758,N20,VIIRS,n,2,307.61,5.78,D,0
15.61578,78.81476,351.51,0.39,0.36,2023-03-08,758,N20,VIIRS,n,2,307.6,6.47,D,0
15.61667,78.64194,343.7,0.39,0.36,2023-03-08,758,N20,VIIRS,n,2,309.21,2.77,D,0
15.61687,78.8438,331.85,0.39,0.36,2023-03-08,758,N20,VIIRS,l,2,306.59,2.92,D,0
15.61798,78.82906,339.44,0.39,0.36,2023-03-08,758,N20,VIIRS,l,2,309.81,8.59,D,0
15.61852,78.8326,353.67,0.39,0.36,2023-03-08,758,N20,VIIRS,n,2,311.14,8.59,D,0
15.61906,78.85805,335.84,0.39,0.36,2023-03-08,758,N20,VIIRS,l,2,309.66,4.42,D,0
15.61907,78.83614,351.35,0.39,0.36,2023-03-08,758,N20,VIIRS,n,2,307.83,5.78,D,0
15.61962,78.83969,339.65,0.39,0.36,2023-03-08,758,N20,VIIRS,n,2,307.12,5.78,D,0
15.62073,78.79914,334.78,0.39,0.36,2023-03-08,758,N20,VIIRS,l,2,306.51,2.45,D,0
15.6224,78.83182,340.29,0.39,0.36,2023-03-08,758,N20,VIIRS,n,2,307.06,2.58,D,0
15.62348,78.79504,339.63,0.39,0.36,2023-03-08,758,N20,VIIRS,n,2,308.41,15.54,D,0
15.6257,78.83129,337.92,0.39,0.36,2023-03-08,758,N20,VIIRS,n,2,307.24,2.58,D,0
15.62624,78.83484,335.23,0.39,0.36,2023-03-08,758,N20,VIIRS,n,2,306.72,1.69,D,0
15.62733,78.86382,341.73,0.39,0.36,2023-03-08,758,N20,VIIRS,n,2,308.12,3.26,D,0
15.62952,78.79039,343.13,0.39,0.36,2023-03-08,758,N20,VIIRS,n,2,306.52,5.11,D,0
15.63009,78.85975,335.83,0.39,0.36,2023-03-08,758,N20,VIIRS,n,2,303.7,2.2,D,0
15.63063,78.79754,347.64,0.39,0.36,2023-03-08,758,N20,VIIRS,n,2,308.47,6.15,D,0
15.63118,78.80111,353.22,0.39,0.36,2023-03-08,758,N20,VIIRS,n,2,307.18,6.15,D,0
15.63172,78.78271,333.75,0.39,0.36,2023-03-08,758,N20,VIIRS,l,2,304.67,2.69,D,0
15.63173,78.80467,345.85,0.39,0.36,2023-03-08,758,N20,VIIRS,n,2,308.34,11.36,D,0
15.63227,78.78627,339.73,0.39,0.36,2023-03-08,758,N20,VIIRS,n,2,306.14,2.69,D,0
15.63282,78.78985,347.41,0.39,0.36,2023-03-08,758,N20,VIIRS,n,2,308.95,5.11,D,0
15.6343,79.00155,351.68,0.38,0.36,2023-03-08,758,N20,VIIRS,n,2,308.33,5.69,D,0
15.63484,79.00508,340.78,0.38,0.36,2023-03-08,758,N20,VIIRS,n,2,306.81,5.69,D,0
15.63503,78.80413,352.22,0.39,0.36,2023-03-08,758,N20,VIIRS,n,2,311.53,11.36,D,0
15.6376,79.00097,349.51,0.38,0.36,2023-03-08,758,N20,VIIRS,n,2,311.36,5.69,D,0
15.63814,79.00451,337.31,0.38,0.36,2023-03-08,758,N20,VIIRS,n,2,307.62,5.69,D,0
15.63831,78.75968,337.2,0.39,0.36,2023-03-08,758,N20,VIIRS,n,2,306.12,4.06,D,0
15.63833,78.80359,339.06,0.39,0.36,2023-03-08,758,N20,VIIRS,l,2,310.02,3.91,D,0
15.63888,78.80715,334.96,0.39,0.36,2023-03-08,758,N20,VIIRS,l,2,307.23,3.91,D,0
15.65042,78.77237,333.24,0.39,0.36,2023-03-08,758,N20,VIIRS,n,2,306.35,4.24,D,0
15.65097,78.77592,367.0,0.39,0.36,2023-03-08,758,N20,VIIRS,h,2,309.65,4.24,D,0
15.65317,78.79019,334.84,0.39,0.36,2023-03-08,758,N20,VIIRS,l,2,306.94,2.44,D,0
15.65372,78.77184,340.2,0.39,0.36,2023-03-08,758,N20,VIIRS,n,2,307.77,4.69,D,0
15.65372,78.79376,334.1,0.39,0.36,2023-03-08,758,N20,VIIRS,l,2,307.74,1.97,D,0
15.65427,78.77539,344.72,0.39,0.36,2023-03-08,758,N20,VIIRS,n,2,313.39,4.69,D,0
15.65482,78.77895,367.0,0.39,0.36,2023-03-08,758,N20,VIIRS,h,2,313.27,5.99,D,0
15.65537,78.78251,352.04,0.39,0.36,2023-03-08,758,N20,VIIRS,n,2,309.79,5.99,D,0
15.65757,78.77486,344.12,0.39,0.36,2023-03-08,758,N20,VIIRS,n,2,312.72,4.69,D,0
15.65812,78.77843,342.67,0.39,0.36,2023-03-08,758,N20,VIIRS,n,2,311.58,5.99,D,0
15.65922,78.78555,350.2,0.39,0.36,2023-03-08,758,N20,VIIRS,n,2,310.41,8.35,D,0
15.66033,78.81466,341.28,0.39,0.36,2023-03-08,758,N20,VIIRS,n,2,309.67,6.9,D,0
15.66087,78.77435,353.13,0.39,0.36,2023-03-08,758,N20,VIIRS,n,2,311.62,23.17,D,0
15.66142,78.77791,367.0,0.39,0.36,2023-03-08,758,N20,VIIRS,h,2,309.82,37.7,D,0
15.66197,78.78146,353.63,0.39,0.36,2023-03-08,758,N20,VIIRS,n,2,316.8,37.7,D,0
15.66252,78.78502,335.82,0.39,0.36,2023-03-08,758,N20,VIIRS,n,2,305.51,3.96,D,0
15.66308,78.81056,334.07,0.39,0.36,2023-03-08,758,N20,VIIRS,n,2,306.83,2.6,D,0
15.66527,78.78094,343.55,0.39,0.36,2023-03-08,758,N20,VIIRS,n,2,308.42,37.7,D,0
15.66538,79.13856,338.25,0.38,0.36,2023-03-08,758,N20,VIIRS,l,2,311.61,4.45,D,0
15.66692,78.8136,367.0,0.39,0.36,2023-03-08,758,N20,VIIRS,h,2,313.69,20.22,D,0
15.67215,79.11178,345.44,0.38,0.36,2023-03-08,758,N20,VIIRS,n,2,311.48,2.23,D,0
15.67544,79.11124,335.73,0.38,0.36,2023-03-08,758,N20,VIIRS,l,2,308.98,2.23,D,0
15.67678,78.85564,339.5,0.39,0.36,2023-03-08,758,N20,VIIRS,l,2,310.45,5.17,D,0
15.67899,78.84807,344.87,0.39,0.36,2023-03-08,758,N20,VIIRS,n,2,309.21,4.79,D,0
15.68283,78.85101,339.6,0.39,0.36,2023-03-08,758,N20,VIIRS,n,2,306.45,4.79,D,0
15.68338,78.85454,333.68,0.39,0.36,2023-03-08,758,N20,VIIRS,l,2,306.79,2.83,D,0
15.69,78.76583,330.91,0.39,0.36,2023-03-08,758,N20,VIIRS,l,2,302.94,2.26,D,0
15.69217,78.84581,337.35,0.39,0.36,2023-03-08,758,N20,VIIRS,n,2,306.56,4.25,D,0
15.6933,78.76528,333.4,0.39,0.36,2023-03-08,758,N20,VIIRS,l,2,304.94,2.96,D,0
15.69547,78.84526,335.53,0.39,0.36,2023-03-08,758,N20,VIIRS,l,2,309.83,4.25,D,0
15.69934,78.82651,334.29,0.39,0.36,2023-03-08,758,N20,VIIRS,n,2,303.15,1.52,D,0
15.70043,78.83359,340.61,0.39,0.36,2023-03-08,758,N20,VIIRS,n,2,308.77,3.69,D,0
15.70209,78.82241,339.04,0.39,0.36,2023-03-08,758,N20,VIIRS,n,2,303.39,6.88,D,0
15.71474,78.75076,341.9,0.39,0.36,2023-03-08,758,N20,VIIRS,n,2,306.6,3.3,D,0
15.71529,78.75432,334.81,0.39,0.36,2023-03-08,758,N20,VIIRS,n,2,304.88,2.36,D,0
15.71857,78.8196,332.95,0.39,0.36,2023-03-08,758,N20,VIIRS,l,2,306.55,4.67,D,0
15.72211,78.77407,336.05,0.39,0.36,2023-03-08,758,N20,VIIRS,l,2,306.54,4.13,D,0
15.72381,79.07422,340.04,0.38,0.36,2023-03-08,758,N20,VIIRS,n,2,310.96,3.34,D,0
15.73145,78.81267,337.63,0.39,0.36,2023-03-08,758,N20,VIIRS,n,2,305.5,3.05,D,0
15.76874,79.03307,340.51,0.38,0.36,2023-03-08,758,N20,VIIRS,n,2,308.14,5.29,D,0
15.76928,79.03663,337.27,0.38,0.36,2023-03-08,758,N20,VIIRS,l,2,310.85,3.34,D,0
15.76982,79.04018,335.02,0.38,0.36,2023-03-08,758,N20,VIIRS,n,2,307.18,3.34,D,0
15.77312,79.03965,343.87,0.38,0.36,2023-03-08,758,N20,VIIRS,n,2,307.75,3.34,D,0
15.81116,78.69325,345.73,0.39,0.36,2023-03-08,758,N20,VIIRS,n,2,314.0,4.55,D,0
15.81227,78.45745,344.22,0.39,0.36,2023-03-08,758,N20,VIIRS,l,2,318.64,12.45,D,0
15.81336,78.68555,346.81,0.39,0.36,2023-03-08,758,N20,VIIRS,n,2,312.96,8.59,D,0
15.81365,79.08401,344.84,0.38,0.36,2023-03-08,758,N20,VIIRS,n,2,313.73,9.66,D,0
15.81386,77.49663,344.98,0.41,0.37,2023-03-08,758,N20,VIIRS,n,2,316.96,6.18,D,0
15.81419,79.08756,367.0,0.38,0.36,2023-03-08,758,N20,VIIRS,h,2,314.39,9.82,D,0
15.8164,79.07993,342.45,0.38,0.36,2023-03-08,758,N20,VIIRS,n,2,311.61,9.72,D,0
15.81915,79.07583,349.34,0.38,0.36,2023-03-08,758,N20,VIIRS,n,2,311.13,10.39,D,0
15.81929,78.96637,338.26,0.38,0.36,2023-03-08,758,N20,VIIRS,l,2,309.22,6.1,D,0
15.81969,79.07938,355.07,0.38,0.36,2023-03-08,758,N20,VIIRS,n,2,314.45,9.72,D,0
15.8236,79.03867,340.51,0.38,0.36,2023-03-08,758,N20,VIIRS,n,2,307.75,3.84,D,0
15.82689,79.03816,350.63,0.38,0.36,2023-03-08,758,N20,VIIRS,n,2,306.17,3.84,D,0
15.83059,79.12864,337.83,0.38,0.36,2023-03-08,758,N20,VIIRS,l,2,312.09,2.36,D,0
15.83302,78.96783,331.2,0.38,0.36,2023-03-08,758,N20,VIIRS,l,2,306.12,2.58,D,0
15.83357,78.97137,334.52,0.38,0.36,2023-03-08,758,N20,VIIRS,l,2,308.83,2.58,D,0
15.83368,78.83978,333.53,0.39,0.36,2023-03-08,758,N20,VIIRS,l,2,307.31,2.14,D,0
15.83422,78.84334,336.19,0.39,0.36,2023-03-08,758,N20,VIIRS,l,2,306.58,1.99,D,0
15.83686,78.97084,340.82,0.38,0.36,2023-03-08,758,N20,VIIRS,n,2,308.89,2.58,D,0
15.84257,78.43394,341.37,0.39,0.36,2023-03-08,758,N20,VIIRS,n,2,312.92,4.56,D,0
15.84681,78.90341,334.32,0.38,0.36,2023-03-08,758,N20,VIIRS,l,2,308.97,2.39,D,0
15.85693,77.21664,337.18,0.41,0.37,2023-03-08,758,N20,VIIRS,l,2,310.48,1.47,D,0
15.87,78.85197,335.21,0.39,0.36,2023-03-08,758,N20,VIIRS,n,2,307.51,3.14,D,0
15.89801,78.72645,351.49,0.39,0.36,2023-03-08,758,N20,VIIRS,n,2,312.47,8.64,D,0
15.89856,78.73003,341.01,0.39,0.36,2023-03-08,758,N20,VIIRS,n,2,309.05,4.04,D,0
15.91616,78.82249,341.58,0.39,0.36,2023-03-08,758,N20,VIIRS,n,2,309.44,1.73,D,0
15.9284,79.14531,344.62,0.38,0.36,2023-03-08,758,N20,VIIRS,n,2,312.67,5.07,D,0
15.93589,78.88509,344.5,0.38,0.36,2023-03-08,758,N20,VIIRS,n,2,308.8,5.11,D,0
15.93864,78.88098,332.63,0.38,0.36,2023-03-08,758,N20,VIIRS,n,2,306.74,2.66,D,0
15.93919,78.88455,353.5,0.38,0.36,2023-03-08,758,N20,VIIRS,n,2,308.82,5.11,D,0
15.93973,78.88811,330.96,0.38,0.36,2023-03-08,758,N20,VIIRS,l,2,305.75,5.11,D,0
15.95127,78.87524,333.98,0.38,0.36,2023-03-08,758,N20,VIIRS,n,2,307.1,1.8,D,0
15.9539,78.86695,346.62,0.38,0.36,2023-03-08,758,N20,VIIRS,n,2,312.82,14.42,D,0
15.95445,78.87053,347.9,0.38,0.36,2023-03-08,758,N20,VIIRS,n,2,313.97,14.42,D,0
15.9572,78.86641,355.97,0.38,0.36,2023-03-08,758,N20,VIIRS,n,2,320.78,14.42,D,0
15.95775,78.86999,350.88,0.38,0.36,2023-03-08,758,N20,VIIRS,n,2,317.87,14.42,D,0
15.96104,78.86945,336.05,0.38,0.36,2023-03-08,758,N20,VIIRS,l,2,306.33,36.38,D,0
15.99486,80.10972,347.13,0.39,0.36,2023-03-08,758,N20,VIIRS,n,2,308.17,4.7,D,0
16.03852,79.44859,335.99,0.38,0.36,2023-03-08,758,N20,VIIRS,l,2,309.39,1.65,D,0
16.03906,79.45218,341.73,0.38,0.36,2023-03-08,758,N20,VIIRS,n,2,311.24,5.51,D,0
16.04789,78.39935,343.06,0.39,0.36,2023-03-08,758,N20,VIIRS,n,2,311.49,4.24,D,0
16.04845,78.40295,351.47,0.39,0.36,2023-03-08,758,N20,VIIRS,n,2,314.24,8.13,D,0
16.05064,78.39516,335.37,0.39,0.36,2023-03-08,758,N20,VIIRS,n,2,309.88,2.01,D,0
16.0512,78.39877,337.27,0.39,0.36,2023-03-08,758,N20,VIIRS,n,2,310.43,2.01,D,0
16.06789,79.48353,336.59,0.38,0.36,2023-03-08,758,N20,VIIRS,l,2,311.22,3.36,D,0
16.08084,78.69945,336.58,0.39,0.36,2023-03-08,758,N20,VIIRS,l,2,309.8,1.97,D,0
16.08139,78.70303,336.75,0.39,0.36,2023-03-08,758,N20,VIIRS,l,2,310.81,1.97,D,0
16.08359,78.69532,334.28,0.39,0.36,2023-03-08,758,N20,VIIRS,n,2,309.27,1.06,D,0
16.08414,78.69891,338.92,0.39,0.36,2023-03-08,758,N20,VIIRS,l,2,311.88,4.47,D,0
16.09422,77.31647,339.99,0.41,0.37,2023-03-08,758,N20,VIIRS,l,2,313.88,2.46,D,0
16.09678,78.71511,347.05,0.39,0.36,2023-03-08,758,N20,VIIRS,n,2,309.34,3.88,D,0
16.09714,79.06973,337.91,0.38,0.36,2023-03-08,758,N20,VIIRS,n,2,307.95,2.46,D,0
16.09768,79.0733,332.83,0.38,0.36,2023-03-08,758,N20,VIIRS,n,2,303.86,2.46,D,0
16.12315,78.64468,335.85,0.39,0.36,2023-03-08,758,N20,VIIRS,l,2,309.2,4.79,D,0
16.12317,78.71082,348.88,0.39,0.36,2023-03-08,758,N20,VIIRS,n,2,309.11,5.98,D,0
16.1237,78.64823,344.23,0.39,0.36,2023-03-08,758,N20,VIIRS,l,2,315.42,11.6,D,0
16.12977,78.70972,337.09,0.39,0.36,2023-03-08,758,N20,VIIRS,l,2,307.92,5.95,D,0
16.13085,78.65073,344.05,0.39,0.36,2023-03-08,758,N20,VIIRS,n,2,313.41,10.11,D,0
16.13305,78.64306,344.52,0.39,0.36,2023-03-08,758,N20,VIIRS,n,2,308.51,7.41,D,0
16.1336,78.64662,352.51,0.39,0.36,2023-03-08,758,N20,VIIRS,n,2,317.14,10.11,D,0
16.13415,78.65022,346.54,0.39,0.36,2023-03-08,758,N20,VIIRS,n,2,308.93,10.11,D,0
16.1347,78.65381,344.45,0.39,0.36,2023-03-08,758,N20,VIIRS,n,2,312.28,15.02,D,0
16.13526,78.65744,356.23,0.39,0.36,2023-03-08,758,N20,VIIRS,n,2,317.01,15.02,D,0
16.16582,78.65569,336.13,0.39,0.36,2023-03-08,758,N20,VIIRS,l,2,309.8,3.45,D,0
16.17187,78.65105,337.29,0.39,0.36,2023-03-08,758,N20,VIIRS,n,2,308.46,1.69,D,0
16.19028,77.19421,340.34,0.41,0.37,2023-03-08,758,N20,VIIRS,l,2,313.98,4.61,D,0
16.19534,79.07194,340.92,0.38,0.36,2023-03-08,758,N20,VIIRS,n,2,309.49,6.34,D,0
16.19588,79.0755,350.07,0.38,0.36,2023-03-08,758,N20,VIIRS,n,2,310.83,5.74,D,0
16.19754,79.06427,337.72,0.38,0.36,2023-03-08,758,N20,VIIRS,l,2,310.88,3.98,D,0
16.19917,79.07496,336.12,0.38,0.36,2023-03-08,758,N20,VIIRS,l,2,310.33,5.74,D,0
16.22348,79.45824,340.84,0.38,0.36,2023-03-08,758,N20,VIIRS,l,2,311.31,3.13,D,0
16.23368,77.37788,338.71,0.41,0.37,2023-03-08,758,N20,VIIRS,l,2,313.07,3.19,D,0
16.23619,78.78335,344.91,0.39,0.36,2023-03-08,758,N20,VIIRS,n,2,312.52,6.25,D,0
16.23728,78.7905,340.97,0.39,0.36,2023-03-08,758,N20,VIIRS,n,2,310.28,3.97,D,0
16.23783,78.79406,345.43,0.38,0.36,2023-03-08,758,N20,VIIRS,n,2,311.4,3.97,D,0
16.24003,78.78638,344.06,0.39,0.36,2023-03-08,758,N20,VIIRS,n,2,310.94,5.53,D,0
16.25229,79.94615,330.73,0.39,0.36,2023-03-08,758,N20,VIIRS,n,2,303.41,1.86,D,0
16.25484,78.68059,335.1,0.39,0.36,2023-03-08,758,N20,VIIRS,l,2,307.45,4.06,D,0
16.25758,78.67646,344.5,0.39,0.36,2023-03-08,758,N20,VIIRS,n,2,310.4,4.54,D,0
16.35924,77.25925,348.86,0.41,0.37,2023-03-08,758,N20,VIIRS,n,2,317.58,6.52,D,0
16.40126,78.99674,337.78,0.38,0.36,2023-03-08,758,N20,VIIRS,l,2,311.14,2.32,D,0
16.43584,77.12846,367.0,0.41,0.37,2023-03-08,758,N20,VIIRS,h,2,316.08,8.29,D,0
16.43646,77.13227,356.74,0.41,0.37,2023-03-08,758,N20,VIIRS,l,2,316.37,8.29,D,0
16.43924,77.12787,356.37,0.41,0.37,2023-03-08,758,N20,VIIRS,l,2,316.07,8.29,D,0
16.43986,77.13169,356.66,0.41,0.37,2023-03-08,758,N20,VIIRS,l,2,315.43,8.29,D,0
16.4562,77.77606,350.61,0.4,0.37,2023-03-08,758,N20,VIIRS,n,2,312.51,8.08,D,0
16.4726,79.78432,336.83,0.39,0.36,2023-03-08,758,N20,VIIRS,n,2,308.3,3.07,D,0
16.48253,77.30447,341.16,0.41,0.37,2023-03-08,758,N20,VIIRS,l,2,315.64,7.28,D,0
16.51841,78.82671,339.3,0.38,0.36,2023-03-08,758,N20,VIIRS,n,2,312.03,4.09,D,0
16.5605,77.15764,347.16,0.41,0.37,2023-03-08,758,N20,VIIRS,n,2,315.52,8.45,D,0
16.57337,80.78109,338.29,0.41,0.37,2023-03-08,758,N20,VIIRS,n,2,308.58,3.33,D,0
16.62118,80.80074,339.03,0.41,0.37,2023-03-08,758,N20,VIIRS,n,2,310.1,2.82,D,0
16.62603,79.67439,343.72,0.39,0.36,2023-03-08,758,N20,VIIRS,n,2,310.0,4.18,D,0
16.66268,80.12888,339.12,0.39,0.36,2023-03-08,758,N20,VIIRS,n,2,311.69,10.16,D,0
16.67541,80.37894,341.66,0.4,0.37,2023-03-08,758,N20,VIIRS,n,2,312.44,1.7,D,0
16.69875,81.07424,331.86,0.41,0.37,2023-03-08,758,N20,VIIRS,l,2,305.7,2.23,D,0
16.71494,80.50898,337.76,0.4,0.37,2023-03-08,758,N20,VIIRS,n,2,306.58,3.08,D,0
16.71621,80.4706,336.39,0.4,0.37,2023-03-08,758,N20,VIIRS,l,2,306.65,3.96,D,0
16.72515,80.37503,347.46,0.4,0.37,2023-03-08,758,N20,VIIRS,n,2,314.16,8.7,D,0
16.78743,77.06361,341.77,0.41,0.37,2023-03-08,758,N20,VIIRS,n,2,314.69,6.66,D,0
16.79766,80.26166,339.16,0.4,0.37,2023-03-08,758,N20,VIIRS,n,2,311.1,4.76,D,0
16.80746,80.54058,334.12,0.4,0.37,2023-03-08,758,N20,VIIRS,l,2,308.35,3.13,D,0
16.8141,80.5627,333.06,0.4,0.37,2023-03-08,758,N20,VIIRS,l,2,306.76,2.24,D,0
16.81419,80.53956,333.44,0.4,0.37,2023-03-08,758,N20,VIIRS,l,2,306.53,2.05,D,0
16.81473,80.5433,332.17,0.4,0.37,2023-03-08,758,N20,VIIRS,l,2,306.62,2.05,D,0
16.83415,80.0042,344.21,0.39,0.36,2023-03-08,758,N20,VIIRS,n,2,308.83,7.47,D,0
16.85642,78.53052,337.06,0.39,0.36,2023-03-08,758,N20,VIIRS,l,2,311.62,3.12,D,0
16.88095,80.32384,337.6,0.4,0.37,2023-03-08,758,N20,VIIRS,l,2,310.71,3.03,D,0
16.89425,77.22174,345.02,0.41,0.37,2023-03-08,758,N20,VIIRS,l,2,315.45,6.81,D,0
16.90918,78.76423,342.77,0.38,0.36,2023-03-08,758,N20,VIIRS,n,2,315.49,4.0,D,0
16.9337,78.37006,337.33,0.39,0.36,2023-03-08,758,N20,VIIRS,l,2,311.79,2.88,D,0
16.93444,80.34591,336.69,0.4,0.37,2023-03-08,758,N20,VIIRS,l,2,310.41,2.05,D,0
16.93689,77.24931,339.6,0.41,0.37,2023-03-08,758,N20,VIIRS,l,2,312.66,3.91,D,0
16.93767,80.62,332.78,0.4,0.37,2023-03-08,758,N20,VIIRS,l,2,306.92,1.2,D,0
16.93783,80.59721,341.36,0.4,0.37,2023-03-08,758,N20,VIIRS,n,2,308.89,2.53,D,0
16.95267,80.28237,344.47,0.4,0.37,2023-03-08,758,N20,VIIRS,n,2,308.22,11.1,D,0
16.95924,78.57956,334.89,0.39,0.36,2023-03-08,758,N20,VIIRS,n,2,308.3,2.16,D,0
16.95979,78.58315,334.91,0.39,0.36,2023-03-08,758,N20,VIIRS,n,2,307.64,2.16,D,0
16.9762,78.33666,349.21,0.39,0.36,2023-03-08,758,N20,VIIRS,n,2,308.41,6.31,D,0
17.0239,77.17899,342.27,0.41,0.37,2023-03-08,758,N20,VIIRS,n,2,316.62,3.51,D,0
17.03242,79.08121,342.94,0.38,0.36,2023-03-08,758,N20,VIIRS,n,2,313.12,4.62,D,0
17.08027,78.39304,335.41,0.39,0.36,2023-03-08,758,N20,VIIRS,l,2,309.75,5.45,D,0
17.09277,78.14664,337.42,0.39,0.36,2023-03-08,758,N20,VIIRS,l,2,311.62,2.13,D,0
17.10741,79.71757,338.66,0.39,0.36,2023-03-08,758,N20,VIIRS,n,2,306.87,2.27,D,0
17.11899,78.55601,333.33,0.39,0.36,2023-03-08,758,N20,VIIRS,l,2,307.64,0.83,D,0
17.12961,78.31824,345.23,0.39,0.36,2023-03-08,758,N20,VIIRS,n,2,313.2,3.96,D,0
17.16731,81.02641,335.23,0.42,0.37,2023-03-08,758,N20,VIIRS,l,2,308.15,4.21,D,0
17.17128,81.02975,334.36,0.42,0.37,2023-03-08,758,N20,VIIRS,l,2,307.34,4.57,D,0
17.19536,78.6132,335.96,0.38,0.36,2023-03-08,758,N20,VIIRS,l,2,309.3,2.35,D,0
17.20946,81.48171,335.89,0.43,0.38,2023-03-08,758,N20,VIIRS,l,2,308.87,3.37,D,0
17.21264,81.09913,349.57,0.42,0.38,2023-03-08,758,N20,VIIRS,n,2,311.27,16.1,D,0
17.21607,81.0986,346.12,0.42,0.38,2023-03-08,758,N20,VIIRS,n,2,313.71,16.1,D,0
17.21951,81.09808,341.94,0.42,0.38,2023-03-08,758,N20,VIIRS,n,2,305.0,5.79,D,0
17.22249,80.92281,346.42,0.41,0.37,2023-03-08,758,N20,VIIRS,n,2,310.58,14.5,D,0
17.2389,77.312,342.95,0.4,0.37,2023-03-08,758,N20,VIIRS,n,2,317.44,3.11,D,0
17.24349,80.70043,341.1,0.41,0.37,2023-03-08,758,N20,VIIRS,n,2,308.48,4.8,D,0
17.24374,81.2193,335.17,0.42,0.38,2023-03-08,758,N20,VIIRS,l,2,309.24,2.21,D,0
17.2443,81.22327,335.39,0.42,0.38,2023-03-08,758,N20,VIIRS,l,2,309.17,2.21,D,0
17.24688,80.6999,347.35,0.41,0.37,2023-03-08,758,N20,VIIRS,n,2,312.74,4.8,D,0
17.24742,80.70371,341.91,0.41,0.37,2023-03-08,758,N20,VIIRS,l,2,312.84,21.91,D,0
17.25835,77.81483,339.71,0.39,0.36,2023-03-08,758,N20,VIIRS,n,2,310.9,3.9,D,0
17.26953,79.32497,343.66,0.39,0.36,2023-03-08,758,N20,VIIRS,n,2,315.68,5.39,D,0
17.27532,80.77743,337.02,0.41,0.37,2023-03-08,758,N20,VIIRS,l,2,307.81,1.54,D,0
17.27574,80.80472,347.87,0.41,0.37,2023-03-08,758,N20,VIIRS,n,2,312.15,7.55,D,0
17.27859,80.80035,334.41,0.41,0.37,2023-03-08,758,N20,VIIRS,l,2,309.14,1.81,D,0
17.31011,80.65097,339.5,0.41,0.37,2023-03-08,758,N20,VIIRS,n,2,309.41,4.67,D,0
17.31758,80.97577,344.61,0.42,0.37,2023-03-08,758,N20,VIIRS,n,2,309.82,4.57,D,0
17.32463,80.48645,337.02,0.4,0.37,2023-03-08,758,N20,VIIRS,l,2,308.21,2.67,D,0
17.33481,81.34775,341.12,0.43,0.38,2023-03-08,758,N20,VIIRS,n,2,306.27,3.24,D,0
17.33963,80.8105,338.84,0.41,0.37,2023-03-08,758,N20,VIIRS,l,2,310.99,4.75,D,0
17.34055,81.08781,331.49,0.42,0.38,2023-03-08,758,N20,VIIRS,l,2,304.31,2.03,D,0
17.35773,80.8155,340.23,0.41,0.37,2023-03-08,758,N20,VIIRS,n,2,309.44,4.49,D,0
17.35939,78.20068,339.03,0.39,0.36,2023-03-08,758,N20,VIIRS,n,2,312.14,3.05,D,0
17.36114,80.81497,351.66,0.41,0.37,2023-03-08,758,N20,VIIRS,n,2,309.78,6.14,D,0
17.36169,81.13741,335.78,0.42,0.38,2023-03-08,758,N20,VIIRS,n,2,308.71,3.3,D,0
17.36659,81.49939,336.39,0.43,0.38,2023-03-08,758,N20,VIIRS,n,2,305.97,2.36,D,0
17.37452,80.86016,334.16,0.41,0.37,2023-03-08,758,N20,VIIRS,n,2,307.55,2.02,D,0
17.37617,80.87182,341.15,0.41,0.37,2023-03-08,758,N20,VIIRS,n,2,310.91,8.52,D,0
17.37696,80.82829,340.17,0.41,0.37,2023-03-08,758,N20,VIIRS,n,2,310.03,7.36,D,0
17.37794,80.85969,339.94,0.41,0.37,2023-03-08,758,N20,VIIRS,n,2,308.61,2.02,D,0
17.38015,80.87526,338.32,0.41,0.37,2023-03-08,758,N20,VIIRS,l,2,310.9,8.52,D,0
17.38046,79.91223,330.07,0.39,0.36,2023-03-08,758,N20,VIIRS,l,2,304.75,1.17,D,0
17.38146,80.83543,337.56,0.41,0.37,2023-03-08,758,N20,VIIRS,n,2,306.78,5.72,D,0
17.38289,81.46294,350.31,0.43,0.38,2023-03-08,758,N20,VIIRS,n,2,309.18,5.96,D,0
17.38374,78.05127,342.8,0.39,0.36,2023-03-08,758,N20,VIIRS,l,2,315.58,3.06,D,0
17.39423,80.90071,337.37,0.41,0.37,2023-03-08,758,N20,VIIRS,n,2,306.06,1.97,D,0
17.39549,80.98367,334.97,0.42,0.37,2023-03-08,758,N20,VIIRS,l,2,308.98,1.66,D,0
17.42195,80.80187,340.0,0.41,0.37,2023-03-08,758,N20,VIIRS,n,2,308.68,3.2,D,0
17.43475,80.66719,334.67,0.41,0.37,2023-03-08,758,N20,VIIRS,l,2,308.97,2.46,D,0
17.43582,80.36169,336.04,0.4,0.37,2023-03-08,758,N20,VIIRS,l,2,307.68,2.45,D,0
17.43623,80.38828,346.02,0.4,0.37,2023-03-08,758,N20,VIIRS,n,2,308.76,2.8,D,0
17.43863,80.35738,337.55,0.4,0.37,2023-03-08,758,N20,VIIRS,n,2,306.77,1.4,D,0
17.44536,80.35632,338.34,0.4,0.37,2023-03-08,758,N20,VIIRS,n,2,307.5,3.27,D,0
17.44818,80.35203,335.03,0.4,0.37,2023-03-08,758,N20,VIIRS,l,2,308.92,1.51,D,0
17.44898,80.7431,348.49,0.41,0.37,2023-03-08,758,N20,VIIRS,n,2,310.9,4.83,D,0
17.45687,80.41197,339.14,0.4,0.37,2023-03-08,758,N20,VIIRS,l,2,311.08,3.25,D,0
17.46192,80.85936,334.32,0.41,0.37,2023-03-08,758,N20,VIIRS,l,2,307.79,3.64,D,0
17.47574,80.44714,339.17,0.4,0.37,2023-03-08,758,N20,VIIRS,l,2,311.01,2.86,D,0
17.4791,80.44657,348.98,0.4,0.37,2023-03-08,758,N20,VIIRS,n,2,310.03,4.38,D,0
17.48294,79.75648,334.12,0.39,0.36,2023-03-08,758,N20,VIIRS,l,2,305.3,1.76,D,0
17.48626,79.75594,339.23,0.39,0.36,2023-03-08,758,N20,VIIRS,n,2,308.7,4.78,D,0
17.48898,81.47321,347.83,0.43,0.38,2023-03-08,758,N20,VIIRS,n,2,308.14,5.26,D,0
17.49071,80.9894,332.46,0.42,0.37,2023-03-08,758,N20,VIIRS,l,2,307.25,3.25,D,0
17.49243,81.47237,336.99,0.43,0.38,2023-03-08,758,N20,VIIRS,n,2,306.57,5.26,D,0
17.49414,80.98892,347.6,0.42,0.37,2023-03-08,758,N20,VIIRS,n,2,309.33,4.22,D,0
17.49469,80.99281,335.78,0.42,0.37,2023-03-08,758,N20,VIIRS,n,2,305.63,4.22,D,0
17.49696,80.7869,338.96,0.41,0.37,2023-03-08,758,N20,VIIRS,n,2,308.02,3.38,D,0
17.49752,81.1134,332.57,0.42,0.38,2023-03-08,758,N20,VIIRS,l,2,306.85,1.35,D,0
17.50184,80.02359,335.49,0.39,0.36,2023-03-08,758,N20,VIIRS,n,2,309.6,2.46,D,0
17.50962,77.05968,347.48,0.41,0.37,2023-03-08,758,N20,VIIRS,n,2,317.18,5.52,D,0
17.5125,81.0946,335.99,0.42,0.38,2023-03-08,758,N20,VIIRS,l,2,306.66,5.28,D,0
17.51339,80.29127,339.89,0.4,0.37,2023-03-08,758,N20,VIIRS,n,2,312.82,3.55,D,0
17.51631,80.77609,334.64,0.41,0.37,2023-03-08,758,N20,VIIRS,l,2,309.24,2.83,D,0
17.5165,81.09808,335.73,0.42,0.38,2023-03-08,758,N20,VIIRS,l,2,306.68,1.71,D,0
17.52314,77.83324,337.97,0.39,0.36,2023-03-08,758,N20,VIIRS,l,2,312.78,1.75,D,0
17.52401,80.17532,336.09,0.4,0.37,2023-03-08,758,N20,VIIRS,l,2,310.85,3.88,D,0
17.52576,81.08883,334.59,0.42,0.38,2023-03-08,758,N20,VIIRS,l,2,307.94,3.36,D,0
17.52999,81.04404,338.23,0.42,0.38,2023-03-08,758,N20,VIIRS,n,2,307.71,2.8,D,0
17.53635,80.89161,340.23,0.41,0.37,2023-03-08,758,N20,VIIRS,l,2,310.47,2.52,D,0
17.54292,80.18748,342.8,0.4,0.37,2023-03-08,758,N20,VIIRS,n,2,310.28,2.54,D,0
17.54433,81.046,344.94,0.42,0.38,2023-03-08,758,N20,VIIRS,n,2,309.96,3.9,D,0
17.5471,80.38174,336.76,0.4,0.37,2023-03-08,758,N20,VIIRS,l,2,310.92,2.7,D,0
17.5494,77.2661,342.67,0.4,0.37,2023-03-08,758,N20,VIIRS,l,2,315.88,6.66,D,0
17.55123,77.26538,346.65,0.4,0.37,2023-03-08,758,N20,VIIRS,l,2,318.38,8.47,D,0
17.55644,78.17802,342.28,0.39,0.36,2023-03-08,758,N20,VIIRS,n,2,309.41,0.71,D,0
17.55802,77.5592,348.06,0.4,0.37,2023-03-08,758,N20,VIIRS,n,2,317.79,8.75,D,0
17.55829,80.38767,339.41,0.4,0.37,2023-03-08,758,N20,VIIRS,n,2,309.25,1.76,D,0
17.56371,81.0834,338.98,0.42,0.38,2023-03-08,758,N20,VIIRS,l,2,311.64,4.03,D,0
17.56492,80.40971,346.27,0.4,0.37,2023-03-08,758,N20,VIIRS,n,2,311.35,3.38,D,0
17.57168,80.40872,340.77,0.4,0.37,2023-03-08,758,N20,VIIRS,l,2,315.67,5.55,D,0
17.57983,80.60899,342.87,0.41,0.37,2023-03-08,758,N20,VIIRS,n,2,310.13,5.83,D,0
17.59204,80.89048,335.91,0.41,0.37,2023-03-08,758,N20,VIIRS,l,2,310.3,2.37,D,0
17.59509,80.34364,343.84,0.4,0.37,2023-03-08,758,N20,VIIRS,n,2,313.05,3.87,D,0
17.59546,80.88995,339.0,0.41,0.37,2023-03-08,758,N20,VIIRS,n,2,313.09,2.98,D,0
17.59641,80.20952,336.17,0.4,0.37,2023-03-08,758,N20,VIIRS,l,2,308.47,2.34,D,0
17.59668,80.87385,347.63,0.41,0.37,2023-03-08,758,N20,VIIRS,n,2,312.95,7.04,D,0
17.6042,80.21596,347.53,0.4,0.37,2023-03-08,758,N20,VIIRS,n,2,311.38,5.83,D,0
17.60908,78.36543,336.23,0.39,0.36,2023-03-08,758,N20,VIIRS,l,2,310.47,3.09,D,0
17.61286,80.37154,339.54,0.4,0.37,2023-03-08,758,N20,VIIRS,l,2,312.88,3.69,D,0
17.61743,80.35546,337.6,0.4,0.37,2023-03-08,758,N20,VIIRS,l,2,310.47,1.71,D,0
17.61982,79.03392,340.53,0.38,0.36,2023-03-08,758,N20,VIIRS,l,2,312.84,4.17,D,0
17.62044,80.6261,339.14,0.41,0.37,2023-03-08,758,N20,VIIRS,n,2,313.0,2.45,D,0
17.6324,80.38773,342.57,0.4,0.37,2023-03-08,758,N20,VIIRS,n,2,311.18,2.91,D,0
17.63556,80.53043,345.01,0.41,0.37,2023-03-08,758,N20,VIIRS,n,2,311.29,2.99,D,0
17.63577,80.38718,342.81,0.4,0.37,2023-03-08,758,N20,VIIRS,n,2,310.25,2.91,D,0
17.64392,80.32439,337.2,0.4,0.37,2023-03-08,758,N20,VIIRS,l,2,311.6,3.31,D,0
17.64629,79.21021,335.19,0.39,0.36,2023-03-08,758,N20,VIIRS,l,2,307.14,4.02,D,0
17.65017,80.17828,337.96,0.4,0.37,2023-03-08,758,N20,VIIRS,l,2,309.82,3.08,D,0
17.65407,80.83381,343.56,0.41,0.37,2023-03-08,758,N20,VIIRS,n,2,316.19,6.0,D,0
17.65527,79.93858,345.26,0.39,0.36,2023-03-08,758,N20,VIIRS,n,2,305.81,9.26,D,0
17.67667,77.19732,338.09,0.4,0.37,2023-03-08,758,N20,VIIRS,l,2,311.45,1.55,D,0
17.67727,80.18512,340.66,0.4,0.37,2023-03-08,758,N20,VIIRS,l,2,311.6,3.48,D,0
17.68156,81.42922,344.54,0.43,0.38,2023-03-08,758,N20,VIIRS,n,2,309.73,12.28,D,0
17.68436,78.83558,334.35,0.38,0.36,2023-03-08,758,N20,VIIRS,l,2,308.9,1.11,D,0
17.68438,78.61056,337.21,0.38,0.36,2023-03-08,758,N20,VIIRS,l,2,310.02,2.3,D,0
17.69039,80.32457,334.93,0.4,0.37,2023-03-08,758,N20,VIIRS,l,2,307.44,2.59,D,0
17.70319,80.51969,332.26,0.41,0.37,2023-03-08,758,N20,VIIRS,l,2,307.07,1.31,D,0
17.70667,80.41458,336.84,0.4,0.37,2023-03-08,758,N20,VIIRS,l,2,310.25,3.54,D,0
17.7092,80.58523,338.49,0.41,0.37,2023-03-08,758,N20,VIIRS,l,2,312.05,4.69,D,0
17.70958,77.07906,343.8,0.41,0.37,2023-03-08,758,N20,VIIRS,n,2,317.05,3.53,D,0
17.71081,80.17988,334.74,0.4,0.37,2023-03-08,758,N20,VIIRS,l,2,307.56,2.86,D,0
17.71372,80.15267,336.57,0.4,0.37,2023-03-08,758,N20,VIIRS,l,2,310.57,3.09,D,0
17.72093,80.2738,333.61,0.4,0.37,2023-03-08,758,N20,VIIRS,l,2,305.56,0.83,D,0
17.73548,81.29319,337.59,0.43,0.38,2023-03-08,758,N20,VIIRS,l,2,308.37,4.79,D,0
17.73717,80.26729,348.63,0.4,0.37,2023-03-08,758,N20,VIIRS,n,2,314.49,17.66,D,0
17.73772,80.27106,345.19,0.4,0.37,2023-03-08,758,N20,VIIRS,n,2,313.53,9.34,D,0
17.73778,79.32468,338.36,0.39,0.36,2023-03-08,758,N20,VIIRS,n,2,309.67,3.72,D,0
17.74052,80.26669,349.36,0.4,0.37,2023-03-08,758,N20,VIIRS,n,2,317.95,17.66,D,0
17.7406,77.25168,340.22,0.4,0.37,2023-03-08,758,N20,VIIRS,l,2,311.93,3.45,D,0
17.74107,80.27044,345.1,0.4,0.37,2023-03-08,758,N20,VIIRS,n,2,312.21,9.34,D,0
17.74769,80.412,349.83,0.4,0.37,2023-03-08,758,N20,VIIRS,n,2,312.18,9.82,D,0
17.75646,80.21078,337.99,0.4,0.37,2023-03-08,758,N20,VIIRS,l,2,312.82,4.89,D,0
17.75939,80.73825,335.78,0.41,0.37,2023-03-08,758,N20,VIIRS,l,2,308.82,3.44,D,0
17.76208,80.20223,334.76,0.4,0.37,2023-03-08,758,N20,VIIRS,l,2,307.24,1.84,D,0
17.76817,80.48251,349.74,0.4,0.37,2023-03-08,758,N20,VIIRS,n,2,312.21,4.19,D,0
17.77056,80.07912,349.2,0.4,0.37,2023-03-08,758,N20,VIIRS,n,2,309.26,5.89,D,0
17.77069,80.14375,343.87,0.4,0.37,2023-03-08,758,N20,VIIRS,n,2,310.16,4.24,D,0
17.77123,80.14748,335.03,0.4,0.37,2023-03-08,758,N20,VIIRS,l,2,306.31,4.24,D,0
17.77298,80.1435,345.19,0.4,0.37,2023-03-08,758,N20,VIIRS,n,2,308.43,3.61,D,0
17.77351,80.14723,335.25,0.4,0.37,2023-03-08,758,N20,VIIRS,n,2,307.01,3.61,D,0
17.77828,80.19572,338.39,0.4,0.37,2023-03-08,758,N20,VIIRS,n,2,307.65,5.06,D,0
17.77877,80.22253,336.46,0.4,0.37,2023-03-08,758,N20,VIIRS,n,2,305.82,1.35,D,0
17.77985,80.22997,332.88,0.4,0.37,2023-03-08,758,N20,VIIRS,l,2,306.84,3.75,D,0
17.78045,80.19551,331.72,0.4,0.37,2023-03-08,758,N20,VIIRS,l,2,305.93,1.16,D,0
17.78142,78.40181,343.94,0.39,0.36,2023-03-08,758,N20,VIIRS,n,2,312.98,4.33,D,0
17.78274,80.18758,336.23,0.4,0.37,2023-03-08,758,N20,VIIRS,l,2,308.81,8.22,D,0
17.78321,80.22945,348.29,0.4,0.37,2023-03-08,758,N20,VIIRS,n,2,308.13,3.75,D,0
17.78375,80.23315,340.05,0.4,0.37,2023-03-08,758,N20,VIIRS,n,2,306.1,3.24,D,0
17.78429,80.23685,337.35,0.4,0.37,2023-03-08,758,N20,VIIRS,n,2,305.97,3.24,D,0
17.78471,80.42944,339.89,0.4,0.37,2023-03-08,758,N20,VIIRS,l,2,311.23,4.6,D,0
17.78526,80.43324,340.69,0.4,0.37,2023-03-08,758,N20,VIIRS,l,2,313.71,5.9,D,0
17.78528,80.22927,338.67,0.4,0.37,2023-03-08,758,N20,VIIRS,n,2,306.49,1.77,D,0
17.78663,80.19078,333.39,0.4,0.37,2023-03-08,758,N20,VIIRS,l,2,306.34,2.97,D,0
17.78678,80.32478,348.59,0.4,0.37,2023-03-08,758,N20,VIIRS,n,2,312.64,19.01,D,0
17.78808,80.42889,347.1,0.4,0.37,2023-03-08,758,N20,VIIRS,n,2,311.76,5.4,D,0
17.78919,80.13711,339.42,0.4,0.37,2023-03-08,758,N20,VIIRS,n,2,307.91,2.48,D,0
17.79053,77.71856,342.96,0.39,0.36,2023-03-08,758,N20,VIIRS,n,2,315.9,3.29,D,0
17.79063,80.07593,340.32,0.4,0.37,2023-03-08,758,N20,VIIRS,n,2,309.82,2.69,D,0
17.79091,80.42458,339.18,0.4,0.37,2023-03-08,758,N20,VIIRS,l,2,310.95,5.4,D,0
17.79254,80.13658,344.28,0.4,0.37,2023-03-08,758,N20,VIIRS,n,2,308.11,2.59,D,0
17.79327,80.53689,338.56,0.41,0.37,2023-03-08,758,N20,VIIRS,l,2,311.35,6.38,D,0
17.79382,80.54069,344.25,0.41,0.37,2023-03-08,758,N20,VIIRS,n,2,310.45,4.52,D,0
17.79721,80.5402,336.98,0.41,0.37,2023-03-08,758,N20,VIIRS,l,2,307.38,2.72,D,0
17.79842,77.08328,338.68,0.4,0.37,2023-03-08,758,N20,VIIRS,l,2,313.38,3.15,D,0
17.79872,80.22713,335.4,0.4,0.37,2023-03-08,758,N20,VIIRS,l,2,305.59,4.1,D,0
17.79925,80.23084,348.17,0.4,0.37,2023-03-08,758,N20,VIIRS,n,2,306.89,5.25,D,0
17.80146,80.71566,333.44,0.41,0.37,2023-03-08,758,N20,VIIRS,l,2,306.96,1.6,D,0
17.80165,80.19975,336.87,0.4,0.37,2023-03-08,758,N20,VIIRS,n,2,305.18,4.53,D,0
17.802,80.71944,337.97,0.41,0.37,2023-03-08,758,N20,VIIRS,l,2,309.05,7.03,D,0
17.80855,80.05795,352.39,0.4,0.37,2023-03-08,758,N20,VIIRS,n,2,311.65,5.24,D,0
17.80883,80.4529,335.19,0.4,0.37,2023-03-08,758,N20,VIIRS,l,2,310.18,4.11,D,0
17.80937,80.72228,334.29,0.41,0.37,2023-03-08,758,N20,VIIRS,l,2,306.34,2.07,D,0
17.80938,80.4567,346.62,0.4,0.37,2023-03-08,758,N20,VIIRS,n,2,310.86,4.11,D,0
17.81091,80.14513,336.37,0.4,0.37,2023-03-08,758,N20,VIIRS,n,2,307.78,1.7,D,0
17.81186,80.17545,341.24,0.4,0.37,2023-03-08,758,N20,VIIRS,n,2,309.86,3.42,D,0
17.81189,80.0574,344.54,0.4,0.37,2023-03-08,758,N20,VIIRS,n,2,312.52,5.24,D,0
17.8147,80.05315,351.72,0.4,0.37,2023-03-08,758,N20,VIIRS,n,2,311.47,4.83,D,0
17.81522,80.17492,337.31,0.4,0.37,2023-03-08,758,N20,VIIRS,l,2,307.94,3.42,D,0
17.81524,80.05687,343.12,0.4,0.37,2023-03-08,758,N20,VIIRS,n,2,311.87,4.83,D,0
17.82106,80.00295,335.05,0.39,0.37,2023-03-08,758,N20,VIIRS,l,2,308.91,3.83,D,0
17.82157,80.66155,332.81,0.41,0.37,2023-03-08,758,N20,VIIRS,l,2,307.31,2.1,D,0
17.83729,80.44874,336.53,0.4,0.37,2023-03-08,758,N20,VIIRS,l,2,311.17,1.28,D,0
17.83825,80.75368,340.16,0.41,0.37,2023-03-08,758,N20,VIIRS,n,2,307.51,2.15,D,0
17.84092,80.28165,336.24,0.4,0.37,2023-03-08,758,N20,VIIRS,l,2,309.48,3.18,D,0
17.84309,81.47691,335.58,0.44,0.38,2023-03-08,758,N20,VIIRS,l,2,310.31,2.86,D,0
17.84374,80.27734,344.02,0.4,0.37,2023-03-08,758,N20,VIIRS,n,2,311.41,3.18,D,0
17.84646,80.66534,330.75,0.41,0.37,2023-03-08,758,N20,VIIRS,l,2,305.51,5.46,D,0
17.84718,80.6656,331.38,0.41,0.37,2023-03-08,758,N20,VIIRS,l,2,305.44,3.9,D,0
17.84968,80.73611,333.71,0.41,0.37,2023-03-08,758,N20,VIIRS,l,2,305.87,2.59,D,0
17.85107,80.49696,334.61,0.41,0.37,2023-03-08,758,N20,VIIRS,l,2,308.28,2.51,D,0
17.85142,80.72394,332.42,0.41,0.37,2023-03-08,758,N20,VIIRS,l,2,307.17,4.49,D,0
17.85197,80.72778,337.95,0.41,0.37,2023-03-08,758,N20,VIIRS,n,2,306.88,3.72,D,0
17.85309,80.73554,339.68,0.41,0.37,2023-03-08,758,N20,VIIRS,n,2,307.41,4.22,D,0
17.85373,80.29889,346.75,0.4,0.37,2023-03-08,758,N20,VIIRS,n,2,312.64,6.39,D,0
17.85538,80.72726,331.54,0.41,0.37,2023-03-08,758,N20,VIIRS,l,2,306.18,3.72,D,0
17.85762,80.04253,336.33,0.4,0.37,2023-03-08,758,N20,VIIRS,l,2,310.41,2.58,D,0
17.85908,80.57771,338.34,0.41,0.37,2023-03-08,758,N20,VIIRS,n,2,308.21,3.01,D,0
17.85926,80.19466,336.59,0.4,0.37,2023-03-08,758,N20,VIIRS,n,2,308.13,1.5,D,0
17.86322,80.03404,334.96,0.4,0.37,2023-03-08,758,N20,VIIRS,l,2,307.9,2.49,D,0
17.86434,80.73825,339.46,0.41,0.37,2023-03-08,758,N20,VIIRS,n,2,307.45,2.77,D,0
17.86576,80.23943,337.34,0.4,0.37,2023-03-08,758,N20,VIIRS,l,2,308.47,2.68,D,0
17.86716,80.17817,338.99,0.4,0.37,2023-03-08,758,N20,VIIRS,l,2,312.16,4.97,D,0
17.86963,78.35693,333.88,0.39,0.36,2023-03-08,758,N20,VIIRS,l,2,308.79,1.49,D,0
17.87051,80.17764,342.17,0.4,0.37,2023-03-08,758,N20,VIIRS,n,2,313.37,4.97,D,0
17.87249,80.09727,345.35,0.4,0.37,2023-03-08,758,N20,VIIRS,n,2,313.02,3.6,D,0
17.87292,78.35638,339.65,0.39,0.36,2023-03-08,758,N20,VIIRS,n,2,309.05,1.93,D,0
17.87314,80.36176,347.87,0.4,0.37,2023-03-08,758,N20,VIIRS,n,2,313.54,7.07,D,0
17.87387,80.1771,345.08,0.4,0.37,2023-03-08,758,N20,VIIRS,n,2,308.76,5.04,D,0
17.8767,80.65308,338.3,0.41,0.37,2023-03-08,758,N20,VIIRS,n,2,306.66,2.62,D,0
17.88267,81.42123,341.63,0.44,0.38,2023-03-08,758,N20,VIIRS,n,2,311.07,3.1,D,0
17.88463,80.00017,339.59,0.4,0.37,2023-03-08,758,N20,VIIRS,n,2,308.17,2.3,D,0
17.88502,80.68726,339.2,0.41,0.37,2023-03-08,758,N20,VIIRS,n,2,307.92,4.21,D,0
17.89086,80.65486,337.24,0.41,0.37,2023-03-08,758,N20,VIIRS,n,2,306.14,3.86,D,0
17.89093,80.24706,343.39,0.4,0.37,2023-03-08,758,N20,VIIRS,n,2,312.93,4.68,D,0
17.89119,80.34351,343.56,0.4,0.37,2023-03-08,758,N20,VIIRS,n,2,311.49,3.34,D,0
17.89426,80.65433,333.43,0.41,0.37,2023-03-08,758,N20,VIIRS,n,2,306.31,1.35,D,0
17.8943,80.24657,340.19,0.4,0.37,2023-03-08,758,N20,VIIRS,l,2,313.96,4.68,D,0
17.89484,80.25031,342.89,0.4,0.37,2023-03-08,758,N20,VIIRS,l,2,313.99,4.68,D,0
17.897,80.67358,340.05,0.41,0.37,2023-03-08,758,N20,VIIRS,n,2,309.4,4.72,D,0
17.89717,80.5288,337.09,0.41,0.37,2023-03-08,758,N20,VIIRS,l,2,309.76,3.19,D,0
17.89837,80.51303,339.23,0.41,0.37,2023-03-08,758,N20,VIIRS,l,2,312.85,2.0,D,0
17.89921,80.28031,342.2,0.4,0.37,2023-03-08,758,N20,VIIRS,n,2,309.3,3.3,D,0
17.90041,80.67307,340.08,0.41,0.37,2023-03-08,758,N20,VIIRS,n,2,308.62,4.72,D,0
17.90086,80.27988,350.57,0.4,0.37,2023-03-08,758,N20,VIIRS,n,2,312.98,8.44,D,0
17.91041,81.49243,338.74,0.44,0.38,2023-03-08,758,N20,VIIRS,l,2,312.16,5.45,D,0
17.91193,80.63193,337.19,0.41,0.37,2023-03-08,758,N20,VIIRS,n,2,306.99,3.96,D,0
17.91222,80.70715,332.21,0.41,0.37,2023-03-08,758,N20,VIIRS,l,2,307.17,1.73,D,0
17.91729,80.5724,341.4,0.41,0.37,2023-03-08,758,N20,VIIRS,n,2,306.98,5.31,D,0
17.91762,80.62314,331.86,0.41,0.37,2023-03-08,758,N20,VIIRS,l,2,306.39,3.53,D,0
17.92014,80.56805,345.34,0.41,0.37,2023-03-08,758,N20,VIIRS,n,2,309.24,5.31,D,0
17.92068,80.57187,339.15,0.41,0.37,2023-03-08,758,N20,VIIRS,n,2,309.03,5.31,D,0
17.92223,80.60683,345.84,0.41,0.37,2023-03-08,758,N20,VIIRS,n,2,308.94,5.28,D,0
17.92353,80.56754,338.2,0.41,0.37,2023-03-08,758,N20,VIIRS,n,2,307.62,3.8,D,0
17.92408,80.57135,335.32,0.41,0.37,2023-03-08,758,N20,VIIRS,l,2,308.37,3.8,D,0
17.92747,80.57082,339.75,0.41,0.37,2023-03-08,758,N20,VIIRS,n,2,308.5,3.8,D,0
17.92849,80.60203,333.97,0.41,0.37,2023-03-08,758,N20,VIIRS,l,2,308.76,2.66,D,0
17.92867,80.55503,336.26,0.41,0.37,2023-03-08,758,N20,VIIRS,l,2,307.33,3.48,D,0
17.92922,80.55886,336.46,0.41,0.37,2023-03-08,758,N20,VIIRS,l,2,309.45,4.98,D,0
17.93057,77.74334,339.56,0.39,0.36,2023-03-08,758,N20,VIIRS,l,2,311.23,4.05,D,0
17.93217,80.67613,335.1,0.41,0.37,2023-03-08,758,N20,VIIRS,l,2,306.03,2.5,D,0
17.93844,81.06754,340.86,0.42,0.38,2023-03-08,758,N20,VIIRS,n,2,308.18,2.52,D,0
17.94765,80.53635,341.43,0.41,0.37,2023-03-08,758,N20,VIIRS,n,2,309.61,3.59,D,0
17.94818,80.54012,333.48,0.41,0.37,2023-03-08,758,N20,VIIRS,l,2,306.38,1.94,D,0
17.95732,79.31747,334.98,0.39,0.36,2023-03-08,758,N20,VIIRS,l,2,306.18,5.39,D,0
17.95769,80.68415,345.08,0.41,0.37,2023-03-08,758,N20,VIIRS,n,2,307.58,3.44,D,0
17.9578,80.43728,335.62,0.4,0.37,2023-03-08,758,N20,VIIRS,l,2,306.16,1.63,D,0
17.95804,80.68413,341.04,0.41,0.37,2023-03-08,758,N20,VIIRS,n,2,307.53,2.35,D,0
17.95992,80.23614,346.1,0.4,0.37,2023-03-08,758,N20,VIIRS,n,2,312.29,5.09,D,0
17.96253,80.39787,338.05,0.4,0.37,2023-03-08,758,N20,VIIRS,n,2,308.04,2.94,D,0
17.96319,80.25874,334.65,0.4,0.37,2023-03-08,758,N20,VIIRS,l,2,309.04,5.05,D,0
17.96378,80.4792,337.98,0.41,0.37,2023-03-08,758,N20,VIIRS,n,2,307.54,2.76,D,0
17.96432,80.48299,332.58,0.41,0.37,2023-03-08,758,N20,VIIRS,l,2,306.38,2.85,D,0
17.96499,77.81225,338.53,0.39,0.36,2023-03-08,758,N20,VIIRS,l,2,311.87,3.6,D,0
17.96656,80.25823,344.54,0.4,0.37,2023-03-08,758,N20,VIIRS,n,2,311.2,4.35,D,0
17.96665,80.23509,341.38,0.4,0.37,2023-03-08,758,N20,VIIRS,n,2,309.28,4.6,D,0
17.9671,80.262,343.27,0.4,0.37,2023-03-08,758,N20,VIIRS,n,2,310.62,4.35,D,0
17.96774,80.24262,341.15,0.4,0.37,2023-03-08,758,N20,VIIRS,n,2,309.61,3.24,D,0
17.96962,80.54459,333.07,0.41,0.37,2023-03-08,758,N20,VIIRS,l,2,305.91,3.71,D,0
17.97001,80.23456,335.47,0.4,0.37,2023-03-08,758,N20,VIIRS,l,2,309.65,3.86,D,0
17.97196,80.7338,340.86,0.41,0.37,2023-03-08,758,N20,VIIRS,n,2,312.82,3.38,D,0
17.97334,80.69389,339.16,0.41,0.37,2023-03-08,758,N20,VIIRS,l,2,312.01,3.17,D,0
17.97452,80.36121,350.99,0.4,0.37,2023-03-08,758,N20,VIIRS,n,2,316.21,11.13,D,0
17.97507,80.36499,336.83,0.4,0.37,2023-03-08,758,N20,VIIRS,l,2,310.95,5.39,D,0
17.97817,80.53164,348.8,0.41,0.37,2023-03-08,758,N20,VIIRS,n,2,308.58,4.8,D,0
17.99292,80.25022,346.92,0.4,0.37,2023-03-08,758,N20,VIIRS,n,2,310.03,4.46,D,0
17.99722,80.30351,338.11,0.4,0.37,2023-03-08,758,N20,VIIRS,l,2,311.09,3.78,D,0
18.01516,80.29632,342.53,0.4,0.37,2023-03-08,758,N20,VIIRS,n,2,306.64,3.27,D,0
18.01907,80.29958,339.33,0.4,0.37,2023-03-08,758,N20,VIIRS,n,2,306.58,4.35,D,0
18.03553,80.36675,338.12,0.4,0.37,2023-03-08,758,N20,VIIRS,l,2,310.38,3.22,D,0
18.03629,81.36124,335.91,0.43,0.38,2023-03-08,758,N20,VIIRS,l,2,310.63,1.8,D,0
18.03713,80.28136,341.62,0.4,0.37,2023-03-08,758,N20,VIIRS,n,2,306.81,3.29,D,0
18.03827,80.63625,332.62,0.41,0.37,2023-03-08,758,N20,VIIRS,l,2,307.62,3.35,D,0
18.04103,80.28456,335.03,0.4,0.37,2023-03-08,758,N20,VIIRS,n,2,306.4,2.12,D,0
18.04113,80.63196,334.19,0.41,0.37,2023-03-08,758,N20,VIIRS,l,2,307.85,1.48,D,0
18.04157,80.28834,337.08,0.4,0.37,2023-03-08,758,N20,VIIRS,n,2,306.84,2.12,D,0
18.04223,80.63961,339.35,0.41,0.37,2023-03-08,758,N20,VIIRS,n,2,307.57,2.59,D,0
18.04453,80.63143,334.72,0.41,0.37,2023-03-08,758,N20,VIIRS,l,2,306.75,1.48,D,0
18.04508,80.63523,337.37,0.41,0.37,2023-03-08,758,N20,VIIRS,n,2,307.52,2.59,D,0
18.05182,77.95434,342.86,0.39,0.36,2023-03-08,758,N20,VIIRS,n,2,308.99,3.83,D,0
18.05384,80.06413,335.27,0.4,0.37,2023-03-08,758,N20,VIIRS,l,2,309.48,2.85,D,0
18.0568,80.15536,340.02,0.4,0.37,2023-03-08,758,N20,VIIRS,n,2,309.62,7.43,D,0
18.05989,80.53853,343.43,0.41,0.37,2023-03-08,758,N20,VIIRS,n,2,312.58,5.32,D,0
18.06247,80.48333,337.67,0.41,0.37,2023-03-08,758,N20,VIIRS,l,2,310.06,3.83,D,0
18.06328,80.53799,351.54,0.41,0.37,2023-03-08,758,N20,VIIRS,n,2,313.05,5.32,D,0
18.07004,80.43921,337.27,0.41,0.37,2023-03-08,758,N20,VIIRS,l,2,311.32,2.37,D,0
18.07307,78.66611,335.59,0.38,0.36,2023-03-08,758,N20,VIIRS,n,2,305.42,3.15,D,0
18.07705,79.76091,338.13,0.39,0.36,2023-03-08,758,N20,VIIRS,n,2,307.33,3.07,D,0
18.07809,80.3988,332.75,0.4,0.37,2023-03-08,758,N20,VIIRS,l,2,306.07,1.69,D,0
18.07901,80.04876,336.19,0.4,0.37,2023-03-08,758,N20,VIIRS,l,2,309.46,4.09,D,0
18.08635,80.3122,334.02,0.4,0.37,2023-03-08,758,N20,VIIRS,l,2,306.33,1.53,D,0
18.08761,80.41698,336.17,0.4,0.37,2023-03-08,758,N20,VIIRS,l,2,309.57,2.39,D,0
18.09271,79.72828,340.98,0.39,0.36,2023-03-08,758,N20,VIIRS,n,2,309.7,4.94,D,0
18.09308,80.31107,336.42,0.4,0.37,2023-03-08,758,N20,VIIRS,l,2,307.14,3.01,D,0
18.10295,80.37944,343.47,0.4,0.37,2023-03-08,758,N20,VIIRS,n,2,306.95,3.76,D,0
18.1047,80.36756,331.78,0.4,0.37,2023-03-08,758,N20,VIIRS,l,2,305.58,1.95,D,0
18.10476,80.34409,334.29,0.4,0.37,2023-03-08,758,N20,VIIRS,l,2,306.08,3.0,D,0
18.10524,80.37136,336.79,0.4,0.37,2023-03-08,758,N20,VIIRS,l,2,308.11,1.95,D,0
18.10759,80.33981,340.9,0.4,0.37,2023-03-08,758,N20,VIIRS,n,2,306.92,4.24,D,0
18.10807,80.36703,332.98,0.4,0.37,2023-03-08,758,N20,VIIRS,l,2,307.47,1.95,D,0
18.10862,80.37083,332.53,0.4,0.37,2023-03-08,758,N20,VIIRS,l,2,307.43,1.95,D,0
18.112,80.37031,333.82,0.4,0.37,2023-03-08,758,N20,VIIRS,l,2,307.2,2.43,D,0
18.11449,80.25738,339.86,0.4,0.37,2023-03-08,758,N20,VIIRS,n,2,307.06,3.84,D,0
18.11717,80.3345,332.83,0.4,0.37,2023-03-08,758,N20,VIIRS,l,2,305.94,2.66,D,0
18.12158,80.36491,333.55,0.4,0.37,2023-03-08,758,N20,VIIRS,l,2,306.89,2.43,D,0
18.12165,80.34159,338.1,0.4,0.37,2023-03-08,758,N20,VIIRS,l,2,309.44,3.22,D,0
18.12405,80.25202,333.83,0.4,0.37,2023-03-08,758,N20,VIIRS,l,2,306.9,1.69,D,0
18.12496,80.36441,332.41,0.4,0.37,2023-03-08,758,N20,VIIRS,l,2,306.86,1.42,D,0
18.12558,80.34484,332.11,0.4,0.37,2023-03-08,758,N20,VIIRS,l,2,307.08,3.22,D,0
18.12687,80.34445,331.29,0.4,0.37,2023-03-08,758,N20,VIIRS,l,2,306.14,1.78,D,0
18.12742,80.25148,355.19,0.4,0.37,2023-03-08,758,N20,VIIRS,n,2,310.47,12.19,D,0
18.12995,80.78804,336.08,0.42,0.37,2023-03-08,758,N20,VIIRS,l,2,306.83,3.99,D,0
18.13186,80.25846,332.85,0.4,0.37,2023-03-08,758,N20,VIIRS,l,2,307.0,5.79,D,0
18.13239,80.26221,335.97,0.4,0.37,2023-03-08,758,N20,VIIRS,l,2,306.77,3.57,D,0
18.13347,80.51923,333.08,0.41,0.37,2023-03-08,758,N20,VIIRS,l,2,307.9,2.01,D,0
18.13415,80.25039,331.92,0.4,0.37,2023-03-08,758,N20,VIIRS,l,2,306.18,2.33,D,0
18.13469,80.25416,351.22,0.4,0.37,2023-03-08,758,N20,VIIRS,n,2,307.82,4.23,D,0
18.13522,80.25791,335.82,0.4,0.37,2023-03-08,758,N20,VIIRS,l,2,307.05,4.23,D,0
18.14158,80.32657,331.82,0.4,0.37,2023-03-08,758,N20,VIIRS,l,2,306.46,2.31,D,0
18.14926,80.80086,342.57,0.42,0.37,2023-03-08,758,N20,VIIRS,n,2,308.87,3.09,D,0
18.14981,80.80474,334.53,0.42,0.37,2023-03-08,758,N20,VIIRS,l,2,309.17,3.09,D,0
18.15086,81.43238,343.74,0.44,0.38,2023-03-08,758,N20,VIIRS,n,2,309.58,4.88,D,0
18.16501,80.73941,332.68,0.41,0.37,2023-03-08,758,N20,VIIRS,l,2,307.47,2.11,D,0
18.1678,80.75891,341.99,0.41,0.37,2023-03-08,758,N20,VIIRS,l,2,312.45,4.88,D,0
18.16967,80.32999,337.62,0.4,0.37,2023-03-08,758,N20,VIIRS,n,2,307.54,1.62,D,0
18.17122,80.75838,348.68,0.41,0.37,2023-03-08,758,N20,VIIRS,n,2,311.17,4.88,D,0
18.17464,80.75785,353.66,0.41,0.37,2023-03-08,758,N20,VIIRS,n,2,312.68,10.01,D,0
18.1775,80.7534,349.13,0.41,0.37,2023-03-08,758,N20,VIIRS,n,2,311.77,7.85,D,0
18.17828,80.29382,333.62,0.4,0.37,2023-03-08,758,N20,VIIRS,l,2,306.95,2.02,D,0
18.17981,80.44939,335.9,0.41,0.37,2023-03-08,758,N20,VIIRS,n,2,309.28,2.54,D,0
18.18048,78.32256,347.49,0.38,0.36,2023-03-08,758,N20,VIIRS,n,2,313.26,11.06,D,0
18.18059,80.40633,347.95,0.41,0.37,2023-03-08,758,N20,VIIRS,n,2,311.3,4.85,D,0
18.1811,80.28951,345.56,0.4,0.37,2023-03-08,758,N20,VIIRS,n,2,308.87,3.19,D,0
18.18165,80.2933,345.35,0.4,0.37,2023-03-08,758,N20,VIIRS,n,2,309.88,5.66,D,0
18.18447,80.28893,335.03,0.4,0.37,2023-03-08,758,N20,VIIRS,l,2,308.7,3.19,D,0
18.18729,80.28464,335.34,0.4,0.37,2023-03-08,758,N20,VIIRS,l,2,307.33,6.64,D,0
18.19248,80.39276,338.99,0.4,0.37,2023-03-08,758,N20,VIIRS,n,2,310.49,3.45,D,0
18.19569,80.295,334.99,0.4,0.37,2023-03-08,758,N20,VIIRS,l,2,308.4,2.68,D,0
18.19586,80.39221,335.65,0.4,0.37,2023-03-08,758,N20,VIIRS,l,2,309.32,2.22,D,0
18.1976,80.38026,342.38,0.4,0.37,2023-03-08,758,N20,VIIRS,n,2,310.49,8.69,D,0
18.20098,80.37971,332.8,0.4,0.37,2023-03-08,758,N20,VIIRS,l,2,307.31,1.55,D,0
18.20143,80.40695,339.1,0.41,0.37,2023-03-08,758,N20,VIIRS,n,2,307.92,3.78,D,0
18.20768,78.19196,341.33,0.39,0.36,2023-03-08,758,N20,VIIRS,n,2,309.04,5.14,D,0
18.22243,80.75053,339.65,0.42,0.37,2023-03-08,758,N20,VIIRS,l,2,310.32,4.58,D,0
18.22298,80.75442,337.03,0.42,0.37,2023-03-08,758,N20,VIIRS,l,2,311.26,4.58,D,0
18.22804,80.76552,336.79,0.42,0.37,2023-03-08,758,N20,VIIRS,l,2,309.63,2.54,D,0
18.22818,80.7417,335.9,0.41,0.37,2023-03-08,758,N20,VIIRS,l,2,310.39,3.07,D,0
18.23146,80.76498,335.06,0.42,0.37,2023-03-08,758,N20,VIIRS,l,2,309.36,2.54,D,0
18.23161,80.74118,347.0,0.41,0.37,2023-03-08,758,N20,VIIRS,n,2,310.68,4.02,D,0
18.23334,80.28178,341.75,0.4,0.37,2023-03-08,758,N20,VIIRS,n,2,310.01,6.31,D,0
18.23388,80.28557,341.64,0.4,0.37,2023-03-08,758,N20,VIIRS,n,2,308.97,3.25,D,0
18.23618,80.27747,350.22,0.4,0.37,2023-03-08,758,N20,VIIRS,n,2,311.29,6.31,D,0
18.23725,80.28503,336.76,0.4,0.37,2023-03-08,758,N20,VIIRS,l,2,308.16,3.25,D,0
18.23981,79.87476,337.44,0.39,0.37,2023-03-08,758,N20,VIIRS,n,2,310.67,2.87,D,0
18.24103,80.3116,346.86,0.4,0.37,2023-03-08,758,N20,VIIRS,n,2,312.25,6.5,D,0
18.24292,80.27641,346.95,0.4,0.37,2023-03-08,758,N20,VIIRS,n,2,307.31,5.59,D,0
18.24333,80.30349,342.83,0.4,0.37,2023-03-08,758,N20,VIIRS,n,2,312.68,1.89,D,0
18.24962,80.17887,334.81,0.4,0.37,2023-03-08,758,N20,VIIRS,l,2,308.55,1.85,D,0
18.25504,79.81552,337.27,0.39,0.36,2023-03-08,758,N20,VIIRS,l,2,308.22,4.19,D,0
18.25977,80.03524,331.5,0.4,0.37,2023-03-08,758,N20,VIIRS,l,2,306.08,1.53,D,0
18.26683,81.48695,336.39,0.44,0.38,2023-03-08,758,N20,VIIRS,l,2,309.36,2.98,D,0
18.27446,81.49007,335.32,0.44,0.38,2023-03-08,758,N20,VIIRS,l,2,307.54,2.64,D,0
18.27527,80.07108,330.21,0.4,0.37,2023-03-08,758,N20,VIIRS,l,2,304.17,1.06,D,0
18.27654,80.2944,337.21,0.4,0.37,2023-03-08,758,N20,VIIRS,n,2,306.86,1.86,D,0
18.27937,80.29008,338.55,0.4,0.37,2023-03-08,758,N20,VIIRS,n,2,307.09,5.3,D,0
18.27986,80.76091,335.61,0.42,0.37,2023-03-08,758,N20,VIIRS,l,2,307.65,3.79,D,0
18.28296,80.2431,335.21,0.4,0.37,2023-03-08,758,N20,VIIRS,l,2,308.11,2.75,D,0
18.28579,80.23882,338.01,0.4,0.37,2023-03-08,758,N20,VIIRS,l,2,310.01,2.75,D,0
18.28887,80.16485,341.34,0.4,0.37,2023-03-08,758,N20,VIIRS,n,2,307.31,4.19,D,0
18.29084,80.08382,330.82,0.4,0.37,2023-03-08,758,N20,VIIRS,l,2,305.62,0.87,D,0
18.29621,80.62822,330.96,0.41,0.37,2023-03-08,758,N20,VIIRS,l,2,305.61,1.54,D,0
18.3028,80.33303,341.56,0.4,0.37,2023-03-08,758,N20,VIIRS,n,2,306.29,3.25,D,0
18.31763,80.85657,334.27,0.42,0.38,2023-03-08,758,N20,VIIRS,l,2,306.85,3.83,D,0
18.33192,81.4096,338.51,0.44,0.38,2023-03-08,758,N20,VIIRS,n,2,308.22,2.24,D,0
18.3329,81.46896,333.65,0.44,0.38,2023-03-08,758,N20,VIIRS,l,2,308.53,1.75,D,0
18.34793,80.22895,334.01,0.4,0.37,2023-03-08,758,N20,VIIRS,l,2,306.22,3.25,D,0
18.35183,80.23219,337.56,0.4,0.37,2023-03-08,758,N20,VIIRS,l,2,309.54,3.25,D,0
18.36321,81.29992,345.87,0.43,0.38,2023-03-08,758,N20,VIIRS,n,2,309.69,6.17,D,0
18.36346,80.85774,334.81,0.42,0.38,2023-03-08,758,N20,VIIRS,l,2,308.4,1.83,D,0
18.36387,80.29237,348.98,0.4,0.37,2023-03-08,758,N20,VIIRS,n,2,308.34,6.42,D,0
18.36984,80.82825,331.98,0.42,0.38,2023-03-08,758,N20,VIIRS,l,2,306.85,2.29,D,0
18.37008,80.28749,350.47,0.4,0.37,2023-03-08,758,N20,VIIRS,n,2,307.67,7.69,D,0
18.3702,80.26418,334.04,0.4,0.37,2023-03-08,758,N20,VIIRS,n,2,306.9,2.17,D,0
18.37074,80.26797,331.64,0.4,0.37,2023-03-08,758,N20,VIIRS,l,2,306.51,2.17,D,0
18.37163,80.202,332.09,0.4,0.37,2023-03-08,758,N20,VIIRS,n,2,305.84,3.33,D,0
18.37217,80.20576,342.73,0.4,0.37,2023-03-08,758,N20,VIIRS,n,2,307.56,3.33,D,0
18.37499,80.20145,346.1,0.4,0.37,2023-03-08,758,N20,VIIRS,n,2,307.9,3.33,D,0
18.37553,80.20521,334.74,0.4,0.37,2023-03-08,758,N20,VIIRS,l,2,308.29,3.33,D,0
18.37607,80.20898,336.16,0.4,0.37,2023-03-08,758,N20,VIIRS,l,2,309.37,3.84,D,0
18.37825,80.22414,346.41,0.4,0.37,2023-03-08,758,N20,VIIRS,n,2,306.59,3.63,D,0
18.38608,80.23067,339.89,0.4,0.37,2023-03-08,758,N20,VIIRS,n,2,307.93,2.8,D,0
18.38769,80.75645,342.32,0.42,0.37,2023-03-08,758,N20,VIIRS,n,2,308.27,2.56,D,0
18.38828,80.76053,333.27,0.42,0.37,2023-03-08,758,N20,VIIRS,l,2,305.4,2.56,D,0
18.39047,79.95312,333.6,0.4,0.37,2023-03-08,758,N20,VIIRS,l,2,305.45,3.58,D,0
18.39172,80.76008,334.78,0.42,0.37,2023-03-08,758,N20,VIIRS,l,2,306.62,3.2,D,0
18.39326,80.25664,338.91,0.4,0.37,2023-03-08,758,N20,VIIRS,n,2,306.52,4.52,D,0
18.39411,80.1907,332.29,0.4,0.37,2023-03-08,758,N20,VIIRS,l,2,306.68,1.64,D,0
18.39422,79.67954,334.55,0.39,0.36,2023-03-08,758,N20,VIIRS,l,2,305.95,3.09,D,0
18.39456,80.75549,335.09,0.42,0.37,2023-03-08,758,N20,VIIRS,l,2,306.53,3.2,D,0
18.39516,80.75963,335.09,0.42,0.37,2023-03-08,758,N20,VIIRS,l,2,305.13,3.2,D,0
18.3962,80.81608,338.13,0.42,0.38,2023-03-08,758,N20,VIIRS,n,2,304.05,2.72,D,0
18.39787,80.36107,343.03,0.41,0.37,2023-03-08,758,N20,VIIRS,n,2,307.56,4.37,D,0
18.42261,80.22103,334.04,0.4,0.37,2023-03-08,758,N20,VIIRS,l,2,305.91,2.34,D,0
18.42873,80.52882,335.96,0.41,0.37,2023-03-08,758,N20,VIIRS,l,2,309.38,1.77,D,0
18.43252,80.15786,339.94,0.4,0.37,2023-03-08,758,N20,VIIRS,n,2,309.84,2.6,D,0
18.43405,80.59081,337.72,0.41,0.37,2023-03-08,758,N20,VIIRS,l,2,311.6,3.75,D,0
18.43746,80.59034,337.94,0.41,0.37,2023-03-08,758,N20,VIIRS,l,2,311.9,3.75,D,0
18.46075,79.6918,340.23,0.39,0.36,2023-03-08,758,N20,VIIRS,n,2,309.02,2.08,D,0
18.47411,80.95042,344.52,0.42,0.38,2023-03-08,758,N20,VIIRS,n,2,309.63,3.27,D,0
18.51079,81.4772,335.52,0.44,0.39,2023-03-08,758,N20,VIIRS,l,2,305.68,4.12,D,0
18.53869,80.27303,340.49,0.4,0.37,2023-03-08,758,N20,VIIRS,n,2,312.34,3.68,D,0
18.53957,81.31973,334.35,0.44,0.38,2023-03-08,758,N20,VIIRS,n,2,304.93,5.21,D,0
18.54355,80.92409,337.04,0.42,0.38,2023-03-08,758,N20,VIIRS,n,2,309.29,2.38,D,0
18.5652,80.85168,335.33,0.42,0.38,2023-03-08,758,N20,VIIRS,l,2,306.58,5.0,D,0
18.57519,80.92331,334.04,0.42,0.38,2023-03-08,758,N20,VIIRS,l,2,306.12,2.65,D,0
18.57864,80.92278,341.11,0.42,0.38,2023-03-08,758,N20,VIIRS,n,2,308.81,2.65,D,0
18.5789,80.72446,333.39,0.42,0.37,2023-03-08,758,N20,VIIRS,l,2,305.57,2.09,D,0
18.58054,80.88585,340.3,0.42,0.38,2023-03-08,758,N20,VIIRS,n,2,307.34,4.94,D,0
18.59911,80.66955,337.79,0.42,0.37,2023-03-08,758,N20,VIIRS,n,2,309.11,1.07,D,0
18.59972,80.82204,332.3,0.42,0.38,2023-03-08,758,N20,VIIRS,n,2,306.43,3.05,D,0
18.60028,80.826,335.53,0.42,0.38,2023-03-08,758,N20,VIIRS,n,2,306.31,3.05,D,0
18.61508,80.85605,334.17,0.42,0.38,2023-03-08,758,N20,VIIRS,l,2,305.36,1.91,D,0
18.64713,81.21102,331.42,0.43,0.38,2023-03-08,758,N20,VIIRS,l,2,303.72,3.09,D,0
18.35599,78.07288,336.84,0.39,0.36,2023-03-08,759,N20,VIIRS,l,2,307.69,1.63,D,0
18.42545,78.61303,340.08,0.38,0.36,2023-03-08,759,N20,VIIRS,l,2,310.18,3.13,D,0
18.42582,78.0647,345.55,0.39,0.36,2023-03-08,759,N20,VIIRS,l,2,315.98,6.14,D,0
18.42955,78.0231,343.36,0.39,0.36,2023-03-08,759,N20,VIIRS,n,2,315.22,4.53,D,0
18.43258,78.63773,338.14,0.38,0.36,2023-03-08,759,N20,VIIRS,n,2,310.96,3.97,D,0
18.43533,78.63358,344.64,0.38,0.36,2023-03-08,759,N20,VIIRS,n,2,309.37,4.05,D,0
18.43587,78.63718,335.0,0.38,0.36,2023-03-08,759,N20,VIIRS,l,2,308.72,3.97,D,0
18.43751,78.49265,340.58,0.38,0.36,2023-03-08,759,N20,VIIRS,n,2,308.52,2.75,D,0
18.44297,78.02045,341.8,0.39,0.36,2023-03-08,759,N20,VIIRS,l,2,315.85,4.15,D,0
18.46592,78.81339,338.07,0.38,0.36,2023-03-08,759,N20,VIIRS,l,2,312.82,2.36,D,0
18.47392,78.26402,336.54,0.38,0.36,2023-03-08,759,N20,VIIRS,l,2,308.06,4.58,D,0
18.49018,78.48389,341.27,0.38,0.36,2023-03-08,759,N20,VIIRS,n,2,308.68,4.05,D,0
18.49073,78.4875,343.27,0.38,0.36,2023-03-08,759,N20,VIIRS,n,2,308.48,5.31,D,0
18.50214,78.1182,344.45,0.39,0.36,2023-03-08,759,N20,VIIRS,n,2,309.0,7.5,D,0
18.50261,77.44672,339.24,0.39,0.36,2023-03-08,759,N20,VIIRS,l,2,314.17,4.11,D,0
18.50678,77.86392,343.16,0.39,0.36,2023-03-08,759,N20,VIIRS,n,2,308.92,4.84,D,0
18.50854,78.05019,337.11,0.39,0.36,2023-03-08,759,N20,VIIRS,n,2,310.87,1.71,D,0
18.51065,77.867,336.31,0.39,0.36,2023-03-08,759,N20,VIIRS,l,2,307.87,2.81,D,0
18.51626,78.05631,346.55,0.39,0.36,2023-03-08,759,N20,VIIRS,n,2,310.42,1.86,D,0
18.52307,78.60741,335.97,0.38,0.36,2023-03-08,759,N20,VIIRS,l,2,308.2,2.83,D,0
18.53237,78.46891,332.25,0.38,0.36,2023-03-08,759,N20,VIIRS,l,2,306.93,2.38,D,0
18.53277,78.31709,337.04,0.38,0.36,2023-03-08,759,N20,VIIRS,n,2,306.84,2.52,D,0
18.56207,79.59908,352.66,0.39,0.36,2023-03-08,759,N20,VIIRS,n,2,312.86,15.25,D,0
18.56314,79.60641,340.69,0.39,0.36,2023-03-08,759,N20,VIIRS,l,2,311.34,4.42,D,0
18.59761,78.76521,334.08,0.38,0.36,2023-03-08,759,N20,VIIRS,l,2,305.25,2.69,D,0
18.6016,80.29349,332.75,0.4,0.37,2023-03-08,759,N20,VIIRS,l,2,303.88,1.85,D,0
18.60216,79.54742,337.6,0.39,0.36,2023-03-08,759,N20,VIIRS,n,2,304.52,4.35,D,0
18.60641,78.73412,347.0,0.38,0.36,2023-03-08,759,N20,VIIRS,n,2,309.78,5.02,D,0
18.60916,78.72997,330.9,0.38,0.36,2023-03-08,759,N20,VIIRS,l,2,304.89,1.17,D,0
18.6129,78.02115,335.58,0.39,0.36,2023-03-08,759,N20,VIIRS,l,2,310.19,2.9,D,0
18.62755,80.28156,332.18,0.4,0.37,2023-03-08,759,N20,VIIRS,l,2,307.12,1.18,D,0
18.62824,80.38307,336.23,0.41,0.37,2023-03-08,759,N20,VIIRS,l,2,308.62,2.72,D,0
18.63217,80.38634,343.63,0.41,0.37,2023-03-08,759,N20,VIIRS,n,2,309.81,4.66,D,0
18.63271,80.39014,336.35,0.41,0.37,2023-03-08,759,N20,VIIRS,l,2,308.1,4.66,D,0
18.64825,80.45039,336.7,0.41,0.37,2023-03-08,759,N20,VIIRS,l,2,309.59,3.69,D,0
18.65275,80.45757,333.63,0.41,0.37,2023-03-08,759,N20,VIIRS,l,2,307.05,0.7,D,0
18.6533,80.46142,335.87,0.41,0.37,2023-03-08,759,N20,VIIRS,l,2,308.11,1.64,D,0
18.66057,80.16404,348.69,0.4,0.37,2023-03-08,759,N20,VIIRS,n,2,308.56,5.7,D,0
18.66394,80.16351,345.85,0.4,0.37,2023-03-08,759,N20,VIIRS,n,2,308.98,9.83,D,0
18.67652,80.32511,333.32,0.41,0.37,2023-03-08,759,N20,VIIRS,n,2,306.62,1.33,D,0
18.68035,79.87232,344.8,0.4,0.37,2023-03-08,759,N20,VIIRS,n,2,310.02,5.57,D,0
18.68608,80.41745,347.78,0.41,0.37,2023-03-08,759,N20,VIIRS,n,2,310.55,4.11,D,0
18.68694,80.27655,336.83,0.4,0.37,2023-03-08,759,N20,VIIRS,n,2,307.37,2.44,D,0
18.68732,80.4016,339.99,0.41,0.37,2023-03-08,759,N20,VIIRS,n,2,309.04,3.2,D,0
18.68948,80.41692,343.53,0.41,0.37,2023-03-08,759,N20,VIIRS,n,2,309.3,4.11,D,0
18.69071,80.40105,335.91,0.41,0.37,2023-03-08,759,N20,VIIRS,l,2,309.53,2.76,D,0
18.6918,80.40872,337.38,0.41,0.37,2023-03-08,759,N20,VIIRS,l,2,310.08,9.01,D,0
18.69233,80.41255,347.68,0.41,0.37,2023-03-08,759,N20,VIIRS,n,2,314.04,9.01,D,0
18.69501,78.55637,341.02,0.38,0.36,2023-03-08,759,N20,VIIRS,n,2,309.45,3.84,D,0
18.69573,80.41202,345.42,0.41,0.37,2023-03-08,759,N20,VIIRS,n,2,310.66,9.01,D,0
18.6983,78.55582,337.78,0.38,0.36,2023-03-08,759,N20,VIIRS,l,2,309.33,2.63,D,0
18.69966,80.4153,336.18,0.41,0.37,2023-03-08,759,N20,VIIRS,n,2,308.46,1.76,D,0
18.69981,78.78892,342.83,0.38,0.36,2023-03-08,759,N20,VIIRS,n,2,310.16,4.94,D,0
18.70269,78.5625,339.5,0.38,0.36,2023-03-08,759,N20,VIIRS,n,2,310.72,2.41,D,0
18.70928,78.53915,340.39,0.38,0.36,2023-03-08,759,N20,VIIRS,n,2,310.22,4.34,D,0
18.71201,80.42898,336.33,0.41,0.37,2023-03-08,759,N20,VIIRS,l,2,309.05,3.74,D,0
18.71487,80.42465,338.55,0.41,0.37,2023-03-08,759,N20,VIIRS,l,2,308.81,39.28,D,0
18.71541,80.42847,342.34,0.41,0.37,2023-03-08,759,N20,VIIRS,n,2,308.67,9.6,D,0
18.71596,80.43231,337.84,0.41,0.37,2023-03-08,759,N20,VIIRS,l,2,310.66,9.6,D,0
18.71882,80.42799,344.37,0.41,0.37,2023-03-08,759,N20,VIIRS,n,2,308.65,9.6,D,0
18.71957,80.28708,347.36,0.41,0.37,2023-03-08,759,N20,VIIRS,n,2,308.94,6.62,D,0
18.7198,80.45949,333.34,0.41,0.37,2023-03-08,759,N20,VIIRS,l,2,308.2,3.84,D,0
18.72035,80.46344,339.19,0.41,0.37,2023-03-08,759,N20,VIIRS,n,2,310.96,3.84,D,0
18.72167,80.42364,340.01,0.41,0.37,2023-03-08,759,N20,VIIRS,n,2,309.72,3.08,D,0
18.72222,80.42747,335.3,0.41,0.37,2023-03-08,759,N20,VIIRS,l,2,309.67,3.88,D,0
18.73574,79.53316,338.66,0.39,0.36,2023-03-08,759,N20,VIIRS,l,2,313.49,2.95,D,0
18.73772,80.51245,338.66,0.41,0.37,2023-03-08,759,N20,VIIRS,n,2,305.24,2.91,D,0
18.7528,80.42272,340.16,0.41,0.37,2023-03-08,759,N20,VIIRS,n,2,309.19,4.44,D,0
18.75647,80.35134,349.54,0.41,0.37,2023-03-08,759,N20,VIIRS,n,2,312.87,10.06,D,0
18.75986,80.35081,337.23,0.41,0.37,2023-03-08,759,N20,VIIRS,l,2,310.36,4.05,D,0
18.76358,81.06613,333.27,0.43,0.38,2023-03-08,759,N20,VIIRS,l,2,307.66,2.14,D,0
18.76856,80.73159,332.62,0.42,0.38,2023-03-08,759,N20,VIIRS,l,2,305.66,1.08,D,0
18.76869,81.01245,339.36,0.43,0.38,2023-03-08,759,N20,VIIRS,n,2,309.03,2.83,D,0
18.76883,81.05296,338.43,0.43,0.38,2023-03-08,759,N20,VIIRS,n,2,306.28,2.16,D,0
18.77075,81.05342,332.68,0.43,0.38,2023-03-08,759,N20,VIIRS,l,2,307.56,2.3,D,0
18.77767,80.84718,334.87,0.42,0.38,2023-03-08,759,N20,VIIRS,n,2,305.52,2.38,D,0
18.78378,80.89115,332.96,0.42,0.38,2023-03-08,759,N20,VIIRS,l,2,304.44,0.78,D,0
18.78828,80.64773,333.14,0.42,0.37,2023-03-08,759,N20,VIIRS,l,2,305.04,3.46,D,0
18.80267,80.77441,338.34,0.42,0.38,2023-03-08,759,N20,VIIRS,n,2,311.31,4.28,D,0
18.81338,80.82551,336.86,0.42,0.38,2023-03-08,759,N20,VIIRS,n,2,310.07,2.46,D,0
18.82148,80.51156,336.28,0.41,0.37,2023-03-08,759,N20,VIIRS,l,2,308.69,1.92,D,0
18.82485,80.83189,346.7,0.42,0.38,2023-03-08,759,N20,VIIRS,n,2,308.76,2.96,D,0
18.8283,80.83137,333.95,0.42,0.38,2023-03-08,759,N20,VIIRS,n,2,306.2,1.08,D,0
18.8292,80.9129,332.78,0.42,0.38,2023-03-08,759,N20,VIIRS,l,2,307.32,1.76,D,0
18.83632,80.59252,336.98,0.41,0.37,2023-03-08,759,N20,VIIRS,n,2,304.55,3.01,D,0
18.85851,80.18717,339.34,0.4,0.37,2023-03-08,759,N20,VIIRS,n,2,307.03,3.73,D,0
18.90401,80.77531,335.8,0.42,0.38,2023-03-08,759,N20,VIIRS,l,2,308.77,1.78,D,0
18.90636,80.12524,338.83,0.4,0.37,2023-03-08,759,N20,VIIRS,n,2,306.79,7.73,D,0
18.9069,80.12901,343.04,0.4,0.37,2023-03-08,759,N20,VIIRS,n,2,306.08,7.73,D,0
18.90939,77.18029,336.36,0.4,0.37,2023-03-08,759,N20,VIIRS,n,2,311.23,2.38,D,0
18.91848,80.18576,335.73,0.4,0.37,2023-03-08,759,N20,VIIRS,l,2,308.51,3.33,D,0
18.91902,78.95953,333.24,0.39,0.36,2023-03-08,759,N20,VIIRS,l,2,306.9,1.98,D,0
18.91956,78.96316,342.86,0.39,0.36,2023-03-08,759,N20,VIIRS,n,2,306.12,6.64,D,0
18.94114,81.3006,339.61,0.44,0.38,2023-03-08,759,N20,VIIRS,l,2,310.17,6.06,D,0
18.94523,80.81785,337.88,0.42,0.38,2023-03-08,759,N20,VIIRS,n,2,306.09,2.01,D,0
18.95158,78.88346,334.18,0.39,0.36,2023-03-08,759,N20,VIIRS,l,2,306.06,5.09,D,0
18.953,80.1139,331.88,0.4,0.37,2023-03-08,759,N20,VIIRS,l,2,302.74,1.18,D,0
18.9532,80.70354,335.15,0.42,0.38,2023-03-08,759,N20,VIIRS,n,2,307.27,2.62,D,0
18.95636,80.1133,335.39,0.4,0.37,2023-03-08,759,N20,VIIRS,n,2,303.09,3.43,D,0
18.95846,80.09335,341.1,0.4,0.37,2023-03-08,759,N20,VIIRS,n,2,305.23,12.04,D,0
18.95862,80.10512,333.31,0.4,0.37,2023-03-08,759,N20,VIIRS,n,2,303.14,2.49,D,0
18.959,80.09714,332.89,0.4,0.37,2023-03-08,759,N20,VIIRS,l,2,305.27,12.04,D,0
18.96008,80.10474,337.28,0.4,0.37,2023-03-08,759,N20,VIIRS,n,2,303.34,3.64,D,0
18.96027,80.11649,331.43,0.4,0.37,2023-03-08,759,N20,VIIRS,l,2,302.67,4.38,D,0
18.96129,80.089,336.19,0.4,0.37,2023-03-08,759,N20,VIIRS,n,2,305.87,3.78,D,0
18.96162,78.49903,337.76,0.38,0.36,2023-03-08,759,N20,VIIRS,n,2,310.43,4.12,D,0
18.96183,80.09279,347.88,0.4,0.37,2023-03-08,759,N20,VIIRS,n,2,308.51,12.04,D,0
18.96236,80.09657,355.1,0.4,0.37,2023-03-08,759,N20,VIIRS,n,2,312.11,12.04,D,0
18.9629,80.10037,340.75,0.4,0.37,2023-03-08,759,N20,VIIRS,n,2,304.99,3.64,D,0
18.96344,80.10416,335.55,0.4,0.37,2023-03-08,759,N20,VIIRS,n,2,304.09,3.64,D,0
18.96519,80.09226,349.63,0.4,0.37,2023-03-08,759,N20,VIIRS,n,2,305.45,8.18,D,0
18.96574,80.09605,341.78,0.4,0.37,2023-03-08,759,N20,VIIRS,n,2,303.64,8.18,D,0
18.96726,79.03358,341.13,0.39,0.36,2023-03-08,759,N20,VIIRS,n,2,311.33,6.21,D,0
18.96781,79.03723,337.76,0.39,0.36,2023-03-08,759,N20,VIIRS,n,2,309.05,2.93,D,0
18.96931,78.7542,340.34,0.38,0.36,2023-03-08,759,N20,VIIRS,n,2,306.88,4.65,D,0
18.97085,80.08358,331.81,0.4,0.37,2023-03-08,759,N20,VIIRS,n,2,306.12,2.05,D,0
18.97111,80.13384,344.41,0.4,0.37,2023-03-08,759,N20,VIIRS,n,2,306.36,5.74,D,0
18.97125,80.11061,334.84,0.4,0.37,2023-03-08,759,N20,VIIRS,l,2,305.48,4.62,D,0
18.9714,80.08742,339.71,0.4,0.37,2023-03-08,759,N20,VIIRS,n,2,305.51,2.05,D,0
18.97165,80.13769,340.36,0.4,0.37,2023-03-08,759,N20,VIIRS,n,2,307.44,2.97,D,0
18.97179,80.11436,347.39,0.4,0.37,2023-03-08,759,N20,VIIRS,n,2,306.84,5.26,D,0
18.97309,78.68633,333.87,0.38,0.36,2023-03-08,759,N20,VIIRS,l,2,305.71,1.77,D,0
18.97394,80.12953,345.34,0.4,0.37,2023-03-08,759,N20,VIIRS,n,2,306.42,5.74,D,0
18.97422,80.08305,332.41,0.4,0.37,2023-03-08,759,N20,VIIRS,n,2,307.0,2.05,D,0
18.97477,80.0869,335.28,0.4,0.37,2023-03-08,759,N20,VIIRS,l,2,307.17,2.05,D,0
18.97569,80.11758,346.37,0.4,0.37,2023-03-08,759,N20,VIIRS,n,2,309.03,8.22,D,0
18.97802,80.88299,333.42,0.42,0.38,2023-03-08,759,N20,VIIRS,l,2,305.92,2.79,D,0
18.9898,80.94284,332.33,0.43,0.38,2023-03-08,759,N20,VIIRS,l,2,306.79,1.7,D,0
18.99515,80.35342,332.82,0.41,0.37,2023-03-08,759,N20,VIIRS,n,2,302.25,5.03,D,0
19.0076,80.84161,340.1,0.42,0.38,2023-03-08,759,N20,VIIRS,l,2,310.86,4.1,D,0
19.00828,78.58398,341.7,0.38,0.36,2023-03-08,759,N20,VIIRS,n,2,309.26,3.53,D,0
19.01235,80.20546,334.71,0.41,0.37,2023-03-08,759,N20,VIIRS,l,2,309.42,3.35,D,0
19.01964,79.2265,337.01,0.39,0.36,2023-03-08,759,N20,VIIRS,n,2,305.83,1.65,D,0
19.02621,79.24793,334.67,0.39,0.36,2023-03-08,759,N20,VIIRS,l,2,306.29,3.62,D,0
19.02946,80.15588,344.74,0.4,0.37,2023-03-08,759,N20,VIIRS,n,2,306.75,4.54,D,0
19.02951,79.24738,346.34,0.39,0.36,2023-03-08,759,N20,VIIRS,n,2,305.93,3.62,D,0
19.03173,79.23948,330.22,0.39,0.36,2023-03-08,759,N20,VIIRS,l,2,305.17,0.99,D,0
19.03228,79.24314,344.7,0.39,0.36,2023-03-08,759,N20,VIIRS,n,2,306.73,4.51,D,0
19.03386,80.18658,340.23,0.4,0.37,2023-03-08,759,N20,VIIRS,n,2,305.53,3.69,D,0
19.03406,78.62047,334.9,0.38,0.36,2023-03-08,759,N20,VIIRS,l,2,307.47,3.17,D,0
19.05083,80.01704,336.73,0.4,0.37,2023-03-08,759,N20,VIIRS,l,2,306.93,2.32,D,0
19.05419,80.01649,333.59,0.4,0.37,2023-03-08,759,N20,VIIRS,l,2,307.39,2.32,D,0
19.05474,80.02026,335.88,0.4,0.37,2023-03-08,759,N20,VIIRS,l,2,308.15,2.32,D,0
19.05647,80.01957,338.26,0.4,0.37,2023-03-08,759,N20,VIIRS,n,2,307.4,4.92,D,0
19.0604,79.22691,336.71,0.39,0.36,2023-03-08,759,N20,VIIRS,l,2,310.64,1.6,D,0
19.06109,77.64679,342.01,0.39,0.36,2023-03-08,759,N20,VIIRS,l,2,314.82,5.15,D,0
19.07302,79.2436,343.87,0.39,0.36,2023-03-08,759,N20,VIIRS,l,2,318.66,37.13,D,0
19.07429,80.25127,340.4,0.41,0.37,2023-03-08,759,N20,VIIRS,n,2,307.51,2.58,D,0
19.07815,80.42419,334.65,0.41,0.37,2023-03-08,759,N20,VIIRS,l,2,305.04,3.59,D,0
19.08441,77.57867,336.24,0.39,0.36,2023-03-08,759,N20,VIIRS,n,2,309.41,1.3,D,0
19.08525,78.55245,338.18,0.38,0.36,2023-03-08,759,N20,VIIRS,l,2,309.07,3.63,D,0
19.09166,78.77426,348.77,0.38,0.36,2023-03-08,759,N20,VIIRS,n,2,309.56,7.9,D,0
19.09263,79.95978,333.38,0.4,0.37,2023-03-08,759,N20,VIIRS,n,2,305.0,1.98,D,0
19.10489,79.97326,343.34,0.4,0.37,2023-03-08,759,N20,VIIRS,n,2,309.2,6.94,D,0
19.12642,78.51212,333.92,0.38,0.36,2023-03-08,759,N20,VIIRS,n,2,307.84,2.6,D,0
19.12697,78.51574,336.99,0.38,0.36,2023-03-08,759,N20,VIIRS,l,2,310.51,2.6,D,0
19.12971,78.51157,340.9,0.38,0.36,2023-03-08,759,N20,VIIRS,n,2,306.68,2.6,D,0
19.13026,78.51519,340.93,0.38,0.36,2023-03-08,759,N20,VIIRS,n,2,309.54,2.6,D,0
19.13046,78.89808,335.39,0.39,0.36,2023-03-08,759,N20,VIIRS,l,2,308.34,1.33,D,0
19.13301,78.51102,344.56,0.38,0.36,2023-03-08,759,N20,VIIRS,n,2,307.35,5.97,D,0
19.13355,78.51463,347.22,0.38,0.36,2023-03-08,759,N20,VIIRS,n,2,311.28,5.97,D,0
19.13465,78.52188,332.73,0.38,0.36,2023-03-08,759,N20,VIIRS,l,2,307.51,2.65,D,0
19.13575,78.50684,338.76,0.38,0.36,2023-03-08,759,N20,VIIRS,n,2,309.16,1.96,D,0
19.1363,78.51046,353.55,0.38,0.36,2023-03-08,759,N20,VIIRS,n,2,312.29,5.97,D,0
19.13795,78.52133,337.87,0.38,0.36,2023-03-08,759,N20,VIIRS,l,2,308.39,2.65,D,0
19.14587,78.88807,332.19,0.39,0.36,2023-03-08,759,N20,VIIRS,l,2,305.45,1.57,D,0
19.15326,78.68964,346.63,0.38,0.36,2023-03-08,759,N20,VIIRS,n,2,310.96,6.35,D,0
19.16225,79.9293,338.9,0.4,0.37,2023-03-08,759,N20,VIIRS,l,2,312.32,5.9,D,0
19.16437,80.12306,341.76,0.4,0.37,2023-03-08,759,N20,VIIRS,n,2,308.03,2.56,D,0
19.16722,80.09502,331.16,0.4,0.37,2023-03-08,759,N20,VIIRS,l,2,305.64,1.94,D,0
19.16774,80.1225,335.26,0.4,0.37,2023-03-08,759,N20,VIIRS,l,2,308.17,2.93,D,0
19.18066,78.75945,344.47,0.38,0.36,2023-03-08,759,N20,VIIRS,n,2,310.74,6.53,D,0
19.18104,78.89716,334.59,0.39,0.36,2023-03-08,759,N20,VIIRS,l,2,306.71,2.66,D,0
19.18131,79.24115,342.22,0.39,0.36,2023-03-08,759,N20,VIIRS,n,2,312.9,1.36,D,0
19.18159,78.90079,337.42,0.39,0.36,2023-03-08,759,N20,VIIRS,l,2,308.24,2.66,D,0
19.18343,78.73295,337.09,0.38,0.36,2023-03-08,759,N20,VIIRS,l,2,310.44,2.53,D,0
19.1845,78.76253,335.66,0.38,0.36,2023-03-08,759,N20,VIIRS,l,2,308.18,4.13,D,0
19.18855,79.22123,338.44,0.39,0.36,2023-03-08,759,N20,VIIRS,l,2,313.35,6.17,D,0
19.1908,78.98508,341.11,0.39,0.36,2023-03-08,759,N20,VIIRS,n,2,306.23,6.91,D,0
19.19149,78.89915,336.35,0.39,0.36,2023-03-08,759,N20,VIIRS,l,2,307.98,12.56,D,0
19.19187,78.18482,341.99,0.38,0.36,2023-03-08,759,N20,VIIRS,n,2,310.92,5.67,D,0
19.19203,78.90279,332.62,0.39,0.36,2023-03-08,759,N20,VIIRS,l,2,307.23,4.43,D,0
19.19356,78.9809,338.67,0.39,0.36,2023-03-08,759,N20,VIIRS,n,2,306.89,4.41,D,0
19.1941,78.98454,367.0,0.39,0.36,2023-03-08,759,N20,VIIRS,h,2,309.1,6.91,D,0
19.19438,78.53374,338.21,0.38,0.36,2023-03-08,759,N20,VIIRS,l,2,312.59,3.93,D,0
19.19479,78.89861,352.23,0.39,0.36,2023-03-08,759,N20,VIIRS,n,2,311.42,12.56,D,0
19.19643,79.15981,341.78,0.39,0.36,2023-03-08,759,N20,VIIRS,n,2,309.81,4.83,D,0
19.19658,78.48135,344.25,0.38,0.36,2023-03-08,759,N20,VIIRS,n,2,310.76,3.76,D,0
19.19686,78.98035,336.47,0.39,0.36,2023-03-08,759,N20,VIIRS,n,2,309.45,9.85,D,0
19.19698,79.16348,341.96,0.39,0.36,2023-03-08,759,N20,VIIRS,n,2,309.55,4.21,D,0
19.1974,78.98399,351.88,0.39,0.36,2023-03-08,759,N20,VIIRS,n,2,309.19,12.52,D,0
19.19941,79.99671,343.93,0.4,0.37,2023-03-08,759,N20,VIIRS,n,2,312.58,5.77,D,0
19.20322,79.90345,341.82,0.4,0.37,2023-03-08,759,N20,VIIRS,l,2,313.79,4.78,D,0
19.20583,78.8595,338.29,0.39,0.36,2023-03-08,759,N20,VIIRS,n,2,310.85,9.93,D,0
19.2059,79.10944,335.66,0.39,0.36,2023-03-08,759,N20,VIIRS,l,2,309.66,1.15,D,0
19.20638,78.86314,352.11,0.39,0.36,2023-03-08,759,N20,VIIRS,n,2,316.15,27.24,D,0
19.20776,79.42162,341.32,0.39,0.36,2023-03-08,759,N20,VIIRS,n,2,310.08,1.5,D,0
19.20867,79.10524,344.21,0.39,0.36,2023-03-08,759,N20,VIIRS,l,2,315.2,3.76,D,0
19.20913,79.15397,341.31,0.39,0.36,2023-03-08,759,N20,VIIRS,n,2,311.02,4.22,D,0
19.21018,78.72809,341.43,0.38,0.36,2023-03-08,759,N20,VIIRS,n,2,310.56,2.39,D,0
19.22182,80.72339,343.58,0.42,0.38,2023-03-08,759,N20,VIIRS,n,2,310.91,8.69,D,0
19.22909,78.92236,339.49,0.39,0.36,2023-03-08,759,N20,VIIRS,n,2,308.99,2.58,D,0
19.23077,78.91091,333.5,0.39,0.36,2023-03-08,759,N20,VIIRS,l,2,307.87,1.5,D,0
19.23131,78.91454,334.71,0.39,0.36,2023-03-08,759,N20,VIIRS,l,2,306.41,1.5,D,0
19.23185,78.91818,337.41,0.39,0.36,2023-03-08,759,N20,VIIRS,n,2,306.73,2.58,D,0
19.23555,78.47108,349.48,0.38,0.36,2023-03-08,759,N20,VIIRS,n,2,315.84,5.62,D,0
19.23592,78.78702,338.21,0.38,0.36,2023-03-08,759,N20,VIIRS,l,2,311.11,2.38,D,0
19.23719,80.58337,334.57,0.42,0.37,2023-03-08,759,N20,VIIRS,n,2,306.98,3.2,D,0
19.24159,78.53325,336.24,0.38,0.36,2023-03-08,759,N20,VIIRS,l,2,310.7,2.12,D,0
19.24427,78.68519,337.72,0.38,0.36,2023-03-08,759,N20,VIIRS,l,2,309.68,3.03,D,0
19.24544,78.53632,338.84,0.38,0.36,2023-03-08,759,N20,VIIRS,l,2,310.62,2.37,D,0
19.24979,78.40921,338.26,0.38,0.36,2023-03-08,759,N20,VIIRS,n,2,311.3,3.11,D,0
19.25282,78.87742,340.2,0.39,0.36,2023-03-08,759,N20,VIIRS,n,2,312.31,2.44,D,0
19.25807,80.06915,339.22,0.4,0.37,2023-03-08,759,N20,VIIRS,l,2,310.54,4.98,D,0
19.26023,78.58955,346.24,0.38,0.36,2023-03-08,759,N20,VIIRS,n,2,309.41,3.35,D,0
19.26178,78.75669,341.27,0.38,0.36,2023-03-08,759,N20,VIIRS,n,2,315.41,3.82,D,0
19.26199,80.07243,335.55,0.4,0.37,2023-03-08,759,N20,VIIRS,l,2,309.72,1.87,D,0
19.26353,78.589,337.82,0.38,0.36,2023-03-08,759,N20,VIIRS,l,2,310.49,3.35,D,0
19.26682,78.58845,339.88,0.38,0.36,2023-03-08,759,N20,VIIRS,l,2,311.94,9.33,D,0
19.26737,78.59208,355.54,0.38,0.36,2023-03-08,759,N20,VIIRS,n,2,314.33,23.06,D,0
19.26809,79.86243,341.08,0.4,0.37,2023-03-08,759,N20,VIIRS,n,2,309.95,2.87,D,0
19.26901,78.58064,345.46,0.38,0.36,2023-03-08,759,N20,VIIRS,n,2,310.0,3.89,D,0
19.27285,78.58371,350.71,0.38,0.36,2023-03-08,759,N20,VIIRS,n,2,311.96,14.89,D,0
19.27329,80.05505,341.58,0.4,0.37,2023-03-08,759,N20,VIIRS,n,2,309.8,2.01,D,0
19.27384,80.0589,341.48,0.4,0.37,2023-03-08,759,N20,VIIRS,n,2,307.45,1.69,D,0
19.27598,79.84567,337.04,0.4,0.37,2023-03-08,759,N20,VIIRS,l,2,309.44,3.48,D,0
19.28269,79.84459,339.21,0.4,0.37,2023-03-08,759,N20,VIIRS,l,2,309.81,3.35,D,0
19.28324,79.05907,339.34,0.39,0.36,2023-03-08,759,N20,VIIRS,l,2,311.51,5.47,D,0
19.28332,79.82513,339.5,0.4,0.37,2023-03-08,759,N20,VIIRS,n,2,309.06,4.16,D,0
19.28722,79.82838,342.14,0.4,0.37,2023-03-08,759,N20,VIIRS,n,2,310.52,3.6,D,0
19.28945,78.57715,342.69,0.38,0.36,2023-03-08,759,N20,VIIRS,n,2,311.83,4.12,D,0
19.29274,78.57659,339.1,0.38,0.36,2023-03-08,759,N20,VIIRS,l,2,310.45,2.69,D,0
19.29868,78.70582,338.5,0.38,0.36,2023-03-08,759,N20,VIIRS,l,2,311.09,4.82,D,0
19.30318,78.51168,347.44,0.38,0.36,2023-03-08,759,N20,VIIRS,n,2,313.73,3.82,D,0
19.30318,78.534,341.92,0.38,0.36,2023-03-08,759,N20,VIIRS,l,2,315.77,5.71,D,0
19.30527,78.70471,347.19,0.38,0.36,2023-03-08,759,N20,VIIRS,n,2,312.59,4.3,D,0
19.30754,81.44867,330.79,0.45,0.39,2023-03-08,759,N20,VIIRS,l,2,303.5,1.47,D,0
19.30813,81.45298,336.05,0.45,0.39,2023-03-08,759,N20,VIIRS,n,2,303.3,2.87,D,0
19.309,78.23929,346.02,0.38,0.36,2023-03-08,759,N20,VIIRS,n,2,311.11,5.78,D,0
19.30911,78.70779,347.34,0.38,0.36,2023-03-08,759,N20,VIIRS,n,2,313.15,4.3,D,0
19.31229,78.23873,341.97,0.38,0.36,2023-03-08,759,N20,VIIRS,n,2,311.02,5.78,D,0
19.314,77.6772,339.54,0.39,0.36,2023-03-08,759,N20,VIIRS,n,2,311.45,1.59,D,0
19.31832,78.23399,346.72,0.38,0.36,2023-03-08,759,N20,VIIRS,n,2,315.74,20.25,D,0
19.33829,78.58754,340.57,0.38,0.36,2023-03-08,759,N20,VIIRS,l,2,312.08,2.28,D,0
19.37644,79.91049,334.28,0.4,0.37,2023-03-08,759,N20,VIIRS,l,2,308.24,4.54,D,0
19.3798,79.90992,347.17,0.4,0.37,2023-03-08,759,N20,VIIRS,n,2,308.7,3.23,D,0
19.38033,79.91368,332.67,0.4,0.37,2023-03-08,759,N20,VIIRS,l,2,307.43,3.23,D,0
19.38698,79.93621,337.61,0.4,0.37,2023-03-08,759,N20,VIIRS,l,2,309.86,2.71,D,0
19.38813,78.09074,351.07,0.38,0.36,2023-03-08,759,N20,VIIRS,n,2,309.34,5.35,D,0
19.39142,78.09017,335.86,0.38,0.36,2023-03-08,759,N20,VIIRS,n,2,303.49,5.35,D,0
19.39158,81.45892,333.19,0.45,0.39,2023-03-08,759,N20,VIIRS,l,2,303.68,2.81,D,0
19.39444,79.89208,342.11,0.4,0.37,2023-03-08,759,N20,VIIRS,n,2,307.62,5.57,D,0
19.39504,79.17199,337.47,0.39,0.36,2023-03-08,759,N20,VIIRS,l,2,309.82,6.19,D,0
19.39955,79.31843,341.94,0.39,0.36,2023-03-08,759,N20,VIIRS,n,2,313.56,5.56,D,0
19.40172,79.8949,338.07,0.4,0.37,2023-03-08,759,N20,VIIRS,l,2,309.31,1.56,D,0
19.40844,79.89384,334.75,0.4,0.37,2023-03-08,759,N20,VIIRS,l,2,308.78,3.63,D,0
19.41125,79.88945,334.51,0.4,0.37,2023-03-08,759,N20,VIIRS,l,2,307.53,5.66,D,0
19.41343,81.48624,335.34,0.45,0.39,2023-03-08,759,N20,VIIRS,n,2,305.18,4.83,D,0
19.42131,77.25737,336.8,0.39,0.36,2023-03-08,759,N20,VIIRS,l,2,311.41,2.83,D,0
19.43337,78.8127,338.6,0.39,0.36,2023-03-08,759,N20,VIIRS,l,2,308.68,5.11,D,0
19.47797,79.81352,340.31,0.4,0.37,2023-03-08,759,N20,VIIRS,n,2,313.31,3.02,D,0
19.51497,78.43027,343.16,0.38,0.36,2023-03-08,759,N20,VIIRS,n,2,312.73,13.75,D,0
19.51827,78.42972,348.38,0.38,0.36,2023-03-08,759,N20,VIIRS,n,2,311.52,13.75,D,0
19.52211,78.43279,333.9,0.38,0.36,2023-03-08,759,N20,VIIRS,l,2,308.56,4.31,D,0
19.5287,78.45403,340.21,0.38,0.36,2023-03-08,759,N20,VIIRS,l,2,311.29,2.84,D,0
19.52996,79.19025,347.68,0.39,0.36,2023-03-08,759,N20,VIIRS,n,2,313.66,5.18,D,0
19.532,78.45347,345.38,0.38,0.36,2023-03-08,759,N20,VIIRS,n,2,312.68,6.64,D,0
19.54129,79.45353,334.61,0.39,0.36,2023-03-08,759,N20,VIIRS,l,2,304.98,4.82,D,0
19.54612,81.34583,330.27,0.45,0.39,2023-03-08,759,N20,VIIRS,l,2,303.47,1.82,D,0
19.57535,78.51688,341.73,0.38,0.36,2023-03-08,759,N20,VIIRS,n,2,311.72,3.84,D,0
19.57876,81.45921,335.86,0.45,0.39,2023-03-08,759,N20,VIIRS,n,2,303.97,3.71,D,0
19.57972,81.45819,330.36,0.45,0.39,2023-03-08,759,N20,VIIRS,l,2,303.27,3.02,D,0
19.58034,81.46264,335.31,0.45,0.39,2023-03-08,759,N20,VIIRS,n,2,305.73,3.02,D,0
19.58233,81.45869,330.81,0.45,0.39,2023-03-08,759,N20,VIIRS,l,2,304.04,3.71,D,0
19.60986,78.72359,346.57,0.39,0.36,2023-03-08,759,N20,VIIRS,n,2,313.16,4.57,D,0
19.61316,78.72304,342.66,0.39,0.36,2023-03-08,759,N20,VIIRS,l,2,313.86,8.62,D,0
19.62119,80.05864,338.87,0.4,0.37,2023-03-08,759,N20,VIIRS,n,2,309.72,2.67,D,0
19.62625,79.12933,340.6,0.39,0.36,2023-03-08,759,N20,VIIRS,l,2,314.97,3.94,D,0
19.63391,78.3204,351.78,0.38,0.36,2023-03-08,759,N20,VIIRS,n,2,317.16,8.7,D,0
19.65015,79.03881,337.18,0.39,0.36,2023-03-08,759,N20,VIIRS,l,2,310.47,10.54,D,0
19.65365,78.2947,337.89,0.38,0.36,2023-03-08,759,N20,VIIRS,l,2,311.9,4.56,D,0
19.65403,79.01936,345.34,0.39,0.36,2023-03-08,759,N20,VIIRS,n,2,310.36,2.76,D,0
19.65694,78.29414,346.7,0.38,0.36,2023-03-08,759,N20,VIIRS,n,2,316.41,11.13,D,0
19.68082,78.90224,339.09,0.39,0.36,2023-03-08,759,N20,VIIRS,l,2,310.21,7.92,D,0
19.68421,80.8054,346.95,0.43,0.38,2023-03-08,759,N20,VIIRS,n,2,309.69,6.4,D,0
19.68542,79.34676,342.75,0.39,0.36,2023-03-08,759,N20,VIIRS,n,2,314.75,2.95,D,0
19.74315,77.72599,337.05,0.39,0.36,2023-03-08,759,N20,VIIRS,n,2,310.37,1.44,D,0
19.75263,79.57989,343.26,0.4,0.37,2023-03-08,759,N20,VIIRS,n,2,308.08,3.98,D,0
19.78148,78.21661,338.33,0.38,0.36,2023-03-08,759,N20,VIIRS,l,2,312.59,1.52,D,0
19.78203,78.22025,343.45,0.38,0.36,2023-03-08,759,N20,VIIRS,l,2,314.54,5.56,D,0
19.79923,78.74033,346.24,0.39,0.36,2023-03-08,759,N20,VIIRS,n,2,317.92,5.35,D,0
19.801,81.17962,337.35,0.44,0.39,2023-03-08,759,N20,VIIRS,n,2,304.27,5.0,D,0
19.85081,80.98635,336.76,0.44,0.38,2023-03-08,759,N20,VIIRS,l,2,308.37,3.0,D,0
19.854,80.54608,348.76,0.42,0.38,2023-03-08,759,N20,VIIRS,n,2,313.18,7.36,D,0
19.86114,81.40952,332.31,0.45,0.39,2023-03-08,759,N20,VIIRS,l,2,305.88,2.15,D,0
19.88521,79.62805,349.05,0.4,0.37,2023-03-08,759,N20,VIIRS,n,2,314.79,4.49,D,0
19.88575,79.63182,335.63,0.4,0.37,2023-03-08,759,N20,VIIRS,l,2,309.81,4.49,D,0
19.9063,79.90783,340.46,0.4,0.37,2023-03-08,759,N20,VIIRS,l,2,313.05,11.64,D,0
19.90734,79.90409,340.47,0.4,0.37,2023-03-08,759,N20,VIIRS,n,2,311.68,4.07,D,0
19.90788,79.90791,335.6,0.4,0.37,2023-03-08,759,N20,VIIRS,l,2,309.99,4.07,D,0
19.91056,78.71379,341.59,0.39,0.36,2023-03-08,759,N20,VIIRS,n,2,311.4,3.95,D,0
19.91767,78.76134,348.48,0.39,0.36,2023-03-08,759,N20,VIIRS,n,2,314.64,6.81,D,0
19.926,79.41412,347.28,0.39,0.36,2023-03-08,759,N20,VIIRS,n,2,309.86,7.0,D,0
19.93741,81.14805,331.13,0.44,0.39,2023-03-08,759,N20,VIIRS,l,2,305.63,1.66,D,0
19.93928,81.1092,335.12,0.44,0.38,2023-03-08,759,N20,VIIRS,n,2,305.52,3.15,D,0
19.9413,78.78365,342.37,0.39,0.36,2023-03-08,759,N20,VIIRS,l,2,317.04,2.99,D,0
19.95746,77.29166,347.65,0.39,0.36,2023-03-08,759,N20,VIIRS,n,2,317.14,4.28,D,0
19.98904,80.78942,333.35,0.43,0.38,2023-03-08,759,N20,VIIRS,l,2,306.07,2.31,D,0
19.9897,80.56611,334.55,0.42,0.38,2023-03-08,759,N20,VIIRS,l,2,308.88,3.47,D,0
17.17918,80.8019,309.52,0.52,0.42,2023-03-08,2029,N20,VIIRS,n,2,293.19,1.32,N,0
17.21056,81.10619,303.32,0.54,0.42,2023-03-08,2029,N20,VIIRS,n,2,290.71,1.0,N,0
17.36901,81.28274,304.36,0.55,0.43,2023-03-08,2029,N20,VIIRS,n,2,292.22,1.36,N,0
17.38098,81.46115,301.94,0.56,0.43,2023-03-08,2029,N20,VIIRS,n,2,290.88,1.6,N,0
17.38146,81.45993,300.93,0.57,0.43,2023-03-08,2029,N20,VIIRS,n,2,290.78,0.85,N,0
17.47975,80.45072,302.2,0.5,0.41,2023-03-08,2029,N20,VIIRS,n,2,292.09,0.87,N,0
17.50775,81.0974,304.18,0.54,0.42,2023-03-08,2029,N20,VIIRS,n,2,292.5,0.94,N,0
17.51029,80.47226,307.96,0.5,0.41,2023-03-08,2029,N20,VIIRS,n,2,292.59,1.22,N,0
17.51562,80.9664,303.82,0.53,0.42,2023-03-08,2029,N20,VIIRS,n,2,292.88,1.03,N,0
17.5411,81.11025,308.51,0.54,0.42,2023-03-08,2029,N20,VIIRS,n,2,292.4,1.22,N,0
17.64747,81.23635,303.09,0.54,0.42,2023-03-08,2029,N20,VIIRS,n,2,292.89,1.41,N,0
17.73755,81.14314,302.34,0.54,0.42,2023-03-08,2029,N20,VIIRS,n,2,292.22,0.73,N,0
17.74224,81.30118,303.79,0.55,0.42,2023-03-08,2029,N20,VIIRS,n,2,292.96,0.98,N,0
17.76731,77.74137,305.64,0.39,0.36,2023-03-08,2029,N20,VIIRS,n,2,288.02,0.57,N,0
17.95908,80.79951,320.22,0.51,0.41,2023-03-08,2029,N20,VIIRS,n,2,295.92,3.45,N,2
18.04815,77.0772,298.96,0.39,0.36,2023-03-08,2029,N20,VIIRS,n,2,286.84,0.43,N,0
18.09211,80.31021,298.98,0.48,0.4,2023-03-08,2029,N20,VIIRS,n,2,286.11,0.95,N,0
18.11097,80.24545,303.91,0.48,0.4,2023-03-08,2029,N20,VIIRS,n,2,288.79,1.97,N,0
18.11386,80.25033,302.58,0.48,0.4,2023-03-08,2029,N20,VIIRS,n,2,289.52,1.72,N,0
18.16603,80.21217,305.02,0.47,0.4,2023-03-08,2029,N20,VIIRS,n,2,293.98,1.09,N,0
18.16891,80.21698,305.05,0.47,0.4,2023-03-08,2029,N20,VIIRS,n,2,293.64,1.35,N,0
18.19127,80.28094,304.77,0.48,0.4,2023-03-08,2029,N20,VIIRS,n,2,289.32,0.72,N,0
18.19412,80.28599,303.29,0.48,0.4,2023-03-08,2029,N20,VIIRS,n,2,288.63,1.05,N,0
18.20056,80.29202,301.57,0.48,0.4,2023-03-08,2029,N20,VIIRS,n,2,287.74,0.79,N,0
18.20941,77.55511,302.13,0.39,0.36,2023-03-08,2029,N20,VIIRS,n,2,291.79,0.63,N,0
18.29448,80.16724,309.77,0.47,0.4,2023-03-08,2029,N20,VIIRS,n,2,294.35,2.04,N,0
18.29481,80.08153,302.22,0.46,0.39,2023-03-08,2029,N20,VIIRS,n,2,288.82,0.91,N,0
18.29524,80.1629,305.11,0.47,0.4,2023-03-08,2029,N20,VIIRS,n,2,294.49,0.94,N,0
18.29605,80.09542,323.77,0.47,0.39,2023-03-08,2029,N20,VIIRS,n,2,294.02,2.71,N,0
18.30092,80.34238,303.88,0.48,0.4,2023-03-08,2029,N20,VIIRS,n,2,292.34,0.95,N,0
18.31701,80.0188,295.57,0.46,0.39,2023-03-08,2029,N20,VIIRS,n,2,268.96,1.16,N,0
18.37279,80.82082,301.44,0.5,0.41,2023-03-08,2029,N20,VIIRS,n,2,287.12,1.8,N,0
18.3791,80.20007,304.83,0.47,0.4,2023-03-08,2029,N20,VIIRS,n,2,292.89,1.79,N,0
18.37972,80.25938,302.66,0.47,0.4,2023-03-08,2029,N20,VIIRS,n,2,292.35,0.96,N,0
18.384,80.8227,299.27,0.5,0.41,2023-03-08,2029,N20,VIIRS,n,2,288.06,1.4,N,0
18.38565,80.76085,303.87,0.5,0.41,2023-03-08,2029,N20,VIIRS,n,2,288.87,1.12,N,0
18.39056,80.26144,306.82,0.47,0.4,2023-03-08,2029,N20,VIIRS,n,2,293.04,1.87,N,0
18.39827,79.67987,305.19,0.45,0.39,2023-03-08,2029,N20,VIIRS,n,2,293.62,1.39,N,0
18.40401,79.94236,321.04,0.46,0.39,2023-03-08,2029,N20,VIIRS,n,2,284.1,2.83,N,0
18.40756,79.94312,309.66,0.46,0.39,2023-03-08,2029,N20,VIIRS,n,2,283.55,1.64,N,0
18.43164,78.63969,305.85,0.41,0.37,2023-03-08,2029,N20,VIIRS,n,2,292.24,0.81,N,0
18.43503,78.64027,306.32,0.41,0.37,2023-03-08,2029,N20,VIIRS,n,2,292.0,0.87,N,0
18.43841,78.64088,309.74,0.41,0.37,2023-03-08,2029,N20,VIIRS,n,2,291.72,0.87,N,0
18.43907,78.63701,313.11,0.41,0.37,2023-03-08,2029,N20,VIIRS,n,2,291.7,1.44,N,0
18.44414,81.13414,303.83,0.52,0.42,2023-03-08,2029,N20,VIIRS,n,2,291.78,0.97,N,0
18.44996,77.35083,308.1,0.39,0.36,2023-03-08,2029,N20,VIIRS,n,2,289.68,0.78,N,0
18.47647,78.5179,304.85,0.41,0.37,2023-03-08,2029,N20,VIIRS,n,2,289.53,0.31,N,0
18.48188,81.44947,303.92,0.54,0.42,2023-03-08,2029,N20,VIIRS,n,2,291.17,1.21,N,0
18.48951,78.48139,319.82,0.4,0.37,2023-03-08,2029,N20,VIIRS,n,2,294.28,1.54,N,0
18.49013,78.47766,309.55,0.4,0.37,2023-03-08,2029,N20,VIIRS,n,2,293.28,1.54,N,0
18.49961,78.48321,307.22,0.4,0.37,2023-03-08,2029,N20,VIIRS,n,2,292.61,1.73,N,0
18.50669,78.11485,306.92,0.4,0.37,2023-03-08,2029,N20,VIIRS,n,2,292.44,1.27,N,0
18.50703,80.76703,300.85,0.5,0.41,2023-03-08,2029,N20,VIIRS,n,2,289.64,1.28,N,0
18.53179,78.47736,307.04,0.4,0.37,2023-03-08,2029,N20,VIIRS,n,2,293.29,1.65,N,0
18.53241,78.47362,312.57,0.4,0.37,2023-03-08,2029,N20,VIIRS,n,2,294.31,0.94,N,0
18.53639,78.47052,302.47,0.4,0.37,2023-03-08,2029,N20,VIIRS,n,2,291.99,0.94,N,0
18.54018,79.53127,302.79,0.44,0.38,2023-03-08,2029,N20,VIIRS,n,2,292.16,0.9,N,0
18.55505,78.49309,304.01,0.4,0.37,2023-03-08,2029,N20,VIIRS,n,2,292.77,0.91,N,0
18.55777,77.52681,307.66,0.39,0.36,2023-03-08,2029,N20,VIIRS,n,2,289.43,1.02,N,0
18.68073,80.1696,296.38,0.46,0.39,2023-03-08,2029,N20,VIIRS,n,2,285.15,0.39,N,0
18.7051,78.78802,310.68,0.41,0.37,2023-03-08,2029,N20,VIIRS,n,2,293.3,1.66,N,0
18.7212,79.53822,316.75,0.44,0.38,2023-03-08,2029,N20,VIIRS,n,2,295.75,1.62,N,2
18.72191,79.53415,308.73,0.44,0.38,2023-03-08,2029,N20,VIIRS,n,2,294.28,1.53,N,2
18.7254,79.53479,308.62,0.44,0.38,2023-03-08,2029,N20,VIIRS,n,2,295.65,1.4,N,2
18.73655,79.53269,317.17,0.44,0.38,2023-03-08,2029,N20,VIIRS,n,2,295.49,2.15,N,0
18.77838,79.41472,302.0,0.43,0.38,2023-03-08,2029,N20,VIIRS,n,2,288.54,0.49,N,0
18.83677,80.31277,300.32,0.47,0.4,2023-03-08,2029,N20,VIIRS,n,2,288.64,0.75,N,0
18.83755,80.30838,305.94,0.47,0.4,2023-03-08,2029,N20,VIIRS,n,2,288.8,0.75,N,0
18.84754,80.31507,297.12,0.47,0.4,2023-03-08,2029,N20,VIIRS,n,2,284.5,0.62,N,0
18.87506,79.71854,315.07,0.44,0.38,2023-03-08,2029,N20,VIIRS,n,2,285.79,1.8,N,0
18.90759,80.11974,302.27,0.46,0.39,2023-03-08,2029,N20,VIIRS,n,2,291.23,1.05,N,0
18.90833,80.11549,305.31,0.46,0.39,2023-03-08,2029,N20,VIIRS,n,2,294.21,1.05,N,0
18.9248,80.10539,306.51,0.46,0.39,2023-03-08,2029,N20,VIIRS,n,2,293.74,0.9,N,0
18.93596,78.94438,304.63,0.41,0.37,2023-03-08,2029,N20,VIIRS,n,2,294.15,1.02,N,0
18.94584,78.88618,304.79,0.41,0.37,2023-03-08,2029,N20,VIIRS,n,2,293.43,0.57,N,0
18.95547,80.09179,306.34,0.46,0.39,2023-03-08,2029,N20,VIIRS,n,2,295.08,1.66,N,0
18.95621,80.08758,314.4,0.46,0.39,2023-03-08,2029,N20,VIIRS,n,2,295.67,1.66,N,0
18.95694,80.08346,310.37,0.46,0.39,2023-03-08,2029,N20,VIIRS,n,2,295.28,1.75,N,0
18.96053,80.08399,314.42,0.46,0.39,2023-03-08,2029,N20,VIIRS,n,2,295.67,1.75,N,0
18.96484,80.08038,315.09,0.46,0.39,2023-03-08,2029,N20,VIIRS,n,2,295.39,1.54,N,0
18.96823,80.1029,317.43,0.46,0.39,2023-03-08,2029,N20,VIIRS,n,2,294.96,2.99,N,0
18.96843,80.08086,305.72,0.46,0.39,2023-03-08,2029,N20,VIIRS,n,2,294.53,1.54,N,0
18.96897,80.09866,310.38,0.46,0.39,2023-03-08,2029,N20,VIIRS,n,2,293.84,2.99,N,0
18.97179,80.10355,336.89,0.46,0.39,2023-03-08,2029,N20,VIIRS,n,2,297.6,2.99,N,0
18.97253,80.09936,323.44,0.46,0.39,2023-03-08,2029,N20,VIIRS,n,2,294.62,2.99,N,0
18.97327,80.09515,306.64,0.46,0.39,2023-03-08,2029,N20,VIIRS,n,2,292.85,0.93,N,0
18.97402,80.09089,304.8,0.46,0.39,2023-03-08,2029,N20,VIIRS,n,2,292.8,0.93,N,0
18.97462,80.10841,312.17,0.46,0.39,2023-03-08,2029,N20,VIIRS,n,2,294.82,2.09,N,0
18.97535,80.10423,322.65,0.46,0.39,2023-03-08,2029,N20,VIIRS,n,2,294.12,2.53,N,0
18.97818,80.10905,316.23,0.46,0.39,2023-03-08,2029,N20,VIIRS,n,2,294.99,2.09,N,0
18.97831,80.08734,302.66,0.46,0.39,2023-03-08,2029,N20,VIIRS,n,2,291.61,0.44,N,0
18.97873,80.12691,305.95,0.46,0.39,2023-03-08,2029,N20,VIIRS,n,2,292.75,0.73,N,0
18.9795,80.1225,304.76,0.46,0.39,2023-03-08,2029,N20,VIIRS,n,2,293.97,1.18,N,0
18.98227,80.12769,302.98,0.46,0.39,2023-03-08,2029,N20,VIIRS,n,2,291.65,0.73,N,0
18.98657,80.12416,311.14,0.46,0.39,2023-03-08,2029,N20,VIIRS,n,2,291.71,1.21,N,0
18.99013,80.12487,314.63,0.46,0.39,2023-03-08,2029,N20,VIIRS,n,2,293.19,1.21,N,0
19.00108,79.24306,336.24,0.42,0.38,2023-03-08,2029,N20,VIIRS,n,2,294.83,4.5,N,0
19.00176,79.2391,342.3,0.42,0.38,2023-03-08,2029,N20,VIIRS,n,2,296.62,4.5,N,0
19.00384,79.2476,311.9,0.42,0.38,2023-03-08,2029,N20,VIIRS,n,2,294.78,1.89,N,0
19.00413,80.32771,308.35,0.47,0.4,2023-03-08,2029,N20,VIIRS,n,2,293.89,1.44,N,0
19.00468,79.68215,306.96,0.44,0.38,2023-03-08,2029,N20,VIIRS,n,2,290.82,1.08,N,0
19.00697,80.32557,305.8,0.47,0.4,2023-03-08,2029,N20,VIIRS,n,2,293.81,1.32,N,0
19.0093,80.46588,302.61,0.47,0.4,2023-03-08,2029,N20,VIIRS,n,2,289.92,1.41,N,0
19.01131,80.47561,302.71,0.47,0.4,2023-03-08,2029,N20,VIIRS,n,2,289.37,0.53,N,0
19.01481,79.22491,318.58,0.42,0.38,2023-03-08,2029,N20,VIIRS,n,2,295.89,2.27,N,0
19.01537,80.19157,319.25,0.46,0.39,2023-03-08,2029,N20,VIIRS,n,2,293.96,1.69,N,0
19.01612,80.18723,313.32,0.46,0.39,2023-03-08,2029,N20,VIIRS,n,2,294.01,1.69,N,0
19.01894,80.19224,325.82,0.46,0.39,2023-03-08,2029,N20,VIIRS,n,2,293.7,9.17,N,0
19.01895,79.22143,318.04,0.42,0.38,2023-03-08,2029,N20,VIIRS,n,2,294.98,1.95,N,0
19.01969,80.18793,347.25,0.46,0.39,2023-03-08,2029,N20,VIIRS,n,2,299.3,9.17,N,0
19.02022,80.20622,311.34,0.46,0.39,2023-03-08,2029,N20,VIIRS,n,2,293.47,2.54,N,0
19.02156,80.20948,308.89,0.46,0.39,2023-03-08,2029,N20,VIIRS,n,2,293.75,1.82,N,0
19.02646,80.12752,323.55,0.46,0.39,2023-03-08,2029,N20,VIIRS,n,2,294.68,3.07,N,0
19.02863,79.24773,302.39,0.42,0.38,2023-03-08,2029,N20,VIIRS,n,2,292.0,0.72,N,0
19.02999,80.1284,332.54,0.46,0.39,2023-03-08,2029,N20,VIIRS,n,2,296.78,4.93,N,0
19.03761,80.1815,304.83,0.46,0.39,2023-03-08,2029,N20,VIIRS,n,2,292.63,1.05,N,0
19.04116,80.18232,302.51,0.46,0.39,2023-03-08,2029,N20,VIIRS,n,2,292.03,0.94,N,0
19.04217,80.34382,301.32,0.47,0.4,2023-03-08,2029,N20,VIIRS,n,2,289.9,1.25,N,0
19.04394,80.31283,308.34,0.47,0.39,2023-03-08,2029,N20,VIIRS,n,2,294.15,1.33,N,0
19.04446,80.33087,308.92,0.47,0.4,2023-03-08,2029,N20,VIIRS,n,2,292.1,0.81,N,0
19.04524,80.32648,306.17,0.47,0.39,2023-03-08,2029,N20,VIIRS,n,2,292.58,0.81,N,0
19.04601,80.3221,309.54,0.47,0.39,2023-03-08,2029,N20,VIIRS,n,2,293.45,1.69,N,0
19.05189,80.02274,308.7,0.45,0.39,2023-03-08,2029,N20,VIIRS,n,2,291.14,1.44,N,0
19.05494,80.02171,303.32,0.45,0.39,2023-03-08,2029,N20,VIIRS,n,2,291.49,1.39,N,0
19.05497,79.17591,301.32,0.42,0.38,2023-03-08,2029,N20,VIIRS,n,2,289.83,0.66,N,0
19.05643,80.01327,301.77,0.45,0.39,2023-03-08,2029,N20,VIIRS,n,2,290.44,0.78,N,0
19.05708,79.18433,306.01,0.42,0.38,2023-03-08,2029,N20,VIIRS,n,2,290.97,0.7,N,0
19.06045,80.01552,304.08,0.45,0.39,2023-03-08,2029,N20,VIIRS,n,2,292.07,1.34,N,0
19.07251,79.23949,302.54,0.42,0.38,2023-03-08,2029,N20,VIIRS,n,2,292.2,1.02,N,0
19.08459,79.18873,301.88,0.42,0.38,2023-03-08,2029,N20,VIIRS,n,2,291.46,0.49,N,0
19.09126,78.77361,312.87,0.41,0.37,2023-03-08,2029,N20,VIIRS,n,2,292.56,1.68,N,0
19.11333,78.60053,305.52,0.4,0.37,2023-03-08,2029,N20,VIIRS,n,2,289.43,0.56,N,0
19.12427,80.30875,311.84,0.46,0.39,2023-03-08,2029,N20,VIIRS,n,2,291.91,2.27,N,0
19.12608,78.89915,301.49,0.41,0.37,2023-03-08,2029,N20,VIIRS,n,2,290.79,0.63,N,0
19.12868,80.30485,317.83,0.46,0.39,2023-03-08,2029,N20,VIIRS,n,2,292.5,2.41,N,0
19.12947,78.8998,312.97,0.41,0.37,2023-03-08,2029,N20,VIIRS,n,2,290.9,1.39,N,0
19.13256,80.0806,311.44,0.45,0.39,2023-03-08,2029,N20,VIIRS,n,2,290.63,1.11,N,0
19.1333,80.07631,303.21,0.45,0.39,2023-03-08,2029,N20,VIIRS,n,2,291.25,1.11,N,0
19.134,78.51822,303.29,0.4,0.37,2023-03-08,2029,N20,VIIRS,n,2,291.45,0.61,N,0
19.13404,80.07201,305.04,0.45,0.39,2023-03-08,2029,N20,VIIRS,n,2,292.04,1.39,N,0
19.13611,80.08126,312.11,0.45,0.39,2023-03-08,2029,N20,VIIRS,n,2,291.96,1.11,N,0
19.13735,78.51885,315.49,0.4,0.37,2023-03-08,2029,N20,VIIRS,n,2,292.12,0.92,N,0
19.13798,78.51506,303.38,0.4,0.37,2023-03-08,2029,N20,VIIRS,n,2,290.95,0.92,N,0
19.13835,80.06832,308.92,0.45,0.39,2023-03-08,2029,N20,VIIRS,n,2,293.67,1.39,N,0
19.13966,80.08192,302.41,0.45,0.39,2023-03-08,2029,N20,VIIRS,n,2,291.73,1.21,N,0
19.13985,78.50381,304.92,0.4,0.37,2023-03-08,2029,N20,VIIRS,n,2,289.34,0.52,N,0
19.14258,78.50818,311.64,0.4,0.37,2023-03-08,2029,N20,VIIRS,n,2,291.32,1.4,N,0
19.14405,78.52011,308.28,0.4,0.37,2023-03-08,2029,N20,VIIRS,n,2,292.16,0.98,N,0
19.1511,80.07932,313.65,0.45,0.39,2023-03-08,2029,N20,VIIRS,n,2,293.99,1.8,N,0
19.15112,78.68607,318.99,0.41,0.37,2023-03-08,2029,N20,VIIRS,n,2,292.02,1.61,N,0
19.15419,80.07845,305.91,0.45,0.39,2023-03-08,2029,N20,VIIRS,n,2,294.33,1.26,N,0
19.15431,78.54163,300.74,0.4,0.37,2023-03-08,2029,N20,VIIRS,n,2,289.87,0.46,N,0
19.17042,80.09036,304.85,0.45,0.39,2023-03-08,2029,N20,VIIRS,n,2,293.45,1.13,N,0
19.18272,78.75454,302.48,0.41,0.37,2023-03-08,2029,N20,VIIRS,n,2,290.14,0.67,N,0
19.1861,78.75515,312.35,0.41,0.37,2023-03-08,2029,N20,VIIRS,n,2,291.77,1.1,N,0
19.18735,78.83048,322.62,0.41,0.37,2023-03-08,2029,N20,VIIRS,n,2,294.42,2.77,N,0
19.20672,78.98563,301.14,0.41,0.37,2023-03-08,2029,N20,VIIRS,n,2,291.13,0.74,N,0
19.21012,78.98624,303.88,0.41,0.37,2023-03-08,2029,N20,VIIRS,n,2,291.69,0.65,N,0
19.21399,79.04689,303.72,0.41,0.37,2023-03-08,2029,N20,VIIRS,n,2,292.08,0.59,N,0
19.21741,79.04737,302.99,0.41,0.37,2023-03-08,2029,N20,VIIRS,n,2,292.53,0.59,N,0
19.2257,78.80968,314.69,0.41,0.37,2023-03-08,2029,N20,VIIRS,n,2,292.16,1.6,N,0
19.22717,79.03206,302.2,0.41,0.37,2023-03-08,2029,N20,VIIRS,n,2,291.56,0.75,N,0
19.22778,78.81808,300.77,0.41,0.37,2023-03-08,2029,N20,VIIRS,n,2,289.73,0.72,N,0
19.22908,78.81034,321.18,0.41,0.37,2023-03-08,2029,N20,VIIRS,n,2,292.58,1.6,N,0
19.22956,78.8701,308.64,0.41,0.37,2023-03-08,2029,N20,VIIRS,n,2,291.46,1.4,N,0
19.22978,79.89763,305.31,0.45,0.39,2023-03-08,2029,N20,VIIRS,n,2,292.37,0.99,N,0
19.23181,78.81485,319.98,0.41,0.37,2023-03-08,2029,N20,VIIRS,n,2,291.91,1.56,N,0
19.23294,78.87072,322.9,0.41,0.37,2023-03-08,2029,N20,VIIRS,n,2,291.71,1.4,N,0
19.23538,78.91893,315.22,0.41,0.37,2023-03-08,2029,N20,VIIRS,n,2,293.4,1.65,N,0
19.23568,78.79168,302.69,0.41,0.37,2023-03-08,2029,N20,VIIRS,n,2,292.41,0.63,N,0
19.23602,78.91507,310.42,0.41,0.37,2023-03-08,2029,N20,VIIRS,n,2,292.6,1.18,N,0
19.23633,78.87135,301.65,0.41,0.37,2023-03-08,2029,N20,VIIRS,n,2,289.77,0.34,N,0
19.23697,78.86749,312.62,0.41,0.37,2023-03-08,2029,N20,VIIRS,n,2,290.44,0.97,N,0
19.23828,78.94346,314.41,0.41,0.37,2023-03-08,2029,N20,VIIRS,n,2,290.82,0.9,N,0
19.24104,78.94786,314.58,0.41,0.37,2023-03-08,2029,N20,VIIRS,n,2,291.71,0.9,N,0
19.24144,80.22205,301.29,0.46,0.39,2023-03-08,2029,N20,VIIRS,n,2,289.86,0.58,N,0
19.24163,78.94714,318.45,0.41,0.37,2023-03-08,2029,N20,VIIRS,n,2,292.81,1.04,N,0
19.24168,78.94402,305.56,0.41,0.37,2023-03-08,2029,N20,VIIRS,n,2,291.21,0.9,N,0
19.24229,78.9433,303.68,0.41,0.37,2023-03-08,2029,N20,VIIRS,n,2,291.3,1.04,N,0
19.24504,78.94768,309.75,0.41,0.37,2023-03-08,2029,N20,VIIRS,n,2,293.27,1.04,N,0
19.24735,78.67989,302.49,0.4,0.37,2023-03-08,2029,N20,VIIRS,n,2,290.96,1.05,N,0
19.24782,80.22765,301.65,0.46,0.39,2023-03-08,2029,N20,VIIRS,n,2,289.97,0.84,N,0
19.24799,78.67609,326.71,0.4,0.37,2023-03-08,2029,N20,VIIRS,n,2,291.61,1.05,N,0
19.24889,78.83782,307.85,0.41,0.37,2023-03-08,2029,N20,VIIRS,n,2,291.27,1.13,N,0
19.25072,78.6805,306.25,0.4,0.37,2023-03-08,2029,N20,VIIRS,n,2,291.76,1.05,N,0
19.25116,78.40756,304.67,0.4,0.37,2023-03-08,2029,N20,VIIRS,n,2,291.47,0.84,N,0
19.2559,79.87261,309.94,0.44,0.39,2023-03-08,2029,N20,VIIRS,n,2,288.04,1.65,N,0
19.26125,78.5963,301.86,0.4,0.37,2023-03-08,2029,N20,VIIRS,n,2,290.2,0.7,N,0
19.26373,80.076,310.16,0.45,0.39,2023-03-08,2029,N20,VIIRS,n,2,293.73,1.81,N,0
19.26448,80.07179,321.84,0.45,0.39,2023-03-08,2029,N20,VIIRS,n,2,294.46,1.81,N,0
19.26483,80.07414,318.78,0.45,0.39,2023-03-08,2029,N20,VIIRS,n,2,294.36,2.63,N,0
19.26523,80.06756,301.56,0.45,0.39,2023-03-08,2029,N20,VIIRS,n,2,291.45,0.81,N,0
19.26556,80.06989,313.97,0.45,0.39,2023-03-08,2029,N20,VIIRS,n,2,293.04,1.29,N,0
19.26925,79.87933,302.14,0.44,0.39,2023-03-08,2029,N20,VIIRS,n,2,291.51,0.76,N,0
19.26996,79.87521,301.39,0.44,0.39,2023-03-08,2029,N20,VIIRS,n,2,289.69,0.76,N,0
19.27276,79.88,308.26,0.44,0.39,2023-03-08,2029,N20,VIIRS,n,2,291.52,0.76,N,0
19.27418,79.87177,301.26,0.44,0.39,2023-03-08,2029,N20,VIIRS,n,2,289.86,0.42,N,0
19.2751,79.82438,307.7,0.44,0.38,2023-03-08,2029,N20,VIIRS,n,2,292.17,0.95,N,0
19.27531,80.05193,320.16,0.45,0.39,2023-03-08,2029,N20,VIIRS,n,2,294.37,1.48,N,0
19.27582,79.8202,312.08,0.44,0.38,2023-03-08,2029,N20,VIIRS,n,2,294.43,2.0,N,0
19.27597,78.65379,302.82,0.4,0.37,2023-03-08,2029,N20,VIIRS,n,2,290.76,0.94,N,0
19.27699,79.87656,318.48,0.44,0.39,2023-03-08,2029,N20,VIIRS,n,2,291.62,2.56,N,0
19.27732,80.06123,314.53,0.45,0.39,2023-03-08,2029,N20,VIIRS,n,2,291.94,2.19,N,0
19.27808,80.05695,317.86,0.45,0.39,2023-03-08,2029,N20,VIIRS,n,2,293.52,2.19,N,0
19.27861,79.82498,302.9,0.44,0.38,2023-03-08,2029,N20,VIIRS,n,2,291.16,0.91,N,0
19.27884,80.0527,303.04,0.45,0.39,2023-03-08,2029,N20,VIIRS,n,2,292.25,1.48,N,0
19.27996,78.65061,305.16,0.4,0.37,2023-03-08,2029,N20,VIIRS,n,2,291.86,0.72,N,0
19.28004,79.81673,309.69,0.44,0.38,2023-03-08,2029,N20,VIIRS,n,2,293.5,1.92,N,0
19.28121,79.87308,303.35,0.44,0.39,2023-03-08,2029,N20,VIIRS,n,2,288.72,0.78,N,0
19.28355,79.81735,317.57,0.44,0.38,2023-03-08,2029,N20,VIIRS,n,2,294.31,1.92,N,0
19.28483,78.73328,310.33,0.41,0.37,2023-03-08,2029,N20,VIIRS,n,2,290.32,1.49,N,0
19.28552,79.84799,302.62,0.44,0.39,2023-03-08,2029,N20,VIIRS,n,2,292.22,1.02,N,0
19.28625,79.84377,306.13,0.44,0.39,2023-03-08,2029,N20,VIIRS,n,2,287.23,1.02,N,0
19.28634,79.82211,306.58,0.44,0.38,2023-03-08,2029,N20,VIIRS,n,2,291.23,1.36,N,0
19.2884,79.83119,298.63,0.44,0.38,2023-03-08,2029,N20,VIIRS,n,2,286.88,0.39,N,0
19.28912,79.82701,298.34,0.44,0.38,2023-03-08,2029,N20,VIIRS,n,2,286.08,0.39,N,0
19.29291,78.23819,306.57,0.4,0.37,2023-03-08,2029,N20,VIIRS,n,2,291.44,0.6,N,0
19.29588,78.57522,306.05,0.4,0.37,2023-03-08,2029,N20,VIIRS,n,2,290.32,1.11,N,0
19.2965,78.57144,300.05,0.4,0.37,2023-03-08,2029,N20,VIIRS,n,2,289.58,0.34,N,0
19.29976,78.66525,343.01,0.4,0.37,2023-03-08,2029,N20,VIIRS,n,2,294.47,3.19,N,0
19.3004,78.66146,322.51,0.4,0.37,2023-03-08,2029,N20,VIIRS,n,2,291.73,3.19,N,0
19.30312,78.66587,314.47,0.4,0.37,2023-03-08,2029,N20,VIIRS,n,2,292.22,1.17,N,0
19.30376,78.66206,316.71,0.4,0.37,2023-03-08,2029,N20,VIIRS,n,2,293.12,1.17,N,0
19.30959,78.24108,305.05,0.4,0.37,2023-03-08,2029,N20,VIIRS,n,2,291.82,0.87,N,0
19.31048,78.66335,305.69,0.4,0.37,2023-03-08,2029,N20,VIIRS,n,2,290.98,0.48,N,0
19.31479,78.48138,321.82,0.4,0.37,2023-03-08,2029,N20,VIIRS,n,2,291.58,1.26,N,0
19.31808,78.23114,320.94,0.39,0.37,2023-03-08,2029,N20,VIIRS,n,2,291.14,1.95,N,0
19.31876,78.47824,308.48,0.4,0.37,2023-03-08,2029,N20,VIIRS,n,2,289.89,1.26,N,0
19.32076,78.47801,307.85,0.4,0.37,2023-03-08,2029,N20,VIIRS,n,2,290.35,0.92,N,0
19.32356,78.19775,298.11,0.39,0.37,2023-03-08,2029,N20,VIIRS,n,2,288.04,0.73,N,0
19.3305,79.0434,312.8,0.41,0.37,2023-03-08,2029,N20,VIIRS,n,2,290.15,1.74,N,0
19.33101,79.01933,301.46,0.41,0.37,2023-03-08,2029,N20,VIIRS,n,2,288.44,0.8,N,0
19.36874,79.91341,301.13,0.44,0.39,2023-03-08,2029,N20,VIIRS,n,2,291.1,0.78,N,0
19.3693,78.83141,302.51,0.41,0.37,2023-03-08,2029,N20,VIIRS,n,2,290.59,0.74,N,0
19.3701,79.92657,309.54,0.44,0.39,2023-03-08,2029,N20,VIIRS,n,2,294.67,2.39,N,0
19.3705,78.83121,301.29,0.41,0.37,2023-03-08,2029,N20,VIIRS,n,2,290.27,0.35,N,0
19.3737,79.90569,306.98,0.44,0.39,2023-03-08,2029,N20,VIIRS,n,2,294.77,2.17,N,0
19.38278,78.08644,312.58,0.39,0.36,2023-03-08,2029,N20,VIIRS,n,2,293.39,1.39,N,0
19.38446,78.09389,303.37,0.39,0.36,2023-03-08,2029,N20,VIIRS,n,2,292.8,0.95,N,0
19.38628,78.08286,308.0,0.39,0.36,2023-03-08,2029,N20,VIIRS,n,2,292.15,1.12,N,0
19.38643,79.89497,317.53,0.44,0.39,2023-03-08,2029,N20,VIIRS,n,2,294.18,2.25,N,0
19.38706,79.91236,311.62,0.44,0.39,2023-03-08,2029,N20,VIIRS,n,2,294.73,2.48,N,0
19.38777,78.09454,309.66,0.39,0.36,2023-03-08,2029,N20,VIIRS,n,2,291.89,0.95,N,0
19.39767,79.89282,306.65,0.44,0.39,2023-03-08,2029,N20,VIIRS,n,2,294.48,1.95,N,0
19.40956,79.88982,302.62,0.44,0.39,2023-03-08,2029,N20,VIIRS,n,2,289.09,0.8,N,0
19.42081,79.88768,305.14,0.44,0.39,2023-03-08,2029,N20,VIIRS,n,2,291.43,1.18,N,0
19.4543,79.43518,302.23,0.43,0.38,2023-03-08,2029,N20,VIIRS,n,2,291.32,0.31,N,0
19.51195,79.26173,307.29,0.42,0.38,2023-03-08,2029,N20,VIIRS,n,2,292.99,1.32,N,0
19.51646,78.41279,307.26,0.4,0.37,2023-03-08,2029,N20,VIIRS,n,2,290.65,0.94,N,0
19.53667,79.46732,306.34,0.43,0.38,2023-03-08,2029,N20,VIIRS,n,2,293.57,1.54,N,0
19.54309,78.92953,301.36,0.41,0.37,2023-03-08,2029,N20,VIIRS,n,2,290.12,0.55,N,0
19.55098,78.61208,306.27,0.4,0.37,2023-03-08,2029,N20,VIIRS,n,2,289.25,0.6,N,0
19.57068,78.63908,306.06,0.4,0.37,2023-03-08,2029,N20,VIIRS,n,2,292.2,0.84,N,0
19.57195,78.63145,306.97,0.4,0.37,2023-03-08,2029,N20,VIIRS,n,2,291.92,1.3,N,0
19.57466,78.63596,309.13,0.4,0.37,2023-03-08,2029,N20,VIIRS,n,2,292.91,0.97,N,0
19.57529,78.63214,310.7,0.4,0.37,2023-03-08,2029,N20,VIIRS,n,2,292.84,0.97,N,0
19.61138,78.51843,309.27,0.4,0.37,2023-03-08,2029,N20,VIIRS,n,2,290.52,0.81,N,0
19.61826,78.64411,313.12,0.4,0.37,2023-03-08,2029,N20,VIIRS,n,2,293.0,1.62,N,0
19.62016,78.64416,321.74,0.4,0.37,2023-03-08,2029,N20,VIIRS,n,2,293.35,1.63,N,0
19.62078,78.64043,307.02,0.4,0.37,2023-03-08,2029,N20,VIIRS,n,2,291.28,1.63,N,0
19.63963,78.24225,308.63,0.39,0.36,2023-03-08,2029,N20,VIIRS,n,2,290.96,0.56,N,0
19.64686,78.28178,300.86,0.39,0.37,2023-03-08,2029,N20,VIIRS,n,2,290.21,1.06,N,0
19.65079,78.27864,319.49,0.39,0.37,2023-03-08,2029,N20,VIIRS,n,2,293.91,1.69,N,0
19.65612,78.76036,307.6,0.4,0.37,2023-03-08,2029,N20,VIIRS,n,2,292.93,1.01,N,0
19.65623,78.28734,308.79,0.39,0.37,2023-03-08,2029,N20,VIIRS,n,2,292.5,1.3,N,0
19.65845,79.03841,303.77,0.41,0.37,2023-03-08,2029,N20,VIIRS,n,2,290.3,0.8,N,0
19.66646,79.17977,308.17,0.42,0.37,2023-03-08,2029,N20,VIIRS,n,2,292.99,1.32,N,0
19.66682,78.28541,309.31,0.39,0.37,2023-03-08,2029,N20,VIIRS,n,2,292.52,0.96,N,0
19.67076,78.28226,309.41,0.39,0.37,2023-03-08,2029,N20,VIIRS,n,2,292.26,0.94,N,0
19.67137,78.27854,307.48,0.39,0.36,2023-03-08,2029,N20,VIIRS,n,2,292.23,0.94,N,0
19.72351,79.1748,308.45,0.41,0.37,2023-03-08,2029,N20,VIIRS,n,2,294.89,1.31,N,2
19.74295,78.00577,300.37,0.39,0.36,2023-03-08,2029,N20,VIIRS,n,2,288.45,0.25,N,0
19.77728,77.55975,301.13,0.39,0.36,2023-03-08,2029,N20,VIIRS,n,2,290.08,0.36,N,0
19.78606,78.22291,305.12,0.39,0.36,2023-03-08,2029,N20,VIIRS,n,2,292.2,0.85,N,0
19.92983,79.11987,311.93,0.41,0.37,2023-03-08,2029,N20,VIIRS,n,2,292.11,1.4,N,0
19.96383,79.3352,305.66,0.42,0.37,2023-03-08,2029,N20,VIIRS,n,2,291.08,1.1,N,2
19.98544,79.08515,303.99,0.41,0.37,2023-03-08,2029,N20,VIIRS,n,2,293.32,1.0,N,0
15.5301,78.85296,306.25,0.44,0.38,2023-03-08,2030,N20,VIIRS,n,2,288.69,0.49,N,0
15.53576,78.86227,320.24,0.44,0.38,2023-03-08,2030,N20,VIIRS,n,2,291.81,2.05,N,0
15.54571,79.23007,304.28,0.46,0.39,2023-03-08,2030,N20,VIIRS,n,2,291.5,0.91,N,0
15.54992,79.22697,303.26,0.46,0.39,2023-03-08,2030,N20,VIIRS,n,2,292.81,0.79,N,0
15.56794,78.7349,312.74,0.44,0.38,2023-03-08,2030,N20,VIIRS,n,2,291.7,1.27,N,0
15.56801,78.82497,298.96,0.44,0.38,2023-03-08,2030,N20,VIIRS,n,2,287.97,0.37,N,0
15.56856,78.73811,313.88,0.44,0.38,2023-03-08,2030,N20,VIIRS,n,2,291.8,1.48,N,0
15.56926,78.73402,314.52,0.44,0.38,2023-03-08,2030,N20,VIIRS,n,2,292.78,1.83,N,0
15.57076,78.73946,315.13,0.44,0.38,2023-03-08,2030,N20,VIIRS,n,2,291.65,0.98,N,0
15.57143,78.73544,304.74,0.44,0.38,2023-03-08,2030,N20,VIIRS,n,2,292.18,1.27,N,0
15.57151,78.82561,300.34,0.44,0.38,2023-03-08,2030,N20,VIIRS,n,2,287.75,0.37,N,0
15.58473,78.74858,313.37,0.44,0.38,2023-03-08,2030,N20,VIIRS,n,2,291.09,1.29,N,0
15.58542,78.74456,307.37,0.44,0.38,2023-03-08,2030,N20,VIIRS,n,2,291.04,0.72,N,0
15.58608,78.74071,300.82,0.44,0.38,2023-03-08,2030,N20,VIIRS,n,2,290.38,0.72,N,0
15.58752,78.75327,308.46,0.44,0.38,2023-03-08,2030,N20,VIIRS,n,2,291.1,1.16,N,0
15.58822,78.74918,315.65,0.44,0.38,2023-03-08,2030,N20,VIIRS,n,2,291.06,1.16,N,0
15.59031,78.75797,306.34,0.44,0.38,2023-03-08,2030,N20,VIIRS,n,2,291.4,1.1,N,0
15.59102,78.75384,308.04,0.44,0.38,2023-03-08,2030,N20,VIIRS,n,2,290.84,1.16,N,0
15.59381,78.75855,307.45,0.44,0.38,2023-03-08,2030,N20,VIIRS,n,2,290.2,1.45,N,0
15.6072,78.82774,306.77,0.44,0.38,2023-03-08,2030,N20,VIIRS,n,2,290.35,1.15,N,0
15.61001,78.83236,302.42,0.44,0.38,2023-03-08,2030,N20,VIIRS,n,2,290.33,0.73,N,0
15.61071,78.82825,302.7,0.44,0.38,2023-03-08,2030,N20,VIIRS,n,2,290.96,0.73,N,0
15.62247,78.80139,307.87,0.44,0.38,2023-03-08,2030,N20,VIIRS,n,2,289.13,0.99,N,0
15.62598,78.80198,302.49,0.44,0.38,2023-03-08,2030,N20,VIIRS,n,2,290.15,0.99,N,0
15.63228,78.80726,315.02,0.44,0.38,2023-03-08,2030,N20,VIIRS,n,2,288.32,0.85,N,0
15.63577,78.8079,301.93,0.44,0.38,2023-03-08,2030,N20,VIIRS,n,2,288.6,0.29,N,0
15.63773,78.77502,300.79,0.44,0.38,2023-03-08,2030,N20,VIIRS,n,2,289.22,0.75,N,0
15.63841,78.77098,301.95,0.44,0.38,2023-03-08,2030,N20,VIIRS,n,2,286.56,0.16,N,0
15.64054,78.77967,299.91,0.44,0.38,2023-03-08,2030,N20,VIIRS,n,2,287.67,1.18,N,0
15.64191,78.77154,301.11,0.44,0.38,2023-03-08,2030,N20,VIIRS,n,2,288.56,0.55,N,0
15.64608,78.76809,301.46,0.44,0.38,2023-03-08,2030,N20,VIIRS,n,2,289.58,0.55,N,0
15.64958,78.76865,303.22,0.44,0.38,2023-03-08,2030,N20,VIIRS,n,2,289.83,1.35,N,0
15.65025,78.76469,303.72,0.44,0.38,2023-03-08,2030,N20,VIIRS,n,2,289.87,0.7,N,0
15.65374,78.76527,306.35,0.44,0.38,2023-03-08,2030,N20,VIIRS,n,2,290.12,0.7,N,0
15.65723,78.76585,305.44,0.44,0.38,2023-03-08,2030,N20,VIIRS,n,2,290.01,0.74,N,0
15.66073,78.76643,306.83,0.44,0.38,2023-03-08,2030,N20,VIIRS,n,2,290.64,0.74,N,0
15.66357,78.77087,302.11,0.44,0.38,2023-03-08,2030,N20,VIIRS,n,2,289.9,0.85,N,0
15.66647,78.79648,306.13,0.44,0.38,2023-03-08,2030,N20,VIIRS,n,2,289.06,1.19,N,0
15.66715,78.79242,312.95,0.44,0.38,2023-03-08,2030,N20,VIIRS,n,2,289.85,1.09,N,0
15.66721,78.7993,308.47,0.44,0.38,2023-03-08,2030,N20,VIIRS,n,2,289.07,1.17,N,0
15.6686,78.79119,309.68,0.44,0.38,2023-03-08,2030,N20,VIIRS,n,2,289.38,0.53,N,0
15.66988,78.77605,301.18,0.44,0.38,2023-03-08,2030,N20,VIIRS,n,2,289.8,0.49,N,0
15.67666,78.75704,325.64,0.44,0.38,2023-03-08,2030,N20,VIIRS,n,2,292.26,2.35,N,0
15.67758,78.75991,308.85,0.44,0.38,2023-03-08,2030,N20,VIIRS,n,2,291.52,1.55,N,0
15.67827,78.75588,322.72,0.44,0.38,2023-03-08,2030,N20,VIIRS,n,2,291.78,1.55,N,0
15.68106,78.76052,310.96,0.44,0.38,2023-03-08,2030,N20,VIIRS,n,2,291.11,1.23,N,0
15.68407,78.45745,304.67,0.42,0.38,2023-03-08,2030,N20,VIIRS,n,2,293.54,1.39,N,0
15.69429,78.76719,302.03,0.44,0.38,2023-03-08,2030,N20,VIIRS,n,2,289.19,0.34,N,0
15.69847,78.76373,306.76,0.44,0.38,2023-03-08,2030,N20,VIIRS,n,2,291.87,1.35,N,0
15.71457,78.81682,319.32,0.44,0.38,2023-03-08,2030,N20,VIIRS,n,2,292.32,2.53,N,0
15.71864,78.7718,304.52,0.44,0.38,2023-03-08,2030,N20,VIIRS,n,2,290.69,0.46,N,0
15.72144,78.77647,303.35,0.44,0.38,2023-03-08,2030,N20,VIIRS,n,2,291.94,0.83,N,0
15.76385,79.03852,301.01,0.45,0.39,2023-03-08,2030,N20,VIIRS,n,2,291.0,0.74,N,0
15.76668,79.04321,307.82,0.45,0.39,2023-03-08,2030,N20,VIIRS,n,2,292.88,0.74,N,0
15.7674,79.03899,307.73,0.45,0.39,2023-03-08,2030,N20,VIIRS,n,2,293.06,0.74,N,0
15.82434,79.08882,315.38,0.45,0.39,2023-03-08,2030,N20,VIIRS,n,2,292.57,1.75,N,0
15.82707,78.96553,304.77,0.44,0.39,2023-03-08,2030,N20,VIIRS,n,2,292.25,0.73,N,0
16.01983,78.71314,304.5,0.43,0.38,2023-03-08,2030,N20,VIIRS,n,2,294.21,0.94,N,0
16.12871,78.71482,308.68,0.43,0.38,2023-03-08,2030,N20,VIIRS,n,2,290.75,1.32,N,0
16.13217,78.71544,302.13,0.43,0.38,2023-03-08,2030,N20,VIIRS,n,2,291.1,0.77,N,0
16.20932,79.04773,312.01,0.44,0.39,2023-03-08,2030,N20,VIIRS,n,2,291.94,1.37,N,0
16.21494,79.03609,324.38,0.44,0.38,2023-03-08,2030,N20,VIIRS,n,2,293.46,2.08,N,0
16.7303,80.6969,303.33,0.52,0.42,2023-03-08,2030,N20,VIIRS,n,2,292.29,0.86,N,0
16.871,80.02351,304.49,0.48,0.4,2023-03-08,2030,N20,VIIRS,n,2,293.87,0.68,N,2
16.87117,80.02159,304.55,0.48,0.4,2023-03-08,2030,N20,VIIRS,n,2,294.46,0.88,N,2
17.07994,78.0945,309.73,0.4,0.37,2023-03-08,2030,N20,VIIRS,n,2,290.28,0.97,N,0
17.12332,77.87199,302.34,0.4,0.37,2023-03-08,2030,N20,VIIRS,n,2,290.16,0.4,N,0
17.13965,77.18376,304.14,0.39,0.36,2023-03-08,2030,N20,VIIRS,n,2,292.04,0.84,N,2
17.19889,77.90813,302.08,0.4,0.37,2023-03-08,2030,N20,VIIRS,n,2,288.8,0.42,N,0
17.21998,79.02416,304.19,0.43,0.38,2023-03-08,2030,N20,VIIRS,n,2,292.52,0.84,N,0
17.32711,77.4547,315.13,0.39,0.36,2023-03-08,2030,N20,VIIRS,n,2,293.06,1.11,N,0
17.35109,77.93082,300.83,0.4,0.37,2023-03-08,2030,N20,VIIRS,n,2,290.35,0.99,N,0
17.45457,77.78196,302.59,0.4,0.37,2023-03-08,2030,N20,VIIRS,n,2,289.32,0.71,N,0
17.48131,77.6807,302.79,0.39,0.36,2023-03-08,2030,N20,VIIRS,n,2,289.79,0.77,N,0
17.4819,77.67704,301.96,0.39,0.36,2023-03-08,2030,N20,VIIRS,n,2,289.92,0.87,N,0
16.04664,77.35179,343.43,0.48,0.48,2023-03-09,739,N20,VIIRS,n,2,314.39,3.19,D,0
16.05939,77.02625,342.4,0.5,0.49,2023-03-09,739,N20,VIIRS,n,2,309.01,5.6,D,0
16.26941,78.05745,340.64,0.43,0.46,2023-03-09,739,N20,VIIRS,n,2,308.94,1.69,D,0
16.34738,77.33643,344.3,0.48,0.48,2023-03-09,739,N20,VIIRS,n,2,312.45,2.56,D,0
16.42348,77.64182,351.1,0.45,0.47,2023-03-09,739,N20,VIIRS,n,2,313.53,7.07,D,0
16.45407,78.47004,332.22,0.4,0.44,2023-03-09,739,N20,VIIRS,l,2,304.92,4.84,D,0
16.50064,77.75114,339.97,0.44,0.46,2023-03-09,739,N20,VIIRS,l,2,312.89,4.3,D,0
16.54998,78.70398,334.62,0.39,0.44,2023-03-09,739,N20,VIIRS,n,2,304.0,2.35,D,0
16.60908,77.10469,343.05,0.49,0.48,2023-03-09,739,N20,VIIRS,n,2,313.43,4.51,D,0
16.6099,77.10918,341.84,0.49,0.48,2023-03-09,739,N20,VIIRS,n,2,312.82,4.51,D,0
16.71702,77.48633,343.13,0.46,0.47,2023-03-09,739,N20,VIIRS,n,2,312.36,2.33,D,0
16.96472,77.21369,345.77,0.47,0.48,2023-03-09,739,N20,VIIRS,n,2,313.49,4.16,D,0
16.96965,77.20891,341.6,0.47,0.48,2023-03-09,739,N20,VIIRS,l,2,313.9,1.91,D,0
17.01228,77.64201,346.67,0.44,0.46,2023-03-09,739,N20,VIIRS,n,2,310.32,4.6,D,0
17.03197,78.46619,353.53,0.39,0.44,2023-03-09,739,N20,VIIRS,n,2,310.24,3.67,D,0
17.03596,78.46539,344.6,0.39,0.44,2023-03-09,739,N20,VIIRS,n,2,311.07,4.54,D,0
17.06585,78.30708,339.44,0.4,0.44,2023-03-09,739,N20,VIIRS,n,2,308.37,1.01,D,0
17.0662,78.30687,339.32,0.4,0.44,2023-03-09,739,N20,VIIRS,n,2,309.49,1.3,D,0
17.07784,78.69897,336.21,0.57,0.43,2023-03-09,739,N20,VIIRS,n,2,310.93,3.28,D,0
17.11119,77.91401,343.17,0.42,0.46,2023-03-09,739,N20,VIIRS,n,2,313.07,5.72,D,0
17.13548,77.22525,339.74,0.47,0.48,2023-03-09,739,N20,VIIRS,n,2,313.03,2.64,D,0
17.14158,78.92175,340.69,0.55,0.43,2023-03-09,739,N20,VIIRS,n,2,313.76,4.14,D,0
17.1445,78.41735,342.02,0.4,0.44,2023-03-09,739,N20,VIIRS,n,2,310.67,2.93,D,0
17.15669,78.0219,335.13,0.42,0.45,2023-03-09,739,N20,VIIRS,l,2,310.05,2.76,D,0
17.22058,79.19267,332.1,0.53,0.42,2023-03-09,739,N20,VIIRS,l,2,307.0,3.1,D,0
17.23634,78.7959,341.39,0.56,0.43,2023-03-09,739,N20,VIIRS,n,2,307.74,5.43,D,0
17.31317,78.7504,338.72,0.56,0.43,2023-03-09,739,N20,VIIRS,n,2,311.36,2.29,D,0
17.33785,80.40596,347.82,0.46,0.39,2023-03-09,739,N20,VIIRS,n,2,302.81,12.99,D,0
17.3717,79.08122,335.09,0.54,0.42,2023-03-09,739,N20,VIIRS,n,2,304.62,4.83,D,0
17.46014,78.9426,337.27,0.55,0.42,2023-03-09,739,N20,VIIRS,n,2,310.13,6.43,D,0
17.53195,78.47916,336.15,0.39,0.44,2023-03-09,739,N20,VIIRS,l,2,306.89,3.46,D,0
17.65144,80.55994,336.98,0.45,0.39,2023-03-09,739,N20,VIIRS,n,2,299.37,9.32,D,0
17.76053,80.02338,331.03,0.47,0.4,2023-03-09,739,N20,VIIRS,l,2,304.78,4.06,D,0
17.7759,80.04787,335.06,0.47,0.4,2023-03-09,739,N20,VIIRS,l,2,307.29,2.32,D,0
17.90347,80.7004,332.07,0.44,0.38,2023-03-09,739,N20,VIIRS,l,2,304.9,1.52,D,0
17.90682,80.72066,340.62,0.44,0.38,2023-03-09,739,N20,VIIRS,n,2,310.48,4.15,D,0
17.90946,80.62723,331.42,0.44,0.39,2023-03-09,739,N20,VIIRS,n,2,301.27,4.2,D,0
17.36797,77.15882,341.54,0.47,0.48,2023-03-09,740,N20,VIIRS,n,2,312.82,3.24,D,0
17.46144,78.03804,338.02,0.41,0.45,2023-03-09,740,N20,VIIRS,n,2,311.27,2.78,D,0
17.48423,77.2454,343.99,0.46,0.47,2023-03-09,740,N20,VIIRS,n,2,311.67,5.06,D,0
17.49166,77.30927,344.85,0.46,0.47,2023-03-09,740,N20,VIIRS,n,2,310.25,3.92,D,0
17.56441,78.18874,337.43,0.4,0.44,2023-03-09,740,N20,VIIRS,l,2,310.18,4.95,D,0
17.57983,78.18172,340.4,0.4,0.44,2023-03-09,740,N20,VIIRS,n,2,306.09,3.55,D,0
17.64311,78.65347,333.62,0.56,0.43,2023-03-09,740,N20,VIIRS,n,2,306.96,1.29,D,0
17.66718,77.22351,342.76,0.46,0.47,2023-03-09,740,N20,VIIRS,n,2,310.01,4.28,D,0
17.67146,77.22266,342.75,0.46,0.47,2023-03-09,740,N20,VIIRS,n,2,309.08,5.12,D,0
17.71963,78.0954,332.49,0.4,0.45,2023-03-09,740,N20,VIIRS,l,2,307.25,4.38,D,0
17.72435,78.09832,339.95,0.4,0.45,2023-03-09,740,N20,VIIRS,n,2,308.48,6.33,D,0
17.72769,78.6518,342.61,0.56,0.43,2023-03-09,740,N20,VIIRS,n,2,309.94,7.52,D,0
17.78023,79.54828,335.07,0.5,0.41,2023-03-09,740,N20,VIIRS,l,2,309.56,5.88,D,0
17.82178,80.05012,335.33,0.47,0.4,2023-03-09,740,N20,VIIRS,l,2,308.88,3.35,D,0
17.82465,80.04508,331.63,0.47,0.4,2023-03-09,740,N20,VIIRS,l,2,305.53,3.35,D,0
17.84753,80.2209,337.08,0.46,0.39,2023-03-09,740,N20,VIIRS,n,2,302.35,3.98,D,0
17.85186,80.22459,343.68,0.46,0.39,2023-03-09,740,N20,VIIRS,n,2,307.77,10.28,D,0
17.8614,78.40926,342.17,0.39,0.44,2023-03-09,740,N20,VIIRS,n,2,308.37,3.74,D,0
17.87868,80.14332,336.22,0.47,0.4,2023-03-09,740,N20,VIIRS,l,2,309.24,4.23,D,0
17.88153,80.13831,337.44,0.47,0.4,2023-03-09,740,N20,VIIRS,l,2,311.29,5.9,D,0
17.88227,80.14267,343.2,0.47,0.4,2023-03-09,740,N20,VIIRS,n,2,311.85,13.87,D,0
17.88365,80.12895,344.84,0.47,0.4,2023-03-09,740,N20,VIIRS,n,2,313.43,6.52,D,0
17.88513,80.13765,336.87,0.47,0.4,2023-03-09,740,N20,VIIRS,l,2,311.34,5.9,D,0
17.88577,80.11958,344.02,0.47,0.4,2023-03-09,740,N20,VIIRS,n,2,311.63,5.7,D,0
17.88587,80.14201,350.16,0.47,0.4,2023-03-09,740,N20,VIIRS,n,2,312.42,13.87,D,0
17.88725,80.1283,342.48,0.47,0.4,2023-03-09,740,N20,VIIRS,n,2,310.54,4.41,D,0
17.97095,77.44851,341.71,0.44,0.46,2023-03-09,740,N20,VIIRS,n,2,308.44,6.19,D,0
17.97169,77.45251,342.9,0.44,0.46,2023-03-09,740,N20,VIIRS,n,2,309.4,6.19,D,0
17.9719,77.40629,333.63,0.44,0.46,2023-03-09,740,N20,VIIRS,l,2,306.84,3.8,D,0
17.9748,80.15408,336.93,0.47,0.39,2023-03-09,740,N20,VIIRS,n,2,306.66,2.26,D,0
17.98742,80.24961,346.99,0.46,0.39,2023-03-09,740,N20,VIIRS,n,2,308.25,17.21,D,0
18.00942,78.02707,354.96,0.4,0.44,2023-03-09,740,N20,VIIRS,n,2,307.91,9.01,D,0
18.048,80.62875,335.14,0.44,0.39,2023-03-09,740,N20,VIIRS,l,2,306.79,3.92,D,0
18.05151,80.62811,339.17,0.44,0.39,2023-03-09,740,N20,VIIRS,n,2,308.0,3.3,D,0
18.05201,80.18455,332.9,0.46,0.39,2023-03-09,740,N20,VIIRS,n,2,298.45,3.6,D,0
18.06451,80.24835,335.58,0.46,0.39,2023-03-09,740,N20,VIIRS,n,2,305.28,3.36,D,0
18.08017,80.24116,335.01,0.46,0.39,2023-03-09,740,N20,VIIRS,l,2,305.26,2.87,D,0
18.10695,80.33352,332.57,0.46,0.39,2023-03-09,740,N20,VIIRS,n,2,304.37,3.24,D,0
18.11526,80.25274,344.12,0.46,0.39,2023-03-09,740,N20,VIIRS,n,2,299.44,4.59,D,0
18.14385,80.29161,338.55,0.46,0.39,2023-03-09,740,N20,VIIRS,n,2,305.16,4.96,D,0
18.16336,80.21856,331.39,0.46,0.39,2023-03-09,740,N20,VIIRS,n,2,293.49,5.37,D,0
18.16441,80.21689,337.12,0.46,0.39,2023-03-09,740,N20,VIIRS,n,2,294.26,6.76,D,0
18.18819,77.39687,342.42,0.44,0.46,2023-03-09,740,N20,VIIRS,n,2,303.58,8.69,D,0
18.19962,80.40844,339.92,0.45,0.39,2023-03-09,740,N20,VIIRS,n,2,310.64,4.54,D,0
18.19973,80.40718,337.18,0.45,0.39,2023-03-09,740,N20,VIIRS,l,2,310.04,2.96,D,0
18.20144,80.29062,336.5,0.46,0.39,2023-03-09,740,N20,VIIRS,n,2,302.2,3.79,D,0
18.20316,80.40779,337.34,0.45,0.39,2023-03-09,740,N20,VIIRS,l,2,309.26,3.59,D,0
18.20383,80.39037,338.94,0.45,0.39,2023-03-09,740,N20,VIIRS,n,2,307.84,4.51,D,0
18.20522,80.37714,344.47,0.45,0.39,2023-03-09,740,N20,VIIRS,n,2,310.14,3.92,D,0
18.20716,78.19473,332.6,0.39,0.44,2023-03-09,740,N20,VIIRS,l,2,306.1,2.39,D,0
18.21023,80.40649,336.05,0.45,0.39,2023-03-09,740,N20,VIIRS,l,2,308.53,3.51,D,0
18.21047,78.19019,334.29,0.39,0.44,2023-03-09,740,N20,VIIRS,l,2,306.68,2.8,D,0
18.21448,80.41004,338.92,0.45,0.39,2023-03-09,740,N20,VIIRS,n,2,308.34,2.78,D,0
18.21584,80.37514,335.87,0.45,0.39,2023-03-09,740,N20,VIIRS,l,2,310.46,5.91,D,0
18.21655,80.37936,336.08,0.45,0.39,2023-03-09,740,N20,VIIRS,l,2,308.9,5.91,D,0
18.21846,80.28288,331.35,0.46,0.39,2023-03-09,740,N20,VIIRS,l,2,306.16,3.49,D,0
18.23057,80.28944,330.96,0.46,0.39,2023-03-09,740,N20,VIIRS,l,2,303.73,2.34,D,0
18.24951,77.6044,346.72,0.42,0.45,2023-03-09,740,N20,VIIRS,n,2,312.17,3.71,D,0
18.25167,77.60358,339.93,0.42,0.46,2023-03-09,740,N20,VIIRS,l,2,311.27,3.15,D,0
18.25322,80.22784,341.97,0.46,0.39,2023-03-09,740,N20,VIIRS,n,2,303.59,4.59,D,0
18.25476,80.3243,352.33,0.45,0.39,2023-03-09,740,N20,VIIRS,n,2,312.75,13.25,D,0
18.25678,80.22713,346.24,0.46,0.39,2023-03-09,740,N20,VIIRS,n,2,306.16,4.59,D,0
18.27184,77.40092,335.71,0.44,0.46,2023-03-09,740,N20,VIIRS,n,2,308.57,3.09,D,0
18.27295,80.67007,335.31,0.44,0.38,2023-03-09,740,N20,VIIRS,n,2,304.16,4.34,D,0
18.27712,80.67348,332.67,0.44,0.38,2023-03-09,740,N20,VIIRS,n,2,300.65,4.08,D,0
18.27737,79.83716,335.54,0.48,0.4,2023-03-09,740,N20,VIIRS,n,2,309.02,3.88,D,0
18.28245,80.2929,331.99,0.46,0.39,2023-03-09,740,N20,VIIRS,l,2,304.06,1.94,D,0
18.2953,80.15933,331.17,0.46,0.39,2023-03-09,740,N20,VIIRS,l,2,304.69,5.85,D,0
18.29637,80.07915,330.92,0.46,0.39,2023-03-09,740,N20,VIIRS,l,2,303.68,4.05,D,0
18.29807,80.6264,333.52,0.44,0.38,2023-03-09,740,N20,VIIRS,l,2,304.59,3.67,D,0
18.31546,80.01709,330.53,0.47,0.4,2023-03-09,740,N20,VIIRS,l,2,302.75,1.51,D,0
18.32108,79.65412,335.95,0.49,0.4,2023-03-09,740,N20,VIIRS,n,2,308.97,2.95,D,0
18.335,77.94967,334.53,0.4,0.44,2023-03-09,740,N20,VIIRS,n,2,304.3,3.14,D,0
18.34163,78.17511,344.79,0.39,0.44,2023-03-09,740,N20,VIIRS,n,2,311.88,7.19,D,0
18.34287,78.20516,338.46,0.39,0.44,2023-03-09,740,N20,VIIRS,l,2,309.84,5.48,D,0
18.34382,80.1411,331.52,0.46,0.39,2023-03-09,740,N20,VIIRS,n,2,305.09,2.72,D,0
18.3533,80.24111,334.59,0.46,0.39,2023-03-09,740,N20,VIIRS,l,2,305.02,8.72,D,0
18.3547,80.22762,332.11,0.46,0.39,2023-03-09,740,N20,VIIRS,l,2,305.44,4.39,D,0
18.35973,80.82528,332.04,0.43,0.38,2023-03-09,740,N20,VIIRS,n,2,292.55,3.18,D,0
18.37851,80.75697,353.29,0.43,0.38,2023-03-09,740,N20,VIIRS,n,2,294.8,6.51,D,0
18.37916,80.76086,337.91,0.43,0.38,2023-03-09,740,N20,VIIRS,n,2,292.27,6.51,D,0
18.38883,79.96001,347.38,0.47,0.4,2023-03-09,740,N20,VIIRS,n,2,301.76,6.04,D,0
18.40148,80.18512,332.14,0.46,0.39,2023-03-09,740,N20,VIIRS,l,2,303.56,3.93,D,0
18.40515,80.20656,334.76,0.46,0.39,2023-03-09,740,N20,VIIRS,n,2,302.75,6.14,D,0
18.40585,80.94147,341.63,0.43,0.38,2023-03-09,740,N20,VIIRS,n,2,310.75,5.04,D,0
18.40998,80.94486,344.41,0.43,0.38,2023-03-09,740,N20,VIIRS,n,2,308.18,7.11,D,0
18.42977,80.11337,345.82,0.46,0.39,2023-03-09,740,N20,VIIRS,n,2,308.16,4.16,D,0
18.43045,78.26902,334.12,0.38,0.44,2023-03-09,740,N20,VIIRS,n,2,308.09,2.94,D,0
18.43203,77.27641,336.84,0.44,0.46,2023-03-09,740,N20,VIIRS,l,2,310.27,4.32,D,0
18.43927,78.63614,339.58,0.55,0.43,2023-03-09,740,N20,VIIRS,n,2,308.02,5.66,D,0
18.43979,78.63356,338.03,0.55,0.43,2023-03-09,740,N20,VIIRS,n,2,306.23,7.58,D,0
18.46013,80.37955,333.75,0.45,0.39,2023-03-09,740,N20,VIIRS,n,2,304.07,3.1,D,0
18.46807,78.14632,335.19,0.39,0.44,2023-03-09,740,N20,VIIRS,l,2,309.72,7.72,D,0
18.4827,78.58273,332.75,0.55,0.43,2023-03-09,740,N20,VIIRS,l,2,307.51,4.93,D,0
18.4855,78.48569,333.43,0.56,0.43,2023-03-09,740,N20,VIIRS,l,2,305.37,2.88,D,0
18.48773,80.19548,335.65,0.46,0.39,2023-03-09,740,N20,VIIRS,n,2,303.03,4.09,D,0
18.49026,80.19601,342.82,0.46,0.39,2023-03-09,740,N20,VIIRS,n,2,303.05,6.5,D,0
18.49128,80.1948,342.89,0.46,0.39,2023-03-09,740,N20,VIIRS,n,2,302.68,4.09,D,0
18.50245,78.04046,337.02,0.4,0.44,2023-03-09,740,N20,VIIRS,n,2,306.6,4.27,D,0
18.51968,78.0671,333.2,0.39,0.44,2023-03-09,740,N20,VIIRS,l,2,305.99,1.79,D,0
18.5245,78.47832,331.0,0.56,0.43,2023-03-09,740,N20,VIIRS,l,2,305.58,2.54,D,0
18.52543,78.48164,339.84,0.56,0.43,2023-03-09,740,N20,VIIRS,n,2,306.09,3.58,D,0
18.52834,78.47544,331.9,0.56,0.43,2023-03-09,740,N20,VIIRS,l,2,306.53,4.2,D,0
18.52931,78.48079,332.16,0.56,0.43,2023-03-09,740,N20,VIIRS,l,2,305.7,3.58,D,0
18.53316,78.47976,338.36,0.56,0.43,2023-03-09,740,N20,VIIRS,n,2,305.49,3.22,D,0
18.53883,78.51099,343.67,0.56,0.43,2023-03-09,740,N20,VIIRS,n,2,308.73,4.75,D,0
18.54271,78.5102,335.41,0.56,0.43,2023-03-09,740,N20,VIIRS,l,2,308.64,4.75,D,0
18.57414,78.68403,332.95,0.54,0.42,2023-03-09,740,N20,VIIRS,l,2,307.28,2.57,D,0
18.62325,78.82551,343.82,0.53,0.42,2023-03-09,740,N20,VIIRS,n,2,307.63,7.21,D,0
18.63744,78.02422,333.95,0.39,0.44,2023-03-09,740,N20,VIIRS,l,2,306.23,2.6,D,0
18.63874,80.38283,337.56,0.45,0.39,2023-03-09,740,N20,VIIRS,n,2,305.92,2.39,D,0
18.64154,80.37795,332.39,0.45,0.39,2023-03-09,740,N20,VIIRS,l,2,307.2,4.05,D,0
18.64309,80.42963,339.22,0.44,0.39,2023-03-09,740,N20,VIIRS,n,2,300.82,3.04,D,0
18.6438,80.43384,334.86,0.44,0.39,2023-03-09,740,N20,VIIRS,n,2,303.72,3.04,D,0
18.65006,80.4067,331.2,0.45,0.39,2023-03-09,740,N20,VIIRS,l,2,303.98,2.06,D,0
18.65295,78.36073,337.71,0.57,0.43,2023-03-09,740,N20,VIIRS,n,2,308.13,5.9,D,0
18.66508,80.58701,332.3,0.44,0.38,2023-03-09,740,N20,VIIRS,l,2,307.17,3.08,D,0
18.66969,80.58633,333.09,0.44,0.38,2023-03-09,740,N20,VIIRS,l,2,307.2,2.9,D,0
18.67036,80.59034,334.8,0.44,0.38,2023-03-09,740,N20,VIIRS,l,2,309.21,2.9,D,0
18.67897,78.5499,331.02,0.55,0.43,2023-03-09,740,N20,VIIRS,l,2,305.09,2.37,D,0
18.68596,80.42602,343.9,0.44,0.39,2023-03-09,740,N20,VIIRS,n,2,307.51,9.22,D,0
18.6945,80.76611,341.48,0.43,0.38,2023-03-09,740,N20,VIIRS,n,2,309.64,4.49,D,0
18.69516,80.77017,341.24,0.43,0.38,2023-03-09,740,N20,VIIRS,n,2,309.47,4.49,D,0
18.69641,80.7659,346.38,0.43,0.38,2023-03-09,740,N20,VIIRS,n,2,311.43,6.28,D,0
18.69709,80.76995,344.21,0.43,0.38,2023-03-09,740,N20,VIIRS,n,2,310.99,6.28,D,0
18.72186,79.53714,337.02,0.49,0.4,2023-03-09,740,N20,VIIRS,l,2,311.55,5.43,D,2
18.7346,78.14049,333.84,0.39,0.44,2023-03-09,740,N20,VIIRS,n,2,304.32,2.93,D,0
18.75475,80.73019,336.16,0.43,0.38,2023-03-09,740,N20,VIIRS,l,2,308.35,2.03,D,0
18.77316,78.99027,333.3,0.52,0.41,2023-03-09,740,N20,VIIRS,n,2,304.54,12.8,D,0
18.77553,81.02753,335.7,0.42,0.38,2023-03-09,740,N20,VIIRS,l,2,307.95,2.11,D,0
18.77995,79.41246,353.77,0.49,0.41,2023-03-09,740,N20,VIIRS,n,2,308.78,9.14,D,0
18.78363,79.41168,336.45,0.49,0.41,2023-03-09,740,N20,VIIRS,n,2,305.12,3.17,D,0
18.79722,80.39696,336.62,0.44,0.39,2023-03-09,740,N20,VIIRS,l,2,308.69,7.71,D,0
18.80707,80.36924,346.11,0.45,0.39,2023-03-09,740,N20,VIIRS,n,2,307.79,6.4,D,0
18.82705,77.1717,340.46,0.44,0.46,2023-03-09,740,N20,VIIRS,n,2,310.18,2.38,D,0
18.82724,77.17231,342.88,0.44,0.46,2023-03-09,740,N20,VIIRS,n,2,309.82,3.4,D,0
18.82858,77.18008,340.55,0.44,0.46,2023-03-09,740,N20,VIIRS,n,2,311.69,6.97,D,0
18.82883,77.18069,342.99,0.44,0.46,2023-03-09,740,N20,VIIRS,l,2,313.65,8.06,D,0
18.82934,77.18422,345.23,0.44,0.46,2023-03-09,740,N20,VIIRS,n,2,314.95,8.48,D,0
18.82945,79.44242,337.65,0.49,0.4,2023-03-09,740,N20,VIIRS,l,2,311.53,5.74,D,0
18.84543,80.31592,331.38,0.45,0.39,2023-03-09,740,N20,VIIRS,l,2,306.2,1.38,D,0
18.85288,79.66316,341.38,0.48,0.4,2023-03-09,740,N20,VIIRS,n,2,312.84,6.32,D,0
18.86908,79.93674,338.57,0.46,0.39,2023-03-09,740,N20,VIIRS,l,2,313.14,8.07,D,0
18.87748,79.71852,338.38,0.48,0.4,2023-03-09,740,N20,VIIRS,l,2,309.14,5.98,D,0
18.89958,80.86195,339.59,0.43,0.38,2023-03-09,740,N20,VIIRS,n,2,295.81,13.68,D,0
18.92924,80.10487,344.13,0.46,0.39,2023-03-09,740,N20,VIIRS,n,2,306.75,4.94,D,0
18.92998,80.1092,342.53,0.46,0.39,2023-03-09,740,N20,VIIRS,n,2,307.81,5.38,D,0
18.94358,79.31801,337.75,0.5,0.41,2023-03-09,740,N20,VIIRS,l,2,310.31,3.97,D,0
18.94727,79.31728,339.67,0.5,0.41,2023-03-09,740,N20,VIIRS,l,2,310.84,4.33,D,0
18.95722,78.64114,334.53,0.54,0.42,2023-03-09,740,N20,VIIRS,n,2,306.12,3.27,D,0
18.9656,77.23374,342.36,0.43,0.46,2023-03-09,740,N20,VIIRS,n,2,308.2,2.84,D,0
18.96651,78.50581,335.78,0.55,0.43,2023-03-09,740,N20,VIIRS,n,2,306.09,4.54,D,0
18.9691,80.08048,335.34,0.46,0.39,2023-03-09,740,N20,VIIRS,l,2,305.38,4.98,D,0
18.97267,80.07992,335.32,0.46,0.39,2023-03-09,740,N20,VIIRS,n,2,304.34,4.98,D,0
18.97337,80.08405,335.83,0.46,0.39,2023-03-09,740,N20,VIIRS,l,2,306.07,2.9,D,0
18.984,81.05562,341.23,0.42,0.38,2023-03-09,740,N20,VIIRS,n,2,312.28,4.43,D,0
18.98408,80.86375,335.41,0.42,0.38,2023-03-09,740,N20,VIIRS,l,2,305.69,4.09,D,0
18.98446,77.42468,338.54,0.42,0.45,2023-03-09,740,N20,VIIRS,l,2,312.71,2.21,D,0
19.00461,80.54815,342.38,0.44,0.38,2023-03-09,740,N20,VIIRS,n,2,305.61,5.55,D,0
19.01264,80.18698,335.37,0.45,0.39,2023-03-09,740,N20,VIIRS,l,2,305.79,2.19,D,0
19.01669,77.82385,340.61,0.4,0.44,2023-03-09,740,N20,VIIRS,l,2,313.89,2.72,D,0
19.01754,80.12891,351.68,0.45,0.39,2023-03-09,740,N20,VIIRS,n,2,311.33,35.73,D,0
19.0207,80.12962,330.79,0.45,0.39,2023-03-09,740,N20,VIIRS,l,2,301.12,2.66,D,0
19.02107,80.12817,331.65,0.45,0.39,2023-03-09,740,N20,VIIRS,l,2,302.47,2.69,D,0
19.0276,80.53529,330.16,0.44,0.38,2023-03-09,740,N20,VIIRS,l,2,304.48,1.79,D,0
19.03108,80.53464,341.73,0.44,0.38,2023-03-09,740,N20,VIIRS,n,2,305.96,3.54,D,0
19.03432,80.29478,330.72,0.45,0.39,2023-03-09,740,N20,VIIRS,l,2,304.53,1.23,D,0
19.06916,80.95506,334.93,0.42,0.38,2023-03-09,740,N20,VIIRS,l,2,309.21,4.19,D,0
19.08335,79.69081,335.79,0.47,0.4,2023-03-09,740,N20,VIIRS,l,2,309.92,2.19,D,0
19.10994,80.98827,337.0,0.42,0.38,2023-03-09,740,N20,VIIRS,l,2,310.77,2.81,D,0
19.11853,80.2547,336.4,0.45,0.39,2023-03-09,740,N20,VIIRS,n,2,302.18,3.26,D,0
19.12412,78.77381,346.18,0.53,0.42,2023-03-09,740,N20,VIIRS,n,2,309.76,9.73,D,0
19.12772,80.30955,333.99,0.44,0.39,2023-03-09,740,N20,VIIRS,l,2,305.73,4.66,D,0
19.12793,78.77315,337.3,0.53,0.42,2023-03-09,740,N20,VIIRS,n,2,309.77,9.73,D,0
19.1305,80.28282,330.72,0.45,0.39,2023-03-09,740,N20,VIIRS,l,2,305.58,3.01,D,0
19.13376,80.06828,331.15,0.45,0.39,2023-03-09,740,N20,VIIRS,l,2,302.25,1.94,D,0
19.14343,78.506,330.28,0.55,0.42,2023-03-09,740,N20,VIIRS,l,2,305.13,1.94,D,0
19.14436,78.51124,337.7,0.54,0.42,2023-03-09,740,N20,VIIRS,n,2,306.35,8.14,D,0
19.14616,78.52137,347.58,0.54,0.42,2023-03-09,740,N20,VIIRS,n,2,309.82,6.49,D,0
19.14999,78.52049,333.22,0.54,0.42,2023-03-09,740,N20,VIIRS,l,2,307.84,3.66,D,0
19.15735,80.09908,338.56,0.45,0.39,2023-03-09,740,N20,VIIRS,n,2,304.43,4.72,D,0
19.16018,80.09423,330.53,0.45,0.39,2023-03-09,740,N20,VIIRS,l,2,304.13,1.77,D,0
19.18379,79.20326,337.06,0.5,0.41,2023-03-09,740,N20,VIIRS,n,2,308.33,3.22,D,0
19.18584,79.2046,337.6,0.5,0.41,2023-03-09,740,N20,VIIRS,n,2,308.93,4.0,D,0
19.18775,78.75639,337.22,0.53,0.42,2023-03-09,740,N20,VIIRS,l,2,307.36,6.14,D,0
19.1879,79.19465,331.39,0.5,0.41,2023-03-09,740,N20,VIIRS,l,2,306.17,2.56,D,0
19.19206,79.38384,342.81,0.49,0.4,2023-03-09,740,N20,VIIRS,n,2,306.97,5.44,D,0
19.19792,80.71008,331.59,0.43,0.38,2023-03-09,740,N20,VIIRS,l,2,304.16,2.13,D,0
19.19946,78.1856,336.93,0.57,0.43,2023-03-09,740,N20,VIIRS,n,2,309.51,4.94,D,0
19.20271,79.42366,347.1,0.49,0.4,2023-03-09,740,N20,VIIRS,n,2,308.86,6.55,D,0
19.21197,79.04837,331.46,0.51,0.41,2023-03-09,740,N20,VIIRS,l,2,305.68,3.33,D,0
19.21688,81.366,349.48,0.41,0.37,2023-03-09,740,N20,VIIRS,n,2,309.94,10.0,D,0
19.21781,78.92741,332.73,0.52,0.41,2023-03-09,740,N20,VIIRS,l,2,306.88,3.07,D,0
19.2185,80.72701,334.2,0.43,0.38,2023-03-09,740,N20,VIIRS,l,2,308.26,3.93,D,0
19.22304,78.80127,331.5,0.52,0.42,2023-03-09,740,N20,VIIRS,l,2,303.57,1.42,D,0
19.22318,78.80392,343.8,0.52,0.42,2023-03-09,740,N20,VIIRS,n,2,306.37,5.03,D,0
19.22369,79.02725,338.1,0.51,0.41,2023-03-09,740,N20,VIIRS,n,2,311.26,3.19,D,0
19.22387,78.80601,333.41,0.52,0.42,2023-03-09,740,N20,VIIRS,l,2,305.6,3.84,D,0
19.22603,78.5352,341.48,0.54,0.42,2023-03-09,740,N20,VIIRS,n,2,311.59,4.65,D,0
19.22742,79.02653,337.84,0.51,0.41,2023-03-09,740,N20,VIIRS,n,2,308.85,3.19,D,0
19.2288,79.90065,333.93,0.46,0.39,2023-03-09,740,N20,VIIRS,l,2,306.37,2.43,D,0
19.23161,79.89554,333.87,0.46,0.39,2023-03-09,740,N20,VIIRS,l,2,305.73,2.43,D,0
19.23238,79.89998,334.07,0.46,0.39,2023-03-09,740,N20,VIIRS,l,2,306.0,2.43,D,0
19.23253,80.24197,342.69,0.45,0.39,2023-03-09,740,N20,VIIRS,n,2,307.17,5.3,D,0
19.23374,77.19974,333.13,0.43,0.46,2023-03-09,740,N20,VIIRS,l,2,306.9,2.64,D,0
19.23493,78.91422,339.01,0.52,0.41,2023-03-09,740,N20,VIIRS,n,2,308.14,5.06,D,0
19.23673,80.22366,341.8,0.45,0.39,2023-03-09,740,N20,VIIRS,n,2,305.32,2.85,D,0
19.23869,78.9135,339.76,0.52,0.41,2023-03-09,740,N20,VIIRS,n,2,307.72,5.06,D,0
19.23887,78.49583,339.64,0.54,0.42,2023-03-09,740,N20,VIIRS,l,2,312.6,5.72,D,0
19.23894,79.18009,348.2,0.5,0.41,2023-03-09,740,N20,VIIRS,n,2,311.73,8.92,D,0
19.24292,78.93781,333.74,0.51,0.41,2023-03-09,740,N20,VIIRS,l,2,305.49,2.2,D,0
19.24376,78.94267,350.02,0.51,0.41,2023-03-09,740,N20,VIIRS,n,2,307.61,14.51,D,0
19.2452,78.6863,341.2,0.53,0.42,2023-03-09,740,N20,VIIRS,n,2,307.74,4.15,D,0
19.24554,78.95291,333.91,0.51,0.41,2023-03-09,740,N20,VIIRS,l,2,306.07,3.14,D,0
19.24671,78.9373,332.72,0.51,0.41,2023-03-09,740,N20,VIIRS,n,2,305.56,2.97,D,0
19.24756,78.94221,345.37,0.51,0.41,2023-03-09,740,N20,VIIRS,n,2,306.2,11.43,D,0
19.2477,78.93977,348.42,0.51,0.41,2023-03-09,740,N20,VIIRS,n,2,307.07,12.55,D,0
19.24989,78.69053,334.62,0.53,0.42,2023-03-09,740,N20,VIIRS,l,2,306.2,2.79,D,0
19.25282,78.68486,335.06,0.53,0.42,2023-03-09,740,N20,VIIRS,l,2,307.76,6.03,D,0
19.2537,78.6898,334.1,0.53,0.42,2023-03-09,740,N20,VIIRS,l,2,305.64,2.79,D,0
19.25689,81.39056,338.47,0.41,0.37,2023-03-09,740,N20,VIIRS,n,2,304.26,3.35,D,0
19.25904,80.07689,336.28,0.45,0.39,2023-03-09,740,N20,VIIRS,n,2,308.05,2.38,D,0
19.26258,80.07615,331.41,0.45,0.39,2023-03-09,740,N20,VIIRS,l,2,306.38,2.38,D,0
19.26513,79.87566,347.37,0.46,0.39,2023-03-09,740,N20,VIIRS,n,2,307.56,10.0,D,0
19.26587,79.88004,346.64,0.46,0.39,2023-03-09,740,N20,VIIRS,n,2,307.45,7.85,D,0
19.26871,79.87498,336.28,0.46,0.39,2023-03-09,740,N20,VIIRS,l,2,307.49,4.55,D,0
19.27378,79.8831,336.9,0.46,0.39,2023-03-09,740,N20,VIIRS,n,2,306.64,5.0,D,0
19.27612,80.11275,338.64,0.45,0.39,2023-03-09,740,N20,VIIRS,l,2,310.61,2.61,D,0
19.27735,79.88242,339.65,0.46,0.39,2023-03-09,740,N20,VIIRS,n,2,307.59,3.79,D,0
19.27809,80.05986,332.83,0.45,0.39,2023-03-09,740,N20,VIIRS,l,2,305.51,1.09,D,0
19.28018,79.87734,333.96,0.46,0.39,2023-03-09,740,N20,VIIRS,l,2,306.62,3.79,D,0
19.28293,79.84996,337.83,0.46,0.39,2023-03-09,740,N20,VIIRS,n,2,307.01,4.39,D,0
19.28304,77.42065,342.32,0.42,0.45,2023-03-09,740,N20,VIIRS,n,2,309.73,4.75,D,0
19.28433,79.83643,331.4,0.46,0.39,2023-03-09,740,N20,VIIRS,l,2,306.23,5.03,D,0
19.28506,79.84072,331.17,0.46,0.39,2023-03-09,740,N20,VIIRS,l,2,305.98,4.15,D,0
19.29003,79.82639,337.98,0.46,0.39,2023-03-09,740,N20,VIIRS,n,2,307.52,4.93,D,0
19.29968,78.66034,334.06,0.53,0.42,2023-03-09,740,N20,VIIRS,l,2,307.11,2.6,D,0
19.30161,78.28263,339.63,0.56,0.43,2023-03-09,740,N20,VIIRS,n,2,308.17,6.19,D,0
19.32429,80.13874,343.12,0.45,0.39,2023-03-09,740,N20,VIIRS,n,2,308.64,4.85,D,0
19.32711,78.57925,340.6,0.54,0.42,2023-03-09,740,N20,VIIRS,n,2,309.12,5.26,D,0
19.33634,78.84752,333.49,0.52,0.41,2023-03-09,740,N20,VIIRS,l,2,306.71,4.87,D,0
19.33653,78.13857,337.26,0.57,0.43,2023-03-09,740,N20,VIIRS,l,2,310.28,3.46,D,0
19.36012,79.13908,339.97,0.5,0.41,2023-03-09,740,N20,VIIRS,n,2,309.74,2.19,D,0
19.36768,79.09441,336.75,0.5,0.41,2023-03-09,740,N20,VIIRS,l,2,311.18,2.58,D,0
19.37017,79.10877,338.75,0.5,0.41,2023-03-09,740,N20,VIIRS,l,2,313.62,2.2,D,0
19.39837,77.07476,336.47,0.44,0.46,2023-03-09,740,N20,VIIRS,n,2,307.89,1.73,D,0
19.40254,79.89158,334.8,0.46,0.39,2023-03-09,740,N20,VIIRS,l,2,305.62,3.15,D,0
19.41342,79.4248,336.29,0.48,0.4,2023-03-09,740,N20,VIIRS,l,2,308.59,4.47,D,0
19.42003,79.8939,333.95,0.46,0.39,2023-03-09,740,N20,VIIRS,l,2,305.82,2.11,D,0
19.42106,79.89229,332.8,0.46,0.39,2023-03-09,740,N20,VIIRS,l,2,305.51,2.28,D,0
19.45583,79.43195,339.74,0.48,0.4,2023-03-09,740,N20,VIIRS,n,2,307.99,7.27,D,0
19.45664,79.43655,348.01,0.48,0.4,2023-03-09,740,N20,VIIRS,n,2,308.23,10.5,D,0
19.48903,81.32902,339.66,0.41,0.37,2023-03-09,740,N20,VIIRS,n,2,301.84,4.16,D,0
19.50841,79.25618,350.65,0.49,0.4,2023-03-09,740,N20,VIIRS,n,2,313.55,7.06,D,0
19.51209,79.2555,337.11,0.49,0.4,2023-03-09,740,N20,VIIRS,l,2,311.35,2.3,D,0
19.52611,78.20544,335.66,0.56,0.43,2023-03-09,740,N20,VIIRS,l,2,310.34,3.6,D,0
19.52982,79.46813,351.33,0.48,0.4,2023-03-09,740,N20,VIIRS,n,2,310.66,7.46,D,0
19.53322,78.99152,341.53,0.51,0.41,2023-03-09,740,N20,VIIRS,l,2,311.94,5.33,D,0
19.53695,78.99082,339.7,0.51,0.41,2023-03-09,740,N20,VIIRS,l,2,312.98,9.6,D,0
19.54561,78.44806,347.02,0.54,0.42,2023-03-09,740,N20,VIIRS,n,2,308.97,19.07,D,0
19.61674,81.23105,332.65,0.41,0.37,2023-03-09,740,N20,VIIRS,n,2,299.68,2.91,D,0
19.62757,78.77641,335.49,0.52,0.41,2023-03-09,740,N20,VIIRS,l,2,308.34,3.32,D,0
19.6574,81.06834,347.11,0.41,0.37,2023-03-09,740,N20,VIIRS,n,2,307.93,4.77,D,0
19.65849,78.9746,345.96,0.51,0.41,2023-03-09,740,N20,VIIRS,n,2,311.65,10.74,D,0
19.6608,81.06776,339.29,0.41,0.37,2023-03-09,740,N20,VIIRS,n,2,303.47,4.77,D,0
19.6634,79.17726,339.06,0.49,0.41,2023-03-09,740,N20,VIIRS,n,2,309.56,2.37,D,0
19.66628,78.28892,338.97,0.55,0.43,2023-03-09,740,N20,VIIRS,n,2,308.54,5.33,D,0
19.67205,79.0302,334.13,0.5,0.41,2023-03-09,740,N20,VIIRS,l,2,307.8,5.89,D,0
19.68215,79.3059,341.3,0.49,0.4,2023-03-09,740,N20,VIIRS,l,2,315.01,4.33,D,0
19.68641,78.31222,336.79,0.55,0.43,2023-03-09,740,N20,VIIRS,l,2,308.33,2.53,D,0
19.68702,78.30956,339.74,0.55,0.43,2023-03-09,740,N20,VIIRS,n,2,308.61,5.89,D,0
19.68727,81.29382,332.97,0.41,0.37,2023-03-09,740,N20,VIIRS,n,2,296.25,2.25,D,0
19.68796,78.31471,335.65,0.55,0.43,2023-03-09,740,N20,VIIRS,l,2,307.77,3.79,D,0
19.71807,78.39223,337.66,0.54,0.42,2023-03-09,740,N20,VIIRS,l,2,312.65,4.37,D,0
19.71952,79.9186,345.26,0.45,0.39,2023-03-09,740,N20,VIIRS,n,2,309.71,3.65,D,0
19.73161,81.43919,336.93,0.4,0.37,2023-03-09,740,N20,VIIRS,l,2,308.22,3.35,D,0
19.74362,77.23812,339.84,0.42,0.45,2023-03-09,740,N20,VIIRS,n,2,311.44,3.11,D,0
19.75119,77.14142,348.13,0.43,0.46,2023-03-09,740,N20,VIIRS,n,2,315.13,5.06,D,0
19.76001,79.92519,335.94,0.45,0.39,2023-03-09,740,N20,VIIRS,l,2,309.48,2.51,D,0
19.76533,77.83051,341.9,0.39,0.44,2023-03-09,740,N20,VIIRS,l,2,314.9,4.9,D,0
19.77418,80.79507,331.99,0.42,0.38,2023-03-09,740,N20,VIIRS,n,2,305.66,2.82,D,0
19.78798,78.47217,348.35,0.54,0.42,2023-03-09,740,N20,VIIRS,n,2,313.31,8.64,D,0
19.79194,81.07585,332.73,0.41,0.37,2023-03-09,740,N20,VIIRS,l,2,302.82,3.78,D,0
19.80843,80.47047,341.32,0.43,0.38,2023-03-09,740,N20,VIIRS,n,2,311.69,4.95,D,0
19.81861,81.41112,341.97,0.4,0.37,2023-03-09,740,N20,VIIRS,n,2,304.22,4.29,D,0
19.83549,80.02512,340.58,0.45,0.39,2023-03-09,740,N20,VIIRS,n,2,311.2,4.15,D,0
19.84382,80.57669,335.53,0.43,0.38,2023-03-09,740,N20,VIIRS,l,2,307.23,1.76,D,0
19.84912,80.36237,333.14,0.43,0.38,2023-03-09,740,N20,VIIRS,n,2,306.94,1.68,D,0
19.86539,80.56483,338.44,0.43,0.38,2023-03-09,740,N20,VIIRS,n,2,308.96,2.97,D,0
19.87204,81.33479,333.08,0.4,0.37,2023-03-09,740,N20,VIIRS,n,2,304.19,2.09,D,0
19.87477,80.64175,345.61,0.42,0.38,2023-03-09,740,N20,VIIRS,n,2,310.56,4.59,D,0
19.88141,80.5118,334.54,0.43,0.38,2023-03-09,740,N20,VIIRS,l,2,308.08,3.1,D,0
19.88664,79.9202,340.61,0.45,0.39,2023-03-09,740,N20,VIIRS,n,2,310.49,8.23,D,0
19.8869,79.72877,343.19,0.46,0.39,2023-03-09,740,N20,VIIRS,n,2,311.07,5.81,D,0
19.89013,80.58513,347.94,0.43,0.38,2023-03-09,740,N20,VIIRS,n,2,308.09,4.5,D,0
19.89341,80.62596,334.87,0.42,0.38,2023-03-09,740,N20,VIIRS,l,2,307.39,0.94,D,0
19.89358,80.5845,339.96,0.43,0.38,2023-03-09,740,N20,VIIRS,n,2,306.92,4.5,D,0
19.89425,80.58851,345.29,0.43,0.38,2023-03-09,740,N20,VIIRS,n,2,309.14,4.5,D,0
19.8989,81.19148,341.57,0.41,0.37,2023-03-09,740,N20,VIIRS,n,2,307.25,3.49,D,0
19.8993,80.53356,346.9,0.43,0.38,2023-03-09,740,N20,VIIRS,n,2,309.44,4.18,D,0
19.89997,80.53759,333.86,0.43,0.38,2023-03-09,740,N20,VIIRS,l,2,305.56,4.18,D,0
19.90402,79.72098,335.83,0.46,0.39,2023-03-09,740,N20,VIIRS,l,2,310.26,1.84,D,0
19.92471,80.55799,347.43,0.43,0.38,2023-03-09,740,N20,VIIRS,n,2,311.89,4.77,D,0
19.9271,79.3513,339.02,0.48,0.4,2023-03-09,740,N20,VIIRS,n,2,306.05,4.38,D,0
19.92995,79.34604,332.99,0.48,0.4,2023-03-09,740,N20,VIIRS,l,2,305.19,6.31,D,0
19.93803,79.4791,337.89,0.47,0.4,2023-03-09,740,N20,VIIRS,l,2,312.17,4.74,D,0
19.94913,79.5001,346.69,0.47,0.4,2023-03-09,740,N20,VIIRS,n,2,310.63,9.57,D,0
19.95273,79.49938,339.99,0.47,0.4,2023-03-09,740,N20,VIIRS,n,2,307.03,2.91,D,0
19.96171,80.5885,335.65,0.43,0.38,2023-03-09,740,N20,VIIRS,l,2,309.49,2.15,D,0
19.96189,79.33508,337.23,0.48,0.4,2023-03-09,740,N20,VIIRS,l,2,308.88,4.01,D,2
19.96634,80.61662,334.43,0.42,0.38,2023-03-09,740,N20,VIIRS,l,2,308.76,2.21,D,0
19.97101,78.31956,338.01,0.54,0.42,2023-03-09,740,N20,VIIRS,l,2,312.62,4.08,D,0
19.97211,78.30349,341.13,0.54,0.42,2023-03-09,740,N20,VIIRS,l,2,312.67,16.91,D,0
19.97388,80.79172,343.39,0.42,0.38,2023-03-09,740,N20,VIIRS,n,2,313.57,3.66,D,0
19.99486,78.22258,345.35,0.55,0.43,2023-03-09,740,N20,VIIRS,n,2,310.85,3.51,D,0
17.82269,80.04337,304.93,0.4,0.37,2023-03-09,2010,N20,VIIRS,n,2,292.64,0.79,N,0
17.84109,80.66394,301.63,0.39,0.36,2023-03-09,2010,N20,VIIRS,n,2,279.39,0.98,N,0
17.87182,80.03617,327.67,0.4,0.37,2023-03-09,2010,N20,VIIRS,n,2,294.38,1.58,N,0
17.87238,80.03246,306.74,0.4,0.37,2023-03-09,2010,N20,VIIRS,n,2,292.76,1.72,N,0
17.87518,80.03671,314.39,0.4,0.37,2023-03-09,2010,N20,VIIRS,n,2,293.78,1.58,N,0
17.88022,80.00307,304.32,0.4,0.37,2023-03-09,2010,N20,VIIRS,n,2,293.15,0.8,N,0
17.88693,80.00417,304.56,0.4,0.37,2023-03-09,2010,N20,VIIRS,n,2,292.45,0.99,N,0
17.89901,80.1739,304.74,0.39,0.37,2023-03-09,2010,N20,VIIRS,n,2,289.54,0.94,N,0
17.90178,80.17816,308.56,0.39,0.37,2023-03-09,2010,N20,VIIRS,n,2,289.68,1.57,N,0
17.90235,80.17446,321.48,0.39,0.37,2023-03-09,2010,N20,VIIRS,n,2,292.37,0.94,N,0
17.91548,80.73215,305.28,0.39,0.36,2023-03-09,2010,N20,VIIRS,n,2,283.71,1.32,N,0
17.959,80.80232,315.31,0.39,0.36,2023-03-09,2010,N20,VIIRS,n,2,293.15,2.62,N,2
18.00754,77.26698,336.45,0.51,0.41,2023-03-09,2010,N20,VIIRS,n,2,286.29,16.99,N,0
18.05704,80.62872,307.1,0.39,0.36,2023-03-09,2010,N20,VIIRS,n,2,289.12,1.49,N,0
18.12689,80.77116,303.78,0.39,0.36,2023-03-09,2010,N20,VIIRS,n,2,287.45,0.59,N,0
18.12803,80.7638,305.28,0.39,0.36,2023-03-09,2010,N20,VIIRS,n,2,290.63,1.93,N,0
18.13019,80.77174,306.33,0.39,0.36,2023-03-09,2010,N20,VIIRS,n,2,290.6,0.59,N,0
18.16315,80.22047,305.47,0.4,0.37,2023-03-09,2010,N20,VIIRS,n,2,293.01,0.88,N,0
18.1954,80.2789,307.84,0.39,0.37,2023-03-09,2010,N20,VIIRS,n,2,293.98,1.04,N,0
18.20485,80.28423,323.28,0.39,0.36,2023-03-09,2010,N20,VIIRS,n,2,294.72,2.1,N,0
18.20857,80.36703,301.84,0.39,0.36,2023-03-09,2010,N20,VIIRS,n,2,290.87,0.17,N,0
18.2313,80.77651,308.06,0.39,0.36,2023-03-09,2010,N20,VIIRS,n,2,292.64,1.17,N,0
18.23404,80.78076,308.58,0.39,0.36,2023-03-09,2010,N20,VIIRS,n,2,291.99,0.99,N,0
18.23949,80.78938,323.99,0.39,0.36,2023-03-09,2010,N20,VIIRS,n,2,290.24,2.14,N,0
18.24178,80.7746,310.97,0.39,0.36,2023-03-09,2010,N20,VIIRS,n,2,291.49,1.06,N,0
18.2428,80.78991,323.38,0.39,0.36,2023-03-09,2010,N20,VIIRS,n,2,292.54,2.14,N,0
18.26344,80.767,302.63,0.39,0.36,2023-03-09,2010,N20,VIIRS,n,2,288.56,0.75,N,0
18.26619,80.77125,308.17,0.39,0.36,2023-03-09,2010,N20,VIIRS,n,2,290.8,1.22,N,0
18.26894,80.77553,314.16,0.39,0.36,2023-03-09,2010,N20,VIIRS,n,2,288.99,0.99,N,0
18.27062,80.76446,320.72,0.39,0.36,2023-03-09,2010,N20,VIIRS,n,2,292.48,1.16,N,0
18.27118,80.76084,307.01,0.39,0.36,2023-03-09,2010,N20,VIIRS,n,2,292.93,0.94,N,0
18.27169,80.77975,306.07,0.39,0.36,2023-03-09,2010,N20,VIIRS,n,2,286.04,0.83,N,0
18.27225,80.77607,303.58,0.39,0.36,2023-03-09,2010,N20,VIIRS,n,2,290.19,0.99,N,0
18.27337,80.76873,312.02,0.39,0.36,2023-03-09,2010,N20,VIIRS,n,2,293.77,1.16,N,0
18.27393,80.76508,311.49,0.39,0.36,2023-03-09,2010,N20,VIIRS,n,2,294.14,1.16,N,0
18.27448,80.76144,306.74,0.39,0.36,2023-03-09,2010,N20,VIIRS,n,2,293.94,0.94,N,0
18.27556,80.77663,305.77,0.39,0.36,2023-03-09,2010,N20,VIIRS,n,2,291.76,1.07,N,0
18.27612,80.77299,317.59,0.39,0.36,2023-03-09,2010,N20,VIIRS,n,2,294.15,1.07,N,0
18.27667,80.76936,318.72,0.39,0.36,2023-03-09,2010,N20,VIIRS,n,2,294.18,2.4,N,0
18.2779,80.6724,305.88,0.39,0.36,2023-03-09,2010,N20,VIIRS,n,2,292.42,0.87,N,0
18.27887,80.7772,303.33,0.39,0.36,2023-03-09,2010,N20,VIIRS,n,2,290.2,1.07,N,0
18.27942,80.77361,323.78,0.39,0.36,2023-03-09,2010,N20,VIIRS,n,2,292.83,1.07,N,0
18.28098,80.06658,309.05,0.4,0.37,2023-03-09,2010,N20,VIIRS,n,2,294.12,1.21,N,0
18.28907,78.26192,321.87,0.46,0.39,2023-03-09,2010,N20,VIIRS,n,2,290.96,2.26,N,0
18.29774,80.06948,312.36,0.4,0.37,2023-03-09,2010,N20,VIIRS,n,2,294.52,1.23,N,0
18.29831,80.06569,311.06,0.4,0.37,2023-03-09,2010,N20,VIIRS,n,2,294.83,1.23,N,0
18.31793,80.02653,304.6,0.4,0.37,2023-03-09,2010,N20,VIIRS,n,2,293.96,0.96,N,0
18.31962,80.01527,308.9,0.4,0.37,2023-03-09,2010,N20,VIIRS,n,2,294.57,1.42,N,0
18.32298,80.01582,308.76,0.4,0.37,2023-03-09,2010,N20,VIIRS,n,2,293.99,1.36,N,0
18.33224,80.58355,305.94,0.39,0.36,2023-03-09,2010,N20,VIIRS,n,2,293.98,1.01,N,0
18.33281,80.57987,305.05,0.39,0.36,2023-03-09,2010,N20,VIIRS,n,2,292.95,1.01,N,0
18.34828,80.83352,315.3,0.39,0.36,2023-03-09,2010,N20,VIIRS,n,2,293.44,1.77,N,0
18.37213,80.76645,308.45,0.39,0.36,2023-03-09,2010,N20,VIIRS,n,2,283.28,1.58,N,0
18.38756,80.26363,304.01,0.4,0.37,2023-03-09,2010,N20,VIIRS,n,2,292.85,1.07,N,0
18.39478,79.67338,309.81,0.41,0.37,2023-03-09,2010,N20,VIIRS,n,2,294.25,1.43,N,0
18.39649,80.24987,305.16,0.4,0.37,2023-03-09,2010,N20,VIIRS,n,2,292.53,0.6,N,0
18.40328,79.95145,307.01,0.4,0.37,2023-03-09,2010,N20,VIIRS,n,2,294.87,1.21,N,0
18.41403,80.80322,309.04,0.39,0.36,2023-03-09,2010,N20,VIIRS,n,2,292.97,2.16,N,0
18.43125,80.1102,304.96,0.4,0.37,2023-03-09,2010,N20,VIIRS,n,2,293.41,0.91,N,0
18.43612,81.12357,306.31,0.39,0.36,2023-03-09,2010,N20,VIIRS,n,2,292.77,0.72,N,0
18.43942,81.12414,304.09,0.39,0.36,2023-03-09,2010,N20,VIIRS,n,2,292.47,0.78,N,0
18.44311,81.44734,311.01,0.38,0.36,2023-03-09,2010,N20,VIIRS,n,2,289.26,2.6,N,0
18.62066,79.63718,309.28,0.41,0.37,2023-03-09,2010,N20,VIIRS,n,2,292.61,0.83,N,0
18.63842,80.38085,311.26,0.39,0.37,2023-03-09,2010,N20,VIIRS,n,2,294.05,1.26,N,0
18.63899,80.37711,311.25,0.39,0.37,2023-03-09,2010,N20,VIIRS,n,2,293.56,1.0,N,0
18.64147,80.37695,315.87,0.39,0.37,2023-03-09,2010,N20,VIIRS,n,2,295.25,1.39,N,0
18.64244,80.59707,309.2,0.39,0.36,2023-03-09,2010,N20,VIIRS,n,2,294.45,0.92,N,0
18.64536,80.37378,310.21,0.39,0.37,2023-03-09,2010,N20,VIIRS,n,2,293.94,1.39,N,0
18.64576,80.59765,305.37,0.39,0.36,2023-03-09,2010,N20,VIIRS,n,2,294.06,0.92,N,0
18.64853,80.60183,305.25,0.39,0.36,2023-03-09,2010,N20,VIIRS,n,2,293.73,1.53,N,0
18.64909,80.59818,306.78,0.39,0.36,2023-03-09,2010,N20,VIIRS,n,2,294.0,1.19,N,0
18.65762,80.3376,305.83,0.4,0.37,2023-03-09,2010,N20,VIIRS,n,2,293.6,1.19,N,0
18.66252,79.99296,305.73,0.4,0.37,2023-03-09,2010,N20,VIIRS,n,2,295.35,1.5,N,0
18.66739,80.56749,305.2,0.39,0.36,2023-03-09,2010,N20,VIIRS,n,2,292.34,0.56,N,0
18.6685,80.58256,304.88,0.39,0.36,2023-03-09,2010,N20,VIIRS,n,2,293.69,1.48,N,0
18.66905,80.57894,304.01,0.39,0.36,2023-03-09,2010,N20,VIIRS,n,2,292.87,0.77,N,0
18.67072,80.56801,306.0,0.39,0.36,2023-03-09,2010,N20,VIIRS,n,2,292.12,0.56,N,0
18.67239,80.57943,322.57,0.39,0.36,2023-03-09,2010,N20,VIIRS,n,2,295.58,1.52,N,0
18.67294,80.57579,307.23,0.39,0.36,2023-03-09,2010,N20,VIIRS,n,2,294.22,1.52,N,0
18.7195,79.53714,313.1,0.41,0.37,2023-03-09,2010,N20,VIIRS,n,2,296.03,1.52,N,2
18.72292,79.53769,320.97,0.41,0.37,2023-03-09,2010,N20,VIIRS,n,2,298.12,1.52,N,2
18.73775,79.53207,312.62,0.41,0.37,2023-03-09,2010,N20,VIIRS,n,2,295.96,1.96,N,0
18.75149,80.41376,307.63,0.39,0.37,2023-03-09,2010,N20,VIIRS,n,2,293.94,0.94,N,0
18.76096,80.39619,305.85,0.39,0.37,2023-03-09,2010,N20,VIIRS,n,2,292.66,0.41,N,0
18.78202,79.41749,305.27,0.42,0.38,2023-03-09,2010,N20,VIIRS,n,2,293.18,0.52,N,0
18.78311,79.41472,305.51,0.42,0.38,2023-03-09,2010,N20,VIIRS,n,2,293.87,1.01,N,0
18.78603,79.41407,309.36,0.42,0.38,2023-03-09,2010,N20,VIIRS,n,2,293.01,1.64,N,0
18.80232,80.75109,304.46,0.39,0.36,2023-03-09,2010,N20,VIIRS,n,2,294.14,1.49,N,0
18.80724,80.6542,309.72,0.39,0.36,2023-03-09,2010,N20,VIIRS,n,2,292.75,1.19,N,0
18.83459,80.31657,320.51,0.4,0.37,2023-03-09,2010,N20,VIIRS,n,2,295.22,2.57,N,0
18.87937,79.71244,310.07,0.41,0.37,2023-03-09,2010,N20,VIIRS,n,2,293.9,1.53,N,0
18.92661,80.33507,309.61,0.4,0.37,2023-03-09,2010,N20,VIIRS,n,2,293.25,1.87,N,0
18.92938,80.3394,322.63,0.4,0.37,2023-03-09,2010,N20,VIIRS,n,2,295.74,1.87,N,0
18.93051,80.33189,314.85,0.4,0.37,2023-03-09,2010,N20,VIIRS,n,2,295.33,1.68,N,0
18.93272,80.33999,311.82,0.4,0.37,2023-03-09,2010,N20,VIIRS,n,2,294.67,1.34,N,0
18.93385,80.3325,311.49,0.4,0.37,2023-03-09,2010,N20,VIIRS,n,2,295.41,1.88,N,0
18.93663,80.33685,312.1,0.4,0.37,2023-03-09,2010,N20,VIIRS,n,2,294.85,1.34,N,0
18.93719,80.33309,327.87,0.4,0.37,2023-03-09,2010,N20,VIIRS,n,2,296.06,1.88,N,0
18.94612,79.30024,304.46,0.42,0.38,2023-03-09,2010,N20,VIIRS,n,2,293.82,0.67,N,0
18.94624,80.54057,306.17,0.39,0.36,2023-03-09,2010,N20,VIIRS,n,2,290.26,0.69,N,0
18.95691,81.02853,305.61,0.39,0.36,2023-03-09,2010,N20,VIIRS,n,2,292.56,0.69,N,0
18.96546,80.07542,307.29,0.4,0.37,2023-03-09,2010,N20,VIIRS,n,2,295.27,2.26,N,0
18.97554,80.0773,306.38,0.4,0.37,2023-03-09,2010,N20,VIIRS,n,2,294.64,1.25,N,0
18.9761,80.07351,316.02,0.4,0.37,2023-03-09,2010,N20,VIIRS,n,2,294.96,1.25,N,0
18.97945,80.09727,318.36,0.4,0.37,2023-03-09,2010,N20,VIIRS,n,2,294.36,2.25,N,0
18.98225,80.10164,305.7,0.4,0.37,2023-03-09,2010,N20,VIIRS,n,2,293.77,0.55,N,0
18.9839,80.11362,304.19,0.4,0.37,2023-03-09,2010,N20,VIIRS,n,2,293.56,1.16,N,0
18.99108,80.18059,309.22,0.4,0.37,2023-03-09,2010,N20,VIIRS,n,2,294.92,1.16,N,0
18.99499,80.17745,307.24,0.4,0.37,2023-03-09,2010,N20,VIIRS,n,2,295.23,1.16,N,0
18.99691,79.24274,314.91,0.43,0.38,2023-03-09,2010,N20,VIIRS,n,2,294.4,1.62,N,0
18.9992,79.25139,310.78,0.43,0.38,2023-03-09,2010,N20,VIIRS,n,2,294.61,2.23,N,0
18.99979,80.29702,304.15,0.4,0.37,2023-03-09,2010,N20,VIIRS,n,2,292.87,0.84,N,0
19.00257,80.30144,312.26,0.4,0.37,2023-03-09,2010,N20,VIIRS,n,2,294.98,1.54,N,0
19.00314,80.29762,305.49,0.4,0.37,2023-03-09,2010,N20,VIIRS,n,2,294.83,0.84,N,0
19.00649,80.29818,303.97,0.4,0.37,2023-03-09,2010,N20,VIIRS,n,2,293.8,0.82,N,0
19.01078,79.22046,304.96,0.43,0.38,2023-03-09,2010,N20,VIIRS,n,2,294.37,1.03,N,0
19.0109,80.12952,305.97,0.4,0.37,2023-03-09,2010,N20,VIIRS,n,2,293.88,1.26,N,0
19.01207,80.21452,307.61,0.4,0.37,2023-03-09,2010,N20,VIIRS,n,2,295.39,1.99,N,0
19.01482,79.21712,311.49,0.43,0.38,2023-03-09,2010,N20,VIIRS,n,2,293.84,1.03,N,0
19.01539,80.12241,305.39,0.4,0.37,2023-03-09,2010,N20,VIIRS,n,2,293.29,0.71,N,0
19.01595,80.11857,308.95,0.4,0.37,2023-03-09,2010,N20,VIIRS,n,2,293.3,0.71,N,0
19.01888,79.21359,305.59,0.43,0.38,2023-03-09,2010,N20,VIIRS,n,2,294.05,0.77,N,0
19.01934,80.21197,309.94,0.4,0.37,2023-03-09,2010,N20,VIIRS,n,2,295.27,1.6,N,0
19.01986,80.18532,323.87,0.4,0.37,2023-03-09,2010,N20,VIIRS,n,2,295.1,2.83,N,0
19.02234,79.21419,304.39,0.43,0.38,2023-03-09,2010,N20,VIIRS,n,2,294.1,0.77,N,0
19.02662,80.11636,305.76,0.4,0.37,2023-03-09,2010,N20,VIIRS,n,2,293.38,0.86,N,0
19.02884,80.28657,310.37,0.4,0.37,2023-03-09,2010,N20,VIIRS,n,2,294.49,1.58,N,0
19.02999,80.11692,312.85,0.4,0.37,2023-03-09,2010,N20,VIIRS,n,2,294.49,0.86,N,0
19.03438,78.59989,299.93,0.45,0.39,2023-03-09,2010,N20,VIIRS,n,2,286.61,0.33,N,0
19.03553,80.28773,317.67,0.4,0.37,2023-03-09,2010,N20,VIIRS,n,2,295.56,1.83,N,0
19.03777,80.29573,304.96,0.4,0.37,2023-03-09,2010,N20,VIIRS,n,2,294.81,1.14,N,0
19.03832,80.29202,305.94,0.4,0.37,2023-03-09,2010,N20,VIIRS,n,2,294.79,1.14,N,0
19.04611,80.3088,307.09,0.4,0.37,2023-03-09,2010,N20,VIIRS,n,2,295.25,0.9,N,0
19.0477,80.34385,308.54,0.4,0.37,2023-03-09,2010,N20,VIIRS,n,2,294.52,0.63,N,0
19.04947,80.3093,305.2,0.4,0.37,2023-03-09,2010,N20,VIIRS,n,2,294.76,0.9,N,0
19.06492,80.3888,311.23,0.4,0.37,2023-03-09,2010,N20,VIIRS,n,2,294.47,1.54,N,0
19.08093,79.18955,307.4,0.43,0.38,2023-03-09,2010,N20,VIIRS,n,2,292.39,0.97,N,0
19.10128,80.22832,302.36,0.4,0.37,2023-03-09,2010,N20,VIIRS,n,2,291.1,0.45,N,0
19.10377,79.42257,318.55,0.42,0.38,2023-03-09,2010,N20,VIIRS,n,2,295.5,1.74,N,0
19.10474,80.07848,315.41,0.4,0.37,2023-03-09,2010,N20,VIIRS,n,2,295.75,2.3,N,0
19.10656,79.42232,323.78,0.42,0.38,2023-03-09,2010,N20,VIIRS,n,2,295.89,1.68,N,0
19.10721,79.42313,321.0,0.42,0.38,2023-03-09,2010,N20,VIIRS,n,2,295.85,1.74,N,0
19.10779,79.41916,309.59,0.42,0.38,2023-03-09,2010,N20,VIIRS,n,2,293.28,1.74,N,0
19.10869,80.07518,306.6,0.4,0.37,2023-03-09,2010,N20,VIIRS,n,2,293.86,0.75,N,0
19.11,79.42288,308.73,0.42,0.38,2023-03-09,2010,N20,VIIRS,n,2,294.44,1.68,N,0
19.11092,80.08334,304.55,0.4,0.37,2023-03-09,2010,N20,VIIRS,n,2,293.59,1.27,N,0
19.11148,80.07958,310.29,0.4,0.37,2023-03-09,2010,N20,VIIRS,n,2,295.21,1.27,N,0
19.11372,78.50289,302.92,0.46,0.39,2023-03-09,2010,N20,VIIRS,n,2,287.22,0.53,N,0
19.11433,78.49858,299.59,0.46,0.39,2023-03-09,2010,N20,VIIRS,n,2,287.74,0.53,N,0
19.11442,78.80135,312.07,0.44,0.39,2023-03-09,2010,N20,VIIRS,n,2,292.18,0.82,N,0
19.11501,78.79716,305.08,0.44,0.39,2023-03-09,2010,N20,VIIRS,n,2,293.03,1.72,N,0
19.11559,78.79297,321.1,0.44,0.39,2023-03-09,2010,N20,VIIRS,n,2,292.77,1.72,N,0
19.11794,78.80199,312.49,0.44,0.39,2023-03-09,2010,N20,VIIRS,n,2,290.08,0.82,N,0
19.11853,78.7978,318.02,0.44,0.39,2023-03-09,2010,N20,VIIRS,n,2,294.18,1.72,N,0
19.12082,80.25903,307.74,0.4,0.37,2023-03-09,2010,N20,VIIRS,n,2,294.75,1.03,N,0
19.12252,80.24752,312.24,0.4,0.37,2023-03-09,2010,N20,VIIRS,n,2,295.74,1.11,N,0
19.12417,80.25963,310.66,0.4,0.37,2023-03-09,2010,N20,VIIRS,n,2,294.39,1.03,N,0
19.12473,80.25587,329.25,0.4,0.37,2023-03-09,2010,N20,VIIRS,n,2,295.84,2.24,N,0
19.1253,80.25204,317.78,0.4,0.37,2023-03-09,2010,N20,VIIRS,n,2,295.54,2.24,N,0
19.12588,80.24815,308.31,0.4,0.37,2023-03-09,2010,N20,VIIRS,n,2,295.01,1.11,N,0
19.12638,80.31395,319.76,0.4,0.37,2023-03-09,2010,N20,VIIRS,n,2,295.51,2.33,N,0
19.12865,80.25267,326.01,0.4,0.37,2023-03-09,2010,N20,VIIRS,n,2,295.44,2.39,N,0
19.12867,78.50082,302.82,0.46,0.39,2023-03-09,2010,N20,VIIRS,n,2,290.96,0.5,N,0
19.13308,80.31506,330.48,0.4,0.37,2023-03-09,2010,N20,VIIRS,n,2,296.12,2.75,N,0
19.13475,80.30392,306.94,0.4,0.37,2023-03-09,2010,N20,VIIRS,n,2,294.69,1.52,N,0
19.15003,80.08522,305.84,0.4,0.37,2023-03-09,2010,N20,VIIRS,n,2,293.82,0.89,N,0
19.15053,78.51549,301.2,0.46,0.39,2023-03-09,2010,N20,VIIRS,n,2,289.03,0.51,N,0
19.15154,78.79443,323.38,0.44,0.39,2023-03-09,2010,N20,VIIRS,n,2,291.55,2.47,N,0
19.15509,80.09769,310.46,0.4,0.37,2023-03-09,2010,N20,VIIRS,n,2,293.28,1.43,N,0
19.15567,78.79081,319.48,0.45,0.39,2023-03-09,2010,N20,VIIRS,n,2,291.74,2.47,N,0
19.15682,78.78267,301.81,0.45,0.39,2023-03-09,2010,N20,VIIRS,n,2,288.51,0.67,N,0
19.15711,78.5472,309.34,0.46,0.39,2023-03-09,2010,N20,VIIRS,n,2,291.95,0.83,N,0
19.15732,80.0827,306.64,0.4,0.37,2023-03-09,2010,N20,VIIRS,n,2,295.21,1.47,N,0
19.1574,78.77859,309.65,0.45,0.39,2023-03-09,2010,N20,VIIRS,n,2,292.45,1.67,N,0
19.16037,78.78313,299.28,0.45,0.39,2023-03-09,2010,N20,VIIRS,n,2,282.04,0.47,N,0
19.1607,78.54771,302.25,0.46,0.39,2023-03-09,2010,N20,VIIRS,n,2,291.3,0.83,N,0
19.16217,78.77045,306.37,0.45,0.39,2023-03-09,2010,N20,VIIRS,n,2,289.05,1.3,N,0
19.16805,80.73644,304.29,0.39,0.36,2023-03-09,2010,N20,VIIRS,n,2,292.13,0.8,N,0
19.17414,80.08571,305.06,0.4,0.37,2023-03-09,2010,N20,VIIRS,n,2,294.65,0.64,N,0
19.182,78.65603,300.07,0.45,0.39,2023-03-09,2010,N20,VIIRS,n,2,289.93,0.65,N,0
19.19035,78.82642,311.71,0.44,0.39,2023-03-09,2010,N20,VIIRS,n,2,292.78,1.48,N,0
19.19053,78.82524,311.07,0.44,0.39,2023-03-09,2010,N20,VIIRS,n,2,291.58,1.17,N,0
19.19642,79.01458,312.64,0.44,0.38,2023-03-09,2010,N20,VIIRS,n,2,292.45,1.48,N,0
19.19701,79.01038,313.17,0.44,0.38,2023-03-09,2010,N20,VIIRS,n,2,292.76,1.48,N,0
19.1993,78.61094,321.79,0.45,0.39,2023-03-09,2010,N20,VIIRS,n,2,293.32,1.31,N,0
19.1999,78.60669,303.98,0.45,0.39,2023-03-09,2010,N20,VIIRS,n,2,291.58,1.31,N,0
19.20131,78.49284,313.4,0.46,0.39,2023-03-09,2010,N20,VIIRS,n,2,291.85,1.04,N,0
19.20489,78.49347,304.54,0.46,0.39,2023-03-09,2010,N20,VIIRS,n,2,292.19,1.04,N,0
19.21325,81.36971,308.95,0.38,0.36,2023-03-09,2010,N20,VIIRS,n,2,293.16,1.2,N,0
19.21382,81.36607,316.0,0.38,0.36,2023-03-09,2010,N20,VIIRS,n,2,292.83,1.48,N,0
19.21586,78.92757,308.81,0.44,0.38,2023-03-09,2010,N20,VIIRS,n,2,291.58,0.9,N,0
19.21997,78.924,302.43,0.44,0.38,2023-03-09,2010,N20,VIIRS,n,2,292.06,1.0,N,0
19.22573,78.52754,305.64,0.46,0.39,2023-03-09,2010,N20,VIIRS,n,2,291.72,0.7,N,0
19.22573,79.9013,304.37,0.41,0.37,2023-03-09,2010,N20,VIIRS,n,2,294.23,1.16,N,0
19.22804,80.24542,308.08,0.4,0.37,2023-03-09,2010,N20,VIIRS,n,2,294.64,0.98,N,0
19.22861,80.24163,310.99,0.4,0.37,2023-03-09,2010,N20,VIIRS,n,2,294.18,1.34,N,0
19.23117,78.84454,314.26,0.44,0.39,2023-03-09,2010,N20,VIIRS,n,2,290.54,1.7,N,0
19.2314,80.246,313.91,0.4,0.37,2023-03-09,2010,N20,VIIRS,n,2,294.67,1.56,N,0
19.23454,78.25465,302.71,0.47,0.4,2023-03-09,2010,N20,VIIRS,n,2,289.24,0.65,N,0
19.2366,79.0841,309.74,0.43,0.38,2023-03-09,2010,N20,VIIRS,n,2,291.52,1.08,N,0
19.23688,78.9569,316.58,0.44,0.38,2023-03-09,2010,N20,VIIRS,n,2,293.36,1.85,N,0
19.23822,78.79436,304.64,0.45,0.39,2023-03-09,2010,N20,VIIRS,n,2,291.41,1.23,N,0
19.23933,78.91436,301.96,0.44,0.38,2023-03-09,2010,N20,VIIRS,n,2,291.04,0.74,N,0
19.24188,78.69035,306.84,0.45,0.39,2023-03-09,2010,N20,VIIRS,n,2,290.83,1.07,N,0
19.24217,79.88416,303.53,0.41,0.37,2023-03-09,2010,N20,VIIRS,n,2,293.15,0.9,N,0
19.24236,78.7907,313.19,0.45,0.39,2023-03-09,2010,N20,VIIRS,n,2,292.6,1.78,N,0
19.24543,78.69093,322.57,0.45,0.39,2023-03-09,2010,N20,VIIRS,n,2,292.98,3.27,N,0
19.2459,78.79121,319.34,0.45,0.39,2023-03-09,2010,N20,VIIRS,n,2,293.66,2.71,N,0
19.24709,78.78281,309.39,0.45,0.39,2023-03-09,2010,N20,VIIRS,n,2,293.41,1.55,N,0
19.24822,80.22548,302.93,0.4,0.37,2023-03-09,2010,N20,VIIRS,n,2,292.81,0.76,N,0
19.24883,78.40047,301.04,0.46,0.39,2023-03-09,2010,N20,VIIRS,n,2,290.47,0.92,N,0
19.24899,78.69149,330.58,0.45,0.39,2023-03-09,2010,N20,VIIRS,n,2,294.13,3.27,N,0
19.25102,80.22984,311.01,0.4,0.37,2023-03-09,2010,N20,VIIRS,n,2,294.27,0.76,N,0
19.25142,78.39806,323.81,0.46,0.39,2023-03-09,2010,N20,VIIRS,n,2,291.4,3.0,N,0
19.25243,78.40112,308.23,0.46,0.39,2023-03-09,2010,N20,VIIRS,n,2,291.25,0.92,N,0
19.25255,78.69205,317.37,0.45,0.39,2023-03-09,2010,N20,VIIRS,n,2,292.52,0.95,N,0
19.25302,78.39681,310.37,0.46,0.39,2023-03-09,2010,N20,VIIRS,n,2,291.44,1.72,N,0
19.25611,78.69262,303.69,0.45,0.39,2023-03-09,2010,N20,VIIRS,n,2,290.62,0.95,N,0
19.26151,78.46918,308.14,0.46,0.39,2023-03-09,2010,N20,VIIRS,n,2,290.27,1.7,N,0
19.26396,79.88333,303.66,0.41,0.37,2023-03-09,2010,N20,VIIRS,n,2,292.16,1.64,N,0
19.26735,79.88391,333.35,0.41,0.37,2023-03-09,2010,N20,VIIRS,n,2,294.62,1.64,N,0
19.27075,79.88449,309.45,0.41,0.37,2023-03-09,2010,N20,VIIRS,n,2,294.04,1.27,N,0
19.27286,78.57253,316.29,0.46,0.39,2023-03-09,2010,N20,VIIRS,n,2,290.96,1.54,N,0
19.27347,78.56816,314.33,0.46,0.39,2023-03-09,2010,N20,VIIRS,n,2,292.42,1.16,N,0
19.27408,78.5638,305.57,0.46,0.39,2023-03-09,2010,N20,VIIRS,n,2,290.05,1.16,N,0
19.27704,78.56881,306.88,0.46,0.39,2023-03-09,2010,N20,VIIRS,n,2,291.03,1.26,N,0
19.28,78.57379,345.64,0.46,0.39,2023-03-09,2010,N20,VIIRS,n,2,293.95,8.2,N,0
19.28012,78.27889,302.73,0.47,0.4,2023-03-09,2010,N20,VIIRS,n,2,290.81,1.05,N,0
19.28061,78.56943,312.55,0.46,0.39,2023-03-09,2010,N20,VIIRS,n,2,291.4,1.26,N,0
19.28206,79.85461,304.26,0.41,0.37,2023-03-09,2010,N20,VIIRS,n,2,292.71,0.61,N,0
19.28257,78.76239,307.18,0.45,0.39,2023-03-09,2010,N20,VIIRS,n,2,293.14,1.14,N,0
19.28297,78.57873,330.94,0.46,0.39,2023-03-09,2010,N20,VIIRS,n,2,292.6,3.27,N,0
19.28358,78.57438,329.87,0.46,0.39,2023-03-09,2010,N20,VIIRS,n,2,292.65,3.27,N,0
19.28655,78.57928,304.71,0.46,0.39,2023-03-09,2010,N20,VIIRS,n,2,290.93,3.27,N,0
19.29294,78.66359,305.15,0.45,0.39,2023-03-09,2010,N20,VIIRS,n,2,292.49,1.02,N,0
19.29336,79.82488,316.31,0.41,0.37,2023-03-09,2010,N20,VIIRS,n,2,294.82,1.85,N,0
19.29354,78.65928,321.78,0.45,0.39,2023-03-09,2010,N20,VIIRS,n,2,292.04,2.36,N,0
19.30073,79.04234,301.61,0.44,0.38,2023-03-09,2010,N20,VIIRS,n,2,291.09,0.36,N,0
19.30524,78.49801,304.31,0.46,0.39,2023-03-09,2010,N20,VIIRS,n,2,291.35,0.93,N,0
19.30748,81.44192,303.93,0.38,0.36,2023-03-09,2010,N20,VIIRS,n,2,290.81,0.8,N,0
19.30923,78.22865,305.86,0.47,0.4,2023-03-09,2010,N20,VIIRS,n,2,291.52,1.03,N,0
19.30984,78.22417,318.05,0.47,0.4,2023-03-09,2010,N20,VIIRS,n,2,291.55,1.29,N,0
19.31077,81.44249,306.09,0.38,0.36,2023-03-09,2010,N20,VIIRS,n,2,292.55,0.8,N,0
19.31224,78.23385,302.55,0.47,0.4,2023-03-09,2010,N20,VIIRS,n,2,290.4,1.03,N,0
19.31285,78.22935,305.29,0.47,0.4,2023-03-09,2010,N20,VIIRS,n,2,291.02,1.03,N,0
19.31347,78.22487,305.7,0.47,0.4,2023-03-09,2010,N20,VIIRS,n,2,290.86,1.29,N,0
19.31421,78.84363,301.39,0.44,0.39,2023-03-09,2010,N20,VIIRS,n,2,291.37,0.44,N,0
19.31726,81.46597,304.22,0.38,0.36,2023-03-09,2010,N20,VIIRS,n,2,292.32,0.76,N,0
19.32112,81.46291,306.81,0.38,0.36,2023-03-09,2010,N20,VIIRS,n,2,291.72,0.76,N,0
19.37059,79.91931,309.52,0.41,0.37,2023-03-09,2010,N20,VIIRS,n,2,296.29,2.1,N,0
19.38028,78.09186,303.88,0.48,0.4,2023-03-09,2010,N20,VIIRS,n,2,292.69,2.12,N,0
19.38092,78.08723,315.33,0.48,0.4,2023-03-09,2010,N20,VIIRS,n,2,292.88,2.22,N,0
19.3819,79.88937,310.13,0.41,0.37,2023-03-09,2010,N20,VIIRS,n,2,295.16,1.54,N,0
19.38529,79.89001,313.18,0.41,0.37,2023-03-09,2010,N20,VIIRS,n,2,296.63,1.64,N,0
19.3854,79.4325,301.32,0.42,0.38,2023-03-09,2010,N20,VIIRS,n,2,291.12,1.1,N,0
19.38884,79.43308,312.39,0.42,0.38,2023-03-09,2010,N20,VIIRS,n,2,293.65,1.1,N,0
19.38925,79.8867,310.55,0.41,0.37,2023-03-09,2010,N20,VIIRS,n,2,296.61,1.64,N,0
19.38958,78.07887,302.19,0.48,0.4,2023-03-09,2010,N20,VIIRS,n,2,290.93,0.86,N,0
19.38982,79.90657,327.42,0.41,0.37,2023-03-09,2010,N20,VIIRS,n,2,295.65,3.01,N,0
19.38999,78.71671,302.13,0.45,0.39,2023-03-09,2010,N20,VIIRS,n,2,290.37,0.37,N,0
19.39001,79.42506,302.79,0.42,0.38,2023-03-09,2010,N20,VIIRS,n,2,292.1,0.55,N,0
19.39345,79.42568,309.59,0.42,0.38,2023-03-09,2010,N20,VIIRS,n,2,292.73,1.01,N,0
19.3935,81.34813,302.07,0.39,0.36,2023-03-09,2010,N20,VIIRS,n,2,290.06,1.11,N,0
19.39435,79.89941,307.15,0.41,0.37,2023-03-09,2010,N20,VIIRS,n,2,294.56,1.35,N,0
19.39632,79.43024,303.02,0.42,0.38,2023-03-09,2010,N20,VIIRS,n,2,291.12,0.95,N,0
19.3969,79.42628,311.46,0.42,0.38,2023-03-09,2010,N20,VIIRS,n,2,292.46,1.01,N,0
19.39919,78.80532,302.27,0.45,0.39,2023-03-09,2010,N20,VIIRS,n,2,291.42,0.8,N,0
19.40292,81.46175,308.46,0.38,0.36,2023-03-09,2010,N20,VIIRS,n,2,291.24,0.87,N,0
19.40667,79.43199,304.42,0.42,0.38,2023-03-09,2010,N20,VIIRS,n,2,292.88,0.41,N,0
19.40738,79.8817,309.24,0.41,0.37,2023-03-09,2010,N20,VIIRS,n,2,295.68,1.17,N,0
19.41064,81.45564,303.77,0.38,0.36,2023-03-09,2010,N20,VIIRS,n,2,289.96,0.74,N,0
19.41077,79.88226,311.11,0.41,0.37,2023-03-09,2010,N20,VIIRS,n,2,295.63,1.17,N,0
19.42213,79.0769,302.9,0.44,0.38,2023-03-09,2010,N20,VIIRS,n,2,291.2,0.59,N,0
19.42557,79.82878,306.31,0.41,0.37,2023-03-09,2010,N20,VIIRS,n,2,291.56,0.81,N,0
19.42565,79.07739,302.4,0.44,0.38,2023-03-09,2010,N20,VIIRS,n,2,291.55,0.59,N,0
19.42665,79.89268,307.23,0.41,0.37,2023-03-09,2010,N20,VIIRS,n,2,293.21,0.77,N,0
19.42721,79.88887,312.87,0.41,0.37,2023-03-09,2010,N20,VIIRS,n,2,295.56,1.85,N,0
19.43218,81.29514,321.58,0.39,0.36,2023-03-09,2010,N20,VIIRS,n,2,293.47,2.53,N,0
19.48289,79.86945,301.54,0.41,0.37,2023-03-09,2010,N20,VIIRS,n,2,291.1,0.5,N,0
19.48418,78.76568,311.14,0.45,0.39,2023-03-09,2010,N20,VIIRS,n,2,291.81,1.63,N,0
19.53243,79.01153,303.92,0.44,0.38,2023-03-09,2010,N20,VIIRS,n,2,291.16,0.53,N,0
19.54887,78.6058,302.75,0.46,0.39,2023-03-09,2010,N20,VIIRS,n,2,290.11,0.44,N,0
19.54953,78.45689,310.12,0.46,0.39,2023-03-09,2010,N20,VIIRS,n,2,292.85,1.65,N,0
19.55076,78.60432,303.11,0.46,0.39,2023-03-09,2010,N20,VIIRS,n,2,290.24,0.78,N,0
19.55457,78.39446,302.8,0.47,0.4,2023-03-09,2010,N20,VIIRS,n,2,290.11,0.45,N,0
19.55949,81.35065,305.5,0.39,0.36,2023-03-09,2010,N20,VIIRS,n,2,291.09,0.78,N,0
19.56006,81.34702,302.61,0.39,0.36,2023-03-09,2010,N20,VIIRS,n,2,291.95,0.78,N,0
19.56279,81.35122,305.85,0.39,0.36,2023-03-09,2010,N20,VIIRS,n,2,292.49,0.78,N,0
19.57872,78.62824,305.96,0.46,0.39,2023-03-09,2010,N20,VIIRS,n,2,292.17,0.74,N,0
19.57932,78.62389,304.71,0.46,0.39,2023-03-09,2010,N20,VIIRS,n,2,292.81,0.74,N,0
19.58112,78.63729,305.68,0.46,0.39,2023-03-09,2010,N20,VIIRS,n,2,290.97,1.81,N,0
19.58905,81.3367,303.15,0.39,0.36,2023-03-09,2010,N20,VIIRS,n,2,291.52,1.12,N,0
19.64322,79.04546,302.03,0.44,0.38,2023-03-09,2010,N20,VIIRS,n,2,291.8,0.72,N,0
19.645,79.05823,309.41,0.44,0.38,2023-03-09,2010,N20,VIIRS,n,2,292.66,1.15,N,0
19.64852,79.05876,303.54,0.44,0.38,2023-03-09,2010,N20,VIIRS,n,2,291.24,0.51,N,0
19.65259,79.03006,309.31,0.44,0.38,2023-03-09,2010,N20,VIIRS,n,2,293.22,1.48,N,0
19.66311,79.08243,306.57,0.44,0.38,2023-03-09,2010,N20,VIIRS,n,2,292.44,0.67,N,0
19.66378,79.02719,309.13,0.44,0.38,2023-03-09,2010,N20,VIIRS,n,2,293.72,1.68,N,0
19.66437,79.02302,305.82,0.44,0.38,2023-03-09,2010,N20,VIIRS,n,2,293.91,1.38,N,0
19.66661,79.08301,307.23,0.44,0.38,2023-03-09,2010,N20,VIIRS,n,2,292.29,0.76,N,0
19.66758,79.17621,309.68,0.43,0.38,2023-03-09,2010,N20,VIIRS,n,2,293.9,1.62,N,0
19.66967,78.29084,308.3,0.47,0.4,2023-03-09,2010,N20,VIIRS,n,2,293.0,1.2,N,0
19.67237,78.76011,305.63,0.45,0.39,2023-03-09,2010,N20,VIIRS,n,2,293.5,1.23,N,0
19.67938,79.11906,305.67,0.44,0.38,2023-03-09,2010,N20,VIIRS,n,2,293.92,1.19,N,0
19.6829,79.11954,303.0,0.44,0.38,2023-03-09,2010,N20,VIIRS,n,2,292.65,0.27,N,0
19.68415,79.08582,318.16,0.44,0.38,2023-03-09,2010,N20,VIIRS,n,2,291.34,0.46,N,0
19.69914,78.23967,310.12,0.48,0.4,2023-03-09,2010,N20,VIIRS,n,2,293.05,1.27,N,0
19.77192,80.85094,300.47,0.39,0.36,2023-03-09,2010,N20,VIIRS,n,2,289.22,0.45,N,0
19.78728,79.14674,311.72,0.44,0.38,2023-03-09,2010,N20,VIIRS,n,2,295.18,1.8,N,2
19.81672,79.52193,304.15,0.42,0.38,2023-03-09,2010,N20,VIIRS,n,2,291.34,0.63,N,0
19.90729,78.73217,305.66,0.46,0.39,2023-03-09,2010,N20,VIIRS,n,2,292.77,1.28,N,0
19.90788,78.7279,328.33,0.46,0.39,2023-03-09,2010,N20,VIIRS,n,2,293.1,3.07,N,0
19.92389,81.21288,305.35,0.39,0.36,2023-03-09,2010,N20,VIIRS,n,2,291.27,0.53,N,0
19.92642,79.33923,311.96,0.43,0.38,2023-03-09,2010,N20,VIIRS,n,2,292.23,1.53,N,0
19.92878,79.11978,309.51,0.44,0.38,2023-03-09,2010,N20,VIIRS,n,2,291.74,1.55,N,0
19.93628,79.34497,301.38,0.43,0.38,2023-03-09,2010,N20,VIIRS,n,2,290.9,0.4,N,0
19.96241,79.33659,308.01,0.43,0.38,2023-03-09,2010,N20,VIIRS,n,2,292.03,1.29,N,2
19.963,79.33247,314.98,0.43,0.38,2023-03-09,2010,N20,VIIRS,n,2,292.37,1.29,N,2
19.97244,80.44192,302.81,0.4,0.37,2023-03-09,2010,N20,VIIRS,n,2,291.07,0.87,N,0
19.97636,80.43869,300.22,0.4,0.37,2023-03-09,2010,N20,VIIRS,n,2,287.95,0.56,N,0
19.99607,78.22295,305.7,0.48,0.4,2023-03-09,2010,N20,VIIRS,n,2,291.31,0.46,N,0
15.51511,78.84039,316.62,0.41,0.37,2023-03-09,2011,N20,VIIRS,n,2,291.56,2.62,N,0
15.51567,78.83659,331.4,0.41,0.37,2023-03-09,2011,N20,VIIRS,n,2,292.88,2.62,N,0
15.51624,78.83272,316.17,0.41,0.37,2023-03-09,2011,N20,VIIRS,n,2,290.24,1.39,N,0
15.51852,78.84099,321.44,0.41,0.37,2023-03-09,2011,N20,VIIRS,n,2,291.69,2.49,N,0
15.51965,78.8333,324.4,0.41,0.37,2023-03-09,2011,N20,VIIRS,n,2,291.09,1.85,N,0
15.52082,78.84915,311.37,0.41,0.37,2023-03-09,2011,N20,VIIRS,n,2,290.89,3.95,N,0
15.52138,78.84536,341.86,0.41,0.37,2023-03-09,2011,N20,VIIRS,n,2,294.4,3.95,N,0
15.52424,78.84967,305.81,0.41,0.37,2023-03-09,2011,N20,VIIRS,n,2,290.66,0.65,N,0
15.53219,78.84314,300.2,0.41,0.37,2023-03-09,2011,N20,VIIRS,n,2,290.18,0.77,N,0
15.53274,78.83937,310.17,0.41,0.37,2023-03-09,2011,N20,VIIRS,n,2,289.37,0.77,N,0
15.53957,78.84048,304.04,0.41,0.37,2023-03-09,2011,N20,VIIRS,n,2,289.49,0.79,N,0
15.54249,78.86806,303.4,0.41,0.37,2023-03-09,2011,N20,VIIRS,n,2,291.32,0.82,N,0
15.54306,79.23571,306.75,0.4,0.37,2023-03-09,2011,N20,VIIRS,n,2,291.74,0.74,N,0
15.5441,78.8335,300.22,0.41,0.37,2023-03-09,2011,N20,VIIRS,n,2,289.28,0.63,N,0
15.5459,78.86861,308.93,0.41,0.37,2023-03-09,2011,N20,VIIRS,n,2,290.97,0.82,N,0
15.54645,78.86488,310.57,0.41,0.37,2023-03-09,2011,N20,VIIRS,n,2,291.19,0.82,N,0
15.54701,78.8611,308.36,0.41,0.37,2023-03-09,2011,N20,VIIRS,n,2,290.3,0.67,N,0
15.54759,79.22866,312.22,0.4,0.37,2023-03-09,2011,N20,VIIRS,n,2,292.64,1.43,N,0
15.54808,78.83023,324.68,0.41,0.37,2023-03-09,2011,N20,VIIRS,n,2,291.06,2.89,N,0
15.54866,78.82629,330.97,0.41,0.37,2023-03-09,2011,N20,VIIRS,n,2,290.9,2.89,N,0
15.54982,78.84216,306.46,0.41,0.37,2023-03-09,2011,N20,VIIRS,n,2,290.33,1.1,N,0
15.55037,78.83838,316.52,0.41,0.37,2023-03-09,2011,N20,VIIRS,n,2,291.4,5.27,N,0
15.5504,79.23291,303.45,0.4,0.37,2023-03-09,2011,N20,VIIRS,n,2,292.36,1.38,N,0
15.55094,78.83457,352.34,0.41,0.37,2023-03-09,2011,N20,VIIRS,n,2,295.56,5.27,N,0
15.55099,79.22906,325.46,0.4,0.37,2023-03-09,2011,N20,VIIRS,n,2,293.58,1.38,N,0
15.55151,78.83073,336.62,0.41,0.37,2023-03-09,2011,N20,VIIRS,n,2,292.81,2.89,N,0
15.55208,78.82682,307.28,0.41,0.37,2023-03-09,2011,N20,VIIRS,n,2,290.71,2.89,N,0
15.55493,78.83124,316.01,0.41,0.37,2023-03-09,2011,N20,VIIRS,n,2,289.69,1.22,N,0
15.56522,78.73775,309.16,0.42,0.37,2023-03-09,2011,N20,VIIRS,n,2,291.83,0.71,N,0
15.57603,78.83047,306.62,0.41,0.37,2023-03-09,2011,N20,VIIRS,n,2,288.8,0.83,N,0
15.57945,78.83102,307.91,0.41,0.37,2023-03-09,2011,N20,VIIRS,n,2,287.95,0.83,N,0
15.58001,78.82722,309.61,0.41,0.37,2023-03-09,2011,N20,VIIRS,n,2,290.33,1.12,N,0
15.58058,78.75256,301.43,0.42,0.37,2023-03-09,2011,N20,VIIRS,n,2,290.8,1.05,N,0
15.58113,78.7488,331.59,0.42,0.37,2023-03-09,2011,N20,VIIRS,n,2,292.54,1.92,N,0
15.5817,78.74497,308.17,0.42,0.37,2023-03-09,2011,N20,VIIRS,n,2,291.26,1.92,N,0
15.584,78.75316,310.58,0.42,0.37,2023-03-09,2011,N20,VIIRS,n,2,291.47,1.05,N,0
15.5863,78.76132,308.93,0.42,0.37,2023-03-09,2011,N20,VIIRS,n,2,290.67,1.37,N,0
15.58686,78.75753,320.11,0.42,0.37,2023-03-09,2011,N20,VIIRS,n,2,292.11,2.5,N,0
15.58972,78.76189,318.74,0.42,0.37,2023-03-09,2011,N20,VIIRS,n,2,291.17,1.37,N,0
15.59314,78.76248,303.91,0.42,0.37,2023-03-09,2011,N20,VIIRS,n,2,290.21,0.57,N,0
15.64435,78.76971,301.67,0.42,0.37,2023-03-09,2011,N20,VIIRS,n,2,290.63,0.94,N,0
15.64492,78.76581,301.22,0.42,0.37,2023-03-09,2011,N20,VIIRS,n,2,289.51,1.12,N,0
15.65634,78.75971,323.37,0.42,0.37,2023-03-09,2011,N20,VIIRS,n,2,291.2,2.17,N,0
15.65977,78.76025,302.66,0.42,0.37,2023-03-09,2011,N20,VIIRS,n,2,290.83,0.92,N,0
15.66151,78.81991,314.38,0.42,0.37,2023-03-09,2011,N20,VIIRS,n,2,290.32,1.33,N,0
15.66262,78.76477,302.75,0.42,0.37,2023-03-09,2011,N20,VIIRS,n,2,291.36,0.75,N,0
15.66435,78.8244,314.33,0.42,0.37,2023-03-09,2011,N20,VIIRS,n,2,289.85,0.82,N,0
15.66492,78.8205,300.33,0.42,0.37,2023-03-09,2011,N20,VIIRS,n,2,289.24,0.82,N,0
15.66604,78.76533,301.79,0.42,0.37,2023-03-09,2011,N20,VIIRS,n,2,290.7,0.75,N,0
15.66888,78.7699,306.65,0.42,0.37,2023-03-09,2011,N20,VIIRS,n,2,290.76,0.75,N,0
15.6712,78.75413,308.12,0.42,0.37,2023-03-09,2011,N20,VIIRS,n,2,291.52,1.0,N,0
15.6729,78.76644,302.34,0.42,0.37,2023-03-09,2011,N20,VIIRS,n,2,291.62,0.66,N,0
15.67348,78.76246,309.37,0.42,0.37,2023-03-09,2011,N20,VIIRS,n,2,291.87,0.94,N,0
15.67406,78.75857,304.91,0.42,0.37,2023-03-09,2011,N20,VIIRS,n,2,291.57,0.94,N,0
15.67632,78.76701,303.1,0.42,0.37,2023-03-09,2011,N20,VIIRS,n,2,290.65,0.66,N,0
15.67975,78.76756,302.3,0.42,0.37,2023-03-09,2011,N20,VIIRS,n,2,291.37,1.08,N,0
15.68661,78.83952,301.88,0.41,0.37,2023-03-09,2011,N20,VIIRS,n,2,291.04,0.51,N,0
15.68662,78.76851,304.62,0.42,0.37,2023-03-09,2011,N20,VIIRS,n,2,290.91,0.91,N,0
15.70093,78.76667,306.39,0.42,0.37,2023-03-09,2011,N20,VIIRS,n,2,291.08,1.03,N,0
15.70437,78.76717,315.66,0.42,0.37,2023-03-09,2011,N20,VIIRS,n,2,291.21,1.03,N,0
15.71295,78.80381,301.56,0.42,0.37,2023-03-09,2011,N20,VIIRS,n,2,291.23,0.8,N,0
15.71581,78.80814,305.41,0.42,0.37,2023-03-09,2011,N20,VIIRS,n,2,292.64,0.76,N,0
15.71639,78.80426,306.07,0.42,0.37,2023-03-09,2011,N20,VIIRS,n,2,292.21,0.76,N,0
15.71983,78.80472,304.12,0.42,0.37,2023-03-09,2011,N20,VIIRS,n,2,292.14,0.76,N,0
15.91593,77.36265,302.14,0.48,0.4,2023-03-09,2011,N20,VIIRS,n,2,291.25,0.69,N,2
16.13992,78.70876,328.7,0.42,0.38,2023-03-09,2011,N20,VIIRS,n,2,292.58,3.33,N,0
16.47325,79.47891,300.88,0.4,0.37,2023-03-09,2011,N20,VIIRS,n,2,290.09,0.35,N,0
16.60957,79.55754,305.29,0.4,0.37,2023-03-09,2011,N20,VIIRS,n,2,291.28,0.62,N,0
16.71293,80.46711,305.36,0.39,0.36,2023-03-09,2011,N20,VIIRS,n,2,293.12,1.02,N,0
16.74877,80.69798,301.59,0.39,0.36,2023-03-09,2011,N20,VIIRS,n,2,285.27,0.88,N,0
16.81074,79.91585,305.64,0.4,0.37,2023-03-09,2011,N20,VIIRS,n,2,295.22,0.84,N,0
17.08152,78.09385,317.03,0.46,0.39,2023-03-09,2011,N20,VIIRS,n,2,289.17,1.77,N,0
17.14599,78.22369,300.29,0.45,0.39,2023-03-09,2011,N20,VIIRS,n,2,289.54,0.94,N,2
17.17771,80.80218,309.67,0.39,0.36,2023-03-09,2011,N20,VIIRS,n,2,293.27,1.26,N,0
17.22855,78.80129,310.6,0.43,0.38,2023-03-09,2011,N20,VIIRS,n,2,293.7,1.49,N,0
17.37239,80.44149,305.32,0.39,0.36,2023-03-09,2011,N20,VIIRS,n,2,293.52,0.73,N,0
17.37571,80.44206,309.67,0.39,0.36,2023-03-09,2011,N20,VIIRS,n,2,293.65,1.03,N,0
17.3851,80.44738,308.05,0.39,0.36,2023-03-09,2011,N20,VIIRS,n,2,292.87,0.99,N,0
17.42775,80.39112,305.44,0.39,0.36,2023-03-09,2011,N20,VIIRS,n,2,294.02,0.79,N,0
17.43327,80.39954,309.64,0.39,0.36,2023-03-09,2011,N20,VIIRS,n,2,293.32,1.67,N,0
17.43658,80.40009,303.84,0.39,0.36,2023-03-09,2011,N20,VIIRS,n,2,292.71,1.12,N,0
17.43715,80.39643,318.37,0.39,0.36,2023-03-09,2011,N20,VIIRS,n,2,292.86,1.12,N,0
17.44299,77.99111,301.62,0.46,0.39,2023-03-09,2011,N20,VIIRS,n,2,289.52,0.63,N,0
17.45445,80.9003,319.7,0.39,0.36,2023-03-09,2011,N20,VIIRS,n,2,292.47,1.71,N,0
17.5021,78.15614,301.18,0.46,0.39,2023-03-09,2011,N20,VIIRS,n,2,288.78,0.11,N,0
17.57444,78.56129,302.2,0.44,0.38,2023-03-09,2011,N20,VIIRS,n,2,289.39,0.55,N,0
18.0071,77.26977,331.08,0.51,0.41,2023-03-09,2011,N20,VIIRS,n,2,286.98,14.54,N,0
15.50693,78.83628,339.81,0.4,0.6,2023-03-10,720,N20,VIIRS,n,2,300.49,4.73,D,0
15.51459,78.84618,338.76,0.4,0.6,2023-03-10,720,N20,VIIRS,n,2,300.66,5.2,D,0
15.52269,78.82988,348.22,0.41,0.6,2023-03-10,720,N20,VIIRS,n,2,298.26,11.55,D,0
15.52897,78.83295,355.89,0.4,0.6,2023-03-10,720,N20,VIIRS,n,2,294.71,6.37,D,0
15.52917,78.82977,332.42,0.4,0.6,2023-03-10,720,N20,VIIRS,n,2,289.8,10.8,D,0
15.5297,78.8366,332.84,0.4,0.6,2023-03-10,720,N20,VIIRS,n,2,294.2,6.37,D,0
15.52993,78.83347,367.0,0.4,0.6,2023-03-10,720,N20,VIIRS,h,2,293.3,17.4,D,0
15.533,79.28946,334.0,0.38,0.59,2023-03-10,720,N20,VIIRS,n,2,301.61,3.25,D,0
15.53451,78.83224,350.14,0.4,0.6,2023-03-10,720,N20,VIIRS,n,2,287.18,8.58,D,0
15.53519,78.83569,331.45,0.4,0.6,2023-03-10,720,N20,VIIRS,n,2,292.12,8.58,D,0
15.53615,79.28664,334.67,0.38,0.58,2023-03-10,720,N20,VIIRS,n,2,301.78,6.99,D,0
15.53927,78.82767,355.77,0.41,0.6,2023-03-10,720,N20,VIIRS,n,2,286.96,15.33,D,0
15.54003,78.83148,356.5,0.4,0.6,2023-03-10,720,N20,VIIRS,l,2,288.15,8.58,D,0
15.54023,78.82829,354.64,0.4,0.6,2023-03-10,720,N20,VIIRS,n,2,291.93,21.0,D,0
15.54086,79.28266,341.44,0.38,0.59,2023-03-10,720,N20,VIIRS,n,2,300.77,5.34,D,0
15.54099,78.83197,356.3,0.4,0.6,2023-03-10,720,N20,VIIRS,l,2,288.21,16.45,D,0
15.5469,78.86607,331.29,0.4,0.6,2023-03-10,720,N20,VIIRS,n,2,299.29,2.26,D,0
15.5471,79.28624,331.04,0.38,0.58,2023-03-10,720,N20,VIIRS,n,2,300.03,10.41,D,0
15.54808,78.86645,332.28,0.4,0.6,2023-03-10,720,N20,VIIRS,n,2,297.29,1.83,D,0
15.55249,79.28563,367.0,0.38,0.58,2023-03-10,720,N20,VIIRS,h,2,302.37,10.41,D,0
15.55717,78.8278,338.37,0.4,0.6,2023-03-10,720,N20,VIIRS,n,2,288.34,7.38,D,0
15.57489,78.83112,340.53,0.4,0.6,2023-03-10,720,N20,VIIRS,n,2,286.04,6.08,D,0
15.5749,78.74712,345.09,0.41,0.61,2023-03-10,720,N20,VIIRS,n,2,289.93,8.64,D,0
15.71127,78.80081,350.66,0.4,0.6,2023-03-10,720,N20,VIIRS,n,2,301.95,7.18,D,0
15.81874,78.37464,367.0,0.43,0.62,2023-03-10,720,N20,VIIRS,h,2,308.21,10.04,D,0
15.99645,79.00015,335.93,0.39,0.59,2023-03-10,720,N20,VIIRS,n,2,300.94,3.43,D,0
15.99909,78.99848,367.0,0.39,0.59,2023-03-10,720,N20,VIIRS,h,2,304.13,8.03,D,0
16.00195,78.99984,339.04,0.39,0.59,2023-03-10,720,N20,VIIRS,n,2,300.16,5.01,D,0
16.03053,77.33828,339.92,0.5,0.66,2023-03-10,720,N20,VIIRS,n,2,309.78,5.16,D,0
16.03432,78.81422,355.51,0.4,0.6,2023-03-10,720,N20,VIIRS,n,2,303.99,4.86,D,0
16.05334,78.79676,350.47,0.4,0.6,2023-03-10,720,N20,VIIRS,n,2,304.23,6.44,D,0
16.0601,78.74107,332.94,0.4,0.6,2023-03-10,720,N20,VIIRS,l,2,304.24,2.55,D,0
16.06082,78.74452,334.89,0.4,0.6,2023-03-10,720,N20,VIIRS,n,2,303.16,2.55,D,0
16.06457,78.74006,337.32,0.4,0.6,2023-03-10,720,N20,VIIRS,n,2,302.9,4.62,D,0
16.06522,78.74329,344.02,0.4,0.6,2023-03-10,720,N20,VIIRS,n,2,300.86,4.62,D,0
16.06611,78.74277,332.31,0.4,0.6,2023-03-10,720,N20,VIIRS,n,2,300.14,2.74,D,0
16.08859,79.19299,340.57,0.37,0.58,2023-03-10,720,N20,VIIRS,n,2,302.13,3.24,D,0
16.08935,79.19672,330.74,0.37,0.58,2023-03-10,720,N20,VIIRS,l,2,302.03,3.81,D,0
16.08985,77.1357,332.7,0.51,0.66,2023-03-10,720,N20,VIIRS,l,2,307.67,3.62,D,0
16.09328,79.18902,336.94,0.37,0.58,2023-03-10,720,N20,VIIRS,n,2,301.73,3.52,D,0
16.13639,78.69873,333.39,0.4,0.6,2023-03-10,720,N20,VIIRS,n,2,302.92,4.2,D,0
16.13924,78.71285,336.66,0.4,0.6,2023-03-10,720,N20,VIIRS,n,2,302.96,5.62,D,0
16.14188,78.69791,351.98,0.4,0.6,2023-03-10,720,N20,VIIRS,n,2,302.57,4.2,D,0
16.14736,78.69698,367.0,0.4,0.6,2023-03-10,720,N20,VIIRS,h,2,303.63,15.17,D,0
16.14809,78.70061,367.0,0.4,0.6,2023-03-10,720,N20,VIIRS,h,2,302.55,14.35,D,0
16.27016,80.42754,345.55,0.61,0.54,2023-03-10,720,N20,VIIRS,n,2,304.67,7.83,D,0
16.32672,78.89684,330.45,0.39,0.59,2023-03-10,720,N20,VIIRS,l,2,305.22,2.41,D,0
16.37536,79.92753,330.84,0.33,0.55,2023-03-10,720,N20,VIIRS,l,2,300.97,3.87,D,0
16.39753,77.70377,335.12,0.46,0.64,2023-03-10,720,N20,VIIRS,n,2,305.59,1.93,D,0
16.41813,77.3402,335.09,0.49,0.65,2023-03-10,720,N20,VIIRS,l,2,308.15,6.85,D,0
16.4189,77.60545,338.34,0.47,0.64,2023-03-10,720,N20,VIIRS,n,2,307.46,5.2,D,0
16.46651,79.42322,337.79,0.35,0.57,2023-03-10,720,N20,VIIRS,n,2,303.03,1.73,D,0
16.49452,81.43832,347.0,0.52,0.5,2023-03-10,720,N20,VIIRS,n,2,295.32,6.51,D,0
16.49582,81.43955,332.95,0.52,0.5,2023-03-10,720,N20,VIIRS,n,2,293.73,7.33,D,0
16.5742,80.19644,332.91,0.63,0.54,2023-03-10,720,N20,VIIRS,n,2,300.31,5.16,D,0
16.57586,80.80409,336.08,0.57,0.52,2023-03-10,720,N20,VIIRS,n,2,304.59,7.69,D,0
16.57951,80.80508,333.39,0.57,0.52,2023-03-10,720,N20,VIIRS,n,2,303.25,4.28,D,0
16.7997,79.97698,333.84,0.32,0.55,2023-03-10,720,N20,VIIRS,n,2,297.73,2.32,D,0
17.06211,81.42872,333.02,0.51,0.49,2023-03-10,720,N20,VIIRS,n,2,300.66,1.84,D,0
16.48623,77.58267,337.01,0.47,0.64,2023-03-10,721,N20,VIIRS,n,2,306.89,3.05,D,0
16.70404,78.31342,345.58,0.42,0.61,2023-03-10,721,N20,VIIRS,n,2,304.28,4.47,D,0
16.80361,78.46244,340.26,0.4,0.6,2023-03-10,721,N20,VIIRS,n,2,306.6,3.92,D,0
17.00489,78.69471,331.29,0.39,0.59,2023-03-10,721,N20,VIIRS,l,2,303.83,2.31,D,0
17.13647,77.12556,344.28,0.49,0.65,2023-03-10,721,N20,VIIRS,n,2,309.02,4.34,D,0
17.18171,78.43992,338.68,0.4,0.6,2023-03-10,721,N20,VIIRS,n,2,304.0,4.12,D,0
17.18245,78.44355,351.59,0.4,0.6,2023-03-10,721,N20,VIIRS,n,2,303.58,4.12,D,0
17.19155,79.43874,339.82,0.34,0.56,2023-03-10,721,N20,VIIRS,n,2,305.98,3.86,D,0
17.19928,78.10709,333.53,0.42,0.61,2023-03-10,721,N20,VIIRS,l,2,307.07,1.86,D,0
17.23985,79.2669,345.2,0.35,0.57,2023-03-10,721,N20,VIIRS,n,2,303.66,2.65,D,0
17.28297,77.49693,342.15,0.46,0.63,2023-03-10,721,N20,VIIRS,n,2,308.9,5.01,D,0
17.2907,78.65915,338.29,0.38,0.59,2023-03-10,721,N20,VIIRS,n,2,305.1,3.44,D,0
17.29141,78.66257,332.05,0.38,0.59,2023-03-10,721,N20,VIIRS,l,2,303.94,3.31,D,0
17.32163,81.10063,343.64,0.53,0.5,2023-03-10,721,N20,VIIRS,n,2,297.7,7.92,D,0
17.36061,80.38704,333.01,0.59,0.53,2023-03-10,721,N20,VIIRS,n,2,300.85,3.96,D,0
17.4544,78.62946,367.0,0.38,0.59,2023-03-10,721,N20,VIIRS,h,2,307.63,10.94,D,0
17.45773,78.62905,367.0,0.38,0.59,2023-03-10,721,N20,VIIRS,h,2,308.34,11.82,D,0
17.4852,79.27248,331.48,0.35,0.56,2023-03-10,721,N20,VIIRS,l,2,304.22,3.53,D,0
17.48923,80.66638,341.03,0.56,0.52,2023-03-10,721,N20,VIIRS,n,2,299.33,6.45,D,0
17.54085,78.87027,335.43,0.37,0.58,2023-03-10,721,N20,VIIRS,l,2,307.66,4.24,D,0
17.55243,80.18069,331.4,0.6,0.53,2023-03-10,721,N20,VIIRS,l,2,303.5,4.43,D,0
17.55374,80.18182,330.94,0.6,0.53,2023-03-10,721,N20,VIIRS,l,2,303.42,5.09,D,0
17.56661,78.22382,332.76,0.41,0.6,2023-03-10,721,N20,VIIRS,n,2,305.11,2.32,D,0
17.59298,77.02723,334.65,0.48,0.65,2023-03-10,721,N20,VIIRS,l,2,306.59,2.83,D,0
17.60371,81.14005,337.07,0.52,0.5,2023-03-10,721,N20,VIIRS,n,2,302.76,6.56,D,0
17.63441,80.26698,330.75,0.59,0.53,2023-03-10,721,N20,VIIRS,l,2,303.18,5.52,D,0
17.63505,77.75947,345.95,0.43,0.62,2023-03-10,721,N20,VIIRS,n,2,309.37,2.24,D,0
17.63656,80.42928,332.61,0.58,0.52,2023-03-10,721,N20,VIIRS,n,2,302.37,2.99,D,0
17.64063,77.75818,331.63,0.43,0.62,2023-03-10,721,N20,VIIRS,l,2,306.07,2.24,D,0
17.70468,80.8021,341.0,0.54,0.51,2023-03-10,721,N20,VIIRS,n,2,301.35,11.99,D,0
17.71621,80.58748,330.45,0.56,0.52,2023-03-10,721,N20,VIIRS,l,2,301.77,2.99,D,0
17.72482,80.27438,332.44,0.59,0.53,2023-03-10,721,N20,VIIRS,n,2,300.41,4.73,D,0
17.73102,79.26793,345.36,0.34,0.56,2023-03-10,721,N20,VIIRS,n,2,304.36,2.73,D,0
17.75237,80.75093,338.54,0.55,0.51,2023-03-10,721,N20,VIIRS,n,2,300.25,2.91,D,0
17.79093,78.52737,331.6,0.38,0.59,2023-03-10,721,N20,VIIRS,n,2,303.83,2.29,D,0
17.80133,78.44324,346.76,0.39,0.59,2023-03-10,721,N20,VIIRS,n,2,306.62,6.07,D,0
17.83407,80.07164,331.98,0.6,0.53,2023-03-10,721,N20,VIIRS,l,2,305.35,5.32,D,0
17.84173,78.19501,338.37,0.4,0.6,2023-03-10,721,N20,VIIRS,n,2,305.02,3.04,D,0
17.84315,77.37957,343.58,0.45,0.63,2023-03-10,721,N20,VIIRS,n,2,305.56,3.73,D,0
17.84443,77.37891,342.16,0.45,0.63,2023-03-10,721,N20,VIIRS,n,2,304.69,3.4,D,0
17.84913,80.71305,331.08,0.55,0.51,2023-03-10,721,N20,VIIRS,n,2,299.07,3.71,D,0
17.86601,80.03829,341.1,0.61,0.53,2023-03-10,721,N20,VIIRS,n,2,302.32,6.99,D,0
17.87162,80.14111,342.46,0.6,0.53,2023-03-10,721,N20,VIIRS,n,2,304.23,5.45,D,0
17.8732,80.14429,341.34,0.6,0.53,2023-03-10,721,N20,VIIRS,n,2,303.0,5.04,D,0
17.87561,80.03602,335.81,0.61,0.53,2023-03-10,721,N20,VIIRS,n,2,301.9,4.17,D,0
17.87642,80.14014,333.72,0.6,0.53,2023-03-10,721,N20,VIIRS,n,2,303.42,2.72,D,0
17.87654,80.21307,335.41,0.59,0.53,2023-03-10,721,N20,VIIRS,l,2,305.49,4.93,D,0
17.87654,80.21516,333.31,0.59,0.53,2023-03-10,721,N20,VIIRS,l,2,304.36,3.59,D,0
17.90818,80.39727,336.56,0.57,0.52,2023-03-10,721,N20,VIIRS,n,2,304.04,6.92,D,0
17.91161,80.39473,336.18,0.57,0.52,2023-03-10,721,N20,VIIRS,n,2,302.49,5.61,D,0
17.96268,78.44012,336.57,0.38,0.59,2023-03-10,721,N20,VIIRS,n,2,305.74,2.84,D,0
17.96538,78.43996,336.06,0.39,0.59,2023-03-10,721,N20,VIIRS,n,2,305.48,2.67,D,0
17.96822,80.81503,340.7,0.54,0.51,2023-03-10,721,N20,VIIRS,n,2,304.25,4.59,D,0
17.98168,80.27083,348.57,0.58,0.52,2023-03-10,721,N20,VIIRS,n,2,304.05,6.77,D,0
17.98642,80.26982,337.8,0.58,0.52,2023-03-10,721,N20,VIIRS,n,2,303.27,6.77,D,0
17.99477,80.21029,331.94,0.59,0.53,2023-03-10,721,N20,VIIRS,l,2,305.36,6.28,D,0
18.06291,80.17866,341.31,0.59,0.53,2023-03-10,721,N20,VIIRS,n,2,301.84,10.94,D,0
18.12145,80.25107,330.02,0.58,0.52,2023-03-10,721,N20,VIIRS,l,2,301.55,2.78,D,0
18.12197,77.62748,332.84,0.43,0.62,2023-03-10,721,N20,VIIRS,l,2,307.43,1.01,D,0
18.12676,80.2759,331.96,0.58,0.52,2023-03-10,721,N20,VIIRS,n,2,300.68,3.43,D,0
18.13674,80.48297,330.03,0.56,0.52,2023-03-10,721,N20,VIIRS,l,2,300.71,1.71,D,0
18.14934,77.64593,334.08,0.43,0.62,2023-03-10,721,N20,VIIRS,l,2,305.95,1.57,D,0
18.19226,80.40881,334.78,0.57,0.52,2023-03-10,721,N20,VIIRS,n,2,302.15,6.11,D,0
18.19233,77.42275,339.9,0.44,0.63,2023-03-10,721,N20,VIIRS,n,2,305.46,2.58,D,0
18.19582,77.42117,332.36,0.44,0.63,2023-03-10,721,N20,VIIRS,l,2,305.33,2.01,D,0
18.22001,80.79308,331.56,0.53,0.5,2023-03-10,721,N20,VIIRS,n,2,299.67,1.82,D,0
18.24503,80.77696,331.56,0.53,0.5,2023-03-10,721,N20,VIIRS,n,2,298.45,5.13,D,0
18.25282,80.69459,331.81,0.54,0.51,2023-03-10,721,N20,VIIRS,n,2,301.46,4.0,D,0
18.25443,80.75195,345.36,0.54,0.51,2023-03-10,721,N20,VIIRS,n,2,302.77,11.1,D,0
18.25481,77.57614,367.0,0.43,0.62,2023-03-10,721,N20,VIIRS,h,2,305.97,9.97,D,0
18.25755,80.76802,338.08,0.53,0.5,2023-03-10,721,N20,VIIRS,n,2,298.6,6.42,D,0
18.27132,80.33022,355.35,0.57,0.52,2023-03-10,721,N20,VIIRS,n,2,302.77,13.04,D,0
18.29384,79.17377,344.33,0.34,0.56,2023-03-10,721,N20,VIIRS,n,2,301.73,2.27,D,0
18.29577,80.33014,338.37,0.57,0.52,2023-03-10,721,N20,VIIRS,n,2,302.57,7.88,D,0
18.29735,80.08776,335.71,0.59,0.53,2023-03-10,721,N20,VIIRS,n,2,300.87,6.12,D,0
18.34902,77.53419,331.82,0.43,0.62,2023-03-10,721,N20,VIIRS,l,2,305.33,1.58,D,0
18.37873,80.04669,341.01,0.59,0.53,2023-03-10,721,N20,VIIRS,n,2,301.88,13.02,D,0
18.38211,80.21532,337.06,0.58,0.52,2023-03-10,721,N20,VIIRS,n,2,301.52,7.43,D,0
18.38383,78.49337,330.48,0.37,0.58,2023-03-10,721,N20,VIIRS,l,2,301.99,3.61,D,0
18.38453,78.49681,338.81,0.37,0.58,2023-03-10,721,N20,VIIRS,n,2,302.51,3.61,D,0
18.42223,77.11948,334.76,0.46,0.64,2023-03-10,721,N20,VIIRS,n,2,302.83,1.66,D,0
18.42306,78.71147,351.37,0.36,0.58,2023-03-10,721,N20,VIIRS,n,2,304.35,6.39,D,0
18.42998,80.43483,333.01,0.56,0.51,2023-03-10,721,N20,VIIRS,n,2,302.87,4.16,D,0
18.45243,80.11843,335.78,0.58,0.52,2023-03-10,721,N20,VIIRS,n,2,304.09,2.97,D,0
18.49093,78.61833,343.47,0.37,0.58,2023-03-10,721,N20,VIIRS,n,2,303.48,4.39,D,0
18.50565,79.03899,334.27,0.34,0.56,2023-03-10,721,N20,VIIRS,l,2,308.97,4.47,D,0
18.53575,80.26736,335.49,0.57,0.52,2023-03-10,721,N20,VIIRS,n,2,301.78,5.65,D,0
18.57973,78.70341,337.45,0.36,0.57,2023-03-10,721,N20,VIIRS,n,2,301.88,3.54,D,0
18.58941,80.69347,332.49,0.53,0.5,2023-03-10,721,N20,VIIRS,l,2,304.87,4.76,D,0
18.59635,80.63088,330.63,0.54,0.51,2023-03-10,721,N20,VIIRS,l,2,301.58,2.77,D,0
18.63131,78.02966,332.49,0.4,0.6,2023-03-10,721,N20,VIIRS,n,2,301.48,2.56,D,0
18.63236,78.02645,334.35,0.4,0.6,2023-03-10,721,N20,VIIRS,n,2,303.26,3.42,D,0
18.6374,80.42969,343.88,0.55,0.51,2023-03-10,721,N20,VIIRS,n,2,305.23,26.33,D,0
18.6457,77.42268,333.28,0.43,0.62,2023-03-10,721,N20,VIIRS,l,2,305.35,1.3,D,0
18.65085,77.65605,339.4,0.42,0.61,2023-03-10,721,N20,VIIRS,n,2,305.86,1.42,D,0
18.68273,78.5184,367.0,0.37,0.58,2023-03-10,721,N20,VIIRS,h,2,305.04,6.97,D,0
18.68788,78.51685,345.7,0.37,0.58,2023-03-10,721,N20,VIIRS,n,2,301.85,5.53,D,0
18.6888,78.86738,341.18,0.35,0.57,2023-03-10,721,N20,VIIRS,n,2,302.07,3.48,D,0
18.69884,78.5434,331.39,0.37,0.58,2023-03-10,721,N20,VIIRS,l,2,302.26,2.6,D,0
18.78377,79.41637,354.17,0.32,0.55,2023-03-10,721,N20,VIIRS,n,2,305.05,5.82,D,0
18.86635,81.45415,331.31,0.47,0.48,2023-03-10,721,N20,VIIRS,n,2,302.05,2.38,D,0
18.90885,78.95647,334.84,0.34,0.56,2023-03-10,721,N20,VIIRS,n,2,302.49,3.57,D,0
18.94045,80.71999,339.22,0.52,0.5,2023-03-10,721,N20,VIIRS,n,2,303.46,4.73,D,0
18.94341,79.30593,337.24,0.32,0.55,2023-03-10,721,N20,VIIRS,n,2,301.92,1.83,D,0
18.98009,80.07872,336.48,0.57,0.52,2023-03-10,721,N20,VIIRS,n,2,303.26,6.99,D,0
18.99347,79.24614,331.35,0.32,0.55,2023-03-10,721,N20,VIIRS,l,2,303.02,2.54,D,0
18.99434,80.12559,341.1,0.57,0.52,2023-03-10,721,N20,VIIRS,n,2,303.13,7.47,D,0
19.00015,80.13021,337.28,0.57,0.52,2023-03-10,721,N20,VIIRS,n,2,302.0,10.11,D,0
19.00611,78.795,332.63,0.35,0.57,2023-03-10,721,N20,VIIRS,n,2,304.43,3.77,D,0
19.00676,78.79819,367.0,0.35,0.57,2023-03-10,721,N20,VIIRS,h,2,305.39,3.82,D,0
19.00741,78.80141,334.27,0.35,0.57,2023-03-10,721,N20,VIIRS,n,2,303.28,3.82,D,0
19.00832,78.79413,332.57,0.35,0.57,2023-03-10,721,N20,VIIRS,n,2,305.02,2.84,D,0
19.00899,78.79733,336.77,0.35,0.57,2023-03-10,721,N20,VIIRS,n,2,305.08,3.68,D,0
19.00966,78.80052,346.59,0.35,0.56,2023-03-10,721,N20,VIIRS,n,2,304.15,3.68,D,0
19.01251,78.80027,338.03,0.35,0.57,2023-03-10,721,N20,VIIRS,n,2,304.01,3.82,D,0
19.01316,80.12183,336.45,0.57,0.52,2023-03-10,721,N20,VIIRS,n,2,303.89,9.03,D,0
19.02016,80.18186,332.34,0.56,0.52,2023-03-10,721,N20,VIIRS,n,2,300.83,4.95,D,0
19.02802,78.60556,335.5,0.36,0.57,2023-03-10,721,N20,VIIRS,n,2,303.79,4.57,D,0
19.0287,78.60883,342.89,0.36,0.57,2023-03-10,721,N20,VIIRS,n,2,303.14,4.19,D,0
19.03851,80.83205,332.4,0.51,0.5,2023-03-10,721,N20,VIIRS,n,2,302.27,2.36,D,0
19.09256,79.30068,336.35,0.32,0.55,2023-03-10,721,N20,VIIRS,n,2,303.52,2.25,D,0
19.10957,78.60382,355.14,0.36,0.57,2023-03-10,721,N20,VIIRS,n,2,303.65,5.18,D,0
19.12177,78.90556,355.62,0.34,0.56,2023-03-10,721,N20,VIIRS,n,2,308.57,7.75,D,0
19.1224,78.90866,350.56,0.34,0.56,2023-03-10,721,N20,VIIRS,n,2,303.5,7.75,D,0
19.12275,78.80592,335.98,0.35,0.56,2023-03-10,721,N20,VIIRS,n,2,301.14,2.88,D,0
19.1235,78.79802,333.98,0.35,0.56,2023-03-10,721,N20,VIIRS,n,2,302.65,4.69,D,0
19.12417,78.80119,343.01,0.35,0.56,2023-03-10,721,N20,VIIRS,n,2,303.5,4.69,D,0
19.12482,78.80431,367.0,0.35,0.56,2023-03-10,721,N20,VIIRS,h,2,303.54,7.31,D,0
19.12657,78.79852,335.56,0.35,0.56,2023-03-10,721,N20,VIIRS,n,2,301.61,3.05,D,0
19.1272,78.80163,340.07,0.35,0.56,2023-03-10,721,N20,VIIRS,n,2,302.65,3.05,D,0
19.12782,78.80471,337.28,0.35,0.56,2023-03-10,721,N20,VIIRS,n,2,301.28,2.97,D,0
19.1281,80.07636,338.55,0.57,0.52,2023-03-10,721,N20,VIIRS,n,2,302.61,6.32,D,0
19.13072,79.33099,330.82,0.32,0.54,2023-03-10,721,N20,VIIRS,l,2,304.07,2.03,D,0
19.1356,78.62521,348.46,0.35,0.57,2023-03-10,721,N20,VIIRS,n,2,300.5,2.72,D,0
19.13766,79.33968,331.54,0.32,0.54,2023-03-10,721,N20,VIIRS,l,2,301.89,1.62,D,0
19.1509,78.80166,334.15,0.34,0.56,2023-03-10,721,N20,VIIRS,n,2,300.73,7.81,D,0
19.15367,78.55606,333.4,0.36,0.57,2023-03-10,721,N20,VIIRS,n,2,301.7,3.19,D,0
19.15535,78.79742,367.0,0.35,0.56,2023-03-10,721,N20,VIIRS,h,2,303.8,7.81,D,0
19.15914,78.79005,336.2,0.35,0.56,2023-03-10,721,N20,VIIRS,n,2,300.0,5.39,D,0
19.15981,78.79327,367.0,0.35,0.56,2023-03-10,721,N20,VIIRS,h,2,301.14,5.39,D,0
19.16239,78.78002,335.54,0.35,0.56,2023-03-10,721,N20,VIIRS,n,2,300.66,2.35,D,0
19.16505,78.42579,333.31,0.36,0.58,2023-03-10,721,N20,VIIRS,n,2,302.67,3.05,D,0
19.16529,78.42757,346.47,0.37,0.58,2023-03-10,721,N20,VIIRS,n,2,303.79,3.67,D,0
19.1658,78.42934,332.8,0.36,0.58,2023-03-10,721,N20,VIIRS,n,2,303.49,2.66,D,0
19.16901,79.16418,331.2,0.33,0.55,2023-03-10,721,N20,VIIRS,n,2,299.26,1.57,D,0
19.18778,78.61713,339.35,0.35,0.57,2023-03-10,721,N20,VIIRS,n,2,301.91,5.68,D,0
19.18955,78.61821,354.95,0.35,0.57,2023-03-10,721,N20,VIIRS,n,2,302.48,6.04,D,0
19.19192,78.60396,341.43,0.35,0.57,2023-03-10,721,N20,VIIRS,n,2,301.87,3.03,D,0
19.19358,78.61922,338.74,0.35,0.57,2023-03-10,721,N20,VIIRS,n,2,301.13,4.84,D,0
19.195,78.49028,355.01,0.36,0.57,2023-03-10,721,N20,VIIRS,n,2,304.86,6.63,D,0
19.19546,79.01623,348.13,0.33,0.56,2023-03-10,721,N20,VIIRS,n,2,305.49,3.62,D,0
19.19566,78.49343,350.92,0.36,0.57,2023-03-10,721,N20,VIIRS,n,2,304.13,6.5,D,0
19.19609,78.60509,347.17,0.35,0.57,2023-03-10,721,N20,VIIRS,n,2,302.08,3.26,D,0
19.19614,79.01951,335.03,0.33,0.56,2023-03-10,721,N20,VIIRS,n,2,303.47,3.62,D,0
19.19709,78.60294,333.01,0.35,0.57,2023-03-10,721,N20,VIIRS,n,2,301.51,2.1,D,0
19.21387,78.92686,330.93,0.34,0.56,2023-03-10,721,N20,VIIRS,l,2,304.1,3.15,D,0
19.22965,78.78284,335.06,0.34,0.56,2023-03-10,721,N20,VIIRS,n,2,302.25,0.84,D,0
19.23253,78.78457,337.73,0.34,0.56,2023-03-10,721,N20,VIIRS,n,2,301.73,3.59,D,0
19.23311,78.79929,330.55,0.34,0.56,2023-03-10,721,N20,VIIRS,n,2,300.85,2.12,D,0
19.23452,79.10431,335.26,0.33,0.55,2023-03-10,721,N20,VIIRS,n,2,303.64,1.57,D,0
19.23578,78.80061,345.33,0.34,0.56,2023-03-10,721,N20,VIIRS,n,2,302.49,4.04,D,0
19.2364,78.80369,340.64,0.34,0.56,2023-03-10,721,N20,VIIRS,n,2,294.56,4.04,D,0
19.23648,78.96021,332.65,0.34,0.56,2023-03-10,721,N20,VIIRS,n,2,301.4,2.87,D,0
19.23879,78.80102,367.0,0.34,0.56,2023-03-10,721,N20,VIIRS,h,2,304.17,5.49,D,0
19.24083,78.79929,367.0,0.34,0.56,2023-03-10,721,N20,VIIRS,h,2,303.85,4.04,D,0
19.24145,78.80239,339.94,0.34,0.56,2023-03-10,721,N20,VIIRS,n,2,299.78,4.04,D,0
19.24319,78.79664,347.94,0.34,0.56,2023-03-10,721,N20,VIIRS,n,2,304.64,5.49,D,0
19.24368,79.07261,338.9,0.33,0.55,2023-03-10,721,N20,VIIRS,n,2,303.4,2.18,D,0
19.24384,78.79971,332.76,0.34,0.56,2023-03-10,721,N20,VIIRS,n,2,300.57,5.49,D,0
19.24651,78.65912,330.72,0.35,0.57,2023-03-10,721,N20,VIIRS,l,2,302.12,2.94,D,0
19.25464,78.69817,333.56,0.35,0.57,2023-03-10,721,N20,VIIRS,n,2,303.27,2.88,D,0
19.26389,79.88493,331.46,0.58,0.52,2023-03-10,721,N20,VIIRS,l,2,303.55,6.08,D,0
19.26425,79.12244,355.38,0.33,0.55,2023-03-10,721,N20,VIIRS,n,2,304.12,5.8,D,0
19.26481,79.12523,367.0,0.33,0.55,2023-03-10,721,N20,VIIRS,h,2,305.07,5.8,D,0
19.26503,79.89058,335.97,0.58,0.52,2023-03-10,721,N20,VIIRS,n,2,302.84,5.41,D,0
19.26978,79.88962,341.65,0.58,0.52,2023-03-10,721,N20,VIIRS,n,2,303.92,5.41,D,0
19.27585,78.56693,338.13,0.36,0.57,2023-03-10,721,N20,VIIRS,n,2,304.16,1.87,D,0
19.28439,78.42324,336.05,0.36,0.58,2023-03-10,721,N20,VIIRS,n,2,305.27,1.7,D,0
19.28446,78.66113,335.17,0.35,0.57,2023-03-10,721,N20,VIIRS,n,2,303.03,4.88,D,0
19.28493,80.12171,331.3,0.56,0.52,2023-03-10,721,N20,VIIRS,l,2,305.88,3.32,D,0
19.28514,78.66447,356.04,0.35,0.57,2023-03-10,721,N20,VIIRS,n,2,303.91,5.37,D,0
19.28584,78.66784,332.22,0.35,0.57,2023-03-10,721,N20,VIIRS,n,2,301.95,5.37,D,0
19.29917,78.65453,346.16,0.35,0.57,2023-03-10,721,N20,VIIRS,n,2,303.96,6.4,D,0
19.30181,79.17999,352.73,0.32,0.55,2023-03-10,721,N20,VIIRS,n,2,306.86,5.9,D,0
19.30242,79.18301,338.77,0.32,0.55,2023-03-10,721,N20,VIIRS,n,2,303.17,6.19,D,0
19.308,78.72385,354.39,0.35,0.56,2023-03-10,721,N20,VIIRS,n,2,304.28,6.01,D,0
19.30854,79.18771,332.8,0.32,0.55,2023-03-10,721,N20,VIIRS,n,2,304.5,1.29,D,0
19.31482,77.07298,330.28,0.44,0.63,2023-03-10,721,N20,VIIRS,l,2,304.2,2.65,D,0
19.31811,78.71049,332.52,0.35,0.56,2023-03-10,721,N20,VIIRS,l,2,304.94,1.61,D,0
19.31852,77.64335,333.91,0.41,0.6,2023-03-10,721,N20,VIIRS,n,2,303.75,2.67,D,0
19.31864,77.0747,331.35,0.44,0.63,2023-03-10,721,N20,VIIRS,l,2,303.82,2.36,D,0
19.31874,77.64328,334.24,0.41,0.6,2023-03-10,721,N20,VIIRS,n,2,304.02,1.6,D,0
19.32137,78.71095,332.78,0.35,0.57,2023-03-10,721,N20,VIIRS,l,2,304.97,1.6,D,0
19.32886,79.18302,332.22,0.32,0.55,2023-03-10,721,N20,VIIRS,l,2,305.73,2.33,D,0
19.33508,77.74937,337.26,0.4,0.6,2023-03-10,721,N20,VIIRS,n,2,304.83,2.83,D,0
19.33602,77.74902,333.84,0.4,0.6,2023-03-10,721,N20,VIIRS,l,2,305.11,2.36,D,0
19.33728,79.98113,346.07,0.57,0.52,2023-03-10,721,N20,VIIRS,n,2,309.95,7.91,D,0
19.3763,78.07973,339.4,0.38,0.59,2023-03-10,721,N20,VIIRS,n,2,301.5,3.5,D,0
19.37709,78.08351,339.52,0.38,0.59,2023-03-10,721,N20,VIIRS,n,2,301.64,4.2,D,0
19.39563,78.72419,336.83,0.35,0.56,2023-03-10,721,N20,VIIRS,n,2,309.91,1.83,D,0
19.40005,79.15143,342.97,0.32,0.55,2023-03-10,721,N20,VIIRS,n,2,304.88,3.0,D,0
19.40444,79.14753,334.98,0.32,0.55,2023-03-10,721,N20,VIIRS,l,2,306.21,1.85,D,0
19.42984,79.50167,332.71,0.61,0.54,2023-03-10,721,N20,VIIRS,n,2,301.32,4.23,D,0
19.43092,79.507,336.66,0.61,0.54,2023-03-10,721,N20,VIIRS,n,2,301.74,4.23,D,0
19.45464,78.63643,335.67,0.35,0.57,2023-03-10,721,N20,VIIRS,l,2,308.13,1.85,D,0
19.4588,77.90108,345.51,0.39,0.59,2023-03-10,721,N20,VIIRS,n,2,306.18,2.3,D,0
19.47438,78.23794,345.28,0.37,0.58,2023-03-10,721,N20,VIIRS,n,2,303.51,4.49,D,0
19.51863,78.42178,331.6,0.36,0.57,2023-03-10,721,N20,VIIRS,l,2,302.94,1.46,D,0
19.51956,79.45654,344.6,0.62,0.54,2023-03-10,721,N20,VIIRS,n,2,303.62,8.15,D,0
19.54106,78.45127,342.78,0.36,0.57,2023-03-10,721,N20,VIIRS,n,2,302.21,2.04,D,0
19.58636,78.71992,330.43,0.34,0.56,2023-03-10,721,N20,VIIRS,l,2,303.81,2.25,D,0
19.60061,77.40759,331.04,0.42,0.61,2023-03-10,721,N20,VIIRS,l,2,304.1,3.03,D,0
19.60165,77.41022,339.21,0.42,0.61,2023-03-10,721,N20,VIIRS,n,2,305.02,2.4,D,0
19.63462,80.05173,334.51,0.56,0.51,2023-03-10,721,N20,VIIRS,n,2,303.99,3.37,D,0
19.63728,79.0411,330.41,0.33,0.55,2023-03-10,721,N20,VIIRS,l,2,301.8,1.04,D,0
19.65585,79.0304,345.27,0.33,0.55,2023-03-10,721,N20,VIIRS,n,2,302.38,4.77,D,0
19.65999,77.44219,337.02,0.41,0.61,2023-03-10,721,N20,VIIRS,n,2,304.92,2.49,D,0
19.68527,77.5599,352.92,0.41,0.6,2023-03-10,721,N20,VIIRS,n,2,304.3,5.69,D,0
19.71284,78.28177,331.59,0.36,0.58,2023-03-10,721,N20,VIIRS,l,2,302.56,2.03,D,0
19.723,77.06719,334.16,0.44,0.62,2023-03-10,721,N20,VIIRS,n,2,305.7,1.57,D,0
19.80657,79.52765,335.0,0.6,0.53,2023-03-10,721,N20,VIIRS,n,2,302.58,5.21,D,0
19.8075,80.8577,339.32,0.49,0.49,2023-03-10,721,N20,VIIRS,n,2,302.2,7.37,D,0
19.81311,77.75361,330.53,0.39,0.59,2023-03-10,721,N20,VIIRS,l,2,305.45,3.94,D,0
19.81616,79.52554,332.43,0.6,0.53,2023-03-10,721,N20,VIIRS,l,2,303.23,3.65,D,0
19.82553,77.60029,367.0,0.4,0.6,2023-03-10,721,N20,VIIRS,h,2,305.39,10.96,D,0
19.85046,79.11989,336.45,0.32,0.54,2023-03-10,721,N20,VIIRS,l,2,306.89,1.78,D,0
19.85137,79.11964,346.33,0.32,0.54,2023-03-10,721,N20,VIIRS,n,2,306.9,4.21,D,0
19.86969,77.70201,334.09,0.39,0.6,2023-03-10,721,N20,VIIRS,l,2,306.74,3.32,D,0
19.87187,77.70211,330.92,0.39,0.6,2023-03-10,721,N20,VIIRS,l,2,305.15,3.69,D,0
19.89334,77.59238,330.13,0.4,0.6,2023-03-10,721,N20,VIIRS,l,2,300.65,2.01,D,0
19.9064,77.09711,335.08,0.43,0.62,2023-03-10,721,N20,VIIRS,l,2,307.51,1.82,D,0
19.95888,80.53781,330.51,0.51,0.5,2023-03-10,721,N20,VIIRS,n,2,304.07,2.23,D,0
17.48245,77.17367,332.62,0.76,0.77,2023-03-10,901,N20,VIIRS,l,2,303.77,4.71,D,0
17.58773,77.09803,345.79,0.75,0.77,2023-03-10,901,N20,VIIRS,n,2,306.46,6.75,D,0
18.22618,80.78268,305.1,0.4,0.44,2023-03-10,1951,N20,VIIRS,n,2,292.86,0.83,N,0
18.22631,80.77821,305.59,0.4,0.45,2023-03-10,1951,N20,VIIRS,n,2,292.56,1.01,N,0
18.2267,80.77868,306.21,0.4,0.45,2023-03-10,1951,N20,VIIRS,n,2,292.86,1.09,N,0
18.22985,80.78324,307.54,0.4,0.45,2023-03-10,1951,N20,VIIRS,n,2,293.28,1.5,N,0
18.23021,80.78367,305.4,0.4,0.44,2023-03-10,1951,N20,VIIRS,n,2,293.31,0.83,N,0
18.24813,80.77023,305.97,0.4,0.45,2023-03-10,1951,N20,VIIRS,n,2,293.43,1.44,N,0
18.25624,80.77197,312.78,0.4,0.45,2023-03-10,1951,N20,VIIRS,n,2,292.89,1.24,N,0
18.25681,80.76748,306.74,0.41,0.45,2023-03-10,1951,N20,VIIRS,n,2,292.76,1.14,N,0
18.27575,80.78232,304.67,0.4,0.45,2023-03-10,1951,N20,VIIRS,n,2,292.72,1.09,N,0
18.28224,80.32026,313.91,0.43,0.46,2023-03-10,1951,N20,VIIRS,n,2,293.48,1.6,N,0
18.28226,80.32355,304.2,0.43,0.46,2023-03-10,1951,N20,VIIRS,n,2,293.29,0.76,N,0
18.28276,80.31944,306.19,0.43,0.46,2023-03-10,1951,N20,VIIRS,n,2,293.07,0.64,N,0
18.28481,80.77665,306.62,0.4,0.45,2023-03-10,1951,N20,VIIRS,n,2,292.3,1.43,N,0
18.29321,80.06482,306.84,0.45,0.47,2023-03-10,1951,N20,VIIRS,n,2,293.67,1.69,N,0
18.29378,80.06035,307.3,0.45,0.47,2023-03-10,1951,N20,VIIRS,n,2,293.44,1.75,N,0
18.30181,80.0658,306.8,0.45,0.47,2023-03-10,1951,N20,VIIRS,n,2,294.03,1.03,N,0
18.32549,80.01698,303.92,0.45,0.47,2023-03-10,1951,N20,VIIRS,n,2,293.63,0.91,N,0
18.33451,80.10752,304.89,0.45,0.47,2023-03-10,1951,N20,VIIRS,n,2,293.46,0.78,N,0
18.33569,80.60909,303.46,0.42,0.45,2023-03-10,1951,N20,VIIRS,n,2,292.44,0.8,N,0
18.33881,80.10789,303.62,0.45,0.47,2023-03-10,1951,N20,VIIRS,n,2,293.56,0.78,N,0
18.36563,80.75743,302.36,0.41,0.45,2023-03-10,1951,N20,VIIRS,n,2,291.17,0.51,N,0
18.36928,80.7615,305.65,0.41,0.45,2023-03-10,1951,N20,VIIRS,n,2,291.53,0.62,N,0
18.38577,80.04544,307.22,0.45,0.47,2023-03-10,1951,N20,VIIRS,n,2,293.38,1.39,N,0
18.43058,81.12691,306.07,0.39,0.44,2023-03-10,1951,N20,VIIRS,n,2,291.81,1.47,N,0
18.43214,80.4297,318.78,0.43,0.46,2023-03-10,1951,N20,VIIRS,n,2,293.25,3.06,N,0
18.48874,80.76773,303.61,0.41,0.45,2023-03-10,1951,N20,VIIRS,n,2,292.02,0.84,N,0
18.55893,80.74258,303.06,0.41,0.45,2023-03-10,1951,N20,VIIRS,n,2,291.94,1.24,N,0
18.56145,80.74487,306.82,0.41,0.45,2023-03-10,1951,N20,VIIRS,n,2,292.69,1.84,N,0
18.56655,80.73753,314.49,0.41,0.45,2023-03-10,1951,N20,VIIRS,n,2,293.2,1.33,N,0
18.56704,80.73354,306.3,0.41,0.45,2023-03-10,1951,N20,VIIRS,n,2,292.89,1.33,N,0
18.56754,80.72954,307.11,0.41,0.45,2023-03-10,1951,N20,VIIRS,n,2,292.8,0.74,N,0
18.57066,80.73815,304.97,0.41,0.45,2023-03-10,1951,N20,VIIRS,n,2,292.41,0.63,N,0
18.63861,80.59958,305.54,0.42,0.45,2023-03-10,1951,N20,VIIRS,n,2,293.28,1.3,N,0
18.66343,80.33441,305.67,0.44,0.46,2023-03-10,1951,N20,VIIRS,n,2,292.87,0.96,N,0
18.67321,80.56092,314.05,0.42,0.45,2023-03-10,1951,N20,VIIRS,n,2,293.31,1.19,N,0
18.70934,80.55579,311.0,0.42,0.45,2023-03-10,1951,N20,VIIRS,n,2,294.29,1.4,N,0
18.72045,79.53559,308.56,0.49,0.49,2023-03-10,1951,N20,VIIRS,n,2,294.75,1.8,N,2
18.72491,79.53627,310.0,0.49,0.49,2023-03-10,1951,N20,VIIRS,n,2,296.03,1.64,N,2
18.73381,80.35679,307.59,0.44,0.46,2023-03-10,1951,N20,VIIRS,n,2,293.96,1.51,N,0
18.73431,80.35269,307.94,0.44,0.46,2023-03-10,1951,N20,VIIRS,n,2,293.96,1.51,N,0
18.73439,79.53282,305.31,0.49,0.49,2023-03-10,1951,N20,VIIRS,n,2,294.22,1.38,N,0
18.73482,80.34854,319.1,0.44,0.46,2023-03-10,1951,N20,VIIRS,n,2,294.22,1.51,N,0
18.78056,80.42976,306.83,0.43,0.46,2023-03-10,1951,N20,VIIRS,n,2,294.15,1.42,N,0
18.78373,80.43855,306.56,0.43,0.46,2023-03-10,1951,N20,VIIRS,n,2,294.36,1.69,N,0
18.78422,80.43474,307.41,0.43,0.46,2023-03-10,1951,N20,VIIRS,n,2,294.68,2.3,N,0
18.82597,80.37558,308.26,0.44,0.46,2023-03-10,1951,N20,VIIRS,n,2,293.46,1.76,N,0
18.83623,80.32653,304.84,0.44,0.46,2023-03-10,1951,N20,VIIRS,n,2,292.97,0.77,N,0
18.94765,79.29932,310.33,0.51,0.49,2023-03-10,1951,N20,VIIRS,n,2,293.28,1.97,N,0
18.94877,79.29634,307.89,0.51,0.49,2023-03-10,1951,N20,VIIRS,n,2,293.35,1.92,N,0
18.95219,79.3,304.2,0.51,0.49,2023-03-10,1951,N20,VIIRS,n,2,293.38,1.39,N,0
18.9828,80.07507,309.26,0.46,0.47,2023-03-10,1951,N20,VIIRS,n,2,293.77,3.22,N,0
18.98331,80.07079,338.38,0.46,0.47,2023-03-10,1951,N20,VIIRS,n,2,294.74,3.22,N,0
19.00216,80.20383,304.09,0.45,0.47,2023-03-10,1951,N20,VIIRS,n,2,291.74,1.38,N,0
19.01152,80.05576,305.58,0.46,0.47,2023-03-10,1951,N20,VIIRS,n,2,293.16,1.98,N,0
19.01366,80.11025,320.75,0.45,0.47,2023-03-10,1951,N20,VIIRS,n,2,292.84,1.89,N,0
19.01638,80.05204,311.16,0.46,0.47,2023-03-10,1951,N20,VIIRS,n,2,293.82,1.91,N,0
19.01693,80.04746,313.06,0.46,0.47,2023-03-10,1951,N20,VIIRS,n,2,293.49,1.91,N,0
19.01802,80.1105,307.58,0.45,0.47,2023-03-10,1951,N20,VIIRS,n,2,292.92,1.89,N,0
19.01883,79.21226,306.01,0.52,0.5,2023-03-10,1951,N20,VIIRS,n,2,293.17,1.76,N,0
19.01963,80.06149,312.02,0.46,0.47,2023-03-10,1951,N20,VIIRS,n,2,293.92,2.48,N,0
19.02069,80.05283,316.81,0.46,0.47,2023-03-10,1951,N20,VIIRS,n,2,294.1,2.92,N,0
19.02786,80.20759,323.46,0.45,0.47,2023-03-10,1951,N20,VIIRS,n,2,293.88,3.56,N,0
19.03252,79.21453,307.69,0.52,0.5,2023-03-10,1951,N20,VIIRS,n,2,293.39,1.55,N,0
19.03474,80.11717,306.68,0.45,0.47,2023-03-10,1951,N20,VIIRS,n,2,293.78,1.91,N,0
19.03529,80.11278,317.22,0.45,0.47,2023-03-10,1951,N20,VIIRS,n,2,293.15,1.91,N,0
19.03906,80.11775,345.7,0.45,0.47,2023-03-10,1951,N20,VIIRS,n,2,296.66,9.49,N,0
19.0396,80.11338,338.16,0.45,0.47,2023-03-10,1951,N20,VIIRS,n,2,292.93,9.49,N,0
19.04535,80.30217,313.72,0.44,0.46,2023-03-10,1951,N20,VIIRS,n,2,292.89,1.88,N,0
19.04611,80.30422,308.69,0.44,0.46,2023-03-10,1951,N20,VIIRS,n,2,293.48,1.59,N,0
19.09774,79.29543,305.3,0.51,0.5,2023-03-10,1951,N20,VIIRS,n,2,292.29,0.75,N,0
19.0984,80.0788,304.96,0.46,0.47,2023-03-10,1951,N20,VIIRS,n,2,292.61,1.59,N,0
19.1051,79.42831,318.49,0.5,0.49,2023-03-10,1951,N20,VIIRS,n,2,293.54,2.36,N,0
19.1102,79.42403,305.89,0.5,0.49,2023-03-10,1951,N20,VIIRS,n,2,293.32,2.37,N,0
19.11172,78.53806,307.35,0.58,0.52,2023-03-10,1951,N20,VIIRS,n,2,292.39,2.79,N,0
19.11202,78.49297,308.01,0.58,0.52,2023-03-10,1951,N20,VIIRS,n,2,291.54,2.23,N,0
19.12094,78.78909,304.46,0.55,0.51,2023-03-10,1951,N20,VIIRS,n,2,292.76,2.41,N,0
19.12183,78.88157,301.88,0.55,0.51,2023-03-10,1951,N20,VIIRS,n,2,290.5,1.49,N,0
19.12241,78.79135,304.12,0.55,0.51,2023-03-10,1951,N20,VIIRS,n,2,293.56,1.72,N,0
19.1267,77.0066,305.44,0.36,0.58,2023-03-10,1951,N20,VIIRS,n,2,289.35,0.73,N,0
19.1277,78.78696,304.54,0.56,0.51,2023-03-10,1951,N20,VIIRS,n,2,293.19,1.72,N,0
19.13048,80.24583,316.42,0.45,0.47,2023-03-10,1951,N20,VIIRS,n,2,293.17,1.83,N,0
19.1324,78.78774,321.63,0.56,0.51,2023-03-10,1951,N20,VIIRS,n,2,294.98,2.89,N,0
19.13305,78.82442,307.89,0.55,0.51,2023-03-10,1951,N20,VIIRS,n,2,291.47,1.02,N,0
19.13476,80.24647,308.17,0.45,0.47,2023-03-10,1951,N20,VIIRS,n,2,292.68,1.83,N,0
19.13712,78.78838,314.08,0.56,0.51,2023-03-10,1951,N20,VIIRS,n,2,293.8,2.89,N,0
19.14069,78.79911,311.95,0.55,0.51,2023-03-10,1951,N20,VIIRS,n,2,293.91,1.93,N,0
19.14126,78.79407,308.14,0.55,0.51,2023-03-10,1951,N20,VIIRS,n,2,293.32,1.99,N,0
19.14186,78.83102,306.91,0.55,0.51,2023-03-10,1951,N20,VIIRS,n,2,291.21,2.44,N,0
19.14245,78.82581,311.45,0.55,0.51,2023-03-10,1951,N20,VIIRS,n,2,292.04,2.01,N,0
19.1433,80.24786,306.77,0.45,0.47,2023-03-10,1951,N20,VIIRS,n,2,293.07,1.62,N,0
19.14486,78.76225,303.93,0.56,0.51,2023-03-10,1951,N20,VIIRS,n,2,293.58,1.01,N,0
19.14713,78.78458,306.69,0.56,0.51,2023-03-10,1951,N20,VIIRS,n,2,294.38,1.77,N,0
19.14768,78.77978,309.75,0.56,0.51,2023-03-10,1951,N20,VIIRS,n,2,294.88,1.77,N,0
19.14827,78.77458,325.97,0.56,0.51,2023-03-10,1951,N20,VIIRS,n,2,295.73,3.61,N,0
19.14875,80.23917,307.13,0.45,0.47,2023-03-10,1951,N20,VIIRS,n,2,291.27,2.37,N,0
19.14889,78.7691,314.5,0.56,0.51,2023-03-10,1951,N20,VIIRS,n,2,294.83,3.61,N,0
19.14954,78.76329,306.29,0.56,0.51,2023-03-10,1951,N20,VIIRS,n,2,294.11,1.01,N,0
19.14978,80.09068,303.9,0.46,0.47,2023-03-10,1951,N20,VIIRS,n,2,291.01,0.74,N,0
19.15015,78.80014,307.91,0.55,0.51,2023-03-10,1951,N20,VIIRS,n,2,291.76,1.81,N,0
19.15019,78.75752,304.01,0.56,0.51,2023-03-10,1951,N20,VIIRS,n,2,293.15,1.01,N,0
19.15132,78.78985,302.87,0.56,0.51,2023-03-10,1951,N20,VIIRS,n,2,292.41,1.53,N,0
19.15341,80.26112,304.23,0.45,0.47,2023-03-10,1951,N20,VIIRS,n,2,292.11,1.83,N,0
19.15426,78.80614,312.74,0.55,0.51,2023-03-10,1951,N20,VIIRS,n,2,292.46,1.81,N,0
19.15438,80.26353,304.03,0.45,0.47,2023-03-10,1951,N20,VIIRS,n,2,292.37,1.47,N,0
19.15443,80.25256,313.91,0.45,0.47,2023-03-10,1951,N20,VIIRS,n,2,293.29,3.71,N,0
19.15491,78.75832,305.29,0.56,0.51,2023-03-10,1951,N20,VIIRS,n,2,292.32,1.42,N,0
19.15545,80.25509,312.86,0.45,0.47,2023-03-10,1951,N20,VIIRS,n,2,293.14,1.54,N,0
19.15605,80.25037,315.14,0.45,0.47,2023-03-10,1951,N20,VIIRS,n,2,293.19,1.54,N,0
19.15821,80.25735,318.37,0.45,0.47,2023-03-10,1951,N20,VIIRS,n,2,293.04,3.02,N,0
19.15875,80.25282,308.15,0.45,0.47,2023-03-10,1951,N20,VIIRS,n,2,292.57,2.11,N,0
19.15892,80.08791,304.72,0.46,0.47,2023-03-10,1951,N20,VIIRS,n,2,292.49,1.21,N,0
19.15895,78.80696,308.31,0.55,0.51,2023-03-10,1951,N20,VIIRS,n,2,293.1,1.12,N,0
19.15922,80.25974,309.86,0.45,0.47,2023-03-10,1951,N20,VIIRS,n,2,292.91,1.47,N,0
19.15966,78.75867,303.43,0.56,0.51,2023-03-10,1951,N20,VIIRS,n,2,292.22,1.42,N,0
19.15978,80.25534,304.88,0.45,0.47,2023-03-10,1951,N20,VIIRS,n,2,292.36,1.54,N,0
19.16364,78.80774,303.47,0.55,0.51,2023-03-10,1951,N20,VIIRS,n,2,292.91,1.12,N,0
19.16425,78.80247,303.95,0.55,0.51,2023-03-10,1951,N20,VIIRS,n,2,292.63,1.12,N,0
19.16895,78.80322,305.48,0.55,0.51,2023-03-10,1951,N20,VIIRS,n,2,292.68,1.77,N,0
19.17264,78.77111,304.68,0.56,0.51,2023-03-10,1951,N20,VIIRS,n,2,292.59,1.5,N,0
19.17367,78.80388,316.73,0.55,0.51,2023-03-10,1951,N20,VIIRS,n,2,294.1,1.77,N,0
19.17428,78.79852,304.95,0.55,0.51,2023-03-10,1951,N20,VIIRS,n,2,293.31,1.54,N,0
19.1749,78.79312,306.81,0.56,0.51,2023-03-10,1951,N20,VIIRS,n,2,293.08,1.54,N,0
19.17675,78.77711,307.9,0.56,0.51,2023-03-10,1951,N20,VIIRS,n,2,292.94,1.5,N,0
19.17738,78.77166,314.28,0.56,0.51,2023-03-10,1951,N20,VIIRS,n,2,292.89,1.5,N,0
19.18924,78.62609,310.03,0.57,0.52,2023-03-10,1951,N20,VIIRS,n,2,292.65,2.03,N,0
19.18982,78.62099,314.29,0.57,0.52,2023-03-10,1951,N20,VIIRS,n,2,294.05,2.03,N,0
19.19402,78.62662,312.87,0.57,0.52,2023-03-10,1951,N20,VIIRS,n,2,293.04,2.03,N,0
19.19461,78.6215,311.49,0.57,0.52,2023-03-10,1951,N20,VIIRS,n,2,293.97,2.03,N,0
19.19881,78.62709,306.14,0.57,0.52,2023-03-10,1951,N20,VIIRS,n,2,292.54,1.71,N,0
19.19941,78.62188,312.49,0.57,0.52,2023-03-10,1951,N20,VIIRS,n,2,293.22,1.71,N,0
19.21187,78.80485,305.45,0.55,0.51,2023-03-10,1951,N20,VIIRS,n,2,293.93,2.11,N,0
19.21274,81.49767,301.55,0.57,0.43,2023-03-10,1951,N20,VIIRS,n,2,290.0,0.62,N,0
19.2136,81.37624,300.95,0.38,0.43,2023-03-10,1951,N20,VIIRS,n,2,289.99,0.76,N,0
19.22026,79.03967,303.59,0.54,0.51,2023-03-10,1951,N20,VIIRS,n,2,291.45,2.14,N,0
19.22082,79.03482,302.9,0.54,0.51,2023-03-10,1951,N20,VIIRS,n,2,291.67,2.39,N,0
19.23128,81.47874,307.27,0.57,0.43,2023-03-10,1951,N20,VIIRS,n,2,289.95,2.24,N,0
19.23633,78.81363,315.79,0.55,0.51,2023-03-10,1951,N20,VIIRS,n,2,292.94,1.22,N,0
19.23691,78.8085,303.28,0.56,0.51,2023-03-10,1951,N20,VIIRS,n,2,292.03,1.22,N,0
19.23886,78.5727,308.61,0.58,0.52,2023-03-10,1951,N20,VIIRS,n,2,291.73,1.91,N,0
19.23922,78.57168,309.86,0.58,0.52,2023-03-10,1951,N20,VIIRS,n,2,292.09,1.44,N,0
19.24105,78.81427,302.54,0.55,0.51,2023-03-10,1951,N20,VIIRS,n,2,291.08,1.22,N,0
19.2462,79.3369,313.8,0.51,0.5,2023-03-10,1951,N20,VIIRS,n,2,293.37,3.29,N,0
19.25105,78.81052,307.14,0.56,0.51,2023-03-10,1951,N20,VIIRS,n,2,291.61,2.07,N,0
19.25575,78.81133,317.77,0.56,0.51,2023-03-10,1951,N20,VIIRS,n,2,293.24,3.19,N,0
19.2771,79.89349,304.67,0.47,0.48,2023-03-10,1951,N20,VIIRS,n,2,291.51,0.98,N,0
19.28587,78.67319,308.62,0.57,0.52,2023-03-10,1951,N20,VIIRS,n,2,292.71,1.6,N,0
19.29063,78.67388,307.81,0.57,0.52,2023-03-10,1951,N20,VIIRS,n,2,293.11,1.61,N,0
19.29414,78.24551,302.38,0.61,0.53,2023-03-10,1951,N20,VIIRS,n,2,292.05,1.13,N,0
19.2969,78.24516,307.14,0.61,0.53,2023-03-10,1951,N20,VIIRS,n,2,292.24,1.65,N,0
19.29903,78.24633,303.48,0.61,0.53,2023-03-10,1951,N20,VIIRS,n,2,291.1,0.69,N,0
19.30098,81.43996,301.35,0.57,0.43,2023-03-10,1951,N20,VIIRS,n,2,289.63,1.01,N,0
19.30599,79.18589,309.83,0.53,0.5,2023-03-10,1951,N20,VIIRS,n,2,291.76,1.94,N,0
19.31248,78.25972,307.98,0.6,0.53,2023-03-10,1951,N20,VIIRS,n,2,291.78,2.14,N,0
19.32805,81.44975,302.66,0.57,0.43,2023-03-10,1951,N20,VIIRS,n,2,289.55,0.82,N,0
19.34999,79.08913,305.17,0.53,0.5,2023-03-10,1951,N20,VIIRS,n,2,290.77,0.64,N,0
19.38235,78.1864,305.34,0.61,0.54,2023-03-10,1951,N20,VIIRS,n,2,292.06,2.0,N,0
19.41621,78.98975,301.94,0.54,0.51,2023-03-10,1951,N20,VIIRS,n,2,291.31,0.84,N,0
19.42597,79.88232,305.4,0.48,0.48,2023-03-10,1951,N20,VIIRS,n,2,292.11,1.42,N,0
19.42933,79.89186,303.17,0.48,0.48,2023-03-10,1951,N20,VIIRS,n,2,291.92,1.26,N,0
19.42984,79.88749,303.7,0.48,0.48,2023-03-10,1951,N20,VIIRS,n,2,293.14,1.26,N,0
19.45947,79.42342,315.53,0.51,0.49,2023-03-10,1951,N20,VIIRS,n,2,291.98,2.34,N,0
19.46086,79.42104,310.73,0.51,0.49,2023-03-10,1951,N20,VIIRS,n,2,291.94,1.98,N,0
19.464,79.42414,306.94,0.51,0.49,2023-03-10,1951,N20,VIIRS,n,2,291.61,1.18,N,0
19.46482,79.42683,309.09,0.51,0.49,2023-03-10,1951,N20,VIIRS,n,2,291.96,1.85,N,0
19.51524,78.40258,300.79,0.6,0.53,2023-03-10,1951,N20,VIIRS,n,2,288.95,1.29,N,0
19.54089,79.00189,305.88,0.54,0.51,2023-03-10,1951,N20,VIIRS,n,2,290.62,1.01,N,0
19.73253,77.99304,305.87,0.32,0.54,2023-03-10,1951,N20,VIIRS,n,2,291.47,0.66,N,0
19.94314,78.7051,305.62,0.58,0.52,2023-03-10,1951,N20,VIIRS,n,2,293.03,1.4,N,0
19.96423,79.33274,320.9,0.52,0.5,2023-03-10,1951,N20,VIIRS,n,2,292.23,1.84,N,2
15.50864,78.82126,302.07,0.5,0.49,2023-03-10,1952,N20,VIIRS,n,2,292.05,1.27,N,0
15.5451,79.24224,303.82,0.47,0.47,2023-03-10,1952,N20,VIIRS,n,2,292.0,0.64,N,0
15.54741,79.2591,310.31,0.46,0.47,2023-03-10,1952,N20,VIIRS,n,2,292.89,1.74,N,0
15.55442,79.23872,307.46,0.47,0.47,2023-03-10,1952,N20,VIIRS,n,2,292.2,1.25,N,0
15.55977,78.74239,322.49,0.5,0.49,2023-03-10,1952,N20,VIIRS,n,2,294.57,2.24,N,0
15.56111,78.83878,308.27,0.49,0.49,2023-03-10,1952,N20,VIIRS,n,2,291.4,2.27,N,0
15.56154,79.25254,327.74,0.47,0.47,2023-03-10,1952,N20,VIIRS,n,2,293.82,4.85,N,0
15.56171,78.83412,305.79,0.5,0.49,2023-03-10,1952,N20,VIIRS,n,2,291.05,0.92,N,0
15.56387,78.83646,312.06,0.5,0.49,2023-03-10,1952,N20,VIIRS,n,2,290.71,1.39,N,0
15.56421,78.74354,315.62,0.5,0.49,2023-03-10,1952,N20,VIIRS,n,2,293.77,2.24,N,0
15.56597,79.25256,318.55,0.47,0.47,2023-03-10,1952,N20,VIIRS,n,2,293.3,1.94,N,0
15.56622,78.83451,300.53,0.5,0.49,2023-03-10,1952,N20,VIIRS,n,2,290.52,0.36,N,0
15.56654,79.24802,307.36,0.47,0.47,2023-03-10,1952,N20,VIIRS,n,2,292.57,1.66,N,0
15.56865,78.74472,311.22,0.5,0.49,2023-03-10,1952,N20,VIIRS,n,2,292.85,1.27,N,0
15.57252,78.75028,309.21,0.5,0.49,2023-03-10,1952,N20,VIIRS,n,2,292.97,1.27,N,0
15.57309,78.74586,303.8,0.5,0.49,2023-03-10,1952,N20,VIIRS,n,2,292.73,1.27,N,0
15.57458,78.7482,313.4,0.5,0.49,2023-03-10,1952,N20,VIIRS,n,2,292.73,2.49,N,0
15.57641,78.75565,319.63,0.5,0.49,2023-03-10,1952,N20,VIIRS,n,2,292.28,2.02,N,0
15.57698,78.75129,305.84,0.5,0.49,2023-03-10,1952,N20,VIIRS,n,2,292.84,1.65,N,0
15.57798,78.75795,310.15,0.5,0.49,2023-03-10,1952,N20,VIIRS,n,2,292.16,2.76,N,0
15.57853,78.75347,325.73,0.5,0.49,2023-03-10,1952,N20,VIIRS,n,2,293.79,2.76,N,0
15.58088,78.75655,315.16,0.5,0.49,2023-03-10,1952,N20,VIIRS,n,2,293.29,2.02,N,0
15.58913,78.81638,304.76,0.5,0.49,2023-03-10,1952,N20,VIIRS,n,2,290.29,0.73,N,0
15.6769,78.77316,304.38,0.5,0.49,2023-03-10,1952,N20,VIIRS,n,2,291.81,1.39,N,0
15.70822,78.79578,313.13,0.5,0.49,2023-03-10,1952,N20,VIIRS,n,2,293.44,2.15,N,0
15.9674,77.04908,301.45,0.33,0.55,2023-03-10,1952,N20,VIIRS,n,2,291.15,0.43,N,0
16.64675,80.34579,305.95,0.41,0.45,2023-03-10,1952,N20,VIIRS,n,2,292.05,0.69,N,0
16.87018,80.0227,304.49,0.43,0.46,2023-03-10,1952,N20,VIIRS,n,2,294.21,0.94,N,0
17.00362,80.87376,310.08,0.38,0.44,2023-03-10,1952,N20,VIIRS,n,2,290.97,0.73,N,0
17.14483,78.22432,299.89,0.57,0.52,2023-03-10,1952,N20,VIIRS,n,2,289.68,1.24,N,2
17.25308,77.14124,304.94,0.34,0.56,2023-03-10,1952,N20,VIIRS,n,2,288.86,0.4,N,0
17.35061,78.66656,312.26,0.54,0.51,2023-03-10,1952,N20,VIIRS,n,2,292.36,2.13,N,0
17.35708,81.27738,304.13,0.55,0.43,2023-03-10,1952,N20,VIIRS,n,2,292.18,2.04,N,0
17.37742,80.55526,307.59,0.41,0.45,2023-03-10,1952,N20,VIIRS,n,2,293.52,1.05,N,0
17.37923,80.44547,308.02,0.41,0.45,2023-03-10,1952,N20,VIIRS,n,2,293.49,2.02,N,0
17.38801,80.44261,309.94,0.41,0.45,2023-03-10,1952,N20,VIIRS,n,2,293.1,1.25,N,0
17.40849,81.28082,302.68,0.55,0.43,2023-03-10,1952,N20,VIIRS,n,2,291.24,1.0,N,0
17.40875,81.27922,303.04,0.55,0.43,2023-03-10,1952,N20,VIIRS,n,2,291.37,0.95,N,0
17.46371,80.65586,304.97,0.4,0.44,2023-03-10,1952,N20,VIIRS,n,2,293.65,0.92,N,0
17.55988,80.8059,303.33,0.39,0.44,2023-03-10,1952,N20,VIIRS,n,2,292.02,0.88,N,0
17.70835,81.27992,307.94,0.56,0.43,2023-03-10,1952,N20,VIIRS,n,2,292.08,1.83,N,0
17.73529,81.28605,308.24,0.56,0.43,2023-03-10,1952,N20,VIIRS,n,2,293.13,1.85,N,0
17.73585,81.28412,305.36,0.56,0.43,2023-03-10,1952,N20,VIIRS,n,2,293.05,1.93,N,0
17.77048,81.2314,303.95,0.56,0.43,2023-03-10,1952,N20,VIIRS,n,2,292.38,1.2,N,0
17.77441,81.23212,303.66,0.56,0.43,2023-03-10,1952,N20,VIIRS,n,2,292.49,1.2,N,0
17.77563,80.80456,307.62,0.4,0.44,2023-03-10,1952,N20,VIIRS,n,2,291.38,1.23,N,0
17.87985,80.03535,306.53,0.44,0.46,2023-03-10,1952,N20,VIIRS,n,2,293.56,1.06,N,0
17.88038,80.03123,305.8,0.44,0.46,2023-03-10,1952,N20,VIIRS,n,2,293.46,1.06,N,0
17.89248,80.17159,302.33,0.44,0.46,2023-03-10,1952,N20,VIIRS,n,2,291.53,0.34,N,0
17.9582,80.80305,309.69,0.4,0.44,2023-03-10,1952,N20,VIIRS,n,2,294.41,1.16,N,2
18.10466,80.1589,303.91,0.44,0.46,2023-03-10,1952,N20,VIIRS,n,2,292.83,0.39,N,0
18.14349,80.26244,304.1,0.43,0.46,2023-03-10,1952,N20,VIIRS,n,2,292.62,0.89,N,0
18.14823,80.25888,305.53,0.43,0.46,2023-03-10,1952,N20,VIIRS,n,2,293.06,0.89,N,0
18.15246,80.25938,304.44,0.43,0.46,2023-03-10,1952,N20,VIIRS,n,2,293.18,0.57,N,0
