latitude,longitude,bright_ti4,scan,track,acq_date,acq_time,satellite,instrument,confidence,version,bright_ti5,frp,daynight,type
15.79395,79.36591,352.11,0.77,0.77,2021-03-21,701,N20,VIIRS,n,2,299.92,11.37,D,0
15.79426,79.43194,353.02,0.76,0.77,2021-03-21,701,N20,VIIRS,n,2,302.15,12.65,D,0
15.80089,79.36423,331.8,0.77,0.77,2021-03-21,701,N20,VIIRS,n,2,299.44,4.96,D,0
17.38111,81.14947,333.71,0.54,0.68,2021-03-21,701,N20,VIIRS,n,2,295.29,3.59,D,0
17.42335,80.63927,349.74,0.59,0.7,2021-03-21,701,N20,VIIRS,n,2,297.94,10.49,D,0
17.42563,80.63761,341.11,0.59,0.7,2021-03-21,701,N20,VIIRS,n,2,298.06,6.43,D,0
17.42684,80.64298,339.67,0.58,0.7,2021-03-21,701,N20,VIIRS,n,2,297.04,6.43,D,0
17.39366,80.02154,330.05,0.64,0.72,2021-03-21,702,N20,VIIRS,n,2,296.9,2.25,D,0
17.54306,80.58964,331.72,0.59,0.7,2021-03-21,702,N20,VIIRS,n,2,298.21,3.24,D,0
17.57803,80.38786,334.58,0.6,0.71,2021-03-21,702,N20,VIIRS,n,2,298.34,4.69,D,0
17.57913,80.38667,339.21,0.6,0.71,2021-03-21,702,N20,VIIRS,n,2,298.47,8.32,D,0
17.64693,80.33015,333.52,0.61,0.71,2021-03-21,702,N20,VIIRS,n,2,300.64,4.62,D,0
17.66121,80.24311,334.99,0.61,0.71,2021-03-21,702,N20,VIIRS,n,2,300.55,4.3,D,0
17.66229,80.24679,330.21,0.61,0.71,2021-03-21,702,N20,VIIRS,n,2,299.85,3.4,D,0
17.69776,80.55834,338.42,0.59,0.7,2021-03-21,702,N20,VIIRS,n,2,298.23,8.4,D,0
17.77121,80.52094,331.54,0.59,0.7,2021-03-21,702,N20,VIIRS,n,2,299.55,6.38,D,0
17.82335,80.35863,335.36,0.6,0.71,2021-03-21,702,N20,VIIRS,n,2,300.07,4.43,D,0
17.82802,80.71646,340.54,0.57,0.69,2021-03-21,702,N20,VIIRS,n,2,298.5,11.87,D,0
17.82907,80.72118,333.62,0.57,0.69,2021-03-21,702,N20,VIIRS,n,2,297.98,6.4,D,0
17.85828,80.2757,342.1,0.61,0.71,2021-03-21,702,N20,VIIRS,n,2,300.38,6.02,D,0
17.95205,80.5361,330.08,0.58,0.7,2021-03-21,702,N20,VIIRS,n,2,296.94,4.72,D,0
18.04048,80.42854,330.02,0.59,0.7,2021-03-21,702,N20,VIIRS,n,2,298.8,3.95,D,0
18.05359,80.05972,337.59,0.62,0.71,2021-03-21,702,N20,VIIRS,n,2,298.91,5.32,D,0
18.05416,80.06163,341.09,0.62,0.71,2021-03-21,702,N20,VIIRS,n,2,299.14,5.08,D,0
18.05993,80.35633,330.57,0.59,0.7,2021-03-21,702,N20,VIIRS,n,2,297.4,4.9,D,0
18.11466,80.27297,332.85,0.6,0.71,2021-03-21,702,N20,VIIRS,n,2,299.01,4.62,D,0
18.17936,80.55118,331.76,0.57,0.69,2021-03-21,702,N20,VIIRS,n,2,297.88,4.0,D,0
18.18771,80.47166,338.09,0.58,0.7,2021-03-21,702,N20,VIIRS,n,2,299.27,5.32,D,0
18.23731,80.39794,335.0,0.58,0.7,2021-03-21,702,N20,VIIRS,n,2,298.69,3.81,D,0
18.24904,80.36115,330.35,0.59,0.7,2021-03-21,702,N20,VIIRS,n,2,298.61,4.77,D,0
18.32187,80.31946,332.97,0.59,0.7,2021-03-21,702,N20,VIIRS,n,2,297.4,2.58,D,0
18.32393,80.3193,339.6,0.59,0.7,2021-03-21,702,N20,VIIRS,n,2,298.03,4.42,D,0
18.3577,80.36143,330.26,0.58,0.7,2021-03-21,702,N20,VIIRS,n,2,297.49,3.96,D,0
18.35888,80.36674,341.25,0.58,0.7,2021-03-21,702,N20,VIIRS,n,2,297.65,3.96,D,0
18.36011,80.36137,330.07,0.58,0.7,2021-03-21,702,N20,VIIRS,n,2,297.38,4.58,D,0
18.36131,80.36662,335.53,0.58,0.7,2021-03-21,702,N20,VIIRS,n,2,297.09,4.58,D,0
18.38465,80.2646,336.47,0.59,0.7,2021-03-21,702,N20,VIIRS,n,2,297.45,5.95,D,0
18.38757,80.62574,330.48,0.56,0.69,2021-03-21,702,N20,VIIRS,n,2,299.27,3.84,D,0
18.38975,80.62514,332.07,0.56,0.69,2021-03-21,702,N20,VIIRS,n,2,300.15,3.8,D,0
18.58914,80.57452,330.79,0.56,0.69,2021-03-21,702,N20,VIIRS,l,2,301.26,3.65,D,0
18.61188,80.25049,337.59,0.59,0.7,2021-03-21,702,N20,VIIRS,n,2,297.95,5.76,D,0
18.65975,80.09936,331.04,0.6,0.7,2021-03-21,702,N20,VIIRS,n,2,296.66,4.42,D,0
18.66607,80.09775,334.58,0.6,0.7,2021-03-21,702,N20,VIIRS,n,2,296.47,4.42,D,0
18.76999,80.44094,330.79,0.57,0.69,2021-03-21,702,N20,VIIRS,n,2,296.81,2.58,D,0
18.78528,80.73999,331.61,0.54,0.68,2021-03-21,702,N20,VIIRS,n,2,298.33,3.07,D,0
18.87,80.18489,340.1,0.58,0.7,2021-03-21,702,N20,VIIRS,n,2,297.76,6.53,D,0
18.87449,80.18762,330.3,0.58,0.7,2021-03-21,702,N20,VIIRS,n,2,297.18,8.1,D,0
18.91242,80.56404,330.65,0.55,0.68,2021-03-21,702,N20,VIIRS,n,2,296.89,3.69,D,0
18.91853,80.56239,332.3,0.55,0.68,2021-03-21,702,N20,VIIRS,n,2,296.09,3.69,D,0
18.93868,80.54243,332.8,0.55,0.68,2021-03-21,702,N20,VIIRS,n,2,296.11,4.5,D,0
18.93966,80.54082,339.39,0.55,0.68,2021-03-21,702,N20,VIIRS,n,2,296.14,5.7,D,0
18.95487,81.27615,337.14,0.5,0.65,2021-03-21,702,N20,VIIRS,n,2,299.87,1.87,D,0
19.09866,80.17612,339.75,0.58,0.7,2021-03-21,702,N20,VIIRS,n,2,296.92,7.06,D,0
19.10806,81.3752,336.81,0.48,0.65,2021-03-21,702,N20,VIIRS,n,2,298.08,5.15,D,0
19.11423,79.0669,333.78,0.68,0.74,2021-03-21,702,N20,VIIRS,n,2,294.77,7.14,D,0
19.11634,78.55284,330.81,0.74,0.76,2021-03-21,702,N20,VIIRS,n,2,296.52,3.73,D,0
19.1165,78.55341,333.51,0.73,0.76,2021-03-21,702,N20,VIIRS,n,2,296.35,3.74,D,0
19.11725,79.06792,332.99,0.68,0.74,2021-03-21,702,N20,VIIRS,n,2,294.06,8.1,D,0
19.12796,80.55611,334.91,0.55,0.68,2021-03-21,702,N20,VIIRS,n,2,296.89,5.33,D,0
19.13293,80.54946,331.72,0.55,0.68,2021-03-21,702,N20,VIIRS,n,2,296.98,8.43,D,0
19.13297,80.55332,345.83,0.55,0.68,2021-03-21,702,N20,VIIRS,n,2,298.31,13.49,D,0
19.13406,80.55451,332.0,0.55,0.68,2021-03-21,702,N20,VIIRS,n,2,297.41,5.33,D,0
19.15189,78.67005,333.98,0.72,0.76,2021-03-21,702,N20,VIIRS,n,2,295.09,4.65,D,0
19.15776,78.6679,336.94,0.72,0.76,2021-03-21,702,N20,VIIRS,n,2,294.19,9.27,D,0
19.15864,78.6682,334.99,0.72,0.76,2021-03-21,702,N20,VIIRS,n,2,293.98,4.65,D,0
19.16121,79.85943,336.38,0.61,0.71,2021-03-21,702,N20,VIIRS,n,2,294.61,4.44,D,0
19.19146,79.20313,343.32,0.67,0.73,2021-03-21,702,N20,VIIRS,n,2,297.53,7.33,D,0
19.19426,79.20123,337.3,0.67,0.73,2021-03-21,702,N20,VIIRS,n,2,297.07,8.17,D,0
19.27142,80.01041,333.71,0.59,0.7,2021-03-21,702,N20,VIIRS,n,2,296.43,3.89,D,0
19.28776,79.99471,334.48,0.59,0.7,2021-03-21,702,N20,VIIRS,n,2,296.24,2.14,D,0
19.28815,81.42049,330.35,0.48,0.64,2021-03-21,702,N20,VIIRS,n,2,297.54,2.8,D,0
19.32661,81.31607,335.63,0.48,0.65,2021-03-21,702,N20,VIIRS,n,2,299.27,4.76,D,0
19.33595,78.77704,337.25,0.7,0.75,2021-03-21,702,N20,VIIRS,n,2,298.85,6.67,D,0
19.34618,78.6693,333.67,0.71,0.75,2021-03-21,702,N20,VIIRS,n,2,297.95,7.19,D,0
19.3474,78.66927,334.6,0.71,0.75,2021-03-21,702,N20,VIIRS,n,2,298.02,4.04,D,0
19.34773,80.07126,336.8,0.58,0.7,2021-03-21,702,N20,VIIRS,n,2,296.41,5.5,D,0
19.35135,80.06991,330.8,0.58,0.7,2021-03-21,702,N20,VIIRS,n,2,295.48,5.8,D,0
19.52433,80.98344,349.57,0.5,0.66,2021-03-21,702,N20,VIIRS,n,2,295.29,16.44,D,0
19.52544,80.98844,367.0,0.5,0.66,2021-03-21,702,N20,VIIRS,h,2,296.3,12.29,D,0
19.55148,80.08121,334.26,0.57,0.69,2021-03-21,702,N20,VIIRS,n,2,294.78,6.08,D,0
19.65091,81.22977,340.38,0.48,0.65,2021-03-21,702,N20,VIIRS,n,2,300.18,3.65,D,0
19.8501,80.66975,333.06,0.52,0.67,2021-03-21,702,N20,VIIRS,n,2,296.39,2.84,D,0
19.86417,80.66952,334.45,0.52,0.67,2021-03-21,702,N20,VIIRS,n,2,295.94,4.64,D,0
15.52492,78.77245,336.36,0.44,0.62,2021-03-21,841,N20,VIIRS,n,2,303.3,7.26,D,0
15.52838,78.69693,332.27,0.43,0.62,2021-03-21,841,N20,VIIRS,l,2,303.04,7.63,D,0
15.52887,78.70137,345.19,0.43,0.62,2021-03-21,841,N20,VIIRS,n,2,304.97,7.63,D,0
15.52932,78.7056,367.0,0.43,0.62,2021-03-21,841,N20,VIIRS,h,2,308.94,10.47,D,0
15.52994,78.76496,330.85,0.44,0.62,2021-03-21,841,N20,VIIRS,l,2,304.3,5.4,D,0
15.53031,78.76845,339.66,0.44,0.62,2021-03-21,841,N20,VIIRS,n,2,306.57,7.26,D,0
15.53057,78.71706,343.44,0.44,0.62,2021-03-21,841,N20,VIIRS,n,2,305.48,7.32,D,0
15.53068,78.77193,367.0,0.44,0.62,2021-03-21,841,N20,VIIRS,h,2,306.37,7.26,D,0
15.53098,78.72088,330.75,0.44,0.62,2021-03-21,841,N20,VIIRS,l,2,304.3,3.68,D,0
15.53105,78.77532,337.86,0.44,0.62,2021-03-21,841,N20,VIIRS,n,2,302.29,7.26,D,0
15.53541,78.70828,330.64,0.43,0.62,2021-03-21,841,N20,VIIRS,n,2,303.27,10.47,D,0
15.53567,78.76418,335.43,0.44,0.62,2021-03-21,841,N20,VIIRS,n,2,305.62,4.62,D,0
15.54034,78.75363,355.62,0.44,0.62,2021-03-21,841,N20,VIIRS,n,2,308.94,11.59,D,0
15.5407,78.75692,344.09,0.44,0.62,2021-03-21,841,N20,VIIRS,n,2,304.1,11.59,D,0
15.54103,78.76005,335.63,0.44,0.62,2021-03-21,841,N20,VIIRS,n,2,304.55,4.62,D,0
15.54139,78.76333,335.11,0.44,0.62,2021-03-21,841,N20,VIIRS,n,2,304.53,4.62,D,0
15.5418,78.7671,367.0,0.44,0.62,2021-03-21,841,N20,VIIRS,h,2,303.72,11.16,D,0
15.54439,78.73745,330.27,0.44,0.62,2021-03-21,841,N20,VIIRS,l,2,303.43,5.17,D,0
15.54522,78.74509,340.99,0.44,0.62,2021-03-21,841,N20,VIIRS,n,2,304.52,4.43,D,0
15.54565,78.74907,331.04,0.44,0.62,2021-03-21,841,N20,VIIRS,l,2,303.92,4.43,D,0
15.54609,78.75305,353.73,0.44,0.62,2021-03-21,841,N20,VIIRS,n,2,304.43,9.98,D,0
15.56605,77.65249,338.88,0.37,0.58,2021-03-21,841,N20,VIIRS,l,2,311.26,2.71,D,0
15.56779,77.65266,339.17,0.37,0.58,2021-03-21,841,N20,VIIRS,l,2,311.16,2.38,D,0
15.64416,78.73371,341.82,0.44,0.62,2021-03-21,841,N20,VIIRS,n,2,302.68,3.47,D,0
15.65871,79.09019,334.06,0.46,0.64,2021-03-21,841,N20,VIIRS,l,2,304.95,2.93,D,0
15.6778,78.70679,331.62,0.44,0.62,2021-03-21,841,N20,VIIRS,l,2,302.02,3.41,D,0
15.71271,78.76278,331.46,0.44,0.62,2021-03-21,841,N20,VIIRS,l,2,301.98,3.01,D,0
15.71509,78.78542,335.51,0.44,0.63,2021-03-21,841,N20,VIIRS,n,2,302.81,3.6,D,0
15.71954,78.8278,330.05,0.45,0.63,2021-03-21,841,N20,VIIRS,l,2,302.73,1.94,D,0
15.73845,78.78566,332.27,0.44,0.63,2021-03-21,841,N20,VIIRS,l,2,303.37,3.37,D,0
15.74103,78.75517,332.08,0.44,0.62,2021-03-21,841,N20,VIIRS,n,2,301.6,2.41,D,0
15.74146,78.75921,334.96,0.44,0.62,2021-03-21,841,N20,VIIRS,n,2,301.7,2.41,D,0
15.74499,78.79224,331.01,0.44,0.63,2021-03-21,841,N20,VIIRS,l,2,302.81,4.71,D,0
15.74589,78.74619,347.61,0.44,0.62,2021-03-21,841,N20,VIIRS,n,2,302.97,3.69,D,0
15.74633,78.75031,330.91,0.44,0.62,2021-03-21,841,N20,VIIRS,l,2,301.81,3.69,D,0
15.74862,79.60028,351.85,0.5,0.66,2021-03-21,841,N20,VIIRS,n,2,302.69,6.16,D,0
15.74978,79.59785,353.28,0.5,0.66,2021-03-21,841,N20,VIIRS,n,2,303.91,5.7,D,0
15.76319,79.4258,336.36,0.49,0.65,2021-03-21,841,N20,VIIRS,n,2,304.74,4.22,D,0
15.76688,79.42787,330.9,0.49,0.65,2021-03-21,841,N20,VIIRS,l,2,304.37,4.3,D,0
15.79317,79.36316,331.36,0.48,0.65,2021-03-21,841,N20,VIIRS,l,2,303.72,5.04,D,0
15.79364,79.36768,344.23,0.48,0.65,2021-03-21,841,N20,VIIRS,n,2,304.6,5.04,D,0
15.71323,77.72824,352.85,0.38,0.58,2021-03-21,842,N20,VIIRS,n,2,313.13,5.44,D,0
15.80373,78.45885,367.0,0.42,0.61,2021-03-21,842,N20,VIIRS,h,2,308.48,8.67,D,0
15.80938,78.45827,350.91,0.42,0.61,2021-03-21,842,N20,VIIRS,n,2,308.77,6.0,D,0
15.89204,78.90167,330.63,0.45,0.63,2021-03-21,842,N20,VIIRS,l,2,303.84,4.88,D,0
15.89206,78.90237,339.78,0.45,0.63,2021-03-21,842,N20,VIIRS,n,2,305.02,4.55,D,0
15.89251,78.90636,350.99,0.45,0.63,2021-03-21,842,N20,VIIRS,n,2,304.09,4.88,D,0
15.89257,78.90706,343.9,0.45,0.63,2021-03-21,842,N20,VIIRS,n,2,304.06,4.55,D,0
15.9162,78.73711,334.24,0.44,0.62,2021-03-21,842,N20,VIIRS,l,2,304.47,3.38,D,0
15.92031,77.04326,335.99,0.34,0.56,2021-03-21,842,N20,VIIRS,l,2,308.84,1.98,D,0
15.93181,78.94481,334.6,0.46,0.63,2021-03-21,842,N20,VIIRS,l,2,305.16,4.89,D,0
15.98917,78.605,338.51,0.43,0.62,2021-03-21,842,N20,VIIRS,n,2,306.98,5.34,D,0
15.99559,78.76986,339.57,0.44,0.63,2021-03-21,842,N20,VIIRS,n,2,304.26,7.0,D,0
15.99603,78.77388,367.0,0.44,0.63,2021-03-21,842,N20,VIIRS,h,2,303.97,7.0,D,0
15.99623,78.76995,347.26,0.45,0.63,2021-03-21,842,N20,VIIRS,n,2,304.45,6.81,D,0
15.99664,78.77399,367.0,0.45,0.63,2021-03-21,842,N20,VIIRS,h,2,303.35,6.81,D,0
16.00067,78.76281,344.23,0.44,0.63,2021-03-21,842,N20,VIIRS,n,2,305.33,4.5,D,0
16.00113,78.76697,341.1,0.44,0.63,2021-03-21,842,N20,VIIRS,n,2,304.65,4.5,D,0
16.00135,78.76292,346.76,0.44,0.63,2021-03-21,842,N20,VIIRS,n,2,304.97,5.2,D,0
16.00178,78.76709,338.2,0.44,0.63,2021-03-21,842,N20,VIIRS,n,2,303.84,5.2,D,0
16.02145,78.51041,367.0,0.43,0.62,2021-03-21,842,N20,VIIRS,h,2,304.48,10.5,D,0
16.02931,78.63935,342.37,0.44,0.62,2021-03-21,842,N20,VIIRS,n,2,304.09,3.43,D,0
16.02975,78.64358,339.14,0.44,0.62,2021-03-21,842,N20,VIIRS,n,2,304.87,5.22,D,0
16.0362,77.4192,340.52,0.36,0.57,2021-03-21,842,N20,VIIRS,l,2,313.5,3.66,D,0
16.03956,77.79336,336.15,0.38,0.59,2021-03-21,842,N20,VIIRS,l,2,310.02,2.37,D,0
16.06474,77.10236,344.06,0.34,0.56,2021-03-21,842,N20,VIIRS,n,2,309.66,4.8,D,0
16.08797,78.75269,333.91,0.44,0.63,2021-03-21,842,N20,VIIRS,l,2,305.49,5.1,D,0
16.0889,78.7536,336.91,0.45,0.63,2021-03-21,842,N20,VIIRS,n,2,304.87,3.47,D,0
16.09087,77.19504,340.62,0.35,0.57,2021-03-21,842,N20,VIIRS,l,2,315.47,4.66,D,0
16.09458,78.75195,333.64,0.45,0.63,2021-03-21,842,N20,VIIRS,n,2,303.55,3.47,D,0
16.09892,78.74588,367.0,0.44,0.63,2021-03-21,842,N20,VIIRS,h,2,307.17,9.85,D,0
16.09935,78.74978,356.59,0.44,0.63,2021-03-21,842,N20,VIIRS,n,2,307.1,11.93,D,0
16.09978,78.75377,367.0,0.44,0.63,2021-03-21,842,N20,VIIRS,h,2,302.29,11.93,D,0
16.0999,78.74674,352.59,0.44,0.63,2021-03-21,842,N20,VIIRS,n,2,304.96,13.74,D,0
16.10031,78.75073,367.0,0.45,0.63,2021-03-21,842,N20,VIIRS,h,2,306.25,9.57,D,0
16.10072,78.75479,330.28,0.45,0.63,2021-03-21,842,N20,VIIRS,n,2,300.72,9.57,D,0
16.13295,77.10106,337.88,0.34,0.56,2021-03-21,842,N20,VIIRS,l,2,311.57,3.68,D,0
16.15219,79.02957,333.38,0.47,0.64,2021-03-21,842,N20,VIIRS,n,2,303.24,3.63,D,0
16.24077,78.68983,335.25,0.44,0.63,2021-03-21,842,N20,VIIRS,l,2,306.01,5.19,D,0
16.2412,78.69392,350.54,0.44,0.63,2021-03-21,842,N20,VIIRS,n,2,302.11,5.19,D,0
16.24655,78.68933,335.17,0.44,0.63,2021-03-21,842,N20,VIIRS,n,2,302.57,2.61,D,0
16.28841,78.75372,367.0,0.45,0.63,2021-03-21,842,N20,VIIRS,h,2,304.31,7.29,D,0
16.29266,77.2857,338.0,0.36,0.57,2021-03-21,842,N20,VIIRS,l,2,311.83,2.25,D,0
16.29427,78.75374,330.51,0.45,0.63,2021-03-21,842,N20,VIIRS,n,2,301.62,7.29,D,0
16.30606,78.92052,345.97,0.46,0.63,2021-03-21,842,N20,VIIRS,n,2,305.2,3.81,D,0
16.37891,77.62882,367.0,0.38,0.58,2021-03-21,842,N20,VIIRS,h,2,304.8,21.94,D,0
16.45424,77.85017,338.11,0.39,0.59,2021-03-21,842,N20,VIIRS,l,2,311.49,2.6,D,0
16.66947,78.14892,344.05,0.41,0.61,2021-03-21,842,N20,VIIRS,n,2,307.09,3.75,D,0
16.67078,78.14815,343.76,0.41,0.61,2021-03-21,842,N20,VIIRS,n,2,308.9,3.08,D,0
16.6973,78.50079,340.05,0.44,0.62,2021-03-21,842,N20,VIIRS,n,2,309.0,6.07,D,0
16.69773,78.50481,348.6,0.44,0.62,2021-03-21,842,N20,VIIRS,n,2,306.63,6.66,D,0
16.7405,77.59461,337.72,0.38,0.59,2021-03-21,842,N20,VIIRS,l,2,308.98,2.06,D,0
16.93262,78.89326,330.66,0.47,0.64,2021-03-21,842,N20,VIIRS,l,2,304.96,1.05,D,0
16.97009,78.8032,344.52,0.46,0.64,2021-03-21,842,N20,VIIRS,n,2,305.45,5.28,D,0
16.9708,78.80378,346.62,0.46,0.63,2021-03-21,842,N20,VIIRS,n,2,305.39,5.45,D,0
17.01969,77.26674,337.35,0.36,0.58,2021-03-21,842,N20,VIIRS,l,2,311.71,3.88,D,0
17.02005,77.27023,339.49,0.36,0.58,2021-03-21,842,N20,VIIRS,l,2,310.77,3.58,D,0
17.16309,78.10488,337.3,0.42,0.61,2021-03-21,842,N20,VIIRS,l,2,309.92,3.33,D,0
17.18381,77.3038,339.74,0.37,0.58,2021-03-21,842,N20,VIIRS,n,2,311.26,1.98,D,0
17.30544,77.81134,334.78,0.4,0.6,2021-03-21,842,N20,VIIRS,l,2,309.7,1.95,D,0
17.39742,77.62128,334.07,0.39,0.59,2021-03-21,842,N20,VIIRS,l,2,308.87,2.45,D,0
17.40651,77.10155,340.99,0.36,0.57,2021-03-21,842,N20,VIIRS,l,2,311.27,4.54,D,0
17.40685,77.10204,339.85,0.36,0.57,2021-03-21,842,N20,VIIRS,l,2,311.24,4.54,D,0
17.40685,77.10489,347.79,0.36,0.57,2021-03-21,842,N20,VIIRS,n,2,311.28,5.18,D,0
17.40722,77.10536,349.55,0.36,0.57,2021-03-21,842,N20,VIIRS,n,2,310.91,4.85,D,0
17.47699,77.74404,350.48,0.4,0.6,2021-03-21,842,N20,VIIRS,n,2,310.05,4.58,D,0
17.47745,77.74424,348.91,0.4,0.6,2021-03-21,842,N20,VIIRS,n,2,309.05,3.68,D,0
17.5054,78.02458,367.0,0.41,0.61,2021-03-21,842,N20,VIIRS,h,2,308.03,8.63,D,0
17.50692,78.02379,367.0,0.41,0.61,2021-03-21,842,N20,VIIRS,h,2,308.4,9.36,D,0
17.51348,77.0569,367.0,0.36,0.57,2021-03-21,842,N20,VIIRS,h,2,312.5,6.55,D,0
17.51361,77.05506,340.42,0.36,0.57,2021-03-21,842,N20,VIIRS,n,2,311.35,3.55,D,0
17.51396,77.05825,346.7,0.36,0.57,2021-03-21,842,N20,VIIRS,n,2,311.84,6.01,D,0
17.54429,77.69077,341.67,0.39,0.6,2021-03-21,842,N20,VIIRS,n,2,307.83,1.12,D,0
17.58842,77.46716,336.0,0.38,0.59,2021-03-21,842,N20,VIIRS,l,2,309.69,4.96,D,0
17.58878,77.47064,348.15,0.38,0.59,2021-03-21,842,N20,VIIRS,n,2,310.46,5.48,D,0
17.59184,79.32513,335.9,0.51,0.66,2021-03-21,842,N20,VIIRS,n,2,305.25,4.28,D,0
17.60756,80.25838,332.26,0.58,0.7,2021-03-21,842,N20,VIIRS,n,2,299.48,3.01,D,0
17.60836,80.25804,331.51,0.58,0.7,2021-03-21,842,N20,VIIRS,n,2,298.96,2.54,D,0
17.65903,80.24223,345.03,0.58,0.7,2021-03-21,842,N20,VIIRS,n,2,302.41,6.33,D,0
17.70396,77.34556,337.46,0.38,0.58,2021-03-21,842,N20,VIIRS,l,2,311.13,2.68,D,0
17.71471,77.82231,338.2,0.4,0.6,2021-03-21,842,N20,VIIRS,l,2,311.92,2.42,D,0
17.79855,80.40321,335.54,0.6,0.71,2021-03-21,842,N20,VIIRS,n,2,300.93,4.37,D,0
17.79911,80.40936,330.83,0.6,0.71,2021-03-21,842,N20,VIIRS,n,2,300.44,4.37,D,0
17.85477,80.52471,348.85,0.61,0.71,2021-03-21,842,N20,VIIRS,n,2,299.81,11.84,D,0
17.85567,80.52157,354.33,0.61,0.71,2021-03-21,842,N20,VIIRS,n,2,301.73,8.95,D,0
17.86696,80.14478,335.12,0.58,0.7,2021-03-21,842,N20,VIIRS,n,2,302.82,3.2,D,0
17.87339,80.14411,331.02,0.58,0.7,2021-03-21,842,N20,VIIRS,l,2,302.09,3.2,D,0
17.87541,80.45003,333.46,0.6,0.71,2021-03-21,842,N20,VIIRS,n,2,302.42,3.8,D,0
17.97372,77.47107,337.6,0.39,0.59,2021-03-21,842,N20,VIIRS,l,2,308.99,2.05,D,0
18.05272,80.31023,336.54,0.6,0.7,2021-03-21,842,N20,VIIRS,n,2,301.36,4.5,D,0
18.05462,80.40818,344.09,0.6,0.71,2021-03-21,842,N20,VIIRS,n,2,299.34,4.53,D,0
18.05556,80.41137,340.09,0.6,0.71,2021-03-21,842,N20,VIIRS,n,2,298.42,3.5,D,0
18.0647,80.37239,350.03,0.6,0.71,2021-03-21,842,N20,VIIRS,n,2,299.53,7.56,D,0
18.06541,80.37556,346.74,0.6,0.71,2021-03-21,842,N20,VIIRS,n,2,298.86,8.41,D,0
18.11619,80.21494,331.68,0.59,0.7,2021-03-21,842,N20,VIIRS,n,2,299.27,3.43,D,0
18.12932,77.56232,338.88,0.39,0.6,2021-03-21,842,N20,VIIRS,l,2,311.23,3.71,D,0
18.1297,77.56609,343.81,0.39,0.6,2021-03-21,842,N20,VIIRS,n,2,310.7,5.08,D,0
18.14429,81.31364,337.73,0.69,0.75,2021-03-21,842,N20,VIIRS,n,2,298.07,5.54,D,0
18.14429,81.3158,340.13,0.69,0.74,2021-03-21,842,N20,VIIRS,n,2,298.05,6.62,D,0
18.15719,77.56346,340.9,0.39,0.6,2021-03-21,842,N20,VIIRS,n,2,310.49,4.69,D,0
18.16986,80.44945,330.21,0.61,0.71,2021-03-21,842,N20,VIIRS,n,2,299.39,3.09,D,0
18.18505,80.472,332.1,0.61,0.71,2021-03-21,842,N20,VIIRS,n,2,299.22,5.33,D,0
18.20181,80.21454,332.59,0.59,0.7,2021-03-21,842,N20,VIIRS,n,2,299.35,3.7,D,0
18.21346,78.23364,336.16,0.44,0.62,2021-03-21,842,N20,VIIRS,n,2,304.75,2.96,D,0
18.22323,80.37984,330.75,0.6,0.71,2021-03-21,842,N20,VIIRS,n,2,298.68,4.57,D,0
18.22375,80.38573,331.88,0.6,0.71,2021-03-21,842,N20,VIIRS,n,2,298.78,4.57,D,0
18.22993,81.25909,336.02,0.69,0.74,2021-03-21,842,N20,VIIRS,n,2,298.72,8.07,D,0
18.23089,81.26218,330.45,0.69,0.74,2021-03-21,842,N20,VIIRS,n,2,297.73,5.86,D,0
18.23287,80.87321,338.51,0.65,0.73,2021-03-21,842,N20,VIIRS,n,2,299.42,6.85,D,0
18.24015,77.39256,336.34,0.38,0.59,2021-03-21,842,N20,VIIRS,l,2,307.54,1.97,D,0
18.24084,78.2177,336.35,0.44,0.62,2021-03-21,842,N20,VIIRS,n,2,304.36,3.03,D,0
18.26578,77.4274,338.35,0.39,0.59,2021-03-21,842,N20,VIIRS,l,2,308.52,3.26,D,0
18.27382,79.99225,343.8,0.57,0.69,2021-03-21,842,N20,VIIRS,n,2,300.03,6.03,D,0
18.31508,80.38156,331.09,0.61,0.71,2021-03-21,842,N20,VIIRS,n,2,297.9,2.03,D,0
18.32297,80.32201,345.06,0.6,0.71,2021-03-21,842,N20,VIIRS,n,2,298.57,7.65,D,0
18.3239,77.66515,331.22,0.4,0.6,2021-03-21,842,N20,VIIRS,l,2,302.96,4.91,D,0
18.32428,77.66905,338.5,0.4,0.6,2021-03-21,842,N20,VIIRS,n,2,303.01,5.11,D,0
18.3244,77.66852,339.6,0.4,0.6,2021-03-21,842,N20,VIIRS,n,2,302.93,2.98,D,0
18.3369,78.53572,342.91,0.46,0.63,2021-03-21,842,N20,VIIRS,n,2,303.98,8.72,D,0
18.34319,78.53959,341.31,0.46,0.63,2021-03-21,842,N20,VIIRS,n,2,302.83,9.12,D,0
18.3548,77.52805,330.81,0.39,0.6,2021-03-21,842,N20,VIIRS,l,2,305.32,0.79,D,0
18.36904,80.24772,330.34,0.59,0.7,2021-03-21,842,N20,VIIRS,n,2,297.92,3.24,D,0
18.37022,80.62823,335.26,0.63,0.72,2021-03-21,842,N20,VIIRS,n,2,299.9,4.45,D,0
18.37458,80.627,338.21,0.63,0.72,2021-03-21,842,N20,VIIRS,n,2,299.69,6.59,D,0
18.37685,80.62743,331.04,0.63,0.72,2021-03-21,842,N20,VIIRS,n,2,298.66,4.45,D,0
18.38785,80.62543,334.96,0.63,0.72,2021-03-21,842,N20,VIIRS,n,2,299.98,6.09,D,0
18.39013,80.62606,341.17,0.63,0.72,2021-03-21,842,N20,VIIRS,n,2,300.45,7.44,D,0
18.3945,80.62479,330.78,0.63,0.72,2021-03-21,842,N20,VIIRS,n,2,299.43,3.18,D,0
18.40344,78.01241,332.82,0.42,0.61,2021-03-21,842,N20,VIIRS,l,2,303.93,5.21,D,0
18.40873,78.00803,336.69,0.42,0.61,2021-03-21,842,N20,VIIRS,n,2,303.76,5.21,D,0
18.40912,78.0119,349.47,0.42,0.61,2021-03-21,842,N20,VIIRS,n,2,303.22,5.21,D,0
18.41504,80.24886,333.6,0.59,0.7,2021-03-21,842,N20,VIIRS,n,2,298.02,4.41,D,0
18.44856,78.47313,333.76,0.46,0.63,2021-03-21,842,N20,VIIRS,n,2,301.44,3.73,D,0
18.46223,78.05972,344.42,0.43,0.62,2021-03-21,842,N20,VIIRS,n,2,306.22,6.24,D,0
18.46235,78.55459,333.65,0.46,0.64,2021-03-21,842,N20,VIIRS,l,2,304.5,2.74,D,0
18.46261,78.06374,349.22,0.43,0.62,2021-03-21,842,N20,VIIRS,n,2,306.57,4.86,D,0
18.46264,80.50642,334.41,0.62,0.71,2021-03-21,842,N20,VIIRS,n,2,299.59,4.0,D,0
18.46499,78.05383,331.23,0.43,0.62,2021-03-21,842,N20,VIIRS,l,2,306.02,4.01,D,0
18.4658,78.06177,367.0,0.43,0.62,2021-03-21,842,N20,VIIRS,h,2,309.5,10.49,D,0
18.46716,78.05116,334.16,0.43,0.62,2021-03-21,842,N20,VIIRS,l,2,307.05,3.34,D,0
18.47096,78.03099,334.91,0.43,0.62,2021-03-21,842,N20,VIIRS,l,2,306.89,3.02,D,0
18.47224,78.41425,337.73,0.45,0.63,2021-03-21,842,N20,VIIRS,n,2,303.66,2.96,D,0
18.47267,78.41866,340.69,0.45,0.63,2021-03-21,842,N20,VIIRS,n,2,303.26,2.96,D,0
18.56605,80.10796,334.69,0.58,0.7,2021-03-21,842,N20,VIIRS,n,2,297.93,6.78,D,0
18.56691,80.10655,332.02,0.58,0.7,2021-03-21,842,N20,VIIRS,n,2,298.04,5.79,D,0
18.60073,77.08244,346.84,0.37,0.58,2021-03-21,842,N20,VIIRS,n,2,304.69,3.78,D,0
18.61217,80.25129,337.47,0.6,0.7,2021-03-21,842,N20,VIIRS,n,2,298.58,6.17,D,0
18.66414,78.45379,331.84,0.46,0.63,2021-03-21,842,N20,VIIRS,n,2,301.32,3.6,D,0
18.68481,77.3175,332.05,0.38,0.59,2021-03-21,842,N20,VIIRS,l,2,303.23,2.57,D,0
18.69902,78.56924,342.0,0.46,0.64,2021-03-21,842,N20,VIIRS,n,2,301.48,6.05,D,0
18.76337,77.155,332.34,0.38,0.58,2021-03-21,842,N20,VIIRS,l,2,306.3,2.48,D,0
18.81063,77.34592,338.81,0.39,0.59,2021-03-21,842,N20,VIIRS,n,2,305.13,3.7,D,0
18.81177,77.34489,330.99,0.39,0.59,2021-03-21,842,N20,VIIRS,l,2,305.16,2.01,D,0
18.81458,77.22664,330.57,0.38,0.59,2021-03-21,842,N20,VIIRS,l,2,304.87,4.17,D,0
18.81482,77.09861,332.05,0.37,0.58,2021-03-21,842,N20,VIIRS,l,2,303.0,3.51,D,0
18.81654,77.22534,342.53,0.38,0.59,2021-03-21,842,N20,VIIRS,n,2,305.38,3.8,D,0
18.82604,78.54459,338.13,0.46,0.64,2021-03-21,842,N20,VIIRS,n,2,302.54,3.06,D,0
18.83428,77.23857,330.04,0.38,0.59,2021-03-21,842,N20,VIIRS,l,2,303.35,3.19,D,0
18.88372,77.51219,335.5,0.4,0.6,2021-03-21,842,N20,VIIRS,n,2,305.48,0.81,D,0
18.89863,77.3847,333.85,0.39,0.59,2021-03-21,842,N20,VIIRS,l,2,305.78,3.54,D,0
18.94861,80.1228,337.59,0.59,0.7,2021-03-21,842,N20,VIIRS,n,2,296.82,4.7,D,0
18.96006,78.54454,331.14,0.47,0.64,2021-03-21,842,N20,VIIRS,l,2,302.82,4.32,D,0
19.05628,80.73739,330.11,0.65,0.73,2021-03-21,842,N20,VIIRS,n,2,296.63,3.55,D,0
19.06203,79.98509,331.56,0.58,0.7,2021-03-21,842,N20,VIIRS,n,2,296.92,3.99,D,0
19.08456,77.28777,335.22,0.39,0.59,2021-03-21,842,N20,VIIRS,n,2,302.17,1.82,D,0
19.08799,80.2192,334.21,0.6,0.71,2021-03-21,842,N20,VIIRS,n,2,296.46,3.17,D,0
19.08885,80.22209,330.85,0.6,0.71,2021-03-21,842,N20,VIIRS,n,2,296.21,3.7,D,0
19.10119,78.66768,350.8,0.48,0.64,2021-03-21,842,N20,VIIRS,n,2,300.84,7.78,D,0
19.1081,78.18504,332.64,0.44,0.63,2021-03-21,842,N20,VIIRS,l,2,302.64,4.31,D,0
19.11454,78.55505,367.0,0.47,0.64,2021-03-21,842,N20,VIIRS,h,2,304.59,10.43,D,0
19.11856,79.05674,331.32,0.51,0.66,2021-03-21,842,N20,VIIRS,n,2,297.58,7.36,D,0
19.119,79.06158,344.59,0.51,0.66,2021-03-21,842,N20,VIIRS,n,2,297.62,10.45,D,0
19.14346,79.33603,330.93,0.53,0.67,2021-03-21,842,N20,VIIRS,n,2,295.4,3.55,D,0
19.14383,79.0638,331.07,0.51,0.66,2021-03-21,842,N20,VIIRS,n,2,296.98,5.53,D,0
19.14748,79.85007,337.26,0.57,0.69,2021-03-21,842,N20,VIIRS,n,2,296.4,4.31,D,0
19.14953,79.85103,339.52,0.57,0.69,2021-03-21,842,N20,VIIRS,n,2,296.15,8.37,D,0
19.15385,79.84917,340.34,0.57,0.69,2021-03-21,842,N20,VIIRS,n,2,296.76,6.0,D,0
19.15526,78.6672,345.56,0.48,0.64,2021-03-21,842,N20,VIIRS,n,2,302.8,5.39,D,0
19.15856,78.66759,339.55,0.48,0.65,2021-03-21,842,N20,VIIRS,n,2,302.13,4.16,D,0
19.22099,77.59007,337.48,0.41,0.6,2021-03-21,842,N20,VIIRS,n,2,303.46,1.73,D,0
19.25012,78.37385,331.09,0.46,0.63,2021-03-21,842,N20,VIIRS,l,2,303.77,2.55,D,0
19.34908,78.6733,353.2,0.48,0.65,2021-03-21,842,N20,VIIRS,n,2,301.06,13.59,D,0
19.51854,80.98588,342.31,0.68,0.74,2021-03-21,842,N20,VIIRS,n,2,295.03,9.79,D,0
19.25676,77.16122,343.25,0.38,0.59,2021-03-21,843,N20,VIIRS,n,2,302.61,3.04,D,0
19.29775,77.07977,367.0,0.38,0.58,2021-03-21,843,N20,VIIRS,h,2,306.89,6.1,D,0
19.38925,78.29626,336.66,0.45,0.63,2021-03-21,843,N20,VIIRS,n,2,304.48,2.01,D,0
19.41289,77.85397,330.3,0.43,0.62,2021-03-21,843,N20,VIIRS,l,2,304.09,1.66,D,0
19.50041,77.78143,338.83,0.42,0.61,2021-03-21,843,N20,VIIRS,n,2,301.8,2.01,D,0
19.50336,77.78332,332.13,0.42,0.61,2021-03-21,843,N20,VIIRS,l,2,302.65,1.71,D,0
19.55114,80.10876,352.64,0.6,0.71,2021-03-21,843,N20,VIIRS,n,2,295.48,7.77,D,0
19.7621,77.47367,331.4,0.41,0.6,2021-03-21,843,N20,VIIRS,l,2,302.13,1.41,D,0
19.76735,80.26544,334.1,0.62,0.71,2021-03-21,843,N20,VIIRS,n,2,294.89,8.03,D,0
19.76784,80.27139,333.54,0.62,0.71,2021-03-21,843,N20,VIIRS,n,2,294.83,12.35,D,0
19.77396,80.26485,342.05,0.62,0.71,2021-03-21,843,N20,VIIRS,n,2,295.09,8.03,D,0
19.78587,80.16915,331.09,0.61,0.71,2021-03-21,843,N20,VIIRS,n,2,294.89,5.35,D,0
19.79825,79.93076,332.75,0.59,0.7,2021-03-21,843,N20,VIIRS,n,2,292.52,4.33,D,0
19.79889,79.92959,331.6,0.59,0.7,2021-03-21,843,N20,VIIRS,n,2,291.43,3.38,D,0
19.80295,80.21457,330.48,0.61,0.71,2021-03-21,843,N20,VIIRS,n,2,291.84,7.51,D,0
19.86604,79.09943,332.72,0.52,0.67,2021-03-21,843,N20,VIIRS,n,2,301.4,3.69,D,0
19.92555,79.27865,334.21,0.53,0.67,2021-03-21,843,N20,VIIRS,n,2,301.72,3.86,D,0
19.97448,80.31681,333.71,0.63,0.72,2021-03-21,843,N20,VIIRS,n,2,296.21,5.51,D,0
19.98233,80.41463,330.33,0.63,0.72,2021-03-21,843,N20,VIIRS,n,2,294.47,4.45,D,0
17.34501,80.59938,305.62,0.42,0.61,2021-03-21,1932,N20,VIIRS,n,2,292.3,1.36,N,0
17.72301,80.36046,304.95,0.44,0.62,2021-03-21,1932,N20,VIIRS,n,2,292.67,1.61,N,0
17.72434,80.36076,306.44,0.44,0.62,2021-03-21,1932,N20,VIIRS,n,2,293.2,1.1,N,0
17.85551,80.73795,304.71,0.41,0.61,2021-03-21,1932,N20,VIIRS,n,2,292.66,1.02,N,0
17.91058,80.59332,304.02,0.42,0.61,2021-03-21,1932,N20,VIIRS,n,2,292.73,1.09,N,0
17.91261,80.83994,304.04,0.41,0.6,2021-03-21,1932,N20,VIIRS,n,2,293.23,1.79,N,0
17.99666,80.72807,304.96,0.42,0.61,2021-03-21,1932,N20,VIIRS,n,2,292.49,0.93,N,0
18.04318,80.97471,305.73,0.4,0.6,2021-03-21,1932,N20,VIIRS,n,2,293.69,1.58,N,0
18.11958,81.362,304.5,0.38,0.59,2021-03-21,1932,N20,VIIRS,n,2,294.05,1.45,N,0
18.12935,80.47462,305.44,0.43,0.62,2021-03-21,1932,N20,VIIRS,n,2,293.94,1.35,N,0
18.16276,80.26614,305.32,0.45,0.63,2021-03-21,1932,N20,VIIRS,n,2,294.11,1.68,N,0
18.1628,80.26415,308.33,0.45,0.63,2021-03-21,1932,N20,VIIRS,n,2,294.54,1.92,N,0
18.22615,80.87585,307.65,0.41,0.61,2021-03-21,1932,N20,VIIRS,n,2,294.03,1.61,N,0
18.22653,80.87216,309.45,0.41,0.61,2021-03-21,1932,N20,VIIRS,n,2,293.73,1.61,N,0
18.22695,80.86794,308.58,0.41,0.61,2021-03-21,1932,N20,VIIRS,n,2,293.95,1.26,N,0
18.22743,80.87448,319.69,0.41,0.61,2021-03-21,1932,N20,VIIRS,n,2,294.39,3.08,N,0
18.22783,80.87073,314.09,0.41,0.61,2021-03-21,1932,N20,VIIRS,n,2,294.7,2.66,N,0
18.23172,80.87673,315.66,0.41,0.61,2021-03-21,1932,N20,VIIRS,n,2,295.04,1.61,N,0
18.23297,80.86428,305.12,0.41,0.61,2021-03-21,1932,N20,VIIRS,n,2,293.88,1.26,N,0
18.2373,80.87737,309.03,0.41,0.61,2021-03-21,1932,N20,VIIRS,n,2,294.63,2.02,N,0
18.29397,80.07466,304.87,0.46,0.64,2021-03-21,1932,N20,VIIRS,n,2,293.86,2.29,N,0
18.30701,80.2944,307.39,0.45,0.63,2021-03-21,1932,N20,VIIRS,n,2,293.88,1.38,N,0
18.35693,81.43797,306.78,0.38,0.59,2021-03-21,1932,N20,VIIRS,n,2,295.67,1.07,N,0
18.3573,81.43454,305.38,0.38,0.59,2021-03-21,1932,N20,VIIRS,n,2,294.58,1.07,N,0
18.35957,81.43816,307.15,0.38,0.59,2021-03-21,1932,N20,VIIRS,n,2,294.83,1.89,N,0
18.3624,81.43787,305.48,0.38,0.59,2021-03-21,1932,N20,VIIRS,n,2,294.64,1.01,N,0
18.37358,81.46131,309.13,0.38,0.58,2021-03-21,1932,N20,VIIRS,n,2,294.88,1.37,N,0
18.37563,80.61119,306.33,0.43,0.62,2021-03-21,1932,N20,VIIRS,n,2,294.21,1.83,N,0
18.37617,81.46164,313.83,0.38,0.58,2021-03-21,1932,N20,VIIRS,n,2,295.51,2.03,N,0
18.38659,81.44092,306.4,0.38,0.59,2021-03-21,1932,N20,VIIRS,n,2,294.37,0.94,N,0
18.40014,81.46808,307.48,0.38,0.58,2021-03-21,1932,N20,VIIRS,n,2,295.32,1.37,N,0
18.48866,80.77036,306.23,0.42,0.61,2021-03-21,1932,N20,VIIRS,n,2,293.99,1.47,N,0
18.50039,80.76727,305.41,0.42,0.61,2021-03-21,1932,N20,VIIRS,n,2,293.37,1.7,N,0
18.50051,80.71,308.13,0.42,0.61,2021-03-21,1932,N20,VIIRS,n,2,293.87,1.68,N,0
18.6196,80.63628,308.13,0.43,0.62,2021-03-21,1932,N20,VIIRS,n,2,295.12,2.44,N,0
18.65914,79.99651,309.06,0.47,0.64,2021-03-21,1932,N20,VIIRS,n,2,294.43,1.16,N,0
18.6596,79.99166,305.01,0.47,0.64,2021-03-21,1932,N20,VIIRS,n,2,293.87,1.16,N,0
18.70211,79.34151,306.16,0.52,0.67,2021-03-21,1932,N20,VIIRS,n,2,292.49,1.54,N,0
18.703,79.34055,302.98,0.52,0.67,2021-03-21,1932,N20,VIIRS,n,2,292.83,1.44,N,0
18.72394,79.50785,307.96,0.51,0.66,2021-03-21,1932,N20,VIIRS,n,2,293.3,1.44,N,0
18.7244,79.50296,308.35,0.51,0.66,2021-03-21,1932,N20,VIIRS,n,2,291.98,1.44,N,0
18.77997,81.14366,306.44,0.4,0.6,2021-03-21,1932,N20,VIIRS,n,2,294.95,2.08,N,0
18.88873,80.48209,304.32,0.44,0.63,2021-03-21,1932,N20,VIIRS,n,2,293.59,1.76,N,0
18.92498,80.52919,305.82,0.44,0.62,2021-03-21,1932,N20,VIIRS,n,2,292.59,0.87,N,0
19.00068,81.00551,306.19,0.41,0.61,2021-03-21,1932,N20,VIIRS,n,2,294.04,1.09,N,0
19.04636,79.3088,308.47,0.53,0.67,2021-03-21,1932,N20,VIIRS,n,2,292.68,1.13,N,0
19.15553,79.85831,305.39,0.49,0.65,2021-03-21,1932,N20,VIIRS,n,2,293.67,1.98,N,0
19.15599,79.85354,304.15,0.49,0.65,2021-03-21,1932,N20,VIIRS,n,2,293.47,1.88,N,0
19.15799,79.85711,305.82,0.49,0.65,2021-03-21,1932,N20,VIIRS,n,2,293.81,3.08,N,0
19.15843,79.85223,305.08,0.49,0.65,2021-03-21,1932,N20,VIIRS,n,2,293.61,2.58,N,0
19.17004,79.85835,304.65,0.49,0.65,2021-03-21,1932,N20,VIIRS,n,2,293.67,1.09,N,0
19.19207,78.31897,307.18,0.62,0.71,2021-03-21,1932,N20,VIIRS,n,2,290.06,1.98,N,0
19.19379,78.31927,304.77,0.62,0.71,2021-03-21,1932,N20,VIIRS,n,2,290.31,1.41,N,0
19.25949,78.76962,303.0,0.58,0.7,2021-03-21,1932,N20,VIIRS,n,2,290.96,0.79,N,0
19.27552,81.32583,306.6,0.39,0.6,2021-03-21,1932,N20,VIIRS,n,2,292.14,0.93,N,0
19.34072,80.16913,304.27,0.47,0.64,2021-03-21,1932,N20,VIIRS,n,2,292.32,1.12,N,0
19.34258,80.16845,302.85,0.47,0.64,2021-03-21,1932,N20,VIIRS,n,2,292.17,0.82,N,0
19.34619,78.67088,302.56,0.59,0.7,2021-03-21,1932,N20,VIIRS,n,2,290.92,1.27,N,0
19.40206,79.61891,304.97,0.51,0.66,2021-03-21,1932,N20,VIIRS,n,2,293.68,1.76,N,0
19.40248,79.61935,305.3,0.51,0.66,2021-03-21,1932,N20,VIIRS,n,2,293.69,1.9,N,0
19.44433,80.80872,306.21,0.43,0.62,2021-03-21,1932,N20,VIIRS,n,2,292.48,0.7,N,0
19.44775,79.86196,301.39,0.49,0.65,2021-03-21,1932,N20,VIIRS,n,2,291.26,0.72,N,0
19.50526,80.04984,302.02,0.48,0.65,2021-03-21,1932,N20,VIIRS,n,2,291.68,0.7,N,0
19.62695,80.37437,306.82,0.46,0.64,2021-03-21,1932,N20,VIIRS,n,2,294.38,3.04,N,0
19.62848,80.35759,307.0,0.46,0.64,2021-03-21,1932,N20,VIIRS,n,2,294.5,3.41,N,0
19.62916,80.36153,306.88,0.46,0.64,2021-03-21,1932,N20,VIIRS,n,2,294.52,3.2,N,0
19.67581,78.73526,301.54,0.59,0.7,2021-03-21,1932,N20,VIIRS,n,2,290.42,1.09,N,0
19.73473,80.04832,313.38,0.48,0.65,2021-03-21,1932,N20,VIIRS,n,2,294.16,2.52,N,0
19.73756,80.27156,305.22,0.47,0.64,2021-03-21,1932,N20,VIIRS,n,2,292.53,1.16,N,0
19.76341,80.67583,302.46,0.44,0.62,2021-03-21,1932,N20,VIIRS,n,2,292.36,0.94,N,0
19.7635,80.48925,303.52,0.45,0.63,2021-03-21,1932,N20,VIIRS,n,2,292.57,1.67,N,0
19.81123,80.16804,309.23,0.48,0.64,2021-03-21,1932,N20,VIIRS,n,2,293.52,2.18,N,0
19.8193,80.14579,305.06,0.48,0.65,2021-03-21,1932,N20,VIIRS,n,2,293.65,2.06,N,0
19.8244,80.15564,303.4,0.48,0.64,2021-03-21,1932,N20,VIIRS,n,2,292.91,2.57,N,0
19.82526,80.14642,305.46,0.48,0.65,2021-03-21,1932,N20,VIIRS,n,2,294.66,1.83,N,0
19.84689,80.1721,306.34,0.48,0.64,2021-03-21,1932,N20,VIIRS,n,2,292.95,0.72,N,0
19.8524,80.17723,302.13,0.48,0.64,2021-03-21,1932,N20,VIIRS,n,2,291.36,0.72,N,0
19.85284,80.17261,302.13,0.48,0.64,2021-03-21,1932,N20,VIIRS,n,2,291.48,0.72,N,0
19.85695,81.2092,303.7,0.41,0.6,2021-03-21,1932,N20,VIIRS,n,2,292.34,1.06,N,0
19.93982,80.86418,319.39,0.43,0.62,2021-03-21,1932,N20,VIIRS,n,2,294.19,3.08,N,0
15.60996,78.66245,306.46,0.53,0.67,2021-03-21,1933,N20,VIIRS,n,2,290.21,1.64,N,0
15.72984,78.76955,301.89,0.53,0.67,2021-03-21,1933,N20,VIIRS,n,2,289.55,1.3,N,0
15.7361,78.76965,303.5,0.53,0.67,2021-03-21,1933,N20,VIIRS,n,2,289.94,1.75,N,0
17.01364,77.2338,307.65,0.69,0.74,2021-03-21,1933,N20,VIIRS,n,2,291.02,1.62,N,0
17.01448,77.2301,310.36,0.69,0.74,2021-03-21,1933,N20,VIIRS,n,2,290.74,1.66,N,0
17.14714,78.22133,303.54,0.6,0.7,2021-03-21,1933,N20,VIIRS,n,2,290.48,1.26,N,2
17.24496,81.10886,303.15,0.38,0.59,2021-03-21,1933,N20,VIIRS,n,2,290.56,0.71,N,0
19.34254,78.67125,299.18,0.58,0.7,2021-03-21,2112,N20,VIIRS,n,2,285.54,1.22,N,0
19.64398,80.60821,301.41,0.77,0.77,2021-03-21,2112,N20,VIIRS,n,2,291.11,2.77,N,0
19.72226,79.17375,301.74,0.62,0.71,2021-03-21,2112,N20,VIIRS,n,2,290.86,1.65,N,2
19.78887,79.14977,303.43,0.61,0.71,2021-03-21,2112,N20,VIIRS,n,2,292.54,1.81,N,2
19.79028,79.14688,302.28,0.61,0.71,2021-03-21,2112,N20,VIIRS,n,2,291.04,1.45,N,2
19.82311,80.14558,302.28,0.71,0.75,2021-03-21,2112,N20,VIIRS,n,2,292.08,3.36,N,0
19.87853,79.11662,301.97,0.61,0.71,2021-03-21,2112,N20,VIIRS,n,2,290.32,1.47,N,0
17.14388,78.22392,299.59,0.61,0.71,2021-03-21,2113,N20,VIIRS,n,2,289.41,0.95,N,0
17.56704,77.09414,306.54,0.5,0.66,2021-03-21,2113,N20,VIIRS,n,2,291.85,1.22,N,0
18.29911,80.0729,301.73,0.76,0.77,2021-03-21,2113,N20,VIIRS,n,2,291.43,1.24,N,0
18.72116,79.50923,316.37,0.68,0.74,2021-03-21,2113,N20,VIIRS,n,2,291.49,3.74,N,0
18.72364,79.51042,312.23,0.68,0.74,2021-03-21,2113,N20,VIIRS,n,2,290.66,3.96,N,0
15.50084,79.20926,341.96,0.45,0.47,2021-03-22,822,N20,VIIRS,n,2,304.57,5.69,D,0
15.50135,79.21333,336.15,0.45,0.47,2021-03-22,822,N20,VIIRS,n,2,302.45,3.41,D,0
15.50197,79.21826,333.36,0.45,0.47,2021-03-22,822,N20,VIIRS,l,2,303.9,3.41,D,0
15.50259,79.22321,331.63,0.45,0.47,2021-03-22,822,N20,VIIRS,l,2,304.64,2.75,D,0
15.50516,79.20883,331.24,0.45,0.47,2021-03-22,822,N20,VIIRS,l,2,304.4,2.82,D,0
15.52167,79.13244,337.33,0.45,0.47,2021-03-22,822,N20,VIIRS,l,2,308.91,3.12,D,0
15.50542,78.76498,342.33,0.42,0.45,2021-03-22,823,N20,VIIRS,n,2,304.51,3.48,D,0
15.51899,78.14458,340.01,0.39,0.44,2021-03-22,823,N20,VIIRS,n,2,307.98,5.63,D,0
15.52107,78.14171,342.7,0.39,0.44,2021-03-22,823,N20,VIIRS,n,2,308.71,6.23,D,0
15.52155,78.1453,343.07,0.39,0.44,2021-03-22,823,N20,VIIRS,n,2,307.43,6.23,D,0
15.52301,78.14407,345.65,0.39,0.44,2021-03-22,823,N20,VIIRS,n,2,307.56,5.63,D,0
15.52891,77.81192,335.93,0.56,0.43,2021-03-22,823,N20,VIIRS,l,2,310.65,4.32,D,0
15.52903,78.68285,345.45,0.42,0.45,2021-03-22,823,N20,VIIRS,n,2,304.43,5.65,D,0
15.53317,78.68211,338.76,0.42,0.45,2021-03-22,823,N20,VIIRS,n,2,302.9,5.65,D,0
15.53364,78.68583,352.25,0.42,0.45,2021-03-22,823,N20,VIIRS,n,2,305.18,5.65,D,0
15.53412,78.68964,330.58,0.42,0.45,2021-03-22,823,N20,VIIRS,l,2,302.36,3.14,D,0
15.53607,78.77217,342.35,0.42,0.46,2021-03-22,823,N20,VIIRS,n,2,305.08,5.35,D,0
15.5376,78.71704,337.34,0.42,0.45,2021-03-22,823,N20,VIIRS,n,2,304.25,4.0,D,0
15.53777,78.68504,334.96,0.42,0.45,2021-03-22,823,N20,VIIRS,n,2,301.18,4.86,D,0
15.53809,78.72093,367.0,0.42,0.45,2021-03-22,823,N20,VIIRS,h,2,306.03,7.37,D,0
15.53825,78.68885,345.7,0.42,0.45,2021-03-22,823,N20,VIIRS,n,2,302.9,10.09,D,0
15.53927,78.69689,337.85,0.42,0.45,2021-03-22,823,N20,VIIRS,n,2,302.95,3.46,D,0
15.53978,78.76788,331.93,0.42,0.46,2021-03-22,823,N20,VIIRS,l,2,303.84,5.19,D,0
15.53979,78.70091,341.05,0.42,0.45,2021-03-22,823,N20,VIIRS,n,2,304.18,3.46,D,0
15.54126,78.71249,339.84,0.42,0.45,2021-03-22,823,N20,VIIRS,n,2,302.61,3.16,D,0
15.54175,78.71636,331.34,0.42,0.45,2021-03-22,823,N20,VIIRS,n,2,301.32,3.16,D,0
15.54857,77.80919,335.59,0.56,0.43,2021-03-22,823,N20,VIIRS,l,2,310.2,6.96,D,0
15.54951,78.74404,332.48,0.42,0.45,2021-03-22,823,N20,VIIRS,l,2,304.69,3.36,D,0
15.55465,78.75101,343.61,0.42,0.45,2021-03-22,823,N20,VIIRS,n,2,305.03,7.55,D,0
15.55512,78.75475,344.05,0.42,0.45,2021-03-22,823,N20,VIIRS,n,2,304.43,7.55,D,0
15.57302,79.27954,350.62,0.46,0.47,2021-03-22,823,N20,VIIRS,n,2,305.57,9.21,D,0
15.57355,79.28386,351.6,0.46,0.47,2021-03-22,823,N20,VIIRS,n,2,304.72,8.7,D,0
15.59037,78.68449,332.55,0.42,0.45,2021-03-22,823,N20,VIIRS,n,2,301.83,2.01,D,0
15.59272,78.68469,342.65,0.42,0.45,2021-03-22,823,N20,VIIRS,n,2,302.73,4.9,D,0
15.59357,78.72369,338.9,0.42,0.45,2021-03-22,823,N20,VIIRS,n,2,303.09,5.34,D,0
15.59511,78.72292,337.96,0.42,0.45,2021-03-22,823,N20,VIIRS,n,2,302.32,4.57,D,0
15.62627,78.73463,341.84,0.42,0.45,2021-03-22,823,N20,VIIRS,n,2,302.66,4.97,D,0
15.63986,78.74137,339.46,0.42,0.46,2021-03-22,823,N20,VIIRS,n,2,301.54,4.72,D,0
15.64247,78.56235,344.02,0.41,0.45,2021-03-22,823,N20,VIIRS,n,2,306.12,5.42,D,0
15.65137,79.0059,336.5,0.44,0.46,2021-03-22,823,N20,VIIRS,n,2,306.46,2.49,D,0
15.65566,77.13667,346.95,0.51,0.41,2021-03-22,823,N20,VIIRS,n,2,314.52,10.49,D,0
15.6951,78.70824,341.55,0.42,0.45,2021-03-22,823,N20,VIIRS,n,2,303.24,4.61,D,0
15.6956,78.71212,340.0,0.42,0.45,2021-03-22,823,N20,VIIRS,n,2,303.75,4.61,D,0
15.69644,78.70788,341.56,0.42,0.45,2021-03-22,823,N20,VIIRS,n,2,304.11,4.44,D,0
15.69691,78.71175,339.11,0.42,0.45,2021-03-22,823,N20,VIIRS,n,2,303.12,4.44,D,0
15.69925,78.70752,338.54,0.42,0.45,2021-03-22,823,N20,VIIRS,n,2,303.4,3.7,D,0
15.69975,78.71135,333.93,0.42,0.45,2021-03-22,823,N20,VIIRS,n,2,302.87,3.7,D,0
15.70059,78.70718,334.12,0.42,0.45,2021-03-22,823,N20,VIIRS,n,2,303.13,4.44,D,0
15.70668,78.83062,333.76,0.43,0.46,2021-03-22,823,N20,VIIRS,n,2,302.81,3.33,D,0
15.70725,78.83496,336.61,0.43,0.46,2021-03-22,823,N20,VIIRS,n,2,302.69,3.94,D,0
15.70891,78.70577,333.65,0.42,0.45,2021-03-22,823,N20,VIIRS,l,2,303.81,6.24,D,0
15.7126,78.70129,332.92,0.42,0.45,2021-03-22,823,N20,VIIRS,n,2,302.77,2.67,D,0
15.71382,79.12363,335.77,0.45,0.47,2021-03-22,823,N20,VIIRS,n,2,306.21,2.66,D,0
15.71404,78.67873,334.59,0.42,0.45,2021-03-22,823,N20,VIIRS,n,2,302.03,5.6,D,0
15.71433,79.12772,338.64,0.45,0.47,2021-03-22,823,N20,VIIRS,n,2,305.71,2.87,D,0
15.71723,78.70441,346.92,0.42,0.45,2021-03-22,823,N20,VIIRS,n,2,304.23,10.99,D,0
15.7177,78.70822,354.22,0.42,0.45,2021-03-22,823,N20,VIIRS,n,2,307.35,10.99,D,0
15.71869,78.68206,337.87,0.42,0.45,2021-03-22,823,N20,VIIRS,n,2,302.43,3.35,D,0
15.72131,78.77174,345.41,0.43,0.46,2021-03-22,823,N20,VIIRS,n,2,305.03,12.1,D,0
15.72182,78.77583,333.88,0.43,0.46,2021-03-22,823,N20,VIIRS,n,2,303.18,7.43,D,0
15.72188,78.7077,348.88,0.42,0.45,2021-03-22,823,N20,VIIRS,n,2,303.72,6.46,D,0
15.72236,78.71154,333.11,0.42,0.45,2021-03-22,823,N20,VIIRS,l,2,303.59,2.86,D,0
15.72611,78.70757,342.93,0.42,0.45,2021-03-22,823,N20,VIIRS,n,2,303.35,6.46,D,0
15.72659,78.71145,333.88,0.42,0.45,2021-03-22,823,N20,VIIRS,n,2,302.13,2.86,D,0
15.73179,78.78751,336.93,0.43,0.46,2021-03-22,823,N20,VIIRS,n,2,303.2,4.05,D,0
15.73227,78.79141,342.5,0.43,0.46,2021-03-22,823,N20,VIIRS,n,2,303.68,6.67,D,0
15.73742,78.79846,330.55,0.43,0.46,2021-03-22,823,N20,VIIRS,l,2,302.9,2.63,D,0
15.7396,77.503,341.42,0.54,0.42,2021-03-22,823,N20,VIIRS,n,2,306.66,5.49,D,0
15.79542,79.05679,333.34,0.45,0.47,2021-03-22,823,N20,VIIRS,l,2,304.76,3.28,D,0
15.79596,79.0611,332.08,0.45,0.47,2021-03-22,823,N20,VIIRS,l,2,305.61,3.28,D,0
15.79915,79.05183,340.49,0.45,0.47,2021-03-22,823,N20,VIIRS,n,2,305.52,4.55,D,0
15.81037,78.83398,340.67,0.43,0.46,2021-03-22,823,N20,VIIRS,n,2,307.14,11.18,D,0
15.81089,78.83806,342.74,0.43,0.46,2021-03-22,823,N20,VIIRS,n,2,303.56,8.15,D,0
15.81457,78.83336,336.0,0.43,0.46,2021-03-22,823,N20,VIIRS,n,2,302.85,3.34,D,0
15.82355,79.0045,335.59,0.44,0.46,2021-03-22,823,N20,VIIRS,n,2,304.3,3.86,D,0
15.82463,78.33636,348.74,0.4,0.44,2021-03-22,823,N20,VIIRS,n,2,313.59,11.7,D,0
15.84433,79.20268,330.96,0.46,0.47,2021-03-22,823,N20,VIIRS,l,2,305.47,2.16,D,0
15.87288,78.71418,338.23,0.43,0.46,2021-03-22,823,N20,VIIRS,n,2,305.71,2.32,D,0
15.89032,78.30054,338.37,0.4,0.44,2021-03-22,823,N20,VIIRS,l,2,309.22,5.35,D,0
15.89763,78.67501,345.43,0.42,0.45,2021-03-22,823,N20,VIIRS,n,2,307.77,5.18,D,0
15.92672,79.54069,351.2,0.48,0.48,2021-03-22,823,N20,VIIRS,n,2,304.83,12.4,D,0
15.93062,79.53576,340.0,0.48,0.48,2021-03-22,823,N20,VIIRS,n,2,305.54,7.41,D,0
15.93066,77.11813,339.56,0.52,0.41,2021-03-22,823,N20,VIIRS,n,2,309.42,8.26,D,0
15.93079,77.11713,339.82,0.51,0.41,2021-03-22,823,N20,VIIRS,n,2,309.61,6.39,D,0
15.93506,79.53526,341.47,0.48,0.48,2021-03-22,823,N20,VIIRS,n,2,303.15,7.41,D,0
15.94006,78.90749,335.73,0.44,0.46,2021-03-22,823,N20,VIIRS,n,2,303.67,2.79,D,0
15.94039,78.90717,330.67,0.44,0.46,2021-03-22,823,N20,VIIRS,l,2,303.79,1.64,D,0
15.97979,79.42499,331.96,0.47,0.48,2021-03-22,823,N20,VIIRS,n,2,303.85,9.84,D,0
15.98037,79.42959,367.0,0.47,0.48,2021-03-22,823,N20,VIIRS,h,2,307.54,7.26,D,0
15.9842,79.42448,355.62,0.47,0.48,2021-03-22,823,N20,VIIRS,n,2,305.07,9.84,D,0
15.98475,79.42885,336.63,0.47,0.48,2021-03-22,823,N20,VIIRS,n,2,304.56,7.26,D,0
15.98534,79.43356,331.24,0.47,0.48,2021-03-22,823,N20,VIIRS,n,2,304.83,7.26,D,0
15.99312,78.78105,337.88,0.43,0.46,2021-03-22,823,N20,VIIRS,n,2,306.0,2.32,D,0
15.99367,77.42347,340.27,0.54,0.42,2021-03-22,823,N20,VIIRS,l,2,312.92,13.09,D,0
15.9969,78.77704,335.63,0.43,0.46,2021-03-22,823,N20,VIIRS,n,2,304.67,3.11,D,0
15.9974,78.781,342.37,0.43,0.46,2021-03-22,823,N20,VIIRS,n,2,304.62,4.87,D,0
16.00071,78.77331,330.81,0.43,0.46,2021-03-22,823,N20,VIIRS,l,2,304.18,3.11,D,0
16.00359,79.28802,338.18,0.46,0.47,2021-03-22,823,N20,VIIRS,n,2,304.14,1.65,D,0
16.00875,78.76923,340.25,0.43,0.46,2021-03-22,823,N20,VIIRS,n,2,305.83,6.9,D,0
16.01186,78.86114,343.92,0.44,0.46,2021-03-22,823,N20,VIIRS,n,2,306.79,4.07,D,0
16.0125,78.76503,334.99,0.43,0.46,2021-03-22,823,N20,VIIRS,n,2,304.89,1.74,D,0
16.02811,77.99087,336.24,0.39,0.44,2021-03-22,823,N20,VIIRS,l,2,310.9,4.88,D,0
16.03299,78.51221,338.26,0.42,0.45,2021-03-22,823,N20,VIIRS,n,2,304.85,3.28,D,0
16.06529,79.01802,333.75,0.45,0.47,2021-03-22,823,N20,VIIRS,n,2,303.27,3.52,D,0
16.06635,79.01685,335.02,0.45,0.47,2021-03-22,823,N20,VIIRS,n,2,302.67,4.1,D,0
16.07369,78.73574,341.96,0.43,0.46,2021-03-22,823,N20,VIIRS,n,2,303.94,4.14,D,0
16.08007,77.25766,339.52,0.53,0.42,2021-03-22,823,N20,VIIRS,l,2,312.88,6.8,D,0
16.08216,78.80348,331.11,0.43,0.46,2021-03-22,823,N20,VIIRS,l,2,303.99,1.8,D,0
16.09395,78.7608,332.46,0.43,0.46,2021-03-22,823,N20,VIIRS,l,2,304.11,1.17,D,0
16.09582,77.11185,339.8,0.52,0.41,2021-03-22,823,N20,VIIRS,l,2,310.54,6.23,D,0
16.09747,78.82287,336.2,0.43,0.46,2021-03-22,823,N20,VIIRS,n,2,306.12,5.06,D,0
16.09764,78.75614,332.88,0.43,0.46,2021-03-22,823,N20,VIIRS,l,2,304.45,2.12,D,0
16.09801,78.82716,339.49,0.44,0.46,2021-03-22,823,N20,VIIRS,n,2,305.39,7.53,D,0
16.09887,78.73208,330.83,0.43,0.46,2021-03-22,823,N20,VIIRS,l,2,304.11,2.11,D,0
16.11088,78.72577,350.98,0.43,0.46,2021-03-22,823,N20,VIIRS,n,2,306.43,6.52,D,0
16.11139,78.72971,338.49,0.43,0.46,2021-03-22,823,N20,VIIRS,n,2,305.28,6.52,D,0
16.11188,78.7336,354.04,0.43,0.46,2021-03-22,823,N20,VIIRS,n,2,305.55,11.01,D,0
16.14583,78.62311,345.72,0.42,0.45,2021-03-22,823,N20,VIIRS,n,2,303.65,12.12,D,0
16.14704,77.23335,338.4,0.53,0.42,2021-03-22,823,N20,VIIRS,l,2,312.46,4.47,D,0
16.15336,77.22247,339.13,0.52,0.42,2021-03-22,823,N20,VIIRS,l,2,310.61,5.87,D,0
16.15621,77.22404,339.24,0.53,0.42,2021-03-22,823,N20,VIIRS,l,2,311.29,4.86,D,0
16.15923,79.17673,341.59,0.46,0.47,2021-03-22,823,N20,VIIRS,n,2,305.31,4.6,D,0
16.15979,79.18122,337.99,0.46,0.47,2021-03-22,823,N20,VIIRS,n,2,305.31,4.6,D,0
16.16146,78.68056,336.67,0.43,0.46,2021-03-22,823,N20,VIIRS,n,2,303.23,2.59,D,0
16.16199,78.68484,336.46,0.43,0.46,2021-03-22,823,N20,VIIRS,n,2,302.62,1.88,D,0
16.16564,78.67988,339.54,0.43,0.46,2021-03-22,823,N20,VIIRS,n,2,305.31,11.98,D,0
16.16616,78.68409,343.94,0.43,0.46,2021-03-22,823,N20,VIIRS,n,2,308.18,17.56,D,0
16.18429,77.84666,339.82,0.57,0.43,2021-03-22,823,N20,VIIRS,n,2,307.01,6.08,D,0
16.20907,78.52067,335.21,0.42,0.45,2021-03-22,823,N20,VIIRS,l,2,306.36,4.37,D,0
16.21822,79.43726,335.04,0.48,0.48,2021-03-22,823,N20,VIIRS,l,2,305.44,2.47,D,0
16.21861,79.43739,332.64,0.48,0.48,2021-03-22,823,N20,VIIRS,l,2,305.56,2.26,D,0
16.21874,79.44167,330.48,0.48,0.48,2021-03-22,823,N20,VIIRS,l,2,305.44,2.47,D,0
16.21908,77.11099,337.04,0.52,0.41,2021-03-22,823,N20,VIIRS,l,2,308.39,7.21,D,0
16.21916,79.4418,332.84,0.48,0.48,2021-03-22,823,N20,VIIRS,l,2,305.48,2.26,D,0
16.24416,78.68604,335.77,0.43,0.46,2021-03-22,823,N20,VIIRS,n,2,304.31,2.7,D,0
16.24885,78.68947,340.96,0.43,0.46,2021-03-22,823,N20,VIIRS,n,2,305.26,8.8,D,0
16.25353,78.6929,341.9,0.43,0.46,2021-03-22,823,N20,VIIRS,n,2,305.44,8.8,D,0
16.25775,78.69248,337.27,0.43,0.46,2021-03-22,823,N20,VIIRS,n,2,304.61,5.05,D,0
16.36059,79.58081,331.62,0.49,0.49,2021-03-22,823,N20,VIIRS,l,2,302.78,1.24,D,0
16.38556,79.79266,333.32,0.51,0.49,2021-03-22,823,N20,VIIRS,l,2,304.52,4.22,D,0
16.41997,77.9717,343.39,0.39,0.44,2021-03-22,823,N20,VIIRS,n,2,304.66,3.62,D,0
16.45765,77.07724,340.56,0.52,0.41,2021-03-22,823,N20,VIIRS,n,2,309.13,3.8,D,0
16.46146,77.07671,339.13,0.52,0.41,2021-03-22,823,N20,VIIRS,n,2,308.11,3.23,D,0
16.50429,77.38526,335.66,0.54,0.42,2021-03-22,823,N20,VIIRS,l,2,307.93,3.36,D,0
16.50701,78.23456,334.25,0.4,0.45,2021-03-22,823,N20,VIIRS,n,2,300.95,2.77,D,0
16.51343,79.93098,330.95,0.52,0.5,2021-03-22,823,N20,VIIRS,l,2,301.15,1.96,D,0
16.55583,78.32503,335.24,0.41,0.45,2021-03-22,823,N20,VIIRS,l,2,307.24,4.34,D,0
16.58319,77.72232,339.19,0.57,0.43,2021-03-22,823,N20,VIIRS,n,2,307.79,6.48,D,0
16.59849,79.32555,333.99,0.48,0.48,2021-03-22,823,N20,VIIRS,l,2,307.72,4.32,D,0
16.75112,78.75268,339.55,0.44,0.46,2021-03-22,823,N20,VIIRS,n,2,305.05,3.84,D,0
16.85893,78.43861,336.38,0.42,0.45,2021-03-22,823,N20,VIIRS,n,2,301.45,1.41,D,0
16.98647,80.11313,332.39,0.54,0.51,2021-03-22,823,N20,VIIRS,n,2,302.93,2.87,D,0
17.01362,77.22646,341.96,0.54,0.42,2021-03-22,823,N20,VIIRS,n,2,309.88,4.39,D,0
17.0152,77.22762,340.2,0.54,0.42,2021-03-22,823,N20,VIIRS,n,2,308.09,5.43,D,0
17.07504,77.57644,339.27,0.56,0.43,2021-03-22,823,N20,VIIRS,n,2,307.37,6.38,D,0
17.36319,79.83008,330.71,0.52,0.5,2021-03-22,823,N20,VIIRS,l,2,301.27,2.7,D,0
17.38,78.98106,330.08,0.46,0.47,2021-03-22,823,N20,VIIRS,l,2,300.24,4.18,D,0
17.4349,78.65346,340.2,0.44,0.46,2021-03-22,823,N20,VIIRS,n,2,304.94,3.44,D,0
17.47898,79.50822,340.66,0.5,0.49,2021-03-22,823,N20,VIIRS,n,2,299.18,5.71,D,0
17.54119,78.88073,330.49,0.46,0.47,2021-03-22,823,N20,VIIRS,l,2,303.15,3.1,D,0
17.54321,78.88177,330.92,0.46,0.47,2021-03-22,823,N20,VIIRS,l,2,302.94,2.81,D,0
17.54455,77.10287,344.41,0.54,0.42,2021-03-22,823,N20,VIIRS,n,2,310.38,7.63,D,0
17.54644,77.10448,350.03,0.54,0.42,2021-03-22,823,N20,VIIRS,n,2,309.64,10.48,D,0
17.55734,77.19103,337.3,0.54,0.42,2021-03-22,823,N20,VIIRS,l,2,311.41,3.98,D,0
17.58409,80.40503,334.13,0.58,0.52,2021-03-22,823,N20,VIIRS,n,2,299.81,2.21,D,0
17.60256,80.27218,335.03,0.56,0.52,2021-03-22,823,N20,VIIRS,n,2,301.31,5.69,D,0
17.60317,80.27738,335.75,0.57,0.52,2021-03-22,823,N20,VIIRS,n,2,299.26,4.34,D,0
17.6035,80.27463,345.0,0.57,0.52,2021-03-22,823,N20,VIIRS,n,2,300.1,7.88,D,0
17.61078,80.26014,336.24,0.56,0.52,2021-03-22,823,N20,VIIRS,n,2,300.35,2.91,D,0
17.61837,80.40974,338.28,0.58,0.52,2021-03-22,823,N20,VIIRS,n,2,301.71,4.02,D,0
17.61904,80.41236,333.64,0.58,0.52,2021-03-22,823,N20,VIIRS,n,2,301.73,4.99,D,0
17.6229,77.61937,334.85,0.38,0.44,2021-03-22,823,N20,VIIRS,n,2,307.09,4.66,D,0
17.62688,77.61875,367.0,0.38,0.44,2021-03-22,823,N20,VIIRS,h,2,308.45,4.66,D,0
17.63216,80.40233,331.44,0.58,0.52,2021-03-22,823,N20,VIIRS,n,2,300.27,1.44,D,0
17.65207,77.37219,331.49,0.56,0.43,2021-03-22,823,N20,VIIRS,l,2,305.28,2.85,D,0
17.65662,80.36009,332.4,0.57,0.52,2021-03-22,823,N20,VIIRS,n,2,297.91,5.49,D,0
17.70295,80.59677,330.14,0.6,0.53,2021-03-22,823,N20,VIIRS,l,2,300.18,3.98,D,0
17.71664,80.54385,345.82,0.59,0.53,2021-03-22,823,N20,VIIRS,n,2,300.97,9.26,D,0
17.72148,80.54313,336.39,0.59,0.53,2021-03-22,823,N20,VIIRS,n,2,299.56,2.38,D,0
17.75582,77.40379,336.31,0.56,0.43,2021-03-22,823,N20,VIIRS,l,2,306.34,4.04,D,0
17.78071,77.82624,339.2,0.4,0.44,2021-03-22,823,N20,VIIRS,l,2,309.88,2.93,D,0
17.79057,80.42606,333.5,0.58,0.52,2021-03-22,823,N20,VIIRS,n,2,299.94,2.46,D,0
17.79698,80.39663,331.52,0.58,0.52,2021-03-22,823,N20,VIIRS,n,2,299.65,3.66,D,0
17.80641,80.566,331.64,0.59,0.53,2021-03-22,823,N20,VIIRS,n,2,300.35,2.75,D,0
17.80763,80.44698,333.8,0.58,0.52,2021-03-22,823,N20,VIIRS,n,2,301.11,5.18,D,0
17.84473,80.21792,334.3,0.56,0.52,2021-03-22,823,N20,VIIRS,n,2,301.15,5.59,D,0
17.87432,80.13968,331.6,0.56,0.51,2021-03-22,823,N20,VIIRS,l,2,302.28,2.86,D,0
17.87967,80.14436,338.24,0.56,0.51,2021-03-22,823,N20,VIIRS,n,2,300.88,4.38,D,0
17.92274,80.39149,344.21,0.58,0.52,2021-03-22,823,N20,VIIRS,n,2,303.81,5.32,D,0
17.9419,80.73331,342.97,0.61,0.54,2021-03-22,823,N20,VIIRS,n,2,303.34,13.79,D,0
17.94898,80.53385,337.77,0.59,0.53,2021-03-22,823,N20,VIIRS,n,2,298.55,5.35,D,0
17.9544,80.37303,332.65,0.58,0.52,2021-03-22,823,N20,VIIRS,l,2,304.83,3.44,D,0
17.95776,80.22854,332.41,0.57,0.52,2021-03-22,823,N20,VIIRS,l,2,305.04,6.39,D,0
17.97623,80.75636,330.42,0.62,0.54,2021-03-22,823,N20,VIIRS,l,2,303.19,5.18,D,0
17.98197,80.14456,330.79,0.56,0.52,2021-03-22,823,N20,VIIRS,l,2,302.7,2.04,D,0
17.99865,81.01352,332.55,0.32,0.55,2021-03-22,823,N20,VIIRS,n,2,299.57,0.83,D,0
18.01805,77.39858,337.52,0.57,0.43,2021-03-22,823,N20,VIIRS,l,2,310.19,3.63,D,0
18.01937,77.40137,343.61,0.57,0.43,2021-03-22,823,N20,VIIRS,n,2,311.33,5.48,D,0
18.0282,80.29442,330.67,0.57,0.52,2021-03-22,823,N20,VIIRS,l,2,301.37,2.46,D,0
18.0444,80.39883,336.1,0.58,0.52,2021-03-22,823,N20,VIIRS,l,2,307.57,4.64,D,0
18.04802,80.12382,331.98,0.56,0.51,2021-03-22,823,N20,VIIRS,n,2,300.29,5.82,D,0
18.04816,80.42349,339.21,0.59,0.53,2021-03-22,823,N20,VIIRS,n,2,303.68,2.67,D,0
18.05164,80.42045,339.19,0.59,0.53,2021-03-22,823,N20,VIIRS,n,2,302.81,2.44,D,0
18.05764,80.38567,334.47,0.58,0.52,2021-03-22,823,N20,VIIRS,n,2,303.93,5.09,D,0
18.05874,80.38821,333.52,0.58,0.52,2021-03-22,823,N20,VIIRS,l,2,303.82,4.43,D,0
18.06084,80.55106,331.95,0.6,0.53,2021-03-22,823,N20,VIIRS,l,2,303.25,3.99,D,0
18.11826,81.36265,330.88,0.34,0.56,2021-03-22,823,N20,VIIRS,n,2,299.69,1.51,D,0
18.12175,80.52072,341.16,0.6,0.53,2021-03-22,823,N20,VIIRS,n,2,303.35,17.23,D,0
18.12664,80.52027,332.97,0.6,0.53,2021-03-22,823,N20,VIIRS,n,2,302.77,5.54,D,0
18.12728,80.52597,334.8,0.6,0.53,2021-03-22,823,N20,VIIRS,n,2,303.55,5.54,D,0
18.12768,79.75642,334.54,0.53,0.5,2021-03-22,823,N20,VIIRS,n,2,301.64,4.4,D,0
18.13216,80.52548,341.73,0.6,0.53,2021-03-22,823,N20,VIIRS,n,2,304.34,5.54,D,0
18.1345,80.50246,331.68,0.59,0.53,2021-03-22,823,N20,VIIRS,n,2,302.35,3.29,D,0
18.14301,77.77752,340.91,0.4,0.44,2021-03-22,823,N20,VIIRS,n,2,303.54,4.54,D,0
18.14854,79.85609,339.48,0.54,0.51,2021-03-22,823,N20,VIIRS,n,2,305.4,3.81,D,0
18.15321,79.85552,331.16,0.54,0.51,2021-03-22,823,N20,VIIRS,l,2,304.33,3.81,D,0
18.15585,77.54498,336.1,0.39,0.44,2021-03-22,823,N20,VIIRS,l,2,309.14,2.18,D,0
18.18393,80.20922,330.1,0.57,0.52,2021-03-22,823,N20,VIIRS,l,2,303.73,2.54,D,0
18.18756,81.35709,330.54,0.34,0.56,2021-03-22,823,N20,VIIRS,l,2,301.16,3.41,D,0
18.20863,80.42953,337.09,0.59,0.53,2021-03-22,823,N20,VIIRS,n,2,305.31,5.97,D,0
18.20944,78.23862,330.14,0.43,0.46,2021-03-22,823,N20,VIIRS,l,2,302.99,1.77,D,0
18.21362,78.238,339.58,0.43,0.46,2021-03-22,823,N20,VIIRS,n,2,302.45,3.53,D,0
18.2141,80.43455,344.01,0.59,0.53,2021-03-22,823,N20,VIIRS,n,2,306.83,8.58,D,0
18.21624,80.72451,332.78,0.62,0.54,2021-03-22,823,N20,VIIRS,l,2,304.0,2.49,D,0
18.21676,80.68322,330.92,0.61,0.54,2021-03-22,823,N20,VIIRS,l,2,304.17,1.38,D,0
18.21781,78.23746,339.22,0.43,0.46,2021-03-22,823,N20,VIIRS,n,2,303.64,3.53,D,0
18.21851,77.98888,332.23,0.41,0.45,2021-03-22,823,N20,VIIRS,l,2,304.68,3.02,D,0
18.21881,80.79486,334.57,0.62,0.54,2021-03-22,823,N20,VIIRS,n,2,302.53,5.95,D,0
18.22445,80.43908,334.94,0.59,0.53,2021-03-22,823,N20,VIIRS,n,2,304.5,3.85,D,0
18.2245,81.265,342.73,0.33,0.56,2021-03-22,823,N20,VIIRS,n,2,301.35,3.65,D,0
18.22649,80.86633,340.67,0.63,0.54,2021-03-22,823,N20,VIIRS,n,2,300.74,10.3,D,0
18.24752,80.34028,334.14,0.58,0.52,2021-03-22,823,N20,VIIRS,n,2,304.22,4.96,D,0
18.25204,80.37946,332.83,0.59,0.52,2021-03-22,823,N20,VIIRS,l,2,303.22,3.69,D,0
18.25964,80.75427,336.47,0.62,0.54,2021-03-22,823,N20,VIIRS,n,2,303.31,5.36,D,0
18.27217,80.08717,335.58,0.56,0.52,2021-03-22,823,N20,VIIRS,n,2,301.9,4.16,D,0
18.28149,80.34515,338.47,0.58,0.52,2021-03-22,823,N20,VIIRS,n,2,303.55,4.9,D,0
18.28271,80.35632,340.6,0.58,0.52,2021-03-22,823,N20,VIIRS,n,2,302.83,7.77,D,0
18.28631,80.34454,336.24,0.58,0.52,2021-03-22,823,N20,VIIRS,n,2,302.45,4.9,D,0
18.29473,80.33228,338.27,0.58,0.52,2021-03-22,823,N20,VIIRS,n,2,303.05,5.7,D,0
18.29585,80.29844,332.52,0.58,0.52,2021-03-22,823,N20,VIIRS,n,2,302.3,7.28,D,0
18.29765,78.01793,339.15,0.41,0.45,2021-03-22,823,N20,VIIRS,n,2,307.11,3.11,D,0
18.29768,81.19525,330.97,0.33,0.55,2021-03-22,823,N20,VIIRS,n,2,299.72,1.62,D,0
18.30023,78.01806,341.68,0.41,0.45,2021-03-22,823,N20,VIIRS,n,2,306.5,3.13,D,0
18.30073,80.67424,331.67,0.61,0.54,2021-03-22,823,N20,VIIRS,n,2,300.64,1.74,D,0
18.30211,80.67162,339.73,0.61,0.54,2021-03-22,823,N20,VIIRS,n,2,300.81,3.42,D,0
18.30234,78.08857,341.56,0.42,0.45,2021-03-22,823,N20,VIIRS,n,2,306.5,5.86,D,0
18.30566,80.67364,330.67,0.61,0.54,2021-03-22,823,N20,VIIRS,l,2,301.57,1.74,D,0
18.30619,78.83482,331.88,0.47,0.47,2021-03-22,823,N20,VIIRS,l,2,303.47,4.6,D,0
18.30983,80.33613,339.57,0.58,0.52,2021-03-22,823,N20,VIIRS,n,2,300.86,3.93,D,0
18.31093,80.3024,332.29,0.58,0.52,2021-03-22,823,N20,VIIRS,l,2,302.62,5.83,D,0
18.31604,80.80806,332.11,0.63,0.54,2021-03-22,823,N20,VIIRS,l,2,302.21,5.02,D,0
18.34031,77.93372,340.65,0.41,0.45,2021-03-22,823,N20,VIIRS,n,2,304.36,3.02,D,0
18.34619,80.35462,343.99,0.58,0.52,2021-03-22,823,N20,VIIRS,n,2,301.2,5.57,D,0
18.3463,78.47547,334.43,0.44,0.46,2021-03-22,823,N20,VIIRS,n,2,304.36,2.68,D,0
18.35949,80.55888,336.73,0.6,0.53,2021-03-22,823,N20,VIIRS,n,2,304.82,6.41,D,0
18.3604,77.92705,345.67,0.41,0.45,2021-03-22,823,N20,VIIRS,n,2,305.55,4.09,D,0
18.36437,80.55821,330.45,0.6,0.53,2021-03-22,823,N20,VIIRS,l,2,304.49,2.86,D,0
18.36801,80.24823,337.96,0.58,0.52,2021-03-22,823,N20,VIIRS,n,2,301.51,4.11,D,0
18.37806,80.63548,346.7,0.61,0.53,2021-03-22,823,N20,VIIRS,n,2,302.6,12.28,D,0
18.38034,80.63813,331.37,0.61,0.54,2021-03-22,823,N20,VIIRS,l,2,301.56,1.94,D,0
18.38588,80.64326,331.3,0.61,0.54,2021-03-22,823,N20,VIIRS,l,2,301.41,1.94,D,0
18.38856,80.63997,332.45,0.61,0.54,2021-03-22,823,N20,VIIRS,n,2,302.33,4.67,D,0
18.38921,80.64574,367.0,0.61,0.54,2021-03-22,823,N20,VIIRS,h,2,304.31,18.35,D,0
18.39054,80.65745,333.24,0.61,0.54,2021-03-22,823,N20,VIIRS,n,2,301.23,1.42,D,0
18.3908,80.64261,345.71,0.61,0.54,2021-03-22,823,N20,VIIRS,n,2,302.74,9.34,D,0
18.39142,80.6484,344.14,0.61,0.54,2021-03-22,823,N20,VIIRS,n,2,302.97,6.04,D,0
18.39204,80.65424,330.78,0.61,0.54,2021-03-22,823,N20,VIIRS,l,2,301.0,6.04,D,0
18.39711,80.6274,335.81,0.61,0.53,2021-03-22,823,N20,VIIRS,n,2,302.3,5.27,D,0
18.39883,80.62423,342.36,0.61,0.53,2021-03-22,823,N20,VIIRS,n,2,303.94,5.28,D,0
18.39944,80.62991,336.43,0.61,0.54,2021-03-22,823,N20,VIIRS,n,2,301.87,5.28,D,0
18.40099,80.23846,336.05,0.58,0.52,2021-03-22,823,N20,VIIRS,n,2,301.36,4.81,D,0
18.4016,80.24397,337.61,0.58,0.52,2021-03-22,823,N20,VIIRS,n,2,301.44,4.81,D,0
18.40202,80.62668,338.65,0.61,0.53,2021-03-22,823,N20,VIIRS,n,2,303.77,5.82,D,0
18.41917,79.14723,333.31,0.49,0.48,2021-03-22,823,N20,VIIRS,n,2,301.96,3.6,D,0
18.43582,80.59745,333.94,0.61,0.53,2021-03-22,823,N20,VIIRS,l,2,303.99,6.68,D,0
18.44328,80.62001,330.68,0.61,0.53,2021-03-22,823,N20,VIIRS,l,2,303.27,2.4,D,0
18.44529,78.4763,330.12,0.44,0.46,2021-03-22,823,N20,VIIRS,l,2,303.97,1.52,D,0
18.4458,78.48045,350.0,0.44,0.46,2021-03-22,823,N20,VIIRS,n,2,305.48,5.72,D,0
18.45435,78.47947,335.54,0.44,0.46,2021-03-22,823,N20,VIIRS,n,2,304.99,2.57,D,0
18.4576,78.47066,333.17,0.44,0.46,2021-03-22,823,N20,VIIRS,l,2,304.36,2.55,D,0
18.46638,80.78495,330.71,0.63,0.54,2021-03-22,823,N20,VIIRS,l,2,301.9,3.8,D,0
18.47686,78.03356,338.45,0.42,0.45,2021-03-22,823,N20,VIIRS,n,2,306.85,4.15,D,0
18.48001,80.7713,340.32,0.63,0.54,2021-03-22,823,N20,VIIRS,n,2,303.13,3.79,D,0
18.48066,80.77718,330.24,0.63,0.54,2021-03-22,823,N20,VIIRS,l,2,301.7,3.79,D,0
18.49009,78.35245,342.79,0.44,0.46,2021-03-22,823,N20,VIIRS,n,2,306.1,4.55,D,0
18.50053,80.13057,330.85,0.57,0.52,2021-03-22,823,N20,VIIRS,l,2,304.13,3.4,D,0
18.51342,81.26859,339.63,0.34,0.56,2021-03-22,823,N20,VIIRS,n,2,297.43,4.89,D,0
18.52847,80.56061,345.26,0.61,0.53,2021-03-22,823,N20,VIIRS,n,2,305.29,5.8,D,0
18.55102,80.45018,339.9,0.6,0.53,2021-03-22,823,N20,VIIRS,n,2,304.15,3.99,D,0
18.57059,78.69578,333.29,0.46,0.47,2021-03-22,823,N20,VIIRS,n,2,303.58,3.16,D,0
18.58686,78.05293,336.9,0.42,0.45,2021-03-22,823,N20,VIIRS,n,2,305.52,3.11,D,0
18.59103,78.05241,341.38,0.42,0.45,2021-03-22,823,N20,VIIRS,n,2,305.91,3.11,D,0
18.59519,78.05191,332.57,0.42,0.45,2021-03-22,823,N20,VIIRS,l,2,304.79,2.27,D,0
18.6074,80.62647,334.85,0.61,0.54,2021-03-22,823,N20,VIIRS,n,2,304.29,4.22,D,0
18.64372,80.77934,331.09,0.63,0.54,2021-03-22,823,N20,VIIRS,n,2,303.75,1.8,D,0
18.64733,79.74606,336.26,0.54,0.51,2021-03-22,823,N20,VIIRS,n,2,301.94,2.97,D,0
18.65347,77.5256,348.1,0.39,0.44,2021-03-22,823,N20,VIIRS,n,2,311.91,5.19,D,0
18.6641,80.29596,335.41,0.59,0.53,2021-03-22,823,N20,VIIRS,n,2,302.37,7.9,D,0
18.6641,80.46124,335.99,0.6,0.53,2021-03-22,823,N20,VIIRS,n,2,302.41,7.54,D,0
18.66471,80.30177,342.69,0.59,0.53,2021-03-22,823,N20,VIIRS,n,2,302.28,7.9,D,0
18.66547,80.29851,352.57,0.59,0.52,2021-03-22,823,N20,VIIRS,n,2,303.28,13.05,D,0
18.66902,80.46093,347.42,0.6,0.53,2021-03-22,823,N20,VIIRS,n,2,303.71,7.54,D,0
18.6737,80.77596,332.95,0.63,0.54,2021-03-22,823,N20,VIIRS,l,2,303.28,5.93,D,0
18.68497,80.7866,332.58,0.63,0.54,2021-03-22,823,N20,VIIRS,n,2,300.65,6.81,D,0
18.69283,80.42724,333.87,0.6,0.53,2021-03-22,823,N20,VIIRS,n,2,300.87,3.67,D,0
18.70026,80.04813,338.87,0.56,0.52,2021-03-22,823,N20,VIIRS,n,2,302.33,4.53,D,0
18.70502,80.04761,350.48,0.56,0.52,2021-03-22,823,N20,VIIRS,n,2,302.3,8.2,D,0
18.71859,79.5105,337.14,0.52,0.5,2021-03-22,823,N20,VIIRS,n,2,303.28,4.62,D,0
18.73396,79.9501,340.66,0.56,0.51,2021-03-22,823,N20,VIIRS,n,2,302.38,6.58,D,0
18.73537,79.89301,334.75,0.55,0.51,2021-03-22,823,N20,VIIRS,n,2,299.9,2.84,D,0
18.73678,79.9465,337.92,0.56,0.51,2021-03-22,823,N20,VIIRS,n,2,302.27,7.82,D,0
18.73709,79.89071,333.19,0.55,0.51,2021-03-22,823,N20,VIIRS,n,2,299.74,3.25,D,0
18.74098,77.6931,339.04,0.4,0.44,2021-03-22,823,N20,VIIRS,n,2,308.13,2.19,D,0
18.75884,80.95808,331.03,0.32,0.55,2021-03-22,823,N20,VIIRS,l,2,301.4,1.79,D,0
18.7681,81.14729,337.9,0.33,0.56,2021-03-22,823,N20,VIIRS,n,2,300.68,3.89,D,0
18.76929,80.96008,333.39,0.32,0.55,2021-03-22,823,N20,VIIRS,n,2,302.25,2.65,D,0
18.77302,80.7558,338.82,0.63,0.54,2021-03-22,823,N20,VIIRS,n,2,301.62,5.68,D,0
18.77436,80.95956,333.49,0.32,0.55,2021-03-22,823,N20,VIIRS,n,2,302.85,2.73,D,0
18.80623,80.08243,341.21,0.57,0.52,2021-03-22,823,N20,VIIRS,n,2,301.49,6.51,D,0
18.80684,80.13168,355.71,0.57,0.52,2021-03-22,823,N20,VIIRS,n,2,305.55,34.52,D,0
18.81197,79.64166,330.04,0.53,0.5,2021-03-22,823,N20,VIIRS,l,2,302.56,2.47,D,0
18.81308,79.64072,334.45,0.53,0.5,2021-03-22,823,N20,VIIRS,n,2,303.5,4.51,D,0
18.81368,79.64583,330.23,0.53,0.5,2021-03-22,823,N20,VIIRS,l,2,303.94,5.2,D,0
18.81425,80.33355,338.32,0.59,0.53,2021-03-22,823,N20,VIIRS,n,2,301.7,5.75,D,0
18.81662,79.64116,330.43,0.53,0.5,2021-03-22,823,N20,VIIRS,l,2,304.01,3.19,D,0
18.81798,80.84277,342.96,0.32,0.55,2021-03-22,823,N20,VIIRS,n,2,302.48,1.26,D,0
18.81912,81.13924,367.0,0.33,0.56,2021-03-22,823,N20,VIIRS,h,2,303.01,6.42,D,0
18.82167,80.8301,331.73,0.32,0.54,2021-03-22,823,N20,VIIRS,n,2,301.43,1.15,D,0
18.83784,80.83942,331.06,0.32,0.55,2021-03-22,823,N20,VIIRS,l,2,303.7,3.04,D,0
18.84224,81.16128,338.53,0.34,0.56,2021-03-22,823,N20,VIIRS,n,2,304.74,2.75,D,0
18.87441,79.15598,340.92,0.5,0.49,2021-03-22,823,N20,VIIRS,n,2,301.0,4.34,D,0
18.87625,79.1537,340.76,0.5,0.49,2021-03-22,823,N20,VIIRS,n,2,301.14,4.95,D,0
18.89452,80.75177,337.18,0.63,0.54,2021-03-22,823,N20,VIIRS,n,2,301.05,4.53,D,0
18.91074,79.31563,336.63,0.51,0.49,2021-03-22,823,N20,VIIRS,n,2,303.06,4.36,D,0
18.91128,79.32035,333.68,0.51,0.49,2021-03-22,823,N20,VIIRS,n,2,300.98,4.36,D,0
18.91528,79.315,332.74,0.51,0.49,2021-03-22,823,N20,VIIRS,n,2,302.13,2.44,D,0
18.94212,81.14667,334.05,0.34,0.56,2021-03-22,823,N20,VIIRS,l,2,306.38,1.55,D,0
18.94408,81.31351,335.65,0.34,0.56,2021-03-22,823,N20,VIIRS,l,2,305.7,1.92,D,0
18.9498,78.87343,342.16,0.48,0.48,2021-03-22,823,N20,VIIRS,n,2,305.62,5.62,D,0
18.95712,80.21632,341.55,0.58,0.52,2021-03-22,823,N20,VIIRS,n,2,302.42,6.69,D,0
18.95775,80.22189,336.26,0.58,0.52,2021-03-22,823,N20,VIIRS,n,2,302.0,5.65,D,0
18.97096,80.2089,331.65,0.58,0.52,2021-03-22,823,N20,VIIRS,n,2,300.47,3.42,D,0
18.97401,81.12979,346.53,0.34,0.56,2021-03-22,823,N20,VIIRS,n,2,306.71,3.41,D,0
18.97667,81.1298,343.92,0.34,0.56,2021-03-22,823,N20,VIIRS,n,2,306.13,3.53,D,0
18.98667,81.05117,333.79,0.33,0.55,2021-03-22,823,N20,VIIRS,l,2,306.51,1.84,D,0
18.9951,81.08261,336.09,0.33,0.56,2021-03-22,823,N20,VIIRS,n,2,304.36,1.87,D,0
18.99838,81.11433,331.36,0.33,0.56,2021-03-22,823,N20,VIIRS,l,2,303.36,1.67,D,0
19.00733,81.1006,339.57,0.33,0.56,2021-03-22,823,N20,VIIRS,n,2,303.77,2.78,D,0
19.00766,81.10381,339.19,0.33,0.56,2021-03-22,823,N20,VIIRS,n,2,304.01,2.78,D,0
19.00768,80.86036,345.65,0.32,0.55,2021-03-22,823,N20,VIIRS,n,2,304.1,3.93,D,0
19.01079,80.40611,345.78,0.6,0.53,2021-03-22,823,N20,VIIRS,n,2,297.59,10.54,D,0
19.0131,80.40736,342.9,0.6,0.53,2021-03-22,823,N20,VIIRS,n,2,297.59,8.03,D,0
19.01626,80.55326,336.13,0.62,0.54,2021-03-22,823,N20,VIIRS,n,2,297.64,5.96,D,0
19.02852,80.86418,334.94,0.32,0.55,2021-03-22,823,N20,VIIRS,n,2,303.37,2.35,D,0
19.04075,81.12231,332.08,0.34,0.56,2021-03-22,823,N20,VIIRS,l,2,306.04,2.32,D,0
19.05008,80.09109,331.7,0.57,0.52,2021-03-22,823,N20,VIIRS,l,2,301.88,7.12,D,0
19.05025,80.63825,331.78,0.62,0.54,2021-03-22,823,N20,VIIRS,l,2,303.92,8.04,D,0
19.05488,80.09061,346.89,0.57,0.52,2021-03-22,823,N20,VIIRS,n,2,302.75,7.12,D,0
19.05534,80.73491,333.71,0.63,0.54,2021-03-22,823,N20,VIIRS,n,2,300.36,5.08,D,0
19.05545,80.87679,330.69,0.32,0.55,2021-03-22,823,N20,VIIRS,l,2,303.3,1.17,D,0
19.05652,80.84418,336.94,0.32,0.55,2021-03-22,823,N20,VIIRS,n,2,303.6,2.02,D,0
19.0571,80.84541,330.99,0.32,0.55,2021-03-22,823,N20,VIIRS,l,2,302.98,1.78,D,0
19.05908,80.08477,345.56,0.57,0.52,2021-03-22,823,N20,VIIRS,n,2,303.36,10.08,D,0
19.05969,80.09018,338.03,0.57,0.52,2021-03-22,823,N20,VIIRS,n,2,302.52,6.32,D,0
19.06252,80.85294,331.53,0.32,0.55,2021-03-22,823,N20,VIIRS,l,2,305.34,1.5,D,0
19.06318,80.85416,332.69,0.32,0.55,2021-03-22,823,N20,VIIRS,l,2,305.48,1.76,D,0
19.07349,81.3327,350.07,0.35,0.56,2021-03-22,823,N20,VIIRS,n,2,308.25,3.76,D,0
19.08216,81.07314,335.49,0.33,0.56,2021-03-22,823,N20,VIIRS,n,2,304.99,1.94,D,0
19.08503,81.07182,332.78,0.33,0.56,2021-03-22,823,N20,VIIRS,l,2,303.8,1.48,D,0
19.09421,81.21325,336.72,0.34,0.56,2021-03-22,823,N20,VIIRS,n,2,301.33,2.02,D,0
19.09712,81.21046,333.51,0.34,0.56,2021-03-22,823,N20,VIIRS,n,2,301.9,4.22,D,0
19.09745,81.21349,339.65,0.34,0.56,2021-03-22,823,N20,VIIRS,n,2,301.68,2.39,D,0
19.09907,81.20956,334.85,0.34,0.56,2021-03-22,823,N20,VIIRS,n,2,302.01,2.84,D,0
19.09951,80.49081,332.1,0.61,0.53,2021-03-22,823,N20,VIIRS,n,2,299.14,7.17,D,0
19.10039,81.07001,331.93,0.33,0.56,2021-03-22,823,N20,VIIRS,l,2,303.83,3.47,D,0
19.10072,81.07317,333.59,0.33,0.56,2021-03-22,823,N20,VIIRS,n,2,303.43,2.57,D,0
19.10237,81.35625,338.72,0.35,0.57,2021-03-22,823,N20,VIIRS,n,2,303.89,2.65,D,0
19.10339,80.99934,344.45,0.33,0.55,2021-03-22,823,N20,VIIRS,n,2,305.26,2.87,D,0
19.10722,81.35223,331.51,0.35,0.57,2021-03-22,823,N20,VIIRS,l,2,303.82,2.31,D,0
19.10813,81.35147,333.26,0.35,0.57,2021-03-22,823,N20,VIIRS,l,2,304.83,1.97,D,0
19.10845,81.35469,333.86,0.35,0.57,2021-03-22,823,N20,VIIRS,n,2,303.29,2.06,D,0
19.11242,81.35156,341.45,0.35,0.57,2021-03-22,823,N20,VIIRS,n,2,305.86,5.49,D,0
19.11276,81.35472,345.58,0.35,0.57,2021-03-22,823,N20,VIIRS,n,2,304.39,5.96,D,0
19.11334,81.35085,333.89,0.35,0.57,2021-03-22,823,N20,VIIRS,n,2,304.84,3.73,D,0
19.11366,81.35403,345.31,0.35,0.57,2021-03-22,823,N20,VIIRS,n,2,304.59,4.73,D,0
19.11608,80.37222,336.03,0.6,0.53,2021-03-22,823,N20,VIIRS,n,2,302.02,7.98,D,0
19.1181,80.94341,332.57,0.33,0.55,2021-03-22,823,N20,VIIRS,l,2,303.19,2.27,D,0
19.11896,80.44179,334.3,0.61,0.53,2021-03-22,823,N20,VIIRS,n,2,299.74,7.93,D,0
19.12527,81.31253,331.62,0.35,0.56,2021-03-22,823,N20,VIIRS,l,2,305.0,1.83,D,0
19.13046,81.31177,332.22,0.35,0.56,2021-03-22,823,N20,VIIRS,l,2,303.2,1.99,D,0
19.13507,81.10416,367.0,0.34,0.56,2021-03-22,823,N20,VIIRS,h,2,301.71,5.58,D,0
19.14606,81.06091,337.96,0.33,0.56,2021-03-22,823,N20,VIIRS,n,2,302.48,3.65,D,0
19.15519,80.95359,334.71,0.33,0.55,2021-03-22,823,N20,VIIRS,n,2,301.64,4.34,D,0
19.15758,80.92817,335.09,0.33,0.55,2021-03-22,823,N20,VIIRS,n,2,300.46,2.21,D,0
19.15982,80.94888,334.9,0.33,0.55,2021-03-22,823,N20,VIIRS,n,2,301.59,4.34,D,0
19.1601,80.95145,367.0,0.33,0.55,2021-03-22,823,N20,VIIRS,h,2,301.94,4.34,D,0
19.16686,80.73463,331.72,0.63,0.54,2021-03-22,823,N20,VIIRS,n,2,298.14,4.55,D,0
19.20042,81.32579,332.71,0.35,0.57,2021-03-22,823,N20,VIIRS,n,2,301.32,4.44,D,0
19.23147,81.41798,332.58,0.35,0.57,2021-03-22,823,N20,VIIRS,n,2,301.22,1.11,D,0
18.81653,77.2409,345.87,0.57,0.43,2021-03-22,824,N20,VIIRS,n,2,308.19,8.37,D,0
18.94958,78.87449,338.31,0.48,0.48,2021-03-22,824,N20,VIIRS,n,2,305.25,5.96,D,0
18.95503,78.88301,341.63,0.48,0.48,2021-03-22,824,N20,VIIRS,n,2,303.65,4.83,D,0
18.97913,78.09277,337.49,0.43,0.46,2021-03-22,824,N20,VIIRS,n,2,303.64,3.31,D,0
18.996,78.73676,333.51,0.47,0.48,2021-03-22,824,N20,VIIRS,l,2,306.45,4.85,D,0
19.00091,78.74069,338.97,0.47,0.48,2021-03-22,824,N20,VIIRS,n,2,305.16,2.59,D,0
19.0197,79.29245,334.94,0.51,0.49,2021-03-22,824,N20,VIIRS,n,2,304.11,2.91,D,0
19.02091,78.56055,331.36,0.46,0.47,2021-03-22,824,N20,VIIRS,l,2,306.04,2.38,D,0
19.0271,79.27653,343.22,0.51,0.49,2021-03-22,824,N20,VIIRS,n,2,304.17,4.15,D,0
19.0316,79.27563,334.08,0.51,0.49,2021-03-22,824,N20,VIIRS,n,2,303.82,4.15,D,0
19.03334,77.31631,344.45,0.38,0.43,2021-03-22,824,N20,VIIRS,n,2,312.62,3.24,D,0
19.03552,79.30997,338.36,0.51,0.49,2021-03-22,824,N20,VIIRS,n,2,303.66,3.94,D,0
19.05239,77.63564,338.02,0.4,0.44,2021-03-22,824,N20,VIIRS,l,2,309.37,1.91,D,0
19.05892,77.82681,346.4,0.41,0.45,2021-03-22,824,N20,VIIRS,n,2,308.29,4.72,D,0
19.08224,77.81174,340.44,0.41,0.45,2021-03-22,824,N20,VIIRS,n,2,307.73,4.68,D,0
19.08273,77.81573,344.86,0.41,0.45,2021-03-22,824,N20,VIIRS,n,2,308.88,7.65,D,0
19.08685,77.81514,339.99,0.41,0.45,2021-03-22,824,N20,VIIRS,n,2,307.11,2.19,D,0
19.09074,78.66753,343.21,0.46,0.47,2021-03-22,824,N20,VIIRS,n,2,305.62,5.58,D,0
19.0951,78.66699,344.21,0.46,0.47,2021-03-22,824,N20,VIIRS,n,2,306.96,5.58,D,0
19.10289,77.67489,351.72,0.4,0.44,2021-03-22,824,N20,VIIRS,n,2,311.04,16.28,D,0
19.10698,77.67437,350.13,0.4,0.44,2021-03-22,824,N20,VIIRS,n,2,309.58,16.28,D,0
19.10728,80.03795,332.35,0.57,0.52,2021-03-22,824,N20,VIIRS,n,2,301.55,3.78,D,0
19.10747,77.67822,341.48,0.4,0.45,2021-03-22,824,N20,VIIRS,n,2,309.1,6.34,D,0
19.11845,80.36948,331.29,0.6,0.53,2021-03-22,824,N20,VIIRS,l,2,302.68,4.54,D,0
19.12039,79.31705,330.14,0.51,0.5,2021-03-22,824,N20,VIIRS,l,2,304.0,1.55,D,0
19.12127,78.66366,333.53,0.46,0.47,2021-03-22,824,N20,VIIRS,l,2,305.16,2.4,D,0
19.12563,78.66306,340.82,0.46,0.47,2021-03-22,824,N20,VIIRS,n,2,306.71,5.14,D,0
19.12617,78.66753,341.06,0.47,0.47,2021-03-22,824,N20,VIIRS,n,2,306.23,5.14,D,0
19.12663,78.66389,350.67,0.47,0.47,2021-03-22,824,N20,VIIRS,n,2,307.87,9.24,D,0
19.15228,78.73319,334.92,0.47,0.48,2021-03-22,824,N20,VIIRS,n,2,306.4,2.52,D,0
19.15869,79.85211,332.21,0.55,0.51,2021-03-22,824,N20,VIIRS,l,2,303.77,4.6,D,0
19.15961,77.11902,334.44,0.56,0.43,2021-03-22,824,N20,VIIRS,l,2,305.08,1.4,D,0
19.16011,79.84991,330.89,0.56,0.51,2021-03-22,824,N20,VIIRS,l,2,303.56,2.35,D,0
19.16016,77.11611,336.12,0.56,0.43,2021-03-22,824,N20,VIIRS,n,2,306.33,2.55,D,0
19.16917,78.57339,345.85,0.46,0.47,2021-03-22,824,N20,VIIRS,n,2,306.79,8.83,D,0
19.17143,77.86794,332.76,0.42,0.45,2021-03-22,824,N20,VIIRS,l,2,305.76,1.08,D,0
19.18203,78.14069,330.46,0.43,0.46,2021-03-22,824,N20,VIIRS,l,2,305.45,4.79,D,0
19.18244,78.1405,330.6,0.43,0.46,2021-03-22,824,N20,VIIRS,l,2,305.48,2.1,D,0
19.19212,78.22353,336.37,0.44,0.46,2021-03-22,824,N20,VIIRS,n,2,306.36,3.18,D,0
19.1923,78.22356,336.85,0.44,0.46,2021-03-22,824,N20,VIIRS,n,2,306.44,4.79,D,0
19.19322,80.15987,331.61,0.58,0.52,2021-03-22,824,N20,VIIRS,n,2,301.95,1.4,D,0
19.20384,77.18392,336.36,0.57,0.43,2021-03-22,824,N20,VIIRS,l,2,307.57,8.58,D,0
19.22106,77.99908,335.99,0.42,0.45,2021-03-22,824,N20,VIIRS,l,2,308.94,2.77,D,0
19.22154,78.00308,336.54,0.42,0.46,2021-03-22,824,N20,VIIRS,l,2,308.45,2.77,D,0
19.22362,78.12653,333.65,0.43,0.46,2021-03-22,824,N20,VIIRS,l,2,307.81,1.73,D,0
19.22767,79.36177,335.69,0.52,0.5,2021-03-22,824,N20,VIIRS,n,2,304.12,1.85,D,0
19.23256,80.4147,334.83,0.61,0.53,2021-03-22,824,N20,VIIRS,n,2,303.89,6.11,D,0
19.23477,80.41298,338.66,0.61,0.53,2021-03-22,824,N20,VIIRS,n,2,304.88,9.52,D,0
19.23623,78.69084,330.87,0.47,0.48,2021-03-22,824,N20,VIIRS,l,2,305.85,0.96,D,0
19.2375,78.09964,338.19,0.43,0.46,2021-03-22,824,N20,VIIRS,n,2,306.1,1.48,D,0
19.23919,78.29344,341.94,0.44,0.46,2021-03-22,824,N20,VIIRS,n,2,307.95,5.45,D,0
19.24411,77.68301,336.66,0.41,0.45,2021-03-22,824,N20,VIIRS,l,2,307.66,1.5,D,0
19.25211,78.11432,338.49,0.43,0.46,2021-03-22,824,N20,VIIRS,n,2,306.56,1.46,D,0
19.25397,81.37714,346.28,0.35,0.57,2021-03-22,824,N20,VIIRS,n,2,304.85,4.16,D,0
19.25926,78.76961,332.65,0.47,0.48,2021-03-22,824,N20,VIIRS,l,2,305.26,2.63,D,0
19.25958,78.77354,332.4,0.47,0.48,2021-03-22,824,N20,VIIRS,l,2,306.21,2.37,D,0
19.27191,79.18279,343.15,0.5,0.49,2021-03-22,824,N20,VIIRS,n,2,306.33,4.73,D,0
19.27325,80.78116,341.1,0.32,0.55,2021-03-22,824,N20,VIIRS,n,2,300.93,4.56,D,0
19.27503,81.32513,336.69,0.35,0.57,2021-03-22,824,N20,VIIRS,n,2,301.0,4.84,D,0
19.2833,80.22221,331.3,0.59,0.53,2021-03-22,824,N20,VIIRS,n,2,300.7,2.42,D,0
19.2877,77.87187,340.08,0.42,0.45,2021-03-22,824,N20,VIIRS,n,2,307.6,3.59,D,0
19.28801,78.55831,347.49,0.46,0.47,2021-03-22,824,N20,VIIRS,n,2,305.68,7.09,D,0
19.29087,81.22588,367.0,0.34,0.56,2021-03-22,824,N20,VIIRS,h,2,301.55,7.19,D,0
19.29235,78.55769,337.38,0.46,0.47,2021-03-22,824,N20,VIIRS,n,2,304.35,1.6,D,0
19.2967,79.77274,333.26,0.55,0.51,2021-03-22,824,N20,VIIRS,l,2,304.75,2.92,D,0
19.30039,81.36532,336.27,0.35,0.57,2021-03-22,824,N20,VIIRS,n,2,304.68,2.86,D,0
19.31132,80.22203,334.71,0.59,0.53,2021-03-22,824,N20,VIIRS,n,2,302.39,4.68,D,0
19.31139,79.1928,342.31,0.51,0.49,2021-03-22,824,N20,VIIRS,n,2,307.08,3.78,D,0
19.31254,81.21672,337.22,0.34,0.56,2021-03-22,824,N20,VIIRS,n,2,302.52,2.5,D,0
19.31617,81.2172,337.73,0.34,0.56,2021-03-22,824,N20,VIIRS,n,2,303.63,2.36,D,0
19.31892,77.21052,346.01,0.57,0.43,2021-03-22,824,N20,VIIRS,n,2,309.52,7.82,D,0
19.32044,79.11026,336.46,0.5,0.49,2021-03-22,824,N20,VIIRS,n,2,306.8,5.01,D,0
19.32096,79.11484,339.16,0.5,0.49,2021-03-22,824,N20,VIIRS,n,2,305.11,3.36,D,0
19.3243,79.8062,334.46,0.55,0.51,2021-03-22,824,N20,VIIRS,n,2,305.19,3.51,D,0
19.33016,78.37697,336.57,0.45,0.47,2021-03-22,824,N20,VIIRS,l,2,308.77,4.06,D,0
19.33222,78.66959,343.4,0.47,0.48,2021-03-22,824,N20,VIIRS,n,2,306.79,4.66,D,0
19.33276,78.67404,344.41,0.47,0.48,2021-03-22,824,N20,VIIRS,n,2,306.35,8.25,D,0
19.34109,78.28471,333.32,0.44,0.46,2021-03-22,824,N20,VIIRS,l,2,307.57,3.96,D,0
19.3435,80.0225,330.76,0.57,0.52,2021-03-22,824,N20,VIIRS,l,2,303.7,3.61,D,0
19.35215,78.0892,341.93,0.43,0.46,2021-03-22,824,N20,VIIRS,n,2,306.6,2.45,D,0
19.36028,78.83516,342.77,0.48,0.48,2021-03-22,824,N20,VIIRS,n,2,307.91,4.68,D,0
19.36081,78.83399,347.23,0.48,0.48,2021-03-22,824,N20,VIIRS,n,2,307.85,5.52,D,0
19.36921,78.0538,336.61,0.43,0.46,2021-03-22,824,N20,VIIRS,l,2,307.92,3.08,D,0
19.37096,79.07316,338.09,0.5,0.49,2021-03-22,824,N20,VIIRS,n,2,306.68,3.43,D,0
19.37504,78.65088,333.17,0.47,0.48,2021-03-22,824,N20,VIIRS,l,2,307.58,1.2,D,0
19.38684,80.0642,335.47,0.58,0.52,2021-03-22,824,N20,VIIRS,n,2,302.65,4.77,D,0
19.39009,80.63766,335.3,0.63,0.54,2021-03-22,824,N20,VIIRS,n,2,304.37,3.67,D,0
19.40914,81.38657,332.01,0.35,0.57,2021-03-22,824,N20,VIIRS,l,2,304.56,2.0,D,0
19.41924,80.09401,337.84,0.58,0.52,2021-03-22,824,N20,VIIRS,n,2,302.15,9.37,D,0
19.43275,81.40981,331.26,0.35,0.57,2021-03-22,824,N20,VIIRS,l,2,303.22,1.53,D,0
19.43308,78.8818,335.63,0.48,0.48,2021-03-22,824,N20,VIIRS,l,2,306.49,1.96,D,0
19.43851,79.87074,344.57,0.56,0.52,2021-03-22,824,N20,VIIRS,n,2,303.85,5.79,D,0
19.44227,80.74626,341.36,0.32,0.55,2021-03-22,824,N20,VIIRS,n,2,303.65,2.69,D,0
19.44326,79.87019,336.16,0.56,0.52,2021-03-22,824,N20,VIIRS,n,2,303.59,4.65,D,0
19.44985,77.23541,336.53,0.38,0.43,2021-03-22,824,N20,VIIRS,l,2,306.56,2.24,D,0
19.45028,77.40434,343.93,0.39,0.44,2021-03-22,824,N20,VIIRS,n,2,310.61,4.36,D,0
19.45116,80.11816,346.71,0.58,0.52,2021-03-22,824,N20,VIIRS,n,2,302.05,8.97,D,0
19.4697,78.31671,334.64,0.45,0.47,2021-03-22,824,N20,VIIRS,l,2,307.94,3.3,D,0
19.5087,80.19518,330.23,0.59,0.53,2021-03-22,824,N20,VIIRS,l,2,302.17,3.94,D,0
19.50976,78.32426,332.8,0.45,0.47,2021-03-22,824,N20,VIIRS,l,2,305.06,2.63,D,0
19.51042,80.08622,339.64,0.58,0.52,2021-03-22,824,N20,VIIRS,n,2,302.71,4.47,D,0
19.511,80.09168,330.61,0.58,0.52,2021-03-22,824,N20,VIIRS,l,2,302.06,4.47,D,0
19.51144,80.08868,344.58,0.58,0.52,2021-03-22,824,N20,VIIRS,n,2,303.01,6.74,D,0
19.51321,79.93037,335.75,0.57,0.52,2021-03-22,824,N20,VIIRS,n,2,304.49,3.06,D,0
19.51691,80.68405,331.82,0.32,0.54,2021-03-22,824,N20,VIIRS,n,2,301.7,2.23,D,0
19.51718,80.68655,332.74,0.32,0.54,2021-03-22,824,N20,VIIRS,n,2,301.11,2.23,D,0
19.51799,79.92979,330.56,0.57,0.52,2021-03-22,824,N20,VIIRS,l,2,305.43,1.78,D,0
19.5185,78.77055,335.48,0.48,0.48,2021-03-22,824,N20,VIIRS,l,2,307.03,4.04,D,0
19.5231,80.14851,330.95,0.59,0.53,2021-03-22,824,N20,VIIRS,n,2,300.47,6.94,D,0
19.52374,79.05411,331.98,0.5,0.49,2021-03-22,824,N20,VIIRS,l,2,306.54,2.41,D,0
19.52932,79.94506,332.87,0.57,0.52,2021-03-22,824,N20,VIIRS,l,2,305.1,7.67,D,0
19.52991,79.95052,342.65,0.57,0.52,2021-03-22,824,N20,VIIRS,n,2,305.62,12.03,D,0
19.53572,79.24368,336.04,0.51,0.5,2021-03-22,824,N20,VIIRS,l,2,308.04,4.9,D,0
19.5441,80.55383,333.8,0.63,0.54,2021-03-22,824,N20,VIIRS,n,2,301.24,4.19,D,0
19.55324,80.03092,334.07,0.58,0.52,2021-03-22,824,N20,VIIRS,n,2,302.14,5.57,D,0
19.5603,79.05444,333.08,0.5,0.49,2021-03-22,824,N20,VIIRS,l,2,307.83,2.31,D,0
19.56281,78.65094,343.37,0.47,0.48,2021-03-22,824,N20,VIIRS,n,2,307.59,4.49,D,0
19.56284,78.65443,344.24,0.47,0.48,2021-03-22,824,N20,VIIRS,n,2,307.19,6.03,D,0
19.5633,78.65533,338.2,0.47,0.48,2021-03-22,824,N20,VIIRS,n,2,305.62,3.66,D,0
19.57003,80.00666,335.42,0.58,0.52,2021-03-22,824,N20,VIIRS,n,2,303.57,10.68,D,0
19.57064,80.01217,341.56,0.58,0.52,2021-03-22,824,N20,VIIRS,n,2,304.04,14.74,D,0
19.57309,78.74219,341.8,0.48,0.48,2021-03-22,824,N20,VIIRS,n,2,305.71,4.84,D,0
19.57326,78.74118,337.59,0.48,0.48,2021-03-22,824,N20,VIIRS,n,2,305.83,4.3,D,0
19.58711,80.62823,331.93,0.63,0.54,2021-03-22,824,N20,VIIRS,l,2,303.2,4.87,D,0
19.59469,78.65735,334.1,0.47,0.48,2021-03-22,824,N20,VIIRS,l,2,306.31,2.96,D,0
19.59919,80.13749,330.55,0.59,0.53,2021-03-22,824,N20,VIIRS,n,2,300.26,4.01,D,0
19.60044,78.78587,342.33,0.48,0.48,2021-03-22,824,N20,VIIRS,n,2,307.2,5.3,D,0
19.60754,79.14568,331.29,0.51,0.49,2021-03-22,824,N20,VIIRS,l,2,303.9,0.85,D,0
19.60897,79.14729,332.37,0.51,0.49,2021-03-22,824,N20,VIIRS,l,2,304.04,1.88,D,0
19.6098,78.78917,340.26,0.48,0.48,2021-03-22,824,N20,VIIRS,n,2,307.95,3.49,D,0
19.61029,78.79353,338.58,0.48,0.48,2021-03-22,824,N20,VIIRS,n,2,306.4,3.49,D,0
19.61421,78.78849,334.21,0.48,0.48,2021-03-22,824,N20,VIIRS,l,2,309.2,2.37,D,0
19.6147,78.79282,331.36,0.48,0.48,2021-03-22,824,N20,VIIRS,l,2,306.04,2.37,D,0
19.61772,78.66394,344.79,0.47,0.48,2021-03-22,824,N20,VIIRS,n,2,306.8,5.41,D,0
19.62171,79.18809,343.4,0.51,0.49,2021-03-22,824,N20,VIIRS,n,2,307.06,7.07,D,0
19.622,80.07884,331.32,0.58,0.52,2021-03-22,824,N20,VIIRS,n,2,301.88,3.56,D,0
19.62238,78.51492,331.01,0.46,0.47,2021-03-22,824,N20,VIIRS,l,2,302.97,1.73,D,0
19.62283,79.18974,344.18,0.51,0.49,2021-03-22,824,N20,VIIRS,n,2,306.58,5.22,D,0
19.63256,77.50706,343.69,0.4,0.44,2021-03-22,824,N20,VIIRS,n,2,309.24,4.12,D,0
19.6422,77.55511,335.03,0.4,0.44,2021-03-22,824,N20,VIIRS,l,2,309.53,2.61,D,0
19.64288,77.5563,337.14,0.4,0.44,2021-03-22,824,N20,VIIRS,l,2,309.61,2.15,D,0
19.64557,78.7112,335.35,0.48,0.48,2021-03-22,824,N20,VIIRS,l,2,307.56,1.81,D,0
19.6535,80.31455,337.37,0.6,0.53,2021-03-22,824,N20,VIIRS,n,2,299.81,4.26,D,0
19.65641,80.318,342.11,0.6,0.53,2021-03-22,824,N20,VIIRS,n,2,300.38,10.28,D,0
19.66039,78.87617,337.49,0.49,0.48,2021-03-22,824,N20,VIIRS,n,2,303.95,2.38,D,0
19.66812,79.92644,331.14,0.57,0.52,2021-03-22,824,N20,VIIRS,l,2,303.01,1.95,D,0
19.67912,80.43931,351.98,0.62,0.54,2021-03-22,824,N20,VIIRS,n,2,301.4,15.7,D,0
19.69715,80.46769,334.97,0.62,0.54,2021-03-22,824,N20,VIIRS,n,2,299.63,3.74,D,0
19.70302,80.24399,330.52,0.6,0.53,2021-03-22,824,N20,VIIRS,l,2,300.77,6.56,D,0
19.714,80.48444,334.34,0.62,0.54,2021-03-22,824,N20,VIIRS,n,2,301.37,4.71,D,0
19.7154,80.05211,331.19,0.58,0.52,2021-03-22,824,N20,VIIRS,l,2,302.95,4.49,D,0
19.71813,80.20171,332.0,0.59,0.53,2021-03-22,824,N20,VIIRS,n,2,301.02,3.06,D,0
19.71875,79.94556,335.7,0.57,0.52,2021-03-22,824,N20,VIIRS,n,2,302.47,3.69,D,0
19.71905,79.9482,336.18,0.57,0.52,2021-03-22,824,N20,VIIRS,n,2,302.21,4.45,D,0
19.71944,79.90664,331.11,0.57,0.52,2021-03-22,824,N20,VIIRS,l,2,304.1,3.11,D,0
19.71999,80.40029,335.17,0.61,0.54,2021-03-22,824,N20,VIIRS,n,2,301.94,10.01,D,0
19.72128,80.05389,330.55,0.58,0.52,2021-03-22,824,N20,VIIRS,l,2,302.22,3.5,D,0
19.72243,78.37913,343.74,0.45,0.47,2021-03-22,824,N20,VIIRS,n,2,308.59,3.94,D,0
19.72444,80.0452,342.47,0.58,0.52,2021-03-22,824,N20,VIIRS,n,2,302.85,6.75,D,0
19.72503,80.05079,348.96,0.58,0.52,2021-03-22,824,N20,VIIRS,n,2,303.69,6.75,D,0
19.72546,80.04765,354.92,0.58,0.52,2021-03-22,824,N20,VIIRS,n,2,303.84,9.07,D,0
19.72562,80.05637,330.79,0.58,0.52,2021-03-22,824,N20,VIIRS,l,2,302.89,6.58,D,0
19.72672,80.0588,333.05,0.58,0.52,2021-03-22,824,N20,VIIRS,n,2,303.02,8.41,D,0
19.72826,80.17517,344.98,0.59,0.53,2021-03-22,824,N20,VIIRS,n,2,302.1,6.71,D,0
19.72925,80.0445,334.65,0.58,0.52,2021-03-22,824,N20,VIIRS,n,2,302.87,6.75,D,0
19.72959,80.17173,340.1,0.59,0.53,2021-03-22,824,N20,VIIRS,n,2,302.23,5.53,D,0
19.72964,80.04142,337.13,0.58,0.52,2021-03-22,824,N20,VIIRS,n,2,303.11,9.07,D,0
19.73023,80.17741,343.93,0.59,0.53,2021-03-22,824,N20,VIIRS,n,2,301.82,8.73,D,0
19.73087,78.41298,341.55,0.46,0.47,2021-03-22,824,N20,VIIRS,n,2,305.03,2.58,D,0
19.73313,80.17463,335.65,0.59,0.53,2021-03-22,824,N20,VIIRS,n,2,301.03,6.71,D,0
19.73685,79.84426,333.79,0.56,0.52,2021-03-22,824,N20,VIIRS,n,2,303.45,1.59,D,0
19.73728,80.21439,333.87,0.6,0.53,2021-03-22,824,N20,VIIRS,n,2,300.25,5.64,D,0
19.74103,80.40977,333.22,0.61,0.54,2021-03-22,824,N20,VIIRS,n,2,302.07,3.25,D,0
19.74156,80.69617,354.15,0.32,0.55,2021-03-22,824,N20,VIIRS,n,2,304.54,7.91,D,0
19.74229,80.40739,334.87,0.61,0.54,2021-03-22,824,N20,VIIRS,n,2,302.44,5.69,D,0
19.74355,80.71494,347.81,0.32,0.55,2021-03-22,824,N20,VIIRS,n,2,303.95,5.53,D,0
19.74386,80.71786,336.37,0.32,0.55,2021-03-22,824,N20,VIIRS,n,2,301.11,4.32,D,0
19.74697,80.7473,330.21,0.32,0.55,2021-03-22,824,N20,VIIRS,l,2,300.71,2.16,D,0
19.74929,80.21539,330.66,0.6,0.53,2021-03-22,824,N20,VIIRS,n,2,300.17,3.81,D,0
19.75425,81.27456,333.62,0.35,0.57,2021-03-22,824,N20,VIIRS,n,2,302.67,2.04,D,0
19.76104,80.45507,332.36,0.62,0.54,2021-03-22,824,N20,VIIRS,n,2,302.21,10.43,D,0
19.76128,80.64249,331.36,0.32,0.54,2021-03-22,824,N20,VIIRS,l,2,303.94,1.93,D,0
19.76258,80.45866,335.12,0.62,0.54,2021-03-22,824,N20,VIIRS,n,2,301.92,7.22,D,0
19.76573,80.40691,332.55,0.61,0.54,2021-03-22,824,N20,VIIRS,n,2,301.83,5.22,D,0
19.77022,80.53858,334.69,0.63,0.54,2021-03-22,824,N20,VIIRS,n,2,302.34,4.55,D,0
19.77055,80.53637,335.19,0.63,0.54,2021-03-22,824,N20,VIIRS,n,2,301.92,3.89,D,0
19.77297,80.60963,331.06,0.63,0.54,2021-03-22,824,N20,VIIRS,l,2,302.76,5.15,D,0
19.77444,80.38004,333.87,0.61,0.54,2021-03-22,824,N20,VIIRS,n,2,302.31,4.61,D,0
19.77686,80.45119,330.41,0.62,0.54,2021-03-22,824,N20,VIIRS,n,2,300.3,3.78,D,0
19.77901,79.51138,334.57,0.54,0.51,2021-03-22,824,N20,VIIRS,n,2,302.48,1.66,D,0
19.7831,79.50559,334.28,0.54,0.51,2021-03-22,824,N20,VIIRS,l,2,304.91,4.41,D,0
19.78353,80.04942,334.21,0.58,0.52,2021-03-22,824,N20,VIIRS,n,2,303.84,5.36,D,0
19.78366,79.51076,342.22,0.54,0.51,2021-03-22,824,N20,VIIRS,n,2,304.52,5.64,D,0
19.78615,80.44409,341.28,0.62,0.54,2021-03-22,824,N20,VIIRS,n,2,300.98,9.03,D,0
19.78888,79.51534,333.05,0.54,0.51,2021-03-22,824,N20,VIIRS,l,2,304.08,5.64,D,0
19.78982,80.33658,330.39,0.61,0.53,2021-03-22,824,N20,VIIRS,l,2,301.68,3.38,D,0
19.79275,80.17915,330.61,0.59,0.53,2021-03-22,824,N20,VIIRS,l,2,301.23,5.6,D,0
19.7942,80.4253,335.87,0.62,0.54,2021-03-22,824,N20,VIIRS,n,2,301.65,3.51,D,0
19.79983,80.52685,331.09,0.63,0.54,2021-03-22,824,N20,VIIRS,l,2,302.65,3.03,D,0
19.79986,80.06445,341.87,0.58,0.52,2021-03-22,824,N20,VIIRS,n,2,304.79,4.91,D,0
19.80187,80.17237,334.95,0.59,0.53,2021-03-22,824,N20,VIIRS,n,2,301.92,6.48,D,0
19.80249,80.17801,347.86,0.59,0.53,2021-03-22,824,N20,VIIRS,n,2,301.45,6.48,D,0
19.81009,80.6253,345.6,0.32,0.54,2021-03-22,824,N20,VIIRS,n,2,304.75,4.94,D,0
19.81579,78.71578,343.3,0.48,0.48,2021-03-22,824,N20,VIIRS,n,2,308.95,3.36,D,0
19.81677,80.59209,330.14,0.63,0.54,2021-03-22,824,N20,VIIRS,l,2,304.75,4.43,D,0
19.81861,80.28056,331.29,0.6,0.53,2021-03-22,824,N20,VIIRS,n,2,300.75,2.73,D,0
19.82466,81.04084,333.75,0.34,0.56,2021-03-22,824,N20,VIIRS,n,2,298.6,3.07,D,0
19.82646,80.44567,337.29,0.62,0.54,2021-03-22,824,N20,VIIRS,n,2,300.94,2.84,D,0
19.82647,81.0386,333.67,0.34,0.56,2021-03-22,824,N20,VIIRS,n,2,301.42,2.18,D,0
19.82664,78.65436,331.36,0.47,0.48,2021-03-22,824,N20,VIIRS,l,2,304.77,2.49,D,0
19.82733,77.10085,334.49,0.57,0.43,2021-03-22,824,N20,VIIRS,l,2,309.46,4.23,D,0
19.82896,78.91186,335.48,0.49,0.49,2021-03-22,824,N20,VIIRS,n,2,303.7,5.14,D,0
19.83267,80.27298,332.8,0.6,0.53,2021-03-22,824,N20,VIIRS,n,2,301.44,2.53,D,0
19.83503,80.24932,336.95,0.6,0.53,2021-03-22,824,N20,VIIRS,n,2,301.97,7.47,D,0
19.83757,80.24746,330.87,0.6,0.53,2021-03-22,824,N20,VIIRS,l,2,301.43,4.42,D,0
19.83783,80.18531,331.53,0.6,0.53,2021-03-22,824,N20,VIIRS,l,2,302.25,2.95,D,0
19.85457,78.36701,336.56,0.45,0.47,2021-03-22,824,N20,VIIRS,l,2,308.01,2.76,D,0
19.85473,80.22195,331.45,0.6,0.53,2021-03-22,824,N20,VIIRS,n,2,300.96,6.43,D,0
19.85662,80.40022,332.22,0.62,0.54,2021-03-22,824,N20,VIIRS,n,2,300.07,2.29,D,0
19.8575,80.06177,331.86,0.59,0.52,2021-03-22,824,N20,VIIRS,l,2,304.67,3.89,D,0
19.86474,80.70914,331.45,0.32,0.55,2021-03-22,824,N20,VIIRS,l,2,303.47,1.92,D,0
19.86852,79.10119,345.58,0.51,0.49,2021-03-22,824,N20,VIIRS,n,2,304.45,6.58,D,0
19.87541,80.37258,335.69,0.61,0.54,2021-03-22,824,N20,VIIRS,n,2,299.83,5.73,D,0
19.87768,79.35041,330.5,0.53,0.5,2021-03-22,824,N20,VIIRS,l,2,303.77,1.33,D,0
19.88466,80.36551,334.26,0.61,0.54,2021-03-22,824,N20,VIIRS,n,2,301.25,4.95,D,0
19.88528,80.37141,338.05,0.61,0.54,2021-03-22,824,N20,VIIRS,n,2,300.33,4.95,D,0
19.88961,80.46109,330.48,0.62,0.54,2021-03-22,824,N20,VIIRS,n,2,300.24,4.03,D,0
19.89022,80.37083,332.74,0.61,0.54,2021-03-22,824,N20,VIIRS,n,2,300.54,4.95,D,0
19.89516,80.37025,330.76,0.61,0.54,2021-03-22,824,N20,VIIRS,n,2,300.69,4.96,D,0
19.90057,79.22151,332.55,0.52,0.5,2021-03-22,824,N20,VIIRS,l,2,305.08,0.97,D,0
19.90187,81.11143,339.03,0.34,0.56,2021-03-22,824,N20,VIIRS,n,2,301.07,2.79,D,0
19.90628,80.38086,332.0,0.61,0.54,2021-03-22,824,N20,VIIRS,n,2,300.46,5.94,D,0
19.90744,80.29803,330.29,0.61,0.53,2021-03-22,824,N20,VIIRS,n,2,300.23,3.16,D,0
19.91134,80.06136,337.66,0.59,0.53,2021-03-22,824,N20,VIIRS,n,2,306.65,4.6,D,0
19.91284,77.29862,346.06,0.39,0.44,2021-03-22,824,N20,VIIRS,n,2,306.92,3.18,D,0
19.92239,80.11693,335.39,0.59,0.53,2021-03-22,824,N20,VIIRS,n,2,304.06,9.99,D,0
19.92326,80.21481,331.61,0.6,0.53,2021-03-22,824,N20,VIIRS,l,2,302.22,2.25,D,0
19.92557,78.69841,332.13,0.48,0.48,2021-03-22,824,N20,VIIRS,l,2,306.31,3.35,D,0
19.92568,80.46916,345.29,0.62,0.54,2021-03-22,824,N20,VIIRS,n,2,302.5,8.37,D,0
19.92696,79.04987,332.71,0.5,0.49,2021-03-22,824,N20,VIIRS,l,2,304.73,2.57,D,0
19.92886,79.05204,331.4,0.5,0.49,2021-03-22,824,N20,VIIRS,l,2,304.77,1.49,D,0
19.92938,80.15225,336.74,0.59,0.53,2021-03-22,824,N20,VIIRS,n,2,305.19,5.38,D,0
19.93052,81.18429,335.17,0.35,0.57,2021-03-22,824,N20,VIIRS,n,2,303.4,2.11,D,0
19.93085,81.18751,333.33,0.35,0.57,2021-03-22,824,N20,VIIRS,n,2,302.7,1.2,D,0
19.93137,80.28928,338.85,0.61,0.53,2021-03-22,824,N20,VIIRS,n,2,301.67,5.1,D,0
19.93161,80.15588,337.93,0.59,0.53,2021-03-22,824,N20,VIIRS,n,2,303.51,5.32,D,0
19.93189,80.12882,341.29,0.59,0.53,2021-03-22,824,N20,VIIRS,n,2,304.73,5.62,D,0
19.93247,80.13441,332.58,0.59,0.53,2021-03-22,824,N20,VIIRS,n,2,302.54,5.62,D,0
19.93395,80.13243,344.17,0.59,0.53,2021-03-22,824,N20,VIIRS,n,2,303.94,12.98,D,0
19.93488,81.43181,345.77,0.36,0.57,2021-03-22,824,N20,VIIRS,n,2,308.26,3.76,D,0
19.93533,80.02066,335.01,0.58,0.52,2021-03-22,824,N20,VIIRS,l,2,305.47,4.84,D,0
19.93662,80.02456,333.62,0.58,0.52,2021-03-22,824,N20,VIIRS,l,2,304.74,3.55,D,0
19.94908,78.86533,332.81,0.49,0.49,2021-03-22,824,N20,VIIRS,l,2,303.59,2.4,D,0
19.94942,80.1829,334.49,0.6,0.53,2021-03-22,824,N20,VIIRS,n,2,303.57,6.98,D,0
19.95245,80.18443,340.97,0.6,0.53,2021-03-22,824,N20,VIIRS,n,2,303.94,8.06,D,0
19.95843,79.36096,347.28,0.53,0.5,2021-03-22,824,N20,VIIRS,n,2,304.19,12.75,D,0
19.96218,79.35828,350.38,0.53,0.5,2021-03-22,824,N20,VIIRS,n,2,307.49,18.17,D,0
19.96219,78.27571,336.43,0.45,0.47,2021-03-22,824,N20,VIIRS,n,2,306.09,2.71,D,0
19.96272,79.3633,353.79,0.53,0.5,2021-03-22,824,N20,VIIRS,n,2,309.27,18.17,D,0
19.96285,80.43079,330.12,0.62,0.54,2021-03-22,824,N20,VIIRS,n,2,300.1,4.59,D,0
19.96305,79.36044,355.71,0.53,0.5,2021-03-22,824,N20,VIIRS,n,2,309.77,12.75,D,0
19.96364,79.36547,342.08,0.53,0.5,2021-03-22,824,N20,VIIRS,n,2,305.11,13.99,D,0
19.96572,79.34772,337.4,0.53,0.5,2021-03-22,824,N20,VIIRS,n,2,303.82,4.33,D,0
19.97118,79.39022,334.3,0.53,0.5,2021-03-22,824,N20,VIIRS,n,2,304.92,3.49,D,0
19.97472,79.38757,330.34,0.53,0.5,2021-03-22,824,N20,VIIRS,l,2,303.48,2.08,D,0
19.97523,79.38466,330.61,0.53,0.5,2021-03-22,824,N20,VIIRS,l,2,303.55,3.49,D,0
19.97993,81.14112,330.39,0.35,0.56,2021-03-22,824,N20,VIIRS,l,2,304.54,1.74,D,0
19.98528,79.47148,332.03,0.54,0.51,2021-03-22,824,N20,VIIRS,l,2,303.92,3.02,D,0
19.98544,80.07726,331.1,0.59,0.53,2021-03-22,824,N20,VIIRS,l,2,303.52,1.78,D,0
19.98884,80.4882,333.5,0.63,0.54,2021-03-22,824,N20,VIIRS,n,2,301.3,4.31,D,0
19.99131,81.04731,335.92,0.34,0.56,2021-03-22,824,N20,VIIRS,n,2,305.53,2.84,D,0
19.9964,80.13333,332.57,0.59,0.53,2021-03-22,824,N20,VIIRS,l,2,304.1,3.53,D,0
19.68017,80.4216,295.14,0.37,0.58,2021-03-22,2053,N20,VIIRS,n,2,273.3,0.92,N,0
16.28914,78.74984,303.89,0.33,0.56,2021-03-22,2054,N20,VIIRS,n,2,290.61,0.66,N,0
16.69721,79.64951,307.15,0.38,0.58,2021-03-22,2054,N20,VIIRS,n,2,294.04,0.69,N,2
16.87148,80.02149,304.03,0.39,0.6,2021-03-22,2054,N20,VIIRS,n,2,292.52,0.86,N,2
17.50147,80.5162,304.28,0.41,0.61,2021-03-22,2054,N20,VIIRS,n,2,290.63,2.6,N,0
17.6534,80.23173,304.14,0.39,0.6,2021-03-22,2054,N20,VIIRS,n,2,289.33,0.46,N,0
17.75709,80.68639,303.54,0.42,0.61,2021-03-22,2054,N20,VIIRS,n,2,289.46,0.74,N,0
17.9561,80.80087,308.51,0.42,0.61,2021-03-22,2054,N20,VIIRS,n,2,291.82,1.33,N,2
18.02104,81.1957,302.96,0.45,0.63,2021-03-22,2054,N20,VIIRS,n,2,289.31,0.79,N,0
18.02187,81.19181,303.64,0.45,0.63,2021-03-22,2054,N20,VIIRS,n,2,289.65,0.79,N,0
18.10941,79.95895,300.59,0.37,0.58,2021-03-22,2054,N20,VIIRS,n,2,287.14,0.31,N,0
18.15125,81.12328,309.02,0.44,0.62,2021-03-22,2054,N20,VIIRS,n,2,288.64,1.47,N,0
18.22228,80.8731,308.69,0.42,0.61,2021-03-22,2054,N20,VIIRS,n,2,289.35,2.35,N,0
18.22386,80.86568,304.82,0.42,0.61,2021-03-22,2054,N20,VIIRS,n,2,289.31,2.29,N,0
18.28803,80.06902,302.38,0.37,0.58,2021-03-22,2054,N20,VIIRS,n,2,286.7,1.43,N,0
18.2945,78.08171,302.76,0.55,0.51,2021-03-22,2054,N20,VIIRS,n,2,289.48,1.32,N,0
18.31076,80.86094,311.01,0.42,0.61,2021-03-22,2054,N20,VIIRS,n,2,289.54,1.59,N,0
18.6663,80.59361,310.21,0.4,0.6,2021-03-22,2054,N20,VIIRS,n,2,289.52,1.25,N,0
18.88083,80.48036,305.69,0.39,0.59,2021-03-22,2054,N20,VIIRS,n,2,289.83,1.14,N,0
18.92396,80.48778,304.47,0.39,0.59,2021-03-22,2054,N20,VIIRS,n,2,289.65,2.47,N,0
19.00592,80.45903,302.95,0.38,0.59,2021-03-22,2054,N20,VIIRS,n,2,289.79,1.53,N,0
19.0625,81.17462,314.02,0.42,0.61,2021-03-22,2054,N20,VIIRS,n,2,289.98,2.42,N,0
19.06382,81.17497,312.19,0.42,0.61,2021-03-22,2054,N20,VIIRS,n,2,289.65,1.84,N,0
19.07105,81.21521,303.17,0.43,0.62,2021-03-22,2054,N20,VIIRS,n,2,289.34,1.24,N,0
19.12071,79.37876,304.74,0.32,0.55,2021-03-22,2054,N20,VIIRS,n,2,290.68,1.66,N,0
19.12351,79.31603,307.21,0.32,0.55,2021-03-22,2054,N20,VIIRS,n,2,290.99,1.1,N,0
19.16414,80.94682,309.81,0.41,0.6,2021-03-22,2054,N20,VIIRS,n,2,290.73,2.18,N,0
19.18171,78.8239,306.45,0.59,0.53,2021-03-22,2054,N20,VIIRS,n,2,290.09,3.08,N,0
19.19162,79.41171,304.83,0.32,0.55,2021-03-22,2054,N20,VIIRS,n,2,289.16,0.72,N,0
19.22383,79.35938,303.55,0.32,0.55,2021-03-22,2054,N20,VIIRS,n,2,290.76,0.44,N,0
19.33549,80.73498,305.58,0.39,0.59,2021-03-22,2054,N20,VIIRS,n,2,290.49,2.65,N,0
15.53996,78.68285,311.27,0.34,0.56,2021-03-22,2055,N20,VIIRS,n,2,292.6,0.91,N,0
15.54209,78.68397,307.58,0.34,0.56,2021-03-22,2055,N20,VIIRS,n,2,292.73,1.1,N,0
15.54384,78.68977,308.58,0.34,0.56,2021-03-22,2055,N20,VIIRS,n,2,292.81,1.32,N,0
15.54532,78.69446,307.75,0.34,0.56,2021-03-22,2055,N20,VIIRS,n,2,293.47,0.77,N,0
15.54569,78.70676,304.06,0.34,0.56,2021-03-22,2055,N20,VIIRS,n,2,292.72,1.07,N,0
15.54597,78.69112,303.79,0.34,0.56,2021-03-22,2055,N20,VIIRS,n,2,292.62,0.69,N,0
15.54617,78.71722,307.28,0.34,0.56,2021-03-22,2055,N20,VIIRS,n,2,292.91,1.5,N,0
15.5463,78.70372,305.38,0.34,0.56,2021-03-22,2055,N20,VIIRS,n,2,292.86,0.65,N,0
15.54695,78.70054,302.89,0.34,0.56,2021-03-22,2055,N20,VIIRS,n,2,291.65,0.65,N,0
15.54743,78.71076,304.53,0.34,0.56,2021-03-22,2055,N20,VIIRS,n,2,293.1,0.87,N,0
15.54801,78.70779,308.36,0.34,0.56,2021-03-22,2055,N20,VIIRS,n,2,292.65,0.87,N,0
15.54828,78.69396,310.62,0.34,0.56,2021-03-22,2055,N20,VIIRS,n,2,293.01,1.23,N,0
15.5486,78.7048,306.39,0.34,0.56,2021-03-22,2055,N20,VIIRS,n,2,292.86,0.72,N,0
15.54867,78.77073,304.66,0.35,0.56,2021-03-22,2055,N20,VIIRS,n,2,291.7,0.82,N,0
15.54921,78.70163,303.56,0.34,0.56,2021-03-22,2055,N20,VIIRS,n,2,292.22,0.72,N,0
15.54967,78.71326,305.29,0.34,0.56,2021-03-22,2055,N20,VIIRS,n,2,293.14,1.77,N,0
15.54986,78.76485,305.8,0.34,0.56,2021-03-22,2055,N20,VIIRS,n,2,291.84,1.01,N,0
15.5503,78.71014,309.37,0.34,0.56,2021-03-22,2055,N20,VIIRS,n,2,292.88,1.07,N,0
15.55047,78.69514,303.92,0.34,0.56,2021-03-22,2055,N20,VIIRS,n,2,292.32,0.77,N,0
15.55094,78.75951,305.46,0.34,0.56,2021-03-22,2055,N20,VIIRS,n,2,292.9,1.49,N,0
15.55498,78.7658,308.46,0.34,0.56,2021-03-22,2055,N20,VIIRS,n,2,291.38,1.43,N,0
15.55554,78.76305,309.5,0.34,0.56,2021-03-22,2055,N20,VIIRS,n,2,291.65,1.17,N,0
15.55608,78.76033,311.85,0.34,0.56,2021-03-22,2055,N20,VIIRS,n,2,291.76,1.17,N,0
15.55663,78.75761,311.4,0.34,0.56,2021-03-22,2055,N20,VIIRS,n,2,292.45,0.98,N,0
15.56239,78.75537,302.74,0.34,0.56,2021-03-22,2055,N20,VIIRS,n,2,292.11,0.98,N,0
15.59007,78.72302,308.14,0.34,0.56,2021-03-22,2055,N20,VIIRS,n,2,291.51,0.71,N,0
15.59071,78.71983,305.26,0.34,0.56,2021-03-22,2055,N20,VIIRS,n,2,291.54,0.71,N,0
15.59168,78.68847,302.76,0.34,0.56,2021-03-22,2055,N20,VIIRS,n,2,291.46,0.58,N,0
15.59287,78.6825,304.99,0.34,0.56,2021-03-22,2055,N20,VIIRS,n,2,292.13,0.95,N,0
15.65033,78.73949,305.54,0.34,0.56,2021-03-22,2055,N20,VIIRS,n,2,290.9,0.74,N,0
15.65296,78.74158,301.28,0.34,0.56,2021-03-22,2055,N20,VIIRS,n,2,290.19,0.85,N,0
15.65363,78.7383,307.39,0.34,0.56,2021-03-22,2055,N20,VIIRS,n,2,291.08,0.83,N,0
15.65869,78.73946,311.92,0.34,0.56,2021-03-22,2055,N20,VIIRS,n,2,291.09,0.55,N,0
15.69723,78.70551,305.61,0.34,0.56,2021-03-22,2055,N20,VIIRS,n,2,293.04,0.84,N,0
15.70294,78.70334,306.68,0.34,0.56,2021-03-22,2055,N20,VIIRS,n,2,292.97,0.84,N,0
15.70808,78.83753,304.93,0.35,0.56,2021-03-22,2055,N20,VIIRS,n,2,291.33,0.96,N,0
15.70867,78.70106,305.58,0.34,0.56,2021-03-22,2055,N20,VIIRS,n,2,293.09,0.97,N,0
15.70924,78.6982,312.75,0.34,0.56,2021-03-22,2055,N20,VIIRS,n,2,293.42,0.97,N,0
15.71491,78.69617,304.54,0.34,0.56,2021-03-22,2055,N20,VIIRS,n,2,292.86,1.33,N,0
15.72447,78.70116,309.52,0.34,0.56,2021-03-22,2055,N20,VIIRS,n,2,292.61,1.02,N,0
15.72501,78.69842,303.39,0.34,0.56,2021-03-22,2055,N20,VIIRS,n,2,292.66,0.99,N,0
15.72944,78.70271,324.87,0.34,0.56,2021-03-22,2055,N20,VIIRS,n,2,293.58,1.72,N,0
15.79938,79.03306,303.41,0.36,0.57,2021-03-22,2055,N20,VIIRS,n,2,291.21,0.85,N,0
15.80032,79.03468,310.54,0.36,0.57,2021-03-22,2055,N20,VIIRS,n,2,292.4,0.98,N,0
15.80398,79.0431,329.52,0.36,0.57,2021-03-22,2055,N20,VIIRS,n,2,292.32,1.62,N,0
15.80481,79.06018,305.7,0.36,0.57,2021-03-22,2055,N20,VIIRS,n,2,293.01,1.08,N,0
15.8055,79.05664,318.07,0.36,0.57,2021-03-22,2055,N20,VIIRS,n,2,292.49,1.08,N,0
15.80553,79.03552,301.84,0.36,0.57,2021-03-22,2055,N20,VIIRS,n,2,291.08,2.31,N,0
15.80558,79.06163,307.03,0.36,0.57,2021-03-22,2055,N20,VIIRS,n,2,293.34,1.27,N,0
15.80631,79.05805,322.29,0.36,0.57,2021-03-22,2055,N20,VIIRS,n,2,294.5,1.27,N,0
15.80754,79.04628,304.1,0.36,0.57,2021-03-22,2055,N20,VIIRS,n,2,291.96,1.97,N,0
15.80826,79.04263,331.23,0.36,0.57,2021-03-22,2055,N20,VIIRS,n,2,291.48,1.97,N,0
15.80912,79.04433,314.25,0.36,0.57,2021-03-22,2055,N20,VIIRS,n,2,291.03,1.62,N,0
15.81162,79.05849,309.71,0.36,0.57,2021-03-22,2055,N20,VIIRS,n,2,292.21,1.72,N,0
15.81234,79.05498,327.65,0.36,0.57,2021-03-22,2055,N20,VIIRS,n,2,292.51,2.0,N,0
15.81299,79.05179,320.15,0.36,0.57,2021-03-22,2055,N20,VIIRS,n,2,290.83,2.0,N,0
15.99745,78.78329,305.75,0.34,0.56,2021-03-22,2055,N20,VIIRS,n,2,292.57,1.32,N,0
16.00334,78.78025,311.37,0.34,0.56,2021-03-22,2055,N20,VIIRS,n,2,294.02,1.55,N,0
16.00944,78.77613,307.35,0.34,0.56,2021-03-22,2055,N20,VIIRS,n,2,292.5,1.2,N,0
16.0117,78.87057,298.41,0.34,0.56,2021-03-22,2055,N20,VIIRS,n,2,286.51,0.2,N,0
16.01792,78.86598,304.0,0.34,0.56,2021-03-22,2055,N20,VIIRS,n,2,286.66,0.47,N,0
16.12681,78.70827,300.36,0.33,0.56,2021-03-22,2055,N20,VIIRS,n,2,289.61,0.25,N,0
16.15057,79.18252,298.79,0.36,0.57,2021-03-22,2055,N20,VIIRS,n,2,282.2,0.71,N,0
16.29842,78.73386,301.81,0.33,0.55,2021-03-22,2055,N20,VIIRS,n,2,289.94,0.47,N,0
15.50057,78.75637,339.72,0.39,0.36,2021-03-23,804,N20,VIIRS,n,2,308.56,10.93,D,0
15.5011,78.75994,352.86,0.39,0.36,2021-03-23,804,N20,VIIRS,n,2,318.06,10.93,D,0
15.50162,78.76351,338.22,0.39,0.36,2021-03-23,804,N20,VIIRS,n,2,311.4,13.91,D,0
15.50337,78.75225,347.53,0.39,0.36,2021-03-23,804,N20,VIIRS,n,2,319.16,17.47,D,0
15.5039,78.75585,348.18,0.39,0.36,2021-03-23,804,N20,VIIRS,n,2,315.38,18.78,D,0
15.50827,78.76247,340.54,0.39,0.36,2021-03-23,804,N20,VIIRS,l,2,313.12,3.49,D,0
15.51754,78.77927,338.14,0.39,0.36,2021-03-23,804,N20,VIIRS,n,2,305.95,3.57,D,0
15.52066,79.19841,345.47,0.4,0.37,2021-03-23,804,N20,VIIRS,n,2,313.43,6.06,D,0
15.53991,78.67945,338.85,0.39,0.36,2021-03-23,804,N20,VIIRS,l,2,310.62,2.76,D,0
15.54015,78.72758,341.08,0.39,0.36,2021-03-23,804,N20,VIIRS,n,2,310.71,2.8,D,0
15.54096,78.68661,336.02,0.39,0.36,2021-03-23,804,N20,VIIRS,n,2,308.8,6.75,D,0
15.54348,78.72705,340.72,0.39,0.36,2021-03-23,804,N20,VIIRS,n,2,309.72,2.8,D,0
15.54428,78.68609,367.0,0.39,0.36,2021-03-23,804,N20,VIIRS,h,2,312.47,6.75,D,0
15.54481,78.6897,337.65,0.39,0.36,2021-03-23,804,N20,VIIRS,n,2,309.38,2.67,D,0
15.54626,78.72282,337.63,0.39,0.36,2021-03-23,804,N20,VIIRS,n,2,311.17,4.73,D,0
15.54852,78.71498,340.7,0.39,0.36,2021-03-23,804,N20,VIIRS,n,2,309.7,3.91,D,0
15.54901,80.03573,337.79,0.42,0.38,2021-03-23,804,N20,VIIRS,l,2,310.43,3.23,D,0
15.54905,78.71862,350.12,0.39,0.36,2021-03-23,804,N20,VIIRS,n,2,311.5,4.73,D,0
15.54948,78.65207,334.36,0.39,0.36,2021-03-23,804,N20,VIIRS,l,2,307.55,2.9,D,0
15.54958,78.72227,367.0,0.39,0.36,2021-03-23,804,N20,VIIRS,h,2,312.36,4.73,D,0
15.55025,78.70364,339.82,0.39,0.36,2021-03-23,804,N20,VIIRS,l,2,310.4,7.68,D,0
15.55078,78.70723,341.05,0.39,0.36,2021-03-23,804,N20,VIIRS,n,2,309.91,7.68,D,0
15.5513,78.71081,351.13,0.39,0.36,2021-03-23,804,N20,VIIRS,n,2,309.57,23.09,D,0
15.55198,78.69225,346.59,0.39,0.36,2021-03-23,804,N20,VIIRS,n,2,309.53,7.65,D,0
15.55251,78.69586,352.44,0.39,0.36,2021-03-23,804,N20,VIIRS,n,2,309.63,8.36,D,0
15.55304,78.69947,351.63,0.39,0.36,2021-03-23,804,N20,VIIRS,n,2,309.04,8.36,D,0
15.55312,78.76966,339.84,0.39,0.36,2021-03-23,804,N20,VIIRS,n,2,312.84,3.58,D,0
15.55357,78.70307,354.13,0.39,0.36,2021-03-23,804,N20,VIIRS,n,2,311.6,7.68,D,0
15.5541,78.70667,344.0,0.39,0.36,2021-03-23,804,N20,VIIRS,n,2,311.65,7.68,D,0
15.55462,78.71025,345.48,0.39,0.36,2021-03-23,804,N20,VIIRS,n,2,320.03,23.09,D,0
15.5554,78.76199,347.2,0.39,0.36,2021-03-23,804,N20,VIIRS,n,2,310.91,5.31,D,0
15.55592,78.76556,345.81,0.39,0.36,2021-03-23,804,N20,VIIRS,n,2,308.69,5.31,D,0
15.55644,78.76913,345.07,0.39,0.36,2021-03-23,804,N20,VIIRS,n,2,309.11,3.58,D,0
15.55742,78.70612,339.98,0.39,0.36,2021-03-23,804,N20,VIIRS,n,2,305.91,2.45,D,0
15.55794,78.70971,352.93,0.39,0.36,2021-03-23,804,N20,VIIRS,n,2,312.66,9.97,D,0
15.55873,78.76148,352.17,0.39,0.36,2021-03-23,804,N20,VIIRS,n,2,314.02,7.43,D,0
15.55925,78.76505,337.33,0.39,0.36,2021-03-23,804,N20,VIIRS,n,2,309.96,7.43,D,0
15.56088,78.68344,340.75,0.39,0.36,2021-03-23,804,N20,VIIRS,n,2,309.44,2.48,D,0
15.56205,78.76096,338.83,0.39,0.36,2021-03-23,804,N20,VIIRS,n,2,311.33,7.43,D,0
15.56421,78.68292,336.45,0.39,0.36,2021-03-23,804,N20,VIIRS,l,2,307.62,2.48,D,0
15.56485,78.75684,346.26,0.39,0.36,2021-03-23,804,N20,VIIRS,n,2,310.46,5.25,D,0
15.56538,78.76044,336.43,0.39,0.36,2021-03-23,804,N20,VIIRS,l,2,310.76,3.52,D,0
15.58397,78.70183,342.15,0.39,0.36,2021-03-23,804,N20,VIIRS,n,2,307.62,13.66,D,0
15.58451,78.70544,336.06,0.39,0.36,2021-03-23,804,N20,VIIRS,l,2,307.16,4.73,D,0
15.58664,78.71992,356.31,0.39,0.36,2021-03-23,804,N20,VIIRS,n,2,317.88,16.33,D,0
15.58677,78.69769,343.06,0.39,0.36,2021-03-23,804,N20,VIIRS,n,2,305.89,13.66,D,0
15.58717,78.72354,354.29,0.39,0.36,2021-03-23,804,N20,VIIRS,n,2,312.84,16.33,D,0
15.5873,78.70131,349.46,0.39,0.36,2021-03-23,804,N20,VIIRS,n,2,316.62,13.66,D,0
15.58798,78.68284,331.61,0.39,0.36,2021-03-23,804,N20,VIIRS,l,2,306.31,2.41,D,0
15.58889,78.71214,347.7,0.39,0.36,2021-03-23,804,N20,VIIRS,n,2,306.76,15.13,D,0
15.58943,78.71576,333.05,0.39,0.36,2021-03-23,804,N20,VIIRS,l,2,305.82,15.13,D,0
15.58956,78.69358,342.08,0.39,0.36,2021-03-23,804,N20,VIIRS,n,2,308.64,5.98,D,0
15.59102,78.72661,353.6,0.39,0.36,2021-03-23,804,N20,VIIRS,n,2,311.96,7.54,D,0
15.59488,78.72971,354.29,0.39,0.36,2021-03-23,804,N20,VIIRS,n,2,313.34,8.47,D,0
15.59874,78.73282,344.99,0.39,0.36,2021-03-23,804,N20,VIIRS,n,2,309.7,4.52,D,0
15.60206,78.73228,341.25,0.39,0.36,2021-03-23,804,N20,VIIRS,n,2,308.44,3.5,D,0
15.60538,78.73174,349.95,0.39,0.36,2021-03-23,804,N20,VIIRS,n,2,309.7,3.5,D,0
15.60592,78.73537,334.93,0.39,0.36,2021-03-23,804,N20,VIIRS,l,2,308.08,3.5,D,0
15.60923,78.73484,337.23,0.39,0.36,2021-03-23,804,N20,VIIRS,l,2,308.6,2.73,D,0
15.61256,78.73431,337.61,0.39,0.36,2021-03-23,804,N20,VIIRS,l,2,310.27,2.73,D,0
15.6139,78.69727,346.53,0.39,0.36,2021-03-23,804,N20,VIIRS,n,2,310.17,5.5,D,0
15.61642,78.7374,334.93,0.39,0.36,2021-03-23,804,N20,VIIRS,l,2,308.27,2.97,D,0
15.61776,78.70037,341.88,0.39,0.36,2021-03-23,804,N20,VIIRS,n,2,308.23,3.74,D,0
15.62089,78.83714,338.13,0.39,0.36,2021-03-23,804,N20,VIIRS,l,2,310.02,1.69,D,0
15.62143,78.84081,339.68,0.39,0.36,2021-03-23,804,N20,VIIRS,l,2,311.54,4.57,D,0
15.62245,78.663,339.63,0.39,0.36,2021-03-23,804,N20,VIIRS,n,2,309.45,2.87,D,0
15.62306,78.73636,334.44,0.39,0.36,2021-03-23,804,N20,VIIRS,l,2,309.08,4.97,D,0
15.6236,78.73997,346.91,0.39,0.36,2021-03-23,804,N20,VIIRS,n,2,309.5,4.97,D,0
15.62692,78.73947,351.04,0.39,0.36,2021-03-23,804,N20,VIIRS,n,2,308.76,4.97,D,0
15.62737,78.67329,346.5,0.39,0.36,2021-03-23,804,N20,VIIRS,n,2,310.22,3.77,D,0
15.63079,78.74258,355.04,0.39,0.36,2021-03-23,804,N20,VIIRS,n,2,310.95,4.07,D,0
15.63132,78.74622,334.45,0.39,0.36,2021-03-23,804,N20,VIIRS,l,2,306.22,4.07,D,0
15.63466,78.74574,340.03,0.39,0.36,2021-03-23,804,N20,VIIRS,n,2,308.73,4.07,D,0
15.63799,78.74525,337.66,0.39,0.36,2021-03-23,804,N20,VIIRS,l,2,307.78,2.74,D,0
15.64429,78.74356,332.67,0.39,0.36,2021-03-23,804,N20,VIIRS,l,2,306.85,2.46,D,0
15.65426,78.742,338.78,0.39,0.36,2021-03-23,804,N20,VIIRS,l,2,309.71,4.15,D,0
15.65759,78.74148,337.28,0.39,0.36,2021-03-23,804,N20,VIIRS,l,2,309.92,2.41,D,0
15.65772,79.64518,343.06,0.41,0.37,2021-03-23,804,N20,VIIRS,l,2,316.2,9.74,D,0
15.70191,78.83501,341.46,0.39,0.36,2021-03-23,804,N20,VIIRS,n,2,311.33,3.7,D,0
15.70245,78.83872,337.31,0.39,0.36,2021-03-23,804,N20,VIIRS,l,2,310.1,3.7,D,0
15.703,78.84248,334.93,0.39,0.36,2021-03-23,804,N20,VIIRS,l,2,308.68,1.62,D,0
15.70633,78.84196,336.34,0.39,0.36,2021-03-23,804,N20,VIIRS,l,2,309.49,3.41,D,0
15.70967,78.84148,350.18,0.39,0.36,2021-03-23,804,N20,VIIRS,n,2,311.45,3.41,D,0
15.71165,78.69264,348.42,0.39,0.36,2021-03-23,804,N20,VIIRS,n,2,311.96,4.54,D,0
15.71498,78.69212,344.96,0.39,0.36,2021-03-23,804,N20,VIIRS,n,2,308.23,4.54,D,0
15.73373,78.70396,334.51,0.39,0.36,2021-03-23,804,N20,VIIRS,l,2,309.39,2.54,D,0
15.73377,78.79665,336.03,0.39,0.36,2021-03-23,804,N20,VIIRS,l,2,310.82,1.72,D,0
15.74934,78.69742,337.12,0.39,0.36,2021-03-23,804,N20,VIIRS,l,2,311.44,4.86,D,0
15.75844,79.05849,345.73,0.4,0.37,2021-03-23,804,N20,VIIRS,n,2,311.32,4.92,D,0
15.76431,77.01717,350.75,0.39,0.36,2021-03-23,804,N20,VIIRS,n,2,325.18,15.66,D,0
15.78922,79.03476,347.66,0.4,0.37,2021-03-23,804,N20,VIIRS,n,2,308.32,16.68,D,0
15.79201,79.03047,347.44,0.4,0.37,2021-03-23,804,N20,VIIRS,n,2,308.33,16.68,D,0
15.79256,79.03419,346.92,0.4,0.37,2021-03-23,804,N20,VIIRS,n,2,316.35,16.68,D,0
15.79416,79.02973,342.46,0.4,0.37,2021-03-23,804,N20,VIIRS,n,2,309.3,5.52,D,0
15.79523,79.03721,350.14,0.4,0.37,2021-03-23,804,N20,VIIRS,n,2,311.21,8.91,D,0
15.79589,79.01801,347.51,0.4,0.37,2021-03-23,804,N20,VIIRS,n,2,309.77,5.7,D,0
15.79643,79.02174,336.37,0.4,0.37,2021-03-23,804,N20,VIIRS,l,2,308.85,5.34,D,0
15.7975,79.02915,341.59,0.4,0.37,2021-03-23,804,N20,VIIRS,n,2,309.56,5.52,D,0
15.79804,79.03288,346.87,0.4,0.37,2021-03-23,804,N20,VIIRS,n,2,308.38,5.52,D,0
15.7987,79.01375,343.62,0.4,0.37,2021-03-23,804,N20,VIIRS,n,2,311.74,13.01,D,0
15.79924,79.01747,335.37,0.4,0.37,2021-03-23,804,N20,VIIRS,l,2,307.27,13.01,D,0
15.80031,79.02489,346.76,0.4,0.37,2021-03-23,804,N20,VIIRS,n,2,308.22,6.75,D,0
15.80051,78.83795,338.12,0.39,0.36,2021-03-23,804,N20,VIIRS,l,2,312.76,9.85,D,0
15.80353,79.04727,339.46,0.4,0.37,2021-03-23,804,N20,VIIRS,n,2,310.45,4.07,D,0
15.80439,78.84116,337.2,0.39,0.36,2021-03-23,804,N20,VIIRS,l,2,310.79,4.52,D,0
15.8062,79.06585,336.93,0.4,0.37,2021-03-23,804,N20,VIIRS,l,2,309.54,2.02,D,0
15.80741,79.05042,350.5,0.4,0.37,2021-03-23,804,N20,VIIRS,n,2,310.3,5.94,D,0
15.80772,78.84063,337.51,0.39,0.36,2021-03-23,804,N20,VIIRS,l,2,311.84,4.89,D,0
15.81022,79.04619,335.93,0.4,0.37,2021-03-23,804,N20,VIIRS,l,2,307.88,1.19,D,0
15.81144,79.03086,352.19,0.4,0.37,2021-03-23,804,N20,VIIRS,n,2,308.43,13.32,D,0
15.81159,78.84375,345.21,0.39,0.36,2021-03-23,804,N20,VIIRS,n,2,313.87,4.89,D,0
15.81492,78.8432,342.5,0.39,0.36,2021-03-23,804,N20,VIIRS,n,2,311.15,3.66,D,0
15.81545,79.01127,349.37,0.4,0.37,2021-03-23,804,N20,VIIRS,n,2,308.26,5.68,D,0
15.87093,79.62003,350.36,0.41,0.37,2021-03-23,804,N20,VIIRS,n,2,317.69,18.33,D,0
15.92601,78.65123,345.06,0.39,0.36,2021-03-23,804,N20,VIIRS,n,2,318.69,6.81,D,0
15.93161,78.92233,344.73,0.39,0.37,2021-03-23,804,N20,VIIRS,n,2,310.37,1.99,D,0
15.97596,79.42172,347.52,0.41,0.37,2021-03-23,804,N20,VIIRS,n,2,313.34,8.44,D,0
15.97935,79.42121,346.69,0.41,0.37,2021-03-23,804,N20,VIIRS,n,2,314.87,7.42,D,0
15.98505,78.84967,341.17,0.39,0.36,2021-03-23,804,N20,VIIRS,n,2,312.48,3.68,D,0
15.98839,78.84913,341.54,0.39,0.36,2021-03-23,804,N20,VIIRS,n,2,311.08,3.68,D,0
16.00275,78.78366,345.2,0.39,0.36,2021-03-23,804,N20,VIIRS,n,2,313.7,9.2,D,0
16.0115,77.21037,348.12,0.39,0.36,2021-03-23,804,N20,VIIRS,l,2,322.74,13.11,D,0
16.01752,78.97962,343.78,0.4,0.37,2021-03-23,804,N20,VIIRS,n,2,312.03,10.29,D,0
16.02033,78.97542,343.75,0.4,0.37,2021-03-23,804,N20,VIIRS,n,2,310.39,3.04,D,0
16.02165,78.86658,342.67,0.39,0.37,2021-03-23,804,N20,VIIRS,l,2,312.68,13.87,D,0
16.02744,77.22607,350.38,0.39,0.36,2021-03-23,804,N20,VIIRS,l,2,323.69,18.05,D,0
16.03463,78.53728,367.0,0.39,0.36,2021-03-23,804,N20,VIIRS,h,2,327.6,62.28,D,0
16.05874,79.33961,348.35,0.4,0.37,2021-03-23,804,N20,VIIRS,n,2,316.51,9.55,D,0
16.07813,78.92565,352.21,0.4,0.37,2021-03-23,804,N20,VIIRS,n,2,315.96,4.41,D,0
16.08094,78.92147,341.34,0.4,0.37,2021-03-23,804,N20,VIIRS,l,2,313.93,6.65,D,0
16.08138,78.83123,339.75,0.39,0.36,2021-03-23,804,N20,VIIRS,l,2,311.35,5.2,D,0
16.08148,78.92515,337.64,0.4,0.37,2021-03-23,804,N20,VIIRS,l,2,312.28,4.41,D,0
16.08314,79.83266,343.22,0.42,0.38,2021-03-23,804,N20,VIIRS,n,2,308.59,3.45,D,0
16.08471,78.83067,351.51,0.39,0.36,2021-03-23,804,N20,VIIRS,n,2,314.97,15.62,D,0
16.08527,78.83444,356.44,0.39,0.36,2021-03-23,804,N20,VIIRS,n,2,317.2,13.44,D,0
16.12036,78.70535,348.15,0.39,0.36,2021-03-23,804,N20,VIIRS,n,2,317.64,17.31,D,0
16.12315,78.70116,355.65,0.39,0.36,2021-03-23,804,N20,VIIRS,n,2,318.36,17.31,D,0
16.12369,78.70483,341.11,0.39,0.36,2021-03-23,804,N20,VIIRS,l,2,315.28,17.31,D,0
16.12529,78.71578,340.51,0.39,0.36,2021-03-23,804,N20,VIIRS,l,2,311.55,7.35,D,0
16.12702,78.70432,367.0,0.39,0.36,2021-03-23,804,N20,VIIRS,l,2,336.56,101.63,D,0
16.12756,78.70797,349.06,0.39,0.36,2021-03-23,804,N20,VIIRS,n,2,314.83,5.5,D,0
16.12797,78.99289,348.86,0.4,0.37,2021-03-23,804,N20,VIIRS,n,2,317.57,14.58,D,0
16.12809,78.71163,344.37,0.39,0.36,2021-03-23,804,N20,VIIRS,n,2,314.27,5.5,D,0
16.13089,78.70744,355.72,0.39,0.36,2021-03-23,804,N20,VIIRS,n,2,316.05,5.5,D,0
16.13132,78.99236,344.84,0.4,0.37,2021-03-23,804,N20,VIIRS,n,2,313.83,14.58,D,0
16.13142,78.7111,346.56,0.39,0.36,2021-03-23,804,N20,VIIRS,n,2,311.47,5.5,D,0
16.13221,79.29752,342.87,0.4,0.37,2021-03-23,804,N20,VIIRS,l,2,314.8,5.61,D,0
16.14457,79.1805,336.17,0.4,0.37,2021-03-23,804,N20,VIIRS,l,2,310.98,2.15,D,0
16.14766,78.56709,338.28,0.39,0.36,2021-03-23,804,N20,VIIRS,l,2,311.48,2.38,D,0
16.1513,78.6148,349.03,0.39,0.36,2021-03-23,804,N20,VIIRS,n,2,316.98,7.43,D,0
16.15238,79.18695,337.6,0.4,0.37,2021-03-23,804,N20,VIIRS,l,2,309.86,2.35,D,0
16.15749,79.00747,346.59,0.4,0.37,2021-03-23,804,N20,VIIRS,n,2,314.0,6.36,D,0
16.15803,79.01118,341.61,0.4,0.37,2021-03-23,804,N20,VIIRS,l,2,314.44,3.91,D,0
16.16138,79.01068,346.07,0.4,0.37,2021-03-23,804,N20,VIIRS,n,2,313.91,3.91,D,0
16.17297,77.35591,346.03,0.38,0.36,2021-03-23,804,N20,VIIRS,n,2,314.5,7.95,D,0
16.17812,78.66158,340.15,0.39,0.36,2021-03-23,804,N20,VIIRS,l,2,314.71,5.29,D,0
16.19196,78.66309,352.53,0.39,0.36,2021-03-23,804,N20,VIIRS,n,2,322.34,30.92,D,0
16.19529,78.66256,367.0,0.39,0.36,2021-03-23,804,N20,VIIRS,h,2,318.26,23.03,D,0
16.19582,78.6662,344.75,0.39,0.36,2021-03-23,804,N20,VIIRS,n,2,314.05,3.63,D,0
16.20477,79.43322,339.72,0.41,0.37,2021-03-23,804,N20,VIIRS,l,2,314.24,5.22,D,0
16.24738,78.76263,354.68,0.39,0.36,2021-03-23,804,N20,VIIRS,n,2,315.89,6.82,D,0
16.24792,78.7663,340.04,0.39,0.36,2021-03-23,804,N20,VIIRS,l,2,312.04,6.82,D,0
16.25551,79.56985,345.62,0.41,0.37,2021-03-23,804,N20,VIIRS,n,2,313.97,7.47,D,0
16.25912,78.65664,344.59,0.39,0.36,2021-03-23,804,N20,VIIRS,l,2,316.33,5.64,D,0
16.26209,78.81657,340.2,0.39,0.37,2021-03-23,804,N20,VIIRS,l,2,314.74,4.65,D,0
16.26262,78.82025,339.35,0.39,0.37,2021-03-23,804,N20,VIIRS,l,2,313.36,3.2,D,0
16.26578,78.65561,341.92,0.39,0.36,2021-03-23,804,N20,VIIRS,l,2,315.68,7.53,D,0
16.26685,78.66287,345.44,0.39,0.36,2021-03-23,804,N20,VIIRS,l,2,316.98,4.03,D,0
16.26965,78.65874,342.82,0.39,0.36,2021-03-23,804,N20,VIIRS,l,2,316.37,7.93,D,0
16.27027,78.84925,339.86,0.4,0.37,2021-03-23,804,N20,VIIRS,l,2,313.89,5.39,D,0
16.27308,78.84502,351.85,0.39,0.37,2021-03-23,804,N20,VIIRS,n,2,318.63,19.54,D,0
16.27362,78.84873,346.05,0.4,0.37,2021-03-23,804,N20,VIIRS,n,2,315.56,5.39,D,0
16.28967,78.7486,337.38,0.39,0.36,2021-03-23,804,N20,VIIRS,l,2,312.0,2.81,D,0
16.2903,78.72973,338.4,0.39,0.36,2021-03-23,804,N20,VIIRS,l,2,312.99,4.61,D,0
16.29084,78.73339,342.04,0.39,0.36,2021-03-23,804,N20,VIIRS,n,2,312.17,4.09,D,0
16.29671,78.79639,335.96,0.39,0.36,2021-03-23,804,N20,VIIRS,l,2,310.28,1.42,D,0
16.29865,79.50331,332.85,0.41,0.37,2021-03-23,804,N20,VIIRS,l,2,307.15,3.31,D,0
16.30167,78.80692,338.03,0.39,0.37,2021-03-23,804,N20,VIIRS,l,2,312.95,3.91,D,0
16.30376,78.80286,344.05,0.39,0.37,2021-03-23,804,N20,VIIRS,n,2,313.59,9.18,D,0
16.30429,78.80653,352.9,0.39,0.37,2021-03-23,804,N20,VIIRS,n,2,312.12,6.62,D,0
16.30589,78.81754,340.41,0.39,0.37,2021-03-23,804,N20,VIIRS,l,2,315.21,19.06,D,0
16.30641,78.82121,341.21,0.39,0.37,2021-03-23,804,N20,VIIRS,l,2,315.04,5.75,D,0
16.30922,78.81699,354.73,0.39,0.37,2021-03-23,804,N20,VIIRS,n,2,323.09,19.06,D,0
16.30975,78.82066,350.89,0.39,0.37,2021-03-23,804,N20,VIIRS,n,2,317.1,5.75,D,0
16.31081,78.828,347.62,0.39,0.37,2021-03-23,804,N20,VIIRS,n,2,316.66,8.72,D,0
16.31256,78.81645,348.0,0.39,0.37,2021-03-23,804,N20,VIIRS,n,2,317.47,7.08,D,0
16.31309,78.82011,343.22,0.39,0.37,2021-03-23,804,N20,VIIRS,n,2,316.58,2.87,D,0
16.31362,78.82379,341.51,0.39,0.37,2021-03-23,804,N20,VIIRS,l,2,315.47,2.87,D,0
16.3159,78.81591,367.0,0.39,0.37,2021-03-23,804,N20,VIIRS,h,2,316.51,7.08,D,0
16.31643,78.81958,342.38,0.39,0.37,2021-03-23,804,N20,VIIRS,n,2,311.64,2.87,D,0
16.3175,78.82695,343.48,0.39,0.37,2021-03-23,804,N20,VIIRS,l,2,314.46,2.86,D,0
16.32084,78.82643,351.11,0.39,0.37,2021-03-23,804,N20,VIIRS,n,2,315.09,6.42,D,0
16.32261,78.72103,340.11,0.39,0.36,2021-03-23,804,N20,VIIRS,l,2,311.25,2.94,D,0
16.32594,78.72053,336.85,0.39,0.36,2021-03-23,804,N20,VIIRS,n,2,311.19,1.57,D,0
16.33408,78.75301,346.53,0.39,0.36,2021-03-23,804,N20,VIIRS,n,2,313.15,5.68,D,0
16.33595,78.71898,340.57,0.39,0.36,2021-03-23,804,N20,VIIRS,l,2,315.16,4.06,D,0
16.33742,78.75249,348.82,0.39,0.36,2021-03-23,804,N20,VIIRS,n,2,314.02,8.7,D,0
16.33863,78.73737,350.77,0.39,0.36,2021-03-23,804,N20,VIIRS,n,2,311.67,7.13,D,0
16.34595,78.71743,342.39,0.39,0.36,2021-03-23,804,N20,VIIRS,l,2,314.8,4.19,D,0
16.35369,78.72373,338.89,0.39,0.36,2021-03-23,804,N20,VIIRS,l,2,312.46,4.92,D,0
16.3609,78.72636,347.5,0.39,0.36,2021-03-23,804,N20,VIIRS,l,2,318.78,6.17,D,0
16.38447,79.81497,348.4,0.42,0.38,2021-03-23,804,N20,VIIRS,n,2,310.71,4.79,D,0
16.4471,78.34458,349.31,0.39,0.36,2021-03-23,804,N20,VIIRS,n,2,320.21,5.93,D,0
16.47038,78.34082,346.4,0.39,0.36,2021-03-23,804,N20,VIIRS,l,2,316.53,7.86,D,0
16.49275,79.9404,338.36,0.43,0.38,2021-03-23,804,N20,VIIRS,l,2,311.01,6.64,D,0
16.50426,80.95245,333.98,0.47,0.4,2021-03-23,804,N20,VIIRS,l,2,305.17,4.58,D,0
16.53947,80.91167,340.17,0.47,0.4,2021-03-23,804,N20,VIIRS,l,2,313.93,3.0,D,0
16.54048,79.45963,346.81,0.41,0.37,2021-03-23,804,N20,VIIRS,n,2,314.71,8.98,D,0
16.55477,79.34042,347.22,0.41,0.37,2021-03-23,804,N20,VIIRS,n,2,315.46,5.45,D,0
16.56028,78.79301,342.7,0.4,0.37,2021-03-23,804,N20,VIIRS,l,2,316.71,5.5,D,0
16.6151,79.66526,339.68,0.42,0.37,2021-03-23,804,N20,VIIRS,l,2,313.27,3.97,D,0
16.61664,79.57787,342.52,0.41,0.37,2021-03-23,804,N20,VIIRS,l,2,314.55,6.64,D,0
16.64355,80.56077,338.32,0.45,0.39,2021-03-23,804,N20,VIIRS,l,2,310.34,5.42,D,0
16.66327,79.61086,342.14,0.42,0.37,2021-03-23,804,N20,VIIRS,l,2,314.29,8.91,D,0
16.66382,79.61475,335.71,0.42,0.37,2021-03-23,804,N20,VIIRS,l,2,310.66,3.76,D,0
16.70031,79.62501,341.84,0.42,0.37,2021-03-23,804,N20,VIIRS,l,2,316.24,9.69,D,0
16.72299,80.2777,336.2,0.44,0.38,2021-03-23,804,N20,VIIRS,l,2,308.14,2.24,D,0
16.72651,80.27718,337.37,0.44,0.38,2021-03-23,804,N20,VIIRS,l,2,310.28,4.45,D,0
16.74383,79.88336,345.6,0.43,0.38,2021-03-23,804,N20,VIIRS,n,2,312.69,7.39,D,0
16.75059,80.16162,346.66,0.44,0.38,2021-03-23,804,N20,VIIRS,n,2,311.66,5.9,D,0
16.77551,79.29516,346.24,0.41,0.37,2021-03-23,804,N20,VIIRS,n,2,316.83,8.35,D,0
16.85027,77.25264,342.14,0.38,0.36,2021-03-23,804,N20,VIIRS,l,2,313.84,4.43,D,0
16.91701,77.64872,339.84,0.38,0.36,2021-03-23,804,N20,VIIRS,l,2,313.58,3.35,D,0
16.94839,77.92643,346.05,0.39,0.36,2021-03-23,804,N20,VIIRS,l,2,317.99,5.52,D,0
16.95179,80.103,338.9,0.44,0.38,2021-03-23,804,N20,VIIRS,l,2,312.22,6.34,D,0
17.03788,78.23351,345.5,0.39,0.36,2021-03-23,804,N20,VIIRS,n,2,313.24,4.74,D,0
17.06989,78.75706,351.35,0.4,0.37,2021-03-23,804,N20,VIIRS,n,2,316.27,6.22,D,0
17.10657,78.77381,338.79,0.4,0.37,2021-03-23,804,N20,VIIRS,l,2,312.54,4.02,D,0
17.15505,80.00733,334.62,0.43,0.38,2021-03-23,804,N20,VIIRS,l,2,307.51,2.13,D,0
17.16365,79.00252,346.35,0.4,0.37,2021-03-23,804,N20,VIIRS,l,2,318.97,11.57,D,0
17.16447,80.93094,338.64,0.48,0.4,2021-03-23,804,N20,VIIRS,n,2,307.35,5.57,D,0
17.17053,78.44352,340.64,0.39,0.36,2021-03-23,804,N20,VIIRS,l,2,312.53,2.91,D,0
17.23003,81.22703,336.43,0.49,0.4,2021-03-23,804,N20,VIIRS,l,2,310.93,3.24,D,0
17.23967,79.28993,347.18,0.41,0.37,2021-03-23,804,N20,VIIRS,n,2,317.03,7.08,D,0
17.24028,79.29015,346.08,0.41,0.37,2021-03-23,804,N20,VIIRS,n,2,317.75,9.2,D,0
17.24513,78.00667,340.67,0.39,0.36,2021-03-23,804,N20,VIIRS,l,2,315.59,4.72,D,0
17.25529,81.38922,336.05,0.5,0.41,2021-03-23,804,N20,VIIRS,n,2,309.28,4.62,D,0
17.25586,81.39357,342.75,0.5,0.41,2021-03-23,804,N20,VIIRS,n,2,309.23,4.62,D,0
17.26318,80.47885,336.34,0.45,0.39,2021-03-23,804,N20,VIIRS,n,2,303.74,6.61,D,0
17.27135,78.90134,339.88,0.4,0.37,2021-03-23,804,N20,VIIRS,l,2,313.38,3.88,D,0
17.27344,81.43968,336.69,0.51,0.41,2021-03-23,804,N20,VIIRS,l,2,309.0,5.28,D,0
17.27526,78.90456,344.71,0.4,0.37,2021-03-23,804,N20,VIIRS,l,2,318.0,9.48,D,0
17.27783,81.44386,336.62,0.51,0.41,2021-03-23,804,N20,VIIRS,l,2,308.34,6.53,D,0
17.27896,81.28105,335.53,0.5,0.41,2021-03-23,804,N20,VIIRS,n,2,309.95,2.8,D,0
17.28544,80.53461,339.11,0.46,0.39,2021-03-23,804,N20,VIIRS,n,2,303.09,5.5,D,0
17.28706,81.39826,335.34,0.5,0.41,2021-03-23,804,N20,VIIRS,n,2,305.63,3.0,D,0
17.30364,81.16646,342.06,0.49,0.4,2021-03-23,804,N20,VIIRS,n,2,311.47,7.02,D,0
17.30735,81.16593,339.63,0.49,0.4,2021-03-23,804,N20,VIIRS,n,2,309.34,4.18,D,0
17.31735,81.09902,367.0,0.49,0.4,2021-03-23,804,N20,VIIRS,l,2,326.71,82.7,D,0
17.31858,81.33897,335.18,0.5,0.41,2021-03-23,804,N20,VIIRS,l,2,308.46,4.23,D,0
17.32068,79.53943,333.09,0.42,0.38,2021-03-23,804,N20,VIIRS,l,2,304.82,2.0,D,0
17.32104,81.09844,367.0,0.49,0.4,2021-03-23,804,N20,VIIRS,h,2,328.06,133.31,D,0
17.32317,81.43344,334.56,0.51,0.41,2021-03-23,804,N20,VIIRS,n,2,304.63,2.83,D,0
17.3242,81.32357,338.8,0.5,0.41,2021-03-23,804,N20,VIIRS,l,2,309.86,6.4,D,0
17.3248,81.32822,349.25,0.5,0.41,2021-03-23,804,N20,VIIRS,n,2,309.15,6.4,D,0
17.3279,81.32277,343.46,0.5,0.41,2021-03-23,804,N20,VIIRS,n,2,306.69,4.81,D,0
17.33799,77.855,348.2,0.39,0.36,2021-03-23,804,N20,VIIRS,n,2,312.02,5.27,D,0
17.34206,78.85506,338.53,0.4,0.37,2021-03-23,804,N20,VIIRS,n,2,306.65,2.55,D,0
17.35532,81.32846,333.68,0.5,0.41,2021-03-23,804,N20,VIIRS,l,2,306.83,2.86,D,0
17.36424,81.224,337.53,0.49,0.41,2021-03-23,804,N20,VIIRS,l,2,311.68,2.33,D,0
17.36528,79.21152,337.88,0.41,0.37,2021-03-23,804,N20,VIIRS,l,2,312.35,4.65,D,0
17.36584,80.9854,347.57,0.48,0.4,2021-03-23,804,N20,VIIRS,n,2,312.85,12.8,D,0
17.36706,81.41753,345.85,0.51,0.41,2021-03-23,804,N20,VIIRS,n,2,311.04,17.16,D,0
17.36908,80.98603,336.3,0.48,0.4,2021-03-23,804,N20,VIIRS,l,2,308.25,26.6,D,0
17.3695,80.98483,344.39,0.48,0.4,2021-03-23,804,N20,VIIRS,n,2,310.16,12.8,D,0
17.37638,81.45921,333.94,0.51,0.41,2021-03-23,804,N20,VIIRS,l,2,306.3,5.4,D,0
17.37882,81.00323,332.63,0.48,0.4,2021-03-23,804,N20,VIIRS,n,2,306.3,2.24,D,0
17.38075,81.46326,336.8,0.51,0.41,2021-03-23,804,N20,VIIRS,l,2,307.77,5.4,D,0
17.39465,80.8413,334.81,0.47,0.4,2021-03-23,804,N20,VIIRS,l,2,307.3,4.87,D,0
17.39598,80.79596,347.21,0.47,0.4,2021-03-23,804,N20,VIIRS,n,2,309.76,6.2,D,0
17.39827,77.10506,342.81,0.38,0.36,2021-03-23,804,N20,VIIRS,l,2,315.14,6.18,D,0
17.40505,80.80817,340.96,0.47,0.4,2021-03-23,804,N20,VIIRS,n,2,310.16,8.27,D,0
17.40692,80.34675,336.67,0.45,0.39,2021-03-23,804,N20,VIIRS,l,2,309.4,3.68,D,0
17.40879,81.03146,335.5,0.48,0.4,2021-03-23,804,N20,VIIRS,l,2,308.29,2.54,D,0
17.40913,79.47349,344.04,0.42,0.37,2021-03-23,804,N20,VIIRS,l,2,317.25,9.61,D,0
17.41448,81.21806,335.77,0.49,0.41,2021-03-23,804,N20,VIIRS,l,2,308.36,1.5,D,0
17.42186,81.2455,342.83,0.5,0.41,2021-03-23,804,N20,VIIRS,n,2,308.7,5.18,D,0
17.42245,81.25006,337.51,0.5,0.41,2021-03-23,804,N20,VIIRS,n,2,307.31,5.18,D,0
17.43423,80.75022,336.15,0.47,0.4,2021-03-23,804,N20,VIIRS,l,2,310.21,3.6,D,0
17.43563,81.20594,336.4,0.49,0.41,2021-03-23,804,N20,VIIRS,n,2,308.99,1.99,D,0
17.43955,81.41091,334.63,0.51,0.41,2021-03-23,804,N20,VIIRS,n,2,304.46,3.76,D,0
17.44695,80.89764,337.13,0.48,0.4,2021-03-23,804,N20,VIIRS,l,2,311.7,4.37,D,0
17.4477,81.3559,334.12,0.5,0.41,2021-03-23,804,N20,VIIRS,n,2,302.66,1.81,D,0
17.45818,80.75721,367.0,0.47,0.4,2021-03-23,804,N20,VIIRS,h,2,313.91,10.71,D,0
17.45854,78.28061,342.76,0.39,0.36,2021-03-23,804,N20,VIIRS,n,2,311.0,3.44,D,0
17.46181,80.75668,348.1,0.47,0.4,2021-03-23,804,N20,VIIRS,n,2,311.45,8.66,D,0
17.46663,80.76504,337.11,0.47,0.4,2021-03-23,804,N20,VIIRS,l,2,311.37,4.24,D,0
17.46704,80.65746,336.02,0.46,0.39,2021-03-23,804,N20,VIIRS,l,2,310.86,5.04,D,0
17.46715,79.78807,332.18,0.43,0.38,2021-03-23,804,N20,VIIRS,l,2,306.42,2.38,D,0
17.47065,80.65689,347.51,0.46,0.39,2021-03-23,804,N20,VIIRS,n,2,308.36,6.27,D,0
17.47326,81.0637,334.73,0.49,0.4,2021-03-23,804,N20,VIIRS,n,2,309.11,2.77,D,0
17.47688,81.06274,345.1,0.49,0.4,2021-03-23,804,N20,VIIRS,n,2,310.4,6.51,D,0
17.48622,80.99811,330.65,0.48,0.4,2021-03-23,804,N20,VIIRS,l,2,303.43,4.09,D,0
17.4868,81.00251,336.12,0.48,0.4,2021-03-23,804,N20,VIIRS,n,2,303.35,3.39,D,0
17.49047,81.00191,333.85,0.48,0.4,2021-03-23,804,N20,VIIRS,n,2,302.68,3.39,D,0
17.49993,80.95997,336.57,0.48,0.4,2021-03-23,804,N20,VIIRS,n,2,305.14,2.56,D,0
17.50418,80.96384,337.88,0.48,0.4,2021-03-23,804,N20,VIIRS,n,2,304.48,3.53,D,0
17.50669,80.7051,340.74,0.47,0.4,2021-03-23,804,N20,VIIRS,n,2,309.64,6.22,D,0
17.5067,80.95462,330.66,0.48,0.4,2021-03-23,804,N20,VIIRS,l,2,304.75,3.02,D,0
17.50729,80.95901,337.29,0.48,0.4,2021-03-23,804,N20,VIIRS,n,2,305.35,3.02,D,0
17.51085,80.70856,351.3,0.47,0.4,2021-03-23,804,N20,VIIRS,n,2,308.26,9.39,D,0
17.51901,80.4039,342.66,0.45,0.39,2021-03-23,804,N20,VIIRS,n,2,314.05,6.25,D,0
17.5228,81.31736,332.57,0.5,0.41,2021-03-23,804,N20,VIIRS,l,2,306.17,2.0,D,0
17.5236,81.31451,331.94,0.5,0.41,2021-03-23,804,N20,VIIRS,l,2,306.24,2.89,D,0
17.52597,77.52133,340.65,0.38,0.36,2021-03-23,804,N20,VIIRS,l,2,313.63,4.67,D,0
17.52861,81.41724,335.71,0.51,0.41,2021-03-23,804,N20,VIIRS,l,2,307.51,5.36,D,0
17.52922,81.42182,343.63,0.51,0.41,2021-03-23,804,N20,VIIRS,n,2,307.22,4.79,D,0
17.52941,81.41922,349.26,0.51,0.41,2021-03-23,804,N20,VIIRS,n,2,309.04,11.05,D,0
17.53057,79.88563,338.23,0.43,0.38,2021-03-23,804,N20,VIIRS,n,2,308.12,3.58,D,0
17.53202,80.83718,348.26,0.47,0.4,2021-03-23,804,N20,VIIRS,n,2,309.83,5.39,D,0
17.53268,80.78728,342.29,0.47,0.4,2021-03-23,804,N20,VIIRS,n,2,310.94,6.15,D,0
17.53756,80.74153,340.36,0.47,0.4,2021-03-23,804,N20,VIIRS,n,2,309.8,3.04,D,0
17.54293,80.91785,335.06,0.48,0.4,2021-03-23,804,N20,VIIRS,l,2,307.21,2.25,D,0
17.55942,80.95675,334.37,0.48,0.4,2021-03-23,804,N20,VIIRS,l,2,307.35,3.52,D,0
17.56005,80.98914,338.97,0.48,0.4,2021-03-23,804,N20,VIIRS,n,2,310.09,10.59,D,0
17.56067,80.99368,333.44,0.48,0.4,2021-03-23,804,N20,VIIRS,l,2,307.82,5.7,D,0
17.56185,80.83749,340.06,0.47,0.4,2021-03-23,804,N20,VIIRS,n,2,308.19,3.35,D,0
17.56189,80.83788,342.0,0.48,0.4,2021-03-23,804,N20,VIIRS,n,2,308.52,3.38,D,0
17.5944,80.18732,337.16,0.44,0.39,2021-03-23,804,N20,VIIRS,l,2,310.7,4.55,D,0
17.59577,80.43186,338.79,0.46,0.39,2021-03-23,804,N20,VIIRS,l,2,311.56,5.22,D,0
17.60149,80.18636,337.13,0.44,0.39,2021-03-23,804,N20,VIIRS,l,2,311.87,4.21,D,0
17.60567,80.85905,346.0,0.48,0.4,2021-03-23,804,N20,VIIRS,n,2,310.32,6.43,D,0
17.60814,80.26225,336.26,0.45,0.39,2021-03-23,804,N20,VIIRS,l,2,310.71,3.48,D,0
17.61865,79.49819,333.63,0.42,0.38,2021-03-23,804,N20,VIIRS,l,2,308.05,2.0,D,0
17.61936,80.26482,332.74,0.45,0.39,2021-03-23,804,N20,VIIRS,n,2,307.28,1.43,D,0
17.62151,80.30759,345.19,0.45,0.39,2021-03-23,804,N20,VIIRS,n,2,309.86,3.84,D,0
17.62291,80.26431,335.02,0.45,0.39,2021-03-23,804,N20,VIIRS,n,2,307.6,1.43,D,0
17.62452,80.41116,340.24,0.45,0.39,2021-03-23,804,N20,VIIRS,l,2,312.19,2.79,D,0
17.62673,80.52368,336.79,0.46,0.39,2021-03-23,804,N20,VIIRS,l,2,311.15,3.3,D,0
17.62682,80.42838,340.17,0.46,0.39,2021-03-23,804,N20,VIIRS,l,2,315.13,5.36,D,0
17.63968,78.87777,345.92,0.4,0.37,2021-03-23,804,N20,VIIRS,l,2,316.6,12.35,D,0
17.64844,79.38557,339.72,0.42,0.37,2021-03-23,804,N20,VIIRS,n,2,309.15,2.19,D,0
17.65171,80.31599,337.95,0.45,0.39,2021-03-23,804,N20,VIIRS,l,2,311.19,7.19,D,0
17.65384,80.38517,343.64,0.45,0.39,2021-03-23,804,N20,VIIRS,n,2,312.55,7.6,D,0
17.65741,80.38464,350.21,0.45,0.39,2021-03-23,804,N20,VIIRS,n,2,312.4,13.25,D,0
17.66187,80.47155,341.38,0.46,0.39,2021-03-23,804,N20,VIIRS,n,2,311.11,4.81,D,0
17.66201,80.58187,338.15,0.46,0.39,2021-03-23,804,N20,VIIRS,l,2,312.94,2.79,D,0
17.66547,80.07511,335.54,0.44,0.38,2021-03-23,804,N20,VIIRS,l,2,309.06,2.0,D,0
17.67353,80.3692,345.5,0.45,0.39,2021-03-23,804,N20,VIIRS,n,2,310.06,12.28,D,0
17.67898,80.54397,342.06,0.46,0.39,2021-03-23,804,N20,VIIRS,n,2,312.64,4.07,D,0
17.68062,80.58343,343.56,0.46,0.39,2021-03-23,804,N20,VIIRS,n,2,310.56,5.4,D,0
17.69107,80.71649,335.01,0.47,0.4,2021-03-23,804,N20,VIIRS,l,2,308.55,3.43,D,0
17.69331,80.56838,345.97,0.46,0.39,2021-03-23,804,N20,VIIRS,n,2,309.27,3.41,D,0
17.69349,80.14758,337.61,0.44,0.39,2021-03-23,804,N20,VIIRS,n,2,306.9,2.96,D,0
17.6939,80.57275,334.01,0.46,0.39,2021-03-23,804,N20,VIIRS,l,2,308.35,3.41,D,0
17.69508,77.69944,342.94,0.39,0.36,2021-03-23,804,N20,VIIRS,n,2,315.64,8.46,D,0
17.69562,77.70306,337.36,0.39,0.36,2021-03-23,804,N20,VIIRS,l,2,311.91,6.16,D,0
17.69783,80.68396,341.36,0.47,0.4,2021-03-23,804,N20,VIIRS,n,2,310.26,4.6,D,0
17.69892,77.70251,355.94,0.39,0.36,2021-03-23,804,N20,VIIRS,n,2,317.01,6.16,D,0
17.70676,80.72298,336.61,0.47,0.4,2021-03-23,804,N20,VIIRS,l,2,307.47,3.29,D,0
17.70797,80.73192,339.01,0.47,0.4,2021-03-23,804,N20,VIIRS,l,2,310.03,3.61,D,0
17.72326,81.1604,336.57,0.5,0.41,2021-03-23,804,N20,VIIRS,l,2,308.2,3.85,D,0
17.72519,80.53259,342.95,0.46,0.39,2021-03-23,804,N20,VIIRS,n,2,309.78,5.97,D,0
17.72611,80.09598,334.38,0.44,0.39,2021-03-23,804,N20,VIIRS,l,2,308.09,2.62,D,0
17.72761,80.02837,335.31,0.44,0.38,2021-03-23,804,N20,VIIRS,l,2,307.24,2.66,D,0
17.72874,80.6392,340.38,0.47,0.39,2021-03-23,804,N20,VIIRS,l,2,313.43,11.7,D,0
17.72964,80.09542,343.73,0.44,0.39,2021-03-23,804,N20,VIIRS,n,2,308.05,2.62,D,0
17.73236,80.63867,341.84,0.47,0.39,2021-03-23,804,N20,VIIRS,l,2,313.99,11.7,D,0
17.73931,80.03506,333.33,0.44,0.38,2021-03-23,804,N20,VIIRS,l,2,307.29,1.94,D,0
17.73981,80.19608,337.86,0.45,0.39,2021-03-23,804,N20,VIIRS,l,2,308.59,2.58,D,0
17.74521,80.45132,344.32,0.46,0.39,2021-03-23,804,N20,VIIRS,n,2,314.35,5.38,D,0
17.74743,80.66779,339.64,0.47,0.4,2021-03-23,804,N20,VIIRS,l,2,311.73,6.4,D,0
17.74778,77.46174,345.97,0.38,0.36,2021-03-23,804,N20,VIIRS,n,2,313.95,4.05,D,0
17.74979,80.68503,352.66,0.47,0.4,2021-03-23,804,N20,VIIRS,n,2,310.19,5.49,D,0
17.75037,80.68932,336.25,0.47,0.4,2021-03-23,804,N20,VIIRS,l,2,307.1,5.49,D,0
17.75343,80.6846,342.12,0.47,0.4,2021-03-23,804,N20,VIIRS,n,2,309.44,5.49,D,0
17.75418,80.68553,335.44,0.47,0.4,2021-03-23,804,N20,VIIRS,l,2,309.61,3.27,D,0
17.76625,80.77818,342.2,0.47,0.4,2021-03-23,804,N20,VIIRS,n,2,309.34,3.47,D,0
17.76647,80.77929,340.92,0.47,0.4,2021-03-23,804,N20,VIIRS,n,2,310.93,5.28,D,0
17.76654,80.31221,340.62,0.45,0.39,2021-03-23,804,N20,VIIRS,n,2,309.37,4.66,D,0
17.7671,80.64332,338.68,0.47,0.4,2021-03-23,804,N20,VIIRS,n,2,307.77,3.2,D,0
17.76739,80.70148,337.99,0.47,0.4,2021-03-23,804,N20,VIIRS,n,2,305.56,4.3,D,0
17.76957,80.49633,340.17,0.46,0.39,2021-03-23,804,N20,VIIRS,l,2,310.56,4.16,D,0
17.77105,80.39893,342.22,0.46,0.39,2021-03-23,804,N20,VIIRS,l,2,313.54,6.63,D,0
17.77373,78.25572,337.04,0.39,0.36,2021-03-23,804,N20,VIIRS,l,2,310.17,2.32,D,0
17.77389,80.72259,332.63,0.47,0.4,2021-03-23,804,N20,VIIRS,l,2,306.33,2.72,D,0
17.7751,81.44287,337.15,0.51,0.41,2021-03-23,804,N20,VIIRS,l,2,309.91,2.96,D,0
17.78618,80.53789,339.22,0.46,0.39,2021-03-23,804,N20,VIIRS,l,2,311.49,3.11,D,0
17.78843,80.74843,346.68,0.47,0.4,2021-03-23,804,N20,VIIRS,n,2,308.87,8.11,D,0
17.79322,80.13805,336.05,0.44,0.39,2021-03-23,804,N20,VIIRS,l,2,309.58,3.99,D,0
17.79368,80.14124,339.48,0.44,0.39,2021-03-23,804,N20,VIIRS,n,2,309.12,3.94,D,0
17.79431,80.40872,342.14,0.46,0.39,2021-03-23,804,N20,VIIRS,n,2,311.28,4.05,D,0
17.79524,81.13107,332.53,0.49,0.41,2021-03-23,804,N20,VIIRS,l,2,305.65,1.88,D,0
17.79939,80.55393,339.68,0.46,0.39,2021-03-23,804,N20,VIIRS,n,2,309.5,5.09,D,0
17.80267,80.38976,338.2,0.46,0.39,2021-03-23,804,N20,VIIRS,n,2,308.1,1.87,D,0
17.80273,80.02219,331.12,0.44,0.38,2021-03-23,804,N20,VIIRS,l,2,305.02,1.22,D,0
17.80454,80.11503,347.99,0.44,0.39,2021-03-23,804,N20,VIIRS,n,2,312.09,9.36,D,0
17.80511,80.11922,338.2,0.44,0.39,2021-03-23,804,N20,VIIRS,l,2,309.76,4.79,D,0
17.80741,80.45102,341.53,0.46,0.39,2021-03-23,804,N20,VIIRS,n,2,307.92,5.37,D,0
17.81075,80.05466,338.35,0.44,0.38,2021-03-23,804,N20,VIIRS,n,2,309.14,5.62,D,0
17.81132,80.0588,347.65,0.44,0.38,2021-03-23,804,N20,VIIRS,n,2,309.54,20.74,D,0
17.8127,80.76321,335.21,0.47,0.4,2021-03-23,804,N20,VIIRS,l,2,310.01,1.91,D,0
17.81427,80.0541,342.33,0.44,0.38,2021-03-23,804,N20,VIIRS,n,2,311.67,9.1,D,0
17.81484,80.05825,344.89,0.44,0.38,2021-03-23,804,N20,VIIRS,n,2,308.92,6.15,D,0
17.81578,80.73067,345.09,0.47,0.4,2021-03-23,804,N20,VIIRS,n,2,307.2,5.85,D,0
17.81635,80.7627,336.66,0.47,0.4,2021-03-23,804,N20,VIIRS,l,2,308.57,5.27,D,0
17.8176,80.71654,349.2,0.47,0.4,2021-03-23,804,N20,VIIRS,n,2,306.69,8.84,D,0
17.8178,80.05356,342.34,0.44,0.38,2021-03-23,804,N20,VIIRS,n,2,309.72,9.1,D,0
17.81837,80.05772,338.67,0.44,0.38,2021-03-23,804,N20,VIIRS,l,2,309.29,6.15,D,0
17.8201,80.17666,339.68,0.45,0.39,2021-03-23,804,N20,VIIRS,l,2,312.54,5.67,D,0
17.82718,80.40845,339.68,0.46,0.39,2021-03-23,804,N20,VIIRS,l,2,313.86,4.86,D,0
17.82887,80.52733,342.63,0.46,0.39,2021-03-23,804,N20,VIIRS,n,2,311.64,4.83,D,0
17.82941,80.5851,336.18,0.47,0.39,2021-03-23,804,N20,VIIRS,l,2,310.17,3.68,D,0
17.82976,80.75174,334.17,0.47,0.4,2021-03-23,804,N20,VIIRS,l,2,308.56,3.3,D,0
17.83097,80.73312,341.63,0.47,0.4,2021-03-23,804,N20,VIIRS,n,2,307.39,5.82,D,0
17.83302,80.58456,341.05,0.47,0.39,2021-03-23,804,N20,VIIRS,n,2,310.61,3.68,D,0
17.834,80.75559,332.07,0.47,0.4,2021-03-23,804,N20,VIIRS,l,2,307.01,1.62,D,0
17.8346,80.76008,335.94,0.47,0.4,2021-03-23,804,N20,VIIRS,l,2,306.75,1.62,D,0
17.83664,80.58404,334.69,0.47,0.39,2021-03-23,804,N20,VIIRS,l,2,308.1,2.56,D,0
17.83888,81.45844,332.7,0.51,0.41,2021-03-23,804,N20,VIIRS,l,2,307.23,1.57,D,0
17.83906,80.57479,342.73,0.46,0.39,2021-03-23,804,N20,VIIRS,n,2,309.93,5.16,D,0
17.83909,80.52135,346.66,0.46,0.39,2021-03-23,804,N20,VIIRS,n,2,309.59,8.36,D,0
17.84068,80.75002,346.67,0.47,0.4,2021-03-23,804,N20,VIIRS,n,2,307.04,3.39,D,0
17.84082,80.52243,344.56,0.46,0.39,2021-03-23,804,N20,VIIRS,n,2,307.37,4.44,D,0
17.84331,80.49864,343.64,0.46,0.39,2021-03-23,804,N20,VIIRS,n,2,310.97,6.82,D,0
17.84515,80.49966,341.81,0.46,0.39,2021-03-23,804,N20,VIIRS,n,2,310.77,7.25,D,0
17.84737,80.66263,332.43,0.47,0.4,2021-03-23,804,N20,VIIRS,l,2,305.39,5.13,D,0
17.85094,79.45946,334.9,0.42,0.38,2021-03-23,804,N20,VIIRS,n,2,305.04,3.22,D,0
17.86046,80.55962,344.31,0.46,0.39,2021-03-23,804,N20,VIIRS,n,2,308.79,3.87,D,0
17.86349,80.55473,336.72,0.46,0.39,2021-03-23,804,N20,VIIRS,n,2,304.66,3.87,D,0
17.86407,80.55907,336.2,0.46,0.39,2021-03-23,804,N20,VIIRS,n,2,304.72,3.87,D,0
17.87579,80.76033,339.95,0.47,0.4,2021-03-23,804,N20,VIIRS,n,2,306.55,3.21,D,0
17.87598,80.76331,333.17,0.47,0.4,2021-03-23,804,N20,VIIRS,l,2,306.68,3.03,D,0
17.88204,80.78045,337.44,0.48,0.4,2021-03-23,804,N20,VIIRS,n,2,307.31,2.22,D,0
17.88235,80.78199,337.46,0.48,0.4,2021-03-23,804,N20,VIIRS,n,2,307.52,2.22,D,0
17.88259,80.58743,334.36,0.47,0.39,2021-03-23,804,N20,VIIRS,l,2,305.19,5.08,D,0
17.88462,78.34306,341.96,0.39,0.36,2021-03-23,804,N20,VIIRS,n,2,310.46,2.21,D,0
17.88544,80.77707,334.15,0.48,0.4,2021-03-23,804,N20,VIIRS,l,2,306.02,2.22,D,0
17.8924,80.07228,342.17,0.44,0.39,2021-03-23,804,N20,VIIRS,n,2,309.12,2.71,D,0
17.89249,80.07285,347.72,0.44,0.39,2021-03-23,804,N20,VIIRS,n,2,309.09,5.86,D,0
17.89298,80.07644,337.8,0.44,0.39,2021-03-23,804,N20,VIIRS,l,2,309.05,2.71,D,0
17.89446,81.15113,334.4,0.5,0.41,2021-03-23,804,N20,VIIRS,l,2,306.01,3.69,D,0
17.89576,78.79092,336.7,0.4,0.37,2021-03-23,804,N20,VIIRS,l,2,310.92,3.02,D,0
17.90095,80.21175,339.41,0.45,0.39,2021-03-23,804,N20,VIIRS,l,2,312.18,5.25,D,0
17.90486,79.09686,345.0,0.41,0.37,2021-03-23,804,N20,VIIRS,n,2,308.3,10.87,D,0
17.90874,81.14429,331.29,0.5,0.41,2021-03-23,804,N20,VIIRS,l,2,304.86,3.08,D,0
17.91257,80.61833,335.39,0.47,0.4,2021-03-23,804,N20,VIIRS,n,2,301.25,5.03,D,0
17.91386,80.60045,330.06,0.47,0.39,2021-03-23,804,N20,VIIRS,l,2,302.7,4.12,D,0
17.91394,80.57372,342.86,0.47,0.39,2021-03-23,804,N20,VIIRS,n,2,303.61,6.39,D,0
17.91454,80.5781,348.74,0.47,0.39,2021-03-23,804,N20,VIIRS,n,2,303.2,6.39,D,0
17.91512,80.58246,330.8,0.47,0.39,2021-03-23,804,N20,VIIRS,l,2,302.58,3.28,D,0
17.91638,80.56445,341.71,0.47,0.39,2021-03-23,804,N20,VIIRS,n,2,304.49,7.42,D,0
17.91874,80.58191,340.8,0.47,0.39,2021-03-23,804,N20,VIIRS,n,2,302.98,3.28,D,0
17.91941,80.55958,345.1,0.46,0.39,2021-03-23,804,N20,VIIRS,n,2,304.92,3.69,D,0
17.92213,78.92623,345.19,0.4,0.37,2021-03-23,804,N20,VIIRS,n,2,307.01,8.5,D,0
17.92236,80.5814,335.39,0.47,0.39,2021-03-23,804,N20,VIIRS,n,2,303.72,4.67,D,0
17.92243,80.5547,335.39,0.46,0.39,2021-03-23,804,N20,VIIRS,n,2,305.06,3.69,D,0
17.92303,80.55907,332.08,0.46,0.39,2021-03-23,804,N20,VIIRS,l,2,304.07,3.69,D,0
17.92521,80.93761,338.19,0.48,0.4,2021-03-23,804,N20,VIIRS,n,2,309.81,2.4,D,0
17.92849,81.04926,330.98,0.49,0.4,2021-03-23,804,N20,VIIRS,l,2,304.88,1.67,D,0
17.93101,80.01203,337.86,0.44,0.38,2021-03-23,804,N20,VIIRS,n,2,307.75,6.59,D,0
17.93158,80.0162,339.37,0.44,0.38,2021-03-23,804,N20,VIIRS,n,2,307.32,3.53,D,0
17.93453,80.01148,347.75,0.44,0.38,2021-03-23,804,N20,VIIRS,n,2,308.86,6.59,D,0
17.93747,80.00674,339.59,0.44,0.38,2021-03-23,804,N20,VIIRS,n,2,308.1,7.99,D,0
17.93805,80.01096,350.46,0.44,0.38,2021-03-23,804,N20,VIIRS,n,2,311.13,7.99,D,0
17.93863,80.01516,347.17,0.44,0.38,2021-03-23,804,N20,VIIRS,n,2,306.26,7.4,D,0
17.94158,80.01048,337.59,0.44,0.38,2021-03-23,804,N20,VIIRS,n,2,303.7,7.99,D,0
17.94403,80.24049,337.07,0.45,0.39,2021-03-23,804,N20,VIIRS,l,2,308.64,4.32,D,0
17.95347,81.30686,336.21,0.51,0.41,2021-03-23,804,N20,VIIRS,l,2,310.37,3.86,D,0
17.9544,81.30893,338.19,0.51,0.41,2021-03-23,804,N20,VIIRS,l,2,310.15,4.98,D,0
17.95584,81.4687,333.64,0.52,0.41,2021-03-23,804,N20,VIIRS,l,2,307.48,0.5,D,0
17.95718,80.36522,339.45,0.46,0.39,2021-03-23,804,N20,VIIRS,l,2,311.71,5.53,D,0
17.96152,81.45541,335.18,0.52,0.41,2021-03-23,804,N20,VIIRS,l,2,309.36,2.64,D,0
17.96881,80.4246,348.91,0.46,0.39,2021-03-23,804,N20,VIIRS,n,2,306.72,7.23,D,0
17.96939,80.42892,346.92,0.46,0.39,2021-03-23,804,N20,VIIRS,n,2,306.4,7.23,D,0
17.97626,80.75976,335.76,0.48,0.4,2021-03-23,804,N20,VIIRS,l,2,308.14,2.74,D,0
17.9841,80.13586,340.5,0.45,0.39,2021-03-23,804,N20,VIIRS,n,2,309.84,3.75,D,0
17.98668,78.959,336.69,0.41,0.37,2021-03-23,804,N20,VIIRS,n,2,310.04,5.87,D,0
17.9883,77.61752,338.14,0.39,0.36,2021-03-23,804,N20,VIIRS,l,2,311.18,4.56,D,0
17.9883,77.89238,334.6,0.39,0.36,2021-03-23,804,N20,VIIRS,n,2,307.22,2.09,D,0
17.98969,80.44362,332.55,0.46,0.39,2021-03-23,804,N20,VIIRS,l,2,305.64,2.14,D,0
17.99023,80.28612,337.95,0.45,0.39,2021-03-23,804,N20,VIIRS,l,2,308.82,4.46,D,0
17.99092,80.95107,331.57,0.49,0.4,2021-03-23,804,N20,VIIRS,l,2,306.06,2.78,D,0
17.99138,81.18178,336.42,0.5,0.41,2021-03-23,804,N20,VIIRS,n,2,303.34,4.11,D,0
17.99153,80.95554,335.36,0.49,0.4,2021-03-23,804,N20,VIIRS,l,2,305.79,1.76,D,0
17.99161,77.89185,340.4,0.39,0.36,2021-03-23,804,N20,VIIRS,n,2,309.77,2.09,D,0
17.99511,81.41602,337.66,0.51,0.41,2021-03-23,804,N20,VIIRS,l,2,309.71,2.26,D,0
17.99575,81.18604,335.02,0.5,0.41,2021-03-23,804,N20,VIIRS,n,2,302.83,3.06,D,0
18.00227,80.21495,348.98,0.45,0.39,2021-03-23,804,N20,VIIRS,n,2,312.17,14.02,D,0
18.00602,77.73682,338.39,0.39,0.36,2021-03-23,804,N20,VIIRS,l,2,312.54,3.48,D,0
18.00622,81.15022,334.57,0.5,0.41,2021-03-23,804,N20,VIIRS,n,2,302.92,4.78,D,0
18.00712,80.14528,333.23,0.45,0.39,2021-03-23,804,N20,VIIRS,l,2,306.45,1.49,D,0
18.00744,80.14993,335.7,0.45,0.39,2021-03-23,804,N20,VIIRS,l,2,307.73,2.11,D,0
18.0077,80.14951,337.95,0.45,0.39,2021-03-23,804,N20,VIIRS,l,2,308.17,3.9,D,0
18.00793,80.91762,340.41,0.48,0.4,2021-03-23,804,N20,VIIRS,n,2,309.71,3.38,D,0
18.00877,80.91618,339.59,0.48,0.4,2021-03-23,804,N20,VIIRS,l,2,310.12,4.4,D,0
18.01099,80.14941,331.31,0.45,0.39,2021-03-23,804,N20,VIIRS,l,2,306.07,2.11,D,0
18.01262,79.463,334.06,0.42,0.38,2021-03-23,804,N20,VIIRS,n,2,302.9,1.78,D,0
18.01638,81.19786,330.82,0.5,0.41,2021-03-23,804,N20,VIIRS,l,2,303.3,1.9,D,0
18.02005,80.21223,337.44,0.45,0.39,2021-03-23,804,N20,VIIRS,l,2,307.71,2.42,D,0
18.02729,81.3671,335.5,0.51,0.41,2021-03-23,804,N20,VIIRS,l,2,309.89,2.04,D,0
18.02929,80.15092,333.4,0.45,0.39,2021-03-23,804,N20,VIIRS,l,2,305.02,1.89,D,0
18.03602,81.31676,332.55,0.51,0.41,2021-03-23,804,N20,VIIRS,l,2,306.98,2.38,D,0
18.03628,81.07802,331.19,0.49,0.41,2021-03-23,804,N20,VIIRS,l,2,305.55,1.67,D,0
18.03979,81.31623,334.44,0.51,0.41,2021-03-23,804,N20,VIIRS,l,2,307.03,2.38,D,0
18.04251,80.11493,346.08,0.45,0.39,2021-03-23,804,N20,VIIRS,n,2,307.33,6.25,D,0
18.04477,80.91206,339.09,0.48,0.4,2021-03-23,804,N20,VIIRS,n,2,307.43,3.71,D,0
18.04551,80.44926,336.57,0.46,0.39,2021-03-23,804,N20,VIIRS,l,2,307.62,3.67,D,0
18.04591,80.66884,331.41,0.47,0.4,2021-03-23,804,N20,VIIRS,l,2,305.07,1.74,D,0
18.04605,80.11445,344.21,0.45,0.39,2021-03-23,804,N20,VIIRS,n,2,307.62,3.73,D,0
18.04728,80.44963,342.4,0.46,0.39,2021-03-23,804,N20,VIIRS,n,2,309.28,5.22,D,0
18.05189,80.13075,333.22,0.45,0.39,2021-03-23,804,N20,VIIRS,l,2,306.59,1.35,D,0
18.06932,79.72873,335.63,0.43,0.38,2021-03-23,804,N20,VIIRS,l,2,307.57,3.27,D,0
18.07546,80.57947,346.14,0.47,0.4,2021-03-23,804,N20,VIIRS,n,2,306.84,9.92,D,0
18.08675,81.3208,341.46,0.51,0.41,2021-03-23,804,N20,VIIRS,n,2,306.77,4.02,D,0
18.09053,81.32024,332.47,0.51,0.41,2021-03-23,804,N20,VIIRS,l,2,306.17,1.61,D,0
18.09177,81.32985,330.38,0.51,0.41,2021-03-23,804,N20,VIIRS,l,2,305.25,2.89,D,0
18.09624,81.30505,334.82,0.51,0.41,2021-03-23,804,N20,VIIRS,l,2,308.92,3.07,D,0
18.10263,80.87274,334.02,0.48,0.4,2021-03-23,804,N20,VIIRS,l,2,308.74,1.27,D,0
18.10322,80.87728,338.85,0.48,0.4,2021-03-23,804,N20,VIIRS,l,2,309.41,5.76,D,0
18.10382,80.87615,348.83,0.48,0.4,2021-03-23,804,N20,VIIRS,n,2,310.04,7.66,D,0
18.10399,79.95734,344.75,0.44,0.38,2021-03-23,804,N20,VIIRS,n,2,307.42,8.19,D,0
18.10455,79.96152,339.87,0.44,0.38,2021-03-23,804,N20,VIIRS,n,2,307.0,8.19,D,0
18.10506,80.91302,347.34,0.49,0.4,2021-03-23,804,N20,VIIRS,n,2,312.78,9.74,D,0
18.10512,79.96567,337.13,0.44,0.38,2021-03-23,804,N20,VIIRS,l,2,308.87,3.78,D,0
18.10621,80.75679,349.03,0.48,0.4,2021-03-23,804,N20,VIIRS,n,2,310.67,6.03,D,0
18.10748,81.42162,336.33,0.52,0.41,2021-03-23,804,N20,VIIRS,l,2,307.65,1.8,D,0
18.10793,80.9137,337.63,0.49,0.4,2021-03-23,804,N20,VIIRS,l,2,308.98,3.09,D,0
18.10986,80.75616,341.51,0.48,0.4,2021-03-23,804,N20,VIIRS,n,2,310.35,7.71,D,0
18.11089,78.24281,347.41,0.39,0.36,2021-03-23,804,N20,VIIRS,n,2,309.1,7.12,D,0
18.11271,80.80634,332.65,0.48,0.4,2021-03-23,804,N20,VIIRS,l,2,307.17,1.82,D,0
18.11497,80.09221,335.81,0.45,0.39,2021-03-23,804,N20,VIIRS,l,2,308.09,1.77,D,0
18.11851,80.09169,332.32,0.45,0.39,2021-03-23,804,N20,VIIRS,l,2,307.27,1.77,D,0
18.12004,80.80519,332.67,0.48,0.4,2021-03-23,804,N20,VIIRS,l,2,307.24,4.37,D,0
18.12019,80.5822,351.84,0.47,0.4,2021-03-23,804,N20,VIIRS,n,2,308.54,7.33,D,0
18.12309,80.33254,347.1,0.46,0.39,2021-03-23,804,N20,VIIRS,n,2,308.47,11.68,D,0
18.12387,81.25248,338.04,0.51,0.41,2021-03-23,804,N20,VIIRS,l,2,309.34,5.65,D,0
18.12827,81.25674,338.83,0.51,0.41,2021-03-23,804,N20,VIIRS,n,2,307.82,4.0,D,0
18.13212,78.7348,338.38,0.4,0.37,2021-03-23,804,N20,VIIRS,n,2,308.59,3.19,D,0
18.1347,81.42281,336.23,0.52,0.41,2021-03-23,804,N20,VIIRS,n,2,306.19,3.05,D,0
18.13778,81.35799,332.54,0.51,0.41,2021-03-23,804,N20,VIIRS,l,2,305.54,1.4,D,0
18.13962,81.31352,340.16,0.51,0.41,2021-03-23,804,N20,VIIRS,n,2,307.06,3.61,D,0
18.14553,81.12869,332.63,0.5,0.41,2021-03-23,804,N20,VIIRS,l,2,305.56,3.21,D,0
18.14554,80.80007,333.31,0.48,0.4,2021-03-23,804,N20,VIIRS,l,2,305.2,3.65,D,0
18.14939,80.26784,336.7,0.45,0.39,2021-03-23,804,N20,VIIRS,n,2,305.38,3.71,D,0
18.15,81.03439,339.47,0.49,0.41,2021-03-23,804,N20,VIIRS,n,2,309.16,2.83,D,0
18.15163,80.9028,338.08,0.49,0.4,2021-03-23,804,N20,VIIRS,l,2,308.15,4.86,D,0
18.15202,80.96309,334.87,0.49,0.4,2021-03-23,804,N20,VIIRS,l,2,307.77,2.17,D,0
18.1524,80.26304,354.59,0.45,0.39,2021-03-23,804,N20,VIIRS,n,2,309.56,16.81,D,0
18.15355,80.27164,331.06,0.45,0.39,2021-03-23,804,N20,VIIRS,l,2,304.46,2.56,D,0
18.15572,80.96253,331.97,0.49,0.4,2021-03-23,804,N20,VIIRS,n,2,305.8,2.17,D,0
18.16198,80.50084,331.99,0.46,0.39,2021-03-23,804,N20,VIIRS,l,2,305.87,1.44,D,0
18.16524,81.12246,349.7,0.5,0.41,2021-03-23,804,N20,VIIRS,n,2,308.44,7.8,D,0
18.16945,80.20058,334.2,0.45,0.39,2021-03-23,804,N20,VIIRS,l,2,306.86,1.98,D,0
18.16993,80.4773,334.59,0.46,0.39,2021-03-23,804,N20,VIIRS,l,2,307.14,3.25,D,0
18.1707,81.40449,337.08,0.52,0.41,2021-03-23,804,N20,VIIRS,n,2,305.57,2.38,D,0
18.17074,81.40286,337.69,0.52,0.41,2021-03-23,804,N20,VIIRS,n,2,305.16,3.53,D,0
18.17244,80.19584,339.98,0.45,0.39,2021-03-23,804,N20,VIIRS,n,2,307.54,3.31,D,0
18.17321,80.86713,338.27,0.48,0.4,2021-03-23,804,N20,VIIRS,n,2,307.32,3.37,D,0
18.17779,81.4267,333.91,0.52,0.41,2021-03-23,804,N20,VIIRS,l,2,306.15,2.42,D,0
18.18112,81.27485,343.3,0.51,0.41,2021-03-23,804,N20,VIIRS,n,2,308.01,3.37,D,0
18.18119,80.84266,333.34,0.48,0.4,2021-03-23,804,N20,VIIRS,n,2,305.58,1.57,D,0
18.19526,80.8358,339.07,0.48,0.4,2021-03-23,804,N20,VIIRS,n,2,304.65,2.79,D,0
18.19931,78.1046,346.08,0.39,0.36,2021-03-23,804,N20,VIIRS,n,2,310.41,7.93,D,0
18.20269,80.89083,334.06,0.49,0.4,2021-03-23,804,N20,VIIRS,l,2,307.86,4.03,D,0
18.20733,80.23837,334.02,0.45,0.39,2021-03-23,804,N20,VIIRS,l,2,306.55,2.06,D,0
18.21008,80.88981,335.59,0.49,0.4,2021-03-23,804,N20,VIIRS,l,2,306.39,2.76,D,0
18.21031,80.23356,333.02,0.45,0.39,2021-03-23,804,N20,VIIRS,l,2,306.41,2.06,D,0
18.21192,81.18789,346.28,0.5,0.41,2021-03-23,804,N20,VIIRS,n,2,310.44,14.25,D,0
18.21373,80.86128,339.0,0.48,0.4,2021-03-23,804,N20,VIIRS,n,2,305.49,2.21,D,0
18.21564,81.18717,338.68,0.5,0.41,2021-03-23,804,N20,VIIRS,n,2,305.49,14.25,D,0
18.21604,80.85765,331.5,0.48,0.4,2021-03-23,804,N20,VIIRS,l,2,305.83,1.34,D,0
18.21694,79.20385,346.34,0.41,0.37,2021-03-23,804,N20,VIIRS,n,2,313.9,26.44,D,0
18.21721,80.86664,336.36,0.48,0.4,2021-03-23,804,N20,VIIRS,n,2,305.78,3.86,D,0
18.21779,80.8711,334.06,0.48,0.4,2021-03-23,804,N20,VIIRS,l,2,305.18,2.92,D,0
18.21838,80.87569,335.49,0.49,0.4,2021-03-23,804,N20,VIIRS,n,2,305.21,2.92,D,0
18.21862,80.86964,342.98,0.48,0.4,2021-03-23,804,N20,VIIRS,n,2,305.96,2.89,D,0
18.21924,80.87422,338.23,0.48,0.4,2021-03-23,804,N20,VIIRS,n,2,305.29,2.89,D,0
18.22299,80.43399,332.08,0.46,0.39,2021-03-23,804,N20,VIIRS,l,2,305.17,1.5,D,0
18.22504,81.20045,335.7,0.5,0.41,2021-03-23,804,N20,VIIRS,n,2,306.31,3.87,D,0
18.22768,80.86054,341.46,0.48,0.4,2021-03-23,804,N20,VIIRS,n,2,306.39,6.07,D,0
18.22837,80.44658,335.49,0.46,0.39,2021-03-23,804,N20,VIIRS,l,2,306.23,5.89,D,0
18.22847,80.39325,337.43,0.46,0.39,2021-03-23,804,N20,VIIRS,n,2,306.72,15.96,D,0
18.22891,80.47781,339.75,0.46,0.39,2021-03-23,804,N20,VIIRS,n,2,306.16,4.18,D,0
18.23064,80.88325,336.42,0.49,0.4,2021-03-23,804,N20,VIIRS,n,2,304.34,4.72,D,0
18.23138,80.44169,337.25,0.46,0.39,2021-03-23,804,N20,VIIRS,n,2,305.5,5.89,D,0
18.2377,81.32565,343.37,0.51,0.41,2021-03-23,804,N20,VIIRS,n,2,308.2,5.3,D,0
18.23805,80.40963,341.58,0.46,0.39,2021-03-23,804,N20,VIIRS,n,2,306.89,5.61,D,0
18.23833,79.83311,337.06,0.44,0.38,2021-03-23,804,N20,VIIRS,l,2,308.38,5.27,D,0
18.23837,78.0234,337.04,0.39,0.36,2021-03-23,804,N20,VIIRS,l,2,309.3,5.75,D,0
18.239,81.39449,330.54,0.52,0.41,2021-03-23,804,N20,VIIRS,l,2,304.99,2.44,D,0
18.24417,80.67403,336.86,0.47,0.4,2021-03-23,804,N20,VIIRS,l,2,309.44,3.62,D,0
18.24456,80.48448,335.57,0.46,0.39,2021-03-23,804,N20,VIIRS,l,2,309.38,6.09,D,0
18.24516,80.48888,338.66,0.46,0.39,2021-03-23,804,N20,VIIRS,l,2,311.33,6.09,D,0
18.24614,78.28535,340.09,0.39,0.36,2021-03-23,804,N20,VIIRS,n,2,311.22,2.14,D,0
18.24704,80.42167,331.96,0.46,0.39,2021-03-23,804,N20,VIIRS,l,2,305.86,2.22,D,0
18.24758,80.47957,347.78,0.46,0.39,2021-03-23,804,N20,VIIRS,n,2,308.45,4.56,D,0
18.24948,81.21158,334.0,0.5,0.41,2021-03-23,804,N20,VIIRS,l,2,307.25,1.49,D,0
18.2506,80.47466,335.36,0.46,0.39,2021-03-23,804,N20,VIIRS,l,2,307.83,4.56,D,0
18.25428,80.36742,341.66,0.46,0.39,2021-03-23,804,N20,VIIRS,n,2,307.68,4.95,D,0
18.25552,80.06391,341.59,0.45,0.39,2021-03-23,804,N20,VIIRS,n,2,307.27,4.39,D,0
18.25632,80.36841,345.24,0.46,0.39,2021-03-23,804,N20,VIIRS,n,2,307.57,4.61,D,0
18.25696,78.08032,348.44,0.39,0.36,2021-03-23,804,N20,VIIRS,n,2,308.2,5.97,D,0
18.25751,80.69026,332.26,0.48,0.4,2021-03-23,804,N20,VIIRS,l,2,306.86,1.59,D,0
18.25848,80.30196,342.96,0.46,0.39,2021-03-23,804,N20,VIIRS,n,2,307.72,4.25,D,0
18.2598,78.0789,351.67,0.39,0.36,2021-03-23,804,N20,VIIRS,n,2,311.21,8.24,D,0
18.26033,78.08257,344.07,0.39,0.36,2021-03-23,804,N20,VIIRS,n,2,309.67,8.24,D,0
18.26273,78.16584,341.14,0.39,0.36,2021-03-23,804,N20,VIIRS,n,2,310.16,4.44,D,0
18.26423,80.34519,334.45,0.46,0.39,2021-03-23,804,N20,VIIRS,l,2,305.68,2.16,D,0
18.26436,80.31868,336.78,0.46,0.39,2021-03-23,804,N20,VIIRS,l,2,307.92,5.28,D,0
18.26481,80.34954,344.93,0.46,0.39,2021-03-23,804,N20,VIIRS,n,2,305.67,3.93,D,0
18.26643,80.81299,336.31,0.48,0.4,2021-03-23,804,N20,VIIRS,l,2,306.42,5.27,D,0
18.2684,80.34901,332.53,0.46,0.39,2021-03-23,804,N20,VIIRS,l,2,302.99,3.93,D,0
18.27281,78.82949,338.74,0.4,0.37,2021-03-23,804,N20,VIIRS,n,2,307.25,4.26,D,0
18.28144,80.06836,337.65,0.45,0.39,2021-03-23,804,N20,VIIRS,n,2,305.01,3.28,D,0
18.28715,80.29776,338.7,0.46,0.39,2021-03-23,804,N20,VIIRS,n,2,305.88,5.9,D,0
18.28773,80.30208,354.75,0.46,0.39,2021-03-23,804,N20,VIIRS,n,2,306.16,11.93,D,0
18.28889,80.31071,348.77,0.46,0.39,2021-03-23,804,N20,VIIRS,n,2,306.59,4.91,D,0
18.28948,80.31505,335.32,0.46,0.39,2021-03-23,804,N20,VIIRS,n,2,304.17,4.91,D,0
18.29073,80.29723,349.77,0.46,0.39,2021-03-23,804,N20,VIIRS,n,2,308.01,5.9,D,0
18.29131,80.30153,350.8,0.46,0.39,2021-03-23,804,N20,VIIRS,n,2,307.85,11.93,D,0
18.29189,80.30583,352.81,0.46,0.39,2021-03-23,804,N20,VIIRS,n,2,308.17,11.93,D,0
18.2921,80.2533,335.08,0.45,0.39,2021-03-23,804,N20,VIIRS,l,2,307.31,3.3,D,0
18.29213,80.86491,336.49,0.49,0.4,2021-03-23,804,N20,VIIRS,n,2,306.28,3.45,D,0
18.29248,80.31017,342.64,0.46,0.39,2021-03-23,804,N20,VIIRS,n,2,308.21,4.91,D,0
18.29274,80.86951,331.6,0.49,0.4,2021-03-23,804,N20,VIIRS,l,2,303.51,3.0,D,0
18.29306,80.31451,338.7,0.46,0.39,2021-03-23,804,N20,VIIRS,n,2,305.52,4.91,D,0
18.29364,80.31884,335.57,0.46,0.39,2021-03-23,804,N20,VIIRS,n,2,304.38,1.31,D,0
18.29606,80.30962,332.27,0.46,0.39,2021-03-23,804,N20,VIIRS,l,2,306.36,7.47,D,0
18.29626,80.25707,333.51,0.45,0.39,2021-03-23,804,N20,VIIRS,l,2,306.86,2.21,D,0
18.29665,80.31396,335.47,0.46,0.39,2021-03-23,804,N20,VIIRS,l,2,307.95,7.47,D,0
18.29723,80.31833,346.86,0.46,0.39,2021-03-23,804,N20,VIIRS,n,2,310.56,21.86,D,0
18.29914,80.06562,334.09,0.45,0.39,2021-03-23,804,N20,VIIRS,n,2,304.06,2.5,D,0
18.30024,80.31345,346.36,0.46,0.39,2021-03-23,804,N20,VIIRS,n,2,310.44,7.47,D,0
18.30082,80.3178,344.3,0.46,0.39,2021-03-23,804,N20,VIIRS,n,2,309.55,21.86,D,0
18.30182,80.37958,341.22,0.46,0.39,2021-03-23,804,N20,VIIRS,n,2,305.16,3.65,D,0
18.30324,80.3086,347.95,0.46,0.39,2021-03-23,804,N20,VIIRS,n,2,308.3,9.47,D,0
18.30382,80.31293,355.04,0.46,0.39,2021-03-23,804,N20,VIIRS,n,2,305.6,9.47,D,0
18.30509,77.97052,332.83,0.39,0.36,2021-03-23,804,N20,VIIRS,l,2,307.34,1.99,D,0
18.30702,78.63454,337.96,0.4,0.37,2021-03-23,804,N20,VIIRS,l,2,309.3,9.97,D,0
18.3081,80.02583,330.01,0.44,0.39,2021-03-23,804,N20,VIIRS,l,2,304.54,4.08,D,0
18.31104,80.02106,346.85,0.44,0.39,2021-03-23,804,N20,VIIRS,n,2,306.06,4.08,D,0
18.31166,80.28989,345.14,0.46,0.39,2021-03-23,804,N20,VIIRS,n,2,308.62,8.72,D,0
18.31225,80.29418,355.92,0.46,0.39,2021-03-23,804,N20,VIIRS,n,2,309.21,8.72,D,0
18.31283,80.29847,340.57,0.46,0.39,2021-03-23,804,N20,VIIRS,n,2,307.2,4.75,D,0
18.3133,80.80343,331.3,0.48,0.4,2021-03-23,804,N20,VIIRS,l,2,305.68,1.49,D,0
18.31363,80.8016,333.73,0.48,0.4,2021-03-23,804,N20,VIIRS,l,2,305.96,2.16,D,0
18.31673,80.85217,334.13,0.48,0.4,2021-03-23,804,N20,VIIRS,l,2,306.3,2.8,D,0
18.31978,80.85345,345.07,0.49,0.4,2021-03-23,804,N20,VIIRS,n,2,307.49,9.2,D,0
18.31981,80.84716,335.91,0.48,0.4,2021-03-23,804,N20,VIIRS,l,2,306.74,6.1,D,0
18.32041,80.85161,342.89,0.48,0.4,2021-03-23,804,N20,VIIRS,n,2,308.65,6.1,D,0
18.32232,80.84401,338.09,0.48,0.4,2021-03-23,804,N20,VIIRS,n,2,305.5,3.95,D,0
18.32289,80.84847,367.0,0.48,0.4,2021-03-23,804,N20,VIIRS,h,2,308.62,8.1,D,0
18.32347,80.85295,341.12,0.49,0.4,2021-03-23,804,N20,VIIRS,n,2,305.45,8.1,D,0
18.3235,80.84666,351.84,0.48,0.4,2021-03-23,804,N20,VIIRS,n,2,307.45,6.1,D,0
18.3241,80.85108,350.67,0.48,0.4,2021-03-23,804,N20,VIIRS,n,2,306.55,6.1,D,0
18.32511,80.01974,345.34,0.44,0.39,2021-03-23,804,N20,VIIRS,n,2,306.59,6.25,D,0
18.32641,80.37149,337.02,0.46,0.39,2021-03-23,804,N20,VIIRS,n,2,305.35,2.08,D,0
18.3283,80.33147,341.42,0.46,0.39,2021-03-23,804,N20,VIIRS,n,2,306.12,4.07,D,0
18.33275,80.17773,332.06,0.45,0.39,2021-03-23,804,N20,VIIRS,l,2,305.43,2.59,D,0
18.33377,80.29111,331.93,0.46,0.39,2021-03-23,804,N20,VIIRS,l,2,305.48,3.67,D,0
18.33671,80.31264,340.18,0.46,0.39,2021-03-23,804,N20,VIIRS,n,2,306.31,3.5,D,0
18.33735,80.2906,335.39,0.46,0.39,2021-03-23,804,N20,VIIRS,n,2,305.14,2.16,D,0
18.33785,80.34773,337.26,0.46,0.39,2021-03-23,804,N20,VIIRS,n,2,303.68,1.74,D,0
18.33841,80.17332,331.72,0.45,0.39,2021-03-23,804,N20,VIIRS,l,2,304.96,3.53,D,0
18.34031,80.31213,342.05,0.46,0.39,2021-03-23,804,N20,VIIRS,n,2,306.66,4.14,D,0
18.34089,80.31644,343.86,0.46,0.39,2021-03-23,804,N20,VIIRS,n,2,306.01,4.14,D,0
18.34144,80.34719,330.28,0.46,0.39,2021-03-23,804,N20,VIIRS,l,2,304.53,1.74,D,0
18.34333,78.53951,337.69,0.4,0.37,2021-03-23,804,N20,VIIRS,l,2,310.42,2.42,D,0
18.34449,80.31593,335.8,0.46,0.39,2021-03-23,804,N20,VIIRS,n,2,304.3,4.14,D,0
18.34862,80.34611,330.35,0.46,0.39,2021-03-23,804,N20,VIIRS,l,2,305.04,1.12,D,0
18.35624,80.17071,333.98,0.45,0.39,2021-03-23,804,N20,VIIRS,n,2,304.56,3.37,D,0
18.35787,81.47948,337.12,0.52,0.42,2021-03-23,804,N20,VIIRS,n,2,303.87,6.24,D,0
18.36595,78.24648,336.99,0.39,0.36,2021-03-23,804,N20,VIIRS,l,2,311.15,2.58,D,0
18.36687,78.97939,339.44,0.41,0.37,2021-03-23,804,N20,VIIRS,n,2,310.16,2.95,D,0
18.37541,80.25944,339.7,0.46,0.39,2021-03-23,804,N20,VIIRS,n,2,306.03,4.78,D,0
18.37598,80.26371,339.17,0.46,0.39,2021-03-23,804,N20,VIIRS,n,2,305.72,4.73,D,0
18.37716,80.13724,330.54,0.45,0.39,2021-03-23,804,N20,VIIRS,l,2,303.67,1.8,D,0
18.37811,81.1586,336.91,0.5,0.41,2021-03-23,804,N20,VIIRS,n,2,307.7,3.52,D,0
18.38079,80.60921,338.28,0.47,0.4,2021-03-23,804,N20,VIIRS,n,2,308.14,5.66,D,0
18.38382,80.60423,340.93,0.47,0.4,2021-03-23,804,N20,VIIRS,n,2,307.11,3.54,D,0
18.38443,80.60867,347.4,0.47,0.4,2021-03-23,804,N20,VIIRS,n,2,309.78,5.66,D,0
18.38693,80.2095,336.97,0.45,0.39,2021-03-23,804,N20,VIIRS,n,2,305.65,2.8,D,0
18.38751,80.2138,331.49,0.45,0.39,2021-03-23,804,N20,VIIRS,l,2,304.17,2.8,D,0
18.38813,80.35464,334.65,0.46,0.39,2021-03-23,804,N20,VIIRS,l,2,305.09,1.83,D,0
18.39157,80.24387,330.8,0.45,0.39,2021-03-23,804,N20,VIIRS,l,2,304.52,3.5,D,0
18.39215,80.24815,345.16,0.46,0.39,2021-03-23,804,N20,VIIRS,n,2,306.03,3.5,D,0
18.39515,80.24332,335.58,0.45,0.39,2021-03-23,804,N20,VIIRS,n,2,304.05,3.03,D,0
18.39805,80.26486,340.07,0.46,0.39,2021-03-23,804,N20,VIIRS,n,2,304.06,5.5,D,0
18.39814,80.2385,331.58,0.45,0.39,2021-03-23,804,N20,VIIRS,l,2,304.1,3.53,D,0
18.39868,80.63039,334.69,0.47,0.4,2021-03-23,804,N20,VIIRS,l,2,306.62,1.36,D,0
18.40251,79.05614,330.59,0.41,0.37,2021-03-23,804,N20,VIIRS,l,2,304.63,3.33,D,0
18.40472,80.23315,331.74,0.45,0.39,2021-03-23,804,N20,VIIRS,l,2,304.02,2.64,D,0
18.40887,80.23689,336.25,0.45,0.39,2021-03-23,804,N20,VIIRS,n,2,304.42,5.5,D,0
18.4118,80.25846,331.53,0.46,0.39,2021-03-23,804,N20,VIIRS,l,2,302.36,1.37,D,0
18.41538,80.25794,331.49,0.46,0.39,2021-03-23,804,N20,VIIRS,l,2,302.67,1.37,D,0
18.42006,80.2924,351.01,0.46,0.39,2021-03-23,804,N20,VIIRS,n,2,306.88,14.18,D,0
18.42424,80.29621,330.05,0.46,0.39,2021-03-23,804,N20,VIIRS,l,2,304.47,3.43,D,0
18.42889,80.35753,335.5,0.46,0.39,2021-03-23,804,N20,VIIRS,l,2,305.76,6.05,D,0
18.43082,80.29083,332.6,0.46,0.39,2021-03-23,804,N20,VIIRS,l,2,304.99,4.15,D,0
18.435,80.29463,333.98,0.46,0.39,2021-03-23,804,N20,VIIRS,n,2,302.93,4.15,D,0
18.43544,80.37877,335.42,0.46,0.39,2021-03-23,804,N20,VIIRS,n,2,305.55,2.16,D,0
18.43801,80.2898,333.37,0.46,0.39,2021-03-23,804,N20,VIIRS,n,2,303.22,2.56,D,0
18.44448,78.06422,337.43,0.39,0.36,2021-03-23,804,N20,VIIRS,l,2,309.89,2.02,D,0
18.44796,78.66935,342.6,0.4,0.37,2021-03-23,804,N20,VIIRS,n,2,307.21,4.31,D,0
18.45405,80.38054,330.44,0.46,0.39,2021-03-23,804,N20,VIIRS,l,2,303.16,1.59,D,0
18.45822,79.93716,336.94,0.44,0.39,2021-03-23,804,N20,VIIRS,l,2,308.54,3.85,D,0
18.46232,79.94079,332.92,0.44,0.39,2021-03-23,804,N20,VIIRS,l,2,306.69,1.46,D,0
18.46598,78.47053,331.29,0.4,0.37,2021-03-23,804,N20,VIIRS,l,2,305.43,2.71,D,0
18.47132,80.16782,332.42,0.45,0.39,2021-03-23,804,N20,VIIRS,n,2,304.37,1.99,D,0
18.47416,78.50357,333.77,0.4,0.37,2021-03-23,804,N20,VIIRS,l,2,306.91,0.81,D,0
18.47715,78.57227,334.71,0.4,0.37,2021-03-23,804,N20,VIIRS,l,2,307.26,2.77,D,0
18.4774,80.4978,333.93,0.47,0.4,2021-03-23,804,N20,VIIRS,l,2,308.92,1.97,D,0
18.47797,79.84528,337.72,0.44,0.38,2021-03-23,804,N20,VIIRS,n,2,308.2,2.85,D,0
18.4847,78.41025,343.44,0.4,0.37,2021-03-23,804,N20,VIIRS,n,2,310.22,6.96,D,0
18.48907,80.19144,330.28,0.45,0.39,2021-03-23,804,N20,VIIRS,l,2,304.25,2.17,D,0
18.50085,80.22474,336.56,0.46,0.39,2021-03-23,804,N20,VIIRS,n,2,305.81,2.76,D,0
18.50169,79.96494,345.64,0.44,0.39,2021-03-23,804,N20,VIIRS,n,2,306.47,4.72,D,0
18.50282,78.89897,332.42,0.41,0.37,2021-03-23,804,N20,VIIRS,l,2,304.53,2.77,D,0
18.50455,80.89416,344.63,0.49,0.4,2021-03-23,804,N20,VIIRS,n,2,309.19,4.63,D,0
18.51478,79.11028,330.72,0.41,0.37,2021-03-23,804,N20,VIIRS,l,2,301.94,2.11,D,0
18.51503,79.11071,330.77,0.41,0.37,2021-03-23,804,N20,VIIRS,n,2,300.62,2.95,D,0
18.51628,80.8408,334.09,0.49,0.4,2021-03-23,804,N20,VIIRS,l,2,305.0,2.77,D,0
18.51911,78.91606,331.31,0.41,0.37,2021-03-23,804,N20,VIIRS,l,2,305.42,3.15,D,0
18.52583,80.24737,330.7,0.46,0.39,2021-03-23,804,N20,VIIRS,l,2,303.72,3.34,D,0
18.53182,80.23765,335.9,0.46,0.39,2021-03-23,804,N20,VIIRS,n,2,302.58,4.78,D,0
18.5354,80.23714,343.26,0.46,0.39,2021-03-23,804,N20,VIIRS,n,2,303.09,4.78,D,0
18.53546,79.68539,348.18,0.43,0.38,2021-03-23,804,N20,VIIRS,n,2,307.76,11.13,D,0
18.53599,80.24146,334.26,0.46,0.39,2021-03-23,804,N20,VIIRS,n,2,301.44,4.69,D,0
18.5384,80.23233,338.04,0.46,0.39,2021-03-23,804,N20,VIIRS,n,2,303.53,4.03,D,0
18.5414,80.22752,330.17,0.46,0.39,2021-03-23,804,N20,VIIRS,l,2,303.07,2.51,D,0
18.55019,80.1129,330.8,0.45,0.39,2021-03-23,804,N20,VIIRS,l,2,304.05,4.54,D,0
18.55256,79.6287,338.19,0.43,0.38,2021-03-23,804,N20,VIIRS,l,2,308.85,3.2,D,0
18.55313,79.63276,335.05,0.43,0.38,2021-03-23,804,N20,VIIRS,l,2,306.43,3.25,D,0
18.55742,80.19472,331.71,0.45,0.39,2021-03-23,804,N20,VIIRS,l,2,306.12,3.22,D,0
18.55876,80.19445,341.35,0.45,0.39,2021-03-23,804,N20,VIIRS,n,2,306.42,7.26,D,0
18.561,80.19418,339.82,0.45,0.39,2021-03-23,804,N20,VIIRS,n,2,304.37,5.39,D,0
18.5626,80.71492,337.41,0.48,0.4,2021-03-23,804,N20,VIIRS,n,2,305.39,3.73,D,0
18.56597,80.54453,336.25,0.47,0.4,2021-03-23,804,N20,VIIRS,l,2,308.64,3.86,D,0
18.56656,80.54893,338.13,0.47,0.4,2021-03-23,804,N20,VIIRS,l,2,308.14,2.66,D,0
18.56698,80.30743,334.7,0.46,0.39,2021-03-23,804,N20,VIIRS,n,2,303.64,3.48,D,0
18.57297,79.93299,335.76,0.44,0.39,2021-03-23,804,N20,VIIRS,l,2,310.01,6.16,D,0
18.57354,79.93719,348.35,0.44,0.39,2021-03-23,804,N20,VIIRS,n,2,309.72,6.16,D,0
18.57715,80.2884,340.1,0.46,0.39,2021-03-23,804,N20,VIIRS,n,2,303.73,4.52,D,0
18.57972,80.14336,340.38,0.45,0.39,2021-03-23,804,N20,VIIRS,n,2,304.86,4.71,D,0
18.58029,80.14764,336.93,0.45,0.39,2021-03-23,804,N20,VIIRS,n,2,304.76,4.11,D,0
18.58328,80.14281,346.13,0.45,0.39,2021-03-23,804,N20,VIIRS,n,2,305.42,5.89,D,0
18.5934,80.27288,351.73,0.46,0.39,2021-03-23,804,N20,VIIRS,n,2,306.11,14.51,D,0
18.6031,79.70126,335.9,0.43,0.38,2021-03-23,804,N20,VIIRS,l,2,307.0,2.6,D,0
18.60337,79.78849,333.77,0.44,0.38,2021-03-23,804,N20,VIIRS,l,2,308.47,1.92,D,0
18.60785,80.08262,331.89,0.45,0.39,2021-03-23,804,N20,VIIRS,n,2,301.43,5.83,D,0
18.60843,80.08687,346.77,0.45,0.39,2021-03-23,804,N20,VIIRS,n,2,303.16,5.83,D,0
18.61448,80.62914,334.75,0.48,0.4,2021-03-23,804,N20,VIIRS,l,2,305.96,3.93,D,0
18.61452,80.62866,336.74,0.48,0.4,2021-03-23,804,N20,VIIRS,n,2,306.44,3.16,D,0
18.61812,80.62852,332.63,0.48,0.4,2021-03-23,804,N20,VIIRS,l,2,306.98,2.42,D,0
18.61817,80.62806,333.26,0.48,0.4,2021-03-23,804,N20,VIIRS,l,2,306.69,3.16,D,0
18.61884,80.35352,342.16,0.46,0.39,2021-03-23,804,N20,VIIRS,n,2,304.01,4.87,D,0
18.62119,80.62344,331.41,0.48,0.4,2021-03-23,804,N20,VIIRS,l,2,305.36,2.42,D,0
18.63064,80.6961,333.36,0.48,0.4,2021-03-23,804,N20,VIIRS,n,2,302.63,3.87,D,0
18.63579,80.64965,334.61,0.48,0.4,2021-03-23,804,N20,VIIRS,n,2,306.88,2.99,D,0
18.65048,79.99941,341.26,0.45,0.39,2021-03-23,804,N20,VIIRS,n,2,305.47,5.78,D,0
18.65691,80.02036,343.79,0.45,0.39,2021-03-23,804,N20,VIIRS,n,2,304.98,3.75,D,0
18.65989,80.01558,338.39,0.45,0.39,2021-03-23,804,N20,VIIRS,n,2,306.98,3.81,D,0
18.66045,80.01983,347.39,0.45,0.39,2021-03-23,804,N20,VIIRS,n,2,305.43,3.81,D,0
18.66213,80.59502,344.12,0.48,0.4,2021-03-23,804,N20,VIIRS,n,2,309.08,4.66,D,0
18.66343,80.01504,333.42,0.45,0.39,2021-03-23,804,N20,VIIRS,l,2,306.72,3.81,D,0
18.66401,80.0193,344.74,0.45,0.39,2021-03-23,804,N20,VIIRS,n,2,306.37,3.81,D,0
18.66525,80.53482,341.11,0.47,0.4,2021-03-23,804,N20,VIIRS,n,2,305.33,6.85,D,0
18.66579,80.59457,340.74,0.48,0.4,2021-03-23,804,N20,VIIRS,n,2,308.3,3.53,D,0
18.66756,80.01877,338.26,0.45,0.39,2021-03-23,804,N20,VIIRS,n,2,305.68,3.69,D,0
18.67319,80.53867,332.88,0.47,0.4,2021-03-23,804,N20,VIIRS,l,2,304.8,3.56,D,0
18.67457,80.15247,335.08,0.45,0.39,2021-03-23,804,N20,VIIRS,n,2,304.85,3.22,D,0
18.69289,80.04533,336.54,0.45,0.39,2021-03-23,804,N20,VIIRS,n,2,306.41,3.21,D,0
18.70117,80.05282,335.72,0.45,0.39,2021-03-23,804,N20,VIIRS,l,2,306.11,3.69,D,0
18.70357,80.04379,339.59,0.45,0.39,2021-03-23,804,N20,VIIRS,n,2,309.57,10.93,D,0
18.70414,79.86334,343.4,0.44,0.38,2021-03-23,804,N20,VIIRS,n,2,308.16,3.25,D,0
18.70471,79.8675,332.8,0.44,0.38,2021-03-23,804,N20,VIIRS,l,2,305.76,3.25,D,0
18.72165,79.91185,332.72,0.44,0.39,2021-03-23,804,N20,VIIRS,l,2,305.71,1.97,D,0
18.73271,81.22089,333.67,0.51,0.41,2021-03-23,804,N20,VIIRS,n,2,302.54,6.43,D,0
18.74669,80.11996,331.69,0.45,0.39,2021-03-23,804,N20,VIIRS,l,2,302.87,1.44,D,0
18.76763,80.9629,337.21,0.5,0.41,2021-03-23,804,N20,VIIRS,n,2,302.22,3.46,D,0
18.47869,77.99837,333.56,0.39,0.36,2021-03-23,805,N20,VIIRS,l,2,306.52,1.54,D,0
18.49158,77.83165,331.04,0.39,0.36,2021-03-23,805,N20,VIIRS,l,2,304.12,2.52,D,0
18.51029,77.84356,333.08,0.39,0.36,2021-03-23,805,N20,VIIRS,l,2,304.84,2.3,D,0
18.51414,77.84666,333.57,0.39,0.36,2021-03-23,805,N20,VIIRS,l,2,307.11,2.3,D,0
18.51492,78.06026,335.37,0.39,0.36,2021-03-23,805,N20,VIIRS,n,2,304.78,2.45,D,0
18.51825,78.05972,342.51,0.39,0.36,2021-03-23,805,N20,VIIRS,n,2,306.05,2.45,D,0
18.55302,78.08807,344.59,0.39,0.36,2021-03-23,805,N20,VIIRS,n,2,306.84,3.97,D,0
18.57501,78.69221,331.48,0.4,0.37,2021-03-23,805,N20,VIIRS,l,2,306.1,3.32,D,0
18.62516,78.97448,337.87,0.41,0.37,2021-03-23,805,N20,VIIRS,n,2,306.95,4.52,D,0
18.64623,78.7317,330.08,0.4,0.37,2021-03-23,805,N20,VIIRS,l,2,303.33,3.45,D,0
18.65091,78.81289,332.11,0.41,0.37,2021-03-23,805,N20,VIIRS,l,2,306.38,2.01,D,0
18.65145,78.81671,332.54,0.41,0.37,2021-03-23,805,N20,VIIRS,l,2,305.66,2.01,D,0
18.65484,78.81616,333.21,0.41,0.37,2021-03-23,805,N20,VIIRS,l,2,306.17,2.01,D,0
18.67473,78.63039,337.15,0.4,0.37,2021-03-23,805,N20,VIIRS,n,2,306.24,2.14,D,0
18.70582,78.87553,338.57,0.41,0.37,2021-03-23,805,N20,VIIRS,n,2,305.02,2.85,D,0
18.70922,78.87501,336.73,0.41,0.37,2021-03-23,805,N20,VIIRS,n,2,303.13,2.85,D,0
18.71645,78.02396,337.83,0.39,0.36,2021-03-23,805,N20,VIIRS,n,2,308.85,3.85,D,0
18.72888,78.57542,345.0,0.4,0.37,2021-03-23,805,N20,VIIRS,n,2,307.39,3.28,D,0
18.7347,78.14956,334.12,0.39,0.36,2021-03-23,805,N20,VIIRS,l,2,306.99,2.81,D,0
18.74877,79.89989,340.9,0.44,0.39,2021-03-23,805,N20,VIIRS,n,2,305.64,4.88,D,0
18.75287,79.90357,330.1,0.44,0.39,2021-03-23,805,N20,VIIRS,l,2,304.45,3.92,D,0
18.75867,79.91988,330.23,0.44,0.39,2021-03-23,805,N20,VIIRS,l,2,304.74,2.06,D,0
18.76221,79.91936,340.03,0.44,0.39,2021-03-23,805,N20,VIIRS,n,2,305.29,4.71,D,0
18.77042,78.34956,342.34,0.4,0.37,2021-03-23,805,N20,VIIRS,n,2,307.61,3.78,D,0
18.77181,79.88367,330.63,0.44,0.39,2021-03-23,805,N20,VIIRS,l,2,303.87,4.74,D,0
18.7852,79.39748,340.39,0.42,0.38,2021-03-23,805,N20,VIIRS,n,2,308.04,3.81,D,0
18.80066,77.30688,335.39,0.38,0.36,2021-03-23,805,N20,VIIRS,l,2,310.25,2.89,D,0
18.81129,80.20345,339.71,0.46,0.39,2021-03-23,805,N20,VIIRS,n,2,303.93,3.63,D,0
18.81638,80.26891,330.57,0.46,0.39,2021-03-23,805,N20,VIIRS,l,2,303.43,1.66,D,0
18.81852,77.74772,338.33,0.39,0.36,2021-03-23,805,N20,VIIRS,n,2,310.59,1.9,D,0
18.82312,77.98743,338.28,0.39,0.36,2021-03-23,805,N20,VIIRS,n,2,306.14,5.37,D,0
18.82406,79.94892,338.38,0.45,0.39,2021-03-23,805,N20,VIIRS,n,2,308.81,4.42,D,0
18.83656,80.14686,337.11,0.45,0.39,2021-03-23,805,N20,VIIRS,n,2,303.64,5.74,D,0
18.83772,80.15546,338.7,0.46,0.39,2021-03-23,805,N20,VIIRS,n,2,304.34,4.66,D,0
18.83955,80.14202,335.98,0.45,0.39,2021-03-23,805,N20,VIIRS,n,2,304.88,4.72,D,0
18.84013,80.14632,352.92,0.45,0.39,2021-03-23,805,N20,VIIRS,n,2,305.03,5.74,D,0
18.84312,80.14149,330.57,0.45,0.39,2021-03-23,805,N20,VIIRS,l,2,304.89,2.48,D,0
18.84541,80.18519,337.39,0.46,0.39,2021-03-23,805,N20,VIIRS,n,2,304.24,3.43,D,0
18.84558,80.106,333.52,0.45,0.39,2021-03-23,805,N20,VIIRS,n,2,303.82,3.16,D,0
18.846,80.18952,330.42,0.46,0.39,2021-03-23,805,N20,VIIRS,l,2,303.57,1.98,D,0
18.8471,80.22462,331.05,0.46,0.39,2021-03-23,805,N20,VIIRS,l,2,305.86,2.1,D,0
18.84782,80.17601,337.08,0.46,0.39,2021-03-23,805,N20,VIIRS,n,2,303.79,3.46,D,0
18.85617,80.1836,336.68,0.46,0.39,2021-03-23,805,N20,VIIRS,n,2,305.37,1.75,D,0
18.85793,80.19655,336.64,0.46,0.39,2021-03-23,805,N20,VIIRS,n,2,304.45,3.41,D,0
18.86364,79.8157,341.37,0.44,0.38,2021-03-23,805,N20,VIIRS,n,2,308.27,4.9,D,0
18.88411,80.07534,337.62,0.45,0.39,2021-03-23,805,N20,VIIRS,n,2,305.61,5.58,D,0
18.88526,80.0839,341.38,0.45,0.39,2021-03-23,805,N20,VIIRS,n,2,305.18,7.12,D,0
18.88583,80.08823,331.67,0.45,0.39,2021-03-23,805,N20,VIIRS,l,2,303.05,2.24,D,0
18.8864,80.0925,333.03,0.45,0.39,2021-03-23,805,N20,VIIRS,l,2,303.74,2.24,D,0
18.89084,80.15324,333.9,0.46,0.39,2021-03-23,805,N20,VIIRS,l,2,304.27,1.84,D,0
18.89712,79.61623,338.63,0.43,0.38,2021-03-23,805,N20,VIIRS,n,2,304.62,2.7,D,0
18.90034,80.28041,345.3,0.46,0.39,2021-03-23,805,N20,VIIRS,n,2,305.16,5.33,D,0
18.90062,79.61572,339.99,0.43,0.38,2021-03-23,805,N20,VIIRS,n,2,305.87,2.81,D,0
18.90119,79.61983,333.69,0.43,0.38,2021-03-23,805,N20,VIIRS,l,2,307.61,2.81,D,0
18.90395,80.27989,336.18,0.46,0.39,2021-03-23,805,N20,VIIRS,n,2,304.96,3.9,D,0
18.9088,79.83009,335.97,0.44,0.38,2021-03-23,805,N20,VIIRS,n,2,305.32,3.59,D,0
18.9089,79.30527,344.4,0.42,0.38,2021-03-23,805,N20,VIIRS,n,2,307.64,5.21,D,0
18.91071,78.89523,333.94,0.41,0.37,2021-03-23,805,N20,VIIRS,l,2,306.67,3.16,D,0
18.91745,79.31608,339.39,0.42,0.38,2021-03-23,805,N20,VIIRS,n,2,308.09,2.04,D,0
18.91801,79.3201,332.75,0.42,0.38,2021-03-23,805,N20,VIIRS,l,2,306.15,2.04,D,0
18.92346,80.20584,332.77,0.46,0.39,2021-03-23,805,N20,VIIRS,l,2,303.41,2.49,D,0
18.92871,80.60965,336.39,0.48,0.4,2021-03-23,805,N20,VIIRS,n,2,301.58,3.22,D,0
18.93634,77.60476,336.14,0.39,0.36,2021-03-23,805,N20,VIIRS,n,2,308.94,3.46,D,0
18.94245,80.54498,342.6,0.48,0.4,2021-03-23,805,N20,VIIRS,n,2,305.79,5.38,D,0
18.94304,80.54951,331.67,0.48,0.4,2021-03-23,805,N20,VIIRS,n,2,302.74,5.38,D,0
18.94649,78.41341,331.67,0.4,0.37,2021-03-23,805,N20,VIIRS,n,2,304.06,1.34,D,0
18.94926,80.51179,331.55,0.47,0.4,2021-03-23,805,N20,VIIRS,l,2,302.73,3.28,D,0
18.95297,78.06457,341.72,0.39,0.36,2021-03-23,805,N20,VIIRS,n,2,300.61,5.66,D,0
18.95351,80.51581,333.2,0.47,0.4,2021-03-23,805,N20,VIIRS,n,2,302.93,2.97,D,0
18.9541,80.5203,334.23,0.47,0.4,2021-03-23,805,N20,VIIRS,n,2,302.44,2.97,D,0
18.97764,79.57117,330.19,0.43,0.38,2021-03-23,805,N20,VIIRS,l,2,303.36,1.73,D,0
18.98444,80.55262,332.93,0.48,0.4,2021-03-23,805,N20,VIIRS,l,2,303.18,2.81,D,0
18.98642,79.26069,331.85,0.42,0.38,2021-03-23,805,N20,VIIRS,l,2,305.49,1.67,D,0
18.98876,79.25214,340.0,0.42,0.38,2021-03-23,805,N20,VIIRS,n,2,303.59,3.18,D,0
18.98986,79.26013,335.85,0.42,0.38,2021-03-23,805,N20,VIIRS,n,2,304.99,3.23,D,0
18.99036,78.83929,341.38,0.41,0.37,2021-03-23,805,N20,VIIRS,n,2,308.24,4.69,D,0
18.9922,79.25157,340.21,0.42,0.38,2021-03-23,805,N20,VIIRS,n,2,303.31,3.18,D,0
18.99276,79.25558,338.26,0.42,0.38,2021-03-23,805,N20,VIIRS,n,2,304.27,3.23,D,0
18.99999,80.69863,343.04,0.48,0.4,2021-03-23,805,N20,VIIRS,n,2,304.25,7.23,D,0
19.00159,77.60899,338.28,0.39,0.36,2021-03-23,805,N20,VIIRS,l,2,310.78,1.99,D,0
19.01783,79.28398,340.03,0.42,0.38,2021-03-23,805,N20,VIIRS,n,2,306.84,3.69,D,0
19.01838,79.28793,336.99,0.42,0.38,2021-03-23,805,N20,VIIRS,l,2,307.19,3.69,D,0
19.02226,80.44659,338.96,0.47,0.4,2021-03-23,805,N20,VIIRS,n,2,302.84,6.13,D,0
19.0228,80.44769,334.81,0.47,0.4,2021-03-23,805,N20,VIIRS,n,2,302.98,4.5,D,0
19.02591,80.58371,335.21,0.48,0.4,2021-03-23,805,N20,VIIRS,n,2,301.82,3.46,D,0
19.02651,80.58822,342.46,0.48,0.4,2021-03-23,805,N20,VIIRS,n,2,302.04,6.11,D,0
19.0456,78.4206,336.91,0.4,0.37,2021-03-23,805,N20,VIIRS,n,2,305.76,3.49,D,0
19.04775,80.08244,355.38,0.45,0.39,2021-03-23,805,N20,VIIRS,n,2,305.1,19.09,D,0
19.05075,80.57679,334.33,0.48,0.4,2021-03-23,805,N20,VIIRS,n,2,302.93,4.34,D,0
19.05133,80.08193,340.38,0.45,0.39,2021-03-23,805,N20,VIIRS,n,2,302.55,6.19,D,0
19.0516,80.52605,332.28,0.48,0.4,2021-03-23,805,N20,VIIRS,l,2,303.23,2.14,D,0
19.0595,80.52951,333.2,0.48,0.4,2021-03-23,805,N20,VIIRS,l,2,303.47,2.09,D,0
19.06059,80.20424,331.41,0.46,0.39,2021-03-23,805,N20,VIIRS,n,2,300.06,1.93,D,0
19.06118,80.20863,330.64,0.46,0.39,2021-03-23,805,N20,VIIRS,l,2,302.64,1.93,D,0
19.06886,79.76026,336.02,0.44,0.38,2021-03-23,805,N20,VIIRS,n,2,303.07,3.24,D,0
19.06967,80.57867,338.71,0.48,0.4,2021-03-23,805,N20,VIIRS,n,2,302.19,4.53,D,0
19.0827,79.34381,345.76,0.42,0.38,2021-03-23,805,N20,VIIRS,n,2,305.97,2.85,D,0
19.08279,80.48032,331.7,0.47,0.4,2021-03-23,805,N20,VIIRS,l,2,302.5,1.31,D,0
19.08767,80.10745,339.05,0.46,0.39,2021-03-23,805,N20,VIIRS,n,2,291.11,1.65,D,0
19.09887,79.74297,333.61,0.44,0.38,2021-03-23,805,N20,VIIRS,n,2,301.09,1.96,D,0
19.1006,78.87752,347.13,0.41,0.37,2021-03-23,805,N20,VIIRS,n,2,307.25,4.38,D,0
19.10469,78.41142,340.94,0.4,0.37,2021-03-23,805,N20,VIIRS,n,2,308.94,2.13,D,0
19.11531,78.41359,335.14,0.4,0.37,2021-03-23,805,N20,VIIRS,l,2,306.04,2.15,D,0
19.11894,79.3094,334.18,0.42,0.38,2021-03-23,805,N20,VIIRS,l,2,304.92,2.41,D,0
19.12128,78.19364,342.8,0.4,0.37,2021-03-23,805,N20,VIIRS,n,2,310.47,2.52,D,0
19.12147,79.37926,338.42,0.43,0.38,2021-03-23,805,N20,VIIRS,n,2,304.94,4.47,D,0
19.122,79.38306,338.16,0.43,0.38,2021-03-23,805,N20,VIIRS,n,2,304.82,3.52,D,0
19.14885,78.87045,347.26,0.41,0.37,2021-03-23,805,N20,VIIRS,n,2,307.33,12.17,D,0
19.14886,78.5518,334.78,0.4,0.37,2021-03-23,805,N20,VIIRS,l,2,307.75,2.01,D,0
19.15226,78.86992,330.61,0.41,0.37,2021-03-23,805,N20,VIIRS,l,2,303.35,0.58,D,0
19.15827,80.6597,333.73,0.48,0.4,2021-03-23,805,N20,VIIRS,n,2,300.59,3.17,D,0
19.15894,80.65851,336.22,0.48,0.4,2021-03-23,805,N20,VIIRS,n,2,301.25,3.33,D,0
19.18083,78.82568,334.82,0.41,0.37,2021-03-23,805,N20,VIIRS,l,2,307.46,2.38,D,0
19.18273,78.46447,347.23,0.4,0.37,2021-03-23,805,N20,VIIRS,n,2,308.86,6.05,D,0
19.1861,78.46391,332.54,0.4,0.37,2021-03-23,805,N20,VIIRS,l,2,306.35,6.05,D,0
19.18663,78.46772,338.67,0.4,0.37,2021-03-23,805,N20,VIIRS,n,2,308.3,6.05,D,0
19.19579,78.43524,331.92,0.4,0.37,2021-03-23,805,N20,VIIRS,l,2,305.52,1.09,D,0
19.2042,79.74902,331.15,0.44,0.38,2021-03-23,805,N20,VIIRS,l,2,304.64,3.23,D,0
19.20787,80.72315,330.02,0.49,0.4,2021-03-23,805,N20,VIIRS,l,2,301.14,2.38,D,0
19.22113,80.53927,337.5,0.48,0.4,2021-03-23,805,N20,VIIRS,n,2,302.14,5.54,D,0
19.22234,80.54834,332.65,0.48,0.4,2021-03-23,805,N20,VIIRS,n,2,301.93,5.81,D,0
19.22355,79.02992,338.39,0.42,0.37,2021-03-23,805,N20,VIIRS,n,2,307.83,3.31,D,0
19.22523,80.65477,332.92,0.48,0.4,2021-03-23,805,N20,VIIRS,n,2,299.55,3.39,D,0
19.23415,79.75739,331.81,0.44,0.38,2021-03-23,805,N20,VIIRS,n,2,302.69,2.39,D,0
19.2399,78.0335,337.08,0.39,0.36,2021-03-23,805,N20,VIIRS,l,2,309.82,3.37,D,0
19.278,78.29891,337.17,0.4,0.37,2021-03-23,805,N20,VIIRS,n,2,307.03,1.83,D,0
19.27943,78.56248,337.97,0.4,0.37,2021-03-23,805,N20,VIIRS,n,2,305.21,1.97,D,0
19.28044,77.63694,336.31,0.39,0.36,2021-03-23,805,N20,VIIRS,l,2,309.53,1.76,D,0
19.28701,78.95993,336.72,0.41,0.37,2021-03-23,805,N20,VIIRS,l,2,307.4,1.61,D,0
19.28841,79.02016,334.95,0.42,0.37,2021-03-23,805,N20,VIIRS,l,2,308.94,2.26,D,0
19.2963,78.55972,333.19,0.4,0.37,2021-03-23,805,N20,VIIRS,l,2,305.01,1.46,D,0
19.29686,78.56355,331.72,0.4,0.37,2021-03-23,805,N20,VIIRS,l,2,303.83,1.26,D,0
19.30821,80.1649,331.74,0.46,0.39,2021-03-23,805,N20,VIIRS,n,2,301.73,2.14,D,0
19.3112,78.36316,335.99,0.4,0.37,2021-03-23,805,N20,VIIRS,l,2,308.3,2.4,D,0
19.31956,79.8011,347.47,0.44,0.39,2021-03-23,805,N20,VIIRS,n,2,304.99,5.79,D,0
19.32014,79.80536,340.81,0.44,0.39,2021-03-23,805,N20,VIIRS,n,2,304.51,5.79,D,0
19.32015,80.22546,338.18,0.46,0.39,2021-03-23,805,N20,VIIRS,n,2,297.54,3.91,D,0
19.3233,77.99718,336.1,0.39,0.36,2021-03-23,805,N20,VIIRS,l,2,306.69,3.15,D,0
19.33483,78.19377,334.29,0.4,0.37,2021-03-23,805,N20,VIIRS,l,2,307.75,2.43,D,0
19.33583,79.0088,333.81,0.42,0.37,2021-03-23,805,N20,VIIRS,l,2,307.37,1.99,D,0
19.33898,77.61994,332.21,0.39,0.36,2021-03-23,805,N20,VIIRS,l,2,302.36,1.97,D,0
19.34004,80.03326,330.8,0.45,0.39,2021-03-23,805,N20,VIIRS,l,2,302.2,2.32,D,0
19.34303,80.0284,333.13,0.45,0.39,2021-03-23,805,N20,VIIRS,n,2,300.97,2.86,D,0
19.34569,78.41199,338.38,0.4,0.37,2021-03-23,805,N20,VIIRS,l,2,308.57,6.1,D,0
19.35056,80.08443,334.99,0.46,0.39,2021-03-23,805,N20,VIIRS,n,2,301.04,2.99,D,0
19.35416,80.08399,337.42,0.46,0.39,2021-03-23,805,N20,VIIRS,n,2,301.68,4.96,D,0
19.35566,77.75645,333.54,0.39,0.36,2021-03-23,805,N20,VIIRS,l,2,305.56,1.33,D,0
19.37017,78.80433,337.69,0.41,0.37,2021-03-23,805,N20,VIIRS,n,2,309.04,3.43,D,0
19.37269,78.27535,333.75,0.4,0.37,2021-03-23,805,N20,VIIRS,l,2,306.54,2.43,D,0
19.37278,80.56205,334.68,0.48,0.4,2021-03-23,805,N20,VIIRS,n,2,300.2,3.92,D,0
19.38504,78.66364,330.64,0.41,0.37,2021-03-23,805,N20,VIIRS,l,2,304.51,1.99,D,0
19.39542,79.06095,349.38,0.42,0.38,2021-03-23,805,N20,VIIRS,n,2,307.39,8.31,D,0
19.3971,80.03459,338.11,0.46,0.39,2021-03-23,805,N20,VIIRS,n,2,302.76,2.97,D,0
19.39848,80.03348,343.7,0.46,0.39,2021-03-23,805,N20,VIIRS,n,2,303.27,6.43,D,0
19.40068,80.03407,335.19,0.46,0.39,2021-03-23,805,N20,VIIRS,n,2,302.24,2.97,D,0
19.41543,80.65916,335.31,0.49,0.4,2021-03-23,805,N20,VIIRS,n,2,301.23,3.53,D,0
19.42623,81.24921,336.58,0.52,0.42,2021-03-23,805,N20,VIIRS,n,2,302.13,4.35,D,0
19.43013,79.66113,334.3,0.44,0.38,2021-03-23,805,N20,VIIRS,n,2,300.19,5.08,D,0
19.4307,79.66531,337.54,0.44,0.38,2021-03-23,805,N20,VIIRS,n,2,298.14,4.09,D,0
19.43956,80.58529,338.06,0.48,0.4,2021-03-23,805,N20,VIIRS,n,2,301.97,3.19,D,0
19.44087,80.11665,354.09,0.46,0.39,2021-03-23,805,N20,VIIRS,n,2,299.7,10.1,D,0
19.44447,80.11611,330.39,0.46,0.39,2021-03-23,805,N20,VIIRS,n,2,299.83,2.0,D,0
19.46039,80.01636,335.57,0.46,0.39,2021-03-23,805,N20,VIIRS,n,2,301.99,2.95,D,0
19.46097,80.02068,339.52,0.46,0.39,2021-03-23,805,N20,VIIRS,n,2,302.22,2.95,D,0
19.46352,78.10375,332.01,0.4,0.37,2021-03-23,805,N20,VIIRS,l,2,303.4,2.06,D,0
19.47274,80.69344,330.84,0.49,0.4,2021-03-23,805,N20,VIIRS,l,2,300.97,4.37,D,0
19.47336,80.6981,330.51,0.49,0.4,2021-03-23,805,N20,VIIRS,n,2,300.21,4.1,D,0
19.47499,80.12491,334.85,0.46,0.39,2021-03-23,805,N20,VIIRS,n,2,301.28,2.43,D,0
19.4786,80.12442,335.15,0.46,0.39,2021-03-23,805,N20,VIIRS,n,2,301.3,2.43,D,0
19.47918,80.12877,330.35,0.46,0.39,2021-03-23,805,N20,VIIRS,l,2,301.6,5.9,D,0
19.49978,80.50767,331.28,0.48,0.4,2021-03-23,805,N20,VIIRS,l,2,301.31,2.55,D,0
19.50038,80.51229,333.74,0.48,0.4,2021-03-23,805,N20,VIIRS,n,2,301.34,2.55,D,0
19.50179,80.6386,335.23,0.49,0.4,2021-03-23,805,N20,VIIRS,n,2,299.99,3.49,D,0
19.50345,80.50719,345.57,0.48,0.4,2021-03-23,805,N20,VIIRS,n,2,301.82,7.53,D,0
19.50379,79.23213,339.96,0.42,0.38,2021-03-23,805,N20,VIIRS,n,2,305.79,3.77,D,0
19.50585,79.23143,351.11,0.42,0.38,2021-03-23,805,N20,VIIRS,n,2,306.06,7.12,D,0
19.50724,79.23156,342.33,0.42,0.38,2021-03-23,805,N20,VIIRS,n,2,305.89,3.77,D,0
19.5105,80.39092,331.47,0.47,0.4,2021-03-23,805,N20,VIIRS,l,2,302.25,4.96,D,0
19.51239,80.60432,337.61,0.49,0.4,2021-03-23,805,N20,VIIRS,n,2,300.56,3.92,D,0
19.51719,80.38529,342.27,0.47,0.4,2021-03-23,805,N20,VIIRS,n,2,303.07,6.59,D,0
19.51755,80.50057,345.57,0.48,0.4,2021-03-23,805,N20,VIIRS,n,2,300.8,6.87,D,0
19.52357,80.5463,332.05,0.48,0.4,2021-03-23,805,N20,VIIRS,n,2,301.1,2.11,D,0
19.52448,80.81492,331.72,0.5,0.41,2021-03-23,805,N20,VIIRS,n,2,297.12,4.45,D,0
19.52573,80.36575,334.21,0.47,0.4,2021-03-23,805,N20,VIIRS,n,2,300.19,1.96,D,0
19.52639,78.94746,332.98,0.42,0.37,2021-03-23,805,N20,VIIRS,l,2,306.35,2.33,D,0
19.52681,78.85106,335.38,0.41,0.37,2021-03-23,805,N20,VIIRS,l,2,305.86,3.96,D,0
19.52683,80.42977,331.78,0.48,0.4,2021-03-23,805,N20,VIIRS,n,2,300.19,3.6,D,0
19.52911,80.53148,333.71,0.48,0.4,2021-03-23,805,N20,VIIRS,n,2,299.55,2.35,D,0
19.52931,80.67639,337.03,0.49,0.4,2021-03-23,805,N20,VIIRS,n,2,298.67,6.37,D,0
19.52938,80.36523,333.09,0.47,0.4,2021-03-23,805,N20,VIIRS,n,2,300.64,2.58,D,0
19.53145,78.9586,330.74,0.42,0.37,2021-03-23,805,N20,VIIRS,l,2,302.93,1.82,D,0
19.53415,80.68464,349.73,0.49,0.4,2021-03-23,805,N20,VIIRS,n,2,299.39,11.75,D,0
19.53473,80.68909,335.91,0.49,0.4,2021-03-23,805,N20,VIIRS,n,2,297.78,3.26,D,0
19.53759,79.00243,354.21,0.42,0.37,2021-03-23,805,N20,VIIRS,n,2,306.66,8.21,D,0
19.54684,80.58045,335.43,0.48,0.4,2021-03-23,805,N20,VIIRS,n,2,300.23,3.33,D,0
19.54745,80.58504,339.68,0.48,0.4,2021-03-23,805,N20,VIIRS,n,2,300.44,4.4,D,0
19.54805,80.58964,333.28,0.49,0.4,2021-03-23,805,N20,VIIRS,n,2,300.0,4.4,D,0
19.55052,80.57986,338.22,0.48,0.4,2021-03-23,805,N20,VIIRS,n,2,300.6,3.93,D,0
19.55954,80.14066,331.56,0.46,0.39,2021-03-23,805,N20,VIIRS,n,2,296.06,4.17,D,0
19.59113,80.40848,336.6,0.48,0.4,2021-03-23,805,N20,VIIRS,n,2,298.11,5.25,D,0
19.59187,80.16246,331.21,0.46,0.39,2021-03-23,805,N20,VIIRS,n,2,299.0,4.37,D,0
19.59479,80.40794,340.56,0.48,0.4,2021-03-23,805,N20,VIIRS,n,2,300.48,5.25,D,0
19.59522,81.3426,335.34,0.53,0.42,2021-03-23,805,N20,VIIRS,n,2,302.4,4.12,D,0
19.59607,80.16633,331.7,0.46,0.39,2021-03-23,805,N20,VIIRS,n,2,299.24,3.46,D,0
19.59937,80.64545,338.29,0.49,0.4,2021-03-23,805,N20,VIIRS,n,2,300.23,5.53,D,0
19.60738,80.47554,330.45,0.48,0.4,2021-03-23,805,N20,VIIRS,n,2,298.31,1.92,D,0
19.6077,80.089,341.32,0.46,0.39,2021-03-23,805,N20,VIIRS,n,2,301.96,4.52,D,0
19.60798,80.48009,330.37,0.48,0.4,2021-03-23,805,N20,VIIRS,n,2,297.64,1.92,D,0
19.61549,80.09229,330.87,0.46,0.39,2021-03-23,805,N20,VIIRS,l,2,301.69,3.14,D,0
19.6173,80.40913,334.99,0.48,0.4,2021-03-23,805,N20,VIIRS,n,2,299.47,3.43,D,0
19.61858,80.36261,330.57,0.47,0.4,2021-03-23,805,N20,VIIRS,n,2,297.63,4.2,D,0
19.61897,80.47843,335.21,0.48,0.4,2021-03-23,805,N20,VIIRS,n,2,298.69,3.56,D,0
19.63474,80.14317,330.61,0.46,0.39,2021-03-23,805,N20,VIIRS,n,2,298.88,3.39,D,0
19.63834,80.14262,333.16,0.46,0.39,2021-03-23,805,N20,VIIRS,n,2,298.86,3.39,D,0
19.63869,78.82597,335.18,0.41,0.37,2021-03-23,805,N20,VIIRS,n,2,300.63,1.77,D,0
19.64083,79.2196,337.04,0.43,0.38,2021-03-23,805,N20,VIIRS,n,2,304.62,4.45,D,0
19.6422,80.48434,336.42,0.48,0.4,2021-03-23,805,N20,VIIRS,n,2,301.33,6.41,D,0
19.65565,80.52916,332.74,0.48,0.4,2021-03-23,805,N20,VIIRS,n,2,300.69,2.25,D,0
19.65626,80.53376,334.6,0.48,0.4,2021-03-23,805,N20,VIIRS,n,2,300.91,4.66,D,0
19.66297,80.58439,350.44,0.49,0.4,2021-03-23,805,N20,VIIRS,n,2,302.15,7.7,D,0
19.66358,80.589,334.47,0.49,0.4,2021-03-23,805,N20,VIIRS,n,2,300.48,3.84,D,0
19.66546,80.51833,332.43,0.48,0.4,2021-03-23,805,N20,VIIRS,n,2,300.81,5.29,D,0
19.67036,80.52699,330.83,0.48,0.4,2021-03-23,805,N20,VIIRS,l,2,301.45,2.06,D,0
19.70837,80.0076,347.27,0.46,0.39,2021-03-23,805,N20,VIIRS,n,2,298.38,6.04,D,0
19.70844,80.25431,336.81,0.47,0.4,2021-03-23,805,N20,VIIRS,n,2,300.88,4.56,D,0
19.71137,80.0027,355.55,0.46,0.39,2021-03-23,805,N20,VIIRS,n,2,302.11,6.68,D,0
19.71196,80.00705,335.04,0.46,0.39,2021-03-23,805,N20,VIIRS,n,2,297.95,4.87,D,0
19.71495,80.00218,333.19,0.46,0.39,2021-03-23,805,N20,VIIRS,n,2,299.66,6.68,D,0
19.71521,80.19431,338.86,0.47,0.39,2021-03-23,805,N20,VIIRS,n,2,297.89,4.6,D,0
19.7153,79.18023,330.59,0.42,0.38,2021-03-23,805,N20,VIIRS,n,2,299.41,3.12,D,0
19.71639,79.00834,336.96,0.42,0.38,2021-03-23,805,N20,VIIRS,n,2,306.01,2.79,D,0
19.71661,79.1797,333.26,0.42,0.38,2021-03-23,805,N20,VIIRS,n,2,297.0,3.19,D,0
19.73727,80.67364,341.93,0.49,0.4,2021-03-23,805,N20,VIIRS,n,2,300.07,5.64,D,0
19.73885,79.97344,338.22,0.46,0.39,2021-03-23,805,N20,VIIRS,n,2,300.0,5.75,D,0
19.73911,80.65858,339.5,0.49,0.4,2021-03-23,805,N20,VIIRS,n,2,298.54,4.53,D,0
19.74269,79.02058,332.8,0.42,0.38,2021-03-23,805,N20,VIIRS,n,2,301.29,2.14,D,0
19.74286,79.20077,334.26,0.43,0.38,2021-03-23,805,N20,VIIRS,n,2,302.77,3.38,D,0
19.74833,79.85326,343.17,0.45,0.39,2021-03-23,805,N20,VIIRS,n,2,304.79,24.79,D,0
19.75368,78.99859,338.89,0.42,0.38,2021-03-23,805,N20,VIIRS,n,2,304.21,3.6,D,0
19.78446,79.04271,335.84,0.42,0.38,2021-03-23,805,N20,VIIRS,n,2,303.41,4.56,D,0
19.78791,79.04218,333.7,0.42,0.38,2021-03-23,805,N20,VIIRS,l,2,304.7,3.45,D,0
19.80398,80.18738,334.4,0.47,0.4,2021-03-23,805,N20,VIIRS,n,2,301.37,3.49,D,0
19.8054,80.48162,337.76,0.48,0.4,2021-03-23,805,N20,VIIRS,n,2,301.18,4.68,D,0
19.80936,79.47917,336.46,0.44,0.38,2021-03-23,805,N20,VIIRS,n,2,296.58,3.03,D,0
19.81123,80.18632,334.58,0.47,0.4,2021-03-23,805,N20,VIIRS,n,2,300.91,5.07,D,0
19.81544,80.19021,342.37,0.47,0.4,2021-03-23,805,N20,VIIRS,n,2,300.26,3.88,D,0
19.81906,80.18965,334.63,0.47,0.4,2021-03-23,805,N20,VIIRS,n,2,299.67,3.88,D,0
19.83751,78.42319,337.69,0.4,0.37,2021-03-23,805,N20,VIIRS,n,2,304.89,3.32,D,0
19.84267,80.14561,333.49,0.47,0.39,2021-03-23,805,N20,VIIRS,n,2,301.36,3.56,D,0
19.84381,80.14651,336.33,0.47,0.39,2021-03-23,805,N20,VIIRS,n,2,302.64,3.06,D,0
19.844,80.72259,333.05,0.5,0.41,2021-03-23,805,N20,VIIRS,n,2,298.55,4.84,D,0
19.84629,80.14508,332.69,0.47,0.39,2021-03-23,805,N20,VIIRS,n,2,302.25,2.71,D,0
19.84743,80.14598,331.28,0.47,0.39,2021-03-23,805,N20,VIIRS,l,2,302.01,3.06,D,0
19.85294,79.11069,333.93,0.42,0.38,2021-03-23,805,N20,VIIRS,n,2,303.47,1.78,D,0
19.86224,79.3081,346.92,0.43,0.38,2021-03-23,805,N20,VIIRS,n,2,305.43,4.05,D,0
19.86855,79.09594,333.61,0.42,0.38,2021-03-23,805,N20,VIIRS,n,2,302.08,1.78,D,0
19.87042,78.36319,342.72,0.4,0.37,2021-03-23,805,N20,VIIRS,n,2,303.17,3.19,D,0
17.43486,78.29457,319.91,0.46,0.39,2021-03-23,2035,N20,VIIRS,n,2,293.02,2.19,N,0
17.43708,78.29295,322.84,0.46,0.39,2021-03-23,2035,N20,VIIRS,n,2,293.09,1.87,N,0
17.43844,78.29525,309.33,0.46,0.39,2021-03-23,2035,N20,VIIRS,n,2,292.71,2.44,N,0
17.43918,78.29096,331.73,0.46,0.39,2021-03-23,2035,N20,VIIRS,n,2,293.17,2.44,N,0
17.44066,78.29364,323.36,0.46,0.39,2021-03-23,2035,N20,VIIRS,n,2,293.46,1.87,N,0
17.44141,78.28936,315.71,0.46,0.39,2021-03-23,2035,N20,VIIRS,n,2,293.48,1.87,N,0
17.59837,80.1893,313.61,0.39,0.44,2021-03-23,2035,N20,VIIRS,n,2,295.13,3.83,N,0
17.60475,77.64088,309.52,0.43,0.38,2021-03-23,2035,N20,VIIRS,n,2,288.01,1.93,N,0
17.67806,80.19249,309.94,0.39,0.44,2021-03-23,2035,N20,VIIRS,n,2,294.65,3.57,N,0
17.67835,81.44412,303.61,0.46,0.47,2021-03-23,2035,N20,VIIRS,n,2,281.1,1.89,N,0
17.91762,77.45296,331.88,0.42,0.38,2021-03-23,2035,N20,VIIRS,n,2,294.03,3.15,N,0
17.98849,81.16673,296.6,0.44,0.46,2021-03-23,2035,N20,VIIRS,n,2,274.55,2.11,N,0
17.99677,79.97641,304.78,0.56,0.43,2021-03-23,2035,N20,VIIRS,n,2,293.28,0.85,N,0
18.04483,80.11292,307.83,0.57,0.43,2021-03-23,2035,N20,VIIRS,n,2,293.38,1.03,N,0
18.09184,80.33875,304.49,0.39,0.44,2021-03-23,2035,N20,VIIRS,n,2,293.2,0.7,N,0
18.12096,80.31461,313.44,0.39,0.44,2021-03-23,2035,N20,VIIRS,n,2,294.05,1.83,N,0
18.12164,80.31091,308.1,0.39,0.44,2021-03-23,2035,N20,VIIRS,n,2,293.15,0.82,N,0
18.13175,80.75566,302.85,0.41,0.45,2021-03-23,2035,N20,VIIRS,n,2,287.21,1.41,N,0
18.14037,80.53111,307.42,0.4,0.44,2021-03-23,2035,N20,VIIRS,n,2,292.33,0.83,N,0
18.14176,80.5237,306.84,0.4,0.44,2021-03-23,2035,N20,VIIRS,n,2,293.24,1.27,N,0
18.21405,80.87562,307.26,0.42,0.45,2021-03-23,2035,N20,VIIRS,n,2,285.6,2.68,N,0
18.21481,80.87159,318.76,0.42,0.45,2021-03-23,2035,N20,VIIRS,n,2,286.53,2.37,N,0
18.23075,80.44653,314.94,0.39,0.44,2021-03-23,2035,N20,VIIRS,n,2,293.7,1.66,N,0
18.25205,80.47345,304.55,0.39,0.44,2021-03-23,2035,N20,VIIRS,n,2,293.1,0.63,N,0
18.25274,80.4698,303.87,0.39,0.44,2021-03-23,2035,N20,VIIRS,n,2,292.31,0.63,N,0
18.26302,78.08513,301.37,0.44,0.39,2021-03-23,2035,N20,VIIRS,n,2,287.39,1.39,N,0
18.28996,80.71755,307.94,0.41,0.45,2021-03-23,2035,N20,VIIRS,n,2,283.58,0.53,N,0
18.31512,78.01398,305.88,0.44,0.38,2021-03-23,2035,N20,VIIRS,n,2,286.47,1.52,N,0
18.34855,77.79738,308.25,0.43,0.38,2021-03-23,2035,N20,VIIRS,n,2,293.72,1.01,N,0
18.40246,78.70484,306.03,0.47,0.4,2021-03-23,2035,N20,VIIRS,n,2,293.05,1.68,N,0
18.62522,79.6206,307.32,0.52,0.42,2021-03-23,2035,N20,VIIRS,n,2,290.98,0.67,N,0
18.65354,78.82047,301.44,0.47,0.4,2021-03-23,2035,N20,VIIRS,n,2,290.64,0.62,N,0
18.6803,79.95805,302.63,0.54,0.42,2021-03-23,2035,N20,VIIRS,n,2,285.37,0.54,N,0
18.68147,78.89502,315.02,0.48,0.4,2021-03-23,2035,N20,VIIRS,n,2,291.55,1.55,N,0
18.68331,77.25155,302.55,0.41,0.37,2021-03-23,2035,N20,VIIRS,n,2,290.75,0.41,N,0
18.6895,78.89209,304.11,0.48,0.4,2021-03-23,2035,N20,VIIRS,n,2,293.24,0.87,N,0
18.74651,79.66226,308.33,0.52,0.42,2021-03-23,2035,N20,VIIRS,n,2,293.14,1.41,N,0
18.76871,78.97556,322.48,0.48,0.4,2021-03-23,2035,N20,VIIRS,n,2,294.6,2.08,N,0
18.78777,80.61854,310.42,0.39,0.44,2021-03-23,2035,N20,VIIRS,n,2,285.5,1.23,N,0
18.89497,79.61745,304.47,0.52,0.41,2021-03-23,2035,N20,VIIRS,n,2,291.92,1.84,N,0
18.89672,79.60779,306.21,0.52,0.41,2021-03-23,2035,N20,VIIRS,n,2,291.51,0.95,N,0
18.90047,79.60856,305.14,0.52,0.41,2021-03-23,2035,N20,VIIRS,n,2,290.4,0.48,N,0
18.90973,79.36455,303.81,0.5,0.41,2021-03-23,2035,N20,VIIRS,n,2,292.49,1.24,N,0
18.91962,80.08339,309.11,0.55,0.42,2021-03-23,2035,N20,VIIRS,n,2,290.07,1.23,N,0
18.92217,78.87435,309.19,0.47,0.4,2021-03-23,2035,N20,VIIRS,n,2,293.82,2.22,N,0
18.92294,78.87,333.57,0.47,0.4,2021-03-23,2035,N20,VIIRS,n,2,293.57,3.67,N,0
18.92347,80.0842,309.83,0.55,0.42,2021-03-23,2035,N20,VIIRS,n,2,291.01,1.08,N,0
18.92439,80.07915,304.86,0.55,0.42,2021-03-23,2035,N20,VIIRS,n,2,286.99,1.08,N,0
18.93232,78.98727,309.38,0.48,0.4,2021-03-23,2035,N20,VIIRS,n,2,290.58,1.25,N,0
18.93313,78.98267,305.68,0.48,0.4,2021-03-23,2035,N20,VIIRS,n,2,293.28,1.27,N,0
18.94199,79.98273,301.08,0.54,0.42,2021-03-23,2035,N20,VIIRS,n,2,287.72,0.46,N,0
18.94584,79.98338,302.07,0.54,0.42,2021-03-23,2035,N20,VIIRS,n,2,287.96,0.46,N,0
18.95528,77.35143,343.27,0.41,0.37,2021-03-23,2035,N20,VIIRS,n,2,295.04,5.22,N,0
19.01687,80.98699,302.14,0.41,0.45,2021-03-23,2035,N20,VIIRS,n,2,286.52,0.35,N,0
19.02026,80.21735,311.43,0.55,0.43,2021-03-23,2035,N20,VIIRS,n,2,293.98,2.39,N,0
19.03708,78.60979,304.88,0.46,0.39,2021-03-23,2035,N20,VIIRS,n,2,291.66,1.29,N,0
19.03784,78.60548,315.59,0.46,0.39,2021-03-23,2035,N20,VIIRS,n,2,291.56,1.29,N,0
19.06032,81.17934,303.05,0.42,0.45,2021-03-23,2035,N20,VIIRS,n,2,283.33,0.93,N,0
19.08569,79.96669,305.35,0.54,0.42,2021-03-23,2035,N20,VIIRS,n,2,292.04,1.45,N,0
19.08971,79.98839,311.71,0.54,0.42,2021-03-23,2035,N20,VIIRS,n,2,293.26,1.49,N,0
19.09015,80.21311,303.54,0.55,0.43,2021-03-23,2035,N20,VIIRS,n,2,292.46,0.9,N,0
19.09041,79.96249,311.76,0.54,0.42,2021-03-23,2035,N20,VIIRS,n,2,292.61,1.45,N,0
19.12207,79.08528,303.6,0.48,0.4,2021-03-23,2035,N20,VIIRS,n,2,288.54,0.86,N,0
19.12478,80.15585,303.04,0.55,0.43,2021-03-23,2035,N20,VIIRS,n,2,291.2,0.56,N,0
19.13026,78.68005,302.83,0.46,0.39,2021-03-23,2035,N20,VIIRS,n,2,291.94,0.94,N,0
19.13306,78.6851,305.94,0.46,0.39,2021-03-23,2035,N20,VIIRS,n,2,291.24,0.56,N,0
19.1346,78.67641,307.62,0.46,0.39,2021-03-23,2035,N20,VIIRS,n,2,292.12,0.94,N,0
19.13486,78.65407,312.99,0.46,0.39,2021-03-23,2035,N20,VIIRS,n,2,292.32,1.32,N,0
19.13744,79.08357,310.22,0.48,0.4,2021-03-23,2035,N20,VIIRS,n,2,291.04,1.18,N,0
19.1397,78.66844,303.38,0.46,0.39,2021-03-23,2035,N20,VIIRS,n,2,291.77,0.5,N,0
19.14046,78.66411,310.05,0.46,0.39,2021-03-23,2035,N20,VIIRS,n,2,292.24,1.03,N,0
19.15518,78.76952,313.51,0.47,0.39,2021-03-23,2035,N20,VIIRS,n,2,294.38,1.85,N,0
19.15601,78.68057,312.2,0.46,0.39,2021-03-23,2035,N20,VIIRS,n,2,292.66,1.79,N,0
19.15677,78.67625,309.15,0.46,0.39,2021-03-23,2035,N20,VIIRS,n,2,293.11,1.34,N,0
19.1609,80.22169,304.63,0.55,0.43,2021-03-23,2035,N20,VIIRS,n,2,293.34,1.73,N,0
19.16118,80.22367,306.21,0.55,0.43,2021-03-23,2035,N20,VIIRS,n,2,293.29,1.63,N,0
19.16371,79.14629,301.28,0.48,0.4,2021-03-23,2035,N20,VIIRS,n,2,289.28,0.34,N,0
19.16421,80.93951,302.02,0.4,0.45,2021-03-23,2035,N20,VIIRS,n,2,288.42,1.14,N,0
19.16943,79.84657,304.33,0.53,0.42,2021-03-23,2035,N20,VIIRS,n,2,289.81,1.89,N,0
19.1734,78.58149,305.45,0.46,0.39,2021-03-23,2035,N20,VIIRS,n,2,291.86,0.95,N,0
19.1865,80.36936,301.93,0.56,0.43,2021-03-23,2035,N20,VIIRS,n,2,289.02,0.93,N,0
19.1929,78.4701,304.42,0.45,0.39,2021-03-23,2035,N20,VIIRS,n,2,290.41,1.06,N,0
19.19975,79.85266,305.19,0.53,0.42,2021-03-23,2035,N20,VIIRS,n,2,289.65,2.9,N,0
19.2001,80.31765,309.49,0.56,0.43,2021-03-23,2035,N20,VIIRS,n,2,292.66,1.74,N,0
19.20243,79.83779,312.28,0.53,0.42,2021-03-23,2035,N20,VIIRS,n,2,293.61,4.73,N,0
19.21003,80.65373,305.13,0.39,0.44,2021-03-23,2035,N20,VIIRS,n,2,291.6,1.16,N,0
19.24944,80.26825,304.09,0.55,0.43,2021-03-23,2035,N20,VIIRS,n,2,292.3,1.27,N,0
19.26737,80.26241,307.89,0.55,0.43,2021-03-23,2035,N20,VIIRS,n,2,293.05,1.96,N,0
19.27072,80.26167,307.71,0.55,0.43,2021-03-23,2035,N20,VIIRS,n,2,292.77,2.46,N,0
19.27124,80.26321,307.01,0.55,0.43,2021-03-23,2035,N20,VIIRS,n,2,292.06,1.19,N,0
19.27352,80.24619,311.15,0.55,0.43,2021-03-23,2035,N20,VIIRS,n,2,289.78,1.69,N,0
19.27414,80.24773,314.36,0.55,0.43,2021-03-23,2035,N20,VIIRS,n,2,290.18,1.76,N,0
19.29337,78.77219,301.91,0.46,0.39,2021-03-23,2035,N20,VIIRS,n,2,291.19,0.57,N,0
19.29367,80.72329,306.6,0.39,0.44,2021-03-23,2035,N20,VIIRS,n,2,292.95,1.22,N,0
19.29413,78.76785,302.49,0.46,0.39,2021-03-23,2035,N20,VIIRS,n,2,291.58,0.57,N,0
19.29535,80.7275,303.89,0.39,0.44,2021-03-23,2035,N20,VIIRS,n,2,292.41,1.61,N,0
19.29599,80.72399,320.2,0.39,0.44,2021-03-23,2035,N20,VIIRS,n,2,293.76,1.61,N,0
19.29631,79.10049,305.08,0.48,0.4,2021-03-23,2035,N20,VIIRS,n,2,291.85,1.11,N,0
19.29704,80.72731,305.27,0.39,0.44,2021-03-23,2035,N20,VIIRS,n,2,292.12,1.22,N,0
19.2977,80.72382,318.56,0.39,0.44,2021-03-23,2035,N20,VIIRS,n,2,293.44,1.22,N,0
19.30236,80.72105,311.16,0.39,0.44,2021-03-23,2035,N20,VIIRS,n,2,293.0,1.05,N,0
19.30503,80.72878,306.7,0.39,0.44,2021-03-23,2035,N20,VIIRS,n,2,292.31,2.08,N,0
19.30632,80.72197,304.77,0.39,0.44,2021-03-23,2035,N20,VIIRS,n,2,292.44,1.05,N,0
19.30695,80.71862,305.65,0.39,0.44,2021-03-23,2035,N20,VIIRS,n,2,291.75,1.05,N,0
19.31034,79.8008,312.86,0.52,0.42,2021-03-23,2035,N20,VIIRS,n,2,292.95,3.92,N,0
19.31158,80.73788,304.2,0.39,0.44,2021-03-23,2035,N20,VIIRS,n,2,291.87,1.19,N,0
19.31492,80.74211,305.73,0.39,0.44,2021-03-23,2035,N20,VIIRS,n,2,291.89,0.7,N,0
19.33565,80.00256,308.7,0.53,0.42,2021-03-23,2035,N20,VIIRS,n,2,292.08,1.58,N,0
19.33854,80.00833,308.9,0.53,0.42,2021-03-23,2035,N20,VIIRS,n,2,292.29,1.58,N,0
19.34151,80.73258,310.54,0.39,0.44,2021-03-23,2035,N20,VIIRS,n,2,293.14,1.35,N,0
19.34211,80.72935,304.58,0.39,0.44,2021-03-23,2035,N20,VIIRS,n,2,291.97,1.26,N,0
19.34997,79.11619,301.64,0.48,0.4,2021-03-23,2035,N20,VIIRS,n,2,291.32,0.44,N,0
19.35532,80.08963,310.52,0.54,0.42,2021-03-23,2035,N20,VIIRS,n,2,293.25,3.08,N,0
19.35623,80.08468,305.79,0.54,0.42,2021-03-23,2035,N20,VIIRS,n,2,292.91,1.98,N,0
19.36006,80.08545,305.28,0.54,0.42,2021-03-23,2035,N20,VIIRS,n,2,293.29,1.69,N,0
19.36098,80.08044,317.01,0.54,0.42,2021-03-23,2035,N20,VIIRS,n,2,293.99,1.69,N,0
19.36528,80.14408,304.61,0.54,0.42,2021-03-23,2035,N20,VIIRS,n,2,291.15,1.27,N,0
19.38738,79.93552,307.53,0.53,0.42,2021-03-23,2035,N20,VIIRS,n,2,292.81,1.41,N,0
19.38831,79.93042,308.64,0.53,0.42,2021-03-23,2035,N20,VIIRS,n,2,293.73,1.41,N,0
19.39724,80.07741,306.19,0.54,0.42,2021-03-23,2035,N20,VIIRS,n,2,292.75,1.21,N,0
19.40942,80.52109,305.34,0.57,0.43,2021-03-23,2035,N20,VIIRS,n,2,291.71,2.37,N,0
19.40978,79.66207,297.1,0.51,0.41,2021-03-23,2035,N20,VIIRS,n,2,281.8,0.44,N,0
19.41439,79.65802,304.19,0.51,0.41,2021-03-23,2035,N20,VIIRS,n,2,287.71,1.27,N,0
19.43369,79.85293,304.81,0.52,0.42,2021-03-23,2035,N20,VIIRS,n,2,290.55,0.52,N,0
19.43665,80.48341,304.03,0.57,0.43,2021-03-23,2035,N20,VIIRS,n,2,292.43,1.32,N,0
19.43764,80.47797,305.61,0.57,0.43,2021-03-23,2035,N20,VIIRS,n,2,292.45,1.32,N,0
19.43974,79.88474,304.81,0.52,0.42,2021-03-23,2035,N20,VIIRS,n,2,291.53,2.08,N,0
19.44433,79.87753,307.81,0.52,0.42,2021-03-23,2035,N20,VIIRS,n,2,291.62,1.9,N,0
19.44441,79.88057,311.4,0.52,0.42,2021-03-23,2035,N20,VIIRS,n,2,291.74,1.22,N,0
19.44901,79.87337,305.04,0.52,0.42,2021-03-23,2035,N20,VIIRS,n,2,291.8,1.06,N,0
19.44906,79.87641,303.23,0.52,0.42,2021-03-23,2035,N20,VIIRS,n,2,291.59,1.65,N,0
19.45279,79.87414,307.31,0.52,0.42,2021-03-23,2035,N20,VIIRS,n,2,291.49,0.99,N,0
19.4537,79.86924,306.16,0.52,0.42,2021-03-23,2035,N20,VIIRS,n,2,291.51,0.99,N,0
19.45372,79.87228,312.59,0.52,0.42,2021-03-23,2035,N20,VIIRS,n,2,291.4,1.49,N,0
19.4631,80.11861,318.83,0.54,0.42,2021-03-23,2035,N20,VIIRS,n,2,293.13,2.87,N,0
19.46399,80.11373,310.49,0.54,0.42,2021-03-23,2035,N20,VIIRS,n,2,292.05,1.44,N,0
19.46645,80.05696,310.75,0.53,0.42,2021-03-23,2035,N20,VIIRS,n,2,292.06,1.51,N,0
19.46765,80.64262,314.12,0.38,0.44,2021-03-23,2035,N20,VIIRS,n,2,292.72,1.58,N,0
19.46843,80.06776,302.81,0.54,0.42,2021-03-23,2035,N20,VIIRS,n,2,291.41,0.69,N,0
19.46935,80.06274,312.11,0.54,0.42,2021-03-23,2035,N20,VIIRS,n,2,292.33,1.51,N,0
19.47026,80.05772,312.77,0.53,0.42,2021-03-23,2035,N20,VIIRS,n,2,291.13,1.51,N,0
19.47164,80.64322,311.78,0.38,0.44,2021-03-23,2035,N20,VIIRS,n,2,292.27,1.58,N,0
19.47266,79.63506,308.32,0.51,0.41,2021-03-23,2035,N20,VIIRS,n,2,291.03,1.01,N,0
19.47494,80.64751,303.64,0.38,0.44,2021-03-23,2035,N20,VIIRS,n,2,288.58,1.02,N,0
19.47547,80.11613,306.04,0.54,0.42,2021-03-23,2035,N20,VIIRS,n,2,292.25,0.83,N,0
19.4756,80.64393,308.27,0.38,0.44,2021-03-23,2035,N20,VIIRS,n,2,292.03,1.2,N,0
19.48336,80.73516,303.31,0.39,0.44,2021-03-23,2035,N20,VIIRS,n,2,291.96,0.67,N,0
19.48656,79.23686,303.69,0.48,0.4,2021-03-23,2035,N20,VIIRS,n,2,292.32,0.96,N,0
19.49106,79.23283,306.0,0.48,0.4,2021-03-23,2035,N20,VIIRS,n,2,291.73,1.68,N,0
19.4917,80.42601,304.24,0.56,0.43,2021-03-23,2035,N20,VIIRS,n,2,291.23,0.86,N,0
19.49266,80.42081,302.31,0.56,0.43,2021-03-23,2035,N20,VIIRS,n,2,291.52,0.86,N,0
19.49749,80.54794,304.45,0.57,0.43,2021-03-23,2035,N20,VIIRS,n,2,290.83,1.22,N,0
19.51123,80.49559,308.68,0.57,0.43,2021-03-23,2035,N20,VIIRS,n,2,291.18,1.02,N,0
19.51369,80.70451,308.11,0.39,0.44,2021-03-23,2035,N20,VIIRS,n,2,291.82,1.62,N,0
19.51594,80.70432,310.23,0.39,0.44,2021-03-23,2035,N20,VIIRS,n,2,293.05,1.39,N,0
19.51923,80.09349,303.88,0.54,0.42,2021-03-23,2035,N20,VIIRS,n,2,292.37,1.09,N,0
19.51989,80.38284,303.15,0.56,0.43,2021-03-23,2035,N20,VIIRS,n,2,291.1,0.81,N,0
19.52126,80.0162,302.7,0.53,0.42,2021-03-23,2035,N20,VIIRS,n,2,287.63,0.47,N,0
19.52194,80.09132,304.31,0.54,0.42,2021-03-23,2035,N20,VIIRS,n,2,292.03,0.58,N,0
19.522,80.50326,304.57,0.57,0.43,2021-03-23,2035,N20,VIIRS,n,2,290.91,0.94,N,0
19.52281,80.38886,305.17,0.56,0.43,2021-03-23,2035,N20,VIIRS,n,2,290.81,1.08,N,0
19.52572,80.37305,308.73,0.56,0.43,2021-03-23,2035,N20,VIIRS,n,2,292.66,2.13,N,0
19.52983,78.99451,303.04,0.47,0.4,2021-03-23,2035,N20,VIIRS,n,2,290.72,0.67,N,0
19.53203,80.6628,306.44,0.38,0.44,2021-03-23,2035,N20,VIIRS,n,2,292.65,0.99,N,0
19.53268,80.44504,314.69,0.56,0.43,2021-03-23,2035,N20,VIIRS,n,2,292.0,1.59,N,0
19.53364,80.4398,307.22,0.56,0.43,2021-03-23,2035,N20,VIIRS,n,2,291.74,1.59,N,0
19.53396,80.67426,304.3,0.39,0.44,2021-03-23,2035,N20,VIIRS,n,2,292.57,1.43,N,0
19.53409,80.69539,304.61,0.39,0.44,2021-03-23,2035,N20,VIIRS,n,2,292.33,0.8,N,0
19.53854,80.43512,308.31,0.56,0.43,2021-03-23,2035,N20,VIIRS,n,2,291.96,1.18,N,0
19.5395,80.42989,303.1,0.56,0.43,2021-03-23,2035,N20,VIIRS,n,2,291.85,1.18,N,0
19.54064,78.99663,309.07,0.47,0.4,2021-03-23,2035,N20,VIIRS,n,2,291.47,1.15,N,0
19.54144,78.99216,303.11,0.47,0.4,2021-03-23,2035,N20,VIIRS,n,2,290.85,1.15,N,0
19.54236,80.41425,309.77,0.56,0.43,2021-03-23,2035,N20,VIIRS,n,2,292.98,3.24,N,0
19.55053,80.08676,307.39,0.54,0.42,2021-03-23,2035,N20,VIIRS,n,2,290.55,0.89,N,0
19.57591,80.16479,303.3,0.54,0.42,2021-03-23,2035,N20,VIIRS,n,2,291.58,1.43,N,0
19.57799,80.52691,306.34,0.57,0.43,2021-03-23,2035,N20,VIIRS,n,2,293.02,1.73,N,0
19.59016,80.15195,306.11,0.54,0.42,2021-03-23,2035,N20,VIIRS,n,2,292.03,1.61,N,0
19.59068,80.54608,310.06,0.57,0.43,2021-03-23,2035,N20,VIIRS,n,2,292.96,2.91,N,0
19.59399,80.15278,310.22,0.54,0.42,2021-03-23,2035,N20,VIIRS,n,2,292.48,1.61,N,0
19.59842,79.28484,310.59,0.49,0.4,2021-03-23,2035,N20,VIIRS,n,2,291.71,1.43,N,0
19.60963,80.64198,304.38,0.38,0.43,2021-03-23,2035,N20,VIIRS,n,2,291.62,1.64,N,0
19.61028,80.61627,303.2,0.57,0.43,2021-03-23,2035,N20,VIIRS,n,2,291.76,1.09,N,0
19.61135,80.58835,303.83,0.57,0.43,2021-03-23,2035,N20,VIIRS,n,2,292.41,2.6,N,0
19.61592,80.34497,303.46,0.55,0.43,2021-03-23,2035,N20,VIIRS,n,2,289.44,1.15,N,0
19.61792,80.35582,305.87,0.55,0.43,2021-03-23,2035,N20,VIIRS,n,2,289.33,1.38,N,0
19.61887,80.35073,305.31,0.55,0.43,2021-03-23,2035,N20,VIIRS,n,2,289.46,1.15,N,0
19.61981,80.34566,306.05,0.55,0.43,2021-03-23,2035,N20,VIIRS,n,2,289.83,1.15,N,0
19.62091,80.36141,312.71,0.55,0.43,2021-03-23,2035,N20,VIIRS,n,2,290.76,2.58,N,0
19.62604,80.61937,305.19,0.57,0.43,2021-03-23,2035,N20,VIIRS,n,2,292.14,1.98,N,0
19.63292,80.60406,306.58,0.57,0.43,2021-03-23,2035,N20,VIIRS,n,2,292.14,1.81,N,0
19.63683,80.60094,313.04,0.57,0.43,2021-03-23,2035,N20,VIIRS,n,2,293.2,2.02,N,0
19.63774,80.6,306.07,0.57,0.43,2021-03-23,2035,N20,VIIRS,n,2,293.29,1.81,N,0
19.64073,80.60191,313.28,0.57,0.43,2021-03-23,2035,N20,VIIRS,n,2,293.35,2.02,N,0
19.64164,80.60096,311.98,0.57,0.43,2021-03-23,2035,N20,VIIRS,n,2,292.45,3.34,N,0
19.64334,80.48058,302.21,0.56,0.43,2021-03-23,2035,N20,VIIRS,n,2,291.01,0.98,N,0
19.64394,80.32362,304.1,0.55,0.43,2021-03-23,2035,N20,VIIRS,n,2,289.81,1.67,N,0
19.64488,80.31851,303.76,0.55,0.43,2021-03-23,2035,N20,VIIRS,n,2,291.51,1.67,N,0
19.65443,80.61577,308.18,0.57,0.43,2021-03-23,2035,N20,VIIRS,n,2,293.17,1.95,N,0
19.65537,80.61079,312.79,0.57,0.43,2021-03-23,2035,N20,VIIRS,n,2,291.98,1.95,N,0
19.65943,80.32661,307.41,0.55,0.43,2021-03-23,2035,N20,VIIRS,n,2,292.98,1.19,N,0
19.6604,80.32133,305.59,0.55,0.43,2021-03-23,2035,N20,VIIRS,n,2,293.21,1.19,N,0
19.66422,80.32236,304.73,0.55,0.43,2021-03-23,2035,N20,VIIRS,n,2,291.42,1.19,N,0
19.66518,80.31712,307.37,0.55,0.43,2021-03-23,2035,N20,VIIRS,n,2,292.21,1.74,N,0
19.66522,78.84624,308.02,0.46,0.39,2021-03-23,2035,N20,VIIRS,n,2,293.28,1.3,N,0
19.66597,78.84201,307.18,0.46,0.39,2021-03-23,2035,N20,VIIRS,n,2,292.83,1.3,N,0
19.66612,80.31195,306.7,0.55,0.43,2021-03-23,2035,N20,VIIRS,n,2,293.26,1.74,N,0
19.66705,80.30688,309.5,0.55,0.43,2021-03-23,2035,N20,VIIRS,n,2,293.84,2.87,N,0
19.66817,80.62955,305.85,0.57,0.43,2021-03-23,2035,N20,VIIRS,n,2,293.64,2.25,N,0
19.67508,80.63628,308.39,0.57,0.43,2021-03-23,2035,N20,VIIRS,n,2,293.34,2.18,N,0
19.67569,80.3034,304.65,0.55,0.43,2021-03-23,2035,N20,VIIRS,n,2,291.92,2.13,N,0
19.6785,80.28796,308.4,0.55,0.42,2021-03-23,2035,N20,VIIRS,n,2,292.58,1.81,N,0
19.68236,80.28873,304.34,0.55,0.42,2021-03-23,2035,N20,VIIRS,n,2,293.1,1.23,N,0
19.68326,80.46243,303.94,0.56,0.43,2021-03-23,2035,N20,VIIRS,n,2,291.63,1.5,N,0
19.68714,80.28439,303.48,0.55,0.42,2021-03-23,2035,N20,VIIRS,n,2,291.47,1.23,N,0
19.69471,79.91744,302.48,0.52,0.42,2021-03-23,2035,N20,VIIRS,n,2,290.0,0.61,N,0
19.69686,80.43295,303.02,0.56,0.43,2021-03-23,2035,N20,VIIRS,n,2,291.13,1.77,N,0
19.70501,80.01152,301.92,0.53,0.42,2021-03-23,2035,N20,VIIRS,n,2,290.66,0.86,N,0
19.70829,80.05849,303.11,0.53,0.42,2021-03-23,2035,N20,VIIRS,n,2,291.06,0.86,N,0
19.71209,80.05929,307.54,0.53,0.42,2021-03-23,2035,N20,VIIRS,n,2,291.28,0.86,N,0
19.7164,80.0138,301.45,0.53,0.42,2021-03-23,2035,N20,VIIRS,n,2,290.6,1.64,N,0
19.7176,79.85624,306.53,0.52,0.41,2021-03-23,2035,N20,VIIRS,n,2,291.17,1.83,N,0
19.7184,80.02448,311.24,0.53,0.42,2021-03-23,2035,N20,VIIRS,n,2,291.39,1.28,N,0
19.72119,80.58555,309.88,0.57,0.43,2021-03-23,2035,N20,VIIRS,n,2,292.53,3.28,N,0
19.72219,80.02522,325.57,0.53,0.42,2021-03-23,2035,N20,VIIRS,n,2,292.23,2.11,N,0
19.72312,80.57507,306.29,0.57,0.43,2021-03-23,2035,N20,VIIRS,n,2,291.56,1.14,N,0
19.72599,80.02597,310.93,0.53,0.42,2021-03-23,2035,N20,VIIRS,n,2,291.87,2.11,N,0
19.72704,80.57587,309.64,0.57,0.43,2021-03-23,2035,N20,VIIRS,n,2,292.16,1.14,N,0
19.72754,80.08295,311.6,0.53,0.42,2021-03-23,2035,N20,VIIRS,n,2,290.89,1.62,N,0
19.72801,80.57062,303.83,0.57,0.43,2021-03-23,2035,N20,VIIRS,n,2,291.07,1.14,N,0
19.7336,80.02745,307.4,0.53,0.42,2021-03-23,2035,N20,VIIRS,n,2,291.57,0.91,N,0
19.73655,80.65112,305.18,0.57,0.43,2021-03-23,2035,N20,VIIRS,n,2,292.45,1.76,N,0
19.7374,80.02818,311.41,0.53,0.42,2021-03-23,2035,N20,VIIRS,n,2,292.28,1.35,N,0
19.73789,80.64991,309.68,0.57,0.43,2021-03-23,2035,N20,VIIRS,n,2,292.05,3.15,N,0
19.74046,80.65202,313.47,0.57,0.43,2021-03-23,2035,N20,VIIRS,n,2,293.1,1.76,N,0
19.74089,80.65582,304.66,0.57,0.43,2021-03-23,2035,N20,VIIRS,n,2,292.66,2.21,N,0
19.74435,80.65305,311.15,0.57,0.43,2021-03-23,2035,N20,VIIRS,n,2,292.19,1.97,N,0
19.74478,80.65685,316.13,0.57,0.43,2021-03-23,2035,N20,VIIRS,n,2,293.32,2.21,N,0
19.74732,80.65898,309.1,0.57,0.43,2021-03-23,2035,N20,VIIRS,n,2,292.51,3.24,N,0
19.75512,80.18386,301.53,0.54,0.42,2021-03-23,2035,N20,VIIRS,n,2,290.71,0.81,N,0
19.77227,80.02663,302.06,0.53,0.42,2021-03-23,2035,N20,VIIRS,n,2,291.09,1.02,N,0
19.77709,79.52753,301.31,0.5,0.41,2021-03-23,2035,N20,VIIRS,n,2,290.01,1.33,N,0
19.78173,80.32127,300.19,0.55,0.42,2021-03-23,2035,N20,VIIRS,n,2,289.74,0.84,N,0
19.78831,79.14832,313.28,0.48,0.4,2021-03-23,2035,N20,VIIRS,n,2,293.69,1.86,N,2
19.80488,80.19391,301.24,0.54,0.42,2021-03-23,2035,N20,VIIRS,n,2,290.56,0.42,N,0
19.82893,80.95852,303.2,0.4,0.44,2021-03-23,2035,N20,VIIRS,n,2,291.93,1.03,N,0
19.82969,80.9545,310.59,0.4,0.44,2021-03-23,2035,N20,VIIRS,n,2,292.34,1.03,N,0
19.82998,80.12085,297.52,0.53,0.42,2021-03-23,2035,N20,VIIRS,n,2,285.08,0.75,N,0
19.83809,80.21813,300.88,0.54,0.42,2021-03-23,2035,N20,VIIRS,n,2,290.55,0.5,N,0
19.89332,81.2387,301.51,0.41,0.45,2021-03-23,2035,N20,VIIRS,n,2,290.55,0.71,N,0
19.91404,81.1076,304.03,0.4,0.44,2021-03-23,2035,N20,VIIRS,n,2,292.23,1.05,N,0
19.9147,81.1041,307.1,0.4,0.44,2021-03-23,2035,N20,VIIRS,n,2,292.68,1.05,N,0
19.92135,80.24067,307.22,0.54,0.42,2021-03-23,2035,N20,VIIRS,n,2,291.82,1.74,N,0
19.92296,80.24337,306.77,0.54,0.42,2021-03-23,2035,N20,VIIRS,n,2,291.93,1.25,N,0
19.94834,80.12874,304.66,0.53,0.42,2021-03-23,2035,N20,VIIRS,n,2,292.38,1.11,N,0
19.94983,80.12656,314.25,0.53,0.42,2021-03-23,2035,N20,VIIRS,n,2,292.31,2.26,N,0
19.95213,80.12955,319.85,0.53,0.42,2021-03-23,2035,N20,VIIRS,n,2,292.65,2.94,N,0
19.95363,80.12737,308.75,0.53,0.42,2021-03-23,2035,N20,VIIRS,n,2,291.83,0.76,N,0
19.95428,80.10175,305.77,0.53,0.42,2021-03-23,2035,N20,VIIRS,n,2,291.56,1.25,N,0
19.98435,80.27686,303.04,0.54,0.42,2021-03-23,2035,N20,VIIRS,n,2,290.61,1.18,N,0
15.53664,78.78422,305.56,0.52,0.41,2021-03-23,2036,N20,VIIRS,n,2,293.53,1.16,N,0
15.5375,78.77941,304.86,0.52,0.41,2021-03-23,2036,N20,VIIRS,n,2,293.87,1.16,N,0
15.54127,78.78011,304.22,0.52,0.41,2021-03-23,2036,N20,VIIRS,n,2,293.38,0.85,N,0
15.54646,78.72887,308.3,0.52,0.41,2021-03-23,2036,N20,VIIRS,n,2,295.03,2.58,N,0
15.55114,78.72438,313.98,0.52,0.41,2021-03-23,2036,N20,VIIRS,n,2,295.79,1.75,N,0
15.55203,78.71935,308.37,0.52,0.41,2021-03-23,2036,N20,VIIRS,n,2,295.68,1.92,N,0
15.55415,78.68542,309.78,0.51,0.41,2021-03-23,2036,N20,VIIRS,n,2,295.84,3.59,N,0
15.55492,78.72495,310.29,0.52,0.41,2021-03-23,2036,N20,VIIRS,n,2,295.85,1.75,N,0
15.55581,78.71991,313.73,0.52,0.41,2021-03-23,2036,N20,VIIRS,n,2,295.56,1.92,N,0
15.5567,78.7149,320.46,0.51,0.41,2021-03-23,2036,N20,VIIRS,n,2,296.38,1.92,N,0
15.55709,78.69074,316.38,0.51,0.41,2021-03-23,2036,N20,VIIRS,n,2,296.12,2.3,N,0
15.55792,78.68605,320.52,0.51,0.41,2021-03-23,2036,N20,VIIRS,n,2,295.47,2.3,N,0
15.558,78.77357,311.26,0.52,0.41,2021-03-23,2036,N20,VIIRS,n,2,293.71,1.29,N,0
15.55873,78.68149,309.94,0.51,0.41,2021-03-23,2036,N20,VIIRS,n,2,295.43,2.34,N,0
15.55919,78.70083,309.72,0.51,0.41,2021-03-23,2036,N20,VIIRS,n,2,296.23,2.23,N,0
15.56001,78.69613,313.63,0.51,0.41,2021-03-23,2036,N20,VIIRS,n,2,295.89,2.23,N,0
15.56085,78.69138,312.69,0.51,0.41,2021-03-23,2036,N20,VIIRS,n,2,295.29,2.3,N,0
15.56133,78.71062,313.33,0.51,0.41,2021-03-23,2036,N20,VIIRS,n,2,294.98,1.88,N,0
15.56214,78.70605,319.72,0.51,0.41,2021-03-23,2036,N20,VIIRS,n,2,295.83,1.88,N,0
15.56261,78.76953,324.75,0.52,0.41,2021-03-23,2036,N20,VIIRS,n,2,294.38,2.85,N,0
15.56339,78.76511,320.12,0.52,0.41,2021-03-23,2036,N20,VIIRS,n,2,295.41,2.85,N,0
15.56511,78.71122,308.44,0.51,0.41,2021-03-23,2036,N20,VIIRS,n,2,294.69,1.88,N,0
15.56545,78.68731,307.09,0.51,0.41,2021-03-23,2036,N20,VIIRS,n,2,295.34,1.82,N,0
15.56717,78.76572,321.27,0.52,0.41,2021-03-23,2036,N20,VIIRS,n,2,295.35,2.58,N,0
15.56796,78.76123,319.04,0.52,0.41,2021-03-23,2036,N20,VIIRS,n,2,295.33,1.9,N,0
15.56878,78.75659,309.34,0.52,0.41,2021-03-23,2036,N20,VIIRS,n,2,294.57,1.9,N,0
15.56999,78.68352,310.53,0.51,0.41,2021-03-23,2036,N20,VIIRS,n,2,295.62,1.88,N,0
15.57076,78.67912,310.11,0.51,0.41,2021-03-23,2036,N20,VIIRS,n,2,296.32,1.88,N,0
15.57374,78.68422,306.5,0.51,0.41,2021-03-23,2036,N20,VIIRS,n,2,295.61,1.68,N,0
15.57932,78.71865,315.19,0.51,0.41,2021-03-23,2036,N20,VIIRS,n,2,294.12,3.45,N,0
15.58016,78.71384,329.63,0.51,0.41,2021-03-23,2036,N20,VIIRS,n,2,295.54,5.68,N,0
15.58183,78.70428,343.37,0.51,0.41,2021-03-23,2036,N20,VIIRS,n,2,296.44,5.28,N,0
15.58224,78.72412,335.87,0.52,0.41,2021-03-23,2036,N20,VIIRS,n,2,295.68,5.21,N,0
15.58265,78.69966,311.77,0.51,0.41,2021-03-23,2036,N20,VIIRS,n,2,294.8,5.28,N,0
15.58307,78.71936,331.59,0.51,0.41,2021-03-23,2036,N20,VIIRS,n,2,295.92,5.21,N,0
15.58392,78.71453,319.17,0.51,0.41,2021-03-23,2036,N20,VIIRS,n,2,295.13,2.39,N,0
15.58424,78.69054,306.52,0.51,0.41,2021-03-23,2036,N20,VIIRS,n,2,294.66,2.16,N,0
15.58475,78.70977,314.98,0.51,0.41,2021-03-23,2036,N20,VIIRS,n,2,294.59,2.39,N,0
15.58504,78.68603,309.53,0.51,0.41,2021-03-23,2036,N20,VIIRS,n,2,294.99,2.34,N,0
15.58557,78.70509,330.68,0.51,0.41,2021-03-23,2036,N20,VIIRS,n,2,295.21,4.05,N,0
15.58601,78.72475,337.3,0.52,0.41,2021-03-23,2036,N20,VIIRS,n,2,296.7,5.21,N,0
15.58723,78.69563,305.65,0.51,0.41,2021-03-23,2036,N20,VIIRS,n,2,294.05,1.92,N,0
15.58895,78.73014,311.36,0.52,0.41,2021-03-23,2036,N20,VIIRS,n,2,293.95,1.95,N,0
15.58978,78.72537,319.27,0.52,0.41,2021-03-23,2036,N20,VIIRS,n,2,294.14,1.82,N,0
15.59271,78.73085,314.96,0.52,0.41,2021-03-23,2036,N20,VIIRS,n,2,294.02,1.95,N,0
15.59647,78.73154,312.56,0.52,0.41,2021-03-23,2036,N20,VIIRS,n,2,293.4,2.44,N,0
15.604,78.73282,308.31,0.52,0.41,2021-03-23,2036,N20,VIIRS,n,2,293.73,1.11,N,0
15.60693,78.73827,305.52,0.52,0.41,2021-03-23,2036,N20,VIIRS,n,2,293.48,1.11,N,0
15.6107,78.73891,306.71,0.52,0.41,2021-03-23,2036,N20,VIIRS,n,2,293.47,1.01,N,0
15.61151,78.73689,306.06,0.52,0.41,2021-03-23,2036,N20,VIIRS,n,2,293.5,0.9,N,0
15.61448,78.73955,307.04,0.52,0.41,2021-03-23,2036,N20,VIIRS,n,2,293.44,1.01,N,0
15.61528,78.73753,307.46,0.52,0.41,2021-03-23,2036,N20,VIIRS,n,2,293.38,0.9,N,0
15.61905,78.73818,312.01,0.52,0.41,2021-03-23,2036,N20,VIIRS,n,2,294.07,1.51,N,0
15.61907,78.73543,304.08,0.52,0.41,2021-03-23,2036,N20,VIIRS,n,2,293.64,1.54,N,0
15.62201,78.74086,308.84,0.52,0.41,2021-03-23,2036,N20,VIIRS,n,2,294.06,1.54,N,0
15.6228,78.73888,310.53,0.52,0.41,2021-03-23,2036,N20,VIIRS,n,2,294.12,1.51,N,0
15.62572,78.74429,327.3,0.52,0.41,2021-03-23,2036,N20,VIIRS,n,2,294.26,4.1,N,0
15.64065,78.74768,303.08,0.52,0.41,2021-03-23,2036,N20,VIIRS,n,2,291.79,1.04,N,0
15.67989,78.67918,308.75,0.51,0.41,2021-03-23,2036,N20,VIIRS,n,2,295.12,1.71,N,0
15.68493,78.69451,313.21,0.51,0.41,2021-03-23,2036,N20,VIIRS,n,2,296.05,2.17,N,0
15.69699,78.69192,309.06,0.51,0.41,2021-03-23,2036,N20,VIIRS,n,2,295.83,2.95,N,0
15.69865,78.8382,308.15,0.52,0.42,2021-03-23,2036,N20,VIIRS,n,2,293.82,1.59,N,0
15.7015,78.84428,312.87,0.52,0.42,2021-03-23,2036,N20,VIIRS,n,2,294.36,2.88,N,0
15.70188,78.84034,313.73,0.52,0.42,2021-03-23,2036,N20,VIIRS,n,2,294.04,2.22,N,0
15.70452,78.69311,307.02,0.51,0.41,2021-03-23,2036,N20,VIIRS,n,2,296.01,2.32,N,0
15.70529,78.68869,312.88,0.51,0.41,2021-03-23,2036,N20,VIIRS,n,2,295.59,2.83,N,0
15.72032,78.69122,307.51,0.51,0.41,2021-03-23,2036,N20,VIIRS,n,2,295.71,3.24,N,0
15.72781,78.69257,312.52,0.51,0.41,2021-03-23,2036,N20,VIIRS,n,2,296.15,1.87,N,0
15.7286,78.68802,309.78,0.51,0.41,2021-03-23,2036,N20,VIIRS,n,2,296.02,1.87,N,0
15.73194,78.69479,307.27,0.51,0.41,2021-03-23,2036,N20,VIIRS,n,2,296.24,2.41,N,0
15.74024,78.69163,308.46,0.51,0.41,2021-03-23,2036,N20,VIIRS,n,2,296.08,1.96,N,0
15.74317,78.69688,307.49,0.51,0.41,2021-03-23,2036,N20,VIIRS,n,2,295.86,2.4,N,0
15.74397,78.69238,333.54,0.51,0.41,2021-03-23,2036,N20,VIIRS,n,2,300.68,9.66,N,0
15.74771,78.6931,313.88,0.51,0.41,2021-03-23,2036,N20,VIIRS,n,2,296.12,9.66,N,0
15.74968,78.83477,307.16,0.52,0.41,2021-03-23,2036,N20,VIIRS,n,2,292.95,1.47,N,0
15.75347,78.83537,311.04,0.52,0.41,2021-03-23,2036,N20,VIIRS,n,2,293.16,1.47,N,0
15.76412,79.04173,316.28,0.53,0.42,2021-03-23,2036,N20,VIIRS,n,2,294.53,2.28,N,0
15.76888,79.03703,311.44,0.53,0.42,2021-03-23,2036,N20,VIIRS,n,2,295.17,1.74,N,0
15.76915,79.05804,307.63,0.53,0.42,2021-03-23,2036,N20,VIIRS,n,2,294.39,1.26,N,0
15.77096,79.04764,315.45,0.53,0.42,2021-03-23,2036,N20,VIIRS,n,2,294.34,3.63,N,0
15.77214,79.05582,310.53,0.53,0.42,2021-03-23,2036,N20,VIIRS,n,2,293.96,1.62,N,0
15.77271,79.03766,309.01,0.53,0.42,2021-03-23,2036,N20,VIIRS,n,2,292.92,1.74,N,0
15.77359,79.03261,332.46,0.53,0.42,2021-03-23,2036,N20,VIIRS,n,2,294.02,4.48,N,0
15.77578,79.03578,306.27,0.53,0.42,2021-03-23,2036,N20,VIIRS,n,2,293.08,0.75,N,0
15.78511,79.02779,309.77,0.53,0.42,2021-03-23,2036,N20,VIIRS,n,2,292.62,1.06,N,0
15.78577,79.03058,310.57,0.53,0.42,2021-03-23,2036,N20,VIIRS,n,2,292.5,0.45,N,0
15.79459,79.01894,303.83,0.53,0.42,2021-03-23,2036,N20,VIIRS,n,2,293.49,1.06,N,0
15.80447,79.07355,313.4,0.53,0.42,2021-03-23,2036,N20,VIIRS,n,2,292.8,1.38,N,0
15.80541,79.06833,315.66,0.53,0.42,2021-03-23,2036,N20,VIIRS,n,2,295.26,2.76,N,0
15.80926,79.06889,310.66,0.53,0.42,2021-03-23,2036,N20,VIIRS,n,2,294.65,1.83,N,0
15.81467,79.03867,308.75,0.53,0.42,2021-03-23,2036,N20,VIIRS,n,2,292.92,1.01,N,0
15.81556,79.03374,307.68,0.53,0.42,2021-03-23,2036,N20,VIIRS,n,2,292.97,1.01,N,0
15.81806,78.84509,306.78,0.52,0.41,2021-03-23,2036,N20,VIIRS,n,2,292.84,1.05,N,0
15.91461,77.36375,306.13,0.44,0.38,2021-03-23,2036,N20,VIIRS,n,2,293.98,0.7,N,2
16.03329,78.55081,308.6,0.5,0.41,2021-03-23,2036,N20,VIIRS,n,2,296.26,1.33,N,0
16.03698,78.55157,307.7,0.5,0.41,2021-03-23,2036,N20,VIIRS,n,2,296.33,1.33,N,0
16.04444,78.99574,305.89,0.52,0.42,2021-03-23,2036,N20,VIIRS,n,2,292.61,1.17,N,0
16.04532,78.99083,312.89,0.52,0.42,2021-03-23,2036,N20,VIIRS,n,2,292.36,1.17,N,0
16.0748,78.48757,323.08,0.49,0.4,2021-03-23,2036,N20,VIIRS,n,2,296.83,3.91,N,0
16.11458,78.97245,308.33,0.52,0.42,2021-03-23,2036,N20,VIIRS,n,2,292.12,0.31,N,0
16.11539,78.97044,306.08,0.52,0.42,2021-03-23,2036,N20,VIIRS,n,2,291.92,0.89,N,0
16.12044,78.9833,304.85,0.52,0.42,2021-03-23,2036,N20,VIIRS,n,2,292.12,0.77,N,0
16.12048,78.98608,306.43,0.52,0.42,2021-03-23,2036,N20,VIIRS,n,2,292.22,1.08,N,0
16.13817,78.97166,307.05,0.52,0.42,2021-03-23,2036,N20,VIIRS,n,2,293.05,0.83,N,0
16.14758,78.63067,311.64,0.5,0.41,2021-03-23,2036,N20,VIIRS,n,2,294.7,2.01,N,0
16.1513,78.6313,313.49,0.5,0.41,2021-03-23,2036,N20,VIIRS,n,2,294.79,2.18,N,0
16.15584,78.62724,306.04,0.5,0.41,2021-03-23,2036,N20,VIIRS,n,2,294.83,1.25,N,0
16.23592,77.41798,303.81,0.44,0.38,2021-03-23,2036,N20,VIIRS,n,2,293.13,0.93,N,0
16.28025,78.74516,303.78,0.5,0.41,2021-03-23,2036,N20,VIIRS,n,2,291.44,0.91,N,0
16.29224,78.74265,305.79,0.5,0.41,2021-03-23,2036,N20,VIIRS,n,2,292.59,1.04,N,0
16.29309,78.73788,306.19,0.5,0.41,2021-03-23,2036,N20,VIIRS,n,2,292.2,1.04,N,0
16.2968,78.73865,303.78,0.5,0.41,2021-03-23,2036,N20,VIIRS,n,2,292.33,0.92,N,0
16.78344,80.42173,324.32,0.41,0.45,2021-03-23,2036,N20,VIIRS,n,2,294.49,2.25,N,0
16.79103,80.56523,304.73,0.42,0.45,2021-03-23,2036,N20,VIIRS,n,2,293.94,1.09,N,0
16.79257,80.55678,308.95,0.42,0.45,2021-03-23,2036,N20,VIIRS,n,2,294.55,2.72,N,0
17.14034,77.18428,307.15,0.42,0.38,2021-03-23,2036,N20,VIIRS,n,2,295.64,0.57,N,2
17.1473,78.22568,304.23,0.46,0.39,2021-03-23,2036,N20,VIIRS,n,2,292.84,1.03,N,2
15.5005,77.92233,348.3,0.55,0.42,2021-03-24,745,N20,VIIRS,n,2,315.96,15.03,D,0
15.53221,78.78533,336.91,0.49,0.4,2021-03-24,745,N20,VIIRS,n,2,300.64,3.42,D,0
15.53591,78.78482,334.8,0.49,0.4,2021-03-24,745,N20,VIIRS,n,2,301.12,3.42,D,0
15.53855,79.20316,342.18,0.47,0.4,2021-03-24,745,N20,VIIRS,n,2,308.61,4.29,D,0
15.54832,78.67847,344.67,0.5,0.41,2021-03-24,745,N20,VIIRS,n,2,304.25,5.86,D,0
15.54911,78.68317,339.16,0.5,0.41,2021-03-24,745,N20,VIIRS,n,2,302.46,5.86,D,0
15.55603,78.7242,335.42,0.49,0.41,2021-03-24,745,N20,VIIRS,n,2,298.77,5.83,D,0
15.55653,78.68194,340.88,0.5,0.41,2021-03-24,745,N20,VIIRS,n,2,301.69,5.49,D,0
15.55809,78.69126,330.63,0.5,0.41,2021-03-24,745,N20,VIIRS,n,2,298.52,2.89,D,0
15.55902,78.71937,333.9,0.49,0.41,2021-03-24,745,N20,VIIRS,n,2,298.99,6.19,D,0
15.55976,78.72378,338.69,0.49,0.41,2021-03-24,745,N20,VIIRS,n,2,298.43,3.36,D,0
15.56082,79.22586,353.21,0.47,0.39,2021-03-24,745,N20,VIIRS,n,2,313.7,11.58,D,0
15.56158,79.22227,346.47,0.47,0.39,2021-03-24,745,N20,VIIRS,n,2,311.77,11.57,D,0
15.56232,79.22664,350.47,0.47,0.39,2021-03-24,745,N20,VIIRS,n,2,314.77,11.57,D,0
15.56441,79.22514,349.49,0.47,0.39,2021-03-24,745,N20,VIIRS,l,2,312.58,11.25,D,0
15.56921,78.68946,339.23,0.5,0.41,2021-03-24,745,N20,VIIRS,n,2,299.29,7.95,D,0
15.57035,78.76423,340.5,0.49,0.4,2021-03-24,745,N20,VIIRS,n,2,303.15,7.7,D,0
15.57116,78.76905,332.93,0.49,0.4,2021-03-24,745,N20,VIIRS,n,2,302.81,3.84,D,0
15.57156,77.97918,342.03,0.54,0.42,2021-03-24,745,N20,VIIRS,l,2,314.45,8.24,D,0
15.5721,78.68391,338.93,0.5,0.41,2021-03-24,745,N20,VIIRS,n,2,297.28,7.95,D,0
15.57309,78.71263,340.01,0.49,0.41,2021-03-24,745,N20,VIIRS,n,2,297.9,5.3,D,0
15.57345,77.97641,341.59,0.54,0.42,2021-03-24,745,N20,VIIRS,l,2,316.15,9.2,D,0
15.57386,78.71725,347.79,0.49,0.41,2021-03-24,745,N20,VIIRS,n,2,300.4,5.3,D,0
15.5743,77.98135,347.31,0.54,0.42,2021-03-24,745,N20,VIIRS,n,2,315.39,9.2,D,0
15.57462,78.72178,336.07,0.49,0.41,2021-03-24,745,N20,VIIRS,n,2,298.32,4.69,D,0
15.57528,78.70297,350.06,0.49,0.41,2021-03-24,745,N20,VIIRS,n,2,305.52,16.68,D,0
15.57542,77.97852,348.78,0.54,0.42,2021-03-24,745,N20,VIIRS,n,2,316.01,8.24,D,0
15.57604,78.70753,346.47,0.49,0.41,2021-03-24,745,N20,VIIRS,n,2,301.93,16.68,D,0
15.57679,78.71202,340.85,0.49,0.41,2021-03-24,745,N20,VIIRS,n,2,301.35,5.3,D,0
15.57818,78.69759,342.81,0.5,0.41,2021-03-24,745,N20,VIIRS,n,2,301.05,8.43,D,0
15.5783,78.72105,337.64,0.49,0.41,2021-03-24,745,N20,VIIRS,n,2,302.2,4.69,D,0
15.57897,78.70234,332.13,0.49,0.41,2021-03-24,745,N20,VIIRS,n,2,301.73,3.28,D,0
15.57905,78.72553,342.36,0.49,0.41,2021-03-24,745,N20,VIIRS,n,2,303.66,4.69,D,0
15.57974,78.70692,333.64,0.49,0.41,2021-03-24,745,N20,VIIRS,n,2,301.63,3.28,D,0
15.57992,78.69355,334.55,0.49,0.41,2021-03-24,745,N20,VIIRS,n,2,299.41,3.42,D,0
15.58076,78.69834,330.76,0.49,0.41,2021-03-24,745,N20,VIIRS,l,2,302.02,3.42,D,0
15.58196,78.68331,330.13,0.5,0.41,2021-03-24,745,N20,VIIRS,n,2,297.66,1.69,D,0
15.58279,78.68813,330.47,0.5,0.41,2021-03-24,745,N20,VIIRS,n,2,297.66,1.69,D,0
15.58626,78.73018,343.65,0.49,0.4,2021-03-24,745,N20,VIIRS,n,2,303.51,4.75,D,0
15.58631,79.69157,339.23,0.44,0.39,2021-03-24,745,N20,VIIRS,l,2,313.26,8.02,D,0
15.58794,78.73331,342.12,0.49,0.4,2021-03-24,745,N20,VIIRS,n,2,302.37,7.36,D,0
15.59071,78.73394,330.54,0.49,0.4,2021-03-24,745,N20,VIIRS,l,2,301.97,4.75,D,0
15.59518,78.73782,340.74,0.49,0.4,2021-03-24,745,N20,VIIRS,n,2,304.18,2.83,D,0
15.59608,78.73656,343.05,0.49,0.4,2021-03-24,745,N20,VIIRS,n,2,305.07,5.83,D,0
15.59851,78.23996,338.18,0.52,0.42,2021-03-24,745,N20,VIIRS,l,2,312.8,6.3,D,0
15.59888,78.73722,330.75,0.49,0.4,2021-03-24,745,N20,VIIRS,l,2,302.57,2.83,D,0
15.60258,78.73666,339.63,0.49,0.4,2021-03-24,745,N20,VIIRS,n,2,303.58,3.48,D,0
15.60706,78.74064,333.16,0.49,0.4,2021-03-24,745,N20,VIIRS,n,2,302.63,3.48,D,0
15.61075,78.74003,331.23,0.49,0.4,2021-03-24,745,N20,VIIRS,n,2,303.02,2.58,D,0
15.61322,78.90782,341.66,0.48,0.4,2021-03-24,745,N20,VIIRS,n,2,310.22,7.74,D,0
15.61444,78.7394,332.89,0.49,0.4,2021-03-24,745,N20,VIIRS,n,2,302.92,2.58,D,0
15.61814,78.73879,330.16,0.49,0.4,2021-03-24,745,N20,VIIRS,l,2,302.76,2.5,D,0
15.61892,78.7434,335.95,0.49,0.4,2021-03-24,745,N20,VIIRS,n,2,304.22,3.71,D,0
15.61971,78.74799,335.5,0.49,0.4,2021-03-24,745,N20,VIIRS,n,2,304.76,3.71,D,0
15.62338,78.74726,334.49,0.49,0.4,2021-03-24,745,N20,VIIRS,l,2,305.71,3.71,D,0
15.63144,78.75005,338.34,0.49,0.4,2021-03-24,745,N20,VIIRS,n,2,306.85,6.69,D,0
15.6351,78.74928,347.92,0.49,0.4,2021-03-24,745,N20,VIIRS,n,2,307.66,7.71,D,0
15.63953,78.753,336.15,0.49,0.4,2021-03-24,745,N20,VIIRS,n,2,304.69,7.71,D,0
15.64321,78.75235,331.57,0.49,0.4,2021-03-24,745,N20,VIIRS,l,2,302.1,5.48,D,0
15.64613,78.7472,354.5,0.49,0.4,2021-03-24,745,N20,VIIRS,n,2,302.66,5.48,D,0
15.6498,78.74651,342.54,0.49,0.4,2021-03-24,745,N20,VIIRS,n,2,300.59,17.27,D,0
15.64994,78.88091,336.88,0.48,0.4,2021-03-24,745,N20,VIIRS,l,2,309.68,4.48,D,0
15.65075,78.88564,340.66,0.48,0.4,2021-03-24,745,N20,VIIRS,n,2,309.78,5.15,D,0
15.66024,78.89724,340.26,0.48,0.4,2021-03-24,745,N20,VIIRS,l,2,314.28,20.19,D,0
15.69149,78.68719,337.65,0.49,0.41,2021-03-24,745,N20,VIIRS,n,2,300.77,3.39,D,0
15.69271,78.68534,344.34,0.49,0.41,2021-03-24,745,N20,VIIRS,n,2,301.8,7.92,D,0
15.69438,78.68192,347.17,0.49,0.41,2021-03-24,745,N20,VIIRS,n,2,302.04,6.53,D,0
15.6964,78.68465,350.76,0.49,0.41,2021-03-24,745,N20,VIIRS,n,2,303.65,7.92,D,0
15.6964,78.84358,355.82,0.48,0.4,2021-03-24,745,N20,VIIRS,n,2,308.19,12.27,D,0
15.69718,78.68932,333.6,0.49,0.41,2021-03-24,745,N20,VIIRS,n,2,300.13,2.73,D,0
15.69796,78.69408,332.78,0.49,0.41,2021-03-24,745,N20,VIIRS,n,2,299.57,2.73,D,0
15.69807,78.68124,334.79,0.49,0.41,2021-03-24,745,N20,VIIRS,n,2,297.92,6.53,D,0
15.69886,78.68584,343.39,0.49,0.41,2021-03-24,745,N20,VIIRS,n,2,300.54,6.53,D,0
15.69968,78.69055,345.49,0.49,0.41,2021-03-24,745,N20,VIIRS,n,2,299.34,3.92,D,0
15.70051,78.69533,330.98,0.49,0.4,2021-03-24,745,N20,VIIRS,n,2,299.84,3.92,D,0
15.70076,78.84711,332.62,0.48,0.4,2021-03-24,745,N20,VIIRS,l,2,305.26,4.14,D,0
15.71434,78.84148,347.37,0.48,0.4,2021-03-24,745,N20,VIIRS,n,2,308.24,7.35,D,0
15.71467,78.84008,338.45,0.48,0.4,2021-03-24,745,N20,VIIRS,n,2,307.06,6.7,D,0
15.71538,78.84433,344.35,0.48,0.4,2021-03-24,745,N20,VIIRS,n,2,306.14,6.89,D,0
15.73676,77.40691,340.14,0.39,0.44,2021-03-24,745,N20,VIIRS,l,2,314.07,3.13,D,0
15.74008,77.04804,339.01,0.41,0.45,2021-03-24,745,N20,VIIRS,l,2,313.44,10.59,D,0
15.74109,79.06693,332.76,0.47,0.4,2021-03-24,745,N20,VIIRS,l,2,306.07,1.41,D,0
15.74411,79.39594,343.21,0.46,0.39,2021-03-24,745,N20,VIIRS,l,2,316.02,5.48,D,0
15.74542,79.07061,332.63,0.47,0.4,2021-03-24,745,N20,VIIRS,l,2,307.31,1.41,D,0
15.74651,78.83112,333.23,0.48,0.4,2021-03-24,745,N20,VIIRS,l,2,306.95,3.52,D,0
15.75018,78.83047,340.16,0.48,0.4,2021-03-24,745,N20,VIIRS,n,2,307.53,11.31,D,0
15.75078,78.70041,337.3,0.49,0.4,2021-03-24,745,N20,VIIRS,l,2,307.82,4.8,D,0
15.75445,78.69963,344.77,0.49,0.4,2021-03-24,745,N20,VIIRS,n,2,310.14,4.8,D,0
15.75908,78.83848,335.21,0.48,0.4,2021-03-24,745,N20,VIIRS,l,2,305.76,2.43,D,0
15.76892,79.11643,339.62,0.47,0.4,2021-03-24,745,N20,VIIRS,l,2,313.16,5.02,D,0
15.7704,79.03756,340.1,0.47,0.4,2021-03-24,745,N20,VIIRS,l,2,308.46,3.28,D,0
15.77258,79.0284,331.21,0.47,0.4,2021-03-24,745,N20,VIIRS,l,2,306.17,3.0,D,0
15.77402,79.0369,342.46,0.47,0.4,2021-03-24,745,N20,VIIRS,l,2,307.81,3.28,D,0
15.77767,79.05838,338.38,0.47,0.4,2021-03-24,745,N20,VIIRS,l,2,308.97,5.22,D,0
15.78485,79.35406,338.74,0.46,0.39,2021-03-24,745,N20,VIIRS,l,2,313.64,4.77,D,0
15.80097,78.31016,340.47,0.52,0.41,2021-03-24,745,N20,VIIRS,l,2,311.95,7.15,D,0
15.80717,78.99006,334.65,0.48,0.4,2021-03-24,745,N20,VIIRS,l,2,309.31,3.9,D,0
15.81291,79.35419,354.24,0.46,0.39,2021-03-24,745,N20,VIIRS,n,2,313.91,11.96,D,0
15.81326,78.84712,338.74,0.48,0.4,2021-03-24,745,N20,VIIRS,l,2,309.44,4.59,D,0
15.81371,79.07346,343.33,0.47,0.4,2021-03-24,745,N20,VIIRS,l,2,311.93,23.63,D,0
15.81442,79.07766,349.59,0.47,0.4,2021-03-24,745,N20,VIIRS,n,2,313.44,23.63,D,0
15.81512,79.08188,341.92,0.47,0.4,2021-03-24,745,N20,VIIRS,l,2,309.8,5.62,D,0
15.81662,79.06861,348.92,0.47,0.4,2021-03-24,745,N20,VIIRS,n,2,308.72,9.07,D,0
15.81732,79.07281,352.75,0.47,0.4,2021-03-24,745,N20,VIIRS,n,2,311.43,23.63,D,0
15.81887,79.01534,334.65,0.47,0.4,2021-03-24,745,N20,VIIRS,l,2,306.86,3.58,D,0
15.81985,78.8415,334.72,0.48,0.4,2021-03-24,745,N20,VIIRS,l,2,308.83,3.46,D,0
15.82275,78.83628,334.01,0.48,0.4,2021-03-24,745,N20,VIIRS,l,2,306.41,3.46,D,0
15.82285,78.83804,344.57,0.48,0.4,2021-03-24,745,N20,VIIRS,n,2,306.72,3.28,D,0
15.83877,78.73273,335.19,0.49,0.4,2021-03-24,745,N20,VIIRS,l,2,308.42,5.41,D,0
15.84853,79.0368,344.78,0.47,0.4,2021-03-24,745,N20,VIIRS,n,2,307.35,4.11,D,0
15.84923,79.04101,342.21,0.47,0.4,2021-03-24,745,N20,VIIRS,n,2,309.41,3.74,D,0
15.84993,79.0452,338.41,0.47,0.4,2021-03-24,745,N20,VIIRS,n,2,308.72,3.74,D,0
15.8604,78.88161,347.34,0.48,0.4,2021-03-24,745,N20,VIIRS,n,2,311.09,8.18,D,0
15.88058,78.25324,337.53,0.52,0.41,2021-03-24,745,N20,VIIRS,l,2,309.41,10.07,D,0
15.88132,78.71564,336.41,0.49,0.4,2021-03-24,745,N20,VIIRS,n,2,306.36,1.97,D,0
15.88476,78.98091,338.53,0.47,0.4,2021-03-24,745,N20,VIIRS,n,2,308.5,3.46,D,0
15.89602,78.71297,335.46,0.49,0.4,2021-03-24,745,N20,VIIRS,n,2,308.23,2.68,D,0
15.94208,78.94392,340.33,0.48,0.4,2021-03-24,745,N20,VIIRS,n,2,309.3,3.26,D,0
15.94642,78.94756,337.57,0.48,0.4,2021-03-24,745,N20,VIIRS,l,2,309.74,5.89,D,0
15.94714,78.95191,344.53,0.48,0.4,2021-03-24,745,N20,VIIRS,n,2,310.35,6.52,D,0
15.9767,79.08559,337.91,0.47,0.4,2021-03-24,745,N20,VIIRS,l,2,311.28,3.67,D,0
15.97849,79.42975,334.68,0.45,0.39,2021-03-24,745,N20,VIIRS,l,2,300.61,4.76,D,0
16.00015,78.51475,334.26,0.5,0.41,2021-03-24,745,N20,VIIRS,l,2,309.25,2.56,D,0
16.01403,78.96944,352.7,0.47,0.4,2021-03-24,745,N20,VIIRS,n,2,310.25,8.13,D,0
16.01766,78.96886,345.22,0.47,0.4,2021-03-24,745,N20,VIIRS,n,2,308.2,8.13,D,0
16.01772,79.10178,343.02,0.47,0.39,2021-03-24,745,N20,VIIRS,l,2,310.25,6.46,D,0
16.03975,77.47868,338.13,0.57,0.43,2021-03-24,745,N20,VIIRS,l,2,312.71,5.67,D,0
16.04451,78.9957,336.06,0.47,0.4,2021-03-24,745,N20,VIIRS,n,2,306.04,4.3,D,0
16.04668,78.98643,340.76,0.47,0.4,2021-03-24,745,N20,VIIRS,n,2,305.59,3.72,D,0
16.0491,77.1377,345.05,0.4,0.44,2021-03-24,745,N20,VIIRS,n,2,313.7,9.45,D,0
16.05936,77.19605,339.66,0.39,0.44,2021-03-24,745,N20,VIIRS,l,2,312.41,6.29,D,0
16.06599,77.35069,344.85,0.39,0.44,2021-03-24,745,N20,VIIRS,n,2,314.0,8.07,D,0
16.08123,77.34416,344.16,0.39,0.44,2021-03-24,745,N20,VIIRS,n,2,313.18,6.82,D,0
16.09277,79.41889,346.0,0.45,0.39,2021-03-24,745,N20,VIIRS,l,2,311.51,5.43,D,0
16.10142,79.01773,339.11,0.47,0.4,2021-03-24,745,N20,VIIRS,l,2,306.0,6.52,D,0
16.11207,78.97071,336.91,0.47,0.4,2021-03-24,745,N20,VIIRS,n,2,310.12,8.12,D,0
16.11282,78.97515,336.52,0.47,0.4,2021-03-24,745,N20,VIIRS,l,2,307.3,8.12,D,0
16.11569,78.97009,336.9,0.47,0.4,2021-03-24,745,N20,VIIRS,n,2,308.31,5.7,D,0
16.11644,78.97453,336.76,0.47,0.4,2021-03-24,745,N20,VIIRS,n,2,306.37,5.7,D,0
16.11737,79.45758,335.93,0.45,0.39,2021-03-24,745,N20,VIIRS,l,2,309.28,2.66,D,0
16.12659,78.72227,332.52,0.49,0.4,2021-03-24,745,N20,VIIRS,l,2,306.81,1.69,D,0
16.12727,78.686,347.51,0.49,0.4,2021-03-24,745,N20,VIIRS,n,2,309.92,12.57,D,0
16.12797,78.68525,352.92,0.49,0.4,2021-03-24,745,N20,VIIRS,n,2,310.62,12.73,D,0
16.12926,77.04637,335.7,0.4,0.44,2021-03-24,745,N20,VIIRS,n,2,304.57,3.6,D,0
16.12975,78.72223,333.27,0.49,0.4,2021-03-24,745,N20,VIIRS,l,2,305.24,3.45,D,0
16.13018,78.68097,336.92,0.49,0.4,2021-03-24,745,N20,VIIRS,l,2,308.66,7.3,D,0
16.13024,78.72152,336.36,0.49,0.4,2021-03-24,745,N20,VIIRS,n,2,305.11,1.69,D,0
16.1309,78.68018,332.45,0.49,0.4,2021-03-24,745,N20,VIIRS,l,2,307.37,5.94,D,0
16.13096,78.68547,344.18,0.49,0.4,2021-03-24,745,N20,VIIRS,n,2,308.69,7.37,D,0
16.13165,78.68469,348.86,0.49,0.4,2021-03-24,745,N20,VIIRS,n,2,308.76,12.73,D,0
16.1339,78.72084,332.35,0.49,0.4,2021-03-24,745,N20,VIIRS,l,2,304.77,1.51,D,0
16.14811,77.24619,340.21,0.39,0.44,2021-03-24,745,N20,VIIRS,l,2,314.08,4.56,D,0
16.16105,79.2183,338.87,0.46,0.39,2021-03-24,745,N20,VIIRS,n,2,303.52,3.9,D,0
16.17,77.32352,345.56,0.39,0.44,2021-03-24,745,N20,VIIRS,n,2,313.86,6.86,D,0
16.19041,78.98838,337.75,0.47,0.4,2021-03-24,745,N20,VIIRS,l,2,308.05,5.23,D,0
16.19115,78.99273,335.81,0.47,0.4,2021-03-24,745,N20,VIIRS,l,2,307.28,4.97,D,0
16.21382,77.29301,338.14,0.39,0.44,2021-03-24,745,N20,VIIRS,l,2,312.13,5.68,D,0
16.25547,78.75308,334.76,0.48,0.4,2021-03-24,745,N20,VIIRS,l,2,307.28,4.05,D,0
16.25818,78.72502,343.71,0.48,0.4,2021-03-24,745,N20,VIIRS,n,2,307.25,3.01,D,0
16.25894,78.72948,344.39,0.48,0.4,2021-03-24,745,N20,VIIRS,n,2,307.52,3.58,D,0
16.26184,78.72442,350.23,0.48,0.4,2021-03-24,745,N20,VIIRS,n,2,305.82,6.3,D,0
16.2626,78.72886,336.18,0.48,0.4,2021-03-24,745,N20,VIIRS,l,2,306.44,3.59,D,0
16.26626,78.72821,344.29,0.48,0.4,2021-03-24,745,N20,VIIRS,n,2,306.36,3.59,D,0
16.28021,78.74383,345.57,0.48,0.4,2021-03-24,745,N20,VIIRS,n,2,307.2,15.17,D,0
16.28044,78.78918,355.96,0.48,0.4,2021-03-24,745,N20,VIIRS,n,2,308.5,11.84,D,0
16.28332,78.78409,351.61,0.48,0.4,2021-03-24,745,N20,VIIRS,n,2,310.85,25.03,D,0
16.28623,78.77913,355.81,0.48,0.4,2021-03-24,745,N20,VIIRS,n,2,311.22,15.77,D,0
16.28696,78.78343,367.0,0.48,0.4,2021-03-24,745,N20,VIIRS,h,2,309.89,15.77,D,0
16.28769,78.78773,352.81,0.48,0.4,2021-03-24,745,N20,VIIRS,n,2,308.65,5.1,D,0
16.29061,78.78282,340.46,0.48,0.4,2021-03-24,745,N20,VIIRS,n,2,306.27,15.77,D,0
16.29134,78.78711,335.44,0.48,0.4,2021-03-24,745,N20,VIIRS,n,2,305.44,5.1,D,0
16.29426,78.78222,350.61,0.48,0.4,2021-03-24,745,N20,VIIRS,n,2,310.89,17.58,D,0
16.29499,78.78652,334.57,0.48,0.4,2021-03-24,745,N20,VIIRS,l,2,308.4,4.69,D,0
16.29844,78.74048,337.16,0.48,0.4,2021-03-24,745,N20,VIIRS,n,2,302.48,5.43,D,0
16.29935,78.79008,342.54,0.48,0.4,2021-03-24,745,N20,VIIRS,n,2,306.79,4.69,D,0
16.30135,78.7354,332.04,0.48,0.4,2021-03-24,745,N20,VIIRS,l,2,303.73,1.69,D,0
16.30297,78.78932,347.19,0.48,0.4,2021-03-24,745,N20,VIIRS,n,2,309.59,5.98,D,0
16.30371,78.79365,338.79,0.48,0.4,2021-03-24,745,N20,VIIRS,l,2,312.56,5.93,D,0
16.311,78.79243,340.99,0.48,0.4,2021-03-24,745,N20,VIIRS,l,2,311.87,6.5,D,0
16.31117,78.83775,340.23,0.48,0.4,2021-03-24,745,N20,VIIRS,n,2,310.23,4.18,D,0
16.32175,77.20556,335.78,0.39,0.44,2021-03-24,745,N20,VIIRS,l,2,310.21,3.93,D,0
16.34344,81.09815,347.74,0.4,0.37,2021-03-24,745,N20,VIIRS,l,2,308.48,8.41,D,0
16.35004,78.71369,337.76,0.48,0.4,2021-03-24,745,N20,VIIRS,l,2,308.94,5.19,D,0
16.35013,78.71227,343.52,0.48,0.4,2021-03-24,745,N20,VIIRS,n,2,310.7,4.5,D,0
16.35287,78.70827,336.88,0.48,0.4,2021-03-24,745,N20,VIIRS,l,2,307.04,1.78,D,0
16.35376,78.71147,341.49,0.48,0.4,2021-03-24,745,N20,VIIRS,n,2,308.96,4.5,D,0
16.3695,79.88566,347.66,0.43,0.38,2021-03-24,745,N20,VIIRS,n,2,308.41,5.32,D,0
16.37296,79.88504,337.33,0.43,0.38,2021-03-24,745,N20,VIIRS,l,2,305.91,5.32,D,0
16.42374,78.0407,334.86,0.52,0.42,2021-03-24,745,N20,VIIRS,l,2,308.53,5.42,D,0
16.42608,77.11016,336.36,0.39,0.44,2021-03-24,745,N20,VIIRS,l,2,311.09,2.42,D,0
16.44764,78.24812,339.42,0.51,0.41,2021-03-24,745,N20,VIIRS,n,2,313.4,12.95,D,0
16.45048,81.15166,339.06,0.39,0.36,2021-03-24,745,N20,VIIRS,l,2,312.73,11.17,D,0
16.50155,80.89632,334.76,0.4,0.37,2021-03-24,745,N20,VIIRS,l,2,308.98,2.94,D,0
16.50311,80.94924,341.31,0.4,0.37,2021-03-24,745,N20,VIIRS,n,2,312.64,10.95,D,0
16.68463,81.0396,341.59,0.4,0.37,2021-03-24,745,N20,VIIRS,n,2,310.24,4.0,D,0
16.71673,80.49094,332.43,0.41,0.37,2021-03-24,745,N20,VIIRS,l,2,307.13,2.09,D,0
16.73182,80.47656,336.88,0.41,0.37,2021-03-24,745,N20,VIIRS,l,2,307.33,2.61,D,0
16.77624,80.55077,343.91,0.41,0.37,2021-03-24,745,N20,VIIRS,n,2,308.14,3.1,D,0
16.79217,80.56358,332.23,0.4,0.37,2021-03-24,745,N20,VIIRS,l,2,306.89,1.44,D,0
16.81337,80.54446,340.12,0.41,0.37,2021-03-24,745,N20,VIIRS,l,2,306.61,2.98,D,0
16.82245,77.38545,336.19,0.56,0.43,2021-03-24,745,N20,VIIRS,l,2,308.12,4.87,D,0
16.83117,77.38914,336.88,0.56,0.43,2021-03-24,745,N20,VIIRS,l,2,310.56,5.27,D,0
16.85778,77.28704,336.03,0.57,0.43,2021-03-24,745,N20,VIIRS,l,2,307.46,2.57,D,0
16.85793,77.29051,339.91,0.57,0.43,2021-03-24,745,N20,VIIRS,n,2,307.49,1.92,D,0
16.94606,77.14475,340.37,0.38,0.44,2021-03-24,745,N20,VIIRS,n,2,308.21,3.92,D,0
16.9464,80.61002,333.78,0.4,0.37,2021-03-24,745,N20,VIIRS,l,2,307.89,2.54,D,0
16.98621,80.59948,332.55,0.4,0.37,2021-03-24,745,N20,VIIRS,l,2,307.23,2.41,D,0
17.10101,80.87712,343.24,0.4,0.37,2021-03-24,745,N20,VIIRS,n,2,312.89,3.87,D,0
17.1122,78.53353,339.47,0.48,0.4,2021-03-24,745,N20,VIIRS,n,2,309.65,3.75,D,0
17.14223,78.05528,338.19,0.51,0.41,2021-03-24,745,N20,VIIRS,l,2,310.5,3.85,D,0
17.14518,81.0057,336.7,0.39,0.36,2021-03-24,745,N20,VIIRS,n,2,307.67,4.27,D,0
17.15473,80.00484,330.28,0.42,0.38,2021-03-24,745,N20,VIIRS,l,2,304.52,2.9,D,0
17.21285,81.24518,334.34,0.39,0.36,2021-03-24,745,N20,VIIRS,l,2,308.02,2.94,D,0
17.2224,81.15386,341.56,0.39,0.36,2021-03-24,745,N20,VIIRS,n,2,310.19,3.83,D,0
17.22572,81.15331,336.79,0.39,0.36,2021-03-24,745,N20,VIIRS,l,2,310.32,12.76,D,0
17.22629,81.15697,337.23,0.39,0.36,2021-03-24,745,N20,VIIRS,l,2,309.2,4.55,D,0
17.22961,81.15639,334.72,0.39,0.36,2021-03-24,745,N20,VIIRS,l,2,306.04,4.55,D,0
17.24498,81.2547,338.76,0.39,0.36,2021-03-24,745,N20,VIIRS,l,2,311.07,3.65,D,0
17.25746,78.15667,338.48,0.5,0.41,2021-03-24,745,N20,VIIRS,l,2,312.57,5.63,D,0
17.25848,80.80083,337.95,0.4,0.37,2021-03-24,745,N20,VIIRS,l,2,312.72,5.87,D,0
17.27099,81.44387,347.9,0.39,0.36,2021-03-24,745,N20,VIIRS,n,2,310.02,9.98,D,0
17.3041,80.63287,336.52,0.4,0.37,2021-03-24,745,N20,VIIRS,l,2,306.38,4.69,D,0
17.30456,80.54847,334.42,0.4,0.37,2021-03-24,745,N20,VIIRS,l,2,303.44,2.01,D,0
17.30552,80.5982,340.86,0.4,0.37,2021-03-24,745,N20,VIIRS,l,2,306.96,6.99,D,0
17.30612,80.60202,336.95,0.4,0.37,2021-03-24,745,N20,VIIRS,l,2,308.07,6.99,D,0
17.30616,80.54808,334.11,0.4,0.37,2021-03-24,745,N20,VIIRS,l,2,304.25,2.02,D,0
17.30688,80.62862,351.0,0.4,0.37,2021-03-24,745,N20,VIIRS,n,2,308.55,6.7,D,0
17.30746,80.63235,340.67,0.4,0.37,2021-03-24,745,N20,VIIRS,l,2,307.16,6.7,D,0
17.31024,80.62811,348.52,0.4,0.37,2021-03-24,745,N20,VIIRS,l,2,308.42,6.7,D,0
17.31182,80.61622,334.25,0.4,0.37,2021-03-24,745,N20,VIIRS,l,2,307.05,1.85,D,0
17.314,81.43683,330.72,0.39,0.36,2021-03-24,745,N20,VIIRS,l,2,304.36,2.93,D,0
17.31578,80.94642,338.9,0.39,0.36,2021-03-24,745,N20,VIIRS,l,2,310.86,4.8,D,0
17.31767,80.65334,336.44,0.4,0.37,2021-03-24,745,N20,VIIRS,l,2,307.94,2.3,D,0
17.31932,81.31685,343.8,0.39,0.36,2021-03-24,745,N20,VIIRS,n,2,307.72,6.92,D,0
17.31985,81.34283,335.61,0.39,0.36,2021-03-24,745,N20,VIIRS,l,2,307.32,2.02,D,0
17.32215,81.335,334.16,0.39,0.36,2021-03-24,745,N20,VIIRS,n,2,303.87,1.86,D,0
17.32249,80.60675,333.32,0.4,0.37,2021-03-24,745,N20,VIIRS,l,2,306.02,1.77,D,0
17.32264,81.31632,337.35,0.39,0.36,2021-03-24,745,N20,VIIRS,n,2,305.6,6.92,D,0
17.32976,80.60913,336.19,0.4,0.37,2021-03-24,745,N20,VIIRS,n,2,306.95,2.02,D,0
17.33824,81.35098,343.94,0.39,0.36,2021-03-24,745,N20,VIIRS,n,2,306.99,4.35,D,0
17.33828,80.80618,338.67,0.4,0.37,2021-03-24,745,N20,VIIRS,l,2,309.95,4.82,D,0
17.34155,81.35043,347.32,0.39,0.36,2021-03-24,745,N20,VIIRS,n,2,306.07,4.35,D,0
17.34534,81.33113,344.34,0.39,0.36,2021-03-24,745,N20,VIIRS,n,2,307.45,4.95,D,0
17.34995,78.58342,334.82,0.48,0.4,2021-03-24,745,N20,VIIRS,l,2,309.17,3.21,D,0
17.35018,81.29681,331.15,0.39,0.36,2021-03-24,745,N20,VIIRS,l,2,304.55,2.97,D,0
17.35139,81.32642,337.43,0.39,0.36,2021-03-24,745,N20,VIIRS,n,2,306.53,3.89,D,0
17.35222,81.00441,332.16,0.39,0.36,2021-03-24,745,N20,VIIRS,l,2,307.15,1.57,D,0
17.36173,80.67989,341.38,0.4,0.37,2021-03-24,745,N20,VIIRS,l,2,309.44,4.61,D,0
17.36526,80.83173,338.84,0.4,0.37,2021-03-24,745,N20,VIIRS,n,2,307.78,2.01,D,0
17.36585,80.83543,334.97,0.4,0.37,2021-03-24,745,N20,VIIRS,l,2,307.07,2.01,D,0
17.3686,80.83115,335.15,0.4,0.37,2021-03-24,745,N20,VIIRS,l,2,306.83,2.01,D,0
17.37253,80.83429,335.64,0.4,0.37,2021-03-24,745,N20,VIIRS,l,2,307.18,3.16,D,0
17.3738,80.92876,333.78,0.39,0.36,2021-03-24,745,N20,VIIRS,n,2,308.11,2.16,D,0
17.37429,80.84539,344.92,0.4,0.37,2021-03-24,745,N20,VIIRS,n,2,308.56,4.89,D,0
17.37553,81.45999,334.58,0.39,0.36,2021-03-24,745,N20,VIIRS,l,2,306.52,3.5,D,0
17.3776,80.99601,333.52,0.39,0.36,2021-03-24,745,N20,VIIRS,l,2,306.65,2.36,D,0
17.38093,80.99542,337.18,0.39,0.36,2021-03-24,745,N20,VIIRS,n,2,306.0,2.36,D,0
17.38137,80.82521,337.35,0.4,0.37,2021-03-24,745,N20,VIIRS,l,2,307.53,4.66,D,0
17.3815,80.99905,336.04,0.39,0.36,2021-03-24,745,N20,VIIRS,l,2,306.95,2.36,D,0
17.39155,80.84618,338.38,0.4,0.37,2021-03-24,745,N20,VIIRS,l,2,308.3,3.17,D,0
17.39488,80.84557,341.95,0.4,0.37,2021-03-24,745,N20,VIIRS,n,2,310.07,4.4,D,0
17.39547,80.84926,337.14,0.4,0.37,2021-03-24,745,N20,VIIRS,l,2,310.0,3.27,D,0
17.40295,81.22054,338.13,0.39,0.36,2021-03-24,745,N20,VIIRS,l,2,308.79,3.36,D,0
17.40627,81.21997,334.22,0.39,0.36,2021-03-24,745,N20,VIIRS,l,2,308.86,2.07,D,0
17.40849,80.80148,336.44,0.4,0.37,2021-03-24,745,N20,VIIRS,l,2,308.84,2.26,D,0
17.41812,81.2102,334.08,0.39,0.36,2021-03-24,745,N20,VIIRS,l,2,306.75,1.14,D,0
17.41824,81.12408,346.57,0.39,0.36,2021-03-24,745,N20,VIIRS,n,2,309.79,4.97,D,0
17.41956,80.95862,334.8,0.39,0.36,2021-03-24,745,N20,VIIRS,l,2,307.29,3.91,D,0
17.42258,81.21693,336.73,0.39,0.36,2021-03-24,745,N20,VIIRS,n,2,305.56,3.51,D,0
17.42526,77.9355,338.21,0.51,0.41,2021-03-24,745,N20,VIIRS,l,2,310.8,3.87,D,0
17.42749,81.20482,332.54,0.39,0.36,2021-03-24,745,N20,VIIRS,l,2,307.06,1.29,D,0
17.43715,81.02717,333.13,0.39,0.36,2021-03-24,745,N20,VIIRS,l,2,305.65,4.03,D,0
17.44375,81.41804,337.68,0.39,0.36,2021-03-24,745,N20,VIIRS,n,2,305.84,2.84,D,0
17.44537,81.40663,339.53,0.39,0.36,2021-03-24,745,N20,VIIRS,n,2,306.39,4.26,D,0
17.46018,81.08705,339.76,0.39,0.36,2021-03-24,745,N20,VIIRS,n,2,307.78,2.47,D,0
17.46029,78.28204,339.38,0.49,0.4,2021-03-24,745,N20,VIIRS,n,2,306.93,3.15,D,0
17.46558,80.79926,338.56,0.4,0.37,2021-03-24,745,N20,VIIRS,n,2,308.64,2.88,D,0
17.46656,81.30263,335.44,0.39,0.36,2021-03-24,745,N20,VIIRS,l,2,307.86,4.27,D,0
17.4672,81.3286,336.94,0.39,0.36,2021-03-24,745,N20,VIIRS,n,2,305.23,2.97,D,0
17.46875,80.64638,335.37,0.4,0.37,2021-03-24,745,N20,VIIRS,l,2,306.2,4.04,D,0
17.46991,80.78332,340.11,0.4,0.37,2021-03-24,745,N20,VIIRS,l,2,309.15,3.14,D,0
17.4705,80.78703,335.62,0.4,0.37,2021-03-24,745,N20,VIIRS,l,2,307.92,3.14,D,0
17.47211,80.64581,337.21,0.4,0.37,2021-03-24,745,N20,VIIRS,n,2,306.11,1.48,D,0
17.47574,81.09938,331.18,0.39,0.36,2021-03-24,745,N20,VIIRS,l,2,305.74,1.88,D,0
17.48232,81.07605,334.4,0.39,0.36,2021-03-24,745,N20,VIIRS,l,2,304.89,3.33,D,0
17.48932,81.03342,333.23,0.39,0.36,2021-03-24,745,N20,VIIRS,l,2,304.16,3.07,D,0
17.49246,80.81738,331.31,0.4,0.37,2021-03-24,745,N20,VIIRS,l,2,305.89,1.5,D,0
17.49454,80.72211,335.47,0.4,0.37,2021-03-24,745,N20,VIIRS,l,2,305.89,2.42,D,0
17.49521,80.96465,347.08,0.39,0.36,2021-03-24,745,N20,VIIRS,n,2,307.69,6.12,D,0
17.49672,80.51859,345.43,0.4,0.37,2021-03-24,745,N20,VIIRS,l,2,309.02,5.27,D,0
17.49811,80.98299,333.22,0.39,0.36,2021-03-24,745,N20,VIIRS,l,2,305.37,2.15,D,0
17.49854,80.96407,341.39,0.39,0.36,2021-03-24,745,N20,VIIRS,n,2,305.48,6.12,D,0
17.49863,77.68989,338.09,0.53,0.42,2021-03-24,745,N20,VIIRS,l,2,310.8,8.01,D,0
17.49912,80.96777,330.72,0.39,0.36,2021-03-24,745,N20,VIIRS,l,2,304.26,2.48,D,0
17.50016,81.03928,331.06,0.39,0.36,2021-03-24,745,N20,VIIRS,l,2,303.4,1.53,D,0
17.5011,80.93703,333.96,0.39,0.36,2021-03-24,745,N20,VIIRS,l,2,305.12,0.74,D,0
17.50396,77.24316,341.15,0.56,0.43,2021-03-24,745,N20,VIIRS,l,2,315.78,11.75,D,0
17.50548,81.40036,336.96,0.39,0.36,2021-03-24,745,N20,VIIRS,n,2,304.25,3.96,D,0
17.50676,80.7125,334.5,0.4,0.37,2021-03-24,745,N20,VIIRS,l,2,304.32,5.51,D,0
17.5107,80.7157,338.87,0.4,0.37,2021-03-24,745,N20,VIIRS,l,2,304.78,2.88,D,0
17.513,80.96912,331.15,0.39,0.36,2021-03-24,745,N20,VIIRS,l,2,305.69,1.51,D,0
17.51383,80.692,334.38,0.4,0.37,2021-03-24,745,N20,VIIRS,l,2,307.33,2.56,D,0
17.5168,80.71084,336.25,0.4,0.37,2021-03-24,745,N20,VIIRS,l,2,303.92,1.69,D,0
17.5215,81.41621,331.42,0.39,0.36,2021-03-24,745,N20,VIIRS,l,2,305.87,3.34,D,0
17.52206,81.41985,333.93,0.39,0.36,2021-03-24,745,N20,VIIRS,n,2,304.9,1.39,D,0
17.52304,80.72858,340.05,0.4,0.37,2021-03-24,745,N20,VIIRS,l,2,306.07,1.95,D,0
17.52694,81.07946,330.73,0.39,0.36,2021-03-24,745,N20,VIIRS,l,2,304.52,1.75,D,0
17.52797,80.71626,342.72,0.4,0.37,2021-03-24,745,N20,VIIRS,n,2,307.17,4.41,D,0
17.52855,80.71992,337.28,0.4,0.37,2021-03-24,745,N20,VIIRS,l,2,307.86,2.51,D,0
17.52979,81.42596,331.66,0.39,0.36,2021-03-24,745,N20,VIIRS,l,2,305.51,1.93,D,0
17.53208,81.11226,338.46,0.39,0.36,2021-03-24,745,N20,VIIRS,n,2,305.88,1.73,D,0
17.53497,80.93496,335.24,0.39,0.36,2021-03-24,745,N20,VIIRS,l,2,307.67,3.77,D,0
17.53643,80.9007,331.6,0.39,0.36,2021-03-24,745,N20,VIIRS,l,2,305.73,2.36,D,0
17.5387,81.11106,347.07,0.39,0.36,2021-03-24,745,N20,VIIRS,n,2,308.7,4.88,D,0
17.53884,80.67615,332.48,0.4,0.37,2021-03-24,745,N20,VIIRS,l,2,306.46,2.0,D,0
17.54278,80.6793,340.54,0.4,0.37,2021-03-24,745,N20,VIIRS,l,2,306.86,3.27,D,0
17.54544,80.82726,342.07,0.4,0.37,2021-03-24,745,N20,VIIRS,n,2,306.7,4.65,D,0
17.55298,77.66426,338.3,0.53,0.42,2021-03-24,745,N20,VIIRS,l,2,311.58,4.31,D,0
17.56676,81.35631,339.27,0.39,0.36,2021-03-24,745,N20,VIIRS,n,2,306.72,2.87,D,0
17.56694,77.25774,337.49,0.56,0.43,2021-03-24,745,N20,VIIRS,l,2,311.47,13.06,D,0
17.56965,80.9818,332.71,0.39,0.36,2021-03-24,745,N20,VIIRS,l,2,305.89,2.63,D,0
17.58705,80.72823,334.57,0.4,0.37,2021-03-24,745,N20,VIIRS,l,2,305.78,3.53,D,0
17.58872,81.32283,335.66,0.39,0.36,2021-03-24,745,N20,VIIRS,l,2,308.02,1.9,D,0
17.59097,80.7313,335.25,0.4,0.37,2021-03-24,745,N20,VIIRS,l,2,306.89,4.1,D,0
17.59706,80.28356,333.89,0.41,0.37,2021-03-24,745,N20,VIIRS,l,2,304.83,1.77,D,0
17.60477,80.94846,332.25,0.39,0.36,2021-03-24,745,N20,VIIRS,l,2,306.81,2.58,D,0
17.61213,80.26927,337.73,0.41,0.37,2021-03-24,745,N20,VIIRS,l,2,306.05,4.22,D,0
17.61551,80.26868,341.48,0.41,0.37,2021-03-24,745,N20,VIIRS,l,2,305.99,5.11,D,0
17.61855,80.33052,337.78,0.41,0.37,2021-03-24,745,N20,VIIRS,l,2,311.35,3.08,D,0
17.61987,81.21691,338.45,0.39,0.36,2021-03-24,745,N20,VIIRS,n,2,307.23,2.09,D,0
17.65005,80.37553,341.85,0.4,0.37,2021-03-24,745,N20,VIIRS,l,2,312.46,5.9,D,0
17.65126,80.38306,335.2,0.4,0.37,2021-03-24,745,N20,VIIRS,l,2,310.08,2.05,D,0
17.66685,80.58852,332.8,0.4,0.37,2021-03-24,745,N20,VIIRS,l,2,307.74,2.44,D,0
17.66728,81.12938,334.85,0.39,0.36,2021-03-24,745,N20,VIIRS,n,2,307.89,0.79,D,0
17.66961,80.58421,342.54,0.4,0.37,2021-03-24,745,N20,VIIRS,n,2,308.87,5.38,D,0
17.67021,80.58797,342.28,0.4,0.37,2021-03-24,745,N20,VIIRS,l,2,308.31,2.44,D,0
17.67356,80.58739,337.77,0.4,0.37,2021-03-24,745,N20,VIIRS,l,2,307.74,5.44,D,0
17.67511,80.91754,342.01,0.39,0.36,2021-03-24,745,N20,VIIRS,n,2,309.93,3.51,D,0
17.67618,80.19153,334.78,0.41,0.37,2021-03-24,745,N20,VIIRS,l,2,308.21,2.69,D,0
17.67679,80.19537,338.5,0.41,0.37,2021-03-24,745,N20,VIIRS,l,2,306.24,2.69,D,0
17.67882,80.38221,336.83,0.4,0.37,2021-03-24,745,N20,VIIRS,l,2,308.62,2.7,D,0
17.68018,80.1948,333.41,0.41,0.37,2021-03-24,745,N20,VIIRS,l,2,307.24,2.93,D,0
17.68577,80.57756,333.54,0.4,0.37,2021-03-24,745,N20,VIIRS,l,2,306.54,1.45,D,0
17.68595,81.22743,339.5,0.39,0.36,2021-03-24,745,N20,VIIRS,n,2,305.26,3.5,D,0
17.68636,80.58129,333.33,0.4,0.37,2021-03-24,745,N20,VIIRS,l,2,306.1,1.45,D,0
17.68926,81.22684,347.32,0.39,0.36,2021-03-24,745,N20,VIIRS,n,2,306.28,3.5,D,0
17.69383,80.54159,336.14,0.4,0.37,2021-03-24,745,N20,VIIRS,l,2,308.78,2.38,D,0
17.69524,81.19974,337.84,0.39,0.36,2021-03-24,745,N20,VIIRS,n,2,304.33,4.44,D,0
17.6982,80.59077,335.22,0.4,0.37,2021-03-24,745,N20,VIIRS,l,2,307.05,2.29,D,0
17.70268,80.72739,349.71,0.4,0.37,2021-03-24,745,N20,VIIRS,n,2,309.84,7.19,D,0
17.70489,80.52441,344.39,0.4,0.37,2021-03-24,745,N20,VIIRS,n,2,307.25,1.98,D,0
17.71453,81.19251,346.51,0.39,0.36,2021-03-24,745,N20,VIIRS,n,2,307.75,4.21,D,0
17.71574,80.54932,338.46,0.4,0.37,2021-03-24,745,N20,VIIRS,n,2,307.26,2.07,D,0
17.71784,81.19193,332.81,0.39,0.36,2021-03-24,745,N20,VIIRS,l,2,306.59,4.21,D,0
17.72472,80.69311,336.91,0.4,0.37,2021-03-24,745,N20,VIIRS,l,2,309.03,4.17,D,0
17.72552,81.17567,343.4,0.39,0.36,2021-03-24,745,N20,VIIRS,n,2,307.22,2.66,D,0
17.72572,80.67767,335.71,0.4,0.37,2021-03-24,745,N20,VIIRS,n,2,306.78,1.28,D,0
17.72609,81.17931,335.05,0.39,0.36,2021-03-24,745,N20,VIIRS,l,2,306.35,2.66,D,0
17.72936,80.50468,342.04,0.4,0.37,2021-03-24,745,N20,VIIRS,l,2,308.78,4.12,D,0
17.72956,80.52774,336.12,0.4,0.37,2021-03-24,745,N20,VIIRS,l,2,307.41,3.59,D,0
17.73084,80.15839,332.7,0.41,0.37,2021-03-24,745,N20,VIIRS,l,2,305.22,1.4,D,0
17.73331,80.50783,334.14,0.4,0.37,2021-03-24,745,N20,VIIRS,l,2,308.25,1.46,D,0
17.73624,80.74438,337.82,0.4,0.37,2021-03-24,745,N20,VIIRS,n,2,307.98,2.39,D,0
17.73768,80.70998,341.99,0.4,0.37,2021-03-24,745,N20,VIIRS,n,2,308.32,4.17,D,0
17.74379,80.54046,332.62,0.4,0.37,2021-03-24,745,N20,VIIRS,l,2,307.33,1.09,D,0
17.74438,80.70898,336.9,0.4,0.37,2021-03-24,745,N20,VIIRS,l,2,307.4,3.77,D,0
17.74972,80.93882,341.42,0.39,0.36,2021-03-24,745,N20,VIIRS,n,2,308.84,2.23,D,0
17.75238,79.9445,336.03,0.42,0.37,2021-03-24,745,N20,VIIRS,l,2,307.33,4.51,D,0
17.75266,79.94496,338.72,0.42,0.37,2021-03-24,745,N20,VIIRS,l,2,307.55,4.1,D,0
17.75596,80.63792,335.84,0.4,0.37,2021-03-24,745,N20,VIIRS,l,2,308.59,1.71,D,0
17.75799,81.27475,337.05,0.39,0.36,2021-03-24,745,N20,VIIRS,n,2,305.64,3.22,D,0
17.76199,80.07003,334.93,0.41,0.37,2021-03-24,745,N20,VIIRS,l,2,308.65,3.32,D,0
17.76206,81.19186,336.84,0.39,0.36,2021-03-24,745,N20,VIIRS,l,2,309.34,1.94,D,0
17.76368,81.33319,339.88,0.39,0.36,2021-03-24,745,N20,VIIRS,n,2,309.44,4.89,D,0
17.76905,80.71987,333.17,0.4,0.37,2021-03-24,745,N20,VIIRS,l,2,307.95,1.68,D,0
17.76999,80.7043,333.68,0.4,0.37,2021-03-24,745,N20,VIIRS,l,2,307.76,3.34,D,0
17.77112,80.21419,334.92,0.41,0.37,2021-03-24,745,N20,VIIRS,l,2,305.24,2.85,D,0
17.77427,80.34243,339.26,0.4,0.37,2021-03-24,745,N20,VIIRS,l,2,307.73,2.28,D,0
17.7788,80.63026,336.81,0.4,0.37,2021-03-24,745,N20,VIIRS,l,2,308.13,2.15,D,0
17.78239,80.71752,332.22,0.4,0.37,2021-03-24,745,N20,VIIRS,l,2,306.45,1.78,D,0
17.78299,80.72126,336.08,0.4,0.37,2021-03-24,745,N20,VIIRS,l,2,306.67,1.8,D,0
17.78631,80.12935,334.33,0.41,0.37,2021-03-24,745,N20,VIIRS,l,2,307.74,2.25,D,0
17.79208,81.10072,335.66,0.39,0.36,2021-03-24,745,N20,VIIRS,l,2,309.55,1.88,D,0
17.79832,80.38474,336.68,0.4,0.37,2021-03-24,745,N20,VIIRS,l,2,307.65,2.54,D,0
17.80062,80.0241,332.86,0.41,0.37,2021-03-24,745,N20,VIIRS,l,2,307.35,2.72,D,0
17.80466,80.0274,352.26,0.41,0.37,2021-03-24,745,N20,VIIRS,n,2,310.25,11.12,D,0
17.80506,80.38361,335.46,0.4,0.37,2021-03-24,745,N20,VIIRS,l,2,307.34,1.3,D,0
17.80566,80.38737,345.05,0.4,0.37,2021-03-24,745,N20,VIIRS,l,2,309.24,6.38,D,0
17.81021,80.39423,334.31,0.4,0.37,2021-03-24,745,N20,VIIRS,l,2,308.66,2.37,D,0
17.81302,80.716,331.93,0.4,0.37,2021-03-24,745,N20,VIIRS,l,2,306.39,1.7,D,0
17.81698,80.52396,342.59,0.4,0.37,2021-03-24,745,N20,VIIRS,n,2,309.38,1.62,D,0
17.81769,80.35422,336.27,0.4,0.37,2021-03-24,745,N20,VIIRS,l,2,310.81,5.05,D,0
17.81933,80.3542,336.93,0.4,0.37,2021-03-24,745,N20,VIIRS,l,2,309.69,4.51,D,0
17.82041,81.30503,340.6,0.39,0.36,2021-03-24,745,N20,VIIRS,n,2,308.57,2.52,D,0
17.82145,80.72588,341.61,0.4,0.37,2021-03-24,745,N20,VIIRS,n,2,306.97,4.2,D,0
17.82203,80.72955,341.99,0.4,0.37,2021-03-24,745,N20,VIIRS,n,2,307.03,3.27,D,0
17.82478,80.7253,333.61,0.4,0.37,2021-03-24,745,N20,VIIRS,l,2,306.45,3.78,D,0
17.82509,80.77064,341.66,0.4,0.37,2021-03-24,745,N20,VIIRS,n,2,306.82,2.07,D,0
17.8286,80.64087,341.82,0.4,0.37,2021-03-24,745,N20,VIIRS,n,2,308.66,4.33,D,0
17.8287,80.72839,339.46,0.4,0.37,2021-03-24,745,N20,VIIRS,l,2,309.53,6.8,D,0
17.83097,80.59058,337.81,0.4,0.37,2021-03-24,745,N20,VIIRS,l,2,309.89,2.7,D,0
17.83204,80.72782,332.79,0.4,0.37,2021-03-24,745,N20,VIIRS,l,2,306.63,2.37,D,0
17.83262,80.7315,348.85,0.4,0.37,2021-03-24,745,N20,VIIRS,n,2,308.16,2.37,D,0
17.83277,80.75417,339.99,0.4,0.37,2021-03-24,745,N20,VIIRS,n,2,308.8,4.2,D,0
17.83378,80.73885,335.72,0.4,0.37,2021-03-24,745,N20,VIIRS,l,2,307.75,6.1,D,0
17.83553,80.74992,338.91,0.4,0.37,2021-03-24,745,N20,VIIRS,n,2,308.47,2.44,D,0
17.83611,80.75362,333.99,0.4,0.37,2021-03-24,745,N20,VIIRS,l,2,307.83,2.44,D,0
17.84549,80.66084,332.21,0.4,0.37,2021-03-24,745,N20,VIIRS,l,2,306.97,1.36,D,0
17.84675,80.24476,335.56,0.41,0.37,2021-03-24,745,N20,VIIRS,l,2,307.15,3.87,D,0
17.84706,80.64904,339.08,0.4,0.37,2021-03-24,745,N20,VIIRS,n,2,308.33,3.74,D,0
17.84728,80.75927,334.17,0.4,0.37,2021-03-24,745,N20,VIIRS,l,2,306.55,0.89,D,0
17.84744,80.78208,339.61,0.39,0.37,2021-03-24,745,N20,VIIRS,l,2,309.74,3.52,D,0
17.84771,80.58769,347.76,0.4,0.37,2021-03-24,745,N20,VIIRS,n,2,308.26,5.07,D,0
17.84785,80.76292,333.95,0.4,0.37,2021-03-24,745,N20,VIIRS,l,2,307.23,2.36,D,0
17.85038,81.21395,335.18,0.39,0.36,2021-03-24,745,N20,VIIRS,l,2,307.13,2.61,D,0
17.8554,80.72375,343.94,0.4,0.37,2021-03-24,745,N20,VIIRS,n,2,307.44,3.07,D,0
17.87099,81.25897,336.41,0.39,0.36,2021-03-24,745,N20,VIIRS,n,2,305.77,3.53,D,0
17.87207,80.61822,341.88,0.4,0.37,2021-03-24,745,N20,VIIRS,n,2,305.73,2.08,D,0
17.87261,81.11674,332.87,0.39,0.36,2021-03-24,745,N20,VIIRS,l,2,306.86,2.85,D,0
17.87479,81.10889,333.03,0.39,0.36,2021-03-24,745,N20,VIIRS,l,2,306.85,2.36,D,0
17.87536,81.11255,337.11,0.39,0.36,2021-03-24,745,N20,VIIRS,n,2,307.09,2.85,D,0
17.87622,80.70884,334.31,0.4,0.37,2021-03-24,745,N20,VIIRS,l,2,308.81,1.99,D,0
17.8792,80.6629,337.16,0.4,0.37,2021-03-24,745,N20,VIIRS,n,2,307.17,1.72,D,0
17.8795,80.57858,332.45,0.4,0.37,2021-03-24,745,N20,VIIRS,l,2,306.17,1.94,D,0
17.87956,80.70827,340.45,0.4,0.37,2021-03-24,745,N20,VIIRS,n,2,307.06,1.99,D,0
17.88254,80.66232,334.25,0.4,0.37,2021-03-24,745,N20,VIIRS,l,2,308.33,2.68,D,0
17.8827,80.62019,347.71,0.4,0.37,2021-03-24,745,N20,VIIRS,n,2,308.05,6.56,D,0
17.88331,81.31638,338.35,0.39,0.36,2021-03-24,745,N20,VIIRS,n,2,307.56,3.14,D,0
17.88427,81.12601,331.59,0.39,0.36,2021-03-24,745,N20,VIIRS,l,2,306.5,2.63,D,0
17.88545,80.61589,347.1,0.4,0.37,2021-03-24,745,N20,VIIRS,n,2,307.61,5.11,D,0
17.88701,80.17071,337.04,0.41,0.37,2021-03-24,745,N20,VIIRS,l,2,309.94,2.23,D,0
17.88758,81.12547,333.42,0.39,0.36,2021-03-24,745,N20,VIIRS,l,2,306.63,1.74,D,0
17.88824,81.15149,332.36,0.39,0.36,2021-03-24,745,N20,VIIRS,l,2,306.67,1.41,D,0
17.88935,80.7483,335.04,0.4,0.37,2021-03-24,745,N20,VIIRS,l,2,309.58,2.83,D,0
17.8921,80.74404,335.14,0.4,0.37,2021-03-24,745,N20,VIIRS,l,2,309.99,2.35,D,0
17.89374,81.14317,338.55,0.39,0.36,2021-03-24,745,N20,VIIRS,n,2,306.56,2.86,D,0
17.89538,80.8079,348.52,0.39,0.36,2021-03-24,745,N20,VIIRS,n,2,309.64,4.74,D,0
17.89592,81.13533,338.32,0.39,0.36,2021-03-24,745,N20,VIIRS,n,2,307.36,3.2,D,0
17.896,81.15767,334.33,0.39,0.36,2021-03-24,745,N20,VIIRS,l,2,307.34,2.48,D,0
17.89649,81.13898,334.12,0.39,0.36,2021-03-24,745,N20,VIIRS,l,2,307.11,2.43,D,0
17.89716,80.16894,335.05,0.41,0.37,2021-03-24,745,N20,VIIRS,l,2,308.88,3.61,D,0
17.89806,80.16878,335.3,0.41,0.37,2021-03-24,745,N20,VIIRS,l,2,309.8,2.21,D,0
17.89897,80.00288,336.7,0.41,0.37,2021-03-24,745,N20,VIIRS,l,2,308.78,5.36,D,0
17.89923,80.65934,336.41,0.4,0.37,2021-03-24,745,N20,VIIRS,l,2,308.58,2.79,D,0
17.89982,80.66303,352.53,0.4,0.37,2021-03-24,745,N20,VIIRS,n,2,314.08,30.83,D,0
17.89984,81.31359,335.2,0.39,0.36,2021-03-24,745,N20,VIIRS,l,2,307.45,2.6,D,0
17.90256,80.65871,336.17,0.4,0.37,2021-03-24,745,N20,VIIRS,l,2,308.63,2.07,D,0
17.90288,81.42084,336.64,0.39,0.36,2021-03-24,745,N20,VIIRS,l,2,308.55,1.15,D,0
17.90297,80.63965,335.76,0.4,0.37,2021-03-24,745,N20,VIIRS,l,2,305.68,3.35,D,0
17.90553,80.61253,342.77,0.4,0.37,2021-03-24,745,N20,VIIRS,l,2,304.85,2.93,D,0
17.90642,81.13722,344.46,0.39,0.36,2021-03-24,745,N20,VIIRS,n,2,307.18,4.42,D,0
17.90666,79.98563,346.2,0.41,0.37,2021-03-24,745,N20,VIIRS,n,2,309.85,7.62,D,0
17.9069,80.64276,350.68,0.4,0.37,2021-03-24,745,N20,VIIRS,n,2,308.05,6.89,D,0
17.90703,80.00942,346.85,0.41,0.37,2021-03-24,745,N20,VIIRS,n,2,314.58,26.91,D,0
17.90881,81.37153,342.46,0.39,0.36,2021-03-24,745,N20,VIIRS,n,2,309.12,3.95,D,0
17.90888,80.61195,332.96,0.4,0.37,2021-03-24,745,N20,VIIRS,l,2,304.8,1.63,D,0
17.90973,81.13666,332.48,0.39,0.36,2021-03-24,745,N20,VIIRS,l,2,306.2,3.41,D,0
17.9103,81.14031,338.83,0.39,0.36,2021-03-24,745,N20,VIIRS,n,2,307.31,3.41,D,0
17.91212,81.37097,332.97,0.39,0.36,2021-03-24,745,N20,VIIRS,l,2,307.95,1.05,D,0
17.91217,81.39326,335.11,0.39,0.36,2021-03-24,745,N20,VIIRS,l,2,309.12,1.83,D,0
17.91222,80.61137,335.52,0.4,0.37,2021-03-24,745,N20,VIIRS,l,2,304.93,1.63,D,0
17.91361,81.13975,341.07,0.39,0.36,2021-03-24,745,N20,VIIRS,n,2,307.01,3.41,D,0
17.91469,80.18549,339.99,0.41,0.37,2021-03-24,745,N20,VIIRS,l,2,311.49,6.92,D,0
17.91531,80.18931,351.89,0.41,0.37,2021-03-24,745,N20,VIIRS,n,2,313.77,9.13,D,0
17.91556,80.61079,337.0,0.4,0.37,2021-03-24,745,N20,VIIRS,n,2,305.05,2.65,D,0
17.91636,81.13551,334.65,0.39,0.36,2021-03-24,745,N20,VIIRS,l,2,306.2,3.19,D,0
17.91686,80.85716,347.93,0.39,0.36,2021-03-24,745,N20,VIIRS,n,2,309.52,5.66,D,0
17.91693,81.13917,343.94,0.39,0.36,2021-03-24,745,N20,VIIRS,n,2,306.82,3.19,D,0
17.91781,81.45171,344.04,0.39,0.36,2021-03-24,745,N20,VIIRS,n,2,308.34,1.3,D,0
17.91882,80.41409,336.96,0.4,0.37,2021-03-24,745,N20,VIIRS,l,2,311.23,1.98,D,0
17.91997,81.07114,337.07,0.39,0.36,2021-03-24,745,N20,VIIRS,l,2,308.74,4.35,D,0
17.92007,80.55246,336.18,0.4,0.37,2021-03-24,745,N20,VIIRS,l,2,306.82,3.22,D,0
17.92024,81.1386,339.64,0.39,0.36,2021-03-24,745,N20,VIIRS,n,2,305.96,3.19,D,0
17.9208,81.14223,332.54,0.39,0.36,2021-03-24,745,N20,VIIRS,l,2,305.58,3.79,D,0
17.92193,81.14955,337.36,0.39,0.36,2021-03-24,745,N20,VIIRS,n,2,306.43,2.47,D,0
17.92284,80.61334,330.23,0.4,0.37,2021-03-24,745,N20,VIIRS,l,2,304.9,0.41,D,0
17.92297,80.85253,339.52,0.39,0.36,2021-03-24,745,N20,VIIRS,n,2,308.81,2.76,D,0
17.92342,80.55188,344.38,0.4,0.37,2021-03-24,745,N20,VIIRS,n,2,308.78,3.22,D,0
17.9263,80.85198,350.55,0.39,0.36,2021-03-24,745,N20,VIIRS,n,2,308.89,5.87,D,0
17.92638,81.15627,330.15,0.39,0.36,2021-03-24,745,N20,VIIRS,l,2,304.78,1.12,D,0
17.92894,80.54324,334.02,0.4,0.37,2021-03-24,745,N20,VIIRS,l,2,306.44,1.8,D,0
17.93235,81.12899,338.1,0.39,0.36,2021-03-24,745,N20,VIIRS,n,2,306.48,2.84,D,0
17.94582,81.4136,341.93,0.39,0.36,2021-03-24,745,N20,VIIRS,n,2,310.11,2.34,D,0
17.95191,81.43114,335.37,0.39,0.36,2021-03-24,745,N20,VIIRS,l,2,310.11,2.28,D,0
17.95358,80.96021,337.6,0.39,0.36,2021-03-24,745,N20,VIIRS,l,2,310.92,4.6,D,0
17.9537,80.98277,344.05,0.39,0.36,2021-03-24,745,N20,VIIRS,n,2,310.09,3.39,D,0
17.95415,80.96387,335.19,0.39,0.36,2021-03-24,745,N20,VIIRS,l,2,307.59,2.64,D,0
17.95464,80.08794,345.33,0.41,0.37,2021-03-24,745,N20,VIIRS,l,2,312.07,4.71,D,0
17.95645,80.97854,337.63,0.39,0.36,2021-03-24,745,N20,VIIRS,l,2,309.03,3.39,D,0
17.9577,81.22575,344.29,0.39,0.36,2021-03-24,745,N20,VIIRS,n,2,305.49,2.96,D,0
17.95803,80.08734,338.02,0.41,0.37,2021-03-24,745,N20,VIIRS,l,2,311.59,4.71,D,0
17.95987,81.21786,345.95,0.39,0.36,2021-03-24,745,N20,VIIRS,n,2,306.85,6.14,D,0
17.96595,80.41751,336.02,0.4,0.37,2021-03-24,745,N20,VIIRS,l,2,308.48,2.36,D,0
17.96718,80.23096,338.86,0.41,0.37,2021-03-24,745,N20,VIIRS,l,2,310.21,4.44,D,0
17.9693,80.41692,335.9,0.4,0.37,2021-03-24,745,N20,VIIRS,l,2,307.98,2.36,D,0
17.97055,80.23035,339.1,0.41,0.37,2021-03-24,745,N20,VIIRS,l,2,312.13,5.17,D,0
17.97454,80.94158,338.67,0.39,0.36,2021-03-24,745,N20,VIIRS,n,2,307.73,2.64,D,0
17.97511,80.94525,333.76,0.39,0.36,2021-03-24,745,N20,VIIRS,l,2,307.73,1.76,D,0
17.97854,80.49617,339.01,0.4,0.37,2021-03-24,745,N20,VIIRS,l,2,306.05,3.07,D,0
17.97881,81.27412,335.16,0.39,0.36,2021-03-24,745,N20,VIIRS,l,2,309.2,2.05,D,0
17.98068,81.17702,332.71,0.39,0.36,2021-03-24,745,N20,VIIRS,l,2,305.67,1.55,D,0
17.98403,80.76224,345.62,0.39,0.37,2021-03-24,745,N20,VIIRS,n,2,310.8,4.75,D,0
17.98417,81.09039,331.53,0.39,0.36,2021-03-24,745,N20,VIIRS,l,2,305.12,1.82,D,0
17.98612,80.65147,346.79,0.4,0.37,2021-03-24,745,N20,VIIRS,n,2,309.33,4.0,D,0
17.98738,80.95826,333.47,0.39,0.36,2021-03-24,745,N20,VIIRS,l,2,307.58,1.61,D,0
17.98749,81.08989,331.73,0.39,0.36,2021-03-24,745,N20,VIIRS,l,2,303.91,1.82,D,0
17.98809,80.68539,341.51,0.4,0.37,2021-03-24,745,N20,VIIRS,n,2,308.4,5.47,D,0
17.98813,80.44832,337.88,0.4,0.37,2021-03-24,745,N20,VIIRS,n,2,307.78,2.32,D,0
17.98836,81.16092,330.43,0.39,0.36,2021-03-24,745,N20,VIIRS,l,2,304.02,2.16,D,0
17.98899,81.18676,338.36,0.39,0.36,2021-03-24,745,N20,VIIRS,n,2,306.99,2.98,D,0
17.99059,80.52854,335.74,0.4,0.37,2021-03-24,745,N20,VIIRS,l,2,306.23,2.18,D,0
17.99127,80.96136,333.16,0.39,0.36,2021-03-24,745,N20,VIIRS,l,2,307.52,0.85,D,0
17.99257,80.75673,343.69,0.39,0.37,2021-03-24,745,N20,VIIRS,n,2,309.56,2.67,D,0
17.99316,80.76042,335.8,0.39,0.37,2021-03-24,745,N20,VIIRS,l,2,309.2,4.95,D,0
17.99475,80.61945,339.79,0.4,0.37,2021-03-24,745,N20,VIIRS,l,2,310.05,1.85,D,0
17.99554,80.71069,346.74,0.4,0.37,2021-03-24,745,N20,VIIRS,n,2,310.32,7.8,D,0
17.99706,80.5043,334.79,0.4,0.37,2021-03-24,745,N20,VIIRS,l,2,305.88,1.55,D,0
17.99715,81.15189,330.07,0.39,0.36,2021-03-24,745,N20,VIIRS,l,2,304.55,3.67,D,0
17.99952,80.94863,340.54,0.39,0.36,2021-03-24,745,N20,VIIRS,n,2,309.21,2.53,D,0
18.00158,80.91811,342.88,0.39,0.36,2021-03-24,745,N20,VIIRS,n,2,309.73,4.58,D,0
18.00456,80.72432,340.25,0.4,0.37,2021-03-24,745,N20,VIIRS,n,2,311.08,4.09,D,0
18.00614,80.14167,349.99,0.41,0.37,2021-03-24,745,N20,VIIRS,n,2,311.17,10.81,D,0
18.00653,81.14664,332.39,0.39,0.36,2021-03-24,745,N20,VIIRS,l,2,303.02,2.69,D,0
18.00746,81.48108,340.51,0.39,0.36,2021-03-24,745,N20,VIIRS,n,2,309.51,0.71,D,0
18.00811,80.61708,343.13,0.4,0.37,2021-03-24,745,N20,VIIRS,n,2,309.63,3.31,D,0
18.00817,80.37914,331.63,0.4,0.37,2021-03-24,745,N20,VIIRS,l,2,306.6,1.48,D,0
18.00877,80.3829,343.26,0.4,0.37,2021-03-24,745,N20,VIIRS,n,2,307.47,3.99,D,0
18.01107,81.37283,337.11,0.39,0.36,2021-03-24,745,N20,VIIRS,l,2,311.47,4.12,D,0
18.01282,80.51682,334.73,0.4,0.37,2021-03-24,745,N20,VIIRS,l,2,309.01,4.2,D,0
18.01371,81.14909,336.01,0.39,0.36,2021-03-24,745,N20,VIIRS,n,2,304.31,4.06,D,0
18.01682,80.34662,340.42,0.4,0.37,2021-03-24,745,N20,VIIRS,l,2,308.01,4.44,D,0
18.01926,81.16296,337.2,0.39,0.36,2021-03-24,745,N20,VIIRS,n,2,306.51,3.37,D,0
18.01968,81.297,336.06,0.39,0.36,2021-03-24,745,N20,VIIRS,l,2,309.04,2.18,D,0
18.02201,81.15879,332.39,0.39,0.36,2021-03-24,745,N20,VIIRS,l,2,304.68,2.09,D,0
18.02402,81.10605,335.22,0.39,0.36,2021-03-24,745,N20,VIIRS,n,2,305.67,1.96,D,0
18.02459,81.1097,331.21,0.39,0.36,2021-03-24,745,N20,VIIRS,l,2,304.74,1.63,D,0
18.02506,81.09078,338.3,0.39,0.36,2021-03-24,745,N20,VIIRS,n,2,306.08,4.0,D,0
18.02733,81.10542,335.04,0.39,0.36,2021-03-24,745,N20,VIIRS,l,2,305.73,2.45,D,0
18.02781,81.08655,341.65,0.39,0.36,2021-03-24,745,N20,VIIRS,n,2,307.67,4.0,D,0
18.02789,81.10904,336.58,0.39,0.36,2021-03-24,745,N20,VIIRS,l,2,306.86,5.11,D,0
18.02838,81.09023,341.51,0.39,0.36,2021-03-24,745,N20,VIIRS,n,2,307.4,4.0,D,0
18.02961,81.29537,333.33,0.39,0.36,2021-03-24,745,N20,VIIRS,l,2,306.1,1.94,D,0
18.03168,81.08964,336.27,0.39,0.36,2021-03-24,745,N20,VIIRS,l,2,307.02,4.49,D,0
18.03185,80.33235,335.72,0.4,0.37,2021-03-24,745,N20,VIIRS,l,2,306.15,1.99,D,0
18.03245,80.33614,338.72,0.4,0.37,2021-03-24,745,N20,VIIRS,n,2,306.12,1.99,D,0
18.03407,80.33551,338.23,0.4,0.37,2021-03-24,745,N20,VIIRS,l,2,306.82,2.36,D,0
18.03459,81.30566,337.6,0.39,0.36,2021-03-24,745,N20,VIIRS,l,2,308.86,1.99,D,0
18.03469,80.33929,340.16,0.4,0.37,2021-03-24,745,N20,VIIRS,n,2,306.99,3.39,D,0
18.03683,80.33115,337.56,0.4,0.37,2021-03-24,745,N20,VIIRS,n,2,306.29,2.36,D,0
18.03876,81.44243,336.81,0.39,0.36,2021-03-24,745,N20,VIIRS,l,2,310.22,3.98,D,0
18.03879,81.0696,335.49,0.39,0.36,2021-03-24,745,N20,VIIRS,l,2,307.76,2.73,D,0
18.0415,81.43826,346.58,0.39,0.36,2021-03-24,745,N20,VIIRS,n,2,310.37,6.81,D,0
18.04206,81.44188,345.85,0.39,0.36,2021-03-24,745,N20,VIIRS,n,2,312.25,3.98,D,0
18.04261,81.4455,342.68,0.39,0.36,2021-03-24,745,N20,VIIRS,n,2,309.06,3.98,D,0
18.04344,81.31902,343.64,0.39,0.36,2021-03-24,745,N20,VIIRS,n,2,309.28,4.36,D,0
18.044,81.32265,338.13,0.39,0.36,2021-03-24,745,N20,VIIRS,n,2,307.83,2.4,D,0
18.04476,81.41543,335.62,0.39,0.36,2021-03-24,745,N20,VIIRS,l,2,308.86,3.67,D,0
18.04618,81.31484,345.55,0.39,0.36,2021-03-24,745,N20,VIIRS,n,2,308.79,4.94,D,0
18.04763,81.23641,338.36,0.39,0.36,2021-03-24,745,N20,VIIRS,n,2,307.96,4.78,D,0
18.05004,80.26274,332.43,0.4,0.37,2021-03-24,745,N20,VIIRS,l,2,307.03,1.75,D,0
18.05037,81.47386,336.83,0.39,0.36,2021-03-24,745,N20,VIIRS,l,2,310.01,2.0,D,0
18.05055,81.29922,338.97,0.39,0.36,2021-03-24,745,N20,VIIRS,l,2,309.35,2.84,D,0
18.05223,80.1255,340.17,0.41,0.37,2021-03-24,745,N20,VIIRS,l,2,310.13,2.99,D,0
18.05561,80.12489,346.77,0.41,0.37,2021-03-24,745,N20,VIIRS,l,2,310.65,5.35,D,0
18.059,81.37592,335.52,0.39,0.36,2021-03-24,745,N20,VIIRS,l,2,306.4,0.73,D,0
18.06174,81.37174,337.11,0.39,0.36,2021-03-24,745,N20,VIIRS,l,2,308.5,4.43,D,0
18.0623,81.37536,337.64,0.39,0.36,2021-03-24,745,N20,VIIRS,l,2,309.15,4.43,D,0
18.06479,81.25955,335.13,0.39,0.36,2021-03-24,745,N20,VIIRS,l,2,309.04,2.64,D,0
18.06712,80.59927,337.51,0.4,0.37,2021-03-24,745,N20,VIIRS,l,2,310.07,4.65,D,0
18.06914,80.12247,337.87,0.41,0.37,2021-03-24,745,N20,VIIRS,l,2,309.92,3.56,D,0
18.06964,80.25536,339.3,0.4,0.37,2021-03-24,745,N20,VIIRS,n,2,308.7,2.63,D,0
18.06997,81.35918,334.71,0.39,0.36,2021-03-24,745,N20,VIIRS,l,2,307.76,1.74,D,0
18.07047,80.59869,336.33,0.4,0.37,2021-03-24,745,N20,VIIRS,l,2,309.82,1.91,D,0
18.07105,80.60242,336.6,0.4,0.37,2021-03-24,745,N20,VIIRS,n,2,309.84,2.21,D,0
18.07252,80.12187,352.36,0.41,0.37,2021-03-24,745,N20,VIIRS,n,2,312.78,3.56,D,0
18.07281,80.61359,341.33,0.4,0.37,2021-03-24,745,N20,VIIRS,n,2,307.95,4.19,D,0
18.07314,80.1257,338.46,0.41,0.37,2021-03-24,745,N20,VIIRS,l,2,311.61,3.56,D,0
18.07358,81.25022,334.39,0.39,0.36,2021-03-24,745,N20,VIIRS,l,2,309.12,2.64,D,0
18.07591,80.12128,343.77,0.41,0.37,2021-03-24,745,N20,VIIRS,l,2,310.72,4.91,D,0
18.07611,80.59724,335.54,0.4,0.37,2021-03-24,745,N20,VIIRS,l,2,307.66,1.88,D,0
18.07615,80.61298,348.74,0.4,0.37,2021-03-24,745,N20,VIIRS,n,2,309.35,4.19,D,0
18.07705,81.31709,338.0,0.39,0.36,2021-03-24,745,N20,VIIRS,n,2,307.43,1.71,D,0
18.07803,80.9084,346.48,0.39,0.36,2021-03-24,745,N20,VIIRS,n,2,310.16,2.98,D,0
18.07842,80.3317,336.07,0.4,0.37,2021-03-24,745,N20,VIIRS,n,2,305.53,1.47,D,0
18.07918,80.91575,356.11,0.39,0.36,2021-03-24,745,N20,VIIRS,n,2,310.61,7.76,D,0
18.08033,80.9231,336.85,0.39,0.36,2021-03-24,745,N20,VIIRS,n,2,308.7,2.6,D,0
18.08078,80.90416,338.93,0.39,0.36,2021-03-24,745,N20,VIIRS,n,2,308.42,2.98,D,0
18.08135,80.90783,338.27,0.39,0.36,2021-03-24,745,N20,VIIRS,n,2,307.49,2.98,D,0
18.08204,81.30467,335.82,0.39,0.36,2021-03-24,745,N20,VIIRS,l,2,309.33,3.08,D,0
18.08629,80.55341,337.1,0.4,0.37,2021-03-24,745,N20,VIIRS,l,2,310.43,2.09,D,0
18.08688,80.55714,337.5,0.4,0.37,2021-03-24,745,N20,VIIRS,l,2,307.65,2.09,D,0
18.08696,80.34185,332.13,0.4,0.37,2021-03-24,745,N20,VIIRS,l,2,305.39,1.09,D,0
18.0871,81.05358,335.87,0.39,0.36,2021-03-24,745,N20,VIIRS,l,2,309.6,5.27,D,0
18.0889,81.48222,336.9,0.39,0.36,2021-03-24,745,N20,VIIRS,l,2,310.02,1.88,D,0
18.08985,81.33315,335.41,0.39,0.36,2021-03-24,745,N20,VIIRS,l,2,307.57,1.27,D,0
18.09023,80.55655,335.84,0.4,0.37,2021-03-24,745,N20,VIIRS,l,2,309.28,2.21,D,0
18.09032,80.34126,343.68,0.4,0.37,2021-03-24,745,N20,VIIRS,l,2,306.66,5.35,D,0
18.09357,80.55596,338.03,0.4,0.37,2021-03-24,745,N20,VIIRS,l,2,309.85,2.21,D,0
18.09496,81.49973,345.26,0.39,0.36,2021-03-24,745,N20,VIIRS,n,2,311.02,3.9,D,0
18.09557,80.59003,342.22,0.4,0.37,2021-03-24,745,N20,VIIRS,l,2,310.07,4.02,D,0
18.0974,80.32067,332.97,0.4,0.37,2021-03-24,745,N20,VIIRS,l,2,306.39,2.53,D,0
18.09827,81.49918,347.8,0.39,0.36,2021-03-24,745,N20,VIIRS,n,2,308.24,3.9,D,0
18.0994,80.46294,334.65,0.4,0.37,2021-03-24,745,N20,VIIRS,l,2,309.16,2.99,D,0
18.09962,81.2868,337.33,0.39,0.36,2021-03-24,745,N20,VIIRS,n,2,309.53,2.99,D,0
18.09977,80.82915,337.45,0.39,0.36,2021-03-24,745,N20,VIIRS,l,2,310.39,2.41,D,0
18.10275,80.46236,341.41,0.4,0.37,2021-03-24,745,N20,VIIRS,l,2,309.08,4.9,D,0
18.10278,81.43865,341.41,0.39,0.36,2021-03-24,745,N20,VIIRS,n,2,309.72,2.11,D,0
18.10484,80.28051,335.86,0.4,0.37,2021-03-24,745,N20,VIIRS,l,2,308.35,1.99,D,0
18.10536,81.36768,332.98,0.39,0.36,2021-03-24,745,N20,VIIRS,l,2,307.15,2.95,D,0
18.10542,81.38996,342.18,0.39,0.36,2021-03-24,745,N20,VIIRS,n,2,309.09,3.73,D,0
18.10559,80.58826,339.53,0.4,0.37,2021-03-24,745,N20,VIIRS,l,2,311.74,7.49,D,0
18.10649,81.37492,341.97,0.39,0.36,2021-03-24,745,N20,VIIRS,n,2,309.37,3.2,D,0
18.10693,81.33398,332.97,0.39,0.36,2021-03-24,745,N20,VIIRS,l,2,307.79,1.25,D,0
18.1103,81.35572,334.28,0.39,0.36,2021-03-24,745,N20,VIIRS,l,2,307.42,3.4,D,0
18.1111,81.47065,335.36,0.39,0.36,2021-03-24,745,N20,VIIRS,l,2,309.13,1.13,D,0
18.11141,81.36296,335.9,0.39,0.36,2021-03-24,745,N20,VIIRS,l,2,307.26,3.48,D,0
18.11157,81.42976,344.29,0.39,0.36,2021-03-24,745,N20,VIIRS,n,2,310.21,4.52,D,0
18.11213,81.43337,344.3,0.39,0.36,2021-03-24,745,N20,VIIRS,n,2,311.28,4.52,D,0
18.11303,80.31023,340.56,0.4,0.37,2021-03-24,745,N20,VIIRS,l,2,307.83,4.96,D,0
18.11304,81.35155,333.54,0.39,0.36,2021-03-24,745,N20,VIIRS,l,2,307.65,1.88,D,0
18.11519,80.30206,337.47,0.4,0.37,2021-03-24,745,N20,VIIRS,n,2,305.51,4.03,D,0
18.11579,80.30585,337.53,0.4,0.37,2021-03-24,745,N20,VIIRS,l,2,308.59,4.03,D,0
18.11594,81.41418,336.38,0.39,0.36,2021-03-24,745,N20,VIIRS,l,2,311.09,2.46,D,0
18.11639,80.30963,344.19,0.4,0.37,2021-03-24,745,N20,VIIRS,l,2,311.03,4.96,D,0
18.11672,80.78797,341.17,0.39,0.36,2021-03-24,745,N20,VIIRS,n,2,308.06,2.37,D,0
18.11699,80.3134,334.27,0.4,0.37,2021-03-24,745,N20,VIIRS,l,2,308.41,4.96,D,0
18.11752,80.74984,336.96,0.39,0.36,2021-03-24,745,N20,VIIRS,l,2,308.55,1.17,D,0
18.11795,80.29767,334.49,0.4,0.37,2021-03-24,745,N20,VIIRS,l,2,307.74,3.58,D,0
18.11855,80.30148,339.64,0.4,0.37,2021-03-24,745,N20,VIIRS,l,2,309.57,4.05,D,0
18.11878,80.3246,330.74,0.4,0.37,2021-03-24,745,N20,VIIRS,l,2,304.91,4.42,D,0
18.11916,80.30526,336.49,0.4,0.37,2021-03-24,745,N20,VIIRS,l,2,309.2,4.05,D,0
18.11937,80.32834,343.54,0.4,0.37,2021-03-24,745,N20,VIIRS,n,2,306.76,4.42,D,0
18.11988,80.4401,337.65,0.4,0.37,2021-03-24,745,N20,VIIRS,l,2,308.79,3.42,D,0
18.12014,81.33173,339.65,0.39,0.36,2021-03-24,745,N20,VIIRS,l,2,310.15,3.95,D,0
18.12063,80.79109,338.37,0.39,0.36,2021-03-24,745,N20,VIIRS,n,2,308.62,2.66,D,0
18.12122,80.79478,338.05,0.39,0.36,2021-03-24,745,N20,VIIRS,n,2,307.82,2.66,D,0
18.12214,80.32397,333.78,0.4,0.37,2021-03-24,745,N20,VIIRS,n,2,305.82,11.3,D,0
18.12273,80.32772,341.41,0.4,0.37,2021-03-24,745,N20,VIIRS,n,2,310.11,11.3,D,0
18.12313,80.82849,347.3,0.39,0.36,2021-03-24,745,N20,VIIRS,n,2,311.19,3.19,D,0
18.12324,80.43951,335.47,0.4,0.37,2021-03-24,745,N20,VIIRS,l,2,308.31,3.42,D,0
18.12514,80.79794,354.08,0.39,0.36,2021-03-24,745,N20,VIIRS,n,2,308.76,7.31,D,0
18.12545,80.56186,346.46,0.4,0.37,2021-03-24,745,N20,VIIRS,n,2,309.31,5.35,D,0
18.12648,80.30779,337.23,0.4,0.37,2021-03-24,745,N20,VIIRS,l,2,307.43,1.73,D,0
18.12662,80.50423,351.73,0.4,0.37,2021-03-24,745,N20,VIIRS,n,2,312.23,7.23,D,0
18.12669,80.33088,332.94,0.4,0.37,2021-03-24,745,N20,VIIRS,l,2,306.73,2.11,D,0
18.12715,81.11414,336.61,0.39,0.36,2021-03-24,745,N20,VIIRS,l,2,309.37,2.42,D,0
18.12997,80.50364,351.0,0.4,0.37,2021-03-24,745,N20,VIIRS,n,2,312.68,10.03,D,0
18.13043,80.31091,336.56,0.4,0.37,2021-03-24,745,N20,VIIRS,l,2,308.44,1.73,D,0
18.13056,80.50738,336.27,0.4,0.37,2021-03-24,745,N20,VIIRS,l,2,309.15,1.32,D,0
18.13142,81.44868,343.44,0.39,0.36,2021-03-24,745,N20,VIIRS,n,2,310.97,3.1,D,0
18.13223,81.32224,335.11,0.39,0.36,2021-03-24,745,N20,VIIRS,l,2,309.71,1.61,D,0
18.1371,81.2879,334.57,0.39,0.36,2021-03-24,745,N20,VIIRS,l,2,309.13,2.44,D,0
18.13766,81.29153,336.02,0.39,0.36,2021-03-24,745,N20,VIIRS,l,2,311.01,2.38,D,0
18.13805,80.53291,341.07,0.4,0.37,2021-03-24,745,N20,VIIRS,n,2,310.18,5.08,D,0
18.14021,80.52487,337.79,0.4,0.37,2021-03-24,745,N20,VIIRS,l,2,310.11,2.7,D,0
18.14034,81.265,338.79,0.39,0.36,2021-03-24,745,N20,VIIRS,n,2,307.91,3.35,D,0
18.1408,80.52859,341.07,0.4,0.37,2021-03-24,745,N20,VIIRS,n,2,310.05,2.33,D,0
18.1409,81.26863,336.1,0.39,0.36,2021-03-24,745,N20,VIIRS,l,2,308.19,1.72,D,0
18.14139,80.53231,340.36,0.4,0.37,2021-03-24,745,N20,VIIRS,n,2,309.33,2.33,D,0
18.14147,81.27225,334.4,0.39,0.36,2021-03-24,745,N20,VIIRS,l,2,308.11,1.72,D,0
18.14159,81.31694,338.2,0.39,0.36,2021-03-24,745,N20,VIIRS,l,2,311.03,5.07,D,0
18.14208,80.92705,336.19,0.39,0.36,2021-03-24,745,N20,VIIRS,n,2,308.47,2.15,D,0
18.14309,80.9118,342.38,0.39,0.36,2021-03-24,745,N20,VIIRS,n,2,307.99,4.2,D,0
18.14379,81.13382,340.03,0.39,0.36,2021-03-24,745,N20,VIIRS,n,2,308.39,2.62,D,0
18.14431,80.35484,334.84,0.4,0.37,2021-03-24,745,N20,VIIRS,l,2,306.76,1.45,D,0
18.14533,81.27534,332.98,0.39,0.36,2021-03-24,745,N20,VIIRS,l,2,307.96,2.65,D,0
18.14641,80.91122,337.01,0.39,0.36,2021-03-24,745,N20,VIIRS,l,2,308.38,1.92,D,0
18.14671,80.95645,337.83,0.39,0.36,2021-03-24,745,N20,VIIRS,n,2,307.28,3.3,D,0
18.14713,80.85075,349.43,0.39,0.36,2021-03-24,745,N20,VIIRS,n,2,309.27,5.4,D,0
18.148,80.89964,337.01,0.39,0.36,2021-03-24,745,N20,VIIRS,l,2,309.6,2.49,D,0
18.14872,80.9259,338.42,0.39,0.36,2021-03-24,745,N20,VIIRS,l,2,308.81,3.51,D,0
18.15147,80.92167,341.01,0.39,0.36,2021-03-24,745,N20,VIIRS,n,2,308.63,3.51,D,0
18.15204,80.92534,336.91,0.39,0.36,2021-03-24,745,N20,VIIRS,l,2,308.41,3.51,D,0
18.15234,80.8838,334.42,0.39,0.36,2021-03-24,745,N20,VIIRS,l,2,308.1,1.89,D,0
18.15954,80.97308,336.7,0.39,0.36,2021-03-24,745,N20,VIIRS,l,2,307.61,2.04,D,0
18.16114,80.96153,331.87,0.39,0.36,2021-03-24,745,N20,VIIRS,l,2,306.52,1.09,D,0
18.16141,81.31358,337.04,0.39,0.36,2021-03-24,745,N20,VIIRS,l,2,310.81,1.69,D,0
18.16229,80.96886,337.5,0.39,0.36,2021-03-24,745,N20,VIIRS,n,2,306.73,4.69,D,0
18.16665,80.86625,347.11,0.39,0.36,2021-03-24,745,N20,VIIRS,n,2,309.73,4.4,D,0
18.17706,80.84562,333.84,0.39,0.36,2021-03-24,745,N20,VIIRS,l,2,308.34,4.35,D,0
18.17937,81.1869,342.24,0.39,0.36,2021-03-24,745,N20,VIIRS,n,2,308.47,16.1,D,0
18.17994,81.19054,348.01,0.39,0.36,2021-03-24,745,N20,VIIRS,n,2,314.53,16.1,D,0
18.181,81.48487,335.95,0.39,0.36,2021-03-24,745,N20,VIIRS,l,2,307.09,1.25,D,0
18.18123,81.24252,340.05,0.39,0.36,2021-03-24,745,N20,VIIRS,n,2,309.1,2.33,D,0
18.18211,81.1827,335.56,0.39,0.36,2021-03-24,745,N20,VIIRS,l,2,309.08,2.06,D,0
18.18324,81.18999,338.59,0.39,0.36,2021-03-24,745,N20,VIIRS,n,2,308.27,3.11,D,0
18.1841,80.91231,346.4,0.39,0.36,2021-03-24,745,N20,VIIRS,n,2,310.11,21.85,D,0
18.18428,81.17485,334.06,0.39,0.36,2021-03-24,745,N20,VIIRS,l,2,308.77,2.11,D,0
18.18456,81.11124,345.65,0.39,0.36,2021-03-24,745,N20,VIIRS,n,2,309.88,3.4,D,0
18.18922,80.83604,343.66,0.39,0.36,2021-03-24,745,N20,VIIRS,n,2,308.72,3.28,D,0
18.18975,81.4537,341.01,0.39,0.36,2021-03-24,745,N20,VIIRS,n,2,308.97,2.96,D,0
18.19128,81.13253,341.44,0.39,0.36,2021-03-24,745,N20,VIIRS,n,2,310.02,4.23,D,0
18.19235,81.3604,341.49,0.39,0.36,2021-03-24,745,N20,VIIRS,n,2,310.26,3.22,D,0
18.19354,81.41222,337.24,0.39,0.36,2021-03-24,745,N20,VIIRS,l,2,310.04,2.21,D,0
18.1941,81.41584,335.25,0.39,0.36,2021-03-24,745,N20,VIIRS,l,2,310.11,1.82,D,0
18.19833,81.24336,335.71,0.39,0.36,2021-03-24,745,N20,VIIRS,l,2,309.24,1.7,D,0
18.20351,81.4551,336.19,0.39,0.36,2021-03-24,745,N20,VIIRS,l,2,310.04,2.35,D,0
18.20599,81.22716,335.26,0.39,0.36,2021-03-24,745,N20,VIIRS,l,2,307.2,3.04,D,0
18.20691,81.34243,343.35,0.39,0.36,2021-03-24,745,N20,VIIRS,n,2,309.89,5.56,D,0
18.20826,80.87045,334.0,0.39,0.36,2021-03-24,745,N20,VIIRS,l,2,307.15,2.57,D,0
18.20941,80.87778,339.82,0.39,0.36,2021-03-24,745,N20,VIIRS,n,2,308.0,3.05,D,0
18.20945,81.27129,336.04,0.39,0.36,2021-03-24,745,N20,VIIRS,l,2,310.26,2.95,D,0
18.21001,81.27492,339.45,0.39,0.36,2021-03-24,745,N20,VIIRS,l,2,309.71,2.95,D,0
18.21043,80.86251,336.03,0.39,0.36,2021-03-24,745,N20,VIIRS,l,2,307.73,2.29,D,0
18.21216,80.87355,349.38,0.39,0.36,2021-03-24,745,N20,VIIRS,n,2,310.32,3.05,D,0
18.21226,81.28944,334.26,0.39,0.36,2021-03-24,745,N20,VIIRS,l,2,308.45,1.5,D,0
18.21273,80.87722,338.06,0.39,0.36,2021-03-24,745,N20,VIIRS,l,2,309.47,3.05,D,0
18.21295,81.33769,337.4,0.39,0.36,2021-03-24,745,N20,VIIRS,l,2,310.7,1.93,D,0
18.21332,81.27436,342.41,0.39,0.36,2021-03-24,745,N20,VIIRS,n,2,309.22,2.95,D,0
18.21557,81.28887,335.11,0.39,0.36,2021-03-24,745,N20,VIIRS,l,2,308.95,1.5,D,0
18.2172,80.884,339.51,0.39,0.36,2021-03-24,745,N20,VIIRS,n,2,309.43,2.64,D,0
18.21817,81.24003,338.02,0.39,0.36,2021-03-24,745,N20,VIIRS,l,2,308.51,2.65,D,0
18.21866,81.22132,336.21,0.39,0.36,2021-03-24,745,N20,VIIRS,l,2,307.67,2.23,D,0
18.21964,81.18384,345.0,0.39,0.36,2021-03-24,745,N20,VIIRS,n,2,306.92,4.64,D,0
18.21983,80.8571,336.26,0.39,0.36,2021-03-24,745,N20,VIIRS,l,2,308.7,4.73,D,0
18.22429,81.25761,342.3,0.39,0.36,2021-03-24,745,N20,VIIRS,n,2,310.22,3.71,D,0
18.22604,81.29082,337.81,0.39,0.36,2021-03-24,745,N20,VIIRS,n,2,308.14,2.37,D,0
18.2266,81.29446,342.79,0.39,0.36,2021-03-24,745,N20,VIIRS,n,2,309.24,2.37,D,0
18.22822,81.283,349.9,0.39,0.36,2021-03-24,745,N20,VIIRS,n,2,310.09,4.66,D,0
18.22991,81.2939,345.79,0.39,0.36,2021-03-24,745,N20,VIIRS,n,2,308.7,2.37,D,0
18.23209,81.28609,337.21,0.39,0.36,2021-03-24,745,N20,VIIRS,l,2,308.88,4.53,D,0
18.23807,81.259,336.99,0.39,0.36,2021-03-24,745,N20,VIIRS,l,2,309.6,4.32,D,0
18.23906,81.22155,336.26,0.39,0.36,2021-03-24,745,N20,VIIRS,n,2,307.64,2.6,D,0
18.23999,81.35918,335.9,0.39,0.36,2021-03-24,745,N20,VIIRS,l,2,308.39,2.69,D,0
18.24237,81.22099,342.07,0.39,0.36,2021-03-24,745,N20,VIIRS,n,2,309.67,3.17,D,0
18.24244,81.24335,334.09,0.39,0.36,2021-03-24,745,N20,VIIRS,l,2,309.05,1.97,D,0
18.2466,81.35811,335.31,0.39,0.36,2021-03-24,745,N20,VIIRS,l,2,306.3,3.56,D,0
18.24932,81.15631,333.23,0.39,0.36,2021-03-24,745,N20,VIIRS,l,2,307.44,1.36,D,0
18.25466,81.27859,335.58,0.39,0.36,2021-03-24,745,N20,VIIRS,n,2,304.71,3.1,D,0
18.25493,81.39019,345.55,0.39,0.36,2021-03-24,745,N20,VIIRS,n,2,305.92,5.86,D,0
18.2629,81.26609,334.43,0.39,0.36,2021-03-24,745,N20,VIIRS,n,2,304.3,3.27,D,0
18.27151,81.4319,335.76,0.39,0.36,2021-03-24,745,N20,VIIRS,l,2,306.5,2.47,D,0
18.27232,81.28323,336.19,0.39,0.36,2021-03-24,745,N20,VIIRS,n,2,304.33,3.78,D,0
18.27262,81.19716,342.05,0.39,0.36,2021-03-24,745,N20,VIIRS,n,2,308.74,2.49,D,0
18.27288,81.28687,350.92,0.39,0.36,2021-03-24,745,N20,VIIRS,n,2,304.54,3.78,D,0
18.27536,81.19296,335.07,0.39,0.36,2021-03-24,745,N20,VIIRS,l,2,308.02,2.49,D,0
18.2881,81.49585,340.14,0.39,0.36,2021-03-24,745,N20,VIIRS,n,2,307.71,2.83,D,0
17.74379,77.576,338.71,0.53,0.42,2021-03-24,746,N20,VIIRS,l,2,313.22,5.33,D,0
17.7896,77.59565,343.21,0.53,0.42,2021-03-24,746,N20,VIIRS,n,2,312.09,6.65,D,0
17.78992,77.5928,337.62,0.53,0.42,2021-03-24,746,N20,VIIRS,l,2,310.17,6.47,D,0
17.92411,78.31531,336.92,0.48,0.4,2021-03-24,746,N20,VIIRS,l,2,306.97,3.74,D,0
17.92828,77.58616,337.41,0.53,0.42,2021-03-24,746,N20,VIIRS,l,2,310.18,5.75,D,0
17.96503,77.24637,338.65,0.55,0.43,2021-03-24,746,N20,VIIRS,l,2,312.44,8.1,D,0
18.08723,78.34641,340.56,0.48,0.4,2021-03-24,746,N20,VIIRS,n,2,306.15,5.77,D,0
18.13713,80.23573,337.03,0.4,0.37,2021-03-24,746,N20,VIIRS,n,2,310.12,2.8,D,0
18.14114,80.28194,342.78,0.4,0.37,2021-03-24,746,N20,VIIRS,n,2,310.46,7.34,D,0
18.14593,80.3545,336.52,0.4,0.37,2021-03-24,746,N20,VIIRS,l,2,307.43,1.85,D,0
18.14693,79.28458,332.86,0.43,0.38,2021-03-24,746,N20,VIIRS,l,2,305.16,3.44,D,0
18.15428,80.21307,338.19,0.41,0.37,2021-03-24,746,N20,VIIRS,n,2,309.52,2.87,D,0
18.18372,80.48255,340.81,0.4,0.37,2021-03-24,746,N20,VIIRS,l,2,311.15,3.64,D,0
18.19175,80.44656,341.56,0.4,0.37,2021-03-24,746,N20,VIIRS,n,2,307.71,3.55,D,0
18.20014,78.10323,339.54,0.49,0.4,2021-03-24,746,N20,VIIRS,n,2,309.41,5.8,D,0
18.20167,79.89795,341.39,0.41,0.37,2021-03-24,746,N20,VIIRS,n,2,312.89,11.59,D,0
18.20194,80.40247,334.32,0.4,0.37,2021-03-24,746,N20,VIIRS,l,2,309.03,3.26,D,0
18.2023,79.90182,344.48,0.41,0.37,2021-03-24,746,N20,VIIRS,n,2,312.03,6.72,D,0
18.2057,79.90119,338.42,0.41,0.37,2021-03-24,746,N20,VIIRS,l,2,311.1,6.72,D,0
18.21164,80.42003,339.6,0.4,0.37,2021-03-24,746,N20,VIIRS,l,2,311.91,3.91,D,0
18.21641,80.44997,341.81,0.4,0.37,2021-03-24,746,N20,VIIRS,l,2,308.24,5.18,D,0
18.21731,80.26048,337.45,0.4,0.37,2021-03-24,746,N20,VIIRS,l,2,310.16,4.92,D,0
18.22351,79.83837,354.39,0.42,0.37,2021-03-24,746,N20,VIIRS,n,2,310.46,8.88,D,0
18.22392,80.30201,336.52,0.4,0.37,2021-03-24,746,N20,VIIRS,l,2,307.92,2.34,D,0
18.22414,79.84225,344.61,0.41,0.37,2021-03-24,746,N20,VIIRS,l,2,313.79,27.14,D,0
18.22592,80.8558,336.89,0.39,0.36,2021-03-24,746,N20,VIIRS,l,2,307.93,2.24,D,0
18.22721,80.40958,344.27,0.4,0.37,2021-03-24,746,N20,VIIRS,n,2,310.7,5.93,D,0
18.22754,79.84164,349.66,0.41,0.37,2021-03-24,746,N20,VIIRS,n,2,313.69,10.28,D,0
18.22905,79.82934,340.42,0.42,0.37,2021-03-24,746,N20,VIIRS,l,2,311.81,6.13,D,0
18.23021,77.57529,336.62,0.52,0.42,2021-03-24,746,N20,VIIRS,l,2,311.37,3.87,D,0
18.23057,80.409,343.43,0.4,0.37,2021-03-24,746,N20,VIIRS,n,2,311.09,3.36,D,0
18.23062,80.66933,336.83,0.4,0.37,2021-03-24,746,N20,VIIRS,l,2,310.0,1.89,D,0
18.23435,79.84035,342.52,0.41,0.37,2021-03-24,746,N20,VIIRS,l,2,310.22,5.13,D,0
18.23523,79.82416,338.56,0.42,0.37,2021-03-24,746,N20,VIIRS,l,2,311.1,5.92,D,0
18.23689,80.83881,334.15,0.39,0.36,2021-03-24,746,N20,VIIRS,l,2,308.63,2.27,D,0
18.23782,80.73647,338.48,0.39,0.36,2021-03-24,746,N20,VIIRS,l,2,310.21,2.42,D,0
18.23864,79.82355,345.07,0.42,0.37,2021-03-24,746,N20,VIIRS,n,2,311.71,5.18,D,0
18.23927,79.82748,346.74,0.42,0.37,2021-03-24,746,N20,VIIRS,n,2,314.46,5.18,D,0
18.24159,78.02026,346.16,0.49,0.41,2021-03-24,746,N20,VIIRS,n,2,310.24,13.42,D,0
18.24205,79.82294,339.92,0.42,0.37,2021-03-24,746,N20,VIIRS,l,2,311.75,5.18,D,0
18.24238,78.02484,334.51,0.49,0.41,2021-03-24,746,N20,VIIRS,l,2,307.57,3.33,D,0
18.24318,78.02942,333.75,0.49,0.41,2021-03-24,746,N20,VIIRS,l,2,307.46,3.33,D,0
18.2439,80.73163,348.32,0.39,0.36,2021-03-24,746,N20,VIIRS,n,2,311.84,5.15,D,0
18.24464,80.20522,334.11,0.4,0.37,2021-03-24,746,N20,VIIRS,l,2,308.85,3.9,D,0
18.24782,80.73476,356.0,0.39,0.36,2021-03-24,746,N20,VIIRS,n,2,312.17,7.69,D,0
18.24819,80.86714,333.48,0.39,0.36,2021-03-24,746,N20,VIIRS,l,2,308.13,2.56,D,0
18.2484,80.73846,343.71,0.39,0.36,2021-03-24,746,N20,VIIRS,n,2,311.19,3.06,D,0
18.24898,80.74215,344.96,0.39,0.36,2021-03-24,746,N20,VIIRS,n,2,311.25,3.06,D,0
18.25231,80.74158,338.62,0.39,0.36,2021-03-24,746,N20,VIIRS,l,2,310.29,3.06,D,0
18.25524,80.76011,340.52,0.39,0.36,2021-03-24,746,N20,VIIRS,n,2,308.98,5.73,D,0
18.25589,80.69918,337.1,0.39,0.37,2021-03-24,746,N20,VIIRS,l,2,311.27,5.75,D,0
18.258,80.40804,336.93,0.4,0.37,2021-03-24,746,N20,VIIRS,l,2,310.89,2.58,D,0
18.26542,80.2911,332.67,0.4,0.37,2021-03-24,746,N20,VIIRS,l,2,307.31,8.68,D,0
18.26708,80.38739,337.77,0.4,0.37,2021-03-24,746,N20,VIIRS,l,2,309.6,1.99,D,0
18.26878,80.29051,344.04,0.4,0.37,2021-03-24,746,N20,VIIRS,l,2,310.32,8.68,D,0
18.26971,80.61298,340.18,0.4,0.37,2021-03-24,746,N20,VIIRS,l,2,312.29,2.73,D,0
18.26999,80.29803,335.4,0.4,0.37,2021-03-24,746,N20,VIIRS,l,2,307.78,2.46,D,0
18.27116,80.81784,337.58,0.39,0.36,2021-03-24,746,N20,VIIRS,l,2,308.48,1.76,D,0
18.27173,80.82151,334.38,0.39,0.36,2021-03-24,746,N20,VIIRS,l,2,307.99,1.76,D,0
18.27354,80.36313,337.34,0.4,0.37,2021-03-24,746,N20,VIIRS,l,2,308.43,3.91,D,0
18.27372,80.23518,334.5,0.4,0.37,2021-03-24,746,N20,VIIRS,l,2,309.22,1.57,D,0
18.2739,80.81361,337.51,0.39,0.36,2021-03-24,746,N20,VIIRS,l,2,310.31,4.07,D,0
18.27444,80.06697,339.87,0.41,0.37,2021-03-24,746,N20,VIIRS,l,2,308.02,2.69,D,0
18.27448,80.81727,339.1,0.39,0.36,2021-03-24,746,N20,VIIRS,l,2,309.41,2.9,D,0
18.27568,80.07465,336.6,0.41,0.37,2021-03-24,746,N20,VIIRS,l,2,307.58,4.23,D,0
18.27689,80.36253,346.77,0.4,0.37,2021-03-24,746,N20,VIIRS,n,2,307.99,2.9,D,0
18.27721,80.06254,333.91,0.41,0.37,2021-03-24,746,N20,VIIRS,n,2,308.56,2.12,D,0
18.27783,80.06639,335.59,0.41,0.37,2021-03-24,746,N20,VIIRS,l,2,308.5,2.12,D,0
18.28025,80.36195,334.21,0.4,0.37,2021-03-24,746,N20,VIIRS,l,2,307.39,2.9,D,0
18.28068,80.30003,349.41,0.4,0.37,2021-03-24,746,N20,VIIRS,n,2,310.27,4.69,D,0
18.28083,80.85771,337.28,0.39,0.36,2021-03-24,746,N20,VIIRS,l,2,309.88,3.35,D,0
18.2812,80.72964,335.66,0.39,0.36,2021-03-24,746,N20,VIIRS,l,2,310.1,3.27,D,0
18.28128,80.30379,341.92,0.4,0.37,2021-03-24,746,N20,VIIRS,n,2,308.38,4.26,D,0
18.28179,80.73336,342.01,0.39,0.36,2021-03-24,746,N20,VIIRS,n,2,310.81,6.4,D,0
18.28343,80.29568,333.71,0.4,0.37,2021-03-24,746,N20,VIIRS,l,2,307.2,4.69,D,0
18.28404,80.29944,343.86,0.4,0.37,2021-03-24,746,N20,VIIRS,n,2,309.67,4.69,D,0
18.28511,80.73275,352.72,0.39,0.36,2021-03-24,746,N20,VIIRS,n,2,311.73,6.4,D,0
18.28619,80.29131,344.76,0.4,0.37,2021-03-24,746,N20,VIIRS,n,2,309.07,3.51,D,0
18.2868,80.29509,341.59,0.4,0.37,2021-03-24,746,N20,VIIRS,n,2,308.6,3.29,D,0
18.28721,80.38387,344.32,0.4,0.37,2021-03-24,746,N20,VIIRS,l,2,309.49,24.18,D,0
18.28955,80.29072,335.31,0.4,0.37,2021-03-24,746,N20,VIIRS,l,2,307.85,3.51,D,0
18.29016,80.29449,339.43,0.4,0.37,2021-03-24,746,N20,VIIRS,l,2,308.46,3.29,D,0
18.29057,80.38328,351.15,0.4,0.37,2021-03-24,746,N20,VIIRS,n,2,317.83,24.18,D,0
18.29119,80.72787,341.62,0.39,0.36,2021-03-24,746,N20,VIIRS,n,2,309.11,5.22,D,0
18.29183,80.19691,351.35,0.4,0.37,2021-03-24,746,N20,VIIRS,n,2,311.62,8.16,D,0
18.29293,81.17467,337.18,0.39,0.36,2021-03-24,746,N20,VIIRS,l,2,309.72,2.73,D,0
18.29776,80.81324,340.67,0.39,0.36,2021-03-24,746,N20,VIIRS,n,2,309.51,3.86,D,0
18.30159,80.36592,337.32,0.4,0.37,2021-03-24,746,N20,VIIRS,l,2,310.81,2.95,D,0
18.30249,78.30862,336.07,0.48,0.4,2021-03-24,746,N20,VIIRS,l,2,308.64,2.99,D,0
18.30325,80.80474,341.21,0.39,0.36,2021-03-24,746,N20,VIIRS,n,2,309.65,3.34,D,0
18.30364,80.87268,336.75,0.39,0.36,2021-03-24,746,N20,VIIRS,l,2,309.26,1.53,D,0
18.30566,80.32657,345.23,0.4,0.37,2021-03-24,746,N20,VIIRS,n,2,308.57,4.87,D,0
18.30596,78.90845,339.04,0.45,0.39,2021-03-24,746,N20,VIIRS,n,2,306.76,5.58,D,0
18.30665,78.91257,337.75,0.45,0.39,2021-03-24,746,N20,VIIRS,n,2,309.72,5.58,D,0
18.30697,80.87212,335.27,0.39,0.36,2021-03-24,746,N20,VIIRS,l,2,309.19,1.53,D,0
18.31016,80.84889,339.98,0.39,0.36,2021-03-24,746,N20,VIIRS,n,2,309.87,1.97,D,0
18.31189,80.85999,336.72,0.39,0.36,2021-03-24,746,N20,VIIRS,l,2,309.59,3.0,D,0
18.31247,80.86367,340.33,0.39,0.36,2021-03-24,746,N20,VIIRS,n,2,309.87,5.74,D,0
18.31513,80.32102,335.39,0.4,0.37,2021-03-24,746,N20,VIIRS,l,2,307.9,1.76,D,0
18.31521,80.85941,335.38,0.39,0.36,2021-03-24,746,N20,VIIRS,l,2,309.61,3.11,D,0
18.31898,80.83981,338.75,0.39,0.36,2021-03-24,746,N20,VIIRS,n,2,307.1,3.76,D,0
18.32103,80.80923,336.6,0.39,0.36,2021-03-24,746,N20,VIIRS,l,2,309.77,3.52,D,0
18.32186,80.85826,338.91,0.39,0.36,2021-03-24,746,N20,VIIRS,l,2,309.36,2.61,D,0
18.32195,80.3855,335.68,0.4,0.37,2021-03-24,746,N20,VIIRS,l,2,309.5,2.78,D,0
18.3223,80.83923,341.13,0.39,0.36,2021-03-24,746,N20,VIIRS,n,2,310.06,3.76,D,0
18.32255,80.38925,337.82,0.4,0.37,2021-03-24,746,N20,VIIRS,l,2,308.87,4.53,D,0
18.32407,81.46342,337.81,0.39,0.36,2021-03-24,746,N20,VIIRS,n,2,307.25,3.22,D,0
18.32518,80.85767,345.59,0.39,0.36,2021-03-24,746,N20,VIIRS,n,2,309.29,2.61,D,0
18.32737,81.46288,333.33,0.39,0.36,2021-03-24,746,N20,VIIRS,l,2,307.91,1.84,D,0
18.32747,80.37682,345.1,0.4,0.37,2021-03-24,746,N20,VIIRS,n,2,311.18,2.74,D,0
18.32792,80.85342,340.25,0.39,0.36,2021-03-24,746,N20,VIIRS,n,2,309.69,2.45,D,0
18.32839,80.53416,335.78,0.4,0.37,2021-03-24,746,N20,VIIRS,l,2,309.49,2.08,D,0
18.32895,80.8381,339.36,0.39,0.36,2021-03-24,746,N20,VIIRS,l,2,309.51,3.23,D,0
18.32927,80.69096,342.46,0.39,0.36,2021-03-24,746,N20,VIIRS,n,2,310.39,3.24,D,0
18.32939,80.01399,334.84,0.41,0.37,2021-03-24,746,N20,VIIRS,l,2,308.19,2.93,D,0
18.32956,81.45509,334.93,0.39,0.36,2021-03-24,746,N20,VIIRS,l,2,308.93,3.32,D,0
18.33023,80.3725,339.93,0.4,0.37,2021-03-24,746,N20,VIIRS,n,2,310.07,2.74,D,0
18.33083,80.37624,340.15,0.4,0.37,2021-03-24,746,N20,VIIRS,n,2,309.84,2.74,D,0
18.3312,80.35686,344.47,0.4,0.37,2021-03-24,746,N20,VIIRS,l,2,311.9,4.36,D,0
18.33137,80.83397,337.4,0.39,0.36,2021-03-24,746,N20,VIIRS,l,2,308.84,5.39,D,0
18.33253,80.84132,352.78,0.39,0.36,2021-03-24,746,N20,VIIRS,n,2,312.78,11.38,D,0
18.3338,80.78447,335.86,0.39,0.36,2021-03-24,746,N20,VIIRS,l,2,310.5,2.4,D,0
18.33418,80.37564,338.37,0.4,0.37,2021-03-24,746,N20,VIIRS,l,2,311.16,3.41,D,0
18.33478,80.37939,341.68,0.4,0.37,2021-03-24,746,N20,VIIRS,n,2,311.32,5.91,D,0
18.33586,80.84077,339.48,0.39,0.36,2021-03-24,746,N20,VIIRS,l,2,310.36,11.38,D,0
18.33644,80.84443,343.07,0.39,0.36,2021-03-24,746,N20,VIIRS,n,2,309.71,7.42,D,0
18.33655,80.78026,337.91,0.39,0.36,2021-03-24,746,N20,VIIRS,l,2,312.08,1.23,D,0
18.34021,80.30496,348.04,0.4,0.37,2021-03-24,746,N20,VIIRS,n,2,310.96,7.76,D,0
18.34275,81.45287,335.4,0.39,0.36,2021-03-24,746,N20,VIIRS,l,2,308.78,2.26,D,0
18.34648,80.49654,347.76,0.4,0.37,2021-03-24,746,N20,VIIRS,n,2,314.46,17.12,D,0
18.34979,81.38866,332.24,0.39,0.36,2021-03-24,746,N20,VIIRS,l,2,307.07,1.47,D,0
18.35134,81.15725,340.43,0.39,0.36,2021-03-24,746,N20,VIIRS,l,2,310.96,3.27,D,0
18.35408,80.08041,336.33,0.41,0.37,2021-03-24,746,N20,VIIRS,l,2,310.44,3.94,D,0
18.35469,80.08417,345.22,0.41,0.37,2021-03-24,746,N20,VIIRS,n,2,310.83,3.94,D,0
18.35507,80.33332,343.18,0.4,0.37,2021-03-24,746,N20,VIIRS,n,2,311.95,3.7,D,0
18.35546,81.49152,337.57,0.39,0.36,2021-03-24,746,N20,VIIRS,n,2,309.49,2.66,D,0
18.35602,81.49513,342.99,0.39,0.36,2021-03-24,746,N20,VIIRS,n,2,307.61,2.66,D,0
18.35622,80.07212,352.89,0.41,0.37,2021-03-24,746,N20,VIIRS,n,2,311.01,5.69,D,0
18.3565,81.45425,336.53,0.39,0.36,2021-03-24,746,N20,VIIRS,l,2,308.9,1.81,D,0
18.35745,80.07976,346.13,0.41,0.37,2021-03-24,746,N20,VIIRS,n,2,310.63,3.94,D,0
18.35859,81.18217,334.53,0.39,0.36,2021-03-24,746,N20,VIIRS,l,2,308.68,1.28,D,0
18.35926,80.85935,336.64,0.39,0.36,2021-03-24,746,N20,VIIRS,l,2,309.98,1.98,D,0
18.36052,80.14176,343.93,0.41,0.37,2021-03-24,746,N20,VIIRS,n,2,307.56,3.67,D,0
18.36345,80.33172,333.81,0.4,0.37,2021-03-24,746,N20,VIIRS,l,2,308.17,1.63,D,0
18.36366,81.45676,334.49,0.39,0.36,2021-03-24,746,N20,VIIRS,l,2,308.42,1.55,D,0
18.36425,81.48264,347.97,0.39,0.36,2021-03-24,746,N20,VIIRS,n,2,309.54,6.55,D,0
18.36777,80.89182,346.9,0.39,0.36,2021-03-24,746,N20,VIIRS,n,2,311.31,4.82,D,0
18.36863,80.34245,337.91,0.4,0.37,2021-03-24,746,N20,VIIRS,l,2,311.17,3.72,D,0
18.36865,81.4893,341.79,0.39,0.36,2021-03-24,746,N20,VIIRS,n,2,309.34,2.69,D,0
18.36995,80.26478,333.79,0.4,0.37,2021-03-24,746,N20,VIIRS,l,2,307.49,2.88,D,0
18.37029,81.47793,336.68,0.39,0.36,2021-03-24,746,N20,VIIRS,l,2,309.16,2.25,D,0
18.3714,81.48514,336.67,0.39,0.36,2021-03-24,746,N20,VIIRS,l,2,310.0,3.34,D,0
18.3721,80.25662,333.83,0.4,0.37,2021-03-24,746,N20,VIIRS,l,2,307.68,3.45,D,0
18.37238,80.27988,346.39,0.4,0.37,2021-03-24,746,N20,VIIRS,n,2,307.78,4.66,D,0
18.3728,80.08871,334.81,0.41,0.37,2021-03-24,746,N20,VIIRS,l,2,309.72,4.28,D,0
18.37359,80.2874,346.0,0.4,0.37,2021-03-24,746,N20,VIIRS,n,2,308.67,5.57,D,0
18.37359,81.47737,341.23,0.39,0.36,2021-03-24,746,N20,VIIRS,n,2,308.77,2.25,D,0
18.37392,80.26798,337.38,0.4,0.37,2021-03-24,746,N20,VIIRS,l,2,308.49,2.88,D,0
18.37514,80.27552,336.36,0.4,0.37,2021-03-24,746,N20,VIIRS,l,2,309.66,9.47,D,0
18.37635,80.28306,332.52,0.4,0.37,2021-03-24,746,N20,VIIRS,l,2,306.82,4.66,D,0
18.37689,80.32938,341.96,0.4,0.37,2021-03-24,746,N20,VIIRS,l,2,310.33,5.23,D,0
18.37769,78.88236,338.6,0.45,0.39,2021-03-24,746,N20,VIIRS,l,2,308.09,4.77,D,0
18.37979,80.7728,345.19,0.39,0.36,2021-03-24,746,N20,VIIRS,n,2,310.27,2.21,D,0
18.38024,80.3288,334.15,0.4,0.37,2021-03-24,746,N20,VIIRS,l,2,308.67,1.63,D,0
18.38094,80.78011,334.23,0.39,0.36,2021-03-24,746,N20,VIIRS,l,2,308.81,2.35,D,0
18.38247,80.2781,335.73,0.4,0.37,2021-03-24,746,N20,VIIRS,l,2,307.13,2.44,D,0
18.38311,80.77221,345.58,0.39,0.36,2021-03-24,746,N20,VIIRS,n,2,310.37,3.88,D,0
18.38329,79.98084,335.83,0.41,0.37,2021-03-24,746,N20,VIIRS,l,2,308.64,2.69,D,0
18.38348,81.47569,338.79,0.39,0.36,2021-03-24,746,N20,VIIRS,n,2,308.81,1.65,D,0
18.38511,81.46429,339.87,0.39,0.36,2021-03-24,746,N20,VIIRS,n,2,308.88,2.87,D,0
18.38667,79.98025,345.64,0.41,0.37,2021-03-24,746,N20,VIIRS,n,2,308.53,4.53,D,0
18.39221,80.63424,342.93,0.4,0.37,2021-03-24,746,N20,VIIRS,l,2,312.99,6.51,D,0
18.39279,80.63795,338.4,0.39,0.37,2021-03-24,746,N20,VIIRS,l,2,311.56,5.74,D,0
18.39283,79.97517,334.41,0.41,0.37,2021-03-24,746,N20,VIIRS,l,2,308.76,2.46,D,0
18.39727,80.19784,351.68,0.4,0.37,2021-03-24,746,N20,VIIRS,n,2,309.47,4.83,D,0
18.39733,80.92817,336.29,0.39,0.36,2021-03-24,746,N20,VIIRS,l,2,309.72,1.79,D,0
18.39788,80.20161,339.21,0.4,0.37,2021-03-24,746,N20,VIIRS,l,2,307.63,4.83,D,0
18.39833,81.48431,334.91,0.39,0.36,2021-03-24,746,N20,VIIRS,l,2,309.77,1.79,D,0
18.39841,80.24817,353.71,0.4,0.37,2021-03-24,746,N20,VIIRS,n,2,311.45,11.91,D,0
18.39867,80.27137,347.53,0.4,0.37,2021-03-24,746,N20,VIIRS,n,2,309.93,5.72,D,0
18.39902,80.25195,338.46,0.4,0.37,2021-03-24,746,N20,VIIRS,l,2,308.4,3.05,D,0
18.39943,80.34086,335.32,0.4,0.37,2021-03-24,746,N20,VIIRS,l,2,309.58,1.36,D,0
18.40083,80.26325,336.01,0.4,0.37,2021-03-24,746,N20,VIIRS,l,2,307.43,1.78,D,0
18.40143,80.26701,333.7,0.4,0.37,2021-03-24,746,N20,VIIRS,l,2,306.55,5.72,D,0
18.40219,80.33651,335.18,0.4,0.37,2021-03-24,746,N20,VIIRS,l,2,309.01,3.38,D,0
18.4025,78.70352,339.37,0.46,0.39,2021-03-24,746,N20,VIIRS,n,2,308.8,4.6,D,0
18.40279,80.34026,347.83,0.4,0.37,2021-03-24,746,N20,VIIRS,n,2,311.68,3.38,D,0
18.40945,80.23071,338.62,0.4,0.37,2021-03-24,746,N20,VIIRS,n,2,308.67,2.49,D,0
18.41195,80.20303,351.62,0.4,0.37,2021-03-24,746,N20,VIIRS,n,2,309.98,8.03,D,0
18.41246,80.76334,339.66,0.39,0.36,2021-03-24,746,N20,VIIRS,n,2,309.2,2.39,D,0
18.41304,80.767,340.73,0.39,0.36,2021-03-24,746,N20,VIIRS,n,2,310.44,2.39,D,0
18.41343,80.2339,333.48,0.4,0.37,2021-03-24,746,N20,VIIRS,l,2,308.3,2.1,D,0
18.41477,81.43709,333.48,0.39,0.36,2021-03-24,746,N20,VIIRS,l,2,308.32,2.53,D,0
18.41523,80.75919,337.28,0.39,0.36,2021-03-24,746,N20,VIIRS,l,2,308.07,2.44,D,0
18.41532,80.20243,339.14,0.4,0.37,2021-03-24,746,N20,VIIRS,l,2,309.63,3.38,D,0
18.41588,81.44437,341.66,0.39,0.36,2021-03-24,746,N20,VIIRS,n,2,307.94,3.22,D,0
18.41754,81.45522,333.01,0.39,0.36,2021-03-24,746,N20,VIIRS,l,2,306.42,0.82,D,0
18.41782,80.17471,338.32,0.4,0.37,2021-03-24,746,N20,VIIRS,l,2,308.18,4.37,D,0
18.41804,81.41425,337.2,0.39,0.36,2021-03-24,746,N20,VIIRS,l,2,309.06,5.77,D,0
18.41807,81.43656,340.0,0.39,0.36,2021-03-24,746,N20,VIIRS,n,2,309.17,6.46,D,0
18.41855,80.75858,339.32,0.39,0.36,2021-03-24,746,N20,VIIRS,l,2,309.71,2.44,D,0
18.41862,81.4402,353.35,0.39,0.36,2021-03-24,746,N20,VIIRS,n,2,311.95,6.46,D,0
18.42029,81.45106,344.92,0.39,0.36,2021-03-24,746,N20,VIIRS,n,2,309.37,2.97,D,0
18.42084,81.45467,346.09,0.39,0.36,2021-03-24,746,N20,VIIRS,n,2,309.11,2.97,D,0
18.42136,80.24025,343.75,0.4,0.37,2021-03-24,746,N20,VIIRS,n,2,308.85,2.65,D,0
18.42196,80.24402,338.44,0.4,0.37,2021-03-24,746,N20,VIIRS,n,2,307.37,2.65,D,0
18.42197,77.95686,339.42,0.49,0.41,2021-03-24,746,N20,VIIRS,l,2,312.92,8.42,D,0
18.42358,81.45049,333.06,0.39,0.36,2021-03-24,746,N20,VIIRS,l,2,307.13,2.97,D,0
18.42652,80.35929,343.98,0.4,0.37,2021-03-24,746,N20,VIIRS,n,2,310.47,4.56,D,0
18.42736,81.2302,337.09,0.39,0.36,2021-03-24,746,N20,VIIRS,l,2,310.12,2.42,D,0
18.43204,80.35062,338.45,0.4,0.37,2021-03-24,746,N20,VIIRS,l,2,310.68,2.48,D,0
18.43277,80.31185,354.17,0.4,0.37,2021-03-24,746,N20,VIIRS,n,2,313.45,11.02,D,0
18.43286,80.37747,335.99,0.4,0.37,2021-03-24,746,N20,VIIRS,l,2,309.75,1.54,D,0
18.43336,80.31561,337.94,0.4,0.37,2021-03-24,746,N20,VIIRS,n,2,306.76,3.02,D,0
18.43373,80.29623,332.03,0.4,0.37,2021-03-24,746,N20,VIIRS,l,2,306.75,2.79,D,0
18.43396,80.31937,336.32,0.4,0.37,2021-03-24,746,N20,VIIRS,n,2,307.84,3.02,D,0
18.43443,80.36563,336.55,0.4,0.37,2021-03-24,746,N20,VIIRS,n,2,309.3,3.85,D,0
18.43493,80.30376,352.1,0.4,0.37,2021-03-24,746,N20,VIIRS,n,2,310.32,8.36,D,0
18.43529,80.28431,335.77,0.4,0.37,2021-03-24,746,N20,VIIRS,l,2,306.9,3.06,D,0
18.43553,80.3075,349.41,0.4,0.37,2021-03-24,746,N20,VIIRS,n,2,308.43,11.02,D,0
18.43613,80.31127,344.03,0.4,0.37,2021-03-24,746,N20,VIIRS,n,2,307.64,11.02,D,0
18.43621,80.37688,339.19,0.4,0.37,2021-03-24,746,N20,VIIRS,n,2,311.48,3.36,D,0
18.43672,80.31503,335.23,0.4,0.37,2021-03-24,746,N20,VIIRS,l,2,307.4,3.02,D,0
18.43718,80.3613,352.62,0.4,0.37,2021-03-24,746,N20,VIIRS,n,2,311.01,3.85,D,0
18.43829,80.30316,345.35,0.4,0.37,2021-03-24,746,N20,VIIRS,n,2,310.4,7.15,D,0
18.43889,80.30692,344.71,0.4,0.37,2021-03-24,746,N20,VIIRS,n,2,308.08,5.24,D,0
18.43949,80.31068,337.48,0.4,0.37,2021-03-24,746,N20,VIIRS,n,2,308.54,5.24,D,0
18.44045,80.29503,334.7,0.4,0.37,2021-03-24,746,N20,VIIRS,l,2,307.67,2.75,D,0
18.44076,80.38379,337.15,0.4,0.37,2021-03-24,746,N20,VIIRS,l,2,308.78,4.14,D,0
18.4413,80.21341,334.89,0.4,0.37,2021-03-24,746,N20,VIIRS,l,2,307.72,2.2,D,0
18.4419,80.21718,344.11,0.4,0.37,2021-03-24,746,N20,VIIRS,n,2,309.08,2.2,D,0
18.44224,80.30633,353.77,0.4,0.37,2021-03-24,746,N20,VIIRS,n,2,309.42,5.24,D,0
18.44286,78.64455,343.45,0.46,0.39,2021-03-24,746,N20,VIIRS,n,2,308.42,6.37,D,0
18.44404,80.31761,337.29,0.4,0.37,2021-03-24,746,N20,VIIRS,l,2,308.66,2.69,D,0
18.44411,80.38321,336.34,0.4,0.37,2021-03-24,746,N20,VIIRS,l,2,308.31,2.57,D,0
18.44463,80.32137,334.72,0.4,0.37,2021-03-24,746,N20,VIIRS,l,2,307.89,2.11,D,0
18.44467,80.21282,333.64,0.4,0.37,2021-03-24,746,N20,VIIRS,l,2,307.32,3.16,D,0
18.4456,80.30573,334.81,0.4,0.37,2021-03-24,746,N20,VIIRS,l,2,306.62,3.44,D,0
18.4474,80.31702,356.61,0.4,0.37,2021-03-24,746,N20,VIIRS,n,2,309.92,10.89,D,0
18.44806,80.38636,339.93,0.4,0.37,2021-03-24,746,N20,VIIRS,n,2,308.24,2.57,D,0
18.44843,80.36703,349.59,0.4,0.37,2021-03-24,746,N20,VIIRS,n,2,311.48,4.98,D,0
18.44885,81.45722,345.73,0.39,0.36,2021-03-24,746,N20,VIIRS,n,2,310.82,2.85,D,0
18.45052,80.29323,345.37,0.4,0.37,2021-03-24,746,N20,VIIRS,n,2,308.63,6.78,D,0
18.45388,80.29264,347.41,0.4,0.37,2021-03-24,746,N20,VIIRS,n,2,309.88,6.78,D,0
18.45633,80.37334,337.97,0.4,0.37,2021-03-24,746,N20,VIIRS,l,2,309.32,2.28,D,0
18.45844,77.32201,337.17,0.53,0.42,2021-03-24,746,N20,VIIRS,l,2,312.02,2.2,D,0
18.4594,80.73989,337.77,0.39,0.36,2021-03-24,746,N20,VIIRS,l,2,308.49,4.37,D,0
18.46246,79.99068,333.87,0.41,0.37,2021-03-24,746,N20,VIIRS,l,2,307.72,3.82,D,0
18.46308,79.9945,335.46,0.41,0.37,2021-03-24,746,N20,VIIRS,l,2,307.91,3.82,D,0
18.46648,81.48392,335.8,0.38,0.36,2021-03-24,746,N20,VIIRS,l,2,309.85,0.97,D,0
18.46952,80.27084,338.28,0.4,0.37,2021-03-24,746,N20,VIIRS,n,2,308.14,6.03,D,0
18.46981,80.8928,338.09,0.39,0.36,2021-03-24,746,N20,VIIRS,l,2,312.27,1.69,D,0
18.47013,80.2746,344.0,0.4,0.37,2021-03-24,746,N20,VIIRS,n,2,308.75,6.03,D,0
18.47099,78.93948,334.42,0.45,0.39,2021-03-24,746,N20,VIIRS,l,2,306.78,4.53,D,0
18.47106,80.25895,334.93,0.4,0.37,2021-03-24,746,N20,VIIRS,n,2,306.88,1.41,D,0
18.47288,80.27024,334.4,0.4,0.37,2021-03-24,746,N20,VIIRS,n,2,306.97,1.06,D,0
18.47751,78.50034,335.82,0.47,0.39,2021-03-24,746,N20,VIIRS,l,2,307.56,1.67,D,0
18.47876,80.19935,343.05,0.4,0.37,2021-03-24,746,N20,VIIRS,l,2,310.14,3.56,D,0
18.47935,78.35176,343.77,0.47,0.4,2021-03-24,746,N20,VIIRS,n,2,310.09,5.72,D,0
18.48458,79.91161,332.65,0.41,0.37,2021-03-24,746,N20,VIIRS,l,2,307.01,1.3,D,0
18.48523,79.95899,334.66,0.41,0.37,2021-03-24,746,N20,VIIRS,l,2,308.18,1.79,D,0
18.48667,80.93508,340.36,0.39,0.36,2021-03-24,746,N20,VIIRS,l,2,311.47,3.61,D,0
18.48798,79.91101,335.63,0.41,0.37,2021-03-24,746,N20,VIIRS,l,2,307.54,1.3,D,0
18.48853,80.21705,334.74,0.4,0.37,2021-03-24,746,N20,VIIRS,l,2,308.46,1.64,D,0
18.48862,79.95838,333.96,0.41,0.37,2021-03-24,746,N20,VIIRS,l,2,308.27,1.79,D,0
18.48986,80.33294,337.01,0.4,0.37,2021-03-24,746,N20,VIIRS,l,2,310.4,3.0,D,0
18.49201,79.95776,335.45,0.41,0.37,2021-03-24,746,N20,VIIRS,l,2,309.05,2.14,D,0
18.49437,80.18877,334.92,0.4,0.37,2021-03-24,746,N20,VIIRS,l,2,309.5,2.85,D,0
18.49498,80.19257,340.74,0.4,0.37,2021-03-24,746,N20,VIIRS,n,2,310.85,2.85,D,0
18.4993,80.73292,337.93,0.39,0.36,2021-03-24,746,N20,VIIRS,l,2,310.78,4.35,D,0
18.50097,81.02655,337.4,0.39,0.36,2021-03-24,746,N20,VIIRS,l,2,310.92,4.18,D,0
18.5027,80.54214,338.46,0.4,0.37,2021-03-24,746,N20,VIIRS,l,2,311.22,2.28,D,0
18.50702,78.38264,334.23,0.47,0.4,2021-03-24,746,N20,VIIRS,l,2,308.67,3.2,D,0
18.50826,80.74648,338.09,0.39,0.36,2021-03-24,746,N20,VIIRS,l,2,312.68,2.23,D,0
18.5102,79.91898,351.65,0.41,0.37,2021-03-24,746,N20,VIIRS,n,2,309.85,4.56,D,0
18.51081,79.92282,346.14,0.41,0.37,2021-03-24,746,N20,VIIRS,n,2,309.82,4.56,D,0
18.51131,79.92222,345.48,0.41,0.37,2021-03-24,746,N20,VIIRS,n,2,311.42,7.89,D,0
18.51154,80.31755,338.16,0.4,0.37,2021-03-24,746,N20,VIIRS,l,2,309.75,3.52,D,0
18.51268,80.21665,334.58,0.4,0.37,2021-03-24,746,N20,VIIRS,l,2,306.97,3.57,D,0
18.51471,79.9216,339.27,0.41,0.37,2021-03-24,746,N20,VIIRS,l,2,311.16,7.89,D,0
18.5149,80.31696,334.97,0.4,0.37,2021-03-24,746,N20,VIIRS,l,2,309.63,3.68,D,0
18.51665,80.21985,346.66,0.4,0.37,2021-03-24,746,N20,VIIRS,n,2,309.16,3.57,D,0
18.51741,80.28948,337.42,0.4,0.37,2021-03-24,746,N20,VIIRS,l,2,307.31,5.05,D,0
18.51793,80.78644,344.96,0.39,0.36,2021-03-24,746,N20,VIIRS,n,2,310.39,4.6,D,0
18.51798,81.00485,344.01,0.39,0.36,2021-03-24,746,N20,VIIRS,n,2,313.36,6.83,D,0
18.51923,81.4751,341.28,0.38,0.36,2021-03-24,746,N20,VIIRS,n,2,309.7,1.78,D,0
18.51968,80.23878,342.4,0.4,0.37,2021-03-24,746,N20,VIIRS,n,2,308.48,2.33,D,0
18.52028,80.24255,333.51,0.4,0.37,2021-03-24,746,N20,VIIRS,n,2,305.02,2.33,D,0
18.52088,80.24632,352.73,0.4,0.37,2021-03-24,746,N20,VIIRS,n,2,307.48,5.84,D,0
18.52205,78.07504,342.34,0.49,0.4,2021-03-24,746,N20,VIIRS,n,2,308.86,5.35,D,0
18.52304,80.04282,343.5,0.41,0.37,2021-03-24,746,N20,VIIRS,n,2,312.3,5.66,D,0
18.52425,79.91593,347.54,0.41,0.37,2021-03-24,746,N20,VIIRS,n,2,312.4,11.63,D,0
18.52448,80.11707,336.15,0.41,0.37,2021-03-24,746,N20,VIIRS,l,2,309.02,2.12,D,0
18.52474,80.91725,334.38,0.39,0.36,2021-03-24,746,N20,VIIRS,l,2,309.07,1.27,D,0
18.52897,80.87887,339.37,0.39,0.36,2021-03-24,746,N20,VIIRS,l,2,314.31,4.29,D,0
18.53192,80.22884,347.01,0.4,0.37,2021-03-24,746,N20,VIIRS,l,2,310.04,9.28,D,0
18.53683,80.21628,344.39,0.4,0.37,2021-03-24,746,N20,VIIRS,n,2,310.07,4.78,D,0
18.53804,80.22386,336.18,0.4,0.37,2021-03-24,746,N20,VIIRS,l,2,308.36,4.04,D,0
18.53884,80.14189,335.25,0.4,0.37,2021-03-24,746,N20,VIIRS,l,2,308.86,2.25,D,0
18.53944,80.14569,336.39,0.4,0.37,2021-03-24,746,N20,VIIRS,l,2,308.88,2.25,D,0
18.54045,80.239,339.32,0.4,0.37,2021-03-24,746,N20,VIIRS,l,2,307.12,2.1,D,0
18.54105,80.24276,332.98,0.4,0.37,2021-03-24,746,N20,VIIRS,l,2,306.77,2.35,D,0
18.54144,80.82768,338.11,0.39,0.36,2021-03-24,746,N20,VIIRS,l,2,311.32,3.25,D,0
18.54321,80.23462,335.83,0.4,0.37,2021-03-24,746,N20,VIIRS,l,2,308.35,4.17,D,0
18.54464,80.26534,345.26,0.4,0.37,2021-03-24,746,N20,VIIRS,n,2,308.53,6.01,D,0
18.5533,80.23284,335.84,0.4,0.37,2021-03-24,746,N20,VIIRS,l,2,308.9,5.3,D,0
18.55441,80.12286,346.68,0.4,0.37,2021-03-24,746,N20,VIIRS,n,2,307.34,3.0,D,0
18.56062,80.23543,336.54,0.4,0.37,2021-03-24,746,N20,VIIRS,n,2,308.41,2.85,D,0
18.56122,80.23921,335.54,0.4,0.37,2021-03-24,746,N20,VIIRS,l,2,307.76,2.54,D,0
18.56264,80.26993,337.74,0.4,0.37,2021-03-24,746,N20,VIIRS,n,2,307.27,3.65,D,0
18.56269,80.23827,341.62,0.4,0.37,2021-03-24,746,N20,VIIRS,l,2,307.83,4.94,D,0
18.56411,80.36628,345.27,0.4,0.37,2021-03-24,746,N20,VIIRS,n,2,312.86,6.15,D,0
18.56853,77.39557,337.53,0.53,0.42,2021-03-24,746,N20,VIIRS,l,2,311.0,3.96,D,0
18.56862,78.63566,341.02,0.46,0.39,2021-03-24,746,N20,VIIRS,n,2,308.98,3.2,D,0
18.56911,80.21381,341.53,0.4,0.37,2021-03-24,746,N20,VIIRS,n,2,308.76,3.16,D,0
18.56969,78.02572,340.74,0.49,0.4,2021-03-24,746,N20,VIIRS,l,2,312.7,14.55,D,0
18.56972,80.21759,336.3,0.4,0.37,2021-03-24,746,N20,VIIRS,l,2,308.53,3.16,D,0
18.57034,80.17854,347.99,0.4,0.37,2021-03-24,746,N20,VIIRS,n,2,312.26,9.16,D,0
18.57233,77.39487,337.62,0.53,0.42,2021-03-24,746,N20,VIIRS,l,2,308.92,3.96,D,0
18.5737,80.17795,334.37,0.4,0.37,2021-03-24,746,N20,VIIRS,l,2,309.28,2.36,D,0
18.57397,80.84104,346.74,0.39,0.36,2021-03-24,746,N20,VIIRS,n,2,309.16,3.75,D,0
18.57459,80.24783,333.58,0.4,0.37,2021-03-24,746,N20,VIIRS,l,2,307.37,4.42,D,0
18.57462,80.20506,339.26,0.4,0.37,2021-03-24,746,N20,VIIRS,n,2,307.49,3.12,D,0
18.57553,81.4206,342.11,0.39,0.36,2021-03-24,746,N20,VIIRS,n,2,308.84,2.69,D,0
18.57599,80.81049,339.91,0.39,0.36,2021-03-24,746,N20,VIIRS,l,2,313.17,2.3,D,0
18.57674,80.23969,334.83,0.4,0.37,2021-03-24,746,N20,VIIRS,l,2,307.75,4.27,D,0
18.57735,80.24346,335.36,0.4,0.37,2021-03-24,746,N20,VIIRS,l,2,306.92,2.51,D,0
18.57972,80.30112,335.09,0.4,0.37,2021-03-24,746,N20,VIIRS,l,2,306.83,3.08,D,0
18.58335,80.74876,340.28,0.39,0.36,2021-03-24,746,N20,VIIRS,l,2,311.2,2.78,D,0
18.58383,80.1333,367.0,0.4,0.37,2021-03-24,746,N20,VIIRS,h,2,310.18,9.93,D,0
18.58395,80.32741,341.71,0.4,0.37,2021-03-24,746,N20,VIIRS,l,2,309.61,5.06,D,0
18.58414,78.55311,333.96,0.46,0.39,2021-03-24,746,N20,VIIRS,l,2,307.51,2.0,D,0
18.58447,80.37354,338.11,0.4,0.37,2021-03-24,746,N20,VIIRS,l,2,310.3,3.49,D,0
18.58455,80.33115,339.07,0.4,0.37,2021-03-24,746,N20,VIIRS,l,2,309.93,5.06,D,0
18.58462,80.28868,344.61,0.4,0.37,2021-03-24,746,N20,VIIRS,n,2,308.75,2.94,D,0
18.58486,78.5574,335.77,0.46,0.39,2021-03-24,746,N20,VIIRS,l,2,308.73,2.0,D,0
18.58503,78.62408,339.24,0.46,0.39,2021-03-24,746,N20,VIIRS,l,2,310.49,4.24,D,0
18.58523,80.29243,335.96,0.4,0.37,2021-03-24,746,N20,VIIRS,l,2,306.73,2.94,D,0
18.5853,80.63087,338.35,0.39,0.36,2021-03-24,746,N20,VIIRS,l,2,312.37,2.91,D,0
18.5872,80.13271,346.63,0.4,0.37,2021-03-24,746,N20,VIIRS,n,2,308.89,4.82,D,0
18.58798,80.28808,339.03,0.4,0.37,2021-03-24,746,N20,VIIRS,l,2,308.66,2.94,D,0
18.58863,80.63028,338.04,0.39,0.36,2021-03-24,746,N20,VIIRS,l,2,312.06,2.91,D,0
18.58868,80.20645,336.89,0.4,0.37,2021-03-24,746,N20,VIIRS,l,2,308.42,3.04,D,0
18.59059,80.04591,344.26,0.41,0.37,2021-03-24,746,N20,VIIRS,n,2,310.17,5.64,D,0
18.59254,80.29498,334.96,0.4,0.37,2021-03-24,746,N20,VIIRS,l,2,307.49,1.68,D,0
18.59734,80.08795,345.6,0.41,0.37,2021-03-24,746,N20,VIIRS,n,2,308.15,3.39,D,0
18.60045,80.30129,337.38,0.4,0.37,2021-03-24,746,N20,VIIRS,l,2,308.77,2.94,D,0
18.60133,80.09116,338.84,0.41,0.37,2021-03-24,746,N20,VIIRS,l,2,307.68,2.4,D,0
18.60422,80.23867,344.94,0.4,0.37,2021-03-24,746,N20,VIIRS,l,2,312.77,11.15,D,0
18.60482,80.24245,355.56,0.4,0.37,2021-03-24,746,N20,VIIRS,n,2,312.48,11.15,D,0
18.60561,78.34295,348.16,0.47,0.4,2021-03-24,746,N20,VIIRS,n,2,310.4,6.56,D,0
18.60624,80.0785,335.19,0.41,0.37,2021-03-24,746,N20,VIIRS,l,2,307.74,1.81,D,0
18.60691,80.27699,335.93,0.4,0.37,2021-03-24,746,N20,VIIRS,l,2,308.88,3.58,D,0
18.60992,80.29578,335.72,0.4,0.37,2021-03-24,746,N20,VIIRS,l,2,308.61,3.54,D,0
18.61013,80.16763,335.42,0.4,0.37,2021-03-24,746,N20,VIIRS,l,2,308.16,2.05,D,0
18.61027,80.27641,345.35,0.4,0.37,2021-03-24,746,N20,VIIRS,l,2,312.89,7.68,D,0
18.61138,80.62264,342.13,0.39,0.37,2021-03-24,746,N20,VIIRS,n,2,311.4,4.47,D,0
18.61362,80.27581,336.02,0.4,0.37,2021-03-24,746,N20,VIIRS,l,2,310.47,7.68,D,0
18.61411,80.32204,336.19,0.4,0.37,2021-03-24,746,N20,VIIRS,l,2,310.77,2.54,D,0
18.61575,80.07287,344.4,0.41,0.37,2021-03-24,746,N20,VIIRS,n,2,309.87,13.08,D,0
18.61638,80.03348,344.32,0.41,0.37,2021-03-24,746,N20,VIIRS,n,2,309.18,3.09,D,0
18.61676,80.36014,338.36,0.4,0.37,2021-03-24,746,N20,VIIRS,l,2,310.11,4.47,D,0
18.61699,78.57332,335.48,0.46,0.39,2021-03-24,746,N20,VIIRS,l,2,308.5,2.95,D,0
18.61699,80.03729,336.08,0.41,0.37,2021-03-24,746,N20,VIIRS,l,2,307.45,3.09,D,0
18.61747,80.32143,336.1,0.4,0.37,2021-03-24,746,N20,VIIRS,l,2,309.23,3.69,D,0
18.61833,78.04441,336.7,0.49,0.4,2021-03-24,746,N20,VIIRS,l,2,308.35,4.95,D,0
18.61946,78.5743,335.57,0.46,0.39,2021-03-24,746,N20,VIIRS,l,2,306.71,1.78,D,0
18.61977,80.0329,349.18,0.41,0.37,2021-03-24,746,N20,VIIRS,n,2,310.25,5.09,D,0
18.62005,80.67788,338.93,0.39,0.36,2021-03-24,746,N20,VIIRS,n,2,309.08,1.35,D,0
18.6231,80.71917,340.47,0.39,0.36,2021-03-24,746,N20,VIIRS,n,2,309.4,2.67,D,0
18.62314,80.03229,340.76,0.41,0.37,2021-03-24,746,N20,VIIRS,l,2,308.13,5.09,D,0
18.62378,80.61954,334.66,0.39,0.36,2021-03-24,746,N20,VIIRS,l,2,309.09,3.38,D,0
18.62403,80.25455,336.28,0.4,0.37,2021-03-24,746,N20,VIIRS,l,2,310.8,3.69,D,0
18.6254,80.64655,340.69,0.39,0.36,2021-03-24,746,N20,VIIRS,l,2,311.13,2.1,D,0
18.62642,80.71857,334.78,0.39,0.36,2021-03-24,746,N20,VIIRS,l,2,308.7,2.68,D,0
18.62687,80.6996,338.27,0.39,0.36,2021-03-24,746,N20,VIIRS,n,2,307.39,3.06,D,0
18.63015,80.24959,342.1,0.4,0.37,2021-03-24,746,N20,VIIRS,n,2,312.71,6.92,D,0
18.63765,81.42869,338.08,0.39,0.36,2021-03-24,746,N20,VIIRS,l,2,310.53,1.65,D,0
18.63785,80.64354,339.81,0.39,0.36,2021-03-24,746,N20,VIIRS,l,2,310.74,3.68,D,0
18.63844,80.64723,336.43,0.39,0.36,2021-03-24,746,N20,VIIRS,l,2,309.94,2.55,D,0
18.63909,80.04513,346.28,0.41,0.37,2021-03-24,746,N20,VIIRS,n,2,308.82,7.4,D,0
18.63937,79.76042,343.84,0.41,0.37,2021-03-24,746,N20,VIIRS,l,2,311.78,7.24,D,0
18.64038,80.00243,346.13,0.41,0.37,2021-03-24,746,N20,VIIRS,n,2,307.87,5.56,D,0
18.6404,80.0453,345.79,0.41,0.37,2021-03-24,746,N20,VIIRS,n,2,308.53,5.2,D,0
18.64084,80.53285,353.42,0.4,0.37,2021-03-24,746,N20,VIIRS,n,2,313.75,7.67,D,0
18.64118,80.64296,337.21,0.39,0.36,2021-03-24,746,N20,VIIRS,l,2,308.76,0.76,D,0
18.64177,80.64665,340.81,0.39,0.36,2021-03-24,746,N20,VIIRS,n,2,307.67,2.92,D,0
18.64252,80.3056,343.79,0.4,0.37,2021-03-24,746,N20,VIIRS,n,2,309.33,2.53,D,0
18.64334,80.63498,338.44,0.39,0.36,2021-03-24,746,N20,VIIRS,l,2,310.28,1.43,D,0
18.64439,80.00568,332.54,0.41,0.37,2021-03-24,746,N20,VIIRS,l,2,307.0,2.21,D,0
18.64633,80.35119,345.63,0.4,0.37,2021-03-24,746,N20,VIIRS,n,2,311.45,6.61,D,0
18.64967,80.13333,338.17,0.4,0.37,2021-03-24,746,N20,VIIRS,n,2,308.37,2.24,D,0
18.65018,78.8172,335.69,0.45,0.39,2021-03-24,746,N20,VIIRS,l,2,310.11,5.09,D,0
18.65085,80.53111,338.7,0.4,0.37,2021-03-24,746,N20,VIIRS,n,2,312.63,4.19,D,0
18.65157,78.82558,331.58,0.45,0.39,2021-03-24,746,N20,VIIRS,l,2,306.11,5.06,D,0
18.65223,80.77757,341.69,0.39,0.36,2021-03-24,746,N20,VIIRS,n,2,311.53,5.07,D,0
18.65293,80.1756,331.28,0.4,0.37,2021-03-24,746,N20,VIIRS,l,2,305.99,1.99,D,0
18.65418,80.53052,341.84,0.4,0.37,2021-03-24,746,N20,VIIRS,n,2,310.44,4.19,D,0
18.65478,80.53426,335.8,0.4,0.37,2021-03-24,746,N20,VIIRS,l,2,309.89,4.19,D,0
18.65509,80.16743,354.76,0.4,0.37,2021-03-24,746,N20,VIIRS,n,2,312.79,19.96,D,0
18.65634,80.01506,335.94,0.41,0.37,2021-03-24,746,N20,VIIRS,n,2,308.75,3.05,D,0
18.65811,80.53368,343.16,0.4,0.37,2021-03-24,746,N20,VIIRS,n,2,309.63,3.04,D,0
18.6591,80.01066,341.17,0.41,0.37,2021-03-24,746,N20,VIIRS,n,2,309.8,3.05,D,0
18.65972,80.01447,338.6,0.41,0.37,2021-03-24,746,N20,VIIRS,l,2,309.99,3.05,D,0
18.65975,78.65955,337.84,0.46,0.39,2021-03-24,746,N20,VIIRS,n,2,307.26,3.52,D,0
18.65981,80.41447,334.15,0.4,0.37,2021-03-24,746,N20,VIIRS,l,2,309.09,1.97,D,0
18.66041,80.41822,338.24,0.4,0.37,2021-03-24,746,N20,VIIRS,l,2,310.67,1.97,D,0
18.66078,80.81015,347.78,0.39,0.36,2021-03-24,746,N20,VIIRS,n,2,310.48,13.15,D,0
18.66418,80.7452,335.53,0.39,0.36,2021-03-24,746,N20,VIIRS,l,2,309.65,1.96,D,0
18.66525,80.34018,341.81,0.4,0.37,2021-03-24,746,N20,VIIRS,n,2,309.36,2.57,D,0
18.66973,79.55751,338.38,0.42,0.38,2021-03-24,746,N20,VIIRS,l,2,311.43,6.16,D,2
18.6699,79.71082,351.54,0.42,0.37,2021-03-24,746,N20,VIIRS,n,2,311.36,7.97,D,0
18.67032,80.28518,337.75,0.4,0.37,2021-03-24,746,N20,VIIRS,l,2,309.0,3.07,D,0
18.67045,80.54664,340.29,0.4,0.37,2021-03-24,746,N20,VIIRS,n,2,308.95,3.9,D,0
18.67264,80.47376,345.42,0.4,0.37,2021-03-24,746,N20,VIIRS,n,2,309.28,8.77,D,0
18.67378,80.54601,346.08,0.4,0.37,2021-03-24,746,N20,VIIRS,n,2,309.35,5.03,D,0
18.67534,79.96053,345.24,0.41,0.37,2021-03-24,746,N20,VIIRS,n,2,314.1,11.75,D,0
18.67594,79.76981,350.42,0.41,0.37,2021-03-24,746,N20,VIIRS,n,2,309.24,6.78,D,0
18.67596,79.96437,336.62,0.41,0.37,2021-03-24,746,N20,VIIRS,l,2,308.05,11.75,D,0
18.67598,80.47319,344.13,0.4,0.37,2021-03-24,746,N20,VIIRS,n,2,311.55,4.2,D,0
18.67872,79.95994,348.04,0.41,0.37,2021-03-24,746,N20,VIIRS,n,2,311.13,11.75,D,0
18.68123,80.14758,333.77,0.4,0.37,2021-03-24,746,N20,VIIRS,l,2,307.29,4.09,D,0
18.68185,80.15137,350.99,0.4,0.37,2021-03-24,746,N20,VIIRS,n,2,308.66,4.09,D,0
18.68285,80.79877,333.7,0.39,0.36,2021-03-24,746,N20,VIIRS,l,2,307.96,1.8,D,0
18.68307,80.15895,338.25,0.4,0.37,2021-03-24,746,N20,VIIRS,l,2,306.75,5.06,D,0
18.68368,80.16272,345.16,0.4,0.37,2021-03-24,746,N20,VIIRS,n,2,307.94,3.96,D,0
18.68521,80.15076,351.74,0.4,0.37,2021-03-24,746,N20,VIIRS,n,2,309.99,7.57,D,0
18.68693,80.52079,347.16,0.4,0.37,2021-03-24,746,N20,VIIRS,n,2,310.62,4.67,D,0
18.68971,80.66875,337.81,0.39,0.36,2021-03-24,746,N20,VIIRS,l,2,308.26,4.0,D,0
18.69897,80.42307,338.31,0.4,0.37,2021-03-24,746,N20,VIIRS,l,2,310.29,1.15,D,0
18.69912,80.66338,336.36,0.39,0.36,2021-03-24,746,N20,VIIRS,n,2,307.05,2.1,D,0
18.70027,80.33038,341.59,0.4,0.37,2021-03-24,746,N20,VIIRS,l,2,311.97,3.97,D,0
18.70074,80.41914,336.3,0.4,0.37,2021-03-24,746,N20,VIIRS,l,2,310.3,1.29,D,0
18.70352,78.50483,340.14,0.46,0.39,2021-03-24,746,N20,VIIRS,n,2,310.06,5.34,D,0
18.71006,80.30546,337.58,0.4,0.37,2021-03-24,746,N20,VIIRS,l,2,310.16,2.32,D,0
18.71094,80.60798,339.32,0.39,0.36,2021-03-24,746,N20,VIIRS,l,2,310.48,3.06,D,0
18.71428,80.33183,341.11,0.4,0.37,2021-03-24,746,N20,VIIRS,n,2,311.21,3.68,D,0
18.71547,80.70222,345.01,0.39,0.36,2021-03-24,746,N20,VIIRS,n,2,310.88,3.72,D,0
18.72117,79.96415,336.98,0.41,0.37,2021-03-24,746,N20,VIIRS,l,2,306.93,2.97,D,0
18.72133,80.31122,336.95,0.4,0.37,2021-03-24,746,N20,VIIRS,l,2,310.63,2.35,D,0
18.72396,79.91632,335.61,0.41,0.37,2021-03-24,746,N20,VIIRS,l,2,308.59,3.34,D,0
18.72673,79.91187,334.42,0.41,0.37,2021-03-24,746,N20,VIIRS,l,2,307.99,3.34,D,0
18.72839,80.2907,337.75,0.4,0.37,2021-03-24,746,N20,VIIRS,n,2,307.62,1.54,D,0
18.73018,80.30195,338.0,0.4,0.37,2021-03-24,746,N20,VIIRS,l,2,312.52,6.37,D,0
18.73278,81.16206,332.63,0.39,0.36,2021-03-24,746,N20,VIIRS,l,2,306.14,2.86,D,0
18.73366,80.53942,342.59,0.4,0.37,2021-03-24,746,N20,VIIRS,n,2,312.23,3.53,D,0
18.73425,80.54313,335.38,0.4,0.37,2021-03-24,746,N20,VIIRS,l,2,309.88,3.53,D,0
18.73699,80.53883,340.79,0.4,0.37,2021-03-24,746,N20,VIIRS,n,2,311.56,3.53,D,0
18.73725,80.28143,349.77,0.4,0.37,2021-03-24,746,N20,VIIRS,n,2,308.64,3.74,D,0
18.74038,79.90559,337.99,0.41,0.37,2021-03-24,746,N20,VIIRS,l,2,308.05,5.53,D,0
18.7418,80.28831,339.85,0.4,0.37,2021-03-24,746,N20,VIIRS,n,2,308.12,2.96,D,0
18.7431,80.2532,338.99,0.4,0.37,2021-03-24,746,N20,VIIRS,n,2,310.86,4.07,D,0
18.74455,80.28397,334.69,0.4,0.37,2021-03-24,746,N20,VIIRS,l,2,308.04,2.96,D,0
18.7456,80.70092,338.65,0.39,0.36,2021-03-24,746,N20,VIIRS,n,2,309.25,1.77,D,0
18.75408,80.86205,339.47,0.39,0.36,2021-03-24,746,N20,VIIRS,n,2,308.88,2.37,D,0
18.7555,81.19933,342.29,0.39,0.36,2021-03-24,746,N20,VIIRS,n,2,309.73,4.99,D,0
18.75592,81.15823,344.71,0.39,0.36,2021-03-24,746,N20,VIIRS,n,2,307.2,3.37,D,0
18.75639,80.40173,338.03,0.4,0.37,2021-03-24,746,N20,VIIRS,l,2,310.99,5.37,D,0
18.75735,80.97054,340.23,0.39,0.36,2021-03-24,746,N20,VIIRS,l,2,310.72,43.65,D,0
18.75832,80.69494,334.83,0.39,0.36,2021-03-24,746,N20,VIIRS,l,2,308.37,2.34,D,0
18.75853,80.8688,340.58,0.39,0.36,2021-03-24,746,N20,VIIRS,l,2,311.36,4.75,D,0
18.75974,80.40114,339.0,0.4,0.37,2021-03-24,746,N20,VIIRS,l,2,312.15,2.98,D,0
18.75974,80.59583,337.52,0.39,0.36,2021-03-24,746,N20,VIIRS,l,2,309.94,3.41,D,0
18.7601,80.9663,339.19,0.39,0.36,2021-03-24,746,N20,VIIRS,l,2,312.22,5.64,D,0
18.76026,81.14247,336.06,0.39,0.36,2021-03-24,746,N20,VIIRS,l,2,306.45,5.34,D,0
18.76034,81.16492,334.38,0.39,0.36,2021-03-24,746,N20,VIIRS,n,2,306.7,1.94,D,0
18.76373,80.18755,339.37,0.4,0.37,2021-03-24,746,N20,VIIRS,n,2,307.94,2.81,D,0
18.7648,80.23775,339.3,0.4,0.37,2021-03-24,746,N20,VIIRS,l,2,311.07,4.42,D,0
18.76805,80.17123,334.0,0.4,0.37,2021-03-24,746,N20,VIIRS,l,2,308.91,5.04,D,0
18.76829,80.69322,339.25,0.39,0.36,2021-03-24,746,N20,VIIRS,n,2,307.89,1.61,D,0
18.76866,80.17503,343.12,0.4,0.37,2021-03-24,746,N20,VIIRS,n,2,309.24,5.04,D,0
18.77267,80.61269,332.76,0.39,0.36,2021-03-24,746,N20,VIIRS,l,2,307.4,4.63,D,0
18.77304,80.89641,340.28,0.39,0.36,2021-03-24,746,N20,VIIRS,n,2,309.65,3.01,D,0
18.77599,80.18925,344.22,0.4,0.37,2021-03-24,746,N20,VIIRS,n,2,308.29,5.29,D,0
18.7766,80.19301,334.47,0.4,0.37,2021-03-24,746,N20,VIIRS,l,2,308.0,2.78,D,0
18.77721,80.19678,342.08,0.4,0.37,2021-03-24,746,N20,VIIRS,n,2,307.42,2.78,D,0
18.77753,80.17737,334.04,0.4,0.37,2021-03-24,746,N20,VIIRS,l,2,308.98,4.07,D,0
18.77783,80.15783,336.88,0.4,0.37,2021-03-24,746,N20,VIIRS,l,2,308.68,3.19,D,0
18.77933,79.67149,337.28,0.42,0.37,2021-03-24,746,N20,VIIRS,l,2,309.15,4.53,D,0
18.77935,80.18866,348.64,0.4,0.37,2021-03-24,746,N20,VIIRS,n,2,311.15,8.63,D,0
18.77943,80.24294,339.13,0.4,0.37,2021-03-24,746,N20,VIIRS,n,2,308.56,2.05,D,0
18.78031,80.33559,334.01,0.4,0.37,2021-03-24,746,N20,VIIRS,l,2,308.44,2.4,D,0
18.7809,80.1768,336.26,0.4,0.37,2021-03-24,746,N20,VIIRS,l,2,309.25,4.07,D,0
18.78114,80.24256,346.37,0.4,0.37,2021-03-24,746,N20,VIIRS,n,2,310.87,5.49,D,0
18.78182,80.16106,343.14,0.4,0.37,2021-03-24,746,N20,VIIRS,n,2,310.7,4.97,D,0
18.78263,80.28494,334.23,0.4,0.37,2021-03-24,746,N20,VIIRS,l,2,308.36,1.13,D,0
18.78382,80.61836,347.22,0.39,0.36,2021-03-24,746,N20,VIIRS,n,2,308.73,5.09,D,0
18.78407,80.72837,333.32,0.39,0.36,2021-03-24,746,N20,VIIRS,l,2,307.41,1.48,D,0
18.7844,80.62205,339.92,0.39,0.36,2021-03-24,746,N20,VIIRS,n,2,307.71,2.63,D,0
18.78514,80.80016,341.54,0.39,0.36,2021-03-24,746,N20,VIIRS,n,2,310.68,3.75,D,0
18.78572,80.80383,337.7,0.39,0.36,2021-03-24,746,N20,VIIRS,l,2,309.16,3.35,D,0
18.78773,80.62148,335.49,0.39,0.36,2021-03-24,746,N20,VIIRS,l,2,309.28,3.1,D,0
18.78846,80.79959,337.96,0.39,0.36,2021-03-24,746,N20,VIIRS,l,2,310.03,4.41,D,0
18.78904,80.80327,338.03,0.39,0.36,2021-03-24,746,N20,VIIRS,l,2,311.73,5.11,D,0
18.79089,80.74997,340.55,0.39,0.36,2021-03-24,746,N20,VIIRS,l,2,311.57,4.31,D,0
18.79124,81.18942,343.24,0.39,0.36,2021-03-24,746,N20,VIIRS,n,2,308.5,3.66,D,0
18.7916,80.13594,337.81,0.4,0.37,2021-03-24,746,N20,VIIRS,n,2,309.51,3.12,D,0
18.79236,80.4336,343.7,0.4,0.37,2021-03-24,746,N20,VIIRS,n,2,311.39,5.49,D,0
18.79259,80.93445,338.48,0.39,0.36,2021-03-24,746,N20,VIIRS,l,2,310.05,2.62,D,0
18.79401,80.19381,343.21,0.4,0.37,2021-03-24,746,N20,VIIRS,l,2,313.96,12.65,D,0
18.79497,80.13535,336.92,0.4,0.37,2021-03-24,746,N20,VIIRS,n,2,308.63,3.12,D,0
18.79703,80.21264,340.33,0.4,0.37,2021-03-24,746,N20,VIIRS,n,2,309.05,3.36,D,0
18.79737,80.19322,345.81,0.4,0.37,2021-03-24,746,N20,VIIRS,n,2,308.95,12.65,D,0
18.79762,80.94486,334.56,0.39,0.36,2021-03-24,746,N20,VIIRS,l,2,309.03,2.57,D,0
18.79797,80.19698,348.21,0.4,0.37,2021-03-24,746,N20,VIIRS,n,2,309.01,6.53,D,0
18.79858,80.20074,347.3,0.4,0.37,2021-03-24,746,N20,VIIRS,n,2,310.61,6.53,D,0
18.79918,80.20451,344.92,0.4,0.37,2021-03-24,746,N20,VIIRS,n,2,309.34,6.71,D,0
18.80062,80.27786,352.04,0.4,0.37,2021-03-24,746,N20,VIIRS,n,2,310.84,11.97,D,0
18.80066,79.67216,337.78,0.42,0.37,2021-03-24,746,N20,VIIRS,n,2,309.7,3.82,D,0
18.80122,80.28162,344.68,0.4,0.37,2021-03-24,746,N20,VIIRS,n,2,312.02,8.0,D,0
18.80262,80.11837,335.96,0.4,0.37,2021-03-24,746,N20,VIIRS,l,2,309.56,9.42,D,0
18.80314,80.20768,335.79,0.4,0.37,2021-03-24,746,N20,VIIRS,l,2,308.28,5.08,D,0
18.80323,80.12216,345.13,0.4,0.37,2021-03-24,746,N20,VIIRS,n,2,309.91,9.42,D,0
18.80447,80.08679,339.72,0.4,0.37,2021-03-24,746,N20,VIIRS,n,2,308.21,3.41,D,0
18.80508,80.09061,334.65,0.4,0.37,2021-03-24,746,N20,VIIRS,n,2,306.18,3.41,D,0
18.8053,80.19956,338.28,0.4,0.37,2021-03-24,746,N20,VIIRS,l,2,307.42,3.35,D,0
18.80602,80.69424,352.88,0.39,0.36,2021-03-24,746,N20,VIIRS,n,2,311.02,4.21,D,0
18.80645,80.24976,348.3,0.4,0.37,2021-03-24,746,N20,VIIRS,n,2,309.06,6.03,D,0
18.8066,80.12157,349.39,0.4,0.37,2021-03-24,746,N20,VIIRS,n,2,311.49,9.42,D,0
18.8066,80.69794,336.49,0.39,0.36,2021-03-24,746,N20,VIIRS,l,2,311.13,4.21,D,0
18.80784,80.0862,337.21,0.4,0.37,2021-03-24,746,N20,VIIRS,l,2,307.01,3.41,D,0
18.80826,80.26106,341.65,0.4,0.37,2021-03-24,746,N20,VIIRS,n,2,306.76,2.36,D,0
18.80845,80.09001,334.96,0.4,0.37,2021-03-24,746,N20,VIIRS,n,2,307.38,3.41,D,0
18.8092,80.2454,338.75,0.4,0.37,2021-03-24,746,N20,VIIRS,n,2,307.18,3.24,D,0
18.80981,80.24918,341.51,0.4,0.37,2021-03-24,746,N20,VIIRS,n,2,308.3,7.05,D,0
18.81121,80.08562,333.99,0.4,0.37,2021-03-24,746,N20,VIIRS,l,2,305.7,2.2,D,0
18.81183,80.4337,340.85,0.4,0.37,2021-03-24,746,N20,VIIRS,n,2,311.77,3.07,D,0
18.81201,80.19836,335.45,0.4,0.37,2021-03-24,746,N20,VIIRS,l,2,309.12,2.42,D,0
18.81228,80.56004,346.06,0.39,0.37,2021-03-24,746,N20,VIIRS,n,2,311.36,4.06,D,0
18.81286,80.56375,342.47,0.39,0.37,2021-03-24,746,N20,VIIRS,n,2,311.2,3.72,D,0
18.81325,80.69679,339.5,0.39,0.36,2021-03-24,746,N20,VIIRS,l,2,312.16,2.87,D,0
18.81455,80.12798,337.73,0.4,0.37,2021-03-24,746,N20,VIIRS,l,2,309.21,2.4,D,0
18.8155,80.47156,344.1,0.4,0.37,2021-03-24,746,N20,VIIRS,n,2,309.64,2.42,D,0
18.81598,80.20154,349.62,0.4,0.37,2021-03-24,746,N20,VIIRS,n,2,309.53,5.8,D,0
18.81779,80.47099,355.55,0.4,0.37,2021-03-24,746,N20,VIIRS,n,2,312.74,6.4,D,0
18.81838,80.47472,340.6,0.4,0.37,2021-03-24,746,N20,VIIRS,l,2,310.75,6.4,D,0
18.82045,81.2031,367.0,0.39,0.36,2021-03-24,746,N20,VIIRS,h,2,311.53,8.27,D,0
18.82101,81.20676,347.82,0.39,0.36,2021-03-24,746,N20,VIIRS,n,2,309.21,8.27,D,0
18.82473,81.20612,333.43,0.39,0.36,2021-03-24,746,N20,VIIRS,l,2,306.95,3.58,D,0
18.82482,80.77065,340.75,0.39,0.36,2021-03-24,746,N20,VIIRS,l,2,311.47,4.09,D,0
18.82594,77.98389,340.51,0.49,0.4,2021-03-24,746,N20,VIIRS,n,2,308.62,5.91,D,0
18.82632,80.223,337.3,0.4,0.37,2021-03-24,746,N20,VIIRS,n,2,307.61,3.5,D,0
18.82675,80.41959,335.36,0.4,0.37,2021-03-24,746,N20,VIIRS,l,2,310.02,2.18,D,0
18.82692,80.22677,336.82,0.4,0.37,2021-03-24,746,N20,VIIRS,n,2,307.94,3.5,D,0
18.82794,80.42705,340.3,0.4,0.37,2021-03-24,746,N20,VIIRS,n,2,309.46,3.24,D,0
18.8295,80.41528,338.25,0.4,0.37,2021-03-24,746,N20,VIIRS,l,2,311.92,3.61,D,0
18.83203,80.77317,337.26,0.39,0.36,2021-03-24,746,N20,VIIRS,l,2,310.42,0.95,D,0
18.83475,80.38364,335.78,0.4,0.37,2021-03-24,746,N20,VIIRS,l,2,308.2,0.79,D,0
18.83561,80.15147,343.21,0.4,0.37,2021-03-24,746,N20,VIIRS,n,2,309.37,4.4,D,0
18.83618,80.82153,336.52,0.39,0.36,2021-03-24,746,N20,VIIRS,l,2,310.26,1.49,D,0
18.8369,80.37555,338.81,0.4,0.37,2021-03-24,746,N20,VIIRS,l,2,309.41,4.33,D,0
18.83714,80.39857,337.94,0.4,0.37,2021-03-24,746,N20,VIIRS,l,2,310.37,2.09,D,0
18.8381,80.38304,349.5,0.4,0.37,2021-03-24,746,N20,VIIRS,n,2,309.54,5.75,D,0
18.83833,80.40604,337.91,0.4,0.37,2021-03-24,746,N20,VIIRS,l,2,309.82,3.44,D,0
18.83981,77.97646,333.98,0.49,0.4,2021-03-24,746,N20,VIIRS,l,2,308.79,4.65,D,0
18.84025,80.37496,343.5,0.4,0.37,2021-03-24,746,N20,VIIRS,n,2,310.49,4.33,D,0
18.84234,80.15031,336.87,0.4,0.37,2021-03-24,746,N20,VIIRS,l,2,309.62,2.42,D,0
18.84234,80.47437,339.83,0.4,0.37,2021-03-24,746,N20,VIIRS,l,2,310.72,2.03,D,0
18.8436,80.37438,344.48,0.4,0.37,2021-03-24,746,N20,VIIRS,n,2,310.47,2.64,D,0
18.84419,80.37812,335.2,0.4,0.37,2021-03-24,746,N20,VIIRS,l,2,309.51,2.64,D,0
18.84431,80.22757,348.23,0.4,0.37,2021-03-24,746,N20,VIIRS,n,2,312.58,4.75,D,0
18.84491,80.23135,342.95,0.4,0.37,2021-03-24,746,N20,VIIRS,n,2,310.52,4.75,D,0
18.84509,80.14591,336.72,0.4,0.37,2021-03-24,746,N20,VIIRS,l,2,309.96,3.68,D,0
18.84598,80.62656,334.21,0.39,0.36,2021-03-24,746,N20,VIIRS,l,2,308.44,2.53,D,0
18.84656,80.63025,338.9,0.39,0.36,2021-03-24,746,N20,VIIRS,n,2,308.2,2.53,D,0
18.84715,80.63392,348.71,0.39,0.36,2021-03-24,746,N20,VIIRS,n,2,308.28,4.43,D,0
18.84725,80.13772,337.03,0.4,0.37,2021-03-24,746,N20,VIIRS,l,2,308.44,4.38,D,0
18.84785,80.14153,340.22,0.4,0.37,2021-03-24,746,N20,VIIRS,n,2,308.95,3.09,D,0
18.84799,80.42357,334.5,0.4,0.37,2021-03-24,746,N20,VIIRS,l,2,309.4,1.62,D,0
18.8485,80.36197,341.8,0.4,0.37,2021-03-24,746,N20,VIIRS,n,2,311.67,3.73,D,0
18.84947,80.64864,335.42,0.39,0.36,2021-03-24,746,N20,VIIRS,l,2,307.57,1.81,D,0
18.85061,80.13714,347.66,0.4,0.37,2021-03-24,746,N20,VIIRS,n,2,309.23,4.38,D,0
18.85122,80.14096,336.22,0.4,0.37,2021-03-24,746,N20,VIIRS,l,2,308.2,3.09,D,0
18.85122,80.53024,342.65,0.39,0.37,2021-03-24,746,N20,VIIRS,n,2,309.82,4.64,D,0
18.85222,80.64439,343.16,0.39,0.36,2021-03-24,746,N20,VIIRS,n,2,308.49,3.09,D,0
18.85236,80.47264,339.77,0.4,0.37,2021-03-24,746,N20,VIIRS,n,2,308.91,1.96,D,0
18.85474,81.31274,338.83,0.39,0.36,2021-03-24,746,N20,VIIRS,l,2,311.78,2.5,D,0
18.85496,80.64014,332.23,0.39,0.36,2021-03-24,746,N20,VIIRS,l,2,307.08,3.09,D,0
18.85596,80.79546,342.0,0.39,0.36,2021-03-24,746,N20,VIIRS,l,2,312.9,2.05,D,0
18.85596,80.90475,337.04,0.39,0.36,2021-03-24,746,N20,VIIRS,n,2,307.57,1.79,D,0
18.85724,80.17873,343.09,0.4,0.37,2021-03-24,746,N20,VIIRS,n,2,310.97,5.25,D,0
18.85784,80.1825,339.03,0.4,0.37,2021-03-24,746,N20,VIIRS,l,2,309.95,5.25,D,0
18.85887,80.64325,332.75,0.39,0.36,2021-03-24,746,N20,VIIRS,l,2,307.37,2.59,D,0
18.8606,80.17815,334.72,0.4,0.37,2021-03-24,746,N20,VIIRS,l,2,308.52,2.37,D,0
18.8663,80.47406,339.61,0.4,0.37,2021-03-24,746,N20,VIIRS,n,2,307.84,4.82,D,0
18.86657,80.32418,342.67,0.4,0.37,2021-03-24,746,N20,VIIRS,n,2,311.3,6.86,D,0
18.86696,80.19642,338.41,0.4,0.37,2021-03-24,746,N20,VIIRS,n,2,309.13,2.72,D,0
18.8671,80.50072,337.0,0.4,0.37,2021-03-24,746,N20,VIIRS,l,2,307.53,3.54,D,0
18.86844,80.66055,341.32,0.39,0.36,2021-03-24,746,N20,VIIRS,n,2,308.23,4.27,D,0
18.86967,80.88355,337.6,0.39,0.36,2021-03-24,746,N20,VIIRS,l,2,311.04,2.48,D,0
18.87062,80.458,345.25,0.4,0.37,2021-03-24,746,N20,VIIRS,n,2,309.0,6.32,D,0
18.87106,80.82679,346.71,0.39,0.36,2021-03-24,746,N20,VIIRS,n,2,311.45,5.38,D,0
18.87154,80.37719,341.93,0.4,0.37,2021-03-24,746,N20,VIIRS,n,2,310.09,3.38,D,0
18.87212,80.20718,337.77,0.4,0.37,2021-03-24,746,N20,VIIRS,l,2,307.81,1.97,D,0
18.8726,80.49215,343.51,0.4,0.37,2021-03-24,746,N20,VIIRS,n,2,309.25,3.89,D,0
18.87283,80.11408,343.42,0.4,0.37,2021-03-24,746,N20,VIIRS,n,2,310.75,5.73,D,0
18.87319,80.4959,338.85,0.4,0.37,2021-03-24,746,N20,VIIRS,n,2,308.38,3.89,D,0
18.87344,80.11787,347.35,0.4,0.37,2021-03-24,746,N20,VIIRS,n,2,310.46,5.73,D,0
18.87616,80.0705,350.4,0.4,0.37,2021-03-24,746,N20,VIIRS,n,2,312.8,11.88,D,0
18.87681,80.11729,345.05,0.4,0.37,2021-03-24,746,N20,VIIRS,n,2,311.99,5.05,D,0
18.87696,81.1934,335.7,0.39,0.36,2021-03-24,746,N20,VIIRS,l,2,310.04,1.31,D,0
18.87784,80.65516,334.6,0.39,0.36,2021-03-24,746,N20,VIIRS,l,2,306.68,2.45,D,0
18.8793,80.25246,335.83,0.4,0.37,2021-03-24,746,N20,VIIRS,l,2,306.64,3.57,D,0
18.87953,80.0699,338.63,0.4,0.37,2021-03-24,746,N20,VIIRS,l,2,312.56,11.88,D,0
18.87956,80.11291,344.1,0.4,0.37,2021-03-24,746,N20,VIIRS,n,2,309.08,5.05,D,0
18.88014,80.0737,336.58,0.4,0.37,2021-03-24,746,N20,VIIRS,n,2,309.54,7.8,D,0
18.88046,80.0971,338.9,0.4,0.37,2021-03-24,746,N20,VIIRS,l,2,311.5,3.87,D,0
18.8819,80.29059,348.59,0.4,0.37,2021-03-24,746,N20,VIIRS,n,2,310.57,3.52,D,0
18.88231,80.10851,337.7,0.4,0.37,2021-03-24,746,N20,VIIRS,l,2,308.96,5.56,D,0
18.88444,80.10029,337.83,0.4,0.37,2021-03-24,746,N20,VIIRS,l,2,309.07,3.87,D,0
18.88449,80.65401,338.13,0.39,0.36,2021-03-24,746,N20,VIIRS,n,2,306.73,3.09,D,0
18.88548,80.63867,345.87,0.39,0.36,2021-03-24,746,N20,VIIRS,n,2,311.27,9.75,D,0
18.88554,80.57401,337.81,0.39,0.36,2021-03-24,746,N20,VIIRS,l,2,310.72,3.82,D,0
18.88644,79.61661,346.05,0.42,0.37,2021-03-24,746,N20,VIIRS,n,2,310.05,3.85,D,0
18.88707,79.62053,352.25,0.42,0.37,2021-03-24,746,N20,VIIRS,n,2,316.29,14.98,D,0
18.8872,80.25877,347.6,0.4,0.37,2021-03-24,746,N20,VIIRS,n,2,307.18,3.77,D,0
18.8877,79.62442,343.07,0.42,0.37,2021-03-24,746,N20,VIIRS,n,2,311.93,14.98,D,0
18.88781,80.65343,337.83,0.39,0.36,2021-03-24,746,N20,VIIRS,n,2,306.82,4.56,D,0
18.88823,80.63439,349.04,0.39,0.36,2021-03-24,746,N20,VIIRS,n,2,310.43,9.75,D,0
18.88897,80.66077,337.93,0.39,0.36,2021-03-24,746,N20,VIIRS,n,2,307.48,3.71,D,0
18.88922,79.61208,335.92,0.42,0.37,2021-03-24,746,N20,VIIRS,l,2,310.03,3.85,D,0
18.88962,80.7516,336.73,0.39,0.36,2021-03-24,746,N20,VIIRS,l,2,311.03,4.07,D,0
18.89111,79.62379,339.93,0.42,0.37,2021-03-24,746,N20,VIIRS,l,2,307.85,14.98,D,0
18.89114,80.26193,344.87,0.4,0.37,2021-03-24,746,N20,VIIRS,n,2,306.81,3.77,D,0
18.89114,80.65285,348.56,0.39,0.36,2021-03-24,746,N20,VIIRS,n,2,308.29,4.56,D,0
18.89145,80.41618,335.39,0.4,0.37,2021-03-24,746,N20,VIIRS,l,2,308.73,3.62,D,0
18.89155,80.63381,341.89,0.39,0.36,2021-03-24,746,N20,VIIRS,n,2,310.92,3.35,D,0
18.89159,78.5246,336.54,0.46,0.39,2021-03-24,746,N20,VIIRS,l,2,309.37,4.19,D,0
18.89229,80.66019,334.76,0.39,0.36,2021-03-24,746,N20,VIIRS,l,2,306.52,3.71,D,0
18.89241,80.40051,346.71,0.4,0.37,2021-03-24,746,N20,VIIRS,n,2,309.82,9.77,D,0
18.89261,80.25805,332.45,0.4,0.37,2021-03-24,746,N20,VIIRS,l,2,307.22,2.59,D,0
18.89272,80.6412,337.71,0.39,0.36,2021-03-24,746,N20,VIIRS,n,2,306.98,2.57,D,0
18.89321,80.2618,345.77,0.4,0.37,2021-03-24,746,N20,VIIRS,n,2,307.42,2.59,D,0
18.89382,80.26557,337.51,0.4,0.37,2021-03-24,746,N20,VIIRS,n,2,307.43,2.1,D,0
18.8939,79.61927,338.16,0.42,0.37,2021-03-24,746,N20,VIIRS,l,2,310.34,6.19,D,0
18.89456,81.02216,334.13,0.39,0.36,2021-03-24,746,N20,VIIRS,l,2,306.93,2.41,D,0
18.89516,80.39618,347.95,0.4,0.37,2021-03-24,746,N20,VIIRS,n,2,310.89,4.91,D,0
18.89546,80.63692,339.21,0.39,0.36,2021-03-24,746,N20,VIIRS,n,2,308.89,3.35,D,0
18.89554,80.37683,336.46,0.4,0.37,2021-03-24,746,N20,VIIRS,l,2,310.53,2.26,D,0
18.89575,80.39993,338.78,0.4,0.37,2021-03-24,746,N20,VIIRS,l,2,309.52,4.91,D,0
18.89578,79.63095,345.88,0.42,0.37,2021-03-24,746,N20,VIIRS,n,2,310.77,6.28,D,0
18.89604,80.64062,344.67,0.39,0.36,2021-03-24,746,N20,VIIRS,n,2,308.52,2.57,D,0
18.89645,80.62154,337.35,0.39,0.36,2021-03-24,746,N20,VIIRS,l,2,309.61,3.68,D,0
18.89656,80.26122,338.85,0.4,0.37,2021-03-24,746,N20,VIIRS,n,2,307.9,2.59,D,0
18.89662,80.6443,340.96,0.39,0.36,2021-03-24,746,N20,VIIRS,n,2,306.66,2.57,D,0
18.89711,80.36499,356.55,0.4,0.37,2021-03-24,746,N20,VIIRS,n,2,312.18,5.86,D,0
18.89717,80.26497,333.74,0.4,0.37,2021-03-24,746,N20,VIIRS,l,2,306.33,2.1,D,0
18.89757,80.16026,340.69,0.4,0.37,2021-03-24,746,N20,VIIRS,n,2,310.95,1.99,D,0
18.89869,79.60654,342.34,0.42,0.37,2021-03-24,746,N20,VIIRS,n,2,307.75,3.38,D,0
18.89878,80.63634,344.42,0.39,0.36,2021-03-24,746,N20,VIIRS,n,2,312.98,4.99,D,0
18.89898,80.27625,339.45,0.4,0.37,2021-03-24,746,N20,VIIRS,n,2,308.61,1.54,D,0
18.89934,79.61046,335.77,0.42,0.37,2021-03-24,746,N20,VIIRS,l,2,308.54,3.06,D,0
18.89964,80.2375,344.56,0.4,0.37,2021-03-24,746,N20,VIIRS,n,2,307.75,7.98,D,0
18.89978,80.62095,346.82,0.39,0.36,2021-03-24,746,N20,VIIRS,n,2,310.66,3.68,D,0
18.89995,80.64371,339.88,0.39,0.36,2021-03-24,746,N20,VIIRS,l,2,310.85,9.03,D,0
18.90007,80.38376,340.17,0.4,0.37,2021-03-24,746,N20,VIIRS,n,2,308.87,2.55,D,0
18.90046,80.36441,341.77,0.4,0.37,2021-03-24,746,N20,VIIRS,n,2,311.01,5.86,D,0
18.90112,80.26813,332.76,0.4,0.37,2021-03-24,746,N20,VIIRS,l,2,307.57,2.82,D,0
18.90233,80.27563,335.37,0.4,0.37,2021-03-24,746,N20,VIIRS,l,2,310.35,2.25,D,0
18.90261,81.11807,337.24,0.39,0.36,2021-03-24,746,N20,VIIRS,l,2,310.03,3.32,D,0
18.90275,79.60983,343.6,0.42,0.37,2021-03-24,746,N20,VIIRS,l,2,307.47,4.13,D,0
18.903,80.23689,336.47,0.4,0.37,2021-03-24,746,N20,VIIRS,l,2,307.09,3.13,D,0
18.90327,80.64314,355.01,0.39,0.36,2021-03-24,746,N20,VIIRS,n,2,314.93,9.03,D,0
18.90385,80.64683,344.68,0.39,0.36,2021-03-24,746,N20,VIIRS,n,2,311.05,8.02,D,0
18.90413,79.3613,349.71,0.42,0.38,2021-03-24,746,N20,VIIRS,n,2,313.89,7.87,D,0
18.90447,80.26754,344.56,0.4,0.37,2021-03-24,746,N20,VIIRS,n,2,309.73,2.82,D,0
18.90478,80.34824,339.61,0.4,0.37,2021-03-24,746,N20,VIIRS,l,2,311.78,3.3,D,0
18.90486,80.20557,334.49,0.4,0.37,2021-03-24,746,N20,VIIRS,l,2,309.04,1.59,D,0
18.90498,80.37132,339.09,0.4,0.37,2021-03-24,746,N20,VIIRS,l,2,309.51,3.35,D,0
18.90605,79.82491,336.32,0.41,0.37,2021-03-24,746,N20,VIIRS,l,2,308.61,3.52,D,0
18.9066,80.64256,350.15,0.39,0.36,2021-03-24,746,N20,VIIRS,n,2,312.7,7.6,D,0
18.90718,80.64624,353.29,0.39,0.36,2021-03-24,746,N20,VIIRS,n,2,312.8,4.34,D,0
18.90757,79.36066,344.44,0.42,0.38,2021-03-24,746,N20,VIIRS,n,2,311.36,7.87,D,0
18.90775,80.64993,334.61,0.39,0.36,2021-03-24,746,N20,VIIRS,n,2,308.11,4.34,D,0
18.90833,80.37073,343.79,0.4,0.37,2021-03-24,746,N20,VIIRS,n,2,311.63,3.35,D,0
18.90934,80.63828,348.55,0.39,0.36,2021-03-24,746,N20,VIIRS,n,2,314.03,7.6,D,0
18.90978,80.88011,340.11,0.39,0.36,2021-03-24,746,N20,VIIRS,l,2,312.94,4.97,D,0
18.9105,80.64566,338.96,0.39,0.36,2021-03-24,746,N20,VIIRS,n,2,308.95,4.34,D,0
18.91108,80.64935,333.48,0.39,0.36,2021-03-24,746,N20,VIIRS,l,2,307.28,4.34,D,0
18.9114,80.69483,343.13,0.39,0.36,2021-03-24,746,N20,VIIRS,n,2,309.13,3.85,D,0
18.91282,79.30624,342.08,0.43,0.38,2021-03-24,746,N20,VIIRS,n,2,309.71,5.52,D,0
18.91364,81.12362,337.53,0.39,0.36,2021-03-24,746,N20,VIIRS,l,2,311.31,2.61,D,0
18.91382,80.64509,335.13,0.39,0.36,2021-03-24,746,N20,VIIRS,l,2,308.41,3.52,D,0
18.91502,80.73964,351.35,0.39,0.36,2021-03-24,746,N20,VIIRS,n,2,319.57,25.8,D,0
18.91656,81.01055,333.74,0.39,0.36,2021-03-24,746,N20,VIIRS,l,2,308.5,2.35,D,0
18.91657,80.64082,341.11,0.39,0.36,2021-03-24,746,N20,VIIRS,n,2,310.28,4.75,D,0
18.91689,80.08679,334.59,0.4,0.37,2021-03-24,746,N20,VIIRS,l,2,309.44,1.5,D,0
18.91715,80.6445,336.17,0.39,0.36,2021-03-24,746,N20,VIIRS,l,2,308.69,3.52,D,0
18.91736,80.36936,336.21,0.4,0.37,2021-03-24,746,N20,VIIRS,l,2,311.06,2.45,D,0
18.91987,81.00999,336.23,0.39,0.36,2021-03-24,746,N20,VIIRS,n,2,307.93,2.35,D,0
18.92002,80.25706,340.45,0.4,0.37,2021-03-24,746,N20,VIIRS,n,2,308.55,3.84,D,0
18.92063,80.26083,344.17,0.4,0.37,2021-03-24,746,N20,VIIRS,n,2,308.33,3.54,D,0
18.92087,80.08999,335.93,0.4,0.37,2021-03-24,746,N20,VIIRS,l,2,309.0,1.57,D,0
18.92105,80.6476,342.62,0.39,0.36,2021-03-24,746,N20,VIIRS,n,2,308.96,4.66,D,0
18.92123,80.26458,342.89,0.4,0.37,2021-03-24,746,N20,VIIRS,n,2,311.26,3.54,D,0
18.92171,79.31707,335.7,0.43,0.38,2021-03-24,746,N20,VIIRS,l,2,309.7,4.2,D,0
18.92209,81.48728,341.29,0.38,0.36,2021-03-24,746,N20,VIIRS,n,2,312.31,3.69,D,0
18.92225,80.50283,333.16,0.4,0.37,2021-03-24,746,N20,VIIRS,l,2,306.53,2.91,D,0
18.92241,80.52568,346.3,0.39,0.37,2021-03-24,746,N20,VIIRS,n,2,308.61,5.62,D,0
18.92362,80.0856,335.51,0.4,0.37,2021-03-24,746,N20,VIIRS,l,2,309.47,3.31,D,0
18.92398,80.26023,334.86,0.4,0.37,2021-03-24,746,N20,VIIRS,l,2,308.11,3.54,D,0
18.92458,80.26398,337.63,0.4,0.37,2021-03-24,746,N20,VIIRS,l,2,308.01,3.54,D,0
18.92506,80.46046,347.5,0.4,0.37,2021-03-24,746,N20,VIIRS,n,2,307.49,4.78,D,0
18.92516,80.5214,336.23,0.39,0.37,2021-03-24,746,N20,VIIRS,l,2,308.19,5.62,D,0
18.92565,80.46416,333.36,0.4,0.37,2021-03-24,746,N20,VIIRS,l,2,304.72,4.78,D,0
18.92634,80.87724,338.99,0.39,0.36,2021-03-24,746,N20,VIIRS,l,2,312.44,4.53,D,0
18.92663,78.88422,336.99,0.44,0.39,2021-03-24,746,N20,VIIRS,n,2,308.53,4.28,D,0
18.92669,79.80134,345.8,0.41,0.37,2021-03-24,746,N20,VIIRS,n,2,310.64,3.26,D,0
18.92723,79.80136,342.47,0.41,0.37,2021-03-24,746,N20,VIIRS,n,2,311.2,4.33,D,0
18.92732,78.88834,336.21,0.44,0.39,2021-03-24,746,N20,VIIRS,n,2,307.85,4.28,D,0
18.92833,80.49799,339.88,0.4,0.37,2021-03-24,746,N20,VIIRS,n,2,308.09,5.75,D,0
18.92899,80.46356,337.13,0.4,0.37,2021-03-24,746,N20,VIIRS,n,2,306.18,4.78,D,0
18.92908,80.5245,348.62,0.39,0.37,2021-03-24,746,N20,VIIRS,n,2,309.08,3.6,D,0
18.93241,80.5239,338.0,0.39,0.37,2021-03-24,746,N20,VIIRS,n,2,309.54,3.6,D,0
18.9332,80.63793,335.04,0.39,0.36,2021-03-24,746,N20,VIIRS,l,2,309.19,2.29,D,0
18.93547,81.04477,338.62,0.39,0.36,2021-03-24,746,N20,VIIRS,n,2,306.5,3.21,D,0
18.93557,81.06724,334.5,0.39,0.36,2021-03-24,746,N20,VIIRS,l,2,307.83,1.43,D,0
18.9357,80.52724,338.05,0.39,0.37,2021-03-24,746,N20,VIIRS,l,2,308.4,3.04,D,0
18.93578,80.78516,342.92,0.39,0.36,2021-03-24,746,N20,VIIRS,l,2,313.67,4.89,D,0
18.93604,81.04842,347.95,0.39,0.36,2021-03-24,746,N20,VIIRS,n,2,308.89,5.53,D,0
18.94203,80.22223,341.04,0.4,0.37,2021-03-24,746,N20,VIIRS,n,2,310.66,9.17,D,0
18.94393,80.51436,336.13,0.39,0.37,2021-03-24,746,N20,VIIRS,l,2,308.34,2.25,D,0
18.94499,81.08427,334.26,0.39,0.36,2021-03-24,746,N20,VIIRS,l,2,309.16,3.37,D,0
18.94509,80.34928,333.02,0.4,0.37,2021-03-24,746,N20,VIIRS,l,2,306.46,1.02,D,0
18.94511,80.52178,348.26,0.39,0.37,2021-03-24,746,N20,VIIRS,n,2,311.06,10.54,D,0
18.94564,80.87015,341.44,0.39,0.36,2021-03-24,746,N20,VIIRS,n,2,312.0,2.8,D,0
18.94569,80.52547,334.72,0.39,0.37,2021-03-24,746,N20,VIIRS,l,2,307.9,2.38,D,0
18.94635,78.59479,348.15,0.45,0.39,2021-03-24,746,N20,VIIRS,n,2,309.95,8.09,D,0
18.94721,78.59359,338.18,0.46,0.39,2021-03-24,746,N20,VIIRS,l,2,309.68,7.98,D,0
18.94785,80.51748,345.57,0.39,0.37,2021-03-24,746,N20,VIIRS,n,2,309.73,10.9,D,0
18.94902,80.52489,341.2,0.39,0.37,2021-03-24,746,N20,VIIRS,n,2,308.76,4.02,D,0
18.94968,80.05367,339.15,0.4,0.37,2021-03-24,746,N20,VIIRS,n,2,307.92,2.32,D,0
18.95023,80.35994,344.35,0.4,0.37,2021-03-24,746,N20,VIIRS,n,2,309.97,5.18,D,0
18.9517,80.66889,337.95,0.39,0.36,2021-03-24,746,N20,VIIRS,l,2,311.33,4.3,D,0
18.95223,80.28613,341.82,0.4,0.37,2021-03-24,746,N20,VIIRS,n,2,311.4,4.01,D,0
18.95438,81.25443,337.99,0.39,0.36,2021-03-24,746,N20,VIIRS,l,2,312.63,2.74,D,0
18.95444,80.66462,337.45,0.39,0.36,2021-03-24,746,N20,VIIRS,l,2,310.56,2.89,D,0
18.95477,80.3669,332.37,0.4,0.37,2021-03-24,746,N20,VIIRS,l,2,305.98,5.13,D,0
18.95558,80.28555,339.53,0.4,0.37,2021-03-24,746,N20,VIIRS,l,2,311.36,4.01,D,0
18.95646,80.00925,351.6,0.41,0.37,2021-03-24,746,N20,VIIRS,n,2,311.41,5.51,D,0
18.95646,80.48544,335.91,0.4,0.37,2021-03-24,746,N20,VIIRS,l,2,306.22,3.09,D,0
18.95744,80.6642,343.73,0.39,0.36,2021-03-24,746,N20,VIIRS,n,2,310.52,3.6,D,0
18.95921,80.61069,336.96,0.39,0.36,2021-03-24,746,N20,VIIRS,n,2,307.81,4.97,D,0
18.95929,80.26558,346.68,0.4,0.37,2021-03-24,746,N20,VIIRS,n,2,310.31,4.73,D,0
18.95979,80.48486,337.34,0.4,0.37,2021-03-24,746,N20,VIIRS,n,2,307.17,3.09,D,0
18.95988,80.37746,335.75,0.4,0.37,2021-03-24,746,N20,VIIRS,l,2,309.38,6.37,D,0
18.9622,79.97291,344.83,0.41,0.37,2021-03-24,746,N20,VIIRS,n,2,308.99,3.21,D,0
18.96254,80.61012,346.14,0.39,0.36,2021-03-24,746,N20,VIIRS,n,2,308.53,6.93,D,0
18.96323,80.37688,335.34,0.4,0.37,2021-03-24,746,N20,VIIRS,l,2,308.09,6.37,D,0
18.96408,80.66303,337.57,0.39,0.36,2021-03-24,746,N20,VIIRS,l,2,310.08,2.02,D,0
18.96528,80.19492,343.54,0.4,0.37,2021-03-24,746,N20,VIIRS,n,2,311.52,6.08,D,0
18.96563,80.8893,352.31,0.39,0.36,2021-03-24,746,N20,VIIRS,n,2,312.6,4.83,D,0
18.96586,80.60953,340.81,0.39,0.36,2021-03-24,746,N20,VIIRS,n,2,307.8,6.93,D,0
18.96652,80.05065,334.91,0.4,0.37,2021-03-24,746,N20,VIIRS,n,2,308.81,1.95,D,0
18.96688,80.02312,337.95,0.4,0.37,2021-03-24,746,N20,VIIRS,l,2,307.89,4.42,D,0
18.96712,80.05446,336.46,0.4,0.37,2021-03-24,746,N20,VIIRS,l,2,309.05,1.95,D,0
18.96766,80.96792,340.15,0.39,0.36,2021-03-24,746,N20,VIIRS,l,2,311.02,2.46,D,0
18.96815,80.25629,337.94,0.4,0.37,2021-03-24,746,N20,VIIRS,l,2,308.79,2.78,D,0
18.96847,80.05421,334.86,0.4,0.37,2021-03-24,746,N20,VIIRS,l,2,308.58,3.31,D,0
18.96894,80.88873,343.58,0.39,0.36,2021-03-24,746,N20,VIIRS,l,2,314.9,4.83,D,0
18.96938,80.43728,343.32,0.4,0.37,2021-03-24,746,N20,VIIRS,n,2,308.58,6.32,D,0
18.97313,80.48251,344.09,0.4,0.37,2021-03-24,746,N20,VIIRS,n,2,309.69,4.98,D,0
18.97371,80.48622,340.59,0.4,0.37,2021-03-24,746,N20,VIIRS,n,2,310.38,4.98,D,0
18.9752,80.34409,336.0,0.4,0.37,2021-03-24,746,N20,VIIRS,l,2,307.34,3.48,D,0
18.97544,79.36899,337.35,0.42,0.38,2021-03-24,746,N20,VIIRS,l,2,311.8,4.77,D,0
18.97555,80.32461,341.06,0.4,0.37,2021-03-24,746,N20,VIIRS,n,2,309.55,2.63,D,0
18.9776,80.02508,339.98,0.4,0.37,2021-03-24,746,N20,VIIRS,l,2,310.36,4.54,D,0
18.97782,80.44726,345.57,0.4,0.37,2021-03-24,746,N20,VIIRS,n,2,308.02,4.1,D,0
18.97795,80.92477,339.03,0.39,0.36,2021-03-24,746,N20,VIIRS,l,2,313.8,3.14,D,0
18.97919,80.41255,344.87,0.4,0.37,2021-03-24,746,N20,VIIRS,n,2,308.94,3.29,D,0
18.97956,79.37239,346.21,0.42,0.38,2021-03-24,746,N20,VIIRS,l,2,312.8,9.12,D,0
18.9802,81.07069,339.41,0.39,0.36,2021-03-24,746,N20,VIIRS,l,2,312.47,1.99,D,0
18.98057,80.44297,335.17,0.4,0.37,2021-03-24,746,N20,VIIRS,l,2,309.17,4.1,D,0
18.98116,80.44668,337.37,0.4,0.37,2021-03-24,746,N20,VIIRS,l,2,308.06,4.1,D,0
18.98135,80.40453,336.44,0.4,0.37,2021-03-24,746,N20,VIIRS,n,2,307.23,3.52,D,0
18.98252,80.23833,337.36,0.4,0.37,2021-03-24,746,N20,VIIRS,l,2,308.17,2.76,D,0
18.98255,80.84494,343.66,0.39,0.36,2021-03-24,746,N20,VIIRS,n,2,313.64,5.08,D,0
18.98261,81.13013,344.38,0.39,0.36,2021-03-24,746,N20,VIIRS,n,2,312.43,2.43,D,0
18.98278,80.71663,336.69,0.39,0.36,2021-03-24,746,N20,VIIRS,l,2,310.93,2.97,D,0
18.98312,80.41571,337.4,0.4,0.37,2021-03-24,746,N20,VIIRS,n,2,307.23,3.29,D,0
18.98645,80.41511,337.21,0.4,0.37,2021-03-24,746,N20,VIIRS,l,2,309.26,4.03,D,0
18.98705,80.41887,333.59,0.4,0.37,2021-03-24,746,N20,VIIRS,l,2,306.87,2.97,D,0
18.99038,80.41827,343.24,0.4,0.37,2021-03-24,746,N20,VIIRS,n,2,308.28,2.97,D,0
18.99063,80.26778,338.27,0.4,0.37,2021-03-24,746,N20,VIIRS,l,2,311.43,2.93,D,0
18.99099,80.70382,338.37,0.39,0.36,2021-03-24,746,N20,VIIRS,l,2,312.03,5.15,D,0
18.99216,80.42953,336.25,0.4,0.37,2021-03-24,746,N20,VIIRS,n,2,307.19,1.14,D,0
18.99491,80.42518,344.91,0.4,0.37,2021-03-24,746,N20,VIIRS,n,2,310.18,6.27,D,0
18.9955,80.42894,349.71,0.4,0.37,2021-03-24,746,N20,VIIRS,n,2,309.51,6.27,D,0
18.99609,80.43267,354.8,0.4,0.37,2021-03-24,746,N20,VIIRS,n,2,310.38,10.22,D,0
18.99686,80.45925,348.67,0.4,0.37,2021-03-24,746,N20,VIIRS,n,2,308.79,4.65,D,0
18.99717,80.2318,342.64,0.4,0.37,2021-03-24,746,N20,VIIRS,n,2,309.45,5.83,D,0
18.99777,80.23555,351.19,0.4,0.37,2021-03-24,746,N20,VIIRS,n,2,309.74,5.83,D,0
18.99824,80.42458,342.76,0.4,0.37,2021-03-24,746,N20,VIIRS,n,2,310.35,6.27,D,0
18.99825,81.03394,335.65,0.39,0.36,2021-03-24,746,N20,VIIRS,l,2,309.48,1.12,D,0
18.99902,80.45124,335.84,0.4,0.37,2021-03-24,746,N20,VIIRS,l,2,308.09,3.45,D,0
18.99942,80.43206,340.99,0.4,0.37,2021-03-24,746,N20,VIIRS,n,2,309.47,10.22,D,0
18.99961,80.45496,339.2,0.4,0.37,2021-03-24,746,N20,VIIRS,n,2,308.38,4.39,D,0
19.00065,79.30698,343.94,0.43,0.38,2021-03-24,746,N20,VIIRS,l,2,312.08,6.0,D,0
19.00131,79.311,338.21,0.43,0.38,2021-03-24,746,N20,VIIRS,l,2,310.36,6.0,D,0
19.00139,78.83209,338.09,0.44,0.39,2021-03-24,746,N20,VIIRS,l,2,309.37,3.0,D,0
19.00172,80.23872,333.9,0.4,0.37,2021-03-24,746,N20,VIIRS,l,2,308.87,1.73,D,0
19.00236,80.45068,345.84,0.4,0.37,2021-03-24,746,N20,VIIRS,n,2,308.99,3.45,D,0
19.00276,80.43144,335.26,0.4,0.37,2021-03-24,746,N20,VIIRS,l,2,308.34,2.88,D,0
19.00348,81.1116,346.95,0.39,0.36,2021-03-24,746,N20,VIIRS,n,2,311.89,1.14,D,0
19.00353,80.6751,346.87,0.39,0.36,2021-03-24,746,N20,VIIRS,n,2,309.74,5.44,D,0
19.00382,80.89401,337.96,0.39,0.36,2021-03-24,746,N20,VIIRS,l,2,312.56,1.67,D,0
19.0057,80.4501,344.81,0.4,0.37,2021-03-24,746,N20,VIIRS,n,2,309.19,5.18,D,0
19.00668,80.43459,339.31,0.4,0.37,2021-03-24,746,N20,VIIRS,n,2,308.06,2.88,D,0
19.00678,81.11103,353.61,0.39,0.36,2021-03-24,746,N20,VIIRS,n,2,314.41,7.47,D,0
19.00843,80.23753,340.79,0.4,0.37,2021-03-24,746,N20,VIIRS,n,2,309.2,3.64,D,0
19.00845,80.4458,336.98,0.4,0.37,2021-03-24,746,N20,VIIRS,l,2,308.49,5.18,D,0
19.00863,80.77266,343.27,0.39,0.36,2021-03-24,746,N20,VIIRS,n,2,310.42,3.78,D,0
19.00864,78.48586,334.59,0.46,0.39,2021-03-24,746,N20,VIIRS,n,2,305.72,2.91,D,0
19.00872,81.49829,335.2,0.38,0.36,2021-03-24,746,N20,VIIRS,l,2,308.27,2.34,D,0
19.01007,80.7384,337.22,0.39,0.36,2021-03-24,746,N20,VIIRS,n,2,308.02,1.89,D,0
19.01078,80.46059,340.25,0.4,0.37,2021-03-24,746,N20,VIIRS,n,2,308.16,2.58,D,0
19.01178,80.44521,334.38,0.4,0.37,2021-03-24,746,N20,VIIRS,l,2,307.33,1.99,D,0
19.01207,80.70773,343.17,0.39,0.36,2021-03-24,746,N20,VIIRS,n,2,311.77,3.92,D,0
19.01237,80.44891,335.86,0.4,0.37,2021-03-24,746,N20,VIIRS,l,2,306.6,1.99,D,0
19.01353,80.45628,344.64,0.4,0.37,2021-03-24,746,N20,VIIRS,n,2,309.38,5.27,D,0
19.01407,80.67706,337.44,0.39,0.36,2021-03-24,746,N20,VIIRS,l,2,309.81,2.28,D,0
19.01411,80.45998,337.0,0.4,0.37,2021-03-24,746,N20,VIIRS,n,2,307.91,2.18,D,0
19.01539,80.98974,336.5,0.39,0.36,2021-03-24,746,N20,VIIRS,l,2,310.25,2.35,D,0
19.01583,80.77515,343.11,0.39,0.36,2021-03-24,746,N20,VIIRS,n,2,312.09,4.97,D,0
19.01628,80.45198,348.25,0.4,0.37,2021-03-24,746,N20,VIIRS,n,2,310.31,5.27,D,0
19.01686,80.45567,335.36,0.4,0.37,2021-03-24,746,N20,VIIRS,l,2,308.15,5.27,D,0
19.01732,80.58909,333.77,0.39,0.36,2021-03-24,746,N20,VIIRS,n,2,306.76,4.94,D,0
19.01788,80.23202,334.32,0.4,0.37,2021-03-24,746,N20,VIIRS,l,2,308.14,2.19,D,0
19.01791,80.59279,345.69,0.39,0.36,2021-03-24,746,N20,VIIRS,n,2,309.05,4.94,D,0
19.01812,80.98553,343.63,0.39,0.36,2021-03-24,746,N20,VIIRS,n,2,310.19,6.18,D,0
19.01844,80.44396,336.57,0.4,0.37,2021-03-24,746,N20,VIIRS,l,2,307.97,2.46,D,0
19.01961,80.45135,345.18,0.4,0.37,2021-03-24,746,N20,VIIRS,n,2,309.18,3.99,D,0
19.02008,77.82246,339.86,0.49,0.41,2021-03-24,746,N20,VIIRS,l,2,314.27,3.87,D,0
19.0202,80.45506,334.34,0.4,0.37,2021-03-24,746,N20,VIIRS,n,2,308.46,3.99,D,0
19.02178,80.44333,343.45,0.4,0.37,2021-03-24,746,N20,VIIRS,n,2,309.43,2.46,D,0
19.02631,77.82304,341.65,0.49,0.41,2021-03-24,746,N20,VIIRS,l,2,314.81,5.28,D,0
19.02896,80.75019,336.79,0.39,0.36,2021-03-24,746,N20,VIIRS,l,2,311.01,2.87,D,0
19.03106,80.2067,346.9,0.4,0.37,2021-03-24,746,N20,VIIRS,n,2,307.7,4.03,D,0
19.03232,81.07672,342.53,0.39,0.36,2021-03-24,746,N20,VIIRS,l,2,313.94,3.94,D,0
19.03254,80.46816,340.95,0.4,0.37,2021-03-24,746,N20,VIIRS,n,2,307.82,3.06,D,0
19.03438,80.56705,346.35,0.39,0.36,2021-03-24,746,N20,VIIRS,n,2,308.78,3.83,D,0
19.03524,80.23282,336.48,0.4,0.37,2021-03-24,746,N20,VIIRS,l,2,307.12,2.5,D,0
19.03544,80.63921,348.09,0.39,0.36,2021-03-24,746,N20,VIIRS,n,2,310.56,7.88,D,0
19.03584,80.23656,336.72,0.4,0.37,2021-03-24,746,N20,VIIRS,l,2,307.71,2.5,D,0
19.03695,80.1357,348.15,0.4,0.37,2021-03-24,746,N20,VIIRS,n,2,309.88,7.2,D,0
19.0371,81.17312,341.86,0.39,0.36,2021-03-24,746,N20,VIIRS,l,2,314.45,4.32,D,0
19.03739,80.22472,338.15,0.4,0.37,2021-03-24,746,N20,VIIRS,l,2,308.16,3.09,D,0
19.0377,80.56647,344.25,0.39,0.36,2021-03-24,746,N20,VIIRS,n,2,310.14,6.35,D,0
19.03779,80.50162,342.06,0.39,0.37,2021-03-24,746,N20,VIIRS,n,2,308.41,2.78,D,0
19.03799,80.22847,338.66,0.4,0.37,2021-03-24,746,N20,VIIRS,l,2,308.7,3.09,D,0
19.03859,80.23222,350.17,0.4,0.37,2021-03-24,746,N20,VIIRS,n,2,309.91,5.33,D,0
19.03919,80.23598,339.57,0.4,0.37,2021-03-24,746,N20,VIIRS,n,2,308.29,5.33,D,0
19.03976,80.08846,339.15,0.4,0.37,2021-03-24,746,N20,VIIRS,l,2,309.89,3.5,D,0
19.04031,80.13509,333.03,0.4,0.37,2021-03-24,746,N20,VIIRS,l,2,306.75,7.2,D,0
19.04062,81.08651,341.3,0.39,0.36,2021-03-24,746,N20,VIIRS,l,2,314.06,3.94,D,0
19.0439,80.95481,347.85,0.39,0.36,2021-03-24,746,N20,VIIRS,n,2,312.96,4.64,D,0
19.04537,80.51154,337.72,0.39,0.36,2021-03-24,746,N20,VIIRS,l,2,309.55,3.75,D,0
19.04575,78.538,348.96,0.46,0.39,2021-03-24,746,N20,VIIRS,n,2,311.57,6.19,D,0
19.04612,80.47323,341.01,0.39,0.37,2021-03-24,746,N20,VIIRS,n,2,309.42,6.0,D,0
19.04652,78.53651,347.99,0.46,0.39,2021-03-24,746,N20,VIIRS,n,2,311.83,6.11,D,0
19.04655,80.51896,347.06,0.39,0.36,2021-03-24,746,N20,VIIRS,n,2,309.38,6.08,D,0
19.04657,81.45846,343.25,0.38,0.36,2021-03-24,746,N20,VIIRS,n,2,311.57,3.54,D,0
19.04659,81.21256,342.6,0.39,0.36,2021-03-24,746,N20,VIIRS,n,2,310.12,3.7,D,0
19.04856,78.74575,337.54,0.45,0.39,2021-03-24,746,N20,VIIRS,n,2,310.32,3.74,D,0
19.04931,78.53735,341.51,0.46,0.39,2021-03-24,746,N20,VIIRS,n,2,310.09,3.12,D,0
19.05047,80.64799,334.49,0.39,0.36,2021-03-24,746,N20,VIIRS,l,2,308.08,2.72,D,0
19.05136,78.7625,342.63,0.45,0.39,2021-03-24,746,N20,VIIRS,n,2,311.87,5.33,D,0
19.05162,80.65537,335.8,0.39,0.36,2021-03-24,746,N20,VIIRS,n,2,308.47,2.42,D,0
19.05227,80.10184,337.58,0.4,0.37,2021-03-24,746,N20,VIIRS,l,2,308.75,1.35,D,0
19.05287,78.5367,336.64,0.46,0.39,2021-03-24,746,N20,VIIRS,l,2,309.45,3.12,D,0
19.05408,80.1132,334.11,0.4,0.37,2021-03-24,746,N20,VIIRS,n,2,308.41,1.18,D,0
19.05421,80.71554,337.11,0.39,0.36,2021-03-24,746,N20,VIIRS,l,2,309.55,2.01,D,0
19.05505,81.114,340.34,0.39,0.36,2021-03-24,746,N20,VIIRS,l,2,311.11,3.37,D,0
19.05535,81.05032,346.95,0.39,0.36,2021-03-24,746,N20,VIIRS,n,2,316.46,4.42,D,0
19.0558,80.70388,345.0,0.39,0.36,2021-03-24,746,N20,VIIRS,n,2,312.86,3.98,D,0
19.05595,80.23301,334.56,0.4,0.37,2021-03-24,746,N20,VIIRS,l,2,306.71,1.86,D,0
19.05695,80.71127,337.7,0.39,0.36,2021-03-24,746,N20,VIIRS,n,2,308.86,2.01,D,0
19.05747,81.17344,337.02,0.39,0.36,2021-03-24,746,N20,VIIRS,l,2,309.73,3.1,D,0
19.05906,80.20928,340.79,0.4,0.37,2021-03-24,746,N20,VIIRS,n,2,309.31,4.51,D,0
19.06079,80.11194,347.89,0.4,0.37,2021-03-24,746,N20,VIIRS,n,2,309.58,5.75,D,0
19.06085,80.22055,339.93,0.4,0.37,2021-03-24,746,N20,VIIRS,n,2,308.36,3.85,D,0
19.06086,80.566,337.99,0.39,0.36,2021-03-24,746,N20,VIIRS,l,2,309.51,4.86,D,0
19.06145,80.2243,335.03,0.4,0.37,2021-03-24,746,N20,VIIRS,l,2,307.65,3.85,D,0
19.06145,80.56971,336.82,0.39,0.36,2021-03-24,746,N20,VIIRS,l,2,309.83,4.86,D,0
19.06153,81.24357,344.78,0.39,0.36,2021-03-24,746,N20,VIIRS,n,2,314.54,6.38,D,0
19.0623,80.68003,331.89,0.39,0.36,2021-03-24,746,N20,VIIRS,l,2,306.2,2.73,D,0
19.0627,81.0977,339.38,0.39,0.36,2021-03-24,746,N20,VIIRS,l,2,312.72,3.86,D,0
19.06429,80.73647,344.63,0.39,0.36,2021-03-24,746,N20,VIIRS,n,2,309.72,3.05,D,0
19.06478,80.56914,336.09,0.39,0.36,2021-03-24,746,N20,VIIRS,l,2,308.57,3.15,D,0
19.06499,80.76282,337.21,0.39,0.36,2021-03-24,746,N20,VIIRS,l,2,310.22,3.89,D,0
19.0654,80.22746,339.22,0.4,0.37,2021-03-24,746,N20,VIIRS,n,2,308.88,2.98,D,0
19.06562,80.67946,339.87,0.39,0.36,2021-03-24,746,N20,VIIRS,n,2,311.16,2.73,D,0
19.06636,80.21185,350.21,0.4,0.37,2021-03-24,746,N20,VIIRS,n,2,308.35,5.98,D,0
19.06712,80.51919,351.41,0.39,0.36,2021-03-24,746,N20,VIIRS,n,2,310.66,4.47,D,0
19.06761,80.7359,336.56,0.39,0.36,2021-03-24,746,N20,VIIRS,l,2,308.37,3.05,D,0
19.06771,80.5229,334.52,0.39,0.36,2021-03-24,746,N20,VIIRS,l,2,307.03,4.47,D,0
19.06924,80.83378,340.67,0.39,0.36,2021-03-24,746,N20,VIIRS,l,2,310.99,1.55,D,0
19.06971,80.21124,341.48,0.4,0.37,2021-03-24,746,N20,VIIRS,n,2,308.77,2.06,D,0
19.06986,80.5149,342.29,0.39,0.36,2021-03-24,746,N20,VIIRS,n,2,309.74,4.25,D,0
19.07031,80.215,332.87,0.4,0.37,2021-03-24,746,N20,VIIRS,l,2,307.61,2.06,D,0
19.07104,80.52232,338.17,0.39,0.36,2021-03-24,746,N20,VIIRS,l,2,309.78,6.61,D,0
19.07116,79.71555,334.85,0.41,0.37,2021-03-24,746,N20,VIIRS,l,2,308.34,2.51,D,0
19.07141,80.82587,340.11,0.39,0.36,2021-03-24,746,N20,VIIRS,n,2,309.52,2.98,D,0
19.07199,80.44189,340.42,0.4,0.37,2021-03-24,746,N20,VIIRS,n,2,308.42,3.15,D,0
19.07256,79.7671,341.55,0.41,0.37,2021-03-24,746,N20,VIIRS,n,2,310.29,3.56,D,0
19.07306,80.21062,334.56,0.4,0.37,2021-03-24,746,N20,VIIRS,l,2,307.94,2.06,D,0
19.07319,80.51432,336.46,0.39,0.36,2021-03-24,746,N20,VIIRS,l,2,309.72,4.25,D,0
19.07366,80.21439,336.96,0.4,0.37,2021-03-24,746,N20,VIIRS,l,2,307.69,2.06,D,0
19.07494,79.73881,335.31,0.41,0.37,2021-03-24,746,N20,VIIRS,l,2,309.83,2.2,D,0
19.07613,80.53287,335.27,0.39,0.36,2021-03-24,746,N20,VIIRS,l,2,308.58,2.67,D,0
19.0776,81.10638,343.23,0.39,0.36,2021-03-24,746,N20,VIIRS,l,2,315.37,6.48,D,0
19.07801,80.93385,339.87,0.39,0.36,2021-03-24,746,N20,VIIRS,l,2,312.12,5.22,D,0
19.08023,80.42901,336.09,0.4,0.37,2021-03-24,746,N20,VIIRS,n,2,306.83,2.48,D,0
19.0806,80.12781,335.33,0.4,0.37,2021-03-24,746,N20,VIIRS,l,2,310.13,1.62,D,0
19.08274,81.00814,339.35,0.39,0.36,2021-03-24,746,N20,VIIRS,l,2,313.48,2.99,D,0
19.08281,80.74809,338.36,0.39,0.36,2021-03-24,746,N20,VIIRS,l,2,311.71,2.24,D,0
19.08284,81.49695,338.98,0.38,0.36,2021-03-24,746,N20,VIIRS,l,2,309.98,2.76,D,0
19.08317,80.57736,341.74,0.39,0.36,2021-03-24,746,N20,VIIRS,n,2,308.11,5.08,D,0
19.08356,80.42841,331.94,0.4,0.37,2021-03-24,746,N20,VIIRS,l,2,306.48,1.51,D,0
19.08423,78.54848,347.28,0.46,0.39,2021-03-24,746,N20,VIIRS,n,2,311.42,9.48,D,0
19.08491,80.22013,339.01,0.4,0.37,2021-03-24,746,N20,VIIRS,n,2,309.88,2.99,D,0
19.08551,80.59217,333.77,0.39,0.36,2021-03-24,746,N20,VIIRS,n,2,306.95,2.88,D,0
19.08568,81.48898,344.02,0.38,0.36,2021-03-24,746,N20,VIIRS,n,2,309.3,3.49,D,0
19.08612,80.74751,347.69,0.39,0.36,2021-03-24,746,N20,VIIRS,n,2,312.54,5.35,D,0
19.0867,80.75118,343.08,0.39,0.36,2021-03-24,746,N20,VIIRS,l,2,313.11,7.04,D,0
19.08767,80.58418,335.4,0.39,0.36,2021-03-24,746,N20,VIIRS,l,2,306.97,2.37,D,0
19.08788,80.41235,338.81,0.4,0.37,2021-03-24,746,N20,VIIRS,n,2,309.16,3.79,D,0
19.08825,80.58788,332.4,0.39,0.36,2021-03-24,746,N20,VIIRS,l,2,307.16,2.37,D,0
19.08826,80.21954,338.71,0.4,0.37,2021-03-24,746,N20,VIIRS,n,2,308.92,2.99,D,0
19.08883,80.59158,333.67,0.39,0.36,2021-03-24,746,N20,VIIRS,l,2,306.88,3.0,D,0
19.08961,78.70901,345.48,0.45,0.39,2021-03-24,746,N20,VIIRS,n,2,309.98,4.34,D,0
19.08982,80.57619,335.61,0.39,0.36,2021-03-24,746,N20,VIIRS,l,2,306.4,4.94,D,0
19.09099,80.5836,342.85,0.39,0.36,2021-03-24,746,N20,VIIRS,n,2,308.08,2.37,D,0
19.09158,80.5873,334.43,0.39,0.36,2021-03-24,746,N20,VIIRS,n,2,306.86,2.37,D,0
19.09226,81.48787,340.61,0.38,0.36,2021-03-24,746,N20,VIIRS,n,2,311.57,2.48,D,0
19.09333,80.59841,342.2,0.39,0.36,2021-03-24,746,N20,VIIRS,n,2,307.42,2.92,D,0
19.09341,80.23024,336.45,0.4,0.37,2021-03-24,746,N20,VIIRS,l,2,310.9,2.9,D,0
19.09373,80.57931,351.51,0.39,0.36,2021-03-24,746,N20,VIIRS,n,2,307.44,5.02,D,0
19.09432,80.58301,335.4,0.39,0.36,2021-03-24,746,N20,VIIRS,l,2,309.04,3.06,D,0
19.0949,80.58671,333.98,0.39,0.36,2021-03-24,746,N20,VIIRS,l,2,308.68,3.06,D,0
19.09573,80.48364,338.35,0.39,0.37,2021-03-24,746,N20,VIIRS,n,2,307.61,3.6,D,0
19.09632,80.48736,342.07,0.39,0.37,2021-03-24,746,N20,VIIRS,n,2,307.81,3.6,D,0
19.09648,80.57502,349.92,0.39,0.36,2021-03-24,746,N20,VIIRS,n,2,307.57,5.02,D,0
19.09706,80.57872,337.61,0.39,0.36,2021-03-24,746,N20,VIIRS,n,2,306.25,5.02,D,0
19.09825,80.82468,343.9,0.39,0.36,2021-03-24,746,N20,VIIRS,n,2,311.11,4.41,D,0
19.10061,80.53622,334.64,0.39,0.36,2021-03-24,746,N20,VIIRS,n,2,307.77,2.54,D,0
19.10081,81.34499,336.45,0.38,0.36,2021-03-24,746,N20,VIIRS,l,2,310.11,2.06,D,0
19.10106,79.16991,336.78,0.43,0.38,2021-03-24,746,N20,VIIRS,l,2,310.58,2.89,D,0
19.10269,79.0933,343.77,0.43,0.38,2021-03-24,746,N20,VIIRS,n,2,309.96,5.3,D,0
19.10279,80.46327,345.7,0.39,0.37,2021-03-24,746,N20,VIIRS,n,2,308.14,4.11,D,0
19.10398,77.83207,339.07,0.49,0.4,2021-03-24,746,N20,VIIRS,l,2,311.16,3.04,D,0
19.10407,80.62321,343.04,0.39,0.36,2021-03-24,746,N20,VIIRS,n,2,306.37,5.23,D,0
19.10437,79.18993,340.49,0.43,0.38,2021-03-24,746,N20,VIIRS,l,2,310.0,3.54,D,0
19.10466,80.62694,330.11,0.39,0.36,2021-03-24,746,N20,VIIRS,n,2,304.38,1.62,D,0
19.10597,79.15646,344.41,0.43,0.38,2021-03-24,746,N20,VIIRS,n,2,311.79,5.68,D,0
19.10617,79.09266,346.28,0.43,0.38,2021-03-24,746,N20,VIIRS,n,2,310.41,7.52,D,0
19.10633,81.35895,341.18,0.38,0.36,2021-03-24,746,N20,VIIRS,n,2,310.44,5.96,D,0
19.10671,80.46642,336.58,0.39,0.37,2021-03-24,746,N20,VIIRS,l,2,308.25,3.84,D,0
19.10766,77.83138,335.72,0.49,0.4,2021-03-24,746,N20,VIIRS,l,2,310.67,3.04,D,0
19.10907,81.35476,347.48,0.38,0.36,2021-03-24,746,N20,VIIRS,n,2,313.32,5.96,D,0
19.11004,80.23467,346.59,0.4,0.37,2021-03-24,746,N20,VIIRS,n,2,307.69,4.45,D,0
19.11147,81.48089,338.47,0.38,0.36,2021-03-24,746,N20,VIIRS,l,2,312.24,4.44,D,0
19.11221,80.45782,336.97,0.39,0.37,2021-03-24,746,N20,VIIRS,n,2,308.65,5.8,D,0
19.11279,80.23032,341.19,0.4,0.37,2021-03-24,746,N20,VIIRS,n,2,308.86,3.12,D,0
19.11279,80.46154,367.0,0.39,0.37,2021-03-24,746,N20,VIIRS,h,2,310.02,5.8,D,0
19.1135,81.14139,338.49,0.39,0.36,2021-03-24,746,N20,VIIRS,l,2,308.84,2.19,D,0
19.11418,78.33331,336.04,0.47,0.39,2021-03-24,746,N20,VIIRS,l,2,308.36,4.56,D,0
19.11462,78.46764,343.41,0.46,0.39,2021-03-24,746,N20,VIIRS,n,2,310.06,5.15,D,0
19.11465,80.19902,340.51,0.4,0.37,2021-03-24,746,N20,VIIRS,n,2,310.32,2.7,D,0
19.1153,81.02128,347.22,0.39,0.36,2021-03-24,746,N20,VIIRS,n,2,313.31,7.45,D,0
19.11582,78.33417,338.17,0.46,0.39,2021-03-24,746,N20,VIIRS,l,2,308.45,2.76,D,0
19.11612,80.46095,347.67,0.39,0.37,2021-03-24,746,N20,VIIRS,n,2,309.89,4.63,D,0
19.11671,80.46468,354.54,0.39,0.37,2021-03-24,746,N20,VIIRS,n,2,310.68,8.87,D,0
19.11684,80.14825,352.62,0.4,0.37,2021-03-24,746,N20,VIIRS,n,2,311.53,5.45,D,0
19.11687,81.16322,337.55,0.39,0.36,2021-03-24,746,N20,VIIRS,l,2,308.34,3.88,D,0
19.11732,77.77689,343.98,0.49,0.41,2021-03-24,746,N20,VIIRS,n,2,313.07,4.16,D,0
19.11743,81.16687,344.77,0.39,0.36,2021-03-24,746,N20,VIIRS,n,2,308.38,6.28,D,0
19.11745,80.15202,338.94,0.4,0.37,2021-03-24,746,N20,VIIRS,l,2,309.34,5.45,D,0
19.11946,80.46036,344.31,0.39,0.37,2021-03-24,746,N20,VIIRS,n,2,310.05,4.63,D,0
19.11947,81.33437,351.46,0.38,0.36,2021-03-24,746,N20,VIIRS,n,2,310.76,11.58,D,0
19.11972,79.73476,337.61,0.41,0.37,2021-03-24,746,N20,VIIRS,n,2,309.19,2.43,D,0
19.12073,81.1663,353.24,0.39,0.36,2021-03-24,746,N20,VIIRS,n,2,310.61,6.28,D,0
19.1208,80.15144,338.13,0.4,0.37,2021-03-24,746,N20,VIIRS,l,2,310.47,3.18,D,0
19.12141,80.1552,342.18,0.4,0.37,2021-03-24,746,N20,VIIRS,n,2,310.6,7.38,D,0
19.12217,81.30783,337.16,0.39,0.36,2021-03-24,746,N20,VIIRS,l,2,311.52,2.65,D,0
19.12243,80.63141,335.25,0.39,0.36,2021-03-24,746,N20,VIIRS,l,2,305.48,1.81,D,0
19.12273,81.31146,344.06,0.39,0.36,2021-03-24,746,N20,VIIRS,n,2,312.12,2.65,D,0
19.12343,80.87685,335.44,0.39,0.36,2021-03-24,746,N20,VIIRS,l,2,308.52,3.56,D,0
19.12387,80.85792,341.89,0.39,0.36,2021-03-24,746,N20,VIIRS,n,2,312.9,4.4,D,0
19.12496,77.79928,344.5,0.49,0.41,2021-03-24,746,N20,VIIRS,n,2,312.53,4.97,D,0
19.1257,80.13893,356.02,0.4,0.37,2021-03-24,746,N20,VIIRS,n,2,313.58,10.66,D,0
19.12603,81.31091,346.87,0.39,0.36,2021-03-24,746,N20,VIIRS,n,2,312.4,6.05,D,0
19.1263,80.14271,346.71,0.4,0.37,2021-03-24,746,N20,VIIRS,n,2,309.84,10.66,D,0
19.12906,80.13834,352.27,0.4,0.37,2021-03-24,746,N20,VIIRS,n,2,310.52,10.66,D,0
19.12929,80.35471,347.96,0.4,0.37,2021-03-24,746,N20,VIIRS,n,2,308.62,6.8,D,0
19.13073,80.38516,339.24,0.4,0.37,2021-03-24,746,N20,VIIRS,n,2,308.99,4.4,D,0
19.13175,81.1719,339.29,0.39,0.36,2021-03-24,746,N20,VIIRS,l,2,312.11,4.16,D,0
19.13242,80.13776,345.25,0.4,0.37,2021-03-24,746,N20,VIIRS,n,2,309.51,3.74,D,0
19.13263,80.3541,349.26,0.4,0.37,2021-03-24,746,N20,VIIRS,n,2,308.68,5.05,D,0
19.13362,80.14529,334.61,0.4,0.37,2021-03-24,746,N20,VIIRS,l,2,309.27,1.58,D,0
19.13454,78.43278,337.6,0.46,0.39,2021-03-24,746,N20,VIIRS,l,2,312.16,4.4,D,0
19.13502,81.43597,346.01,0.38,0.36,2021-03-24,746,N20,VIIRS,n,2,308.27,4.52,D,0
19.13531,81.28322,338.23,0.39,0.36,2021-03-24,746,N20,VIIRS,l,2,311.57,2.57,D,0
19.13577,80.13717,351.12,0.4,0.37,2021-03-24,746,N20,VIIRS,n,2,310.43,3.74,D,0
19.136,81.3539,347.22,0.38,0.36,2021-03-24,746,N20,VIIRS,l,2,320.23,20.37,D,0
19.13638,80.14093,336.79,0.4,0.37,2021-03-24,746,N20,VIIRS,l,2,308.76,3.74,D,0
19.13641,80.82937,342.84,0.39,0.36,2021-03-24,746,N20,VIIRS,n,2,310.93,2.91,D,0
19.1367,78.43346,336.89,0.46,0.39,2021-03-24,746,N20,VIIRS,l,2,309.92,4.15,D,0
19.13698,80.83304,334.59,0.39,0.36,2021-03-24,746,N20,VIIRS,l,2,307.75,1.74,D,0
19.13721,81.42817,347.65,0.38,0.36,2021-03-24,746,N20,VIIRS,n,2,309.96,7.21,D,0
19.1376,78.66969,347.05,0.45,0.39,2021-03-24,746,N20,VIIRS,n,2,310.13,4.92,D,0
19.13773,80.77254,339.38,0.39,0.36,2021-03-24,746,N20,VIIRS,n,2,308.39,2.04,D,0
19.13811,79.09114,337.69,0.43,0.38,2021-03-24,746,N20,VIIRS,l,2,310.28,4.89,D,0
19.1383,78.6739,332.79,0.45,0.39,2021-03-24,746,N20,VIIRS,l,2,307.51,4.52,D,0
19.13871,80.34917,347.24,0.4,0.37,2021-03-24,746,N20,VIIRS,n,2,311.16,8.34,D,0
19.13901,78.65641,342.1,0.45,0.39,2021-03-24,746,N20,VIIRS,n,2,309.69,5.83,D,0
19.13923,79.0876,338.15,0.43,0.38,2021-03-24,746,N20,VIIRS,l,2,311.34,7.31,D,0
19.13931,80.35291,353.67,0.4,0.37,2021-03-24,746,N20,VIIRS,n,2,313.63,6.38,D,0
19.13972,78.66062,354.79,0.45,0.39,2021-03-24,746,N20,VIIRS,n,2,310.12,5.83,D,0
19.1399,80.35665,336.25,0.4,0.37,2021-03-24,746,N20,VIIRS,l,2,308.38,6.38,D,0
19.13993,80.20619,338.9,0.4,0.37,2021-03-24,746,N20,VIIRS,n,2,307.71,4.13,D,0
19.14034,80.74567,337.55,0.39,0.36,2021-03-24,746,N20,VIIRS,l,2,311.15,3.95,D,0
19.14042,78.66483,333.14,0.45,0.39,2021-03-24,746,N20,VIIRS,l,2,307.67,4.92,D,0
19.14113,78.66904,348.23,0.45,0.39,2021-03-24,746,N20,VIIRS,n,2,308.62,4.92,D,0
19.14265,80.35232,341.1,0.4,0.37,2021-03-24,746,N20,VIIRS,n,2,309.78,6.38,D,0
19.14324,80.35606,353.1,0.4,0.37,2021-03-24,746,N20,VIIRS,n,2,310.39,6.38,D,0
19.14328,80.2056,332.87,0.4,0.37,2021-03-24,746,N20,VIIRS,l,2,307.55,1.38,D,0
19.14384,80.35979,347.88,0.4,0.37,2021-03-24,746,N20,VIIRS,n,2,309.5,5.42,D,0
19.14481,80.75244,337.6,0.39,0.36,2021-03-24,746,N20,VIIRS,l,2,309.45,5.24,D,0
19.14515,80.90717,338.55,0.39,0.36,2021-03-24,746,N20,VIIRS,n,2,306.29,2.74,D,0
19.14534,80.95201,344.3,0.39,0.36,2021-03-24,746,N20,VIIRS,n,2,309.94,3.45,D,0
19.14554,80.6918,348.01,0.39,0.36,2021-03-24,746,N20,VIIRS,n,2,312.0,4.94,D,0
19.14562,80.53975,332.15,0.39,0.36,2021-03-24,746,N20,VIIRS,l,2,306.23,1.81,D,0
19.14577,80.82397,338.12,0.39,0.36,2021-03-24,746,N20,VIIRS,l,2,308.95,3.9,D,0
19.14592,80.95568,339.91,0.39,0.36,2021-03-24,746,N20,VIIRS,n,2,307.91,3.45,D,0
19.14649,80.95937,331.82,0.39,0.36,2021-03-24,746,N20,VIIRS,l,2,306.51,1.76,D,0
19.14741,78.43146,337.38,0.46,0.39,2021-03-24,746,N20,VIIRS,l,2,309.96,6.44,D,0
19.14877,80.86495,335.96,0.39,0.36,2021-03-24,746,N20,VIIRS,l,2,310.21,2.96,D,0
19.14923,80.95515,335.74,0.39,0.36,2021-03-24,746,N20,VIIRS,l,2,307.35,3.45,D,0
19.14934,80.86864,336.35,0.39,0.36,2021-03-24,746,N20,VIIRS,l,2,307.66,3.12,D,0
19.15607,80.60645,333.73,0.39,0.36,2021-03-24,746,N20,VIIRS,l,2,308.5,3.1,D,0
19.15664,78.42084,337.09,0.46,0.39,2021-03-24,746,N20,VIIRS,l,2,310.24,5.45,D,0
19.15708,80.59107,333.87,0.39,0.36,2021-03-24,746,N20,VIIRS,l,2,307.33,3.1,D,0
19.15709,80.67844,335.95,0.39,0.36,2021-03-24,746,N20,VIIRS,l,2,309.41,1.53,D,0
19.15867,80.5794,335.47,0.39,0.36,2021-03-24,746,N20,VIIRS,l,2,305.55,3.72,D,0
19.15881,80.60217,340.84,0.39,0.36,2021-03-24,746,N20,VIIRS,n,2,308.39,2.82,D,0
19.1594,80.60587,333.48,0.39,0.36,2021-03-24,746,N20,VIIRS,l,2,307.49,2.82,D,0
19.16165,80.47161,339.36,0.39,0.37,2021-03-24,746,N20,VIIRS,n,2,307.49,2.97,D,0
19.16227,79.84245,337.25,0.41,0.37,2021-03-24,746,N20,VIIRS,l,2,309.35,2.24,D,0
19.16276,79.14257,344.47,0.43,0.38,2021-03-24,746,N20,VIIRS,n,2,309.99,7.45,D,0
19.16688,79.1459,338.04,0.43,0.38,2021-03-24,746,N20,VIIRS,l,2,308.24,2.27,D,0
19.16699,80.33268,333.18,0.4,0.37,2021-03-24,746,N20,VIIRS,l,2,307.87,1.67,D,0
19.16716,80.59261,337.27,0.39,0.36,2021-03-24,746,N20,VIIRS,n,2,306.15,2.85,D,0
19.16725,78.39664,345.08,0.46,0.39,2021-03-24,746,N20,VIIRS,n,2,311.83,7.03,D,0
19.16739,80.94095,332.99,0.39,0.36,2021-03-24,746,N20,VIIRS,l,2,305.46,2.49,D,0
19.16746,81.47144,334.86,0.38,0.36,2021-03-24,746,N20,VIIRS,l,2,307.39,2.39,D,0
19.16935,78.38734,338.93,0.46,0.39,2021-03-24,746,N20,VIIRS,l,2,312.56,2.55,D,0
19.16995,78.36922,341.37,0.46,0.39,2021-03-24,746,N20,VIIRS,n,2,312.11,5.37,D,0
19.17033,80.33208,336.91,0.4,0.37,2021-03-24,746,N20,VIIRS,n,2,307.56,2.0,D,0
19.17264,80.58404,333.12,0.39,0.36,2021-03-24,746,N20,VIIRS,l,2,307.08,1.56,D,0
19.17295,78.3868,337.97,0.46,0.39,2021-03-24,746,N20,VIIRS,l,2,310.77,2.55,D,0
19.17524,77.47999,334.25,0.51,0.41,2021-03-24,746,N20,VIIRS,l,2,306.96,2.7,D,0
19.17541,80.68659,336.66,0.39,0.36,2021-03-24,746,N20,VIIRS,l,2,311.39,3.1,D,0
19.17612,80.71296,347.68,0.39,0.36,2021-03-24,746,N20,VIIRS,n,2,309.51,3.15,D,0
19.17869,80.44952,343.69,0.39,0.37,2021-03-24,746,N20,VIIRS,n,2,307.55,4.74,D,0
19.17879,78.59319,338.95,0.45,0.39,2021-03-24,746,N20,VIIRS,l,2,310.47,4.57,D,0
19.17943,80.71239,339.88,0.39,0.36,2021-03-24,746,N20,VIIRS,n,2,309.44,3.15,D,0
19.18162,78.58831,336.69,0.45,0.39,2021-03-24,746,N20,VIIRS,l,2,309.49,3.83,D,0
19.18295,80.36829,334.96,0.4,0.37,2021-03-24,746,N20,VIIRS,l,2,307.78,2.93,D,0
19.18394,77.55257,338.03,0.51,0.41,2021-03-24,746,N20,VIIRS,l,2,310.43,5.05,D,0
19.18487,79.14678,337.86,0.43,0.38,2021-03-24,746,N20,VIIRS,l,2,312.05,2.93,D,0
19.18496,80.46749,334.76,0.39,0.37,2021-03-24,746,N20,VIIRS,l,2,308.51,2.01,D,0
19.18767,78.47321,337.86,0.46,0.39,2021-03-24,746,N20,VIIRS,l,2,311.62,3.18,D,0
19.19044,80.22054,347.24,0.4,0.37,2021-03-24,746,N20,VIIRS,n,2,310.98,11.39,D,0
19.19066,80.85017,336.12,0.39,0.36,2021-03-24,746,N20,VIIRS,l,2,309.92,5.3,D,0
19.19517,78.38728,345.36,0.46,0.39,2021-03-24,746,N20,VIIRS,n,2,309.92,3.0,D,0
19.19583,79.85624,342.12,0.41,0.37,2021-03-24,746,N20,VIIRS,l,2,310.34,3.57,D,0
19.19592,79.14892,335.06,0.43,0.38,2021-03-24,746,N20,VIIRS,l,2,309.55,2.26,D,0
19.19632,78.19687,337.87,0.47,0.4,2021-03-24,746,N20,VIIRS,l,2,311.59,6.86,D,0
19.19672,79.84025,341.15,0.41,0.37,2021-03-24,746,N20,VIIRS,l,2,309.99,2.99,D,0
19.19734,79.84411,345.38,0.41,0.37,2021-03-24,746,N20,VIIRS,n,2,309.83,2.82,D,0
19.19797,79.84796,338.29,0.41,0.37,2021-03-24,746,N20,VIIRS,l,2,308.7,2.82,D,0
19.19823,77.43199,340.41,0.51,0.41,2021-03-24,746,N20,VIIRS,n,2,307.55,3.58,D,0
19.19859,79.85181,342.66,0.41,0.37,2021-03-24,746,N20,VIIRS,n,2,308.07,3.57,D,0
19.20071,79.15627,333.57,0.43,0.38,2021-03-24,746,N20,VIIRS,l,2,308.31,1.17,D,0
19.20103,80.46085,337.44,0.39,0.37,2021-03-24,746,N20,VIIRS,n,2,308.06,2.4,D,0
19.20151,80.65881,334.68,0.39,0.36,2021-03-24,746,N20,VIIRS,l,2,306.4,2.8,D,0
19.20287,79.83524,334.72,0.41,0.37,2021-03-24,746,N20,VIIRS,l,2,309.12,4.41,D,0
19.20378,80.45655,345.92,0.39,0.37,2021-03-24,746,N20,VIIRS,n,2,309.1,3.55,D,0
19.20437,80.46027,332.9,0.39,0.37,2021-03-24,746,N20,VIIRS,l,2,307.03,3.55,D,0
19.20483,80.65823,335.81,0.39,0.36,2021-03-24,746,N20,VIIRS,l,2,307.17,2.8,D,0
19.20511,80.2914,337.34,0.4,0.37,2021-03-24,746,N20,VIIRS,l,2,308.36,2.02,D,0
19.20514,80.3567,336.53,0.4,0.37,2021-03-24,746,N20,VIIRS,l,2,310.04,2.62,D,0
19.2057,80.29517,336.74,0.4,0.37,2021-03-24,746,N20,VIIRS,l,2,308.71,3.04,D,0
19.20669,79.75112,342.34,0.41,0.37,2021-03-24,746,N20,VIIRS,l,2,315.34,7.55,D,0
19.20825,80.2678,336.81,0.4,0.37,2021-03-24,746,N20,VIIRS,l,2,308.26,3.82,D,0
19.21008,80.15886,336.04,0.4,0.37,2021-03-24,746,N20,VIIRS,l,2,309.52,1.65,D,0
19.21104,80.39403,336.2,0.4,0.37,2021-03-24,746,N20,VIIRS,l,2,308.54,2.02,D,0
19.21158,80.26714,333.57,0.4,0.37,2021-03-24,746,N20,VIIRS,l,2,308.17,3.82,D,0
19.21167,80.10445,336.32,0.4,0.37,2021-03-24,746,N20,VIIRS,l,2,308.71,7.98,D,0
19.21226,80.10813,343.73,0.4,0.37,2021-03-24,746,N20,VIIRS,n,2,311.45,21.74,D,0
19.21393,80.54257,342.11,0.39,0.36,2021-03-24,746,N20,VIIRS,n,2,307.92,4.59,D,0
19.21497,79.09148,341.45,0.43,0.38,2021-03-24,746,N20,VIIRS,n,2,313.37,6.09,D,0
19.21562,80.10752,346.06,0.4,0.37,2021-03-24,746,N20,VIIRS,n,2,311.77,7.89,D,0
19.21622,80.11125,340.83,0.4,0.37,2021-03-24,746,N20,VIIRS,n,2,308.18,7.89,D,0
19.21712,80.38911,351.71,0.4,0.37,2021-03-24,746,N20,VIIRS,n,2,308.66,4.28,D,0
19.21771,80.39285,333.67,0.4,0.37,2021-03-24,746,N20,VIIRS,l,2,307.34,3.8,D,0
19.21992,81.39145,340.89,0.38,0.36,2021-03-24,746,N20,VIIRS,n,2,307.7,5.16,D,0
19.22009,79.0357,344.16,0.43,0.38,2021-03-24,746,N20,VIIRS,l,2,309.44,6.14,D,0
19.22144,80.30772,342.18,0.4,0.37,2021-03-24,746,N20,VIIRS,n,2,307.17,3.37,D,0
19.22183,80.35376,345.55,0.4,0.37,2021-03-24,746,N20,VIIRS,n,2,311.77,4.86,D,0
19.22211,81.38364,349.94,0.38,0.36,2021-03-24,746,N20,VIIRS,n,2,308.67,5.71,D,0
19.22241,80.42268,333.06,0.4,0.37,2021-03-24,746,N20,VIIRS,l,2,308.01,1.54,D,0
19.22288,77.02645,337.62,0.54,0.42,2021-03-24,746,N20,VIIRS,n,2,307.3,5.34,D,0
19.22442,81.17834,330.56,0.39,0.36,2021-03-24,746,N20,VIIRS,n,2,305.52,1.39,D,0
19.22478,80.30712,341.76,0.4,0.37,2021-03-24,746,N20,VIIRS,n,2,307.62,3.37,D,0
19.22519,77.02817,335.62,0.54,0.42,2021-03-24,746,N20,VIIRS,l,2,306.38,2.92,D,0
19.22575,80.4221,342.86,0.4,0.37,2021-03-24,746,N20,VIIRS,n,2,308.83,3.46,D,0
19.22644,78.74513,339.04,0.45,0.39,2021-03-24,746,N20,VIIRS,l,2,312.93,1.9,D,0
19.22651,81.39034,337.56,0.38,0.36,2021-03-24,746,N20,VIIRS,n,2,307.49,3.03,D,0
19.22753,80.31036,334.5,0.4,0.37,2021-03-24,746,N20,VIIRS,l,2,307.64,2.82,D,0
19.2283,80.39481,336.11,0.4,0.37,2021-03-24,746,N20,VIIRS,l,2,309.13,3.54,D,0
19.22895,78.14213,342.92,0.47,0.4,2021-03-24,746,N20,VIIRS,n,2,310.62,5.33,D,0
19.22922,79.02591,342.52,0.43,0.38,2021-03-24,746,N20,VIIRS,l,2,314.43,6.15,D,0
19.23027,80.30602,339.51,0.4,0.37,2021-03-24,746,N20,VIIRS,l,2,310.24,2.82,D,0
19.23087,80.30976,338.67,0.4,0.37,2021-03-24,746,N20,VIIRS,n,2,308.41,2.82,D,0
19.23223,80.39796,343.53,0.4,0.37,2021-03-24,746,N20,VIIRS,n,2,310.63,4.27,D,0
19.23269,79.02525,346.08,0.43,0.38,2021-03-24,746,N20,VIIRS,n,2,312.8,4.79,D,0
19.23335,79.0293,340.3,0.43,0.38,2021-03-24,746,N20,VIIRS,l,2,313.96,4.79,D,0
19.23412,79.02555,341.78,0.43,0.38,2021-03-24,746,N20,VIIRS,l,2,312.45,6.09,D,0
19.23706,78.0807,337.05,0.48,0.4,2021-03-24,746,N20,VIIRS,l,2,309.0,2.22,D,0
19.23756,80.30859,340.75,0.4,0.37,2021-03-24,746,N20,VIIRS,n,2,309.63,4.4,D,0
19.2386,80.65611,337.49,0.39,0.36,2021-03-24,746,N20,VIIRS,n,2,305.42,1.67,D,0
19.24055,80.32728,345.34,0.4,0.37,2021-03-24,746,N20,VIIRS,n,2,311.17,3.87,D,0
19.24188,81.38029,335.24,0.38,0.36,2021-03-24,746,N20,VIIRS,l,2,307.94,1.82,D,0
19.24245,80.40366,346.01,0.4,0.37,2021-03-24,746,N20,VIIRS,n,2,308.84,5.0,D,0
19.24258,78.84094,335.87,0.44,0.38,2021-03-24,746,N20,VIIRS,l,2,310.43,1.99,D,0
19.24353,80.34595,341.45,0.4,0.37,2021-03-24,746,N20,VIIRS,n,2,308.65,1.3,D,0
19.24442,79.06544,348.08,0.43,0.38,2021-03-24,746,N20,VIIRS,n,2,313.3,9.35,D,0
19.24455,80.13724,335.05,0.4,0.37,2021-03-24,746,N20,VIIRS,l,2,309.38,1.55,D,0
19.2472,80.43346,332.76,0.39,0.37,2021-03-24,746,N20,VIIRS,l,2,307.64,1.86,D,0
19.24791,80.13663,338.06,0.4,0.37,2021-03-24,746,N20,VIIRS,l,2,309.8,3.24,D,0
19.24901,80.3373,340.32,0.4,0.37,2021-03-24,746,N20,VIIRS,n,2,310.68,2.29,D,0
19.25422,79.03861,344.27,0.43,0.38,2021-03-24,746,N20,VIIRS,n,2,313.84,6.06,D,0
19.25629,80.33986,346.99,0.4,0.37,2021-03-24,746,N20,VIIRS,n,2,310.52,4.3,D,0
19.25779,81.37383,336.82,0.38,0.36,2021-03-24,746,N20,VIIRS,l,2,310.69,4.83,D,0
19.25789,80.17754,339.39,0.4,0.37,2021-03-24,746,N20,VIIRS,l,2,309.75,2.97,D,0
19.25903,80.50776,331.88,0.39,0.36,2021-03-24,746,N20,VIIRS,l,2,306.3,2.32,D,0
19.2599,81.3214,345.82,0.38,0.36,2021-03-24,746,N20,VIIRS,n,2,306.61,3.77,D,0
19.26046,81.325,344.62,0.38,0.36,2021-03-24,746,N20,VIIRS,n,2,306.27,3.77,D,0
19.26295,80.51089,332.61,0.39,0.36,2021-03-24,746,N20,VIIRS,l,2,306.54,2.32,D,0
19.26296,80.33868,339.52,0.4,0.37,2021-03-24,746,N20,VIIRS,n,2,308.24,4.91,D,0
19.26306,78.63843,342.72,0.45,0.39,2021-03-24,746,N20,VIIRS,n,2,311.06,3.79,D,0
19.26373,77.14327,332.34,0.53,0.42,2021-03-24,746,N20,VIIRS,l,2,307.23,2.35,D,0
19.26475,80.09088,347.45,0.4,0.37,2021-03-24,746,N20,VIIRS,n,2,310.08,5.78,D,0
19.26497,81.39869,337.06,0.38,0.36,2021-03-24,746,N20,VIIRS,l,2,310.73,4.51,D,0
19.26501,80.2653,336.37,0.4,0.37,2021-03-24,746,N20,VIIRS,l,2,307.74,2.38,D,0
19.2652,80.18011,349.26,0.4,0.37,2021-03-24,746,N20,VIIRS,n,2,309.65,4.81,D,0
19.26561,80.26905,333.82,0.4,0.37,2021-03-24,746,N20,VIIRS,l,2,306.11,0.81,D,0
19.2666,78.63778,344.02,0.45,0.39,2021-03-24,746,N20,VIIRS,n,2,311.12,3.79,D,0
19.26703,78.01481,340.07,0.48,0.4,2021-03-24,746,N20,VIIRS,l,2,313.19,5.03,D,0
19.26826,81.39813,346.55,0.38,0.36,2021-03-24,746,N20,VIIRS,n,2,310.9,5.5,D,0
19.27193,79.12301,346.85,0.43,0.38,2021-03-24,746,N20,VIIRS,n,2,310.77,3.79,D,0
19.27213,80.48257,335.12,0.39,0.36,2021-03-24,746,N20,VIIRS,l,2,305.71,2.28,D,0
19.27268,80.42133,335.19,0.39,0.37,2021-03-24,746,N20,VIIRS,l,2,308.1,1.9,D,0
19.27487,80.47828,333.36,0.39,0.36,2021-03-24,746,N20,VIIRS,l,2,305.82,3.41,D,0
19.27593,81.38194,339.66,0.38,0.36,2021-03-24,746,N20,VIIRS,n,2,308.69,3.07,D,0
19.27705,80.18964,340.47,0.4,0.37,2021-03-24,746,N20,VIIRS,n,2,309.39,2.72,D,0
19.27788,80.32453,335.24,0.4,0.37,2021-03-24,746,N20,VIIRS,l,2,309.54,1.96,D,0
19.28068,79.5139,340.5,0.42,0.37,2021-03-24,746,N20,VIIRS,l,2,313.54,2.56,D,0
19.28113,80.25858,335.84,0.4,0.37,2021-03-24,746,N20,VIIRS,l,2,307.8,12.61,D,0
19.28329,80.25049,347.05,0.4,0.37,2021-03-24,746,N20,VIIRS,n,2,308.28,5.64,D,0
19.28363,81.38808,340.17,0.38,0.36,2021-03-24,746,N20,VIIRS,l,2,310.17,5.85,D,0
19.28388,80.25423,349.82,0.4,0.37,2021-03-24,746,N20,VIIRS,n,2,309.02,5.64,D,0
19.28448,80.25799,354.77,0.4,0.37,2021-03-24,746,N20,VIIRS,n,2,313.87,12.61,D,0
19.28623,80.57158,331.95,0.39,0.36,2021-03-24,746,N20,VIIRS,l,2,305.67,3.06,D,0
19.28629,80.76521,331.51,0.39,0.36,2021-03-24,746,N20,VIIRS,l,2,305.37,2.6,D,0
19.28663,80.24989,336.64,0.4,0.37,2021-03-24,746,N20,VIIRS,l,2,308.05,4.04,D,0
19.28687,80.76891,355.79,0.39,0.36,2021-03-24,746,N20,VIIRS,n,2,309.37,5.92,D,0
19.2871,80.18787,335.59,0.4,0.37,2021-03-24,746,N20,VIIRS,l,2,310.2,1.93,D,0
19.28842,80.26113,335.52,0.4,0.37,2021-03-24,746,N20,VIIRS,l,2,306.9,10.78,D,0
19.28929,79.09872,338.99,0.43,0.38,2021-03-24,746,N20,VIIRS,l,2,311.79,6.59,D,0
19.28993,80.72293,341.95,0.39,0.36,2021-03-24,746,N20,VIIRS,n,2,306.84,3.16,D,0
19.29015,80.05515,343.13,0.4,0.37,2021-03-24,746,N20,VIIRS,n,2,312.07,5.05,D,0
19.29075,80.772,334.06,0.39,0.36,2021-03-24,746,N20,VIIRS,l,2,305.85,5.92,D,0
19.2911,80.83987,348.64,0.39,0.36,2021-03-24,746,N20,VIIRS,n,2,314.21,6.74,D,0
19.29117,80.25678,338.84,0.4,0.37,2021-03-24,746,N20,VIIRS,l,2,309.5,10.78,D,0
19.29167,80.84354,341.01,0.39,0.36,2021-03-24,746,N20,VIIRS,l,2,313.21,4.49,D,0
19.29176,80.26054,334.72,0.4,0.37,2021-03-24,746,N20,VIIRS,l,2,306.66,10.78,D,0
19.2925,78.77182,342.83,0.44,0.39,2021-03-24,746,N20,VIIRS,n,2,311.37,6.39,D,0
19.29285,80.37565,332.22,0.4,0.37,2021-03-24,746,N20,VIIRS,l,2,306.96,1.16,D,0
19.29307,80.11694,348.9,0.4,0.37,2021-03-24,746,N20,VIIRS,n,2,312.31,4.91,D,0
19.29353,80.72591,335.54,0.39,0.36,2021-03-24,746,N20,VIIRS,l,2,307.23,3.85,D,0
19.29451,80.25619,335.43,0.4,0.37,2021-03-24,746,N20,VIIRS,l,2,308.34,1.71,D,0
19.29473,80.27927,337.14,0.4,0.37,2021-03-24,746,N20,VIIRS,n,2,309.65,2.44,D,0
19.29703,80.22874,335.42,0.4,0.37,2021-03-24,746,N20,VIIRS,l,2,309.46,3.02,D,0
19.29763,80.23249,347.18,0.4,0.37,2021-03-24,746,N20,VIIRS,n,2,310.45,5.7,D,0
19.29923,80.6756,333.76,0.39,0.36,2021-03-24,746,N20,VIIRS,n,2,307.24,2.12,D,0
19.29955,80.2012,342.59,0.4,0.37,2021-03-24,746,N20,VIIRS,n,2,308.55,6.06,D,0
19.29955,81.39962,339.73,0.38,0.36,2021-03-24,746,N20,VIIRS,n,2,310.51,2.78,D,0
19.30011,81.40324,335.42,0.38,0.36,2021-03-24,746,N20,VIIRS,l,2,309.68,2.32,D,0
19.30022,79.69888,338.98,0.41,0.37,2021-03-24,746,N20,VIIRS,l,2,312.29,2.95,D,0
19.30037,79.10091,338.04,0.43,0.38,2021-03-24,746,N20,VIIRS,l,2,308.98,5.17,D,0
19.30248,80.52303,330.61,0.39,0.36,2021-03-24,746,N20,VIIRS,l,2,305.59,2.28,D,0
19.30288,80.43899,340.63,0.39,0.37,2021-03-24,746,N20,VIIRS,n,2,307.29,3.51,D,0
19.3047,78.60598,338.63,0.45,0.39,2021-03-24,746,N20,VIIRS,l,2,311.14,4.19,D,0
19.3067,81.40214,336.95,0.38,0.36,2021-03-24,746,N20,VIIRS,l,2,308.85,3.92,D,0
19.30673,81.42446,340.27,0.38,0.36,2021-03-24,746,N20,VIIRS,n,2,313.14,3.92,D,0
19.30729,80.87855,347.35,0.39,0.36,2021-03-24,746,N20,VIIRS,n,2,313.26,7.56,D,0
19.30738,80.38077,336.14,0.4,0.37,2021-03-24,746,N20,VIIRS,l,2,307.79,1.94,D,0
19.30767,79.03718,340.61,0.43,0.38,2021-03-24,746,N20,VIIRS,l,2,313.04,3.67,D,0
19.30774,78.70953,336.67,0.45,0.39,2021-03-24,746,N20,VIIRS,l,2,310.96,1.97,D,0
19.30824,78.60532,339.41,0.45,0.39,2021-03-24,746,N20,VIIRS,l,2,313.6,5.4,D,0
19.30907,77.28756,332.04,0.52,0.42,2021-03-24,746,N20,VIIRS,l,2,306.71,2.52,D,0
19.31092,80.16429,338.01,0.4,0.37,2021-03-24,746,N20,VIIRS,n,2,311.43,2.41,D,0
19.31127,78.70893,342.36,0.45,0.39,2021-03-24,746,N20,VIIRS,n,2,311.53,5.87,D,0
19.31346,80.37586,337.04,0.4,0.37,2021-03-24,746,N20,VIIRS,n,2,307.59,2.86,D,0
19.31691,80.74469,345.76,0.39,0.36,2021-03-24,746,N20,VIIRS,n,2,305.32,5.66,D,0
19.32224,80.23588,335.63,0.4,0.37,2021-03-24,746,N20,VIIRS,l,2,308.65,2.55,D,0
19.32235,80.736,343.46,0.39,0.36,2021-03-24,746,N20,VIIRS,n,2,309.29,4.92,D,0
19.32283,80.23962,337.24,0.4,0.37,2021-03-24,746,N20,VIIRS,l,2,307.95,2.55,D,0
19.32364,80.2088,346.23,0.4,0.37,2021-03-24,746,N20,VIIRS,n,2,310.37,3.38,D,0
19.32378,80.54979,347.65,0.39,0.36,2021-03-24,746,N20,VIIRS,n,2,307.86,7.93,D,0
19.32451,80.23566,333.93,0.4,0.37,2021-03-24,746,N20,VIIRS,l,2,307.46,2.14,D,0
19.32508,80.7317,332.68,0.39,0.36,2021-03-24,746,N20,VIIRS,l,2,306.62,4.92,D,0
19.32567,80.73544,354.37,0.39,0.36,2021-03-24,746,N20,VIIRS,n,2,307.7,4.92,D,0
19.32605,80.22382,339.84,0.4,0.37,2021-03-24,746,N20,VIIRS,l,2,310.78,3.81,D,0
19.32698,80.20821,336.33,0.4,0.37,2021-03-24,746,N20,VIIRS,l,2,310.2,2.1,D,0
19.32764,79.15804,338.78,0.43,0.38,2021-03-24,746,N20,VIIRS,l,2,312.58,3.54,D,0
19.32905,79.76932,336.43,0.41,0.37,2021-03-24,746,N20,VIIRS,l,2,309.91,2.61,D,0
19.32944,80.56404,331.58,0.39,0.36,2021-03-24,746,N20,VIIRS,n,2,305.67,1.35,D,0
19.32968,79.77321,336.34,0.41,0.37,2021-03-24,746,N20,VIIRS,l,2,310.7,2.5,D,0
19.32972,80.45721,341.07,0.39,0.36,2021-03-24,746,N20,VIIRS,n,2,307.82,2.34,D,0
19.3304,80.70044,344.38,0.39,0.36,2021-03-24,746,N20,VIIRS,n,2,310.21,4.47,D,0
19.33213,80.21887,338.71,0.4,0.37,2021-03-24,746,N20,VIIRS,l,2,310.0,4.6,D,0
19.33367,80.39533,339.63,0.4,0.37,2021-03-24,746,N20,VIIRS,n,2,308.28,2.81,D,0
19.33371,80.69987,333.27,0.39,0.36,2021-03-24,746,N20,VIIRS,l,2,308.08,4.47,D,0
19.33689,79.0191,348.62,0.43,0.38,2021-03-24,746,N20,VIIRS,n,2,312.75,5.55,D,0
19.33832,80.12861,336.32,0.4,0.37,2021-03-24,746,N20,VIIRS,l,2,310.13,1.88,D,0
19.33992,80.71776,337.44,0.39,0.36,2021-03-24,746,N20,VIIRS,n,2,306.97,2.77,D,0
19.33999,81.28842,338.42,0.38,0.36,2021-03-24,746,N20,VIIRS,n,2,312.5,4.54,D,0
19.34113,78.20398,340.66,0.47,0.4,2021-03-24,746,N20,VIIRS,l,2,311.87,6.02,D,0
19.34113,80.35564,336.6,0.4,0.37,2021-03-24,746,N20,VIIRS,l,2,308.84,4.36,D,0
19.34287,79.05548,337.66,0.43,0.38,2021-03-24,746,N20,VIIRS,l,2,311.04,4.27,D,0
19.34298,80.00699,339.71,0.4,0.37,2021-03-24,746,N20,VIIRS,l,2,311.07,2.9,D,0
19.34388,80.03415,344.49,0.4,0.37,2021-03-24,746,N20,VIIRS,n,2,312.09,7.71,D,0
19.34607,80.37029,339.75,0.4,0.37,2021-03-24,746,N20,VIIRS,n,2,308.37,2.97,D,0
19.34724,80.03355,334.86,0.4,0.37,2021-03-24,746,N20,VIIRS,l,2,309.81,3.3,D,0
19.34821,80.36224,335.12,0.4,0.37,2021-03-24,746,N20,VIIRS,l,2,308.24,3.11,D,0
19.3488,80.36597,332.93,0.4,0.37,2021-03-24,746,N20,VIIRS,l,2,307.02,3.11,D,0
19.35028,80.45742,333.52,0.39,0.36,2021-03-24,746,N20,VIIRS,l,2,308.14,2.8,D,0
19.35116,80.65897,336.31,0.39,0.36,2021-03-24,746,N20,VIIRS,l,2,307.44,2.46,D,0
19.35369,80.35358,336.72,0.4,0.37,2021-03-24,746,N20,VIIRS,l,2,308.94,2.92,D,0
19.35419,80.46057,334.1,0.39,0.36,2021-03-24,746,N20,VIIRS,l,2,307.1,1.68,D,0
19.35493,78.88184,341.97,0.44,0.38,2021-03-24,746,N20,VIIRS,n,2,311.62,5.12,D,0
19.3552,80.68477,333.13,0.39,0.36,2021-03-24,746,N20,VIIRS,l,2,307.84,2.13,D,0
19.3557,80.12945,341.75,0.4,0.37,2021-03-24,746,N20,VIIRS,n,2,311.19,3.02,D,0
19.35751,80.1408,342.17,0.4,0.37,2021-03-24,746,N20,VIIRS,n,2,310.81,6.21,D,0
19.35772,80.42188,338.79,0.39,0.37,2021-03-24,746,N20,VIIRS,n,2,308.37,5.37,D,0
19.35966,80.13264,337.72,0.4,0.37,2021-03-24,746,N20,VIIRS,l,2,309.91,3.02,D,0
19.35996,80.64986,342.76,0.39,0.36,2021-03-24,746,N20,VIIRS,n,2,306.78,2.43,D,0
19.36026,80.13643,348.09,0.4,0.37,2021-03-24,746,N20,VIIRS,n,2,310.91,6.21,D,0
19.36149,80.46709,334.75,0.39,0.36,2021-03-24,746,N20,VIIRS,l,2,305.78,1.16,D,0
19.36448,78.14503,352.0,0.47,0.4,2021-03-24,746,N20,VIIRS,n,2,311.41,12.11,D,0
19.36543,80.6413,335.99,0.39,0.36,2021-03-24,746,N20,VIIRS,n,2,305.99,2.85,D,0
19.36809,78.14432,339.04,0.47,0.4,2021-03-24,746,N20,VIIRS,l,2,311.06,6.77,D,0
19.36961,80.68985,333.18,0.39,0.36,2021-03-24,746,N20,VIIRS,n,2,305.83,1.71,D,0
19.37208,80.72754,332.48,0.39,0.36,2021-03-24,746,N20,VIIRS,n,2,304.38,2.53,D,0
19.37319,79.07622,337.56,0.43,0.38,2021-03-24,746,N20,VIIRS,l,2,310.14,2.04,D,0
19.37625,80.68868,334.12,0.39,0.36,2021-03-24,746,N20,VIIRS,l,2,306.78,2.09,D,0
19.38246,78.65706,344.01,0.45,0.39,2021-03-24,746,N20,VIIRS,l,2,314.59,23.42,D,0
19.38674,80.43211,341.11,0.39,0.36,2021-03-24,746,N20,VIIRS,n,2,307.89,2.4,D,0
19.38777,78.86291,341.04,0.44,0.38,2021-03-24,746,N20,VIIRS,n,2,312.67,3.75,D,0
19.38947,80.4278,332.73,0.39,0.36,2021-03-24,746,N20,VIIRS,l,2,307.53,2.14,D,0
19.39007,80.43152,339.38,0.39,0.36,2021-03-24,746,N20,VIIRS,n,2,307.77,2.01,D,0
19.39136,81.2458,344.59,0.39,0.36,2021-03-24,746,N20,VIIRS,n,2,306.0,6.42,D,0
19.39225,80.68209,334.99,0.39,0.36,2021-03-24,746,N20,VIIRS,l,2,306.92,2.01,D,0
19.39354,78.63766,355.11,0.45,0.39,2021-03-24,746,N20,VIIRS,n,2,314.07,15.02,D,0
19.39404,80.80307,338.38,0.39,0.36,2021-03-24,746,N20,VIIRS,n,2,307.66,3.67,D,0
19.39486,80.67791,339.18,0.39,0.36,2021-03-24,746,N20,VIIRS,n,2,308.76,3.68,D,0
19.39544,80.68159,334.12,0.39,0.36,2021-03-24,746,N20,VIIRS,l,2,308.56,2.75,D,0
19.39859,80.6583,338.96,0.39,0.36,2021-03-24,746,N20,VIIRS,n,2,306.71,2.2,D,0
19.39917,80.66199,336.11,0.39,0.36,2021-03-24,746,N20,VIIRS,l,2,307.01,2.2,D,0
19.39934,80.6847,337.97,0.39,0.36,2021-03-24,746,N20,VIIRS,l,2,308.44,2.75,D,0
19.40005,79.66519,343.77,0.41,0.37,2021-03-24,746,N20,VIIRS,l,2,312.8,19.96,D,0
19.40074,80.65034,339.27,0.39,0.36,2021-03-24,746,N20,VIIRS,n,2,307.33,2.87,D,0
19.40243,79.63681,338.23,0.41,0.37,2021-03-24,746,N20,VIIRS,l,2,310.62,5.67,D,0
19.40344,79.66458,336.85,0.41,0.37,2021-03-24,746,N20,VIIRS,l,2,310.21,4.5,D,0
19.40437,80.54355,337.87,0.39,0.36,2021-03-24,746,N20,VIIRS,n,2,304.34,2.42,D,0
19.40636,81.32152,338.93,0.38,0.36,2021-03-24,746,N20,VIIRS,n,2,308.21,2.79,D,0
19.40689,80.38641,335.78,0.39,0.37,2021-03-24,746,N20,VIIRS,l,2,307.92,2.56,D,0
19.40765,79.90531,336.24,0.4,0.37,2021-03-24,746,N20,VIIRS,l,2,309.17,3.93,D,0
19.40827,80.54666,343.27,0.39,0.36,2021-03-24,746,N20,VIIRS,n,2,306.33,3.55,D,0
19.4087,80.67928,333.95,0.39,0.36,2021-03-24,746,N20,VIIRS,l,2,306.55,2.53,D,0
19.40912,80.66026,348.1,0.39,0.36,2021-03-24,746,N20,VIIRS,n,2,308.38,4.95,D,0
19.40923,79.6356,341.45,0.41,0.37,2021-03-24,746,N20,VIIRS,l,2,308.87,3.38,D,0
19.40967,80.5122,332.56,0.39,0.36,2021-03-24,746,N20,VIIRS,l,2,305.06,2.36,D,0
19.40981,79.53109,338.68,0.42,0.37,2021-03-24,746,N20,VIIRS,l,2,311.35,2.54,D,0
19.41024,79.66338,339.06,0.41,0.37,2021-03-24,746,N20,VIIRS,l,2,309.78,1.79,D,0
19.41229,80.24712,337.88,0.4,0.37,2021-03-24,746,N20,VIIRS,n,2,311.17,3.79,D,0
19.41297,80.38151,335.2,0.39,0.37,2021-03-24,746,N20,VIIRS,l,2,308.09,3.14,D,0
19.41356,80.38523,335.93,0.39,0.37,2021-03-24,746,N20,VIIRS,l,2,307.8,3.14,D,0
19.41475,80.67443,335.07,0.39,0.36,2021-03-24,746,N20,VIIRS,n,2,307.6,1.21,D,0
19.41548,81.22671,333.88,0.39,0.36,2021-03-24,746,N20,VIIRS,l,2,305.44,2.15,D,0
19.41566,77.27411,338.05,0.52,0.42,2021-03-24,746,N20,VIIRS,n,2,308.14,7.24,D,0
19.41607,80.70451,340.82,0.39,0.36,2021-03-24,746,N20,VIIRS,n,2,308.27,4.43,D,0
19.41695,81.41286,335.02,0.38,0.36,2021-03-24,746,N20,VIIRS,l,2,307.89,1.05,D,0
19.41722,80.02881,347.9,0.4,0.37,2021-03-24,746,N20,VIIRS,n,2,311.32,3.88,D,0
19.42032,78.62399,348.51,0.45,0.39,2021-03-24,746,N20,VIIRS,n,2,312.92,4.87,D,0
19.42119,80.03201,339.93,0.4,0.37,2021-03-24,746,N20,VIIRS,l,2,311.49,3.91,D,0
19.4217,78.61066,335.98,0.45,0.39,2021-03-24,746,N20,VIIRS,l,2,310.62,1.36,D,0
19.42197,80.67698,335.27,0.39,0.36,2021-03-24,746,N20,VIIRS,l,2,305.86,3.31,D,0
19.42223,79.39226,336.53,0.42,0.38,2021-03-24,746,N20,VIIRS,l,2,309.04,2.5,D,0
19.42528,80.26408,340.32,0.4,0.37,2021-03-24,746,N20,VIIRS,n,2,309.66,3.28,D,0
19.42544,80.69907,334.17,0.39,0.36,2021-03-24,746,N20,VIIRS,l,2,308.58,1.89,D,0
19.42748,80.38661,345.95,0.39,0.37,2021-03-24,746,N20,VIIRS,n,2,307.92,3.36,D,0
19.42775,80.71382,335.74,0.39,0.36,2021-03-24,746,N20,VIIRS,l,2,308.66,2.36,D,0
19.42807,80.39034,337.42,0.39,0.37,2021-03-24,746,N20,VIIRS,n,2,306.34,3.36,D,0
19.42833,80.71751,336.37,0.39,0.36,2021-03-24,746,N20,VIIRS,l,2,308.57,2.36,D,0
19.42877,80.54674,337.74,0.39,0.36,2021-03-24,746,N20,VIIRS,l,2,308.11,2.45,D,0
19.42933,81.27289,336.19,0.38,0.36,2021-03-24,746,N20,VIIRS,l,2,307.68,3.29,D,0
19.43092,79.87754,336.13,0.41,0.37,2021-03-24,746,N20,VIIRS,l,2,309.99,5.18,D,0
19.4314,80.38976,334.95,0.39,0.37,2021-03-24,746,N20,VIIRS,l,2,306.28,4.71,D,0
19.43154,79.88139,337.77,0.41,0.37,2021-03-24,746,N20,VIIRS,l,2,309.15,6.66,D,0
19.4338,80.70898,346.35,0.39,0.36,2021-03-24,746,N20,VIIRS,n,2,309.13,3.5,D,0
19.43396,79.85336,345.82,0.41,0.37,2021-03-24,746,N20,VIIRS,n,2,312.1,3.12,D,0
19.43429,79.87692,348.5,0.41,0.37,2021-03-24,746,N20,VIIRS,n,2,311.77,5.18,D,0
19.43596,80.70103,336.63,0.39,0.36,2021-03-24,746,N20,VIIRS,l,2,307.6,2.11,D,0
19.43614,79.8884,350.07,0.41,0.37,2021-03-24,746,N20,VIIRS,n,2,311.95,6.62,D,0
19.43675,79.89222,337.53,0.41,0.37,2021-03-24,746,N20,VIIRS,l,2,311.19,6.62,D,0
19.43711,80.70839,335.18,0.39,0.36,2021-03-24,746,N20,VIIRS,l,2,308.65,3.5,D,0
19.4387,80.69676,336.52,0.39,0.36,2021-03-24,746,N20,VIIRS,l,2,307.69,2.85,D,0
19.44143,80.6925,338.4,0.39,0.36,2021-03-24,746,N20,VIIRS,l,2,309.38,4.32,D,0
19.44259,80.69987,333.16,0.39,0.36,2021-03-24,746,N20,VIIRS,l,2,308.05,2.85,D,0
19.44288,79.88717,344.06,0.41,0.37,2021-03-24,746,N20,VIIRS,n,2,309.56,10.42,D,0
19.44349,79.89099,334.43,0.41,0.37,2021-03-24,746,N20,VIIRS,l,2,308.3,10.42,D,0
19.44363,80.21442,337.2,0.4,0.37,2021-03-24,746,N20,VIIRS,n,2,310.26,3.13,D,0
19.44373,80.12918,340.75,0.4,0.37,2021-03-24,746,N20,VIIRS,n,2,309.63,13.19,D,0
19.44433,80.13296,348.36,0.4,0.37,2021-03-24,746,N20,VIIRS,n,2,311.31,13.19,D,0
19.44648,80.78996,336.0,0.39,0.36,2021-03-24,746,N20,VIIRS,n,2,308.8,1.74,D,0
19.44769,80.13238,347.29,0.4,0.37,2021-03-24,746,N20,VIIRS,n,2,312.54,13.19,D,0
19.44797,80.51682,331.22,0.39,0.36,2021-03-24,746,N20,VIIRS,l,2,304.88,0.91,D,0
19.44829,80.56235,339.62,0.39,0.36,2021-03-24,746,N20,VIIRS,n,2,308.79,2.19,D,0
19.45138,80.69077,334.68,0.39,0.36,2021-03-24,746,N20,VIIRS,l,2,306.73,1.75,D,0
19.45152,80.22076,352.51,0.4,0.37,2021-03-24,746,N20,VIIRS,n,2,312.03,8.59,D,0
19.45382,80.81519,335.58,0.39,0.36,2021-03-24,746,N20,VIIRS,l,2,308.34,2.69,D,0
19.45417,80.25883,341.5,0.4,0.37,2021-03-24,746,N20,VIIRS,n,2,311.23,3.45,D,0
19.45512,80.24326,341.84,0.4,0.37,2021-03-24,746,N20,VIIRS,n,2,310.31,4.94,D,0
19.45666,81.20854,334.81,0.39,0.36,2021-03-24,746,N20,VIIRS,l,2,308.75,3.75,D,0
19.45694,80.53042,335.94,0.39,0.36,2021-03-24,746,N20,VIIRS,n,2,307.3,3.31,D,0
19.45721,81.2122,337.26,0.39,0.36,2021-03-24,746,N20,VIIRS,n,2,305.97,3.36,D,0
19.45795,80.51512,341.17,0.39,0.36,2021-03-24,746,N20,VIIRS,n,2,306.86,3.63,D,0
19.45829,80.73497,340.84,0.39,0.36,2021-03-24,746,N20,VIIRS,n,2,310.21,4.1,D,0
19.46132,80.68903,338.11,0.39,0.36,2021-03-24,746,N20,VIIRS,l,2,308.85,4.94,D,0
19.46284,80.184,335.86,0.4,0.37,2021-03-24,746,N20,VIIRS,l,2,309.11,2.13,D,0
19.46379,78.30386,351.77,0.46,0.39,2021-03-24,746,N20,VIIRS,n,2,311.87,5.64,D,0
19.46525,80.45271,335.82,0.39,0.36,2021-03-24,746,N20,VIIRS,n,2,306.21,2.85,D,0
19.46598,80.11751,335.51,0.4,0.37,2021-03-24,746,N20,VIIRS,l,2,308.19,1.57,D,0
19.46763,79.62557,338.5,0.41,0.37,2021-03-24,746,N20,VIIRS,l,2,311.2,1.97,D,0
19.46795,81.37066,344.98,0.38,0.36,2021-03-24,746,N20,VIIRS,n,2,310.73,1.71,D,0
19.4687,79.52506,335.77,0.41,0.37,2021-03-24,746,N20,VIIRS,l,2,309.95,3.2,D,0
19.4705,80.38269,346.19,0.39,0.37,2021-03-24,746,N20,VIIRS,n,2,310.72,4.03,D,0
19.47093,80.06215,335.92,0.4,0.37,2021-03-24,746,N20,VIIRS,l,2,310.37,2.0,D,0
19.47259,78.4406,343.52,0.46,0.39,2021-03-24,746,N20,VIIRS,n,2,312.78,6.66,D,0
19.47294,79.63661,342.73,0.41,0.37,2021-03-24,746,N20,VIIRS,l,2,311.95,5.98,D,0
19.473,80.69836,335.69,0.39,0.36,2021-03-24,746,N20,VIIRS,l,2,308.26,2.62,D,0
19.47316,80.634,338.56,0.39,0.36,2021-03-24,746,N20,VIIRS,n,2,305.82,3.94,D,0
19.47368,80.05776,349.62,0.4,0.37,2021-03-24,746,N20,VIIRS,n,2,311.28,5.19,D,0
19.47386,80.27462,337.22,0.4,0.37,2021-03-24,746,N20,VIIRS,l,2,309.8,3.73,D,0
19.47436,78.38677,339.78,0.46,0.39,2021-03-24,746,N20,VIIRS,l,2,313.78,5.75,D,0
19.4749,80.6452,342.66,0.39,0.36,2021-03-24,746,N20,VIIRS,n,2,306.42,5.96,D,0
19.47704,80.05716,342.59,0.4,0.37,2021-03-24,746,N20,VIIRS,n,2,309.0,5.19,D,0
19.47809,78.77342,339.47,0.44,0.38,2021-03-24,746,N20,VIIRS,l,2,311.25,3.87,D,0
19.47871,80.82231,335.31,0.39,0.36,2021-03-24,746,N20,VIIRS,l,2,309.15,3.9,D,0
19.47928,80.82599,338.64,0.39,0.36,2021-03-24,746,N20,VIIRS,n,2,308.12,4.18,D,0
19.47962,80.69721,341.63,0.39,0.36,2021-03-24,746,N20,VIIRS,n,2,309.21,2.98,D,0
19.4802,80.7009,338.11,0.39,0.36,2021-03-24,746,N20,VIIRS,n,2,308.35,2.98,D,0
19.48451,79.2334,337.04,0.42,0.38,2021-03-24,746,N20,VIIRS,l,2,311.98,3.95,D,0
19.48454,80.1258,337.7,0.4,0.37,2021-03-24,746,N20,VIIRS,l,2,310.59,2.97,D,0
19.48625,80.46029,339.42,0.39,0.36,2021-03-24,746,N20,VIIRS,n,2,306.01,3.3,D,0
19.4925,79.90615,341.84,0.4,0.37,2021-03-24,746,N20,VIIRS,n,2,313.42,5.13,D,0
19.49427,80.5541,333.53,0.39,0.36,2021-03-24,746,N20,VIIRS,l,2,306.34,1.49,D,0
19.49759,80.55351,332.37,0.39,0.36,2021-03-24,746,N20,VIIRS,l,2,305.62,5.71,D,0
19.49834,80.38547,336.6,0.39,0.37,2021-03-24,746,N20,VIIRS,n,2,309.28,3.05,D,0
19.49937,80.49996,334.51,0.39,0.36,2021-03-24,746,N20,VIIRS,l,2,306.03,1.19,D,0
19.49967,80.02583,336.25,0.4,0.37,2021-03-24,746,N20,VIIRS,l,2,308.63,5.36,D,0
19.50032,80.54922,343.78,0.39,0.36,2021-03-24,746,N20,VIIRS,n,2,308.82,5.71,D,0
19.50243,80.02144,348.14,0.4,0.37,2021-03-24,746,N20,VIIRS,n,2,311.82,7.43,D,0
19.50243,80.34643,341.11,0.4,0.37,2021-03-24,746,N20,VIIRS,n,2,310.12,2.19,D,0
19.50342,80.59044,340.0,0.39,0.36,2021-03-24,746,N20,VIIRS,n,2,307.35,2.69,D,0
19.50452,78.82377,340.15,0.44,0.38,2021-03-24,746,N20,VIIRS,l,2,312.96,2.57,D,0
19.50495,80.64338,338.25,0.39,0.36,2021-03-24,746,N20,VIIRS,n,2,305.11,4.05,D,0
19.50542,80.49504,337.9,0.39,0.36,2021-03-24,746,N20,VIIRS,l,2,308.69,3.33,D,0
19.50615,80.58617,336.67,0.39,0.36,2021-03-24,746,N20,VIIRS,n,2,306.18,2.69,D,0
19.50639,80.02464,337.28,0.4,0.37,2021-03-24,746,N20,VIIRS,l,2,312.22,5.17,D,0
19.50699,80.02843,337.4,0.4,0.37,2021-03-24,746,N20,VIIRS,l,2,310.95,5.17,D,0
19.50759,80.70346,334.46,0.39,0.36,2021-03-24,746,N20,VIIRS,l,2,307.08,3.14,D,0
19.50817,80.70713,337.76,0.39,0.36,2021-03-24,746,N20,VIIRS,l,2,308.94,3.39,D,0
19.50825,80.02466,345.24,0.4,0.37,2021-03-24,746,N20,VIIRS,n,2,312.34,3.6,D,0
19.50874,80.42953,342.0,0.39,0.36,2021-03-24,746,N20,VIIRS,n,2,311.27,5.65,D,0
19.50875,80.49446,337.66,0.39,0.36,2021-03-24,746,N20,VIIRS,l,2,308.67,4.71,D,0
19.51148,80.42523,341.15,0.39,0.36,2021-03-24,746,N20,VIIRS,l,2,311.45,5.83,D,0
19.51149,80.70659,344.34,0.39,0.36,2021-03-24,746,N20,VIIRS,n,2,307.3,3.39,D,0
19.51245,80.40976,339.51,0.39,0.36,2021-03-24,746,N20,VIIRS,n,2,309.5,5.46,D,0
19.51363,80.41721,347.83,0.39,0.36,2021-03-24,746,N20,VIIRS,n,2,310.43,4.81,D,0
19.51413,80.61514,337.33,0.39,0.36,2021-03-24,746,N20,VIIRS,l,2,307.48,3.32,D,0
19.5152,80.40544,343.22,0.39,0.36,2021-03-24,746,N20,VIIRS,n,2,308.06,4.96,D,0
19.51617,80.38999,342.73,0.39,0.37,2021-03-24,746,N20,VIIRS,n,2,311.44,7.19,D,0
19.51637,80.4129,346.84,0.39,0.36,2021-03-24,746,N20,VIIRS,n,2,311.61,7.64,D,0
19.51676,80.3937,346.8,0.39,0.37,2021-03-24,746,N20,VIIRS,n,2,310.49,8.94,D,0
19.5171,80.01527,343.89,0.4,0.37,2021-03-24,746,N20,VIIRS,n,2,312.96,2.94,D,0
19.51745,80.61456,344.59,0.39,0.36,2021-03-24,746,N20,VIIRS,n,2,308.1,3.32,D,0
19.51751,80.55001,335.44,0.39,0.36,2021-03-24,746,N20,VIIRS,l,2,307.48,1.9,D,0
19.51774,80.37825,345.25,0.39,0.37,2021-03-24,746,N20,VIIRS,n,2,307.8,4.2,D,0
19.51873,80.4278,335.96,0.39,0.36,2021-03-24,746,N20,VIIRS,l,2,309.35,2.97,D,0
19.51892,80.38569,334.35,0.39,0.37,2021-03-24,746,N20,VIIRS,l,2,308.58,4.75,D,0
19.52009,80.39312,339.89,0.39,0.37,2021-03-24,746,N20,VIIRS,n,2,308.83,5.01,D,0
19.52031,81.00314,331.66,0.39,0.36,2021-03-24,746,N20,VIIRS,l,2,306.42,2.34,D,0
19.52046,80.01468,337.28,0.4,0.37,2021-03-24,746,N20,VIIRS,l,2,311.44,1.77,D,0
19.52049,80.37395,331.0,0.39,0.37,2021-03-24,746,N20,VIIRS,l,2,305.9,0.99,D,0
19.52107,80.37768,334.62,0.39,0.37,2021-03-24,746,N20,VIIRS,l,2,306.62,4.2,D,0
19.52167,80.38141,350.04,0.39,0.37,2021-03-24,746,N20,VIIRS,n,2,307.21,4.2,D,0
19.52225,80.38512,348.59,0.39,0.37,2021-03-24,746,N20,VIIRS,n,2,308.48,4.75,D,0
19.52241,80.53777,337.72,0.39,0.36,2021-03-24,746,N20,VIIRS,l,2,308.0,3.35,D,0
19.52284,80.38884,348.17,0.39,0.37,2021-03-24,746,N20,VIIRS,n,2,309.9,4.75,D,0
19.52348,79.94767,338.73,0.4,0.37,2021-03-24,746,N20,VIIRS,l,2,311.76,5.51,D,0
19.52441,80.37712,336.83,0.39,0.37,2021-03-24,746,N20,VIIRS,n,2,306.13,6.73,D,0
19.52444,80.65898,333.41,0.39,0.36,2021-03-24,746,N20,VIIRS,l,2,304.39,2.54,D,0
19.52499,80.44581,338.88,0.39,0.36,2021-03-24,746,N20,VIIRS,n,2,308.74,4.25,D,0
19.52515,80.53349,337.17,0.39,0.36,2021-03-24,746,N20,VIIRS,n,2,308.83,2.29,D,0
19.52573,80.53719,340.99,0.39,0.36,2021-03-24,746,N20,VIIRS,n,2,308.33,3.35,D,0
19.52613,80.51808,336.89,0.39,0.36,2021-03-24,746,N20,VIIRS,l,2,309.55,3.66,D,0
19.52619,79.90012,341.01,0.4,0.37,2021-03-24,746,N20,VIIRS,n,2,312.2,1.66,D,0
19.52775,80.37656,346.59,0.39,0.37,2021-03-24,746,N20,VIIRS,n,2,308.98,6.73,D,0
19.52789,80.5292,343.64,0.39,0.36,2021-03-24,746,N20,VIIRS,n,2,309.19,3.09,D,0
19.52823,80.57471,339.17,0.39,0.36,2021-03-24,746,N20,VIIRS,n,2,308.83,2.53,D,0
19.52847,80.53291,335.74,0.39,0.36,2021-03-24,746,N20,VIIRS,l,2,309.95,3.09,D,0
19.52888,80.51381,348.78,0.39,0.36,2021-03-24,746,N20,VIIRS,n,2,310.7,3.66,D,0
19.52891,80.44897,334.28,0.39,0.36,2021-03-24,746,N20,VIIRS,l,2,309.16,3.83,D,0
19.52946,80.51751,349.28,0.39,0.36,2021-03-24,746,N20,VIIRS,n,2,311.36,3.66,D,0
19.53022,80.54401,336.23,0.39,0.36,2021-03-24,746,N20,VIIRS,l,2,309.39,2.0,D,0
19.53049,80.37221,331.96,0.39,0.37,2021-03-24,746,N20,VIIRS,l,2,306.45,1.78,D,0
19.53101,79.11342,335.52,0.43,0.38,2021-03-24,746,N20,VIIRS,l,2,310.45,1.49,D,0
19.53108,80.37597,338.02,0.39,0.37,2021-03-24,746,N20,VIIRS,n,2,306.25,3.03,D,0
19.53115,80.01665,345.53,0.4,0.37,2021-03-24,746,N20,VIIRS,n,2,311.7,3.83,D,0
19.53238,80.53603,336.58,0.39,0.36,2021-03-24,746,N20,VIIRS,l,2,310.05,3.49,D,0
19.53354,80.54343,334.29,0.39,0.36,2021-03-24,746,N20,VIIRS,l,2,308.22,2.0,D,0
19.535,80.3791,339.67,0.39,0.37,2021-03-24,746,N20,VIIRS,n,2,306.41,3.03,D,0
19.53503,80.59631,335.19,0.39,0.36,2021-03-24,746,N20,VIIRS,l,2,307.35,2.29,D,0
19.53552,81.34421,337.38,0.38,0.36,2021-03-24,746,N20,VIIRS,l,2,310.85,3.86,D,0
19.53556,80.31754,338.61,0.4,0.37,2021-03-24,746,N20,VIIRS,l,2,311.2,2.74,D,0
19.53651,80.23657,339.97,0.4,0.37,2021-03-24,746,N20,VIIRS,n,2,310.25,2.74,D,0
19.53773,80.43986,334.72,0.39,0.36,2021-03-24,746,N20,VIIRS,l,2,305.71,3.47,D,0
19.5386,80.55393,345.21,0.39,0.36,2021-03-24,746,N20,VIIRS,n,2,308.67,4.9,D,0
19.53893,80.59943,335.94,0.39,0.36,2021-03-24,746,N20,VIIRS,l,2,307.82,3.36,D,0
19.53925,78.99037,337.42,0.43,0.38,2021-03-24,746,N20,VIIRS,l,2,310.35,2.14,D,0
19.53964,80.15517,337.24,0.4,0.37,2021-03-24,746,N20,VIIRS,n,2,306.26,2.51,D,0
19.53988,80.43184,332.97,0.39,0.36,2021-03-24,746,N20,VIIRS,l,2,306.09,1.91,D,0
19.54225,80.59885,344.87,0.39,0.36,2021-03-24,746,N20,VIIRS,n,2,308.19,3.36,D,0
19.54238,80.15081,339.48,0.4,0.37,2021-03-24,746,N20,VIIRS,n,2,307.54,3.46,D,0
19.54274,80.04578,339.37,0.4,0.37,2021-03-24,746,N20,VIIRS,n,2,310.86,1.88,D,0
19.54499,80.59459,334.55,0.39,0.36,2021-03-24,746,N20,VIIRS,l,2,306.4,2.68,D,0
19.54585,77.02377,338.45,0.53,0.42,2021-03-24,746,N20,VIIRS,n,2,310.76,4.15,D,0
19.5479,77.02596,336.46,0.53,0.42,2021-03-24,746,N20,VIIRS,l,2,309.59,2.92,D,0
19.54847,80.14584,340.52,0.4,0.37,2021-03-24,746,N20,VIIRS,n,2,306.46,9.31,D,0
19.54942,80.0874,342.26,0.4,0.37,2021-03-24,746,N20,VIIRS,l,2,312.97,3.62,D,0
19.55003,80.09119,335.91,0.4,0.37,2021-03-24,746,N20,VIIRS,l,2,309.25,3.62,D,0
19.5504,80.26521,345.22,0.4,0.37,2021-03-24,746,N20,VIIRS,n,2,311.96,5.21,D,0
19.55044,78.7696,345.67,0.44,0.38,2021-03-24,746,N20,VIIRS,n,2,313.57,8.66,D,0
19.5508,80.47951,335.68,0.39,0.36,2021-03-24,746,N20,VIIRS,l,2,309.67,4.12,D,0
19.55181,80.14523,353.08,0.4,0.37,2021-03-24,746,N20,VIIRS,n,2,311.67,9.31,D,0
19.55278,80.08681,342.51,0.4,0.37,2021-03-24,746,N20,VIIRS,n,2,310.41,3.28,D,0
19.55516,80.14462,335.94,0.4,0.37,2021-03-24,746,N20,VIIRS,l,2,306.91,2.41,D,0
19.55516,80.70292,333.54,0.39,0.36,2021-03-24,746,N20,VIIRS,n,2,304.96,1.94,D,0
19.55726,80.60762,340.11,0.39,0.36,2021-03-24,746,N20,VIIRS,n,2,310.29,2.85,D,0
19.55732,80.39041,334.0,0.39,0.36,2021-03-24,746,N20,VIIRS,l,2,308.97,1.76,D,0
19.55999,80.17479,337.12,0.4,0.37,2021-03-24,746,N20,VIIRS,n,2,307.51,4.9,D,0
19.56,80.60336,337.9,0.39,0.36,2021-03-24,746,N20,VIIRS,l,2,309.84,3.88,D,0
19.5602,80.47403,337.54,0.39,0.36,2021-03-24,746,N20,VIIRS,n,2,306.65,4.02,D,0
19.56064,81.26543,331.67,0.38,0.36,2021-03-24,746,N20,VIIRS,l,2,305.68,2.71,D,0
19.56194,80.05793,340.07,0.4,0.37,2021-03-24,746,N20,VIIRS,n,2,310.36,1.67,D,0
19.56217,80.59544,339.41,0.39,0.36,2021-03-24,746,N20,VIIRS,n,2,305.87,3.7,D,0
19.56328,80.32436,344.45,0.4,0.37,2021-03-24,746,N20,VIIRS,n,2,308.65,3.02,D,0
19.56376,80.58383,336.25,0.39,0.36,2021-03-24,746,N20,VIIRS,l,2,306.82,3.56,D,0
19.56385,80.22044,339.51,0.4,0.37,2021-03-24,746,N20,VIIRS,l,2,310.47,3.46,D,0
19.56478,79.92463,349.21,0.4,0.37,2021-03-24,746,N20,VIIRS,n,2,312.14,6.76,D,0
19.56568,80.46541,335.7,0.39,0.36,2021-03-24,746,N20,VIIRS,l,2,308.49,5.3,D,0
19.56662,80.32377,341.6,0.4,0.37,2021-03-24,746,N20,VIIRS,n,2,309.63,3.02,D,0
19.56814,79.92402,367.0,0.4,0.37,2021-03-24,746,N20,VIIRS,h,2,313.04,10.01,D,0
19.56841,79.99048,340.17,0.4,0.37,2021-03-24,746,N20,VIIRS,l,2,310.94,1.71,D,0
19.56876,80.31572,335.65,0.4,0.37,2021-03-24,746,N20,VIIRS,l,2,308.36,1.6,D,0
19.5721,80.31513,337.86,0.4,0.37,2021-03-24,746,N20,VIIRS,l,2,308.82,1.6,D,0
19.57349,80.47166,336.99,0.39,0.36,2021-03-24,746,N20,VIIRS,n,2,307.92,1.77,D,0
19.5742,78.73907,336.43,0.44,0.38,2021-03-24,746,N20,VIIRS,l,2,310.1,2.64,D,0
19.57685,80.34501,336.36,0.39,0.37,2021-03-24,746,N20,VIIRS,l,2,309.38,5.25,D,0
19.57737,80.45585,335.42,0.39,0.36,2021-03-24,746,N20,VIIRS,l,2,308.28,2.58,D,0
19.57877,80.01206,339.03,0.4,0.37,2021-03-24,746,N20,VIIRS,n,2,311.43,4.61,D,0
19.57898,79.23248,338.83,0.42,0.38,2021-03-24,746,N20,VIIRS,l,2,310.55,4.17,D,0
19.57982,80.36366,335.15,0.39,0.37,2021-03-24,746,N20,VIIRS,l,2,309.21,3.39,D,0
19.58019,80.34442,343.27,0.39,0.37,2021-03-24,746,N20,VIIRS,n,2,309.92,5.3,D,0
19.58326,80.49297,342.34,0.39,0.36,2021-03-24,746,N20,VIIRS,n,2,307.76,4.73,D,0
19.58453,80.54224,335.74,0.39,0.36,2021-03-24,746,N20,VIIRS,n,2,305.04,2.49,D,0
19.58496,78.9537,345.38,0.43,0.38,2021-03-24,746,N20,VIIRS,n,2,313.49,5.14,D,0
19.58741,80.64787,336.15,0.39,0.36,2021-03-24,746,N20,VIIRS,l,2,309.46,3.55,D,0
19.5895,80.16573,345.21,0.4,0.37,2021-03-24,746,N20,VIIRS,n,2,308.65,4.54,D,0
19.59044,80.15001,338.76,0.4,0.37,2021-03-24,746,N20,VIIRS,n,2,308.76,3.07,D,0
19.59244,80.46466,334.23,0.39,0.36,2021-03-24,746,N20,VIIRS,l,2,306.4,1.68,D,0
19.59299,80.40344,336.22,0.39,0.36,2021-03-24,746,N20,VIIRS,l,2,310.85,2.52,D,0
19.59378,80.14939,339.21,0.4,0.37,2021-03-24,746,N20,VIIRS,n,2,307.76,3.07,D,0
19.59402,80.02106,344.86,0.4,0.37,2021-03-24,746,N20,VIIRS,n,2,311.09,4.23,D,0
19.59556,80.00907,338.96,0.4,0.37,2021-03-24,746,N20,VIIRS,l,2,311.78,4.23,D,0
19.59558,80.26872,338.94,0.4,0.37,2021-03-24,746,N20,VIIRS,l,2,311.01,2.51,D,0
19.59616,80.01286,348.31,0.4,0.37,2021-03-24,746,N20,VIIRS,n,2,312.21,4.23,D,0
19.5989,80.57023,349.52,0.39,0.36,2021-03-24,746,N20,VIIRS,n,2,309.45,5.38,D,0
19.59949,80.57395,346.92,0.39,0.36,2021-03-24,746,N20,VIIRS,n,2,306.99,5.38,D,0
19.59966,79.87463,338.31,0.4,0.37,2021-03-24,746,N20,VIIRS,n,2,310.24,4.54,D,0
19.59996,80.10172,347.66,0.4,0.37,2021-03-24,746,N20,VIIRS,n,2,310.44,5.45,D,0
19.60103,80.4326,338.21,0.39,0.36,2021-03-24,746,N20,VIIRS,l,2,311.26,2.15,D,0
19.60242,80.5925,336.34,0.39,0.36,2021-03-24,746,N20,VIIRS,n,2,305.47,3.05,D,0
19.60398,80.645,335.21,0.39,0.36,2021-03-24,746,N20,VIIRS,l,2,307.28,2.42,D,0
19.60405,79.19597,338.44,0.42,0.38,2021-03-24,746,N20,VIIRS,l,2,311.8,3.67,D,0
19.60582,80.28998,340.26,0.4,0.37,2021-03-24,746,N20,VIIRS,n,2,309.99,3.12,D,0
19.60611,80.57272,342.69,0.39,0.36,2021-03-24,746,N20,VIIRS,n,2,309.13,5.7,D,0
19.60626,80.33597,347.23,0.39,0.37,2021-03-24,746,N20,VIIRS,n,2,310.58,3.78,D,0
19.6084,80.32791,338.95,0.4,0.37,2021-03-24,746,N20,VIIRS,l,2,309.85,3.27,D,0
19.60847,80.58765,333.57,0.39,0.36,2021-03-24,746,N20,VIIRS,l,2,306.08,4.43,D,0
19.60863,80.35093,344.22,0.39,0.37,2021-03-24,746,N20,VIIRS,n,2,310.18,4.07,D,0
19.60881,80.09235,335.91,0.4,0.37,2021-03-24,746,N20,VIIRS,l,2,310.19,1.83,D,0
19.6108,80.01805,337.5,0.4,0.37,2021-03-24,746,N20,VIIRS,l,2,310.33,1.15,D,0
19.61174,80.32732,342.92,0.4,0.37,2021-03-24,746,N20,VIIRS,n,2,309.84,4.83,D,0
19.61196,80.35035,342.46,0.39,0.37,2021-03-24,746,N20,VIIRS,n,2,311.27,4.07,D,0
19.61216,80.09176,337.0,0.4,0.37,2021-03-24,746,N20,VIIRS,l,2,310.47,1.83,D,0
19.61374,80.36158,345.51,0.39,0.37,2021-03-24,746,N20,VIIRS,n,2,308.1,4.68,D,0
19.61386,80.64346,331.68,0.39,0.36,2021-03-24,746,N20,VIIRS,l,2,305.15,2.3,D,0
19.61389,80.31928,338.39,0.4,0.37,2021-03-24,746,N20,VIIRS,l,2,309.62,3.15,D,0
19.61431,80.55984,334.7,0.39,0.36,2021-03-24,746,N20,VIIRS,l,2,306.99,2.3,D,0
19.6147,80.34603,337.43,0.39,0.37,2021-03-24,746,N20,VIIRS,l,2,309.44,3.01,D,0
19.61503,78.24885,336.77,0.46,0.39,2021-03-24,746,N20,VIIRS,l,2,309.26,1.16,D,0
19.61529,80.34978,346.86,0.39,0.37,2021-03-24,746,N20,VIIRS,n,2,309.99,3.01,D,0
19.61529,80.54444,333.64,0.39,0.36,2021-03-24,746,N20,VIIRS,l,2,306.31,1.43,D,0
19.61589,80.35354,334.46,0.39,0.37,2021-03-24,746,N20,VIIRS,n,2,307.87,3.41,D,0
19.61648,80.35728,346.27,0.39,0.37,2021-03-24,746,N20,VIIRS,n,2,309.8,3.41,D,0
19.61665,80.57466,336.01,0.39,0.36,2021-03-24,746,N20,VIIRS,l,2,309.27,2.74,D,0
19.61707,80.36104,332.68,0.39,0.37,2021-03-24,746,N20,VIIRS,l,2,306.98,4.33,D,0
19.61763,80.55925,343.09,0.39,0.36,2021-03-24,746,N20,VIIRS,n,2,309.21,2.3,D,0
19.61803,80.34545,339.39,0.39,0.37,2021-03-24,746,N20,VIIRS,n,2,308.92,3.01,D,0
19.61863,80.34921,336.98,0.39,0.37,2021-03-24,746,N20,VIIRS,n,2,308.81,3.01,D,0
19.61873,80.24155,338.08,0.4,0.37,2021-03-24,746,N20,VIIRS,l,2,312.37,5.5,D,0
19.61932,80.24529,339.33,0.4,0.37,2021-03-24,746,N20,VIIRS,l,2,311.52,4.73,D,0
19.61968,79.97679,342.49,0.4,0.37,2021-03-24,746,N20,VIIRS,n,2,312.68,4.45,D,0
19.61969,79.31131,342.55,0.42,0.38,2021-03-24,746,N20,VIIRS,l,2,314.47,5.15,D,0
19.62029,79.98058,342.8,0.4,0.37,2021-03-24,746,N20,VIIRS,n,2,311.99,3.83,D,0
19.62049,80.64234,330.83,0.39,0.36,2021-03-24,746,N20,VIIRS,l,2,304.51,1.54,D,0
19.62093,80.02728,337.94,0.4,0.37,2021-03-24,746,N20,VIIRS,l,2,311.17,2.11,D,0
19.62157,77.65032,337.07,0.49,0.41,2021-03-24,746,N20,VIIRS,l,2,310.13,2.04,D,0
19.62303,77.45276,342.93,0.51,0.41,2021-03-24,746,N20,VIIRS,n,2,311.95,3.41,D,0
19.62304,79.97619,336.03,0.4,0.37,2021-03-24,746,N20,VIIRS,l,2,310.42,1.89,D,0
19.62354,80.1635,354.99,0.4,0.37,2021-03-24,746,N20,VIIRS,n,2,310.65,10.06,D,0
19.62365,79.97999,339.1,0.4,0.37,2021-03-24,746,N20,VIIRS,l,2,310.7,3.93,D,0
19.6239,80.14404,339.03,0.4,0.37,2021-03-24,746,N20,VIIRS,n,2,306.88,2.65,D,0
19.62413,80.16726,343.65,0.4,0.37,2021-03-24,746,N20,VIIRS,n,2,307.26,2.52,D,0
19.62449,80.14782,332.55,0.4,0.37,2021-03-24,746,N20,VIIRS,l,2,305.53,2.65,D,0
19.62524,80.2827,336.41,0.4,0.37,2021-03-24,746,N20,VIIRS,l,2,311.01,1.5,D,0
19.62535,77.45029,338.06,0.51,0.41,2021-03-24,746,N20,VIIRS,l,2,309.84,2.26,D,0
19.62584,80.5464,335.52,0.39,0.36,2021-03-24,746,N20,VIIRS,l,2,307.55,1.7,D,0
19.62608,80.43967,335.25,0.39,0.36,2021-03-24,746,N20,VIIRS,l,2,307.48,1.93,D,0
19.62718,80.2516,346.58,0.4,0.37,2021-03-24,746,N20,VIIRS,n,2,310.79,5.86,D,0
19.62748,80.16667,349.85,0.4,0.37,2021-03-24,746,N20,VIIRS,n,2,308.84,5.51,D,0
19.62926,80.17796,343.0,0.4,0.37,2021-03-24,746,N20,VIIRS,n,2,310.96,3.54,D,0
19.62999,80.4428,337.6,0.39,0.36,2021-03-24,746,N20,VIIRS,l,2,308.88,1.89,D,0
19.63055,80.51131,335.83,0.39,0.36,2021-03-24,746,N20,VIIRS,l,2,308.94,2.63,D,0
19.63113,80.51501,344.62,0.39,0.36,2021-03-24,746,N20,VIIRS,n,2,309.69,2.63,D,0
19.63119,80.14661,334.21,0.4,0.37,2021-03-24,746,N20,VIIRS,l,2,307.95,3.04,D,0
19.63171,80.51871,337.42,0.39,0.36,2021-03-24,746,N20,VIIRS,l,2,309.84,6.53,D,0
19.63261,80.17737,342.23,0.4,0.37,2021-03-24,746,N20,VIIRS,n,2,310.38,3.54,D,0
19.63312,79.97439,335.43,0.4,0.37,2021-03-24,746,N20,VIIRS,l,2,308.69,1.5,D,0
19.63329,80.50703,338.28,0.39,0.36,2021-03-24,746,N20,VIIRS,n,2,307.85,1.69,D,0
19.63588,80.05576,334.66,0.4,0.37,2021-03-24,746,N20,VIIRS,l,2,309.62,2.81,D,0
19.63596,80.17677,348.16,0.4,0.37,2021-03-24,746,N20,VIIRS,n,2,311.83,6.91,D,0
19.6371,80.06334,334.61,0.4,0.37,2021-03-24,746,N20,VIIRS,l,2,308.22,1.63,D,0
19.63731,79.41769,338.36,0.42,0.37,2021-03-24,746,N20,VIIRS,l,2,312.42,11.76,D,0
19.63795,80.53667,338.13,0.39,0.36,2021-03-24,746,N20,VIIRS,n,2,308.99,2.12,D,0
19.63829,80.58224,338.06,0.39,0.36,2021-03-24,746,N20,VIIRS,l,2,308.86,2.15,D,0
19.6384,80.45277,336.2,0.39,0.36,2021-03-24,746,N20,VIIRS,l,2,308.38,3.05,D,0
19.63889,80.16008,345.7,0.4,0.37,2021-03-24,746,N20,VIIRS,n,2,308.81,4.84,D,0
19.63899,80.45648,332.68,0.39,0.36,2021-03-24,746,N20,VIIRS,l,2,306.9,2.13,D,0
19.63923,80.05517,346.02,0.4,0.37,2021-03-24,746,N20,VIIRS,n,2,310.93,2.81,D,0
19.6398,79.88708,335.54,0.4,0.37,2021-03-24,746,N20,VIIRS,l,2,308.82,4.51,D,0
19.64056,80.31459,335.91,0.4,0.37,2021-03-24,746,N20,VIIRS,l,2,309.64,1.84,D,0
19.64092,80.49046,337.63,0.39,0.36,2021-03-24,746,N20,VIIRS,l,2,309.67,2.93,D,0
19.64121,80.60078,333.38,0.39,0.36,2021-03-24,746,N20,VIIRS,l,2,306.72,2.69,D,0
19.6415,80.49417,339.36,0.39,0.36,2021-03-24,746,N20,VIIRS,n,2,308.19,2.83,D,0
19.64175,80.3221,335.88,0.4,0.37,2021-03-24,746,N20,VIIRS,l,2,308.22,2.63,D,0
19.64197,80.05079,340.78,0.4,0.37,2021-03-24,746,N20,VIIRS,l,2,311.25,4.79,D,0
19.64209,80.49788,336.87,0.39,0.36,2021-03-24,746,N20,VIIRS,l,2,308.08,2.83,D,0
19.64234,80.32584,334.5,0.39,0.37,2021-03-24,746,N20,VIIRS,l,2,306.52,2.68,D,0
19.6425,80.47878,340.22,0.39,0.36,2021-03-24,746,N20,VIIRS,n,2,308.41,6.29,D,0
19.64319,80.05836,348.75,0.4,0.37,2021-03-24,746,N20,VIIRS,n,2,311.41,4.44,D,0
19.64336,80.59276,337.73,0.39,0.36,2021-03-24,746,N20,VIIRS,n,2,306.58,4.37,D,0
19.64388,80.44418,335.28,0.39,0.36,2021-03-24,746,N20,VIIRS,l,2,308.7,3.07,D,0
19.6439,80.31402,344.67,0.4,0.37,2021-03-24,746,N20,VIIRS,n,2,310.91,4.47,D,0
19.64418,80.55458,334.85,0.39,0.36,2021-03-24,746,N20,VIIRS,l,2,306.93,0.93,D,0
19.64427,77.35486,340.7,0.51,0.41,2021-03-24,746,N20,VIIRS,l,2,314.49,8.17,D,0
19.64452,80.60016,336.95,0.39,0.36,2021-03-24,746,N20,VIIRS,l,2,307.06,2.69,D,0
19.64493,80.58106,335.8,0.39,0.36,2021-03-24,746,N20,VIIRS,l,2,309.07,2.73,D,0
19.64551,80.58476,335.57,0.39,0.36,2021-03-24,746,N20,VIIRS,l,2,306.79,3.51,D,0
19.64655,80.05778,341.16,0.4,0.37,2021-03-24,746,N20,VIIRS,l,2,311.42,4.44,D,0
19.64662,80.4399,339.59,0.39,0.36,2021-03-24,746,N20,VIIRS,n,2,309.3,3.07,D,0
19.64667,80.59216,349.54,0.39,0.36,2021-03-24,746,N20,VIIRS,n,2,309.51,6.27,D,0
19.64725,80.59586,349.6,0.39,0.36,2021-03-24,746,N20,VIIRS,n,2,308.79,6.27,D,0
19.64751,79.67624,339.59,0.41,0.37,2021-03-24,746,N20,VIIRS,l,2,311.66,8.01,D,0
19.64898,80.25929,343.51,0.4,0.37,2021-03-24,746,N20,VIIRS,n,2,310.9,3.73,D,0
19.64941,80.58788,338.34,0.39,0.36,2021-03-24,746,N20,VIIRS,n,2,307.81,3.51,D,0
19.64999,80.59158,348.81,0.39,0.36,2021-03-24,746,N20,VIIRS,n,2,309.36,6.27,D,0
19.6509,79.67563,344.73,0.41,0.37,2021-03-24,746,N20,VIIRS,n,2,311.07,3.86,D,0
19.65187,80.21956,351.03,0.4,0.37,2021-03-24,746,N20,VIIRS,n,2,310.88,5.02,D,0
19.65205,80.49614,339.63,0.39,0.36,2021-03-24,746,N20,VIIRS,l,2,309.77,6.09,D,0
19.65272,80.58729,353.46,0.39,0.36,2021-03-24,746,N20,VIIRS,n,2,310.53,13.14,D,0
19.6533,80.591,343.62,0.39,0.36,2021-03-24,746,N20,VIIRS,n,2,308.41,4.55,D,0
19.65352,80.3316,334.0,0.39,0.37,2021-03-24,746,N20,VIIRS,l,2,306.5,1.63,D,0
19.6538,80.50725,335.21,0.39,0.36,2021-03-24,746,N20,VIIRS,l,2,309.76,1.72,D,0
19.65409,80.26994,340.36,0.4,0.37,2021-03-24,746,N20,VIIRS,n,2,311.44,3.02,D,0
19.6553,80.56023,340.38,0.39,0.36,2021-03-24,746,N20,VIIRS,n,2,308.33,3.56,D,0
19.65601,80.00933,335.77,0.4,0.37,2021-03-24,746,N20,VIIRS,l,2,310.25,2.21,D,0
19.65612,78.31757,340.91,0.46,0.39,2021-03-24,746,N20,VIIRS,l,2,312.61,4.37,D,0
19.65662,80.01311,336.56,0.4,0.37,2021-03-24,746,N20,VIIRS,l,2,310.72,1.67,D,0
19.65665,80.30796,334.79,0.4,0.37,2021-03-24,746,N20,VIIRS,l,2,309.46,1.46,D,0
19.65685,80.33101,333.31,0.39,0.37,2021-03-24,746,N20,VIIRS,l,2,306.15,1.63,D,0
19.65803,80.55595,340.74,0.39,0.36,2021-03-24,746,N20,VIIRS,n,2,309.58,4.77,D,0
19.65901,80.11395,337.0,0.4,0.37,2021-03-24,746,N20,VIIRS,n,2,309.25,3.45,D,0
19.65929,80.13715,334.78,0.4,0.37,2021-03-24,746,N20,VIIRS,n,2,308.72,2.59,D,0
19.65989,80.14091,338.66,0.4,0.37,2021-03-24,746,N20,VIIRS,n,2,308.74,2.59,D,0
19.65993,80.43761,335.33,0.39,0.36,2021-03-24,746,N20,VIIRS,l,2,306.64,4.88,D,0
19.6601,80.61259,339.41,0.39,0.36,2021-03-24,746,N20,VIIRS,l,2,309.53,3.62,D,0
19.66068,80.61632,336.9,0.39,0.36,2021-03-24,746,N20,VIIRS,l,2,308.13,3.62,D,0
19.66076,80.16782,336.98,0.4,0.37,2021-03-24,746,N20,VIIRS,l,2,310.41,3.65,D,0
19.6609,79.99675,337.13,0.4,0.37,2021-03-24,746,N20,VIIRS,l,2,309.81,2.97,D,0
19.66126,80.62003,344.79,0.39,0.36,2021-03-24,746,N20,VIIRS,n,2,307.19,5.77,D,0
19.6617,80.30248,344.94,0.4,0.37,2021-03-24,746,N20,VIIRS,n,2,310.6,4.8,D,0
19.66399,80.61572,333.35,0.39,0.36,2021-03-24,746,N20,VIIRS,l,2,307.89,3.74,D,0
19.66564,80.15536,338.0,0.4,0.37,2021-03-24,746,N20,VIIRS,l,2,310.22,2.89,D,0
19.66577,78.63591,336.46,0.44,0.39,2021-03-24,746,N20,VIIRS,l,2,308.91,4.44,D,0
19.66683,80.31317,341.03,0.39,0.37,2021-03-24,746,N20,VIIRS,n,2,307.59,4.1,D,0
19.66719,78.66596,341.59,0.44,0.39,2021-03-24,746,N20,VIIRS,n,2,313.02,4.22,D,0
19.66734,80.46297,343.55,0.39,0.36,2021-03-24,746,N20,VIIRS,n,2,310.69,5.16,D,0
19.66796,80.21285,338.87,0.4,0.37,2021-03-24,746,N20,VIIRS,l,2,310.62,2.71,D,0
19.6722,80.60286,348.59,0.39,0.36,2021-03-24,746,N20,VIIRS,n,2,308.47,4.76,D,0
19.67263,80.58379,338.64,0.39,0.36,2021-03-24,746,N20,VIIRS,n,2,307.36,1.75,D,0
19.6729,80.30822,333.51,0.4,0.37,2021-03-24,746,N20,VIIRS,l,2,307.92,4.06,D,0
19.67315,80.50005,338.74,0.39,0.36,2021-03-24,746,N20,VIIRS,l,2,310.0,5.78,D,0
19.67324,80.2889,336.65,0.4,0.37,2021-03-24,746,N20,VIIRS,l,2,308.79,3.74,D,0
19.67333,80.09584,338.41,0.4,0.37,2021-03-24,746,N20,VIIRS,n,2,308.07,5.73,D,0
19.67473,80.48834,340.38,0.39,0.36,2021-03-24,746,N20,VIIRS,n,2,309.32,4.57,D,0
19.67514,80.10717,334.91,0.4,0.37,2021-03-24,746,N20,VIIRS,l,2,307.26,3.03,D,0
19.67531,80.49205,351.25,0.39,0.36,2021-03-24,746,N20,VIIRS,n,2,310.38,4.57,D,0
19.67564,80.30389,335.48,0.4,0.37,2021-03-24,746,N20,VIIRS,l,2,308.15,2.81,D,0
19.67608,80.09148,340.26,0.4,0.37,2021-03-24,746,N20,VIIRS,n,2,308.18,2.8,D,0
19.67611,77.70885,338.49,0.49,0.4,2021-03-24,746,N20,VIIRS,l,2,311.4,4.7,D,0
19.67625,79.61176,341.54,0.41,0.37,2021-03-24,746,N20,VIIRS,n,2,308.52,3.94,D,0
19.67668,80.09524,335.57,0.4,0.37,2021-03-24,746,N20,VIIRS,l,2,308.29,2.29,D,0
19.67689,80.48035,356.5,0.39,0.36,2021-03-24,746,N20,VIIRS,n,2,311.86,7.55,D,0
19.67847,80.25718,338.05,0.4,0.37,2021-03-24,746,N20,VIIRS,l,2,310.78,2.94,D,0
19.67868,80.57894,335.09,0.39,0.36,2021-03-24,746,N20,VIIRS,l,2,307.55,2.83,D,0
19.67872,80.42669,334.18,0.39,0.36,2021-03-24,746,N20,VIIRS,l,2,307.47,2.45,D,0
19.67964,79.61115,337.96,0.41,0.37,2021-03-24,746,N20,VIIRS,l,2,309.74,4.19,D,0
19.6808,80.48349,343.54,0.39,0.36,2021-03-24,746,N20,VIIRS,n,2,308.62,7.55,D,0
19.68188,80.42916,345.45,0.39,0.36,2021-03-24,746,N20,VIIRS,n,2,308.18,4.43,D,0
19.6827,80.51741,344.66,0.39,0.36,2021-03-24,746,N20,VIIRS,n,2,309.91,3.13,D,0
19.68304,79.61055,345.69,0.41,0.37,2021-03-24,746,N20,VIIRS,l,2,309.93,4.19,D,0
19.68342,80.41739,336.27,0.39,0.36,2021-03-24,746,N20,VIIRS,l,2,306.92,3.31,D,0
19.68385,80.29092,332.89,0.4,0.37,2021-03-24,746,N20,VIIRS,l,2,307.52,1.11,D,0
19.68526,80.21362,340.84,0.4,0.37,2021-03-24,746,N20,VIIRS,n,2,309.62,4.61,D,0
19.68586,80.21738,352.12,0.4,0.37,2021-03-24,746,N20,VIIRS,n,2,314.76,16.39,D,0
19.68699,80.11668,338.36,0.4,0.37,2021-03-24,746,N20,VIIRS,l,2,311.49,5.73,D,0
19.68967,79.91734,345.76,0.4,0.37,2021-03-24,746,N20,VIIRS,n,2,311.41,3.16,D,0
19.68968,80.26291,350.07,0.4,0.37,2021-03-24,746,N20,VIIRS,n,2,310.12,5.45,D,0
19.68979,80.58461,337.01,0.39,0.36,2021-03-24,746,N20,VIIRS,n,2,307.77,1.78,D,0
19.68999,80.1355,342.99,0.4,0.37,2021-03-24,746,N20,VIIRS,n,2,313.33,5.66,D,0
19.69303,79.91675,336.63,0.4,0.37,2021-03-24,746,N20,VIIRS,l,2,310.01,3.16,D,0
19.69362,80.43852,341.32,0.39,0.36,2021-03-24,746,N20,VIIRS,n,2,308.16,3.64,D,0
19.69421,80.50697,346.54,0.39,0.36,2021-03-24,746,N20,VIIRS,n,2,309.31,2.74,D,0
19.69456,80.63699,347.56,0.39,0.36,2021-03-24,746,N20,VIIRS,n,2,312.53,10.96,D,0
19.69555,80.53417,340.31,0.39,0.36,2021-03-24,746,N20,VIIRS,n,2,309.69,2.72,D,0
19.69668,80.13432,338.91,0.4,0.37,2021-03-24,746,N20,VIIRS,l,2,313.42,2.92,D,0
19.69688,80.37292,342.69,0.39,0.36,2021-03-24,746,N20,VIIRS,n,2,308.26,3.22,D,0
19.69694,80.43792,335.04,0.39,0.36,2021-03-24,746,N20,VIIRS,l,2,309.18,4.94,D,0
19.69748,80.37664,345.07,0.39,0.36,2021-03-24,746,N20,VIIRS,n,2,307.84,2.73,D,0
19.69753,80.44164,348.78,0.39,0.36,2021-03-24,746,N20,VIIRS,n,2,309.7,4.94,D,0
19.69787,80.63644,337.02,0.39,0.36,2021-03-24,746,N20,VIIRS,n,2,306.76,10.96,D,0
19.69845,80.64011,334.18,0.39,0.36,2021-03-24,746,N20,VIIRS,n,2,306.09,10.96,D,0
19.69851,80.49102,338.6,0.39,0.36,2021-03-24,746,N20,VIIRS,l,2,309.68,4.38,D,0
19.69903,80.36488,337.95,0.39,0.36,2021-03-24,746,N20,VIIRS,l,2,308.72,3.85,D,0
19.69962,80.36861,348.05,0.39,0.36,2021-03-24,746,N20,VIIRS,n,2,310.89,6.03,D,0
19.69987,80.5212,335.3,0.39,0.36,2021-03-24,746,N20,VIIRS,l,2,308.44,5.57,D,0
19.70027,80.50211,343.52,0.39,0.36,2021-03-24,746,N20,VIIRS,n,2,309.86,5.09,D,0
19.70028,78.53804,335.8,0.45,0.39,2021-03-24,746,N20,VIIRS,l,2,310.28,2.94,D,0
19.7008,80.37606,344.9,0.39,0.36,2021-03-24,746,N20,VIIRS,n,2,309.51,5.46,D,0
19.70119,80.63586,330.98,0.39,0.36,2021-03-24,746,N20,VIIRS,n,2,305.56,1.48,D,0
19.7014,80.37978,340.05,0.39,0.36,2021-03-24,746,N20,VIIRS,n,2,307.79,5.46,D,0
19.70181,80.42558,338.65,0.39,0.36,2021-03-24,746,N20,VIIRS,l,2,310.44,2.82,D,0
19.70338,80.24125,343.24,0.4,0.37,2021-03-24,746,N20,VIIRS,n,2,312.02,3.57,D,0
19.70354,80.37175,335.44,0.39,0.36,2021-03-24,746,N20,VIIRS,l,2,309.62,6.03,D,0
19.70362,80.26431,342.51,0.4,0.37,2021-03-24,746,N20,VIIRS,n,2,311.16,3.08,D,0
19.70457,80.24874,347.26,0.4,0.37,2021-03-24,746,N20,VIIRS,n,2,312.48,7.49,D,0
19.70472,80.3792,348.04,0.39,0.36,2021-03-24,746,N20,VIIRS,n,2,310.44,5.46,D,0
19.70474,80.05518,342.74,0.4,0.37,2021-03-24,746,N20,VIIRS,n,2,310.37,4.98,D,0
19.70687,80.37116,335.45,0.39,0.36,2021-03-24,746,N20,VIIRS,l,2,309.15,4.07,D,0
19.70689,80.04701,334.55,0.4,0.37,2021-03-24,746,N20,VIIRS,l,2,308.56,1.19,D,0
19.70696,80.26373,340.69,0.4,0.37,2021-03-24,746,N20,VIIRS,n,2,310.73,3.08,D,0
19.70768,80.52744,336.8,0.39,0.36,2021-03-24,746,N20,VIIRS,l,2,308.78,3.34,D,0
19.70809,80.05458,341.56,0.4,0.37,2021-03-24,746,N20,VIIRS,n,2,308.74,4.98,D,0
19.70822,80.33645,334.38,0.39,0.37,2021-03-24,746,N20,VIIRS,l,2,306.98,1.75,D,0
19.70982,80.38979,333.23,0.39,0.36,2021-03-24,746,N20,VIIRS,l,2,308.22,2.95,D,0
19.71019,80.19765,341.66,0.4,0.37,2021-03-24,746,N20,VIIRS,n,2,309.9,2.35,D,0
19.71026,79.86304,343.13,0.4,0.37,2021-03-24,746,N20,VIIRS,l,2,314.1,5.17,D,0
19.71041,80.39351,338.19,0.39,0.36,2021-03-24,746,N20,VIIRS,l,2,308.47,2.95,D,0
19.71088,79.86686,336.47,0.4,0.37,2021-03-24,746,N20,VIIRS,l,2,310.13,5.17,D,0
19.71265,80.06155,335.51,0.4,0.37,2021-03-24,746,N20,VIIRS,l,2,309.14,3.8,D,0
19.71374,80.39292,346.37,0.39,0.36,2021-03-24,746,N20,VIIRS,n,2,309.86,2.95,D,0
19.71412,80.37373,347.22,0.39,0.36,2021-03-24,746,N20,VIIRS,n,2,310.94,5.44,D,0
19.71436,80.22389,340.03,0.4,0.37,2021-03-24,746,N20,VIIRS,n,2,309.06,2.48,D,0
19.71512,80.4881,345.33,0.39,0.36,2021-03-24,746,N20,VIIRS,n,2,310.83,5.24,D,0
19.71513,79.85036,342.97,0.4,0.37,2021-03-24,746,N20,VIIRS,n,2,310.57,5.23,D,0
19.71543,80.81485,348.05,0.39,0.36,2021-03-24,746,N20,VIIRS,n,2,308.5,7.05,D,0
19.71626,80.08426,341.54,0.4,0.37,2021-03-24,746,N20,VIIRS,n,2,309.41,3.69,D,0
19.71648,80.38863,351.36,0.39,0.36,2021-03-24,746,N20,VIIRS,n,2,311.55,5.25,D,0
19.71702,80.58664,335.56,0.39,0.36,2021-03-24,746,N20,VIIRS,l,2,306.53,1.71,D,0
19.71721,80.60944,338.44,0.39,0.36,2021-03-24,746,N20,VIIRS,n,2,306.46,3.3,D,0
19.71729,80.0257,338.33,0.4,0.37,2021-03-24,746,N20,VIIRS,l,2,310.07,3.85,D,0
19.71816,80.81061,337.74,0.39,0.36,2021-03-24,746,N20,VIIRS,l,2,312.11,6.69,D,0
19.71873,80.81429,353.81,0.39,0.36,2021-03-24,746,N20,VIIRS,n,2,313.89,7.05,D,0
19.71931,80.81796,333.43,0.39,0.36,2021-03-24,746,N20,VIIRS,l,2,304.99,7.05,D,0
19.7196,80.08366,346.2,0.4,0.37,2021-03-24,746,N20,VIIRS,n,2,311.15,3.69,D,0
19.71981,80.38804,336.62,0.39,0.36,2021-03-24,746,N20,VIIRS,l,2,309.26,5.25,D,0
19.71998,80.54048,340.57,0.39,0.36,2021-03-24,746,N20,VIIRS,l,2,311.22,3.58,D,0
19.72096,80.5251,341.31,0.39,0.36,2021-03-24,746,N20,VIIRS,n,2,309.75,3.03,D,0
19.72155,80.5288,337.4,0.39,0.36,2021-03-24,746,N20,VIIRS,l,2,309.24,3.03,D,0
19.72168,80.61617,338.5,0.39,0.36,2021-03-24,746,N20,VIIRS,n,2,308.13,3.91,D,0
19.72187,79.84915,350.46,0.4,0.37,2021-03-24,746,N20,VIIRS,n,2,317.07,25.02,D,0
19.72213,80.1646,336.49,0.4,0.37,2021-03-24,746,N20,VIIRS,l,2,311.23,3.14,D,0
19.72221,79.87268,339.3,0.4,0.37,2021-03-24,746,N20,VIIRS,l,2,311.0,3.83,D,0
19.72249,79.85297,344.46,0.4,0.37,2021-03-24,746,N20,VIIRS,n,2,311.79,11.02,D,0
19.72272,80.16837,346.94,0.4,0.37,2021-03-24,746,N20,VIIRS,n,2,312.86,3.14,D,0
19.72486,80.52822,343.71,0.39,0.36,2021-03-24,746,N20,VIIRS,n,2,310.53,4.3,D,0
19.72508,80.35646,334.27,0.39,0.36,2021-03-24,746,N20,VIIRS,l,2,305.42,2.16,D,0
19.72523,79.84854,340.08,0.4,0.37,2021-03-24,746,N20,VIIRS,l,2,313.4,6.96,D,0
19.72523,80.14082,353.43,0.4,0.37,2021-03-24,746,N20,VIIRS,n,2,314.55,6.29,D,0
19.72547,80.16402,343.86,0.4,0.37,2021-03-24,746,N20,VIIRS,n,2,311.83,3.14,D,0
19.72556,80.61924,338.5,0.39,0.36,2021-03-24,746,N20,VIIRS,l,2,310.84,4.19,D,0
19.72579,80.25272,337.15,0.4,0.37,2021-03-24,746,N20,VIIRS,l,2,310.26,3.85,D,0
19.72585,79.85236,339.35,0.4,0.37,2021-03-24,746,N20,VIIRS,n,2,310.54,3.02,D,0
19.72602,80.02446,335.38,0.4,0.37,2021-03-24,746,N20,VIIRS,l,2,309.3,2.62,D,0
19.72678,80.12892,347.05,0.4,0.37,2021-03-24,746,N20,VIIRS,n,2,312.63,5.66,D,0
19.72679,80.56209,345.32,0.39,0.36,2021-03-24,746,N20,VIIRS,n,2,311.76,5.15,D,0
19.72712,80.21778,351.92,0.4,0.37,2021-03-24,746,N20,VIIRS,n,2,311.49,6.1,D,0
19.72854,80.57321,350.96,0.39,0.36,2021-03-24,746,N20,VIIRS,n,2,309.0,4.6,D,0
19.7286,79.84792,341.26,0.4,0.37,2021-03-24,746,N20,VIIRS,n,2,308.29,6.96,D,0
19.72941,80.47045,341.12,0.39,0.36,2021-03-24,746,N20,VIIRS,n,2,306.36,5.26,D,0
19.72979,80.38628,335.11,0.39,0.36,2021-03-24,746,N20,VIIRS,l,2,309.36,1.3,D,0
19.72986,80.21344,339.03,0.4,0.37,2021-03-24,746,N20,VIIRS,l,2,313.05,10.25,D,0
19.72998,80.02766,340.62,0.4,0.37,2021-03-24,746,N20,VIIRS,l,2,310.71,2.62,D,0
19.73013,80.12833,351.12,0.4,0.37,2021-03-24,746,N20,VIIRS,n,2,315.0,4.94,D,0
19.73037,80.67146,332.19,0.39,0.36,2021-03-24,746,N20,VIIRS,l,2,306.35,2.24,D,0
19.73046,80.21719,342.85,0.4,0.37,2021-03-24,746,N20,VIIRS,n,2,312.49,8.59,D,0
19.73068,80.24029,344.29,0.4,0.37,2021-03-24,746,N20,VIIRS,n,2,312.9,4.64,D,0
19.73174,80.35528,333.02,0.39,0.36,2021-03-24,746,N20,VIIRS,l,2,307.11,1.28,D,0
19.73194,80.37825,338.54,0.39,0.36,2021-03-24,746,N20,VIIRS,l,2,309.21,5.08,D,0
19.73238,80.18597,344.5,0.4,0.37,2021-03-24,746,N20,VIIRS,n,2,310.26,2.98,D,0
19.73244,80.57633,337.74,0.39,0.36,2021-03-24,746,N20,VIIRS,l,2,307.97,3.03,D,0
19.73273,80.46986,335.27,0.39,0.36,2021-03-24,746,N20,VIIRS,l,2,306.55,5.26,D,0
19.73288,80.12396,337.72,0.4,0.37,2021-03-24,746,N20,VIIRS,l,2,311.98,4.94,D,0
19.73302,80.58003,338.14,0.39,0.36,2021-03-24,746,N20,VIIRS,l,2,310.07,3.03,D,0
19.73311,80.66723,336.75,0.39,0.36,2021-03-24,746,N20,VIIRS,n,2,305.86,5.88,D,0
19.73348,79.83524,344.92,0.4,0.37,2021-03-24,746,N20,VIIRS,n,2,311.73,6.67,D,0
19.73488,80.39684,351.89,0.39,0.36,2021-03-24,746,N20,VIIRS,n,2,311.04,7.25,D,0
19.7355,80.16223,344.37,0.4,0.37,2021-03-24,746,N20,VIIRS,n,2,311.0,2.89,D,0
19.73576,80.57575,347.52,0.39,0.36,2021-03-24,746,N20,VIIRS,n,2,309.69,3.03,D,0
19.73681,77.10632,338.23,0.53,0.42,2021-03-24,746,N20,VIIRS,l,2,310.87,4.15,D,0
19.73791,80.56777,334.48,0.39,0.36,2021-03-24,746,N20,VIIRS,l,2,309.04,3.22,D,0
19.73849,80.57147,341.19,0.39,0.36,2021-03-24,746,N20,VIIRS,n,2,310.64,3.22,D,0
19.73855,77.11618,339.2,0.52,0.42,2021-03-24,746,N20,VIIRS,n,2,310.91,2.32,D,0
19.7386,80.37707,332.95,0.39,0.36,2021-03-24,746,N20,VIIRS,l,2,307.66,2.77,D,0
19.73884,80.16164,339.96,0.4,0.37,2021-03-24,746,N20,VIIRS,n,2,311.57,2.89,D,0
19.73918,80.38079,335.19,0.39,0.36,2021-03-24,746,N20,VIIRS,l,2,308.14,2.77,D,0
19.73931,80.5333,339.35,0.39,0.36,2021-03-24,746,N20,VIIRS,l,2,309.67,2.76,D,0
19.7394,80.62061,335.16,0.39,0.36,2021-03-24,746,N20,VIIRS,l,2,309.86,1.23,D,0
19.74003,79.25263,346.48,0.42,0.38,2021-03-24,746,N20,VIIRS,n,2,314.42,5.94,D,0
19.74213,80.61633,336.63,0.39,0.36,2021-03-24,746,N20,VIIRS,l,2,309.95,2.17,D,0
19.74239,80.57458,342.06,0.39,0.36,2021-03-24,746,N20,VIIRS,n,2,309.91,3.06,D,0
19.7428,80.5555,340.03,0.39,0.36,2021-03-24,746,N20,VIIRS,l,2,310.49,3.19,D,0
19.74338,80.5592,347.0,0.39,0.36,2021-03-24,746,N20,VIIRS,n,2,311.11,4.08,D,0
19.74349,80.36471,337.33,0.39,0.36,2021-03-24,746,N20,VIIRS,l,2,307.95,2.72,D,0
19.74379,80.54013,335.86,0.39,0.36,2021-03-24,746,N20,VIIRS,l,2,308.93,2.61,D,0
19.74408,80.36843,331.84,0.39,0.36,2021-03-24,746,N20,VIIRS,l,2,306.76,2.3,D,0
19.74542,80.26846,335.5,0.4,0.37,2021-03-24,746,N20,VIIRS,l,2,308.01,2.57,D,0
19.74542,80.46377,339.39,0.39,0.36,2021-03-24,746,N20,VIIRS,n,2,309.95,3.08,D,0
19.74583,80.31448,345.52,0.39,0.37,2021-03-24,746,N20,VIIRS,n,2,311.35,8.09,D,0
19.74603,80.33744,342.96,0.39,0.37,2021-03-24,746,N20,VIIRS,n,2,309.53,2.34,D,0
19.7464,80.44829,342.68,0.39,0.36,2021-03-24,746,N20,VIIRS,n,2,310.66,8.0,D,0
19.74681,80.29893,334.95,0.39,0.37,2021-03-24,746,N20,VIIRS,l,2,309.24,2.21,D,0
19.74689,78.51315,340.51,0.45,0.39,2021-03-24,746,N20,VIIRS,l,2,314.15,6.92,D,0
19.747,79.87606,349.12,0.4,0.37,2021-03-24,746,N20,VIIRS,n,2,316.21,19.09,D,0
19.74734,80.64954,341.91,0.39,0.36,2021-03-24,746,N20,VIIRS,n,2,309.46,8.42,D,0
19.74752,80.52045,337.5,0.39,0.36,2021-03-24,746,N20,VIIRS,l,2,309.78,2.08,D,0
19.74793,80.65324,354.56,0.39,0.36,2021-03-24,746,N20,VIIRS,n,2,309.4,8.42,D,0
19.74817,80.26414,348.58,0.4,0.37,2021-03-24,746,N20,VIIRS,n,2,310.14,7.38,D,0
19.74877,80.39822,346.5,0.39,0.36,2021-03-24,746,N20,VIIRS,n,2,309.13,6.21,D,0
19.74896,80.29088,344.68,0.4,0.37,2021-03-24,746,N20,VIIRS,n,2,307.9,4.73,D,0
19.74914,80.44399,351.58,0.39,0.36,2021-03-24,746,N20,VIIRS,n,2,315.3,8.0,D,0
19.74938,78.35462,353.49,0.46,0.39,2021-03-24,746,N20,VIIRS,n,2,311.11,9.41,D,0
19.74973,80.44771,345.23,0.39,0.36,2021-03-24,746,N20,VIIRS,n,2,310.6,8.0,D,0
19.75014,80.29835,338.59,0.39,0.37,2021-03-24,746,N20,VIIRS,l,2,310.15,3.65,D,0
19.7503,80.17527,334.95,0.4,0.37,2021-03-24,746,N20,VIIRS,l,2,309.86,2.66,D,0
19.75037,79.87546,338.82,0.4,0.37,2021-03-24,746,N20,VIIRS,l,2,311.9,3.56,D,0
19.7504,80.04739,340.09,0.4,0.37,2021-03-24,746,N20,VIIRS,n,2,309.89,3.11,D,0
19.75087,80.19426,335.05,0.4,0.37,2021-03-24,746,N20,VIIRS,l,2,310.03,1.42,D,0
19.7509,80.17902,337.12,0.4,0.37,2021-03-24,746,N20,VIIRS,n,2,310.29,2.66,D,0
19.75124,80.65264,350.37,0.39,0.36,2021-03-24,746,N20,VIIRS,n,2,308.52,5.03,D,0
19.7515,80.26354,340.81,0.4,0.37,2021-03-24,746,N20,VIIRS,n,2,308.76,2.4,D,0
19.75197,80.67905,339.93,0.39,0.36,2021-03-24,746,N20,VIIRS,n,2,306.6,5.2,D,0
19.75205,80.20177,351.83,0.4,0.37,2021-03-24,746,N20,VIIRS,n,2,312.11,6.09,D,0
19.75264,80.20553,340.45,0.4,0.37,2021-03-24,746,N20,VIIRS,n,2,310.48,2.39,D,0
19.75271,80.19028,343.1,0.4,0.37,2021-03-24,746,N20,VIIRS,n,2,311.42,4.35,D,0
19.75305,80.44712,336.07,0.39,0.36,2021-03-24,746,N20,VIIRS,l,2,310.97,4.15,D,0
19.75331,80.19405,349.95,0.4,0.37,2021-03-24,746,N20,VIIRS,n,2,312.56,4.35,D,0
19.75345,80.42796,345.99,0.39,0.36,2021-03-24,746,N20,VIIRS,n,2,311.11,4.31,D,0
19.75347,80.36293,338.34,0.39,0.36,2021-03-24,746,N20,VIIRS,n,2,309.19,2.32,D,0
19.75424,80.17843,343.66,0.4,0.37,2021-03-24,746,N20,VIIRS,n,2,309.06,2.66,D,0
19.75435,79.87866,348.29,0.4,0.37,2021-03-24,746,N20,VIIRS,n,2,310.65,5.65,D,0
19.75451,80.20155,343.92,0.4,0.37,2021-03-24,746,N20,VIIRS,n,2,312.73,8.5,D,0
19.75481,80.45827,338.35,0.39,0.36,2021-03-24,746,N20,VIIRS,l,2,312.04,3.95,D,0
19.75484,80.18219,336.24,0.4,0.37,2021-03-24,746,N20,VIIRS,l,2,310.35,3.43,D,0
19.75511,80.20531,345.7,0.4,0.37,2021-03-24,746,N20,VIIRS,n,2,311.68,6.55,D,0
19.75512,80.65575,349.02,0.39,0.36,2021-03-24,746,N20,VIIRS,n,2,308.91,4.2,D,0
19.75544,80.18594,346.02,0.4,0.37,2021-03-24,746,N20,VIIRS,n,2,310.72,3.43,D,0
19.75579,80.44282,348.09,0.39,0.36,2021-03-24,746,N20,VIIRS,n,2,312.58,4.15,D,0
19.75597,80.46571,338.28,0.39,0.36,2021-03-24,746,N20,VIIRS,n,2,312.0,3.95,D,0
19.75637,80.44654,338.34,0.39,0.36,2021-03-24,746,N20,VIIRS,l,2,312.04,4.15,D,0
19.7565,80.0424,353.42,0.4,0.37,2021-03-24,746,N20,VIIRS,n,2,310.46,4.46,D,0
19.75665,80.19346,348.01,0.4,0.37,2021-03-24,746,N20,VIIRS,n,2,313.08,4.35,D,0
19.75678,80.42738,336.48,0.39,0.36,2021-03-24,746,N20,VIIRS,l,2,311.38,2.82,D,0
19.7569,80.51502,338.63,0.39,0.36,2021-03-24,746,N20,VIIRS,l,2,309.09,3.53,D,0
19.75696,80.45026,342.96,0.39,0.36,2021-03-24,746,N20,VIIRS,n,2,311.94,5.65,D,0
19.75714,80.47316,333.3,0.39,0.36,2021-03-24,746,N20,VIIRS,l,2,308.17,2.18,D,0
19.75771,79.87805,348.2,0.4,0.37,2021-03-24,746,N20,VIIRS,n,2,311.64,4.5,D,0
19.75833,79.88187,336.38,0.4,0.37,2021-03-24,746,N20,VIIRS,l,2,309.26,4.5,D,0
19.75848,80.50336,340.89,0.39,0.36,2021-03-24,746,N20,VIIRS,n,2,308.89,2.83,D,0
19.75881,80.5489,336.47,0.39,0.36,2021-03-24,746,N20,VIIRS,l,2,309.0,2.64,D,0
19.75912,80.44225,335.76,0.39,0.36,2021-03-24,746,N20,VIIRS,l,2,310.65,3.5,D,0
19.75933,80.40018,344.39,0.39,0.36,2021-03-24,746,N20,VIIRS,n,2,306.88,2.43,D,0
19.75985,80.0418,341.89,0.4,0.37,2021-03-24,746,N20,VIIRS,n,2,309.5,4.46,D,0
19.76039,80.53723,337.94,0.39,0.36,2021-03-24,746,N20,VIIRS,l,2,310.62,3.68,D,0
19.76092,79.37922,346.63,0.42,0.37,2021-03-24,746,N20,VIIRS,n,2,310.7,8.55,D,0
19.76145,80.4571,345.33,0.39,0.36,2021-03-24,746,N20,VIIRS,n,2,311.42,3.07,D,0
19.7618,80.50278,348.06,0.39,0.36,2021-03-24,746,N20,VIIRS,n,2,309.32,3.43,D,0
19.76189,80.37292,342.98,0.39,0.36,2021-03-24,746,N20,VIIRS,n,2,308.82,3.88,D,0
19.76238,80.50648,341.52,0.39,0.36,2021-03-24,746,N20,VIIRS,n,2,309.14,3.43,D,0
19.76247,78.54072,348.81,0.45,0.39,2021-03-24,746,N20,VIIRS,n,2,315.7,9.28,D,0
19.76266,80.39959,337.64,0.39,0.36,2021-03-24,746,N20,VIIRS,n,2,306.15,2.43,D,0
19.76268,80.3345,335.26,0.39,0.37,2021-03-24,746,N20,VIIRS,n,2,309.28,1.38,D,0
19.76404,80.36489,341.03,0.39,0.36,2021-03-24,746,N20,VIIRS,n,2,309.67,4.75,D,0
19.76476,79.90034,336.59,0.4,0.37,2021-03-24,746,N20,VIIRS,l,2,311.19,2.45,D,0
19.76477,80.45651,339.61,0.39,0.36,2021-03-24,746,N20,VIIRS,l,2,311.51,3.07,D,0
19.76601,80.33392,335.95,0.39,0.37,2021-03-24,746,N20,VIIRS,n,2,308.01,1.38,D,0
19.7662,80.35686,345.51,0.39,0.36,2021-03-24,746,N20,VIIRS,n,2,308.19,4.42,D,0
19.76679,80.36059,340.92,0.39,0.36,2021-03-24,746,N20,VIIRS,n,2,307.98,4.42,D,0
19.76702,80.53607,348.78,0.39,0.36,2021-03-24,746,N20,VIIRS,n,2,311.87,7.18,D,0
19.76795,80.67245,338.42,0.39,0.36,2021-03-24,746,N20,VIIRS,l,2,309.27,3.48,D,0
19.76809,80.45592,340.08,0.39,0.36,2021-03-24,746,N20,VIIRS,l,2,312.08,2.01,D,0
19.76834,80.56622,341.5,0.39,0.36,2021-03-24,746,N20,VIIRS,l,2,312.59,4.3,D,0
19.76841,79.5952,334.59,0.41,0.37,2021-03-24,746,N20,VIIRS,l,2,309.51,1.93,D,0
19.76852,80.67615,349.4,0.39,0.36,2021-03-24,746,N20,VIIRS,n,2,310.05,5.56,D,0
19.76869,80.03243,344.98,0.4,0.37,2021-03-24,746,N20,VIIRS,n,2,310.97,4.36,D,0
19.76876,80.54716,352.47,0.39,0.36,2021-03-24,746,N20,VIIRS,n,2,312.01,7.74,D,0
19.76895,80.65711,337.45,0.39,0.36,2021-03-24,746,N20,VIIRS,l,2,310.14,3.38,D,0
19.76965,79.5389,343.68,0.41,0.37,2021-03-24,746,N20,VIIRS,l,2,317.52,10.87,D,0
19.7699,80.40214,347.41,0.39,0.36,2021-03-24,746,N20,VIIRS,n,2,309.49,4.45,D,0
19.77029,79.54281,335.71,0.41,0.37,2021-03-24,746,N20,VIIRS,l,2,308.85,5.84,D,0
19.77118,80.49733,334.12,0.39,0.36,2021-03-24,746,N20,VIIRS,l,2,307.41,2.05,D,0
19.77126,80.67186,340.13,0.39,0.36,2021-03-24,746,N20,VIIRS,l,2,310.68,3.48,D,0
19.77148,79.89913,346.24,0.4,0.37,2021-03-24,746,N20,VIIRS,n,2,312.96,4.69,D,0
19.77176,80.50104,349.43,0.39,0.36,2021-03-24,746,N20,VIIRS,n,2,308.33,4.16,D,0
19.77183,80.67554,345.18,0.39,0.36,2021-03-24,746,N20,VIIRS,n,2,310.48,5.56,D,0
19.77204,80.03183,347.0,0.4,0.37,2021-03-24,746,N20,VIIRS,n,2,309.38,4.36,D,0
19.77205,80.3941,335.23,0.39,0.36,2021-03-24,746,N20,VIIRS,l,2,308.93,2.01,D,0
19.77226,80.65653,337.08,0.39,0.36,2021-03-24,746,N20,VIIRS,l,2,310.77,1.9,D,0
19.77328,79.58232,351.06,0.41,0.37,2021-03-24,746,N20,VIIRS,l,2,310.54,11.29,D,0
19.77409,78.16337,337.8,0.46,0.39,2021-03-24,746,N20,VIIRS,n,2,307.82,2.45,D,0
19.7744,80.56137,339.49,0.39,0.36,2021-03-24,746,N20,VIIRS,l,2,313.56,2.81,D,0
19.77461,80.36686,342.24,0.39,0.36,2021-03-24,746,N20,VIIRS,n,2,308.34,3.56,D,0
19.77506,80.24419,349.3,0.4,0.37,2021-03-24,746,N20,VIIRS,n,2,310.79,9.58,D,0
19.77508,80.50045,337.74,0.39,0.36,2021-03-24,746,N20,VIIRS,l,2,308.78,2.89,D,0
19.77573,80.4393,345.01,0.39,0.36,2021-03-24,746,N20,VIIRS,n,2,308.79,2.47,D,0
19.77638,80.31694,333.4,0.39,0.37,2021-03-24,746,N20,VIIRS,l,2,307.81,2.16,D,0
19.77731,80.42756,336.16,0.39,0.36,2021-03-24,746,N20,VIIRS,l,2,309.35,3.53,D,0
19.77794,80.36628,342.62,0.39,0.36,2021-03-24,746,N20,VIIRS,n,2,307.83,3.56,D,0
19.77905,80.43871,340.16,0.39,0.36,2021-03-24,746,N20,VIIRS,l,2,310.4,5.54,D,0
19.77988,80.72709,346.26,0.39,0.36,2021-03-24,746,N20,VIIRS,n,2,308.47,4.57,D,0
19.78031,80.32009,338.62,0.39,0.37,2021-03-24,746,N20,VIIRS,n,2,308.43,3.16,D,0
19.78113,80.34676,339.76,0.39,0.36,2021-03-24,746,N20,VIIRS,n,2,309.32,2.39,D,0
19.7818,80.43441,339.97,0.39,0.36,2021-03-24,746,N20,VIIRS,l,2,310.23,4.56,D,0
19.78209,80.33128,336.09,0.39,0.36,2021-03-24,746,N20,VIIRS,l,2,310.99,3.03,D,0
19.7822,80.65479,345.41,0.39,0.36,2021-03-24,746,N20,VIIRS,n,2,309.38,4.07,D,0
19.7823,80.50299,336.1,0.39,0.36,2021-03-24,746,N20,VIIRS,l,2,308.52,2.38,D,0
19.78279,80.41895,347.04,0.39,0.36,2021-03-24,746,N20,VIIRS,n,2,309.38,3.26,D,0
19.78319,80.72652,335.31,0.39,0.36,2021-03-24,746,N20,VIIRS,n,2,306.55,2.65,D,0
19.78337,80.42267,350.69,0.39,0.36,2021-03-24,746,N20,VIIRS,n,2,310.27,5.71,D,0
19.78395,80.42639,352.09,0.39,0.36,2021-03-24,746,N20,VIIRS,n,2,310.53,5.71,D,0
19.78454,80.43011,333.29,0.39,0.36,2021-03-24,746,N20,VIIRS,l,2,308.25,2.96,D,0
19.78504,80.49871,334.22,0.39,0.36,2021-03-24,746,N20,VIIRS,l,2,307.72,2.38,D,0
19.78577,80.20379,333.91,0.4,0.37,2021-03-24,746,N20,VIIRS,l,2,307.95,0.65,D,0
19.78611,80.41837,337.16,0.39,0.36,2021-03-24,746,N20,VIIRS,n,2,309.0,3.26,D,0
19.78629,80.44126,338.31,0.39,0.36,2021-03-24,746,N20,VIIRS,l,2,311.32,2.92,D,0
19.7867,80.42209,351.96,0.39,0.36,2021-03-24,746,N20,VIIRS,n,2,311.46,5.71,D,0
19.78724,81.21504,335.14,0.38,0.36,2021-03-24,746,N20,VIIRS,l,2,306.54,1.79,D,0
19.78728,80.4258,343.03,0.39,0.36,2021-03-24,746,N20,VIIRS,n,2,309.53,5.71,D,0
19.78731,79.99796,336.76,0.4,0.37,2021-03-24,746,N20,VIIRS,l,2,310.77,3.07,D,0
19.78911,80.20318,348.35,0.4,0.37,2021-03-24,746,N20,VIIRS,n,2,311.37,4.68,D,0
19.78959,80.24932,335.65,0.4,0.37,2021-03-24,746,N20,VIIRS,l,2,308.74,8.69,D,0
19.78973,80.01311,338.74,0.4,0.37,2021-03-24,746,N20,VIIRS,l,2,311.85,4.1,D,0
19.79067,79.99736,340.7,0.4,0.37,2021-03-24,746,N20,VIIRS,n,2,312.91,3.69,D,0
19.79083,80.5357,342.02,0.39,0.36,2021-03-24,746,N20,VIIRS,n,2,310.16,3.8,D,0
19.79127,80.00114,335.29,0.4,0.37,2021-03-24,746,N20,VIIRS,l,2,309.96,3.69,D,0
19.79141,80.5394,345.22,0.39,0.36,2021-03-24,746,N20,VIIRS,n,2,310.6,3.8,D,0
19.79184,80.19882,338.31,0.4,0.37,2021-03-24,746,N20,VIIRS,l,2,309.23,4.68,D,0
19.79199,80.5431,341.27,0.39,0.36,2021-03-24,746,N20,VIIRS,n,2,310.2,2.42,D,0
19.79256,80.5468,339.16,0.39,0.36,2021-03-24,746,N20,VIIRS,l,2,312.51,2.42,D,0
19.7931,80.46296,336.19,0.39,0.36,2021-03-24,746,N20,VIIRS,l,2,310.91,2.67,D,0
19.79354,80.42486,336.42,0.39,0.36,2021-03-24,746,N20,VIIRS,l,2,310.36,2.66,D,0
19.79384,80.48954,347.65,0.39,0.36,2021-03-24,746,N20,VIIRS,n,2,311.14,3.4,D,0
19.79415,80.53513,342.79,0.39,0.36,2021-03-24,746,N20,VIIRS,n,2,312.66,2.96,D,0
19.7945,80.08612,340.77,0.4,0.37,2021-03-24,746,N20,VIIRS,l,2,312.2,4.7,D,0
19.79467,80.15192,341.7,0.4,0.37,2021-03-24,746,N20,VIIRS,n,2,311.18,4.72,D,0
19.79473,80.53881,340.27,0.39,0.36,2021-03-24,746,N20,VIIRS,l,2,311.71,2.96,D,0
19.79502,80.58434,337.31,0.39,0.36,2021-03-24,746,N20,VIIRS,l,2,310.69,2.6,D,0
19.79518,80.19822,342.44,0.4,0.37,2021-03-24,746,N20,VIIRS,n,2,309.08,4.08,D,0
19.79531,80.54251,349.83,0.39,0.36,2021-03-24,746,N20,VIIRS,n,2,312.32,7.29,D,0
19.79558,80.50064,337.01,0.39,0.36,2021-03-24,746,N20,VIIRS,l,2,309.5,1.3,D,0
19.79585,80.37476,338.27,0.39,0.36,2021-03-24,746,N20,VIIRS,n,2,307.83,3.05,D,0
19.79649,80.44343,346.94,0.39,0.36,2021-03-24,746,N20,VIIRS,n,2,312.17,3.57,D,0
19.79776,80.58007,338.38,0.39,0.36,2021-03-24,746,N20,VIIRS,l,2,311.07,2.6,D,0
19.79846,80.6936,337.23,0.39,0.36,2021-03-24,746,N20,VIIRS,l,2,310.0,3.04,D,0
19.79849,80.60651,342.53,0.39,0.36,2021-03-24,746,N20,VIIRS,n,2,311.41,3.08,D,0
19.79852,80.19762,346.39,0.4,0.37,2021-03-24,746,N20,VIIRS,n,2,311.17,4.08,D,0
19.79952,79.98798,338.7,0.4,0.37,2021-03-24,746,N20,VIIRS,n,2,310.58,2.46,D,0
19.80014,80.3587,341.33,0.39,0.36,2021-03-24,746,N20,VIIRS,n,2,308.53,4.01,D,0
19.8002,80.2513,336.95,0.4,0.37,2021-03-24,746,N20,VIIRS,l,2,310.04,3.06,D,0
19.80073,80.36243,345.23,0.39,0.36,2021-03-24,746,N20,VIIRS,n,2,308.78,4.01,D,0
19.80079,80.25503,341.11,0.4,0.37,2021-03-24,746,N20,VIIRS,n,2,310.57,3.06,D,0
19.80127,80.799,331.63,0.39,0.36,2021-03-24,746,N20,VIIRS,l,2,303.94,2.47,D,0
19.80136,80.53767,343.89,0.39,0.36,2021-03-24,746,N20,VIIRS,n,2,313.27,4.03,D,0
19.80207,80.32774,338.28,0.39,0.36,2021-03-24,746,N20,VIIRS,l,2,311.77,3.06,D,0
19.80237,80.52226,339.75,0.39,0.36,2021-03-24,746,N20,VIIRS,l,2,310.28,2.1,D,0
19.80265,80.11568,343.93,0.4,0.37,2021-03-24,746,N20,VIIRS,n,2,313.92,8.01,D,0
19.80266,80.33147,333.61,0.39,0.36,2021-03-24,746,N20,VIIRS,l,2,308.53,3.06,D,0
19.80413,80.25444,338.9,0.4,0.37,2021-03-24,746,N20,VIIRS,l,2,309.88,2.71,D,0
19.80472,80.25817,337.69,0.4,0.37,2021-03-24,746,N20,VIIRS,l,2,309.33,2.77,D,0
19.80519,80.19643,348.55,0.4,0.37,2021-03-24,746,N20,VIIRS,n,2,313.49,7.92,D,0
19.80548,80.52183,338.09,0.39,0.36,2021-03-24,746,N20,VIIRS,l,2,310.95,2.66,D,0
19.80579,80.20019,341.69,0.4,0.37,2021-03-24,746,N20,VIIRS,n,2,310.41,7.92,D,0
19.80639,80.20396,337.51,0.4,0.37,2021-03-24,746,N20,VIIRS,l,2,309.75,2.21,D,0
19.80642,80.37674,341.73,0.39,0.36,2021-03-24,746,N20,VIIRS,n,2,309.45,4.72,D,0
19.80828,80.28058,332.15,0.39,0.37,2021-03-24,746,N20,VIIRS,l,2,306.73,2.06,D,0
19.80853,80.19584,352.17,0.4,0.37,2021-03-24,746,N20,VIIRS,n,2,311.07,7.39,D,0
19.81227,80.69497,348.07,0.39,0.36,2021-03-24,746,N20,VIIRS,n,2,314.21,6.77,D,0
19.81271,80.52436,342.48,0.39,0.36,2021-03-24,746,N20,VIIRS,n,2,311.08,1.39,D,0
19.81345,80.35636,335.52,0.39,0.36,2021-03-24,746,N20,VIIRS,l,2,310.36,2.8,D,0
19.81558,80.6944,342.8,0.39,0.36,2021-03-24,746,N20,VIIRS,n,2,310.82,6.77,D,0
19.81678,80.35577,343.45,0.39,0.36,2021-03-24,746,N20,VIIRS,n,2,309.12,2.8,D,0
19.81709,80.27133,348.01,0.4,0.37,2021-03-24,746,N20,VIIRS,n,2,310.18,4.42,D,0
19.81799,80.493,342.52,0.39,0.36,2021-03-24,746,N20,VIIRS,n,2,310.9,3.67,D,0
19.8185,80.30181,335.26,0.39,0.37,2021-03-24,746,N20,VIIRS,l,2,308.11,1.77,D,0
19.81857,80.4967,341.11,0.39,0.36,2021-03-24,746,N20,VIIRS,n,2,310.93,3.67,D,0
19.81938,79.96099,339.47,0.4,0.37,2021-03-24,746,N20,VIIRS,l,2,312.05,8.78,D,0
19.82072,80.48873,334.11,0.39,0.36,2021-03-24,746,N20,VIIRS,l,2,308.83,2.81,D,0
19.8208,80.25147,344.16,0.4,0.37,2021-03-24,746,N20,VIIRS,n,2,308.67,3.69,D,0
19.82091,80.5115,336.35,0.39,0.36,2021-03-24,746,N20,VIIRS,l,2,311.25,2.6,D,0
19.82109,78.39462,338.62,0.45,0.39,2021-03-24,746,N20,VIIRS,l,2,311.74,4.43,D,0
19.82124,80.29748,337.43,0.39,0.37,2021-03-24,746,N20,VIIRS,l,2,311.18,3.67,D,0
19.82152,80.10455,341.63,0.4,0.37,2021-03-24,746,N20,VIIRS,l,2,313.97,10.89,D,0
19.82189,80.49612,342.53,0.39,0.36,2021-03-24,746,N20,VIIRS,n,2,309.12,3.05,D,0
19.82214,79.9566,338.55,0.4,0.37,2021-03-24,746,N20,VIIRS,l,2,311.93,15.34,D,0
19.82266,80.52261,337.35,0.39,0.36,2021-03-24,746,N20,VIIRS,l,2,309.83,1.71,D,0
19.82274,79.9604,344.44,0.4,0.37,2021-03-24,746,N20,VIIRS,n,2,312.7,8.78,D,0
19.82343,80.35461,337.66,0.39,0.36,2021-03-24,746,N20,VIIRS,n,2,311.07,3.3,D,0
19.82404,80.48814,349.46,0.39,0.36,2021-03-24,746,N20,VIIRS,n,2,311.9,2.81,D,0
19.82442,79.96008,335.85,0.4,0.37,2021-03-24,746,N20,VIIRS,l,2,310.44,1.84,D,0
19.82463,80.18913,344.45,0.4,0.37,2021-03-24,746,N20,VIIRS,n,2,311.27,4.42,D,0
19.82463,80.49184,335.83,0.39,0.36,2021-03-24,746,N20,VIIRS,l,2,310.63,3.05,D,0
19.82539,80.51832,342.44,0.39,0.36,2021-03-24,746,N20,VIIRS,n,2,312.07,5.33,D,0
19.82579,80.49924,342.98,0.39,0.36,2021-03-24,746,N20,VIIRS,n,2,309.83,5.82,D,0
19.82598,80.52202,342.04,0.39,0.36,2021-03-24,746,N20,VIIRS,n,2,311.0,3.86,D,0
19.82651,80.59031,340.28,0.39,0.36,2021-03-24,746,N20,VIIRS,l,2,312.82,3.16,D,0
19.82656,80.52573,342.35,0.39,0.36,2021-03-24,746,N20,VIIRS,l,2,312.36,3.86,D,0
19.82729,80.94506,333.02,0.39,0.36,2021-03-24,746,N20,VIIRS,l,2,306.32,3.4,D,0
19.82845,80.12659,338.4,0.4,0.37,2021-03-24,746,N20,VIIRS,l,2,311.34,7.73,D,0
19.82929,80.52144,336.84,0.39,0.36,2021-03-24,746,N20,VIIRS,l,2,310.8,3.86,D,0
19.82983,80.26524,336.76,0.4,0.37,2021-03-24,746,N20,VIIRS,l,2,311.4,1.75,D,0
19.83256,80.58546,337.4,0.39,0.36,2021-03-24,746,N20,VIIRS,l,2,312.2,1.96,D,0
19.83414,81.01132,339.41,0.39,0.36,2021-03-24,746,N20,VIIRS,n,2,307.76,2.48,D,0
19.83421,80.37949,345.12,0.39,0.36,2021-03-24,746,N20,VIIRS,n,2,312.1,9.28,D,0
19.8344,80.46725,337.43,0.39,0.36,2021-03-24,746,N20,VIIRS,l,2,311.35,3.61,D,0
19.83478,80.6646,337.42,0.39,0.36,2021-03-24,746,N20,VIIRS,l,2,312.27,3.04,D,0
19.83479,80.3832,336.81,0.39,0.36,2021-03-24,746,N20,VIIRS,n,2,306.99,4.06,D,0
19.83499,80.40608,343.01,0.39,0.36,2021-03-24,746,N20,VIIRS,n,2,310.6,3.28,D,0
19.83832,80.4055,336.64,0.39,0.36,2021-03-24,746,N20,VIIRS,l,2,309.3,3.28,D,0
19.83851,80.36343,345.75,0.39,0.36,2021-03-24,746,N20,VIIRS,n,2,309.89,3.28,D,0
19.84105,81.10019,333.95,0.39,0.36,2021-03-24,746,N20,VIIRS,l,2,304.06,3.82,D,0
19.84261,80.45437,334.57,0.39,0.36,2021-03-24,746,N20,VIIRS,l,2,308.17,2.29,D,0
19.84291,78.58717,340.02,0.44,0.39,2021-03-24,746,N20,VIIRS,l,2,314.44,4.9,D,0
19.84376,80.26662,342.45,0.4,0.37,2021-03-24,746,N20,VIIRS,n,2,312.08,4.74,D,0
19.84456,80.04213,336.95,0.4,0.37,2021-03-24,746,N20,VIIRS,l,2,311.22,1.97,D,0
19.84536,80.38516,336.43,0.39,0.36,2021-03-24,746,N20,VIIRS,l,2,309.02,4.64,D,0
19.84634,80.36971,339.14,0.39,0.36,2021-03-24,746,N20,VIIRS,l,2,309.88,3.96,D,0
19.84652,80.93792,333.07,0.39,0.36,2021-03-24,746,N20,VIIRS,n,2,306.55,3.23,D,0
19.84708,80.94154,353.35,0.39,0.36,2021-03-24,746,N20,VIIRS,n,2,310.66,11.79,D,0
19.84712,80.39632,339.31,0.39,0.36,2021-03-24,746,N20,VIIRS,l,2,309.41,2.55,D,0
19.84747,80.24673,347.58,0.4,0.37,2021-03-24,746,N20,VIIRS,n,2,310.88,7.77,D,0
19.84778,80.16182,339.67,0.4,0.37,2021-03-24,746,N20,VIIRS,l,2,309.75,3.84,D,0
19.84808,80.44578,338.85,0.39,0.36,2021-03-24,746,N20,VIIRS,l,2,310.29,3.32,D,0
19.84813,80.59789,344.79,0.39,0.36,2021-03-24,746,N20,VIIRS,n,2,312.01,3.77,D,0
19.84881,81.12868,332.0,0.39,0.36,2021-03-24,746,N20,VIIRS,l,2,306.24,1.94,D,0
19.84982,80.93735,334.68,0.39,0.36,2021-03-24,746,N20,VIIRS,l,2,306.84,2.08,D,0
19.84986,80.39202,333.75,0.39,0.36,2021-03-24,746,N20,VIIRS,l,2,307.75,3.08,D,0
19.85038,80.94096,337.76,0.39,0.36,2021-03-24,746,N20,VIIRS,n,2,307.63,5.67,D,0
19.85044,80.39574,339.52,0.39,0.36,2021-03-24,746,N20,VIIRS,n,2,308.19,2.55,D,0
19.85103,80.39945,334.79,0.39,0.36,2021-03-24,746,N20,VIIRS,l,2,307.72,2.55,D,0
19.85162,80.40317,336.72,0.39,0.36,2021-03-24,746,N20,VIIRS,l,2,310.17,1.9,D,0
19.85329,81.15787,335.8,0.38,0.36,2021-03-24,746,N20,VIIRS,n,2,308.11,2.29,D,0
19.85349,80.65376,340.81,0.39,0.36,2021-03-24,746,N20,VIIRS,l,2,313.75,2.52,D,0
19.85377,80.39515,341.33,0.39,0.36,2021-03-24,746,N20,VIIRS,n,2,308.78,2.85,D,0
19.85513,81.23608,334.97,0.38,0.36,2021-03-24,746,N20,VIIRS,l,2,308.94,2.09,D,0
19.85741,80.50508,337.98,0.39,0.36,2021-03-24,746,N20,VIIRS,l,2,311.75,2.24,D,0
19.85749,80.31025,341.06,0.39,0.37,2021-03-24,746,N20,VIIRS,n,2,311.4,3.71,D,0
19.85799,80.50879,338.56,0.39,0.36,2021-03-24,746,N20,VIIRS,l,2,311.13,3.61,D,0
19.86317,80.25935,334.85,0.4,0.37,2021-03-24,746,N20,VIIRS,l,2,308.62,0.68,D,0
19.86376,80.26309,348.25,0.4,0.37,2021-03-24,746,N20,VIIRS,n,2,309.16,6.0,D,0
19.86415,80.37421,335.56,0.39,0.36,2021-03-24,746,N20,VIIRS,n,2,309.41,1.66,D,0
19.86491,81.18956,333.0,0.38,0.36,2021-03-24,746,N20,VIIRS,l,2,306.3,4.24,D,0
19.86503,80.72748,343.2,0.39,0.36,2021-03-24,746,N20,VIIRS,n,2,305.6,3.86,D,0
19.8655,78.65645,337.8,0.44,0.38,2021-03-24,746,N20,VIIRS,l,2,311.03,4.0,D,0
19.86592,80.97577,333.95,0.39,0.36,2021-03-24,746,N20,VIIRS,l,2,308.69,0.97,D,0
19.86637,80.51875,338.12,0.39,0.36,2021-03-24,746,N20,VIIRS,l,2,309.31,4.18,D,0
19.86747,80.37363,335.42,0.39,0.36,2021-03-24,746,N20,VIIRS,n,2,308.07,1.66,D,0
19.86955,79.09769,345.78,0.43,0.38,2021-03-24,746,N20,VIIRS,n,2,315.36,21.07,D,0
19.87098,80.39596,339.56,0.39,0.36,2021-03-24,746,N20,VIIRS,n,2,307.63,1.61,D,0
19.87103,80.05682,350.05,0.4,0.37,2021-03-24,746,N20,VIIRS,n,2,310.89,6.32,D,0
19.8711,80.48364,334.45,0.39,0.36,2021-03-24,746,N20,VIIRS,l,2,309.3,4.64,D,0
19.87168,80.48736,348.1,0.39,0.36,2021-03-24,746,N20,VIIRS,n,2,310.53,4.64,D,0
19.87394,80.34953,340.82,0.39,0.36,2021-03-24,746,N20,VIIRS,n,2,309.9,5.13,D,0
19.87439,80.24951,336.19,0.4,0.37,2021-03-24,746,N20,VIIRS,l,2,309.71,3.63,D,0
19.87473,80.23022,340.89,0.4,0.37,2021-03-24,746,N20,VIIRS,n,2,309.58,1.96,D,0
19.87523,80.27625,335.68,0.39,0.37,2021-03-24,746,N20,VIIRS,l,2,308.72,2.24,D,0
19.87677,81.35571,337.16,0.38,0.36,2021-03-24,746,N20,VIIRS,n,2,309.17,2.2,D,0
19.87691,80.52069,342.15,0.39,0.36,2021-03-24,746,N20,VIIRS,n,2,310.11,3.52,D,0
19.87719,79.9662,337.04,0.4,0.37,2021-03-24,746,N20,VIIRS,l,2,310.46,3.17,D,0
19.87807,80.22962,339.49,0.4,0.37,2021-03-24,746,N20,VIIRS,n,2,309.25,1.96,D,0
19.87923,80.53549,337.44,0.39,0.36,2021-03-24,746,N20,VIIRS,l,2,312.21,2.76,D,0
19.88225,80.25581,334.81,0.4,0.37,2021-03-24,746,N20,VIIRS,l,2,308.25,2.81,D,0
19.88344,80.75838,330.11,0.39,0.36,2021-03-24,746,N20,VIIRS,l,2,303.25,3.01,D,0
19.88554,80.48873,334.02,0.39,0.36,2021-03-24,746,N20,VIIRS,l,2,307.47,2.02,D,0
19.88659,80.73501,333.08,0.39,0.36,2021-03-24,746,N20,VIIRS,l,2,306.72,3.4,D,0
19.88716,80.7387,330.96,0.39,0.36,2021-03-24,746,N20,VIIRS,l,2,305.43,1.79,D,0
19.88926,80.3428,343.07,0.39,0.36,2021-03-24,746,N20,VIIRS,n,2,309.25,5.89,D,0
19.88963,80.02239,338.98,0.4,0.37,2021-03-24,746,N20,VIIRS,n,2,310.65,3.6,D,0
19.89015,81.17771,335.0,0.38,0.36,2021-03-24,746,N20,VIIRS,l,2,309.54,1.13,D,0
19.8903,81.24503,332.21,0.38,0.36,2021-03-24,746,N20,VIIRS,l,2,305.41,1.93,D,0
19.89199,80.08024,341.33,0.4,0.37,2021-03-24,746,N20,VIIRS,n,2,312.54,3.32,D,0
19.89216,81.10265,332.61,0.39,0.36,2021-03-24,746,N20,VIIRS,n,2,306.73,1.75,D,0
19.8926,80.08401,346.75,0.4,0.37,2021-03-24,746,N20,VIIRS,n,2,312.66,3.32,D,0
19.89338,80.5824,337.37,0.39,0.36,2021-03-24,746,N20,VIIRS,l,2,310.35,3.29,D,0
19.8958,80.70692,343.29,0.39,0.36,2021-03-24,746,N20,VIIRS,n,2,311.49,3.74,D,0
19.89629,78.7322,337.43,0.44,0.38,2021-03-24,746,N20,VIIRS,l,2,309.74,2.19,D,0
19.89662,79.45608,344.58,0.41,0.37,2021-03-24,746,N20,VIIRS,n,2,309.31,2.97,D,0
19.89793,79.07584,337.51,0.43,0.38,2021-03-24,746,N20,VIIRS,l,2,311.27,2.17,D,0
19.89842,80.31435,338.68,0.39,0.36,2021-03-24,746,N20,VIIRS,l,2,310.95,2.98,D,0
19.89865,80.3373,337.05,0.39,0.36,2021-03-24,746,N20,VIIRS,l,2,308.7,1.72,D,0
19.89877,80.96633,347.07,0.39,0.36,2021-03-24,746,N20,VIIRS,n,2,311.06,4.77,D,0
19.90002,79.45546,338.42,0.41,0.37,2021-03-24,746,N20,VIIRS,n,2,308.08,2.6,D,0
19.90021,80.21794,343.16,0.4,0.37,2021-03-24,746,N20,VIIRS,n,2,311.15,6.34,D,0
19.90081,80.22169,354.34,0.4,0.37,2021-03-24,746,N20,VIIRS,n,2,311.57,6.34,D,0
19.90369,80.73578,347.25,0.39,0.36,2021-03-24,746,N20,VIIRS,n,2,310.34,8.18,D,0
19.90397,80.37083,337.73,0.39,0.36,2021-03-24,746,N20,VIIRS,l,2,309.78,2.54,D,0
19.90514,81.2537,336.12,0.38,0.36,2021-03-24,746,N20,VIIRS,l,2,306.63,3.39,D,0
19.91003,80.36594,342.62,0.39,0.36,2021-03-24,746,N20,VIIRS,n,2,309.24,4.26,D,0
19.91224,80.25048,335.11,0.4,0.37,2021-03-24,746,N20,VIIRS,n,2,306.5,2.25,D,0
19.91298,80.81745,346.05,0.39,0.36,2021-03-24,746,N20,VIIRS,n,2,308.01,4.87,D,0
19.9136,80.06472,336.8,0.4,0.37,2021-03-24,746,N20,VIIRS,l,2,311.23,3.41,D,0
19.91438,80.2424,335.28,0.4,0.37,2021-03-24,746,N20,VIIRS,l,2,307.43,2.26,D,0
19.91462,80.15753,335.49,0.4,0.37,2021-03-24,746,N20,VIIRS,l,2,308.95,1.73,D,0
19.91582,81.41248,341.37,0.38,0.36,2021-03-24,746,N20,VIIRS,n,2,311.53,3.72,D,0
19.91685,80.8205,333.74,0.39,0.36,2021-03-24,746,N20,VIIRS,l,2,305.77,4.87,D,0
19.91742,80.82417,345.12,0.39,0.36,2021-03-24,746,N20,VIIRS,n,2,305.87,5.41,D,0
19.91781,80.09116,347.82,0.4,0.37,2021-03-24,746,N20,VIIRS,n,2,309.88,2.93,D,0
19.92017,80.32203,336.57,0.39,0.36,2021-03-24,746,N20,VIIRS,l,2,308.72,1.97,D,0
19.92105,80.2412,336.23,0.4,0.37,2021-03-24,746,N20,VIIRS,l,2,308.93,4.4,D,0
19.92116,80.09055,339.94,0.4,0.37,2021-03-24,746,N20,VIIRS,n,2,310.14,2.21,D,0
19.92438,80.2406,334.21,0.4,0.37,2021-03-24,746,N20,VIIRS,l,2,307.29,1.84,D,0
19.92492,81.22412,340.41,0.38,0.36,2021-03-24,746,N20,VIIRS,n,2,307.02,5.65,D,0
19.9259,80.66007,338.69,0.39,0.36,2021-03-24,746,N20,VIIRS,l,2,312.95,3.02,D,0
19.93015,80.32027,347.7,0.39,0.36,2021-03-24,746,N20,VIIRS,n,2,311.09,3.95,D,0
19.93438,80.02213,343.69,0.4,0.37,2021-03-24,746,N20,VIIRS,n,2,310.93,4.12,D,0
19.93922,81.22919,342.46,0.38,0.36,2021-03-24,746,N20,VIIRS,n,2,308.13,2.92,D,0
19.93992,80.29551,336.49,0.39,0.36,2021-03-24,746,N20,VIIRS,l,2,310.72,4.57,D,0
19.94026,80.88409,345.61,0.39,0.36,2021-03-24,746,N20,VIIRS,n,2,308.61,6.18,D,0
19.94065,80.58147,343.26,0.39,0.36,2021-03-24,746,N20,VIIRS,n,2,312.62,3.5,D,0
19.94186,80.26442,339.77,0.39,0.37,2021-03-24,746,N20,VIIRS,n,2,306.92,3.37,D,0
19.94232,78.74924,340.29,0.44,0.38,2021-03-24,746,N20,VIIRS,l,2,313.05,4.79,D,0
19.94307,81.23227,334.48,0.38,0.36,2021-03-24,746,N20,VIIRS,l,2,308.11,1.38,D,0
19.94315,79.48383,343.02,0.41,0.37,2021-03-24,746,N20,VIIRS,n,2,310.09,4.4,D,0
19.94338,80.72885,337.47,0.39,0.36,2021-03-24,746,N20,VIIRS,l,2,308.89,2.1,D,0
19.94342,80.25261,340.7,0.39,0.37,2021-03-24,746,N20,VIIRS,n,2,308.09,3.37,D,0
19.94438,81.10849,334.59,0.39,0.36,2021-03-24,746,N20,VIIRS,l,2,306.04,2.02,D,0
19.94492,80.06687,346.81,0.4,0.37,2021-03-24,746,N20,VIIRS,n,2,313.29,4.07,D,0
19.94566,79.99322,339.35,0.4,0.37,2021-03-24,746,N20,VIIRS,l,2,312.06,2.21,D,0
19.94616,80.24828,346.89,0.39,0.37,2021-03-24,746,N20,VIIRS,n,2,309.61,4.78,D,0
19.9462,80.31358,338.17,0.39,0.36,2021-03-24,746,N20,VIIRS,l,2,311.36,3.26,D,0
19.94675,80.25202,343.15,0.39,0.37,2021-03-24,746,N20,VIIRS,n,2,308.93,4.78,D,0
19.94949,80.2477,345.48,0.39,0.37,2021-03-24,746,N20,VIIRS,n,2,308.31,4.78,D,0
19.95006,80.0776,342.6,0.4,0.37,2021-03-24,746,N20,VIIRS,n,2,312.01,6.17,D,0
19.95008,80.25143,342.02,0.39,0.37,2021-03-24,746,N20,VIIRS,n,2,309.26,4.78,D,0
19.95011,80.44667,335.45,0.39,0.36,2021-03-24,746,N20,VIIRS,l,2,309.99,2.66,D,0
19.95053,80.12405,335.42,0.4,0.37,2021-03-24,746,N20,VIIRS,l,2,308.79,3.6,D,0
19.95089,80.10461,342.44,0.4,0.37,2021-03-24,746,N20,VIIRS,n,2,311.38,3.4,D,0
19.95149,80.10841,332.86,0.4,0.37,2021-03-24,746,N20,VIIRS,l,2,307.4,1.29,D,0
19.95205,80.01152,336.75,0.4,0.37,2021-03-24,746,N20,VIIRS,l,2,310.64,2.03,D,0
19.95298,80.20465,346.46,0.4,0.37,2021-03-24,746,N20,VIIRS,n,2,309.44,3.43,D,0
19.95345,80.38121,335.85,0.39,0.36,2021-03-24,746,N20,VIIRS,l,2,310.31,2.13,D,0
19.95362,80.27386,345.02,0.39,0.37,2021-03-24,746,N20,VIIRS,n,2,307.56,5.9,D,0
19.95387,80.06557,346.62,0.4,0.37,2021-03-24,746,N20,VIIRS,n,2,313.65,4.67,D,0
19.95423,80.10401,345.82,0.4,0.37,2021-03-24,746,N20,VIIRS,n,2,310.3,3.4,D,0
19.95446,80.1272,342.02,0.4,0.37,2021-03-24,746,N20,VIIRS,n,2,307.97,7.19,D,0
19.95463,80.38865,337.35,0.39,0.36,2021-03-24,746,N20,VIIRS,l,2,309.26,2.95,D,0
19.95506,80.13095,342.97,0.4,0.37,2021-03-24,746,N20,VIIRS,l,2,316.49,7.02,D,0
19.95565,80.13471,337.85,0.4,0.37,2021-03-24,746,N20,VIIRS,l,2,311.85,7.02,D,0
19.95571,79.99142,343.74,0.4,0.37,2021-03-24,746,N20,VIIRS,n,2,311.68,3.74,D,0
19.95624,80.13846,337.19,0.4,0.37,2021-03-24,746,N20,VIIRS,l,2,310.0,4.09,D,0
19.9584,80.13036,343.25,0.4,0.37,2021-03-24,746,N20,VIIRS,n,2,310.68,7.02,D,0
19.95899,80.13411,336.78,0.4,0.37,2021-03-24,746,N20,VIIRS,l,2,309.82,7.02,D,0
19.96024,80.08383,337.12,0.4,0.37,2021-03-24,746,N20,VIIRS,l,2,310.8,7.47,D,0
19.96141,80.13395,334.67,0.4,0.37,2021-03-24,746,N20,VIIRS,l,2,309.48,1.57,D,0
19.96181,79.98643,338.41,0.4,0.37,2021-03-24,746,N20,VIIRS,l,2,309.32,2.61,D,0
19.96298,80.07947,343.81,0.4,0.37,2021-03-24,746,N20,VIIRS,n,2,311.22,17.12,D,0
19.96303,80.39862,335.85,0.39,0.36,2021-03-24,746,N20,VIIRS,l,2,309.63,2.29,D,0
19.96401,80.38317,337.21,0.39,0.36,2021-03-24,746,N20,VIIRS,l,2,310.15,2.97,D,0
19.9647,80.80032,345.61,0.39,0.36,2021-03-24,746,N20,VIIRS,n,2,309.06,4.33,D,0
19.96562,79.36298,351.48,0.42,0.37,2021-03-24,746,N20,VIIRS,n,2,319.16,13.54,D,0
19.96633,80.07887,349.06,0.4,0.37,2021-03-24,746,N20,VIIRS,n,2,313.34,4.34,D,0
19.96635,80.39803,337.24,0.39,0.36,2021-03-24,746,N20,VIIRS,l,2,310.15,2.29,D,0
19.96693,80.08263,342.5,0.4,0.37,2021-03-24,746,N20,VIIRS,n,2,311.95,5.45,D,0
19.96712,80.42461,348.31,0.39,0.36,2021-03-24,746,N20,VIIRS,n,2,310.31,3.14,D,0
19.96903,79.36235,337.36,0.42,0.37,2021-03-24,746,N20,VIIRS,l,2,307.82,13.54,D,0
19.96927,80.22102,339.4,0.4,0.37,2021-03-24,746,N20,VIIRS,l,2,311.5,3.93,D,0
19.96967,80.07827,339.78,0.4,0.37,2021-03-24,746,N20,VIIRS,l,2,313.72,4.34,D,0
19.97044,80.42403,337.1,0.39,0.36,2021-03-24,746,N20,VIIRS,n,2,308.58,3.14,D,0
19.97207,80.65173,341.74,0.39,0.36,2021-03-24,746,N20,VIIRS,l,2,311.8,3.64,D,0
19.97329,80.10088,339.05,0.4,0.37,2021-03-24,746,N20,VIIRS,l,2,311.61,4.21,D,0
19.97376,80.42344,333.57,0.39,0.36,2021-03-24,746,N20,VIIRS,l,2,308.23,1.08,D,0
19.97395,80.68545,340.0,0.39,0.36,2021-03-24,746,N20,VIIRS,n,2,313.79,3.43,D,0
19.97434,80.42714,335.64,0.39,0.36,2021-03-24,746,N20,VIIRS,n,2,310.24,1.78,D,0
19.97678,81.09922,333.26,0.39,0.36,2021-03-24,746,N20,VIIRS,l,2,305.6,2.09,D,0
19.97732,79.26315,338.28,0.42,0.38,2021-03-24,746,N20,VIIRS,l,2,312.96,9.0,D,0
19.97741,81.43559,334.44,0.38,0.36,2021-03-24,746,N20,VIIRS,l,2,308.88,1.44,D,0
19.97791,80.25418,337.58,0.39,0.37,2021-03-24,746,N20,VIIRS,n,2,307.56,2.04,D,0
19.98051,80.14597,347.16,0.4,0.37,2021-03-24,746,N20,VIIRS,n,2,311.84,5.97,D,0
19.98111,80.14973,337.37,0.4,0.37,2021-03-24,746,N20,VIIRS,l,2,310.78,4.21,D,0
19.98197,80.41053,339.57,0.39,0.36,2021-03-24,746,N20,VIIRS,n,2,307.89,1.26,D,0
19.98203,80.28036,338.12,0.39,0.37,2021-03-24,746,N20,VIIRS,l,2,308.86,2.4,D,0
19.98319,78.5353,339.97,0.45,0.39,2021-03-24,746,N20,VIIRS,l,2,313.75,5.16,D,0
19.98434,81.2813,333.88,0.38,0.36,2021-03-24,746,N20,VIIRS,l,2,305.36,1.22,D,0
19.98479,80.2801,335.19,0.39,0.36,2021-03-24,746,N20,VIIRS,l,2,309.08,2.84,D,0
19.9853,80.40995,341.93,0.39,0.36,2021-03-24,746,N20,VIIRS,n,2,310.1,6.07,D,0
19.98539,80.13351,339.19,0.4,0.37,2021-03-24,746,N20,VIIRS,l,2,310.07,2.57,D,0
19.98555,80.78165,338.35,0.39,0.36,2021-03-24,746,N20,VIIRS,l,2,311.25,4.42,D,0
19.98588,80.41366,351.3,0.39,0.36,2021-03-24,746,N20,VIIRS,n,2,309.53,6.07,D,0
19.98645,79.14674,338.06,0.42,0.38,2021-03-24,746,N20,VIIRS,l,2,312.43,2.02,D,0
19.98726,80.10225,341.82,0.4,0.37,2021-03-24,746,N20,VIIRS,n,2,311.7,4.34,D,0
19.98886,80.78107,337.66,0.39,0.36,2021-03-24,746,N20,VIIRS,l,2,310.6,3.03,D,0
19.98996,81.09692,338.11,0.39,0.36,2021-03-24,746,N20,VIIRS,l,2,308.76,3.11,D,0
19.99228,80.30562,337.51,0.39,0.36,2021-03-24,746,N20,VIIRS,l,2,310.95,2.63,D,0
19.99247,80.0703,336.85,0.4,0.37,2021-03-24,746,N20,VIIRS,l,2,309.41,3.24,D,0
19.99399,80.81409,337.71,0.39,0.36,2021-03-24,746,N20,VIIRS,n,2,307.15,2.2,D,0
19.99631,79.35735,336.76,0.42,0.37,2021-03-24,746,N20,VIIRS,n,2,308.37,2.97,D,0
19.99796,80.06158,342.94,0.4,0.37,2021-03-24,746,N20,VIIRS,n,2,311.59,2.79,D,0
17.34933,81.32579,304.76,0.4,0.37,2021-03-24,2016,N20,VIIRS,n,2,294.01,0.71,N,0
17.37872,81.04025,303.43,0.4,0.37,2021-03-24,2016,N20,VIIRS,n,2,292.63,0.37,N,0
17.38696,80.90526,304.53,0.39,0.36,2021-03-24,2016,N20,VIIRS,n,2,294.38,0.69,N,0
17.42448,80.8215,310.2,0.39,0.36,2021-03-24,2016,N20,VIIRS,n,2,295.41,1.21,N,0
17.42903,80.9576,307.65,0.39,0.37,2021-03-24,2016,N20,VIIRS,n,2,295.2,1.15,N,0
17.43178,80.9618,312.63,0.39,0.37,2021-03-24,2016,N20,VIIRS,n,2,295.66,1.15,N,0
17.434,80.63567,307.73,0.39,0.36,2021-03-24,2016,N20,VIIRS,n,2,295.41,1.09,N,0
17.43458,80.63203,316.36,0.39,0.36,2021-03-24,2016,N20,VIIRS,n,2,295.6,1.4,N,0
17.43491,80.3974,311.27,0.39,0.36,2021-03-24,2016,N20,VIIRS,n,2,296.37,1.92,N,0
17.4379,80.6326,314.71,0.39,0.36,2021-03-24,2016,N20,VIIRS,n,2,295.62,1.4,N,0
17.43821,80.39798,314.0,0.39,0.36,2021-03-24,2016,N20,VIIRS,n,2,296.61,1.65,N,0
17.43879,80.39438,307.49,0.39,0.36,2021-03-24,2016,N20,VIIRS,n,2,296.18,1.22,N,0
17.46245,81.08885,306.56,0.4,0.37,2021-03-24,2016,N20,VIIRS,n,2,294.83,1.47,N,0
17.46582,80.64838,305.87,0.39,0.36,2021-03-24,2016,N20,VIIRS,n,2,290.12,0.76,N,0
17.46768,80.36227,306.87,0.39,0.36,2021-03-24,2016,N20,VIIRS,n,2,296.55,0.97,N,0
17.46826,80.35869,309.2,0.39,0.36,2021-03-24,2016,N20,VIIRS,n,2,296.24,0.97,N,0
17.47032,80.64164,311.65,0.39,0.36,2021-03-24,2016,N20,VIIRS,n,2,290.06,1.08,N,0
17.47098,80.36286,310.92,0.39,0.36,2021-03-24,2016,N20,VIIRS,n,2,296.54,0.88,N,0
17.47156,80.35928,308.84,0.39,0.36,2021-03-24,2016,N20,VIIRS,n,2,296.0,0.88,N,0
17.47304,80.64587,307.11,0.39,0.36,2021-03-24,2016,N20,VIIRS,n,2,291.51,0.53,N,0
17.47308,81.08688,307.0,0.4,0.37,2021-03-24,2016,N20,VIIRS,n,2,295.36,1.12,N,0
17.47363,80.64224,301.85,0.39,0.36,2021-03-24,2016,N20,VIIRS,n,2,289.81,0.53,N,0
17.48842,80.466,311.86,0.39,0.36,2021-03-24,2016,N20,VIIRS,n,2,295.16,2.52,N,0
17.489,80.46242,337.2,0.39,0.36,2021-03-24,2016,N20,VIIRS,n,2,297.47,2.41,N,0
17.49172,80.46663,334.18,0.39,0.36,2021-03-24,2016,N20,VIIRS,n,2,298.03,2.52,N,0
17.4923,80.46306,308.83,0.39,0.36,2021-03-24,2016,N20,VIIRS,n,2,296.7,2.41,N,0
17.49417,80.51526,307.85,0.39,0.36,2021-03-24,2016,N20,VIIRS,n,2,296.63,1.54,N,0
17.5005,80.98164,307.93,0.39,0.37,2021-03-24,2016,N20,VIIRS,n,2,295.89,1.41,N,0
17.50337,80.71105,309.08,0.39,0.36,2021-03-24,2016,N20,VIIRS,n,2,293.98,1.46,N,0
17.50611,80.71522,305.38,0.39,0.36,2021-03-24,2016,N20,VIIRS,n,2,294.06,1.67,N,0
17.50943,80.71577,329.08,0.39,0.36,2021-03-24,2016,N20,VIIRS,n,2,294.84,1.92,N,0
17.51274,80.71633,306.69,0.39,0.36,2021-03-24,2016,N20,VIIRS,n,2,294.15,1.92,N,0
17.51605,80.71695,306.62,0.39,0.36,2021-03-24,2016,N20,VIIRS,n,2,293.93,1.27,N,0
17.51665,80.71328,308.87,0.39,0.36,2021-03-24,2016,N20,VIIRS,n,2,294.14,0.92,N,0
17.51996,80.7139,309.49,0.39,0.36,2021-03-24,2016,N20,VIIRS,n,2,294.26,0.92,N,0
17.52326,80.71453,312.67,0.39,0.36,2021-03-24,2016,N20,VIIRS,n,2,294.72,2.13,N,0
17.52598,80.71883,309.04,0.39,0.36,2021-03-24,2016,N20,VIIRS,n,2,295.26,1.5,N,0
17.52601,81.11469,311.71,0.4,0.37,2021-03-24,2016,N20,VIIRS,n,2,295.68,1.56,N,0
17.54238,80.68056,310.63,0.39,0.36,2021-03-24,2016,N20,VIIRS,n,2,294.31,1.34,N,0
17.56744,80.96651,305.74,0.39,0.36,2021-03-24,2016,N20,VIIRS,n,2,294.87,0.78,N,0
17.57077,80.96709,305.9,0.39,0.36,2021-03-24,2016,N20,VIIRS,n,2,295.36,0.98,N,0
17.58897,80.72923,306.73,0.39,0.36,2021-03-24,2016,N20,VIIRS,n,2,295.27,1.54,N,0
17.59627,80.28062,310.04,0.39,0.36,2021-03-24,2016,N20,VIIRS,n,2,295.86,0.87,N,0
17.61075,81.38649,305.52,0.4,0.37,2021-03-24,2016,N20,VIIRS,n,2,294.66,0.95,N,0
17.61118,80.2721,306.58,0.39,0.36,2021-03-24,2016,N20,VIIRS,n,2,294.83,1.04,N,0
17.61175,80.2685,314.52,0.39,0.36,2021-03-24,2016,N20,VIIRS,n,2,295.15,1.26,N,0
17.61447,80.27267,304.11,0.39,0.36,2021-03-24,2016,N20,VIIRS,n,2,293.98,0.41,N,0
17.62868,80.90563,313.94,0.39,0.36,2021-03-24,2016,N20,VIIRS,n,2,295.23,1.02,N,0
17.67262,80.59058,307.13,0.39,0.36,2021-03-24,2016,N20,VIIRS,n,2,295.85,1.32,N,0
17.67535,80.59478,308.13,0.39,0.36,2021-03-24,2016,N20,VIIRS,n,2,296.21,1.44,N,0
17.69313,80.69484,308.81,0.39,0.36,2021-03-24,2016,N20,VIIRS,n,2,296.29,1.72,N,0
17.69681,80.7142,306.84,0.39,0.36,2021-03-24,2016,N20,VIIRS,n,2,294.82,0.86,N,0
17.70925,81.15825,310.0,0.4,0.37,2021-03-24,2016,N20,VIIRS,n,2,296.68,1.3,N,0
17.71382,80.67226,309.78,0.39,0.36,2021-03-24,2016,N20,VIIRS,n,2,295.6,1.05,N,0
17.71438,81.18967,307.41,0.4,0.37,2021-03-24,2016,N20,VIIRS,n,2,296.39,1.92,N,0
17.71713,80.67284,310.94,0.39,0.36,2021-03-24,2016,N20,VIIRS,n,2,296.32,1.05,N,0
17.71833,81.18658,308.28,0.4,0.37,2021-03-24,2016,N20,VIIRS,n,2,296.12,1.34,N,0
17.72044,80.67342,309.5,0.39,0.36,2021-03-24,2016,N20,VIIRS,n,2,295.56,1.14,N,0
17.72262,81.11882,306.63,0.4,0.37,2021-03-24,2016,N20,VIIRS,n,2,296.11,1.18,N,0
17.72623,81.18037,308.08,0.4,0.37,2021-03-24,2016,N20,VIIRS,n,2,297.25,1.7,N,0
17.73635,80.74362,306.77,0.39,0.36,2021-03-24,2016,N20,VIIRS,n,2,295.66,0.78,N,0
17.7483,80.71181,307.63,0.39,0.36,2021-03-24,2016,N20,VIIRS,n,2,296.56,1.42,N,0
17.75404,80.80305,306.31,0.39,0.36,2021-03-24,2016,N20,VIIRS,n,2,295.87,1.16,N,0
17.76758,80.71892,319.81,0.39,0.36,2021-03-24,2016,N20,VIIRS,n,2,296.05,2.13,N,0
17.76815,81.21838,316.08,0.4,0.37,2021-03-24,2016,N20,VIIRS,n,2,296.44,1.94,N,0
17.80449,80.38258,305.73,0.39,0.36,2021-03-24,2016,N20,VIIRS,n,2,295.03,1.0,N,0
17.833,81.21408,305.97,0.4,0.37,2021-03-24,2016,N20,VIIRS,n,2,295.29,1.09,N,0
17.8464,81.17448,308.85,0.4,0.37,2021-03-24,2016,N20,VIIRS,n,2,295.63,1.67,N,0
17.8664,81.26213,312.33,0.4,0.37,2021-03-24,2016,N20,VIIRS,n,2,295.98,1.47,N,0
17.8737,81.25959,308.36,0.4,0.37,2021-03-24,2016,N20,VIIRS,n,2,296.3,1.02,N,0
17.87431,81.25587,309.64,0.4,0.37,2021-03-24,2016,N20,VIIRS,n,2,296.02,1.02,N,0
17.88228,80.17397,303.52,0.38,0.36,2021-03-24,2016,N20,VIIRS,n,2,292.54,0.69,N,0
17.88553,81.12427,307.76,0.4,0.37,2021-03-24,2016,N20,VIIRS,n,2,296.24,1.28,N,0
17.89734,81.11497,308.41,0.4,0.37,2021-03-24,2016,N20,VIIRS,n,2,295.5,1.92,N,0
17.90433,81.1352,308.05,0.4,0.37,2021-03-24,2016,N20,VIIRS,n,2,294.82,1.03,N,0
17.90475,81.31494,314.13,0.4,0.37,2021-03-24,2016,N20,VIIRS,n,2,296.23,1.85,N,0
17.90537,81.3112,306.77,0.4,0.37,2021-03-24,2016,N20,VIIRS,n,2,295.89,0.99,N,0
17.90826,81.13212,306.59,0.4,0.37,2021-03-24,2016,N20,VIIRS,n,2,294.87,1.03,N,0
17.91062,80.01631,307.0,0.38,0.36,2021-03-24,2016,N20,VIIRS,n,2,293.83,0.73,N,0
17.91119,80.01272,306.72,0.38,0.36,2021-03-24,2016,N20,VIIRS,n,2,294.48,0.73,N,0
17.9216,81.13454,307.43,0.4,0.37,2021-03-24,2016,N20,VIIRS,n,2,295.1,2.28,N,0
17.93056,81.15886,307.24,0.4,0.37,2021-03-24,2016,N20,VIIRS,n,2,295.97,0.88,N,0
17.93503,81.23597,311.46,0.4,0.37,2021-03-24,2016,N20,VIIRS,n,2,296.11,1.28,N,0
17.94296,80.1327,314.45,0.38,0.36,2021-03-24,2016,N20,VIIRS,n,2,294.78,1.17,N,0
17.94308,80.00346,307.4,0.38,0.36,2021-03-24,2016,N20,VIIRS,n,2,296.1,1.49,N,0
17.94568,80.13686,314.67,0.38,0.36,2021-03-24,2016,N20,VIIRS,n,2,295.4,1.68,N,0
17.95849,80.80116,313.71,0.39,0.36,2021-03-24,2016,N20,VIIRS,n,2,298.18,1.9,N,2
17.95971,81.23234,311.92,0.4,0.37,2021-03-24,2016,N20,VIIRS,n,2,296.24,1.43,N,0
17.96092,81.22494,306.17,0.4,0.37,2021-03-24,2016,N20,VIIRS,n,2,295.79,1.65,N,0
17.96427,81.2255,312.32,0.4,0.37,2021-03-24,2016,N20,VIIRS,n,2,295.77,2.39,N,0
17.96485,81.22191,307.07,0.4,0.37,2021-03-24,2016,N20,VIIRS,n,2,295.71,0.96,N,0
17.96819,81.22254,308.56,0.4,0.37,2021-03-24,2016,N20,VIIRS,n,2,295.9,0.96,N,0
17.97284,80.94288,310.53,0.39,0.36,2021-03-24,2016,N20,VIIRS,n,2,295.8,1.72,N,0
17.97881,81.1787,306.66,0.4,0.37,2021-03-24,2016,N20,VIIRS,n,2,295.65,1.16,N,0
17.97941,81.17498,310.39,0.4,0.37,2021-03-24,2016,N20,VIIRS,n,2,296.19,1.16,N,0
17.97996,80.49837,307.91,0.39,0.36,2021-03-24,2016,N20,VIIRS,n,2,295.83,0.8,N,0
17.98002,81.17125,313.42,0.4,0.37,2021-03-24,2016,N20,VIIRS,n,2,296.29,0.96,N,0
17.98063,81.16754,309.42,0.4,0.37,2021-03-24,2016,N20,VIIRS,n,2,295.59,0.96,N,0
17.98286,80.98616,309.98,0.39,0.36,2021-03-24,2016,N20,VIIRS,n,2,294.97,0.91,N,0
17.98326,80.49897,305.81,0.39,0.36,2021-03-24,2016,N20,VIIRS,n,2,294.55,0.8,N,0
17.98398,81.16805,307.41,0.4,0.37,2021-03-24,2016,N20,VIIRS,n,2,295.38,0.96,N,0
17.9852,81.16062,313.41,0.4,0.37,2021-03-24,2016,N20,VIIRS,n,2,296.0,1.95,N,0
17.98579,81.15698,309.18,0.4,0.37,2021-03-24,2016,N20,VIIRS,n,2,295.23,1.31,N,0
17.98605,81.09248,311.19,0.39,0.37,2021-03-24,2016,N20,VIIRS,n,2,294.42,1.87,N,0
17.98767,80.95674,316.78,0.39,0.36,2021-03-24,2016,N20,VIIRS,n,2,296.35,1.97,N,0
17.98914,81.15749,311.53,0.4,0.37,2021-03-24,2016,N20,VIIRS,n,2,295.31,1.14,N,0
17.99058,81.08569,307.41,0.39,0.37,2021-03-24,2016,N20,VIIRS,n,2,295.63,1.54,N,0
17.99116,81.08214,317.31,0.39,0.37,2021-03-24,2016,N20,VIIRS,n,2,296.12,2.4,N,0
17.99307,81.1544,309.65,0.4,0.37,2021-03-24,2016,N20,VIIRS,n,2,295.19,1.14,N,0
17.99332,81.08989,329.23,0.39,0.37,2021-03-24,2016,N20,VIIRS,n,2,296.34,2.07,N,0
17.99366,81.15079,306.84,0.4,0.37,2021-03-24,2016,N20,VIIRS,n,2,294.99,1.51,N,0
17.99665,81.09048,309.38,0.39,0.37,2021-03-24,2016,N20,VIIRS,n,2,295.32,2.07,N,0
18.00155,81.14448,306.86,0.4,0.37,2021-03-24,2016,N20,VIIRS,n,2,294.47,1.25,N,0
18.00159,80.40553,307.9,0.39,0.36,2021-03-24,2016,N20,VIIRS,n,2,293.88,1.28,N,0
18.00216,80.40192,304.25,0.39,0.36,2021-03-24,2016,N20,VIIRS,n,2,293.56,0.91,N,0
18.01488,81.14684,311.88,0.4,0.37,2021-03-24,2016,N20,VIIRS,n,2,293.79,1.38,N,0
18.01821,81.14748,307.45,0.4,0.37,2021-03-24,2016,N20,VIIRS,n,2,293.29,1.11,N,0
18.0203,81.11357,311.46,0.39,0.37,2021-03-24,2016,N20,VIIRS,n,2,295.92,1.38,N,0
18.02089,81.10995,312.48,0.39,0.37,2021-03-24,2016,N20,VIIRS,n,2,296.17,1.99,N,0
18.02094,81.15181,305.76,0.4,0.37,2021-03-24,2016,N20,VIIRS,n,2,294.46,1.43,N,0
18.02111,81.08759,312.35,0.39,0.37,2021-03-24,2016,N20,VIIRS,n,2,295.22,1.13,N,0
18.02183,81.16744,318.7,0.4,0.37,2021-03-24,2016,N20,VIIRS,n,2,295.46,2.0,N,0
18.02244,81.16369,313.25,0.4,0.37,2021-03-24,2016,N20,VIIRS,n,2,295.32,1.24,N,0
18.02305,81.15995,309.72,0.4,0.37,2021-03-24,2016,N20,VIIRS,n,2,294.68,1.24,N,0
18.02361,81.1143,306.61,0.39,0.37,2021-03-24,2016,N20,VIIRS,n,2,295.85,0.93,N,0
18.02384,81.09181,318.07,0.39,0.37,2021-03-24,2016,N20,VIIRS,n,2,296.38,1.93,N,0
18.02444,81.08817,316.8,0.39,0.37,2021-03-24,2016,N20,VIIRS,n,2,297.04,1.13,N,0
18.02503,81.08452,308.71,0.39,0.37,2021-03-24,2016,N20,VIIRS,n,2,295.31,1.13,N,0
18.02539,81.10337,307.76,0.39,0.37,2021-03-24,2016,N20,VIIRS,n,2,295.13,0.89,N,0
18.02692,81.11505,308.3,0.39,0.37,2021-03-24,2016,N20,VIIRS,n,2,296.1,0.93,N,0
18.02718,81.09237,322.02,0.39,0.37,2021-03-24,2016,N20,VIIRS,n,2,296.65,1.43,N,0
18.02871,81.10403,308.73,0.39,0.37,2021-03-24,2016,N20,VIIRS,n,2,295.82,0.89,N,0
18.03051,81.09296,307.3,0.39,0.37,2021-03-24,2016,N20,VIIRS,n,2,295.68,1.43,N,0
18.05934,81.37226,310.34,0.4,0.37,2021-03-24,2016,N20,VIIRS,n,2,296.26,1.7,N,0
18.07813,80.92284,310.96,0.39,0.36,2021-03-24,2016,N20,VIIRS,n,2,295.53,1.19,N,0
18.08707,81.05655,311.56,0.39,0.36,2021-03-24,2016,N20,VIIRS,n,2,296.44,0.97,N,0
18.09039,81.05714,309.51,0.39,0.36,2021-03-24,2016,N20,VIIRS,n,2,295.97,0.97,N,0
18.091,81.05344,315.4,0.39,0.36,2021-03-24,2016,N20,VIIRS,n,2,296.14,2.41,N,0
18.09372,81.05772,310.77,0.39,0.36,2021-03-24,2016,N20,VIIRS,n,2,295.87,1.1,N,0
18.09645,81.06201,307.98,0.39,0.36,2021-03-24,2016,N20,VIIRS,n,2,296.06,1.1,N,0
18.11539,80.75657,312.23,0.39,0.36,2021-03-24,2016,N20,VIIRS,n,2,296.92,1.65,N,0
18.11767,80.31821,306.84,0.39,0.36,2021-03-24,2016,N20,VIIRS,n,2,295.73,1.2,N,0
18.12998,80.79268,309.03,0.39,0.36,2021-03-24,2016,N20,VIIRS,n,2,296.77,1.67,N,0
18.13918,80.96743,312.37,0.39,0.36,2021-03-24,2016,N20,VIIRS,n,2,296.66,1.58,N,0
18.13977,80.96378,307.51,0.39,0.36,2021-03-24,2016,N20,VIIRS,n,2,296.55,1.24,N,0
18.14223,81.13843,313.24,0.39,0.37,2021-03-24,2016,N20,VIIRS,n,2,296.95,1.24,N,0
18.1425,80.96802,327.53,0.39,0.36,2021-03-24,2016,N20,VIIRS,n,2,297.49,3.2,N,0
18.14487,80.9534,318.24,0.39,0.36,2021-03-24,2016,N20,VIIRS,n,2,297.32,1.78,N,0
18.14556,81.13901,308.08,0.39,0.37,2021-03-24,2016,N20,VIIRS,n,2,296.49,1.24,N,0
18.14819,80.95399,314.66,0.39,0.36,2021-03-24,2016,N20,VIIRS,n,2,297.43,1.78,N,0
18.1568,79.26254,314.74,0.39,0.36,2021-03-24,2016,N20,VIIRS,n,2,296.15,2.26,N,0
18.16203,80.84735,308.06,0.39,0.36,2021-03-24,2016,N20,VIIRS,n,2,295.37,0.81,N,0
18.16252,81.11536,309.34,0.39,0.36,2021-03-24,2016,N20,VIIRS,n,2,296.54,1.62,N,0
18.16262,80.84365,307.95,0.39,0.36,2021-03-24,2016,N20,VIIRS,n,2,296.37,0.81,N,0
18.16312,81.11169,312.58,0.39,0.36,2021-03-24,2016,N20,VIIRS,n,2,295.81,1.24,N,0
18.16408,80.75014,314.18,0.39,0.36,2021-03-24,2016,N20,VIIRS,n,2,295.21,1.64,N,0
18.1642,80.96058,307.65,0.39,0.36,2021-03-24,2016,N20,VIIRS,n,2,296.23,0.89,N,0
18.16479,80.95695,309.08,0.39,0.36,2021-03-24,2016,N20,VIIRS,n,2,296.05,0.89,N,0
18.16574,80.97217,312.31,0.39,0.36,2021-03-24,2016,N20,VIIRS,n,2,296.97,1.72,N,0
18.16633,80.96849,316.01,0.39,0.36,2021-03-24,2016,N20,VIIRS,n,2,297.44,1.44,N,0
18.16692,80.96484,307.29,0.39,0.36,2021-03-24,2016,N20,VIIRS,n,2,296.41,1.44,N,0
18.16906,80.97276,323.12,0.39,0.36,2021-03-24,2016,N20,VIIRS,n,2,297.53,2.65,N,0
18.16965,80.96908,326.03,0.39,0.36,2021-03-24,2016,N20,VIIRS,n,2,297.46,2.45,N,0
18.18391,80.4998,307.18,0.39,0.36,2021-03-24,2016,N20,VIIRS,n,2,294.99,0.75,N,0
18.19466,80.60223,309.0,0.39,0.36,2021-03-24,2016,N20,VIIRS,n,2,296.63,2.05,N,0
18.21957,79.84381,306.05,0.38,0.36,2021-03-24,2016,N20,VIIRS,n,2,295.13,1.08,N,0
18.22008,81.18259,308.95,0.4,0.37,2021-03-24,2016,N20,VIIRS,n,2,296.11,1.71,N,0
18.22018,80.8877,309.92,0.39,0.36,2021-03-24,2016,N20,VIIRS,n,2,294.88,1.29,N,0
18.22117,79.85518,305.36,0.38,0.36,2021-03-24,2016,N20,VIIRS,n,2,295.35,1.51,N,0
18.22281,81.18685,306.73,0.4,0.37,2021-03-24,2016,N20,VIIRS,n,2,296.27,1.88,N,0
18.22446,79.85574,308.85,0.38,0.36,2021-03-24,2016,N20,VIIRS,n,2,294.79,1.28,N,0
18.22503,79.85213,319.51,0.38,0.36,2021-03-24,2016,N20,VIIRS,n,2,296.36,1.28,N,0
18.22559,79.84854,317.95,0.38,0.36,2021-03-24,2016,N20,VIIRS,n,2,296.52,1.58,N,0
18.22888,79.84911,310.82,0.38,0.36,2021-03-24,2016,N20,VIIRS,n,2,295.6,1.58,N,0
18.23134,80.41513,310.33,0.39,0.36,2021-03-24,2016,N20,VIIRS,n,2,294.34,0.74,N,0
18.23135,81.48341,310.01,0.4,0.37,2021-03-24,2016,N20,VIIRS,n,2,295.93,1.25,N,0
18.23218,79.84966,303.45,0.38,0.36,2021-03-24,2016,N20,VIIRS,n,2,293.3,0.88,N,0
18.23274,79.84607,316.51,0.38,0.36,2021-03-24,2016,N20,VIIRS,n,2,295.38,0.88,N,0
18.23716,79.83942,311.7,0.38,0.36,2021-03-24,2016,N20,VIIRS,n,2,296.17,2.04,N,0
18.24382,80.74173,305.98,0.39,0.36,2021-03-24,2016,N20,VIIRS,n,2,295.06,1.27,N,0
18.24383,79.81838,313.66,0.38,0.36,2021-03-24,2016,N20,VIIRS,n,2,295.81,2.26,N,0
18.24625,81.39334,307.73,0.4,0.37,2021-03-24,2016,N20,VIIRS,n,2,296.02,1.33,N,0
18.24634,81.35112,307.44,0.4,0.37,2021-03-24,2016,N20,VIIRS,n,2,296.4,1.37,N,0
18.24688,81.38955,315.93,0.4,0.37,2021-03-24,2016,N20,VIIRS,n,2,295.95,1.33,N,0
18.24695,81.3474,306.13,0.4,0.37,2021-03-24,2016,N20,VIIRS,n,2,295.99,0.89,N,0
18.24756,81.34369,311.13,0.4,0.37,2021-03-24,2016,N20,VIIRS,n,2,296.27,0.89,N,0
18.24887,81.29409,305.87,0.4,0.37,2021-03-24,2016,N20,VIIRS,n,2,295.62,1.1,N,0
18.25086,81.38634,312.18,0.4,0.37,2021-03-24,2016,N20,VIIRS,n,2,296.04,2.08,N,0
18.25555,81.29529,305.83,0.4,0.37,2021-03-24,2016,N20,VIIRS,n,2,295.56,0.76,N,0
18.25745,81.20027,307.11,0.4,0.37,2021-03-24,2016,N20,VIIRS,n,2,295.64,0.99,N,0
18.26078,80.69983,307.68,0.39,0.36,2021-03-24,2016,N20,VIIRS,n,2,296.17,1.33,N,0
18.26867,81.15285,309.37,0.39,0.37,2021-03-24,2016,N20,VIIRS,n,2,295.19,1.2,N,0
18.27354,81.29045,305.91,0.4,0.37,2021-03-24,2016,N20,VIIRS,n,2,294.2,0.69,N,0
18.27745,81.24565,308.07,0.4,0.37,2021-03-24,2016,N20,VIIRS,n,2,296.48,1.68,N,0
18.28593,81.23583,307.57,0.4,0.37,2021-03-24,2016,N20,VIIRS,n,2,296.88,1.64,N,0
18.3056,81.1785,304.98,0.39,0.37,2021-03-24,2016,N20,VIIRS,n,2,294.57,0.51,N,0
18.30734,81.46219,312.59,0.4,0.37,2021-03-24,2016,N20,VIIRS,n,2,296.35,2.3,N,0
18.31212,80.86588,309.75,0.39,0.36,2021-03-24,2016,N20,VIIRS,n,2,296.92,1.92,N,0
18.31248,81.07346,305.96,0.39,0.36,2021-03-24,2016,N20,VIIRS,n,2,294.14,1.04,N,0
18.31543,80.86649,321.12,0.39,0.36,2021-03-24,2016,N20,VIIRS,n,2,297.08,1.7,N,0
18.31603,80.86281,318.83,0.39,0.36,2021-03-24,2016,N20,VIIRS,n,2,297.41,1.7,N,0
18.31779,80.68331,306.32,0.39,0.36,2021-03-24,2016,N20,VIIRS,n,2,295.51,1.17,N,0
18.32655,80.86095,310.84,0.39,0.36,2021-03-24,2016,N20,VIIRS,n,2,295.88,2.18,N,0
18.33045,80.85788,316.91,0.39,0.36,2021-03-24,2016,N20,VIIRS,n,2,295.36,1.46,N,0
18.33294,80.77947,305.83,0.39,0.36,2021-03-24,2016,N20,VIIRS,n,2,294.75,1.06,N,0
18.33731,80.83656,316.57,0.39,0.36,2021-03-24,2016,N20,VIIRS,n,2,296.01,2.3,N,0
18.34003,80.8408,322.26,0.39,0.36,2021-03-24,2016,N20,VIIRS,n,2,296.95,2.42,N,0
18.37882,80.8326,305.55,0.39,0.36,2021-03-24,2016,N20,VIIRS,n,2,294.67,1.04,N,0
18.38116,79.98541,308.51,0.38,0.36,2021-03-24,2016,N20,VIIRS,n,2,295.26,1.25,N,0
18.38375,81.47196,309.08,0.4,0.37,2021-03-24,2016,N20,VIIRS,n,2,295.13,1.26,N,0
18.38445,79.98598,312.12,0.38,0.36,2021-03-24,2016,N20,VIIRS,n,2,296.39,1.25,N,0
18.38599,80.72469,308.67,0.39,0.36,2021-03-24,2016,N20,VIIRS,n,2,295.64,0.95,N,0
18.38774,79.98655,308.28,0.38,0.36,2021-03-24,2016,N20,VIIRS,n,2,294.92,1.4,N,0
18.3893,80.72525,312.08,0.39,0.36,2021-03-24,2016,N20,VIIRS,n,2,294.93,0.95,N,0
18.391,81.23925,305.43,0.4,0.37,2021-03-24,2016,N20,VIIRS,n,2,295.4,0.63,N,0
18.3916,79.98351,319.41,0.38,0.36,2021-03-24,2016,N20,VIIRS,n,2,295.13,1.4,N,0
18.39211,80.7712,306.76,0.39,0.36,2021-03-24,2016,N20,VIIRS,n,2,294.83,1.09,N,0
18.39787,80.05122,309.81,0.38,0.36,2021-03-24,2016,N20,VIIRS,n,2,294.7,0.68,N,0
18.399,80.04401,310.32,0.38,0.36,2021-03-24,2016,N20,VIIRS,n,2,295.58,1.55,N,0
18.4008,78.73142,304.88,0.4,0.37,2021-03-24,2016,N20,VIIRS,n,2,291.18,0.35,N,0
18.41118,80.22727,308.31,0.38,0.36,2021-03-24,2016,N20,VIIRS,n,2,294.84,1.02,N,0
18.41391,80.23145,309.96,0.38,0.36,2021-03-24,2016,N20,VIIRS,n,2,295.38,1.4,N,0
18.41459,81.43103,317.75,0.4,0.37,2021-03-24,2016,N20,VIIRS,n,2,296.17,1.16,N,0
18.41663,80.23563,308.43,0.38,0.36,2021-03-24,2016,N20,VIIRS,n,2,295.28,1.16,N,0
18.41794,81.43159,309.39,0.4,0.37,2021-03-24,2016,N20,VIIRS,n,2,295.45,1.16,N,0
18.41825,81.45076,308.31,0.4,0.37,2021-03-24,2016,N20,VIIRS,n,2,294.99,1.52,N,0
18.42039,81.41661,309.09,0.4,0.37,2021-03-24,2016,N20,VIIRS,n,2,295.41,1.58,N,0
18.42436,81.41333,305.51,0.4,0.37,2021-03-24,2016,N20,VIIRS,n,2,294.11,1.01,N,0
18.43329,78.58416,300.61,0.4,0.37,2021-03-24,2016,N20,VIIRS,n,2,278.65,0.84,N,0
18.44312,80.30329,310.04,0.38,0.36,2021-03-24,2016,N20,VIIRS,n,2,295.15,1.73,N,0
18.46108,80.14702,304.4,0.38,0.36,2021-03-24,2016,N20,VIIRS,n,2,294.37,0.86,N,0
18.46728,81.04417,315.08,0.39,0.36,2021-03-24,2016,N20,VIIRS,n,2,294.85,1.38,N,0
18.4701,81.48306,305.31,0.4,0.37,2021-03-24,2016,N20,VIIRS,n,2,295.1,1.38,N,0
18.47332,81.42171,308.22,0.4,0.37,2021-03-24,2016,N20,VIIRS,n,2,295.05,1.33,N,0
18.50922,80.72064,310.64,0.39,0.36,2021-03-24,2016,N20,VIIRS,n,2,297.75,2.46,N,0
18.51755,80.58391,308.18,0.39,0.36,2021-03-24,2016,N20,VIIRS,n,2,296.47,1.7,N,0
18.51813,80.58029,313.73,0.39,0.36,2021-03-24,2016,N20,VIIRS,n,2,296.37,1.99,N,0
18.52085,80.58449,320.86,0.39,0.36,2021-03-24,2016,N20,VIIRS,n,2,297.37,1.7,N,0
18.5376,81.4635,306.31,0.4,0.37,2021-03-24,2016,N20,VIIRS,n,2,294.61,0.65,N,0
18.55929,80.36443,307.29,0.38,0.36,2021-03-24,2016,N20,VIIRS,n,2,294.85,1.19,N,0
18.56801,80.75693,310.09,0.39,0.36,2021-03-24,2016,N20,VIIRS,n,2,295.95,2.07,N,0
18.57591,80.34505,307.05,0.38,0.36,2021-03-24,2016,N20,VIIRS,n,2,295.04,1.02,N,0
18.58152,80.13828,305.82,0.38,0.36,2021-03-24,2016,N20,VIIRS,n,2,293.83,1.02,N,0
18.58318,80.23496,305.62,0.38,0.36,2021-03-24,2016,N20,VIIRS,n,2,294.47,0.84,N,0
18.58321,80.32032,305.23,0.38,0.36,2021-03-24,2016,N20,VIIRS,n,2,294.09,0.61,N,0
18.58421,80.33535,306.2,0.38,0.36,2021-03-24,2016,N20,VIIRS,n,2,294.28,0.73,N,0
18.58582,80.96289,310.78,0.39,0.36,2021-03-24,2016,N20,VIIRS,n,2,295.6,1.5,N,0
18.58788,80.63332,304.66,0.39,0.36,2021-03-24,2016,N20,VIIRS,n,2,293.77,1.02,N,0
18.58808,80.33231,307.06,0.38,0.36,2021-03-24,2016,N20,VIIRS,n,2,295.57,1.43,N,0
18.58867,80.13582,306.83,0.38,0.36,2021-03-24,2016,N20,VIIRS,n,2,293.58,0.54,N,0
18.60147,80.20478,304.77,0.38,0.36,2021-03-24,2016,N20,VIIRS,n,2,293.53,0.95,N,0
18.61009,78.8068,306.52,0.39,0.37,2021-03-24,2016,N20,VIIRS,n,2,292.5,1.62,N,0
18.61122,78.79938,316.55,0.39,0.37,2021-03-24,2016,N20,VIIRS,n,2,291.7,1.21,N,0
18.61508,78.81905,305.68,0.39,0.37,2021-03-24,2016,N20,VIIRS,n,2,292.58,1.09,N,0
18.61777,80.61617,320.89,0.39,0.36,2021-03-24,2016,N20,VIIRS,n,2,298.21,2.81,N,0
18.62034,80.34506,306.54,0.38,0.36,2021-03-24,2016,N20,VIIRS,n,2,294.93,1.32,N,0
18.62107,80.61678,317.04,0.39,0.36,2021-03-24,2016,N20,VIIRS,n,2,297.21,2.53,N,0
18.62122,80.53101,312.23,0.39,0.36,2021-03-24,2016,N20,VIIRS,n,2,296.43,2.19,N,0
18.62162,80.23022,306.91,0.38,0.36,2021-03-24,2016,N20,VIIRS,n,2,293.82,1.35,N,0
18.62362,80.70685,320.39,0.39,0.36,2021-03-24,2016,N20,VIIRS,n,2,297.77,3.52,N,0
18.6242,80.70322,322.41,0.39,0.36,2021-03-24,2016,N20,VIIRS,n,2,297.51,2.85,N,0
18.62692,80.70744,310.47,0.39,0.36,2021-03-24,2016,N20,VIIRS,n,2,296.64,1.96,N,0
18.62763,80.23498,309.87,0.38,0.36,2021-03-24,2016,N20,VIIRS,n,2,293.38,0.66,N,0
18.63092,80.23555,305.36,0.38,0.36,2021-03-24,2016,N20,VIIRS,n,2,292.16,0.66,N,0
18.63655,80.00323,318.96,0.38,0.36,2021-03-24,2016,N20,VIIRS,n,2,295.54,2.67,N,0
18.63872,80.01102,308.07,0.38,0.36,2021-03-24,2016,N20,VIIRS,n,2,296.84,1.44,N,0
18.63928,80.00742,330.63,0.38,0.36,2021-03-24,2016,N20,VIIRS,n,2,298.92,2.67,N,0
18.64201,80.01159,310.39,0.38,0.36,2021-03-24,2016,N20,VIIRS,n,2,296.48,1.29,N,0
18.65204,80.52899,304.23,0.39,0.36,2021-03-24,2016,N20,VIIRS,n,2,293.33,0.75,N,0
18.6583,79.33789,314.15,0.39,0.36,2021-03-24,2016,N20,VIIRS,n,2,293.45,1.19,N,0
18.65886,79.33424,304.92,0.39,0.36,2021-03-24,2016,N20,VIIRS,n,2,291.28,0.76,N,0
18.66161,79.33844,310.16,0.39,0.36,2021-03-24,2016,N20,VIIRS,n,2,292.18,1.19,N,0
18.66891,79.55598,316.54,0.39,0.36,2021-03-24,2016,N20,VIIRS,n,2,294.21,1.6,N,2
18.6735,79.96481,304.06,0.38,0.36,2021-03-24,2016,N20,VIIRS,n,2,291.88,0.28,N,0
18.6746,80.28025,318.27,0.38,0.36,2021-03-24,2016,N20,VIIRS,n,2,295.68,2.01,N,0
18.67667,80.54458,307.49,0.39,0.36,2021-03-24,2016,N20,VIIRS,n,2,294.71,1.41,N,0
18.68113,80.66789,307.29,0.39,0.36,2021-03-24,2016,N20,VIIRS,n,2,294.64,0.76,N,0
18.68451,79.9593,304.71,0.38,0.36,2021-03-24,2016,N20,VIIRS,n,2,291.51,0.47,N,0
18.68597,80.55311,304.88,0.39,0.36,2021-03-24,2016,N20,VIIRS,n,2,293.67,0.75,N,0
18.68926,80.55369,305.17,0.39,0.36,2021-03-24,2016,N20,VIIRS,n,2,293.03,0.75,N,0
18.71569,80.32399,307.35,0.38,0.36,2021-03-24,2016,N20,VIIRS,n,2,293.2,0.86,N,0
18.72128,80.3101,303.77,0.38,0.36,2021-03-24,2016,N20,VIIRS,n,2,293.28,0.67,N,0
18.72477,79.91801,312.82,0.38,0.36,2021-03-24,2016,N20,VIIRS,n,2,291.43,1.56,N,0
18.72621,79.5359,308.59,0.39,0.36,2021-03-24,2016,N20,VIIRS,n,2,295.25,0.97,N,0
18.73051,81.16125,312.01,0.39,0.36,2021-03-24,2016,N20,VIIRS,n,2,294.91,1.7,N,0
18.73111,81.15757,313.01,0.39,0.36,2021-03-24,2016,N20,VIIRS,n,2,294.11,1.2,N,0
18.73451,81.19962,306.35,0.39,0.36,2021-03-24,2016,N20,VIIRS,n,2,295.57,2.11,N,0
18.7351,81.19602,306.58,0.39,0.36,2021-03-24,2016,N20,VIIRS,n,2,295.14,1.48,N,0
18.73964,79.90944,305.62,0.38,0.36,2021-03-24,2016,N20,VIIRS,n,2,291.91,0.53,N,0
18.74048,79.66454,305.51,0.39,0.36,2021-03-24,2016,N20,VIIRS,n,2,294.05,1.05,N,0
18.75385,81.20686,313.3,0.39,0.36,2021-03-24,2016,N20,VIIRS,n,2,295.13,1.59,N,0
18.7544,81.16145,307.98,0.39,0.36,2021-03-24,2016,N20,VIIRS,n,2,294.06,2.04,N,0
18.75711,78.77285,302.84,0.4,0.37,2021-03-24,2016,N20,VIIRS,n,2,287.96,0.67,N,0
18.75772,81.16206,305.78,0.39,0.36,2021-03-24,2016,N20,VIIRS,n,2,294.55,1.42,N,0
18.76046,78.7734,305.7,0.4,0.37,2021-03-24,2016,N20,VIIRS,n,2,288.61,0.67,N,0
18.76488,80.18404,307.05,0.38,0.36,2021-03-24,2016,N20,VIIRS,n,2,293.67,0.78,N,0
18.77826,80.6137,306.62,0.39,0.36,2021-03-24,2016,N20,VIIRS,n,2,295.79,1.06,N,0
18.78032,80.17188,327.58,0.38,0.36,2021-03-24,2016,N20,VIIRS,n,2,295.92,2.72,N,0
18.80052,80.19394,303.43,0.38,0.36,2021-03-24,2016,N20,VIIRS,n,2,293.03,0.86,N,0
18.8069,80.85809,306.58,0.39,0.36,2021-03-24,2016,N20,VIIRS,n,2,295.44,1.17,N,0
18.80762,80.38462,306.35,0.38,0.36,2021-03-24,2016,N20,VIIRS,n,2,295.11,0.91,N,0
18.8104,80.19566,304.45,0.38,0.36,2021-03-24,2016,N20,VIIRS,n,2,293.13,0.92,N,0
18.81837,81.20715,307.87,0.39,0.36,2021-03-24,2016,N20,VIIRS,n,2,295.8,0.86,N,0
18.8217,81.20776,307.79,0.39,0.36,2021-03-24,2016,N20,VIIRS,n,2,294.61,0.86,N,0
18.83394,80.60482,305.52,0.39,0.36,2021-03-24,2016,N20,VIIRS,n,2,294.91,1.0,N,0
18.84031,80.56487,313.69,0.39,0.36,2021-03-24,2016,N20,VIIRS,n,2,295.65,2.24,N,0
18.84036,80.62829,314.01,0.39,0.36,2021-03-24,2016,N20,VIIRS,n,2,295.32,0.99,N,0
18.84094,80.62465,305.58,0.39,0.36,2021-03-24,2016,N20,VIIRS,n,2,293.71,0.99,N,0
18.84419,80.56182,313.11,0.39,0.36,2021-03-24,2016,N20,VIIRS,n,2,295.8,1.74,N,0
18.84424,80.62523,315.19,0.39,0.36,2021-03-24,2016,N20,VIIRS,n,2,294.89,1.21,N,0
18.84748,80.5624,307.83,0.39,0.36,2021-03-24,2016,N20,VIIRS,n,2,295.43,1.05,N,0
18.84753,80.62581,309.02,0.39,0.36,2021-03-24,2016,N20,VIIRS,n,2,294.95,1.21,N,0
18.84851,80.64095,303.59,0.39,0.36,2021-03-24,2016,N20,VIIRS,n,2,293.26,0.71,N,0
18.85083,80.62638,306.69,0.39,0.36,2021-03-24,2016,N20,VIIRS,n,2,294.46,0.79,N,0
18.85087,81.09167,305.91,0.39,0.36,2021-03-24,2016,N20,VIIRS,n,2,294.58,1.03,N,0
18.85136,80.55936,307.12,0.39,0.36,2021-03-24,2016,N20,VIIRS,n,2,295.23,1.05,N,0
18.8518,80.64153,309.33,0.39,0.36,2021-03-24,2016,N20,VIIRS,n,2,294.74,0.71,N,0
18.85239,80.63789,304.62,0.39,0.36,2021-03-24,2016,N20,VIIRS,n,2,293.69,1.29,N,0
18.85297,80.63424,321.75,0.39,0.36,2021-03-24,2016,N20,VIIRS,n,2,295.07,1.29,N,0
18.85355,80.6306,304.31,0.39,0.36,2021-03-24,2016,N20,VIIRS,n,2,293.92,0.79,N,0
18.85465,80.55993,320.6,0.39,0.36,2021-03-24,2016,N20,VIIRS,n,2,296.43,2.25,N,0
18.85539,80.53403,307.88,0.39,0.36,2021-03-24,2016,N20,VIIRS,n,2,295.87,1.53,N,0
18.85568,80.63847,305.69,0.39,0.36,2021-03-24,2016,N20,VIIRS,n,2,294.16,0.63,N,0
18.85898,80.63905,310.73,0.39,0.36,2021-03-24,2016,N20,VIIRS,n,2,294.39,0.63,N,0
18.8591,81.18802,314.0,0.39,0.36,2021-03-24,2016,N20,VIIRS,n,2,295.98,1.47,N,0
18.8597,81.18436,311.7,0.39,0.36,2021-03-24,2016,N20,VIIRS,n,2,294.92,1.47,N,0
18.86228,80.63963,304.65,0.39,0.36,2021-03-24,2016,N20,VIIRS,n,2,293.85,0.52,N,0
18.86272,80.50928,309.08,0.39,0.36,2021-03-24,2016,N20,VIIRS,n,2,294.89,1.48,N,0
18.86442,80.64748,313.06,0.39,0.36,2021-03-24,2016,N20,VIIRS,n,2,294.41,1.3,N,0
18.86478,81.13209,310.84,0.39,0.36,2021-03-24,2016,N20,VIIRS,n,2,294.84,1.79,N,0
18.86774,80.49899,313.78,0.39,0.36,2021-03-24,2016,N20,VIIRS,n,2,295.69,1.45,N,0
18.8702,80.4622,309.15,0.39,0.36,2021-03-24,2016,N20,VIIRS,n,2,294.55,0.81,N,0
18.87408,80.45914,306.71,0.38,0.36,2021-03-24,2016,N20,VIIRS,n,2,295.06,0.81,N,0
18.87418,80.52238,311.43,0.39,0.36,2021-03-24,2016,N20,VIIRS,n,2,296.37,1.04,N,0
18.87476,80.51877,305.79,0.39,0.36,2021-03-24,2016,N20,VIIRS,n,2,294.79,1.04,N,0
18.8769,80.52656,314.57,0.39,0.36,2021-03-24,2016,N20,VIIRS,n,2,295.72,2.55,N,0
18.87748,80.52294,315.36,0.39,0.36,2021-03-24,2016,N20,VIIRS,n,2,296.3,1.04,N,0
18.87921,79.62434,307.18,0.39,0.36,2021-03-24,2016,N20,VIIRS,n,2,290.74,1.85,N,0
18.88054,80.11842,314.64,0.38,0.36,2021-03-24,2016,N20,VIIRS,n,2,294.91,1.54,N,0
18.88195,79.62854,333.32,0.39,0.36,2021-03-24,2016,N20,VIIRS,n,2,295.25,3.26,N,0
18.88348,80.6583,308.1,0.39,0.36,2021-03-24,2016,N20,VIIRS,n,2,295.78,1.36,N,0
18.88525,79.6291,309.12,0.39,0.36,2021-03-24,2016,N20,VIIRS,n,2,293.55,1.46,N,0
18.88581,79.62548,312.43,0.39,0.36,2021-03-24,2016,N20,VIIRS,n,2,292.74,1.41,N,0
18.88911,79.62603,321.37,0.39,0.36,2021-03-24,2016,N20,VIIRS,n,2,293.95,1.41,N,0
18.88924,80.23504,307.16,0.38,0.36,2021-03-24,2016,N20,VIIRS,n,2,294.33,0.65,N,0
18.88981,80.23142,303.79,0.38,0.36,2021-03-24,2016,N20,VIIRS,n,2,293.7,0.65,N,0
18.891,80.39514,305.74,0.38,0.36,2021-03-24,2016,N20,VIIRS,n,2,293.06,0.89,N,0
18.89241,79.62659,310.84,0.39,0.36,2021-03-24,2016,N20,VIIRS,n,2,290.12,0.95,N,0
18.89988,80.38183,306.43,0.38,0.36,2021-03-24,2016,N20,VIIRS,n,2,294.94,1.15,N,0
18.90228,80.58325,304.76,0.39,0.36,2021-03-24,2016,N20,VIIRS,n,2,293.04,0.72,N,0
18.90904,79.58467,307.03,0.39,0.36,2021-03-24,2016,N20,VIIRS,n,2,292.87,0.82,N,0
18.91122,80.69682,310.91,0.39,0.36,2021-03-24,2016,N20,VIIRS,n,2,294.68,1.44,N,0
18.91156,80.52522,308.22,0.39,0.36,2021-03-24,2016,N20,VIIRS,n,2,294.19,1.68,N,0
18.9176,80.59341,307.35,0.39,0.36,2021-03-24,2016,N20,VIIRS,n,2,294.02,0.77,N,0
18.91872,80.52275,316.22,0.39,0.36,2021-03-24,2016,N20,VIIRS,n,2,296.28,1.75,N,0
18.9193,80.51913,323.24,0.39,0.36,2021-03-24,2016,N20,VIIRS,n,2,295.87,1.75,N,0
18.92166,80.56803,305.84,0.39,0.36,2021-03-24,2016,N20,VIIRS,n,2,292.75,0.84,N,0
18.92259,80.51971,322.08,0.39,0.36,2021-03-24,2016,N20,VIIRS,n,2,295.38,1.4,N,0
18.92589,80.52029,305.14,0.39,0.36,2021-03-24,2016,N20,VIIRS,n,2,294.71,1.4,N,0
18.92833,81.07497,305.95,0.39,0.36,2021-03-24,2016,N20,VIIRS,n,2,295.05,0.73,N,0
18.92877,80.50217,314.94,0.39,0.36,2021-03-24,2016,N20,VIIRS,n,2,295.72,2.35,N,0
18.92918,80.52087,310.2,0.39,0.36,2021-03-24,2016,N20,VIIRS,n,2,295.67,1.43,N,0
18.93128,80.37988,306.92,0.38,0.36,2021-03-24,2016,N20,VIIRS,n,2,295.31,1.27,N,0
18.93158,81.03407,307.1,0.39,0.36,2021-03-24,2016,N20,VIIRS,n,2,295.19,1.38,N,0
18.93207,80.50275,306.21,0.39,0.36,2021-03-24,2016,N20,VIIRS,n,2,295.56,1.01,N,0
18.93265,80.49912,310.46,0.39,0.36,2021-03-24,2016,N20,VIIRS,n,2,295.75,1.01,N,0
18.93285,80.39129,313.14,0.38,0.36,2021-03-24,2016,N20,VIIRS,n,2,295.82,1.6,N,0
18.9338,80.49186,311.85,0.39,0.36,2021-03-24,2016,N20,VIIRS,n,2,294.44,1.41,N,0
18.93438,80.48824,315.27,0.39,0.36,2021-03-24,2016,N20,VIIRS,n,2,296.34,1.22,N,0
18.93495,80.48462,309.0,0.39,0.36,2021-03-24,2016,N20,VIIRS,n,2,294.52,1.22,N,0
18.93699,78.90807,298.15,0.39,0.37,2021-03-24,2016,N20,VIIRS,n,2,277.2,0.39,N,0
18.937,78.97656,309.07,0.39,0.36,2021-03-24,2016,N20,VIIRS,n,2,289.75,1.18,N,0
18.9383,80.39966,312.53,0.38,0.36,2021-03-24,2016,N20,VIIRS,n,2,296.66,1.38,N,0
18.93887,80.39605,309.37,0.38,0.36,2021-03-24,2016,N20,VIIRS,n,2,296.38,1.38,N,0
18.94033,78.90865,306.14,0.39,0.37,2021-03-24,2016,N20,VIIRS,n,2,278.73,0.43,N,0
18.94097,81.08109,303.56,0.39,0.36,2021-03-24,2016,N20,VIIRS,n,2,293.12,1.12,N,0
18.94112,80.46712,312.81,0.38,0.36,2021-03-24,2016,N20,VIIRS,n,2,294.6,1.61,N,0
18.9412,80.53047,323.55,0.39,0.36,2021-03-24,2016,N20,VIIRS,n,2,294.23,2.19,N,0
18.94159,80.40022,308.33,0.38,0.36,2021-03-24,2016,N20,VIIRS,n,2,295.16,1.7,N,0
18.94177,80.52685,309.84,0.39,0.36,2021-03-24,2016,N20,VIIRS,n,2,293.52,1.0,N,0
18.94235,80.52321,309.39,0.39,0.36,2021-03-24,2016,N20,VIIRS,n,2,294.77,1.0,N,0
18.94477,80.63551,307.87,0.39,0.36,2021-03-24,2016,N20,VIIRS,n,2,294.94,0.76,N,0
18.94765,81.12386,313.11,0.39,0.36,2021-03-24,2016,N20,VIIRS,n,2,295.73,1.09,N,0
18.94807,80.63609,306.37,0.39,0.36,2021-03-24,2016,N20,VIIRS,n,2,295.35,0.76,N,0
18.95097,81.12448,308.76,0.39,0.36,2021-03-24,2016,N20,VIIRS,n,2,295.27,1.09,N,0
18.9521,81.07558,308.66,0.39,0.36,2021-03-24,2016,N20,VIIRS,n,2,294.51,0.87,N,0
18.95499,80.05334,319.23,0.38,0.36,2021-03-24,2016,N20,VIIRS,n,2,294.78,1.96,N,0
18.95761,77.36137,303.45,0.44,0.38,2021-03-24,2016,N20,VIIRS,n,2,293.02,1.19,N,0
18.96221,80.35549,307.64,0.38,0.36,2021-03-24,2016,N20,VIIRS,n,2,294.88,1.7,N,0
18.96334,80.43381,306.55,0.38,0.36,2021-03-24,2016,N20,VIIRS,n,2,293.95,0.67,N,0
18.96391,80.4302,303.73,0.38,0.36,2021-03-24,2016,N20,VIIRS,n,2,292.69,0.67,N,0
18.96588,81.03268,305.85,0.39,0.36,2021-03-24,2016,N20,VIIRS,n,2,293.88,0.86,N,0
18.96663,80.43438,305.58,0.38,0.36,2021-03-24,2016,N20,VIIRS,n,2,294.15,0.67,N,0
18.96992,80.43495,324.52,0.38,0.36,2021-03-24,2016,N20,VIIRS,n,2,296.17,2.09,N,0
18.97165,80.4241,304.08,0.38,0.36,2021-03-24,2016,N20,VIIRS,n,2,292.61,1.1,N,0
18.97322,80.43552,320.43,0.38,0.36,2021-03-24,2016,N20,VIIRS,n,2,296.08,2.09,N,0
18.97337,80.41324,307.87,0.38,0.36,2021-03-24,2016,N20,VIIRS,n,2,293.49,0.76,N,0
18.97823,80.42524,308.14,0.38,0.36,2021-03-24,2016,N20,VIIRS,n,2,295.08,1.03,N,0
18.97923,80.44031,312.87,0.38,0.36,2021-03-24,2016,N20,VIIRS,n,2,294.27,1.99,N,0
18.98405,81.32046,310.87,0.39,0.37,2021-03-24,2016,N20,VIIRS,n,2,293.89,0.8,N,0
18.9843,80.75034,311.04,0.39,0.36,2021-03-24,2016,N20,VIIRS,n,2,294.77,1.78,N,0
18.98539,80.42277,315.89,0.38,0.36,2021-03-24,2016,N20,VIIRS,n,2,294.86,1.71,N,0
18.98581,80.44145,306.66,0.38,0.36,2021-03-24,2016,N20,VIIRS,n,2,293.91,1.41,N,0
18.98738,80.4529,303.32,0.38,0.36,2021-03-24,2016,N20,VIIRS,n,2,292.63,0.97,N,0
18.98738,81.32104,303.39,0.39,0.37,2021-03-24,2016,N20,VIIRS,n,2,292.87,0.8,N,0
18.98754,80.43058,311.44,0.38,0.36,2021-03-24,2016,N20,VIIRS,n,2,294.82,1.53,N,0
18.98811,80.42696,319.62,0.38,0.36,2021-03-24,2016,N20,VIIRS,n,2,296.04,1.53,N,0
18.98868,80.42335,333.35,0.38,0.36,2021-03-24,2016,N20,VIIRS,n,2,297.67,1.71,N,0
18.98926,80.41973,305.3,0.38,0.36,2021-03-24,2016,N20,VIIRS,n,2,294.15,1.71,N,0
18.99026,80.43478,314.5,0.38,0.36,2021-03-24,2016,N20,VIIRS,n,2,295.77,1.63,N,0
18.99083,80.43115,330.67,0.38,0.36,2021-03-24,2016,N20,VIIRS,n,2,297.16,3.62,N,0
18.99297,80.43897,315.76,0.38,0.36,2021-03-24,2016,N20,VIIRS,n,2,296.39,1.63,N,0
18.99355,80.43536,318.64,0.38,0.36,2021-03-24,2016,N20,VIIRS,n,2,296.76,1.63,N,0
18.99627,80.43955,306.74,0.38,0.36,2021-03-24,2016,N20,VIIRS,n,2,295.29,1.01,N,0
18.99657,81.49097,304.93,0.4,0.37,2021-03-24,2016,N20,VIIRS,n,2,293.92,0.66,N,0
18.99981,80.73824,308.65,0.39,0.36,2021-03-24,2016,N20,VIIRS,n,2,295.28,1.51,N,0
19.00013,80.43651,305.71,0.38,0.36,2021-03-24,2016,N20,VIIRS,n,2,294.46,1.01,N,0
19.00056,80.77582,315.92,0.39,0.36,2021-03-24,2016,N20,VIIRS,n,2,296.21,2.02,N,0
19.0006,80.06867,311.56,0.38,0.36,2021-03-24,2016,N20,VIIRS,n,2,295.54,2.49,N,0
19.00117,80.06506,327.0,0.38,0.36,2021-03-24,2016,N20,VIIRS,n,2,298.63,2.49,N,0
19.00155,80.47028,311.27,0.38,0.36,2021-03-24,2016,N20,VIIRS,n,2,295.05,1.54,N,0
19.0017,80.44795,318.32,0.38,0.36,2021-03-24,2016,N20,VIIRS,n,2,295.86,2.19,N,0
19.00173,80.06144,338.85,0.38,0.36,2021-03-24,2016,N20,VIIRS,n,2,301.22,5.81,N,0
19.00389,80.06924,309.81,0.38,0.36,2021-03-24,2016,N20,VIIRS,n,2,296.01,2.49,N,0
19.00502,80.06201,327.21,0.38,0.36,2021-03-24,2016,N20,VIIRS,n,2,298.64,5.81,N,0
19.00557,80.4449,325.95,0.38,0.36,2021-03-24,2016,N20,VIIRS,n,2,296.92,2.19,N,0
19.00672,80.43767,305.48,0.38,0.36,2021-03-24,2016,N20,VIIRS,n,2,294.72,1.12,N,0
19.00796,80.62391,306.75,0.39,0.36,2021-03-24,2016,N20,VIIRS,n,2,295.32,1.49,N,0
19.00886,80.44548,318.67,0.38,0.36,2021-03-24,2016,N20,VIIRS,n,2,297.31,1.62,N,0
19.00944,80.44186,308.94,0.38,0.36,2021-03-24,2016,N20,VIIRS,n,2,295.29,1.36,N,0
19.01058,80.43462,311.97,0.38,0.36,2021-03-24,2016,N20,VIIRS,n,2,294.56,1.51,N,0
19.01184,80.62086,313.93,0.39,0.36,2021-03-24,2016,N20,VIIRS,n,2,295.3,1.47,N,0
19.01216,80.44606,311.08,0.38,0.36,2021-03-24,2016,N20,VIIRS,n,2,296.89,1.62,N,0
19.01273,80.44244,308.92,0.38,0.36,2021-03-24,2016,N20,VIIRS,n,2,296.19,1.36,N,0
19.0143,80.45391,311.35,0.38,0.36,2021-03-24,2016,N20,VIIRS,n,2,294.95,1.36,N,0
19.01545,80.44665,325.96,0.38,0.36,2021-03-24,2016,N20,VIIRS,n,2,297.52,3.41,N,0
19.01602,80.44302,309.83,0.38,0.36,2021-03-24,2016,N20,VIIRS,n,2,296.12,2.36,N,0
19.01622,81.28801,307.63,0.39,0.36,2021-03-24,2016,N20,VIIRS,n,2,293.9,0.95,N,0
19.0184,80.23524,303.82,0.38,0.36,2021-03-24,2016,N20,VIIRS,n,2,293.64,1.09,N,0
19.01954,80.22801,319.52,0.38,0.36,2021-03-24,2016,N20,VIIRS,n,2,295.72,2.11,N,0
19.01954,81.28861,304.32,0.39,0.36,2021-03-24,2016,N20,VIIRS,n,2,293.61,0.95,N,0
19.02252,80.44758,303.67,0.38,0.36,2021-03-24,2016,N20,VIIRS,n,2,293.46,0.72,N,0
19.0234,80.22496,309.37,0.38,0.36,2021-03-24,2016,N20,VIIRS,n,2,295.65,1.31,N,0
19.02403,80.30685,314.71,0.38,0.36,2021-03-24,2016,N20,VIIRS,n,2,295.88,2.01,N,0
19.02942,80.22972,306.85,0.38,0.36,2021-03-24,2016,N20,VIIRS,n,2,294.22,0.9,N,0
19.03271,80.2303,307.66,0.38,0.36,2021-03-24,2016,N20,VIIRS,n,2,294.87,0.9,N,0
19.03328,80.22668,315.75,0.38,0.36,2021-03-24,2016,N20,VIIRS,n,2,295.12,0.9,N,0
19.041,80.22059,305.18,0.38,0.36,2021-03-24,2016,N20,VIIRS,n,2,294.3,1.0,N,0
19.04157,80.21697,304.94,0.38,0.36,2021-03-24,2016,N20,VIIRS,n,2,294.26,0.88,N,0
19.04183,81.48746,305.44,0.4,0.37,2021-03-24,2016,N20,VIIRS,n,2,293.58,0.72,N,0
19.04609,81.46144,310.12,0.4,0.37,2021-03-24,2016,N20,VIIRS,n,2,295.28,1.74,N,0
19.04821,81.42748,303.7,0.4,0.37,2021-03-24,2016,N20,VIIRS,n,2,292.33,0.41,N,0
19.05028,80.95359,310.84,0.39,0.36,2021-03-24,2016,N20,VIIRS,n,2,294.16,0.91,N,0
19.05462,78.86969,301.7,0.4,0.37,2021-03-24,2016,N20,VIIRS,n,2,282.5,0.95,N,0
19.0558,81.44405,310.48,0.4,0.37,2021-03-24,2016,N20,VIIRS,n,2,295.06,1.4,N,0
19.05778,81.11713,307.36,0.39,0.36,2021-03-24,2016,N20,VIIRS,n,2,295.2,0.97,N,0
19.0582,81.21943,317.68,0.39,0.36,2021-03-24,2016,N20,VIIRS,n,2,295.83,2.45,N,0
19.05842,80.96631,308.7,0.39,0.36,2021-03-24,2016,N20,VIIRS,n,2,294.34,0.91,N,0
19.0588,81.21578,320.73,0.39,0.36,2021-03-24,2016,N20,VIIRS,n,2,295.67,2.01,N,0
19.05884,80.17166,309.33,0.38,0.36,2021-03-24,2016,N20,VIIRS,n,2,293.04,1.17,N,0
19.06399,81.45692,305.53,0.4,0.37,2021-03-24,2016,N20,VIIRS,n,2,294.36,0.61,N,0
19.06816,81.2212,306.16,0.39,0.36,2021-03-24,2016,N20,VIIRS,n,2,293.64,1.27,N,0
19.06935,81.17194,307.23,0.39,0.36,2021-03-24,2016,N20,VIIRS,n,2,294.91,1.25,N,0
19.07312,80.17008,302.68,0.38,0.36,2021-03-24,2016,N20,VIIRS,n,2,292.61,0.46,N,0
19.07458,79.34681,307.3,0.39,0.36,2021-03-24,2016,N20,VIIRS,n,2,291.7,1.78,N,0
19.07789,79.34732,307.15,0.39,0.36,2021-03-24,2016,N20,VIIRS,n,2,292.9,1.59,N,0
19.08017,80.89494,306.64,0.39,0.36,2021-03-24,2016,N20,VIIRS,n,2,295.64,1.45,N,0
19.08512,80.94849,307.71,0.39,0.36,2021-03-24,2016,N20,VIIRS,n,2,295.29,1.26,N,0
19.08522,80.26513,311.59,0.38,0.36,2021-03-24,2016,N20,VIIRS,n,2,295.2,1.58,N,0
19.08891,81.48721,305.93,0.4,0.37,2021-03-24,2016,N20,VIIRS,n,2,293.52,0.99,N,0
19.08987,81.46061,304.83,0.4,0.37,2021-03-24,2016,N20,VIIRS,n,2,292.97,0.81,N,0
19.09066,80.89311,311.15,0.39,0.36,2021-03-24,2016,N20,VIIRS,n,2,295.42,1.69,N,0
19.09549,81.34325,307.06,0.39,0.36,2021-03-24,2016,N20,VIIRS,n,2,292.11,0.7,N,0
19.09801,79.89965,303.58,0.38,0.36,2021-03-24,2016,N20,VIIRS,n,2,291.94,0.52,N,0
19.09906,78.54554,309.86,0.4,0.37,2021-03-24,2016,N20,VIIRS,n,2,289.6,0.72,N,0
19.10004,79.09047,298.34,0.39,0.36,2021-03-24,2016,N20,VIIRS,n,2,272.51,0.74,N,0
19.10385,80.44697,307.2,0.38,0.36,2021-03-24,2016,N20,VIIRS,n,2,294.58,1.02,N,0
19.10886,81.20193,315.13,0.39,0.36,2021-03-24,2016,N20,VIIRS,n,2,296.1,1.73,N,0
19.10967,80.6269,320.43,0.39,0.36,2021-03-24,2016,N20,VIIRS,n,2,297.26,2.6,N,0
19.11025,80.62328,316.19,0.39,0.36,2021-03-24,2016,N20,VIIRS,n,2,295.97,1.79,N,0
19.11101,81.20969,306.23,0.39,0.36,2021-03-24,2016,N20,VIIRS,n,2,294.55,1.17,N,0
19.1116,81.20611,315.78,0.39,0.36,2021-03-24,2016,N20,VIIRS,n,2,295.79,1.17,N,0
19.11339,79.06995,297.05,0.39,0.36,2021-03-24,2016,N20,VIIRS,n,2,269.54,0.23,N,0
19.11945,80.88317,309.21,0.39,0.36,2021-03-24,2016,N20,VIIRS,n,2,294.66,1.27,N,0
19.1195,80.81945,306.53,0.39,0.36,2021-03-24,2016,N20,VIIRS,n,2,294.66,0.94,N,0
19.11956,80.62866,307.29,0.39,0.36,2021-03-24,2016,N20,VIIRS,n,2,294.96,1.12,N,0
19.12003,80.87955,304.16,0.39,0.36,2021-03-24,2016,N20,VIIRS,n,2,293.3,0.57,N,0
19.12392,81.33694,307.95,0.39,0.36,2021-03-24,2016,N20,VIIRS,n,2,291.61,0.88,N,0
19.12398,81.25311,305.41,0.39,0.36,2021-03-24,2016,N20,VIIRS,n,2,292.9,1.01,N,0
19.12458,81.24942,303.71,0.39,0.36,2021-03-24,2016,N20,VIIRS,n,2,293.21,0.79,N,0
19.12681,80.08647,305.78,0.38,0.36,2021-03-24,2016,N20,VIIRS,n,2,293.95,0.8,N,0
19.12941,78.6899,314.72,0.4,0.37,2021-03-24,2016,N20,VIIRS,n,2,284.4,1.32,N,0
19.12997,78.68613,318.21,0.4,0.37,2021-03-24,2016,N20,VIIRS,n,2,283.26,1.32,N,0
19.13264,81.43011,313.92,0.4,0.37,2021-03-24,2016,N20,VIIRS,n,2,293.28,1.28,N,0
19.13302,81.32325,309.97,0.39,0.36,2021-03-24,2016,N20,VIIRS,n,2,293.55,1.58,N,0
19.13325,81.4264,308.8,0.4,0.37,2021-03-24,2016,N20,VIIRS,n,2,293.39,1.3,N,0
19.1339,80.62372,305.68,0.39,0.36,2021-03-24,2016,N20,VIIRS,n,2,294.12,1.19,N,0
19.13518,80.91215,317.8,0.39,0.36,2021-03-24,2016,N20,VIIRS,n,2,296.18,1.36,N,0
19.13549,81.22456,306.43,0.39,0.36,2021-03-24,2016,N20,VIIRS,n,2,293.88,1.5,N,0
19.13577,80.9085,305.97,0.39,0.36,2021-03-24,2016,N20,VIIRS,n,2,295.53,1.36,N,0
19.13634,81.32385,316.48,0.39,0.36,2021-03-24,2016,N20,VIIRS,n,2,294.47,1.58,N,0
19.13657,81.42704,315.51,0.4,0.37,2021-03-24,2016,N20,VIIRS,n,2,293.21,1.13,N,0
19.1384,81.4159,314.34,0.4,0.37,2021-03-24,2016,N20,VIIRS,n,2,293.91,1.26,N,0
19.13929,81.09665,315.3,0.39,0.36,2021-03-24,2016,N20,VIIRS,n,2,295.11,1.51,N,0
19.13967,81.32447,305.84,0.39,0.36,2021-03-24,2016,N20,VIIRS,n,2,292.37,0.58,N,0
19.13987,81.46973,306.17,0.4,0.37,2021-03-24,2016,N20,VIIRS,n,2,292.26,1.27,N,0
19.14296,80.90602,307.77,0.39,0.36,2021-03-24,2016,N20,VIIRS,n,2,295.41,1.59,N,0
19.14341,78.66518,318.75,0.4,0.37,2021-03-24,2016,N20,VIIRS,n,2,284.94,1.71,N,0
19.14475,81.43995,304.39,0.4,0.37,2021-03-24,2016,N20,VIIRS,n,2,292.96,0.73,N,0
19.14541,81.31026,306.18,0.39,0.36,2021-03-24,2016,N20,VIIRS,n,2,292.0,1.27,N,0
19.14677,78.66573,323.55,0.4,0.37,2021-03-24,2016,N20,VIIRS,n,2,285.08,1.94,N,0
19.15069,78.66251,308.05,0.4,0.37,2021-03-24,2016,N20,VIIRS,n,2,284.52,0.87,N,0
19.15139,79.99407,307.79,0.38,0.36,2021-03-24,2016,N20,VIIRS,n,2,292.89,0.6,N,0
19.15397,80.96445,312.02,0.39,0.36,2021-03-24,2016,N20,VIIRS,n,2,295.4,1.82,N,0
19.15735,80.90099,307.76,0.39,0.36,2021-03-24,2016,N20,VIIRS,n,2,295.45,2.01,N,0
19.15745,80.964,316.19,0.39,0.36,2021-03-24,2016,N20,VIIRS,n,2,296.49,1.57,N,0
19.15932,81.22507,307.33,0.39,0.36,2021-03-24,2016,N20,VIIRS,n,2,294.77,0.89,N,0
19.16077,80.96454,308.48,0.39,0.36,2021-03-24,2016,N20,VIIRS,n,2,295.51,1.57,N,0
19.16141,79.82083,300.38,0.38,0.36,2021-03-24,2016,N20,VIIRS,n,2,289.42,0.22,N,0
19.16408,80.9651,307.48,0.39,0.36,2021-03-24,2016,N20,VIIRS,n,2,295.17,1.67,N,0
19.1655,80.93533,306.42,0.39,0.36,2021-03-24,2016,N20,VIIRS,n,2,295.11,2.12,N,0
19.16609,80.65557,303.5,0.39,0.36,2021-03-24,2016,N20,VIIRS,n,2,293.25,0.74,N,0
19.16882,80.93583,312.78,0.39,0.36,2021-03-24,2016,N20,VIIRS,n,2,295.39,1.25,N,0
19.16912,78.13517,306.23,0.41,0.37,2021-03-24,2016,N20,VIIRS,n,2,295.12,1.19,N,0
19.16997,79.14407,303.2,0.39,0.36,2021-03-24,2016,N20,VIIRS,n,2,283.74,0.68,N,0
19.17154,80.94006,310.83,0.39,0.36,2021-03-24,2016,N20,VIIRS,n,2,295.22,1.25,N,0
19.17213,80.93639,306.68,0.39,0.36,2021-03-24,2016,N20,VIIRS,n,2,295.14,1.25,N,0
19.17718,81.43043,306.68,0.4,0.37,2021-03-24,2016,N20,VIIRS,n,2,294.52,0.93,N,0
19.1797,80.74026,307.77,0.39,0.36,2021-03-24,2016,N20,VIIRS,n,2,292.85,0.71,N,0
19.19394,80.28784,310.78,0.38,0.36,2021-03-24,2016,N20,VIIRS,n,2,293.49,1.14,N,0
19.20144,79.84638,305.11,0.38,0.36,2021-03-24,2016,N20,VIIRS,n,2,289.15,0.85,N,0
19.2037,79.83184,309.03,0.38,0.36,2021-03-24,2016,N20,VIIRS,n,2,291.44,1.51,N,0
19.20466,80.13348,313.65,0.38,0.36,2021-03-24,2016,N20,VIIRS,n,2,293.16,1.28,N,0
19.20512,80.15215,306.15,0.38,0.36,2021-03-24,2016,N20,VIIRS,n,2,292.0,0.63,N,0
19.20642,79.83606,314.68,0.38,0.36,2021-03-24,2016,N20,VIIRS,n,2,292.14,1.07,N,0
19.20699,79.83241,306.61,0.38,0.36,2021-03-24,2016,N20,VIIRS,n,2,289.9,1.07,N,0
19.21967,80.80994,312.57,0.39,0.36,2021-03-24,2016,N20,VIIRS,n,2,297.08,1.82,N,0
19.21996,79.19348,296.77,0.39,0.36,2021-03-24,2016,N20,VIIRS,n,2,274.53,0.61,N,0
19.22004,79.03854,307.08,0.39,0.36,2021-03-24,2016,N20,VIIRS,n,2,284.43,1.05,N,0
19.22123,80.11404,304.17,0.38,0.36,2021-03-24,2016,N20,VIIRS,n,2,293.15,0.79,N,0
19.22428,78.7363,307.51,0.4,0.37,2021-03-24,2016,N20,VIIRS,n,2,288.7,0.49,N,0
19.22708,78.74061,320.43,0.4,0.37,2021-03-24,2016,N20,VIIRS,n,2,288.77,2.29,N,0
19.22764,78.73684,303.85,0.4,0.37,2021-03-24,2016,N20,VIIRS,n,2,287.49,0.49,N,0
19.22787,79.83228,302.69,0.38,0.36,2021-03-24,2016,N20,VIIRS,n,2,287.78,0.78,N,0
19.22931,78.74869,303.0,0.4,0.37,2021-03-24,2016,N20,VIIRS,n,2,289.56,0.45,N,0
19.23414,80.26881,305.57,0.38,0.36,2021-03-24,2016,N20,VIIRS,n,2,295.08,1.13,N,0
19.23539,79.27161,296.34,0.39,0.36,2021-03-24,2016,N20,VIIRS,n,2,277.36,0.72,N,0
19.23743,80.26939,315.32,0.38,0.36,2021-03-24,2016,N20,VIIRS,n,2,294.39,1.13,N,0
19.238,80.26576,305.1,0.38,0.36,2021-03-24,2016,N20,VIIRS,n,2,294.15,1.2,N,0
19.24263,80.40802,304.79,0.38,0.36,2021-03-24,2016,N20,VIIRS,n,2,293.15,0.88,N,0
19.25971,80.10583,304.22,0.38,0.36,2021-03-24,2016,N20,VIIRS,n,2,291.21,0.71,N,0
19.26433,80.27036,321.87,0.38,0.36,2021-03-24,2016,N20,VIIRS,n,2,297.52,2.4,N,0
19.26471,80.09554,309.71,0.38,0.36,2021-03-24,2016,N20,VIIRS,n,2,292.07,0.85,N,0
19.26827,80.2701,305.43,0.38,0.36,2021-03-24,2016,N20,VIIRS,n,2,294.88,1.17,N,0
19.28662,80.77313,308.49,0.39,0.36,2021-03-24,2016,N20,VIIRS,n,2,294.69,1.35,N,0
19.2903,80.72891,310.53,0.39,0.36,2021-03-24,2016,N20,VIIRS,n,2,295.29,1.64,N,0
19.2909,80.83377,304.33,0.39,0.36,2021-03-24,2016,N20,VIIRS,n,2,292.03,0.37,N,0
19.29265,79.09569,301.89,0.39,0.36,2021-03-24,2016,N20,VIIRS,n,2,283.52,0.63,N,0
19.2936,80.72945,313.76,0.39,0.36,2021-03-24,2016,N20,VIIRS,n,2,296.73,1.64,N,0
19.2969,80.73001,307.89,0.39,0.36,2021-03-24,2016,N20,VIIRS,n,2,295.69,1.34,N,0
19.29841,78.01488,315.91,0.42,0.38,2021-03-24,2016,N20,VIIRS,n,2,294.38,1.67,N,0
19.30004,80.2831,309.1,0.38,0.36,2021-03-24,2016,N20,VIIRS,n,2,292.89,0.93,N,0
19.30019,80.73058,309.45,0.39,0.36,2021-03-24,2016,N20,VIIRS,n,2,295.52,1.34,N,0
19.31363,80.81905,307.88,0.39,0.36,2021-03-24,2016,N20,VIIRS,n,2,293.99,0.77,N,0
19.3145,78.5798,305.81,0.4,0.37,2021-03-24,2016,N20,VIIRS,n,2,293.27,0.9,N,0
19.31834,80.25278,303.52,0.38,0.36,2021-03-24,2016,N20,VIIRS,n,2,292.53,0.52,N,0
19.31891,80.24915,303.89,0.38,0.36,2021-03-24,2016,N20,VIIRS,n,2,292.71,0.81,N,0
19.32203,80.74557,307.5,0.39,0.36,2021-03-24,2016,N20,VIIRS,n,2,296.69,1.62,N,0
19.32856,78.7646,307.63,0.4,0.37,2021-03-24,2016,N20,VIIRS,n,2,284.05,0.73,N,0
19.33082,78.63309,307.6,0.4,0.37,2021-03-24,2016,N20,VIIRS,n,2,293.51,0.66,N,0
19.33138,78.72244,308.31,0.4,0.37,2021-03-24,2016,N20,VIIRS,n,2,288.2,0.53,N,0
19.33151,80.72868,310.69,0.39,0.36,2021-03-24,2016,N20,VIIRS,n,2,294.46,1.19,N,0
19.33256,79.7682,304.19,0.39,0.36,2021-03-24,2016,N20,VIIRS,n,2,292.23,1.01,N,0
19.33554,77.87838,303.45,0.42,0.38,2021-03-24,2016,N20,VIIRS,n,2,293.2,1.32,N,0
19.33612,77.87432,306.98,0.42,0.38,2021-03-24,2016,N20,VIIRS,n,2,292.14,0.85,N,0
19.34141,80.79393,308.45,0.39,0.36,2021-03-24,2016,N20,VIIRS,n,2,295.3,1.28,N,0
19.3455,79.01714,295.94,0.39,0.36,2021-03-24,2016,N20,VIIRS,n,2,277.1,0.07,N,0
19.34693,80.02693,304.34,0.38,0.36,2021-03-24,2016,N20,VIIRS,n,2,289.09,0.81,N,0
19.34714,79.82941,301.17,0.39,0.36,2021-03-24,2016,N20,VIIRS,n,2,286.96,0.77,N,0
19.3477,79.82577,311.64,0.39,0.36,2021-03-24,2016,N20,VIIRS,n,2,287.88,0.77,N,0
19.34867,80.12404,302.93,0.38,0.36,2021-03-24,2016,N20,VIIRS,n,2,285.21,0.54,N,0
19.34909,80.03476,305.3,0.38,0.36,2021-03-24,2016,N20,VIIRS,n,2,288.33,0.52,N,0
19.34966,80.03113,315.11,0.38,0.36,2021-03-24,2016,N20,VIIRS,n,2,291.8,0.81,N,0
19.35022,80.0275,304.11,0.38,0.36,2021-03-24,2016,N20,VIIRS,n,2,290.89,0.81,N,0
19.35099,79.82632,316.86,0.39,0.36,2021-03-24,2016,N20,VIIRS,n,2,286.61,0.88,N,0
19.35253,80.12098,298.64,0.38,0.36,2021-03-24,2016,N20,VIIRS,n,2,280.24,0.81,N,0
19.35293,79.90128,300.47,0.38,0.36,2021-03-24,2016,N20,VIIRS,n,2,288.38,0.31,N,0
19.35454,80.60564,308.46,0.39,0.36,2021-03-24,2016,N20,VIIRS,n,2,297.17,0.97,N,0
19.35512,80.60202,307.45,0.39,0.36,2021-03-24,2016,N20,VIIRS,n,2,294.22,0.97,N,0
19.356,78.71885,319.85,0.4,0.37,2021-03-24,2016,N20,VIIRS,n,2,292.03,1.28,N,0
19.35841,80.60261,312.67,0.39,0.36,2021-03-24,2016,N20,VIIRS,n,2,295.85,1.42,N,0
19.35855,80.12576,298.35,0.38,0.36,2021-03-24,2016,N20,VIIRS,n,2,279.33,0.9,N,0
19.35896,79.90605,304.97,0.38,0.36,2021-03-24,2016,N20,VIIRS,n,2,287.3,0.51,N,0
19.35946,80.74471,307.59,0.39,0.36,2021-03-24,2016,N20,VIIRS,n,2,295.51,1.12,N,0
19.36895,80.72771,306.29,0.39,0.36,2021-03-24,2016,N20,VIIRS,n,2,295.69,1.39,N,0
19.37433,78.14317,304.63,0.41,0.37,2021-03-24,2016,N20,VIIRS,n,2,293.41,0.7,N,0
19.37708,79.07565,302.89,0.39,0.36,2021-03-24,2016,N20,VIIRS,n,2,285.11,0.68,N,0
19.37816,80.04351,310.6,0.38,0.36,2021-03-24,2016,N20,VIIRS,n,2,290.25,1.06,N,0
19.37873,80.03989,312.44,0.38,0.36,2021-03-24,2016,N20,VIIRS,n,2,290.95,1.06,N,0
19.38145,80.04408,305.96,0.38,0.36,2021-03-24,2016,N20,VIIRS,n,2,287.91,1.06,N,0
19.38202,80.04045,317.94,0.38,0.36,2021-03-24,2016,N20,VIIRS,n,2,289.35,1.06,N,0
19.38833,80.71246,308.07,0.39,0.36,2021-03-24,2016,N20,VIIRS,n,2,296.74,2.09,N,0
19.38965,79.92627,313.44,0.38,0.36,2021-03-24,2016,N20,VIIRS,n,2,293.4,1.58,N,0
19.39395,80.07232,307.36,0.38,0.36,2021-03-24,2016,N20,VIIRS,n,2,291.02,0.78,N,0
19.39725,80.0729,306.35,0.38,0.36,2021-03-24,2016,N20,VIIRS,n,2,290.39,0.78,N,0
19.39781,80.06927,319.99,0.38,0.36,2021-03-24,2016,N20,VIIRS,n,2,290.06,2.24,N,0
19.39843,80.54249,315.52,0.38,0.36,2021-03-24,2016,N20,VIIRS,n,2,297.0,1.8,N,0
19.39901,80.53885,307.16,0.38,0.36,2021-03-24,2016,N20,VIIRS,n,2,295.38,1.25,N,0
19.40115,80.54668,310.77,0.38,0.36,2021-03-24,2016,N20,VIIRS,n,2,296.36,1.15,N,0
19.40167,80.06622,301.63,0.38,0.36,2021-03-24,2016,N20,VIIRS,n,2,286.4,0.52,N,0
19.40247,80.51705,307.27,0.38,0.36,2021-03-24,2016,N20,VIIRS,n,2,296.33,1.47,N,0
19.40346,80.53215,310.52,0.38,0.36,2021-03-24,2016,N20,VIIRS,n,2,297.25,1.85,N,0
19.40403,80.52851,329.92,0.38,0.36,2021-03-24,2016,N20,VIIRS,n,2,297.8,1.85,N,0
19.40444,80.54726,307.67,0.38,0.36,2021-03-24,2016,N20,VIIRS,n,2,295.98,1.15,N,0
19.40461,80.52488,312.32,0.38,0.36,2021-03-24,2016,N20,VIIRS,n,2,297.47,2.36,N,0
19.40716,80.55148,310.3,0.38,0.36,2021-03-24,2016,N20,VIIRS,n,2,294.59,0.85,N,0
19.40733,80.52908,314.65,0.38,0.36,2021-03-24,2016,N20,VIIRS,n,2,296.62,1.85,N,0
19.40923,79.66819,297.05,0.39,0.36,2021-03-24,2016,N20,VIIRS,n,2,274.06,1.13,N,0
19.41045,80.55206,305.99,0.38,0.36,2021-03-24,2016,N20,VIIRS,n,2,295.13,0.85,N,0
19.41077,80.50733,307.06,0.38,0.36,2021-03-24,2016,N20,VIIRS,n,2,295.78,1.46,N,0
19.41103,80.54842,314.53,0.38,0.36,2021-03-24,2016,N20,VIIRS,n,2,296.45,2.55,N,0
19.41407,80.5079,308.84,0.38,0.36,2021-03-24,2016,N20,VIIRS,n,2,296.91,1.92,N,0
19.41427,79.63534,296.53,0.39,0.36,2021-03-24,2016,N20,VIIRS,n,2,270.28,0.54,N,0
19.44043,81.44289,316.02,0.39,0.37,2021-03-24,2016,N20,VIIRS,n,2,292.89,0.94,N,0
19.44376,81.4435,306.08,0.39,0.37,2021-03-24,2016,N20,VIIRS,n,2,292.49,0.94,N,0
19.44425,79.88339,309.32,0.38,0.36,2021-03-24,2016,N20,VIIRS,n,2,291.67,0.78,N,0
19.44465,79.92451,303.04,0.38,0.36,2021-03-24,2016,N20,VIIRS,n,2,291.21,0.64,N,0
19.44522,78.80315,305.53,0.4,0.37,2021-03-24,2016,N20,VIIRS,n,2,290.63,0.95,N,0
19.44642,79.89124,304.39,0.38,0.36,2021-03-24,2016,N20,VIIRS,n,2,291.19,0.66,N,0
19.44698,79.8876,307.76,0.38,0.36,2021-03-24,2016,N20,VIIRS,n,2,291.42,0.66,N,0
19.44975,80.02234,306.77,0.38,0.36,2021-03-24,2016,N20,VIIRS,n,2,291.15,0.65,N,0
19.45556,80.46268,306.52,0.38,0.36,2021-03-24,2016,N20,VIIRS,n,2,295.74,1.27,N,0
19.45613,80.45905,306.81,0.38,0.36,2021-03-24,2016,N20,VIIRS,n,2,293.92,1.19,N,0
19.45714,80.81419,318.43,0.39,0.36,2021-03-24,2016,N20,VIIRS,n,2,295.36,1.74,N,0
19.45796,80.51158,311.0,0.38,0.36,2021-03-24,2016,N20,VIIRS,n,2,295.21,1.31,N,0
19.45865,80.63496,303.7,0.39,0.36,2021-03-24,2016,N20,VIIRS,n,2,293.38,0.53,N,0
19.46045,80.81474,317.59,0.39,0.36,2021-03-24,2016,N20,VIIRS,n,2,294.64,1.53,N,0
19.46102,80.74753,310.05,0.39,0.36,2021-03-24,2016,N20,VIIRS,n,2,295.98,1.29,N,0
19.46125,80.51216,332.45,0.38,0.36,2021-03-24,2016,N20,VIIRS,n,2,297.94,2.51,N,0
19.46137,80.63916,316.61,0.39,0.36,2021-03-24,2016,N20,VIIRS,n,2,295.91,1.71,N,0
19.46195,80.63554,315.46,0.39,0.36,2021-03-24,2016,N20,VIIRS,n,2,294.9,1.71,N,0
19.46226,80.05061,303.29,0.38,0.36,2021-03-24,2016,N20,VIIRS,n,2,290.61,0.97,N,0
19.46258,80.82261,308.01,0.39,0.36,2021-03-24,2016,N20,VIIRS,n,2,295.64,1.26,N,0
19.46316,80.81895,316.59,0.39,0.36,2021-03-24,2016,N20,VIIRS,n,2,295.41,1.53,N,0
19.46339,80.52002,307.13,0.38,0.36,2021-03-24,2016,N20,VIIRS,n,2,294.91,1.71,N,0
19.46382,79.64381,300.86,0.39,0.36,2021-03-24,2016,N20,VIIRS,n,2,280.68,0.85,N,0
19.46397,80.51638,317.55,0.38,0.36,2021-03-24,2016,N20,VIIRS,n,2,296.6,1.71,N,0
19.46454,80.51274,320.28,0.38,0.36,2021-03-24,2016,N20,VIIRS,n,2,296.35,2.51,N,0
19.46517,80.33427,302.79,0.38,0.36,2021-03-24,2016,N20,VIIRS,n,2,291.29,1.08,N,0
19.46556,80.05118,302.74,0.38,0.36,2021-03-24,2016,N20,VIIRS,n,2,291.46,0.7,N,0
19.46643,80.47951,310.36,0.38,0.36,2021-03-24,2016,N20,VIIRS,n,2,296.12,2.13,N,0
19.467,80.47588,308.18,0.38,0.36,2021-03-24,2016,N20,VIIRS,n,2,294.06,0.79,N,0
19.46885,80.05174,311.5,0.38,0.36,2021-03-24,2016,N20,VIIRS,n,2,291.7,0.7,N,0
19.4691,80.11513,308.16,0.38,0.36,2021-03-24,2016,N20,VIIRS,n,2,291.34,1.03,N,0
19.4703,80.47645,309.08,0.38,0.36,2021-03-24,2016,N20,VIIRS,n,2,295.46,0.79,N,0
19.47042,79.64494,299.95,0.39,0.36,2021-03-24,2016,N20,VIIRS,n,2,281.18,0.68,N,0
19.4705,80.66692,307.38,0.39,0.36,2021-03-24,2016,N20,VIIRS,n,2,295.28,1.37,N,0
19.47183,80.63727,311.59,0.39,0.36,2021-03-24,2016,N20,VIIRS,n,2,294.53,2.08,N,0
19.47374,80.06378,312.79,0.38,0.36,2021-03-24,2016,N20,VIIRS,n,2,290.78,0.97,N,0
19.47463,79.64182,303.57,0.39,0.36,2021-03-24,2016,N20,VIIRS,n,2,283.31,0.84,N,0
19.47558,80.13861,301.3,0.38,0.36,2021-03-24,2016,N20,VIIRS,n,2,290.78,0.21,N,0
19.4757,80.63423,307.11,0.39,0.36,2021-03-24,2016,N20,VIIRS,n,2,295.5,0.74,N,0
19.47628,80.6306,306.32,0.39,0.36,2021-03-24,2016,N20,VIIRS,n,2,294.5,0.74,N,0
19.47727,80.64565,315.81,0.39,0.36,2021-03-24,2016,N20,VIIRS,n,2,296.91,2.53,N,0
19.4776,80.06071,311.42,0.38,0.36,2021-03-24,2016,N20,VIIRS,n,2,291.74,0.73,N,0
19.47785,80.64204,312.92,0.39,0.36,2021-03-24,2016,N20,VIIRS,n,2,295.85,2.63,N,0
19.47812,80.53382,305.4,0.38,0.36,2021-03-24,2016,N20,VIIRS,n,2,293.63,1.26,N,0
19.47817,80.05707,303.66,0.38,0.36,2021-03-24,2016,N20,VIIRS,n,2,291.87,0.73,N,0
19.47869,80.53019,308.75,0.38,0.36,2021-03-24,2016,N20,VIIRS,n,2,293.04,1.09,N,0
19.47873,80.05344,306.83,0.38,0.36,2021-03-24,2016,N20,VIIRS,n,2,291.91,0.7,N,0
19.48413,79.22145,316.08,0.39,0.36,2021-03-24,2016,N20,VIIRS,n,2,294.3,1.33,N,0
19.48418,80.4528,305.15,0.38,0.36,2021-03-24,2016,N20,VIIRS,n,2,294.55,1.04,N,0
19.48701,80.73335,315.81,0.39,0.36,2021-03-24,2016,N20,VIIRS,n,2,297.41,2.06,N,0
19.48744,79.22205,305.49,0.39,0.36,2021-03-24,2016,N20,VIIRS,n,2,293.83,1.33,N,0
19.4892,80.44249,307.68,0.38,0.36,2021-03-24,2016,N20,VIIRS,n,2,295.02,1.49,N,0
19.49127,80.74911,309.08,0.39,0.36,2021-03-24,2016,N20,VIIRS,n,2,293.95,1.02,N,0
19.4916,80.64075,306.92,0.39,0.36,2021-03-24,2016,N20,VIIRS,n,2,294.97,1.73,N,0
19.49249,80.44307,304.73,0.38,0.36,2021-03-24,2016,N20,VIIRS,n,2,294.36,1.26,N,0
19.49251,79.16594,308.57,0.39,0.36,2021-03-24,2016,N20,VIIRS,n,2,288.49,1.06,N,0
19.49342,80.7569,311.19,0.39,0.36,2021-03-24,2016,N20,VIIRS,n,2,296.38,1.24,N,0
19.49399,80.75329,309.54,0.39,0.36,2021-03-24,2016,N20,VIIRS,n,2,296.08,1.24,N,0
19.49432,80.64494,310.28,0.39,0.36,2021-03-24,2016,N20,VIIRS,n,2,297.11,1.41,N,0
19.49441,80.5591,305.14,0.38,0.36,2021-03-24,2016,N20,VIIRS,n,2,294.07,0.66,N,0
19.49463,80.4509,309.57,0.38,0.36,2021-03-24,2016,N20,VIIRS,n,2,295.44,0.93,N,0
19.49489,80.64133,314.36,0.39,0.36,2021-03-24,2016,N20,VIIRS,n,2,296.82,1.41,N,0
19.4952,80.44728,304.9,0.38,0.36,2021-03-24,2016,N20,VIIRS,n,2,292.68,0.93,N,0
19.49972,80.02727,305.03,0.38,0.36,2021-03-24,2016,N20,VIIRS,n,2,290.23,0.57,N,0
19.49976,80.50403,304.77,0.38,0.36,2021-03-24,2016,N20,VIIRS,n,2,293.3,1.07,N,0
19.50215,80.55299,306.06,0.38,0.36,2021-03-24,2016,N20,VIIRS,n,2,293.95,0.54,N,0
19.51069,81.01133,303.99,0.39,0.36,2021-03-24,2016,N20,VIIRS,n,2,292.31,0.4,N,0
19.51538,79.08212,301.96,0.39,0.36,2021-03-24,2016,N20,VIIRS,n,2,286.24,0.37,N,0
19.52118,79.24677,307.71,0.39,0.36,2021-03-24,2016,N20,VIIRS,n,2,293.57,1.19,N,0
19.52468,80.38909,309.05,0.38,0.36,2021-03-24,2016,N20,VIIRS,n,2,293.75,1.45,N,0
19.52551,78.99198,303.47,0.4,0.37,2021-03-24,2016,N20,VIIRS,n,2,291.56,0.58,N,0
19.52583,80.38184,309.71,0.38,0.36,2021-03-24,2016,N20,VIIRS,n,2,292.98,1.61,N,0
19.52606,78.98827,305.03,0.4,0.37,2021-03-24,2016,N20,VIIRS,n,2,290.96,0.58,N,0
19.52682,80.48267,306.53,0.38,0.36,2021-03-24,2016,N20,VIIRS,n,2,293.62,1.02,N,0
19.52755,80.45669,309.99,0.38,0.36,2021-03-24,2016,N20,VIIRS,n,2,293.84,1.29,N,0
19.53084,80.45726,305.86,0.38,0.36,2021-03-24,2016,N20,VIIRS,n,2,294.72,1.62,N,0
19.53095,80.15533,322.8,0.38,0.36,2021-03-24,2016,N20,VIIRS,n,2,293.65,2.22,N,0
19.53156,80.02123,307.19,0.38,0.36,2021-03-24,2016,N20,VIIRS,n,2,290.94,0.6,N,0
19.53241,80.383,312.81,0.38,0.36,2021-03-24,2016,N20,VIIRS,n,2,294.56,3.15,N,0
19.53326,80.65931,306.69,0.39,0.36,2021-03-24,2016,N20,VIIRS,n,2,296.65,1.73,N,0
19.53442,78.97822,304.11,0.4,0.37,2021-03-24,2016,N20,VIIRS,n,2,289.04,0.47,N,0
19.53481,80.67079,314.29,0.39,0.36,2021-03-24,2016,N20,VIIRS,n,2,295.38,1.84,N,0
19.53527,80.45057,306.46,0.38,0.36,2021-03-24,2016,N20,VIIRS,n,2,294.43,1.44,N,0
19.53539,80.66716,310.56,0.39,0.36,2021-03-24,2016,N20,VIIRS,n,2,294.55,2.07,N,0
19.5357,80.38357,311.18,0.38,0.36,2021-03-24,2016,N20,VIIRS,n,2,295.72,2.09,N,0
19.53775,80.21989,300.16,0.38,0.36,2021-03-24,2016,N20,VIIRS,n,2,281.19,1.09,N,0
19.53914,80.44752,310.29,0.38,0.36,2021-03-24,2016,N20,VIIRS,n,2,295.4,1.81,N,0
19.53965,79.17005,295.52,0.39,0.36,2021-03-24,2016,N20,VIIRS,n,2,278.35,0.28,N,0
19.54082,80.15705,306.36,0.38,0.36,2021-03-24,2016,N20,VIIRS,n,2,290.61,0.71,N,0
19.5414,80.67196,316.61,0.39,0.36,2021-03-24,2016,N20,VIIRS,n,2,296.36,3.03,N,0
19.54358,80.44084,326.16,0.38,0.36,2021-03-24,2016,N20,VIIRS,n,2,297.57,3.66,N,0
19.54412,80.67616,306.27,0.39,0.36,2021-03-24,2016,N20,VIIRS,n,2,295.66,1.27,N,0
19.54415,80.4372,322.75,0.38,0.36,2021-03-24,2016,N20,VIIRS,n,2,297.73,2.1,N,0
19.54472,80.43359,315.17,0.38,0.36,2021-03-24,2016,N20,VIIRS,n,2,295.87,2.1,N,0
19.5453,79.26571,310.65,0.39,0.36,2021-03-24,2016,N20,VIIRS,n,2,292.51,1.19,N,0
19.54701,80.41908,303.16,0.38,0.36,2021-03-24,2016,N20,VIIRS,n,2,291.14,1.41,N,0
19.54758,80.41544,306.5,0.38,0.36,2021-03-24,2016,N20,VIIRS,n,2,291.75,1.69,N,0
19.54854,80.15094,301.06,0.38,0.36,2021-03-24,2016,N20,VIIRS,n,2,287.0,0.66,N,0
19.54957,80.16602,303.61,0.38,0.36,2021-03-24,2016,N20,VIIRS,n,2,289.98,0.26,N,0
19.5507,80.15877,306.32,0.38,0.36,2021-03-24,2016,N20,VIIRS,n,2,290.66,1.91,N,0
19.55136,79.29327,306.59,0.39,0.36,2021-03-24,2016,N20,VIIRS,n,2,291.89,1.38,N,0
19.55506,80.5436,312.03,0.38,0.36,2021-03-24,2016,N20,VIIRS,n,2,297.2,1.74,N,0
19.5572,80.55145,315.1,0.38,0.36,2021-03-24,2016,N20,VIIRS,n,2,296.71,1.67,N,0
19.55778,80.54781,314.7,0.38,0.36,2021-03-24,2016,N20,VIIRS,n,2,297.88,1.67,N,0
19.56129,80.58954,309.76,0.38,0.36,2021-03-24,2016,N20,VIIRS,n,2,296.21,1.62,N,0
19.56459,80.59012,314.62,0.38,0.36,2021-03-24,2016,N20,VIIRS,n,2,295.21,2.41,N,0
19.56534,80.56409,311.94,0.38,0.36,2021-03-24,2016,N20,VIIRS,n,2,296.79,1.22,N,0
19.5654,78.60793,304.58,0.4,0.37,2021-03-24,2016,N20,VIIRS,n,2,294.3,0.97,N,0
19.56592,80.56045,316.37,0.38,0.36,2021-03-24,2016,N20,VIIRS,n,2,297.39,2.04,N,0
19.56806,80.5683,317.86,0.38,0.36,2021-03-24,2016,N20,VIIRS,n,2,296.14,1.29,N,0
19.56864,80.56466,312.74,0.38,0.36,2021-03-24,2016,N20,VIIRS,n,2,297.39,1.29,N,0
19.56885,80.45649,306.81,0.38,0.36,2021-03-24,2016,N20,VIIRS,n,2,295.53,1.65,N,0
19.56904,80.58342,322.42,0.38,0.36,2021-03-24,2016,N20,VIIRS,n,2,297.16,3.34,N,0
19.5702,80.57614,313.73,0.38,0.36,2021-03-24,2016,N20,VIIRS,n,2,296.69,1.75,N,0
19.57078,80.57249,310.48,0.38,0.36,2021-03-24,2016,N20,VIIRS,n,2,296.07,1.75,N,0
19.57233,80.58399,313.58,0.38,0.36,2021-03-24,2016,N20,VIIRS,n,2,297.2,2.34,N,0
19.57377,78.7378,302.26,0.4,0.37,2021-03-24,2016,N20,VIIRS,n,2,291.44,0.33,N,0
19.57504,80.58822,320.85,0.38,0.36,2021-03-24,2016,N20,VIIRS,n,2,297.12,2.26,N,0
19.5795,80.58151,307.87,0.38,0.36,2021-03-24,2016,N20,VIIRS,n,2,296.73,1.13,N,0
19.58395,80.57481,319.58,0.38,0.36,2021-03-24,2016,N20,VIIRS,n,2,296.18,2.92,N,0
19.58641,80.53793,308.28,0.38,0.36,2021-03-24,2016,N20,VIIRS,n,2,295.75,1.53,N,0
19.58706,80.5978,311.38,0.38,0.36,2021-03-24,2016,N20,VIIRS,n,2,296.8,2.14,N,0
19.58748,80.16145,314.04,0.38,0.36,2021-03-24,2016,N20,VIIRS,n,2,294.61,1.44,N,0
19.58797,80.5494,305.53,0.38,0.36,2021-03-24,2016,N20,VIIRS,n,2,294.74,1.5,N,0
19.58802,80.4636,312.24,0.38,0.36,2021-03-24,2016,N20,VIIRS,n,2,293.51,1.41,N,0
19.5911,80.57235,308.77,0.38,0.36,2021-03-24,2016,N20,VIIRS,n,2,296.92,2.2,N,0
19.59126,80.54999,307.61,0.38,0.36,2021-03-24,2016,N20,VIIRS,n,2,296.47,1.05,N,0
19.59305,80.1475,302.72,0.38,0.36,2021-03-24,2016,N20,VIIRS,n,2,290.78,0.33,N,0
19.59319,80.43093,305.57,0.38,0.36,2021-03-24,2016,N20,VIIRS,n,2,292.75,1.27,N,0
19.59382,80.57655,308.52,0.38,0.36,2021-03-24,2016,N20,VIIRS,n,2,296.72,1.84,N,0
19.59456,80.55058,313.27,0.38,0.36,2021-03-24,2016,N20,VIIRS,n,2,296.07,1.05,N,0
19.59513,80.54694,309.02,0.38,0.36,2021-03-24,2016,N20,VIIRS,n,2,296.18,1.05,N,0
19.59518,80.46113,303.11,0.38,0.36,2021-03-24,2016,N20,VIIRS,n,2,292.45,0.61,N,0
19.59634,80.14806,302.34,0.38,0.36,2021-03-24,2016,N20,VIIRS,n,2,289.81,0.33,N,0
19.59711,80.57714,322.09,0.38,0.36,2021-03-24,2016,N20,VIIRS,n,2,297.91,1.84,N,0
19.60151,78.84291,302.54,0.4,0.37,2021-03-24,2016,N20,VIIRS,n,2,289.75,0.5,N,0
19.60247,80.35052,303.79,0.38,0.36,2021-03-24,2016,N20,VIIRS,n,2,289.15,0.76,N,0
19.60353,80.60068,307.39,0.38,0.36,2021-03-24,2016,N20,VIIRS,n,2,296.54,1.39,N,0
19.60509,80.61219,314.06,0.38,0.36,2021-03-24,2016,N20,VIIRS,n,2,297.02,1.69,N,0
19.60567,80.60854,319.85,0.38,0.36,2021-03-24,2016,N20,VIIRS,n,2,296.47,1.69,N,0
19.6069,80.34383,308.62,0.38,0.36,2021-03-24,2016,N20,VIIRS,n,2,287.75,1.49,N,0
19.61421,80.64,304.94,0.38,0.36,2021-03-24,2016,N20,VIIRS,n,2,294.42,1.13,N,0
19.6148,78.67061,314.19,0.4,0.37,2021-03-24,2016,N20,VIIRS,n,2,295.35,1.83,N,0
19.61528,80.09171,303.38,0.38,0.36,2021-03-24,2016,N20,VIIRS,n,2,291.39,0.43,N,0
19.61612,80.60663,310.84,0.38,0.36,2021-03-24,2016,N20,VIIRS,n,2,294.64,1.51,N,0
19.6175,80.64058,306.8,0.38,0.36,2021-03-24,2016,N20,VIIRS,n,2,295.56,1.82,N,0
19.61776,80.16673,304.07,0.38,0.36,2021-03-24,2016,N20,VIIRS,n,2,291.68,0.94,N,0
19.61843,80.59209,308.03,0.38,0.36,2021-03-24,2016,N20,VIIRS,n,2,295.96,2.11,N,0
19.619,80.58848,324.53,0.38,0.36,2021-03-24,2016,N20,VIIRS,n,2,297.63,2.11,N,0
19.62117,80.14497,316.24,0.38,0.36,2021-03-24,2016,N20,VIIRS,n,2,290.19,0.75,N,0
19.62173,80.14133,305.33,0.38,0.36,2021-03-24,2016,N20,VIIRS,n,2,288.18,0.75,N,0
19.62213,80.6114,306.95,0.38,0.36,2021-03-24,2016,N20,VIIRS,n,2,296.23,1.65,N,0
19.62219,80.16006,305.69,0.38,0.36,2021-03-24,2016,N20,VIIRS,n,2,292.77,0.72,N,0
19.62276,80.15643,307.91,0.38,0.36,2021-03-24,2016,N20,VIIRS,n,2,292.11,0.72,N,0
19.62344,80.58183,309.32,0.38,0.36,2021-03-24,2016,N20,VIIRS,n,2,294.09,1.85,N,0
19.62402,80.57821,305.07,0.38,0.36,2021-03-24,2016,N20,VIIRS,n,2,293.28,0.79,N,0
19.62649,81.22076,302.82,0.39,0.36,2021-03-24,2016,N20,VIIRS,n,2,290.54,0.54,N,0
19.62673,80.58241,305.86,0.38,0.36,2021-03-24,2016,N20,VIIRS,n,2,293.16,0.88,N,0
19.63044,80.6017,312.14,0.38,0.36,2021-03-24,2016,N20,VIIRS,n,2,296.55,1.54,N,0
19.63431,80.59867,309.53,0.38,0.36,2021-03-24,2016,N20,VIIRS,n,2,296.75,1.54,N,0
19.64147,80.59622,305.7,0.38,0.36,2021-03-24,2016,N20,VIIRS,n,2,293.18,0.94,N,0
19.64596,80.33202,304.61,0.38,0.36,2021-03-24,2016,N20,VIIRS,n,2,289.07,1.3,N,0
19.65064,80.06429,306.0,0.38,0.36,2021-03-24,2016,N20,VIIRS,n,2,292.56,0.57,N,0
19.65198,80.33681,304.33,0.38,0.36,2021-03-24,2016,N20,VIIRS,n,2,289.29,0.78,N,0
19.65431,80.21412,301.63,0.38,0.36,2021-03-24,2016,N20,VIIRS,n,2,291.42,0.36,N,0
19.65527,80.33739,304.89,0.38,0.36,2021-03-24,2016,N20,VIIRS,n,2,290.54,0.78,N,0
19.65584,80.33376,307.82,0.38,0.36,2021-03-24,2016,N20,VIIRS,n,2,290.53,0.78,N,0
19.65712,80.62849,311.96,0.38,0.36,2021-03-24,2016,N20,VIIRS,n,2,297.01,2.35,N,0
19.65913,80.33433,315.42,0.38,0.36,2021-03-24,2016,N20,VIIRS,n,2,289.8,1.17,N,0
19.66016,79.20103,299.88,0.39,0.36,2021-03-24,2016,N20,VIIRS,n,2,282.7,0.55,N,0
19.66098,80.62546,309.9,0.38,0.36,2021-03-24,2016,N20,VIIRS,n,2,296.91,2.86,N,0
19.6618,80.14458,303.08,0.38,0.36,2021-03-24,2016,N20,VIIRS,n,2,290.96,0.67,N,0
19.66333,79.00333,304.61,0.4,0.37,2021-03-24,2016,N20,VIIRS,n,2,293.83,1.01,N,0
19.66356,80.32765,307.28,0.38,0.36,2021-03-24,2016,N20,VIIRS,n,2,288.6,1.3,N,0
19.66583,80.63754,307.99,0.38,0.36,2021-03-24,2016,N20,VIIRS,n,2,296.15,1.35,N,0
19.66742,80.32458,313.26,0.38,0.36,2021-03-24,2016,N20,VIIRS,n,2,290.29,0.81,N,0
19.66799,80.32096,301.67,0.38,0.36,2021-03-24,2016,N20,VIIRS,n,2,288.84,0.81,N,0
19.66912,80.63811,310.64,0.38,0.36,2021-03-24,2016,N20,VIIRS,n,2,296.74,1.35,N,0
19.67027,80.63085,307.66,0.38,0.36,2021-03-24,2016,N20,VIIRS,n,2,296.57,1.77,N,0
19.67626,78.94012,320.76,0.4,0.37,2021-03-24,2016,N20,VIIRS,n,2,294.25,2.25,N,0
19.67644,80.46386,305.32,0.38,0.36,2021-03-24,2016,N20,VIIRS,n,2,287.54,0.55,N,0
19.67961,80.09544,305.63,0.38,0.36,2021-03-24,2016,N20,VIIRS,n,2,292.18,1.0,N,0
19.68015,80.63261,322.29,0.38,0.36,2021-03-24,2016,N20,VIIRS,n,2,297.73,2.6,N,0
19.68089,80.45717,304.71,0.38,0.36,2021-03-24,2016,N20,VIIRS,n,2,290.88,1.09,N,0
19.6812,80.10691,304.14,0.38,0.36,2021-03-24,2016,N20,VIIRS,n,2,289.63,0.8,N,0
19.68186,80.29727,306.98,0.38,0.36,2021-03-24,2016,N20,VIIRS,n,2,293.4,1.91,N,0
19.68287,80.63681,309.0,0.38,0.36,2021-03-24,2016,N20,VIIRS,n,2,296.92,2.03,N,0
19.68501,80.64465,315.74,0.38,0.36,2021-03-24,2016,N20,VIIRS,n,2,297.45,2.56,N,0
19.68558,80.64103,311.34,0.38,0.36,2021-03-24,2016,N20,VIIRS,n,2,296.63,1.83,N,0
19.68649,79.60998,314.12,0.39,0.36,2021-03-24,2016,N20,VIIRS,n,2,291.33,1.53,N,0
19.69243,80.273,306.98,0.38,0.36,2021-03-24,2016,N20,VIIRS,n,2,294.53,1.52,N,0
19.69546,80.6428,309.09,0.38,0.36,2021-03-24,2016,N20,VIIRS,n,2,294.41,2.62,N,0
19.69933,80.63974,306.35,0.38,0.36,2021-03-24,2016,N20,VIIRS,n,2,296.25,1.27,N,0
19.69958,80.05409,303.28,0.38,0.36,2021-03-24,2016,N20,VIIRS,n,2,292.16,0.42,N,0
19.70177,80.17016,305.25,0.38,0.36,2021-03-24,2016,N20,VIIRS,n,2,292.1,0.68,N,0
19.70262,80.64031,314.35,0.38,0.36,2021-03-24,2016,N20,VIIRS,n,2,296.98,1.27,N,0
19.7055,80.62215,309.84,0.38,0.36,2021-03-24,2016,N20,VIIRS,n,2,293.94,1.46,N,0
19.70822,80.62637,319.93,0.38,0.36,2021-03-24,2016,N20,VIIRS,n,2,295.81,1.91,N,0
19.70938,80.61909,310.41,0.38,0.36,2021-03-24,2016,N20,VIIRS,n,2,296.2,1.66,N,0
19.70995,80.61546,307.17,0.38,0.36,2021-03-24,2016,N20,VIIRS,n,2,295.98,1.45,N,0
19.71267,80.61967,316.22,0.38,0.36,2021-03-24,2016,N20,VIIRS,n,2,295.5,1.66,N,0
19.71382,80.6124,312.21,0.38,0.36,2021-03-24,2016,N20,VIIRS,n,2,296.5,1.45,N,0
19.7144,80.60876,322.69,0.38,0.36,2021-03-24,2016,N20,VIIRS,n,2,297.39,3.23,N,0
19.71555,80.60149,311.3,0.38,0.36,2021-03-24,2016,N20,VIIRS,n,2,295.64,1.51,N,0
19.71596,80.62026,303.94,0.38,0.36,2021-03-24,2016,N20,VIIRS,n,2,293.59,0.81,N,0
19.71711,80.61298,306.88,0.38,0.36,2021-03-24,2016,N20,VIIRS,n,2,296.21,1.55,N,0
19.7181,80.08719,304.63,0.38,0.36,2021-03-24,2016,N20,VIIRS,n,2,291.47,0.8,N,0
19.71855,80.10593,309.08,0.38,0.36,2021-03-24,2016,N20,VIIRS,n,2,287.84,1.12,N,0
19.71885,80.60206,311.01,0.38,0.36,2021-03-24,2016,N20,VIIRS,n,2,297.41,1.83,N,0
19.71913,79.84061,303.54,0.39,0.36,2021-03-24,2016,N20,VIIRS,n,2,276.19,0.49,N,0
19.71942,80.59843,317.36,0.38,0.36,2021-03-24,2016,N20,VIIRS,n,2,296.68,1.83,N,0
19.71954,80.01273,304.61,0.38,0.36,2021-03-24,2016,N20,VIIRS,n,2,293.01,0.73,N,0
19.72046,80.67716,320.11,0.39,0.36,2021-03-24,2016,N20,VIIRS,n,2,296.07,1.43,N,0
19.72115,80.58754,306.07,0.38,0.36,2021-03-24,2016,N20,VIIRS,n,2,295.19,1.6,N,0
19.72139,80.08776,309.31,0.38,0.36,2021-03-24,2016,N20,VIIRS,n,2,291.69,0.8,N,0
19.72243,79.84118,304.8,0.39,0.36,2021-03-24,2016,N20,VIIRS,n,2,274.93,0.34,N,0
19.72375,80.67775,310.05,0.39,0.36,2021-03-24,2016,N20,VIIRS,n,2,295.53,1.43,N,0
19.725,80.02116,305.53,0.38,0.36,2021-03-24,2016,N20,VIIRS,n,2,292.65,0.83,N,0
19.72829,80.02172,303.98,0.38,0.36,2021-03-24,2016,N20,VIIRS,n,2,292.8,0.33,N,0
19.73332,80.57475,303.56,0.38,0.36,2021-03-24,2016,N20,VIIRS,n,2,292.73,0.8,N,0
19.7339,80.57111,305.76,0.38,0.36,2021-03-24,2016,N20,VIIRS,n,2,293.12,0.8,N,0
19.73791,79.95985,308.63,0.38,0.36,2021-03-24,2016,N20,VIIRS,n,2,285.77,0.81,N,0
19.7454,80.49841,303.8,0.38,0.36,2021-03-24,2016,N20,VIIRS,n,2,292.02,0.52,N,0
19.74568,79.80023,298.02,0.39,0.36,2021-03-24,2016,N20,VIIRS,n,2,282.06,0.32,N,0
19.74842,79.80446,299.13,0.39,0.36,2021-03-24,2016,N20,VIIRS,n,2,282.86,0.59,N,0
19.74898,79.8008,313.23,0.39,0.36,2021-03-24,2016,N20,VIIRS,n,2,283.34,0.62,N,0
19.74954,79.79716,300.09,0.39,0.36,2021-03-24,2016,N20,VIIRS,n,2,282.51,0.62,N,0
19.7504,80.6631,311.68,0.38,0.36,2021-03-24,2016,N20,VIIRS,n,2,294.54,1.79,N,0
19.75236,80.15251,301.81,0.38,0.36,2021-03-24,2016,N20,VIIRS,n,2,289.05,0.42,N,0
19.75284,79.79772,297.5,0.39,0.36,2021-03-24,2016,N20,VIIRS,n,2,283.05,0.62,N,0
19.75292,80.2571,311.69,0.38,0.36,2021-03-24,2016,N20,VIIRS,n,2,290.62,1.24,N,0
19.76218,80.0459,303.59,0.38,0.36,2021-03-24,2016,N20,VIIRS,n,2,291.6,0.86,N,0
19.7788,80.24296,302.45,0.38,0.36,2021-03-24,2016,N20,VIIRS,n,2,290.77,0.52,N,0
19.78029,80.16857,302.65,0.38,0.36,2021-03-24,2016,N20,VIIRS,n,2,290.4,0.54,N,0
19.78294,80.50063,304.66,0.38,0.36,2021-03-24,2016,N20,VIIRS,n,2,292.51,0.83,N,0
19.7833,80.32214,304.53,0.38,0.36,2021-03-24,2016,N20,VIIRS,n,2,291.94,0.67,N,0
19.78682,79.14934,312.47,0.39,0.36,2021-03-24,2016,N20,VIIRS,n,2,296.63,2.06,N,2
19.78738,80.49394,301.67,0.38,0.36,2021-03-24,2016,N20,VIIRS,n,2,290.48,0.66,N,0
19.78878,80.74104,304.84,0.39,0.36,2021-03-24,2016,N20,VIIRS,n,2,292.61,0.51,N,0
19.78956,81.2226,316.23,0.39,0.36,2021-03-24,2016,N20,VIIRS,n,2,292.16,1.37,N,0
19.79207,80.74161,305.69,0.39,0.36,2021-03-24,2016,N20,VIIRS,n,2,293.38,0.81,N,0
19.79279,80.97052,315.28,0.39,0.36,2021-03-24,2016,N20,VIIRS,n,2,295.16,1.71,N,0
19.79287,81.22321,313.69,0.39,0.36,2021-03-24,2016,N20,VIIRS,n,2,291.83,1.37,N,0
19.80818,80.78936,305.27,0.39,0.36,2021-03-24,2016,N20,VIIRS,n,2,293.66,0.88,N,0
19.82051,81.03157,306.56,0.39,0.36,2021-03-24,2016,N20,VIIRS,n,2,295.77,1.79,N,0
19.82247,81.1036,310.35,0.39,0.36,2021-03-24,2016,N20,VIIRS,n,2,295.71,1.33,N,0
19.82925,81.18787,309.35,0.39,0.36,2021-03-24,2016,N20,VIIRS,n,2,294.82,1.76,N,0
19.83104,80.12507,303.82,0.38,0.36,2021-03-24,2016,N20,VIIRS,n,2,289.44,0.8,N,0
19.83133,80.94326,308.79,0.39,0.36,2021-03-24,2016,N20,VIIRS,n,2,294.87,0.99,N,0
19.83285,80.95487,307.09,0.39,0.36,2021-03-24,2016,N20,VIIRS,n,2,294.99,0.94,N,0
19.84509,80.94203,307.01,0.39,0.36,2021-03-24,2016,N20,VIIRS,n,2,294.53,1.11,N,0
19.84569,80.93834,305.77,0.39,0.36,2021-03-24,2016,N20,VIIRS,n,2,295.06,1.69,N,0
19.84617,81.10416,307.16,0.39,0.36,2021-03-24,2016,N20,VIIRS,n,2,294.73,1.88,N,0
19.85202,81.1733,305.58,0.39,0.36,2021-03-24,2016,N20,VIIRS,n,2,293.82,0.78,N,0
19.85498,80.94384,310.29,0.39,0.36,2021-03-24,2016,N20,VIIRS,n,2,293.17,0.97,N,0
19.85557,80.94016,305.54,0.39,0.36,2021-03-24,2016,N20,VIIRS,n,2,293.44,1.24,N,0
19.86617,81.19105,307.78,0.39,0.36,2021-03-24,2016,N20,VIIRS,n,2,292.78,1.06,N,0
19.87213,81.04842,312.25,0.39,0.36,2021-03-24,2016,N20,VIIRS,n,2,295.94,2.34,N,0
19.87447,81.28716,305.42,0.39,0.36,2021-03-24,2016,N20,VIIRS,n,2,293.5,0.81,N,0
19.87644,80.76737,315.82,0.39,0.36,2021-03-24,2016,N20,VIIRS,n,2,295.52,2.78,N,0
19.87656,80.05387,297.2,0.38,0.36,2021-03-24,2016,N20,VIIRS,n,2,273.74,0.41,N,0
19.87989,81.29572,306.59,0.39,0.36,2021-03-24,2016,N20,VIIRS,n,2,294.06,1.31,N,0
19.88071,80.7831,306.7,0.39,0.36,2021-03-24,2016,N20,VIIRS,n,2,292.05,1.75,N,0
19.88172,80.23787,310.19,0.38,0.36,2021-03-24,2016,N20,VIIRS,n,2,289.0,1.31,N,0
19.88284,80.79098,303.29,0.39,0.36,2021-03-24,2016,N20,VIIRS,n,2,293.11,1.01,N,0
19.89089,81.10078,307.3,0.39,0.36,2021-03-24,2016,N20,VIIRS,n,2,295.79,1.62,N,0
19.89229,80.21355,302.12,0.38,0.36,2021-03-24,2016,N20,VIIRS,n,2,288.8,0.41,N,0
19.89278,81.23743,311.14,0.39,0.36,2021-03-24,2016,N20,VIIRS,n,2,295.22,2.04,N,0
19.89285,80.20991,303.13,0.38,0.36,2021-03-24,2016,N20,VIIRS,n,2,288.79,0.41,N,0
19.89477,81.09776,309.93,0.39,0.36,2021-03-24,2016,N20,VIIRS,n,2,296.37,1.39,N,0
19.89775,80.78238,306.59,0.39,0.36,2021-03-24,2016,N20,VIIRS,n,2,295.77,2.27,N,0
19.90744,80.8066,305.85,0.39,0.36,2021-03-24,2016,N20,VIIRS,n,2,295.22,1.09,N,0
19.90802,80.80297,306.51,0.39,0.36,2021-03-24,2016,N20,VIIRS,n,2,296.29,1.09,N,0
19.91006,78.69016,310.78,0.4,0.37,2021-03-24,2016,N20,VIIRS,n,2,292.75,0.74,N,0
19.91569,81.26419,306.61,0.39,0.36,2021-03-24,2016,N20,VIIRS,n,2,294.59,1.29,N,0
19.92117,79.11376,309.92,0.39,0.37,2021-03-24,2016,N20,VIIRS,n,2,294.87,1.01,N,2
19.93313,80.88249,306.24,0.39,0.36,2021-03-24,2016,N20,VIIRS,n,2,294.5,1.07,N,0
19.93642,80.88311,307.55,0.39,0.36,2021-03-24,2016,N20,VIIRS,n,2,295.94,1.07,N,0
19.93651,79.508,299.64,0.39,0.36,2021-03-24,2016,N20,VIIRS,n,2,286.59,0.49,N,0
19.93707,79.5043,302.4,0.39,0.36,2021-03-24,2016,N20,VIIRS,n,2,287.52,0.49,N,0
19.9498,80.23815,299.75,0.38,0.36,2021-03-24,2016,N20,VIIRS,n,2,284.02,0.56,N,0
19.95092,80.12251,298.27,0.38,0.36,2021-03-24,2016,N20,VIIRS,n,2,271.32,0.47,N,0
19.95253,80.24237,310.4,0.38,0.36,2021-03-24,2016,N20,VIIRS,n,2,283.0,1.05,N,0
19.9531,80.23872,301.09,0.38,0.36,2021-03-24,2016,N20,VIIRS,n,2,282.63,0.66,N,0
19.95469,80.25022,302.46,0.38,0.36,2021-03-24,2016,N20,VIIRS,n,2,282.92,0.66,N,0
19.95525,80.24658,307.76,0.38,0.36,2021-03-24,2016,N20,VIIRS,n,2,282.66,1.05,N,0
19.9609,80.31859,301.11,0.38,0.36,2021-03-24,2016,N20,VIIRS,n,2,286.96,0.79,N,0
19.96272,79.33402,318.42,0.39,0.36,2021-03-24,2016,N20,VIIRS,n,2,293.7,2.08,N,2
19.97588,78.45599,302.61,0.41,0.37,2021-03-24,2016,N20,VIIRS,n,2,291.44,0.5,N,0
19.98844,81.12978,308.65,0.39,0.36,2021-03-24,2016,N20,VIIRS,n,2,294.23,1.84,N,0
19.99056,81.13773,306.6,0.39,0.36,2021-03-24,2016,N20,VIIRS,n,2,295.21,1.19,N,0
15.50002,78.77901,303.93,0.39,0.36,2021-03-24,2017,N20,VIIRS,n,2,292.17,0.57,N,0
15.50332,78.77958,304.75,0.39,0.36,2021-03-24,2017,N20,VIIRS,n,2,293.67,0.66,N,0
15.53247,78.78805,315.14,0.39,0.36,2021-03-24,2017,N20,VIIRS,n,2,291.6,1.06,N,0
15.53577,78.78861,304.51,0.39,0.36,2021-03-24,2017,N20,VIIRS,n,2,291.56,0.72,N,0
15.53907,78.78917,307.82,0.39,0.36,2021-03-24,2017,N20,VIIRS,n,2,291.35,0.72,N,0
15.54292,78.78614,310.05,0.39,0.36,2021-03-24,2017,N20,VIIRS,n,2,290.83,1.27,N,0
15.54733,78.77955,307.46,0.39,0.36,2021-03-24,2017,N20,VIIRS,n,2,290.92,1.01,N,0
15.55118,78.77651,304.99,0.39,0.36,2021-03-24,2017,N20,VIIRS,n,2,290.68,0.74,N,0
15.55124,78.73238,309.41,0.39,0.36,2021-03-24,2017,N20,VIIRS,n,2,293.77,1.24,N,0
15.55234,78.68133,305.42,0.39,0.36,2021-03-24,2017,N20,VIIRS,n,2,294.75,1.04,N,0
15.55509,78.72939,316.23,0.39,0.36,2021-03-24,2017,N20,VIIRS,n,2,296.05,2.23,N,0
15.55564,78.68188,311.59,0.39,0.36,2021-03-24,2017,N20,VIIRS,n,2,295.52,1.04,N,0
15.55619,78.67829,330.59,0.39,0.36,2021-03-24,2017,N20,VIIRS,n,2,297.05,3.56,N,0
15.55893,78.72641,314.33,0.39,0.36,2021-03-24,2017,N20,VIIRS,n,2,296.08,1.5,N,0
15.56003,78.71931,312.99,0.39,0.36,2021-03-24,2017,N20,VIIRS,n,2,296.12,1.51,N,0
15.56223,78.72698,309.84,0.39,0.36,2021-03-24,2017,N20,VIIRS,n,2,295.74,1.5,N,0
15.56278,78.72343,313.97,0.39,0.36,2021-03-24,2017,N20,VIIRS,n,2,295.73,1.51,N,0
15.56332,78.71989,324.59,0.39,0.36,2021-03-24,2017,N20,VIIRS,n,2,297.04,1.51,N,0
15.56388,78.71633,309.0,0.39,0.36,2021-03-24,2017,N20,VIIRS,n,2,295.83,1.9,N,0
15.56389,78.69429,318.1,0.39,0.36,2021-03-24,2017,N20,VIIRS,n,2,295.65,3.68,N,0
15.56444,78.69072,324.15,0.39,0.36,2021-03-24,2017,N20,VIIRS,n,2,296.04,3.68,N,0
15.56608,78.724,321.53,0.39,0.36,2021-03-24,2017,N20,VIIRS,n,2,295.99,1.64,N,0
15.56662,78.72046,315.77,0.39,0.36,2021-03-24,2017,N20,VIIRS,n,2,295.95,1.64,N,0
15.56773,78.7133,318.68,0.39,0.36,2021-03-24,2017,N20,VIIRS,n,2,294.78,2.17,N,0
15.56775,78.69127,331.56,0.39,0.36,2021-03-24,2017,N20,VIIRS,n,2,298.28,3.68,N,0
15.56828,78.70973,323.61,0.39,0.36,2021-03-24,2017,N20,VIIRS,n,2,295.72,2.68,N,0
15.56883,78.70616,310.34,0.39,0.36,2021-03-24,2017,N20,VIIRS,n,2,295.68,2.68,N,0
15.57103,78.71386,324.6,0.39,0.36,2021-03-24,2017,N20,VIIRS,n,2,294.9,2.17,N,0
15.57105,78.69182,321.3,0.39,0.36,2021-03-24,2017,N20,VIIRS,n,2,295.6,2.07,N,0
15.57158,78.71028,334.43,0.39,0.36,2021-03-24,2017,N20,VIIRS,n,2,298.38,2.68,N,0
15.57209,78.77265,304.69,0.39,0.36,2021-03-24,2017,N20,VIIRS,n,2,290.03,0.68,N,0
15.57213,78.70672,341.35,0.39,0.36,2021-03-24,2017,N20,VIIRS,n,2,297.5,2.68,N,0
15.57268,78.70315,327.25,0.39,0.36,2021-03-24,2017,N20,VIIRS,n,2,296.69,2.19,N,0
15.57323,78.72157,322.01,0.39,0.36,2021-03-24,2017,N20,VIIRS,n,2,295.41,1.87,N,0
15.57324,78.69956,316.35,0.39,0.36,2021-03-24,2017,N20,VIIRS,n,2,295.93,2.19,N,0
15.5738,78.69596,324.21,0.39,0.36,2021-03-24,2017,N20,VIIRS,n,2,295.76,2.07,N,0
15.57438,78.67026,308.88,0.39,0.36,2021-03-24,2017,N20,VIIRS,n,2,295.69,1.72,N,0
15.57595,78.76959,309.68,0.39,0.36,2021-03-24,2017,N20,VIIRS,n,2,289.76,1.21,N,0
15.57598,78.72565,330.65,0.39,0.36,2021-03-24,2017,N20,VIIRS,n,2,294.54,1.87,N,0
15.57603,78.68155,313.0,0.39,0.36,2021-03-24,2017,N20,VIIRS,n,2,295.29,1.7,N,0
15.57653,78.72209,305.39,0.39,0.36,2021-03-24,2017,N20,VIIRS,n,2,293.35,1.87,N,0
15.57822,78.6893,305.47,0.39,0.36,2021-03-24,2017,N20,VIIRS,n,2,294.36,1.01,N,0
15.57878,78.68569,318.26,0.39,0.36,2021-03-24,2017,N20,VIIRS,n,2,295.46,1.01,N,0
15.58115,79.0003,308.44,0.38,0.36,2021-03-24,2017,N20,VIIRS,n,2,296.4,1.44,N,0
15.58152,78.68987,309.85,0.39,0.36,2021-03-24,2017,N20,VIIRS,n,2,295.58,1.01,N,0
15.58203,78.73032,328.38,0.39,0.36,2021-03-24,2017,N20,VIIRS,n,2,294.14,2.53,N,0
15.58479,78.73442,321.02,0.39,0.36,2021-03-24,2017,N20,VIIRS,n,2,293.99,1.22,N,0
15.58533,78.73087,306.4,0.39,0.36,2021-03-24,2017,N20,VIIRS,n,2,292.8,1.22,N,0
15.58809,78.73496,313.26,0.39,0.36,2021-03-24,2017,N20,VIIRS,n,2,293.67,1.22,N,0
15.59112,78.73892,321.11,0.39,0.36,2021-03-24,2017,N20,VIIRS,n,2,293.09,1.06,N,0
15.59166,78.73534,304.92,0.39,0.36,2021-03-24,2017,N20,VIIRS,n,2,291.23,1.02,N,0
15.59442,78.73947,308.41,0.39,0.36,2021-03-24,2017,N20,VIIRS,n,2,291.49,1.06,N,0
15.59772,78.74004,304.4,0.39,0.36,2021-03-24,2017,N20,VIIRS,n,2,290.31,0.65,N,0
15.60102,78.74058,314.48,0.39,0.36,2021-03-24,2017,N20,VIIRS,n,2,290.54,0.65,N,0
15.60763,78.74168,301.66,0.39,0.36,2021-03-24,2017,N20,VIIRS,n,2,289.48,0.37,N,0
15.61093,78.74224,304.12,0.39,0.36,2021-03-24,2017,N20,VIIRS,n,2,290.71,0.92,N,0
15.61698,78.74693,304.47,0.39,0.36,2021-03-24,2017,N20,VIIRS,n,2,292.18,0.87,N,0
15.61753,78.74335,308.47,0.39,0.36,2021-03-24,2017,N20,VIIRS,n,2,292.29,0.87,N,0
15.61973,78.75105,318.67,0.39,0.36,2021-03-24,2017,N20,VIIRS,n,2,293.08,1.52,N,0
15.62303,78.75158,324.11,0.39,0.36,2021-03-24,2017,N20,VIIRS,n,2,294.05,1.34,N,0
15.62634,78.75208,307.17,0.39,0.36,2021-03-24,2017,N20,VIIRS,n,2,293.1,1.34,N,0
15.62965,78.75259,313.12,0.39,0.36,2021-03-24,2017,N20,VIIRS,n,2,291.04,0.38,N,0
15.63295,78.75312,300.41,0.39,0.36,2021-03-24,2017,N20,VIIRS,n,2,289.86,0.38,N,0
15.64106,78.9847,310.22,0.38,0.36,2021-03-24,2017,N20,VIIRS,n,2,296.26,0.99,N,0
15.64286,78.75474,311.16,0.39,0.36,2021-03-24,2017,N20,VIIRS,n,2,291.09,0.62,N,0
15.64436,78.98521,306.28,0.38,0.36,2021-03-24,2017,N20,VIIRS,n,2,295.88,0.99,N,0
15.64672,78.75171,308.06,0.39,0.36,2021-03-24,2017,N20,VIIRS,n,2,292.61,1.0,N,0
15.65002,78.75225,302.24,0.39,0.36,2021-03-24,2017,N20,VIIRS,n,2,290.72,0.52,N,0
15.65927,78.88924,313.51,0.39,0.36,2021-03-24,2017,N20,VIIRS,n,2,291.3,0.77,N,0
15.66202,78.8933,312.51,0.39,0.36,2021-03-24,2017,N20,VIIRS,n,2,292.42,3.43,N,0
15.66533,78.89379,335.13,0.39,0.36,2021-03-24,2017,N20,VIIRS,n,2,294.83,3.43,N,0
15.66826,78.67792,306.44,0.39,0.36,2021-03-24,2017,N20,VIIRS,n,2,294.96,1.16,N,0
15.66865,78.89427,313.55,0.39,0.36,2021-03-24,2017,N20,VIIRS,n,2,293.76,1.78,N,0
15.67141,78.89834,306.09,0.39,0.36,2021-03-24,2017,N20,VIIRS,n,2,291.71,1.72,N,0
15.68482,78.4594,309.53,0.39,0.36,2021-03-24,2017,N20,VIIRS,n,2,297.83,1.06,N,2
15.68952,78.85023,323.95,0.39,0.36,2021-03-24,2017,N20,VIIRS,n,2,295.58,1.67,N,0
15.69007,78.84668,329.2,0.39,0.36,2021-03-24,2017,N20,VIIRS,n,2,295.66,2.22,N,0
15.69116,78.83965,310.41,0.39,0.36,2021-03-24,2017,N20,VIIRS,n,2,295.07,1.07,N,0
15.69282,78.85075,318.41,0.39,0.36,2021-03-24,2017,N20,VIIRS,n,2,294.52,1.67,N,0
15.69337,78.84721,310.76,0.39,0.36,2021-03-24,2017,N20,VIIRS,n,2,295.29,2.22,N,0
15.69392,78.84367,326.73,0.39,0.36,2021-03-24,2017,N20,VIIRS,n,2,295.56,2.22,N,0
15.69446,78.84014,306.82,0.39,0.36,2021-03-24,2017,N20,VIIRS,n,2,294.99,1.07,N,0
15.70356,78.66896,303.23,0.39,0.36,2021-03-24,2017,N20,VIIRS,n,2,292.59,0.54,N,0
15.73081,78.69197,306.9,0.39,0.36,2021-03-24,2017,N20,VIIRS,n,2,295.23,1.45,N,0
15.73411,78.6925,315.95,0.39,0.36,2021-03-24,2017,N20,VIIRS,n,2,296.99,2.54,N,0
15.7429,78.8334,305.49,0.39,0.36,2021-03-24,2017,N20,VIIRS,n,2,292.81,0.64,N,0
15.74345,78.82982,305.93,0.39,0.36,2021-03-24,2017,N20,VIIRS,n,2,291.46,0.64,N,0
15.7658,79.03767,311.8,0.38,0.36,2021-03-24,2017,N20,VIIRS,n,2,294.98,1.35,N,0
15.76853,79.06363,309.49,0.38,0.36,2021-03-24,2017,N20,VIIRS,n,2,294.72,1.34,N,0
15.77182,79.06418,313.36,0.38,0.36,2021-03-24,2017,N20,VIIRS,n,2,295.09,0.96,N,0
15.77512,79.06474,305.09,0.38,0.36,2021-03-24,2017,N20,VIIRS,n,2,294.44,0.96,N,0
15.77841,79.06528,321.41,0.38,0.36,2021-03-24,2017,N20,VIIRS,n,2,295.85,1.93,N,0
15.77843,79.04343,308.56,0.38,0.36,2021-03-24,2017,N20,VIIRS,n,2,294.83,1.26,N,0
15.80971,79.08137,307.53,0.38,0.36,2021-03-24,2017,N20,VIIRS,n,2,295.09,1.29,N,0
15.81026,79.07781,306.29,0.38,0.36,2021-03-24,2017,N20,VIIRS,n,2,294.83,1.04,N,0
15.81082,79.07426,313.29,0.38,0.36,2021-03-24,2017,N20,VIIRS,n,2,295.57,1.04,N,0
15.81245,79.08547,314.69,0.38,0.36,2021-03-24,2017,N20,VIIRS,n,2,296.31,1.29,N,0
15.81522,79.06771,321.2,0.38,0.36,2021-03-24,2017,N20,VIIRS,n,2,295.37,2.47,N,0
15.81575,79.08601,322.21,0.38,0.36,2021-03-24,2017,N20,VIIRS,n,2,295.08,1.52,N,0
15.8163,79.08247,309.3,0.38,0.36,2021-03-24,2017,N20,VIIRS,n,2,294.75,1.52,N,0
15.81849,79.09013,309.52,0.38,0.36,2021-03-24,2017,N20,VIIRS,n,2,295.81,0.89,N,0
15.82234,79.08712,311.08,0.38,0.36,2021-03-24,2017,N20,VIIRS,n,2,296.39,1.93,N,0
15.83004,79.08109,306.96,0.38,0.36,2021-03-24,2017,N20,VIIRS,n,2,294.67,0.87,N,0
15.85645,79.04173,308.18,0.38,0.36,2021-03-24,2017,N20,VIIRS,n,2,294.32,0.97,N,0
15.91588,77.36373,307.72,0.41,0.37,2021-03-24,2017,N20,VIIRS,n,2,294.88,0.91,N,2
16.02122,79.09821,313.56,0.38,0.36,2021-03-24,2017,N20,VIIRS,n,2,291.46,0.93,N,0
16.04622,78.22678,307.02,0.39,0.37,2021-03-24,2017,N20,VIIRS,n,2,293.63,1.1,N,0
16.11203,78.97433,306.8,0.39,0.36,2021-03-24,2017,N20,VIIRS,n,2,294.36,0.57,N,0
16.13273,78.72774,311.16,0.39,0.36,2021-03-24,2017,N20,VIIRS,n,2,293.67,1.42,N,0
16.16015,79.18727,308.95,0.38,0.36,2021-03-24,2017,N20,VIIRS,n,2,291.85,1.18,N,0
16.28962,78.85655,306.53,0.39,0.36,2021-03-24,2017,N20,VIIRS,n,2,294.62,0.83,N,0
16.30012,78.74419,305.69,0.39,0.36,2021-03-24,2017,N20,VIIRS,n,2,293.47,0.81,N,0
16.30177,78.77761,317.61,0.39,0.36,2021-03-24,2017,N20,VIIRS,n,2,294.81,1.57,N,0
16.32827,78.71552,305.4,0.39,0.36,2021-03-24,2017,N20,VIIRS,n,2,294.75,1.3,N,0
16.4508,77.72263,305.28,0.41,0.37,2021-03-24,2017,N20,VIIRS,n,2,293.08,0.24,N,0
16.54181,79.70423,303.96,0.38,0.36,2021-03-24,2017,N20,VIIRS,n,2,292.04,0.26,N,0
16.73455,80.47794,305.18,0.39,0.36,2021-03-24,2017,N20,VIIRS,n,2,295.15,0.97,N,0
16.79636,80.5594,314.57,0.39,0.36,2021-03-24,2017,N20,VIIRS,n,2,296.13,1.85,N,0
16.8327,80.03611,309.23,0.39,0.36,2021-03-24,2017,N20,VIIRS,n,2,296.91,1.32,N,2
16.87677,80.12108,308.52,0.39,0.36,2021-03-24,2017,N20,VIIRS,n,2,297.06,1.27,N,0
17.12509,78.08992,302.84,0.4,0.37,2021-03-24,2017,N20,VIIRS,n,2,285.02,0.55,N,0
17.13885,77.17577,306.15,0.43,0.38,2021-03-24,2017,N20,VIIRS,n,2,294.44,1.32,N,0
17.14118,77.18436,305.29,0.43,0.38,2021-03-24,2017,N20,VIIRS,n,2,293.95,0.69,N,2
17.1465,78.22356,302.38,0.4,0.37,2021-03-24,2017,N20,VIIRS,n,2,289.39,0.68,N,2
17.16134,78.73112,298.93,0.39,0.36,2021-03-24,2017,N20,VIIRS,n,2,286.3,0.48,N,0
17.16466,78.73167,307.97,0.39,0.36,2021-03-24,2017,N20,VIIRS,n,2,287.11,0.48,N,0
17.29108,80.55062,306.46,0.39,0.36,2021-03-24,2017,N20,VIIRS,n,2,294.58,0.86,N,0
17.29217,80.60701,307.69,0.39,0.36,2021-03-24,2017,N20,VIIRS,n,2,296.12,1.52,N,0
17.30191,80.63109,313.21,0.39,0.36,2021-03-24,2017,N20,VIIRS,n,2,296.68,1.72,N,0
17.30607,80.54208,313.73,0.39,0.36,2021-03-24,2017,N20,VIIRS,n,2,295.3,0.86,N,0
17.30699,80.49413,305.29,0.39,0.36,2021-03-24,2017,N20,VIIRS,n,2,293.33,0.89,N,0
17.30937,80.54268,306.57,0.39,0.36,2021-03-24,2017,N20,VIIRS,n,2,295.49,0.86,N,0
17.31326,80.53967,310.94,0.39,0.36,2021-03-24,2017,N20,VIIRS,n,2,295.93,1.54,N,0
17.31384,80.53606,307.75,0.39,0.36,2021-03-24,2017,N20,VIIRS,n,2,295.94,1.47,N,0
17.31476,80.04051,307.81,0.38,0.36,2021-03-24,2017,N20,VIIRS,n,2,291.43,0.84,N,0
17.31871,80.54803,311.37,0.39,0.36,2021-03-24,2017,N20,VIIRS,n,2,295.82,1.95,N,0
17.31929,80.54444,308.88,0.39,0.36,2021-03-24,2017,N20,VIIRS,n,2,295.56,1.15,N,0
17.31987,80.54084,316.14,0.39,0.36,2021-03-24,2017,N20,VIIRS,n,2,296.21,1.15,N,0
17.32243,80.56722,317.61,0.39,0.36,2021-03-24,2017,N20,VIIRS,n,2,296.4,2.43,N,0
17.32318,80.54142,309.72,0.39,0.36,2021-03-24,2017,N20,VIIRS,n,2,296.04,1.15,N,0
17.3259,80.54562,309.31,0.39,0.36,2021-03-24,2017,N20,VIIRS,n,2,295.84,1.71,N,0
17.37968,80.44355,310.45,0.39,0.36,2021-03-24,2017,N20,VIIRS,n,2,296.17,1.41,N,0
15.51431,78.17413,333.62,0.35,0.57,2021-03-25,726,N20,VIIRS,l,2,305.08,2.77,D,0
15.52564,77.76125,339.26,0.38,0.58,2021-03-25,726,N20,VIIRS,n,2,303.64,3.01,D,0
15.52988,78.78975,332.53,0.32,0.55,2021-03-25,726,N20,VIIRS,l,2,303.6,3.45,D,0
15.53607,79.21023,331.0,0.6,0.53,2021-03-25,726,N20,VIIRS,l,2,305.36,2.66,D,0
15.55069,78.7362,343.2,0.32,0.55,2021-03-25,726,N20,VIIRS,n,2,305.93,4.54,D,0
15.5552,78.73284,340.63,0.32,0.55,2021-03-25,726,N20,VIIRS,n,2,302.54,2.99,D,0
15.55976,78.72977,331.0,0.32,0.55,2021-03-25,726,N20,VIIRS,l,2,301.52,2.93,D,0
15.56738,77.2805,335.36,0.4,0.6,2021-03-25,726,N20,VIIRS,l,2,307.54,2.01,D,0
15.56839,78.72101,334.45,0.32,0.55,2021-03-25,726,N20,VIIRS,n,2,301.58,3.07,D,0
15.56891,78.72367,338.68,0.32,0.55,2021-03-25,726,N20,VIIRS,n,2,300.66,3.07,D,0
15.57497,78.72823,330.87,0.32,0.55,2021-03-25,726,N20,VIIRS,l,2,301.43,3.13,D,0
15.58112,78.73329,330.29,0.32,0.55,2021-03-25,726,N20,VIIRS,l,2,302.58,4.59,D,0
15.58166,78.73605,331.58,0.32,0.55,2021-03-25,726,N20,VIIRS,n,2,301.23,2.93,D,0
15.58552,79.00169,342.65,0.62,0.54,2021-03-25,726,N20,VIIRS,n,2,303.8,3.89,D,0
15.58677,78.99747,343.66,0.62,0.54,2021-03-25,726,N20,VIIRS,n,2,304.86,12.05,D,0
15.58716,77.52513,332.96,0.39,0.59,2021-03-25,726,N20,VIIRS,l,2,306.48,2.37,D,0
15.5892,78.99432,335.79,0.62,0.54,2021-03-25,726,N20,VIIRS,n,2,304.4,3.32,D,0
15.60682,78.00697,334.97,0.36,0.57,2021-03-25,726,N20,VIIRS,n,2,304.08,2.04,D,0
15.60686,78.00796,338.89,0.36,0.57,2021-03-25,726,N20,VIIRS,n,2,304.13,2.17,D,0
15.61582,78.75259,337.1,0.32,0.55,2021-03-25,726,N20,VIIRS,n,2,301.63,3.91,D,0
15.62134,78.75452,342.13,0.32,0.55,2021-03-25,726,N20,VIIRS,n,2,300.9,2.92,D,0
15.62668,78.75545,339.94,0.32,0.55,2021-03-25,726,N20,VIIRS,n,2,302.07,2.92,D,0
15.63153,78.75391,340.46,0.32,0.55,2021-03-25,726,N20,VIIRS,n,2,302.87,4.52,D,0
15.637,78.75555,331.19,0.32,0.55,2021-03-25,726,N20,VIIRS,l,2,301.29,3.01,D,0
15.64935,79.87906,340.14,0.54,0.51,2021-03-25,726,N20,VIIRS,n,2,303.05,3.87,D,0
15.65061,79.88083,341.04,0.54,0.51,2021-03-25,726,N20,VIIRS,n,2,302.6,4.88,D,0
15.65447,78.95369,337.37,0.62,0.54,2021-03-25,726,N20,VIIRS,n,2,306.84,3.79,D,0
15.66389,78.32959,347.63,0.34,0.56,2021-03-25,726,N20,VIIRS,n,2,306.36,4.55,D,0
15.68373,78.83954,330.92,0.64,0.54,2021-03-25,726,N20,VIIRS,l,2,304.53,5.38,D,0
15.68454,78.84375,349.09,0.63,0.54,2021-03-25,726,N20,VIIRS,n,2,306.35,12.49,D,0
15.68523,77.8818,340.78,0.37,0.58,2021-03-25,726,N20,VIIRS,n,2,307.03,2.75,D,0
15.68571,78.84257,350.11,0.63,0.54,2021-03-25,726,N20,VIIRS,n,2,306.61,12.99,D,0
15.68637,78.97547,343.39,0.62,0.54,2021-03-25,726,N20,VIIRS,n,2,307.81,5.59,D,0
15.68655,78.84684,332.33,0.63,0.54,2021-03-25,726,N20,VIIRS,l,2,305.76,6.81,D,0
15.68928,78.97654,343.86,0.62,0.54,2021-03-25,726,N20,VIIRS,n,2,307.6,9.7,D,0
15.70901,78.93549,333.72,0.62,0.54,2021-03-25,726,N20,VIIRS,l,2,306.89,3.59,D,0
15.72071,78.83835,331.45,0.63,0.54,2021-03-25,726,N20,VIIRS,n,2,303.27,2.43,D,0
15.73932,78.82873,331.79,0.63,0.54,2021-03-25,726,N20,VIIRS,l,2,302.58,2.39,D,0
15.74427,78.82784,341.86,0.63,0.54,2021-03-25,726,N20,VIIRS,n,2,303.39,13.9,D,0
15.76399,79.06239,367.0,0.61,0.53,2021-03-25,726,N20,VIIRS,h,2,307.1,12.97,D,0
15.765,79.06763,340.52,0.61,0.53,2021-03-25,726,N20,VIIRS,n,2,305.91,5.71,D,0
15.79246,78.70156,339.73,0.32,0.55,2021-03-25,726,N20,VIIRS,n,2,300.89,2.82,D,0
15.79972,78.18471,336.63,0.35,0.57,2021-03-25,726,N20,VIIRS,l,2,308.59,2.12,D,0
15.81462,79.09055,341.2,0.61,0.53,2021-03-25,726,N20,VIIRS,n,2,306.49,7.95,D,0
15.81607,78.47971,367.0,0.33,0.55,2021-03-25,726,N20,VIIRS,h,2,309.9,5.11,D,0
15.81668,78.48275,341.54,0.33,0.55,2021-03-25,726,N20,VIIRS,n,2,307.04,5.11,D,0
15.81715,78.48023,367.0,0.33,0.56,2021-03-25,726,N20,VIIRS,h,2,309.7,5.03,D,0
15.81774,78.48328,340.76,0.33,0.56,2021-03-25,726,N20,VIIRS,n,2,306.71,5.03,D,0
15.8184,79.09349,334.42,0.61,0.53,2021-03-25,726,N20,VIIRS,l,2,306.6,3.47,D,0
15.83083,79.08,331.49,0.61,0.53,2021-03-25,726,N20,VIIRS,l,2,306.32,3.26,D,0
15.83182,79.08505,333.79,0.61,0.53,2021-03-25,726,N20,VIIRS,l,2,305.81,3.26,D,0
15.83187,77.96496,354.82,0.36,0.57,2021-03-25,726,N20,VIIRS,n,2,309.03,4.66,D,0
15.83196,77.96397,348.23,0.36,0.57,2021-03-25,726,N20,VIIRS,n,2,308.71,4.11,D,0
15.83295,79.08122,338.32,0.61,0.53,2021-03-25,726,N20,VIIRS,n,2,306.43,5.12,D,0
15.83807,79.62721,340.09,0.56,0.51,2021-03-25,726,N20,VIIRS,n,2,304.77,8.27,D,0
15.83905,79.63235,345.63,0.56,0.51,2021-03-25,726,N20,VIIRS,n,2,307.92,8.27,D,0
15.84234,79.24071,336.35,0.59,0.53,2021-03-25,726,N20,VIIRS,n,2,307.0,3.28,D,0
15.88823,79.4553,346.64,0.57,0.52,2021-03-25,726,N20,VIIRS,n,2,307.17,5.24,D,0
15.88874,79.45268,338.08,0.57,0.52,2021-03-25,726,N20,VIIRS,n,2,306.26,9.6,D,0
15.88926,79.4608,333.57,0.57,0.52,2021-03-25,726,N20,VIIRS,l,2,305.73,5.24,D,0
15.8898,79.45815,334.18,0.57,0.52,2021-03-25,726,N20,VIIRS,l,2,305.88,6.97,D,0
15.90166,79.9598,332.83,0.53,0.5,2021-03-25,726,N20,VIIRS,n,2,301.98,4.28,D,0
15.92221,79.09229,339.67,0.6,0.53,2021-03-25,726,N20,VIIRS,n,2,309.2,4.81,D,0
15.92375,79.09344,340.9,0.6,0.53,2021-03-25,726,N20,VIIRS,n,2,309.09,5.07,D,0
15.95003,79.54265,337.08,0.56,0.52,2021-03-25,726,N20,VIIRS,l,2,307.62,14.04,D,0
15.95103,79.54794,346.55,0.56,0.52,2021-03-25,726,N20,VIIRS,n,2,308.69,14.04,D,0
15.9557,79.54691,334.55,0.56,0.52,2021-03-25,726,N20,VIIRS,l,2,306.08,14.04,D,0
15.9944,77.1601,330.51,0.4,0.6,2021-03-25,726,N20,VIIRS,l,2,301.57,1.83,D,0
15.99791,79.56475,338.19,0.56,0.51,2021-03-25,726,N20,VIIRS,n,2,303.34,5.84,D,0
16.01309,79.3544,342.91,0.58,0.52,2021-03-25,726,N20,VIIRS,n,2,307.49,4.39,D,0
16.01889,77.33375,334.74,0.39,0.6,2021-03-25,726,N20,VIIRS,l,2,304.98,1.98,D,0
16.02868,79.22984,334.5,0.59,0.53,2021-03-25,726,N20,VIIRS,l,2,305.97,2.12,D,0
16.04476,79.13664,333.78,0.6,0.53,2021-03-25,726,N20,VIIRS,l,2,306.23,7.56,D,0
16.04608,79.13837,337.21,0.6,0.53,2021-03-25,726,N20,VIIRS,n,2,306.82,5.01,D,0
16.04825,77.22917,345.36,0.4,0.6,2021-03-25,726,N20,VIIRS,n,2,304.33,5.42,D,0
16.04899,77.23286,337.16,0.4,0.6,2021-03-25,726,N20,VIIRS,n,2,304.27,4.82,D,0
16.0644,79.15628,331.56,0.59,0.53,2021-03-25,726,N20,VIIRS,n,2,304.48,2.95,D,0
16.06674,77.23677,332.9,0.4,0.6,2021-03-25,726,N20,VIIRS,l,2,304.61,3.23,D,0
16.06749,77.24046,344.64,0.4,0.6,2021-03-25,726,N20,VIIRS,n,2,304.39,3.23,D,0
16.06823,77.24413,332.55,0.4,0.6,2021-03-25,726,N20,VIIRS,l,2,303.85,1.53,D,0
16.08116,78.72461,331.62,0.64,0.54,2021-03-25,726,N20,VIIRS,l,2,304.2,2.29,D,0
16.08252,77.34281,343.33,0.39,0.59,2021-03-25,726,N20,VIIRS,n,2,304.63,3.58,D,0
16.08307,78.7274,330.87,0.63,0.54,2021-03-25,726,N20,VIIRS,l,2,303.77,6.08,D,0
16.08324,77.34637,331.11,0.39,0.59,2021-03-25,726,N20,VIIRS,l,2,302.73,3.33,D,0
16.08607,78.7235,330.73,0.64,0.54,2021-03-25,726,N20,VIIRS,l,2,305.67,2.29,D,0
16.09093,78.88235,337.0,0.62,0.54,2021-03-25,726,N20,VIIRS,n,2,304.91,4.04,D,0
16.10481,78.98135,330.49,0.61,0.53,2021-03-25,726,N20,VIIRS,l,2,303.54,5.36,D,0
16.10972,78.98074,331.02,0.61,0.53,2021-03-25,726,N20,VIIRS,l,2,304.35,4.4,D,0
16.12879,78.72556,335.42,0.63,0.54,2021-03-25,726,N20,VIIRS,n,2,303.31,7.82,D,0
16.1299,78.73126,346.33,0.63,0.54,2021-03-25,726,N20,VIIRS,n,2,303.65,7.82,D,0
16.13752,78.71785,344.33,0.63,0.54,2021-03-25,726,N20,VIIRS,n,2,304.84,82.78,D,0
16.22291,79.23675,349.86,0.58,0.52,2021-03-25,726,N20,VIIRS,n,2,305.75,13.13,D,0
16.24673,79.58698,336.18,0.55,0.51,2021-03-25,726,N20,VIIRS,l,2,307.92,2.57,D,0
16.24817,79.58466,335.65,0.55,0.51,2021-03-25,726,N20,VIIRS,l,2,306.72,3.5,D,0
16.25267,77.34347,335.0,0.39,0.59,2021-03-25,726,N20,VIIRS,n,2,304.13,2.94,D,0
16.25483,77.34151,331.3,0.39,0.59,2021-03-25,726,N20,VIIRS,l,2,304.49,1.62,D,0
16.25492,78.73667,333.5,0.63,0.54,2021-03-25,726,N20,VIIRS,n,2,302.61,2.87,D,0
16.27724,78.77307,338.69,0.63,0.54,2021-03-25,726,N20,VIIRS,n,2,302.01,7.0,D,0
16.28466,78.86407,338.13,0.62,0.54,2021-03-25,726,N20,VIIRS,n,2,299.61,5.52,D,0
16.29974,78.7729,330.05,0.62,0.54,2021-03-25,726,N20,VIIRS,l,2,303.26,3.31,D,0
16.30082,78.77835,330.03,0.62,0.54,2021-03-25,726,N20,VIIRS,l,2,303.64,3.31,D,0
16.30265,78.77308,332.35,0.62,0.54,2021-03-25,726,N20,VIIRS,l,2,303.31,3.58,D,0
16.32376,78.71409,344.66,0.63,0.54,2021-03-25,726,N20,VIIRS,n,2,304.09,6.51,D,0
16.32858,78.71266,340.46,0.63,0.54,2021-03-25,726,N20,VIIRS,n,2,303.21,6.51,D,0
16.36249,78.72967,333.14,0.63,0.54,2021-03-25,726,N20,VIIRS,l,2,305.07,3.88,D,0
16.37824,80.51347,331.49,0.48,0.48,2021-03-25,726,N20,VIIRS,l,2,302.85,3.19,D,0
16.37869,77.14085,330.32,0.4,0.6,2021-03-25,726,N20,VIIRS,n,2,295.52,1.86,D,0
16.4387,78.00931,337.04,0.35,0.57,2021-03-25,726,N20,VIIRS,n,2,299.61,1.98,D,0
16.44166,79.50771,337.37,0.55,0.51,2021-03-25,726,N20,VIIRS,n,2,304.92,4.11,D,0
16.444,79.50536,346.1,0.55,0.51,2021-03-25,726,N20,VIIRS,n,2,306.39,13.01,D,0
16.44631,79.50673,336.41,0.55,0.51,2021-03-25,726,N20,VIIRS,n,2,304.87,4.28,D,0
16.45857,78.45268,346.54,0.33,0.55,2021-03-25,726,N20,VIIRS,n,2,307.93,3.86,D,0
16.45886,78.45322,344.77,0.32,0.55,2021-03-25,726,N20,VIIRS,n,2,307.17,3.5,D,0
16.49479,78.10536,338.2,0.34,0.56,2021-03-25,726,N20,VIIRS,n,2,303.05,2.01,D,0
16.49711,78.1035,331.03,0.34,0.56,2021-03-25,726,N20,VIIRS,l,2,303.74,2.59,D,0
16.51241,77.37411,343.94,0.38,0.59,2021-03-25,726,N20,VIIRS,n,2,303.81,3.71,D,0
16.52021,77.15598,338.12,0.4,0.6,2021-03-25,726,N20,VIIRS,n,2,301.45,3.55,D,0
16.52425,77.15542,332.41,0.4,0.6,2021-03-25,726,N20,VIIRS,n,2,301.93,2.87,D,0
16.55157,77.23601,350.52,0.39,0.59,2021-03-25,726,N20,VIIRS,n,2,304.17,4.67,D,0
16.5535,77.23519,349.09,0.39,0.59,2021-03-25,726,N20,VIIRS,n,2,302.84,4.5,D,0
16.56346,80.11338,330.05,0.5,0.49,2021-03-25,726,N20,VIIRS,n,2,303.58,1.38,D,0
16.56939,77.40926,349.2,0.38,0.59,2021-03-25,726,N20,VIIRS,n,2,303.93,2.9,D,0
16.57249,77.40795,350.12,0.38,0.59,2021-03-25,726,N20,VIIRS,n,2,303.4,5.86,D,0
16.60717,78.71213,333.43,0.62,0.54,2021-03-25,726,N20,VIIRS,l,2,305.31,3.93,D,0
16.60879,78.70975,332.48,0.62,0.54,2021-03-25,726,N20,VIIRS,l,2,304.22,1.88,D,0
16.64148,77.39331,340.0,0.38,0.59,2021-03-25,726,N20,VIIRS,n,2,304.21,2.27,D,0
16.66106,78.50844,344.45,0.32,0.55,2021-03-25,726,N20,VIIRS,n,2,306.18,3.02,D,0
16.73815,77.33298,331.46,0.38,0.59,2021-03-25,726,N20,VIIRS,l,2,304.17,2.43,D,0
16.74342,80.62482,340.28,0.46,0.47,2021-03-25,726,N20,VIIRS,n,2,303.04,3.05,D,0
16.74471,78.14651,330.84,0.34,0.56,2021-03-25,726,N20,VIIRS,l,2,303.78,1.29,D,0
16.77114,78.90122,339.04,0.6,0.53,2021-03-25,726,N20,VIIRS,n,2,306.06,4.26,D,0
16.77231,78.90241,337.21,0.6,0.53,2021-03-25,726,N20,VIIRS,n,2,306.55,3.92,D,0
16.78578,80.41032,335.44,0.48,0.48,2021-03-25,726,N20,VIIRS,n,2,303.13,2.53,D,0
16.97385,80.15214,339.84,0.49,0.49,2021-03-25,726,N20,VIIRS,n,2,302.36,5.54,D,0
17.31949,80.61161,334.35,0.45,0.47,2021-03-25,726,N20,VIIRS,n,2,299.24,3.5,D,0
17.4568,81.39543,332.05,0.4,0.44,2021-03-25,726,N20,VIIRS,n,2,299.79,2.91,D,0
16.96921,78.1277,335.52,0.33,0.56,2021-03-25,727,N20,VIIRS,l,2,308.74,1.74,D,0
17.04302,78.23652,333.52,0.33,0.55,2021-03-25,727,N20,VIIRS,l,2,304.07,3.15,D,0
17.08951,78.20972,345.34,0.33,0.55,2021-03-25,727,N20,VIIRS,n,2,307.34,2.8,D,0
17.09011,78.21272,331.76,0.33,0.55,2021-03-25,727,N20,VIIRS,l,2,306.51,2.8,D,0
17.25764,79.32024,341.42,0.55,0.51,2021-03-25,727,N20,VIIRS,n,2,302.36,7.06,D,0
17.28237,77.82243,331.58,0.35,0.56,2021-03-25,727,N20,VIIRS,l,2,302.28,4.74,D,0
17.30786,77.79,331.11,0.35,0.56,2021-03-25,727,N20,VIIRS,l,2,305.17,3.03,D,0
17.45144,80.73404,330.93,0.44,0.46,2021-03-25,727,N20,VIIRS,n,2,302.89,1.76,D,0
17.46318,80.3688,345.45,0.47,0.48,2021-03-25,727,N20,VIIRS,n,2,305.31,4.09,D,0
17.51821,80.71704,331.26,0.44,0.46,2021-03-25,727,N20,VIIRS,l,2,302.52,3.68,D,0
17.52308,80.7198,342.74,0.44,0.46,2021-03-25,727,N20,VIIRS,n,2,306.51,6.93,D,0
17.5238,80.72369,350.36,0.44,0.46,2021-03-25,727,N20,VIIRS,n,2,306.95,10.69,D,0
17.61645,80.38098,352.78,0.46,0.47,2021-03-25,727,N20,VIIRS,n,2,305.93,8.73,D,0
17.67939,80.04092,336.39,0.49,0.48,2021-03-25,727,N20,VIIRS,n,2,302.06,6.57,D,0
17.68025,80.04546,341.37,0.49,0.48,2021-03-25,727,N20,VIIRS,n,2,300.07,5.44,D,0
17.68949,80.11823,333.7,0.48,0.48,2021-03-25,727,N20,VIIRS,l,2,305.11,4.03,D,0
17.69542,78.9161,330.88,0.57,0.52,2021-03-25,727,N20,VIIRS,n,2,296.47,4.79,D,0
17.71944,80.18121,341.63,0.48,0.48,2021-03-25,727,N20,VIIRS,n,2,303.89,4.59,D,0
17.74523,80.29496,342.81,0.47,0.48,2021-03-25,727,N20,VIIRS,n,2,307.51,6.47,D,0
17.78932,80.53196,333.54,0.45,0.47,2021-03-25,727,N20,VIIRS,n,2,304.57,6.34,D,0
17.79357,80.5311,367.0,0.45,0.47,2021-03-25,727,N20,VIIRS,h,2,308.07,6.34,D,0
17.79423,80.16756,338.72,0.47,0.48,2021-03-25,727,N20,VIIRS,n,2,308.65,7.16,D,0
17.80569,80.38087,340.78,0.46,0.47,2021-03-25,727,N20,VIIRS,n,2,307.01,2.86,D,0
17.80716,80.34024,332.09,0.46,0.47,2021-03-25,727,N20,VIIRS,l,2,306.2,2.93,D,0
17.81611,80.14008,352.5,0.48,0.48,2021-03-25,727,N20,VIIRS,n,2,307.9,6.55,D,0
17.82827,80.52842,342.82,0.45,0.47,2021-03-25,727,N20,VIIRS,n,2,308.06,3.43,D,0
17.82904,80.53262,337.09,0.45,0.47,2021-03-25,727,N20,VIIRS,n,2,306.74,3.43,D,0
17.83358,80.7244,345.09,0.44,0.46,2021-03-25,727,N20,VIIRS,n,2,305.12,7.14,D,0
17.84218,80.37378,338.93,0.46,0.47,2021-03-25,727,N20,VIIRS,n,2,306.91,3.03,D,0
17.84448,80.689,330.63,0.44,0.46,2021-03-25,727,N20,VIIRS,n,2,305.26,1.46,D,0
17.84613,80.18002,345.83,0.47,0.48,2021-03-25,727,N20,VIIRS,n,2,310.0,4.61,D,0
17.87775,80.17436,330.29,0.47,0.48,2021-03-25,727,N20,VIIRS,l,2,302.77,2.8,D,0
17.88799,80.54771,331.18,0.45,0.47,2021-03-25,727,N20,VIIRS,l,2,304.87,2.47,D,0
17.89946,81.31563,330.39,0.4,0.44,2021-03-25,727,N20,VIIRS,l,2,304.49,4.04,D,0
17.92132,81.13564,343.48,0.41,0.45,2021-03-25,727,N20,VIIRS,n,2,290.39,8.92,D,0
17.92888,81.15414,331.22,0.41,0.45,2021-03-25,727,N20,VIIRS,n,2,295.43,2.64,D,0
17.95953,80.03305,337.18,0.48,0.48,2021-03-25,727,N20,VIIRS,n,2,302.68,5.99,D,0
17.98591,80.51085,332.26,0.45,0.47,2021-03-25,727,N20,VIIRS,l,2,305.37,3.8,D,0
17.99726,80.21318,354.88,0.47,0.48,2021-03-25,727,N20,VIIRS,n,2,310.36,15.51,D,0
17.99802,80.20972,333.86,0.47,0.48,2021-03-25,727,N20,VIIRS,l,2,305.06,10.36,D,0
17.99885,80.21403,346.7,0.47,0.48,2021-03-25,727,N20,VIIRS,n,2,307.2,14.42,D,0
18.00772,81.43207,333.62,0.39,0.44,2021-03-25,727,N20,VIIRS,n,2,305.31,2.61,D,0
18.00836,81.43575,343.91,0.39,0.44,2021-03-25,727,N20,VIIRS,n,2,306.66,2.61,D,0
18.00895,81.43154,335.06,0.39,0.44,2021-03-25,727,N20,VIIRS,n,2,306.04,3.56,D,0
18.00962,81.43521,343.39,0.39,0.44,2021-03-25,727,N20,VIIRS,n,2,306.67,3.56,D,0
18.01584,81.10287,348.99,0.41,0.45,2021-03-25,727,N20,VIIRS,n,2,295.26,4.22,D,0
18.0175,81.08866,346.34,0.41,0.45,2021-03-25,727,N20,VIIRS,n,2,295.59,7.8,D,0
18.01978,81.10128,342.3,0.41,0.45,2021-03-25,727,N20,VIIRS,n,2,294.1,7.12,D,0
18.02085,81.08379,331.41,0.41,0.45,2021-03-25,727,N20,VIIRS,n,2,294.54,3.56,D,0
18.0245,81.10403,330.36,0.41,0.45,2021-03-25,727,N20,VIIRS,n,2,291.56,4.76,D,0
18.02851,81.10285,331.13,0.41,0.45,2021-03-25,727,N20,VIIRS,n,2,292.92,2.68,D,0
18.04553,81.4734,333.5,0.39,0.44,2021-03-25,727,N20,VIIRS,l,2,306.31,4.76,D,0
18.05212,80.04319,343.48,0.48,0.48,2021-03-25,727,N20,VIIRS,n,2,309.25,5.21,D,0
18.06966,80.60924,339.11,0.44,0.46,2021-03-25,727,N20,VIIRS,n,2,304.69,5.01,D,0
18.06974,80.60989,340.8,0.44,0.46,2021-03-25,727,N20,VIIRS,n,2,304.46,2.63,D,0
18.07384,80.60825,335.0,0.44,0.46,2021-03-25,727,N20,VIIRS,n,2,304.2,5.2,D,0
18.07392,80.60891,332.37,0.44,0.46,2021-03-25,727,N20,VIIRS,l,2,302.75,2.63,D,0
18.0788,81.45196,336.51,0.39,0.44,2021-03-25,727,N20,VIIRS,n,2,305.69,4.01,D,0
18.08195,80.0068,333.51,0.48,0.48,2021-03-25,727,N20,VIIRS,l,2,306.04,1.49,D,0
18.08575,80.34389,335.75,0.46,0.47,2021-03-25,727,N20,VIIRS,l,2,306.74,3.5,D,0
18.09582,80.35036,338.93,0.46,0.47,2021-03-25,727,N20,VIIRS,n,2,307.23,4.14,D,0
18.11178,80.31683,343.22,0.46,0.47,2021-03-25,727,N20,VIIRS,n,2,307.37,20.54,D,0
18.14026,81.32545,330.36,0.4,0.44,2021-03-25,727,N20,VIIRS,n,2,288.69,3.78,D,0
18.21482,79.84551,355.91,0.49,0.49,2021-03-25,727,N20,VIIRS,n,2,306.93,20.36,D,0
18.21647,79.85424,333.24,0.49,0.48,2021-03-25,727,N20,VIIRS,l,2,305.53,6.93,D,0
18.22832,80.73387,331.74,0.43,0.46,2021-03-25,727,N20,VIIRS,n,2,300.33,3.38,D,0
18.22907,80.73791,336.89,0.43,0.46,2021-03-25,727,N20,VIIRS,n,2,302.1,4.51,D,0
18.23365,80.36221,339.09,0.45,0.47,2021-03-25,727,N20,VIIRS,n,2,299.42,4.25,D,0
18.23442,80.36636,340.08,0.45,0.47,2021-03-25,727,N20,VIIRS,n,2,297.97,4.25,D,0
18.24535,79.81692,342.87,0.49,0.49,2021-03-25,727,N20,VIIRS,n,2,305.7,5.39,D,0
18.24627,79.82166,339.64,0.49,0.49,2021-03-25,727,N20,VIIRS,n,2,304.69,5.39,D,0
18.2465,79.8194,348.27,0.49,0.49,2021-03-25,727,N20,VIIRS,n,2,305.58,8.83,D,0
18.24736,79.82398,331.74,0.49,0.49,2021-03-25,727,N20,VIIRS,l,2,305.22,2.56,D,0
18.24987,80.73386,330.71,0.43,0.46,2021-03-25,727,N20,VIIRS,l,2,300.92,2.19,D,0
18.25169,81.38467,331.02,0.39,0.44,2021-03-25,727,N20,VIIRS,n,2,290.33,1.95,D,0
18.25297,80.704,334.26,0.43,0.46,2021-03-25,727,N20,VIIRS,n,2,303.88,2.62,D,0
18.26133,80.70252,330.71,0.43,0.46,2021-03-25,727,N20,VIIRS,l,2,304.69,3.19,D,0
18.26298,80.29131,335.52,0.46,0.47,2021-03-25,727,N20,VIIRS,n,2,303.32,4.31,D,0
18.27218,80.07861,339.98,0.47,0.48,2021-03-25,727,N20,VIIRS,n,2,301.94,3.25,D,0
18.29708,80.01866,343.71,0.48,0.48,2021-03-25,727,N20,VIIRS,n,2,306.37,3.86,D,0
18.2974,80.01588,348.82,0.48,0.48,2021-03-25,727,N20,VIIRS,n,2,307.68,7.78,D,0
18.30176,80.01505,332.22,0.48,0.48,2021-03-25,727,N20,VIIRS,l,2,306.39,3.9,D,0
18.3059,78.79412,335.3,0.57,0.52,2021-03-25,727,N20,VIIRS,n,2,300.02,7.18,D,0
18.30891,80.67942,341.15,0.43,0.46,2021-03-25,727,N20,VIIRS,n,2,303.13,2.75,D,0
18.30992,80.67973,355.35,0.43,0.46,2021-03-25,727,N20,VIIRS,n,2,305.1,10.12,D,0
18.31314,77.69154,344.57,0.34,0.56,2021-03-25,727,N20,VIIRS,n,2,299.63,4.62,D,0
18.31981,80.03872,335.69,0.47,0.48,2021-03-25,727,N20,VIIRS,n,2,305.46,2.61,D,0
18.35043,81.41772,332.86,0.39,0.44,2021-03-25,727,N20,VIIRS,n,2,302.4,2.26,D,0
18.35185,80.37042,335.18,0.45,0.47,2021-03-25,727,N20,VIIRS,l,2,306.7,3.9,D,0
18.35254,80.36894,345.87,0.45,0.47,2021-03-25,727,N20,VIIRS,n,2,306.53,6.12,D,0
18.35267,80.04581,332.01,0.47,0.48,2021-03-25,727,N20,VIIRS,l,2,305.31,2.54,D,0
18.35531,80.36543,336.38,0.45,0.47,2021-03-25,727,N20,VIIRS,n,2,305.94,3.9,D,0
18.3662,80.06992,334.73,0.47,0.48,2021-03-25,727,N20,VIIRS,n,2,303.21,2.09,D,0
18.37466,80.5853,332.82,0.44,0.46,2021-03-25,727,N20,VIIRS,n,2,302.37,2.08,D,0
18.37866,80.32567,333.15,0.45,0.47,2021-03-25,727,N20,VIIRS,l,2,305.71,3.24,D,0
18.39483,80.05488,344.7,0.47,0.48,2021-03-25,727,N20,VIIRS,n,2,305.96,5.36,D,0
18.39751,80.18961,337.01,0.46,0.47,2021-03-25,727,N20,VIIRS,n,2,297.93,5.62,D,0
18.40544,80.58382,350.05,0.44,0.46,2021-03-25,727,N20,VIIRS,n,2,311.86,7.86,D,0
18.41078,80.33218,345.34,0.45,0.47,2021-03-25,727,N20,VIIRS,n,2,306.19,5.8,D,0
18.41603,81.41636,332.51,0.39,0.44,2021-03-25,727,N20,VIIRS,l,2,303.95,2.8,D,0
18.41739,81.44696,332.4,0.39,0.44,2021-03-25,727,N20,VIIRS,n,2,300.39,2.37,D,0
18.41772,80.32204,340.87,0.45,0.47,2021-03-25,727,N20,VIIRS,n,2,305.66,4.09,D,0
18.42,80.28674,338.17,0.46,0.47,2021-03-25,727,N20,VIIRS,n,2,304.95,4.93,D,0
18.4207,81.41947,334.27,0.39,0.44,2021-03-25,727,N20,VIIRS,n,2,302.64,1.89,D,0
18.4235,81.41211,335.59,0.39,0.44,2021-03-25,727,N20,VIIRS,n,2,302.66,4.42,D,0
18.42671,80.39413,333.3,0.45,0.47,2021-03-25,727,N20,VIIRS,l,2,307.21,2.09,D,0
18.43034,80.18738,335.9,0.46,0.47,2021-03-25,727,N20,VIIRS,n,2,303.14,4.37,D,0
18.43098,80.44075,339.65,0.44,0.46,2021-03-25,727,N20,VIIRS,n,2,310.4,11.15,D,0
18.43174,80.44482,342.71,0.44,0.46,2021-03-25,727,N20,VIIRS,n,2,309.27,10.2,D,0
18.43597,80.12347,331.73,0.47,0.47,2021-03-25,727,N20,VIIRS,l,2,305.01,3.87,D,0
18.44015,80.3001,341.58,0.45,0.47,2021-03-25,727,N20,VIIRS,n,2,306.55,3.66,D,0
18.44439,80.29916,331.63,0.45,0.47,2021-03-25,727,N20,VIIRS,l,2,305.89,4.92,D,0
18.44473,80.51488,338.86,0.44,0.46,2021-03-25,727,N20,VIIRS,n,2,308.32,7.29,D,0
18.44553,80.51917,348.66,0.44,0.46,2021-03-25,727,N20,VIIRS,n,2,312.32,9.44,D,0
18.44715,80.29842,341.09,0.45,0.47,2021-03-25,727,N20,VIIRS,n,2,306.75,9.91,D,0
18.44795,80.30264,344.33,0.45,0.47,2021-03-25,727,N20,VIIRS,n,2,305.06,8.79,D,0
18.44864,80.29822,340.46,0.45,0.47,2021-03-25,727,N20,VIIRS,n,2,305.72,4.92,D,0
18.44941,80.30245,345.19,0.45,0.47,2021-03-25,727,N20,VIIRS,n,2,304.93,9.02,D,0
18.45056,80.38059,331.61,0.45,0.47,2021-03-25,727,N20,VIIRS,l,2,306.45,2.22,D,0
18.45809,80.14585,331.19,0.46,0.47,2021-03-25,727,N20,VIIRS,l,2,301.74,4.17,D,0
18.45892,80.15022,346.63,0.46,0.47,2021-03-25,727,N20,VIIRS,n,2,303.07,5.1,D,0
18.46016,78.54699,338.03,0.59,0.53,2021-03-25,727,N20,VIIRS,n,2,293.93,4.71,D,0
18.46321,80.14933,335.54,0.46,0.47,2021-03-25,727,N20,VIIRS,n,2,303.02,4.01,D,0
18.46927,79.84567,330.43,0.48,0.48,2021-03-25,727,N20,VIIRS,n,2,298.38,3.3,D,0
18.46966,79.8477,331.57,0.48,0.48,2021-03-25,727,N20,VIIRS,n,2,298.78,2.95,D,0
18.47294,80.20081,341.86,0.46,0.47,2021-03-25,727,N20,VIIRS,n,2,303.4,5.25,D,0
18.47364,79.84474,332.58,0.48,0.48,2021-03-25,727,N20,VIIRS,n,2,298.84,3.3,D,0
18.4737,80.34518,335.6,0.45,0.47,2021-03-25,727,N20,VIIRS,n,2,305.24,2.17,D,0
18.47403,79.84679,332.25,0.48,0.48,2021-03-25,727,N20,VIIRS,n,2,298.87,2.95,D,0
18.48469,80.21603,336.09,0.46,0.47,2021-03-25,727,N20,VIIRS,n,2,302.05,3.21,D,0
18.49547,79.93789,341.53,0.48,0.48,2021-03-25,727,N20,VIIRS,n,2,304.67,7.05,D,0
18.4963,79.94234,336.48,0.48,0.48,2021-03-25,727,N20,VIIRS,n,2,304.9,7.16,D,0
18.49651,79.93964,349.87,0.48,0.48,2021-03-25,727,N20,VIIRS,n,2,305.56,8.62,D,0
18.49698,80.18681,341.99,0.46,0.47,2021-03-25,727,N20,VIIRS,n,2,304.72,13.27,D,0
18.5116,80.24139,331.49,0.46,0.47,2021-03-25,727,N20,VIIRS,l,2,304.33,1.83,D,0
18.5124,80.24564,330.28,0.46,0.47,2021-03-25,727,N20,VIIRS,l,2,303.88,2.77,D,0
18.52193,80.04843,332.26,0.47,0.48,2021-03-25,727,N20,VIIRS,l,2,304.49,2.71,D,0
18.52273,80.98476,332.74,0.41,0.45,2021-03-25,727,N20,VIIRS,l,2,307.54,4.83,D,0
18.52625,80.04752,345.24,0.47,0.48,2021-03-25,727,N20,VIIRS,n,2,306.4,5.77,D,0
18.53177,80.12312,334.12,0.46,0.47,2021-03-25,727,N20,VIIRS,l,2,305.82,5.07,D,0
18.53376,80.121,335.69,0.46,0.47,2021-03-25,727,N20,VIIRS,l,2,306.6,3.19,D,0
18.53416,79.68285,333.55,0.49,0.49,2021-03-25,727,N20,VIIRS,l,2,306.36,3.08,D,0
18.53455,80.12527,336.86,0.46,0.47,2021-03-25,727,N20,VIIRS,n,2,306.14,3.78,D,0
18.53607,80.12222,351.71,0.46,0.47,2021-03-25,727,N20,VIIRS,n,2,307.03,5.07,D,0
18.53733,81.46299,334.46,0.38,0.44,2021-03-25,727,N20,VIIRS,n,2,304.94,2.88,D,0
18.53954,80.24884,344.39,0.46,0.47,2021-03-25,727,N20,VIIRS,n,2,304.31,6.15,D,0
18.54893,80.11948,351.63,0.46,0.47,2021-03-25,727,N20,VIIRS,n,2,309.48,11.07,D,0
18.56482,80.24963,334.32,0.45,0.47,2021-03-25,727,N20,VIIRS,n,2,302.95,6.04,D,0
18.5715,80.65797,339.18,0.43,0.46,2021-03-25,727,N20,VIIRS,n,2,306.25,2.6,D,0
18.57306,80.26969,335.35,0.45,0.47,2021-03-25,727,N20,VIIRS,n,2,305.25,3.56,D,0
18.5739,80.34372,335.85,0.45,0.47,2021-03-25,727,N20,VIIRS,l,2,305.91,3.14,D,0
18.57432,80.34223,331.0,0.45,0.47,2021-03-25,727,N20,VIIRS,l,2,305.45,3.48,D,0
18.57657,80.1004,333.63,0.46,0.47,2021-03-25,727,N20,VIIRS,l,2,304.45,4.31,D,0
18.57844,80.32127,336.56,0.45,0.47,2021-03-25,727,N20,VIIRS,n,2,305.97,5.05,D,0
18.57921,80.32538,342.12,0.45,0.47,2021-03-25,727,N20,VIIRS,n,2,306.91,5.05,D,0
18.58064,80.12197,334.39,0.46,0.47,2021-03-25,727,N20,VIIRS,n,2,305.29,4.98,D,0
18.58106,80.24192,334.97,0.45,0.47,2021-03-25,727,N20,VIIRS,n,2,303.27,3.86,D,0
18.58145,80.12629,342.36,0.46,0.47,2021-03-25,727,N20,VIIRS,n,2,305.73,6.41,D,0
18.58371,80.23254,335.81,0.46,0.47,2021-03-25,727,N20,VIIRS,n,2,303.95,4.6,D,0
18.58574,80.12543,343.04,0.46,0.47,2021-03-25,727,N20,VIIRS,n,2,304.8,5.31,D,0
18.5886,80.63393,338.35,0.43,0.46,2021-03-25,727,N20,VIIRS,n,2,305.25,2.53,D,0
18.59499,80.64526,338.34,0.43,0.46,2021-03-25,727,N20,VIIRS,n,2,303.8,2.54,D,0
18.59593,80.20331,342.35,0.46,0.47,2021-03-25,727,N20,VIIRS,n,2,305.13,4.72,D,0
18.59674,80.2076,331.19,0.46,0.47,2021-03-25,727,N20,VIIRS,l,2,304.13,4.72,D,0
18.60285,80.19292,334.55,0.46,0.47,2021-03-25,727,N20,VIIRS,l,2,306.74,2.23,D,0
18.60925,80.22712,330.73,0.46,0.47,2021-03-25,727,N20,VIIRS,l,2,304.03,2.98,D,0
18.6093,79.93567,333.17,0.47,0.48,2021-03-25,727,N20,VIIRS,l,2,303.72,3.79,D,0
18.61004,80.23134,330.55,0.46,0.47,2021-03-25,727,N20,VIIRS,l,2,303.61,2.98,D,0
18.6143,80.23045,344.65,0.46,0.47,2021-03-25,727,N20,VIIRS,n,2,305.53,8.3,D,0
18.61502,80.01212,335.85,0.47,0.48,2021-03-25,727,N20,VIIRS,n,2,305.25,3.45,D,0
18.61509,80.53799,338.44,0.44,0.46,2021-03-25,727,N20,VIIRS,n,2,307.92,2.83,D,0
18.61712,80.00581,330.59,0.47,0.48,2021-03-25,727,N20,VIIRS,l,2,304.42,2.1,D,0
18.61838,80.02957,333.81,0.47,0.48,2021-03-25,727,N20,VIIRS,l,2,306.3,2.54,D,0
18.6185,80.00687,334.41,0.47,0.48,2021-03-25,727,N20,VIIRS,n,2,304.15,2.36,D,0
18.62117,80.02776,333.12,0.47,0.48,2021-03-25,727,N20,VIIRS,l,2,305.97,5.28,D,0
18.62248,80.70162,336.28,0.43,0.46,2021-03-25,727,N20,VIIRS,n,2,304.69,3.1,D,0
18.62393,80.70961,330.77,0.43,0.46,2021-03-25,727,N20,VIIRS,l,2,305.66,2.9,D,0
18.62864,80.23624,333.26,0.45,0.47,2021-03-25,727,N20,VIIRS,l,2,304.8,4.8,D,0
18.63462,80.41006,341.86,0.44,0.46,2021-03-25,727,N20,VIIRS,n,2,308.59,5.2,D,0
18.63471,80.33994,336.91,0.45,0.47,2021-03-25,727,N20,VIIRS,n,2,306.73,2.48,D,0
18.64282,80.35999,331.69,0.45,0.47,2021-03-25,727,N20,VIIRS,l,2,306.31,2.35,D,0
18.64289,80.52431,334.59,0.44,0.46,2021-03-25,727,N20,VIIRS,n,2,305.73,18.34,D,0
18.64358,80.52804,345.68,0.44,0.46,2021-03-25,727,N20,VIIRS,n,2,306.31,18.34,D,0
18.64708,80.52353,331.57,0.44,0.46,2021-03-25,727,N20,VIIRS,l,2,305.59,18.34,D,0
18.64777,80.52724,354.05,0.44,0.46,2021-03-25,727,N20,VIIRS,n,2,310.3,18.34,D,0
18.64852,80.53127,330.0,0.44,0.46,2021-03-25,727,N20,VIIRS,l,2,302.41,7.04,D,0
18.65195,80.52638,331.82,0.44,0.46,2021-03-25,727,N20,VIIRS,l,2,305.05,2.42,D,0
18.65399,80.34927,344.34,0.45,0.47,2021-03-25,727,N20,VIIRS,n,2,306.24,2.85,D,0
18.65698,80.59988,345.66,0.43,0.46,2021-03-25,727,N20,VIIRS,n,2,304.34,10.18,D,0
18.65769,80.60366,346.36,0.43,0.46,2021-03-25,727,N20,VIIRS,n,2,303.54,5.45,D,0
18.65913,80.61141,348.44,0.43,0.46,2021-03-25,727,N20,VIIRS,n,2,306.27,3.83,D,0
18.66031,80.5247,354.88,0.44,0.46,2021-03-25,727,N20,VIIRS,n,2,312.27,16.54,D,0
18.66106,80.52874,356.26,0.44,0.46,2021-03-25,727,N20,VIIRS,n,2,309.27,19.78,D,0
18.66183,80.60277,332.95,0.43,0.46,2021-03-25,727,N20,VIIRS,n,2,302.77,5.45,D,0
18.66256,80.53685,335.81,0.43,0.46,2021-03-25,727,N20,VIIRS,l,2,306.85,1.88,D,0
18.66256,80.60667,348.07,0.43,0.46,2021-03-25,727,N20,VIIRS,n,2,304.39,5.45,D,0
18.66327,80.6105,331.7,0.43,0.46,2021-03-25,727,N20,VIIRS,l,2,304.07,3.83,D,0
18.66449,80.52386,336.24,0.44,0.46,2021-03-25,727,N20,VIIRS,n,2,305.77,16.54,D,0
18.66868,80.38143,336.69,0.44,0.46,2021-03-25,727,N20,VIIRS,n,2,304.81,8.37,D,0
18.66943,80.38554,346.09,0.44,0.46,2021-03-25,727,N20,VIIRS,n,2,306.9,8.37,D,0
18.67074,80.13994,334.12,0.46,0.47,2021-03-25,727,N20,VIIRS,n,2,302.79,3.35,D,0
18.67188,80.63365,340.98,0.43,0.46,2021-03-25,727,N20,VIIRS,n,2,305.3,2.37,D,0
18.67288,80.38051,347.63,0.44,0.46,2021-03-25,727,N20,VIIRS,n,2,307.5,8.37,D,0
18.67457,80.27659,333.91,0.45,0.47,2021-03-25,727,N20,VIIRS,n,2,302.59,4.44,D,0
18.68278,80.55254,338.81,0.43,0.46,2021-03-25,727,N20,VIIRS,n,2,304.64,3.15,D,0
18.68338,80.7879,337.44,0.42,0.45,2021-03-25,727,N20,VIIRS,n,2,307.87,2.94,D,0
18.68353,80.55657,333.38,0.43,0.46,2021-03-25,727,N20,VIIRS,l,2,304.44,4.91,D,0
18.68939,80.51784,334.5,0.44,0.46,2021-03-25,727,N20,VIIRS,l,2,304.9,1.06,D,0
18.70593,80.32599,333.55,0.45,0.47,2021-03-25,727,N20,VIIRS,n,2,301.59,2.8,D,0
18.7144,80.32431,330.38,0.45,0.47,2021-03-25,727,N20,VIIRS,n,2,300.03,2.75,D,0
18.71678,80.69086,337.97,0.42,0.46,2021-03-25,727,N20,VIIRS,l,2,309.4,4.52,D,0
18.71876,80.67821,332.75,0.43,0.46,2021-03-25,727,N20,VIIRS,l,2,306.85,2.62,D,0
18.71927,80.55811,342.14,0.43,0.46,2021-03-25,727,N20,VIIRS,n,2,307.14,2.63,D,0
18.72207,80.31841,335.5,0.45,0.47,2021-03-25,727,N20,VIIRS,n,2,299.93,2.05,D,0
18.72248,80.55679,347.99,0.43,0.46,2021-03-25,727,N20,VIIRS,n,2,308.93,5.72,D,0
18.72709,80.32175,330.82,0.45,0.47,2021-03-25,727,N20,VIIRS,l,2,301.24,2.05,D,0
18.7327,79.96225,339.8,0.47,0.48,2021-03-25,727,N20,VIIRS,n,2,294.97,4.87,D,0
18.73304,80.25942,339.65,0.45,0.47,2021-03-25,727,N20,VIIRS,n,2,296.97,6.12,D,0
18.73479,79.90257,353.07,0.47,0.48,2021-03-25,727,N20,VIIRS,n,2,301.08,10.13,D,0
18.74268,80.54458,333.14,0.43,0.46,2021-03-25,727,N20,VIIRS,l,2,307.35,2.7,D,0
18.74809,81.16092,331.39,0.4,0.44,2021-03-25,727,N20,VIIRS,n,2,302.33,1.39,D,0
18.75034,80.96761,347.31,0.41,0.45,2021-03-25,727,N20,VIIRS,n,2,309.76,7.25,D,0
18.75216,81.16042,367.0,0.4,0.44,2021-03-25,727,N20,VIIRS,h,2,307.62,12.06,D,0
18.75662,80.86289,339.16,0.41,0.45,2021-03-25,727,N20,VIIRS,n,2,308.47,3.82,D,0
18.7623,79.92871,334.09,0.47,0.48,2021-03-25,727,N20,VIIRS,n,2,298.47,2.91,D,0
18.76308,80.18313,330.22,0.46,0.47,2021-03-25,727,N20,VIIRS,l,2,303.55,2.8,D,0
18.76662,79.92776,331.33,0.47,0.48,2021-03-25,727,N20,VIIRS,n,2,298.57,4.12,D,0
18.76896,80.68506,338.24,0.42,0.45,2021-03-25,727,N20,VIIRS,n,2,308.18,3.62,D,0
18.77177,79.93118,332.7,0.47,0.48,2021-03-25,727,N20,VIIRS,n,2,302.03,4.12,D,0
18.77664,80.16895,351.14,0.46,0.47,2021-03-25,727,N20,VIIRS,n,2,304.74,5.08,D,0
18.77742,80.33308,330.02,0.45,0.47,2021-03-25,727,N20,VIIRS,l,2,302.84,1.73,D,0
18.77746,80.17326,331.74,0.46,0.47,2021-03-25,727,N20,VIIRS,l,2,302.91,5.08,D,0
18.78205,81.18771,331.5,0.4,0.44,2021-03-25,727,N20,VIIRS,l,2,305.59,2.99,D,0
18.78234,80.33768,332.54,0.44,0.46,2021-03-25,727,N20,VIIRS,l,2,307.03,2.62,D,0
18.78239,80.3363,332.53,0.45,0.47,2021-03-25,727,N20,VIIRS,l,2,306.4,1.73,D,0
18.78299,80.76028,335.64,0.42,0.45,2021-03-25,727,N20,VIIRS,l,2,307.98,2.37,D,0
18.78965,80.99903,340.79,0.41,0.45,2021-03-25,727,N20,VIIRS,n,2,309.94,4.35,D,0
18.79083,80.42992,333.87,0.44,0.46,2021-03-25,727,N20,VIIRS,n,2,302.54,1.09,D,0
18.791,81.00658,342.18,0.41,0.45,2021-03-25,727,N20,VIIRS,n,2,310.32,3.54,D,0
18.79174,81.03396,338.6,0.4,0.45,2021-03-25,727,N20,VIIRS,n,2,308.86,3.08,D,0
18.79343,80.90737,342.15,0.41,0.45,2021-03-25,727,N20,VIIRS,n,2,309.64,4.93,D,0
18.79407,81.2312,353.93,0.39,0.44,2021-03-25,727,N20,VIIRS,n,2,314.93,36.18,D,0
18.79437,81.00198,338.7,0.41,0.45,2021-03-25,727,N20,VIIRS,l,2,309.94,4.35,D,0
18.79471,81.2347,332.75,0.39,0.44,2021-03-25,727,N20,VIIRS,n,2,304.04,3.54,D,0
18.79567,80.85126,333.73,0.41,0.45,2021-03-25,727,N20,VIIRS,n,2,306.71,2.02,D,0
18.79572,80.73693,342.54,0.42,0.45,2021-03-25,727,N20,VIIRS,n,2,310.05,5.28,D,0
18.79647,81.03697,339.74,0.4,0.44,2021-03-25,727,N20,VIIRS,n,2,308.68,1.17,D,0
18.79868,81.23382,334.09,0.39,0.44,2021-03-25,727,N20,VIIRS,n,2,306.21,2.71,D,0
18.80005,80.1991,331.85,0.45,0.47,2021-03-25,727,N20,VIIRS,n,2,300.88,3.2,D,0
18.80105,80.76575,339.89,0.42,0.45,2021-03-25,727,N20,VIIRS,n,2,309.66,3.43,D,0
18.80352,80.19405,338.77,0.45,0.47,2021-03-25,727,N20,VIIRS,n,2,300.92,5.96,D,0
18.80367,80.38077,345.03,0.44,0.46,2021-03-25,727,N20,VIIRS,n,2,307.85,3.96,D,0
18.80431,80.19823,335.11,0.45,0.47,2021-03-25,727,N20,VIIRS,n,2,299.55,3.2,D,0
18.80446,80.3849,333.71,0.44,0.46,2021-03-25,727,N20,VIIRS,l,2,308.69,3.96,D,0
18.80667,80.21078,333.6,0.45,0.47,2021-03-25,727,N20,VIIRS,n,2,300.42,4.74,D,0
18.81116,81.34839,337.94,0.39,0.44,2021-03-25,727,N20,VIIRS,n,2,306.13,3.1,D,0
18.8117,80.61446,337.86,0.43,0.46,2021-03-25,727,N20,VIIRS,n,2,306.52,2.83,D,0
18.81244,80.61849,332.15,0.43,0.46,2021-03-25,727,N20,VIIRS,n,2,306.6,2.83,D,0
18.81943,80.84226,336.65,0.41,0.45,2021-03-25,727,N20,VIIRS,l,2,308.68,3.21,D,0
18.81954,81.21187,336.5,0.39,0.44,2021-03-25,727,N20,VIIRS,n,2,303.25,3.27,D,0
18.8243,80.70663,341.0,0.42,0.45,2021-03-25,727,N20,VIIRS,n,2,311.42,4.21,D,0
18.83187,80.22755,342.93,0.45,0.47,2021-03-25,727,N20,VIIRS,n,2,282.28,4.54,D,0
18.83239,80.41734,331.02,0.44,0.46,2021-03-25,727,N20,VIIRS,l,2,304.5,1.72,D,0
18.83267,80.2318,333.08,0.45,0.47,2021-03-25,727,N20,VIIRS,n,2,284.27,4.54,D,0
18.83547,80.627,341.07,0.43,0.46,2021-03-25,727,N20,VIIRS,n,2,306.32,5.09,D,0
18.83619,80.63101,348.64,0.43,0.46,2021-03-25,727,N20,VIIRS,n,2,307.03,5.09,D,0
18.83633,80.27499,350.0,0.45,0.47,2021-03-25,727,N20,VIIRS,n,2,309.1,12.19,D,0
18.83712,80.27922,350.17,0.45,0.47,2021-03-25,727,N20,VIIRS,n,2,308.04,8.84,D,0
18.83723,80.209,356.03,0.45,0.47,2021-03-25,727,N20,VIIRS,n,2,294.59,9.44,D,0
18.84055,80.27405,335.92,0.45,0.47,2021-03-25,727,N20,VIIRS,l,2,307.03,4.62,D,0
18.84149,80.20814,344.25,0.45,0.47,2021-03-25,727,N20,VIIRS,n,2,291.32,9.44,D,0
18.8423,81.12565,331.27,0.4,0.44,2021-03-25,727,N20,VIIRS,l,2,305.77,1.95,D,0
18.84645,80.37605,334.76,0.44,0.46,2021-03-25,727,N20,VIIRS,n,2,305.36,1.81,D,0
18.84753,80.76387,334.42,0.42,0.45,2021-03-25,727,N20,VIIRS,l,2,308.46,2.63,D,0
18.84901,81.09428,331.51,0.4,0.44,2021-03-25,727,N20,VIIRS,n,2,304.37,1.85,D,0
18.8504,80.12353,333.13,0.46,0.47,2021-03-25,727,N20,VIIRS,n,2,298.28,7.68,D,0
18.85208,80.63699,342.21,0.43,0.46,2021-03-25,727,N20,VIIRS,n,2,307.48,6.9,D,0
18.85478,80.2797,335.75,0.45,0.47,2021-03-25,727,N20,VIIRS,n,2,303.12,3.67,D,0
18.8555,80.63235,333.03,0.43,0.46,2021-03-25,727,N20,VIIRS,l,2,304.95,6.52,D,0
18.85608,80.71704,333.58,0.42,0.45,2021-03-25,727,N20,VIIRS,l,2,305.23,3.62,D,0
18.85623,80.63621,352.06,0.43,0.46,2021-03-25,727,N20,VIIRS,n,2,307.72,6.52,D,0
18.85637,80.12128,335.34,0.46,0.47,2021-03-25,727,N20,VIIRS,n,2,298.18,3.28,D,0
18.85893,80.53577,332.0,0.43,0.46,2021-03-25,727,N20,VIIRS,l,2,303.93,3.98,D,0
18.85946,80.39908,335.11,0.44,0.46,2021-03-25,727,N20,VIIRS,n,2,304.75,3.97,D,0
18.86023,80.40321,336.73,0.44,0.46,2021-03-25,727,N20,VIIRS,n,2,304.67,3.17,D,0
18.86089,80.68385,332.41,0.42,0.45,2021-03-25,727,N20,VIIRS,l,2,306.18,2.64,D,0
18.86124,80.70847,333.23,0.42,0.45,2021-03-25,727,N20,VIIRS,l,2,305.44,2.49,D,0
18.8618,80.50485,337.8,0.43,0.46,2021-03-25,727,N20,VIIRS,n,2,305.99,7.13,D,0
18.86351,80.94466,348.45,0.41,0.45,2021-03-25,727,N20,VIIRS,n,2,310.24,8.05,D,0
18.86443,80.40237,350.25,0.44,0.46,2021-03-25,727,N20,VIIRS,n,2,305.83,6.94,D,0
18.86446,80.49589,330.74,0.43,0.46,2021-03-25,727,N20,VIIRS,l,2,304.36,6.58,D,0
18.86673,80.32054,343.57,0.44,0.46,2021-03-25,727,N20,VIIRS,n,2,305.52,6.13,D,0
18.86876,81.38113,333.71,0.38,0.43,2021-03-25,727,N20,VIIRS,l,2,306.85,2.04,D,0
18.86943,80.75208,333.7,0.42,0.45,2021-03-25,727,N20,VIIRS,l,2,307.92,3.3,D,0
18.87426,80.64083,345.23,0.42,0.46,2021-03-25,727,N20,VIIRS,n,2,306.98,5.83,D,0
18.87438,80.82371,339.05,0.41,0.45,2021-03-25,727,N20,VIIRS,l,2,310.24,2.06,D,0
18.87519,80.8228,337.99,0.41,0.45,2021-03-25,727,N20,VIIRS,l,2,311.45,3.07,D,0
18.87719,80.65654,335.01,0.42,0.45,2021-03-25,727,N20,VIIRS,l,2,306.5,2.01,D,0
18.87969,80.57773,342.68,0.43,0.46,2021-03-25,727,N20,VIIRS,n,2,306.55,6.34,D,0
18.88931,80.62954,345.05,0.43,0.46,2021-03-25,727,N20,VIIRS,n,2,307.12,3.71,D,0
18.89308,80.39243,341.36,0.44,0.46,2021-03-25,727,N20,VIIRS,n,2,299.91,6.3,D,0
18.89344,80.62865,332.96,0.43,0.46,2021-03-25,727,N20,VIIRS,l,2,304.97,3.71,D,0
18.89806,80.39582,367.0,0.44,0.46,2021-03-25,727,N20,VIIRS,h,2,301.7,10.96,D,0
18.89848,80.58623,341.43,0.43,0.46,2021-03-25,727,N20,VIIRS,n,2,305.54,5.11,D,0
18.90291,80.88579,342.81,0.41,0.45,2021-03-25,727,N20,VIIRS,n,2,309.73,6.18,D,0
18.90316,80.63483,342.02,0.42,0.46,2021-03-25,727,N20,VIIRS,n,2,309.95,6.19,D,0
18.90577,80.96882,335.11,0.41,0.45,2021-03-25,727,N20,VIIRS,l,2,306.67,2.49,D,0
18.90626,80.97211,331.19,0.41,0.45,2021-03-25,727,N20,VIIRS,l,2,305.43,3.04,D,0
18.90899,80.52636,339.23,0.43,0.46,2021-03-25,727,N20,VIIRS,n,2,304.52,3.99,D,0
18.91089,80.65354,333.73,0.42,0.45,2021-03-25,727,N20,VIIRS,n,2,305.88,1.98,D,0
18.91314,80.52545,352.08,0.43,0.46,2021-03-25,727,N20,VIIRS,n,2,306.76,6.37,D,0
18.91387,80.5294,336.27,0.43,0.46,2021-03-25,727,N20,VIIRS,n,2,305.01,4.02,D,0
18.91656,80.52055,337.56,0.43,0.46,2021-03-25,727,N20,VIIRS,n,2,305.42,6.37,D,0
18.92038,80.56493,340.72,0.43,0.46,2021-03-25,727,N20,VIIRS,n,2,303.53,4.34,D,0
18.92094,81.00529,330.3,0.4,0.44,2021-03-25,727,N20,VIIRS,l,2,302.29,5.6,D,0
18.92111,80.56892,336.18,0.43,0.46,2021-03-25,727,N20,VIIRS,n,2,303.08,3.53,D,0
18.92113,80.63933,334.36,0.42,0.46,2021-03-25,727,N20,VIIRS,l,2,307.7,5.98,D,0
18.92485,80.51868,333.03,0.43,0.46,2021-03-25,727,N20,VIIRS,l,2,305.68,3.4,D,0
18.92524,80.56801,343.05,0.43,0.46,2021-03-25,727,N20,VIIRS,n,2,303.28,3.53,D,0
18.92594,80.51894,331.15,0.43,0.46,2021-03-25,727,N20,VIIRS,l,2,305.86,4.39,D,0
18.92794,80.62974,333.01,0.42,0.46,2021-03-25,727,N20,VIIRS,l,2,307.95,3.2,D,0
18.92913,81.02689,331.74,0.4,0.44,2021-03-25,727,N20,VIIRS,l,2,304.82,4.38,D,0
18.93123,80.50124,332.99,0.43,0.46,2021-03-25,727,N20,VIIRS,l,2,305.19,2.94,D,0
18.93127,81.03838,336.75,0.4,0.44,2021-03-25,727,N20,VIIRS,n,2,305.9,7.26,D,0
18.93339,81.04983,332.75,0.4,0.44,2021-03-25,727,N20,VIIRS,l,2,305.64,1.54,D,0
18.93386,80.52075,336.31,0.43,0.46,2021-03-25,727,N20,VIIRS,n,2,305.0,4.59,D,0
18.93458,81.03372,342.99,0.4,0.44,2021-03-25,727,N20,VIIRS,n,2,307.39,7.26,D,0
18.93497,80.521,341.06,0.43,0.46,2021-03-25,727,N20,VIIRS,n,2,305.62,2.87,D,0
18.93507,81.1487,335.97,0.4,0.44,2021-03-25,727,N20,VIIRS,l,2,310.54,2.96,D,0
18.93743,80.61126,341.7,0.43,0.46,2021-03-25,727,N20,VIIRS,n,2,309.51,4.94,D,0
18.93769,81.14783,350.27,0.4,0.44,2021-03-25,727,N20,VIIRS,n,2,312.66,7.0,D,0
18.93852,80.40199,340.63,0.44,0.46,2021-03-25,727,N20,VIIRS,n,2,299.94,4.03,D,0
18.93907,81.1479,343.41,0.4,0.44,2021-03-25,727,N20,VIIRS,n,2,312.9,2.96,D,0
18.93911,80.52007,339.29,0.43,0.46,2021-03-25,727,N20,VIIRS,n,2,306.99,2.87,D,0
18.94249,80.46921,331.93,0.43,0.46,2021-03-25,727,N20,VIIRS,l,2,302.09,3.97,D,0
18.94326,80.5192,334.5,0.43,0.46,2021-03-25,727,N20,VIIRS,l,2,305.63,2.79,D,0
18.94467,80.83739,348.9,0.41,0.45,2021-03-25,727,N20,VIIRS,n,2,309.24,4.01,D,0
18.94632,80.68356,344.34,0.42,0.45,2021-03-25,727,N20,VIIRS,n,2,305.05,3.46,D,0
18.94874,80.83656,336.28,0.41,0.45,2021-03-25,727,N20,VIIRS,n,2,305.88,4.01,D,0
18.9491,81.11229,341.92,0.4,0.44,2021-03-25,727,N20,VIIRS,n,2,308.89,2.79,D,0
18.95438,80.86739,338.65,0.41,0.45,2021-03-25,727,N20,VIIRS,n,2,307.52,2.42,D,0
18.95493,80.51237,342.97,0.43,0.46,2021-03-25,727,N20,VIIRS,n,2,304.95,3.33,D,0
18.95834,80.50749,330.15,0.43,0.46,2021-03-25,727,N20,VIIRS,l,2,303.51,2.81,D,0
18.96025,80.49461,337.3,0.43,0.46,2021-03-25,727,N20,VIIRS,n,2,303.39,3.9,D,0
18.9611,80.85796,344.78,0.41,0.45,2021-03-25,727,N20,VIIRS,n,2,308.52,4.82,D,0
18.96366,80.48974,334.51,0.43,0.46,2021-03-25,727,N20,VIIRS,n,2,303.49,5.32,D,0
18.96393,80.60618,336.06,0.43,0.46,2021-03-25,727,N20,VIIRS,n,2,305.32,4.13,D,0
18.96746,80.41724,331.39,0.44,0.46,2021-03-25,727,N20,VIIRS,l,2,302.86,7.34,D,0
18.96747,81.05366,337.36,0.4,0.44,2021-03-25,727,N20,VIIRS,n,2,310.02,2.88,D,0
18.96753,80.91637,343.34,0.41,0.45,2021-03-25,727,N20,VIIRS,n,2,307.02,2.57,D,0
18.96797,80.87251,341.74,0.41,0.45,2021-03-25,727,N20,VIIRS,n,2,308.45,3.07,D,0
18.96897,80.42533,334.25,0.44,0.46,2021-03-25,727,N20,VIIRS,n,2,303.82,5.43,D,0
18.96973,80.42944,333.86,0.44,0.46,2021-03-25,727,N20,VIIRS,n,2,302.94,5.43,D,0
18.97087,81.07226,342.47,0.4,0.44,2021-03-25,727,N20,VIIRS,n,2,310.22,2.03,D,0
18.97393,80.42867,343.66,0.44,0.46,2021-03-25,727,N20,VIIRS,n,2,304.73,5.43,D,0
18.97541,80.69017,341.96,0.42,0.45,2021-03-25,727,N20,VIIRS,n,2,310.25,2.97,D,0
18.97813,80.42794,330.43,0.44,0.46,2021-03-25,727,N20,VIIRS,n,2,300.99,5.15,D,0
18.97965,80.64434,335.03,0.42,0.45,2021-03-25,727,N20,VIIRS,l,2,309.26,3.26,D,0
18.9804,80.44018,332.91,0.44,0.46,2021-03-25,727,N20,VIIRS,n,2,299.74,5.51,D,0
18.98077,80.98916,333.08,0.4,0.44,2021-03-25,727,N20,VIIRS,l,2,306.18,1.97,D,0
18.98159,80.42321,339.66,0.44,0.46,2021-03-25,727,N20,VIIRS,n,2,302.49,5.15,D,0
18.98234,80.42722,348.67,0.44,0.46,2021-03-25,727,N20,VIIRS,n,2,302.92,5.15,D,0
18.98272,81.31741,335.57,0.39,0.44,2021-03-25,727,N20,VIIRS,n,2,304.48,1.98,D,0
18.98309,80.43128,367.0,0.44,0.46,2021-03-25,727,N20,VIIRS,h,2,304.36,14.54,D,0
18.98599,81.31286,331.79,0.39,0.44,2021-03-25,727,N20,VIIRS,l,2,306.04,1.98,D,0
18.98729,80.43056,331.85,0.44,0.46,2021-03-25,727,N20,VIIRS,n,2,302.4,3.63,D,0
18.98756,80.45543,346.08,0.43,0.46,2021-03-25,727,N20,VIIRS,n,2,299.51,6.74,D,0
18.98773,80.6876,332.77,0.42,0.45,2021-03-25,727,N20,VIIRS,l,2,303.9,2.44,D,0
18.98804,80.43463,342.7,0.44,0.46,2021-03-25,727,N20,VIIRS,n,2,299.62,3.63,D,0
18.99036,81.11073,342.9,0.4,0.44,2021-03-25,727,N20,VIIRS,n,2,310.57,8.1,D,0
18.99222,80.84782,331.14,0.41,0.45,2021-03-25,727,N20,VIIRS,n,2,299.59,3.64,D,0
18.99369,80.78781,332.01,0.41,0.45,2021-03-25,727,N20,VIIRS,n,2,295.59,2.3,D,0
19.00282,80.44425,342.9,0.43,0.46,2021-03-25,727,N20,VIIRS,n,2,298.87,7.29,D,0
19.00624,80.43927,336.55,0.44,0.46,2021-03-25,727,N20,VIIRS,n,2,298.11,2.71,D,0
19.00889,80.43013,341.97,0.44,0.46,2021-03-25,727,N20,VIIRS,n,2,297.76,4.95,D,0
19.00965,80.43425,330.22,0.44,0.46,2021-03-25,727,N20,VIIRS,n,2,296.77,2.71,D,0
19.0124,81.20939,338.39,0.39,0.44,2021-03-25,727,N20,VIIRS,n,2,311.22,4.23,D,0
19.01247,81.02586,331.1,0.4,0.44,2021-03-25,727,N20,VIIRS,l,2,305.84,2.5,D,0
19.01249,80.56702,345.53,0.43,0.46,2021-03-25,727,N20,VIIRS,n,2,302.07,5.26,D,0
19.01306,81.21304,342.09,0.39,0.44,2021-03-25,727,N20,VIIRS,n,2,309.28,4.23,D,0
19.01918,80.74227,331.86,0.42,0.45,2021-03-25,727,N20,VIIRS,l,2,302.94,3.93,D,0
19.02328,80.67216,335.04,0.42,0.45,2021-03-25,727,N20,VIIRS,n,2,300.39,2.72,D,0
19.03882,81.26462,335.18,0.39,0.44,2021-03-25,727,N20,VIIRS,l,2,308.93,2.36,D,0
19.04103,81.18501,347.66,0.39,0.44,2021-03-25,727,N20,VIIRS,n,2,308.79,3.86,D,0
19.04187,81.06927,337.08,0.4,0.44,2021-03-25,727,N20,VIIRS,l,2,309.53,2.38,D,0
19.04188,80.68052,333.26,0.42,0.45,2021-03-25,727,N20,VIIRS,n,2,299.87,3.82,D,0
19.04755,81.22145,336.2,0.39,0.44,2021-03-25,727,N20,VIIRS,n,2,307.98,1.54,D,0
19.04796,80.66711,342.74,0.42,0.45,2021-03-25,727,N20,VIIRS,n,2,300.89,4.3,D,0
19.05048,80.72758,334.01,0.42,0.45,2021-03-25,727,N20,VIIRS,n,2,295.48,4.05,D,0
19.051,81.17149,336.53,0.39,0.44,2021-03-25,727,N20,VIIRS,n,2,309.07,2.16,D,0
19.05179,80.5379,330.87,0.43,0.46,2021-03-25,727,N20,VIIRS,n,2,296.25,2.08,D,0
19.05208,80.66631,342.55,0.42,0.45,2021-03-25,727,N20,VIIRS,n,2,299.96,4.3,D,0
19.05243,81.171,335.35,0.39,0.44,2021-03-25,727,N20,VIIRS,n,2,309.45,3.99,D,0
19.0556,81.12102,333.21,0.39,0.44,2021-03-25,727,N20,VIIRS,l,2,306.53,1.33,D,0
19.05593,80.53704,342.11,0.43,0.46,2021-03-25,727,N20,VIIRS,n,2,300.34,4.92,D,0
19.05631,80.56184,338.5,0.43,0.46,2021-03-25,727,N20,VIIRS,n,2,296.04,3.56,D,0
19.0574,80.45308,331.51,0.43,0.46,2021-03-25,727,N20,VIIRS,n,2,296.83,2.73,D,0
19.06233,80.54816,330.93,0.43,0.46,2021-03-25,727,N20,VIIRS,l,2,302.05,2.15,D,0
19.0674,81.09495,333.76,0.4,0.44,2021-03-25,727,N20,VIIRS,l,2,308.27,2.13,D,0
19.07549,80.59537,335.19,0.42,0.46,2021-03-25,727,N20,VIIRS,n,2,296.91,4.11,D,0
19.08755,80.12885,331.97,0.45,0.47,2021-03-25,727,N20,VIIRS,n,2,293.83,4.31,D,0
19.10039,80.54474,348.03,0.43,0.46,2021-03-25,727,N20,VIIRS,n,2,296.62,9.21,D,0
19.10235,81.19547,348.82,0.39,0.44,2021-03-25,727,N20,VIIRS,n,2,308.81,5.5,D,0
19.10584,80.59727,334.31,0.42,0.45,2021-03-25,727,N20,VIIRS,n,2,299.49,2.84,D,0
19.106,80.55185,338.29,0.43,0.46,2021-03-25,727,N20,VIIRS,n,2,297.41,7.65,D,0
19.10658,80.60127,335.03,0.42,0.45,2021-03-25,727,N20,VIIRS,n,2,296.46,2.84,D,0
19.10775,80.83591,334.51,0.41,0.45,2021-03-25,727,N20,VIIRS,n,2,293.99,3.87,D,0
19.12082,81.25187,336.17,0.39,0.44,2021-03-25,727,N20,VIIRS,l,2,310.44,0.95,D,0
19.12244,80.47757,336.44,0.43,0.46,2021-03-25,727,N20,VIIRS,n,2,297.35,3.33,D,0
19.12272,80.96367,332.56,0.4,0.44,2021-03-25,727,N20,VIIRS,n,2,300.49,4.52,D,0
19.12309,80.9631,330.81,0.4,0.44,2021-03-25,727,N20,VIIRS,n,2,299.87,3.59,D,0
19.13377,79.02411,342.91,0.53,0.5,2021-03-25,727,N20,VIIRS,n,2,289.24,4.55,D,0
19.13711,80.8578,334.07,0.41,0.45,2021-03-25,727,N20,VIIRS,n,2,297.94,2.97,D,0
19.13816,81.16541,351.15,0.39,0.44,2021-03-25,727,N20,VIIRS,n,2,308.81,8.75,D,0
19.14314,81.30732,343.78,0.38,0.43,2021-03-25,727,N20,VIIRS,n,2,310.4,3.3,D,0
19.14572,81.32162,349.76,0.38,0.43,2021-03-25,727,N20,VIIRS,n,2,309.09,7.03,D,0
19.14688,81.41848,339.73,0.57,0.43,2021-03-25,727,N20,VIIRS,n,2,306.45,7.95,D,0
19.1471,80.65892,333.22,0.42,0.45,2021-03-25,727,N20,VIIRS,n,2,291.87,2.93,D,0
19.15844,81.25557,338.13,0.39,0.44,2021-03-25,727,N20,VIIRS,n,2,311.57,2.69,D,0
19.16104,80.60687,330.9,0.42,0.45,2021-03-25,727,N20,VIIRS,n,2,293.74,5.93,D,0
19.16179,80.61083,331.71,0.42,0.45,2021-03-25,727,N20,VIIRS,n,2,296.01,3.45,D,0
19.16381,80.61012,337.12,0.42,0.45,2021-03-25,727,N20,VIIRS,n,2,295.97,2.81,D,0
19.16444,81.24325,343.55,0.39,0.44,2021-03-25,727,N20,VIIRS,n,2,311.84,8.06,D,0
19.1892,80.84343,330.36,0.41,0.45,2021-03-25,727,N20,VIIRS,n,2,288.68,4.07,D,0
19.20131,80.12898,337.88,0.45,0.47,2021-03-25,727,N20,VIIRS,n,2,292.72,6.98,D,0
19.20666,80.11073,340.75,0.45,0.47,2021-03-25,727,N20,VIIRS,n,2,292.79,4.07,D,0
19.20741,80.11468,335.06,0.45,0.47,2021-03-25,727,N20,VIIRS,n,2,290.55,4.07,D,0
19.2085,80.72341,348.43,0.41,0.45,2021-03-25,727,N20,VIIRS,n,2,304.26,5.87,D,0
19.21165,80.11375,338.84,0.45,0.47,2021-03-25,727,N20,VIIRS,n,2,291.71,6.92,D,0
19.21636,80.8108,331.03,0.41,0.45,2021-03-25,727,N20,VIIRS,n,2,293.79,3.18,D,0
19.23306,81.4702,332.01,0.56,0.43,2021-03-25,727,N20,VIIRS,l,2,303.29,2.56,D,0
19.24763,80.14098,343.65,0.45,0.47,2021-03-25,727,N20,VIIRS,n,2,289.67,3.84,D,0
19.25065,80.62947,331.89,0.42,0.45,2021-03-25,727,N20,VIIRS,n,2,295.11,2.88,D,0
19.25186,80.14008,331.46,0.45,0.47,2021-03-25,727,N20,VIIRS,n,2,291.4,4.77,D,0
19.2604,80.56596,340.13,0.42,0.45,2021-03-25,727,N20,VIIRS,n,2,293.67,5.89,D,0
19.26273,80.56641,331.19,0.42,0.45,2021-03-25,727,N20,VIIRS,n,2,293.28,3.63,D,0
19.26317,80.65135,337.94,0.42,0.45,2021-03-25,727,N20,VIIRS,n,2,298.14,2.58,D,0
19.28192,80.77744,356.34,0.41,0.45,2021-03-25,727,N20,VIIRS,n,2,304.12,13.6,D,0
19.28264,80.78143,341.31,0.41,0.45,2021-03-25,727,N20,VIIRS,n,2,300.27,6.75,D,0
19.28501,80.84065,349.45,0.41,0.45,2021-03-25,727,N20,VIIRS,n,2,301.02,5.35,D,0
19.28768,80.83222,354.11,0.41,0.45,2021-03-25,727,N20,VIIRS,n,2,305.21,9.06,D,0
19.29174,80.83145,334.94,0.41,0.45,2021-03-25,727,N20,VIIRS,n,2,302.28,9.06,D,0
19.29916,80.826,337.93,0.41,0.45,2021-03-25,727,N20,VIIRS,n,2,300.0,4.5,D,0
19.30057,80.83376,343.24,0.41,0.45,2021-03-25,727,N20,VIIRS,n,2,301.23,4.4,D,0
19.30252,80.82132,367.0,0.41,0.45,2021-03-25,727,N20,VIIRS,h,2,306.89,11.74,D,0
19.30323,80.82523,350.02,0.41,0.45,2021-03-25,727,N20,VIIRS,n,2,303.48,5.38,D,0
19.30393,80.82914,351.14,0.41,0.45,2021-03-25,727,N20,VIIRS,n,2,302.93,5.38,D,0
19.30462,80.83296,352.57,0.41,0.45,2021-03-25,727,N20,VIIRS,n,2,309.84,8.56,D,0
19.30516,80.81265,356.18,0.41,0.45,2021-03-25,727,N20,VIIRS,n,2,300.92,11.14,D,0
19.30532,80.83679,340.22,0.41,0.45,2021-03-25,727,N20,VIIRS,n,2,302.93,8.56,D,0
19.30587,80.8166,349.27,0.41,0.45,2021-03-25,727,N20,VIIRS,n,2,303.69,11.74,D,0
19.30658,80.82052,341.83,0.41,0.45,2021-03-25,727,N20,VIIRS,n,2,299.74,11.74,D,0
19.30699,80.80103,333.9,0.41,0.45,2021-03-25,727,N20,VIIRS,n,2,297.3,7.43,D,0
19.30728,80.8244,336.16,0.41,0.45,2021-03-25,727,N20,VIIRS,n,2,299.31,5.38,D,0
19.30769,80.80477,347.77,0.41,0.45,2021-03-25,727,N20,VIIRS,n,2,300.43,7.43,D,0
19.30783,80.80414,353.45,0.41,0.45,2021-03-25,727,N20,VIIRS,n,2,301.26,13.31,D,0
19.30798,80.82827,335.59,0.41,0.45,2021-03-25,727,N20,VIIRS,n,2,303.95,5.38,D,0
19.30843,80.80867,348.18,0.41,0.45,2021-03-25,727,N20,VIIRS,n,2,300.79,5.45,D,0
19.30853,80.80803,346.68,0.41,0.45,2021-03-25,727,N20,VIIRS,n,2,300.68,5.5,D,0
19.30868,80.83212,345.82,0.41,0.45,2021-03-25,727,N20,VIIRS,n,2,307.15,8.56,D,0
19.30916,80.81258,344.61,0.41,0.45,2021-03-25,727,N20,VIIRS,n,2,302.46,5.45,D,0
19.30924,80.81196,342.11,0.41,0.45,2021-03-25,727,N20,VIIRS,n,2,302.24,5.5,D,0
19.30989,80.81647,337.22,0.41,0.45,2021-03-25,727,N20,VIIRS,n,2,299.47,3.17,D,0
19.30994,80.81586,345.63,0.41,0.45,2021-03-25,727,N20,VIIRS,n,2,301.58,3.29,D,0
19.31062,80.82034,330.69,0.41,0.45,2021-03-25,727,N20,VIIRS,n,2,297.49,3.17,D,0
19.31064,80.81974,334.0,0.41,0.45,2021-03-25,727,N20,VIIRS,n,2,297.63,3.29,D,0
19.31134,80.82359,333.57,0.41,0.45,2021-03-25,727,N20,VIIRS,n,2,298.98,3.1,D,0
19.31134,80.82417,332.55,0.41,0.45,2021-03-25,727,N20,VIIRS,n,2,299.43,2.99,D,0
19.31272,80.83125,345.47,0.41,0.45,2021-03-25,727,N20,VIIRS,n,2,306.61,9.59,D,0
19.31278,80.83185,355.66,0.41,0.45,2021-03-25,727,N20,VIIRS,n,2,306.08,7.88,D,0
19.31323,80.81182,343.43,0.41,0.45,2021-03-25,727,N20,VIIRS,n,2,299.32,5.45,D,0
19.31331,80.81119,337.8,0.41,0.45,2021-03-25,727,N20,VIIRS,n,2,298.79,5.5,D,0
19.314,80.81505,330.24,0.41,0.45,2021-03-25,727,N20,VIIRS,n,2,297.64,3.29,D,0
19.31607,80.82652,332.7,0.41,0.45,2021-03-25,727,N20,VIIRS,n,2,301.21,3.1,D,0
19.31609,80.8271,333.93,0.41,0.45,2021-03-25,727,N20,VIIRS,n,2,301.43,2.99,D,0
19.31653,80.80699,338.34,0.41,0.45,2021-03-25,727,N20,VIIRS,n,2,299.52,5.75,D,0
19.32057,80.80605,354.12,0.41,0.45,2021-03-25,727,N20,VIIRS,n,2,300.56,5.75,D,0
19.32461,80.80512,345.38,0.41,0.45,2021-03-25,727,N20,VIIRS,n,2,299.91,4.66,D,0
19.32544,81.22218,341.24,0.39,0.44,2021-03-25,727,N20,VIIRS,n,2,303.75,2.42,D,0
19.3296,78.7625,343.67,0.55,0.51,2021-03-25,727,N20,VIIRS,n,2,295.27,9.06,D,0
19.3331,80.64592,331.14,0.42,0.45,2021-03-25,727,N20,VIIRS,n,2,298.54,2.62,D,0
19.33525,80.65758,333.23,0.42,0.45,2021-03-25,727,N20,VIIRS,n,2,300.24,2.24,D,0
19.33597,80.66148,334.51,0.42,0.45,2021-03-25,727,N20,VIIRS,n,2,299.0,2.24,D,0
19.33647,80.6412,333.48,0.42,0.45,2021-03-25,727,N20,VIIRS,n,2,299.43,3.95,D,0
19.33985,80.63646,336.67,0.42,0.45,2021-03-25,727,N20,VIIRS,n,2,299.18,4.88,D,0
19.34616,80.71658,330.28,0.41,0.45,2021-03-25,727,N20,VIIRS,n,2,298.83,1.75,D,0
19.34898,80.6629,347.33,0.42,0.45,2021-03-25,727,N20,VIIRS,n,2,301.83,5.65,D,0
19.35432,81.49299,340.42,0.56,0.43,2021-03-25,727,N20,VIIRS,n,2,300.8,4.98,D,0
19.36117,78.61349,336.72,0.56,0.51,2021-03-25,727,N20,VIIRS,l,2,307.35,2.64,D,0
19.3622,77.61597,335.49,0.32,0.55,2021-03-25,727,N20,VIIRS,n,2,303.42,1.47,D,0
19.37281,80.65392,332.36,0.42,0.45,2021-03-25,727,N20,VIIRS,n,2,297.85,1.53,D,0
19.38044,80.67249,334.03,0.42,0.45,2021-03-25,727,N20,VIIRS,n,2,298.53,1.83,D,0
19.38115,80.67641,330.84,0.41,0.45,2021-03-25,727,N20,VIIRS,n,2,297.47,1.83,D,0
19.38686,79.17927,345.34,0.51,0.5,2021-03-25,727,N20,VIIRS,n,2,307.3,4.58,D,0
19.39135,79.17831,335.03,0.51,0.5,2021-03-25,727,N20,VIIRS,n,2,301.88,4.58,D,0
19.39222,80.67426,341.86,0.41,0.45,2021-03-25,727,N20,VIIRS,n,2,299.85,2.48,D,0
19.39341,80.67384,339.54,0.41,0.45,2021-03-25,727,N20,VIIRS,n,2,300.02,2.63,D,0
19.39518,80.68993,336.47,0.41,0.45,2021-03-25,727,N20,VIIRS,n,2,302.25,6.11,D,0
19.39625,80.68954,340.08,0.41,0.45,2021-03-25,727,N20,VIIRS,n,2,302.41,6.84,D,0
19.39697,80.6935,334.26,0.41,0.45,2021-03-25,727,N20,VIIRS,n,2,302.69,3.43,D,0
19.39738,81.24199,348.19,0.38,0.43,2021-03-25,727,N20,VIIRS,n,2,304.62,9.42,D,0
19.40979,81.24271,335.46,0.38,0.43,2021-03-25,727,N20,VIIRS,n,2,303.36,2.54,D,0
19.41203,80.55293,334.63,0.42,0.45,2021-03-25,727,N20,VIIRS,n,2,294.14,2.41,D,0
19.42735,80.70341,336.19,0.41,0.45,2021-03-25,727,N20,VIIRS,n,2,306.18,3.0,D,0
19.42799,80.6386,332.58,0.42,0.45,2021-03-25,727,N20,VIIRS,l,2,305.81,3.01,D,0
19.42849,80.61838,330.33,0.42,0.45,2021-03-25,727,N20,VIIRS,n,2,302.64,2.04,D,0
19.42864,80.82312,341.96,0.41,0.45,2021-03-25,727,N20,VIIRS,n,2,306.26,3.15,D,0
19.42937,80.82706,337.5,0.41,0.45,2021-03-25,727,N20,VIIRS,n,2,305.4,3.15,D,0
19.43091,80.65427,336.52,0.42,0.45,2021-03-25,727,N20,VIIRS,n,2,303.46,3.03,D,0
19.43268,80.8223,334.03,0.41,0.45,2021-03-25,727,N20,VIIRS,n,2,305.1,3.15,D,0
19.43332,80.69005,333.01,0.41,0.45,2021-03-25,727,N20,VIIRS,l,2,307.61,3.21,D,0
19.43344,80.82633,330.74,0.41,0.45,2021-03-25,727,N20,VIIRS,n,2,304.56,3.15,D,0
19.43549,80.7017,353.06,0.41,0.45,2021-03-25,727,N20,VIIRS,n,2,310.95,17.13,D,0
19.43693,80.70942,334.16,0.41,0.45,2021-03-25,727,N20,VIIRS,l,2,307.61,3.77,D,0
19.43716,80.66508,331.43,0.41,0.45,2021-03-25,727,N20,VIIRS,n,2,294.56,1.78,D,0
19.43806,80.55511,337.1,0.42,0.45,2021-03-25,727,N20,VIIRS,n,2,302.02,7.7,D,0
19.43947,80.37634,333.11,0.43,0.46,2021-03-25,727,N20,VIIRS,n,2,275.78,7.04,D,0
19.44196,80.66811,336.19,0.41,0.45,2021-03-25,727,N20,VIIRS,n,2,304.15,1.89,D,0
19.44362,80.49249,330.02,0.42,0.46,2021-03-25,727,N20,VIIRS,n,2,292.49,2.55,D,0
19.44434,79.88486,332.96,0.46,0.47,2021-03-25,727,N20,VIIRS,n,2,301.75,5.2,D,0
19.44558,80.54955,336.5,0.42,0.45,2021-03-25,727,N20,VIIRS,n,2,299.91,4.32,D,0
19.44595,79.89348,338.44,0.46,0.47,2021-03-25,727,N20,VIIRS,n,2,298.5,3.35,D,0
19.44631,80.55351,334.13,0.42,0.45,2021-03-25,727,N20,VIIRS,n,2,300.42,6.0,D,0
19.44985,80.71073,330.6,0.41,0.45,2021-03-25,727,N20,VIIRS,l,2,304.73,1.82,D,0
19.45152,80.74256,336.91,0.41,0.45,2021-03-25,727,N20,VIIRS,n,2,305.55,4.29,D,0
19.45664,81.20781,339.86,0.38,0.44,2021-03-25,727,N20,VIIRS,n,2,302.68,2.69,D,0
19.4574,80.63689,333.35,0.42,0.45,2021-03-25,727,N20,VIIRS,l,2,304.22,3.25,D,0
19.45773,80.52271,336.65,0.42,0.45,2021-03-25,727,N20,VIIRS,n,2,299.22,4.06,D,0
19.45883,80.64465,333.83,0.42,0.45,2021-03-25,727,N20,VIIRS,l,2,305.54,7.95,D,0
19.45908,80.59975,337.58,0.42,0.45,2021-03-25,727,N20,VIIRS,n,2,300.88,4.92,D,0
19.45954,80.64851,347.86,0.42,0.45,2021-03-25,727,N20,VIIRS,n,2,307.15,9.26,D,0
19.45981,80.60374,341.53,0.42,0.45,2021-03-25,727,N20,VIIRS,n,2,303.62,4.92,D,0
19.46031,81.25083,337.01,0.38,0.43,2021-03-25,727,N20,VIIRS,n,2,302.03,2.99,D,0
19.46053,80.60764,344.59,0.42,0.45,2021-03-25,727,N20,VIIRS,n,2,303.16,7.85,D,0
19.4627,79.62036,333.12,0.48,0.48,2021-03-25,727,N20,VIIRS,n,2,286.87,4.53,D,0
19.46355,81.40369,347.34,0.56,0.43,2021-03-25,727,N20,VIIRS,n,2,315.5,50.18,D,0
19.46356,79.62486,339.44,0.48,0.48,2021-03-25,727,N20,VIIRS,n,2,292.36,3.58,D,0
19.46819,81.24924,331.4,0.38,0.43,2021-03-25,727,N20,VIIRS,l,2,301.78,3.65,D,0
19.48765,79.15978,354.7,0.51,0.5,2021-03-25,727,N20,VIIRS,n,2,311.79,11.29,D,0
19.48858,79.16455,335.36,0.51,0.5,2021-03-25,727,N20,VIIRS,l,2,307.91,11.29,D,0
19.49386,80.52041,331.56,0.42,0.45,2021-03-25,727,N20,VIIRS,n,2,298.28,1.53,D,0
19.49685,80.62043,331.22,0.42,0.45,2021-03-25,727,N20,VIIRS,l,2,304.75,2.4,D,0
19.50586,80.03215,336.02,0.45,0.47,2021-03-25,727,N20,VIIRS,n,2,297.96,4.06,D,0
19.51012,80.99298,333.21,0.4,0.44,2021-03-25,727,N20,VIIRS,n,2,305.18,2.55,D,0
19.52085,80.15627,340.35,0.44,0.46,2021-03-25,727,N20,VIIRS,n,2,293.59,7.93,D,0
19.52124,80.15645,339.8,0.44,0.46,2021-03-25,727,N20,VIIRS,n,2,294.2,4.47,D,0
19.52128,78.89526,333.02,0.53,0.5,2021-03-25,727,N20,VIIRS,l,2,306.14,2.32,D,0
19.52426,80.15124,341.2,0.44,0.46,2021-03-25,727,N20,VIIRS,n,2,299.84,7.93,D,0
19.52492,80.59512,340.82,0.42,0.45,2021-03-25,727,N20,VIIRS,n,2,303.55,4.92,D,0
19.52756,80.58646,346.78,0.42,0.45,2021-03-25,727,N20,VIIRS,n,2,303.79,6.3,D,0
19.52794,80.49676,339.44,0.42,0.45,2021-03-25,727,N20,VIIRS,n,2,293.4,4.97,D,0
19.5305,80.02252,334.25,0.45,0.47,2021-03-25,727,N20,VIIRS,n,2,298.76,4.04,D,0
19.536,81.17999,340.6,0.39,0.44,2021-03-25,727,N20,VIIRS,n,2,305.03,4.0,D,0
19.5524,80.6058,350.51,0.42,0.45,2021-03-25,727,N20,VIIRS,n,2,302.46,6.86,D,0
19.55329,80.54146,333.39,0.42,0.45,2021-03-25,727,N20,VIIRS,n,2,298.72,2.87,D,0
19.55807,79.98138,332.28,0.45,0.47,2021-03-25,727,N20,VIIRS,n,2,300.68,1.67,D,0
19.5599,80.6004,332.23,0.42,0.45,2021-03-25,727,N20,VIIRS,n,2,300.56,3.52,D,0
19.56106,81.29547,337.32,0.57,0.43,2021-03-25,727,N20,VIIRS,n,2,303.43,3.96,D,0
19.56169,80.56395,340.41,0.42,0.45,2021-03-25,727,N20,VIIRS,n,2,301.36,4.56,D,0
19.56595,79.28759,346.01,0.5,0.49,2021-03-25,727,N20,VIIRS,n,2,311.37,5.41,D,0
19.56597,80.44752,336.01,0.43,0.46,2021-03-25,727,N20,VIIRS,n,2,288.6,3.16,D,0
19.56757,80.44658,334.57,0.42,0.46,2021-03-25,727,N20,VIIRS,n,2,288.55,2.59,D,0
19.56848,79.2903,339.29,0.5,0.49,2021-03-25,727,N20,VIIRS,l,2,310.39,3.72,D,0
19.57791,81.25356,334.41,0.57,0.43,2021-03-25,727,N20,VIIRS,n,2,303.34,12.18,D,0
19.58905,80.6669,339.95,0.41,0.45,2021-03-25,727,N20,VIIRS,n,2,308.03,4.23,D,0
19.60033,80.00062,332.94,0.45,0.47,2021-03-25,727,N20,VIIRS,l,2,304.2,2.74,D,0
19.60114,80.00485,337.84,0.45,0.47,2021-03-25,727,N20,VIIRS,n,2,305.02,4.19,D,0
19.60186,80.00314,347.03,0.45,0.47,2021-03-25,727,N20,VIIRS,n,2,305.86,4.88,D,0
19.608,79.12193,335.67,0.51,0.5,2021-03-25,727,N20,VIIRS,l,2,308.74,1.9,D,0
19.608,79.99458,333.45,0.45,0.47,2021-03-25,727,N20,VIIRS,l,2,305.96,2.83,D,0
19.613,81.2491,334.87,0.57,0.43,2021-03-25,727,N20,VIIRS,l,2,309.36,4.28,D,0
19.62703,80.51235,331.17,0.42,0.45,2021-03-25,727,N20,VIIRS,n,2,301.61,2.3,D,0
19.63021,79.47486,337.76,0.49,0.48,2021-03-25,727,N20,VIIRS,n,2,303.55,4.21,D,0
19.63199,81.0622,332.46,0.39,0.44,2021-03-25,727,N20,VIIRS,l,2,307.06,4.69,D,0
19.63658,80.56357,345.4,0.42,0.45,2021-03-25,727,N20,VIIRS,n,2,295.86,6.8,D,0
19.64886,80.56101,330.79,0.42,0.45,2021-03-25,727,N20,VIIRS,n,2,294.78,3.24,D,0
19.65925,77.51947,336.27,0.32,0.55,2021-03-25,727,N20,VIIRS,n,2,303.6,1.22,D,0
19.66718,80.47549,331.89,0.42,0.45,2021-03-25,727,N20,VIIRS,n,2,303.4,3.05,D,0
19.6681,78.98981,340.79,0.52,0.5,2021-03-25,727,N20,VIIRS,n,2,306.94,3.93,D,0
19.66815,80.50398,333.08,0.42,0.45,2021-03-25,727,N20,VIIRS,n,2,302.1,4.13,D,0
19.67142,80.0034,338.49,0.45,0.47,2021-03-25,727,N20,VIIRS,n,2,306.52,4.72,D,0
19.67208,80.21605,333.36,0.44,0.46,2021-03-25,727,N20,VIIRS,n,2,292.11,3.6,D,0
19.6742,80.49046,331.07,0.42,0.45,2021-03-25,727,N20,VIIRS,n,2,301.64,2.4,D,0
19.67459,80.02032,344.02,0.45,0.47,2021-03-25,727,N20,VIIRS,n,2,308.27,8.4,D,0
19.67566,80.00251,343.55,0.45,0.47,2021-03-25,727,N20,VIIRS,n,2,306.54,4.72,D,0
19.67759,80.4857,331.22,0.42,0.45,2021-03-25,727,N20,VIIRS,l,2,302.33,4.93,D,0
19.67853,80.51413,330.73,0.42,0.45,2021-03-25,727,N20,VIIRS,n,2,298.62,2.07,D,0
19.67903,80.49356,331.27,0.42,0.45,2021-03-25,727,N20,VIIRS,l,2,303.69,3.38,D,0
19.67918,77.6962,334.41,0.63,0.54,2021-03-25,727,N20,VIIRS,n,2,301.48,6.49,D,0
19.67925,80.51805,331.09,0.42,0.45,2021-03-25,727,N20,VIIRS,n,2,300.87,2.07,D,0
19.67997,80.52198,333.36,0.42,0.45,2021-03-25,727,N20,VIIRS,n,2,302.36,6.39,D,0
19.6801,77.69429,333.8,0.63,0.54,2021-03-25,727,N20,VIIRS,n,2,301.41,8.29,D,0
19.6848,80.52508,339.78,0.42,0.45,2021-03-25,727,N20,VIIRS,n,2,304.2,4.53,D,0
19.68557,79.89976,346.94,0.46,0.47,2021-03-25,727,N20,VIIRS,n,2,304.87,6.18,D,0
19.68579,80.49316,337.0,0.42,0.45,2021-03-25,727,N20,VIIRS,n,2,303.38,4.3,D,0
19.68717,79.8984,348.93,0.46,0.47,2021-03-25,727,N20,VIIRS,n,2,304.25,6.06,D,0
19.68727,80.49197,333.28,0.42,0.45,2021-03-25,727,N20,VIIRS,l,2,303.94,3.13,D,0
19.68799,80.49587,331.6,0.42,0.45,2021-03-25,727,N20,VIIRS,n,2,301.21,4.2,D,0
19.68983,79.89883,340.64,0.46,0.47,2021-03-25,727,N20,VIIRS,n,2,304.35,4.43,D,0
19.69143,79.89748,332.86,0.46,0.47,2021-03-25,727,N20,VIIRS,l,2,303.54,6.06,D,0
19.6955,80.49936,330.32,0.42,0.45,2021-03-25,727,N20,VIIRS,l,2,302.4,2.3,D,0
19.69698,80.50722,335.25,0.42,0.45,2021-03-25,727,N20,VIIRS,n,2,298.5,5.0,D,0
19.7027,80.6232,331.56,0.41,0.45,2021-03-25,727,N20,VIIRS,l,2,305.34,5.65,D,0
19.70415,80.63121,333.37,0.41,0.45,2021-03-25,727,N20,VIIRS,l,2,304.64,4.27,D,0
19.70562,80.48514,334.53,0.42,0.45,2021-03-25,727,N20,VIIRS,l,2,304.72,3.53,D,0
19.70807,80.61085,335.07,0.41,0.45,2021-03-25,727,N20,VIIRS,l,2,306.19,3.25,D,0
19.70875,80.60998,334.9,0.41,0.45,2021-03-25,727,N20,VIIRS,l,2,305.62,3.99,D,0
19.7104,77.38832,346.71,0.33,0.55,2021-03-25,727,N20,VIIRS,n,2,291.79,6.27,D,0
19.71107,80.66919,335.36,0.41,0.45,2021-03-25,727,N20,VIIRS,n,2,303.73,3.65,D,0
19.71176,80.58546,334.7,0.41,0.45,2021-03-25,727,N20,VIIRS,n,2,297.41,3.33,D,0
19.71317,80.38857,341.94,0.43,0.46,2021-03-25,727,N20,VIIRS,n,2,296.04,5.64,D,0
19.71364,80.6179,337.46,0.41,0.45,2021-03-25,727,N20,VIIRS,n,2,305.06,3.02,D,0
19.71426,80.61703,338.53,0.41,0.45,2021-03-25,727,N20,VIIRS,n,2,305.4,3.85,D,0
19.71428,80.02087,338.66,0.45,0.47,2021-03-25,727,N20,VIIRS,n,2,306.89,2.31,D,0
19.71465,80.44221,330.19,0.42,0.45,2021-03-25,727,N20,VIIRS,n,2,297.8,2.34,D,0
19.71479,80.60149,330.92,0.41,0.45,2021-03-25,727,N20,VIIRS,l,2,302.58,2.85,D,0
19.71554,81.47943,337.71,0.55,0.43,2021-03-25,727,N20,VIIRS,n,2,309.6,3.63,D,0
19.71574,80.62901,332.8,0.41,0.45,2021-03-25,727,N20,VIIRS,l,2,305.82,2.69,D,0
19.71628,80.62815,335.05,0.41,0.45,2021-03-25,727,N20,VIIRS,l,2,305.83,4.36,D,0
19.71732,80.34173,330.64,0.43,0.46,2021-03-25,727,N20,VIIRS,n,2,293.57,3.41,D,0
19.71778,80.021,352.32,0.45,0.47,2021-03-25,727,N20,VIIRS,n,2,308.57,8.51,D,0
19.71813,78.59226,338.26,0.55,0.51,2021-03-25,727,N20,VIIRS,l,2,312.46,5.67,D,0
19.71821,80.66453,351.99,0.41,0.45,2021-03-25,727,N20,VIIRS,n,2,307.14,7.5,D,0
19.71852,80.66377,344.44,0.41,0.45,2021-03-25,727,N20,VIIRS,n,2,307.91,5.56,D,0
19.72107,80.36184,331.87,0.43,0.46,2021-03-25,727,N20,VIIRS,n,2,294.87,2.49,D,0
19.72201,80.02015,344.75,0.45,0.47,2021-03-25,727,N20,VIIRS,n,2,307.3,5.2,D,0
19.72282,80.02437,336.5,0.45,0.47,2021-03-25,727,N20,VIIRS,l,2,307.39,4.1,D,0
19.72296,80.55472,330.77,0.42,0.45,2021-03-25,727,N20,VIIRS,n,2,297.96,2.12,D,0
19.72865,79.93952,342.06,0.45,0.47,2021-03-25,727,N20,VIIRS,n,2,307.07,6.09,D,0
19.73462,80.6169,333.22,0.41,0.45,2021-03-25,727,N20,VIIRS,l,2,307.81,5.4,D,0
19.73534,80.62077,349.76,0.41,0.45,2021-03-25,727,N20,VIIRS,n,2,309.91,5.4,D,0
19.73857,79.87527,345.09,0.46,0.47,2021-03-25,727,N20,VIIRS,n,2,306.22,7.61,D,0
19.74014,80.62381,338.8,0.41,0.45,2021-03-25,727,N20,VIIRS,n,2,307.93,6.37,D,0
19.74158,80.6315,341.84,0.41,0.45,2021-03-25,727,N20,VIIRS,n,2,309.34,3.69,D,0
19.74168,80.40339,334.76,0.42,0.46,2021-03-25,727,N20,VIIRS,n,2,298.64,3.25,D,0
19.74175,79.79805,342.6,0.46,0.47,2021-03-25,727,N20,VIIRS,n,2,309.14,5.07,D,0
19.74417,80.15878,340.68,0.44,0.46,2021-03-25,727,N20,VIIRS,n,2,294.28,5.47,D,0
19.74422,80.62299,339.45,0.41,0.45,2021-03-25,727,N20,VIIRS,n,2,308.35,2.77,D,0
19.74544,80.21358,331.75,0.44,0.46,2021-03-25,727,N20,VIIRS,n,2,297.25,2.34,D,0
19.74604,80.21406,338.33,0.44,0.46,2021-03-25,727,N20,VIIRS,n,2,299.02,2.7,D,0
19.74814,80.36873,340.1,0.43,0.46,2021-03-25,727,N20,VIIRS,n,2,301.69,2.76,D,0
19.74881,80.25548,333.02,0.43,0.46,2021-03-25,727,N20,VIIRS,n,2,297.12,1.72,D,0
19.74961,80.21271,335.62,0.44,0.46,2021-03-25,727,N20,VIIRS,n,2,301.08,2.34,D,0
19.75022,80.2132,333.98,0.44,0.46,2021-03-25,727,N20,VIIRS,n,2,301.8,3.5,D,0
19.7509,80.54504,340.17,0.42,0.45,2021-03-25,727,N20,VIIRS,n,2,294.4,4.91,D,0
19.75171,80.43441,367.0,0.42,0.45,2021-03-25,727,N20,VIIRS,h,2,307.76,6.25,D,0
19.75227,80.36783,334.18,0.43,0.46,2021-03-25,727,N20,VIIRS,n,2,302.32,2.76,D,0
19.75281,80.53246,340.22,0.42,0.45,2021-03-25,727,N20,VIIRS,n,2,294.87,4.08,D,0
19.75298,80.25463,337.33,0.43,0.46,2021-03-25,727,N20,VIIRS,n,2,300.8,3.13,D,0
19.75355,80.5364,342.8,0.42,0.45,2021-03-25,727,N20,VIIRS,n,2,294.73,4.08,D,0
19.75381,80.04866,336.61,0.45,0.47,2021-03-25,727,N20,VIIRS,n,2,305.29,4.74,D,0
19.75387,80.255,335.93,0.43,0.46,2021-03-25,727,N20,VIIRS,n,2,300.34,4.88,D,0
19.75583,80.43356,331.29,0.42,0.45,2021-03-25,727,N20,VIIRS,n,2,303.79,6.25,D,0
19.75628,80.4128,343.43,0.42,0.45,2021-03-25,727,N20,VIIRS,n,2,304.59,5.05,D,0
19.75691,80.53163,330.92,0.42,0.45,2021-03-25,727,N20,VIIRS,n,2,297.41,4.08,D,0
19.75702,80.41679,354.86,0.42,0.45,2021-03-25,727,N20,VIIRS,n,2,305.79,11.53,D,0
19.75895,80.30424,332.16,0.43,0.46,2021-03-25,727,N20,VIIRS,n,2,302.32,1.62,D,0
19.75909,80.1685,340.48,0.44,0.46,2021-03-25,727,N20,VIIRS,n,2,297.09,5.91,D,0
19.76092,80.15522,334.29,0.44,0.46,2021-03-25,727,N20,VIIRS,n,2,294.72,3.25,D,0
19.76118,80.20233,340.38,0.44,0.46,2021-03-25,727,N20,VIIRS,n,2,303.11,4.84,D,0
19.76198,80.06867,349.66,0.44,0.46,2021-03-25,727,N20,VIIRS,n,2,304.39,7.61,D,0
19.76368,80.33637,336.99,0.43,0.46,2021-03-25,727,N20,VIIRS,n,2,301.19,3.09,D,0
19.76511,80.33652,346.61,0.43,0.46,2021-03-25,727,N20,VIIRS,n,2,302.27,5.17,D,0
19.76542,80.36926,343.56,0.43,0.46,2021-03-25,727,N20,VIIRS,n,2,303.2,8.75,D,0
19.76615,79.61215,334.07,0.47,0.48,2021-03-25,727,N20,VIIRS,l,2,308.02,3.55,D,0
19.76615,80.37327,336.74,0.43,0.46,2021-03-25,727,N20,VIIRS,n,2,304.08,3.3,D,0
19.7662,80.0678,331.27,0.44,0.46,2021-03-25,727,N20,VIIRS,l,2,303.94,3.37,D,0
19.76699,80.07198,341.21,0.44,0.46,2021-03-25,727,N20,VIIRS,n,2,300.87,3.37,D,0
19.76783,80.33553,333.09,0.43,0.46,2021-03-25,727,N20,VIIRS,n,2,300.51,3.56,D,0
19.76939,80.41423,338.35,0.42,0.45,2021-03-25,727,N20,VIIRS,n,2,302.69,3.48,D,0
19.76966,80.57763,333.07,0.41,0.45,2021-03-25,727,N20,VIIRS,l,2,303.99,3.0,D,0
19.77138,80.18739,338.14,0.44,0.46,2021-03-25,727,N20,VIIRS,n,2,303.92,4.99,D,0
19.77341,81.24059,346.79,0.57,0.43,2021-03-25,727,N20,VIIRS,n,2,309.72,8.23,D,0
19.77423,80.4173,339.19,0.42,0.45,2021-03-25,727,N20,VIIRS,n,2,303.56,1.99,D,0
19.77435,80.64877,340.55,0.41,0.45,2021-03-25,727,N20,VIIRS,n,2,305.23,1.88,D,0
19.77474,80.53611,338.24,0.42,0.45,2021-03-25,727,N20,VIIRS,n,2,295.94,2.48,D,0
19.77662,80.16914,340.51,0.44,0.46,2021-03-25,727,N20,VIIRS,n,2,300.92,2.89,D,0
19.7778,80.01295,343.86,0.45,0.47,2021-03-25,727,N20,VIIRS,n,2,309.15,2.99,D,0
19.77788,80.31302,330.66,0.43,0.46,2021-03-25,727,N20,VIIRS,l,2,302.66,3.1,D,0
19.77832,80.33801,331.07,0.43,0.46,2021-03-25,727,N20,VIIRS,l,2,302.76,3.93,D,0
19.77835,80.41641,330.58,0.42,0.45,2021-03-25,727,N20,VIIRS,l,2,302.54,1.99,D,0
19.77842,80.64795,336.83,0.41,0.45,2021-03-25,727,N20,VIIRS,n,2,305.16,1.88,D,0
19.7786,80.44113,335.41,0.42,0.45,2021-03-25,727,N20,VIIRS,n,2,302.72,3.47,D,0
19.77946,80.6078,338.03,0.41,0.45,2021-03-25,727,N20,VIIRS,n,2,308.07,2.52,D,0
19.77958,80.41244,334.32,0.42,0.45,2021-03-25,727,N20,VIIRS,n,2,302.09,2.79,D,0
19.77984,80.65565,337.49,0.41,0.45,2021-03-25,727,N20,VIIRS,n,2,307.14,1.85,D,0
19.78033,80.41639,338.62,0.42,0.45,2021-03-25,727,N20,VIIRS,n,2,305.24,2.79,D,0
19.78081,80.16827,335.28,0.44,0.46,2021-03-25,727,N20,VIIRS,n,2,301.0,2.89,D,0
19.78125,80.00788,342.66,0.45,0.47,2021-03-25,727,N20,VIIRS,n,2,310.08,3.15,D,0
19.78175,80.41158,338.59,0.42,0.45,2021-03-25,727,N20,VIIRS,n,2,303.73,3.94,D,0
19.78179,79.59962,351.14,0.48,0.48,2021-03-25,727,N20,VIIRS,n,2,308.95,7.55,D,0
19.78265,79.60404,341.95,0.47,0.48,2021-03-25,727,N20,VIIRS,n,2,307.5,7.55,D,0
19.78442,80.40277,333.35,0.42,0.46,2021-03-25,727,N20,VIIRS,l,2,304.53,2.42,D,0
19.7845,77.06022,335.48,0.35,0.56,2021-03-25,727,N20,VIIRS,l,2,310.31,1.83,D,0
19.78539,80.4315,331.35,0.42,0.45,2021-03-25,727,N20,VIIRS,l,2,302.19,2.65,D,0
19.78548,80.00701,335.31,0.45,0.47,2021-03-25,727,N20,VIIRS,l,2,309.28,3.15,D,0
19.78556,80.39879,340.93,0.42,0.45,2021-03-25,727,N20,VIIRS,n,2,304.88,3.1,D,0
19.78587,80.41069,337.78,0.42,0.45,2021-03-25,727,N20,VIIRS,n,2,306.89,3.94,D,0
19.78613,79.59866,334.7,0.48,0.48,2021-03-25,727,N20,VIIRS,n,2,307.43,2.48,D,0
19.78632,80.40276,335.69,0.42,0.45,2021-03-25,727,N20,VIIRS,n,2,305.14,3.36,D,0
19.78707,80.40673,339.85,0.42,0.45,2021-03-25,727,N20,VIIRS,n,2,305.83,3.36,D,0
19.78748,80.43146,331.76,0.42,0.45,2021-03-25,727,N20,VIIRS,l,2,302.26,1.82,D,0
19.78782,80.41068,340.13,0.42,0.45,2021-03-25,727,N20,VIIRS,n,2,306.78,2.86,D,0
19.78992,80.05416,349.53,0.45,0.47,2021-03-25,727,N20,VIIRS,n,2,307.56,5.99,D,0
19.79152,80.58125,342.47,0.41,0.45,2021-03-25,727,N20,VIIRS,n,2,307.96,5.06,D,0
19.79194,80.40981,335.94,0.42,0.45,2021-03-25,727,N20,VIIRS,n,2,306.52,2.86,D,0
19.79489,80.57653,334.88,0.41,0.45,2021-03-25,727,N20,VIIRS,l,2,308.66,3.09,D,0
19.79847,79.98237,346.12,0.45,0.47,2021-03-25,727,N20,VIIRS,n,2,311.04,13.32,D,0
19.79926,79.9866,343.19,0.45,0.47,2021-03-25,727,N20,VIIRS,n,2,310.32,13.32,D,0
19.7996,80.08249,330.26,0.44,0.46,2021-03-25,727,N20,VIIRS,n,2,298.44,4.38,D,0
19.7998,80.38335,341.26,0.42,0.46,2021-03-25,727,N20,VIIRS,n,2,306.92,5.53,D,0
19.80055,80.38734,342.43,0.42,0.46,2021-03-25,727,N20,VIIRS,n,2,308.94,5.53,D,0
19.80124,80.29972,332.78,0.43,0.46,2021-03-25,727,N20,VIIRS,l,2,304.03,1.72,D,0
19.80237,79.96098,345.48,0.45,0.47,2021-03-25,727,N20,VIIRS,n,2,309.46,5.94,D,0
19.80273,80.2617,330.43,0.43,0.46,2021-03-25,727,N20,VIIRS,l,2,303.81,1.98,D,0
19.80319,79.96522,346.57,0.45,0.47,2021-03-25,727,N20,VIIRS,n,2,310.39,6.85,D,0
19.80379,79.96361,356.04,0.45,0.47,2021-03-25,727,N20,VIIRS,n,2,311.08,10.58,D,0
19.80465,81.25611,333.65,0.57,0.43,2021-03-25,727,N20,VIIRS,l,2,306.99,5.45,D,0
19.80633,80.66218,349.42,0.41,0.45,2021-03-25,727,N20,VIIRS,n,2,309.44,4.23,D,0
19.80985,79.50947,346.12,0.48,0.48,2021-03-25,727,N20,VIIRS,n,2,305.14,9.05,D,0
19.81039,80.66134,346.76,0.41,0.45,2021-03-25,727,N20,VIIRS,n,2,309.63,7.0,D,0
19.81071,79.51402,342.21,0.48,0.48,2021-03-25,727,N20,VIIRS,n,2,305.51,9.05,D,0
19.81164,80.96402,330.63,0.39,0.44,2021-03-25,727,N20,VIIRS,l,2,305.05,2.65,D,0
19.81484,80.37206,335.11,0.43,0.46,2021-03-25,727,N20,VIIRS,l,2,306.17,2.76,D,0
19.81672,80.35921,342.02,0.43,0.46,2021-03-25,727,N20,VIIRS,n,2,308.0,2.91,D,0
19.81836,79.97529,340.43,0.45,0.47,2021-03-25,727,N20,VIIRS,n,2,309.32,4.6,D,0
19.81917,79.97954,346.83,0.45,0.47,2021-03-25,727,N20,VIIRS,n,2,310.87,6.52,D,0
19.82085,80.35835,337.37,0.43,0.46,2021-03-25,727,N20,VIIRS,n,2,308.79,2.94,D,0
19.82136,81.10604,333.97,0.38,0.44,2021-03-25,727,N20,VIIRS,l,2,305.97,1.71,D,0
19.82371,80.46495,336.4,0.42,0.45,2021-03-25,727,N20,VIIRS,n,2,301.4,2.55,D,0
19.82499,80.3575,338.97,0.43,0.46,2021-03-25,727,N20,VIIRS,n,2,307.52,2.94,D,0
19.82594,81.30725,332.92,0.56,0.43,2021-03-25,727,N20,VIIRS,n,2,306.87,3.5,D,0
19.82749,80.43954,344.69,0.42,0.45,2021-03-25,727,N20,VIIRS,n,2,306.17,7.6,D,0
19.82774,80.5091,338.36,0.42,0.45,2021-03-25,727,N20,VIIRS,n,2,301.29,3.08,D,0
19.82804,80.28157,347.94,0.43,0.46,2021-03-25,727,N20,VIIRS,n,2,305.08,4.42,D,0
19.82838,80.55773,331.86,0.41,0.45,2021-03-25,727,N20,VIIRS,l,2,305.24,2.03,D,0
19.83085,80.59345,337.89,0.41,0.45,2021-03-25,727,N20,VIIRS,l,2,310.89,2.0,D,0
19.8322,80.28072,338.83,0.43,0.46,2021-03-25,727,N20,VIIRS,n,2,305.6,2.32,D,0
19.83266,81.18959,339.91,0.57,0.43,2021-03-25,727,N20,VIIRS,n,2,306.27,8.61,D,0
19.83635,80.27986,332.46,0.43,0.46,2021-03-25,727,N20,VIIRS,l,2,304.52,2.32,D,0
19.8371,80.28391,337.21,0.43,0.46,2021-03-25,727,N20,VIIRS,n,2,305.77,3.83,D,0
19.83716,80.23761,331.22,0.43,0.46,2021-03-25,727,N20,VIIRS,l,2,305.15,3.58,D,0
19.83729,80.40044,338.7,0.42,0.45,2021-03-25,727,N20,VIIRS,n,2,308.5,3.53,D,0
19.83752,80.47036,336.29,0.42,0.45,2021-03-25,727,N20,VIIRS,n,2,305.27,3.95,D,0
19.83772,80.37972,333.87,0.42,0.46,2021-03-25,727,N20,VIIRS,l,2,306.58,1.62,D,0
19.83836,81.10943,337.91,0.38,0.44,2021-03-25,727,N20,VIIRS,n,2,306.58,3.27,D,0
19.83846,80.38369,340.69,0.42,0.46,2021-03-25,727,N20,VIIRS,n,2,307.58,4.44,D,0
19.84007,80.9386,341.23,0.39,0.44,2021-03-25,727,N20,VIIRS,n,2,305.24,2.65,D,0
19.84204,80.44887,335.1,0.42,0.45,2021-03-25,727,N20,VIIRS,l,2,305.31,3.68,D,0
19.84208,81.37533,339.94,0.56,0.43,2021-03-25,727,N20,VIIRS,n,2,309.16,7.09,D,0
19.84347,80.93456,347.65,0.39,0.44,2021-03-25,727,N20,VIIRS,n,2,306.05,5.18,D,0
19.84405,80.93776,338.76,0.39,0.44,2021-03-25,727,N20,VIIRS,n,2,305.56,5.18,D,0
19.84617,81.12974,346.69,0.38,0.43,2021-03-25,727,N20,VIIRS,n,2,307.88,4.31,D,0
19.84842,79.9249,336.32,0.45,0.47,2021-03-25,727,N20,VIIRS,l,2,310.36,4.04,D,0
19.84905,81.25668,333.89,0.57,0.43,2021-03-25,727,N20,VIIRS,l,2,307.5,3.64,D,0
19.84967,80.39794,333.13,0.42,0.45,2021-03-25,727,N20,VIIRS,l,2,306.24,3.06,D,0
19.85007,78.68325,340.72,0.54,0.51,2021-03-25,727,N20,VIIRS,n,2,308.57,2.14,D,0
19.85121,80.58919,339.59,0.41,0.45,2021-03-25,727,N20,VIIRS,l,2,310.67,2.75,D,0
19.8591,80.37949,354.58,0.42,0.46,2021-03-25,727,N20,VIIRS,n,2,311.07,10.0,D,0
19.85935,80.28762,339.2,0.43,0.46,2021-03-25,727,N20,VIIRS,n,2,305.59,3.26,D,0
19.85984,80.38345,340.35,0.42,0.45,2021-03-25,727,N20,VIIRS,n,2,307.53,10.0,D,0
19.86163,78.59491,334.79,0.55,0.51,2021-03-25,727,N20,VIIRS,l,2,308.53,3.17,D,0
19.86304,80.42394,337.86,0.42,0.45,2021-03-25,727,N20,VIIRS,l,2,308.41,4.53,D,0
19.86342,80.23331,337.41,0.43,0.46,2021-03-25,727,N20,VIIRS,n,2,306.91,4.97,D,0
19.86362,79.09849,344.38,0.51,0.49,2021-03-25,727,N20,VIIRS,n,2,311.06,6.57,D,0
19.86381,77.07205,334.54,0.34,0.56,2021-03-25,727,N20,VIIRS,l,2,308.94,3.26,D,0
19.86501,79.09471,339.45,0.51,0.49,2021-03-25,727,N20,VIIRS,n,2,307.54,5.74,D,0
19.86595,79.09947,343.97,0.51,0.49,2021-03-25,727,N20,VIIRS,n,2,311.8,5.74,D,0
19.86736,80.37779,333.41,0.42,0.46,2021-03-25,727,N20,VIIRS,l,2,306.5,1.77,D,0
19.86809,79.09752,350.91,0.51,0.49,2021-03-25,727,N20,VIIRS,n,2,311.66,6.57,D,0
19.87042,79.09851,337.29,0.51,0.49,2021-03-25,727,N20,VIIRS,l,2,309.63,3.45,D,0
19.87522,81.10956,334.06,0.38,0.43,2021-03-25,727,N20,VIIRS,l,2,305.77,2.57,D,0
19.87581,81.11278,331.84,0.38,0.43,2021-03-25,727,N20,VIIRS,l,2,306.13,2.57,D,0
19.87806,80.75598,342.56,0.4,0.44,2021-03-25,727,N20,VIIRS,n,2,303.57,3.9,D,0
19.87854,77.09203,355.97,0.34,0.56,2021-03-25,727,N20,VIIRS,n,2,308.76,4.97,D,0
19.87911,81.01743,336.97,0.39,0.44,2021-03-25,727,N20,VIIRS,l,2,307.99,4.37,D,0
19.88121,80.52245,338.67,0.42,0.45,2021-03-25,727,N20,VIIRS,n,2,305.21,2.14,D,0
19.88338,80.46487,333.0,0.42,0.45,2021-03-25,727,N20,VIIRS,l,2,303.11,1.1,D,0
19.88483,80.47278,341.36,0.42,0.45,2021-03-25,727,N20,VIIRS,n,2,302.5,4.03,D,0
19.88555,80.47672,340.69,0.42,0.45,2021-03-25,727,N20,VIIRS,n,2,302.06,4.03,D,0
19.88575,80.05267,339.65,0.44,0.46,2021-03-25,727,N20,VIIRS,n,2,306.63,3.8,D,0
19.88773,80.48857,336.83,0.42,0.45,2021-03-25,727,N20,VIIRS,n,2,300.58,3.55,D,0
19.88845,80.49252,335.44,0.42,0.45,2021-03-25,727,N20,VIIRS,n,2,300.38,3.55,D,0
19.88918,80.49646,332.68,0.42,0.45,2021-03-25,727,N20,VIIRS,n,2,301.49,4.94,D,0
19.89023,81.14741,336.38,0.57,0.43,2021-03-25,727,N20,VIIRS,n,2,309.76,2.35,D,0
19.89086,80.4592,331.98,0.42,0.45,2021-03-25,727,N20,VIIRS,l,2,305.83,1.13,D,0
19.89129,77.10249,336.05,0.34,0.56,2021-03-25,727,N20,VIIRS,l,2,307.37,2.12,D,0
19.89327,80.49561,367.0,0.42,0.45,2021-03-25,727,N20,VIIRS,h,2,303.66,4.94,D,0
19.89349,80.52,331.52,0.42,0.45,2021-03-25,727,N20,VIIRS,l,2,306.27,2.5,D,0
19.89415,77.10131,337.22,0.34,0.56,2021-03-25,727,N20,VIIRS,n,2,305.16,1.84,D,0
19.89514,80.21796,342.65,0.43,0.46,2021-03-25,727,N20,VIIRS,n,2,305.64,4.85,D,0
19.89565,80.53174,334.01,0.41,0.45,2021-03-25,727,N20,VIIRS,l,2,308.69,3.39,D,0
19.89592,80.48685,339.22,0.42,0.45,2021-03-25,727,N20,VIIRS,n,2,304.13,5.36,D,0
19.89618,81.0097,337.32,0.39,0.44,2021-03-25,727,N20,VIIRS,n,2,309.18,2.77,D,0
19.89636,80.53562,340.3,0.41,0.45,2021-03-25,727,N20,VIIRS,n,2,308.57,3.32,D,0
19.8964,80.46622,342.04,0.42,0.45,2021-03-25,727,N20,VIIRS,n,2,305.92,3.07,D,0
19.89664,80.49079,350.99,0.42,0.45,2021-03-25,727,N20,VIIRS,n,2,305.04,5.36,D,0
19.89691,80.69932,343.66,0.41,0.45,2021-03-25,727,N20,VIIRS,n,2,309.94,4.9,D,0
19.89712,80.47016,351.47,0.42,0.45,2021-03-25,727,N20,VIIRS,n,2,306.86,8.53,D,0
19.89736,80.49474,339.55,0.42,0.45,2021-03-25,727,N20,VIIRS,n,2,304.21,3.66,D,0
19.8983,80.52309,334.65,0.42,0.45,2021-03-25,727,N20,VIIRS,l,2,306.5,2.5,D,0
19.89856,80.47805,338.47,0.42,0.45,2021-03-25,727,N20,VIIRS,n,2,305.92,5.07,D,0
19.89883,80.35155,339.96,0.42,0.46,2021-03-25,727,N20,VIIRS,n,2,307.67,2.72,D,0
19.89923,80.46644,352.29,0.42,0.45,2021-03-25,727,N20,VIIRS,n,2,307.46,6.5,D,0
19.8993,80.21706,332.91,0.43,0.46,2021-03-25,727,N20,VIIRS,l,2,307.39,4.85,D,0
19.90001,80.48596,352.45,0.42,0.45,2021-03-25,727,N20,VIIRS,n,2,306.34,5.36,D,0
19.9005,80.46534,334.82,0.42,0.45,2021-03-25,727,N20,VIIRS,l,2,306.81,1.96,D,0
19.90073,80.48992,344.51,0.42,0.45,2021-03-25,727,N20,VIIRS,n,2,306.45,5.36,D,0
19.90147,80.06654,338.48,0.44,0.46,2021-03-25,727,N20,VIIRS,l,2,310.84,4.39,D,0
19.90164,77.3335,367.0,0.33,0.55,2021-03-25,727,N20,VIIRS,h,2,303.78,5.66,D,0
19.90296,80.48611,351.9,0.42,0.45,2021-03-25,727,N20,VIIRS,n,2,308.49,6.87,D,0
19.90434,78.45461,338.94,0.56,0.51,2021-03-25,727,N20,VIIRS,n,2,306.46,4.52,D,0
19.90504,80.51354,343.88,0.42,0.45,2021-03-25,727,N20,VIIRS,n,2,309.41,3.09,D,0
19.90802,79.10021,337.84,0.51,0.49,2021-03-25,727,N20,VIIRS,n,2,309.99,2.86,D,0
19.91046,80.34493,338.41,0.43,0.46,2021-03-25,727,N20,VIIRS,n,2,305.56,5.11,D,0
19.91214,81.02921,340.92,0.39,0.44,2021-03-25,727,N20,VIIRS,n,2,307.14,3.69,D,0
19.91456,80.29818,345.96,0.43,0.46,2021-03-25,727,N20,VIIRS,n,2,306.95,6.03,D,0
19.91564,80.07224,343.35,0.44,0.46,2021-03-25,727,N20,VIIRS,n,2,310.43,3.16,D,0
19.9161,80.3521,335.51,0.42,0.46,2021-03-25,727,N20,VIIRS,l,2,305.99,1.54,D,0
19.91645,80.33118,334.69,0.43,0.46,2021-03-25,727,N20,VIIRS,l,2,308.25,2.5,D,0
19.91875,77.21802,340.01,0.34,0.56,2021-03-25,727,N20,VIIRS,n,2,304.92,2.47,D,0
19.91886,80.13628,335.97,0.44,0.46,2021-03-25,727,N20,VIIRS,l,2,308.34,3.92,D,0
19.91906,80.06715,338.62,0.44,0.46,2021-03-25,727,N20,VIIRS,n,2,312.55,6.09,D,0
19.91984,80.07133,354.07,0.44,0.46,2021-03-25,727,N20,VIIRS,n,2,314.5,20.65,D,0
19.92193,80.15275,335.56,0.44,0.46,2021-03-25,727,N20,VIIRS,l,2,306.22,4.1,D,0
19.92381,80.13952,346.27,0.44,0.46,2021-03-25,727,N20,VIIRS,n,2,309.18,5.65,D,0
19.92766,80.16022,333.05,0.44,0.46,2021-03-25,727,N20,VIIRS,l,2,305.98,3.65,D,0
19.92774,80.29965,340.87,0.43,0.46,2021-03-25,727,N20,VIIRS,n,2,308.58,4.29,D,0
19.92864,81.0295,331.67,0.39,0.44,2021-03-25,727,N20,VIIRS,l,2,306.11,1.52,D,0
19.92934,79.56504,346.11,0.47,0.48,2021-03-25,727,N20,VIIRS,n,2,309.19,6.17,D,0
19.92968,80.94551,338.17,0.39,0.44,2021-03-25,727,N20,VIIRS,l,2,310.31,3.93,D,0
19.93016,79.5694,334.27,0.47,0.48,2021-03-25,727,N20,VIIRS,l,2,308.75,2.18,D,0
19.93052,79.49956,341.62,0.48,0.48,2021-03-25,727,N20,VIIRS,n,2,307.48,4.19,D,0
19.93105,80.03946,349.22,0.44,0.46,2021-03-25,727,N20,VIIRS,n,2,310.62,5.63,D,0
19.93121,79.50037,343.77,0.48,0.48,2021-03-25,727,N20,VIIRS,n,2,308.15,5.31,D,0
19.93124,80.03859,344.81,0.44,0.46,2021-03-25,727,N20,VIIRS,n,2,310.83,3.84,D,0
19.93488,79.49865,345.97,0.48,0.48,2021-03-25,727,N20,VIIRS,n,2,307.55,4.19,D,0
19.93506,80.06029,347.81,0.44,0.46,2021-03-25,727,N20,VIIRS,n,2,311.64,4.26,D,0
19.9351,80.05948,348.32,0.44,0.46,2021-03-25,727,N20,VIIRS,n,2,312.43,4.39,D,0
19.93521,80.1541,334.54,0.44,0.46,2021-03-25,727,N20,VIIRS,l,2,307.43,2.37,D,0
19.93557,79.49947,339.11,0.48,0.48,2021-03-25,727,N20,VIIRS,n,2,307.19,5.31,D,0
19.93586,80.06443,341.91,0.44,0.46,2021-03-25,727,N20,VIIRS,l,2,312.32,4.26,D,0
19.93588,80.06365,342.3,0.44,0.46,2021-03-25,727,N20,VIIRS,n,2,311.97,4.39,D,0
19.93817,80.07607,336.75,0.44,0.46,2021-03-25,727,N20,VIIRS,l,2,310.68,1.89,D,0
19.93833,80.47057,343.18,0.42,0.45,2021-03-25,727,N20,VIIRS,n,2,309.56,2.63,D,0
19.93923,79.49774,346.22,0.48,0.48,2021-03-25,727,N20,VIIRS,n,2,307.81,6.27,D,0
19.93993,79.49856,349.76,0.48,0.48,2021-03-25,727,N20,VIIRS,n,2,307.96,7.12,D,0
19.94722,80.10086,334.95,0.44,0.46,2021-03-25,727,N20,VIIRS,l,2,308.68,3.89,D,0
19.94736,80.17284,331.86,0.44,0.46,2021-03-25,727,N20,VIIRS,l,2,305.58,4.86,D,0
19.9476,79.39805,344.77,0.49,0.48,2021-03-25,727,N20,VIIRS,n,2,312.31,31.07,D,0
19.94775,80.10439,335.43,0.44,0.46,2021-03-25,727,N20,VIIRS,l,2,307.76,4.02,D,0
19.94848,79.40257,348.24,0.49,0.48,2021-03-25,727,N20,VIIRS,l,2,318.86,31.07,D,0
19.94936,79.4071,342.03,0.49,0.48,2021-03-25,727,N20,VIIRS,n,2,305.97,78.63,D,0
19.94975,80.75941,336.42,0.4,0.44,2021-03-25,727,N20,VIIRS,n,2,304.84,3.98,D,0
19.9507,80.00485,335.99,0.45,0.47,2021-03-25,727,N20,VIIRS,l,2,310.07,1.62,D,0
19.95174,79.98729,339.24,0.45,0.47,2021-03-25,727,N20,VIIRS,n,2,310.35,4.84,D,0
19.95199,79.39716,337.81,0.49,0.48,2021-03-25,727,N20,VIIRS,n,2,307.03,31.07,D,0
19.95254,79.99147,342.62,0.45,0.47,2021-03-25,727,N20,VIIRS,n,2,310.22,4.84,D,0
19.95264,80.06081,342.87,0.44,0.46,2021-03-25,727,N20,VIIRS,n,2,311.35,4.44,D,0
19.95287,79.40168,333.81,0.49,0.48,2021-03-25,727,N20,VIIRS,l,2,308.69,31.07,D,0
19.95349,80.87184,334.63,0.4,0.44,2021-03-25,727,N20,VIIRS,l,2,305.27,3.39,D,0
19.95502,80.07328,339.53,0.44,0.46,2021-03-25,727,N20,VIIRS,l,2,309.76,3.59,D,0
19.95528,80.23915,346.34,0.43,0.46,2021-03-25,727,N20,VIIRS,n,2,306.14,6.6,D,0
19.95596,79.9864,336.78,0.45,0.47,2021-03-25,727,N20,VIIRS,n,2,310.58,4.84,D,0
19.95604,80.24325,330.81,0.43,0.46,2021-03-25,727,N20,VIIRS,l,2,305.48,5.46,D,0
19.95638,79.39626,336.72,0.49,0.48,2021-03-25,727,N20,VIIRS,l,2,307.68,5.08,D,0
19.95676,79.99059,343.49,0.45,0.47,2021-03-25,727,N20,VIIRS,n,2,312.56,4.84,D,0
19.95814,79.40533,350.65,0.49,0.48,2021-03-25,727,N20,VIIRS,n,2,308.01,8.78,D,0
19.9582,80.0899,337.23,0.44,0.46,2021-03-25,727,N20,VIIRS,l,2,310.36,2.37,D,0
19.95928,80.14112,336.1,0.44,0.46,2021-03-25,727,N20,VIIRS,l,2,307.84,3.64,D,0
19.96165,79.39989,338.16,0.49,0.48,2021-03-25,727,N20,VIIRS,n,2,307.18,5.08,D,0
19.96239,80.08901,347.19,0.44,0.46,2021-03-25,727,N20,VIIRS,n,2,312.96,5.42,D,0
19.96318,80.09315,336.39,0.44,0.46,2021-03-25,727,N20,VIIRS,l,2,310.33,5.42,D,0
19.96696,80.39526,334.19,0.42,0.45,2021-03-25,727,N20,VIIRS,l,2,308.78,6.17,D,0
19.97103,80.06562,339.11,0.44,0.46,2021-03-25,727,N20,VIIRS,l,2,311.27,3.32,D,0
19.97182,80.06979,344.26,0.44,0.46,2021-03-25,727,N20,VIIRS,n,2,313.12,5.72,D,0
19.97248,81.11241,337.56,0.57,0.43,2021-03-25,727,N20,VIIRS,n,2,303.69,7.57,D,0
19.97264,78.72826,336.43,0.54,0.5,2021-03-25,727,N20,VIIRS,l,2,307.0,3.33,D,0
19.97751,80.70302,341.18,0.4,0.44,2021-03-25,727,N20,VIIRS,n,2,313.42,3.48,D,0
19.97889,80.10707,349.74,0.44,0.46,2021-03-25,727,N20,VIIRS,n,2,309.82,5.6,D,0
19.97943,80.90084,333.73,0.39,0.44,2021-03-25,727,N20,VIIRS,l,2,308.34,1.35,D,0
19.97967,80.11117,339.33,0.44,0.46,2021-03-25,727,N20,VIIRS,l,2,309.9,3.0,D,0
19.98016,80.1367,353.47,0.44,0.46,2021-03-25,727,N20,VIIRS,n,2,309.81,8.52,D,0
19.98024,80.785,334.92,0.4,0.44,2021-03-25,727,N20,VIIRS,n,2,303.16,3.68,D,0
19.98045,80.11526,333.45,0.44,0.46,2021-03-25,727,N20,VIIRS,l,2,308.35,3.0,D,0
19.98108,80.90077,332.62,0.39,0.44,2021-03-25,727,N20,VIIRS,l,2,306.65,1.3,D,0
19.98152,80.54301,332.82,0.41,0.45,2021-03-25,727,N20,VIIRS,l,2,307.63,1.38,D,0
19.98307,80.10616,336.31,0.44,0.46,2021-03-25,727,N20,VIIRS,l,2,309.74,3.13,D,0
19.98357,80.78049,331.7,0.4,0.44,2021-03-25,727,N20,VIIRS,l,2,306.2,2.91,D,0
19.98463,80.11437,339.31,0.44,0.46,2021-03-25,727,N20,VIIRS,l,2,309.53,4.75,D,0
19.98607,80.5218,332.3,0.41,0.45,2021-03-25,727,N20,VIIRS,l,2,305.66,0.82,D,0
19.98624,80.05376,342.11,0.44,0.46,2021-03-25,727,N20,VIIRS,n,2,309.25,2.47,D,0
19.98807,80.94884,337.72,0.39,0.44,2021-03-25,727,N20,VIIRS,l,2,309.08,3.66,D,0
19.98918,81.13703,334.38,0.57,0.43,2021-03-25,727,N20,VIIRS,l,2,306.75,3.39,D,0
19.98954,79.47382,340.79,0.48,0.48,2021-03-25,727,N20,VIIRS,n,2,306.46,2.29,D,0
19.98983,80.81413,342.8,0.4,0.44,2021-03-25,727,N20,VIIRS,n,2,302.52,6.64,D,0
19.99003,80.94867,337.4,0.39,0.44,2021-03-25,727,N20,VIIRS,l,2,309.34,3.28,D,0
19.99268,80.9974,338.38,0.39,0.44,2021-03-25,727,N20,VIIRS,l,2,310.11,1.9,D,0
19.9931,78.54572,339.0,0.55,0.51,2021-03-25,727,N20,VIIRS,n,2,309.24,4.33,D,0
19.99329,80.4919,336.08,0.42,0.45,2021-03-25,727,N20,VIIRS,n,2,304.73,2.13,D,0
19.99454,80.81706,337.21,0.4,0.44,2021-03-25,727,N20,VIIRS,n,2,301.54,4.78,D,0
19.99465,81.00839,338.83,0.39,0.44,2021-03-25,727,N20,VIIRS,n,2,310.73,2.58,D,0
19.99634,80.78188,333.94,0.4,0.44,2021-03-25,727,N20,VIIRS,l,2,304.76,1.3,D,0
19.9967,80.41772,348.01,0.42,0.45,2021-03-25,727,N20,VIIRS,n,2,308.61,5.5,D,0
17.95154,81.22649,304.47,0.47,0.4,2021-03-25,1957,N20,VIIRS,n,2,293.55,1.09,N,0
17.95755,81.23664,306.25,0.47,0.4,2021-03-25,1957,N20,VIIRS,n,2,295.29,0.93,N,0
17.96115,81.23737,307.75,0.47,0.4,2021-03-25,1957,N20,VIIRS,n,2,295.34,0.93,N,0
17.96477,81.23793,305.82,0.47,0.4,2021-03-25,1957,N20,VIIRS,n,2,294.81,1.21,N,0
17.97818,81.16743,308.54,0.47,0.4,2021-03-25,1957,N20,VIIRS,n,2,294.85,1.95,N,0
17.97879,81.16299,322.85,0.47,0.4,2021-03-25,1957,N20,VIIRS,n,2,295.29,2.2,N,0
17.97941,81.15852,312.26,0.47,0.4,2021-03-25,1957,N20,VIIRS,n,2,294.67,2.2,N,0
17.98302,81.18612,311.94,0.47,0.4,2021-03-25,1957,N20,VIIRS,n,2,294.59,1.9,N,0
17.98429,81.15005,306.25,0.47,0.4,2021-03-25,1957,N20,VIIRS,n,2,293.32,2.26,N,0
17.99718,81.0834,312.01,0.48,0.4,2021-03-25,1957,N20,VIIRS,n,2,294.77,2.04,N,0
18.00016,81.08884,312.91,0.48,0.4,2021-03-25,1957,N20,VIIRS,n,2,294.97,2.52,N,0
18.00065,81.13924,312.4,0.47,0.4,2021-03-25,1957,N20,VIIRS,n,2,293.62,2.01,N,0
18.01516,81.11508,306.41,0.47,0.4,2021-03-25,1957,N20,VIIRS,n,2,290.43,1.29,N,0
18.02674,81.16535,311.53,0.47,0.4,2021-03-25,1957,N20,VIIRS,n,2,294.55,2.06,N,0
18.02736,81.1609,309.44,0.47,0.4,2021-03-25,1957,N20,VIIRS,n,2,294.23,1.74,N,0
18.03613,81.0983,304.63,0.48,0.4,2021-03-25,1957,N20,VIIRS,n,2,291.03,1.27,N,0
18.0584,81.36919,309.9,0.46,0.39,2021-03-25,1957,N20,VIIRS,n,2,294.04,1.68,N,0
18.06685,81.33482,305.55,0.46,0.39,2021-03-25,1957,N20,VIIRS,n,2,294.08,1.29,N,0
18.06864,81.3485,307.91,0.46,0.39,2021-03-25,1957,N20,VIIRS,n,2,293.93,1.13,N,0
18.07104,81.33115,311.05,0.46,0.39,2021-03-25,1957,N20,VIIRS,n,2,294.85,1.29,N,0
18.13309,80.96242,308.89,0.48,0.4,2021-03-25,1957,N20,VIIRS,n,2,294.15,1.5,N,0
18.13613,80.96764,309.03,0.48,0.4,2021-03-25,1957,N20,VIIRS,n,2,294.59,1.96,N,0
18.13675,80.96311,307.64,0.48,0.4,2021-03-25,1957,N20,VIIRS,n,2,295.05,1.5,N,0
18.13802,81.14289,305.66,0.47,0.4,2021-03-25,1957,N20,VIIRS,n,2,290.43,0.92,N,0
18.13863,81.1385,308.26,0.47,0.4,2021-03-25,1957,N20,VIIRS,n,2,288.03,1.32,N,0
18.13917,80.97283,311.91,0.48,0.4,2021-03-25,1957,N20,VIIRS,n,2,294.57,1.98,N,0
18.14165,81.1435,307.46,0.47,0.4,2021-03-25,1957,N20,VIIRS,n,2,290.01,0.92,N,0
18.14284,80.97346,312.69,0.48,0.4,2021-03-25,1957,N20,VIIRS,n,2,293.88,1.98,N,0
18.1453,81.1441,307.71,0.47,0.4,2021-03-25,1957,N20,VIIRS,n,2,289.01,1.41,N,0
18.14651,80.97407,318.04,0.48,0.4,2021-03-25,1957,N20,VIIRS,n,2,293.73,2.76,N,0
18.1502,80.97457,324.0,0.48,0.4,2021-03-25,1957,N20,VIIRS,n,2,294.85,2.76,N,0
18.15084,80.96997,323.39,0.48,0.4,2021-03-25,1957,N20,VIIRS,n,2,294.39,2.76,N,0
18.15763,81.10933,306.08,0.48,0.4,2021-03-25,1957,N20,VIIRS,n,2,290.29,1.37,N,0
18.17292,80.97328,317.58,0.48,0.4,2021-03-25,1957,N20,VIIRS,n,2,295.95,3.62,N,0
18.17356,80.9687,320.32,0.48,0.4,2021-03-25,1957,N20,VIIRS,n,2,295.05,3.14,N,0
18.1766,80.97386,314.92,0.48,0.4,2021-03-25,1957,N20,VIIRS,n,2,294.95,2.4,N,0
18.20947,81.2205,305.69,0.47,0.4,2021-03-25,1957,N20,VIIRS,n,2,292.95,1.08,N,0
18.22998,81.481,304.68,0.46,0.39,2021-03-25,1957,N20,VIIRS,n,2,292.78,1.37,N,0
18.26952,81.16376,305.69,0.48,0.4,2021-03-25,1957,N20,VIIRS,n,2,293.43,2.33,N,0
18.27439,81.15529,306.94,0.48,0.4,2021-03-25,1957,N20,VIIRS,n,2,291.56,0.75,N,0
18.30239,81.40921,304.18,0.46,0.39,2021-03-25,1957,N20,VIIRS,n,2,292.46,1.26,N,0
18.34707,80.83992,317.41,0.49,0.41,2021-03-25,1957,N20,VIIRS,n,2,295.65,4.51,N,0
18.39249,78.05101,303.61,0.48,0.48,2021-03-25,1957,N20,VIIRS,n,2,291.96,1.27,N,0
18.39454,81.23168,307.3,0.47,0.4,2021-03-25,1957,N20,VIIRS,n,2,294.89,1.71,N,0
18.4213,81.41251,307.68,0.46,0.39,2021-03-25,1957,N20,VIIRS,n,2,294.59,1.97,N,0
18.43045,81.37354,305.65,0.47,0.39,2021-03-25,1957,N20,VIIRS,n,2,291.12,0.82,N,0
18.4389,81.36601,301.14,0.47,0.39,2021-03-25,1957,N20,VIIRS,n,2,288.66,0.61,N,0
18.48948,77.23037,302.81,0.55,0.51,2021-03-25,1957,N20,VIIRS,n,2,291.7,0.89,N,0
18.52135,81.44394,306.03,0.46,0.39,2021-03-25,1957,N20,VIIRS,n,2,293.59,0.87,N,0
18.5314,79.5919,305.62,0.39,0.44,2021-03-25,1957,N20,VIIRS,n,2,294.88,0.78,N,0
18.5749,78.53273,308.77,0.45,0.47,2021-03-25,1957,N20,VIIRS,n,2,296.04,1.2,N,0
18.65643,79.88746,307.14,0.56,0.43,2021-03-25,1957,N20,VIIRS,n,2,294.15,1.25,N,0
18.66855,79.55518,313.59,0.39,0.44,2021-03-25,1957,N20,VIIRS,n,2,295.64,2.18,N,2
18.66888,80.59725,306.06,0.51,0.41,2021-03-25,1957,N20,VIIRS,n,2,290.03,1.48,N,0
18.67029,77.17016,303.37,0.55,0.51,2021-03-25,1957,N20,VIIRS,n,2,285.21,1.74,N,0
18.67255,77.16722,305.9,0.55,0.51,2021-03-25,1957,N20,VIIRS,n,2,285.54,0.99,N,0
18.67667,78.64763,310.42,0.44,0.46,2021-03-25,1957,N20,VIIRS,n,2,295.96,2.99,N,0
18.73128,81.19513,306.01,0.48,0.4,2021-03-25,1957,N20,VIIRS,n,2,294.56,1.39,N,0
18.75086,81.16125,311.73,0.48,0.4,2021-03-25,1957,N20,VIIRS,n,2,294.88,2.76,N,0
18.75431,79.66093,308.57,0.39,0.44,2021-03-25,1957,N20,VIIRS,n,2,295.58,1.34,N,0
18.77862,80.17805,311.41,0.54,0.42,2021-03-25,1957,N20,VIIRS,n,2,295.53,2.45,N,0
18.7823,80.32846,306.28,0.53,0.42,2021-03-25,1957,N20,VIIRS,n,2,294.53,1.86,N,0
18.78338,81.22359,303.61,0.48,0.4,2021-03-25,1957,N20,VIIRS,n,2,291.86,0.78,N,0
18.79398,81.22793,314.99,0.48,0.4,2021-03-25,1957,N20,VIIRS,n,2,292.62,4.76,N,0
18.79436,81.22511,341.51,0.48,0.4,2021-03-25,1957,N20,VIIRS,n,2,295.29,13.19,N,0
18.79459,81.2233,338.29,0.48,0.4,2021-03-25,1957,N20,VIIRS,n,2,294.37,4.76,N,0
18.79803,81.22559,303.4,0.48,0.4,2021-03-25,1957,N20,VIIRS,n,2,292.34,0.95,N,0
18.79825,81.22382,303.84,0.48,0.4,2021-03-25,1957,N20,VIIRS,n,2,291.81,4.76,N,0
18.8274,79.98892,311.35,0.56,0.43,2021-03-25,1957,N20,VIIRS,n,2,294.46,1.13,N,0
18.83186,80.56104,308.99,0.52,0.41,2021-03-25,1957,N20,VIIRS,n,2,293.7,2.52,N,0
18.85721,80.54534,314.81,0.52,0.41,2021-03-25,1957,N20,VIIRS,n,2,295.65,4.13,N,0
18.86096,80.54632,326.41,0.52,0.41,2021-03-25,1957,N20,VIIRS,n,2,296.57,6.71,N,0
18.8668,80.5317,314.17,0.52,0.41,2021-03-25,1957,N20,VIIRS,n,2,294.19,4.72,N,0
18.87193,80.31796,309.1,0.53,0.42,2021-03-25,1957,N20,VIIRS,n,2,295.8,2.12,N,0
18.88447,80.13231,312.27,0.55,0.42,2021-03-25,1957,N20,VIIRS,n,2,296.06,2.24,N,0
18.88515,80.12714,311.29,0.55,0.42,2021-03-25,1957,N20,VIIRS,n,2,295.17,2.96,N,0
18.89428,80.23837,306.25,0.54,0.42,2021-03-25,1957,N20,VIIRS,n,2,294.6,1.04,N,0
18.89528,78.89616,330.33,0.43,0.46,2021-03-25,1957,N20,VIIRS,n,2,297.46,2.73,N,0
18.89577,78.89214,313.99,0.43,0.46,2021-03-25,1957,N20,VIIRS,n,2,296.4,2.73,N,0
18.8995,78.89674,307.45,0.43,0.46,2021-03-25,1957,N20,VIIRS,n,2,293.88,1.02,N,0
18.89999,78.89269,310.76,0.43,0.46,2021-03-25,1957,N20,VIIRS,n,2,294.88,1.02,N,0
18.90414,81.21448,305.21,0.48,0.4,2021-03-25,1957,N20,VIIRS,n,2,294.27,0.81,N,0
18.90735,79.89387,316.06,0.56,0.43,2021-03-25,1957,N20,VIIRS,n,2,295.14,2.6,N,0
18.91365,80.24116,308.51,0.54,0.42,2021-03-25,1957,N20,VIIRS,n,2,294.55,1.66,N,0
18.91595,79.30765,308.58,0.41,0.45,2021-03-25,1957,N20,VIIRS,n,2,295.28,2.23,N,0
18.93289,80.0063,309.0,0.56,0.43,2021-03-25,1957,N20,VIIRS,n,2,295.77,2.24,N,0
18.93318,78.90163,309.74,0.43,0.46,2021-03-25,1957,N20,VIIRS,n,2,296.85,2.83,N,0
18.93643,80.4994,309.52,0.52,0.42,2021-03-25,1957,N20,VIIRS,n,2,289.81,2.72,N,0
18.95131,81.38478,306.11,0.47,0.4,2021-03-25,1957,N20,VIIRS,n,2,295.14,1.36,N,0
18.95192,81.38035,307.35,0.47,0.4,2021-03-25,1957,N20,VIIRS,n,2,294.74,1.36,N,0
18.97664,80.06943,310.27,0.55,0.43,2021-03-25,1957,N20,VIIRS,n,2,296.62,3.17,N,0
18.97886,81.32012,306.36,0.48,0.4,2021-03-25,1957,N20,VIIRS,n,2,293.88,1.81,N,0
18.98054,80.07015,327.46,0.55,0.43,2021-03-25,1957,N20,VIIRS,n,2,297.2,3.17,N,0
18.98199,80.05878,310.62,0.55,0.43,2021-03-25,1957,N20,VIIRS,n,2,296.99,3.77,N,0
18.98351,80.98417,310.26,0.49,0.41,2021-03-25,1957,N20,VIIRS,n,2,293.59,1.92,N,0
18.98448,80.07052,325.95,0.55,0.43,2021-03-25,1957,N20,VIIRS,n,2,297.27,4.66,N,0
18.9937,80.06088,308.77,0.55,0.43,2021-03-25,1957,N20,VIIRS,n,2,296.15,2.84,N,0
19.05183,81.22318,304.1,0.48,0.4,2021-03-25,1957,N20,VIIRS,n,2,291.51,0.86,N,0
19.05244,81.21868,306.38,0.48,0.4,2021-03-25,1957,N20,VIIRS,n,2,293.38,0.86,N,0
19.05386,80.24467,307.74,0.54,0.42,2021-03-25,1957,N20,VIIRS,n,2,293.89,1.01,N,0
19.05548,81.22385,307.07,0.48,0.4,2021-03-25,1957,N20,VIIRS,n,2,293.94,2.46,N,0
19.05608,81.46342,306.32,0.47,0.4,2021-03-25,1957,N20,VIIRS,n,2,294.91,1.51,N,0
19.05701,79.36668,309.6,0.41,0.45,2021-03-25,1957,N20,VIIRS,n,2,296.29,2.49,N,0
19.05747,79.36301,317.36,0.41,0.45,2021-03-25,1957,N20,VIIRS,n,2,295.96,2.46,N,0
19.06712,80.14145,304.49,0.55,0.43,2021-03-25,1957,N20,VIIRS,n,2,293.39,0.63,N,0
19.07536,79.35323,312.65,0.41,0.45,2021-03-25,1957,N20,VIIRS,n,2,295.95,1.64,N,0
19.0796,81.34747,304.81,0.47,0.4,2021-03-25,1957,N20,VIIRS,n,2,293.55,1.04,N,0
19.10238,80.44378,306.38,0.53,0.42,2021-03-25,1957,N20,VIIRS,n,2,294.36,1.73,N,0
19.12072,81.48341,310.37,0.47,0.4,2021-03-25,1957,N20,VIIRS,n,2,293.16,0.99,N,0
19.12741,81.43443,313.83,0.47,0.4,2021-03-25,1957,N20,VIIRS,n,2,293.39,1.94,N,0
19.1281,81.31972,309.98,0.48,0.4,2021-03-25,1957,N20,VIIRS,n,2,292.9,1.71,N,0
19.12871,81.31521,303.77,0.48,0.4,2021-03-25,1957,N20,VIIRS,n,2,292.96,1.18,N,0
19.13288,81.42156,307.36,0.47,0.4,2021-03-25,1957,N20,VIIRS,n,2,294.57,1.73,N,0
19.13519,79.43953,304.48,0.4,0.44,2021-03-25,1957,N20,VIIRS,n,2,294.35,1.28,N,0
19.13601,81.31641,303.04,0.48,0.4,2021-03-25,1957,N20,VIIRS,n,2,292.61,0.92,N,0
19.14218,80.63457,310.2,0.52,0.41,2021-03-25,1957,N20,VIIRS,n,2,295.4,2.32,N,0
19.14788,81.4743,304.67,0.47,0.4,2021-03-25,1957,N20,VIIRS,n,2,292.58,1.16,N,0
19.14815,78.16238,307.85,0.48,0.48,2021-03-25,1957,N20,VIIRS,n,2,293.41,1.59,N,0
19.15212,81.47042,309.69,0.47,0.4,2021-03-25,1957,N20,VIIRS,n,2,293.33,1.79,N,0
19.16039,81.21918,298.97,0.48,0.4,2021-03-25,1957,N20,VIIRS,n,2,283.04,0.39,N,0
19.16176,80.97124,308.37,0.5,0.41,2021-03-25,1957,N20,VIIRS,n,2,288.95,2.31,N,0
19.18198,80.65514,304.02,0.52,0.41,2021-03-25,1957,N20,VIIRS,n,2,293.32,1.07,N,0
19.20143,80.15264,302.38,0.55,0.43,2021-03-25,1957,N20,VIIRS,n,2,286.92,1.78,N,0
19.20485,79.17545,307.02,0.42,0.45,2021-03-25,1957,N20,VIIRS,n,2,293.14,1.9,N,0
19.20764,80.31716,308.15,0.54,0.42,2021-03-25,1957,N20,VIIRS,n,2,294.08,1.2,N,0
19.21059,79.82872,323.77,0.38,0.43,2021-03-25,1957,N20,VIIRS,n,2,295.64,3.12,N,0
19.21316,79.84059,316.03,0.38,0.43,2021-03-25,1957,N20,VIIRS,n,2,295.49,2.86,N,0
19.21362,79.83692,331.28,0.38,0.43,2021-03-25,1957,N20,VIIRS,n,2,295.9,2.86,N,0
19.2141,79.83311,338.63,0.38,0.43,2021-03-25,1957,N20,VIIRS,n,2,294.09,2.92,N,0
19.21458,79.82925,312.81,0.38,0.43,2021-03-25,1957,N20,VIIRS,n,2,293.56,2.92,N,0
19.23429,78.79214,308.34,0.44,0.46,2021-03-25,1957,N20,VIIRS,n,2,296.09,2.05,N,0
19.23442,78.07305,309.22,0.49,0.49,2021-03-25,1957,N20,VIIRS,n,2,293.44,1.67,N,0
19.236,79.26366,306.31,0.41,0.45,2021-03-25,1957,N20,VIIRS,n,2,295.1,2.14,N,0
19.2696,80.27471,303.33,0.54,0.42,2021-03-25,1957,N20,VIIRS,n,2,292.59,1.32,N,0
19.27026,80.26962,304.48,0.54,0.42,2021-03-25,1957,N20,VIIRS,n,2,293.54,1.32,N,0
19.29243,78.48871,305.24,0.46,0.47,2021-03-25,1957,N20,VIIRS,n,2,293.46,0.9,N,0
19.31712,80.79856,304.73,0.51,0.41,2021-03-25,1957,N20,VIIRS,n,2,291.33,0.6,N,0
19.33487,80.19993,307.4,0.55,0.43,2021-03-25,1957,N20,VIIRS,n,2,294.42,1.79,N,0
19.33689,79.84156,310.13,0.38,0.43,2021-03-25,1957,N20,VIIRS,n,2,293.79,0.95,N,0
19.3453,80.78908,311.28,0.51,0.41,2021-03-25,1957,N20,VIIRS,n,2,294.42,1.89,N,0
19.34537,80.61319,305.73,0.52,0.42,2021-03-25,1957,N20,VIIRS,n,2,295.19,1.56,N,0
19.34604,80.60812,316.39,0.52,0.42,2021-03-25,1957,N20,VIIRS,n,2,295.7,1.56,N,0
19.34907,80.7896,314.45,0.51,0.41,2021-03-25,1957,N20,VIIRS,n,2,294.56,1.89,N,0
19.34919,80.61367,305.81,0.52,0.42,2021-03-25,1957,N20,VIIRS,n,2,295.56,1.56,N,0
19.34937,78.65462,306.45,0.45,0.47,2021-03-25,1957,N20,VIIRS,n,2,295.74,1.58,N,0
19.35058,81.49256,304.29,0.47,0.4,2021-03-25,1957,N20,VIIRS,n,2,290.59,1.03,N,0
19.35137,80.71445,325.65,0.51,0.41,2021-03-25,1957,N20,VIIRS,n,2,296.74,4.41,N,0
19.35527,79.0697,306.3,0.43,0.46,2021-03-25,1957,N20,VIIRS,n,2,295.52,1.47,N,0
19.35844,81.48927,303.51,0.47,0.4,2021-03-25,1957,N20,VIIRS,n,2,290.71,0.61,N,0
19.35912,78.15445,304.44,0.49,0.48,2021-03-25,1957,N20,VIIRS,n,2,293.83,1.26,N,0
19.36051,79.91061,303.94,0.57,0.43,2021-03-25,1957,N20,VIIRS,n,2,293.2,1.44,N,0
19.37464,78.66301,307.03,0.45,0.47,2021-03-25,1957,N20,VIIRS,n,2,294.02,1.76,N,0
19.38017,78.8682,312.98,0.44,0.46,2021-03-25,1957,N20,VIIRS,n,2,294.35,1.41,N,0
19.38608,80.14519,309.56,0.55,0.43,2021-03-25,1957,N20,VIIRS,n,2,294.36,1.61,N,0
19.39001,80.14574,304.2,0.55,0.43,2021-03-25,1957,N20,VIIRS,n,2,293.63,0.69,N,0
19.39068,80.14046,306.51,0.55,0.43,2021-03-25,1957,N20,VIIRS,n,2,294.19,1.16,N,0
19.39224,79.9157,306.35,0.57,0.43,2021-03-25,1957,N20,VIIRS,n,2,296.16,2.11,N,0
19.39407,79.17894,310.92,0.42,0.45,2021-03-25,1957,N20,VIIRS,n,2,295.51,1.72,N,0
19.40743,80.55608,308.37,0.53,0.42,2021-03-25,1957,N20,VIIRS,n,2,294.64,1.41,N,0
19.41049,79.14836,306.46,0.42,0.45,2021-03-25,1957,N20,VIIRS,n,2,296.01,1.71,N,0
19.41064,80.81998,304.83,0.51,0.41,2021-03-25,1957,N20,VIIRS,n,2,293.95,0.76,N,0
19.41124,80.55675,306.65,0.53,0.42,2021-03-25,1957,N20,VIIRS,n,2,295.28,1.41,N,0
19.41149,79.64166,303.56,0.39,0.44,2021-03-25,1957,N20,VIIRS,n,2,292.7,0.45,N,0
19.41553,79.64224,306.26,0.39,0.44,2021-03-25,1957,N20,VIIRS,n,2,292.59,0.45,N,0
19.41573,80.55232,311.98,0.53,0.42,2021-03-25,1957,N20,VIIRS,n,2,295.32,2.32,N,0
19.42054,79.63535,306.09,0.4,0.44,2021-03-25,1957,N20,VIIRS,n,2,294.64,0.93,N,0
19.42102,79.63161,310.21,0.4,0.44,2021-03-25,1957,N20,VIIRS,n,2,294.73,0.93,N,0
19.42119,79.66217,310.32,0.39,0.44,2021-03-25,1957,N20,VIIRS,n,2,295.38,1.71,N,0
19.42513,78.60825,305.53,0.46,0.47,2021-03-25,1957,N20,VIIRS,n,2,293.62,0.9,N,0
19.42826,80.83199,304.2,0.51,0.41,2021-03-25,1957,N20,VIIRS,n,2,293.07,0.68,N,0
19.43201,80.83267,318.15,0.51,0.41,2021-03-25,1957,N20,VIIRS,n,2,295.11,1.91,N,0
19.43641,80.82844,306.25,0.51,0.41,2021-03-25,1957,N20,VIIRS,n,2,294.72,1.91,N,0
19.43709,80.82336,303.78,0.51,0.41,2021-03-25,1957,N20,VIIRS,n,2,292.73,0.72,N,0
19.44017,80.82905,304.71,0.51,0.41,2021-03-25,1957,N20,VIIRS,n,2,292.59,0.86,N,0
19.44324,80.10491,303.83,0.56,0.43,2021-03-25,1957,N20,VIIRS,n,2,293.67,1.2,N,0
19.44394,80.09959,305.29,0.56,0.43,2021-03-25,1957,N20,VIIRS,n,2,293.42,1.2,N,0
19.44796,79.87996,308.45,0.38,0.43,2021-03-25,1957,N20,VIIRS,n,2,293.63,0.67,N,0
19.45102,79.88779,308.16,0.38,0.43,2021-03-25,1957,N20,VIIRS,n,2,293.68,1.37,N,0
19.45639,79.6172,305.1,0.4,0.44,2021-03-25,1957,N20,VIIRS,n,2,294.81,1.33,N,0
19.45827,80.11257,321.1,0.56,0.43,2021-03-25,1957,N20,VIIRS,n,2,295.62,4.49,N,0
19.45851,80.08006,307.27,0.56,0.43,2021-03-25,1957,N20,VIIRS,n,2,294.27,1.69,N,0
19.45897,80.10722,329.55,0.56,0.43,2021-03-25,1957,N20,VIIRS,n,2,294.84,4.33,N,0
19.45944,80.0421,305.13,0.56,0.43,2021-03-25,1957,N20,VIIRS,n,2,292.98,2.1,N,0
19.46338,80.04269,325.62,0.56,0.43,2021-03-25,1957,N20,VIIRS,n,2,294.05,2.1,N,0
19.46476,80.46427,307.5,0.53,0.42,2021-03-25,1957,N20,VIIRS,n,2,295.39,2.36,N,0
19.46567,80.60698,304.06,0.52,0.42,2021-03-25,1957,N20,VIIRS,n,2,292.46,1.23,N,0
19.46723,80.50562,312.1,0.53,0.42,2021-03-25,1957,N20,VIIRS,n,2,294.93,2.16,N,0
19.46733,80.04327,331.84,0.56,0.43,2021-03-25,1957,N20,VIIRS,n,2,294.36,5.03,N,0
19.46991,80.20598,305.42,0.55,0.43,2021-03-25,1957,N20,VIIRS,n,2,294.99,1.29,N,0
19.46992,80.20747,305.72,0.55,0.43,2021-03-25,1957,N20,VIIRS,n,2,295.07,1.7,N,0
19.47098,79.66536,307.6,0.39,0.44,2021-03-25,1957,N20,VIIRS,n,2,294.57,1.03,N,0
19.47408,79.67342,308.59,0.39,0.44,2021-03-25,1957,N20,VIIRS,n,2,294.9,1.39,N,0
19.47426,80.08234,306.62,0.56,0.43,2021-03-25,1957,N20,VIIRS,n,2,293.12,0.86,N,0
19.47435,80.48101,306.48,0.53,0.42,2021-03-25,1957,N20,VIIRS,n,2,293.77,2.04,N,0
19.47496,80.07702,311.34,0.56,0.43,2021-03-25,1957,N20,VIIRS,n,2,293.29,1.17,N,0
19.47584,78.92854,305.81,0.44,0.46,2021-03-25,1957,N20,VIIRS,n,2,294.55,1.5,N,0
19.47786,79.64338,308.25,0.4,0.44,2021-03-25,1957,N20,VIIRS,n,2,294.36,1.32,N,0
19.47846,80.05037,306.73,0.56,0.43,2021-03-25,1957,N20,VIIRS,n,2,293.65,1.39,N,0
19.4789,80.0776,313.72,0.56,0.43,2021-03-25,1957,N20,VIIRS,n,2,294.31,1.8,N,0
19.47916,80.04503,326.96,0.56,0.43,2021-03-25,1957,N20,VIIRS,n,2,294.24,3.25,N,0
19.48266,80.07417,310.21,0.56,0.43,2021-03-25,1957,N20,VIIRS,n,2,293.5,0.8,N,0
19.48284,80.07818,312.67,0.56,0.43,2021-03-25,1957,N20,VIIRS,n,2,294.36,1.8,N,0
19.48303,80.19718,304.65,0.55,0.43,2021-03-25,1957,N20,VIIRS,n,2,293.75,1.67,N,0
19.48364,80.19344,304.6,0.55,0.43,2021-03-25,1957,N20,VIIRS,n,2,294.0,0.67,N,0
19.48417,80.43573,308.57,0.53,0.42,2021-03-25,1957,N20,VIIRS,n,2,294.76,1.64,N,0
19.48763,80.6467,311.93,0.52,0.42,2021-03-25,1957,N20,VIIRS,n,2,295.71,2.73,N,0
19.48802,80.43635,306.87,0.53,0.42,2021-03-25,1957,N20,VIIRS,n,2,294.47,1.64,N,0
19.49015,80.53961,325.81,0.53,0.42,2021-03-25,1957,N20,VIIRS,n,2,295.17,3.91,N,0
19.4912,79.66817,304.3,0.39,0.44,2021-03-25,1957,N20,VIIRS,n,2,293.59,0.6,N,0
19.49226,80.49384,309.51,0.53,0.42,2021-03-25,1957,N20,VIIRS,n,2,295.15,1.92,N,0
19.49294,80.48871,309.93,0.53,0.42,2021-03-25,1957,N20,VIIRS,n,2,294.41,2.03,N,0
19.4941,80.50959,304.29,0.53,0.42,2021-03-25,1957,N20,VIIRS,n,2,293.12,2.45,N,0
19.49438,81.23109,306.69,0.49,0.4,2021-03-25,1957,N20,VIIRS,n,2,293.08,2.25,N,0
19.49543,80.49956,311.45,0.53,0.42,2021-03-25,1957,N20,VIIRS,n,2,294.72,1.92,N,0
19.49573,80.43754,318.6,0.53,0.42,2021-03-25,1957,N20,VIIRS,n,2,296.28,3.84,N,0
19.4959,80.03253,309.05,0.56,0.43,2021-03-25,1957,N20,VIIRS,n,2,294.1,1.46,N,0
19.49636,80.03667,309.2,0.56,0.43,2021-03-25,1957,N20,VIIRS,n,2,294.24,2.24,N,0
19.49708,80.66309,311.8,0.52,0.42,2021-03-25,1957,N20,VIIRS,n,2,292.0,1.95,N,0
19.49795,80.51012,304.96,0.53,0.42,2021-03-25,1957,N20,VIIRS,n,2,293.49,1.36,N,0
19.50046,80.52071,311.05,0.53,0.42,2021-03-25,1957,N20,VIIRS,n,2,294.75,2.5,N,0
19.5052,81.00922,306.4,0.5,0.41,2021-03-25,1957,N20,VIIRS,n,2,292.1,1.12,N,0
19.50582,81.00459,304.63,0.5,0.41,2021-03-25,1957,N20,VIIRS,n,2,290.59,1.12,N,0
19.50771,80.99036,304.9,0.5,0.41,2021-03-25,1957,N20,VIIRS,n,2,291.56,1.32,N,0
19.51144,80.99097,305.27,0.5,0.41,2021-03-25,1957,N20,VIIRS,n,2,293.12,1.62,N,0
19.51755,80.45089,308.55,0.53,0.42,2021-03-25,1957,N20,VIIRS,n,2,294.18,1.58,N,0
19.52077,80.71726,309.64,0.52,0.41,2021-03-25,1957,N20,VIIRS,n,2,295.79,2.76,N,0
19.52083,80.71457,311.07,0.52,0.41,2021-03-25,1957,N20,VIIRS,n,2,295.47,2.39,N,0
19.52087,80.18303,305.17,0.55,0.43,2021-03-25,1957,N20,VIIRS,n,2,294.62,2.32,N,0
19.52192,79.65335,309.67,0.4,0.44,2021-03-25,1957,N20,VIIRS,n,2,295.06,0.97,N,0
19.5241,80.18888,314.55,0.55,0.43,2021-03-25,1957,N20,VIIRS,n,2,294.84,2.57,N,0
19.52457,80.71561,307.59,0.52,0.41,2021-03-25,1957,N20,VIIRS,n,2,295.11,1.42,N,0
19.52636,80.47324,311.43,0.53,0.42,2021-03-25,1957,N20,VIIRS,n,2,294.11,2.6,N,0
19.52703,80.4682,317.53,0.53,0.42,2021-03-25,1957,N20,VIIRS,n,2,295.59,2.6,N,0
19.52791,79.63881,311.85,0.4,0.44,2021-03-25,1957,N20,VIIRS,n,2,295.38,1.81,N,0
19.52831,80.71662,313.3,0.52,0.41,2021-03-25,1957,N20,VIIRS,n,2,295.16,1.42,N,0
19.52896,80.71159,306.03,0.52,0.41,2021-03-25,1957,N20,VIIRS,n,2,294.53,1.42,N,0
19.53152,80.46391,312.89,0.53,0.42,2021-03-25,1957,N20,VIIRS,n,2,295.93,3.14,N,0
19.5327,80.48451,311.52,0.53,0.42,2021-03-25,1957,N20,VIIRS,n,2,295.08,2.24,N,0
19.53402,80.47462,325.14,0.53,0.42,2021-03-25,1957,N20,VIIRS,n,2,296.57,5.39,N,0
19.53535,80.46465,311.31,0.53,0.42,2021-03-25,1957,N20,VIIRS,n,2,296.3,3.75,N,0
19.53719,80.48025,308.5,0.53,0.42,2021-03-25,1957,N20,VIIRS,n,2,296.14,2.24,N,0
19.54,80.65636,309.87,0.52,0.42,2021-03-25,1957,N20,VIIRS,n,2,295.15,1.6,N,0
19.54215,80.45751,317.94,0.53,0.42,2021-03-25,1957,N20,VIIRS,n,2,296.59,3.75,N,0
19.54442,80.45557,324.44,0.53,0.42,2021-03-25,1957,N20,VIIRS,n,2,296.68,3.4,N,0
19.54511,80.45046,320.31,0.53,0.42,2021-03-25,1957,N20,VIIRS,n,2,296.37,3.4,N,0
19.5458,80.44529,308.87,0.53,0.42,2021-03-25,1957,N20,VIIRS,n,2,295.38,3.64,N,0
19.54618,78.6041,305.0,0.46,0.47,2021-03-25,1957,N20,VIIRS,n,2,292.9,0.65,N,0
19.54667,80.45292,320.69,0.53,0.42,2021-03-25,1957,N20,VIIRS,n,2,296.98,3.25,N,0
19.54733,80.44772,316.29,0.54,0.42,2021-03-25,1957,N20,VIIRS,n,2,296.13,3.25,N,0
19.54787,80.42982,310.22,0.54,0.42,2021-03-25,1957,N20,VIIRS,n,2,295.07,3.17,N,0
19.54797,80.44264,308.36,0.54,0.42,2021-03-25,1957,N20,VIIRS,n,2,295.74,3.2,N,0
19.54929,80.43229,307.27,0.54,0.42,2021-03-25,1957,N20,VIIRS,n,2,296.0,2.9,N,0
19.55443,80.45361,304.67,0.53,0.42,2021-03-25,1957,N20,VIIRS,n,2,293.65,1.71,N,0
19.56057,80.55799,309.35,0.53,0.42,2021-03-25,1957,N20,VIIRS,n,2,293.26,2.09,N,0
19.5673,81.2962,305.55,0.48,0.4,2021-03-25,1957,N20,VIIRS,n,2,293.42,1.79,N,0
19.56903,78.76037,305.09,0.45,0.47,2021-03-25,1957,N20,VIIRS,n,2,294.14,1.27,N,0
19.57645,80.58589,308.53,0.53,0.42,2021-03-25,1957,N20,VIIRS,n,2,295.41,2.38,N,0
19.57956,80.16132,305.82,0.56,0.43,2021-03-25,1957,N20,VIIRS,n,2,294.71,1.76,N,0
19.58563,80.17635,305.16,0.55,0.43,2021-03-25,1957,N20,VIIRS,n,2,294.55,2.4,N,0
19.58607,80.17314,307.72,0.56,0.43,2021-03-25,1957,N20,VIIRS,n,2,295.29,1.71,N,0
19.58856,80.58279,319.75,0.53,0.42,2021-03-25,1957,N20,VIIRS,n,2,295.95,4.21,N,0
19.58976,80.60323,315.26,0.53,0.42,2021-03-25,1957,N20,VIIRS,n,2,296.06,3.86,N,0
19.59445,79.2831,305.45,0.42,0.45,2021-03-25,1957,N20,VIIRS,n,2,294.27,0.68,N,0
19.59506,80.56306,310.1,0.53,0.42,2021-03-25,1957,N20,VIIRS,n,2,295.57,2.67,N,0
19.59577,79.25366,304.14,0.42,0.45,2021-03-25,1957,N20,VIIRS,n,2,292.82,0.45,N,0
19.59655,79.28219,307.57,0.42,0.45,2021-03-25,1957,N20,VIIRS,n,2,293.99,1.13,N,0
19.59852,79.25132,307.21,0.42,0.45,2021-03-25,1957,N20,VIIRS,n,2,292.91,0.98,N,0
19.60243,80.17012,304.65,0.56,0.43,2021-03-25,1957,N20,VIIRS,n,2,294.25,1.03,N,0
19.60522,80.95334,305.28,0.5,0.41,2021-03-25,1957,N20,VIIRS,n,2,293.16,1.82,N,0
19.61096,80.16595,305.86,0.56,0.43,2021-03-25,1957,N20,VIIRS,n,2,294.08,2.64,N,0
19.6209,80.60361,307.81,0.53,0.42,2021-03-25,1957,N20,VIIRS,n,2,295.19,1.96,N,0
19.62158,80.59852,308.42,0.53,0.42,2021-03-25,1957,N20,VIIRS,n,2,294.99,2.75,N,0
19.62289,80.13509,304.78,0.56,0.43,2021-03-25,1957,N20,VIIRS,n,2,293.88,1.36,N,0
19.62473,80.60411,313.75,0.53,0.42,2021-03-25,1957,N20,VIIRS,n,2,295.56,3.55,N,0
19.62614,80.14099,304.51,0.56,0.43,2021-03-25,1957,N20,VIIRS,n,2,292.67,1.26,N,0
19.62615,80.59356,319.16,0.53,0.42,2021-03-25,1957,N20,VIIRS,n,2,296.82,2.88,N,0
19.62687,80.5882,306.85,0.53,0.42,2021-03-25,1957,N20,VIIRS,n,2,294.4,1.72,N,0
19.62959,80.64689,309.42,0.52,0.42,2021-03-25,1957,N20,VIIRS,n,2,295.71,2.61,N,0
19.63,80.59392,310.48,0.53,0.42,2021-03-25,1957,N20,VIIRS,n,2,295.35,2.88,N,0
19.63087,80.64532,308.32,0.52,0.42,2021-03-25,1957,N20,VIIRS,n,2,295.64,3.31,N,0
19.6334,80.64748,310.5,0.52,0.42,2021-03-25,1957,N20,VIIRS,n,2,295.93,2.96,N,0
19.63468,80.64594,306.72,0.52,0.42,2021-03-25,1957,N20,VIIRS,n,2,295.59,2.61,N,0
19.63761,80.08272,308.01,0.56,0.43,2021-03-25,1957,N20,VIIRS,n,2,294.03,1.2,N,0
19.63969,81.28836,306.42,0.48,0.4,2021-03-25,1957,N20,VIIRS,n,2,294.32,1.16,N,0
19.64399,80.43056,305.59,0.54,0.42,2021-03-25,1957,N20,VIIRS,n,2,293.77,1.32,N,0
19.64431,80.06177,304.8,0.56,0.43,2021-03-25,1957,N20,VIIRS,n,2,294.25,1.27,N,0
19.6459,79.88959,307.06,0.38,0.44,2021-03-25,1957,N20,VIIRS,n,2,293.53,0.63,N,0
19.64785,80.43116,306.92,0.54,0.42,2021-03-25,1957,N20,VIIRS,n,2,294.26,1.41,N,0
19.64807,80.62428,311.84,0.52,0.42,2021-03-25,1957,N20,VIIRS,n,2,294.82,2.51,N,0
19.65051,81.20972,304.72,0.49,0.4,2021-03-25,1957,N20,VIIRS,n,2,293.98,1.62,N,0
19.65382,80.63995,303.22,0.52,0.42,2021-03-25,1957,N20,VIIRS,n,2,292.56,2.06,N,0
19.65505,81.286,305.28,0.48,0.4,2021-03-25,1957,N20,VIIRS,n,2,294.18,1.56,N,0
19.65544,80.06915,306.04,0.56,0.43,2021-03-25,1957,N20,VIIRS,n,2,295.25,1.97,N,0
19.67026,78.99068,307.27,0.44,0.46,2021-03-25,1957,N20,VIIRS,n,2,297.24,2.03,N,0
19.67246,79.2153,311.77,0.42,0.45,2021-03-25,1957,N20,VIIRS,n,2,296.02,1.7,N,0
19.67296,79.21131,308.13,0.42,0.45,2021-03-25,1957,N20,VIIRS,n,2,296.19,1.83,N,0
19.68352,80.10066,304.64,0.56,0.43,2021-03-25,1957,N20,VIIRS,n,2,294.16,1.53,N,0
19.68369,80.64967,308.53,0.52,0.42,2021-03-25,1957,N20,VIIRS,n,2,295.19,1.87,N,0
19.68567,80.6346,310.1,0.52,0.42,2021-03-25,1957,N20,VIIRS,n,2,295.23,3.56,N,0
19.6897,79.99128,304.38,0.57,0.43,2021-03-25,1957,N20,VIIRS,n,2,293.08,0.96,N,0
19.69624,81.36441,306.62,0.48,0.4,2021-03-25,1957,N20,VIIRS,n,2,292.47,1.35,N,0
19.70112,80.04951,305.25,0.57,0.43,2021-03-25,1957,N20,VIIRS,n,2,293.15,0.91,N,0
19.70174,80.05379,304.58,0.57,0.43,2021-03-25,1957,N20,VIIRS,n,2,293.33,1.18,N,0
19.70278,80.1646,311.32,0.56,0.43,2021-03-25,1957,N20,VIIRS,n,2,294.57,1.7,N,0
19.70335,80.16326,309.48,0.56,0.43,2021-03-25,1957,N20,VIIRS,n,2,293.7,2.72,N,0
19.71421,80.26315,304.86,0.55,0.43,2021-03-25,1957,N20,VIIRS,n,2,294.6,1.57,N,0
19.7226,80.73289,309.67,0.52,0.41,2021-03-25,1957,N20,VIIRS,n,2,294.91,2.21,N,0
19.72329,80.73135,308.47,0.52,0.41,2021-03-25,1957,N20,VIIRS,n,2,294.26,1.47,N,0
19.72337,80.09686,304.83,0.56,0.43,2021-03-25,1957,N20,VIIRS,n,2,293.23,1.65,N,0
19.72973,79.96394,309.29,0.57,0.43,2021-03-25,1957,N20,VIIRS,n,2,293.18,1.15,N,0
19.7318,79.96552,315.45,0.57,0.43,2021-03-25,1957,N20,VIIRS,n,2,293.69,2.77,N,0
19.73861,81.13486,312.36,0.49,0.41,2021-03-25,1957,N20,VIIRS,n,2,293.77,2.68,N,0
19.74288,80.37865,302.35,0.54,0.42,2021-03-25,1957,N20,VIIRS,n,2,291.35,0.46,N,0
19.74378,79.86941,305.67,0.39,0.44,2021-03-25,1957,N20,VIIRS,n,2,293.35,0.74,N,0
19.75179,79.87054,304.28,0.39,0.44,2021-03-25,1957,N20,VIIRS,n,2,293.4,0.78,N,0
19.7521,79.90066,306.21,0.39,0.44,2021-03-25,1957,N20,VIIRS,n,2,293.27,0.67,N,0
19.75533,80.25324,303.76,0.55,0.43,2021-03-25,1957,N20,VIIRS,n,2,293.68,1.38,N,0
19.75561,81.06518,308.74,0.5,0.41,2021-03-25,1957,N20,VIIRS,n,2,293.09,1.6,N,0
19.7701,80.51475,305.61,0.53,0.42,2021-03-25,1957,N20,VIIRS,n,2,293.55,1.12,N,0
19.77295,79.53163,303.78,0.41,0.45,2021-03-25,1957,N20,VIIRS,n,2,291.44,1.43,N,0
19.77355,79.53283,305.35,0.4,0.45,2021-03-25,1957,N20,VIIRS,n,2,290.97,1.3,N,0
19.77655,80.49509,304.75,0.54,0.42,2021-03-25,1957,N20,VIIRS,n,2,293.86,1.89,N,0
19.7791,80.50578,305.63,0.53,0.42,2021-03-25,1957,N20,VIIRS,n,2,293.33,0.96,N,0
19.79123,80.00771,308.67,0.57,0.43,2021-03-25,1957,N20,VIIRS,n,2,293.53,1.45,N,0
19.79348,78.37382,308.45,0.48,0.48,2021-03-25,1957,N20,VIIRS,n,2,293.05,1.06,N,0
19.79475,80.97345,312.2,0.5,0.41,2021-03-25,1957,N20,VIIRS,n,2,293.46,2.26,N,0
19.79521,80.99818,308.07,0.5,0.41,2021-03-25,1957,N20,VIIRS,n,2,293.56,2.19,N,0
19.79585,81.00023,313.39,0.5,0.41,2021-03-25,1957,N20,VIIRS,n,2,293.11,1.36,N,0
19.8027,79.98164,304.98,0.57,0.43,2021-03-25,1957,N20,VIIRS,n,2,293.58,1.3,N,0
19.80335,80.97196,305.26,0.51,0.41,2021-03-25,1957,N20,VIIRS,n,2,294.3,1.91,N,0
19.80667,80.97025,306.42,0.5,0.41,2021-03-25,1957,N20,VIIRS,n,2,294.28,3.3,N,0
19.80714,80.97224,310.63,0.51,0.41,2021-03-25,1957,N20,VIIRS,n,2,295.1,2.29,N,0
19.80801,80.96044,303.89,0.51,0.41,2021-03-25,1957,N20,VIIRS,n,2,292.14,1.07,N,0
19.81258,81.10503,314.79,0.5,0.41,2021-03-25,1957,N20,VIIRS,n,2,295.28,1.73,N,0
19.81392,78.35345,304.28,0.48,0.48,2021-03-25,1957,N20,VIIRS,n,2,292.41,1.17,N,0
19.81575,81.10971,309.6,0.5,0.41,2021-03-25,1957,N20,VIIRS,n,2,294.99,2.25,N,0
19.81634,81.10529,307.31,0.5,0.41,2021-03-25,1957,N20,VIIRS,n,2,294.7,1.73,N,0
19.81813,78.35215,308.15,0.48,0.48,2021-03-25,1957,N20,VIIRS,n,2,292.76,1.41,N,0
19.81951,81.11003,308.13,0.5,0.41,2021-03-25,1957,N20,VIIRS,n,2,294.0,1.83,N,0
19.82484,81.18369,304.75,0.49,0.4,2021-03-25,1957,N20,VIIRS,n,2,293.91,1.61,N,0
19.8324,80.77741,309.86,0.52,0.41,2021-03-25,1957,N20,VIIRS,n,2,296.86,3.66,N,0
19.83247,80.78064,309.8,0.52,0.41,2021-03-25,1957,N20,VIIRS,n,2,295.77,2.81,N,0
19.8353,81.19032,304.47,0.49,0.4,2021-03-25,1957,N20,VIIRS,n,2,293.38,1.52,N,0
19.83592,81.18578,306.7,0.49,0.4,2021-03-25,1957,N20,VIIRS,n,2,293.05,1.71,N,0
19.83794,80.94171,307.14,0.51,0.41,2021-03-25,1957,N20,VIIRS,n,2,294.58,1.53,N,0
19.83853,80.93728,312.54,0.51,0.41,2021-03-25,1957,N20,VIIRS,n,2,296.06,1.53,N,0
19.83911,80.9329,319.02,0.51,0.41,2021-03-25,1957,N20,VIIRS,n,2,296.79,2.83,N,0
19.83969,80.92849,318.18,0.51,0.41,2021-03-25,1957,N20,VIIRS,n,2,295.8,2.83,N,0
19.84031,80.92384,309.17,0.51,0.41,2021-03-25,1957,N20,VIIRS,n,2,293.83,2.52,N,0
19.84407,80.92441,312.24,0.51,0.41,2021-03-25,1957,N20,VIIRS,n,2,293.46,2.11,N,0
19.84536,81.17194,307.09,0.49,0.41,2021-03-25,1957,N20,VIIRS,n,2,294.77,1.59,N,0
19.84654,81.02134,305.72,0.5,0.41,2021-03-25,1957,N20,VIIRS,n,2,295.21,1.31,N,0
19.84775,81.21015,306.71,0.49,0.4,2021-03-25,1957,N20,VIIRS,n,2,294.54,1.66,N,0
19.84999,81.10943,311.22,0.5,0.41,2021-03-25,1957,N20,VIIRS,n,2,295.7,2.9,N,0
19.85029,81.02187,305.0,0.5,0.41,2021-03-25,1957,N20,VIIRS,n,2,294.57,1.31,N,0
19.8525,81.2585,307.57,0.49,0.4,2021-03-25,1957,N20,VIIRS,n,2,293.71,1.39,N,0
19.85314,81.25379,304.5,0.49,0.4,2021-03-25,1957,N20,VIIRS,n,2,293.32,1.17,N,0
19.85606,79.96343,304.88,0.38,0.43,2021-03-25,1957,N20,VIIRS,n,2,293.04,1.13,N,0
19.86034,81.17318,303.54,0.49,0.41,2021-03-25,1957,N20,VIIRS,n,2,292.53,1.1,N,0
19.87353,81.10407,308.88,0.5,0.41,2021-03-25,1957,N20,VIIRS,n,2,295.03,2.2,N,0
19.87814,80.92799,307.11,0.51,0.41,2021-03-25,1957,N20,VIIRS,n,2,295.27,2.62,N,0
19.88193,80.92837,306.76,0.51,0.41,2021-03-25,1957,N20,VIIRS,n,2,294.41,2.79,N,0
19.88425,81.23691,308.91,0.49,0.4,2021-03-25,1957,N20,VIIRS,n,2,294.36,1.42,N,0
19.88484,80.0555,304.38,0.57,0.43,2021-03-25,1957,N20,VIIRS,n,2,294.34,1.21,N,0
19.88554,80.05009,306.17,0.57,0.43,2021-03-25,1957,N20,VIIRS,n,2,295.07,1.21,N,0
19.89574,80.91136,309.7,0.51,0.41,2021-03-25,1957,N20,VIIRS,n,2,295.03,2.52,N,0
19.90139,80.78257,308.99,0.52,0.41,2021-03-25,1957,N20,VIIRS,n,2,296.16,2.48,N,0
19.90148,80.23418,304.14,0.56,0.43,2021-03-25,1957,N20,VIIRS,n,2,293.26,1.26,N,0
19.9019,80.23276,303.0,0.56,0.43,2021-03-25,1957,N20,VIIRS,n,2,292.96,0.72,N,0
19.92152,79.11431,311.54,0.43,0.46,2021-03-25,1957,N20,VIIRS,n,2,297.4,1.34,N,2
19.92366,79.45261,305.95,0.41,0.45,2021-03-25,1957,N20,VIIRS,n,2,293.1,0.77,N,0
19.93017,80.26,305.14,0.55,0.43,2021-03-25,1957,N20,VIIRS,n,2,292.55,0.76,N,0
19.93991,80.12,307.71,0.56,0.43,2021-03-25,1957,N20,VIIRS,n,2,294.08,2.17,N,0
19.96103,80.2375,315.25,0.56,0.43,2021-03-25,1957,N20,VIIRS,n,2,294.76,2.77,N,0
19.9625,79.41026,307.01,0.41,0.45,2021-03-25,1957,N20,VIIRS,n,2,294.25,0.92,N,0
19.96299,79.4063,304.22,0.41,0.45,2021-03-25,1957,N20,VIIRS,n,2,293.54,0.92,N,0
19.96364,79.33318,319.88,0.42,0.45,2021-03-25,1957,N20,VIIRS,n,2,295.08,2.19,N,2
19.96398,79.39838,308.83,0.42,0.45,2021-03-25,1957,N20,VIIRS,n,2,294.78,1.15,N,0
19.96414,78.55358,302.27,0.47,0.48,2021-03-25,1957,N20,VIIRS,n,2,292.04,1.16,N,0
19.96496,80.23807,304.23,0.56,0.43,2021-03-25,1957,N20,VIIRS,n,2,293.19,0.91,N,0
19.96762,79.40292,312.58,0.41,0.45,2021-03-25,1957,N20,VIIRS,n,2,295.07,1.15,N,0
19.96812,79.39893,305.76,0.42,0.45,2021-03-25,1957,N20,VIIRS,n,2,294.24,1.15,N,0
19.99417,81.12417,310.28,0.5,0.41,2021-03-25,1957,N20,VIIRS,n,2,295.57,1.77,N,0
19.99526,81.12646,312.39,0.5,0.41,2021-03-25,1957,N20,VIIRS,n,2,296.26,1.42,N,0
19.99791,81.12463,310.11,0.5,0.41,2021-03-25,1957,N20,VIIRS,n,2,294.77,1.77,N,0
19.999,81.12691,305.78,0.5,0.41,2021-03-25,1957,N20,VIIRS,n,2,294.14,1.42,N,0
15.50714,78.78646,298.6,0.4,0.44,2021-03-25,1958,N20,VIIRS,n,2,283.19,0.22,N,0
15.56265,79.05708,307.36,0.38,0.43,2021-03-25,1958,N20,VIIRS,n,2,296.41,1.44,N,0
15.56438,78.72971,312.21,0.4,0.44,2021-03-25,1958,N20,VIIRS,n,2,285.8,2.3,N,0
15.56885,78.72627,309.19,0.4,0.44,2021-03-25,1958,N20,VIIRS,n,2,290.2,1.99,N,0
15.56889,78.727,308.96,0.4,0.44,2021-03-25,1958,N20,VIIRS,n,2,290.23,2.4,N,0
15.57651,78.73122,310.69,0.4,0.44,2021-03-25,1958,N20,VIIRS,n,2,291.66,1.47,N,0
15.5801,78.73553,316.0,0.4,0.44,2021-03-25,1958,N20,VIIRS,n,2,292.86,2.12,N,0
15.62274,78.75795,312.57,0.4,0.44,2021-03-25,1958,N20,VIIRS,n,2,292.0,1.31,N,0
15.72727,78.6883,302.82,0.41,0.45,2021-03-25,1958,N20,VIIRS,n,2,284.91,1.57,N,0
15.73799,78.82706,306.67,0.4,0.44,2021-03-25,1958,N20,VIIRS,n,2,292.68,0.68,N,0
15.82172,79.09771,306.75,0.38,0.43,2021-03-25,1958,N20,VIIRS,n,2,293.83,1.02,N,0
16.36262,79.59181,307.1,0.55,0.42,2021-03-25,1958,N20,VIIRS,n,2,289.51,2.33,N,0
16.36655,79.59216,331.88,0.55,0.42,2021-03-25,1958,N20,VIIRS,n,2,290.52,5.41,N,0
16.79765,80.56302,296.4,0.49,0.4,2021-03-25,1958,N20,VIIRS,n,2,272.26,1.6,N,0
17.03408,78.36789,312.05,0.44,0.46,2021-03-25,1958,N20,VIIRS,n,2,292.25,1.0,N,0
17.39513,81.01289,303.8,0.47,0.4,2021-03-25,1958,N20,VIIRS,n,2,292.67,0.91,N,0
17.42356,81.26555,306.07,0.46,0.39,2021-03-25,1958,N20,VIIRS,n,2,290.06,1.74,N,0
17.42956,81.27521,301.3,0.46,0.39,2021-03-25,1958,N20,VIIRS,n,2,287.11,1.16,N,0
17.44939,81.26473,304.26,0.46,0.39,2021-03-25,1958,N20,VIIRS,n,2,288.45,1.19,N,0
17.45381,81.38879,311.58,0.46,0.39,2021-03-25,1958,N20,VIIRS,n,2,289.29,1.29,N,0
17.45741,81.38921,303.1,0.46,0.39,2021-03-25,1958,N20,VIIRS,n,2,287.27,1.29,N,0
17.48778,81.04372,309.36,0.47,0.4,2021-03-25,1958,N20,VIIRS,n,2,293.01,1.74,N,0
17.48997,80.47427,295.81,0.5,0.41,2021-03-25,1958,N20,VIIRS,n,2,265.57,1.26,N,0
17.49076,81.04895,305.72,0.47,0.4,2021-03-25,1958,N20,VIIRS,n,2,292.87,1.35,N,0
17.50974,81.01967,316.45,0.47,0.4,2021-03-25,1958,N20,VIIRS,n,2,293.58,2.12,N,0
17.51015,80.71965,305.75,0.49,0.4,2021-03-25,1958,N20,VIIRS,n,2,292.38,1.46,N,0
17.51484,81.41364,305.92,0.45,0.39,2021-03-25,1958,N20,VIIRS,n,2,290.61,1.36,N,0
17.51696,80.72507,304.85,0.49,0.4,2021-03-25,1958,N20,VIIRS,n,2,291.99,1.67,N,0
17.5208,81.42318,305.9,0.45,0.39,2021-03-25,1958,N20,VIIRS,n,2,292.1,0.74,N,0
17.53175,81.106,306.9,0.47,0.4,2021-03-25,1958,N20,VIIRS,n,2,295.21,1.97,N,0
17.53609,81.4698,306.62,0.45,0.39,2021-03-25,1958,N20,VIIRS,n,2,294.1,1.22,N,0
17.54145,81.06235,306.72,0.47,0.4,2021-03-25,1958,N20,VIIRS,n,2,295.06,1.58,N,0
17.54511,81.06269,310.61,0.47,0.4,2021-03-25,1958,N20,VIIRS,n,2,294.81,1.58,N,0
17.74939,80.71735,311.72,0.49,0.41,2021-03-25,1958,N20,VIIRS,n,2,293.14,1.7,N,0
17.75283,81.46861,311.35,0.45,0.39,2021-03-25,1958,N20,VIIRS,n,2,294.96,1.09,N,0
17.75369,80.71358,308.29,0.49,0.41,2021-03-25,1958,N20,VIIRS,n,2,294.51,1.7,N,0
17.7564,81.46915,305.3,0.45,0.39,2021-03-25,1958,N20,VIIRS,n,2,294.43,1.09,N,0
17.7926,81.34299,307.06,0.46,0.39,2021-03-25,1958,N20,VIIRS,n,2,295.98,1.75,N,0
17.80212,78.27273,296.19,0.46,0.47,2021-03-25,1958,N20,VIIRS,n,2,272.11,0.81,N,0
17.83692,81.21896,318.69,0.47,0.4,2021-03-25,1958,N20,VIIRS,n,2,296.46,1.63,N,0
17.84054,81.21951,307.61,0.47,0.4,2021-03-25,1958,N20,VIIRS,n,2,296.01,1.63,N,0
17.84352,81.19787,305.98,0.47,0.4,2021-03-25,1958,N20,VIIRS,n,2,295.26,1.69,N,0
17.86879,81.33501,307.04,0.46,0.39,2021-03-25,1958,N20,VIIRS,n,2,295.96,2.0,N,0
17.8736,81.32697,310.69,0.46,0.39,2021-03-25,1958,N20,VIIRS,n,2,296.22,2.2,N,0
17.90066,81.31781,307.28,0.46,0.39,2021-03-25,1958,N20,VIIRS,n,2,295.96,1.38,N,0
17.90425,81.31841,306.56,0.46,0.39,2021-03-25,1958,N20,VIIRS,n,2,295.44,1.13,N,0
17.90672,80.78773,302.58,0.49,0.4,2021-03-25,1958,N20,VIIRS,n,2,289.43,0.95,N,0
17.90786,81.31899,309.44,0.46,0.39,2021-03-25,1958,N20,VIIRS,n,2,295.9,1.13,N,0
17.91207,81.31522,310.86,0.46,0.39,2021-03-25,1958,N20,VIIRS,n,2,295.86,1.77,N,0
17.91571,81.13176,305.68,0.47,0.4,2021-03-25,1958,N20,VIIRS,n,2,290.4,1.5,N,0
17.92285,80.75247,308.45,0.49,0.41,2021-03-25,1958,N20,VIIRS,n,2,292.06,1.69,N,0
17.93406,81.23834,305.24,0.47,0.4,2021-03-25,1958,N20,VIIRS,n,2,293.98,1.28,N,0
