latitude,longitude,bright_ti4,scan,track,acq_date,acq_time,satellite,instrument,confidence,version,bright_ti5,frp,daynight,type
17.03647,80.66714,332.99,0.75,0.77,2025-03-15,654,N20,VIIRS,n,2,298.56,2.39,D,0
17.47332,80.86998,330.2,0.71,0.75,2025-03-15,654,N20,VIIRS,n,2,299.15,3.47,D,0
17.82029,80.49934,333.86,0.74,0.76,2025-03-15,654,N20,VIIRS,n,2,300.6,6.32,D,0
17.85236,80.06185,355.39,0.79,0.78,2025-03-15,654,N20,VIIRS,n,2,301.99,19.97,D,0
17.85568,80.06353,367.0,0.79,0.78,2025-03-15,654,N20,VIIRS,h,2,300.63,14.17,D,0
17.9336,80.18513,330.46,0.77,0.77,2025-03-15,654,N20,VIIRS,l,2,302.83,5.16,D,0
18.13599,80.03262,332.54,0.78,0.78,2025-03-15,654,N20,VIIRS,n,2,299.01,5.3,D,0
18.13993,81.29574,336.7,0.65,0.73,2025-03-15,654,N20,VIIRS,n,2,301.31,4.72,D,0
18.17952,80.7396,330.68,0.7,0.75,2025-03-15,654,N20,VIIRS,n,2,300.2,3.01,D,0
18.24178,79.96094,347.77,0.78,0.78,2025-03-15,654,N20,VIIRS,n,2,301.76,10.75,D,0
18.3069,80.08836,331.78,0.77,0.77,2025-03-15,654,N20,VIIRS,n,2,300.14,6.09,D,0
18.33709,80.30473,332.0,0.74,0.76,2025-03-15,654,N20,VIIRS,n,2,300.16,5.83,D,0
18.36425,80.60294,332.79,0.71,0.75,2025-03-15,654,N20,VIIRS,n,2,301.29,4.22,D,0
18.36591,80.61005,334.41,0.71,0.75,2025-03-15,654,N20,VIIRS,n,2,300.95,4.22,D,0
18.42417,80.12597,339.87,0.76,0.77,2025-03-15,654,N20,VIIRS,n,2,301.67,6.87,D,0
18.42519,80.12289,331.36,0.76,0.77,2025-03-15,654,N20,VIIRS,l,2,301.6,8.74,D,0
18.50006,80.68854,330.88,0.7,0.75,2025-03-15,654,N20,VIIRS,l,2,301.15,5.68,D,0
18.90992,80.7503,331.95,0.68,0.74,2025-03-15,654,N20,VIIRS,l,2,302.22,2.91,D,0
18.9132,80.74937,330.17,0.67,0.74,2025-03-15,654,N20,VIIRS,l,2,301.42,3.48,D,0
18.97428,80.68047,331.94,0.68,0.74,2025-03-15,654,N20,VIIRS,n,2,300.91,4.54,D,0
18.97659,80.67828,334.9,0.68,0.74,2025-03-15,654,N20,VIIRS,n,2,301.34,6.86,D,0
18.98544,81.10963,330.26,0.64,0.72,2025-03-15,654,N20,VIIRS,l,2,302.21,2.31,D,0
19.00801,80.08607,346.66,0.74,0.76,2025-03-15,654,N20,VIIRS,n,2,305.07,14.1,D,0
19.29371,79.83037,340.62,0.76,0.77,2025-03-15,654,N20,VIIRS,n,2,302.96,9.32,D,0
19.31298,80.91634,335.43,0.65,0.73,2025-03-15,654,N20,VIIRS,n,2,300.0,10.41,D,0
19.31761,80.17254,331.63,0.72,0.76,2025-03-15,654,N20,VIIRS,l,2,302.58,7.93,D,0
19.31941,80.17824,332.7,0.72,0.75,2025-03-15,654,N20,VIIRS,n,2,301.87,5.67,D,0
19.31946,80.91457,345.16,0.65,0.73,2025-03-15,654,N20,VIIRS,n,2,301.26,10.41,D,0
19.32084,80.92048,367.0,0.65,0.73,2025-03-15,654,N20,VIIRS,h,2,299.12,17.71,D,0
19.6998,79.86556,351.35,0.74,0.76,2025-03-15,654,N20,VIIRS,n,2,301.49,11.68,D,0
19.70058,79.86608,348.07,0.74,0.76,2025-03-15,654,N20,VIIRS,n,2,301.17,12.36,D,0
19.91718,79.44232,332.81,0.78,0.78,2025-03-15,654,N20,VIIRS,n,2,298.06,7.63,D,0
19.9908,80.17747,335.69,0.7,0.75,2025-03-15,654,N20,VIIRS,n,2,300.89,5.92,D,0
19.99223,80.17576,334.76,0.7,0.75,2025-03-15,654,N20,VIIRS,n,2,300.93,5.69,D,0
15.51847,79.19691,334.62,0.37,0.58,2025-03-15,833,N20,VIIRS,l,2,307.95,4.26,D,0
15.51816,79.16111,335.81,0.37,0.58,2025-03-15,834,N20,VIIRS,l,2,309.72,1.29,D,0
15.52147,79.19183,337.74,0.37,0.58,2025-03-15,834,N20,VIIRS,l,2,307.78,1.87,D,0
15.52533,78.65365,334.74,0.34,0.56,2025-03-15,834,N20,VIIRS,l,2,308.63,2.88,D,0
15.5493,79.24854,337.76,0.37,0.58,2025-03-15,834,N20,VIIRS,n,2,305.9,4.5,D,0
15.54972,79.25233,339.43,0.37,0.58,2025-03-15,834,N20,VIIRS,n,2,307.66,4.5,D,0
15.55013,79.25609,334.03,0.37,0.58,2025-03-15,834,N20,VIIRS,l,2,308.35,3.86,D,0
15.55095,78.03907,340.62,0.62,0.54,2025-03-15,834,N20,VIIRS,l,2,313.98,8.05,D,0
15.56877,78.84873,355.32,0.35,0.57,2025-03-15,834,N20,VIIRS,n,2,310.96,7.1,D,0
15.63045,78.96814,340.91,0.36,0.57,2025-03-15,834,N20,VIIRS,n,2,310.64,2.57,D,0
15.63135,77.31078,345.06,0.55,0.51,2025-03-15,834,N20,VIIRS,n,2,315.07,11.51,D,0
15.66602,78.85857,367.0,0.35,0.57,2025-03-15,834,N20,VIIRS,h,2,310.47,6.39,D,0
15.66641,78.862,335.64,0.35,0.57,2025-03-15,834,N20,VIIRS,n,2,307.4,6.39,D,0
15.66946,79.27405,338.91,0.37,0.58,2025-03-15,834,N20,VIIRS,n,2,309.38,4.4,D,0
15.66984,79.27757,367.0,0.37,0.58,2025-03-15,834,N20,VIIRS,h,2,310.74,4.4,D,0
15.67157,78.72343,341.15,0.34,0.56,2025-03-15,834,N20,VIIRS,n,2,305.61,3.12,D,0
15.67867,77.22693,341.2,0.55,0.51,2025-03-15,834,N20,VIIRS,l,2,314.4,11.48,D,0
15.70926,78.8205,335.39,0.35,0.57,2025-03-15,834,N20,VIIRS,l,2,307.85,3.74,D,0
15.70979,78.81892,345.23,0.35,0.57,2025-03-15,834,N20,VIIRS,n,2,307.55,4.62,D,0
15.71414,78.81034,336.54,0.35,0.57,2025-03-15,834,N20,VIIRS,n,2,306.07,6.62,D,0
15.71906,78.80711,337.19,0.35,0.57,2025-03-15,834,N20,VIIRS,n,2,306.44,3.48,D,0
15.7304,78.71988,334.27,0.34,0.56,2025-03-15,834,N20,VIIRS,l,2,307.0,1.31,D,0
15.7325,78.69194,331.49,0.34,0.56,2025-03-15,834,N20,VIIRS,l,2,306.27,1.69,D,0
15.7442,78.70255,339.31,0.34,0.56,2025-03-15,834,N20,VIIRS,n,2,307.38,3.57,D,0
15.74943,78.70229,349.61,0.34,0.56,2025-03-15,834,N20,VIIRS,n,2,309.98,3.57,D,0
15.74976,78.70517,344.03,0.34,0.56,2025-03-15,834,N20,VIIRS,n,2,308.5,3.57,D,0
15.75531,78.70782,345.1,0.34,0.56,2025-03-15,834,N20,VIIRS,n,2,310.36,4.51,D,0
15.76011,78.74989,330.27,0.35,0.56,2025-03-15,834,N20,VIIRS,l,2,304.71,2.31,D,0
15.76049,78.75314,336.68,0.35,0.56,2025-03-15,834,N20,VIIRS,n,2,305.83,2.31,D,0
15.77249,78.76588,337.0,0.35,0.56,2025-03-15,834,N20,VIIRS,n,2,305.83,5.1,D,0
15.77852,78.77238,334.71,0.35,0.56,2025-03-15,834,N20,VIIRS,l,2,307.93,5.0,D,0
15.79676,78.78419,333.08,0.35,0.57,2025-03-15,834,N20,VIIRS,l,2,305.44,1.61,D,0
15.81307,78.98019,341.27,0.36,0.57,2025-03-15,834,N20,VIIRS,n,2,309.33,4.27,D,0
15.81737,78.97449,367.0,0.36,0.57,2025-03-15,834,N20,VIIRS,h,2,308.69,6.79,D,0
15.81764,78.97339,345.92,0.36,0.57,2025-03-15,834,N20,VIIRS,n,2,309.13,3.47,D,0
15.81771,78.97764,339.55,0.36,0.57,2025-03-15,834,N20,VIIRS,n,2,308.17,5.34,D,0
15.818,78.97653,334.45,0.36,0.57,2025-03-15,834,N20,VIIRS,l,2,307.68,3.47,D,0
15.81804,78.98073,349.9,0.36,0.57,2025-03-15,834,N20,VIIRS,n,2,309.18,5.34,D,0
15.81836,78.97965,354.23,0.36,0.57,2025-03-15,834,N20,VIIRS,n,2,309.98,4.01,D,0
15.81871,78.98271,337.81,0.36,0.57,2025-03-15,834,N20,VIIRS,n,2,307.76,4.01,D,0
15.81961,78.94583,344.62,0.36,0.57,2025-03-15,834,N20,VIIRS,n,2,310.39,4.84,D,0
15.81966,78.94468,339.11,0.36,0.57,2025-03-15,834,N20,VIIRS,l,2,309.41,5.05,D,0
15.82374,78.4189,344.37,0.33,0.55,2025-03-15,834,N20,VIIRS,l,2,314.81,6.81,D,0
15.82841,78.78381,343.71,0.35,0.57,2025-03-15,834,N20,VIIRS,n,2,310.13,4.43,D,0
15.83594,78.80396,343.1,0.35,0.57,2025-03-15,834,N20,VIIRS,n,2,310.14,5.58,D,0
15.8452,79.03345,344.65,0.36,0.58,2025-03-15,834,N20,VIIRS,n,2,306.25,4.01,D,0
15.8461,78.80016,336.29,0.35,0.57,2025-03-15,834,N20,VIIRS,l,2,308.56,1.79,D,0
15.85436,78.77951,334.71,0.35,0.57,2025-03-15,834,N20,VIIRS,l,2,307.21,3.99,D,0
15.86478,79.11404,347.88,0.37,0.58,2025-03-15,834,N20,VIIRS,n,2,313.06,5.7,D,0
15.86628,79.07851,335.23,0.36,0.58,2025-03-15,834,N20,VIIRS,l,2,308.9,1.21,D,0
15.87124,79.07465,339.03,0.36,0.58,2025-03-15,834,N20,VIIRS,n,2,310.29,3.03,D,0
15.87284,79.45622,341.9,0.39,0.59,2025-03-15,834,N20,VIIRS,n,2,312.34,2.9,D,0
15.87445,79.45776,335.3,0.39,0.59,2025-03-15,834,N20,VIIRS,l,2,309.75,1.98,D,0
15.89103,78.82276,337.64,0.35,0.57,2025-03-15,834,N20,VIIRS,n,2,305.93,3.22,D,0
15.92354,78.82868,339.8,0.35,0.57,2025-03-15,834,N20,VIIRS,n,2,310.76,4.03,D,0
15.96017,78.91679,331.96,0.36,0.57,2025-03-15,834,N20,VIIRS,l,2,306.67,2.66,D,0
15.98166,78.77662,343.82,0.35,0.57,2025-03-15,834,N20,VIIRS,n,2,309.11,5.43,D,0
15.9824,78.78311,346.43,0.35,0.57,2025-03-15,834,N20,VIIRS,n,2,307.62,5.27,D,0
15.98647,78.7724,342.73,0.35,0.57,2025-03-15,834,N20,VIIRS,n,2,306.43,2.36,D,0
15.98684,78.77561,338.17,0.35,0.57,2025-03-15,834,N20,VIIRS,n,2,305.11,2.36,D,0
15.99483,78.84576,334.41,0.35,0.57,2025-03-15,834,N20,VIIRS,l,2,307.01,1.68,D,0
16.00687,79.09528,351.27,0.37,0.58,2025-03-15,834,N20,VIIRS,n,2,309.63,6.18,D,0
16.00728,79.09901,336.91,0.37,0.58,2025-03-15,834,N20,VIIRS,l,2,309.21,5.98,D,0
16.01236,79.09604,333.33,0.37,0.58,2025-03-15,834,N20,VIIRS,l,2,307.04,3.03,D,0
16.01272,79.09931,349.0,0.37,0.58,2025-03-15,834,N20,VIIRS,n,2,310.11,6.15,D,0
16.02281,79.04507,335.51,0.36,0.58,2025-03-15,834,N20,VIIRS,l,2,309.42,6.74,D,0
16.02322,79.04863,351.92,0.36,0.58,2025-03-15,834,N20,VIIRS,n,2,307.01,5.33,D,0
16.02691,79.03371,333.86,0.36,0.58,2025-03-15,834,N20,VIIRS,l,2,307.15,3.38,D,0
16.02698,77.03024,343.28,0.54,0.5,2025-03-15,834,N20,VIIRS,l,2,314.99,11.99,D,0
16.02732,79.0373,333.19,0.36,0.58,2025-03-15,834,N20,VIIRS,l,2,307.25,3.38,D,0
16.02771,79.04074,332.97,0.36,0.58,2025-03-15,834,N20,VIIRS,l,2,306.86,3.32,D,0
16.02811,79.04423,343.72,0.36,0.58,2025-03-15,834,N20,VIIRS,n,2,308.03,3.32,D,0
16.02847,77.03246,343.11,0.53,0.5,2025-03-15,834,N20,VIIRS,l,2,316.58,7.65,D,0
16.0285,79.04768,339.92,0.36,0.58,2025-03-15,834,N20,VIIRS,n,2,306.41,4.91,D,0
16.03286,79.03872,333.04,0.36,0.58,2025-03-15,834,N20,VIIRS,l,2,307.98,3.32,D,0
16.04915,78.71011,335.33,0.35,0.56,2025-03-15,834,N20,VIIRS,l,2,308.32,4.73,D,0
16.05637,77.22013,347.49,0.55,0.51,2025-03-15,834,N20,VIIRS,n,2,317.3,17.22,D,0
16.05826,78.69721,339.04,0.35,0.56,2025-03-15,834,N20,VIIRS,n,2,308.5,2.55,D,0
16.0968,78.46265,342.55,0.33,0.56,2025-03-15,834,N20,VIIRS,n,2,308.35,2.82,D,0
16.12257,79.03218,367.0,0.36,0.58,2025-03-15,834,N20,VIIRS,h,2,311.67,6.65,D,0
16.12296,79.03568,344.92,0.37,0.58,2025-03-15,834,N20,VIIRS,n,2,307.37,4.53,D,0
16.31284,78.78294,341.92,0.35,0.57,2025-03-15,834,N20,VIIRS,n,2,309.11,4.52,D,0
16.31322,78.78626,346.18,0.35,0.57,2025-03-15,834,N20,VIIRS,n,2,310.65,8.37,D,0
16.34368,77.54399,340.46,0.58,0.52,2025-03-15,834,N20,VIIRS,n,2,305.78,4.23,D,0
16.35356,78.76541,336.27,0.35,0.57,2025-03-15,834,N20,VIIRS,l,2,308.64,1.97,D,0
16.3903,80.13294,331.92,0.44,0.62,2025-03-15,834,N20,VIIRS,n,2,301.73,2.85,D,0
16.40437,81.06491,333.71,0.5,0.66,2025-03-15,834,N20,VIIRS,n,2,302.12,2.5,D,0
16.43769,79.66011,332.26,0.41,0.6,2025-03-15,834,N20,VIIRS,l,2,306.07,3.85,D,0
16.44725,79.32948,344.91,0.39,0.59,2025-03-15,834,N20,VIIRS,n,2,312.57,4.54,D,0
16.45267,79.32854,341.32,0.39,0.59,2025-03-15,834,N20,VIIRS,n,2,311.24,5.51,D,0
16.61391,80.00511,367.0,0.43,0.62,2025-03-15,834,N20,VIIRS,h,2,305.44,8.61,D,0
16.62938,80.62521,331.46,0.47,0.64,2025-03-15,834,N20,VIIRS,n,2,301.19,2.29,D,0
16.75247,77.29596,340.53,0.57,0.52,2025-03-15,834,N20,VIIRS,l,2,314.26,4.9,D,0
16.82221,79.01412,342.64,0.37,0.58,2025-03-15,834,N20,VIIRS,n,2,311.27,3.45,D,0
16.84433,78.67786,339.73,0.35,0.57,2025-03-15,834,N20,VIIRS,l,2,311.86,3.9,D,0
16.874,77.25552,344.12,0.57,0.52,2025-03-15,834,N20,VIIRS,n,2,313.36,11.64,D,0
16.87849,78.13013,347.45,0.32,0.55,2025-03-15,834,N20,VIIRS,n,2,315.82,7.19,D,0
16.8806,78.14862,350.43,0.33,0.55,2025-03-15,834,N20,VIIRS,n,2,313.41,4.07,D,0
17.00315,78.28911,350.97,0.33,0.56,2025-03-15,834,N20,VIIRS,n,2,311.58,3.23,D,0
17.00351,78.29227,341.2,0.33,0.56,2025-03-15,834,N20,VIIRS,n,2,307.91,3.23,D,0
17.06467,77.18,343.43,0.56,0.52,2025-03-15,834,N20,VIIRS,n,2,317.34,14.18,D,0
17.06529,77.18534,345.31,0.57,0.52,2025-03-15,834,N20,VIIRS,n,2,316.98,16.43,D,0
17.07877,77.25977,344.26,0.57,0.52,2025-03-15,834,N20,VIIRS,l,2,315.69,10.56,D,0
17.13926,78.106,342.1,0.33,0.55,2025-03-15,834,N20,VIIRS,l,2,315.51,7.73,D,0
17.19611,77.34888,344.54,0.58,0.52,2025-03-15,834,N20,VIIRS,n,2,314.89,8.38,D,0
17.22683,78.92094,349.16,0.37,0.58,2025-03-15,834,N20,VIIRS,n,2,313.25,5.97,D,0
17.2319,78.81608,343.25,0.36,0.58,2025-03-15,834,N20,VIIRS,n,2,309.92,3.16,D,0
17.25286,77.80177,344.0,0.62,0.54,2025-03-15,834,N20,VIIRS,n,2,313.47,12.01,D,0
17.26899,78.12814,346.81,0.33,0.55,2025-03-15,834,N20,VIIRS,n,2,314.83,4.11,D,0
17.27518,78.18429,342.63,0.33,0.55,2025-03-15,834,N20,VIIRS,l,2,313.74,4.09,D,0
17.28723,78.10689,344.51,0.33,0.55,2025-03-15,834,N20,VIIRS,l,2,315.87,3.98,D,0
17.31593,79.45322,340.75,0.4,0.6,2025-03-15,834,N20,VIIRS,n,2,308.64,5.73,D,0
17.31633,79.45707,346.02,0.4,0.6,2025-03-15,834,N20,VIIRS,n,2,309.07,7.12,D,0
17.36507,80.79516,335.79,0.5,0.65,2025-03-15,834,N20,VIIRS,n,2,303.24,3.92,D,0
17.40487,77.88766,343.76,0.32,0.54,2025-03-15,834,N20,VIIRS,l,2,314.79,6.08,D,0
17.44428,77.92273,339.09,0.32,0.55,2025-03-15,834,N20,VIIRS,l,2,313.64,3.86,D,0
17.46937,79.20895,342.64,0.39,0.59,2025-03-15,834,N20,VIIRS,n,2,305.54,3.26,D,0
17.47171,80.86831,350.24,0.5,0.66,2025-03-15,834,N20,VIIRS,n,2,305.31,9.27,D,0
17.47221,80.87331,330.9,0.5,0.66,2025-03-15,834,N20,VIIRS,l,2,302.75,3.78,D,0
17.47609,81.47184,330.26,0.55,0.68,2025-03-15,834,N20,VIIRS,l,2,301.86,5.16,D,0
17.4878,77.13929,344.3,0.57,0.52,2025-03-15,834,N20,VIIRS,l,2,314.39,8.74,D,0
17.48783,77.76843,342.25,0.63,0.54,2025-03-15,834,N20,VIIRS,l,2,314.68,9.18,D,0
17.48886,77.77197,343.75,0.63,0.54,2025-03-15,834,N20,VIIRS,l,2,316.84,14.59,D,0
17.4928,77.76779,349.5,0.63,0.54,2025-03-15,834,N20,VIIRS,n,2,319.61,19.35,D,0
17.49347,77.77362,344.91,0.63,0.54,2025-03-15,834,N20,VIIRS,l,2,315.83,19.35,D,0
17.49384,77.77135,347.96,0.63,0.54,2025-03-15,834,N20,VIIRS,n,2,317.73,14.59,D,0
17.49505,77.74354,344.05,0.62,0.54,2025-03-15,834,N20,VIIRS,l,2,314.99,11.22,D,0
17.49563,77.74118,346.67,0.62,0.54,2025-03-15,834,N20,VIIRS,n,2,316.65,12.57,D,0
17.57057,81.11843,331.0,0.52,0.67,2025-03-15,834,N20,VIIRS,l,2,302.3,2.38,D,0
17.57974,77.26372,341.27,0.58,0.52,2025-03-15,834,N20,VIIRS,l,2,315.71,16.97,D,0
17.58036,77.26919,344.83,0.58,0.52,2025-03-15,834,N20,VIIRS,n,2,314.82,16.82,D,0
17.59651,79.09082,347.72,0.38,0.59,2025-03-15,834,N20,VIIRS,n,2,308.19,4.66,D,0
17.59654,78.98774,337.85,0.38,0.59,2025-03-15,834,N20,VIIRS,n,2,305.69,1.56,D,0
17.64862,77.48112,341.26,0.6,0.53,2025-03-15,834,N20,VIIRS,l,2,314.86,6.53,D,0
17.68956,80.93703,331.2,0.51,0.66,2025-03-15,834,N20,VIIRS,l,2,303.2,2.04,D,0
17.69388,77.83652,349.56,0.32,0.54,2025-03-15,834,N20,VIIRS,n,2,315.73,5.65,D,0
17.69633,80.35762,347.57,0.47,0.64,2025-03-15,834,N20,VIIRS,n,2,304.48,5.77,D,0
17.70682,77.5822,344.97,0.61,0.54,2025-03-15,834,N20,VIIRS,n,2,312.78,7.38,D,0
17.71175,79.17747,331.32,0.39,0.59,2025-03-15,834,N20,VIIRS,l,2,305.81,1.56,D,0
17.73978,80.68162,344.23,0.49,0.65,2025-03-15,834,N20,VIIRS,n,2,303.26,4.66,D,0
17.74383,77.92441,339.12,0.32,0.55,2025-03-15,834,N20,VIIRS,n,2,303.87,4.54,D,3
17.75323,81.26943,333.18,0.54,0.68,2025-03-15,834,N20,VIIRS,n,2,301.68,3.03,D,0
17.76827,80.07288,334.38,0.45,0.63,2025-03-15,834,N20,VIIRS,n,2,306.09,2.99,D,0
17.76868,80.07711,330.72,0.45,0.63,2025-03-15,834,N20,VIIRS,l,2,303.68,2.0,D,0
17.77606,80.61715,340.38,0.49,0.65,2025-03-15,834,N20,VIIRS,n,2,301.99,5.1,D,0
17.80647,78.86037,343.12,0.37,0.58,2025-03-15,834,N20,VIIRS,n,2,310.12,2.71,D,0
17.82506,77.02922,344.33,0.56,0.52,2025-03-15,834,N20,VIIRS,n,2,313.82,11.61,D,0
17.83048,79.18998,339.83,0.39,0.6,2025-03-15,834,N20,VIIRS,n,2,303.87,3.11,D,0
17.83139,80.53774,333.38,0.48,0.65,2025-03-15,834,N20,VIIRS,n,2,301.63,1.91,D,0
17.8337,80.95042,330.94,0.51,0.66,2025-03-15,834,N20,VIIRS,l,2,303.43,2.91,D,0
17.84227,78.02584,344.71,0.33,0.55,2025-03-15,834,N20,VIIRS,n,2,310.15,4.14,D,0
17.85156,78.92414,337.36,0.38,0.59,2025-03-15,834,N20,VIIRS,n,2,310.84,3.26,D,0
17.85498,80.0593,346.15,0.45,0.63,2025-03-15,834,N20,VIIRS,n,2,306.18,7.18,D,0
17.85537,80.06059,353.72,0.45,0.63,2025-03-15,834,N20,VIIRS,n,2,307.2,7.12,D,0
17.85543,80.06358,345.03,0.45,0.63,2025-03-15,834,N20,VIIRS,n,2,307.36,7.18,D,0
17.85579,80.06489,346.31,0.45,0.63,2025-03-15,834,N20,VIIRS,n,2,306.22,7.12,D,0
17.85588,80.06792,331.28,0.45,0.63,2025-03-15,834,N20,VIIRS,l,2,303.9,4.69,D,0
17.86118,80.05988,337.3,0.45,0.63,2025-03-15,834,N20,VIIRS,n,2,303.88,2.62,D,0
17.86123,80.0629,331.68,0.45,0.63,2025-03-15,834,N20,VIIRS,l,2,304.22,3.45,D,0
17.86525,80.22505,347.8,0.46,0.64,2025-03-15,834,N20,VIIRS,n,2,304.56,4.15,D,0
17.86599,80.22343,349.26,0.46,0.64,2025-03-15,834,N20,VIIRS,n,2,305.51,4.82,D,0
17.86914,80.55254,335.65,0.48,0.65,2025-03-15,834,N20,VIIRS,n,2,301.32,2.56,D,0
17.87491,80.2021,336.13,0.46,0.63,2025-03-15,834,N20,VIIRS,l,2,306.67,4.95,D,0
17.87549,80.20055,333.74,0.46,0.63,2025-03-15,834,N20,VIIRS,l,2,305.72,4.1,D,0
17.88156,78.52217,352.84,0.36,0.57,2025-03-15,834,N20,VIIRS,n,2,312.96,6.34,D,0
17.88192,78.5255,351.62,0.36,0.57,2025-03-15,834,N20,VIIRS,n,2,313.01,6.34,D,0
17.88228,78.52882,343.44,0.36,0.57,2025-03-15,834,N20,VIIRS,n,2,311.15,8.21,D,0
17.88474,80.34852,336.75,0.47,0.64,2025-03-15,834,N20,VIIRS,l,2,307.17,4.04,D,0
17.88498,78.5048,337.56,0.35,0.57,2025-03-15,834,N20,VIIRS,l,2,311.94,3.51,D,0
17.88543,81.10515,332.38,0.53,0.67,2025-03-15,834,N20,VIIRS,n,2,300.83,1.91,D,0
17.88586,80.84856,330.96,0.51,0.66,2025-03-15,834,N20,VIIRS,l,2,304.23,2.03,D,0
17.88842,81.44376,333.17,0.55,0.68,2025-03-15,834,N20,VIIRS,l,2,303.36,2.68,D,0
17.89208,78.52094,342.55,0.36,0.57,2025-03-15,834,N20,VIIRS,n,2,309.8,3.94,D,0
17.93232,80.18345,333.73,0.46,0.63,2025-03-15,834,N20,VIIRS,l,2,308.23,4.32,D,0
17.93991,78.77834,339.31,0.37,0.58,2025-03-15,834,N20,VIIRS,l,2,312.08,4.47,D,0
17.95213,80.03004,334.62,0.45,0.63,2025-03-15,834,N20,VIIRS,n,2,306.02,5.39,D,0
17.95224,80.02997,334.01,0.45,0.63,2025-03-15,834,N20,VIIRS,l,2,305.62,4.58,D,0
17.95796,77.88548,337.47,0.32,0.55,2025-03-15,834,N20,VIIRS,l,2,309.4,5.39,D,0
17.97084,79.25044,336.61,0.4,0.6,2025-03-15,834,N20,VIIRS,n,2,308.03,3.51,D,0
17.97116,79.25283,367.0,0.4,0.6,2025-03-15,834,N20,VIIRS,h,2,309.67,8.21,D,0
17.97125,79.25429,349.12,0.4,0.6,2025-03-15,834,N20,VIIRS,n,2,307.3,3.51,D,0
17.98186,80.43981,333.98,0.48,0.64,2025-03-15,834,N20,VIIRS,n,2,303.66,2.54,D,0
17.98311,78.0243,341.78,0.33,0.55,2025-03-15,834,N20,VIIRS,n,2,310.2,4.38,D,0
17.98509,80.43993,339.59,0.48,0.65,2025-03-15,834,N20,VIIRS,n,2,303.34,4.96,D,0
17.98633,80.20074,367.0,0.46,0.64,2025-03-15,834,N20,VIIRS,h,2,306.73,15.01,D,0
17.9874,80.20044,367.0,0.46,0.64,2025-03-15,834,N20,VIIRS,h,2,307.03,13.48,D,0
17.98781,80.43912,332.21,0.48,0.64,2025-03-15,834,N20,VIIRS,l,2,302.98,2.54,D,0
17.9882,78.02368,367.0,0.33,0.55,2025-03-15,834,N20,VIIRS,h,2,310.42,4.38,D,0
17.98849,80.75359,332.75,0.5,0.66,2025-03-15,834,N20,VIIRS,n,2,303.46,1.52,D,0
18.01913,81.47961,345.76,0.56,0.69,2025-03-15,834,N20,VIIRS,n,2,304.34,5.61,D,0
18.06617,80.28663,345.52,0.47,0.64,2025-03-15,834,N20,VIIRS,n,2,304.53,5.18,D,0
18.06663,80.2912,341.61,0.47,0.64,2025-03-15,834,N20,VIIRS,n,2,303.79,5.18,D,0
18.06815,80.55043,367.0,0.49,0.65,2025-03-15,834,N20,VIIRS,h,2,304.42,12.08,D,0
18.07014,80.21906,332.54,0.46,0.64,2025-03-15,834,N20,VIIRS,l,2,305.29,3.75,D,0
18.07131,80.2193,333.43,0.46,0.64,2025-03-15,834,N20,VIIRS,l,2,304.96,4.35,D,0
18.09944,80.53314,330.53,0.49,0.65,2025-03-15,834,N20,VIIRS,l,2,304.12,2.58,D,0
18.10114,80.48618,337.52,0.48,0.65,2025-03-15,834,N20,VIIRS,n,2,304.15,3.54,D,0
18.10158,80.49091,338.43,0.48,0.65,2025-03-15,834,N20,VIIRS,n,2,303.57,3.54,D,0
18.10414,80.54628,341.1,0.49,0.65,2025-03-15,834,N20,VIIRS,n,2,302.94,5.97,D,0
18.10418,80.48604,335.65,0.48,0.65,2025-03-15,834,N20,VIIRS,n,2,303.82,3.62,D,0
18.10465,80.49071,338.07,0.48,0.65,2025-03-15,834,N20,VIIRS,n,2,303.78,3.62,D,0
18.10669,80.54591,332.71,0.49,0.65,2025-03-15,834,N20,VIIRS,l,2,302.92,2.58,D,0
18.10842,80.90397,334.47,0.51,0.66,2025-03-15,834,N20,VIIRS,l,2,304.93,4.22,D,0
18.12383,80.34422,343.81,0.47,0.64,2025-03-15,834,N20,VIIRS,n,2,303.95,8.33,D,0
18.12446,78.45374,334.64,0.35,0.57,2025-03-15,834,N20,VIIRS,n,2,304.28,2.32,D,0
18.12658,77.57462,339.03,0.62,0.54,2025-03-15,834,N20,VIIRS,l,2,313.86,6.09,D,0
18.13113,80.35782,334.83,0.47,0.64,2025-03-15,834,N20,VIIRS,n,2,302.41,4.85,D,0
18.13631,77.79362,336.7,0.32,0.55,2025-03-15,834,N20,VIIRS,l,2,309.7,2.16,D,0
18.15911,80.27659,339.88,0.47,0.64,2025-03-15,834,N20,VIIRS,n,2,302.56,4.72,D,0
18.15958,80.28139,338.35,0.47,0.64,2025-03-15,834,N20,VIIRS,n,2,301.2,4.72,D,0
18.17562,80.75993,339.26,0.5,0.66,2025-03-15,834,N20,VIIRS,n,2,304.41,6.11,D,0
18.18442,78.3689,342.39,0.35,0.57,2025-03-15,834,N20,VIIRS,n,2,306.76,5.38,D,0
18.18534,80.73295,335.79,0.5,0.66,2025-03-15,834,N20,VIIRS,n,2,303.39,2.75,D,0
18.18943,80.90642,330.34,0.52,0.66,2025-03-15,834,N20,VIIRS,n,2,302.79,2.07,D,0
18.20121,77.5576,341.44,0.62,0.54,2025-03-15,834,N20,VIIRS,l,2,313.23,8.14,D,0
18.20551,77.55125,347.95,0.62,0.54,2025-03-15,834,N20,VIIRS,n,2,313.64,12.69,D,0
18.20705,78.28652,339.89,0.35,0.56,2025-03-15,834,N20,VIIRS,n,2,307.49,3.96,D,0
18.21774,78.8308,336.23,0.38,0.58,2025-03-15,834,N20,VIIRS,n,2,308.79,3.11,D,0
18.2244,78.04571,337.84,0.33,0.56,2025-03-15,834,N20,VIIRS,n,2,304.52,1.8,D,0
18.22866,80.73605,343.68,0.5,0.66,2025-03-15,834,N20,VIIRS,n,2,304.72,7.06,D,0
18.22911,80.74065,334.22,0.5,0.66,2025-03-15,834,N20,VIIRS,n,2,303.39,3.71,D,0
18.22924,80.73223,332.96,0.5,0.66,2025-03-15,834,N20,VIIRS,l,2,304.74,4.66,D,0
18.22967,80.73692,348.62,0.5,0.66,2025-03-15,834,N20,VIIRS,n,2,304.78,4.66,D,0
18.23267,80.77699,330.94,0.51,0.66,2025-03-15,834,N20,VIIRS,n,2,300.9,2.45,D,0
18.23446,80.72213,333.61,0.5,0.66,2025-03-15,834,N20,VIIRS,l,2,305.34,6.45,D,0
18.23923,79.96102,341.72,0.45,0.63,2025-03-15,834,N20,VIIRS,n,2,303.71,6.98,D,0
18.24279,78.02419,335.14,0.33,0.55,2025-03-15,834,N20,VIIRS,n,2,307.54,1.73,D,0
18.2583,80.78695,336.59,0.51,0.66,2025-03-15,834,N20,VIIRS,n,2,300.49,2.23,D,0
18.259,80.78806,332.1,0.51,0.66,2025-03-15,834,N20,VIIRS,n,2,300.54,2.36,D,0
18.25952,80.40732,330.62,0.48,0.65,2025-03-15,834,N20,VIIRS,l,2,305.39,7.36,D,0
18.25953,78.03506,353.29,0.33,0.56,2025-03-15,834,N20,VIIRS,n,2,310.17,7.9,D,0
18.25988,78.03824,346.6,0.33,0.56,2025-03-15,834,N20,VIIRS,n,2,308.59,4.16,D,0
18.26023,78.0414,344.27,0.33,0.56,2025-03-15,834,N20,VIIRS,n,2,308.99,4.16,D,0
18.26058,78.04456,340.76,0.33,0.56,2025-03-15,834,N20,VIIRS,n,2,310.01,5.56,D,0
18.26192,80.37,333.69,0.48,0.64,2025-03-15,834,N20,VIIRS,n,2,303.44,3.16,D,0
18.26237,80.3746,336.55,0.48,0.64,2025-03-15,834,N20,VIIRS,n,2,302.85,3.16,D,0
18.26418,80.64652,367.0,0.5,0.66,2025-03-15,834,N20,VIIRS,h,2,305.82,7.63,D,0
18.265,78.0376,344.2,0.33,0.56,2025-03-15,834,N20,VIIRS,n,2,306.93,4.16,D,0
18.26535,78.04077,333.57,0.33,0.56,2025-03-15,834,N20,VIIRS,n,2,306.32,4.16,D,0
18.2657,78.04394,367.0,0.33,0.56,2025-03-15,834,N20,VIIRS,h,2,309.22,5.56,D,0
18.26742,80.3648,331.06,0.48,0.64,2025-03-15,834,N20,VIIRS,n,2,303.54,6.65,D,0
18.26787,80.36936,367.0,0.48,0.64,2025-03-15,834,N20,VIIRS,h,2,304.65,7.31,D,0
18.27128,78.0199,332.55,0.33,0.55,2025-03-15,834,N20,VIIRS,l,2,307.47,5.09,D,0
18.27279,78.0144,337.1,0.33,0.55,2025-03-15,834,N20,VIIRS,l,2,308.64,3.84,D,0
18.27305,80.30003,330.11,0.47,0.64,2025-03-15,834,N20,VIIRS,l,2,302.4,1.63,D,0
18.27383,80.36879,336.63,0.48,0.64,2025-03-15,834,N20,VIIRS,n,2,302.89,7.31,D,0
18.27396,80.30923,334.5,0.47,0.64,2025-03-15,834,N20,VIIRS,n,2,303.3,4.94,D,0
18.27576,78.01321,333.43,0.33,0.55,2025-03-15,834,N20,VIIRS,l,2,308.18,3.61,D,0
18.28827,78.03378,341.07,0.33,0.56,2025-03-15,834,N20,VIIRS,n,2,307.79,2.54,D,0
18.2886,78.0369,336.01,0.33,0.56,2025-03-15,834,N20,VIIRS,l,2,307.54,2.54,D,0
18.28894,78.04008,331.67,0.33,0.56,2025-03-15,834,N20,VIIRS,l,2,305.98,3.22,D,0
18.29286,80.34135,341.45,0.47,0.64,2025-03-15,834,N20,VIIRS,n,2,303.22,4.72,D,0
18.29328,80.34594,340.14,0.47,0.64,2025-03-15,834,N20,VIIRS,n,2,302.35,4.72,D,0
18.29537,80.34361,355.08,0.47,0.64,2025-03-15,834,N20,VIIRS,n,2,303.31,7.41,D,0
18.30042,80.334,344.21,0.47,0.64,2025-03-15,834,N20,VIIRS,n,2,303.11,5.42,D,0
18.30391,80.33118,331.89,0.47,0.64,2025-03-15,834,N20,VIIRS,l,2,302.71,5.3,D,0
18.30433,80.33561,347.26,0.47,0.64,2025-03-15,834,N20,VIIRS,n,2,303.03,5.3,D,0
18.30505,80.09186,348.03,0.46,0.63,2025-03-15,834,N20,VIIRS,n,2,304.14,6.15,D,0
18.30637,80.33351,347.8,0.47,0.64,2025-03-15,834,N20,VIIRS,n,2,303.3,5.42,D,0
18.30681,80.33793,332.0,0.47,0.64,2025-03-15,834,N20,VIIRS,l,2,302.15,7.73,D,0
18.30895,77.93636,346.03,0.33,0.55,2025-03-15,834,N20,VIIRS,n,2,310.04,4.64,D,0
18.31029,80.33519,336.26,0.47,0.64,2025-03-15,834,N20,VIIRS,n,2,302.15,1.86,D,0
18.31051,80.08712,337.37,0.46,0.63,2025-03-15,834,N20,VIIRS,n,2,304.38,5.37,D,0
18.31114,80.34424,335.14,0.47,0.64,2025-03-15,834,N20,VIIRS,n,2,302.15,5.39,D,0
18.31323,80.34205,337.63,0.47,0.64,2025-03-15,834,N20,VIIRS,n,2,301.66,2.29,D,0
18.31588,80.39487,330.46,0.48,0.65,2025-03-15,834,N20,VIIRS,l,2,302.7,2.99,D,0
18.34049,80.15186,348.69,0.46,0.64,2025-03-15,834,N20,VIIRS,n,2,304.55,4.91,D,0
18.34821,80.69184,354.15,0.5,0.66,2025-03-15,834,N20,VIIRS,n,2,306.15,7.5,D,0
18.34933,80.68958,335.59,0.5,0.66,2025-03-15,834,N20,VIIRS,n,2,304.49,4.89,D,0
18.34975,80.69412,341.47,0.5,0.66,2025-03-15,834,N20,VIIRS,n,2,303.74,4.89,D,0
18.3658,80.60362,330.86,0.49,0.65,2025-03-15,834,N20,VIIRS,l,2,304.43,1.7,D,0
18.36623,80.60822,330.69,0.49,0.65,2025-03-15,834,N20,VIIRS,l,2,302.95,1.7,D,0
18.37004,80.71424,341.1,0.5,0.66,2025-03-15,834,N20,VIIRS,n,2,305.38,7.26,D,0
18.37188,80.53921,335.04,0.49,0.65,2025-03-15,834,N20,VIIRS,n,2,304.37,2.91,D,0
18.37221,80.60686,343.13,0.49,0.65,2025-03-15,834,N20,VIIRS,n,2,305.43,4.03,D,0
18.37386,81.08137,330.33,0.53,0.67,2025-03-15,834,N20,VIIRS,l,2,304.85,4.4,D,0
18.37858,81.07896,341.02,0.53,0.67,2025-03-15,834,N20,VIIRS,n,2,305.39,3.91,D,0
18.37903,81.08398,330.27,0.53,0.67,2025-03-15,834,N20,VIIRS,l,2,303.81,3.91,D,0
18.38009,81.08077,346.65,0.53,0.67,2025-03-15,834,N20,VIIRS,n,2,304.71,4.4,D,0
18.40824,79.15798,332.65,0.4,0.6,2025-03-15,834,N20,VIIRS,n,2,302.19,5.13,D,0
18.40852,80.19392,331.43,0.47,0.64,2025-03-15,834,N20,VIIRS,l,2,304.29,4.89,D,0
18.41008,80.19352,333.42,0.46,0.64,2025-03-15,834,N20,VIIRS,l,2,304.61,5.13,D,0
18.4155,79.95867,333.76,0.45,0.63,2025-03-15,834,N20,VIIRS,l,2,304.91,2.15,D,0
18.41614,78.74739,333.89,0.37,0.58,2025-03-15,834,N20,VIIRS,l,2,308.39,3.2,D,0
18.42311,78.71028,337.36,0.37,0.58,2025-03-15,834,N20,VIIRS,l,2,308.41,2.85,D,0
18.42348,78.71381,335.23,0.37,0.58,2025-03-15,834,N20,VIIRS,l,2,307.06,2.85,D,0
18.42675,77.28579,342.57,0.6,0.53,2025-03-15,834,N20,VIIRS,l,2,313.0,7.22,D,0
18.43473,80.21871,334.94,0.47,0.64,2025-03-15,834,N20,VIIRS,n,2,304.47,3.35,D,0
18.4363,80.17306,348.62,0.46,0.64,2025-03-15,834,N20,VIIRS,n,2,306.23,5.84,D,0
18.43673,80.17756,337.68,0.46,0.64,2025-03-15,834,N20,VIIRS,n,2,303.74,5.84,D,0
18.44034,78.4758,335.69,0.36,0.57,2025-03-15,834,N20,VIIRS,l,2,306.76,0.87,D,0
18.4454,80.26769,330.03,0.47,0.64,2025-03-15,834,N20,VIIRS,l,2,302.29,2.88,D,0
18.4571,79.62196,356.44,0.43,0.62,2025-03-15,834,N20,VIIRS,n,2,306.78,9.74,D,0
18.45859,78.54942,334.83,0.36,0.58,2025-03-15,834,N20,VIIRS,l,2,308.03,6.11,D,0
18.45971,79.62287,367.0,0.43,0.62,2025-03-15,834,N20,VIIRS,h,2,306.09,9.15,D,0
18.46082,78.624,332.17,0.37,0.58,2025-03-15,834,N20,VIIRS,l,2,307.05,2.37,D,0
18.46118,79.94569,335.64,0.45,0.63,2025-03-15,834,N20,VIIRS,n,2,304.13,2.55,D,0
18.46159,79.94733,339.46,0.45,0.63,2025-03-15,834,N20,VIIRS,n,2,303.8,3.74,D,0
18.46873,79.96231,332.15,0.45,0.63,2025-03-15,834,N20,VIIRS,l,2,306.51,2.12,D,0
18.47059,79.85661,330.98,0.44,0.63,2025-03-15,834,N20,VIIRS,l,2,305.26,2.26,D,0
18.4712,78.31257,347.31,0.35,0.57,2025-03-15,834,N20,VIIRS,n,2,309.15,1.53,D,0
18.47205,78.42125,334.34,0.36,0.57,2025-03-15,834,N20,VIIRS,l,2,308.38,4.64,D,0
18.48098,78.305,341.74,0.35,0.57,2025-03-15,834,N20,VIIRS,n,2,307.5,3.96,D,0
18.48316,78.22711,336.13,0.35,0.56,2025-03-15,834,N20,VIIRS,l,2,306.43,3.18,D,0
18.48335,78.42728,332.51,0.36,0.57,2025-03-15,834,N20,VIIRS,l,2,306.83,3.13,D,0
18.48352,78.23048,333.25,0.35,0.56,2025-03-15,834,N20,VIIRS,l,2,305.64,3.04,D,0
18.49317,79.97068,333.28,0.45,0.63,2025-03-15,834,N20,VIIRS,l,2,304.9,4.57,D,0
18.49429,78.48032,352.07,0.36,0.57,2025-03-15,834,N20,VIIRS,n,2,307.51,7.25,D,0
18.49557,78.19608,333.45,0.34,0.56,2025-03-15,834,N20,VIIRS,l,2,306.37,2.18,D,0
18.50027,78.48623,336.82,0.36,0.57,2025-03-15,834,N20,VIIRS,n,2,304.37,1.71,D,0
18.50265,80.13329,331.22,0.46,0.64,2025-03-15,834,N20,VIIRS,l,2,304.78,3.06,D,0
18.50293,80.67994,333.04,0.5,0.66,2025-03-15,834,N20,VIIRS,l,2,303.97,5.93,D,0
18.50398,80.13575,331.84,0.46,0.64,2025-03-15,834,N20,VIIRS,l,2,303.91,2.82,D,0
18.50605,80.10644,335.29,0.46,0.64,2025-03-15,834,N20,VIIRS,l,2,306.2,2.59,D,0
18.50675,80.1045,337.04,0.46,0.64,2025-03-15,834,N20,VIIRS,n,2,306.65,5.08,D,0
18.50776,79.93896,339.12,0.45,0.63,2025-03-15,834,N20,VIIRS,n,2,306.08,3.18,D,0
18.52958,80.10428,331.01,0.46,0.64,2025-03-15,834,N20,VIIRS,n,2,303.35,2.42,D,0
18.53857,80.26093,332.69,0.47,0.64,2025-03-15,834,N20,VIIRS,n,2,301.8,4.39,D,0
18.54228,77.32201,339.91,0.6,0.53,2025-03-15,834,N20,VIIRS,l,2,312.84,6.95,D,0
18.54591,79.90924,355.42,0.45,0.63,2025-03-15,834,N20,VIIRS,n,2,306.74,7.31,D,0
18.5531,80.88443,335.91,0.52,0.67,2025-03-15,834,N20,VIIRS,n,2,305.09,5.1,D,0
18.55313,80.35116,332.83,0.48,0.65,2025-03-15,834,N20,VIIRS,n,2,301.96,5.08,D,0
18.55352,80.88626,337.12,0.52,0.67,2025-03-15,834,N20,VIIRS,n,2,304.73,3.12,D,0
18.56137,79.60395,337.1,0.43,0.62,2025-03-15,834,N20,VIIRS,n,2,305.65,3.51,D,0
18.5657,78.66283,367.0,0.37,0.58,2025-03-15,834,N20,VIIRS,h,2,309.96,7.83,D,0
18.56727,78.65914,336.33,0.37,0.58,2025-03-15,834,N20,VIIRS,n,2,309.78,7.06,D,0
18.56766,78.66275,367.0,0.37,0.58,2025-03-15,834,N20,VIIRS,h,2,310.15,9.43,D,0
18.58229,80.15729,333.77,0.46,0.64,2025-03-15,834,N20,VIIRS,l,2,304.74,6.65,D,0
18.58583,80.31566,331.61,0.48,0.64,2025-03-15,834,N20,VIIRS,l,2,301.99,2.79,D,0
18.58781,78.66709,334.0,0.37,0.58,2025-03-15,834,N20,VIIRS,l,2,307.24,1.69,D,0
18.60266,80.6824,333.95,0.5,0.66,2025-03-15,834,N20,VIIRS,n,2,302.83,3.5,D,0
18.62708,79.34047,333.14,0.41,0.61,2025-03-15,834,N20,VIIRS,n,2,304.27,4.33,D,0
18.62843,79.33958,331.88,0.41,0.61,2025-03-15,834,N20,VIIRS,n,2,303.74,3.3,D,0
18.63154,80.25488,340.96,0.47,0.64,2025-03-15,834,N20,VIIRS,n,2,303.33,3.15,D,0
18.64069,80.63051,336.12,0.5,0.66,2025-03-15,834,N20,VIIRS,n,2,304.46,2.71,D,0
18.64149,79.54991,335.3,0.42,0.61,2025-03-15,834,N20,VIIRS,n,2,305.04,3.01,D,0
18.64169,80.62904,342.56,0.5,0.66,2025-03-15,834,N20,VIIRS,n,2,305.87,4.98,D,0
18.64433,79.54859,340.98,0.42,0.61,2025-03-15,834,N20,VIIRS,n,2,307.14,4.52,D,0
18.64491,78.79813,338.59,0.38,0.59,2025-03-15,834,N20,VIIRS,n,2,306.41,2.46,D,0
18.65134,77.81355,337.14,0.33,0.55,2025-03-15,834,N20,VIIRS,l,2,308.91,7.1,D,0
18.65171,79.73466,338.07,0.44,0.62,2025-03-15,834,N20,VIIRS,n,2,307.45,2.7,D,0
18.65748,80.33905,342.53,0.48,0.65,2025-03-15,834,N20,VIIRS,n,2,303.03,3.42,D,0
18.6737,80.3195,336.14,0.48,0.64,2025-03-15,834,N20,VIIRS,n,2,303.12,3.91,D,0
18.68096,80.39566,336.09,0.48,0.65,2025-03-15,834,N20,VIIRS,n,2,304.65,3.83,D,0
18.68139,80.40018,336.5,0.48,0.65,2025-03-15,834,N20,VIIRS,n,2,304.13,3.83,D,0
18.69553,80.61449,330.28,0.5,0.66,2025-03-15,834,N20,VIIRS,l,2,305.08,1.55,D,0
18.71818,80.30829,353.07,0.48,0.64,2025-03-15,834,N20,VIIRS,n,2,304.13,7.32,D,0
18.72054,80.30598,347.5,0.48,0.64,2025-03-15,834,N20,VIIRS,n,2,303.9,5.62,D,0
18.73214,80.74197,331.43,0.51,0.66,2025-03-15,834,N20,VIIRS,l,2,302.21,1.82,D,0
18.73652,77.30337,340.18,0.6,0.53,2025-03-15,834,N20,VIIRS,l,2,312.43,7.4,D,0
18.73898,77.30511,339.84,0.61,0.53,2025-03-15,834,N20,VIIRS,l,2,312.79,7.27,D,0
18.74709,80.55937,340.98,0.5,0.66,2025-03-15,834,N20,VIIRS,n,2,304.84,1.88,D,0
18.76051,80.58904,335.14,0.5,0.66,2025-03-15,834,N20,VIIRS,n,2,303.28,2.24,D,0
18.76379,80.56013,332.09,0.5,0.65,2025-03-15,834,N20,VIIRS,l,2,306.02,2.04,D,0
18.76596,77.6991,347.16,0.32,0.55,2025-03-15,834,N20,VIIRS,n,2,311.74,3.34,D,0
18.79454,80.74308,334.56,0.51,0.66,2025-03-15,834,N20,VIIRS,n,2,303.37,3.01,D,0
18.79915,80.9314,342.03,0.53,0.67,2025-03-15,834,N20,VIIRS,n,2,304.4,4.61,D,0
18.79967,80.92833,336.18,0.53,0.67,2025-03-15,834,N20,VIIRS,n,2,304.18,6.99,D,0
18.81362,80.19855,330.42,0.47,0.64,2025-03-15,834,N20,VIIRS,l,2,304.31,4.32,D,0
18.81388,80.81885,346.62,0.52,0.67,2025-03-15,834,N20,VIIRS,n,2,304.56,6.08,D,0
18.82295,80.16999,340.2,0.47,0.64,2025-03-15,834,N20,VIIRS,n,2,304.13,5.63,D,0
18.82484,80.16938,337.09,0.47,0.64,2025-03-15,834,N20,VIIRS,n,2,304.38,4.01,D,0
18.83888,80.25018,334.22,0.47,0.64,2025-03-15,834,N20,VIIRS,l,2,305.0,4.47,D,0
18.84131,80.64933,333.54,0.5,0.66,2025-03-15,834,N20,VIIRS,n,2,302.83,3.54,D,0
18.8422,80.6506,337.98,0.5,0.66,2025-03-15,834,N20,VIIRS,n,2,302.61,4.58,D,0
18.84238,80.25044,343.13,0.47,0.64,2025-03-15,834,N20,VIIRS,n,2,307.11,8.92,D,0
18.8428,80.25494,349.61,0.48,0.64,2025-03-15,834,N20,VIIRS,n,2,305.12,7.92,D,0
18.84699,77.98779,334.31,0.34,0.56,2025-03-15,834,N20,VIIRS,l,2,306.85,4.28,D,0
18.85953,79.5233,331.26,0.42,0.61,2025-03-15,834,N20,VIIRS,l,2,305.62,1.44,D,0
18.86124,80.85974,333.01,0.52,0.67,2025-03-15,834,N20,VIIRS,n,2,301.85,3.17,D,0
18.87505,80.21503,330.65,0.47,0.64,2025-03-15,834,N20,VIIRS,l,2,305.63,3.37,D,0
18.88761,80.47652,340.69,0.49,0.65,2025-03-15,834,N20,VIIRS,n,2,302.64,5.24,D,0
18.90563,80.22114,333.44,0.47,0.64,2025-03-15,834,N20,VIIRS,n,2,303.41,5.52,D,0
18.90954,80.22276,338.62,0.47,0.64,2025-03-15,834,N20,VIIRS,n,2,303.92,6.89,D,0
18.91032,80.33198,336.27,0.48,0.65,2025-03-15,834,N20,VIIRS,n,2,304.24,3.56,D,0
18.91113,80.21605,333.38,0.47,0.64,2025-03-15,834,N20,VIIRS,l,2,303.93,3.75,D,0
18.91299,80.75124,332.57,0.51,0.66,2025-03-15,834,N20,VIIRS,l,2,304.02,3.17,D,0
18.91507,80.21764,342.97,0.47,0.64,2025-03-15,834,N20,VIIRS,n,2,303.86,8.76,D,0
18.91708,80.21553,335.87,0.47,0.64,2025-03-15,834,N20,VIIRS,n,2,303.23,3.75,D,0
18.9271,80.63701,339.04,0.5,0.66,2025-03-15,834,N20,VIIRS,n,2,304.25,6.03,D,0
18.92781,80.22572,334.01,0.47,0.64,2025-03-15,834,N20,VIIRS,n,2,303.37,2.38,D,0
18.92987,80.2236,331.71,0.47,0.64,2025-03-15,834,N20,VIIRS,l,2,303.72,2.68,D,0
18.93376,80.22517,330.36,0.47,0.64,2025-03-15,834,N20,VIIRS,l,2,303.26,2.06,D,0
18.93411,78.41246,339.26,0.36,0.57,2025-03-15,834,N20,VIIRS,n,2,306.9,4.44,D,0
18.9418,78.48524,330.77,0.36,0.58,2025-03-15,834,N20,VIIRS,l,2,304.84,2.83,D,0
18.95348,80.85316,338.07,0.52,0.67,2025-03-15,834,N20,VIIRS,n,2,304.13,4.07,D,0
18.99226,78.75748,334.24,0.38,0.59,2025-03-15,834,N20,VIIRS,n,2,306.52,4.94,D,0
18.99264,78.7611,367.0,0.38,0.59,2025-03-15,834,N20,VIIRS,h,2,306.32,7.69,D,0
18.99444,78.75732,356.17,0.38,0.59,2025-03-15,834,N20,VIIRS,n,2,307.84,11.98,D,0
18.9948,78.76094,367.0,0.38,0.59,2025-03-15,834,N20,VIIRS,h,2,305.93,11.63,D,0
18.99769,78.75697,343.37,0.38,0.59,2025-03-15,834,N20,VIIRS,n,2,306.47,6.79,D,0
18.99807,78.76059,345.21,0.38,0.59,2025-03-15,834,N20,VIIRS,n,2,305.22,5.76,D,0
19.00326,80.58472,349.87,0.5,0.66,2025-03-15,834,N20,VIIRS,n,2,303.59,5.74,D,0
19.0046,80.66646,330.66,0.51,0.66,2025-03-15,834,N20,VIIRS,l,2,302.21,2.04,D,0
19.01026,80.6609,344.02,0.51,0.66,2025-03-15,834,N20,VIIRS,n,2,302.17,5.52,D,0
19.01252,78.94203,330.21,0.39,0.59,2025-03-15,834,N20,VIIRS,l,2,303.91,2.26,D,0
19.0154,79.96638,334.44,0.46,0.63,2025-03-15,834,N20,VIIRS,l,2,306.49,1.79,D,0
19.01583,80.02237,340.12,0.46,0.64,2025-03-15,834,N20,VIIRS,n,2,307.39,4.69,D,0
19.02403,81.16505,331.28,0.55,0.68,2025-03-15,834,N20,VIIRS,l,2,304.61,3.36,D,0
19.03957,80.49828,336.72,0.5,0.65,2025-03-15,834,N20,VIIRS,n,2,303.44,6.1,D,0
19.04401,79.20958,334.28,0.41,0.6,2025-03-15,834,N20,VIIRS,l,2,304.82,3.13,D,0
19.04423,80.49921,332.36,0.5,0.65,2025-03-15,834,N20,VIIRS,l,2,302.58,2.96,D,0
19.04429,80.02205,338.96,0.46,0.64,2025-03-15,834,N20,VIIRS,n,2,307.3,3.39,D,0
19.04434,79.21296,343.1,0.41,0.6,2025-03-15,834,N20,VIIRS,n,2,304.16,3.13,D,0
19.04533,79.21218,339.33,0.41,0.6,2025-03-15,834,N20,VIIRS,n,2,304.55,4.05,D,0
19.05,80.47829,333.47,0.49,0.65,2025-03-15,834,N20,VIIRS,l,2,304.24,2.37,D,0
19.05123,80.63748,334.79,0.51,0.66,2025-03-15,834,N20,VIIRS,n,2,303.46,5.64,D,0
19.06445,80.10975,335.21,0.47,0.64,2025-03-15,834,N20,VIIRS,l,2,306.11,2.32,D,0
19.06844,78.57418,333.56,0.37,0.58,2025-03-15,834,N20,VIIRS,l,2,306.34,2.46,D,0
19.06996,80.10489,332.47,0.47,0.64,2025-03-15,834,N20,VIIRS,l,2,306.57,2.32,D,0
19.07844,80.38915,367.0,0.49,0.65,2025-03-15,834,N20,VIIRS,h,2,305.33,11.34,D,0
19.09106,79.06018,332.67,0.4,0.6,2025-03-15,834,N20,VIIRS,l,2,304.09,2.35,D,0
19.11922,80.0743,333.28,0.47,0.64,2025-03-15,834,N20,VIIRS,l,2,307.08,2.0,D,0
19.21498,79.89669,339.02,0.45,0.63,2025-03-15,834,N20,VIIRS,l,2,309.68,2.72,D,0
19.22558,79.94395,346.56,0.46,0.63,2025-03-15,834,N20,VIIRS,n,2,309.95,6.59,D,0
19.23143,79.94328,367.0,0.46,0.63,2025-03-15,834,N20,VIIRS,h,2,310.42,6.59,D,0
19.30906,80.87193,335.4,0.53,0.67,2025-03-15,834,N20,VIIRS,n,2,304.0,5.55,D,0
19.3258,80.91644,354.55,0.53,0.67,2025-03-15,834,N20,VIIRS,n,2,304.1,18.59,D,0
19.32628,80.92157,367.0,0.53,0.67,2025-03-15,834,N20,VIIRS,h,2,301.49,18.59,D,0
18.96414,77.27572,338.63,0.61,0.53,2025-03-15,835,N20,VIIRS,l,2,310.47,5.44,D,0
19.01819,77.26934,342.4,0.61,0.53,2025-03-15,835,N20,VIIRS,n,2,312.06,7.15,D,0
19.01884,77.27518,341.9,0.61,0.53,2025-03-15,835,N20,VIIRS,n,2,311.61,7.15,D,0
19.02246,77.26295,338.98,0.61,0.53,2025-03-15,835,N20,VIIRS,n,2,312.07,4.94,D,0
19.02309,77.26866,338.02,0.61,0.53,2025-03-15,835,N20,VIIRS,n,2,312.82,7.15,D,0
19.02375,77.27457,367.0,0.61,0.53,2025-03-15,835,N20,VIIRS,h,2,311.24,7.15,D,0
19.02736,77.26233,343.5,0.61,0.53,2025-03-15,835,N20,VIIRS,n,2,310.96,9.54,D,0
19.02801,77.26814,345.34,0.61,0.53,2025-03-15,835,N20,VIIRS,n,2,311.52,10.29,D,0
19.0493,77.07416,337.35,0.59,0.53,2025-03-15,835,N20,VIIRS,l,2,312.24,7.39,D,0
19.11635,78.48138,330.71,0.37,0.58,2025-03-15,835,N20,VIIRS,l,2,305.34,1.63,D,0
19.1487,77.62458,335.63,0.32,0.55,2025-03-15,835,N20,VIIRS,l,2,308.7,3.61,D,0
19.15129,78.8811,345.29,0.39,0.59,2025-03-15,835,N20,VIIRS,n,2,304.04,4.38,D,0
19.1539,78.22798,334.7,0.35,0.57,2025-03-15,835,N20,VIIRS,l,2,306.4,2.84,D,0
19.15808,78.83864,354.89,0.39,0.59,2025-03-15,835,N20,VIIRS,n,2,305.88,6.3,D,0
19.22471,79.94432,339.8,0.46,0.63,2025-03-15,835,N20,VIIRS,n,2,309.58,5.13,D,0
19.23018,79.93941,335.02,0.46,0.63,2025-03-15,835,N20,VIIRS,n,2,309.74,5.13,D,0
19.23056,79.94359,367.0,0.46,0.63,2025-03-15,835,N20,VIIRS,h,2,309.62,5.13,D,0
19.24163,78.66739,331.96,0.38,0.59,2025-03-15,835,N20,VIIRS,l,2,306.21,2.96,D,0
19.2571,78.6584,340.94,0.38,0.59,2025-03-15,835,N20,VIIRS,n,2,308.93,5.4,D,0
19.26354,80.10693,342.31,0.47,0.64,2025-03-15,835,N20,VIIRS,n,2,306.78,3.44,D,0
19.28667,77.82243,341.27,0.33,0.55,2025-03-15,835,N20,VIIRS,n,2,308.88,5.34,D,0
19.29156,78.88889,333.76,0.39,0.59,2025-03-15,835,N20,VIIRS,n,2,305.15,1.6,D,0
19.29627,79.8279,333.8,0.45,0.63,2025-03-15,835,N20,VIIRS,l,2,308.12,3.94,D,0
19.29652,79.83081,335.72,0.45,0.63,2025-03-15,835,N20,VIIRS,l,2,307.12,3.47,D,0
19.29833,80.28751,332.71,0.48,0.65,2025-03-15,835,N20,VIIRS,n,2,304.9,1.84,D,0
19.29994,80.11242,335.84,0.47,0.64,2025-03-15,835,N20,VIIRS,l,2,306.77,2.68,D,0
19.303,79.89706,333.84,0.46,0.63,2025-03-15,835,N20,VIIRS,l,2,308.44,2.03,D,0
19.30796,80.87373,333.46,0.53,0.67,2025-03-15,835,N20,VIIRS,l,2,303.54,5.32,D,0
19.31185,80.17471,332.17,0.48,0.64,2025-03-15,835,N20,VIIRS,n,2,305.83,3.58,D,0
19.31419,77.22879,336.84,0.61,0.53,2025-03-15,835,N20,VIIRS,l,2,310.24,6.18,D,0
19.31736,80.16951,332.62,0.47,0.64,2025-03-15,835,N20,VIIRS,l,2,306.52,5.36,D,0
19.31822,80.17849,367.0,0.48,0.64,2025-03-15,835,N20,VIIRS,h,2,305.98,9.79,D,0
19.32033,80.13774,334.48,0.47,0.64,2025-03-15,835,N20,VIIRS,l,2,306.99,4.62,D,0
19.32302,78.16543,336.53,0.35,0.57,2025-03-15,835,N20,VIIRS,l,2,306.92,1.48,D,0
19.32373,80.17329,351.76,0.48,0.64,2025-03-15,835,N20,VIIRS,n,2,306.68,9.79,D,0
19.32393,80.91306,349.84,0.53,0.67,2025-03-15,835,N20,VIIRS,n,2,302.49,18.49,D,0
19.32416,80.1778,367.0,0.48,0.64,2025-03-15,835,N20,VIIRS,h,2,305.6,9.79,D,0
19.32439,80.91829,367.0,0.53,0.67,2025-03-15,835,N20,VIIRS,h,2,304.68,16.53,D,0
19.32801,78.63432,347.95,0.38,0.58,2025-03-15,835,N20,VIIRS,n,2,307.45,5.2,D,0
19.33061,80.91759,367.0,0.53,0.67,2025-03-15,835,N20,VIIRS,h,2,300.28,16.53,D,0
19.33364,78.58173,367.0,0.37,0.58,2025-03-15,835,N20,VIIRS,h,2,308.17,5.48,D,0
19.33516,78.18002,336.51,0.35,0.57,2025-03-15,835,N20,VIIRS,n,2,305.76,2.5,D,0
19.33857,78.47003,333.27,0.37,0.58,2025-03-15,835,N20,VIIRS,l,2,308.03,2.01,D,0
19.34072,78.18252,331.36,0.35,0.57,2025-03-15,835,N20,VIIRS,l,2,305.52,1.5,D,0
19.34112,78.13639,332.56,0.35,0.57,2025-03-15,835,N20,VIIRS,l,2,307.52,2.4,D,0
19.34147,78.13966,338.11,0.35,0.57,2025-03-15,835,N20,VIIRS,n,2,306.96,4.23,D,0
19.344,80.85632,367.0,0.53,0.67,2025-03-15,835,N20,VIIRS,h,2,304.93,13.99,D,0
19.34442,80.8611,367.0,0.53,0.67,2025-03-15,835,N20,VIIRS,h,2,302.95,13.99,D,0
19.34484,80.86581,346.18,0.53,0.67,2025-03-15,835,N20,VIIRS,n,2,301.28,11.61,D,0
19.3472,77.48747,338.48,0.63,0.54,2025-03-15,835,N20,VIIRS,n,2,309.89,3.44,D,0
19.38186,79.92348,334.19,0.46,0.63,2025-03-15,835,N20,VIIRS,l,2,306.51,1.47,D,0
19.39055,79.95252,342.95,0.46,0.64,2025-03-15,835,N20,VIIRS,n,2,311.33,4.58,D,0
19.41031,79.41955,332.25,0.43,0.62,2025-03-15,835,N20,VIIRS,l,2,307.13,2.93,D,0
19.41412,78.82161,333.71,0.39,0.59,2025-03-15,835,N20,VIIRS,l,2,308.16,1.79,D,0
19.41443,78.82494,334.19,0.39,0.59,2025-03-15,835,N20,VIIRS,l,2,306.66,1.79,D,0
19.41853,78.82265,333.13,0.39,0.59,2025-03-15,835,N20,VIIRS,l,2,306.37,2.49,D,0
19.42097,77.83819,343.07,0.33,0.56,2025-03-15,835,N20,VIIRS,n,2,308.2,3.63,D,0
19.42713,78.84188,332.05,0.39,0.59,2025-03-15,835,N20,VIIRS,l,2,307.01,2.24,D,0
19.44012,78.26665,333.87,0.36,0.57,2025-03-15,835,N20,VIIRS,l,2,306.44,2.34,D,0
19.46342,79.85677,334.6,0.45,0.63,2025-03-15,835,N20,VIIRS,l,2,309.36,4.07,D,0
19.46383,79.86113,339.64,0.46,0.63,2025-03-15,835,N20,VIIRS,n,2,307.85,4.07,D,0
19.46424,79.86549,367.0,0.46,0.63,2025-03-15,835,N20,VIIRS,h,2,309.31,11.94,D,0
19.47844,79.89069,335.11,0.46,0.63,2025-03-15,835,N20,VIIRS,l,2,307.32,4.18,D,0
19.50281,77.42641,331.64,0.63,0.54,2025-03-15,835,N20,VIIRS,l,2,305.94,3.49,D,0
19.50318,77.42503,336.04,0.63,0.54,2025-03-15,835,N20,VIIRS,l,2,306.54,1.98,D,0
19.5143,77.01546,336.46,0.59,0.53,2025-03-15,835,N20,VIIRS,l,2,308.71,5.2,D,0
19.51708,78.69418,343.27,0.38,0.59,2025-03-15,835,N20,VIIRS,n,2,307.39,2.9,D,0
19.51732,79.25194,335.88,0.42,0.61,2025-03-15,835,N20,VIIRS,l,2,307.78,2.62,D,0
19.51872,78.69296,345.62,0.38,0.59,2025-03-15,835,N20,VIIRS,n,2,308.11,2.78,D,0
19.54784,78.545,330.02,0.37,0.58,2025-03-15,835,N20,VIIRS,l,2,304.68,2.03,D,0
19.5712,78.35073,340.36,0.36,0.58,2025-03-15,835,N20,VIIRS,n,2,302.21,4.41,D,0
19.57813,80.14674,347.0,0.48,0.64,2025-03-15,835,N20,VIIRS,n,2,305.48,5.0,D,0
19.57841,77.46536,342.95,0.64,0.54,2025-03-15,835,N20,VIIRS,n,2,307.58,4.86,D,0
19.58158,78.39853,332.72,0.37,0.58,2025-03-15,835,N20,VIIRS,l,2,303.44,5.01,D,0
19.58409,80.14619,347.65,0.48,0.64,2025-03-15,835,N20,VIIRS,n,2,306.09,6.15,D,0
19.58441,78.63682,331.96,0.38,0.59,2025-03-15,835,N20,VIIRS,l,2,306.12,1.48,D,0
19.59916,78.48314,331.68,0.37,0.58,2025-03-15,835,N20,VIIRS,n,2,306.42,3.11,D,0
19.5995,78.48667,332.07,0.37,0.58,2025-03-15,835,N20,VIIRS,n,2,305.91,2.62,D,0
19.60124,78.48302,367.0,0.37,0.58,2025-03-15,835,N20,VIIRS,h,2,307.35,9.72,D,0
19.60161,78.48656,338.01,0.37,0.58,2025-03-15,835,N20,VIIRS,n,2,305.77,7.26,D,0
19.60347,77.37091,333.36,0.63,0.54,2025-03-15,835,N20,VIIRS,l,2,308.24,2.15,D,0
19.6044,77.37457,338.98,0.63,0.54,2025-03-15,835,N20,VIIRS,n,2,308.8,2.25,D,0
19.60453,78.48264,367.0,0.37,0.58,2025-03-15,835,N20,VIIRS,h,2,306.05,7.06,D,0
19.61085,77.58566,331.96,0.32,0.55,2025-03-15,835,N20,VIIRS,l,2,306.78,2.26,D,0
19.61176,77.5845,335.46,0.32,0.55,2025-03-15,835,N20,VIIRS,l,2,307.52,1.44,D,0
19.67108,79.33292,338.34,0.42,0.61,2025-03-15,835,N20,VIIRS,l,2,311.65,2.44,D,0
19.67461,79.09587,335.29,0.41,0.6,2025-03-15,835,N20,VIIRS,l,2,305.68,2.95,D,0
19.67558,79.09518,331.56,0.41,0.6,2025-03-15,835,N20,VIIRS,l,2,304.85,2.74,D,0
19.67613,79.62186,339.5,0.44,0.62,2025-03-15,835,N20,VIIRS,n,2,305.85,4.4,D,0
19.70465,78.36661,336.26,0.37,0.58,2025-03-15,835,N20,VIIRS,l,2,306.67,3.96,D,0
19.70694,77.52731,340.68,0.32,0.55,2025-03-15,835,N20,VIIRS,n,2,308.88,3.42,D,0
19.70728,77.53046,352.75,0.32,0.55,2025-03-15,835,N20,VIIRS,n,2,308.13,3.42,D,0
19.7169,80.05214,367.0,0.47,0.64,2025-03-15,835,N20,VIIRS,h,2,307.49,10.1,D,0
19.72142,79.84888,331.03,0.46,0.63,2025-03-15,835,N20,VIIRS,l,2,305.89,3.15,D,0
19.7235,78.28581,340.62,0.36,0.57,2025-03-15,835,N20,VIIRS,n,2,306.08,5.17,D,0
19.7268,79.85017,335.07,0.46,0.63,2025-03-15,835,N20,VIIRS,n,2,304.56,2.97,D,0
19.75142,80.05962,331.07,0.47,0.64,2025-03-15,835,N20,VIIRS,l,2,305.41,4.49,D,0
19.75334,80.05739,330.89,0.47,0.64,2025-03-15,835,N20,VIIRS,l,2,305.34,5.87,D,0
19.75655,80.04994,333.19,0.47,0.64,2025-03-15,835,N20,VIIRS,l,2,304.86,3.6,D,0
19.76195,78.03972,334.59,0.35,0.57,2025-03-15,835,N20,VIIRS,l,2,305.4,2.73,D,0
19.76228,78.04286,343.2,0.35,0.57,2025-03-15,835,N20,VIIRS,n,2,305.2,2.73,D,0
19.76277,78.03912,331.19,0.35,0.57,2025-03-15,835,N20,VIIRS,l,2,305.54,2.63,D,0
19.76309,78.04229,347.22,0.35,0.57,2025-03-15,835,N20,VIIRS,n,2,305.52,2.63,D,0
19.76721,78.03951,338.5,0.35,0.57,2025-03-15,835,N20,VIIRS,n,2,306.95,2.73,D,0
19.76756,78.04279,352.87,0.35,0.57,2025-03-15,835,N20,VIIRS,n,2,306.62,2.73,D,0
19.76803,78.03896,336.68,0.35,0.57,2025-03-15,835,N20,VIIRS,l,2,307.18,2.63,D,0
19.76836,78.04224,351.61,0.35,0.57,2025-03-15,835,N20,VIIRS,n,2,306.87,2.63,D,0
19.77028,77.75011,367.0,0.33,0.56,2025-03-15,835,N20,VIIRS,h,2,307.17,5.41,D,0
19.77248,78.03936,334.84,0.35,0.57,2025-03-15,835,N20,VIIRS,l,2,306.85,1.55,D,0
19.77329,78.03875,348.55,0.35,0.57,2025-03-15,835,N20,VIIRS,n,2,308.49,2.85,D,0
19.77773,78.03908,342.27,0.35,0.57,2025-03-15,835,N20,VIIRS,n,2,307.11,1.55,D,0
19.78247,78.02489,333.41,0.35,0.57,2025-03-15,835,N20,VIIRS,l,2,307.73,1.32,D,0
19.7828,78.02825,334.31,0.35,0.57,2025-03-15,835,N20,VIIRS,l,2,306.71,1.32,D,0
19.79301,77.52539,367.0,0.32,0.55,2025-03-15,835,N20,VIIRS,h,2,311.68,8.06,D,0
19.79336,77.52857,339.98,0.32,0.55,2025-03-15,835,N20,VIIRS,n,2,306.24,4.19,D,0
19.80494,80.67208,332.14,0.52,0.67,2025-03-15,835,N20,VIIRS,l,2,303.4,4.36,D,0
19.82906,79.99277,336.12,0.47,0.64,2025-03-15,835,N20,VIIRS,n,2,305.6,5.58,D,0
19.84218,77.17871,341.8,0.61,0.54,2025-03-15,835,N20,VIIRS,n,2,311.33,7.16,D,0
19.85194,78.39856,333.1,0.37,0.58,2025-03-15,835,N20,VIIRS,l,2,305.52,3.35,D,0
19.86047,80.66995,342.57,0.52,0.67,2025-03-15,835,N20,VIIRS,n,2,304.75,5.89,D,0
19.8679,80.0492,335.62,0.47,0.64,2025-03-15,835,N20,VIIRS,n,2,305.55,4.82,D,0
19.87028,80.04855,342.54,0.47,0.64,2025-03-15,835,N20,VIIRS,n,2,305.91,3.21,D,0
19.87334,77.09843,341.84,0.61,0.53,2025-03-15,835,N20,VIIRS,l,2,312.62,4.46,D,0
19.87609,77.10251,343.39,0.61,0.53,2025-03-15,835,N20,VIIRS,n,2,310.96,14.17,D,0
19.87752,80.06143,336.54,0.47,0.64,2025-03-15,835,N20,VIIRS,n,2,304.22,1.7,D,0
19.87826,77.09794,343.01,0.61,0.53,2025-03-15,835,N20,VIIRS,n,2,311.3,4.46,D,0
19.88176,80.41563,330.56,0.5,0.66,2025-03-15,835,N20,VIIRS,l,2,303.3,3.66,D,0
19.90463,80.61115,331.74,0.52,0.67,2025-03-15,835,N20,VIIRS,l,2,303.59,2.61,D,0
19.91609,80.60011,335.71,0.52,0.66,2025-03-15,835,N20,VIIRS,n,2,303.56,2.22,D,0
19.92249,79.44138,367.0,0.43,0.62,2025-03-15,835,N20,VIIRS,h,2,302.87,9.76,D,0
19.9241,79.43811,335.55,0.43,0.62,2025-03-15,835,N20,VIIRS,n,2,301.21,6.31,D,0
19.9245,79.44234,348.9,0.43,0.62,2025-03-15,835,N20,VIIRS,n,2,300.49,9.27,D,0
19.92621,77.82698,334.22,0.34,0.56,2025-03-15,835,N20,VIIRS,l,2,306.05,0.76,D,0
19.93029,80.61749,331.43,0.52,0.67,2025-03-15,835,N20,VIIRS,l,2,303.57,2.0,D,0
19.9339,77.57011,347.91,0.33,0.55,2025-03-15,835,N20,VIIRS,n,2,308.08,2.88,D,0
19.93516,77.57097,347.41,0.33,0.55,2025-03-15,835,N20,VIIRS,n,2,307.03,2.97,D,0
19.94539,79.00503,338.37,0.4,0.6,2025-03-15,835,N20,VIIRS,n,2,307.15,3.82,D,0
19.94911,80.48308,337.42,0.51,0.66,2025-03-15,835,N20,VIIRS,n,2,301.51,3.35,D,0
19.95244,80.05513,335.27,0.47,0.64,2025-03-15,835,N20,VIIRS,l,2,305.28,2.88,D,0
19.95495,77.72791,338.85,0.33,0.56,2025-03-15,835,N20,VIIRS,l,2,309.16,2.75,D,0
19.95737,77.72851,333.47,0.33,0.56,2025-03-15,835,N20,VIIRS,l,2,307.62,3.95,D,0
19.95839,80.05453,338.57,0.47,0.64,2025-03-15,835,N20,VIIRS,n,2,304.94,2.88,D,0
19.97108,80.31987,331.67,0.49,0.65,2025-03-15,835,N20,VIIRS,l,2,301.85,3.83,D,0
19.97469,79.48367,355.16,0.44,0.62,2025-03-15,835,N20,VIIRS,n,2,307.08,8.24,D,0
19.97509,79.48796,330.96,0.44,0.62,2025-03-15,835,N20,VIIRS,l,2,304.41,5.54,D,0
19.9777,78.4865,334.41,0.37,0.58,2025-03-15,835,N20,VIIRS,l,2,306.31,3.27,D,0
19.97922,80.27628,332.25,0.49,0.65,2025-03-15,835,N20,VIIRS,n,2,301.23,2.77,D,0
19.98142,78.25672,335.2,0.36,0.58,2025-03-15,835,N20,VIIRS,l,2,305.69,3.16,D,0
19.98797,79.38137,334.86,0.43,0.62,2025-03-15,835,N20,VIIRS,n,2,299.94,7.66,D,0
19.98837,79.38547,330.32,0.43,0.62,2025-03-15,835,N20,VIIRS,n,2,299.56,3.88,D,0
19.9941,80.17675,330.64,0.48,0.65,2025-03-15,835,N20,VIIRS,l,2,305.0,3.89,D,0
19.99512,78.6616,347.93,0.39,0.59,2025-03-15,835,N20,VIIRS,n,2,302.28,5.85,D,0
19.99576,79.07278,332.63,0.41,0.61,2025-03-15,835,N20,VIIRS,l,2,306.53,4.65,D,0
18.72051,79.53661,308.18,0.65,0.73,2025-03-15,1924,N20,VIIRS,n,2,296.38,2.41,N,2
19.0192,80.09657,318.17,0.6,0.71,2025-03-15,1924,N20,VIIRS,n,2,294.9,3.89,N,0
19.01939,80.09639,315.38,0.6,0.71,2025-03-15,1924,N20,VIIRS,n,2,295.02,3.78,N,0
19.26089,80.10992,307.2,0.6,0.71,2025-03-15,1924,N20,VIIRS,n,2,294.17,1.94,N,0
19.26126,80.10961,306.99,0.6,0.71,2025-03-15,1924,N20,VIIRS,n,2,294.52,2.15,N,0
19.30152,80.09666,312.14,0.6,0.71,2025-03-15,1924,N20,VIIRS,n,2,294.94,2.32,N,0
19.30499,79.82305,311.07,0.63,0.72,2025-03-15,1924,N20,VIIRS,n,2,296.16,3.06,N,0
19.32194,80.16367,311.97,0.6,0.7,2025-03-15,1924,N20,VIIRS,n,2,294.69,3.13,N,0
19.32844,80.16443,306.28,0.6,0.7,2025-03-15,1924,N20,VIIRS,n,2,294.11,1.73,N,0
19.48356,79.87571,312.61,0.63,0.72,2025-03-15,1924,N20,VIIRS,n,2,295.04,2.91,N,0
19.4854,79.87906,311.86,0.63,0.72,2025-03-15,1924,N20,VIIRS,n,2,295.3,3.44,N,0
19.70183,79.85182,314.4,0.63,0.72,2025-03-15,1924,N20,VIIRS,n,2,294.1,1.63,N,0
19.70432,79.85222,312.57,0.63,0.72,2025-03-15,1924,N20,VIIRS,n,2,294.13,1.91,N,0
19.76987,79.8402,305.89,0.63,0.72,2025-03-15,1924,N20,VIIRS,n,2,293.91,1.15,N,0
19.96525,79.33463,305.05,0.69,0.74,2025-03-15,1924,N20,VIIRS,n,2,291.3,3.91,N,2
19.96602,79.33372,305.94,0.69,0.74,2025-03-15,1924,N20,VIIRS,n,2,292.2,3.02,N,2
15.71692,78.79695,308.84,0.67,0.74,2025-03-15,1925,N20,VIIRS,n,2,293.31,1.46,N,0
16.05394,78.50299,311.98,0.71,0.75,2025-03-15,1925,N20,VIIRS,n,2,296.46,4.13,N,0
16.05418,78.50368,311.85,0.71,0.75,2025-03-15,1925,N20,VIIRS,n,2,296.58,3.25,N,0
16.3635,81.28316,306.06,0.47,0.64,2025-03-15,1925,N20,VIIRS,n,2,293.3,0.81,N,0
17.30665,80.5227,304.95,0.54,0.68,2025-03-15,1925,N20,VIIRS,n,2,294.12,3.52,N,0
17.3108,80.52727,305.17,0.54,0.68,2025-03-15,1925,N20,VIIRS,n,2,294.31,2.6,N,0
17.48037,80.45182,308.67,0.55,0.68,2025-03-15,1925,N20,VIIRS,n,2,293.98,2.68,N,0
17.48094,80.44591,310.64,0.55,0.68,2025-03-15,1925,N20,VIIRS,n,2,293.82,2.88,N,0
17.48742,80.44437,306.82,0.55,0.68,2025-03-15,1925,N20,VIIRS,n,2,294.19,1.55,N,0
17.50998,80.97651,304.28,0.5,0.66,2025-03-15,1925,N20,VIIRS,n,2,292.8,1.53,N,0
19.1402,80.61308,304.08,0.62,0.72,2025-03-15,2104,N20,VIIRS,n,2,292.25,1.6,N,0
19.30018,79.82352,306.7,0.55,0.68,2025-03-15,2104,N20,VIIRS,n,2,296.41,3.07,N,0
19.48614,79.87756,307.02,0.55,0.68,2025-03-15,2104,N20,VIIRS,n,2,295.62,1.91,N,0
19.49119,79.87808,310.42,0.55,0.68,2025-03-15,2104,N20,VIIRS,n,2,295.65,2.38,N,0
19.49224,79.87919,309.65,0.55,0.68,2025-03-15,2104,N20,VIIRS,n,2,295.44,2.26,N,0
19.88533,77.11037,306.11,0.36,0.57,2025-03-15,2104,N20,VIIRS,n,2,290.07,1.36,N,0
16.10192,78.32893,308.23,0.51,0.66,2025-03-15,2105,N20,VIIRS,n,2,292.08,0.7,N,0
17.13065,78.06248,306.87,0.47,0.64,2025-03-15,2105,N20,VIIRS,n,2,290.99,0.91,N,0
17.4806,80.45406,304.43,0.66,0.73,2025-03-15,2105,N20,VIIRS,n,2,292.13,3.39,N,0
17.48178,80.44893,328.52,0.66,0.73,2025-03-15,2105,N20,VIIRS,n,2,293.19,6.22,N,0
17.48803,80.4519,305.84,0.66,0.73,2025-03-15,2105,N20,VIIRS,n,2,292.89,2.2,N,0
17.51033,78.43106,302.48,0.49,0.65,2025-03-15,2105,N20,VIIRS,n,2,292.4,0.69,N,0
17.87773,80.02359,304.76,0.61,0.71,2025-03-15,2105,N20,VIIRS,n,2,293.81,1.74,N,0
18.24613,80.77571,312.76,0.67,0.74,2025-03-15,2105,N20,VIIRS,n,2,290.92,3.9,N,0
18.24718,80.77122,309.7,0.67,0.73,2025-03-15,2105,N20,VIIRS,n,2,290.99,3.61,N,0
18.57777,77.99736,316.67,0.43,0.62,2025-03-15,2105,N20,VIIRS,n,2,293.99,2.49,N,0
18.66618,79.98933,306.56,0.58,0.7,2025-03-15,2105,N20,VIIRS,n,2,294.29,2.15,N,0
19.0034,80.08638,309.97,0.58,0.7,2025-03-15,2105,N20,VIIRS,n,2,293.51,2.12,N,0
19.00641,80.08565,308.89,0.58,0.7,2025-03-15,2105,N20,VIIRS,n,2,293.62,2.85,N,0
19.00874,80.09194,304.9,0.58,0.7,2025-03-15,2105,N20,VIIRS,n,2,293.85,2.68,N,0
19.0374,80.09458,309.38,0.58,0.7,2025-03-15,2105,N20,VIIRS,n,2,294.66,2.9,N,0
19.04069,80.09679,308.27,0.58,0.7,2025-03-15,2105,N20,VIIRS,n,2,294.37,2.94,N,0
15.58101,78.82408,301.7,0.57,0.69,2025-03-15,2106,N20,VIIRS,n,2,291.4,0.47,N,0
15.58827,78.82063,303.0,0.57,0.69,2025-03-15,2106,N20,VIIRS,n,2,290.39,1.11,N,0
15.85165,78.80489,305.57,0.56,0.69,2025-03-15,2106,N20,VIIRS,n,2,294.78,2.01,N,0
15.85391,78.80336,304.97,0.56,0.69,2025-03-15,2106,N20,VIIRS,n,2,294.68,2.49,N,0
16.04143,77.39575,305.71,0.45,0.63,2025-03-15,2106,N20,VIIRS,n,2,292.7,0.36,N,0
15.58647,78.90195,343.27,0.52,0.42,2025-03-16,815,N20,VIIRS,l,2,317.43,6.45,D,0
15.59029,78.90136,349.27,0.52,0.42,2025-03-16,815,N20,VIIRS,n,2,319.07,6.45,D,0
15.62517,78.67377,343.41,0.51,0.41,2025-03-16,815,N20,VIIRS,l,2,315.9,6.05,D,0
15.62697,77.9971,349.11,0.47,0.4,2025-03-16,815,N20,VIIRS,l,2,321.99,8.64,D,0
15.62755,78.00144,349.89,0.47,0.4,2025-03-16,815,N20,VIIRS,l,2,321.87,8.64,D,0
15.65298,78.85349,346.0,0.52,0.42,2025-03-16,815,N20,VIIRS,n,2,312.92,6.64,D,0
15.65546,78.84292,367.0,0.52,0.42,2025-03-16,815,N20,VIIRS,h,2,318.61,19.29,D,0
15.65615,78.84807,341.59,0.52,0.42,2025-03-16,815,N20,VIIRS,n,2,315.28,19.29,D,0
15.6586,78.83738,351.87,0.52,0.42,2025-03-16,815,N20,VIIRS,n,2,321.23,94.4,D,0
15.66179,78.83217,343.37,0.52,0.42,2025-03-16,815,N20,VIIRS,n,2,312.49,21.22,D,0
15.66242,78.83685,351.36,0.52,0.42,2025-03-16,815,N20,VIIRS,l,2,324.02,21.22,D,0
15.66313,78.84219,352.29,0.52,0.42,2025-03-16,815,N20,VIIRS,n,2,316.62,9.72,D,0
15.66623,78.83632,355.09,0.52,0.42,2025-03-16,815,N20,VIIRS,n,2,317.19,21.22,D,0
15.67431,78.72389,351.07,0.51,0.41,2025-03-16,815,N20,VIIRS,n,2,314.15,8.78,D,0
15.67494,78.72853,346.16,0.51,0.41,2025-03-16,815,N20,VIIRS,n,2,312.57,8.78,D,0
15.67816,78.7238,339.4,0.51,0.41,2025-03-16,815,N20,VIIRS,l,2,311.58,4.54,D,0
15.68199,78.72355,347.76,0.51,0.41,2025-03-16,815,N20,VIIRS,n,2,314.33,4.54,D,0
15.6852,78.7202,336.63,0.51,0.41,2025-03-16,815,N20,VIIRS,n,2,311.15,2.85,D,0
15.69544,78.68059,339.82,0.51,0.41,2025-03-16,815,N20,VIIRS,l,2,314.4,12.34,D,0
15.69727,78.69452,340.31,0.51,0.41,2025-03-16,815,N20,VIIRS,l,2,313.32,7.92,D,0
15.70176,78.67007,343.63,0.51,0.41,2025-03-16,815,N20,VIIRS,n,2,312.54,3.45,D,0
15.70224,78.70303,349.35,0.51,0.41,2025-03-16,815,N20,VIIRS,n,2,313.74,6.64,D,0
15.70326,78.79962,352.02,0.52,0.41,2025-03-16,815,N20,VIIRS,n,2,315.57,16.7,D,0
15.7039,78.80456,341.02,0.52,0.41,2025-03-16,815,N20,VIIRS,n,2,312.61,16.7,D,0
15.70439,78.8027,354.06,0.52,0.41,2025-03-16,815,N20,VIIRS,n,2,313.51,19.25,D,0
15.70455,78.80952,341.45,0.52,0.42,2025-03-16,815,N20,VIIRS,l,2,312.72,7.43,D,0
15.70506,78.80762,351.16,0.52,0.41,2025-03-16,815,N20,VIIRS,n,2,314.04,11.49,D,0
15.70648,78.79459,336.95,0.52,0.41,2025-03-16,815,N20,VIIRS,l,2,311.65,5.07,D,0
15.70711,78.79939,350.24,0.52,0.41,2025-03-16,815,N20,VIIRS,n,2,318.44,16.7,D,0
15.70756,78.79755,351.89,0.52,0.41,2025-03-16,815,N20,VIIRS,n,2,315.92,19.25,D,0
15.70774,78.80429,349.57,0.52,0.41,2025-03-16,815,N20,VIIRS,n,2,315.48,16.7,D,0
15.70823,78.80244,355.75,0.52,0.41,2025-03-16,815,N20,VIIRS,n,2,317.5,19.25,D,0
15.70838,78.8092,339.73,0.52,0.42,2025-03-16,815,N20,VIIRS,l,2,313.66,7.43,D,0
15.70841,78.83926,355.7,0.52,0.42,2025-03-16,815,N20,VIIRS,n,2,321.31,29.66,D,0
15.7089,78.80731,339.49,0.52,0.41,2025-03-16,815,N20,VIIRS,l,2,313.19,11.49,D,0
15.7091,78.83717,345.08,0.52,0.42,2025-03-16,815,N20,VIIRS,l,2,319.95,21.75,D,0
15.70911,78.8447,349.83,0.52,0.42,2025-03-16,815,N20,VIIRS,n,2,318.1,29.66,D,0
15.70984,78.84254,353.04,0.52,0.42,2025-03-16,815,N20,VIIRS,n,2,320.9,21.75,D,0
15.71154,78.82657,338.26,0.52,0.42,2025-03-16,815,N20,VIIRS,n,2,310.61,3.67,D,0
15.71294,78.84425,348.51,0.52,0.42,2025-03-16,815,N20,VIIRS,n,2,314.5,29.66,D,0
15.71296,78.83691,342.06,0.52,0.42,2025-03-16,815,N20,VIIRS,n,2,316.92,21.75,D,0
15.71368,78.84216,349.8,0.52,0.42,2025-03-16,815,N20,VIIRS,n,2,319.0,21.75,D,0
15.71439,78.8473,339.61,0.52,0.42,2025-03-16,815,N20,VIIRS,l,2,312.1,6.94,D,0
15.71857,78.70983,343.22,0.51,0.41,2025-03-16,815,N20,VIIRS,l,2,315.31,10.44,D,0
15.72619,78.70911,348.71,0.51,0.41,2025-03-16,815,N20,VIIRS,n,2,315.03,11.63,D,0
15.72805,77.65033,349.39,0.45,0.39,2025-03-16,815,N20,VIIRS,n,2,320.23,12.96,D,0
15.74068,78.73102,352.46,0.52,0.41,2025-03-16,815,N20,VIIRS,n,2,315.79,7.92,D,0
15.74331,78.69283,341.54,0.51,0.41,2025-03-16,815,N20,VIIRS,l,2,314.5,4.15,D,0
15.74711,78.69238,344.2,0.51,0.41,2025-03-16,815,N20,VIIRS,n,2,313.9,4.15,D,0
15.74772,78.69697,340.4,0.51,0.41,2025-03-16,815,N20,VIIRS,l,2,313.48,6.66,D,0
15.75152,78.69653,348.87,0.51,0.41,2025-03-16,815,N20,VIIRS,n,2,315.05,7.78,D,0
15.75519,78.75282,339.55,0.52,0.41,2025-03-16,815,N20,VIIRS,l,2,312.67,5.51,D,0
15.76024,78.76167,340.69,0.52,0.41,2025-03-16,815,N20,VIIRS,l,2,312.78,5.83,D,0
15.76086,78.76637,349.02,0.52,0.41,2025-03-16,815,N20,VIIRS,n,2,312.98,5.83,D,0
15.77366,78.77509,340.52,0.52,0.41,2025-03-16,815,N20,VIIRS,l,2,311.48,8.05,D,0
15.77492,78.78445,346.87,0.52,0.41,2025-03-16,815,N20,VIIRS,n,2,314.61,10.73,D,0
15.77876,78.78416,367.0,0.52,0.41,2025-03-16,815,N20,VIIRS,h,2,316.6,10.43,D,0
15.78254,78.78346,347.23,0.52,0.41,2025-03-16,815,N20,VIIRS,n,2,316.89,10.43,D,0
15.79893,78.78999,335.3,0.52,0.41,2025-03-16,815,N20,VIIRS,l,2,309.32,5.07,D,0
15.80211,78.78484,342.68,0.52,0.41,2025-03-16,815,N20,VIIRS,n,2,312.17,9.55,D,0
15.80309,78.79677,335.47,0.52,0.42,2025-03-16,815,N20,VIIRS,l,2,310.43,3.44,D,0
15.80408,78.79931,337.15,0.52,0.42,2025-03-16,815,N20,VIIRS,l,2,309.34,6.43,D,0
15.80566,78.78665,341.07,0.52,0.42,2025-03-16,815,N20,VIIRS,l,2,313.32,9.79,D,0
15.80757,78.80141,339.74,0.52,0.42,2025-03-16,815,N20,VIIRS,l,2,311.05,3.44,D,0
15.81243,78.80357,337.28,0.52,0.42,2025-03-16,815,N20,VIIRS,l,2,311.38,3.86,D,0
15.82317,78.48233,348.22,0.5,0.41,2025-03-16,815,N20,VIIRS,l,2,321.58,15.55,D,0
15.82412,78.80931,337.68,0.52,0.42,2025-03-16,815,N20,VIIRS,l,2,312.19,3.75,D,0
15.82623,78.76607,340.07,0.52,0.41,2025-03-16,815,N20,VIIRS,l,2,312.65,2.72,D,0
15.8269,78.99661,347.14,0.53,0.42,2025-03-16,815,N20,VIIRS,n,2,316.03,8.06,D,0
15.82857,78.81358,342.49,0.52,0.42,2025-03-16,815,N20,VIIRS,n,2,311.58,4.57,D,0
15.83932,79.03029,340.35,0.54,0.42,2025-03-16,815,N20,VIIRS,n,2,314.65,4.13,D,0
15.83953,78.80828,348.9,0.52,0.42,2025-03-16,815,N20,VIIRS,n,2,317.33,9.75,D,0
15.84001,79.03544,348.31,0.54,0.42,2025-03-16,815,N20,VIIRS,n,2,316.16,4.13,D,0
15.84013,78.81284,344.61,0.52,0.42,2025-03-16,815,N20,VIIRS,n,2,312.09,9.04,D,0
15.84133,79.03281,349.69,0.54,0.42,2025-03-16,815,N20,VIIRS,n,2,316.46,7.56,D,0
15.84199,79.03797,346.11,0.54,0.42,2025-03-16,815,N20,VIIRS,n,2,314.07,7.56,D,0
15.84276,78.80328,347.72,0.52,0.42,2025-03-16,815,N20,VIIRS,n,2,313.01,12.2,D,0
15.8432,79.02987,348.37,0.54,0.42,2025-03-16,815,N20,VIIRS,n,2,314.91,5.88,D,0
15.84389,79.03493,338.76,0.54,0.42,2025-03-16,815,N20,VIIRS,l,2,313.06,5.88,D,0
15.85157,78.8112,350.18,0.52,0.42,2025-03-16,815,N20,VIIRS,n,2,316.52,12.73,D,0
15.8523,78.78736,343.96,0.52,0.42,2025-03-16,815,N20,VIIRS,n,2,316.82,7.84,D,0
15.8529,78.79187,343.8,0.52,0.42,2025-03-16,815,N20,VIIRS,n,2,314.44,6.73,D,0
15.85536,78.81049,353.06,0.52,0.42,2025-03-16,815,N20,VIIRS,n,2,315.22,12.73,D,0
15.85672,78.79137,347.0,0.52,0.42,2025-03-16,815,N20,VIIRS,l,2,318.19,26.76,D,0
15.85732,78.79595,346.73,0.52,0.42,2025-03-16,815,N20,VIIRS,n,2,313.15,26.76,D,0
15.85795,78.80065,341.74,0.52,0.42,2025-03-16,815,N20,VIIRS,l,2,316.18,11.22,D,0
15.85856,78.80531,348.22,0.52,0.42,2025-03-16,815,N20,VIIRS,n,2,315.16,11.22,D,0
15.85918,78.80995,345.27,0.52,0.42,2025-03-16,815,N20,VIIRS,l,2,315.5,26.32,D,0
15.86176,78.80013,345.45,0.52,0.42,2025-03-16,815,N20,VIIRS,n,2,316.34,11.22,D,0
15.86236,78.80465,347.2,0.52,0.42,2025-03-16,815,N20,VIIRS,n,2,314.26,11.22,D,0
15.86778,78.90453,347.01,0.53,0.42,2025-03-16,815,N20,VIIRS,n,2,314.79,14.31,D,0
15.87453,78.83769,339.66,0.52,0.42,2025-03-16,815,N20,VIIRS,n,2,310.52,4.54,D,0
15.88849,78.82562,340.93,0.52,0.42,2025-03-16,815,N20,VIIRS,l,2,312.28,4.25,D,0
15.88975,78.83498,337.37,0.52,0.42,2025-03-16,815,N20,VIIRS,l,2,311.72,6.31,D,0
15.89714,79.03789,348.79,0.54,0.42,2025-03-16,815,N20,VIIRS,l,2,322.99,10.62,D,0
15.91753,78.81844,341.95,0.52,0.42,2025-03-16,815,N20,VIIRS,l,2,314.28,4.74,D,0
15.91815,78.82328,353.19,0.52,0.42,2025-03-16,815,N20,VIIRS,n,2,316.75,14.46,D,0
15.91905,78.82128,356.48,0.52,0.42,2025-03-16,815,N20,VIIRS,n,2,318.09,8.9,D,0
15.9197,78.82607,344.36,0.52,0.42,2025-03-16,815,N20,VIIRS,n,2,314.1,8.9,D,0
15.94877,78.84907,341.93,0.53,0.42,2025-03-16,815,N20,VIIRS,n,2,314.0,3.46,D,0
15.98165,78.98071,342.3,0.54,0.42,2025-03-16,815,N20,VIIRS,l,2,317.2,9.97,D,0
16.00187,78.83765,350.63,0.53,0.42,2025-03-16,815,N20,VIIRS,l,2,322.75,19.81,D,0
16.00574,78.83741,351.34,0.53,0.42,2025-03-16,815,N20,VIIRS,n,2,320.54,19.81,D,0
16.00998,78.98675,344.47,0.54,0.42,2025-03-16,815,N20,VIIRS,l,2,319.41,32.99,D,0
16.01381,78.98598,342.43,0.54,0.42,2025-03-16,815,N20,VIIRS,l,2,316.74,7.0,D,0
16.01762,78.98502,343.88,0.54,0.42,2025-03-16,815,N20,VIIRS,l,2,314.42,7.0,D,0
16.01805,79.04765,348.02,0.54,0.42,2025-03-16,815,N20,VIIRS,l,2,318.6,14.48,D,0
16.02144,78.98419,352.16,0.54,0.42,2025-03-16,815,N20,VIIRS,n,2,314.83,10.51,D,0
16.02278,78.76774,348.46,0.52,0.42,2025-03-16,815,N20,VIIRS,l,2,318.7,40.89,D,0
16.02715,78.76532,353.78,0.52,0.42,2025-03-16,815,N20,VIIRS,n,2,323.26,29.93,D,0
16.0397,78.89873,350.27,0.53,0.42,2025-03-16,815,N20,VIIRS,n,2,316.84,18.6,D,0
16.0411,78.89677,351.5,0.53,0.42,2025-03-16,815,N20,VIIRS,n,2,318.69,12.1,D,0
16.04176,78.90163,349.14,0.53,0.42,2025-03-16,815,N20,VIIRS,n,2,318.18,12.1,D,0
16.04235,78.70947,346.37,0.52,0.41,2025-03-16,815,N20,VIIRS,l,2,320.83,11.66,D,0
16.04296,78.71413,350.11,0.52,0.41,2025-03-16,815,N20,VIIRS,l,2,322.9,11.66,D,0
16.04353,78.89803,353.11,0.53,0.42,2025-03-16,815,N20,VIIRS,n,2,320.79,18.6,D,0
16.04359,78.71893,346.44,0.52,0.41,2025-03-16,815,N20,VIIRS,n,2,315.69,5.99,D,0
16.04493,78.89609,340.97,0.53,0.42,2025-03-16,815,N20,VIIRS,l,2,315.75,12.1,D,0
16.0594,78.72127,346.73,0.52,0.41,2025-03-16,815,N20,VIIRS,l,2,320.09,13.52,D,0
16.06322,78.72079,350.03,0.52,0.41,2025-03-16,815,N20,VIIRS,n,2,319.94,14.52,D,0
16.06455,78.7016,346.38,0.52,0.41,2025-03-16,815,N20,VIIRS,l,2,317.05,36.77,D,0
16.06516,78.70618,350.98,0.52,0.41,2025-03-16,815,N20,VIIRS,l,2,320.98,12.91,D,0
16.08235,78.77719,345.26,0.52,0.42,2025-03-16,815,N20,VIIRS,l,2,316.36,12.7,D,0
16.08478,78.70807,348.93,0.52,0.41,2025-03-16,815,N20,VIIRS,l,2,319.32,15.45,D,0
16.08553,78.77186,351.4,0.52,0.42,2025-03-16,815,N20,VIIRS,l,2,325.21,40.54,D,0
16.08617,78.77667,350.43,0.52,0.42,2025-03-16,815,N20,VIIRS,l,2,320.57,40.54,D,0
16.08859,78.70754,350.85,0.52,0.41,2025-03-16,815,N20,VIIRS,n,2,317.1,15.45,D,0
16.08927,78.7126,345.4,0.52,0.41,2025-03-16,815,N20,VIIRS,l,2,316.51,16.1,D,0
16.09011,78.80628,345.53,0.52,0.42,2025-03-16,815,N20,VIIRS,n,2,318.61,8.21,D,0
16.09077,78.81128,343.89,0.53,0.42,2025-03-16,815,N20,VIIRS,n,2,317.45,12.78,D,0
16.09251,78.76591,345.09,0.52,0.42,2025-03-16,815,N20,VIIRS,l,2,317.54,8.39,D,0
16.09395,78.80585,352.51,0.52,0.42,2025-03-16,815,N20,VIIRS,n,2,318.65,8.21,D,0
16.09568,78.76051,349.14,0.52,0.42,2025-03-16,815,N20,VIIRS,n,2,318.06,8.39,D,0
16.09764,78.77515,347.53,0.52,0.42,2025-03-16,815,N20,VIIRS,n,2,317.51,16.86,D,0
16.0983,78.78008,347.59,0.52,0.42,2025-03-16,815,N20,VIIRS,n,2,317.31,13.28,D,0
16.09949,78.75992,367.0,0.52,0.42,2025-03-16,815,N20,VIIRS,h,2,317.7,20.43,D,0
16.10002,78.70607,344.58,0.52,0.41,2025-03-16,815,N20,VIIRS,l,2,316.71,10.34,D,0
16.10014,78.76479,356.04,0.52,0.42,2025-03-16,815,N20,VIIRS,n,2,315.84,20.43,D,0
16.10066,78.71088,344.63,0.52,0.41,2025-03-16,815,N20,VIIRS,l,2,316.97,10.17,D,0
16.10079,78.76968,367.0,0.52,0.42,2025-03-16,815,N20,VIIRS,l,2,325.27,58.16,D,0
16.10264,78.75445,341.2,0.52,0.42,2025-03-16,815,N20,VIIRS,n,2,316.05,34.69,D,0
16.107,78.70033,342.67,0.52,0.41,2025-03-16,815,N20,VIIRS,l,2,314.31,10.39,D,0
16.10762,78.70493,348.78,0.52,0.41,2025-03-16,815,N20,VIIRS,n,2,318.08,10.39,D,0
16.11396,78.72321,347.94,0.52,0.41,2025-03-16,815,N20,VIIRS,n,2,316.61,9.28,D,0
16.11462,78.72805,343.04,0.52,0.42,2025-03-16,815,N20,VIIRS,l,2,316.98,11.18,D,0
16.11724,78.72467,351.23,0.52,0.42,2025-03-16,815,N20,VIIRS,n,2,315.93,25.97,D,0
16.11777,78.72269,355.34,0.52,0.41,2025-03-16,815,N20,VIIRS,n,2,319.56,21.62,D,0
16.1306,77.12019,350.09,0.44,0.38,2025-03-16,815,N20,VIIRS,l,2,322.93,8.67,D,0
16.13116,77.12425,347.77,0.44,0.38,2025-03-16,815,N20,VIIRS,l,2,320.78,8.67,D,0
16.13411,77.11966,352.66,0.44,0.38,2025-03-16,815,N20,VIIRS,l,2,325.45,31.62,D,0
16.13665,79.03835,343.77,0.54,0.42,2025-03-16,815,N20,VIIRS,l,2,316.16,18.45,D,0
16.14445,79.03749,349.45,0.54,0.42,2025-03-16,815,N20,VIIRS,l,2,320.38,22.55,D,0
16.15638,79.18719,353.35,0.55,0.43,2025-03-16,815,N20,VIIRS,n,2,318.69,18.2,D,0
16.1566,79.12876,354.31,0.55,0.43,2025-03-16,815,N20,VIIRS,n,2,317.21,8.12,D,0
16.15914,77.35491,348.42,0.45,0.39,2025-03-16,815,N20,VIIRS,l,2,320.29,9.2,D,0
16.1776,79.31749,343.58,0.56,0.43,2025-03-16,815,N20,VIIRS,l,2,317.5,11.89,D,0
16.23415,78.79454,348.53,0.53,0.42,2025-03-16,815,N20,VIIRS,n,2,317.92,14.53,D,0
16.23569,78.79678,353.87,0.53,0.42,2025-03-16,815,N20,VIIRS,n,2,320.49,26.87,D,0
16.23635,78.80161,350.26,0.53,0.42,2025-03-16,815,N20,VIIRS,n,2,318.99,16.86,D,0
16.23797,78.79391,350.61,0.53,0.42,2025-03-16,815,N20,VIIRS,n,2,320.55,14.53,D,0
16.23863,79.23676,344.44,0.56,0.43,2025-03-16,815,N20,VIIRS,l,2,318.22,11.95,D,0
16.24179,78.7933,347.29,0.53,0.42,2025-03-16,815,N20,VIIRS,l,2,318.79,9.41,D,0
16.24267,78.79066,347.62,0.53,0.42,2025-03-16,815,N20,VIIRS,n,2,317.56,18.49,D,0
16.24562,78.7927,345.49,0.53,0.42,2025-03-16,815,N20,VIIRS,l,2,316.64,9.41,D,0
16.3058,78.54469,355.99,0.51,0.41,2025-03-16,815,N20,VIIRS,n,2,323.7,14.84,D,0
16.34658,78.99416,350.62,0.54,0.42,2025-03-16,815,N20,VIIRS,n,2,319.79,7.81,D,0
16.35045,78.99355,351.78,0.54,0.42,2025-03-16,815,N20,VIIRS,n,2,319.51,7.81,D,0
16.35432,78.99294,346.26,0.54,0.42,2025-03-16,815,N20,VIIRS,l,2,317.24,7.54,D,0
16.35685,78.9822,350.92,0.54,0.42,2025-03-16,815,N20,VIIRS,l,2,322.38,26.85,D,0
16.35752,78.98727,355.91,0.54,0.42,2025-03-16,815,N20,VIIRS,n,2,319.85,26.85,D,0
16.37101,79.42654,347.47,0.38,0.43,2025-03-16,815,N20,VIIRS,n,2,321.02,5.97,D,0
16.37191,78.91811,342.69,0.54,0.42,2025-03-16,815,N20,VIIRS,l,2,316.72,6.98,D,0
16.39345,78.80052,346.8,0.53,0.42,2025-03-16,815,N20,VIIRS,l,2,321.1,9.1,D,0
16.41199,79.94602,335.64,0.41,0.45,2025-03-16,815,N20,VIIRS,l,2,309.22,5.21,D,0
16.41659,79.94923,343.97,0.41,0.45,2025-03-16,815,N20,VIIRS,n,2,308.9,4.32,D,0
16.52382,81.11419,330.85,0.49,0.49,2025-03-16,815,N20,VIIRS,n,2,301.52,2.85,D,0
16.52631,80.88164,337.33,0.47,0.48,2025-03-16,815,N20,VIIRS,l,2,310.96,3.76,D,0
16.52646,81.11109,333.04,0.49,0.49,2025-03-16,815,N20,VIIRS,n,2,304.13,2.41,D,0
16.53624,80.46068,343.54,0.44,0.46,2025-03-16,815,N20,VIIRS,n,2,311.93,2.01,D,0
16.54491,77.83896,347.7,0.47,0.4,2025-03-16,815,N20,VIIRS,l,2,322.21,12.51,D,0
16.54997,78.78271,351.18,0.53,0.42,2025-03-16,815,N20,VIIRS,n,2,320.94,18.12,D,0
16.55425,79.39711,343.12,0.38,0.43,2025-03-16,815,N20,VIIRS,l,2,315.45,10.18,D,0
16.5578,79.39307,348.06,0.38,0.43,2025-03-16,815,N20,VIIRS,l,2,318.67,7.56,D,0
16.55826,79.39669,342.42,0.38,0.43,2025-03-16,815,N20,VIIRS,l,2,316.74,7.56,D,0
16.56629,79.52507,349.56,0.39,0.44,2025-03-16,815,N20,VIIRS,n,2,317.92,9.22,D,0
16.57359,80.9027,345.47,0.48,0.48,2025-03-16,815,N20,VIIRS,n,2,310.89,11.3,D,0
16.578,80.90215,367.0,0.48,0.48,2025-03-16,815,N20,VIIRS,h,2,313.22,11.3,D,0
16.64837,80.3295,341.61,0.44,0.46,2025-03-16,815,N20,VIIRS,l,2,314.98,9.43,D,0
16.65412,80.06159,348.01,0.42,0.45,2025-03-16,815,N20,VIIRS,n,2,311.49,5.28,D,0
16.66162,80.56891,336.4,0.45,0.47,2025-03-16,815,N20,VIIRS,l,2,311.33,4.67,D,0
16.73973,78.88305,347.32,0.54,0.42,2025-03-16,815,N20,VIIRS,l,2,320.79,8.8,D,0
16.85845,78.78643,349.09,0.53,0.42,2025-03-16,815,N20,VIIRS,n,2,321.55,8.33,D,0
16.87472,77.41673,350.19,0.46,0.39,2025-03-16,815,N20,VIIRS,n,2,320.45,11.55,D,0
16.89664,78.15013,343.74,0.49,0.41,2025-03-16,815,N20,VIIRS,l,2,317.69,7.83,D,0
16.89681,80.87653,346.38,0.48,0.48,2025-03-16,815,N20,VIIRS,n,2,312.21,4.67,D,0
16.91446,81.48676,334.03,0.52,0.5,2025-03-16,815,N20,VIIRS,n,2,303.54,2.33,D,0
16.93415,77.19356,349.63,0.45,0.39,2025-03-16,815,N20,VIIRS,l,2,321.68,12.89,D,0
16.94392,80.56437,342.96,0.46,0.47,2025-03-16,815,N20,VIIRS,l,2,313.11,3.95,D,0
17.04481,77.05514,348.79,0.44,0.38,2025-03-16,815,N20,VIIRS,n,2,321.87,13.4,D,0
17.11462,79.03291,343.64,0.56,0.43,2025-03-16,815,N20,VIIRS,l,2,317.47,8.97,D,0
17.14499,78.33007,342.51,0.51,0.41,2025-03-16,815,N20,VIIRS,l,2,317.31,6.48,D,0
17.16695,78.3513,347.92,0.51,0.41,2025-03-16,815,N20,VIIRS,n,2,318.75,7.81,D,0
17.21898,78.82521,347.54,0.54,0.42,2025-03-16,815,N20,VIIRS,n,2,319.5,10.2,D,0
17.22396,80.73464,343.07,0.47,0.48,2025-03-16,815,N20,VIIRS,n,2,311.01,6.3,D,0
17.26153,77.76476,345.93,0.48,0.4,2025-03-16,815,N20,VIIRS,l,2,320.46,12.42,D,0
17.28652,81.43959,332.14,0.53,0.5,2025-03-16,815,N20,VIIRS,l,2,305.68,1.59,D,0
17.29153,78.82824,346.04,0.54,0.42,2025-03-16,815,N20,VIIRS,n,2,320.14,11.6,D,0
17.3164,77.90039,348.52,0.49,0.4,2025-03-16,815,N20,VIIRS,n,2,321.4,11.39,D,0
17.31681,80.54675,334.2,0.46,0.47,2025-03-16,815,N20,VIIRS,l,2,308.78,3.02,D,0
17.31733,80.55087,333.48,0.46,0.47,2025-03-16,815,N20,VIIRS,l,2,307.94,3.02,D,0
17.31863,81.35792,340.17,0.52,0.5,2025-03-16,815,N20,VIIRS,n,2,306.1,3.85,D,0
17.3188,80.55099,335.91,0.46,0.47,2025-03-16,815,N20,VIIRS,l,2,307.36,5.77,D,0
17.31909,81.36086,342.59,0.52,0.5,2025-03-16,815,N20,VIIRS,n,2,306.8,4.84,D,0
17.32132,80.61847,335.9,0.47,0.47,2025-03-16,815,N20,VIIRS,l,2,307.63,2.79,D,0
17.32169,80.55045,333.18,0.46,0.47,2025-03-16,815,N20,VIIRS,l,2,307.7,3.02,D,0
17.32191,80.62316,334.48,0.47,0.47,2025-03-16,815,N20,VIIRS,l,2,307.89,2.79,D,0
17.32949,80.61279,349.2,0.47,0.47,2025-03-16,815,N20,VIIRS,n,2,310.07,9.5,D,0
17.3301,80.61766,347.72,0.47,0.47,2025-03-16,815,N20,VIIRS,n,2,309.39,8.31,D,0
17.33052,80.61314,346.49,0.47,0.47,2025-03-16,815,N20,VIIRS,n,2,308.82,8.78,D,0
17.33837,77.06488,349.17,0.44,0.39,2025-03-16,815,N20,VIIRS,l,2,323.0,22.52,D,0
17.36741,80.69956,347.54,0.47,0.48,2025-03-16,815,N20,VIIRS,n,2,313.41,5.21,D,0
17.37463,79.23225,343.49,0.38,0.43,2025-03-16,815,N20,VIIRS,n,2,315.94,5.02,D,0
17.37656,79.23217,344.5,0.38,0.43,2025-03-16,815,N20,VIIRS,n,2,315.97,4.86,D,0
17.37746,80.34605,336.04,0.45,0.47,2025-03-16,815,N20,VIIRS,l,2,310.72,4.04,D,0
17.38264,77.55552,345.51,0.47,0.4,2025-03-16,815,N20,VIIRS,l,2,320.43,11.21,D,0
17.39026,81.45142,346.52,0.53,0.5,2025-03-16,815,N20,VIIRS,n,2,307.86,4.8,D,0
17.40102,80.35992,342.5,0.45,0.47,2025-03-16,815,N20,VIIRS,n,2,313.05,2.7,D,0
17.40352,80.36002,337.2,0.45,0.47,2025-03-16,815,N20,VIIRS,l,2,310.7,2.13,D,0
17.40536,80.90581,343.48,0.49,0.48,2025-03-16,815,N20,VIIRS,n,2,310.91,5.65,D,0
17.40983,80.9053,339.54,0.49,0.48,2025-03-16,815,N20,VIIRS,l,2,310.65,5.65,D,0
17.41286,77.5327,347.83,0.47,0.4,2025-03-16,815,N20,VIIRS,l,2,320.97,7.75,D,0
17.41796,81.41243,335.77,0.53,0.5,2025-03-16,815,N20,VIIRS,n,2,308.15,3.49,D,0
17.41809,81.48798,347.77,0.53,0.5,2025-03-16,815,N20,VIIRS,n,2,309.74,9.39,D,0
17.41879,81.49376,342.8,0.53,0.5,2025-03-16,815,N20,VIIRS,n,2,307.35,9.39,D,0
17.42337,81.49274,334.53,0.53,0.5,2025-03-16,815,N20,VIIRS,n,2,304.62,2.93,D,0
17.43418,80.95732,353.64,0.49,0.49,2025-03-16,815,N20,VIIRS,n,2,310.66,10.29,D,0
17.43545,80.93005,342.89,0.49,0.49,2025-03-16,815,N20,VIIRS,n,2,311.99,7.6,D,0
17.45065,80.76276,339.71,0.48,0.48,2025-03-16,815,N20,VIIRS,n,2,312.04,4.32,D,0
17.45103,80.76171,340.51,0.48,0.48,2025-03-16,815,N20,VIIRS,n,2,311.73,4.08,D,0
17.47017,81.45887,334.72,0.53,0.5,2025-03-16,815,N20,VIIRS,n,2,308.15,5.13,D,0
17.47599,80.45277,345.09,0.46,0.47,2025-03-16,815,N20,VIIRS,n,2,313.14,5.92,D,0
17.47649,80.45688,367.0,0.46,0.47,2025-03-16,815,N20,VIIRS,h,2,315.44,17.08,D,0
17.47978,80.44776,341.48,0.46,0.47,2025-03-16,815,N20,VIIRS,l,2,312.29,5.92,D,0
17.48417,80.44767,346.0,0.46,0.47,2025-03-16,815,N20,VIIRS,n,2,313.06,3.58,D,0
17.48467,80.45177,336.86,0.46,0.47,2025-03-16,815,N20,VIIRS,l,2,311.66,3.58,D,0
17.50681,80.9733,341.03,0.49,0.49,2025-03-16,815,N20,VIIRS,n,2,310.35,5.14,D,0
17.50922,80.47234,344.95,0.46,0.47,2025-03-16,815,N20,VIIRS,n,2,314.86,5.1,D,0
17.51242,79.7397,341.76,0.41,0.45,2025-03-16,815,N20,VIIRS,n,2,309.19,4.43,D,0
17.52337,80.92096,344.64,0.49,0.49,2025-03-16,815,N20,VIIRS,n,2,312.56,3.98,D,0
17.52401,81.32075,335.45,0.52,0.5,2025-03-16,815,N20,VIIRS,l,2,309.03,2.99,D,0
17.52853,80.85037,349.13,0.49,0.48,2025-03-16,815,N20,VIIRS,n,2,313.59,13.53,D,0
17.5305,78.33115,338.74,0.51,0.41,2025-03-16,815,N20,VIIRS,l,2,311.33,5.44,D,0
17.54905,80.68672,342.86,0.47,0.48,2025-03-16,815,N20,VIIRS,n,2,312.2,4.58,D,0
17.54931,80.68829,342.71,0.47,0.48,2025-03-16,815,N20,VIIRS,n,2,312.63,6.86,D,0
17.55574,80.81422,347.06,0.48,0.48,2025-03-16,815,N20,VIIRS,n,2,310.89,7.31,D,0
17.56181,77.42696,345.91,0.46,0.39,2025-03-16,815,N20,VIIRS,l,2,317.99,9.12,D,0
17.56738,80.80547,346.15,0.48,0.48,2025-03-16,815,N20,VIIRS,n,2,316.22,14.68,D,0
17.56797,80.80362,345.47,0.48,0.48,2025-03-16,815,N20,VIIRS,n,2,317.23,12.35,D,0
17.59203,80.41476,344.22,0.46,0.47,2025-03-16,815,N20,VIIRS,l,2,316.46,15.05,D,0
17.59621,80.95921,338.65,0.49,0.49,2025-03-16,815,N20,VIIRS,n,2,311.2,2.41,D,0
17.60664,80.39073,338.62,0.45,0.47,2025-03-16,815,N20,VIIRS,n,2,310.97,2.77,D,0
17.61312,80.40758,343.7,0.46,0.47,2025-03-16,815,N20,VIIRS,n,2,312.88,6.08,D,0
17.61318,78.25689,346.1,0.51,0.41,2025-03-16,815,N20,VIIRS,n,2,317.72,8.52,D,0
17.64672,80.94105,338.12,0.49,0.49,2025-03-16,815,N20,VIIRS,l,2,309.82,4.52,D,0
17.66299,80.22474,346.39,0.44,0.46,2025-03-16,815,N20,VIIRS,n,2,318.18,4.94,D,0
17.67192,80.36996,345.02,0.45,0.47,2025-03-16,815,N20,VIIRS,l,2,315.1,10.99,D,0
17.67233,81.43702,332.07,0.53,0.5,2025-03-16,815,N20,VIIRS,l,2,306.51,2.56,D,0
17.67243,80.37418,342.64,0.45,0.47,2025-03-16,815,N20,VIIRS,n,2,310.78,7.2,D,0
17.68139,79.63853,334.99,0.41,0.45,2025-03-16,815,N20,VIIRS,l,2,309.03,3.93,D,0
17.68458,80.15378,337.42,0.44,0.46,2025-03-16,815,N20,VIIRS,l,2,309.44,3.82,D,0
17.68828,80.9832,343.35,0.5,0.49,2025-03-16,815,N20,VIIRS,n,2,312.34,4.34,D,0
17.69046,80.98433,340.59,0.5,0.49,2025-03-16,815,N20,VIIRS,n,2,310.49,2.2,D,0
17.70031,81.23638,336.18,0.52,0.5,2025-03-16,815,N20,VIIRS,l,2,307.7,2.95,D,0
17.71635,80.51797,338.49,0.46,0.47,2025-03-16,815,N20,VIIRS,l,2,309.62,3.36,D,0
17.73802,80.69621,350.18,0.48,0.48,2025-03-16,815,N20,VIIRS,n,2,310.48,7.26,D,0
17.74561,80.41857,345.54,0.46,0.47,2025-03-16,815,N20,VIIRS,n,2,312.07,6.1,D,0
17.74664,79.13789,341.95,0.38,0.43,2025-03-16,815,N20,VIIRS,n,2,313.47,2.13,D,0
17.74993,80.4179,343.57,0.46,0.47,2025-03-16,815,N20,VIIRS,n,2,309.77,3.35,D,0
17.75128,80.20957,343.98,0.44,0.46,2025-03-16,815,N20,VIIRS,n,2,311.83,7.24,D,0
17.75233,81.24284,334.71,0.52,0.5,2025-03-16,815,N20,VIIRS,l,2,308.37,7.92,D,0
17.75305,79.4836,342.44,0.4,0.44,2025-03-16,815,N20,VIIRS,n,2,309.11,2.74,D,0
17.76039,81.27242,347.63,0.52,0.5,2025-03-16,815,N20,VIIRS,n,2,310.73,7.2,D,0
17.76214,79.87965,336.5,0.42,0.46,2025-03-16,815,N20,VIIRS,l,2,311.2,3.95,D,0
17.77326,80.0713,350.97,0.44,0.46,2025-03-16,815,N20,VIIRS,n,2,314.19,6.47,D,0
17.77378,80.07542,342.18,0.44,0.46,2025-03-16,815,N20,VIIRS,n,2,311.01,6.47,D,0
17.77402,80.58479,356.09,0.47,0.48,2025-03-16,815,N20,VIIRS,n,2,313.49,9.96,D,0
17.778,80.07475,337.14,0.44,0.46,2025-03-16,815,N20,VIIRS,l,2,312.05,2.2,D,0
17.77892,80.58864,344.5,0.47,0.48,2025-03-16,815,N20,VIIRS,l,2,314.74,11.24,D,0
17.78243,80.73342,334.07,0.48,0.48,2025-03-16,815,N20,VIIRS,l,2,309.05,5.08,D,0
17.78384,80.59258,345.58,0.47,0.48,2025-03-16,815,N20,VIIRS,n,2,313.7,4.94,D,0
17.78436,80.33856,335.1,0.45,0.47,2025-03-16,815,N20,VIIRS,l,2,310.09,2.72,D,0
17.78437,80.59705,343.11,0.47,0.48,2025-03-16,815,N20,VIIRS,n,2,312.5,4.94,D,0
17.78852,80.74716,335.67,0.48,0.48,2025-03-16,815,N20,VIIRS,n,2,309.71,4.08,D,0
17.79351,80.75133,347.36,0.48,0.48,2025-03-16,815,N20,VIIRS,n,2,311.37,4.08,D,0
17.79513,80.72669,341.77,0.48,0.48,2025-03-16,815,N20,VIIRS,n,2,309.91,7.68,D,0
17.79969,78.44127,341.38,0.52,0.42,2025-03-16,815,N20,VIIRS,l,2,314.29,6.6,D,0
17.8113,80.03204,334.52,0.43,0.46,2025-03-16,815,N20,VIIRS,l,2,308.62,2.28,D,0
17.81518,80.74407,336.34,0.48,0.48,2025-03-16,815,N20,VIIRS,l,2,309.74,3.42,D,0
17.81971,80.03056,338.22,0.43,0.46,2025-03-16,815,N20,VIIRS,n,2,307.97,5.95,D,0
17.82165,79.73342,333.14,0.42,0.45,2025-03-16,815,N20,VIIRS,n,2,307.66,3.59,D,0
17.82259,77.17632,341.45,0.45,0.39,2025-03-16,815,N20,VIIRS,l,2,315.44,3.3,D,0
17.82447,80.03437,342.62,0.43,0.46,2025-03-16,815,N20,VIIRS,n,2,309.52,5.95,D,0
17.83777,78.63971,342.37,0.54,0.42,2025-03-16,815,N20,VIIRS,n,2,312.98,4.97,D,0
17.83974,80.61229,354.47,0.47,0.48,2025-03-16,815,N20,VIIRS,n,2,312.08,9.56,D,0
17.84067,80.65685,339.03,0.48,0.48,2025-03-16,815,N20,VIIRS,n,2,308.11,3.39,D,0
17.84132,78.20409,346.14,0.51,0.41,2025-03-16,815,N20,VIIRS,n,2,314.34,9.33,D,0
17.84225,80.70708,338.52,0.48,0.48,2025-03-16,815,N20,VIIRS,l,2,309.81,2.25,D,0
17.84443,80.057,367.0,0.44,0.46,2025-03-16,815,N20,VIIRS,h,2,317.06,10.61,D,0
17.84566,80.66101,342.1,0.48,0.48,2025-03-16,815,N20,VIIRS,n,2,310.32,3.39,D,0
17.84669,80.70663,341.65,0.48,0.48,2025-03-16,815,N20,VIIRS,n,2,309.34,7.35,D,0
17.85081,78.21762,343.8,0.51,0.41,2025-03-16,815,N20,VIIRS,n,2,316.03,9.14,D,0
17.85678,80.60555,346.09,0.47,0.48,2025-03-16,815,N20,VIIRS,n,2,310.66,7.22,D,0
17.86041,80.40823,341.53,0.46,0.47,2025-03-16,815,N20,VIIRS,l,2,311.86,6.28,D,0
17.86118,80.60501,341.41,0.47,0.48,2025-03-16,815,N20,VIIRS,n,2,311.12,6.64,D,0
17.8612,80.60477,338.37,0.47,0.48,2025-03-16,815,N20,VIIRS,l,2,310.93,6.49,D,0
17.86275,80.5414,337.81,0.47,0.48,2025-03-16,815,N20,VIIRS,l,2,309.69,2.29,D,0
17.86292,80.06722,337.67,0.44,0.46,2025-03-16,815,N20,VIIRS,l,2,312.27,1.62,D,0
17.86372,80.66217,344.13,0.48,0.48,2025-03-16,815,N20,VIIRS,n,2,310.13,4.41,D,0
17.86567,80.7518,341.23,0.48,0.48,2025-03-16,815,N20,VIIRS,n,2,312.22,4.66,D,0
17.86666,80.06258,349.58,0.44,0.46,2025-03-16,815,N20,VIIRS,n,2,318.92,18.28,D,0
17.86717,80.06674,342.65,0.44,0.46,2025-03-16,815,N20,VIIRS,n,2,311.59,8.53,D,0
17.86946,80.59903,334.41,0.47,0.48,2025-03-16,815,N20,VIIRS,l,2,308.81,4.24,D,0
17.86976,80.6789,353.69,0.48,0.48,2025-03-16,815,N20,VIIRS,n,2,310.85,5.64,D,0
17.87026,80.67899,352.7,0.48,0.48,2025-03-16,815,N20,VIIRS,n,2,310.74,6.26,D,0
17.87204,80.54473,343.64,0.47,0.48,2025-03-16,815,N20,VIIRS,n,2,310.4,2.58,D,0
17.8738,80.59869,335.62,0.47,0.48,2025-03-16,815,N20,VIIRS,l,2,308.9,3.94,D,0
17.87433,80.60301,340.42,0.47,0.48,2025-03-16,815,N20,VIIRS,n,2,308.19,3.94,D,0
17.87436,80.60275,338.21,0.47,0.48,2025-03-16,815,N20,VIIRS,n,2,307.66,4.24,D,0
17.8759,80.61601,342.61,0.47,0.48,2025-03-16,815,N20,VIIRS,n,2,310.13,8.78,D,0
17.87597,80.61625,342.82,0.47,0.48,2025-03-16,815,N20,VIIRS,n,2,310.2,8.8,D,0
17.87626,81.0685,337.02,0.51,0.49,2025-03-16,815,N20,VIIRS,l,2,307.97,3.38,D,0
17.87636,80.14149,344.23,0.44,0.46,2025-03-16,815,N20,VIIRS,l,2,315.73,7.26,D,0
17.88327,80.02287,341.16,0.43,0.46,2025-03-16,815,N20,VIIRS,n,2,310.97,5.42,D,0
17.88366,80.68275,338.85,0.48,0.48,2025-03-16,815,N20,VIIRS,n,2,310.42,3.37,D,0
17.88422,80.68289,337.62,0.48,0.48,2025-03-16,815,N20,VIIRS,l,2,310.28,3.26,D,0
17.88732,80.74446,337.76,0.48,0.48,2025-03-16,815,N20,VIIRS,l,2,311.6,3.34,D,0
17.88848,80.16954,343.3,0.44,0.46,2025-03-16,815,N20,VIIRS,l,2,313.88,4.66,D,0
17.88879,80.10198,339.53,0.44,0.46,2025-03-16,815,N20,VIIRS,l,2,311.94,3.25,D,0
17.88899,80.17371,343.42,0.44,0.46,2025-03-16,815,N20,VIIRS,n,2,312.66,5.48,D,0
17.89449,80.62203,341.34,0.47,0.48,2025-03-16,815,N20,VIIRS,n,2,310.51,5.91,D,0
17.895,80.6264,342.5,0.48,0.48,2025-03-16,815,N20,VIIRS,n,2,310.1,5.91,D,0
17.89856,80.3592,341.55,0.46,0.47,2025-03-16,815,N20,VIIRS,l,2,314.22,4.75,D,0
17.89888,80.62139,367.0,0.47,0.48,2025-03-16,815,N20,VIIRS,h,2,310.68,8.02,D,0
17.89905,80.73774,340.14,0.48,0.48,2025-03-16,815,N20,VIIRS,l,2,310.73,4.99,D,0
17.89941,80.62585,341.99,0.48,0.48,2025-03-16,815,N20,VIIRS,n,2,308.97,8.02,D,0
17.89995,80.63041,335.24,0.48,0.48,2025-03-16,815,N20,VIIRS,l,2,309.1,2.27,D,0
17.90213,80.64899,333.25,0.48,0.48,2025-03-16,815,N20,VIIRS,l,2,307.82,2.11,D,0
17.92126,78.19553,355.1,0.51,0.41,2025-03-16,815,N20,VIIRS,n,2,317.5,21.61,D,0
17.93263,81.02824,337.34,0.5,0.49,2025-03-16,815,N20,VIIRS,l,2,310.8,4.12,D,0
17.97059,80.99926,338.15,0.5,0.49,2025-03-16,815,N20,VIIRS,n,2,312.36,3.7,D,0
17.97191,80.44314,337.2,0.46,0.47,2025-03-16,815,N20,VIIRS,l,2,310.06,7.14,D,0
17.97511,80.99866,341.48,0.5,0.49,2025-03-16,815,N20,VIIRS,n,2,311.04,3.7,D,0
17.97624,80.36779,338.88,0.46,0.47,2025-03-16,815,N20,VIIRS,l,2,312.98,6.51,D,0
17.97738,80.52764,342.0,0.47,0.48,2025-03-16,815,N20,VIIRS,n,2,308.49,5.21,D,0
17.98903,80.69931,342.7,0.48,0.48,2025-03-16,815,N20,VIIRS,l,2,314.22,5.47,D,0
17.99056,80.52617,343.25,0.47,0.48,2025-03-16,815,N20,VIIRS,n,2,308.73,3.76,D,0
17.99106,80.41822,342.25,0.46,0.47,2025-03-16,815,N20,VIIRS,n,2,309.82,3.11,D,0
17.99303,80.70068,353.07,0.48,0.48,2025-03-16,815,N20,VIIRS,n,2,313.49,8.83,D,0
17.99436,81.36372,341.21,0.53,0.5,2025-03-16,815,N20,VIIRS,l,2,313.59,3.52,D,0
17.99899,81.36309,342.84,0.53,0.5,2025-03-16,815,N20,VIIRS,n,2,311.26,3.52,D,0
17.99978,81.09052,345.54,0.51,0.49,2025-03-16,815,N20,VIIRS,n,2,309.33,6.31,D,0
18.00024,81.09438,336.48,0.51,0.49,2025-03-16,815,N20,VIIRS,n,2,308.1,6.31,D,0
18.00121,80.46622,336.53,0.47,0.47,2025-03-16,815,N20,VIIRS,l,2,311.49,5.38,D,0
18.00172,80.47045,343.61,0.47,0.47,2025-03-16,815,N20,VIIRS,n,2,310.0,5.38,D,0
18.0111,81.30546,352.89,0.53,0.5,2025-03-16,815,N20,VIIRS,n,2,312.31,10.34,D,0
18.01232,81.35633,342.63,0.53,0.5,2025-03-16,815,N20,VIIRS,n,2,312.02,4.82,D,0
18.0131,81.08592,338.12,0.51,0.49,2025-03-16,815,N20,VIIRS,n,2,309.92,5.07,D,0
18.01696,81.3558,339.49,0.53,0.5,2025-03-16,815,N20,VIIRS,l,2,312.12,4.82,D,0
18.01711,81.47979,338.6,0.54,0.51,2025-03-16,815,N20,VIIRS,l,2,310.71,5.86,D,0
18.02201,80.27437,341.99,0.45,0.47,2025-03-16,815,N20,VIIRS,l,2,313.6,6.72,D,0
18.02876,81.45748,342.31,0.54,0.51,2025-03-16,815,N20,VIIRS,l,2,313.88,5.48,D,0
18.03887,79.99505,352.65,0.44,0.46,2025-03-16,815,N20,VIIRS,n,2,312.43,9.44,D,0
18.04155,81.44541,343.21,0.54,0.51,2025-03-16,815,N20,VIIRS,l,2,313.48,6.94,D,0
18.04308,78.3339,336.29,0.52,0.42,2025-03-16,815,N20,VIIRS,l,2,310.4,4.12,D,0
18.04438,81.42918,342.11,0.54,0.51,2025-03-16,815,N20,VIIRS,n,2,310.56,3.83,D,0
18.04826,80.2931,339.69,0.45,0.47,2025-03-16,815,N20,VIIRS,l,2,310.98,3.0,D,0
18.04997,80.28778,336.7,0.45,0.47,2025-03-16,815,N20,VIIRS,l,2,310.66,4.98,D,0
18.05042,80.16355,345.91,0.45,0.47,2025-03-16,815,N20,VIIRS,n,2,313.06,4.41,D,0
18.05051,80.29218,344.06,0.45,0.47,2025-03-16,815,N20,VIIRS,n,2,310.98,5.15,D,0
18.05207,80.28819,338.23,0.45,0.47,2025-03-16,815,N20,VIIRS,l,2,310.6,7.93,D,0
18.05263,80.37991,338.56,0.46,0.47,2025-03-16,815,N20,VIIRS,l,2,309.04,7.17,D,0
18.0532,80.07822,341.73,0.44,0.46,2025-03-16,815,N20,VIIRS,n,2,314.12,3.09,D,0
18.05408,80.38047,342.21,0.46,0.47,2025-03-16,815,N20,VIIRS,n,2,310.11,7.53,D,0
18.06025,80.55002,337.84,0.47,0.48,2025-03-16,815,N20,VIIRS,l,2,312.04,4.32,D,0
18.06553,80.3653,334.22,0.46,0.47,2025-03-16,815,N20,VIIRS,l,2,308.17,6.55,D,0
18.06607,80.36994,339.64,0.46,0.47,2025-03-16,815,N20,VIIRS,n,2,309.13,2.67,D,0
18.07017,80.25605,341.19,0.45,0.47,2025-03-16,815,N20,VIIRS,n,2,310.78,2.1,D,0
18.07128,80.08453,339.31,0.44,0.46,2025-03-16,815,N20,VIIRS,l,2,312.9,2.95,D,0
18.0737,80.35983,341.3,0.46,0.47,2025-03-16,815,N20,VIIRS,n,2,306.49,3.97,D,0
18.07398,80.62579,341.01,0.48,0.48,2025-03-16,815,N20,VIIRS,n,2,307.99,2.37,D,0
18.07495,80.93559,347.39,0.5,0.49,2025-03-16,815,N20,VIIRS,n,2,315.16,12.01,D,0
18.07597,80.98317,334.68,0.5,0.49,2025-03-16,815,N20,VIIRS,l,2,309.19,2.98,D,0
18.08141,80.53913,336.22,0.47,0.48,2025-03-16,815,N20,VIIRS,l,2,310.46,3.55,D,0
18.0858,80.53861,342.44,0.47,0.48,2025-03-16,815,N20,VIIRS,l,2,312.77,8.29,D,0
18.08632,80.54306,337.52,0.47,0.48,2025-03-16,815,N20,VIIRS,l,2,309.85,8.29,D,0
18.09072,80.54256,343.4,0.47,0.48,2025-03-16,815,N20,VIIRS,n,2,311.89,8.29,D,0
18.0945,80.2401,343.7,0.45,0.47,2025-03-16,815,N20,VIIRS,n,2,313.32,5.4,D,0
18.09465,80.42493,340.78,0.46,0.47,2025-03-16,815,N20,VIIRS,n,2,308.89,2.8,D,0
18.09501,80.24435,340.07,0.45,0.47,2025-03-16,815,N20,VIIRS,l,2,311.69,4.98,D,0
18.10159,80.29877,344.28,0.46,0.47,2025-03-16,815,N20,VIIRS,n,2,309.63,7.31,D,0
18.10225,80.05499,340.98,0.44,0.46,2025-03-16,815,N20,VIIRS,n,2,312.31,6.94,D,0
18.10549,81.48206,340.62,0.54,0.51,2025-03-16,815,N20,VIIRS,l,2,313.21,4.45,D,0
18.10606,78.33993,340.89,0.52,0.42,2025-03-16,815,N20,VIIRS,n,2,311.26,3.82,D,0
18.10704,80.05876,367.0,0.44,0.46,2025-03-16,815,N20,VIIRS,h,2,314.43,9.74,D,0
18.10717,80.76197,333.93,0.49,0.48,2025-03-16,815,N20,VIIRS,l,2,308.15,3.14,D,0
18.10758,80.06303,353.18,0.44,0.46,2025-03-16,815,N20,VIIRS,n,2,315.17,12.19,D,0
18.10772,80.53535,336.22,0.47,0.48,2025-03-16,815,N20,VIIRS,l,2,308.74,1.66,D,0
18.10988,78.33943,351.38,0.52,0.42,2025-03-16,815,N20,VIIRS,n,2,312.77,10.52,D,0
18.11076,81.48667,343.8,0.54,0.51,2025-03-16,815,N20,VIIRS,n,2,312.29,7.16,D,0
18.11127,80.49014,339.57,0.47,0.48,2025-03-16,815,N20,VIIRS,l,2,310.96,4.0,D,0
18.11418,81.27021,348.44,0.53,0.5,2025-03-16,815,N20,VIIRS,n,2,313.05,7.01,D,0
18.11526,80.26686,342.49,0.45,0.47,2025-03-16,815,N20,VIIRS,l,2,313.65,5.44,D,0
18.11752,80.10817,354.79,0.44,0.46,2025-03-16,815,N20,VIIRS,n,2,312.53,7.98,D,0
18.11957,80.26627,343.34,0.45,0.47,2025-03-16,815,N20,VIIRS,n,2,310.35,5.44,D,0
18.12,80.92961,339.67,0.5,0.49,2025-03-16,815,N20,VIIRS,l,2,310.04,3.45,D,0
18.12095,80.53417,333.13,0.47,0.48,2025-03-16,815,N20,VIIRS,l,2,307.47,0.63,D,0
18.12128,80.10354,341.5,0.44,0.46,2025-03-16,815,N20,VIIRS,l,2,311.56,4.74,D,0
18.12179,80.10764,353.96,0.44,0.46,2025-03-16,815,N20,VIIRS,n,2,312.96,4.74,D,0
18.12805,80.55629,340.0,0.47,0.48,2025-03-16,815,N20,VIIRS,n,2,311.2,3.3,D,0
18.12859,80.34007,338.34,0.46,0.47,2025-03-16,815,N20,VIIRS,l,2,309.29,5.53,D,0
18.13026,78.29329,347.18,0.52,0.42,2025-03-16,815,N20,VIIRS,n,2,311.16,8.24,D,0
18.13029,80.28217,336.25,0.45,0.47,2025-03-16,815,N20,VIIRS,l,2,309.18,2.67,D,0
18.13219,80.44249,336.72,0.47,0.47,2025-03-16,815,N20,VIIRS,l,2,309.09,2.83,D,0
18.13522,81.4108,338.09,0.54,0.51,2025-03-16,815,N20,VIIRS,l,2,313.03,4.2,D,0
18.1356,80.39755,335.92,0.46,0.47,2025-03-16,815,N20,VIIRS,l,2,309.07,4.64,D,0
18.13602,79.03505,336.37,0.57,0.43,2025-03-16,815,N20,VIIRS,l,2,309.63,5.22,D,0
18.13656,80.44196,348.26,0.47,0.47,2025-03-16,815,N20,VIIRS,n,2,309.52,3.5,D,0
18.13709,80.44632,340.19,0.47,0.47,2025-03-16,815,N20,VIIRS,l,2,310.69,3.5,D,0
18.13956,80.57784,337.86,0.47,0.48,2025-03-16,815,N20,VIIRS,l,2,309.68,5.07,D,0
18.1398,78.27697,344.85,0.52,0.41,2025-03-16,815,N20,VIIRS,n,2,314.92,8.64,D,0
18.14079,80.51368,334.91,0.47,0.48,2025-03-16,815,N20,VIIRS,l,2,308.56,2.63,D,0
18.14133,80.51815,337.24,0.47,0.48,2025-03-16,815,N20,VIIRS,l,2,308.22,2.63,D,0
18.14137,79.04537,339.03,0.57,0.43,2025-03-16,815,N20,VIIRS,l,2,313.21,20.47,D,0
18.14225,81.43066,342.25,0.54,0.51,2025-03-16,815,N20,VIIRS,n,2,311.87,5.31,D,0
18.1454,80.29789,341.08,0.46,0.47,2025-03-16,815,N20,VIIRS,l,2,311.1,7.39,D,0
18.14572,80.51765,337.16,0.47,0.48,2025-03-16,815,N20,VIIRS,l,2,307.28,5.18,D,0
18.14654,80.29029,354.87,0.46,0.47,2025-03-16,815,N20,VIIRS,n,2,311.72,7.26,D,0
18.14655,81.30647,340.08,0.53,0.5,2025-03-16,815,N20,VIIRS,n,2,310.99,2.86,D,0
18.14705,80.29469,338.53,0.46,0.47,2025-03-16,815,N20,VIIRS,n,2,309.08,7.26,D,0
18.14755,80.29902,346.85,0.46,0.47,2025-03-16,815,N20,VIIRS,n,2,310.72,3.77,D,0
18.14866,80.28874,345.27,0.46,0.47,2025-03-16,815,N20,VIIRS,n,2,310.69,7.56,D,0
18.14921,80.29315,343.24,0.46,0.47,2025-03-16,815,N20,VIIRS,n,2,308.64,7.56,D,0
18.15217,81.43455,345.83,0.54,0.51,2025-03-16,815,N20,VIIRS,n,2,313.49,5.95,D,0
18.1523,81.47632,336.9,0.54,0.51,2025-03-16,815,N20,VIIRS,l,2,311.4,4.5,D,0
18.15278,81.43971,336.83,0.54,0.51,2025-03-16,815,N20,VIIRS,l,2,311.43,4.26,D,0
18.15301,80.28835,336.8,0.46,0.47,2025-03-16,815,N20,VIIRS,l,2,309.59,2.33,D,0
18.15471,79.15205,344.73,0.39,0.44,2025-03-16,815,N20,VIIRS,n,2,314.54,7.01,D,0
18.15523,80.28951,336.31,0.46,0.47,2025-03-16,815,N20,VIIRS,l,2,307.9,2.35,D,0
18.15684,81.43401,339.09,0.54,0.51,2025-03-16,815,N20,VIIRS,l,2,312.48,2.64,D,0
18.15735,80.288,337.38,0.46,0.47,2025-03-16,815,N20,VIIRS,l,2,307.77,2.33,D,0
18.15818,81.486,344.35,0.54,0.51,2025-03-16,815,N20,VIIRS,n,2,314.12,15.72,D,0
18.15878,81.4912,367.0,0.54,0.51,2025-03-16,815,N20,VIIRS,h,2,315.67,24.33,D,0
18.15905,80.28466,338.46,0.46,0.47,2025-03-16,815,N20,VIIRS,n,2,307.24,4.85,D,0
18.16286,81.48539,342.85,0.54,0.51,2025-03-16,815,N20,VIIRS,n,2,310.35,7.17,D,0
18.16346,81.49059,345.58,0.54,0.51,2025-03-16,815,N20,VIIRS,n,2,309.67,7.31,D,0
18.16667,80.27486,337.49,0.45,0.47,2025-03-16,815,N20,VIIRS,l,2,307.78,6.42,D,0
18.1668,80.20207,341.1,0.45,0.47,2025-03-16,815,N20,VIIRS,n,2,311.91,2.31,D,0
18.1706,80.19731,367.0,0.45,0.47,2025-03-16,815,N20,VIIRS,h,2,313.16,5.86,D,0
18.17318,80.48714,348.33,0.47,0.48,2025-03-16,815,N20,VIIRS,n,2,312.39,7.89,D,0
18.17358,78.51035,338.27,0.54,0.42,2025-03-16,815,N20,VIIRS,l,2,311.18,5.98,D,0
18.17396,80.48864,347.4,0.47,0.48,2025-03-16,815,N20,VIIRS,n,2,310.49,9.76,D,0
18.1749,80.19676,344.21,0.45,0.47,2025-03-16,815,N20,VIIRS,n,2,311.33,5.86,D,0
18.17623,80.73372,339.84,0.49,0.48,2025-03-16,815,N20,VIIRS,l,2,310.62,3.15,D,0
18.17654,80.967,337.92,0.5,0.49,2025-03-16,815,N20,VIIRS,n,2,310.68,3.01,D,0
18.17737,80.21746,340.12,0.45,0.47,2025-03-16,815,N20,VIIRS,n,2,311.06,1.99,D,0
18.17964,80.76209,354.07,0.49,0.48,2025-03-16,815,N20,VIIRS,n,2,311.98,8.63,D,0
18.18204,80.33061,341.95,0.46,0.47,2025-03-16,815,N20,VIIRS,n,2,310.71,5.09,D,0
18.1836,80.4994,338.22,0.47,0.48,2025-03-16,815,N20,VIIRS,n,2,309.33,4.13,D,0
18.18518,80.58488,340.5,0.48,0.48,2025-03-16,815,N20,VIIRS,n,2,307.93,3.28,D,0
18.18525,80.58649,340.91,0.48,0.48,2025-03-16,815,N20,VIIRS,n,2,307.19,4.72,D,0
18.18623,80.36601,336.79,0.46,0.47,2025-03-16,815,N20,VIIRS,l,2,309.28,3.95,D,0
18.18729,81.4511,337.35,0.54,0.51,2025-03-16,815,N20,VIIRS,l,2,311.95,3.07,D,0
18.19057,80.36541,344.68,0.46,0.47,2025-03-16,815,N20,VIIRS,n,2,311.67,7.19,D,0
18.19108,80.36975,352.4,0.46,0.47,2025-03-16,815,N20,VIIRS,n,2,313.22,7.19,D,0
18.19355,80.72733,340.66,0.49,0.48,2025-03-16,815,N20,VIIRS,l,2,310.84,4.22,D,0
18.19876,80.2498,337.04,0.45,0.47,2025-03-16,815,N20,VIIRS,l,2,309.36,3.89,D,0
18.19942,80.32861,342.12,0.46,0.47,2025-03-16,815,N20,VIIRS,n,2,309.63,6.5,D,0
18.19995,80.33299,342.25,0.46,0.47,2025-03-16,815,N20,VIIRS,n,2,309.14,6.5,D,0
18.20878,80.29652,340.56,0.46,0.47,2025-03-16,815,N20,VIIRS,n,2,307.95,4.17,D,0
18.20964,78.07197,343.36,0.51,0.41,2025-03-16,815,N20,VIIRS,n,2,313.14,8.37,D,0
18.2105,80.27438,343.75,0.46,0.47,2025-03-16,815,N20,VIIRS,n,2,309.2,4.82,D,0
18.21068,80.23966,347.97,0.45,0.47,2025-03-16,815,N20,VIIRS,n,2,310.15,4.39,D,0
18.21223,80.25248,343.36,0.45,0.47,2025-03-16,815,N20,VIIRS,n,2,310.36,4.48,D,0
18.21235,80.78349,340.22,0.49,0.49,2025-03-16,815,N20,VIIRS,l,2,313.44,5.63,D,0
18.21427,80.78589,340.0,0.49,0.49,2025-03-16,815,N20,VIIRS,l,2,314.54,3.44,D,0
18.21483,80.27391,349.44,0.46,0.47,2025-03-16,815,N20,VIIRS,n,2,314.63,22.75,D,0
18.21654,80.25185,337.11,0.45,0.47,2025-03-16,815,N20,VIIRS,l,2,307.98,4.48,D,0
18.21706,80.25608,349.8,0.45,0.47,2025-03-16,815,N20,VIIRS,n,2,313.59,12.16,D,0
18.22046,80.73576,335.81,0.49,0.48,2025-03-16,815,N20,VIIRS,l,2,308.29,3.18,D,0
18.22057,80.87521,334.96,0.5,0.49,2025-03-16,815,N20,VIIRS,l,2,309.37,1.74,D,0
18.22215,81.27877,341.83,0.53,0.5,2025-03-16,815,N20,VIIRS,n,2,312.83,4.16,D,0
18.22415,80.76771,337.29,0.49,0.49,2025-03-16,815,N20,VIIRS,l,2,311.23,1.64,D,0
18.22447,80.86974,335.79,0.5,0.49,2025-03-16,815,N20,VIIRS,l,2,310.24,4.34,D,0
18.22963,80.77592,351.3,0.49,0.49,2025-03-16,815,N20,VIIRS,n,2,311.47,6.98,D,0
18.22995,80.11239,345.4,0.44,0.46,2025-03-16,815,N20,VIIRS,n,2,310.98,13.53,D,0
18.23109,80.78854,337.73,0.49,0.49,2025-03-16,815,N20,VIIRS,n,2,310.47,14.96,D,0
18.23309,80.13763,335.87,0.45,0.47,2025-03-16,815,N20,VIIRS,l,2,310.86,7.63,D,0
18.23502,80.78323,337.46,0.49,0.49,2025-03-16,815,N20,VIIRS,l,2,310.47,7.09,D,0
18.23545,80.787,347.11,0.49,0.49,2025-03-16,815,N20,VIIRS,n,2,315.28,14.96,D,0
18.23595,80.79134,342.33,0.49,0.49,2025-03-16,815,N20,VIIRS,n,2,308.71,14.96,D,0
18.23645,80.142,343.13,0.45,0.47,2025-03-16,815,N20,VIIRS,n,2,310.62,3.39,D,0
18.2379,80.14129,354.23,0.45,0.47,2025-03-16,815,N20,VIIRS,n,2,311.3,9.74,D,0
18.23946,80.78243,335.65,0.49,0.49,2025-03-16,815,N20,VIIRS,l,2,306.5,4.17,D,0
18.24023,80.13715,335.7,0.45,0.47,2025-03-16,815,N20,VIIRS,l,2,310.27,6.63,D,0
18.24042,80.75171,334.57,0.49,0.48,2025-03-16,815,N20,VIIRS,l,2,309.56,5.37,D,0
18.24073,80.14141,342.46,0.45,0.47,2025-03-16,815,N20,VIIRS,n,2,309.85,3.39,D,0
18.24355,80.25748,339.07,0.45,0.47,2025-03-16,815,N20,VIIRS,l,2,309.37,2.4,D,0
18.24604,80.34946,342.21,0.46,0.47,2025-03-16,815,N20,VIIRS,n,2,309.89,3.92,D,0
18.24644,80.76447,344.13,0.49,0.49,2025-03-16,815,N20,VIIRS,n,2,308.87,4.71,D,0
18.24787,80.25692,338.35,0.45,0.47,2025-03-16,815,N20,VIIRS,l,2,309.21,2.36,D,0
18.25018,80.68076,341.81,0.48,0.48,2025-03-16,815,N20,VIIRS,n,2,309.96,3.78,D,0
18.25185,80.77193,337.42,0.49,0.49,2025-03-16,815,N20,VIIRS,l,2,307.79,5.67,D,0
18.25196,80.39794,344.33,0.46,0.47,2025-03-16,815,N20,VIIRS,n,2,312.81,6.9,D,0
18.25318,80.78329,341.14,0.49,0.49,2025-03-16,815,N20,VIIRS,n,2,310.16,5.82,D,0
18.25587,80.7675,335.11,0.49,0.49,2025-03-16,815,N20,VIIRS,l,2,308.3,2.93,D,0
18.25589,80.28628,342.01,0.46,0.47,2025-03-16,815,N20,VIIRS,n,2,311.09,3.47,D,0
18.25633,80.77147,335.7,0.49,0.49,2025-03-16,815,N20,VIIRS,l,2,307.96,2.93,D,0
18.25686,80.4018,346.62,0.46,0.47,2025-03-16,815,N20,VIIRS,n,2,307.47,8.25,D,0
18.2572,80.28236,342.05,0.46,0.47,2025-03-16,815,N20,VIIRS,n,2,311.73,4.37,D,0
18.25771,80.28673,343.48,0.46,0.47,2025-03-16,815,N20,VIIRS,n,2,310.92,5.66,D,0
18.25903,80.41949,337.86,0.47,0.47,2025-03-16,815,N20,VIIRS,l,2,309.88,4.38,D,0
18.2602,80.65132,338.14,0.48,0.48,2025-03-16,815,N20,VIIRS,l,2,312.74,7.92,D,0
18.26022,80.28573,344.4,0.46,0.47,2025-03-16,815,N20,VIIRS,n,2,311.14,5.38,D,0
18.26157,81.49651,342.72,0.55,0.51,2025-03-16,815,N20,VIIRS,n,2,311.98,10.74,D,0
18.26204,80.28617,345.57,0.46,0.47,2025-03-16,815,N20,VIIRS,n,2,309.99,5.88,D,0
18.26357,80.64182,349.88,0.48,0.48,2025-03-16,815,N20,VIIRS,n,2,312.04,7.56,D,0
18.26411,80.64639,355.81,0.48,0.48,2025-03-16,815,N20,VIIRS,n,2,312.71,7.92,D,0
18.26455,80.28518,351.2,0.46,0.47,2025-03-16,815,N20,VIIRS,n,2,308.9,5.38,D,0
18.26465,80.65086,343.74,0.48,0.48,2025-03-16,815,N20,VIIRS,n,2,311.25,7.92,D,0
18.26511,80.31246,340.93,0.46,0.47,2025-03-16,815,N20,VIIRS,n,2,312.42,4.13,D,0
18.26693,80.06924,345.82,0.44,0.46,2025-03-16,815,N20,VIIRS,n,2,312.19,5.74,D,0
18.2672,80.18108,352.8,0.45,0.47,2025-03-16,815,N20,VIIRS,n,2,310.96,7.84,D,0
18.27263,80.00883,341.28,0.44,0.46,2025-03-16,815,N20,VIIRS,n,2,312.2,2.99,D,0
18.27312,80.01293,338.96,0.44,0.46,2025-03-16,815,N20,VIIRS,n,2,311.79,2.99,D,0
18.28105,80.78845,333.86,0.49,0.49,2025-03-16,815,N20,VIIRS,l,2,307.3,3.04,D,0
18.28115,80.26189,348.06,0.46,0.47,2025-03-16,815,N20,VIIRS,n,2,311.76,7.52,D,0
18.28497,80.25708,346.88,0.46,0.47,2025-03-16,815,N20,VIIRS,n,2,312.31,8.81,D,0
18.28548,80.26137,367.0,0.46,0.47,2025-03-16,815,N20,VIIRS,h,2,312.91,8.81,D,0
18.28759,80.16902,352.59,0.45,0.47,2025-03-16,815,N20,VIIRS,n,2,312.77,9.2,D,0
18.28806,78.02689,338.5,0.51,0.41,2025-03-16,815,N20,VIIRS,l,2,313.45,5.38,D,0
18.28971,80.18665,342.9,0.45,0.47,2025-03-16,815,N20,VIIRS,n,2,311.14,5.3,D,0
18.28989,80.15179,345.96,0.45,0.47,2025-03-16,815,N20,VIIRS,n,2,311.18,3.62,D,0
18.29191,80.16858,348.0,0.45,0.47,2025-03-16,815,N20,VIIRS,n,2,311.88,4.81,D,0
18.29248,80.35786,336.16,0.46,0.47,2025-03-16,815,N20,VIIRS,l,2,309.78,4.01,D,0
18.29423,80.33526,342.58,0.46,0.47,2025-03-16,815,N20,VIIRS,n,2,310.46,5.59,D,0
18.29571,80.16393,348.63,0.45,0.47,2025-03-16,815,N20,VIIRS,n,2,314.45,9.84,D,0
18.29622,80.16816,342.76,0.45,0.47,2025-03-16,815,N20,VIIRS,n,2,311.3,4.81,D,0
18.29735,80.36174,335.25,0.46,0.47,2025-03-16,815,N20,VIIRS,l,2,308.67,5.31,D,0
18.30096,78.03201,347.15,0.51,0.41,2025-03-16,815,N20,VIIRS,n,2,313.95,7.99,D,0
18.30125,80.24644,342.66,0.45,0.47,2025-03-16,815,N20,VIIRS,n,2,311.56,2.89,D,0
18.30241,80.32986,337.38,0.46,0.47,2025-03-16,815,N20,VIIRS,l,2,309.63,2.6,D,0
18.30278,80.15029,347.54,0.45,0.47,2025-03-16,815,N20,VIIRS,n,2,312.52,6.35,D,0
18.30696,80.18478,353.12,0.45,0.47,2025-03-16,815,N20,VIIRS,n,2,312.04,6.11,D,0
18.30749,80.18913,342.1,0.45,0.47,2025-03-16,815,N20,VIIRS,n,2,311.41,6.11,D,0
18.30847,80.6095,338.99,0.48,0.48,2025-03-16,815,N20,VIIRS,l,2,309.29,5.01,D,0
18.30862,80.16246,338.45,0.45,0.47,2025-03-16,815,N20,VIIRS,l,2,310.49,5.51,D,0
18.30897,80.61383,339.7,0.48,0.48,2025-03-16,815,N20,VIIRS,n,2,309.68,2.98,D,0
18.31035,80.14079,340.98,0.45,0.47,2025-03-16,815,N20,VIIRS,n,2,310.4,5.29,D,0
18.31087,80.14502,342.65,0.45,0.47,2025-03-16,815,N20,VIIRS,n,2,311.12,5.29,D,0
18.31163,80.33318,334.9,0.46,0.47,2025-03-16,815,N20,VIIRS,l,2,308.71,1.4,D,0
18.31695,80.08804,352.23,0.44,0.46,2025-03-16,815,N20,VIIRS,n,2,313.07,6.6,D,0
18.32612,80.38046,335.81,0.46,0.47,2025-03-16,815,N20,VIIRS,l,2,309.01,5.34,D,0
18.32744,80.17351,336.48,0.45,0.47,2025-03-16,815,N20,VIIRS,l,2,310.65,2.48,D,0
18.32911,80.15156,345.66,0.45,0.47,2025-03-16,815,N20,VIIRS,n,2,312.03,4.86,D,0
18.34064,77.81077,347.18,0.49,0.41,2025-03-16,815,N20,VIIRS,n,2,316.43,12.16,D,0
18.34284,81.47884,342.99,0.55,0.51,2025-03-16,815,N20,VIIRS,n,2,311.16,6.36,D,0
18.34431,80.31152,335.09,0.46,0.47,2025-03-16,815,N20,VIIRS,l,2,306.75,1.35,D,0
18.34441,80.27628,343.1,0.46,0.47,2025-03-16,815,N20,VIIRS,n,2,307.29,5.26,D,0
18.3455,80.89229,339.66,0.5,0.49,2025-03-16,815,N20,VIIRS,n,2,308.71,5.14,D,0
18.34604,80.897,335.61,0.5,0.49,2025-03-16,815,N20,VIIRS,l,2,309.25,5.14,D,0
18.34647,80.78168,338.87,0.49,0.49,2025-03-16,815,N20,VIIRS,l,2,308.97,2.55,D,0
18.34889,80.68588,337.75,0.49,0.48,2025-03-16,815,N20,VIIRS,l,2,310.75,3.51,D,0
18.35101,80.70391,338.09,0.49,0.48,2025-03-16,815,N20,VIIRS,n,2,307.67,4.88,D,0
18.35196,77.33852,350.58,0.47,0.4,2025-03-16,815,N20,VIIRS,n,2,317.89,13.15,D,0
18.35501,77.33364,346.15,0.47,0.4,2025-03-16,815,N20,VIIRS,l,2,319.56,15.51,D,0
18.35547,80.70338,355.55,0.49,0.48,2025-03-16,815,N20,VIIRS,n,2,310.57,13.11,D,0
18.35794,80.72446,351.51,0.49,0.48,2025-03-16,815,N20,VIIRS,n,2,308.07,6.34,D,0
18.35797,81.44501,340.05,0.54,0.51,2025-03-16,815,N20,VIIRS,n,2,308.97,4.29,D,0
18.35851,80.88598,334.6,0.5,0.49,2025-03-16,815,N20,VIIRS,l,2,308.63,5.2,D,0
18.36053,80.33598,344.66,0.46,0.47,2025-03-16,815,N20,VIIRS,n,2,307.54,3.97,D,0
18.36146,80.71591,346.16,0.49,0.48,2025-03-16,815,N20,VIIRS,n,2,312.3,9.66,D,0
18.36239,80.72379,349.09,0.49,0.48,2025-03-16,815,N20,VIIRS,n,2,307.71,6.34,D,0
18.3628,80.72736,346.54,0.49,0.49,2025-03-16,815,N20,VIIRS,n,2,305.69,6.34,D,0
18.36303,80.88541,349.54,0.5,0.49,2025-03-16,815,N20,VIIRS,n,2,309.65,5.2,D,0
18.36541,80.71101,345.32,0.49,0.48,2025-03-16,815,N20,VIIRS,n,2,311.73,7.65,D,0
18.36561,81.10989,337.04,0.52,0.5,2025-03-16,815,N20,VIIRS,l,2,309.98,2.21,D,0
18.36582,81.11305,341.03,0.52,0.5,2025-03-16,815,N20,VIIRS,n,2,309.83,2.53,D,0
18.36607,80.56506,335.4,0.48,0.48,2025-03-16,815,N20,VIIRS,l,2,310.19,3.86,D,0
18.3712,78.52434,342.8,0.54,0.42,2025-03-16,815,N20,VIIRS,l,2,313.19,7.51,D,0
18.37177,80.19392,337.6,0.45,0.47,2025-03-16,815,N20,VIIRS,l,2,311.93,3.24,D,0
18.37178,78.04582,340.25,0.51,0.41,2025-03-16,815,N20,VIIRS,l,2,312.2,5.92,D,0
18.37185,78.52948,337.5,0.54,0.42,2025-03-16,815,N20,VIIRS,l,2,311.11,7.51,D,0
18.37465,80.343,345.86,0.46,0.47,2025-03-16,815,N20,VIIRS,n,2,307.25,6.49,D,0
18.37603,80.34311,347.04,0.46,0.47,2025-03-16,815,N20,VIIRS,n,2,307.22,5.27,D,0
18.37711,80.88837,338.35,0.5,0.49,2025-03-16,815,N20,VIIRS,n,2,307.66,3.91,D,0
18.38066,80.39166,344.82,0.47,0.47,2025-03-16,815,N20,VIIRS,n,2,312.38,7.46,D,0
18.38117,80.38743,336.21,0.47,0.47,2025-03-16,815,N20,VIIRS,l,2,310.1,7.1,D,0
18.38476,78.53801,340.77,0.54,0.42,2025-03-16,815,N20,VIIRS,l,2,311.44,8.34,D,0
18.3854,78.54311,337.88,0.54,0.42,2025-03-16,815,N20,VIIRS,l,2,312.29,8.69,D,0
18.38541,77.15065,346.46,0.46,0.39,2025-03-16,815,N20,VIIRS,l,2,318.83,9.2,D,0
18.38738,77.96146,342.76,0.5,0.41,2025-03-16,815,N20,VIIRS,n,2,312.97,7.86,D,0
18.39113,77.96095,343.75,0.5,0.41,2025-03-16,815,N20,VIIRS,l,2,315.91,11.89,D,0
18.39159,77.95779,344.39,0.5,0.41,2025-03-16,815,N20,VIIRS,n,2,314.22,10.23,D,0
18.39482,80.20371,335.94,0.45,0.47,2025-03-16,815,N20,VIIRS,l,2,310.61,2.88,D,0
18.39521,80.77097,335.63,0.49,0.49,2025-03-16,815,N20,VIIRS,l,2,307.32,3.62,D,0
18.40191,80.18975,335.66,0.45,0.47,2025-03-16,815,N20,VIIRS,l,2,309.45,3.84,D,0
18.40316,78.02216,347.28,0.51,0.41,2025-03-16,815,N20,VIIRS,n,2,314.14,9.51,D,0
18.40384,78.02379,341.66,0.51,0.41,2025-03-16,815,N20,VIIRS,l,2,314.76,11.75,D,0
18.40645,80.78886,336.66,0.49,0.49,2025-03-16,815,N20,VIIRS,n,2,306.44,4.52,D,0
18.40943,79.96565,351.39,0.44,0.46,2025-03-16,815,N20,VIIRS,n,2,311.61,6.22,D,0
18.4117,80.61327,344.23,0.48,0.48,2025-03-16,815,N20,VIIRS,n,2,309.28,5.96,D,0
18.41225,80.61261,344.08,0.48,0.48,2025-03-16,815,N20,VIIRS,n,2,309.58,5.72,D,0
18.41381,80.1795,349.38,0.45,0.47,2025-03-16,815,N20,VIIRS,n,2,313.25,17.43,D,0
18.41491,80.89803,334.88,0.5,0.49,2025-03-16,815,N20,VIIRS,l,2,308.93,2.53,D,0
18.41811,80.17892,342.7,0.45,0.47,2025-03-16,815,N20,VIIRS,n,2,310.62,7.09,D,0
18.42164,80.62148,336.83,0.48,0.48,2025-03-16,815,N20,VIIRS,l,2,309.01,2.55,D,0
18.42217,80.62609,343.59,0.48,0.48,2025-03-16,815,N20,VIIRS,n,2,309.18,4.87,D,0
18.42225,78.55324,340.57,0.54,0.42,2025-03-16,815,N20,VIIRS,l,2,312.61,7.12,D,0
18.42675,80.88208,339.53,0.5,0.49,2025-03-16,815,N20,VIIRS,n,2,308.23,3.77,D,0
18.42872,80.88279,333.14,0.5,0.49,2025-03-16,815,N20,VIIRS,l,2,307.03,2.0,D,0
18.43181,80.11226,346.23,0.45,0.47,2025-03-16,815,N20,VIIRS,n,2,309.25,5.41,D,0
18.44176,80.19336,336.23,0.45,0.47,2025-03-16,815,N20,VIIRS,n,2,309.8,7.71,D,0
18.44229,80.19769,343.09,0.45,0.47,2025-03-16,815,N20,VIIRS,n,2,309.6,7.71,D,0
18.44277,78.49831,339.62,0.54,0.42,2025-03-16,815,N20,VIIRS,l,2,313.12,2.72,D,0
18.44493,80.21931,340.87,0.45,0.47,2025-03-16,815,N20,VIIRS,n,2,310.06,5.57,D,0
18.44665,78.4978,338.32,0.54,0.42,2025-03-16,815,N20,VIIRS,l,2,311.67,5.9,D,0
18.45669,80.15286,349.35,0.45,0.47,2025-03-16,815,N20,VIIRS,n,2,310.18,7.97,D,0
18.45703,78.51691,341.26,0.54,0.42,2025-03-16,815,N20,VIIRS,l,2,314.5,6.96,D,0
18.45718,80.15712,341.01,0.45,0.47,2025-03-16,815,N20,VIIRS,n,2,307.23,2.8,D,0
18.4577,78.52197,339.82,0.54,0.42,2025-03-16,815,N20,VIIRS,l,2,314.71,4.37,D,0
18.45784,80.25292,339.69,0.46,0.47,2025-03-16,815,N20,VIIRS,n,2,309.45,4.42,D,0
18.45787,80.20068,343.84,0.45,0.47,2025-03-16,815,N20,VIIRS,n,2,310.17,7.08,D,0
18.45837,80.20497,340.43,0.45,0.47,2025-03-16,815,N20,VIIRS,n,2,310.39,7.08,D,0
18.45854,80.15205,347.63,0.45,0.47,2025-03-16,815,N20,VIIRS,n,2,310.25,8.13,D,0
18.45907,80.15628,347.93,0.45,0.47,2025-03-16,815,N20,VIIRS,n,2,310.17,9.34,D,0
18.4595,80.9519,340.78,0.51,0.49,2025-03-16,815,N20,VIIRS,n,2,308.79,4.16,D,0
18.4606,80.20403,354.71,0.45,0.47,2025-03-16,815,N20,VIIRS,n,2,312.54,20.05,D,0
18.46149,80.15656,342.13,0.45,0.47,2025-03-16,815,N20,VIIRS,n,2,308.42,3.03,D,0
18.46156,78.52134,339.21,0.54,0.42,2025-03-16,815,N20,VIIRS,l,2,313.52,4.37,D,0
18.46269,80.20442,342.51,0.45,0.47,2025-03-16,815,N20,VIIRS,n,2,310.66,7.08,D,0
18.46653,80.50727,338.19,0.47,0.48,2025-03-16,815,N20,VIIRS,l,2,310.39,3.14,D,0
18.46663,78.62067,344.07,0.55,0.42,2025-03-16,815,N20,VIIRS,n,2,313.08,13.52,D,0
18.46847,78.45406,337.7,0.54,0.42,2025-03-16,815,N20,VIIRS,l,2,311.28,4.03,D,0
18.47136,80.25554,336.78,0.46,0.47,2025-03-16,815,N20,VIIRS,l,2,307.39,2.35,D,0
18.4719,80.2599,338.84,0.46,0.47,2025-03-16,815,N20,VIIRS,n,2,306.25,5.75,D,0
18.47298,80.26866,334.24,0.46,0.47,2025-03-16,815,N20,VIIRS,l,2,306.54,3.26,D,0
18.47308,80.25603,341.85,0.46,0.47,2025-03-16,815,N20,VIIRS,n,2,307.01,3.31,D,0
18.47313,79.68115,338.49,0.42,0.45,2025-03-16,815,N20,VIIRS,n,2,309.26,3.23,D,0
18.47359,80.26041,334.12,0.46,0.47,2025-03-16,815,N20,VIIRS,l,2,306.11,3.81,D,0
18.47461,80.26918,332.54,0.46,0.47,2025-03-16,815,N20,VIIRS,l,2,305.76,2.39,D,0
18.47653,80.9399,337.1,0.51,0.49,2025-03-16,815,N20,VIIRS,l,2,309.45,2.34,D,0
18.47747,81.43032,339.99,0.54,0.51,2025-03-16,815,N20,VIIRS,n,2,308.32,2.9,D,0
18.48252,80.79427,335.28,0.5,0.49,2025-03-16,815,N20,VIIRS,n,2,307.28,3.22,D,0
18.48379,80.19746,346.87,0.45,0.47,2025-03-16,815,N20,VIIRS,n,2,311.84,7.91,D,0
18.48727,80.95319,339.44,0.51,0.49,2025-03-16,815,N20,VIIRS,l,2,309.88,4.51,D,0
18.48816,80.72643,344.55,0.49,0.49,2025-03-16,815,N20,VIIRS,n,2,309.19,5.49,D,0
18.48945,78.20933,351.03,0.52,0.41,2025-03-16,815,N20,VIIRS,n,2,314.02,10.06,D,0
18.49142,78.62795,341.2,0.55,0.43,2025-03-16,815,N20,VIIRS,l,2,312.44,8.05,D,0
18.49211,78.63036,347.14,0.55,0.43,2025-03-16,815,N20,VIIRS,n,2,314.01,9.26,D,0
18.49244,80.19644,339.4,0.45,0.47,2025-03-16,815,N20,VIIRS,l,2,309.95,3.18,D,0
18.49601,78.62976,346.14,0.55,0.43,2025-03-16,815,N20,VIIRS,n,2,311.28,9.26,D,0
18.50054,78.47753,345.35,0.54,0.42,2025-03-16,815,N20,VIIRS,n,2,310.56,8.08,D,0
18.50148,78.18269,347.82,0.52,0.41,2025-03-16,815,N20,VIIRS,n,2,314.61,6.8,D,0
18.50212,78.18763,349.05,0.52,0.41,2025-03-16,815,N20,VIIRS,n,2,313.55,6.8,D,0
18.50299,77.92513,339.77,0.5,0.41,2025-03-16,815,N20,VIIRS,l,2,314.37,7.49,D,0
18.50416,80.22131,340.49,0.46,0.47,2025-03-16,815,N20,VIIRS,l,2,310.89,6.48,D,0
18.51193,80.28675,335.73,0.46,0.47,2025-03-16,815,N20,VIIRS,l,2,306.15,2.51,D,0
18.5137,80.7124,334.08,0.49,0.49,2025-03-16,815,N20,VIIRS,l,2,307.59,3.02,D,0
18.51449,80.98894,336.25,0.51,0.49,2025-03-16,815,N20,VIIRS,l,2,308.45,3.81,D,0
18.51488,81.07195,333.44,0.52,0.5,2025-03-16,815,N20,VIIRS,l,2,304.85,3.81,D,0
18.5161,80.70875,337.2,0.49,0.49,2025-03-16,815,N20,VIIRS,l,2,309.55,4.76,D,0
18.51761,80.70725,341.09,0.49,0.49,2025-03-16,815,N20,VIIRS,n,2,310.24,3.59,D,0
18.51822,80.71228,334.46,0.49,0.49,2025-03-16,815,N20,VIIRS,n,2,307.16,3.59,D,0
18.51955,80.69921,340.25,0.49,0.49,2025-03-16,815,N20,VIIRS,l,2,311.08,9.01,D,0
18.52059,80.70837,343.26,0.49,0.49,2025-03-16,815,N20,VIIRS,n,2,308.4,4.76,D,0
18.52075,80.84725,333.07,0.5,0.49,2025-03-16,815,N20,VIIRS,l,2,306.89,2.88,D,0
18.52102,80.69791,342.66,0.49,0.48,2025-03-16,815,N20,VIIRS,n,2,311.35,5.8,D,0
18.52152,80.70208,344.89,0.49,0.49,2025-03-16,815,N20,VIIRS,n,2,309.64,5.8,D,0
18.5221,80.70685,341.57,0.49,0.49,2025-03-16,815,N20,VIIRS,n,2,308.8,3.59,D,0
18.54101,80.82547,344.91,0.5,0.49,2025-03-16,815,N20,VIIRS,n,2,307.08,5.51,D,0
18.54256,80.82188,339.4,0.5,0.49,2025-03-16,815,N20,VIIRS,n,2,306.59,5.99,D,0
18.5431,80.82663,342.13,0.5,0.49,2025-03-16,815,N20,VIIRS,n,2,306.46,5.99,D,0
18.54343,80.74951,331.43,0.49,0.49,2025-03-16,815,N20,VIIRS,l,2,306.0,1.49,D,0
18.54452,80.8926,342.7,0.5,0.49,2025-03-16,815,N20,VIIRS,n,2,310.12,5.22,D,0
18.54537,80.92801,333.63,0.51,0.49,2025-03-16,815,N20,VIIRS,l,2,307.94,3.2,D,0
18.54551,80.82491,334.87,0.5,0.49,2025-03-16,815,N20,VIIRS,n,2,306.59,5.51,D,0
18.54613,80.89389,340.95,0.5,0.49,2025-03-16,815,N20,VIIRS,n,2,309.41,7.09,D,0
18.54967,80.96634,333.61,0.51,0.49,2025-03-16,815,N20,VIIRS,l,2,308.07,3.38,D,0
18.55182,80.74339,332.16,0.49,0.49,2025-03-16,815,N20,VIIRS,n,2,305.77,2.05,D,0
18.55494,81.05718,344.5,0.52,0.5,2025-03-16,815,N20,VIIRS,n,2,307.58,8.39,D,0
18.55537,81.05883,341.86,0.52,0.5,2025-03-16,815,N20,VIIRS,n,2,306.3,10.06,D,0
18.56464,80.2487,330.5,0.46,0.47,2025-03-16,815,N20,VIIRS,l,2,304.86,2.63,D,0
18.58176,80.30565,340.53,0.46,0.47,2025-03-16,815,N20,VIIRS,n,2,306.86,2.39,D,0
18.58786,80.70192,343.97,0.49,0.49,2025-03-16,815,N20,VIIRS,n,2,312.61,4.35,D,0
18.60682,80.21828,349.61,0.46,0.47,2025-03-16,815,N20,VIIRS,n,2,308.78,8.6,D,0
18.61745,80.75974,334.97,0.49,0.49,2025-03-16,815,N20,VIIRS,l,2,307.65,3.27,D,0
18.61808,80.23907,337.98,0.46,0.47,2025-03-16,815,N20,VIIRS,n,2,308.4,3.04,D,0
18.62803,80.69634,332.88,0.49,0.49,2025-03-16,815,N20,VIIRS,l,2,305.83,2.8,D,0
18.62827,80.36268,339.36,0.47,0.48,2025-03-16,815,N20,VIIRS,n,2,309.81,3.82,D,0
18.63264,80.36207,345.09,0.47,0.48,2025-03-16,815,N20,VIIRS,n,2,310.92,3.82,D,0
18.63508,80.1973,333.5,0.46,0.47,2025-03-16,815,N20,VIIRS,l,2,306.85,4.74,D,0
18.63647,80.5089,355.95,0.48,0.48,2025-03-16,815,N20,VIIRS,n,2,311.84,15.46,D,0
18.637,80.3614,341.2,0.47,0.48,2025-03-16,815,N20,VIIRS,n,2,311.52,4.1,D,0
18.63822,78.65002,338.9,0.55,0.43,2025-03-16,815,N20,VIIRS,l,2,309.98,7.24,D,0
18.63941,80.19675,347.48,0.46,0.47,2025-03-16,815,N20,VIIRS,n,2,308.56,4.74,D,0
18.64215,78.64951,348.75,0.55,0.43,2025-03-16,815,N20,VIIRS,n,2,311.79,18.42,D,0
18.64986,80.39486,336.54,0.47,0.48,2025-03-16,815,N20,VIIRS,l,2,311.39,3.89,D,0
18.65388,80.58125,343.34,0.48,0.48,2025-03-16,815,N20,VIIRS,n,2,310.38,3.59,D,0
18.65611,80.63914,340.85,0.49,0.48,2025-03-16,815,N20,VIIRS,l,2,315.67,10.9,D,0
18.65664,80.64376,343.44,0.49,0.48,2025-03-16,815,N20,VIIRS,n,2,312.15,10.9,D,0
18.66327,80.17628,334.54,0.45,0.47,2025-03-16,815,N20,VIIRS,l,2,308.84,3.01,D,0
18.66359,78.59926,342.38,0.55,0.43,2025-03-16,815,N20,VIIRS,n,2,309.96,5.68,D,0
18.66418,80.36586,344.19,0.47,0.48,2025-03-16,815,N20,VIIRS,n,2,312.02,7.88,D,0
18.66494,80.33524,336.54,0.47,0.47,2025-03-16,815,N20,VIIRS,n,2,308.13,1.88,D,0
18.6652,80.52443,342.79,0.48,0.48,2025-03-16,815,N20,VIIRS,n,2,311.44,5.56,D,0
18.66751,78.59882,333.67,0.55,0.43,2025-03-16,815,N20,VIIRS,l,2,308.49,4.19,D,0
18.66802,80.36088,341.71,0.47,0.48,2025-03-16,815,N20,VIIRS,n,2,312.23,7.88,D,0
18.66855,80.3653,367.0,0.47,0.48,2025-03-16,815,N20,VIIRS,h,2,311.63,7.88,D,0
18.66909,80.36977,342.86,0.47,0.48,2025-03-16,815,N20,VIIRS,n,2,309.63,6.63,D,0
18.672,80.46849,340.94,0.47,0.48,2025-03-16,815,N20,VIIRS,n,2,308.93,7.23,D,0
18.67253,80.47295,355.85,0.48,0.48,2025-03-16,815,N20,VIIRS,n,2,309.57,7.23,D,0
18.67447,80.64149,336.22,0.49,0.48,2025-03-16,815,N20,VIIRS,l,2,308.8,2.86,D,0
18.67641,80.46792,349.96,0.47,0.48,2025-03-16,815,N20,VIIRS,n,2,311.7,11.64,D,0
18.67693,80.47227,353.13,0.48,0.48,2025-03-16,815,N20,VIIRS,n,2,312.34,11.64,D,0
18.6775,80.13132,338.5,0.45,0.47,2025-03-16,815,N20,VIIRS,l,2,312.69,5.89,D,0
18.6835,80.60302,335.82,0.48,0.48,2025-03-16,815,N20,VIIRS,l,2,308.72,3.83,D,0
18.68463,80.57455,344.06,0.48,0.48,2025-03-16,815,N20,VIIRS,n,2,311.17,3.93,D,0
18.68908,80.57407,350.44,0.48,0.48,2025-03-16,815,N20,VIIRS,n,2,310.51,7.94,D,0
18.70177,80.64272,337.23,0.49,0.48,2025-03-16,815,N20,VIIRS,l,2,308.62,4.73,D,0
18.70391,80.69897,339.49,0.49,0.49,2025-03-16,815,N20,VIIRS,n,2,307.91,3.31,D,0
18.70519,80.52087,344.33,0.48,0.48,2025-03-16,815,N20,VIIRS,n,2,309.1,6.88,D,0
18.70669,80.26849,337.36,0.46,0.47,2025-03-16,815,N20,VIIRS,l,2,309.22,2.65,D,0
18.70893,80.70303,336.03,0.49,0.49,2025-03-16,815,N20,VIIRS,l,2,308.31,3.31,D,0
18.7106,80.71711,338.61,0.49,0.49,2025-03-16,815,N20,VIIRS,n,2,308.16,4.9,D,0
18.71602,80.80159,335.57,0.5,0.49,2025-03-16,815,N20,VIIRS,n,2,305.26,4.06,D,0
18.71731,80.73529,344.31,0.49,0.49,2025-03-16,815,N20,VIIRS,n,2,310.49,6.05,D,0
18.71953,80.3026,338.43,0.46,0.47,2025-03-16,815,N20,VIIRS,l,2,309.44,3.71,D,0
18.73392,80.54185,340.96,0.48,0.48,2025-03-16,815,N20,VIIRS,l,2,310.98,3.36,D,0
18.73592,80.29144,338.65,0.46,0.47,2025-03-16,815,N20,VIIRS,l,2,310.48,5.36,D,0
18.73807,79.94685,342.3,0.44,0.46,2025-03-16,815,N20,VIIRS,n,2,309.79,5.35,D,0
18.74081,80.97334,342.1,0.51,0.5,2025-03-16,815,N20,VIIRS,n,2,306.91,5.91,D,0
18.74332,80.54545,346.21,0.48,0.48,2025-03-16,815,N20,VIIRS,n,2,309.67,4.55,D,0
18.74492,80.55923,336.82,0.48,0.48,2025-03-16,815,N20,VIIRS,l,2,311.45,3.96,D,0
18.74928,80.73596,332.73,0.49,0.49,2025-03-16,815,N20,VIIRS,l,2,307.02,4.39,D,0
18.75116,80.7323,335.86,0.5,0.49,2025-03-16,815,N20,VIIRS,l,2,307.25,2.99,D,0
18.76338,80.8529,334.29,0.5,0.49,2025-03-16,815,N20,VIIRS,l,2,305.06,4.02,D,0
18.76443,80.8494,335.56,0.5,0.49,2025-03-16,815,N20,VIIRS,l,2,307.44,2.79,D,0
18.76552,80.85906,334.55,0.5,0.49,2025-03-16,815,N20,VIIRS,l,2,306.77,4.03,D,0
18.77699,80.9609,335.4,0.51,0.5,2025-03-16,815,N20,VIIRS,l,2,308.37,2.75,D,0
18.78428,80.98456,334.73,0.51,0.5,2025-03-16,815,N20,VIIRS,l,2,306.34,4.23,D,0
18.78461,80.90581,335.81,0.51,0.49,2025-03-16,815,N20,VIIRS,l,2,307.43,4.37,D,0
18.78778,80.50294,339.85,0.48,0.48,2025-03-16,815,N20,VIIRS,l,2,311.21,3.6,D,0
18.79214,80.85083,336.05,0.5,0.49,2025-03-16,815,N20,VIIRS,l,2,307.73,2.1,D,0
18.7991,80.75278,333.63,0.5,0.49,2025-03-16,815,N20,VIIRS,l,2,305.06,2.19,D,0
18.80118,80.69261,332.78,0.49,0.49,2025-03-16,815,N20,VIIRS,l,2,307.59,2.36,D,0
18.8051,80.68736,333.23,0.49,0.49,2025-03-16,815,N20,VIIRS,l,2,308.17,2.36,D,0
18.80981,80.26999,342.02,0.46,0.47,2025-03-16,815,N20,VIIRS,n,2,307.38,2.23,D,0
18.81136,80.20765,346.41,0.46,0.47,2025-03-16,815,N20,VIIRS,n,2,310.32,11.23,D,0
18.81288,80.37336,338.26,0.47,0.48,2025-03-16,815,N20,VIIRS,l,2,310.79,6.47,D,0
18.81857,80.34554,336.13,0.47,0.48,2025-03-16,815,N20,VIIRS,l,2,308.96,2.66,D,0
18.8218,80.56945,339.23,0.48,0.48,2025-03-16,815,N20,VIIRS,n,2,309.51,5.86,D,0
18.82253,80.56757,339.14,0.48,0.48,2025-03-16,815,N20,VIIRS,n,2,309.24,5.99,D,0
18.82283,80.19284,332.77,0.46,0.47,2025-03-16,815,N20,VIIRS,l,2,307.47,2.66,D,0
18.82305,80.57188,344.59,0.48,0.48,2025-03-16,815,N20,VIIRS,n,2,308.6,6.94,D,0
18.8233,80.84233,342.97,0.5,0.49,2025-03-16,815,N20,VIIRS,n,2,308.8,3.0,D,0
18.82468,80.69904,344.03,0.49,0.49,2025-03-16,815,N20,VIIRS,n,2,310.75,6.6,D,0
18.82524,80.70374,350.12,0.49,0.49,2025-03-16,815,N20,VIIRS,n,2,310.49,8.6,D,0
18.82622,80.56863,344.97,0.48,0.48,2025-03-16,815,N20,VIIRS,n,2,308.07,5.86,D,0
18.83182,80.23161,347.74,0.46,0.47,2025-03-16,815,N20,VIIRS,n,2,311.39,5.32,D,0
18.83294,80.76864,332.95,0.5,0.49,2025-03-16,815,N20,VIIRS,l,2,307.92,2.09,D,0
18.83382,80.67615,342.7,0.49,0.49,2025-03-16,815,N20,VIIRS,n,2,309.39,7.8,D,0
18.83463,80.82156,339.58,0.5,0.49,2025-03-16,815,N20,VIIRS,n,2,307.23,2.37,D,0
18.83588,80.6786,345.44,0.49,0.49,2025-03-16,815,N20,VIIRS,n,2,310.71,13.93,D,0
18.83617,80.23107,342.38,0.46,0.47,2025-03-16,815,N20,VIIRS,n,2,311.54,7.53,D,0
18.83619,80.12049,334.52,0.45,0.47,2025-03-16,815,N20,VIIRS,l,2,307.86,2.31,D,0
18.83645,80.68331,340.16,0.49,0.49,2025-03-16,815,N20,VIIRS,n,2,309.72,4.67,D,0
18.83689,80.80192,335.98,0.5,0.49,2025-03-16,815,N20,VIIRS,n,2,308.39,2.9,D,0
18.8372,80.23976,345.6,0.46,0.47,2025-03-16,815,N20,VIIRS,n,2,314.03,6.58,D,0
18.83772,80.24413,343.03,0.46,0.47,2025-03-16,815,N20,VIIRS,n,2,311.26,9.2,D,0
18.83829,80.67551,344.91,0.49,0.49,2025-03-16,815,N20,VIIRS,n,2,310.69,7.8,D,0
18.83936,80.68497,335.56,0.49,0.49,2025-03-16,815,N20,VIIRS,l,2,308.73,4.09,D,0
18.84051,80.11996,344.13,0.45,0.47,2025-03-16,815,N20,VIIRS,n,2,309.2,6.69,D,0
18.84104,80.23488,349.03,0.46,0.47,2025-03-16,815,N20,VIIRS,n,2,312.61,6.58,D,0
18.84155,80.23923,338.14,0.46,0.47,2025-03-16,815,N20,VIIRS,l,2,310.09,6.58,D,0
18.84241,80.61996,334.11,0.49,0.48,2025-03-16,815,N20,VIIRS,l,2,307.57,2.72,D,0
18.84429,80.76946,337.17,0.5,0.49,2025-03-16,815,N20,VIIRS,l,2,308.6,2.86,D,0
18.84577,80.62139,334.04,0.49,0.48,2025-03-16,815,N20,VIIRS,l,2,307.53,4.9,D,0
18.84704,80.7718,337.4,0.5,0.49,2025-03-16,815,N20,VIIRS,l,2,307.85,7.04,D,0
18.8471,80.88832,345.77,0.51,0.49,2025-03-16,815,N20,VIIRS,n,2,308.51,7.03,D,0
18.8488,80.76891,333.12,0.5,0.49,2025-03-16,815,N20,VIIRS,l,2,307.87,2.86,D,0
18.86298,80.86682,331.2,0.51,0.49,2025-03-16,815,N20,VIIRS,l,2,305.43,1.13,D,0
18.86405,80.86407,336.31,0.51,0.49,2025-03-16,815,N20,VIIRS,l,2,306.55,4.42,D,0
18.86522,80.75248,333.48,0.5,0.49,2025-03-16,815,N20,VIIRS,l,2,304.71,3.5,D,0
18.86629,80.76193,345.03,0.5,0.49,2025-03-16,815,N20,VIIRS,n,2,309.04,5.97,D,0
18.86935,80.21332,335.45,0.46,0.47,2025-03-16,815,N20,VIIRS,l,2,309.51,3.15,D,0
18.87045,80.37047,335.37,0.47,0.48,2025-03-16,815,N20,VIIRS,l,2,309.39,2.81,D,0
18.89153,80.25053,334.27,0.46,0.47,2025-03-16,815,N20,VIIRS,l,2,307.04,3.73,D,0
18.89321,80.22803,345.9,0.46,0.47,2025-03-16,815,N20,VIIRS,n,2,308.78,3.74,D,0
18.89335,80.56396,339.32,0.48,0.48,2025-03-16,815,N20,VIIRS,n,2,308.99,5.47,D,0
18.8939,80.56861,350.18,0.49,0.48,2025-03-16,815,N20,VIIRS,n,2,310.0,5.47,D,0
18.8968,80.36716,342.05,0.47,0.48,2025-03-16,815,N20,VIIRS,n,2,311.41,4.24,D,0
18.89756,80.22749,333.88,0.46,0.47,2025-03-16,815,N20,VIIRS,l,2,307.99,2.28,D,0
18.89872,80.64819,332.32,0.49,0.49,2025-03-16,815,N20,VIIRS,l,2,306.9,2.68,D,0
18.9003,80.21382,339.37,0.46,0.47,2025-03-16,815,N20,VIIRS,l,2,311.4,5.39,D,0
18.905,80.58611,340.91,0.49,0.48,2025-03-16,815,N20,VIIRS,n,2,308.45,3.63,D,0
18.92323,80.70197,331.57,0.5,0.49,2025-03-16,815,N20,VIIRS,l,2,305.08,4.33,D,0
18.92945,81.03323,340.62,0.52,0.5,2025-03-16,815,N20,VIIRS,n,2,305.42,5.43,D,0
18.94569,80.69923,340.02,0.5,0.49,2025-03-16,815,N20,VIIRS,n,2,307.57,4.65,D,0
18.95187,80.71275,333.98,0.5,0.49,2025-03-16,815,N20,VIIRS,l,2,307.63,2.41,D,0
18.96906,80.89538,344.1,0.51,0.49,2025-03-16,815,N20,VIIRS,n,2,309.82,3.69,D,0
18.9701,80.82674,338.01,0.5,0.49,2025-03-16,815,N20,VIIRS,l,2,308.05,3.36,D,0
18.97361,80.89487,339.53,0.51,0.49,2025-03-16,815,N20,VIIRS,n,2,308.22,3.69,D,0
18.97521,80.83103,336.34,0.51,0.49,2025-03-16,815,N20,VIIRS,n,2,308.4,2.5,D,0
18.99004,81.11285,333.21,0.53,0.5,2025-03-16,815,N20,VIIRS,l,2,307.98,2.5,D,0
18.71957,77.69633,341.56,0.49,0.4,2025-03-16,816,N20,VIIRS,n,2,314.72,6.03,D,0
18.89254,80.25013,338.49,0.46,0.47,2025-03-16,816,N20,VIIRS,n,2,307.49,3.57,D,0
18.89437,80.22758,346.99,0.46,0.47,2025-03-16,816,N20,VIIRS,n,2,308.53,5.24,D,0
18.8972,80.2139,336.78,0.46,0.47,2025-03-16,816,N20,VIIRS,l,2,311.33,2.72,D,0
18.90155,80.21333,337.24,0.46,0.47,2025-03-16,816,N20,VIIRS,l,2,310.41,2.72,D,0
18.90695,78.9128,339.43,0.38,0.43,2025-03-16,816,N20,VIIRS,l,2,309.47,5.4,D,0
18.90898,80.16356,338.83,0.46,0.47,2025-03-16,816,N20,VIIRS,l,2,310.63,3.2,D,0
18.92997,80.34413,333.32,0.47,0.48,2025-03-16,816,N20,VIIRS,l,2,307.8,2.09,D,0
18.93204,80.36198,335.51,0.47,0.48,2025-03-16,816,N20,VIIRS,l,2,308.42,4.03,D,0
18.93296,80.03313,333.74,0.45,0.47,2025-03-16,816,N20,VIIRS,l,2,307.86,2.07,D,0
18.93398,80.04161,333.68,0.45,0.47,2025-03-16,816,N20,VIIRS,l,2,307.51,2.89,D,0
18.93513,80.12444,343.73,0.46,0.47,2025-03-16,816,N20,VIIRS,n,2,311.73,3.39,D,0
18.93564,80.12878,336.67,0.46,0.47,2025-03-16,816,N20,VIIRS,l,2,311.37,3.39,D,0
18.93691,80.36557,339.29,0.47,0.48,2025-03-16,816,N20,VIIRS,n,2,308.95,6.0,D,0
18.93743,80.37,340.68,0.47,0.48,2025-03-16,816,N20,VIIRS,n,2,306.85,6.0,D,0
18.93828,80.0411,333.88,0.45,0.47,2025-03-16,816,N20,VIIRS,l,2,306.03,1.48,D,0
18.93879,80.04528,331.8,0.45,0.47,2025-03-16,816,N20,VIIRS,l,2,306.42,0.62,D,0
18.93944,80.12386,342.29,0.46,0.47,2025-03-16,816,N20,VIIRS,n,2,310.5,5.61,D,0
18.93964,80.19955,346.54,0.46,0.47,2025-03-16,816,N20,VIIRS,n,2,310.26,7.14,D,0
18.94642,80.33253,345.33,0.47,0.48,2025-03-16,816,N20,VIIRS,n,2,308.05,3.87,D,0
18.94826,77.20388,347.91,0.47,0.4,2025-03-16,816,N20,VIIRS,n,2,316.37,10.95,D,0
18.95031,80.32773,331.25,0.47,0.48,2025-03-16,816,N20,VIIRS,l,2,305.97,3.87,D,0
18.95403,80.71275,339.14,0.5,0.49,2025-03-16,816,N20,VIIRS,n,2,308.21,2.66,D,0
18.96325,80.67353,332.63,0.49,0.49,2025-03-16,816,N20,VIIRS,l,2,307.5,4.38,D,0
18.96379,80.67828,339.68,0.49,0.49,2025-03-16,816,N20,VIIRS,n,2,307.33,4.26,D,0
18.96828,80.67773,348.22,0.49,0.49,2025-03-16,816,N20,VIIRS,n,2,307.92,6.5,D,0
18.96991,80.8958,351.44,0.51,0.49,2025-03-16,816,N20,VIIRS,n,2,309.91,7.63,D,0
18.97618,80.66718,348.65,0.49,0.49,2025-03-16,816,N20,VIIRS,n,2,311.52,9.06,D,0
18.97651,80.83128,335.01,0.51,0.49,2025-03-16,816,N20,VIIRS,l,2,307.86,1.99,D,0
18.98249,78.85153,340.17,0.57,0.43,2025-03-16,816,N20,VIIRS,n,2,308.87,6.71,D,0
18.98604,80.71355,332.87,0.5,0.49,2025-03-16,816,N20,VIIRS,l,2,307.05,3.2,D,0
18.99745,80.2293,348.61,0.46,0.47,2025-03-16,816,N20,VIIRS,n,2,310.26,10.93,D,0
18.99799,80.04383,339.24,0.45,0.47,2025-03-16,816,N20,VIIRS,l,2,311.44,3.83,D,0
18.99854,80.08607,339.53,0.45,0.47,2025-03-16,816,N20,VIIRS,n,2,311.81,4.15,D,0
18.99902,80.09022,337.33,0.45,0.47,2025-03-16,816,N20,VIIRS,n,2,311.38,2.95,D,0
18.99949,80.09425,335.57,0.45,0.47,2025-03-16,816,N20,VIIRS,l,2,309.3,2.95,D,0
19.00041,80.22743,348.79,0.46,0.47,2025-03-16,816,N20,VIIRS,n,2,310.84,9.16,D,0
19.00426,80.09756,344.56,0.45,0.47,2025-03-16,816,N20,VIIRS,n,2,311.4,6.12,D,0
19.00701,80.65852,339.3,0.49,0.49,2025-03-16,816,N20,VIIRS,n,2,307.33,4.46,D,0
19.00909,80.10137,350.06,0.45,0.47,2025-03-16,816,N20,VIIRS,n,2,308.94,6.96,D,0
19.00961,80.10583,346.08,0.46,0.47,2025-03-16,816,N20,VIIRS,n,2,308.46,4.7,D,0
19.01395,80.10545,338.68,0.46,0.47,2025-03-16,816,N20,VIIRS,n,2,307.6,4.7,D,0
19.01396,80.79715,342.81,0.5,0.49,2025-03-16,816,N20,VIIRS,n,2,306.52,5.12,D,0
19.01514,80.76767,342.69,0.5,0.49,2025-03-16,816,N20,VIIRS,n,2,306.22,7.46,D,0
19.01683,80.98391,331.92,0.52,0.5,2025-03-16,816,N20,VIIRS,l,2,306.7,2.24,D,0
19.01832,80.10533,334.38,0.46,0.47,2025-03-16,816,N20,VIIRS,l,2,307.71,1.19,D,0
19.02078,80.77679,333.61,0.5,0.49,2025-03-16,816,N20,VIIRS,l,2,307.03,5.34,D,0
19.03367,80.0867,333.44,0.45,0.47,2025-03-16,816,N20,VIIRS,l,2,308.16,4.32,D,0
19.04031,79.21893,339.46,0.4,0.44,2025-03-16,816,N20,VIIRS,l,2,310.25,2.59,D,0
19.04437,79.21823,336.22,0.4,0.44,2025-03-16,816,N20,VIIRS,l,2,311.09,3.23,D,0
19.04667,79.2033,335.31,0.4,0.44,2025-03-16,816,N20,VIIRS,l,2,309.3,2.5,D,0
19.04795,80.69662,335.92,0.5,0.49,2025-03-16,816,N20,VIIRS,n,2,307.49,2.3,D,0
19.04798,79.21386,338.04,0.4,0.44,2025-03-16,816,N20,VIIRS,l,2,312.35,4.07,D,0
19.04844,79.21757,347.28,0.4,0.44,2025-03-16,816,N20,VIIRS,n,2,313.09,3.23,D,0
19.04862,80.36508,334.55,0.47,0.48,2025-03-16,816,N20,VIIRS,l,2,308.89,3.08,D,0
19.04914,80.36953,335.54,0.47,0.48,2025-03-16,816,N20,VIIRS,n,2,309.55,4.56,D,0
19.04967,80.37415,342.16,0.47,0.48,2025-03-16,816,N20,VIIRS,n,2,308.58,4.56,D,0
19.0525,79.21692,341.15,0.4,0.44,2025-03-16,816,N20,VIIRS,n,2,309.16,1.53,D,0
19.05408,80.37362,334.97,0.47,0.48,2025-03-16,816,N20,VIIRS,l,2,307.59,4.56,D,0
19.05678,78.61575,335.9,0.56,0.43,2025-03-16,816,N20,VIIRS,l,2,310.31,6.4,D,0
19.057,80.47647,340.96,0.48,0.48,2025-03-16,816,N20,VIIRS,n,2,308.75,5.59,D,0
19.05736,80.10146,335.99,0.46,0.47,2025-03-16,816,N20,VIIRS,l,2,307.86,2.09,D,0
19.05803,80.66658,335.51,0.49,0.49,2025-03-16,816,N20,VIIRS,l,2,308.01,3.49,D,0
19.05806,80.48569,335.36,0.48,0.48,2025-03-16,816,N20,VIIRS,l,2,309.08,4.51,D,0
19.06043,80.87989,335.17,0.51,0.49,2025-03-16,816,N20,VIIRS,l,2,308.13,5.03,D,0
19.06198,80.03082,340.46,0.45,0.47,2025-03-16,816,N20,VIIRS,n,2,308.52,4.2,D,0
19.06228,80.5224,334.59,0.48,0.48,2025-03-16,816,N20,VIIRS,l,2,306.6,4.43,D,0
19.06654,80.73758,331.38,0.5,0.49,2025-03-16,816,N20,VIIRS,l,2,306.01,1.89,D,0
19.06672,80.52181,347.64,0.48,0.48,2025-03-16,816,N20,VIIRS,n,2,308.73,6.92,D,0
19.06823,80.73476,339.5,0.5,0.49,2025-03-16,816,N20,VIIRS,n,2,306.33,4.45,D,0
19.07104,80.73695,331.24,0.5,0.49,2025-03-16,816,N20,VIIRS,l,2,305.07,1.89,D,0
19.07507,79.93488,336.12,0.44,0.46,2025-03-16,816,N20,VIIRS,l,2,307.22,1.96,D,0
19.07639,80.0774,342.87,0.45,0.47,2025-03-16,816,N20,VIIRS,n,2,310.24,4.16,D,0
19.07866,80.91688,340.07,0.51,0.5,2025-03-16,816,N20,VIIRS,n,2,307.34,4.08,D,0
19.07961,80.9193,341.63,0.51,0.5,2025-03-16,816,N20,VIIRS,n,2,307.11,3.83,D,0
19.07981,79.17036,344.14,0.4,0.44,2025-03-16,816,N20,VIIRS,n,2,310.87,6.97,D,0
19.08071,80.07686,350.05,0.45,0.47,2025-03-16,816,N20,VIIRS,n,2,310.52,4.16,D,0
19.08206,78.7535,343.59,0.57,0.43,2025-03-16,816,N20,VIIRS,n,2,310.3,5.81,D,0
19.08239,80.23663,343.82,0.46,0.47,2025-03-16,816,N20,VIIRS,n,2,310.6,3.66,D,0
19.08634,80.19582,342.5,0.46,0.47,2025-03-16,816,N20,VIIRS,n,2,310.28,6.11,D,0
19.08715,80.66025,333.14,0.49,0.49,2025-03-16,816,N20,VIIRS,l,2,307.25,4.73,D,0
19.09364,80.59821,332.18,0.49,0.49,2025-03-16,816,N20,VIIRS,l,2,306.72,3.52,D,0
19.09689,79.30566,346.47,0.41,0.45,2025-03-16,816,N20,VIIRS,n,2,310.25,3.15,D,0
19.09695,80.74593,333.97,0.5,0.49,2025-03-16,816,N20,VIIRS,n,2,306.52,1.89,D,0
19.09977,78.96143,344.31,0.39,0.44,2025-03-16,816,N20,VIIRS,l,2,316.8,9.4,D,0
19.10004,79.09765,348.56,0.4,0.44,2025-03-16,816,N20,VIIRS,n,2,312.04,6.31,D,0
19.10114,80.94627,330.27,0.52,0.5,2025-03-16,816,N20,VIIRS,l,2,304.99,1.7,D,0
19.1041,79.09709,349.85,0.4,0.44,2025-03-16,816,N20,VIIRS,n,2,312.49,4.48,D,0
19.10455,79.10082,334.69,0.4,0.44,2025-03-16,816,N20,VIIRS,l,2,309.68,4.48,D,0
19.1125,78.89964,343.21,0.39,0.44,2025-03-16,816,N20,VIIRS,n,2,310.5,2.67,D,0
19.11345,80.07726,343.09,0.45,0.47,2025-03-16,816,N20,VIIRS,n,2,310.36,3.93,D,0
19.11473,77.56044,353.88,0.49,0.4,2025-03-16,816,N20,VIIRS,n,2,315.58,11.18,D,0
19.11778,80.0768,344.61,0.45,0.47,2025-03-16,816,N20,VIIRS,n,2,310.86,3.93,D,0
19.11829,80.08112,344.32,0.45,0.47,2025-03-16,816,N20,VIIRS,n,2,311.06,3.93,D,0
19.1206,80.06344,343.65,0.45,0.47,2025-03-16,816,N20,VIIRS,n,2,311.57,7.02,D,0
19.12071,80.71387,336.42,0.5,0.49,2025-03-16,816,N20,VIIRS,n,2,306.34,6.99,D,0
19.12085,80.17877,338.14,0.46,0.47,2025-03-16,816,N20,VIIRS,l,2,309.48,3.21,D,0
19.12111,80.06774,350.92,0.45,0.47,2025-03-16,816,N20,VIIRS,n,2,312.09,9.79,D,0
19.12262,80.08062,337.97,0.45,0.47,2025-03-16,816,N20,VIIRS,n,2,310.84,2.76,D,0
19.13504,80.8777,331.59,0.51,0.49,2025-03-16,816,N20,VIIRS,l,2,305.07,3.35,D,0
19.14192,78.90682,349.95,0.39,0.44,2025-03-16,816,N20,VIIRS,n,2,311.95,7.14,D,0
19.14691,79.99038,341.72,0.45,0.47,2025-03-16,816,N20,VIIRS,l,2,312.57,3.45,D,0
19.16285,80.3494,332.6,0.47,0.48,2025-03-16,816,N20,VIIRS,l,2,307.33,4.3,D,0
19.1633,80.71029,332.07,0.5,0.49,2025-03-16,816,N20,VIIRS,l,2,306.76,0.82,D,0
19.16724,80.3488,343.68,0.47,0.48,2025-03-16,816,N20,VIIRS,n,2,307.57,4.3,D,0
19.16777,80.35332,341.1,0.47,0.48,2025-03-16,816,N20,VIIRS,n,2,305.13,4.3,D,0
19.17183,78.83865,338.68,0.38,0.43,2025-03-16,816,N20,VIIRS,l,2,311.27,1.99,D,0
19.17395,78.56456,337.87,0.55,0.43,2025-03-16,816,N20,VIIRS,l,2,311.64,3.26,D,0
19.18442,80.30511,348.98,0.47,0.48,2025-03-16,816,N20,VIIRS,n,2,310.43,4.74,D,0
19.18479,79.45075,343.79,0.42,0.45,2025-03-16,816,N20,VIIRS,l,2,313.99,5.52,D,0
19.18881,80.30457,334.08,0.47,0.48,2025-03-16,816,N20,VIIRS,n,2,307.74,4.74,D,0
19.18893,79.4502,343.29,0.42,0.45,2025-03-16,816,N20,VIIRS,n,2,311.96,6.23,D,0
19.19017,78.53517,344.3,0.55,0.43,2025-03-16,816,N20,VIIRS,l,2,315.43,17.59,D,0
19.19726,80.41394,335.67,0.48,0.48,2025-03-16,816,N20,VIIRS,l,2,308.75,4.6,D,0
19.20422,79.13884,336.13,0.4,0.44,2025-03-16,816,N20,VIIRS,l,2,311.04,2.71,D,0
19.20509,80.67593,343.26,0.5,0.49,2025-03-16,816,N20,VIIRS,n,2,310.8,6.07,D,0
19.20564,80.68068,337.54,0.5,0.49,2025-03-16,816,N20,VIIRS,n,2,307.8,5.29,D,0
19.21334,79.27553,338.34,0.41,0.45,2025-03-16,816,N20,VIIRS,l,2,310.45,1.87,D,0
19.2162,77.45339,337.27,0.48,0.4,2025-03-16,816,N20,VIIRS,l,2,309.61,6.5,D,0
19.2164,79.27494,347.97,0.41,0.45,2025-03-16,816,N20,VIIRS,n,2,312.09,4.94,D,0
19.21773,78.12254,342.77,0.52,0.42,2025-03-16,816,N20,VIIRS,l,2,315.88,9.5,D,0
19.23629,78.17605,346.83,0.53,0.42,2025-03-16,816,N20,VIIRS,n,2,315.03,21.88,D,0
19.24153,78.53021,347.04,0.55,0.43,2025-03-16,816,N20,VIIRS,n,2,311.45,4.77,D,0
19.24235,80.26305,336.87,0.47,0.48,2025-03-16,816,N20,VIIRS,l,2,308.87,1.62,D,0
19.24284,78.47674,338.72,0.55,0.43,2025-03-16,816,N20,VIIRS,l,2,313.7,3.11,D,0
19.24665,78.66287,346.9,0.56,0.43,2025-03-16,816,N20,VIIRS,n,2,315.15,19.63,D,0
19.25706,80.27488,335.91,0.47,0.48,2025-03-16,816,N20,VIIRS,l,2,309.87,3.48,D,0
19.25986,80.26069,347.29,0.47,0.48,2025-03-16,816,N20,VIIRS,n,2,310.34,8.69,D,0
19.26138,78.24934,341.19,0.53,0.42,2025-03-16,816,N20,VIIRS,l,2,312.43,4.44,D,0
19.26677,80.20603,341.38,0.47,0.47,2025-03-16,816,N20,VIIRS,n,2,309.7,2.88,D,0
19.26904,79.29578,349.04,0.41,0.45,2025-03-16,816,N20,VIIRS,n,2,313.19,7.74,D,0
19.27167,79.81691,337.13,0.44,0.46,2025-03-16,816,N20,VIIRS,n,2,309.35,1.91,D,0
19.27236,79.81635,337.05,0.44,0.46,2025-03-16,816,N20,VIIRS,l,2,309.16,5.11,D,0
19.2759,79.81615,338.81,0.44,0.46,2025-03-16,816,N20,VIIRS,n,2,308.13,1.91,D,0
19.27659,79.81567,339.95,0.44,0.46,2025-03-16,816,N20,VIIRS,n,2,308.94,2.41,D,0
19.28014,79.81547,341.83,0.44,0.46,2025-03-16,816,N20,VIIRS,n,2,308.96,3.48,D,0
19.28084,79.81501,337.2,0.44,0.46,2025-03-16,816,N20,VIIRS,n,2,308.62,2.41,D,0
19.28353,80.2352,338.75,0.47,0.48,2025-03-16,816,N20,VIIRS,l,2,309.57,4.16,D,0
19.28449,78.71473,339.15,0.57,0.43,2025-03-16,816,N20,VIIRS,l,2,313.74,5.04,D,0
19.28559,77.49474,338.5,0.49,0.4,2025-03-16,816,N20,VIIRS,l,2,313.18,12.68,D,0
19.28684,80.22573,343.25,0.47,0.47,2025-03-16,816,N20,VIIRS,n,2,309.83,6.24,D,0
19.28792,78.12295,338.65,0.52,0.42,2025-03-16,816,N20,VIIRS,l,2,312.4,4.73,D,0
19.28864,79.81422,336.32,0.44,0.46,2025-03-16,816,N20,VIIRS,l,2,307.63,1.81,D,0
19.2955,80.1134,338.95,0.46,0.47,2025-03-16,816,N20,VIIRS,l,2,311.18,6.18,D,0
19.29603,80.11777,335.22,0.46,0.47,2025-03-16,816,N20,VIIRS,l,2,309.98,2.96,D,0
19.29706,81.11311,341.31,0.53,0.5,2025-03-16,816,N20,VIIRS,n,2,308.12,6.21,D,0
19.29767,81.11836,333.39,0.53,0.5,2025-03-16,816,N20,VIIRS,n,2,306.43,6.21,D,0
19.29814,79.82152,338.57,0.44,0.46,2025-03-16,816,N20,VIIRS,l,2,309.6,3.8,D,0
19.29891,78.12844,341.77,0.53,0.42,2025-03-16,816,N20,VIIRS,n,2,312.52,2.44,D,0
19.29903,79.10315,356.39,0.4,0.44,2025-03-16,816,N20,VIIRS,n,2,315.57,16.61,D,0
19.29917,79.10244,355.87,0.4,0.44,2025-03-16,816,N20,VIIRS,n,2,314.48,15.04,D,0
19.29948,79.10678,343.83,0.4,0.44,2025-03-16,816,N20,VIIRS,n,2,313.08,6.69,D,0
19.2996,79.10601,346.86,0.4,0.44,2025-03-16,816,N20,VIIRS,n,2,313.2,7.67,D,0
19.30037,80.11721,347.55,0.46,0.47,2025-03-16,816,N20,VIIRS,n,2,310.26,2.96,D,0
19.30242,79.82112,336.63,0.44,0.46,2025-03-16,816,N20,VIIRS,n,2,309.77,3.8,D,0
19.30259,80.09918,344.03,0.46,0.47,2025-03-16,816,N20,VIIRS,n,2,310.43,3.79,D,0
19.30292,79.8254,348.19,0.44,0.46,2025-03-16,816,N20,VIIRS,n,2,311.47,3.8,D,0
19.30342,79.82967,337.48,0.44,0.46,2025-03-16,816,N20,VIIRS,n,2,310.54,3.17,D,0
19.30418,80.09969,342.51,0.46,0.47,2025-03-16,816,N20,VIIRS,n,2,310.21,3.96,D,0
19.30719,79.82492,342.07,0.44,0.46,2025-03-16,816,N20,VIIRS,n,2,309.04,3.52,D,0
19.30725,80.17407,340.89,0.46,0.47,2025-03-16,816,N20,VIIRS,n,2,310.64,3.34,D,0
19.30769,79.82917,352.25,0.44,0.46,2025-03-16,816,N20,VIIRS,n,2,310.04,6.76,D,0
19.30778,80.17846,335.08,0.46,0.47,2025-03-16,816,N20,VIIRS,l,2,309.89,3.09,D,0
19.3083,80.18284,341.94,0.46,0.47,2025-03-16,816,N20,VIIRS,n,2,309.51,3.09,D,0
19.31047,80.38754,336.26,0.48,0.48,2025-03-16,816,N20,VIIRS,n,2,308.64,2.74,D,0
19.31266,80.18222,337.21,0.46,0.47,2025-03-16,816,N20,VIIRS,n,2,309.69,4.05,D,0
19.31319,80.18664,349.8,0.46,0.47,2025-03-16,816,N20,VIIRS,n,2,309.45,7.62,D,0
19.31417,80.18733,345.25,0.46,0.47,2025-03-16,816,N20,VIIRS,n,2,309.78,8.08,D,0
19.31489,80.16415,336.89,0.46,0.47,2025-03-16,816,N20,VIIRS,l,2,310.29,1.56,D,0
19.31492,78.73207,348.21,0.57,0.43,2025-03-16,816,N20,VIIRS,n,2,312.83,7.72,D,0
19.31602,80.16479,344.13,0.46,0.47,2025-03-16,816,N20,VIIRS,n,2,310.35,5.81,D,0
19.31755,80.18605,346.65,0.46,0.47,2025-03-16,816,N20,VIIRS,n,2,309.34,7.62,D,0
19.31853,80.18674,345.24,0.46,0.47,2025-03-16,816,N20,VIIRS,n,2,308.56,8.08,D,0
19.31925,80.1636,340.79,0.46,0.47,2025-03-16,816,N20,VIIRS,l,2,311.69,4.61,D,0
19.32191,80.18546,339.84,0.46,0.47,2025-03-16,816,N20,VIIRS,n,2,308.65,4.28,D,0
19.32201,80.14999,340.13,0.46,0.47,2025-03-16,816,N20,VIIRS,n,2,310.84,1.78,D,0
19.32264,80.84754,341.14,0.51,0.5,2025-03-16,816,N20,VIIRS,n,2,307.35,3.85,D,0
19.32723,80.84722,349.51,0.51,0.5,2025-03-16,816,N20,VIIRS,n,2,309.16,10.32,D,0
19.3278,78.89988,340.17,0.39,0.44,2025-03-16,816,N20,VIIRS,l,2,312.04,2.98,D,0
19.32899,78.81169,341.23,0.38,0.43,2025-03-16,816,N20,VIIRS,n,2,309.84,2.46,D,0
19.32976,80.91069,347.34,0.52,0.5,2025-03-16,816,N20,VIIRS,n,2,313.16,53.65,D,0
19.33059,80.17607,335.21,0.46,0.47,2025-03-16,816,N20,VIIRS,l,2,309.58,2.89,D,0
19.33202,81.22792,340.96,0.54,0.51,2025-03-16,816,N20,VIIRS,n,2,305.5,5.03,D,0
19.33417,81.22974,340.81,0.54,0.51,2025-03-16,816,N20,VIIRS,n,2,306.01,5.82,D,0
19.33717,78.06219,349.02,0.52,0.42,2025-03-16,816,N20,VIIRS,n,2,317.93,14.01,D,0
19.34038,80.8409,345.41,0.51,0.49,2025-03-16,816,N20,VIIRS,n,2,307.88,6.52,D,0
19.34093,80.84574,345.51,0.51,0.5,2025-03-16,816,N20,VIIRS,n,2,307.18,6.52,D,0
19.3425,78.98521,341.46,0.39,0.44,2025-03-16,816,N20,VIIRS,l,2,315.71,5.6,D,0
19.34548,80.84514,346.2,0.51,0.5,2025-03-16,816,N20,VIIRS,n,2,306.59,11.51,D,0
19.35235,79.06458,341.82,0.4,0.44,2025-03-16,816,N20,VIIRS,n,2,312.29,4.75,D,0
19.35281,79.06827,341.03,0.4,0.44,2025-03-16,816,N20,VIIRS,n,2,311.35,3.59,D,0
19.35639,79.06384,339.17,0.4,0.44,2025-03-16,816,N20,VIIRS,n,2,310.12,2.52,D,0
19.35684,79.06751,350.75,0.4,0.44,2025-03-16,816,N20,VIIRS,n,2,311.59,3.68,D,0
19.3573,79.0712,341.69,0.4,0.44,2025-03-16,816,N20,VIIRS,n,2,310.21,3.68,D,0
19.3594,79.12155,344.56,0.4,0.44,2025-03-16,816,N20,VIIRS,n,2,314.19,4.32,D,0
19.36467,78.55897,342.82,0.56,0.43,2025-03-16,816,N20,VIIRS,l,2,314.61,9.51,D,0
19.36926,78.56372,353.25,0.56,0.43,2025-03-16,816,N20,VIIRS,n,2,314.83,9.74,D,0
19.37157,79.11954,346.21,0.4,0.44,2025-03-16,816,N20,VIIRS,n,2,314.51,5.02,D,0
19.3732,78.5632,350.48,0.56,0.43,2025-03-16,816,N20,VIIRS,n,2,312.67,9.74,D,0
19.37374,78.19402,342.93,0.53,0.42,2025-03-16,816,N20,VIIRS,l,2,314.52,6.0,D,0
19.3745,79.21021,339.29,0.4,0.45,2025-03-16,816,N20,VIIRS,l,2,311.44,1.84,D,0
19.37461,79.88092,341.05,0.44,0.46,2025-03-16,816,N20,VIIRS,n,2,310.05,3.2,D,0
19.37638,79.02605,346.44,0.39,0.44,2025-03-16,816,N20,VIIRS,n,2,313.48,4.35,D,0
19.37658,77.33865,338.31,0.48,0.4,2025-03-16,816,N20,VIIRS,n,2,312.53,4.03,D,0
19.37679,80.1925,334.89,0.47,0.47,2025-03-16,816,N20,VIIRS,n,2,307.56,2.15,D,0
19.38675,78.09315,347.88,0.52,0.42,2025-03-16,816,N20,VIIRS,n,2,313.29,4.64,D,0
19.38739,79.18002,345.69,0.4,0.44,2025-03-16,816,N20,VIIRS,n,2,314.07,3.98,D,0
19.38754,78.09042,339.49,0.52,0.42,2025-03-16,816,N20,VIIRS,l,2,313.98,5.74,D,0
19.3882,78.09541,338.57,0.52,0.42,2025-03-16,816,N20,VIIRS,l,2,312.15,5.72,D,0
19.39059,78.09274,338.2,0.52,0.42,2025-03-16,816,N20,VIIRS,l,2,311.98,4.64,D,0
19.40663,78.23566,338.78,0.53,0.42,2025-03-16,816,N20,VIIRS,n,2,313.0,2.47,D,0
19.40804,81.22929,337.39,0.54,0.51,2025-03-16,816,N20,VIIRS,n,2,306.86,5.82,D,0
19.41562,79.61663,336.7,0.43,0.46,2025-03-16,816,N20,VIIRS,l,2,308.86,2.84,D,0
19.41699,79.41885,343.83,0.42,0.45,2025-03-16,816,N20,VIIRS,n,2,313.98,3.78,D,0
19.417,78.52993,340.37,0.56,0.43,2025-03-16,816,N20,VIIRS,l,2,312.6,3.46,D,0
19.42804,80.24971,340.18,0.47,0.48,2025-03-16,816,N20,VIIRS,n,2,308.41,4.62,D,0
19.42855,80.25014,340.19,0.47,0.48,2025-03-16,816,N20,VIIRS,n,2,308.61,4.7,D,0
19.43911,77.05614,337.83,0.47,0.39,2025-03-16,816,N20,VIIRS,l,2,311.84,3.67,D,0
19.45633,81.25822,332.68,0.55,0.51,2025-03-16,816,N20,VIIRS,l,2,304.54,3.8,D,0
19.47498,79.89397,349.8,0.45,0.47,2025-03-16,816,N20,VIIRS,n,2,312.49,6.89,D,0
19.47927,79.89339,342.0,0.45,0.47,2025-03-16,816,N20,VIIRS,n,2,310.25,6.89,D,0
19.48228,78.22903,342.2,0.53,0.42,2025-03-16,816,N20,VIIRS,l,2,314.64,4.52,D,0
19.48323,78.77793,346.81,0.38,0.43,2025-03-16,816,N20,VIIRS,n,2,315.6,4.78,D,0
19.48407,79.89711,349.76,0.45,0.47,2025-03-16,816,N20,VIIRS,n,2,312.07,12.18,D,0
19.48561,78.31635,342.68,0.54,0.42,2025-03-16,816,N20,VIIRS,l,2,312.93,6.66,D,0
19.48614,78.22852,341.81,0.53,0.42,2025-03-16,816,N20,VIIRS,n,2,311.04,4.52,D,0
19.48767,78.78109,341.3,0.38,0.43,2025-03-16,816,N20,VIIRS,l,2,313.18,3.7,D,0
19.49109,79.88323,349.09,0.45,0.47,2025-03-16,816,N20,VIIRS,n,2,310.62,28.14,D,0
19.4939,79.88348,348.51,0.45,0.47,2025-03-16,816,N20,VIIRS,n,2,314.68,41.28,D,0
19.49486,79.87845,340.3,0.45,0.47,2025-03-16,816,N20,VIIRS,l,2,310.63,35.24,D,0
19.49539,79.88274,350.44,0.45,0.47,2025-03-16,816,N20,VIIRS,n,2,316.12,28.14,D,0
19.49684,80.41686,333.67,0.48,0.48,2025-03-16,816,N20,VIIRS,l,2,308.43,3.91,D,0
19.49846,78.51108,341.43,0.56,0.43,2025-03-16,816,N20,VIIRS,l,2,313.02,7.09,D,0
19.49866,80.01764,338.67,0.46,0.47,2025-03-16,816,N20,VIIRS,l,2,310.8,3.76,D,0
19.50014,78.7176,337.74,0.57,0.43,2025-03-16,816,N20,VIIRS,l,2,312.16,3.95,D,0
19.50141,81.32121,331.19,0.55,0.51,2025-03-16,816,N20,VIIRS,l,2,305.17,2.07,D,0
19.50317,78.9763,354.12,0.39,0.44,2025-03-16,816,N20,VIIRS,n,2,316.67,7.08,D,0
19.50351,80.02142,343.01,0.46,0.47,2025-03-16,816,N20,VIIRS,n,2,309.04,5.46,D,0
19.50403,80.02576,343.09,0.46,0.47,2025-03-16,816,N20,VIIRS,n,2,309.87,5.46,D,0
19.50718,79.66397,348.74,0.43,0.46,2025-03-16,816,N20,VIIRS,n,2,313.34,6.09,D,0
19.50783,80.02087,340.61,0.46,0.47,2025-03-16,816,N20,VIIRS,n,2,309.92,7.12,D,0
19.50836,80.0252,343.15,0.46,0.47,2025-03-16,816,N20,VIIRS,n,2,308.85,7.12,D,0
19.50857,78.78589,340.53,0.38,0.43,2025-03-16,816,N20,VIIRS,l,2,313.55,1.89,D,0
19.5093,79.26246,344.9,0.41,0.45,2025-03-16,816,N20,VIIRS,n,2,310.5,3.57,D,0
19.51834,78.96586,343.95,0.39,0.44,2025-03-16,816,N20,VIIRS,l,2,314.8,4.77,D,0
19.52724,80.44561,331.47,0.49,0.48,2025-03-16,816,N20,VIIRS,l,2,305.98,4.28,D,0
19.5282,78.94569,341.42,0.39,0.44,2025-03-16,816,N20,VIIRS,l,2,315.8,4.73,D,0
19.52896,78.31543,343.76,0.54,0.42,2025-03-16,816,N20,VIIRS,n,2,316.22,7.91,D,0
19.53022,78.3177,339.32,0.54,0.42,2025-03-16,816,N20,VIIRS,l,2,312.16,3.99,D,0
19.5341,78.31712,340.2,0.54,0.42,2025-03-16,816,N20,VIIRS,l,2,310.8,3.99,D,0
19.53502,80.08895,336.07,0.46,0.47,2025-03-16,816,N20,VIIRS,l,2,307.74,1.85,D,0
19.54842,81.48376,335.34,0.57,0.52,2025-03-16,816,N20,VIIRS,l,2,307.46,2.98,D,0
19.55149,78.5882,337.46,0.56,0.43,2025-03-16,816,N20,VIIRS,l,2,312.33,3.32,D,0
19.55511,81.18298,340.06,0.54,0.51,2025-03-16,816,N20,VIIRS,n,2,306.04,4.73,D,0
19.55969,78.55157,336.62,0.56,0.43,2025-03-16,816,N20,VIIRS,l,2,311.17,3.36,D,0
19.5604,78.9405,344.55,0.39,0.44,2025-03-16,816,N20,VIIRS,l,2,314.62,3.59,D,0
19.56269,78.54852,337.41,0.56,0.43,2025-03-16,816,N20,VIIRS,l,2,311.11,4.9,D,0
19.56396,78.59158,341.44,0.56,0.43,2025-03-16,816,N20,VIIRS,n,2,311.59,3.7,D,0
19.57306,80.00004,355.76,0.46,0.47,2025-03-16,816,N20,VIIRS,n,2,310.39,13.18,D,0
19.57824,78.75838,346.65,0.38,0.43,2025-03-16,816,N20,VIIRS,n,2,313.38,3.97,D,0
19.58004,81.23718,332.06,0.55,0.51,2025-03-16,816,N20,VIIRS,l,2,305.42,6.7,D,0
19.58012,78.75748,349.1,0.38,0.43,2025-03-16,816,N20,VIIRS,n,2,314.71,6.16,D,0
19.60758,78.68396,349.07,0.57,0.43,2025-03-16,816,N20,VIIRS,n,2,317.28,13.26,D,0
19.62806,78.98444,349.05,0.4,0.44,2025-03-16,816,N20,VIIRS,n,2,315.22,7.3,D,0
19.62985,77.705,341.99,0.5,0.41,2025-03-16,816,N20,VIIRS,n,2,314.24,9.08,D,0
19.63525,77.18418,342.28,0.47,0.4,2025-03-16,816,N20,VIIRS,n,2,313.61,6.88,D,0
19.63941,79.21748,345.55,0.41,0.45,2025-03-16,816,N20,VIIRS,l,2,316.34,9.43,D,0
19.64453,79.05222,344.38,0.4,0.44,2025-03-16,816,N20,VIIRS,n,2,309.9,6.99,D,0
19.64549,79.06018,348.31,0.4,0.44,2025-03-16,816,N20,VIIRS,n,2,313.77,9.41,D,0
19.65689,80.25581,335.11,0.47,0.48,2025-03-16,816,N20,VIIRS,l,2,309.17,3.04,D,0
19.65713,80.25863,337.12,0.47,0.48,2025-03-16,816,N20,VIIRS,l,2,309.58,2.87,D,0
19.65841,79.9993,333.75,0.46,0.47,2025-03-16,816,N20,VIIRS,l,2,305.81,1.82,D,0
19.65963,78.74364,354.69,0.38,0.43,2025-03-16,816,N20,VIIRS,n,2,315.6,11.96,D,0
19.66012,78.87771,353.73,0.39,0.44,2025-03-16,816,N20,VIIRS,n,2,312.24,9.74,D,0
19.66137,80.10073,333.04,0.46,0.47,2025-03-16,816,N20,VIIRS,l,2,305.71,2.21,D,0
19.6662,78.69942,345.87,0.57,0.43,2025-03-16,816,N20,VIIRS,n,2,316.87,17.73,D,0
19.66683,79.06533,345.94,0.4,0.44,2025-03-16,816,N20,VIIRS,n,2,313.14,4.9,D,0
19.67613,79.92641,337.09,0.45,0.47,2025-03-16,816,N20,VIIRS,l,2,309.1,16.29,D,0
19.67992,79.9215,347.6,0.45,0.47,2025-03-16,816,N20,VIIRS,n,2,311.14,16.29,D,0
19.68044,79.92585,353.25,0.45,0.47,2025-03-16,816,N20,VIIRS,n,2,312.08,16.29,D,0
19.69754,79.95893,332.34,0.45,0.47,2025-03-16,816,N20,VIIRS,l,2,306.99,0.91,D,0
19.69812,78.29236,335.89,0.54,0.42,2025-03-16,816,N20,VIIRS,l,2,310.64,1.91,D,0
19.70077,78.31316,342.71,0.54,0.42,2025-03-16,816,N20,VIIRS,n,2,310.76,7.06,D,0
19.70469,78.31277,347.8,0.54,0.42,2025-03-16,816,N20,VIIRS,n,2,310.64,7.06,D,0
19.70526,77.23386,348.23,0.48,0.4,2025-03-16,816,N20,VIIRS,n,2,315.02,6.09,D,0
19.71021,80.02802,335.78,0.46,0.47,2025-03-16,816,N20,VIIRS,l,2,309.56,4.91,D,0
19.71059,80.18034,336.03,0.47,0.48,2025-03-16,816,N20,VIIRS,n,2,308.67,2.46,D,0
19.71073,80.03237,342.23,0.46,0.47,2025-03-16,816,N20,VIIRS,n,2,308.6,3.61,D,0
19.71088,79.99692,335.97,0.46,0.47,2025-03-16,816,N20,VIIRS,l,2,308.29,5.47,D,0
19.71125,80.03672,335.94,0.46,0.47,2025-03-16,816,N20,VIIRS,l,2,308.18,3.61,D,0
19.71301,78.93304,344.95,0.39,0.44,2025-03-16,816,N20,VIIRS,l,2,315.89,6.38,D,0
19.71347,78.93682,347.68,0.39,0.44,2025-03-16,816,N20,VIIRS,n,2,315.77,5.03,D,0
19.71507,80.03178,340.75,0.46,0.47,2025-03-16,816,N20,VIIRS,n,2,308.46,5.77,D,0
19.71521,79.99636,348.91,0.46,0.47,2025-03-16,816,N20,VIIRS,n,2,308.7,5.47,D,0
19.71559,80.03613,347.85,0.46,0.47,2025-03-16,816,N20,VIIRS,n,2,309.76,5.77,D,0
19.71707,78.93255,347.57,0.39,0.44,2025-03-16,816,N20,VIIRS,n,2,315.95,6.38,D,0
19.71752,78.93632,345.67,0.39,0.44,2025-03-16,816,N20,VIIRS,n,2,314.96,5.03,D,0
19.71772,79.34481,345.01,0.42,0.45,2025-03-16,816,N20,VIIRS,n,2,313.17,7.95,D,0
19.72532,80.04367,335.55,0.46,0.47,2025-03-16,816,N20,VIIRS,l,2,306.16,3.05,D,0
19.72638,80.05249,345.25,0.46,0.47,2025-03-16,816,N20,VIIRS,n,2,307.05,4.59,D,0
19.7277,80.05308,342.65,0.46,0.47,2025-03-16,816,N20,VIIRS,n,2,306.57,5.68,D,0
19.73018,80.04743,342.13,0.46,0.47,2025-03-16,816,N20,VIIRS,n,2,306.09,4.59,D,0
19.73154,80.04801,347.59,0.46,0.47,2025-03-16,816,N20,VIIRS,n,2,306.75,5.68,D,0
19.73255,80.05686,335.53,0.46,0.47,2025-03-16,816,N20,VIIRS,l,2,305.89,2.82,D,0
19.73372,81.06427,330.43,0.54,0.5,2025-03-16,816,N20,VIIRS,l,2,304.86,2.9,D,0
19.73436,81.06976,339.09,0.54,0.51,2025-03-16,816,N20,VIIRS,n,2,304.27,4.19,D,0
19.73506,80.05122,356.47,0.46,0.47,2025-03-16,816,N20,VIIRS,n,2,306.42,11.28,D,0
19.73613,80.06006,343.04,0.46,0.47,2025-03-16,816,N20,VIIRS,n,2,307.48,8.52,D,0
19.73639,80.0518,348.47,0.46,0.47,2025-03-16,816,N20,VIIRS,n,2,306.13,8.9,D,0
19.73675,80.0288,333.37,0.46,0.47,2025-03-16,816,N20,VIIRS,l,2,306.75,3.33,D,0
19.73677,81.0612,332.9,0.54,0.51,2025-03-16,816,N20,VIIRS,l,2,306.79,6.1,D,0
19.73738,81.06677,346.61,0.54,0.51,2025-03-16,816,N20,VIIRS,n,2,305.51,6.1,D,0
19.73739,80.06066,331.28,0.46,0.47,2025-03-16,816,N20,VIIRS,l,2,305.64,2.82,D,0
19.73752,78.25238,340.49,0.54,0.42,2025-03-16,816,N20,VIIRS,l,2,312.89,6.69,D,0
19.74059,80.0114,347.9,0.46,0.47,2025-03-16,816,N20,VIIRS,n,2,308.62,5.65,D,0
19.74492,80.01081,334.07,0.46,0.47,2025-03-16,816,N20,VIIRS,l,2,308.43,5.65,D,0
19.74532,78.09492,337.41,0.53,0.42,2025-03-16,816,N20,VIIRS,l,2,312.4,3.64,D,0
19.74542,80.01514,342.83,0.46,0.47,2025-03-16,816,N20,VIIRS,n,2,308.1,5.65,D,0
19.74592,80.0195,350.36,0.46,0.47,2025-03-16,816,N20,VIIRS,n,2,309.57,14.03,D,0
19.74697,80.14503,345.37,0.47,0.48,2025-03-16,816,N20,VIIRS,n,2,309.45,4.52,D,0
19.7478,80.61746,332.32,0.5,0.49,2025-03-16,816,N20,VIIRS,l,2,306.74,2.97,D,0
19.74976,80.0146,352.45,0.46,0.47,2025-03-16,816,N20,VIIRS,n,2,310.54,13.36,D,0
19.75026,80.01895,345.07,0.46,0.47,2025-03-16,816,N20,VIIRS,n,2,310.41,22.19,D,0
19.75068,80.14372,344.71,0.47,0.48,2025-03-16,816,N20,VIIRS,n,2,309.21,6.75,D,0
19.7531,80.00535,346.06,0.46,0.47,2025-03-16,816,N20,VIIRS,n,2,308.02,8.93,D,0
19.75359,80.83145,331.78,0.52,0.5,2025-03-16,816,N20,VIIRS,l,2,306.62,3.9,D,0
19.7541,80.01406,345.35,0.46,0.47,2025-03-16,816,N20,VIIRS,n,2,307.86,13.36,D,0
19.7546,80.01841,346.59,0.46,0.47,2025-03-16,816,N20,VIIRS,n,2,309.09,22.19,D,0
19.75491,78.04738,336.24,0.53,0.42,2025-03-16,816,N20,VIIRS,l,2,310.8,1.7,D,0
19.75643,79.9961,351.85,0.46,0.47,2025-03-16,816,N20,VIIRS,n,2,310.81,11.46,D,0
19.75662,80.03587,347.09,0.46,0.47,2025-03-16,816,N20,VIIRS,n,2,307.53,6.4,D,0
19.75693,80.00045,341.66,0.46,0.47,2025-03-16,816,N20,VIIRS,n,2,306.89,5.84,D,0
19.75786,80.08504,346.03,0.46,0.47,2025-03-16,816,N20,VIIRS,n,2,308.54,6.33,D,0
19.75874,78.04675,339.17,0.53,0.42,2025-03-16,816,N20,VIIRS,l,2,310.58,3.18,D,0
19.76097,80.03535,345.07,0.46,0.47,2025-03-16,816,N20,VIIRS,n,2,305.59,4.15,D,0
19.7629,80.66911,345.99,0.51,0.49,2025-03-16,816,N20,VIIRS,n,2,308.19,11.41,D,0
19.76357,79.90692,343.92,0.45,0.47,2025-03-16,816,N20,VIIRS,n,2,308.31,4.54,D,0
19.76564,77.52867,338.35,0.5,0.41,2025-03-16,816,N20,VIIRS,l,2,311.33,2.59,D,0
19.76611,80.00366,346.39,0.46,0.47,2025-03-16,816,N20,VIIRS,n,2,306.57,7.97,D,0
19.76635,80.65913,334.89,0.5,0.49,2025-03-16,816,N20,VIIRS,l,2,308.87,8.46,D,0
19.76891,79.98996,348.23,0.46,0.47,2025-03-16,816,N20,VIIRS,n,2,308.5,9.92,D,0
19.77066,79.89292,347.79,0.45,0.47,2025-03-16,816,N20,VIIRS,n,2,310.38,9.8,D,0
19.77095,80.00747,348.8,0.46,0.47,2025-03-16,816,N20,VIIRS,n,2,308.54,7.52,D,0
19.77273,79.98502,336.87,0.46,0.47,2025-03-16,816,N20,VIIRS,l,2,308.78,2.38,D,0
19.77477,80.00249,336.02,0.46,0.47,2025-03-16,816,N20,VIIRS,n,2,309.32,7.22,D,0
19.77528,80.00687,348.39,0.46,0.47,2025-03-16,816,N20,VIIRS,n,2,309.78,10.14,D,0
19.77643,80.7067,350.55,0.51,0.49,2025-03-16,816,N20,VIIRS,n,2,307.06,8.55,D,0
19.77706,79.98444,333.85,0.46,0.47,2025-03-16,816,N20,VIIRS,l,2,307.9,2.38,D,0
19.7791,80.00188,346.92,0.46,0.47,2025-03-16,816,N20,VIIRS,n,2,308.67,7.22,D,0
19.77962,80.00628,367.0,0.46,0.47,2025-03-16,816,N20,VIIRS,h,2,310.41,10.14,D,0
19.78233,77.56978,341.06,0.5,0.41,2025-03-16,816,N20,VIIRS,n,2,312.85,4.35,D,0
19.79236,80.49113,338.8,0.49,0.49,2025-03-16,816,N20,VIIRS,n,2,307.78,3.28,D,0
19.79444,78.71714,342.11,0.38,0.43,2025-03-16,816,N20,VIIRS,l,2,315.27,6.57,D,0
19.79463,80.54857,341.89,0.5,0.49,2025-03-16,816,N20,VIIRS,n,2,309.51,7.83,D,0
19.79502,80.4922,333.49,0.49,0.49,2025-03-16,816,N20,VIIRS,l,2,306.5,1.4,D,0
19.79506,77.97367,339.33,0.52,0.42,2025-03-16,816,N20,VIIRS,l,2,312.16,5.5,D,0
19.79688,80.54971,345.05,0.5,0.49,2025-03-16,816,N20,VIIRS,n,2,308.18,6.63,D,0
19.80088,80.62701,336.39,0.5,0.49,2025-03-16,816,N20,VIIRS,n,2,308.53,4.13,D,0
19.80485,79.35037,354.87,0.42,0.45,2025-03-16,816,N20,VIIRS,n,2,312.71,24.02,D,0
19.80617,80.59211,343.48,0.5,0.49,2025-03-16,816,N20,VIIRS,n,2,307.53,8.51,D,0
19.807,80.64096,341.83,0.5,0.49,2025-03-16,816,N20,VIIRS,n,2,309.07,7.33,D,0
19.80992,80.63901,342.96,0.5,0.49,2025-03-16,816,N20,VIIRS,n,2,309.53,5.92,D,0
19.81305,80.57184,334.8,0.5,0.49,2025-03-16,816,N20,VIIRS,l,2,307.96,2.6,D,0
19.81437,80.11379,337.37,0.47,0.47,2025-03-16,816,N20,VIIRS,l,2,308.69,6.54,D,0
19.81859,80.26387,337.83,0.48,0.48,2025-03-16,816,N20,VIIRS,n,2,307.59,5.37,D,0
19.83827,78.32896,339.26,0.55,0.42,2025-03-16,816,N20,VIIRS,l,2,313.78,4.64,D,0
19.83959,80.25195,337.5,0.48,0.48,2025-03-16,816,N20,VIIRS,n,2,307.45,4.8,D,0
19.83979,80.64677,345.04,0.5,0.49,2025-03-16,816,N20,VIIRS,n,2,308.77,6.53,D,0
19.83983,80.01801,333.15,0.46,0.47,2025-03-16,816,N20,VIIRS,l,2,307.72,2.24,D,0
19.8411,80.10738,335.21,0.47,0.47,2025-03-16,816,N20,VIIRS,l,2,306.22,3.53,D,0
19.84441,80.10532,331.91,0.47,0.47,2025-03-16,816,N20,VIIRS,l,2,306.83,4.05,D,0
19.84469,80.69024,335.61,0.51,0.49,2025-03-16,816,N20,VIIRS,l,2,307.83,4.57,D,0
19.84883,79.98108,335.25,0.46,0.47,2025-03-16,816,N20,VIIRS,l,2,308.02,1.87,D,0
19.84938,80.49053,339.5,0.49,0.49,2025-03-16,816,N20,VIIRS,n,2,308.75,3.78,D,0
19.85085,79.9987,335.2,0.46,0.47,2025-03-16,816,N20,VIIRS,l,2,309.04,3.97,D,0
19.85136,80.00312,349.14,0.46,0.47,2025-03-16,816,N20,VIIRS,n,2,309.8,3.97,D,0
19.85361,80.56683,345.66,0.5,0.49,2025-03-16,816,N20,VIIRS,n,2,312.13,5.7,D,0
19.85375,80.52837,332.24,0.5,0.49,2025-03-16,816,N20,VIIRS,l,2,306.92,3.62,D,0
19.8557,80.00256,336.84,0.46,0.47,2025-03-16,816,N20,VIIRS,n,2,308.48,1.91,D,0
19.85917,80.38004,338.83,0.49,0.48,2025-03-16,816,N20,VIIRS,n,2,307.44,4.19,D,0
19.86417,77.34015,345.85,0.49,0.4,2025-03-16,816,N20,VIIRS,n,2,313.6,14.1,D,0
19.86417,80.15427,331.74,0.47,0.48,2025-03-16,816,N20,VIIRS,l,2,305.98,2.94,D,0
19.86468,80.15878,337.33,0.47,0.48,2025-03-16,816,N20,VIIRS,n,2,305.22,7.02,D,0
19.86481,80.08204,346.65,0.47,0.47,2025-03-16,816,N20,VIIRS,n,2,310.42,10.68,D,0
19.86533,80.0865,343.51,0.47,0.47,2025-03-16,816,N20,VIIRS,n,2,308.88,8.66,D,0
19.8675,80.3433,334.64,0.48,0.48,2025-03-16,816,N20,VIIRS,n,2,305.6,1.99,D,0
19.86813,80.34128,334.5,0.48,0.48,2025-03-16,816,N20,VIIRS,l,2,305.48,1.86,D,0
19.86856,80.15373,331.41,0.47,0.48,2025-03-16,816,N20,VIIRS,l,2,305.9,2.94,D,0
19.86958,80.16271,350.27,0.47,0.48,2025-03-16,816,N20,VIIRS,n,2,307.45,7.02,D,0
19.87085,80.6773,337.32,0.51,0.49,2025-03-16,816,N20,VIIRS,l,2,309.15,3.99,D,0
19.87201,80.06763,342.06,0.46,0.47,2025-03-16,816,N20,VIIRS,n,2,308.69,3.49,D,0
19.87473,80.40844,335.08,0.49,0.48,2025-03-16,816,N20,VIIRS,l,2,307.74,3.4,D,0
19.87483,80.67186,335.71,0.51,0.49,2025-03-16,816,N20,VIIRS,l,2,308.11,1.5,D,0
19.87525,80.41313,330.83,0.49,0.48,2025-03-16,816,N20,VIIRS,l,2,305.74,3.4,D,0
19.87638,80.41094,336.06,0.49,0.48,2025-03-16,816,N20,VIIRS,l,2,306.82,5.74,D,0
19.87762,78.25794,338.68,0.54,0.42,2025-03-16,816,N20,VIIRS,l,2,313.29,4.76,D,0
19.87827,78.26313,338.17,0.54,0.42,2025-03-16,816,N20,VIIRS,l,2,312.75,4.76,D,0
19.87937,80.67129,356.26,0.51,0.49,2025-03-16,816,N20,VIIRS,n,2,311.16,9.25,D,0
19.87993,80.67612,342.99,0.51,0.49,2025-03-16,816,N20,VIIRS,n,2,308.98,12.05,D,0
19.88216,78.26255,344.97,0.54,0.42,2025-03-16,816,N20,VIIRS,n,2,313.8,4.76,D,0
19.88391,80.67068,342.93,0.51,0.49,2025-03-16,816,N20,VIIRS,n,2,310.32,9.25,D,0
19.88504,80.29913,336.83,0.48,0.48,2025-03-16,816,N20,VIIRS,l,2,306.99,5.8,D,0
19.88764,80.24297,332.54,0.48,0.48,2025-03-16,816,N20,VIIRS,n,2,305.98,2.4,D,0
19.88999,80.06993,345.39,0.46,0.47,2025-03-16,816,N20,VIIRS,n,2,308.44,4.66,D,0
19.89051,80.07437,347.34,0.46,0.47,2025-03-16,816,N20,VIIRS,n,2,308.23,7.91,D,0
19.89129,80.27501,337.44,0.48,0.48,2025-03-16,816,N20,VIIRS,n,2,306.86,4.21,D,0
19.89384,80.06496,336.74,0.46,0.47,2025-03-16,816,N20,VIIRS,l,2,308.28,4.66,D,0
19.89436,80.0694,345.65,0.46,0.47,2025-03-16,816,N20,VIIRS,n,2,308.77,4.66,D,0
19.89487,80.07382,346.89,0.46,0.47,2025-03-16,816,N20,VIIRS,n,2,310.19,7.91,D,0
19.89591,79.8957,342.89,0.45,0.47,2025-03-16,816,N20,VIIRS,n,2,309.93,6.93,D,0
19.89789,80.02404,333.22,0.46,0.47,2025-03-16,816,N20,VIIRS,l,2,306.74,3.12,D,0
19.8982,80.06441,336.37,0.46,0.47,2025-03-16,816,N20,VIIRS,n,2,308.05,2.93,D,0
19.90125,80.44322,346.5,0.49,0.49,2025-03-16,816,N20,VIIRS,n,2,307.77,6.07,D,0
19.90378,77.70612,347.66,0.51,0.41,2025-03-16,816,N20,VIIRS,n,2,313.67,6.17,D,0
19.91166,80.5937,356.4,0.5,0.49,2025-03-16,816,N20,VIIRS,n,2,309.22,8.54,D,0
19.91316,80.5909,345.38,0.5,0.49,2025-03-16,816,N20,VIIRS,n,2,310.73,10.93,D,0
19.9137,80.59575,341.57,0.5,0.49,2025-03-16,816,N20,VIIRS,n,2,307.27,8.59,D,0
19.91455,80.69645,343.21,0.51,0.49,2025-03-16,816,N20,VIIRS,n,2,309.0,5.25,D,0
19.91587,80.69876,341.96,0.51,0.49,2025-03-16,816,N20,VIIRS,n,2,306.75,5.42,D,0
19.91689,80.3418,340.39,0.48,0.48,2025-03-16,816,N20,VIIRS,n,2,305.03,6.24,D,0
19.92106,80.07053,344.43,0.46,0.47,2025-03-16,816,N20,VIIRS,n,2,309.44,8.65,D,0
19.9219,80.75932,332.13,0.51,0.5,2025-03-16,816,N20,VIIRS,l,2,306.22,3.22,D,0
19.9261,80.03841,332.92,0.46,0.47,2025-03-16,816,N20,VIIRS,l,2,306.76,4.18,D,0
19.92629,80.46399,336.08,0.49,0.49,2025-03-16,816,N20,VIIRS,n,2,307.47,3.61,D,0
19.92821,80.77367,337.29,0.52,0.5,2025-03-16,816,N20,VIIRS,n,2,306.68,5.85,D,0
19.92898,80.77618,334.24,0.52,0.5,2025-03-16,816,N20,VIIRS,l,2,306.13,5.64,D,0
19.92948,80.14172,345.78,0.47,0.48,2025-03-16,816,N20,VIIRS,n,2,308.03,10.92,D,0
19.93227,80.12768,337.89,0.47,0.48,2025-03-16,816,N20,VIIRS,n,2,307.65,4.36,D,0
19.9323,79.97958,340.98,0.46,0.47,2025-03-16,816,N20,VIIRS,n,2,309.79,4.31,D,0
19.93371,79.97913,340.61,0.46,0.47,2025-03-16,816,N20,VIIRS,n,2,309.7,5.47,D,0
19.93455,80.10944,337.26,0.47,0.48,2025-03-16,816,N20,VIIRS,n,2,308.97,6.85,D,0
19.93508,80.11389,350.04,0.47,0.48,2025-03-16,816,N20,VIIRS,n,2,309.01,10.07,D,0
19.93908,78.62181,348.29,0.57,0.43,2025-03-16,816,N20,VIIRS,n,2,314.51,18.8,D,0
19.95448,80.39351,341.59,0.49,0.48,2025-03-16,816,N20,VIIRS,n,2,306.4,5.43,D,0
19.95628,80.52727,341.64,0.5,0.49,2025-03-16,816,N20,VIIRS,n,2,307.1,5.25,D,0
19.95905,80.1656,335.21,0.47,0.48,2025-03-16,816,N20,VIIRS,l,2,307.3,6.11,D,0
19.95914,80.1655,337.0,0.47,0.48,2025-03-16,816,N20,VIIRS,l,2,307.07,5.44,D,0
19.95983,77.15975,340.46,0.48,0.4,2025-03-16,816,N20,VIIRS,n,2,311.97,2.17,D,0
19.96536,80.26122,341.1,0.48,0.48,2025-03-16,816,N20,VIIRS,n,2,305.96,5.56,D,0
19.96595,80.2611,343.41,0.48,0.48,2025-03-16,816,N20,VIIRS,n,2,306.48,5.11,D,0
19.96638,80.27031,331.84,0.48,0.48,2025-03-16,816,N20,VIIRS,l,2,304.73,5.0,D,0
19.96689,80.2749,334.11,0.48,0.48,2025-03-16,816,N20,VIIRS,n,2,304.87,3.97,D,0
19.96703,80.27018,330.97,0.48,0.48,2025-03-16,816,N20,VIIRS,l,2,304.8,4.25,D,0
19.96729,80.16,334.07,0.47,0.48,2025-03-16,816,N20,VIIRS,l,2,306.1,2.31,D,0
19.9674,80.2795,330.16,0.48,0.48,2025-03-16,816,N20,VIIRS,n,2,304.87,3.97,D,0
19.96742,80.15989,333.36,0.47,0.48,2025-03-16,816,N20,VIIRS,l,2,305.94,2.37,D,0
19.96757,80.27475,334.75,0.48,0.48,2025-03-16,816,N20,VIIRS,l,2,305.09,4.14,D,0
19.96812,80.27934,332.57,0.48,0.48,2025-03-16,816,N20,VIIRS,l,2,304.72,4.14,D,0
19.96879,78.72994,346.19,0.39,0.44,2025-03-16,816,N20,VIIRS,n,2,312.94,4.24,D,0
19.96926,78.73371,338.77,0.39,0.44,2025-03-16,816,N20,VIIRS,l,2,313.22,3.5,D,0
19.97131,80.27431,348.41,0.48,0.48,2025-03-16,816,N20,VIIRS,n,2,307.17,3.97,D,0
19.97182,80.27892,335.13,0.48,0.48,2025-03-16,816,N20,VIIRS,n,2,304.84,3.97,D,0
19.972,80.27419,346.62,0.48,0.48,2025-03-16,816,N20,VIIRS,n,2,307.04,4.14,D,0
19.97254,80.27876,341.67,0.48,0.48,2025-03-16,816,N20,VIIRS,n,2,305.32,4.14,D,0
19.97452,79.47878,349.1,0.43,0.46,2025-03-16,816,N20,VIIRS,n,2,310.51,7.2,D,0
19.9776,80.05421,345.48,0.46,0.47,2025-03-16,816,N20,VIIRS,n,2,309.53,7.23,D,0
19.97811,80.05866,344.5,0.47,0.47,2025-03-16,816,N20,VIIRS,n,2,309.13,7.23,D,0
19.98018,79.99998,352.01,0.46,0.47,2025-03-16,816,N20,VIIRS,n,2,310.51,4.94,D,0
19.9817,80.28689,330.27,0.48,0.48,2025-03-16,816,N20,VIIRS,l,2,305.26,2.87,D,0
19.98177,79.38777,334.64,0.42,0.45,2025-03-16,816,N20,VIIRS,l,2,308.59,8.1,D,0
19.98222,80.29149,336.3,0.48,0.48,2025-03-16,816,N20,VIIRS,n,2,305.61,2.3,D,0
19.98224,79.39181,335.15,0.42,0.45,2025-03-16,816,N20,VIIRS,l,2,308.41,8.7,D,0
19.98241,80.3239,334.45,0.48,0.48,2025-03-16,816,N20,VIIRS,n,2,306.82,3.14,D,0
19.98248,80.05811,342.49,0.47,0.47,2025-03-16,816,N20,VIIRS,n,2,308.35,7.23,D,0
19.98248,80.28673,332.53,0.48,0.48,2025-03-16,816,N20,VIIRS,l,2,305.51,3.06,D,0
19.98288,80.44256,344.27,0.49,0.49,2025-03-16,816,N20,VIIRS,n,2,308.66,7.96,D,0
19.98303,80.29132,338.38,0.48,0.48,2025-03-16,816,N20,VIIRS,n,2,305.83,3.51,D,0
19.98312,79.36311,344.97,0.42,0.45,2025-03-16,816,N20,VIIRS,n,2,309.98,7.42,D,0
19.98453,79.99943,338.73,0.46,0.47,2025-03-16,816,N20,VIIRS,n,2,308.34,4.94,D,0
19.98483,79.70575,336.37,0.44,0.46,2025-03-16,816,N20,VIIRS,l,2,310.39,2.7,D,0
19.98493,80.43775,334.63,0.49,0.49,2025-03-16,816,N20,VIIRS,l,2,308.05,4.88,D,0
19.98545,80.44251,341.61,0.49,0.49,2025-03-16,816,N20,VIIRS,n,2,308.09,4.76,D,0
19.98615,80.78949,334.81,0.52,0.5,2025-03-16,816,N20,VIIRS,l,2,306.65,4.42,D,0
19.98642,79.39124,353.95,0.42,0.45,2025-03-16,816,N20,VIIRS,n,2,310.98,8.7,D,0
19.98664,80.29086,345.51,0.48,0.48,2025-03-16,816,N20,VIIRS,n,2,308.78,9.65,D,0
19.98709,80.09818,336.74,0.47,0.48,2025-03-16,816,N20,VIIRS,l,2,308.08,4.21,D,0
19.9876,80.10266,341.68,0.47,0.48,2025-03-16,816,N20,VIIRS,n,2,307.11,4.21,D,0
19.99012,79.38663,346.16,0.42,0.45,2025-03-16,816,N20,VIIRS,n,2,315.88,40.78,D,0
19.99059,79.39066,352.75,0.42,0.45,2025-03-16,816,N20,VIIRS,n,2,316.25,26.83,D,0
19.99073,80.39384,340.54,0.49,0.48,2025-03-16,816,N20,VIIRS,n,2,308.17,5.84,D,0
19.99107,79.39469,342.52,0.42,0.45,2025-03-16,816,N20,VIIRS,n,2,306.87,26.83,D,0
19.99179,80.41779,342.73,0.49,0.49,2025-03-16,816,N20,VIIRS,n,2,308.69,7.64,D,0
19.99231,80.42249,348.83,0.49,0.49,2025-03-16,816,N20,VIIRS,n,2,309.96,11.65,D,0
19.99352,80.41736,336.32,0.49,0.49,2025-03-16,816,N20,VIIRS,l,2,307.52,5.06,D,0
19.99364,80.39368,334.02,0.49,0.48,2025-03-16,816,N20,VIIRS,l,2,306.47,5.11,D,0
19.99407,80.42204,351.0,0.49,0.49,2025-03-16,816,N20,VIIRS,n,2,308.74,10.77,D,0
19.99468,79.35333,337.27,0.42,0.45,2025-03-16,816,N20,VIIRS,l,2,307.34,3.06,D,0
19.99624,80.33614,330.46,0.48,0.48,2025-03-16,816,N20,VIIRS,l,2,305.27,1.23,D,0
19.99628,79.55148,342.58,0.43,0.46,2025-03-16,816,N20,VIIRS,n,2,307.68,2.58,D,0
19.99663,79.55238,351.79,0.43,0.46,2025-03-16,816,N20,VIIRS,n,2,307.36,4.98,D,0
19.99796,79.74279,367.0,0.44,0.46,2025-03-16,816,N20,VIIRS,h,2,311.13,10.45,D,0
19.99965,80.32643,331.29,0.48,0.48,2025-03-16,816,N20,VIIRS,l,2,305.25,1.34,D,0
19.97059,81.10149,305.87,0.32,0.54,2025-03-16,2045,N20,VIIRS,n,2,295.66,2.54,N,0
19.98311,80.19712,307.59,0.55,0.51,2025-03-16,2045,N20,VIIRS,n,2,294.41,2.17,N,0
16.31765,80.46877,308.36,0.34,0.56,2025-03-16,2046,N20,VIIRS,n,2,296.0,1.18,N,0
16.31982,80.46848,306.44,0.34,0.56,2025-03-16,2046,N20,VIIRS,n,2,295.77,1.15,N,0
16.36125,81.28226,310.87,0.38,0.59,2025-03-16,2046,N20,VIIRS,n,2,294.54,0.54,N,0
16.36371,81.28298,308.01,0.38,0.59,2025-03-16,2046,N20,VIIRS,n,2,293.74,0.45,N,0
16.81476,77.52877,328.73,0.43,0.46,2025-03-16,2046,N20,VIIRS,n,2,291.27,2.79,N,0
17.49402,80.45477,308.29,0.32,0.55,2025-03-16,2046,N20,VIIRS,n,2,294.84,1.38,N,0
17.51709,81.41432,308.23,0.37,0.58,2025-03-16,2046,N20,VIIRS,n,2,294.93,1.44,N,0
17.58851,81.01306,328.94,0.35,0.57,2025-03-16,2046,N20,VIIRS,n,2,295.2,2.15,N,0
17.66658,77.64411,309.7,0.42,0.45,2025-03-16,2046,N20,VIIRS,n,2,291.82,0.77,N,0
17.70164,77.34588,311.17,0.4,0.45,2025-03-16,2046,N20,VIIRS,n,2,293.51,0.63,N,0
17.87496,80.67661,305.52,0.33,0.55,2025-03-16,2046,N20,VIIRS,n,2,294.44,0.77,N,0
17.95746,80.78224,307.69,0.33,0.55,2025-03-16,2046,N20,VIIRS,n,2,296.1,1.12,N,0
18.02488,77.41371,306.91,0.4,0.44,2025-03-16,2046,N20,VIIRS,n,2,294.11,0.51,N,0
18.05529,77.27377,317.42,0.39,0.44,2025-03-16,2046,N20,VIIRS,n,2,293.72,1.44,N,0
18.15949,80.96405,306.42,0.34,0.56,2025-03-16,2046,N20,VIIRS,n,2,295.94,1.24,N,0
18.16076,80.2662,308.35,0.61,0.53,2025-03-16,2046,N20,VIIRS,n,2,296.05,3.35,N,0
18.18248,80.72293,308.67,0.33,0.55,2025-03-16,2046,N20,VIIRS,n,2,296.43,2.01,N,0
18.18719,80.59874,307.1,0.32,0.55,2025-03-16,2046,N20,VIIRS,n,2,296.03,0.99,N,0
18.19501,80.58566,315.52,0.32,0.54,2025-03-16,2046,N20,VIIRS,n,2,295.57,1.43,N,0
18.22822,80.77788,319.24,0.33,0.55,2025-03-16,2046,N20,VIIRS,n,2,297.15,1.81,N,0
18.22847,77.24109,321.26,0.39,0.44,2025-03-16,2046,N20,VIIRS,n,2,291.75,1.16,N,0
18.23244,77.24187,331.84,0.39,0.44,2025-03-16,2046,N20,VIIRS,n,2,292.55,1.4,N,0
18.24742,80.76049,308.71,0.33,0.55,2025-03-16,2046,N20,VIIRS,n,2,295.95,0.93,N,0
18.253,80.75861,305.73,0.33,0.55,2025-03-16,2046,N20,VIIRS,n,2,295.25,0.93,N,0
18.2572,80.86476,310.99,0.33,0.55,2025-03-16,2046,N20,VIIRS,n,2,296.69,1.43,N,0
18.35887,80.72514,308.87,0.32,0.55,2025-03-16,2046,N20,VIIRS,n,2,295.79,1.4,N,0
18.36561,80.69256,305.35,0.32,0.55,2025-03-16,2046,N20,VIIRS,n,2,295.09,0.92,N,0
18.48069,78.3231,308.34,0.45,0.47,2025-03-16,2046,N20,VIIRS,n,2,294.83,1.44,N,0
18.48122,78.32465,306.08,0.45,0.47,2025-03-16,2046,N20,VIIRS,n,2,294.19,1.23,N,0
18.52076,80.69357,309.75,0.32,0.55,2025-03-16,2046,N20,VIIRS,n,2,295.71,2.18,N,0
18.53001,80.69865,309.9,0.32,0.55,2025-03-16,2046,N20,VIIRS,n,2,296.58,1.68,N,0
18.54295,78.31936,309.94,0.45,0.47,2025-03-16,2046,N20,VIIRS,n,2,295.32,1.68,N,0
18.64465,78.78561,315.23,0.48,0.48,2025-03-16,2046,N20,VIIRS,n,2,295.63,2.18,N,0
18.65135,77.40623,313.83,0.39,0.44,2025-03-16,2046,N20,VIIRS,n,2,295.4,1.94,N,0
18.69736,78.56071,307.7,0.46,0.47,2025-03-16,2046,N20,VIIRS,n,2,294.48,1.74,N,0
18.79572,80.74979,307.71,0.64,0.54,2025-03-16,2046,N20,VIIRS,n,2,295.5,3.86,N,0
18.82908,80.56378,309.82,0.62,0.54,2025-03-16,2046,N20,VIIRS,n,2,297.42,3.14,N,0
18.83687,80.64945,306.55,0.63,0.54,2025-03-16,2046,N20,VIIRS,n,2,295.65,3.4,N,0
18.84416,80.63874,306.16,0.62,0.54,2025-03-16,2046,N20,VIIRS,n,2,295.39,2.51,N,0
18.85,77.40115,309.68,0.39,0.44,2025-03-16,2046,N20,VIIRS,n,2,294.62,1.27,N,0
18.89875,80.46997,311.26,0.61,0.53,2025-03-16,2046,N20,VIIRS,n,2,296.42,4.78,N,0
18.93021,80.3637,312.75,0.6,0.53,2025-03-16,2046,N20,VIIRS,n,2,295.1,2.83,N,0
18.93482,80.04764,307.35,0.57,0.52,2025-03-16,2046,N20,VIIRS,n,2,295.5,2.19,N,0
18.99525,80.08778,306.11,0.57,0.52,2025-03-16,2046,N20,VIIRS,n,2,295.9,2.84,N,0
18.99936,80.0671,307.44,0.57,0.52,2025-03-16,2046,N20,VIIRS,n,2,297.31,3.53,N,0
18.99997,80.09534,307.28,0.57,0.52,2025-03-16,2046,N20,VIIRS,n,2,296.12,1.99,N,0
19.00272,80.09943,310.24,0.57,0.52,2025-03-16,2046,N20,VIIRS,n,2,296.39,3.06,N,0
19.00365,80.10125,311.47,0.57,0.52,2025-03-16,2046,N20,VIIRS,n,2,296.34,1.99,N,0
19.00635,80.10587,312.91,0.57,0.52,2025-03-16,2046,N20,VIIRS,n,2,295.7,3.53,N,0
19.0072,80.10782,310.86,0.57,0.52,2025-03-16,2046,N20,VIIRS,n,2,295.72,2.6,N,0
19.02022,80.11002,308.22,0.57,0.52,2025-03-16,2046,N20,VIIRS,n,2,296.15,2.94,N,0
19.03102,80.08723,311.5,0.57,0.52,2025-03-16,2046,N20,VIIRS,n,2,297.79,3.87,N,0
19.04725,80.15216,309.33,0.57,0.52,2025-03-16,2046,N20,VIIRS,n,2,297.74,3.71,N,0
19.05079,79.20109,310.61,0.5,0.49,2025-03-16,2046,N20,VIIRS,n,2,295.49,3.05,N,0
19.052,80.37307,309.43,0.59,0.53,2025-03-16,2046,N20,VIIRS,n,2,296.33,3.68,N,0
19.06534,80.7748,308.25,0.63,0.54,2025-03-16,2046,N20,VIIRS,n,2,295.44,3.61,N,0
19.10251,79.12033,312.61,0.49,0.49,2025-03-16,2046,N20,VIIRS,n,2,295.04,1.54,N,0
19.10284,79.12193,313.62,0.49,0.49,2025-03-16,2046,N20,VIIRS,n,2,295.59,2.11,N,0
19.10308,79.92321,306.98,0.55,0.51,2025-03-16,2046,N20,VIIRS,n,2,295.95,2.94,N,0
19.10781,79.11678,304.07,0.49,0.49,2025-03-16,2046,N20,VIIRS,n,2,292.9,1.26,N,0
19.18325,80.31479,307.8,0.59,0.52,2025-03-16,2046,N20,VIIRS,n,2,295.96,3.2,N,0
19.18343,80.31324,306.68,0.59,0.53,2025-03-16,2046,N20,VIIRS,n,2,295.78,2.74,N,0
19.21144,78.98316,304.72,0.48,0.48,2025-03-16,2046,N20,VIIRS,n,2,294.19,1.41,N,0
19.21231,78.97865,307.92,0.48,0.48,2025-03-16,2046,N20,VIIRS,n,2,294.39,1.41,N,0
19.21775,81.36813,313.62,0.34,0.56,2025-03-16,2046,N20,VIIRS,n,2,295.69,2.37,N,0
19.23574,80.12366,309.11,0.57,0.52,2025-03-16,2046,N20,VIIRS,n,2,295.75,2.45,N,0
19.23802,80.12035,309.77,0.57,0.52,2025-03-16,2046,N20,VIIRS,n,2,295.97,3.5,N,0
19.2454,80.78732,307.15,0.63,0.54,2025-03-16,2046,N20,VIIRS,n,2,296.18,2.33,N,0
19.27705,79.81133,306.86,0.54,0.51,2025-03-16,2046,N20,VIIRS,n,2,295.6,2.38,N,0
19.28655,80.21938,307.24,0.57,0.52,2025-03-16,2046,N20,VIIRS,n,2,296.55,3.48,N,0
19.28726,79.80818,310.91,0.54,0.51,2025-03-16,2046,N20,VIIRS,n,2,295.59,2.02,N,0
19.28746,79.81132,308.89,0.54,0.51,2025-03-16,2046,N20,VIIRS,n,2,296.66,3.07,N,0
19.29127,80.22038,308.99,0.57,0.52,2025-03-16,2046,N20,VIIRS,n,2,296.41,3.12,N,0
19.29188,79.80901,308.71,0.54,0.51,2025-03-16,2046,N20,VIIRS,n,2,296.31,2.02,N,0
19.29401,78.25587,306.44,0.43,0.46,2025-03-16,2046,N20,VIIRS,n,2,293.25,2.2,N,0
19.29449,79.81966,306.36,0.54,0.51,2025-03-16,2046,N20,VIIRS,n,2,296.08,3.29,N,0
19.29476,78.76892,314.5,0.46,0.47,2025-03-16,2046,N20,VIIRS,n,2,293.44,2.31,N,0
19.2955,79.8147,323.84,0.54,0.51,2025-03-16,2046,N20,VIIRS,n,2,296.77,2.99,N,0
19.2957,79.81806,325.41,0.54,0.51,2025-03-16,2046,N20,VIIRS,n,2,296.9,3.57,N,0
19.29667,79.81309,310.85,0.54,0.51,2025-03-16,2046,N20,VIIRS,n,2,296.23,3.57,N,0
19.29815,78.25675,330.42,0.43,0.46,2025-03-16,2046,N20,VIIRS,n,2,293.84,2.2,N,0
19.30005,79.81586,309.51,0.54,0.51,2025-03-16,2046,N20,VIIRS,n,2,296.37,2.99,N,0
19.30282,79.09837,307.01,0.49,0.48,2025-03-16,2046,N20,VIIRS,n,2,295.68,1.86,N,0
19.30307,80.85536,303.13,0.63,0.54,2025-03-16,2046,N20,VIIRS,n,2,292.47,2.62,N,0
19.30404,81.15646,302.73,0.33,0.55,2025-03-16,2046,N20,VIIRS,n,2,292.65,0.96,N,0
19.3102,80.18287,305.32,0.57,0.52,2025-03-16,2046,N20,VIIRS,n,2,294.42,1.96,N,0
19.31224,80.16438,306.19,0.57,0.52,2025-03-16,2046,N20,VIIRS,n,2,293.76,1.86,N,0
19.31268,79.82437,307.96,0.54,0.51,2025-03-16,2046,N20,VIIRS,n,2,296.58,2.55,N,0
19.3226,80.84267,305.7,0.63,0.54,2025-03-16,2046,N20,VIIRS,n,2,293.16,2.16,N,0
19.32904,78.77623,304.57,0.46,0.47,2025-03-16,2046,N20,VIIRS,n,2,292.05,1.64,N,0
19.37974,79.05475,307.8,0.48,0.48,2025-03-16,2046,N20,VIIRS,n,2,295.72,1.73,N,0
19.38686,78.29589,308.47,0.43,0.46,2025-03-16,2046,N20,VIIRS,n,2,293.45,1.49,N,0
19.39765,79.89809,313.49,0.54,0.51,2025-03-16,2046,N20,VIIRS,n,2,297.04,3.5,N,0
19.41846,79.41296,306.7,0.51,0.49,2025-03-16,2046,N20,VIIRS,n,2,296.2,2.36,N,0
19.42521,79.61633,308.15,0.52,0.5,2025-03-16,2046,N20,VIIRS,n,2,296.59,2.69,N,0
19.42731,80.21593,306.51,0.57,0.52,2025-03-16,2046,N20,VIIRS,n,2,294.46,1.38,N,0
19.47794,79.88007,310.0,0.54,0.51,2025-03-16,2046,N20,VIIRS,n,2,295.91,2.64,N,0
19.52491,79.64144,308.05,0.52,0.5,2025-03-16,2046,N20,VIIRS,n,2,295.0,1.49,N,0
19.53422,80.0974,306.85,0.56,0.51,2025-03-16,2046,N20,VIIRS,n,2,294.65,1.82,N,0
19.53885,80.0985,307.51,0.56,0.51,2025-03-16,2046,N20,VIIRS,n,2,294.4,1.82,N,0
19.5667,78.35706,304.5,0.43,0.46,2025-03-16,2046,N20,VIIRS,n,2,289.16,2.05,N,0
19.5695,79.36595,316.2,0.5,0.49,2025-03-16,2046,N20,VIIRS,n,2,295.32,3.69,N,0
19.5748,79.36245,312.29,0.5,0.49,2025-03-16,2046,N20,VIIRS,n,2,294.72,3.69,N,0
19.62082,78.44163,308.28,0.44,0.46,2025-03-16,2046,N20,VIIRS,n,2,292.78,1.67,N,0
19.62655,78.43434,312.06,0.44,0.46,2025-03-16,2046,N20,VIIRS,n,2,293.85,2.01,N,0
19.63523,79.05102,325.24,0.48,0.48,2025-03-16,2046,N20,VIIRS,n,2,293.91,3.42,N,0
19.65585,79.06123,311.81,0.48,0.48,2025-03-16,2046,N20,VIIRS,n,2,293.7,3.22,N,0
19.68464,78.93414,308.54,0.47,0.48,2025-03-16,2046,N20,VIIRS,n,2,294.43,5.27,N,0
19.68575,78.93694,325.39,0.47,0.48,2025-03-16,2046,N20,VIIRS,n,2,295.25,7.43,N,0
19.68888,79.12675,314.11,0.48,0.48,2025-03-16,2046,N20,VIIRS,n,2,294.77,3.4,N,0
19.68928,79.91569,305.41,0.54,0.51,2025-03-16,2046,N20,VIIRS,n,2,293.18,1.2,N,0
19.68975,79.12232,307.97,0.48,0.48,2025-03-16,2046,N20,VIIRS,n,2,295.01,5.61,N,0
19.69319,79.1279,307.82,0.48,0.48,2025-03-16,2046,N20,VIIRS,n,2,295.04,3.4,N,0
19.71116,78.3162,306.8,0.43,0.46,2025-03-16,2046,N20,VIIRS,n,2,293.76,2.73,N,0
19.715,78.07998,322.27,0.41,0.45,2025-03-16,2046,N20,VIIRS,n,2,293.86,2.76,N,0
19.74436,80.01846,307.16,0.55,0.51,2025-03-16,2046,N20,VIIRS,n,2,295.06,2.65,N,0
19.75356,80.02051,307.59,0.55,0.51,2025-03-16,2046,N20,VIIRS,n,2,295.13,3.62,N,0
19.75816,80.02151,314.76,0.55,0.51,2025-03-16,2046,N20,VIIRS,n,2,295.42,2.11,N,0
19.76276,80.02251,306.78,0.55,0.51,2025-03-16,2046,N20,VIIRS,n,2,295.26,2.11,N,0
19.76299,78.02502,306.07,0.41,0.45,2025-03-16,2046,N20,VIIRS,n,2,294.05,1.54,N,0
19.76525,79.98603,309.6,0.54,0.51,2025-03-16,2046,N20,VIIRS,n,2,293.72,4.12,N,0
19.76579,80.00738,306.46,0.55,0.51,2025-03-16,2046,N20,VIIRS,n,2,294.78,3.42,N,0
19.77038,80.00839,308.24,0.55,0.51,2025-03-16,2046,N20,VIIRS,n,2,294.92,4.25,N,0
19.77085,79.98196,305.91,0.54,0.51,2025-03-16,2046,N20,VIIRS,n,2,292.94,2.67,N,0
19.78009,77.57584,315.76,0.39,0.44,2025-03-16,2046,N20,VIIRS,n,2,294.24,1.43,N,0
19.78258,78.21162,306.81,0.42,0.45,2025-03-16,2046,N20,VIIRS,n,2,293.11,1.19,N,0
19.78404,77.57662,308.07,0.39,0.44,2025-03-16,2046,N20,VIIRS,n,2,294.35,1.01,N,0
19.78598,78.21622,306.26,0.42,0.45,2025-03-16,2046,N20,VIIRS,n,2,289.43,1.19,N,0
19.78671,78.21233,307.89,0.42,0.45,2025-03-16,2046,N20,VIIRS,n,2,292.74,1.19,N,0
19.79151,80.23077,309.77,0.56,0.52,2025-03-16,2046,N20,VIIRS,n,2,295.71,3.58,N,0
19.84087,80.10655,312.54,0.55,0.51,2025-03-16,2046,N20,VIIRS,n,2,294.15,2.36,N,0
19.8419,80.10144,305.86,0.55,0.51,2025-03-16,2046,N20,VIIRS,n,2,293.35,1.72,N,0
19.86615,80.16257,305.58,0.55,0.51,2025-03-16,2046,N20,VIIRS,n,2,294.07,1.18,N,0
19.86756,80.16644,305.14,0.56,0.51,2025-03-16,2046,N20,VIIRS,n,2,293.29,1.34,N,0
19.87185,80.15842,310.86,0.55,0.51,2025-03-16,2046,N20,VIIRS,n,2,293.4,2.3,N,0
19.87425,80.15708,314.96,0.55,0.51,2025-03-16,2046,N20,VIIRS,n,2,294.03,3.23,N,0
19.87529,80.15186,312.38,0.55,0.51,2025-03-16,2046,N20,VIIRS,n,2,293.69,2.05,N,0
19.87756,80.15421,308.11,0.55,0.51,2025-03-16,2046,N20,VIIRS,n,2,294.1,2.3,N,0
19.87864,80.14898,307.18,0.55,0.51,2025-03-16,2046,N20,VIIRS,n,2,294.01,1.62,N,0
19.87889,80.15806,307.76,0.55,0.51,2025-03-16,2046,N20,VIIRS,n,2,294.04,2.18,N,0
19.89399,80.1685,304.61,0.55,0.51,2025-03-16,2046,N20,VIIRS,n,2,293.7,2.0,N,0
19.90236,80.12756,309.1,0.55,0.51,2025-03-16,2046,N20,VIIRS,n,2,295.22,2.86,N,0
19.92348,79.11449,307.72,0.48,0.48,2025-03-16,2046,N20,VIIRS,n,2,295.33,2.34,N,2
19.93109,78.02536,306.87,0.41,0.45,2025-03-16,2046,N20,VIIRS,n,2,294.37,0.85,N,0
19.93569,80.12978,306.72,0.55,0.51,2025-03-16,2046,N20,VIIRS,n,2,295.6,1.98,N,0
19.9403,80.13081,317.51,0.55,0.51,2025-03-16,2046,N20,VIIRS,n,2,296.34,1.98,N,0
19.94133,80.12573,307.37,0.55,0.51,2025-03-16,2046,N20,VIIRS,n,2,294.52,1.98,N,0
19.9449,80.13195,306.09,0.55,0.51,2025-03-16,2046,N20,VIIRS,n,2,295.12,2.84,N,0
19.94698,80.12161,310.24,0.55,0.51,2025-03-16,2046,N20,VIIRS,n,2,295.12,3.38,N,0
19.9771,79.39874,303.28,0.49,0.49,2025-03-16,2046,N20,VIIRS,n,2,292.2,0.85,N,0
19.98541,80.19514,306.2,0.56,0.51,2025-03-16,2046,N20,VIIRS,n,2,294.54,1.94,N,0
19.99189,78.76264,325.48,0.45,0.47,2025-03-16,2046,N20,VIIRS,n,2,295.97,3.54,N,0
15.50469,79.01598,305.42,0.56,0.52,2025-03-16,2047,N20,VIIRS,n,2,295.33,1.42,N,0
15.60551,78.67255,321.72,0.53,0.5,2025-03-16,2047,N20,VIIRS,n,2,296.83,3.22,N,0
15.6925,78.78692,313.03,0.54,0.51,2025-03-16,2047,N20,VIIRS,n,2,295.83,2.27,N,0
15.8311,78.40594,302.67,0.51,0.49,2025-03-16,2047,N20,VIIRS,n,2,291.28,0.58,N,0
15.96513,80.93938,305.96,0.37,0.58,2025-03-16,2047,N20,VIIRS,n,2,295.19,0.57,N,2
15.99619,78.78488,307.94,0.53,0.5,2025-03-16,2047,N20,VIIRS,n,2,294.38,1.29,N,0
15.99671,78.78307,305.09,0.53,0.5,2025-03-16,2047,N20,VIIRS,n,2,294.36,1.33,N,0
16.03634,78.7003,306.89,0.53,0.5,2025-03-16,2047,N20,VIIRS,n,2,295.12,1.95,N,0
16.0468,78.5164,306.52,0.51,0.49,2025-03-16,2047,N20,VIIRS,n,2,294.69,2.01,N,0
16.049,78.51476,308.76,0.51,0.49,2025-03-16,2047,N20,VIIRS,n,2,296.37,2.03,N,0
16.08927,78.69435,310.11,0.52,0.5,2025-03-16,2047,N20,VIIRS,n,2,294.84,1.76,N,0
16.09372,78.69571,317.42,0.52,0.5,2025-03-16,2047,N20,VIIRS,n,2,296.71,1.76,N,0
16.09446,78.81636,304.86,0.53,0.5,2025-03-16,2047,N20,VIIRS,n,2,292.73,1.15,N,0
16.09492,78.8143,304.17,0.53,0.5,2025-03-16,2047,N20,VIIRS,n,2,293.08,1.29,N,0
16.09892,78.81785,313.33,0.53,0.5,2025-03-16,2047,N20,VIIRS,n,2,293.43,1.15,N,0
16.09939,78.81567,319.67,0.53,0.5,2025-03-16,2047,N20,VIIRS,n,2,294.85,2.66,N,0
16.09986,78.81286,306.46,0.53,0.5,2025-03-16,2047,N20,VIIRS,n,2,295.83,2.2,N,0
16.11192,78.69894,306.6,0.52,0.5,2025-03-16,2047,N20,VIIRS,n,2,295.8,2.1,N,0
16.11325,78.69706,309.33,0.52,0.5,2025-03-16,2047,N20,VIIRS,n,2,296.12,2.81,N,0
15.50472,78.66563,334.86,0.39,0.36,2025-03-17,756,N20,VIIRS,l,2,308.55,1.77,D,0
15.50692,78.65792,347.32,0.39,0.36,2025-03-17,756,N20,VIIRS,n,2,309.67,3.77,D,0
15.50803,78.66509,334.83,0.39,0.36,2025-03-17,756,N20,VIIRS,l,2,307.35,1.35,D,0
15.5655,79.30673,344.7,0.38,0.36,2025-03-17,756,N20,VIIRS,l,2,318.74,9.06,D,0
15.5688,79.3062,354.04,0.38,0.36,2025-03-17,756,N20,VIIRS,n,2,323.14,9.06,D,0
15.57156,79.30211,352.32,0.38,0.36,2025-03-17,756,N20,VIIRS,l,2,324.77,25.23,D,0
15.5721,79.30567,355.62,0.38,0.36,2025-03-17,756,N20,VIIRS,n,2,321.52,9.39,D,0
15.57598,78.81932,343.26,0.39,0.36,2025-03-17,756,N20,VIIRS,l,2,314.73,3.39,D,0
15.58038,78.8259,354.5,0.39,0.36,2025-03-17,756,N20,VIIRS,n,2,320.08,10.31,D,0
15.58093,78.82946,347.86,0.39,0.36,2025-03-17,756,N20,VIIRS,n,2,315.04,8.77,D,0
15.58368,78.82536,340.72,0.39,0.36,2025-03-17,756,N20,VIIRS,l,2,313.91,10.31,D,0
15.6189,78.67947,348.72,0.39,0.36,2025-03-17,756,N20,VIIRS,n,2,308.42,4.67,D,0
15.63232,78.07105,349.78,0.4,0.37,2025-03-17,756,N20,VIIRS,n,2,317.24,9.54,D,0
15.68069,78.72814,336.05,0.39,0.36,2025-03-17,756,N20,VIIRS,l,2,308.25,4.02,D,0
15.68125,78.73177,356.41,0.39,0.36,2025-03-17,756,N20,VIIRS,n,2,312.76,9.39,D,0
15.6912,78.79636,338.4,0.39,0.36,2025-03-17,756,N20,VIIRS,l,2,311.04,2.61,D,0
15.69284,78.78496,342.06,0.39,0.36,2025-03-17,756,N20,VIIRS,n,2,308.63,3.81,D,0
15.69335,78.70023,350.71,0.39,0.36,2025-03-17,756,N20,VIIRS,n,2,311.57,7.54,D,0
15.69504,78.79936,339.27,0.39,0.36,2025-03-17,756,N20,VIIRS,l,2,311.21,2.61,D,0
15.69558,78.78078,347.78,0.39,0.36,2025-03-17,756,N20,VIIRS,n,2,310.67,12.91,D,0
15.70108,78.83852,347.42,0.39,0.36,2025-03-17,756,N20,VIIRS,n,2,313.12,5.28,D,0
15.70273,78.71716,343.72,0.39,0.36,2025-03-17,756,N20,VIIRS,n,2,308.52,3.24,D,0
15.70659,78.72021,339.43,0.39,0.36,2025-03-17,756,N20,VIIRS,n,2,307.43,1.88,D,0
15.7099,78.71968,335.43,0.39,0.36,2025-03-17,756,N20,VIIRS,l,2,306.52,1.88,D,0
15.7134,78.71837,342.45,0.39,0.36,2025-03-17,756,N20,VIIRS,n,2,310.04,4.9,D,0
15.71671,78.71784,339.72,0.39,0.36,2025-03-17,756,N20,VIIRS,n,2,308.75,4.9,D,0
15.72002,78.71732,346.64,0.39,0.36,2025-03-17,756,N20,VIIRS,n,2,308.58,3.63,D,0
15.72332,78.71675,337.87,0.39,0.36,2025-03-17,756,N20,VIIRS,n,2,307.84,3.63,D,0
15.72474,78.83817,347.64,0.39,0.36,2025-03-17,756,N20,VIIRS,n,2,313.0,3.86,D,0
15.72661,78.71616,331.32,0.39,0.36,2025-03-17,756,N20,VIIRS,l,2,305.01,0.76,D,0
15.7327,78.73354,333.38,0.39,0.36,2025-03-17,756,N20,VIIRS,l,2,306.94,2.43,D,0
15.73812,78.68101,334.49,0.39,0.36,2025-03-17,756,N20,VIIRS,l,2,308.75,2.19,D,0
15.7509,78.74163,344.38,0.39,0.36,2025-03-17,756,N20,VIIRS,n,2,308.29,5.23,D,0
15.75145,78.74522,331.66,0.39,0.36,2025-03-17,756,N20,VIIRS,l,2,304.86,5.23,D,0
15.75753,78.7626,333.27,0.39,0.36,2025-03-17,756,N20,VIIRS,l,2,306.44,4.09,D,0
15.75919,78.77336,338.89,0.39,0.36,2025-03-17,756,N20,VIIRS,n,2,308.86,4.61,D,0
15.76194,78.76925,335.06,0.39,0.36,2025-03-17,756,N20,VIIRS,l,2,309.32,1.83,D,0
15.76249,78.77283,334.07,0.39,0.36,2025-03-17,756,N20,VIIRS,l,2,306.48,1.83,D,0
15.76745,78.78299,335.04,0.39,0.36,2025-03-17,756,N20,VIIRS,l,2,309.85,1.84,D,0
15.77186,78.78961,347.1,0.39,0.36,2025-03-17,756,N20,VIIRS,n,2,310.83,4.1,D,0
15.77901,78.79207,341.25,0.39,0.36,2025-03-17,756,N20,VIIRS,n,2,311.66,4.69,D,0
15.77956,78.79567,343.31,0.39,0.36,2025-03-17,756,N20,VIIRS,n,2,309.18,3.78,D,0
15.78561,78.79099,347.42,0.39,0.36,2025-03-17,756,N20,VIIRS,n,2,314.46,4.27,D,0
15.78616,78.79457,345.01,0.39,0.36,2025-03-17,756,N20,VIIRS,n,2,316.98,9.88,D,0
15.78892,78.79047,337.72,0.39,0.36,2025-03-17,756,N20,VIIRS,l,2,312.54,4.27,D,0
15.78947,78.79404,343.92,0.39,0.36,2025-03-17,756,N20,VIIRS,l,2,316.42,9.88,D,0
15.79608,78.79301,345.07,0.39,0.36,2025-03-17,756,N20,VIIRS,n,2,312.33,5.32,D,0
15.79663,78.79657,344.6,0.39,0.36,2025-03-17,756,N20,VIIRS,n,2,313.18,5.32,D,0
15.80048,78.79961,346.99,0.39,0.36,2025-03-17,756,N20,VIIRS,n,2,313.28,4.47,D,0
15.80103,78.80316,352.2,0.39,0.36,2025-03-17,756,N20,VIIRS,n,2,314.01,4.47,D,0
15.80856,79.67916,348.33,0.39,0.36,2025-03-17,756,N20,VIIRS,l,2,320.32,16.11,D,0
15.81863,78.80756,345.87,0.39,0.36,2025-03-17,756,N20,VIIRS,l,2,318.02,5.47,D,0
15.82248,78.81059,346.34,0.39,0.36,2025-03-17,756,N20,VIIRS,n,2,315.31,5.34,D,0
15.82363,78.70691,340.07,0.39,0.36,2025-03-17,756,N20,VIIRS,n,2,311.42,2.01,D,0
15.82694,78.70637,338.9,0.39,0.36,2025-03-17,756,N20,VIIRS,l,2,311.13,3.99,D,0
15.83403,78.81963,342.95,0.39,0.36,2025-03-17,756,N20,VIIRS,n,2,314.01,2.45,D,0
15.83754,78.81857,347.97,0.39,0.36,2025-03-17,756,N20,VIIRS,n,2,314.95,6.67,D,0
15.84386,78.9277,343.46,0.39,0.36,2025-03-17,756,N20,VIIRS,l,2,317.15,3.65,D,0
15.84647,79.32172,367.0,0.38,0.36,2025-03-17,756,N20,VIIRS,h,2,325.55,27.02,D,0
15.85074,78.81639,340.73,0.39,0.36,2025-03-17,756,N20,VIIRS,l,2,313.57,3.63,D,0
15.8546,78.81945,338.86,0.39,0.36,2025-03-17,756,N20,VIIRS,l,2,311.52,2.39,D,0
15.85735,78.83731,339.7,0.39,0.36,2025-03-17,756,N20,VIIRS,l,2,310.03,2.75,D,0
15.85786,78.9286,348.87,0.39,0.36,2025-03-17,756,N20,VIIRS,n,2,317.06,7.08,D,0
15.86065,78.81477,348.05,0.39,0.36,2025-03-17,756,N20,VIIRS,n,2,312.68,5.79,D,0
15.86065,78.83678,337.46,0.39,0.36,2025-03-17,756,N20,VIIRS,l,2,310.96,2.42,D,0
15.86556,78.9127,346.01,0.39,0.36,2025-03-17,756,N20,VIIRS,l,2,320.23,4.4,D,0
15.86887,78.91217,345.03,0.39,0.36,2025-03-17,756,N20,VIIRS,l,2,317.37,4.4,D,0
15.89806,78.81593,347.7,0.39,0.36,2025-03-17,756,N20,VIIRS,l,2,318.63,10.88,D,0
15.89861,78.81952,348.33,0.39,0.36,2025-03-17,756,N20,VIIRS,n,2,317.73,8.83,D,0
15.90191,78.81898,349.87,0.39,0.36,2025-03-17,756,N20,VIIRS,n,2,316.5,8.83,D,0
15.96231,78.92236,344.29,0.38,0.36,2025-03-17,756,N20,VIIRS,n,2,317.34,4.04,D,0
15.99313,78.79279,337.01,0.39,0.36,2025-03-17,756,N20,VIIRS,l,2,310.31,5.41,D,0
16.0096,78.87795,348.92,0.39,0.36,2025-03-17,756,N20,VIIRS,l,2,319.56,6.05,D,0
16.0129,78.87742,346.4,0.39,0.36,2025-03-17,756,N20,VIIRS,l,2,316.66,6.05,D,0
16.01501,79.0015,348.89,0.38,0.36,2025-03-17,756,N20,VIIRS,n,2,317.34,8.02,D,0
16.02106,78.99688,347.91,0.38,0.36,2025-03-17,756,N20,VIIRS,n,2,316.01,6.51,D,0
16.03659,78.72313,342.6,0.39,0.36,2025-03-17,756,N20,VIIRS,n,2,311.71,4.12,D,0
16.03714,78.72672,349.71,0.39,0.36,2025-03-17,756,N20,VIIRS,n,2,313.03,4.12,D,0
16.04059,78.72569,341.41,0.39,0.36,2025-03-17,756,N20,VIIRS,l,2,314.32,8.67,D,0
16.04334,78.72157,339.36,0.39,0.36,2025-03-17,756,N20,VIIRS,l,2,311.8,8.67,D,0
16.04356,78.50432,339.27,0.39,0.36,2025-03-17,756,N20,VIIRS,n,2,310.74,3.82,D,0
16.0439,78.72516,350.08,0.39,0.36,2025-03-17,756,N20,VIIRS,n,2,311.99,8.67,D,0
16.04523,78.51509,336.7,0.39,0.36,2025-03-17,756,N20,VIIRS,n,2,308.55,2.56,D,0
16.07309,78.76067,345.47,0.39,0.36,2025-03-17,756,N20,VIIRS,n,2,313.58,3.85,D,0
16.07639,78.76015,341.02,0.39,0.36,2025-03-17,756,N20,VIIRS,l,2,315.02,3.85,D,0
16.07966,78.97942,345.73,0.38,0.36,2025-03-17,756,N20,VIIRS,n,2,316.78,7.07,D,0
16.08522,78.81743,355.9,0.39,0.36,2025-03-17,756,N20,VIIRS,n,2,316.95,10.61,D,0
16.08576,78.821,354.65,0.39,0.36,2025-03-17,756,N20,VIIRS,n,2,311.12,10.61,D,0
16.08632,78.82456,338.54,0.39,0.36,2025-03-17,756,N20,VIIRS,n,2,311.58,5.0,D,0
16.08907,78.82046,367.0,0.39,0.36,2025-03-17,756,N20,VIIRS,h,2,341.55,105.41,D,0
16.08957,78.69189,344.2,0.39,0.36,2025-03-17,756,N20,VIIRS,n,2,312.54,4.37,D,0
16.08961,78.82402,351.04,0.39,0.36,2025-03-17,756,N20,VIIRS,l,2,328.28,32.63,D,0
16.09016,78.82759,367.0,0.39,0.36,2025-03-17,756,N20,VIIRS,h,2,318.01,32.63,D,0
16.09071,78.83114,336.72,0.39,0.36,2025-03-17,756,N20,VIIRS,n,2,310.41,10.72,D,0
16.09292,78.82349,348.03,0.39,0.36,2025-03-17,756,N20,VIIRS,n,2,319.06,32.63,D,0
16.09342,78.69492,344.41,0.39,0.36,2025-03-17,756,N20,VIIRS,n,2,311.74,4.37,D,0
16.09401,78.8306,353.23,0.39,0.36,2025-03-17,756,N20,VIIRS,n,2,319.64,10.72,D,0
16.09785,78.83359,345.34,0.39,0.36,2025-03-17,756,N20,VIIRS,l,2,316.74,16.81,D,0
16.1039,78.71896,347.31,0.39,0.36,2025-03-17,756,N20,VIIRS,n,2,317.5,9.86,D,0
16.10446,78.72254,367.0,0.39,0.36,2025-03-17,756,N20,VIIRS,h,2,315.6,9.86,D,0
16.10666,78.71484,346.88,0.39,0.36,2025-03-17,756,N20,VIIRS,l,2,320.37,7.49,D,0
16.10868,78.46371,336.51,0.39,0.36,2025-03-17,756,N20,VIIRS,l,2,309.61,2.11,D,0
16.10996,78.7143,349.37,0.39,0.36,2025-03-17,756,N20,VIIRS,l,2,320.14,7.49,D,0
16.11107,78.74353,347.62,0.39,0.36,2025-03-17,756,N20,VIIRS,n,2,320.0,9.28,D,0
16.11326,78.71377,342.9,0.39,0.36,2025-03-17,756,N20,VIIRS,l,2,315.14,5.04,D,0
16.1138,78.69526,343.19,0.39,0.36,2025-03-17,756,N20,VIIRS,n,2,312.93,4.09,D,0
16.11711,78.69474,344.19,0.39,0.36,2025-03-17,756,N20,VIIRS,n,2,312.99,5.53,D,0
16.14888,78.70046,341.79,0.39,0.36,2025-03-17,756,N20,VIIRS,l,2,313.46,5.64,D,0
16.15163,78.69635,344.11,0.39,0.36,2025-03-17,756,N20,VIIRS,l,2,314.2,7.16,D,0
16.15274,78.7035,339.81,0.39,0.36,2025-03-17,756,N20,VIIRS,l,2,313.23,4.19,D,0
16.15659,78.70651,345.33,0.39,0.36,2025-03-17,756,N20,VIIRS,n,2,314.73,4.19,D,0
16.15989,78.70595,338.33,0.39,0.36,2025-03-17,756,N20,VIIRS,l,2,310.96,5.1,D,0
16.16282,79.19241,343.72,0.38,0.36,2025-03-17,756,N20,VIIRS,l,2,317.58,4.74,D,0
16.18197,79.95258,344.04,0.39,0.36,2025-03-17,756,N20,VIIRS,n,2,312.85,9.41,D,0
16.23804,78.70787,342.27,0.39,0.36,2025-03-17,756,N20,VIIRS,n,2,304.94,27.16,D,0
16.24135,78.70732,333.92,0.39,0.36,2025-03-17,756,N20,VIIRS,l,2,306.76,41.83,D,0
16.24407,78.83521,349.98,0.39,0.36,2025-03-17,756,N20,VIIRS,n,2,320.11,6.49,D,0
16.24409,78.70319,344.94,0.39,0.36,2025-03-17,756,N20,VIIRS,n,2,311.86,41.83,D,0
16.2474,78.70265,336.75,0.39,0.36,2025-03-17,756,N20,VIIRS,l,2,309.79,7.69,D,0
16.24795,78.70623,344.38,0.39,0.36,2025-03-17,756,N20,VIIRS,n,2,310.6,7.69,D,0
16.24842,79.24049,346.39,0.38,0.36,2025-03-17,756,N20,VIIRS,l,2,317.96,5.68,D,0
16.2485,78.70981,340.82,0.39,0.36,2025-03-17,756,N20,VIIRS,l,2,311.39,4.38,D,0
16.25015,78.72054,337.02,0.39,0.36,2025-03-17,756,N20,VIIRS,l,2,309.67,15.76,D,0
16.2518,78.70926,348.24,0.39,0.36,2025-03-17,756,N20,VIIRS,n,2,309.11,4.38,D,0
16.25235,78.71284,342.04,0.39,0.36,2025-03-17,756,N20,VIIRS,l,2,314.22,4.38,D,0
16.25235,78.73486,367.0,0.39,0.36,2025-03-17,756,N20,VIIRS,h,2,329.23,125.07,D,0
16.25345,78.71999,354.2,0.39,0.36,2025-03-17,756,N20,VIIRS,n,2,312.11,15.76,D,0
16.25579,78.7112,346.69,0.39,0.36,2025-03-17,756,N20,VIIRS,n,2,307.98,4.33,D,0
16.25634,78.71478,354.52,0.39,0.36,2025-03-17,756,N20,VIIRS,n,2,312.38,15.74,D,0
16.33773,78.82599,353.22,0.38,0.36,2025-03-17,756,N20,VIIRS,n,2,320.69,10.29,D,0
16.33883,78.83315,343.13,0.38,0.36,2025-03-17,756,N20,VIIRS,l,2,316.52,4.04,D,0
16.34103,78.82545,348.87,0.38,0.36,2025-03-17,756,N20,VIIRS,n,2,314.62,7.34,D,0
16.34158,78.82904,351.7,0.38,0.36,2025-03-17,756,N20,VIIRS,n,2,315.53,7.34,D,0
16.37782,79.53807,348.67,0.38,0.36,2025-03-17,756,N20,VIIRS,n,2,320.94,5.94,D,0
16.38664,79.21323,347.47,0.38,0.36,2025-03-17,756,N20,VIIRS,l,2,318.91,7.18,D,0
16.39048,79.21628,350.81,0.38,0.36,2025-03-17,756,N20,VIIRS,l,2,322.13,7.18,D,0
16.39378,79.21574,349.19,0.38,0.36,2025-03-17,756,N20,VIIRS,l,2,319.94,8.54,D,0
16.4185,78.84182,349.38,0.38,0.36,2025-03-17,756,N20,VIIRS,n,2,316.33,7.12,D,0
16.45081,80.51525,347.85,0.4,0.37,2025-03-17,756,N20,VIIRS,n,2,316.2,5.81,D,0
16.45655,79.15778,355.1,0.38,0.36,2025-03-17,756,N20,VIIRS,n,2,321.67,12.82,D,0
16.45709,79.16135,352.43,0.38,0.36,2025-03-17,756,N20,VIIRS,n,2,319.73,12.82,D,0
16.49945,80.82893,340.1,0.4,0.37,2025-03-17,756,N20,VIIRS,l,2,313.49,1.85,D,0
16.50669,78.90735,346.32,0.38,0.36,2025-03-17,756,N20,VIIRS,l,2,321.02,5.42,D,0
16.56274,80.18815,346.61,0.39,0.36,2025-03-17,756,N20,VIIRS,n,2,317.55,7.27,D,0
16.59708,80.94884,343.25,0.41,0.37,2025-03-17,756,N20,VIIRS,n,2,313.21,4.26,D,0
16.6102,80.23685,343.56,0.39,0.36,2025-03-17,756,N20,VIIRS,l,2,318.2,7.29,D,0
16.6452,79.57783,343.23,0.39,0.36,2025-03-17,756,N20,VIIRS,n,2,316.45,21.21,D,0
16.76461,77.7522,344.62,0.4,0.37,2025-03-17,756,N20,VIIRS,n,2,315.74,4.62,D,0
16.80489,77.4203,339.51,0.4,0.37,2025-03-17,756,N20,VIIRS,l,2,312.9,6.12,D,0
16.80532,79.94779,348.0,0.39,0.36,2025-03-17,756,N20,VIIRS,l,2,321.66,11.02,D,0
16.86811,80.25991,342.8,0.39,0.37,2025-03-17,756,N20,VIIRS,n,2,312.47,5.02,D,0
16.92253,77.27242,344.29,0.41,0.37,2025-03-17,756,N20,VIIRS,l,2,317.75,15.07,D,0
16.92277,77.33836,347.72,0.41,0.37,2025-03-17,756,N20,VIIRS,n,2,316.7,9.02,D,0
16.92995,77.18912,337.97,0.41,0.37,2025-03-17,756,N20,VIIRS,l,2,311.87,4.48,D,0
16.94351,80.1042,345.26,0.39,0.36,2025-03-17,756,N20,VIIRS,n,2,311.82,3.67,D,0
16.9887,80.29664,337.98,0.4,0.37,2025-03-17,756,N20,VIIRS,n,2,309.11,2.42,D,0
17.00104,80.59573,338.65,0.4,0.37,2025-03-17,756,N20,VIIRS,l,2,313.38,2.96,D,0
17.0225,78.20025,340.64,0.39,0.36,2025-03-17,756,N20,VIIRS,l,2,313.57,4.99,D,0
17.07545,78.49879,344.23,0.39,0.36,2025-03-17,756,N20,VIIRS,l,2,316.45,6.4,D,0
17.08654,78.74735,344.1,0.38,0.36,2025-03-17,756,N20,VIIRS,l,2,318.95,5.46,D,0
17.09756,77.33843,341.19,0.4,0.37,2025-03-17,756,N20,VIIRS,l,2,312.98,8.52,D,0
17.1012,77.25245,342.73,0.41,0.37,2025-03-17,756,N20,VIIRS,n,2,307.5,6.02,D,0
17.21321,81.40581,338.07,0.43,0.38,2025-03-17,756,N20,VIIRS,l,2,309.88,2.24,D,0
17.21644,77.04867,342.13,0.41,0.37,2025-03-17,756,N20,VIIRS,n,2,310.6,5.12,D,0
17.25049,80.72721,338.34,0.41,0.37,2025-03-17,756,N20,VIIRS,l,2,312.16,1.27,D,0
17.26462,77.00086,337.66,0.41,0.37,2025-03-17,756,N20,VIIRS,n,2,305.1,5.22,D,0
17.30556,81.34277,342.11,0.43,0.38,2025-03-17,756,N20,VIIRS,n,2,310.49,4.03,D,0
17.31689,80.55378,335.41,0.4,0.37,2025-03-17,756,N20,VIIRS,l,2,308.99,2.05,D,0
17.34009,81.464,336.95,0.43,0.38,2025-03-17,756,N20,VIIRS,n,2,309.08,3.51,D,0
17.34222,80.20673,337.45,0.4,0.37,2025-03-17,756,N20,VIIRS,l,2,311.05,2.12,D,0
17.35953,81.39942,336.26,0.43,0.38,2025-03-17,756,N20,VIIRS,l,2,310.16,6.71,D,0
17.36628,80.90133,347.0,0.41,0.37,2025-03-17,756,N20,VIIRS,n,2,313.56,8.35,D,0
17.37905,79.17599,341.37,0.38,0.36,2025-03-17,756,N20,VIIRS,l,2,316.31,4.66,D,0
17.4023,79.33068,348.25,0.39,0.36,2025-03-17,756,N20,VIIRS,n,2,314.7,7.19,D,0
17.40669,81.4821,342.6,0.43,0.38,2025-03-17,756,N20,VIIRS,l,2,314.18,3.48,D,0
17.41017,81.48148,350.18,0.43,0.38,2025-03-17,756,N20,VIIRS,n,2,316.79,13.68,D,0
17.41911,77.28678,338.92,0.4,0.37,2025-03-17,756,N20,VIIRS,l,2,309.94,7.05,D,0
17.42913,81.42751,349.64,0.43,0.38,2025-03-17,756,N20,VIIRS,n,2,313.46,13.42,D,0
17.43316,81.43091,342.64,0.43,0.38,2025-03-17,756,N20,VIIRS,n,2,310.8,4.0,D,0
17.43849,77.25628,340.65,0.4,0.37,2025-03-17,756,N20,VIIRS,l,2,310.96,4.66,D,0
17.43884,81.4463,344.34,0.43,0.38,2025-03-17,756,N20,VIIRS,n,2,313.32,4.11,D,0
17.44005,77.25632,339.85,0.4,0.37,2025-03-17,756,N20,VIIRS,l,2,311.91,3.92,D,0
17.45519,80.88796,340.23,0.41,0.37,2025-03-17,756,N20,VIIRS,l,2,314.08,3.89,D,0
17.45648,81.29259,350.21,0.43,0.38,2025-03-17,756,N20,VIIRS,n,2,315.93,5.87,D,0
17.45816,77.21825,338.18,0.4,0.37,2025-03-17,756,N20,VIIRS,n,2,304.12,3.42,D,0
17.46186,77.98988,345.23,0.39,0.36,2025-03-17,756,N20,VIIRS,l,2,320.21,9.39,D,0
17.47273,80.98808,339.63,0.42,0.37,2025-03-17,756,N20,VIIRS,l,2,311.59,2.13,D,0
17.47499,80.44452,341.26,0.4,0.37,2025-03-17,756,N20,VIIRS,n,2,312.23,3.71,D,0
17.48771,81.43932,345.57,0.43,0.38,2025-03-17,756,N20,VIIRS,n,2,311.53,4.44,D,0
17.49376,80.91385,344.01,0.41,0.37,2025-03-17,756,N20,VIIRS,n,2,316.49,5.37,D,0
17.50631,81.41974,340.57,0.43,0.38,2025-03-17,756,N20,VIIRS,l,2,314.89,7.44,D,0
17.5098,81.41923,345.18,0.43,0.38,2025-03-17,756,N20,VIIRS,n,2,314.64,5.38,D,0
17.51509,81.40627,342.9,0.43,0.38,2025-03-17,756,N20,VIIRS,n,2,311.53,5.0,D,0
17.51564,81.41019,352.19,0.43,0.38,2025-03-17,756,N20,VIIRS,n,2,313.41,5.0,D,0
17.5159,80.79996,335.99,0.41,0.37,2025-03-17,756,N20,VIIRS,l,2,310.7,3.34,D,0
17.5162,81.41418,340.24,0.43,0.38,2025-03-17,756,N20,VIIRS,l,2,311.66,5.06,D,0
17.51712,81.41033,351.57,0.43,0.38,2025-03-17,756,N20,VIIRS,n,2,312.76,6.58,D,0
17.51767,81.41432,344.92,0.43,0.38,2025-03-17,756,N20,VIIRS,n,2,312.75,6.22,D,0
17.51914,81.40978,348.05,0.43,0.38,2025-03-17,756,N20,VIIRS,n,2,313.1,5.0,D,0
17.5197,81.41374,348.34,0.43,0.38,2025-03-17,756,N20,VIIRS,n,2,312.83,5.06,D,0
17.52061,81.4099,347.16,0.43,0.38,2025-03-17,756,N20,VIIRS,n,2,312.21,6.58,D,0
17.5217,81.41783,350.14,0.43,0.38,2025-03-17,756,N20,VIIRS,n,2,312.8,6.22,D,0
17.52686,81.42949,338.43,0.43,0.38,2025-03-17,756,N20,VIIRS,l,2,312.28,4.91,D,0
17.53755,80.38853,338.15,0.4,0.37,2025-03-17,756,N20,VIIRS,l,2,311.16,2.84,D,0
17.53809,80.39228,343.0,0.4,0.37,2025-03-17,756,N20,VIIRS,n,2,310.94,2.84,D,0
17.54164,80.90659,341.69,0.41,0.37,2025-03-17,756,N20,VIIRS,l,2,313.69,3.96,D,0
17.55618,78.64134,347.67,0.38,0.36,2025-03-17,756,N20,VIIRS,n,2,317.46,11.71,D,0
17.55673,78.64494,346.81,0.38,0.36,2025-03-17,756,N20,VIIRS,l,2,317.47,11.71,D,0
17.56204,78.4374,339.85,0.39,0.36,2025-03-17,756,N20,VIIRS,l,2,310.37,2.77,D,0
17.56502,80.82368,346.26,0.41,0.37,2025-03-17,756,N20,VIIRS,n,2,314.91,5.49,D,0
17.56734,80.81544,335.49,0.41,0.37,2025-03-17,756,N20,VIIRS,l,2,308.92,1.34,D,0
17.57276,80.41766,347.71,0.4,0.37,2025-03-17,756,N20,VIIRS,n,2,316.65,7.14,D,0
17.5733,80.42139,339.58,0.4,0.37,2025-03-17,756,N20,VIIRS,l,2,313.74,3.64,D,0
17.57668,80.42091,352.06,0.4,0.37,2025-03-17,756,N20,VIIRS,n,2,318.44,9.05,D,0
17.58524,80.1824,337.16,0.4,0.37,2025-03-17,756,N20,VIIRS,l,2,311.67,3.16,D,0
17.58961,80.41504,346.29,0.4,0.37,2025-03-17,756,N20,VIIRS,l,2,320.33,12.34,D,0
17.61034,80.47717,339.09,0.4,0.37,2025-03-17,756,N20,VIIRS,l,2,313.98,2.76,D,0
17.62181,79.9875,340.59,0.39,0.36,2025-03-17,756,N20,VIIRS,l,2,310.69,2.15,D,0
17.62207,78.78512,341.51,0.38,0.36,2025-03-17,756,N20,VIIRS,n,2,313.4,8.52,D,0
17.62288,80.34815,340.71,0.4,0.37,2025-03-17,756,N20,VIIRS,n,2,311.95,2.41,D,0
17.62412,80.42873,341.54,0.4,0.37,2025-03-17,756,N20,VIIRS,n,2,313.25,3.8,D,0
17.62695,80.42442,346.72,0.4,0.37,2025-03-17,756,N20,VIIRS,n,2,315.2,5.22,D,0
17.62749,80.42819,351.56,0.4,0.37,2025-03-17,756,N20,VIIRS,n,2,315.48,3.8,D,0
17.63032,80.42389,339.36,0.4,0.37,2025-03-17,756,N20,VIIRS,l,2,313.79,3.26,D,0
17.67388,80.34398,340.31,0.4,0.37,2025-03-17,756,N20,VIIRS,n,2,309.78,2.59,D,0
17.67902,81.25926,339.21,0.43,0.38,2025-03-17,756,N20,VIIRS,l,2,310.37,4.75,D,0
17.67952,80.33542,339.98,0.4,0.37,2025-03-17,756,N20,VIIRS,l,2,314.53,5.53,D,0
17.67957,81.26324,341.32,0.43,0.38,2025-03-17,756,N20,VIIRS,n,2,310.61,4.75,D,0
17.70271,78.40266,339.41,0.39,0.36,2025-03-17,756,N20,VIIRS,l,2,310.9,4.95,D,0
17.70762,78.36852,346.55,0.39,0.36,2025-03-17,756,N20,VIIRS,n,2,310.97,12.77,D,0
17.72194,80.18752,337.78,0.4,0.37,2025-03-17,756,N20,VIIRS,l,2,311.68,1.4,D,0
17.72819,81.48272,338.03,0.43,0.38,2025-03-17,756,N20,VIIRS,n,2,310.7,3.3,D,0
17.73867,78.43624,346.6,0.39,0.36,2025-03-17,756,N20,VIIRS,n,2,307.62,4.96,D,0
17.74936,80.69296,344.08,0.41,0.37,2025-03-17,756,N20,VIIRS,n,2,309.38,3.24,D,0
17.75038,80.99799,345.61,0.42,0.37,2025-03-17,756,N20,VIIRS,n,2,312.94,4.88,D,0
17.76767,81.47729,336.93,0.43,0.38,2025-03-17,756,N20,VIIRS,l,2,310.7,2.26,D,0
17.76822,80.19914,341.21,0.4,0.37,2025-03-17,756,N20,VIIRS,n,2,310.83,5.09,D,0
17.77014,80.71698,339.1,0.41,0.37,2025-03-17,756,N20,VIIRS,n,2,311.97,2.23,D,0
17.77209,80.58411,338.57,0.41,0.37,2025-03-17,756,N20,VIIRS,l,2,312.54,3.62,D,0
17.78818,80.52714,343.28,0.4,0.37,2025-03-17,756,N20,VIIRS,n,2,313.17,4.77,D,0
17.7898,80.53845,345.48,0.4,0.37,2025-03-17,756,N20,VIIRS,n,2,312.72,7.64,D,0
17.79385,80.51846,351.82,0.4,0.37,2025-03-17,756,N20,VIIRS,n,2,318.79,10.43,D,0
17.7974,80.12585,343.07,0.4,0.37,2025-03-17,756,N20,VIIRS,n,2,313.62,11.25,D,0
17.79793,80.12958,347.26,0.4,0.37,2025-03-17,756,N20,VIIRS,n,2,311.76,11.25,D,0
17.79998,79.81587,333.17,0.39,0.36,2025-03-17,756,N20,VIIRS,l,2,305.68,1.27,D,0
17.80075,80.12533,354.81,0.4,0.37,2025-03-17,756,N20,VIIRS,n,2,316.21,11.25,D,0
17.80128,80.12904,354.38,0.4,0.37,2025-03-17,756,N20,VIIRS,n,2,318.29,11.25,D,0
17.80456,80.03367,339.27,0.39,0.37,2025-03-17,756,N20,VIIRS,n,2,311.02,1.92,D,0
17.80463,80.12852,350.68,0.4,0.37,2025-03-17,756,N20,VIIRS,n,2,312.44,10.71,D,0
17.80596,81.02209,341.63,0.42,0.38,2025-03-17,756,N20,VIIRS,n,2,312.22,3.59,D,0
17.80852,80.13171,353.24,0.4,0.37,2025-03-17,756,N20,VIIRS,n,2,316.45,16.67,D,0
17.81187,80.13117,344.09,0.4,0.37,2025-03-17,756,N20,VIIRS,l,2,315.29,18.77,D,0
17.81747,77.58908,348.1,0.4,0.37,2025-03-17,756,N20,VIIRS,l,2,319.31,20.7,D,0
17.82768,80.40842,341.62,0.4,0.37,2025-03-17,756,N20,VIIRS,l,2,314.73,3.21,D,0
17.83432,80.21516,343.65,0.4,0.37,2025-03-17,756,N20,VIIRS,n,2,314.63,6.13,D,0
17.83833,80.19543,348.54,0.4,0.37,2025-03-17,756,N20,VIIRS,n,2,317.75,9.19,D,0
17.84467,80.38261,341.07,0.4,0.37,2025-03-17,756,N20,VIIRS,l,2,314.85,4.33,D,0
17.84552,81.23061,337.71,0.43,0.38,2025-03-17,756,N20,VIIRS,n,2,309.61,2.91,D,0
17.84805,80.3821,340.89,0.4,0.37,2025-03-17,756,N20,VIIRS,l,2,314.08,7.0,D,0
17.84811,81.07188,340.07,0.42,0.38,2025-03-17,756,N20,VIIRS,n,2,309.74,2.16,D,0
17.84898,81.23001,342.33,0.43,0.38,2025-03-17,756,N20,VIIRS,n,2,311.01,2.91,D,0
17.84952,80.61091,337.48,0.41,0.37,2025-03-17,756,N20,VIIRS,l,2,308.86,2.37,D,0
17.84953,80.06059,344.68,0.39,0.37,2025-03-17,756,N20,VIIRS,l,2,319.26,5.66,D,0
17.84953,81.23396,342.97,0.43,0.38,2025-03-17,756,N20,VIIRS,n,2,309.59,2.55,D,0
17.84997,80.44371,342.1,0.4,0.37,2025-03-17,756,N20,VIIRS,l,2,312.85,4.49,D,0
17.85118,80.52489,335.22,0.4,0.37,2025-03-17,756,N20,VIIRS,l,2,309.68,0.57,D,0
17.85436,80.6452,349.99,0.41,0.37,2025-03-17,756,N20,VIIRS,n,2,309.73,6.09,D,0
17.85507,79.68336,334.63,0.39,0.36,2025-03-17,756,N20,VIIRS,l,2,307.67,1.18,D,0
17.86117,80.64421,337.98,0.41,0.37,2025-03-17,756,N20,VIIRS,n,2,311.84,1.99,D,0
17.86438,80.66691,336.3,0.41,0.37,2025-03-17,756,N20,VIIRS,l,2,308.01,3.97,D,0
17.8711,80.0269,337.29,0.39,0.37,2025-03-17,756,N20,VIIRS,n,2,310.88,2.34,D,0
17.87802,80.56746,348.42,0.41,0.37,2025-03-17,756,N20,VIIRS,n,2,311.12,4.93,D,0
17.87856,80.57127,340.62,0.41,0.37,2025-03-17,756,N20,VIIRS,n,2,310.31,4.93,D,0
17.88222,80.12772,347.9,0.4,0.37,2025-03-17,756,N20,VIIRS,n,2,315.91,4.9,D,0
17.88522,80.6914,339.32,0.41,0.37,2025-03-17,756,N20,VIIRS,n,2,308.55,2.78,D,0
17.89215,80.66673,339.1,0.41,0.37,2025-03-17,756,N20,VIIRS,l,2,313.29,2.99,D,0
17.8962,79.41118,337.58,0.39,0.36,2025-03-17,756,N20,VIIRS,l,2,312.14,3.33,D,0
17.89864,80.61477,334.86,0.41,0.37,2025-03-17,756,N20,VIIRS,l,2,309.11,2.02,D,0
17.90057,81.19373,338.61,0.43,0.38,2025-03-17,756,N20,VIIRS,l,2,312.69,3.25,D,0
17.90367,80.62567,339.17,0.41,0.37,2025-03-17,756,N20,VIIRS,l,2,310.13,1.85,D,0
17.9185,80.46375,339.88,0.4,0.37,2025-03-17,756,N20,VIIRS,n,2,312.63,3.21,D,0
17.92813,80.74831,338.11,0.41,0.37,2025-03-17,756,N20,VIIRS,n,2,309.1,1.18,D,0
17.93698,81.13554,338.56,0.42,0.38,2025-03-17,756,N20,VIIRS,n,2,311.93,3.79,D,0
17.95101,80.98393,345.53,0.42,0.38,2025-03-17,756,N20,VIIRS,n,2,311.41,3.58,D,0
17.95378,80.53236,336.44,0.41,0.37,2025-03-17,756,N20,VIIRS,n,2,310.04,2.87,D,0
17.95663,80.52799,336.66,0.41,0.37,2025-03-17,756,N20,VIIRS,n,2,310.48,2.7,D,0
17.95717,80.53181,345.54,0.41,0.37,2025-03-17,756,N20,VIIRS,n,2,309.93,4.05,D,0
17.96054,80.4341,344.0,0.4,0.37,2025-03-17,756,N20,VIIRS,n,2,309.55,3.32,D,0
17.96164,80.44173,338.2,0.4,0.37,2025-03-17,756,N20,VIIRS,l,2,310.29,2.74,D,0
17.96299,78.55003,347.74,0.38,0.36,2025-03-17,756,N20,VIIRS,n,2,316.28,7.11,D,0
17.96354,78.55363,352.21,0.38,0.36,2025-03-17,756,N20,VIIRS,n,2,316.22,7.11,D,0
17.96409,78.55724,337.33,0.38,0.36,2025-03-17,756,N20,VIIRS,l,2,309.56,3.03,D,0
17.97503,80.46291,334.36,0.4,0.37,2025-03-17,756,N20,VIIRS,l,2,309.24,1.02,D,0
17.98037,80.52446,339.52,0.41,0.37,2025-03-17,756,N20,VIIRS,n,2,310.32,3.39,D,0
17.98376,80.52396,338.51,0.41,0.37,2025-03-17,756,N20,VIIRS,n,2,309.57,2.61,D,0
17.99128,80.47977,336.18,0.4,0.37,2025-03-17,756,N20,VIIRS,l,2,306.97,3.29,D,0
17.99467,80.47928,341.61,0.4,0.37,2025-03-17,756,N20,VIIRS,n,2,307.81,3.29,D,0
17.99623,80.51429,333.99,0.41,0.37,2025-03-17,756,N20,VIIRS,l,2,308.49,1.71,D,0
18.00551,80.89996,350.33,0.42,0.37,2025-03-17,756,N20,VIIRS,n,2,312.2,9.11,D,0
18.01757,80.22016,344.97,0.4,0.37,2025-03-17,756,N20,VIIRS,n,2,313.24,4.57,D,0
18.02132,80.44817,339.73,0.4,0.37,2025-03-17,756,N20,VIIRS,l,2,310.39,5.45,D,0
18.02335,80.28457,336.06,0.4,0.37,2025-03-17,756,N20,VIIRS,l,2,307.58,3.57,D,0
18.02389,80.28831,333.17,0.4,0.37,2025-03-17,756,N20,VIIRS,l,2,304.36,2.27,D,0
18.02422,81.45675,345.37,0.44,0.38,2025-03-17,756,N20,VIIRS,n,2,318.15,6.08,D,0
18.03062,80.28727,335.96,0.4,0.37,2025-03-17,756,N20,VIIRS,l,2,306.64,2.36,D,0
18.03103,81.32651,343.81,0.43,0.38,2025-03-17,756,N20,VIIRS,l,2,317.18,6.86,D,0
18.03652,81.44229,353.99,0.44,0.38,2025-03-17,756,N20,VIIRS,n,2,318.97,9.85,D,0
18.04384,81.31631,348.03,0.43,0.38,2025-03-17,756,N20,VIIRS,n,2,318.12,8.62,D,0
18.04424,80.35846,336.15,0.4,0.37,2025-03-17,756,N20,VIIRS,l,2,307.89,1.76,D,0
18.04478,80.36221,332.52,0.4,0.37,2025-03-17,756,N20,VIIRS,l,2,307.31,3.52,D,0
18.04815,80.36166,336.82,0.4,0.37,2025-03-17,756,N20,VIIRS,l,2,308.17,3.3,D,0
18.04824,81.42372,340.52,0.43,0.38,2025-03-17,756,N20,VIIRS,l,2,315.35,3.89,D,0
18.05809,80.28677,345.93,0.4,0.37,2025-03-17,756,N20,VIIRS,n,2,309.37,3.86,D,0
18.06146,80.28625,343.13,0.4,0.37,2025-03-17,756,N20,VIIRS,n,2,309.81,3.86,D,0
18.06423,81.37625,355.4,0.43,0.38,2025-03-17,756,N20,VIIRS,n,2,318.29,7.73,D,0
18.0655,81.35944,343.32,0.43,0.38,2025-03-17,756,N20,VIIRS,l,2,316.52,7.72,D,0
18.07105,80.59593,341.13,0.41,0.37,2025-03-17,756,N20,VIIRS,l,2,311.31,4.47,D,0
18.07194,80.99792,334.65,0.42,0.38,2025-03-17,756,N20,VIIRS,n,2,309.23,2.18,D,0
18.07438,80.16158,342.73,0.4,0.37,2025-03-17,756,N20,VIIRS,l,2,314.84,4.33,D,0
18.07445,80.59541,336.26,0.41,0.37,2025-03-17,756,N20,VIIRS,l,2,310.37,3.55,D,0
18.07638,80.08111,341.7,0.4,0.37,2025-03-17,756,N20,VIIRS,n,2,313.74,3.0,D,0
18.07724,81.44538,345.23,0.44,0.38,2025-03-17,756,N20,VIIRS,n,2,318.42,5.97,D,0
18.0788,80.62619,334.98,0.41,0.37,2025-03-17,756,N20,VIIRS,l,2,307.74,1.5,D,0
18.07973,80.08058,341.7,0.4,0.37,2025-03-17,756,N20,VIIRS,n,2,313.89,3.0,D,0
18.08219,80.52763,350.75,0.41,0.37,2025-03-17,756,N20,VIIRS,n,2,312.97,5.84,D,0
18.08608,81.43147,340.23,0.44,0.38,2025-03-17,756,N20,VIIRS,l,2,313.84,5.88,D,0
18.08612,80.53094,349.53,0.41,0.37,2025-03-17,756,N20,VIIRS,n,2,312.87,6.65,D,0
18.08952,80.53042,347.87,0.41,0.37,2025-03-17,756,N20,VIIRS,n,2,309.97,6.65,D,0
18.09006,80.53424,335.33,0.41,0.37,2025-03-17,756,N20,VIIRS,l,2,307.57,2.35,D,0
18.09402,80.93045,340.04,0.42,0.38,2025-03-17,756,N20,VIIRS,l,2,313.8,2.84,D,0
18.09956,78.77798,337.68,0.38,0.36,2025-03-17,756,N20,VIIRS,l,2,311.52,3.0,D,0
18.11061,80.34024,338.11,0.4,0.37,2025-03-17,756,N20,VIIRS,n,2,301.61,2.09,D,0
18.11362,80.10961,344.24,0.4,0.37,2025-03-17,756,N20,VIIRS,n,2,313.17,3.25,D,0
18.11395,81.32297,342.02,0.43,0.38,2025-03-17,756,N20,VIIRS,l,2,316.72,4.75,D,0
18.11412,81.4272,348.52,0.44,0.38,2025-03-17,756,N20,VIIRS,n,2,317.84,7.37,D,0
18.11654,80.2739,341.59,0.4,0.37,2025-03-17,756,N20,VIIRS,l,2,313.75,6.14,D,0
18.11821,79.97558,337.75,0.39,0.37,2025-03-17,756,N20,VIIRS,l,2,309.89,2.72,D,0
18.11876,81.06314,338.38,0.42,0.38,2025-03-17,756,N20,VIIRS,l,2,308.72,2.02,D,0
18.11997,81.06339,337.33,0.42,0.38,2025-03-17,756,N20,VIIRS,l,2,308.14,3.82,D,0
18.12757,80.30294,338.06,0.4,0.37,2025-03-17,756,N20,VIIRS,n,2,305.06,5.3,D,0
18.13222,80.44183,336.9,0.4,0.37,2025-03-17,756,N20,VIIRS,l,2,311.66,3.65,D,0
18.13497,81.29495,342.97,0.43,0.38,2025-03-17,756,N20,VIIRS,l,2,314.33,3.95,D,0
18.1391,81.27366,343.39,0.43,0.38,2025-03-17,756,N20,VIIRS,n,2,314.71,3.19,D,0
18.14106,80.30087,335.82,0.4,0.37,2025-03-17,756,N20,VIIRS,n,2,304.09,3.43,D,0
18.14539,80.42838,345.74,0.4,0.37,2025-03-17,756,N20,VIIRS,n,2,313.09,6.07,D,0
18.14593,80.43218,337.54,0.4,0.37,2025-03-17,756,N20,VIIRS,l,2,309.82,1.72,D,0
18.14889,80.92549,340.51,0.42,0.38,2025-03-17,756,N20,VIIRS,n,2,311.77,2.35,D,0
18.14921,79.03957,337.62,0.38,0.36,2025-03-17,756,N20,VIIRS,n,2,307.49,2.74,D,0
18.15232,80.92497,339.66,0.42,0.38,2025-03-17,756,N20,VIIRS,l,2,311.22,2.35,D,0
18.15401,80.29506,345.61,0.4,0.37,2025-03-17,756,N20,VIIRS,n,2,307.03,6.34,D,0
18.15493,80.96862,337.51,0.42,0.38,2025-03-17,756,N20,VIIRS,l,2,309.73,2.26,D,0
18.16234,80.7239,348.48,0.41,0.37,2025-03-17,756,N20,VIIRS,n,2,311.15,4.01,D,0
18.16574,80.72332,337.63,0.41,0.37,2025-03-17,756,N20,VIIRS,l,2,310.59,4.01,D,0
18.17546,80.49397,340.82,0.41,0.37,2025-03-17,756,N20,VIIRS,n,2,310.25,3.87,D,0
18.18007,80.47762,345.36,0.41,0.37,2025-03-17,756,N20,VIIRS,n,2,311.65,5.57,D,0
18.18061,80.48144,341.29,0.41,0.37,2025-03-17,756,N20,VIIRS,n,2,310.61,5.19,D,0
18.18265,80.76828,341.06,0.41,0.37,2025-03-17,756,N20,VIIRS,l,2,313.26,3.76,D,0
18.19422,80.21569,337.22,0.4,0.37,2025-03-17,756,N20,VIIRS,l,2,308.97,1.57,D,0
18.19914,80.04626,337.04,0.4,0.37,2025-03-17,756,N20,VIIRS,l,2,310.61,3.61,D,0
18.20055,80.89352,339.06,0.42,0.37,2025-03-17,756,N20,VIIRS,l,2,312.4,3.82,D,0
18.20196,80.04201,352.65,0.4,0.37,2025-03-17,756,N20,VIIRS,n,2,315.6,13.35,D,0
18.21045,80.71688,339.28,0.41,0.37,2025-03-17,756,N20,VIIRS,l,2,313.18,2.79,D,0
18.21261,80.24752,334.17,0.4,0.37,2025-03-17,756,N20,VIIRS,l,2,307.79,1.43,D,0
18.2159,80.75562,354.4,0.41,0.37,2025-03-17,756,N20,VIIRS,n,2,317.61,27.45,D,0
18.21645,80.75951,352.92,0.41,0.37,2025-03-17,756,N20,VIIRS,n,2,316.6,5.69,D,0
18.217,80.7634,337.33,0.41,0.37,2025-03-17,756,N20,VIIRS,l,2,311.29,5.69,D,0
18.21932,80.7551,354.9,0.41,0.37,2025-03-17,756,N20,VIIRS,n,2,317.79,16.53,D,0
18.21987,80.75898,349.84,0.41,0.37,2025-03-17,756,N20,VIIRS,n,2,312.6,6.11,D,0
18.2209,80.28094,336.2,0.4,0.37,2025-03-17,756,N20,VIIRS,l,2,310.76,1.04,D,0
18.22263,81.17403,341.05,0.43,0.38,2025-03-17,756,N20,VIIRS,l,2,312.96,3.96,D,0
18.22274,80.75458,338.31,0.41,0.37,2025-03-17,756,N20,VIIRS,l,2,312.68,16.53,D,0
18.22601,80.77776,335.72,0.41,0.37,2025-03-17,756,N20,VIIRS,l,2,310.66,2.83,D,0
18.22655,80.78159,348.69,0.41,0.37,2025-03-17,756,N20,VIIRS,n,2,311.36,5.25,D,0
18.22917,81.1199,341.78,0.43,0.38,2025-03-17,756,N20,VIIRS,n,2,312.26,3.24,D,0
18.23049,80.78474,348.4,0.41,0.37,2025-03-17,756,N20,VIIRS,n,2,312.47,4.73,D,0
18.23113,80.88927,341.16,0.42,0.37,2025-03-17,756,N20,VIIRS,n,2,311.36,3.19,D,0
18.2355,80.79553,339.96,0.41,0.37,2025-03-17,756,N20,VIIRS,l,2,311.68,3.63,D,0
18.23978,81.24547,336.42,0.43,0.38,2025-03-17,756,N20,VIIRS,l,2,311.24,2.48,D,0
18.24013,80.41367,331.97,0.4,0.37,2025-03-17,756,N20,VIIRS,l,2,305.65,1.43,D,0
18.24435,80.7591,346.03,0.41,0.37,2025-03-17,756,N20,VIIRS,n,2,313.32,4.33,D,0
18.24687,80.40473,332.91,0.4,0.37,2025-03-17,756,N20,VIIRS,l,2,306.09,2.26,D,0
18.24777,80.75858,338.75,0.41,0.37,2025-03-17,756,N20,VIIRS,l,2,313.59,4.65,D,0
18.24795,80.41236,341.22,0.4,0.37,2025-03-17,756,N20,VIIRS,n,2,307.27,3.63,D,0
18.24891,80.34609,332.47,0.4,0.37,2025-03-17,756,N20,VIIRS,l,2,306.33,2.15,D,0
18.25122,81.08444,338.93,0.42,0.38,2025-03-17,756,N20,VIIRS,l,2,312.17,2.99,D,0
18.25173,80.76186,344.72,0.41,0.37,2025-03-17,756,N20,VIIRS,n,2,314.22,4.41,D,0
18.25186,80.86192,336.31,0.42,0.37,2025-03-17,756,N20,VIIRS,l,2,310.19,1.64,D,0
18.25294,80.86961,337.86,0.42,0.37,2025-03-17,756,N20,VIIRS,l,2,310.39,3.81,D,0
18.25637,80.86906,336.3,0.42,0.37,2025-03-17,756,N20,VIIRS,l,2,310.97,4.24,D,0
18.25657,80.79612,334.16,0.41,0.37,2025-03-17,756,N20,VIIRS,l,2,309.04,2.43,D,0
18.25691,80.87292,335.22,0.42,0.37,2025-03-17,756,N20,VIIRS,l,2,308.71,2.07,D,0
18.25719,80.80045,338.38,0.42,0.37,2025-03-17,756,N20,VIIRS,n,2,308.11,1.3,D,0
18.25996,80.27848,336.53,0.4,0.37,2025-03-17,756,N20,VIIRS,l,2,308.71,1.74,D,0
18.26325,80.06287,338.47,0.4,0.37,2025-03-17,756,N20,VIIRS,l,2,308.94,2.8,D,0
18.26342,80.6967,345.63,0.41,0.37,2025-03-17,756,N20,VIIRS,n,2,314.04,5.49,D,0
18.26387,80.28174,332.39,0.4,0.37,2025-03-17,756,N20,VIIRS,l,2,306.16,1.74,D,0
18.27255,80.34241,334.0,0.4,0.37,2025-03-17,756,N20,VIIRS,l,2,307.69,3.06,D,0
18.27402,80.0191,339.75,0.4,0.37,2025-03-17,756,N20,VIIRS,n,2,308.82,2.5,D,0
18.27464,80.26072,337.58,0.4,0.37,2025-03-17,756,N20,VIIRS,l,2,310.02,1.9,D,0
18.27955,80.03352,338.36,0.4,0.37,2025-03-17,756,N20,VIIRS,l,2,309.6,1.56,D,0
18.28017,80.01429,335.93,0.4,0.37,2025-03-17,756,N20,VIIRS,l,2,307.63,3.01,D,0
18.28099,80.67336,340.18,0.41,0.37,2025-03-17,756,N20,VIIRS,l,2,311.35,5.24,D,0
18.28121,80.67337,341.33,0.41,0.37,2025-03-17,756,N20,VIIRS,n,2,311.13,5.93,D,0
18.28157,80.67737,355.83,0.41,0.37,2025-03-17,756,N20,VIIRS,n,2,313.89,9.11,D,0
18.28176,80.67738,367.0,0.41,0.37,2025-03-17,756,N20,VIIRS,h,2,313.86,10.8,D,0
18.28209,80.45786,346.66,0.41,0.37,2025-03-17,756,N20,VIIRS,n,2,306.37,4.45,D,0
18.28281,80.05589,349.34,0.4,0.37,2025-03-17,756,N20,VIIRS,n,2,313.08,8.87,D,0
18.28323,80.34463,351.68,0.4,0.37,2025-03-17,756,N20,VIIRS,n,2,310.79,5.88,D,0
18.28378,80.34843,336.22,0.4,0.37,2025-03-17,756,N20,VIIRS,n,2,303.87,3.13,D,0
18.28442,80.69717,343.81,0.41,0.37,2025-03-17,756,N20,VIIRS,n,2,308.68,3.63,D,0
18.28453,80.69721,336.08,0.41,0.37,2025-03-17,756,N20,VIIRS,l,2,308.95,2.01,D,0
18.28606,80.34029,333.36,0.4,0.37,2025-03-17,756,N20,VIIRS,l,2,308.1,5.88,D,0
18.28661,80.34409,333.86,0.4,0.37,2025-03-17,756,N20,VIIRS,l,2,307.59,5.88,D,0
18.28705,80.25114,344.36,0.4,0.37,2025-03-17,756,N20,VIIRS,n,2,312.77,2.91,D,0
18.28716,80.3479,337.72,0.4,0.37,2025-03-17,756,N20,VIIRS,n,2,303.98,3.13,D,0
18.28944,80.33976,336.34,0.4,0.37,2025-03-17,756,N20,VIIRS,l,2,308.7,2.27,D,0
18.29042,80.25062,339.66,0.4,0.37,2025-03-17,756,N20,VIIRS,l,2,311.08,3.38,D,0
18.29511,80.33112,335.64,0.4,0.37,2025-03-17,756,N20,VIIRS,l,2,309.71,1.99,D,0
18.29588,80.14574,343.62,0.4,0.37,2025-03-17,756,N20,VIIRS,n,2,312.78,1.99,D,0
18.29989,80.78231,336.41,0.41,0.37,2025-03-17,756,N20,VIIRS,l,2,311.37,4.84,D,0
18.31406,81.4902,336.14,0.44,0.38,2025-03-17,756,N20,VIIRS,n,2,310.89,1.43,D,0
18.34758,81.47257,350.44,0.44,0.38,2025-03-17,756,N20,VIIRS,n,2,315.69,7.72,D,0
18.34796,80.72625,349.6,0.41,0.37,2025-03-17,756,N20,VIIRS,n,2,313.76,5.43,D,0
18.34995,81.46375,340.75,0.44,0.38,2025-03-17,756,N20,VIIRS,n,2,313.7,2.93,D,0
18.3503,80.71815,339.07,0.41,0.37,2025-03-17,756,N20,VIIRS,l,2,313.64,5.75,D,0
18.35084,80.72194,347.74,0.41,0.37,2025-03-17,756,N20,VIIRS,n,2,315.74,10.98,D,0
18.35136,80.72566,354.68,0.41,0.37,2025-03-17,756,N20,VIIRS,n,2,320.96,10.98,D,0
18.35478,80.7251,342.92,0.41,0.37,2025-03-17,756,N20,VIIRS,l,2,314.05,10.98,D,0
18.35674,80.68969,348.64,0.41,0.37,2025-03-17,756,N20,VIIRS,n,2,315.52,7.21,D,0
18.36357,80.68864,344.42,0.41,0.37,2025-03-17,756,N20,VIIRS,l,2,315.22,6.27,D,0
18.36699,80.68809,345.73,0.41,0.37,2025-03-17,756,N20,VIIRS,n,2,311.39,4.62,D,0
18.36762,80.54645,345.16,0.41,0.37,2025-03-17,756,N20,VIIRS,n,2,314.12,4.97,D,0
18.37102,80.54592,345.12,0.41,0.37,2025-03-17,756,N20,VIIRS,l,2,317.14,4.97,D,0
18.37204,80.69909,344.48,0.41,0.37,2025-03-17,756,N20,VIIRS,n,2,312.0,6.3,D,0
18.37296,80.77924,336.17,0.42,0.37,2025-03-17,756,N20,VIIRS,l,2,308.05,3.44,D,0
18.39387,81.49512,341.21,0.44,0.38,2025-03-17,756,N20,VIIRS,l,2,313.49,3.84,D,0
18.3941,81.49568,341.52,0.44,0.38,2025-03-17,756,N20,VIIRS,l,2,313.48,3.42,D,0
18.39865,80.76302,335.12,0.41,0.37,2025-03-17,756,N20,VIIRS,l,2,306.14,2.53,D,0
18.40055,80.89961,349.32,0.42,0.38,2025-03-17,756,N20,VIIRS,n,2,313.57,5.82,D,0
18.42603,81.18133,339.12,0.43,0.38,2025-03-17,756,N20,VIIRS,l,2,313.97,5.05,D,0
18.01268,77.94689,341.11,0.39,0.36,2025-03-17,757,N20,VIIRS,n,2,311.9,4.36,D,0
18.015,77.27548,339.37,0.4,0.37,2025-03-17,757,N20,VIIRS,l,2,310.84,12.23,D,0
18.01599,77.94632,347.88,0.39,0.36,2025-03-17,757,N20,VIIRS,n,2,311.85,4.36,D,0
18.06068,77.56174,348.04,0.39,0.37,2025-03-17,757,N20,VIIRS,n,2,314.43,11.31,D,0
18.06167,77.54639,342.47,0.39,0.37,2025-03-17,757,N20,VIIRS,l,2,312.64,6.06,D,0
18.0765,78.46773,339.76,0.38,0.36,2025-03-17,757,N20,VIIRS,l,2,314.22,4.05,D,0
18.07816,78.47853,337.11,0.38,0.36,2025-03-17,757,N20,VIIRS,l,2,311.79,1.7,D,0
18.11916,77.84591,351.94,0.39,0.36,2025-03-17,757,N20,VIIRS,n,2,301.14,5.44,D,0
18.12247,77.84533,341.37,0.39,0.36,2025-03-17,757,N20,VIIRS,n,2,300.26,5.44,D,0
18.12579,77.84476,336.83,0.39,0.36,2025-03-17,757,N20,VIIRS,n,2,299.11,2.75,D,0
18.13945,78.28298,341.8,0.39,0.36,2025-03-17,757,N20,VIIRS,l,2,316.42,6.93,D,0
18.1566,77.41526,343.14,0.4,0.37,2025-03-17,757,N20,VIIRS,n,2,300.34,5.21,D,0
18.20373,77.86453,334.16,0.39,0.36,2025-03-17,757,N20,VIIRS,l,2,308.02,1.5,D,0
18.22304,77.85748,341.21,0.39,0.36,2025-03-17,757,N20,VIIRS,n,2,303.63,2.59,D,0
18.22964,78.67087,337.47,0.38,0.36,2025-03-17,757,N20,VIIRS,l,2,310.14,2.99,D,0
18.2315,77.88977,333.92,0.39,0.36,2025-03-17,757,N20,VIIRS,l,2,305.95,3.5,D,0
18.2375,79.12873,337.7,0.39,0.36,2025-03-17,757,N20,VIIRS,l,2,310.6,5.16,D,0
18.23871,79.29559,341.18,0.39,0.36,2025-03-17,757,N20,VIIRS,l,2,314.24,6.76,D,0
18.27608,77.97945,344.88,0.39,0.36,2025-03-17,757,N20,VIIRS,n,2,313.47,3.57,D,0
18.27939,77.97888,338.78,0.39,0.36,2025-03-17,757,N20,VIIRS,l,2,311.09,3.57,D,0
18.30139,80.02635,347.12,0.4,0.37,2025-03-17,757,N20,VIIRS,n,2,313.38,11.82,D,0
18.3042,80.02209,343.87,0.4,0.37,2025-03-17,757,N20,VIIRS,l,2,314.23,5.98,D,0
18.30474,80.0258,338.53,0.4,0.37,2025-03-17,757,N20,VIIRS,n,2,306.63,5.98,D,0
18.30755,80.02153,349.17,0.4,0.37,2025-03-17,757,N20,VIIRS,n,2,310.26,5.98,D,0
18.3213,77.98637,338.12,0.39,0.36,2025-03-17,757,N20,VIIRS,l,2,310.14,3.75,D,0
18.32194,80.14574,348.93,0.4,0.37,2025-03-17,757,N20,VIIRS,n,2,313.81,7.36,D,0
18.32796,80.06805,341.84,0.4,0.37,2025-03-17,757,N20,VIIRS,n,2,311.07,2.59,D,0
18.33028,80.156,348.14,0.4,0.37,2025-03-17,757,N20,VIIRS,n,2,313.37,4.81,D,0
18.34268,80.02751,343.54,0.4,0.37,2025-03-17,757,N20,VIIRS,n,2,311.04,3.78,D,0
18.34318,80.34338,335.43,0.4,0.37,2025-03-17,757,N20,VIIRS,l,2,310.06,3.92,D,0
18.34362,80.27354,341.18,0.4,0.37,2025-03-17,757,N20,VIIRS,l,2,312.21,4.07,D,0
18.34603,80.02699,347.73,0.4,0.37,2025-03-17,757,N20,VIIRS,n,2,313.11,8.73,D,0
18.34851,80.09164,342.37,0.4,0.37,2025-03-17,757,N20,VIIRS,n,2,312.22,3.76,D,0
18.34982,80.26869,336.3,0.4,0.37,2025-03-17,757,N20,VIIRS,l,2,309.82,2.37,D,0
18.35628,80.21742,341.28,0.4,0.37,2025-03-17,757,N20,VIIRS,n,2,310.03,3.81,D,0
18.3567,80.34124,339.49,0.4,0.37,2025-03-17,757,N20,VIIRS,l,2,310.62,4.62,D,0
18.35724,80.34503,352.8,0.4,0.37,2025-03-17,757,N20,VIIRS,n,2,312.54,5.17,D,0
18.35778,80.34885,336.15,0.4,0.37,2025-03-17,757,N20,VIIRS,l,2,307.75,5.17,D,0
18.36062,80.34451,346.83,0.4,0.37,2025-03-17,757,N20,VIIRS,n,2,310.24,5.17,D,0
18.36296,78.05771,338.31,0.39,0.36,2025-03-17,757,N20,VIIRS,l,2,311.56,4.75,D,0
18.36307,78.52213,343.86,0.38,0.36,2025-03-17,757,N20,VIIRS,n,2,315.91,2.5,D,0
18.37178,80.54618,344.14,0.41,0.37,2025-03-17,757,N20,VIIRS,l,2,317.12,6.93,D,0
18.37279,78.03363,352.8,0.39,0.36,2025-03-17,757,N20,VIIRS,n,2,315.97,5.71,D,0
18.3733,80.28821,337.43,0.4,0.37,2025-03-17,757,N20,VIIRS,l,2,309.62,5.32,D,0
18.37375,80.07622,341.68,0.4,0.37,2025-03-17,757,N20,VIIRS,l,2,314.59,2.49,D,0
18.37609,78.03307,342.91,0.39,0.36,2025-03-17,757,N20,VIIRS,n,2,312.69,5.71,D,0
18.37698,80.33807,335.51,0.4,0.37,2025-03-17,757,N20,VIIRS,l,2,310.38,3.34,D,0
18.37939,78.03251,339.82,0.39,0.36,2025-03-17,757,N20,VIIRS,l,2,313.0,5.4,D,0
18.38104,80.19803,341.01,0.4,0.37,2025-03-17,757,N20,VIIRS,n,2,310.9,3.76,D,0
18.38295,80.38001,332.01,0.4,0.37,2025-03-17,757,N20,VIIRS,l,2,306.76,3.11,D,0
18.3844,80.19749,335.41,0.4,0.37,2025-03-17,757,N20,VIIRS,l,2,309.42,1.17,D,0
18.38654,80.09338,343.01,0.4,0.37,2025-03-17,757,N20,VIIRS,n,2,311.88,1.8,D,0
18.38755,80.36372,342.96,0.4,0.37,2025-03-17,757,N20,VIIRS,n,2,309.01,5.07,D,0
18.38989,80.09284,336.37,0.4,0.37,2025-03-17,757,N20,VIIRS,l,2,311.29,1.81,D,0
18.39049,80.21582,345.89,0.4,0.37,2025-03-17,757,N20,VIIRS,n,2,312.79,5.5,D,0
18.39159,79.71218,355.31,0.39,0.36,2025-03-17,757,N20,VIIRS,n,2,315.5,7.93,D,0
18.39168,80.20018,345.54,0.4,0.37,2025-03-17,757,N20,VIIRS,n,2,312.91,4.9,D,0
18.39212,80.22717,355.94,0.4,0.37,2025-03-17,757,N20,VIIRS,n,2,312.75,10.81,D,0
18.39213,79.71587,340.4,0.39,0.36,2025-03-17,757,N20,VIIRS,l,2,315.2,7.93,D,0
18.39222,80.20396,349.11,0.4,0.37,2025-03-17,757,N20,VIIRS,n,2,314.83,4.9,D,0
18.39396,80.19212,342.61,0.4,0.37,2025-03-17,757,N20,VIIRS,l,2,313.08,2.52,D,0
18.3945,80.19588,341.45,0.4,0.37,2025-03-17,757,N20,VIIRS,n,2,313.36,2.52,D,0
18.39604,80.23042,335.12,0.4,0.37,2025-03-17,757,N20,VIIRS,l,2,309.95,1.56,D,0
18.40651,80.13628,350.51,0.4,0.37,2025-03-17,757,N20,VIIRS,n,2,314.8,5.89,D,0
18.4147,80.1927,341.13,0.4,0.37,2025-03-17,757,N20,VIIRS,l,2,314.31,5.13,D,0
18.41505,80.38669,345.1,0.4,0.37,2025-03-17,757,N20,VIIRS,n,2,309.28,4.65,D,0
18.41634,80.20403,342.98,0.4,0.37,2025-03-17,757,N20,VIIRS,l,2,314.81,4.37,D,0
18.41788,80.38235,340.24,0.4,0.37,2025-03-17,757,N20,VIIRS,n,2,309.85,8.74,D,0
18.41843,80.38615,347.64,0.4,0.37,2025-03-17,757,N20,VIIRS,n,2,306.13,8.74,D,0
18.42772,80.8718,337.35,0.42,0.38,2025-03-17,757,N20,VIIRS,l,2,310.73,2.41,D,0
18.43186,79.89497,338.27,0.39,0.37,2025-03-17,757,N20,VIIRS,n,2,309.36,3.29,D,0
18.4324,80.75455,340.39,0.41,0.37,2025-03-17,757,N20,VIIRS,n,2,307.86,4.11,D,0
18.43324,80.16649,339.3,0.4,0.37,2025-03-17,757,N20,VIIRS,l,2,312.85,3.19,D,0
18.4335,80.2749,335.21,0.4,0.37,2025-03-17,757,N20,VIIRS,l,2,308.21,2.0,D,0
18.43693,79.8828,337.95,0.39,0.37,2025-03-17,757,N20,VIIRS,n,2,310.53,2.11,D,0
18.44009,80.32042,343.13,0.4,0.37,2025-03-17,757,N20,VIIRS,n,2,310.19,3.52,D,0
18.44172,78.28239,340.84,0.39,0.36,2025-03-17,757,N20,VIIRS,n,2,306.78,5.18,D,0
18.44253,80.2075,340.45,0.4,0.37,2025-03-17,757,N20,VIIRS,l,2,313.92,3.01,D,0
18.44428,80.19564,340.15,0.4,0.37,2025-03-17,757,N20,VIIRS,l,2,314.1,5.1,D,0
18.44589,80.20696,347.12,0.4,0.37,2025-03-17,757,N20,VIIRS,n,2,313.33,4.13,D,0
18.44613,78.28908,337.71,0.39,0.36,2025-03-17,757,N20,VIIRS,n,2,306.31,1.97,D,0
18.44643,80.21075,338.98,0.4,0.37,2025-03-17,757,N20,VIIRS,l,2,312.72,4.13,D,0
18.44765,80.19511,346.88,0.4,0.37,2025-03-17,757,N20,VIIRS,n,2,312.91,5.1,D,0
18.44848,79.91521,340.29,0.39,0.37,2025-03-17,757,N20,VIIRS,l,2,314.75,9.38,D,0
18.44964,78.46645,336.33,0.38,0.36,2025-03-17,757,N20,VIIRS,l,2,311.07,1.75,D,0
18.45054,80.9857,338.23,0.42,0.38,2025-03-17,757,N20,VIIRS,l,2,309.06,2.05,D,0
18.45194,81.12436,340.47,0.43,0.38,2025-03-17,757,N20,VIIRS,l,2,311.27,2.76,D,0
18.45288,80.15953,339.91,0.4,0.37,2025-03-17,757,N20,VIIRS,l,2,313.72,3.61,D,0
18.45534,80.22484,338.9,0.4,0.37,2025-03-17,757,N20,VIIRS,l,2,313.14,4.02,D,0
18.45628,78.64302,341.07,0.38,0.36,2025-03-17,757,N20,VIIRS,l,2,312.8,2.64,D,0
18.45679,80.16277,339.92,0.4,0.37,2025-03-17,757,N20,VIIRS,l,2,312.47,3.61,D,0
18.46067,78.53868,353.17,0.38,0.36,2025-03-17,757,N20,VIIRS,n,2,313.2,12.34,D,0
18.46448,78.47507,337.19,0.38,0.36,2025-03-17,757,N20,VIIRS,l,2,311.51,2.2,D,0
18.46601,78.35249,344.1,0.38,0.36,2025-03-17,757,N20,VIIRS,n,2,305.09,2.83,D,0
18.46634,80.15743,338.72,0.4,0.37,2025-03-17,757,N20,VIIRS,l,2,313.07,2.93,D,0
18.46727,79.95026,332.08,0.4,0.37,2025-03-17,757,N20,VIIRS,l,2,305.9,3.07,D,0
18.46851,80.17252,341.85,0.4,0.37,2025-03-17,757,N20,VIIRS,l,2,312.98,4.41,D,0
18.46916,80.15313,345.57,0.4,0.37,2025-03-17,757,N20,VIIRS,n,2,314.79,14.61,D,0
18.46971,80.15691,346.48,0.4,0.37,2025-03-17,757,N20,VIIRS,n,2,312.82,2.93,D,0
18.47116,79.95345,336.72,0.4,0.37,2025-03-17,757,N20,VIIRS,l,2,308.12,4.12,D,0
18.47188,80.17199,340.7,0.4,0.37,2025-03-17,757,N20,VIIRS,l,2,312.97,4.41,D,0
18.47524,80.17147,343.04,0.4,0.37,2025-03-17,757,N20,VIIRS,n,2,312.43,2.28,D,0
18.48619,79.96259,343.1,0.4,0.37,2025-03-17,757,N20,VIIRS,n,2,309.99,4.57,D,0
18.49398,79.96897,345.14,0.4,0.37,2025-03-17,757,N20,VIIRS,n,2,308.04,3.54,D,0
18.49422,79.90034,345.73,0.39,0.37,2025-03-17,757,N20,VIIRS,n,2,312.1,7.86,D,0
18.49476,79.90405,337.91,0.39,0.37,2025-03-17,757,N20,VIIRS,l,2,311.56,7.86,D,0
18.49614,78.30284,333.4,0.38,0.36,2025-03-17,757,N20,VIIRS,l,2,306.01,1.11,D,0
18.4969,78.51039,344.37,0.38,0.36,2025-03-17,757,N20,VIIRS,n,2,313.82,4.96,D,0
18.49733,79.96845,341.54,0.4,0.37,2025-03-17,757,N20,VIIRS,n,2,308.08,3.54,D,0
18.50134,78.62809,341.35,0.38,0.36,2025-03-17,757,N20,VIIRS,l,2,312.65,4.87,D,0
18.50406,80.25205,351.06,0.4,0.37,2025-03-17,757,N20,VIIRS,n,2,311.2,5.42,D,0
18.5046,80.25584,337.31,0.4,0.37,2025-03-17,757,N20,VIIRS,l,2,309.23,5.42,D,0
18.50495,80.30633,344.37,0.4,0.37,2025-03-17,757,N20,VIIRS,n,2,310.38,3.85,D,0
18.50739,78.48634,335.63,0.38,0.36,2025-03-17,757,N20,VIIRS,l,2,309.06,1.74,D,0
18.50743,80.25153,338.3,0.4,0.37,2025-03-17,757,N20,VIIRS,l,2,309.1,2.47,D,0
18.50796,80.86757,338.09,0.42,0.38,2025-03-17,757,N20,VIIRS,l,2,310.8,1.93,D,0
18.50798,80.25532,333.96,0.4,0.37,2025-03-17,757,N20,VIIRS,l,2,308.66,2.47,D,0
18.51398,78.48523,344.41,0.38,0.36,2025-03-17,757,N20,VIIRS,n,2,310.91,3.13,D,0
18.51453,78.48885,334.92,0.38,0.36,2025-03-17,757,N20,VIIRS,l,2,309.8,3.13,D,0
18.51548,80.84627,336.18,0.42,0.38,2025-03-17,757,N20,VIIRS,l,2,310.21,1.77,D,0
18.51956,80.99961,345.1,0.42,0.38,2025-03-17,757,N20,VIIRS,n,2,314.9,5.65,D,0
18.5215,80.69279,339.84,0.41,0.37,2025-03-17,757,N20,VIIRS,l,2,311.24,2.24,D,0
18.52461,79.59981,339.28,0.39,0.36,2025-03-17,757,N20,VIIRS,l,2,313.38,4.13,D,0
18.52793,79.59927,346.49,0.39,0.36,2025-03-17,757,N20,VIIRS,n,2,311.49,4.98,D,0
18.52996,80.70329,337.22,0.41,0.37,2025-03-17,757,N20,VIIRS,l,2,308.62,4.7,D,0
18.53443,81.46693,339.73,0.44,0.38,2025-03-17,757,N20,VIIRS,l,2,313.68,7.55,D,0
18.53717,79.91967,337.38,0.4,0.37,2025-03-17,757,N20,VIIRS,l,2,312.33,2.45,D,0
18.53956,80.92363,338.04,0.42,0.38,2025-03-17,757,N20,VIIRS,l,2,311.29,3.21,D,0
18.54144,78.48802,338.77,0.38,0.36,2025-03-17,757,N20,VIIRS,n,2,309.45,1.94,D,0
18.5486,78.62385,344.21,0.38,0.36,2025-03-17,757,N20,VIIRS,n,2,308.25,4.2,D,0
18.55589,80.51706,341.72,0.41,0.37,2025-03-17,757,N20,VIIRS,n,2,308.31,3.81,D,0
18.56003,80.34399,332.27,0.4,0.37,2025-03-17,757,N20,VIIRS,l,2,307.14,3.02,D,0
18.56287,80.33964,338.42,0.4,0.37,2025-03-17,757,N20,VIIRS,l,2,309.89,4.69,D,0
18.56341,80.34348,338.56,0.4,0.37,2025-03-17,757,N20,VIIRS,n,2,307.03,3.02,D,0
18.56356,80.22292,350.08,0.4,0.37,2025-03-17,757,N20,VIIRS,n,2,311.07,5.8,D,0
18.56411,80.22672,335.42,0.4,0.37,2025-03-17,757,N20,VIIRS,l,2,309.92,2.17,D,0
18.56452,80.8752,340.64,0.42,0.38,2025-03-17,757,N20,VIIRS,n,2,308.89,3.15,D,0
18.56532,80.21104,350.12,0.4,0.37,2025-03-17,757,N20,VIIRS,n,2,312.86,5.51,D,0
18.56625,80.3391,345.96,0.4,0.37,2025-03-17,757,N20,VIIRS,n,2,310.22,4.12,D,0
18.56693,80.31946,335.45,0.4,0.37,2025-03-17,757,N20,VIIRS,l,2,308.33,1.68,D,0
18.56747,80.3233,331.18,0.4,0.37,2025-03-17,757,N20,VIIRS,l,2,305.55,1.68,D,0
18.56923,80.2143,335.86,0.4,0.37,2025-03-17,757,N20,VIIRS,l,2,310.57,7.06,D,0
18.57206,80.20998,345.25,0.4,0.37,2025-03-17,757,N20,VIIRS,n,2,311.89,7.06,D,0
18.57362,80.76492,337.82,0.42,0.37,2025-03-17,757,N20,VIIRS,l,2,311.31,1.56,D,0
18.57369,80.3184,347.32,0.4,0.37,2025-03-17,757,N20,VIIRS,n,2,312.02,7.31,D,0
18.57424,80.32223,334.8,0.4,0.37,2025-03-17,757,N20,VIIRS,l,2,306.41,7.31,D,0
18.57708,80.31789,339.78,0.4,0.37,2025-03-17,757,N20,VIIRS,n,2,308.07,2.26,D,0
18.57952,80.85671,344.69,0.42,0.38,2025-03-17,757,N20,VIIRS,n,2,312.07,7.34,D,0
18.58033,79.51881,338.97,0.39,0.36,2025-03-17,757,N20,VIIRS,l,2,312.5,4.46,D,0
18.58493,80.3245,340.45,0.4,0.37,2025-03-17,757,N20,VIIRS,n,2,310.06,5.39,D,0
18.5874,80.88784,337.18,0.42,0.38,2025-03-17,757,N20,VIIRS,l,2,309.83,3.97,D,0
18.58826,80.10701,342.14,0.4,0.37,2025-03-17,757,N20,VIIRS,n,2,312.1,6.08,D,0
18.58832,80.32399,342.96,0.4,0.37,2025-03-17,757,N20,VIIRS,n,2,309.85,5.39,D,0
18.58939,80.82693,336.67,0.42,0.38,2025-03-17,757,N20,VIIRS,l,2,308.92,4.57,D,0
18.59175,80.20305,342.15,0.4,0.37,2025-03-17,757,N20,VIIRS,n,2,310.6,3.41,D,0
18.59217,80.11024,347.55,0.4,0.37,2025-03-17,757,N20,VIIRS,n,2,313.88,6.08,D,0
18.59598,80.74957,347.54,0.42,0.37,2025-03-17,757,N20,VIIRS,n,2,311.74,5.71,D,0
18.59682,80.82981,336.21,0.42,0.38,2025-03-17,757,N20,VIIRS,l,2,308.68,2.36,D,0
18.5975,78.5675,336.72,0.38,0.36,2025-03-17,757,N20,VIIRS,n,2,306.57,2.62,D,0
18.5978,80.10163,337.67,0.4,0.37,2025-03-17,757,N20,VIIRS,l,2,312.42,3.45,D,0
18.60053,80.7569,338.77,0.42,0.37,2025-03-17,757,N20,VIIRS,n,2,308.29,2.58,D,0
18.60175,80.22469,340.16,0.4,0.37,2025-03-17,757,N20,VIIRS,l,2,313.64,4.22,D,0
18.60464,78.61448,340.4,0.38,0.36,2025-03-17,757,N20,VIIRS,l,2,314.75,4.44,D,0
18.60477,80.68832,346.72,0.41,0.37,2025-03-17,757,N20,VIIRS,n,2,312.71,6.25,D,0
18.60567,80.22796,354.77,0.4,0.37,2025-03-17,757,N20,VIIRS,n,2,314.43,6.07,D,0
18.60622,80.23175,348.99,0.4,0.37,2025-03-17,757,N20,VIIRS,n,2,310.92,6.07,D,0
18.60819,80.6878,339.05,0.41,0.37,2025-03-17,757,N20,VIIRS,l,2,312.62,6.25,D,0
18.6082,80.6876,338.79,0.41,0.37,2025-03-17,757,N20,VIIRS,l,2,312.4,4.69,D,0
18.60959,80.23123,344.76,0.4,0.37,2025-03-17,757,N20,VIIRS,n,2,312.51,6.07,D,0
18.60991,80.28159,338.65,0.4,0.37,2025-03-17,757,N20,VIIRS,l,2,311.33,2.99,D,0
18.61014,80.23502,345.98,0.4,0.37,2025-03-17,757,N20,VIIRS,n,2,313.0,7.54,D,0
18.6172,80.70197,335.45,0.41,0.37,2025-03-17,757,N20,VIIRS,l,2,308.06,3.83,D,0
18.61773,80.70583,342.07,0.41,0.37,2025-03-17,757,N20,VIIRS,n,2,307.34,6.89,D,0
18.61979,80.74578,341.5,0.42,0.37,2025-03-17,757,N20,VIIRS,n,2,309.36,4.24,D,0
18.62587,78.86662,338.87,0.38,0.36,2025-03-17,757,N20,VIIRS,l,2,313.02,2.19,D,0
18.6312,80.65216,337.44,0.41,0.37,2025-03-17,757,N20,VIIRS,l,2,311.6,2.1,D,0
18.63188,80.63213,350.91,0.41,0.37,2025-03-17,757,N20,VIIRS,n,2,311.33,6.0,D,0
18.63462,80.65164,339.85,0.41,0.37,2025-03-17,757,N20,VIIRS,n,2,312.0,2.1,D,0
18.63513,80.3128,338.39,0.4,0.37,2025-03-17,757,N20,VIIRS,l,2,312.77,4.51,D,0
18.6438,80.74209,334.5,0.42,0.37,2025-03-17,757,N20,VIIRS,l,2,309.41,2.17,D,0
18.64738,80.34984,342.36,0.41,0.37,2025-03-17,757,N20,VIIRS,n,2,312.3,7.4,D,0
18.65057,77.52676,339.0,0.39,0.36,2025-03-17,757,N20,VIIRS,l,2,313.04,3.45,D,0
18.65546,78.74639,330.27,0.38,0.36,2025-03-17,757,N20,VIIRS,n,2,294.78,2.07,D,0
18.65829,80.20018,347.71,0.4,0.37,2025-03-17,757,N20,VIIRS,n,2,313.55,4.25,D,0
18.65862,80.74784,336.13,0.42,0.37,2025-03-17,757,N20,VIIRS,l,2,308.6,2.2,D,0
18.65885,80.69958,333.19,0.41,0.37,2025-03-17,757,N20,VIIRS,n,2,306.26,2.0,D,0
18.6594,80.70357,335.87,0.41,0.37,2025-03-17,757,N20,VIIRS,n,2,307.45,2.0,D,0
18.66205,80.74731,333.8,0.42,0.37,2025-03-17,757,N20,VIIRS,l,2,308.5,2.2,D,0
18.66431,78.60409,340.03,0.38,0.36,2025-03-17,757,N20,VIIRS,l,2,310.24,3.0,D,0
18.6654,80.6469,342.21,0.41,0.37,2025-03-17,757,N20,VIIRS,n,2,311.75,2.48,D,0
18.66596,78.57044,342.3,0.38,0.36,2025-03-17,757,N20,VIIRS,n,2,309.78,3.74,D,0
18.66615,80.60294,347.16,0.41,0.37,2025-03-17,757,N20,VIIRS,n,2,315.38,11.02,D,0
18.66812,80.51892,337.73,0.41,0.37,2025-03-17,757,N20,VIIRS,l,2,309.69,2.67,D,0
18.66926,78.56989,343.18,0.38,0.36,2025-03-17,757,N20,VIIRS,n,2,305.69,3.74,D,0
18.66996,80.48316,334.76,0.41,0.37,2025-03-17,757,N20,VIIRS,n,2,302.94,1.38,D,0
18.67095,80.144,339.94,0.4,0.37,2025-03-17,757,N20,VIIRS,l,2,310.65,5.87,D,0
18.67332,79.99323,352.65,0.4,0.37,2025-03-17,757,N20,VIIRS,n,2,315.05,4.38,D,0
18.67386,79.99699,340.77,0.4,0.37,2025-03-17,757,N20,VIIRS,l,2,311.69,4.38,D,0
18.6754,80.69296,339.24,0.41,0.37,2025-03-17,757,N20,VIIRS,n,2,307.05,3.44,D,0
18.68343,78.79737,334.62,0.38,0.36,2025-03-17,757,N20,VIIRS,l,2,306.24,4.36,D,0
18.68397,78.80099,347.3,0.38,0.36,2025-03-17,757,N20,VIIRS,n,2,308.78,4.36,D,0
18.68675,81.20675,333.81,0.43,0.38,2025-03-17,757,N20,VIIRS,n,2,308.54,2.4,D,0
18.68738,80.70336,339.71,0.42,0.37,2025-03-17,757,N20,VIIRS,l,2,312.82,7.76,D,0
18.68887,80.61542,346.61,0.41,0.37,2025-03-17,757,N20,VIIRS,n,2,315.68,4.18,D,0
18.69127,80.33508,346.15,0.41,0.37,2025-03-17,757,N20,VIIRS,n,2,313.72,9.12,D,0
18.69922,80.51447,332.01,0.41,0.37,2025-03-17,757,N20,VIIRS,l,2,304.59,0.85,D,0
18.70059,80.67323,334.45,0.41,0.37,2025-03-17,757,N20,VIIRS,l,2,308.08,1.35,D,0
18.70751,77.5235,337.54,0.39,0.36,2025-03-17,757,N20,VIIRS,l,2,311.53,3.78,D,0
18.70916,80.56052,342.03,0.41,0.37,2025-03-17,757,N20,VIIRS,n,2,309.64,2.76,D,0
18.71201,80.55604,335.09,0.41,0.37,2025-03-17,757,N20,VIIRS,l,2,308.81,10.03,D,0
18.71256,80.55998,353.87,0.41,0.37,2025-03-17,757,N20,VIIRS,n,2,314.77,10.03,D,0
18.71423,80.69521,339.58,0.41,0.37,2025-03-17,757,N20,VIIRS,l,2,311.3,3.84,D,0
18.71686,80.6909,349.06,0.42,0.37,2025-03-17,757,N20,VIIRS,n,2,310.66,4.31,D,0
18.71709,80.69076,344.28,0.41,0.37,2025-03-17,757,N20,VIIRS,n,2,310.24,3.84,D,0
18.71899,79.53809,338.04,0.39,0.36,2025-03-17,757,N20,VIIRS,l,2,312.08,5.65,D,2
18.72029,80.69036,341.28,0.42,0.37,2025-03-17,757,N20,VIIRS,n,2,309.98,4.31,D,0
18.72083,80.69428,343.15,0.42,0.37,2025-03-17,757,N20,VIIRS,n,2,311.26,4.31,D,0
18.72122,80.7223,340.0,0.42,0.37,2025-03-17,757,N20,VIIRS,l,2,311.81,1.96,D,0
18.72157,80.72213,341.27,0.42,0.37,2025-03-17,757,N20,VIIRS,n,2,311.84,1.98,D,0
18.72192,80.70213,340.87,0.42,0.37,2025-03-17,757,N20,VIIRS,l,2,311.3,3.62,D,0
18.72317,80.68588,342.85,0.41,0.37,2025-03-17,757,N20,VIIRS,n,2,311.78,6.04,D,0
18.72973,80.31348,337.94,0.4,0.37,2025-03-17,757,N20,VIIRS,l,2,312.8,2.29,D,0
18.72982,80.29,336.91,0.4,0.37,2025-03-17,757,N20,VIIRS,l,2,311.68,2.19,D,0
18.73005,80.58524,337.55,0.41,0.37,2025-03-17,757,N20,VIIRS,l,2,311.69,1.54,D,0
18.73454,80.69214,337.38,0.42,0.37,2025-03-17,757,N20,VIIRS,n,2,310.31,3.67,D,0
18.74015,80.70731,340.12,0.42,0.37,2025-03-17,757,N20,VIIRS,l,2,310.36,2.69,D,0
18.74042,80.65917,347.07,0.41,0.37,2025-03-17,757,N20,VIIRS,n,2,312.69,4.79,D,0
18.74097,80.66306,348.18,0.41,0.37,2025-03-17,757,N20,VIIRS,n,2,310.29,7.19,D,0
18.7433,80.65472,340.16,0.41,0.37,2025-03-17,757,N20,VIIRS,l,2,311.52,4.79,D,0
18.74617,80.65028,347.09,0.41,0.37,2025-03-17,757,N20,VIIRS,n,2,310.56,2.96,D,0
18.747,81.02613,347.6,0.43,0.38,2025-03-17,757,N20,VIIRS,n,2,313.07,6.96,D,0
18.74939,80.32989,339.91,0.41,0.37,2025-03-17,757,N20,VIIRS,l,2,311.47,3.21,D,0
18.74959,80.64976,335.43,0.41,0.37,2025-03-17,757,N20,VIIRS,l,2,310.26,2.96,D,0
18.75195,80.74162,341.42,0.42,0.37,2025-03-17,757,N20,VIIRS,l,2,312.56,4.86,D,0
18.75538,80.74108,339.55,0.42,0.37,2025-03-17,757,N20,VIIRS,l,2,311.09,4.86,D,0
18.75636,80.9513,336.77,0.42,0.38,2025-03-17,757,N20,VIIRS,l,2,310.09,2.64,D,0
18.76438,80.95823,343.93,0.42,0.38,2025-03-17,757,N20,VIIRS,n,2,311.89,5.37,D,0
18.7644,80.85635,340.37,0.42,0.38,2025-03-17,757,N20,VIIRS,n,2,309.37,2.52,D,0
18.76914,80.61491,340.31,0.41,0.37,2025-03-17,757,N20,VIIRS,n,2,309.7,4.91,D,0
18.77045,80.69858,344.23,0.42,0.37,2025-03-17,757,N20,VIIRS,n,2,309.21,4.26,D,0
18.77117,80.87971,340.5,0.42,0.38,2025-03-17,757,N20,VIIRS,n,2,310.45,3.53,D,0
18.772,80.93669,336.25,0.42,0.38,2025-03-17,757,N20,VIIRS,l,2,309.36,3.2,D,0
18.77377,80.5983,338.57,0.41,0.37,2025-03-17,757,N20,VIIRS,l,2,310.88,2.19,D,0
18.77938,80.61324,338.55,0.41,0.37,2025-03-17,757,N20,VIIRS,l,2,309.92,4.28,D,0
18.78036,80.76918,335.86,0.42,0.38,2025-03-17,757,N20,VIIRS,l,2,308.54,3.46,D,0
18.78082,80.67284,339.21,0.41,0.37,2025-03-17,757,N20,VIIRS,l,2,310.03,3.61,D,0
18.78403,80.94709,334.22,0.42,0.38,2025-03-17,757,N20,VIIRS,l,2,308.86,1.35,D,0
18.78472,80.70042,339.11,0.42,0.37,2025-03-17,757,N20,VIIRS,l,2,312.69,4.4,D,0
18.78494,80.50535,345.36,0.41,0.37,2025-03-17,757,N20,VIIRS,n,2,311.87,6.62,D,0
18.78713,80.34395,348.52,0.41,0.37,2025-03-17,757,N20,VIIRS,n,2,316.76,6.13,D,0
18.7878,80.50096,338.38,0.41,0.37,2025-03-17,757,N20,VIIRS,n,2,307.8,2.66,D,0
18.78835,80.50483,343.93,0.41,0.37,2025-03-17,757,N20,VIIRS,n,2,308.76,3.5,D,0
18.79159,80.35101,348.68,0.41,0.37,2025-03-17,757,N20,VIIRS,n,2,317.51,8.5,D,0
18.79313,80.73522,350.36,0.42,0.37,2025-03-17,757,N20,VIIRS,n,2,313.79,6.33,D,0
18.79548,81.37307,345.41,0.44,0.38,2025-03-17,757,N20,VIIRS,n,2,313.89,3.91,D,0
18.80444,80.03054,342.83,0.4,0.37,2025-03-17,757,N20,VIIRS,n,2,313.69,3.85,D,0
18.80528,80.69722,342.18,0.42,0.37,2025-03-17,757,N20,VIIRS,l,2,312.72,3.54,D,0
18.80605,79.14143,345.92,0.39,0.36,2025-03-17,757,N20,VIIRS,n,2,312.58,7.56,D,0
18.8099,80.68044,338.98,0.42,0.37,2025-03-17,757,N20,VIIRS,l,2,312.66,2.54,D,0
18.81037,80.98398,339.08,0.43,0.38,2025-03-17,757,N20,VIIRS,n,2,311.62,3.09,D,0
18.81115,80.39124,345.74,0.41,0.37,2025-03-17,757,N20,VIIRS,n,2,312.42,3.32,D,0
18.814,80.38687,341.42,0.41,0.37,2025-03-17,757,N20,VIIRS,l,2,313.72,3.72,D,0
18.81454,80.39074,340.73,0.41,0.37,2025-03-17,757,N20,VIIRS,l,2,313.44,3.32,D,0
18.81468,80.46555,344.47,0.41,0.37,2025-03-17,757,N20,VIIRS,n,2,311.62,4.55,D,0
18.81521,80.37096,339.89,0.41,0.37,2025-03-17,757,N20,VIIRS,l,2,314.27,3.1,D,0
18.81565,80.82018,340.04,0.42,0.38,2025-03-17,757,N20,VIIRS,l,2,312.16,3.42,D,0
18.81809,80.46503,349.38,0.41,0.37,2025-03-17,757,N20,VIIRS,n,2,313.02,4.55,D,0
18.81863,80.46888,346.58,0.41,0.37,2025-03-17,757,N20,VIIRS,n,2,311.78,8.71,D,0
18.81972,80.47661,336.75,0.41,0.37,2025-03-17,757,N20,VIIRS,n,2,308.55,1.76,D,0
18.8271,80.82652,335.42,0.42,0.38,2025-03-17,757,N20,VIIRS,l,2,307.1,2.13,D,0
18.83017,80.18505,337.84,0.4,0.37,2025-03-17,757,N20,VIIRS,n,2,309.2,5.03,D,0
18.83072,80.18886,348.29,0.4,0.37,2025-03-17,757,N20,VIIRS,n,2,311.86,5.03,D,0
18.83629,80.64458,337.3,0.41,0.37,2025-03-17,757,N20,VIIRS,l,2,311.54,5.01,D,0
18.84491,80.63117,335.76,0.41,0.37,2025-03-17,757,N20,VIIRS,l,2,308.46,3.31,D,0
18.8467,80.71928,336.36,0.42,0.37,2025-03-17,757,N20,VIIRS,l,2,309.26,2.33,D,0
18.84701,80.89256,335.83,0.42,0.38,2025-03-17,757,N20,VIIRS,l,2,310.22,2.94,D,0
18.84833,80.63063,345.69,0.41,0.37,2025-03-17,757,N20,VIIRS,n,2,311.53,3.31,D,0
18.84888,80.63459,337.38,0.41,0.37,2025-03-17,757,N20,VIIRS,l,2,311.01,3.31,D,0
18.85097,80.18566,341.42,0.4,0.37,2025-03-17,757,N20,VIIRS,n,2,311.15,3.04,D,0
18.85175,80.63008,352.1,0.41,0.37,2025-03-17,757,N20,VIIRS,n,2,312.92,5.49,D,0
18.85206,80.19327,356.01,0.4,0.37,2025-03-17,757,N20,VIIRS,n,2,315.1,10.13,D,0
18.8523,80.63404,334.51,0.41,0.37,2025-03-17,757,N20,VIIRS,l,2,309.25,5.49,D,0
18.85269,80.17371,341.35,0.4,0.37,2025-03-17,757,N20,VIIRS,n,2,310.11,2.37,D,0
18.85391,80.8474,338.22,0.42,0.38,2025-03-17,757,N20,VIIRS,n,2,311.31,3.1,D,0
18.85544,80.19273,340.56,0.4,0.37,2025-03-17,757,N20,VIIRS,n,2,309.75,10.13,D,0
18.85606,80.17318,342.13,0.4,0.37,2025-03-17,757,N20,VIIRS,n,2,312.02,4.36,D,0
18.85654,80.20033,351.41,0.4,0.37,2025-03-17,757,N20,VIIRS,n,2,313.0,10.38,D,0
18.8567,80.76596,340.58,0.42,0.38,2025-03-17,757,N20,VIIRS,l,2,315.02,4.98,D,0
18.85708,80.20412,336.55,0.4,0.37,2025-03-17,757,N20,VIIRS,n,2,308.88,2.63,D,0
18.8576,80.89973,337.71,0.42,0.38,2025-03-17,757,N20,VIIRS,l,2,307.82,2.85,D,0
18.85991,80.1998,342.52,0.4,0.37,2025-03-17,757,N20,VIIRS,n,2,310.79,4.2,D,0
18.8604,80.81799,336.18,0.42,0.38,2025-03-17,757,N20,VIIRS,l,2,308.86,3.4,D,0
18.86207,80.38327,337.72,0.41,0.37,2025-03-17,757,N20,VIIRS,l,2,311.32,1.65,D,0
18.87216,80.40527,336.32,0.41,0.37,2025-03-17,757,N20,VIIRS,l,2,308.94,0.99,D,0
18.87372,79.95015,336.81,0.4,0.37,2025-03-17,757,N20,VIIRS,l,2,310.31,3.99,D,0
18.87467,81.08894,336.69,0.43,0.38,2025-03-17,757,N20,VIIRS,l,2,307.38,4.3,D,0
18.87487,80.79553,341.27,0.42,0.38,2025-03-17,757,N20,VIIRS,n,2,313.07,2.52,D,0
18.87568,80.50314,341.75,0.41,0.37,2025-03-17,757,N20,VIIRS,n,2,309.74,4.73,D,0
18.87623,80.50697,334.66,0.41,0.37,2025-03-17,757,N20,VIIRS,l,2,309.07,4.49,D,0
18.87643,81.07615,331.33,0.43,0.38,2025-03-17,757,N20,VIIRS,l,2,304.88,2.82,D,0
18.87653,79.94584,339.97,0.4,0.37,2025-03-17,757,N20,VIIRS,n,2,309.71,2.32,D,0
18.87829,81.07668,333.42,0.43,0.38,2025-03-17,757,N20,VIIRS,l,2,304.61,2.19,D,0
18.88164,80.56961,336.54,0.41,0.37,2025-03-17,757,N20,VIIRS,l,2,311.32,2.9,D,0
18.88336,81.10011,330.16,0.43,0.38,2025-03-17,757,N20,VIIRS,l,2,304.45,1.37,D,0
18.88475,80.64099,339.6,0.41,0.37,2025-03-17,757,N20,VIIRS,l,2,311.51,3.87,D,0
18.88531,80.64491,340.04,0.41,0.37,2025-03-17,757,N20,VIIRS,l,2,311.21,3.87,D,0
18.88873,80.64439,341.31,0.41,0.37,2025-03-17,757,N20,VIIRS,l,2,311.5,5.69,D,0
18.88899,80.24963,334.18,0.4,0.37,2025-03-17,757,N20,VIIRS,l,2,309.17,1.4,D,0
18.89133,80.56415,338.65,0.41,0.37,2025-03-17,757,N20,VIIRS,l,2,311.87,5.3,D,0
18.8945,80.04675,347.22,0.4,0.37,2025-03-17,757,N20,VIIRS,n,2,307.74,6.17,D,0
18.89697,80.23277,335.92,0.4,0.37,2025-03-17,757,N20,VIIRS,l,2,309.75,2.37,D,0
18.89816,80.56311,340.02,0.41,0.37,2025-03-17,757,N20,VIIRS,l,2,310.84,3.08,D,0
18.89895,80.05379,334.16,0.4,0.37,2025-03-17,757,N20,VIIRS,l,2,308.39,2.3,D,0
18.89914,80.24805,339.03,0.4,0.37,2025-03-17,757,N20,VIIRS,l,2,309.8,4.01,D,0
18.90024,80.3537,342.74,0.41,0.37,2025-03-17,757,N20,VIIRS,n,2,311.23,4.47,D,0
18.90158,80.56258,339.16,0.41,0.37,2025-03-17,757,N20,VIIRS,l,2,309.79,3.08,D,0
18.90232,80.05328,337.29,0.4,0.37,2025-03-17,757,N20,VIIRS,l,2,308.95,2.3,D,0
18.90264,80.86847,339.01,0.42,0.38,2025-03-17,757,N20,VIIRS,l,2,312.62,4.83,D,0
18.90569,80.05274,333.49,0.4,0.37,2025-03-17,757,N20,VIIRS,l,2,308.43,2.15,D,0
18.90757,80.35647,346.08,0.41,0.37,2025-03-17,757,N20,VIIRS,n,2,311.64,4.48,D,0
18.90901,80.71351,342.62,0.42,0.37,2025-03-17,757,N20,VIIRS,l,2,314.16,4.63,D,0
18.91096,80.35593,347.19,0.41,0.37,2025-03-17,757,N20,VIIRS,n,2,313.2,4.48,D,0
18.91151,80.35977,346.94,0.41,0.37,2025-03-17,757,N20,VIIRS,n,2,316.09,12.97,D,0
18.91294,80.56883,352.46,0.41,0.37,2025-03-17,757,N20,VIIRS,n,2,313.18,5.0,D,0
18.91327,80.64468,349.5,0.41,0.37,2025-03-17,757,N20,VIIRS,n,2,312.07,7.24,D,0
18.91748,80.57614,348.1,0.41,0.37,2025-03-17,757,N20,VIIRS,n,2,312.98,6.95,D,0
18.91751,80.57623,350.01,0.41,0.37,2025-03-17,757,N20,VIIRS,n,2,312.81,4.77,D,0
18.9185,80.78071,339.07,0.42,0.38,2025-03-17,757,N20,VIIRS,n,2,310.88,1.65,D,0
18.91906,81.03754,339.64,0.43,0.38,2025-03-17,757,N20,VIIRS,n,2,307.56,2.47,D,0
18.92093,80.57571,346.58,0.41,0.37,2025-03-17,757,N20,VIIRS,n,2,311.51,4.77,D,0
18.92562,80.36143,333.11,0.41,0.37,2025-03-17,757,N20,VIIRS,l,2,307.32,3.27,D,0
18.92653,81.48627,337.58,0.45,0.39,2025-03-17,757,N20,VIIRS,n,2,311.74,3.04,D,0
18.92658,81.04066,334.06,0.43,0.38,2025-03-17,757,N20,VIIRS,n,2,307.76,1.72,D,0
18.92904,80.23949,335.5,0.4,0.37,2025-03-17,757,N20,VIIRS,l,2,309.52,1.53,D,0
18.93006,81.48569,336.61,0.45,0.39,2025-03-17,757,N20,VIIRS,l,2,310.3,3.04,D,0
18.93204,80.04469,339.52,0.4,0.37,2025-03-17,757,N20,VIIRS,l,2,313.6,3.57,D,0
18.9354,79.65031,335.89,0.39,0.36,2025-03-17,757,N20,VIIRS,l,2,309.52,3.54,D,0
18.9364,80.73347,353.58,0.42,0.37,2025-03-17,757,N20,VIIRS,n,2,316.27,9.45,D,0
18.9369,80.24609,345.65,0.4,0.37,2025-03-17,757,N20,VIIRS,n,2,314.19,6.78,D,0
18.93873,80.21061,347.92,0.4,0.37,2025-03-17,757,N20,VIIRS,n,2,312.47,7.45,D,0
18.9407,80.83821,339.04,0.42,0.38,2025-03-17,757,N20,VIIRS,l,2,310.27,3.09,D,0
18.94172,80.30401,344.4,0.41,0.37,2025-03-17,757,N20,VIIRS,l,2,314.54,3.03,D,0
18.94211,79.00614,350.65,0.39,0.36,2025-03-17,757,N20,VIIRS,n,2,307.79,9.06,D,0
18.94467,80.69611,339.17,0.42,0.37,2025-03-17,757,N20,VIIRS,l,2,313.82,5.46,D,0
18.94487,79.00195,338.81,0.39,0.36,2025-03-17,757,N20,VIIRS,n,2,307.39,6.24,D,0
18.95054,80.34159,335.89,0.41,0.37,2025-03-17,757,N20,VIIRS,l,2,307.69,2.66,D,0
18.95298,80.31006,341.55,0.41,0.37,2025-03-17,757,N20,VIIRS,l,2,312.63,3.86,D,0
18.95339,80.33723,337.43,0.41,0.37,2025-03-17,757,N20,VIIRS,l,2,308.96,2.12,D,0
18.95393,80.34105,333.23,0.41,0.37,2025-03-17,757,N20,VIIRS,n,2,306.23,2.12,D,0
18.95448,80.34486,341.29,0.41,0.37,2025-03-17,757,N20,VIIRS,n,2,308.4,4.95,D,0
18.95536,80.7226,340.31,0.42,0.37,2025-03-17,757,N20,VIIRS,l,2,311.34,3.79,D,0
18.95678,80.33669,334.64,0.41,0.37,2025-03-17,757,N20,VIIRS,l,2,308.05,2.12,D,0
18.9604,80.28933,347.27,0.41,0.37,2025-03-17,757,N20,VIIRS,n,2,314.27,4.68,D,0
18.9605,81.13129,339.31,0.43,0.38,2025-03-17,757,N20,VIIRS,n,2,309.72,1.34,D,0
18.96479,80.31992,342.32,0.41,0.37,2025-03-17,757,N20,VIIRS,n,2,309.88,2.69,D,0
18.96741,80.91187,337.23,0.42,0.38,2025-03-17,757,N20,VIIRS,l,2,310.5,0.94,D,0
18.96938,81.40403,346.12,0.44,0.39,2025-03-17,757,N20,VIIRS,n,2,313.27,4.16,D,0
18.96999,80.55216,338.93,0.41,0.37,2025-03-17,757,N20,VIIRS,l,2,312.63,2.64,D,0
18.97024,80.21342,345.14,0.4,0.37,2025-03-17,757,N20,VIIRS,n,2,313.37,5.22,D,0
18.97078,80.83384,342.29,0.42,0.38,2025-03-17,757,N20,VIIRS,l,2,312.52,5.19,D,0
18.97341,80.55163,339.91,0.41,0.37,2025-03-17,757,N20,VIIRS,l,2,311.06,2.64,D,0
18.97528,81.03349,341.43,0.43,0.38,2025-03-17,757,N20,VIIRS,n,2,309.78,4.19,D,0
18.97737,80.55501,344.36,0.41,0.37,2025-03-17,757,N20,VIIRS,n,2,312.72,6.39,D,0
18.97789,80.68298,341.35,0.42,0.37,2025-03-17,757,N20,VIIRS,l,2,313.19,4.49,D,0
18.97792,80.5589,351.38,0.41,0.37,2025-03-17,757,N20,VIIRS,n,2,313.27,6.39,D,0
18.98077,80.67852,340.86,0.42,0.37,2025-03-17,757,N20,VIIRS,l,2,314.7,4.2,D,0
18.98175,80.71053,341.27,0.42,0.37,2025-03-17,757,N20,VIIRS,l,2,312.79,2.93,D,0
18.98215,80.23922,341.54,0.4,0.37,2025-03-17,757,N20,VIIRS,l,2,312.57,2.35,D,0
18.98266,80.64205,337.89,0.42,0.37,2025-03-17,757,N20,VIIRS,l,2,310.25,4.65,D,0
18.98471,80.28192,339.02,0.41,0.37,2025-03-17,757,N20,VIIRS,l,2,312.71,3.1,D,0
18.98521,80.58576,342.76,0.41,0.37,2025-03-17,757,N20,VIIRS,n,2,310.07,4.44,D,0
18.98703,79.65336,338.39,0.39,0.36,2025-03-17,757,N20,VIIRS,l,2,311.09,2.96,D,0
18.98919,80.58913,339.22,0.41,0.37,2025-03-17,757,N20,VIIRS,l,2,312.94,3.86,D,0
18.99027,80.72127,339.49,0.42,0.38,2025-03-17,757,N20,VIIRS,n,2,313.88,5.75,D,0
18.99063,80.74892,336.26,0.42,0.38,2025-03-17,757,N20,VIIRS,l,2,309.39,2.32,D,0
18.99175,80.23375,347.0,0.4,0.37,2025-03-17,757,N20,VIIRS,n,2,313.76,4.61,D,0
18.99192,80.0894,336.19,0.4,0.37,2025-03-17,757,N20,VIIRS,l,2,310.11,2.89,D,0
18.99246,80.09318,343.59,0.4,0.37,2025-03-17,757,N20,VIIRS,n,2,312.87,2.89,D,0
18.99313,81.10983,335.26,0.43,0.38,2025-03-17,757,N20,VIIRS,l,2,309.06,1.64,D,0
18.99448,81.11005,333.95,0.43,0.38,2025-03-17,757,N20,VIIRS,l,2,308.81,2.01,D,0
18.99514,80.23326,339.9,0.4,0.37,2025-03-17,757,N20,VIIRS,l,2,312.87,4.61,D,0
18.99536,80.8586,337.7,0.42,0.38,2025-03-17,757,N20,VIIRS,l,2,309.53,2.59,D,0
18.9966,80.71631,343.81,0.42,0.37,2025-03-17,757,N20,VIIRS,l,2,314.5,4.85,D,0
18.99686,81.10139,343.21,0.43,0.38,2025-03-17,757,N20,VIIRS,n,2,312.23,11.23,D,0
18.99744,80.10393,351.46,0.4,0.37,2025-03-17,757,N20,VIIRS,n,2,313.62,4.28,D,0
18.99799,80.10773,344.2,0.4,0.37,2025-03-17,757,N20,VIIRS,n,2,313.56,4.28,D,0
18.99898,80.55965,340.86,0.41,0.37,2025-03-17,757,N20,VIIRS,n,2,309.78,3.28,D,0
18.99906,80.23657,351.37,0.4,0.37,2025-03-17,757,N20,VIIRS,n,2,313.96,7.57,D,0
19.00081,80.10334,340.2,0.4,0.37,2025-03-17,757,N20,VIIRS,l,2,313.34,6.91,D,0
19.00084,77.01229,339.25,0.4,0.37,2025-03-17,757,N20,VIIRS,n,2,308.32,1.92,D,0
19.0019,80.11097,345.21,0.4,0.37,2025-03-17,757,N20,VIIRS,n,2,312.85,6.53,D,0
19.00247,80.68324,343.14,0.42,0.37,2025-03-17,757,N20,VIIRS,n,2,314.89,5.45,D,0
19.00272,81.09217,336.32,0.43,0.38,2025-03-17,757,N20,VIIRS,l,2,306.99,1.2,D,0
19.00305,79.30261,336.4,0.39,0.36,2025-03-17,757,N20,VIIRS,l,2,310.35,2.26,D,0
19.00582,79.29837,349.96,0.39,0.36,2025-03-17,757,N20,VIIRS,n,2,313.53,9.4,D,0
19.0059,80.6827,352.11,0.42,0.37,2025-03-17,757,N20,VIIRS,n,2,314.31,5.45,D,0
19.00636,79.30203,347.52,0.39,0.36,2025-03-17,757,N20,VIIRS,n,2,311.43,8.22,D,0
19.01058,77.31084,332.16,0.39,0.37,2025-03-17,757,N20,VIIRS,l,2,305.46,1.0,D,0
19.01552,80.85141,337.85,0.42,0.38,2025-03-17,757,N20,VIIRS,n,2,308.76,0.78,D,0
19.01622,80.50922,341.15,0.41,0.37,2025-03-17,757,N20,VIIRS,n,2,310.81,3.3,D,0
19.01662,80.50962,340.02,0.41,0.37,2025-03-17,757,N20,VIIRS,n,2,311.36,3.33,D,0
19.01897,80.85088,337.82,0.42,0.38,2025-03-17,757,N20,VIIRS,n,2,307.75,1.18,D,0
19.02269,80.1117,345.45,0.4,0.37,2025-03-17,757,N20,VIIRS,n,2,313.31,3.4,D,0
19.02322,80.11546,350.8,0.4,0.37,2025-03-17,757,N20,VIIRS,n,2,314.94,8.27,D,0
19.02376,80.1192,337.94,0.4,0.37,2025-03-17,757,N20,VIIRS,l,2,311.48,8.27,D,0
19.02386,80.61172,334.44,0.41,0.37,2025-03-17,757,N20,VIIRS,l,2,307.95,3.55,D,0
19.02415,80.48864,336.67,0.41,0.37,2025-03-17,757,N20,VIIRS,l,2,310.83,2.69,D,0
19.02481,80.66769,335.0,0.42,0.37,2025-03-17,757,N20,VIIRS,l,2,309.97,1.68,D,0
19.02952,80.62687,335.4,0.42,0.37,2025-03-17,757,N20,VIIRS,n,2,308.78,2.26,D,0
19.02955,80.08749,342.66,0.4,0.37,2025-03-17,757,N20,VIIRS,n,2,311.02,4.21,D,0
19.03016,80.60679,341.94,0.41,0.37,2025-03-17,757,N20,VIIRS,l,2,312.69,7.58,D,0
19.03021,80.60731,345.38,0.41,0.37,2025-03-17,757,N20,VIIRS,n,2,312.4,6.39,D,0
19.03062,80.09496,346.71,0.4,0.37,2025-03-17,757,N20,VIIRS,n,2,308.88,4.94,D,0
19.03175,80.64253,345.46,0.42,0.37,2025-03-17,757,N20,VIIRS,n,2,312.17,7.15,D,0
19.03327,80.13736,341.46,0.4,0.37,2025-03-17,757,N20,VIIRS,n,2,309.23,3.46,D,0
19.03854,79.22163,349.24,0.39,0.36,2025-03-17,757,N20,VIIRS,n,2,303.14,9.48,D,0
19.03948,80.13253,353.19,0.4,0.37,2025-03-17,757,N20,VIIRS,n,2,311.68,5.15,D,0
19.03995,81.07824,337.1,0.43,0.38,2025-03-17,757,N20,VIIRS,l,2,309.52,2.89,D,0
19.0414,80.07408,345.58,0.4,0.37,2025-03-17,757,N20,VIIRS,n,2,309.7,3.26,D,0
19.04186,80.88827,337.4,0.42,0.38,2025-03-17,757,N20,VIIRS,l,2,310.76,1.66,D,0
19.04284,80.37434,340.16,0.41,0.37,2025-03-17,757,N20,VIIRS,n,2,307.8,3.38,D,0
19.04285,80.13198,334.97,0.4,0.37,2025-03-17,757,N20,VIIRS,l,2,309.73,5.15,D,0
19.04339,80.37822,337.52,0.41,0.37,2025-03-17,757,N20,VIIRS,l,2,307.77,2.64,D,0
19.04483,80.63699,335.97,0.42,0.37,2025-03-17,757,N20,VIIRS,l,2,310.17,5.11,D,0
19.04769,80.18967,339.63,0.4,0.37,2025-03-17,757,N20,VIIRS,l,2,312.9,2.69,D,0
19.04852,80.6888,350.62,0.42,0.37,2025-03-17,757,N20,VIIRS,n,2,312.67,5.92,D,0
19.04923,80.0806,336.86,0.4,0.37,2025-03-17,757,N20,VIIRS,l,2,309.94,2.01,D,0
19.05106,81.05571,337.59,0.43,0.38,2025-03-17,757,N20,VIIRS,l,2,311.12,1.63,D,0
19.05162,80.19299,336.73,0.4,0.37,2025-03-17,757,N20,VIIRS,l,2,310.71,2.69,D,0
19.05167,80.88266,338.52,0.42,0.38,2025-03-17,757,N20,VIIRS,l,2,308.84,2.31,D,0
19.05219,80.02972,335.35,0.4,0.37,2025-03-17,757,N20,VIIRS,l,2,307.87,2.55,D,0
19.05235,80.15003,340.31,0.4,0.37,2025-03-17,757,N20,VIIRS,n,2,309.11,2.46,D,0
19.05501,80.19248,344.53,0.4,0.37,2025-03-17,757,N20,VIIRS,n,2,311.61,6.15,D,0
19.05703,80.49944,342.47,0.41,0.37,2025-03-17,757,N20,VIIRS,l,2,315.56,5.19,D,0
19.05758,80.50333,335.93,0.41,0.37,2025-03-17,757,N20,VIIRS,l,2,310.21,2.73,D,0
19.05813,80.50723,336.94,0.41,0.37,2025-03-17,757,N20,VIIRS,l,2,310.81,2.73,D,0
19.05823,80.23902,339.55,0.4,0.37,2025-03-17,757,N20,VIIRS,l,2,314.23,2.07,D,0
19.05839,80.19196,335.65,0.4,0.37,2025-03-17,757,N20,VIIRS,l,2,309.28,6.15,D,0
19.05892,80.764,343.17,0.42,0.38,2025-03-17,757,N20,VIIRS,n,2,313.68,3.71,D,0
19.06052,80.23083,344.81,0.4,0.37,2025-03-17,757,N20,VIIRS,l,2,315.5,6.54,D,0
19.06111,80.47892,337.19,0.41,0.37,2025-03-17,757,N20,VIIRS,l,2,310.74,4.75,D,0
19.06154,80.50669,346.82,0.41,0.37,2025-03-17,757,N20,VIIRS,n,2,309.22,2.73,D,0
19.06162,80.2385,342.75,0.4,0.37,2025-03-17,757,N20,VIIRS,l,2,317.63,8.08,D,0
19.06166,80.48282,343.68,0.41,0.37,2025-03-17,757,N20,VIIRS,n,2,313.37,4.75,D,0
19.06197,80.73521,348.18,0.42,0.38,2025-03-17,757,N20,VIIRS,n,2,316.35,5.42,D,0
19.06236,80.76349,341.71,0.42,0.38,2025-03-17,757,N20,VIIRS,n,2,314.9,3.71,D,0
19.06343,80.20294,338.55,0.4,0.37,2025-03-17,757,N20,VIIRS,n,2,313.07,1.88,D,0
19.0639,80.69853,339.38,0.42,0.37,2025-03-17,757,N20,VIIRS,l,2,314.1,3.91,D,0
19.06526,81.28827,336.22,0.44,0.38,2025-03-17,757,N20,VIIRS,l,2,309.88,3.4,D,0
19.0655,80.51004,336.51,0.41,0.37,2025-03-17,757,N20,VIIRS,l,2,307.89,1.74,D,0
19.06697,80.96637,333.44,0.43,0.38,2025-03-17,757,N20,VIIRS,l,2,308.14,2.31,D,0
19.06738,80.47398,336.02,0.41,0.37,2025-03-17,757,N20,VIIRS,l,2,310.56,2.24,D,0
19.0707,80.09975,336.68,0.4,0.37,2025-03-17,757,N20,VIIRS,l,2,310.3,2.1,D,0
19.07512,80.38144,340.05,0.41,0.37,2025-03-17,757,N20,VIIRS,n,2,305.77,4.3,D,0
19.07568,80.38536,337.27,0.41,0.37,2025-03-17,757,N20,VIIRS,n,2,305.02,4.3,D,0
19.07829,79.93611,335.46,0.4,0.37,2025-03-17,757,N20,VIIRS,l,2,307.12,1.67,D,0
19.07865,80.08295,345.42,0.4,0.37,2025-03-17,757,N20,VIIRS,n,2,308.74,3.59,D,0
19.08036,80.91989,337.33,0.43,0.38,2025-03-17,757,N20,VIIRS,l,2,310.28,4.34,D,0
19.0818,80.55134,339.77,0.41,0.37,2025-03-17,757,N20,VIIRS,n,2,309.64,3.15,D,0
19.08331,80.81313,341.9,0.42,0.38,2025-03-17,757,N20,VIIRS,n,2,311.75,3.51,D,0
19.08371,79.9738,345.48,0.4,0.37,2025-03-17,757,N20,VIIRS,n,2,311.23,3.65,D,0
19.08537,80.7519,342.11,0.42,0.38,2025-03-17,757,N20,VIIRS,l,2,316.29,9.82,D,0
19.08647,81.05458,338.85,0.43,0.38,2025-03-17,757,N20,VIIRS,l,2,311.67,3.87,D,0
19.08653,79.9695,336.75,0.4,0.37,2025-03-17,757,N20,VIIRS,l,2,309.57,5.15,D,0
19.08674,80.46305,343.94,0.41,0.37,2025-03-17,757,N20,VIIRS,n,2,312.11,14.05,D,0
19.09103,80.76725,341.23,0.42,0.38,2025-03-17,757,N20,VIIRS,n,2,314.63,3.63,D,0
19.09225,80.05753,349.72,0.4,0.37,2025-03-17,757,N20,VIIRS,n,2,309.93,4.64,D,0
19.09242,80.93044,336.85,0.43,0.38,2025-03-17,757,N20,VIIRS,l,2,311.13,2.92,D,0
19.0946,80.6173,333.9,0.42,0.37,2025-03-17,757,N20,VIIRS,l,2,308.39,5.31,D,0
19.09461,80.24432,338.54,0.41,0.37,2025-03-17,757,N20,VIIRS,l,2,313.2,4.68,D,0
19.09484,80.09982,341.81,0.4,0.37,2025-03-17,757,N20,VIIRS,l,2,312.06,5.78,D,0
19.09513,81.29659,337.82,0.44,0.38,2025-03-17,757,N20,VIIRS,l,2,312.5,1.67,D,0
19.09533,80.82352,336.43,0.42,0.38,2025-03-17,757,N20,VIIRS,l,2,309.9,0.75,D,0
19.09585,80.01051,345.93,0.4,0.37,2025-03-17,757,N20,VIIRS,n,2,309.28,3.27,D,0
19.09759,79.99864,335.88,0.4,0.37,2025-03-17,757,N20,VIIRS,l,2,309.04,2.51,D,0
19.09867,80.0062,340.37,0.4,0.37,2025-03-17,757,N20,VIIRS,n,2,308.79,3.22,D,0
19.09921,80.00997,353.21,0.4,0.37,2025-03-17,757,N20,VIIRS,n,2,311.78,3.27,D,0
19.09976,80.01376,333.83,0.4,0.37,2025-03-17,757,N20,VIIRS,l,2,307.75,3.27,D,0
19.10092,80.73735,340.22,0.42,0.38,2025-03-17,757,N20,VIIRS,n,2,311.13,2.93,D,0
19.10117,79.80962,330.29,0.4,0.37,2025-03-17,757,N20,VIIRS,n,2,299.97,2.08,D,0
19.10152,80.21973,349.32,0.4,0.37,2025-03-17,757,N20,VIIRS,n,2,315.88,5.34,D,0
19.10258,80.00943,341.21,0.4,0.37,2025-03-17,757,N20,VIIRS,n,2,309.33,4.57,D,0
19.1035,79.92039,335.07,0.4,0.37,2025-03-17,757,N20,VIIRS,l,2,307.6,2.78,D,0
19.10377,81.06517,339.2,0.43,0.38,2025-03-17,757,N20,VIIRS,l,2,311.09,3.24,D,0
19.10423,80.23888,338.15,0.41,0.37,2025-03-17,757,N20,VIIRS,l,2,312.3,4.43,D,0
19.10707,80.63128,347.82,0.42,0.37,2025-03-17,757,N20,VIIRS,n,2,309.1,4.88,D,0
19.1074,79.92363,333.28,0.4,0.37,2025-03-17,757,N20,VIIRS,l,2,305.92,2.52,D,0
19.10741,80.38844,334.49,0.41,0.37,2025-03-17,757,N20,VIIRS,n,2,306.75,1.6,D,0
19.10783,80.38771,334.62,0.41,0.37,2025-03-17,757,N20,VIIRS,n,2,306.39,1.91,D,0
19.11098,80.65897,339.76,0.42,0.37,2025-03-17,757,N20,VIIRS,n,2,312.31,2.91,D,0
19.11177,80.39106,338.09,0.41,0.37,2025-03-17,757,N20,VIIRS,n,2,307.01,2.65,D,0
19.1118,80.07375,341.11,0.4,0.37,2025-03-17,757,N20,VIIRS,l,2,311.2,3.24,D,0
19.11214,81.02238,338.82,0.43,0.38,2025-03-17,757,N20,VIIRS,l,2,312.11,3.69,D,0
19.11409,80.06567,345.91,0.4,0.37,2025-03-17,757,N20,VIIRS,n,2,311.49,6.66,D,0
19.11464,80.43885,342.91,0.41,0.37,2025-03-17,757,N20,VIIRS,n,2,306.02,4.6,D,0
19.11474,80.04618,341.0,0.4,0.37,2025-03-17,757,N20,VIIRS,l,2,311.09,3.04,D,0
19.11488,80.43816,337.11,0.41,0.37,2025-03-17,757,N20,VIIRS,n,2,304.49,1.73,D,0
19.11562,81.02183,343.72,0.43,0.38,2025-03-17,757,N20,VIIRS,n,2,312.75,3.62,D,0
19.11617,81.02589,337.04,0.43,0.38,2025-03-17,757,N20,VIIRS,l,2,311.44,3.62,D,0
19.11652,78.58619,330.09,0.38,0.36,2025-03-17,757,N20,VIIRS,n,2,297.95,1.84,D,0
19.1202,81.02937,339.2,0.43,0.38,2025-03-17,757,N20,VIIRS,n,2,308.45,3.98,D,0
19.12194,80.19305,343.21,0.4,0.37,2025-03-17,757,N20,VIIRS,l,2,316.12,5.54,D,0
19.12215,80.14612,341.2,0.4,0.37,2025-03-17,757,N20,VIIRS,l,2,315.52,3.18,D,0
19.12329,80.87234,337.82,0.42,0.38,2025-03-17,757,N20,VIIRS,n,2,305.9,2.72,D,0
19.12466,80.21218,352.59,0.4,0.37,2025-03-17,757,N20,VIIRS,n,2,314.61,5.92,D,0
19.12509,80.11835,344.57,0.4,0.37,2025-03-17,757,N20,VIIRS,n,2,313.89,3.51,D,0
19.12688,80.32558,337.43,0.41,0.37,2025-03-17,757,N20,VIIRS,n,2,308.44,2.55,D,0
19.12846,80.11782,345.33,0.4,0.37,2025-03-17,757,N20,VIIRS,n,2,311.95,3.51,D,0
19.13802,77.16937,336.98,0.4,0.37,2025-03-17,757,N20,VIIRS,l,2,309.76,2.98,D,0
19.13922,80.0966,337.87,0.4,0.37,2025-03-17,757,N20,VIIRS,l,2,311.11,2.99,D,0
19.14387,80.20133,347.9,0.4,0.37,2025-03-17,757,N20,VIIRS,n,2,314.96,6.28,D,0
19.14495,80.33067,334.69,0.41,0.37,2025-03-17,757,N20,VIIRS,n,2,303.57,1.19,D,0
19.15468,79.83189,333.97,0.4,0.37,2025-03-17,757,N20,VIIRS,n,2,301.04,2.63,D,0
19.15998,77.80672,347.75,0.39,0.36,2025-03-17,757,N20,VIIRS,n,2,306.84,4.04,D,0
19.1703,78.40232,331.92,0.38,0.36,2025-03-17,757,N20,VIIRS,n,2,299.67,1.53,D,0
19.17145,78.58809,339.03,0.38,0.36,2025-03-17,757,N20,VIIRS,n,2,299.47,3.58,D,0
19.17383,80.31409,332.5,0.41,0.37,2025-03-17,757,N20,VIIRS,l,2,303.75,3.48,D,0
19.17439,80.31802,342.17,0.41,0.37,2025-03-17,757,N20,VIIRS,n,2,303.02,3.09,D,0
19.17577,80.40095,345.25,0.41,0.37,2025-03-17,757,N20,VIIRS,n,2,311.63,6.99,D,0
19.17697,81.3662,338.62,0.44,0.39,2025-03-17,757,N20,VIIRS,l,2,309.67,3.25,D,0
19.17706,80.36114,338.73,0.41,0.37,2025-03-17,757,N20,VIIRS,n,2,305.96,3.42,D,0
19.17779,80.31752,335.66,0.41,0.37,2025-03-17,757,N20,VIIRS,n,2,305.52,3.09,D,0
19.17835,80.32141,341.22,0.41,0.37,2025-03-17,757,N20,VIIRS,n,2,305.78,3.09,D,0
19.17859,78.6129,334.78,0.38,0.36,2025-03-17,757,N20,VIIRS,n,2,302.79,3.63,D,0
19.18036,80.73271,339.15,0.42,0.38,2025-03-17,757,N20,VIIRS,l,2,312.54,5.44,D,0
19.18064,80.31313,332.84,0.41,0.37,2025-03-17,757,N20,VIIRS,l,2,304.29,3.65,D,0
19.18119,80.31702,339.42,0.41,0.37,2025-03-17,757,N20,VIIRS,n,2,305.36,3.97,D,0
19.18165,80.34458,330.34,0.41,0.37,2025-03-17,757,N20,VIIRS,l,2,304.96,1.48,D,0
19.18174,80.3209,338.48,0.41,0.37,2025-03-17,757,N20,VIIRS,n,2,304.87,3.97,D,0
19.18348,80.30875,341.09,0.41,0.37,2025-03-17,757,N20,VIIRS,n,2,306.59,3.65,D,0
19.18403,80.31263,349.28,0.41,0.37,2025-03-17,757,N20,VIIRS,n,2,304.95,3.65,D,0
19.1856,80.34792,336.56,0.41,0.37,2025-03-17,757,N20,VIIRS,n,2,304.21,4.5,D,0
19.19372,80.28342,343.45,0.41,0.37,2025-03-17,757,N20,VIIRS,n,2,310.34,3.59,D,0
19.19388,80.77944,338.87,0.42,0.38,2025-03-17,757,N20,VIIRS,n,2,307.56,2.03,D,0
19.19909,80.11856,355.79,0.4,0.37,2025-03-17,757,N20,VIIRS,n,2,316.62,5.22,D,0
19.20173,80.43655,344.17,0.41,0.37,2025-03-17,757,N20,VIIRS,n,2,311.36,4.49,D,0
19.20247,80.11806,340.25,0.4,0.37,2025-03-17,757,N20,VIIRS,l,2,312.85,5.22,D,0
19.20458,80.43214,348.4,0.41,0.37,2025-03-17,757,N20,VIIRS,n,2,311.83,4.05,D,0
19.20513,80.43602,344.33,0.41,0.37,2025-03-17,757,N20,VIIRS,n,2,312.54,4.05,D,0
19.20937,79.83076,331.52,0.4,0.37,2025-03-17,757,N20,VIIRS,n,2,300.9,1.84,D,0
19.21141,80.32845,343.42,0.41,0.37,2025-03-17,757,N20,VIIRS,n,2,308.68,4.72,D,0
19.22133,80.27563,345.8,0.41,0.37,2025-03-17,757,N20,VIIRS,n,2,312.71,8.75,D,0
19.22615,80.75825,334.31,0.42,0.38,2025-03-17,757,N20,VIIRS,l,2,309.07,1.22,D,0
19.22865,78.96945,336.91,0.39,0.36,2025-03-17,757,N20,VIIRS,n,2,287.81,3.07,D,0
19.23298,80.21107,340.69,0.41,0.37,2025-03-17,757,N20,VIIRS,n,2,312.34,2.75,D,0
19.2388,77.5287,336.67,0.39,0.36,2025-03-17,757,N20,VIIRS,l,2,307.99,1.15,D,0
19.23898,78.69954,342.38,0.38,0.36,2025-03-17,757,N20,VIIRS,n,2,310.8,3.9,D,0
19.23958,78.50225,332.16,0.38,0.36,2025-03-17,757,N20,VIIRS,n,2,297.57,1.84,D,0
19.24091,80.78815,333.42,0.42,0.38,2025-03-17,757,N20,VIIRS,l,2,306.91,4.14,D,0
19.24227,78.69897,341.81,0.38,0.36,2025-03-17,757,N20,VIIRS,n,2,308.52,3.17,D,0
19.24366,80.43444,344.48,0.41,0.37,2025-03-17,757,N20,VIIRS,n,2,310.2,2.73,D,0
19.24682,80.2598,338.95,0.41,0.37,2025-03-17,757,N20,VIIRS,l,2,310.91,3.12,D,0
19.24683,80.75505,334.52,0.42,0.38,2025-03-17,757,N20,VIIRS,l,2,309.16,1.47,D,0
19.24768,80.61378,336.22,0.42,0.37,2025-03-17,757,N20,VIIRS,n,2,308.28,2.52,D,0
19.2484,80.61715,332.13,0.42,0.37,2025-03-17,757,N20,VIIRS,l,2,305.65,1.81,D,0
19.24956,80.27909,337.67,0.41,0.37,2025-03-17,757,N20,VIIRS,l,2,312.18,8.25,D,0
19.25011,80.28294,354.09,0.41,0.37,2025-03-17,757,N20,VIIRS,n,2,312.53,9.28,D,0
19.25021,80.25926,338.59,0.41,0.37,2025-03-17,757,N20,VIIRS,l,2,311.42,3.12,D,0
19.25028,80.75452,339.23,0.42,0.38,2025-03-17,757,N20,VIIRS,n,2,314.01,4.58,D,0
19.25196,80.24717,341.53,0.41,0.37,2025-03-17,757,N20,VIIRS,l,2,314.45,5.51,D,0
19.25251,80.25101,342.99,0.41,0.37,2025-03-17,757,N20,VIIRS,n,2,311.06,4.17,D,0
19.2535,80.28241,342.04,0.41,0.37,2025-03-17,757,N20,VIIRS,n,2,307.87,9.28,D,0
19.2536,80.25872,346.95,0.41,0.37,2025-03-17,757,N20,VIIRS,n,2,311.26,3.22,D,0
19.25415,80.26258,338.15,0.41,0.37,2025-03-17,757,N20,VIIRS,l,2,311.08,3.22,D,0
19.25535,80.24663,338.73,0.41,0.37,2025-03-17,757,N20,VIIRS,l,2,310.85,5.51,D,0
19.2559,80.25046,337.96,0.41,0.37,2025-03-17,757,N20,VIIRS,l,2,311.95,4.17,D,0
19.26103,80.23787,340.01,0.41,0.37,2025-03-17,757,N20,VIIRS,n,2,310.13,3.28,D,0
19.26158,80.24171,367.0,0.41,0.37,2025-03-17,757,N20,VIIRS,h,2,313.03,9.49,D,0
19.26321,80.25319,342.28,0.41,0.37,2025-03-17,757,N20,VIIRS,n,2,311.43,5.13,D,0
19.26578,80.32,347.81,0.41,0.37,2025-03-17,757,N20,VIIRS,n,2,306.57,7.27,D,0
19.26628,80.20187,341.46,0.4,0.37,2025-03-17,757,N20,VIIRS,l,2,312.65,2.66,D,0
19.26653,80.27642,338.2,0.41,0.37,2025-03-17,757,N20,VIIRS,n,2,306.81,2.7,D,0
19.26661,80.25268,336.59,0.41,0.37,2025-03-17,757,N20,VIIRS,l,2,310.12,2.01,D,0
19.26756,77.82197,337.96,0.39,0.36,2025-03-17,757,N20,VIIRS,l,2,310.58,5.67,D,0
19.26937,80.27203,332.07,0.41,0.37,2025-03-17,757,N20,VIIRS,l,2,306.91,1.71,D,0
19.27276,80.2715,335.25,0.41,0.37,2025-03-17,757,N20,VIIRS,l,2,307.05,1.71,D,0
19.27394,79.93209,344.31,0.4,0.37,2025-03-17,757,N20,VIIRS,n,2,309.8,4.1,D,0
19.27563,78.53674,334.81,0.38,0.36,2025-03-17,757,N20,VIIRS,n,2,294.91,2.17,D,0
19.27671,80.27483,335.35,0.41,0.37,2025-03-17,757,N20,VIIRS,l,2,305.65,4.23,D,0
19.27708,80.32614,333.34,0.41,0.37,2025-03-17,757,N20,VIIRS,l,2,307.2,1.87,D,0
19.28294,80.2699,339.95,0.41,0.37,2025-03-17,757,N20,VIIRS,n,2,307.05,3.25,D,0
19.28471,79.005,335.18,0.39,0.36,2025-03-17,757,N20,VIIRS,n,2,305.03,1.78,D,0
19.2858,79.0123,340.94,0.39,0.36,2025-03-17,757,N20,VIIRS,n,2,303.63,4.52,D,0
19.28738,79.92991,344.93,0.4,0.37,2025-03-17,757,N20,VIIRS,n,2,309.6,3.31,D,0
19.28819,80.37981,339.84,0.41,0.37,2025-03-17,757,N20,VIIRS,l,2,311.48,3.25,D,0
19.29102,81.14783,337.04,0.44,0.38,2025-03-17,757,N20,VIIRS,l,2,309.23,1.84,D,0
19.29327,80.22105,348.4,0.41,0.37,2025-03-17,757,N20,VIIRS,n,2,313.11,9.81,D,0
19.29388,81.16853,334.09,0.44,0.38,2025-03-17,757,N20,VIIRS,l,2,307.76,2.72,D,0
19.29434,78.10537,351.38,0.39,0.36,2025-03-17,757,N20,VIIRS,n,2,304.15,4.38,D,0
19.29589,80.28764,339.16,0.41,0.37,2025-03-17,757,N20,VIIRS,n,2,307.27,3.39,D,0
19.29665,80.3904,337.47,0.41,0.37,2025-03-17,757,N20,VIIRS,l,2,311.82,2.66,D,0
19.29739,81.16803,341.59,0.44,0.38,2025-03-17,757,N20,VIIRS,n,2,308.86,2.72,D,0
19.29795,79.81248,340.39,0.4,0.37,2025-03-17,757,N20,VIIRS,n,2,293.45,2.83,D,0
19.29819,78.10843,336.42,0.38,0.36,2025-03-17,757,N20,VIIRS,n,2,303.52,4.38,D,0
19.2986,81.15091,351.3,0.44,0.38,2025-03-17,757,N20,VIIRS,n,2,313.46,7.19,D,0
19.29889,80.85754,350.08,0.42,0.38,2025-03-17,757,N20,VIIRS,n,2,311.18,6.1,D,0
19.29912,80.91082,333.86,0.43,0.38,2025-03-17,757,N20,VIIRS,n,2,302.89,3.23,D,0
19.29937,78.76391,338.79,0.38,0.36,2025-03-17,757,N20,VIIRS,n,2,306.47,2.24,D,0
19.29967,80.91486,335.51,0.43,0.38,2025-03-17,757,N20,VIIRS,l,2,305.55,3.23,D,0
19.30033,81.16337,343.5,0.44,0.38,2025-03-17,757,N20,VIIRS,n,2,309.35,5.81,D,0
19.3009,81.16753,354.48,0.44,0.38,2025-03-17,757,N20,VIIRS,n,2,316.66,14.74,D,0
19.30131,79.81197,337.7,0.4,0.37,2025-03-17,757,N20,VIIRS,n,2,292.74,2.83,D,0
19.30148,81.17167,341.59,0.44,0.38,2025-03-17,757,N20,VIIRS,n,2,309.23,14.74,D,0
19.30179,80.85296,338.17,0.42,0.38,2025-03-17,757,N20,VIIRS,n,2,309.3,3.25,D,0
19.30185,79.81573,344.85,0.4,0.37,2025-03-17,757,N20,VIIRS,n,2,293.44,4.92,D,0
19.3021,81.15041,347.57,0.44,0.38,2025-03-17,757,N20,VIIRS,n,2,310.76,7.19,D,0
19.30339,80.18813,338.77,0.4,0.37,2025-03-17,757,N20,VIIRS,l,2,309.55,3.35,D,0
19.30383,81.16286,336.67,0.44,0.38,2025-03-17,757,N20,VIIRS,l,2,311.47,5.81,D,0
19.30441,81.16703,349.29,0.44,0.38,2025-03-17,757,N20,VIIRS,n,2,311.5,14.74,D,0
19.3052,79.81522,330.98,0.4,0.37,2025-03-17,757,N20,VIIRS,n,2,294.99,2.42,D,0
19.30552,80.28217,343.41,0.41,0.37,2025-03-17,757,N20,VIIRS,n,2,306.82,3.59,D,0
19.30569,80.17994,352.22,0.4,0.37,2025-03-17,757,N20,VIIRS,n,2,311.81,6.2,D,0
19.30575,79.819,339.8,0.4,0.37,2025-03-17,757,N20,VIIRS,n,2,295.97,2.42,D,0
19.30624,80.18376,336.75,0.4,0.37,2025-03-17,757,N20,VIIRS,l,2,311.53,6.2,D,0
19.30676,81.15822,341.41,0.44,0.38,2025-03-17,757,N20,VIIRS,l,2,311.98,25.28,D,0
19.30789,80.69349,333.55,0.42,0.38,2025-03-17,757,N20,VIIRS,l,2,307.02,1.82,D,0
19.30792,81.16653,335.08,0.44,0.38,2025-03-17,757,N20,VIIRS,l,2,307.28,16.72,D,0
19.30814,80.84777,352.17,0.42,0.38,2025-03-17,757,N20,VIIRS,n,2,312.32,8.73,D,0
19.30855,80.8764,336.6,0.43,0.38,2025-03-17,757,N20,VIIRS,n,2,302.98,2.9,D,0
19.30911,80.88044,336.39,0.43,0.38,2025-03-17,757,N20,VIIRS,n,2,301.52,2.9,D,0
19.31084,80.16737,339.98,0.4,0.37,2025-03-17,757,N20,VIIRS,l,2,312.29,3.36,D,0
19.31178,80.44771,335.97,0.41,0.37,2025-03-17,757,N20,VIIRS,l,2,310.05,2.15,D,0
19.31363,80.06546,350.12,0.4,0.37,2025-03-17,757,N20,VIIRS,n,2,316.87,6.59,D,0
19.31366,77.54982,345.28,0.39,0.36,2025-03-17,757,N20,VIIRS,l,2,315.97,5.63,D,0
19.31392,79.87554,346.67,0.4,0.37,2025-03-17,757,N20,VIIRS,n,2,306.6,3.95,D,0
19.31506,80.84666,345.97,0.42,0.38,2025-03-17,757,N20,VIIRS,n,2,307.03,4.67,D,0
19.31646,80.0611,350.75,0.4,0.37,2025-03-17,757,N20,VIIRS,n,2,316.5,6.59,D,0
19.31652,80.15867,342.18,0.4,0.37,2025-03-17,757,N20,VIIRS,l,2,317.1,4.19,D,0
19.31701,80.06492,348.37,0.4,0.37,2025-03-17,757,N20,VIIRS,n,2,315.9,6.59,D,0
19.31798,80.84222,341.27,0.42,0.38,2025-03-17,757,N20,VIIRS,n,2,308.28,4.67,D,0
19.32145,80.84175,337.37,0.42,0.38,2025-03-17,757,N20,VIIRS,l,2,309.01,4.5,D,0
19.32491,80.84126,349.69,0.42,0.38,2025-03-17,757,N20,VIIRS,n,2,312.21,4.5,D,0
19.32558,80.14942,347.81,0.4,0.37,2025-03-17,757,N20,VIIRS,n,2,318.8,9.97,D,0
19.32657,80.85319,331.45,0.42,0.38,2025-03-17,757,N20,VIIRS,l,2,305.74,3.49,D,0
19.32782,80.83674,337.08,0.42,0.38,2025-03-17,757,N20,VIIRS,l,2,308.5,3.89,D,0
19.32803,79.11407,332.77,0.39,0.36,2025-03-17,757,N20,VIIRS,n,2,291.01,2.4,D,0
19.33004,80.85272,338.17,0.42,0.38,2025-03-17,757,N20,VIIRS,n,2,304.79,4.34,D,0
19.33184,80.84023,340.12,0.42,0.38,2025-03-17,757,N20,VIIRS,n,2,309.9,6.51,D,0
19.33186,81.23545,348.78,0.44,0.38,2025-03-17,757,N20,VIIRS,n,2,312.24,8.2,D,0
19.33243,81.23959,354.26,0.44,0.38,2025-03-17,757,N20,VIIRS,n,2,312.95,9.66,D,0
19.33257,81.23632,347.7,0.44,0.38,2025-03-17,757,N20,VIIRS,n,2,314.18,16.94,D,0
19.33312,81.24046,347.71,0.44,0.38,2025-03-17,757,N20,VIIRS,n,2,311.31,7.18,D,0
19.33351,80.85223,344.58,0.42,0.38,2025-03-17,757,N20,VIIRS,n,2,307.99,4.34,D,0
19.33406,80.85619,355.45,0.42,0.38,2025-03-17,757,N20,VIIRS,n,2,305.81,7.8,D,0
19.33461,80.86015,347.44,0.42,0.38,2025-03-17,757,N20,VIIRS,n,2,298.8,7.8,D,0
19.33482,79.00047,349.53,0.39,0.36,2025-03-17,757,N20,VIIRS,n,2,314.1,2.95,D,0
19.33536,79.00413,341.52,0.39,0.36,2025-03-17,757,N20,VIIRS,l,2,313.12,2.95,D,0
19.33536,81.23484,341.99,0.44,0.38,2025-03-17,757,N20,VIIRS,n,2,309.38,8.2,D,0
19.33698,80.85172,338.68,0.42,0.38,2025-03-17,757,N20,VIIRS,n,2,307.89,4.54,D,0
19.33753,80.85572,337.22,0.42,0.38,2025-03-17,757,N20,VIIRS,n,2,303.53,6.66,D,0
19.33808,80.8597,347.26,0.42,0.38,2025-03-17,757,N20,VIIRS,n,2,302.25,6.66,D,0
19.33988,80.84722,334.97,0.42,0.38,2025-03-17,757,N20,VIIRS,l,2,308.3,4.54,D,0
19.34,80.82265,344.73,0.42,0.38,2025-03-17,757,N20,VIIRS,n,2,306.23,4.99,D,0
19.34044,80.85121,353.08,0.42,0.38,2025-03-17,757,N20,VIIRS,n,2,306.68,4.54,D,0
19.34099,80.8552,338.5,0.42,0.38,2025-03-17,757,N20,VIIRS,n,2,300.16,6.66,D,0
19.34239,78.04052,337.34,0.39,0.36,2025-03-17,757,N20,VIIRS,l,2,307.5,3.43,D,0
19.35359,78.11324,344.78,0.38,0.36,2025-03-17,757,N20,VIIRS,n,2,312.65,6.56,D,0
19.35415,78.11689,345.66,0.38,0.36,2025-03-17,757,N20,VIIRS,n,2,310.97,6.48,D,0
19.35705,77.09164,339.32,0.4,0.37,2025-03-17,757,N20,VIIRS,l,2,314.06,2.64,D,0
19.36039,77.09105,341.5,0.4,0.37,2025-03-17,757,N20,VIIRS,n,2,315.15,3.16,D,0
19.36521,80.23331,337.52,0.41,0.37,2025-03-17,757,N20,VIIRS,n,2,307.27,3.43,D,0
19.36615,81.19295,342.95,0.44,0.38,2025-03-17,757,N20,VIIRS,n,2,310.21,3.08,D,0
19.36678,79.03223,338.87,0.39,0.36,2025-03-17,757,N20,VIIRS,l,2,313.06,2.79,D,0
19.36805,80.22893,342.55,0.41,0.37,2025-03-17,757,N20,VIIRS,n,2,310.19,4.88,D,0
19.3686,80.23278,346.36,0.41,0.37,2025-03-17,757,N20,VIIRS,n,2,309.81,3.43,D,0
19.369,79.02436,347.53,0.39,0.36,2025-03-17,757,N20,VIIRS,n,2,311.72,4.99,D,0
19.36915,80.23664,343.95,0.41,0.37,2025-03-17,757,N20,VIIRS,n,2,308.05,3.43,D,0
19.36966,81.19241,340.14,0.44,0.38,2025-03-17,757,N20,VIIRS,n,2,308.83,4.31,D,0
19.37008,79.03168,346.27,0.39,0.36,2025-03-17,757,N20,VIIRS,n,2,310.82,2.79,D,0
19.37144,80.22839,336.85,0.41,0.37,2025-03-17,757,N20,VIIRS,n,2,306.78,3.12,D,0
19.37179,78.54665,337.44,0.38,0.36,2025-03-17,757,N20,VIIRS,n,2,295.97,3.16,D,0
19.37199,80.23225,341.84,0.41,0.37,2025-03-17,757,N20,VIIRS,n,2,310.63,9.85,D,0
19.37254,80.23611,347.35,0.41,0.37,2025-03-17,757,N20,VIIRS,n,2,308.36,9.85,D,0
19.37524,80.70343,336.33,0.42,0.38,2025-03-17,757,N20,VIIRS,n,2,308.76,4.37,D,0
19.37538,80.2317,339.68,0.41,0.37,2025-03-17,757,N20,VIIRS,n,2,305.09,9.85,D,0
19.37663,80.46156,340.36,0.41,0.37,2025-03-17,757,N20,VIIRS,n,2,309.67,5.04,D,0
19.37721,80.19602,332.22,0.41,0.37,2025-03-17,757,N20,VIIRS,l,2,302.92,3.78,D,0
19.37772,79.06038,337.64,0.39,0.36,2025-03-17,757,N20,VIIRS,n,2,306.07,2.44,D,0
19.37933,80.23505,339.38,0.41,0.37,2025-03-17,757,N20,VIIRS,n,2,304.64,3.79,D,0
19.38103,79.05984,331.8,0.39,0.36,2025-03-17,757,N20,VIIRS,l,2,301.98,2.44,D,0
19.3818,80.32555,335.93,0.41,0.37,2025-03-17,757,N20,VIIRS,l,2,307.25,1.38,D,0
19.38924,78.08105,338.05,0.39,0.36,2025-03-17,757,N20,VIIRS,l,2,312.62,2.51,D,0
19.39209,80.30019,340.43,0.41,0.37,2025-03-17,757,N20,VIIRS,n,2,308.97,1.95,D,0
19.39501,79.94794,339.03,0.4,0.37,2025-03-17,757,N20,VIIRS,l,2,309.21,3.87,D,0
19.39521,79.90124,332.61,0.4,0.37,2025-03-17,757,N20,VIIRS,n,2,296.91,4.71,D,0
19.39556,79.95175,346.72,0.4,0.37,2025-03-17,757,N20,VIIRS,n,2,310.11,3.87,D,0
19.39576,79.90508,339.15,0.4,0.37,2025-03-17,757,N20,VIIRS,n,2,300.23,4.71,D,0
19.39667,80.43051,335.76,0.41,0.37,2025-03-17,757,N20,VIIRS,l,2,307.77,2.8,D,0
19.39857,79.90073,343.69,0.4,0.37,2025-03-17,757,N20,VIIRS,n,2,297.1,6.28,D,0
19.40073,80.13396,339.44,0.4,0.37,2025-03-17,757,N20,VIIRS,n,2,307.79,3.72,D,0
19.40133,80.24343,338.83,0.41,0.37,2025-03-17,757,N20,VIIRS,n,2,303.83,3.66,D,0
19.41198,81.3443,339.07,0.44,0.39,2025-03-17,757,N20,VIIRS,n,2,307.23,2.65,D,0
19.41587,80.24152,337.39,0.41,0.37,2025-03-17,757,N20,VIIRS,n,2,305.09,4.08,D,0
19.41827,80.7092,332.14,0.42,0.38,2025-03-17,757,N20,VIIRS,l,2,306.53,3.23,D,0
19.42228,80.71268,331.64,0.42,0.38,2025-03-17,757,N20,VIIRS,l,2,304.95,2.16,D,0
19.42517,80.70816,337.0,0.42,0.38,2025-03-17,757,N20,VIIRS,n,2,306.57,5.26,D,0
19.42616,81.29004,330.96,0.44,0.38,2025-03-17,757,N20,VIIRS,l,2,305.92,2.87,D,0
19.428,78.98847,332.08,0.39,0.36,2025-03-17,757,N20,VIIRS,l,2,306.95,2.86,D,0
19.42822,80.2554,333.88,0.41,0.37,2025-03-17,757,N20,VIIRS,n,2,302.7,2.6,D,0
19.42883,80.65884,334.71,0.42,0.38,2025-03-17,757,N20,VIIRS,l,2,309.22,1.99,D,0
19.42929,77.27096,341.62,0.39,0.36,2025-03-17,757,N20,VIIRS,n,2,314.9,2.83,D,0
19.42973,80.71558,341.63,0.42,0.38,2025-03-17,757,N20,VIIRS,n,2,306.91,4.72,D,0
19.43697,80.76751,333.71,0.42,0.38,2025-03-17,757,N20,VIIRS,n,2,295.36,3.64,D,0
19.44042,80.76692,334.31,0.42,0.38,2025-03-17,757,N20,VIIRS,n,2,294.16,4.46,D,0
19.44436,81.36974,336.83,0.45,0.39,2025-03-17,757,N20,VIIRS,l,2,308.27,2.8,D,0
19.44494,81.37395,337.68,0.45,0.39,2025-03-17,757,N20,VIIRS,n,2,305.99,2.8,D,0
19.44845,78.31333,333.39,0.38,0.36,2025-03-17,757,N20,VIIRS,l,2,307.39,2.31,D,0
19.45231,80.80154,341.55,0.42,0.38,2025-03-17,757,N20,VIIRS,n,2,293.99,6.93,D,0
19.45286,80.80549,332.79,0.42,0.38,2025-03-17,757,N20,VIIRS,n,2,296.27,2.76,D,0
19.45863,80.79626,332.53,0.42,0.38,2025-03-17,757,N20,VIIRS,n,2,294.21,3.11,D,0
19.46141,80.6904,330.48,0.42,0.38,2025-03-17,757,N20,VIIRS,l,2,305.15,2.88,D,0
19.46198,78.31058,334.21,0.38,0.36,2025-03-17,757,N20,VIIRS,l,2,306.26,1.92,D,0
19.46206,80.7955,331.52,0.42,0.38,2025-03-17,757,N20,VIIRS,n,2,298.45,3.11,D,0
19.4659,81.3715,346.86,0.45,0.39,2025-03-17,757,N20,VIIRS,n,2,306.19,4.14,D,0
19.46632,80.32854,335.73,0.41,0.37,2025-03-17,757,N20,VIIRS,n,2,304.68,1.92,D,0
19.4671,80.70581,331.55,0.42,0.38,2025-03-17,757,N20,VIIRS,l,2,304.73,1.73,D,0
19.46916,80.20157,331.36,0.41,0.37,2025-03-17,757,N20,VIIRS,n,2,300.35,3.03,D,0
19.46925,81.28888,335.41,0.44,0.39,2025-03-17,757,N20,VIIRS,l,2,307.19,5.89,D,0
19.472,80.19718,335.24,0.41,0.37,2025-03-17,757,N20,VIIRS,n,2,299.95,2.75,D,0
19.48818,81.2691,336.42,0.44,0.38,2025-03-17,757,N20,VIIRS,l,2,310.08,2.76,D,0
19.49225,81.2726,333.78,0.44,0.38,2025-03-17,757,N20,VIIRS,l,2,305.47,2.76,D,0
19.49365,80.54819,334.98,0.42,0.37,2025-03-17,757,N20,VIIRS,n,2,306.43,2.35,D,0
19.49661,80.10316,349.47,0.4,0.37,2025-03-17,757,N20,VIIRS,n,2,296.66,4.64,D,0
19.49708,80.54767,340.28,0.42,0.37,2025-03-17,757,N20,VIIRS,n,2,305.91,2.76,D,0
19.49915,81.29686,333.78,0.44,0.39,2025-03-17,757,N20,VIIRS,l,2,305.73,1.81,D,0
19.50152,80.45461,332.46,0.41,0.37,2025-03-17,757,N20,VIIRS,l,2,302.5,2.86,D,0
19.50488,80.03148,336.12,0.4,0.37,2025-03-17,757,N20,VIIRS,n,2,300.35,4.59,D,0
19.5088,80.03476,342.53,0.4,0.37,2025-03-17,757,N20,VIIRS,n,2,301.88,4.59,D,0
19.50901,80.43346,336.39,0.41,0.37,2025-03-17,757,N20,VIIRS,n,2,303.07,2.67,D,0
19.50916,81.31736,338.65,0.44,0.39,2025-03-17,757,N20,VIIRS,n,2,309.05,4.21,D,0
19.51031,78.97056,340.37,0.39,0.36,2025-03-17,757,N20,VIIRS,n,2,302.92,3.68,D,0
19.51361,78.96999,340.55,0.39,0.36,2025-03-17,757,N20,VIIRS,n,2,303.05,2.25,D,0
19.51415,78.97364,336.78,0.39,0.36,2025-03-17,757,N20,VIIRS,n,2,301.55,2.25,D,0
19.51637,78.9658,330.88,0.39,0.36,2025-03-17,757,N20,VIIRS,l,2,302.17,1.33,D,0
19.51767,80.22552,346.33,0.41,0.37,2025-03-17,757,N20,VIIRS,n,2,301.84,3.42,D,0
19.51785,80.22156,339.62,0.41,0.37,2025-03-17,757,N20,VIIRS,n,2,301.99,4.36,D,0
19.5184,80.22543,343.65,0.41,0.37,2025-03-17,757,N20,VIIRS,n,2,300.62,6.23,D,0
19.5227,79.09969,336.8,0.39,0.36,2025-03-17,757,N20,VIIRS,n,2,305.43,1.6,D,0
19.52312,80.45917,340.49,0.41,0.37,2025-03-17,757,N20,VIIRS,n,2,300.73,3.58,D,0
19.52497,80.42288,334.69,0.41,0.37,2025-03-17,757,N20,VIIRS,n,2,302.34,3.96,D,0
19.52708,80.46246,334.25,0.41,0.37,2025-03-17,757,N20,VIIRS,n,2,298.97,2.33,D,0
19.52814,80.09805,331.91,0.4,0.37,2025-03-17,757,N20,VIIRS,n,2,289.11,4.39,D,0
19.52906,78.68678,336.75,0.38,0.36,2025-03-17,757,N20,VIIRS,l,2,308.43,3.02,D,0
19.5296,78.69041,338.33,0.38,0.36,2025-03-17,757,N20,VIIRS,n,2,306.15,2.38,D,0
19.53732,78.38354,338.09,0.38,0.36,2025-03-17,757,N20,VIIRS,n,2,306.54,1.91,D,0
19.53862,79.13849,337.36,0.39,0.36,2025-03-17,757,N20,VIIRS,n,2,304.98,1.93,D,0
19.54062,78.38299,333.55,0.38,0.36,2025-03-17,757,N20,VIIRS,l,2,306.97,2.33,D,0
19.54138,79.13425,336.23,0.39,0.36,2025-03-17,757,N20,VIIRS,n,2,305.19,1.47,D,0
19.54193,79.13793,336.57,0.39,0.36,2025-03-17,757,N20,VIIRS,l,2,306.69,1.93,D,0
19.54494,78.30024,338.09,0.38,0.36,2025-03-17,757,N20,VIIRS,l,2,309.96,4.45,D,0
19.54792,81.14962,333.3,0.44,0.38,2025-03-17,757,N20,VIIRS,l,2,307.03,2.28,D,0
19.54936,79.00533,331.5,0.39,0.36,2025-03-17,757,N20,VIIRS,l,2,304.6,2.55,D,0
19.54986,79.03146,345.39,0.39,0.36,2025-03-17,757,N20,VIIRS,n,2,306.96,5.37,D,0
19.5516,78.36622,351.1,0.38,0.36,2025-03-17,757,N20,VIIRS,n,2,310.51,5.19,D,0
19.55243,81.18311,341.05,0.44,0.38,2025-03-17,757,N20,VIIRS,n,2,304.47,4.94,D,0
19.55299,81.18728,335.66,0.44,0.38,2025-03-17,757,N20,VIIRS,n,2,301.93,4.94,D,0
19.55425,81.16998,338.11,0.44,0.38,2025-03-17,757,N20,VIIRS,n,2,303.29,2.57,D,0
19.55489,78.36566,333.14,0.38,0.36,2025-03-17,757,N20,VIIRS,l,2,305.11,5.19,D,0
19.55489,81.04289,343.41,0.43,0.38,2025-03-17,757,N20,VIIRS,n,2,311.47,6.86,D,0
19.55538,81.17836,344.04,0.44,0.38,2025-03-17,757,N20,VIIRS,n,2,305.82,3.75,D,0
19.55607,81.15688,338.01,0.44,0.38,2025-03-17,757,N20,VIIRS,n,2,306.36,2.78,D,0
19.55651,81.18674,344.6,0.44,0.38,2025-03-17,757,N20,VIIRS,n,2,304.02,7.78,D,0
19.5574,81.35308,336.91,0.45,0.39,2025-03-17,757,N20,VIIRS,l,2,308.91,3.55,D,0
19.55808,78.24956,345.11,0.38,0.36,2025-03-17,757,N20,VIIRS,n,2,310.05,4.83,D,0
19.55812,79.29366,344.58,0.39,0.36,2025-03-17,757,N20,VIIRS,n,2,316.78,5.63,D,0
19.5589,81.17783,341.55,0.44,0.38,2025-03-17,757,N20,VIIRS,n,2,305.02,3.75,D,0
19.55973,81.29174,344.4,0.44,0.39,2025-03-17,757,N20,VIIRS,n,2,310.25,5.85,D,0
19.55996,81.29278,338.59,0.44,0.39,2025-03-17,757,N20,VIIRS,l,2,309.63,4.44,D,0
19.56137,79.31578,343.73,0.39,0.36,2025-03-17,757,N20,VIIRS,l,2,316.39,4.15,D,0
19.56423,78.36035,336.82,0.38,0.36,2025-03-17,757,N20,VIIRS,l,2,310.48,2.63,D,0
19.56638,78.30405,332.72,0.38,0.36,2025-03-17,757,N20,VIIRS,l,2,307.52,2.12,D,0
19.56769,78.94566,336.66,0.39,0.36,2025-03-17,757,N20,VIIRS,l,2,308.5,2.68,D,0
19.5683,81.1678,339.4,0.44,0.38,2025-03-17,757,N20,VIIRS,n,2,304.86,2.5,D,0
19.57453,79.35907,343.92,0.39,0.36,2025-03-17,757,N20,VIIRS,l,2,316.61,5.57,D,0
19.57886,81.16631,347.75,0.44,0.38,2025-03-17,757,N20,VIIRS,n,2,302.54,5.62,D,0
19.58124,81.15746,339.53,0.44,0.38,2025-03-17,757,N20,VIIRS,n,2,304.59,4.11,D,0
19.58712,81.14801,339.45,0.44,0.38,2025-03-17,757,N20,VIIRS,n,2,305.48,4.06,D,0
19.58769,81.15217,342.84,0.44,0.38,2025-03-17,757,N20,VIIRS,n,2,305.96,4.84,D,0
19.59134,79.4971,331.99,0.39,0.36,2025-03-17,757,N20,VIIRS,n,2,301.88,1.78,D,0
19.59224,78.34067,344.69,0.38,0.36,2025-03-17,757,N20,VIIRS,n,2,310.87,3.68,D,0
19.59845,79.31352,348.92,0.39,0.36,2025-03-17,757,N20,VIIRS,n,2,316.1,5.24,D,0
19.60715,79.39561,351.06,0.39,0.36,2025-03-17,757,N20,VIIRS,n,2,319.0,11.63,D,0
19.6077,79.39933,343.67,0.39,0.36,2025-03-17,757,N20,VIIRS,l,2,315.67,6.28,D,0
19.60939,77.31161,342.1,0.39,0.36,2025-03-17,757,N20,VIIRS,l,2,315.74,4.72,D,0
19.61047,79.39505,351.97,0.39,0.36,2025-03-17,757,N20,VIIRS,l,2,322.68,18.76,D,0
19.61102,79.39878,338.99,0.39,0.36,2025-03-17,757,N20,VIIRS,l,2,313.85,6.29,D,0
19.6127,79.38705,340.88,0.39,0.36,2025-03-17,757,N20,VIIRS,l,2,315.35,3.94,D,0
19.6138,79.3945,353.68,0.39,0.36,2025-03-17,757,N20,VIIRS,n,2,317.88,18.76,D,0
19.61432,79.23878,350.32,0.39,0.36,2025-03-17,757,N20,VIIRS,n,2,314.64,5.21,D,0
19.61544,79.38632,349.73,0.39,0.36,2025-03-17,757,N20,VIIRS,n,2,317.61,8.51,D,0
19.61598,79.39005,348.55,0.39,0.36,2025-03-17,757,N20,VIIRS,n,2,316.35,6.95,D,0
19.61877,79.38578,353.76,0.39,0.36,2025-03-17,757,N20,VIIRS,n,2,319.3,8.51,D,0
19.61931,79.38951,351.04,0.39,0.36,2025-03-17,757,N20,VIIRS,n,2,316.71,6.95,D,0
19.62263,79.38898,367.0,0.39,0.36,2025-03-17,757,N20,VIIRS,l,2,327.89,40.99,D,0
19.63448,79.14502,337.19,0.39,0.36,2025-03-17,757,N20,VIIRS,n,2,306.98,2.66,D,0
19.63989,79.18171,347.1,0.39,0.36,2025-03-17,757,N20,VIIRS,n,2,302.61,3.1,D,0
19.64652,79.18063,348.79,0.39,0.36,2025-03-17,757,N20,VIIRS,n,2,306.11,3.86,D,0
19.64706,79.1843,337.3,0.39,0.36,2025-03-17,757,N20,VIIRS,n,2,303.43,3.86,D,0
19.65158,81.14359,332.34,0.44,0.38,2025-03-17,757,N20,VIIRS,l,2,307.06,2.15,D,0
19.65369,79.18321,336.31,0.39,0.36,2025-03-17,757,N20,VIIRS,n,2,302.7,1.16,D,0
19.65385,81.05446,335.41,0.43,0.38,2025-03-17,757,N20,VIIRS,n,2,299.68,2.08,D,0
19.65679,78.88222,349.01,0.39,0.36,2025-03-17,757,N20,VIIRS,n,2,310.82,6.87,D,0
19.65813,77.10417,346.0,0.4,0.37,2025-03-17,757,N20,VIIRS,l,2,316.25,15.71,D,0
19.65872,77.1079,348.21,0.4,0.37,2025-03-17,757,N20,VIIRS,n,2,320.6,15.71,D,0
19.66064,78.88533,343.01,0.39,0.36,2025-03-17,757,N20,VIIRS,n,2,309.84,3.59,D,0
19.66146,77.10359,367.0,0.4,0.37,2025-03-17,757,N20,VIIRS,l,2,325.88,22.71,D,0
19.66206,77.10733,353.55,0.4,0.37,2025-03-17,757,N20,VIIRS,n,2,319.71,22.71,D,0
19.66539,77.10675,348.45,0.4,0.37,2025-03-17,757,N20,VIIRS,l,2,320.09,22.71,D,0
19.66937,78.92136,342.4,0.39,0.36,2025-03-17,757,N20,VIIRS,n,2,311.48,6.42,D,0
19.66991,78.92502,355.78,0.39,0.36,2025-03-17,757,N20,VIIRS,n,2,311.96,6.42,D,0
19.67521,78.71098,333.51,0.38,0.36,2025-03-17,757,N20,VIIRS,l,2,304.62,1.09,D,0
19.67531,77.69013,347.85,0.39,0.36,2025-03-17,757,N20,VIIRS,n,2,314.89,7.86,D,0
19.67588,77.69379,342.91,0.39,0.36,2025-03-17,757,N20,VIIRS,l,2,316.4,6.02,D,0
19.67838,79.8363,341.44,0.4,0.37,2025-03-17,757,N20,VIIRS,l,2,311.67,3.99,D,0
19.68292,79.83156,338.26,0.4,0.37,2025-03-17,757,N20,VIIRS,l,2,313.22,7.2,D,0
19.68294,78.67234,333.6,0.38,0.36,2025-03-17,757,N20,VIIRS,l,2,304.8,1.94,D,0
19.68682,79.8348,355.33,0.4,0.37,2025-03-17,757,N20,VIIRS,n,2,314.7,6.97,D,0
19.68881,81.422,330.68,0.45,0.39,2025-03-17,757,N20,VIIRS,l,2,302.37,1.22,D,0
19.69018,79.83427,341.37,0.4,0.37,2025-03-17,757,N20,VIIRS,n,2,310.31,6.97,D,0
19.69193,78.93648,341.62,0.39,0.36,2025-03-17,757,N20,VIIRS,l,2,311.75,3.86,D,0
19.69196,78.28238,338.35,0.38,0.36,2025-03-17,757,N20,VIIRS,l,2,311.9,3.17,D,0
19.69252,78.28602,344.16,0.38,0.36,2025-03-17,757,N20,VIIRS,n,2,311.76,3.17,D,0
19.69412,79.93464,339.26,0.4,0.37,2025-03-17,757,N20,VIIRS,l,2,312.36,2.52,D,0
19.69436,77.52836,345.47,0.39,0.36,2025-03-17,757,N20,VIIRS,l,2,318.79,9.91,D,0
19.69581,78.28545,338.99,0.38,0.36,2025-03-17,757,N20,VIIRS,l,2,312.07,2.91,D,0
19.69647,79.9851,333.14,0.4,0.37,2025-03-17,757,N20,VIIRS,l,2,308.12,1.2,D,0
19.69892,78.55394,336.88,0.38,0.36,2025-03-17,757,N20,VIIRS,l,2,308.25,0.83,D,0
19.69947,78.55758,338.19,0.38,0.36,2025-03-17,757,N20,VIIRS,l,2,309.75,2.94,D,0
19.69965,79.94936,334.65,0.4,0.37,2025-03-17,757,N20,VIIRS,l,2,309.12,2.96,D,0
19.70248,79.945,348.77,0.4,0.37,2025-03-17,757,N20,VIIRS,n,2,311.45,3.32,D,0
19.70302,79.94883,333.38,0.4,0.37,2025-03-17,757,N20,VIIRS,l,2,307.89,3.32,D,0
19.70475,81.00893,332.22,0.43,0.38,2025-03-17,757,N20,VIIRS,l,2,302.43,2.19,D,0
19.71722,80.02468,337.91,0.4,0.37,2025-03-17,757,N20,VIIRS,n,2,306.97,2.97,D,0
19.72271,79.94178,335.73,0.4,0.37,2025-03-17,757,N20,VIIRS,l,2,309.68,3.71,D,0
19.72342,78.53452,338.11,0.38,0.36,2025-03-17,757,N20,VIIRS,l,2,311.13,3.6,D,0
19.7256,80.03507,347.04,0.4,0.37,2025-03-17,757,N20,VIIRS,n,2,308.05,8.16,D,0
19.72897,80.03452,335.69,0.4,0.37,2025-03-17,757,N20,VIIRS,l,2,308.66,5.49,D,0
19.73093,78.24963,350.29,0.38,0.36,2025-03-17,757,N20,VIIRS,n,2,311.63,3.89,D,0
19.73422,78.24906,340.44,0.38,0.36,2025-03-17,757,N20,VIIRS,l,2,311.69,3.89,D,0
19.73573,77.23141,346.82,0.39,0.36,2025-03-17,757,N20,VIIRS,n,2,315.88,5.06,D,0
19.73752,78.2485,341.97,0.38,0.36,2025-03-17,757,N20,VIIRS,n,2,310.39,2.65,D,0
19.73808,77.74305,345.36,0.39,0.36,2025-03-17,757,N20,VIIRS,l,2,316.85,12.7,D,0
19.73814,80.00177,336.37,0.4,0.37,2025-03-17,757,N20,VIIRS,l,2,308.76,1.97,D,0
19.73869,80.00562,336.75,0.4,0.37,2025-03-17,757,N20,VIIRS,l,2,309.39,1.97,D,0
19.73874,78.65893,335.96,0.38,0.36,2025-03-17,757,N20,VIIRS,n,2,305.93,2.74,D,0
19.74032,80.01707,338.33,0.4,0.37,2025-03-17,757,N20,VIIRS,l,2,311.22,2.42,D,0
19.74086,80.02089,340.91,0.4,0.37,2025-03-17,757,N20,VIIRS,n,2,310.6,2.42,D,0
19.74325,78.08701,336.14,0.38,0.36,2025-03-17,757,N20,VIIRS,l,2,311.07,0.99,D,0
19.74654,78.08266,352.29,0.38,0.36,2025-03-17,757,N20,VIIRS,n,2,314.54,5.58,D,0
19.7475,80.0433,337.5,0.4,0.37,2025-03-17,757,N20,VIIRS,n,2,311.41,3.9,D,0
19.74804,80.04715,338.8,0.4,0.37,2025-03-17,757,N20,VIIRS,n,2,311.82,3.95,D,0
19.74914,80.05484,341.04,0.4,0.37,2025-03-17,757,N20,VIIRS,n,2,310.77,5.04,D,0
19.75023,80.06253,337.5,0.4,0.37,2025-03-17,757,N20,VIIRS,l,2,309.76,3.45,D,0
19.75088,80.04279,338.31,0.4,0.37,2025-03-17,757,N20,VIIRS,l,2,310.7,4.03,D,0
19.75192,79.59693,337.0,0.39,0.37,2025-03-17,757,N20,VIIRS,l,2,307.96,3.25,D,0
19.75355,78.33164,349.89,0.38,0.36,2025-03-17,757,N20,VIIRS,n,2,313.5,4.55,D,0
19.75387,79.59296,333.82,0.39,0.37,2025-03-17,757,N20,VIIRS,l,2,307.78,1.19,D,0
19.75394,79.99146,343.15,0.4,0.37,2025-03-17,757,N20,VIIRS,n,2,309.74,3.77,D,0
19.75426,80.04225,349.0,0.4,0.37,2025-03-17,757,N20,VIIRS,n,2,312.8,4.03,D,0
19.75645,79.51602,337.31,0.39,0.36,2025-03-17,757,N20,VIIRS,n,2,305.62,3.35,D,0
19.75666,80.01057,343.88,0.4,0.37,2025-03-17,757,N20,VIIRS,n,2,310.0,3.15,D,0
19.75677,79.98708,348.12,0.4,0.37,2025-03-17,757,N20,VIIRS,n,2,309.94,6.96,D,0
19.75694,78.46545,340.04,0.38,0.36,2025-03-17,757,N20,VIIRS,l,2,314.6,5.57,D,0
19.75698,79.51975,353.84,0.39,0.36,2025-03-17,757,N20,VIIRS,n,2,304.14,7.88,D,0
19.75721,80.01439,354.36,0.4,0.37,2025-03-17,757,N20,VIIRS,n,2,310.93,4.73,D,0
19.75731,79.99091,345.1,0.4,0.37,2025-03-17,757,N20,VIIRS,n,2,314.79,6.45,D,0
19.75775,80.01821,344.16,0.4,0.37,2025-03-17,757,N20,VIIRS,n,2,311.5,4.73,D,0
19.76023,78.46489,343.52,0.38,0.36,2025-03-17,757,N20,VIIRS,l,2,317.69,5.57,D,0
19.76059,80.01385,340.45,0.4,0.37,2025-03-17,757,N20,VIIRS,l,2,310.98,14.1,D,0
19.76352,79.98602,337.32,0.4,0.37,2025-03-17,757,N20,VIIRS,l,2,310.22,5.2,D,0
19.76406,79.98984,336.02,0.4,0.37,2025-03-17,757,N20,VIIRS,l,2,308.7,2.52,D,0
19.76442,79.89617,348.69,0.4,0.37,2025-03-17,757,N20,VIIRS,n,2,306.35,4.87,D,0
19.76451,80.01714,337.77,0.4,0.37,2025-03-17,757,N20,VIIRS,l,2,309.95,14.1,D,0
19.76505,80.02095,339.48,0.4,0.37,2025-03-17,757,N20,VIIRS,l,2,309.68,1.53,D,0
19.76843,80.02042,341.28,0.4,0.37,2025-03-17,757,N20,VIIRS,l,2,313.43,17.9,D,0
19.76898,80.02425,339.32,0.4,0.37,2025-03-17,757,N20,VIIRS,l,2,310.39,17.9,D,0
19.76967,79.83707,346.77,0.4,0.37,2025-03-17,757,N20,VIIRS,n,2,312.95,3.95,D,0
19.77127,80.01606,353.6,0.4,0.37,2025-03-17,757,N20,VIIRS,n,2,315.43,20.63,D,0
19.77181,80.01988,350.98,0.4,0.37,2025-03-17,757,N20,VIIRS,n,2,321.32,17.9,D,0
19.77255,79.97676,337.87,0.4,0.37,2025-03-17,757,N20,VIIRS,l,2,311.72,4.62,D,0
19.77451,78.55953,342.65,0.38,0.36,2025-03-17,757,N20,VIIRS,n,2,310.46,3.99,D,0
19.77464,80.01553,367.0,0.4,0.37,2025-03-17,757,N20,VIIRS,h,2,310.65,22.02,D,0
19.77519,80.01936,345.64,0.4,0.37,2025-03-17,757,N20,VIIRS,n,2,312.08,19.43,D,0
19.77592,79.97622,348.19,0.4,0.37,2025-03-17,757,N20,VIIRS,n,2,308.76,4.08,D,0
19.776,78.01026,339.56,0.38,0.36,2025-03-17,757,N20,VIIRS,l,2,314.35,3.91,D,0
19.77674,80.05439,336.11,0.4,0.37,2025-03-17,757,N20,VIIRS,l,2,310.96,2.44,D,0
19.77729,80.05824,335.01,0.4,0.37,2025-03-17,757,N20,VIIRS,l,2,308.8,1.57,D,0
19.77802,80.015,352.94,0.4,0.37,2025-03-17,757,N20,VIIRS,n,2,314.58,22.02,D,0
19.78127,80.1837,338.89,0.41,0.37,2025-03-17,757,N20,VIIRS,l,2,310.56,4.22,D,0
19.78188,79.87395,333.21,0.4,0.37,2025-03-17,757,N20,VIIRS,l,2,306.71,2.87,D,0
19.78261,81.15294,338.38,0.44,0.38,2025-03-17,757,N20,VIIRS,n,2,299.14,2.93,D,0
19.78303,77.37924,336.21,0.39,0.36,2025-03-17,757,N20,VIIRS,n,2,304.75,2.27,D,3
19.78377,79.98279,355.52,0.4,0.37,2025-03-17,757,N20,VIIRS,n,2,313.09,14.46,D,0
19.78396,80.08075,337.37,0.4,0.37,2025-03-17,757,N20,VIIRS,l,2,311.06,5.04,D,0
19.78431,79.9866,336.08,0.4,0.37,2025-03-17,757,N20,VIIRS,l,2,310.5,3.86,D,0
19.78443,80.23067,340.12,0.41,0.37,2025-03-17,757,N20,VIIRS,l,2,311.67,3.81,D,0
19.78469,79.8696,344.9,0.4,0.37,2025-03-17,757,N20,VIIRS,n,2,307.72,2.87,D,0
19.78486,79.99042,349.16,0.4,0.37,2025-03-17,757,N20,VIIRS,n,2,312.31,3.86,D,0
19.78498,80.23454,339.47,0.41,0.37,2025-03-17,757,N20,VIIRS,l,2,309.98,3.81,D,0
19.78515,80.06483,337.19,0.4,0.37,2025-03-17,757,N20,VIIRS,l,2,309.9,3.49,D,0
19.78521,80.18703,339.92,0.41,0.37,2025-03-17,757,N20,VIIRS,n,2,308.97,4.88,D,0
19.78541,79.99423,337.27,0.4,0.37,2025-03-17,757,N20,VIIRS,l,2,308.18,3.84,D,0
19.7857,80.06868,346.16,0.4,0.37,2025-03-17,757,N20,VIIRS,n,2,310.87,3.49,D,0
19.78729,80.22626,340.56,0.41,0.37,2025-03-17,757,N20,VIIRS,l,2,310.65,3.82,D,0
19.78735,80.08021,351.79,0.4,0.37,2025-03-17,757,N20,VIIRS,n,2,312.47,5.04,D,0
19.78769,79.98606,343.19,0.4,0.37,2025-03-17,757,N20,VIIRS,n,2,310.7,3.86,D,0
19.78816,80.01337,342.12,0.4,0.37,2025-03-17,757,N20,VIIRS,n,2,309.62,3.95,D,0
19.78824,79.98988,339.99,0.4,0.37,2025-03-17,757,N20,VIIRS,n,2,308.93,3.86,D,0
19.78825,77.56399,345.1,0.39,0.36,2025-03-17,757,N20,VIIRS,l,2,319.62,6.96,D,0
19.7886,80.18649,341.08,0.41,0.37,2025-03-17,757,N20,VIIRS,n,2,309.14,4.88,D,0
19.78883,77.56766,349.43,0.39,0.36,2025-03-17,757,N20,VIIRS,n,2,317.25,5.46,D,0
19.78893,80.23788,337.87,0.41,0.37,2025-03-17,757,N20,VIIRS,l,2,309.61,2.91,D,0
19.78934,79.99753,340.72,0.4,0.37,2025-03-17,757,N20,VIIRS,n,2,310.16,3.84,D,0
19.79082,80.05608,355.28,0.4,0.37,2025-03-17,757,N20,VIIRS,n,2,312.43,5.23,D,0
19.79099,80.00901,337.57,0.4,0.37,2025-03-17,757,N20,VIIRS,l,2,308.7,3.95,D,0
19.79137,80.05993,340.93,0.4,0.37,2025-03-17,757,N20,VIIRS,n,2,309.23,5.23,D,0
19.79365,80.19756,333.36,0.41,0.37,2025-03-17,757,N20,VIIRS,l,2,306.7,3.5,D,0
19.7942,80.05556,350.7,0.4,0.37,2025-03-17,757,N20,VIIRS,n,2,310.46,8.9,D,0
19.79463,80.22906,346.08,0.41,0.37,2025-03-17,757,N20,VIIRS,n,2,309.7,4.44,D,0
19.79694,80.2208,338.5,0.41,0.37,2025-03-17,757,N20,VIIRS,l,2,308.76,6.33,D,0
19.79749,80.22466,354.23,0.41,0.37,2025-03-17,757,N20,VIIRS,n,2,312.3,6.33,D,0
19.79803,80.22852,347.07,0.41,0.37,2025-03-17,757,N20,VIIRS,n,2,308.35,4.52,D,0
19.80034,80.22028,348.25,0.41,0.37,2025-03-17,757,N20,VIIRS,n,2,306.65,6.33,D,0
19.80325,80.04629,345.26,0.4,0.37,2025-03-17,757,N20,VIIRS,n,2,315.6,6.87,D,0
19.8038,80.05012,346.45,0.4,0.37,2025-03-17,757,N20,VIIRS,n,2,315.1,6.87,D,0
19.81105,80.07649,338.33,0.4,0.37,2025-03-17,757,N20,VIIRS,l,2,312.07,6.09,D,0
19.8116,80.08034,336.09,0.41,0.37,2025-03-17,757,N20,VIIRS,l,2,311.07,6.09,D,0
19.81321,80.26197,335.13,0.41,0.37,2025-03-17,757,N20,VIIRS,l,2,306.5,2.29,D,0
19.81443,80.07596,353.61,0.4,0.37,2025-03-17,757,N20,VIIRS,n,2,313.84,6.09,D,0
19.81498,80.0798,351.65,0.41,0.37,2025-03-17,757,N20,VIIRS,n,2,313.98,6.09,D,0
19.81676,78.72813,342.87,0.39,0.36,2025-03-17,757,N20,VIIRS,n,2,309.12,3.36,D,0
19.81788,78.39538,344.28,0.38,0.36,2025-03-17,757,N20,VIIRS,l,2,317.78,6.25,D,0
19.81842,78.37659,341.51,0.38,0.36,2025-03-17,757,N20,VIIRS,l,2,316.23,5.58,D,0
19.81946,80.257,339.34,0.41,0.37,2025-03-17,757,N20,VIIRS,l,2,310.03,4.02,D,0
19.82198,78.94473,330.06,0.39,0.36,2025-03-17,757,N20,VIIRS,l,2,302.32,1.44,D,0
19.82308,80.05532,340.97,0.4,0.37,2025-03-17,757,N20,VIIRS,l,2,312.74,2.34,D,0
19.82342,80.26038,352.0,0.41,0.37,2025-03-17,757,N20,VIIRS,n,2,313.31,4.92,D,0
19.82362,80.05917,342.15,0.4,0.37,2025-03-17,757,N20,VIIRS,l,2,315.13,3.61,D,0
19.82453,80.26817,347.74,0.41,0.37,2025-03-17,757,N20,VIIRS,n,2,310.64,4.74,D,0
19.82508,80.27207,341.39,0.41,0.37,2025-03-17,757,N20,VIIRS,n,2,308.85,3.72,D,0
19.82683,80.25984,337.42,0.41,0.37,2025-03-17,757,N20,VIIRS,l,2,309.4,4.92,D,0
19.82794,80.26764,340.59,0.41,0.37,2025-03-17,757,N20,VIIRS,l,2,312.1,4.74,D,0
19.82849,80.27152,347.98,0.41,0.37,2025-03-17,757,N20,VIIRS,n,2,311.51,3.72,D,0
19.82884,78.35616,346.42,0.38,0.36,2025-03-17,757,N20,VIIRS,n,2,317.6,9.09,D,0
19.83134,80.26709,352.63,0.41,0.37,2025-03-17,757,N20,VIIRS,n,2,314.33,9.15,D,0
19.83215,80.04603,343.49,0.4,0.37,2025-03-17,757,N20,VIIRS,n,2,311.95,3.43,D,0
19.83229,80.32282,332.95,0.41,0.37,2025-03-17,757,N20,VIIRS,l,2,303.49,2.32,D,0
19.83457,80.01423,348.23,0.4,0.37,2025-03-17,757,N20,VIIRS,n,2,312.5,6.54,D,0
19.83568,80.12024,347.32,0.41,0.37,2025-03-17,757,N20,VIIRS,n,2,309.19,4.48,D,0
19.83622,80.12409,335.38,0.41,0.37,2025-03-17,757,N20,VIIRS,l,2,307.74,4.48,D,0
19.83681,80.3301,343.07,0.41,0.37,2025-03-17,757,N20,VIIRS,n,2,303.94,4.43,D,0
19.83907,80.11971,338.24,0.41,0.37,2025-03-17,757,N20,VIIRS,l,2,308.87,4.48,D,0
19.84312,80.09931,335.89,0.41,0.37,2025-03-17,757,N20,VIIRS,l,2,310.28,1.69,D,0
19.84338,80.05211,336.6,0.4,0.37,2025-03-17,757,N20,VIIRS,l,2,310.04,2.25,D,0
19.84608,80.27275,340.05,0.41,0.37,2025-03-17,757,N20,VIIRS,l,2,312.44,9.0,D,0
19.84697,80.35251,335.7,0.41,0.37,2025-03-17,757,N20,VIIRS,l,2,306.52,2.62,D,0
19.84864,80.36427,336.93,0.41,0.37,2025-03-17,757,N20,VIIRS,n,2,304.76,2.54,D,0
19.8499,80.09826,338.92,0.41,0.37,2025-03-17,757,N20,VIIRS,l,2,311.07,3.53,D,0
19.85073,80.25257,343.25,0.41,0.37,2025-03-17,757,N20,VIIRS,n,2,312.33,3.3,D,0
19.85206,80.36373,335.33,0.41,0.37,2025-03-17,757,N20,VIIRS,n,2,303.3,1.96,D,0
19.85332,80.32353,345.39,0.41,0.37,2025-03-17,757,N20,VIIRS,n,2,308.64,3.59,D,0
19.85394,80.30345,344.64,0.41,0.37,2025-03-17,757,N20,VIIRS,n,2,308.66,3.31,D,0
19.85429,81.38894,334.82,0.45,0.39,2025-03-17,757,N20,VIIRS,n,2,292.24,2.52,D,0
19.85439,80.30386,351.72,0.41,0.37,2025-03-17,757,N20,VIIRS,n,2,310.29,5.91,D,0
19.85462,79.93667,339.64,0.4,0.37,2025-03-17,757,N20,VIIRS,n,2,304.48,2.15,D,0
19.85645,80.41936,330.98,0.41,0.37,2025-03-17,757,N20,VIIRS,l,2,301.47,1.88,D,0
19.85711,80.32342,334.28,0.41,0.37,2025-03-17,757,N20,VIIRS,l,2,309.13,1.64,D,0
19.85723,80.10106,339.65,0.41,0.37,2025-03-17,757,N20,VIIRS,l,2,312.05,5.86,D,0
19.85728,80.3269,340.95,0.41,0.37,2025-03-17,757,N20,VIIRS,n,2,308.28,3.59,D,0
19.85765,80.32733,335.46,0.41,0.37,2025-03-17,757,N20,VIIRS,l,2,308.24,1.64,D,0
19.85799,79.93613,339.92,0.4,0.37,2025-03-17,757,N20,VIIRS,n,2,303.73,2.61,D,0
19.8614,80.05712,339.24,0.4,0.37,2025-03-17,757,N20,VIIRS,l,2,312.35,4.65,D,0
19.86146,80.15562,346.08,0.41,0.37,2025-03-17,757,N20,VIIRS,n,2,308.72,4.19,D,0
19.86161,80.33071,334.68,0.41,0.37,2025-03-17,757,N20,VIIRS,l,2,308.26,2.58,D,0
19.86194,80.06097,337.33,0.4,0.37,2025-03-17,757,N20,VIIRS,l,2,311.55,5.18,D,0
19.86201,80.15949,335.16,0.41,0.37,2025-03-17,757,N20,VIIRS,l,2,308.41,4.19,D,0
19.86255,80.16338,334.94,0.41,0.37,2025-03-17,757,N20,VIIRS,l,2,309.42,5.01,D,0
19.86255,80.36262,333.23,0.41,0.37,2025-03-17,757,N20,VIIRS,l,2,306.36,2.1,D,0
19.86286,80.36605,337.48,0.41,0.37,2025-03-17,757,N20,VIIRS,n,2,304.41,2.95,D,0
19.86309,80.36655,335.31,0.41,0.37,2025-03-17,757,N20,VIIRS,n,2,304.5,2.1,D,0
19.86427,81.11696,330.39,0.44,0.38,2025-03-17,757,N20,VIIRS,n,2,296.19,2.28,D,0
19.86502,80.33017,347.46,0.41,0.37,2025-03-17,757,N20,VIIRS,n,2,308.91,3.47,D,0
19.8653,80.28217,351.74,0.41,0.37,2025-03-17,757,N20,VIIRS,n,2,312.85,9.37,D,0
19.86651,80.36601,334.47,0.41,0.37,2025-03-17,757,N20,VIIRS,n,2,304.39,2.1,D,0
19.86661,80.14293,333.37,0.41,0.37,2025-03-17,757,N20,VIIRS,l,2,307.35,2.13,D,0
19.86704,80.17059,346.45,0.41,0.37,2025-03-17,757,N20,VIIRS,n,2,311.66,5.71,D,0
19.86789,80.32572,347.2,0.41,0.37,2025-03-17,757,N20,VIIRS,n,2,309.82,6.25,D,0
19.86843,80.32963,338.84,0.41,0.37,2025-03-17,757,N20,VIIRS,n,2,308.29,3.47,D,0
19.8687,80.38177,336.9,0.41,0.37,2025-03-17,757,N20,VIIRS,l,2,307.2,4.14,D,0
19.86924,80.3857,337.54,0.41,0.37,2025-03-17,757,N20,VIIRS,n,2,308.99,4.11,D,0
19.86946,78.31192,342.28,0.38,0.36,2025-03-17,757,N20,VIIRS,l,2,316.79,4.42,D,0
19.86979,80.38964,335.58,0.41,0.37,2025-03-17,757,N20,VIIRS,l,2,306.29,4.11,D,0
19.86989,80.16616,338.43,0.41,0.37,2025-03-17,757,N20,VIIRS,l,2,309.54,2.95,D,0
19.87041,79.24989,345.41,0.39,0.36,2025-03-17,757,N20,VIIRS,n,2,302.0,2.85,D,0
19.87043,80.17004,344.48,0.41,0.37,2025-03-17,757,N20,VIIRS,n,2,311.6,5.53,D,0
19.87098,80.17391,338.99,0.41,0.37,2025-03-17,757,N20,VIIRS,l,2,309.68,5.53,D,0
19.87115,80.24934,337.52,0.41,0.37,2025-03-17,757,N20,VIIRS,l,2,311.0,2.5,D,0
19.87116,80.34924,337.46,0.41,0.37,2025-03-17,757,N20,VIIRS,n,2,307.15,2.05,D,0
19.87157,80.37729,346.58,0.41,0.37,2025-03-17,757,N20,VIIRS,n,2,306.38,5.23,D,0
19.87171,80.35315,336.51,0.41,0.37,2025-03-17,757,N20,VIIRS,n,2,305.94,3.18,D,0
19.87194,80.20541,335.17,0.41,0.37,2025-03-17,757,N20,VIIRS,l,2,307.7,3.73,D,0
19.87212,80.38123,345.04,0.41,0.37,2025-03-17,757,N20,VIIRS,n,2,308.11,5.23,D,0
19.87249,80.20934,333.46,0.41,0.37,2025-03-17,757,N20,VIIRS,l,2,306.47,1.67,D,0
19.87266,80.38516,349.55,0.41,0.37,2025-03-17,757,N20,VIIRS,n,2,309.18,4.13,D,0
19.87321,80.38909,350.08,0.41,0.37,2025-03-17,757,N20,VIIRS,n,2,307.58,4.13,D,0
19.87349,80.34085,341.02,0.41,0.37,2025-03-17,757,N20,VIIRS,n,2,308.52,7.24,D,0
19.87449,80.1496,338.52,0.41,0.37,2025-03-17,757,N20,VIIRS,l,2,309.66,2.89,D,0
19.87558,80.03522,334.9,0.4,0.37,2025-03-17,757,N20,VIIRS,l,2,307.86,2.43,D,0
19.87608,80.38463,331.58,0.41,0.37,2025-03-17,757,N20,VIIRS,l,2,306.33,4.13,D,0
19.87674,80.2644,343.06,0.41,0.37,2025-03-17,757,N20,VIIRS,n,2,312.63,3.19,D,0
19.87722,80.16895,342.76,0.41,0.37,2025-03-17,757,N20,VIIRS,n,2,310.69,4.26,D,0
19.87768,77.94307,341.43,0.39,0.36,2025-03-17,757,N20,VIIRS,l,2,315.25,5.73,D,0
19.87777,80.17283,335.49,0.41,0.37,2025-03-17,757,N20,VIIRS,l,2,308.52,4.26,D,0
19.87788,80.14906,339.2,0.41,0.37,2025-03-17,757,N20,VIIRS,n,2,309.88,2.89,D,0
19.87843,80.15293,339.01,0.41,0.37,2025-03-17,757,N20,VIIRS,n,2,310.21,4.38,D,0
19.87898,80.15681,344.09,0.41,0.37,2025-03-17,757,N20,VIIRS,n,2,309.36,4.38,D,0
19.87929,80.20827,344.48,0.41,0.37,2025-03-17,757,N20,VIIRS,n,2,305.57,3.73,D,0
19.87952,80.16067,339.32,0.41,0.37,2025-03-17,757,N20,VIIRS,n,2,309.3,5.74,D,0
19.88027,80.23995,338.72,0.41,0.37,2025-03-17,757,N20,VIIRS,l,2,309.02,4.99,D,0
19.88062,80.16841,340.17,0.41,0.37,2025-03-17,757,N20,VIIRS,n,2,309.78,4.26,D,0
19.88116,80.17228,345.95,0.41,0.37,2025-03-17,757,N20,VIIRS,n,2,310.91,4.26,D,0
19.88127,80.1485,333.98,0.41,0.37,2025-03-17,757,N20,VIIRS,n,2,308.54,2.72,D,0
19.88182,80.15238,367.0,0.41,0.37,2025-03-17,757,N20,VIIRS,h,2,309.81,9.36,D,0
19.88319,80.33534,341.07,0.41,0.37,2025-03-17,757,N20,VIIRS,n,2,308.53,2.38,D,0
19.88346,80.16399,339.46,0.41,0.37,2025-03-17,757,N20,VIIRS,n,2,307.49,3.6,D,0
19.88373,80.33926,333.07,0.41,0.37,2025-03-17,757,N20,VIIRS,l,2,307.53,2.38,D,0
19.88546,78.19235,355.12,0.38,0.36,2025-03-17,757,N20,VIIRS,n,2,319.95,15.95,D,0
19.88565,80.17946,340.91,0.41,0.37,2025-03-17,757,N20,VIIRS,n,2,306.78,5.01,D,0
19.88592,80.35494,337.01,0.41,0.37,2025-03-17,757,N20,VIIRS,l,2,309.41,4.71,D,0
19.88642,80.2589,340.39,0.41,0.37,2025-03-17,757,N20,VIIRS,n,2,309.01,4.97,D,0
19.88647,80.35887,336.47,0.41,0.37,2025-03-17,757,N20,VIIRS,l,2,308.28,1.76,D,0
19.88934,80.35441,337.05,0.41,0.37,2025-03-17,757,N20,VIIRS,l,2,309.42,2.15,D,0
19.89203,80.00514,341.43,0.4,0.37,2025-03-17,757,N20,VIIRS,n,2,309.95,5.15,D,0
19.89227,79.9346,340.11,0.4,0.37,2025-03-17,757,N20,VIIRS,l,2,311.84,4.43,D,0
19.89299,80.18224,344.38,0.41,0.37,2025-03-17,757,N20,VIIRS,n,2,307.97,6.05,D,0
19.894,80.53951,333.55,0.42,0.38,2025-03-17,757,N20,VIIRS,n,2,297.11,2.69,D,0
19.89529,80.17397,333.34,0.41,0.37,2025-03-17,757,N20,VIIRS,l,2,305.45,3.15,D,0
19.89621,79.33298,344.57,0.39,0.36,2025-03-17,757,N20,VIIRS,n,2,305.06,11.0,D,0
19.89762,80.28907,338.56,0.41,0.37,2025-03-17,757,N20,VIIRS,l,2,311.32,3.11,D,0
19.89792,81.28741,337.28,0.45,0.39,2025-03-17,757,N20,VIIRS,n,2,299.9,2.71,D,0
19.89838,80.24503,337.52,0.41,0.37,2025-03-17,757,N20,VIIRS,n,2,306.97,3.22,D,0
19.8984,79.95319,341.95,0.4,0.37,2025-03-17,757,N20,VIIRS,n,2,308.74,2.41,D,0
19.89889,80.12598,342.2,0.41,0.37,2025-03-17,757,N20,VIIRS,n,2,310.24,4.02,D,0
19.89944,80.12986,336.25,0.41,0.37,2025-03-17,757,N20,VIIRS,l,2,308.95,4.02,D,0
19.9,80.13374,337.18,0.41,0.37,2025-03-17,757,N20,VIIRS,n,2,306.6,3.32,D,0
19.90018,80.0864,345.2,0.41,0.37,2025-03-17,757,N20,VIIRS,n,2,312.5,6.34,D,0
19.90115,79.97232,333.84,0.4,0.37,2025-03-17,757,N20,VIIRS,l,2,306.55,2.91,D,0
19.90515,79.95213,337.79,0.4,0.37,2025-03-17,757,N20,VIIRS,l,2,310.46,3.12,D,0
19.90543,80.31979,335.66,0.41,0.37,2025-03-17,757,N20,VIIRS,l,2,309.13,2.8,D,0
19.90619,80.39998,341.32,0.41,0.37,2025-03-17,757,N20,VIIRS,l,2,311.61,2.78,D,0
19.90729,80.40785,337.9,0.41,0.37,2025-03-17,757,N20,VIIRS,l,2,310.56,4.5,D,0
19.90823,80.04579,335.59,0.4,0.37,2025-03-17,757,N20,VIIRS,l,2,306.14,2.92,D,0
19.90824,80.19179,330.05,0.41,0.37,2025-03-17,757,N20,VIIRS,l,2,302.9,2.56,D,0
19.9084,80.29137,347.08,0.41,0.37,2025-03-17,757,N20,VIIRS,n,2,312.32,5.49,D,0
19.90852,79.95159,343.33,0.4,0.37,2025-03-17,757,N20,VIIRS,n,2,310.76,7.45,D,0
19.90858,80.49261,330.12,0.42,0.37,2025-03-17,757,N20,VIIRS,n,2,296.5,3.85,D,0
19.90884,80.31925,334.95,0.41,0.37,2025-03-17,757,N20,VIIRS,l,2,309.25,2.8,D,0
19.91061,80.30701,345.64,0.41,0.37,2025-03-17,757,N20,VIIRS,n,2,314.25,7.23,D,0
19.91126,80.28693,336.86,0.41,0.37,2025-03-17,757,N20,VIIRS,l,2,309.99,4.08,D,0
19.91157,80.21525,330.95,0.41,0.37,2025-03-17,757,N20,VIIRS,l,2,305.2,1.53,D,0
19.91181,80.29084,342.91,0.41,0.37,2025-03-17,757,N20,VIIRS,n,2,312.19,5.49,D,0
19.9119,79.95106,349.75,0.4,0.37,2025-03-17,757,N20,VIIRS,n,2,314.75,7.45,D,0
19.91259,80.37082,349.13,0.41,0.37,2025-03-17,757,N20,VIIRS,n,2,310.4,5.19,D,0
19.91279,80.02935,342.12,0.4,0.37,2025-03-17,757,N20,VIIRS,n,2,309.56,2.66,D,0
19.91633,80.29813,343.73,0.41,0.37,2025-03-17,757,N20,VIIRS,n,2,312.37,3.03,D,0
19.91713,80.08373,336.77,0.41,0.37,2025-03-17,757,N20,VIIRS,l,2,310.26,3.87,D,0
19.91733,80.32999,336.66,0.41,0.37,2025-03-17,757,N20,VIIRS,l,2,309.66,2.92,D,0
19.91768,80.08758,345.26,0.41,0.37,2025-03-17,757,N20,VIIRS,n,2,310.53,3.87,D,0
19.91798,80.30985,339.28,0.41,0.37,2025-03-17,757,N20,VIIRS,l,2,311.61,4.49,D,0
19.91822,80.38602,337.14,0.41,0.37,2025-03-17,757,N20,VIIRS,l,2,311.56,5.57,D,0
19.91911,79.25709,345.81,0.39,0.36,2025-03-17,757,N20,VIIRS,n,2,307.96,2.56,D,0
19.91973,80.15047,347.4,0.41,0.37,2025-03-17,757,N20,VIIRS,n,2,308.34,9.12,D,0
19.91974,80.29759,338.0,0.41,0.37,2025-03-17,757,N20,VIIRS,l,2,311.85,3.03,D,0
19.91988,80.39784,343.42,0.41,0.37,2025-03-17,757,N20,VIIRS,n,2,309.98,5.79,D,0
19.92029,80.3015,337.87,0.41,0.37,2025-03-17,757,N20,VIIRS,l,2,311.36,3.03,D,0
19.92054,80.37762,342.43,0.41,0.37,2025-03-17,757,N20,VIIRS,n,2,309.32,3.22,D,0
19.92074,80.32945,334.19,0.41,0.37,2025-03-17,757,N20,VIIRS,l,2,308.97,3.85,D,0
19.92114,78.69939,339.54,0.38,0.36,2025-03-17,757,N20,VIIRS,l,2,313.91,3.47,D,0
19.92143,80.43395,333.62,0.42,0.37,2025-03-17,757,N20,VIIRS,l,2,307.51,2.43,D,0
19.92163,80.09091,339.62,0.41,0.37,2025-03-17,757,N20,VIIRS,l,2,310.08,4.43,D,0
19.92215,79.25665,343.69,0.39,0.36,2025-03-17,757,N20,VIIRS,n,2,308.79,4.26,D,0
19.9225,79.99246,343.95,0.4,0.37,2025-03-17,757,N20,VIIRS,n,2,305.95,4.0,D,0
19.92285,80.36923,337.19,0.41,0.37,2025-03-17,757,N20,VIIRS,l,2,308.61,3.67,D,0
19.92295,80.34515,337.44,0.41,0.37,2025-03-17,757,N20,VIIRS,l,2,309.18,4.18,D,0
19.9231,80.44583,339.21,0.42,0.37,2025-03-17,757,N20,VIIRS,n,2,306.89,3.9,D,0
19.9233,80.39732,338.34,0.41,0.37,2025-03-17,757,N20,VIIRS,l,2,309.77,3.79,D,0
19.92365,80.44978,335.09,0.42,0.37,2025-03-17,757,N20,VIIRS,n,2,303.4,1.36,D,0
19.92385,80.40127,343.49,0.41,0.37,2025-03-17,757,N20,VIIRS,n,2,310.47,4.77,D,0
19.92425,80.30487,345.51,0.41,0.37,2025-03-17,757,N20,VIIRS,n,2,311.56,6.87,D,0
19.92446,80.08653,341.94,0.41,0.37,2025-03-17,757,N20,VIIRS,n,2,305.86,3.73,D,0
19.92476,81.08675,330.81,0.44,0.38,2025-03-17,757,N20,VIIRS,n,2,298.23,3.04,D,0
19.926,80.2926,334.7,0.41,0.37,2025-03-17,757,N20,VIIRS,l,2,308.82,4.0,D,0
19.92637,80.3446,347.28,0.41,0.37,2025-03-17,757,N20,VIIRS,n,2,309.7,4.18,D,0
19.92672,80.39678,342.96,0.41,0.37,2025-03-17,757,N20,VIIRS,n,2,312.01,3.79,D,0
19.92696,79.9996,351.33,0.4,0.37,2025-03-17,757,N20,VIIRS,n,2,307.5,2.85,D,0
19.92728,80.40074,344.41,0.41,0.37,2025-03-17,757,N20,VIIRS,n,2,310.05,4.77,D,0
19.92848,80.38442,336.34,0.41,0.37,2025-03-17,757,N20,VIIRS,l,2,311.23,4.51,D,0
19.93035,79.99908,330.25,0.4,0.37,2025-03-17,757,N20,VIIRS,l,2,304.76,2.85,D,0
19.93089,80.35191,340.12,0.41,0.37,2025-03-17,757,N20,VIIRS,n,2,308.09,5.87,D,0
19.93126,80.40416,337.95,0.41,0.37,2025-03-17,757,N20,VIIRS,l,2,311.05,4.62,D,0
19.93144,80.35583,348.22,0.41,0.37,2025-03-17,757,N20,VIIRS,n,2,310.81,5.87,D,0
19.93164,80.13669,350.07,0.41,0.37,2025-03-17,757,N20,VIIRS,n,2,306.8,13.62,D,0
19.93181,80.40811,338.54,0.41,0.37,2025-03-17,757,N20,VIIRS,l,2,311.64,3.44,D,0
19.93246,80.38783,341.66,0.41,0.37,2025-03-17,757,N20,VIIRS,n,2,309.48,4.51,D,0
19.9329,80.09705,342.71,0.41,0.37,2025-03-17,757,N20,VIIRS,n,2,310.97,4.36,D,0
19.93292,80.41602,349.76,0.42,0.37,2025-03-17,757,N20,VIIRS,n,2,310.61,9.88,D,0
19.93413,80.39968,343.1,0.41,0.37,2025-03-17,757,N20,VIIRS,n,2,310.79,4.62,D,0
19.93443,80.97524,330.75,0.43,0.38,2025-03-17,757,N20,VIIRS,n,2,282.19,2.82,D,0
19.93468,80.40363,345.73,0.41,0.37,2025-03-17,757,N20,VIIRS,n,2,312.3,4.62,D,0
19.93524,80.40759,338.33,0.41,0.37,2025-03-17,757,N20,VIIRS,l,2,311.46,3.44,D,0
19.93579,80.41152,337.34,0.41,0.37,2025-03-17,757,N20,VIIRS,n,2,309.63,3.44,D,0
19.93595,80.21544,336.44,0.41,0.37,2025-03-17,757,N20,VIIRS,n,2,301.33,4.84,D,0
19.93635,80.41547,367.0,0.42,0.37,2025-03-17,757,N20,VIIRS,h,2,312.89,9.88,D,0
19.9369,80.41942,344.29,0.42,0.37,2025-03-17,757,N20,VIIRS,n,2,308.65,9.88,D,0
19.93699,80.3952,336.57,0.41,0.37,2025-03-17,757,N20,VIIRS,l,2,310.69,2.82,D,0
19.93755,80.39915,337.66,0.41,0.37,2025-03-17,757,N20,VIIRS,l,2,310.31,3.8,D,0
19.93866,80.40704,336.06,0.41,0.37,2025-03-17,757,N20,VIIRS,l,2,310.74,4.91,D,0
19.94032,80.41887,336.48,0.42,0.37,2025-03-17,757,N20,VIIRS,n,2,306.7,3.05,D,0
19.94097,80.39861,349.38,0.41,0.37,2025-03-17,757,N20,VIIRS,n,2,310.66,3.8,D,0
19.94153,80.40257,345.5,0.41,0.37,2025-03-17,757,N20,VIIRS,n,2,310.71,3.8,D,0
19.94161,80.37835,344.75,0.41,0.37,2025-03-17,757,N20,VIIRS,n,2,311.03,8.82,D,0
19.94208,80.40649,353.2,0.41,0.37,2025-03-17,757,N20,VIIRS,n,2,310.92,4.91,D,0
19.94224,79.9854,343.77,0.4,0.37,2025-03-17,757,N20,VIIRS,n,2,307.19,5.0,D,0
19.94336,80.366,335.63,0.41,0.37,2025-03-17,757,N20,VIIRS,l,2,309.16,5.18,D,0
19.94447,80.37387,336.54,0.41,0.37,2025-03-17,757,N20,VIIRS,l,2,309.09,8.82,D,0
19.94503,80.37782,350.17,0.41,0.37,2025-03-17,757,N20,VIIRS,n,2,311.3,8.82,D,0
19.94562,79.98486,333.52,0.4,0.37,2025-03-17,757,N20,VIIRS,l,2,306.25,1.22,D,0
19.94575,80.3335,332.61,0.41,0.37,2025-03-17,757,N20,VIIRS,l,2,306.48,1.53,D,0
19.94616,79.98869,332.92,0.4,0.37,2025-03-17,757,N20,VIIRS,l,2,305.12,1.22,D,0
19.94756,80.47038,339.82,0.42,0.37,2025-03-17,757,N20,VIIRS,n,2,303.28,2.21,D,0
19.94834,80.00408,335.19,0.4,0.37,2025-03-17,757,N20,VIIRS,l,2,305.39,1.95,D,0
19.94916,80.33295,332.05,0.41,0.37,2025-03-17,757,N20,VIIRS,l,2,306.01,2.86,D,0
19.94943,80.01176,333.43,0.4,0.37,2025-03-17,757,N20,VIIRS,l,2,307.65,4.14,D,0
19.94948,80.40935,351.34,0.41,0.37,2025-03-17,757,N20,VIIRS,n,2,312.68,11.23,D,0
19.94997,80.01561,336.37,0.4,0.37,2025-03-17,757,N20,VIIRS,l,2,306.92,1.48,D,0
19.95004,80.41328,335.58,0.42,0.37,2025-03-17,757,N20,VIIRS,l,2,308.71,4.09,D,0
19.95068,80.39305,343.4,0.41,0.37,2025-03-17,757,N20,VIIRS,n,2,311.06,3.83,D,0
19.95129,79.9761,346.22,0.4,0.37,2025-03-17,757,N20,VIIRS,n,2,309.47,2.59,D,0
19.95172,80.00355,338.17,0.4,0.37,2025-03-17,757,N20,VIIRS,n,2,307.15,1.95,D,0
19.95213,78.63329,344.27,0.38,0.36,2025-03-17,757,N20,VIIRS,n,2,315.24,10.94,D,0
19.95258,80.33241,345.44,0.41,0.37,2025-03-17,757,N20,VIIRS,n,2,308.47,2.86,D,0
19.9526,78.70431,348.12,0.39,0.36,2025-03-17,757,N20,VIIRS,n,2,315.28,7.02,D,0
19.95315,78.70795,340.59,0.39,0.36,2025-03-17,757,N20,VIIRS,l,2,314.87,6.39,D,0
19.95335,80.01508,332.49,0.4,0.37,2025-03-17,757,N20,VIIRS,l,2,305.15,1.48,D,0
19.95339,80.43703,345.67,0.42,0.37,2025-03-17,757,N20,VIIRS,n,2,308.22,5.06,D,0
19.95467,79.97557,332.27,0.4,0.37,2025-03-17,757,N20,VIIRS,l,2,306.96,2.59,D,0
19.95473,80.37225,341.06,0.41,0.37,2025-03-17,757,N20,VIIRS,n,2,309.16,3.04,D,0
19.95507,80.44894,334.1,0.42,0.37,2025-03-17,757,N20,VIIRS,l,2,307.91,1.72,D,0
19.9551,80.00301,341.32,0.4,0.37,2025-03-17,757,N20,VIIRS,n,2,308.52,3.55,D,0
19.95522,80.40039,340.75,0.41,0.37,2025-03-17,757,N20,VIIRS,n,2,309.11,5.04,D,0
19.95626,80.43255,336.73,0.42,0.37,2025-03-17,757,N20,VIIRS,l,2,308.17,3.93,D,0
19.95752,80.39198,337.03,0.41,0.37,2025-03-17,757,N20,VIIRS,l,2,308.12,4.79,D,0
19.95794,80.44445,341.21,0.42,0.37,2025-03-17,757,N20,VIIRS,n,2,309.4,4.33,D,0
19.95857,80.4241,335.69,0.42,0.37,2025-03-17,757,N20,VIIRS,l,2,309.82,2.41,D,0
19.95868,80.07725,344.23,0.41,0.37,2025-03-17,757,N20,VIIRS,n,2,307.36,3.77,D,0
19.95923,80.08111,340.25,0.41,0.37,2025-03-17,757,N20,VIIRS,n,2,307.87,3.77,D,0
19.95969,80.43203,339.2,0.42,0.37,2025-03-17,757,N20,VIIRS,n,2,307.84,3.93,D,0
19.96002,79.35307,349.07,0.39,0.36,2025-03-17,757,N20,VIIRS,n,2,305.28,4.05,D,0
19.96018,80.11247,352.94,0.41,0.37,2025-03-17,757,N20,VIIRS,n,2,301.17,14.1,D,0
19.96199,79.66704,337.67,0.4,0.37,2025-03-17,757,N20,VIIRS,n,2,305.74,3.89,D,0
19.96207,80.39934,339.66,0.41,0.37,2025-03-17,757,N20,VIIRS,n,2,308.31,3.33,D,0
19.9624,80.47616,346.63,0.42,0.37,2025-03-17,757,N20,VIIRS,n,2,302.63,4.41,D,0
19.96549,80.39881,334.23,0.41,0.37,2025-03-17,757,N20,VIIRS,l,2,307.49,11.86,D,0
19.96605,80.40276,343.76,0.41,0.37,2025-03-17,757,N20,VIIRS,n,2,308.52,4.03,D,0
19.96735,80.3381,341.41,0.41,0.37,2025-03-17,757,N20,VIIRS,n,2,309.66,2.83,D,0
19.96738,80.33828,339.24,0.41,0.37,2025-03-17,757,N20,VIIRS,l,2,310.16,4.16,D,0
19.96743,80.51185,336.56,0.42,0.38,2025-03-17,757,N20,VIIRS,n,2,300.01,3.36,D,0
19.96897,80.37405,349.07,0.41,0.37,2025-03-17,757,N20,VIIRS,n,2,309.08,6.57,D,0
19.96975,80.50336,330.48,0.42,0.38,2025-03-17,757,N20,VIIRS,n,2,300.47,2.0,D,0
19.97124,80.26569,332.64,0.41,0.37,2025-03-17,757,N20,VIIRS,n,2,301.82,3.6,D,0
19.97221,80.44626,334.63,0.42,0.37,2025-03-17,757,N20,VIIRS,l,2,307.98,1.93,D,0
19.97229,80.37372,353.0,0.41,0.37,2025-03-17,757,N20,VIIRS,n,2,307.71,7.72,D,0
19.97239,80.37352,352.37,0.41,0.37,2025-03-17,757,N20,VIIRS,n,2,308.4,6.57,D,0
19.97262,80.49888,332.93,0.42,0.38,2025-03-17,757,N20,VIIRS,n,2,302.47,1.94,D,0
19.97284,80.37767,367.0,0.41,0.37,2025-03-17,757,N20,VIIRS,h,2,312.09,13.93,D,0
19.97296,80.37746,356.5,0.41,0.37,2025-03-17,757,N20,VIIRS,n,2,312.15,15.41,D,0
19.97318,79.39668,337.46,0.39,0.36,2025-03-17,757,N20,VIIRS,n,2,304.91,2.77,D,0
19.97338,80.38162,346.28,0.41,0.37,2025-03-17,757,N20,VIIRS,n,2,309.86,13.93,D,0
19.9734,80.42991,339.93,0.42,0.37,2025-03-17,757,N20,VIIRS,n,2,309.13,3.55,D,0
19.97352,80.38141,348.7,0.41,0.37,2025-03-17,757,N20,VIIRS,n,2,311.76,15.41,D,0
19.97651,79.39613,347.32,0.39,0.36,2025-03-17,757,N20,VIIRS,n,2,306.2,3.87,D,0
19.97671,78.77531,350.4,0.39,0.36,2025-03-17,757,N20,VIIRS,n,2,317.7,8.11,D,0
19.97705,79.39986,333.32,0.39,0.36,2025-03-17,757,N20,VIIRS,l,2,304.14,1.92,D,0
19.97891,77.00411,341.55,0.4,0.37,2025-03-17,757,N20,VIIRS,l,2,315.93,5.41,D,0
19.98006,80.50179,340.95,0.42,0.38,2025-03-17,757,N20,VIIRS,n,2,306.73,4.05,D,0
19.98064,80.40877,334.45,0.42,0.37,2025-03-17,757,N20,VIIRS,l,2,307.29,1.9,D,0
19.98118,80.41273,331.64,0.42,0.37,2025-03-17,757,N20,VIIRS,l,2,306.29,1.9,D,0
19.98173,80.4167,335.54,0.42,0.37,2025-03-17,757,N20,VIIRS,l,2,308.29,3.13,D,0
19.98201,80.26798,334.3,0.41,0.37,2025-03-17,757,N20,VIIRS,n,2,299.33,1.8,D,0
19.98242,80.39635,340.17,0.41,0.37,2025-03-17,757,N20,VIIRS,n,2,307.09,3.93,D,0
19.98518,80.51315,336.13,0.42,0.38,2025-03-17,757,N20,VIIRS,n,2,304.23,1.92,D,0
19.98574,80.51713,330.35,0.42,0.38,2025-03-17,757,N20,VIIRS,l,2,302.88,1.92,D,0
19.98707,80.37949,340.74,0.41,0.37,2025-03-17,757,N20,VIIRS,n,2,310.28,3.47,D,0
19.98762,80.38343,355.43,0.41,0.37,2025-03-17,757,N20,VIIRS,n,2,310.13,7.73,D,0
19.98923,80.49653,347.2,0.42,0.38,2025-03-17,757,N20,VIIRS,n,2,306.67,4.35,D,0
19.98939,80.47217,336.36,0.42,0.37,2025-03-17,757,N20,VIIRS,n,2,305.24,1.73,D,0
19.9896,81.13728,334.71,0.44,0.38,2025-03-17,757,N20,VIIRS,n,2,295.21,1.13,D,0
19.9898,80.49619,346.03,0.42,0.38,2025-03-17,757,N20,VIIRS,n,2,306.88,7.38,D,0
19.99033,80.50449,340.84,0.42,0.38,2025-03-17,757,N20,VIIRS,n,2,307.55,4.7,D,0
19.99093,80.50415,340.3,0.42,0.38,2025-03-17,757,N20,VIIRS,n,2,307.47,4.36,D,0
19.99104,81.09467,332.62,0.44,0.38,2025-03-17,757,N20,VIIRS,n,2,292.28,2.33,D,0
19.99193,80.21461,334.11,0.41,0.37,2025-03-17,757,N20,VIIRS,n,2,294.42,3.69,D,0
19.9928,77.37274,348.53,0.39,0.36,2025-03-17,757,N20,VIIRS,n,2,316.48,8.35,D,0
19.99322,80.49998,335.55,0.42,0.38,2025-03-17,757,N20,VIIRS,n,2,305.33,4.35,D,0
19.99486,80.5119,330.27,0.42,0.38,2025-03-17,757,N20,VIIRS,l,2,304.0,1.79,D,0
19.99828,78.33389,346.99,0.38,0.36,2025-03-17,757,N20,VIIRS,n,2,320.53,9.83,D,0
19.99873,80.43831,337.32,0.42,0.37,2025-03-17,757,N20,VIIRS,l,2,307.94,3.96,D,0
19.99885,80.51535,339.07,0.42,0.38,2025-03-17,757,N20,VIIRS,n,2,305.4,3.3,D,0
17.60239,77.40588,329.42,0.39,0.36,2025-03-17,2027,N20,VIIRS,n,2,282.34,2.46,N,0
17.75202,77.78396,306.45,0.39,0.36,2025-03-17,2027,N20,VIIRS,n,2,291.0,0.6,N,0
17.76588,80.1965,309.06,0.47,0.4,2025-03-17,2027,N20,VIIRS,n,2,294.96,1.59,N,0
17.84804,81.23463,308.17,0.54,0.42,2025-03-17,2027,N20,VIIRS,n,2,297.14,2.01,N,0
17.87004,80.02674,305.57,0.47,0.39,2025-03-17,2027,N20,VIIRS,n,2,295.23,1.23,N,0
17.87078,80.02247,306.18,0.46,0.39,2025-03-17,2027,N20,VIIRS,n,2,295.64,1.38,N,0
17.93209,78.87768,307.52,0.42,0.38,2025-03-17,2027,N20,VIIRS,n,2,295.16,0.69,N,0
18.11029,80.33443,306.15,0.48,0.4,2025-03-17,2027,N20,VIIRS,n,2,295.59,0.99,N,0
18.13458,80.23878,306.59,0.47,0.4,2025-03-17,2027,N20,VIIRS,n,2,296.13,1.82,N,0
18.14409,77.6983,297.84,0.39,0.36,2025-03-17,2027,N20,VIIRS,n,2,273.73,0.27,N,0
18.15681,80.26093,307.32,0.47,0.4,2025-03-17,2027,N20,VIIRS,n,2,296.43,2.17,N,0
18.164,80.26248,310.07,0.47,0.4,2025-03-17,2027,N20,VIIRS,n,2,297.37,1.45,N,0
18.16759,80.26333,307.21,0.47,0.4,2025-03-17,2027,N20,VIIRS,n,2,296.85,1.45,N,0
18.17257,80.34481,311.81,0.48,0.4,2025-03-17,2027,N20,VIIRS,n,2,297.26,2.06,N,0
18.17402,80.26926,313.29,0.47,0.4,2025-03-17,2027,N20,VIIRS,n,2,297.13,2.67,N,0
18.17531,80.5834,307.75,0.49,0.4,2025-03-17,2027,N20,VIIRS,n,2,297.57,1.82,N,0
18.1997,80.21353,311.16,0.47,0.4,2025-03-17,2027,N20,VIIRS,n,2,297.89,2.05,N,0
18.22542,80.78648,311.19,0.5,0.41,2025-03-17,2027,N20,VIIRS,n,2,297.32,1.55,N,0
18.22624,80.78194,310.45,0.5,0.41,2025-03-17,2027,N20,VIIRS,n,2,297.51,1.55,N,0
18.22919,80.78685,326.81,0.5,0.41,2025-03-17,2027,N20,VIIRS,n,2,299.16,2.67,N,0
18.2312,80.79698,312.63,0.5,0.41,2025-03-17,2027,N20,VIIRS,n,2,297.8,2.35,N,0
18.23212,80.79192,319.3,0.5,0.41,2025-03-17,2027,N20,VIIRS,n,2,299.04,2.35,N,0
18.23298,80.78709,309.85,0.5,0.41,2025-03-17,2027,N20,VIIRS,n,2,298.18,2.67,N,0
18.2335,79.9669,307.05,0.46,0.39,2025-03-17,2027,N20,VIIRS,n,2,296.69,1.68,N,0
18.23502,80.7971,311.5,0.5,0.41,2025-03-17,2027,N20,VIIRS,n,2,297.86,2.12,N,0
18.26027,80.87095,307.75,0.51,0.41,2025-03-17,2027,N20,VIIRS,n,2,297.7,1.94,N,0
18.26315,80.87637,308.83,0.51,0.41,2025-03-17,2027,N20,VIIRS,n,2,297.23,2.02,N,0
18.264,80.87158,308.09,0.51,0.41,2025-03-17,2027,N20,VIIRS,n,2,297.5,1.94,N,0
18.26817,80.05624,308.66,0.46,0.39,2025-03-17,2027,N20,VIIRS,n,2,295.05,2.07,N,0
18.27139,80.01675,311.92,0.46,0.39,2025-03-17,2027,N20,VIIRS,n,2,296.66,2.2,N,0
18.27259,79.54726,312.24,0.44,0.38,2025-03-17,2027,N20,VIIRS,n,2,293.72,1.43,N,0
18.28054,80.69189,306.72,0.49,0.41,2025-03-17,2027,N20,VIIRS,n,2,296.55,1.82,N,0
18.28975,80.68288,306.11,0.49,0.41,2025-03-17,2027,N20,VIIRS,n,2,295.23,1.37,N,0
18.29694,80.03918,310.3,0.46,0.39,2025-03-17,2027,N20,VIIRS,n,2,296.49,2.31,N,0
18.29767,80.03496,307.7,0.46,0.39,2025-03-17,2027,N20,VIIRS,n,2,296.95,3.29,N,0
18.30554,80.03201,307.58,0.46,0.39,2025-03-17,2027,N20,VIIRS,n,2,296.55,2.12,N,0
18.31134,80.01975,308.69,0.46,0.39,2025-03-17,2027,N20,VIIRS,n,2,296.56,1.5,N,0
18.31206,80.01556,310.75,0.46,0.39,2025-03-17,2027,N20,VIIRS,n,2,296.8,1.5,N,0
18.33015,80.51804,306.65,0.48,0.4,2025-03-17,2027,N20,VIIRS,n,2,295.59,1.09,N,0
18.3473,80.71552,307.79,0.5,0.41,2025-03-17,2027,N20,VIIRS,n,2,295.52,1.48,N,0
18.3481,80.71104,323.64,0.49,0.41,2025-03-17,2027,N20,VIIRS,n,2,297.61,3.01,N,0
18.34852,80.26369,304.91,0.47,0.4,2025-03-17,2027,N20,VIIRS,n,2,294.17,0.87,N,0
18.35098,80.71623,308.43,0.5,0.41,2025-03-17,2027,N20,VIIRS,n,2,296.66,1.87,N,0
18.35345,80.34203,307.82,0.47,0.4,2025-03-17,2027,N20,VIIRS,n,2,296.26,2.69,N,0
18.36346,80.28471,306.63,0.47,0.4,2025-03-17,2027,N20,VIIRS,n,2,294.91,1.17,N,0
18.3663,80.28982,310.14,0.47,0.4,2025-03-17,2027,N20,VIIRS,n,2,295.2,1.17,N,0
18.36997,80.35442,308.61,0.48,0.4,2025-03-17,2027,N20,VIIRS,n,2,296.41,2.0,N,0
18.3799,78.02634,310.8,0.39,0.37,2025-03-17,2027,N20,VIIRS,n,2,289.69,1.62,N,0
18.38725,80.21209,308.25,0.47,0.4,2025-03-17,2027,N20,VIIRS,n,2,295.54,1.35,N,0
18.39102,80.19035,311.45,0.47,0.39,2025-03-17,2027,N20,VIIRS,n,2,296.05,2.09,N,0
18.39537,80.18668,313.93,0.47,0.39,2025-03-17,2027,N20,VIIRS,n,2,295.64,1.48,N,0
18.3997,80.18304,307.38,0.47,0.39,2025-03-17,2027,N20,VIIRS,n,2,295.23,1.48,N,0
18.40763,80.18005,311.24,0.47,0.39,2025-03-17,2027,N20,VIIRS,n,2,294.95,1.19,N,0
18.40786,80.25046,309.69,0.47,0.4,2025-03-17,2027,N20,VIIRS,n,2,294.75,1.14,N,0
18.41146,80.25114,310.45,0.47,0.4,2025-03-17,2027,N20,VIIRS,n,2,295.19,1.82,N,0
18.41427,80.25624,305.76,0.47,0.4,2025-03-17,2027,N20,VIIRS,n,2,294.87,1.19,N,0
18.43081,79.89658,306.02,0.45,0.39,2025-03-17,2027,N20,VIIRS,n,2,295.5,1.4,N,0
18.43435,79.89726,316.64,0.45,0.39,2025-03-17,2027,N20,VIIRS,n,2,296.5,1.4,N,0
18.43861,79.89375,308.06,0.45,0.39,2025-03-17,2027,N20,VIIRS,n,2,295.81,1.05,N,0
18.44094,80.31595,307.62,0.47,0.4,2025-03-17,2027,N20,VIIRS,n,2,294.82,1.6,N,0
18.44455,80.31665,306.8,0.47,0.4,2025-03-17,2027,N20,VIIRS,n,2,292.64,1.09,N,0
18.46243,78.25043,311.75,0.4,0.37,2025-03-17,2027,N20,VIIRS,n,2,295.09,1.99,N,0
18.47935,79.99203,301.65,0.46,0.39,2025-03-17,2027,N20,VIIRS,n,2,288.38,0.33,N,0
18.49033,79.19541,303.77,0.42,0.38,2025-03-17,2027,N20,VIIRS,n,2,293.53,0.55,N,0
18.49692,80.72442,307.85,0.49,0.41,2025-03-17,2027,N20,VIIRS,n,2,295.86,2.96,N,0
18.4977,79.90797,317.28,0.45,0.39,2025-03-17,2027,N20,VIIRS,n,2,295.41,2.29,N,0
18.50076,80.25034,303.28,0.47,0.4,2025-03-17,2027,N20,VIIRS,n,2,293.28,0.43,N,0
18.50124,79.90863,315.6,0.45,0.39,2025-03-17,2027,N20,VIIRS,n,2,295.4,1.86,N,0
18.51886,78.48392,313.32,0.4,0.37,2025-03-17,2027,N20,VIIRS,n,2,295.27,1.34,N,0
18.52223,78.4845,311.96,0.4,0.37,2025-03-17,2027,N20,VIIRS,n,2,294.87,1.34,N,0
18.52907,80.69296,308.79,0.49,0.4,2025-03-17,2027,N20,VIIRS,n,2,296.46,3.05,N,0
18.53275,80.69363,305.73,0.49,0.4,2025-03-17,2027,N20,VIIRS,n,2,295.65,1.79,N,0
18.53514,80.69568,308.93,0.49,0.4,2025-03-17,2027,N20,VIIRS,n,2,297.29,2.03,N,0
18.53564,80.6988,307.75,0.49,0.4,2025-03-17,2027,N20,VIIRS,n,2,297.44,1.79,N,0
18.56311,80.49848,306.82,0.48,0.4,2025-03-17,2027,N20,VIIRS,n,2,290.71,1.47,N,0
18.58242,80.32346,312.14,0.47,0.4,2025-03-17,2027,N20,VIIRS,n,2,296.03,2.21,N,0
18.58631,80.36533,306.43,0.47,0.4,2025-03-17,2027,N20,VIIRS,n,2,296.38,1.27,N,0
18.5869,80.23386,307.09,0.47,0.39,2025-03-17,2027,N20,VIIRS,n,2,295.53,1.36,N,0
18.59406,80.23528,307.56,0.47,0.39,2025-03-17,2027,N20,VIIRS,n,2,295.32,1.83,N,0
18.59598,80.09709,300.24,0.46,0.39,2025-03-17,2027,N20,VIIRS,n,2,287.48,1.09,N,0
18.59649,80.28534,306.92,0.47,0.4,2025-03-17,2027,N20,VIIRS,n,2,295.4,2.04,N,0
18.60235,80.10277,299.58,0.46,0.39,2025-03-17,2027,N20,VIIRS,n,2,282.9,0.59,N,0
18.61664,80.70709,310.02,0.49,0.4,2025-03-17,2027,N20,VIIRS,n,2,296.62,2.51,N,0
18.61679,78.78007,313.75,0.41,0.37,2025-03-17,2027,N20,VIIRS,n,2,295.64,1.69,N,0
18.61744,80.7026,310.66,0.49,0.4,2025-03-17,2027,N20,VIIRS,n,2,296.75,2.44,N,0
18.62302,80.62812,311.16,0.49,0.4,2025-03-17,2027,N20,VIIRS,n,2,297.83,3.15,N,0
18.629,78.51945,304.11,0.4,0.37,2025-03-17,2027,N20,VIIRS,n,2,291.01,1.11,N,0
18.65618,80.69418,306.19,0.49,0.4,2025-03-17,2027,N20,VIIRS,n,2,276.85,2.43,N,0
18.65985,80.69488,307.65,0.49,0.4,2025-03-17,2027,N20,VIIRS,n,2,284.84,2.17,N,0
18.66352,80.69554,314.96,0.49,0.4,2025-03-17,2027,N20,VIIRS,n,2,287.46,2.17,N,0
18.66842,80.45535,308.47,0.48,0.4,2025-03-17,2027,N20,VIIRS,n,2,296.69,3.05,N,0
18.67096,79.9986,310.27,0.45,0.39,2025-03-17,2027,N20,VIIRS,n,2,297.23,2.13,N,0
18.67448,79.99934,315.25,0.45,0.39,2025-03-17,2027,N20,VIIRS,n,2,296.42,1.32,N,0
18.67801,80.00008,307.2,0.45,0.39,2025-03-17,2027,N20,VIIRS,n,2,295.91,1.32,N,0
18.67879,79.9957,320.9,0.45,0.39,2025-03-17,2027,N20,VIIRS,n,2,297.25,2.36,N,0
18.67953,79.99152,315.55,0.45,0.39,2025-03-17,2027,N20,VIIRS,n,2,297.03,2.36,N,0
18.69765,80.67426,303.09,0.49,0.4,2025-03-17,2027,N20,VIIRS,n,2,274.1,1.4,N,0
18.69817,79.54762,307.89,0.43,0.38,2025-03-17,2027,N20,VIIRS,n,2,297.2,1.54,N,0
18.72052,80.2843,306.32,0.47,0.39,2025-03-17,2027,N20,VIIRS,n,2,295.18,1.58,N,0
18.72178,79.53526,312.67,0.43,0.38,2025-03-17,2027,N20,VIIRS,n,2,297.51,2.43,N,2
18.77339,80.69152,307.31,0.49,0.4,2025-03-17,2027,N20,VIIRS,n,2,293.12,1.28,N,0
18.82983,80.65063,300.27,0.48,0.4,2025-03-17,2027,N20,VIIRS,n,2,278.18,1.97,N,0
18.83145,80.64147,299.91,0.48,0.4,2025-03-17,2027,N20,VIIRS,n,2,276.68,1.1,N,0
18.83592,80.6375,315.14,0.48,0.4,2025-03-17,2027,N20,VIIRS,n,2,277.81,1.95,N,0
18.83957,80.6382,325.14,0.48,0.4,2025-03-17,2027,N20,VIIRS,n,2,286.18,1.77,N,0
18.84037,80.63367,301.07,0.48,0.4,2025-03-17,2027,N20,VIIRS,n,2,277.99,1.77,N,0
18.84401,80.6344,305.62,0.48,0.4,2025-03-17,2027,N20,VIIRS,n,2,287.03,1.77,N,0
18.85494,80.63654,308.04,0.48,0.4,2025-03-17,2027,N20,VIIRS,n,2,289.44,1.46,N,0
18.86814,80.4548,305.55,0.47,0.4,2025-03-17,2027,N20,VIIRS,n,2,293.88,1.09,N,0
18.86965,81.12688,303.99,0.51,0.41,2025-03-17,2027,N20,VIIRS,n,2,293.12,1.98,N,0
18.872,80.49663,301.7,0.48,0.4,2025-03-17,2027,N20,VIIRS,n,2,287.68,0.86,N,0
18.87547,80.64809,301.83,0.48,0.4,2025-03-17,2027,N20,VIIRS,n,2,284.23,2.05,N,0
18.88825,80.04657,307.04,0.45,0.39,2025-03-17,2027,N20,VIIRS,n,2,295.83,1.18,N,0
18.88972,81.10101,318.44,0.51,0.41,2025-03-17,2027,N20,VIIRS,n,2,295.86,2.3,N,0
18.89168,80.55821,307.88,0.48,0.4,2025-03-17,2027,N20,VIIRS,n,2,289.25,1.51,N,0
18.89249,80.59547,301.06,0.48,0.4,2025-03-17,2027,N20,VIIRS,n,2,279.46,0.81,N,0
18.89462,80.05198,309.33,0.45,0.39,2025-03-17,2027,N20,VIIRS,n,2,296.47,2.6,N,0
18.8953,80.55894,308.56,0.48,0.4,2025-03-17,2027,N20,VIIRS,n,2,288.38,0.68,N,0
18.89533,80.55599,306.19,0.48,0.4,2025-03-17,2027,N20,VIIRS,n,2,286.87,1.04,N,0
18.9029,80.46941,315.05,0.47,0.4,2025-03-17,2027,N20,VIIRS,n,2,296.45,3.59,N,0
18.90336,80.47248,309.05,0.47,0.4,2025-03-17,2027,N20,VIIRS,n,2,296.22,1.54,N,0
18.90414,80.46812,310.39,0.47,0.4,2025-03-17,2027,N20,VIIRS,n,2,295.63,1.54,N,0
18.90493,80.46372,307.78,0.47,0.4,2025-03-17,2027,N20,VIIRS,n,2,295.59,1.7,N,0
18.92637,80.33425,305.39,0.47,0.39,2025-03-17,2027,N20,VIIRS,n,2,294.43,1.3,N,0
18.92754,80.33746,308.29,0.47,0.39,2025-03-17,2027,N20,VIIRS,n,2,296.01,2.04,N,0
18.93331,80.1877,307.28,0.46,0.39,2025-03-17,2027,N20,VIIRS,n,2,296.35,0.87,N,0
18.94214,80.31794,310.09,0.47,0.39,2025-03-17,2027,N20,VIIRS,n,2,294.16,1.79,N,0
18.94241,81.11398,309.79,0.51,0.41,2025-03-17,2027,N20,VIIRS,n,2,295.34,1.46,N,0
18.94306,80.21646,304.62,0.46,0.39,2025-03-17,2027,N20,VIIRS,n,2,293.28,0.6,N,0
18.94325,81.10934,304.15,0.51,0.41,2025-03-17,2027,N20,VIIRS,n,2,293.81,1.46,N,0
18.94679,80.19485,312.93,0.46,0.39,2025-03-17,2027,N20,VIIRS,n,2,294.57,1.4,N,0
18.94931,80.38202,307.33,0.47,0.4,2025-03-17,2027,N20,VIIRS,n,2,287.95,0.49,N,0
18.95614,81.10207,307.72,0.51,0.41,2025-03-17,2027,N20,VIIRS,n,2,295.73,2.34,N,0
18.95932,80.38847,302.24,0.47,0.4,2025-03-17,2027,N20,VIIRS,n,2,291.24,0.55,N,0
18.96539,80.48059,307.24,0.47,0.4,2025-03-17,2027,N20,VIIRS,n,2,295.54,1.27,N,0
18.96801,80.31834,304.13,0.47,0.39,2025-03-17,2027,N20,VIIRS,n,2,285.21,0.68,N,0
18.97024,79.76413,310.91,0.44,0.38,2025-03-17,2027,N20,VIIRS,n,2,295.36,1.59,N,0
18.97249,80.5465,310.6,0.48,0.4,2025-03-17,2027,N20,VIIRS,n,2,293.67,2.5,N,0
18.97973,80.54793,310.89,0.48,0.4,2025-03-17,2027,N20,VIIRS,n,2,293.52,1.64,N,0
18.98869,80.75149,310.92,0.49,0.4,2025-03-17,2027,N20,VIIRS,n,2,295.97,3.19,N,0
18.98877,81.00604,309.84,0.5,0.41,2025-03-17,2027,N20,VIIRS,n,2,296.32,2.27,N,0
18.98948,80.74709,312.66,0.49,0.4,2025-03-17,2027,N20,VIIRS,n,2,297.08,3.9,N,0
18.98979,80.09068,314.64,0.45,0.39,2025-03-17,2027,N20,VIIRS,n,2,296.35,2.17,N,0
18.99129,80.0822,307.27,0.45,0.39,2025-03-17,2027,N20,VIIRS,n,2,296.48,2.31,N,0
18.9926,80.09554,311.3,0.45,0.39,2025-03-17,2027,N20,VIIRS,n,2,295.42,2.22,N,0
18.99329,81.0022,312.56,0.5,0.41,2025-03-17,2027,N20,VIIRS,n,2,294.08,3.2,N,0
18.99466,80.10463,313.49,0.45,0.39,2025-03-17,2027,N20,VIIRS,n,2,295.07,2.19,N,0
18.99917,79.97523,311.28,0.45,0.39,2025-03-17,2027,N20,VIIRS,n,2,296.18,2.41,N,0
19.00507,78.92068,311.62,0.41,0.37,2025-03-17,2027,N20,VIIRS,n,2,297.08,2.18,N,0
19.01376,79.3043,307.95,0.42,0.38,2025-03-17,2027,N20,VIIRS,n,2,295.12,1.83,N,0
19.01558,80.38535,311.75,0.47,0.4,2025-03-17,2027,N20,VIIRS,n,2,294.82,2.44,N,0
19.01675,81.02129,309.79,0.5,0.41,2025-03-17,2027,N20,VIIRS,n,2,294.93,2.0,N,0
19.02244,80.60516,305.2,0.48,0.4,2025-03-17,2027,N20,VIIRS,n,2,288.96,1.47,N,0
19.0252,80.09756,319.98,0.45,0.39,2025-03-17,2027,N20,VIIRS,n,2,296.99,3.1,N,0
19.02593,80.09338,319.67,0.45,0.39,2025-03-17,2027,N20,VIIRS,n,2,297.72,2.4,N,0
19.02665,80.08923,309.01,0.45,0.39,2025-03-17,2027,N20,VIIRS,n,2,296.54,2.4,N,0
19.02875,80.09821,323.54,0.45,0.39,2025-03-17,2027,N20,VIIRS,n,2,297.08,2.12,N,0
19.02948,80.09402,311.88,0.45,0.39,2025-03-17,2027,N20,VIIRS,n,2,296.91,2.41,N,0
19.02953,78.94144,304.48,0.41,0.37,2025-03-17,2027,N20,VIIRS,n,2,293.17,0.59,N,0
19.0323,80.09885,307.56,0.45,0.39,2025-03-17,2027,N20,VIIRS,n,2,291.0,2.12,N,0
19.04119,80.37466,310.41,0.47,0.39,2025-03-17,2027,N20,VIIRS,n,2,295.98,2.01,N,0
19.04507,80.91824,306.19,0.5,0.41,2025-03-17,2027,N20,VIIRS,n,2,296.12,1.57,N,0
19.04652,80.08015,306.23,0.45,0.39,2025-03-17,2027,N20,VIIRS,n,2,293.45,0.95,N,0
19.04859,80.19518,317.61,0.46,0.39,2025-03-17,2027,N20,VIIRS,n,2,295.46,1.78,N,0
19.05039,80.38551,315.62,0.47,0.4,2025-03-17,2027,N20,VIIRS,n,2,296.1,3.72,N,0
19.05108,80.03281,312.6,0.45,0.39,2025-03-17,2027,N20,VIIRS,n,2,297.41,2.28,N,0
19.05139,80.20023,314.32,0.46,0.39,2025-03-17,2027,N20,VIIRS,n,2,294.68,1.94,N,0
19.05214,80.19591,306.72,0.46,0.39,2025-03-17,2027,N20,VIIRS,n,2,294.75,1.78,N,0
19.0542,80.20528,305.8,0.46,0.39,2025-03-17,2027,N20,VIIRS,n,2,293.98,1.91,N,0
19.05755,80.38699,310.72,0.47,0.4,2025-03-17,2027,N20,VIIRS,n,2,295.93,2.33,N,0
19.05832,80.38269,320.9,0.47,0.4,2025-03-17,2027,N20,VIIRS,n,2,296.64,1.94,N,0
19.05908,80.37838,307.47,0.47,0.39,2025-03-17,2027,N20,VIIRS,n,2,294.85,1.94,N,0
19.06334,80.965,303.29,0.5,0.41,2025-03-17,2027,N20,VIIRS,n,2,293.23,1.42,N,0
19.06431,79.93549,308.36,0.45,0.39,2025-03-17,2027,N20,VIIRS,n,2,296.91,1.75,N,0
19.07019,80.77997,316.8,0.49,0.4,2025-03-17,2027,N20,VIIRS,n,2,297.05,3.64,N,0
19.07102,80.77805,315.83,0.49,0.4,2025-03-17,2027,N20,VIIRS,n,2,297.49,2.79,N,0
19.07174,80.14067,307.03,0.46,0.39,2025-03-17,2027,N20,VIIRS,n,2,293.67,0.81,N,0
19.07227,80.30397,313.25,0.46,0.39,2025-03-17,2027,N20,VIIRS,n,2,296.32,1.84,N,0
19.07237,80.14246,306.24,0.46,0.39,2025-03-17,2027,N20,VIIRS,n,2,293.1,0.6,N,0
19.07259,80.38589,309.95,0.47,0.4,2025-03-17,2027,N20,VIIRS,n,2,293.98,1.96,N,0
19.07303,80.29967,319.55,0.46,0.39,2025-03-17,2027,N20,VIIRS,n,2,295.97,1.84,N,0
19.07414,79.94165,310.1,0.45,0.39,2025-03-17,2027,N20,VIIRS,n,2,296.41,1.77,N,0
19.07539,80.39104,305.39,0.47,0.4,2025-03-17,2027,N20,VIIRS,n,2,294.45,1.42,N,0
19.07897,80.39178,306.91,0.47,0.4,2025-03-17,2027,N20,VIIRS,n,2,294.01,0.96,N,0
19.08326,80.26265,304.08,0.46,0.39,2025-03-17,2027,N20,VIIRS,n,2,293.27,0.63,N,0
19.09025,79.95359,305.16,0.45,0.39,2025-03-17,2027,N20,VIIRS,n,2,294.07,1.55,N,0
19.09125,80.05383,304.6,0.45,0.39,2025-03-17,2027,N20,VIIRS,n,2,294.16,0.72,N,0
19.09954,79.92059,308.07,0.45,0.39,2025-03-17,2027,N20,VIIRS,n,2,296.12,1.7,N,0
19.09988,79.12968,326.02,0.42,0.37,2025-03-17,2027,N20,VIIRS,n,2,296.09,3.25,N,0
19.09997,80.95262,310.77,0.5,0.41,2025-03-17,2027,N20,VIIRS,n,2,296.45,2.33,N,0
19.10366,80.95333,316.45,0.5,0.41,2025-03-17,2027,N20,VIIRS,n,2,295.92,3.02,N,0
19.10483,80.39244,308.29,0.47,0.4,2025-03-17,2027,N20,VIIRS,n,2,293.92,1.03,N,0
19.1073,79.91768,307.2,0.45,0.39,2025-03-17,2027,N20,VIIRS,n,2,294.93,1.75,N,0
19.10863,80.22314,309.84,0.46,0.39,2025-03-17,2027,N20,VIIRS,n,2,292.77,0.84,N,0
19.11151,79.91427,306.71,0.45,0.39,2025-03-17,2027,N20,VIIRS,n,2,296.55,1.84,N,0
19.11212,80.07787,306.33,0.45,0.39,2025-03-17,2027,N20,VIIRS,n,2,289.97,0.46,N,0
19.12289,80.1417,305.64,0.45,0.39,2025-03-17,2027,N20,VIIRS,n,2,293.26,1.44,N,0
19.12439,80.13316,307.5,0.45,0.39,2025-03-17,2027,N20,VIIRS,n,2,293.51,0.85,N,0
19.12943,80.1253,304.8,0.45,0.39,2025-03-17,2027,N20,VIIRS,n,2,294.15,0.94,N,0
19.12999,80.14306,303.97,0.45,0.39,2025-03-17,2027,N20,VIIRS,n,2,293.87,1.02,N,0
19.13091,80.11678,308.96,0.45,0.39,2025-03-17,2027,N20,VIIRS,n,2,294.42,1.26,N,0
19.13445,80.11745,306.18,0.45,0.39,2025-03-17,2027,N20,VIIRS,n,2,293.87,0.97,N,0
19.15687,79.14742,306.87,0.42,0.37,2025-03-17,2027,N20,VIIRS,n,2,295.68,0.76,N,0
19.16228,79.13631,307.22,0.42,0.37,2025-03-17,2027,N20,VIIRS,n,2,295.84,1.4,N,0
19.17017,80.18624,305.64,0.46,0.39,2025-03-17,2027,N20,VIIRS,n,2,293.84,0.52,N,0
19.17209,80.78152,315.52,0.49,0.4,2025-03-17,2027,N20,VIIRS,n,2,293.44,1.81,N,0
19.17653,79.1351,308.38,0.42,0.37,2025-03-17,2027,N20,VIIRS,n,2,292.9,1.43,N,0
19.1792,79.11937,307.28,0.42,0.37,2025-03-17,2027,N20,VIIRS,n,2,295.45,1.35,N,0
19.19174,80.12196,315.31,0.45,0.39,2025-03-17,2027,N20,VIIRS,n,2,297.2,1.92,N,0
19.19602,80.11842,311.64,0.45,0.39,2025-03-17,2027,N20,VIIRS,n,2,295.3,1.92,N,0
19.19679,80.11407,306.04,0.45,0.39,2025-03-17,2027,N20,VIIRS,n,2,293.77,1.72,N,0
19.19954,80.11919,307.34,0.45,0.39,2025-03-17,2027,N20,VIIRS,n,2,293.89,1.58,N,0
19.20567,80.29292,309.7,0.46,0.39,2025-03-17,2027,N20,VIIRS,n,2,293.74,1.17,N,0
19.2066,80.12064,304.84,0.45,0.39,2025-03-17,2027,N20,VIIRS,n,2,292.56,0.72,N,0
19.21368,79.95414,312.53,0.45,0.39,2025-03-17,2027,N20,VIIRS,n,2,295.86,1.75,N,0
19.21384,80.81975,313.55,0.49,0.4,2025-03-17,2027,N20,VIIRS,n,2,297.46,3.32,N,0
19.21435,79.95253,306.29,0.45,0.39,2025-03-17,2027,N20,VIIRS,n,2,295.19,1.29,N,0
19.21462,80.81539,306.23,0.49,0.4,2025-03-17,2027,N20,VIIRS,n,2,295.58,2.29,N,0
19.21827,78.97086,311.38,0.41,0.37,2025-03-17,2027,N20,VIIRS,n,2,296.01,1.54,N,0
19.21894,78.9669,311.01,0.41,0.37,2025-03-17,2027,N20,VIIRS,n,2,296.08,1.54,N,0
19.22349,80.68163,305.59,0.48,0.4,2025-03-17,2027,N20,VIIRS,n,2,295.11,1.01,N,0
19.24601,80.25174,305.51,0.46,0.39,2025-03-17,2027,N20,VIIRS,n,2,294.31,1.41,N,0
19.24676,80.24741,306.04,0.46,0.39,2025-03-17,2027,N20,VIIRS,n,2,294.38,1.42,N,0
19.25332,78.9491,310.27,0.41,0.37,2025-03-17,2027,N20,VIIRS,n,2,294.2,1.32,N,0
19.26556,80.32092,308.76,0.46,0.39,2025-03-17,2027,N20,VIIRS,n,2,292.26,1.17,N,0
19.27682,80.21627,316.31,0.46,0.39,2025-03-17,2027,N20,VIIRS,n,2,293.95,1.09,N,0
19.27756,80.21806,317.63,0.46,0.39,2025-03-17,2027,N20,VIIRS,n,2,293.93,1.57,N,0
19.28036,80.21695,312.42,0.46,0.39,2025-03-17,2027,N20,VIIRS,n,2,294.6,1.09,N,0
19.28111,80.21873,313.37,0.46,0.39,2025-03-17,2027,N20,VIIRS,n,2,294.91,1.57,N,0
19.28173,80.73508,314.66,0.48,0.4,2025-03-17,2027,N20,VIIRS,n,2,295.74,1.94,N,0
19.28392,80.2176,305.01,0.46,0.39,2025-03-17,2027,N20,VIIRS,n,2,294.91,1.3,N,0
19.28468,80.21334,304.94,0.46,0.39,2025-03-17,2027,N20,VIIRS,n,2,294.23,1.3,N,0
19.28823,80.21398,319.88,0.46,0.39,2025-03-17,2027,N20,VIIRS,n,2,296.49,1.3,N,0
19.29179,80.21466,308.71,0.46,0.39,2025-03-17,2027,N20,VIIRS,n,2,294.81,2.32,N,0
19.2971,77.08637,321.94,0.38,0.36,2025-03-17,2027,N20,VIIRS,n,2,284.1,2.14,N,0
19.30131,79.80626,299.55,0.44,0.38,2025-03-17,2027,N20,VIIRS,n,2,283.95,0.41,N,0
19.30339,80.19053,303.52,0.45,0.39,2025-03-17,2027,N20,VIIRS,n,2,292.95,0.64,N,0
19.30349,80.84504,307.45,0.49,0.4,2025-03-17,2027,N20,VIIRS,n,2,292.91,1.08,N,0
19.30717,80.84567,305.26,0.49,0.4,2025-03-17,2027,N20,VIIRS,n,2,293.89,1.08,N,0
19.30851,81.15794,308.02,0.51,0.41,2025-03-17,2027,N20,VIIRS,n,2,292.74,1.56,N,0
19.31138,81.16342,311.36,0.51,0.41,2025-03-17,2027,N20,VIIRS,n,2,294.03,1.91,N,0
19.31166,80.84177,309.21,0.49,0.4,2025-03-17,2027,N20,VIIRS,n,2,294.7,1.46,N,0
19.31282,78.8291,305.75,0.41,0.37,2025-03-17,2027,N20,VIIRS,n,2,292.99,0.67,N,0
19.3151,81.1642,308.7,0.51,0.41,2025-03-17,2027,N20,VIIRS,n,2,292.83,1.24,N,0
19.31531,80.84254,307.35,0.49,0.4,2025-03-17,2027,N20,VIIRS,n,2,295.21,1.46,N,0
19.31591,80.05735,304.27,0.45,0.39,2025-03-17,2027,N20,VIIRS,n,2,293.15,0.55,N,0
19.31889,80.12332,305.38,0.45,0.39,2025-03-17,2027,N20,VIIRS,n,2,292.93,0.77,N,0
19.31889,80.2066,311.82,0.46,0.39,2025-03-17,2027,N20,VIIRS,n,2,294.3,1.54,N,0
19.31975,80.83887,305.07,0.49,0.4,2025-03-17,2027,N20,VIIRS,n,2,293.2,1.3,N,0
19.33151,80.83659,302.98,0.49,0.4,2025-03-17,2027,N20,VIIRS,n,2,292.96,0.72,N,0
19.33401,80.86501,306.61,0.49,0.4,2025-03-17,2027,N20,VIIRS,n,2,295.41,1.71,N,0
19.33764,80.86594,304.45,0.49,0.4,2025-03-17,2027,N20,VIIRS,n,2,294.0,0.67,N,0
19.35232,79.05051,310.65,0.41,0.37,2025-03-17,2027,N20,VIIRS,n,2,293.96,0.87,N,0
19.35376,79.23145,307.77,0.42,0.38,2025-03-17,2027,N20,VIIRS,n,2,293.75,0.6,N,0
19.35646,80.11729,319.31,0.45,0.39,2025-03-17,2027,N20,VIIRS,n,2,291.88,1.24,N,0
19.35722,80.11298,304.55,0.45,0.39,2025-03-17,2027,N20,VIIRS,n,2,293.09,1.24,N,0
19.36211,79.09663,305.27,0.41,0.37,2025-03-17,2027,N20,VIIRS,n,2,294.81,1.04,N,0
19.36291,79.09563,306.81,0.41,0.37,2025-03-17,2027,N20,VIIRS,n,2,294.9,1.11,N,0
19.36353,80.11866,324.3,0.45,0.39,2025-03-17,2027,N20,VIIRS,n,2,293.14,2.36,N,0
19.37299,80.19058,305.0,0.45,0.39,2025-03-17,2027,N20,VIIRS,n,2,293.87,1.36,N,0
19.37373,80.1863,319.45,0.45,0.39,2025-03-17,2027,N20,VIIRS,n,2,294.42,1.36,N,0
19.38052,80.23178,309.36,0.46,0.39,2025-03-17,2027,N20,VIIRS,n,2,294.87,1.9,N,0
19.38126,80.22749,305.56,0.46,0.39,2025-03-17,2027,N20,VIIRS,n,2,292.86,1.09,N,0
19.38179,77.3241,303.25,0.38,0.36,2025-03-17,2027,N20,VIIRS,n,2,267.47,0.51,N,0
19.38309,79.90136,311.86,0.44,0.38,2025-03-17,2027,N20,VIIRS,n,2,293.39,2.57,N,0
19.38353,80.23112,305.78,0.46,0.39,2025-03-17,2027,N20,VIIRS,n,2,293.11,0.65,N,0
19.38775,79.93707,313.56,0.44,0.39,2025-03-17,2027,N20,VIIRS,n,2,296.72,2.55,N,0
19.39416,80.06802,304.46,0.45,0.39,2025-03-17,2027,N20,VIIRS,n,2,292.35,0.77,N,0
19.39655,79.61655,308.41,0.43,0.38,2025-03-17,2027,N20,VIIRS,n,2,296.15,2.1,N,0
19.4012,80.0694,312.73,0.45,0.39,2025-03-17,2027,N20,VIIRS,n,2,290.88,1.15,N,0
19.40473,80.07009,318.96,0.45,0.39,2025-03-17,2027,N20,VIIRS,n,2,289.48,0.96,N,0
19.42763,79.6226,310.76,0.43,0.38,2025-03-17,2027,N20,VIIRS,n,2,290.85,1.25,N,0
19.4333,81.29175,309.16,0.51,0.41,2025-03-17,2027,N20,VIIRS,n,2,290.98,2.78,N,0
19.43563,81.25789,303.88,0.51,0.41,2025-03-17,2027,N20,VIIRS,n,2,282.75,1.17,N,0
19.43692,77.70364,303.98,0.39,0.36,2025-03-17,2027,N20,VIIRS,n,2,269.37,1.3,N,0
19.44978,80.76412,310.67,0.48,0.4,2025-03-17,2027,N20,VIIRS,n,2,294.88,1.98,N,0
19.45264,80.76918,305.58,0.48,0.4,2025-03-17,2027,N20,VIIRS,n,2,295.19,1.87,N,0
19.45512,80.79759,305.89,0.48,0.4,2025-03-17,2027,N20,VIIRS,n,2,294.92,2.08,N,0
19.45803,80.8024,306.12,0.48,0.4,2025-03-17,2027,N20,VIIRS,n,2,295.71,2.31,N,0
19.46173,80.80281,311.0,0.48,0.4,2025-03-17,2027,N20,VIIRS,n,2,297.41,2.31,N,0
19.4625,80.11485,306.09,0.45,0.39,2025-03-17,2027,N20,VIIRS,n,2,293.9,1.24,N,0
19.46567,79.65073,305.03,0.43,0.38,2025-03-17,2027,N20,VIIRS,n,2,284.14,0.38,N,0
19.4662,80.79887,306.79,0.48,0.4,2025-03-17,2027,N20,VIIRS,n,2,295.09,2.32,N,0
19.46636,79.64667,298.2,0.43,0.38,2025-03-17,2027,N20,VIIRS,n,2,283.31,0.38,N,0
19.46844,79.65546,300.8,0.43,0.38,2025-03-17,2027,N20,VIIRS,n,2,284.48,0.34,N,0
19.4697,79.84496,317.47,0.44,0.38,2025-03-17,2027,N20,VIIRS,n,2,295.09,1.87,N,0
19.47247,79.84975,311.96,0.44,0.38,2025-03-17,2027,N20,VIIRS,n,2,293.77,1.99,N,0
19.47259,79.65204,298.46,0.43,0.38,2025-03-17,2027,N20,VIIRS,n,2,283.48,0.2,N,0
19.47378,79.47765,307.26,0.42,0.38,2025-03-17,2027,N20,VIIRS,n,2,295.12,1.58,N,0
19.47475,80.19144,310.24,0.45,0.39,2025-03-17,2027,N20,VIIRS,n,2,296.53,2.09,N,0
19.47533,80.20919,304.92,0.45,0.39,2025-03-17,2027,N20,VIIRS,n,2,293.97,0.75,N,0
19.49714,79.11211,300.99,0.41,0.37,2025-03-17,2027,N20,VIIRS,n,2,283.02,0.16,N,0
19.51493,79.1311,305.23,0.41,0.37,2025-03-17,2027,N20,VIIRS,n,2,286.25,0.83,N,0
19.52046,81.00146,304.95,0.49,0.41,2025-03-17,2027,N20,VIIRS,n,2,293.49,1.3,N,0
19.52246,79.64411,308.3,0.43,0.38,2025-03-17,2027,N20,VIIRS,n,2,289.95,0.81,N,0
19.52422,79.09679,300.4,0.41,0.37,2025-03-17,2027,N20,VIIRS,n,2,281.54,0.37,N,0
19.52639,79.25037,310.47,0.42,0.37,2025-03-17,2027,N20,VIIRS,n,2,295.3,1.83,N,0
19.52768,80.09531,314.84,0.45,0.39,2025-03-17,2027,N20,VIIRS,n,2,296.25,4.51,N,0
19.54237,80.4295,305.77,0.46,0.39,2025-03-17,2027,N20,VIIRS,n,2,295.47,1.63,N,0
19.55074,78.42824,307.8,0.4,0.37,2025-03-17,2027,N20,VIIRS,n,2,278.03,1.53,N,0
19.57257,79.35204,343.61,0.42,0.38,2025-03-17,2027,N20,VIIRS,n,2,298.6,5.47,N,0
19.57323,79.34815,319.89,0.42,0.38,2025-03-17,2027,N20,VIIRS,n,2,296.97,3.16,N,0
19.59022,79.31048,315.2,0.42,0.38,2025-03-17,2027,N20,VIIRS,n,2,294.51,1.45,N,0
19.59363,79.31115,312.21,0.42,0.38,2025-03-17,2027,N20,VIIRS,n,2,295.07,1.69,N,0
19.59807,80.10899,314.02,0.45,0.39,2025-03-17,2027,N20,VIIRS,n,2,287.72,1.67,N,0
19.59975,79.31655,315.38,0.42,0.38,2025-03-17,2027,N20,VIIRS,n,2,296.99,1.72,N,0
19.60159,80.10962,320.22,0.45,0.39,2025-03-17,2027,N20,VIIRS,n,2,289.05,2.84,N,0
19.60793,80.34282,303.97,0.46,0.39,2025-03-17,2027,N20,VIIRS,n,2,291.95,0.68,N,0
19.61354,80.35271,308.83,0.46,0.39,2025-03-17,2027,N20,VIIRS,n,2,291.71,1.26,N,0
19.6477,80.11729,303.7,0.45,0.39,2025-03-17,2027,N20,VIIRS,n,2,278.26,1.38,N,0
19.65197,80.11369,300.7,0.45,0.39,2025-03-17,2027,N20,VIIRS,n,2,276.11,1.09,N,0
19.65811,79.05364,308.18,0.41,0.37,2025-03-17,2027,N20,VIIRS,n,2,266.41,1.23,N,0
19.66526,80.30923,309.15,0.46,0.39,2025-03-17,2027,N20,VIIRS,n,2,296.69,2.39,N,0
19.66599,80.30502,309.11,0.46,0.39,2025-03-17,2027,N20,VIIRS,n,2,296.21,2.03,N,0
19.67692,79.12903,308.18,0.41,0.37,2025-03-17,2027,N20,VIIRS,n,2,281.12,0.86,N,0
19.68488,78.25318,307.91,0.39,0.36,2025-03-17,2027,N20,VIIRS,n,2,289.18,1.14,N,0
19.6851,80.43986,306.69,0.46,0.39,2025-03-17,2027,N20,VIIRS,n,2,295.88,1.89,N,0
19.69748,80.27139,318.14,0.45,0.39,2025-03-17,2027,N20,VIIRS,n,2,295.5,3.28,N,0
19.71774,78.1982,313.07,0.39,0.36,2025-03-17,2027,N20,VIIRS,n,2,287.21,1.05,N,0
19.71833,78.19453,313.13,0.39,0.36,2025-03-17,2027,N20,VIIRS,n,2,290.31,1.05,N,0
19.72622,80.64774,305.92,0.47,0.4,2025-03-17,2027,N20,VIIRS,n,2,294.06,1.44,N,0
19.72756,78.24163,300.07,0.39,0.36,2025-03-17,2027,N20,VIIRS,n,2,283.61,0.35,N,0
19.72834,80.02914,300.35,0.44,0.39,2025-03-17,2027,N20,VIIRS,n,2,271.99,0.67,N,0
19.73245,77.72889,296.5,0.39,0.36,2025-03-17,2027,N20,VIIRS,n,2,277.33,0.47,N,0
19.73612,80.0049,314.84,0.44,0.39,2025-03-17,2027,N20,VIIRS,n,2,285.34,2.22,N,0
19.73677,80.02217,303.64,0.44,0.39,2025-03-17,2027,N20,VIIRS,n,2,282.49,1.49,N,0
19.73749,80.01801,314.72,0.44,0.39,2025-03-17,2027,N20,VIIRS,n,2,288.6,1.49,N,0
19.7375,78.24348,303.96,0.39,0.36,2025-03-17,2027,N20,VIIRS,n,2,285.48,0.46,N,0
19.7441,78.07757,301.78,0.39,0.36,2025-03-17,2027,N20,VIIRS,n,2,282.6,1.08,N,0
19.75087,78.07867,305.18,0.39,0.36,2025-03-17,2027,N20,VIIRS,n,2,283.38,1.28,N,0
19.75297,78.08665,298.7,0.39,0.36,2025-03-17,2027,N20,VIIRS,n,2,278.84,0.65,N,0
19.75297,79.99095,307.05,0.44,0.38,2025-03-17,2027,N20,VIIRS,n,2,286.84,4.29,N,0
19.75357,78.08296,317.87,0.39,0.36,2025-03-17,2027,N20,VIIRS,n,2,283.57,1.28,N,0
19.75368,79.98679,348.95,0.44,0.38,2025-03-17,2027,N20,VIIRS,n,2,291.44,4.29,N,0
19.75398,79.98904,325.04,0.44,0.38,2025-03-17,2027,N20,VIIRS,n,2,281.63,3.0,N,0
19.75439,79.98265,308.06,0.44,0.38,2025-03-17,2027,N20,VIIRS,n,2,284.95,1.44,N,0
19.75471,79.98489,332.54,0.44,0.38,2025-03-17,2027,N20,VIIRS,n,2,286.83,3.0,N,0
19.75502,77.41853,297.54,0.38,0.36,2025-03-17,2027,N20,VIIRS,n,2,275.39,0.91,N,0
19.75788,79.98332,313.61,0.44,0.38,2025-03-17,2027,N20,VIIRS,n,2,283.28,1.44,N,0
19.75831,77.41911,312.71,0.38,0.36,2025-03-17,2027,N20,VIIRS,n,2,277.19,0.91,N,0
19.75894,79.98143,313.19,0.44,0.38,2025-03-17,2027,N20,VIIRS,n,2,281.91,2.1,N,0
19.76177,80.68511,303.76,0.47,0.4,2025-03-17,2027,N20,VIIRS,n,2,293.7,1.51,N,0
19.76217,77.41607,296.76,0.38,0.36,2025-03-17,2027,N20,VIIRS,n,2,275.1,0.48,N,0
19.76243,79.98209,334.3,0.44,0.38,2025-03-17,2027,N20,VIIRS,n,2,278.93,4.25,N,0
19.77352,80.20905,301.67,0.45,0.39,2025-03-17,2027,N20,VIIRS,n,2,284.54,1.7,N,0
19.7806,78.20954,302.94,0.39,0.36,2025-03-17,2027,N20,VIIRS,n,2,285.12,0.72,N,0
19.7832,80.23724,303.06,0.45,0.39,2025-03-17,2027,N20,VIIRS,n,2,283.07,1.28,N,0
19.78452,78.20642,311.39,0.39,0.36,2025-03-17,2027,N20,VIIRS,n,2,288.54,1.81,N,0
19.78467,80.22878,301.64,0.45,0.39,2025-03-17,2027,N20,VIIRS,n,2,286.45,1.76,N,0
19.79527,80.23081,300.57,0.45,0.39,2025-03-17,2027,N20,VIIRS,n,2,286.87,1.11,N,0
19.80732,80.22443,305.09,0.45,0.39,2025-03-17,2027,N20,VIIRS,n,2,289.77,0.93,N,0
19.8109,77.42842,298.59,0.38,0.36,2025-03-17,2027,N20,VIIRS,n,2,277.43,0.89,N,0
19.81366,77.49618,301.35,0.38,0.36,2025-03-17,2027,N20,VIIRS,n,2,280.94,0.5,N,0
19.81646,78.38384,309.64,0.39,0.37,2025-03-17,2027,N20,VIIRS,n,2,284.51,1.4,N,0
19.81695,77.49676,299.43,0.38,0.36,2025-03-17,2027,N20,VIIRS,n,2,279.05,0.6,N,0
19.81752,77.49312,304.79,0.38,0.36,2025-03-17,2027,N20,VIIRS,n,2,284.86,1.53,N,0
19.81955,81.09675,301.81,0.49,0.41,2025-03-17,2027,N20,VIIRS,n,2,276.18,2.18,N,0
19.83396,80.11209,304.83,0.45,0.39,2025-03-17,2027,N20,VIIRS,n,2,280.04,1.61,N,0
19.83416,81.2711,304.27,0.5,0.41,2025-03-17,2027,N20,VIIRS,n,2,293.15,1.6,N,0
19.83468,80.10791,304.18,0.45,0.39,2025-03-17,2027,N20,VIIRS,n,2,269.04,1.36,N,0
19.84079,81.27706,305.34,0.5,0.41,2025-03-17,2027,N20,VIIRS,n,2,294.25,1.18,N,0
19.84653,81.0313,307.46,0.49,0.4,2025-03-17,2027,N20,VIIRS,n,2,292.41,2.17,N,0
19.84958,80.71631,305.59,0.47,0.4,2025-03-17,2027,N20,VIIRS,n,2,292.9,1.5,N,0
19.85073,80.71453,306.5,0.47,0.4,2025-03-17,2027,N20,VIIRS,n,2,293.71,1.64,N,0
19.86673,80.13459,297.78,0.45,0.39,2025-03-17,2027,N20,VIIRS,n,2,278.47,0.69,N,0
19.86828,80.20879,298.79,0.45,0.39,2025-03-17,2027,N20,VIIRS,n,2,281.13,0.54,N,0
19.86953,80.13939,301.4,0.45,0.39,2025-03-17,2027,N20,VIIRS,n,2,279.88,0.69,N,0
19.87304,80.14007,301.83,0.45,0.39,2025-03-17,2027,N20,VIIRS,n,2,282.78,1.17,N,0
19.8733,81.2767,308.39,0.5,0.41,2025-03-17,2027,N20,VIIRS,n,2,295.1,1.97,N,0
19.87417,80.17516,304.29,0.45,0.39,2025-03-17,2027,N20,VIIRS,n,2,286.67,0.92,N,0
19.87932,80.14568,308.45,0.45,0.39,2025-03-17,2027,N20,VIIRS,n,2,287.85,2.5,N,0
19.88727,81.10132,301.61,0.49,0.41,2025-03-17,2027,N20,VIIRS,n,2,285.84,1.6,N,0
19.88914,80.15188,310.23,0.45,0.39,2025-03-17,2027,N20,VIIRS,n,2,289.22,2.61,N,0
19.88987,80.14768,316.78,0.45,0.39,2025-03-17,2027,N20,VIIRS,n,2,289.58,2.61,N,0
19.90071,80.76954,307.48,0.48,0.4,2025-03-17,2027,N20,VIIRS,n,2,296.33,2.01,N,0
19.90147,80.76525,310.25,0.48,0.4,2025-03-17,2027,N20,VIIRS,n,2,296.6,2.01,N,0
19.9016,80.18472,312.67,0.45,0.39,2025-03-17,2027,N20,VIIRS,n,2,293.5,2.24,N,0
19.90512,80.18541,318.23,0.45,0.39,2025-03-17,2027,N20,VIIRS,n,2,294.09,2.24,N,0
19.90551,80.78468,308.41,0.48,0.4,2025-03-17,2027,N20,VIIRS,n,2,295.36,2.5,N,0
19.90583,80.76174,311.0,0.48,0.4,2025-03-17,2027,N20,VIIRS,n,2,296.84,2.81,N,0
19.91113,80.7953,305.49,0.48,0.4,2025-03-17,2027,N20,VIIRS,n,2,295.32,3.58,N,0
19.91766,81.22269,307.2,0.5,0.41,2025-03-17,2027,N20,VIIRS,n,2,292.46,1.5,N,0
19.92489,80.73849,310.65,0.47,0.4,2025-03-17,2027,N20,VIIRS,n,2,293.43,1.78,N,0
19.92598,81.11311,306.47,0.49,0.41,2025-03-17,2027,N20,VIIRS,n,2,293.61,1.75,N,0
19.93719,78.68756,302.89,0.4,0.37,2025-03-17,2027,N20,VIIRS,n,2,288.35,1.45,N,0
19.93772,80.33052,304.58,0.45,0.39,2025-03-17,2027,N20,VIIRS,n,2,294.09,1.05,N,0
19.95033,80.11477,324.27,0.44,0.39,2025-03-17,2027,N20,VIIRS,n,2,283.44,2.75,N,0
19.95046,80.11193,349.41,0.44,0.39,2025-03-17,2027,N20,VIIRS,n,2,295.1,9.27,N,0
19.95106,80.1106,339.64,0.44,0.39,2025-03-17,2027,N20,VIIRS,n,2,291.41,6.05,N,0
19.95955,80.8636,306.8,0.48,0.4,2025-03-17,2027,N20,VIIRS,n,2,296.8,2.45,N,0
19.96124,77.82959,319.26,0.39,0.36,2025-03-17,2027,N20,VIIRS,n,2,292.33,1.43,N,0
19.96163,81.10532,306.43,0.49,0.4,2025-03-17,2027,N20,VIIRS,n,2,295.71,1.42,N,0
19.9653,81.10604,307.18,0.49,0.4,2025-03-17,2027,N20,VIIRS,n,2,295.52,1.97,N,0
19.96646,80.84602,307.1,0.48,0.4,2025-03-17,2027,N20,VIIRS,n,2,296.4,2.83,N,0
19.96653,80.10509,302.26,0.44,0.39,2025-03-17,2027,N20,VIIRS,n,2,280.82,0.72,N,0
19.97145,81.09289,309.71,0.49,0.4,2025-03-17,2027,N20,VIIRS,n,2,296.93,2.9,N,0
19.97598,80.83473,306.3,0.48,0.4,2025-03-17,2027,N20,VIIRS,n,2,293.7,2.15,N,0
19.98122,80.20766,307.63,0.45,0.39,2025-03-17,2027,N20,VIIRS,n,2,293.39,1.04,N,0
19.99397,80.38588,307.4,0.46,0.39,2025-03-17,2027,N20,VIIRS,n,2,294.88,1.2,N,0
19.99707,81.13412,309.23,0.49,0.41,2025-03-17,2027,N20,VIIRS,n,2,297.21,1.8,N,0
19.99791,81.12951,307.3,0.49,0.41,2025-03-17,2027,N20,VIIRS,n,2,296.5,1.8,N,0
15.58354,78.83411,312.3,0.44,0.38,2025-03-17,2028,N20,VIIRS,n,2,293.48,1.37,N,0
15.58422,78.83006,320.59,0.44,0.38,2025-03-17,2028,N20,VIIRS,n,2,293.91,2.04,N,0
15.58702,78.83475,304.21,0.44,0.38,2025-03-17,2028,N20,VIIRS,n,2,293.29,0.62,N,0
15.5877,78.8307,306.78,0.44,0.38,2025-03-17,2028,N20,VIIRS,n,2,292.74,1.02,N,0
15.58838,78.82664,314.83,0.44,0.38,2025-03-17,2028,N20,VIIRS,n,2,293.0,1.02,N,0
15.61724,78.68631,307.77,0.43,0.38,2025-03-17,2028,N20,VIIRS,n,2,297.08,2.05,N,0
15.62417,78.68755,307.33,0.43,0.38,2025-03-17,2028,N20,VIIRS,n,2,297.12,2.61,N,0
15.68711,78.69528,306.3,0.43,0.38,2025-03-17,2028,N20,VIIRS,n,2,296.05,1.04,N,0
15.68811,78.73182,306.5,0.43,0.38,2025-03-17,2028,N20,VIIRS,n,2,296.43,1.66,N,0
15.70185,78.71378,312.05,0.43,0.38,2025-03-17,2028,N20,VIIRS,n,2,296.48,2.38,N,0
15.87362,78.94614,316.86,0.44,0.38,2025-03-17,2028,N20,VIIRS,n,2,294.84,1.75,N,0
16.03176,78.71813,313.71,0.43,0.38,2025-03-17,2028,N20,VIIRS,n,2,297.11,1.99,N,0
16.04021,78.73145,308.04,0.43,0.38,2025-03-17,2028,N20,VIIRS,n,2,294.36,0.94,N,0
16.08912,78.83379,309.76,0.43,0.38,2025-03-17,2028,N20,VIIRS,n,2,294.32,1.71,N,0
16.09257,78.83451,320.42,0.43,0.38,2025-03-17,2028,N20,VIIRS,n,2,295.07,1.71,N,0
16.23729,78.68643,301.97,0.43,0.38,2025-03-17,2028,N20,VIIRS,n,2,286.74,1.05,N,0
16.3597,81.28319,307.93,0.57,0.43,2025-03-17,2028,N20,VIIRS,n,2,295.17,0.81,N,0
16.6787,77.2661,308.68,0.39,0.36,2025-03-17,2028,N20,VIIRS,n,2,298.15,1.66,N,0
16.68259,77.26307,312.33,0.39,0.36,2025-03-17,2028,N20,VIIRS,n,2,296.91,1.19,N,0
17.074,79.56049,305.31,0.45,0.39,2025-03-17,2028,N20,VIIRS,n,2,294.54,0.71,N,0
17.35165,77.29278,313.06,0.39,0.36,2025-03-17,2028,N20,VIIRS,n,2,293.32,1.17,N,0
17.37143,77.44474,311.26,0.39,0.36,2025-03-17,2028,N20,VIIRS,n,2,298.47,1.52,N,0
15.51637,79.06042,347.82,0.39,0.44,2025-03-18,737,N20,VIIRS,n,2,312.26,4.53,D,0
15.57184,78.25159,342.9,0.43,0.46,2025-03-18,737,N20,VIIRS,l,2,316.57,4.18,D,0
15.58854,78.8297,343.32,0.4,0.44,2025-03-18,737,N20,VIIRS,n,2,314.52,5.37,D,0
15.5898,78.52882,343.76,0.42,0.45,2025-03-18,737,N20,VIIRS,n,2,311.0,3.89,D,0
15.60933,78.68781,335.91,0.41,0.45,2025-03-18,737,N20,VIIRS,l,2,308.86,4.03,D,0
15.61402,78.69067,336.8,0.41,0.45,2025-03-18,737,N20,VIIRS,l,2,309.57,3.05,D,0
15.6511,77.32983,337.53,0.49,0.49,2025-03-18,737,N20,VIIRS,l,2,311.39,3.09,D,0
15.6761,78.78063,339.87,0.4,0.44,2025-03-18,737,N20,VIIRS,l,2,313.42,6.31,D,0
15.67679,78.78445,337.07,0.4,0.44,2025-03-18,737,N20,VIIRS,l,2,309.26,6.31,D,0
15.68079,78.78356,343.35,0.4,0.44,2025-03-18,737,N20,VIIRS,n,2,308.67,6.31,D,0
15.68148,78.78741,336.1,0.4,0.44,2025-03-18,737,N20,VIIRS,l,2,307.64,1.59,D,0
15.6847,78.78216,337.88,0.4,0.44,2025-03-18,737,N20,VIIRS,l,2,311.02,3.74,D,0
15.68668,78.76991,335.03,0.4,0.44,2025-03-18,737,N20,VIIRS,l,2,308.84,2.9,D,0
15.68939,78.73837,339.05,0.4,0.44,2025-03-18,737,N20,VIIRS,n,2,310.68,2.15,D,0
15.6912,78.72508,337.8,0.4,0.44,2025-03-18,737,N20,VIIRS,l,2,312.49,2.3,D,0
15.69263,78.73312,367.0,0.4,0.44,2025-03-18,737,N20,VIIRS,h,2,313.05,11.89,D,0
15.69734,78.71259,342.47,0.4,0.44,2025-03-18,737,N20,VIIRS,n,2,313.06,2.88,D,0
15.69801,78.71638,337.58,0.4,0.44,2025-03-18,737,N20,VIIRS,l,2,312.05,2.88,D,0
15.70796,78.77253,336.36,0.4,0.44,2025-03-18,737,N20,VIIRS,l,2,309.17,3.3,D,0
15.75919,78.77493,348.6,0.4,0.44,2025-03-18,737,N20,VIIRS,n,2,310.74,4.35,D,0
15.77119,78.79533,345.41,0.4,0.44,2025-03-18,737,N20,VIIRS,n,2,308.91,4.53,D,0
15.79264,78.79916,343.57,0.4,0.44,2025-03-18,737,N20,VIIRS,n,2,310.06,9.11,D,0
15.7933,78.80288,341.92,0.4,0.44,2025-03-18,737,N20,VIIRS,n,2,308.38,2.58,D,0
15.79392,78.80634,336.55,0.4,0.44,2025-03-18,737,N20,VIIRS,l,2,308.5,2.58,D,0
15.80896,78.89046,341.16,0.39,0.44,2025-03-18,737,N20,VIIRS,n,2,310.61,2.95,D,0
15.81296,78.88978,351.12,0.39,0.44,2025-03-18,737,N20,VIIRS,n,2,313.53,9.19,D,0
15.82669,78.9206,336.45,0.39,0.44,2025-03-18,737,N20,VIIRS,l,2,310.03,2.66,D,0
15.82735,78.92437,335.15,0.39,0.44,2025-03-18,737,N20,VIIRS,l,2,310.07,2.66,D,0
15.83605,78.95026,342.05,0.39,0.44,2025-03-18,737,N20,VIIRS,n,2,310.71,5.11,D,0
15.84104,78.81487,341.47,0.4,0.44,2025-03-18,737,N20,VIIRS,n,2,310.68,3.17,D,0
15.8417,78.81864,338.57,0.4,0.44,2025-03-18,737,N20,VIIRS,n,2,308.26,3.17,D,0
15.84678,79.01088,339.69,0.38,0.44,2025-03-18,737,N20,VIIRS,l,2,311.38,2.57,D,0
15.85039,78.82099,335.9,0.4,0.44,2025-03-18,737,N20,VIIRS,l,2,309.25,3.03,D,0
15.85071,79.00996,354.2,0.38,0.44,2025-03-18,737,N20,VIIRS,n,2,317.17,9.9,D,0
15.85401,79.00548,341.7,0.39,0.44,2025-03-18,737,N20,VIIRS,n,2,311.5,9.9,D,0
15.85463,79.00902,343.16,0.38,0.44,2025-03-18,737,N20,VIIRS,n,2,310.35,9.9,D,0
15.85629,79.0416,337.37,0.38,0.43,2025-03-18,737,N20,VIIRS,l,2,308.27,5.05,D,0
15.87197,78.79651,344.3,0.4,0.44,2025-03-18,737,N20,VIIRS,n,2,313.13,4.06,D,0
15.8839,78.3103,346.7,0.42,0.45,2025-03-18,737,N20,VIIRS,l,2,320.37,14.78,D,0
15.88657,78.31303,347.39,0.42,0.45,2025-03-18,737,N20,VIIRS,l,2,321.36,13.19,D,0
15.91088,78.80547,346.02,0.39,0.44,2025-03-18,737,N20,VIIRS,n,2,314.41,3.56,D,0
15.92872,79.65827,334.6,0.53,0.42,2025-03-18,737,N20,VIIRS,l,2,307.83,3.93,D,0
15.95162,78.89557,341.75,0.39,0.44,2025-03-18,737,N20,VIIRS,n,2,311.17,2.68,D,0
15.95224,78.89909,335.86,0.39,0.44,2025-03-18,737,N20,VIIRS,l,2,309.78,1.81,D,0
15.95559,78.89476,342.59,0.39,0.44,2025-03-18,737,N20,VIIRS,n,2,312.66,3.4,D,0
15.96483,78.63763,342.95,0.4,0.44,2025-03-18,737,N20,VIIRS,n,2,312.0,5.64,D,0
15.99436,78.80116,351.52,0.39,0.44,2025-03-18,737,N20,VIIRS,n,2,313.28,4.94,D,0
15.99835,78.77734,348.82,0.4,0.44,2025-03-18,737,N20,VIIRS,n,2,313.62,4.83,D,0
16.05629,78.40171,338.06,0.42,0.45,2025-03-18,737,N20,VIIRS,l,2,311.55,5.45,D,0
16.06034,78.40066,344.82,0.42,0.45,2025-03-18,737,N20,VIIRS,n,2,310.95,6.12,D,0
16.08293,78.83498,367.0,0.39,0.44,2025-03-18,737,N20,VIIRS,h,2,314.2,7.83,D,0
16.0864,78.83125,350.08,0.39,0.44,2025-03-18,737,N20,VIIRS,n,2,315.29,8.19,D,0
16.08908,78.83702,341.15,0.39,0.44,2025-03-18,737,N20,VIIRS,n,2,312.92,3.35,D,0
16.11379,78.69841,342.19,0.4,0.44,2025-03-18,737,N20,VIIRS,l,2,312.48,3.34,D,0
16.14402,78.70493,356.34,0.4,0.44,2025-03-18,737,N20,VIIRS,n,2,317.95,7.7,D,0
16.14445,77.05511,346.29,0.5,0.49,2025-03-18,737,N20,VIIRS,n,2,309.37,6.24,D,0
16.14466,78.70852,339.2,0.4,0.44,2025-03-18,737,N20,VIIRS,n,2,311.44,7.7,D,0
16.14868,78.70781,346.91,0.4,0.44,2025-03-18,737,N20,VIIRS,n,2,313.25,6.98,D,0
16.1588,78.69457,342.39,0.4,0.44,2025-03-18,737,N20,VIIRS,n,2,310.39,3.77,D,0
16.16216,78.69007,344.83,0.4,0.44,2025-03-18,737,N20,VIIRS,n,2,314.4,7.97,D,0
16.16526,78.70773,348.84,0.4,0.44,2025-03-18,737,N20,VIIRS,n,2,314.59,7.22,D,0
16.2417,78.68774,342.85,0.4,0.44,2025-03-18,737,N20,VIIRS,n,2,309.84,4.65,D,0
16.24928,78.75379,344.36,0.39,0.44,2025-03-18,737,N20,VIIRS,n,2,312.84,5.84,D,0
16.24991,78.75738,350.57,0.39,0.44,2025-03-18,737,N20,VIIRS,n,2,315.32,5.84,D,0
16.25328,78.75311,351.94,0.39,0.44,2025-03-18,737,N20,VIIRS,n,2,310.88,5.84,D,0
16.25391,78.75667,341.76,0.39,0.44,2025-03-18,737,N20,VIIRS,n,2,311.53,5.84,D,0
16.3649,78.88464,344.17,0.38,0.44,2025-03-18,737,N20,VIIRS,n,2,314.91,2.64,D,0
16.41962,79.19384,340.01,0.55,0.43,2025-03-18,737,N20,VIIRS,n,2,313.17,5.41,D,0
16.42771,80.8668,335.71,0.45,0.39,2025-03-18,737,N20,VIIRS,l,2,309.14,1.98,D,0
16.43044,79.65496,346.41,0.52,0.42,2025-03-18,737,N20,VIIRS,n,2,310.97,8.7,D,0
16.44139,80.97191,348.34,0.45,0.39,2025-03-18,737,N20,VIIRS,n,2,312.38,6.72,D,0
16.47857,78.8183,345.06,0.39,0.44,2025-03-18,737,N20,VIIRS,n,2,312.65,4.66,D,0
16.52206,77.13223,345.95,0.49,0.49,2025-03-18,737,N20,VIIRS,n,2,316.98,16.52,D,0
16.55167,81.02533,339.11,0.44,0.39,2025-03-18,737,N20,VIIRS,n,2,305.58,3.17,D,0
16.55967,80.19733,337.64,0.49,0.4,2025-03-18,737,N20,VIIRS,l,2,312.44,4.14,D,0
16.57634,80.80324,343.08,0.45,0.39,2025-03-18,737,N20,VIIRS,n,2,309.51,8.65,D,0
16.57764,80.89794,336.58,0.45,0.39,2025-03-18,737,N20,VIIRS,l,2,309.47,1.99,D,0
16.5875,78.13748,338.45,0.42,0.45,2025-03-18,737,N20,VIIRS,n,2,312.52,2.35,D,0
16.6584,78.27972,338.77,0.41,0.45,2025-03-18,737,N20,VIIRS,l,2,310.11,3.41,D,0
16.70111,78.75198,347.63,0.39,0.44,2025-03-18,737,N20,VIIRS,l,2,318.02,9.22,D,0
16.72131,78.07491,346.84,0.42,0.46,2025-03-18,737,N20,VIIRS,n,2,312.75,7.03,D,0
16.76145,77.65847,343.22,0.45,0.47,2025-03-18,737,N20,VIIRS,n,2,315.93,6.51,D,0
16.76938,80.01756,344.27,0.49,0.4,2025-03-18,737,N20,VIIRS,n,2,311.35,11.93,D,0
16.81948,78.73656,339.68,0.39,0.44,2025-03-18,737,N20,VIIRS,l,2,314.25,5.36,D,0
16.84618,80.46654,334.48,0.47,0.4,2025-03-18,737,N20,VIIRS,l,2,307.58,3.21,D,0
16.91598,78.24181,347.4,0.41,0.45,2025-03-18,737,N20,VIIRS,n,2,314.15,7.51,D,0
16.94619,80.10384,338.32,0.49,0.4,2025-03-18,737,N20,VIIRS,n,2,307.51,3.6,D,0
16.97862,77.96186,344.08,0.43,0.46,2025-03-18,737,N20,VIIRS,l,2,316.3,7.58,D,0
16.99555,78.40569,336.98,0.4,0.44,2025-03-18,737,N20,VIIRS,l,2,311.91,3.05,D,0
16.99682,77.02666,343.96,0.49,0.48,2025-03-18,737,N20,VIIRS,n,2,314.68,7.5,D,0
17.01646,77.76308,343.26,0.44,0.46,2025-03-18,737,N20,VIIRS,n,2,312.59,4.34,D,0
17.03772,77.41055,341.22,0.46,0.47,2025-03-18,737,N20,VIIRS,l,2,315.85,6.18,D,0
17.07063,77.10523,345.29,0.48,0.48,2025-03-18,737,N20,VIIRS,l,2,316.65,11.0,D,0
17.0718,77.04025,345.06,0.49,0.48,2025-03-18,737,N20,VIIRS,l,2,317.95,13.08,D,0
17.07223,77.03975,344.94,0.49,0.48,2025-03-18,737,N20,VIIRS,l,2,317.44,11.18,D,0
17.07306,77.04427,345.18,0.49,0.48,2025-03-18,737,N20,VIIRS,l,2,317.66,11.69,D,0
17.1019,77.97069,352.66,0.42,0.46,2025-03-18,737,N20,VIIRS,n,2,317.57,12.01,D,0
17.10486,78.01067,345.25,0.42,0.45,2025-03-18,737,N20,VIIRS,n,2,318.31,7.66,D,0
17.10618,77.00512,345.23,0.49,0.48,2025-03-18,737,N20,VIIRS,l,2,316.27,10.4,D,0
17.12089,77.03481,343.44,0.49,0.48,2025-03-18,737,N20,VIIRS,l,2,315.85,8.78,D,0
17.13758,77.02665,341.94,0.49,0.48,2025-03-18,737,N20,VIIRS,l,2,315.93,9.39,D,0
17.13939,77.74369,337.54,0.44,0.46,2025-03-18,737,N20,VIIRS,l,2,310.73,3.25,D,0
17.16821,81.12968,335.48,0.43,0.38,2025-03-18,737,N20,VIIRS,l,2,308.07,4.46,D,0
17.16889,81.13373,348.41,0.43,0.38,2025-03-18,737,N20,VIIRS,n,2,307.76,10.07,D,0
17.17673,78.93313,335.08,0.56,0.43,2025-03-18,737,N20,VIIRS,l,2,309.51,3.55,D,0
17.17763,78.93829,337.54,0.56,0.43,2025-03-18,737,N20,VIIRS,l,2,311.63,6.94,D,0
17.21808,81.23661,336.6,0.43,0.38,2025-03-18,737,N20,VIIRS,n,2,308.98,2.03,D,0
17.2256,77.78502,335.71,0.43,0.46,2025-03-18,737,N20,VIIRS,l,2,310.69,4.25,D,0
17.23239,78.53751,343.4,0.39,0.44,2025-03-18,737,N20,VIIRS,n,2,314.29,4.01,D,0
17.30682,80.54796,336.42,0.46,0.39,2025-03-18,737,N20,VIIRS,n,2,304.77,4.79,D,0
17.30956,78.58958,338.48,0.39,0.44,2025-03-18,737,N20,VIIRS,l,2,311.82,1.89,D,0
17.31541,80.55534,336.4,0.46,0.39,2025-03-18,737,N20,VIIRS,n,2,305.17,3.51,D,0
17.32691,77.96283,337.68,0.42,0.45,2025-03-18,737,N20,VIIRS,l,2,312.01,3.82,D,0
17.33722,78.23033,344.0,0.41,0.45,2025-03-18,737,N20,VIIRS,l,2,316.22,6.8,D,0
17.34443,80.55319,341.96,0.46,0.39,2025-03-18,737,N20,VIIRS,n,2,308.5,6.7,D,0
17.35922,80.38798,339.59,0.46,0.39,2025-03-18,737,N20,VIIRS,n,2,310.92,5.35,D,0
17.37874,79.24897,334.27,0.53,0.42,2025-03-18,737,N20,VIIRS,l,2,307.98,4.22,D,0
17.40917,80.7462,342.13,0.45,0.39,2025-03-18,737,N20,VIIRS,n,2,306.64,6.25,D,0
17.40973,81.46518,343.3,0.42,0.38,2025-03-18,737,N20,VIIRS,n,2,306.36,7.37,D,0
17.41026,81.46486,347.62,0.42,0.38,2025-03-18,737,N20,VIIRS,n,2,306.5,10.75,D,0
17.4223,81.00172,334.71,0.44,0.38,2025-03-18,737,N20,VIIRS,n,2,306.25,1.98,D,0
17.43564,80.92438,333.95,0.44,0.38,2025-03-18,737,N20,VIIRS,l,2,308.6,1.95,D,0
17.43897,81.47139,334.78,0.42,0.38,2025-03-18,737,N20,VIIRS,n,2,302.29,3.29,D,0
17.43911,81.45079,330.89,0.42,0.38,2025-03-18,737,N20,VIIRS,l,2,303.81,2.52,D,0
17.44253,81.4501,331.0,0.42,0.38,2025-03-18,737,N20,VIIRS,l,2,304.0,1.12,D,0
17.44349,81.2832,334.29,0.43,0.38,2025-03-18,737,N20,VIIRS,l,2,307.23,1.9,D,0
17.44894,80.91769,338.78,0.44,0.38,2025-03-18,737,N20,VIIRS,n,2,308.69,4.35,D,0
17.45207,80.35909,333.53,0.46,0.39,2025-03-18,737,N20,VIIRS,l,2,308.04,1.08,D,0
17.45317,81.27725,332.59,0.43,0.38,2025-03-18,737,N20,VIIRS,l,2,307.13,1.47,D,0
17.46076,80.36659,338.71,0.46,0.39,2025-03-18,737,N20,VIIRS,n,2,306.97,1.97,D,0
17.46568,81.3321,339.72,0.42,0.38,2025-03-18,737,N20,VIIRS,n,2,305.13,3.38,D,0
17.4687,80.39141,335.19,0.46,0.39,2025-03-18,737,N20,VIIRS,l,2,308.68,4.89,D,0
17.47215,80.08357,339.04,0.48,0.4,2025-03-18,737,N20,VIIRS,n,2,310.83,8.38,D,0
17.48114,81.36176,332.75,0.42,0.38,2025-03-18,737,N20,VIIRS,l,2,305.96,2.73,D,0
17.48646,81.09926,337.02,0.43,0.38,2025-03-18,737,N20,VIIRS,n,2,307.55,4.01,D,0
17.49994,80.78957,343.09,0.44,0.39,2025-03-18,737,N20,VIIRS,n,2,307.25,2.76,D,0
17.50347,80.78896,334.32,0.44,0.39,2025-03-18,737,N20,VIIRS,l,2,306.94,2.76,D,0
17.52559,81.31396,334.33,0.42,0.38,2025-03-18,737,N20,VIIRS,l,2,306.15,2.96,D,0
17.53251,80.74577,347.04,0.45,0.39,2025-03-18,737,N20,VIIRS,n,2,311.64,6.58,D,0
17.53471,80.38847,335.18,0.46,0.39,2025-03-18,737,N20,VIIRS,l,2,309.19,4.11,D,0
17.53965,80.16892,344.73,0.47,0.4,2025-03-18,737,N20,VIIRS,n,2,310.02,4.34,D,0
17.54041,80.17336,337.16,0.47,0.4,2025-03-18,737,N20,VIIRS,l,2,309.5,4.34,D,0
17.55352,80.80603,338.22,0.44,0.39,2025-03-18,737,N20,VIIRS,l,2,308.37,3.59,D,0
17.59287,80.43654,335.81,0.46,0.39,2025-03-18,737,N20,VIIRS,l,2,310.36,3.58,D,0
17.60533,80.29218,337.74,0.47,0.39,2025-03-18,737,N20,VIIRS,l,2,309.25,2.57,D,0
17.61167,80.59042,338.17,0.45,0.39,2025-03-18,737,N20,VIIRS,l,2,310.54,4.34,D,0
17.61499,80.41493,341.5,0.46,0.39,2025-03-18,737,N20,VIIRS,n,2,311.01,5.27,D,0
17.63003,80.4167,339.45,0.46,0.39,2025-03-18,737,N20,VIIRS,n,2,310.98,3.06,D,0
17.63298,81.26225,347.43,0.43,0.38,2025-03-18,737,N20,VIIRS,n,2,312.96,7.95,D,0
17.64283,80.33907,344.38,0.46,0.39,2025-03-18,737,N20,VIIRS,n,2,318.17,35.88,D,0
17.64503,80.48417,340.99,0.46,0.39,2025-03-18,737,N20,VIIRS,l,2,314.65,6.17,D,0
17.64666,80.0491,341.23,0.48,0.4,2025-03-18,737,N20,VIIRS,l,2,313.87,4.16,D,0
17.68259,81.26182,340.2,0.42,0.38,2025-03-18,737,N20,VIIRS,n,2,307.99,2.07,D,0
17.68322,80.99406,337.93,0.43,0.38,2025-03-18,737,N20,VIIRS,l,2,312.63,2.45,D,0
17.69433,80.24072,343.97,0.47,0.4,2025-03-18,737,N20,VIIRS,l,2,315.79,7.24,D,0
17.69509,80.24519,340.45,0.47,0.4,2025-03-18,737,N20,VIIRS,l,2,312.04,7.24,D,0
17.70086,80.10344,343.19,0.47,0.4,2025-03-18,737,N20,VIIRS,n,2,312.5,5.52,D,0
17.73434,80.56394,344.42,0.45,0.39,2025-03-18,737,N20,VIIRS,n,2,311.73,5.17,D,0
17.75276,80.56488,348.61,0.45,0.39,2025-03-18,737,N20,VIIRS,n,2,314.54,6.41,D,0
17.81178,80.72253,343.47,0.44,0.39,2025-03-18,737,N20,VIIRS,n,2,308.64,5.38,D,0
17.81245,80.72657,336.62,0.44,0.39,2025-03-18,737,N20,VIIRS,l,2,307.99,3.37,D,0
17.81596,80.72591,345.99,0.44,0.39,2025-03-18,737,N20,VIIRS,n,2,309.16,4.41,D,0
17.81663,80.72995,341.89,0.44,0.39,2025-03-18,737,N20,VIIRS,n,2,307.95,4.41,D,0
17.8173,80.73397,332.95,0.44,0.39,2025-03-18,737,N20,VIIRS,l,2,307.91,3.4,D,0
17.84235,81.48833,338.57,0.42,0.37,2025-03-18,737,N20,VIIRS,l,2,308.93,2.37,D,0
17.84463,81.37497,338.34,0.42,0.38,2025-03-18,737,N20,VIIRS,l,2,312.68,1.49,D,0
17.85324,81.46993,337.88,0.42,0.37,2025-03-18,737,N20,VIIRS,l,2,312.85,3.19,D,0
17.25047,77.31123,345.38,0.46,0.47,2025-03-18,738,N20,VIIRS,n,2,318.4,10.89,D,0
17.49867,77.23404,344.57,0.46,0.47,2025-03-18,738,N20,VIIRS,l,2,318.43,14.48,D,0
17.54486,78.97987,338.91,0.55,0.42,2025-03-18,738,N20,VIIRS,l,2,312.64,6.15,D,0
17.56394,78.23211,343.61,0.4,0.44,2025-03-18,738,N20,VIIRS,n,2,314.15,3.7,D,0
17.56494,77.05396,344.89,0.48,0.48,2025-03-18,738,N20,VIIRS,l,2,318.68,6.26,D,0
17.56797,78.23131,342.1,0.4,0.44,2025-03-18,738,N20,VIIRS,n,2,312.88,3.7,D,0
17.57207,79.24212,335.89,0.53,0.42,2025-03-18,738,N20,VIIRS,l,2,310.33,2.92,D,0
17.57607,78.32229,344.17,0.4,0.44,2025-03-18,738,N20,VIIRS,n,2,312.1,3.37,D,0
17.6134,77.07231,347.54,0.47,0.48,2025-03-18,738,N20,VIIRS,l,2,317.72,6.74,D,0
17.61375,77.06843,342.68,0.47,0.48,2025-03-18,738,N20,VIIRS,l,2,315.4,11.54,D,0
17.61459,77.07279,346.83,0.47,0.48,2025-03-18,738,N20,VIIRS,n,2,318.97,11.36,D,0
17.61776,77.0715,345.11,0.47,0.48,2025-03-18,738,N20,VIIRS,l,2,318.4,6.74,D,0
17.61843,77.43513,354.53,0.45,0.47,2025-03-18,738,N20,VIIRS,n,2,317.18,18.44,D,0
17.6215,77.78384,344.87,0.43,0.46,2025-03-18,738,N20,VIIRS,l,2,317.73,5.76,D,0
17.62645,77.19176,343.98,0.47,0.47,2025-03-18,738,N20,VIIRS,l,2,316.12,8.56,D,0
17.63157,77.19532,344.75,0.47,0.47,2025-03-18,738,N20,VIIRS,l,2,317.2,10.35,D,0
17.63255,77.72012,344.89,0.43,0.46,2025-03-18,738,N20,VIIRS,n,2,319.86,7.37,D,0
17.65951,78.31782,342.42,0.4,0.44,2025-03-18,738,N20,VIIRS,n,2,311.22,3.43,D,0
17.66449,78.65603,344.31,0.57,0.43,2025-03-18,738,N20,VIIRS,l,2,316.01,9.21,D,0
17.69528,77.44995,344.53,0.45,0.47,2025-03-18,738,N20,VIIRS,n,2,315.01,5.77,D,0
17.69547,79.19085,336.48,0.53,0.42,2025-03-18,738,N20,VIIRS,l,2,306.68,4.76,D,0
17.69571,77.44963,344.04,0.45,0.47,2025-03-18,738,N20,VIIRS,n,2,314.56,5.69,D,0
17.70179,79.55957,341.63,0.51,0.41,2025-03-18,738,N20,VIIRS,n,2,313.54,7.87,D,0
17.77429,80.20065,342.42,0.47,0.4,2025-03-18,738,N20,VIIRS,n,2,311.41,6.63,D,0
17.77576,80.20924,347.61,0.47,0.4,2025-03-18,738,N20,VIIRS,n,2,312.31,4.06,D,0
17.79265,78.24523,349.95,0.4,0.44,2025-03-18,738,N20,VIIRS,n,2,311.87,5.26,D,0
17.80327,80.08636,341.92,0.47,0.4,2025-03-18,738,N20,VIIRS,n,2,311.41,2.09,D,0
17.80764,80.09012,335.77,0.47,0.4,2025-03-18,738,N20,VIIRS,l,2,310.18,2.09,D,0
17.82943,80.01864,341.63,0.48,0.4,2025-03-18,738,N20,VIIRS,l,2,312.14,6.34,D,0
17.84019,80.08074,339.17,0.47,0.4,2025-03-18,738,N20,VIIRS,l,2,312.51,3.25,D,0
17.8473,80.78056,350.85,0.44,0.38,2025-03-18,738,N20,VIIRS,n,2,312.38,8.5,D,0
17.86728,78.008,341.18,0.41,0.45,2025-03-18,738,N20,VIIRS,l,2,315.34,7.01,D,0
17.8717,80.02472,333.47,0.48,0.4,2025-03-18,738,N20,VIIRS,l,2,308.14,5.42,D,0
17.87659,80.45654,341.33,0.46,0.39,2025-03-18,738,N20,VIIRS,l,2,315.94,4.28,D,0
17.87856,80.62139,339.28,0.45,0.39,2025-03-18,738,N20,VIIRS,n,2,310.6,3.73,D,0
17.88267,77.40045,345.29,0.45,0.47,2025-03-18,738,N20,VIIRS,l,2,318.45,11.2,D,0
17.88649,80.06749,343.74,0.47,0.4,2025-03-18,738,N20,VIIRS,n,2,313.1,7.59,D,0
17.89827,78.52119,342.11,0.57,0.43,2025-03-18,738,N20,VIIRS,n,2,312.8,6.6,D,0
17.90321,78.75093,339.71,0.56,0.43,2025-03-18,738,N20,VIIRS,n,2,312.75,4.67,D,0
17.90648,77.10692,367.0,0.47,0.47,2025-03-18,738,N20,VIIRS,h,2,316.92,13.02,D,0
17.90665,80.65919,350.12,0.45,0.39,2025-03-18,738,N20,VIIRS,n,2,308.31,4.68,D,0
17.90743,80.38587,342.0,0.46,0.39,2025-03-18,738,N20,VIIRS,n,2,313.97,3.73,D,0
17.90927,80.99998,337.83,0.43,0.38,2025-03-18,738,N20,VIIRS,l,2,311.28,4.22,D,0
17.91522,80.01639,337.08,0.48,0.4,2025-03-18,738,N20,VIIRS,l,2,311.12,5.71,D,0
17.92792,80.76569,338.76,0.44,0.38,2025-03-18,738,N20,VIIRS,n,2,310.95,2.81,D,0
17.93197,80.204,338.2,0.47,0.39,2025-03-18,738,N20,VIIRS,l,2,313.02,5.23,D,0
17.95535,80.43032,335.93,0.46,0.39,2025-03-18,738,N20,VIIRS,l,2,309.92,2.91,D,0
17.9772,81.17397,335.94,0.43,0.38,2025-03-18,738,N20,VIIRS,l,2,307.53,2.84,D,0
17.98022,80.46947,351.57,0.45,0.39,2025-03-18,738,N20,VIIRS,n,2,311.19,8.4,D,0
17.98066,81.17345,339.14,0.43,0.38,2025-03-18,738,N20,VIIRS,n,2,306.02,2.84,D,0
17.98094,80.47376,339.08,0.45,0.39,2025-03-18,738,N20,VIIRS,n,2,309.24,3.67,D,0
17.98631,81.16459,336.15,0.43,0.38,2025-03-18,738,N20,VIIRS,n,2,305.68,1.86,D,0
17.98978,81.16413,333.12,0.43,0.38,2025-03-18,738,N20,VIIRS,l,2,305.87,1.45,D,0
18.0026,80.97129,338.27,0.43,0.38,2025-03-18,738,N20,VIIRS,l,2,310.24,2.96,D,0
18.0128,80.86044,344.61,0.44,0.38,2025-03-18,738,N20,VIIRS,n,2,314.6,12.52,D,0
18.0165,80.96882,335.02,0.43,0.38,2025-03-18,738,N20,VIIRS,l,2,308.79,5.39,D,0
18.01801,80.45908,343.22,0.45,0.39,2025-03-18,738,N20,VIIRS,n,2,308.87,3.45,D,0
18.02122,77.84231,338.27,0.42,0.45,2025-03-18,738,N20,VIIRS,l,2,311.72,2.26,D,0
18.02533,81.00041,337.98,0.43,0.38,2025-03-18,738,N20,VIIRS,n,2,312.94,3.46,D,0
18.02667,81.00851,342.1,0.43,0.38,2025-03-18,738,N20,VIIRS,n,2,310.68,3.62,D,0
18.02674,78.49374,340.46,0.57,0.43,2025-03-18,738,N20,VIIRS,l,2,314.83,7.18,D,0
18.03036,81.43508,338.07,0.42,0.37,2025-03-18,738,N20,VIIRS,l,2,312.6,2.8,D,0
18.03135,81.46288,338.59,0.42,0.37,2025-03-18,738,N20,VIIRS,l,2,311.59,2.03,D,0
18.03566,81.44613,338.19,0.42,0.37,2025-03-18,738,N20,VIIRS,l,2,312.87,2.84,D,0
18.04096,81.45718,337.21,0.42,0.37,2025-03-18,738,N20,VIIRS,l,2,310.71,2.83,D,0
18.04503,81.31202,338.98,0.42,0.38,2025-03-18,738,N20,VIIRS,l,2,311.25,1.89,D,0
18.05206,80.65962,335.74,0.44,0.39,2025-03-18,738,N20,VIIRS,l,2,308.53,1.59,D,0
18.05347,81.21328,338.91,0.42,0.38,2025-03-18,738,N20,VIIRS,n,2,309.65,2.08,D,0
18.05912,80.3772,340.89,0.46,0.39,2025-03-18,738,N20,VIIRS,n,2,310.16,3.24,D,0
18.08657,77.29997,346.66,0.45,0.47,2025-03-18,738,N20,VIIRS,n,2,319.34,7.82,D,0
18.09004,77.29491,346.83,0.45,0.47,2025-03-18,738,N20,VIIRS,n,2,318.28,7.22,D,0
18.09105,78.35934,338.19,0.39,0.44,2025-03-18,738,N20,VIIRS,l,2,312.64,3.5,D,0
18.09739,80.97153,341.93,0.43,0.38,2025-03-18,738,N20,VIIRS,n,2,311.46,3.61,D,0
18.0987,79.66452,339.16,0.49,0.4,2025-03-18,738,N20,VIIRS,n,2,309.26,4.32,D,0
18.10242,81.38242,339.91,0.42,0.37,2025-03-18,738,N20,VIIRS,l,2,311.2,2.98,D,0
18.10878,81.42136,336.53,0.42,0.37,2025-03-18,738,N20,VIIRS,l,2,311.39,1.87,D,0
18.11049,77.10324,340.72,0.46,0.47,2025-03-18,738,N20,VIIRS,l,2,314.41,2.03,D,0
18.11147,80.2176,341.4,0.46,0.39,2025-03-18,738,N20,VIIRS,n,2,312.69,3.41,D,0
18.1122,80.2219,338.07,0.46,0.39,2025-03-18,738,N20,VIIRS,l,2,312.19,2.97,D,0
18.11579,80.22121,340.19,0.46,0.39,2025-03-18,738,N20,VIIRS,n,2,311.69,2.34,D,0
18.11775,80.77105,341.55,0.44,0.38,2025-03-18,738,N20,VIIRS,n,2,309.35,7.28,D,0
18.12213,80.38808,339.07,0.46,0.39,2025-03-18,738,N20,VIIRS,n,2,309.02,3.17,D,0
18.12268,80.30505,337.68,0.46,0.39,2025-03-18,738,N20,VIIRS,l,2,312.08,4.47,D,0
18.13526,78.39951,348.16,0.38,0.44,2025-03-18,738,N20,VIIRS,n,2,314.4,9.08,D,0
18.13777,79.00307,335.16,0.53,0.42,2025-03-18,738,N20,VIIRS,l,2,308.69,3.0,D,0
18.14046,80.84287,340.7,0.44,0.38,2025-03-18,738,N20,VIIRS,n,2,310.03,3.18,D,0
18.14751,78.28458,338.38,0.39,0.44,2025-03-18,738,N20,VIIRS,l,2,311.93,6.37,D,0
18.15049,80.9035,338.65,0.43,0.38,2025-03-18,738,N20,VIIRS,l,2,312.16,4.31,D,0
18.15933,80.93534,334.9,0.43,0.38,2025-03-18,738,N20,VIIRS,l,2,309.62,1.74,D,0
18.16098,79.97884,339.76,0.47,0.4,2025-03-18,738,N20,VIIRS,l,2,309.89,3.37,D,0
18.17062,81.00391,335.63,0.43,0.38,2025-03-18,738,N20,VIIRS,l,2,309.16,1.42,D,0
18.17988,80.97344,337.66,0.43,0.38,2025-03-18,738,N20,VIIRS,l,2,308.31,3.91,D,0
18.18758,80.31903,339.12,0.46,0.39,2025-03-18,738,N20,VIIRS,n,2,308.33,2.38,D,0
18.18827,80.27915,341.63,0.46,0.39,2025-03-18,738,N20,VIIRS,n,2,307.99,3.41,D,0
18.18828,80.32327,339.5,0.46,0.39,2025-03-18,738,N20,VIIRS,n,2,308.83,2.96,D,0
18.18899,80.32748,336.76,0.46,0.39,2025-03-18,738,N20,VIIRS,n,2,308.82,2.96,D,0
18.18968,80.35355,336.95,0.46,0.39,2025-03-18,738,N20,VIIRS,l,2,311.73,3.86,D,0
18.19058,80.27939,335.27,0.46,0.39,2025-03-18,738,N20,VIIRS,l,2,308.07,2.13,D,0
18.19131,78.08437,341.25,0.4,0.44,2025-03-18,738,N20,VIIRS,n,2,313.4,2.31,D,0
18.19182,80.34441,344.98,0.46,0.39,2025-03-18,738,N20,VIIRS,n,2,310.16,3.82,D,0
18.20611,78.88464,337.25,0.54,0.42,2025-03-18,738,N20,VIIRS,l,2,311.46,4.48,D,0
18.20813,80.39834,341.9,0.45,0.39,2025-03-18,738,N20,VIIRS,n,2,311.33,3.31,D,0
18.21125,81.16518,335.88,0.42,0.38,2025-03-18,738,N20,VIIRS,l,2,308.51,2.35,D,0
18.21751,78.0677,336.67,0.4,0.44,2025-03-18,738,N20,VIIRS,l,2,311.62,6.24,D,0
18.22126,80.78239,338.82,0.44,0.38,2025-03-18,738,N20,VIIRS,l,2,308.93,4.18,D,0
18.22477,80.78185,337.74,0.44,0.38,2025-03-18,738,N20,VIIRS,l,2,309.14,2.41,D,0
18.22616,80.79021,336.13,0.44,0.38,2025-03-18,738,N20,VIIRS,l,2,308.08,2.62,D,0
18.22683,80.7942,334.41,0.44,0.38,2025-03-18,738,N20,VIIRS,l,2,308.22,2.62,D,0
18.22979,80.27177,342.38,0.46,0.39,2025-03-18,738,N20,VIIRS,n,2,311.84,8.31,D,0
18.2302,80.40352,340.02,0.45,0.39,2025-03-18,738,N20,VIIRS,l,2,310.68,7.38,D,0
18.23187,79.71626,336.5,0.49,0.4,2025-03-18,738,N20,VIIRS,l,2,308.73,5.02,D,0
18.23375,80.40286,339.14,0.45,0.39,2025-03-18,738,N20,VIIRS,l,2,310.17,3.8,D,0
18.23508,80.36766,335.81,0.45,0.39,2025-03-18,738,N20,VIIRS,l,2,309.88,4.14,D,0
18.2373,80.40221,347.26,0.45,0.39,2025-03-18,738,N20,VIIRS,n,2,311.44,3.8,D,0
18.24085,80.40155,342.6,0.45,0.39,2025-03-18,738,N20,VIIRS,n,2,310.81,3.56,D,0
18.24938,80.40869,348.04,0.45,0.39,2025-03-18,738,N20,VIIRS,n,2,310.37,6.43,D,0
18.25007,80.73895,339.25,0.44,0.38,2025-03-18,738,N20,VIIRS,l,2,311.26,4.5,D,0
18.25075,80.74307,337.33,0.44,0.38,2025-03-18,738,N20,VIIRS,l,2,311.08,2.67,D,0
18.25143,80.74721,338.2,0.44,0.38,2025-03-18,738,N20,VIIRS,n,2,310.97,2.67,D,0
18.25213,80.79511,336.26,0.44,0.38,2025-03-18,738,N20,VIIRS,l,2,308.15,2.49,D,0
18.25425,80.87302,338.79,0.43,0.38,2025-03-18,738,N20,VIIRS,n,2,309.5,3.8,D,0
18.2556,79.93944,339.53,0.48,0.4,2025-03-18,738,N20,VIIRS,n,2,312.65,6.69,D,0
18.25874,80.68217,337.49,0.44,0.38,2025-03-18,738,N20,VIIRS,l,2,311.11,2.27,D,0
18.25944,80.68239,337.76,0.44,0.38,2025-03-18,738,N20,VIIRS,n,2,311.19,2.48,D,0
18.2601,80.69042,338.31,0.44,0.38,2025-03-18,738,N20,VIIRS,l,2,311.07,3.53,D,0
18.26083,80.69061,343.31,0.44,0.38,2025-03-18,738,N20,VIIRS,n,2,311.7,3.82,D,0
18.26361,80.68979,344.01,0.44,0.38,2025-03-18,738,N20,VIIRS,n,2,311.14,3.53,D,0
18.26388,80.0517,336.03,0.47,0.4,2025-03-18,738,N20,VIIRS,l,2,310.89,3.07,D,0
18.26434,80.69,340.74,0.44,0.38,2025-03-18,738,N20,VIIRS,l,2,310.94,3.82,D,0
18.26748,80.05103,339.27,0.47,0.4,2025-03-18,738,N20,VIIRS,l,2,310.87,4.03,D,0
18.26785,80.68938,335.11,0.44,0.38,2025-03-18,738,N20,VIIRS,l,2,309.99,4.34,D,0
18.28417,77.3556,342.75,0.44,0.46,2025-03-18,738,N20,VIIRS,l,2,317.52,5.64,D,0
18.28839,80.33585,337.94,0.46,0.39,2025-03-18,738,N20,VIIRS,l,2,311.49,3.48,D,0
18.29278,80.04665,338.74,0.47,0.4,2025-03-18,738,N20,VIIRS,l,2,309.67,6.17,D,0
18.29352,80.05094,354.21,0.47,0.4,2025-03-18,738,N20,VIIRS,n,2,312.18,6.17,D,0
18.29417,78.90079,335.71,0.54,0.42,2025-03-18,738,N20,VIIRS,n,2,309.45,6.07,D,0
18.29431,78.1646,343.06,0.39,0.44,2025-03-18,738,N20,VIIRS,l,2,316.2,7.8,D,0
18.29499,78.16832,343.3,0.39,0.44,2025-03-18,738,N20,VIIRS,l,2,314.36,7.1,D,0
18.29507,78.90579,338.4,0.54,0.42,2025-03-18,738,N20,VIIRS,n,2,309.81,6.07,D,0
18.2954,80.68143,342.12,0.44,0.38,2025-03-18,738,N20,VIIRS,n,2,308.68,3.45,D,0
18.29549,80.25604,335.95,0.46,0.39,2025-03-18,738,N20,VIIRS,l,2,308.52,4.44,D,0
18.29564,80.04162,339.86,0.47,0.4,2025-03-18,738,N20,VIIRS,l,2,312.4,8.62,D,0
18.2964,80.04604,339.58,0.47,0.4,2025-03-18,738,N20,VIIRS,n,2,309.08,6.39,D,0
18.2969,80.25478,338.21,0.46,0.39,2025-03-18,738,N20,VIIRS,l,2,308.42,3.61,D,0
18.29849,80.03651,345.25,0.47,0.4,2025-03-18,738,N20,VIIRS,n,2,309.39,8.62,D,0
18.30209,80.03584,347.78,0.47,0.4,2025-03-18,738,N20,VIIRS,n,2,309.08,6.4,D,0
18.30295,78.1437,351.65,0.4,0.44,2025-03-18,738,N20,VIIRS,n,2,314.62,7.54,D,0
18.3057,80.03516,342.27,0.47,0.4,2025-03-18,738,N20,VIIRS,n,2,307.49,6.4,D,0
18.3066,81.47093,334.69,0.41,0.37,2025-03-18,738,N20,VIIRS,l,2,307.71,2.91,D,0
18.30893,78.08506,345.87,0.4,0.44,2025-03-18,738,N20,VIIRS,n,2,314.62,5.95,D,0
18.31007,77.99903,340.6,0.4,0.45,2025-03-18,738,N20,VIIRS,l,2,313.74,4.71,D,0
18.31075,78.00275,345.63,0.4,0.44,2025-03-18,738,N20,VIIRS,n,2,310.59,7.31,D,0
18.31429,80.02003,338.75,0.47,0.4,2025-03-18,738,N20,VIIRS,l,2,309.9,5.67,D,0
18.31503,80.02438,347.16,0.47,0.4,2025-03-18,738,N20,VIIRS,n,2,309.6,5.2,D,0
18.33273,80.28,340.24,0.46,0.39,2025-03-18,738,N20,VIIRS,n,2,311.27,2.91,D,0
18.33773,80.28782,336.04,0.46,0.39,2025-03-18,738,N20,VIIRS,n,2,309.26,2.32,D,0
18.3413,80.28716,339.67,0.46,0.39,2025-03-18,738,N20,VIIRS,n,2,308.14,2.32,D,0
18.34307,77.48698,346.52,0.43,0.46,2025-03-18,738,N20,VIIRS,n,2,315.4,8.79,D,0
18.3555,80.26248,335.06,0.46,0.39,2025-03-18,738,N20,VIIRS,l,2,308.31,3.73,D,0
18.35848,80.32355,343.57,0.46,0.39,2025-03-18,738,N20,VIIRS,n,2,307.8,3.43,D,0
18.36119,80.25261,334.32,0.46,0.39,2025-03-18,738,N20,VIIRS,l,2,307.65,2.61,D,0
18.36283,80.34921,339.47,0.45,0.39,2025-03-18,738,N20,VIIRS,l,2,310.43,6.64,D,0
18.36625,80.28262,353.6,0.46,0.39,2025-03-18,738,N20,VIIRS,n,2,312.1,18.52,D,0
18.36638,80.34854,348.15,0.45,0.39,2025-03-18,738,N20,VIIRS,n,2,310.49,6.64,D,0
18.36663,79.24119,338.78,0.51,0.41,2025-03-18,738,N20,VIIRS,l,2,310.73,9.65,D,0
18.36709,80.35278,338.55,0.45,0.39,2025-03-18,738,N20,VIIRS,l,2,308.88,3.55,D,0
18.36956,80.88952,341.07,0.43,0.38,2025-03-18,738,N20,VIIRS,n,2,311.47,4.78,D,0
18.36982,80.28197,342.6,0.46,0.39,2025-03-18,738,N20,VIIRS,l,2,314.57,18.52,D,0
18.36991,80.04089,345.16,0.47,0.4,2025-03-18,738,N20,VIIRS,n,2,310.43,6.32,D,0
18.36993,80.34786,336.62,0.45,0.39,2025-03-18,738,N20,VIIRS,n,2,308.02,3.12,D,0
18.37141,80.04223,336.78,0.47,0.4,2025-03-18,738,N20,VIIRS,l,2,309.12,4.55,D,0
18.37207,80.36057,336.59,0.45,0.39,2025-03-18,738,N20,VIIRS,l,2,309.04,2.08,D,0
18.37304,80.88889,340.62,0.43,0.38,2025-03-18,738,N20,VIIRS,n,2,309.73,2.68,D,0
18.37338,80.28132,346.53,0.46,0.39,2025-03-18,738,N20,VIIRS,n,2,309.43,10.65,D,0
18.3741,80.28557,346.64,0.46,0.39,2025-03-18,738,N20,VIIRS,n,2,311.45,10.65,D,0
18.3763,78.0399,339.95,0.4,0.44,2025-03-18,738,N20,VIIRS,l,2,310.83,5.43,D,0
18.38059,80.36768,337.56,0.45,0.39,2025-03-18,738,N20,VIIRS,l,2,312.07,4.45,D,0
18.38686,80.23019,342.15,0.46,0.39,2025-03-18,738,N20,VIIRS,n,2,312.0,4.08,D,0
18.38758,80.23447,342.9,0.46,0.39,2025-03-18,738,N20,VIIRS,n,2,311.23,3.83,D,0
18.38824,80.19444,339.82,0.46,0.39,2025-03-18,738,N20,VIIRS,l,2,311.36,3.09,D,0
18.3911,80.18945,338.36,0.46,0.39,2025-03-18,738,N20,VIIRS,l,2,311.21,3.09,D,0
18.39544,80.52106,347.55,0.45,0.39,2025-03-18,738,N20,VIIRS,n,2,313.57,8.29,D,0
18.40618,80.17922,343.55,0.46,0.39,2025-03-18,738,N20,VIIRS,n,2,312.78,9.72,D,0
18.40976,80.17857,349.33,0.46,0.39,2025-03-18,738,N20,VIIRS,n,2,314.54,9.72,D,0
18.41442,80.24866,338.63,0.46,0.39,2025-03-18,738,N20,VIIRS,n,2,307.3,6.31,D,0
18.42171,80.0102,337.92,0.47,0.4,2025-03-18,738,N20,VIIRS,l,2,312.25,3.6,D,0
18.42531,80.00953,337.58,0.47,0.4,2025-03-18,738,N20,VIIRS,l,2,311.92,3.6,D,0
18.42899,79.89959,336.13,0.48,0.4,2025-03-18,738,N20,VIIRS,l,2,309.75,1.61,D,0
18.43336,79.90331,334.88,0.48,0.4,2025-03-18,738,N20,VIIRS,l,2,309.42,6.45,D,0
18.43513,78.60827,339.16,0.56,0.43,2025-03-18,738,N20,VIIRS,l,2,313.97,5.97,D,0
18.43563,80.20041,344.27,0.46,0.39,2025-03-18,738,N20,VIIRS,l,2,316.38,58.86,D,0
18.43623,79.89816,337.46,0.48,0.4,2025-03-18,738,N20,VIIRS,l,2,311.1,8.69,D,0
18.43677,80.31487,340.76,0.45,0.39,2025-03-18,738,N20,VIIRS,n,2,309.2,6.57,D,0
18.43701,80.1869,342.64,0.46,0.39,2025-03-18,738,N20,VIIRS,l,2,312.95,8.78,D,0
18.43903,78.60761,341.91,0.56,0.43,2025-03-18,738,N20,VIIRS,l,2,312.36,5.97,D,0
18.4391,79.89301,342.93,0.48,0.4,2025-03-18,738,N20,VIIRS,n,2,311.59,4.1,D,0
18.43983,80.02931,336.19,0.47,0.4,2025-03-18,738,N20,VIIRS,l,2,309.43,3.44,D,0
18.44033,80.31422,342.46,0.45,0.39,2025-03-18,738,N20,VIIRS,n,2,308.52,6.57,D,0
18.44059,80.18623,355.36,0.46,0.39,2025-03-18,738,N20,VIIRS,n,2,315.02,8.78,D,0
18.44388,80.31355,344.29,0.45,0.39,2025-03-18,738,N20,VIIRS,n,2,311.11,10.42,D,0
18.44417,80.42252,340.63,0.45,0.39,2025-03-18,738,N20,VIIRS,n,2,311.99,2.78,D,0
18.44816,80.31712,344.18,0.45,0.39,2025-03-18,738,N20,VIIRS,n,2,307.57,10.42,D,0
18.44834,78.41229,343.9,0.57,0.43,2025-03-18,738,N20,VIIRS,n,2,315.18,7.21,D,0
18.44913,79.71138,341.42,0.48,0.4,2025-03-18,738,N20,VIIRS,n,2,311.66,8.93,D,0
18.45066,80.2021,336.4,0.46,0.39,2025-03-18,738,N20,VIIRS,l,2,309.49,2.27,D,0
18.45914,78.05493,339.5,0.4,0.44,2025-03-18,738,N20,VIIRS,l,2,313.3,3.96,D,0
18.45957,78.24763,343.69,0.39,0.44,2025-03-18,738,N20,VIIRS,n,2,311.43,3.21,D,0
18.46354,78.24683,355.64,0.39,0.44,2025-03-18,738,N20,VIIRS,n,2,319.27,27.34,D,0
18.46561,79.98375,343.84,0.47,0.4,2025-03-18,738,N20,VIIRS,n,2,311.33,4.76,D,0
18.46593,79.98048,344.59,0.47,0.4,2025-03-18,738,N20,VIIRS,n,2,312.91,5.16,D,0
18.467,80.16794,341.67,0.46,0.39,2025-03-18,738,N20,VIIRS,l,2,312.88,4.68,D,0
18.47084,78.24169,337.35,0.39,0.44,2025-03-18,738,N20,VIIRS,l,2,311.55,0.92,D,0
18.47505,79.99558,335.81,0.47,0.4,2025-03-18,738,N20,VIIRS,l,2,309.88,2.09,D,0
18.4762,79.99669,341.77,0.47,0.4,2025-03-18,738,N20,VIIRS,n,2,310.15,4.89,D,0
18.4798,79.99603,349.44,0.47,0.4,2025-03-18,738,N20,VIIRS,n,2,311.85,4.89,D,0
18.4799,80.1788,337.46,0.46,0.39,2025-03-18,738,N20,VIIRS,l,2,311.09,3.14,D,0
18.48188,78.55322,353.55,0.56,0.43,2025-03-18,738,N20,VIIRS,n,2,315.1,11.54,D,0
18.49709,79.90168,338.11,0.47,0.4,2025-03-18,738,N20,VIIRS,l,2,310.26,3.96,D,0
18.5014,80.89929,347.45,0.43,0.38,2025-03-18,738,N20,VIIRS,n,2,314.29,4.68,D,0
18.50213,80.24548,335.38,0.46,0.39,2025-03-18,738,N20,VIIRS,n,2,309.84,1.92,D,0
18.50224,79.9099,335.94,0.47,0.4,2025-03-18,738,N20,VIIRS,l,2,308.49,4.33,D,0
18.50282,78.31373,338.09,0.38,0.43,2025-03-18,738,N20,VIIRS,l,2,311.94,3.18,D,0
18.50409,78.31338,341.22,0.38,0.44,2025-03-18,738,N20,VIIRS,l,2,312.33,2.33,D,0
18.50587,79.90923,349.96,0.47,0.4,2025-03-18,738,N20,VIIRS,n,2,311.59,10.11,D,0
18.50997,80.24845,335.71,0.46,0.39,2025-03-18,738,N20,VIIRS,l,2,309.3,2.06,D,0
18.5124,80.24905,338.12,0.46,0.39,2025-03-18,738,N20,VIIRS,l,2,309.81,6.25,D,0
18.51354,80.24781,355.53,0.46,0.39,2025-03-18,738,N20,VIIRS,n,2,311.86,6.74,D,0
18.51425,80.25206,340.39,0.46,0.39,2025-03-18,738,N20,VIIRS,n,2,309.98,6.74,D,0
18.51597,80.24841,347.75,0.46,0.39,2025-03-18,738,N20,VIIRS,n,2,308.57,6.25,D,0
18.52225,80.69161,330.69,0.44,0.38,2025-03-18,738,N20,VIIRS,l,2,305.29,1.38,D,0
18.52236,78.48568,340.13,0.56,0.43,2025-03-18,738,N20,VIIRS,l,2,310.87,5.09,D,0
18.52991,80.69439,338.72,0.44,0.38,2025-03-18,738,N20,VIIRS,n,2,305.93,4.31,D,0
18.53127,80.33755,335.59,0.45,0.39,2025-03-18,738,N20,VIIRS,l,2,309.84,4.93,D,0
18.53441,80.22733,337.05,0.46,0.39,2025-03-18,738,N20,VIIRS,n,2,308.81,2.68,D,0
18.53724,80.22236,337.63,0.46,0.39,2025-03-18,738,N20,VIIRS,n,2,309.5,3.65,D,0
18.54947,80.25096,334.3,0.46,0.39,2025-03-18,738,N20,VIIRS,l,2,308.57,4.38,D,0
18.55072,80.71128,342.27,0.44,0.38,2025-03-18,738,N20,VIIRS,n,2,309.67,6.88,D,0
18.55092,80.25947,336.64,0.46,0.39,2025-03-18,738,N20,VIIRS,l,2,311.31,6.54,D,0
18.55138,80.86618,337.78,0.43,0.38,2025-03-18,738,N20,VIIRS,l,2,312.11,4.81,D,0
18.55353,80.70654,344.99,0.44,0.38,2025-03-18,738,N20,VIIRS,n,2,311.7,6.22,D,0
18.55682,80.12082,341.67,0.46,0.39,2025-03-18,738,N20,VIIRS,n,2,309.83,3.36,D,0
18.55735,78.06921,354.27,0.4,0.44,2025-03-18,738,N20,VIIRS,n,2,313.37,7.28,D,0
18.5576,78.54648,333.54,0.56,0.43,2025-03-18,738,N20,VIIRS,n,2,307.74,2.74,D,0
18.55854,80.49691,349.63,0.45,0.39,2025-03-18,738,N20,VIIRS,n,2,317.28,10.46,D,0
18.55864,80.49771,342.37,0.45,0.39,2025-03-18,738,N20,VIIRS,l,2,316.52,10.72,D,0
18.56008,80.91853,338.07,0.43,0.38,2025-03-18,738,N20,VIIRS,l,2,312.57,7.2,D,0
18.56041,80.12015,336.84,0.46,0.39,2025-03-18,738,N20,VIIRS,n,2,311.57,3.36,D,0
18.56148,78.04127,338.18,0.4,0.44,2025-03-18,738,N20,VIIRS,n,2,312.87,3.08,D,0
18.56151,78.5458,334.4,0.56,0.43,2025-03-18,738,N20,VIIRS,n,2,309.37,3.9,D,0
18.56352,78.24165,339.05,0.39,0.44,2025-03-18,738,N20,VIIRS,n,2,313.66,3.9,D,0
18.57317,80.34738,343.54,0.45,0.39,2025-03-18,738,N20,VIIRS,n,2,312.13,4.18,D,0
18.5766,80.69382,335.4,0.44,0.38,2025-03-18,738,N20,VIIRS,l,2,310.09,4.63,D,0
18.58095,80.32851,334.69,0.45,0.39,2025-03-18,738,N20,VIIRS,l,2,307.49,3.52,D,0
18.58925,80.2037,344.85,0.46,0.39,2025-03-18,738,N20,VIIRS,n,2,309.03,5.55,D,0
18.5897,80.72969,341.8,0.44,0.38,2025-03-18,738,N20,VIIRS,n,2,307.28,2.56,D,0
18.58975,80.0969,339.09,0.46,0.39,2025-03-18,738,N20,VIIRS,l,2,311.97,2.99,D,0
18.58998,80.20802,333.38,0.46,0.39,2025-03-18,738,N20,VIIRS,l,2,307.44,1.32,D,0
18.59293,80.26925,341.03,0.46,0.39,2025-03-18,738,N20,VIIRS,n,2,309.12,4.36,D,0
18.59333,80.09624,337.67,0.46,0.39,2025-03-18,738,N20,VIIRS,l,2,311.99,2.99,D,0
18.59431,80.2338,334.68,0.46,0.39,2025-03-18,738,N20,VIIRS,n,2,308.42,2.53,D,0
18.59464,80.09307,340.28,0.46,0.39,2025-03-18,738,N20,VIIRS,l,2,312.03,12.68,D,0
18.59503,80.23807,336.68,0.46,0.39,2025-03-18,738,N20,VIIRS,n,2,308.62,2.53,D,0
18.59692,80.09557,351.55,0.46,0.39,2025-03-18,738,N20,VIIRS,n,2,313.49,11.32,D,0
18.59898,80.09673,353.42,0.46,0.39,2025-03-18,738,N20,VIIRS,n,2,316.77,12.68,D,0
18.59909,80.10854,340.04,0.46,0.39,2025-03-18,738,N20,VIIRS,l,2,313.55,7.78,D,0
18.6003,80.08301,339.31,0.46,0.39,2025-03-18,738,N20,VIIRS,l,2,312.05,9.27,D,0
18.6005,80.09488,343.12,0.46,0.39,2025-03-18,738,N20,VIIRS,n,2,315.04,11.32,D,0
18.60106,80.08738,345.52,0.46,0.39,2025-03-18,738,N20,VIIRS,n,2,312.04,9.27,D,0
18.60122,80.09921,336.01,0.46,0.39,2025-03-18,738,N20,VIIRS,l,2,310.42,13.98,D,0
18.60143,80.23243,344.3,0.46,0.39,2025-03-18,738,N20,VIIRS,n,2,309.44,5.23,D,0
18.60256,80.09605,337.4,0.46,0.39,2025-03-18,738,N20,VIIRS,l,2,308.63,2.91,D,0
18.60267,80.10786,342.78,0.46,0.39,2025-03-18,738,N20,VIIRS,l,2,313.82,7.78,D,0
18.60405,80.10471,347.94,0.46,0.39,2025-03-18,738,N20,VIIRS,n,2,312.26,5.53,D,0
18.60464,80.08669,343.54,0.46,0.39,2025-03-18,738,N20,VIIRS,n,2,310.57,9.27,D,0
18.60576,80.28014,341.0,0.45,0.39,2025-03-18,738,N20,VIIRS,n,2,309.4,3.72,D,0
18.60859,80.27516,336.49,0.45,0.39,2025-03-18,738,N20,VIIRS,l,2,309.14,3.72,D,0
18.60928,80.25736,344.16,0.46,0.39,2025-03-18,738,N20,VIIRS,n,2,314.65,19.03,D,0
18.61222,77.42999,353.95,0.43,0.46,2025-03-18,738,N20,VIIRS,n,2,315.45,6.84,D,0
18.61282,80.23467,336.55,0.46,0.39,2025-03-18,738,N20,VIIRS,l,2,309.36,5.44,D,0
18.61283,80.25669,344.91,0.46,0.39,2025-03-18,738,N20,VIIRS,n,2,310.59,19.03,D,0
18.61287,80.27882,337.03,0.45,0.39,2025-03-18,738,N20,VIIRS,l,2,308.36,4.8,D,0
18.61567,80.22974,345.05,0.46,0.39,2025-03-18,738,N20,VIIRS,n,2,309.67,5.44,D,0
18.61619,80.21785,337.01,0.46,0.39,2025-03-18,738,N20,VIIRS,l,2,309.76,4.69,D,0
18.61709,80.21624,336.25,0.46,0.39,2025-03-18,738,N20,VIIRS,n,2,310.44,1.95,D,0
18.61781,80.22053,339.59,0.46,0.39,2025-03-18,738,N20,VIIRS,n,2,308.98,3.08,D,0
18.62075,80.73695,341.74,0.44,0.38,2025-03-18,738,N20,VIIRS,n,2,310.47,4.09,D,0
18.62096,80.18143,337.54,0.46,0.39,2025-03-18,738,N20,VIIRS,l,2,311.81,5.77,D,0
18.62453,80.18077,339.58,0.46,0.39,2025-03-18,738,N20,VIIRS,l,2,310.27,8.52,D,0
18.62809,80.18011,347.31,0.46,0.39,2025-03-18,738,N20,VIIRS,n,2,311.18,8.52,D,0
18.62943,80.03697,339.12,0.47,0.39,2025-03-18,738,N20,VIIRS,n,2,310.9,2.78,D,0
18.63302,80.03629,337.55,0.47,0.39,2025-03-18,738,N20,VIIRS,n,2,310.74,2.78,D,0
18.63311,80.78929,336.95,0.43,0.38,2025-03-18,738,N20,VIIRS,l,2,309.99,5.13,D,0
18.63336,80.23223,341.77,0.46,0.39,2025-03-18,738,N20,VIIRS,n,2,309.24,3.47,D,0
18.63552,80.3489,340.54,0.45,0.39,2025-03-18,738,N20,VIIRS,n,2,310.32,6.98,D,0
18.63883,80.3496,337.13,0.45,0.39,2025-03-18,738,N20,VIIRS,l,2,311.99,1.94,D,0
18.64154,80.58134,348.23,0.44,0.38,2025-03-18,738,N20,VIIRS,n,2,313.88,7.08,D,0
18.65057,80.76511,346.57,0.43,0.38,2025-03-18,738,N20,VIIRS,n,2,315.4,7.71,D,0
18.65112,77.35922,341.64,0.44,0.46,2025-03-18,738,N20,VIIRS,n,2,316.62,3.77,D,0
18.65128,78.28327,336.13,0.38,0.43,2025-03-18,738,N20,VIIRS,l,2,309.91,2.55,D,0
18.65186,77.36324,341.45,0.44,0.46,2025-03-18,738,N20,VIIRS,n,2,315.3,3.77,D,0
18.65231,77.36275,341.93,0.44,0.46,2025-03-18,738,N20,VIIRS,l,2,315.25,7.99,D,0
18.65444,80.16188,335.94,0.46,0.39,2025-03-18,738,N20,VIIRS,l,2,309.94,2.2,D,0
18.66087,80.45786,343.45,0.45,0.39,2025-03-18,738,N20,VIIRS,l,2,316.14,6.67,D,0
18.66701,80.51694,341.84,0.44,0.39,2025-03-18,738,N20,VIIRS,l,2,314.22,5.57,D,0
18.6676,80.51798,343.0,0.44,0.39,2025-03-18,738,N20,VIIRS,l,2,314.9,6.02,D,0
18.66763,80.69499,334.8,0.44,0.38,2025-03-18,738,N20,VIIRS,l,2,309.52,3.52,D,0
18.67102,80.45277,342.87,0.45,0.39,2025-03-18,738,N20,VIIRS,l,2,316.52,4.18,D,0
18.6723,80.15858,342.95,0.46,0.39,2025-03-18,738,N20,VIIRS,n,2,309.86,10.64,D,0
18.67535,80.00165,337.12,0.47,0.39,2025-03-18,738,N20,VIIRS,l,2,310.45,4.04,D,0
18.68519,80.49348,336.54,0.44,0.39,2025-03-18,738,N20,VIIRS,l,2,311.37,1.8,D,0
18.68589,80.49761,337.32,0.44,0.39,2025-03-18,738,N20,VIIRS,l,2,309.94,1.81,D,0
18.69403,80.33054,339.07,0.45,0.39,2025-03-18,738,N20,VIIRS,l,2,310.06,5.41,D,0
18.70037,80.66865,345.61,0.44,0.38,2025-03-18,738,N20,VIIRS,n,2,310.09,3.58,D,0
18.70146,78.00494,335.59,0.4,0.44,2025-03-18,738,N20,VIIRS,n,2,305.09,3.71,D,0
18.70892,80.33228,336.35,0.45,0.39,2025-03-18,738,N20,VIIRS,l,2,309.48,21.76,D,0
18.71277,77.29136,342.41,0.44,0.46,2025-03-18,738,N20,VIIRS,n,2,316.63,4.86,D,0
18.71715,80.66142,342.75,0.44,0.38,2025-03-18,738,N20,VIIRS,n,2,309.77,6.25,D,0
18.71952,80.30831,341.54,0.45,0.39,2025-03-18,738,N20,VIIRS,n,2,312.78,4.59,D,0
18.73084,79.92805,344.29,0.47,0.4,2025-03-18,738,N20,VIIRS,n,2,311.36,4.02,D,0
18.74368,80.64802,342.39,0.44,0.38,2025-03-18,738,N20,VIIRS,n,2,310.14,3.27,D,0
18.74463,77.32273,367.0,0.44,0.46,2025-03-18,738,N20,VIIRS,h,2,318.08,15.29,D,0
18.74492,80.11865,342.25,0.46,0.39,2025-03-18,738,N20,VIIRS,n,2,311.27,4.41,D,0
18.74781,77.22141,349.02,0.44,0.46,2025-03-18,738,N20,VIIRS,n,2,318.13,9.64,D,0
18.75163,80.76012,336.63,0.43,0.38,2025-03-18,738,N20,VIIRS,l,2,310.84,2.57,D,0
18.75699,80.27529,338.7,0.45,0.39,2025-03-18,738,N20,VIIRS,l,2,313.25,4.96,D,0
18.76306,80.18182,341.34,0.46,0.39,2025-03-18,738,N20,VIIRS,l,2,312.45,2.7,D,0
18.76726,80.96102,337.47,0.43,0.38,2025-03-18,738,N20,VIIRS,l,2,311.49,2.01,D,0
18.76793,80.48991,339.96,0.44,0.39,2025-03-18,738,N20,VIIRS,n,2,306.61,2.83,D,0
18.7707,80.96038,339.53,0.43,0.38,2025-03-18,738,N20,VIIRS,l,2,311.17,2.9,D,0
18.77133,80.85704,334.53,0.43,0.38,2025-03-18,738,N20,VIIRS,l,2,309.18,4.01,D,0
18.77905,80.94647,337.28,0.43,0.38,2025-03-18,738,N20,VIIRS,l,2,310.31,2.01,D,0
18.78219,80.50871,342.11,0.44,0.39,2025-03-18,738,N20,VIIRS,n,2,309.6,3.68,D,0
18.79394,80.77791,342.19,0.43,0.38,2025-03-18,738,N20,VIIRS,n,2,312.15,2.51,D,0
18.80071,80.90543,339.84,0.43,0.38,2025-03-18,738,N20,VIIRS,n,2,309.72,3.6,D,0
18.80324,80.46188,334.77,0.44,0.39,2025-03-18,738,N20,VIIRS,l,2,309.03,2.06,D,0
18.81215,80.12401,346.22,0.46,0.39,2025-03-18,738,N20,VIIRS,n,2,311.65,6.25,D,0
18.81978,80.75212,343.28,0.43,0.38,2025-03-18,738,N20,VIIRS,n,2,311.63,6.77,D,0
18.82976,80.64076,335.3,0.44,0.38,2025-03-18,738,N20,VIIRS,l,2,309.61,3.83,D,0
18.83045,80.64487,351.81,0.44,0.38,2025-03-18,738,N20,VIIRS,n,2,309.35,3.83,D,0
18.83162,80.71602,335.65,0.43,0.38,2025-03-18,738,N20,VIIRS,l,2,307.9,1.84,D,0
18.83249,80.65705,346.9,0.44,0.38,2025-03-18,738,N20,VIIRS,n,2,310.84,7.63,D,0
18.83607,80.63554,336.32,0.44,0.38,2025-03-18,738,N20,VIIRS,l,2,310.66,3.39,D,0
18.83642,80.33474,351.01,0.45,0.39,2025-03-18,738,N20,VIIRS,n,2,313.85,7.3,D,0
18.83709,80.19138,339.69,0.46,0.39,2025-03-18,738,N20,VIIRS,l,2,311.84,2.47,D,0
18.83774,80.42969,342.2,0.45,0.39,2025-03-18,738,N20,VIIRS,n,2,309.53,3.96,D,0
18.83833,80.58454,344.74,0.44,0.38,2025-03-18,738,N20,VIIRS,n,2,306.31,3.48,D,0
18.83957,80.6349,340.64,0.44,0.38,2025-03-18,738,N20,VIIRS,n,2,310.58,3.79,D,0
18.84452,80.256,341.56,0.45,0.39,2025-03-18,738,N20,VIIRS,l,2,313.16,4.03,D,0
18.84548,80.43258,338.6,0.45,0.39,2025-03-18,738,N20,VIIRS,l,2,309.47,2.69,D,0
18.84894,77.04092,345.36,0.45,0.47,2025-03-18,738,N20,VIIRS,n,2,317.65,7.75,D,0
18.84982,80.86726,338.76,0.43,0.38,2025-03-18,738,N20,VIIRS,l,2,312.35,2.94,D,0
18.85206,80.64514,347.37,0.44,0.38,2025-03-18,738,N20,VIIRS,n,2,311.57,5.92,D,0
18.85319,77.04006,344.81,0.45,0.47,2025-03-18,738,N20,VIIRS,n,2,315.38,8.03,D,0
18.85488,80.64046,346.84,0.44,0.38,2025-03-18,738,N20,VIIRS,n,2,311.45,4.98,D,0
18.85498,80.21015,337.56,0.45,0.39,2025-03-18,738,N20,VIIRS,l,2,310.78,3.18,D,0
18.85769,80.6358,342.06,0.44,0.38,2025-03-18,738,N20,VIIRS,n,2,309.54,4.98,D,0
18.85983,80.62704,339.55,0.44,0.38,2025-03-18,738,N20,VIIRS,n,2,308.36,4.33,D,0
18.86051,80.63111,348.37,0.44,0.38,2025-03-18,738,N20,VIIRS,n,2,308.92,4.33,D,0
18.86603,81.13143,334.85,0.42,0.38,2025-03-18,738,N20,VIIRS,l,2,307.99,1.39,D,0
18.87088,80.65024,340.04,0.44,0.38,2025-03-18,738,N20,VIIRS,n,2,309.69,4.85,D,0
18.87369,80.64555,334.29,0.44,0.38,2025-03-18,738,N20,VIIRS,l,2,308.19,3.87,D,0
18.87434,77.36433,343.04,0.43,0.46,2025-03-18,738,N20,VIIRS,l,2,315.27,6.6,D,0
18.87434,80.25924,337.94,0.45,0.39,2025-03-18,738,N20,VIIRS,l,2,311.52,4.25,D,0
18.87538,77.3646,343.42,0.43,0.46,2025-03-18,738,N20,VIIRS,l,2,314.64,7.23,D,0
18.87572,80.65773,334.16,0.44,0.38,2025-03-18,738,N20,VIIRS,l,2,307.44,1.59,D,0
18.88119,80.4705,332.83,0.44,0.39,2025-03-18,738,N20,VIIRS,l,2,307.69,3.45,D,0
18.88376,80.35751,342.43,0.45,0.39,2025-03-18,738,N20,VIIRS,n,2,310.94,3.39,D,0
18.88591,80.37015,338.24,0.45,0.39,2025-03-18,738,N20,VIIRS,n,2,309.45,2.26,D,0
18.88837,80.88496,335.34,0.43,0.38,2025-03-18,738,N20,VIIRS,l,2,308.89,1.62,D,0
18.8934,80.22059,338.5,0.45,0.39,2025-03-18,738,N20,VIIRS,l,2,312.92,3.67,D,0
18.89414,80.59524,341.43,0.44,0.38,2025-03-18,738,N20,VIIRS,n,2,309.45,5.03,D,0
18.89511,80.05664,335.16,0.46,0.39,2025-03-18,738,N20,VIIRS,l,2,308.58,1.98,D,0
18.89602,80.55773,341.7,0.44,0.38,2025-03-18,738,N20,VIIRS,n,2,310.93,4.44,D,0
18.90182,77.22866,348.24,0.44,0.46,2025-03-18,738,N20,VIIRS,n,2,315.26,7.13,D,0
18.90266,80.23204,353.71,0.45,0.39,2025-03-18,738,N20,VIIRS,n,2,312.11,5.08,D,0
18.90338,80.2363,340.42,0.45,0.39,2025-03-18,738,N20,VIIRS,n,2,310.48,5.08,D,0
18.9051,80.56873,341.64,0.44,0.38,2025-03-18,738,N20,VIIRS,n,2,310.46,6.76,D,0
18.90552,80.24902,343.32,0.45,0.39,2025-03-18,738,N20,VIIRS,n,2,311.46,4.6,D,0
18.90859,80.56808,340.08,0.44,0.38,2025-03-18,738,N20,VIIRS,l,2,310.61,3.89,D,0
18.9332,80.32683,340.21,0.45,0.39,2025-03-18,738,N20,VIIRS,l,2,314.2,5.21,D,0
18.94032,80.9415,340.67,0.42,0.38,2025-03-18,738,N20,VIIRS,n,2,311.28,2.9,D,0
18.94173,79.53471,340.19,0.49,0.4,2025-03-18,738,N20,VIIRS,l,2,313.79,6.85,D,0
18.94232,80.21238,337.45,0.45,0.39,2025-03-18,738,N20,VIIRS,l,2,310.9,3.93,D,0
18.9431,80.21127,338.64,0.45,0.39,2025-03-18,738,N20,VIIRS,l,2,311.01,2.71,D,0
18.94353,81.04772,340.54,0.42,0.38,2025-03-18,738,N20,VIIRS,n,2,308.75,4.82,D,0
18.94503,79.53612,334.55,0.49,0.4,2025-03-18,738,N20,VIIRS,l,2,307.88,4.77,D,0
18.94525,81.07982,338.65,0.42,0.38,2025-03-18,738,N20,VIIRS,n,2,308.58,3.33,D,0
18.94527,81.14455,338.32,0.42,0.38,2025-03-18,738,N20,VIIRS,l,2,311.94,2.54,D,0
18.94587,80.21172,348.21,0.45,0.39,2025-03-18,738,N20,VIIRS,n,2,311.58,3.93,D,0
18.9465,80.19408,338.22,0.45,0.39,2025-03-18,738,N20,VIIRS,l,2,312.11,3.6,D,0
18.94665,80.21059,336.55,0.45,0.39,2025-03-18,738,N20,VIIRS,l,2,311.34,2.71,D,0
18.94736,80.38982,336.1,0.45,0.39,2025-03-18,738,N20,VIIRS,l,2,306.64,2.06,D,0
18.9537,78.88393,339.47,0.53,0.42,2025-03-18,738,N20,VIIRS,l,2,310.01,7.06,D,0
18.95438,80.38831,338.12,0.45,0.39,2025-03-18,738,N20,VIIRS,l,2,308.17,2.96,D,0
18.96902,80.32544,337.83,0.45,0.39,2025-03-18,738,N20,VIIRS,l,2,311.47,3.4,D,0
18.97013,80.5481,333.02,0.44,0.38,2025-03-18,738,N20,VIIRS,l,2,307.92,3.58,D,0
18.97712,80.54679,338.93,0.44,0.38,2025-03-18,738,N20,VIIRS,n,2,307.19,2.76,D,0
18.97886,80.64397,338.52,0.44,0.38,2025-03-18,738,N20,VIIRS,n,2,307.45,3.18,D,0
18.98032,79.65143,341.66,0.48,0.4,2025-03-18,738,N20,VIIRS,n,2,310.4,5.16,D,0
18.98062,80.54615,334.53,0.44,0.38,2025-03-18,738,N20,VIIRS,l,2,307.01,2.76,D,0
18.98831,80.11646,352.29,0.46,0.39,2025-03-18,738,N20,VIIRS,n,2,315.12,9.09,D,0
18.9926,80.12009,338.93,0.46,0.39,2025-03-18,738,N20,VIIRS,l,2,311.81,29.81,D,0
18.99278,78.92723,341.83,0.52,0.42,2025-03-18,738,N20,VIIRS,n,2,311.85,3.23,D,0
18.99525,80.82898,337.45,0.43,0.38,2025-03-18,738,N20,VIIRS,l,2,310.85,2.37,D,0
18.99618,81.00602,336.79,0.42,0.38,2025-03-18,738,N20,VIIRS,l,2,307.85,3.54,D,0
18.99634,81.07101,339.94,0.42,0.38,2025-03-18,738,N20,VIIRS,n,2,309.48,3.41,D,0
18.99656,78.92646,340.57,0.52,0.42,2025-03-18,738,N20,VIIRS,l,2,312.03,5.16,D,0
19.00309,80.48296,338.07,0.44,0.38,2025-03-18,738,N20,VIIRS,l,2,309.85,3.9,D,0
19.01244,79.30054,339.62,0.5,0.41,2025-03-18,738,N20,VIIRS,l,2,311.94,8.52,D,0
19.01533,79.2952,348.04,0.5,0.41,2025-03-18,738,N20,VIIRS,l,2,318.56,35.65,D,0
19.01898,77.97461,341.09,0.39,0.44,2025-03-18,738,N20,VIIRS,n,2,305.94,3.02,D,0
19.01928,80.00445,343.08,0.46,0.39,2025-03-18,738,N20,VIIRS,n,2,312.84,5.09,D,0
19.01928,80.38596,340.3,0.45,0.39,2025-03-18,738,N20,VIIRS,l,2,310.35,6.21,D,0
19.01982,80.6031,331.76,0.44,0.38,2025-03-18,738,N20,VIIRS,l,2,304.95,2.03,D,0
19.02071,80.00263,339.55,0.46,0.39,2025-03-18,738,N20,VIIRS,l,2,312.75,4.77,D,0
19.02144,80.00699,338.35,0.46,0.39,2025-03-18,738,N20,VIIRS,l,2,311.01,3.75,D,0
19.02172,80.09657,335.6,0.46,0.39,2025-03-18,738,N20,VIIRS,l,2,308.55,2.13,D,0
19.0264,78.94038,342.47,0.52,0.42,2025-03-18,738,N20,VIIRS,l,2,312.93,7.38,D,0
19.0269,80.47417,337.34,0.44,0.38,2025-03-18,738,N20,VIIRS,l,2,312.29,2.35,D,0
19.02819,80.58878,336.04,0.44,0.38,2025-03-18,738,N20,VIIRS,n,2,304.67,5.51,D,0
19.03338,81.06017,340.84,0.42,0.38,2025-03-18,738,N20,VIIRS,n,2,312.5,5.59,D,0
19.03458,80.12951,333.72,0.46,0.39,2025-03-18,738,N20,VIIRS,l,2,308.46,2.58,D,0
19.03745,80.14664,333.93,0.46,0.39,2025-03-18,738,N20,VIIRS,n,2,307.88,1.03,D,0
19.03972,80.37803,339.86,0.45,0.39,2025-03-18,738,N20,VIIRS,l,2,311.05,5.54,D,0
19.0403,80.14742,354.64,0.46,0.39,2025-03-18,738,N20,VIIRS,n,2,309.84,7.9,D,0
19.04042,80.38219,341.88,0.45,0.39,2025-03-18,738,N20,VIIRS,n,2,310.78,6.76,D,0
19.04099,80.14585,342.76,0.46,0.39,2025-03-18,738,N20,VIIRS,n,2,309.21,3.52,D,0
19.04171,80.15019,337.04,0.46,0.39,2025-03-18,738,N20,VIIRS,n,2,308.82,3.52,D,0
19.0429,81.13963,335.62,0.42,0.37,2025-03-18,738,N20,VIIRS,l,2,309.23,2.24,D,0
19.04417,80.08458,344.85,0.46,0.39,2025-03-18,738,N20,VIIRS,n,2,311.46,6.21,D,0
19.04436,80.51355,336.32,0.44,0.38,2025-03-18,738,N20,VIIRS,l,2,309.13,2.41,D,0
19.04463,80.38573,347.44,0.44,0.39,2025-03-18,738,N20,VIIRS,n,2,312.23,9.64,D,0
19.04534,80.38992,335.22,0.44,0.39,2025-03-18,738,N20,VIIRS,l,2,309.49,5.58,D,0
19.04766,77.12253,340.06,0.44,0.46,2025-03-18,738,N20,VIIRS,l,2,313.16,5.64,D,0
19.04788,77.12168,344.5,0.44,0.46,2025-03-18,738,N20,VIIRS,n,2,314.55,5.26,D,0
19.0484,79.22134,337.04,0.5,0.41,2025-03-18,738,N20,VIIRS,l,2,309.17,2.15,D,0
19.04907,80.19839,344.89,0.45,0.39,2025-03-18,738,N20,VIIRS,n,2,310.7,9.23,D,0
19.04952,80.19695,344.14,0.45,0.39,2025-03-18,738,N20,VIIRS,n,2,312.21,13.54,D,0
19.05004,77.27509,345.22,0.43,0.46,2025-03-18,738,N20,VIIRS,n,2,315.32,5.71,D,0
19.05093,80.20538,336.81,0.45,0.39,2025-03-18,738,N20,VIIRS,l,2,308.89,2.7,D,0
19.05262,80.19771,349.97,0.45,0.39,2025-03-18,738,N20,VIIRS,n,2,311.37,9.23,D,0
19.05334,80.20191,352.41,0.45,0.39,2025-03-18,738,N20,VIIRS,n,2,308.76,9.23,D,0
19.05377,80.20049,355.15,0.45,0.39,2025-03-18,738,N20,VIIRS,n,2,309.6,13.54,D,0
19.05447,80.2047,333.52,0.45,0.39,2025-03-18,738,N20,VIIRS,l,2,307.74,2.7,D,0
19.05571,80.43025,336.37,0.44,0.39,2025-03-18,738,N20,VIIRS,l,2,308.87,3.54,D,0
19.05657,80.39203,335.99,0.44,0.39,2025-03-18,738,N20,VIIRS,l,2,308.33,6.17,D,0
19.05688,80.20123,336.87,0.45,0.39,2025-03-18,738,N20,VIIRS,l,2,307.03,4.38,D,0
19.05824,80.18784,334.98,0.45,0.39,2025-03-18,738,N20,VIIRS,l,2,308.16,1.34,D,0
19.05835,80.51095,335.91,0.44,0.38,2025-03-18,738,N20,VIIRS,l,2,310.58,3.05,D,0
19.05938,80.38718,351.39,0.44,0.39,2025-03-18,738,N20,VIIRS,n,2,312.66,13.14,D,0
19.06042,80.20055,347.34,0.45,0.39,2025-03-18,738,N20,VIIRS,n,2,308.64,4.38,D,0
19.06255,80.51446,346.99,0.44,0.38,2025-03-18,738,N20,VIIRS,n,2,309.45,7.49,D,0
19.06396,80.19986,336.06,0.45,0.39,2025-03-18,738,N20,VIIRS,l,2,306.89,3.66,D,0
19.06572,80.81237,333.78,0.43,0.38,2025-03-18,738,N20,VIIRS,l,2,307.66,2.24,D,0
19.06638,80.38564,337.84,0.44,0.39,2025-03-18,738,N20,VIIRS,n,2,308.93,5.03,D,0
19.06707,80.38979,341.66,0.44,0.39,2025-03-18,738,N20,VIIRS,n,2,308.91,5.03,D,0
19.07057,80.38901,349.35,0.44,0.39,2025-03-18,738,N20,VIIRS,n,2,310.92,5.03,D,0
19.07074,80.58514,332.6,0.44,0.38,2025-03-18,738,N20,VIIRS,l,2,306.41,2.44,D,0
19.07104,80.19844,334.16,0.45,0.39,2025-03-18,738,N20,VIIRS,l,2,306.92,1.72,D,0
19.07126,80.39318,348.58,0.44,0.39,2025-03-18,738,N20,VIIRS,n,2,309.38,6.91,D,0
19.07142,80.58926,336.73,0.44,0.38,2025-03-18,738,N20,VIIRS,n,2,306.6,3.29,D,0
19.07177,80.46147,340.7,0.44,0.38,2025-03-18,738,N20,VIIRS,n,2,309.53,8.55,D,0
19.07211,79.96764,335.36,0.46,0.39,2025-03-18,738,N20,VIIRS,l,2,310.06,1.69,D,0
19.07246,80.46562,345.04,0.44,0.38,2025-03-18,738,N20,VIIRS,n,2,309.9,8.55,D,0
19.07477,80.39246,339.1,0.44,0.39,2025-03-18,738,N20,VIIRS,n,2,310.93,7.47,D,0
19.07527,80.46081,344.06,0.44,0.38,2025-03-18,738,N20,VIIRS,n,2,307.74,8.55,D,0
19.0753,80.67715,338.47,0.43,0.38,2025-03-18,738,N20,VIIRS,n,2,309.3,3.99,D,0
19.07546,80.39663,345.43,0.44,0.39,2025-03-18,738,N20,VIIRS,n,2,309.57,7.47,D,0
19.07788,80.13119,342.45,0.46,0.39,2025-03-18,738,N20,VIIRS,n,2,311.2,2.94,D,0
19.07799,81.29004,337.54,0.41,0.37,2025-03-18,738,N20,VIIRS,n,2,311.99,1.76,D,0
19.07828,80.39177,337.61,0.44,0.39,2025-03-18,738,N20,VIIRS,n,2,310.43,7.47,D,0
19.07897,80.39594,338.05,0.44,0.39,2025-03-18,738,N20,VIIRS,n,2,310.53,7.47,D,0
19.08143,80.1305,345.77,0.46,0.39,2025-03-18,738,N20,VIIRS,n,2,311.26,3.94,D,0
19.08532,80.75884,337.92,0.43,0.38,2025-03-18,738,N20,VIIRS,l,2,310.04,3.16,D,0
19.08566,80.5016,334.9,0.44,0.38,2025-03-18,738,N20,VIIRS,l,2,308.55,2.67,D,0
19.08945,79.16949,340.35,0.51,0.41,2025-03-18,738,N20,VIIRS,n,2,310.22,5.82,D,0
19.09289,78.85387,335.66,0.53,0.42,2025-03-18,738,N20,VIIRS,l,2,310.64,3.11,D,0
19.09491,78.57361,339.85,0.55,0.42,2025-03-18,738,N20,VIIRS,l,2,313.31,6.72,D,0
19.09524,80.55946,332.37,0.44,0.38,2025-03-18,738,N20,VIIRS,l,2,305.98,1.99,D,0
19.09534,80.25528,333.18,0.45,0.39,2025-03-18,738,N20,VIIRS,l,2,308.16,2.49,D,0
19.09699,80.46104,339.51,0.44,0.38,2025-03-18,738,N20,VIIRS,n,2,305.99,4.18,D,0
19.09781,80.46203,334.02,0.44,0.38,2025-03-18,738,N20,VIIRS,l,2,305.71,4.51,D,0
19.09873,80.5588,335.2,0.44,0.38,2025-03-18,738,N20,VIIRS,n,2,305.34,1.99,D,0
19.10226,81.35348,339.34,0.41,0.37,2025-03-18,738,N20,VIIRS,l,2,309.59,4.1,D,0
19.10263,80.75564,343.72,0.43,0.38,2025-03-18,738,N20,VIIRS,n,2,311.98,3.19,D,0
19.1033,80.06446,346.13,0.46,0.39,2025-03-18,738,N20,VIIRS,n,2,313.66,3.81,D,0
19.10478,80.3965,339.0,0.44,0.39,2025-03-18,738,N20,VIIRS,l,2,309.54,3.31,D,0
19.10575,81.3966,337.19,0.41,0.37,2025-03-18,738,N20,VIIRS,l,2,311.59,4.9,D,0
19.1061,80.755,336.68,0.43,0.38,2025-03-18,738,N20,VIIRS,l,2,310.76,3.75,D,0
19.10755,80.61222,334.56,0.44,0.38,2025-03-18,738,N20,VIIRS,l,2,305.3,2.62,D,0
19.10798,80.22215,335.44,0.45,0.39,2025-03-18,738,N20,VIIRS,l,2,310.2,2.86,D,0
19.10875,80.24833,336.41,0.45,0.39,2025-03-18,738,N20,VIIRS,l,2,309.21,6.51,D,0
19.1097,80.05882,345.42,0.46,0.39,2025-03-18,738,N20,VIIRS,n,2,315.05,8.75,D,0
19.1139,80.38618,335.79,0.44,0.39,2025-03-18,738,N20,VIIRS,l,2,310.7,2.4,D,0
19.11461,80.39035,335.9,0.44,0.39,2025-03-18,738,N20,VIIRS,l,2,309.63,2.4,D,0
19.11774,78.83894,341.64,0.53,0.42,2025-03-18,738,N20,VIIRS,l,2,313.93,6.53,D,0
19.12154,78.83821,349.03,0.53,0.42,2025-03-18,738,N20,VIIRS,n,2,313.68,10.43,D,0
19.12627,80.13539,341.77,0.45,0.39,2025-03-18,738,N20,VIIRS,n,2,310.74,4.49,D,0
19.1284,80.12619,347.51,0.46,0.39,2025-03-18,738,N20,VIIRS,n,2,314.18,9.66,D,0
19.12911,80.13047,340.39,0.46,0.39,2025-03-18,738,N20,VIIRS,l,2,311.15,4.49,D,0
19.12958,79.94807,342.61,0.46,0.39,2025-03-18,738,N20,VIIRS,n,2,311.67,3.45,D,0
19.1298,80.11269,348.85,0.46,0.39,2025-03-18,738,N20,VIIRS,n,2,312.07,5.47,D,0
19.13109,77.10096,340.23,0.44,0.46,2025-03-18,738,N20,VIIRS,n,2,310.26,1.22,D,0
19.13267,80.12981,342.47,0.46,0.39,2025-03-18,738,N20,VIIRS,l,2,313.44,7.71,D,0
19.13336,80.11205,340.13,0.46,0.39,2025-03-18,738,N20,VIIRS,l,2,311.07,5.47,D,0
19.13551,80.12489,352.56,0.46,0.39,2025-03-18,738,N20,VIIRS,n,2,313.52,12.86,D,0
19.13654,77.7928,340.93,0.4,0.44,2025-03-18,738,N20,VIIRS,n,2,314.78,3.59,D,0
19.13835,80.11994,346.82,0.46,0.39,2025-03-18,738,N20,VIIRS,n,2,312.74,4.57,D,0
19.14018,77.67426,345.53,0.41,0.45,2025-03-18,738,N20,VIIRS,n,2,315.37,5.68,D,0
19.14632,77.68491,343.06,0.41,0.45,2025-03-18,738,N20,VIIRS,n,2,314.55,4.6,D,0
19.14869,79.4104,347.52,0.49,0.4,2025-03-18,738,N20,VIIRS,n,2,313.11,4.99,D,0
19.15348,80.66373,338.18,0.43,0.38,2025-03-18,738,N20,VIIRS,n,2,307.6,3.03,D,0
19.15536,80.37404,336.25,0.44,0.39,2025-03-18,738,N20,VIIRS,n,2,310.73,2.19,D,0
19.15606,80.37821,340.51,0.44,0.39,2025-03-18,738,N20,VIIRS,n,2,311.63,4.53,D,0
19.15642,80.86626,342.61,0.43,0.38,2025-03-18,738,N20,VIIRS,n,2,309.45,8.05,D,0
19.15767,79.13389,334.56,0.51,0.41,2025-03-18,738,N20,VIIRS,l,2,308.42,4.25,D,0
19.1593,79.1432,345.16,0.51,0.41,2025-03-18,738,N20,VIIRS,n,2,308.1,8.02,D,0
19.15987,80.86567,333.79,0.43,0.38,2025-03-18,738,N20,VIIRS,l,2,307.28,3.18,D,0
19.16019,80.72511,340.78,0.43,0.38,2025-03-18,738,N20,VIIRS,l,2,311.29,4.45,D,0
19.16139,79.1331,340.61,0.51,0.41,2025-03-18,738,N20,VIIRS,n,2,309.82,4.25,D,0
19.16244,80.86603,342.55,0.43,0.38,2025-03-18,738,N20,VIIRS,n,2,307.71,4.6,D,0
19.16332,80.86505,344.17,0.43,0.38,2025-03-18,738,N20,VIIRS,n,2,308.26,3.18,D,0
19.16511,79.13228,342.38,0.51,0.41,2025-03-18,738,N20,VIIRS,n,2,307.81,3.61,D,0
19.16592,79.13692,340.36,0.51,0.41,2025-03-18,738,N20,VIIRS,n,2,307.87,3.61,D,0
19.17447,78.94173,342.56,0.52,0.41,2025-03-18,738,N20,VIIRS,n,2,311.21,11.98,D,0
19.17757,79.11512,340.91,0.51,0.41,2025-03-18,738,N20,VIIRS,n,2,310.43,4.11,D,0
19.1821,79.119,350.26,0.51,0.41,2025-03-18,738,N20,VIIRS,n,2,311.48,10.18,D,0
19.1841,78.64235,342.99,0.54,0.42,2025-03-18,738,N20,VIIRS,n,2,312.4,7.7,D,0
19.19155,79.3066,347.01,0.5,0.41,2025-03-18,738,N20,VIIRS,n,2,314.06,7.68,D,0
19.19209,80.11926,336.55,0.45,0.39,2025-03-18,738,N20,VIIRS,l,2,309.41,3.46,D,0
19.19211,80.14093,337.93,0.45,0.39,2025-03-18,738,N20,VIIRS,l,2,312.49,3.86,D,0
19.19633,80.12266,339.23,0.45,0.39,2025-03-18,738,N20,VIIRS,n,2,309.16,4.21,D,0
19.19843,77.08741,351.32,0.44,0.46,2025-03-18,738,N20,VIIRS,n,2,312.07,6.38,D,0
19.19933,78.09372,335.93,0.39,0.44,2025-03-18,738,N20,VIIRS,l,2,310.39,2.05,D,0
19.19993,80.14384,339.31,0.45,0.39,2025-03-18,738,N20,VIIRS,l,2,310.46,3.73,D,0
19.20376,78.38817,340.56,0.56,0.43,2025-03-18,738,N20,VIIRS,l,2,312.53,4.05,D,0
19.2077,80.12482,341.68,0.45,0.39,2025-03-18,738,N20,VIIRS,n,2,309.64,5.59,D,0
19.20887,79.27402,338.6,0.5,0.41,2025-03-18,738,N20,VIIRS,l,2,311.73,5.62,D,0
19.2089,78.50496,339.16,0.55,0.43,2025-03-18,738,N20,VIIRS,l,2,312.84,6.85,D,0
19.21095,80.81589,333.99,0.43,0.38,2025-03-18,738,N20,VIIRS,l,2,308.3,2.77,D,0
19.21155,79.14954,338.56,0.51,0.41,2025-03-18,738,N20,VIIRS,l,2,309.84,2.46,D,0
19.21164,80.82006,332.94,0.43,0.38,2025-03-18,738,N20,VIIRS,l,2,307.52,2.77,D,0
19.2121,79.955,344.26,0.46,0.39,2025-03-18,738,N20,VIIRS,l,2,315.44,4.77,D,0
19.21513,80.25499,340.74,0.45,0.39,2025-03-18,738,N20,VIIRS,n,2,308.46,6.9,D,0
19.21723,80.68134,337.43,0.43,0.38,2025-03-18,738,N20,VIIRS,l,2,308.7,3.56,D,0
19.21734,80.33247,342.73,0.45,0.39,2025-03-18,738,N20,VIIRS,n,2,310.73,3.0,D,0
19.21804,80.33662,338.68,0.44,0.39,2025-03-18,738,N20,VIIRS,n,2,310.02,3.0,D,0
19.22863,78.15031,345.4,0.57,0.43,2025-03-18,738,N20,VIIRS,n,2,314.49,6.92,D,0
19.22948,78.14777,344.19,0.38,0.43,2025-03-18,738,N20,VIIRS,n,2,313.15,9.1,D,0
19.22954,78.85538,337.49,0.52,0.42,2025-03-18,738,N20,VIIRS,l,2,312.38,3.89,D,0
19.23027,78.15224,342.52,0.57,0.43,2025-03-18,738,N20,VIIRS,l,2,313.88,12.31,D,0
19.23126,80.19933,346.64,0.45,0.39,2025-03-18,738,N20,VIIRS,n,2,313.64,6.05,D,0
19.2321,80.31238,345.21,0.45,0.39,2025-03-18,738,N20,VIIRS,n,2,310.5,4.77,D,0
19.23255,80.66583,340.01,0.43,0.38,2025-03-18,738,N20,VIIRS,l,2,310.17,4.06,D,0
19.23257,78.14951,345.83,0.57,0.43,2025-03-18,738,N20,VIIRS,n,2,311.85,6.92,D,0
19.23421,78.15141,339.88,0.57,0.43,2025-03-18,738,N20,VIIRS,l,2,311.45,7.17,D,0
19.23641,79.11566,342.47,0.51,0.41,2025-03-18,738,N20,VIIRS,n,2,313.28,8.2,D,0
19.23721,79.12022,340.01,0.51,0.41,2025-03-18,738,N20,VIIRS,n,2,311.46,3.25,D,0
19.23919,78.05219,344.22,0.39,0.44,2025-03-18,738,N20,VIIRS,n,2,313.22,5.47,D,0
19.23988,81.42438,335.85,0.41,0.37,2025-03-18,738,N20,VIIRS,l,2,310.5,4.55,D,0
19.24327,81.42381,336.39,0.41,0.37,2025-03-18,738,N20,VIIRS,l,2,310.82,4.51,D,0
19.24408,80.2539,336.71,0.45,0.39,2025-03-18,738,N20,VIIRS,l,2,310.22,4.78,D,0
19.24478,80.27975,339.98,0.45,0.39,2025-03-18,738,N20,VIIRS,n,2,310.18,5.05,D,0
19.24549,80.28397,334.77,0.45,0.39,2025-03-18,738,N20,VIIRS,l,2,308.38,2.39,D,0
19.24838,79.33595,336.87,0.49,0.41,2025-03-18,738,N20,VIIRS,l,2,311.62,2.49,D,0
19.24862,78.89744,341.13,0.52,0.42,2025-03-18,738,N20,VIIRS,l,2,312.02,4.45,D,0
19.25029,80.09471,339.0,0.46,0.39,2025-03-18,738,N20,VIIRS,l,2,309.08,4.1,D,0
19.25311,80.45876,335.12,0.44,0.38,2025-03-18,738,N20,VIIRS,l,2,310.07,3.78,D,0
19.2538,80.46288,342.6,0.44,0.38,2025-03-18,738,N20,VIIRS,n,2,310.8,6.18,D,0
19.2545,80.46703,349.21,0.44,0.38,2025-03-18,738,N20,VIIRS,n,2,310.31,6.18,D,0
19.25519,80.47116,345.03,0.44,0.38,2025-03-18,738,N20,VIIRS,n,2,311.57,4.83,D,0
19.25609,78.50052,338.08,0.55,0.42,2025-03-18,738,N20,VIIRS,l,2,312.47,3.17,D,0
19.2565,77.78443,341.87,0.4,0.44,2025-03-18,738,N20,VIIRS,n,2,313.69,4.54,D,0
19.2565,79.29534,336.26,0.5,0.41,2025-03-18,738,N20,VIIRS,l,2,310.4,6.93,D,0
19.25765,78.70888,344.64,0.53,0.42,2025-03-18,738,N20,VIIRS,n,2,312.08,5.54,D,0
19.25811,78.66737,348.06,0.54,0.42,2025-03-18,738,N20,VIIRS,n,2,316.57,11.39,D,0
19.25886,80.1898,338.66,0.45,0.39,2025-03-18,738,N20,VIIRS,l,2,311.45,3.16,D,0
19.2598,79.81194,345.72,0.47,0.4,2025-03-18,738,N20,VIIRS,n,2,311.47,4.74,D,0
19.26224,80.72688,332.47,0.43,0.38,2025-03-18,738,N20,VIIRS,l,2,307.29,1.96,D,0
19.26292,80.73093,334.23,0.43,0.38,2025-03-18,738,N20,VIIRS,n,2,305.73,2.0,D,0
19.26518,80.08013,343.3,0.46,0.39,2025-03-18,738,N20,VIIRS,n,2,309.04,2.54,D,0
19.26658,79.00062,339.89,0.51,0.41,2025-03-18,738,N20,VIIRS,l,2,311.74,6.39,D,0
19.26978,80.75058,343.73,0.43,0.38,2025-03-18,738,N20,VIIRS,n,2,307.28,4.31,D,0
19.27326,80.75008,339.81,0.43,0.38,2025-03-18,738,N20,VIIRS,n,2,307.51,6.3,D,0
19.2751,80.6115,337.15,0.43,0.38,2025-03-18,738,N20,VIIRS,n,2,308.07,4.85,D,0
19.27678,78.27913,338.63,0.56,0.43,2025-03-18,738,N20,VIIRS,l,2,311.41,5.11,D,0
19.27791,79.93944,338.52,0.46,0.39,2025-03-18,738,N20,VIIRS,l,2,313.26,4.08,D,0
19.27816,80.73673,337.08,0.43,0.38,2025-03-18,738,N20,VIIRS,n,2,307.56,3.37,D,0
19.28075,78.07745,339.08,0.39,0.44,2025-03-18,738,N20,VIIRS,l,2,312.73,2.43,D,0
19.28163,78.28349,342.25,0.56,0.43,2025-03-18,738,N20,VIIRS,l,2,313.09,5.11,D,0
19.28424,80.21268,332.22,0.45,0.39,2025-03-18,738,N20,VIIRS,l,2,306.73,3.94,D,0
19.28673,80.65973,336.08,0.43,0.38,2025-03-18,738,N20,VIIRS,n,2,308.52,3.98,D,0
19.29151,80.27654,337.1,0.45,0.39,2025-03-18,738,N20,VIIRS,l,2,309.34,3.59,D,0
19.29185,80.90398,339.4,0.42,0.38,2025-03-18,738,N20,VIIRS,n,2,308.51,6.07,D,0
19.29458,78.08588,339.92,0.38,0.44,2025-03-18,738,N20,VIIRS,l,2,313.76,5.38,D,0
19.29808,80.89882,354.52,0.42,0.38,2025-03-18,738,N20,VIIRS,n,2,313.12,12.7,D,0
19.29975,80.84491,346.05,0.42,0.38,2025-03-18,738,N20,VIIRS,n,2,311.29,4.94,D,0
19.29983,80.21859,333.64,0.45,0.39,2025-03-18,738,N20,VIIRS,l,2,306.71,3.01,D,0
19.30041,80.84891,341.31,0.42,0.38,2025-03-18,738,N20,VIIRS,l,2,311.65,4.48,D,0
19.30058,81.14737,336.8,0.42,0.37,2025-03-18,738,N20,VIIRS,l,2,310.17,4.57,D,0
19.30086,80.89421,339.59,0.42,0.38,2025-03-18,738,N20,VIIRS,l,2,312.78,7.16,D,0
19.30108,80.8529,341.87,0.42,0.38,2025-03-18,738,N20,VIIRS,l,2,312.23,4.48,D,0
19.30152,80.89822,349.54,0.42,0.38,2025-03-18,738,N20,VIIRS,n,2,315.88,12.7,D,0
19.30229,78.26344,347.46,0.56,0.43,2025-03-18,738,N20,VIIRS,n,2,313.83,10.43,D,0
19.3032,80.84431,340.37,0.42,0.38,2025-03-18,738,N20,VIIRS,l,2,312.17,10.03,D,0
19.3043,80.89361,339.15,0.42,0.38,2025-03-18,738,N20,VIIRS,l,2,312.33,4.12,D,0
19.30665,80.84371,347.07,0.42,0.38,2025-03-18,738,N20,VIIRS,n,2,315.02,10.03,D,0
19.30774,80.89302,340.82,0.42,0.38,2025-03-18,738,N20,VIIRS,l,2,311.48,4.12,D,0
19.30871,79.80869,334.18,0.47,0.4,2025-03-18,738,N20,VIIRS,l,2,308.22,2.78,D,0
19.30943,80.83908,340.04,0.42,0.38,2025-03-18,738,N20,VIIRS,l,2,311.76,6.72,D,0
19.31023,79.81744,338.21,0.47,0.4,2025-03-18,738,N20,VIIRS,n,2,308.26,2.78,D,0
19.31031,78.82777,350.27,0.52,0.42,2025-03-18,738,N20,VIIRS,n,2,316.68,11.95,D,0
19.31274,80.05763,341.23,0.46,0.39,2025-03-18,738,N20,VIIRS,n,2,310.74,2.18,D,0
19.31287,80.83846,347.49,0.42,0.38,2025-03-18,738,N20,VIIRS,n,2,311.21,6.72,D,0
19.31394,81.16491,344.74,0.41,0.37,2025-03-18,738,N20,VIIRS,n,2,310.98,3.85,D,0
19.31401,80.23767,334.52,0.45,0.39,2025-03-18,738,N20,VIIRS,l,2,307.02,3.51,D,0
19.31456,81.16875,349.88,0.41,0.37,2025-03-18,738,N20,VIIRS,n,2,310.69,3.85,D,0
19.31472,80.24188,341.61,0.45,0.39,2025-03-18,738,N20,VIIRS,n,2,307.23,3.51,D,0
19.31483,77.19598,354.78,0.43,0.46,2025-03-18,738,N20,VIIRS,n,2,313.0,6.89,D,0
19.31495,79.11675,340.4,0.51,0.41,2025-03-18,738,N20,VIIRS,n,2,311.27,2.64,D,0
19.31631,80.83777,334.72,0.42,0.38,2025-03-18,738,N20,VIIRS,l,2,309.23,4.63,D,0
19.31825,80.24123,339.43,0.45,0.39,2025-03-18,738,N20,VIIRS,n,2,307.06,3.98,D,0
19.32293,79.86909,339.04,0.46,0.39,2025-03-18,738,N20,VIIRS,l,2,309.32,2.56,D,0
19.32401,78.0309,337.9,0.39,0.44,2025-03-18,738,N20,VIIRS,l,2,312.2,3.72,D,0
19.32457,79.14925,352.26,0.5,0.41,2025-03-18,738,N20,VIIRS,n,2,313.65,8.37,D,0
19.32828,79.14845,352.03,0.5,0.41,2025-03-18,738,N20,VIIRS,n,2,312.56,8.37,D,0
19.33198,79.14764,342.99,0.5,0.41,2025-03-18,738,N20,VIIRS,n,2,311.33,2.77,D,0
19.33233,80.21681,342.39,0.45,0.39,2025-03-18,738,N20,VIIRS,n,2,308.7,6.03,D,0
19.33285,80.83047,343.39,0.43,0.38,2025-03-18,738,N20,VIIRS,n,2,309.64,4.51,D,0
19.33304,80.22104,352.12,0.45,0.39,2025-03-18,738,N20,VIIRS,n,2,309.53,6.03,D,0
19.33351,80.83449,347.14,0.42,0.38,2025-03-18,738,N20,VIIRS,n,2,310.79,7.76,D,0
19.33586,80.21615,340.38,0.45,0.39,2025-03-18,738,N20,VIIRS,n,2,308.2,5.44,D,0
19.3363,80.82986,336.9,0.43,0.38,2025-03-18,738,N20,VIIRS,l,2,309.05,5.12,D,0
19.33696,80.83387,339.52,0.42,0.38,2025-03-18,738,N20,VIIRS,n,2,308.6,4.71,D,0
19.33761,80.83785,344.05,0.42,0.38,2025-03-18,738,N20,VIIRS,n,2,308.61,4.71,D,0
19.33784,78.69357,338.51,0.53,0.42,2025-03-18,738,N20,VIIRS,l,2,313.38,1.95,D,0
19.33794,80.1852,334.34,0.45,0.39,2025-03-18,738,N20,VIIRS,l,2,306.07,7.36,D,0
19.34105,80.8372,345.95,0.42,0.38,2025-03-18,738,N20,VIIRS,n,2,310.43,4.71,D,0
19.3461,81.2104,331.69,0.41,0.37,2025-03-18,738,N20,VIIRS,l,2,306.56,3.65,D,0
19.34653,78.46404,346.05,0.55,0.43,2025-03-18,738,N20,VIIRS,n,2,315.46,9.13,D,0
19.34843,81.30967,334.7,0.41,0.37,2025-03-18,738,N20,VIIRS,l,2,308.47,2.53,D,0
19.35201,80.11668,343.32,0.45,0.39,2025-03-18,738,N20,VIIRS,n,2,307.63,3.17,D,0
19.35236,80.67775,336.94,0.43,0.38,2025-03-18,738,N20,VIIRS,l,2,311.78,2.69,D,0
19.35678,77.30466,344.56,0.43,0.46,2025-03-18,738,N20,VIIRS,n,2,316.13,18.28,D,0
19.3669,79.88781,343.14,0.46,0.39,2025-03-18,738,N20,VIIRS,n,2,310.73,7.23,D,0
19.37049,79.88715,347.3,0.46,0.39,2025-03-18,738,N20,VIIRS,n,2,312.83,7.23,D,0
19.37051,80.123,335.73,0.45,0.39,2025-03-18,738,N20,VIIRS,l,2,310.63,8.59,D,0
19.37125,80.1273,345.58,0.45,0.39,2025-03-18,738,N20,VIIRS,n,2,311.62,8.59,D,0
19.3726,79.68217,336.34,0.47,0.4,2025-03-18,738,N20,VIIRS,l,2,310.75,2.04,D,0
19.3738,81.33678,334.69,0.41,0.37,2025-03-18,738,N20,VIIRS,l,2,309.05,4.12,D,0
19.37509,80.4713,335.82,0.44,0.38,2025-03-18,738,N20,VIIRS,n,2,308.86,2.62,D,0
19.37577,80.47541,335.09,0.44,0.38,2025-03-18,738,N20,VIIRS,l,2,308.52,2.16,D,0
19.37789,80.46654,335.58,0.44,0.38,2025-03-18,738,N20,VIIRS,l,2,307.21,3.05,D,0
19.37824,80.23004,337.21,0.45,0.39,2025-03-18,738,N20,VIIRS,l,2,308.12,3.68,D,0
19.37858,80.47067,342.07,0.44,0.38,2025-03-18,738,N20,VIIRS,n,2,307.94,3.05,D,0
19.37927,80.47478,332.71,0.44,0.38,2025-03-18,738,N20,VIIRS,l,2,307.37,0.99,D,0
19.37965,78.28822,347.32,0.56,0.43,2025-03-18,738,N20,VIIRS,n,2,314.54,10.3,D,0
19.38073,79.90379,335.81,0.46,0.39,2025-03-18,738,N20,VIIRS,l,2,310.17,2.26,D,0
19.38355,78.28746,345.35,0.56,0.43,2025-03-18,738,N20,VIIRS,n,2,316.73,10.3,D,0
19.38745,78.28665,341.82,0.56,0.43,2025-03-18,738,N20,VIIRS,l,2,313.87,3.69,D,0
19.38937,78.29718,340.9,0.56,0.43,2025-03-18,738,N20,VIIRS,l,2,315.88,7.09,D,0
19.38947,80.08407,347.87,0.45,0.39,2025-03-18,738,N20,VIIRS,n,2,311.88,6.32,D,0
19.39082,80.07056,336.22,0.45,0.39,2025-03-18,738,N20,VIIRS,l,2,311.19,2.17,D,0
19.40362,77.85035,344.8,0.4,0.44,2025-03-18,738,N20,VIIRS,l,2,318.54,7.92,D,0
19.42475,81.41469,339.69,0.41,0.37,2025-03-18,738,N20,VIIRS,l,2,311.55,4.17,D,0
19.43131,79.85309,337.7,0.46,0.39,2025-03-18,738,N20,VIIRS,l,2,312.54,2.01,D,0
19.43161,81.26328,331.06,0.41,0.37,2025-03-18,738,N20,VIIRS,l,2,303.7,1.1,D,0
19.43326,79.85433,336.53,0.46,0.39,2025-03-18,738,N20,VIIRS,l,2,311.34,1.2,D,0
19.43503,81.30595,337.99,0.41,0.37,2025-03-18,738,N20,VIIRS,n,2,307.63,1.62,D,0
19.43616,80.66637,334.27,0.43,0.38,2025-03-18,738,N20,VIIRS,l,2,308.93,1.56,D,0
19.43686,80.77859,345.13,0.43,0.38,2025-03-18,738,N20,VIIRS,n,2,310.78,13.03,D,0
19.43753,80.78262,337.5,0.43,0.38,2025-03-18,738,N20,VIIRS,l,2,308.39,6.09,D,0
19.43899,80.76995,339.76,0.43,0.38,2025-03-18,738,N20,VIIRS,l,2,311.93,8.16,D,0
19.43962,80.66573,342.57,0.43,0.38,2025-03-18,738,N20,VIIRS,n,2,310.09,4.3,D,0
19.44046,80.75731,339.68,0.43,0.38,2025-03-18,738,N20,VIIRS,l,2,311.16,6.82,D,0
19.44066,81.38403,337.15,0.41,0.37,2025-03-18,738,N20,VIIRS,l,2,310.84,3.15,D,0
19.44165,80.51897,342.06,0.44,0.38,2025-03-18,738,N20,VIIRS,n,2,309.57,3.58,D,0
19.44322,81.24854,336.03,0.41,0.37,2025-03-18,738,N20,VIIRS,l,2,310.24,3.23,D,0
19.44393,80.75678,349.54,0.43,0.38,2025-03-18,738,N20,VIIRS,n,2,310.09,6.82,D,0
19.44406,78.64156,340.03,0.53,0.42,2025-03-18,738,N20,VIIRS,l,2,314.32,7.49,D,0
19.44525,80.76479,347.1,0.43,0.38,2025-03-18,738,N20,VIIRS,n,2,309.49,8.37,D,0
19.44739,80.75617,334.84,0.43,0.38,2025-03-18,738,N20,VIIRS,l,2,308.26,3.12,D,0
19.44805,80.76019,345.11,0.43,0.38,2025-03-18,738,N20,VIIRS,n,2,308.57,3.12,D,0
19.45415,80.12032,335.45,0.45,0.39,2025-03-18,738,N20,VIIRS,l,2,309.31,2.29,D,0
19.4577,80.1197,341.16,0.45,0.39,2025-03-18,738,N20,VIIRS,l,2,311.47,7.64,D,0
19.45843,80.12405,349.6,0.45,0.39,2025-03-18,738,N20,VIIRS,n,2,311.98,5.48,D,0
19.46198,80.12344,335.22,0.45,0.39,2025-03-18,738,N20,VIIRS,l,2,309.04,5.48,D,0
19.46295,80.80779,339.47,0.42,0.38,2025-03-18,738,N20,VIIRS,n,2,308.85,7.66,D,0
19.46347,81.26129,340.28,0.41,0.37,2025-03-18,738,N20,VIIRS,n,2,308.7,6.79,D,0
19.46406,80.11401,347.84,0.45,0.39,2025-03-18,738,N20,VIIRS,n,2,312.32,4.48,D,0
19.46561,77.32552,348.19,0.42,0.45,2025-03-18,738,N20,VIIRS,n,2,316.92,6.56,D,0
19.46704,81.30437,335.04,0.41,0.37,2025-03-18,738,N20,VIIRS,l,2,309.1,1.25,D,0
19.4676,80.11333,340.23,0.45,0.39,2025-03-18,738,N20,VIIRS,l,2,311.58,4.48,D,0
19.47194,79.84241,338.13,0.46,0.39,2025-03-18,738,N20,VIIRS,l,2,310.55,5.71,D,0
19.47207,77.74747,344.53,0.4,0.44,2025-03-18,738,N20,VIIRS,n,2,312.53,4.37,D,0
19.47263,80.18707,341.05,0.45,0.39,2025-03-18,738,N20,VIIRS,n,2,308.72,3.27,D,0
19.47285,79.86926,354.12,0.46,0.39,2025-03-18,738,N20,VIIRS,n,2,311.21,11.74,D,0
19.47718,79.87295,342.49,0.46,0.39,2025-03-18,738,N20,VIIRS,n,2,308.82,4.32,D,0
19.48076,79.87228,354.67,0.46,0.39,2025-03-18,738,N20,VIIRS,n,2,311.0,8.36,D,0
19.48637,81.27322,341.65,0.41,0.37,2025-03-18,738,N20,VIIRS,n,2,307.07,5.76,D,0
19.49706,79.00062,342.36,0.51,0.41,2025-03-18,738,N20,VIIRS,n,2,314.04,5.25,D,0
19.4997,78.99846,342.3,0.51,0.41,2025-03-18,738,N20,VIIRS,l,2,313.6,4.68,D,0
19.50053,77.30577,343.6,0.42,0.46,2025-03-18,738,N20,VIIRS,n,2,315.8,4.52,D,0
19.50071,80.5502,344.8,0.43,0.38,2025-03-18,738,N20,VIIRS,n,2,307.38,7.04,D,0
19.5008,78.9999,339.23,0.51,0.41,2025-03-18,738,N20,VIIRS,l,2,314.08,3.91,D,0
19.50125,80.09962,343.52,0.45,0.39,2025-03-18,738,N20,VIIRS,n,2,312.57,11.9,D,0
19.50158,77.95612,348.2,0.39,0.44,2025-03-18,738,N20,VIIRS,n,2,313.27,3.83,D,0
19.50214,79.10174,341.6,0.5,0.41,2025-03-18,738,N20,VIIRS,l,2,313.31,3.47,D,0
19.50214,80.53726,343.86,0.43,0.38,2025-03-18,738,N20,VIIRS,n,2,310.99,3.77,D,0
19.5128,80.14591,346.14,0.45,0.39,2025-03-18,738,N20,VIIRS,n,2,308.89,4.78,D,0
19.51324,80.08412,341.63,0.45,0.39,2025-03-18,738,N20,VIIRS,n,2,310.83,4.07,D,0
19.51712,80.4327,338.91,0.44,0.38,2025-03-18,738,N20,VIIRS,l,2,310.24,2.9,D,0
19.52324,78.30067,341.68,0.56,0.43,2025-03-18,738,N20,VIIRS,l,2,316.13,7.05,D,0
19.52888,80.09005,336.16,0.45,0.39,2025-03-18,738,N20,VIIRS,l,2,310.25,3.47,D,0
19.5297,80.11646,339.16,0.45,0.39,2025-03-18,738,N20,VIIRS,n,2,308.33,5.45,D,0
19.54165,79.16418,343.4,0.5,0.41,2025-03-18,738,N20,VIIRS,n,2,315.28,5.22,D,0
19.553,80.10307,333.58,0.45,0.39,2025-03-18,738,N20,VIIRS,l,2,307.31,1.83,D,0
19.55333,81.32076,343.94,0.41,0.37,2025-03-18,738,N20,VIIRS,n,2,312.78,3.35,D,0
19.55582,80.09811,348.08,0.45,0.39,2025-03-18,738,N20,VIIRS,n,2,309.92,4.63,D,0
19.55654,80.10238,336.68,0.45,0.39,2025-03-18,738,N20,VIIRS,n,2,308.82,4.63,D,0
19.55721,80.08463,342.48,0.45,0.39,2025-03-18,738,N20,VIIRS,n,2,311.43,5.21,D,0
19.55726,80.10665,338.75,0.45,0.39,2025-03-18,738,N20,VIIRS,n,2,308.77,3.87,D,0
19.55793,80.08891,336.97,0.45,0.39,2025-03-18,738,N20,VIIRS,l,2,309.58,4.78,D,0
19.55909,78.32098,338.37,0.55,0.43,2025-03-18,738,N20,VIIRS,l,2,313.05,4.45,D,0
19.56214,77.09647,343.33,0.44,0.46,2025-03-18,738,N20,VIIRS,n,2,312.75,20.7,D,0
19.56272,79.21839,344.95,0.5,0.41,2025-03-18,738,N20,VIIRS,n,2,316.64,6.64,D,0
19.56752,79.2888,345.76,0.49,0.4,2025-03-18,738,N20,VIIRS,n,2,314.02,5.18,D,0
19.56798,81.29862,333.41,0.41,0.37,2025-03-18,738,N20,VIIRS,l,2,307.45,1.61,D,0
19.56907,77.29572,349.16,0.42,0.45,2025-03-18,738,N20,VIIRS,n,2,317.04,8.76,D,0
19.58667,80.00497,334.92,0.46,0.39,2025-03-18,738,N20,VIIRS,l,2,309.01,1.7,D,0
19.58797,81.14342,333.73,0.41,0.37,2025-03-18,738,N20,VIIRS,l,2,308.26,3.68,D,0
19.58988,81.1551,336.13,0.41,0.37,2025-03-18,738,N20,VIIRS,l,2,307.82,4.22,D,0
19.59328,81.15449,340.78,0.41,0.37,2025-03-18,738,N20,VIIRS,n,2,309.67,3.29,D,0
19.60778,80.10688,339.98,0.45,0.39,2025-03-18,738,N20,VIIRS,n,2,307.43,2.41,D,0
19.60851,80.11114,334.51,0.45,0.39,2025-03-18,738,N20,VIIRS,l,2,307.84,2.41,D,0
19.60924,79.11226,350.3,0.5,0.41,2025-03-18,738,N20,VIIRS,n,2,313.8,8.37,D,0
19.61012,79.38028,346.46,0.49,0.4,2025-03-18,738,N20,VIIRS,n,2,314.32,8.35,D,0
19.61092,79.38483,338.07,0.49,0.4,2025-03-18,738,N20,VIIRS,l,2,312.51,8.35,D,0
19.61379,79.37962,341.16,0.49,0.4,2025-03-18,738,N20,VIIRS,n,2,314.42,15.23,D,0
19.61384,81.30218,334.09,0.41,0.37,2025-03-18,738,N20,VIIRS,n,2,308.39,0.99,D,0
19.61458,79.38414,339.81,0.49,0.4,2025-03-18,738,N20,VIIRS,l,2,313.4,15.23,D,0
19.62051,79.2214,341.96,0.5,0.41,2025-03-18,738,N20,VIIRS,l,2,316.07,7.49,D,0
19.63647,77.18716,344.08,0.43,0.46,2025-03-18,738,N20,VIIRS,n,2,315.61,4.77,D,0
19.64249,80.1179,336.45,0.45,0.39,2025-03-18,738,N20,VIIRS,l,2,307.91,3.58,D,0
19.64838,79.04297,354.28,0.5,0.41,2025-03-18,738,N20,VIIRS,n,2,312.59,15.36,D,0
19.65211,79.04228,349.41,0.5,0.41,2025-03-18,738,N20,VIIRS,n,2,313.59,15.36,D,0
19.65294,79.04697,340.01,0.5,0.41,2025-03-18,738,N20,VIIRS,l,2,313.31,7.33,D,0
19.65384,80.12029,334.78,0.45,0.39,2025-03-18,738,N20,VIIRS,l,2,307.64,3.52,D,0
19.65694,78.14484,341.67,0.57,0.43,2025-03-18,738,N20,VIIRS,l,2,312.33,6.25,D,0
19.65775,79.99149,336.74,0.46,0.39,2025-03-18,738,N20,VIIRS,l,2,309.61,3.13,D,0
19.65847,79.99579,337.69,0.45,0.39,2025-03-18,738,N20,VIIRS,n,2,307.71,3.13,D,0
19.6614,79.18157,343.24,0.5,0.41,2025-03-18,738,N20,VIIRS,n,2,313.23,7.94,D,0
19.66974,77.68092,343.75,0.4,0.44,2025-03-18,738,N20,VIIRS,l,2,316.5,6.23,D,0
19.67015,80.21722,338.43,0.45,0.39,2025-03-18,738,N20,VIIRS,l,2,311.44,2.12,D,0
19.67266,77.19634,351.1,0.43,0.46,2025-03-18,738,N20,VIIRS,n,2,315.91,6.76,D,0
19.67296,80.21236,342.86,0.45,0.39,2025-03-18,738,N20,VIIRS,n,2,311.26,5.45,D,0
19.67367,80.21655,335.42,0.45,0.39,2025-03-18,738,N20,VIIRS,l,2,310.08,2.12,D,0
19.67709,77.67542,354.17,0.4,0.44,2025-03-18,738,N20,VIIRS,n,2,317.65,20.9,D,0
19.67719,80.30225,339.96,0.44,0.38,2025-03-18,738,N20,VIIRS,n,2,306.72,3.2,D,0
19.67779,77.67926,341.06,0.4,0.44,2025-03-18,738,N20,VIIRS,l,2,313.75,8.17,D,0
19.67848,77.68306,344.42,0.4,0.44,2025-03-18,738,N20,VIIRS,n,2,313.94,8.17,D,0
19.67858,80.31052,336.24,0.44,0.38,2025-03-18,738,N20,VIIRS,l,2,307.77,1.68,D,0
19.67906,79.88594,344.28,0.46,0.39,2025-03-18,738,N20,VIIRS,n,2,311.28,4.94,D,0
19.6825,77.68224,344.35,0.4,0.44,2025-03-18,738,N20,VIIRS,l,2,314.69,8.17,D,0
19.68263,79.88525,339.09,0.46,0.39,2025-03-18,738,N20,VIIRS,l,2,310.27,4.94,D,0
19.68308,81.49471,349.11,0.4,0.37,2025-03-18,738,N20,VIIRS,n,2,313.59,8.02,D,0
19.68754,80.42844,336.12,0.44,0.38,2025-03-18,738,N20,VIIRS,n,2,307.64,3.63,D,0
19.68796,79.93771,340.91,0.46,0.39,2025-03-18,738,N20,VIIRS,n,2,310.27,4.49,D,0
19.68962,80.44087,339.76,0.44,0.38,2025-03-18,738,N20,VIIRS,n,2,307.75,4.95,D,0
19.69057,80.16563,339.75,0.45,0.39,2025-03-18,738,N20,VIIRS,l,2,311.39,4.1,D,0
19.69239,79.96348,337.0,0.46,0.39,2025-03-18,738,N20,VIIRS,l,2,311.03,2.51,D,0
19.69268,80.1783,342.29,0.45,0.39,2025-03-18,738,N20,VIIRS,n,2,310.88,3.77,D,0
19.70247,80.56054,335.98,0.43,0.38,2025-03-18,738,N20,VIIRS,n,2,309.58,1.14,D,0
19.70279,80.04552,336.21,0.45,0.39,2025-03-18,738,N20,VIIRS,l,2,307.78,3.66,D,0
19.70605,80.19315,346.49,0.45,0.39,2025-03-18,738,N20,VIIRS,n,2,310.92,5.7,D,0
19.70607,78.08347,347.16,0.57,0.43,2025-03-18,738,N20,VIIRS,n,2,313.99,11.46,D,0
19.70629,80.19362,336.14,0.45,0.39,2025-03-18,738,N20,VIIRS,l,2,310.34,5.32,D,0
19.70656,80.32666,334.08,0.44,0.38,2025-03-18,738,N20,VIIRS,l,2,307.35,2.51,D,0
19.71032,79.85315,339.68,0.46,0.39,2025-03-18,738,N20,VIIRS,n,2,309.35,2.99,D,0
19.71091,79.96443,335.76,0.46,0.39,2025-03-18,738,N20,VIIRS,l,2,309.13,3.01,D,0
19.71373,79.95946,337.46,0.46,0.39,2025-03-18,738,N20,VIIRS,l,2,311.33,3.88,D,0
19.71446,79.96376,344.79,0.46,0.39,2025-03-18,738,N20,VIIRS,n,2,310.03,4.03,D,0
19.71547,80.40186,340.74,0.44,0.38,2025-03-18,738,N20,VIIRS,n,2,310.49,2.85,D,0
19.71729,79.95879,340.63,0.46,0.39,2025-03-18,738,N20,VIIRS,n,2,309.67,3.88,D,0
19.71756,80.1958,346.55,0.45,0.39,2025-03-18,738,N20,VIIRS,n,2,311.07,6.55,D,0
19.71802,79.9631,334.26,0.46,0.39,2025-03-18,738,N20,VIIRS,l,2,309.26,4.03,D,0
19.71896,80.40121,335.91,0.44,0.38,2025-03-18,738,N20,VIIRS,l,2,309.33,2.85,D,0
19.71964,80.40533,343.91,0.44,0.38,2025-03-18,738,N20,VIIRS,n,2,310.07,6.23,D,0
19.72142,80.09043,335.65,0.45,0.39,2025-03-18,738,N20,VIIRS,n,2,308.98,2.61,D,0
19.72148,78.19038,342.9,0.56,0.43,2025-03-18,738,N20,VIIRS,l,2,316.71,8.22,D,0
19.72235,78.26164,346.57,0.56,0.43,2025-03-18,738,N20,VIIRS,n,2,311.94,6.38,D,0
19.72527,78.25555,339.07,0.56,0.43,2025-03-18,738,N20,VIIRS,l,2,311.31,5.62,D,0
19.72622,78.26077,346.49,0.56,0.43,2025-03-18,738,N20,VIIRS,n,2,312.66,5.62,D,0
19.7265,79.94819,334.68,0.46,0.39,2025-03-18,738,N20,VIIRS,l,2,308.68,2.44,D,0
19.73477,80.06158,340.06,0.45,0.39,2025-03-18,738,N20,VIIRS,n,2,307.56,2.68,D,0
19.73867,80.67091,334.43,0.43,0.38,2025-03-18,738,N20,VIIRS,n,2,308.32,2.42,D,0
19.73939,78.11031,340.06,0.57,0.43,2025-03-18,738,N20,VIIRS,l,2,312.13,8.51,D,0
19.74212,80.67028,333.36,0.43,0.38,2025-03-18,738,N20,VIIRS,l,2,307.37,2.42,D,0
19.74278,80.67427,336.62,0.43,0.38,2025-03-18,738,N20,VIIRS,l,2,308.03,2.42,D,0
19.7469,80.67764,335.23,0.43,0.38,2025-03-18,738,N20,VIIRS,l,2,307.96,4.25,D,0
19.74726,79.98417,352.35,0.45,0.39,2025-03-18,738,N20,VIIRS,n,2,312.57,10.24,D,0
19.74799,79.98845,353.23,0.45,0.39,2025-03-18,738,N20,VIIRS,n,2,311.27,10.24,D,0
19.74892,80.05891,335.11,0.45,0.39,2025-03-18,738,N20,VIIRS,l,2,309.51,2.84,D,0
19.74946,80.58537,339.51,0.43,0.38,2025-03-18,738,N20,VIIRS,n,2,309.85,6.24,D,0
19.75082,79.98351,337.26,0.45,0.39,2025-03-18,738,N20,VIIRS,n,2,310.17,10.24,D,0
19.75114,80.66029,334.56,0.43,0.38,2025-03-18,738,N20,VIIRS,l,2,306.82,2.02,D,0
19.75425,80.24094,334.73,0.44,0.39,2025-03-18,738,N20,VIIRS,l,2,308.88,2.34,D,0
19.75428,78.08016,342.78,0.57,0.43,2025-03-18,738,N20,VIIRS,n,2,313.89,5.58,D,0
19.75558,80.20596,338.25,0.44,0.39,2025-03-18,738,N20,VIIRS,l,2,309.88,4.41,D,0
19.75694,80.60905,333.87,0.43,0.38,2025-03-18,738,N20,VIIRS,l,2,308.46,0.71,D,0
19.75704,79.51228,336.94,0.48,0.4,2025-03-18,738,N20,VIIRS,n,2,309.05,2.64,D,0
19.75792,79.66868,338.61,0.47,0.4,2025-03-18,738,N20,VIIRS,l,2,311.52,1.25,D,0
19.75992,80.69196,335.29,0.43,0.38,2025-03-18,738,N20,VIIRS,l,2,306.48,1.89,D,0
19.75999,77.98214,340.41,0.38,0.43,2025-03-18,738,N20,VIIRS,l,2,314.49,3.86,D,0
19.76894,80.4772,343.81,0.43,0.38,2025-03-18,738,N20,VIIRS,n,2,309.21,8.11,D,0
19.77028,80.14233,341.85,0.45,0.39,2025-03-18,738,N20,VIIRS,n,2,308.9,3.66,D,0
19.7717,80.15076,335.16,0.45,0.39,2025-03-18,738,N20,VIIRS,l,2,308.11,4.14,D,0
19.77208,81.15092,337.36,0.41,0.37,2025-03-18,738,N20,VIIRS,l,2,312.13,8.27,D,0
19.77408,77.8131,346.04,0.39,0.44,2025-03-18,738,N20,VIIRS,n,2,316.76,4.53,D,0
19.77426,77.67803,351.85,0.4,0.44,2025-03-18,738,N20,VIIRS,n,2,316.52,13.11,D,0
19.77485,81.14648,347.23,0.41,0.37,2025-03-18,738,N20,VIIRS,n,2,315.89,8.04,D,0
19.77548,81.15034,341.23,0.41,0.37,2025-03-18,738,N20,VIIRS,n,2,310.63,8.04,D,0
19.77888,81.14973,334.04,0.41,0.37,2025-03-18,738,N20,VIIRS,l,2,305.25,8.04,D,0
19.77915,79.79163,341.4,0.46,0.39,2025-03-18,738,N20,VIIRS,n,2,308.67,3.3,D,0
19.7822,80.0614,335.75,0.45,0.39,2025-03-18,738,N20,VIIRS,n,2,309.43,2.33,D,0
19.78298,80.8322,337.34,0.42,0.38,2025-03-18,738,N20,VIIRS,l,2,309.74,33.91,D,0
19.78303,80.23983,334.36,0.44,0.39,2025-03-18,738,N20,VIIRS,l,2,307.18,2.47,D,0
19.78373,80.2008,333.21,0.44,0.39,2025-03-18,738,N20,VIIRS,n,2,305.66,1.34,D,0
19.78499,79.80406,341.48,0.46,0.39,2025-03-18,738,N20,VIIRS,n,2,309.54,5.3,D,0
19.78722,80.64941,340.75,0.43,0.38,2025-03-18,738,N20,VIIRS,n,2,308.65,2.7,D,0
19.78818,80.77759,333.81,0.42,0.38,2025-03-18,738,N20,VIIRS,l,2,308.67,4.36,D,0
19.78884,80.78159,335.83,0.42,0.38,2025-03-18,738,N20,VIIRS,l,2,308.19,4.36,D,0
19.79462,80.4807,337.67,0.43,0.38,2025-03-18,738,N20,VIIRS,n,2,309.27,1.84,D,0
19.79481,79.98952,335.99,0.45,0.39,2025-03-18,738,N20,VIIRS,l,2,308.14,4.54,D,0
19.79707,80.23721,337.65,0.44,0.39,2025-03-18,738,N20,VIIRS,n,2,308.23,3.23,D,0
19.79977,80.61804,334.45,0.43,0.38,2025-03-18,738,N20,VIIRS,l,2,307.63,2.2,D,0
19.80058,80.21485,334.25,0.44,0.39,2025-03-18,738,N20,VIIRS,l,2,306.71,3.14,D,0
19.801,80.41167,337.38,0.44,0.38,2025-03-18,738,N20,VIIRS,n,2,310.2,2.57,D,0
19.8026,77.42312,339.09,0.41,0.45,2025-03-18,738,N20,VIIRS,l,2,312.75,4.53,D,0
19.8034,80.14568,344.79,0.45,0.39,2025-03-18,738,N20,VIIRS,n,2,308.44,5.04,D,0
19.80342,80.14481,334.19,0.45,0.39,2025-03-18,738,N20,VIIRS,n,2,308.02,3.04,D,0
19.80412,80.14902,340.11,0.45,0.39,2025-03-18,738,N20,VIIRS,n,2,307.46,3.16,D,0
19.80412,80.14989,334.93,0.45,0.39,2025-03-18,738,N20,VIIRS,n,2,307.08,2.79,D,0
19.80479,80.21838,350.73,0.44,0.39,2025-03-18,738,N20,VIIRS,n,2,306.93,4.99,D,0
19.80479,80.24009,345.42,0.44,0.39,2025-03-18,738,N20,VIIRS,n,2,308.52,5.06,D,0
19.8055,80.2226,332.45,0.44,0.39,2025-03-18,738,N20,VIIRS,l,2,306.11,4.99,D,0
19.80764,80.14837,336.44,0.45,0.39,2025-03-18,738,N20,VIIRS,n,2,306.89,3.16,D,0
19.80764,80.14925,332.27,0.45,0.39,2025-03-18,738,N20,VIIRS,l,2,306.76,2.79,D,0
19.8083,80.23943,341.63,0.44,0.39,2025-03-18,738,N20,VIIRS,n,2,306.34,5.06,D,0
19.80845,80.49914,337.28,0.43,0.38,2025-03-18,738,N20,VIIRS,n,2,309.99,2.64,D,0
19.80901,80.22192,338.36,0.44,0.39,2025-03-18,738,N20,VIIRS,n,2,306.29,3.17,D,0
19.81199,80.17456,337.61,0.45,0.39,2025-03-18,738,N20,VIIRS,n,2,307.36,3.89,D,0
19.81256,80.1779,345.5,0.45,0.39,2025-03-18,738,N20,VIIRS,n,2,307.77,5.94,D,0
19.81261,81.09943,346.7,0.41,0.37,2025-03-18,738,N20,VIIRS,n,2,312.02,7.75,D,0
19.8127,80.17872,335.25,0.44,0.39,2025-03-18,738,N20,VIIRS,n,2,308.34,3.89,D,0
19.81315,80.26852,338.15,0.44,0.38,2025-03-18,738,N20,VIIRS,n,2,310.98,4.88,D,0
19.81368,80.59464,342.26,0.43,0.38,2025-03-18,738,N20,VIIRS,n,2,311.01,5.14,D,0
19.81436,80.59872,337.09,0.43,0.38,2025-03-18,738,N20,VIIRS,n,2,310.23,3.83,D,0
19.81525,80.53989,335.29,0.43,0.38,2025-03-18,738,N20,VIIRS,l,2,308.97,1.75,D,0
19.81543,80.66912,338.64,0.43,0.38,2025-03-18,738,N20,VIIRS,n,2,309.66,3.49,D,0
19.8155,80.17387,346.6,0.45,0.39,2025-03-18,738,N20,VIIRS,n,2,308.62,7.35,D,0
19.81654,80.56902,337.91,0.43,0.38,2025-03-18,738,N20,VIIRS,l,2,310.71,1.68,D,0
19.81872,80.53923,340.43,0.43,0.38,2025-03-18,738,N20,VIIRS,n,2,308.86,4.09,D,0
19.81877,80.25887,335.85,0.44,0.38,2025-03-18,738,N20,VIIRS,l,2,309.82,3.49,D,0
19.82045,80.1816,347.84,0.44,0.39,2025-03-18,738,N20,VIIRS,n,2,309.2,7.14,D,0
19.82066,80.357,338.41,0.44,0.38,2025-03-18,738,N20,VIIRS,l,2,311.63,3.3,D,0
19.82397,80.18094,338.34,0.44,0.39,2025-03-18,738,N20,VIIRS,l,2,309.37,3.56,D,0
19.82415,80.35635,336.06,0.44,0.38,2025-03-18,738,N20,VIIRS,l,2,309.78,4.59,D,0
19.82558,80.3433,338.52,0.44,0.38,2025-03-18,738,N20,VIIRS,n,2,309.39,2.67,D,0
19.82691,80.02745,338.86,0.45,0.39,2025-03-18,738,N20,VIIRS,l,2,311.22,6.58,D,0
19.82748,80.18027,338.67,0.44,0.39,2025-03-18,738,N20,VIIRS,l,2,308.72,3.56,D,0
19.82959,81.09628,336.4,0.41,0.37,2025-03-18,738,N20,VIIRS,l,2,307.74,4.2,D,0
19.8307,80.09253,336.84,0.45,0.39,2025-03-18,738,N20,VIIRS,n,2,308.98,2.22,D,0
19.83072,81.2751,335.91,0.41,0.37,2025-03-18,738,N20,VIIRS,l,2,309.54,3.88,D,0
19.83257,80.342,334.29,0.44,0.38,2025-03-18,738,N20,VIIRS,l,2,309.02,2.59,D,0
19.8326,80.25273,348.77,0.44,0.38,2025-03-18,738,N20,VIIRS,n,2,309.2,5.22,D,0
19.83299,81.09567,342.08,0.41,0.37,2025-03-18,738,N20,VIIRS,n,2,306.74,4.2,D,0
19.83411,81.27456,340.46,0.41,0.37,2025-03-18,738,N20,VIIRS,n,2,307.92,3.88,D,0
19.83478,80.50681,338.94,0.43,0.38,2025-03-18,738,N20,VIIRS,l,2,313.71,4.37,D,0
19.83577,80.59883,335.95,0.43,0.38,2025-03-18,738,N20,VIIRS,n,2,310.94,1.63,D,0
19.83823,80.26456,336.63,0.44,0.38,2025-03-18,738,N20,VIIRS,l,2,310.1,4.1,D,0
19.83825,80.50615,339.61,0.43,0.38,2025-03-18,738,N20,VIIRS,l,2,312.66,4.37,D,0
19.83956,80.34069,337.54,0.44,0.38,2025-03-18,738,N20,VIIRS,l,2,309.47,4.05,D,0
19.84044,81.03363,334.19,0.41,0.37,2025-03-18,738,N20,VIIRS,l,2,306.65,2.88,D,0
19.84156,80.1777,335.85,0.44,0.39,2025-03-18,738,N20,VIIRS,l,2,307.95,6.15,D,0
19.84202,80.0948,335.17,0.45,0.39,2025-03-18,738,N20,VIIRS,l,2,308.69,2.08,D,0
19.84228,80.18188,335.34,0.44,0.39,2025-03-18,738,N20,VIIRS,l,2,309.0,6.15,D,0
19.84244,80.26807,342.21,0.44,0.38,2025-03-18,738,N20,VIIRS,n,2,310.27,4.1,D,0
19.84252,80.03327,340.68,0.45,0.39,2025-03-18,738,N20,VIIRS,n,2,310.27,3.9,D,0
19.84404,80.06373,332.8,0.45,0.39,2025-03-18,738,N20,VIIRS,l,2,307.78,2.21,D,0
19.84555,80.09414,340.48,0.45,0.39,2025-03-18,738,N20,VIIRS,n,2,309.03,3.12,D,0
19.84585,79.96659,346.14,0.45,0.39,2025-03-18,738,N20,VIIRS,n,2,309.97,4.34,D,0
19.84885,80.36945,340.36,0.44,0.38,2025-03-18,738,N20,VIIRS,n,2,308.33,4.02,D,0
19.8489,77.53644,353.74,0.41,0.45,2025-03-18,738,N20,VIIRS,n,2,316.08,9.23,D,0
19.85012,80.24944,333.54,0.44,0.38,2025-03-18,738,N20,VIIRS,l,2,308.07,1.73,D,0
19.85073,80.18895,333.15,0.44,0.39,2025-03-18,738,N20,VIIRS,l,2,307.62,3.32,D,0
19.8511,80.0624,339.73,0.45,0.39,2025-03-18,738,N20,VIIRS,n,2,308.16,3.32,D,0
19.85144,80.19318,334.86,0.44,0.39,2025-03-18,738,N20,VIIRS,l,2,306.73,4.69,D,0
19.85164,80.36471,344.65,0.44,0.38,2025-03-18,738,N20,VIIRS,n,2,309.41,4.02,D,0
19.85176,80.04471,335.39,0.45,0.39,2025-03-18,738,N20,VIIRS,l,2,308.73,4.06,D,0
19.85424,80.18829,342.76,0.44,0.39,2025-03-18,738,N20,VIIRS,n,2,306.92,3.62,D,0
19.85513,80.36406,333.48,0.44,0.38,2025-03-18,738,N20,VIIRS,l,2,307.48,1.54,D,0
19.85529,80.04403,341.47,0.45,0.39,2025-03-18,738,N20,VIIRS,n,2,309.36,4.06,D,0
19.85576,80.28272,336.42,0.44,0.38,2025-03-18,738,N20,VIIRS,l,2,307.38,2.34,D,0
19.86138,77.33481,343.87,0.42,0.45,2025-03-18,738,N20,VIIRS,l,2,318.32,9.09,D,0
19.86242,80.06463,334.93,0.45,0.39,2025-03-18,738,N20,VIIRS,l,2,307.64,2.89,D,0
19.86287,79.08687,341.91,0.5,0.41,2025-03-18,738,N20,VIIRS,l,2,313.25,3.12,D,0
19.86671,80.09006,335.57,0.45,0.39,2025-03-18,738,N20,VIIRS,n,2,307.36,3.92,D,0
19.86682,80.13383,337.29,0.45,0.39,2025-03-18,738,N20,VIIRS,n,2,306.09,3.24,D,0
19.86697,80.41276,333.74,0.44,0.38,2025-03-18,738,N20,VIIRS,l,2,308.72,3.66,D,0
19.86711,79.53932,347.24,0.47,0.4,2025-03-18,738,N20,VIIRS,n,2,315.32,22.73,D,0
19.86909,80.36147,337.3,0.44,0.38,2025-03-18,738,N20,VIIRS,l,2,308.66,3.75,D,0
19.86979,81.28009,335.35,0.41,0.37,2025-03-18,738,N20,VIIRS,l,2,306.95,1.9,D,0
19.87041,81.28395,331.55,0.41,0.37,2025-03-18,738,N20,VIIRS,l,2,305.97,1.9,D,0
19.87187,80.31394,345.5,0.44,0.38,2025-03-18,738,N20,VIIRS,n,2,307.86,4.99,D,0
19.87387,80.13258,331.48,0.45,0.39,2025-03-18,738,N20,VIIRS,l,2,304.83,1.92,D,0
19.87525,80.11916,340.11,0.45,0.39,2025-03-18,738,N20,VIIRS,n,2,305.16,9.07,D,0
19.87529,80.14101,342.61,0.45,0.39,2025-03-18,738,N20,VIIRS,n,2,306.83,4.86,D,0
19.87597,80.12342,367.0,0.45,0.39,2025-03-18,738,N20,VIIRS,h,2,308.88,9.07,D,0
19.87669,80.1277,335.59,0.45,0.39,2025-03-18,738,N20,VIIRS,n,2,304.54,1.92,D,0
19.8774,80.13194,331.24,0.45,0.39,2025-03-18,738,N20,VIIRS,l,2,303.69,1.92,D,0
19.8778,81.19447,336.65,0.41,0.37,2025-03-18,738,N20,VIIRS,n,2,311.44,3.21,D,0
19.87877,80.11848,367.0,0.45,0.39,2025-03-18,738,N20,VIIRS,h,2,307.53,7.45,D,0
19.87881,80.14034,342.18,0.45,0.39,2025-03-18,738,N20,VIIRS,n,2,306.69,4.86,D,0
19.87949,80.12276,345.36,0.45,0.39,2025-03-18,738,N20,VIIRS,n,2,304.84,7.45,D,0
19.88021,80.12705,342.23,0.45,0.39,2025-03-18,738,N20,VIIRS,n,2,303.56,5.02,D,0
19.88093,80.13129,340.25,0.45,0.39,2025-03-18,738,N20,VIIRS,n,2,304.22,5.02,D,0
19.88118,81.19384,335.89,0.41,0.37,2025-03-18,738,N20,VIIRS,n,2,310.31,3.21,D,0
19.8823,80.11783,333.27,0.45,0.39,2025-03-18,738,N20,VIIRS,n,2,303.94,7.45,D,0
19.88233,80.13966,342.35,0.45,0.39,2025-03-18,738,N20,VIIRS,n,2,306.89,4.99,D,0
19.88264,81.27347,331.06,0.41,0.37,2025-03-18,738,N20,VIIRS,l,2,305.83,1.85,D,0
19.88796,80.12991,332.96,0.45,0.39,2025-03-18,738,N20,VIIRS,l,2,304.06,5.13,D,0
19.88833,79.91996,340.41,0.46,0.39,2025-03-18,738,N20,VIIRS,l,2,311.23,2.94,D,0
19.88938,80.16004,339.36,0.45,0.39,2025-03-18,738,N20,VIIRS,n,2,308.04,3.72,D,0
19.89008,80.14252,346.77,0.45,0.39,2025-03-18,738,N20,VIIRS,n,2,307.65,9.43,D,0
19.89009,80.16425,343.35,0.44,0.39,2025-03-18,738,N20,VIIRS,n,2,309.16,3.72,D,0
19.89031,81.29195,335.95,0.41,0.37,2025-03-18,738,N20,VIIRS,n,2,306.76,2.71,D,0
19.89077,80.12501,335.95,0.45,0.39,2025-03-18,738,N20,VIIRS,n,2,304.86,5.13,D,0
19.89148,80.12922,340.5,0.45,0.39,2025-03-18,738,N20,VIIRS,n,2,307.22,5.13,D,0
19.8939,80.53003,335.89,0.43,0.38,2025-03-18,738,N20,VIIRS,l,2,309.55,3.39,D,0
19.89419,80.9744,340.55,0.42,0.37,2025-03-18,738,N20,VIIRS,n,2,311.77,3.98,D,0
19.89444,81.10426,337.86,0.41,0.37,2025-03-18,738,N20,VIIRS,n,2,307.87,4.54,D,0
19.89487,77.33199,339.38,0.42,0.45,2025-03-18,738,N20,VIIRS,l,2,314.0,4.71,D,0
19.8956,81.23926,338.87,0.41,0.37,2025-03-18,738,N20,VIIRS,n,2,307.52,4.19,D,0
19.89712,80.16292,339.04,0.44,0.39,2025-03-18,738,N20,VIIRS,n,2,307.63,3.29,D,0
19.89753,80.44508,339.1,0.43,0.38,2025-03-18,738,N20,VIIRS,n,2,310.49,3.59,D,0
19.89878,80.51652,335.84,0.43,0.38,2025-03-18,738,N20,VIIRS,n,2,308.74,2.91,D,0
19.89964,80.43628,339.83,0.43,0.38,2025-03-18,738,N20,VIIRS,n,2,307.86,2.23,D,0
19.89992,80.94501,338.8,0.42,0.37,2025-03-18,738,N20,VIIRS,n,2,309.37,2.02,D,0
19.90145,80.78204,332.57,0.42,0.38,2025-03-18,738,N20,VIIRS,l,2,304.52,2.8,D,0
19.9034,80.24377,334.22,0.44,0.38,2025-03-18,738,N20,VIIRS,l,2,307.52,3.4,D,0
19.90555,80.16991,338.82,0.44,0.39,2025-03-18,738,N20,VIIRS,n,2,306.44,5.7,D,0
19.90607,80.62381,341.1,0.43,0.38,2025-03-18,738,N20,VIIRS,n,2,310.3,3.22,D,0
19.90701,80.73542,334.57,0.42,0.38,2025-03-18,738,N20,VIIRS,l,2,307.59,2.81,D,0
19.9076,80.24726,344.82,0.44,0.38,2025-03-18,738,N20,VIIRS,n,2,307.77,6.07,D,0
19.90841,80.07908,334.3,0.45,0.39,2025-03-18,738,N20,VIIRS,l,2,308.11,1.99,D,0
19.91111,80.2466,337.62,0.44,0.38,2025-03-18,738,N20,VIIRS,n,2,305.86,6.07,D,0
19.91503,81.25161,333.47,0.41,0.37,2025-03-18,738,N20,VIIRS,l,2,308.25,4.66,D,0
19.91567,81.25557,334.16,0.41,0.37,2025-03-18,738,N20,VIIRS,l,2,306.7,1.98,D,0
19.91771,80.43713,346.11,0.43,0.38,2025-03-18,738,N20,VIIRS,n,2,310.72,3.84,D,0
19.91824,79.92317,339.26,0.45,0.39,2025-03-18,738,N20,VIIRS,n,2,310.29,3.76,D,0
19.91885,80.20626,343.63,0.44,0.39,2025-03-18,738,N20,VIIRS,n,2,307.13,3.13,D,0
19.9198,78.70622,347.06,0.52,0.42,2025-03-18,738,N20,VIIRS,n,2,316.78,12.42,D,0
19.92098,80.19731,346.74,0.44,0.39,2025-03-18,738,N20,VIIRS,n,2,308.15,14.7,D,0
19.92161,80.19839,355.32,0.44,0.39,2025-03-18,738,N20,VIIRS,n,2,310.82,11.96,D,0
19.92167,80.20146,354.12,0.44,0.39,2025-03-18,738,N20,VIIRS,n,2,312.51,14.7,D,0
19.92231,80.20253,353.67,0.44,0.39,2025-03-18,738,N20,VIIRS,n,2,309.77,11.96,D,0
19.92236,80.2056,337.44,0.44,0.39,2025-03-18,738,N20,VIIRS,l,2,308.27,6.29,D,0
19.92449,80.19665,342.41,0.44,0.39,2025-03-18,738,N20,VIIRS,n,2,311.37,14.7,D,0
19.92456,80.7981,340.16,0.42,0.38,2025-03-18,738,N20,VIIRS,n,2,307.16,3.56,D,0
19.92487,80.73627,338.38,0.42,0.38,2025-03-18,738,N20,VIIRS,l,2,308.43,2.99,D,0
19.92512,80.19773,340.52,0.44,0.39,2025-03-18,738,N20,VIIRS,n,2,312.42,11.96,D,0
19.92554,80.7403,341.89,0.42,0.38,2025-03-18,738,N20,VIIRS,n,2,308.91,2.99,D,0
19.9262,80.74429,337.43,0.42,0.38,2025-03-18,738,N20,VIIRS,l,2,308.6,2.78,D,0
19.92823,81.48203,337.57,0.4,0.37,2025-03-18,738,N20,VIIRS,l,2,311.63,2.53,D,0
19.92839,80.71487,336.25,0.42,0.38,2025-03-18,738,N20,VIIRS,l,2,307.14,4.69,D,0
19.92863,80.19707,350.21,0.44,0.39,2025-03-18,738,N20,VIIRS,n,2,311.48,8.12,D,0
19.92933,80.20118,336.43,0.44,0.39,2025-03-18,738,N20,VIIRS,l,2,307.93,8.12,D,0
19.93262,80.33251,334.6,0.44,0.38,2025-03-18,738,N20,VIIRS,l,2,307.78,2.04,D,0
19.93694,78.69268,342.64,0.52,0.42,2025-03-18,738,N20,VIIRS,l,2,315.02,4.26,D,0
19.93718,80.03416,335.69,0.45,0.39,2025-03-18,738,N20,VIIRS,n,2,307.88,1.81,D,0
19.942,79.99812,339.28,0.45,0.39,2025-03-18,738,N20,VIIRS,n,2,311.03,3.13,D,0
19.94239,80.10757,338.11,0.45,0.39,2025-03-18,738,N20,VIIRS,l,2,309.55,5.79,D,0
19.94482,80.22835,348.02,0.44,0.38,2025-03-18,738,N20,VIIRS,n,2,308.81,6.46,D,0
19.94582,80.67034,339.99,0.43,0.38,2025-03-18,738,N20,VIIRS,l,2,310.57,3.75,D,0
19.94662,80.50336,337.16,0.43,0.38,2025-03-18,738,N20,VIIRS,l,2,309.65,2.26,D,0
19.9473,80.50743,339.55,0.43,0.38,2025-03-18,738,N20,VIIRS,n,2,310.46,3.17,D,0
19.94846,77.87858,343.31,0.39,0.44,2025-03-18,738,N20,VIIRS,l,2,316.62,5.63,D,0
19.94884,80.14545,336.66,0.44,0.39,2025-03-18,738,N20,VIIRS,n,2,309.54,3.0,D,0
19.94937,80.08438,336.45,0.45,0.39,2025-03-18,738,N20,VIIRS,l,2,310.57,2.94,D,0
19.94944,80.10625,341.97,0.45,0.39,2025-03-18,738,N20,VIIRS,n,2,309.08,7.56,D,0
19.94993,80.37187,344.24,0.44,0.38,2025-03-18,738,N20,VIIRS,n,2,308.72,5.79,D,0
19.95092,77.87823,341.88,0.39,0.44,2025-03-18,738,N20,VIIRS,l,2,313.36,4.48,D,0
19.95134,81.26099,333.84,0.41,0.37,2025-03-18,738,N20,VIIRS,l,2,308.71,2.72,D,0
19.95135,80.37268,344.18,0.44,0.38,2025-03-18,738,N20,VIIRS,n,2,307.93,3.68,D,0
19.95197,80.3842,340.1,0.44,0.38,2025-03-18,738,N20,VIIRS,n,2,309.69,3.5,D,0
19.95224,80.10133,336.14,0.45,0.39,2025-03-18,738,N20,VIIRS,l,2,310.17,4.56,D,0
19.95295,78.69475,346.19,0.52,0.42,2025-03-18,738,N20,VIIRS,n,2,314.37,8.53,D,0
19.95302,80.12735,345.4,0.45,0.39,2025-03-18,738,N20,VIIRS,n,2,309.26,4.4,D,0
19.95373,80.13153,335.44,0.45,0.39,2025-03-18,738,N20,VIIRS,n,2,308.16,2.61,D,0
19.95461,80.42181,341.6,0.43,0.38,2025-03-18,738,N20,VIIRS,n,2,310.35,4.94,D,0
19.95537,80.40476,340.01,0.43,0.38,2025-03-18,738,N20,VIIRS,n,2,308.07,3.84,D,0
19.95623,80.40141,333.63,0.43,0.38,2025-03-18,738,N20,VIIRS,l,2,307.95,2.19,D,0
19.95654,80.12666,342.87,0.45,0.39,2025-03-18,738,N20,VIIRS,n,2,308.66,4.4,D,0
19.95682,79.97769,337.35,0.45,0.39,2025-03-18,738,N20,VIIRS,n,2,311.37,3.19,D,0
19.95693,80.40551,349.76,0.43,0.38,2025-03-18,738,N20,VIIRS,n,2,309.15,6.53,D,0
19.95885,80.40411,349.2,0.43,0.38,2025-03-18,738,N20,VIIRS,n,2,310.02,3.84,D,0
19.95901,80.37548,338.1,0.44,0.38,2025-03-18,738,N20,VIIRS,l,2,309.33,2.74,D,0
19.95953,80.40822,337.12,0.43,0.38,2025-03-18,738,N20,VIIRS,n,2,307.05,3.84,D,0
19.9604,80.40485,348.67,0.43,0.38,2025-03-18,738,N20,VIIRS,n,2,309.87,6.53,D,0
19.96068,80.45857,337.73,0.43,0.38,2025-03-18,738,N20,VIIRS,l,2,311.35,3.22,D,0
19.96081,80.80356,336.78,0.42,0.38,2025-03-18,738,N20,VIIRS,n,2,310.26,2.52,D,0
19.9618,80.37074,333.45,0.44,0.38,2025-03-18,738,N20,VIIRS,l,2,307.72,2.74,D,0
19.96225,78.70314,344.46,0.52,0.42,2025-03-18,738,N20,VIIRS,n,2,313.64,4.48,D,0
19.9625,80.37484,343.12,0.44,0.38,2025-03-18,738,N20,VIIRS,n,2,308.42,2.74,D,0
19.96395,80.50011,339.55,0.43,0.38,2025-03-18,738,N20,VIIRS,n,2,309.28,6.09,D,0
19.96458,80.36597,338.74,0.44,0.38,2025-03-18,738,N20,VIIRS,n,2,308.23,2.47,D,0
19.96608,80.49129,336.34,0.43,0.38,2025-03-18,738,N20,VIIRS,n,2,309.67,1.66,D,0
19.96848,80.11132,336.18,0.45,0.39,2025-03-18,738,N20,VIIRS,l,2,308.3,3.23,D,0
19.96887,80.48655,353.17,0.43,0.38,2025-03-18,738,N20,VIIRS,n,2,315.6,11.63,D,0
19.96954,80.49063,339.56,0.43,0.38,2025-03-18,738,N20,VIIRS,n,2,310.58,11.63,D,0
19.97008,80.48312,338.48,0.43,0.38,2025-03-18,738,N20,VIIRS,n,2,309.48,3.53,D,0
19.97077,80.4872,350.8,0.43,0.38,2025-03-18,738,N20,VIIRS,n,2,313.5,10.66,D,0
19.97108,77.78719,342.31,0.39,0.44,2025-03-18,738,N20,VIIRS,l,2,316.21,3.23,D,0
19.97191,80.067,342.46,0.45,0.39,2025-03-18,738,N20,VIIRS,l,2,312.47,7.82,D,0
19.97223,80.38993,340.57,0.43,0.38,2025-03-18,738,N20,VIIRS,n,2,308.0,2.3,D,0
19.97643,80.35098,342.75,0.44,0.38,2025-03-18,738,N20,VIIRS,n,2,309.15,4.66,D,0
19.9771,80.39749,355.35,0.43,0.38,2025-03-18,738,N20,VIIRS,n,2,312.68,10.79,D,0
19.97851,80.38456,334.2,0.44,0.38,2025-03-18,738,N20,VIIRS,l,2,306.36,3.58,D,0
19.97853,80.34212,338.73,0.44,0.38,2025-03-18,738,N20,VIIRS,l,2,309.56,3.57,D,0
19.98058,80.39684,346.17,0.43,0.38,2025-03-18,738,N20,VIIRS,n,2,308.06,10.79,D,0
19.98127,80.40094,354.68,0.43,0.38,2025-03-18,738,N20,VIIRS,n,2,310.21,10.38,D,0
19.98191,80.4472,341.32,0.43,0.38,2025-03-18,738,N20,VIIRS,n,2,310.7,3.79,D,0
19.98201,80.29871,335.65,0.44,0.38,2025-03-18,738,N20,VIIRS,l,2,308.04,3.23,D,0
19.98244,79.40237,346.4,0.48,0.4,2025-03-18,738,N20,VIIRS,n,2,310.64,6.72,D,0
19.98271,80.30287,335.59,0.44,0.38,2025-03-18,738,N20,VIIRS,l,2,308.35,3.23,D,0
19.98962,80.15067,337.9,0.44,0.39,2025-03-18,738,N20,VIIRS,n,2,309.57,2.99,D,0
19.99086,80.50028,340.03,0.43,0.38,2025-03-18,738,N20,VIIRS,l,2,311.42,4.64,D,0
19.99474,80.83815,336.78,0.42,0.38,2025-03-18,738,N20,VIIRS,l,2,311.36,2.1,D,0
19.99518,80.05383,343.4,0.45,0.39,2025-03-18,738,N20,VIIRS,n,2,312.57,6.62,D,0
19.99604,80.63701,336.33,0.43,0.38,2025-03-18,738,N20,VIIRS,l,2,309.87,2.65,D,0
19.99757,79.01402,344.39,0.5,0.41,2025-03-18,738,N20,VIIRS,l,2,318.54,11.11,D,0
17.44531,81.44898,306.54,0.38,0.36,2025-03-18,2008,N20,VIIRS,n,2,295.39,1.22,N,0
17.60971,81.39594,306.88,0.38,0.36,2025-03-18,2008,N20,VIIRS,n,2,296.31,1.46,N,0
17.88946,81.06367,305.76,0.39,0.36,2025-03-18,2008,N20,VIIRS,n,2,295.62,0.39,N,0
17.95669,80.78518,311.17,0.39,0.36,2025-03-18,2008,N20,VIIRS,n,2,299.78,2.3,N,0
18.01452,79.76738,308.16,0.41,0.37,2025-03-18,2008,N20,VIIRS,n,2,294.44,0.46,N,0
18.11403,80.10687,310.97,0.4,0.37,2025-03-18,2008,N20,VIIRS,n,2,296.48,1.07,N,0
18.11458,78.33716,306.89,0.46,0.39,2025-03-18,2008,N20,VIIRS,n,2,293.91,1.32,N,0
18.21438,80.22968,328.29,0.4,0.37,2025-03-18,2008,N20,VIIRS,n,2,298.46,2.9,N,0
18.21772,80.23023,313.75,0.4,0.37,2025-03-18,2008,N20,VIIRS,n,2,297.6,1.35,N,0
18.24589,80.80383,312.42,0.39,0.36,2025-03-18,2008,N20,VIIRS,n,2,298.04,1.51,N,0
18.24642,80.80032,312.36,0.39,0.36,2025-03-18,2008,N20,VIIRS,n,2,297.71,1.51,N,0
18.25304,80.80137,308.87,0.39,0.36,2025-03-18,2008,N20,VIIRS,n,2,298.12,2.18,N,0
18.26636,80.87025,307.78,0.39,0.36,2025-03-18,2008,N20,VIIRS,n,2,297.33,1.55,N,0
18.26966,80.87081,306.98,0.39,0.36,2025-03-18,2008,N20,VIIRS,n,2,296.93,1.02,N,0
18.27023,80.86713,315.55,0.39,0.36,2025-03-18,2008,N20,VIIRS,n,2,297.58,1.8,N,0
18.28364,80.69012,308.08,0.39,0.36,2025-03-18,2008,N20,VIIRS,n,2,297.54,1.55,N,0
18.30214,80.04864,321.37,0.4,0.37,2025-03-18,2008,N20,VIIRS,n,2,298.09,1.59,N,0
18.30269,80.04489,309.25,0.4,0.37,2025-03-18,2008,N20,VIIRS,n,2,296.84,1.59,N,0
18.30325,80.04115,314.25,0.4,0.37,2025-03-18,2008,N20,VIIRS,n,2,297.39,1.64,N,0
18.30573,79.78162,311.25,0.41,0.37,2025-03-18,2008,N20,VIIRS,n,2,295.57,1.57,N,0
18.30652,81.46638,307.4,0.38,0.36,2025-03-18,2008,N20,VIIRS,n,2,296.71,1.35,N,0
18.31781,80.01265,312.55,0.4,0.37,2025-03-18,2008,N20,VIIRS,n,2,297.23,1.42,N,0
18.32061,80.01699,311.59,0.4,0.37,2025-03-18,2008,N20,VIIRS,n,2,297.18,2.23,N,0
18.37744,80.13322,310.15,0.4,0.37,2025-03-18,2008,N20,VIIRS,n,2,297.3,0.85,N,0
18.40752,80.32169,307.28,0.4,0.37,2025-03-18,2008,N20,VIIRS,n,2,295.17,0.67,N,0
18.41259,80.24252,306.78,0.4,0.37,2025-03-18,2008,N20,VIIRS,n,2,296.48,0.84,N,0
18.41594,80.24307,310.53,0.4,0.37,2025-03-18,2008,N20,VIIRS,n,2,296.72,0.84,N,0
18.42885,79.90211,311.29,0.4,0.37,2025-03-18,2008,N20,VIIRS,n,2,296.57,1.51,N,0
18.50472,78.07732,308.52,0.48,0.4,2025-03-18,2008,N20,VIIRS,n,2,295.17,1.35,N,0
18.53999,80.702,307.2,0.39,0.36,2025-03-18,2008,N20,VIIRS,n,2,297.13,1.16,N,0
18.54055,80.69834,307.26,0.39,0.36,2025-03-18,2008,N20,VIIRS,n,2,296.98,1.16,N,0
18.54111,80.69467,309.39,0.39,0.36,2025-03-18,2008,N20,VIIRS,n,2,297.62,1.72,N,0
18.57875,80.67081,314.0,0.39,0.36,2025-03-18,2008,N20,VIIRS,n,2,297.42,1.75,N,0
18.58576,80.23901,306.93,0.4,0.37,2025-03-18,2008,N20,VIIRS,n,2,296.78,1.55,N,0
18.58748,80.72494,307.64,0.39,0.36,2025-03-18,2008,N20,VIIRS,n,2,296.63,1.49,N,0
18.59648,79.54607,321.81,0.42,0.37,2025-03-18,2008,N20,VIIRS,n,2,297.95,2.35,N,0
18.59962,80.73444,308.21,0.39,0.36,2025-03-18,2008,N20,VIIRS,n,2,296.52,1.4,N,0
18.60027,80.23371,307.83,0.4,0.37,2025-03-18,2008,N20,VIIRS,n,2,296.42,1.04,N,0
18.60083,80.22997,308.38,0.4,0.37,2025-03-18,2008,N20,VIIRS,n,2,296.85,1.04,N,0
18.61404,80.70678,311.61,0.39,0.36,2025-03-18,2008,N20,VIIRS,n,2,297.17,1.15,N,0
18.6146,80.7031,311.91,0.39,0.36,2025-03-18,2008,N20,VIIRS,n,2,297.47,1.15,N,0
18.61758,80.23272,328.58,0.4,0.37,2025-03-18,2008,N20,VIIRS,n,2,297.45,3.22,N,0
18.6198,80.26376,307.93,0.4,0.37,2025-03-18,2008,N20,VIIRS,n,2,296.55,1.07,N,0
18.65774,80.68774,307.29,0.39,0.36,2025-03-18,2008,N20,VIIRS,n,2,297.02,1.82,N,0
18.66381,80.69255,311.28,0.39,0.36,2025-03-18,2008,N20,VIIRS,n,2,297.11,1.05,N,0
18.66769,80.68943,307.92,0.39,0.36,2025-03-18,2008,N20,VIIRS,n,2,297.13,1.05,N,0
18.67682,80.28831,316.87,0.4,0.37,2025-03-18,2008,N20,VIIRS,n,2,298.71,2.57,N,0
18.67875,80.68379,318.29,0.39,0.36,2025-03-18,2008,N20,VIIRS,n,2,297.51,1.92,N,0
18.68044,79.99596,309.18,0.4,0.37,2025-03-18,2008,N20,VIIRS,n,2,298.0,1.74,N,0
18.68208,80.68432,319.76,0.39,0.36,2025-03-18,2008,N20,VIIRS,n,2,297.85,1.92,N,0
18.69006,80.49683,308.57,0.39,0.36,2025-03-18,2008,N20,VIIRS,n,2,298.13,0.55,N,0
18.69428,80.6712,333.31,0.39,0.36,2025-03-18,2008,N20,VIIRS,n,2,298.63,3.65,N,0
18.70078,78.79115,312.75,0.44,0.39,2025-03-18,2008,N20,VIIRS,n,2,296.96,1.77,N,0
18.717,80.6562,320.25,0.39,0.36,2025-03-18,2008,N20,VIIRS,n,2,297.78,2.98,N,0
18.72032,79.53609,323.25,0.42,0.37,2025-03-18,2008,N20,VIIRS,n,2,299.63,3.24,N,2
18.72227,80.66412,308.31,0.39,0.36,2025-03-18,2008,N20,VIIRS,n,2,297.59,1.08,N,0
18.72282,80.66045,314.88,0.39,0.36,2025-03-18,2008,N20,VIIRS,n,2,297.66,1.08,N,0
18.73224,80.53385,311.53,0.39,0.36,2025-03-18,2008,N20,VIIRS,n,2,297.54,1.92,N,0
18.74165,80.64847,317.56,0.39,0.36,2025-03-18,2008,N20,VIIRS,n,2,298.19,2.39,N,0
18.74221,80.64478,319.78,0.39,0.36,2025-03-18,2008,N20,VIIRS,n,2,298.57,2.37,N,0
18.74259,80.32985,310.47,0.4,0.37,2025-03-18,2008,N20,VIIRS,n,2,298.3,0.96,N,0
18.74607,80.21522,308.6,0.4,0.37,2025-03-18,2008,N20,VIIRS,n,2,296.54,1.87,N,0
18.74609,80.64164,325.31,0.39,0.36,2025-03-18,2008,N20,VIIRS,n,2,298.52,3.35,N,0
18.77824,80.60921,320.54,0.39,0.36,2025-03-18,2008,N20,VIIRS,n,2,298.26,2.22,N,0
18.79388,80.52834,315.87,0.39,0.36,2025-03-18,2008,N20,VIIRS,n,2,295.73,1.3,N,0
18.80559,80.0937,308.14,0.4,0.37,2025-03-18,2008,N20,VIIRS,n,2,296.75,1.25,N,0
18.80862,80.65598,311.68,0.39,0.36,2025-03-18,2008,N20,VIIRS,n,2,297.37,1.89,N,0
18.82523,80.65874,307.32,0.39,0.36,2025-03-18,2008,N20,VIIRS,n,2,296.26,1.59,N,0
18.82748,80.64403,308.12,0.39,0.36,2025-03-18,2008,N20,VIIRS,n,2,296.97,1.24,N,0
18.82804,80.64035,312.71,0.39,0.36,2025-03-18,2008,N20,VIIRS,n,2,297.0,1.24,N,0
18.83077,80.32852,314.78,0.4,0.37,2025-03-18,2008,N20,VIIRS,n,2,298.04,1.92,N,0
18.83301,80.33652,309.27,0.4,0.37,2025-03-18,2008,N20,VIIRS,n,2,297.12,1.66,N,0
18.83921,80.58934,318.11,0.39,0.36,2025-03-18,2008,N20,VIIRS,n,2,297.81,2.48,N,0
18.84033,80.58202,309.02,0.39,0.36,2025-03-18,2008,N20,VIIRS,n,2,298.05,2.15,N,0
18.84277,80.58605,315.56,0.39,0.36,2025-03-18,2008,N20,VIIRS,n,2,298.29,1.52,N,0
18.84332,80.58238,315.31,0.39,0.36,2025-03-18,2008,N20,VIIRS,n,2,297.66,1.52,N,0
18.8461,80.58662,318.3,0.39,0.36,2025-03-18,2008,N20,VIIRS,n,2,297.56,1.52,N,0
18.86104,80.62316,312.27,0.39,0.36,2025-03-18,2008,N20,VIIRS,n,2,296.93,1.73,N,0
18.8627,80.63477,308.72,0.39,0.36,2025-03-18,2008,N20,VIIRS,n,2,296.44,1.19,N,0
18.86437,80.62372,308.94,0.39,0.36,2025-03-18,2008,N20,VIIRS,n,2,296.38,1.21,N,0
18.86834,80.5065,308.78,0.39,0.36,2025-03-18,2008,N20,VIIRS,n,2,297.02,1.46,N,0
18.87156,80.64381,309.45,0.39,0.36,2025-03-18,2008,N20,VIIRS,n,2,296.88,1.22,N,0
18.87387,80.51517,311.2,0.39,0.36,2025-03-18,2008,N20,VIIRS,n,2,297.46,1.1,N,0
18.87443,80.51145,309.98,0.39,0.36,2025-03-18,2008,N20,VIIRS,n,2,297.84,1.1,N,0
18.87612,80.47736,310.8,0.39,0.37,2025-03-18,2008,N20,VIIRS,n,2,297.52,1.84,N,0
18.8772,80.51581,309.85,0.39,0.36,2025-03-18,2008,N20,VIIRS,n,2,298.86,1.1,N,0
18.87775,80.51208,319.13,0.39,0.36,2025-03-18,2008,N20,VIIRS,n,2,298.46,1.1,N,0
18.87779,80.46619,307.39,0.39,0.37,2025-03-18,2008,N20,VIIRS,n,2,296.55,1.15,N,0
18.88245,81.10719,309.04,0.39,0.36,2025-03-18,2008,N20,VIIRS,n,2,296.26,1.14,N,0
18.89485,80.06101,311.86,0.4,0.37,2025-03-18,2008,N20,VIIRS,n,2,297.44,1.56,N,0
18.89674,80.38522,317.52,0.4,0.37,2025-03-18,2008,N20,VIIRS,n,2,298.34,1.87,N,0
18.90271,80.05459,307.24,0.4,0.37,2025-03-18,2008,N20,VIIRS,n,2,297.13,1.54,N,0
18.91288,80.39178,308.75,0.4,0.37,2025-03-18,2008,N20,VIIRS,n,2,297.03,1.25,N,0
18.91622,80.39236,315.4,0.4,0.37,2025-03-18,2008,N20,VIIRS,n,2,298.48,1.25,N,0
18.91956,80.39292,310.4,0.4,0.37,2025-03-18,2008,N20,VIIRS,n,2,298.46,1.86,N,0
18.94127,81.1209,307.54,0.39,0.36,2025-03-18,2008,N20,VIIRS,n,2,296.44,1.45,N,0
18.94739,80.39012,309.17,0.4,0.37,2025-03-18,2008,N20,VIIRS,n,2,297.69,1.59,N,0
18.95016,80.39442,309.71,0.4,0.37,2025-03-18,2008,N20,VIIRS,n,2,297.59,2.0,N,0
18.9535,80.39498,312.82,0.4,0.37,2025-03-18,2008,N20,VIIRS,n,2,297.67,1.35,N,0
18.95364,80.32571,311.95,0.4,0.37,2025-03-18,2008,N20,VIIRS,n,2,297.0,1.44,N,0
18.95628,80.39928,309.82,0.4,0.37,2025-03-18,2008,N20,VIIRS,n,2,297.47,1.35,N,0
18.96426,80.63609,307.1,0.39,0.36,2025-03-18,2008,N20,VIIRS,n,2,296.12,1.28,N,0
18.97764,80.32585,311.93,0.4,0.37,2025-03-18,2008,N20,VIIRS,n,2,296.73,1.43,N,0
18.98378,78.85723,321.62,0.44,0.39,2025-03-18,2008,N20,VIIRS,n,2,295.33,2.46,N,0
18.98409,78.85567,320.13,0.44,0.39,2025-03-18,2008,N20,VIIRS,n,2,295.72,2.48,N,0
18.98933,80.4691,309.16,0.4,0.37,2025-03-18,2008,N20,VIIRS,n,2,296.86,1.25,N,0
18.99266,80.46967,312.3,0.4,0.37,2025-03-18,2008,N20,VIIRS,n,2,296.61,1.25,N,0
18.99545,80.47393,321.58,0.4,0.37,2025-03-18,2008,N20,VIIRS,n,2,298.15,2.44,N,0
18.99986,81.00679,308.85,0.39,0.36,2025-03-18,2008,N20,VIIRS,n,2,296.92,1.43,N,0
19.00042,81.00312,308.57,0.39,0.36,2025-03-18,2008,N20,VIIRS,n,2,295.76,0.83,N,0
19.02071,77.4922,329.61,0.52,0.41,2025-03-18,2008,N20,VIIRS,n,2,293.09,4.35,N,0
19.02217,80.10836,319.3,0.4,0.37,2025-03-18,2008,N20,VIIRS,n,2,299.31,1.01,N,0
19.02491,81.13066,306.34,0.39,0.36,2025-03-18,2008,N20,VIIRS,n,2,295.3,1.52,N,0
19.02498,80.39096,308.34,0.4,0.37,2025-03-18,2008,N20,VIIRS,n,2,297.14,1.47,N,0
19.02553,80.10891,309.66,0.4,0.37,2025-03-18,2008,N20,VIIRS,n,2,298.09,1.01,N,0
19.02609,80.10513,312.88,0.4,0.37,2025-03-18,2008,N20,VIIRS,n,2,298.2,1.01,N,0
19.03946,80.38578,310.03,0.4,0.37,2025-03-18,2008,N20,VIIRS,n,2,296.7,1.36,N,0
19.04224,80.39009,311.42,0.4,0.37,2025-03-18,2008,N20,VIIRS,n,2,297.1,2.27,N,0
19.04343,80.98791,306.92,0.39,0.36,2025-03-18,2008,N20,VIIRS,n,2,296.19,1.22,N,0
19.05395,80.42619,309.85,0.4,0.37,2025-03-18,2008,N20,VIIRS,n,2,296.52,1.24,N,0
19.05507,80.39597,310.33,0.4,0.37,2025-03-18,2008,N20,VIIRS,n,2,297.29,1.51,N,0
19.06232,80.39331,309.29,0.4,0.37,2025-03-18,2008,N20,VIIRS,n,2,297.6,1.44,N,0
19.06558,80.46255,305.69,0.4,0.37,2025-03-18,2008,N20,VIIRS,n,2,295.07,1.19,N,0
19.06624,80.39005,310.62,0.4,0.37,2025-03-18,2008,N20,VIIRS,n,2,297.64,1.44,N,0
19.06846,80.39805,312.71,0.4,0.37,2025-03-18,2008,N20,VIIRS,n,2,297.5,1.65,N,0
19.06903,80.39431,311.0,0.4,0.37,2025-03-18,2008,N20,VIIRS,n,2,297.75,1.78,N,0
19.06936,80.09247,306.67,0.4,0.37,2025-03-18,2008,N20,VIIRS,n,2,296.54,1.03,N,0
19.07025,80.29477,311.81,0.4,0.37,2025-03-18,2008,N20,VIIRS,n,2,297.23,0.74,N,0
19.07339,80.45618,310.74,0.4,0.37,2025-03-18,2008,N20,VIIRS,n,2,296.09,1.21,N,0
19.0736,80.29533,309.5,0.4,0.37,2025-03-18,2008,N20,VIIRS,n,2,297.28,0.74,N,0
19.07794,80.40337,310.78,0.4,0.37,2025-03-18,2008,N20,VIIRS,n,2,296.56,1.43,N,0
19.07941,80.5022,308.35,0.4,0.37,2025-03-18,2008,N20,VIIRS,n,2,295.38,0.92,N,0
19.08072,80.40765,311.51,0.4,0.37,2025-03-18,2008,N20,VIIRS,n,2,296.53,1.88,N,0
19.08662,80.40778,309.41,0.4,0.37,2025-03-18,2008,N20,VIIRS,n,2,297.14,0.88,N,0
19.08997,80.40833,307.03,0.4,0.37,2025-03-18,2008,N20,VIIRS,n,2,296.77,0.88,N,0
19.09023,79.95092,308.45,0.41,0.37,2025-03-18,2008,N20,VIIRS,n,2,297.03,1.29,N,0
19.09052,80.4046,320.45,0.4,0.37,2025-03-18,2008,N20,VIIRS,n,2,297.9,3.4,N,0
19.09164,80.39709,312.74,0.4,0.37,2025-03-18,2008,N20,VIIRS,n,2,297.72,2.12,N,0
19.09361,79.95148,312.14,0.41,0.37,2025-03-18,2008,N20,VIIRS,n,2,296.82,1.69,N,0
19.09587,80.9556,309.45,0.39,0.36,2025-03-18,2008,N20,VIIRS,n,2,296.34,1.25,N,0
19.09862,80.95979,309.16,0.39,0.36,2025-03-18,2008,N20,VIIRS,n,2,295.64,1.15,N,0
19.09925,79.9131,310.21,0.41,0.37,2025-03-18,2008,N20,VIIRS,n,2,297.11,1.91,N,0
19.1,80.45591,317.53,0.4,0.37,2025-03-18,2008,N20,VIIRS,n,2,296.35,1.53,N,0
19.10193,80.96033,309.88,0.39,0.36,2025-03-18,2008,N20,VIIRS,n,2,296.22,1.15,N,0
19.10602,79.91431,309.26,0.41,0.37,2025-03-18,2008,N20,VIIRS,n,2,297.08,1.51,N,0
19.10692,80.94992,306.53,0.39,0.36,2025-03-18,2008,N20,VIIRS,n,2,295.89,1.53,N,0
19.10874,80.89379,307.07,0.39,0.36,2025-03-18,2008,N20,VIIRS,n,2,295.64,1.12,N,0
19.11396,81.08186,313.56,0.39,0.36,2025-03-18,2008,N20,VIIRS,n,2,294.99,1.29,N,0
19.11784,80.40522,308.33,0.4,0.37,2025-03-18,2008,N20,VIIRS,n,2,296.51,1.5,N,0
19.12192,78.25486,306.9,0.47,0.4,2025-03-18,2008,N20,VIIRS,n,2,295.48,1.48,N,0
19.13203,78.88219,306.05,0.44,0.39,2025-03-18,2008,N20,VIIRS,n,2,295.73,0.97,N,0
19.13374,78.35667,311.79,0.47,0.4,2025-03-18,2008,N20,VIIRS,n,2,295.78,2.25,N,0
19.14097,78.35781,309.94,0.47,0.4,2025-03-18,2008,N20,VIIRS,n,2,294.96,1.77,N,0
19.14522,78.35384,312.86,0.47,0.4,2025-03-18,2008,N20,VIIRS,n,2,294.94,1.77,N,0
19.15197,79.14472,307.45,0.43,0.38,2025-03-18,2008,N20,VIIRS,n,2,295.47,1.92,N,0
19.1621,80.17677,315.49,0.4,0.37,2025-03-18,2008,N20,VIIRS,n,2,296.96,1.62,N,0
19.17785,80.84101,306.86,0.39,0.36,2025-03-18,2008,N20,VIIRS,n,2,296.39,1.17,N,0
19.19467,80.11999,310.51,0.4,0.37,2025-03-18,2008,N20,VIIRS,n,2,298.2,1.35,N,0
19.20405,79.06294,313.05,0.44,0.38,2025-03-18,2008,N20,VIIRS,n,2,295.78,1.88,N,0
19.20732,80.28911,310.76,0.4,0.37,2025-03-18,2008,N20,VIIRS,n,2,296.54,1.51,N,0
19.21128,80.26273,312.25,0.4,0.37,2025-03-18,2008,N20,VIIRS,n,2,297.19,2.01,N,0
19.21666,79.32376,313.63,0.43,0.38,2025-03-18,2008,N20,VIIRS,n,2,297.4,2.14,N,0
19.22687,80.67502,318.29,0.39,0.36,2025-03-18,2008,N20,VIIRS,n,2,297.15,2.7,N,0
19.22963,80.67927,309.03,0.39,0.36,2025-03-18,2008,N20,VIIRS,n,2,296.01,1.28,N,0
19.23383,80.78614,305.44,0.39,0.36,2025-03-18,2008,N20,VIIRS,n,2,294.97,1.04,N,0
19.24517,78.89861,323.46,0.44,0.39,2025-03-18,2008,N20,VIIRS,n,2,296.81,2.17,N,0
19.24576,78.89438,316.04,0.44,0.39,2025-03-18,2008,N20,VIIRS,n,2,296.78,2.17,N,0
19.24636,78.89018,313.45,0.44,0.39,2025-03-18,2008,N20,VIIRS,n,2,295.94,2.13,N,0
19.25966,80.08679,307.43,0.4,0.37,2025-03-18,2008,N20,VIIRS,n,2,296.82,1.31,N,0
19.26054,79.81523,306.25,0.41,0.37,2025-03-18,2008,N20,VIIRS,n,2,295.29,0.86,N,0
19.26077,80.07925,311.21,0.41,0.37,2025-03-18,2008,N20,VIIRS,n,2,297.64,1.68,N,0
19.26472,80.07592,311.44,0.41,0.37,2025-03-18,2008,N20,VIIRS,n,2,297.86,1.64,N,0
19.27414,80.74356,309.0,0.39,0.36,2025-03-18,2008,N20,VIIRS,n,2,296.25,1.07,N,0
19.27634,80.75159,313.27,0.39,0.36,2025-03-18,2008,N20,VIIRS,n,2,296.83,2.21,N,0
19.27689,80.74789,308.79,0.39,0.36,2025-03-18,2008,N20,VIIRS,n,2,296.71,1.07,N,0
19.27745,80.7442,310.36,0.39,0.36,2025-03-18,2008,N20,VIIRS,n,2,296.74,1.07,N,0
19.27801,80.74048,310.37,0.39,0.36,2025-03-18,2008,N20,VIIRS,n,2,297.28,2.01,N,0
19.27874,80.21486,307.57,0.4,0.37,2025-03-18,2008,N20,VIIRS,n,2,295.87,1.36,N,0
19.29332,80.20953,335.9,0.4,0.37,2025-03-18,2008,N20,VIIRS,n,2,298.4,3.01,N,0
19.2961,80.84583,307.74,0.39,0.36,2025-03-18,2008,N20,VIIRS,n,2,294.11,0.95,N,0
19.29666,80.84216,303.59,0.39,0.36,2025-03-18,2008,N20,VIIRS,n,2,293.47,0.59,N,0
19.29668,80.21009,307.29,0.4,0.37,2025-03-18,2008,N20,VIIRS,n,2,296.57,3.01,N,0
19.29997,80.84271,312.97,0.39,0.36,2025-03-18,2008,N20,VIIRS,n,2,295.23,1.55,N,0
19.30005,80.21066,309.25,0.4,0.37,2025-03-18,2008,N20,VIIRS,n,2,296.97,1.67,N,0
19.30072,79.80497,311.24,0.41,0.37,2025-03-18,2008,N20,VIIRS,n,2,296.66,1.78,N,0
19.30284,80.21503,308.22,0.4,0.37,2025-03-18,2008,N20,VIIRS,n,2,296.91,1.67,N,0
19.30341,80.21122,330.6,0.4,0.37,2025-03-18,2008,N20,VIIRS,n,2,297.6,1.67,N,0
19.30447,81.4762,309.56,0.38,0.36,2025-03-18,2008,N20,VIIRS,n,2,296.44,1.29,N,0
19.30621,80.21558,322.04,0.4,0.37,2025-03-18,2008,N20,VIIRS,n,2,297.5,2.53,N,0
19.30773,80.83648,309.3,0.39,0.36,2025-03-18,2008,N20,VIIRS,n,2,294.42,1.97,N,0
19.3107,80.20854,313.15,0.4,0.37,2025-03-18,2008,N20,VIIRS,n,2,296.42,1.64,N,0
19.31648,81.15744,305.85,0.39,0.36,2025-03-18,2008,N20,VIIRS,n,2,292.34,1.1,N,0
19.31811,81.16893,304.68,0.39,0.36,2025-03-18,2008,N20,VIIRS,n,2,293.12,0.81,N,0
19.31824,80.83444,307.81,0.39,0.36,2025-03-18,2008,N20,VIIRS,n,2,294.96,1.34,N,0
19.31948,79.86765,316.44,0.41,0.37,2025-03-18,2008,N20,VIIRS,n,2,296.62,1.8,N,0
19.32328,80.0776,307.5,0.41,0.37,2025-03-18,2008,N20,VIIRS,n,2,295.39,0.96,N,0
19.32355,80.23787,313.34,0.4,0.37,2025-03-18,2008,N20,VIIRS,n,2,296.53,1.38,N,0
19.32468,80.2303,307.71,0.4,0.37,2025-03-18,2008,N20,VIIRS,n,2,295.78,1.99,N,0
19.32842,79.15237,315.19,0.43,0.38,2025-03-18,2008,N20,VIIRS,n,2,297.18,2.15,N,0
19.32856,78.64201,314.03,0.46,0.39,2025-03-18,2008,N20,VIIRS,n,2,295.58,2.06,N,0
19.33119,81.21597,303.4,0.39,0.36,2025-03-18,2008,N20,VIIRS,n,2,293.38,1.13,N,0
19.33781,79.11156,305.99,0.44,0.38,2025-03-18,2008,N20,VIIRS,n,2,295.57,1.19,N,0
19.36263,79.23695,311.17,0.43,0.38,2025-03-18,2008,N20,VIIRS,n,2,294.33,0.91,N,0
19.36425,79.23584,304.03,0.43,0.38,2025-03-18,2008,N20,VIIRS,n,2,293.95,0.51,N,0
19.39665,79.18299,315.97,0.43,0.38,2025-03-18,2008,N20,VIIRS,n,2,296.61,2.72,N,0
19.4066,78.1358,315.68,0.48,0.4,2025-03-18,2008,N20,VIIRS,n,2,295.77,1.48,N,0
19.40662,78.13849,309.14,0.48,0.4,2025-03-18,2008,N20,VIIRS,n,2,295.37,2.45,N,0
19.40721,78.13119,314.89,0.48,0.4,2025-03-18,2008,N20,VIIRS,n,2,295.38,1.48,N,0
19.40726,78.13391,323.47,0.48,0.4,2025-03-18,2008,N20,VIIRS,n,2,295.86,2.45,N,0
19.40805,79.90942,313.12,0.41,0.37,2025-03-18,2008,N20,VIIRS,n,2,296.99,1.58,N,0
19.40842,81.31141,305.79,0.39,0.36,2025-03-18,2008,N20,VIIRS,n,2,295.33,0.96,N,0
19.41088,78.13173,308.9,0.48,0.4,2025-03-18,2008,N20,VIIRS,n,2,295.53,1.48,N,0
19.42286,81.26158,305.21,0.39,0.36,2025-03-18,2008,N20,VIIRS,n,2,294.26,1.05,N,0
19.42559,81.26581,312.28,0.39,0.36,2025-03-18,2008,N20,VIIRS,n,2,294.68,1.12,N,0
19.4376,80.80857,305.73,0.39,0.36,2025-03-18,2008,N20,VIIRS,n,2,294.68,0.98,N,0
19.44974,80.07432,307.41,0.41,0.37,2025-03-18,2008,N20,VIIRS,n,2,294.74,0.79,N,0
19.46223,80.13853,314.85,0.4,0.37,2025-03-18,2008,N20,VIIRS,n,2,294.9,1.51,N,0
19.46396,80.81314,308.42,0.39,0.36,2025-03-18,2008,N20,VIIRS,n,2,296.65,1.42,N,0
19.46523,78.79627,304.69,0.45,0.39,2025-03-18,2008,N20,VIIRS,n,2,294.57,0.87,N,0
19.46616,80.13528,313.28,0.4,0.37,2025-03-18,2008,N20,VIIRS,n,2,295.59,1.53,N,0
19.46783,80.81006,307.94,0.39,0.36,2025-03-18,2008,N20,VIIRS,n,2,296.27,1.6,N,0
19.46898,80.18674,308.47,0.4,0.37,2025-03-18,2008,N20,VIIRS,n,2,296.2,1.01,N,0
19.46902,79.12656,315.17,0.44,0.38,2025-03-18,2008,N20,VIIRS,n,2,295.74,1.65,N,0
19.47291,80.18349,319.42,0.4,0.37,2025-03-18,2008,N20,VIIRS,n,2,297.64,1.92,N,0
19.47447,79.83655,310.51,0.41,0.37,2025-03-18,2008,N20,VIIRS,n,2,295.68,1.12,N,0
19.47628,80.18404,318.35,0.4,0.37,2025-03-18,2008,N20,VIIRS,n,2,297.7,1.92,N,0
19.47787,79.83709,306.12,0.41,0.37,2025-03-18,2008,N20,VIIRS,n,2,295.65,1.14,N,0
19.47909,80.18844,311.7,0.4,0.37,2025-03-18,2008,N20,VIIRS,n,2,297.25,1.54,N,0
19.47909,80.21185,312.79,0.4,0.37,2025-03-18,2008,N20,VIIRS,n,2,296.62,2.18,N,0
19.48234,79.87774,309.65,0.41,0.37,2025-03-18,2008,N20,VIIRS,n,2,296.48,1.58,N,0
19.4829,80.645,307.87,0.39,0.36,2025-03-18,2008,N20,VIIRS,n,2,296.75,1.64,N,0
19.50671,80.09476,308.46,0.41,0.37,2025-03-18,2008,N20,VIIRS,n,2,295.27,1.4,N,0
19.51095,79.09012,306.99,0.44,0.38,2025-03-18,2008,N20,VIIRS,n,2,295.29,1.15,N,0
19.51961,79.38103,309.42,0.43,0.38,2025-03-18,2008,N20,VIIRS,n,2,295.77,1.71,N,0
19.5218,79.65411,305.87,0.42,0.38,2025-03-18,2008,N20,VIIRS,n,2,295.78,1.3,N,0
19.52211,79.65522,307.59,0.42,0.38,2025-03-18,2008,N20,VIIRS,n,2,295.55,1.4,N,0
19.52807,80.42936,306.22,0.4,0.37,2025-03-18,2008,N20,VIIRS,n,2,295.75,1.17,N,0
19.52921,80.10649,319.3,0.41,0.37,2025-03-18,2008,N20,VIIRS,n,2,297.22,2.17,N,0
19.56001,78.32401,309.8,0.47,0.4,2025-03-18,2008,N20,VIIRS,n,2,294.93,1.97,N,0
19.56947,80.19512,306.4,0.4,0.37,2025-03-18,2008,N20,VIIRS,n,2,295.71,0.79,N,0
19.57025,79.25157,307.24,0.43,0.38,2025-03-18,2008,N20,VIIRS,n,2,295.82,1.53,N,0
19.5931,81.14727,303.83,0.39,0.36,2025-03-18,2008,N20,VIIRS,n,2,293.78,0.73,N,0
19.60154,80.14155,312.33,0.41,0.37,2025-03-18,2008,N20,VIIRS,n,2,296.3,1.62,N,0
19.6021,80.13768,307.25,0.41,0.37,2025-03-18,2008,N20,VIIRS,n,2,295.65,1.66,N,0
19.60434,80.146,313.54,0.41,0.37,2025-03-18,2008,N20,VIIRS,n,2,297.77,1.62,N,0
19.60493,80.11844,314.58,0.41,0.37,2025-03-18,2008,N20,VIIRS,n,2,295.97,1.49,N,0
19.60548,80.13827,326.05,0.41,0.37,2025-03-18,2008,N20,VIIRS,n,2,298.36,1.66,N,0
19.60828,80.14271,311.16,0.41,0.37,2025-03-18,2008,N20,VIIRS,n,2,297.69,2.14,N,0
19.60831,80.11899,313.51,0.41,0.37,2025-03-18,2008,N20,VIIRS,n,2,295.82,1.49,N,0
19.60836,79.26884,326.02,0.43,0.38,2025-03-18,2008,N20,VIIRS,n,2,296.45,2.32,N,0
19.61057,80.10359,307.13,0.41,0.37,2025-03-18,2008,N20,VIIRS,n,2,297.02,1.71,N,0
19.61395,80.10415,312.28,0.41,0.37,2025-03-18,2008,N20,VIIRS,n,2,295.62,1.7,N,0
19.6287,79.22591,311.54,0.43,0.38,2025-03-18,2008,N20,VIIRS,n,2,294.9,1.51,N,0
19.63148,80.381,306.96,0.4,0.37,2025-03-18,2008,N20,VIIRS,n,2,296.47,1.33,N,0
19.64627,79.05053,306.73,0.44,0.38,2025-03-18,2008,N20,VIIRS,n,2,295.82,1.93,N,0
19.64921,79.05519,307.06,0.44,0.38,2025-03-18,2008,N20,VIIRS,n,2,296.43,2.13,N,0
19.64943,80.1219,308.01,0.41,0.37,2025-03-18,2008,N20,VIIRS,n,2,296.48,1.55,N,0
19.65605,80.95815,304.24,0.39,0.36,2025-03-18,2008,N20,VIIRS,n,2,294.08,0.88,N,0
19.65706,80.3138,310.26,0.4,0.37,2025-03-18,2008,N20,VIIRS,n,2,297.24,1.3,N,0
19.65762,80.30993,311.5,0.4,0.37,2025-03-18,2008,N20,VIIRS,n,2,296.49,2.51,N,0
19.65763,80.33326,315.04,0.4,0.37,2025-03-18,2008,N20,VIIRS,n,2,297.25,2.13,N,0
19.66042,80.31437,309.89,0.4,0.37,2025-03-18,2008,N20,VIIRS,n,2,297.85,1.3,N,0
19.66378,80.31491,308.64,0.4,0.37,2025-03-18,2008,N20,VIIRS,n,2,297.42,2.15,N,0
19.66492,80.33053,307.37,0.4,0.37,2025-03-18,2008,N20,VIIRS,n,2,295.41,1.69,N,0
19.66616,79.08792,309.75,0.44,0.38,2025-03-18,2008,N20,VIIRS,n,2,296.13,2.63,N,0
19.66907,79.09273,308.28,0.44,0.38,2025-03-18,2008,N20,VIIRS,n,2,295.64,1.47,N,0
19.67259,79.09325,309.4,0.44,0.38,2025-03-18,2008,N20,VIIRS,n,2,295.36,1.4,N,0
19.67274,81.33704,303.81,0.39,0.36,2025-03-18,2008,N20,VIIRS,n,2,293.66,0.63,N,0
19.68048,78.96097,308.82,0.45,0.39,2025-03-18,2008,N20,VIIRS,n,2,297.15,1.75,N,0
19.68076,79.1115,309.88,0.44,0.38,2025-03-18,2008,N20,VIIRS,n,2,296.32,2.2,N,0
19.68428,79.112,321.72,0.44,0.38,2025-03-18,2008,N20,VIIRS,n,2,297.57,3.07,N,0
19.68443,80.43094,312.42,0.4,0.37,2025-03-18,2008,N20,VIIRS,n,2,297.26,1.64,N,0
19.68485,79.10797,307.86,0.44,0.38,2025-03-18,2008,N20,VIIRS,n,2,296.34,1.58,N,0
19.68672,79.06971,319.69,0.44,0.38,2025-03-18,2008,N20,VIIRS,n,2,297.22,3.42,N,0
19.69016,80.27628,313.24,0.4,0.37,2025-03-18,2008,N20,VIIRS,n,2,297.91,2.14,N,0
19.70495,78.13865,307.05,0.49,0.4,2025-03-18,2008,N20,VIIRS,n,2,294.04,1.86,N,0
19.70519,80.38391,309.29,0.4,0.37,2025-03-18,2008,N20,VIIRS,n,2,296.45,1.57,N,0
19.70741,80.39204,308.38,0.4,0.37,2025-03-18,2008,N20,VIIRS,n,2,296.2,0.88,N,0
19.70812,80.27148,315.01,0.4,0.37,2025-03-18,2008,N20,VIIRS,n,2,297.95,1.99,N,0
19.70922,79.8597,313.02,0.41,0.37,2025-03-18,2008,N20,VIIRS,n,2,295.41,2.07,N,0
19.70941,79.85737,311.74,0.41,0.37,2025-03-18,2008,N20,VIIRS,n,2,295.35,1.63,N,0
19.72002,79.85744,322.51,0.41,0.37,2025-03-18,2008,N20,VIIRS,n,2,296.59,2.33,N,0
19.72271,79.17592,311.32,0.44,0.38,2025-03-18,2008,N20,VIIRS,n,2,298.92,1.5,N,2
19.72347,80.0733,309.82,0.41,0.37,2025-03-18,2008,N20,VIIRS,n,2,296.69,1.69,N,0
19.72404,80.0694,310.63,0.41,0.37,2025-03-18,2008,N20,VIIRS,n,2,295.99,1.32,N,0
19.728,80.06608,311.79,0.41,0.37,2025-03-18,2008,N20,VIIRS,n,2,295.02,1.93,N,0
19.72857,80.06221,318.34,0.41,0.37,2025-03-18,2008,N20,VIIRS,n,2,295.87,2.79,N,0
19.73069,78.19199,305.81,0.48,0.4,2025-03-18,2008,N20,VIIRS,n,2,293.67,1.22,N,0
19.73421,80.07109,319.34,0.41,0.37,2025-03-18,2008,N20,VIIRS,n,2,296.34,1.54,N,0
19.73534,80.06335,313.1,0.41,0.37,2025-03-18,2008,N20,VIIRS,n,2,296.3,1.76,N,0
19.73759,80.07166,305.98,0.41,0.37,2025-03-18,2008,N20,VIIRS,n,2,295.65,1.54,N,0
19.74728,79.98183,315.06,0.41,0.37,2025-03-18,2008,N20,VIIRS,n,2,294.54,1.71,N,0
19.75398,78.07352,310.17,0.49,0.4,2025-03-18,2008,N20,VIIRS,n,2,294.74,1.73,N,0
19.75521,79.97519,318.04,0.41,0.37,2025-03-18,2008,N20,VIIRS,n,2,296.71,2.07,N,0
19.75769,78.07396,307.44,0.49,0.4,2025-03-18,2008,N20,VIIRS,n,2,295.38,1.73,N,0
19.75784,80.91473,314.81,0.39,0.36,2025-03-18,2008,N20,VIIRS,n,2,295.6,1.81,N,0
19.75793,79.51785,307.3,0.43,0.38,2025-03-18,2008,N20,VIIRS,n,2,294.14,0.72,N,0
19.76063,80.69376,309.88,0.39,0.37,2025-03-18,2008,N20,VIIRS,n,2,296.44,1.51,N,0
19.76396,80.69434,312.97,0.39,0.37,2025-03-18,2008,N20,VIIRS,n,2,295.79,1.06,N,0
19.7673,80.69488,312.11,0.39,0.37,2025-03-18,2008,N20,VIIRS,n,2,295.7,1.06,N,0
19.76987,80.21469,308.03,0.4,0.37,2025-03-18,2008,N20,VIIRS,n,2,297.56,1.96,N,0
19.7712,80.69168,311.51,0.39,0.37,2025-03-18,2008,N20,VIIRS,n,2,295.71,1.03,N,0
19.77149,80.48394,310.57,0.4,0.37,2025-03-18,2008,N20,VIIRS,n,2,296.89,2.14,N,0
19.77176,80.68791,312.2,0.39,0.37,2025-03-18,2008,N20,VIIRS,n,2,294.78,1.03,N,0
19.77541,80.48071,317.84,0.4,0.37,2025-03-18,2008,N20,VIIRS,n,2,297.65,3.14,N,0
19.77597,80.47691,311.94,0.4,0.37,2025-03-18,2008,N20,VIIRS,n,2,296.24,1.55,N,0
19.77775,80.23167,306.67,0.4,0.37,2025-03-18,2008,N20,VIIRS,n,2,295.56,1.3,N,0
19.78225,80.22453,306.24,0.4,0.37,2025-03-18,2008,N20,VIIRS,n,2,295.08,1.11,N,0
19.7828,80.19711,306.52,0.41,0.37,2025-03-18,2008,N20,VIIRS,n,2,296.26,0.96,N,0
19.78617,80.19768,310.62,0.41,0.37,2025-03-18,2008,N20,VIIRS,n,2,297.26,0.96,N,0
19.78618,80.26832,308.37,0.4,0.37,2025-03-18,2008,N20,VIIRS,n,2,296.89,1.66,N,0
19.78762,79.14787,313.56,0.44,0.38,2025-03-18,2008,N20,VIIRS,n,2,299.54,2.2,N,2
19.78896,79.06258,307.9,0.44,0.39,2025-03-18,2008,N20,VIIRS,n,2,297.52,1.25,N,0
19.78925,78.06368,309.32,0.49,0.4,2025-03-18,2008,N20,VIIRS,n,2,296.99,2.26,N,0
19.79251,81.15461,310.25,0.39,0.36,2025-03-18,2008,N20,VIIRS,n,2,293.59,1.51,N,0
19.8036,80.24382,309.46,0.4,0.37,2025-03-18,2008,N20,VIIRS,n,2,295.97,1.99,N,0
19.80423,81.10011,320.57,0.39,0.36,2025-03-18,2008,N20,VIIRS,n,2,294.68,1.89,N,0
19.8081,80.23672,307.1,0.4,0.37,2025-03-18,2008,N20,VIIRS,n,2,295.91,1.61,N,0
19.80811,81.09696,316.33,0.39,0.36,2025-03-18,2008,N20,VIIRS,n,2,294.9,1.89,N,0
19.81039,80.1741,312.2,0.41,0.37,2025-03-18,2008,N20,VIIRS,n,2,296.52,1.66,N,0
19.81361,81.10537,321.43,0.39,0.36,2025-03-18,2008,N20,VIIRS,n,2,296.74,3.09,N,0
19.81433,80.17082,310.25,0.41,0.37,2025-03-18,2008,N20,VIIRS,n,2,295.17,0.98,N,0
19.81494,79.23899,306.52,0.44,0.38,2025-03-18,2008,N20,VIIRS,n,2,296.2,0.73,N,0
19.81581,81.11314,309.28,0.39,0.36,2025-03-18,2008,N20,VIIRS,n,2,295.74,1.29,N,0
19.81913,81.11366,312.12,0.39,0.36,2025-03-18,2008,N20,VIIRS,n,2,295.52,1.29,N,0
19.81944,81.17797,307.18,0.39,0.36,2025-03-18,2008,N20,VIIRS,n,2,295.14,1.05,N,0
19.81968,81.11002,308.21,0.39,0.36,2025-03-18,2008,N20,VIIRS,n,2,296.51,1.38,N,0
19.82024,81.10638,306.69,0.39,0.36,2025-03-18,2008,N20,VIIRS,n,2,296.15,1.38,N,0
19.82274,81.17857,306.39,0.39,0.36,2025-03-18,2008,N20,VIIRS,n,2,295.47,1.05,N,0
19.82606,80.708,308.51,0.39,0.37,2025-03-18,2008,N20,VIIRS,n,2,296.87,1.97,N,0
19.82894,81.27331,308.55,0.39,0.36,2025-03-18,2008,N20,VIIRS,n,2,294.11,1.01,N,0
19.83128,81.10075,306.81,0.39,0.36,2025-03-18,2008,N20,VIIRS,n,2,296.21,2.56,N,0
19.83183,81.09718,312.81,0.39,0.36,2025-03-18,2008,N20,VIIRS,n,2,295.28,1.25,N,0
19.83224,81.2739,305.17,0.39,0.36,2025-03-18,2008,N20,VIIRS,n,2,294.61,0.97,N,0
19.83238,81.09353,304.94,0.39,0.36,2025-03-18,2008,N20,VIIRS,n,2,294.16,1.25,N,0
19.83261,81.20265,308.64,0.39,0.36,2025-03-18,2008,N20,VIIRS,n,2,293.89,1.09,N,0
19.83316,81.19904,311.27,0.39,0.36,2025-03-18,2008,N20,VIIRS,n,2,295.67,1.09,N,0
19.83513,81.09773,323.96,0.39,0.36,2025-03-18,2008,N20,VIIRS,n,2,296.38,1.25,N,0
19.83554,81.27451,305.98,0.39,0.36,2025-03-18,2008,N20,VIIRS,n,2,294.28,0.97,N,0
19.83569,81.0941,315.67,0.39,0.36,2025-03-18,2008,N20,VIIRS,n,2,295.17,1.25,N,0
19.8368,81.1091,307.83,0.39,0.36,2025-03-18,2008,N20,VIIRS,n,2,294.65,1.14,N,0
19.83742,80.1786,315.3,0.41,0.37,2025-03-18,2008,N20,VIIRS,n,2,296.89,1.42,N,0
19.8379,81.10186,310.88,0.39,0.36,2025-03-18,2008,N20,VIIRS,n,2,296.6,1.48,N,0
19.83884,81.27509,322.1,0.39,0.36,2025-03-18,2008,N20,VIIRS,n,2,295.32,2.03,N,0
19.8394,81.27142,307.1,0.39,0.36,2025-03-18,2008,N20,VIIRS,n,2,294.85,1.69,N,0
19.8402,80.20663,310.87,0.41,0.37,2025-03-18,2008,N20,VIIRS,n,2,295.03,1.52,N,0
19.84066,81.106,318.21,0.39,0.36,2025-03-18,2008,N20,VIIRS,n,2,296.98,1.48,N,0
19.84121,81.10239,313.9,0.39,0.36,2025-03-18,2008,N20,VIIRS,n,2,296.76,1.48,N,0
19.84137,80.17531,321.99,0.41,0.37,2025-03-18,2008,N20,VIIRS,n,2,297.21,2.58,N,0
19.84357,80.20721,331.45,0.41,0.37,2025-03-18,2008,N20,VIIRS,n,2,298.23,3.53,N,0
19.84397,81.10656,313.98,0.39,0.36,2025-03-18,2008,N20,VIIRS,n,2,296.35,2.12,N,0
19.84397,81.19717,307.16,0.39,0.36,2025-03-18,2008,N20,VIIRS,n,2,293.33,0.81,N,0
19.84616,81.205,307.25,0.39,0.36,2025-03-18,2008,N20,VIIRS,n,2,294.87,2.29,N,0
19.84728,81.19773,308.3,0.39,0.36,2025-03-18,2008,N20,VIIRS,n,2,293.36,0.81,N,0
19.85037,80.18465,309.21,0.41,0.37,2025-03-18,2008,N20,VIIRS,n,2,294.72,1.03,N,0
19.85479,78.56721,305.89,0.47,0.39,2025-03-18,2008,N20,VIIRS,n,2,293.58,0.79,N,0
19.85597,81.25169,310.66,0.39,0.36,2025-03-18,2008,N20,VIIRS,n,2,294.88,1.79,N,0
19.85598,80.1935,312.02,0.41,0.37,2025-03-18,2008,N20,VIIRS,n,2,295.56,1.7,N,0
19.85758,81.26328,307.73,0.39,0.36,2025-03-18,2008,N20,VIIRS,n,2,295.17,1.17,N,0
19.86158,81.21495,306.47,0.39,0.36,2025-03-18,2008,N20,VIIRS,n,2,293.79,1.03,N,0
19.86325,81.20404,307.56,0.39,0.36,2025-03-18,2008,N20,VIIRS,n,2,296.11,1.28,N,0
19.86907,80.12851,306.98,0.41,0.37,2025-03-18,2008,N20,VIIRS,n,2,295.04,0.97,N,0
19.87128,81.28442,306.61,0.39,0.36,2025-03-18,2008,N20,VIIRS,n,2,294.95,1.72,N,0
19.87136,80.11308,314.96,0.41,0.37,2025-03-18,2008,N20,VIIRS,n,2,296.45,2.23,N,0
19.87245,80.1291,305.32,0.41,0.37,2025-03-18,2008,N20,VIIRS,n,2,294.95,0.97,N,0
19.87303,80.12522,312.39,0.41,0.37,2025-03-18,2008,N20,VIIRS,n,2,296.55,1.22,N,0
19.8736,80.12134,310.24,0.41,0.37,2025-03-18,2008,N20,VIIRS,n,2,296.45,1.22,N,0
19.87583,80.12969,307.51,0.41,0.37,2025-03-18,2008,N20,VIIRS,n,2,296.35,1.88,N,0
19.87844,81.28185,318.39,0.39,0.36,2025-03-18,2008,N20,VIIRS,n,2,296.27,1.74,N,0
19.87856,78.25885,305.75,0.48,0.4,2025-03-18,2008,N20,VIIRS,n,2,294.9,1.2,N,0
19.87901,81.27818,306.83,0.39,0.36,2025-03-18,2008,N20,VIIRS,n,2,295.32,1.09,N,0
19.87957,81.27447,308.64,0.39,0.36,2025-03-18,2008,N20,VIIRS,n,2,294.11,1.09,N,0
19.88146,80.1385,308.78,0.41,0.37,2025-03-18,2008,N20,VIIRS,n,2,295.69,1.57,N,0
19.88203,80.13466,320.38,0.41,0.37,2025-03-18,2008,N20,VIIRS,n,2,296.85,2.12,N,0
19.88576,81.23413,314.37,0.39,0.36,2025-03-18,2008,N20,VIIRS,n,2,296.38,1.44,N,0
19.88599,80.13136,316.79,0.41,0.37,2025-03-18,2008,N20,VIIRS,n,2,296.82,2.12,N,0
19.8861,81.09866,309.05,0.39,0.36,2025-03-18,2008,N20,VIIRS,n,2,296.18,1.83,N,0
19.88706,80.13068,310.82,0.41,0.37,2025-03-18,2008,N20,VIIRS,n,2,296.33,1.46,N,0
19.88771,80.11976,325.92,0.41,0.37,2025-03-18,2008,N20,VIIRS,n,2,296.16,2.37,N,0
19.88818,80.12295,310.38,0.41,0.37,2025-03-18,2008,N20,VIIRS,n,2,297.26,1.94,N,0
19.88874,80.11906,311.88,0.41,0.37,2025-03-18,2008,N20,VIIRS,n,2,295.91,1.53,N,0
19.88887,80.11196,307.65,0.41,0.37,2025-03-18,2008,N20,VIIRS,n,2,296.35,1.58,N,0
19.88906,81.23472,317.55,0.39,0.36,2025-03-18,2008,N20,VIIRS,n,2,295.97,1.44,N,0
19.88987,80.11128,308.13,0.41,0.37,2025-03-18,2008,N20,VIIRS,n,2,296.72,1.53,N,0
19.89217,80.1908,307.22,0.41,0.37,2025-03-18,2008,N20,VIIRS,n,2,296.14,1.02,N,0
19.89236,81.23529,312.06,0.39,0.36,2025-03-18,2008,N20,VIIRS,n,2,295.68,2.02,N,0
19.89454,81.24322,311.55,0.39,0.36,2025-03-18,2008,N20,VIIRS,n,2,295.94,2.64,N,0
19.89555,80.19135,310.06,0.41,0.37,2025-03-18,2008,N20,VIIRS,n,2,296.04,1.02,N,0
19.89664,80.11245,321.07,0.41,0.37,2025-03-18,2008,N20,VIIRS,n,2,297.16,2.78,N,0
19.89723,80.15608,328.8,0.41,0.37,2025-03-18,2008,N20,VIIRS,n,2,296.27,1.98,N,0
19.90002,81.25163,305.34,0.39,0.36,2025-03-18,2008,N20,VIIRS,n,2,292.91,1.19,N,0
19.90062,80.15662,307.94,0.41,0.37,2025-03-18,2008,N20,VIIRS,n,2,294.85,1.98,N,0
19.90174,80.1489,323.22,0.41,0.37,2025-03-18,2008,N20,VIIRS,n,2,296.38,2.62,N,0
19.90399,80.10964,305.48,0.41,0.37,2025-03-18,2008,N20,VIIRS,n,2,295.23,1.1,N,0
19.90512,80.14945,307.95,0.41,0.37,2025-03-18,2008,N20,VIIRS,n,2,295.74,1.47,N,0
19.90626,80.16542,311.59,0.41,0.37,2025-03-18,2008,N20,VIIRS,n,2,295.38,1.3,N,0
19.90681,80.09023,310.71,0.41,0.37,2025-03-18,2008,N20,VIIRS,n,2,296.65,1.75,N,0
19.90738,80.11018,313.82,0.41,0.37,2025-03-18,2008,N20,VIIRS,n,2,297.29,1.1,N,0
19.90879,81.2607,310.23,0.39,0.36,2025-03-18,2008,N20,VIIRS,n,2,294.41,1.74,N,0
19.90963,80.09472,309.21,0.41,0.37,2025-03-18,2008,N20,VIIRS,n,2,296.99,1.9,N,0
19.91323,81.25393,312.44,0.39,0.36,2025-03-18,2008,N20,VIIRS,n,2,295.37,1.54,N,0
19.91471,80.1787,308.66,0.41,0.37,2025-03-18,2008,N20,VIIRS,n,2,296.05,1.49,N,0
19.91528,80.17483,316.81,0.41,0.37,2025-03-18,2008,N20,VIIRS,n,2,295.59,1.49,N,0
19.91752,80.2067,310.5,0.41,0.37,2025-03-18,2008,N20,VIIRS,n,2,295.1,1.18,N,0
19.91862,80.2463,306.77,0.4,0.37,2025-03-18,2008,N20,VIIRS,n,2,296.32,1.7,N,0
19.91866,80.03242,312.61,0.41,0.37,2025-03-18,2008,N20,VIIRS,n,2,295.26,1.18,N,0
19.92048,81.22878,307.11,0.39,0.36,2025-03-18,2008,N20,VIIRS,n,2,294.86,0.75,N,0
19.92273,79.11452,310.07,0.44,0.38,2025-03-18,2008,N20,VIIRS,n,2,297.07,1.96,N,2
19.92488,80.13283,305.11,0.41,0.37,2025-03-18,2008,N20,VIIRS,n,2,294.13,0.77,N,0
19.92992,80.19302,310.45,0.41,0.37,2025-03-18,2008,N20,VIIRS,n,2,297.32,2.23,N,0
19.93094,79.51197,309.54,0.43,0.38,2025-03-18,2008,N20,VIIRS,n,2,295.1,1.42,N,0
19.93145,80.32301,306.15,0.4,0.37,2025-03-18,2008,N20,VIIRS,n,2,295.47,1.03,N,0
19.9333,80.19356,315.42,0.41,0.37,2025-03-18,2008,N20,VIIRS,n,2,297.21,1.67,N,0
19.93612,80.19794,313.07,0.41,0.37,2025-03-18,2008,N20,VIIRS,n,2,296.49,1.67,N,0
19.93669,80.19409,321.17,0.41,0.37,2025-03-18,2008,N20,VIIRS,n,2,297.32,1.67,N,0
19.94088,78.69965,314.15,0.46,0.39,2025-03-18,2008,N20,VIIRS,n,2,296.6,3.09,N,0
19.94417,80.82738,318.45,0.39,0.36,2025-03-18,2008,N20,VIIRS,n,2,297.42,2.9,N,0
19.94506,78.69592,308.52,0.46,0.39,2025-03-18,2008,N20,VIIRS,n,2,296.13,2.04,N,0
19.94657,80.74329,310.41,0.39,0.37,2025-03-18,2008,N20,VIIRS,n,2,296.15,1.57,N,0
19.94925,81.26349,307.79,0.39,0.36,2025-03-18,2008,N20,VIIRS,n,2,296.16,1.93,N,0
19.9552,80.86724,309.65,0.39,0.36,2025-03-18,2008,N20,VIIRS,n,2,295.31,1.95,N,0
19.95791,80.41293,311.11,0.4,0.37,2025-03-18,2008,N20,VIIRS,n,2,296.63,1.39,N,0
19.9636,79.33344,329.98,0.43,0.38,2025-03-18,2008,N20,VIIRS,n,2,297.1,3.06,N,2
19.96407,80.41784,310.26,0.4,0.37,2025-03-18,2008,N20,VIIRS,n,2,297.97,1.92,N,0
19.96577,81.26623,309.01,0.39,0.36,2025-03-18,2008,N20,VIIRS,n,2,295.54,1.55,N,0
19.96743,80.4184,308.23,0.4,0.37,2025-03-18,2008,N20,VIIRS,n,2,296.78,1.16,N,0
19.97019,78.69978,316.49,0.46,0.39,2025-03-18,2008,N20,VIIRS,n,2,297.25,3.15,N,0
19.97441,78.69585,315.15,0.46,0.39,2025-03-18,2008,N20,VIIRS,n,2,295.64,3.36,N,0
19.978,78.69636,337.85,0.46,0.39,2025-03-18,2008,N20,VIIRS,n,2,297.91,3.36,N,0
19.97955,78.69955,321.42,0.46,0.39,2025-03-18,2008,N20,VIIRS,n,2,297.09,2.86,N,0
19.98014,78.69511,334.35,0.46,0.39,2025-03-18,2008,N20,VIIRS,n,2,296.93,4.67,N,0
19.98159,78.69694,330.75,0.46,0.39,2025-03-18,2008,N20,VIIRS,n,2,297.33,3.97,N,0
19.9832,81.12965,311.89,0.39,0.36,2025-03-18,2008,N20,VIIRS,n,2,295.63,1.82,N,0
19.99096,78.75021,305.65,0.46,0.39,2025-03-18,2008,N20,VIIRS,n,2,294.98,1.47,N,0
19.99513,78.74641,306.27,0.46,0.39,2025-03-18,2008,N20,VIIRS,n,2,294.84,1.57,N,0
15.56203,78.23222,313.48,0.44,0.38,2025-03-18,2009,N20,VIIRS,n,2,296.91,0.85,N,0
15.68367,78.45822,299.88,0.43,0.38,2025-03-18,2009,N20,VIIRS,n,2,286.2,0.74,N,0
15.68563,78.45776,302.59,0.43,0.38,2025-03-18,2009,N20,VIIRS,n,2,287.95,0.96,N,0
15.69733,78.71832,310.46,0.42,0.38,2025-03-18,2009,N20,VIIRS,n,2,297.36,2.25,N,0
15.70018,78.72286,309.92,0.42,0.38,2025-03-18,2009,N20,VIIRS,n,2,297.47,2.04,N,0
15.8148,78.87113,307.34,0.42,0.37,2025-03-18,2009,N20,VIIRS,n,2,295.08,0.84,N,0
15.85009,78.82106,306.89,0.42,0.38,2025-03-18,2009,N20,VIIRS,n,2,295.76,1.12,N,0
16.02884,78.89149,308.71,0.42,0.37,2025-03-18,2009,N20,VIIRS,n,2,295.63,1.34,N,0
16.08197,78.83884,323.63,0.42,0.38,2025-03-18,2009,N20,VIIRS,n,2,298.89,2.98,N,3
16.11563,78.67998,307.91,0.43,0.38,2025-03-18,2009,N20,VIIRS,n,2,297.7,1.66,N,0
16.14309,77.11059,313.23,0.5,0.41,2025-03-18,2009,N20,VIIRS,n,2,293.84,1.47,N,0
16.25154,78.6852,309.22,0.43,0.38,2025-03-18,2009,N20,VIIRS,n,2,292.66,0.8,N,0
16.44419,80.74206,312.24,0.39,0.36,2025-03-18,2009,N20,VIIRS,n,2,296.29,1.24,N,0
16.62358,79.41129,306.77,0.41,0.37,2025-03-18,2009,N20,VIIRS,n,2,296.28,0.68,N,0
16.72795,80.62022,305.59,0.39,0.36,2025-03-18,2009,N20,VIIRS,n,2,295.53,0.73,N,0
17.14047,77.18369,308.07,0.51,0.41,2025-03-18,2009,N20,VIIRS,n,2,297.29,2.02,N,2
17.22299,80.67197,311.88,0.39,0.36,2025-03-18,2009,N20,VIIRS,n,2,296.45,1.42,N,0
17.24367,81.11034,311.33,0.38,0.36,2025-03-18,2009,N20,VIIRS,n,2,296.14,1.04,N,0
17.30112,78.49864,309.99,0.44,0.39,2025-03-18,2009,N20,VIIRS,n,2,295.39,1.28,N,0
17.30156,78.49725,310.37,0.44,0.39,2025-03-18,2009,N20,VIIRS,n,2,295.12,1.27,N,0
17.45975,80.36912,308.07,0.39,0.36,2025-03-18,2009,N20,VIIRS,n,2,296.67,1.71,N,0
17.46387,80.65202,306.9,0.39,0.36,2025-03-18,2009,N20,VIIRS,n,2,296.77,1.23,N,2
17.49277,78.90353,321.64,0.43,0.38,2025-03-18,2009,N20,VIIRS,n,2,295.42,1.55,N,0
17.53095,78.61083,308.77,0.44,0.38,2025-03-18,2009,N20,VIIRS,n,2,292.92,0.71,N,0
17.54069,77.1937,308.63,0.51,0.41,2025-03-18,2009,N20,VIIRS,n,2,294.6,1.52,N,0
17.55256,80.38348,307.38,0.39,0.36,2025-03-18,2009,N20,VIIRS,n,2,296.63,1.48,N,0
17.65762,78.352,308.62,0.45,0.39,2025-03-18,2009,N20,VIIRS,n,2,293.76,1.2,N,0
17.66418,77.16601,304.55,0.52,0.41,2025-03-18,2009,N20,VIIRS,n,2,294.37,1.59,N,0
15.53645,79.18714,340.86,0.39,0.59,2025-03-19,718,N20,VIIRS,n,2,307.71,3.22,D,0
15.53848,79.18341,334.23,0.39,0.59,2025-03-19,718,N20,VIIRS,l,2,308.81,2.63,D,0
15.60324,77.98326,336.33,0.46,0.64,2025-03-19,718,N20,VIIRS,l,2,307.89,1.7,D,0
15.6034,77.98411,338.82,0.46,0.64,2025-03-19,718,N20,VIIRS,n,2,308.09,1.78,D,0
15.61352,78.12138,332.89,0.45,0.63,2025-03-19,718,N20,VIIRS,l,2,305.2,1.18,D,0
15.6723,78.77632,348.73,0.41,0.61,2025-03-19,718,N20,VIIRS,n,2,303.76,4.47,D,0
15.67237,78.77766,342.54,0.41,0.61,2025-03-19,718,N20,VIIRS,n,2,303.53,5.43,D,0
15.68219,78.76882,334.61,0.41,0.61,2025-03-19,718,N20,VIIRS,n,2,304.22,3.25,D,0
15.68229,78.77009,339.75,0.41,0.61,2025-03-19,718,N20,VIIRS,n,2,304.78,3.85,D,0
15.68299,78.77271,335.69,0.41,0.61,2025-03-19,718,N20,VIIRS,n,2,305.48,4.96,D,0
15.68305,78.77393,332.19,0.41,0.61,2025-03-19,718,N20,VIIRS,l,2,305.56,3.87,D,0
15.70381,78.73471,342.08,0.41,0.61,2025-03-19,718,N20,VIIRS,n,2,304.82,5.71,D,0
15.70472,78.73917,340.3,0.41,0.61,2025-03-19,718,N20,VIIRS,n,2,305.82,5.71,D,0
15.71819,78.91654,333.59,0.4,0.6,2025-03-19,718,N20,VIIRS,l,2,308.14,1.87,D,0
15.72291,78.91194,336.34,0.4,0.6,2025-03-19,718,N20,VIIRS,n,2,308.06,8.92,D,0
15.72763,78.90735,367.0,0.4,0.6,2025-03-19,718,N20,VIIRS,h,2,311.33,12.19,D,0
15.74813,79.74162,332.21,0.35,0.57,2025-03-19,718,N20,VIIRS,l,2,305.44,3.9,D,0
15.74988,79.74343,330.68,0.35,0.57,2025-03-19,718,N20,VIIRS,l,2,302.25,4.04,D,0
15.76511,79.5778,343.3,0.36,0.57,2025-03-19,718,N20,VIIRS,n,2,309.49,3.28,D,0
15.78659,78.80573,333.57,0.41,0.6,2025-03-19,718,N20,VIIRS,l,2,304.3,5.16,D,0
15.78687,78.80561,330.77,0.41,0.6,2025-03-19,718,N20,VIIRS,l,2,303.74,1.29,D,0
15.79489,77.97787,337.23,0.46,0.64,2025-03-19,718,N20,VIIRS,l,2,311.5,6.24,D,0
15.83622,79.0726,334.72,0.39,0.59,2025-03-19,718,N20,VIIRS,l,2,305.63,2.43,D,0
15.8395,79.07244,337.11,0.39,0.59,2025-03-19,718,N20,VIIRS,n,2,305.47,2.42,D,0
15.86077,79.375,344.43,0.37,0.58,2025-03-19,718,N20,VIIRS,n,2,311.72,3.69,D,0
15.86145,79.37838,338.26,0.37,0.58,2025-03-19,718,N20,VIIRS,l,2,312.04,3.96,D,0
15.8842,78.94988,339.39,0.39,0.6,2025-03-19,718,N20,VIIRS,n,2,309.39,3.5,D,0
15.88486,78.95316,336.7,0.39,0.6,2025-03-19,718,N20,VIIRS,n,2,307.69,2.97,D,0
15.94701,78.86224,353.57,0.4,0.6,2025-03-19,718,N20,VIIRS,n,2,309.47,9.7,D,0
15.948,78.49911,340.45,0.42,0.61,2025-03-19,718,N20,VIIRS,n,2,313.0,2.45,D,0
15.94861,78.87009,350.15,0.4,0.6,2025-03-19,718,N20,VIIRS,n,2,309.87,6.65,D,0
15.94935,78.87375,345.61,0.4,0.6,2025-03-19,718,N20,VIIRS,n,2,311.66,6.65,D,0
15.9531,78.86438,339.34,0.4,0.6,2025-03-19,718,N20,VIIRS,n,2,308.01,4.88,D,0
15.96877,78.55115,341.79,0.42,0.61,2025-03-19,718,N20,VIIRS,n,2,312.78,4.83,D,0
15.97575,77.49126,342.0,0.49,0.65,2025-03-19,718,N20,VIIRS,n,2,304.59,6.59,D,0
16.01004,79.33594,337.6,0.37,0.58,2025-03-19,718,N20,VIIRS,l,2,311.21,1.83,D,0
16.02288,78.89572,338.04,0.4,0.6,2025-03-19,718,N20,VIIRS,l,2,309.01,4.89,D,0
16.02613,78.89088,342.84,0.4,0.6,2025-03-19,718,N20,VIIRS,n,2,311.51,5.49,D,0
16.02655,77.33604,334.68,0.5,0.66,2025-03-19,718,N20,VIIRS,l,2,305.96,2.59,D,0
16.02689,78.89465,346.88,0.4,0.6,2025-03-19,718,N20,VIIRS,n,2,311.19,5.94,D,0
16.02696,77.47095,338.07,0.49,0.65,2025-03-19,718,N20,VIIRS,n,2,306.91,3.74,D,0
16.02739,78.89024,343.82,0.4,0.6,2025-03-19,718,N20,VIIRS,n,2,312.47,5.24,D,0
16.03008,77.33713,331.85,0.5,0.66,2025-03-19,718,N20,VIIRS,l,2,305.58,2.0,D,0
16.04127,79.27321,348.94,0.37,0.58,2025-03-19,718,N20,VIIRS,n,2,312.96,4.09,D,0
16.04948,77.26837,334.16,0.51,0.66,2025-03-19,718,N20,VIIRS,l,2,306.35,2.03,D,0
16.10459,80.16732,331.78,0.32,0.55,2025-03-19,718,N20,VIIRS,l,2,305.55,2.1,D,0
16.14248,77.07854,344.05,0.52,0.67,2025-03-19,718,N20,VIIRS,n,2,303.87,3.66,D,0
16.16419,77.23994,337.85,0.51,0.66,2025-03-19,718,N20,VIIRS,n,2,305.59,4.31,D,0
16.16518,77.24461,334.31,0.51,0.66,2025-03-19,718,N20,VIIRS,l,2,306.77,4.02,D,0
16.18668,80.26601,333.31,0.32,0.54,2025-03-19,718,N20,VIIRS,n,2,302.76,6.1,D,0
16.1933,79.21592,335.78,0.37,0.58,2025-03-19,718,N20,VIIRS,l,2,310.37,3.15,D,0
16.19665,78.6846,345.23,0.41,0.6,2025-03-19,718,N20,VIIRS,n,2,304.8,6.56,D,0
16.20213,78.68513,334.97,0.41,0.6,2025-03-19,718,N20,VIIRS,n,2,303.92,2.34,D,0
16.23353,78.53026,341.46,0.41,0.61,2025-03-19,718,N20,VIIRS,l,2,316.19,7.78,D,0
16.25201,77.43233,333.3,0.49,0.65,2025-03-19,718,N20,VIIRS,l,2,306.26,3.47,D,0
16.3224,79.69859,353.36,0.34,0.56,2025-03-19,718,N20,VIIRS,n,2,308.15,4.61,D,0
16.34556,79.24728,335.06,0.37,0.58,2025-03-19,718,N20,VIIRS,l,2,309.29,6.26,D,0
16.361,77.26228,346.96,0.5,0.66,2025-03-19,718,N20,VIIRS,n,2,306.57,5.5,D,0
16.38421,77.10746,330.99,0.51,0.66,2025-03-19,718,N20,VIIRS,l,2,303.99,3.75,D,0
16.39981,79.32712,343.05,0.36,0.58,2025-03-19,718,N20,VIIRS,n,2,311.37,3.59,D,0
16.4131,81.07088,334.32,0.56,0.51,2025-03-19,718,N20,VIIRS,l,2,305.43,6.48,D,0
16.41331,81.09744,342.29,0.56,0.51,2025-03-19,718,N20,VIIRS,n,2,305.13,6.72,D,0
16.41429,81.10256,332.26,0.55,0.51,2025-03-19,718,N20,VIIRS,n,2,302.79,6.72,D,0
16.41797,81.09649,342.34,0.56,0.51,2025-03-19,718,N20,VIIRS,n,2,304.74,6.72,D,0
16.41894,81.10161,334.55,0.55,0.51,2025-03-19,718,N20,VIIRS,n,2,301.37,6.72,D,0
16.42348,77.66928,335.61,0.47,0.64,2025-03-19,718,N20,VIIRS,l,2,306.46,3.72,D,0
16.42374,77.66816,338.96,0.47,0.64,2025-03-19,718,N20,VIIRS,n,2,306.73,3.68,D,0
16.54866,78.14882,341.54,0.43,0.62,2025-03-19,718,N20,VIIRS,n,2,312.37,3.62,D,0
16.54991,81.02773,333.48,0.56,0.51,2025-03-19,718,N20,VIIRS,n,2,302.73,4.99,D,0
16.6767,79.67963,341.67,0.34,0.56,2025-03-19,718,N20,VIIRS,n,2,310.5,5.3,D,0
16.68347,80.42092,337.9,0.61,0.53,2025-03-19,718,N20,VIIRS,n,2,303.35,3.75,D,0
16.78131,77.16875,330.2,0.5,0.66,2025-03-19,719,N20,VIIRS,l,2,304.22,2.78,D,0
16.81542,77.35648,337.72,0.48,0.65,2025-03-19,719,N20,VIIRS,n,2,307.4,12.23,D,0
16.81631,77.36062,367.0,0.48,0.65,2025-03-19,719,N20,VIIRS,h,2,306.18,12.23,D,0
16.89557,77.33017,338.79,0.48,0.65,2025-03-19,719,N20,VIIRS,n,2,305.68,3.04,D,0
16.91325,77.21935,331.98,0.49,0.65,2025-03-19,719,N20,VIIRS,l,2,306.4,1.9,D,0
16.97116,77.46239,340.63,0.47,0.64,2025-03-19,719,N20,VIIRS,n,2,307.37,3.11,D,0
17.01707,77.25531,332.23,0.49,0.65,2025-03-19,719,N20,VIIRS,l,2,306.03,1.88,D,0
17.05608,79.15665,340.17,0.36,0.58,2025-03-19,719,N20,VIIRS,n,2,306.88,5.76,D,0
17.05627,79.15647,339.24,0.36,0.58,2025-03-19,719,N20,VIIRS,n,2,307.15,4.63,D,0
17.12217,77.20953,344.93,0.49,0.65,2025-03-19,719,N20,VIIRS,n,2,308.31,6.75,D,0
17.12944,78.74265,336.83,0.39,0.59,2025-03-19,719,N20,VIIRS,l,2,310.59,1.26,D,0
17.13716,77.10668,332.42,0.49,0.65,2025-03-19,719,N20,VIIRS,l,2,305.73,1.78,D,0
17.14199,78.52879,350.85,0.4,0.6,2025-03-19,719,N20,VIIRS,n,2,311.53,4.43,D,0
17.14357,78.5291,344.84,0.4,0.6,2025-03-19,719,N20,VIIRS,n,2,309.72,3.08,D,0
17.19559,79.06664,367.0,0.37,0.58,2025-03-19,719,N20,VIIRS,h,2,306.2,5.48,D,0
17.21753,78.39292,342.18,0.41,0.6,2025-03-19,719,N20,VIIRS,n,2,305.96,2.25,D,0
17.21828,78.3946,333.27,0.4,0.6,2025-03-19,719,N20,VIIRS,l,2,305.84,3.08,D,0
17.23255,78.16166,344.71,0.42,0.61,2025-03-19,719,N20,VIIRS,n,2,308.35,3.0,D,0
17.25539,77.49421,332.2,0.46,0.64,2025-03-19,719,N20,VIIRS,l,2,307.07,2.12,D,0
17.27905,78.68354,336.81,0.39,0.59,2025-03-19,719,N20,VIIRS,l,2,310.2,3.08,D,0
17.28168,78.68164,348.55,0.39,0.59,2025-03-19,719,N20,VIIRS,n,2,311.24,3.7,D,0
17.28529,78.94511,331.86,0.37,0.58,2025-03-19,719,N20,VIIRS,l,2,306.56,2.23,D,0
17.33924,78.67772,349.63,0.39,0.59,2025-03-19,719,N20,VIIRS,n,2,310.7,5.0,D,0
17.36389,81.04351,333.56,0.54,0.51,2025-03-19,719,N20,VIIRS,n,2,302.62,5.2,D,0
17.36481,81.0483,337.82,0.54,0.51,2025-03-19,719,N20,VIIRS,n,2,302.58,5.2,D,0
17.38461,79.24937,336.44,0.35,0.57,2025-03-19,719,N20,VIIRS,l,2,307.78,2.49,D,0
17.41177,80.34888,348.75,0.6,0.53,2025-03-19,719,N20,VIIRS,n,2,305.12,11.95,D,0
17.41212,80.34523,340.87,0.6,0.53,2025-03-19,719,N20,VIIRS,n,2,304.39,5.42,D,0
17.41319,80.35084,340.13,0.6,0.53,2025-03-19,719,N20,VIIRS,n,2,303.71,4.58,D,0
17.424,79.25181,367.0,0.35,0.57,2025-03-19,719,N20,VIIRS,h,2,311.0,6.76,D,0
17.42466,79.25504,337.21,0.35,0.57,2025-03-19,719,N20,VIIRS,n,2,307.59,6.76,D,0
17.44198,77.40678,334.98,0.46,0.64,2025-03-19,719,N20,VIIRS,l,2,308.87,1.62,D,0
17.44271,77.29411,339.05,0.47,0.64,2025-03-19,719,N20,VIIRS,n,2,309.14,1.27,D,0
17.45436,80.36246,337.01,0.59,0.53,2025-03-19,719,N20,VIIRS,n,2,303.1,2.52,D,0
17.45928,80.36216,339.39,0.59,0.53,2025-03-19,719,N20,VIIRS,n,2,303.32,5.49,D,0
17.4696,80.44031,341.26,0.59,0.53,2025-03-19,719,N20,VIIRS,n,2,305.92,3.77,D,0
17.4744,80.4395,341.76,0.59,0.53,2025-03-19,719,N20,VIIRS,n,2,305.84,6.63,D,0
17.47509,79.13165,345.72,0.36,0.57,2025-03-19,719,N20,VIIRS,n,2,306.55,4.79,D,0
17.47598,79.13132,344.23,0.36,0.57,2025-03-19,719,N20,VIIRS,n,2,307.48,3.64,D,0
17.48046,79.21236,334.37,0.35,0.57,2025-03-19,719,N20,VIIRS,l,2,307.55,1.6,D,0
17.49031,77.88992,336.42,0.43,0.62,2025-03-19,719,N20,VIIRS,l,2,310.92,3.49,D,0
17.52022,77.79585,341.57,0.44,0.62,2025-03-19,719,N20,VIIRS,n,2,309.3,6.09,D,0
17.52316,77.79471,335.2,0.44,0.62,2025-03-19,719,N20,VIIRS,l,2,308.75,2.34,D,0
17.52399,77.79871,339.06,0.44,0.62,2025-03-19,719,N20,VIIRS,n,2,309.21,2.34,D,0
17.53448,80.7485,333.1,0.56,0.51,2025-03-19,719,N20,VIIRS,l,2,307.33,5.06,D,0
17.55308,80.38562,339.62,0.59,0.53,2025-03-19,719,N20,VIIRS,n,2,306.87,2.99,D,0
17.5916,81.02004,342.56,0.53,0.5,2025-03-19,719,N20,VIIRS,n,2,309.81,12.22,D,0
17.6106,79.26498,348.73,0.35,0.57,2025-03-19,719,N20,VIIRS,n,2,306.45,4.24,D,0
17.61216,79.26344,347.42,0.35,0.57,2025-03-19,719,N20,VIIRS,n,2,306.56,4.6,D,0
17.67449,79.12184,337.42,0.35,0.57,2025-03-19,719,N20,VIIRS,l,2,307.92,3.42,D,0
17.6862,80.10995,333.27,0.61,0.53,2025-03-19,719,N20,VIIRS,l,2,306.68,4.85,D,0
17.68826,80.11066,337.0,0.61,0.53,2025-03-19,719,N20,VIIRS,n,2,307.11,4.68,D,0
17.69267,80.54195,335.01,0.57,0.52,2025-03-19,719,N20,VIIRS,l,2,306.63,4.69,D,0
17.70213,81.45498,336.18,0.5,0.49,2025-03-19,719,N20,VIIRS,n,2,307.34,3.12,D,0
17.71133,80.41051,344.85,0.58,0.52,2025-03-19,719,N20,VIIRS,n,2,309.26,8.3,D,0
17.72373,80.47451,338.37,0.58,0.52,2025-03-19,719,N20,VIIRS,l,2,308.66,5.76,D,0
17.73444,77.47597,367.0,0.45,0.63,2025-03-19,719,N20,VIIRS,h,2,309.66,8.78,D,0
17.73497,79.50261,333.28,0.33,0.56,2025-03-19,719,N20,VIIRS,l,2,303.33,2.17,D,0
17.74751,81.01671,336.75,0.53,0.5,2025-03-19,719,N20,VIIRS,n,2,308.46,2.93,D,0
17.75718,80.18865,345.19,0.6,0.53,2025-03-19,719,N20,VIIRS,n,2,309.76,8.32,D,0
17.75832,80.19445,340.53,0.6,0.53,2025-03-19,719,N20,VIIRS,n,2,306.07,8.32,D,0
17.76155,80.53642,334.11,0.57,0.52,2025-03-19,719,N20,VIIRS,l,2,305.63,1.52,D,0
17.76585,80.30888,334.83,0.59,0.53,2025-03-19,719,N20,VIIRS,n,2,304.73,4.08,D,0
17.77709,80.21365,342.43,0.6,0.53,2025-03-19,719,N20,VIIRS,n,2,303.29,7.99,D,0
17.77852,80.32277,338.58,0.59,0.53,2025-03-19,719,N20,VIIRS,l,2,309.9,7.5,D,0
17.77956,80.32805,338.12,0.59,0.53,2025-03-19,719,N20,VIIRS,n,2,307.86,7.5,D,0
17.78507,78.03755,333.9,0.42,0.61,2025-03-19,719,N20,VIIRS,n,2,304.1,2.7,D,0
17.80157,78.03801,330.04,0.42,0.61,2025-03-19,719,N20,VIIRS,l,2,304.95,2.13,D,0
17.80237,78.03764,330.77,0.42,0.61,2025-03-19,719,N20,VIIRS,l,2,305.04,4.02,D,0
17.80936,81.42063,336.82,0.5,0.49,2025-03-19,719,N20,VIIRS,n,2,306.68,2.25,D,0
17.83533,80.13505,337.18,0.6,0.53,2025-03-19,719,N20,VIIRS,l,2,307.94,5.1,D,0
17.84338,80.57976,335.7,0.57,0.52,2025-03-19,719,N20,VIIRS,l,2,308.45,4.95,D,0
17.85268,80.80202,335.66,0.55,0.51,2025-03-19,719,N20,VIIRS,l,2,310.26,4.37,D,0
17.85864,80.17683,339.58,0.6,0.53,2025-03-19,719,N20,VIIRS,n,2,305.92,5.9,D,0
17.86012,80.56544,337.83,0.57,0.52,2025-03-19,719,N20,VIIRS,n,2,305.36,7.06,D,0
17.86482,80.5645,334.32,0.57,0.52,2025-03-19,719,N20,VIIRS,l,2,306.09,4.22,D,0
17.87164,80.75098,332.24,0.55,0.51,2025-03-19,719,N20,VIIRS,l,2,306.69,2.9,D,0
17.87671,80.99895,335.19,0.53,0.5,2025-03-19,719,N20,VIIRS,l,2,307.54,6.24,D,0
17.89037,80.46356,337.48,0.57,0.52,2025-03-19,719,N20,VIIRS,n,2,307.18,4.79,D,0
17.89347,80.47929,336.31,0.57,0.52,2025-03-19,719,N20,VIIRS,l,2,308.87,4.16,D,0
17.89725,78.58294,331.06,0.38,0.59,2025-03-19,719,N20,VIIRS,l,2,305.17,2.07,D,0
17.90353,81.41626,340.17,0.5,0.49,2025-03-19,719,N20,VIIRS,n,2,308.66,2.86,D,0
17.9059,79.02419,337.77,0.36,0.57,2025-03-19,719,N20,VIIRS,l,2,308.09,3.24,D,0
17.91753,80.67559,338.7,0.55,0.51,2025-03-19,719,N20,VIIRS,n,2,304.69,7.89,D,0
17.92274,81.06589,353.04,0.52,0.5,2025-03-19,719,N20,VIIRS,n,2,309.25,10.41,D,0
17.96006,80.98917,341.03,0.53,0.5,2025-03-19,719,N20,VIIRS,n,2,307.39,2.42,D,0
17.96058,80.99174,341.47,0.53,0.5,2025-03-19,719,N20,VIIRS,n,2,307.55,4.1,D,0
17.97059,81.04283,332.56,0.52,0.5,2025-03-19,719,N20,VIIRS,l,2,306.56,5.13,D,0
17.97447,81.4091,339.6,0.5,0.49,2025-03-19,719,N20,VIIRS,n,2,308.17,2.45,D,0
17.97749,80.15017,335.26,0.6,0.53,2025-03-19,719,N20,VIIRS,l,2,306.28,4.1,D,0
18.00089,81.45135,339.94,0.49,0.49,2025-03-19,719,N20,VIIRS,n,2,308.98,3.37,D,0
18.00154,78.46603,342.71,0.39,0.59,2025-03-19,719,N20,VIIRS,n,2,306.56,2.4,D,0
18.00375,77.41126,336.38,0.45,0.63,2025-03-19,719,N20,VIIRS,l,2,307.92,2.28,D,0
18.00408,78.46514,343.96,0.39,0.59,2025-03-19,719,N20,VIIRS,n,2,303.83,3.78,D,0
18.00458,77.40858,335.97,0.45,0.63,2025-03-19,719,N20,VIIRS,l,2,307.46,1.98,D,0
18.00745,80.96489,333.08,0.53,0.5,2025-03-19,719,N20,VIIRS,l,2,305.33,4.05,D,0
18.01214,79.92824,341.31,0.62,0.54,2025-03-19,719,N20,VIIRS,n,2,303.31,6.78,D,0
18.02071,81.36122,337.21,0.5,0.49,2025-03-19,719,N20,VIIRS,l,2,310.43,3.76,D,0
18.02357,79.9855,333.19,0.61,0.54,2025-03-19,719,N20,VIIRS,n,2,305.04,4.11,D,0
18.03251,81.47324,340.03,0.49,0.49,2025-03-19,719,N20,VIIRS,n,2,309.93,4.86,D,0
18.03539,77.35731,333.55,0.46,0.63,2025-03-19,719,N20,VIIRS,l,2,307.27,1.9,D,0
18.04027,77.26783,349.83,0.46,0.64,2025-03-19,719,N20,VIIRS,n,2,308.66,5.9,D,0
18.04317,77.33764,339.78,0.46,0.63,2025-03-19,719,N20,VIIRS,n,2,307.33,4.24,D,0
18.04599,77.26644,339.24,0.46,0.64,2025-03-19,719,N20,VIIRS,n,2,306.4,3.56,D,0
18.05218,81.39025,332.02,0.5,0.49,2025-03-19,719,N20,VIIRS,l,2,306.38,1.62,D,0
18.06181,80.92682,333.94,0.53,0.5,2025-03-19,719,N20,VIIRS,l,2,308.38,4.69,D,0
18.0619,81.41684,348.42,0.49,0.49,2025-03-19,719,N20,VIIRS,n,2,310.08,7.12,D,0
18.07856,78.36884,332.3,0.39,0.59,2025-03-19,719,N20,VIIRS,l,2,307.15,3.53,D,0
18.08334,77.49823,334.75,0.45,0.63,2025-03-19,719,N20,VIIRS,l,2,309.33,2.24,D,0
18.08844,80.05878,331.68,0.6,0.53,2025-03-19,719,N20,VIIRS,l,2,304.83,1.95,D,0
18.09249,80.06099,334.59,0.6,0.53,2025-03-19,719,N20,VIIRS,l,2,305.3,3.69,D,0
18.09754,81.31387,334.86,0.5,0.49,2025-03-19,719,N20,VIIRS,l,2,308.09,5.17,D,0
18.09935,81.32346,344.95,0.5,0.49,2025-03-19,719,N20,VIIRS,n,2,308.53,6.03,D,0
18.09997,81.39965,340.46,0.49,0.49,2025-03-19,719,N20,VIIRS,n,2,309.39,3.12,D,0
18.10085,81.40427,335.31,0.49,0.49,2025-03-19,719,N20,VIIRS,l,2,308.79,3.12,D,0
18.10467,81.27818,335.83,0.5,0.49,2025-03-19,719,N20,VIIRS,l,2,307.77,3.31,D,0
18.11269,80.10609,332.61,0.6,0.53,2025-03-19,719,N20,VIIRS,l,2,305.87,3.69,D,0
18.12134,80.57831,341.0,0.56,0.51,2025-03-19,719,N20,VIIRS,n,2,308.37,6.65,D,0
18.13873,78.72715,337.67,0.37,0.58,2025-03-19,719,N20,VIIRS,l,2,309.5,4.15,D,0
18.14583,80.10167,334.84,0.6,0.53,2025-03-19,719,N20,VIIRS,l,2,305.19,7.09,D,0
18.15134,80.97358,330.18,0.53,0.5,2025-03-19,719,N20,VIIRS,l,2,304.9,2.24,D,0
18.16495,80.97066,332.79,0.53,0.5,2025-03-19,719,N20,VIIRS,l,2,304.67,2.51,D,0
18.16564,80.97268,335.67,0.53,0.5,2025-03-19,719,N20,VIIRS,n,2,304.86,6.28,D,0
18.16948,80.96967,330.24,0.53,0.5,2025-03-19,719,N20,VIIRS,l,2,303.74,3.09,D,0
18.17215,80.98379,331.26,0.52,0.5,2025-03-19,719,N20,VIIRS,l,2,305.76,2.58,D,0
18.18146,80.9329,332.72,0.53,0.5,2025-03-19,719,N20,VIIRS,l,2,306.73,3.14,D,0
18.19061,80.73523,336.11,0.54,0.51,2025-03-19,719,N20,VIIRS,l,2,307.36,2.67,D,0
18.19512,80.73374,343.05,0.54,0.51,2025-03-19,719,N20,VIIRS,n,2,308.1,5.78,D,0
18.19613,80.73898,337.31,0.54,0.51,2025-03-19,719,N20,VIIRS,l,2,308.98,5.78,D,0
18.19963,80.92894,332.72,0.53,0.5,2025-03-19,719,N20,VIIRS,l,2,306.56,4.11,D,0
18.21077,81.35995,334.63,0.5,0.49,2025-03-19,719,N20,VIIRS,l,2,309.61,3.33,D,0
18.21591,80.91521,335.5,0.53,0.5,2025-03-19,719,N20,VIIRS,l,2,307.42,2.38,D,0
18.21686,80.92015,333.71,0.53,0.5,2025-03-19,719,N20,VIIRS,l,2,306.7,2.38,D,0
18.22055,80.79124,345.94,0.54,0.51,2025-03-19,719,N20,VIIRS,n,2,306.23,5.52,D,0
18.22236,80.92413,334.49,0.53,0.5,2025-03-19,719,N20,VIIRS,l,2,306.31,2.59,D,0
18.2271,80.80051,330.54,0.54,0.51,2025-03-19,719,N20,VIIRS,l,2,305.48,4.39,D,0
18.22943,80.44905,332.17,0.57,0.52,2025-03-19,719,N20,VIIRS,l,2,304.0,5.05,D,0
18.25196,80.80589,332.55,0.54,0.51,2025-03-19,719,N20,VIIRS,l,2,303.91,4.55,D,0
18.25739,80.80943,339.74,0.54,0.51,2025-03-19,719,N20,VIIRS,n,2,307.11,5.36,D,0
18.26384,80.29818,330.47,0.58,0.52,2025-03-19,719,N20,VIIRS,l,2,303.49,4.03,D,0
18.26638,81.48746,339.58,0.48,0.48,2025-03-19,719,N20,VIIRS,l,2,312.29,5.84,D,0
18.26731,81.4904,343.42,0.49,0.48,2025-03-19,719,N20,VIIRS,n,2,312.42,6.8,D,0
18.29655,77.85973,349.94,0.42,0.61,2025-03-19,719,N20,VIIRS,n,2,307.64,8.25,D,0
18.29702,77.85859,333.59,0.42,0.61,2025-03-19,719,N20,VIIRS,l,2,306.0,7.23,D,0
18.29781,77.8624,343.06,0.42,0.61,2025-03-19,719,N20,VIIRS,n,2,305.95,8.6,D,0
18.29807,78.52337,338.44,0.38,0.59,2025-03-19,719,N20,VIIRS,n,2,306.09,5.23,D,0
18.2988,78.52692,338.54,0.38,0.59,2025-03-19,719,N20,VIIRS,n,2,306.86,6.91,D,0
18.2998,78.63833,353.26,0.37,0.58,2025-03-19,719,N20,VIIRS,n,2,307.77,6.2,D,0
18.30217,80.41444,333.96,0.57,0.52,2025-03-19,719,N20,VIIRS,n,2,303.92,4.99,D,0
18.31054,80.3578,346.2,0.57,0.52,2025-03-19,719,N20,VIIRS,n,2,304.81,6.55,D,0
18.32139,80.0146,331.53,0.6,0.53,2025-03-19,719,N20,VIIRS,n,2,301.51,4.1,D,0
18.35783,80.24731,337.27,0.58,0.52,2025-03-19,719,N20,VIIRS,n,2,304.34,3.53,D,0
18.35799,80.24563,332.63,0.58,0.52,2025-03-19,719,N20,VIIRS,l,2,304.24,4.03,D,0
18.37003,81.43486,334.95,0.49,0.48,2025-03-19,719,N20,VIIRS,l,2,307.82,3.43,D,0
18.37077,80.06104,342.28,0.6,0.53,2025-03-19,719,N20,VIIRS,n,2,304.66,6.4,D,0
18.37185,80.06649,335.71,0.6,0.53,2025-03-19,719,N20,VIIRS,n,2,304.36,6.85,D,0
18.37251,80.77026,334.61,0.54,0.51,2025-03-19,719,N20,VIIRS,n,2,302.98,3.9,D,0
18.38179,80.88985,335.82,0.53,0.5,2025-03-19,719,N20,VIIRS,n,2,305.36,4.6,D,0
18.38217,80.89249,336.71,0.53,0.5,2025-03-19,719,N20,VIIRS,n,2,305.41,5.61,D,0
18.3961,78.0304,341.62,0.41,0.6,2025-03-19,719,N20,VIIRS,n,2,306.23,2.88,D,0
18.43202,81.27986,330.87,0.5,0.49,2025-03-19,719,N20,VIIRS,l,2,302.11,1.36,D,0
18.43467,80.43351,333.44,0.56,0.52,2025-03-19,719,N20,VIIRS,n,2,302.87,3.8,D,0
18.43934,80.43249,338.17,0.56,0.52,2025-03-19,719,N20,VIIRS,n,2,303.21,3.8,D,0
18.44499,80.18559,338.0,0.58,0.52,2025-03-19,719,N20,VIIRS,n,2,303.43,4.79,D,0
18.44538,80.16301,331.4,0.59,0.53,2025-03-19,719,N20,VIIRS,l,2,302.97,2.18,D,0
18.44543,80.18777,335.01,0.58,0.52,2025-03-19,719,N20,VIIRS,n,2,304.11,3.9,D,0
18.44841,80.30418,344.4,0.57,0.52,2025-03-19,719,N20,VIIRS,n,2,301.82,7.45,D,0
18.45226,78.45715,343.16,0.38,0.59,2025-03-19,719,N20,VIIRS,n,2,303.06,3.01,D,0
18.49402,78.60368,332.04,0.37,0.58,2025-03-19,719,N20,VIIRS,n,2,302.59,3.99,D,0
18.502,80.60455,347.32,0.55,0.51,2025-03-19,719,N20,VIIRS,n,2,309.45,11.91,D,0
18.505,78.63004,333.59,0.37,0.58,2025-03-19,719,N20,VIIRS,l,2,304.06,1.61,D,0
18.52117,80.09472,337.14,0.59,0.53,2025-03-19,719,N20,VIIRS,n,2,301.87,5.45,D,0
18.53132,80.12116,334.38,0.59,0.53,2025-03-19,719,N20,VIIRS,n,2,302.02,3.32,D,0
18.53599,81.42311,335.7,0.48,0.48,2025-03-19,719,N20,VIIRS,n,2,306.56,2.69,D,0
18.54002,77.54465,344.5,0.43,0.62,2025-03-19,719,N20,VIIRS,n,2,310.61,5.27,D,0
18.56538,80.11778,342.59,0.59,0.53,2025-03-19,719,N20,VIIRS,n,2,301.6,8.0,D,0
18.56564,80.11913,334.19,0.59,0.53,2025-03-19,719,N20,VIIRS,n,2,301.25,7.78,D,0
18.57019,80.909,333.41,0.52,0.5,2025-03-19,719,N20,VIIRS,l,2,307.71,6.3,D,0
18.57204,80.91867,334.21,0.52,0.5,2025-03-19,719,N20,VIIRS,l,2,304.97,3.28,D,0
18.61857,80.23572,335.57,0.58,0.52,2025-03-19,719,N20,VIIRS,n,2,301.44,4.03,D,0
18.63419,80.16505,335.56,0.58,0.52,2025-03-19,719,N20,VIIRS,n,2,302.35,3.52,D,0
18.67314,80.67973,331.87,0.54,0.51,2025-03-19,719,N20,VIIRS,l,2,302.91,2.04,D,0
18.6779,80.68233,331.25,0.54,0.51,2025-03-19,719,N20,VIIRS,l,2,303.03,6.0,D,0
18.68287,79.98643,335.64,0.6,0.53,2025-03-19,719,N20,VIIRS,n,2,301.2,5.07,D,0
18.68834,80.58956,332.0,0.54,0.51,2025-03-19,719,N20,VIIRS,l,2,306.64,4.12,D,0
18.69504,80.67245,337.2,0.54,0.51,2025-03-19,719,N20,VIIRS,n,2,303.67,3.55,D,0
18.72258,80.6669,333.9,0.54,0.51,2025-03-19,719,N20,VIIRS,l,2,304.33,3.93,D,0
18.72501,81.22244,342.9,0.5,0.49,2025-03-19,719,N20,VIIRS,n,2,306.17,9.98,D,0
18.72564,80.32486,341.07,0.56,0.52,2025-03-19,719,N20,VIIRS,n,2,302.34,3.39,D,0
18.72673,80.33035,334.54,0.56,0.52,2025-03-19,719,N20,VIIRS,n,2,302.68,3.39,D,0
18.73772,80.54716,330.4,0.55,0.51,2025-03-19,719,N20,VIIRS,l,2,305.4,3.54,D,0
18.7494,79.92325,331.62,0.6,0.53,2025-03-19,719,N20,VIIRS,n,2,301.25,3.11,D,0
18.75879,80.95072,341.25,0.51,0.5,2025-03-19,719,N20,VIIRS,n,2,306.32,4.38,D,0
18.75921,80.46951,340.35,0.55,0.51,2025-03-19,719,N20,VIIRS,n,2,306.9,4.24,D,0
18.76777,77.25,338.78,0.45,0.63,2025-03-19,719,N20,VIIRS,l,2,308.94,2.92,D,0
18.77689,80.97186,346.47,0.51,0.5,2025-03-19,719,N20,VIIRS,n,2,303.88,6.35,D,0
18.78079,77.73585,334.18,0.42,0.61,2025-03-19,719,N20,VIIRS,l,2,307.47,2.04,D,0
18.80136,80.56139,331.0,0.54,0.51,2025-03-19,719,N20,VIIRS,l,2,304.52,2.27,D,0
18.81979,78.41419,330.09,0.37,0.58,2025-03-19,719,N20,VIIRS,l,2,304.53,2.21,D,0
18.83167,80.33306,343.65,0.56,0.52,2025-03-19,719,N20,VIIRS,n,2,305.5,6.82,D,0
18.83409,80.22247,334.72,0.57,0.52,2025-03-19,719,N20,VIIRS,n,2,301.49,4.6,D,0
18.85046,79.73419,331.59,0.61,0.54,2025-03-19,719,N20,VIIRS,n,2,300.88,1.45,D,0
18.85127,77.3771,339.2,0.44,0.62,2025-03-19,719,N20,VIIRS,n,2,307.53,2.57,D,0
18.85991,78.44839,330.76,0.37,0.58,2025-03-19,719,N20,VIIRS,n,2,303.15,3.67,D,0
18.86063,78.45188,343.34,0.37,0.58,2025-03-19,719,N20,VIIRS,n,2,305.17,7.03,D,0
18.86223,77.31924,332.17,0.44,0.62,2025-03-19,719,N20,VIIRS,l,2,306.53,3.78,D,0
18.86467,78.4493,354.66,0.37,0.58,2025-03-19,719,N20,VIIRS,n,2,303.64,7.47,D,0
18.86703,77.31411,334.08,0.44,0.62,2025-03-19,719,N20,VIIRS,l,2,308.83,4.53,D,0
18.8679,77.3181,335.57,0.44,0.62,2025-03-19,719,N20,VIIRS,l,2,306.73,4.21,D,0
18.86923,77.43224,336.75,0.43,0.62,2025-03-19,719,N20,VIIRS,l,2,308.05,4.33,D,0
18.87212,77.4342,341.73,0.43,0.62,2025-03-19,719,N20,VIIRS,n,2,307.31,3.78,D,0
18.87561,80.38322,331.44,0.56,0.51,2025-03-19,719,N20,VIIRS,l,2,305.63,4.21,D,0
18.87749,80.1686,337.35,0.57,0.52,2025-03-19,719,N20,VIIRS,n,2,306.11,4.97,D,0
18.87886,80.17148,343.44,0.57,0.52,2025-03-19,719,N20,VIIRS,n,2,307.1,6.44,D,0
18.88345,78.5899,331.01,0.36,0.58,2025-03-19,719,N20,VIIRS,l,2,302.98,1.87,D,0
18.9261,80.59195,334.26,0.54,0.51,2025-03-19,719,N20,VIIRS,n,2,302.46,5.81,D,0
18.9297,80.58593,335.76,0.54,0.51,2025-03-19,719,N20,VIIRS,n,2,302.84,3.62,D,0
18.93792,80.57908,333.66,0.54,0.51,2025-03-19,719,N20,VIIRS,n,2,302.99,7.14,D,0
18.9389,80.58411,340.99,0.54,0.51,2025-03-19,719,N20,VIIRS,n,2,303.2,6.62,D,0
18.94771,80.55556,336.22,0.54,0.51,2025-03-19,719,N20,VIIRS,n,2,303.85,4.08,D,0
18.95034,78.41148,332.4,0.37,0.58,2025-03-19,719,N20,VIIRS,n,2,303.83,1.93,D,0
18.95035,80.54441,341.21,0.54,0.51,2025-03-19,719,N20,VIIRS,n,2,304.31,4.18,D,0
18.96292,80.51012,332.07,0.54,0.51,2025-03-19,719,N20,VIIRS,n,2,304.0,4.26,D,0
18.9773,80.54131,338.86,0.54,0.51,2025-03-19,719,N20,VIIRS,n,2,304.37,4.45,D,0
18.97913,78.83891,332.33,0.35,0.57,2025-03-19,719,N20,VIIRS,l,2,304.99,1.88,D,0
18.9852,80.9208,330.67,0.51,0.49,2025-03-19,719,N20,VIIRS,l,2,305.18,2.32,D,0
18.99166,80.2959,335.93,0.56,0.52,2025-03-19,719,N20,VIIRS,n,2,304.91,3.63,D,0
18.99213,80.14808,367.0,0.57,0.52,2025-03-19,719,N20,VIIRS,h,2,305.79,7.26,D,0
18.99297,80.14646,344.21,0.57,0.52,2025-03-19,719,N20,VIIRS,n,2,304.92,20.45,D,0
18.99683,80.14698,341.79,0.57,0.52,2025-03-19,719,N20,VIIRS,n,2,303.87,7.26,D,0
19.00155,80.14601,353.01,0.57,0.52,2025-03-19,719,N20,VIIRS,n,2,305.88,13.09,D,0
19.00239,80.14443,342.36,0.57,0.52,2025-03-19,719,N20,VIIRS,n,2,307.3,32.32,D,0
19.00628,80.14509,333.67,0.57,0.52,2025-03-19,719,N20,VIIRS,n,2,302.69,13.09,D,0
19.00936,80.25186,333.11,0.56,0.52,2025-03-19,719,N20,VIIRS,l,2,306.43,4.24,D,0
19.01163,78.44734,336.38,0.37,0.58,2025-03-19,719,N20,VIIRS,n,2,301.68,2.9,D,0
19.02528,80.39388,336.76,0.55,0.51,2025-03-19,719,N20,VIIRS,n,2,303.86,7.68,D,0
19.02909,80.10586,330.87,0.58,0.52,2025-03-19,719,N20,VIIRS,l,2,302.78,4.89,D,0
19.03296,80.58132,333.78,0.54,0.51,2025-03-19,719,N20,VIIRS,n,2,303.12,4.48,D,0
19.03513,80.37981,330.23,0.55,0.51,2025-03-19,719,N20,VIIRS,l,2,304.06,5.02,D,0
19.03932,80.39161,334.08,0.55,0.51,2025-03-19,719,N20,VIIRS,n,2,303.79,4.53,D,0
19.03946,78.76709,334.34,0.35,0.57,2025-03-19,719,N20,VIIRS,l,2,305.1,2.32,D,0
19.04012,78.77036,331.77,0.35,0.57,2025-03-19,719,N20,VIIRS,l,2,303.6,2.32,D,0
19.04272,80.95366,335.7,0.51,0.49,2025-03-19,719,N20,VIIRS,n,2,306.38,1.29,D,0
19.05423,78.57272,334.29,0.36,0.58,2025-03-19,719,N20,VIIRS,l,2,305.19,1.08,D,0
19.06226,80.39468,330.52,0.55,0.51,2025-03-19,719,N20,VIIRS,l,2,303.19,3.74,D,0
19.06417,80.66856,333.3,0.53,0.5,2025-03-19,719,N20,VIIRS,l,2,304.95,2.52,D,0
19.06681,80.39331,330.98,0.55,0.51,2025-03-19,719,N20,VIIRS,l,2,303.2,3.74,D,0
19.07349,80.81404,335.89,0.52,0.5,2025-03-19,719,N20,VIIRS,l,2,306.74,3.83,D,0
19.07532,80.50381,333.74,0.54,0.51,2025-03-19,719,N20,VIIRS,l,2,303.93,3.3,D,0
19.07954,80.77251,334.52,0.52,0.5,2025-03-19,719,N20,VIIRS,l,2,305.84,2.07,D,0
19.07966,80.50629,333.35,0.54,0.51,2025-03-19,719,N20,VIIRS,n,2,303.1,3.58,D,0
19.07998,80.41106,334.13,0.55,0.51,2025-03-19,719,N20,VIIRS,n,2,303.71,3.63,D,0
19.08008,80.26443,330.82,0.56,0.52,2025-03-19,719,N20,VIIRS,l,2,303.61,3.08,D,0
19.08164,78.75659,345.76,0.35,0.57,2025-03-19,719,N20,VIIRS,n,2,304.35,4.0,D,0
19.08232,78.75986,343.9,0.35,0.57,2025-03-19,719,N20,VIIRS,n,2,302.03,4.0,D,0
19.0846,80.41006,338.44,0.55,0.51,2025-03-19,719,N20,VIIRS,n,2,303.81,4.94,D,0
19.08923,80.4091,335.51,0.55,0.51,2025-03-19,719,N20,VIIRS,n,2,303.52,4.94,D,0
19.09028,78.72041,335.96,0.35,0.57,2025-03-19,719,N20,VIIRS,n,2,304.22,3.05,D,0
19.09095,78.72367,347.61,0.35,0.57,2025-03-19,719,N20,VIIRS,n,2,305.39,3.05,D,0
19.09183,80.39783,341.84,0.55,0.51,2025-03-19,719,N20,VIIRS,n,2,303.42,5.43,D,0
19.09644,80.39676,330.15,0.55,0.51,2025-03-19,719,N20,VIIRS,l,2,302.37,5.43,D,0
19.10346,77.69075,336.36,0.41,0.61,2025-03-19,719,N20,VIIRS,l,2,308.39,1.93,D,0
19.10725,80.37812,343.2,0.55,0.51,2025-03-19,719,N20,VIIRS,n,2,304.92,7.64,D,0
19.10826,80.38325,343.04,0.55,0.51,2025-03-19,719,N20,VIIRS,n,2,303.8,6.03,D,0
19.10931,80.16438,343.93,0.57,0.52,2025-03-19,719,N20,VIIRS,n,2,305.31,4.23,D,0
19.11006,80.16192,351.3,0.57,0.52,2025-03-19,719,N20,VIIRS,n,2,306.07,12.2,D,0
19.11401,80.16339,352.5,0.57,0.52,2025-03-19,719,N20,VIIRS,n,2,306.74,8.52,D,0
19.11504,80.16869,339.31,0.57,0.52,2025-03-19,719,N20,VIIRS,n,2,306.9,8.52,D,0
19.11583,80.16624,351.26,0.57,0.52,2025-03-19,719,N20,VIIRS,n,2,306.32,7.95,D,0
19.12983,79.26681,334.55,0.33,0.55,2025-03-19,719,N20,VIIRS,n,2,303.58,1.54,D,0
19.13311,78.85036,333.45,0.35,0.56,2025-03-19,719,N20,VIIRS,n,2,305.07,3.59,D,0
19.13377,78.85357,367.0,0.35,0.56,2025-03-19,719,N20,VIIRS,h,2,306.48,6.21,D,0
19.1361,80.67155,342.61,0.53,0.5,2025-03-19,719,N20,VIIRS,n,2,305.37,7.61,D,0
19.13744,79.95365,333.16,0.59,0.53,2025-03-19,719,N20,VIIRS,l,2,304.06,2.24,D,0
19.13887,78.85247,341.03,0.35,0.56,2025-03-19,719,N20,VIIRS,n,2,304.94,3.09,D,0
19.13922,80.11164,335.11,0.57,0.52,2025-03-19,719,N20,VIIRS,n,2,303.89,3.42,D,0
19.13953,78.85567,337.14,0.35,0.56,2025-03-19,719,N20,VIIRS,n,2,304.96,3.09,D,0
19.15882,78.57684,341.4,0.36,0.57,2025-03-19,719,N20,VIIRS,n,2,305.51,5.28,D,0
19.16222,80.17811,330.77,0.57,0.52,2025-03-19,719,N20,VIIRS,l,2,305.1,5.16,D,0
19.1664,78.6132,335.56,0.36,0.57,2025-03-19,719,N20,VIIRS,n,2,305.22,2.09,D,0
19.16708,80.325,335.96,0.55,0.51,2025-03-19,719,N20,VIIRS,n,2,304.85,4.59,D,0
19.1716,80.1761,342.2,0.57,0.52,2025-03-19,719,N20,VIIRS,n,2,305.68,4.64,D,0
19.17986,77.83162,338.2,0.4,0.6,2025-03-19,719,N20,VIIRS,n,2,308.74,3.0,D,0
19.18245,78.53365,331.75,0.36,0.58,2025-03-19,719,N20,VIIRS,l,2,304.79,3.02,D,0
19.18787,79.58244,331.54,0.62,0.54,2025-03-19,719,N20,VIIRS,l,2,306.45,3.47,D,0
19.19702,78.31828,334.75,0.37,0.58,2025-03-19,719,N20,VIIRS,n,2,303.4,3.24,D,0
19.20198,80.35485,337.53,0.55,0.51,2025-03-19,719,N20,VIIRS,n,2,306.52,7.86,D,0
19.21843,79.32038,330.44,0.32,0.55,2025-03-19,719,N20,VIIRS,l,2,303.76,1.34,D,0
19.22152,77.36079,339.6,0.43,0.62,2025-03-19,719,N20,VIIRS,n,2,306.93,4.0,D,0
19.23663,80.30969,332.97,0.55,0.51,2025-03-19,719,N20,VIIRS,l,2,307.11,4.3,D,0
19.2457,77.79327,339.74,0.4,0.6,2025-03-19,719,N20,VIIRS,n,2,306.52,4.55,D,0
19.25747,80.41729,330.62,0.54,0.51,2025-03-19,719,N20,VIIRS,l,2,303.88,3.05,D,0
19.25853,80.13755,334.93,0.57,0.52,2025-03-19,719,N20,VIIRS,l,2,308.62,3.65,D,0
19.26006,79.09143,341.19,0.33,0.55,2025-03-19,719,N20,VIIRS,n,2,308.59,5.39,D,0
19.26038,80.3175,335.52,0.55,0.51,2025-03-19,719,N20,VIIRS,n,2,306.9,4.1,D,0
19.26767,80.4204,333.46,0.54,0.51,2025-03-19,719,N20,VIIRS,l,2,305.69,5.49,D,0
19.26992,80.09621,335.29,0.57,0.52,2025-03-19,719,N20,VIIRS,l,2,305.49,2.35,D,0
19.27057,80.4166,331.84,0.54,0.51,2025-03-19,719,N20,VIIRS,l,2,305.41,4.0,D,0
19.27097,80.10149,332.82,0.57,0.52,2025-03-19,719,N20,VIIRS,l,2,305.57,2.62,D,0
19.27877,79.05482,337.53,0.33,0.56,2025-03-19,719,N20,VIIRS,n,2,306.92,1.68,D,0
19.28373,79.05338,330.34,0.33,0.56,2025-03-19,719,N20,VIIRS,l,2,305.12,1.68,D,0
19.28781,80.23613,332.82,0.56,0.51,2025-03-19,719,N20,VIIRS,l,2,306.33,7.25,D,0
19.29195,77.20991,331.11,0.44,0.62,2025-03-19,719,N20,VIIRS,l,2,303.98,1.46,D,0
19.29315,80.8935,341.32,0.51,0.49,2025-03-19,719,N20,VIIRS,n,2,304.26,4.89,D,0
19.29662,80.20688,340.57,0.56,0.52,2025-03-19,719,N20,VIIRS,n,2,305.67,6.65,D,0
19.2967,80.88782,341.71,0.51,0.49,2025-03-19,719,N20,VIIRS,n,2,307.38,6.76,D,0
19.29694,81.14545,337.19,0.49,0.49,2025-03-19,719,N20,VIIRS,n,2,305.46,4.45,D,0
19.29763,80.89265,332.41,0.51,0.49,2025-03-19,719,N20,VIIRS,l,2,306.09,6.22,D,0
19.30169,79.73345,331.52,0.6,0.53,2025-03-19,719,N20,VIIRS,l,2,303.15,2.68,D,0
19.30387,78.281,333.06,0.37,0.58,2025-03-19,719,N20,VIIRS,l,2,305.43,1.63,D,0
19.30804,80.21553,339.9,0.56,0.51,2025-03-19,719,N20,VIIRS,n,2,305.46,6.77,D,0
19.30918,78.28004,334.2,0.37,0.58,2025-03-19,719,N20,VIIRS,n,2,305.65,1.63,D,0
19.31056,81.14845,352.59,0.49,0.48,2025-03-19,719,N20,VIIRS,n,2,309.63,13.06,D,0
19.31101,78.52412,335.24,0.36,0.57,2025-03-19,719,N20,VIIRS,l,2,307.57,1.89,D,0
19.31107,80.89006,334.06,0.51,0.49,2025-03-19,719,N20,VIIRS,n,2,305.61,3.04,D,0
19.31143,81.15292,333.31,0.49,0.48,2025-03-19,719,N20,VIIRS,l,2,304.88,8.13,D,0
19.31158,78.52402,334.44,0.36,0.57,2025-03-19,719,N20,VIIRS,l,2,307.06,2.0,D,0
19.31177,79.11411,332.29,0.33,0.55,2025-03-19,719,N20,VIIRS,l,2,305.55,1.18,D,0
19.31492,81.14738,330.46,0.49,0.48,2025-03-19,719,N20,VIIRS,n,2,303.66,13.06,D,0
19.31685,80.82339,333.85,0.51,0.49,2025-03-19,719,N20,VIIRS,l,2,305.63,2.78,D,0
19.31871,80.83305,330.84,0.51,0.49,2025-03-19,719,N20,VIIRS,l,2,305.36,4.42,D,0
19.31929,80.11649,331.25,0.57,0.52,2025-03-19,719,N20,VIIRS,l,2,304.47,2.64,D,0
19.32131,80.82228,347.84,0.51,0.49,2025-03-19,719,N20,VIIRS,n,2,308.94,12.07,D,0
19.32212,80.11276,341.8,0.57,0.52,2025-03-19,719,N20,VIIRS,n,2,305.84,5.25,D,0
19.32314,80.118,331.66,0.57,0.52,2025-03-19,719,N20,VIIRS,l,2,305.07,5.25,D,0
19.32398,80.11549,344.93,0.57,0.52,2025-03-19,719,N20,VIIRS,n,2,306.86,6.71,D,0
19.32445,78.03442,333.23,0.39,0.59,2025-03-19,719,N20,VIIRS,n,2,305.18,1.3,D,0
19.32484,80.8164,349.54,0.51,0.5,2025-03-19,719,N20,VIIRS,n,2,311.78,12.07,D,0
19.32577,80.82123,336.52,0.51,0.49,2025-03-19,719,N20,VIIRS,n,2,305.02,12.07,D,0
19.32632,78.03194,337.01,0.39,0.59,2025-03-19,719,N20,VIIRS,n,2,305.95,6.04,D,0
19.32708,78.03545,367.0,0.39,0.59,2025-03-19,719,N20,VIIRS,h,2,306.73,6.04,D,0
19.32783,80.11699,340.88,0.57,0.52,2025-03-19,719,N20,VIIRS,n,2,304.87,5.25,D,0
19.32803,79.02013,341.18,0.33,0.56,2025-03-19,719,N20,VIIRS,n,2,307.08,2.6,D,0
19.32868,80.11451,340.88,0.57,0.52,2025-03-19,719,N20,VIIRS,n,2,305.29,6.71,D,0
19.3293,80.8153,346.77,0.51,0.5,2025-03-19,719,N20,VIIRS,n,2,308.22,5.71,D,0
19.32974,80.11978,342.11,0.57,0.52,2025-03-19,719,N20,VIIRS,n,2,304.83,6.71,D,0
19.32982,78.03334,367.0,0.39,0.59,2025-03-19,719,N20,VIIRS,h,2,306.81,4.9,D,0
19.33055,78.03684,338.5,0.39,0.59,2025-03-19,719,N20,VIIRS,n,2,304.2,4.9,D,0
19.33317,79.3223,340.08,0.32,0.55,2025-03-19,719,N20,VIIRS,n,2,307.5,2.9,D,0
19.33377,80.81426,340.08,0.51,0.5,2025-03-19,719,N20,VIIRS,n,2,306.43,5.71,D,0
19.33378,78.52625,351.7,0.36,0.57,2025-03-19,719,N20,VIIRS,n,2,307.74,3.41,D,0
19.33447,78.5295,337.89,0.36,0.57,2025-03-19,719,N20,VIIRS,n,2,307.17,3.41,D,0
19.33612,79.10938,332.34,0.33,0.55,2025-03-19,719,N20,VIIRS,l,2,306.86,0.72,D,0
19.33718,79.1106,332.18,0.33,0.55,2025-03-19,719,N20,VIIRS,l,2,306.05,1.56,D,0
19.353,79.94086,332.56,0.58,0.52,2025-03-19,719,N20,VIIRS,l,2,304.76,2.18,D,0
19.36588,78.08607,332.06,0.38,0.59,2025-03-19,719,N20,VIIRS,l,2,305.83,1.86,D,0
19.36713,79.05687,338.03,0.33,0.55,2025-03-19,719,N20,VIIRS,n,2,306.57,2.23,D,0
19.37125,78.08511,335.77,0.38,0.59,2025-03-19,719,N20,VIIRS,n,2,305.23,1.74,D,0
19.38257,78.57809,334.26,0.36,0.57,2025-03-19,719,N20,VIIRS,l,2,306.98,1.53,D,0
19.38822,79.05756,334.44,0.33,0.55,2025-03-19,719,N20,VIIRS,l,2,308.73,2.95,D,0
19.38886,79.06068,341.29,0.33,0.55,2025-03-19,719,N20,VIIRS,n,2,306.83,2.27,D,0
19.3895,79.06384,338.94,0.33,0.55,2025-03-19,719,N20,VIIRS,n,2,306.84,2.27,D,0
19.39325,79.18414,340.68,0.33,0.55,2025-03-19,719,N20,VIIRS,n,2,306.7,3.98,D,0
19.39736,80.06593,330.26,0.57,0.52,2025-03-19,719,N20,VIIRS,l,2,304.94,3.33,D,0
19.39835,79.10721,334.5,0.33,0.55,2025-03-19,719,N20,VIIRS,n,2,304.03,1.63,D,0
19.40544,78.14142,346.2,0.38,0.59,2025-03-19,719,N20,VIIRS,n,2,307.24,3.31,D,0
19.40616,78.14484,336.34,0.38,0.59,2025-03-19,719,N20,VIIRS,n,2,305.21,3.31,D,0
19.40959,78.68219,332.13,0.35,0.57,2025-03-19,719,N20,VIIRS,l,2,306.07,1.12,D,0
19.40986,77.59435,336.16,0.41,0.61,2025-03-19,719,N20,VIIRS,l,2,307.73,2.68,D,0
19.44266,80.37151,333.54,0.54,0.51,2025-03-19,719,N20,VIIRS,n,2,305.42,6.49,D,0
19.44364,80.37653,341.68,0.54,0.51,2025-03-19,719,N20,VIIRS,n,2,305.46,6.49,D,0
19.4574,81.24796,339.38,0.48,0.48,2025-03-19,719,N20,VIIRS,n,2,302.98,4.5,D,0
19.46066,78.80047,334.0,0.34,0.56,2025-03-19,719,N20,VIIRS,l,2,308.65,1.08,D,0
19.46343,80.14397,341.8,0.56,0.52,2025-03-19,719,N20,VIIRS,n,2,303.95,5.66,D,0
19.47247,80.04218,336.66,0.57,0.52,2025-03-19,719,N20,VIIRS,n,2,305.23,5.61,D,0
19.47985,80.07938,330.2,0.57,0.52,2025-03-19,719,N20,VIIRS,l,2,303.41,4.74,D,0
19.48121,80.18435,334.56,0.56,0.51,2025-03-19,719,N20,VIIRS,l,2,305.36,5.18,D,0
19.4835,80.0731,333.97,0.57,0.52,2025-03-19,719,N20,VIIRS,l,2,304.41,7.26,D,0
19.48454,80.07838,341.64,0.57,0.52,2025-03-19,719,N20,VIIRS,n,2,304.15,7.26,D,0
19.4848,77.81351,332.72,0.4,0.6,2025-03-19,719,N20,VIIRS,l,2,307.13,1.31,D,0
19.49547,79.04802,334.47,0.33,0.55,2025-03-19,719,N20,VIIRS,l,2,309.33,0.9,D,0
19.50696,80.06812,341.16,0.57,0.52,2025-03-19,719,N20,VIIRS,n,2,305.38,10.39,D,0
19.50799,80.07335,341.35,0.57,0.52,2025-03-19,719,N20,VIIRS,n,2,303.24,10.39,D,0
19.5091,77.70992,334.21,0.4,0.6,2025-03-19,719,N20,VIIRS,l,2,305.37,1.87,D,0
19.51579,80.03825,334.03,0.57,0.52,2025-03-19,719,N20,VIIRS,l,2,306.07,2.25,D,0
19.51647,80.03568,333.65,0.57,0.52,2025-03-19,719,N20,VIIRS,l,2,306.16,6.21,D,0
19.52047,80.03717,332.18,0.57,0.52,2025-03-19,719,N20,VIIRS,l,2,305.33,2.25,D,0
19.52484,80.28266,336.35,0.55,0.51,2025-03-19,719,N20,VIIRS,l,2,308.34,4.07,D,0
19.55187,77.18637,348.4,0.44,0.62,2025-03-19,719,N20,VIIRS,n,2,307.11,5.54,D,0
19.55432,78.88102,334.71,0.34,0.56,2025-03-19,719,N20,VIIRS,l,2,309.6,1.3,D,0
19.56572,80.0859,331.64,0.56,0.52,2025-03-19,719,N20,VIIRS,l,2,305.09,2.85,D,0
19.57396,78.45016,335.17,0.36,0.57,2025-03-19,719,N20,VIIRS,l,2,306.71,2.85,D,0
19.58475,80.00947,331.1,0.57,0.52,2025-03-19,719,N20,VIIRS,l,2,305.88,1.13,D,0
19.59287,80.27041,337.34,0.55,0.51,2025-03-19,719,N20,VIIRS,l,2,307.8,5.49,D,0
19.6036,77.11363,339.47,0.44,0.62,2025-03-19,719,N20,VIIRS,n,2,306.29,3.33,D,0
19.61613,80.11903,333.39,0.56,0.52,2025-03-19,719,N20,VIIRS,l,2,304.72,3.91,D,0
19.61691,79.435,331.19,0.62,0.54,2025-03-19,719,N20,VIIRS,l,2,304.89,4.58,D,0
19.62029,78.85072,341.32,0.34,0.56,2025-03-19,719,N20,VIIRS,n,2,309.72,1.96,D,0
19.64721,79.05465,335.58,0.33,0.55,2025-03-19,719,N20,VIIRS,l,2,306.8,1.39,D,0
19.64757,79.0553,334.74,0.33,0.55,2025-03-19,719,N20,VIIRS,l,2,307.39,1.74,D,0
19.66104,80.51817,335.34,0.53,0.5,2025-03-19,719,N20,VIIRS,l,2,307.59,3.06,D,0
19.66558,80.5172,332.47,0.53,0.5,2025-03-19,719,N20,VIIRS,l,2,307.04,3.06,D,0
19.66559,79.09283,356.01,0.33,0.55,2025-03-19,719,N20,VIIRS,n,2,311.65,17.5,D,0
19.66625,79.09601,367.0,0.33,0.55,2025-03-19,719,N20,VIIRS,h,2,311.62,8.78,D,0
19.66655,80.52213,334.71,0.53,0.5,2025-03-19,719,N20,VIIRS,l,2,306.84,3.06,D,0
19.6669,79.09911,334.63,0.33,0.55,2025-03-19,719,N20,VIIRS,n,2,308.06,8.78,D,0
19.66721,80.09548,331.96,0.56,0.52,2025-03-19,719,N20,VIIRS,l,2,303.74,2.45,D,0
19.67116,79.09461,340.43,0.33,0.55,2025-03-19,719,N20,VIIRS,n,2,307.58,2.42,D,0
19.67147,80.32796,333.02,0.54,0.51,2025-03-19,719,N20,VIIRS,l,2,307.32,5.11,D,0
19.67181,79.09774,338.21,0.33,0.55,2025-03-19,719,N20,VIIRS,n,2,305.74,2.42,D,0
19.67381,80.32036,335.9,0.54,0.51,2025-03-19,719,N20,VIIRS,n,2,305.83,4.17,D,0
19.67431,79.10977,336.27,0.32,0.55,2025-03-19,719,N20,VIIRS,n,2,305.91,2.14,D,0
19.67481,80.32533,336.03,0.54,0.51,2025-03-19,719,N20,VIIRS,l,2,307.2,4.17,D,0
19.67509,80.32193,335.82,0.54,0.51,2025-03-19,719,N20,VIIRS,l,2,305.99,6.98,D,0
19.6755,78.75907,332.24,0.34,0.56,2025-03-19,719,N20,VIIRS,l,2,305.71,1.45,D,0
19.68478,79.11019,330.95,0.32,0.55,2025-03-19,719,N20,VIIRS,l,2,305.8,1.94,D,0
19.68654,79.9966,339.28,0.57,0.52,2025-03-19,719,N20,VIIRS,n,2,307.0,4.99,D,0
19.68761,80.00199,332.55,0.57,0.52,2025-03-19,719,N20,VIIRS,n,2,306.12,4.34,D,0
19.68842,79.12779,332.24,0.32,0.55,2025-03-19,719,N20,VIIRS,l,2,306.85,1.54,D,0
19.69427,80.18224,339.16,0.55,0.51,2025-03-19,719,N20,VIIRS,l,2,309.21,7.94,D,0
19.69681,77.46246,331.89,0.42,0.61,2025-03-19,719,N20,VIIRS,l,2,305.94,4.45,D,0
19.69753,78.77502,336.77,0.34,0.56,2025-03-19,719,N20,VIIRS,l,2,310.8,2.83,D,0
19.69838,80.20286,343.04,0.55,0.51,2025-03-19,719,N20,VIIRS,n,2,308.59,6.7,D,0
19.7001,78.77564,342.41,0.34,0.56,2025-03-19,719,N20,VIIRS,n,2,311.52,2.38,D,0
19.70117,80.43199,331.57,0.53,0.5,2025-03-19,719,N20,VIIRS,l,2,305.84,2.63,D,0
19.70527,78.14239,341.47,0.37,0.58,2025-03-19,719,N20,VIIRS,n,2,306.83,2.18,D,0
19.70678,80.413,331.55,0.53,0.5,2025-03-19,719,N20,VIIRS,l,2,305.54,2.14,D,0
19.7093,79.86277,332.86,0.58,0.52,2025-03-19,719,N20,VIIRS,l,2,307.35,5.88,D,0
19.71003,79.86464,349.9,0.58,0.52,2025-03-19,719,N20,VIIRS,n,2,308.9,10.23,D,0
19.71036,79.86817,335.4,0.58,0.52,2025-03-19,719,N20,VIIRS,l,2,308.03,5.88,D,0
19.71403,79.86174,335.81,0.58,0.52,2025-03-19,719,N20,VIIRS,l,2,307.31,5.88,D,0
19.71476,79.86361,336.01,0.58,0.52,2025-03-19,719,N20,VIIRS,l,2,306.29,10.23,D,0
19.71509,79.86715,341.91,0.58,0.52,2025-03-19,719,N20,VIIRS,n,2,306.02,5.88,D,0
19.71728,79.85165,348.34,0.58,0.52,2025-03-19,719,N20,VIIRS,n,2,307.35,12.99,D,0
19.72393,80.28301,339.74,0.54,0.51,2025-03-19,719,N20,VIIRS,n,2,305.57,6.15,D,0
19.727,78.19279,334.43,0.37,0.58,2025-03-19,719,N20,VIIRS,l,2,307.62,4.23,D,0
19.72777,78.19643,344.92,0.37,0.58,2025-03-19,719,N20,VIIRS,n,2,307.3,3.87,D,0
19.72854,80.28201,349.76,0.54,0.51,2025-03-19,719,N20,VIIRS,n,2,305.14,6.15,D,0
19.72954,80.28709,331.14,0.54,0.51,2025-03-19,719,N20,VIIRS,l,2,303.46,4.33,D,0
19.73244,80.08092,331.55,0.56,0.52,2025-03-19,719,N20,VIIRS,l,2,304.5,3.43,D,0
19.74337,79.98055,337.91,0.57,0.52,2025-03-19,719,N20,VIIRS,l,2,307.96,9.86,D,0
19.74521,77.10026,335.31,0.44,0.62,2025-03-19,719,N20,VIIRS,n,2,306.09,2.97,D,0
19.74609,77.10429,330.94,0.44,0.62,2025-03-19,719,N20,VIIRS,l,2,305.79,2.02,D,0
19.74714,80.62198,332.3,0.52,0.5,2025-03-19,719,N20,VIIRS,l,2,306.57,4.22,D,0
19.75242,80.15829,349.46,0.55,0.51,2025-03-19,719,N20,VIIRS,n,2,308.85,7.74,D,0
19.75276,79.97852,331.51,0.57,0.52,2025-03-19,719,N20,VIIRS,l,2,305.65,2.42,D,0
19.75519,80.15924,342.05,0.55,0.51,2025-03-19,719,N20,VIIRS,n,2,307.64,14.64,D,0
19.75706,80.15727,336.47,0.55,0.51,2025-03-19,719,N20,VIIRS,n,2,307.23,3.93,D,0
19.75715,78.07361,342.59,0.38,0.59,2025-03-19,719,N20,VIIRS,n,2,305.61,3.48,D,0
19.75959,78.47536,339.98,0.36,0.57,2025-03-19,719,N20,VIIRS,n,2,309.57,1.85,D,0
19.7617,80.15626,331.17,0.55,0.51,2025-03-19,719,N20,VIIRS,l,2,305.83,3.93,D,0
19.76394,77.69587,333.95,0.4,0.6,2025-03-19,719,N20,VIIRS,l,2,305.54,1.26,D,0
19.76468,80.6563,341.74,0.51,0.5,2025-03-19,719,N20,VIIRS,n,2,306.98,4.3,D,0
19.76485,80.58596,334.01,0.52,0.5,2025-03-19,719,N20,VIIRS,l,2,306.05,2.91,D,0
19.76567,78.16729,340.3,0.37,0.58,2025-03-19,719,N20,VIIRS,n,2,305.07,3.02,D,0
19.76947,79.61519,336.75,0.6,0.53,2025-03-19,719,N20,VIIRS,n,2,306.04,4.6,D,0
19.77079,80.47228,333.56,0.53,0.5,2025-03-19,719,N20,VIIRS,l,2,306.35,5.56,D,0
19.77302,79.6131,334.98,0.6,0.53,2025-03-19,719,N20,VIIRS,n,2,304.82,5.23,D,0
19.78492,77.68172,331.66,0.4,0.6,2025-03-19,719,N20,VIIRS,l,2,305.88,3.34,D,0
19.78835,80.58594,333.99,0.52,0.5,2025-03-19,719,N20,VIIRS,l,2,305.79,1.9,D,0
19.78905,78.4613,339.92,0.36,0.57,2025-03-19,719,N20,VIIRS,n,2,309.52,3.34,D,0
19.79012,79.79548,335.76,0.58,0.52,2025-03-19,719,N20,VIIRS,l,2,307.16,2.54,D,0
19.79337,79.81196,332.48,0.58,0.52,2025-03-19,719,N20,VIIRS,l,2,307.39,4.1,D,0
19.79934,79.81475,331.88,0.58,0.52,2025-03-19,719,N20,VIIRS,l,2,306.5,1.28,D,0
19.80844,79.05536,340.77,0.33,0.55,2025-03-19,719,N20,VIIRS,l,2,311.69,2.16,D,0
19.80944,77.98954,341.33,0.38,0.59,2025-03-19,719,N20,VIIRS,n,2,308.06,6.84,D,0
19.81014,77.99282,348.5,0.38,0.59,2025-03-19,719,N20,VIIRS,n,2,306.53,6.38,D,0
19.81427,80.33337,334.87,0.54,0.51,2025-03-19,719,N20,VIIRS,l,2,305.56,5.31,D,0
19.81859,77.73215,337.15,0.4,0.6,2025-03-19,719,N20,VIIRS,n,2,305.52,2.53,D,0
19.82685,81.11334,336.82,0.48,0.48,2025-03-19,719,N20,VIIRS,n,2,302.3,4.17,D,0
19.82894,81.40742,332.77,0.46,0.47,2025-03-19,719,N20,VIIRS,l,2,307.49,3.21,D,0
19.83171,80.2767,335.67,0.54,0.51,2025-03-19,719,N20,VIIRS,n,2,305.44,1.41,D,0
19.83242,81.09319,330.57,0.48,0.48,2025-03-19,719,N20,VIIRS,l,2,302.01,4.52,D,0
19.83373,78.05186,339.51,0.38,0.59,2025-03-19,719,N20,VIIRS,n,2,307.03,2.7,D,0
19.83397,81.1011,333.87,0.48,0.48,2025-03-19,719,N20,VIIRS,n,2,302.84,3.37,D,0
19.83399,81.10316,337.8,0.48,0.48,2025-03-19,719,N20,VIIRS,n,2,302.85,3.49,D,0
19.83545,78.75961,336.76,0.34,0.56,2025-03-19,719,N20,VIIRS,n,2,305.95,1.81,D,0
19.83807,80.21166,337.58,0.55,0.51,2025-03-19,719,N20,VIIRS,n,2,303.38,4.04,D,0
19.83837,80.65034,338.9,0.51,0.5,2025-03-19,719,N20,VIIRS,n,2,306.31,4.16,D,0
19.84253,81.19627,342.74,0.47,0.48,2025-03-19,719,N20,VIIRS,n,2,305.0,5.7,D,0
19.8427,80.21071,330.81,0.55,0.51,2025-03-19,719,N20,VIIRS,l,2,303.08,4.04,D,0
19.84331,81.20037,336.72,0.47,0.48,2025-03-19,719,N20,VIIRS,n,2,301.29,5.7,D,0
19.84809,80.38353,331.15,0.53,0.5,2025-03-19,719,N20,VIIRS,l,2,304.3,7.5,D,0
19.84935,80.6831,338.37,0.51,0.49,2025-03-19,719,N20,VIIRS,n,2,306.95,3.41,D,0
19.85142,80.18159,338.38,0.55,0.51,2025-03-19,719,N20,VIIRS,n,2,305.12,3.51,D,0
19.8545,80.19731,340.59,0.55,0.51,2025-03-19,719,N20,VIIRS,n,2,303.8,5.03,D,0
19.85561,80.39753,334.92,0.53,0.5,2025-03-19,719,N20,VIIRS,l,2,306.07,4.71,D,0
19.85639,78.55223,367.0,0.35,0.57,2025-03-19,719,N20,VIIRS,h,2,309.26,5.02,D,0
19.85659,80.40249,333.45,0.53,0.5,2025-03-19,719,N20,VIIRS,l,2,304.98,4.71,D,0
19.85809,77.49205,335.44,0.41,0.61,2025-03-19,719,N20,VIIRS,n,2,306.73,5.82,D,0
19.85888,77.49569,367.0,0.41,0.61,2025-03-19,719,N20,VIIRS,h,2,307.28,5.82,D,0
19.85903,77.49564,367.0,0.41,0.61,2025-03-19,719,N20,VIIRS,h,2,307.96,12.19,D,0
19.86716,77.58779,339.98,0.4,0.6,2025-03-19,719,N20,VIIRS,n,2,306.43,3.76,D,0
19.86947,80.27379,336.61,0.54,0.51,2025-03-19,719,N20,VIIRS,n,2,304.79,4.14,D,0
19.87197,77.47678,332.35,0.41,0.61,2025-03-19,719,N20,VIIRS,l,2,305.09,1.48,D,0
19.8786,80.10881,332.5,0.55,0.51,2025-03-19,719,N20,VIIRS,l,2,304.1,3.86,D,0
19.88178,78.1757,347.46,0.37,0.58,2025-03-19,719,N20,VIIRS,n,2,308.78,4.64,D,0
19.8825,78.17916,334.46,0.37,0.58,2025-03-19,719,N20,VIIRS,l,2,307.01,4.04,D,0
19.88851,80.13403,331.12,0.55,0.51,2025-03-19,719,N20,VIIRS,l,2,304.4,3.14,D,0
19.89142,79.92948,338.01,0.57,0.52,2025-03-19,719,N20,VIIRS,n,2,307.84,4.66,D,0
19.89339,80.88895,348.28,0.5,0.49,2025-03-19,719,N20,VIIRS,n,2,304.14,10.44,D,0
19.8973,80.15377,341.15,0.55,0.51,2025-03-19,719,N20,VIIRS,n,2,306.0,5.55,D,0
19.90087,80.14748,334.14,0.55,0.51,2025-03-19,719,N20,VIIRS,l,2,304.44,5.55,D,0
19.90394,80.16286,331.34,0.55,0.51,2025-03-19,719,N20,VIIRS,l,2,302.86,5.31,D,0
19.90957,80.16689,332.23,0.55,0.51,2025-03-19,719,N20,VIIRS,l,2,303.05,3.45,D,0
19.91711,80.03429,333.83,0.56,0.51,2025-03-19,719,N20,VIIRS,n,2,304.48,1.59,D,0
19.91731,80.18157,332.89,0.55,0.51,2025-03-19,719,N20,VIIRS,n,2,302.72,5.77,D,0
19.92089,80.17532,334.69,0.55,0.51,2025-03-19,719,N20,VIIRS,n,2,302.54,2.35,D,0
19.92238,80.15856,330.21,0.55,0.51,2025-03-19,719,N20,VIIRS,l,2,303.02,3.64,D,0
19.93167,79.5111,330.24,0.6,0.53,2025-03-19,719,N20,VIIRS,l,2,304.35,5.3,D,0
19.93311,80.18836,346.13,0.55,0.51,2025-03-19,719,N20,VIIRS,n,2,303.93,8.0,D,0
19.9358,80.73499,341.22,0.5,0.49,2025-03-19,719,N20,VIIRS,n,2,303.09,4.28,D,0
19.93873,80.19244,340.01,0.55,0.51,2025-03-19,719,N20,VIIRS,n,2,303.48,9.99,D,0
19.94237,77.21983,331.47,0.43,0.62,2025-03-19,719,N20,VIIRS,l,2,305.05,1.23,D,0
19.94276,77.1146,341.05,0.43,0.62,2025-03-19,719,N20,VIIRS,n,2,306.7,2.7,D,0
19.94451,80.05006,330.26,0.56,0.51,2025-03-19,719,N20,VIIRS,l,2,303.42,5.8,D,0
19.94812,80.04375,345.21,0.56,0.51,2025-03-19,719,N20,VIIRS,n,2,305.68,9.64,D,0
19.94975,80.68702,338.08,0.51,0.49,2025-03-19,719,N20,VIIRS,n,2,305.86,4.44,D,0
19.95057,80.66714,334.56,0.51,0.49,2025-03-19,719,N20,VIIRS,l,2,305.73,2.07,D,0
19.95078,80.04613,341.71,0.56,0.51,2025-03-19,719,N20,VIIRS,n,2,304.93,13.9,D,0
19.95161,77.44634,333.89,0.41,0.61,2025-03-19,719,N20,VIIRS,l,2,307.58,2.82,D,0
19.95539,80.7403,334.8,0.5,0.49,2025-03-19,719,N20,VIIRS,n,2,305.17,4.12,D,0
19.9569,81.10205,333.47,0.48,0.48,2025-03-19,719,N20,VIIRS,n,2,301.54,2.3,D,0
19.95747,80.3839,331.46,0.53,0.5,2025-03-19,719,N20,VIIRS,l,2,303.72,2.76,D,0
19.96789,80.4126,335.23,0.53,0.5,2025-03-19,719,N20,VIIRS,n,2,306.01,4.11,D,0
19.9679,78.71972,341.1,0.34,0.56,2025-03-19,719,N20,VIIRS,n,2,305.12,3.57,D,0
19.96853,78.72276,338.98,0.34,0.56,2025-03-19,719,N20,VIIRS,n,2,305.34,4.51,D,0
19.97331,78.69466,330.58,0.34,0.56,2025-03-19,719,N20,VIIRS,l,2,304.43,1.26,D,0
19.97558,80.96403,333.24,0.49,0.48,2025-03-19,719,N20,VIIRS,l,2,305.13,3.5,D,0
19.98112,77.21039,338.13,0.43,0.62,2025-03-19,719,N20,VIIRS,n,2,303.93,2.26,D,0
19.98253,79.39697,330.7,0.61,0.54,2025-03-19,719,N20,VIIRS,l,2,305.37,4.58,D,0
19.98272,78.68887,344.06,0.34,0.56,2025-03-19,719,N20,VIIRS,n,2,305.76,2.08,D,0
19.99053,77.44029,339.46,0.41,0.61,2025-03-19,719,N20,VIIRS,n,2,305.53,2.28,D,0
17.10818,77.14766,338.51,0.74,0.76,2025-03-19,859,N20,VIIRS,n,2,301.53,1.51,D,0
17.53072,77.20399,334.16,0.75,0.77,2025-03-19,859,N20,VIIRS,n,2,303.17,4.59,D,0
17.74426,77.00718,350.37,0.74,0.76,2025-03-19,859,N20,VIIRS,n,2,301.74,10.91,D,0
18.03926,77.34209,334.87,0.78,0.78,2025-03-19,859,N20,VIIRS,n,2,303.55,4.96,D,0
18.04058,77.27361,330.32,0.77,0.77,2025-03-19,859,N20,VIIRS,l,2,302.69,4.7,D,0
18.04165,77.34026,336.24,0.78,0.78,2025-03-19,859,N20,VIIRS,n,2,304.12,5.32,D,0
18.52239,77.38693,330.53,0.79,0.78,2025-03-19,900,N20,VIIRS,l,2,302.75,6.81,D,0
19.92745,77.11272,335.35,0.79,0.78,2025-03-19,900,N20,VIIRS,n,2,301.02,3.31,D,0
18.30641,80.7791,307.87,0.41,0.45,2025-03-19,1949,N20,VIIRS,n,2,296.88,1.4,N,0
18.37971,80.13753,332.96,0.45,0.47,2025-03-19,1949,N20,VIIRS,n,2,297.28,4.19,N,0
18.39094,80.76339,310.8,0.41,0.45,2025-03-19,1949,N20,VIIRS,n,2,297.31,1.51,N,0
18.61589,80.72076,308.14,0.42,0.45,2025-03-19,1949,N20,VIIRS,n,2,296.23,1.18,N,0
18.67017,80.67529,313.07,0.42,0.45,2025-03-19,1949,N20,VIIRS,n,2,296.94,2.29,N,0
18.68613,79.98162,310.87,0.46,0.47,2025-03-19,1949,N20,VIIRS,n,2,296.54,1.85,N,0
18.69708,80.66292,311.01,0.42,0.45,2025-03-19,1949,N20,VIIRS,n,2,296.18,1.38,N,0
18.7212,79.53792,315.49,0.5,0.49,2025-03-19,1949,N20,VIIRS,n,2,297.88,2.28,N,2
18.73574,78.18735,305.76,0.61,0.53,2025-03-19,1949,N20,VIIRS,n,2,293.36,1.81,N,0
18.73796,78.18916,307.02,0.61,0.53,2025-03-19,1949,N20,VIIRS,n,2,293.27,1.47,N,0
18.76353,80.67297,308.66,0.42,0.45,2025-03-19,1949,N20,VIIRS,n,2,296.23,1.4,N,0
18.76402,80.66924,308.29,0.42,0.45,2025-03-19,1949,N20,VIIRS,n,2,296.14,1.4,N,0
18.82232,81.14439,315.51,0.39,0.44,2025-03-19,1949,N20,VIIRS,n,2,295.26,1.58,N,0
18.82323,81.14426,315.46,0.4,0.44,2025-03-19,1949,N20,VIIRS,n,2,295.42,1.64,N,0
18.8305,80.55651,308.52,0.43,0.46,2025-03-19,1949,N20,VIIRS,n,2,296.56,1.4,N,0
18.84264,80.59597,305.42,0.43,0.46,2025-03-19,1949,N20,VIIRS,n,2,295.38,1.07,N,0
18.8473,80.59277,310.81,0.43,0.46,2025-03-19,1949,N20,VIIRS,n,2,296.2,1.74,N,0
18.85198,80.58945,320.24,0.43,0.46,2025-03-19,1949,N20,VIIRS,n,2,296.55,1.74,N,0
18.85247,80.58551,321.63,0.43,0.46,2025-03-19,1949,N20,VIIRS,n,2,297.02,3.65,N,0
18.86158,80.64793,308.26,0.42,0.45,2025-03-19,1949,N20,VIIRS,n,2,296.02,1.4,N,0
18.88269,80.51547,306.02,0.43,0.46,2025-03-19,1949,N20,VIIRS,n,2,295.69,1.3,N,0
18.90735,80.49016,305.77,0.43,0.46,2025-03-19,1949,N20,VIIRS,n,2,295.74,1.14,N,0
18.95283,80.4025,310.01,0.44,0.46,2025-03-19,1949,N20,VIIRS,n,2,295.48,1.69,N,0
19.03615,80.38702,306.97,0.44,0.46,2025-03-19,1949,N20,VIIRS,n,2,295.53,1.31,N,0
19.03988,80.39203,305.96,0.44,0.46,2025-03-19,1949,N20,VIIRS,n,2,295.68,1.31,N,0
19.07627,80.41252,306.29,0.44,0.46,2025-03-19,1949,N20,VIIRS,n,2,295.91,1.46,N,0
19.07679,80.40834,311.87,0.44,0.46,2025-03-19,1949,N20,VIIRS,n,2,296.4,1.46,N,0
19.08477,80.41366,307.3,0.44,0.46,2025-03-19,1949,N20,VIIRS,n,2,296.56,1.86,N,0
19.09379,80.41071,310.43,0.44,0.46,2025-03-19,1949,N20,VIIRS,n,2,296.95,1.25,N,0
19.09805,80.41122,312.73,0.44,0.46,2025-03-19,1949,N20,VIIRS,n,2,296.91,1.25,N,0
19.11559,80.40923,308.61,0.44,0.46,2025-03-19,1949,N20,VIIRS,n,2,295.93,1.35,N,0
19.20082,78.31628,304.81,0.6,0.53,2025-03-19,1949,N20,VIIRS,n,2,292.78,1.76,N,0
19.21275,78.34282,307.25,0.6,0.53,2025-03-19,1949,N20,VIIRS,n,2,292.4,1.89,N,0
19.24176,80.29642,307.53,0.45,0.47,2025-03-19,1949,N20,VIIRS,n,2,295.95,1.44,N,0
19.24577,81.37297,306.0,0.39,0.44,2025-03-19,1949,N20,VIIRS,n,2,293.76,0.94,N,0
19.25086,80.08166,306.76,0.47,0.47,2025-03-19,1949,N20,VIIRS,n,2,296.36,1.01,N,0
19.25525,80.08195,311.1,0.47,0.47,2025-03-19,1949,N20,VIIRS,n,2,296.76,1.01,N,0
19.26566,80.06945,308.02,0.47,0.47,2025-03-19,1949,N20,VIIRS,n,2,296.72,0.67,N,0
19.26765,80.09852,306.39,0.46,0.47,2025-03-19,1949,N20,VIIRS,n,2,295.91,0.83,N,0
19.28838,80.25739,306.84,0.45,0.47,2025-03-19,1949,N20,VIIRS,n,2,296.32,1.71,N,0
19.29033,80.20465,313.79,0.46,0.47,2025-03-19,1949,N20,VIIRS,n,2,296.32,2.66,N,0
19.29034,80.91495,313.68,0.41,0.45,2025-03-19,1949,N20,VIIRS,n,2,294.65,1.21,N,0
19.29445,80.91566,305.49,0.41,0.45,2025-03-19,1949,N20,VIIRS,n,2,294.32,0.56,N,0
19.29591,81.13835,304.63,0.4,0.44,2025-03-19,1949,N20,VIIRS,n,2,291.52,0.67,N,0
19.3042,79.86134,309.47,0.48,0.48,2025-03-19,1949,N20,VIIRS,n,2,295.51,1.52,N,0
19.30447,79.86392,306.24,0.48,0.48,2025-03-19,1949,N20,VIIRS,n,2,295.5,1.71,N,0
19.30765,81.14367,304.63,0.4,0.44,2025-03-19,1949,N20,VIIRS,n,2,292.48,0.74,N,0
19.31603,81.1752,310.35,0.4,0.44,2025-03-19,1949,N20,VIIRS,n,2,293.32,1.05,N,0
19.32318,81.18391,305.78,0.4,0.44,2025-03-19,1949,N20,VIIRS,n,2,293.39,1.29,N,0
19.32366,81.18018,313.35,0.4,0.44,2025-03-19,1949,N20,VIIRS,n,2,293.34,1.29,N,0
19.32413,81.17645,303.31,0.4,0.44,2025-03-19,1949,N20,VIIRS,n,2,293.19,0.86,N,0
19.33136,80.22832,308.41,0.46,0.47,2025-03-19,1949,N20,VIIRS,n,2,296.35,1.66,N,0
19.33888,80.16709,311.2,0.46,0.47,2025-03-19,1949,N20,VIIRS,n,2,296.18,2.36,N,0
19.36518,81.14673,304.87,0.4,0.44,2025-03-19,1949,N20,VIIRS,n,2,293.78,1.35,N,0
19.36918,81.14785,314.05,0.4,0.44,2025-03-19,1949,N20,VIIRS,n,2,294.54,1.35,N,0
19.36967,81.14384,327.84,0.4,0.44,2025-03-19,1949,N20,VIIRS,n,2,295.12,2.9,N,0
19.38655,81.46416,305.15,0.38,0.44,2025-03-19,1949,N20,VIIRS,n,2,294.15,1.02,N,0
19.38961,80.16258,308.64,0.46,0.47,2025-03-19,1949,N20,VIIRS,n,2,296.17,1.91,N,0
19.39447,80.1588,323.48,0.46,0.47,2025-03-19,1949,N20,VIIRS,n,2,296.34,4.77,N,0
19.39827,80.16395,312.13,0.46,0.47,2025-03-19,1949,N20,VIIRS,n,2,296.32,4.77,N,0
19.3988,80.15944,355.61,0.46,0.47,2025-03-19,1949,N20,VIIRS,n,2,298.37,4.77,N,0
19.42123,81.41643,303.61,0.39,0.44,2025-03-19,1949,N20,VIIRS,n,2,292.84,0.87,N,0
19.43858,79.9369,313.05,0.48,0.48,2025-03-19,1949,N20,VIIRS,n,2,296.11,0.89,N,0
19.44764,77.30857,302.65,0.35,0.57,2025-03-19,1949,N20,VIIRS,n,2,290.23,0.69,N,0
19.45954,80.13206,307.72,0.46,0.47,2025-03-19,1949,N20,VIIRS,n,2,296.31,1.85,N,0
19.47202,80.17403,308.41,0.46,0.47,2025-03-19,1949,N20,VIIRS,n,2,295.92,1.84,N,0
19.501,80.08979,311.19,0.47,0.48,2025-03-19,1949,N20,VIIRS,n,2,295.45,1.9,N,0
19.50469,81.44779,308.42,0.39,0.44,2025-03-19,1949,N20,VIIRS,n,2,294.08,1.39,N,0
19.51311,80.13736,309.19,0.47,0.47,2025-03-19,1949,N20,VIIRS,n,2,295.53,2.13,N,0
19.53482,80.42731,311.79,0.45,0.47,2025-03-19,1949,N20,VIIRS,n,2,295.4,1.77,N,0
19.56512,80.45589,306.52,0.44,0.46,2025-03-19,1949,N20,VIIRS,n,2,295.41,1.15,N,0
19.58641,81.16518,301.87,0.4,0.44,2025-03-19,1949,N20,VIIRS,n,2,291.71,0.57,N,0
19.59117,80.12347,305.77,0.47,0.48,2025-03-19,1949,N20,VIIRS,n,2,295.14,1.38,N,0
19.59605,80.11962,306.48,0.47,0.48,2025-03-19,1949,N20,VIIRS,n,2,295.46,2.71,N,0
19.59916,80.12178,333.1,0.47,0.48,2025-03-19,1949,N20,VIIRS,n,2,296.59,4.58,N,0
19.60039,80.12035,328.02,0.47,0.48,2025-03-19,1949,N20,VIIRS,n,2,296.48,2.71,N,0
19.60158,80.14806,309.67,0.47,0.47,2025-03-19,1949,N20,VIIRS,n,2,295.72,1.63,N,0
19.60541,80.1531,307.12,0.47,0.47,2025-03-19,1949,N20,VIIRS,n,2,295.61,1.63,N,0
19.60924,80.15818,306.32,0.47,0.47,2025-03-19,1949,N20,VIIRS,n,2,295.44,1.57,N,0
19.60975,80.15382,308.06,0.47,0.47,2025-03-19,1949,N20,VIIRS,n,2,295.82,1.51,N,0
19.61027,80.14945,310.82,0.47,0.47,2025-03-19,1949,N20,VIIRS,n,2,295.99,1.51,N,0
19.61188,80.13581,306.57,0.47,0.47,2025-03-19,1949,N20,VIIRS,n,2,295.48,1.88,N,0
19.63474,80.12983,313.65,0.47,0.48,2025-03-19,1949,N20,VIIRS,n,2,296.08,2.99,N,0
19.6369,80.11173,312.1,0.47,0.48,2025-03-19,1949,N20,VIIRS,n,2,295.52,1.91,N,0
19.64971,80.33318,314.61,0.45,0.47,2025-03-19,1949,N20,VIIRS,n,2,296.69,2.82,N,0
19.65452,80.32973,306.93,0.45,0.47,2025-03-19,1949,N20,VIIRS,n,2,296.52,2.63,N,0
19.65552,80.32158,308.12,0.45,0.47,2025-03-19,1949,N20,VIIRS,n,2,295.31,2.93,N,0
19.66027,80.4117,316.8,0.45,0.47,2025-03-19,1949,N20,VIIRS,n,2,296.19,2.91,N,0
19.66152,80.41389,314.79,0.45,0.47,2025-03-19,1949,N20,VIIRS,n,2,296.39,2.34,N,0
19.70445,80.47834,305.65,0.45,0.47,2025-03-19,1949,N20,VIIRS,n,2,294.97,0.94,N,0
19.71163,80.27341,306.57,0.46,0.47,2025-03-19,1949,N20,VIIRS,n,2,295.68,1.78,N,0
19.72272,79.84528,308.14,0.49,0.48,2025-03-19,1949,N20,VIIRS,n,2,295.32,1.16,N,0
19.72463,80.27502,310.26,0.46,0.47,2025-03-19,1949,N20,VIIRS,n,2,294.94,1.65,N,0
19.73538,80.07297,310.85,0.47,0.48,2025-03-19,1949,N20,VIIRS,n,2,295.91,2.11,N,0
19.74663,79.97726,306.1,0.48,0.48,2025-03-19,1949,N20,VIIRS,n,2,294.76,1.4,N,0
19.75104,79.97788,307.57,0.48,0.48,2025-03-19,1949,N20,VIIRS,n,2,294.8,1.4,N,0
19.76669,80.2187,307.19,0.46,0.47,2025-03-19,1949,N20,VIIRS,n,2,295.63,1.59,N,0
19.77692,80.69587,305.1,0.43,0.46,2025-03-19,1949,N20,VIIRS,n,2,294.96,1.23,N,0
19.78356,79.96852,336.32,0.48,0.48,2025-03-19,1949,N20,VIIRS,n,2,295.4,4.61,N,0
19.78451,79.80818,306.88,0.49,0.49,2025-03-19,1949,N20,VIIRS,n,2,294.97,1.31,N,0
19.78716,79.14644,307.88,0.54,0.51,2025-03-19,1949,N20,VIIRS,n,2,296.12,1.19,N,2
19.79847,79.80527,310.78,0.49,0.49,2025-03-19,1949,N20,VIIRS,n,2,295.28,1.76,N,0
19.80182,79.81529,306.84,0.49,0.49,2025-03-19,1949,N20,VIIRS,n,2,295.36,1.34,N,0
19.82704,80.95736,305.16,0.42,0.45,2025-03-19,1949,N20,VIIRS,n,2,294.73,1.36,N,0
19.83703,81.27996,307.97,0.4,0.44,2025-03-19,1949,N20,VIIRS,n,2,294.38,0.85,N,0
19.8385,81.20277,305.55,0.4,0.44,2025-03-19,1949,N20,VIIRS,n,2,295.01,0.96,N,0
19.83936,81.19601,304.83,0.4,0.45,2025-03-19,1949,N20,VIIRS,n,2,294.06,0.93,N,0
19.84213,81.20693,306.93,0.4,0.44,2025-03-19,1949,N20,VIIRS,n,2,295.17,0.96,N,0
19.84343,81.19661,306.6,0.4,0.45,2025-03-19,1949,N20,VIIRS,n,2,293.63,0.93,N,0
19.84754,80.18282,306.14,0.47,0.47,2025-03-19,1949,N20,VIIRS,n,2,295.19,2.54,N,0
19.84861,80.17387,307.76,0.47,0.48,2025-03-19,1949,N20,VIIRS,n,2,295.11,1.67,N,0
19.84974,80.20143,309.67,0.47,0.47,2025-03-19,1949,N20,VIIRS,n,2,295.77,2.64,N,0
19.8654,80.10765,307.59,0.47,0.48,2025-03-19,1949,N20,VIIRS,n,2,294.9,2.51,N,0
19.8703,80.1039,312.21,0.47,0.48,2025-03-19,1949,N20,VIIRS,n,2,295.53,2.4,N,0
19.87804,81.28511,305.11,0.4,0.44,2025-03-19,1949,N20,VIIRS,n,2,294.55,0.69,N,0
19.88677,78.69838,312.28,0.58,0.52,2025-03-19,1949,N20,VIIRS,n,2,293.15,5.87,N,0
19.89397,80.79168,319.69,0.43,0.46,2025-03-19,1949,N20,VIIRS,n,2,294.6,2.41,N,0
19.89447,80.78767,317.87,0.43,0.46,2025-03-19,1949,N20,VIIRS,n,2,294.69,2.24,N,0
19.9059,80.14071,312.69,0.47,0.48,2025-03-19,1949,N20,VIIRS,n,2,295.31,2.39,N,0
19.90632,80.14184,311.97,0.47,0.48,2025-03-19,1949,N20,VIIRS,n,2,295.89,2.76,N,0
19.90647,80.09969,307.25,0.47,0.48,2025-03-19,1949,N20,VIIRS,n,2,295.5,2.44,N,0
19.90972,80.14577,325.95,0.47,0.48,2025-03-19,1949,N20,VIIRS,n,2,296.19,2.39,N,0
19.91018,80.1469,324.75,0.47,0.48,2025-03-19,1949,N20,VIIRS,n,2,296.38,3.86,N,0
19.91098,80.10141,307.64,0.47,0.48,2025-03-19,1949,N20,VIIRS,n,2,295.94,2.13,N,0
19.91411,80.14626,312.48,0.47,0.48,2025-03-19,1949,N20,VIIRS,n,2,295.38,1.8,N,0
19.91457,80.1474,306.72,0.47,0.48,2025-03-19,1949,N20,VIIRS,n,2,295.35,1.69,N,0
19.91631,80.17063,307.66,0.47,0.48,2025-03-19,1949,N20,VIIRS,n,2,295.59,1.75,N,0
19.91909,80.18484,307.3,0.47,0.48,2025-03-19,1949,N20,VIIRS,n,2,295.46,1.29,N,0
19.92184,79.11237,307.04,0.55,0.51,2025-03-19,1949,N20,VIIRS,n,2,295.36,2.52,N,2
19.92347,80.18533,308.93,0.47,0.48,2025-03-19,1949,N20,VIIRS,n,2,295.67,1.29,N,0
19.92556,80.16741,311.72,0.47,0.48,2025-03-19,1949,N20,VIIRS,n,2,295.76,3.42,N,0
19.92663,80.15826,310.53,0.47,0.48,2025-03-19,1949,N20,VIIRS,n,2,296.03,3.23,N,0
19.92717,80.15363,306.5,0.47,0.48,2025-03-19,1949,N20,VIIRS,n,2,295.22,1.52,N,0
19.92836,80.18138,307.58,0.47,0.48,2025-03-19,1949,N20,VIIRS,n,2,295.79,1.59,N,0
19.9294,80.17252,315.24,0.47,0.48,2025-03-19,1949,N20,VIIRS,n,2,295.74,2.01,N,0
19.92993,80.16803,311.23,0.47,0.48,2025-03-19,1949,N20,VIIRS,n,2,295.53,2.01,N,0
19.93046,80.16347,315.13,0.47,0.48,2025-03-19,1949,N20,VIIRS,n,2,295.87,1.74,N,0
19.931,80.15884,309.87,0.47,0.48,2025-03-19,1949,N20,VIIRS,n,2,295.7,1.74,N,0
19.93166,81.18648,310.1,0.41,0.45,2025-03-19,1949,N20,VIIRS,n,2,295.07,1.9,N,0
19.93326,80.17741,311.37,0.47,0.48,2025-03-19,1949,N20,VIIRS,n,2,296.05,1.59,N,0
19.94095,80.18745,314.48,0.47,0.48,2025-03-19,1949,N20,VIIRS,n,2,296.16,2.27,N,0
19.94241,80.74577,306.56,0.43,0.46,2025-03-19,1949,N20,VIIRS,n,2,296.18,2.05,N,0
19.94318,80.7449,309.16,0.43,0.46,2025-03-19,1949,N20,VIIRS,n,2,296.06,2.0,N,0
15.56714,78.03878,307.57,0.57,0.52,2025-03-19,1950,N20,VIIRS,n,2,297.01,0.99,N,0
15.96396,80.93842,307.5,0.56,0.43,2025-03-19,1950,N20,VIIRS,n,2,296.35,1.16,N,2
17.14267,77.18294,306.66,0.34,0.56,2025-03-19,1950,N20,VIIRS,n,2,294.88,0.73,N,2
17.22209,80.67107,308.17,0.4,0.44,2025-03-19,1950,N20,VIIRS,n,2,295.41,1.01,N,0
17.46487,80.65372,309.8,0.41,0.45,2025-03-19,1950,N20,VIIRS,n,2,296.49,1.5,N,2
17.65671,77.12389,307.91,0.35,0.56,2025-03-19,1950,N20,VIIRS,n,2,291.93,0.87,N,0
17.8326,77.95387,305.47,0.61,0.54,2025-03-19,1950,N20,VIIRS,n,2,294.27,1.22,N,0
17.88882,81.06139,306.41,0.39,0.44,2025-03-19,1950,N20,VIIRS,n,2,295.77,0.83,N,0
17.9573,80.78521,310.04,0.4,0.45,2025-03-19,1950,N20,VIIRS,n,2,298.22,1.85,N,0
18.0965,78.7485,332.47,0.55,0.51,2025-03-19,1950,N20,VIIRS,n,2,294.35,4.38,N,0
18.19918,77.4378,305.28,0.34,0.56,2025-03-19,1950,N20,VIIRS,n,2,292.44,0.51,N,0
18.30497,77.4442,312.04,0.34,0.56,2025-03-19,1950,N20,VIIRS,n,2,291.9,0.92,N,0
