latitude,longitude,bright_ti4,scan,track,acq_date,acq_time,satellite,instrument,confidence,version,bright_ti5,frp,daynight,type
15.54974,78.64444,334.8,0.51,0.49,2024-02-19,733,N20,VIIRS,n,2,305.56,8.8,D,0
15.55069,78.64954,348.25,0.51,0.49,2024-02-19,733,N20,VIIRS,n,2,307.23,8.8,D,0
15.57101,79.82935,341.37,0.43,0.46,2024-02-19,733,N20,VIIRS,n,2,305.12,3.61,D,0
15.59189,78.67139,338.53,0.51,0.49,2024-02-19,733,N20,VIIRS,n,2,303.05,5.2,D,0
15.65572,78.30035,342.43,0.54,0.51,2024-02-19,733,N20,VIIRS,n,2,308.95,3.62,D,0
15.69926,78.63902,335.94,0.51,0.49,2024-02-19,733,N20,VIIRS,n,2,304.55,4.94,D,0
15.73539,79.0096,344.8,0.48,0.48,2024-02-19,733,N20,VIIRS,n,2,308.91,7.02,D,0
15.78893,79.00299,342.72,0.48,0.48,2024-02-19,733,N20,VIIRS,n,2,305.95,4.31,D,0
15.78896,79.00586,341.1,0.48,0.48,2024-02-19,733,N20,VIIRS,n,2,305.24,4.11,D,0
15.82766,78.79518,332.4,0.49,0.49,2024-02-19,733,N20,VIIRS,l,2,304.32,4.13,D,0
15.82881,78.94976,331.2,0.48,0.48,2024-02-19,733,N20,VIIRS,l,2,305.06,3.84,D,0
15.83049,78.78563,340.32,0.49,0.49,2024-02-19,733,N20,VIIRS,n,2,304.07,9.37,D,0
15.832,78.79382,343.29,0.49,0.49,2024-02-19,733,N20,VIIRS,n,2,304.97,6.47,D,0
15.83386,78.77898,342.95,0.5,0.49,2024-02-19,733,N20,VIIRS,n,2,305.67,6.79,D,0
15.83737,78.77306,341.99,0.5,0.49,2024-02-19,733,N20,VIIRS,n,2,305.97,6.63,D,0
15.83754,77.06004,341.3,0.32,0.55,2024-02-19,733,N20,VIIRS,n,2,314.04,2.48,D,0
15.84261,78.77663,343.48,0.5,0.49,2024-02-19,733,N20,VIIRS,n,2,305.49,6.63,D,0
15.846,78.79524,330.87,0.49,0.49,2024-02-19,733,N20,VIIRS,l,2,303.93,3.21,D,0
15.84871,78.79163,335.67,0.49,0.49,2024-02-19,733,N20,VIIRS,n,2,304.8,4.42,D,0
15.85137,78.7815,342.25,0.49,0.49,2024-02-19,733,N20,VIIRS,n,2,305.37,5.95,D,0
15.85235,78.7798,346.73,0.49,0.49,2024-02-19,733,N20,VIIRS,n,2,306.7,8.72,D,0
15.85312,78.76654,335.29,0.5,0.49,2024-02-19,733,N20,VIIRS,l,2,306.12,3.33,D,0
15.8532,78.74267,331.46,0.5,0.49,2024-02-19,733,N20,VIIRS,l,2,305.22,4.68,D,0
15.85444,78.74075,336.09,0.5,0.49,2024-02-19,733,N20,VIIRS,n,2,305.84,3.56,D,0
15.85494,78.7761,348.03,0.49,0.49,2024-02-19,733,N20,VIIRS,n,2,307.03,13.48,D,0
15.85504,78.76934,341.56,0.5,0.49,2024-02-19,733,N20,VIIRS,n,2,305.22,4.72,D,0
15.85528,78.74537,332.09,0.5,0.49,2024-02-19,733,N20,VIIRS,l,2,304.66,3.56,D,0
15.85592,78.77419,341.69,0.5,0.49,2024-02-19,733,N20,VIIRS,n,2,305.18,4.72,D,0
15.85598,78.70869,338.62,0.5,0.49,2024-02-19,733,N20,VIIRS,n,2,307.31,4.38,D,0
15.85763,78.7418,335.22,0.5,0.49,2024-02-19,733,N20,VIIRS,l,2,305.73,4.17,D,0
15.86467,78.77904,338.14,0.49,0.49,2024-02-19,733,N20,VIIRS,n,2,305.29,2.84,D,0
15.87607,78.79089,341.35,0.49,0.49,2024-02-19,733,N20,VIIRS,n,2,305.65,5.78,D,0
15.89204,78.8028,344.19,0.49,0.49,2024-02-19,733,N20,VIIRS,n,2,308.44,11.1,D,0
15.89653,78.80237,349.45,0.49,0.49,2024-02-19,733,N20,VIIRS,n,2,312.13,62.25,D,0
15.89665,78.75388,335.21,0.5,0.49,2024-02-19,733,N20,VIIRS,l,2,306.62,5.68,D,0
15.89856,78.88642,337.28,0.49,0.48,2024-02-19,733,N20,VIIRS,n,2,306.2,5.1,D,0
15.89937,78.89071,340.61,0.49,0.48,2024-02-19,733,N20,VIIRS,n,2,304.15,5.1,D,0
15.90016,78.89494,348.38,0.49,0.48,2024-02-19,733,N20,VIIRS,n,2,304.4,8.55,D,0
15.90289,78.88525,331.7,0.49,0.48,2024-02-19,733,N20,VIIRS,l,2,302.16,1.56,D,0
15.90912,78.86984,334.19,0.49,0.48,2024-02-19,733,N20,VIIRS,n,2,305.14,3.14,D,0
15.90923,78.72266,332.89,0.5,0.49,2024-02-19,733,N20,VIIRS,l,2,306.04,4.71,D,0
15.90969,78.82394,343.65,0.49,0.49,2024-02-19,733,N20,VIIRS,n,2,305.29,7.29,D,0
15.91239,78.30682,345.16,0.53,0.5,2024-02-19,733,N20,VIIRS,n,2,312.99,5.42,D,0
15.91799,78.77003,340.01,0.49,0.49,2024-02-19,733,N20,VIIRS,n,2,302.88,5.81,D,0
15.93529,78.7144,343.3,0.5,0.49,2024-02-19,733,N20,VIIRS,n,2,305.28,8.18,D,0
15.93884,78.70872,342.57,0.5,0.49,2024-02-19,733,N20,VIIRS,n,2,308.14,8.18,D,0
15.94214,78.709,340.43,0.5,0.49,2024-02-19,733,N20,VIIRS,n,2,305.56,5.23,D,0
15.99457,78.8166,330.31,0.49,0.48,2024-02-19,733,N20,VIIRS,l,2,303.63,2.4,D,0
15.99969,78.81958,332.54,0.49,0.48,2024-02-19,733,N20,VIIRS,l,2,304.54,6.21,D,0
16.00067,78.6776,340.95,0.5,0.49,2024-02-19,733,N20,VIIRS,n,2,304.48,9.21,D,0
16.00508,78.67657,340.86,0.5,0.49,2024-02-19,733,N20,VIIRS,n,2,303.82,9.21,D,0
16.01098,78.80674,340.39,0.49,0.49,2024-02-19,733,N20,VIIRS,n,2,306.06,8.74,D,0
16.01184,78.81134,337.59,0.49,0.48,2024-02-19,733,N20,VIIRS,n,2,307.23,8.74,D,0
16.01269,78.81592,339.21,0.49,0.48,2024-02-19,733,N20,VIIRS,n,2,306.91,6.6,D,0
16.01297,78.76836,331.62,0.49,0.49,2024-02-19,733,N20,VIIRS,l,2,304.1,4.75,D,0
16.01534,78.80567,336.89,0.49,0.49,2024-02-19,733,N20,VIIRS,n,2,304.17,5.09,D,0
16.01618,78.81017,345.33,0.49,0.48,2024-02-19,733,N20,VIIRS,n,2,307.19,5.09,D,0
16.0303,78.93487,335.59,0.48,0.48,2024-02-19,733,N20,VIIRS,n,2,304.14,2.02,D,0
16.03671,79.13778,344.31,0.47,0.47,2024-02-19,733,N20,VIIRS,n,2,306.24,6.23,D,0
16.03975,78.45451,335.39,0.51,0.5,2024-02-19,733,N20,VIIRS,n,2,304.61,2.73,D,0
16.0775,79.7379,331.17,0.43,0.46,2024-02-19,733,N20,VIIRS,l,2,304.2,0.94,D,0
16.08105,78.69775,337.11,0.5,0.49,2024-02-19,733,N20,VIIRS,n,2,305.44,4.23,D,0
16.11223,79.57127,353.16,0.44,0.46,2024-02-19,733,N20,VIIRS,n,2,308.59,9.35,D,0
16.11298,79.57116,354.93,0.44,0.46,2024-02-19,733,N20,VIIRS,n,2,309.11,9.36,D,0
16.12205,78.50952,332.31,0.51,0.49,2024-02-19,733,N20,VIIRS,l,2,304.61,6.77,D,0
16.12301,78.5145,337.93,0.51,0.49,2024-02-19,733,N20,VIIRS,n,2,302.81,4.01,D,0
16.12428,78.60868,348.91,0.5,0.49,2024-02-19,733,N20,VIIRS,n,2,303.96,4.14,D,0
16.12484,78.51118,343.52,0.51,0.49,2024-02-19,733,N20,VIIRS,n,2,304.57,6.03,D,0
16.12507,78.61295,332.31,0.5,0.49,2024-02-19,733,N20,VIIRS,n,2,305.06,4.14,D,0
16.12574,78.51608,330.67,0.51,0.49,2024-02-19,733,N20,VIIRS,l,2,302.1,6.03,D,0
16.12665,78.49571,332.63,0.51,0.49,2024-02-19,733,N20,VIIRS,l,2,306.74,3.77,D,0
16.12737,78.51303,336.2,0.51,0.49,2024-02-19,733,N20,VIIRS,n,2,303.02,4.01,D,0
16.14244,78.97692,346.71,0.47,0.48,2024-02-19,733,N20,VIIRS,n,2,309.04,12.08,D,0
16.14432,78.50444,330.61,0.51,0.49,2024-02-19,733,N20,VIIRS,l,2,304.59,7.71,D,0
16.14593,78.97148,342.54,0.47,0.48,2024-02-19,733,N20,VIIRS,n,2,311.27,21.38,D,0
16.14674,78.97585,333.33,0.47,0.48,2024-02-19,733,N20,VIIRS,l,2,307.26,8.28,D,0
16.14755,78.98019,339.45,0.47,0.48,2024-02-19,733,N20,VIIRS,n,2,306.76,8.28,D,0
16.15185,78.97913,350.82,0.47,0.48,2024-02-19,733,N20,VIIRS,n,2,307.67,8.28,D,0
16.16851,78.58314,332.45,0.5,0.49,2024-02-19,733,N20,VIIRS,l,2,305.16,5.79,D,0
16.16945,78.58811,340.87,0.5,0.49,2024-02-19,733,N20,VIIRS,n,2,304.25,5.79,D,0
16.17385,78.58695,332.48,0.5,0.49,2024-02-19,733,N20,VIIRS,n,2,302.39,5.02,D,0
16.17617,78.71629,331.63,0.49,0.49,2024-02-19,733,N20,VIIRS,n,2,304.03,3.07,D,0
16.17934,78.71332,341.92,0.49,0.49,2024-02-19,733,N20,VIIRS,n,2,307.19,5.9,D,0
16.1795,78.51858,336.6,0.51,0.49,2024-02-19,733,N20,VIIRS,n,2,303.74,4.36,D,0
16.18023,78.71806,342.73,0.49,0.49,2024-02-19,733,N20,VIIRS,n,2,306.85,5.9,D,0
16.18114,78.72282,341.08,0.49,0.49,2024-02-19,733,N20,VIIRS,n,2,306.07,4.83,D,0
16.18203,78.72755,330.78,0.49,0.49,2024-02-19,733,N20,VIIRS,l,2,303.94,4.83,D,0
16.18651,78.72704,342.57,0.49,0.49,2024-02-19,733,N20,VIIRS,n,2,306.1,4.83,D,0
16.20698,78.71424,338.42,0.49,0.49,2024-02-19,733,N20,VIIRS,n,2,306.84,17.11,D,0
16.21058,78.70901,349.27,0.49,0.49,2024-02-19,733,N20,VIIRS,n,2,308.58,17.11,D,0
16.21144,78.71361,334.64,0.49,0.49,2024-02-19,733,N20,VIIRS,n,2,303.84,17.11,D,0
16.22238,78.44073,347.12,0.51,0.49,2024-02-19,733,N20,VIIRS,n,2,308.52,4.71,D,0
16.22589,78.44304,342.4,0.51,0.5,2024-02-19,733,N20,VIIRS,n,2,308.42,2.61,D,0
16.22878,81.227,334.47,0.52,0.41,2024-02-19,733,N20,VIIRS,n,2,306.54,1.72,D,0
16.25925,79.81979,342.95,0.42,0.45,2024-02-19,733,N20,VIIRS,n,2,308.97,9.14,D,0
16.26086,79.81937,344.72,0.42,0.45,2024-02-19,733,N20,VIIRS,n,2,310.02,9.44,D,0
16.29783,78.81149,344.2,0.48,0.48,2024-02-19,733,N20,VIIRS,n,2,308.01,4.35,D,0
16.29793,78.81281,343.69,0.48,0.48,2024-02-19,733,N20,VIIRS,n,2,307.74,3.22,D,0
16.30216,78.81036,332.98,0.48,0.48,2024-02-19,733,N20,VIIRS,l,2,304.83,4.35,D,0
16.30226,78.81171,332.02,0.48,0.48,2024-02-19,733,N20,VIIRS,l,2,303.25,3.22,D,0
16.30419,78.84645,333.92,0.48,0.48,2024-02-19,733,N20,VIIRS,l,2,308.88,6.05,D,0
16.30935,78.84995,352.95,0.48,0.48,2024-02-19,733,N20,VIIRS,n,2,309.08,6.05,D,0
16.30972,78.8512,347.75,0.48,0.48,2024-02-19,733,N20,VIIRS,n,2,307.98,13.38,D,0
16.3896,77.70012,335.28,0.57,0.52,2024-02-19,733,N20,VIIRS,n,2,306.21,3.44,D,0
16.61091,81.11977,332.28,0.52,0.42,2024-02-19,733,N20,VIIRS,n,2,299.89,5.33,D,0
16.6153,78.47002,333.37,0.5,0.49,2024-02-19,733,N20,VIIRS,l,2,307.88,3.02,D,0
16.73211,79.0502,337.13,0.46,0.47,2024-02-19,733,N20,VIIRS,l,2,311.7,5.49,D,0
17.04264,80.71414,338.66,0.54,0.42,2024-02-19,733,N20,VIIRS,n,2,303.75,2.62,D,0
17.1034,80.88887,341.31,0.53,0.42,2024-02-19,733,N20,VIIRS,n,2,306.39,7.47,D,0
17.10401,80.8865,338.32,0.53,0.42,2024-02-19,733,N20,VIIRS,n,2,307.34,5.52,D,0
17.24619,77.01648,338.46,0.61,0.53,2024-02-19,733,N20,VIIRS,n,2,313.04,3.16,D,0
17.24956,77.51602,337.96,0.56,0.52,2024-02-19,733,N20,VIIRS,n,2,309.39,2.15,D,0
17.2671,78.55654,338.22,0.48,0.48,2024-02-19,733,N20,VIIRS,n,2,308.19,2.94,D,0
17.29098,77.54346,342.77,0.56,0.52,2024-02-19,733,N20,VIIRS,n,2,310.16,4.9,D,0
17.29178,78.78284,335.87,0.47,0.47,2024-02-19,733,N20,VIIRS,n,2,310.22,2.9,D,0
17.29303,81.27852,333.19,0.5,0.41,2024-02-19,733,N20,VIIRS,n,2,304.21,14.52,D,0
17.29609,78.78196,338.86,0.47,0.47,2024-02-19,733,N20,VIIRS,n,2,310.39,2.9,D,0
17.34844,81.062,330.02,0.51,0.41,2024-02-19,733,N20,VIIRS,n,2,299.81,1.57,D,0
17.3508,81.01062,332.81,0.52,0.41,2024-02-19,733,N20,VIIRS,n,2,301.8,2.62,D,0
17.36403,79.40977,342.54,0.42,0.46,2024-02-19,733,N20,VIIRS,n,2,311.0,5.76,D,0
17.39707,80.22737,335.1,0.57,0.43,2024-02-19,733,N20,VIIRS,n,2,305.97,4.33,D,0
17.40321,77.70177,337.55,0.55,0.51,2024-02-19,733,N20,VIIRS,n,2,311.22,4.4,D,0
17.45576,78.67012,334.33,0.47,0.48,2024-02-19,733,N20,VIIRS,l,2,305.18,2.24,D,0
17.4672,78.16874,339.33,0.51,0.49,2024-02-19,733,N20,VIIRS,n,2,310.75,4.45,D,0
17.51532,77.87112,346.84,0.53,0.5,2024-02-19,733,N20,VIIRS,n,2,310.86,5.35,D,0
17.51873,79.82596,334.82,0.4,0.44,2024-02-19,733,N20,VIIRS,n,2,303.98,4.31,D,0
17.58147,77.67017,352.27,0.54,0.51,2024-02-19,733,N20,VIIRS,n,2,307.53,9.93,D,0
17.58797,77.13772,342.46,0.59,0.53,2024-02-19,733,N20,VIIRS,n,2,312.18,6.29,D,0
17.59847,78.36265,336.6,0.49,0.49,2024-02-19,733,N20,VIIRS,n,2,308.8,4.42,D,0
17.61984,77.07329,340.42,0.59,0.53,2024-02-19,733,N20,VIIRS,l,2,311.69,4.33,D,0
17.65609,80.88525,339.16,0.52,0.41,2024-02-19,733,N20,VIIRS,l,2,310.85,8.36,D,0
17.65641,80.88761,336.95,0.52,0.41,2024-02-19,733,N20,VIIRS,n,2,306.93,7.15,D,0
17.668,80.39178,336.53,0.55,0.43,2024-02-19,733,N20,VIIRS,n,2,304.85,3.64,D,0
17.67294,79.91721,330.06,0.39,0.44,2024-02-19,733,N20,VIIRS,n,2,303.54,2.56,D,0
17.68674,77.55923,335.1,0.55,0.51,2024-02-19,733,N20,VIIRS,n,2,309.69,3.55,D,0
17.71582,78.50367,338.63,0.48,0.48,2024-02-19,733,N20,VIIRS,l,2,309.17,3.88,D,0
17.73232,77.94106,335.2,0.52,0.5,2024-02-19,733,N20,VIIRS,l,2,307.72,3.14,D,0
17.73357,80.86073,338.44,0.52,0.41,2024-02-19,733,N20,VIIRS,n,2,307.26,6.73,D,0
17.75009,78.5423,334.58,0.47,0.48,2024-02-19,733,N20,VIIRS,l,2,306.29,4.28,D,0
17.77598,80.47842,337.72,0.54,0.42,2024-02-19,733,N20,VIIRS,n,2,309.07,4.05,D,0
17.88886,80.22429,331.79,0.56,0.43,2024-02-19,733,N20,VIIRS,l,2,305.87,1.89,D,0
18.01379,80.88264,340.05,0.51,0.41,2024-02-19,733,N20,VIIRS,n,2,305.05,4.63,D,0
18.0361,80.16638,333.56,0.56,0.43,2024-02-19,733,N20,VIIRS,n,2,304.92,3.98,D,0
18.10459,80.18844,341.12,0.56,0.43,2024-02-19,733,N20,VIIRS,n,2,305.88,8.98,D,0
18.10847,80.1876,336.81,0.56,0.43,2024-02-19,733,N20,VIIRS,n,2,303.54,8.98,D,0
18.11327,80.19193,350.99,0.56,0.43,2024-02-19,733,N20,VIIRS,n,2,305.5,9.28,D,0
18.11533,80.18094,339.0,0.56,0.43,2024-02-19,733,N20,VIIRS,n,2,306.83,18.97,D,0
18.16025,79.84696,345.57,0.39,0.44,2024-02-19,733,N20,VIIRS,n,2,306.87,4.7,D,0
18.16091,79.85058,344.48,0.39,0.44,2024-02-19,733,N20,VIIRS,n,2,305.44,4.7,D,0
18.18445,80.56918,344.21,0.53,0.42,2024-02-19,733,N20,VIIRS,n,2,306.86,14.74,D,0
17.86666,77.72637,342.58,0.53,0.5,2024-02-19,734,N20,VIIRS,n,2,311.22,6.44,D,0
18.13461,79.29749,335.71,0.42,0.45,2024-02-19,734,N20,VIIRS,n,2,305.22,5.03,D,0
18.13531,79.30125,336.21,0.42,0.45,2024-02-19,734,N20,VIIRS,n,2,303.81,3.0,D,0
18.23678,78.09082,336.1,0.5,0.49,2024-02-19,734,N20,VIIRS,n,2,307.04,4.61,D,0
18.24995,78.06371,331.42,0.5,0.49,2024-02-19,734,N20,VIIRS,l,2,306.41,2.21,D,0
18.25194,78.31223,336.07,0.48,0.48,2024-02-19,734,N20,VIIRS,l,2,310.58,2.96,D,0
18.26325,78.63509,341.83,0.46,0.47,2024-02-19,734,N20,VIIRS,n,2,305.19,4.35,D,0
18.26762,78.01153,339.4,0.5,0.49,2024-02-19,734,N20,VIIRS,n,2,306.22,4.33,D,0
18.28987,78.03136,332.98,0.5,0.49,2024-02-19,734,N20,VIIRS,n,2,302.83,4.06,D,0
18.34891,78.03559,331.17,0.5,0.49,2024-02-19,734,N20,VIIRS,l,2,305.73,5.63,D,0
18.40459,80.14806,331.47,0.55,0.43,2024-02-19,734,N20,VIIRS,n,2,305.78,3.33,D,0
18.41357,78.57034,335.0,0.46,0.47,2024-02-19,734,N20,VIIRS,l,2,306.75,4.12,D,0
18.43744,78.62768,337.74,0.46,0.47,2024-02-19,734,N20,VIIRS,n,2,304.73,3.26,D,0
18.44031,78.62796,342.04,0.45,0.47,2024-02-19,734,N20,VIIRS,n,2,305.88,6.01,D,0
18.44207,78.30814,333.42,0.48,0.48,2024-02-19,734,N20,VIIRS,n,2,307.58,3.63,D,0
18.45592,78.30976,338.76,0.48,0.48,2024-02-19,734,N20,VIIRS,n,2,305.88,3.83,D,0
18.45675,78.31415,334.2,0.48,0.48,2024-02-19,734,N20,VIIRS,n,2,304.12,3.83,D,0
18.45767,78.41459,333.24,0.47,0.48,2024-02-19,734,N20,VIIRS,l,2,305.61,1.96,D,0
18.47144,78.22344,335.39,0.48,0.48,2024-02-19,734,N20,VIIRS,l,2,310.17,4.05,D,0
18.47272,80.52623,333.37,0.53,0.42,2024-02-19,734,N20,VIIRS,l,2,304.82,2.09,D,0
18.48559,78.37204,334.21,0.47,0.48,2024-02-19,734,N20,VIIRS,l,2,305.84,3.79,D,0
18.50777,78.1508,330.02,0.49,0.48,2024-02-19,734,N20,VIIRS,l,2,304.69,3.75,D,0
18.51793,78.546,340.27,0.46,0.47,2024-02-19,734,N20,VIIRS,n,2,306.69,2.84,D,0
18.51873,78.55032,333.63,0.46,0.47,2024-02-19,734,N20,VIIRS,l,2,305.97,4.59,D,0
18.52028,78.55866,332.85,0.46,0.47,2024-02-19,734,N20,VIIRS,l,2,304.95,3.25,D,0
18.52299,78.54934,338.73,0.46,0.47,2024-02-19,734,N20,VIIRS,n,2,306.14,4.59,D,0
18.52368,78.46955,330.66,0.46,0.47,2024-02-19,734,N20,VIIRS,l,2,305.11,3.69,D,0
18.52378,78.55363,344.24,0.46,0.47,2024-02-19,734,N20,VIIRS,n,2,308.04,4.59,D,0
18.52455,78.55777,334.86,0.46,0.47,2024-02-19,734,N20,VIIRS,n,2,305.12,3.25,D,0
18.52583,78.46842,338.07,0.46,0.47,2024-02-19,734,N20,VIIRS,n,2,304.71,4.24,D,0
18.53151,80.45854,344.64,0.53,0.42,2024-02-19,734,N20,VIIRS,n,2,309.71,9.61,D,0
18.53239,80.46355,335.62,0.53,0.42,2024-02-19,734,N20,VIIRS,n,2,306.98,9.61,D,0
18.54796,78.17068,334.73,0.48,0.48,2024-02-19,734,N20,VIIRS,l,2,306.54,4.99,D,0
18.5611,78.16801,333.45,0.48,0.48,2024-02-19,734,N20,VIIRS,l,2,306.78,4.93,D,0
18.57053,78.57527,341.42,0.46,0.47,2024-02-19,734,N20,VIIRS,n,2,305.51,5.78,D,0
18.58066,78.93318,334.19,0.43,0.46,2024-02-19,734,N20,VIIRS,n,2,308.14,2.82,D,0
18.58701,79.95099,335.49,0.56,0.43,2024-02-19,734,N20,VIIRS,n,2,304.57,2.54,D,0
18.60393,78.39746,346.36,0.47,0.48,2024-02-19,734,N20,VIIRS,n,2,308.38,7.29,D,0
18.60481,78.73341,341.1,0.45,0.47,2024-02-19,734,N20,VIIRS,n,2,305.74,7.26,D,0
18.60498,78.06545,331.34,0.49,0.49,2024-02-19,734,N20,VIIRS,l,2,304.96,4.79,D,0
18.60977,80.44098,339.52,0.53,0.42,2024-02-19,734,N20,VIIRS,n,2,306.97,5.17,D,0
18.61357,80.44022,333.98,0.53,0.42,2024-02-19,734,N20,VIIRS,l,2,307.01,5.17,D,0
18.61575,78.67481,331.24,0.45,0.47,2024-02-19,734,N20,VIIRS,l,2,304.24,3.8,D,0
18.61826,80.44449,332.94,0.53,0.42,2024-02-19,734,N20,VIIRS,l,2,303.31,2.3,D,0
18.6332,78.74479,333.44,0.44,0.46,2024-02-19,734,N20,VIIRS,l,2,305.33,4.41,D,0
18.634,78.74905,333.79,0.44,0.46,2024-02-19,734,N20,VIIRS,l,2,305.44,4.41,D,0
18.63644,78.59666,331.17,0.45,0.47,2024-02-19,734,N20,VIIRS,l,2,306.16,4.04,D,0
18.64069,78.5958,347.95,0.45,0.47,2024-02-19,734,N20,VIIRS,n,2,306.11,4.04,D,0
18.64326,78.79878,336.49,0.44,0.46,2024-02-19,734,N20,VIIRS,n,2,304.6,4.81,D,0
18.64618,78.72044,333.06,0.45,0.47,2024-02-19,734,N20,VIIRS,l,2,303.9,2.84,D,0
18.65003,78.78833,346.62,0.44,0.46,2024-02-19,734,N20,VIIRS,n,2,305.96,7.53,D,0
18.66551,78.61765,334.59,0.45,0.47,2024-02-19,734,N20,VIIRS,l,2,305.86,3.8,D,0
18.67247,78.5147,334.56,0.46,0.47,2024-02-19,734,N20,VIIRS,n,2,306.24,4.02,D,0
18.6733,78.51905,336.41,0.46,0.47,2024-02-19,734,N20,VIIRS,n,2,304.56,4.31,D,0
18.68167,78.84186,333.87,0.44,0.46,2024-02-19,734,N20,VIIRS,n,2,302.07,3.29,D,0
18.68482,78.6265,333.32,0.45,0.47,2024-02-19,734,N20,VIIRS,l,2,305.56,4.79,D,0
18.68561,78.56067,339.27,0.45,0.47,2024-02-19,734,N20,VIIRS,n,2,303.88,6.33,D,0
18.69149,78.84808,334.03,0.44,0.46,2024-02-19,734,N20,VIIRS,n,2,302.28,4.5,D,0
18.70713,78.53393,332.24,0.46,0.47,2024-02-19,734,N20,VIIRS,n,2,303.64,1.68,D,0
18.7374,79.53624,339.57,0.4,0.44,2024-02-19,734,N20,VIIRS,n,2,306.0,4.01,D,0
18.93306,79.32321,334.93,0.4,0.45,2024-02-19,734,N20,VIIRS,l,2,305.87,4.71,D,0
19.07902,78.56477,336.45,0.45,0.47,2024-02-19,734,N20,VIIRS,n,2,307.65,3.14,D,0
19.07981,78.56486,336.44,0.45,0.47,2024-02-19,734,N20,VIIRS,n,2,307.33,2.4,D,0
19.20595,78.58783,338.77,0.44,0.46,2024-02-19,734,N20,VIIRS,n,2,305.81,3.95,D,0
19.20981,78.60805,332.9,0.44,0.46,2024-02-19,734,N20,VIIRS,l,2,305.1,5.98,D,0
19.21014,78.58686,344.19,0.44,0.46,2024-02-19,734,N20,VIIRS,n,2,304.3,4.9,D,0
19.21512,78.59002,343.55,0.44,0.46,2024-02-19,734,N20,VIIRS,n,2,304.95,4.9,D,0
19.21669,78.59829,336.3,0.44,0.46,2024-02-19,734,N20,VIIRS,n,2,305.17,4.54,D,0
19.27821,78.57675,338.63,0.44,0.46,2024-02-19,734,N20,VIIRS,n,2,306.56,5.79,D,0
19.28243,78.5759,353.49,0.44,0.46,2024-02-19,734,N20,VIIRS,n,2,306.98,5.79,D,0
19.2832,78.58009,333.23,0.44,0.46,2024-02-19,734,N20,VIIRS,l,2,304.96,3.93,D,0
19.28741,78.57921,353.76,0.44,0.46,2024-02-19,734,N20,VIIRS,n,2,306.32,8.22,D,0
19.29087,78.6214,334.27,0.44,0.46,2024-02-19,734,N20,VIIRS,l,2,304.96,3.16,D,0
19.2995,79.03651,334.37,0.42,0.45,2024-02-19,734,N20,VIIRS,l,2,307.83,4.3,D,0
19.3389,77.2495,341.2,0.54,0.51,2024-02-19,734,N20,VIIRS,n,2,306.61,4.4,D,0
19.35786,79.8782,332.08,0.55,0.43,2024-02-19,734,N20,VIIRS,l,2,306.62,4.21,D,0
19.37007,79.58566,337.62,0.38,0.44,2024-02-19,734,N20,VIIRS,n,2,303.66,1.96,D,0
19.65329,79.24416,338.51,0.4,0.44,2024-02-19,734,N20,VIIRS,l,2,311.65,2.68,D,0
19.78378,78.45726,335.72,0.44,0.46,2024-02-19,734,N20,VIIRS,l,2,310.04,2.76,D,0
19.78841,78.68868,342.41,0.43,0.46,2024-02-19,734,N20,VIIRS,n,2,309.27,3.11,D,0
19.89277,78.99709,341.65,0.41,0.45,2024-02-19,734,N20,VIIRS,n,2,313.32,3.23,D,0
19.94712,80.62472,337.65,0.5,0.41,2024-02-19,734,N20,VIIRS,n,2,306.31,2.89,D,0
19.96305,79.33604,333.19,0.39,0.44,2024-02-19,734,N20,VIIRS,l,2,306.53,1.77,D,2
17.39357,80.23135,301.44,0.43,0.38,2024-02-19,2004,N20,VIIRS,n,2,290.88,0.35,N,0
17.44595,77.86647,313.99,0.57,0.43,2024-02-19,2004,N20,VIIRS,n,2,291.3,1.49,N,0
17.4611,77.59469,317.33,0.4,0.44,2024-02-19,2004,N20,VIIRS,n,2,290.47,0.97,N,0
17.47022,80.4034,308.5,0.43,0.38,2024-02-19,2004,N20,VIIRS,n,2,292.77,1.04,N,0
17.56398,80.02124,308.05,0.44,0.39,2024-02-19,2004,N20,VIIRS,n,2,290.23,0.46,N,0
17.78756,80.24947,304.68,0.44,0.38,2024-02-19,2004,N20,VIIRS,n,2,293.81,0.81,N,0
17.80984,78.43393,323.39,0.54,0.42,2024-02-19,2004,N20,VIIRS,n,2,292.35,2.32,N,0
17.90582,77.74232,301.83,0.39,0.44,2024-02-19,2004,N20,VIIRS,n,2,290.94,0.34,N,0
18.03561,80.15759,319.21,0.44,0.39,2024-02-19,2004,N20,VIIRS,n,2,293.83,2.02,N,0
18.11478,80.18578,303.32,0.44,0.39,2024-02-19,2004,N20,VIIRS,n,2,292.39,0.84,N,0
18.13123,79.30104,310.44,0.49,0.4,2024-02-19,2004,N20,VIIRS,n,2,293.71,2.06,N,0
18.23553,78.08497,302.69,0.57,0.43,2024-02-19,2004,N20,VIIRS,n,2,292.31,0.8,N,0
18.42412,78.56654,306.24,0.54,0.42,2024-02-19,2004,N20,VIIRS,n,2,292.16,1.12,N,0
18.45417,78.30909,306.22,0.55,0.43,2024-02-19,2004,N20,VIIRS,n,2,291.52,1.39,N,0
18.45485,78.30392,311.11,0.55,0.43,2024-02-19,2004,N20,VIIRS,n,2,291.59,1.39,N,0
18.49166,77.95853,304.69,0.39,0.44,2024-02-19,2004,N20,VIIRS,n,2,293.88,0.67,N,0
18.53176,78.14763,304.11,0.57,0.43,2024-02-19,2004,N20,VIIRS,n,2,293.33,1.18,N,0
18.56149,78.15939,306.51,0.57,0.43,2024-02-19,2004,N20,VIIRS,n,2,293.03,1.48,N,0
18.57518,78.08443,306.75,0.57,0.43,2024-02-19,2004,N20,VIIRS,n,2,293.3,1.44,N,0
18.58653,78.0277,305.33,0.39,0.44,2024-02-19,2004,N20,VIIRS,n,2,293.36,0.91,N,0
18.59026,78.06182,304.33,0.38,0.43,2024-02-19,2004,N20,VIIRS,n,2,293.24,0.78,N,0
18.61358,80.46021,305.61,0.44,0.38,2024-02-19,2004,N20,VIIRS,n,2,294.7,1.18,N,0
18.61889,80.44817,307.28,0.44,0.38,2024-02-19,2004,N20,VIIRS,n,2,294.62,0.86,N,0
18.64128,78.79065,303.86,0.52,0.42,2024-02-19,2004,N20,VIIRS,n,2,292.8,0.98,N,0
18.64451,78.59178,306.72,0.54,0.42,2024-02-19,2004,N20,VIIRS,n,2,293.58,1.34,N,0
18.65032,78.78143,309.06,0.52,0.42,2024-02-19,2004,N20,VIIRS,n,2,293.41,1.55,N,0
18.65367,78.75677,308.9,0.53,0.42,2024-02-19,2004,N20,VIIRS,n,2,293.38,1.99,N,0
18.66108,78.61495,303.69,0.54,0.42,2024-02-19,2004,N20,VIIRS,n,2,293.41,0.84,N,0
18.67772,79.55533,308.77,0.48,0.4,2024-02-19,2004,N20,VIIRS,n,2,295.36,0.84,N,0
18.68271,78.57129,307.31,0.54,0.42,2024-02-19,2004,N20,VIIRS,n,2,292.61,1.02,N,0
18.68392,78.50361,313.18,0.54,0.42,2024-02-19,2004,N20,VIIRS,n,2,293.81,2.44,N,0
18.69213,78.84071,307.88,0.52,0.42,2024-02-19,2004,N20,VIIRS,n,2,293.3,1.08,N,0
18.69726,79.54902,319.21,0.48,0.4,2024-02-19,2004,N20,VIIRS,n,2,295.57,2.32,N,0
18.71991,79.52011,313.77,0.48,0.4,2024-02-19,2004,N20,VIIRS,n,2,293.57,1.48,N,0
18.72109,79.53885,306.17,0.48,0.4,2024-02-19,2004,N20,VIIRS,n,2,295.49,0.88,N,2
18.72171,79.53429,306.42,0.48,0.4,2024-02-19,2004,N20,VIIRS,n,2,295.63,1.4,N,2
18.72725,79.52129,305.66,0.48,0.4,2024-02-19,2004,N20,VIIRS,n,2,293.57,0.73,N,0
18.73128,78.02461,302.37,0.39,0.44,2024-02-19,2004,N20,VIIRS,n,2,292.33,0.54,N,0
18.73481,78.02881,302.95,0.39,0.44,2024-02-19,2004,N20,VIIRS,n,2,292.18,1.17,N,0
18.73637,79.53654,305.08,0.48,0.4,2024-02-19,2004,N20,VIIRS,n,2,294.29,1.2,N,0
18.81945,79.52879,309.52,0.48,0.4,2024-02-19,2004,N20,VIIRS,n,2,292.63,1.46,N,0
18.90859,79.01084,315.75,0.51,0.41,2024-02-19,2004,N20,VIIRS,n,2,293.95,1.5,N,0
18.91236,79.01147,306.94,0.51,0.41,2024-02-19,2004,N20,VIIRS,n,2,293.93,1.18,N,0
19.42014,78.61942,303.71,0.55,0.42,2024-02-19,2004,N20,VIIRS,n,2,291.24,0.88,N,0
19.78898,79.14861,310.3,0.52,0.41,2024-02-19,2004,N20,VIIRS,n,2,295.94,1.76,N,2
19.81197,80.8752,306.63,0.43,0.38,2024-02-19,2004,N20,VIIRS,n,2,293.91,1.5,N,0
19.82234,80.90234,315.3,0.43,0.38,2024-02-19,2004,N20,VIIRS,n,2,293.96,2.27,N,0
19.9647,79.33333,318.02,0.51,0.41,2024-02-19,2004,N20,VIIRS,n,2,293.31,2.23,N,2
15.5757,79.00373,325.62,0.47,0.4,2024-02-19,2005,N20,VIIRS,n,2,295.24,2.57,N,0
15.72871,79.03273,306.9,0.47,0.4,2024-02-19,2005,N20,VIIRS,n,2,293.7,0.8,N,0
15.82603,78.76544,305.72,0.49,0.4,2024-02-19,2005,N20,VIIRS,n,2,291.11,1.33,N,0
15.82974,78.76585,310.13,0.49,0.4,2024-02-19,2005,N20,VIIRS,n,2,292.22,1.33,N,0
15.83276,78.95499,303.61,0.48,0.4,2024-02-19,2005,N20,VIIRS,n,2,291.7,0.67,N,0
15.83321,78.95267,303.59,0.48,0.4,2024-02-19,2005,N20,VIIRS,n,2,292.05,0.34,N,0
15.87086,78.78806,302.92,0.49,0.4,2024-02-19,2005,N20,VIIRS,n,2,292.08,0.88,N,0
15.90541,78.89062,303.4,0.48,0.4,2024-02-19,2005,N20,VIIRS,n,2,291.06,0.78,N,0
15.91566,77.36253,303.9,0.39,0.44,2024-02-19,2005,N20,VIIRS,n,2,292.78,0.81,N,2
15.9166,78.73022,315.75,0.49,0.4,2024-02-19,2005,N20,VIIRS,n,2,293.69,2.39,N,0
15.96362,80.93725,307.31,0.4,0.37,2024-02-19,2005,N20,VIIRS,n,2,291.74,0.5,N,0
15.99721,78.81921,306.37,0.49,0.4,2024-02-19,2005,N20,VIIRS,n,2,292.54,0.78,N,0
16.0003,78.8241,306.76,0.49,0.4,2024-02-19,2005,N20,VIIRS,n,2,293.63,1.3,N,0
16.00402,78.82439,329.43,0.49,0.4,2024-02-19,2005,N20,VIIRS,n,2,293.45,3.45,N,0
16.01141,78.82533,304.83,0.49,0.4,2024-02-19,2005,N20,VIIRS,n,2,293.56,0.86,N,0
16.0853,78.69057,303.88,0.5,0.41,2024-02-19,2005,N20,VIIRS,n,2,291.38,1.38,N,0
16.08749,78.68796,308.18,0.5,0.41,2024-02-19,2005,N20,VIIRS,n,2,292.29,1.25,N,0
16.09211,78.69623,309.88,0.5,0.41,2024-02-19,2005,N20,VIIRS,n,2,292.56,1.0,N,0
16.11587,78.66131,310.82,0.5,0.41,2024-02-19,2005,N20,VIIRS,n,2,293.08,1.94,N,0
16.11678,78.51466,333.09,0.51,0.41,2024-02-19,2005,N20,VIIRS,n,2,297.15,4.3,N,0
16.11745,78.50964,309.68,0.51,0.41,2024-02-19,2005,N20,VIIRS,n,2,295.33,4.3,N,0
16.12679,78.52557,311.32,0.51,0.41,2024-02-19,2005,N20,VIIRS,n,2,294.85,2.25,N,0
16.12774,78.60259,323.52,0.5,0.41,2024-02-19,2005,N20,VIIRS,n,2,292.75,2.81,N,0
16.14313,78.51814,305.85,0.51,0.41,2024-02-19,2005,N20,VIIRS,n,2,294.15,1.63,N,0
16.15889,78.5981,303.99,0.5,0.41,2024-02-19,2005,N20,VIIRS,n,2,292.63,0.79,N,0
16.17306,78.52351,306.4,0.51,0.41,2024-02-19,2005,N20,VIIRS,n,2,294.07,1.48,N,0
16.17496,78.72779,305.92,0.49,0.41,2024-02-19,2005,N20,VIIRS,n,2,291.94,0.89,N,0
16.17561,78.72315,305.14,0.49,0.41,2024-02-19,2005,N20,VIIRS,n,2,291.55,1.51,N,0
16.17864,78.72855,303.5,0.49,0.41,2024-02-19,2005,N20,VIIRS,n,2,291.47,0.93,N,0
16.1789,78.59146,308.57,0.5,0.41,2024-02-19,2005,N20,VIIRS,n,2,293.15,1.35,N,0
16.18021,78.73114,305.39,0.49,0.41,2024-02-19,2005,N20,VIIRS,n,2,290.82,1.79,N,0
16.18233,78.72929,306.19,0.49,0.41,2024-02-19,2005,N20,VIIRS,n,2,290.31,0.93,N,0
16.18601,78.73,300.78,0.49,0.41,2024-02-19,2005,N20,VIIRS,n,2,289.51,0.65,N,0
16.18761,78.7325,299.7,0.49,0.41,2024-02-19,2005,N20,VIIRS,n,2,288.35,1.31,N,0
16.18972,78.73061,308.2,0.49,0.41,2024-02-19,2005,N20,VIIRS,n,2,290.63,0.65,N,0
16.19194,78.72853,314.14,0.49,0.41,2024-02-19,2005,N20,VIIRS,n,2,291.43,1.31,N,0
16.22126,78.65285,304.62,0.5,0.41,2024-02-19,2005,N20,VIIRS,n,2,291.84,1.53,N,0
16.23956,80.66628,308.3,0.41,0.37,2024-02-19,2005,N20,VIIRS,n,2,293.0,1.01,N,0
16.28826,78.7879,301.01,0.49,0.4,2024-02-19,2005,N20,VIIRS,n,2,290.6,1.17,N,0
16.55342,77.96672,327.18,0.55,0.43,2024-02-19,2005,N20,VIIRS,n,2,293.23,3.48,N,0
16.6144,79.58701,307.34,0.45,0.39,2024-02-19,2005,N20,VIIRS,n,2,290.24,0.86,N,0
16.64272,77.25867,317.07,0.4,0.45,2024-02-19,2005,N20,VIIRS,n,2,292.35,1.72,N,0
16.76297,80.6759,303.81,0.41,0.37,2024-02-19,2005,N20,VIIRS,n,2,292.23,0.38,N,0
17.07976,78.09653,300.31,0.55,0.43,2024-02-19,2005,N20,VIIRS,n,2,289.88,0.42,N,0
17.14218,77.18311,306.88,0.41,0.45,2024-02-19,2005,N20,VIIRS,n,2,294.92,1.19,N,2
17.14711,78.22224,303.2,0.54,0.42,2024-02-19,2005,N20,VIIRS,n,2,290.96,0.89,N,2
17.18025,78.09188,309.64,0.55,0.43,2024-02-19,2005,N20,VIIRS,n,2,291.23,0.96,N,0
17.20165,77.16605,309.38,0.42,0.45,2024-02-19,2005,N20,VIIRS,n,2,290.59,1.04,N,0
17.36928,77.87574,301.35,0.57,0.43,2024-02-19,2005,N20,VIIRS,n,2,290.09,0.47,N,0
15.67212,79.85918,334.42,0.44,0.62,2024-02-20,714,N20,VIIRS,n,2,301.26,1.78,D,0
15.80058,79.00823,332.39,0.49,0.65,2024-02-20,714,N20,VIIRS,n,2,298.94,3.8,D,0
15.9628,78.48773,341.87,0.53,0.67,2024-02-20,714,N20,VIIRS,n,2,304.78,3.73,D,0
16.00167,78.83052,336.64,0.5,0.66,2024-02-20,714,N20,VIIRS,n,2,302.1,5.05,D,0
16.01552,78.82394,347.93,0.5,0.66,2024-02-20,714,N20,VIIRS,n,2,299.65,3.72,D,0
16.08625,78.70654,367.0,0.51,0.66,2024-02-20,714,N20,VIIRS,h,2,300.68,10.74,D,0
16.09219,78.70499,367.0,0.51,0.66,2024-02-20,714,N20,VIIRS,h,2,299.11,10.74,D,0
16.1071,79.4278,338.99,0.46,0.63,2024-02-20,714,N20,VIIRS,n,2,304.96,3.12,D,0
16.12673,78.63135,330.63,0.52,0.67,2024-02-20,714,N20,VIIRS,n,2,299.1,9.9,D,0
16.12963,78.6451,334.03,0.51,0.66,2024-02-20,714,N20,VIIRS,n,2,299.21,6.55,D,0
16.13113,78.53249,330.18,0.52,0.67,2024-02-20,714,N20,VIIRS,n,2,297.79,3.21,D,0
16.13176,78.53046,331.97,0.52,0.67,2024-02-20,714,N20,VIIRS,n,2,298.32,5.05,D,0
16.16858,78.72932,332.68,0.51,0.66,2024-02-20,714,N20,VIIRS,n,2,299.73,2.5,D,0
16.17162,78.72579,333.28,0.51,0.66,2024-02-20,714,N20,VIIRS,n,2,299.48,4.27,D,0
16.17264,78.7307,332.34,0.51,0.66,2024-02-20,714,N20,VIIRS,n,2,299.33,5.53,D,0
16.17577,78.73368,330.12,0.51,0.66,2024-02-20,714,N20,VIIRS,n,2,299.27,6.03,D,0
16.17992,78.73569,337.49,0.51,0.66,2024-02-20,714,N20,VIIRS,n,2,299.43,10.13,D,0
16.18086,78.74022,338.13,0.51,0.66,2024-02-20,714,N20,VIIRS,n,2,298.57,6.57,D,0
16.18295,78.73802,354.07,0.51,0.66,2024-02-20,714,N20,VIIRS,n,2,300.81,6.03,D,0
16.18686,78.73908,345.98,0.51,0.66,2024-02-20,714,N20,VIIRS,n,2,300.42,6.57,D,0
16.21341,77.39538,332.03,0.62,0.71,2024-02-20,714,N20,VIIRS,l,2,304.52,2.73,D,0
16.21393,77.39725,334.91,0.62,0.71,2024-02-20,714,N20,VIIRS,n,2,304.03,2.3,D,0
16.23443,80.31271,331.44,0.4,0.6,2024-02-20,714,N20,VIIRS,l,2,302.54,1.37,D,0
16.23586,78.78152,331.22,0.5,0.66,2024-02-20,714,N20,VIIRS,l,2,301.37,5.86,D,0
16.28091,78.789,333.24,0.5,0.66,2024-02-20,714,N20,VIIRS,n,2,299.35,4.98,D,0
16.28188,78.79361,347.58,0.5,0.66,2024-02-20,714,N20,VIIRS,n,2,299.51,4.98,D,0
16.28242,78.78317,350.29,0.5,0.66,2024-02-20,714,N20,VIIRS,n,2,300.42,13.46,D,0
16.28336,78.78751,332.8,0.5,0.66,2024-02-20,714,N20,VIIRS,n,2,299.22,4.29,D,0
16.28415,78.7748,343.98,0.5,0.66,2024-02-20,714,N20,VIIRS,n,2,299.57,8.5,D,0
16.28435,78.79207,336.03,0.5,0.66,2024-02-20,714,N20,VIIRS,n,2,299.4,4.29,D,0
16.28502,78.77898,348.11,0.5,0.66,2024-02-20,714,N20,VIIRS,n,2,298.48,12.14,D,0
16.28589,78.78313,347.42,0.5,0.66,2024-02-20,714,N20,VIIRS,n,2,299.44,12.14,D,0
16.28659,78.77372,352.27,0.5,0.66,2024-02-20,714,N20,VIIRS,n,2,300.24,16.62,D,0
16.28749,78.7779,367.0,0.5,0.66,2024-02-20,714,N20,VIIRS,h,2,300.01,13.46,D,0
16.29013,78.77373,340.65,0.5,0.66,2024-02-20,714,N20,VIIRS,n,2,297.93,8.5,D,0
16.62004,79.77007,339.67,0.42,0.61,2024-02-20,714,N20,VIIRS,n,2,303.79,3.3,D,0
16.62201,79.77251,333.81,0.42,0.61,2024-02-20,714,N20,VIIRS,n,2,303.68,3.49,D,0
16.78888,78.44996,347.57,0.51,0.66,2024-02-20,714,N20,VIIRS,n,2,303.65,8.12,D,0
16.78977,78.44556,340.93,0.51,0.66,2024-02-20,714,N20,VIIRS,n,2,303.39,3.31,D,0
16.79079,78.45025,334.02,0.51,0.66,2024-02-20,714,N20,VIIRS,n,2,303.13,3.31,D,0
17.04905,80.79361,346.26,0.36,0.57,2024-02-20,714,N20,VIIRS,n,2,302.81,3.85,D,0
17.05011,80.79318,347.25,0.36,0.57,2024-02-20,714,N20,VIIRS,n,2,302.8,3.91,D,0
17.09502,80.50961,341.8,0.37,0.58,2024-02-20,714,N20,VIIRS,n,2,302.55,3.07,D,0
17.09621,80.51007,341.9,0.37,0.58,2024-02-20,714,N20,VIIRS,n,2,302.59,3.59,D,0
17.11109,79.01291,334.5,0.47,0.64,2024-02-20,714,N20,VIIRS,l,2,306.69,3.0,D,0
17.11169,79.0148,331.67,0.46,0.64,2024-02-20,714,N20,VIIRS,l,2,306.46,3.15,D,0
17.12335,80.46031,332.27,0.37,0.58,2024-02-20,714,N20,VIIRS,n,2,301.74,3.2,D,0
17.15109,80.4615,343.74,0.37,0.58,2024-02-20,714,N20,VIIRS,n,2,301.87,2.89,D,0
17.4133,81.04929,352.62,0.34,0.56,2024-02-20,714,N20,VIIRS,n,2,300.66,4.86,D,0
17.41469,81.04705,346.49,0.34,0.56,2024-02-20,714,N20,VIIRS,n,2,303.6,5.11,D,0
17.5271,81.48281,339.88,0.63,0.54,2024-02-20,714,N20,VIIRS,n,2,301.73,6.14,D,0
16.98689,77.25073,332.22,0.61,0.71,2024-02-20,715,N20,VIIRS,l,2,304.06,1.76,D,0
17.29661,77.42002,332.98,0.59,0.7,2024-02-20,715,N20,VIIRS,l,2,303.75,4.1,D,0
17.30122,77.42125,330.96,0.59,0.7,2024-02-20,715,N20,VIIRS,l,2,303.33,2.35,D,0
17.3233,79.44079,352.44,0.43,0.62,2024-02-20,715,N20,VIIRS,n,2,306.89,5.79,D,0
17.34321,78.05553,330.66,0.53,0.67,2024-02-20,715,N20,VIIRS,l,2,304.31,4.16,D,0
17.3883,79.24551,338.95,0.44,0.63,2024-02-20,715,N20,VIIRS,n,2,304.37,3.81,D,0
17.52403,77.43637,339.6,0.58,0.7,2024-02-20,715,N20,VIIRS,n,2,303.94,3.38,D,0
17.52811,77.43783,334.69,0.58,0.7,2024-02-20,715,N20,VIIRS,n,2,303.27,5.55,D,0
17.65466,77.72977,332.46,0.55,0.68,2024-02-20,715,N20,VIIRS,l,2,303.34,5.84,D,0
17.81299,77.72629,332.55,0.55,0.68,2024-02-20,715,N20,VIIRS,l,2,305.24,3.62,D,0
17.83303,78.37744,330.6,0.5,0.65,2024-02-20,715,N20,VIIRS,n,2,301.2,2.1,D,0
17.83647,78.37687,331.44,0.49,0.65,2024-02-20,715,N20,VIIRS,n,2,299.61,1.99,D,0
17.83905,78.04628,331.71,0.52,0.67,2024-02-20,715,N20,VIIRS,l,2,302.82,6.38,D,0
17.86024,80.09542,336.79,0.38,0.59,2024-02-20,715,N20,VIIRS,n,2,300.2,2.53,D,0
17.87478,77.68501,340.55,0.55,0.68,2024-02-20,715,N20,VIIRS,n,2,305.78,6.0,D,0
17.90465,79.02354,343.09,0.45,0.63,2024-02-20,715,N20,VIIRS,n,2,305.0,4.95,D,0
17.90553,79.02762,338.84,0.45,0.63,2024-02-20,715,N20,VIIRS,n,2,301.0,4.95,D,0
17.94423,80.69481,340.11,0.35,0.56,2024-02-20,715,N20,VIIRS,n,2,299.99,2.6,D,0
17.98215,78.99664,334.47,0.45,0.63,2024-02-20,715,N20,VIIRS,n,2,302.36,4.03,D,0
17.98388,78.99574,334.93,0.45,0.63,2024-02-20,715,N20,VIIRS,n,2,301.71,4.63,D,0
18.11189,80.20866,352.76,0.37,0.58,2024-02-20,715,N20,VIIRS,n,2,297.68,6.04,D,0
18.11597,80.20696,367.0,0.37,0.58,2024-02-20,715,N20,VIIRS,h,2,297.85,7.99,D,0
18.25631,77.31095,332.87,0.57,0.69,2024-02-20,715,N20,VIIRS,l,2,306.17,2.63,D,0
18.25906,77.31158,331.37,0.57,0.69,2024-02-20,715,N20,VIIRS,l,2,305.95,3.04,D,0
18.29607,80.74067,332.26,0.34,0.56,2024-02-20,715,N20,VIIRS,n,2,300.18,1.92,D,0
18.39929,78.09684,335.91,0.5,0.66,2024-02-20,715,N20,VIIRS,n,2,301.98,4.49,D,0
18.41708,80.37076,331.56,0.36,0.57,2024-02-20,715,N20,VIIRS,n,2,302.08,2.64,D,0
18.47145,77.30089,331.86,0.56,0.69,2024-02-20,715,N20,VIIRS,l,2,305.02,1.89,D,0
18.54004,78.18642,337.04,0.49,0.65,2024-02-20,715,N20,VIIRS,n,2,300.66,4.03,D,0
18.55865,78.18673,338.35,0.49,0.65,2024-02-20,715,N20,VIIRS,n,2,300.51,5.55,D,0
18.56131,78.18312,340.5,0.49,0.65,2024-02-20,715,N20,VIIRS,n,2,301.85,4.94,D,0
18.56874,80.44718,336.43,0.35,0.57,2024-02-20,715,N20,VIIRS,n,2,300.32,2.7,D,0
18.63799,78.66897,333.6,0.46,0.63,2024-02-20,715,N20,VIIRS,n,2,298.67,7.09,D,0
18.84653,80.76782,330.71,0.33,0.55,2024-02-20,715,N20,VIIRS,l,2,301.83,2.84,D,0
19.30479,78.62337,340.35,0.45,0.63,2024-02-20,715,N20,VIIRS,n,2,303.29,4.66,D,0
19.30566,78.62741,341.82,0.45,0.63,2024-02-20,715,N20,VIIRS,n,2,300.15,4.66,D,0
19.30675,78.62362,347.24,0.44,0.63,2024-02-20,715,N20,VIIRS,n,2,302.56,7.14,D,0
19.324,78.594,330.93,0.45,0.63,2024-02-20,715,N20,VIIRS,l,2,303.11,3.35,D,0
19.47279,77.97652,344.18,0.49,0.65,2024-02-20,715,N20,VIIRS,n,2,301.94,5.69,D,0
19.47519,78.48657,332.55,0.45,0.63,2024-02-20,715,N20,VIIRS,l,2,303.68,3.69,D,0
19.50836,77.8123,339.49,0.5,0.66,2024-02-20,715,N20,VIIRS,n,2,302.27,4.17,D,0
19.52788,78.69047,332.53,0.44,0.62,2024-02-20,715,N20,VIIRS,n,2,302.97,3.02,D,0
19.72275,79.67722,334.91,0.37,0.58,2024-02-20,715,N20,VIIRS,n,2,304.72,1.9,D,0
19.7773,78.45621,342.46,0.45,0.63,2024-02-20,715,N20,VIIRS,n,2,303.49,3.43,D,0
19.78823,78.47911,350.75,0.44,0.63,2024-02-20,715,N20,VIIRS,n,2,303.49,8.76,D,0
19.78909,78.48307,352.33,0.44,0.63,2024-02-20,715,N20,VIIRS,n,2,303.19,8.9,D,0
16.11195,78.52229,339.26,0.71,0.75,2024-02-20,855,N20,VIIRS,n,2,299.8,10.09,D,0
16.25325,77.05185,336.66,0.57,0.69,2024-02-20,855,N20,VIIRS,n,2,304.82,4.16,D,0
16.2538,77.05719,331.19,0.57,0.69,2024-02-20,855,N20,VIIRS,l,2,303.54,4.16,D,0
16.25596,77.05532,344.24,0.57,0.69,2024-02-20,855,N20,VIIRS,n,2,303.76,6.66,D,0
16.81643,77.48425,337.74,0.61,0.71,2024-02-20,855,N20,VIIRS,n,2,301.5,3.67,D,0
17.22827,77.89937,343.4,0.66,0.73,2024-02-20,855,N20,VIIRS,n,2,302.57,5.63,D,0
17.47491,77.85571,334.76,0.66,0.73,2024-02-20,855,N20,VIIRS,n,2,302.83,4.2,D,0
17.47717,77.85629,330.61,0.66,0.73,2024-02-20,855,N20,VIIRS,l,2,302.37,6.74,D,0
17.54276,77.18105,342.46,0.6,0.7,2024-02-20,855,N20,VIIRS,n,2,305.21,5.2,D,0
17.54287,77.18241,341.61,0.6,0.7,2024-02-20,855,N20,VIIRS,n,2,305.49,5.95,D,0
17.56695,77.50272,331.34,0.63,0.72,2024-02-20,855,N20,VIIRS,l,2,304.45,7.08,D,0
17.5714,77.50131,331.16,0.63,0.72,2024-02-20,855,N20,VIIRS,l,2,304.44,4.27,D,0
18.12332,77.2841,367.0,0.62,0.71,2024-02-20,855,N20,VIIRS,h,2,303.29,7.81,D,0
18.14223,77.42001,338.11,0.63,0.72,2024-02-20,855,N20,VIIRS,n,2,304.44,3.31,D,0
18.14653,77.41872,339.15,0.63,0.72,2024-02-20,855,N20,VIIRS,n,2,304.49,4.9,D,0
18.25812,77.31777,336.53,0.62,0.72,2024-02-20,855,N20,VIIRS,n,2,306.19,2.58,D,0
17.41618,81.10661,340.73,0.68,0.74,2024-02-21,656,N20,VIIRS,n,2,292.15,9.02,D,0
17.41832,81.10473,349.21,0.68,0.74,2024-02-21,656,N20,VIIRS,n,2,292.8,13.37,D,0
17.54933,81.11088,332.28,0.68,0.74,2024-02-21,656,N20,VIIRS,n,2,294.52,5.88,D,0
15.50011,78.66399,330.34,0.34,0.56,2024-02-21,836,N20,VIIRS,l,2,303.14,3.53,D,0
15.50199,78.66492,330.49,0.34,0.56,2024-02-21,836,N20,VIIRS,l,2,302.32,3.6,D,0
15.55912,78.66036,333.77,0.34,0.56,2024-02-21,836,N20,VIIRS,n,2,301.06,3.1,D,0
15.67107,77.54359,335.46,0.58,0.52,2024-02-21,836,N20,VIIRS,l,2,309.03,2.04,D,0
15.68483,79.98587,356.17,0.42,0.61,2024-02-21,836,N20,VIIRS,n,2,302.69,4.31,D,0
15.69948,78.6331,340.47,0.34,0.56,2024-02-21,836,N20,VIIRS,n,2,302.92,2.42,D,0
15.75395,78.68259,349.73,0.34,0.56,2024-02-21,836,N20,VIIRS,n,2,305.93,3.96,D,0
15.7543,78.68571,345.13,0.35,0.56,2024-02-21,836,N20,VIIRS,n,2,304.2,3.96,D,0
15.81447,78.74212,335.21,0.35,0.57,2024-02-21,836,N20,VIIRS,n,2,302.75,3.21,D,0
15.81583,78.76206,338.12,0.35,0.57,2024-02-21,836,N20,VIIRS,n,2,302.21,4.77,D,0
15.81618,78.76514,336.84,0.35,0.57,2024-02-21,836,N20,VIIRS,n,2,303.55,5.4,D,0
15.81656,78.76131,336.56,0.35,0.57,2024-02-21,836,N20,VIIRS,n,2,302.15,3.68,D,0
15.81689,78.76442,337.95,0.35,0.57,2024-02-21,836,N20,VIIRS,n,2,303.51,4.58,D,0
15.81855,78.73993,341.68,0.35,0.57,2024-02-21,836,N20,VIIRS,n,2,303.69,6.09,D,0
15.81927,78.97781,367.0,0.36,0.58,2024-02-21,836,N20,VIIRS,h,2,303.98,7.35,D,0
15.81944,78.7392,342.31,0.35,0.57,2024-02-21,836,N20,VIIRS,n,2,303.52,3.21,D,0
15.8313,78.75852,343.57,0.35,0.57,2024-02-21,836,N20,VIIRS,n,2,303.85,4.27,D,0
15.83203,78.75768,341.06,0.35,0.57,2024-02-21,836,N20,VIIRS,n,2,303.53,3.69,D,0
15.84183,78.29008,338.88,0.33,0.55,2024-02-21,836,N20,VIIRS,n,2,307.61,4.94,D,0
15.85686,78.79057,333.04,0.35,0.57,2024-02-21,836,N20,VIIRS,l,2,303.19,4.25,D,0
15.85718,78.79343,331.44,0.35,0.57,2024-02-21,836,N20,VIIRS,l,2,302.07,2.92,D,0
15.91438,78.73691,338.21,0.35,0.57,2024-02-21,836,N20,VIIRS,n,2,303.25,4.14,D,0
15.95598,78.67696,338.56,0.35,0.56,2024-02-21,836,N20,VIIRS,n,2,303.49,2.67,D,0
15.96192,78.68287,333.75,0.35,0.57,2024-02-21,836,N20,VIIRS,l,2,304.03,3.36,D,0
15.96264,78.68935,338.4,0.35,0.57,2024-02-21,836,N20,VIIRS,n,2,302.46,5.09,D,0
15.9642,78.75085,345.98,0.35,0.57,2024-02-21,836,N20,VIIRS,n,2,308.07,22.45,D,0
15.96455,78.754,367.0,0.35,0.57,2024-02-21,836,N20,VIIRS,h,2,307.04,22.45,D,0
15.96815,78.69144,367.0,0.35,0.57,2024-02-21,836,N20,VIIRS,h,2,304.43,5.66,D,0
15.96851,78.69466,350.55,0.35,0.57,2024-02-21,836,N20,VIIRS,n,2,303.17,5.66,D,0
15.96927,79.02706,337.75,0.37,0.58,2024-02-21,836,N20,VIIRS,n,2,302.96,3.76,D,0
15.97304,79.02631,334.81,0.37,0.58,2024-02-21,836,N20,VIIRS,n,2,302.29,4.03,D,0
15.98851,78.87382,344.91,0.36,0.57,2024-02-21,836,N20,VIIRS,n,2,304.53,3.22,D,0
15.98888,78.87712,341.9,0.36,0.57,2024-02-21,836,N20,VIIRS,n,2,304.04,3.22,D,0
15.98971,78.83663,367.0,0.36,0.57,2024-02-21,836,N20,VIIRS,h,2,305.07,11.58,D,0
15.99009,78.84003,367.0,0.36,0.57,2024-02-21,836,N20,VIIRS,h,2,302.78,8.31,D,0
16.00086,78.841,334.24,0.36,0.57,2024-02-21,836,N20,VIIRS,l,2,304.98,1.47,D,0
16.00123,78.84424,333.1,0.36,0.57,2024-02-21,836,N20,VIIRS,l,2,305.75,1.47,D,0
16.00264,78.85681,343.61,0.36,0.57,2024-02-21,836,N20,VIIRS,n,2,303.55,5.81,D,0
16.00298,78.85984,345.0,0.36,0.57,2024-02-21,836,N20,VIIRS,n,2,301.02,4.33,D,0
16.00756,78.8531,338.15,0.36,0.57,2024-02-21,836,N20,VIIRS,n,2,305.94,6.67,D,0
16.0079,78.85609,367.0,0.36,0.57,2024-02-21,836,N20,VIIRS,h,2,305.46,6.67,D,0
16.01879,78.85794,348.63,0.36,0.57,2024-02-21,836,N20,VIIRS,n,2,303.12,3.26,D,0
16.04451,78.94276,330.93,0.36,0.58,2024-02-21,836,N20,VIIRS,n,2,299.81,3.99,D,0
16.04488,78.94609,354.09,0.36,0.58,2024-02-21,836,N20,VIIRS,n,2,299.49,3.99,D,0
16.0453,78.9497,332.15,0.36,0.58,2024-02-21,836,N20,VIIRS,n,2,298.73,4.21,D,0
16.04896,78.94202,343.18,0.36,0.58,2024-02-21,836,N20,VIIRS,n,2,303.11,6.48,D,0
16.04903,78.60164,334.94,0.34,0.56,2024-02-21,836,N20,VIIRS,n,2,299.99,2.88,D,0
16.04932,78.94539,356.2,0.36,0.58,2024-02-21,836,N20,VIIRS,n,2,300.5,6.48,D,0
16.04971,78.94901,367.0,0.36,0.58,2024-02-21,836,N20,VIIRS,h,2,300.8,16.94,D,0
16.04984,78.94245,332.39,0.36,0.58,2024-02-21,836,N20,VIIRS,n,2,302.29,6.47,D,0
16.0501,78.95267,352.14,0.36,0.58,2024-02-21,836,N20,VIIRS,n,2,306.7,16.94,D,0
16.05046,78.9561,331.88,0.36,0.58,2024-02-21,836,N20,VIIRS,n,2,298.83,11.51,D,0
16.05065,78.94947,355.76,0.36,0.58,2024-02-21,836,N20,VIIRS,n,2,300.71,16.1,D,0
16.05106,78.9531,355.04,0.36,0.58,2024-02-21,836,N20,VIIRS,n,2,306.59,16.1,D,0
16.06262,78.72432,341.19,0.35,0.57,2024-02-21,836,N20,VIIRS,n,2,305.63,17.58,D,0
16.06295,78.7273,346.31,0.35,0.57,2024-02-21,836,N20,VIIRS,n,2,312.99,17.58,D,0
16.0633,78.73049,367.0,0.35,0.57,2024-02-21,836,N20,VIIRS,h,2,301.75,19.22,D,0
16.0665,78.9553,330.97,0.36,0.58,2024-02-21,836,N20,VIIRS,n,2,299.04,2.0,D,0
16.0675,78.95571,335.11,0.36,0.58,2024-02-21,836,N20,VIIRS,n,2,299.18,3.93,D,0
16.06789,78.72406,334.72,0.35,0.57,2024-02-21,836,N20,VIIRS,n,2,305.92,5.88,D,0
16.06824,78.72724,367.0,0.35,0.57,2024-02-21,836,N20,VIIRS,h,2,306.12,5.88,D,0
16.06861,78.73057,344.36,0.35,0.57,2024-02-21,836,N20,VIIRS,n,2,300.91,6.48,D,0
16.07451,80.15123,349.85,0.44,0.62,2024-02-21,836,N20,VIIRS,n,2,301.02,4.87,D,0
16.08336,78.72033,332.31,0.35,0.57,2024-02-21,836,N20,VIIRS,l,2,306.11,1.73,D,0
16.08936,78.72654,352.44,0.35,0.57,2024-02-21,836,N20,VIIRS,n,2,306.02,8.21,D,0
16.09166,77.8996,343.33,0.62,0.54,2024-02-21,836,N20,VIIRS,n,2,308.42,6.95,D,0
16.0949,78.72867,367.0,0.35,0.57,2024-02-21,836,N20,VIIRS,h,2,303.57,10.42,D,0
16.09661,77.89905,342.45,0.62,0.54,2024-02-21,836,N20,VIIRS,n,2,307.05,6.95,D,0
16.09825,78.71142,330.11,0.35,0.57,2024-02-21,836,N20,VIIRS,l,2,303.31,3.16,D,0
16.09862,78.71471,355.53,0.35,0.57,2024-02-21,836,N20,VIIRS,n,2,305.72,4.82,D,0
16.09899,78.71795,331.28,0.35,0.57,2024-02-21,836,N20,VIIRS,l,2,304.86,4.82,D,0
16.10237,78.51744,332.61,0.34,0.56,2024-02-21,836,N20,VIIRS,l,2,302.91,2.57,D,0
16.11512,78.53718,349.51,0.34,0.56,2024-02-21,836,N20,VIIRS,n,2,298.6,5.52,D,0
16.11674,78.53541,367.0,0.34,0.56,2024-02-21,836,N20,VIIRS,h,2,299.44,4.32,D,0
16.12298,78.54464,348.87,0.34,0.56,2024-02-21,836,N20,VIIRS,n,2,301.76,5.42,D,0
16.12405,78.65955,350.38,0.35,0.57,2024-02-21,836,N20,VIIRS,n,2,304.84,6.3,D,0
16.12477,78.65797,350.36,0.35,0.57,2024-02-21,836,N20,VIIRS,n,2,304.68,3.96,D,0
16.12505,78.66056,331.75,0.35,0.57,2024-02-21,836,N20,VIIRS,l,2,303.63,3.96,D,0
16.12661,78.54581,352.67,0.34,0.56,2024-02-21,836,N20,VIIRS,n,2,303.74,5.06,D,0
16.12693,78.5486,347.83,0.34,0.56,2024-02-21,836,N20,VIIRS,n,2,301.29,5.06,D,0
16.12844,78.54668,346.51,0.34,0.56,2024-02-21,836,N20,VIIRS,n,2,303.13,5.42,D,0
16.12875,78.54947,331.47,0.34,0.56,2024-02-21,836,N20,VIIRS,n,2,297.95,3.13,D,0
16.13013,78.66649,351.92,0.35,0.57,2024-02-21,836,N20,VIIRS,n,2,304.62,6.76,D,0
16.13077,78.66461,343.54,0.35,0.57,2024-02-21,836,N20,VIIRS,n,2,304.82,8.19,D,0
16.1311,78.66768,347.37,0.35,0.57,2024-02-21,836,N20,VIIRS,n,2,302.19,5.71,D,0
16.13523,78.66502,338.46,0.35,0.57,2024-02-21,836,N20,VIIRS,n,2,305.0,4.82,D,0
16.1356,78.66819,341.87,0.35,0.57,2024-02-21,836,N20,VIIRS,n,2,305.07,3.52,D,0
16.13597,78.6714,355.42,0.35,0.57,2024-02-21,836,N20,VIIRS,n,2,302.47,3.52,D,0
16.13628,79.00182,330.94,0.37,0.58,2024-02-21,836,N20,VIIRS,n,2,303.25,4.61,D,0
16.13658,78.66946,367.0,0.35,0.57,2024-02-21,836,N20,VIIRS,h,2,305.75,6.81,D,0
16.13667,79.00534,367.0,0.37,0.58,2024-02-21,836,N20,VIIRS,h,2,303.69,4.61,D,0
16.1408,78.6675,338.21,0.35,0.57,2024-02-21,836,N20,VIIRS,n,2,303.02,3.52,D,0
16.14116,78.67055,333.33,0.35,0.57,2024-02-21,836,N20,VIIRS,n,2,302.79,3.52,D,0
16.14154,78.67383,331.39,0.35,0.57,2024-02-21,836,N20,VIIRS,n,2,301.77,2.74,D,0
16.14179,78.66882,332.96,0.35,0.57,2024-02-21,836,N20,VIIRS,n,2,301.72,6.81,D,0
16.14212,78.67191,335.98,0.35,0.57,2024-02-21,836,N20,VIIRS,n,2,302.51,6.48,D,0
16.14904,78.59088,341.79,0.34,0.56,2024-02-21,836,N20,VIIRS,n,2,298.42,3.36,D,0
16.15321,78.53384,334.61,0.34,0.56,2024-02-21,836,N20,VIIRS,n,2,300.57,1.76,D,0
16.1671,78.75501,335.07,0.35,0.57,2024-02-21,836,N20,VIIRS,n,2,304.4,7.43,D,0
16.16746,78.75832,367.0,0.35,0.57,2024-02-21,836,N20,VIIRS,h,2,306.72,7.4,D,0
16.16938,78.53795,334.56,0.34,0.56,2024-02-21,836,N20,VIIRS,n,2,303.09,2.23,D,0
16.1727,78.75762,337.02,0.35,0.57,2024-02-21,836,N20,VIIRS,n,2,304.86,7.4,D,0
16.1745,79.05279,336.7,0.37,0.58,2024-02-21,836,N20,VIIRS,n,2,304.37,3.31,D,0
16.17729,79.04749,339.99,0.37,0.58,2024-02-21,836,N20,VIIRS,n,2,304.28,5.6,D,0
16.17761,78.61124,339.93,0.35,0.56,2024-02-21,836,N20,VIIRS,n,2,299.64,3.32,D,0
16.17766,79.05096,367.0,0.37,0.58,2024-02-21,836,N20,VIIRS,h,2,303.56,5.6,D,0
16.17869,78.76375,345.79,0.35,0.57,2024-02-21,836,N20,VIIRS,n,2,304.2,9.98,D,0
16.17907,78.76717,345.8,0.35,0.57,2024-02-21,836,N20,VIIRS,n,2,301.76,9.98,D,0
16.17945,79.04863,367.0,0.37,0.58,2024-02-21,836,N20,VIIRS,h,2,304.6,4.12,D,0
16.17984,79.05208,336.67,0.37,0.58,2024-02-21,836,N20,VIIRS,n,2,301.14,4.12,D,0
16.18435,78.76678,352.33,0.35,0.57,2024-02-21,836,N20,VIIRS,n,2,307.93,9.98,D,0
16.18475,78.7704,367.0,0.35,0.57,2024-02-21,836,N20,VIIRS,h,2,304.15,24.98,D,0
16.18762,78.74835,330.59,0.35,0.57,2024-02-21,836,N20,VIIRS,l,2,304.14,3.12,D,0
16.19247,78.74425,332.28,0.35,0.57,2024-02-21,836,N20,VIIRS,l,2,302.35,2.44,D,0
16.19711,78.55128,334.53,0.34,0.56,2024-02-21,836,N20,VIIRS,l,2,305.64,2.93,D,0
16.20212,78.73556,348.57,0.35,0.57,2024-02-21,836,N20,VIIRS,n,2,303.43,3.63,D,0
16.2025,78.73893,330.21,0.35,0.57,2024-02-21,836,N20,VIIRS,n,2,301.04,1.64,D,0
16.20769,78.73787,367.0,0.35,0.57,2024-02-21,836,N20,VIIRS,h,2,308.52,7.11,D,0
16.20807,78.7412,367.0,0.35,0.57,2024-02-21,836,N20,VIIRS,h,2,304.73,7.11,D,0
16.20844,78.74451,332.32,0.35,0.57,2024-02-21,836,N20,VIIRS,n,2,300.17,6.96,D,0
16.21289,78.73683,330.38,0.35,0.57,2024-02-21,836,N20,VIIRS,n,2,304.67,7.11,D,0
16.21326,78.74016,367.0,0.35,0.57,2024-02-21,836,N20,VIIRS,h,2,305.39,7.11,D,0
16.21363,78.74343,367.0,0.35,0.57,2024-02-21,836,N20,VIIRS,h,2,305.41,6.96,D,0
16.21401,78.7468,367.0,0.35,0.57,2024-02-21,836,N20,VIIRS,h,2,303.11,6.96,D,0
16.21656,78.72244,330.63,0.35,0.57,2024-02-21,836,N20,VIIRS,l,2,303.72,2.36,D,0
16.21886,78.74269,335.09,0.35,0.57,2024-02-21,836,N20,VIIRS,n,2,304.9,23.5,D,0
16.21924,78.74605,312.83,0.35,0.57,2024-02-21,836,N20,VIIRS,l,2,315.19,23.5,D,0
16.21969,78.74998,367.0,0.35,0.57,2024-02-21,836,N20,VIIRS,h,2,304.06,55.76,D,0
16.22178,78.72166,333.93,0.35,0.57,2024-02-21,836,N20,VIIRS,n,2,303.11,2.36,D,0
16.22206,78.96229,336.36,0.37,0.58,2024-02-21,836,N20,VIIRS,l,2,306.49,6.52,D,0
16.22455,78.74603,346.96,0.35,0.57,2024-02-21,836,N20,VIIRS,n,2,301.28,23.5,D,0
16.22493,78.7963,330.34,0.36,0.57,2024-02-21,836,N20,VIIRS,l,2,301.68,4.77,D,0
16.2274,78.72439,341.37,0.35,0.57,2024-02-21,836,N20,VIIRS,n,2,302.53,5.4,D,0
16.23302,78.72714,338.0,0.35,0.57,2024-02-21,836,N20,VIIRS,n,2,305.2,10.9,D,0
16.23383,78.73422,351.31,0.35,0.57,2024-02-21,836,N20,VIIRS,n,2,308.78,12.07,D,0
16.23425,78.73782,347.62,0.35,0.57,2024-02-21,836,N20,VIIRS,n,2,298.92,12.07,D,0
16.23541,78.79475,356.34,0.36,0.57,2024-02-21,836,N20,VIIRS,n,2,300.51,7.32,D,0
16.23672,78.66708,330.31,0.35,0.57,2024-02-21,836,N20,VIIRS,n,2,299.94,4.8,D,0
16.23757,78.66631,330.75,0.35,0.57,2024-02-21,836,N20,VIIRS,l,2,300.8,7.8,D,0
16.23826,78.72654,332.24,0.35,0.57,2024-02-21,836,N20,VIIRS,n,2,302.21,5.24,D,0
16.23866,78.73001,354.28,0.35,0.57,2024-02-21,836,N20,VIIRS,n,2,304.47,5.24,D,0
16.23905,78.72931,349.94,0.35,0.57,2024-02-21,836,N20,VIIRS,n,2,303.35,10.48,D,0
16.23907,78.73358,354.75,0.35,0.57,2024-02-21,836,N20,VIIRS,n,2,306.23,11.37,D,0
16.23943,78.73286,354.91,0.35,0.57,2024-02-21,836,N20,VIIRS,n,2,304.85,11.12,D,0
16.23948,78.73711,353.68,0.35,0.57,2024-02-21,836,N20,VIIRS,n,2,298.06,11.37,D,0
16.23981,78.73639,367.0,0.35,0.57,2024-02-21,836,N20,VIIRS,h,2,299.19,11.12,D,0
16.24065,78.79391,347.41,0.36,0.57,2024-02-21,836,N20,VIIRS,n,2,300.92,7.32,D,0
16.24198,78.66683,339.81,0.35,0.57,2024-02-21,836,N20,VIIRS,n,2,301.5,3.85,D,0
16.24231,78.66968,343.68,0.35,0.57,2024-02-21,836,N20,VIIRS,n,2,299.0,3.85,D,0
16.24314,78.669,333.19,0.35,0.57,2024-02-21,836,N20,VIIRS,n,2,298.93,4.35,D,0
16.3615,80.25624,336.24,0.45,0.63,2024-02-21,836,N20,VIIRS,n,2,302.69,2.73,D,0
16.45185,77.48569,353.04,0.59,0.53,2024-02-21,836,N20,VIIRS,n,2,311.99,9.54,D,0
16.50113,77.96593,335.55,0.63,0.54,2024-02-21,836,N20,VIIRS,n,2,305.24,4.15,D,0
16.53398,78.35661,339.96,0.34,0.56,2024-02-21,836,N20,VIIRS,n,2,305.74,2.68,D,0
16.55734,78.90958,335.18,0.37,0.58,2024-02-21,836,N20,VIIRS,l,2,308.0,3.49,D,0
16.61481,78.75855,335.59,0.36,0.57,2024-02-21,836,N20,VIIRS,l,2,306.76,1.91,D,0
16.64442,77.38531,337.92,0.58,0.52,2024-02-21,836,N20,VIIRS,l,2,311.09,4.71,D,0
16.65654,78.08119,343.13,0.32,0.55,2024-02-21,836,N20,VIIRS,n,2,304.02,1.37,D,0
16.82724,79.12792,338.53,0.38,0.59,2024-02-21,836,N20,VIIRS,n,2,306.68,6.48,D,0
16.82903,79.12661,354.69,0.38,0.59,2024-02-21,836,N20,VIIRS,n,2,309.49,13.69,D,0
16.82941,79.13023,335.83,0.38,0.59,2024-02-21,836,N20,VIIRS,l,2,306.65,10.25,D,0
16.83266,79.1273,367.0,0.38,0.59,2024-02-21,836,N20,VIIRS,h,2,306.4,6.48,D,0
16.87106,77.95564,335.06,0.32,0.54,2024-02-21,836,N20,VIIRS,l,2,305.92,2.99,D,0
16.87973,78.74974,343.96,0.36,0.57,2024-02-21,836,N20,VIIRS,n,2,302.2,2.78,D,0
16.94526,77.25335,345.24,0.57,0.52,2024-02-21,836,N20,VIIRS,n,2,313.48,12.16,D,0
16.94581,77.25682,342.44,0.57,0.52,2024-02-21,836,N20,VIIRS,n,2,309.93,6.71,D,0
17.07077,80.56665,337.87,0.48,0.65,2024-02-21,836,N20,VIIRS,n,2,299.42,5.33,D,0
17.08889,80.00426,333.58,0.44,0.62,2024-02-21,836,N20,VIIRS,n,2,301.66,2.21,D,0
17.19584,78.13467,335.04,0.33,0.55,2024-02-21,836,N20,VIIRS,l,2,307.42,2.79,D,0
17.23451,79.16288,340.14,0.39,0.59,2024-02-21,836,N20,VIIRS,n,2,300.29,3.81,D,0
17.28454,78.20664,343.84,0.34,0.56,2024-02-21,836,N20,VIIRS,n,2,304.09,1.49,D,0
17.2868,77.48545,337.32,0.6,0.53,2024-02-21,836,N20,VIIRS,l,2,308.53,3.92,D,0
17.28935,77.48766,340.02,0.6,0.53,2024-02-21,836,N20,VIIRS,n,2,309.07,2.62,D,0
17.32026,78.24756,336.79,0.34,0.56,2024-02-21,836,N20,VIIRS,n,2,306.33,2.55,D,0
17.32062,78.25079,334.8,0.34,0.56,2024-02-21,836,N20,VIIRS,n,2,303.96,2.55,D,0
17.36602,77.52744,342.97,0.61,0.53,2024-02-21,836,N20,VIIRS,n,2,310.01,7.63,D,0
17.38704,77.6232,344.07,0.62,0.54,2024-02-21,836,N20,VIIRS,n,2,310.71,4.81,D,0
17.43718,78.29465,335.91,0.34,0.56,2024-02-21,836,N20,VIIRS,n,2,299.99,2.56,D,0
17.47038,80.8848,335.14,0.51,0.66,2024-02-21,836,N20,VIIRS,n,2,298.8,4.41,D,0
17.47072,78.10093,344.18,0.33,0.55,2024-02-21,836,N20,VIIRS,n,2,304.12,3.04,D,0
17.47582,78.10025,349.08,0.33,0.55,2024-02-21,836,N20,VIIRS,n,2,305.34,3.04,D,0
17.4774,79.2374,356.33,0.39,0.6,2024-02-21,836,N20,VIIRS,n,2,301.78,6.33,D,0
17.47759,79.23646,349.14,0.4,0.6,2024-02-21,836,N20,VIIRS,n,2,301.07,5.91,D,0
17.47797,79.24022,336.55,0.4,0.6,2024-02-21,836,N20,VIIRS,n,2,299.11,4.93,D,0
17.50135,77.73139,345.35,0.63,0.54,2024-02-21,836,N20,VIIRS,n,2,309.47,12.09,D,0
17.50633,77.73075,349.59,0.63,0.54,2024-02-21,836,N20,VIIRS,n,2,310.02,12.09,D,0
17.50662,77.72839,340.6,0.63,0.54,2024-02-21,836,N20,VIIRS,n,2,309.37,7.75,D,0
17.50725,77.73433,338.74,0.63,0.54,2024-02-21,836,N20,VIIRS,n,2,309.1,4.17,D,0
17.50969,77.76018,347.96,0.63,0.54,2024-02-21,836,N20,VIIRS,n,2,307.68,15.95,D,0
17.50977,77.75786,338.06,0.63,0.54,2024-02-21,836,N20,VIIRS,n,2,309.37,11.54,D,0
17.51041,77.76383,341.63,0.63,0.54,2024-02-21,836,N20,VIIRS,n,2,306.51,11.54,D,0
17.56475,77.18589,340.95,0.58,0.52,2024-02-21,836,N20,VIIRS,l,2,315.6,9.77,D,0
17.5655,77.19511,349.44,0.58,0.52,2024-02-21,836,N20,VIIRS,n,2,314.84,13.16,D,0
17.56606,77.19695,350.1,0.58,0.52,2024-02-21,836,N20,VIIRS,n,2,314.92,10.74,D,0
17.56611,77.20068,340.58,0.58,0.52,2024-02-21,836,N20,VIIRS,l,2,311.86,3.4,D,0
17.60175,78.23322,339.67,0.34,0.56,2024-02-21,836,N20,VIIRS,n,2,309.12,4.12,D,0
17.6324,79.49361,333.78,0.41,0.61,2024-02-21,836,N20,VIIRS,n,2,300.03,1.3,D,0
17.6538,79.26503,343.02,0.4,0.6,2024-02-21,836,N20,VIIRS,n,2,301.0,3.96,D,0
17.66156,77.97721,334.06,0.33,0.55,2024-02-21,836,N20,VIIRS,l,2,307.71,2.43,D,0
17.67174,77.94032,335.23,0.33,0.55,2024-02-21,836,N20,VIIRS,l,2,307.13,1.34,D,0
17.68277,78.54356,346.54,0.36,0.57,2024-02-21,836,N20,VIIRS,n,2,303.99,5.88,D,0
17.68313,78.54691,334.44,0.36,0.57,2024-02-21,836,N20,VIIRS,n,2,299.84,3.75,D,0
17.69913,77.9561,338.93,0.33,0.55,2024-02-21,836,N20,VIIRS,l,2,311.06,2.23,D,0
17.71415,78.33708,330.09,0.35,0.56,2024-02-21,836,N20,VIIRS,l,2,303.37,2.07,D,0
17.71449,78.34028,332.46,0.35,0.56,2024-02-21,836,N20,VIIRS,l,2,303.48,3.17,D,0
17.80146,80.00921,335.2,0.45,0.63,2024-02-21,836,N20,VIIRS,n,2,300.03,3.84,D,0
17.80766,80.01251,335.24,0.45,0.63,2024-02-21,836,N20,VIIRS,n,2,299.74,7.11,D,0
17.8094,80.46011,340.47,0.48,0.65,2024-02-21,836,N20,VIIRS,n,2,300.33,3.54,D,0
17.8124,80.45936,335.91,0.48,0.65,2024-02-21,836,N20,VIIRS,n,2,300.26,4.06,D,0
17.81306,80.00784,343.84,0.45,0.63,2024-02-21,836,N20,VIIRS,n,2,301.75,11.28,D,0
17.81346,80.0118,367.0,0.45,0.63,2024-02-21,836,N20,VIIRS,h,2,300.3,7.11,D,0
17.81888,80.00726,367.0,0.45,0.63,2024-02-21,836,N20,VIIRS,h,2,302.34,13.69,D,0
17.81928,80.01131,340.96,0.45,0.63,2024-02-21,836,N20,VIIRS,n,2,299.08,9.96,D,0
17.84068,77.94701,351.79,0.33,0.55,2024-02-21,836,N20,VIIRS,n,2,312.3,3.92,D,0
17.84179,78.33875,332.77,0.35,0.57,2024-02-21,836,N20,VIIRS,l,2,303.44,2.76,D,0
17.8534,80.11619,330.45,0.46,0.63,2024-02-21,836,N20,VIIRS,l,2,303.22,3.91,D,0
17.86928,77.088,344.14,0.58,0.52,2024-02-21,836,N20,VIIRS,n,2,313.7,6.7,D,0
17.86931,77.08662,344.39,0.58,0.52,2024-02-21,836,N20,VIIRS,n,2,313.48,5.66,D,0
17.91518,77.65879,353.48,0.63,0.54,2024-02-21,836,N20,VIIRS,n,2,315.08,27.42,D,0
17.91866,80.12347,348.8,0.46,0.63,2024-02-21,836,N20,VIIRS,n,2,299.99,9.24,D,0
17.91949,77.65223,353.86,0.63,0.54,2024-02-21,836,N20,VIIRS,n,2,311.45,19.76,D,0
17.92017,77.65822,350.68,0.63,0.54,2024-02-21,836,N20,VIIRS,n,2,316.03,19.76,D,0
17.94791,78.43438,333.47,0.35,0.57,2024-02-21,836,N20,VIIRS,l,2,304.76,4.73,D,0
17.95014,80.14233,346.2,0.46,0.64,2024-02-21,836,N20,VIIRS,n,2,301.82,5.34,D,0
18.07701,77.88738,333.66,0.33,0.55,2024-02-21,836,N20,VIIRS,n,2,303.64,1.71,D,0
18.14517,78.33684,335.18,0.35,0.57,2024-02-21,836,N20,VIIRS,n,2,303.96,1.14,D,0
18.19061,78.95296,337.39,0.39,0.59,2024-02-21,836,N20,VIIRS,n,2,306.43,4.44,D,0
18.19215,78.95287,340.64,0.39,0.59,2024-02-21,836,N20,VIIRS,n,2,306.15,4.47,D,0
18.19884,78.19797,339.71,0.34,0.56,2024-02-21,836,N20,VIIRS,n,2,304.74,1.95,D,0
18.21944,77.98341,346.75,0.33,0.56,2024-02-21,836,N20,VIIRS,n,2,306.34,5.51,D,0
18.22229,78.10861,341.89,0.34,0.56,2024-02-21,836,N20,VIIRS,n,2,306.15,3.14,D,0
18.23617,77.85159,333.08,0.33,0.55,2024-02-21,836,N20,VIIRS,l,2,306.62,2.54,D,0
18.24951,78.11887,335.49,0.34,0.56,2024-02-21,836,N20,VIIRS,n,2,306.68,1.99,D,0
18.2522,78.24297,344.99,0.35,0.57,2024-02-21,836,N20,VIIRS,n,2,312.14,5.46,D,0
18.25977,78.06862,335.17,0.34,0.56,2024-02-21,836,N20,VIIRS,l,2,307.03,3.52,D,0
18.26011,78.07173,335.14,0.34,0.56,2024-02-21,836,N20,VIIRS,l,2,305.54,3.52,D,0
18.27035,78.02231,333.39,0.34,0.56,2024-02-21,836,N20,VIIRS,n,2,304.06,1.97,D,0
18.27139,78.03183,342.58,0.34,0.56,2024-02-21,836,N20,VIIRS,n,2,304.72,3.12,D,0
18.32609,78.28461,339.05,0.35,0.57,2024-02-21,836,N20,VIIRS,l,2,312.67,2.98,D,0
18.35734,77.74981,338.85,0.32,0.55,2024-02-21,836,N20,VIIRS,n,2,306.73,4.02,D,0
18.36403,80.54969,339.74,0.49,0.65,2024-02-21,836,N20,VIIRS,n,2,302.41,4.91,D,0
18.38064,78.20079,337.12,0.35,0.56,2024-02-21,836,N20,VIIRS,l,2,312.0,2.91,D,0
18.40185,77.28439,342.72,0.6,0.53,2024-02-21,836,N20,VIIRS,n,2,311.83,4.72,D,0
18.406,78.28938,347.5,0.35,0.57,2024-02-21,836,N20,VIIRS,n,2,309.48,3.26,D,0
18.43672,78.27959,335.63,0.35,0.57,2024-02-21,836,N20,VIIRS,n,2,304.28,2.49,D,0
18.43697,78.27789,343.63,0.35,0.57,2024-02-21,836,N20,VIIRS,n,2,304.5,2.87,D,0
18.43731,78.28122,333.71,0.35,0.57,2024-02-21,836,N20,VIIRS,l,2,304.79,2.87,D,0
18.4416,78.27581,336.65,0.35,0.57,2024-02-21,836,N20,VIIRS,n,2,304.49,4.78,D,0
18.44197,78.27911,332.13,0.35,0.57,2024-02-21,836,N20,VIIRS,l,2,304.44,2.49,D,0
18.44222,78.27741,343.89,0.35,0.57,2024-02-21,836,N20,VIIRS,n,2,304.82,2.87,D,0
18.44233,78.28242,331.72,0.35,0.57,2024-02-21,836,N20,VIIRS,l,2,303.09,2.49,D,0
18.45004,78.45843,330.03,0.36,0.57,2024-02-21,836,N20,VIIRS,l,2,303.29,2.36,D,0
18.45072,78.45642,331.42,0.36,0.57,2024-02-21,836,N20,VIIRS,l,2,302.99,1.38,D,0
18.45109,78.45987,330.54,0.36,0.57,2024-02-21,836,N20,VIIRS,l,2,303.57,1.38,D,0
18.46313,78.42928,334.26,0.36,0.57,2024-02-21,836,N20,VIIRS,n,2,303.72,2.54,D,0
18.47187,78.65197,332.44,0.37,0.58,2024-02-21,836,N20,VIIRS,n,2,304.19,1.88,D,0
18.48041,78.38963,331.78,0.36,0.57,2024-02-21,836,N20,VIIRS,n,2,303.3,1.65,D,0
18.48785,78.06223,334.31,0.34,0.56,2024-02-21,836,N20,VIIRS,l,2,308.89,2.34,D,0
18.49205,78.39888,331.14,0.36,0.57,2024-02-21,836,N20,VIIRS,l,2,304.62,2.9,D,0
18.5043,78.02177,340.36,0.34,0.56,2024-02-21,836,N20,VIIRS,n,2,307.98,3.26,D,0
18.51504,78.02457,337.15,0.34,0.56,2024-02-21,836,N20,VIIRS,l,2,308.94,3.2,D,0
18.54398,80.47671,330.6,0.49,0.65,2024-02-21,836,N20,VIIRS,n,2,300.05,1.41,D,0
18.55793,78.66649,330.2,0.37,0.58,2024-02-21,836,N20,VIIRS,l,2,304.78,3.84,D,0
18.55832,78.67014,332.26,0.37,0.58,2024-02-21,836,N20,VIIRS,n,2,301.74,2.69,D,0
18.66004,80.60529,334.74,0.5,0.66,2024-02-21,836,N20,VIIRS,n,2,299.15,2.67,D,0
18.71935,80.4432,353.55,0.49,0.65,2024-02-21,836,N20,VIIRS,n,2,300.93,7.4,D,0
18.51745,78.02525,340.73,0.34,0.56,2024-02-21,837,N20,VIIRS,n,2,306.84,3.03,D,0
18.57966,78.07027,331.1,0.34,0.56,2024-02-21,837,N20,VIIRS,l,2,304.29,1.78,D,0
18.58154,78.60057,330.58,0.37,0.58,2024-02-21,837,N20,VIIRS,n,2,303.24,1.71,D,0
18.58876,78.40783,343.18,0.36,0.57,2024-02-21,837,N20,VIIRS,n,2,305.18,3.2,D,0
18.59469,78.57018,331.27,0.37,0.58,2024-02-21,837,N20,VIIRS,l,2,302.45,1.86,D,0
18.59505,78.57365,332.47,0.37,0.58,2024-02-21,837,N20,VIIRS,n,2,300.86,1.86,D,0
18.62073,78.56059,339.65,0.37,0.58,2024-02-21,837,N20,VIIRS,n,2,303.0,3.82,D,0
18.65454,78.62494,338.75,0.37,0.58,2024-02-21,837,N20,VIIRS,n,2,304.08,2.76,D,0
18.67532,79.55568,332.31,0.43,0.62,2024-02-21,837,N20,VIIRS,l,2,303.2,3.07,D,0
18.81056,77.72274,340.88,0.33,0.55,2024-02-21,837,N20,VIIRS,l,2,312.54,3.9,D,0
18.85232,79.37088,336.54,0.42,0.61,2024-02-21,837,N20,VIIRS,n,2,302.6,2.51,D,0
18.85452,79.36968,335.12,0.42,0.61,2024-02-21,837,N20,VIIRS,n,2,304.5,2.4,D,0
18.86915,77.37425,341.41,0.62,0.54,2024-02-21,837,N20,VIIRS,n,2,309.72,4.94,D,0
18.87037,77.37267,342.76,0.62,0.54,2024-02-21,837,N20,VIIRS,n,2,309.96,5.9,D,0
18.89757,78.25795,339.35,0.35,0.57,2024-02-21,837,N20,VIIRS,n,2,301.75,3.04,D,0
18.98661,78.96922,367.0,0.4,0.6,2024-02-21,837,N20,VIIRS,h,2,308.44,12.44,D,0
19.00693,78.08278,338.81,0.35,0.56,2024-02-21,837,N20,VIIRS,n,2,306.4,4.64,D,0
19.02125,78.53168,343.35,0.37,0.58,2024-02-21,837,N20,VIIRS,n,2,303.78,1.68,D,0
19.07005,78.58391,346.92,0.37,0.58,2024-02-21,837,N20,VIIRS,n,2,306.04,4.05,D,0
19.18058,77.52264,337.14,0.32,0.55,2024-02-21,837,N20,VIIRS,n,2,306.44,1.92,D,0
19.26116,78.75185,339.35,0.39,0.59,2024-02-21,837,N20,VIIRS,n,2,305.94,3.07,D,0
19.26625,78.7476,333.08,0.39,0.59,2024-02-21,837,N20,VIIRS,l,2,304.46,4.33,D,0
19.26661,78.75121,331.99,0.39,0.59,2024-02-21,837,N20,VIIRS,l,2,303.92,3.07,D,0
19.27861,78.59859,330.07,0.38,0.59,2024-02-21,837,N20,VIIRS,l,2,304.66,1.64,D,0
19.31242,78.64165,333.16,0.38,0.59,2024-02-21,837,N20,VIIRS,l,2,305.42,1.32,D,0
19.31561,78.58678,337.23,0.38,0.58,2024-02-21,837,N20,VIIRS,n,2,305.74,2.06,D,0
19.31594,78.64229,330.45,0.38,0.59,2024-02-21,837,N20,VIIRS,l,2,304.99,1.96,D,0
19.31787,78.58533,332.86,0.38,0.59,2024-02-21,837,N20,VIIRS,l,2,305.8,1.46,D,0
19.54582,78.30603,343.24,0.36,0.58,2024-02-21,837,N20,VIIRS,n,2,309.96,3.69,D,0
19.71663,78.43105,336.66,0.37,0.58,2024-02-21,837,N20,VIIRS,l,2,308.95,3.0,D,0
19.78545,78.46737,339.82,0.38,0.58,2024-02-21,837,N20,VIIRS,n,2,307.07,2.97,D,0
19.83761,80.88778,367.0,0.54,0.68,2024-02-21,837,N20,VIIRS,h,2,297.18,21.27,D,0
19.83962,80.88655,367.0,0.54,0.68,2024-02-21,837,N20,VIIRS,h,2,298.67,15.77,D,0
19.94141,79.32941,331.84,0.43,0.62,2024-02-21,837,N20,VIIRS,n,2,301.16,3.0,D,0
19.96741,78.49108,336.99,0.38,0.59,2024-02-21,837,N20,VIIRS,n,2,308.5,2.48,D,0
19.97908,79.12437,336.18,0.42,0.61,2024-02-21,837,N20,VIIRS,n,2,307.38,2.55,D,0
18.70798,78.84871,305.13,0.71,0.75,2024-02-21,1926,N20,VIIRS,n,2,290.75,1.57,N,0
18.86726,79.02741,301.54,0.69,0.75,2024-02-21,1926,N20,VIIRS,n,2,285.99,0.83,N,0
18.98046,79.41265,302.13,0.66,0.73,2024-02-21,1926,N20,VIIRS,n,2,284.52,1.17,N,0
19.96394,79.33451,310.28,0.68,0.74,2024-02-21,1926,N20,VIIRS,n,2,289.12,2.83,N,2
19.96497,79.33393,309.91,0.68,0.74,2024-02-21,1926,N20,VIIRS,n,2,289.32,2.01,N,2
15.96215,78.72301,316.81,0.68,0.74,2024-02-21,1927,N20,VIIRS,n,2,292.61,3.13,N,0
15.96275,78.71661,316.29,0.68,0.74,2024-02-21,1927,N20,VIIRS,n,2,292.6,4.11,N,0
15.9644,80.93612,308.87,0.48,0.65,2024-02-21,1927,N20,VIIRS,n,2,291.81,0.87,N,0
15.9807,78.67283,306.84,0.68,0.74,2024-02-21,1927,N20,VIIRS,n,2,293.16,3.21,N,0
16.06352,78.97331,310.66,0.65,0.73,2024-02-21,1927,N20,VIIRS,n,2,292.1,1.63,N,0
16.0704,78.9724,305.11,0.65,0.73,2024-02-21,1927,N20,VIIRS,n,2,292.78,1.63,N,0
16.07106,78.96552,305.25,0.65,0.73,2024-02-21,1927,N20,VIIRS,n,2,292.78,3.71,N,0
16.18705,78.78065,303.15,0.67,0.74,2024-02-21,1927,N20,VIIRS,n,2,292.39,1.19,N,0
16.20385,78.74905,307.06,0.68,0.74,2024-02-21,1927,N20,VIIRS,n,2,292.0,2.57,N,0
17.14745,78.22192,301.25,0.75,0.77,2024-02-21,1927,N20,VIIRS,n,2,288.16,1.1,N,2
17.15168,78.22101,300.8,0.75,0.77,2024-02-21,1927,N20,VIIRS,n,2,287.81,0.91,N,0
16.17869,78.7787,302.75,0.55,0.68,2024-02-21,2107,N20,VIIRS,n,2,291.69,0.8,N,0
16.20421,78.75072,318.69,0.55,0.68,2024-02-21,2107,N20,VIIRS,n,2,293.51,3.6,N,0
16.20537,78.74542,313.87,0.55,0.68,2024-02-21,2107,N20,VIIRS,n,2,291.8,3.44,N,0
17.12423,77.93694,297.84,0.46,0.64,2024-02-21,2107,N20,VIIRS,n,2,284.77,0.36,N,0
17.12465,77.93535,296.63,0.46,0.64,2024-02-21,2107,N20,VIIRS,n,2,284.18,0.55,N,0
17.14651,78.22128,297.99,0.48,0.65,2024-02-21,2107,N20,VIIRS,n,2,283.88,1.02,N,2
17.14727,78.22463,302.1,0.48,0.65,2024-02-21,2107,N20,VIIRS,n,2,285.83,0.92,N,2
17.21562,77.06186,307.34,0.4,0.6,2024-02-21,2107,N20,VIIRS,n,2,284.79,3.06,N,0
17.2164,77.05815,338.57,0.4,0.6,2024-02-21,2107,N20,VIIRS,n,2,284.78,4.09,N,0
17.37899,77.59093,306.13,0.44,0.62,2024-02-21,2107,N20,VIIRS,n,2,288.09,1.04,N,0
17.59808,77.25835,299.28,0.41,0.61,2024-02-21,2107,N20,VIIRS,n,2,287.66,0.23,N,0
17.66238,77.22476,307.2,0.41,0.6,2024-02-21,2107,N20,VIIRS,n,2,286.19,1.24,N,0
18.62375,78.52023,308.59,0.47,0.64,2024-02-21,2107,N20,VIIRS,n,2,291.59,1.24,N,0
18.62399,78.51746,313.19,0.47,0.64,2024-02-21,2107,N20,VIIRS,n,2,291.11,2.09,N,0
18.62461,78.51627,307.47,0.47,0.64,2024-02-21,2107,N20,VIIRS,n,2,290.75,1.24,N,0
18.67793,79.55217,305.73,0.55,0.68,2024-02-21,2107,N20,VIIRS,n,2,292.58,1.25,N,0
18.71988,79.53294,307.76,0.55,0.68,2024-02-21,2107,N20,VIIRS,n,2,292.79,1.37,N,2
19.56301,77.64437,297.22,0.4,0.6,2024-02-21,2107,N20,VIIRS,n,2,285.4,0.84,N,0
19.56456,77.64428,297.61,0.4,0.6,2024-02-21,2107,N20,VIIRS,n,2,285.39,0.94,N,0
15.81458,78.75589,305.56,0.56,0.69,2024-02-21,2108,N20,VIIRS,n,2,294.37,3.09,N,0
15.8393,78.81104,302.05,0.56,0.69,2024-02-21,2108,N20,VIIRS,n,2,291.78,1.11,N,0
15.84092,78.81455,305.06,0.56,0.69,2024-02-21,2108,N20,VIIRS,n,2,292.06,1.13,N,0
15.91734,77.36322,301.14,0.45,0.63,2024-02-21,2108,N20,VIIRS,n,2,290.7,0.69,N,2
15.95568,78.71786,302.88,0.55,0.68,2024-02-21,2108,N20,VIIRS,n,2,292.74,0.83,N,0
15.95675,78.71305,304.93,0.55,0.68,2024-02-21,2108,N20,VIIRS,n,2,292.88,0.83,N,0
15.95688,78.71748,305.57,0.55,0.68,2024-02-21,2108,N20,VIIRS,n,2,292.84,1.65,N,0
15.95792,78.71265,305.73,0.55,0.68,2024-02-21,2108,N20,VIIRS,n,2,292.85,1.61,N,0
15.96181,78.71935,308.35,0.55,0.68,2024-02-21,2108,N20,VIIRS,n,2,292.61,1.52,N,0
15.96301,78.71903,305.56,0.55,0.68,2024-02-21,2108,N20,VIIRS,n,2,292.08,1.65,N,0
15.97259,78.67062,307.76,0.55,0.68,2024-02-21,2108,N20,VIIRS,n,2,293.9,2.59,N,0
15.97349,78.67005,307.51,0.55,0.68,2024-02-21,2108,N20,VIIRS,n,2,293.92,1.84,N,0
16.04073,78.82286,304.32,0.56,0.69,2024-02-21,2108,N20,VIIRS,n,2,293.63,1.43,N,0
16.04305,78.82153,306.16,0.56,0.69,2024-02-21,2108,N20,VIIRS,n,2,293.32,0.91,N,0
16.06431,78.69267,306.19,0.55,0.68,2024-02-21,2108,N20,VIIRS,n,2,293.49,1.18,N,0
16.06526,78.97723,318.23,0.57,0.69,2024-02-21,2108,N20,VIIRS,n,2,292.61,8.34,N,0
16.06627,78.97263,313.02,0.57,0.69,2024-02-21,2108,N20,VIIRS,n,2,292.12,4.76,N,0
16.0723,78.97497,354.42,0.57,0.69,2024-02-21,2108,N20,VIIRS,n,2,294.25,4.76,N,0
16.07336,78.97012,304.18,0.57,0.69,2024-02-21,2108,N20,VIIRS,n,2,292.55,4.76,N,0
16.10626,78.7018,312.74,0.55,0.68,2024-02-21,2108,N20,VIIRS,n,2,293.52,2.1,N,0
16.14273,78.65243,306.33,0.54,0.68,2024-02-21,2108,N20,VIIRS,n,2,293.25,1.72,N,0
16.14791,78.65808,305.19,0.54,0.68,2024-02-21,2108,N20,VIIRS,n,2,293.07,2.09,N,0
16.14908,78.65269,310.48,0.54,0.68,2024-02-21,2108,N20,VIIRS,n,2,291.76,1.79,N,0
16.15124,78.52544,306.29,0.53,0.67,2024-02-21,2108,N20,VIIRS,n,2,294.04,2.42,N,0
16.15207,78.52162,315.17,0.53,0.67,2024-02-21,2108,N20,VIIRS,n,2,293.77,2.4,N,0
16.17924,78.78121,303.81,0.55,0.68,2024-02-21,2108,N20,VIIRS,n,2,291.96,0.79,N,0
15.50041,78.69685,341.03,0.51,0.41,2024-02-22,817,N20,VIIRS,n,2,310.24,15.49,D,0
15.50096,78.90363,338.31,0.53,0.42,2024-02-22,817,N20,VIIRS,l,2,311.66,7.38,D,0
15.50287,78.68659,334.47,0.51,0.41,2024-02-22,817,N20,VIIRS,l,2,307.64,5.39,D,0
15.51482,78.68938,342.13,0.51,0.41,2024-02-22,817,N20,VIIRS,n,2,308.89,6.41,D,0
15.5186,78.68882,349.83,0.51,0.41,2024-02-22,817,N20,VIIRS,n,2,311.47,6.41,D,0
15.51926,78.69365,332.8,0.51,0.41,2024-02-22,817,N20,VIIRS,n,2,305.11,6.41,D,0
15.52087,78.67619,336.45,0.51,0.41,2024-02-22,817,N20,VIIRS,l,2,307.82,3.85,D,0
15.52111,78.67892,335.91,0.51,0.41,2024-02-22,817,N20,VIIRS,l,2,307.55,5.77,D,0
15.52238,78.68826,344.0,0.51,0.41,2024-02-22,817,N20,VIIRS,n,2,307.67,4.33,D,0
15.52272,78.69042,332.93,0.51,0.41,2024-02-22,817,N20,VIIRS,l,2,305.36,2.19,D,0
15.53911,78.66835,337.32,0.51,0.41,2024-02-22,817,N20,VIIRS,l,2,307.66,5.24,D,0
15.62949,78.88176,343.88,0.53,0.42,2024-02-22,817,N20,VIIRS,n,2,307.88,5.7,D,0
15.63205,78.87175,334.52,0.53,0.42,2024-02-22,817,N20,VIIRS,l,2,305.89,4.74,D,0
15.63266,78.87633,341.21,0.53,0.42,2024-02-22,817,N20,VIIRS,n,2,308.69,4.74,D,0
15.63328,78.88093,344.96,0.53,0.42,2024-02-22,817,N20,VIIRS,n,2,311.98,7.68,D,0
15.63391,78.88562,336.28,0.53,0.42,2024-02-22,817,N20,VIIRS,n,2,305.79,7.68,D,0
15.63586,78.87106,344.35,0.53,0.42,2024-02-22,817,N20,VIIRS,n,2,306.74,4.74,D,0
15.63708,78.88013,332.9,0.53,0.42,2024-02-22,817,N20,VIIRS,l,2,307.55,7.68,D,0
15.63769,78.88475,355.97,0.53,0.42,2024-02-22,817,N20,VIIRS,n,2,309.83,7.68,D,0
15.63834,78.88958,334.46,0.53,0.42,2024-02-22,817,N20,VIIRS,n,2,303.77,2.55,D,0
15.63966,78.87033,336.29,0.53,0.42,2024-02-22,817,N20,VIIRS,l,2,306.84,7.42,D,0
15.64029,78.875,343.08,0.53,0.42,2024-02-22,817,N20,VIIRS,n,2,307.29,7.42,D,0
15.6409,78.87956,343.67,0.53,0.42,2024-02-22,817,N20,VIIRS,l,2,315.79,77.03,D,0
15.64151,78.88408,355.61,0.53,0.42,2024-02-22,817,N20,VIIRS,n,2,310.17,77.03,D,0
15.64209,79.82458,342.35,0.4,0.44,2024-02-22,817,N20,VIIRS,n,2,307.46,7.87,D,0
15.64214,78.88879,352.08,0.53,0.42,2024-02-22,817,N20,VIIRS,n,2,310.03,18.33,D,0
15.64273,78.86419,331.22,0.53,0.42,2024-02-22,817,N20,VIIRS,l,2,303.55,4.74,D,0
15.64473,78.87901,341.85,0.53,0.42,2024-02-22,817,N20,VIIRS,l,2,312.42,77.03,D,0
15.64595,78.88806,338.85,0.53,0.42,2024-02-22,817,N20,VIIRS,n,2,302.12,18.33,D,0
15.64724,78.86867,333.41,0.53,0.42,2024-02-22,817,N20,VIIRS,l,2,306.77,3.99,D,0
15.64791,78.87359,337.43,0.53,0.42,2024-02-22,817,N20,VIIRS,n,2,306.6,3.99,D,0
15.64854,78.87827,351.53,0.53,0.42,2024-02-22,817,N20,VIIRS,n,2,307.01,20.06,D,0
15.65055,79.8578,332.91,0.4,0.44,2024-02-22,817,N20,VIIRS,l,2,305.49,1.84,D,0
15.65101,78.86772,335.8,0.53,0.42,2024-02-22,817,N20,VIIRS,l,2,307.03,3.99,D,0
15.65168,78.87264,336.71,0.53,0.42,2024-02-22,817,N20,VIIRS,n,2,305.78,3.99,D,0
15.65232,78.8774,347.17,0.53,0.42,2024-02-22,817,N20,VIIRS,n,2,305.01,20.06,D,0
15.6542,78.87324,332.23,0.53,0.42,2024-02-22,817,N20,VIIRS,l,2,304.76,4.38,D,0
15.65548,78.87189,332.68,0.53,0.42,2024-02-22,817,N20,VIIRS,l,2,304.9,6.8,D,0
15.65804,78.87278,331.31,0.53,0.42,2024-02-22,817,N20,VIIRS,l,2,302.48,4.38,D,0
15.68564,78.69817,342.9,0.52,0.41,2024-02-22,817,N20,VIIRS,n,2,310.69,9.42,D,0
15.69445,78.70626,344.7,0.52,0.41,2024-02-22,817,N20,VIIRS,n,2,309.23,6.79,D,0
15.69886,78.71033,331.92,0.52,0.41,2024-02-22,817,N20,VIIRS,l,2,305.46,6.79,D,0
15.71086,78.71321,335.73,0.52,0.41,2024-02-22,817,N20,VIIRS,l,2,306.65,5.12,D,0
15.72222,78.7114,334.15,0.52,0.41,2024-02-22,817,N20,VIIRS,l,2,306.22,3.94,D,0
15.74821,78.96294,339.37,0.53,0.42,2024-02-22,817,N20,VIIRS,n,2,305.21,9.8,D,0
15.75083,78.69609,337.52,0.52,0.41,2024-02-22,817,N20,VIIRS,l,2,309.11,6.23,D,0
15.75145,78.69852,337.65,0.52,0.41,2024-02-22,817,N20,VIIRS,l,2,309.48,4.45,D,0
15.75216,78.67666,335.62,0.52,0.41,2024-02-22,817,N20,VIIRS,l,2,309.37,5.58,D,0
15.75781,78.69028,346.24,0.52,0.41,2024-02-22,817,N20,VIIRS,n,2,309.58,9.59,D,0
15.76098,78.68501,355.96,0.52,0.41,2024-02-22,817,N20,VIIRS,n,2,311.61,13.22,D,0
15.7616,78.68971,336.47,0.52,0.41,2024-02-22,817,N20,VIIRS,n,2,306.41,3.08,D,0
15.76354,78.67502,338.21,0.52,0.41,2024-02-22,817,N20,VIIRS,n,2,307.74,7.76,D,0
15.78263,78.92705,334.12,0.53,0.42,2024-02-22,817,N20,VIIRS,l,2,306.66,2.97,D,0
15.80906,78.7556,330.49,0.52,0.42,2024-02-22,817,N20,VIIRS,l,2,304.1,4.55,D,0
15.81036,78.76537,333.11,0.52,0.42,2024-02-22,817,N20,VIIRS,l,2,306.81,4.26,D,0
15.81162,78.77484,331.4,0.52,0.42,2024-02-22,817,N20,VIIRS,l,2,305.46,4.24,D,0
15.81233,78.72188,351.44,0.52,0.41,2024-02-22,817,N20,VIIRS,n,2,309.98,8.52,D,0
15.81298,78.72668,347.27,0.52,0.41,2024-02-22,817,N20,VIIRS,n,2,308.96,8.52,D,0
15.81676,78.75501,333.44,0.52,0.42,2024-02-22,817,N20,VIIRS,l,2,307.82,5.27,D,0
15.81724,78.96562,336.97,0.54,0.42,2024-02-22,817,N20,VIIRS,l,2,307.8,6.4,D,0
15.82041,78.95983,351.23,0.54,0.42,2024-02-22,817,N20,VIIRS,n,2,311.77,16.65,D,0
15.82061,78.72574,349.68,0.52,0.41,2024-02-22,817,N20,VIIRS,n,2,311.93,7.39,D,0
15.82107,78.96487,340.97,0.54,0.42,2024-02-22,817,N20,VIIRS,n,2,308.66,16.65,D,0
15.82126,78.73057,336.17,0.52,0.42,2024-02-22,817,N20,VIIRS,l,2,308.82,7.1,D,0
15.82422,78.95891,343.62,0.54,0.42,2024-02-22,817,N20,VIIRS,n,2,308.78,16.65,D,0
15.82442,78.72523,344.83,0.52,0.41,2024-02-22,817,N20,VIIRS,n,2,308.15,7.39,D,0
15.82488,78.96391,340.1,0.54,0.42,2024-02-22,817,N20,VIIRS,n,2,307.34,16.65,D,0
15.82699,78.74438,340.47,0.52,0.42,2024-02-22,817,N20,VIIRS,n,2,308.92,5.18,D,0
15.82823,78.72472,333.21,0.52,0.41,2024-02-22,817,N20,VIIRS,l,2,306.67,4.77,D,0
15.83018,78.73917,367.0,0.52,0.42,2024-02-22,817,N20,VIIRS,h,2,310.71,13.71,D,0
15.83082,78.74397,343.61,0.52,0.42,2024-02-22,817,N20,VIIRS,n,2,309.31,13.71,D,0
15.83528,78.74825,351.75,0.52,0.42,2024-02-22,817,N20,VIIRS,n,2,310.53,15.89,D,0
15.83658,78.81599,345.41,0.53,0.42,2024-02-22,817,N20,VIIRS,n,2,305.94,7.4,D,0
15.85318,78.82343,332.78,0.53,0.42,2024-02-22,817,N20,VIIRS,l,2,304.5,2.88,D,0
15.85701,78.82285,347.41,0.53,0.42,2024-02-22,817,N20,VIIRS,n,2,305.5,7.75,D,0
15.8581,79.9914,330.53,0.41,0.45,2024-02-22,817,N20,VIIRS,l,2,304.96,2.33,D,0
15.8623,78.81438,339.15,0.53,0.42,2024-02-22,817,N20,VIIRS,n,2,305.99,6.37,D,0
15.86339,78.8123,336.63,0.53,0.42,2024-02-22,817,N20,VIIRS,n,2,306.49,3.42,D,0
15.86403,78.81706,333.56,0.53,0.42,2024-02-22,817,N20,VIIRS,l,2,303.77,3.42,D,0
15.87644,78.80319,339.32,0.53,0.42,2024-02-22,817,N20,VIIRS,n,2,306.82,7.5,D,0
15.91098,78.88836,338.07,0.53,0.42,2024-02-22,817,N20,VIIRS,n,2,307.83,3.2,D,0
15.91552,78.92303,335.1,0.53,0.42,2024-02-22,817,N20,VIIRS,n,2,304.95,5.01,D,0
15.9194,78.92271,332.99,0.53,0.42,2024-02-22,817,N20,VIIRS,l,2,307.74,5.01,D,0
15.92004,78.92757,339.03,0.53,0.42,2024-02-22,817,N20,VIIRS,n,2,306.5,2.57,D,0
15.92028,78.75167,338.44,0.52,0.42,2024-02-22,817,N20,VIIRS,n,2,305.32,2.93,D,0
15.92328,78.92237,340.05,0.53,0.42,2024-02-22,817,N20,VIIRS,n,2,307.86,3.23,D,0
15.93436,78.97686,339.17,0.54,0.42,2024-02-22,817,N20,VIIRS,n,2,305.0,5.92,D,0
15.93503,78.98194,336.63,0.54,0.42,2024-02-22,817,N20,VIIRS,n,2,303.24,5.92,D,0
15.93582,78.83922,335.34,0.53,0.42,2024-02-22,817,N20,VIIRS,l,2,310.13,7.26,D,0
15.93645,78.84399,334.99,0.53,0.42,2024-02-22,817,N20,VIIRS,l,2,308.3,8.79,D,0
15.95003,79.00597,346.34,0.54,0.42,2024-02-22,817,N20,VIIRS,n,2,304.78,6.95,D,0
15.95079,78.71832,346.44,0.52,0.42,2024-02-22,817,N20,VIIRS,n,2,311.91,9.35,D,0
15.95144,78.72317,345.62,0.52,0.42,2024-02-22,817,N20,VIIRS,l,2,315.86,14.19,D,0
15.95211,78.72807,341.38,0.52,0.42,2024-02-22,817,N20,VIIRS,l,2,312.91,14.19,D,0
15.95391,79.00545,337.31,0.54,0.42,2024-02-22,817,N20,VIIRS,n,2,304.27,6.95,D,0
15.95444,78.65948,338.31,0.52,0.41,2024-02-22,817,N20,VIIRS,l,2,312.89,4.71,D,0
15.9582,78.66123,345.94,0.52,0.41,2024-02-22,817,N20,VIIRS,n,2,313.07,6.91,D,0
15.95887,78.83614,341.02,0.53,0.42,2024-02-22,817,N20,VIIRS,n,2,307.57,3.28,D,0
15.9589,78.66376,336.82,0.52,0.41,2024-02-22,817,N20,VIIRS,l,2,310.74,2.69,D,0
15.95929,78.72954,352.29,0.52,0.42,2024-02-22,817,N20,VIIRS,n,2,309.9,10.91,D,0
15.95975,78.7271,338.64,0.52,0.42,2024-02-22,817,N20,VIIRS,l,2,310.7,12.98,D,0
15.96041,78.73199,336.09,0.52,0.42,2024-02-22,817,N20,VIIRS,l,2,307.66,9.39,D,0
15.96225,78.71688,334.51,0.52,0.42,2024-02-22,817,N20,VIIRS,l,2,308.68,4.86,D,0
15.96311,78.72905,342.75,0.52,0.42,2024-02-22,817,N20,VIIRS,n,2,306.81,10.91,D,0
15.9663,78.72369,337.77,0.52,0.42,2024-02-22,817,N20,VIIRS,n,2,307.61,3.06,D,0
15.96778,79.20216,344.06,0.56,0.43,2024-02-22,817,N20,VIIRS,n,2,304.79,5.23,D,0
15.96797,78.87473,340.65,0.53,0.42,2024-02-22,817,N20,VIIRS,n,2,306.74,5.27,D,0
15.96806,78.99304,340.73,0.54,0.42,2024-02-22,817,N20,VIIRS,n,2,307.9,5.94,D,0
15.97084,78.66911,340.09,0.52,0.41,2024-02-22,817,N20,VIIRS,n,2,309.09,4.17,D,0
15.9713,78.76229,332.6,0.52,0.42,2024-02-22,817,N20,VIIRS,l,2,306.9,2.06,D,0
15.97841,78.66776,345.38,0.52,0.41,2024-02-22,817,N20,VIIRS,n,2,310.24,3.29,D,0
15.98284,78.67204,337.88,0.52,0.41,2024-02-22,817,N20,VIIRS,l,2,310.65,7.15,D,0
15.9852,78.83969,346.93,0.53,0.42,2024-02-22,817,N20,VIIRS,n,2,308.55,4.95,D,0
15.98636,78.83696,352.06,0.53,0.42,2024-02-22,817,N20,VIIRS,n,2,312.92,6.26,D,0
15.98664,78.701,338.32,0.52,0.42,2024-02-22,817,N20,VIIRS,l,2,309.88,4.65,D,0
15.98703,78.8419,335.99,0.53,0.42,2024-02-22,817,N20,VIIRS,l,2,308.57,6.26,D,0
15.98904,78.83912,339.49,0.53,0.42,2024-02-22,817,N20,VIIRS,l,2,311.19,3.61,D,0
16.00478,78.43225,344.28,0.5,0.41,2024-02-22,817,N20,VIIRS,n,2,313.57,5.99,D,0
16.02121,78.75681,339.68,0.52,0.42,2024-02-22,817,N20,VIIRS,l,2,311.0,4.51,D,0
16.02351,78.65729,343.1,0.52,0.41,2024-02-22,817,N20,VIIRS,n,2,310.48,5.42,D,0
16.02501,78.75611,353.6,0.52,0.42,2024-02-22,817,N20,VIIRS,n,2,313.1,11.05,D,0
16.02566,78.761,337.6,0.52,0.42,2024-02-22,817,N20,VIIRS,l,2,309.61,11.05,D,0
16.02901,78.61177,347.88,0.52,0.41,2024-02-22,817,N20,VIIRS,n,2,309.79,8.06,D,0
16.0328,78.61128,342.52,0.52,0.41,2024-02-22,817,N20,VIIRS,n,2,312.32,8.06,D,0
16.04505,78.84827,338.26,0.53,0.42,2024-02-22,817,N20,VIIRS,l,2,311.97,6.25,D,0
16.05077,78.83243,342.63,0.53,0.42,2024-02-22,817,N20,VIIRS,l,2,312.64,7.81,D,0
16.05092,78.9823,352.26,0.54,0.42,2024-02-22,817,N20,VIIRS,n,2,306.75,8.98,D,0
16.0516,78.98745,335.88,0.54,0.42,2024-02-22,817,N20,VIIRS,n,2,306.1,8.98,D,0
16.05232,80.97107,342.72,0.48,0.48,2024-02-22,817,N20,VIIRS,n,2,299.99,17.86,D,0
16.05549,78.98701,339.59,0.54,0.42,2024-02-22,817,N20,VIIRS,n,2,304.93,8.04,D,0
16.05722,78.67728,347.68,0.52,0.41,2024-02-22,817,N20,VIIRS,n,2,314.51,12.9,D,0
16.05869,78.98132,344.15,0.54,0.42,2024-02-22,817,N20,VIIRS,n,2,308.34,8.04,D,0
16.05939,78.98663,344.95,0.54,0.42,2024-02-22,817,N20,VIIRS,n,2,309.08,8.04,D,0
16.05974,78.696,344.2,0.52,0.42,2024-02-22,817,N20,VIIRS,n,2,309.99,5.03,D,0
16.06037,78.70065,341.81,0.52,0.42,2024-02-22,817,N20,VIIRS,n,2,311.08,5.94,D,0
16.061,78.70529,340.76,0.52,0.42,2024-02-22,817,N20,VIIRS,n,2,310.06,5.94,D,0
16.06411,78.70672,336.62,0.52,0.42,2024-02-22,817,N20,VIIRS,l,2,309.05,3.17,D,0
16.06696,78.74936,338.24,0.52,0.42,2024-02-22,817,N20,VIIRS,n,2,306.64,5.29,D,0
16.06849,78.7407,335.13,0.52,0.42,2024-02-22,817,N20,VIIRS,l,2,309.71,12.51,D,0
16.06916,78.74596,356.0,0.52,0.42,2024-02-22,817,N20,VIIRS,n,2,311.01,12.51,D,0
16.07011,78.74386,353.96,0.52,0.42,2024-02-22,817,N20,VIIRS,n,2,312.36,13.49,D,0
16.07082,78.74908,335.12,0.52,0.42,2024-02-22,817,N20,VIIRS,l,2,306.82,4.93,D,0
16.07235,78.74042,348.44,0.52,0.42,2024-02-22,817,N20,VIIRS,n,2,310.91,12.51,D,0
16.07302,78.74564,336.34,0.52,0.42,2024-02-22,817,N20,VIIRS,l,2,308.43,12.51,D,0
16.07326,78.73834,336.7,0.52,0.42,2024-02-22,817,N20,VIIRS,l,2,309.4,13.49,D,0
16.07396,78.74352,351.57,0.52,0.42,2024-02-22,817,N20,VIIRS,n,2,310.93,13.49,D,0
16.0762,78.74014,337.73,0.52,0.42,2024-02-22,817,N20,VIIRS,l,2,310.31,9.49,D,0
16.07781,78.74316,340.77,0.52,0.42,2024-02-22,817,N20,VIIRS,n,2,310.65,9.1,D,0
16.07823,78.71769,332.99,0.52,0.42,2024-02-22,817,N20,VIIRS,l,2,307.6,1.8,D,0
16.07825,78.51886,352.51,0.51,0.41,2024-02-22,817,N20,VIIRS,n,2,313.38,6.45,D,0
16.07886,78.52351,354.81,0.51,0.41,2024-02-22,817,N20,VIIRS,n,2,317.31,74.2,D,0
16.0794,78.7348,343.17,0.52,0.42,2024-02-22,817,N20,VIIRS,n,2,310.52,6.36,D,0
16.07947,78.52811,367.0,0.51,0.41,2024-02-22,817,N20,VIIRS,l,2,327.25,74.2,D,0
16.08029,78.73273,336.58,0.52,0.42,2024-02-22,817,N20,VIIRS,l,2,309.48,2.78,D,0
16.082,78.51819,339.31,0.51,0.41,2024-02-22,817,N20,VIIRS,n,2,311.81,6.45,D,0
16.08262,78.52285,350.43,0.51,0.41,2024-02-22,817,N20,VIIRS,n,2,316.15,74.2,D,0
16.08322,78.52739,367.0,0.51,0.41,2024-02-22,817,N20,VIIRS,h,2,335.4,74.2,D,0
16.08384,78.53211,367.0,0.51,0.41,2024-02-22,817,N20,VIIRS,l,2,331.65,160.37,D,0
16.08638,78.5222,367.0,0.51,0.41,2024-02-22,817,N20,VIIRS,h,2,314.51,21.38,D,0
16.08697,78.5267,352.93,0.51,0.41,2024-02-22,817,N20,VIIRS,n,2,320.94,21.38,D,0
16.08759,78.53133,347.18,0.51,0.41,2024-02-22,817,N20,VIIRS,n,2,310.07,18.6,D,0
16.08826,78.74308,339.0,0.52,0.42,2024-02-22,817,N20,VIIRS,n,2,307.62,14.66,D,0
16.08999,79.21976,335.03,0.56,0.43,2024-02-22,817,N20,VIIRS,l,2,307.1,5.7,D,0
16.09014,78.52157,335.96,0.51,0.41,2024-02-22,817,N20,VIIRS,n,2,309.31,21.38,D,0
16.09073,78.52602,349.9,0.51,0.41,2024-02-22,817,N20,VIIRS,n,2,312.7,21.38,D,0
16.09134,78.53059,347.34,0.51,0.41,2024-02-22,817,N20,VIIRS,n,2,306.87,18.6,D,0
16.09186,78.99307,344.67,0.54,0.42,2024-02-22,817,N20,VIIRS,n,2,309.25,9.64,D,0
16.09253,78.99811,345.57,0.54,0.42,2024-02-22,817,N20,VIIRS,n,2,309.06,17.77,D,0
16.09805,80.08604,343.65,0.42,0.45,2024-02-22,817,N20,VIIRS,n,2,305.46,4.05,D,0
16.10403,78.51038,340.89,0.51,0.41,2024-02-22,817,N20,VIIRS,l,2,312.09,6.47,D,0
16.10767,78.53761,338.17,0.51,0.41,2024-02-22,817,N20,VIIRS,n,2,308.62,8.27,D,0
16.10829,78.54232,367.0,0.51,0.41,2024-02-22,817,N20,VIIRS,h,2,310.49,8.27,D,0
16.10921,78.72456,339.63,0.52,0.42,2024-02-22,817,N20,VIIRS,l,2,311.07,9.36,D,0
16.11112,78.70952,342.74,0.52,0.42,2024-02-22,817,N20,VIIRS,n,2,309.84,7.19,D,0
16.11174,78.71426,340.34,0.52,0.42,2024-02-22,817,N20,VIIRS,l,2,310.67,6.19,D,0
16.11208,78.54185,333.11,0.51,0.41,2024-02-22,817,N20,VIIRS,n,2,307.33,6.48,D,0
16.11271,78.54656,332.56,0.51,0.41,2024-02-22,817,N20,VIIRS,n,2,303.39,5.87,D,0
16.11333,78.55121,331.72,0.51,0.41,2024-02-22,817,N20,VIIRS,l,2,304.37,5.87,D,0
16.11396,78.55591,332.72,0.51,0.41,2024-02-22,817,N20,VIIRS,l,2,303.95,4.94,D,0
16.11619,78.71852,339.48,0.52,0.42,2024-02-22,817,N20,VIIRS,n,2,308.86,6.19,D,0
16.11776,78.55549,353.34,0.51,0.41,2024-02-22,817,N20,VIIRS,n,2,307.09,4.94,D,0
16.11938,78.71317,343.46,0.52,0.42,2024-02-22,817,N20,VIIRS,n,2,309.32,94.18,D,0
16.1257,78.67293,335.67,0.52,0.42,2024-02-22,817,N20,VIIRS,l,2,307.83,2.46,D,0
16.12595,78.55905,334.24,0.51,0.41,2024-02-22,817,N20,VIIRS,l,2,308.18,7.82,D,0
16.12658,78.56375,333.45,0.51,0.41,2024-02-22,817,N20,VIIRS,l,2,304.76,2.97,D,0
16.1267,78.59344,335.12,0.52,0.41,2024-02-22,817,N20,VIIRS,l,2,307.17,5.46,D,0
16.12946,78.67201,335.39,0.52,0.42,2024-02-22,817,N20,VIIRS,l,2,307.91,3.66,D,0
16.12973,78.55849,335.86,0.51,0.41,2024-02-22,817,N20,VIIRS,l,2,309.27,6.72,D,0
16.12983,78.58797,334.09,0.52,0.41,2024-02-22,817,N20,VIIRS,l,2,306.07,2.97,D,0
16.13036,78.56322,331.43,0.51,0.41,2024-02-22,817,N20,VIIRS,n,2,305.08,3.67,D,0
16.1335,78.55789,342.98,0.51,0.41,2024-02-22,817,N20,VIIRS,n,2,308.29,6.72,D,0
16.13728,78.55729,336.39,0.51,0.41,2024-02-22,817,N20,VIIRS,n,2,307.95,4.49,D,0
16.13792,78.56208,334.63,0.51,0.41,2024-02-22,817,N20,VIIRS,n,2,306.6,5.38,D,0
16.14171,78.56158,349.66,0.51,0.41,2024-02-22,817,N20,VIIRS,n,2,307.25,5.38,D,0
16.155,78.51745,345.79,0.51,0.41,2024-02-22,817,N20,VIIRS,n,2,310.4,7.71,D,0
16.15548,78.51878,351.45,0.51,0.41,2024-02-22,817,N20,VIIRS,n,2,312.05,11.2,D,0
16.15562,78.52201,340.75,0.51,0.41,2024-02-22,817,N20,VIIRS,n,2,309.87,8.27,D,0
16.16187,78.5397,337.98,0.51,0.41,2024-02-22,817,N20,VIIRS,n,2,307.93,4.52,D,0
16.16224,78.54108,336.05,0.51,0.41,2024-02-22,817,N20,VIIRS,n,2,308.03,4.16,D,0
16.17069,78.77648,345.25,0.53,0.42,2024-02-22,817,N20,VIIRS,n,2,309.27,5.59,D,0
16.17134,78.78131,344.12,0.53,0.42,2024-02-22,817,N20,VIIRS,n,2,308.71,5.59,D,0
16.17222,78.6179,337.97,0.52,0.41,2024-02-22,817,N20,VIIRS,n,2,307.61,4.41,D,0
16.17232,78.61623,335.16,0.52,0.41,2024-02-22,817,N20,VIIRS,l,2,308.02,4.13,D,0
16.17268,78.79128,343.36,0.53,0.42,2024-02-22,817,N20,VIIRS,n,2,308.03,7.4,D,0
16.17722,78.79593,344.06,0.53,0.42,2024-02-22,817,N20,VIIRS,n,2,309.9,8.98,D,0
16.17726,79.09372,337.55,0.55,0.43,2024-02-22,817,N20,VIIRS,l,2,310.74,4.34,D,0
16.17795,79.09898,341.61,0.55,0.43,2024-02-22,817,N20,VIIRS,n,2,308.73,4.34,D,0
16.1797,78.78526,354.47,0.53,0.42,2024-02-22,817,N20,VIIRS,n,2,308.53,13.42,D,0
16.18039,78.7904,338.35,0.53,0.42,2024-02-22,817,N20,VIIRS,l,2,308.36,13.42,D,0
16.18117,79.09315,336.71,0.55,0.43,2024-02-22,817,N20,VIIRS,l,2,309.47,4.34,D,0
16.18169,78.78174,331.76,0.53,0.42,2024-02-22,817,N20,VIIRS,l,2,305.47,2.91,D,0
16.18186,79.0984,336.63,0.55,0.43,2024-02-22,817,N20,VIIRS,n,2,307.98,4.34,D,0
16.18234,78.78687,345.77,0.53,0.42,2024-02-22,817,N20,VIIRS,n,2,306.06,13.57,D,0
16.18615,78.60603,336.11,0.52,0.41,2024-02-22,817,N20,VIIRS,l,2,306.68,25.87,D,0
16.1888,78.59679,343.21,0.52,0.41,2024-02-22,817,N20,VIIRS,n,2,310.85,9.7,D,0
16.18937,78.60114,353.98,0.52,0.41,2024-02-22,817,N20,VIIRS,n,2,310.49,9.7,D,0
16.18995,78.60553,352.84,0.52,0.41,2024-02-22,817,N20,VIIRS,n,2,313.81,30.19,D,0
16.19633,78.7439,335.61,0.53,0.42,2024-02-22,817,N20,VIIRS,l,2,308.64,2.7,D,0
16.20143,78.75315,337.3,0.53,0.42,2024-02-22,817,N20,VIIRS,l,2,310.06,4.8,D,0
16.20196,78.60857,334.14,0.52,0.41,2024-02-22,817,N20,VIIRS,l,2,305.57,18.12,D,0
16.20206,78.75803,336.66,0.53,0.42,2024-02-22,817,N20,VIIRS,l,2,308.98,4.8,D,0
16.2027,78.76292,338.76,0.53,0.42,2024-02-22,817,N20,VIIRS,l,2,309.38,8.06,D,0
16.20518,78.6037,336.94,0.52,0.41,2024-02-22,817,N20,VIIRS,l,2,308.86,3.83,D,0
16.21104,78.76705,337.09,0.53,0.42,2024-02-22,817,N20,VIIRS,l,2,307.26,5.72,D,0
16.2142,78.79127,335.42,0.53,0.42,2024-02-22,817,N20,VIIRS,l,2,306.27,3.89,D,0
16.22164,78.66963,342.14,0.52,0.42,2024-02-22,817,N20,VIIRS,n,2,307.11,9.56,D,0
16.22483,78.6644,334.46,0.52,0.42,2024-02-22,817,N20,VIIRS,l,2,305.84,4.17,D,0
16.22993,78.67353,343.05,0.52,0.42,2024-02-22,817,N20,VIIRS,n,2,309.62,15.52,D,0
16.23254,78.72276,335.21,0.53,0.42,2024-02-22,817,N20,VIIRS,l,2,307.68,3.2,D,0
16.23856,79.2552,338.25,0.56,0.43,2024-02-22,817,N20,VIIRS,n,2,303.7,5.03,D,0
16.23862,78.85833,349.32,0.53,0.42,2024-02-22,817,N20,VIIRS,n,2,310.73,7.14,D,0
16.23927,78.86337,350.28,0.54,0.42,2024-02-22,817,N20,VIIRS,n,2,311.31,7.14,D,0
16.24138,79.25185,330.08,0.56,0.43,2024-02-22,817,N20,VIIRS,l,2,302.36,3.52,D,0
16.24312,78.86275,336.3,0.54,0.42,2024-02-22,817,N20,VIIRS,l,2,309.17,7.14,D,0
16.24582,78.6762,336.33,0.52,0.42,2024-02-22,817,N20,VIIRS,n,2,306.09,4.75,D,0
16.24698,78.86219,348.83,0.54,0.42,2024-02-22,817,N20,VIIRS,n,2,312.83,13.69,D,0
16.24764,78.86724,336.25,0.54,0.42,2024-02-22,817,N20,VIIRS,l,2,309.05,8.44,D,0
16.25346,78.67518,337.01,0.52,0.42,2024-02-22,817,N20,VIIRS,l,2,308.38,4.26,D,0
16.2541,78.67992,334.42,0.52,0.42,2024-02-22,817,N20,VIIRS,l,2,306.49,4.26,D,0
16.27451,77.04355,345.01,0.44,0.38,2024-02-22,817,N20,VIIRS,l,2,316.51,6.17,D,0
16.3123,77.73418,335.46,0.47,0.4,2024-02-22,817,N20,VIIRS,l,2,307.7,4.67,D,0
16.34548,78.8513,335.3,0.54,0.42,2024-02-22,817,N20,VIIRS,n,2,309.09,2.74,D,0
16.38161,77.53085,341.44,0.46,0.39,2024-02-22,817,N20,VIIRS,l,2,316.32,5.27,D,0
16.43724,77.97017,341.59,0.48,0.4,2024-02-22,817,N20,VIIRS,n,2,310.7,3.23,D,0
16.52317,77.11659,350.19,0.44,0.39,2024-02-22,817,N20,VIIRS,n,2,320.33,15.62,D,0
16.56243,80.78851,345.92,0.47,0.48,2024-02-22,817,N20,VIIRS,n,2,305.54,5.61,D,0
16.61032,79.81618,340.81,0.41,0.45,2024-02-22,817,N20,VIIRS,n,2,307.04,4.25,D,0
16.62396,80.60324,333.19,0.46,0.47,2024-02-22,817,N20,VIIRS,n,2,301.73,2.54,D,0
16.64774,78.80824,347.25,0.54,0.42,2024-02-22,817,N20,VIIRS,n,2,317.4,10.44,D,0
16.67774,77.9008,338.54,0.48,0.4,2024-02-22,817,N20,VIIRS,l,2,309.73,2.62,D,0
16.69824,79.63036,335.35,0.4,0.44,2024-02-22,817,N20,VIIRS,l,2,309.45,3.77,D,0
16.75993,79.14989,343.43,0.56,0.43,2024-02-22,817,N20,VIIRS,n,2,311.66,10.62,D,0
16.80276,77.39345,339.85,0.46,0.39,2024-02-22,817,N20,VIIRS,l,2,312.34,4.19,D,0
16.96289,80.84415,331.79,0.48,0.48,2024-02-22,817,N20,VIIRS,n,2,299.49,0.74,D,0
17.04444,79.13049,341.88,0.57,0.43,2024-02-22,817,N20,VIIRS,n,2,304.18,11.81,D,0
17.12566,79.1117,332.93,0.57,0.43,2024-02-22,817,N20,VIIRS,l,2,305.85,0.98,D,0
17.15488,79.21413,332.11,0.38,0.43,2024-02-22,817,N20,VIIRS,l,2,307.11,1.8,D,0
17.17235,79.06734,337.79,0.56,0.43,2024-02-22,817,N20,VIIRS,l,2,308.01,3.99,D,0
17.17575,77.97936,341.7,0.49,0.4,2024-02-22,817,N20,VIIRS,l,2,316.13,5.32,D,0
17.19432,79.20497,343.3,0.38,0.43,2024-02-22,817,N20,VIIRS,n,2,309.5,3.58,D,0
17.21963,79.19621,331.93,0.38,0.43,2024-02-22,817,N20,VIIRS,l,2,306.43,1.49,D,0
17.2532,79.69408,334.96,0.41,0.45,2024-02-22,817,N20,VIIRS,n,2,302.63,4.99,D,0
17.29842,78.18588,353.65,0.51,0.41,2024-02-22,817,N20,VIIRS,n,2,314.02,5.99,D,0
17.29927,78.18745,349.96,0.51,0.41,2024-02-22,817,N20,VIIRS,n,2,314.62,15.74,D,0
17.29961,77.42258,341.1,0.46,0.39,2024-02-22,817,N20,VIIRS,l,2,316.03,7.55,D,0
17.30218,78.18533,338.87,0.51,0.41,2024-02-22,817,N20,VIIRS,l,2,311.72,5.99,D,0
17.30282,78.19006,345.41,0.51,0.41,2024-02-22,817,N20,VIIRS,n,2,310.48,5.99,D,0
17.32044,77.46833,344.33,0.47,0.39,2024-02-22,817,N20,VIIRS,l,2,315.68,7.86,D,0
17.32915,79.44682,338.84,0.4,0.44,2024-02-22,817,N20,VIIRS,n,2,307.57,2.7,D,0
17.37317,77.58574,349.38,0.47,0.4,2024-02-22,817,N20,VIIRS,n,2,316.29,6.45,D,0
17.38105,77.58906,354.75,0.47,0.4,2024-02-22,817,N20,VIIRS,n,2,318.47,7.43,D,0
17.38165,77.59351,344.0,0.47,0.4,2024-02-22,817,N20,VIIRS,l,2,314.01,7.43,D,0
17.3959,81.02524,340.72,0.5,0.49,2024-02-22,817,N20,VIIRS,n,2,292.61,8.38,D,0
17.40896,77.65784,344.15,0.48,0.4,2024-02-22,817,N20,VIIRS,n,2,317.4,4.53,D,0
17.43497,80.57105,345.2,0.47,0.48,2024-02-22,817,N20,VIIRS,n,2,298.64,6.24,D,0
17.47645,77.88966,344.85,0.49,0.4,2024-02-22,817,N20,VIIRS,n,2,315.07,4.9,D,0
17.47673,77.96352,340.8,0.49,0.41,2024-02-22,817,N20,VIIRS,l,2,312.96,5.79,D,0
17.47845,77.89268,338.93,0.49,0.4,2024-02-22,817,N20,VIIRS,l,2,313.44,4.47,D,0
17.57415,79.45173,335.59,0.4,0.44,2024-02-22,817,N20,VIIRS,n,2,308.9,2.39,D,0
17.6639,77.22963,345.11,0.46,0.39,2024-02-22,817,N20,VIIRS,n,2,318.49,4.56,D,0
17.73015,77.8894,351.11,0.49,0.41,2024-02-22,817,N20,VIIRS,n,2,313.35,7.76,D,0
17.73153,79.90398,334.19,0.43,0.46,2024-02-22,817,N20,VIIRS,n,2,303.61,4.53,D,0
17.81026,80.01775,340.8,0.44,0.46,2024-02-22,817,N20,VIIRS,n,2,303.09,4.94,D,0
17.81074,80.0217,347.44,0.44,0.46,2024-02-22,817,N20,VIIRS,n,2,303.7,4.94,D,0
17.81449,80.01708,345.88,0.44,0.46,2024-02-22,817,N20,VIIRS,n,2,303.65,4.94,D,0
17.81496,80.02098,350.01,0.44,0.46,2024-02-22,817,N20,VIIRS,n,2,302.9,4.94,D,0
17.91639,78.55129,346.18,0.54,0.42,2024-02-22,817,N20,VIIRS,n,2,312.56,7.61,D,0
17.92026,78.55077,338.15,0.54,0.42,2024-02-22,817,N20,VIIRS,l,2,309.89,7.61,D,0
17.96174,80.19793,330.96,0.45,0.47,2024-02-22,817,N20,VIIRS,l,2,303.53,1.73,D,0
17.96415,79.05742,336.78,0.38,0.44,2024-02-22,817,N20,VIIRS,n,2,304.99,2.89,D,0
18.0031,80.01364,335.01,0.44,0.46,2024-02-22,817,N20,VIIRS,n,2,303.85,4.46,D,0
18.03343,80.12051,333.04,0.45,0.47,2024-02-22,817,N20,VIIRS,n,2,303.46,2.98,D,0
18.07579,79.15691,335.37,0.39,0.44,2024-02-22,817,N20,VIIRS,l,2,308.27,3.13,D,0
18.12698,79.72928,344.25,0.42,0.45,2024-02-22,817,N20,VIIRS,n,2,306.31,3.98,D,0
18.12749,79.7333,335.0,0.42,0.45,2024-02-22,817,N20,VIIRS,n,2,303.87,3.98,D,0
18.19452,80.07198,341.87,0.45,0.47,2024-02-22,817,N20,VIIRS,n,2,302.85,4.9,D,0
18.23401,78.26368,341.31,0.52,0.42,2024-02-22,818,N20,VIIRS,l,2,312.48,4.82,D,0
18.24317,78.06913,339.0,0.51,0.41,2024-02-22,818,N20,VIIRS,l,2,310.6,4.31,D,0
18.24872,77.872,349.28,0.5,0.41,2024-02-22,818,N20,VIIRS,n,2,312.34,12.08,D,0
18.24933,77.87673,335.07,0.5,0.41,2024-02-22,818,N20,VIIRS,l,2,309.16,4.87,D,0
18.25307,77.87621,336.38,0.5,0.41,2024-02-22,818,N20,VIIRS,l,2,310.67,6.01,D,0
18.27479,77.95507,337.37,0.5,0.41,2024-02-22,818,N20,VIIRS,n,2,309.0,5.2,D,0
18.2759,78.02274,337.77,0.51,0.41,2024-02-22,818,N20,VIIRS,n,2,307.36,6.53,D,0
18.27653,78.02755,338.56,0.51,0.41,2024-02-22,818,N20,VIIRS,n,2,307.17,7.92,D,0
18.27825,78.13058,336.15,0.52,0.41,2024-02-22,818,N20,VIIRS,l,2,310.32,4.75,D,0
18.3067,77.96494,334.67,0.51,0.41,2024-02-22,818,N20,VIIRS,l,2,308.65,3.01,D,0
18.32993,78.02459,331.49,0.51,0.41,2024-02-22,818,N20,VIIRS,l,2,306.45,3.23,D,0
18.33074,78.17743,341.08,0.52,0.41,2024-02-22,818,N20,VIIRS,l,2,315.7,4.56,D,0
18.33137,78.1823,336.9,0.52,0.41,2024-02-22,818,N20,VIIRS,l,2,311.47,4.56,D,0
18.34449,79.71438,341.94,0.43,0.46,2024-02-22,818,N20,VIIRS,n,2,307.08,3.27,D,0
18.34868,79.71383,335.81,0.43,0.46,2024-02-22,818,N20,VIIRS,l,2,308.46,3.27,D,0
18.37691,78.02967,338.02,0.51,0.41,2024-02-22,818,N20,VIIRS,n,2,308.97,5.29,D,0
18.37862,78.42472,340.99,0.54,0.42,2024-02-22,818,N20,VIIRS,n,2,306.38,6.86,D,0
18.43381,78.60236,339.9,0.55,0.43,2024-02-22,818,N20,VIIRS,n,2,308.01,4.29,D,0
18.4429,78.4543,331.19,0.54,0.42,2024-02-22,818,N20,VIIRS,l,2,305.87,3.94,D,0
18.44482,78.43842,339.1,0.54,0.42,2024-02-22,818,N20,VIIRS,l,2,309.86,5.77,D,0
18.44549,78.47472,343.4,0.54,0.42,2024-02-22,818,N20,VIIRS,n,2,307.34,4.7,D,0
18.44808,78.46406,337.3,0.54,0.42,2024-02-22,818,N20,VIIRS,l,2,307.74,5.18,D,0
18.44937,78.47421,333.81,0.54,0.42,2024-02-22,818,N20,VIIRS,l,2,307.94,4.7,D,0
18.47022,77.94557,338.55,0.51,0.41,2024-02-22,818,N20,VIIRS,l,2,310.53,4.31,D,0
18.47338,77.94035,343.37,0.51,0.41,2024-02-22,818,N20,VIIRS,n,2,309.32,12.63,D,0
18.4782,78.36181,346.25,0.53,0.42,2024-02-22,818,N20,VIIRS,n,2,307.7,7.22,D,0
18.49034,77.9235,334.46,0.51,0.41,2024-02-22,818,N20,VIIRS,l,2,307.17,4.89,D,0
18.50454,78.53403,336.01,0.55,0.42,2024-02-22,818,N20,VIIRS,l,2,309.11,3.23,D,0
18.5396,78.61998,334.77,0.55,0.43,2024-02-22,818,N20,VIIRS,n,2,306.3,4.19,D,0
18.54018,78.62305,345.89,0.55,0.43,2024-02-22,818,N20,VIIRS,n,2,307.69,8.64,D,0
18.54028,78.62515,335.88,0.55,0.43,2024-02-22,818,N20,VIIRS,n,2,307.11,6.52,D,0
18.55124,78.48927,354.05,0.54,0.42,2024-02-22,818,N20,VIIRS,n,2,308.94,11.98,D,0
18.55512,78.48868,336.58,0.54,0.42,2024-02-22,818,N20,VIIRS,n,2,305.6,3.66,D,0
18.55576,78.49369,331.69,0.54,0.42,2024-02-22,818,N20,VIIRS,l,2,305.39,3.66,D,0
18.55902,78.48823,343.15,0.54,0.42,2024-02-22,818,N20,VIIRS,n,2,305.64,3.66,D,0
18.56292,78.48777,352.09,0.54,0.42,2024-02-22,818,N20,VIIRS,n,2,310.1,18.2,D,0
18.56629,78.64043,336.81,0.55,0.43,2024-02-22,818,N20,VIIRS,l,2,309.36,5.15,D,0
18.5702,78.63976,348.27,0.55,0.43,2024-02-22,818,N20,VIIRS,n,2,309.32,5.15,D,0
18.57533,78.07534,334.46,0.52,0.41,2024-02-22,818,N20,VIIRS,l,2,307.99,4.06,D,0
18.57617,78.68738,351.47,0.56,0.43,2024-02-22,818,N20,VIIRS,n,2,311.78,18.28,D,0
18.57992,78.07775,333.89,0.52,0.41,2024-02-22,818,N20,VIIRS,l,2,308.55,2.23,D,0
18.5801,78.68676,343.37,0.56,0.43,2024-02-22,818,N20,VIIRS,n,2,310.41,5.19,D,0
18.58403,78.6862,339.22,0.56,0.43,2024-02-22,818,N20,VIIRS,n,2,308.68,5.19,D,0
18.58797,78.68565,338.05,0.56,0.43,2024-02-22,818,N20,VIIRS,n,2,308.1,4.05,D,0
18.58963,79.43146,336.09,0.41,0.45,2024-02-22,818,N20,VIIRS,l,2,307.33,3.98,D,0
18.59034,78.57845,338.8,0.55,0.43,2024-02-22,818,N20,VIIRS,n,2,306.4,5.41,D,0
18.59327,79.42699,334.1,0.41,0.45,2024-02-22,818,N20,VIIRS,l,2,307.16,3.98,D,0
18.5975,78.57216,330.23,0.55,0.43,2024-02-22,818,N20,VIIRS,l,2,304.92,2.47,D,0
18.60635,78.89685,334.2,0.38,0.43,2024-02-22,818,N20,VIIRS,n,2,307.09,2.27,D,0
18.62083,78.53732,331.38,0.55,0.43,2024-02-22,818,N20,VIIRS,l,2,305.69,2.53,D,0
18.62987,78.51525,332.29,0.55,0.42,2024-02-22,818,N20,VIIRS,l,2,306.63,2.98,D,0
18.63075,78.51753,330.75,0.55,0.42,2024-02-22,818,N20,VIIRS,l,2,305.07,5.57,D,0
18.63851,78.67368,335.28,0.56,0.43,2024-02-22,818,N20,VIIRS,l,2,307.35,4.64,D,0
18.64426,78.65915,338.31,0.56,0.43,2024-02-22,818,N20,VIIRS,n,2,309.17,5.43,D,0
18.64471,80.44161,346.39,0.48,0.48,2024-02-22,818,N20,VIIRS,n,2,302.44,6.82,D,0
18.6482,78.65868,341.14,0.56,0.43,2024-02-22,818,N20,VIIRS,n,2,306.36,5.43,D,0
18.64841,80.43769,343.38,0.48,0.48,2024-02-22,818,N20,VIIRS,n,2,303.08,6.69,D,0
18.64892,80.44215,341.44,0.48,0.48,2024-02-22,818,N20,VIIRS,n,2,301.04,4.36,D,0
18.64913,80.44109,349.9,0.48,0.48,2024-02-22,818,N20,VIIRS,n,2,302.62,7.01,D,0
18.66069,78.63042,344.59,0.56,0.43,2024-02-22,818,N20,VIIRS,n,2,309.55,6.37,D,0
18.67779,78.86695,340.06,0.57,0.43,2024-02-22,818,N20,VIIRS,n,2,307.43,8.69,D,0
18.67992,78.86922,343.29,0.57,0.43,2024-02-22,818,N20,VIIRS,n,2,305.96,6.74,D,0
18.70138,80.76047,332.38,0.5,0.49,2024-02-22,818,N20,VIIRS,n,2,302.45,5.13,D,0
18.72728,80.46043,330.63,0.48,0.48,2024-02-22,818,N20,VIIRS,l,2,301.49,1.94,D,0
18.72886,80.43613,344.18,0.48,0.48,2024-02-22,818,N20,VIIRS,n,2,308.69,46.82,D,0
18.7294,80.44064,343.33,0.48,0.48,2024-02-22,818,N20,VIIRS,n,2,302.79,32.64,D,0
18.7317,80.45992,332.98,0.48,0.48,2024-02-22,818,N20,VIIRS,n,2,302.5,4.87,D,0
18.73347,78.19566,331.31,0.53,0.42,2024-02-22,818,N20,VIIRS,l,2,305.51,1.89,D,0
18.84458,78.44104,335.39,0.54,0.42,2024-02-22,818,N20,VIIRS,l,2,307.4,7.04,D,0
18.8986,78.52337,339.14,0.55,0.43,2024-02-22,818,N20,VIIRS,n,2,309.47,5.69,D,0
18.94958,78.89677,332.92,0.39,0.44,2024-02-22,818,N20,VIIRS,l,2,304.65,2.7,D,0
18.95007,78.90067,337.93,0.39,0.44,2024-02-22,818,N20,VIIRS,n,2,303.52,2.79,D,0
18.95103,79.40367,350.39,0.41,0.45,2024-02-22,818,N20,VIIRS,n,2,307.59,5.99,D,0
18.95515,79.403,345.62,0.41,0.45,2024-02-22,818,N20,VIIRS,n,2,306.21,5.99,D,0
18.95928,79.41878,342.14,0.42,0.45,2024-02-22,818,N20,VIIRS,n,2,308.33,6.21,D,0
18.95975,79.4228,341.93,0.42,0.45,2024-02-22,818,N20,VIIRS,n,2,305.37,6.21,D,0
18.96133,79.41862,341.86,0.42,0.45,2024-02-22,818,N20,VIIRS,n,2,308.11,6.02,D,0
18.96183,79.42261,342.49,0.42,0.45,2024-02-22,818,N20,VIIRS,n,2,306.36,6.02,D,0
18.97692,79.3207,337.09,0.41,0.45,2024-02-22,818,N20,VIIRS,l,2,310.95,3.79,D,0
18.98616,78.96027,338.36,0.39,0.44,2024-02-22,818,N20,VIIRS,n,2,307.26,5.04,D,0
18.98664,78.96404,346.8,0.39,0.44,2024-02-22,818,N20,VIIRS,n,2,308.36,7.09,D,0
18.9889,79.7772,342.12,0.44,0.46,2024-02-22,818,N20,VIIRS,n,2,308.74,3.76,D,0
19.0068,78.96155,340.17,0.39,0.44,2024-02-22,818,N20,VIIRS,n,2,306.05,3.83,D,0
19.01868,78.78198,345.99,0.57,0.43,2024-02-22,818,N20,VIIRS,n,2,307.39,6.48,D,0
19.09085,78.49722,338.45,0.55,0.43,2024-02-22,818,N20,VIIRS,n,2,310.74,5.56,D,0
19.11977,77.9949,343.55,0.52,0.41,2024-02-22,818,N20,VIIRS,n,2,310.24,43.25,D,0
19.12537,78.70967,334.24,0.57,0.43,2024-02-22,818,N20,VIIRS,l,2,308.97,4.18,D,0
19.18935,78.5836,345.34,0.56,0.43,2024-02-22,818,N20,VIIRS,n,2,306.93,7.05,D,0
19.19012,78.58566,338.24,0.56,0.43,2024-02-22,818,N20,VIIRS,n,2,306.03,7.31,D,0
19.2051,78.58121,331.78,0.56,0.43,2024-02-22,818,N20,VIIRS,l,2,305.74,3.71,D,0
19.23536,79.06552,367.0,0.4,0.44,2024-02-22,818,N20,VIIRS,h,2,311.54,4.89,D,0
19.24639,77.1311,339.61,0.47,0.4,2024-02-22,818,N20,VIIRS,n,2,312.83,5.45,D,0
19.24731,79.19313,337.87,0.41,0.45,2024-02-22,818,N20,VIIRS,n,2,309.31,2.64,D,0
19.25412,77.55165,336.65,0.49,0.41,2024-02-22,818,N20,VIIRS,n,2,309.79,1.73,D,0
19.25784,77.55108,337.1,0.49,0.41,2024-02-22,818,N20,VIIRS,n,2,309.43,6.54,D,0
19.27364,78.7422,334.51,0.57,0.43,2024-02-22,818,N20,VIIRS,l,2,307.22,5.49,D,0
19.28615,78.59414,335.28,0.56,0.43,2024-02-22,818,N20,VIIRS,n,2,308.38,4.07,D,0
19.28681,78.59952,334.79,0.56,0.43,2024-02-22,818,N20,VIIRS,n,2,307.78,3.36,D,0
19.28748,78.59743,342.18,0.56,0.43,2024-02-22,818,N20,VIIRS,n,2,308.68,5.77,D,0
19.28754,78.53989,338.57,0.56,0.43,2024-02-22,818,N20,VIIRS,l,2,310.03,7.42,D,0
19.28849,78.54317,341.9,0.56,0.43,2024-02-22,818,N20,VIIRS,n,2,308.57,3.65,D,0
19.28889,78.51837,341.15,0.56,0.43,2024-02-22,818,N20,VIIRS,n,2,309.39,5.54,D,0
19.28903,78.51643,341.51,0.56,0.43,2024-02-22,818,N20,VIIRS,n,2,308.57,7.0,D,0
19.30786,78.51,338.58,0.56,0.43,2024-02-22,818,N20,VIIRS,l,2,312.73,6.95,D,0
19.31979,78.63871,336.03,0.57,0.43,2024-02-22,818,N20,VIIRS,l,2,310.26,2.56,D,0
19.33018,78.56051,339.3,0.56,0.43,2024-02-22,818,N20,VIIRS,l,2,310.93,6.13,D,0
19.35759,78.68288,340.68,0.57,0.43,2024-02-22,818,N20,VIIRS,n,2,309.47,6.12,D,0
19.36224,78.68772,333.72,0.57,0.43,2024-02-22,818,N20,VIIRS,l,2,308.69,4.32,D,0
19.54004,79.53609,337.95,0.43,0.46,2024-02-22,818,N20,VIIRS,n,2,305.86,1.34,D,0
19.76149,78.59758,334.38,0.57,0.43,2024-02-22,818,N20,VIIRS,n,2,308.32,2.08,D,0
19.81952,78.35767,336.33,0.55,0.43,2024-02-22,818,N20,VIIRS,l,2,310.31,3.16,D,0
19.92194,78.72744,342.77,0.39,0.44,2024-02-22,818,N20,VIIRS,n,2,308.65,2.79,D,0
19.9255,78.72325,344.59,0.39,0.44,2024-02-22,818,N20,VIIRS,n,2,308.97,4.8,D,0
19.92953,78.7228,334.37,0.39,0.44,2024-02-22,818,N20,VIIRS,l,2,309.33,4.8,D,0
16.87613,80.3182,304.42,0.33,0.55,2024-02-22,2048,N20,VIIRS,n,2,291.74,0.38,N,0
16.87629,80.31883,303.22,0.33,0.55,2024-02-22,2048,N20,VIIRS,n,2,291.81,0.4,N,0
17.59871,77.03255,319.43,0.39,0.44,2024-02-22,2048,N20,VIIRS,n,2,292.51,1.83,N,0
17.6027,77.03329,302.88,0.39,0.44,2024-02-22,2048,N20,VIIRS,n,2,292.5,0.61,N,0
17.60402,77.02602,310.43,0.39,0.44,2024-02-22,2048,N20,VIIRS,n,2,292.18,1.41,N,0
17.60681,77.07899,317.37,0.39,0.44,2024-02-22,2048,N20,VIIRS,n,2,291.45,1.8,N,0
17.60774,77.08309,308.59,0.39,0.44,2024-02-22,2048,N20,VIIRS,n,2,291.45,1.33,N,0
17.60844,77.07934,320.21,0.39,0.44,2024-02-22,2048,N20,VIIRS,n,2,292.39,1.33,N,0
17.61174,77.08383,303.1,0.39,0.44,2024-02-22,2048,N20,VIIRS,n,2,290.76,0.87,N,0
17.70002,77.76294,301.56,0.43,0.46,2024-02-22,2048,N20,VIIRS,n,2,289.42,0.74,N,0
17.70144,77.76266,302.39,0.43,0.46,2024-02-22,2048,N20,VIIRS,n,2,288.99,0.62,N,0
17.99422,77.66474,303.36,0.42,0.45,2024-02-22,2048,N20,VIIRS,n,2,287.19,0.58,N,0
18.45055,78.47758,302.37,0.46,0.47,2024-02-22,2048,N20,VIIRS,n,2,290.73,1.01,N,0
18.48959,78.0014,301.43,0.43,0.46,2024-02-22,2048,N20,VIIRS,n,2,290.72,0.55,N,0
18.54282,78.49551,303.81,0.46,0.47,2024-02-22,2048,N20,VIIRS,n,2,290.51,0.81,N,0
18.54644,78.48932,301.69,0.46,0.47,2024-02-22,2048,N20,VIIRS,n,2,290.13,0.53,N,0
18.54875,78.48802,303.92,0.46,0.47,2024-02-22,2048,N20,VIIRS,n,2,291.39,0.93,N,0
18.58489,78.07561,305.36,0.44,0.46,2024-02-22,2048,N20,VIIRS,n,2,291.68,0.84,N,0
18.59172,78.68327,305.95,0.48,0.48,2024-02-22,2048,N20,VIIRS,n,2,291.28,1.51,N,0
18.60009,79.42604,307.65,0.53,0.5,2024-02-22,2048,N20,VIIRS,n,2,293.08,1.53,N,0
18.63708,78.51561,315.91,0.46,0.47,2024-02-22,2048,N20,VIIRS,n,2,291.52,1.21,N,0
18.6774,78.87528,311.8,0.49,0.48,2024-02-22,2048,N20,VIIRS,n,2,291.9,2.26,N,0
18.6783,78.87295,313.46,0.49,0.48,2024-02-22,2048,N20,VIIRS,n,2,292.31,2.31,N,0
18.67893,79.55476,305.46,0.54,0.51,2024-02-22,2048,N20,VIIRS,n,2,293.12,0.61,N,0
18.72145,79.53292,306.14,0.54,0.51,2024-02-22,2048,N20,VIIRS,n,2,293.66,3.01,N,2
18.74299,79.28171,303.67,0.52,0.5,2024-02-22,2048,N20,VIIRS,n,2,293.43,2.16,N,0
18.76474,78.96668,318.17,0.49,0.49,2024-02-22,2048,N20,VIIRS,n,2,293.53,2.67,N,0
18.7656,78.96219,301.91,0.49,0.49,2024-02-22,2048,N20,VIIRS,n,2,291.27,1.16,N,0
18.76901,78.96498,302.4,0.49,0.49,2024-02-22,2048,N20,VIIRS,n,2,290.86,0.91,N,0
18.8061,78.54053,304.63,0.46,0.47,2024-02-22,2048,N20,VIIRS,n,2,293.05,1.01,N,0
18.92108,78.91016,305.44,0.48,0.48,2024-02-22,2048,N20,VIIRS,n,2,291.86,1.41,N,0
19.04741,78.77835,301.33,0.47,0.48,2024-02-22,2048,N20,VIIRS,n,2,291.2,1.05,N,0
19.12598,78.44474,306.58,0.45,0.47,2024-02-22,2048,N20,VIIRS,n,2,292.94,1.77,N,0
19.1292,77.19385,304.09,0.57,0.43,2024-02-22,2048,N20,VIIRS,n,2,287.22,0.67,N,0
19.13266,78.54723,303.91,0.46,0.47,2024-02-22,2048,N20,VIIRS,n,2,292.68,0.9,N,0
19.15313,77.37241,325.27,0.39,0.44,2024-02-22,2048,N20,VIIRS,n,2,287.81,1.95,N,0
19.16645,78.53255,313.77,0.45,0.47,2024-02-22,2048,N20,VIIRS,n,2,292.16,1.81,N,0
19.18763,78.59783,306.75,0.46,0.47,2024-02-22,2048,N20,VIIRS,n,2,293.18,1.84,N,0
19.20129,78.57337,302.73,0.46,0.47,2024-02-22,2048,N20,VIIRS,n,2,291.87,0.71,N,0
19.20551,78.57443,303.7,0.46,0.47,2024-02-22,2048,N20,VIIRS,n,2,292.08,0.71,N,0
19.26411,78.59238,305.36,0.46,0.47,2024-02-22,2048,N20,VIIRS,n,2,291.02,1.3,N,0
19.28035,78.75138,307.44,0.47,0.47,2024-02-22,2048,N20,VIIRS,n,2,291.06,2.11,N,0
19.28118,78.74716,299.87,0.47,0.47,2024-02-22,2048,N20,VIIRS,n,2,289.83,0.78,N,0
19.28877,78.50922,304.4,0.45,0.47,2024-02-22,2048,N20,VIIRS,n,2,289.64,0.78,N,0
19.29175,78.53501,300.63,0.45,0.47,2024-02-22,2048,N20,VIIRS,n,2,290.55,1.08,N,0
19.29255,78.53094,305.22,0.45,0.47,2024-02-22,2048,N20,VIIRS,n,2,290.77,1.08,N,0
19.29326,78.53204,309.85,0.45,0.47,2024-02-22,2048,N20,VIIRS,n,2,291.29,1.6,N,0
19.29404,78.52795,300.57,0.45,0.47,2024-02-22,2048,N20,VIIRS,n,2,289.52,0.34,N,0
19.45692,77.70215,327.35,0.4,0.44,2024-02-22,2048,N20,VIIRS,n,2,286.7,2.95,N,0
19.45781,77.70226,321.86,0.4,0.44,2024-02-22,2048,N20,VIIRS,n,2,286.59,3.09,N,0
19.53809,77.719,300.96,0.4,0.44,2024-02-22,2048,N20,VIIRS,n,2,285.8,0.54,N,0
19.78499,79.14836,308.64,0.48,0.48,2024-02-22,2048,N20,VIIRS,n,2,292.96,1.48,N,2
19.9165,78.72292,311.67,0.45,0.47,2024-02-22,2048,N20,VIIRS,n,2,291.09,1.2,N,0
19.92017,78.72157,323.05,0.45,0.47,2024-02-22,2048,N20,VIIRS,n,2,291.05,1.58,N,0
19.92074,78.72382,304.19,0.45,0.47,2024-02-22,2048,N20,VIIRS,n,2,290.71,1.2,N,0
19.92155,78.7196,302.7,0.45,0.47,2024-02-22,2048,N20,VIIRS,n,2,290.61,1.2,N,0
19.92521,78.71846,301.2,0.45,0.47,2024-02-22,2048,N20,VIIRS,n,2,290.94,1.58,N,0
19.96224,78.25446,318.21,0.42,0.45,2024-02-22,2048,N20,VIIRS,n,2,289.7,1.16,N,0
19.96634,78.25539,299.98,0.42,0.45,2024-02-22,2048,N20,VIIRS,n,2,289.47,1.16,N,0
16.0923,78.51617,305.14,0.51,0.5,2024-02-22,2049,N20,VIIRS,n,2,294.38,1.08,N,0
16.09682,78.51698,304.49,0.51,0.5,2024-02-22,2049,N20,VIIRS,n,2,294.48,1.08,N,0
16.09917,78.43137,309.65,0.51,0.49,2024-02-22,2049,N20,VIIRS,n,2,294.44,1.58,N,0
16.10001,78.42697,314.79,0.51,0.49,2024-02-22,2049,N20,VIIRS,n,2,294.39,1.58,N,0
16.16176,78.79658,306.39,0.54,0.5,2024-02-22,2049,N20,VIIRS,n,2,293.82,0.89,N,0
16.21517,78.6147,304.47,0.52,0.5,2024-02-22,2049,N20,VIIRS,n,2,293.68,1.83,N,0
17.14306,77.18499,303.17,0.41,0.45,2024-02-22,2049,N20,VIIRS,n,2,292.7,1.31,N,2
17.14732,78.22276,306.64,0.47,0.48,2024-02-22,2049,N20,VIIRS,n,2,290.95,0.79,N,2
15.51532,78.71584,340.14,0.39,0.36,2024-02-23,758,N20,VIIRS,n,2,309.36,6.23,D,0
15.51697,78.70457,350.14,0.39,0.36,2024-02-23,758,N20,VIIRS,n,2,312.34,6.36,D,0
15.51752,78.70815,338.04,0.39,0.36,2024-02-23,758,N20,VIIRS,l,2,311.37,6.36,D,0
15.52083,78.7076,355.86,0.39,0.36,2024-02-23,758,N20,VIIRS,n,2,311.72,6.36,D,0
15.52688,78.68098,335.54,0.39,0.36,2024-02-23,758,N20,VIIRS,l,2,309.74,5.37,D,0
15.53074,78.68404,344.27,0.39,0.36,2024-02-23,758,N20,VIIRS,n,2,310.11,5.37,D,0
15.60917,78.59731,340.92,0.39,0.36,2024-02-23,758,N20,VIIRS,n,2,313.17,7.3,D,0
15.62058,79.85657,341.99,0.39,0.36,2024-02-23,758,N20,VIIRS,n,2,305.2,1.64,D,0
15.65691,79.75865,334.41,0.39,0.36,2024-02-23,758,N20,VIIRS,l,2,306.84,1.67,D,0
15.72132,79.28458,338.33,0.38,0.36,2024-02-23,758,N20,VIIRS,l,2,311.28,3.2,D,0
15.75686,79.76825,337.65,0.39,0.36,2024-02-23,758,N20,VIIRS,n,2,306.5,1.81,D,0
15.8048,78.76617,335.07,0.39,0.36,2024-02-23,758,N20,VIIRS,n,2,305.64,1.54,D,0
15.8085,78.6992,338.25,0.39,0.36,2024-02-23,758,N20,VIIRS,n,2,310.41,5.23,D,0
15.80906,78.70278,346.97,0.39,0.36,2024-02-23,758,N20,VIIRS,n,2,314.48,5.23,D,0
15.81236,78.70223,341.41,0.39,0.36,2024-02-23,758,N20,VIIRS,n,2,307.93,5.23,D,0
15.84818,78.82473,335.92,0.39,0.36,2024-02-23,758,N20,VIIRS,n,2,306.26,3.3,D,0
15.85574,79.00615,330.76,0.38,0.36,2024-02-23,758,N20,VIIRS,l,2,301.78,2.26,D,0
15.85628,79.00971,334.72,0.38,0.36,2024-02-23,758,N20,VIIRS,n,2,301.1,2.26,D,0
15.85903,79.00561,338.7,0.38,0.36,2024-02-23,758,N20,VIIRS,n,2,302.74,2.26,D,0
15.86287,79.00862,337.62,0.38,0.36,2024-02-23,758,N20,VIIRS,n,2,302.04,3.23,D,0
15.86355,78.7048,335.99,0.39,0.36,2024-02-23,758,N20,VIIRS,l,2,310.84,3.1,D,0
15.86825,77.2206,339.29,0.41,0.37,2024-02-23,758,N20,VIIRS,l,2,311.89,3.52,D,0
15.89713,78.70293,339.18,0.39,0.36,2024-02-23,758,N20,VIIRS,l,2,310.98,3.04,D,0
15.90147,78.86355,333.82,0.38,0.36,2024-02-23,758,N20,VIIRS,n,2,305.86,3.58,D,0
15.90202,78.86711,351.99,0.38,0.36,2024-02-23,758,N20,VIIRS,n,2,307.63,5.59,D,0
15.90257,78.87067,337.72,0.38,0.36,2024-02-23,758,N20,VIIRS,n,2,305.78,5.59,D,0
15.92437,79.869,334.35,0.39,0.36,2024-02-23,758,N20,VIIRS,l,2,304.7,2.01,D,0
15.93493,78.92746,331.53,0.38,0.36,2024-02-23,758,N20,VIIRS,n,2,304.32,3.75,D,0
15.93547,78.93102,347.8,0.38,0.36,2024-02-23,758,N20,VIIRS,n,2,307.27,3.75,D,0
15.94938,79.35581,335.67,0.38,0.36,2024-02-23,758,N20,VIIRS,l,2,305.81,1.83,D,0
15.96943,78.84092,339.24,0.39,0.36,2024-02-23,758,N20,VIIRS,l,2,313.43,4.57,D,0
16.01839,78.74117,347.55,0.39,0.36,2024-02-23,758,N20,VIIRS,n,2,310.98,7.21,D,0
16.01894,78.74474,334.76,0.39,0.36,2024-02-23,758,N20,VIIRS,l,2,308.53,7.32,D,0
16.02169,78.74065,345.96,0.39,0.36,2024-02-23,758,N20,VIIRS,n,2,310.59,7.21,D,0
16.026,78.74344,353.82,0.39,0.36,2024-02-23,758,N20,VIIRS,n,2,311.73,8.73,D,0
16.03532,78.6942,341.24,0.39,0.36,2024-02-23,758,N20,VIIRS,n,2,312.52,2.57,D,0
16.03811,78.75613,338.13,0.39,0.36,2024-02-23,758,N20,VIIRS,l,2,310.74,4.36,D,0
16.03921,78.76327,349.6,0.39,0.36,2024-02-23,758,N20,VIIRS,n,2,312.06,3.07,D,0
16.03976,78.76684,335.35,0.39,0.36,2024-02-23,758,N20,VIIRS,n,2,308.73,3.07,D,0
16.04142,78.75561,338.44,0.39,0.36,2024-02-23,758,N20,VIIRS,l,2,309.94,5.81,D,0
16.04252,78.76275,346.09,0.39,0.36,2024-02-23,758,N20,VIIRS,n,2,313.75,8.87,D,0
16.04306,78.76631,336.77,0.39,0.36,2024-02-23,758,N20,VIIRS,n,2,311.63,8.87,D,0
16.04527,78.75865,347.22,0.39,0.36,2024-02-23,758,N20,VIIRS,n,2,312.37,5.81,D,0
16.04582,78.76221,350.84,0.39,0.36,2024-02-23,758,N20,VIIRS,n,2,314.19,8.87,D,0
16.04802,78.75455,339.97,0.39,0.36,2024-02-23,758,N20,VIIRS,l,2,312.42,6.06,D,0
16.04857,78.75811,341.5,0.39,0.36,2024-02-23,758,N20,VIIRS,l,2,313.35,6.06,D,0
16.04912,78.76168,342.64,0.39,0.36,2024-02-23,758,N20,VIIRS,n,2,312.08,4.13,D,0
16.05077,78.75046,348.36,0.39,0.36,2024-02-23,758,N20,VIIRS,n,2,317.02,13.76,D,0
16.05242,78.76115,352.57,0.39,0.36,2024-02-23,758,N20,VIIRS,n,2,314.43,4.13,D,0
16.05297,78.7647,334.35,0.39,0.36,2024-02-23,758,N20,VIIRS,l,2,307.13,4.13,D,0
16.05407,78.74991,353.16,0.39,0.36,2024-02-23,758,N20,VIIRS,n,2,318.91,13.57,D,0
16.05429,77.04589,339.91,0.42,0.38,2024-02-23,758,N20,VIIRS,l,2,314.06,6.36,D,0
16.05517,78.75704,345.05,0.39,0.36,2024-02-23,758,N20,VIIRS,n,2,313.03,32.76,D,0
16.05572,78.7606,347.68,0.39,0.36,2024-02-23,758,N20,VIIRS,n,2,311.24,10.7,D,0
16.05682,78.7458,346.61,0.39,0.36,2024-02-23,758,N20,VIIRS,n,2,310.65,13.57,D,0
16.05737,78.74937,353.76,0.39,0.36,2024-02-23,758,N20,VIIRS,n,2,312.94,13.57,D,0
16.0602,77.06078,343.52,0.42,0.37,2024-02-23,758,N20,VIIRS,n,2,315.34,5.91,D,0
16.06362,77.0602,345.67,0.42,0.37,2024-02-23,758,N20,VIIRS,n,2,313.51,5.91,D,0
16.08202,78.53593,335.49,0.39,0.36,2024-02-23,758,N20,VIIRS,l,2,309.79,3.41,D,0
16.08541,78.71174,341.54,0.39,0.36,2024-02-23,758,N20,VIIRS,l,2,314.09,4.7,D,0
16.09519,77.90064,344.15,0.4,0.37,2024-02-23,758,N20,VIIRS,l,2,314.71,5.28,D,0
16.10132,77.31725,345.94,0.41,0.37,2024-02-23,758,N20,VIIRS,n,2,314.47,7.36,D,0
16.10541,78.20584,342.61,0.39,0.36,2024-02-23,758,N20,VIIRS,n,2,311.86,4.66,D,0
16.10689,77.30851,341.43,0.41,0.37,2024-02-23,758,N20,VIIRS,l,2,314.98,5.78,D,0
16.12685,77.06129,344.48,0.42,0.37,2024-02-23,758,N20,VIIRS,n,2,315.45,5.42,D,0
16.1483,77.08533,341.38,0.42,0.37,2024-02-23,758,N20,VIIRS,l,2,315.34,5.49,D,0
16.17952,78.00605,340.13,0.39,0.36,2024-02-23,758,N20,VIIRS,l,2,311.38,5.75,D,0
16.19419,80.82851,337.71,0.4,0.37,2024-02-23,758,N20,VIIRS,n,2,300.97,2.94,D,0
16.2162,78.30547,334.36,0.39,0.36,2024-02-23,758,N20,VIIRS,l,2,306.98,1.39,D,0
16.21655,77.22709,344.98,0.41,0.37,2024-02-23,758,N20,VIIRS,n,2,313.91,6.5,D,0
16.2597,80.79515,332.73,0.4,0.37,2024-02-23,758,N20,VIIRS,n,2,302.19,2.69,D,0
16.31488,77.07276,338.62,0.42,0.37,2024-02-23,758,N20,VIIRS,l,2,308.95,1.99,D,0
16.32958,77.34039,341.12,0.41,0.37,2024-02-23,758,N20,VIIRS,l,2,315.09,5.68,D,0
16.33611,80.76431,334.02,0.4,0.37,2024-02-23,758,N20,VIIRS,n,2,300.49,2.6,D,0
16.42074,78.06994,336.22,0.39,0.36,2024-02-23,758,N20,VIIRS,l,2,309.99,2.08,D,0
16.4235,78.06575,337.26,0.39,0.36,2024-02-23,758,N20,VIIRS,l,2,309.12,2.63,D,0
16.43736,78.06715,343.08,0.39,0.36,2024-02-23,758,N20,VIIRS,n,2,310.51,4.33,D,0
16.48849,80.80627,344.19,0.41,0.37,2024-02-23,758,N20,VIIRS,n,2,303.71,6.99,D,0
16.48903,80.81005,335.77,0.41,0.37,2024-02-23,758,N20,VIIRS,n,2,303.07,6.99,D,0
16.51922,78.30956,345.43,0.39,0.36,2024-02-23,758,N20,VIIRS,n,2,306.48,5.07,D,0
16.5388,77.93359,341.06,0.39,0.36,2024-02-23,758,N20,VIIRS,l,2,311.09,2.51,D,0
16.55814,77.90782,338.83,0.39,0.36,2024-02-23,758,N20,VIIRS,l,2,310.84,5.04,D,0
16.6125,79.02544,337.67,0.38,0.36,2024-02-23,758,N20,VIIRS,n,2,305.43,1.91,D,0
16.6291,77.08507,343.37,0.41,0.37,2024-02-23,758,N20,VIIRS,l,2,317.98,6.71,D,0
16.64848,80.34128,330.83,0.4,0.37,2024-02-23,758,N20,VIIRS,l,2,304.9,3.2,D,0
16.70616,79.62698,344.19,0.39,0.36,2024-02-23,758,N20,VIIRS,n,2,307.77,5.34,D,0
16.756,78.32438,333.98,0.39,0.36,2024-02-23,758,N20,VIIRS,l,2,307.28,1.82,D,0
16.78728,78.70222,341.09,0.38,0.36,2024-02-23,758,N20,VIIRS,n,2,311.12,3.86,D,0
16.81523,79.42516,334.07,0.39,0.36,2024-02-23,758,N20,VIIRS,n,2,301.92,2.36,D,0
17.01126,77.3813,345.62,0.4,0.37,2024-02-23,758,N20,VIIRS,n,2,314.99,4.25,D,0
17.02395,78.69558,334.57,0.38,0.36,2024-02-23,758,N20,VIIRS,l,2,307.99,3.13,D,0
17.17907,77.89876,343.74,0.39,0.36,2024-02-23,758,N20,VIIRS,l,2,318.27,3.93,D,0
17.2332,80.32473,332.64,0.4,0.37,2024-02-23,758,N20,VIIRS,l,2,302.68,3.33,D,0
17.23656,80.3242,334.87,0.4,0.37,2024-02-23,758,N20,VIIRS,n,2,302.14,3.33,D,0
17.28087,78.7112,346.51,0.38,0.36,2024-02-23,758,N20,VIIRS,n,2,311.41,15.01,D,0
17.34497,78.88811,339.08,0.38,0.36,2024-02-23,758,N20,VIIRS,n,2,306.89,5.93,D,0
17.35019,77.64636,344.48,0.4,0.37,2024-02-23,758,N20,VIIRS,n,2,317.98,5.33,D,0
17.39463,77.65022,342.76,0.39,0.37,2024-02-23,758,N20,VIIRS,l,2,317.31,4.8,D,0
17.40196,80.44376,338.18,0.4,0.37,2024-02-23,758,N20,VIIRS,n,2,303.89,3.89,D,0
17.41488,78.08174,344.71,0.39,0.36,2024-02-23,758,N20,VIIRS,n,2,315.97,5.6,D,0
17.46843,77.15089,344.47,0.41,0.37,2024-02-23,758,N20,VIIRS,n,2,316.84,4.15,D,0
17.4775,78.11202,345.67,0.39,0.36,2024-02-23,758,N20,VIIRS,n,2,314.25,4.32,D,0
17.5397,77.967,348.55,0.39,0.36,2024-02-23,758,N20,VIIRS,n,2,313.01,3.6,D,0
17.5509,77.8866,343.34,0.39,0.36,2024-02-23,758,N20,VIIRS,l,2,315.25,6.49,D,0
17.58608,78.72917,338.78,0.38,0.36,2024-02-23,758,N20,VIIRS,n,2,309.98,2.78,D,0
17.58648,77.80933,338.28,0.39,0.36,2024-02-23,758,N20,VIIRS,l,2,312.71,2.09,D,0
17.60764,77.83568,337.15,0.39,0.36,2024-02-23,758,N20,VIIRS,l,2,311.77,1.63,D,0
17.62937,78.01883,342.43,0.39,0.36,2024-02-23,758,N20,VIIRS,n,2,315.66,4.5,D,0
17.70372,78.94499,337.69,0.38,0.36,2024-02-23,758,N20,VIIRS,n,2,305.98,2.53,D,0
17.75191,79.38045,337.72,0.39,0.36,2024-02-23,758,N20,VIIRS,n,2,306.72,5.28,D,0
17.80294,79.04299,335.54,0.38,0.36,2024-02-23,758,N20,VIIRS,l,2,308.84,2.73,D,0
17.86627,79.99906,336.23,0.4,0.37,2024-02-23,758,N20,VIIRS,n,2,304.21,3.21,D,0
17.67849,77.98435,347.3,0.39,0.36,2024-02-23,759,N20,VIIRS,n,2,314.59,6.85,D,0
17.80197,77.15095,355.71,0.4,0.37,2024-02-23,759,N20,VIIRS,n,2,314.72,13.11,D,0
17.80257,77.15471,341.05,0.4,0.37,2024-02-23,759,N20,VIIRS,l,2,313.95,2.94,D,0
17.82488,78.73695,338.12,0.38,0.36,2024-02-23,759,N20,VIIRS,l,2,312.95,3.53,D,0
17.82917,78.8321,340.12,0.38,0.36,2024-02-23,759,N20,VIIRS,n,2,311.37,1.47,D,0
17.83473,78.04997,336.13,0.39,0.36,2024-02-23,759,N20,VIIRS,l,2,308.16,3.93,D,0
17.88761,79.01789,343.02,0.38,0.36,2024-02-23,759,N20,VIIRS,n,2,310.47,2.06,D,0
17.89485,77.86806,344.44,0.39,0.36,2024-02-23,759,N20,VIIRS,n,2,317.0,4.87,D,0
17.97241,79.9823,331.86,0.4,0.37,2024-02-23,759,N20,VIIRS,l,2,305.91,3.5,D,0
17.98313,77.43384,345.45,0.4,0.37,2024-02-23,759,N20,VIIRS,n,2,312.69,3.75,D,0
17.99579,78.23437,346.18,0.39,0.36,2024-02-23,759,N20,VIIRS,n,2,311.08,4.26,D,0
18.00919,80.09453,346.64,0.4,0.37,2024-02-23,759,N20,VIIRS,n,2,304.4,5.61,D,0
18.01035,78.46136,338.12,0.38,0.36,2024-02-23,759,N20,VIIRS,n,2,310.74,2.58,D,0
18.01466,78.35712,334.33,0.38,0.36,2024-02-23,759,N20,VIIRS,l,2,308.74,1.76,D,0
18.0689,78.86876,336.55,0.38,0.36,2024-02-23,759,N20,VIIRS,l,2,308.31,3.5,D,0
18.07009,80.02685,347.3,0.4,0.37,2024-02-23,759,N20,VIIRS,n,2,302.13,3.09,D,0
18.07344,80.02631,333.44,0.4,0.37,2024-02-23,759,N20,VIIRS,l,2,303.97,3.09,D,0
18.07679,80.02577,333.86,0.4,0.37,2024-02-23,759,N20,VIIRS,n,2,303.04,2.51,D,0
18.12289,79.09279,340.12,0.39,0.36,2024-02-23,759,N20,VIIRS,n,2,310.85,3.09,D,0
18.14783,77.42425,338.71,0.4,0.37,2024-02-23,759,N20,VIIRS,l,2,313.37,2.39,D,0
18.16121,79.90599,333.15,0.39,0.37,2024-02-23,759,N20,VIIRS,l,2,307.8,2.53,D,0
18.18266,80.05496,338.6,0.4,0.37,2024-02-23,759,N20,VIIRS,n,2,301.93,3.22,D,0
18.20691,78.10538,353.93,0.39,0.36,2024-02-23,759,N20,VIIRS,n,2,314.69,4.16,D,0
18.20747,78.10901,339.63,0.39,0.36,2024-02-23,759,N20,VIIRS,l,2,312.61,4.16,D,0
18.22416,78.10577,341.45,0.39,0.36,2024-02-23,759,N20,VIIRS,n,2,312.92,3.56,D,0
18.26339,78.16229,335.99,0.39,0.36,2024-02-23,759,N20,VIIRS,l,2,309.98,4.88,D,0
18.26395,78.16593,347.63,0.39,0.36,2024-02-23,759,N20,VIIRS,n,2,310.03,4.88,D,0
18.27526,80.73435,330.97,0.42,0.37,2024-02-23,759,N20,VIIRS,l,2,302.22,2.35,D,0
18.2881,77.94958,349.89,0.39,0.36,2024-02-23,759,N20,VIIRS,n,2,311.1,6.25,D,0
18.28971,77.93811,335.52,0.39,0.36,2024-02-23,759,N20,VIIRS,n,2,309.59,4.11,D,0
18.29028,77.94175,350.29,0.39,0.36,2024-02-23,759,N20,VIIRS,n,2,311.83,8.81,D,0
18.29712,77.9623,336.55,0.39,0.36,2024-02-23,759,N20,VIIRS,n,2,308.07,2.76,D,0
18.30043,77.96174,335.31,0.39,0.36,2024-02-23,759,N20,VIIRS,l,2,307.42,2.76,D,0
18.30931,77.97516,334.2,0.39,0.36,2024-02-23,759,N20,VIIRS,l,2,308.82,1.25,D,0
18.31148,77.96733,334.86,0.39,0.36,2024-02-23,759,N20,VIIRS,l,2,309.16,1.49,D,0
18.31205,77.97097,334.68,0.39,0.36,2024-02-23,759,N20,VIIRS,l,2,308.32,1.49,D,0
18.3128,78.0193,341.58,0.39,0.36,2024-02-23,759,N20,VIIRS,n,2,310.16,2.94,D,0
18.31336,78.02295,335.8,0.39,0.36,2024-02-23,759,N20,VIIRS,n,2,307.29,2.94,D,0
18.31667,78.0224,335.98,0.39,0.36,2024-02-23,759,N20,VIIRS,n,2,308.77,2.94,D,0
18.41418,78.03937,351.14,0.39,0.36,2024-02-23,759,N20,VIIRS,n,2,318.67,16.93,D,0
18.43726,77.44906,339.98,0.39,0.36,2024-02-23,759,N20,VIIRS,n,2,312.44,2.65,D,0
18.43848,78.59506,340.7,0.38,0.36,2024-02-23,759,N20,VIIRS,n,2,308.95,3.28,D,0
18.44451,78.47938,348.07,0.38,0.36,2024-02-23,759,N20,VIIRS,n,2,310.71,4.8,D,0
18.44855,80.10916,335.29,0.4,0.37,2024-02-23,759,N20,VIIRS,n,2,304.73,3.55,D,0
18.45597,79.32387,335.34,0.39,0.36,2024-02-23,759,N20,VIIRS,n,2,307.12,6.52,D,0
18.46153,78.48023,345.56,0.38,0.36,2024-02-23,759,N20,VIIRS,n,2,307.78,3.79,D,0
18.46482,78.47968,338.96,0.38,0.36,2024-02-23,759,N20,VIIRS,n,2,308.23,2.55,D,0
18.46539,80.51974,347.08,0.41,0.37,2024-02-23,759,N20,VIIRS,n,2,308.15,4.71,D,0
18.46593,80.52361,343.89,0.41,0.37,2024-02-23,759,N20,VIIRS,n,2,306.49,5.2,D,0
18.46879,80.51923,335.61,0.41,0.37,2024-02-23,759,N20,VIIRS,n,2,303.66,4.71,D,0
18.46933,80.52308,344.22,0.41,0.37,2024-02-23,759,N20,VIIRS,n,2,304.14,5.2,D,0
18.48475,80.50905,341.56,0.41,0.37,2024-02-23,759,N20,VIIRS,n,2,310.19,4.81,D,0
18.48815,80.50848,342.76,0.41,0.37,2024-02-23,759,N20,VIIRS,n,2,309.59,4.81,D,0
18.49078,77.85411,341.85,0.39,0.36,2024-02-23,759,N20,VIIRS,n,2,312.31,4.63,D,0
18.49155,80.50789,348.76,0.41,0.37,2024-02-23,759,N20,VIIRS,n,2,306.02,4.43,D,0
18.49211,80.51183,336.25,0.41,0.37,2024-02-23,759,N20,VIIRS,l,2,306.42,3.49,D,0
18.49353,77.84991,338.47,0.39,0.36,2024-02-23,759,N20,VIIRS,l,2,311.2,6.2,D,0
18.5046,80.50175,344.48,0.41,0.37,2024-02-23,759,N20,VIIRS,n,2,306.38,4.31,D,0
18.50514,80.50559,341.77,0.41,0.37,2024-02-23,759,N20,VIIRS,n,2,309.48,4.31,D,0
18.50855,80.50507,351.01,0.41,0.37,2024-02-23,759,N20,VIIRS,n,2,306.66,4.31,D,0
18.5091,80.50898,334.5,0.41,0.37,2024-02-23,759,N20,VIIRS,n,2,304.51,2.05,D,0
18.51136,78.49361,339.24,0.38,0.36,2024-02-23,759,N20,VIIRS,l,2,309.85,2.23,D,0
18.51306,80.51237,346.66,0.41,0.37,2024-02-23,759,N20,VIIRS,n,2,305.69,4.27,D,0
18.53683,78.1743,334.79,0.39,0.36,2024-02-23,759,N20,VIIRS,l,2,308.16,2.89,D,0
18.53687,78.19657,335.85,0.39,0.36,2024-02-23,759,N20,VIIRS,l,2,310.31,4.77,D,0
18.53739,78.17793,342.43,0.39,0.36,2024-02-23,759,N20,VIIRS,n,2,309.88,2.89,D,0
18.54541,78.49532,336.4,0.38,0.36,2024-02-23,759,N20,VIIRS,l,2,307.31,3.19,D,0
18.57672,78.54563,333.63,0.38,0.36,2024-02-23,759,N20,VIIRS,l,2,306.82,3.13,D,0
18.5778,78.61953,346.34,0.38,0.36,2024-02-23,759,N20,VIIRS,n,2,309.06,5.59,D,0
18.58221,78.58176,332.82,0.38,0.36,2024-02-23,759,N20,VIIRS,l,2,306.78,2.04,D,0
18.5855,78.5812,341.18,0.38,0.36,2024-02-23,759,N20,VIIRS,n,2,306.62,2.04,D,0
18.59648,78.60901,335.63,0.38,0.36,2024-02-23,759,N20,VIIRS,l,2,309.2,2.36,D,0
18.60534,78.55187,338.01,0.38,0.36,2024-02-23,759,N20,VIIRS,n,2,306.28,2.73,D,0
18.60808,78.54771,334.98,0.38,0.36,2024-02-23,759,N20,VIIRS,l,2,308.74,2.73,D,0
18.61467,78.56882,344.21,0.38,0.36,2024-02-23,759,N20,VIIRS,n,2,309.34,6.65,D,0
18.61992,78.78654,335.07,0.38,0.36,2024-02-23,759,N20,VIIRS,l,2,305.09,2.15,D,0
18.62236,78.5305,335.26,0.38,0.36,2024-02-23,759,N20,VIIRS,l,2,307.65,3.49,D,0
18.62286,80.40074,350.96,0.41,0.37,2024-02-23,759,N20,VIIRS,n,2,309.87,4.89,D,0
18.62625,80.40017,348.73,0.41,0.37,2024-02-23,759,N20,VIIRS,n,2,310.73,19.36,D,0
18.65751,78.51721,333.94,0.38,0.36,2024-02-23,759,N20,VIIRS,l,2,306.84,4.29,D,0
18.65799,78.36522,334.25,0.38,0.36,2024-02-23,759,N20,VIIRS,l,2,307.2,4.73,D,0
18.65854,78.36884,341.54,0.38,0.36,2024-02-23,759,N20,VIIRS,n,2,310.47,6.79,D,0
18.68146,78.80963,333.76,0.38,0.36,2024-02-23,759,N20,VIIRS,l,2,306.28,3.73,D,0
18.682,78.81326,333.86,0.38,0.36,2024-02-23,759,N20,VIIRS,l,2,307.31,3.73,D,0
18.72079,79.50883,336.65,0.39,0.36,2024-02-23,759,N20,VIIRS,n,2,308.57,1.23,D,0
18.72958,78.95016,336.75,0.39,0.36,2024-02-23,759,N20,VIIRS,l,2,308.24,2.94,D,0
18.73321,80.31667,335.95,0.41,0.37,2024-02-23,759,N20,VIIRS,n,2,309.8,3.73,D,0
18.74468,79.27957,336.12,0.39,0.36,2024-02-23,759,N20,VIIRS,l,2,308.26,3.38,D,0
18.74825,78.96197,335.56,0.39,0.36,2024-02-23,759,N20,VIIRS,l,2,308.98,3.23,D,0
18.77346,78.85709,334.0,0.38,0.36,2024-02-23,759,N20,VIIRS,l,2,305.27,3.19,D,0
18.77676,78.85655,342.28,0.38,0.36,2024-02-23,759,N20,VIIRS,n,2,307.78,3.19,D,0
18.78105,80.37942,333.42,0.41,0.37,2024-02-23,759,N20,VIIRS,l,2,305.82,2.91,D,0
18.78391,80.37505,337.54,0.41,0.37,2024-02-23,759,N20,VIIRS,l,2,308.74,5.47,D,0
18.78445,80.37888,339.95,0.41,0.37,2024-02-23,759,N20,VIIRS,n,2,305.09,2.76,D,0
18.80225,79.41668,334.98,0.39,0.36,2024-02-23,759,N20,VIIRS,l,2,308.97,1.34,D,0
18.80556,79.41614,335.75,0.39,0.36,2024-02-23,759,N20,VIIRS,l,2,308.84,1.34,D,0
18.80865,78.84386,333.85,0.38,0.36,2024-02-23,759,N20,VIIRS,l,2,306.1,4.21,D,0
18.83644,78.98429,334.0,0.39,0.36,2024-02-23,759,N20,VIIRS,n,2,306.91,2.1,D,0
18.83746,78.49337,338.64,0.38,0.36,2024-02-23,759,N20,VIIRS,l,2,310.46,4.14,D,0
18.89073,78.53268,336.88,0.38,0.36,2024-02-23,759,N20,VIIRS,n,2,309.65,2.41,D,0
18.89939,79.01798,342.15,0.39,0.36,2024-02-23,759,N20,VIIRS,n,2,312.56,3.14,D,0
18.90324,79.02107,340.74,0.39,0.36,2024-02-23,759,N20,VIIRS,n,2,308.39,3.14,D,0
18.90378,79.02472,335.43,0.39,0.36,2024-02-23,759,N20,VIIRS,l,2,310.2,2.02,D,0
18.92936,78.90131,337.48,0.39,0.36,2024-02-23,759,N20,VIIRS,n,2,305.38,2.57,D,0
18.93211,78.89712,334.04,0.39,0.36,2024-02-23,759,N20,VIIRS,n,2,307.04,1.99,D,0
18.94962,79.33538,345.08,0.39,0.36,2024-02-23,759,N20,VIIRS,n,2,312.58,4.93,D,0
18.95464,78.91203,336.71,0.39,0.36,2024-02-23,759,N20,VIIRS,n,2,308.06,1.88,D,0
18.96864,79.41887,342.83,0.39,0.36,2024-02-23,759,N20,VIIRS,n,2,312.63,3.48,D,0
18.97492,79.36885,337.97,0.39,0.36,2024-02-23,759,N20,VIIRS,l,2,311.68,4.09,D,0
18.9794,78.71416,339.99,0.38,0.36,2024-02-23,759,N20,VIIRS,n,2,308.9,7.07,D,0
18.98654,80.10475,343.14,0.4,0.37,2024-02-23,759,N20,VIIRS,n,2,307.17,3.19,D,0
18.98991,80.10422,346.19,0.4,0.37,2024-02-23,759,N20,VIIRS,n,2,308.2,7.89,D,0
19.02348,77.19691,339.31,0.4,0.37,2024-02-23,759,N20,VIIRS,l,2,313.97,3.04,D,0
19.02682,77.19632,341.26,0.4,0.37,2024-02-23,759,N20,VIIRS,l,2,315.54,2.41,D,0
19.02731,78.35697,336.5,0.38,0.36,2024-02-23,759,N20,VIIRS,n,2,305.04,2.44,D,0
19.08603,78.67775,333.0,0.38,0.36,2024-02-23,759,N20,VIIRS,l,2,307.93,1.62,D,0
19.08606,78.65545,339.68,0.38,0.36,2024-02-23,759,N20,VIIRS,n,2,308.75,2.8,D,0
19.08887,78.49523,337.46,0.38,0.36,2024-02-23,759,N20,VIIRS,l,2,312.32,3.15,D,0
19.09616,78.88074,341.45,0.39,0.36,2024-02-23,759,N20,VIIRS,n,2,308.7,2.53,D,0
19.11304,78.47631,337.73,0.38,0.36,2024-02-23,759,N20,VIIRS,l,2,309.06,3.58,D,0
19.11354,78.36845,340.84,0.38,0.36,2024-02-23,759,N20,VIIRS,n,2,312.84,3.08,D,0
19.11877,78.85093,343.58,0.39,0.36,2024-02-23,759,N20,VIIRS,n,2,311.88,2.75,D,0
19.12444,78.73088,338.44,0.38,0.36,2024-02-23,759,N20,VIIRS,n,2,309.76,2.31,D,0
19.16559,78.53028,337.15,0.38,0.36,2024-02-23,759,N20,VIIRS,l,2,309.03,2.46,D,0
19.17929,78.59859,334.89,0.38,0.36,2024-02-23,759,N20,VIIRS,l,2,308.27,2.2,D,0
19.1992,78.8894,337.64,0.39,0.36,2024-02-23,759,N20,VIIRS,n,2,309.2,2.08,D,0
19.26612,78.58772,336.16,0.38,0.36,2024-02-23,759,N20,VIIRS,l,2,308.36,1.92,D,0
19.26941,78.58717,335.77,0.38,0.36,2024-02-23,759,N20,VIIRS,n,2,307.76,1.49,D,0
19.26996,78.59079,349.62,0.38,0.36,2024-02-23,759,N20,VIIRS,n,2,309.18,5.09,D,0
19.27364,78.75402,334.44,0.38,0.36,2024-02-23,759,N20,VIIRS,l,2,309.19,6.13,D,0
19.27418,78.75765,341.58,0.38,0.36,2024-02-23,759,N20,VIIRS,n,2,307.75,6.13,D,0
19.27751,78.73478,345.66,0.38,0.36,2024-02-23,759,N20,VIIRS,n,2,311.67,3.18,D,0
19.28078,78.75655,355.19,0.38,0.36,2024-02-23,759,N20,VIIRS,n,2,312.93,8.34,D,0
19.28299,78.74875,339.08,0.38,0.36,2024-02-23,759,N20,VIIRS,n,2,308.73,3.12,D,0
19.28353,78.75237,344.52,0.38,0.36,2024-02-23,759,N20,VIIRS,n,2,310.35,8.34,D,0
19.29358,78.56823,349.35,0.38,0.36,2024-02-23,759,N20,VIIRS,n,2,311.43,8.46,D,0
19.29359,78.54591,344.92,0.38,0.36,2024-02-23,759,N20,VIIRS,n,2,308.98,5.31,D,0
19.29688,78.56767,345.03,0.38,0.36,2024-02-23,759,N20,VIIRS,n,2,309.45,8.46,D,0
19.29745,78.52671,334.83,0.38,0.36,2024-02-23,759,N20,VIIRS,l,2,309.41,4.32,D,0
19.298,78.53034,352.54,0.38,0.36,2024-02-23,759,N20,VIIRS,n,2,310.48,4.32,D,0
19.30514,78.51054,338.78,0.38,0.36,2024-02-23,759,N20,VIIRS,l,2,312.54,2.0,D,0
19.33696,77.30914,335.47,0.39,0.36,2024-02-23,759,N20,VIIRS,n,2,308.85,1.51,D,0
19.3535,80.37434,345.41,0.41,0.37,2024-02-23,759,N20,VIIRS,n,2,310.35,6.66,D,0
19.45214,77.15523,335.98,0.39,0.37,2024-02-23,759,N20,VIIRS,n,2,308.42,2.17,D,0
19.63267,80.02589,345.99,0.4,0.37,2024-02-23,759,N20,VIIRS,n,2,310.53,3.8,D,0
19.74208,79.00443,340.7,0.39,0.36,2024-02-23,759,N20,VIIRS,l,2,314.54,4.11,D,0
19.83776,78.66564,344.49,0.39,0.36,2024-02-23,759,N20,VIIRS,n,2,314.52,4.03,D,0
19.83938,77.26184,335.83,0.39,0.36,2024-02-23,759,N20,VIIRS,l,2,310.77,0.87,D,0
19.8679,80.65169,335.04,0.42,0.38,2024-02-23,759,N20,VIIRS,l,2,308.71,1.56,D,0
19.87186,78.96388,346.31,0.39,0.36,2024-02-23,759,N20,VIIRS,n,2,316.04,3.98,D,0
19.92678,78.71811,336.18,0.39,0.36,2024-02-23,759,N20,VIIRS,l,2,309.68,1.91,D,0
19.94849,77.21986,335.33,0.39,0.36,2024-02-23,759,N20,VIIRS,l,2,308.68,2.16,D,0
19.95181,77.21928,335.28,0.39,0.36,2024-02-23,759,N20,VIIRS,l,2,308.78,2.16,D,0
18.30974,78.01981,303.7,0.4,0.37,2024-02-23,2029,N20,VIIRS,n,2,291.64,0.38,N,0
18.48417,78.24146,303.15,0.4,0.37,2024-02-23,2029,N20,VIIRS,n,2,292.03,0.82,N,0
18.48969,78.31191,302.24,0.4,0.37,2024-02-23,2029,N20,VIIRS,n,2,291.61,0.34,N,0
18.50302,78.48138,304.82,0.4,0.37,2024-02-23,2029,N20,VIIRS,n,2,292.67,0.72,N,0
18.50494,78.09559,308.19,0.4,0.37,2024-02-23,2029,N20,VIIRS,n,2,291.57,0.7,N,0
18.50827,78.09621,302.72,0.4,0.37,2024-02-23,2029,N20,VIIRS,n,2,291.35,0.7,N,0
18.51633,78.35943,302.88,0.4,0.37,2024-02-23,2029,N20,VIIRS,n,2,291.22,1.24,N,0
18.53542,78.49506,305.96,0.4,0.37,2024-02-23,2029,N20,VIIRS,n,2,292.15,0.68,N,0
18.53878,78.4957,303.53,0.4,0.37,2024-02-23,2029,N20,VIIRS,n,2,291.71,0.68,N,0
18.54041,78.49571,306.72,0.4,0.37,2024-02-23,2029,N20,VIIRS,n,2,291.68,0.73,N,0
18.57922,78.61644,306.73,0.41,0.37,2024-02-23,2029,N20,VIIRS,n,2,292.33,0.62,N,0
18.5825,78.08293,307.62,0.4,0.37,2024-02-23,2029,N20,VIIRS,n,2,291.81,1.64,N,0
18.58534,79.43614,304.36,0.43,0.38,2024-02-23,2029,N20,VIIRS,n,2,294.28,0.83,N,0
18.60204,78.83784,317.18,0.41,0.37,2024-02-23,2029,N20,VIIRS,n,2,292.5,1.84,N,0
18.62203,78.7818,313.66,0.41,0.37,2024-02-23,2029,N20,VIIRS,n,2,293.67,1.26,N,0
18.62542,78.78243,309.59,0.41,0.37,2024-02-23,2029,N20,VIIRS,n,2,292.51,1.26,N,0
18.63284,78.77989,311.36,0.41,0.37,2024-02-23,2029,N20,VIIRS,n,2,293.77,1.68,N,0
18.6361,78.52495,315.67,0.41,0.37,2024-02-23,2029,N20,VIIRS,n,2,293.19,1.53,N,0
18.65906,78.5207,310.03,0.4,0.37,2024-02-23,2029,N20,VIIRS,n,2,292.98,0.74,N,0
18.65969,78.51694,303.13,0.4,0.37,2024-02-23,2029,N20,VIIRS,n,2,293.07,0.74,N,0
18.67708,78.80798,317.42,0.41,0.37,2024-02-23,2029,N20,VIIRS,n,2,293.84,1.73,N,0
18.67802,79.55424,306.88,0.44,0.38,2024-02-23,2029,N20,VIIRS,n,2,294.96,1.0,N,0
18.6811,78.80482,308.09,0.41,0.37,2024-02-23,2029,N20,VIIRS,n,2,291.04,1.24,N,0
18.68216,78.54845,303.27,0.41,0.37,2024-02-23,2029,N20,VIIRS,n,2,290.81,0.44,N,0
18.69461,79.5477,308.26,0.44,0.38,2024-02-23,2029,N20,VIIRS,n,2,293.51,1.36,N,0
18.71131,79.55512,302.31,0.44,0.38,2024-02-23,2029,N20,VIIRS,n,2,292.09,0.26,N,0
18.71835,79.5353,309.61,0.44,0.38,2024-02-23,2029,N20,VIIRS,n,2,294.51,1.2,N,0
18.71982,79.50601,318.94,0.44,0.38,2024-02-23,2029,N20,VIIRS,n,2,292.9,1.84,N,0
18.72183,79.53593,313.68,0.44,0.38,2024-02-23,2029,N20,VIIRS,n,2,296.34,1.2,N,2
18.72675,78.57238,311.98,0.41,0.37,2024-02-23,2029,N20,VIIRS,n,2,293.65,1.64,N,0
18.73886,79.29263,308.18,0.43,0.38,2024-02-23,2029,N20,VIIRS,n,2,294.79,1.09,N,0
18.74231,79.29327,310.53,0.43,0.38,2024-02-23,2029,N20,VIIRS,n,2,294.78,1.09,N,0
18.74572,79.27345,311.8,0.43,0.38,2024-02-23,2029,N20,VIIRS,n,2,293.58,0.76,N,0
18.74644,79.28994,332.05,0.43,0.38,2024-02-23,2029,N20,VIIRS,n,2,295.22,3.8,N,0
18.76123,78.50031,306.6,0.4,0.37,2024-02-23,2029,N20,VIIRS,n,2,293.15,0.75,N,0
18.76459,78.50093,303.21,0.4,0.37,2024-02-23,2029,N20,VIIRS,n,2,292.73,0.82,N,0
18.77164,78.85322,302.24,0.41,0.37,2024-02-23,2029,N20,VIIRS,n,2,290.99,0.77,N,0
18.77229,78.84933,309.37,0.41,0.37,2024-02-23,2029,N20,VIIRS,n,2,293.25,1.09,N,0
18.92462,79.58393,305.75,0.44,0.38,2024-02-23,2029,N20,VIIRS,n,2,293.09,1.74,N,0
19.0857,78.49535,304.87,0.4,0.37,2024-02-23,2029,N20,VIIRS,n,2,291.88,0.85,N,0
19.09311,78.88645,318.48,0.41,0.37,2024-02-23,2029,N20,VIIRS,n,2,294.3,1.28,N,0
19.1425,78.54861,303.53,0.4,0.37,2024-02-23,2029,N20,VIIRS,n,2,291.28,0.75,N,0
19.1579,78.22681,311.51,0.4,0.37,2024-02-23,2029,N20,VIIRS,n,2,291.79,1.61,N,0
19.16311,77.37925,309.93,0.39,0.36,2024-02-23,2029,N20,VIIRS,n,2,288.85,0.65,N,0
19.17482,79.39931,300.94,0.43,0.38,2024-02-23,2029,N20,VIIRS,n,2,290.15,0.38,N,0
19.17839,78.5826,306.57,0.4,0.37,2024-02-23,2029,N20,VIIRS,n,2,291.46,0.57,N,0
19.17902,78.57879,303.2,0.4,0.37,2024-02-23,2029,N20,VIIRS,n,2,291.98,0.57,N,0
19.18021,78.58265,308.07,0.4,0.37,2024-02-23,2029,N20,VIIRS,n,2,292.89,0.87,N,0
19.18085,78.57884,311.81,0.4,0.37,2024-02-23,2029,N20,VIIRS,n,2,292.64,0.87,N,0
19.18421,78.57944,312.16,0.4,0.37,2024-02-23,2029,N20,VIIRS,n,2,293.44,0.87,N,0
19.18485,78.57564,305.43,0.4,0.37,2024-02-23,2029,N20,VIIRS,n,2,294.38,1.12,N,0
19.19285,78.56918,305.1,0.4,0.37,2024-02-23,2029,N20,VIIRS,n,2,294.7,1.18,N,0
19.19319,78.60845,330.88,0.4,0.37,2024-02-23,2029,N20,VIIRS,n,2,295.1,3.63,N,0
19.26256,77.43756,302.32,0.39,0.36,2024-02-23,2029,N20,VIIRS,n,2,287.14,0.5,N,0
19.28484,78.53571,304.16,0.4,0.37,2024-02-23,2029,N20,VIIRS,n,2,290.97,0.72,N,0
19.28819,78.53629,309.22,0.4,0.37,2024-02-23,2029,N20,VIIRS,n,2,292.26,0.72,N,0
19.28929,78.74714,306.52,0.41,0.37,2024-02-23,2029,N20,VIIRS,n,2,291.37,0.64,N,0
19.2893,78.57149,303.67,0.4,0.37,2024-02-23,2029,N20,VIIRS,n,2,291.05,0.66,N,0
19.29112,78.57114,308.75,0.4,0.37,2024-02-23,2029,N20,VIIRS,n,2,291.28,0.88,N,0
19.29151,78.69259,306.88,0.4,0.37,2024-02-23,2029,N20,VIIRS,n,2,291.95,0.99,N,0
19.29215,78.68877,306.49,0.4,0.37,2024-02-23,2029,N20,VIIRS,n,2,291.66,0.92,N,0
19.29527,78.5143,302.41,0.4,0.37,2024-02-23,2029,N20,VIIRS,n,2,290.76,0.27,N,0
19.29824,78.69385,308.52,0.4,0.37,2024-02-23,2029,N20,VIIRS,n,2,292.18,0.73,N,0
19.29828,78.54902,310.18,0.4,0.37,2024-02-23,2029,N20,VIIRS,n,2,291.96,1.53,N,0
19.3005,78.72176,309.27,0.41,0.37,2024-02-23,2029,N20,VIIRS,n,2,292.35,1.14,N,0
19.30856,78.50821,302.42,0.4,0.37,2024-02-23,2029,N20,VIIRS,n,2,291.11,0.36,N,0
19.31243,78.77503,300.25,0.41,0.37,2024-02-23,2029,N20,VIIRS,n,2,289.93,0.42,N,0
19.31306,78.7712,302.23,0.41,0.37,2024-02-23,2029,N20,VIIRS,n,2,289.24,0.19,N,0
19.32905,78.61319,315.52,0.4,0.37,2024-02-23,2029,N20,VIIRS,n,2,294.39,1.9,N,0
19.32969,78.6094,309.24,0.4,0.37,2024-02-23,2029,N20,VIIRS,n,2,292.65,0.91,N,0
19.33305,78.61,308.53,0.4,0.37,2024-02-23,2029,N20,VIIRS,n,2,293.34,1.18,N,0
19.38481,79.11884,308.96,0.42,0.37,2024-02-23,2029,N20,VIIRS,n,2,292.27,0.78,N,0
19.7233,79.17622,305.49,0.42,0.37,2024-02-23,2029,N20,VIIRS,n,2,294.91,0.81,N,2
19.78818,79.14764,314.59,0.41,0.37,2024-02-23,2029,N20,VIIRS,n,2,295.04,1.74,N,2
19.91154,78.72202,310.79,0.4,0.37,2024-02-23,2029,N20,VIIRS,n,2,293.38,1.26,N,0
19.98656,79.07875,305.69,0.41,0.37,2024-02-23,2029,N20,VIIRS,n,2,293.39,0.78,N,0
15.65765,79.80206,309.5,0.49,0.4,2024-02-23,2030,N20,VIIRS,n,2,293.2,2.82,N,0
16.03089,78.70875,310.53,0.43,0.38,2024-02-23,2030,N20,VIIRS,n,2,295.81,2.09,N,0
16.03372,78.71311,329.56,0.43,0.38,2024-02-23,2030,N20,VIIRS,n,2,296.63,3.98,N,0
16.03439,78.70919,326.04,0.43,0.38,2024-02-23,2030,N20,VIIRS,n,2,295.53,2.09,N,0
16.15107,78.79105,306.82,0.43,0.38,2024-02-23,2030,N20,VIIRS,n,2,294.27,1.01,N,0
17.14027,77.17433,306.15,0.39,0.36,2024-02-23,2030,N20,VIIRS,n,2,295.47,0.93,N,2
17.14615,78.22402,307.28,0.41,0.37,2024-02-23,2030,N20,VIIRS,n,2,293.13,0.84,N,2
17.29147,78.40982,304.22,0.41,0.37,2024-02-23,2030,N20,VIIRS,n,2,292.73,0.55,N,0
17.60712,77.73736,300.38,0.39,0.36,2024-02-23,2030,N20,VIIRS,n,2,289.73,0.32,N,0
17.77124,77.33505,303.22,0.39,0.36,2024-02-23,2030,N20,VIIRS,n,2,289.5,0.5,N,0
17.80826,78.43327,303.55,0.41,0.37,2024-02-23,2030,N20,VIIRS,n,2,291.73,0.6,N,0
17.83222,77.42027,311.1,0.39,0.36,2024-02-23,2030,N20,VIIRS,n,2,288.49,0.62,N,0
17.83552,77.42085,310.06,0.39,0.36,2024-02-23,2030,N20,VIIRS,n,2,288.53,0.62,N,0
