latitude,longitude,bright_ti4,scan,track,acq_date,acq_time,satellite,instrument,confidence,version,bright_ti5,frp,daynight,type
15.55755,77.88072,346.07,0.45,0.47,2023-04-10,739,N20,VIIRS,n,2,314.87,7.68,D,0
15.56637,78.85831,345.73,0.39,0.44,2023-04-10,739,N20,VIIRS,n,2,311.21,5.32,D,0
15.5691,78.85043,342.18,0.39,0.44,2023-04-10,739,N20,VIIRS,l,2,312.46,5.1,D,0
15.56973,78.85399,338.69,0.39,0.44,2023-04-10,739,N20,VIIRS,l,2,313.0,4.97,D,0
15.57036,78.85764,343.23,0.39,0.44,2023-04-10,739,N20,VIIRS,l,2,313.87,4.97,D,0
15.57438,78.85706,350.1,0.39,0.44,2023-04-10,739,N20,VIIRS,n,2,314.14,4.97,D,0
15.57502,78.86072,340.08,0.39,0.44,2023-04-10,739,N20,VIIRS,l,2,310.85,6.17,D,0
15.57967,78.86379,344.99,0.39,0.44,2023-04-10,739,N20,VIIRS,n,2,313.39,8.55,D,0
15.58031,78.86748,343.24,0.39,0.44,2023-04-10,739,N20,VIIRS,n,2,310.16,15.13,D,0
15.58429,78.86671,341.74,0.39,0.44,2023-04-10,739,N20,VIIRS,l,2,316.47,15.13,D,0
15.58493,78.87038,354.99,0.39,0.44,2023-04-10,739,N20,VIIRS,n,2,317.64,15.13,D,0
15.58574,78.85144,346.46,0.39,0.44,2023-04-10,739,N20,VIIRS,n,2,319.46,18.46,D,0
15.58637,78.85504,344.82,0.39,0.44,2023-04-10,739,N20,VIIRS,n,2,312.12,18.46,D,0
15.587,78.85863,349.33,0.39,0.44,2023-04-10,739,N20,VIIRS,n,2,313.55,7.95,D,0
15.58762,78.86223,352.01,0.39,0.44,2023-04-10,739,N20,VIIRS,n,2,311.52,7.95,D,0
15.58826,78.8659,350.76,0.39,0.44,2023-04-10,739,N20,VIIRS,n,2,311.29,5.75,D,0
15.5889,78.86954,349.05,0.39,0.44,2023-04-10,739,N20,VIIRS,n,2,309.8,5.75,D,0
15.58911,78.84714,338.33,0.39,0.44,2023-04-10,739,N20,VIIRS,n,2,308.58,22.42,D,0
15.58974,78.85073,352.82,0.39,0.44,2023-04-10,739,N20,VIIRS,n,2,320.18,18.46,D,0
15.59036,78.85432,344.4,0.39,0.44,2023-04-10,739,N20,VIIRS,n,2,309.95,18.46,D,0
15.60125,78.5109,348.49,0.41,0.45,2023-04-10,739,N20,VIIRS,n,2,316.93,9.08,D,0
15.61224,77.53934,342.67,0.47,0.48,2023-04-10,739,N20,VIIRS,l,2,317.12,12.34,D,0
15.61349,77.97159,341.23,0.44,0.46,2023-04-10,739,N20,VIIRS,l,2,313.96,6.66,D,0
15.62926,78.45489,344.59,0.41,0.45,2023-04-10,739,N20,VIIRS,l,2,318.48,11.32,D,0
15.64563,78.24506,346.33,0.42,0.46,2023-04-10,739,N20,VIIRS,n,2,316.95,7.19,D,0
15.64807,77.661,342.96,0.46,0.47,2023-04-10,739,N20,VIIRS,l,2,317.12,11.16,D,0
15.67881,78.35843,340.57,0.42,0.45,2023-04-10,739,N20,VIIRS,l,2,315.07,4.27,D,0
15.69577,78.50031,344.12,0.41,0.45,2023-04-10,739,N20,VIIRS,n,2,315.49,7.62,D,0
15.78475,78.50671,346.58,0.41,0.45,2023-04-10,739,N20,VIIRS,n,2,315.76,6.91,D,0
15.83966,78.78942,333.9,0.39,0.44,2023-04-10,739,N20,VIIRS,l,2,308.76,2.55,D,0
15.84364,78.78861,340.29,0.39,0.44,2023-04-10,739,N20,VIIRS,n,2,308.3,3.01,D,0
15.91488,78.8903,337.95,0.38,0.44,2023-04-10,739,N20,VIIRS,l,2,308.68,3.57,D,0
15.91821,78.88596,347.51,0.38,0.44,2023-04-10,739,N20,VIIRS,n,2,312.27,5.33,D,0
15.92281,78.88892,345.66,0.38,0.44,2023-04-10,739,N20,VIIRS,n,2,311.92,6.14,D,0
15.92685,78.88869,340.57,0.38,0.44,2023-04-10,739,N20,VIIRS,n,2,310.33,2.86,D,0
15.6451,77.2282,349.14,0.49,0.49,2023-04-10,740,N20,VIIRS,n,2,317.08,11.67,D,0
15.86597,78.49174,346.23,0.41,0.45,2023-04-10,740,N20,VIIRS,l,2,319.68,8.84,D,0
15.97292,78.90201,334.15,0.38,0.43,2023-04-10,740,N20,VIIRS,l,2,308.24,2.29,D,0
15.97622,78.89763,344.53,0.38,0.43,2023-04-10,740,N20,VIIRS,n,2,310.19,5.48,D,0
15.98016,78.89686,335.86,0.38,0.43,2023-04-10,740,N20,VIIRS,l,2,308.95,3.48,D,0
15.99777,78.67006,344.15,0.39,0.44,2023-04-10,740,N20,VIIRS,l,2,314.55,2.71,D,0
15.99893,78.66959,340.44,0.39,0.44,2023-04-10,740,N20,VIIRS,n,2,313.76,3.11,D,0
16.00177,77.68674,344.75,0.45,0.47,2023-04-10,740,N20,VIIRS,n,2,314.6,9.04,D,0
16.00376,78.62768,347.18,0.4,0.44,2023-04-10,740,N20,VIIRS,n,2,315.57,6.19,D,0
16.03229,78.39069,344.2,0.41,0.45,2023-04-10,740,N20,VIIRS,n,2,313.34,3.5,D,0
16.05615,77.09644,343.31,0.49,0.49,2023-04-10,740,N20,VIIRS,l,2,314.85,6.72,D,0
16.07859,78.60526,344.32,0.4,0.44,2023-04-10,740,N20,VIIRS,n,2,312.44,2.19,D,0
16.07945,78.39735,341.06,0.41,0.45,2023-04-10,740,N20,VIIRS,l,2,314.77,4.45,D,0
16.09978,78.72589,341.53,0.39,0.44,2023-04-10,740,N20,VIIRS,l,2,312.9,5.54,D,0
16.10096,78.756,349.75,0.39,0.44,2023-04-10,740,N20,VIIRS,n,2,311.57,6.16,D,0
16.10381,78.72539,343.92,0.39,0.44,2023-04-10,740,N20,VIIRS,n,2,312.33,5.54,D,0
16.15411,79.89272,335.01,0.5,0.41,2023-04-10,740,N20,VIIRS,n,2,306.45,2.81,D,0
16.16007,77.23856,343.38,0.48,0.48,2023-04-10,740,N20,VIIRS,l,2,314.87,8.78,D,0
16.19295,78.84487,353.98,0.38,0.43,2023-04-10,740,N20,VIIRS,n,2,314.43,7.17,D,0
16.19308,79.21536,345.83,0.55,0.42,2023-04-10,740,N20,VIIRS,n,2,310.84,8.72,D,0
16.19357,78.84834,352.55,0.38,0.43,2023-04-10,740,N20,VIIRS,n,2,314.95,7.17,D,0
16.19434,78.85271,346.22,0.57,0.43,2023-04-10,740,N20,VIIRS,n,2,312.93,2.79,D,0
16.19447,78.83043,339.23,0.38,0.43,2023-04-10,740,N20,VIIRS,n,2,312.85,5.74,D,0
16.19752,78.84764,345.08,0.38,0.43,2023-04-10,740,N20,VIIRS,n,2,315.18,9.27,D,0
16.1983,78.85201,353.32,0.57,0.43,2023-04-10,740,N20,VIIRS,n,2,314.97,12.23,D,0
16.19843,78.82972,367.0,0.38,0.43,2023-04-10,740,N20,VIIRS,h,2,315.66,5.74,D,0
16.19904,78.83318,340.72,0.38,0.43,2023-04-10,740,N20,VIIRS,n,2,313.96,5.74,D,0
16.2556,80.09281,338.07,0.49,0.4,2023-04-10,740,N20,VIIRS,l,2,309.66,7.69,D,0
16.31157,80.46086,336.52,0.47,0.4,2023-04-10,740,N20,VIIRS,l,2,309.31,3.66,D,0
16.31462,80.46359,339.73,0.47,0.4,2023-04-10,740,N20,VIIRS,n,2,309.09,4.08,D,0
16.31826,78.70633,340.82,0.39,0.44,2023-04-10,740,N20,VIIRS,n,2,310.58,3.58,D,0
16.33357,77.54546,348.63,0.46,0.47,2023-04-10,740,N20,VIIRS,n,2,306.48,6.42,D,0
16.35192,77.09755,342.37,0.49,0.48,2023-04-10,740,N20,VIIRS,l,2,314.86,9.2,D,0
16.4098,79.63814,346.77,0.51,0.41,2023-04-10,740,N20,VIIRS,n,2,317.58,8.32,D,0
16.46878,80.78306,338.11,0.45,0.39,2023-04-10,740,N20,VIIRS,l,2,311.53,2.55,D,0
16.47155,77.30388,345.41,0.47,0.48,2023-04-10,740,N20,VIIRS,l,2,319.96,16.0,D,0
16.48979,80.80195,343.21,0.45,0.39,2023-04-10,740,N20,VIIRS,n,2,310.0,5.04,D,0
16.51106,80.77664,339.78,0.45,0.39,2023-04-10,740,N20,VIIRS,l,2,312.87,6.65,D,0
16.53765,80.87033,350.75,0.45,0.39,2023-04-10,740,N20,VIIRS,n,2,314.8,13.35,D,0
16.54179,78.56456,348.06,0.39,0.44,2023-04-10,740,N20,VIIRS,n,2,316.67,4.61,D,0
16.5546,77.5394,347.1,0.45,0.47,2023-04-10,740,N20,VIIRS,n,2,317.31,11.64,D,0
16.55656,80.89674,343.63,0.45,0.39,2023-04-10,740,N20,VIIRS,l,2,314.39,10.0,D,0
16.55774,77.53905,344.73,0.45,0.47,2023-04-10,740,N20,VIIRS,n,2,317.47,11.3,D,0
16.60296,80.23123,347.0,0.48,0.4,2023-04-10,740,N20,VIIRS,l,2,318.07,11.69,D,0
16.6846,78.03609,347.43,0.42,0.45,2023-04-10,740,N20,VIIRS,n,2,314.31,7.23,D,0
16.7729,77.4996,345.84,0.45,0.47,2023-04-10,740,N20,VIIRS,l,2,318.15,6.17,D,0
16.77443,77.50228,345.18,0.45,0.47,2023-04-10,740,N20,VIIRS,l,2,316.63,11.03,D,0
16.77717,77.49883,344.69,0.45,0.47,2023-04-10,740,N20,VIIRS,l,2,314.86,6.17,D,0
16.78833,80.32971,337.89,0.47,0.4,2023-04-10,740,N20,VIIRS,l,2,311.35,6.17,D,0
16.95045,77.26072,341.27,0.47,0.47,2023-04-10,740,N20,VIIRS,l,2,314.63,5.91,D,0
16.95899,77.46468,343.63,0.45,0.47,2023-04-10,740,N20,VIIRS,l,2,318.63,11.13,D,0
16.96623,78.22379,348.41,0.41,0.45,2023-04-10,740,N20,VIIRS,n,2,315.97,4.52,D,0
16.97674,81.42252,337.55,0.42,0.38,2023-04-10,740,N20,VIIRS,l,2,308.55,6.63,D,0
17.06551,80.81352,341.72,0.44,0.39,2023-04-10,740,N20,VIIRS,n,2,308.9,4.97,D,0
17.07193,77.35049,346.15,0.46,0.47,2023-04-10,740,N20,VIIRS,l,2,320.75,17.25,D,0
17.07369,77.35027,346.38,0.46,0.47,2023-04-10,740,N20,VIIRS,l,2,319.86,16.95,D,0
17.11872,78.78487,340.24,0.56,0.43,2023-04-10,740,N20,VIIRS,l,2,314.94,3.94,D,0
17.11916,78.78724,348.55,0.56,0.43,2023-04-10,740,N20,VIIRS,n,2,316.53,6.86,D,0
17.14155,78.05754,346.08,0.41,0.45,2023-04-10,740,N20,VIIRS,n,2,319.72,9.23,D,0
17.14441,81.05094,347.1,0.43,0.38,2023-04-10,740,N20,VIIRS,n,2,307.22,4.42,D,0
17.1557,77.02608,345.48,0.48,0.48,2023-04-10,740,N20,VIIRS,l,2,319.52,11.15,D,0
17.16776,79.13711,337.68,0.53,0.42,2023-04-10,740,N20,VIIRS,l,2,312.62,5.1,D,0
17.20272,78.37302,339.9,0.39,0.44,2023-04-10,740,N20,VIIRS,l,2,312.04,3.79,D,0
17.23907,77.35311,343.61,0.45,0.47,2023-04-10,740,N20,VIIRS,l,2,316.69,9.09,D,0
17.24779,79.17545,340.26,0.53,0.42,2023-04-10,740,N20,VIIRS,l,2,312.98,7.81,D,0
17.24834,78.92048,343.27,0.55,0.42,2023-04-10,740,N20,VIIRS,l,2,316.64,12.0,D,0
17.26619,81.45296,332.45,0.42,0.38,2023-04-10,740,N20,VIIRS,l,2,305.92,3.64,D,0
17.27413,77.42413,345.95,0.45,0.47,2023-04-10,740,N20,VIIRS,l,2,320.8,11.17,D,0
17.28973,78.77013,343.16,0.56,0.43,2023-04-10,740,N20,VIIRS,l,2,317.55,15.84,D,0
17.29791,81.43173,334.34,0.42,0.38,2023-04-10,740,N20,VIIRS,l,2,303.26,1.75,D,0
17.31193,81.34448,340.79,0.42,0.38,2023-04-10,740,N20,VIIRS,n,2,306.61,9.13,D,0
17.31791,81.35965,332.54,0.42,0.38,2023-04-10,740,N20,VIIRS,l,2,305.41,2.83,D,0
17.33849,79.72151,337.11,0.49,0.41,2023-04-10,740,N20,VIIRS,l,2,311.79,6.05,D,0
17.34849,77.42723,344.28,0.45,0.47,2023-04-10,740,N20,VIIRS,l,2,315.98,6.06,D,0
17.34926,77.43138,340.73,0.45,0.47,2023-04-10,740,N20,VIIRS,l,2,315.36,6.06,D,0
17.36289,81.40052,337.55,0.42,0.38,2023-04-10,740,N20,VIIRS,l,2,305.19,6.62,D,0
17.36693,81.33933,336.99,0.42,0.38,2023-04-10,740,N20,VIIRS,l,2,304.64,2.86,D,0
17.37037,81.33875,334.47,0.42,0.38,2023-04-10,740,N20,VIIRS,l,2,304.37,2.87,D,0
17.37126,81.38714,343.04,0.42,0.38,2023-04-10,740,N20,VIIRS,n,2,305.75,5.17,D,0
17.37189,81.391,346.32,0.42,0.38,2023-04-10,740,N20,VIIRS,n,2,306.24,5.17,D,0
17.37531,81.39042,337.54,0.42,0.38,2023-04-10,740,N20,VIIRS,n,2,304.68,5.17,D,0
17.3763,81.00623,330.17,0.43,0.38,2023-04-10,740,N20,VIIRS,l,2,303.86,1.04,D,0
17.38803,80.98035,337.86,0.43,0.38,2023-04-10,740,N20,VIIRS,l,2,308.25,10.17,D,0
17.39841,81.40247,340.94,0.42,0.38,2023-04-10,740,N20,VIIRS,l,2,304.18,9.74,D,0
17.4232,81.38171,342.49,0.42,0.38,2023-04-10,740,N20,VIIRS,n,2,304.49,5.81,D,0
17.42443,81.3893,336.84,0.42,0.38,2023-04-10,740,N20,VIIRS,l,2,304.34,5.0,D,0
17.47382,77.16821,341.8,0.46,0.47,2023-04-10,740,N20,VIIRS,l,2,316.15,15.98,D,0
17.47563,78.88224,347.29,0.55,0.42,2023-04-10,740,N20,VIIRS,n,2,314.25,10.9,D,0
17.47571,80.72524,339.69,0.44,0.39,2023-04-10,740,N20,VIIRS,l,2,308.88,4.04,D,0
17.47607,77.16791,347.14,0.46,0.47,2023-04-10,740,N20,VIIRS,n,2,316.67,15.14,D,0
17.47837,81.4399,330.54,0.42,0.37,2023-04-10,740,N20,VIIRS,l,2,304.78,4.57,D,0
17.4833,81.36264,334.35,0.42,0.38,2023-04-10,740,N20,VIIRS,l,2,305.36,2.81,D,0
17.51173,81.38577,330.54,0.42,0.38,2023-04-10,740,N20,VIIRS,l,2,304.84,1.6,D,0
17.51933,80.68308,349.29,0.44,0.39,2023-04-10,740,N20,VIIRS,n,2,308.31,7.16,D,0
17.52036,81.35226,331.61,0.42,0.38,2023-04-10,740,N20,VIIRS,l,2,305.03,3.05,D,0
17.53022,77.04047,347.73,0.47,0.48,2023-04-10,740,N20,VIIRS,n,2,319.96,17.06,D,0
17.54227,81.40063,344.59,0.42,0.37,2023-04-10,740,N20,VIIRS,l,2,304.77,4.69,D,0
17.54446,80.83496,335.09,0.44,0.38,2023-04-10,740,N20,VIIRS,n,2,308.41,1.3,D,0
17.54505,81.39604,331.16,0.42,0.37,2023-04-10,740,N20,VIIRS,l,2,304.51,3.06,D,0
17.54593,81.37963,333.27,0.42,0.38,2023-04-10,740,N20,VIIRS,l,2,306.15,3.7,D,0
17.55234,80.90455,333.38,0.43,0.38,2023-04-10,740,N20,VIIRS,l,2,307.74,3.26,D,0
17.55309,80.99585,345.76,0.43,0.38,2023-04-10,740,N20,VIIRS,n,2,307.72,11.19,D,0
17.5546,80.98338,335.96,0.43,0.38,2023-04-10,740,N20,VIIRS,l,2,304.65,2.75,D,0
17.55836,81.41404,340.36,0.42,0.37,2023-04-10,740,N20,VIIRS,n,2,304.64,3.18,D,0
17.55846,81.41383,337.87,0.42,0.37,2023-04-10,740,N20,VIIRS,l,2,304.82,4.27,D,0
17.55902,81.41803,337.14,0.42,0.37,2023-04-10,740,N20,VIIRS,n,2,303.19,3.3,D,0
17.5591,81.41782,336.88,0.42,0.37,2023-04-10,740,N20,VIIRS,l,2,303.42,2.84,D,0
17.56348,80.9939,338.38,0.43,0.38,2023-04-10,740,N20,VIIRS,l,2,309.61,5.72,D,0
17.57951,80.98277,332.75,0.43,0.38,2023-04-10,740,N20,VIIRS,l,2,307.51,2.01,D,0
17.58298,81.47827,331.43,0.41,0.37,2023-04-10,740,N20,VIIRS,l,2,305.64,3.66,D,0
17.58378,81.4618,332.76,0.42,0.37,2023-04-10,740,N20,VIIRS,l,2,307.26,4.21,D,0
17.58583,77.11241,355.38,0.46,0.47,2023-04-10,740,N20,VIIRS,n,2,317.48,13.39,D,0
17.58719,81.46123,332.56,0.42,0.37,2023-04-10,740,N20,VIIRS,l,2,306.83,4.49,D,0
17.59061,81.46065,345.6,0.42,0.37,2023-04-10,740,N20,VIIRS,n,2,307.51,4.49,D,0
17.59105,81.42052,334.43,0.42,0.37,2023-04-10,740,N20,VIIRS,n,2,304.17,1.48,D,0
17.60744,81.47782,335.35,0.41,0.37,2023-04-10,740,N20,VIIRS,l,2,304.86,3.99,D,0
17.60915,78.2543,338.27,0.39,0.44,2023-04-10,740,N20,VIIRS,l,2,312.45,4.01,D,0
17.61147,81.48107,334.18,0.41,0.37,2023-04-10,740,N20,VIIRS,l,2,305.7,3.88,D,0
17.62743,80.41949,338.37,0.45,0.39,2023-04-10,740,N20,VIIRS,l,2,310.82,2.57,D,0
17.65163,80.58341,334.24,0.45,0.39,2023-04-10,740,N20,VIIRS,l,2,309.11,3.25,D,0
17.6914,77.37041,343.37,0.44,0.46,2023-04-10,740,N20,VIIRS,n,2,314.48,4.49,D,0
17.70776,80.35248,331.79,0.46,0.39,2023-04-10,740,N20,VIIRS,l,2,305.79,1.86,D,0
17.70932,78.63197,338.23,0.56,0.43,2023-04-10,740,N20,VIIRS,l,2,311.23,5.35,D,0
17.72712,80.73135,333.06,0.44,0.38,2023-04-10,740,N20,VIIRS,l,2,307.26,1.91,D,0
17.77986,81.45859,333.6,0.41,0.37,2023-04-10,740,N20,VIIRS,l,2,308.2,3.29,D,0
17.78914,80.70872,345.42,0.44,0.38,2023-04-10,740,N20,VIIRS,n,2,307.6,6.07,D,0
17.8192,78.48022,344.74,0.57,0.43,2023-04-10,740,N20,VIIRS,n,2,315.33,9.37,D,0
17.92776,81.24438,332.6,0.42,0.38,2023-04-10,740,N20,VIIRS,l,2,307.21,4.43,D,0
18.00873,81.18205,345.6,0.42,0.38,2023-04-10,740,N20,VIIRS,n,2,304.03,5.56,D,0
18.04577,81.10589,333.23,0.42,0.38,2023-04-10,740,N20,VIIRS,l,2,306.8,2.22,D,0
18.07147,80.33755,341.52,0.45,0.39,2023-04-10,740,N20,VIIRS,n,2,305.79,5.46,D,0
18.07428,80.33255,338.12,0.45,0.39,2023-04-10,740,N20,VIIRS,n,2,305.92,3.87,D,0
18.07501,80.33685,331.34,0.45,0.39,2023-04-10,740,N20,VIIRS,n,2,305.79,1.93,D,0
18.07775,79.62747,340.65,0.49,0.4,2023-04-10,740,N20,VIIRS,n,2,310.69,11.4,D,0
18.12139,78.38731,335.62,0.57,0.43,2023-04-10,740,N20,VIIRS,l,2,308.95,5.23,D,0
18.12169,78.38408,335.48,0.57,0.43,2023-04-10,740,N20,VIIRS,l,2,308.28,5.93,D,0
18.13907,80.28706,333.34,0.45,0.39,2023-04-10,740,N20,VIIRS,n,2,306.13,2.1,D,0
18.15779,79.85381,338.11,0.48,0.4,2023-04-10,740,N20,VIIRS,n,2,309.37,4.7,D,0
18.16598,81.21864,333.58,0.42,0.38,2023-04-10,740,N20,VIIRS,l,2,308.33,1.99,D,0
18.17444,80.2582,334.27,0.46,0.39,2023-04-10,740,N20,VIIRS,l,2,307.49,2.96,D,0
18.1942,77.54723,339.46,0.43,0.46,2023-04-10,740,N20,VIIRS,l,2,313.8,4.67,D,0
18.20801,78.15264,340.73,0.39,0.44,2023-04-10,740,N20,VIIRS,l,2,311.95,6.41,D,0
18.24919,78.01511,339.34,0.4,0.44,2023-04-10,740,N20,VIIRS,n,2,308.51,4.51,D,0
18.25006,81.04494,338.78,0.42,0.38,2023-04-10,740,N20,VIIRS,n,2,307.64,2.83,D,0
18.25587,78.0292,336.95,0.4,0.44,2023-04-10,740,N20,VIIRS,l,2,310.73,4.07,D,0
18.26664,77.87972,335.51,0.4,0.45,2023-04-10,740,N20,VIIRS,l,2,307.34,3.34,D,0
18.30645,80.39502,336.26,0.45,0.39,2023-04-10,740,N20,VIIRS,n,2,304.72,2.31,D,0
18.31622,80.0826,337.49,0.46,0.39,2023-04-10,740,N20,VIIRS,n,2,306.45,2.95,D,0
18.31695,80.08694,339.63,0.46,0.39,2023-04-10,740,N20,VIIRS,n,2,307.48,2.95,D,0
18.31852,80.0837,353.73,0.46,0.39,2023-04-10,740,N20,VIIRS,n,2,308.71,8.77,D,0
18.3198,80.08199,331.17,0.46,0.39,2023-04-10,740,N20,VIIRS,l,2,306.08,2.95,D,0
18.32135,80.07873,341.67,0.46,0.39,2023-04-10,740,N20,VIIRS,n,2,306.48,4.83,D,0
18.34822,80.02002,336.95,0.46,0.39,2023-04-10,740,N20,VIIRS,l,2,308.9,6.58,D,0
18.34961,80.30473,333.38,0.45,0.39,2023-04-10,740,N20,VIIRS,l,2,306.84,1.69,D,0
18.35298,80.30539,333.3,0.45,0.39,2023-04-10,740,N20,VIIRS,l,2,306.62,2.47,D,0
18.35566,80.25705,334.65,0.45,0.39,2023-04-10,740,N20,VIIRS,n,2,306.13,2.88,D,0
18.36155,80.61596,339.9,0.44,0.38,2023-04-10,740,N20,VIIRS,l,2,307.76,4.26,D,0
18.39263,79.99828,340.07,0.46,0.39,2023-04-10,740,N20,VIIRS,n,2,307.3,4.14,D,0
18.39274,80.02082,337.01,0.46,0.39,2023-04-10,740,N20,VIIRS,l,2,308.31,4.93,D,0
18.39622,79.99761,339.09,0.46,0.39,2023-04-10,740,N20,VIIRS,l,2,307.69,4.11,D,0
18.40262,79.9696,342.01,0.47,0.39,2023-04-10,740,N20,VIIRS,n,2,307.71,5.6,D,0
18.40386,80.21764,337.61,0.45,0.39,2023-04-10,740,N20,VIIRS,l,2,308.58,6.75,D,0
18.4042,79.97045,344.27,0.47,0.39,2023-04-10,740,N20,VIIRS,l,2,307.23,6.61,D,0
18.40486,80.005,334.76,0.46,0.39,2023-04-10,740,N20,VIIRS,l,2,307.89,3.51,D,0
18.40766,79.97758,337.03,0.47,0.39,2023-04-10,740,N20,VIIRS,l,2,307.68,2.8,D,0
18.41667,80.38013,333.84,0.45,0.39,2023-04-10,740,N20,VIIRS,l,2,308.58,3.1,D,0
18.41898,78.62402,337.93,0.55,0.42,2023-04-10,740,N20,VIIRS,l,2,312.44,9.26,D,0
18.42097,80.00314,338.83,0.46,0.39,2023-04-10,740,N20,VIIRS,l,2,311.09,11.0,D,0
18.42306,79.99381,334.04,0.46,0.39,2023-04-10,740,N20,VIIRS,l,2,308.68,7.41,D,0
18.42381,79.99815,347.9,0.46,0.39,2023-04-10,740,N20,VIIRS,l,2,311.47,7.41,D,0
18.42516,79.98452,332.87,0.46,0.39,2023-04-10,740,N20,VIIRS,l,2,306.58,5.2,D,0
18.42875,79.98386,345.37,0.46,0.39,2023-04-10,740,N20,VIIRS,l,2,308.85,4.41,D,0
18.42945,78.72654,338.79,0.54,0.42,2023-04-10,740,N20,VIIRS,l,2,312.45,17.43,D,0
18.43234,79.98321,336.02,0.46,0.39,2023-04-10,740,N20,VIIRS,l,2,308.53,4.41,D,0
18.43952,79.98188,339.41,0.46,0.39,2023-04-10,740,N20,VIIRS,l,2,309.25,5.42,D,0
18.44762,78.35607,336.57,0.57,0.43,2023-04-10,740,N20,VIIRS,l,2,310.38,6.52,D,0
18.45507,79.94288,336.43,0.47,0.39,2023-04-10,740,N20,VIIRS,l,2,311.39,5.3,D,0
18.45964,80.14233,354.08,0.46,0.39,2023-04-10,740,N20,VIIRS,n,2,311.49,15.36,D,0
18.46124,79.89197,338.51,0.47,0.4,2023-04-10,740,N20,VIIRS,l,2,306.68,3.42,D,0
18.48024,78.35842,342.06,0.56,0.43,2023-04-10,740,N20,VIIRS,l,2,312.76,6.24,D,0
18.48535,80.16396,335.46,0.46,0.39,2023-04-10,740,N20,VIIRS,n,2,307.16,3.23,D,0
18.48607,80.16823,336.58,0.46,0.39,2023-04-10,740,N20,VIIRS,n,2,308.61,3.78,D,0
18.50183,80.5656,341.8,0.44,0.38,2023-04-10,740,N20,VIIRS,l,2,310.99,6.69,D,0
18.50252,80.56984,339.01,0.44,0.38,2023-04-10,740,N20,VIIRS,l,2,310.48,4.13,D,0
18.50337,79.84851,332.79,0.47,0.4,2023-04-10,740,N20,VIIRS,l,2,307.7,1.93,D,0
18.50742,79.90137,339.05,0.47,0.4,2023-04-10,740,N20,VIIRS,n,2,308.44,2.21,D,0
18.50815,79.90578,347.11,0.47,0.4,2023-04-10,740,N20,VIIRS,n,2,309.93,10.25,D,0
18.50893,79.90199,346.98,0.47,0.4,2023-04-10,740,N20,VIIRS,n,2,310.2,9.06,D,0
18.5097,79.90638,344.76,0.47,0.4,2023-04-10,740,N20,VIIRS,n,2,311.17,12.84,D,0
18.5109,80.57705,338.81,0.44,0.38,2023-04-10,740,N20,VIIRS,l,2,308.89,2.51,D,0
18.51158,80.58119,340.07,0.44,0.38,2023-04-10,740,N20,VIIRS,n,2,308.88,2.51,D,0
18.51192,80.57756,342.9,0.44,0.38,2023-04-10,740,N20,VIIRS,n,2,309.66,3.21,D,0
18.51262,80.58168,337.28,0.44,0.38,2023-04-10,740,N20,VIIRS,l,2,310.3,3.21,D,0
18.5142,79.84652,356.16,0.47,0.4,2023-04-10,740,N20,VIIRS,n,2,311.88,11.7,D,0
18.51498,81.22595,332.46,0.42,0.37,2023-04-10,740,N20,VIIRS,l,2,302.78,2.44,D,0
18.52101,80.50343,347.85,0.44,0.38,2023-04-10,740,N20,VIIRS,n,2,312.22,10.72,D,0
18.52239,80.5756,342.96,0.44,0.38,2023-04-10,740,N20,VIIRS,l,2,311.87,6.86,D,0
18.52301,80.14804,333.89,0.46,0.39,2023-04-10,740,N20,VIIRS,l,2,308.07,4.33,D,0
18.52373,80.15231,351.17,0.46,0.39,2023-04-10,740,N20,VIIRS,n,2,312.22,9.07,D,0
18.52444,80.15656,342.63,0.46,0.39,2023-04-10,740,N20,VIIRS,n,2,309.21,9.07,D,0
18.52867,80.1161,337.81,0.46,0.39,2023-04-10,740,N20,VIIRS,l,2,306.6,3.73,D,0
18.52939,80.12041,350.06,0.46,0.39,2023-04-10,740,N20,VIIRS,n,2,308.05,3.73,D,0
18.55139,80.27388,338.13,0.45,0.39,2023-04-10,740,N20,VIIRS,l,2,310.06,3.89,D,0
18.56449,80.22421,334.67,0.45,0.39,2023-04-10,740,N20,VIIRS,l,2,307.2,2.41,D,0
18.56884,80.24958,336.34,0.45,0.39,2023-04-10,740,N20,VIIRS,l,2,306.81,4.06,D,0
18.57124,78.19203,342.54,0.38,0.43,2023-04-10,740,N20,VIIRS,n,2,312.13,4.0,D,0
18.58401,78.32951,337.55,0.56,0.43,2023-04-10,740,N20,VIIRS,l,2,310.14,7.41,D,0
18.58698,80.16309,338.56,0.45,0.39,2023-04-10,740,N20,VIIRS,l,2,307.35,4.36,D,0
18.58981,80.15816,335.78,0.45,0.39,2023-04-10,740,N20,VIIRS,l,2,307.59,3.64,D,0
18.59054,80.16243,350.16,0.45,0.39,2023-04-10,740,N20,VIIRS,n,2,307.63,3.64,D,0
18.60195,80.18652,333.61,0.45,0.39,2023-04-10,740,N20,VIIRS,l,2,308.32,2.73,D,0
18.60718,81.25418,334.84,0.41,0.37,2023-04-10,740,N20,VIIRS,n,2,301.85,2.06,D,0
18.61478,80.21918,341.27,0.45,0.39,2023-04-10,740,N20,VIIRS,n,2,308.46,4.13,D,0
18.61555,80.2669,336.58,0.45,0.39,2023-04-10,740,N20,VIIRS,l,2,308.82,3.32,D,0
18.61841,80.28385,354.06,0.45,0.39,2023-04-10,740,N20,VIIRS,n,2,308.66,11.49,D,0
18.62329,80.2263,336.61,0.45,0.39,2023-04-10,740,N20,VIIRS,l,2,309.89,3.33,D,0
18.62463,80.16915,340.49,0.45,0.39,2023-04-10,740,N20,VIIRS,n,2,307.56,3.79,D,0
18.62747,80.16425,334.62,0.45,0.39,2023-04-10,740,N20,VIIRS,n,2,307.77,1.85,D,0
18.70085,80.27798,341.35,0.45,0.39,2023-04-10,740,N20,VIIRS,l,2,308.24,2.76,D,0
18.70156,80.28214,334.92,0.45,0.39,2023-04-10,740,N20,VIIRS,l,2,308.31,2.76,D,0
18.71068,79.96837,335.53,0.46,0.39,2023-04-10,740,N20,VIIRS,l,2,310.18,3.96,D,0
18.71072,80.27185,333.13,0.45,0.39,2023-04-10,740,N20,VIIRS,l,2,306.85,1.79,D,0
18.71134,78.59327,340.38,0.54,0.42,2023-04-10,740,N20,VIIRS,n,2,310.29,3.98,D,0
18.75505,79.6531,341.81,0.48,0.4,2023-04-10,740,N20,VIIRS,n,2,308.87,5.89,D,0
18.75542,79.69902,341.12,0.48,0.4,2023-04-10,740,N20,VIIRS,l,2,308.54,7.44,D,0
18.76478,79.6881,341.45,0.48,0.4,2023-04-10,740,N20,VIIRS,l,2,309.88,7.41,D,0
18.76499,80.33518,332.45,0.45,0.39,2023-04-10,740,N20,VIIRS,l,2,306.82,3.62,D,0
18.7678,80.33033,333.86,0.45,0.39,2023-04-10,740,N20,VIIRS,l,2,307.72,4.08,D,0
18.7685,80.3345,343.85,0.45,0.39,2023-04-10,740,N20,VIIRS,l,2,307.98,3.62,D,0
18.76996,80.60196,332.03,0.43,0.38,2023-04-10,740,N20,VIIRS,l,2,305.96,2.3,D,0
18.78155,80.67127,332.81,0.43,0.38,2023-04-10,740,N20,VIIRS,l,2,304.73,1.26,D,0
18.7835,79.66615,338.05,0.48,0.4,2023-04-10,740,N20,VIIRS,l,2,309.91,5.5,D,0
18.78425,79.67061,342.43,0.48,0.4,2023-04-10,740,N20,VIIRS,l,2,310.0,5.5,D,0
18.78848,80.67,340.78,0.43,0.38,2023-04-10,740,N20,VIIRS,l,2,307.05,5.95,D,0
18.79438,79.66409,336.57,0.48,0.4,2023-04-10,740,N20,VIIRS,l,2,310.75,6.12,D,0
18.79492,79.6653,340.01,0.48,0.4,2023-04-10,740,N20,VIIRS,l,2,310.87,4.89,D,0
18.82563,77.58624,345.3,0.41,0.45,2023-04-10,740,N20,VIIRS,n,2,314.44,7.09,D,0
18.85059,80.21674,346.63,0.45,0.39,2023-04-10,740,N20,VIIRS,n,2,310.51,8.78,D,0
18.85619,80.09766,341.5,0.45,0.39,2023-04-10,740,N20,VIIRS,l,2,306.91,3.8,D,0
18.86306,80.44215,333.09,0.44,0.38,2023-04-10,740,N20,VIIRS,l,2,307.37,2.85,D,0
18.87327,80.13422,338.85,0.45,0.39,2023-04-10,740,N20,VIIRS,l,2,308.92,2.77,D,0
18.87622,80.13452,340.65,0.45,0.39,2023-04-10,740,N20,VIIRS,l,2,309.09,2.99,D,0
18.87875,80.27636,337.42,0.45,0.39,2023-04-10,740,N20,VIIRS,l,2,310.1,2.53,D,0
18.87951,80.08976,337.77,0.45,0.39,2023-04-10,740,N20,VIIRS,l,2,309.59,9.17,D,0
18.88025,80.09405,351.72,0.45,0.39,2023-04-10,740,N20,VIIRS,n,2,309.4,9.17,D,0
18.88048,80.13808,338.4,0.45,0.39,2023-04-10,740,N20,VIIRS,l,2,307.13,2.99,D,0
18.88098,80.09832,349.85,0.45,0.39,2023-04-10,740,N20,VIIRS,n,2,308.22,5.1,D,0
18.88171,80.1026,341.38,0.45,0.39,2023-04-10,740,N20,VIIRS,l,2,308.15,5.1,D,0
18.8838,80.09338,335.5,0.45,0.39,2023-04-10,740,N20,VIIRS,l,2,306.48,2.32,D,0
18.88953,80.10548,341.26,0.45,0.39,2023-04-10,740,N20,VIIRS,l,2,307.31,2.91,D,0
18.89308,80.10481,340.11,0.45,0.39,2023-04-10,740,N20,VIIRS,n,2,306.49,3.79,D,0
18.89663,80.10416,340.96,0.45,0.39,2023-04-10,740,N20,VIIRS,n,2,306.95,3.79,D,0
18.90017,80.10349,343.04,0.45,0.39,2023-04-10,740,N20,VIIRS,l,2,306.83,5.55,D,0
18.90571,80.04995,338.14,0.46,0.39,2023-04-10,740,N20,VIIRS,l,2,307.31,4.74,D,0
18.91358,80.07469,340.99,0.45,0.39,2023-04-10,740,N20,VIIRS,n,2,310.75,4.18,D,0
18.9138,78.90649,348.75,0.52,0.41,2023-04-10,740,N20,VIIRS,n,2,313.03,12.36,D,0
18.91757,78.90576,337.66,0.52,0.41,2023-04-10,740,N20,VIIRS,l,2,310.87,5.67,D,0
18.93561,80.05323,339.83,0.46,0.39,2023-04-10,740,N20,VIIRS,l,2,310.12,4.06,D,0
18.97024,78.63272,337.54,0.54,0.42,2023-04-10,740,N20,VIIRS,l,2,309.79,4.5,D,0
18.97489,78.89952,345.36,0.52,0.41,2023-04-10,740,N20,VIIRS,n,2,309.34,7.93,D,0
18.97579,78.37367,335.08,0.55,0.43,2023-04-10,740,N20,VIIRS,l,2,306.51,2.23,D,0
18.97972,77.42262,345.25,0.42,0.45,2023-04-10,740,N20,VIIRS,n,2,315.45,8.95,D,0
18.98314,80.22786,339.09,0.45,0.39,2023-04-10,740,N20,VIIRS,l,2,306.49,2.85,D,0
18.9874,80.18794,335.47,0.45,0.39,2023-04-10,740,N20,VIIRS,l,2,306.35,1.77,D,0
18.98746,80.18913,347.42,0.45,0.39,2023-04-10,740,N20,VIIRS,n,2,307.16,3.86,D,0
18.98809,80.19211,336.92,0.45,0.39,2023-04-10,740,N20,VIIRS,n,2,307.43,2.38,D,0
18.99135,79.41166,336.88,0.49,0.4,2023-04-10,740,N20,VIIRS,l,2,310.4,1.81,D,0
18.99165,78.95129,339.0,0.51,0.41,2023-04-10,740,N20,VIIRS,l,2,310.46,6.44,D,0
18.9953,80.21362,333.91,0.45,0.39,2023-04-10,740,N20,VIIRS,l,2,307.78,2.16,D,0
18.99581,80.21661,338.07,0.45,0.39,2023-04-10,740,N20,VIIRS,l,2,308.41,2.14,D,0
19.00166,80.20827,333.93,0.45,0.39,2023-04-10,740,N20,VIIRS,l,2,307.19,2.08,D,0
19.0031,79.30505,337.21,0.49,0.4,2023-04-10,740,N20,VIIRS,l,2,311.88,2.66,D,0
19.00682,79.30456,334.49,0.49,0.4,2023-04-10,740,N20,VIIRS,l,2,309.4,2.66,D,0
19.0073,80.17733,351.46,0.45,0.39,2023-04-10,740,N20,VIIRS,n,2,307.69,19.22,D,0
19.00733,78.90582,336.59,0.52,0.41,2023-04-10,740,N20,VIIRS,l,2,310.49,2.46,D,0
19.03897,80.14922,346.82,0.45,0.39,2023-04-10,740,N20,VIIRS,n,2,308.65,5.62,D,0
19.04264,80.42786,334.22,0.44,0.38,2023-04-10,740,N20,VIIRS,l,2,306.38,2.67,D,0
19.04315,77.87817,343.15,0.39,0.44,2023-04-10,740,N20,VIIRS,n,2,312.38,7.65,D,0
19.04469,79.15935,335.33,0.5,0.41,2023-04-10,740,N20,VIIRS,l,2,309.47,3.52,D,0
19.04793,79.13432,336.9,0.5,0.41,2023-04-10,740,N20,VIIRS,l,2,307.59,4.01,D,0
19.05269,79.31213,340.08,0.49,0.4,2023-04-10,740,N20,VIIRS,l,2,313.16,7.69,D,0
19.05338,79.30996,339.6,0.49,0.4,2023-04-10,740,N20,VIIRS,l,2,311.6,7.38,D,0
19.05655,80.10202,335.41,0.45,0.39,2023-04-10,740,N20,VIIRS,l,2,307.03,3.62,D,0
19.05801,80.24054,337.88,0.45,0.39,2023-04-10,740,N20,VIIRS,l,2,309.16,4.87,D,0
19.06565,80.43617,336.73,0.44,0.38,2023-04-10,740,N20,VIIRS,l,2,306.79,4.44,D,0
19.07276,79.94495,337.62,0.46,0.39,2023-04-10,740,N20,VIIRS,l,2,307.39,2.92,D,0
19.07295,79.77419,337.74,0.47,0.39,2023-04-10,740,N20,VIIRS,n,2,309.1,3.3,D,0
19.07631,79.94421,336.98,0.46,0.39,2023-04-10,740,N20,VIIRS,l,2,307.63,3.95,D,0
19.08089,79.77723,346.92,0.47,0.39,2023-04-10,740,N20,VIIRS,n,2,308.69,7.16,D,0
19.09105,78.63242,338.26,0.53,0.42,2023-04-10,740,N20,VIIRS,l,2,311.11,5.74,D,0
19.09487,78.63168,336.53,0.53,0.42,2023-04-10,740,N20,VIIRS,l,2,310.79,4.25,D,0
19.09576,78.63664,336.46,0.53,0.42,2023-04-10,740,N20,VIIRS,l,2,310.56,4.25,D,0
19.10046,78.64089,337.19,0.53,0.42,2023-04-10,740,N20,VIIRS,l,2,310.14,4.06,D,0
19.1025,78.63022,348.13,0.53,0.42,2023-04-10,740,N20,VIIRS,n,2,312.38,8.29,D,0
19.10339,78.6352,339.39,0.53,0.42,2023-04-10,740,N20,VIIRS,l,2,311.72,8.29,D,0
19.10572,78.60384,340.94,0.53,0.42,2023-04-10,740,N20,VIIRS,n,2,311.61,4.58,D,0
19.10632,78.62947,347.26,0.53,0.42,2023-04-10,740,N20,VIIRS,n,2,311.46,8.29,D,0
19.11018,80.466,335.1,0.44,0.38,2023-04-10,740,N20,VIIRS,l,2,308.43,1.95,D,0
19.11503,80.47356,339.86,0.44,0.38,2023-04-10,740,N20,VIIRS,l,2,309.1,4.0,D,0
19.11776,80.18624,344.96,0.45,0.39,2023-04-10,740,N20,VIIRS,n,2,311.17,10.0,D,0
19.12039,78.57505,338.34,0.54,0.42,2023-04-10,740,N20,VIIRS,n,2,310.24,4.63,D,0
19.12117,79.92672,332.71,0.46,0.39,2023-04-10,740,N20,VIIRS,n,2,307.01,0.99,D,0
19.12493,79.13596,341.38,0.5,0.41,2023-04-10,740,N20,VIIRS,n,2,312.77,9.16,D,0
19.13105,79.14922,337.62,0.5,0.41,2023-04-10,740,N20,VIIRS,l,2,311.82,5.19,D,0
19.13304,79.15069,338.87,0.5,0.41,2023-04-10,740,N20,VIIRS,l,2,310.13,4.28,D,0
19.13328,77.16846,337.75,0.43,0.46,2023-04-10,740,N20,VIIRS,l,2,309.56,4.02,D,0
19.13405,77.1725,338.28,0.43,0.46,2023-04-10,740,N20,VIIRS,n,2,308.01,4.02,D,0
19.13774,80.43113,333.13,0.44,0.38,2023-04-10,740,N20,VIIRS,l,2,307.46,4.21,D,0
19.1385,80.26547,334.84,0.44,0.39,2023-04-10,740,N20,VIIRS,l,2,303.57,2.8,D,0
19.13904,79.37208,343.73,0.49,0.4,2023-04-10,740,N20,VIIRS,l,2,308.93,7.92,D,0
19.14028,80.43073,346.83,0.44,0.38,2023-04-10,740,N20,VIIRS,n,2,308.62,7.43,D,0
19.14123,80.43048,344.5,0.44,0.38,2023-04-10,740,N20,VIIRS,l,2,307.56,4.21,D,0
19.14209,79.15846,339.09,0.5,0.41,2023-04-10,740,N20,VIIRS,l,2,309.54,2.51,D,0
19.14332,80.44281,332.56,0.44,0.38,2023-04-10,740,N20,VIIRS,l,2,306.84,1.8,D,0
19.14569,81.34746,342.42,0.41,0.37,2023-04-10,740,N20,VIIRS,l,2,304.73,5.62,D,0
19.14631,81.3513,339.89,0.41,0.37,2023-04-10,740,N20,VIIRS,l,2,304.21,6.07,D,0
19.14706,80.47189,331.84,0.44,0.38,2023-04-10,740,N20,VIIRS,l,2,306.4,1.23,D,0
19.15018,80.16287,344.54,0.45,0.39,2023-04-10,740,N20,VIIRS,l,2,308.74,4.93,D,0
19.15089,80.16707,336.49,0.45,0.39,2023-04-10,740,N20,VIIRS,l,2,307.36,4.93,D,0
19.15473,78.66392,340.18,0.53,0.42,2023-04-10,740,N20,VIIRS,l,2,312.56,4.95,D,0
19.15563,78.66887,336.91,0.53,0.42,2023-04-10,740,N20,VIIRS,l,2,309.96,4.95,D,0
19.15584,78.6483,345.14,0.53,0.42,2023-04-10,740,N20,VIIRS,n,2,312.33,12.97,D,0
19.15608,78.66584,346.52,0.53,0.42,2023-04-10,740,N20,VIIRS,n,2,312.58,10.53,D,0
19.15641,78.64521,338.09,0.53,0.42,2023-04-10,740,N20,VIIRS,l,2,310.71,5.71,D,0
19.15674,78.65325,343.42,0.53,0.42,2023-04-10,740,N20,VIIRS,n,2,311.79,9.22,D,0
19.15728,78.65018,353.22,0.53,0.42,2023-04-10,740,N20,VIIRS,n,2,313.57,8.58,D,0
19.15728,80.41903,337.35,0.44,0.38,2023-04-10,740,N20,VIIRS,l,2,307.62,3.64,D,0
19.15815,78.65514,340.74,0.53,0.42,2023-04-10,740,N20,VIIRS,l,2,311.01,8.58,D,0
19.15964,78.64751,339.72,0.53,0.42,2023-04-10,740,N20,VIIRS,l,2,311.97,8.04,D,0
19.16054,78.65247,345.39,0.53,0.42,2023-04-10,740,N20,VIIRS,n,2,311.89,7.24,D,0
19.16076,80.41839,344.99,0.44,0.38,2023-04-10,740,N20,VIIRS,n,2,307.59,3.64,D,0
19.16108,78.6494,344.51,0.53,0.42,2023-04-10,740,N20,VIIRS,n,2,311.85,6.27,D,0
19.16143,78.65743,345.13,0.53,0.42,2023-04-10,740,N20,VIIRS,n,2,311.55,7.24,D,0
19.16195,78.65437,345.58,0.53,0.42,2023-04-10,740,N20,VIIRS,n,2,312.17,6.27,D,0
19.16575,80.23369,331.67,0.44,0.39,2023-04-10,740,N20,VIIRS,l,2,306.22,2.71,D,0
19.16647,80.23798,335.84,0.44,0.39,2023-04-10,740,N20,VIIRS,l,2,305.07,2.87,D,0
19.17371,79.1424,352.03,0.5,0.41,2023-04-10,740,N20,VIIRS,n,2,312.17,10.77,D,0
19.17413,80.32656,354.1,0.44,0.38,2023-04-10,740,N20,VIIRS,n,2,309.11,15.18,D,0
19.1756,80.22757,333.22,0.45,0.39,2023-04-10,740,N20,VIIRS,l,2,306.2,2.83,D,0
19.17609,78.86988,340.83,0.52,0.41,2023-04-10,740,N20,VIIRS,l,2,311.47,5.42,D,0
19.17626,80.31773,333.1,0.44,0.38,2023-04-10,740,N20,VIIRS,l,2,307.04,2.69,D,0
19.17975,80.31702,333.99,0.44,0.38,2023-04-10,740,N20,VIIRS,l,2,307.01,2.69,D,0
19.17986,78.86917,352.78,0.52,0.41,2023-04-10,740,N20,VIIRS,n,2,313.02,5.42,D,0
19.1807,78.87403,347.28,0.52,0.41,2023-04-10,740,N20,VIIRS,n,2,313.19,5.42,D,0
19.18075,79.11703,337.33,0.5,0.41,2023-04-10,740,N20,VIIRS,l,2,311.83,8.8,D,0
19.18155,78.87887,337.59,0.52,0.41,2023-04-10,740,N20,VIIRS,l,2,312.34,4.81,D,0
19.18362,78.86848,343.4,0.52,0.41,2023-04-10,740,N20,VIIRS,n,2,310.32,5.46,D,0
19.18394,80.32045,334.82,0.44,0.38,2023-04-10,740,N20,VIIRS,l,2,307.09,3.61,D,0
19.18447,78.87335,346.36,0.52,0.41,2023-04-10,740,N20,VIIRS,n,2,312.18,5.46,D,0
19.18524,79.03297,335.91,0.51,0.41,2023-04-10,740,N20,VIIRS,l,2,310.68,4.94,D,0
19.18574,80.48138,341.2,0.43,0.38,2023-04-10,740,N20,VIIRS,n,2,308.0,2.54,D,0
19.18621,80.26925,334.03,0.44,0.39,2023-04-10,740,N20,VIIRS,l,2,305.71,2.2,D,0
19.18675,80.31567,341.75,0.44,0.38,2023-04-10,740,N20,VIIRS,n,2,307.74,4.88,D,0
19.1898,79.03704,336.66,0.51,0.41,2023-04-10,740,N20,VIIRS,l,2,309.56,2.98,D,0
19.19865,80.32202,342.83,0.44,0.38,2023-04-10,740,N20,VIIRS,l,2,307.26,5.02,D,0
19.20009,80.30902,340.42,0.44,0.38,2023-04-10,740,N20,VIIRS,l,2,307.49,4.02,D,0
19.2009,80.27058,338.88,0.44,0.39,2023-04-10,740,N20,VIIRS,l,2,305.59,2.4,D,0
19.20165,77.04517,343.16,0.44,0.46,2023-04-10,740,N20,VIIRS,n,2,309.31,3.29,D,0
19.20215,80.3214,347.5,0.44,0.38,2023-04-10,740,N20,VIIRS,n,2,307.61,5.02,D,0
19.20354,80.32969,334.41,0.44,0.38,2023-04-10,740,N20,VIIRS,l,2,307.83,3.34,D,0
19.20359,80.30836,332.32,0.44,0.38,2023-04-10,740,N20,VIIRS,l,2,306.74,2.45,D,0
19.20369,79.16064,337.74,0.5,0.41,2023-04-10,740,N20,VIIRS,l,2,311.48,4.94,D,0
19.20441,80.26991,345.73,0.44,0.39,2023-04-10,740,N20,VIIRS,n,2,306.67,5.55,D,0
19.20509,80.27397,331.92,0.44,0.39,2023-04-10,740,N20,VIIRS,l,2,305.51,2.64,D,0
19.20979,80.34553,338.74,0.44,0.38,2023-04-10,740,N20,VIIRS,l,2,309.5,7.34,D,0
19.21132,80.5272,343.22,0.43,0.38,2023-04-10,740,N20,VIIRS,n,2,307.04,4.64,D,0
19.21271,80.29803,340.97,0.44,0.38,2023-04-10,740,N20,VIIRS,n,2,309.46,8.91,D,0
19.21286,79.12536,341.56,0.5,0.41,2023-04-10,740,N20,VIIRS,l,2,313.51,5.15,D,0
19.21287,80.23367,337.09,0.44,0.39,2023-04-10,740,N20,VIIRS,l,2,305.29,1.96,D,0
19.21343,80.23477,341.51,0.44,0.39,2023-04-10,740,N20,VIIRS,n,2,305.38,2.54,D,0
19.21347,79.01814,343.01,0.51,0.41,2023-04-10,740,N20,VIIRS,l,2,316.67,9.99,D,0
19.21802,77.30032,340.46,0.42,0.45,2023-04-10,740,N20,VIIRS,n,2,310.11,2.05,D,0
19.23694,79.09907,336.46,0.5,0.41,2023-04-10,740,N20,VIIRS,l,2,309.56,7.85,D,0
19.2382,80.40824,334.88,0.44,0.38,2023-04-10,740,N20,VIIRS,l,2,307.62,3.74,D,0
19.23956,80.41646,334.74,0.44,0.38,2023-04-10,740,N20,VIIRS,l,2,306.26,3.49,D,0
19.24236,80.41169,343.33,0.44,0.38,2023-04-10,740,N20,VIIRS,n,2,307.1,3.4,D,0
19.24304,80.4158,341.53,0.44,0.38,2023-04-10,740,N20,VIIRS,l,2,307.83,3.4,D,0
19.24841,79.63476,342.04,0.47,0.4,2023-04-10,740,N20,VIIRS,l,2,313.76,10.55,D,0
19.25787,79.4948,340.91,0.48,0.4,2023-04-10,740,N20,VIIRS,l,2,315.37,9.01,D,0
19.25893,80.1177,343.99,0.45,0.39,2023-04-10,740,N20,VIIRS,n,2,309.99,6.1,D,0
19.26246,80.11704,345.57,0.45,0.39,2023-04-10,740,N20,VIIRS,n,2,308.81,6.1,D,0
19.26961,78.82504,340.03,0.52,0.41,2023-04-10,740,N20,VIIRS,l,2,313.1,7.48,D,0
19.273,80.41554,337.5,0.44,0.38,2023-04-10,740,N20,VIIRS,l,2,308.94,5.84,D,0
19.27453,80.21029,332.77,0.44,0.39,2023-04-10,740,N20,VIIRS,l,2,305.88,2.25,D,0
19.28226,80.21316,333.34,0.44,0.39,2023-04-10,740,N20,VIIRS,l,2,306.32,4.49,D,0
19.29047,80.39113,333.69,0.44,0.38,2023-04-10,740,N20,VIIRS,l,2,307.62,2.34,D,0
19.2942,79.24998,341.11,0.49,0.4,2023-04-10,740,N20,VIIRS,l,2,314.43,11.04,D,0
19.29493,80.13705,340.13,0.45,0.39,2023-04-10,740,N20,VIIRS,l,2,309.14,6.84,D,0
19.2979,80.02822,338.48,0.45,0.39,2023-04-10,740,N20,VIIRS,l,2,311.15,4.14,D,0
19.30754,80.12685,336.07,0.45,0.39,2023-04-10,740,N20,VIIRS,l,2,309.09,9.14,D,0
19.31696,79.18417,350.27,0.5,0.41,2023-04-10,740,N20,VIIRS,n,2,311.62,7.83,D,0
19.32266,77.85191,334.78,0.39,0.44,2023-04-10,740,N20,VIIRS,l,2,309.27,1.85,D,0
19.3253,79.8016,338.47,0.46,0.39,2023-04-10,740,N20,VIIRS,l,2,309.96,5.27,D,0
19.32727,80.11453,343.21,0.45,0.39,2023-04-10,740,N20,VIIRS,n,2,309.88,12.02,D,0
19.32888,79.80095,338.11,0.46,0.39,2023-04-10,740,N20,VIIRS,l,2,310.67,5.45,D,0
19.3308,80.11388,338.88,0.45,0.39,2023-04-10,740,N20,VIIRS,n,2,304.67,2.28,D,0
19.33152,80.11809,333.16,0.45,0.39,2023-04-10,740,N20,VIIRS,l,2,306.59,2.28,D,0
19.33921,78.71236,339.07,0.52,0.42,2023-04-10,740,N20,VIIRS,l,2,313.46,6.1,D,0
19.3606,80.22522,341.62,0.44,0.39,2023-04-10,740,N20,VIIRS,n,2,306.24,5.41,D,0
19.3638,80.02897,336.15,0.45,0.39,2023-04-10,740,N20,VIIRS,l,2,308.26,4.2,D,0
19.36406,80.15991,350.81,0.45,0.39,2023-04-10,740,N20,VIIRS,n,2,311.06,15.49,D,0
19.36757,80.15922,353.79,0.45,0.39,2023-04-10,740,N20,VIIRS,n,2,311.67,15.33,D,0
19.36902,80.29639,336.8,0.44,0.38,2023-04-10,740,N20,VIIRS,l,2,308.43,6.39,D,0
19.37095,79.2179,339.86,0.49,0.4,2023-04-10,740,N20,VIIRS,l,2,312.85,6.07,D,0
19.37108,80.15852,333.53,0.45,0.39,2023-04-10,740,N20,VIIRS,l,2,307.06,15.33,D,0
19.37273,79.22051,338.3,0.49,0.4,2023-04-10,740,N20,VIIRS,l,2,311.78,7.09,D,0
19.37604,80.18793,347.83,0.44,0.39,2023-04-10,740,N20,VIIRS,n,2,308.71,8.98,D,0
19.3781,80.11387,352.32,0.45,0.39,2023-04-10,740,N20,VIIRS,n,2,305.9,9.6,D,0
19.37955,80.18727,337.41,0.44,0.39,2023-04-10,740,N20,VIIRS,l,2,308.19,6.19,D,0
19.38077,81.08393,336.86,0.41,0.37,2023-04-10,740,N20,VIIRS,n,2,303.2,3.45,D,0
19.38366,80.06027,337.42,0.45,0.39,2023-04-10,740,N20,VIIRS,l,2,308.12,5.36,D,0
19.38587,80.20329,334.04,0.44,0.39,2023-04-10,740,N20,VIIRS,l,2,307.31,3.82,D,0
19.38648,80.05535,345.1,0.45,0.39,2023-04-10,740,N20,VIIRS,n,2,309.66,9.48,D,0
19.38719,80.05959,337.56,0.45,0.39,2023-04-10,740,N20,VIIRS,l,2,307.25,5.98,D,0
19.38794,80.10751,334.68,0.45,0.39,2023-04-10,740,N20,VIIRS,l,2,304.72,4.51,D,0
19.3936,80.20618,343.74,0.44,0.39,2023-04-10,740,N20,VIIRS,l,2,308.83,8.11,D,0
19.39558,79.91875,344.6,0.46,0.39,2023-04-10,740,N20,VIIRS,n,2,310.12,5.54,D,0
19.3981,79.15585,343.67,0.5,0.41,2023-04-10,740,N20,VIIRS,n,2,308.89,5.2,D,0
19.3989,79.16041,346.99,0.5,0.41,2023-04-10,740,N20,VIIRS,n,2,311.02,5.2,D,0
19.40883,80.57569,333.84,0.43,0.38,2023-04-10,740,N20,VIIRS,l,2,303.68,3.52,D,0
19.41698,79.13283,338.05,0.5,0.41,2023-04-10,740,N20,VIIRS,l,2,309.79,5.42,D,0
19.42517,80.22189,332.62,0.44,0.39,2023-04-10,740,N20,VIIRS,l,2,305.69,3.09,D,0
19.42936,80.20064,332.83,0.44,0.39,2023-04-10,740,N20,VIIRS,l,2,307.11,4.33,D,0
19.42939,80.20371,339.54,0.44,0.39,2023-04-10,740,N20,VIIRS,l,2,306.9,3.9,D,0
19.43358,80.20414,331.92,0.44,0.39,2023-04-10,740,N20,VIIRS,l,2,306.77,3.28,D,0
19.43983,80.44015,336.41,0.43,0.38,2023-04-10,740,N20,VIIRS,l,2,307.29,2.25,D,0
19.4545,80.42052,335.63,0.43,0.38,2023-04-10,740,N20,VIIRS,l,2,306.71,2.89,D,0
19.45625,79.63945,333.31,0.47,0.4,2023-04-10,740,N20,VIIRS,l,2,308.28,3.17,D,0
19.45749,80.2383,337.82,0.44,0.38,2023-04-10,740,N20,VIIRS,l,2,309.31,3.65,D,0
19.45798,80.41988,339.85,0.43,0.38,2023-04-10,740,N20,VIIRS,n,2,307.6,2.89,D,0
19.45825,80.32781,332.05,0.44,0.38,2023-04-10,740,N20,VIIRS,l,2,306.59,2.12,D,0
19.46032,80.29758,340.67,0.44,0.38,2023-04-10,740,N20,VIIRS,l,2,308.35,4.76,D,0
19.46382,80.29693,336.28,0.44,0.38,2023-04-10,740,N20,VIIRS,l,2,307.58,2.24,D,0
19.4663,79.63303,337.6,0.47,0.4,2023-04-10,740,N20,VIIRS,l,2,309.33,2.59,D,0
19.46646,80.12018,331.53,0.45,0.39,2023-04-10,740,N20,VIIRS,l,2,304.87,2.59,D,0
19.47016,79.88239,342.75,0.46,0.39,2023-04-10,740,N20,VIIRS,l,2,310.9,4.38,D,0
19.47142,79.64114,341.38,0.47,0.4,2023-04-10,740,N20,VIIRS,n,2,309.22,5.75,D,0
19.47493,80.46861,335.94,0.43,0.38,2023-04-10,740,N20,VIIRS,n,2,303.34,1.69,D,0
19.475,80.23502,339.43,0.44,0.38,2023-04-10,740,N20,VIIRS,l,2,308.97,5.42,D,0
19.4818,80.48811,332.12,0.43,0.38,2023-04-10,740,N20,VIIRS,n,2,305.36,1.28,D,0
19.48404,80.11672,345.9,0.45,0.39,2023-04-10,740,N20,VIIRS,n,2,308.05,5.63,D,0
19.48756,80.11607,342.8,0.45,0.39,2023-04-10,740,N20,VIIRS,n,2,308.23,5.63,D,0
19.48969,80.1287,335.71,0.45,0.39,2023-04-10,740,N20,VIIRS,n,2,307.14,3.22,D,0
19.49038,80.11122,347.06,0.45,0.39,2023-04-10,740,N20,VIIRS,n,2,308.55,15.04,D,0
19.4904,80.13294,336.0,0.45,0.39,2023-04-10,740,N20,VIIRS,n,2,305.94,3.22,D,0
19.4904,80.24067,334.91,0.44,0.38,2023-04-10,740,N20,VIIRS,l,2,309.89,3.54,D,0
19.49109,80.11543,355.94,0.45,0.39,2023-04-10,740,N20,VIIRS,n,2,310.99,15.04,D,0
19.49319,80.10635,336.16,0.45,0.39,2023-04-10,740,N20,VIIRS,l,2,306.69,3.28,D,0
19.49324,80.17149,338.93,0.44,0.39,2023-04-10,740,N20,VIIRS,l,2,307.89,4.92,D,0
19.4939,80.11058,350.81,0.45,0.39,2023-04-10,740,N20,VIIRS,n,2,309.98,15.04,D,0
19.49672,80.10573,348.26,0.45,0.39,2023-04-10,740,N20,VIIRS,n,2,307.97,8.07,D,0
19.49676,80.17083,345.63,0.44,0.39,2023-04-10,740,N20,VIIRS,n,2,308.23,4.92,D,0
19.50378,80.10451,335.91,0.45,0.39,2023-04-10,740,N20,VIIRS,l,2,304.45,3.16,D,0
19.50573,80.31046,336.79,0.44,0.38,2023-04-10,740,N20,VIIRS,l,2,308.97,4.99,D,0
19.50802,80.10812,334.35,0.45,0.39,2023-04-10,740,N20,VIIRS,l,2,305.94,3.03,D,0
19.50811,80.49576,332.35,0.43,0.38,2023-04-10,740,N20,VIIRS,l,2,307.13,2.46,D,0
19.50871,80.15565,339.29,0.44,0.39,2023-04-10,740,N20,VIIRS,l,2,307.56,5.04,D,0
19.50941,80.15984,336.77,0.44,0.39,2023-04-10,740,N20,VIIRS,l,2,307.6,6.07,D,0
19.50942,80.11652,334.52,0.45,0.39,2023-04-10,740,N20,VIIRS,l,2,306.89,3.34,D,0
19.51154,80.10748,333.95,0.45,0.39,2023-04-10,740,N20,VIIRS,l,2,305.56,2.49,D,0
19.51222,80.15501,334.7,0.44,0.39,2023-04-10,740,N20,VIIRS,l,2,307.93,3.1,D,0
19.51225,80.11171,341.23,0.45,0.39,2023-04-10,740,N20,VIIRS,n,2,306.1,2.49,D,0
19.51258,79.03313,341.85,0.5,0.41,2023-04-10,740,N20,VIIRS,n,2,310.91,8.16,D,0
19.5131,80.44019,341.09,0.43,0.38,2023-04-10,740,N20,VIIRS,n,2,307.71,4.11,D,0
19.51434,80.14597,330.82,0.44,0.39,2023-04-10,740,N20,VIIRS,l,2,305.02,2.14,D,0
19.51565,80.21886,337.05,0.44,0.38,2023-04-10,740,N20,VIIRS,l,2,309.79,3.98,D,0
19.52075,79.94902,338.83,0.45,0.39,2023-04-10,740,N20,VIIRS,l,2,312.96,5.83,D,0
19.52852,80.10083,342.46,0.45,0.39,2023-04-10,740,N20,VIIRS,l,2,305.75,4.61,D,0
19.53204,80.10014,339.36,0.45,0.39,2023-04-10,740,N20,VIIRS,l,2,306.2,3.52,D,0
19.54064,80.15049,343.25,0.44,0.39,2023-04-10,740,N20,VIIRS,l,2,307.11,5.57,D,0
19.54206,80.50659,343.6,0.43,0.38,2023-04-10,740,N20,VIIRS,n,2,308.5,3.57,D,0
19.5423,80.44354,332.29,0.43,0.38,2023-04-10,740,N20,VIIRS,l,2,306.55,1.45,D,0
19.543,80.01507,345.17,0.45,0.39,2023-04-10,740,N20,VIIRS,n,2,312.23,3.55,D,0
19.54372,80.01931,337.71,0.45,0.39,2023-04-10,740,N20,VIIRS,l,2,310.48,3.55,D,0
19.54485,80.50188,336.33,0.43,0.38,2023-04-10,740,N20,VIIRS,l,2,305.36,3.57,D,0
19.54766,80.14913,337.42,0.44,0.39,2023-04-10,740,N20,VIIRS,l,2,306.34,3.52,D,0
19.5498,80.16167,341.11,0.44,0.39,2023-04-10,740,N20,VIIRS,n,2,308.38,6.92,D,0
19.55488,80.56236,339.64,0.43,0.38,2023-04-10,740,N20,VIIRS,n,2,308.81,2.26,D,0
19.56303,80.11155,336.06,0.45,0.39,2023-04-10,740,N20,VIIRS,l,2,306.73,3.99,D,0
19.56595,80.56467,334.3,0.43,0.38,2023-04-10,740,N20,VIIRS,l,2,306.58,1.64,D,0
19.57014,80.1535,331.84,0.44,0.39,2023-04-10,740,N20,VIIRS,l,2,306.73,1.96,D,0
19.57049,79.98357,348.94,0.45,0.39,2023-04-10,740,N20,VIIRS,n,2,313.57,4.91,D,0
19.57086,80.1577,337.5,0.44,0.39,2023-04-10,740,N20,VIIRS,n,2,306.98,2.44,D,0
19.57403,79.98291,340.64,0.45,0.39,2023-04-10,740,N20,VIIRS,l,2,313.34,4.91,D,0
19.57437,80.15707,340.23,0.44,0.39,2023-04-10,740,N20,VIIRS,n,2,306.15,2.44,D,0
19.575,80.11787,341.3,0.45,0.39,2023-04-10,740,N20,VIIRS,l,2,308.93,4.96,D,0
19.57609,79.9518,351.59,0.45,0.39,2023-04-10,740,N20,VIIRS,n,2,311.6,9.58,D,0
19.58211,80.16,338.23,0.44,0.39,2023-04-10,740,N20,VIIRS,l,2,307.55,2.66,D,0
19.58329,80.0162,340.53,0.45,0.39,2023-04-10,740,N20,VIIRS,l,2,310.32,6.42,D,0
19.58589,79.54248,333.85,0.47,0.4,2023-04-10,740,N20,VIIRS,l,2,305.76,3.78,D,0
19.58665,79.5469,348.09,0.47,0.4,2023-04-10,740,N20,VIIRS,n,2,306.74,3.78,D,0
19.58842,80.15449,333.7,0.44,0.39,2023-04-10,740,N20,VIIRS,l,2,305.78,3.92,D,0
19.59036,80.01488,335.43,0.45,0.39,2023-04-10,740,N20,VIIRS,l,2,309.71,3.55,D,0
19.59048,80.12367,347.31,0.44,0.39,2023-04-10,740,N20,VIIRS,n,2,306.5,13.36,D,0
19.59402,80.14467,336.16,0.44,0.39,2023-04-10,740,N20,VIIRS,l,2,305.67,2.35,D,0
19.59472,80.14888,338.24,0.44,0.39,2023-04-10,740,N20,VIIRS,l,2,305.9,2.35,D,0
19.59951,79.98248,341.8,0.45,0.39,2023-04-10,740,N20,VIIRS,n,2,310.09,2.53,D,0
19.60024,80.00861,337.99,0.45,0.39,2023-04-10,740,N20,VIIRS,l,2,310.76,3.58,D,0
19.60514,79.95071,338.69,0.45,0.39,2023-04-10,740,N20,VIIRS,l,2,310.38,2.9,D,0
19.60529,80.14711,339.8,0.44,0.39,2023-04-10,740,N20,VIIRS,l,2,305.05,1.86,D,0
19.60598,80.15125,337.61,0.44,0.39,2023-04-10,740,N20,VIIRS,l,2,304.95,2.02,D,0
19.60668,80.13379,335.26,0.44,0.39,2023-04-10,740,N20,VIIRS,l,2,305.84,2.22,D,0
19.61861,80.09668,338.28,0.45,0.39,2023-04-10,740,N20,VIIRS,l,2,307.52,2.0,D,0
19.62531,80.37429,332.77,0.43,0.38,2023-04-10,740,N20,VIIRS,l,2,307.05,1.74,D,0
19.62568,80.03064,336.76,0.45,0.39,2023-04-10,740,N20,VIIRS,l,2,310.43,3.52,D,0
19.63337,80.11995,346.7,0.44,0.39,2023-04-10,740,N20,VIIRS,n,2,308.01,2.75,D,0
19.6338,80.12038,348.12,0.44,0.39,2023-04-10,740,N20,VIIRS,n,2,308.59,3.74,D,0
19.63731,80.11974,334.77,0.44,0.39,2023-04-10,740,N20,VIIRS,l,2,308.21,1.7,D,0
19.63749,80.18826,336.05,0.44,0.38,2023-04-10,740,N20,VIIRS,l,2,309.85,2.93,D,0
19.63826,80.14938,336.15,0.44,0.39,2023-04-10,740,N20,VIIRS,n,2,305.53,1.72,D,0
19.64099,80.18761,344.99,0.44,0.38,2023-04-10,740,N20,VIIRS,l,2,310.06,4.92,D,0
19.64174,80.18793,338.24,0.44,0.38,2023-04-10,740,N20,VIIRS,l,2,309.1,2.56,D,0
19.64234,80.14913,351.59,0.44,0.39,2023-04-10,740,N20,VIIRS,l,2,307.34,4.38,D,0
19.64306,80.15331,343.11,0.44,0.39,2023-04-10,740,N20,VIIRS,l,2,306.78,4.23,D,0
19.64306,80.43776,332.11,0.43,0.38,2023-04-10,740,N20,VIIRS,l,2,306.28,1.64,D,0
19.64315,79.98363,333.41,0.45,0.39,2023-04-10,740,N20,VIIRS,l,2,307.65,1.92,D,0
19.64371,79.94413,339.14,0.45,0.39,2023-04-10,740,N20,VIIRS,l,2,310.22,11.21,D,0
19.64374,80.44182,336.66,0.43,0.38,2023-04-10,740,N20,VIIRS,l,2,308.53,2.14,D,0
19.64387,79.98788,342.72,0.45,0.39,2023-04-10,740,N20,VIIRS,l,2,308.19,5.35,D,0
19.64514,80.14431,335.01,0.44,0.39,2023-04-10,740,N20,VIIRS,l,2,307.48,4.38,D,0
19.64647,81.05576,336.21,0.41,0.37,2023-04-10,740,N20,VIIRS,n,2,305.71,5.08,D,0
19.64653,80.43713,336.19,0.43,0.38,2023-04-10,740,N20,VIIRS,l,2,307.12,2.36,D,0
19.64721,80.44118,335.12,0.43,0.38,2023-04-10,740,N20,VIIRS,l,2,309.06,3.96,D,0
19.64723,80.13533,345.52,0.44,0.39,2023-04-10,740,N20,VIIRS,n,2,306.41,2.81,D,0
19.64917,79.89025,338.83,0.45,0.39,2023-04-10,740,N20,VIIRS,l,2,311.61,3.36,D,0
19.65034,80.35226,349.47,0.44,0.38,2023-04-10,740,N20,VIIRS,n,2,309.72,4.45,D,0
19.65272,79.88956,336.98,0.45,0.39,2023-04-10,740,N20,VIIRS,l,2,311.75,3.36,D,0
19.65355,80.12989,332.35,0.44,0.39,2023-04-10,740,N20,VIIRS,l,2,307.27,1.53,D,0
19.65859,79.94569,347.01,0.45,0.39,2023-04-10,740,N20,VIIRS,n,2,309.83,4.98,D,0
19.66003,79.95417,340.94,0.45,0.39,2023-04-10,740,N20,VIIRS,l,2,310.11,4.96,D,0
19.66403,80.10625,334.72,0.44,0.39,2023-04-10,740,N20,VIIRS,l,2,308.19,1.76,D,0
19.66474,80.11044,334.55,0.44,0.39,2023-04-10,740,N20,VIIRS,l,2,308.22,1.76,D,0
19.67314,80.09582,343.87,0.45,0.39,2023-04-10,740,N20,VIIRS,n,2,309.44,4.24,D,0
19.67577,80.65635,346.72,0.42,0.38,2023-04-10,740,N20,VIIRS,n,2,308.84,3.95,D,0
19.67595,80.091,345.07,0.45,0.39,2023-04-10,740,N20,VIIRS,n,2,311.13,6.32,D,0
19.67602,80.1342,341.77,0.44,0.39,2023-04-10,740,N20,VIIRS,n,2,310.75,3.27,D,0
19.67616,80.30538,337.64,0.44,0.38,2023-04-10,740,N20,VIIRS,l,2,308.08,5.99,D,0
19.67748,80.60229,334.87,0.43,0.38,2023-04-10,740,N20,VIIRS,l,2,308.97,2.96,D,0
19.67882,80.12935,338.2,0.44,0.39,2023-04-10,740,N20,VIIRS,l,2,310.85,3.27,D,0
19.67921,80.65575,338.83,0.42,0.38,2023-04-10,740,N20,VIIRS,l,2,307.98,3.95,D,0
19.67947,80.09034,338.09,0.45,0.39,2023-04-10,740,N20,VIIRS,l,2,307.4,6.32,D,0
19.67964,80.3047,346.7,0.44,0.38,2023-04-10,740,N20,VIIRS,n,2,311.93,5.99,D,0
19.67987,80.6597,339.47,0.42,0.38,2023-04-10,740,N20,VIIRS,l,2,308.13,4.56,D,0
19.68033,80.30878,338.28,0.44,0.38,2023-04-10,740,N20,VIIRS,l,2,308.7,2.88,D,0
19.68103,80.31287,336.46,0.44,0.38,2023-04-10,740,N20,VIIRS,l,2,308.77,2.88,D,0
19.68168,80.42259,333.78,0.43,0.38,2023-04-10,740,N20,VIIRS,l,2,307.84,2.0,D,0
19.68312,80.30403,344.71,0.44,0.38,2023-04-10,740,N20,VIIRS,l,2,309.44,5.55,D,0
19.68382,80.30812,351.52,0.44,0.38,2023-04-10,740,N20,VIIRS,n,2,310.04,8.46,D,0
19.68396,80.66303,341.51,0.42,0.38,2023-04-10,740,N20,VIIRS,l,2,308.21,4.86,D,0
19.68451,80.31222,338.35,0.44,0.38,2023-04-10,740,N20,VIIRS,l,2,310.45,8.46,D,0
19.69143,80.0967,342.77,0.44,0.39,2023-04-10,740,N20,VIIRS,l,2,310.47,5.93,D,0
19.69213,80.10091,338.27,0.44,0.39,2023-04-10,740,N20,VIIRS,l,2,309.7,4.61,D,0
19.69289,80.23399,341.95,0.44,0.38,2023-04-10,740,N20,VIIRS,n,2,311.6,4.84,D,0
19.69428,80.22092,349.07,0.44,0.38,2023-04-10,740,N20,VIIRS,n,2,312.63,9.1,D,0
19.69494,80.09604,339.38,0.44,0.39,2023-04-10,740,N20,VIIRS,l,2,309.92,5.93,D,0
19.69565,80.10023,345.74,0.44,0.39,2023-04-10,740,N20,VIIRS,l,2,309.57,4.61,D,0
19.6963,80.061,336.59,0.45,0.39,2023-04-10,740,N20,VIIRS,l,2,309.1,2.67,D,0
19.69691,80.67711,349.66,0.42,0.38,2023-04-10,740,N20,VIIRS,n,2,311.45,8.2,D,0
19.69703,80.06533,335.09,0.45,0.39,2023-04-10,740,N20,VIIRS,l,2,308.08,1.33,D,0
19.69778,80.28436,348.11,0.44,0.38,2023-04-10,740,N20,VIIRS,n,2,309.49,5.75,D,0
19.69845,80.09537,339.44,0.44,0.39,2023-04-10,740,N20,VIIRS,l,2,310.71,5.06,D,0
19.69911,80.05608,339.28,0.45,0.39,2023-04-10,740,N20,VIIRS,l,2,310.31,4.22,D,0
19.69982,80.06033,338.21,0.45,0.39,2023-04-10,740,N20,VIIRS,l,2,309.2,4.22,D,0
19.70055,79.64019,343.64,0.47,0.39,2023-04-10,740,N20,VIIRS,l,2,309.32,4.31,D,0
19.70058,80.2796,348.74,0.44,0.38,2023-04-10,740,N20,VIIRS,n,2,309.41,5.64,D,0
19.70263,80.0554,345.09,0.45,0.39,2023-04-10,740,N20,VIIRS,n,2,310.17,4.22,D,0
19.70267,80.09888,345.74,0.44,0.39,2023-04-10,740,N20,VIIRS,l,2,309.42,7.59,D,0
19.70428,80.70048,332.62,0.42,0.38,2023-04-10,740,N20,VIIRS,l,2,306.77,2.97,D,0
19.70611,80.01116,367.0,0.45,0.39,2023-04-10,740,N20,VIIRS,h,2,311.88,12.32,D,0
19.70688,80.21003,340.35,0.44,0.38,2023-04-10,740,N20,VIIRS,l,2,311.11,4.05,D,0
19.70896,80.04983,336.77,0.45,0.39,2023-04-10,740,N20,VIIRS,l,2,309.63,3.79,D,0
19.71049,80.69516,344.6,0.42,0.38,2023-04-10,740,N20,VIIRS,n,2,308.49,3.77,D,0
19.71251,80.09267,337.48,0.44,0.39,2023-04-10,740,N20,VIIRS,l,2,309.21,2.36,D,0
19.71312,80.71123,337.57,0.42,0.38,2023-04-10,740,N20,VIIRS,l,2,309.42,3.03,D,0
19.71441,80.34049,338.61,0.43,0.38,2023-04-10,740,N20,VIIRS,l,2,311.86,2.89,D,0
19.71456,79.99643,345.91,0.45,0.39,2023-04-10,740,N20,VIIRS,n,2,310.1,6.65,D,0
19.71517,80.30225,338.37,0.44,0.38,2023-04-10,740,N20,VIIRS,l,2,310.06,2.45,D,0
19.71565,79.6418,335.03,0.47,0.39,2023-04-10,740,N20,VIIRS,l,2,308.97,3.91,D,0
19.71593,80.26392,339.09,0.44,0.38,2023-04-10,740,N20,VIIRS,l,2,308.68,5.78,D,0
19.7167,80.03098,336.44,0.45,0.39,2023-04-10,740,N20,VIIRS,l,2,310.58,3.58,D,0
19.71733,80.27224,336.11,0.44,0.38,2023-04-10,740,N20,VIIRS,l,2,308.27,5.78,D,0
19.71741,80.03522,339.21,0.45,0.39,2023-04-10,740,N20,VIIRS,l,2,313.35,4.54,D,0
19.71779,79.97484,345.65,0.45,0.39,2023-04-10,740,N20,VIIRS,n,2,311.5,6.29,D,0
19.71808,79.97391,341.41,0.45,0.39,2023-04-10,740,N20,VIIRS,l,2,311.57,5.84,D,0
19.71813,80.10462,339.02,0.44,0.39,2023-04-10,740,N20,VIIRS,l,2,312.03,4.8,D,0
19.72023,80.03033,339.5,0.45,0.39,2023-04-10,740,N20,VIIRS,l,2,310.14,3.58,D,0
19.72081,80.27157,336.29,0.44,0.38,2023-04-10,740,N20,VIIRS,l,2,309.16,1.63,D,0
19.7209,80.18597,349.42,0.44,0.38,2023-04-10,740,N20,VIIRS,n,2,312.09,7.38,D,0
19.72091,80.16447,338.41,0.44,0.38,2023-04-10,740,N20,VIIRS,l,2,310.8,3.59,D,0
19.72094,80.03456,349.78,0.45,0.39,2023-04-10,740,N20,VIIRS,n,2,310.9,4.54,D,0
19.72155,80.01783,337.84,0.45,0.39,2023-04-10,740,N20,VIIRS,l,2,309.91,5.51,D,0
19.72164,80.03879,338.41,0.45,0.39,2023-04-10,740,N20,VIIRS,l,2,310.25,4.54,D,0
19.72194,79.95654,343.43,0.45,0.39,2023-04-10,740,N20,VIIRS,l,2,310.95,5.31,D,0
19.723,80.02628,343.3,0.45,0.39,2023-04-10,740,N20,VIIRS,l,2,311.4,4.72,D,0
19.72305,80.02544,345.4,0.45,0.39,2023-04-10,740,N20,VIIRS,l,2,311.6,5.13,D,0
19.72375,80.02968,336.82,0.45,0.39,2023-04-10,740,N20,VIIRS,l,2,310.57,5.13,D,0
19.72413,79.96927,344.42,0.45,0.39,2023-04-10,740,N20,VIIRS,n,2,310.91,5.47,D,0
19.72439,80.18531,339.19,0.44,0.38,2023-04-10,740,N20,VIIRS,l,2,311.14,7.38,D,0
19.72517,80.03815,347.54,0.45,0.39,2023-04-10,740,N20,VIIRS,l,2,311.83,7.37,D,0
19.72518,80.03897,355.77,0.45,0.39,2023-04-10,740,N20,VIIRS,n,2,312.69,9.25,D,0
19.72587,80.02055,338.33,0.45,0.39,2023-04-10,740,N20,VIIRS,l,2,310.45,5.37,D,0
19.72587,80.04237,343.47,0.45,0.39,2023-04-10,740,N20,VIIRS,l,2,310.49,8.77,D,0
19.72591,80.04318,337.41,0.45,0.39,2023-04-10,740,N20,VIIRS,l,2,309.95,6.44,D,0
19.7262,79.96011,340.0,0.45,0.39,2023-04-10,740,N20,VIIRS,l,2,311.43,8.38,D,0
19.72653,80.02563,337.27,0.45,0.39,2023-04-10,740,N20,VIIRS,l,2,310.09,4.72,D,0
19.72736,80.0516,340.82,0.45,0.39,2023-04-10,740,N20,VIIRS,l,2,309.35,3.77,D,0
19.72798,80.05502,344.95,0.45,0.39,2023-04-10,740,N20,VIIRS,l,2,308.7,7.07,D,0
19.72808,80.0558,343.95,0.45,0.39,2023-04-10,740,N20,VIIRS,n,2,308.48,3.77,D,0
19.72828,80.35903,342.45,0.43,0.38,2023-04-10,740,N20,VIIRS,n,2,309.67,3.57,D,0
19.7286,80.01651,339.69,0.45,0.39,2023-04-10,740,N20,VIIRS,l,2,310.83,7.27,D,0
19.72869,80.0375,345.67,0.45,0.39,2023-04-10,740,N20,VIIRS,l,2,310.26,7.37,D,0
19.72871,80.03834,348.34,0.45,0.39,2023-04-10,740,N20,VIIRS,n,2,310.14,9.25,D,0
19.72994,80.00314,340.5,0.45,0.39,2023-04-10,740,N20,VIIRS,n,2,309.84,5.63,D,0
19.73046,79.96368,339.82,0.45,0.39,2023-04-10,740,N20,VIIRS,l,2,311.73,5.52,D,0
19.73119,79.96793,354.25,0.45,0.39,2023-04-10,740,N20,VIIRS,n,2,311.33,5.52,D,0
19.7314,80.01161,345.07,0.45,0.39,2023-04-10,740,N20,VIIRS,l,2,309.84,6.26,D,0
19.73144,79.53875,355.81,0.47,0.4,2023-04-10,740,N20,VIIRS,n,2,315.51,40.16,D,0
19.7319,80.29488,334.28,0.44,0.38,2023-04-10,740,N20,VIIRS,l,2,307.02,1.8,D,0
19.7322,79.54319,345.53,0.47,0.4,2023-04-10,740,N20,VIIRS,l,2,312.3,6.01,D,0
19.73276,79.99831,337.35,0.45,0.39,2023-04-10,740,N20,VIIRS,l,2,309.35,5.41,D,0
19.73347,80.0025,340.22,0.45,0.39,2023-04-10,740,N20,VIIRS,l,2,310.0,5.41,D,0
19.73428,79.53359,337.86,0.47,0.4,2023-04-10,740,N20,VIIRS,l,2,309.03,8.21,D,0
19.73431,80.02857,337.28,0.45,0.39,2023-04-10,740,N20,VIIRS,l,2,310.5,6.54,D,0
19.73499,80.0971,344.4,0.44,0.39,2023-04-10,740,N20,VIIRS,l,2,311.91,5.66,D,0
19.73504,79.53805,344.27,0.47,0.4,2023-04-10,740,N20,VIIRS,l,2,314.13,8.21,D,0
19.73529,80.09783,337.21,0.44,0.39,2023-04-10,740,N20,VIIRS,l,2,312.19,3.92,D,0
19.73553,79.84383,341.96,0.46,0.39,2023-04-10,740,N20,VIIRS,n,2,307.81,5.0,D,0
19.73562,80.16602,335.18,0.44,0.38,2023-04-10,740,N20,VIIRS,l,2,309.36,2.9,D,0
19.73565,80.0152,342.26,0.45,0.39,2023-04-10,740,N20,VIIRS,l,2,310.37,3.99,D,0
19.73628,80.19163,341.22,0.44,0.38,2023-04-10,740,N20,VIIRS,n,2,310.18,3.46,D,0
19.73645,80.59984,335.99,0.43,0.38,2023-04-10,740,N20,VIIRS,l,2,310.03,3.08,D,0
19.73655,79.54691,341.82,0.47,0.4,2023-04-10,740,N20,VIIRS,l,2,313.31,9.52,D,0
19.73729,80.06714,337.61,0.45,0.39,2023-04-10,740,N20,VIIRS,l,2,310.03,3.41,D,0
19.73783,80.02792,350.28,0.45,0.39,2023-04-10,740,N20,VIIRS,n,2,311.56,6.37,D,0
19.73845,80.0103,336.47,0.45,0.39,2023-04-10,740,N20,VIIRS,l,2,310.41,5.74,D,0
19.73908,79.84315,346.39,0.46,0.39,2023-04-10,740,N20,VIIRS,n,2,309.83,5.0,D,0
19.73918,80.01454,336.64,0.45,0.39,2023-04-10,740,N20,VIIRS,l,2,310.42,3.99,D,0
19.73981,79.84744,338.34,0.46,0.39,2023-04-10,740,N20,VIIRS,l,2,310.34,3.74,D,0
19.74024,80.10555,337.68,0.44,0.39,2023-04-10,740,N20,VIIRS,l,2,311.59,6.31,D,0
19.7406,80.10901,346.0,0.44,0.39,2023-04-10,740,N20,VIIRS,l,2,310.98,3.91,D,0
19.74063,80.02302,347.32,0.45,0.39,2023-04-10,740,N20,VIIRS,n,2,311.37,6.37,D,0
19.7408,80.06647,340.1,0.45,0.39,2023-04-10,740,N20,VIIRS,l,2,311.89,3.41,D,0
19.74096,80.10972,339.24,0.44,0.39,2023-04-10,740,N20,VIIRS,l,2,310.84,3.38,D,0
19.74105,80.64862,340.0,0.42,0.38,2023-04-10,740,N20,VIIRS,n,2,307.65,2.41,D,0
19.74231,80.31416,340.57,0.44,0.38,2023-04-10,740,N20,VIIRS,l,2,309.7,3.9,D,0
19.74258,80.18613,333.71,0.44,0.38,2023-04-10,740,N20,VIIRS,l,2,308.68,1.73,D,0
19.74271,80.01389,354.88,0.45,0.39,2023-04-10,740,N20,VIIRS,n,2,312.97,8.1,D,0
19.74299,80.31827,345.09,0.44,0.38,2023-04-10,740,N20,VIIRS,n,2,308.89,3.9,D,0
19.74343,80.01814,335.07,0.45,0.39,2023-04-10,740,N20,VIIRS,l,2,309.16,8.1,D,0
19.74368,80.32239,336.45,0.44,0.38,2023-04-10,740,N20,VIIRS,l,2,308.4,1.73,D,0
19.74568,80.05254,339.58,0.45,0.39,2023-04-10,740,N20,VIIRS,l,2,312.52,5.97,D,0
19.74849,79.87679,354.45,0.45,0.39,2023-04-10,740,N20,VIIRS,n,2,313.13,9.87,D,0
19.74885,80.20213,337.97,0.44,0.38,2023-04-10,740,N20,VIIRS,l,2,311.02,3.0,D,0
19.75048,80.0168,340.07,0.45,0.39,2023-04-10,740,N20,VIIRS,n,2,311.11,2.62,D,0
19.7513,79.87182,341.57,0.45,0.39,2023-04-10,740,N20,VIIRS,l,2,310.62,9.87,D,0
19.75151,80.26149,348.33,0.44,0.38,2023-04-10,740,N20,VIIRS,n,2,310.8,7.07,D,0
19.75235,80.20147,344.76,0.44,0.38,2023-04-10,740,N20,VIIRS,l,2,311.84,5.28,D,0
19.75308,80.18058,337.36,0.44,0.38,2023-04-10,740,N20,VIIRS,l,2,308.93,3.35,D,0
19.75377,80.18832,348.58,0.44,0.38,2023-04-10,740,N20,VIIRS,n,2,310.34,6.89,D,0
19.75385,79.9725,332.89,0.45,0.39,2023-04-10,740,N20,VIIRS,l,2,307.52,1.89,D,0
19.75415,80.05959,338.36,0.45,0.39,2023-04-10,740,N20,VIIRS,l,2,311.79,5.45,D,0
19.7545,80.1889,343.55,0.44,0.38,2023-04-10,740,N20,VIIRS,l,2,310.93,8.28,D,0
19.75487,80.06378,343.37,0.45,0.39,2023-04-10,740,N20,VIIRS,n,2,311.29,4.63,D,0
19.75779,80.10219,337.48,0.44,0.39,2023-04-10,740,N20,VIIRS,l,2,310.42,4.15,D,0
19.75838,80.06313,340.92,0.45,0.39,2023-04-10,740,N20,VIIRS,n,2,311.37,4.37,D,0
19.76053,80.07572,341.89,0.44,0.39,2023-04-10,740,N20,VIIRS,l,2,311.69,2.72,D,0
19.76189,80.73125,340.18,0.42,0.38,2023-04-10,740,N20,VIIRS,n,2,306.86,3.48,D,0
19.7619,80.06247,346.06,0.45,0.39,2023-04-10,740,N20,VIIRS,l,2,311.57,4.37,D,0
19.76262,80.06667,339.22,0.45,0.39,2023-04-10,740,N20,VIIRS,l,2,310.89,4.37,D,0
19.76287,80.17446,349.25,0.44,0.38,2023-04-10,740,N20,VIIRS,n,2,313.17,8.2,D,0
19.76558,80.41111,334.62,0.43,0.38,2023-04-10,740,N20,VIIRS,l,2,308.59,1.37,D,0
19.76566,80.16965,351.26,0.44,0.38,2023-04-10,740,N20,VIIRS,n,2,311.41,7.3,D,0
19.76634,80.54462,337.26,0.43,0.38,2023-04-10,740,N20,VIIRS,l,2,311.71,2.96,D,0
19.76637,80.1738,335.93,0.44,0.38,2023-04-10,740,N20,VIIRS,l,2,310.9,8.2,D,0
19.76698,80.67675,343.84,0.42,0.38,2023-04-10,740,N20,VIIRS,l,2,309.67,6.7,D,0
19.76711,80.52787,339.5,0.43,0.38,2023-04-10,740,N20,VIIRS,l,2,312.15,5.51,D,0
19.7694,80.32605,340.3,0.44,0.38,2023-04-10,740,N20,VIIRS,l,2,308.75,2.81,D,0
19.76965,80.06535,336.78,0.45,0.39,2023-04-10,740,N20,VIIRS,l,2,311.36,6.97,D,0
19.77037,80.06956,348.81,0.45,0.39,2023-04-10,740,N20,VIIRS,n,2,313.31,9.3,D,0
19.77058,80.17731,340.33,0.44,0.38,2023-04-10,740,N20,VIIRS,l,2,311.54,4.23,D,0
19.77084,80.31306,334.81,0.44,0.38,2023-04-10,740,N20,VIIRS,l,2,309.43,2.0,D,0
19.77152,80.31718,338.85,0.44,0.38,2023-04-10,740,N20,VIIRS,n,2,311.09,3.87,D,0
19.77179,80.55606,336.22,0.43,0.38,2023-04-10,740,N20,VIIRS,l,2,310.74,2.65,D,0
19.77202,80.36355,335.49,0.43,0.38,2023-04-10,740,N20,VIIRS,l,2,308.68,3.38,D,0
19.7722,80.32131,336.83,0.44,0.38,2023-04-10,740,N20,VIIRS,l,2,309.35,3.87,D,0
19.77262,80.64675,341.07,0.42,0.38,2023-04-10,740,N20,VIIRS,n,2,310.59,2.79,D,0
19.77282,80.31756,345.5,0.44,0.38,2023-04-10,740,N20,VIIRS,l,2,310.86,5.66,D,0
19.77315,79.82781,336.16,0.46,0.39,2023-04-10,740,N20,VIIRS,l,2,308.02,1.09,D,0
19.77316,80.06469,348.11,0.45,0.39,2023-04-10,740,N20,VIIRS,l,2,311.7,7.57,D,0
19.77549,80.36291,348.26,0.43,0.38,2023-04-10,740,N20,VIIRS,n,2,308.36,3.38,D,0
19.77765,80.21894,338.45,0.44,0.38,2023-04-10,740,N20,VIIRS,l,2,309.04,2.18,D,0
19.77937,80.66609,340.21,0.42,0.38,2023-04-10,740,N20,VIIRS,l,2,310.24,4.73,D,0
19.78041,80.19267,336.9,0.44,0.38,2023-04-10,740,N20,VIIRS,l,2,310.69,4.56,D,0
19.7832,80.71062,338.07,0.42,0.38,2023-04-10,740,N20,VIIRS,l,2,308.17,3.06,D,0
19.78391,80.19203,346.06,0.44,0.38,2023-04-10,740,N20,VIIRS,n,2,310.34,4.56,D,0
19.78518,80.09274,345.91,0.44,0.39,2023-04-10,740,N20,VIIRS,n,2,315.55,20.03,D,0
19.78663,80.49521,342.55,0.43,0.38,2023-04-10,740,N20,VIIRS,l,2,310.16,2.32,D,0
19.78715,80.01859,347.44,0.45,0.39,2023-04-10,740,N20,VIIRS,n,2,312.17,3.45,D,0
19.78978,80.75043,333.38,0.42,0.38,2023-04-10,740,N20,VIIRS,l,2,307.19,5.05,D,0
19.79008,80.49454,335.74,0.43,0.38,2023-04-10,740,N20,VIIRS,l,2,309.71,2.32,D,0
19.79015,80.3986,337.72,0.43,0.38,2023-04-10,740,N20,VIIRS,l,2,311.06,3.32,D,0
19.79043,80.75437,336.8,0.42,0.38,2023-04-10,740,N20,VIIRS,l,2,309.18,7.55,D,0
19.79068,80.01794,341.98,0.45,0.39,2023-04-10,740,N20,VIIRS,n,2,310.62,3.45,D,0
19.7909,80.19073,336.64,0.44,0.38,2023-04-10,740,N20,VIIRS,l,2,308.47,3.69,D,0
19.79175,80.76238,340.76,0.42,0.38,2023-04-10,740,N20,VIIRS,l,2,310.47,10.54,D,0
19.79222,80.4108,337.83,0.43,0.38,2023-04-10,740,N20,VIIRS,l,2,311.23,3.13,D,0
19.7937,80.2073,338.93,0.44,0.38,2023-04-10,740,N20,VIIRS,l,2,310.13,2.93,D,0
19.7944,80.19009,333.95,0.44,0.38,2023-04-10,740,N20,VIIRS,l,2,308.27,1.66,D,0
19.7969,79.94683,337.84,0.45,0.39,2023-04-10,740,N20,VIIRS,l,2,310.69,3.63,D,0
19.79761,79.95107,337.32,0.45,0.39,2023-04-10,740,N20,VIIRS,l,2,309.03,4.17,D,0
19.79978,80.48852,336.81,0.43,0.38,2023-04-10,740,N20,VIIRS,l,2,310.75,2.96,D,0
19.80047,79.96806,347.15,0.45,0.39,2023-04-10,740,N20,VIIRS,n,2,310.97,4.4,D,0
19.80275,80.28224,341.11,0.44,0.38,2023-04-10,740,N20,VIIRS,l,2,309.32,3.59,D,0
19.80277,80.15408,336.36,0.44,0.38,2023-04-10,740,N20,VIIRS,l,2,309.84,4.34,D,0
19.80348,80.20117,344.65,0.44,0.38,2023-04-10,740,N20,VIIRS,n,2,311.63,6.22,D,0
19.80416,80.14091,335.73,0.44,0.38,2023-04-10,740,N20,VIIRS,l,2,310.11,2.82,D,0
19.81117,80.13961,352.66,0.44,0.38,2023-04-10,740,N20,VIIRS,n,2,311.79,8.62,D,0
19.81172,80.35672,336.03,0.43,0.38,2023-04-10,740,N20,VIIRS,l,2,310.03,4.31,D,0
19.81465,80.24615,335.12,0.44,0.38,2023-04-10,740,N20,VIIRS,l,2,309.19,1.19,D,0
19.81534,80.25024,348.02,0.44,0.38,2023-04-10,740,N20,VIIRS,n,2,310.56,5.1,D,0
19.82435,80.28246,336.9,0.44,0.38,2023-04-10,740,N20,VIIRS,l,2,308.51,2.78,D,0
19.82523,80.50086,338.44,0.43,0.38,2023-04-10,740,N20,VIIRS,l,2,309.89,3.27,D,0
19.84485,80.10316,340.75,0.44,0.39,2023-04-10,740,N20,VIIRS,l,2,310.13,5.25,D,0
19.84562,81.15487,338.2,0.41,0.37,2023-04-10,740,N20,VIIRS,n,2,305.24,4.83,D,0
19.84974,80.11078,349.54,0.44,0.39,2023-04-10,740,N20,VIIRS,n,2,312.7,19.25,D,0
19.85319,80.15324,339.39,0.44,0.38,2023-04-10,740,N20,VIIRS,n,2,307.89,2.02,D,0
19.85388,80.1574,339.85,0.44,0.38,2023-04-10,740,N20,VIIRS,n,2,307.98,2.39,D,0
19.85457,80.16154,333.09,0.44,0.38,2023-04-10,740,N20,VIIRS,l,2,307.16,2.39,D,0
19.85669,80.15259,333.02,0.44,0.38,2023-04-10,740,N20,VIIRS,l,2,307.19,2.02,D,0
19.88142,81.24707,335.87,0.41,0.37,2023-04-10,740,N20,VIIRS,l,2,305.87,6.31,D,0
19.92463,80.75852,334.57,0.42,0.38,2023-04-10,740,N20,VIIRS,l,2,309.44,3.53,D,0
19.92529,80.76253,333.5,0.42,0.38,2023-04-10,740,N20,VIIRS,l,2,307.43,3.19,D,0
19.97205,81.30588,331.03,0.4,0.37,2023-04-10,740,N20,VIIRS,l,2,303.89,2.19,D,0
19.40076,77.13161,340.5,0.43,0.46,2023-04-10,741,N20,VIIRS,l,2,311.01,5.44,D,0
19.52777,77.27539,339.78,0.42,0.45,2023-04-10,741,N20,VIIRS,l,2,312.23,4.51,D,0
19.54653,77.30796,340.53,0.42,0.45,2023-04-10,741,N20,VIIRS,l,2,312.72,5.54,D,0
19.58214,77.43317,343.77,0.41,0.45,2023-04-10,741,N20,VIIRS,n,2,310.01,8.35,D,0
19.60493,78.38818,350.44,0.54,0.42,2023-04-10,741,N20,VIIRS,n,2,313.56,9.51,D,0
19.60616,78.12602,333.62,0.56,0.43,2023-04-10,741,N20,VIIRS,l,2,308.07,5.22,D,0
19.60879,78.38754,341.94,0.54,0.42,2023-04-10,741,N20,VIIRS,l,2,315.52,9.51,D,0
19.62978,77.39639,344.11,0.41,0.45,2023-04-10,741,N20,VIIRS,n,2,309.09,5.91,D,0
19.80263,79.51289,336.72,0.47,0.4,2023-04-10,741,N20,VIIRS,l,2,310.28,2.66,D,0
19.81044,78.38351,341.2,0.54,0.42,2023-04-10,741,N20,VIIRS,l,2,312.76,10.13,D,0
19.81426,78.38276,350.37,0.54,0.42,2023-04-10,741,N20,VIIRS,n,2,312.91,16.13,D,0
19.81778,79.90025,336.74,0.45,0.39,2023-04-10,741,N20,VIIRS,l,2,310.05,1.63,D,0
19.81852,79.23705,338.15,0.48,0.4,2023-04-10,741,N20,VIIRS,l,2,311.44,4.04,D,0
19.83509,79.95842,340.2,0.45,0.39,2023-04-10,741,N20,VIIRS,l,2,311.61,3.97,D,0
19.84484,80.09994,336.66,0.44,0.39,2023-04-10,741,N20,VIIRS,l,2,309.57,2.97,D,0
19.84627,80.10829,336.92,0.44,0.39,2023-04-10,741,N20,VIIRS,l,2,310.03,12.12,D,0
19.84906,80.10347,334.42,0.44,0.39,2023-04-10,741,N20,VIIRS,l,2,309.23,2.97,D,0
19.85048,80.11175,340.31,0.44,0.39,2023-04-10,741,N20,VIIRS,l,2,310.98,12.12,D,0
19.85201,79.95082,347.02,0.45,0.39,2023-04-10,741,N20,VIIRS,n,2,309.17,4.61,D,0
19.85327,80.10693,341.27,0.44,0.39,2023-04-10,741,N20,VIIRS,l,2,310.86,4.49,D,0
19.85469,80.11524,338.79,0.44,0.39,2023-04-10,741,N20,VIIRS,l,2,311.45,4.47,D,0
19.85483,80.15829,338.65,0.44,0.38,2023-04-10,741,N20,VIIRS,l,2,307.89,3.01,D,0
19.85612,80.12359,347.57,0.44,0.38,2023-04-10,741,N20,VIIRS,n,2,310.69,5.96,D,0
19.8626,79.94881,347.93,0.45,0.39,2023-04-10,741,N20,VIIRS,l,2,309.02,6.59,D,0
19.87343,80.03384,342.96,0.45,0.39,2023-04-10,741,N20,VIIRS,n,2,311.48,2.75,D,0
19.88778,80.20353,339.51,0.44,0.38,2023-04-10,741,N20,VIIRS,l,2,307.23,3.45,D,0
19.88904,80.1045,336.14,0.44,0.39,2023-04-10,741,N20,VIIRS,l,2,309.87,2.36,D,0
19.89042,80.09126,335.47,0.44,0.39,2023-04-10,741,N20,VIIRS,l,2,309.8,2.38,D,0
19.89255,80.10387,341.23,0.44,0.39,2023-04-10,741,N20,VIIRS,n,2,308.22,2.36,D,0
19.89507,79.00941,341.06,0.5,0.41,2023-04-10,741,N20,VIIRS,l,2,313.58,9.6,D,0
19.89684,80.21449,336.5,0.44,0.38,2023-04-10,741,N20,VIIRS,l,2,309.45,2.55,D,0
19.90173,80.20086,347.42,0.44,0.38,2023-04-10,741,N20,VIIRS,n,2,308.67,4.0,D,0
19.90383,80.17056,340.44,0.44,0.38,2023-04-10,741,N20,VIIRS,n,2,307.3,2.18,D,0
19.90453,80.17473,344.25,0.44,0.38,2023-04-10,741,N20,VIIRS,n,2,307.19,4.32,D,0
19.90523,80.20021,340.73,0.44,0.38,2023-04-10,741,N20,VIIRS,n,2,308.37,2.82,D,0
19.90732,80.16987,333.46,0.44,0.38,2023-04-10,741,N20,VIIRS,l,2,306.72,1.95,D,0
19.90791,80.04465,340.98,0.44,0.39,2023-04-10,741,N20,VIIRS,l,2,311.3,4.54,D,0
19.91142,80.04398,345.47,0.44,0.39,2023-04-10,741,N20,VIIRS,l,2,312.07,4.54,D,0
19.92549,80.17075,336.13,0.44,0.38,2023-04-10,741,N20,VIIRS,l,2,306.89,2.99,D,0
19.92829,80.16593,347.53,0.44,0.38,2023-04-10,741,N20,VIIRS,n,2,309.01,8.0,D,0
19.92899,80.10546,338.59,0.44,0.39,2023-04-10,741,N20,VIIRS,l,2,311.87,3.84,D,0
19.93038,80.15686,334.41,0.44,0.38,2023-04-10,741,N20,VIIRS,l,2,307.9,2.04,D,0
19.93178,80.16523,349.97,0.44,0.38,2023-04-10,741,N20,VIIRS,n,2,308.72,8.0,D,0
19.93387,80.15617,348.7,0.44,0.38,2023-04-10,741,N20,VIIRS,n,2,310.32,6.8,D,0
19.93457,80.16035,339.49,0.44,0.38,2023-04-10,741,N20,VIIRS,l,2,309.17,2.71,D,0
19.93475,80.43961,343.58,0.43,0.38,2023-04-10,741,N20,VIIRS,n,2,308.52,5.0,D,0
19.93543,80.44365,333.11,0.43,0.38,2023-04-10,741,N20,VIIRS,l,2,307.02,5.0,D,0
19.94205,80.52567,334.65,0.43,0.38,2023-04-10,741,N20,VIIRS,l,2,307.9,2.47,D,0
19.94377,80.42957,334.43,0.43,0.38,2023-04-10,741,N20,VIIRS,l,2,308.17,1.76,D,0
19.94441,80.11127,343.64,0.44,0.38,2023-04-10,741,N20,VIIRS,l,2,309.63,6.78,D,0
19.9465,80.12381,333.43,0.44,0.38,2023-04-10,741,N20,VIIRS,l,2,307.81,1.48,D,0
19.95358,80.70052,341.19,0.42,0.38,2023-04-10,741,N20,VIIRS,n,2,309.69,3.26,D,0
19.95464,80.259,342.04,0.44,0.38,2023-04-10,741,N20,VIIRS,l,2,307.72,4.02,D,0
19.96044,80.11755,344.51,0.44,0.38,2023-04-10,741,N20,VIIRS,l,2,308.13,6.17,D,0
19.96729,80.20538,344.45,0.44,0.38,2023-04-10,741,N20,VIIRS,n,2,307.98,4.6,D,0
19.96769,80.3159,344.56,0.43,0.38,2023-04-10,741,N20,VIIRS,n,2,309.62,8.6,D,0
19.96838,80.32,346.46,0.43,0.38,2023-04-10,741,N20,VIIRS,n,2,309.4,8.6,D,0
19.96851,80.27763,333.88,0.43,0.38,2023-04-10,741,N20,VIIRS,l,2,307.77,3.05,D,0
19.9698,80.30703,353.42,0.43,0.38,2023-04-10,741,N20,VIIRS,n,2,308.85,5.8,D,0
19.97048,80.31113,345.71,0.43,0.38,2023-04-10,741,N20,VIIRS,l,2,308.57,5.8,D,0
19.97117,80.31523,346.88,0.43,0.38,2023-04-10,741,N20,VIIRS,n,2,309.18,8.6,D,0
19.97185,80.31934,351.75,0.43,0.38,2023-04-10,741,N20,VIIRS,n,2,311.3,8.6,D,0
19.97254,80.32349,348.36,0.43,0.38,2023-04-10,741,N20,VIIRS,n,2,311.14,14.13,D,0
19.97267,80.28109,335.45,0.43,0.38,2023-04-10,741,N20,VIIRS,l,2,307.92,2.76,D,0
19.97277,80.43248,334.49,0.43,0.38,2023-04-10,741,N20,VIIRS,l,2,309.31,1.72,D,0
19.97614,80.28045,351.57,0.43,0.38,2023-04-10,741,N20,VIIRS,n,2,309.34,4.1,D,0
19.97683,80.28455,337.39,0.43,0.38,2023-04-10,741,N20,VIIRS,l,2,307.77,4.1,D,0
19.97745,80.23829,332.31,0.44,0.38,2023-04-10,741,N20,VIIRS,l,2,306.55,3.27,D,0
19.97751,80.28866,334.45,0.43,0.38,2023-04-10,741,N20,VIIRS,l,2,308.4,2.69,D,0
19.97764,80.24616,332.77,0.44,0.38,2023-04-10,741,N20,VIIRS,l,2,305.24,1.8,D,0
19.97816,80.24243,338.69,0.44,0.38,2023-04-10,741,N20,VIIRS,n,2,306.36,3.27,D,0
19.97886,80.24656,333.47,0.44,0.38,2023-04-10,741,N20,VIIRS,n,2,305.36,1.14,D,0
19.98044,80.24139,351.69,0.44,0.38,2023-04-10,741,N20,VIIRS,n,2,307.48,7.18,D,0
19.98113,80.24552,344.24,0.44,0.38,2023-04-10,741,N20,VIIRS,n,2,306.2,1.8,D,0
19.98123,80.39748,341.0,0.43,0.38,2023-04-10,741,N20,VIIRS,l,2,309.19,5.11,D,0
19.98152,80.33452,334.34,0.43,0.38,2023-04-10,741,N20,VIIRS,l,2,307.1,1.32,D,0
19.98164,80.24179,348.86,0.44,0.38,2023-04-10,741,N20,VIIRS,n,2,307.16,3.27,D,0
19.98234,80.24591,333.11,0.44,0.38,2023-04-10,741,N20,VIIRS,l,2,306.05,1.14,D,0
19.98234,80.29623,337.65,0.43,0.38,2023-04-10,741,N20,VIIRS,l,2,308.02,3.99,D,0
19.98507,80.19854,333.28,0.44,0.38,2023-04-10,741,N20,VIIRS,l,2,306.97,1.97,D,0
19.98512,80.24115,349.33,0.44,0.38,2023-04-10,741,N20,VIIRS,n,2,308.38,5.32,D,0
19.98577,80.20266,334.41,0.44,0.38,2023-04-10,741,N20,VIIRS,l,2,308.79,2.02,D,0
19.98768,80.08647,336.38,0.44,0.39,2023-04-10,741,N20,VIIRS,l,2,309.01,2.4,D,0
19.98843,80.11216,342.82,0.44,0.38,2023-04-10,741,N20,VIIRS,l,2,309.78,4.47,D,0
19.98859,80.78391,335.24,0.42,0.37,2023-04-10,741,N20,VIIRS,l,2,308.33,2.15,D,0
19.98928,80.22332,343.74,0.44,0.38,2023-04-10,741,N20,VIIRS,l,2,308.26,2.7,D,0
19.98996,80.20615,334.34,0.44,0.38,2023-04-10,741,N20,VIIRS,l,2,308.26,2.02,D,0
19.99319,80.49123,337.15,0.43,0.38,2023-04-10,741,N20,VIIRS,n,2,307.67,1.29,D,0
19.99487,80.23509,337.31,0.44,0.38,2023-04-10,741,N20,VIIRS,l,2,307.03,1.78,D,0
19.99629,80.28577,336.13,0.43,0.38,2023-04-10,741,N20,VIIRS,l,2,307.92,3.66,D,0
19.99838,80.34037,334.42,0.43,0.38,2023-04-10,741,N20,VIIRS,l,2,307.12,2.05,D,0
19.99907,80.34441,339.97,0.43,0.38,2023-04-10,741,N20,VIIRS,l,2,307.5,3.12,D,0
19.20328,80.64468,309.72,0.39,0.36,2023-04-10,2010,N20,VIIRS,n,2,295.87,1.66,N,0
19.47412,79.63706,305.85,0.42,0.37,2023-04-10,2010,N20,VIIRS,n,2,294.9,0.97,N,0
19.50862,80.0983,340.47,0.4,0.37,2023-04-10,2010,N20,VIIRS,n,2,296.99,5.5,N,0
19.51199,80.09886,335.92,0.4,0.37,2023-04-10,2010,N20,VIIRS,n,2,297.73,5.5,N,0
19.51479,80.1033,315.96,0.4,0.37,2023-04-10,2010,N20,VIIRS,n,2,296.06,1.95,N,0
19.51536,80.09945,326.57,0.4,0.37,2023-04-10,2010,N20,VIIRS,n,2,296.57,1.95,N,0
19.5356,80.10284,317.92,0.4,0.37,2023-04-10,2010,N20,VIIRS,n,2,295.99,2.2,N,0
19.53579,80.40173,311.54,0.4,0.37,2023-04-10,2010,N20,VIIRS,n,2,296.0,1.25,N,0
19.53636,80.39799,311.32,0.4,0.37,2023-04-10,2010,N20,VIIRS,n,2,295.44,1.25,N,0
19.53687,80.41737,306.84,0.4,0.37,2023-04-10,2010,N20,VIIRS,n,2,295.68,1.98,N,0
19.53692,80.39423,307.38,0.4,0.37,2023-04-10,2010,N20,VIIRS,n,2,295.53,1.5,N,0
19.53897,80.10338,328.71,0.4,0.37,2023-04-10,2010,N20,VIIRS,n,2,296.07,2.2,N,0
19.53954,80.09953,309.08,0.4,0.37,2023-04-10,2010,N20,VIIRS,n,2,295.36,2.24,N,0
19.54331,80.51074,312.08,0.39,0.37,2023-04-10,2010,N20,VIIRS,n,2,295.11,1.52,N,0
19.54664,80.51133,324.95,0.39,0.37,2023-04-10,2010,N20,VIIRS,n,2,296.04,1.52,N,0
19.54721,80.50758,312.01,0.39,0.37,2023-04-10,2010,N20,VIIRS,n,2,295.49,1.52,N,0
19.55355,80.14486,307.46,0.4,0.37,2023-04-10,2010,N20,VIIRS,n,2,294.15,1.03,N,0
19.55604,79.38627,314.01,0.42,0.38,2023-04-10,2010,N20,VIIRS,n,2,296.2,1.87,N,0
19.5595,79.38673,309.14,0.42,0.38,2023-04-10,2010,N20,VIIRS,n,2,295.71,1.53,N,0
19.56298,80.55555,305.58,0.39,0.36,2023-04-10,2010,N20,VIIRS,n,2,293.98,1.19,N,0
19.58216,80.16141,310.09,0.4,0.37,2023-04-10,2010,N20,VIIRS,n,2,295.01,1.39,N,0
19.60021,80.13309,308.77,0.4,0.37,2023-04-10,2010,N20,VIIRS,n,2,295.32,1.53,N,0
19.60129,80.14895,309.93,0.4,0.37,2023-04-10,2010,N20,VIIRS,n,2,295.92,2.0,N,0
19.60222,80.15222,310.16,0.4,0.37,2023-04-10,2010,N20,VIIRS,n,2,294.85,1.13,N,0
19.60559,80.15279,308.77,0.4,0.37,2023-04-10,2010,N20,VIIRS,n,2,295.82,1.13,N,0
19.6084,80.15717,307.11,0.4,0.37,2023-04-10,2010,N20,VIIRS,n,2,295.05,1.8,N,0
19.62783,80.37437,310.35,0.4,0.37,2023-04-10,2010,N20,VIIRS,n,2,295.95,1.62,N,0
19.6452,80.35008,310.07,0.4,0.37,2023-04-10,2010,N20,VIIRS,n,2,296.51,1.76,N,0
19.648,80.35433,308.11,0.4,0.37,2023-04-10,2010,N20,VIIRS,n,2,296.43,1.17,N,0
19.6528,80.1372,311.41,0.4,0.37,2023-04-10,2010,N20,VIIRS,n,2,295.8,1.61,N,0
19.67676,79.10107,305.93,0.44,0.38,2023-04-10,2010,N20,VIIRS,n,2,294.21,0.92,N,0
19.68083,80.44843,307.01,0.4,0.37,2023-04-10,2010,N20,VIIRS,n,2,295.89,1.96,N,0
19.68252,80.43707,313.32,0.4,0.37,2023-04-10,2010,N20,VIIRS,n,2,295.83,1.95,N,0
19.6827,80.07542,311.96,0.4,0.37,2023-04-10,2010,N20,VIIRS,n,2,296.36,2.2,N,0
19.68323,80.09513,308.59,0.4,0.37,2023-04-10,2010,N20,VIIRS,n,2,294.85,1.88,N,0
19.68494,80.08363,306.5,0.4,0.37,2023-04-10,2010,N20,VIIRS,n,2,294.86,1.9,N,0
19.723,80.57831,313.17,0.39,0.37,2023-04-10,2010,N20,VIIRS,n,2,295.85,2.02,N,0
19.72338,79.1751,313.89,0.43,0.38,2023-04-10,2010,N20,VIIRS,n,2,297.99,2.15,N,2
19.72625,80.25832,306.29,0.4,0.37,2023-04-10,2010,N20,VIIRS,n,2,294.6,1.29,N,0
19.72904,80.2627,317.29,0.4,0.37,2023-04-10,2010,N20,VIIRS,n,2,296.13,2.22,N,0
19.73527,80.00864,310.93,0.41,0.37,2023-04-10,2010,N20,VIIRS,n,2,295.18,1.64,N,0
19.73585,80.07584,312.07,0.4,0.37,2023-04-10,2010,N20,VIIRS,n,2,294.88,1.43,N,0
19.73659,80.46539,311.64,0.4,0.37,2023-04-10,2010,N20,VIIRS,n,2,296.17,1.4,N,0
19.73715,80.46163,309.34,0.4,0.37,2023-04-10,2010,N20,VIIRS,n,2,296.34,1.4,N,0
19.73773,80.45782,310.4,0.4,0.37,2023-04-10,2010,N20,VIIRS,n,2,294.73,0.66,N,0
19.73809,80.03683,309.14,0.41,0.37,2023-04-10,2010,N20,VIIRS,n,2,295.87,1.29,N,0
19.73866,80.03296,312.13,0.41,0.37,2023-04-10,2010,N20,VIIRS,n,2,295.89,1.29,N,0
19.74101,80.48158,308.83,0.4,0.37,2023-04-10,2010,N20,VIIRS,n,2,295.18,1.46,N,0
19.74107,80.45838,305.99,0.4,0.37,2023-04-10,2010,N20,VIIRS,n,2,295.06,0.86,N,0
19.74204,80.03353,312.2,0.41,0.37,2023-04-10,2010,N20,VIIRS,n,2,296.96,1.65,N,0
19.74261,80.02967,310.68,0.41,0.37,2023-04-10,2010,N20,VIIRS,n,2,295.54,2.29,N,0
19.74492,80.47841,308.64,0.4,0.37,2023-04-10,2010,N20,VIIRS,n,2,296.24,1.62,N,0
19.74542,80.03411,314.51,0.41,0.37,2023-04-10,2010,N20,VIIRS,n,2,296.5,1.65,N,0
19.74748,79.5377,309.12,0.42,0.38,2023-04-10,2010,N20,VIIRS,n,2,294.59,2.03,N,0
19.74768,80.01863,309.82,0.41,0.37,2023-04-10,2010,N20,VIIRS,n,2,295.9,1.87,N,0
19.74774,79.77632,313.27,0.41,0.37,2023-04-10,2010,N20,VIIRS,n,2,295.24,1.52,N,0
19.75107,80.01919,307.78,0.41,0.37,2023-04-10,2010,N20,VIIRS,n,2,295.71,1.34,N,0
19.78071,80.21669,304.36,0.4,0.37,2023-04-10,2010,N20,VIIRS,n,2,292.85,0.78,N,0
19.78583,79.14568,309.1,0.43,0.38,2023-04-10,2010,N20,VIIRS,n,2,296.28,2.16,N,2
19.8189,79.23916,322.5,0.43,0.38,2023-04-10,2010,N20,VIIRS,n,2,296.42,1.63,N,0
19.81948,79.23508,307.73,0.43,0.38,2023-04-10,2010,N20,VIIRS,n,2,295.15,1.63,N,0
19.82931,80.70596,310.83,0.39,0.36,2023-04-10,2010,N20,VIIRS,n,2,295.74,1.9,N,0
19.84022,80.10349,307.05,0.4,0.37,2023-04-10,2010,N20,VIIRS,n,2,295.44,1.73,N,0
19.87119,81.27635,304.87,0.39,0.36,2023-04-10,2010,N20,VIIRS,n,2,294.02,1.07,N,0
19.87392,81.28059,306.45,0.39,0.36,2023-04-10,2010,N20,VIIRS,n,2,294.62,1.18,N,0
19.90491,80.15754,310.11,0.4,0.37,2023-04-10,2010,N20,VIIRS,n,2,295.61,1.92,N,0
19.91078,80.77325,315.37,0.39,0.36,2023-04-10,2010,N20,VIIRS,n,2,295.68,2.58,N,0
19.91582,80.76249,308.78,0.39,0.36,2023-04-10,2010,N20,VIIRS,n,2,294.16,1.58,N,0
19.91973,80.75928,309.56,0.39,0.36,2023-04-10,2010,N20,VIIRS,n,2,293.74,1.92,N,0
19.92006,79.11514,311.54,0.44,0.38,2023-04-10,2010,N20,VIIRS,n,2,296.53,1.33,N,0
19.92044,80.24984,309.86,0.4,0.37,2023-04-10,2010,N20,VIIRS,n,2,295.92,1.05,N,0
19.92381,80.25039,312.44,0.4,0.37,2023-04-10,2010,N20,VIIRS,n,2,295.16,1.05,N,0
19.9246,80.1647,310.25,0.4,0.37,2023-04-10,2010,N20,VIIRS,n,2,295.55,1.69,N,0
19.92604,80.16452,308.72,0.4,0.37,2023-04-10,2010,N20,VIIRS,n,2,295.92,1.92,N,0
19.9266,80.16067,308.95,0.4,0.37,2023-04-10,2010,N20,VIIRS,n,2,295.85,1.37,N,0
19.92915,80.76466,306.04,0.39,0.36,2023-04-10,2010,N20,VIIRS,n,2,294.87,1.72,N,0
19.9357,80.83029,320.77,0.39,0.36,2023-04-10,2010,N20,VIIRS,n,2,296.53,2.62,N,0
19.93627,80.82654,309.68,0.39,0.36,2023-04-10,2010,N20,VIIRS,n,2,296.11,1.41,N,0
19.93683,80.82277,311.81,0.39,0.36,2023-04-10,2010,N20,VIIRS,n,2,295.65,1.41,N,0
19.96152,79.33431,313.23,0.43,0.38,2023-04-10,2010,N20,VIIRS,n,2,294.88,1.74,N,2
19.96152,80.11128,312.01,0.41,0.37,2023-04-10,2010,N20,VIIRS,n,2,295.96,1.86,N,0
19.99524,80.18775,309.5,0.4,0.37,2023-04-10,2010,N20,VIIRS,n,2,296.02,1.23,N,0
16.13235,78.89826,314.12,0.41,0.37,2023-04-10,2011,N20,VIIRS,n,2,296.04,1.41,N,0
16.14892,78.90448,330.87,0.41,0.37,2023-04-10,2011,N20,VIIRS,n,2,297.91,3.72,N,0
16.19108,78.85629,314.73,0.42,0.37,2023-04-10,2011,N20,VIIRS,n,2,296.58,1.65,N,0
16.19281,78.86825,330.47,0.42,0.37,2023-04-10,2011,N20,VIIRS,n,2,297.64,8.01,N,0
16.19337,78.86446,332.21,0.42,0.37,2023-04-10,2011,N20,VIIRS,n,2,296.64,8.01,N,0
16.19394,78.86068,312.04,0.42,0.37,2023-04-10,2011,N20,VIIRS,n,2,295.85,0.99,N,0
16.1945,78.85688,308.21,0.42,0.37,2023-04-10,2011,N20,VIIRS,n,2,295.29,0.99,N,0
16.19623,78.86878,337.18,0.42,0.37,2023-04-10,2011,N20,VIIRS,n,2,301.3,8.01,N,0
16.19679,78.86502,314.4,0.42,0.37,2023-04-10,2011,N20,VIIRS,n,2,297.72,8.01,N,0
16.19736,78.86123,310.36,0.42,0.37,2023-04-10,2011,N20,VIIRS,n,2,295.42,0.99,N,0
16.20022,78.86556,314.0,0.42,0.37,2023-04-10,2011,N20,VIIRS,n,2,296.98,2.16,N,0
16.20079,78.86174,317.32,0.42,0.37,2023-04-10,2011,N20,VIIRS,n,2,296.93,1.9,N,0
16.25717,78.69088,316.17,0.42,0.38,2023-04-10,2011,N20,VIIRS,n,2,294.56,1.43,N,0
16.31511,78.82341,307.41,0.42,0.38,2023-04-10,2011,N20,VIIRS,n,2,294.06,1.03,N,0
16.50816,80.69788,313.07,0.38,0.36,2023-04-10,2011,N20,VIIRS,n,2,296.65,1.21,N,0
16.74918,80.48042,304.49,0.39,0.36,2023-04-10,2011,N20,VIIRS,n,2,293.99,0.59,N,0
16.83069,80.03664,307.97,0.39,0.36,2023-04-10,2011,N20,VIIRS,n,2,297.88,1.42,N,0
16.87067,80.02072,308.74,0.39,0.36,2023-04-10,2011,N20,VIIRS,n,2,298.57,1.31,N,2
17.07874,78.09395,323.22,0.45,0.39,2023-04-10,2011,N20,VIIRS,n,2,292.83,2.7,N,0
17.0796,78.09576,325.03,0.45,0.39,2023-04-10,2011,N20,VIIRS,n,2,293.4,2.41,N,0
17.38711,79.90362,305.66,0.4,0.37,2023-04-10,2011,N20,VIIRS,n,2,295.19,0.6,N,0
17.46313,80.65402,310.45,0.39,0.36,2023-04-10,2011,N20,VIIRS,n,2,297.62,1.67,N,0
17.5229,81.37903,309.64,0.38,0.36,2023-04-10,2011,N20,VIIRS,n,2,295.98,1.49,N,0
17.55402,81.41754,308.57,0.38,0.36,2023-04-10,2011,N20,VIIRS,n,2,295.53,1.7,N,0
17.58576,81.45625,309.66,0.38,0.36,2023-04-10,2011,N20,VIIRS,n,2,294.64,1.27,N,0
17.95645,80.8026,322.34,0.39,0.36,2023-04-10,2011,N20,VIIRS,n,2,299.37,2.46,N,2
18.42998,79.97047,312.46,0.4,0.37,2023-04-10,2011,N20,VIIRS,n,2,296.87,2.07,N,0
18.44759,80.09588,307.08,0.4,0.37,2023-04-10,2011,N20,VIIRS,n,2,296.8,1.21,N,0
18.44815,80.09213,309.65,0.4,0.37,2023-04-10,2011,N20,VIIRS,n,2,297.44,1.21,N,0
18.71907,79.5374,309.04,0.41,0.37,2023-04-10,2011,N20,VIIRS,n,2,296.96,2.07,N,2
18.72248,79.53796,318.49,0.41,0.37,2023-04-10,2011,N20,VIIRS,n,2,298.58,3.7,N,2
18.73727,79.53238,311.02,0.41,0.37,2023-04-10,2011,N20,VIIRS,n,2,296.68,1.54,N,2
18.75373,79.65841,309.56,0.41,0.37,2023-04-10,2011,N20,VIIRS,n,2,296.22,1.46,N,0
18.77827,79.515,306.83,0.41,0.37,2023-04-10,2011,N20,VIIRS,n,2,294.15,0.99,N,0
18.78774,79.66394,309.16,0.41,0.37,2023-04-10,2011,N20,VIIRS,n,2,295.39,1.12,N,0
18.78831,79.66006,306.54,0.41,0.37,2023-04-10,2011,N20,VIIRS,n,2,295.23,1.42,N,0
18.79114,79.66449,311.74,0.41,0.37,2023-04-10,2011,N20,VIIRS,n,2,295.52,1.12,N,0
18.79801,80.60856,308.23,0.39,0.36,2023-04-10,2011,N20,VIIRS,n,2,295.93,1.67,N,0
18.81853,80.58559,309.2,0.39,0.36,2023-04-10,2011,N20,VIIRS,n,2,295.88,1.71,N,0
18.81909,80.58192,312.18,0.39,0.36,2023-04-10,2011,N20,VIIRS,n,2,296.32,2.12,N,0
18.88019,80.10709,308.52,0.4,0.37,2023-04-10,2011,N20,VIIRS,n,2,296.37,0.66,N,0
18.88242,80.13838,312.79,0.4,0.37,2023-04-10,2011,N20,VIIRS,n,2,296.9,2.44,N,0
18.88634,80.13516,314.61,0.4,0.37,2023-04-10,2011,N20,VIIRS,n,2,296.22,1.16,N,0
18.99953,80.17287,313.97,0.4,0.37,2023-04-10,2011,N20,VIIRS,n,2,296.69,1.45,N,0
19.02141,78.755,306.49,0.44,0.39,2023-04-10,2011,N20,VIIRS,n,2,294.87,1.6,N,0
19.02298,80.177,309.32,0.4,0.37,2023-04-10,2011,N20,VIIRS,n,2,295.65,0.82,N,0
19.03113,79.96058,306.34,0.4,0.37,2023-04-10,2011,N20,VIIRS,n,2,294.08,1.33,N,0
19.05108,79.15431,318.36,0.43,0.38,2023-04-10,2011,N20,VIIRS,n,2,295.45,2.35,N,0
19.07235,79.17899,307.35,0.43,0.38,2023-04-10,2011,N20,VIIRS,n,2,294.95,1.78,N,0
19.07845,79.94479,308.57,0.4,0.37,2023-04-10,2011,N20,VIIRS,n,2,295.35,1.33,N,0
19.09631,79.19836,306.07,0.43,0.38,2023-04-10,2011,N20,VIIRS,n,2,293.86,1.19,N,0
19.09705,79.60769,304.91,0.41,0.37,2023-04-10,2011,N20,VIIRS,n,2,291.69,0.86,N,0
19.1042,78.60305,311.85,0.45,0.39,2023-04-10,2011,N20,VIIRS,n,2,294.52,2.14,N,0
19.10479,78.5988,305.9,0.45,0.39,2023-04-10,2011,N20,VIIRS,n,2,293.95,1.53,N,0
19.12311,78.64936,313.83,0.45,0.39,2023-04-10,2011,N20,VIIRS,n,2,294.24,1.78,N,0
19.12666,78.64993,310.6,0.45,0.39,2023-04-10,2011,N20,VIIRS,n,2,294.18,1.78,N,0
19.12726,78.64569,308.77,0.45,0.39,2023-04-10,2011,N20,VIIRS,n,2,294.65,1.38,N,0
19.12786,78.64146,308.84,0.45,0.39,2023-04-10,2011,N20,VIIRS,n,2,294.5,1.38,N,0
19.13566,80.26469,309.45,0.4,0.37,2023-04-10,2011,N20,VIIRS,n,2,296.23,1.28,N,0
19.13732,78.65157,310.63,0.45,0.39,2023-04-10,2011,N20,VIIRS,n,2,294.72,2.58,N,0
19.13791,78.64736,309.04,0.45,0.39,2023-04-10,2011,N20,VIIRS,n,2,294.76,2.72,N,0
19.14952,80.30079,308.22,0.4,0.37,2023-04-10,2011,N20,VIIRS,n,2,296.67,0.91,N,0
19.15343,80.29762,311.76,0.4,0.37,2023-04-10,2011,N20,VIIRS,n,2,296.6,1.15,N,0
19.17186,80.28907,310.27,0.4,0.37,2023-04-10,2011,N20,VIIRS,n,2,295.18,0.96,N,0
19.17242,80.28534,312.01,0.4,0.37,2023-04-10,2011,N20,VIIRS,n,2,295.55,0.96,N,0
19.17409,80.32008,308.06,0.4,0.37,2023-04-10,2011,N20,VIIRS,n,2,295.18,1.55,N,0
19.178,80.29394,310.78,0.4,0.37,2023-04-10,2011,N20,VIIRS,n,2,296.07,1.63,N,0
19.18044,79.03255,311.83,0.43,0.38,2023-04-10,2011,N20,VIIRS,n,2,295.92,2.78,N,0
19.18102,79.02856,322.12,0.43,0.38,2023-04-10,2011,N20,VIIRS,n,2,296.25,2.72,N,0
19.18135,80.29446,309.59,0.4,0.37,2023-04-10,2011,N20,VIIRS,n,2,296.38,1.35,N,0
19.18192,80.24466,307.56,0.4,0.37,2023-04-10,2011,N20,VIIRS,n,2,295.88,1.54,N,0
19.18246,80.28703,320.48,0.4,0.37,2023-04-10,2011,N20,VIIRS,n,2,296.55,3.05,N,0
19.19865,80.31647,317.68,0.4,0.37,2023-04-10,2011,N20,VIIRS,n,2,296.13,1.31,N,0
19.202,80.31702,307.85,0.4,0.37,2023-04-10,2011,N20,VIIRS,n,2,295.39,1.31,N,0
19.20256,80.31329,317.09,0.4,0.37,2023-04-10,2011,N20,VIIRS,n,2,295.92,1.31,N,0
19.20422,80.32508,313.21,0.4,0.37,2023-04-10,2011,N20,VIIRS,n,2,295.59,1.69,N,0
19.20482,80.27528,315.07,0.4,0.37,2023-04-10,2011,N20,VIIRS,n,2,296.9,1.81,N,0
19.20703,80.30635,309.46,0.4,0.37,2023-04-10,2011,N20,VIIRS,n,2,295.65,1.07,N,0
19.24329,79.85259,306.06,0.41,0.37,2023-04-10,2011,N20,VIIRS,n,2,294.52,1.61,N,0
19.25995,78.67785,323.98,0.45,0.39,2023-04-10,2011,N20,VIIRS,n,2,295.99,4.13,N,0
15.52284,78.14333,308.51,0.44,0.38,2023-04-10,2012,N20,VIIRS,n,2,297.16,1.61,N,0
15.56039,78.8623,308.82,0.41,0.37,2023-04-10,2012,N20,VIIRS,n,2,294.76,0.87,N,0
15.61569,79.81155,313.42,0.39,0.36,2023-04-10,2012,N20,VIIRS,n,2,298.32,2.17,N,0
16.006,78.66486,314.76,0.42,0.38,2023-04-10,2012,N20,VIIRS,n,2,298.86,1.81,N,0
16.00658,78.66095,314.7,0.42,0.38,2023-04-10,2012,N20,VIIRS,n,2,298.56,1.81,N,0
16.0166,78.92447,305.79,0.41,0.37,2023-04-10,2012,N20,VIIRS,n,2,294.8,0.59,N,0
15.56359,78.8668,337.61,0.4,0.6,2023-04-11,721,N20,VIIRS,l,2,310.4,2.98,D,0
15.56429,78.87028,346.89,0.4,0.6,2023-04-11,721,N20,VIIRS,n,2,310.44,2.98,D,0
15.6036,78.86948,341.52,0.4,0.6,2023-04-11,721,N20,VIIRS,n,2,312.67,3.3,D,0
15.6043,78.87299,336.62,0.4,0.6,2023-04-11,721,N20,VIIRS,n,2,309.86,2.98,D,0
15.60478,78.86876,341.21,0.4,0.6,2023-04-11,721,N20,VIIRS,n,2,312.25,5.26,D,0
15.60549,78.87225,334.19,0.4,0.6,2023-04-11,721,N20,VIIRS,l,2,308.59,4.41,D,0
15.61233,78.62776,367.0,0.41,0.61,2023-04-11,721,N20,VIIRS,h,2,309.53,7.25,D,0
15.63441,78.45181,349.47,0.42,0.61,2023-04-11,721,N20,VIIRS,n,2,317.45,9.92,D,0
15.66457,78.54516,340.69,0.42,0.61,2023-04-11,721,N20,VIIRS,n,2,307.54,3.25,D,0
15.66748,79.33179,338.42,0.37,0.58,2023-04-11,721,N20,VIIRS,l,2,310.71,1.42,D,0
15.66954,79.18466,345.68,0.38,0.58,2023-04-11,721,N20,VIIRS,n,2,315.44,4.98,D,0
15.67385,78.36776,344.72,0.43,0.62,2023-04-11,721,N20,VIIRS,n,2,313.74,5.9,D,0
15.68797,77.22922,348.05,0.51,0.66,2023-04-11,721,N20,VIIRS,n,2,313.02,10.42,D,0
15.68999,77.65924,349.34,0.48,0.64,2023-04-11,721,N20,VIIRS,n,2,313.58,6.17,D,0
15.69122,77.66116,352.35,0.48,0.64,2023-04-11,721,N20,VIIRS,n,2,313.56,7.51,D,0
15.69175,77.18864,346.13,0.51,0.66,2023-04-11,721,N20,VIIRS,n,2,316.72,12.26,D,0
15.69211,77.229,348.63,0.51,0.66,2023-04-11,721,N20,VIIRS,n,2,314.54,8.58,D,0
15.69397,77.6493,340.16,0.48,0.64,2023-04-11,721,N20,VIIRS,n,2,312.17,3.74,D,0
15.69488,77.65361,336.6,0.48,0.64,2023-04-11,721,N20,VIIRS,l,2,311.1,2.94,D,0
15.69525,77.65116,353.5,0.48,0.64,2023-04-11,721,N20,VIIRS,n,2,312.66,5.25,D,0
15.69616,77.18829,344.78,0.51,0.66,2023-04-11,721,N20,VIIRS,l,2,317.7,14.64,D,0
15.75703,78.30164,351.02,0.43,0.62,2023-04-11,721,N20,VIIRS,n,2,317.04,7.84,D,0
15.7914,79.16692,342.6,0.38,0.58,2023-04-11,721,N20,VIIRS,l,2,314.15,4.16,D,0
15.8129,78.99889,331.48,0.39,0.59,2023-04-11,721,N20,VIIRS,n,2,306.43,6.47,D,0
15.81368,79.00279,349.38,0.39,0.59,2023-04-11,721,N20,VIIRS,n,2,308.78,7.25,D,0
15.8144,79.00636,347.34,0.39,0.59,2023-04-11,721,N20,VIIRS,n,2,308.12,7.25,D,0
15.81638,79.01626,367.0,0.38,0.59,2023-04-11,721,N20,VIIRS,h,2,312.52,9.0,D,0
15.819,79.00153,367.0,0.39,0.59,2023-04-11,721,N20,VIIRS,h,2,307.82,7.25,D,0
15.81977,79.00537,367.0,0.39,0.59,2023-04-11,721,N20,VIIRS,h,2,308.17,7.25,D,0
15.82009,78.2384,351.74,0.43,0.62,2023-04-11,721,N20,VIIRS,n,2,316.44,8.57,D,0
15.82239,79.01852,337.04,0.38,0.59,2023-04-11,721,N20,VIIRS,n,2,306.68,9.0,D,0
15.82281,78.23503,341.53,0.43,0.62,2023-04-11,721,N20,VIIRS,l,2,314.18,9.05,D,0
15.84584,78.48484,367.0,0.42,0.61,2023-04-11,721,N20,VIIRS,h,2,318.59,15.71,D,0
15.84621,78.48379,355.91,0.42,0.61,2023-04-11,721,N20,VIIRS,n,2,317.41,15.69,D,0
15.8555,79.15675,344.08,0.38,0.58,2023-04-11,721,N20,VIIRS,l,2,316.21,4.54,D,0
15.91152,78.89408,367.0,0.39,0.59,2023-04-11,721,N20,VIIRS,h,2,312.17,10.26,D,0
15.9278,78.89156,338.5,0.39,0.59,2023-04-11,721,N20,VIIRS,l,2,310.09,5.36,D,0
15.92853,78.89521,335.77,0.39,0.59,2023-04-11,721,N20,VIIRS,l,2,309.8,7.61,D,0
15.93038,78.89197,337.15,0.39,0.59,2023-04-11,721,N20,VIIRS,l,2,308.52,3.53,D,0
15.99556,79.01975,345.15,0.38,0.59,2023-04-11,721,N20,VIIRS,n,2,309.23,6.61,D,0
15.99629,78.94114,351.57,0.39,0.59,2023-04-11,721,N20,VIIRS,n,2,310.46,8.53,D,0
15.99687,79.0262,347.64,0.38,0.59,2023-04-11,721,N20,VIIRS,n,2,310.89,3.93,D,0
16.00112,78.65752,337.78,0.4,0.6,2023-04-11,721,N20,VIIRS,l,2,311.95,4.7,D,0
16.00131,78.65533,337.78,0.4,0.6,2023-04-11,721,N20,VIIRS,l,2,312.65,4.41,D,0
16.00172,78.94043,354.01,0.39,0.59,2023-04-11,721,N20,VIIRS,n,2,311.42,8.53,D,0
16.00213,79.0248,354.75,0.38,0.59,2023-04-11,721,N20,VIIRS,n,2,311.66,7.0,D,0
16.00239,78.94373,344.47,0.39,0.59,2023-04-11,721,N20,VIIRS,n,2,306.67,8.53,D,0
16.0086,78.66655,340.2,0.4,0.6,2023-04-11,721,N20,VIIRS,l,2,313.0,2.46,D,0
16.00948,78.92365,334.41,0.39,0.59,2023-04-11,721,N20,VIIRS,l,2,307.11,0.86,D,0
16.0193,79.19093,337.51,0.37,0.58,2023-04-11,721,N20,VIIRS,n,2,309.18,1.81,D,0
16.09305,78.60371,347.35,0.4,0.6,2023-04-11,721,N20,VIIRS,n,2,312.49,4.72,D,0
16.09319,78.60065,340.5,0.4,0.6,2023-04-11,721,N20,VIIRS,l,2,312.77,4.29,D,0
16.12412,79.76342,335.36,0.34,0.56,2023-04-11,721,N20,VIIRS,n,2,309.65,1.23,D,0
16.14709,78.90218,367.0,0.39,0.59,2023-04-11,721,N20,VIIRS,h,2,315.27,6.32,D,0
16.18781,78.84119,346.06,0.39,0.59,2023-04-11,721,N20,VIIRS,n,2,313.64,2.8,D,0
16.24483,79.45005,346.5,0.35,0.57,2023-04-11,721,N20,VIIRS,n,2,310.38,3.86,D,0
16.24869,79.4424,343.9,0.35,0.57,2023-04-11,721,N20,VIIRS,n,2,309.03,3.45,D,0
16.28235,79.38863,342.57,0.36,0.57,2023-04-11,721,N20,VIIRS,n,2,309.8,3.43,D,0
16.29707,80.08458,338.95,0.32,0.55,2023-04-11,721,N20,VIIRS,n,2,308.92,1.92,D,0
16.30555,78.52415,343.95,0.41,0.6,2023-04-11,721,N20,VIIRS,n,2,313.82,6.86,D,0
16.30557,78.52105,352.92,0.41,0.6,2023-04-11,721,N20,VIIRS,n,2,313.95,6.78,D,0
16.34064,79.27461,367.0,0.36,0.57,2023-04-11,721,N20,VIIRS,h,2,314.52,6.16,D,0
16.34066,79.27363,354.98,0.36,0.57,2023-04-11,721,N20,VIIRS,n,2,313.25,5.93,D,0
16.42155,78.97533,346.3,0.38,0.58,2023-04-11,721,N20,VIIRS,n,2,312.91,3.06,D,0
16.42337,79.38914,344.78,0.35,0.57,2023-04-11,721,N20,VIIRS,n,2,312.01,3.0,D,0
16.4458,79.44796,367.0,0.35,0.57,2023-04-11,721,N20,VIIRS,h,2,314.62,6.91,D,0
16.5367,77.12225,345.4,0.5,0.66,2023-04-11,721,N20,VIIRS,n,2,317.83,16.42,D,0
16.63422,80.40846,344.85,0.6,0.53,2023-04-11,721,N20,VIIRS,n,2,312.41,17.09,D,0
16.67266,78.38875,344.69,0.41,0.6,2023-04-11,721,N20,VIIRS,n,2,312.65,3.67,D,0
16.80389,78.6904,344.62,0.39,0.59,2023-04-11,721,N20,VIIRS,n,2,313.95,5.74,D,0
16.8343,80.3174,332.36,0.6,0.53,2023-04-11,721,N20,VIIRS,l,2,307.29,4.67,D,0
16.87729,77.04895,350.29,0.49,0.65,2023-04-11,721,N20,VIIRS,n,2,314.77,8.04,D,0
16.8803,77.04625,340.92,0.49,0.65,2023-04-11,721,N20,VIIRS,l,2,314.3,6.54,D,0
16.91404,78.42325,341.13,0.4,0.6,2023-04-11,721,N20,VIIRS,n,2,311.72,2.23,D,0
16.97165,78.65237,348.0,0.39,0.59,2023-04-11,721,N20,VIIRS,n,2,313.06,6.13,D,0
16.97454,78.65208,350.06,0.39,0.59,2023-04-11,721,N20,VIIRS,n,2,314.63,5.74,D,0
17.01388,78.37917,343.96,0.4,0.6,2023-04-11,721,N20,VIIRS,n,2,308.49,3.0,D,0
17.0458,78.53615,346.89,0.39,0.59,2023-04-11,721,N20,VIIRS,n,2,312.31,3.87,D,0
17.07064,77.06388,347.09,0.49,0.65,2023-04-11,721,N20,VIIRS,n,2,316.1,9.76,D,0
17.073,77.06549,344.33,0.49,0.65,2023-04-11,721,N20,VIIRS,n,2,315.35,9.15,D,0
17.11957,78.55786,339.98,0.39,0.59,2023-04-11,721,N20,VIIRS,n,2,307.8,1.76,D,0
17.16989,78.50233,336.04,0.39,0.59,2023-04-11,721,N20,VIIRS,l,2,310.98,2.94,D,0
17.17472,81.15154,332.92,0.52,0.5,2023-04-11,721,N20,VIIRS,n,2,302.59,4.13,D,0
17.18896,78.31123,338.08,0.4,0.6,2023-04-11,721,N20,VIIRS,l,2,309.47,4.19,D,0
17.18974,78.31498,341.79,0.4,0.6,2023-04-11,721,N20,VIIRS,n,2,309.22,4.19,D,0
17.23009,79.09922,367.0,0.36,0.57,2023-04-11,721,N20,VIIRS,h,2,309.25,4.51,D,0
17.29169,78.08853,339.11,0.42,0.61,2023-04-11,721,N20,VIIRS,l,2,310.31,3.16,D,0
17.29431,77.12016,354.9,0.48,0.65,2023-04-11,721,N20,VIIRS,n,2,315.56,11.23,D,0
17.29546,77.12008,352.08,0.48,0.65,2023-04-11,721,N20,VIIRS,n,2,315.58,10.2,D,0
17.30649,81.36578,342.01,0.5,0.49,2023-04-11,721,N20,VIIRS,n,2,300.73,5.49,D,0
17.31544,81.36411,333.77,0.5,0.49,2023-04-11,721,N20,VIIRS,n,2,301.69,3.99,D,0
17.3198,81.33851,330.44,0.51,0.49,2023-04-11,721,N20,VIIRS,l,2,301.08,2.85,D,0
17.34439,80.39387,334.44,0.58,0.52,2023-04-11,721,N20,VIIRS,n,2,303.91,4.09,D,0
17.35192,80.79163,349.88,0.55,0.51,2023-04-11,721,N20,VIIRS,n,2,303.26,6.38,D,0
17.3526,80.77019,337.04,0.55,0.51,2023-04-11,721,N20,VIIRS,n,2,303.84,2.91,D,0
17.36057,77.57109,341.58,0.45,0.63,2023-04-11,721,N20,VIIRS,l,2,313.28,7.87,D,0
17.36538,77.56573,345.61,0.45,0.63,2023-04-11,721,N20,VIIRS,n,2,310.16,4.79,D,0
17.37045,77.47654,339.54,0.45,0.63,2023-04-11,721,N20,VIIRS,l,2,313.78,7.05,D,0
17.37172,77.4757,339.06,0.45,0.63,2023-04-11,721,N20,VIIRS,l,2,313.24,8.72,D,0
17.38543,81.13777,342.6,0.52,0.5,2023-04-11,721,N20,VIIRS,n,2,304.58,13.16,D,0
17.39321,77.04782,337.05,0.48,0.65,2023-04-11,721,N20,VIIRS,l,2,310.83,8.37,D,0
17.39562,77.0507,339.77,0.48,0.65,2023-04-11,721,N20,VIIRS,l,2,310.56,7.03,D,0
17.40944,81.26235,330.85,0.51,0.49,2023-04-11,721,N20,VIIRS,n,2,301.56,3.0,D,0
17.43353,80.7984,339.62,0.55,0.51,2023-04-11,721,N20,VIIRS,n,2,308.04,5.72,D,0
17.43813,80.79737,341.28,0.55,0.51,2023-04-11,721,N20,VIIRS,n,2,306.91,5.72,D,0
17.44843,80.51793,333.21,0.57,0.52,2023-04-11,721,N20,VIIRS,l,2,305.19,3.48,D,0
17.46684,77.10546,342.41,0.48,0.64,2023-04-11,721,N20,VIIRS,l,2,313.41,8.56,D,0
17.46889,80.83252,335.86,0.54,0.51,2023-04-11,721,N20,VIIRS,l,2,306.48,3.52,D,0
17.48208,78.23384,348.47,0.4,0.6,2023-04-11,721,N20,VIIRS,n,2,310.28,4.08,D,0
17.49028,81.37069,330.82,0.5,0.49,2023-04-11,721,N20,VIIRS,n,2,305.15,1.31,D,0
17.53385,78.23734,338.38,0.4,0.6,2023-04-11,721,N20,VIIRS,n,2,307.41,4.7,D,0
17.53478,78.23582,348.06,0.4,0.6,2023-04-11,721,N20,VIIRS,n,2,307.55,4.65,D,0
17.54045,78.96531,334.1,0.36,0.57,2023-04-11,721,N20,VIIRS,l,2,308.37,2.88,D,0
17.56031,80.98831,340.05,0.53,0.5,2023-04-11,721,N20,VIIRS,n,2,304.65,5.08,D,0
17.56059,80.98924,337.13,0.53,0.5,2023-04-11,721,N20,VIIRS,n,2,304.36,7.22,D,0
17.56713,77.26239,345.15,0.46,0.64,2023-04-11,721,N20,VIIRS,n,2,311.69,8.63,D,0
17.56727,77.26485,348.06,0.46,0.64,2023-04-11,721,N20,VIIRS,n,2,311.28,8.81,D,0
17.57421,80.98636,336.79,0.53,0.5,2023-04-11,721,N20,VIIRS,n,2,303.25,3.95,D,0
17.58145,80.97489,331.56,0.53,0.5,2023-04-11,721,N20,VIIRS,l,2,301.71,3.48,D,0
17.5882,78.1656,342.98,0.4,0.6,2023-04-11,721,N20,VIIRS,n,2,309.74,3.45,D,0
17.58898,78.16934,349.74,0.4,0.6,2023-04-11,721,N20,VIIRS,n,2,311.65,3.45,D,0
17.6004,81.47397,332.25,0.49,0.49,2023-04-11,721,N20,VIIRS,n,2,301.37,3.37,D,0
17.60215,79.4012,347.73,0.33,0.56,2023-04-11,721,N20,VIIRS,n,2,304.51,3.33,D,0
17.62572,81.38873,332.65,0.5,0.49,2023-04-11,721,N20,VIIRS,l,2,303.82,3.33,D,0
17.6288,81.3885,335.16,0.5,0.49,2023-04-11,721,N20,VIIRS,n,2,303.29,1.57,D,0
17.6481,78.31853,367.0,0.39,0.6,2023-04-11,721,N20,VIIRS,h,2,306.93,8.94,D,0
17.64888,78.32232,340.64,0.39,0.6,2023-04-11,721,N20,VIIRS,n,2,305.92,7.27,D,0
17.72776,80.74646,332.91,0.54,0.51,2023-04-11,721,N20,VIIRS,l,2,303.27,2.47,D,0
17.73734,78.72889,346.66,0.37,0.58,2023-04-11,721,N20,VIIRS,n,2,310.49,3.67,D,0
17.74108,78.32444,333.65,0.39,0.59,2023-04-11,721,N20,VIIRS,l,2,308.14,2.56,D,0
17.76327,81.49545,338.36,0.49,0.48,2023-04-11,721,N20,VIIRS,n,2,304.34,3.89,D,0
17.76387,81.49787,330.98,0.49,0.48,2023-04-11,721,N20,VIIRS,l,2,303.94,2.7,D,0
17.82136,80.81726,338.53,0.54,0.51,2023-04-11,721,N20,VIIRS,n,2,306.26,3.52,D,0
17.85647,77.03702,331.13,0.47,0.64,2023-04-11,721,N20,VIIRS,l,2,303.72,2.54,D,0
17.88569,80.32494,331.52,0.58,0.52,2023-04-11,721,N20,VIIRS,l,2,302.68,2.24,D,0
17.90256,79.70875,338.24,0.63,0.54,2023-04-11,721,N20,VIIRS,n,2,305.41,6.19,D,0
18.07702,79.70525,337.65,0.63,0.54,2023-04-11,721,N20,VIIRS,n,2,303.99,4.88,D,0
18.07872,79.7038,335.48,0.63,0.54,2023-04-11,721,N20,VIIRS,n,2,304.34,4.16,D,0
18.10154,80.31339,350.3,0.57,0.52,2023-04-11,721,N20,VIIRS,n,2,302.76,9.18,D,0
18.12194,78.08952,367.0,0.4,0.6,2023-04-11,721,N20,VIIRS,h,2,305.44,9.31,D,0
18.19117,80.34703,331.23,0.57,0.52,2023-04-11,721,N20,VIIRS,l,2,302.62,2.5,D,0
18.19262,80.34499,335.5,0.57,0.52,2023-04-11,721,N20,VIIRS,n,2,302.85,4.29,D,0
18.22428,77.5967,335.73,0.43,0.62,2023-04-11,721,N20,VIIRS,l,2,308.95,4.32,D,0
18.27024,78.27813,341.96,0.39,0.59,2023-04-11,721,N20,VIIRS,n,2,309.1,2.76,D,0
18.33253,80.00412,332.32,0.59,0.53,2023-04-11,721,N20,VIIRS,l,2,303.52,2.96,D,0
18.3331,80.0054,331.26,0.59,0.53,2023-04-11,721,N20,VIIRS,l,2,303.79,4.24,D,0
18.33963,80.3649,337.42,0.56,0.52,2023-04-11,721,N20,VIIRS,n,2,306.59,5.26,D,0
18.34448,80.26559,341.32,0.57,0.52,2023-04-11,721,N20,VIIRS,n,2,304.24,7.45,D,0
18.36188,79.95173,333.75,0.6,0.53,2023-04-11,721,N20,VIIRS,l,2,305.15,3.85,D,0
18.37428,80.36822,342.16,0.56,0.51,2023-04-11,721,N20,VIIRS,n,2,304.41,5.11,D,0
18.38905,80.2179,334.92,0.57,0.52,2023-04-11,721,N20,VIIRS,n,2,304.12,4.95,D,0
18.39001,80.04291,339.99,0.59,0.53,2023-04-11,721,N20,VIIRS,n,2,304.95,6.18,D,0
18.39198,78.17918,338.99,0.39,0.59,2023-04-11,721,N20,VIIRS,l,2,310.02,4.56,D,0
18.39323,80.39091,330.95,0.56,0.51,2023-04-11,721,N20,VIIRS,l,2,305.17,2.81,D,0
18.39423,80.39606,334.4,0.56,0.51,2023-04-11,721,N20,VIIRS,l,2,305.29,2.81,D,0
18.39475,80.04179,342.75,0.59,0.53,2023-04-11,721,N20,VIIRS,n,2,305.95,7.54,D,0
18.41149,79.97563,332.24,0.59,0.53,2023-04-11,721,N20,VIIRS,l,2,304.74,8.14,D,0
18.41407,80.28754,344.1,0.57,0.52,2023-04-11,721,N20,VIIRS,n,2,306.04,8.2,D,0
18.42116,77.6888,333.69,0.42,0.61,2023-04-11,721,N20,VIIRS,l,2,307.4,2.83,D,0
18.42656,80.25208,330.98,0.57,0.52,2023-04-11,721,N20,VIIRS,l,2,302.08,6.12,D,0
18.43425,79.96806,341.06,0.59,0.53,2023-04-11,721,N20,VIIRS,n,2,304.22,5.55,D,0
18.43531,79.97333,337.62,0.59,0.53,2023-04-11,721,N20,VIIRS,n,2,303.96,5.55,D,0
18.43549,79.97115,350.01,0.59,0.53,2023-04-11,721,N20,VIIRS,n,2,305.25,11.98,D,0
18.43694,80.30455,335.97,0.56,0.52,2023-04-11,721,N20,VIIRS,n,2,304.57,3.6,D,0
18.45853,80.14014,346.34,0.58,0.52,2023-04-11,721,N20,VIIRS,n,2,308.86,18.95,D,0
18.46095,80.57237,333.0,0.54,0.51,2023-04-11,721,N20,VIIRS,l,2,305.49,2.76,D,0
18.46162,79.9556,342.85,0.59,0.53,2023-04-11,721,N20,VIIRS,n,2,304.82,8.21,D,0
18.46203,80.57399,331.26,0.54,0.51,2023-04-11,721,N20,VIIRS,l,2,306.23,2.79,D,0
18.48795,78.88441,333.42,0.35,0.57,2023-04-11,721,N20,VIIRS,l,2,307.68,2.38,D,0
18.51041,81.24277,331.5,0.49,0.48,2023-04-11,721,N20,VIIRS,n,2,300.36,2.84,D,0
18.51928,79.84859,350.27,0.6,0.53,2023-04-11,721,N20,VIIRS,n,2,303.79,9.17,D,0
18.51929,79.91968,342.17,0.59,0.53,2023-04-11,721,N20,VIIRS,n,2,306.84,5.49,D,0
18.52054,79.8496,347.57,0.6,0.53,2023-04-11,721,N20,VIIRS,n,2,303.59,9.88,D,0
18.54146,80.59355,333.33,0.54,0.51,2023-04-11,721,N20,VIIRS,l,2,306.51,3.69,D,0
18.54472,80.56085,335.07,0.54,0.51,2023-04-11,721,N20,VIIRS,l,2,306.56,3.28,D,0
18.54928,80.55976,332.91,0.54,0.51,2023-04-11,721,N20,VIIRS,l,2,307.68,3.28,D,0
18.55678,80.55407,338.42,0.54,0.51,2023-04-11,721,N20,VIIRS,n,2,307.66,4.52,D,0
18.55904,80.1478,333.18,0.57,0.52,2023-04-11,721,N20,VIIRS,l,2,305.97,5.98,D,0
18.56473,80.202,333.31,0.57,0.52,2023-04-11,721,N20,VIIRS,l,2,304.48,5.79,D,0
18.56681,80.21264,334.16,0.57,0.52,2023-04-11,721,N20,VIIRS,l,2,304.73,2.3,D,0
18.57289,80.29356,330.24,0.56,0.52,2023-04-11,721,N20,VIIRS,l,2,305.22,5.03,D,0
18.57391,80.29877,345.55,0.56,0.52,2023-04-11,721,N20,VIIRS,n,2,305.81,5.03,D,0
18.57787,80.14372,338.22,0.57,0.52,2023-04-11,721,N20,VIIRS,n,2,306.6,5.99,D,0
18.57872,80.14197,333.68,0.57,0.52,2023-04-11,721,N20,VIIRS,l,2,305.76,7.07,D,0
18.58236,80.24235,336.02,0.57,0.52,2023-04-11,721,N20,VIIRS,n,2,304.21,2.57,D,0
18.59649,80.31499,338.82,0.56,0.51,2023-04-11,721,N20,VIIRS,n,2,307.72,4.71,D,0
18.62646,80.25809,339.49,0.56,0.52,2023-04-11,721,N20,VIIRS,n,2,306.52,6.91,D,0
18.63527,80.22892,339.29,0.56,0.52,2023-04-11,721,N20,VIIRS,n,2,304.88,3.73,D,0
18.6849,79.60315,334.9,0.62,0.54,2023-04-11,721,N20,VIIRS,l,2,307.7,4.13,D,0
18.74625,79.94025,332.12,0.59,0.53,2023-04-11,721,N20,VIIRS,l,2,306.14,3.61,D,0
18.75452,79.65891,331.74,0.61,0.54,2023-04-11,721,N20,VIIRS,l,2,305.26,4.37,D,0
18.75651,79.69392,334.17,0.61,0.53,2023-04-11,721,N20,VIIRS,n,2,305.2,4.39,D,0
18.76314,81.16054,330.36,0.49,0.49,2023-04-11,721,N20,VIIRS,n,2,303.88,2.03,D,0
18.76972,80.33301,332.16,0.55,0.51,2023-04-11,721,N20,VIIRS,l,2,306.4,3.83,D,0
18.77434,80.33195,342.22,0.55,0.51,2023-04-11,721,N20,VIIRS,n,2,306.31,3.83,D,0
18.78364,80.15652,333.88,0.57,0.52,2023-04-11,721,N20,VIIRS,l,2,305.31,2.44,D,0
18.80377,80.57841,333.9,0.53,0.5,2023-04-11,721,N20,VIIRS,n,2,303.82,5.83,D,0
18.82243,80.14626,333.06,0.57,0.52,2023-04-11,721,N20,VIIRS,n,2,302.31,3.18,D,0
18.83567,79.72062,343.22,0.6,0.53,2023-04-11,721,N20,VIIRS,n,2,308.4,6.89,D,0
18.84687,80.14632,333.17,0.57,0.52,2023-04-11,721,N20,VIIRS,l,2,304.68,3.09,D,0
18.87227,79.95075,338.45,0.58,0.52,2023-04-11,721,N20,VIIRS,n,2,307.56,5.72,D,0
18.87307,79.95387,339.79,0.58,0.52,2023-04-11,721,N20,VIIRS,n,2,307.25,3.84,D,0
18.87629,80.27043,333.42,0.56,0.51,2023-04-11,721,N20,VIIRS,l,2,307.56,4.57,D,0
18.8792,80.11198,333.94,0.57,0.52,2023-04-11,721,N20,VIIRS,l,2,304.52,4.61,D,0
18.88195,80.27458,337.56,0.55,0.51,2023-04-11,721,N20,VIIRS,n,2,306.24,4.57,D,0
18.88387,80.11085,335.16,0.57,0.52,2023-04-11,721,N20,VIIRS,l,2,305.91,3.63,D,0
18.88804,79.90535,343.54,0.59,0.53,2023-04-11,721,N20,VIIRS,n,2,307.17,31.94,D,0
18.90392,80.08213,333.47,0.57,0.52,2023-04-11,721,N20,VIIRS,l,2,304.0,1.86,D,0
18.90422,80.65331,337.32,0.52,0.5,2023-04-11,721,N20,VIIRS,n,2,305.74,5.24,D,0
18.90691,80.0784,336.18,0.57,0.52,2023-04-11,721,N20,VIIRS,n,2,304.34,6.31,D,0
18.94033,80.54812,341.24,0.53,0.5,2023-04-11,721,N20,VIIRS,n,2,305.36,5.75,D,0
18.95405,80.18623,333.42,0.56,0.52,2023-04-11,721,N20,VIIRS,l,2,307.31,5.59,D,0
18.95508,80.1914,331.91,0.56,0.51,2023-04-11,721,N20,VIIRS,l,2,305.81,3.31,D,0
18.9634,80.18436,333.95,0.56,0.52,2023-04-11,721,N20,VIIRS,l,2,305.1,6.31,D,0
18.97556,80.29457,336.4,0.55,0.51,2023-04-11,721,N20,VIIRS,n,2,305.97,5.0,D,0
19.0118,80.23315,331.53,0.56,0.51,2023-04-11,721,N20,VIIRS,l,2,306.52,4.87,D,0
19.01833,80.55925,333.59,0.53,0.5,2023-04-11,721,N20,VIIRS,l,2,304.41,4.57,D,0
19.03109,80.13256,333.24,0.56,0.52,2023-04-11,721,N20,VIIRS,n,2,301.72,6.31,D,0
19.03334,80.24447,345.38,0.55,0.51,2023-04-11,721,N20,VIIRS,n,2,307.89,6.01,D,0
19.07303,80.47466,333.85,0.53,0.5,2023-04-11,721,N20,VIIRS,l,2,307.89,6.59,D,0
18.7383,77.28903,338.16,0.44,0.62,2023-04-11,722,N20,VIIRS,l,2,310.06,10.81,D,0
18.87757,78.34583,331.31,0.37,0.58,2023-04-11,722,N20,VIIRS,l,2,304.26,3.3,D,0
18.8782,78.3456,333.59,0.37,0.58,2023-04-11,722,N20,VIIRS,l,2,304.08,1.82,D,0
18.90394,77.42732,343.15,0.42,0.61,2023-04-11,722,N20,VIIRS,n,2,306.89,5.94,D,0
18.90508,77.4256,342.81,0.43,0.62,2023-04-11,722,N20,VIIRS,n,2,306.46,5.06,D,0
18.90708,79.05689,332.96,0.33,0.55,2023-04-11,722,N20,VIIRS,l,2,305.76,2.64,D,0
18.91032,78.52956,334.95,0.36,0.57,2023-04-11,722,N20,VIIRS,n,2,304.71,3.73,D,0
18.91095,78.52923,335.24,0.36,0.57,2023-04-11,722,N20,VIIRS,n,2,304.26,4.26,D,0
18.92653,79.7039,334.0,0.6,0.53,2023-04-11,722,N20,VIIRS,n,2,303.5,5.87,D,0
18.94801,78.16485,333.33,0.38,0.59,2023-04-11,722,N20,VIIRS,n,2,300.85,1.19,D,0
18.98325,79.32468,335.03,0.32,0.54,2023-04-11,722,N20,VIIRS,l,2,306.38,2.51,D,0
18.99439,78.85011,332.82,0.34,0.56,2023-04-11,722,N20,VIIRS,l,2,307.65,3.33,D,0
18.99505,78.85329,355.44,0.34,0.56,2023-04-11,722,N20,VIIRS,n,2,307.58,3.33,D,0
18.99858,77.98138,333.89,0.39,0.59,2023-04-11,722,N20,VIIRS,l,2,307.08,2.95,D,0
19.00706,80.05135,333.33,0.57,0.52,2023-04-11,722,N20,VIIRS,l,2,305.8,4.52,D,0
19.00884,79.29882,344.57,0.32,0.55,2023-04-11,722,N20,VIIRS,n,2,305.69,3.26,D,0
19.01875,78.07833,336.9,0.38,0.59,2023-04-11,722,N20,VIIRS,n,2,305.0,3.15,D,0
19.0226,78.80681,335.6,0.34,0.56,2023-04-11,722,N20,VIIRS,n,2,305.14,3.96,D,0
19.02684,78.85314,339.02,0.34,0.56,2023-04-11,722,N20,VIIRS,n,2,305.89,2.67,D,0
19.02737,78.75235,331.63,0.35,0.56,2023-04-11,722,N20,VIIRS,l,2,306.06,2.15,D,0
19.02748,78.33204,341.78,0.37,0.58,2023-04-11,722,N20,VIIRS,n,2,303.33,4.21,D,0
19.03249,80.12913,338.84,0.56,0.52,2023-04-11,722,N20,VIIRS,n,2,303.1,7.29,D,0
19.03349,80.13409,337.65,0.56,0.52,2023-04-11,722,N20,VIIRS,n,2,301.99,4.65,D,0
19.0355,80.24078,333.74,0.55,0.51,2023-04-11,722,N20,VIIRS,l,2,307.5,7.76,D,0
19.03808,78.58955,342.22,0.35,0.57,2023-04-11,722,N20,VIIRS,n,2,307.03,2.61,D,0
19.04237,78.5895,349.54,0.35,0.57,2023-04-11,722,N20,VIIRS,n,2,307.25,4.99,D,0
19.04324,78.58844,340.33,0.35,0.57,2023-04-11,722,N20,VIIRS,n,2,306.58,2.61,D,0
19.05216,78.57954,340.24,0.35,0.57,2023-04-11,722,N20,VIIRS,n,2,306.22,3.61,D,0
19.05365,78.77666,349.35,0.34,0.56,2023-04-11,722,N20,VIIRS,n,2,307.81,4.34,D,0
19.05492,79.99621,332.85,0.57,0.52,2023-04-11,722,N20,VIIRS,l,2,304.0,3.11,D,0
19.05972,78.56413,331.44,0.36,0.57,2023-04-11,722,N20,VIIRS,l,2,305.07,1.09,D,0
19.0659,78.59371,333.88,0.35,0.57,2023-04-11,722,N20,VIIRS,l,2,305.75,2.33,D,0
19.07268,80.18435,332.09,0.56,0.51,2023-04-11,722,N20,VIIRS,l,2,305.0,3.73,D,0
19.07965,79.11038,330.92,0.33,0.55,2023-04-11,722,N20,VIIRS,l,2,303.37,1.61,D,0
19.09283,79.20024,334.79,0.32,0.55,2023-04-11,722,N20,VIIRS,n,2,304.36,2.57,D,0
19.09411,78.57389,332.75,0.35,0.57,2023-04-11,722,N20,VIIRS,l,2,305.2,3.26,D,0
19.0948,78.57722,336.04,0.35,0.57,2023-04-11,722,N20,VIIRS,n,2,305.74,4.42,D,0
19.09671,79.95869,345.87,0.58,0.52,2023-04-11,722,N20,VIIRS,n,2,303.43,6.35,D,0
19.09694,79.95632,331.05,0.58,0.52,2023-04-11,722,N20,VIIRS,l,2,303.22,5.13,D,0
19.09798,79.9615,343.33,0.58,0.52,2023-04-11,722,N20,VIIRS,n,2,303.22,5.13,D,0
19.09927,78.57278,333.63,0.35,0.57,2023-04-11,722,N20,VIIRS,l,2,304.39,2.94,D,0
19.09953,78.6001,336.48,0.35,0.57,2023-04-11,722,N20,VIIRS,n,2,305.77,1.83,D,0
19.10466,78.59888,337.19,0.35,0.57,2023-04-11,722,N20,VIIRS,n,2,305.79,2.62,D,0
19.11442,79.17918,332.15,0.32,0.55,2023-04-11,722,N20,VIIRS,l,2,305.35,4.18,D,0
19.13006,78.6441,333.32,0.35,0.57,2023-04-11,722,N20,VIIRS,l,2,305.49,3.25,D,0
19.13583,78.64613,339.86,0.35,0.57,2023-04-11,722,N20,VIIRS,n,2,306.24,3.57,D,0
19.13842,78.55347,334.21,0.36,0.57,2023-04-11,722,N20,VIIRS,l,2,304.55,2.39,D,0
19.13906,78.55664,331.98,0.36,0.57,2023-04-11,722,N20,VIIRS,l,2,305.43,2.39,D,0
19.13968,78.55307,332.86,0.35,0.57,2023-04-11,722,N20,VIIRS,l,2,304.68,3.82,D,0
19.14983,80.17037,332.91,0.56,0.51,2023-04-11,722,N20,VIIRS,l,2,305.32,3.85,D,0
19.15575,78.92463,332.03,0.34,0.56,2023-04-11,722,N20,VIIRS,l,2,305.0,1.69,D,0
19.15638,78.92773,334.13,0.34,0.56,2023-04-11,722,N20,VIIRS,l,2,305.34,1.69,D,0
19.15701,78.93078,335.77,0.34,0.56,2023-04-11,722,N20,VIIRS,l,2,306.49,2.64,D,0
19.15738,78.27372,337.62,0.37,0.58,2023-04-11,722,N20,VIIRS,n,2,304.67,3.32,D,0
19.16147,78.92688,355.37,0.34,0.56,2023-04-11,722,N20,VIIRS,n,2,305.24,5.91,D,0
19.1621,78.92998,344.02,0.34,0.56,2023-04-11,722,N20,VIIRS,n,2,306.03,3.51,D,0
19.16271,78.93295,338.89,0.34,0.56,2023-04-11,722,N20,VIIRS,n,2,305.9,3.51,D,0
19.16397,78.65283,332.39,0.35,0.57,2023-04-11,722,N20,VIIRS,l,2,306.36,2.77,D,0
19.16593,78.65218,332.82,0.35,0.57,2023-04-11,722,N20,VIIRS,l,2,305.85,3.69,D,0
19.16691,78.87622,332.44,0.34,0.56,2023-04-11,722,N20,VIIRS,l,2,305.05,2.3,D,0
19.16842,80.16637,351.78,0.56,0.51,2023-04-11,722,N20,VIIRS,n,2,306.5,7.95,D,0
19.16883,78.88567,341.88,0.34,0.56,2023-04-11,722,N20,VIIRS,n,2,305.64,4.74,D,0
19.17135,80.31922,330.51,0.54,0.51,2023-04-11,722,N20,VIIRS,l,2,303.14,6.68,D,0
19.17322,80.31138,337.83,0.54,0.51,2023-04-11,722,N20,VIIRS,n,2,302.31,5.67,D,0
19.17416,80.31609,333.89,0.54,0.51,2023-04-11,722,N20,VIIRS,n,2,303.24,5.67,D,0
19.17502,80.31335,341.23,0.55,0.51,2023-04-11,722,N20,VIIRS,n,2,303.11,8.47,D,0
19.17707,80.33064,342.59,0.54,0.51,2023-04-11,722,N20,VIIRS,n,2,304.76,4.27,D,0
19.17781,80.32789,342.7,0.54,0.51,2023-04-11,722,N20,VIIRS,n,2,304.29,8.81,D,0
19.18688,80.30763,346.98,0.54,0.51,2023-04-11,722,N20,VIIRS,n,2,302.16,9.92,D,0
19.18799,79.03094,331.32,0.33,0.55,2023-04-11,722,N20,VIIRS,l,2,302.86,2.07,D,0
19.19155,80.52313,332.32,0.53,0.5,2023-04-11,722,N20,VIIRS,l,2,303.74,4.33,D,0
19.19332,80.36409,345.35,0.54,0.51,2023-04-11,722,N20,VIIRS,n,2,307.51,7.95,D,0
19.19789,80.36306,343.4,0.54,0.51,2023-04-11,722,N20,VIIRS,n,2,307.59,7.95,D,0
19.20066,80.64378,343.02,0.52,0.5,2023-04-11,722,N20,VIIRS,n,2,304.91,6.4,D,0
19.20482,80.51753,331.62,0.53,0.5,2023-04-11,722,N20,VIIRS,l,2,305.22,5.39,D,0
19.21485,78.90487,332.25,0.34,0.56,2023-04-11,722,N20,VIIRS,l,2,304.98,1.27,D,0
19.217,80.4113,331.15,0.54,0.51,2023-04-11,722,N20,VIIRS,l,2,306.15,2.3,D,0
19.21854,78.90356,331.46,0.34,0.56,2023-04-11,722,N20,VIIRS,l,2,305.08,1.87,D,0
19.22867,80.32492,339.01,0.54,0.51,2023-04-11,722,N20,VIIRS,n,2,307.81,4.28,D,0
19.22965,80.32996,334.48,0.54,0.51,2023-04-11,722,N20,VIIRS,l,2,307.03,3.32,D,0
19.23063,80.33498,335.06,0.54,0.51,2023-04-11,722,N20,VIIRS,l,2,307.03,3.32,D,0
19.23559,79.85689,331.21,0.58,0.52,2023-04-11,722,N20,VIIRS,l,2,304.88,3.47,D,0
19.25245,80.17517,343.32,0.55,0.51,2023-04-11,722,N20,VIIRS,n,2,310.73,9.43,D,0
19.25587,80.17799,340.03,0.55,0.51,2023-04-11,722,N20,VIIRS,n,2,308.11,4.95,D,0
19.26698,80.37431,331.67,0.54,0.51,2023-04-11,722,N20,VIIRS,l,2,306.01,2.01,D,0
19.27016,80.41534,337.96,0.53,0.5,2023-04-11,722,N20,VIIRS,n,2,307.75,2.41,D,0
19.27034,80.20198,335.99,0.55,0.51,2023-04-11,722,N20,VIIRS,n,2,304.74,5.02,D,0
19.2707,80.46705,345.77,0.53,0.5,2023-04-11,722,N20,VIIRS,n,2,306.81,5.47,D,0
19.27525,80.46607,343.27,0.53,0.5,2023-04-11,722,N20,VIIRS,n,2,308.58,5.47,D,0
19.30793,78.55344,339.65,0.35,0.57,2023-04-11,722,N20,VIIRS,n,2,306.46,4.92,D,0
19.33489,80.11229,334.49,0.56,0.51,2023-04-11,722,N20,VIIRS,n,2,305.69,6.26,D,0
19.33588,80.1174,355.69,0.56,0.51,2023-04-11,722,N20,VIIRS,n,2,307.74,23.89,D,0
19.33769,80.11469,354.53,0.56,0.51,2023-04-11,722,N20,VIIRS,n,2,307.03,26.62,D,0
19.33872,80.1198,335.76,0.56,0.51,2023-04-11,722,N20,VIIRS,n,2,301.98,13.95,D,0
19.34316,81.20055,341.01,0.48,0.48,2023-04-11,722,N20,VIIRS,n,2,302.39,4.45,D,0
19.34414,81.20165,338.58,0.47,0.48,2023-04-11,722,N20,VIIRS,n,2,302.5,5.38,D,0
19.3676,80.84942,345.19,0.5,0.49,2023-04-11,722,N20,VIIRS,n,2,305.89,8.31,D,0
19.37862,81.07524,330.93,0.48,0.48,2023-04-11,722,N20,VIIRS,n,2,300.64,2.48,D,0
19.38461,77.39264,342.11,0.42,0.61,2023-04-11,722,N20,VIIRS,n,2,306.07,3.76,D,0
19.3912,80.40279,330.71,0.53,0.5,2023-04-11,722,N20,VIIRS,l,2,304.64,2.71,D,0
19.41302,80.3225,330.88,0.54,0.51,2023-04-11,722,N20,VIIRS,l,2,305.21,3.16,D,0
19.41935,80.37838,333.01,0.53,0.5,2023-04-11,722,N20,VIIRS,l,2,304.87,1.78,D,0
19.42466,80.02798,341.18,0.56,0.52,2023-04-11,722,N20,VIIRS,n,2,307.69,4.07,D,0
19.4334,80.20717,333.38,0.55,0.51,2023-04-11,722,N20,VIIRS,l,2,305.0,3.34,D,0
19.44376,79.88019,367.0,0.57,0.52,2023-04-11,722,N20,VIIRS,h,2,305.43,22.45,D,0
19.44806,80.33076,334.69,0.54,0.51,2023-04-11,722,N20,VIIRS,l,2,305.83,4.32,D,0
19.45264,80.3298,330.74,0.54,0.51,2023-04-11,722,N20,VIIRS,l,2,305.24,3.31,D,0
19.48786,78.13711,337.79,0.37,0.58,2023-04-11,722,N20,VIIRS,n,2,306.97,3.98,D,0
19.48864,78.13678,336.71,0.37,0.58,2023-04-11,722,N20,VIIRS,l,2,307.01,4.75,D,0
19.51103,80.50826,330.21,0.52,0.5,2023-04-11,722,N20,VIIRS,l,2,303.54,3.08,D,0
19.51679,80.44019,334.01,0.53,0.5,2023-04-11,722,N20,VIIRS,n,2,303.29,4.66,D,0
19.51688,80.4381,335.42,0.53,0.5,2023-04-11,722,N20,VIIRS,n,2,302.83,4.3,D,0
19.51696,80.10114,335.29,0.55,0.51,2023-04-11,722,N20,VIIRS,l,2,306.06,7.28,D,0
19.51872,80.37601,332.69,0.53,0.5,2023-04-11,722,N20,VIIRS,l,2,304.21,3.2,D,0
19.52369,80.11075,334.27,0.55,0.51,2023-04-11,722,N20,VIIRS,n,2,304.17,7.05,D,0
19.52832,80.10972,338.22,0.55,0.51,2023-04-11,722,N20,VIIRS,n,2,304.47,11.05,D,0
19.52934,80.1149,341.89,0.55,0.51,2023-04-11,722,N20,VIIRS,n,2,304.67,7.87,D,0
19.53395,80.11379,342.28,0.55,0.51,2023-04-11,722,N20,VIIRS,n,2,306.53,7.87,D,0
19.53746,81.04914,367.0,0.48,0.48,2023-04-11,722,N20,VIIRS,l,2,334.43,171.45,D,0
19.53754,80.10747,343.07,0.55,0.51,2023-04-11,722,N20,VIIRS,n,2,306.72,6.52,D,0
19.53818,80.45005,336.7,0.53,0.5,2023-04-11,722,N20,VIIRS,n,2,305.03,5.35,D,0
19.5383,81.05344,342.53,0.48,0.48,2023-04-11,722,N20,VIIRS,n,2,301.3,171.45,D,0
19.54449,81.06193,342.28,0.48,0.48,2023-04-11,722,N20,VIIRS,n,2,302.72,190.97,D,0
19.54625,80.04145,332.79,0.56,0.51,2023-04-11,722,N20,VIIRS,l,2,306.83,2.69,D,0
19.54636,80.51508,333.33,0.52,0.5,2023-04-11,722,N20,VIIRS,n,2,303.23,7.28,D,0
19.54944,80.04447,334.93,0.56,0.51,2023-04-11,722,N20,VIIRS,l,2,305.71,5.48,D,0
19.54984,80.0352,333.09,0.56,0.51,2023-04-11,722,N20,VIIRS,l,2,305.82,2.69,D,0
19.55206,80.03297,337.27,0.56,0.51,2023-04-11,722,N20,VIIRS,n,2,306.18,6.04,D,0
19.57228,80.12246,336.24,0.55,0.51,2023-04-11,722,N20,VIIRS,n,2,305.84,8.52,D,0
19.57401,79.98608,337.13,0.56,0.52,2023-04-11,722,N20,VIIRS,n,2,305.56,5.71,D,0
19.57486,80.12569,344.29,0.55,0.51,2023-04-11,722,N20,VIIRS,n,2,305.58,10.08,D,0
19.57795,80.12664,333.99,0.55,0.51,2023-04-11,722,N20,VIIRS,l,2,305.18,9.38,D,0
19.57833,80.16851,332.35,0.55,0.51,2023-04-11,722,N20,VIIRS,l,2,302.91,6.2,D,0
19.58068,80.16423,342.94,0.55,0.51,2023-04-11,722,N20,VIIRS,n,2,304.85,6.31,D,0
19.601,80.02396,335.04,0.56,0.51,2023-04-11,722,N20,VIIRS,l,2,308.36,3.71,D,0
19.61397,80.1623,332.12,0.55,0.51,2023-04-11,722,N20,VIIRS,l,2,303.68,4.22,D,0
19.61704,79.9327,333.85,0.57,0.52,2023-04-11,722,N20,VIIRS,l,2,304.88,3.46,D,0
19.61964,79.92111,334.43,0.57,0.52,2023-04-11,722,N20,VIIRS,n,2,303.14,4.37,D,0
19.62068,79.92639,336.92,0.57,0.52,2023-04-11,722,N20,VIIRS,n,2,303.75,4.37,D,0
19.62569,78.42981,341.26,0.35,0.57,2023-04-11,722,N20,VIIRS,n,2,309.31,4.68,D,0
19.63662,80.25246,333.06,0.54,0.51,2023-04-11,722,N20,VIIRS,l,2,305.85,3.37,D,0
19.63791,79.88956,344.35,0.57,0.52,2023-04-11,722,N20,VIIRS,n,2,307.69,19.01,D,0
19.63915,79.88769,341.15,0.57,0.52,2023-04-11,722,N20,VIIRS,n,2,307.21,9.78,D,0
19.64023,79.89301,341.57,0.57,0.52,2023-04-11,722,N20,VIIRS,n,2,306.3,9.78,D,0
19.64515,79.9415,337.66,0.56,0.52,2023-04-11,722,N20,VIIRS,n,2,306.36,6.48,D,0
19.6477,80.38062,330.63,0.53,0.5,2023-04-11,722,N20,VIIRS,l,2,304.5,4.71,D,0
19.6482,79.94247,331.48,0.56,0.52,2023-04-11,722,N20,VIIRS,l,2,305.09,7.94,D,0
19.65224,80.37962,336.0,0.53,0.5,2023-04-11,722,N20,VIIRS,n,2,303.24,5.45,D,0
19.65322,80.3846,333.61,0.53,0.5,2023-04-11,722,N20,VIIRS,n,2,304.76,3.79,D,0
19.6542,80.38956,334.05,0.53,0.5,2023-04-11,722,N20,VIIRS,n,2,304.68,3.79,D,0
19.66272,80.05238,336.0,0.55,0.51,2023-04-11,722,N20,VIIRS,l,2,306.92,5.05,D,0
19.67429,80.10973,330.6,0.55,0.51,2023-04-11,722,N20,VIIRS,l,2,302.55,5.31,D,0
19.67787,80.10354,331.72,0.55,0.51,2023-04-11,722,N20,VIIRS,n,2,302.0,2.72,D,0
19.68144,80.09732,332.95,0.55,0.51,2023-04-11,722,N20,VIIRS,l,2,304.16,2.72,D,0
19.68248,80.1025,331.44,0.55,0.51,2023-04-11,722,N20,VIIRS,l,2,303.99,2.72,D,0
19.68605,80.09629,335.47,0.55,0.51,2023-04-11,722,N20,VIIRS,n,2,304.19,6.37,D,0
19.69044,80.38132,334.44,0.53,0.5,2023-04-11,722,N20,VIIRS,l,2,305.33,5.74,D,0
19.69757,80.65733,339.88,0.51,0.49,2023-04-11,722,N20,VIIRS,n,2,305.27,5.74,D,0
19.70292,80.66095,340.4,0.51,0.49,2023-04-11,722,N20,VIIRS,n,2,304.54,5.74,D,0
19.70363,80.73534,355.79,0.5,0.49,2023-04-11,722,N20,VIIRS,n,2,309.07,11.53,D,0
19.7074,80.63634,340.88,0.51,0.49,2023-04-11,722,N20,VIIRS,n,2,304.14,8.64,D,0
19.70807,80.73444,335.32,0.5,0.49,2023-04-11,722,N20,VIIRS,l,2,305.89,11.53,D,0
19.71114,80.19756,342.83,0.54,0.51,2023-04-11,722,N20,VIIRS,n,2,306.69,6.84,D,0
19.71279,80.66388,332.73,0.51,0.49,2023-04-11,722,N20,VIIRS,l,2,304.66,4.36,D,0
19.71728,79.98582,334.46,0.56,0.51,2023-04-11,722,N20,VIIRS,l,2,305.86,5.72,D,0
19.71836,80.089,334.97,0.55,0.51,2023-04-11,722,N20,VIIRS,n,2,303.19,8.2,D,0
19.71939,80.0942,345.64,0.55,0.51,2023-04-11,722,N20,VIIRS,n,2,304.2,8.2,D,0
19.72042,80.09939,336.16,0.55,0.51,2023-04-11,722,N20,VIIRS,n,2,304.85,3.46,D,0
19.72401,80.09319,330.67,0.55,0.51,2023-04-11,722,N20,VIIRS,l,2,303.7,7.99,D,0
19.72504,80.09837,349.85,0.55,0.51,2023-04-11,722,N20,VIIRS,n,2,306.15,7.95,D,0
19.73033,80.46549,334.32,0.52,0.5,2023-04-11,722,N20,VIIRS,n,2,302.77,5.5,D,0
19.73068,80.10253,342.52,0.55,0.51,2023-04-11,722,N20,VIIRS,n,2,305.08,7.95,D,0
19.73103,80.4631,342.14,0.52,0.5,2023-04-11,722,N20,VIIRS,n,2,304.43,6.27,D,0
19.73125,80.73479,346.29,0.5,0.49,2023-04-11,722,N20,VIIRS,n,2,305.39,7.32,D,0
19.73316,80.74461,332.29,0.5,0.49,2023-04-11,722,N20,VIIRS,l,2,304.52,4.66,D,0
19.73388,80.45952,333.42,0.52,0.5,2023-04-11,722,N20,VIIRS,l,2,304.4,4.57,D,0
19.73463,80.1711,334.11,0.54,0.51,2023-04-11,722,N20,VIIRS,l,2,306.53,2.44,D,0
19.73537,80.00379,336.42,0.56,0.51,2023-04-11,722,N20,VIIRS,n,2,303.1,6.56,D,0
19.73839,80.45851,334.12,0.52,0.5,2023-04-11,722,N20,VIIRS,l,2,304.38,4.57,D,0
19.73903,79.99773,342.28,0.56,0.51,2023-04-11,722,N20,VIIRS,n,2,305.55,6.56,D,0
19.73904,80.4561,330.63,0.52,0.5,2023-04-11,722,N20,VIIRS,l,2,303.28,2.82,D,0
19.73965,80.19646,341.36,0.54,0.51,2023-04-11,722,N20,VIIRS,n,2,305.86,4.82,D,0
19.74041,80.48649,332.76,0.52,0.5,2023-04-11,722,N20,VIIRS,l,2,303.95,4.73,D,0
19.74055,80.03015,344.54,0.55,0.51,2023-04-11,722,N20,VIIRS,n,2,303.26,5.77,D,0
19.74105,80.46615,338.38,0.52,0.5,2023-04-11,722,N20,VIIRS,n,2,304.16,5.5,D,0
19.74224,79.53883,367.0,0.6,0.53,2023-04-11,722,N20,VIIRS,h,2,306.95,19.7,D,0
19.74423,80.19543,339.08,0.54,0.51,2023-04-11,722,N20,VIIRS,n,2,307.06,4.24,D,0
19.7452,80.02917,332.62,0.55,0.51,2023-04-11,722,N20,VIIRS,l,2,303.34,5.77,D,0
19.7452,80.71143,337.73,0.5,0.49,2023-04-11,722,N20,VIIRS,l,2,309.12,8.84,D,0
19.74591,79.53218,337.45,0.6,0.53,2023-04-11,722,N20,VIIRS,n,2,305.93,30.67,D,0
19.74614,80.7163,332.83,0.5,0.49,2023-04-11,722,N20,VIIRS,l,2,306.86,3.71,D,0
19.74702,79.53773,343.08,0.6,0.53,2023-04-11,722,N20,VIIRS,n,2,298.35,19.7,D,0
19.74879,80.02283,338.94,0.55,0.51,2023-04-11,722,N20,VIIRS,n,2,304.24,8.78,D,0
19.74923,79.54881,343.01,0.6,0.53,2023-04-11,722,N20,VIIRS,n,2,291.85,9.13,D,0
19.74982,80.0281,349.53,0.55,0.51,2023-04-11,722,N20,VIIRS,n,2,304.52,7.98,D,0
19.75085,80.03334,331.01,0.55,0.51,2023-04-11,722,N20,VIIRS,l,2,304.88,7.98,D,0
19.75175,80.32993,331.8,0.53,0.5,2023-04-11,722,N20,VIIRS,l,2,305.04,5.13,D,0
19.75177,80.02501,331.32,0.55,0.51,2023-04-11,722,N20,VIIRS,l,2,304.29,7.96,D,0
19.75283,80.03024,335.61,0.55,0.51,2023-04-11,722,N20,VIIRS,n,2,305.09,3.7,D,0
19.75474,80.66489,335.42,0.5,0.49,2023-04-11,722,N20,VIIRS,n,2,304.24,3.25,D,0
19.75565,80.66962,332.05,0.5,0.49,2023-04-11,722,N20,VIIRS,l,2,304.48,3.25,D,0
19.75612,79.96105,339.89,0.56,0.51,2023-04-11,722,N20,VIIRS,n,2,306.91,3.77,D,0
19.75763,79.95821,335.08,0.56,0.51,2023-04-11,722,N20,VIIRS,l,2,306.49,1.79,D,0
19.75806,80.02074,332.72,0.55,0.51,2023-04-11,722,N20,VIIRS,l,2,305.49,2.65,D,0
19.77153,80.45389,332.39,0.52,0.5,2023-04-11,722,N20,VIIRS,l,2,305.54,2.64,D,0
19.78837,80.03856,335.61,0.55,0.51,2023-04-11,722,N20,VIIRS,n,2,305.54,5.17,D,0
19.78885,80.01685,333.64,0.55,0.51,2023-04-11,722,N20,VIIRS,l,2,305.73,2.01,D,0
19.79687,79.91125,331.68,0.56,0.52,2023-04-11,722,N20,VIIRS,l,2,305.97,6.63,D,0
19.79829,80.2074,331.35,0.54,0.51,2023-04-11,722,N20,VIIRS,l,2,303.88,4.8,D,0
19.79863,80.20475,333.34,0.54,0.51,2023-04-11,722,N20,VIIRS,n,2,301.56,9.92,D,0
19.80351,78.63544,338.61,0.34,0.56,2023-04-11,722,N20,VIIRS,l,2,311.48,11.73,D,0
19.80983,79.90289,335.7,0.56,0.52,2023-04-11,722,N20,VIIRS,n,2,305.55,7.82,D,0
19.8151,78.23937,344.8,0.36,0.57,2023-04-11,722,N20,VIIRS,n,2,310.06,10.47,D,0
19.81701,79.24092,338.46,0.62,0.54,2023-04-11,722,N20,VIIRS,l,2,311.15,8.03,D,0
19.82575,80.36768,342.8,0.53,0.5,2023-04-11,722,N20,VIIRS,n,2,305.97,9.71,D,0
19.82593,80.37051,367.0,0.53,0.5,2023-04-11,722,N20,VIIRS,h,2,306.12,13.09,D,0
19.82674,80.37257,342.18,0.52,0.5,2023-04-11,722,N20,VIIRS,n,2,304.91,7.91,D,0
19.82731,80.18524,332.44,0.54,0.51,2023-04-11,722,N20,VIIRS,l,2,304.94,5.0,D,0
19.83056,77.75263,336.74,0.39,0.59,2023-04-11,722,N20,VIIRS,l,2,307.18,7.66,D,0
19.8319,80.18424,334.18,0.54,0.51,2023-04-11,722,N20,VIIRS,l,2,304.2,4.86,D,0
19.83312,77.75147,339.4,0.39,0.59,2023-04-11,722,N20,VIIRS,n,2,307.2,5.82,D,0
19.84714,80.21288,336.26,0.54,0.51,2023-04-11,722,N20,VIIRS,n,2,300.74,4.43,D,0
19.85627,80.21082,336.94,0.54,0.51,2023-04-11,722,N20,VIIRS,n,2,302.17,6.45,D,0
19.86084,80.20979,346.44,0.54,0.51,2023-04-11,722,N20,VIIRS,n,2,303.82,6.45,D,0
19.86181,80.21475,344.57,0.54,0.51,2023-04-11,722,N20,VIIRS,n,2,302.89,6.45,D,0
19.86541,80.20879,367.0,0.54,0.51,2023-04-11,722,N20,VIIRS,h,2,303.99,11.31,D,0
19.86638,80.21372,342.86,0.54,0.51,2023-04-11,722,N20,VIIRS,n,2,302.88,11.31,D,0
19.87125,81.10239,334.42,0.47,0.48,2023-04-11,722,N20,VIIRS,n,2,304.23,3.93,D,0
19.8759,80.58187,341.7,0.51,0.49,2023-04-11,722,N20,VIIRS,n,2,307.51,4.26,D,0
19.87724,80.57859,341.08,0.51,0.49,2023-04-11,722,N20,VIIRS,n,2,307.51,5.1,D,0
19.87915,80.1134,340.22,0.54,0.51,2023-04-11,722,N20,VIIRS,n,2,301.04,6.15,D,0
19.88055,80.11514,336.51,0.54,0.51,2023-04-11,722,N20,VIIRS,n,2,301.22,4.56,D,0
19.88198,79.66674,345.91,0.58,0.52,2023-04-11,722,N20,VIIRS,n,2,308.9,7.78,D,0
19.89328,80.04038,345.33,0.55,0.51,2023-04-11,722,N20,VIIRS,n,2,307.85,6.73,D,0
19.89614,80.17371,336.53,0.54,0.51,2023-04-11,722,N20,VIIRS,n,2,303.16,7.62,D,0
19.90549,80.99966,336.61,0.48,0.48,2023-04-11,722,N20,VIIRS,n,2,306.41,3.2,D,0
19.90651,79.96165,342.15,0.56,0.51,2023-04-11,722,N20,VIIRS,n,2,305.56,1.86,D,0
19.91306,81.38579,333.34,0.45,0.47,2023-04-11,722,N20,VIIRS,l,2,307.25,2.98,D,0
19.91808,80.76157,334.68,0.49,0.49,2023-04-11,722,N20,VIIRS,l,2,306.37,5.43,D,0
19.9243,80.76984,334.29,0.49,0.49,2023-04-11,722,N20,VIIRS,l,2,305.79,3.75,D,0
19.94753,79.38085,348.58,0.6,0.53,2023-04-11,722,N20,VIIRS,n,2,304.27,9.5,D,0
19.95823,80.10094,341.27,0.54,0.51,2023-04-11,722,N20,VIIRS,n,2,307.14,5.42,D,0
19.98257,80.39278,335.33,0.52,0.5,2023-04-11,722,N20,VIIRS,n,2,301.8,6.3,D,0
19.98372,80.20628,331.85,0.53,0.5,2023-04-11,722,N20,VIIRS,l,2,303.8,3.38,D,0
19.98706,80.24758,338.01,0.53,0.5,2023-04-11,722,N20,VIIRS,n,2,303.16,3.99,D,0
15.73616,77.57385,345.12,0.78,0.78,2023-04-11,901,N20,VIIRS,n,2,306.99,10.69,D,0
19.54671,77.09921,331.51,0.79,0.78,2023-04-11,902,N20,VIIRS,n,2,300.75,5.12,D,0
19.86563,81.10085,306.18,0.4,0.44,2023-04-11,1951,N20,VIIRS,n,2,293.95,1.82,N,0
19.86588,81.10172,306.03,0.4,0.44,2023-04-11,1951,N20,VIIRS,n,2,294.34,1.99,N,0
19.86928,81.10484,307.8,0.4,0.44,2023-04-11,1951,N20,VIIRS,n,2,295.8,2.59,N,0
19.86952,81.10566,307.38,0.4,0.44,2023-04-11,1951,N20,VIIRS,n,2,295.65,2.4,N,0
19.87706,81.27505,314.2,0.39,0.44,2023-04-11,1951,N20,VIIRS,n,2,294.0,2.35,N,0
19.89002,80.18186,308.04,0.46,0.47,2023-04-11,1951,N20,VIIRS,n,2,294.61,2.14,N,0
19.89054,80.17744,314.44,0.46,0.47,2023-04-11,1951,N20,VIIRS,n,2,295.14,2.65,N,0
19.91365,80.77438,310.02,0.42,0.45,2023-04-11,1951,N20,VIIRS,n,2,295.53,2.77,N,0
16.4155,80.39126,308.16,0.4,0.44,2023-04-11,1952,N20,VIIRS,n,2,294.47,0.86,N,0
16.74623,77.16278,329.43,0.33,0.55,2023-04-11,1952,N20,VIIRS,n,2,296.89,2.79,N,0
16.87064,80.02166,309.1,0.43,0.46,2023-04-11,1952,N20,VIIRS,n,2,298.73,1.47,N,2
17.07955,78.09739,307.39,0.58,0.52,2023-04-11,1952,N20,VIIRS,n,2,291.71,1.41,N,0
17.08019,78.09196,309.05,0.58,0.52,2023-04-11,1952,N20,VIIRS,n,2,291.53,1.66,N,0
17.13961,77.18387,307.07,0.33,0.55,2023-04-11,1952,N20,VIIRS,n,2,295.95,1.17,N,0
17.14065,77.17447,306.45,0.33,0.55,2023-04-11,1952,N20,VIIRS,n,2,296.34,1.28,N,2
17.31756,80.56075,306.91,0.4,0.44,2023-04-11,1952,N20,VIIRS,n,2,296.26,1.98,N,0
17.46281,80.6544,308.24,0.4,0.44,2023-04-11,1952,N20,VIIRS,n,2,297.61,1.98,N,0
17.4725,80.47903,314.78,0.41,0.45,2023-04-11,1952,N20,VIIRS,n,2,297.59,2.65,N,0
17.47345,80.47964,321.57,0.41,0.45,2023-04-11,1952,N20,VIIRS,n,2,297.54,3.08,N,0
17.48158,80.47342,317.58,0.41,0.45,2023-04-11,1952,N20,VIIRS,n,2,296.72,3.21,N,0
17.48617,80.47024,314.94,0.41,0.45,2023-04-11,1952,N20,VIIRS,n,2,296.68,2.91,N,0
17.49121,80.81696,306.46,0.39,0.44,2023-04-11,1952,N20,VIIRS,n,2,294.44,0.79,N,0
17.49451,80.47049,309.15,0.41,0.45,2023-04-11,1952,N20,VIIRS,n,2,297.81,2.42,N,0
17.56418,77.93616,302.4,0.6,0.53,2023-04-11,1952,N20,VIIRS,n,2,291.09,0.22,N,0
17.9572,80.80229,311.46,0.4,0.44,2023-04-11,1952,N20,VIIRS,n,2,296.65,1.81,N,0
18.42401,78.02074,306.92,0.61,0.53,2023-04-11,1952,N20,VIIRS,n,2,292.17,1.89,N,0
18.42499,79.9746,309.0,0.45,0.47,2023-04-11,1952,N20,VIIRS,n,2,294.96,2.92,N,0
18.45925,80.56605,308.04,0.42,0.45,2023-04-11,1952,N20,VIIRS,n,2,295.22,0.7,N,0
18.556,80.20421,317.22,0.44,0.46,2023-04-11,1952,N20,VIIRS,n,2,293.73,1.07,N,0
18.72412,79.5361,309.98,0.49,0.48,2023-04-11,1952,N20,VIIRS,n,2,295.66,6.0,N,2
18.79395,80.60609,311.65,0.42,0.45,2023-04-11,1952,N20,VIIRS,n,2,295.19,2.03,N,0
18.82135,80.58997,307.37,0.42,0.45,2023-04-11,1952,N20,VIIRS,n,2,294.07,1.1,N,0
18.84667,81.10255,305.49,0.39,0.44,2023-04-11,1952,N20,VIIRS,n,2,293.09,1.54,N,0
18.96471,79.28024,310.97,0.51,0.49,2023-04-11,1952,N20,VIIRS,n,2,293.72,7.13,N,0
18.97738,80.30804,307.23,0.44,0.46,2023-04-11,1952,N20,VIIRS,n,2,294.72,1.52,N,0
19.02745,80.42437,310.19,0.43,0.46,2023-04-11,1952,N20,VIIRS,n,2,294.62,2.4,N,0
19.07944,79.17602,305.05,0.52,0.5,2023-04-11,1952,N20,VIIRS,n,2,290.83,1.45,N,0
19.13653,80.26991,308.0,0.44,0.46,2023-04-11,1952,N20,VIIRS,n,2,294.01,1.2,N,0
19.15434,80.30136,316.72,0.44,0.46,2023-04-11,1952,N20,VIIRS,n,2,294.98,2.0,N,0
19.17614,80.29997,307.78,0.44,0.46,2023-04-11,1952,N20,VIIRS,n,2,293.91,1.57,N,0
19.18519,80.29681,313.65,0.44,0.46,2023-04-11,1952,N20,VIIRS,n,2,295.03,2.11,N,0
19.1857,80.29274,312.34,0.44,0.46,2023-04-11,1952,N20,VIIRS,n,2,294.98,1.5,N,0
19.18725,80.28038,309.15,0.44,0.46,2023-04-11,1952,N20,VIIRS,n,2,294.94,1.39,N,0
19.18945,80.29739,309.23,0.44,0.46,2023-04-11,1952,N20,VIIRS,n,2,294.7,1.87,N,0
19.19049,80.28911,308.7,0.44,0.46,2023-04-11,1952,N20,VIIRS,n,2,294.84,1.57,N,0
19.19101,80.28494,309.66,0.44,0.46,2023-04-11,1952,N20,VIIRS,n,2,294.57,1.95,N,0
19.19632,80.2772,309.3,0.44,0.46,2023-04-11,1952,N20,VIIRS,n,2,295.09,1.68,N,0
19.37026,80.1493,305.51,0.45,0.47,2023-04-11,1952,N20,VIIRS,n,2,293.35,2.14,N,0
19.48684,80.14652,306.34,0.46,0.47,2023-04-11,1952,N20,VIIRS,n,2,293.99,1.31,N,0
19.48737,80.14207,308.74,0.46,0.47,2023-04-11,1952,N20,VIIRS,n,2,293.7,1.31,N,0
19.52346,80.0984,309.22,0.46,0.47,2023-04-11,1952,N20,VIIRS,n,2,295.9,2.71,N,0
19.52401,80.09389,324.26,0.46,0.47,2023-04-11,1952,N20,VIIRS,n,2,295.21,2.71,N,0
19.54458,80.10571,317.29,0.46,0.47,2023-04-11,1952,N20,VIIRS,n,2,294.29,2.36,N,0
19.55788,80.55057,307.0,0.43,0.46,2023-04-11,1952,N20,VIIRS,n,2,294.05,1.71,N,0
19.65994,80.4197,307.68,0.44,0.46,2023-04-11,1952,N20,VIIRS,n,2,295.34,3.75,N,0
19.72236,79.17345,309.28,0.53,0.5,2023-04-11,1952,N20,VIIRS,n,2,295.66,4.8,N,2
19.73804,80.66034,307.08,0.43,0.46,2023-04-11,1952,N20,VIIRS,n,2,294.25,3.46,N,0
19.74426,80.74793,309.8,0.42,0.45,2023-04-11,1952,N20,VIIRS,n,2,293.09,2.14,N,0
19.74478,80.74365,305.53,0.42,0.45,2023-04-11,1952,N20,VIIRS,n,2,293.09,2.14,N,0
19.74544,80.00256,307.78,0.47,0.48,2023-04-11,1952,N20,VIIRS,n,2,294.24,3.06,N,0
19.74599,79.99805,307.19,0.47,0.48,2023-04-11,1952,N20,VIIRS,n,2,294.11,2.5,N,0
19.76018,80.0275,312.73,0.47,0.47,2023-04-11,1952,N20,VIIRS,n,2,294.4,3.02,N,0
19.7716,80.07877,305.62,0.46,0.47,2023-04-11,1952,N20,VIIRS,n,2,293.49,1.42,N,0
19.7856,79.14639,309.75,0.53,0.5,2023-04-11,1952,N20,VIIRS,n,2,296.09,2.35,N,2
19.78667,79.14562,307.6,0.53,0.5,2023-04-11,1952,N20,VIIRS,n,2,295.14,2.38,N,2
19.78924,80.2001,318.58,0.46,0.47,2023-04-11,1952,N20,VIIRS,n,2,295.16,4.03,N,0
19.81745,79.23763,313.69,0.53,0.5,2023-04-11,1952,N20,VIIRS,n,2,295.34,4.56,N,0
19.91973,79.11346,309.81,0.54,0.51,2023-04-11,1952,N20,VIIRS,n,2,295.99,3.08,N,2
19.9599,79.09254,308.1,0.54,0.51,2023-04-11,1952,N20,VIIRS,n,2,294.5,2.41,N,0
15.81805,79.01725,309.27,0.48,0.48,2023-04-11,1953,N20,VIIRS,n,2,295.2,1.08,N,0
15.86244,77.81807,313.65,0.58,0.52,2023-04-11,1953,N20,VIIRS,n,2,292.57,1.73,N,0
15.86291,77.81609,311.64,0.58,0.52,2023-04-11,1953,N20,VIIRS,n,2,292.51,1.58,N,0
15.92696,78.89968,312.7,0.49,0.49,2023-04-11,1953,N20,VIIRS,n,2,297.05,1.4,N,0
15.93137,78.90072,307.26,0.49,0.49,2023-04-11,1953,N20,VIIRS,n,2,295.82,1.4,N,0
15.96782,80.17227,316.39,0.41,0.45,2023-04-11,1953,N20,VIIRS,n,2,295.3,1.7,N,0
16.01403,78.65971,307.44,0.51,0.49,2023-04-11,1953,N20,VIIRS,n,2,297.03,2.26,N,0
16.32672,78.69592,324.18,0.51,0.5,2023-04-11,1953,N20,VIIRS,n,2,297.51,4.04,N,0
15.51641,79.47253,333.42,0.75,0.77,2023-04-12,702,N20,VIIRS,l,2,305.15,2.05,D,0
15.85585,80.50273,331.29,0.63,0.72,2023-04-12,702,N20,VIIRS,l,2,301.71,5.43,D,0
15.86923,79.47416,335.67,0.74,0.76,2023-04-12,702,N20,VIIRS,n,2,305.61,2.12,D,0
15.90417,79.98501,333.92,0.68,0.74,2023-04-12,702,N20,VIIRS,n,2,303.81,7.43,D,0
16.04489,79.05244,338.81,0.78,0.78,2023-04-12,702,N20,VIIRS,n,2,302.52,8.94,D,0
16.04688,79.05083,355.36,0.78,0.78,2023-04-12,702,N20,VIIRS,n,2,304.31,14.97,D,0
16.05196,79.05117,341.72,0.78,0.78,2023-04-12,702,N20,VIIRS,n,2,302.65,8.94,D,0
16.14937,80.20831,337.75,0.65,0.73,2023-04-12,702,N20,VIIRS,n,2,304.02,5.02,D,0
16.34837,80.58731,332.64,0.61,0.71,2023-04-12,702,N20,VIIRS,l,2,304.42,6.23,D,0
16.44281,80.25291,331.17,0.64,0.72,2023-04-12,702,N20,VIIRS,l,2,304.51,4.95,D,0
16.46578,80.78933,346.63,0.59,0.7,2023-04-12,702,N20,VIIRS,n,2,304.51,11.59,D,0
16.46798,80.78786,345.1,0.59,0.7,2023-04-12,702,N20,VIIRS,n,2,304.71,10.17,D,0
16.48352,79.54478,334.05,0.71,0.75,2023-04-12,702,N20,VIIRS,n,2,301.55,7.36,D,0
16.50216,80.95871,330.11,0.57,0.69,2023-04-12,702,N20,VIIRS,n,2,300.1,5.39,D,0
16.50542,80.9568,330.69,0.57,0.69,2023-04-12,702,N20,VIIRS,n,2,299.5,6.42,D,0
17.18419,79.24089,333.09,0.72,0.75,2023-04-12,702,N20,VIIRS,n,2,299.68,7.79,D,0
17.329,81.33648,337.19,0.52,0.67,2023-04-12,702,N20,VIIRS,n,2,298.75,4.18,D,0
17.32995,81.33587,338.3,0.52,0.67,2023-04-12,702,N20,VIIRS,n,2,299.26,4.73,D,0
17.45523,81.2728,333.12,0.52,0.67,2023-04-12,702,N20,VIIRS,n,2,297.87,3.11,D,0
17.55456,80.99352,339.53,0.54,0.68,2023-04-12,702,N20,VIIRS,n,2,298.69,6.13,D,0
17.70581,79.21814,338.67,0.7,0.75,2023-04-12,702,N20,VIIRS,n,2,299.22,7.67,D,0
17.70644,79.45026,330.65,0.68,0.74,2023-04-12,702,N20,VIIRS,n,2,298.75,4.51,D,0
17.77133,81.37498,332.64,0.51,0.66,2023-04-12,702,N20,VIIRS,n,2,298.2,4.04,D,0
17.77385,81.37613,344.57,0.51,0.66,2023-04-12,702,N20,VIIRS,n,2,298.67,4.59,D,0
17.82515,79.86279,331.54,0.63,0.72,2023-04-12,702,N20,VIIRS,n,2,297.69,5.21,D,0
18.33748,80.26653,331.74,0.58,0.7,2023-04-12,703,N20,VIIRS,n,2,297.36,3.88,D,0
18.41962,80.26692,330.5,0.58,0.7,2023-04-12,703,N20,VIIRS,n,2,298.24,4.64,D,0
18.42137,79.98171,340.14,0.6,0.71,2023-04-12,703,N20,VIIRS,n,2,297.15,7.54,D,0
18.4233,80.28302,340.04,0.58,0.69,2023-04-12,703,N20,VIIRS,n,2,297.78,7.34,D,0
18.42454,80.28844,330.77,0.58,0.69,2023-04-12,703,N20,VIIRS,n,2,296.85,4.67,D,0
18.42723,80.28429,339.82,0.58,0.7,2023-04-12,703,N20,VIIRS,n,2,297.69,7.67,D,0
18.46598,80.51897,330.47,0.56,0.69,2023-04-12,703,N20,VIIRS,n,2,299.35,2.19,D,0
18.51005,79.92281,331.47,0.61,0.71,2023-04-12,703,N20,VIIRS,n,2,297.75,4.35,D,0
18.65484,79.75387,332.06,0.62,0.71,2023-04-12,703,N20,VIIRS,n,2,295.8,4.22,D,0
18.6689,79.75611,367.0,0.62,0.71,2023-04-12,703,N20,VIIRS,h,2,296.41,16.84,D,0
18.67072,80.5215,340.82,0.55,0.68,2023-04-12,703,N20,VIIRS,n,2,298.79,4.53,D,0
18.67259,80.38311,336.87,0.56,0.69,2023-04-12,703,N20,VIIRS,n,2,299.18,6.37,D,0
18.67702,80.38463,342.05,0.56,0.69,2023-04-12,703,N20,VIIRS,n,2,298.57,8.83,D,0
18.75507,80.32515,330.55,0.56,0.69,2023-04-12,703,N20,VIIRS,n,2,298.29,3.85,D,0
18.75944,80.3256,346.58,0.56,0.69,2023-04-12,703,N20,VIIRS,n,2,298.5,8.47,D,0
18.76132,80.32384,332.84,0.56,0.69,2023-04-12,703,N20,VIIRS,n,2,298.17,4.85,D,0
18.76243,80.3289,335.74,0.56,0.69,2023-04-12,703,N20,VIIRS,n,2,297.6,4.85,D,0
18.76679,80.32915,341.51,0.56,0.69,2023-04-12,703,N20,VIIRS,n,2,297.98,5.94,D,0
18.77406,78.47259,330.46,0.74,0.76,2023-04-12,703,N20,VIIRS,n,2,297.5,7.11,D,0
18.8385,80.2254,334.12,0.57,0.69,2023-04-12,703,N20,VIIRS,n,2,299.45,5.05,D,0
18.83971,80.23067,343.17,0.57,0.69,2023-04-12,703,N20,VIIRS,n,2,299.37,10.36,D,0
18.84204,80.22718,343.81,0.57,0.69,2023-04-12,703,N20,VIIRS,n,2,298.95,6.97,D,0
18.84321,80.23246,334.51,0.57,0.69,2023-04-12,703,N20,VIIRS,n,2,298.18,6.97,D,0
18.84474,80.22398,330.83,0.57,0.69,2023-04-12,703,N20,VIIRS,n,2,298.24,5.05,D,0
18.95857,78.39946,342.38,0.74,0.76,2023-04-12,703,N20,VIIRS,n,2,297.21,8.75,D,0
18.9587,78.39838,344.02,0.74,0.76,2023-04-12,703,N20,VIIRS,n,2,297.71,8.98,D,0
18.96107,79.29115,367.0,0.65,0.73,2023-04-12,703,N20,VIIRS,h,2,296.6,13.8,D,0
18.9628,79.29039,367.0,0.65,0.73,2023-04-12,703,N20,VIIRS,h,2,297.25,14.94,D,0
19.07583,79.08102,335.21,0.67,0.73,2023-04-12,703,N20,VIIRS,n,2,296.28,5.0,D,0
19.08793,80.19282,331.37,0.57,0.69,2023-04-12,703,N20,VIIRS,n,2,299.33,3.14,D,0
19.13556,78.9017,332.7,0.68,0.74,2023-04-12,703,N20,VIIRS,n,2,295.98,5.34,D,0
19.14653,79.59052,332.83,0.62,0.71,2023-04-12,703,N20,VIIRS,n,2,299.31,3.57,D,0
19.23076,80.53953,342.85,0.53,0.67,2023-04-12,703,N20,VIIRS,n,2,297.66,5.0,D,0
19.23087,80.54082,346.24,0.53,0.67,2023-04-12,703,N20,VIIRS,n,2,298.04,7.56,D,0
19.41861,80.15392,331.1,0.56,0.69,2023-04-12,703,N20,VIIRS,n,2,298.26,2.58,D,0
19.44475,80.2403,332.51,0.55,0.68,2023-04-12,703,N20,VIIRS,n,2,299.14,2.75,D,0
19.47431,80.11154,331.16,0.56,0.69,2023-04-12,703,N20,VIIRS,n,2,298.17,4.23,D,0
19.4837,80.13462,350.43,0.56,0.69,2023-04-12,703,N20,VIIRS,n,2,298.24,6.1,D,0
19.48496,80.14009,331.73,0.56,0.69,2023-04-12,703,N20,VIIRS,n,2,296.9,6.1,D,0
19.48521,80.13113,333.0,0.56,0.69,2023-04-12,703,N20,VIIRS,n,2,298.0,6.38,D,0
19.48643,80.1366,350.65,0.56,0.69,2023-04-12,703,N20,VIIRS,n,2,297.93,6.38,D,0
19.48756,80.09461,336.13,0.56,0.69,2023-04-12,703,N20,VIIRS,n,2,299.03,3.78,D,0
19.53825,80.11636,336.62,0.56,0.69,2023-04-12,703,N20,VIIRS,n,2,298.25,4.72,D,0
19.557,80.05483,330.83,0.57,0.69,2023-04-12,703,N20,VIIRS,n,2,300.15,1.82,D,0
19.56427,80.12415,332.68,0.56,0.69,2023-04-12,703,N20,VIIRS,n,2,298.99,3.71,D,0
19.56626,80.1249,337.04,0.56,0.69,2023-04-12,703,N20,VIIRS,n,2,298.93,3.61,D,0
19.63824,79.97482,331.43,0.57,0.69,2023-04-12,703,N20,VIIRS,n,2,299.68,1.71,D,0
19.64766,80.37333,332.65,0.54,0.68,2023-04-12,703,N20,VIIRS,n,2,297.98,3.83,D,0
19.64798,80.37473,333.61,0.54,0.68,2023-04-12,703,N20,VIIRS,n,2,297.8,5.14,D,0
19.64986,78.47438,332.43,0.71,0.75,2023-04-12,703,N20,VIIRS,n,2,297.98,9.46,D,0
19.64993,78.48089,334.73,0.71,0.75,2023-04-12,703,N20,VIIRS,n,2,297.01,6.18,D,0
19.65583,79.92294,331.7,0.57,0.69,2023-04-12,703,N20,VIIRS,n,2,299.25,2.57,D,0
19.69688,80.73774,333.29,0.51,0.66,2023-04-12,703,N20,VIIRS,n,2,300.01,3.58,D,0
19.75746,80.09502,334.41,0.56,0.69,2023-04-12,703,N20,VIIRS,n,2,298.18,2.96,D,0
19.77755,80.26899,337.8,0.54,0.68,2023-04-12,703,N20,VIIRS,n,2,297.13,6.05,D,0
19.78052,79.80532,337.37,0.58,0.7,2023-04-12,703,N20,VIIRS,n,2,299.42,6.18,D,0
19.78534,80.16552,333.45,0.55,0.68,2023-04-12,703,N20,VIIRS,n,2,298.39,4.62,D,0
19.78612,80.16428,333.38,0.55,0.68,2023-04-12,703,N20,VIIRS,n,2,298.4,3.7,D,0
19.78676,79.80369,332.87,0.58,0.7,2023-04-12,703,N20,VIIRS,n,2,298.75,3.38,D,0
19.788,79.8091,336.03,0.58,0.7,2023-04-12,703,N20,VIIRS,n,2,298.57,3.58,D,0
19.81377,80.201,335.99,0.55,0.68,2023-04-12,703,N20,VIIRS,n,2,297.63,3.73,D,0
19.83278,80.20272,337.06,0.55,0.68,2023-04-12,703,N20,VIIRS,n,2,296.7,6.02,D,0
19.83775,80.02625,335.1,0.56,0.69,2023-04-12,703,N20,VIIRS,n,2,300.47,3.46,D,0
19.84148,80.18439,331.05,0.55,0.68,2023-04-12,703,N20,VIIRS,n,2,296.7,6.41,D,0
19.87034,80.11227,331.85,0.55,0.68,2023-04-12,703,N20,VIIRS,n,2,296.77,4.93,D,0
19.87294,80.20901,335.52,0.54,0.68,2023-04-12,703,N20,VIIRS,n,2,296.79,5.17,D,0
19.87403,80.21384,335.31,0.54,0.68,2023-04-12,703,N20,VIIRS,n,2,297.1,5.17,D,0
19.89246,80.15824,331.09,0.55,0.68,2023-04-12,703,N20,VIIRS,n,2,296.82,3.49,D,0
19.89309,80.15553,331.98,0.55,0.68,2023-04-12,703,N20,VIIRS,n,2,297.37,2.78,D,0
19.93009,81.19284,341.64,0.47,0.64,2023-04-12,703,N20,VIIRS,n,2,297.6,3.45,D,0
19.9303,81.19164,335.2,0.47,0.64,2023-04-12,703,N20,VIIRS,n,2,297.94,2.46,D,0
15.50051,78.36489,355.08,0.42,0.61,2023-04-12,842,N20,VIIRS,n,2,312.44,8.43,D,0
15.51278,79.46867,336.57,0.5,0.66,2023-04-12,842,N20,VIIRS,l,2,309.8,4.73,D,0
15.51437,79.46939,337.4,0.5,0.66,2023-04-12,842,N20,VIIRS,l,2,310.74,4.91,D,0
15.53274,78.61715,345.51,0.44,0.62,2023-04-12,842,N20,VIIRS,n,2,307.27,4.88,D,0
15.53677,78.61584,338.83,0.44,0.62,2023-04-12,842,N20,VIIRS,n,2,307.65,1.37,D,0
15.5433,78.99556,342.28,0.46,0.64,2023-04-12,842,N20,VIIRS,n,2,311.95,5.28,D,0
15.55644,78.4593,346.9,0.43,0.62,2023-04-12,842,N20,VIIRS,n,2,314.59,8.74,D,0
15.56542,78.98972,367.0,0.46,0.64,2023-04-12,842,N20,VIIRS,h,2,312.54,9.59,D,0
15.56631,78.9883,351.03,0.46,0.64,2023-04-12,842,N20,VIIRS,n,2,312.1,8.82,D,0
15.5667,78.99194,348.53,0.46,0.64,2023-04-12,842,N20,VIIRS,n,2,310.57,6.9,D,0
15.57131,78.98918,356.12,0.46,0.64,2023-04-12,842,N20,VIIRS,n,2,311.7,9.59,D,0
15.57169,78.99279,351.51,0.46,0.64,2023-04-12,842,N20,VIIRS,n,2,311.69,10.7,D,0
15.5722,78.9878,367.0,0.46,0.64,2023-04-12,842,N20,VIIRS,h,2,311.55,8.82,D,0
15.5726,78.99146,353.25,0.46,0.64,2023-04-12,842,N20,VIIRS,n,2,311.96,6.9,D,0
15.57301,78.99517,340.92,0.46,0.64,2023-04-12,842,N20,VIIRS,n,2,309.2,6.9,D,0
15.57462,79.63748,339.61,0.51,0.66,2023-04-12,842,N20,VIIRS,n,2,308.4,5.82,D,0
15.5772,78.9886,340.98,0.46,0.64,2023-04-12,842,N20,VIIRS,n,2,308.34,4.01,D,0
15.57761,78.99254,342.95,0.46,0.64,2023-04-12,842,N20,VIIRS,n,2,309.86,7.81,D,0
15.57894,78.99501,342.97,0.46,0.64,2023-04-12,842,N20,VIIRS,n,2,310.97,2.74,D,0
15.6159,79.97968,337.97,0.54,0.68,2023-04-12,842,N20,VIIRS,n,2,305.81,5.03,D,0
15.63081,78.01286,348.11,0.4,0.6,2023-04-12,842,N20,VIIRS,n,2,314.87,4.44,D,0
15.63123,78.01668,340.21,0.4,0.6,2023-04-12,842,N20,VIIRS,l,2,314.87,4.44,D,0
15.63632,78.01214,342.1,0.4,0.6,2023-04-12,842,N20,VIIRS,n,2,314.19,4.57,D,0
15.64144,78.00788,367.0,0.4,0.6,2023-04-12,842,N20,VIIRS,h,2,314.25,10.87,D,0
15.64187,78.0117,341.41,0.4,0.6,2023-04-12,842,N20,VIIRS,n,2,313.44,4.57,D,0
15.68233,78.92483,336.54,0.46,0.64,2023-04-12,842,N20,VIIRS,l,2,310.55,2.98,D,0
15.68441,77.73504,343.18,0.38,0.59,2023-04-12,842,N20,VIIRS,l,2,315.63,4.28,D,0
15.71489,78.67633,341.19,0.44,0.63,2023-04-12,842,N20,VIIRS,n,2,308.56,1.83,D,0
15.72954,78.47104,341.63,0.43,0.62,2023-04-12,842,N20,VIIRS,l,2,314.68,7.86,D,0
15.73124,78.48734,336.92,0.43,0.62,2023-04-12,842,N20,VIIRS,l,2,311.9,5.38,D,0
15.73301,78.47179,343.51,0.43,0.62,2023-04-12,842,N20,VIIRS,l,2,316.56,13.08,D,0
15.73524,78.47041,349.95,0.43,0.62,2023-04-12,842,N20,VIIRS,n,2,316.82,10.21,D,0
15.74112,77.73482,347.24,0.38,0.59,2023-04-12,842,N20,VIIRS,n,2,314.34,11.4,D,0
15.7415,77.73838,367.0,0.38,0.59,2023-04-12,842,N20,VIIRS,h,2,313.9,13.66,D,0
15.74499,77.73553,356.14,0.38,0.59,2023-04-12,842,N20,VIIRS,l,2,314.75,9.34,D,0
15.7454,77.73911,348.45,0.38,0.59,2023-04-12,842,N20,VIIRS,n,2,315.58,10.25,D,0
15.75132,77.57533,346.24,0.37,0.58,2023-04-12,842,N20,VIIRS,l,2,318.06,8.01,D,0
15.77646,77.22251,339.5,0.35,0.57,2023-04-12,842,N20,VIIRS,l,2,314.34,7.74,D,0
15.82107,80.38886,348.55,0.58,0.7,2023-04-12,842,N20,VIIRS,n,2,304.72,10.03,D,0
15.82201,80.38559,354.17,0.58,0.7,2023-04-12,842,N20,VIIRS,n,2,305.33,8.76,D,0
15.8433,78.50773,351.4,0.43,0.62,2023-04-12,842,N20,VIIRS,n,2,315.03,9.04,D,0
15.84503,78.50725,351.32,0.43,0.62,2023-04-12,842,N20,VIIRS,n,2,313.58,7.18,D,0
15.85035,78.61449,349.65,0.44,0.62,2023-04-12,842,N20,VIIRS,n,2,315.93,12.12,D,0
15.85325,79.62631,335.68,0.52,0.66,2023-04-12,842,N20,VIIRS,n,2,306.72,3.05,D,0
15.85355,79.63123,337.58,0.52,0.66,2023-04-12,842,N20,VIIRS,n,2,307.52,5.36,D,0
15.85376,79.63143,335.43,0.52,0.67,2023-04-12,842,N20,VIIRS,l,2,307.47,3.05,D,0
15.86838,79.46984,339.95,0.5,0.66,2023-04-12,842,N20,VIIRS,n,2,307.86,4.05,D,0
15.8735,79.45982,337.12,0.5,0.66,2023-04-12,842,N20,VIIRS,n,2,306.93,7.79,D,0
15.87385,78.90126,343.05,0.46,0.64,2023-04-12,842,N20,VIIRS,n,2,309.61,4.99,D,0
15.87398,79.46445,367.0,0.5,0.66,2023-04-12,842,N20,VIIRS,h,2,310.61,7.79,D,0
15.87429,78.90559,341.15,0.46,0.64,2023-04-12,842,N20,VIIRS,n,2,310.75,5.4,D,0
15.87446,79.46915,340.96,0.5,0.66,2023-04-12,842,N20,VIIRS,n,2,308.4,12.23,D,0
15.87487,78.90105,336.65,0.46,0.64,2023-04-12,842,N20,VIIRS,l,2,308.63,3.78,D,0
15.87534,78.90536,346.49,0.46,0.64,2023-04-12,842,N20,VIIRS,n,2,311.12,5.84,D,0
15.88004,79.46361,335.61,0.5,0.66,2023-04-12,842,N20,VIIRS,n,2,306.93,7.79,D,0
15.89413,78.69807,367.0,0.45,0.63,2023-04-12,842,N20,VIIRS,h,2,308.77,11.82,D,0
15.93309,78.89992,335.16,0.46,0.64,2023-04-12,842,N20,VIIRS,l,2,308.81,4.98,D,0
15.93893,78.61452,337.11,0.44,0.63,2023-04-12,842,N20,VIIRS,l,2,311.98,7.68,D,0
15.94085,77.73125,354.3,0.39,0.59,2023-04-12,842,N20,VIIRS,n,2,312.56,5.04,D,0
15.94125,77.73489,343.7,0.39,0.59,2023-04-12,842,N20,VIIRS,n,2,309.37,5.04,D,0
15.94349,78.61287,347.01,0.44,0.62,2023-04-12,842,N20,VIIRS,n,2,309.59,8.5,D,0
16.00223,79.10008,338.42,0.48,0.64,2023-04-12,842,N20,VIIRS,n,2,305.58,3.74,D,0
16.00605,79.10191,342.46,0.48,0.65,2023-04-12,842,N20,VIIRS,n,2,306.71,4.3,D,0
16.00821,80.40435,334.86,0.58,0.7,2023-04-12,842,N20,VIIRS,n,2,303.24,2.48,D,0
16.01354,80.4015,335.57,0.58,0.7,2023-04-12,842,N20,VIIRS,n,2,304.73,4.6,D,0
16.01467,80.40372,331.76,0.58,0.7,2023-04-12,842,N20,VIIRS,l,2,303.24,2.48,D,0
16.02898,80.36127,332.84,0.58,0.7,2023-04-12,842,N20,VIIRS,l,2,305.56,1.79,D,0
16.04225,79.04448,335.99,0.47,0.64,2023-04-12,842,N20,VIIRS,l,2,307.41,6.93,D,0
16.0427,79.04884,347.15,0.47,0.64,2023-04-12,842,N20,VIIRS,n,2,306.56,6.93,D,0
16.04774,79.03953,350.51,0.47,0.64,2023-04-12,842,N20,VIIRS,n,2,307.38,9.62,D,0
16.04817,79.04372,338.45,0.47,0.64,2023-04-12,842,N20,VIIRS,n,2,307.69,6.93,D,0
16.04907,79.05244,367.0,0.48,0.64,2023-04-12,842,N20,VIIRS,h,2,308.27,14.43,D,0
16.05361,79.03834,334.45,0.47,0.64,2023-04-12,842,N20,VIIRS,n,2,305.33,3.57,D,0
16.05404,79.04248,342.37,0.47,0.64,2023-04-12,842,N20,VIIRS,n,2,306.67,4.22,D,0
16.05449,79.04678,337.22,0.47,0.64,2023-04-12,842,N20,VIIRS,n,2,306.69,4.22,D,0
16.08927,77.16064,367.0,0.35,0.57,2023-04-12,842,N20,VIIRS,h,2,317.81,10.27,D,0
16.09018,78.77217,339.62,0.46,0.63,2023-04-12,842,N20,VIIRS,n,2,307.66,4.22,D,0
16.09057,78.77209,338.07,0.46,0.63,2023-04-12,842,N20,VIIRS,n,2,307.24,3.82,D,0
16.09062,78.77648,352.36,0.46,0.63,2023-04-12,842,N20,VIIRS,n,2,308.68,6.73,D,0
16.09105,78.7764,367.0,0.46,0.63,2023-04-12,842,N20,VIIRS,h,2,308.88,7.04,D,0
16.09264,78.73878,343.13,0.45,0.63,2023-04-12,842,N20,VIIRS,n,2,308.12,5.45,D,0
16.09603,78.77163,346.74,0.46,0.63,2023-04-12,842,N20,VIIRS,n,2,306.43,3.53,D,0
16.09648,78.77602,337.9,0.46,0.63,2023-04-12,842,N20,VIIRS,n,2,307.78,4.82,D,0
16.1234,78.75119,341.23,0.45,0.63,2023-04-12,842,N20,VIIRS,n,2,308.4,7.94,D,0
16.12384,78.75542,337.44,0.45,0.63,2023-04-12,842,N20,VIIRS,l,2,308.73,6.59,D,0
16.23209,79.44555,342.05,0.51,0.66,2023-04-12,842,N20,VIIRS,n,2,307.7,5.59,D,0
16.28552,79.92695,330.38,0.55,0.68,2023-04-12,842,N20,VIIRS,l,2,300.72,8.32,D,0
16.28811,79.92866,340.96,0.55,0.68,2023-04-12,842,N20,VIIRS,n,2,302.62,4.33,D,0
16.32677,80.05683,337.32,0.56,0.69,2023-04-12,842,N20,VIIRS,n,2,300.07,3.66,D,0
16.32961,80.05457,330.18,0.56,0.69,2023-04-12,842,N20,VIIRS,l,2,300.22,2.8,D,0
16.46588,80.78752,336.86,0.63,0.72,2023-04-12,842,N20,VIIRS,n,2,302.91,5.92,D,0
16.49009,80.76144,330.83,0.62,0.72,2023-04-12,842,N20,VIIRS,l,2,301.83,4.11,D,0
16.19793,77.32246,345.46,0.36,0.58,2023-04-12,843,N20,VIIRS,l,2,316.09,5.5,D,0
16.21253,77.21415,350.37,0.36,0.57,2023-04-12,843,N20,VIIRS,n,2,319.61,8.34,D,0
16.23162,77.98478,355.49,0.4,0.6,2023-04-12,843,N20,VIIRS,n,2,310.34,5.24,D,0
16.29926,77.13248,339.14,0.36,0.57,2023-04-12,843,N20,VIIRS,l,2,312.54,4.37,D,0
16.30314,77.91954,338.95,0.4,0.6,2023-04-12,843,N20,VIIRS,n,2,308.15,4.56,D,0
16.31281,78.70538,367.0,0.45,0.63,2023-04-12,843,N20,VIIRS,h,2,307.1,10.36,D,0
16.32055,77.22578,341.83,0.36,0.57,2023-04-12,843,N20,VIIRS,l,2,315.32,7.61,D,0
16.46374,80.78805,337.87,0.63,0.72,2023-04-12,843,N20,VIIRS,n,2,301.31,3.59,D,0
16.47067,80.15951,348.05,0.57,0.69,2023-04-12,843,N20,VIIRS,n,2,302.72,6.62,D,0
16.48811,80.76184,330.89,0.62,0.72,2023-04-12,843,N20,VIIRS,l,2,302.12,3.9,D,0
16.5071,79.75967,331.99,0.54,0.67,2023-04-12,843,N20,VIIRS,l,2,302.25,6.32,D,0
16.55077,78.4508,335.56,0.44,0.62,2023-04-12,843,N20,VIIRS,l,2,308.09,2.91,D,0
16.70302,77.02699,338.69,0.35,0.57,2023-04-12,843,N20,VIIRS,l,2,312.31,5.35,D,0
16.70339,77.03032,351.41,0.35,0.57,2023-04-12,843,N20,VIIRS,n,2,312.13,7.95,D,0
16.788,78.68908,349.96,0.46,0.63,2023-04-12,843,N20,VIIRS,n,2,304.09,2.38,D,0
16.79502,77.2375,339.54,0.37,0.58,2023-04-12,843,N20,VIIRS,l,2,311.19,3.48,D,0
17.03576,77.00223,346.14,0.36,0.57,2023-04-12,843,N20,VIIRS,n,2,311.49,6.63,D,0
17.07011,80.65354,330.41,0.62,0.72,2023-04-12,843,N20,VIIRS,n,2,297.01,4.14,D,0
17.23483,78.74046,331.63,0.47,0.64,2023-04-12,843,N20,VIIRS,n,2,301.02,3.5,D,0
17.23946,78.74194,332.31,0.47,0.64,2023-04-12,843,N20,VIIRS,l,2,302.82,2.84,D,0
17.26279,77.84454,335.27,0.41,0.6,2023-04-12,843,N20,VIIRS,n,2,300.9,2.41,D,0
17.32912,77.15535,347.79,0.37,0.58,2023-04-12,843,N20,VIIRS,n,2,312.07,12.48,D,0
17.33438,77.00526,351.02,0.36,0.57,2023-04-12,843,N20,VIIRS,n,2,313.63,9.91,D,0
17.35585,77.05437,342.63,0.36,0.58,2023-04-12,843,N20,VIIRS,n,2,312.5,9.85,D,0
17.45728,77.30963,354.53,0.38,0.59,2023-04-12,843,N20,VIIRS,n,2,310.72,13.24,D,0
17.563,80.97961,331.31,0.66,0.73,2023-04-12,843,N20,VIIRS,n,2,297.16,5.48,D,0
17.67212,80.13941,333.21,0.59,0.7,2023-04-12,843,N20,VIIRS,n,2,298.95,4.68,D,0
17.67255,80.13643,335.69,0.59,0.7,2023-04-12,843,N20,VIIRS,n,2,299.94,5.26,D,0
17.70084,79.67233,341.82,0.55,0.68,2023-04-12,843,N20,VIIRS,n,2,297.25,5.79,D,0
17.71595,79.44608,344.98,0.53,0.67,2023-04-12,843,N20,VIIRS,n,2,298.58,8.19,D,0
17.71699,79.44785,342.99,0.53,0.67,2023-04-12,843,N20,VIIRS,n,2,298.61,4.52,D,0
17.7411,79.18371,332.59,0.51,0.66,2023-04-12,843,N20,VIIRS,n,2,299.22,3.71,D,0
17.84029,79.51779,331.2,0.54,0.68,2023-04-12,843,N20,VIIRS,n,2,298.48,2.71,D,0
17.84235,79.52108,344.4,0.54,0.67,2023-04-12,843,N20,VIIRS,n,2,297.95,5.91,D,0
18.12235,78.08812,332.07,0.43,0.62,2023-04-12,843,N20,VIIRS,n,2,301.27,3.68,D,0
18.1264,78.08775,334.48,0.43,0.62,2023-04-12,843,N20,VIIRS,n,2,300.1,3.51,D,0
18.2478,78.10953,332.46,0.44,0.62,2023-04-12,843,N20,VIIRS,n,2,302.23,4.45,D,0
18.40347,78.08582,335.87,0.44,0.62,2023-04-12,843,N20,VIIRS,l,2,306.9,4.47,D,0
18.40418,77.26978,342.14,0.39,0.59,2023-04-12,843,N20,VIIRS,n,2,306.54,7.21,D,0
18.40538,79.96954,333.21,0.58,0.7,2023-04-12,843,N20,VIIRS,n,2,298.18,3.72,D,0
18.40647,79.96808,332.98,0.58,0.7,2023-04-12,843,N20,VIIRS,n,2,298.12,5.61,D,0
18.45705,79.9521,334.29,0.58,0.7,2023-04-12,843,N20,VIIRS,n,2,298.48,4.02,D,0
18.48937,77.77291,340.93,0.42,0.61,2023-04-12,843,N20,VIIRS,n,2,302.98,5.56,D,0
18.51308,79.92542,330.2,0.58,0.7,2023-04-12,843,N20,VIIRS,n,2,298.09,5.51,D,0
18.51417,79.92498,330.85,0.58,0.7,2023-04-12,843,N20,VIIRS,n,2,297.84,4.86,D,0
18.52239,78.15656,331.25,0.44,0.63,2023-04-12,843,N20,VIIRS,l,2,303.23,1.78,D,0
18.52278,78.1605,335.28,0.44,0.63,2023-04-12,843,N20,VIIRS,n,2,303.32,1.78,D,0
18.52986,80.10664,330.63,0.6,0.7,2023-04-12,843,N20,VIIRS,n,2,297.13,4.53,D,0
18.52994,80.10678,331.37,0.6,0.7,2023-04-12,843,N20,VIIRS,n,2,297.26,4.89,D,0
18.5512,78.03931,333.29,0.44,0.62,2023-04-12,843,N20,VIIRS,l,2,305.9,3.84,D,0
18.55268,78.03912,334.97,0.44,0.62,2023-04-12,843,N20,VIIRS,l,2,305.75,3.46,D,0
18.59672,80.194,331.1,0.6,0.71,2023-04-12,843,N20,VIIRS,n,2,296.58,3.26,D,0
18.60327,80.1934,337.83,0.6,0.71,2023-04-12,843,N20,VIIRS,n,2,297.1,3.35,D,0
18.66906,79.75617,334.54,0.57,0.69,2023-04-12,843,N20,VIIRS,n,2,299.35,4.87,D,0
18.67194,80.38581,335.61,0.62,0.72,2023-04-12,843,N20,VIIRS,n,2,298.85,5.85,D,0
18.72235,79.5372,330.47,0.55,0.68,2023-04-12,843,N20,VIIRS,l,2,300.69,4.56,D,2
18.73922,79.94726,338.05,0.58,0.7,2023-04-12,843,N20,VIIRS,n,2,298.41,4.98,D,0
18.78331,80.62752,331.37,0.65,0.73,2023-04-12,843,N20,VIIRS,n,2,298.73,3.83,D,0
18.84123,80.22066,341.63,0.61,0.71,2023-04-12,843,N20,VIIRS,n,2,299.61,7.23,D,0
18.84172,80.22657,348.4,0.61,0.71,2023-04-12,843,N20,VIIRS,n,2,299.72,7.23,D,0
18.84221,80.23245,340.85,0.61,0.71,2023-04-12,843,N20,VIIRS,n,2,298.91,11.13,D,0
18.84225,80.22153,350.87,0.61,0.71,2023-04-12,843,N20,VIIRS,n,2,300.44,12.69,D,0
18.84278,80.22742,349.54,0.61,0.71,2023-04-12,843,N20,VIIRS,n,2,300.1,9.92,D,0
18.8433,80.23331,339.87,0.61,0.71,2023-04-12,843,N20,VIIRS,n,2,298.3,9.92,D,0
18.8449,79.37753,338.44,0.54,0.68,2023-04-12,843,N20,VIIRS,n,2,299.28,5.98,D,0
18.84537,79.38266,336.23,0.54,0.68,2023-04-12,843,N20,VIIRS,n,2,296.49,5.98,D,0
18.84827,80.22567,331.79,0.61,0.71,2023-04-12,843,N20,VIIRS,n,2,298.94,7.23,D,0
18.95152,77.26863,342.54,0.39,0.59,2023-04-12,843,N20,VIIRS,n,2,309.73,4.77,D,0
18.95446,79.28809,330.61,0.53,0.67,2023-04-12,843,N20,VIIRS,n,2,297.62,4.55,D,0
19.01718,79.30185,335.11,0.53,0.67,2023-04-12,843,N20,VIIRS,n,2,297.05,10.62,D,0
19.01853,77.15355,348.75,0.39,0.59,2023-04-12,843,N20,VIIRS,n,2,314.07,11.36,D,0
19.01889,77.15724,339.45,0.39,0.59,2023-04-12,843,N20,VIIRS,l,2,312.43,11.22,D,0
19.03779,78.57407,330.13,0.48,0.65,2023-04-12,843,N20,VIIRS,l,2,301.84,2.34,D,0
19.03881,80.14494,331.93,0.61,0.71,2023-04-12,843,N20,VIIRS,n,2,298.44,2.82,D,0
19.04376,78.57348,331.76,0.48,0.65,2023-04-12,843,N20,VIIRS,n,2,300.97,2.34,D,0
19.05675,80.19766,331.18,0.61,0.71,2023-04-12,843,N20,VIIRS,n,2,298.49,2.9,D,0
19.06381,78.5947,342.38,0.48,0.65,2023-04-12,843,N20,VIIRS,n,2,300.03,5.01,D,0
19.0756,79.18761,330.06,0.53,0.67,2023-04-12,843,N20,VIIRS,n,2,298.63,3.35,D,0
19.07783,79.08302,367.0,0.52,0.67,2023-04-12,843,N20,VIIRS,h,2,301.02,9.83,D,0
19.07797,79.08159,345.46,0.52,0.67,2023-04-12,843,N20,VIIRS,n,2,301.23,5.61,D,0
19.07845,79.08649,333.36,0.52,0.67,2023-04-12,843,N20,VIIRS,n,2,299.83,5.61,D,0
19.10775,79.13919,331.76,0.52,0.67,2023-04-12,843,N20,VIIRS,n,2,299.93,3.79,D,0
19.11392,79.13849,333.07,0.52,0.67,2023-04-12,843,N20,VIIRS,n,2,299.46,3.72,D,0
19.12297,78.68129,340.23,0.49,0.65,2023-04-12,843,N20,VIIRS,n,2,298.82,6.32,D,0
19.12339,77.48267,336.36,0.41,0.6,2023-04-12,843,N20,VIIRS,l,2,310.35,6.06,D,0
19.12449,77.48318,335.87,0.41,0.6,2023-04-12,843,N20,VIIRS,l,2,309.94,4.26,D,0
19.12666,78.6832,336.01,0.49,0.65,2023-04-12,843,N20,VIIRS,n,2,297.85,5.53,D,0
19.13542,77.31851,341.01,0.4,0.6,2023-04-12,843,N20,VIIRS,n,2,307.24,3.13,D,0
19.13552,78.90374,345.42,0.5,0.66,2023-04-12,843,N20,VIIRS,n,2,301.99,7.72,D,0
19.13638,78.90158,344.59,0.5,0.66,2023-04-12,843,N20,VIIRS,n,2,302.4,6.83,D,0
19.13682,78.90656,341.42,0.51,0.66,2023-04-12,843,N20,VIIRS,n,2,301.1,6.83,D,0
19.14066,78.89314,345.07,0.5,0.66,2023-04-12,843,N20,VIIRS,n,2,300.92,5.12,D,0
19.14158,78.89087,332.58,0.5,0.66,2023-04-12,843,N20,VIIRS,n,2,300.49,5.0,D,0
19.14162,78.90319,343.28,0.5,0.66,2023-04-12,843,N20,VIIRS,n,2,301.23,8.27,D,0
19.14204,78.89606,339.54,0.5,0.66,2023-04-12,843,N20,VIIRS,n,2,298.7,5.0,D,0
19.19047,79.02429,342.54,0.52,0.66,2023-04-12,843,N20,VIIRS,n,2,301.19,7.23,D,0
19.19657,79.02316,337.18,0.52,0.66,2023-04-12,843,N20,VIIRS,n,2,301.74,8.13,D,0
19.19704,79.02842,331.45,0.52,0.66,2023-04-12,843,N20,VIIRS,n,2,299.58,5.14,D,0
19.21836,77.58615,346.92,0.41,0.61,2023-04-12,843,N20,VIIRS,n,2,307.17,4.98,D,0
19.22753,80.28353,331.82,0.62,0.72,2023-04-12,843,N20,VIIRS,n,2,295.83,6.01,D,0
19.38714,80.08224,334.42,0.61,0.71,2023-04-12,843,N20,VIIRS,n,2,296.49,7.87,D,0
19.38826,80.08513,333.26,0.61,0.71,2023-04-12,843,N20,VIIRS,n,2,295.07,13.46,D,0
19.46534,79.9178,332.74,0.59,0.7,2023-04-12,843,N20,VIIRS,l,2,303.43,8.21,D,0
19.48417,80.13301,332.73,0.61,0.71,2023-04-12,843,N20,VIIRS,n,2,296.95,7.06,D,0
19.53509,80.12041,331.38,0.61,0.71,2023-04-12,843,N20,VIIRS,n,2,297.7,9.68,D,0
19.56728,80.1251,341.72,0.61,0.71,2023-04-12,843,N20,VIIRS,n,2,299.4,6.06,D,0
19.56862,80.12469,331.93,0.61,0.71,2023-04-12,843,N20,VIIRS,n,2,299.21,4.62,D,0
19.62123,78.65044,335.11,0.49,0.65,2023-04-12,843,N20,VIIRS,n,2,302.65,4.83,D,0
19.64283,78.00821,337.77,0.45,0.63,2023-04-12,843,N20,VIIRS,n,2,300.25,2.91,D,0
19.74274,79.78908,346.15,0.59,0.7,2023-04-12,843,N20,VIIRS,n,2,300.21,15.53,D,0
19.74324,79.79479,367.0,0.59,0.7,2023-04-12,843,N20,VIIRS,h,2,300.14,18.25,D,0
19.74356,79.79175,367.0,0.59,0.7,2023-04-12,843,N20,VIIRS,h,2,301.86,26.44,D,0
19.74971,79.7942,340.89,0.59,0.7,2023-04-12,843,N20,VIIRS,n,2,300.22,3.9,D,0
19.76291,80.03293,341.2,0.61,0.71,2023-04-12,843,N20,VIIRS,n,2,297.91,11.45,D,0
19.76416,80.03568,336.04,0.61,0.71,2023-04-12,843,N20,VIIRS,n,2,297.11,10.19,D,0
19.76814,77.44173,334.13,0.41,0.61,2023-04-12,843,N20,VIIRS,l,2,306.91,6.12,D,0
19.76854,77.44571,339.66,0.41,0.61,2023-04-12,843,N20,VIIRS,n,2,307.69,7.88,D,0
19.78692,80.16778,343.11,0.62,0.71,2023-04-12,843,N20,VIIRS,n,2,299.98,6.49,D,0
19.78853,80.16447,337.71,0.62,0.71,2023-04-12,843,N20,VIIRS,n,2,300.58,8.69,D,0
19.92805,79.15297,342.44,0.53,0.67,2023-04-12,843,N20,VIIRS,n,2,301.2,7.24,D,0
19.96702,80.10985,331.31,0.62,0.71,2023-04-12,843,N20,VIIRS,n,2,299.4,2.62,D,0
19.77248,77.44471,336.78,0.41,0.61,2023-04-12,844,N20,VIIRS,l,2,306.87,9.21,D,0
19.99242,79.33322,338.99,0.55,0.68,2023-04-12,844,N20,VIIRS,n,2,297.63,5.39,D,0
16.87007,80.02,305.97,0.44,0.62,2023-04-12,1933,N20,VIIRS,n,2,293.46,1.23,N,0
16.87473,80.02244,305.51,0.44,0.62,2023-04-12,1933,N20,VIIRS,n,2,293.65,1.08,N,0
17.5922,81.44756,309.77,0.36,0.58,2023-04-12,1933,N20,VIIRS,n,2,292.56,1.78,N,0
17.93744,77.55212,297.56,0.66,0.73,2023-04-12,1933,N20,VIIRS,n,2,282.49,2.25,N,0
18.72511,79.53753,305.16,0.5,0.66,2023-04-12,1933,N20,VIIRS,n,2,291.4,2.49,N,2
19.16061,80.28781,306.59,0.45,0.63,2023-04-12,1933,N20,VIIRS,n,2,292.28,2.31,N,0
19.40141,80.82285,305.97,0.42,0.61,2023-04-12,1933,N20,VIIRS,n,2,292.44,1.83,N,0
19.4452,81.04948,305.3,0.41,0.6,2023-04-12,1933,N20,VIIRS,n,2,291.64,1.26,N,0
19.63615,80.7105,309.32,0.43,0.62,2023-04-12,1933,N20,VIIRS,n,2,292.73,1.99,N,0
19.67537,80.74611,308.75,0.43,0.62,2023-04-12,1933,N20,VIIRS,n,2,292.9,2.19,N,0
19.73965,80.25469,309.19,0.46,0.64,2023-04-12,1933,N20,VIIRS,n,2,293.43,2.09,N,0
19.92313,79.11241,309.74,0.55,0.68,2023-04-12,1933,N20,VIIRS,n,2,292.52,6.6,N,2
19.96685,79.33377,312.89,0.53,0.67,2023-04-12,1933,N20,VIIRS,n,2,291.97,4.09,N,2
15.58764,78.16508,317.08,0.57,0.69,2023-04-12,1934,N20,VIIRS,n,2,295.89,3.39,N,0
15.58999,78.16354,313.92,0.57,0.69,2023-04-12,1934,N20,VIIRS,n,2,295.8,3.21,N,0
15.59231,78.45621,303.53,0.54,0.68,2023-04-12,1934,N20,VIIRS,n,2,293.14,0.76,N,0
16.25468,79.32151,307.61,0.48,0.65,2023-04-12,1934,N20,VIIRS,n,2,295.51,3.07,N,0
18.72355,79.53298,308.18,0.69,0.75,2023-04-12,2113,N20,VIIRS,n,2,290.51,2.32,N,2
19.78944,79.14864,306.05,0.62,0.72,2023-04-12,2113,N20,VIIRS,n,2,291.73,2.14,N,2
15.50358,78.60643,344.47,0.42,0.45,2023-04-13,823,N20,VIIRS,n,2,310.46,2.93,D,0
15.51657,78.91093,346.38,0.44,0.46,2023-04-13,823,N20,VIIRS,n,2,313.19,8.55,D,0
15.57218,79.28572,337.34,0.47,0.48,2023-04-13,823,N20,VIIRS,l,2,309.53,3.72,D,0
15.6295,78.33401,340.01,0.41,0.45,2023-04-13,823,N20,VIIRS,l,2,313.56,5.41,D,0
15.63361,78.3335,344.88,0.41,0.45,2023-04-13,823,N20,VIIRS,n,2,313.29,5.41,D,0
15.63611,78.50534,345.28,0.42,0.45,2023-04-13,823,N20,VIIRS,n,2,313.04,10.06,D,0
15.64099,78.64013,334.61,0.43,0.46,2023-04-13,823,N20,VIIRS,l,2,307.87,1.73,D,0
15.64766,78.96107,345.77,0.45,0.47,2023-04-13,823,N20,VIIRS,n,2,311.24,5.92,D,0
15.6744,78.45706,355.07,0.42,0.45,2023-04-13,823,N20,VIIRS,n,2,315.91,15.44,D,0
15.68997,78.34946,345.35,0.41,0.45,2023-04-13,823,N20,VIIRS,n,2,311.69,7.97,D,0
15.70226,78.84911,343.46,0.44,0.46,2023-04-13,823,N20,VIIRS,n,2,309.86,6.36,D,0
15.80417,78.93498,342.6,0.45,0.47,2023-04-13,823,N20,VIIRS,n,2,309.88,11.33,D,0
15.80474,78.93933,333.97,0.45,0.47,2023-04-13,823,N20,VIIRS,l,2,308.0,6.27,D,0
15.80631,79.12192,344.89,0.46,0.47,2023-04-13,823,N20,VIIRS,n,2,312.13,9.08,D,0
15.80638,79.15711,342.66,0.46,0.47,2023-04-13,823,N20,VIIRS,l,2,314.1,6.34,D,0
15.80923,80.03912,333.0,0.53,0.5,2023-04-13,823,N20,VIIRS,l,2,306.72,2.95,D,0
15.83108,79.2469,339.65,0.47,0.48,2023-04-13,823,N20,VIIRS,l,2,311.36,6.26,D,0
15.8349,79.24203,342.04,0.47,0.48,2023-04-13,823,N20,VIIRS,l,2,312.81,6.26,D,0
15.68802,77.63412,343.46,0.56,0.43,2023-04-13,824,N20,VIIRS,l,2,313.49,14.99,D,0
15.6952,77.62788,347.67,0.56,0.43,2023-04-13,824,N20,VIIRS,n,2,311.9,11.8,D,0
15.80292,78.93554,348.02,0.45,0.47,2023-04-13,824,N20,VIIRS,n,2,308.84,8.19,D,0
15.80721,78.93504,343.01,0.45,0.47,2023-04-13,824,N20,VIIRS,n,2,308.59,8.19,D,0
15.80775,78.93948,345.27,0.45,0.47,2023-04-13,824,N20,VIIRS,n,2,308.67,8.11,D,0
15.82193,78.98412,339.27,0.45,0.47,2023-04-13,824,N20,VIIRS,n,2,305.56,2.14,D,0
15.82621,78.98341,352.64,0.45,0.47,2023-04-13,824,N20,VIIRS,n,2,308.77,7.17,D,0
15.82742,78.85282,339.65,0.44,0.46,2023-04-13,824,N20,VIIRS,n,2,308.98,4.34,D,0
15.83133,79.24323,345.73,0.47,0.48,2023-04-13,824,N20,VIIRS,n,2,313.87,5.72,D,0
15.83172,78.85258,348.46,0.44,0.46,2023-04-13,824,N20,VIIRS,n,2,307.31,4.34,D,0
15.83552,79.02358,343.15,0.45,0.47,2023-04-13,824,N20,VIIRS,n,2,307.85,7.05,D,0
15.83569,79.24262,342.8,0.47,0.48,2023-04-13,824,N20,VIIRS,n,2,311.76,5.72,D,0
15.84598,78.93199,337.65,0.45,0.47,2023-04-13,824,N20,VIIRS,l,2,308.26,5.05,D,0
15.8465,78.93614,337.14,0.45,0.47,2023-04-13,824,N20,VIIRS,l,2,308.84,1.91,D,0
15.86106,77.85271,344.96,0.38,0.43,2023-04-13,824,N20,VIIRS,n,2,313.46,10.54,D,0
15.87638,77.87622,350.05,0.38,0.44,2023-04-13,824,N20,VIIRS,n,2,314.76,11.09,D,0
15.87802,77.87434,345.99,0.39,0.44,2023-04-13,824,N20,VIIRS,n,2,315.79,8.37,D,0
15.89078,78.4996,347.92,0.42,0.45,2023-04-13,824,N20,VIIRS,n,2,315.1,10.43,D,0
15.90288,79.07116,350.83,0.46,0.47,2023-04-13,824,N20,VIIRS,n,2,311.48,5.21,D,0
15.90441,77.73227,340.06,0.57,0.43,2023-04-13,824,N20,VIIRS,l,2,312.37,13.27,D,0
15.92085,78.87857,344.37,0.44,0.46,2023-04-13,824,N20,VIIRS,n,2,307.93,4.33,D,0
15.93412,77.96238,341.19,0.39,0.44,2023-04-13,824,N20,VIIRS,l,2,313.15,9.82,D,0
15.95659,79.83237,340.12,0.51,0.5,2023-04-13,824,N20,VIIRS,n,2,309.98,6.76,D,0
15.98967,78.83955,333.98,0.44,0.46,2023-04-13,824,N20,VIIRS,l,2,307.21,2.59,D,0
15.9912,79.05794,338.56,0.46,0.47,2023-04-13,824,N20,VIIRS,n,2,308.28,4.84,D,0
16.01506,78.9492,337.83,0.45,0.47,2023-04-13,824,N20,VIIRS,n,2,306.66,2.24,D,0
16.04239,80.34947,336.64,0.56,0.51,2023-04-13,824,N20,VIIRS,l,2,308.07,2.42,D,0
16.07425,78.96867,331.77,0.45,0.47,2023-04-13,824,N20,VIIRS,l,2,305.59,2.93,D,0
16.07899,78.76517,334.33,0.44,0.46,2023-04-13,824,N20,VIIRS,l,2,307.78,6.37,D,0
16.08966,78.74744,342.34,0.44,0.46,2023-04-13,824,N20,VIIRS,n,2,310.29,18.95,D,0
16.09006,78.78415,339.98,0.44,0.46,2023-04-13,824,N20,VIIRS,n,2,309.11,6.35,D,0
16.09377,78.74743,339.11,0.44,0.46,2023-04-13,824,N20,VIIRS,n,2,308.74,14.4,D,0
16.09424,78.75134,344.25,0.44,0.46,2023-04-13,824,N20,VIIRS,n,2,307.81,10.1,D,0
16.09437,78.75047,346.35,0.44,0.46,2023-04-13,824,N20,VIIRS,n,2,308.85,22.56,D,0
16.1311,79.6152,337.97,0.5,0.49,2023-04-13,824,N20,VIIRS,n,2,304.81,2.32,D,0
16.13247,78.74648,337.36,0.44,0.46,2023-04-13,824,N20,VIIRS,l,2,310.44,5.2,D,0
16.13298,78.75058,342.93,0.44,0.46,2023-04-13,824,N20,VIIRS,n,2,307.99,5.2,D,0
16.13675,78.7462,339.68,0.44,0.46,2023-04-13,824,N20,VIIRS,l,2,310.49,4.34,D,0
16.13726,78.75026,337.48,0.44,0.46,2023-04-13,824,N20,VIIRS,n,2,309.82,4.34,D,0
16.15279,79.91375,330.97,0.52,0.5,2023-04-13,824,N20,VIIRS,l,2,303.46,3.16,D,0
16.22026,79.50162,337.35,0.49,0.49,2023-04-13,824,N20,VIIRS,l,2,309.04,5.05,D,0
16.30542,80.09944,341.96,0.54,0.51,2023-04-13,824,N20,VIIRS,n,2,308.51,6.38,D,0
16.30788,77.87759,346.33,0.39,0.44,2023-04-13,824,N20,VIIRS,n,2,310.39,8.3,D,0
16.30902,77.87677,342.3,0.39,0.44,2023-04-13,824,N20,VIIRS,n,2,309.87,6.82,D,0
16.34829,80.59093,339.91,0.58,0.52,2023-04-13,824,N20,VIIRS,n,2,308.12,8.51,D,0
16.39129,81.06484,343.39,0.63,0.54,2023-04-13,824,N20,VIIRS,n,2,304.58,5.89,D,0
16.39194,81.06332,341.0,0.63,0.54,2023-04-13,824,N20,VIIRS,n,2,304.8,5.77,D,0
16.47135,77.88696,339.25,0.39,0.44,2023-04-13,824,N20,VIIRS,l,2,310.59,6.08,D,0
16.50148,79.86687,343.96,0.52,0.5,2023-04-13,824,N20,VIIRS,n,2,309.91,9.82,D,0
16.50167,80.82456,333.8,0.61,0.53,2023-04-13,824,N20,VIIRS,l,2,306.23,2.55,D,0
16.51999,79.60045,330.48,0.5,0.49,2023-04-13,824,N20,VIIRS,l,2,304.16,3.49,D,0
16.53058,79.68594,337.86,0.51,0.49,2023-04-13,824,N20,VIIRS,l,2,309.75,5.25,D,0
16.54472,79.87653,334.07,0.53,0.5,2023-04-13,824,N20,VIIRS,l,2,308.23,5.44,D,0
16.54635,80.86568,344.13,0.61,0.53,2023-04-13,824,N20,VIIRS,n,2,306.58,7.24,D,0
16.5792,80.78476,336.48,0.6,0.53,2023-04-13,824,N20,VIIRS,l,2,307.17,6.11,D,0
16.66668,77.66692,341.01,0.38,0.43,2023-04-13,824,N20,VIIRS,n,2,308.6,5.86,D,0
16.74074,80.36768,332.38,0.57,0.52,2023-04-13,824,N20,VIIRS,l,2,307.35,5.93,D,0
16.7964,80.08664,336.35,0.55,0.51,2023-04-13,824,N20,VIIRS,l,2,309.56,8.87,D,0
16.85345,80.12669,332.91,0.55,0.51,2023-04-13,824,N20,VIIRS,l,2,307.68,3.65,D,0
16.86684,78.46217,335.77,0.43,0.46,2023-04-13,824,N20,VIIRS,n,2,303.33,2.98,D,0
16.8737,78.87318,337.13,0.46,0.47,2023-04-13,824,N20,VIIRS,l,2,308.75,7.17,D,0
17.01322,79.4352,338.47,0.5,0.49,2023-04-13,824,N20,VIIRS,n,2,308.12,3.62,D,0
17.05265,78.95319,348.63,0.46,0.47,2023-04-13,824,N20,VIIRS,n,2,307.9,10.54,D,0
17.1932,79.00635,337.39,0.47,0.48,2023-04-13,824,N20,VIIRS,n,2,305.24,2.52,D,0
17.24744,80.50195,330.93,0.59,0.53,2023-04-13,824,N20,VIIRS,l,2,301.43,5.14,D,0
17.26992,81.49745,330.04,0.34,0.56,2023-04-13,824,N20,VIIRS,l,2,300.47,4.83,D,0
17.27137,81.49644,332.8,0.34,0.56,2023-04-13,824,N20,VIIRS,n,2,300.93,5.18,D,0
17.27558,81.48657,330.9,0.34,0.56,2023-04-13,824,N20,VIIRS,l,2,301.58,4.72,D,0
17.29484,80.82507,330.58,0.62,0.54,2023-04-13,824,N20,VIIRS,l,2,301.58,2.4,D,0
17.29548,80.82135,340.08,0.62,0.54,2023-04-13,824,N20,VIIRS,n,2,302.65,6.56,D,0
17.29835,80.18822,330.65,0.56,0.52,2023-04-13,824,N20,VIIRS,l,2,304.87,3.89,D,0
17.29912,80.81863,341.84,0.62,0.54,2023-04-13,824,N20,VIIRS,n,2,302.45,6.89,D,0
17.29979,80.82443,330.01,0.62,0.54,2023-04-13,824,N20,VIIRS,l,2,301.34,3.06,D,0
17.30044,80.82071,341.14,0.62,0.54,2023-04-13,824,N20,VIIRS,n,2,301.42,6.56,D,0
17.30084,80.597,330.73,0.6,0.53,2023-04-13,824,N20,VIIRS,l,2,302.65,5.1,D,0
17.30572,80.5963,330.27,0.6,0.53,2023-04-13,824,N20,VIIRS,l,2,300.95,5.1,D,0
17.31504,81.36757,367.0,0.34,0.56,2023-04-13,824,N20,VIIRS,h,2,302.68,8.1,D,0
17.31773,81.4878,330.57,0.34,0.56,2023-04-13,824,N20,VIIRS,n,2,300.12,1.33,D,0
17.32879,81.35056,367.0,0.34,0.56,2023-04-13,824,N20,VIIRS,h,2,303.66,11.2,D,0
17.32997,80.50481,331.13,0.59,0.53,2023-04-13,824,N20,VIIRS,l,2,303.02,5.99,D,0
17.34179,81.4678,335.54,0.34,0.56,2023-04-13,824,N20,VIIRS,n,2,300.38,1.89,D,0
17.34387,81.39228,333.13,0.34,0.56,2023-04-13,824,N20,VIIRS,n,2,300.51,4.43,D,0
17.34424,81.39557,351.66,0.34,0.56,2023-04-13,824,N20,VIIRS,n,2,300.45,4.43,D,0
17.38328,81.40029,344.1,0.34,0.56,2023-04-13,824,N20,VIIRS,n,2,301.76,5.64,D,0
17.38362,81.4035,335.23,0.34,0.56,2023-04-13,824,N20,VIIRS,n,2,299.45,4.11,D,0
17.40578,78.36842,333.05,0.43,0.46,2023-04-13,824,N20,VIIRS,l,2,305.25,2.92,D,0
17.40619,81.18148,330.1,0.33,0.55,2023-04-13,824,N20,VIIRS,l,2,301.73,1.15,D,0
17.42782,80.33958,332.91,0.58,0.52,2023-04-13,824,N20,VIIRS,l,2,303.3,3.65,D,0
17.42947,80.97996,333.43,0.32,0.55,2023-04-13,824,N20,VIIRS,n,2,300.05,2.85,D,0
17.42969,80.98135,331.15,0.32,0.55,2023-04-13,824,N20,VIIRS,n,2,300.02,2.68,D,0
17.4348,80.98222,332.35,0.32,0.55,2023-04-13,824,N20,VIIRS,n,2,300.65,4.23,D,0
17.43504,80.98365,332.06,0.32,0.55,2023-04-13,824,N20,VIIRS,n,2,300.4,2.94,D,0
17.46211,80.86113,344.62,0.63,0.54,2023-04-13,824,N20,VIIRS,n,2,306.38,10.63,D,0
17.4732,78.87936,339.78,0.47,0.47,2023-04-13,824,N20,VIIRS,n,2,305.06,7.94,D,0
17.47374,78.88375,342.07,0.47,0.47,2023-04-13,824,N20,VIIRS,n,2,303.65,7.77,D,0
17.47536,78.89698,330.34,0.47,0.48,2023-04-13,824,N20,VIIRS,l,2,304.48,2.12,D,0
17.48912,79.78703,339.05,0.53,0.5,2023-04-13,824,N20,VIIRS,n,2,304.32,3.3,D,0
17.49125,77.12923,346.25,0.55,0.42,2023-04-13,824,N20,VIIRS,n,2,313.51,25.24,D,0
17.50172,81.31576,330.99,0.34,0.56,2023-04-13,824,N20,VIIRS,n,2,300.96,1.94,D,0
17.54535,81.3334,332.06,0.34,0.56,2023-04-13,824,N20,VIIRS,n,2,300.9,1.2,D,0
17.54579,81.43231,336.09,0.34,0.56,2023-04-13,824,N20,VIIRS,n,2,300.91,2.73,D,0
17.54614,81.43545,343.38,0.34,0.56,2023-04-13,824,N20,VIIRS,n,2,300.67,2.73,D,0
17.55132,81.4348,367.0,0.34,0.56,2023-04-13,824,N20,VIIRS,h,2,303.46,12.66,D,0
17.56691,81.38619,330.33,0.34,0.56,2023-04-13,824,N20,VIIRS,l,2,301.14,1.98,D,0
17.60981,81.42863,331.39,0.34,0.56,2023-04-13,824,N20,VIIRS,n,2,300.18,1.54,D,0
17.64417,80.40404,337.59,0.59,0.53,2023-04-13,824,N20,VIIRS,n,2,303.6,4.63,D,0
17.68933,80.93979,350.8,0.32,0.55,2023-04-13,824,N20,VIIRS,n,2,304.98,3.39,D,0
17.68958,77.65956,343.79,0.39,0.44,2023-04-13,824,N20,VIIRS,n,2,308.76,10.86,D,0
17.73813,80.83225,337.79,0.63,0.54,2023-04-13,824,N20,VIIRS,n,2,304.53,3.95,D,0
17.73874,80.83454,338.7,0.63,0.54,2023-04-13,824,N20,VIIRS,n,2,304.16,6.96,D,0
17.78766,80.34657,332.52,0.59,0.53,2023-04-13,824,N20,VIIRS,n,2,302.41,3.35,D,0
17.80319,81.05283,341.81,0.33,0.55,2023-04-13,824,N20,VIIRS,n,2,304.81,3.49,D,0
17.89248,79.98135,333.28,0.56,0.51,2023-04-13,824,N20,VIIRS,n,2,302.83,3.54,D,0
17.9584,80.79934,330.29,0.63,0.54,2023-04-13,824,N20,VIIRS,l,2,303.79,5.85,D,2
17.99814,79.76148,341.09,0.54,0.51,2023-04-13,824,N20,VIIRS,n,2,300.37,5.57,D,0
18.03012,78.68266,331.71,0.46,0.47,2023-04-13,824,N20,VIIRS,l,2,303.26,4.42,D,0
18.04499,78.91024,330.25,0.48,0.48,2023-04-13,824,N20,VIIRS,l,2,302.9,4.1,D,0
18.0578,77.1889,343.72,0.56,0.43,2023-04-13,824,N20,VIIRS,l,2,314.86,19.91,D,0
18.05852,77.19089,344.09,0.56,0.43,2023-04-13,824,N20,VIIRS,l,2,315.48,18.38,D,0
18.07498,77.36006,345.5,0.38,0.43,2023-04-13,824,N20,VIIRS,n,2,307.48,9.05,D,0
18.12604,80.28779,338.92,0.59,0.53,2023-04-13,824,N20,VIIRS,n,2,301.05,6.12,D,0
18.13212,80.29843,345.88,0.59,0.53,2023-04-13,824,N20,VIIRS,n,2,301.26,7.52,D,0
18.1381,80.00641,349.66,0.56,0.52,2023-04-13,824,N20,VIIRS,n,2,305.15,10.6,D,0
18.18795,80.9521,332.35,0.33,0.55,2023-04-13,824,N20,VIIRS,n,2,299.43,0.92,D,0
18.18923,80.96416,332.78,0.33,0.55,2023-04-13,824,N20,VIIRS,n,2,300.06,1.32,D,0
18.20952,81.22493,339.06,0.34,0.56,2023-04-13,824,N20,VIIRS,n,2,303.43,2.8,D,0
18.2113,81.22295,333.01,0.34,0.56,2023-04-13,824,N20,VIIRS,l,2,303.33,2.43,D,0
18.21163,81.22615,338.5,0.34,0.56,2023-04-13,824,N20,VIIRS,n,2,303.39,2.43,D,0
18.21501,81.22735,339.93,0.34,0.56,2023-04-13,824,N20,VIIRS,n,2,303.71,2.8,D,0
18.24847,81.17999,330.6,0.34,0.56,2023-04-13,824,N20,VIIRS,l,2,302.62,1.79,D,0
18.27206,80.03032,330.02,0.57,0.52,2023-04-13,824,N20,VIIRS,l,2,301.8,3.56,D,0
18.30059,80.2776,331.9,0.59,0.53,2023-04-13,824,N20,VIIRS,n,2,301.69,3.83,D,0
18.30123,80.28318,330.96,0.59,0.53,2023-04-13,824,N20,VIIRS,n,2,300.93,3.83,D,0
18.30544,80.27705,330.9,0.59,0.53,2023-04-13,824,N20,VIIRS,l,2,301.36,3.06,D,0
18.31503,80.71639,332.48,0.63,0.54,2023-04-13,824,N20,VIIRS,l,2,302.49,4.89,D,0
18.33233,80.26574,335.98,0.59,0.53,2023-04-13,824,N20,VIIRS,n,2,301.98,4.14,D,0
18.3608,80.25673,338.28,0.59,0.53,2023-04-13,824,N20,VIIRS,n,2,302.54,7.45,D,0
18.36289,80.01691,333.58,0.57,0.52,2023-04-13,824,N20,VIIRS,n,2,302.24,2.9,D,0
18.40444,79.94958,330.65,0.56,0.52,2023-04-13,824,N20,VIIRS,l,2,302.28,2.79,D,0
18.40564,80.13713,331.83,0.58,0.52,2023-04-13,824,N20,VIIRS,n,2,301.81,4.2,D,0
18.40925,79.99303,343.04,0.57,0.52,2023-04-13,824,N20,VIIRS,n,2,303.42,6.5,D,0
18.41401,79.99243,342.02,0.57,0.52,2023-04-13,824,N20,VIIRS,n,2,302.36,6.5,D,0
18.41825,80.29933,330.83,0.59,0.53,2023-04-13,824,N20,VIIRS,l,2,301.65,1.88,D,0
18.41887,80.3051,332.15,0.59,0.53,2023-04-13,824,N20,VIIRS,n,2,301.34,2.92,D,0
18.41991,80.30089,343.78,0.59,0.53,2023-04-13,824,N20,VIIRS,n,2,303.29,12.38,D,0
18.42373,80.3045,343.84,0.59,0.53,2023-04-13,824,N20,VIIRS,n,2,301.92,7.25,D,0
18.43648,80.28576,331.48,0.59,0.53,2023-04-13,824,N20,VIIRS,n,2,301.17,2.03,D,0
18.43805,80.2873,334.19,0.59,0.53,2023-04-13,824,N20,VIIRS,n,2,301.41,3.21,D,0
18.43893,80.3083,335.93,0.59,0.53,2023-04-13,824,N20,VIIRS,n,2,301.08,4.24,D,0
18.43955,80.314,339.69,0.59,0.53,2023-04-13,824,N20,VIIRS,n,2,301.04,4.32,D,0
18.44134,80.31552,335.85,0.59,0.53,2023-04-13,824,N20,VIIRS,n,2,301.12,8.42,D,0
18.48576,80.28596,337.76,0.59,0.53,2023-04-13,824,N20,VIIRS,n,2,301.41,5.21,D,0
18.48639,80.2916,335.42,0.59,0.53,2023-04-13,824,N20,VIIRS,n,2,300.8,5.21,D,0
18.49126,80.29105,336.78,0.59,0.53,2023-04-13,824,N20,VIIRS,n,2,300.86,4.11,D,0
18.49612,80.29046,331.56,0.59,0.53,2023-04-13,824,N20,VIIRS,n,2,300.58,4.11,D,0
18.55229,80.14532,330.41,0.58,0.52,2023-04-13,824,N20,VIIRS,l,2,302.23,3.1,D,0
18.56397,80.25102,331.83,0.59,0.53,2023-04-13,824,N20,VIIRS,l,2,302.1,3.49,D,0
18.56955,80.30165,339.6,0.6,0.53,2023-04-13,824,N20,VIIRS,n,2,301.7,4.33,D,0
18.57183,80.23306,331.64,0.59,0.53,2023-04-13,824,N20,VIIRS,l,2,303.17,4.37,D,0
18.57867,80.29487,335.3,0.6,0.53,2023-04-13,824,N20,VIIRS,n,2,301.12,3.76,D,0
18.58291,80.28858,331.73,0.59,0.53,2023-04-13,824,N20,VIIRS,n,2,301.72,3.76,D,0
18.58356,80.29437,336.89,0.6,0.53,2023-04-13,824,N20,VIIRS,n,2,301.34,3.76,D,0
18.58843,80.29385,335.43,0.6,0.53,2023-04-13,824,N20,VIIRS,n,2,302.29,2.86,D,0
18.59608,80.10075,333.12,0.58,0.52,2023-04-13,824,N20,VIIRS,n,2,302.62,1.98,D,0
18.60178,80.28078,336.2,0.59,0.53,2023-04-13,824,N20,VIIRS,n,2,302.7,4.48,D,0
18.60497,80.17862,332.17,0.59,0.52,2023-04-13,824,N20,VIIRS,l,2,303.8,5.42,D,0
18.60709,80.24053,348.43,0.59,0.53,2023-04-13,824,N20,VIIRS,n,2,303.36,12.15,D,0
18.60917,80.17245,334.85,0.58,0.52,2023-04-13,824,N20,VIIRS,n,2,302.87,5.42,D,0
18.60981,80.17808,353.18,0.59,0.52,2023-04-13,824,N20,VIIRS,n,2,302.71,5.42,D,0
18.61327,79.90487,343.19,0.56,0.52,2023-04-13,824,N20,VIIRS,n,2,304.78,10.84,D,0
18.61487,80.22247,331.66,0.59,0.53,2023-04-13,824,N20,VIIRS,l,2,303.19,2.86,D,0
18.61896,80.22604,335.65,0.59,0.53,2023-04-13,824,N20,VIIRS,n,2,303.26,3.85,D,0
18.62037,80.22756,332.72,0.59,0.53,2023-04-13,824,N20,VIIRS,l,2,303.07,1.9,D,0
18.62804,80.26498,337.91,0.59,0.53,2023-04-13,824,N20,VIIRS,n,2,303.04,3.93,D,0
18.6291,80.26083,330.27,0.59,0.53,2023-04-13,824,N20,VIIRS,l,2,303.82,5.11,D,0
18.63835,80.08867,337.36,0.58,0.52,2023-04-13,824,N20,VIIRS,n,2,303.26,4.34,D,0
18.64569,80.2459,330.21,0.59,0.53,2023-04-13,824,N20,VIIRS,l,2,302.84,3.68,D,0
18.6486,79.75079,338.35,0.55,0.51,2023-04-13,824,N20,VIIRS,n,2,305.22,4.03,D,0
18.65148,79.73438,334.84,0.55,0.51,2023-04-13,824,N20,VIIRS,l,2,305.64,5.3,D,0
18.65679,79.73914,335.68,0.55,0.51,2023-04-13,824,N20,VIIRS,n,2,305.38,5.3,D,0
18.71365,80.36938,333.09,0.6,0.53,2023-04-13,824,N20,VIIRS,l,2,303.3,6.9,D,0
18.71857,80.36897,344.97,0.6,0.53,2023-04-13,824,N20,VIIRS,n,2,305.77,6.9,D,0
18.74143,79.92361,334.6,0.57,0.52,2023-04-13,824,N20,VIIRS,n,2,303.43,3.54,D,0
18.74203,79.92904,338.49,0.57,0.52,2023-04-13,824,N20,VIIRS,n,2,303.43,4.99,D,0
18.74258,79.89068,344.68,0.56,0.52,2023-04-13,824,N20,VIIRS,n,2,303.78,5.65,D,0
18.75351,80.07656,343.45,0.58,0.52,2023-04-13,824,N20,VIIRS,n,2,303.99,7.77,D,0
18.75412,80.0821,338.02,0.58,0.52,2023-04-13,824,N20,VIIRS,n,2,302.92,5.69,D,0
18.76859,79.65797,331.88,0.54,0.51,2023-04-13,824,N20,VIIRS,l,2,303.58,2.73,D,0
18.76919,79.66311,331.12,0.54,0.51,2023-04-13,824,N20,VIIRS,l,2,302.61,2.73,D,0
18.77048,79.65051,334.84,0.54,0.51,2023-04-13,824,N20,VIIRS,n,2,303.59,3.53,D,0
18.77159,79.66065,334.82,0.54,0.51,2023-04-13,824,N20,VIIRS,n,2,302.91,1.57,D,0
18.77269,79.65242,331.34,0.54,0.51,2023-04-13,824,N20,VIIRS,l,2,302.96,4.13,D,0
18.7728,80.675,330.43,0.64,0.54,2023-04-13,824,N20,VIIRS,l,2,302.28,3.88,D,0
18.77616,80.37463,340.12,0.61,0.53,2023-04-13,824,N20,VIIRS,n,2,304.73,4.89,D,0
18.77781,80.67439,333.19,0.64,0.54,2023-04-13,824,N20,VIIRS,n,2,302.04,3.88,D,0
18.7782,80.6782,333.22,0.63,0.54,2023-04-13,824,N20,VIIRS,n,2,302.42,6.21,D,0
18.78106,80.37401,337.41,0.61,0.53,2023-04-13,824,N20,VIIRS,n,2,305.42,4.76,D,0
18.78282,80.67378,336.76,0.64,0.54,2023-04-13,824,N20,VIIRS,n,2,302.92,5.13,D,0
18.7832,80.67756,339.77,0.63,0.54,2023-04-13,824,N20,VIIRS,n,2,303.09,6.21,D,0
18.78347,80.68005,338.06,0.64,0.54,2023-04-13,824,N20,VIIRS,n,2,302.92,5.13,D,0
18.814,80.26781,348.77,0.6,0.53,2023-04-13,824,N20,VIIRS,n,2,303.94,6.75,D,0
18.81462,80.27333,332.2,0.6,0.53,2023-04-13,824,N20,VIIRS,l,2,302.75,6.75,D,0
18.817,80.56739,340.83,0.63,0.54,2023-04-13,824,N20,VIIRS,n,2,302.82,5.4,D,0
18.81884,80.26688,345.01,0.6,0.53,2023-04-13,824,N20,VIIRS,n,2,303.56,7.76,D,0
18.81891,80.63195,331.59,0.63,0.54,2023-04-13,824,N20,VIIRS,l,2,301.88,4.47,D,0
18.82893,80.63097,334.5,0.63,0.54,2023-04-13,824,N20,VIIRS,n,2,302.11,3.64,D,0
18.83162,80.21838,335.97,0.59,0.53,2023-04-13,824,N20,VIIRS,n,2,303.59,2.98,D,0
18.83328,80.21992,345.58,0.59,0.53,2023-04-13,824,N20,VIIRS,n,2,305.07,7.89,D,0
18.83648,80.21781,341.0,0.59,0.53,2023-04-13,824,N20,VIIRS,n,2,303.11,2.98,D,0
18.85888,80.10693,334.82,0.58,0.52,2023-04-13,824,N20,VIIRS,n,2,303.83,3.87,D,0
18.86843,80.44221,331.76,0.61,0.54,2023-04-13,824,N20,VIIRS,l,2,303.16,2.34,D,0
18.87998,80.07655,331.5,0.58,0.52,2023-04-13,824,N20,VIIRS,l,2,304.8,2.64,D,0
18.88737,80.1432,348.82,0.59,0.53,2023-04-13,824,N20,VIIRS,n,2,305.43,7.86,D,0
18.8956,80.26244,334.22,0.6,0.53,2023-04-13,824,N20,VIIRS,n,2,303.25,3.45,D,0
18.90112,80.09082,345.26,0.58,0.52,2023-04-13,824,N20,VIIRS,n,2,305.43,6.49,D,0
18.92104,80.09393,331.81,0.58,0.52,2023-04-13,824,N20,VIIRS,l,2,305.09,2.07,D,0
18.92534,80.39745,331.31,0.61,0.53,2023-04-13,824,N20,VIIRS,n,2,301.1,3.95,D,0
18.92787,80.24146,339.09,0.6,0.53,2023-04-13,824,N20,VIIRS,n,2,303.7,4.25,D,0
18.93845,80.07509,335.86,0.58,0.52,2023-04-13,824,N20,VIIRS,n,2,305.16,3.22,D,0
18.94131,80.40649,331.75,0.61,0.54,2023-04-13,824,N20,VIIRS,n,2,301.7,4.14,D,0
18.95723,79.85503,331.41,0.56,0.52,2023-04-13,824,N20,VIIRS,l,2,304.65,2.04,D,0
18.959,79.29618,334.33,0.52,0.5,2023-04-13,824,N20,VIIRS,n,2,303.8,4.88,D,0
18.95909,79.29371,334.09,0.52,0.5,2023-04-13,824,N20,VIIRS,n,2,303.61,2.09,D,0
18.9642,79.30088,333.16,0.52,0.5,2023-04-13,824,N20,VIIRS,l,2,305.35,2.96,D,0
18.96426,79.29843,338.22,0.52,0.5,2023-04-13,824,N20,VIIRS,n,2,305.18,2.96,D,0
18.96511,80.05788,336.93,0.58,0.52,2023-04-13,824,N20,VIIRS,n,2,305.1,6.71,D,0
18.96626,80.06837,344.63,0.58,0.52,2023-04-13,824,N20,VIIRS,n,2,305.79,10.39,D,0
18.96885,79.29791,333.01,0.52,0.5,2023-04-13,824,N20,VIIRS,l,2,304.7,2.96,D,0
18.96931,80.43327,330.35,0.61,0.54,2023-04-13,824,N20,VIIRS,l,2,302.33,3.81,D,0
18.97051,80.06255,334.34,0.58,0.52,2023-04-13,824,N20,VIIRS,l,2,306.01,3.55,D,0
18.97473,80.30526,331.89,0.6,0.53,2023-04-13,824,N20,VIIRS,l,2,304.05,3.4,D,0
18.9753,80.06169,331.63,0.58,0.52,2023-04-13,824,N20,VIIRS,l,2,304.83,3.55,D,0
18.99328,80.83254,343.36,0.33,0.55,2023-04-13,824,N20,VIIRS,n,2,305.02,2.96,D,0
19.00574,80.15969,351.58,0.59,0.53,2023-04-13,824,N20,VIIRS,n,2,303.82,15.0,D,0
19.00743,78.61871,335.58,0.47,0.48,2023-04-13,824,N20,VIIRS,l,2,307.17,4.06,D,0
19.01233,78.62264,336.08,0.47,0.48,2023-04-13,824,N20,VIIRS,l,2,307.38,4.73,D,0
19.01504,79.29558,332.57,0.52,0.5,2023-04-13,824,N20,VIIRS,l,2,306.3,3.82,D,0
19.01561,79.30052,343.26,0.52,0.5,2023-04-13,824,N20,VIIRS,n,2,305.91,3.82,D,0
19.01962,79.29502,342.82,0.52,0.5,2023-04-13,824,N20,VIIRS,n,2,305.59,6.56,D,0
19.02019,79.29999,346.56,0.52,0.5,2023-04-13,824,N20,VIIRS,n,2,305.47,6.56,D,0
19.03312,78.95998,333.7,0.49,0.49,2023-04-13,824,N20,VIIRS,l,2,306.54,3.32,D,0
19.04152,78.5689,336.73,0.47,0.47,2023-04-13,824,N20,VIIRS,n,2,304.94,1.52,D,0
19.04919,80.16463,336.7,0.59,0.53,2023-04-13,824,N20,VIIRS,n,2,303.69,5.52,D,0
19.05095,78.83907,334.95,0.49,0.48,2023-04-13,824,N20,VIIRS,l,2,307.64,4.33,D,0
19.05146,78.84348,339.26,0.49,0.48,2023-04-13,824,N20,VIIRS,n,2,307.36,4.33,D,0
19.0531,79.26105,345.12,0.52,0.5,2023-04-13,824,N20,VIIRS,n,2,305.78,8.52,D,0
19.05318,79.26436,346.62,0.52,0.5,2023-04-13,824,N20,VIIRS,n,2,305.19,10.18,D,0
19.05379,79.26948,330.94,0.52,0.5,2023-04-13,824,N20,VIIRS,l,2,304.79,3.26,D,0
19.0565,80.18707,338.21,0.59,0.53,2023-04-13,824,N20,VIIRS,n,2,302.68,9.0,D,0
19.05827,80.18867,342.01,0.59,0.53,2023-04-13,824,N20,VIIRS,n,2,302.94,8.13,D,0
19.05832,79.26858,338.0,0.52,0.5,2023-04-13,824,N20,VIIRS,n,2,306.42,3.26,D,0
19.05876,79.27032,338.32,0.52,0.5,2023-04-13,824,N20,VIIRS,n,2,304.63,2.81,D,0
19.06138,80.18667,338.7,0.59,0.53,2023-04-13,824,N20,VIIRS,n,2,302.68,4.32,D,0
19.06227,79.26012,331.68,0.52,0.5,2023-04-13,824,N20,VIIRS,l,2,304.79,6.76,D,0
19.06232,79.26321,334.29,0.52,0.5,2023-04-13,824,N20,VIIRS,l,2,305.63,5.07,D,0
19.06415,78.41023,340.43,0.46,0.47,2023-04-13,824,N20,VIIRS,n,2,306.1,5.12,D,0
19.06635,79.25806,335.34,0.52,0.5,2023-04-13,824,N20,VIIRS,l,2,305.62,5.07,D,0
19.06637,78.40972,339.89,0.46,0.47,2023-04-13,824,N20,VIIRS,n,2,307.05,7.35,D,0
19.06686,79.25977,341.4,0.52,0.5,2023-04-13,824,N20,VIIRS,n,2,306.08,6.22,D,0
19.06691,79.26278,351.56,0.52,0.5,2023-04-13,824,N20,VIIRS,n,2,306.9,5.07,D,0
19.06739,79.18198,337.69,0.51,0.49,2023-04-13,824,N20,VIIRS,n,2,305.7,2.82,D,0
19.06739,79.26444,343.22,0.52,0.5,2023-04-13,824,N20,VIIRS,n,2,306.87,6.22,D,0
19.06818,80.49826,333.67,0.62,0.54,2023-04-13,824,N20,VIIRS,n,2,299.54,3.4,D,0
19.07098,79.95966,331.05,0.57,0.52,2023-04-13,824,N20,VIIRS,l,2,302.55,2.11,D,0
19.07112,80.38986,334.6,0.61,0.54,2023-04-13,824,N20,VIIRS,n,2,302.96,4.22,D,0
19.07247,80.40184,345.5,0.61,0.54,2023-04-13,824,N20,VIIRS,n,2,303.9,8.7,D,0
19.07282,80.38826,338.63,0.61,0.54,2023-04-13,824,N20,VIIRS,n,2,303.75,8.65,D,0
19.07314,80.40783,331.92,0.61,0.54,2023-04-13,824,N20,VIIRS,l,2,302.45,4.03,D,0
19.07408,80.40017,335.9,0.61,0.54,2023-04-13,824,N20,VIIRS,n,2,304.07,6.89,D,0
19.07471,80.4062,341.23,0.61,0.54,2023-04-13,824,N20,VIIRS,n,2,303.52,6.89,D,0
19.07742,80.40134,344.57,0.61,0.54,2023-04-13,824,N20,VIIRS,n,2,304.21,12.62,D,0
19.07781,80.44945,335.57,0.62,0.54,2023-04-13,824,N20,VIIRS,n,2,304.17,5.5,D,0
19.07796,79.19387,337.56,0.51,0.5,2023-04-13,824,N20,VIIRS,n,2,305.74,4.84,D,0
19.07902,80.39969,347.69,0.61,0.54,2023-04-13,824,N20,VIIRS,n,2,303.77,6.89,D,0
19.07908,80.4479,333.59,0.62,0.54,2023-04-13,824,N20,VIIRS,l,2,304.3,4.1,D,0
19.09765,80.43379,332.89,0.62,0.54,2023-04-13,824,N20,VIIRS,n,2,302.37,3.35,D,0
19.10207,79.93372,332.14,0.57,0.52,2023-04-13,824,N20,VIIRS,l,2,303.49,4.49,D,0
19.10526,78.65219,349.21,0.47,0.48,2023-04-13,824,N20,VIIRS,n,2,307.61,9.22,D,0
19.10579,78.65675,345.29,0.47,0.48,2023-04-13,824,N20,VIIRS,n,2,305.68,5.98,D,0
19.10749,79.93871,335.39,0.57,0.52,2023-04-13,824,N20,VIIRS,n,2,303.12,3.49,D,0
19.10812,79.94433,335.58,0.57,0.52,2023-04-13,824,N20,VIIRS,n,2,303.2,3.49,D,0
19.10833,80.30083,331.98,0.61,0.53,2023-04-13,824,N20,VIIRS,n,2,301.72,2.98,D,0
19.10966,78.65163,345.81,0.47,0.48,2023-04-13,824,N20,VIIRS,n,2,306.67,9.22,D,0
19.11018,78.65618,331.89,0.47,0.48,2023-04-13,824,N20,VIIRS,l,2,304.48,5.98,D,0
19.11123,80.14684,332.5,0.59,0.53,2023-04-13,824,N20,VIIRS,l,2,303.42,2.53,D,0
19.11168,79.93282,333.46,0.57,0.52,2023-04-13,824,N20,VIIRS,n,2,303.23,4.95,D,0
19.11186,80.15249,340.28,0.59,0.53,2023-04-13,824,N20,VIIRS,n,2,304.06,4.32,D,0
19.1123,79.93838,334.58,0.57,0.52,2023-04-13,824,N20,VIIRS,n,2,302.56,6.44,D,0
19.11308,80.58374,331.31,0.63,0.54,2023-04-13,824,N20,VIIRS,l,2,303.14,5.73,D,0
19.11374,78.60979,339.29,0.47,0.48,2023-04-13,824,N20,VIIRS,n,2,306.1,3.35,D,0
19.11428,80.40195,342.36,0.61,0.54,2023-04-13,824,N20,VIIRS,n,2,304.21,8.29,D,0
19.11491,80.40784,338.69,0.62,0.54,2023-04-13,824,N20,VIIRS,n,2,302.41,10.37,D,0
19.11499,80.18082,332.13,0.59,0.53,2023-04-13,824,N20,VIIRS,l,2,304.02,3.56,D,0
19.11923,80.40144,342.4,0.61,0.54,2023-04-13,824,N20,VIIRS,n,2,304.05,8.29,D,0
19.11935,80.44913,330.02,0.62,0.54,2023-04-13,824,N20,VIIRS,l,2,302.76,1.8,D,0
19.13404,80.30864,330.42,0.61,0.53,2023-04-13,824,N20,VIIRS,l,2,301.21,6.85,D,0
19.13455,78.82941,341.19,0.49,0.48,2023-04-13,824,N20,VIIRS,n,2,304.19,2.82,D,0
19.13587,80.28018,337.59,0.6,0.53,2023-04-13,824,N20,VIIRS,n,2,302.96,4.94,D,0
19.14052,80.32217,337.5,0.61,0.53,2023-04-13,824,N20,VIIRS,n,2,302.41,4.32,D,0
19.14075,80.27934,334.46,0.6,0.53,2023-04-13,824,N20,VIIRS,n,2,302.57,7.15,D,0
19.14121,80.32845,334.97,0.61,0.53,2023-04-13,824,N20,VIIRS,n,2,301.97,4.32,D,0
19.14546,80.32181,332.29,0.61,0.53,2023-04-13,824,N20,VIIRS,l,2,302.36,4.25,D,0
19.14774,80.57243,330.73,0.63,0.54,2023-04-13,824,N20,VIIRS,l,2,303.19,6.08,D,0
19.1531,81.48122,332.72,0.36,0.58,2023-04-13,824,N20,VIIRS,n,2,302.07,1.96,D,0
19.1553,79.38161,337.65,0.53,0.5,2023-04-13,824,N20,VIIRS,n,2,304.22,4.0,D,0
19.15583,79.38615,334.65,0.53,0.5,2023-04-13,824,N20,VIIRS,n,2,301.82,4.0,D,0
19.15602,80.28275,334.25,0.6,0.53,2023-04-13,824,N20,VIIRS,n,2,302.02,3.14,D,0
19.1637,80.30679,330.89,0.61,0.53,2023-04-13,824,N20,VIIRS,l,2,302.68,4.45,D,0
19.16616,80.30996,330.68,0.61,0.53,2023-04-13,824,N20,VIIRS,l,2,303.27,1.94,D,0
19.1671,80.3371,332.79,0.61,0.53,2023-04-13,824,N20,VIIRS,l,2,303.27,5.09,D,0
19.16857,80.48559,338.94,0.62,0.54,2023-04-13,824,N20,VIIRS,n,2,302.68,4.46,D,0
19.16874,80.33457,334.19,0.61,0.53,2023-04-13,824,N20,VIIRS,n,2,303.18,6.71,D,0
19.16922,80.49154,333.37,0.62,0.54,2023-04-13,824,N20,VIIRS,n,2,302.12,4.46,D,0
19.16936,80.34046,340.58,0.61,0.53,2023-04-13,824,N20,VIIRS,n,2,303.22,6.71,D,0
19.17119,78.83386,331.52,0.49,0.48,2023-04-13,824,N20,VIIRS,l,2,304.15,4.2,D,0
19.17134,80.17174,344.5,0.59,0.53,2023-04-13,824,N20,VIIRS,n,2,304.92,8.07,D,0
19.17203,80.33656,343.61,0.61,0.53,2023-04-13,824,N20,VIIRS,n,2,303.68,5.09,D,0
19.17259,80.43111,344.47,0.62,0.54,2023-04-13,824,N20,VIIRS,n,2,303.63,7.72,D,0
19.17343,80.17401,343.64,0.59,0.53,2023-04-13,824,N20,VIIRS,n,2,304.6,9.25,D,0
19.17418,80.43468,341.56,0.62,0.54,2023-04-13,824,N20,VIIRS,n,2,302.34,10.04,D,0
19.17694,80.33595,332.06,0.61,0.53,2023-04-13,824,N20,VIIRS,l,2,303.43,12.75,D,0
19.17859,80.33339,349.78,0.61,0.53,2023-04-13,824,N20,VIIRS,n,2,305.67,20.92,D,0
19.18118,78.4333,336.15,0.46,0.47,2023-04-13,824,N20,VIIRS,n,2,304.76,4.52,D,0
19.18186,80.33533,355.06,0.61,0.53,2023-04-13,824,N20,VIIRS,n,2,305.33,12.75,D,0
19.18234,78.42951,343.55,0.46,0.47,2023-04-13,824,N20,VIIRS,n,2,305.91,7.33,D,0
19.18287,79.01286,335.8,0.5,0.49,2023-04-13,824,N20,VIIRS,n,2,305.22,3.63,D,0
19.1835,80.33278,342.78,0.61,0.53,2023-04-13,824,N20,VIIRS,n,2,304.29,9.51,D,0
19.18619,78.42477,333.22,0.46,0.47,2023-04-13,824,N20,VIIRS,l,2,303.53,4.69,D,0
19.18648,80.64872,330.16,0.32,0.55,2023-04-13,824,N20,VIIRS,l,2,301.58,1.95,D,0
19.18732,79.01179,338.34,0.5,0.49,2023-04-13,824,N20,VIIRS,n,2,305.03,3.63,D,0
19.19234,80.3398,331.31,0.61,0.53,2023-04-13,824,N20,VIIRS,l,2,303.23,5.01,D,0
19.19367,80.35146,332.06,0.61,0.53,2023-04-13,824,N20,VIIRS,n,2,302.45,4.19,D,0
19.19385,80.28962,332.19,0.61,0.53,2023-04-13,824,N20,VIIRS,l,2,303.63,4.56,D,0
19.19518,80.34883,333.73,0.61,0.54,2023-04-13,824,N20,VIIRS,n,2,302.82,3.46,D,0
19.19692,80.22586,341.53,0.6,0.53,2023-04-13,824,N20,VIIRS,n,2,302.79,8.76,D,0
19.19878,80.28918,336.77,0.61,0.53,2023-04-13,824,N20,VIIRS,n,2,303.46,3.99,D,0
19.20022,80.44373,331.68,0.62,0.54,2023-04-13,824,N20,VIIRS,l,2,302.11,5.48,D,0
19.20347,79.0327,354.78,0.5,0.49,2023-04-13,824,N20,VIIRS,n,2,308.85,10.39,D,0
19.2037,80.28872,331.02,0.61,0.53,2023-04-13,824,N20,VIIRS,l,2,303.54,3.99,D,0
19.20786,80.6624,352.26,0.32,0.55,2023-04-13,824,N20,VIIRS,n,2,301.69,5.73,D,0
19.20799,79.03222,338.63,0.5,0.49,2023-04-13,824,N20,VIIRS,n,2,305.88,10.39,D,0
19.2081,79.84122,335.57,0.57,0.52,2023-04-13,824,N20,VIIRS,n,2,303.62,6.09,D,0
19.20823,80.66129,337.9,0.32,0.55,2023-04-13,824,N20,VIIRS,n,2,301.44,2.05,D,0
19.20857,80.66433,330.02,0.32,0.55,2023-04-13,824,N20,VIIRS,n,2,299.51,2.05,D,0
19.20872,79.84672,338.9,0.57,0.52,2023-04-13,824,N20,VIIRS,n,2,303.62,6.09,D,0
19.20935,79.85226,331.21,0.57,0.52,2023-04-13,824,N20,VIIRS,l,2,302.23,4.98,D,0
19.21302,80.32903,341.53,0.61,0.53,2023-04-13,824,N20,VIIRS,n,2,303.49,4.09,D,0
19.2135,79.84622,352.37,0.57,0.52,2023-04-13,824,N20,VIIRS,n,2,303.41,6.09,D,0
19.21668,80.64924,343.88,0.32,0.55,2023-04-13,824,N20,VIIRS,n,2,302.25,3.38,D,0
19.21697,80.6482,344.83,0.32,0.55,2023-04-13,824,N20,VIIRS,n,2,303.2,3.62,D,0
19.22351,80.33385,348.53,0.61,0.53,2023-04-13,824,N20,VIIRS,n,2,304.5,9.29,D,0
19.22646,80.54901,330.05,0.63,0.54,2023-04-13,824,N20,VIIRS,l,2,302.25,5.72,D,0
19.23146,80.54845,332.5,0.63,0.54,2023-04-13,824,N20,VIIRS,n,2,302.05,5.72,D,0
19.24158,80.09409,339.71,0.59,0.53,2023-04-13,824,N20,VIIRS,n,2,304.44,7.75,D,0
19.24488,79.86196,334.75,0.57,0.52,2023-04-13,824,N20,VIIRS,l,2,305.09,2.76,D,0
19.25159,80.13934,333.8,0.59,0.53,2023-04-13,824,N20,VIIRS,l,2,305.77,3.92,D,0
19.25371,80.47356,332.18,0.62,0.54,2023-04-13,824,N20,VIIRS,l,2,302.62,6.14,D,0
19.26237,80.23519,351.52,0.6,0.53,2023-04-13,824,N20,VIIRS,n,2,303.71,13.82,D,0
19.26296,80.21486,333.75,0.6,0.53,2023-04-13,824,N20,VIIRS,n,2,302.36,2.61,D,0
19.26336,81.21469,332.07,0.35,0.57,2023-04-13,824,N20,VIIRS,n,2,299.52,3.22,D,0
19.26384,81.21317,330.86,0.35,0.57,2023-04-13,824,N20,VIIRS,n,2,300.56,2.1,D,0
19.26472,80.21201,332.49,0.6,0.53,2023-04-13,824,N20,VIIRS,l,2,302.96,2.83,D,0
19.26475,80.23191,339.03,0.6,0.53,2023-04-13,824,N20,VIIRS,n,2,302.76,7.18,D,0
19.26534,80.23759,343.36,0.6,0.53,2023-04-13,824,N20,VIIRS,n,2,302.67,7.18,D,0
19.28856,80.37982,330.12,0.62,0.54,2023-04-13,824,N20,VIIRS,l,2,303.05,2.07,D,0
19.2978,80.21646,330.13,0.6,0.53,2023-04-13,824,N20,VIIRS,l,2,302.41,2.16,D,0
19.319,80.0938,331.43,0.59,0.53,2023-04-13,824,N20,VIIRS,l,2,303.98,2.14,D,0
19.31959,80.09914,345.94,0.59,0.53,2023-04-13,824,N20,VIIRS,n,2,305.27,11.34,D,0
19.32443,80.09845,353.49,0.59,0.53,2023-04-13,824,N20,VIIRS,n,2,303.97,9.59,D,0
19.32455,81.13695,342.08,0.35,0.56,2023-04-13,824,N20,VIIRS,n,2,302.43,4.23,D,0
19.32487,81.14003,338.61,0.35,0.56,2023-04-13,824,N20,VIIRS,n,2,299.8,4.23,D,0
19.32623,80.07033,330.83,0.59,0.53,2023-04-13,824,N20,VIIRS,l,2,303.6,2.25,D,0
19.33169,80.07527,331.02,0.59,0.53,2023-04-13,824,N20,VIIRS,l,2,304.06,5.36,D,0
19.35135,81.1415,337.57,0.35,0.56,2023-04-13,824,N20,VIIRS,n,2,302.29,3.71,D,0
19.36558,80.17715,330.97,0.6,0.53,2023-04-13,824,N20,VIIRS,l,2,302.06,3.06,D,0
19.36617,80.18284,333.03,0.6,0.53,2023-04-13,824,N20,VIIRS,n,2,302.24,3.06,D,0
19.36861,80.18491,330.53,0.6,0.53,2023-04-13,824,N20,VIIRS,l,2,302.35,5.06,D,0
19.38588,80.20625,331.38,0.6,0.53,2023-04-13,824,N20,VIIRS,l,2,303.39,2.71,D,0
19.38948,80.07742,337.31,0.59,0.53,2023-04-13,824,N20,VIIRS,n,2,305.27,3.01,D,0
19.39129,80.71212,333.89,0.32,0.55,2023-04-13,824,N20,VIIRS,n,2,302.37,1.76,D,0
19.43412,80.21582,331.18,0.6,0.53,2023-04-13,824,N20,VIIRS,l,2,303.14,4.9,D,0
19.43507,81.43376,340.45,0.36,0.58,2023-04-13,824,N20,VIIRS,n,2,301.82,4.35,D,0
19.44119,80.79314,332.17,0.33,0.55,2023-04-13,824,N20,VIIRS,l,2,302.78,2.38,D,0
19.44801,79.89991,335.2,0.58,0.52,2023-04-13,824,N20,VIIRS,n,2,304.9,3.97,D,0
19.44824,79.9017,334.36,0.58,0.52,2023-04-13,824,N20,VIIRS,l,2,304.66,3.97,D,0
19.45325,80.07592,343.23,0.59,0.53,2023-04-13,824,N20,VIIRS,n,2,306.19,5.64,D,0
19.45543,80.06261,341.69,0.59,0.53,2023-04-13,824,N20,VIIRS,n,2,306.12,6.41,D,0
19.45661,80.07389,344.11,0.59,0.53,2023-04-13,824,N20,VIIRS,n,2,306.35,14.48,D,0
19.45684,80.06411,338.6,0.59,0.53,2023-04-13,824,N20,VIIRS,n,2,305.53,11.38,D,0
19.45811,80.07534,352.71,0.59,0.53,2023-04-13,824,N20,VIIRS,n,2,307.95,18.61,D,0
19.46028,80.06202,342.68,0.59,0.53,2023-04-13,824,N20,VIIRS,n,2,306.49,6.41,D,0
19.46106,80.05791,337.23,0.59,0.53,2023-04-13,824,N20,VIIRS,n,2,306.24,7.98,D,0
19.46147,80.07332,340.89,0.59,0.53,2023-04-13,824,N20,VIIRS,n,2,306.36,14.48,D,0
19.46169,80.06352,367.0,0.59,0.53,2023-04-13,824,N20,VIIRS,h,2,307.69,11.38,D,0
19.46206,80.0789,342.95,0.59,0.53,2023-04-13,824,N20,VIIRS,n,2,303.77,17.12,D,0
19.46296,80.07478,331.96,0.59,0.53,2023-04-13,824,N20,VIIRS,l,2,304.58,18.61,D,0
19.46513,80.06142,350.26,0.59,0.53,2023-04-13,824,N20,VIIRS,n,2,310.81,32.48,D,0
19.46573,80.06708,343.28,0.59,0.53,2023-04-13,824,N20,VIIRS,n,2,303.79,12.17,D,0
19.46591,80.05733,339.54,0.59,0.53,2023-04-13,824,N20,VIIRS,n,2,306.38,13.69,D,0
19.46608,80.23546,335.05,0.61,0.53,2023-04-13,824,N20,VIIRS,n,2,302.87,2.11,D,0
19.46654,80.06293,355.85,0.59,0.53,2023-04-13,824,N20,VIIRS,n,2,306.86,19.27,D,0
19.46998,80.0608,334.88,0.59,0.53,2023-04-13,824,N20,VIIRS,n,2,304.82,32.48,D,0
19.47058,80.06647,355.59,0.59,0.53,2023-04-13,824,N20,VIIRS,n,2,304.87,12.17,D,0
19.47139,80.06232,341.53,0.59,0.53,2023-04-13,824,N20,VIIRS,n,2,305.04,19.27,D,0
19.47203,80.06799,344.15,0.59,0.53,2023-04-13,824,N20,VIIRS,n,2,304.22,19.27,D,0
19.47582,80.16299,331.74,0.6,0.53,2023-04-13,824,N20,VIIRS,l,2,303.07,4.22,D,0
19.47642,80.16869,330.51,0.6,0.53,2023-04-13,824,N20,VIIRS,l,2,303.52,5.89,D,0
19.47734,80.15862,336.02,0.6,0.53,2023-04-13,824,N20,VIIRS,n,2,303.86,4.53,D,0
19.47861,80.16998,331.73,0.6,0.53,2023-04-13,824,N20,VIIRS,l,2,303.33,3.85,D,0
19.4801,80.15666,334.31,0.6,0.53,2023-04-13,824,N20,VIIRS,n,2,303.45,4.22,D,0
19.4807,80.16235,338.07,0.6,0.53,2023-04-13,824,N20,VIIRS,n,2,303.54,4.22,D,0
19.48221,80.15796,336.7,0.6,0.53,2023-04-13,824,N20,VIIRS,n,2,303.51,4.53,D,0
19.48285,80.16364,331.48,0.6,0.53,2023-04-13,824,N20,VIIRS,l,2,303.16,3.85,D,0
19.4835,80.16933,334.75,0.6,0.53,2023-04-13,824,N20,VIIRS,n,2,303.75,3.85,D,0
19.48558,80.16168,350.81,0.6,0.53,2023-04-13,824,N20,VIIRS,n,2,304.52,10.4,D,0
19.48618,80.16738,343.6,0.6,0.53,2023-04-13,824,N20,VIIRS,n,2,304.57,6.18,D,0
19.48679,80.17309,340.45,0.6,0.53,2023-04-13,824,N20,VIIRS,n,2,303.76,6.18,D,0
19.48773,80.163,343.06,0.6,0.53,2023-04-13,824,N20,VIIRS,n,2,303.65,7.57,D,0
19.48837,80.16869,351.54,0.6,0.53,2023-04-13,824,N20,VIIRS,n,2,305.1,7.57,D,0
19.49107,80.16676,331.82,0.6,0.53,2023-04-13,824,N20,VIIRS,l,2,303.23,6.18,D,0
19.51609,80.12342,345.83,0.6,0.53,2023-04-13,824,N20,VIIRS,n,2,304.55,7.83,D,0
19.52096,80.12278,335.13,0.6,0.53,2023-04-13,824,N20,VIIRS,n,2,304.72,5.42,D,0
19.52268,80.00346,334.5,0.59,0.53,2023-04-13,824,N20,VIIRS,n,2,303.84,4.03,D,0
19.5233,80.00907,335.08,0.59,0.53,2023-04-13,824,N20,VIIRS,n,2,303.44,4.03,D,0
19.52645,80.12781,332.55,0.6,0.53,2023-04-13,824,N20,VIIRS,l,2,304.37,8.33,D,0
19.53298,80.52085,338.17,0.63,0.54,2023-04-13,824,N20,VIIRS,n,2,303.57,5.57,D,0
19.53315,80.51954,341.95,0.63,0.54,2023-04-13,824,N20,VIIRS,n,2,303.88,10.2,D,0
19.53443,80.67984,341.34,0.32,0.55,2023-04-13,824,N20,VIIRS,n,2,302.14,4.69,D,0
19.53471,80.68258,335.45,0.32,0.55,2023-04-13,824,N20,VIIRS,n,2,300.99,3.31,D,0
19.53537,80.68063,344.45,0.32,0.55,2023-04-13,824,N20,VIIRS,n,2,302.25,5.29,D,0
19.53567,80.68335,331.18,0.32,0.55,2023-04-13,824,N20,VIIRS,n,2,300.3,2.73,D,0
19.53808,80.14384,340.66,0.6,0.53,2023-04-13,824,N20,VIIRS,n,2,302.54,10.04,D,0
19.54143,81.07466,332.75,0.34,0.56,2023-04-13,824,N20,VIIRS,l,2,303.28,2.85,D,0
19.54178,81.07793,335.04,0.35,0.56,2023-04-13,824,N20,VIIRS,n,2,303.56,2.85,D,0
19.54344,80.56955,333.08,0.32,0.55,2023-04-13,824,N20,VIIRS,n,2,302.94,3.03,D,0
19.54598,80.12569,331.14,0.6,0.53,2023-04-13,824,N20,VIIRS,l,2,302.92,5.27,D,0
19.54693,81.07698,333.16,0.35,0.56,2023-04-13,824,N20,VIIRS,n,2,301.6,3.83,D,0
19.55639,80.13046,330.46,0.6,0.53,2023-04-13,824,N20,VIIRS,l,2,302.1,1.76,D,0
19.56129,80.13004,338.6,0.6,0.53,2023-04-13,824,N20,VIIRS,n,2,303.09,6.19,D,0
19.5717,80.13477,332.37,0.6,0.53,2023-04-13,824,N20,VIIRS,l,2,303.45,3.84,D,0
19.62578,81.11414,339.6,0.35,0.57,2023-04-13,824,N20,VIIRS,n,2,299.41,2.54,D,0
19.62984,80.70924,334.41,0.33,0.55,2023-04-13,824,N20,VIIRS,n,2,300.42,2.54,D,0
19.631,81.11362,339.99,0.35,0.57,2023-04-13,824,N20,VIIRS,n,2,303.11,2.54,D,0
19.63136,81.11711,333.41,0.35,0.57,2023-04-13,824,N20,VIIRS,n,2,301.51,2.54,D,0
19.63531,80.66507,343.01,0.32,0.55,2023-04-13,824,N20,VIIRS,n,2,303.46,4.69,D,0
19.64037,80.66443,338.94,0.32,0.55,2023-04-13,824,N20,VIIRS,n,2,302.38,4.14,D,0
19.64809,81.12579,330.33,0.35,0.57,2023-04-13,824,N20,VIIRS,l,2,303.81,1.93,D,0
19.55687,78.53985,342.35,0.47,0.48,2023-04-13,825,N20,VIIRS,n,2,309.7,13.49,D,0
19.56089,78.69061,345.14,0.48,0.48,2023-04-13,825,N20,VIIRS,n,2,314.19,10.03,D,0
19.56142,78.69527,340.02,0.48,0.48,2023-04-13,825,N20,VIIRS,l,2,312.06,8.28,D,0
19.56359,78.71413,336.83,0.48,0.48,2023-04-13,825,N20,VIIRS,l,2,310.34,9.83,D,0
19.60089,80.34068,331.49,0.62,0.54,2023-04-13,825,N20,VIIRS,l,2,303.56,4.97,D,0
19.63402,80.66333,343.26,0.32,0.55,2023-04-13,825,N20,VIIRS,n,2,303.45,2.66,D,0
19.63907,80.66264,338.74,0.32,0.55,2023-04-13,825,N20,VIIRS,n,2,302.66,2.66,D,0
19.64494,79.87945,331.66,0.58,0.52,2023-04-13,825,N20,VIIRS,l,2,305.86,3.08,D,0
19.64521,78.72839,342.04,0.49,0.48,2023-04-13,825,N20,VIIRS,n,2,312.03,15.93,D,0
19.64698,78.7328,340.56,0.49,0.48,2023-04-13,825,N20,VIIRS,n,2,308.67,10.79,D,0
19.64975,79.87892,337.12,0.58,0.52,2023-04-13,825,N20,VIIRS,n,2,304.97,5.79,D,0
19.64998,79.88268,336.69,0.58,0.52,2023-04-13,825,N20,VIIRS,n,2,305.21,4.62,D,0
19.65355,79.17941,338.85,0.52,0.5,2023-04-13,825,N20,VIIRS,l,2,310.77,5.3,D,0
19.66081,79.93373,331.52,0.58,0.52,2023-04-13,825,N20,VIIRS,l,2,305.24,2.13,D,0
19.66268,80.12679,335.79,0.6,0.53,2023-04-13,825,N20,VIIRS,n,2,303.13,5.8,D,0
19.67285,79.86881,335.47,0.58,0.52,2023-04-13,825,N20,VIIRS,l,2,306.26,2.97,D,0
19.67315,79.8706,333.6,0.58,0.52,2023-04-13,825,N20,VIIRS,l,2,306.18,4.67,D,0
19.6756,80.28976,331.96,0.61,0.54,2023-04-13,825,N20,VIIRS,l,2,303.06,2.79,D,0
19.67765,79.86823,350.51,0.58,0.52,2023-04-13,825,N20,VIIRS,n,2,306.82,11.79,D,0
19.67797,80.74127,330.3,0.33,0.55,2023-04-13,825,N20,VIIRS,l,2,303.11,3.69,D,0
19.6816,80.11899,332.07,0.6,0.53,2023-04-13,825,N20,VIIRS,l,2,304.01,3.01,D,0
19.68785,79.87258,334.85,0.58,0.52,2023-04-13,825,N20,VIIRS,n,2,304.02,2.01,D,0
19.69835,78.68061,344.77,0.48,0.48,2023-04-13,825,N20,VIIRS,n,2,311.63,12.87,D,0
19.702,80.58035,332.29,0.32,0.55,2023-04-13,825,N20,VIIRS,n,2,300.95,2.4,D,0
19.70281,80.40083,330.68,0.63,0.54,2023-04-13,825,N20,VIIRS,l,2,301.6,3.35,D,0
19.71905,80.64393,333.99,0.32,0.55,2023-04-13,825,N20,VIIRS,n,2,300.87,1.56,D,0
19.72379,80.64043,335.73,0.32,0.55,2023-04-13,825,N20,VIIRS,n,2,300.82,2.9,D,0
19.72495,80.69891,345.9,0.33,0.55,2023-04-13,825,N20,VIIRS,n,2,303.64,5.25,D,0
19.72528,80.70191,354.14,0.33,0.55,2023-04-13,825,N20,VIIRS,n,2,303.69,5.25,D,0
19.72562,80.70509,333.35,0.33,0.55,2023-04-13,825,N20,VIIRS,n,2,302.85,5.1,D,0
19.73486,80.64801,343.2,0.32,0.55,2023-04-13,825,N20,VIIRS,n,2,302.55,2.81,D,0
19.74302,80.77123,334.83,0.33,0.55,2023-04-13,825,N20,VIIRS,n,2,301.05,1.68,D,0
19.74352,78.49194,342.46,0.47,0.48,2023-04-13,825,N20,VIIRS,l,2,314.12,15.22,D,0
19.75444,80.69829,331.63,0.33,0.55,2023-04-13,825,N20,VIIRS,l,2,303.06,2.65,D,0
19.75583,80.69916,331.89,0.33,0.55,2023-04-13,825,N20,VIIRS,l,2,302.09,3.53,D,0
19.75619,80.70247,336.61,0.33,0.55,2023-04-13,825,N20,VIIRS,n,2,301.22,4.92,D,0
19.75985,80.70097,337.0,0.33,0.55,2023-04-13,825,N20,VIIRS,n,2,301.71,5.01,D,0
19.77687,80.01463,331.91,0.59,0.53,2023-04-13,825,N20,VIIRS,n,2,299.96,5.05,D,0
19.78574,80.75237,339.37,0.33,0.55,2023-04-13,825,N20,VIIRS,n,2,301.04,2.07,D,0
19.78953,80.26308,330.91,0.61,0.54,2023-04-13,825,N20,VIIRS,l,2,302.05,6.76,D,0
19.79227,79.76178,333.42,0.57,0.52,2023-04-13,825,N20,VIIRS,l,2,303.67,9.88,D,0
19.79468,79.52277,347.36,0.55,0.51,2023-04-13,825,N20,VIIRS,n,2,307.1,6.54,D,0
19.81822,80.2067,346.02,0.61,0.53,2023-04-13,825,N20,VIIRS,n,2,303.9,11.83,D,0
19.82037,80.20848,346.54,0.61,0.53,2023-04-13,825,N20,VIIRS,n,2,303.92,7.95,D,0
19.8234,80.23739,342.76,0.61,0.54,2023-04-13,825,N20,VIIRS,n,2,303.87,6.91,D,0
19.82473,80.1087,330.32,0.6,0.53,2023-04-13,825,N20,VIIRS,l,2,302.32,4.08,D,0
19.84189,81.19878,333.02,0.35,0.57,2023-04-13,825,N20,VIIRS,n,2,301.01,3.84,D,0
19.84987,80.20468,330.02,0.61,0.53,2023-04-13,825,N20,VIIRS,l,2,301.82,1.8,D,0
19.86896,80.19675,331.35,0.61,0.53,2023-04-13,825,N20,VIIRS,l,2,303.18,8.27,D,0
19.89336,80.14693,335.84,0.6,0.53,2023-04-13,825,N20,VIIRS,n,2,301.86,8.79,D,0
19.89565,80.14525,334.77,0.61,0.53,2023-04-13,825,N20,VIIRS,n,2,302.17,6.19,D,0
19.89882,80.71737,335.0,0.33,0.55,2023-04-13,825,N20,VIIRS,n,2,301.72,2.73,D,0
19.91962,79.23113,341.04,0.53,0.5,2023-04-13,825,N20,VIIRS,n,2,310.27,11.68,D,0
19.92073,79.23402,343.96,0.53,0.5,2023-04-13,825,N20,VIIRS,n,2,311.23,12.54,D,0
19.93445,79.39262,330.97,0.54,0.51,2023-04-13,825,N20,VIIRS,l,2,303.6,5.36,D,0
19.93493,80.81542,330.1,0.34,0.56,2023-04-13,825,N20,VIIRS,l,2,300.33,2.28,D,0
19.93684,79.38937,330.32,0.54,0.51,2023-04-13,825,N20,VIIRS,l,2,304.87,1.59,D,0
19.94151,79.38877,330.95,0.54,0.51,2023-04-13,825,N20,VIIRS,l,2,304.97,1.59,D,0
19.97077,79.35393,331.82,0.54,0.51,2023-04-13,825,N20,VIIRS,l,2,305.61,1.68,D,0
19.99109,80.086,338.71,0.6,0.53,2023-04-13,825,N20,VIIRS,n,2,303.14,6.41,D,0
19.99373,80.08804,334.41,0.6,0.53,2023-04-13,825,N20,VIIRS,n,2,302.06,2.96,D,0
19.67076,80.73882,305.68,0.39,0.59,2023-04-13,2054,N20,VIIRS,n,2,292.18,2.49,N,0
19.6768,80.73693,306.1,0.39,0.59,2023-04-13,2054,N20,VIIRS,n,2,291.56,1.78,N,0
19.68101,80.63962,304.03,0.39,0.59,2023-04-13,2054,N20,VIIRS,n,2,289.13,1.45,N,0
19.77697,80.01785,304.89,0.35,0.57,2023-04-13,2054,N20,VIIRS,n,2,292.9,1.24,N,0
19.8818,80.13941,311.05,0.35,0.57,2023-04-13,2054,N20,VIIRS,n,2,292.85,1.97,N,0
19.88554,80.14717,306.9,0.36,0.57,2023-04-13,2054,N20,VIIRS,n,2,293.25,2.62,N,0
19.921,79.11201,308.03,0.61,0.53,2023-04-13,2054,N20,VIIRS,n,2,291.91,2.24,N,2
15.80725,79.02686,315.65,0.36,0.57,2023-04-13,2055,N20,VIIRS,n,2,294.59,1.01,N,0
15.80792,79.02351,309.25,0.36,0.57,2023-04-13,2055,N20,VIIRS,n,2,294.13,1.01,N,0
15.8122,79.02917,307.07,0.36,0.57,2023-04-13,2055,N20,VIIRS,n,2,295.46,1.01,N,0
15.81293,79.02556,310.53,0.36,0.57,2023-04-13,2055,N20,VIIRS,n,2,294.86,1.01,N,0
15.81363,79.02203,306.14,0.36,0.57,2023-04-13,2055,N20,VIIRS,n,2,294.52,1.57,N,0
15.86586,77.84966,314.21,0.6,0.53,2023-04-13,2055,N20,VIIRS,n,2,292.06,1.82,N,0
15.97558,78.54369,306.21,0.33,0.55,2023-04-13,2055,N20,VIIRS,n,2,292.88,0.46,N,0
15.99493,79.06744,310.31,0.36,0.57,2023-04-13,2055,N20,VIIRS,n,2,294.3,1.84,N,0
16.00001,79.06909,330.17,0.36,0.57,2023-04-13,2055,N20,VIIRS,n,2,295.06,1.84,N,0
16.07765,78.65679,311.71,0.34,0.56,2023-04-13,2055,N20,VIIRS,n,2,294.26,2.61,N,0
16.17505,78.79218,307.1,0.34,0.56,2023-04-13,2055,N20,VIIRS,n,2,291.24,2.45,N,0
16.19795,78.75697,326.57,0.34,0.56,2023-04-13,2055,N20,VIIRS,n,2,292.92,4.14,N,0
16.55927,79.80993,305.04,0.39,0.6,2023-04-13,2055,N20,VIIRS,n,2,292.08,0.35,N,0
16.87519,80.02294,305.03,0.4,0.6,2023-04-13,2055,N20,VIIRS,n,2,293.42,0.91,N,0
17.50035,81.0012,305.5,0.45,0.63,2023-04-13,2055,N20,VIIRS,n,2,292.11,2.28,N,0
17.54615,81.43427,306.08,0.48,0.65,2023-04-13,2055,N20,VIIRS,n,2,292.8,1.15,N,0
17.95849,80.79854,315.78,0.43,0.62,2023-04-13,2055,N20,VIIRS,n,2,294.73,2.53,N,2
17.95993,80.80087,313.83,0.43,0.62,2023-04-13,2055,N20,VIIRS,n,2,294.47,3.35,N,2
18.05034,80.45317,317.13,0.41,0.6,2023-04-13,2055,N20,VIIRS,n,2,289.77,2.03,N,0
18.05131,80.45187,313.71,0.4,0.6,2023-04-13,2055,N20,VIIRS,n,2,289.4,2.56,N,0
19.07319,79.18797,302.62,0.32,0.55,2023-04-13,2055,N20,VIIRS,n,2,283.79,0.5,N,0
19.09145,79.09776,306.06,0.63,0.54,2023-04-13,2055,N20,VIIRS,n,2,289.87,2.64,N,0
19.17552,79.01926,306.4,0.62,0.54,2023-04-13,2055,N20,VIIRS,n,2,292.09,4.45,N,0
15.68713,78.45856,307.57,0.33,0.55,2023-04-13,2056,N20,VIIRS,n,2,296.09,1.47,N,0
15.86719,77.84991,314.73,0.6,0.53,2023-04-13,2056,N20,VIIRS,n,2,291.98,2.43,N,0
15.54344,79.58828,339.7,0.41,0.37,2023-04-14,804,N20,VIIRS,l,2,314.68,5.26,D,0
15.58814,79.48798,349.05,0.41,0.37,2023-04-14,804,N20,VIIRS,n,2,315.84,8.24,D,0
15.5364,78.5815,337.92,0.39,0.36,2023-04-14,805,N20,VIIRS,n,2,307.56,4.77,D,0
15.59274,78.62028,334.11,0.39,0.36,2023-04-14,805,N20,VIIRS,l,2,308.35,2.94,D,0
15.59327,78.6239,338.33,0.39,0.36,2023-04-14,805,N20,VIIRS,n,2,306.17,2.94,D,0
15.65024,78.31959,348.42,0.39,0.36,2023-04-14,805,N20,VIIRS,n,2,296.89,7.91,D,0
15.65183,78.33037,351.12,0.39,0.36,2023-04-14,805,N20,VIIRS,n,2,293.95,4.33,D,0
15.66607,79.20669,340.26,0.4,0.37,2023-04-14,805,N20,VIIRS,l,2,312.63,4.59,D,0
15.68108,78.52858,335.07,0.39,0.36,2023-04-14,805,N20,VIIRS,n,2,302.33,7.23,D,0
15.69862,78.64813,336.13,0.39,0.36,2023-04-14,805,N20,VIIRS,n,2,309.53,1.65,D,0
15.72991,79.84002,331.75,0.42,0.38,2023-04-14,805,N20,VIIRS,l,2,304.42,1.88,D,0
15.79246,79.99146,336.65,0.43,0.38,2023-04-14,805,N20,VIIRS,l,2,310.24,3.03,D,0
15.79562,79.07954,346.74,0.4,0.37,2023-04-14,805,N20,VIIRS,n,2,312.4,5.91,D,0
15.79593,79.99094,340.82,0.43,0.38,2023-04-14,805,N20,VIIRS,l,2,311.05,3.03,D,0
15.7979,79.07153,338.65,0.4,0.37,2023-04-14,805,N20,VIIRS,l,2,310.64,8.38,D,0
15.80126,79.071,347.67,0.4,0.37,2023-04-14,805,N20,VIIRS,n,2,313.12,8.38,D,0
15.80532,79.02804,346.11,0.4,0.37,2023-04-14,805,N20,VIIRS,n,2,310.97,4.47,D,0
15.80815,79.02386,336.66,0.4,0.37,2023-04-14,805,N20,VIIRS,l,2,306.82,2.94,D,0
15.82591,78.47562,347.79,0.39,0.36,2023-04-14,805,N20,VIIRS,l,2,318.52,13.62,D,0
15.83716,79.03449,341.96,0.4,0.37,2023-04-14,805,N20,VIIRS,n,2,307.12,4.48,D,0
15.84196,79.23297,337.88,0.4,0.37,2023-04-14,805,N20,VIIRS,n,2,307.44,4.82,D,0
15.89523,79.29018,343.15,0.41,0.37,2023-04-14,805,N20,VIIRS,n,2,313.16,7.45,D,0
15.89623,79.28983,342.66,0.41,0.37,2023-04-14,805,N20,VIIRS,n,2,312.61,7.5,D,0
15.99654,79.04027,345.66,0.4,0.37,2023-04-14,805,N20,VIIRS,n,2,307.08,5.86,D,0
15.99707,79.04395,356.28,0.4,0.37,2023-04-14,805,N20,VIIRS,n,2,309.13,7.79,D,0
15.99825,78.83965,343.3,0.4,0.37,2023-04-14,805,N20,VIIRS,n,2,305.37,11.35,D,0
15.99879,78.84332,340.4,0.4,0.37,2023-04-14,805,N20,VIIRS,n,2,301.02,11.35,D,0
16.00045,79.04356,340.63,0.4,0.37,2023-04-14,805,N20,VIIRS,n,2,309.53,7.79,D,0
16.00099,79.04729,344.61,0.4,0.37,2023-04-14,805,N20,VIIRS,n,2,310.73,7.79,D,0
16.00108,78.83557,345.83,0.4,0.37,2023-04-14,805,N20,VIIRS,n,2,303.02,6.14,D,0
16.00153,79.05103,349.26,0.4,0.37,2023-04-14,805,N20,VIIRS,n,2,316.28,34.27,D,0
16.00162,78.83926,354.66,0.4,0.37,2023-04-14,805,N20,VIIRS,n,2,307.13,6.86,D,0
16.00207,79.05477,353.82,0.4,0.37,2023-04-14,805,N20,VIIRS,n,2,312.78,34.27,D,0
16.00216,78.84293,334.64,0.4,0.37,2023-04-14,805,N20,VIIRS,n,2,302.94,6.86,D,0
16.00261,79.05851,349.52,0.4,0.37,2023-04-14,805,N20,VIIRS,n,2,306.05,7.42,D,0
16.0027,78.8466,347.49,0.4,0.37,2023-04-14,805,N20,VIIRS,n,2,303.19,6.9,D,0
16.00315,79.06224,351.23,0.4,0.37,2023-04-14,805,N20,VIIRS,n,2,305.21,7.42,D,0
16.00445,78.83516,346.33,0.4,0.37,2023-04-14,805,N20,VIIRS,n,2,305.07,6.14,D,0
16.00499,78.83884,333.35,0.4,0.37,2023-04-14,805,N20,VIIRS,n,2,301.68,6.86,D,0
16.00552,78.84248,337.4,0.4,0.37,2023-04-14,805,N20,VIIRS,n,2,300.59,6.86,D,0
16.0078,78.83466,342.23,0.4,0.37,2023-04-14,805,N20,VIIRS,n,2,302.46,4.31,D,0
16.02111,80.39162,344.08,0.44,0.39,2023-04-14,805,N20,VIIRS,n,2,313.74,4.74,D,0
16.04528,80.38386,354.16,0.44,0.39,2023-04-14,805,N20,VIIRS,n,2,317.61,10.18,D,0
16.05372,80.67761,338.68,0.46,0.39,2023-04-14,805,N20,VIIRS,l,2,310.64,4.69,D,0
16.05374,80.34098,339.48,0.44,0.39,2023-04-14,805,N20,VIIRS,n,2,309.31,3.92,D,0
16.05727,80.34046,338.17,0.44,0.39,2023-04-14,805,N20,VIIRS,n,2,305.68,9.0,D,0
16.07265,78.77068,339.9,0.4,0.37,2023-04-14,805,N20,VIIRS,l,2,310.85,6.63,D,0
16.08498,79.46289,341.01,0.41,0.37,2023-04-14,805,N20,VIIRS,l,2,312.88,7.77,D,0
16.09109,78.75653,335.55,0.39,0.37,2023-04-14,805,N20,VIIRS,l,2,310.23,3.51,D,0
16.09442,78.75595,346.06,0.39,0.37,2023-04-14,805,N20,VIIRS,n,2,309.67,3.51,D,0
16.09776,78.75539,347.4,0.39,0.37,2023-04-14,805,N20,VIIRS,n,2,311.24,5.28,D,0
16.11898,78.73703,341.04,0.39,0.37,2023-04-14,805,N20,VIIRS,l,2,314.36,7.48,D,0
16.12071,78.72556,345.27,0.39,0.37,2023-04-14,805,N20,VIIRS,n,2,310.06,12.54,D,0
16.12514,78.73241,351.04,0.39,0.37,2023-04-14,805,N20,VIIRS,n,2,311.26,9.25,D,0
16.12568,78.73606,355.22,0.39,0.37,2023-04-14,805,N20,VIIRS,n,2,313.93,23.35,D,0
16.12903,78.7356,345.59,0.39,0.37,2023-04-14,805,N20,VIIRS,n,2,313.44,6.85,D,0
16.13238,78.73512,353.0,0.39,0.37,2023-04-14,805,N20,VIIRS,n,2,314.14,6.85,D,0
16.13292,78.7388,348.85,0.39,0.37,2023-04-14,805,N20,VIIRS,n,2,313.99,6.85,D,0
16.13627,78.73834,341.92,0.39,0.37,2023-04-14,805,N20,VIIRS,n,2,310.99,5.5,D,0
16.13681,78.74199,349.91,0.39,0.37,2023-04-14,805,N20,VIIRS,n,2,313.11,10.24,D,0
16.13979,79.16274,334.8,0.4,0.37,2023-04-14,805,N20,VIIRS,l,2,309.58,2.3,D,0
16.16144,78.77576,348.17,0.4,0.37,2023-04-14,805,N20,VIIRS,n,2,272.24,8.2,D,0
16.16198,78.7795,346.15,0.4,0.37,2023-04-14,805,N20,VIIRS,n,2,270.51,8.2,D,0
16.17883,77.10181,346.62,0.39,0.36,2023-04-14,805,N20,VIIRS,n,2,312.48,8.37,D,0
16.19218,78.75202,332.78,0.4,0.37,2023-04-14,805,N20,VIIRS,n,2,295.55,4.22,D,0
16.19983,78.78099,331.28,0.4,0.37,2023-04-14,805,N20,VIIRS,n,2,297.35,4.52,D,0
16.20036,78.78461,338.84,0.4,0.37,2023-04-14,805,N20,VIIRS,n,2,298.04,5.53,D,0
16.20263,78.77677,350.49,0.4,0.37,2023-04-14,805,N20,VIIRS,n,2,299.21,5.11,D,0
16.20317,78.78043,337.7,0.4,0.37,2023-04-14,805,N20,VIIRS,n,2,297.88,5.11,D,0
16.2037,78.78405,344.41,0.4,0.37,2023-04-14,805,N20,VIIRS,n,2,301.12,7.4,D,0
16.20651,78.77986,335.61,0.4,0.37,2023-04-14,805,N20,VIIRS,n,2,296.09,5.11,D,0
16.20824,78.76829,341.5,0.4,0.37,2023-04-14,805,N20,VIIRS,n,2,301.02,4.89,D,0
16.26928,80.33491,346.6,0.44,0.39,2023-04-14,805,N20,VIIRS,n,2,312.44,5.02,D,0
16.26985,80.33907,340.99,0.44,0.39,2023-04-14,805,N20,VIIRS,n,2,310.61,5.02,D,0
16.29144,80.10606,338.89,0.43,0.38,2023-04-14,805,N20,VIIRS,l,2,309.94,3.13,D,0
16.30635,80.34202,345.92,0.44,0.39,2023-04-14,805,N20,VIIRS,n,2,311.67,5.69,D,0
16.34709,80.58459,341.73,0.46,0.39,2023-04-14,805,N20,VIIRS,l,2,316.23,9.35,D,0
16.35425,80.58354,346.14,0.46,0.39,2023-04-14,805,N20,VIIRS,n,2,314.79,13.13,D,0
16.59199,80.73944,338.52,0.47,0.39,2023-04-14,805,N20,VIIRS,n,2,310.58,3.39,D,0
16.66309,79.66897,330.75,0.42,0.38,2023-04-14,805,N20,VIIRS,n,2,291.45,2.65,D,0
16.81491,78.97356,342.44,0.4,0.37,2023-04-14,805,N20,VIIRS,n,2,308.97,6.65,D,0
16.90177,78.87184,336.07,0.4,0.37,2023-04-14,805,N20,VIIRS,n,2,288.35,2.65,D,0
16.93293,77.12412,336.87,0.38,0.36,2023-04-14,805,N20,VIIRS,l,2,310.49,3.04,D,0
17.04871,77.91331,332.73,0.39,0.36,2023-04-14,805,N20,VIIRS,l,2,306.03,1.46,D,0
17.07132,78.38931,334.04,0.39,0.36,2023-04-14,805,N20,VIIRS,n,2,302.76,2.24,D,0
17.08754,80.09579,333.38,0.44,0.38,2023-04-14,805,N20,VIIRS,n,2,294.91,2.4,D,0
17.12918,77.97421,339.35,0.39,0.36,2023-04-14,805,N20,VIIRS,l,2,311.17,7.59,D,0
17.15152,81.0463,339.73,0.49,0.4,2023-04-14,805,N20,VIIRS,n,2,304.68,3.93,D,0
17.17874,78.94351,332.57,0.4,0.37,2023-04-14,805,N20,VIIRS,n,2,290.37,1.99,D,0
17.21014,77.99458,338.79,0.39,0.36,2023-04-14,805,N20,VIIRS,l,2,311.5,5.44,D,0
17.23209,79.09836,344.29,0.41,0.37,2023-04-14,805,N20,VIIRS,n,2,311.06,24.55,D,0
17.24523,81.46383,335.37,0.51,0.41,2023-04-14,805,N20,VIIRS,n,2,304.5,3.57,D,0
17.25089,81.44833,335.47,0.51,0.41,2023-04-14,805,N20,VIIRS,n,2,303.84,3.12,D,0
17.25752,77.06958,344.57,0.38,0.36,2023-04-14,805,N20,VIIRS,l,2,314.68,20.01,D,0
17.25942,81.3971,334.45,0.51,0.41,2023-04-14,805,N20,VIIRS,n,2,301.08,3.66,D,0
17.26292,81.39351,331.55,0.51,0.41,2023-04-14,805,N20,VIIRS,l,2,302.63,2.8,D,0
17.27025,81.42028,332.47,0.51,0.41,2023-04-14,805,N20,VIIRS,l,2,303.33,5.44,D,0
17.27045,81.42214,335.16,0.51,0.41,2023-04-14,805,N20,VIIRS,n,2,303.1,4.93,D,0
17.27119,77.88065,338.56,0.39,0.36,2023-04-14,805,N20,VIIRS,n,2,308.15,2.99,D,0
17.29383,81.36506,334.93,0.51,0.41,2023-04-14,805,N20,VIIRS,n,2,303.99,4.04,D,0
17.30886,81.39175,331.25,0.51,0.41,2023-04-14,805,N20,VIIRS,l,2,302.56,2.07,D,0
17.30893,81.36301,331.91,0.51,0.41,2023-04-14,805,N20,VIIRS,l,2,303.94,3.89,D,0
17.31617,78.09221,340.67,0.39,0.36,2023-04-14,805,N20,VIIRS,l,2,313.0,6.05,D,0
17.31904,81.49905,336.92,0.52,0.41,2023-04-14,805,N20,VIIRS,n,2,300.53,5.21,D,0
17.37105,81.36758,330.43,0.51,0.41,2023-04-14,805,N20,VIIRS,l,2,303.94,7.09,D,0
17.37169,81.36985,338.65,0.51,0.41,2023-04-14,805,N20,VIIRS,n,2,303.11,5.31,D,0
17.37694,81.41117,335.74,0.51,0.41,2023-04-14,805,N20,VIIRS,n,2,302.09,6.77,D,0
17.37729,81.41344,338.9,0.51,0.41,2023-04-14,805,N20,VIIRS,n,2,302.65,10.06,D,0
17.37758,81.41592,330.51,0.51,0.41,2023-04-14,805,N20,VIIRS,l,2,302.29,3.66,D,0
17.38046,81.40809,335.82,0.51,0.41,2023-04-14,805,N20,VIIRS,n,2,302.46,5.43,D,0
17.38072,81.41061,336.1,0.51,0.41,2023-04-14,805,N20,VIIRS,n,2,302.43,5.17,D,0
17.38169,81.41764,334.84,0.51,0.41,2023-04-14,805,N20,VIIRS,n,2,303.01,5.29,D,0
17.38547,81.41707,341.86,0.51,0.41,2023-04-14,805,N20,VIIRS,n,2,303.46,5.29,D,0
17.38579,81.41956,342.89,0.51,0.41,2023-04-14,805,N20,VIIRS,n,2,303.74,10.71,D,0
17.38925,81.41648,331.46,0.51,0.41,2023-04-14,805,N20,VIIRS,l,2,303.89,3.23,D,0
17.38987,81.42127,331.9,0.51,0.41,2023-04-14,805,N20,VIIRS,l,2,302.37,3.23,D,0
17.415,78.67204,342.49,0.4,0.37,2023-04-14,805,N20,VIIRS,n,2,301.78,3.54,D,0
17.41719,80.31358,336.97,0.45,0.39,2023-04-14,805,N20,VIIRS,n,2,302.76,3.04,D,0
17.42212,81.34382,332.05,0.51,0.41,2023-04-14,805,N20,VIIRS,n,2,301.2,2.05,D,0
17.43161,81.21346,334.49,0.5,0.41,2023-04-14,805,N20,VIIRS,n,2,305.21,2.27,D,0
17.45132,81.47736,330.33,0.52,0.41,2023-04-14,805,N20,VIIRS,l,2,301.59,4.53,D,0
17.46606,80.48161,343.19,0.46,0.39,2023-04-14,805,N20,VIIRS,n,2,312.77,7.23,D,0
17.46778,80.48257,339.33,0.46,0.39,2023-04-14,805,N20,VIIRS,l,2,310.72,4.15,D,0
17.52101,80.77233,335.81,0.48,0.4,2023-04-14,805,N20,VIIRS,n,2,303.22,5.35,D,0
17.52587,80.78081,337.3,0.48,0.4,2023-04-14,805,N20,VIIRS,n,2,297.4,2.82,D,0
17.53777,81.43251,333.22,0.52,0.41,2023-04-14,805,N20,VIIRS,n,2,295.48,3.5,D,0
17.54156,81.43188,339.16,0.52,0.41,2023-04-14,805,N20,VIIRS,n,2,297.31,3.5,D,0
17.54886,80.56467,336.53,0.47,0.4,2023-04-14,805,N20,VIIRS,l,2,309.37,5.63,D,0
17.55043,81.44046,336.92,0.52,0.41,2023-04-14,805,N20,VIIRS,n,2,296.65,9.28,D,0
17.56025,80.98449,333.75,0.49,0.4,2023-04-14,805,N20,VIIRS,n,2,297.45,4.92,D,0
17.56397,80.98409,331.47,0.49,0.4,2023-04-14,805,N20,VIIRS,n,2,299.3,5.01,D,0
17.57942,80.98664,336.44,0.49,0.4,2023-04-14,805,N20,VIIRS,n,2,296.48,4.07,D,0
17.6056,77.87,331.45,0.39,0.36,2023-04-14,805,N20,VIIRS,n,2,299.13,2.52,D,0
17.62687,80.39822,334.98,0.46,0.39,2023-04-14,805,N20,VIIRS,n,2,297.28,5.12,D,0
17.64236,81.37685,337.24,0.51,0.41,2023-04-14,805,N20,VIIRS,n,2,305.47,3.08,D,0
17.64441,80.6645,334.75,0.47,0.4,2023-04-14,805,N20,VIIRS,n,2,302.44,2.78,D,0
17.66028,80.58958,337.66,0.47,0.4,2023-04-14,805,N20,VIIRS,l,2,310.4,4.97,D,0
17.66331,80.58462,341.79,0.47,0.4,2023-04-14,805,N20,VIIRS,n,2,311.65,7.5,D,0
17.66636,78.18862,339.11,0.39,0.36,2023-04-14,805,N20,VIIRS,n,2,304.07,3.66,D,0
17.67031,78.16924,340.59,0.39,0.36,2023-04-14,805,N20,VIIRS,n,2,303.68,3.24,D,0
17.69181,78.90998,346.07,0.41,0.37,2023-04-14,805,N20,VIIRS,n,2,289.09,6.02,D,0
17.71988,81.472,334.0,0.52,0.42,2023-04-14,805,N20,VIIRS,n,2,300.49,3.49,D,0
17.73015,77.43129,338.25,0.38,0.36,2023-04-14,805,N20,VIIRS,n,2,306.6,1.2,D,0
17.75255,79.89501,336.69,0.44,0.38,2023-04-14,805,N20,VIIRS,n,2,302.62,3.37,D,0
17.8046,77.13857,338.06,0.38,0.36,2023-04-14,805,N20,VIIRS,l,2,309.98,4.57,D,0
17.80731,80.79382,342.78,0.48,0.4,2023-04-14,805,N20,VIIRS,n,2,305.58,8.43,D,0
17.81994,80.6959,333.06,0.48,0.4,2023-04-14,805,N20,VIIRS,l,2,303.41,3.58,D,0
17.82001,80.69475,334.98,0.48,0.4,2023-04-14,805,N20,VIIRS,n,2,304.4,4.42,D,0
17.83913,80.61574,334.6,0.47,0.4,2023-04-14,805,N20,VIIRS,n,2,303.32,2.93,D,0
17.8678,77.17226,340.68,0.38,0.36,2023-04-14,805,N20,VIIRS,l,2,311.07,6.37,D,0
17.88305,80.21808,336.7,0.45,0.39,2023-04-14,805,N20,VIIRS,n,2,304.1,0.88,D,0
17.88896,80.57214,333.14,0.47,0.4,2023-04-14,805,N20,VIIRS,l,2,304.41,2.6,D,0
17.88956,80.57653,333.41,0.47,0.4,2023-04-14,805,N20,VIIRS,l,2,304.08,2.6,D,0
17.8902,80.21705,338.64,0.45,0.39,2023-04-14,805,N20,VIIRS,n,2,305.14,4.37,D,0
17.89039,80.03152,336.8,0.45,0.39,2023-04-14,805,N20,VIIRS,n,2,300.43,2.51,D,0
17.8932,80.57601,334.23,0.47,0.4,2023-04-14,805,N20,VIIRS,l,2,305.17,5.31,D,0
18.09433,81.32508,337.45,0.52,0.41,2023-04-14,805,N20,VIIRS,n,2,302.19,3.27,D,0
18.15718,80.26747,333.82,0.46,0.39,2023-04-14,805,N20,VIIRS,n,2,296.36,1.99,D,0
18.21972,80.22905,338.11,0.46,0.39,2023-04-14,805,N20,VIIRS,n,2,300.95,3.5,D,0
18.26087,80.28931,331.72,0.46,0.39,2023-04-14,805,N20,VIIRS,l,2,303.52,3.14,D,0
18.26447,80.2888,342.91,0.46,0.39,2023-04-14,805,N20,VIIRS,n,2,304.37,5.14,D,0
18.26453,77.12701,339.93,0.38,0.36,2023-04-14,805,N20,VIIRS,l,2,310.9,7.21,D,0
18.29174,80.01442,336.11,0.45,0.39,2023-04-14,805,N20,VIIRS,n,2,289.55,4.36,D,0
18.3072,80.26628,331.2,0.46,0.39,2023-04-14,805,N20,VIIRS,l,2,302.24,1.79,D,0
18.30851,77.16761,339.04,0.38,0.36,2023-04-14,805,N20,VIIRS,l,2,309.88,4.98,D,0
18.31739,80.37951,331.56,0.47,0.39,2023-04-14,805,N20,VIIRS,l,2,304.79,3.94,D,0
18.31866,80.38079,342.75,0.47,0.39,2023-04-14,805,N20,VIIRS,n,2,304.95,4.55,D,0
18.321,80.37896,335.23,0.47,0.39,2023-04-14,805,N20,VIIRS,n,2,304.78,3.63,D,0
18.32161,80.38335,340.5,0.47,0.39,2023-04-14,805,N20,VIIRS,n,2,304.96,3.63,D,0
18.32228,80.38025,338.1,0.47,0.39,2023-04-14,805,N20,VIIRS,n,2,304.52,4.55,D,0
18.33661,80.26653,333.87,0.46,0.39,2023-04-14,805,N20,VIIRS,n,2,303.33,4.02,D,0
18.33677,80.37817,330.68,0.47,0.39,2023-04-14,805,N20,VIIRS,l,2,305.0,1.99,D,0
18.33752,77.22566,336.95,0.38,0.36,2023-04-14,805,N20,VIIRS,l,2,307.31,5.64,D,0
18.36153,80.37001,336.23,0.47,0.39,2023-04-14,805,N20,VIIRS,n,2,304.21,3.35,D,0
18.42487,80.31177,331.32,0.46,0.39,2023-04-14,805,N20,VIIRS,n,2,300.96,0.64,D,0
18.43036,80.38701,331.6,0.47,0.4,2023-04-14,805,N20,VIIRS,l,2,302.1,1.82,D,0
18.43723,80.37733,334.48,0.47,0.4,2023-04-14,805,N20,VIIRS,l,2,305.24,2.57,D,0
18.44566,80.38512,333.81,0.47,0.4,2023-04-14,805,N20,VIIRS,n,2,303.52,1.33,D,0
18.44929,80.38461,339.42,0.47,0.4,2023-04-14,805,N20,VIIRS,n,2,304.24,3.8,D,0
18.45976,80.32464,331.35,0.47,0.39,2023-04-14,805,N20,VIIRS,l,2,303.42,1.29,D,0
18.49429,80.14614,336.59,0.46,0.39,2023-04-14,805,N20,VIIRS,n,2,301.46,5.73,D,0
18.51391,80.14016,333.58,0.46,0.39,2023-04-14,805,N20,VIIRS,n,2,296.53,4.11,D,0
18.54102,80.2335,341.36,0.46,0.39,2023-04-14,805,N20,VIIRS,n,2,306.22,3.11,D,0
18.54953,81.41498,334.31,0.53,0.42,2023-04-14,805,N20,VIIRS,n,2,302.72,3.42,D,0
18.56198,80.25273,332.52,0.46,0.39,2023-04-14,805,N20,VIIRS,l,2,305.12,3.34,D,0
18.56483,80.30147,340.74,0.47,0.39,2023-04-14,805,N20,VIIRS,n,2,306.04,2.95,D,0
18.56618,80.25661,337.23,0.46,0.39,2023-04-14,805,N20,VIIRS,n,2,306.11,4.13,D,0
18.57825,80.23693,336.5,0.46,0.39,2023-04-14,805,N20,VIIRS,n,2,306.24,2.11,D,0
18.58879,80.56573,337.66,0.48,0.4,2023-04-14,805,N20,VIIRS,l,2,310.8,4.68,D,0
18.59085,80.24854,335.02,0.46,0.39,2023-04-14,805,N20,VIIRS,l,2,307.76,2.07,D,0
18.5941,80.63457,337.51,0.48,0.4,2023-04-14,805,N20,VIIRS,n,2,306.6,3.5,D,0
18.59582,80.1237,339.05,0.46,0.39,2023-04-14,805,N20,VIIRS,n,2,297.47,4.04,D,0
18.59997,80.18063,339.08,0.46,0.39,2023-04-14,805,N20,VIIRS,n,2,302.27,5.5,D,0
18.60063,80.07905,332.98,0.46,0.39,2023-04-14,805,N20,VIIRS,n,2,297.07,2.83,D,0
18.60229,80.25137,338.33,0.46,0.39,2023-04-14,805,N20,VIIRS,l,2,308.88,2.65,D,0
18.60589,80.25085,340.31,0.46,0.39,2023-04-14,805,N20,VIIRS,n,2,309.62,7.42,D,0
18.60649,80.25523,347.16,0.46,0.39,2023-04-14,805,N20,VIIRS,n,2,309.41,7.42,D,0
18.6095,80.25033,353.53,0.46,0.39,2023-04-14,805,N20,VIIRS,n,2,310.95,7.42,D,0
18.61244,81.34041,335.48,0.53,0.42,2023-04-14,805,N20,VIIRS,n,2,302.27,5.54,D,0
18.6161,80.27167,345.78,0.46,0.39,2023-04-14,805,N20,VIIRS,n,2,308.87,6.58,D,0
18.62544,80.61636,330.46,0.48,0.4,2023-04-14,805,N20,VIIRS,l,2,304.05,2.07,D,0
18.63705,80.56323,337.47,0.48,0.4,2023-04-14,805,N20,VIIRS,l,2,308.49,3.96,D,0
18.65178,80.70123,331.9,0.49,0.4,2023-04-14,805,N20,VIIRS,l,2,304.45,2.95,D,0
18.65854,80.69549,330.64,0.49,0.4,2023-04-14,805,N20,VIIRS,l,2,304.49,1.53,D,0
18.65963,80.53668,332.29,0.48,0.4,2023-04-14,805,N20,VIIRS,l,2,306.2,2.54,D,0
18.69025,80.26635,342.03,0.47,0.39,2023-04-14,805,N20,VIIRS,n,2,308.12,3.87,D,0
18.69387,80.26584,336.17,0.47,0.39,2023-04-14,805,N20,VIIRS,l,2,308.71,3.09,D,0
18.71551,80.31664,336.06,0.47,0.4,2023-04-14,805,N20,VIIRS,l,2,307.39,3.49,D,0
18.72017,79.53658,337.19,0.43,0.38,2023-04-14,805,N20,VIIRS,l,2,307.75,4.39,D,2
18.74505,80.61939,346.2,0.48,0.4,2023-04-14,805,N20,VIIRS,n,2,303.98,7.37,D,0
18.74566,80.62397,335.04,0.48,0.4,2023-04-14,805,N20,VIIRS,n,2,301.72,3.45,D,0
18.74929,80.65122,330.46,0.49,0.4,2023-04-14,805,N20,VIIRS,n,2,290.23,1.85,D,0
18.74938,80.28611,336.32,0.47,0.39,2023-04-14,805,N20,VIIRS,l,2,308.61,2.97,D,0
18.75238,80.64616,333.51,0.49,0.4,2023-04-14,805,N20,VIIRS,n,2,295.5,2.96,D,0
18.75325,79.87996,333.59,0.45,0.39,2023-04-14,805,N20,VIIRS,n,2,300.3,2.21,D,0
18.76468,80.68182,333.15,0.49,0.4,2023-04-14,805,N20,VIIRS,n,2,300.75,13.39,D,0
18.77852,80.39461,336.31,0.47,0.4,2023-04-14,805,N20,VIIRS,l,2,306.96,1.84,D,0
18.77923,81.14149,334.28,0.52,0.41,2023-04-14,805,N20,VIIRS,n,2,303.8,2.73,D,0
18.81163,80.22757,341.53,0.46,0.39,2023-04-14,805,N20,VIIRS,n,2,303.9,2.71,D,0
18.81198,80.39481,339.57,0.47,0.4,2023-04-14,805,N20,VIIRS,n,2,308.92,3.66,D,0
18.81255,80.62495,332.08,0.49,0.4,2023-04-14,805,N20,VIIRS,l,2,304.37,3.27,D,0
18.81312,80.6293,340.96,0.49,0.4,2023-04-14,805,N20,VIIRS,n,2,304.94,3.27,D,0
18.81342,80.24072,334.48,0.47,0.39,2023-04-14,805,N20,VIIRS,l,2,305.64,5.17,D,0
18.81371,80.63377,347.74,0.49,0.4,2023-04-14,805,N20,VIIRS,n,2,304.81,7.18,D,0
18.81703,80.24016,349.28,0.47,0.39,2023-04-14,805,N20,VIIRS,n,2,306.53,5.17,D,0
18.82371,80.12761,336.95,0.46,0.39,2023-04-14,805,N20,VIIRS,n,2,293.81,3.62,D,0
18.82407,80.4296,337.21,0.47,0.4,2023-04-14,805,N20,VIIRS,l,2,309.87,4.86,D,0
18.82488,80.12393,338.22,0.46,0.39,2023-04-14,805,N20,VIIRS,n,2,296.38,6.85,D,0
18.8261,80.11836,334.84,0.46,0.39,2023-04-14,805,N20,VIIRS,n,2,296.19,4.56,D,0
18.8273,80.1271,336.76,0.46,0.39,2023-04-14,805,N20,VIIRS,n,2,294.43,4.01,D,0
18.82732,80.11465,338.56,0.46,0.39,2023-04-14,805,N20,VIIRS,n,2,299.85,3.95,D,0
18.8285,80.21612,340.21,0.46,0.39,2023-04-14,805,N20,VIIRS,n,2,301.93,4.61,D,0
18.82911,80.63651,331.32,0.49,0.4,2023-04-14,805,N20,VIIRS,l,2,304.07,3.16,D,0
18.82976,80.61297,332.67,0.48,0.4,2023-04-14,805,N20,VIIRS,l,2,306.11,3.13,D,0
18.83771,80.61628,331.54,0.49,0.4,2023-04-14,805,N20,VIIRS,l,2,305.03,3.84,D,0
18.83856,80.82446,335.11,0.5,0.41,2023-04-14,805,N20,VIIRS,n,2,304.11,1.82,D,0
18.84355,80.38103,343.13,0.47,0.4,2023-04-14,805,N20,VIIRS,n,2,307.79,6.27,D,0
18.84881,80.55869,332.75,0.48,0.4,2023-04-14,805,N20,VIIRS,l,2,303.05,2.17,D,0
18.85365,80.25826,341.05,0.47,0.39,2023-04-14,805,N20,VIIRS,l,2,312.65,8.35,D,0
18.85423,80.26265,339.34,0.47,0.39,2023-04-14,805,N20,VIIRS,l,2,311.45,6.98,D,0
18.87517,80.45051,335.19,0.48,0.4,2023-04-14,805,N20,VIIRS,l,2,307.02,2.52,D,0
18.87577,80.45376,333.21,0.48,0.4,2023-04-14,805,N20,VIIRS,l,2,305.97,3.36,D,0
18.88439,80.26726,337.51,0.47,0.4,2023-04-14,805,N20,VIIRS,l,2,308.74,3.51,D,0
18.88498,80.2717,337.67,0.47,0.4,2023-04-14,805,N20,VIIRS,l,2,308.53,3.51,D,0
18.88538,80.47153,336.08,0.48,0.4,2023-04-14,805,N20,VIIRS,n,2,304.55,5.74,D,0
18.88902,80.11002,332.84,0.46,0.39,2023-04-14,805,N20,VIIRS,n,2,301.37,2.05,D,0
18.88961,80.11433,352.24,0.46,0.39,2023-04-14,805,N20,VIIRS,n,2,304.0,5.81,D,0
18.89019,80.11862,337.74,0.46,0.39,2023-04-14,805,N20,VIIRS,n,2,303.16,5.81,D,0
18.89645,80.27457,341.05,0.47,0.4,2023-04-14,805,N20,VIIRS,n,2,309.64,3.48,D,0
18.89731,80.39237,350.63,0.47,0.4,2023-04-14,805,N20,VIIRS,n,2,304.27,4.54,D,0
18.8979,80.39684,331.92,0.47,0.4,2023-04-14,805,N20,VIIRS,l,2,303.28,4.54,D,0
18.90008,80.27406,338.68,0.47,0.4,2023-04-14,805,N20,VIIRS,n,2,308.5,3.48,D,0
18.90095,80.39182,335.39,0.47,0.4,2023-04-14,805,N20,VIIRS,n,2,303.49,4.54,D,0
18.9046,80.39127,331.99,0.47,0.4,2023-04-14,805,N20,VIIRS,l,2,304.22,2.31,D,0
18.90702,80.08067,330.89,0.46,0.39,2023-04-14,805,N20,VIIRS,n,2,296.35,2.43,D,0
18.91216,80.28139,343.05,0.47,0.4,2023-04-14,805,N20,VIIRS,n,2,310.2,5.41,D,0
18.92611,80.16665,332.09,0.46,0.39,2023-04-14,805,N20,VIIRS,l,2,302.39,2.63,D,0
18.93559,80.37286,330.28,0.47,0.4,2023-04-14,805,N20,VIIRS,l,2,304.29,2.8,D,0
18.93619,80.37733,337.2,0.47,0.4,2023-04-14,805,N20,VIIRS,n,2,303.67,3.67,D,0
18.94275,80.82565,337.52,0.5,0.41,2023-04-14,805,N20,VIIRS,l,2,307.91,2.9,D,0
18.94886,80.44384,334.3,0.48,0.4,2023-04-14,805,N20,VIIRS,l,2,305.08,5.09,D,0
18.95066,80.40192,330.97,0.47,0.4,2023-04-14,805,N20,VIIRS,l,2,303.53,3.06,D,0
18.95462,80.74195,335.35,0.49,0.41,2023-04-14,805,N20,VIIRS,n,2,302.61,2.79,D,0
18.96552,80.17505,340.88,0.46,0.39,2023-04-14,805,N20,VIIRS,n,2,303.44,4.19,D,0
18.96622,79.98888,335.12,0.45,0.39,2023-04-14,805,N20,VIIRS,n,2,304.64,2.28,D,0
18.96913,80.17448,334.7,0.46,0.39,2023-04-14,805,N20,VIIRS,n,2,302.94,3.38,D,0
18.97305,80.06662,342.23,0.46,0.39,2023-04-14,805,N20,VIIRS,n,2,303.91,7.68,D,0
18.9736,80.07069,348.89,0.46,0.39,2023-04-14,805,N20,VIIRS,n,2,303.66,7.68,D,0
18.97417,80.0749,341.33,0.46,0.39,2023-04-14,805,N20,VIIRS,n,2,300.63,2.43,D,0
19.00097,80.16489,330.84,0.46,0.39,2023-04-14,805,N20,VIIRS,n,2,300.42,1.97,D,0
19.00406,80.55285,334.18,0.48,0.4,2023-04-14,805,N20,VIIRS,l,2,306.2,3.29,D,0
19.00466,80.55746,332.52,0.48,0.4,2023-04-14,805,N20,VIIRS,l,2,307.03,3.29,D,0
19.00775,80.55237,339.92,0.48,0.4,2023-04-14,805,N20,VIIRS,n,2,307.98,3.29,D,0
19.01144,80.55189,334.25,0.48,0.4,2023-04-14,805,N20,VIIRS,l,2,306.51,2.33,D,0
19.01275,80.30772,337.07,0.47,0.4,2023-04-14,805,N20,VIIRS,n,2,306.52,2.33,D,0
19.01604,80.41624,331.75,0.48,0.4,2023-04-14,805,N20,VIIRS,l,2,306.27,3.62,D,0
19.01641,80.30731,332.82,0.47,0.4,2023-04-14,805,N20,VIIRS,l,2,306.03,3.61,D,0
19.02253,80.16106,331.54,0.46,0.39,2023-04-14,805,N20,VIIRS,n,2,301.09,2.26,D,0
19.03006,80.40958,332.91,0.48,0.4,2023-04-14,805,N20,VIIRS,l,2,306.43,4.11,D,0
19.03458,80.1684,337.67,0.46,0.39,2023-04-14,805,N20,VIIRS,n,2,301.57,6.27,D,0
19.03475,80.55795,336.44,0.48,0.4,2023-04-14,805,N20,VIIRS,l,2,308.09,3.83,D,0
19.03498,80.41848,333.12,0.48,0.4,2023-04-14,805,N20,VIIRS,l,2,306.92,1.53,D,0
19.038,80.41325,334.75,0.48,0.4,2023-04-14,805,N20,VIIRS,l,2,305.77,3.31,D,0
19.04038,80.40321,340.29,0.48,0.4,2023-04-14,805,N20,VIIRS,n,2,306.19,3.76,D,0
19.04103,80.408,339.94,0.48,0.4,2023-04-14,805,N20,VIIRS,n,2,305.53,3.31,D,0
19.04712,80.39785,332.56,0.48,0.4,2023-04-14,805,N20,VIIRS,l,2,306.57,6.29,D,0
19.04732,80.18066,331.1,0.46,0.39,2023-04-14,805,N20,VIIRS,n,2,300.35,2.74,D,0
19.04837,80.40719,341.79,0.48,0.4,2023-04-14,805,N20,VIIRS,n,2,308.17,9.23,D,0
19.0514,80.40203,331.86,0.48,0.4,2023-04-14,805,N20,VIIRS,l,2,305.54,3.65,D,0
19.05395,80.17529,335.36,0.46,0.39,2023-04-14,805,N20,VIIRS,n,2,302.14,3.91,D,0
19.05568,80.51769,345.56,0.48,0.4,2023-04-14,805,N20,VIIRS,n,2,308.82,3.73,D,0
19.05629,80.52225,336.8,0.48,0.4,2023-04-14,805,N20,VIIRS,l,2,307.88,3.73,D,0
19.06121,80.50294,335.2,0.48,0.4,2023-04-14,805,N20,VIIRS,l,2,309.06,4.1,D,0
19.06123,80.44733,337.5,0.48,0.4,2023-04-14,805,N20,VIIRS,l,2,309.29,2.84,D,0
19.06182,80.50748,335.65,0.48,0.4,2023-04-14,805,N20,VIIRS,l,2,307.88,2.78,D,0
19.06849,80.39058,334.1,0.48,0.4,2023-04-14,805,N20,VIIRS,n,2,303.47,2.16,D,0
19.07158,80.4134,333.51,0.48,0.4,2023-04-14,805,N20,VIIRS,l,2,307.7,2.37,D,0
19.08437,80.39771,332.01,0.48,0.4,2023-04-14,805,N20,VIIRS,l,2,306.68,2.38,D,0
19.09817,80.80959,346.25,0.5,0.41,2023-04-14,805,N20,VIIRS,n,2,310.08,6.68,D,0
19.10498,80.77481,338.14,0.5,0.41,2023-04-14,805,N20,VIIRS,n,2,307.08,1.22,D,0
18.75514,78.00774,335.63,0.39,0.36,2023-04-14,806,N20,VIIRS,l,2,309.99,5.5,D,0
19.00741,78.40852,334.76,0.4,0.37,2023-04-14,806,N20,VIIRS,n,2,303.81,2.94,D,0
19.0144,79.29263,332.1,0.43,0.38,2023-04-14,806,N20,VIIRS,n,2,298.63,2.12,D,0
19.04625,77.88491,342.6,0.39,0.36,2023-04-14,806,N20,VIIRS,l,2,316.39,8.61,D,0
19.04856,80.18152,331.97,0.47,0.39,2023-04-14,806,N20,VIIRS,n,2,300.29,1.69,D,0
19.05522,80.17612,340.16,0.46,0.39,2023-04-14,806,N20,VIIRS,n,2,301.9,5.26,D,0
19.06901,80.19685,342.92,0.47,0.39,2023-04-14,806,N20,VIIRS,n,2,297.55,4.26,D,0
19.08391,79.5804,335.34,0.44,0.38,2023-04-14,806,N20,VIIRS,n,2,299.56,2.5,D,0
19.09138,79.95351,339.28,0.45,0.39,2023-04-14,806,N20,VIIRS,n,2,302.37,3.13,D,0
19.09317,80.495,333.43,0.48,0.4,2023-04-14,806,N20,VIIRS,l,2,307.92,1.86,D,0
19.09325,79.15763,337.5,0.42,0.38,2023-04-14,806,N20,VIIRS,n,2,306.48,4.03,D,0
19.09381,79.16164,341.79,0.42,0.38,2023-04-14,806,N20,VIIRS,n,2,306.35,4.03,D,0
19.09495,79.95296,336.15,0.45,0.39,2023-04-14,806,N20,VIIRS,n,2,302.42,3.13,D,0
19.09738,80.18827,344.91,0.47,0.39,2023-04-14,806,N20,VIIRS,n,2,304.78,6.56,D,0
19.09914,79.93024,333.84,0.45,0.39,2023-04-14,806,N20,VIIRS,n,2,301.78,1.82,D,0
19.09936,79.10068,345.54,0.42,0.38,2023-04-14,806,N20,VIIRS,n,2,305.95,9.8,D,0
19.10211,79.92535,331.36,0.45,0.39,2023-04-14,806,N20,VIIRS,l,2,301.9,3.28,D,0
19.10668,80.48372,349.12,0.48,0.4,2023-04-14,806,N20,VIIRS,n,2,309.0,6.96,D,0
19.10787,80.49281,340.97,0.48,0.4,2023-04-14,806,N20,VIIRS,n,2,307.14,3.59,D,0
19.10924,79.95078,341.79,0.45,0.39,2023-04-14,806,N20,VIIRS,n,2,304.7,5.35,D,0
19.11035,80.48318,351.07,0.48,0.4,2023-04-14,806,N20,VIIRS,n,2,308.54,6.71,D,0
19.11095,80.48773,351.32,0.48,0.4,2023-04-14,806,N20,VIIRS,n,2,309.06,6.71,D,0
19.11154,80.49228,347.96,0.48,0.4,2023-04-14,806,N20,VIIRS,n,2,308.59,6.24,D,0
19.11182,80.40891,340.26,0.48,0.4,2023-04-14,806,N20,VIIRS,n,2,307.04,5.71,D,0
19.11242,80.41346,340.99,0.48,0.4,2023-04-14,806,N20,VIIRS,n,2,306.4,5.71,D,0
19.11282,79.95026,332.98,0.45,0.39,2023-04-14,806,N20,VIIRS,n,2,302.78,2.72,D,0
19.11427,80.17673,343.97,0.47,0.39,2023-04-14,806,N20,VIIRS,n,2,304.41,4.0,D,0
19.11462,80.48718,346.49,0.48,0.4,2023-04-14,806,N20,VIIRS,n,2,309.83,6.71,D,0
19.11521,80.49172,347.01,0.48,0.4,2023-04-14,806,N20,VIIRS,n,2,308.21,6.24,D,0
19.11541,80.43617,340.26,0.48,0.4,2023-04-14,806,N20,VIIRS,n,2,307.45,5.08,D,0
19.11548,80.40839,333.17,0.48,0.4,2023-04-14,806,N20,VIIRS,l,2,307.0,2.93,D,0
19.11571,80.29793,336.4,0.47,0.4,2023-04-14,806,N20,VIIRS,n,2,303.91,6.32,D,0
19.11608,80.41294,341.47,0.48,0.4,2023-04-14,806,N20,VIIRS,n,2,306.44,2.93,D,0
19.11729,80.17179,333.74,0.47,0.39,2023-04-14,806,N20,VIIRS,n,2,302.52,4.0,D,0
19.11889,80.49117,341.37,0.48,0.4,2023-04-14,806,N20,VIIRS,n,2,307.98,4.34,D,0
19.11935,80.29739,349.02,0.47,0.4,2023-04-14,806,N20,VIIRS,n,2,304.43,6.32,D,0
19.12091,80.17126,334.07,0.47,0.39,2023-04-14,806,N20,VIIRS,n,2,301.25,2.48,D,0
19.13066,80.43858,334.39,0.48,0.4,2023-04-14,806,N20,VIIRS,l,2,307.54,2.36,D,0
19.13493,80.44257,333.84,0.48,0.4,2023-04-14,806,N20,VIIRS,l,2,307.67,1.42,D,0
19.13552,80.67659,332.92,0.49,0.4,2023-04-14,806,N20,VIIRS,l,2,303.41,3.13,D,0
19.13633,80.28571,342.5,0.47,0.4,2023-04-14,806,N20,VIIRS,n,2,304.12,2.92,D,0
19.13692,80.29016,332.25,0.47,0.4,2023-04-14,806,N20,VIIRS,l,2,304.33,2.92,D,0
19.138,80.43752,333.69,0.48,0.4,2023-04-14,806,N20,VIIRS,l,2,306.93,1.97,D,0
19.13994,80.28507,331.85,0.47,0.4,2023-04-14,806,N20,VIIRS,l,2,302.52,2.92,D,0
19.14166,80.43699,336.1,0.48,0.4,2023-04-14,806,N20,VIIRS,l,2,307.41,2.28,D,0
19.14379,80.20396,339.59,0.47,0.39,2023-04-14,806,N20,VIIRS,n,2,304.53,4.1,D,0
19.14401,80.48287,344.57,0.48,0.4,2023-04-14,806,N20,VIIRS,n,2,307.78,5.58,D,0
19.14562,78.68843,334.46,0.41,0.37,2023-04-14,806,N20,VIIRS,n,2,303.23,3.46,D,0
19.14593,80.44098,332.8,0.48,0.4,2023-04-14,806,N20,VIIRS,l,2,306.96,2.71,D,0
19.1462,80.11356,330.09,0.46,0.39,2023-04-14,806,N20,VIIRS,n,2,299.93,3.78,D,0
19.15197,80.48643,343.23,0.48,0.4,2023-04-14,806,N20,VIIRS,n,2,307.99,4.02,D,0
19.15984,78.83727,353.48,0.41,0.37,2023-04-14,806,N20,VIIRS,n,2,297.67,11.2,D,0
19.16045,80.12634,335.38,0.46,0.39,2023-04-14,806,N20,VIIRS,n,2,300.28,2.83,D,0
19.1658,78.75661,331.47,0.41,0.37,2023-04-14,806,N20,VIIRS,n,2,296.42,2.22,D,0
19.16856,80.33189,334.02,0.47,0.4,2023-04-14,806,N20,VIIRS,n,2,299.63,2.34,D,0
19.16915,80.44683,336.7,0.48,0.4,2023-04-14,806,N20,VIIRS,l,2,308.32,3.02,D,0
19.17038,80.42818,334.52,0.48,0.4,2023-04-14,806,N20,VIIRS,l,2,308.41,3.2,D,0
19.171,80.3499,343.51,0.47,0.4,2023-04-14,806,N20,VIIRS,n,2,299.26,4.57,D,0
19.17206,78.7517,333.65,0.41,0.37,2023-04-14,806,N20,VIIRS,n,2,297.83,3.03,D,0
19.17221,80.33136,348.39,0.47,0.4,2023-04-14,806,N20,VIIRS,n,2,300.68,7.4,D,0
19.1752,78.59726,334.71,0.41,0.37,2023-04-14,806,N20,VIIRS,n,2,300.03,3.06,D,0
19.17526,80.35385,332.1,0.47,0.4,2023-04-14,806,N20,VIIRS,n,2,300.79,1.9,D,0
19.17696,80.33696,339.33,0.47,0.4,2023-04-14,806,N20,VIIRS,n,2,301.52,2.8,D,0
19.17707,80.3398,340.18,0.47,0.4,2023-04-14,806,N20,VIIRS,n,2,301.11,6.19,D,0
19.17754,80.34143,331.64,0.47,0.4,2023-04-14,806,N20,VIIRS,n,2,299.61,2.8,D,0
19.17838,78.91867,343.23,0.42,0.37,2023-04-14,806,N20,VIIRS,n,2,296.63,4.17,D,0
19.18032,79.00697,330.41,0.42,0.38,2023-04-14,806,N20,VIIRS,n,2,293.52,2.3,D,0
19.18088,79.0109,336.61,0.42,0.38,2023-04-14,806,N20,VIIRS,n,2,293.98,2.3,D,0
19.18162,78.66745,350.68,0.41,0.37,2023-04-14,806,N20,VIIRS,n,2,309.01,8.65,D,0
19.1862,80.35218,341.7,0.47,0.4,2023-04-14,806,N20,VIIRS,n,2,301.94,5.97,D,0
19.1866,80.35386,340.37,0.48,0.4,2023-04-14,806,N20,VIIRS,n,2,301.39,5.06,D,0
19.18687,80.41199,333.38,0.48,0.4,2023-04-14,806,N20,VIIRS,l,2,303.51,3.68,D,0
19.18715,79.00558,330.21,0.42,0.38,2023-04-14,806,N20,VIIRS,n,2,294.1,2.84,D,0
19.18966,80.34876,331.8,0.48,0.4,2023-04-14,806,N20,VIIRS,n,2,300.26,3.37,D,0
19.19106,80.44553,342.27,0.48,0.4,2023-04-14,806,N20,VIIRS,n,2,307.09,3.84,D,0
19.19164,80.45009,341.05,0.48,0.4,2023-04-14,806,N20,VIIRS,n,2,306.69,3.84,D,0
19.19178,80.44823,354.39,0.48,0.4,2023-04-14,806,N20,VIIRS,n,2,307.51,8.61,D,0
19.19224,80.45467,345.69,0.48,0.4,2023-04-14,806,N20,VIIRS,n,2,306.92,2.87,D,0
19.1924,80.4528,343.68,0.48,0.4,2023-04-14,806,N20,VIIRS,n,2,306.8,4.93,D,0
19.19272,80.3437,330.2,0.47,0.4,2023-04-14,806,N20,VIIRS,l,2,301.39,1.29,D,0
19.19283,80.45924,337.72,0.48,0.4,2023-04-14,806,N20,VIIRS,n,2,306.25,2.87,D,0
19.19302,80.45736,343.77,0.48,0.4,2023-04-14,806,N20,VIIRS,n,2,307.12,4.93,D,0
19.19532,80.44957,335.85,0.48,0.4,2023-04-14,806,N20,VIIRS,n,2,305.19,3.84,D,0
19.19591,80.45415,330.85,0.48,0.4,2023-04-14,806,N20,VIIRS,l,2,305.32,2.87,D,0
19.1965,80.45871,331.13,0.48,0.4,2023-04-14,806,N20,VIIRS,l,2,305.71,2.87,D,0
19.20314,79.84603,333.88,0.45,0.39,2023-04-14,806,N20,VIIRS,n,2,291.3,5.93,D,0
19.20372,79.8503,344.33,0.45,0.39,2023-04-14,806,N20,VIIRS,n,2,294.47,6.69,D,0
19.20788,79.85409,349.36,0.45,0.39,2023-04-14,806,N20,VIIRS,n,2,293.12,8.05,D,0
19.21298,79.18927,340.67,0.43,0.38,2023-04-14,806,N20,VIIRS,l,2,311.31,3.84,D,0
19.21609,80.61034,342.86,0.49,0.4,2023-04-14,806,N20,VIIRS,n,2,306.95,7.39,D,0
19.21773,80.65253,334.45,0.49,0.4,2023-04-14,806,N20,VIIRS,n,2,299.17,3.85,D,0
19.21777,80.61282,347.36,0.49,0.4,2023-04-14,806,N20,VIIRS,n,2,307.41,8.28,D,0
19.21863,80.42764,336.51,0.48,0.4,2023-04-14,806,N20,VIIRS,n,2,303.19,3.35,D,0
19.23606,80.53214,332.14,0.49,0.4,2023-04-14,806,N20,VIIRS,l,2,302.98,1.79,D,0
19.2369,80.45278,338.36,0.48,0.4,2023-04-14,806,N20,VIIRS,n,2,305.04,3.09,D,0
19.23866,80.13292,354.1,0.46,0.39,2023-04-14,806,N20,VIIRS,n,2,290.86,13.24,D,0
19.23997,80.4477,334.06,0.48,0.4,2023-04-14,806,N20,VIIRS,n,2,304.04,3.09,D,0
19.24364,80.44719,334.97,0.48,0.4,2023-04-14,806,N20,VIIRS,l,2,305.71,2.88,D,0
19.24425,80.45175,332.64,0.48,0.4,2023-04-14,806,N20,VIIRS,l,2,304.06,2.88,D,0
19.24885,79.17641,338.92,0.43,0.38,2023-04-14,806,N20,VIIRS,l,2,312.9,4.08,D,0
19.25587,80.45471,338.92,0.48,0.4,2023-04-14,806,N20,VIIRS,n,2,306.2,3.67,D,0
19.25648,80.45927,336.52,0.48,0.4,2023-04-14,806,N20,VIIRS,n,2,304.52,3.67,D,0
19.25894,80.44965,334.53,0.48,0.4,2023-04-14,806,N20,VIIRS,l,2,305.8,2.95,D,0
19.26574,80.22344,333.01,0.47,0.4,2023-04-14,806,N20,VIIRS,n,2,301.0,2.41,D,0
19.26615,78.40162,340.55,0.4,0.37,2023-04-14,806,N20,VIIRS,n,2,309.3,5.88,D,0
19.26937,80.22294,334.33,0.47,0.4,2023-04-14,806,N20,VIIRS,n,2,301.07,2.41,D,0
19.27014,80.22401,333.02,0.47,0.4,2023-04-14,806,N20,VIIRS,n,2,299.04,1.74,D,0
19.27207,79.13979,334.97,0.42,0.38,2023-04-14,806,N20,VIIRS,l,2,309.06,4.43,D,0
19.27244,80.35516,336.44,0.48,0.4,2023-04-14,806,N20,VIIRS,n,2,303.78,1.99,D,0
19.27305,80.35966,337.22,0.48,0.4,2023-04-14,806,N20,VIIRS,n,2,302.45,3.3,D,0
19.28251,78.51681,334.54,0.41,0.37,2023-04-14,806,N20,VIIRS,n,2,304.05,0.9,D,0
19.28331,79.06856,347.65,0.42,0.38,2023-04-14,806,N20,VIIRS,n,2,305.47,7.08,D,0
19.28521,80.31197,330.82,0.47,0.4,2023-04-14,806,N20,VIIRS,l,2,301.97,2.0,D,0
19.28548,80.31319,330.52,0.47,0.4,2023-04-14,806,N20,VIIRS,l,2,301.87,2.82,D,0
19.28628,79.31995,340.1,0.43,0.38,2023-04-14,806,N20,VIIRS,l,2,313.44,8.05,D,0
19.29429,80.38094,337.74,0.48,0.4,2023-04-14,806,N20,VIIRS,n,2,302.23,4.85,D,0
19.29501,80.38412,337.02,0.48,0.4,2023-04-14,806,N20,VIIRS,n,2,301.76,2.65,D,0
19.30047,80.20145,344.73,0.47,0.4,2023-04-14,806,N20,VIIRS,n,2,305.8,3.55,D,0
19.30105,80.20586,335.39,0.47,0.4,2023-04-14,806,N20,VIIRS,n,2,304.1,3.55,D,0
19.3015,78.55297,336.98,0.41,0.37,2023-04-14,806,N20,VIIRS,n,2,302.19,2.73,D,0
19.30204,78.55683,338.89,0.41,0.37,2023-04-14,806,N20,VIIRS,n,2,302.82,4.42,D,0
19.30792,80.14632,343.41,0.47,0.39,2023-04-14,806,N20,VIIRS,n,2,300.81,5.74,D,0
19.30822,81.41269,333.2,0.54,0.42,2023-04-14,806,N20,VIIRS,n,2,300.61,2.71,D,0
19.3091,80.15513,332.38,0.47,0.39,2023-04-14,806,N20,VIIRS,n,2,299.53,2.02,D,0
19.31213,80.15018,337.85,0.47,0.39,2023-04-14,806,N20,VIIRS,n,2,302.19,3.76,D,0
19.31272,80.15459,343.33,0.47,0.39,2023-04-14,806,N20,VIIRS,n,2,301.38,4.93,D,0
19.31657,81.38589,338.86,0.54,0.42,2023-04-14,806,N20,VIIRS,n,2,305.23,5.2,D,0
19.32824,80.21544,337.32,0.47,0.4,2023-04-14,806,N20,VIIRS,n,2,306.85,3.52,D,0
19.33789,79.08858,339.4,0.42,0.38,2023-04-14,806,N20,VIIRS,n,2,309.08,4.95,D,0
19.34601,80.0466,337.78,0.46,0.39,2023-04-14,806,N20,VIIRS,l,2,308.33,3.49,D,0
19.34625,79.8973,342.41,0.45,0.39,2023-04-14,806,N20,VIIRS,n,2,305.96,5.54,D,0
19.35039,79.44872,343.36,0.44,0.38,2023-04-14,806,N20,VIIRS,n,2,312.63,6.26,D,0
19.35511,79.08552,341.95,0.42,0.38,2023-04-14,806,N20,VIIRS,n,2,311.73,4.32,D,0
19.35608,81.16099,348.1,0.52,0.42,2023-04-14,806,N20,VIIRS,n,2,309.44,11.76,D,0
19.35792,79.66055,333.75,0.44,0.39,2023-04-14,806,N20,VIIRS,l,2,307.55,2.04,D,0
19.35968,79.09312,341.09,0.42,0.38,2023-04-14,806,N20,VIIRS,n,2,310.73,5.04,D,0
19.3603,80.26095,336.5,0.47,0.4,2023-04-14,806,N20,VIIRS,l,2,306.57,2.19,D,0
19.36637,80.1962,337.78,0.47,0.4,2023-04-14,806,N20,VIIRS,n,2,306.61,3.22,D,0
19.37182,80.20905,340.47,0.47,0.4,2023-04-14,806,N20,VIIRS,n,2,307.12,5.52,D,0
19.37444,81.12284,352.87,0.52,0.42,2023-04-14,806,N20,VIIRS,n,2,303.77,12.01,D,0
19.37826,81.12227,334.85,0.52,0.42,2023-04-14,806,N20,VIIRS,n,2,303.05,3.07,D,0
19.37889,81.12708,333.15,0.52,0.42,2023-04-14,806,N20,VIIRS,n,2,301.11,3.07,D,0
19.38145,79.67416,349.8,0.45,0.39,2023-04-14,806,N20,VIIRS,n,2,308.57,10.71,D,0
19.38326,79.08508,341.35,0.42,0.38,2023-04-14,806,N20,VIIRS,l,2,312.82,5.21,D,0
19.38779,81.05204,334.46,0.52,0.41,2023-04-14,806,N20,VIIRS,n,2,300.98,5.48,D,0
19.38853,79.67307,335.85,0.45,0.39,2023-04-14,806,N20,VIIRS,n,2,305.79,2.3,D,0
19.38874,81.05479,337.43,0.52,0.41,2023-04-14,806,N20,VIIRS,n,2,301.88,5.92,D,0
19.38911,79.67731,337.22,0.45,0.39,2023-04-14,806,N20,VIIRS,n,2,305.71,3.47,D,0
19.39207,79.67252,331.35,0.45,0.39,2023-04-14,806,N20,VIIRS,l,2,304.48,0.57,D,0
19.3975,80.22961,335.59,0.47,0.4,2023-04-14,806,N20,VIIRS,n,2,305.19,1.86,D,0
19.41859,79.03526,340.37,0.42,0.38,2023-04-14,806,N20,VIIRS,l,2,313.47,5.57,D,0
19.41881,80.19462,340.55,0.47,0.4,2023-04-14,806,N20,VIIRS,n,2,307.78,3.05,D,0
19.42365,79.07116,339.99,0.42,0.38,2023-04-14,806,N20,VIIRS,l,2,310.28,3.58,D,0
19.42368,79.92987,334.63,0.46,0.39,2023-04-14,806,N20,VIIRS,l,2,306.85,3.38,D,0
19.42548,79.91631,338.06,0.46,0.39,2023-04-14,806,N20,VIIRS,n,2,307.53,4.9,D,0
19.42907,79.91579,344.79,0.46,0.39,2023-04-14,806,N20,VIIRS,n,2,309.54,4.9,D,0
19.43991,80.24177,335.99,0.47,0.4,2023-04-14,806,N20,VIIRS,l,2,307.02,2.14,D,0
19.44103,79.86993,338.69,0.45,0.39,2023-04-14,806,N20,VIIRS,n,2,305.11,2.45,D,0
19.44105,80.27827,339.75,0.47,0.4,2023-04-14,806,N20,VIIRS,n,2,308.1,3.59,D,0
19.44329,79.86968,335.41,0.45,0.39,2023-04-14,806,N20,VIIRS,l,2,307.49,2.08,D,0
19.44787,80.8032,335.22,0.5,0.41,2023-04-14,806,N20,VIIRS,n,2,301.06,4.39,D,0
19.45103,80.79814,367.0,0.5,0.41,2023-04-14,806,N20,VIIRS,h,2,304.25,15.15,D,0
19.45162,80.80267,347.32,0.5,0.41,2023-04-14,806,N20,VIIRS,n,2,303.01,15.15,D,0
19.45173,80.79559,342.47,0.5,0.41,2023-04-14,806,N20,VIIRS,n,2,299.93,7.16,D,0
19.45226,80.80743,340.97,0.5,0.41,2023-04-14,806,N20,VIIRS,n,2,300.0,5.88,D,0
19.45231,80.80016,344.76,0.5,0.41,2023-04-14,806,N20,VIIRS,n,2,300.92,14.45,D,0
19.45351,80.80963,334.45,0.5,0.41,2023-04-14,806,N20,VIIRS,n,2,298.81,4.04,D,0
19.46239,80.18826,337.04,0.47,0.4,2023-04-14,806,N20,VIIRS,l,2,307.6,6.3,D,0
19.46383,80.05328,332.32,0.46,0.39,2023-04-14,806,N20,VIIRS,l,2,303.19,2.0,D,0
19.46479,80.20599,332.33,0.47,0.4,2023-04-14,806,N20,VIIRS,l,2,303.9,3.28,D,0
19.46539,80.21049,343.05,0.47,0.4,2023-04-14,806,N20,VIIRS,n,2,303.91,3.28,D,0
19.46673,80.7635,332.18,0.5,0.41,2023-04-14,806,N20,VIIRS,n,2,290.29,3.29,D,0
19.46769,79.54099,348.45,0.44,0.38,2023-04-14,806,N20,VIIRS,n,2,308.39,6.07,D,0
19.47063,79.53626,345.72,0.44,0.38,2023-04-14,806,N20,VIIRS,n,2,308.83,6.07,D,0
19.47153,80.06532,347.69,0.46,0.39,2023-04-14,806,N20,VIIRS,n,2,306.9,6.34,D,0
19.47278,80.06541,344.39,0.46,0.39,2023-04-14,806,N20,VIIRS,n,2,305.58,7.11,D,0
19.47306,79.50177,340.17,0.44,0.38,2023-04-14,806,N20,VIIRS,n,2,310.07,4.36,D,0
19.47453,80.14133,337.12,0.47,0.4,2023-04-14,806,N20,VIIRS,n,2,306.7,2.52,D,0
19.47539,80.14155,338.65,0.47,0.4,2023-04-14,806,N20,VIIRS,n,2,306.69,3.02,D,0
19.48297,80.17613,348.05,0.47,0.4,2023-04-14,806,N20,VIIRS,n,2,307.41,7.42,D,0
19.48364,80.1764,349.4,0.47,0.4,2023-04-14,806,N20,VIIRS,n,2,307.52,6.2,D,0
19.48394,80.12227,349.18,0.47,0.39,2023-04-14,806,N20,VIIRS,n,2,305.94,7.34,D,0
19.48421,80.23985,334.73,0.47,0.4,2023-04-14,806,N20,VIIRS,n,2,302.42,1.77,D,0
19.48756,80.12173,332.82,0.47,0.39,2023-04-14,806,N20,VIIRS,l,2,304.17,5.42,D,0
19.48773,79.4782,335.87,0.44,0.38,2023-04-14,806,N20,VIIRS,l,2,307.73,3.38,D,0
19.48814,80.12615,345.26,0.47,0.4,2023-04-14,806,N20,VIIRS,n,2,305.5,5.42,D,0
19.50718,78.96931,343.07,0.42,0.38,2023-04-14,806,N20,VIIRS,l,2,314.33,10.11,D,0
19.50773,78.97327,348.37,0.42,0.38,2023-04-14,806,N20,VIIRS,n,2,316.23,18.69,D,0
19.50805,79.94411,339.74,0.46,0.39,2023-04-14,806,N20,VIIRS,n,2,306.98,3.27,D,0
19.5226,78.97894,340.6,0.42,0.38,2023-04-14,806,N20,VIIRS,l,2,312.36,7.26,D,0
19.53659,81.09911,341.04,0.52,0.42,2023-04-14,806,N20,VIIRS,n,2,304.32,3.59,D,0
19.53983,81.24786,334.65,0.53,0.42,2023-04-14,806,N20,VIIRS,l,2,306.18,5.14,D,0
19.55256,81.28657,346.81,0.54,0.42,2023-04-14,806,N20,VIIRS,n,2,307.82,8.25,D,0
19.55571,81.0966,336.52,0.52,0.42,2023-04-14,806,N20,VIIRS,n,2,304.08,4.46,D,0
19.56249,79.99392,337.88,0.46,0.39,2023-04-14,806,N20,VIIRS,n,2,305.25,2.09,D,0
19.56375,79.99071,335.15,0.46,0.39,2023-04-14,806,N20,VIIRS,l,2,306.08,1.63,D,0
19.56482,81.29027,341.51,0.54,0.42,2023-04-14,806,N20,VIIRS,n,2,306.44,5.59,D,0
19.6437,79.87645,349.0,0.46,0.39,2023-04-14,806,N20,VIIRS,n,2,310.98,4.77,D,0
19.64729,79.87593,340.13,0.46,0.39,2023-04-14,806,N20,VIIRS,l,2,310.65,4.77,D,0
19.65087,79.8754,338.9,0.46,0.39,2023-04-14,806,N20,VIIRS,l,2,310.74,2.84,D,0
19.65146,79.87973,339.67,0.46,0.39,2023-04-14,806,N20,VIIRS,l,2,310.55,2.84,D,0
19.67179,79.94785,343.81,0.46,0.39,2023-04-14,806,N20,VIIRS,n,2,309.6,2.57,D,0
19.6735,79.94859,348.76,0.46,0.39,2023-04-14,806,N20,VIIRS,n,2,310.53,5.48,D,0
19.67524,79.96178,339.69,0.46,0.39,2023-04-14,806,N20,VIIRS,l,2,310.56,2.59,D,0
19.70965,79.88974,336.47,0.46,0.39,2023-04-14,806,N20,VIIRS,l,2,310.03,2.29,D,0
19.71348,80.0008,340.18,0.46,0.39,2023-04-14,806,N20,VIIRS,l,2,310.85,1.65,D,0
19.71641,80.02284,339.14,0.46,0.39,2023-04-14,806,N20,VIIRS,l,2,310.22,3.11,D,0
19.71826,80.00908,342.76,0.46,0.39,2023-04-14,806,N20,VIIRS,n,2,310.58,4.91,D,0
19.7313,79.83342,344.04,0.46,0.39,2023-04-14,806,N20,VIIRS,n,2,312.47,8.87,D,0
19.73189,79.83774,348.97,0.46,0.39,2023-04-14,806,N20,VIIRS,n,2,311.44,7.27,D,0
19.73284,79.95315,337.02,0.46,0.39,2023-04-14,806,N20,VIIRS,l,2,310.55,4.76,D,0
19.73547,79.83721,346.4,0.46,0.39,2023-04-14,806,N20,VIIRS,n,2,311.09,7.27,D,0
19.74571,80.1043,339.52,0.47,0.4,2023-04-14,806,N20,VIIRS,l,2,309.6,4.65,D,0
19.74874,80.09932,335.03,0.47,0.4,2023-04-14,806,N20,VIIRS,l,2,309.71,5.36,D,0
19.75297,80.10326,337.51,0.47,0.4,2023-04-14,806,N20,VIIRS,l,2,308.25,3.73,D,0
19.75744,79.94498,340.15,0.46,0.39,2023-04-14,806,N20,VIIRS,l,2,310.38,3.44,D,0
19.75888,80.17529,335.95,0.47,0.4,2023-04-14,806,N20,VIIRS,l,2,306.72,1.62,D,0
19.75892,80.4024,342.87,0.48,0.4,2023-04-14,806,N20,VIIRS,n,2,301.85,4.82,D,0
19.76091,80.05225,339.17,0.47,0.39,2023-04-14,806,N20,VIIRS,l,2,310.06,2.61,D,0
19.76445,80.1061,337.81,0.47,0.4,2023-04-14,806,N20,VIIRS,l,2,309.1,5.26,D,0
19.77284,80.16867,333.03,0.47,0.4,2023-04-14,806,N20,VIIRS,l,2,306.99,1.14,D,0
19.77722,80.00927,343.63,0.46,0.39,2023-04-14,806,N20,VIIRS,n,2,310.93,6.32,D,0
19.78146,77.14485,340.43,0.39,0.36,2023-04-14,806,N20,VIIRS,n,2,310.36,7.76,D,0
19.78404,79.9112,340.16,0.46,0.39,2023-04-14,806,N20,VIIRS,n,2,309.99,5.45,D,0
19.78488,80.25872,342.76,0.48,0.4,2023-04-14,806,N20,VIIRS,n,2,307.68,11.19,D,0
19.78675,80.21698,342.5,0.47,0.4,2023-04-14,806,N20,VIIRS,n,2,306.3,3.45,D,0
19.79408,80.16097,344.43,0.47,0.4,2023-04-14,806,N20,VIIRS,n,2,308.82,3.44,D,0
19.80197,80.16437,344.94,0.47,0.4,2023-04-14,806,N20,VIIRS,n,2,309.3,6.33,D,0
19.80245,79.58792,342.51,0.45,0.39,2023-04-14,806,N20,VIIRS,n,2,311.84,7.67,D,0
19.80257,80.16885,340.37,0.47,0.4,2023-04-14,806,N20,VIIRS,n,2,309.11,2.84,D,0
19.80264,80.16595,349.06,0.47,0.4,2023-04-14,806,N20,VIIRS,n,2,309.25,6.97,D,0
19.80284,79.99799,340.27,0.46,0.39,2023-04-14,806,N20,VIIRS,l,2,311.17,5.25,D,0
19.80318,80.17332,334.36,0.47,0.4,2023-04-14,806,N20,VIIRS,l,2,308.06,2.84,D,0
19.80322,80.17045,336.68,0.47,0.4,2023-04-14,806,N20,VIIRS,l,2,309.0,2.57,D,0
19.80378,80.17782,346.9,0.47,0.4,2023-04-14,806,N20,VIIRS,n,2,308.72,5.04,D,0
19.8038,80.17493,341.57,0.47,0.4,2023-04-14,806,N20,VIIRS,n,2,307.93,2.57,D,0
19.80438,80.17943,349.08,0.47,0.4,2023-04-14,806,N20,VIIRS,n,2,308.52,6.63,D,0
19.80439,80.18231,337.83,0.47,0.4,2023-04-14,806,N20,VIIRS,n,2,306.93,5.04,D,0
19.80541,79.58314,344.84,0.45,0.39,2023-04-14,806,N20,VIIRS,n,2,313.15,4.31,D,0
19.80599,79.58738,348.93,0.45,0.39,2023-04-14,806,N20,VIIRS,n,2,313.4,4.31,D,0
19.80621,80.16828,334.0,0.47,0.4,2023-04-14,806,N20,VIIRS,l,2,308.47,2.22,D,0
19.80686,80.16987,334.66,0.47,0.4,2023-04-14,806,N20,VIIRS,l,2,307.63,2.57,D,0
19.80686,80.77343,331.53,0.51,0.41,2023-04-14,806,N20,VIIRS,l,2,302.03,3.0,D,0
19.80803,80.17889,340.76,0.47,0.4,2023-04-14,806,N20,VIIRS,n,2,306.85,6.63,D,0
19.80804,80.18178,337.67,0.47,0.4,2023-04-14,806,N20,VIIRS,n,2,307.62,4.57,D,0
19.80894,79.58259,337.18,0.45,0.39,2023-04-14,806,N20,VIIRS,l,2,311.76,4.31,D,0
19.80953,79.58683,341.18,0.45,0.39,2023-04-14,806,N20,VIIRS,l,2,314.55,4.31,D,0
19.81011,79.59109,341.55,0.45,0.39,2023-04-14,806,N20,VIIRS,l,2,313.52,8.9,D,0
19.81109,80.48447,334.04,0.49,0.4,2023-04-14,806,N20,VIIRS,n,2,299.35,1.94,D,0
19.81485,80.1458,342.67,0.47,0.4,2023-04-14,806,N20,VIIRS,n,2,308.42,4.28,D,0
19.81595,80.2127,339.75,0.47,0.4,2023-04-14,806,N20,VIIRS,n,2,307.64,3.18,D,0
19.81599,79.60756,341.83,0.45,0.39,2023-04-14,806,N20,VIIRS,l,2,314.37,7.03,D,0
19.81635,80.21436,333.98,0.48,0.4,2023-04-14,806,N20,VIIRS,l,2,307.35,2.41,D,0
19.81642,79.1366,340.55,0.43,0.38,2023-04-14,806,N20,VIIRS,l,2,314.77,6.76,D,0
19.81932,79.92824,336.9,0.46,0.39,2023-04-14,806,N20,VIIRS,l,2,310.34,2.45,D,0
19.82208,80.00418,339.86,0.46,0.39,2023-04-14,806,N20,VIIRS,l,2,312.17,5.23,D,0
19.82248,80.20429,342.62,0.47,0.4,2023-04-14,806,N20,VIIRS,n,2,305.53,3.53,D,0
19.83964,80.16503,342.11,0.47,0.4,2023-04-14,806,N20,VIIRS,n,2,306.16,2.55,D,0
19.84023,80.1695,336.9,0.47,0.4,2023-04-14,806,N20,VIIRS,n,2,306.43,2.55,D,0
19.84086,79.95189,337.91,0.46,0.39,2023-04-14,806,N20,VIIRS,l,2,312.03,5.84,D,0
19.84145,79.95628,339.83,0.46,0.39,2023-04-14,806,N20,VIIRS,l,2,311.76,4.91,D,0
19.85508,81.09117,335.68,0.53,0.42,2023-04-14,806,N20,VIIRS,n,2,298.69,5.08,D,0
19.85568,80.0625,343.05,0.47,0.4,2023-04-14,806,N20,VIIRS,n,2,310.63,4.67,D,0
19.85571,81.09621,335.68,0.53,0.42,2023-04-14,806,N20,VIIRS,n,2,298.47,4.67,D,0
19.85601,80.17642,340.88,0.47,0.4,2023-04-14,806,N20,VIIRS,n,2,307.04,4.92,D,0
19.8566,80.18091,338.29,0.47,0.4,2023-04-14,806,N20,VIIRS,n,2,306.93,5.46,D,0
19.86098,80.12994,334.94,0.47,0.4,2023-04-14,806,N20,VIIRS,l,2,308.65,2.67,D,0
19.86157,80.13439,333.42,0.47,0.4,2023-04-14,806,N20,VIIRS,l,2,307.96,2.86,D,0
19.86266,79.16277,346.24,0.43,0.38,2023-04-14,806,N20,VIIRS,l,2,316.45,11.28,D,0
19.8652,80.1338,343.48,0.47,0.4,2023-04-14,806,N20,VIIRS,n,2,309.16,3.38,D,0
19.87145,80.01498,345.59,0.47,0.39,2023-04-14,806,N20,VIIRS,n,2,313.07,6.48,D,0
19.87183,80.15571,346.83,0.47,0.4,2023-04-14,806,N20,VIIRS,n,2,307.26,7.05,D,0
19.87192,80.10089,333.36,0.47,0.4,2023-04-14,806,N20,VIIRS,l,2,307.12,2.26,D,0
19.87274,80.74982,331.54,0.51,0.41,2023-04-14,806,N20,VIIRS,l,2,305.91,1.67,D,0
19.87487,80.15064,345.48,0.47,0.4,2023-04-14,806,N20,VIIRS,n,2,309.78,5.39,D,0
19.87547,80.15514,343.89,0.47,0.4,2023-04-14,806,N20,VIIRS,n,2,305.81,5.39,D,0
19.8779,80.14557,340.49,0.47,0.4,2023-04-14,806,N20,VIIRS,n,2,308.67,4.33,D,0
19.87839,80.23296,333.28,0.48,0.4,2023-04-14,806,N20,VIIRS,l,2,306.23,1.53,D,0
19.87851,80.15008,337.36,0.47,0.4,2023-04-14,806,N20,VIIRS,l,2,308.1,5.39,D,0
19.88087,80.75335,333.02,0.51,0.41,2023-04-14,806,N20,VIIRS,l,2,305.13,3.48,D,0
19.88111,79.97743,337.11,0.46,0.39,2023-04-14,806,N20,VIIRS,l,2,310.57,2.43,D,0
19.88212,80.17707,334.75,0.47,0.4,2023-04-14,806,N20,VIIRS,l,2,306.19,2.05,D,0
19.8845,80.22287,331.79,0.48,0.4,2023-04-14,806,N20,VIIRS,l,2,305.42,2.92,D,0
19.88458,80.14,347.63,0.47,0.4,2023-04-14,806,N20,VIIRS,n,2,310.07,6.3,D,0
19.88518,80.14446,342.56,0.47,0.4,2023-04-14,806,N20,VIIRS,n,2,309.14,6.3,D,0
19.88671,77.30379,338.55,0.39,0.36,2023-04-14,806,N20,VIIRS,n,2,305.66,4.96,D,0
19.88822,80.1395,342.98,0.47,0.4,2023-04-14,806,N20,VIIRS,n,2,309.77,5.63,D,0
19.88839,80.71636,336.0,0.5,0.41,2023-04-14,806,N20,VIIRS,l,2,308.22,2.65,D,0
19.88882,80.14393,344.52,0.47,0.4,2023-04-14,806,N20,VIIRS,n,2,309.72,5.63,D,0
19.88901,80.75694,331.57,0.51,0.41,2023-04-14,806,N20,VIIRS,l,2,304.6,2.73,D,0
19.88942,80.14841,337.47,0.47,0.4,2023-04-14,806,N20,VIIRS,l,2,310.04,3.4,D,0
19.89001,80.75923,333.18,0.51,0.41,2023-04-14,806,N20,VIIRS,l,2,304.59,2.76,D,0
19.89003,80.15292,332.94,0.47,0.4,2023-04-14,806,N20,VIIRS,l,2,307.85,3.4,D,0
19.89411,81.06107,337.42,0.53,0.42,2023-04-14,806,N20,VIIRS,n,2,300.54,5.38,D,0
19.89482,79.73986,340.76,0.45,0.39,2023-04-14,806,N20,VIIRS,l,2,313.36,5.15,D,0
19.89496,79.99796,340.37,0.46,0.39,2023-04-14,806,N20,VIIRS,l,2,313.82,3.62,D,0
19.89607,79.99809,345.8,0.47,0.39,2023-04-14,806,N20,VIIRS,n,2,313.46,5.6,D,0
19.90218,80.16037,333.53,0.47,0.4,2023-04-14,806,N20,VIIRS,l,2,307.0,2.89,D,0
19.9028,80.92193,335.51,0.52,0.41,2023-04-14,806,N20,VIIRS,n,2,304.44,2.56,D,0
19.91961,80.75101,345.05,0.51,0.41,2023-04-14,806,N20,VIIRS,n,2,309.14,5.91,D,0
19.92302,77.34296,348.18,0.39,0.36,2023-04-14,806,N20,VIIRS,n,2,312.65,9.47,D,0
19.92315,80.14877,333.88,0.47,0.4,2023-04-14,806,N20,VIIRS,l,2,308.65,2.89,D,0
19.93897,79.66315,341.87,0.45,0.39,2023-04-14,806,N20,VIIRS,l,2,313.37,6.12,D,0
19.94639,80.27003,336.55,0.48,0.4,2023-04-14,806,N20,VIIRS,n,2,306.38,1.71,D,0
19.96563,80.16099,335.02,0.47,0.4,2023-04-14,806,N20,VIIRS,l,2,307.76,0.52,D,0
19.96975,78.50799,342.99,0.41,0.37,2023-04-14,806,N20,VIIRS,n,2,310.44,12.49,D,0
19.99105,79.54335,343.44,0.45,0.39,2023-04-14,806,N20,VIIRS,n,2,309.98,3.0,D,0
19.99534,80.21645,336.01,0.48,0.4,2023-04-14,806,N20,VIIRS,l,2,307.81,5.14,D,0
19.99595,80.22099,340.71,0.48,0.4,2023-04-14,806,N20,VIIRS,n,2,307.36,5.14,D,0
19.88213,81.10069,303.18,0.41,0.45,2023-04-14,2035,N20,VIIRS,n,2,289.09,2.56,N,0
19.89328,81.06386,308.01,0.41,0.45,2023-04-14,2035,N20,VIIRS,n,2,291.79,1.72,N,0
16.73498,80.28008,304.71,0.41,0.45,2023-04-14,2036,N20,VIIRS,n,2,293.19,0.72,N,0
17.27618,80.53274,306.74,0.42,0.45,2023-04-14,2036,N20,VIIRS,n,2,293.71,1.63,N,0
17.29049,80.59405,306.64,0.42,0.45,2023-04-14,2036,N20,VIIRS,n,2,295.07,1.36,N,0
17.29624,81.49674,305.08,0.48,0.48,2023-04-14,2036,N20,VIIRS,n,2,292.61,0.78,N,0
17.30003,81.40581,306.18,0.47,0.48,2023-04-14,2036,N20,VIIRS,n,2,294.11,1.56,N,0
17.41181,81.29749,313.7,0.46,0.47,2023-04-14,2036,N20,VIIRS,n,2,295.72,1.88,N,0
17.51294,81.043,311.27,0.44,0.46,2023-04-14,2036,N20,VIIRS,n,2,295.98,2.83,N,0
17.58329,80.19077,306.68,0.39,0.44,2023-04-14,2036,N20,VIIRS,n,2,293.18,1.77,N,0
17.62899,81.46716,310.03,0.47,0.48,2023-04-14,2036,N20,VIIRS,n,2,294.38,2.39,N,0
17.66477,81.45263,309.03,0.47,0.48,2023-04-14,2036,N20,VIIRS,n,2,295.23,3.6,N,0
17.95556,80.80238,308.84,0.42,0.45,2023-04-14,2036,N20,VIIRS,n,2,296.72,1.81,N,2
17.96041,80.79935,312.58,0.42,0.45,2023-04-14,2036,N20,VIIRS,n,2,296.06,1.79,N,2
17.98122,81.08382,310.5,0.44,0.46,2023-04-14,2036,N20,VIIRS,n,2,294.21,2.49,N,0
18.01682,81.10271,310.16,0.44,0.46,2023-04-14,2036,N20,VIIRS,n,2,296.56,3.6,N,0
18.19983,80.96172,305.84,0.43,0.46,2023-04-14,2036,N20,VIIRS,n,2,293.78,0.88,N,0
18.56507,80.30899,304.83,0.39,0.44,2023-04-14,2036,N20,VIIRS,n,2,279.87,0.67,N,0
18.67475,79.71809,300.62,0.53,0.42,2023-04-14,2036,N20,VIIRS,n,2,276.2,1.21,N,0
18.74456,80.64957,299.3,0.4,0.44,2023-04-14,2036,N20,VIIRS,n,2,275.63,1.09,N,0
18.74527,80.64581,300.43,0.4,0.44,2023-04-14,2036,N20,VIIRS,n,2,275.58,0.92,N,0
18.77857,81.13799,309.85,0.43,0.46,2023-04-14,2036,N20,VIIRS,n,2,294.64,2.27,N,0
18.83771,81.10822,311.38,0.43,0.46,2023-04-14,2036,N20,VIIRS,n,2,293.51,2.5,N,0
18.94696,80.41401,311.51,0.39,0.44,2023-04-14,2036,N20,VIIRS,n,2,283.66,1.92,N,0
18.96328,80.38516,305.22,0.38,0.43,2023-04-14,2036,N20,VIIRS,n,2,284.54,1.01,N,0
18.96985,80.74689,304.56,0.4,0.44,2023-04-14,2036,N20,VIIRS,n,2,280.38,1.05,N,0
18.99896,80.52371,302.81,0.39,0.44,2023-04-14,2036,N20,VIIRS,n,2,274.67,0.93,N,0
19.00224,80.22168,305.41,0.56,0.43,2023-04-14,2036,N20,VIIRS,n,2,280.94,2.88,N,0
19.00275,80.21945,308.42,0.56,0.43,2023-04-14,2036,N20,VIIRS,n,2,277.22,2.07,N,0
19.10231,80.18426,308.85,0.56,0.43,2023-04-14,2036,N20,VIIRS,n,2,286.9,2.13,N,0
19.10251,80.18248,308.3,0.56,0.43,2023-04-14,2036,N20,VIIRS,n,2,288.81,2.37,N,0
19.11219,80.17358,308.51,0.56,0.43,2023-04-14,2036,N20,VIIRS,n,2,291.25,3.29,N,0
19.11304,80.17014,306.41,0.56,0.43,2023-04-14,2036,N20,VIIRS,n,2,289.53,2.5,N,0
19.3238,80.18817,307.57,0.55,0.43,2023-04-14,2036,N20,VIIRS,n,2,290.84,2.88,N,0
19.32863,80.18372,324.67,0.55,0.43,2023-04-14,2036,N20,VIIRS,n,2,291.74,2.88,N,0
19.32879,80.18566,307.45,0.55,0.43,2023-04-14,2036,N20,VIIRS,n,2,290.75,2.65,N,0
19.32957,80.1785,308.03,0.55,0.43,2023-04-14,2036,N20,VIIRS,n,2,291.17,3.81,N,0
19.32977,80.18044,327.16,0.55,0.43,2023-04-14,2036,N20,VIIRS,n,2,291.34,2.65,N,0
19.33251,80.18452,309.63,0.55,0.43,2023-04-14,2036,N20,VIIRS,n,2,290.98,3.66,N,0
19.33267,80.18644,307.56,0.55,0.43,2023-04-14,2036,N20,VIIRS,n,2,290.54,2.65,N,0
19.34622,80.15705,320.89,0.55,0.43,2023-04-14,2036,N20,VIIRS,n,2,289.98,5.66,N,0
19.40508,80.80013,300.75,0.4,0.44,2023-04-14,2036,N20,VIIRS,n,2,281.55,0.7,N,0
19.49986,80.52431,299.74,0.38,0.43,2023-04-14,2036,N20,VIIRS,n,2,279.81,1.2,N,0
19.51767,80.69234,299.79,0.39,0.44,2023-04-14,2036,N20,VIIRS,n,2,282.21,0.38,N,0
19.5224,80.68914,298.54,0.39,0.44,2023-04-14,2036,N20,VIIRS,n,2,280.46,0.38,N,0
19.52768,80.17926,306.3,0.55,0.43,2023-04-14,2036,N20,VIIRS,n,2,269.87,3.35,N,0
19.5306,80.18523,298.48,0.55,0.43,2023-04-14,2036,N20,VIIRS,n,2,272.62,1.6,N,0
19.66398,80.7681,307.63,0.39,0.44,2023-04-14,2036,N20,VIIRS,n,2,291.21,2.2,N,0
15.70333,78.48653,298.06,0.5,0.41,2023-04-14,2037,N20,VIIRS,n,2,275.27,0.66,N,0
16.06336,78.76682,330.51,0.52,0.41,2023-04-14,2037,N20,VIIRS,n,2,294.08,5.47,N,0
16.06415,78.7623,316.01,0.52,0.41,2023-04-14,2037,N20,VIIRS,n,2,292.19,5.47,N,0
16.14052,78.74892,302.71,0.51,0.41,2023-04-14,2037,N20,VIIRS,n,2,287.08,2.05,N,0
16.14425,78.74978,303.58,0.51,0.41,2023-04-14,2037,N20,VIIRS,n,2,287.81,1.56,N,0
16.1451,78.74495,308.67,0.51,0.41,2023-04-14,2037,N20,VIIRS,n,2,288.37,1.56,N,0
16.14833,78.77051,320.99,0.52,0.41,2023-04-14,2037,N20,VIIRS,n,2,293.14,2.33,N,0
16.14918,78.76572,313.73,0.51,0.41,2023-04-14,2037,N20,VIIRS,n,2,291.7,2.33,N,0
16.15215,78.77087,310.78,0.52,0.41,2023-04-14,2037,N20,VIIRS,n,2,292.89,2.33,N,0
16.15298,78.7662,312.82,0.51,0.41,2023-04-14,2037,N20,VIIRS,n,2,289.63,2.33,N,0
16.16223,78.75777,311.46,0.51,0.41,2023-04-14,2037,N20,VIIRS,n,2,284.58,1.87,N,0
16.17179,78.76961,320.61,0.51,0.41,2023-04-14,2037,N20,VIIRS,n,2,288.37,4.15,N,0
