latitude,longitude,bright_ti4,scan,track,acq_date,acq_time,satellite,instrument,confidence,version,bright_ti5,frp,daynight,type
15.58225,78.61922,341.9,0.39,0.36,2024-03-10,758,N20,VIIRS,n,2,309.85,3.0,D,0
15.61479,79.00581,338.0,0.38,0.36,2024-03-10,758,N20,VIIRS,n,2,307.49,2.65,D,0
15.6907,78.72622,332.94,0.39,0.36,2024-03-10,758,N20,VIIRS,l,2,307.19,4.48,D,0
15.69126,78.72981,348.3,0.39,0.36,2024-03-10,758,N20,VIIRS,n,2,308.8,4.48,D,0
15.71272,79.58399,339.01,0.38,0.36,2024-03-10,758,N20,VIIRS,n,2,308.64,3.45,D,0
15.71602,79.58347,341.49,0.38,0.36,2024-03-10,758,N20,VIIRS,n,2,307.46,3.45,D,0
15.71714,78.80983,347.53,0.39,0.36,2024-03-10,758,N20,VIIRS,n,2,306.67,4.46,D,0
15.71769,78.8134,336.22,0.39,0.36,2024-03-10,758,N20,VIIRS,n,2,305.7,4.46,D,0
15.72044,78.80927,349.19,0.39,0.36,2024-03-10,758,N20,VIIRS,n,2,310.46,4.46,D,0
15.72099,78.81283,336.74,0.39,0.36,2024-03-10,758,N20,VIIRS,n,2,306.35,4.46,D,0
15.72593,78.82299,334.54,0.39,0.36,2024-03-10,758,N20,VIIRS,l,2,305.37,9.09,D,0
15.72648,78.82655,354.18,0.39,0.36,2024-03-10,758,N20,VIIRS,n,2,311.58,9.09,D,0
15.73418,78.81065,339.51,0.39,0.36,2024-03-10,758,N20,VIIRS,n,2,305.88,3.15,D,0
15.73528,78.81777,334.33,0.39,0.36,2024-03-10,758,N20,VIIRS,l,2,306.57,3.98,D,0
15.74903,79.71333,342.0,0.39,0.36,2024-03-10,758,N20,VIIRS,n,2,307.67,5.62,D,0
15.7518,79.70923,338.32,0.39,0.36,2024-03-10,758,N20,VIIRS,n,2,308.16,5.07,D,0
15.75233,79.71279,345.19,0.39,0.36,2024-03-10,758,N20,VIIRS,n,2,309.4,5.07,D,0
15.77811,79.86251,334.24,0.39,0.36,2024-03-10,758,N20,VIIRS,l,2,308.56,2.12,D,0
15.78969,78.51065,340.06,0.39,0.36,2024-03-10,758,N20,VIIRS,l,2,313.01,2.83,D,0
15.79387,78.88814,339.8,0.39,0.36,2024-03-10,758,N20,VIIRS,n,2,308.91,3.53,D,0
15.79441,78.86973,346.05,0.39,0.36,2024-03-10,758,N20,VIIRS,n,2,309.74,5.65,D,0
15.79496,78.8733,340.14,0.39,0.36,2024-03-10,758,N20,VIIRS,l,2,312.33,5.65,D,0
15.79716,78.88759,341.31,0.39,0.36,2024-03-10,758,N20,VIIRS,n,2,307.65,5.35,D,0
15.8021,78.87579,346.58,0.39,0.36,2024-03-10,758,N20,VIIRS,n,2,310.81,9.89,D,0
15.80431,78.86815,339.64,0.39,0.36,2024-03-10,758,N20,VIIRS,n,2,307.22,4.08,D,0
15.80486,78.8717,338.35,0.39,0.36,2024-03-10,758,N20,VIIRS,n,2,308.32,4.08,D,0
15.8054,78.87525,343.66,0.39,0.36,2024-03-10,758,N20,VIIRS,n,2,310.44,9.89,D,0
15.81201,78.87421,345.38,0.39,0.36,2024-03-10,758,N20,VIIRS,n,2,307.75,41.81,D,0
15.83565,78.74212,341.96,0.39,0.36,2024-03-10,758,N20,VIIRS,n,2,311.01,3.59,D,0
15.8466,79.63898,336.76,0.39,0.36,2024-03-10,758,N20,VIIRS,l,2,306.99,1.81,D,0
15.85266,79.63437,340.73,0.38,0.36,2024-03-10,758,N20,VIIRS,n,2,307.87,4.85,D,0
15.8532,79.63794,343.24,0.39,0.36,2024-03-10,758,N20,VIIRS,n,2,309.31,4.85,D,0
15.85901,79.09283,343.27,0.38,0.36,2024-03-10,758,N20,VIIRS,n,2,310.36,3.66,D,0
15.87742,78.83794,344.58,0.39,0.36,2024-03-10,758,N20,VIIRS,n,2,306.89,4.34,D,0
15.93406,78.82845,332.0,0.39,0.36,2024-03-10,758,N20,VIIRS,l,2,305.82,1.05,D,0
15.9355,79.05829,346.97,0.38,0.36,2024-03-10,758,N20,VIIRS,n,2,310.13,11.22,D,0
15.93879,79.05777,342.52,0.38,0.36,2024-03-10,758,N20,VIIRS,n,2,308.05,1.8,D,0
15.94505,78.83398,340.08,0.39,0.36,2024-03-10,758,N20,VIIRS,n,2,308.63,2.54,D,0
15.95161,78.89877,335.89,0.38,0.36,2024-03-10,758,N20,VIIRS,n,2,305.83,2.91,D,0
15.95216,78.90233,344.6,0.38,0.36,2024-03-10,758,N20,VIIRS,n,2,306.57,2.7,D,0
15.975,79.63622,336.18,0.39,0.36,2024-03-10,758,N20,VIIRS,l,2,308.65,2.64,D,0
15.97527,78.83266,337.71,0.39,0.36,2024-03-10,758,N20,VIIRS,l,2,311.35,3.07,D,0
15.97959,78.92704,338.78,0.38,0.36,2024-03-10,758,N20,VIIRS,n,2,309.48,3.06,D,0
16.01876,79.54123,338.93,0.38,0.36,2024-03-10,758,N20,VIIRS,n,2,308.74,4.32,D,0
16.03596,78.8727,347.45,0.38,0.36,2024-03-10,758,N20,VIIRS,n,2,308.51,5.41,D,0
16.04079,80.21532,336.81,0.39,0.36,2024-03-10,758,N20,VIIRS,l,2,307.38,2.08,D,0
16.08325,79.20463,333.29,0.38,0.36,2024-03-10,758,N20,VIIRS,l,2,306.62,3.24,D,0
16.09088,78.67659,338.56,0.39,0.36,2024-03-10,758,N20,VIIRS,l,2,310.51,3.76,D,0
16.09144,78.68018,347.04,0.39,0.36,2024-03-10,758,N20,VIIRS,n,2,312.16,10.42,D,0
16.09418,78.67602,343.25,0.39,0.36,2024-03-10,758,N20,VIIRS,n,2,311.92,3.76,D,0
16.09584,78.68681,354.75,0.39,0.36,2024-03-10,758,N20,VIIRS,n,2,311.87,11.13,D,0
16.09748,78.67548,339.42,0.39,0.36,2024-03-10,758,N20,VIIRS,l,2,310.32,3.03,D,0
16.09803,78.67908,343.42,0.39,0.36,2024-03-10,758,N20,VIIRS,n,2,311.97,5.66,D,0
16.10245,78.68575,337.31,0.39,0.36,2024-03-10,758,N20,VIIRS,l,2,309.28,3.6,D,0
16.12118,78.82922,336.52,0.39,0.36,2024-03-10,758,N20,VIIRS,l,2,307.45,3.28,D,0
16.12448,78.82867,342.26,0.39,0.36,2024-03-10,758,N20,VIIRS,n,2,308.83,3.28,D,0
16.12777,78.82812,341.4,0.39,0.36,2024-03-10,758,N20,VIIRS,n,2,307.92,2.18,D,0
16.14028,79.01993,343.23,0.38,0.36,2024-03-10,758,N20,VIIRS,n,2,311.43,7.47,D,0
16.14358,79.01938,334.88,0.38,0.36,2024-03-10,758,N20,VIIRS,l,2,308.35,1.34,D,0
16.1591,79.55045,330.73,0.38,0.36,2024-03-10,758,N20,VIIRS,l,2,304.94,1.19,D,0
16.23042,77.14807,348.24,0.41,0.37,2024-03-10,758,N20,VIIRS,n,2,312.31,8.45,D,0
16.23258,78.7373,343.16,0.39,0.36,2024-03-10,758,N20,VIIRS,n,2,309.69,3.89,D,0
16.25291,78.71567,353.23,0.39,0.36,2024-03-10,758,N20,VIIRS,n,2,310.1,31.19,D,0
16.25621,78.71513,349.57,0.39,0.36,2024-03-10,758,N20,VIIRS,n,2,314.44,31.19,D,0
16.25676,78.7187,334.58,0.39,0.36,2024-03-10,758,N20,VIIRS,l,2,306.76,3.65,D,0
16.26387,78.85297,342.8,0.38,0.36,2024-03-10,758,N20,VIIRS,n,2,310.49,2.57,D,0
16.31426,79.79333,335.07,0.39,0.36,2024-03-10,758,N20,VIIRS,n,2,302.71,2.46,D,0
16.33449,77.16128,342.09,0.41,0.37,2024-03-10,758,N20,VIIRS,n,2,310.97,8.37,D,0
16.37794,77.23611,338.59,0.41,0.37,2024-03-10,758,N20,VIIRS,l,2,308.7,3.29,D,0
16.4106,79.82542,338.42,0.39,0.36,2024-03-10,758,N20,VIIRS,n,2,306.42,1.94,D,0
16.41611,79.54506,341.31,0.39,0.36,2024-03-10,758,N20,VIIRS,n,2,307.59,2.39,D,0
16.43783,77.12763,347.88,0.41,0.37,2024-03-10,758,N20,VIIRS,n,2,307.92,9.14,D,0
16.43844,77.13145,356.25,0.41,0.37,2024-03-10,758,N20,VIIRS,l,2,298.36,7.85,D,0
16.47902,79.85135,336.54,0.39,0.36,2024-03-10,758,N20,VIIRS,n,2,304.35,3.61,D,0
16.49478,80.85977,332.54,0.41,0.37,2024-03-10,758,N20,VIIRS,n,2,301.05,2.68,D,0
16.50094,78.9596,342.84,0.38,0.36,2024-03-10,758,N20,VIIRS,n,2,310.29,4.64,D,0
16.50423,78.95906,340.8,0.38,0.36,2024-03-10,758,N20,VIIRS,l,2,310.95,4.64,D,0
16.51452,77.16582,344.29,0.41,0.37,2024-03-10,758,N20,VIIRS,n,2,310.95,10.4,D,0
16.55594,79.79849,333.97,0.39,0.36,2024-03-10,758,N20,VIIRS,l,2,307.74,4.04,D,0
16.56033,79.80518,342.55,0.39,0.36,2024-03-10,758,N20,VIIRS,n,2,309.37,3.83,D,0
16.56265,79.91207,333.15,0.39,0.36,2024-03-10,758,N20,VIIRS,l,2,306.91,1.4,D,0
16.56364,79.80465,338.68,0.39,0.36,2024-03-10,758,N20,VIIRS,n,2,307.31,3.83,D,0
16.58363,79.87127,337.86,0.39,0.36,2024-03-10,758,N20,VIIRS,l,2,309.33,3.67,D,0
16.59368,80.47285,339.52,0.4,0.37,2024-03-10,758,N20,VIIRS,n,2,306.53,5.39,D,0
16.59568,79.65524,333.19,0.39,0.36,2024-03-10,758,N20,VIIRS,l,2,306.93,1.15,D,0
16.6108,81.13123,333.45,0.41,0.37,2024-03-10,758,N20,VIIRS,n,2,300.88,31.67,D,0
16.68371,79.26942,336.25,0.38,0.36,2024-03-10,758,N20,VIIRS,n,2,307.17,1.48,D,0
16.7655,80.35047,341.1,0.4,0.37,2024-03-10,758,N20,VIIRS,n,2,307.26,3.37,D,0
16.7813,77.4695,340.1,0.4,0.37,2024-03-10,758,N20,VIIRS,n,2,310.11,3.17,D,0
16.82291,77.3622,337.71,0.4,0.37,2024-03-10,758,N20,VIIRS,l,2,308.52,1.39,D,0
16.84922,80.45496,337.01,0.4,0.37,2024-03-10,758,N20,VIIRS,n,2,305.6,2.52,D,0
16.85571,80.38177,332.18,0.4,0.37,2024-03-10,758,N20,VIIRS,l,2,302.38,3.48,D,0
16.87857,79.27748,337.72,0.38,0.36,2024-03-10,758,N20,VIIRS,n,2,307.41,2.72,D,0
16.89969,77.93468,347.4,0.39,0.36,2024-03-10,758,N20,VIIRS,n,2,308.7,3.99,D,0
16.90301,77.93411,338.7,0.39,0.36,2024-03-10,758,N20,VIIRS,n,2,307.72,3.99,D,0
16.96709,80.40202,337.04,0.4,0.37,2024-03-10,758,N20,VIIRS,n,2,305.74,2.01,D,0
17.05792,79.31744,330.37,0.38,0.36,2024-03-10,758,N20,VIIRS,l,2,303.95,2.3,D,0
17.08141,80.44143,330.06,0.4,0.37,2024-03-10,758,N20,VIIRS,l,2,302.46,2.3,D,0
17.14301,80.09803,337.34,0.39,0.36,2024-03-10,758,N20,VIIRS,n,2,304.97,1.55,D,0
17.18298,79.45074,335.18,0.39,0.36,2024-03-10,758,N20,VIIRS,l,2,308.48,3.26,D,0
17.19808,77.00809,340.29,0.41,0.37,2024-03-10,758,N20,VIIRS,l,2,311.18,4.56,D,0
17.28051,79.85792,332.83,0.39,0.36,2024-03-10,758,N20,VIIRS,n,2,301.31,1.95,D,0
17.28553,78.84913,348.91,0.38,0.36,2024-03-10,758,N20,VIIRS,n,2,310.27,9.69,D,0
17.28724,78.28474,339.16,0.39,0.36,2024-03-10,758,N20,VIIRS,l,2,310.68,4.04,D,0
17.30844,79.79378,331.22,0.39,0.36,2024-03-10,758,N20,VIIRS,l,2,305.1,3.23,D,0
17.32374,79.43893,337.88,0.39,0.36,2024-03-10,758,N20,VIIRS,l,2,309.27,3.97,D,0
17.32755,79.99268,334.24,0.39,0.36,2024-03-10,758,N20,VIIRS,l,2,305.46,1.44,D,0
17.38056,81.1106,341.31,0.42,0.38,2024-03-10,758,N20,VIIRS,n,2,302.84,5.29,D,0
17.39289,78.95227,341.13,0.38,0.36,2024-03-10,758,N20,VIIRS,n,2,307.51,4.49,D,0
17.3964,77.25417,346.87,0.4,0.37,2024-03-10,758,N20,VIIRS,n,2,314.14,9.07,D,0
17.40215,80.84418,336.68,0.41,0.37,2024-03-10,758,N20,VIIRS,n,2,303.91,4.0,D,0
17.4363,79.39809,344.46,0.39,0.36,2024-03-10,758,N20,VIIRS,n,2,309.09,6.41,D,0
17.45504,79.68417,345.84,0.39,0.36,2024-03-10,758,N20,VIIRS,n,2,308.91,4.27,D,0
17.45707,77.78181,338.02,0.39,0.36,2024-03-10,758,N20,VIIRS,l,2,312.25,5.85,D,0
17.4601,80.39279,343.46,0.4,0.37,2024-03-10,758,N20,VIIRS,n,2,305.01,5.76,D,0
17.50385,80.20625,341.56,0.4,0.37,2024-03-10,758,N20,VIIRS,n,2,305.84,3.13,D,0
17.52331,78.13995,335.94,0.39,0.36,2024-03-10,758,N20,VIIRS,n,2,305.24,2.74,D,0
17.52587,81.17281,338.74,0.42,0.38,2024-03-10,758,N20,VIIRS,n,2,302.6,5.33,D,0
17.54934,79.2689,343.52,0.39,0.36,2024-03-10,758,N20,VIIRS,n,2,307.03,3.73,D,0
17.60325,81.02876,338.9,0.42,0.38,2024-03-10,758,N20,VIIRS,n,2,308.09,6.29,D,0
17.61728,79.72525,334.61,0.39,0.36,2024-03-10,758,N20,VIIRS,n,2,302.27,2.44,D,0
17.61782,79.7289,330.1,0.39,0.36,2024-03-10,758,N20,VIIRS,n,2,299.86,2.25,D,0
17.61977,80.13863,341.77,0.4,0.37,2024-03-10,758,N20,VIIRS,n,2,306.67,2.83,D,0
17.62782,81.03308,344.12,0.42,0.38,2024-03-10,758,N20,VIIRS,n,2,304.83,8.95,D,0
17.64782,80.70481,336.4,0.41,0.37,2024-03-10,758,N20,VIIRS,n,2,305.31,5.17,D,0
17.66543,80.1466,331.33,0.4,0.37,2024-03-10,758,N20,VIIRS,l,2,305.37,1.42,D,0
17.67504,80.11855,336.19,0.4,0.37,2024-03-10,758,N20,VIIRS,l,2,308.44,2.78,D,0
17.67693,79.12145,339.75,0.38,0.36,2024-03-10,758,N20,VIIRS,n,2,309.51,6.54,D,0
17.68023,79.12091,334.4,0.38,0.36,2024-03-10,758,N20,VIIRS,n,2,303.81,2.33,D,0
17.68983,79.61996,334.87,0.39,0.36,2024-03-10,758,N20,VIIRS,n,2,301.76,4.98,D,0
17.72873,79.26432,336.12,0.39,0.36,2024-03-10,758,N20,VIIRS,n,2,305.62,1.89,D,0
17.73897,80.23754,339.62,0.4,0.37,2024-03-10,758,N20,VIIRS,n,2,306.16,4.55,D,0
17.74179,80.23329,337.87,0.4,0.37,2024-03-10,758,N20,VIIRS,n,2,307.56,7.15,D,0
17.74232,80.23701,348.83,0.4,0.37,2024-03-10,758,N20,VIIRS,n,2,308.31,5.19,D,0
17.74568,80.23647,339.65,0.4,0.37,2024-03-10,758,N20,VIIRS,n,2,305.47,5.19,D,0
17.75474,79.99209,333.99,0.39,0.36,2024-03-10,758,N20,VIIRS,n,2,305.52,2.06,D,0
17.76606,80.28261,342.36,0.4,0.37,2024-03-10,758,N20,VIIRS,n,2,303.43,4.04,D,0
17.78538,80.10831,340.08,0.4,0.37,2024-03-10,758,N20,VIIRS,n,2,305.81,2.64,D,0
17.78574,80.15778,342.11,0.4,0.37,2024-03-10,758,N20,VIIRS,n,2,304.33,3.9,D,0
17.78593,80.11205,332.45,0.4,0.37,2024-03-10,758,N20,VIIRS,l,2,305.91,2.64,D,0
17.78628,80.16149,352.73,0.4,0.37,2024-03-10,758,N20,VIIRS,n,2,306.76,4.22,D,0
17.78963,80.16096,339.43,0.4,0.37,2024-03-10,758,N20,VIIRS,n,2,305.0,4.22,D,0
17.79712,80.35499,345.34,0.4,0.37,2024-03-10,758,N20,VIIRS,n,2,306.18,5.38,D,0
17.79956,77.60499,348.23,0.39,0.37,2024-03-10,758,N20,VIIRS,n,2,314.02,8.22,D,0
17.80049,80.35445,367.0,0.4,0.37,2024-03-10,758,N20,VIIRS,h,2,308.44,14.87,D,0
17.80231,77.60074,345.81,0.39,0.37,2024-03-10,758,N20,VIIRS,n,2,313.4,9.77,D,0
17.80336,79.51536,336.89,0.39,0.36,2024-03-10,758,N20,VIIRS,l,2,309.83,3.57,D,0
17.80366,80.0518,350.47,0.4,0.37,2024-03-10,758,N20,VIIRS,n,2,307.51,10.52,D,0
17.81005,80.34911,345.4,0.4,0.37,2024-03-10,758,N20,VIIRS,n,2,309.39,6.79,D,0
17.81059,80.35286,343.3,0.4,0.37,2024-03-10,758,N20,VIIRS,n,2,308.52,6.79,D,0
17.81168,80.36038,342.86,0.4,0.37,2024-03-10,758,N20,VIIRS,n,2,307.42,4.78,D,0
17.81396,80.35233,349.2,0.4,0.37,2024-03-10,758,N20,VIIRS,n,2,310.58,12.84,D,0
17.81577,80.31731,335.04,0.4,0.37,2024-03-10,758,N20,VIIRS,l,2,306.15,4.89,D,0
17.81632,80.32108,333.39,0.4,0.37,2024-03-10,758,N20,VIIRS,l,2,304.9,4.89,D,0
17.81678,80.34805,346.05,0.4,0.37,2024-03-10,758,N20,VIIRS,n,2,307.81,12.84,D,0
17.81914,80.31681,330.96,0.4,0.37,2024-03-10,758,N20,VIIRS,l,2,305.12,4.89,D,0
17.81968,80.32057,336.78,0.4,0.37,2024-03-10,758,N20,VIIRS,n,2,306.9,4.89,D,0
17.83323,80.29543,346.03,0.4,0.37,2024-03-10,758,N20,VIIRS,n,2,307.18,4.45,D,0
17.83603,80.29108,334.83,0.4,0.37,2024-03-10,758,N20,VIIRS,n,2,305.14,4.45,D,0
17.83659,80.29489,356.26,0.4,0.37,2024-03-10,758,N20,VIIRS,n,2,307.54,4.45,D,0
17.83789,80.29029,334.53,0.4,0.37,2024-03-10,758,N20,VIIRS,l,2,305.4,4.5,D,0
17.84447,80.31228,335.17,0.4,0.37,2024-03-10,758,N20,VIIRS,l,2,305.93,1.96,D,0
17.84501,80.31602,333.42,0.4,0.37,2024-03-10,758,N20,VIIRS,l,2,304.95,1.96,D,0
17.84679,80.20855,344.53,0.4,0.37,2024-03-10,758,N20,VIIRS,n,2,305.94,4.11,D,0
17.84783,80.31174,353.51,0.4,0.37,2024-03-10,758,N20,VIIRS,n,2,308.54,14.31,D,0
17.84837,80.31551,337.57,0.4,0.37,2024-03-10,758,N20,VIIRS,n,2,306.55,14.31,D,0
17.8512,80.31123,349.43,0.4,0.37,2024-03-10,758,N20,VIIRS,n,2,311.57,14.31,D,0
17.85456,80.46606,339.46,0.4,0.37,2024-03-10,758,N20,VIIRS,n,2,309.29,20.76,D,0
17.85591,80.27209,333.05,0.4,0.37,2024-03-10,758,N20,VIIRS,l,2,303.56,3.42,D,0
17.85686,80.20695,341.51,0.4,0.37,2024-03-10,758,N20,VIIRS,n,2,309.49,8.88,D,0
17.85739,80.21069,338.11,0.4,0.37,2024-03-10,758,N20,VIIRS,n,2,306.51,7.43,D,0
17.85835,81.47818,337.58,0.44,0.38,2024-03-10,758,N20,VIIRS,n,2,303.75,2.65,D,0
17.86021,80.20642,330.49,0.4,0.37,2024-03-10,758,N20,VIIRS,l,2,305.02,2.17,D,0
17.86119,80.33298,338.34,0.4,0.37,2024-03-10,758,N20,VIIRS,n,2,303.86,4.79,D,0
17.88662,80.29435,332.92,0.4,0.37,2024-03-10,758,N20,VIIRS,l,2,304.06,2.84,D,0
17.88771,80.3019,341.03,0.4,0.37,2024-03-10,758,N20,VIIRS,n,2,307.85,2.3,D,0
17.89107,80.30139,335.5,0.4,0.37,2024-03-10,758,N20,VIIRS,l,2,306.36,2.3,D,0
17.89356,79.98834,332.31,0.39,0.37,2024-03-10,758,N20,VIIRS,l,2,305.21,2.28,D,0
17.90259,79.65928,330.83,0.39,0.36,2024-03-10,758,N20,VIIRS,l,2,304.63,1.75,D,0
17.91492,79.97701,344.38,0.39,0.37,2024-03-10,758,N20,VIIRS,n,2,305.62,5.48,D,0
17.92375,79.99075,331.07,0.39,0.37,2024-03-10,758,N20,VIIRS,l,2,306.0,2.53,D,0
17.92415,80.15056,338.44,0.4,0.37,2024-03-10,758,N20,VIIRS,n,2,306.39,1.87,D,0
17.92617,80.14998,338.69,0.4,0.37,2024-03-10,758,N20,VIIRS,n,2,306.22,2.31,D,0
17.93831,79.55645,333.96,0.39,0.36,2024-03-10,758,N20,VIIRS,l,2,304.04,2.68,D,0
17.94669,80.17348,336.15,0.4,0.37,2024-03-10,758,N20,VIIRS,l,2,307.26,3.27,D,0
17.95004,80.17294,330.87,0.4,0.37,2024-03-10,758,N20,VIIRS,l,2,304.51,1.91,D,0
17.95192,80.33025,334.99,0.4,0.37,2024-03-10,758,N20,VIIRS,n,2,304.54,4.1,D,0
17.95811,80.32539,333.36,0.4,0.37,2024-03-10,758,N20,VIIRS,l,2,305.29,1.79,D,0
17.96094,80.32106,331.44,0.4,0.37,2024-03-10,758,N20,VIIRS,l,2,305.28,3.18,D,0
17.96486,78.93662,337.45,0.38,0.36,2024-03-10,758,N20,VIIRS,l,2,308.63,6.44,D,0
17.96541,78.94022,346.69,0.38,0.36,2024-03-10,758,N20,VIIRS,n,2,309.31,6.44,D,0
17.96574,80.16283,340.96,0.4,0.37,2024-03-10,758,N20,VIIRS,n,2,306.56,3.61,D,0
17.97065,80.29262,342.0,0.4,0.37,2024-03-10,758,N20,VIIRS,n,2,306.74,3.87,D,0
17.97936,79.99711,337.35,0.39,0.37,2024-03-10,758,N20,VIIRS,n,2,303.9,4.57,D,0
17.98879,80.13252,341.44,0.4,0.37,2024-03-10,758,N20,VIIRS,n,2,307.31,4.57,D,0
18.00798,80.21755,330.94,0.4,0.37,2024-03-10,758,N20,VIIRS,l,2,305.52,2.26,D,0
18.03019,80.02328,334.65,0.4,0.37,2024-03-10,758,N20,VIIRS,l,2,305.35,2.98,D,0
18.0369,80.11749,331.7,0.4,0.37,2024-03-10,758,N20,VIIRS,l,2,303.56,1.45,D,0
18.06246,80.4994,331.11,0.41,0.37,2024-03-10,758,N20,VIIRS,l,2,304.78,3.21,D,0
18.09582,80.05104,334.68,0.4,0.37,2024-03-10,758,N20,VIIRS,l,2,304.91,1.52,D,0
18.09767,80.25359,332.26,0.4,0.37,2024-03-10,758,N20,VIIRS,n,2,302.85,1.47,D,0
18.17075,80.10391,331.36,0.4,0.37,2024-03-10,758,N20,VIIRS,n,2,299.89,1.62,D,0
18.20408,80.70609,331.4,0.41,0.37,2024-03-10,758,N20,VIIRS,l,2,305.71,1.24,D,0
18.25039,81.46745,335.95,0.44,0.38,2024-03-10,758,N20,VIIRS,n,2,305.92,5.84,D,0
18.31207,80.6063,338.45,0.41,0.37,2024-03-10,758,N20,VIIRS,n,2,306.5,2.42,D,0
18.31545,80.60564,336.24,0.41,0.37,2024-03-10,758,N20,VIIRS,n,2,305.63,2.42,D,0
18.32405,80.71444,332.04,0.41,0.37,2024-03-10,758,N20,VIIRS,l,2,303.2,2.42,D,0
17.87642,77.25204,337.51,0.4,0.37,2024-03-10,759,N20,VIIRS,l,2,311.5,7.7,D,0
18.04883,77.20589,347.1,0.4,0.37,2024-03-10,759,N20,VIIRS,n,2,312.01,10.95,D,0
18.14323,78.30389,339.94,0.39,0.36,2024-03-10,759,N20,VIIRS,n,2,307.45,2.97,D,0
18.14379,78.30751,337.69,0.39,0.36,2024-03-10,759,N20,VIIRS,l,2,308.08,3.87,D,0
18.15,77.79977,336.67,0.39,0.36,2024-03-10,759,N20,VIIRS,n,2,304.35,2.34,D,0
18.15248,77.75054,332.54,0.39,0.36,2024-03-10,759,N20,VIIRS,l,2,302.83,3.57,D,0
18.31607,80.6059,333.52,0.41,0.37,2024-03-10,759,N20,VIIRS,l,2,304.45,2.12,D,0
18.3185,79.79066,335.73,0.39,0.36,2024-03-10,759,N20,VIIRS,n,2,305.63,3.68,D,0
18.33405,80.70952,333.67,0.41,0.37,2024-03-10,759,N20,VIIRS,l,2,305.27,2.55,D,0
18.33693,80.70514,332.54,0.41,0.37,2024-03-10,759,N20,VIIRS,l,2,303.58,3.86,D,0
18.33801,80.71288,340.61,0.41,0.37,2024-03-10,759,N20,VIIRS,n,2,305.07,2.88,D,0
18.35294,80.69481,332.41,0.41,0.37,2024-03-10,759,N20,VIIRS,l,2,304.32,2.33,D,0
18.36709,80.82104,338.85,0.42,0.37,2024-03-10,759,N20,VIIRS,n,2,303.06,3.46,D,0
18.36763,80.82491,346.24,0.42,0.37,2024-03-10,759,N20,VIIRS,n,2,303.98,3.46,D,0
18.37052,80.82052,338.45,0.42,0.37,2024-03-10,759,N20,VIIRS,n,2,302.56,3.46,D,0
18.37105,80.82433,331.25,0.42,0.37,2024-03-10,759,N20,VIIRS,n,2,301.79,3.46,D,0
18.37302,80.66403,340.81,0.41,0.37,2024-03-10,759,N20,VIIRS,n,2,307.74,4.5,D,0
18.37395,80.81995,347.33,0.42,0.37,2024-03-10,759,N20,VIIRS,n,2,305.47,9.27,D,0
18.37411,80.67174,336.52,0.41,0.37,2024-03-10,759,N20,VIIRS,l,2,308.19,8.03,D,0
18.37449,80.82381,333.77,0.42,0.37,2024-03-10,759,N20,VIIRS,n,2,301.86,9.27,D,0
18.37643,80.66346,340.12,0.41,0.37,2024-03-10,759,N20,VIIRS,n,2,306.81,4.5,D,0
18.39569,80.67632,339.19,0.41,0.37,2024-03-10,759,N20,VIIRS,n,2,308.9,4.88,D,0
18.39734,80.68794,336.55,0.41,0.37,2024-03-10,759,N20,VIIRS,l,2,307.41,4.83,D,0
18.40131,80.69128,349.06,0.41,0.37,2024-03-10,759,N20,VIIRS,n,2,309.38,4.83,D,0
18.40472,80.69075,338.97,0.41,0.37,2024-03-10,759,N20,VIIRS,l,2,309.82,5.37,D,0
18.40527,80.69461,337.05,0.41,0.37,2024-03-10,759,N20,VIIRS,l,2,307.46,10.26,D,0
18.40704,80.68247,343.94,0.41,0.37,2024-03-10,759,N20,VIIRS,n,2,306.87,7.19,D,0
18.40759,80.68634,342.44,0.41,0.37,2024-03-10,759,N20,VIIRS,n,2,308.7,5.37,D,0
18.40814,80.69022,333.88,0.41,0.37,2024-03-10,759,N20,VIIRS,l,2,307.75,5.37,D,0
18.40869,80.69409,346.59,0.41,0.37,2024-03-10,759,N20,VIIRS,n,2,306.29,10.26,D,0
18.40959,77.93832,336.63,0.39,0.36,2024-03-10,759,N20,VIIRS,n,2,306.12,3.51,D,0
18.41101,80.68581,333.25,0.41,0.37,2024-03-10,759,N20,VIIRS,n,2,304.45,3.79,D,0
18.41156,80.68969,343.82,0.41,0.37,2024-03-10,759,N20,VIIRS,n,2,306.53,3.79,D,0
18.41211,80.69355,332.66,0.41,0.37,2024-03-10,759,N20,VIIRS,n,2,303.08,2.97,D,0
18.41606,79.71473,338.54,0.39,0.36,2024-03-10,759,N20,VIIRS,n,2,307.88,4.04,D,0
18.41895,77.93302,336.24,0.39,0.36,2024-03-10,759,N20,VIIRS,l,2,307.88,2.78,D,0
18.43171,78.59154,336.72,0.38,0.36,2024-03-10,759,N20,VIIRS,n,2,307.06,3.67,D,0
18.43498,80.00399,333.29,0.4,0.37,2024-03-10,759,N20,VIIRS,l,2,304.63,2.52,D,0
18.4603,78.4202,334.69,0.38,0.36,2024-03-10,759,N20,VIIRS,l,2,306.92,1.61,D,0
18.46086,78.42381,336.32,0.38,0.36,2024-03-10,759,N20,VIIRS,l,2,307.7,2.71,D,0
18.46141,78.4274,333.8,0.38,0.36,2024-03-10,759,N20,VIIRS,l,2,307.04,2.71,D,0
18.46689,78.41908,332.87,0.38,0.36,2024-03-10,759,N20,VIIRS,l,2,307.75,1.28,D,0
18.46744,78.42269,336.41,0.38,0.36,2024-03-10,759,N20,VIIRS,l,2,308.25,1.72,D,0
18.47281,78.32549,332.64,0.38,0.36,2024-03-10,759,N20,VIIRS,l,2,305.91,1.49,D,0
18.48379,80.58295,331.27,0.41,0.37,2024-03-10,759,N20,VIIRS,l,2,303.43,1.95,D,0
18.49497,80.61266,333.56,0.41,0.37,2024-03-10,759,N20,VIIRS,l,2,305.32,4.31,D,0
18.49552,80.61652,338.32,0.41,0.37,2024-03-10,759,N20,VIIRS,n,2,305.71,4.89,D,0
18.49892,78.94668,337.42,0.38,0.36,2024-03-10,759,N20,VIIRS,n,2,306.23,7.69,D,0
18.49948,80.61987,349.22,0.41,0.37,2024-03-10,759,N20,VIIRS,n,2,305.59,4.89,D,0
18.52569,78.56092,342.0,0.38,0.36,2024-03-10,759,N20,VIIRS,n,2,308.99,4.49,D,0
18.52676,78.50159,333.12,0.38,0.36,2024-03-10,759,N20,VIIRS,l,2,306.51,1.74,D,0
18.53008,78.63422,337.07,0.38,0.36,2024-03-10,759,N20,VIIRS,n,2,304.94,4.11,D,0
18.5391,80.09136,330.16,0.4,0.37,2024-03-10,759,N20,VIIRS,l,2,304.38,1.81,D,0
18.54703,77.04818,338.7,0.4,0.37,2024-03-10,759,N20,VIIRS,l,2,309.16,3.41,D,0
18.552,80.08548,340.08,0.4,0.37,2024-03-10,759,N20,VIIRS,n,2,306.8,5.05,D,0
18.55534,80.56818,337.15,0.41,0.37,2024-03-10,759,N20,VIIRS,n,2,305.83,3.89,D,0
18.55642,80.5759,351.72,0.41,0.37,2024-03-10,759,N20,VIIRS,n,2,305.78,11.24,D,0
18.57482,78.06266,330.24,0.39,0.36,2024-03-10,759,N20,VIIRS,l,2,302.59,3.25,D,0
18.58212,78.5066,335.67,0.38,0.36,2024-03-10,759,N20,VIIRS,n,2,305.41,2.41,D,0
18.58267,78.5102,341.68,0.38,0.36,2024-03-10,759,N20,VIIRS,n,2,305.58,2.41,D,0
18.58323,78.55825,336.71,0.38,0.36,2024-03-10,759,N20,VIIRS,n,2,307.08,2.39,D,0
18.58652,78.5577,337.35,0.38,0.36,2024-03-10,759,N20,VIIRS,n,2,306.2,2.57,D,0
18.60534,79.43182,331.32,0.39,0.36,2024-03-10,759,N20,VIIRS,l,2,302.94,1.8,D,0
18.60799,79.58926,343.22,0.39,0.36,2024-03-10,759,N20,VIIRS,n,2,305.26,5.05,D,0
18.6217,78.16553,331.53,0.39,0.36,2024-03-10,759,N20,VIIRS,l,2,304.38,2.74,D,0
18.63802,80.46059,333.54,0.41,0.37,2024-03-10,759,N20,VIIRS,l,2,304.57,4.77,D,0
18.64799,78.65112,344.83,0.38,0.36,2024-03-10,759,N20,VIIRS,n,2,309.95,2.75,D,0
18.64854,78.65474,334.1,0.38,0.36,2024-03-10,759,N20,VIIRS,l,2,308.07,2.75,D,0
18.6498,79.34232,332.14,0.39,0.36,2024-03-10,759,N20,VIIRS,l,2,305.88,3.1,D,0
18.65128,78.65058,331.79,0.38,0.36,2024-03-10,759,N20,VIIRS,l,2,306.51,2.75,D,0
18.65311,79.34177,336.84,0.39,0.36,2024-03-10,759,N20,VIIRS,n,2,303.17,3.1,D,0
18.65351,80.42284,332.9,0.41,0.37,2024-03-10,759,N20,VIIRS,l,2,303.29,0.98,D,0
18.65444,80.35621,332.04,0.41,0.37,2024-03-10,759,N20,VIIRS,l,2,305.65,1.99,D,0
18.65782,80.35564,331.28,0.41,0.37,2024-03-10,759,N20,VIIRS,l,2,303.98,1.99,D,0
18.65799,80.42998,345.95,0.41,0.37,2024-03-10,759,N20,VIIRS,n,2,305.76,8.09,D,0
18.65837,80.35946,332.45,0.41,0.37,2024-03-10,759,N20,VIIRS,l,2,304.08,1.99,D,0
18.6732,80.43937,344.71,0.41,0.37,2024-03-10,759,N20,VIIRS,n,2,306.55,3.2,D,0
18.67429,80.44703,345.47,0.41,0.37,2024-03-10,759,N20,VIIRS,n,2,305.93,4.7,D,0
18.67457,79.55602,341.45,0.39,0.36,2024-03-10,759,N20,VIIRS,n,2,306.42,3.96,D,0
18.6766,80.43885,334.57,0.41,0.37,2024-03-10,759,N20,VIIRS,l,2,305.31,3.2,D,0
18.67715,80.44269,338.45,0.41,0.37,2024-03-10,759,N20,VIIRS,n,2,306.46,3.2,D,0
18.68482,80.37489,335.23,0.41,0.37,2024-03-10,759,N20,VIIRS,l,2,305.57,3.96,D,0
18.69127,78.3542,335.23,0.38,0.36,2024-03-10,759,N20,VIIRS,l,2,306.09,3.38,D,0
18.71904,79.5372,334.62,0.39,0.36,2024-03-10,759,N20,VIIRS,l,2,307.98,4.25,D,2
18.72281,80.34197,337.21,0.41,0.37,2024-03-10,759,N20,VIIRS,n,2,303.36,1.55,D,0
18.75089,80.46739,333.52,0.41,0.37,2024-03-10,759,N20,VIIRS,l,2,304.8,2.78,D,0
18.77035,80.31113,331.5,0.41,0.37,2024-03-10,759,N20,VIIRS,l,2,304.45,2.12,D,0
18.78577,80.39489,332.45,0.41,0.37,2024-03-10,759,N20,VIIRS,l,2,305.59,1.35,D,0
18.78633,80.39879,336.22,0.41,0.37,2024-03-10,759,N20,VIIRS,n,2,305.34,2.19,D,0
18.78972,80.39828,344.06,0.41,0.37,2024-03-10,759,N20,VIIRS,n,2,306.98,8.1,D,0
18.8173,80.81686,334.64,0.42,0.38,2024-03-10,759,N20,VIIRS,l,2,307.66,3.41,D,0
18.82074,80.81635,335.88,0.42,0.38,2024-03-10,759,N20,VIIRS,l,2,307.4,3.2,D,0
18.83106,80.31715,331.61,0.41,0.37,2024-03-10,759,N20,VIIRS,l,2,304.09,2.02,D,0
18.83418,80.26583,344.37,0.4,0.37,2024-03-10,759,N20,VIIRS,n,2,306.67,4.81,D,0
18.83472,80.26965,336.04,0.41,0.37,2024-03-10,759,N20,VIIRS,n,2,305.26,4.81,D,0
18.83499,80.32047,340.83,0.41,0.37,2024-03-10,759,N20,VIIRS,n,2,304.89,4.05,D,0
18.83838,80.31994,330.74,0.41,0.37,2024-03-10,759,N20,VIIRS,l,2,302.55,0.88,D,0
18.84328,80.13596,340.96,0.4,0.37,2024-03-10,759,N20,VIIRS,n,2,305.58,6.24,D,0
18.84553,78.58731,332.97,0.38,0.36,2024-03-10,759,N20,VIIRS,l,2,304.54,1.08,D,0
18.84967,78.8611,300.19,0.38,0.36,2024-03-10,759,N20,VIIRS,l,2,302.72,17.8,D,0
18.85021,78.86472,335.31,0.38,0.36,2024-03-10,759,N20,VIIRS,n,2,301.34,17.8,D,0
18.85151,79.39859,347.52,0.39,0.36,2024-03-10,759,N20,VIIRS,n,2,307.83,10.4,D,0
18.87281,80.31853,331.8,0.41,0.37,2024-03-10,759,N20,VIIRS,l,2,303.71,3.5,D,0
18.87851,80.30984,334.37,0.41,0.37,2024-03-10,759,N20,VIIRS,l,2,304.74,2.45,D,0
18.87937,80.76296,331.65,0.42,0.38,2024-03-10,759,N20,VIIRS,n,2,301.63,0.96,D,0
18.90041,79.49976,330.24,0.39,0.36,2024-03-10,759,N20,VIIRS,l,2,303.15,0.6,D,0
18.90875,78.46536,338.47,0.38,0.36,2024-03-10,759,N20,VIIRS,n,2,303.0,2.04,D,0
18.92637,79.23976,331.46,0.39,0.36,2024-03-10,759,N20,VIIRS,l,2,301.73,2.55,D,0
18.93172,78.3502,334.84,0.38,0.36,2024-03-10,759,N20,VIIRS,l,2,305.99,2.93,D,0
18.93613,80.17124,330.28,0.4,0.37,2024-03-10,759,N20,VIIRS,l,2,302.12,3.5,D,0
18.93723,80.17901,336.96,0.4,0.37,2024-03-10,759,N20,VIIRS,l,2,307.12,4.86,D,0
18.94061,80.1785,340.57,0.4,0.37,2024-03-10,759,N20,VIIRS,n,2,308.27,7.52,D,0
18.94107,79.08793,339.09,0.39,0.36,2024-03-10,759,N20,VIIRS,n,2,306.24,3.13,D,0
18.98267,80.20695,333.43,0.4,0.37,2024-03-10,759,N20,VIIRS,n,2,302.82,5.14,D,0
18.98771,78.76387,340.32,0.38,0.36,2024-03-10,759,N20,VIIRS,n,2,308.17,5.13,D,0
18.99224,80.66883,339.46,0.42,0.37,2024-03-10,759,N20,VIIRS,n,2,305.91,5.4,D,0
19.01174,79.31192,331.71,0.39,0.36,2024-03-10,759,N20,VIIRS,l,2,304.15,1.95,D,0
19.01451,79.30766,340.68,0.39,0.36,2024-03-10,759,N20,VIIRS,n,2,304.13,3.16,D,0
19.01836,79.31078,334.43,0.39,0.36,2024-03-10,759,N20,VIIRS,l,2,305.64,2.75,D,0
19.0189,79.31444,341.6,0.39,0.36,2024-03-10,759,N20,VIIRS,n,2,305.81,2.75,D,0
19.02119,78.60197,346.98,0.38,0.36,2024-03-10,759,N20,VIIRS,n,2,308.07,4.01,D,0
19.02167,79.31021,332.57,0.39,0.36,2024-03-10,759,N20,VIIRS,l,2,305.04,2.75,D,0
19.02174,78.60559,331.27,0.38,0.36,2024-03-10,759,N20,VIIRS,l,2,305.83,4.01,D,0
19.02197,77.6582,341.31,0.39,0.36,2024-03-10,759,N20,VIIRS,l,2,316.0,3.5,D,0
19.02448,78.60142,344.27,0.38,0.36,2024-03-10,759,N20,VIIRS,n,2,307.47,4.01,D,0
19.04479,78.60173,336.36,0.38,0.36,2024-03-10,759,N20,VIIRS,n,2,306.02,3.88,D,0
19.04699,78.59393,350.31,0.38,0.36,2024-03-10,759,N20,VIIRS,n,2,307.84,5.62,D,0
19.04754,78.59756,334.46,0.38,0.36,2024-03-10,759,N20,VIIRS,l,2,305.66,2.88,D,0
19.06317,80.6498,333.67,0.42,0.37,2024-03-10,759,N20,VIIRS,n,2,302.11,3.18,D,0
19.0717,78.55637,334.08,0.38,0.36,2024-03-10,759,N20,VIIRS,l,2,307.0,1.89,D,0
19.08785,80.82448,331.41,0.42,0.38,2024-03-10,759,N20,VIIRS,l,2,306.19,3.15,D,0
19.10549,78.87034,353.39,0.39,0.36,2024-03-10,759,N20,VIIRS,n,2,308.97,13.84,D,0
19.11366,80.08903,330.83,0.4,0.37,2024-03-10,759,N20,VIIRS,l,2,305.56,2.83,D,0
19.115,79.25341,340.27,0.39,0.36,2024-03-10,759,N20,VIIRS,n,2,310.87,2.82,D,0
19.11702,81.42287,335.49,0.45,0.39,2024-03-10,759,N20,VIIRS,l,2,307.44,3.28,D,0
19.11703,80.08849,337.02,0.4,0.37,2024-03-10,759,N20,VIIRS,n,2,303.05,3.54,D,0
19.12202,80.0994,336.6,0.4,0.37,2024-03-10,759,N20,VIIRS,l,2,307.65,6.39,D,0
19.12257,80.10321,337.8,0.4,0.37,2024-03-10,759,N20,VIIRS,n,2,303.75,4.25,D,0
19.13136,78.83999,336.08,0.38,0.36,2024-03-10,759,N20,VIIRS,n,2,304.69,2.86,D,0
19.13147,79.0898,330.07,0.39,0.36,2024-03-10,759,N20,VIIRS,l,2,304.27,2.59,D,0
19.13191,79.78529,347.45,0.4,0.37,2024-03-10,759,N20,VIIRS,n,2,305.24,5.08,D,0
19.13201,79.09344,340.84,0.39,0.36,2024-03-10,759,N20,VIIRS,n,2,303.52,2.59,D,0
19.13266,78.53058,339.46,0.38,0.36,2024-03-10,759,N20,VIIRS,l,2,309.61,3.68,D,0
19.13815,78.52222,335.45,0.38,0.36,2024-03-10,759,N20,VIIRS,l,2,306.65,1.72,D,0
19.14069,80.1824,330.98,0.4,0.37,2024-03-10,759,N20,VIIRS,l,2,304.04,2.84,D,0
19.14303,79.93337,340.79,0.4,0.37,2024-03-10,759,N20,VIIRS,n,2,303.29,3.56,D,0
19.14407,80.18187,330.34,0.4,0.37,2024-03-10,759,N20,VIIRS,l,2,302.65,2.89,D,0
19.15663,80.24615,339.03,0.41,0.37,2024-03-10,759,N20,VIIRS,n,2,302.32,4.46,D,0
19.16179,79.99207,330.69,0.4,0.37,2024-03-10,759,N20,VIIRS,l,2,303.74,3.3,D,0
19.16233,79.99584,332.17,0.4,0.37,2024-03-10,759,N20,VIIRS,l,2,304.56,2.81,D,0
19.16363,79.95712,334.19,0.4,0.37,2024-03-10,759,N20,VIIRS,l,2,305.17,2.79,D,0
19.16515,79.99152,334.66,0.4,0.37,2024-03-10,759,N20,VIIRS,n,2,304.64,3.66,D,0
19.16851,79.99097,340.36,0.4,0.37,2024-03-10,759,N20,VIIRS,n,2,305.64,3.66,D,0
19.1709,79.54248,343.25,0.39,0.36,2024-03-10,759,N20,VIIRS,n,2,306.31,4.07,D,0
19.1746,80.15356,337.92,0.4,0.37,2024-03-10,759,N20,VIIRS,n,2,304.59,4.46,D,0
19.17527,78.81335,331.68,0.38,0.36,2024-03-10,759,N20,VIIRS,l,2,305.39,1.74,D,0
19.18146,78.67473,334.89,0.38,0.36,2024-03-10,759,N20,VIIRS,l,2,309.06,2.39,D,0
19.18368,78.62231,332.06,0.38,0.36,2024-03-10,759,N20,VIIRS,l,2,306.27,2.49,D,0
19.19136,78.62847,333.67,0.38,0.36,2024-03-10,759,N20,VIIRS,l,2,306.74,2.36,D,0
19.19817,80.00568,347.12,0.4,0.37,2024-03-10,759,N20,VIIRS,n,2,305.29,5.34,D,0
19.20136,80.05162,338.97,0.4,0.37,2024-03-10,759,N20,VIIRS,n,2,305.02,5.11,D,0
19.20153,80.00515,332.52,0.4,0.37,2024-03-10,759,N20,VIIRS,l,2,302.61,3.84,D,0
19.20209,80.00896,347.75,0.4,0.37,2024-03-10,759,N20,VIIRS,n,2,304.92,3.84,D,0
19.20779,78.71497,344.04,0.38,0.36,2024-03-10,759,N20,VIIRS,n,2,307.28,5.87,D,0
19.20826,79.99238,343.01,0.4,0.37,2024-03-10,759,N20,VIIRS,n,2,304.65,4.49,D,0
19.20833,78.71859,336.56,0.38,0.36,2024-03-10,759,N20,VIIRS,n,2,306.12,2.53,D,0
19.20853,80.07745,342.34,0.4,0.37,2024-03-10,759,N20,VIIRS,n,2,302.44,4.82,D,0
19.21218,78.72166,339.67,0.38,0.36,2024-03-10,759,N20,VIIRS,n,2,306.07,2.53,D,0
19.21438,78.71386,347.51,0.38,0.36,2024-03-10,759,N20,VIIRS,n,2,306.15,6.04,D,0
19.22292,80.07136,330.41,0.4,0.37,2024-03-10,759,N20,VIIRS,l,2,303.07,2.53,D,0
19.22522,80.06326,337.59,0.4,0.37,2024-03-10,759,N20,VIIRS,n,2,301.9,3.68,D,0
19.23575,78.5612,338.08,0.38,0.36,2024-03-10,759,N20,VIIRS,n,2,306.27,2.16,D,0
19.2363,78.56483,342.93,0.38,0.36,2024-03-10,759,N20,VIIRS,n,2,307.9,4.89,D,0
19.23684,80.66823,336.29,0.42,0.38,2024-03-10,759,N20,VIIRS,n,2,302.07,3.4,D,0
19.23904,78.56065,338.29,0.38,0.36,2024-03-10,759,N20,VIIRS,n,2,306.2,1.21,D,0
19.23952,78.67577,331.35,0.38,0.36,2024-03-10,759,N20,VIIRS,l,2,305.47,1.68,D,0
19.24091,79.83676,330.71,0.4,0.37,2024-03-10,759,N20,VIIRS,l,2,304.64,3.11,D,0
19.24197,77.3509,337.0,0.39,0.36,2024-03-10,759,N20,VIIRS,l,2,310.61,1.99,D,0
19.24611,78.67467,335.24,0.38,0.36,2024-03-10,759,N20,VIIRS,l,2,305.63,3.44,D,0
19.25105,78.68501,335.54,0.38,0.36,2024-03-10,759,N20,VIIRS,l,2,306.52,2.86,D,0
19.25159,78.68863,331.55,0.38,0.36,2024-03-10,759,N20,VIIRS,l,2,306.48,1.7,D,0
19.25214,78.69225,331.73,0.38,0.36,2024-03-10,759,N20,VIIRS,l,2,305.66,1.7,D,0
19.25318,78.74416,333.65,0.38,0.36,2024-03-10,759,N20,VIIRS,l,2,307.93,2.57,D,0
19.25379,78.68082,346.84,0.38,0.36,2024-03-10,759,N20,VIIRS,n,2,307.25,2.86,D,0
19.25484,78.73273,330.77,0.38,0.36,2024-03-10,759,N20,VIIRS,l,2,305.34,1.19,D,0
19.25538,78.73636,333.23,0.38,0.36,2024-03-10,759,N20,VIIRS,l,2,307.02,1.19,D,0
19.25543,78.6917,337.54,0.38,0.36,2024-03-10,759,N20,VIIRS,n,2,306.03,1.7,D,0
19.25593,78.73999,337.21,0.38,0.36,2024-03-10,759,N20,VIIRS,n,2,306.38,2.57,D,0
19.25655,78.67665,334.9,0.38,0.36,2024-03-10,759,N20,VIIRS,l,2,306.21,2.79,D,0
19.25709,78.68027,335.03,0.38,0.36,2024-03-10,759,N20,VIIRS,l,2,306.64,2.64,D,0
19.25961,77.16076,336.98,0.4,0.37,2024-03-10,759,N20,VIIRS,l,2,311.09,2.79,D,0
19.26093,78.68335,333.28,0.38,0.36,2024-03-10,759,N20,VIIRS,l,2,305.94,2.64,D,0
19.26423,78.68279,332.06,0.38,0.36,2024-03-10,759,N20,VIIRS,l,2,306.9,2.9,D,0
19.26748,78.72691,336.44,0.38,0.36,2024-03-10,759,N20,VIIRS,l,2,307.05,1.65,D,0
19.26814,78.50743,334.5,0.38,0.36,2024-03-10,759,N20,VIIRS,l,2,305.38,1.36,D,0
19.26869,78.51105,334.69,0.38,0.36,2024-03-10,759,N20,VIIRS,l,2,307.08,1.36,D,0
19.26924,78.53699,333.31,0.38,0.36,2024-03-10,759,N20,VIIRS,l,2,307.57,1.54,D,0
19.27024,79.38573,335.75,0.39,0.36,2024-03-10,759,N20,VIIRS,l,2,308.05,3.11,D,0
19.27077,78.72636,345.03,0.38,0.36,2024-03-10,759,N20,VIIRS,n,2,306.07,2.57,D,0
19.27144,78.50687,337.43,0.38,0.36,2024-03-10,759,N20,VIIRS,n,2,306.98,2.91,D,0
19.27802,78.50577,333.0,0.38,0.36,2024-03-10,759,N20,VIIRS,l,2,306.87,1.03,D,0
19.28951,78.6265,341.34,0.38,0.36,2024-03-10,759,N20,VIIRS,n,2,308.65,2.37,D,0
19.29006,78.63013,334.4,0.38,0.36,2024-03-10,759,N20,VIIRS,l,2,307.31,1.39,D,0
19.29281,78.62595,336.35,0.38,0.36,2024-03-10,759,N20,VIIRS,n,2,307.43,2.37,D,0
19.31362,78.71921,335.56,0.38,0.36,2024-03-10,759,N20,VIIRS,l,2,308.74,1.6,D,0
19.32093,80.17733,338.03,0.41,0.37,2024-03-10,759,N20,VIIRS,n,2,304.85,4.91,D,0
19.34229,78.65854,343.46,0.38,0.36,2024-03-10,759,N20,VIIRS,n,2,307.62,2.31,D,0
19.34557,78.68034,348.0,0.38,0.36,2024-03-10,759,N20,VIIRS,n,2,308.46,9.18,D,0
19.34559,78.65799,332.77,0.38,0.36,2024-03-10,759,N20,VIIRS,l,2,306.53,2.31,D,0
19.34611,78.68397,344.79,0.38,0.36,2024-03-10,759,N20,VIIRS,n,2,309.12,9.18,D,0
19.34886,78.67979,342.58,0.38,0.36,2024-03-10,759,N20,VIIRS,n,2,307.64,9.18,D,0
19.34941,78.68342,345.79,0.38,0.36,2024-03-10,759,N20,VIIRS,n,2,308.98,9.18,D,0
19.3527,78.68286,344.55,0.38,0.36,2024-03-10,759,N20,VIIRS,n,2,307.51,2.63,D,0
19.35545,78.67868,333.18,0.38,0.36,2024-03-10,759,N20,VIIRS,l,2,306.67,2.63,D,0
19.356,78.68231,333.2,0.38,0.36,2024-03-10,759,N20,VIIRS,l,2,307.06,2.63,D,0
19.36054,77.82434,332.88,0.39,0.36,2024-03-10,759,N20,VIIRS,l,2,305.88,2.78,D,0
19.36407,77.04638,342.56,0.4,0.37,2024-03-10,759,N20,VIIRS,n,2,315.58,20.7,D,0
19.38466,81.40113,335.15,0.45,0.39,2024-03-10,759,N20,VIIRS,n,2,305.1,1.51,D,0
19.40306,77.72697,339.26,0.39,0.36,2024-03-10,759,N20,VIIRS,n,2,311.9,3.15,D,0
19.40341,77.07793,338.58,0.4,0.37,2024-03-10,759,N20,VIIRS,n,2,313.01,1.96,D,0
19.40998,79.88605,334.93,0.4,0.37,2024-03-10,759,N20,VIIRS,n,2,303.11,2.0,D,0
19.41219,79.15123,340.3,0.39,0.36,2024-03-10,759,N20,VIIRS,n,2,310.59,2.61,D,0
19.41289,77.20282,339.94,0.39,0.37,2024-03-10,759,N20,VIIRS,l,2,313.87,3.27,D,0
19.41334,79.88552,347.55,0.4,0.37,2024-03-10,759,N20,VIIRS,n,2,305.39,3.76,D,0
19.4167,79.885,335.06,0.4,0.37,2024-03-10,759,N20,VIIRS,n,2,304.04,3.76,D,0
19.44546,81.34595,348.39,0.45,0.39,2024-03-10,759,N20,VIIRS,n,2,306.64,4.95,D,0
19.44603,81.3502,335.95,0.45,0.39,2024-03-10,759,N20,VIIRS,l,2,307.35,4.17,D,0
19.449,81.34543,336.16,0.45,0.39,2024-03-10,759,N20,VIIRS,n,2,304.49,2.53,D,0
19.4645,81.45969,337.41,0.45,0.39,2024-03-10,759,N20,VIIRS,n,2,307.22,2.74,D,0
19.46903,79.33051,338.96,0.39,0.36,2024-03-10,759,N20,VIIRS,n,2,308.86,2.8,D,0
19.49799,78.18531,342.84,0.38,0.36,2024-03-10,759,N20,VIIRS,n,2,310.65,3.3,D,0
19.50494,81.41039,339.15,0.45,0.39,2024-03-10,759,N20,VIIRS,l,2,309.99,3.39,D,0
19.50505,79.92549,335.31,0.4,0.37,2024-03-10,759,N20,VIIRS,l,2,306.39,2.44,D,0
19.51476,80.04074,333.97,0.4,0.37,2024-03-10,759,N20,VIIRS,l,2,304.9,2.46,D,0
19.52081,78.92317,337.08,0.39,0.36,2024-03-10,759,N20,VIIRS,l,2,308.44,1.52,D,0
19.55702,79.98753,341.93,0.4,0.37,2024-03-10,759,N20,VIIRS,n,2,303.98,2.95,D,0
19.56039,79.98699,338.42,0.4,0.37,2024-03-10,759,N20,VIIRS,n,2,303.56,2.95,D,0
19.56356,78.57266,343.77,0.38,0.36,2024-03-10,759,N20,VIIRS,n,2,311.04,3.32,D,0
19.57125,78.42242,335.99,0.38,0.36,2024-03-10,759,N20,VIIRS,l,2,310.77,5.67,D,0
19.58282,79.55495,331.41,0.39,0.36,2024-03-10,759,N20,VIIRS,l,2,304.84,1.17,D,0
19.58336,79.55866,338.5,0.39,0.36,2024-03-10,759,N20,VIIRS,n,2,305.47,3.15,D,0
19.58347,78.95765,341.09,0.39,0.36,2024-03-10,759,N20,VIIRS,l,2,313.02,3.04,D,0
19.67737,79.22443,336.14,0.39,0.36,2024-03-10,759,N20,VIIRS,l,2,309.24,1.9,D,0
19.6891,79.88851,339.82,0.4,0.37,2024-03-10,759,N20,VIIRS,n,2,308.79,5.32,D,0
19.69293,78.91719,338.82,0.39,0.36,2024-03-10,759,N20,VIIRS,l,2,308.91,3.15,D,0
19.77058,80.79205,333.95,0.43,0.38,2024-03-10,759,N20,VIIRS,n,2,302.82,6.2,D,0
19.77115,80.7962,342.67,0.43,0.38,2024-03-10,759,N20,VIIRS,n,2,306.36,6.5,D,0
19.77462,80.79568,344.38,0.43,0.38,2024-03-10,759,N20,VIIRS,n,2,306.09,6.5,D,0
19.78498,79.14922,336.36,0.39,0.36,2024-03-10,759,N20,VIIRS,l,2,310.72,2.15,D,2
19.79785,78.57333,333.65,0.38,0.36,2024-03-10,759,N20,VIIRS,l,2,305.54,2.32,D,0
19.83221,80.05772,337.34,0.41,0.37,2024-03-10,759,N20,VIIRS,l,2,308.62,2.75,D,0
19.84336,77.8707,338.69,0.39,0.36,2024-03-10,759,N20,VIIRS,n,2,308.66,1.88,D,0
19.85781,81.46596,335.41,0.46,0.39,2024-03-10,759,N20,VIIRS,l,2,307.14,3.28,D,0
19.86545,80.64252,335.71,0.42,0.38,2024-03-10,759,N20,VIIRS,l,2,308.68,3.82,D,0
19.87481,80.60827,336.87,0.42,0.38,2024-03-10,759,N20,VIIRS,l,2,308.2,3.36,D,0
19.87576,77.53066,340.17,0.39,0.36,2024-03-10,759,N20,VIIRS,l,2,313.79,4.05,D,0
19.8985,81.38931,338.51,0.45,0.39,2024-03-10,759,N20,VIIRS,n,2,307.12,3.53,D,0
19.93008,81.16966,334.08,0.44,0.39,2024-03-10,759,N20,VIIRS,l,2,306.83,6.49,D,0
19.94658,80.62534,334.75,0.42,0.38,2024-03-10,759,N20,VIIRS,l,2,309.37,3.48,D,0
19.94713,80.62935,332.94,0.42,0.38,2024-03-10,759,N20,VIIRS,l,2,307.09,3.72,D,0
19.95908,79.20369,333.92,0.39,0.36,2024-03-10,759,N20,VIIRS,l,2,308.1,0.86,D,0
19.96008,80.78904,344.07,0.43,0.38,2024-03-10,759,N20,VIIRS,n,2,307.86,5.07,D,0
19.96095,80.62721,339.28,0.42,0.38,2024-03-10,759,N20,VIIRS,n,2,309.22,2.55,D,0
19.9615,80.63124,330.74,0.42,0.38,2024-03-10,759,N20,VIIRS,l,2,305.23,2.55,D,0
19.96193,79.33645,333.51,0.39,0.36,2024-03-10,759,N20,VIIRS,l,2,306.11,1.74,D,2
19.96376,77.01204,341.58,0.4,0.37,2024-03-10,759,N20,VIIRS,n,2,315.7,2.99,D,0
19.98103,78.73298,347.45,0.39,0.36,2024-03-10,759,N20,VIIRS,n,2,313.5,7.68,D,0
19.98323,78.72511,344.94,0.39,0.36,2024-03-10,759,N20,VIIRS,n,2,310.55,8.49,D,0
19.98378,78.72877,346.07,0.39,0.36,2024-03-10,759,N20,VIIRS,n,2,313.15,4.16,D,0
19.98392,78.3661,341.46,0.38,0.36,2024-03-10,759,N20,VIIRS,l,2,313.81,3.33,D,0
19.98433,78.73243,341.02,0.39,0.36,2024-03-10,759,N20,VIIRS,l,2,311.65,4.16,D,0
19.98763,78.73188,338.68,0.39,0.36,2024-03-10,759,N20,VIIRS,l,2,312.14,4.16,D,0
19.9917,81.22505,335.66,0.45,0.39,2024-03-10,759,N20,VIIRS,l,2,307.96,2.98,D,0
19.99395,81.00635,335.17,0.44,0.38,2024-03-10,759,N20,VIIRS,l,2,309.83,3.19,D,0
19.99464,81.00608,339.91,0.44,0.38,2024-03-10,759,N20,VIIRS,n,2,309.94,2.79,D,0
17.81029,80.05248,306.95,0.47,0.4,2024-03-10,2029,N20,VIIRS,n,2,294.26,1.2,N,0
17.85084,80.2709,306.35,0.48,0.4,2024-03-10,2029,N20,VIIRS,n,2,293.3,1.03,N,0
18.2509,80.64619,305.39,0.49,0.41,2024-03-10,2029,N20,VIIRS,n,2,295.23,1.21,N,0
18.4569,78.42612,308.62,0.4,0.37,2024-03-10,2029,N20,VIIRS,n,2,293.29,1.61,N,0
18.45753,78.42233,308.28,0.4,0.37,2024-03-10,2029,N20,VIIRS,n,2,293.47,1.02,N,0
18.48155,80.5771,309.71,0.49,0.4,2024-03-10,2029,N20,VIIRS,n,2,295.62,1.45,N,0
18.48521,80.57783,312.82,0.49,0.4,2024-03-10,2029,N20,VIIRS,n,2,295.72,1.45,N,0
18.48599,80.57342,314.33,0.49,0.4,2024-03-10,2029,N20,VIIRS,n,2,295.62,1.45,N,0
18.55183,80.58368,306.68,0.49,0.4,2024-03-10,2029,N20,VIIRS,n,2,294.89,1.14,N,0
18.56321,80.56247,307.78,0.48,0.4,2024-03-10,2029,N20,VIIRS,n,2,294.76,1.75,N,0
18.57778,80.56549,314.62,0.48,0.4,2024-03-10,2029,N20,VIIRS,n,2,295.92,1.77,N,0
18.58142,80.56628,308.67,0.48,0.4,2024-03-10,2029,N20,VIIRS,n,2,295.72,1.77,N,0
18.60399,79.59046,305.98,0.44,0.38,2024-03-10,2029,N20,VIIRS,n,2,295.24,0.82,N,0
18.6284,80.45004,309.04,0.48,0.4,2024-03-10,2029,N20,VIIRS,n,2,295.02,2.19,N,0
18.67518,79.55352,330.12,0.44,0.38,2024-03-10,2029,N20,VIIRS,n,2,296.83,2.36,N,0
18.67866,79.5542,311.51,0.44,0.38,2024-03-10,2029,N20,VIIRS,n,2,296.41,2.36,N,0
18.72111,79.53697,314.98,0.44,0.38,2024-03-10,2029,N20,VIIRS,n,2,297.18,2.26,N,2
18.72268,79.53643,307.9,0.43,0.38,2024-03-10,2029,N20,VIIRS,n,2,296.24,1.5,N,2
18.74683,78.94627,309.61,0.41,0.37,2024-03-10,2029,N20,VIIRS,n,2,294.29,1.83,N,0
18.75094,78.83926,312.99,0.41,0.37,2024-03-10,2029,N20,VIIRS,n,2,294.31,1.73,N,0
18.7913,79.16042,308.21,0.42,0.38,2024-03-10,2029,N20,VIIRS,n,2,294.89,1.69,N,0
19.12261,78.8868,310.01,0.41,0.37,2024-03-10,2029,N20,VIIRS,n,2,294.94,1.71,N,0
19.12984,80.24892,310.44,0.46,0.39,2024-03-10,2029,N20,VIIRS,n,2,295.69,2.18,N,0
19.13055,80.2449,306.14,0.46,0.39,2024-03-10,2029,N20,VIIRS,n,2,295.76,1.22,N,0
19.13322,79.0955,309.38,0.42,0.37,2024-03-10,2029,N20,VIIRS,n,2,295.2,2.35,N,0
19.13484,80.24145,308.25,0.46,0.39,2024-03-10,2029,N20,VIIRS,n,2,295.93,1.22,N,0
19.19119,80.05991,306.56,0.45,0.39,2024-03-10,2029,N20,VIIRS,n,2,295.51,2.14,N,0
19.19248,79.97091,307.93,0.45,0.39,2024-03-10,2029,N20,VIIRS,n,2,295.17,1.69,N,0
19.19432,78.41405,305.63,0.4,0.37,2024-03-10,2029,N20,VIIRS,n,2,294.13,0.69,N,0
19.19619,80.05225,306.35,0.45,0.39,2024-03-10,2029,N20,VIIRS,n,2,295.42,1.15,N,0
19.20471,78.71494,308.94,0.41,0.37,2024-03-10,2029,N20,VIIRS,n,2,294.59,1.59,N,0
19.21371,80.07738,309.69,0.45,0.39,2024-03-10,2029,N20,VIIRS,n,2,296.19,1.85,N,0
19.21723,80.07816,313.85,0.45,0.39,2024-03-10,2029,N20,VIIRS,n,2,295.96,2.0,N,0
19.22266,78.69077,305.35,0.4,0.37,2024-03-10,2029,N20,VIIRS,n,2,294.43,1.06,N,0
19.22725,80.06267,309.83,0.45,0.39,2024-03-10,2029,N20,VIIRS,n,2,296.13,2.36,N,0
19.24751,78.83305,304.7,0.41,0.37,2024-03-10,2029,N20,VIIRS,n,2,293.94,0.86,N,0
19.24812,78.68369,311.04,0.4,0.37,2024-03-10,2029,N20,VIIRS,n,2,294.16,1.67,N,0
19.25021,78.69192,316.93,0.4,0.37,2024-03-10,2029,N20,VIIRS,n,2,295.23,2.16,N,0
19.25085,78.6881,307.36,0.4,0.37,2024-03-10,2029,N20,VIIRS,n,2,295.12,1.76,N,0
19.25212,78.68049,321.84,0.4,0.37,2024-03-10,2029,N20,VIIRS,n,2,295.56,1.97,N,0
19.25275,78.6767,319.75,0.4,0.37,2024-03-10,2029,N20,VIIRS,n,2,294.7,1.97,N,0
19.25396,78.73184,310.56,0.41,0.37,2024-03-10,2029,N20,VIIRS,n,2,294.59,1.53,N,0
19.27015,78.80157,304.94,0.41,0.37,2024-03-10,2029,N20,VIIRS,n,2,293.27,0.58,N,0
19.27335,78.65701,305.65,0.4,0.37,2024-03-10,2029,N20,VIIRS,n,2,294.63,0.64,N,0
19.27961,77.48996,338.82,0.39,0.36,2024-03-10,2029,N20,VIIRS,n,2,296.92,15.11,N,0
19.3124,80.17953,309.04,0.46,0.39,2024-03-10,2029,N20,VIIRS,n,2,294.78,2.26,N,0
19.31315,80.17525,334.98,0.46,0.39,2024-03-10,2029,N20,VIIRS,n,2,295.82,2.26,N,0
19.31746,80.17163,340.54,0.46,0.39,2024-03-10,2029,N20,VIIRS,n,2,296.27,3.02,N,0
19.32101,80.17229,321.4,0.46,0.39,2024-03-10,2029,N20,VIIRS,n,2,295.57,3.02,N,0
19.32175,80.16807,316.06,0.45,0.39,2024-03-10,2029,N20,VIIRS,n,2,295.0,3.02,N,0
19.3253,80.16875,335.33,0.45,0.39,2024-03-10,2029,N20,VIIRS,n,2,295.96,3.25,N,0
19.32811,80.17366,315.83,0.46,0.39,2024-03-10,2029,N20,VIIRS,n,2,295.33,3.25,N,0
19.32885,80.16942,329.54,0.45,0.39,2024-03-10,2029,N20,VIIRS,n,2,295.56,3.25,N,0
19.33978,78.68452,312.4,0.4,0.37,2024-03-10,2029,N20,VIIRS,n,2,294.61,1.02,N,0
19.34314,78.68513,310.97,0.4,0.37,2024-03-10,2029,N20,VIIRS,n,2,294.58,1.02,N,0
19.34695,78.66232,304.83,0.4,0.37,2024-03-10,2029,N20,VIIRS,n,2,294.23,1.18,N,0
19.41161,79.88077,307.73,0.44,0.38,2024-03-10,2029,N20,VIIRS,n,2,296.12,1.65,N,0
19.41647,79.39458,305.72,0.42,0.38,2024-03-10,2029,N20,VIIRS,n,2,294.94,0.93,N,0
19.42197,79.50716,311.78,0.43,0.38,2024-03-10,2029,N20,VIIRS,n,2,295.6,2.24,N,0
19.4268,79.49979,309.38,0.43,0.38,2024-03-10,2029,N20,VIIRS,n,2,295.07,1.21,N,0
19.58803,81.06375,305.03,0.5,0.41,2024-03-10,2029,N20,VIIRS,n,2,293.89,1.08,N,0
19.59229,79.55811,306.28,0.43,0.38,2024-03-10,2029,N20,VIIRS,n,2,295.52,1.27,N,0
19.66644,78.93604,310.28,0.41,0.37,2024-03-10,2029,N20,VIIRS,n,2,293.98,1.03,N,0
19.66981,78.93671,308.53,0.41,0.37,2024-03-10,2029,N20,VIIRS,n,2,294.44,1.03,N,0
19.78585,79.1487,318.36,0.41,0.37,2024-03-10,2029,N20,VIIRS,n,2,298.06,2.35,N,2
19.87088,78.6858,307.55,0.4,0.37,2024-03-10,2029,N20,VIIRS,n,2,294.71,1.31,N,0
19.91335,79.30962,310.7,0.42,0.37,2024-03-10,2029,N20,VIIRS,n,2,294.96,1.2,N,0
19.92198,79.11376,309.73,0.41,0.37,2024-03-10,2029,N20,VIIRS,n,2,296.53,1.13,N,2
19.96344,78.70249,308.05,0.4,0.37,2024-03-10,2029,N20,VIIRS,n,2,295.31,1.55,N,0
19.98734,79.07811,308.45,0.41,0.37,2024-03-10,2029,N20,VIIRS,n,2,296.3,1.53,N,0
15.68839,78.7336,307.13,0.43,0.38,2024-03-10,2030,N20,VIIRS,n,2,295.15,0.92,N,0
15.69187,78.73418,306.8,0.43,0.38,2024-03-10,2030,N20,VIIRS,n,2,295.23,0.92,N,0
15.69535,78.73476,309.55,0.43,0.38,2024-03-10,2030,N20,VIIRS,n,2,295.06,1.39,N,0
15.69599,78.73099,315.6,0.43,0.38,2024-03-10,2030,N20,VIIRS,n,2,295.43,1.86,N,0
15.69665,78.72707,318.88,0.43,0.38,2024-03-10,2030,N20,VIIRS,n,2,295.25,1.86,N,0
15.69761,78.73022,309.81,0.43,0.38,2024-03-10,2030,N20,VIIRS,n,2,294.74,1.29,N,0
15.69828,78.72628,314.43,0.43,0.38,2024-03-10,2030,N20,VIIRS,n,2,294.52,1.29,N,0
15.72959,78.73169,306.24,0.43,0.38,2024-03-10,2030,N20,VIIRS,n,2,293.96,1.26,N,0
15.73605,78.82017,304.13,0.44,0.38,2024-03-10,2030,N20,VIIRS,n,2,292.04,0.55,N,0
15.78231,78.8933,307.72,0.44,0.38,2024-03-10,2030,N20,VIIRS,n,2,292.33,0.78,N,0
15.78576,78.89413,304.44,0.44,0.38,2024-03-10,2030,N20,VIIRS,n,2,292.46,0.85,N,0
15.88521,78.8167,310.36,0.44,0.38,2024-03-10,2030,N20,VIIRS,n,2,293.09,1.84,N,0
15.89217,78.81796,306.11,0.44,0.38,2024-03-10,2030,N20,VIIRS,n,2,293.17,1.02,N,0
15.91415,77.36372,306.19,0.39,0.36,2024-03-10,2030,N20,VIIRS,n,2,295.09,1.27,N,2
15.96329,80.93752,307.51,0.55,0.43,2024-03-10,2030,N20,VIIRS,n,2,294.47,0.7,N,0
15.96356,80.93951,305.17,0.55,0.43,2024-03-10,2030,N20,VIIRS,n,2,294.66,0.8,N,0
16.08607,78.49672,305.91,0.42,0.38,2024-03-10,2030,N20,VIIRS,n,2,294.55,1.64,N,0
16.13113,78.82973,310.21,0.43,0.38,2024-03-10,2030,N20,VIIRS,n,2,295.39,1.35,N,3
16.13533,78.82617,305.38,0.43,0.38,2024-03-10,2030,N20,VIIRS,n,2,294.62,1.35,N,0
16.13997,79.03036,306.66,0.44,0.38,2024-03-10,2030,N20,VIIRS,n,2,293.98,0.76,N,0
16.27048,78.65332,306.64,0.43,0.38,2024-03-10,2030,N20,VIIRS,n,2,294.08,1.25,N,0
16.27459,78.65003,306.48,0.43,0.38,2024-03-10,2030,N20,VIIRS,n,2,293.7,0.88,N,0
16.3977,77.61187,313.85,0.4,0.37,2024-03-10,2030,N20,VIIRS,n,2,294.26,1.84,N,0
17.14467,78.2224,303.97,0.41,0.37,2024-03-10,2030,N20,VIIRS,n,2,292.12,0.4,N,2
17.42046,77.66361,307.41,0.39,0.36,2024-03-10,2030,N20,VIIRS,n,2,293.7,0.93,N,0
17.42378,77.66418,316.45,0.39,0.36,2024-03-10,2030,N20,VIIRS,n,2,293.88,1.45,N,0
17.46205,77.80692,305.7,0.4,0.37,2024-03-10,2030,N20,VIIRS,n,2,293.49,0.63,N,0
17.59277,77.54751,304.53,0.39,0.36,2024-03-10,2030,N20,VIIRS,n,2,293.16,0.45,N,0
17.65447,77.6068,305.86,0.39,0.36,2024-03-10,2030,N20,VIIRS,n,2,292.98,0.84,N,0
17.73932,77.58807,305.25,0.39,0.36,2024-03-10,2030,N20,VIIRS,n,2,293.48,2.38,N,0
15.58821,77.178,332.22,0.5,0.49,2024-03-11,739,N20,VIIRS,l,2,304.67,2.33,D,0
15.61545,79.8049,341.07,0.52,0.42,2024-03-11,739,N20,VIIRS,n,2,303.32,8.23,D,0
15.61704,79.85863,333.79,0.52,0.41,2024-03-11,739,N20,VIIRS,n,2,300.24,2.55,D,0
15.62349,78.62345,336.51,0.41,0.45,2024-03-11,739,N20,VIIRS,n,2,304.0,3.1,D,0
15.62668,78.71037,340.43,0.4,0.44,2024-03-11,739,N20,VIIRS,n,2,302.94,8.8,D,0
15.65931,79.96799,337.61,0.51,0.41,2024-03-11,739,N20,VIIRS,n,2,304.53,3.33,D,0
15.72231,77.41022,332.55,0.48,0.48,2024-03-11,739,N20,VIIRS,l,2,305.88,5.51,D,0
15.74106,78.81603,342.4,0.4,0.44,2024-03-11,739,N20,VIIRS,n,2,303.07,5.6,D,0
15.84689,78.07994,340.42,0.44,0.46,2024-03-11,739,N20,VIIRS,n,2,307.87,5.06,D,0
15.85725,78.64132,336.37,0.4,0.44,2024-03-11,739,N20,VIIRS,l,2,307.4,4.3,D,0
15.87257,78.14919,333.54,0.43,0.46,2024-03-11,739,N20,VIIRS,l,2,308.5,2.14,D,0
15.88983,78.8228,339.71,0.39,0.44,2024-03-11,739,N20,VIIRS,n,2,303.71,3.55,D,0
15.90885,78.51044,336.4,0.41,0.45,2024-03-11,739,N20,VIIRS,l,2,310.62,5.57,D,0
15.96205,77.70533,338.13,0.46,0.47,2024-03-11,739,N20,VIIRS,n,2,306.73,2.84,D,0
15.97038,81.05173,343.65,0.45,0.39,2024-03-11,739,N20,VIIRS,n,2,304.51,11.58,D,3
16.0162,77.01357,331.67,0.51,0.49,2024-03-11,739,N20,VIIRS,l,2,302.15,1.99,D,0
16.02068,77.0127,332.38,0.51,0.49,2024-03-11,739,N20,VIIRS,n,2,302.32,1.14,D,0
16.05261,78.46931,331.59,0.41,0.45,2024-03-11,739,N20,VIIRS,l,2,303.85,6.08,D,0
16.05392,78.47655,338.42,0.41,0.45,2024-03-11,739,N20,VIIRS,n,2,305.89,5.91,D,0
16.0571,77.9194,334.2,0.44,0.46,2024-03-11,739,N20,VIIRS,l,2,306.98,1.08,D,0
16.06881,78.51257,339.22,0.41,0.45,2024-03-11,739,N20,VIIRS,n,2,306.59,2.66,D,0
16.07651,78.67149,342.39,0.4,0.44,2024-03-11,739,N20,VIIRS,n,2,307.03,26.58,D,0
16.07726,78.67563,342.33,0.4,0.44,2024-03-11,739,N20,VIIRS,n,2,311.65,26.58,D,0
16.08027,78.41187,334.41,0.41,0.45,2024-03-11,739,N20,VIIRS,l,2,308.6,1.86,D,0
16.08124,78.67467,341.65,0.4,0.44,2024-03-11,739,N20,VIIRS,n,2,303.91,6.07,D,0
16.08242,78.49483,337.97,0.41,0.45,2024-03-11,739,N20,VIIRS,n,2,307.62,3.22,D,0
16.08311,78.49866,338.33,0.41,0.45,2024-03-11,739,N20,VIIRS,n,2,305.72,3.22,D,0
16.08439,78.41131,346.73,0.41,0.45,2024-03-11,739,N20,VIIRS,n,2,309.1,4.29,D,0
16.08446,78.50623,330.69,0.41,0.45,2024-03-11,739,N20,VIIRS,l,2,305.64,2.36,D,0
16.08557,77.21375,336.99,0.49,0.49,2024-03-11,739,N20,VIIRS,l,2,307.98,3.94,D,0
16.08681,78.92686,336.43,0.38,0.44,2024-03-11,739,N20,VIIRS,n,2,303.55,1.07,D,0
16.0881,77.30173,337.62,0.49,0.48,2024-03-11,739,N20,VIIRS,l,2,309.37,1.91,D,0
16.08984,78.4893,335.29,0.41,0.45,2024-03-11,739,N20,VIIRS,l,2,305.89,2.58,D,0
16.11895,77.34624,335.42,0.48,0.48,2024-03-11,739,N20,VIIRS,l,2,307.98,4.98,D,0
16.1606,78.9586,331.29,0.57,0.43,2024-03-11,739,N20,VIIRS,l,2,305.51,3.79,D,0
16.16577,77.03397,343.72,0.5,0.49,2024-03-11,739,N20,VIIRS,n,2,303.94,3.39,D,0
16.1883,77.18111,342.49,0.49,0.49,2024-03-11,739,N20,VIIRS,n,2,307.65,2.35,D,0
16.23478,78.48028,335.35,0.41,0.45,2024-03-11,739,N20,VIIRS,l,2,309.76,4.36,D,0
16.23488,78.48067,337.07,0.41,0.45,2024-03-11,739,N20,VIIRS,l,2,309.55,2.73,D,0
16.28898,77.18545,338.25,0.49,0.49,2024-03-11,739,N20,VIIRS,n,2,305.49,2.63,D,0
16.30951,77.82129,342.84,0.45,0.47,2024-03-11,739,N20,VIIRS,n,2,306.55,8.6,D,0
16.31704,77.1204,337.02,0.49,0.49,2024-03-11,739,N20,VIIRS,n,2,303.65,2.43,D,0
16.31785,77.11862,333.73,0.49,0.49,2024-03-11,739,N20,VIIRS,l,2,304.69,3.25,D,0
16.34629,77.73749,348.12,0.45,0.47,2024-03-11,739,N20,VIIRS,n,2,306.92,5.3,D,0
16.41278,77.48518,334.79,0.47,0.47,2024-03-11,739,N20,VIIRS,l,2,305.09,1.52,D,0
16.42297,77.49202,332.14,0.47,0.47,2024-03-11,739,N20,VIIRS,l,2,306.52,2.16,D,0
16.4624,78.65461,349.25,0.39,0.44,2024-03-11,739,N20,VIIRS,n,2,306.43,3.35,D,0
16.5191,78.91153,334.85,0.57,0.43,2024-03-11,739,N20,VIIRS,l,2,308.2,2.2,D,0
16.51923,78.90888,345.25,0.57,0.43,2024-03-11,739,N20,VIIRS,n,2,308.49,6.92,D,0
16.52302,78.91075,337.0,0.57,0.43,2024-03-11,739,N20,VIIRS,l,2,307.58,2.2,D,0
16.55041,77.12882,335.92,0.49,0.48,2024-03-11,739,N20,VIIRS,l,2,308.77,3.59,D,0
16.63563,78.1483,344.87,0.42,0.45,2024-03-11,739,N20,VIIRS,n,2,311.33,7.95,D,0
16.65535,81.37243,332.81,0.43,0.38,2024-03-11,739,N20,VIIRS,n,2,297.95,4.9,D,0
16.69769,77.47323,333.73,0.46,0.47,2024-03-11,739,N20,VIIRS,l,2,308.08,2.89,D,0
16.70213,77.13763,339.52,0.48,0.48,2024-03-11,739,N20,VIIRS,n,2,305.76,5.59,D,0
16.84086,80.08797,330.96,0.49,0.4,2024-03-11,739,N20,VIIRS,l,2,302.53,2.8,D,0
16.842,80.09093,331.97,0.49,0.4,2024-03-11,739,N20,VIIRS,l,2,303.25,3.26,D,0
16.85144,77.57045,342.96,0.45,0.47,2024-03-11,739,N20,VIIRS,n,2,308.91,5.02,D,0
16.88363,78.91683,338.89,0.56,0.43,2024-03-11,739,N20,VIIRS,n,2,306.08,3.36,D,0
16.90884,77.9258,331.75,0.43,0.46,2024-03-11,739,N20,VIIRS,l,2,304.78,2.18,D,0
16.98915,77.24378,341.15,0.47,0.48,2024-03-11,739,N20,VIIRS,n,2,308.52,2.04,D,0
17.01187,77.16737,334.34,0.48,0.48,2024-03-11,739,N20,VIIRS,l,2,308.88,2.58,D,0
17.13575,80.76692,332.15,0.45,0.39,2024-03-11,739,N20,VIIRS,n,2,303.3,4.74,D,0
17.2411,80.63641,342.84,0.45,0.39,2024-03-11,739,N20,VIIRS,n,2,305.25,10.29,D,0
17.25222,81.1588,333.96,0.43,0.38,2024-03-11,739,N20,VIIRS,n,2,301.99,5.37,D,0
17.30217,78.49844,334.08,0.39,0.44,2024-03-11,739,N20,VIIRS,l,2,304.22,1.66,D,0
17.36546,79.26199,345.88,0.53,0.42,2024-03-11,739,N20,VIIRS,n,2,305.75,7.6,D,0
17.40557,79.48859,339.28,0.51,0.41,2024-03-11,739,N20,VIIRS,n,2,308.65,6.26,D,0
17.42766,79.4599,335.7,0.51,0.41,2024-03-11,739,N20,VIIRS,l,2,306.96,4.5,D,0
17.51547,81.15295,337.86,0.43,0.38,2024-03-11,739,N20,VIIRS,n,2,305.47,3.49,D,0
17.56229,80.79897,338.19,0.44,0.39,2024-03-11,739,N20,VIIRS,n,2,307.63,7.21,D,0
17.56298,80.80311,338.25,0.44,0.39,2024-03-11,739,N20,VIIRS,n,2,306.39,7.21,D,0
17.5665,81.1602,335.64,0.43,0.38,2024-03-11,739,N20,VIIRS,n,2,303.72,2.79,D,0
17.57954,80.98911,337.9,0.43,0.38,2024-03-11,739,N20,VIIRS,n,2,301.94,4.92,D,0
17.58302,80.98848,345.26,0.43,0.38,2024-03-11,739,N20,VIIRS,n,2,299.19,4.92,D,0
17.65918,80.89993,344.04,0.44,0.38,2024-03-11,739,N20,VIIRS,n,2,307.27,32.44,D,0
17.67462,80.71114,333.49,0.44,0.39,2024-03-11,739,N20,VIIRS,n,2,301.29,2.29,D,0
17.23484,77.40611,335.29,0.46,0.47,2024-03-11,740,N20,VIIRS,l,2,306.66,1.37,D,0
17.23703,77.40906,344.02,0.46,0.47,2024-03-11,740,N20,VIIRS,n,2,308.14,3.18,D,0
17.34161,77.62594,335.49,0.44,0.46,2024-03-11,740,N20,VIIRS,l,2,308.09,1.82,D,0
17.36365,77.86353,332.15,0.42,0.46,2024-03-11,740,N20,VIIRS,l,2,307.04,1.16,D,0
17.41292,77.10023,338.82,0.47,0.48,2024-03-11,740,N20,VIIRS,n,2,308.31,2.78,D,0
17.43618,77.75795,335.26,0.43,0.46,2024-03-11,740,N20,VIIRS,l,2,306.97,2.64,D,0
17.44161,77.67055,335.02,0.44,0.46,2024-03-11,740,N20,VIIRS,l,2,309.62,3.67,D,0
17.47303,77.67674,334.61,0.43,0.46,2024-03-11,740,N20,VIIRS,l,2,308.15,4.47,D,0
17.47554,77.14688,345.09,0.47,0.48,2024-03-11,740,N20,VIIRS,n,2,309.57,7.78,D,0
17.47635,77.15124,343.25,0.47,0.48,2024-03-11,740,N20,VIIRS,n,2,308.64,4.75,D,0
17.48648,77.89146,343.86,0.42,0.45,2024-03-11,740,N20,VIIRS,n,2,309.6,4.48,D,0
17.48761,78.63627,332.7,0.57,0.43,2024-03-11,740,N20,VIIRS,l,2,304.85,2.16,D,0
17.48856,78.64155,331.88,0.57,0.43,2024-03-11,740,N20,VIIRS,l,2,304.84,2.16,D,0
17.50959,77.28257,334.03,0.46,0.47,2024-03-11,740,N20,VIIRS,l,2,308.29,1.95,D,0
17.53042,78.69395,335.76,0.57,0.43,2024-03-11,740,N20,VIIRS,l,2,305.91,3.68,D,0
17.53134,78.69917,335.59,0.56,0.43,2024-03-11,740,N20,VIIRS,l,2,305.77,3.68,D,0
17.53481,77.1906,343.29,0.46,0.47,2024-03-11,740,N20,VIIRS,n,2,309.43,6.58,D,0
17.53562,77.19487,342.49,0.46,0.47,2024-03-11,740,N20,VIIRS,n,2,307.08,3.63,D,0
17.57469,77.0933,335.08,0.47,0.48,2024-03-11,740,N20,VIIRS,l,2,308.53,3.13,D,0
17.58719,77.65839,342.09,0.43,0.46,2024-03-11,740,N20,VIIRS,n,2,302.8,6.09,D,0
17.60661,77.64633,336.02,0.43,0.46,2024-03-11,740,N20,VIIRS,l,2,306.96,1.83,D,0
17.63371,77.01912,340.08,0.47,0.48,2024-03-11,740,N20,VIIRS,n,2,309.37,5.72,D,0
17.64449,80.2556,335.28,0.47,0.39,2024-03-11,740,N20,VIIRS,n,2,305.09,3.7,D,0
17.65052,77.66756,338.78,0.43,0.46,2024-03-11,740,N20,VIIRS,n,2,306.18,3.07,D,0
17.68427,80.14052,341.88,0.47,0.4,2024-03-11,740,N20,VIIRS,n,2,303.55,6.61,D,0
17.69931,77.34423,344.47,0.45,0.47,2024-03-11,740,N20,VIIRS,n,2,309.6,3.96,D,0
17.70355,77.34333,338.01,0.45,0.47,2024-03-11,740,N20,VIIRS,n,2,307.62,3.96,D,0
17.71871,78.66306,342.34,0.56,0.43,2024-03-11,740,N20,VIIRS,n,2,310.19,30.2,D,0
17.72263,78.66234,337.43,0.56,0.43,2024-03-11,740,N20,VIIRS,n,2,305.01,4.12,D,0
17.73384,77.01871,336.39,0.47,0.48,2024-03-11,740,N20,VIIRS,l,2,308.78,4.84,D,0
17.74509,78.53786,336.34,0.57,0.43,2024-03-11,740,N20,VIIRS,n,2,304.74,2.1,D,0
17.75288,80.48267,338.76,0.45,0.39,2024-03-11,740,N20,VIIRS,n,2,306.44,2.94,D,0
17.7924,80.35413,341.85,0.46,0.39,2024-03-11,740,N20,VIIRS,n,2,304.47,4.97,D,0
17.79443,80.30101,336.89,0.46,0.39,2024-03-11,740,N20,VIIRS,n,2,305.26,4.25,D,0
17.79516,80.30532,331.48,0.46,0.39,2024-03-11,740,N20,VIIRS,l,2,301.9,4.25,D,0
17.79598,80.35349,336.7,0.46,0.39,2024-03-11,740,N20,VIIRS,n,2,303.48,4.97,D,0
17.8009,80.31743,348.17,0.46,0.39,2024-03-11,740,N20,VIIRS,n,2,307.39,9.46,D,0
17.80668,80.35155,336.81,0.46,0.39,2024-03-11,740,N20,VIIRS,l,2,307.31,3.72,D,0
17.80741,80.35585,332.02,0.46,0.39,2024-03-11,740,N20,VIIRS,l,2,304.22,3.72,D,0
17.81231,80.29769,337.86,0.46,0.39,2024-03-11,740,N20,VIIRS,n,2,302.74,4.77,D,0
17.81236,80.34165,348.75,0.46,0.39,2024-03-11,740,N20,VIIRS,n,2,307.66,15.86,D,0
17.81594,80.34102,348.43,0.46,0.39,2024-03-11,740,N20,VIIRS,n,2,308.1,15.86,D,0
17.81898,81.16205,338.62,0.43,0.38,2024-03-11,740,N20,VIIRS,n,2,306.27,5.6,D,0
17.82421,80.19272,344.98,0.47,0.39,2024-03-11,740,N20,VIIRS,n,2,306.17,4.44,D,0
17.82452,80.3483,354.67,0.46,0.39,2024-03-11,740,N20,VIIRS,n,2,308.35,14.03,D,0
17.82738,80.34339,337.15,0.46,0.39,2024-03-11,740,N20,VIIRS,l,2,308.7,13.38,D,0
17.8278,80.19202,331.95,0.47,0.39,2024-03-11,740,N20,VIIRS,l,2,304.21,4.44,D,0
17.82808,80.32574,343.83,0.46,0.39,2024-03-11,740,N20,VIIRS,n,2,305.75,5.07,D,0
17.82809,80.34765,355.45,0.46,0.39,2024-03-11,740,N20,VIIRS,n,2,307.72,24.86,D,0
17.83452,80.3202,333.65,0.46,0.39,2024-03-11,740,N20,VIIRS,l,2,303.93,1.37,D,0
17.85096,80.30842,341.83,0.46,0.39,2024-03-11,740,N20,VIIRS,n,2,305.26,2.26,D,0
17.85453,80.30775,334.48,0.46,0.39,2024-03-11,740,N20,VIIRS,l,2,306.3,2.26,D,0
17.86258,79.16261,336.81,0.53,0.42,2024-03-11,740,N20,VIIRS,l,2,310.28,5.37,D,0
17.87244,80.29153,331.95,0.46,0.39,2024-03-11,740,N20,VIIRS,l,2,305.15,3.05,D,0
17.88437,80.10102,331.97,0.47,0.4,2024-03-11,740,N20,VIIRS,l,2,304.52,1.13,D,0
17.89672,78.57516,334.78,0.57,0.43,2024-03-11,740,N20,VIIRS,n,2,306.29,4.71,D,0
17.92102,80.29546,338.32,0.46,0.39,2024-03-11,740,N20,VIIRS,n,2,307.06,4.58,D,0
17.93809,79.5563,332.21,0.5,0.41,2024-03-11,740,N20,VIIRS,n,2,302.18,3.61,D,0
17.94193,80.44138,334.33,0.45,0.39,2024-03-11,740,N20,VIIRS,n,2,301.82,4.05,D,0
17.94389,80.27813,333.86,0.46,0.39,2024-03-11,740,N20,VIIRS,n,2,303.03,2.96,D,0
17.94859,80.03578,330.63,0.47,0.4,2024-03-11,740,N20,VIIRS,l,2,304.61,5.97,D,0
17.9505,79.91631,334.27,0.48,0.4,2024-03-11,740,N20,VIIRS,n,2,303.03,3.16,D,0
17.96246,80.3011,334.05,0.46,0.39,2024-03-11,740,N20,VIIRS,l,2,304.57,2.31,D,0
17.96985,80.33158,336.23,0.46,0.39,2024-03-11,740,N20,VIIRS,n,2,304.24,2.89,D,0
17.98432,80.37305,331.04,0.46,0.39,2024-03-11,740,N20,VIIRS,l,2,302.59,2.57,D,0
18.04947,78.87012,334.35,0.54,0.42,2024-03-11,740,N20,VIIRS,l,2,306.51,4.56,D,0
18.05178,78.87274,335.99,0.54,0.42,2024-03-11,740,N20,VIIRS,l,2,307.22,2.83,D,0
18.05743,80.54582,332.87,0.45,0.39,2024-03-11,740,N20,VIIRS,l,2,304.32,3.72,D,0
18.06531,80.22115,331.65,0.46,0.39,2024-03-11,740,N20,VIIRS,l,2,302.13,1.57,D,0
18.06683,80.21788,337.74,0.46,0.39,2024-03-11,740,N20,VIIRS,n,2,303.24,4.36,D,0
18.06756,80.22216,341.01,0.46,0.39,2024-03-11,740,N20,VIIRS,n,2,303.2,4.36,D,0
18.06892,80.20862,332.69,0.46,0.39,2024-03-11,740,N20,VIIRS,n,2,301.97,3.49,D,0
18.0692,80.03751,340.04,0.47,0.4,2024-03-11,740,N20,VIIRS,n,2,303.64,4.22,D,0
18.06966,80.2129,343.48,0.46,0.39,2024-03-11,740,N20,VIIRS,n,2,303.33,3.49,D,0
18.0704,80.21719,346.48,0.46,0.39,2024-03-11,740,N20,VIIRS,n,2,303.99,4.36,D,0
18.12802,78.76361,341.04,0.55,0.43,2024-03-11,740,N20,VIIRS,n,2,304.85,10.66,D,0
18.1294,78.76521,342.75,0.55,0.43,2024-03-11,740,N20,VIIRS,n,2,307.07,7.47,D,0
18.16701,81.41945,332.32,0.41,0.37,2024-03-11,740,N20,VIIRS,l,2,304.17,2.21,D,0
18.17569,78.75606,332.45,0.55,0.43,2024-03-11,740,N20,VIIRS,l,2,305.0,4.76,D,0
18.19103,80.45324,339.91,0.45,0.39,2024-03-11,740,N20,VIIRS,n,2,305.14,4.71,D,0
18.19173,80.45744,335.88,0.45,0.39,2024-03-11,740,N20,VIIRS,n,2,304.4,3.91,D,0
18.19253,80.89433,332.16,0.43,0.38,2024-03-11,740,N20,VIIRS,l,2,304.14,2.99,D,0
18.1932,78.65182,336.56,0.56,0.43,2024-03-11,740,N20,VIIRS,n,2,304.49,2.91,D,0
18.19365,78.3401,342.24,0.39,0.44,2024-03-11,740,N20,VIIRS,n,2,307.4,6.7,D,0
18.19975,78.57494,337.63,0.56,0.43,2024-03-11,740,N20,VIIRS,n,2,306.32,5.57,D,0
18.20567,78.06425,347.46,0.4,0.44,2024-03-11,740,N20,VIIRS,n,2,304.7,6.08,D,0
18.21707,78.05814,330.43,0.4,0.44,2024-03-11,740,N20,VIIRS,l,2,304.41,2.82,D,0
18.21811,81.41039,331.22,0.41,0.37,2024-03-11,740,N20,VIIRS,l,2,306.11,2.5,D,0
18.22109,78.05734,336.31,0.4,0.44,2024-03-11,740,N20,VIIRS,n,2,304.16,2.82,D,0
18.24935,78.09418,344.34,0.4,0.44,2024-03-11,740,N20,VIIRS,n,2,304.46,2.63,D,0
18.29703,80.02951,334.74,0.47,0.4,2024-03-11,740,N20,VIIRS,n,2,302.76,4.99,D,0
18.31521,80.95554,334.14,0.43,0.38,2024-03-11,740,N20,VIIRS,n,2,303.96,1.34,D,0
18.33113,77.92268,332.54,0.41,0.45,2024-03-11,740,N20,VIIRS,l,2,303.38,2.62,D,0
18.38348,80.66892,336.63,0.44,0.38,2024-03-11,740,N20,VIIRS,n,2,305.46,6.99,D,0
18.41092,79.94978,339.21,0.47,0.4,2024-03-11,740,N20,VIIRS,n,2,302.46,5.27,D,0
18.42301,78.5785,334.08,0.56,0.43,2024-03-11,740,N20,VIIRS,l,2,305.84,5.32,D,0
18.42572,78.57465,342.07,0.56,0.43,2024-03-11,740,N20,VIIRS,n,2,307.26,12.09,D,0
18.42597,78.57265,337.78,0.56,0.43,2024-03-11,740,N20,VIIRS,n,2,306.79,9.54,D,0
18.44312,78.26395,331.88,0.39,0.44,2024-03-11,740,N20,VIIRS,l,2,304.82,2.23,D,0
18.44821,77.96618,332.89,0.4,0.44,2024-03-11,740,N20,VIIRS,l,2,303.95,3.68,D,0
18.45505,78.42097,333.48,0.57,0.43,2024-03-11,740,N20,VIIRS,l,2,305.37,2.88,D,0
18.45599,78.42619,338.49,0.57,0.43,2024-03-11,740,N20,VIIRS,n,2,305.67,2.88,D,0
18.46163,78.45757,333.24,0.56,0.43,2024-03-11,740,N20,VIIRS,l,2,304.45,2.82,D,0
18.46944,78.45599,330.51,0.56,0.43,2024-03-11,740,N20,VIIRS,l,2,304.63,2.42,D,0
18.47153,79.94907,338.29,0.47,0.4,2024-03-11,740,N20,VIIRS,n,2,303.94,3.81,D,0
18.47361,79.93954,342.06,0.47,0.4,2024-03-11,740,N20,VIIRS,n,2,305.4,5.36,D,0
18.47437,79.94395,348.12,0.47,0.4,2024-03-11,740,N20,VIIRS,n,2,305.48,5.36,D,0
18.47513,79.94834,338.1,0.47,0.4,2024-03-11,740,N20,VIIRS,n,2,303.74,3.81,D,0
18.47725,80.62186,330.76,0.44,0.38,2024-03-11,740,N20,VIIRS,l,2,304.89,1.63,D,0
18.48077,80.57853,332.6,0.44,0.38,2024-03-11,740,N20,VIIRS,l,2,306.8,3.61,D,0
18.48309,80.88036,333.06,0.43,0.38,2024-03-11,740,N20,VIIRS,l,2,305.19,1.41,D,0
18.49343,78.05385,335.17,0.4,0.44,2024-03-11,740,N20,VIIRS,l,2,305.58,2.9,D,0
18.50761,79.06654,336.27,0.52,0.42,2024-03-11,740,N20,VIIRS,l,2,306.8,2.96,D,0
18.51467,78.14787,330.32,0.39,0.44,2024-03-11,740,N20,VIIRS,n,2,299.24,1.9,D,0
18.52775,80.88029,332.94,0.43,0.38,2024-03-11,740,N20,VIIRS,l,2,306.15,2.4,D,0
18.54849,80.63866,338.35,0.44,0.38,2024-03-11,740,N20,VIIRS,n,2,304.6,4.59,D,0
18.54943,80.57899,336.98,0.44,0.38,2024-03-11,740,N20,VIIRS,l,2,307.33,4.1,D,0
18.55013,80.58318,332.7,0.44,0.38,2024-03-11,740,N20,VIIRS,l,2,306.11,2.75,D,0
18.55082,80.58738,334.17,0.44,0.38,2024-03-11,740,N20,VIIRS,l,2,306.93,2.75,D,0
18.56059,80.60299,341.2,0.44,0.38,2024-03-11,740,N20,VIIRS,n,2,303.65,3.56,D,0
18.5617,80.60379,342.18,0.44,0.38,2024-03-11,740,N20,VIIRS,n,2,303.33,7.46,D,0
18.56339,80.59805,334.62,0.44,0.38,2024-03-11,740,N20,VIIRS,l,2,306.11,3.56,D,0
18.56376,80.59467,339.35,0.44,0.38,2024-03-11,740,N20,VIIRS,n,2,306.79,6.54,D,0
18.56398,78.23908,337.7,0.39,0.44,2024-03-11,740,N20,VIIRS,n,2,304.85,3.79,D,0
18.56604,79.60451,334.18,0.49,0.4,2024-03-11,740,N20,VIIRS,l,2,304.67,2.89,D,0
18.56632,77.99147,331.08,0.4,0.44,2024-03-11,740,N20,VIIRS,l,2,304.54,3.44,D,0
18.56654,80.58981,353.78,0.44,0.38,2024-03-11,740,N20,VIIRS,n,2,309.46,14.47,D,0
18.57344,80.50252,335.07,0.44,0.39,2024-03-11,740,N20,VIIRS,l,2,306.02,2.81,D,0
18.57696,80.50193,345.2,0.44,0.39,2024-03-11,740,N20,VIIRS,n,2,307.91,2.81,D,0
18.57767,80.50608,331.11,0.44,0.39,2024-03-11,740,N20,VIIRS,l,2,305.28,2.81,D,0
18.58049,80.50136,353.79,0.44,0.39,2024-03-11,740,N20,VIIRS,n,2,310.0,21.01,D,0
18.58119,80.50552,349.11,0.44,0.39,2024-03-11,740,N20,VIIRS,n,2,308.17,21.01,D,0
18.58472,80.50501,345.08,0.44,0.39,2024-03-11,740,N20,VIIRS,n,2,309.45,21.01,D,0
18.62351,80.39002,338.99,0.45,0.39,2024-03-11,740,N20,VIIRS,n,2,306.44,2.27,D,0
18.62634,80.38515,332.57,0.45,0.39,2024-03-11,740,N20,VIIRS,l,2,304.15,3.56,D,0
18.62704,80.3894,336.09,0.45,0.39,2024-03-11,740,N20,VIIRS,n,2,305.19,2.51,D,0
18.64968,78.65412,336.39,0.55,0.42,2024-03-11,740,N20,VIIRS,l,2,307.28,3.77,D,0
18.65998,80.32737,331.5,0.45,0.39,2024-03-11,740,N20,VIIRS,l,2,305.47,4.54,D,0
18.66091,78.74072,343.71,0.54,0.42,2024-03-11,740,N20,VIIRS,n,2,305.89,7.93,D,0
18.6746,79.55724,337.95,0.49,0.4,2024-03-11,740,N20,VIIRS,n,2,307.0,5.02,D,0
18.73029,78.01975,335.62,0.39,0.44,2024-03-11,740,N20,VIIRS,n,2,304.62,3.96,D,0
18.73757,80.95921,333.99,0.42,0.38,2024-03-11,740,N20,VIIRS,l,2,305.88,2.26,D,0
18.73824,80.96319,331.76,0.42,0.38,2024-03-11,740,N20,VIIRS,l,2,304.21,2.26,D,0
18.74708,80.52221,336.61,0.44,0.38,2024-03-11,740,N20,VIIRS,n,2,306.21,2.88,D,0
18.74736,78.94653,330.64,0.52,0.42,2024-03-11,740,N20,VIIRS,l,2,304.99,2.42,D,0
18.74829,80.74574,333.98,0.43,0.38,2024-03-11,740,N20,VIIRS,n,2,302.19,1.82,D,0
18.75893,80.31035,330.73,0.45,0.39,2024-03-11,740,N20,VIIRS,l,2,303.91,4.6,D,0
18.75965,80.31459,344.87,0.45,0.39,2024-03-11,740,N20,VIIRS,n,2,304.68,3.46,D,0
18.76037,80.31881,333.83,0.45,0.39,2024-03-11,740,N20,VIIRS,n,2,303.64,3.46,D,0
18.76246,80.30968,351.07,0.45,0.39,2024-03-11,740,N20,VIIRS,n,2,304.93,4.6,D,0
18.76318,80.31394,342.22,0.45,0.39,2024-03-11,740,N20,VIIRS,n,2,304.08,3.46,D,0
18.76599,80.30901,333.85,0.45,0.39,2024-03-11,740,N20,VIIRS,n,2,303.66,3.29,D,0
18.76671,80.31325,337.28,0.45,0.39,2024-03-11,740,N20,VIIRS,n,2,304.11,4.21,D,0
18.76808,80.2998,341.64,0.45,0.39,2024-03-11,740,N20,VIIRS,n,2,306.31,3.51,D,0
18.7832,80.82724,332.47,0.43,0.38,2024-03-11,740,N20,VIIRS,l,2,304.59,2.58,D,0
18.82064,80.84605,330.83,0.43,0.38,2024-03-11,740,N20,VIIRS,l,2,304.3,1.84,D,0
18.82171,80.84501,332.45,0.43,0.38,2024-03-11,740,N20,VIIRS,l,2,305.1,2.45,D,0
18.82958,80.31902,337.19,0.45,0.39,2024-03-11,740,N20,VIIRS,n,2,304.51,2.36,D,0
18.83028,80.32319,335.68,0.45,0.39,2024-03-11,740,N20,VIIRS,n,2,304.16,2.36,D,0
18.83235,81.16984,332.81,0.42,0.37,2024-03-11,740,N20,VIIRS,l,2,305.59,2.1,D,0
18.83451,80.32672,333.7,0.45,0.39,2024-03-11,740,N20,VIIRS,l,2,304.59,2.06,D,0
18.83925,80.85092,333.1,0.43,0.38,2024-03-11,740,N20,VIIRS,l,2,307.07,2.04,D,0
18.84339,80.68329,330.37,0.43,0.38,2024-03-11,740,N20,VIIRS,l,2,304.18,3.35,D,0
18.85278,77.37843,343.66,0.43,0.46,2024-03-11,740,N20,VIIRS,n,2,308.83,6.14,D,0
18.85588,78.35839,331.04,0.56,0.43,2024-03-11,740,N20,VIIRS,l,2,301.81,2.14,D,0
18.86205,80.12553,342.05,0.46,0.39,2024-03-11,740,N20,VIIRS,n,2,306.39,5.4,D,0
18.88571,80.80923,334.76,0.43,0.38,2024-03-11,740,N20,VIIRS,l,2,305.56,1.57,D,0
18.9122,80.77536,335.29,0.43,0.38,2024-03-11,740,N20,VIIRS,l,2,306.28,6.25,D,0
18.93034,78.36822,330.75,0.56,0.43,2024-03-11,740,N20,VIIRS,l,2,304.94,4.77,D,0
18.93273,80.8791,335.75,0.43,0.38,2024-03-11,740,N20,VIIRS,n,2,305.17,2.8,D,0
18.94341,78.19553,333.9,0.57,0.43,2024-03-11,740,N20,VIIRS,n,2,303.68,4.33,D,0
18.94388,78.39797,332.14,0.56,0.43,2024-03-11,740,N20,VIIRS,l,2,305.74,4.64,D,0
18.94417,78.40033,332.06,0.56,0.43,2024-03-11,740,N20,VIIRS,l,2,305.31,5.32,D,0
18.9607,79.36459,340.11,0.5,0.41,2024-03-11,740,N20,VIIRS,n,2,304.86,2.65,D,0
19.00047,80.67199,331.46,0.43,0.38,2024-03-11,740,N20,VIIRS,l,2,305.35,1.56,D,0
19.0268,81.21973,333.03,0.41,0.37,2024-03-11,740,N20,VIIRS,l,2,306.33,2.79,D,0
19.03789,79.29065,346.55,0.5,0.41,2024-03-11,740,N20,VIIRS,n,2,306.26,10.91,D,0
19.04854,80.7135,331.68,0.43,0.38,2024-03-11,740,N20,VIIRS,l,2,304.78,2.25,D,0
19.05681,78.78054,331.98,0.53,0.42,2024-03-11,740,N20,VIIRS,l,2,304.43,2.81,D,0
19.07266,80.3834,334.94,0.44,0.39,2024-03-11,740,N20,VIIRS,n,2,303.71,2.62,D,0
19.07311,80.38405,333.38,0.44,0.39,2024-03-11,740,N20,VIIRS,n,2,302.58,2.87,D,0
19.08271,80.26987,332.2,0.45,0.39,2024-03-11,740,N20,VIIRS,n,2,303.51,1.81,D,0
19.08539,80.52577,330.4,0.44,0.38,2024-03-11,740,N20,VIIRS,n,2,303.9,2.19,D,0
19.08593,79.03217,339.38,0.51,0.41,2024-03-11,740,N20,VIIRS,n,2,305.29,4.93,D,0
19.09387,80.22832,333.41,0.45,0.39,2024-03-11,740,N20,VIIRS,l,2,304.74,2.02,D,0
19.09539,78.6729,335.62,0.54,0.42,2024-03-11,740,N20,VIIRS,n,2,305.36,3.35,D,0
19.0963,78.67789,337.5,0.54,0.42,2024-03-11,740,N20,VIIRS,n,2,305.9,3.35,D,0
19.09729,78.6747,339.42,0.54,0.42,2024-03-11,740,N20,VIIRS,n,2,305.13,4.38,D,0
19.10082,79.76047,332.9,0.47,0.4,2024-03-11,740,N20,VIIRS,l,2,304.47,2.61,D,0
19.10546,78.87823,332.58,0.52,0.42,2024-03-11,740,N20,VIIRS,l,2,304.61,3.11,D,0
19.11215,78.87182,333.16,0.52,0.42,2024-03-11,740,N20,VIIRS,l,2,305.03,3.37,D,0
19.11564,80.09736,339.65,0.46,0.39,2024-03-11,740,N20,VIIRS,n,2,308.66,5.85,D,0
19.11593,78.87105,351.4,0.52,0.42,2024-03-11,740,N20,VIIRS,n,2,307.07,14.17,D,0
19.11886,78.80222,335.28,0.53,0.42,2024-03-11,740,N20,VIIRS,l,2,305.32,2.07,D,0
19.124,78.89489,338.29,0.52,0.42,2024-03-11,740,N20,VIIRS,n,2,305.59,3.54,D,0
19.12484,78.89967,332.26,0.52,0.42,2024-03-11,740,N20,VIIRS,l,2,305.71,2.72,D,0
19.12639,80.35664,331.58,0.44,0.39,2024-03-11,740,N20,VIIRS,l,2,303.51,2.84,D,0
19.13943,78.89447,338.82,0.52,0.42,2024-03-11,740,N20,VIIRS,n,2,305.06,4.55,D,0
19.15729,80.0026,331.55,0.46,0.39,2024-03-11,740,N20,VIIRS,l,2,304.77,3.37,D,0
19.16101,78.52953,337.84,0.55,0.42,2024-03-11,740,N20,VIIRS,n,2,306.02,5.61,D,0
19.16162,80.00642,337.49,0.46,0.39,2024-03-11,740,N20,VIIRS,n,2,306.28,4.11,D,0
19.16236,80.01077,344.66,0.46,0.39,2024-03-11,740,N20,VIIRS,n,2,304.93,4.11,D,0
19.16303,81.38614,333.86,0.41,0.37,2024-03-11,740,N20,VIIRS,l,2,305.02,1.83,D,0
19.16501,78.81888,334.0,0.53,0.42,2024-03-11,740,N20,VIIRS,l,2,305.43,3.35,D,0
19.16518,80.00577,338.37,0.46,0.39,2024-03-11,740,N20,VIIRS,n,2,306.56,3.31,D,0
19.16871,78.75142,336.18,0.53,0.42,2024-03-11,740,N20,VIIRS,l,2,306.84,4.44,D,0
19.16874,80.00504,336.82,0.46,0.39,2024-03-11,740,N20,VIIRS,n,2,304.71,3.31,D,0
19.16881,78.81819,335.87,0.53,0.42,2024-03-11,740,N20,VIIRS,l,2,306.51,4.59,D,0
19.17251,78.75065,333.04,0.53,0.42,2024-03-11,740,N20,VIIRS,l,2,305.64,2.77,D,0
19.1726,78.81748,340.98,0.53,0.42,2024-03-11,740,N20,VIIRS,n,2,307.79,4.59,D,0
19.17381,78.57938,333.41,0.54,0.42,2024-03-11,740,N20,VIIRS,l,2,306.64,2.17,D,0
19.17422,80.14484,331.52,0.45,0.39,2024-03-11,740,N20,VIIRS,l,2,306.01,4.5,D,0
19.17488,79.45118,335.22,0.49,0.4,2024-03-11,740,N20,VIIRS,l,2,307.88,2.0,D,0
19.18183,80.06043,343.69,0.46,0.39,2024-03-11,740,N20,VIIRS,n,2,305.27,7.27,D,0
19.18258,80.0648,336.78,0.46,0.39,2024-03-11,740,N20,VIIRS,n,2,304.99,3.41,D,0
19.18539,80.05978,346.96,0.46,0.39,2024-03-11,740,N20,VIIRS,n,2,305.83,7.27,D,0
19.18611,80.06404,341.56,0.46,0.39,2024-03-11,740,N20,VIIRS,n,2,304.03,3.41,D,0
19.18684,80.06834,330.4,0.46,0.39,2024-03-11,740,N20,VIIRS,l,2,304.3,3.41,D,0
19.18895,80.05916,340.16,0.46,0.39,2024-03-11,740,N20,VIIRS,n,2,302.27,4.17,D,0
19.18968,80.06345,336.6,0.46,0.39,2024-03-11,740,N20,VIIRS,n,2,303.6,4.29,D,0
19.19178,80.05421,337.26,0.46,0.39,2024-03-11,740,N20,VIIRS,n,2,302.36,4.17,D,0
19.19513,80.00883,339.94,0.46,0.39,2024-03-11,740,N20,VIIRS,n,2,307.81,5.23,D,0
19.19584,80.01308,343.77,0.46,0.39,2024-03-11,740,N20,VIIRS,n,2,308.16,5.23,D,0
19.19712,79.60096,338.48,0.48,0.4,2024-03-11,740,N20,VIIRS,n,2,309.32,3.35,D,0
19.1994,80.01238,348.29,0.46,0.39,2024-03-11,740,N20,VIIRS,n,2,307.15,5.23,D,0
19.20704,78.72328,335.52,0.53,0.42,2024-03-11,740,N20,VIIRS,l,2,306.52,1.86,D,0
19.21074,79.99239,333.91,0.46,0.39,2024-03-11,740,N20,VIIRS,l,2,306.68,2.24,D,0
19.21461,80.08089,331.8,0.45,0.39,2024-03-11,740,N20,VIIRS,l,2,304.57,4.46,D,0
19.21677,80.09374,331.38,0.45,0.39,2024-03-11,740,N20,VIIRS,l,2,301.93,1.8,D,0
19.21743,80.07589,334.13,0.46,0.39,2024-03-11,740,N20,VIIRS,l,2,304.55,4.46,D,0
19.21814,80.08011,344.58,0.45,0.39,2024-03-11,740,N20,VIIRS,n,2,304.66,4.46,D,0
19.22172,78.69458,332.78,0.53,0.42,2024-03-11,740,N20,VIIRS,l,2,303.79,3.04,D,0
19.22602,78.94321,331.25,0.52,0.41,2024-03-11,740,N20,VIIRS,l,2,304.48,4.5,D,0
19.22734,80.06946,330.35,0.46,0.39,2024-03-11,740,N20,VIIRS,l,2,303.09,3.27,D,0
19.22738,80.09155,341.19,0.45,0.39,2024-03-11,740,N20,VIIRS,n,2,303.67,5.84,D,0
19.22879,80.71395,331.03,0.43,0.38,2024-03-11,740,N20,VIIRS,l,2,305.88,4.23,D,0
19.23017,80.06445,341.6,0.46,0.39,2024-03-11,740,N20,VIIRS,n,2,305.67,3.27,D,0
19.23716,78.56863,340.1,0.54,0.42,2024-03-11,740,N20,VIIRS,n,2,306.5,5.01,D,0
19.2389,79.47367,343.97,0.48,0.4,2024-03-11,740,N20,VIIRS,n,2,310.26,5.05,D,0
19.23965,79.47621,342.52,0.48,0.4,2024-03-11,740,N20,VIIRS,n,2,311.28,5.42,D,0
19.24548,78.68127,332.92,0.53,0.42,2024-03-11,740,N20,VIIRS,l,2,305.49,3.09,D,0
19.24589,78.83363,331.89,0.52,0.42,2024-03-11,740,N20,VIIRS,l,2,304.93,3.7,D,0
19.24638,78.68624,337.87,0.53,0.42,2024-03-11,740,N20,VIIRS,n,2,306.18,3.59,D,0
19.24727,78.69122,337.33,0.53,0.42,2024-03-11,740,N20,VIIRS,n,2,305.93,3.59,D,0
19.2484,78.6755,341.64,0.53,0.42,2024-03-11,740,N20,VIIRS,n,2,305.78,3.09,D,0
19.24861,80.2402,334.13,0.45,0.39,2024-03-11,740,N20,VIIRS,n,2,304.54,3.29,D,0
19.2493,78.68054,333.87,0.53,0.42,2024-03-11,740,N20,VIIRS,n,2,306.09,3.09,D,0
19.24943,78.83451,330.6,0.52,0.42,2024-03-11,740,N20,VIIRS,l,2,304.87,2.16,D,0
19.25221,78.67477,340.62,0.53,0.42,2024-03-11,740,N20,VIIRS,n,2,305.63,3.99,D,0
19.25454,81.21575,341.79,0.41,0.37,2024-03-11,740,N20,VIIRS,n,2,312.67,31.77,D,0
19.27321,77.478,341.65,0.42,0.45,2024-03-11,740,N20,VIIRS,n,2,307.13,7.02,D,0
19.28857,78.59,334.5,0.54,0.42,2024-03-11,740,N20,VIIRS,l,2,306.38,1.81,D,0
19.29564,78.63012,330.81,0.54,0.42,2024-03-11,740,N20,VIIRS,l,2,305.06,2.41,D,0
19.31046,80.15517,331.45,0.45,0.39,2024-03-11,740,N20,VIIRS,l,2,305.91,1.79,D,0
19.31051,80.17708,333.71,0.45,0.39,2024-03-11,740,N20,VIIRS,l,2,304.73,3.23,D,0
19.31334,80.17221,338.29,0.45,0.39,2024-03-11,740,N20,VIIRS,n,2,305.07,3.23,D,0
19.31615,80.16729,334.8,0.45,0.39,2024-03-11,740,N20,VIIRS,n,2,304.55,2.53,D,0
19.31903,79.71767,334.64,0.47,0.4,2024-03-11,740,N20,VIIRS,l,2,305.29,2.53,D,0
19.31968,80.16664,336.06,0.45,0.39,2024-03-11,740,N20,VIIRS,n,2,304.79,2.53,D,0
19.32183,80.56437,338.72,0.43,0.38,2024-03-11,740,N20,VIIRS,n,2,303.09,3.99,D,0
19.32263,79.71697,333.94,0.47,0.4,2024-03-11,740,N20,VIIRS,l,2,305.75,2.53,D,0
19.32322,80.16597,345.59,0.45,0.39,2024-03-11,740,N20,VIIRS,n,2,306.79,7.32,D,0
19.34035,78.64511,334.97,0.53,0.42,2024-03-11,740,N20,VIIRS,l,2,307.46,4.8,D,0
19.34054,77.15923,343.5,0.43,0.46,2024-03-11,740,N20,VIIRS,n,2,310.04,4.58,D,0
19.34327,78.63941,339.89,0.53,0.42,2024-03-11,740,N20,VIIRS,n,2,308.91,4.8,D,0
19.3444,78.11211,338.91,0.57,0.43,2024-03-11,740,N20,VIIRS,n,2,308.2,6.33,D,0
19.35135,77.40197,343.47,0.42,0.45,2024-03-11,740,N20,VIIRS,n,2,306.51,3.76,D,0
19.36497,79.89864,330.86,0.46,0.39,2024-03-11,740,N20,VIIRS,l,2,304.23,1.86,D,0
19.41358,79.88079,333.93,0.46,0.39,2024-03-11,740,N20,VIIRS,n,2,303.83,1.69,D,0
19.42106,77.26044,342.04,0.43,0.46,2024-03-11,740,N20,VIIRS,n,2,308.67,1.79,D,0
19.44182,77.16425,344.03,0.43,0.46,2024-03-11,740,N20,VIIRS,n,2,309.63,3.85,D,0
19.50288,77.72089,330.41,0.4,0.44,2024-03-11,740,N20,VIIRS,l,2,304.2,2.83,D,0
19.55523,79.99321,330.93,0.45,0.39,2024-03-11,740,N20,VIIRS,l,2,305.59,1.97,D,0
19.57204,81.05127,333.4,0.42,0.37,2024-03-11,740,N20,VIIRS,l,2,308.15,3.94,D,0
19.58074,81.06161,331.18,0.41,0.37,2024-03-11,740,N20,VIIRS,l,2,306.18,2.64,D,0
19.58091,79.55966,333.66,0.48,0.4,2024-03-11,740,N20,VIIRS,l,2,305.38,4.73,D,0
19.58161,79.56095,330.44,0.48,0.4,2024-03-11,740,N20,VIIRS,l,2,304.82,3.59,D,0
19.58377,79.55442,332.33,0.48,0.4,2024-03-11,740,N20,VIIRS,l,2,304.71,2.93,D,0
19.59326,79.56341,334.83,0.47,0.4,2024-03-11,740,N20,VIIRS,n,2,304.11,4.14,D,0
19.5953,79.55366,335.02,0.48,0.4,2024-03-11,740,N20,VIIRS,l,2,305.77,4.99,D,0
19.59586,77.42875,344.41,0.41,0.45,2024-03-11,740,N20,VIIRS,n,2,311.75,5.41,D,0
19.59689,79.56274,336.1,0.47,0.4,2024-03-11,740,N20,VIIRS,l,2,307.26,7.35,D,0
19.59766,79.56717,332.63,0.47,0.4,2024-03-11,740,N20,VIIRS,n,2,304.31,6.57,D,0
19.59892,79.55299,340.95,0.48,0.4,2024-03-11,740,N20,VIIRS,n,2,306.37,4.99,D,0
19.6005,79.56203,332.82,0.47,0.4,2024-03-11,740,N20,VIIRS,l,2,306.16,7.35,D,0
19.60128,79.56647,336.45,0.47,0.4,2024-03-11,740,N20,VIIRS,n,2,305.46,6.57,D,0
19.60255,79.55233,335.66,0.48,0.4,2024-03-11,740,N20,VIIRS,n,2,305.08,4.55,D,0
19.60334,79.55683,334.77,0.48,0.4,2024-03-11,740,N20,VIIRS,l,2,307.09,4.69,D,0
19.60412,79.56133,338.64,0.47,0.4,2024-03-11,740,N20,VIIRS,n,2,306.04,4.69,D,0
19.60696,79.55614,335.72,0.48,0.4,2024-03-11,740,N20,VIIRS,n,2,305.37,4.69,D,0
19.60774,79.56065,351.63,0.47,0.4,2024-03-11,740,N20,VIIRS,n,2,304.89,4.69,D,0
19.61145,80.02231,347.62,0.45,0.39,2024-03-11,740,N20,VIIRS,n,2,306.9,6.77,D,0
19.64418,78.62358,338.91,0.53,0.42,2024-03-11,740,N20,VIIRS,n,2,307.8,4.56,D,0
19.64506,81.08896,337.76,0.41,0.37,2024-03-11,740,N20,VIIRS,n,2,304.41,3.31,D,0
19.73162,78.78413,336.18,0.52,0.41,2024-03-11,740,N20,VIIRS,l,2,310.68,1.98,D,0
19.73829,78.77776,333.2,0.52,0.41,2024-03-11,740,N20,VIIRS,l,2,307.35,1.37,D,0
19.75556,78.69833,337.77,0.52,0.42,2024-03-11,740,N20,VIIRS,n,2,305.7,4.28,D,0
19.75562,78.70023,338.65,0.52,0.42,2024-03-11,740,N20,VIIRS,n,2,307.24,3.78,D,0
19.79703,78.47053,341.38,0.54,0.42,2024-03-11,740,N20,VIIRS,n,2,308.45,11.34,D,0
19.80754,80.64761,333.05,0.43,0.38,2024-03-11,740,N20,VIIRS,l,2,307.8,2.66,D,0
19.86963,78.74882,333.92,0.52,0.41,2024-03-11,740,N20,VIIRS,l,2,306.9,3.38,D,0
19.88391,79.35339,341.53,0.48,0.4,2024-03-11,740,N20,VIIRS,n,2,304.54,5.74,D,0
19.89168,81.13629,336.98,0.41,0.37,2024-03-11,740,N20,VIIRS,n,2,303.57,3.13,D,0
19.90969,77.26405,344.89,0.42,0.45,2024-03-11,740,N20,VIIRS,n,2,312.44,9.28,D,0
19.91397,79.30981,331.25,0.48,0.4,2024-03-11,740,N20,VIIRS,l,2,305.72,3.44,D,0
19.92774,80.67179,345.77,0.42,0.38,2024-03-11,740,N20,VIIRS,n,2,305.81,6.61,D,0
19.93819,78.93655,334.51,0.5,0.41,2024-03-11,740,N20,VIIRS,l,2,307.9,1.3,D,0
19.94072,81.15923,335.33,0.41,0.37,2024-03-11,740,N20,VIIRS,l,2,307.57,3.28,D,0
19.95472,80.64202,330.02,0.42,0.38,2024-03-11,740,N20,VIIRS,l,2,304.52,3.07,D,0
19.95909,80.60394,334.84,0.43,0.38,2024-03-11,740,N20,VIIRS,l,2,306.12,4.07,D,0
19.96253,80.6033,339.38,0.43,0.38,2024-03-11,740,N20,VIIRS,n,2,307.66,5.99,D,0
19.96325,79.33324,335.55,0.48,0.4,2024-03-11,740,N20,VIIRS,l,2,307.74,3.97,D,2
19.96438,80.63607,332.36,0.43,0.38,2024-03-11,740,N20,VIIRS,l,2,306.15,2.39,D,0
19.96504,80.64008,336.72,0.42,0.38,2024-03-11,740,N20,VIIRS,n,2,304.41,2.29,D,0
19.99304,78.27891,335.43,0.55,0.42,2024-03-11,740,N20,VIIRS,l,2,308.97,7.44,D,0
18.38302,80.75953,314.2,0.39,0.36,2024-03-11,2010,N20,VIIRS,n,2,294.56,2.65,N,0
18.42404,77.31373,307.45,0.52,0.41,2024-03-11,2010,N20,VIIRS,n,2,293.92,1.34,N,0
18.42997,80.71835,317.27,0.39,0.36,2024-03-11,2010,N20,VIIRS,n,2,295.67,3.65,N,0
18.5782,80.59268,313.54,0.39,0.36,2024-03-11,2010,N20,VIIRS,n,2,295.86,2.47,N,0
18.57877,80.58888,309.08,0.39,0.36,2024-03-11,2010,N20,VIIRS,n,2,295.75,2.71,N,0
18.59756,79.58759,307.72,0.41,0.37,2024-03-11,2010,N20,VIIRS,n,2,295.51,1.41,N,0
18.59779,79.58665,309.75,0.41,0.37,2024-03-11,2010,N20,VIIRS,n,2,295.32,1.26,N,0
18.60974,79.57648,306.26,0.41,0.37,2024-03-11,2010,N20,VIIRS,n,2,295.46,1.1,N,0
18.6758,79.55512,329.5,0.41,0.37,2024-03-11,2010,N20,VIIRS,n,2,297.83,3.44,N,0
18.67777,78.66666,306.83,0.45,0.39,2024-03-11,2010,N20,VIIRS,n,2,294.32,2.44,N,0
18.67923,79.55566,308.19,0.41,0.37,2024-03-11,2010,N20,VIIRS,n,2,296.62,1.24,N,0
18.69927,78.54,306.29,0.45,0.39,2024-03-11,2010,N20,VIIRS,n,2,293.92,1.32,N,0
18.72037,79.53766,311.28,0.42,0.37,2024-03-11,2010,N20,VIIRS,n,2,297.63,2.27,N,2
18.76543,80.45629,303.85,0.39,0.36,2024-03-11,2010,N20,VIIRS,n,2,291.18,1.25,N,0
18.83892,80.32629,309.77,0.4,0.37,2024-03-11,2010,N20,VIIRS,n,2,294.97,2.97,N,0
19.1029,78.87676,310.77,0.44,0.39,2024-03-11,2010,N20,VIIRS,n,2,294.85,1.67,N,0
19.11127,80.32469,310.45,0.4,0.37,2024-03-11,2010,N20,VIIRS,n,2,294.68,2.17,N,0
19.12132,78.79823,307.51,0.45,0.39,2024-03-11,2010,N20,VIIRS,n,2,289.45,2.48,N,0
19.12224,78.8927,307.11,0.44,0.38,2024-03-11,2010,N20,VIIRS,n,2,294.81,1.36,N,0
19.12613,78.39944,305.8,0.46,0.39,2024-03-11,2010,N20,VIIRS,n,2,293.67,1.43,N,0
19.12648,80.24626,306.44,0.4,0.37,2024-03-11,2010,N20,VIIRS,n,2,295.0,1.72,N,0
19.1327,80.22775,307.17,0.4,0.37,2024-03-11,2010,N20,VIIRS,n,2,294.74,1.81,N,0
19.13621,79.10088,304.92,0.43,0.38,2024-03-11,2010,N20,VIIRS,n,2,294.76,1.03,N,0
19.1527,79.97766,311.08,0.41,0.37,2024-03-11,2010,N20,VIIRS,n,2,295.21,1.81,N,0
19.16165,80.01072,309.0,0.41,0.37,2024-03-11,2010,N20,VIIRS,n,2,295.24,2.44,N,0
19.17194,78.82193,308.69,0.45,0.39,2024-03-11,2010,N20,VIIRS,n,2,294.35,2.15,N,0
19.17236,80.00854,307.89,0.41,0.37,2024-03-11,2010,N20,VIIRS,n,2,295.04,2.67,N,0
19.17547,78.82246,307.88,0.45,0.39,2024-03-11,2010,N20,VIIRS,n,2,294.18,1.53,N,0
19.18765,80.05347,307.44,0.4,0.37,2024-03-11,2010,N20,VIIRS,n,2,295.1,2.41,N,0
19.19216,80.06989,310.67,0.4,0.37,2024-03-11,2010,N20,VIIRS,n,2,295.57,2.07,N,0
19.20217,78.7095,307.4,0.45,0.39,2024-03-11,2010,N20,VIIRS,n,2,294.87,1.15,N,0
19.21527,78.94865,308.83,0.44,0.38,2024-03-11,2010,N20,VIIRS,n,2,294.59,1.18,N,0
19.21877,78.94934,309.8,0.44,0.38,2024-03-11,2010,N20,VIIRS,n,2,295.51,1.18,N,0
19.21878,78.69472,310.6,0.45,0.39,2024-03-11,2010,N20,VIIRS,n,2,294.84,2.13,N,0
19.22234,78.69526,306.18,0.45,0.39,2024-03-11,2010,N20,VIIRS,n,2,294.15,1.6,N,0
19.2259,78.69581,309.72,0.45,0.39,2024-03-11,2010,N20,VIIRS,n,2,294.03,1.6,N,0
19.29493,80.20316,309.84,0.4,0.37,2024-03-11,2010,N20,VIIRS,n,2,294.88,1.02,N,0
19.29773,80.20755,306.31,0.4,0.37,2024-03-11,2010,N20,VIIRS,n,2,294.46,1.02,N,0
19.30897,80.17822,305.53,0.4,0.37,2024-03-11,2010,N20,VIIRS,n,2,294.51,0.84,N,0
19.30953,80.1744,310.87,0.4,0.37,2024-03-11,2010,N20,VIIRS,n,2,294.73,0.84,N,0
19.31747,79.71384,316.77,0.41,0.37,2024-03-11,2010,N20,VIIRS,n,2,295.37,1.55,N,0
19.32088,79.71442,312.69,0.41,0.37,2024-03-11,2010,N20,VIIRS,n,2,294.73,1.94,N,0
19.3283,79.71161,306.28,0.41,0.37,2024-03-11,2010,N20,VIIRS,n,2,295.15,1.05,N,0
19.35592,78.67146,308.51,0.45,0.39,2024-03-11,2010,N20,VIIRS,n,2,294.69,1.34,N,0
19.56305,81.34927,304.68,0.39,0.36,2024-03-11,2010,N20,VIIRS,n,2,294.45,1.2,N,0
19.56853,81.35764,302.92,0.39,0.36,2024-03-11,2010,N20,VIIRS,n,2,292.29,0.4,N,0
19.57252,81.04343,305.01,0.39,0.36,2024-03-11,2010,N20,VIIRS,n,2,294.03,0.56,N,0
19.57811,79.55473,305.8,0.42,0.38,2024-03-11,2010,N20,VIIRS,n,2,295.38,1.06,N,0
19.57932,79.55157,304.42,0.42,0.38,2024-03-11,2010,N20,VIIRS,n,2,294.25,0.66,N,0
19.59074,79.56501,310.89,0.42,0.38,2024-03-11,2010,N20,VIIRS,n,2,296.2,0.89,N,0
19.59418,79.56559,306.1,0.42,0.38,2024-03-11,2010,N20,VIIRS,n,2,295.57,0.89,N,0
19.60107,79.5667,310.74,0.42,0.38,2024-03-11,2010,N20,VIIRS,n,2,295.64,1.73,N,0
19.61197,79.56441,317.93,0.42,0.38,2024-03-11,2010,N20,VIIRS,n,2,296.21,2.22,N,0
19.63944,78.62568,305.06,0.46,0.39,2024-03-11,2010,N20,VIIRS,n,2,294.52,0.87,N,0
19.64455,79.08269,309.14,0.44,0.38,2024-03-11,2010,N20,VIIRS,n,2,295.28,1.2,N,0
19.66475,78.93713,305.54,0.44,0.39,2024-03-11,2010,N20,VIIRS,n,2,294.48,1.01,N,0
19.66489,78.93591,307.14,0.45,0.39,2024-03-11,2010,N20,VIIRS,n,2,294.6,1.93,N,0
19.66536,78.93284,305.03,0.45,0.39,2024-03-11,2010,N20,VIIRS,n,2,294.78,1.01,N,0
19.72467,79.17526,309.56,0.44,0.38,2024-03-11,2010,N20,VIIRS,n,2,298.54,1.96,N,2
19.78641,79.1496,310.51,0.44,0.38,2024-03-11,2010,N20,VIIRS,n,2,298.24,2.43,N,2
19.90168,78.74338,321.11,0.46,0.39,2024-03-11,2010,N20,VIIRS,n,2,295.2,1.38,N,0
19.9023,78.73899,308.13,0.46,0.39,2024-03-11,2010,N20,VIIRS,n,2,294.49,1.38,N,0
19.90525,78.744,309.71,0.46,0.39,2024-03-11,2010,N20,VIIRS,n,2,294.65,1.38,N,0
19.90587,78.73962,319.76,0.46,0.39,2024-03-11,2010,N20,VIIRS,n,2,295.49,1.38,N,0
19.90715,78.74728,340.27,0.46,0.39,2024-03-11,2010,N20,VIIRS,n,2,297.71,5.56,N,0
19.90821,78.74888,332.91,0.46,0.39,2024-03-11,2010,N20,VIIRS,n,2,296.61,4.12,N,0
19.90882,78.74456,307.84,0.46,0.39,2024-03-11,2010,N20,VIIRS,n,2,294.84,1.8,N,0
19.91516,79.30844,312.54,0.43,0.38,2024-03-11,2010,N20,VIIRS,n,2,296.8,1.76,N,0
19.92134,79.11443,309.37,0.44,0.38,2024-03-11,2010,N20,VIIRS,n,2,297.54,1.56,N,2
19.95304,78.78519,306.54,0.45,0.39,2024-03-11,2010,N20,VIIRS,n,2,295.14,1.17,N,0
19.96248,79.3357,329.66,0.43,0.38,2024-03-11,2010,N20,VIIRS,n,2,296.33,3.77,N,2
15.62422,77.15624,309.14,0.49,0.4,2024-03-11,2011,N20,VIIRS,n,2,294.61,1.21,N,0
15.70884,78.81229,306.8,0.42,0.37,2024-03-11,2011,N20,VIIRS,n,2,294.92,0.74,N,0
15.74534,77.27837,352.17,0.48,0.4,2024-03-11,2011,N20,VIIRS,n,2,300.88,12.91,N,0
15.76165,79.28246,314.73,0.4,0.37,2024-03-11,2011,N20,VIIRS,n,2,296.07,1.55,N,0
15.89654,78.82018,321.26,0.42,0.38,2024-03-11,2011,N20,VIIRS,n,2,295.07,1.78,N,0
15.96285,80.93667,307.86,0.38,0.36,2024-03-11,2011,N20,VIIRS,n,2,295.01,0.87,N,0
16.10887,78.68878,319.14,0.42,0.38,2024-03-11,2011,N20,VIIRS,n,2,296.63,2.72,N,0
16.36008,81.28465,304.84,0.38,0.36,2024-03-11,2011,N20,VIIRS,n,2,294.71,0.6,N,0
16.42676,79.86832,309.94,0.39,0.37,2024-03-11,2011,N20,VIIRS,n,2,295.45,3.05,N,0
16.4301,79.86888,343.92,0.39,0.37,2024-03-11,2011,N20,VIIRS,n,2,297.42,3.05,N,0
16.43121,79.95174,308.98,0.39,0.36,2024-03-11,2011,N20,VIIRS,n,2,295.37,1.02,N,0
16.59315,81.12267,323.69,0.38,0.36,2024-03-11,2011,N20,VIIRS,n,2,296.39,2.05,N,0
16.70649,80.39516,309.54,0.39,0.36,2024-03-11,2011,N20,VIIRS,n,2,295.47,1.65,N,0
16.87219,80.02215,307.91,0.39,0.36,2024-03-11,2011,N20,VIIRS,n,2,297.01,1.08,N,2
17.08349,80.66031,304.91,0.39,0.36,2024-03-11,2011,N20,VIIRS,n,2,294.83,0.54,N,0
17.12278,81.45353,306.45,0.38,0.36,2024-03-11,2011,N20,VIIRS,n,2,293.89,0.48,N,0
17.1413,77.18507,307.67,0.51,0.41,2024-03-11,2011,N20,VIIRS,n,2,296.04,2.76,N,2
17.14517,78.2233,306.36,0.45,0.39,2024-03-11,2011,N20,VIIRS,n,2,293.41,1.18,N,2
17.58317,77.65752,304.29,0.49,0.4,2024-03-11,2011,N20,VIIRS,n,2,292.13,0.46,N,0
17.78161,80.11185,305.57,0.4,0.37,2024-03-11,2011,N20,VIIRS,n,2,294.43,0.76,N,0
17.78217,80.10816,306.26,0.4,0.37,2024-03-11,2011,N20,VIIRS,n,2,294.2,0.76,N,0
17.78662,80.10132,313.26,0.4,0.37,2024-03-11,2011,N20,VIIRS,n,2,294.49,1.63,N,0
17.82719,77.59121,305.13,0.49,0.4,2024-03-11,2011,N20,VIIRS,n,2,292.29,0.36,N,0
17.99106,77.59926,308.65,0.49,0.41,2024-03-11,2011,N20,VIIRS,n,2,292.61,0.92,N,0
15.50772,78.89718,331.95,0.4,0.6,2024-03-12,720,N20,VIIRS,l,2,302.07,4.8,D,0
15.5113,78.89177,341.05,0.4,0.6,2024-03-12,720,N20,VIIRS,n,2,303.06,4.46,D,0
15.51163,78.88862,345.88,0.4,0.6,2024-03-12,720,N20,VIIRS,n,2,302.29,5.81,D,0
15.51237,78.89224,337.26,0.4,0.6,2024-03-12,720,N20,VIIRS,n,2,302.6,5.81,D,0
15.5146,78.87983,330.81,0.4,0.6,2024-03-12,720,N20,VIIRS,l,2,301.46,3.01,D,0
15.5156,78.88035,350.17,0.4,0.6,2024-03-12,720,N20,VIIRS,n,2,301.85,4.88,D,0
15.51672,78.10465,330.93,0.45,0.63,2024-03-12,720,N20,VIIRS,l,2,301.05,1.78,D,0
15.51672,78.89053,345.54,0.4,0.6,2024-03-12,720,N20,VIIRS,n,2,301.2,4.46,D,0
15.52009,78.87891,336.09,0.4,0.6,2024-03-12,720,N20,VIIRS,n,2,300.7,2.79,D,0
15.52569,79.21732,342.0,0.38,0.59,2024-03-12,720,N20,VIIRS,n,2,298.57,5.25,D,0
15.57244,77.08748,332.97,0.53,0.67,2024-03-12,720,N20,VIIRS,n,2,302.76,2.18,D,0
15.57716,77.8716,337.42,0.47,0.64,2024-03-12,720,N20,VIIRS,n,2,305.65,4.36,D,0
15.58488,78.60619,334.36,0.42,0.61,2024-03-12,720,N20,VIIRS,n,2,301.43,5.2,D,0
15.59301,77.94804,335.67,0.46,0.64,2024-03-12,720,N20,VIIRS,n,2,304.35,3.68,D,0
15.6706,79.20388,331.23,0.38,0.59,2024-03-12,720,N20,VIIRS,n,2,301.15,0.71,D,0
15.69862,78.74279,336.38,0.41,0.61,2024-03-12,720,N20,VIIRS,n,2,298.39,5.51,D,0
15.69913,78.74358,330.95,0.41,0.61,2024-03-12,720,N20,VIIRS,n,2,297.09,4.09,D,0
15.70756,77.09718,331.75,0.53,0.67,2024-03-12,720,N20,VIIRS,l,2,303.49,1.86,D,0
15.71365,79.07126,332.13,0.39,0.59,2024-03-12,720,N20,VIIRS,l,2,302.57,2.91,D,0
15.71435,79.07477,346.68,0.39,0.59,2024-03-12,720,N20,VIIRS,n,2,301.51,2.91,D,0
15.71478,78.42625,333.95,0.43,0.62,2024-03-12,720,N20,VIIRS,n,2,301.68,1.71,D,0
15.71993,77.98,367.0,0.46,0.63,2024-03-12,720,N20,VIIRS,h,2,304.14,10.11,D,0
15.73041,78.98722,352.77,0.39,0.6,2024-03-12,720,N20,VIIRS,n,2,303.79,3.05,D,0
15.73111,78.99072,331.88,0.39,0.6,2024-03-12,720,N20,VIIRS,l,2,303.24,3.05,D,0
15.73621,78.72953,334.14,0.41,0.61,2024-03-12,720,N20,VIIRS,n,2,298.18,4.02,D,0
15.74039,78.89585,341.36,0.4,0.6,2024-03-12,720,N20,VIIRS,n,2,299.47,5.72,D,0
15.74055,78.88933,342.61,0.4,0.6,2024-03-12,720,N20,VIIRS,n,2,299.89,6.45,D,0
15.74123,78.89265,345.18,0.4,0.6,2024-03-12,720,N20,VIIRS,n,2,299.76,6.45,D,0
15.74192,78.896,367.0,0.4,0.6,2024-03-12,720,N20,VIIRS,h,2,299.8,5.9,D,0
15.74262,78.89944,334.99,0.4,0.6,2024-03-12,720,N20,VIIRS,n,2,299.41,5.9,D,0
15.74442,78.88766,342.2,0.4,0.6,2024-03-12,720,N20,VIIRS,n,2,299.69,6.04,D,0
15.74508,78.89103,345.3,0.4,0.6,2024-03-12,720,N20,VIIRS,n,2,300.11,6.04,D,0
15.74576,78.89444,367.0,0.4,0.6,2024-03-12,720,N20,VIIRS,h,2,301.01,5.72,D,0
15.74646,78.89798,336.36,0.4,0.6,2024-03-12,720,N20,VIIRS,n,2,298.51,5.72,D,0
15.7473,78.89471,342.39,0.4,0.6,2024-03-12,720,N20,VIIRS,n,2,298.5,3.72,D,0
15.7569,78.63412,332.45,0.41,0.61,2024-03-12,720,N20,VIIRS,n,2,300.26,3.92,D,0
15.75768,78.63795,353.0,0.41,0.61,2024-03-12,720,N20,VIIRS,n,2,300.34,3.92,D,0
15.78113,79.84829,331.8,0.34,0.56,2024-03-12,720,N20,VIIRS,n,2,301.32,2.82,D,0
15.80312,78.3851,335.86,0.43,0.62,2024-03-12,720,N20,VIIRS,n,2,303.37,1.76,D,0
15.90065,80.03808,330.89,0.33,0.55,2024-03-12,720,N20,VIIRS,l,2,301.16,1.19,D,0
15.9068,78.81176,332.83,0.4,0.6,2024-03-12,720,N20,VIIRS,n,2,298.92,1.77,D,0
15.91107,77.59052,332.93,0.48,0.65,2024-03-12,720,N20,VIIRS,l,2,302.99,3.32,D,0
15.91504,77.5874,343.71,0.48,0.65,2024-03-12,720,N20,VIIRS,n,2,301.98,4.02,D,0
15.91558,77.61253,335.06,0.48,0.65,2024-03-12,720,N20,VIIRS,n,2,301.12,0.89,D,0
15.91969,77.60934,330.58,0.48,0.65,2024-03-12,720,N20,VIIRS,l,2,300.74,1.07,D,0
15.94364,79.86439,332.45,0.34,0.56,2024-03-12,720,N20,VIIRS,n,2,300.78,2.04,D,0
15.94464,78.48921,350.61,0.42,0.61,2024-03-12,720,N20,VIIRS,n,2,304.82,3.65,D,0
16.00001,79.66517,340.33,0.35,0.57,2024-03-12,720,N20,VIIRS,n,2,300.96,1.32,D,0
16.00102,79.15296,337.09,0.38,0.59,2024-03-12,720,N20,VIIRS,n,2,299.24,3.76,D,0
16.00173,79.66534,345.68,0.35,0.57,2024-03-12,720,N20,VIIRS,n,2,300.32,1.42,D,0
16.01962,79.5405,367.0,0.36,0.57,2024-03-12,720,N20,VIIRS,h,2,303.75,6.17,D,0
16.02832,78.76259,342.73,0.4,0.6,2024-03-12,720,N20,VIIRS,n,2,301.49,4.79,D,0
16.02907,78.76224,340.56,0.4,0.6,2024-03-12,720,N20,VIIRS,n,2,301.43,3.15,D,0
16.08124,78.51482,331.49,0.42,0.61,2024-03-12,720,N20,VIIRS,n,2,299.81,2.81,D,0
16.08326,79.28727,335.57,0.37,0.58,2024-03-12,720,N20,VIIRS,n,2,302.25,2.3,D,0
16.08655,78.51505,335.62,0.42,0.61,2024-03-12,720,N20,VIIRS,n,2,299.46,4.98,D,0
16.08938,78.78025,335.7,0.4,0.6,2024-03-12,720,N20,VIIRS,n,2,299.85,6.63,D,0
16.09009,78.78373,354.8,0.4,0.6,2024-03-12,720,N20,VIIRS,n,2,299.4,7.87,D,0
16.12333,77.86139,349.72,0.46,0.63,2024-03-12,720,N20,VIIRS,n,2,301.85,4.29,D,0
16.19988,79.02385,330.63,0.38,0.59,2024-03-12,720,N20,VIIRS,n,2,297.01,3.02,D,0
16.41248,79.59601,330.22,0.35,0.57,2024-03-12,720,N20,VIIRS,l,2,302.13,1.76,D,0
16.4159,79.5966,335.74,0.35,0.57,2024-03-12,720,N20,VIIRS,n,2,301.55,2.64,D,0
16.49692,79.93585,355.54,0.33,0.55,2024-03-12,720,N20,VIIRS,n,2,303.09,4.83,D,0
16.58783,79.8194,342.19,0.33,0.56,2024-03-12,720,N20,VIIRS,n,2,301.91,2.36,D,0
16.6018,81.1416,334.5,0.54,0.51,2024-03-12,720,N20,VIIRS,n,2,297.88,7.83,D,0
16.6023,81.13827,340.48,0.55,0.51,2024-03-12,720,N20,VIIRS,n,2,297.57,6.18,D,0
16.60907,81.12971,339.73,0.55,0.51,2024-03-12,720,N20,VIIRS,n,2,296.97,6.99,D,0
16.60965,81.12631,339.7,0.55,0.51,2024-03-12,720,N20,VIIRS,n,2,297.4,3.67,D,0
16.62881,79.78843,331.04,0.33,0.56,2024-03-12,720,N20,VIIRS,l,2,301.63,1.44,D,0
16.62941,79.79147,335.43,0.33,0.56,2024-03-12,720,N20,VIIRS,n,2,301.03,1.44,D,0
16.73963,79.93055,340.16,0.33,0.55,2024-03-12,720,N20,VIIRS,n,2,300.56,2.76,D,0
16.27353,77.05764,343.57,0.52,0.66,2024-03-12,721,N20,VIIRS,n,2,300.03,5.06,D,0
16.50721,77.62079,343.46,0.47,0.64,2024-03-12,721,N20,VIIRS,n,2,303.12,7.33,D,0
16.76715,78.31893,367.0,0.42,0.61,2024-03-12,721,N20,VIIRS,h,2,307.01,9.72,D,0
16.76795,78.3228,331.08,0.42,0.61,2024-03-12,721,N20,VIIRS,n,2,302.15,6.48,D,0
17.07062,77.57443,330.62,0.46,0.64,2024-03-12,721,N20,VIIRS,l,2,302.35,2.4,D,0
17.08997,80.47565,332.15,0.59,0.53,2024-03-12,721,N20,VIIRS,n,2,301.71,4.25,D,0
17.09618,79.79274,351.97,0.33,0.55,2024-03-12,721,N20,VIIRS,n,2,298.04,3.52,D,0
17.14746,78.5005,335.28,0.4,0.6,2024-03-12,721,N20,VIIRS,n,2,301.23,3.25,D,0
17.18819,81.1582,338.32,0.53,0.5,2024-03-12,721,N20,VIIRS,n,2,300.38,7.49,D,0
17.25385,79.67336,331.42,0.33,0.55,2024-03-12,721,N20,VIIRS,l,2,303.84,6.06,D,0
17.27361,78.80212,331.57,0.38,0.59,2024-03-12,721,N20,VIIRS,n,2,296.16,2.91,D,0
17.28419,77.75484,344.32,0.44,0.63,2024-03-12,721,N20,VIIRS,n,2,300.97,3.75,D,0
17.39331,77.53191,334.54,0.46,0.63,2024-03-12,721,N20,VIIRS,n,2,302.04,4.74,D,0
17.39494,77.53347,344.99,0.46,0.63,2024-03-12,721,N20,VIIRS,n,2,302.47,4.7,D,0
17.41246,77.53152,336.84,0.46,0.63,2024-03-12,721,N20,VIIRS,n,2,301.45,3.88,D,0
17.41273,77.07893,332.66,0.49,0.65,2024-03-12,721,N20,VIIRS,n,2,302.56,2.15,D,0
17.41652,77.52866,331.76,0.46,0.63,2024-03-12,721,N20,VIIRS,n,2,301.71,3.29,D,0
17.41739,77.53282,337.15,0.46,0.63,2024-03-12,721,N20,VIIRS,n,2,301.89,3.29,D,0
17.41814,77.53011,335.61,0.46,0.63,2024-03-12,721,N20,VIIRS,n,2,301.45,5.1,D,0
17.45014,77.11961,336.09,0.48,0.65,2024-03-12,721,N20,VIIRS,n,2,303.64,2.22,D,0
17.45429,80.5161,330.36,0.58,0.52,2024-03-12,721,N20,VIIRS,l,2,303.82,2.78,D,0
17.51443,79.78452,338.42,0.32,0.55,2024-03-12,721,N20,VIIRS,n,2,301.74,3.16,D,0
17.52098,78.20179,333.09,0.41,0.61,2024-03-12,721,N20,VIIRS,n,2,301.18,4.02,D,0
17.5543,78.25291,331.59,0.41,0.6,2024-03-12,721,N20,VIIRS,l,2,302.89,5.86,D,0
17.55523,78.25355,338.09,0.41,0.6,2024-03-12,721,N20,VIIRS,n,2,302.32,6.15,D,0
17.55967,78.92211,331.07,0.37,0.58,2024-03-12,721,N20,VIIRS,l,2,302.69,3.15,D,0
17.5868,81.01291,339.38,0.53,0.5,2024-03-12,721,N20,VIIRS,n,2,302.05,4.55,D,0
17.60084,77.14349,334.31,0.48,0.65,2024-03-12,721,N20,VIIRS,n,2,303.15,3.46,D,0
17.65644,79.48215,342.28,0.33,0.56,2024-03-12,721,N20,VIIRS,n,2,297.47,2.69,D,0
17.6989,80.16994,334.56,0.6,0.53,2024-03-12,721,N20,VIIRS,n,2,299.17,5.12,D,0
17.76781,80.49905,332.95,0.57,0.52,2024-03-12,721,N20,VIIRS,n,2,302.75,2.53,D,0
17.77312,78.7186,335.91,0.37,0.58,2024-03-12,721,N20,VIIRS,n,2,302.22,5.12,D,0
17.78114,80.10981,332.04,0.61,0.53,2024-03-12,721,N20,VIIRS,n,2,300.19,4.11,D,0
17.80926,80.27822,335.09,0.59,0.53,2024-03-12,721,N20,VIIRS,n,2,300.35,6.56,D,0
17.8228,80.3473,330.69,0.58,0.52,2024-03-12,721,N20,VIIRS,l,2,304.41,10.97,D,0
17.82965,80.35706,353.71,0.58,0.52,2024-03-12,721,N20,VIIRS,n,2,301.06,11.63,D,0
17.83026,80.3349,337.34,0.58,0.52,2024-03-12,721,N20,VIIRS,n,2,302.52,8.4,D,0
17.83399,80.3287,334.74,0.58,0.52,2024-03-12,721,N20,VIIRS,n,2,302.6,2.98,D,0
17.86422,80.50924,333.85,0.57,0.52,2024-03-12,721,N20,VIIRS,n,2,303.0,5.21,D,0
17.86713,77.74714,337.14,0.43,0.62,2024-03-12,721,N20,VIIRS,n,2,303.12,7.12,D,0
17.87152,81.49908,333.36,0.49,0.49,2024-03-12,721,N20,VIIRS,l,2,303.76,2.3,D,0
17.89855,78.82285,334.86,0.37,0.58,2024-03-12,721,N20,VIIRS,n,2,303.13,3.85,D,0
17.89856,78.8228,333.62,0.37,0.58,2024-03-12,721,N20,VIIRS,n,2,302.97,4.06,D,0
17.91619,79.61388,335.21,0.32,0.55,2024-03-12,721,N20,VIIRS,n,2,299.92,3.12,D,0
17.9214,80.29501,335.97,0.59,0.52,2024-03-12,721,N20,VIIRS,n,2,301.07,6.19,D,0
17.92775,80.17512,331.33,0.6,0.53,2024-03-12,721,N20,VIIRS,l,2,302.03,3.7,D,0
17.94026,79.55354,331.68,0.33,0.55,2024-03-12,721,N20,VIIRS,n,2,297.27,0.79,D,0
17.95516,80.31607,330.84,0.58,0.52,2024-03-12,721,N20,VIIRS,l,2,301.11,4.37,D,0
17.95993,80.31522,343.11,0.58,0.52,2024-03-12,721,N20,VIIRS,n,2,300.8,4.37,D,0
17.96222,80.20045,345.2,0.59,0.53,2024-03-12,721,N20,VIIRS,n,2,303.63,6.63,D,0
17.96277,80.20174,352.28,0.59,0.53,2024-03-12,721,N20,VIIRS,n,2,303.9,11.05,D,0
17.96699,80.19941,340.52,0.59,0.53,2024-03-12,721,N20,VIIRS,n,2,301.75,6.63,D,0
18.03725,79.44278,331.15,0.33,0.55,2024-03-12,721,N20,VIIRS,n,2,298.15,1.89,D,0
18.04559,79.63984,331.12,0.32,0.55,2024-03-12,721,N20,VIIRS,n,2,299.22,2.03,D,0
18.05575,79.99845,332.94,0.61,0.53,2024-03-12,721,N20,VIIRS,n,2,299.41,2.39,D,0
18.11564,79.94451,337.85,0.61,0.54,2024-03-12,721,N20,VIIRS,n,2,299.62,4.3,D,0
18.11846,79.94268,332.65,0.61,0.54,2024-03-12,721,N20,VIIRS,n,2,298.88,9.12,D,0
18.15647,81.49024,334.92,0.48,0.48,2024-03-12,721,N20,VIIRS,n,2,303.34,3.7,D,0
18.16208,80.46034,331.33,0.56,0.52,2024-03-12,721,N20,VIIRS,l,2,302.27,5.68,D,0
18.22921,78.68387,367.0,0.37,0.58,2024-03-12,721,N20,VIIRS,h,2,305.32,15.12,D,0
18.23565,81.49953,334.54,0.48,0.48,2024-03-12,721,N20,VIIRS,n,2,303.02,2.71,D,0
18.24054,78.05408,342.48,0.4,0.6,2024-03-12,721,N20,VIIRS,n,2,301.55,3.51,D,0
18.24316,80.24234,334.06,0.58,0.52,2024-03-12,721,N20,VIIRS,n,2,298.76,6.69,D,0
18.27919,80.67239,330.54,0.54,0.51,2024-03-12,721,N20,VIIRS,n,2,300.31,8.38,D,0
18.28386,80.67174,354.47,0.54,0.51,2024-03-12,721,N20,VIIRS,n,2,301.41,16.26,D,0
18.28948,80.67594,341.18,0.54,0.51,2024-03-12,721,N20,VIIRS,n,2,301.33,8.77,D,0
18.31705,80.66994,348.22,0.54,0.51,2024-03-12,721,N20,VIIRS,n,2,303.66,9.13,D,0
18.36003,78.54999,331.17,0.37,0.58,2024-03-12,721,N20,VIIRS,n,2,300.6,3.94,D,0
18.45587,78.43349,332.93,0.38,0.59,2024-03-12,721,N20,VIIRS,n,2,300.58,2.44,D,0
18.45619,81.09023,331.74,0.51,0.49,2024-03-12,721,N20,VIIRS,l,2,304.45,3.47,D,0
18.47706,80.61755,349.43,0.54,0.51,2024-03-12,721,N20,VIIRS,n,2,306.65,29.23,D,0
18.4784,80.61922,343.52,0.54,0.51,2024-03-12,721,N20,VIIRS,n,2,305.98,31.29,D,0
18.49596,77.60654,336.58,0.43,0.62,2024-03-12,721,N20,VIIRS,n,2,303.09,2.29,D,0
18.51965,81.29803,342.74,0.49,0.49,2024-03-12,721,N20,VIIRS,n,2,303.3,6.34,D,0
18.52637,78.3273,331.53,0.38,0.59,2024-03-12,721,N20,VIIRS,n,2,299.03,3.79,D,0
18.5669,80.47243,344.26,0.55,0.51,2024-03-12,721,N20,VIIRS,n,2,303.99,11.68,D,0
18.57161,80.47181,343.11,0.55,0.51,2024-03-12,721,N20,VIIRS,n,2,303.51,5.15,D,0
18.57465,80.48715,332.49,0.55,0.51,2024-03-12,721,N20,VIIRS,l,2,303.91,3.4,D,0
18.57627,80.47096,341.24,0.55,0.51,2024-03-12,721,N20,VIIRS,n,2,301.18,5.15,D,0
18.57801,80.81741,330.91,0.53,0.5,2024-03-12,721,N20,VIIRS,l,2,301.82,4.43,D,0
18.57927,80.58316,332.79,0.54,0.51,2024-03-12,721,N20,VIIRS,n,2,301.91,4.83,D,0
18.58039,80.5888,344.05,0.54,0.51,2024-03-12,721,N20,VIIRS,n,2,303.05,7.73,D,0
18.58106,80.58556,344.48,0.54,0.51,2024-03-12,721,N20,VIIRS,n,2,304.94,7.04,D,0
18.58223,80.5917,343.1,0.54,0.51,2024-03-12,721,N20,VIIRS,n,2,301.2,7.04,D,0
18.58383,80.58197,331.54,0.54,0.51,2024-03-12,721,N20,VIIRS,n,2,304.37,6.53,D,0
18.5849,80.58734,367.0,0.54,0.51,2024-03-12,721,N20,VIIRS,h,2,306.2,14.95,D,0
18.58561,80.5843,344.88,0.54,0.51,2024-03-12,721,N20,VIIRS,n,2,305.38,7.04,D,0
18.5867,80.59003,342.05,0.54,0.51,2024-03-12,721,N20,VIIRS,n,2,302.92,7.04,D,0
18.58734,80.52692,334.35,0.55,0.51,2024-03-12,721,N20,VIIRS,n,2,302.27,2.96,D,0
18.58991,80.56421,339.99,0.55,0.51,2024-03-12,721,N20,VIIRS,n,2,305.62,9.92,D,0
18.59172,80.50031,335.81,0.55,0.51,2024-03-12,721,N20,VIIRS,n,2,301.86,5.62,D,0
18.59844,80.50994,334.6,0.55,0.51,2024-03-12,721,N20,VIIRS,n,2,302.73,5.36,D,0
18.60205,80.5038,333.56,0.55,0.51,2024-03-12,721,N20,VIIRS,n,2,302.55,5.64,D,0
18.67879,78.59196,336.04,0.37,0.58,2024-03-12,721,N20,VIIRS,n,2,299.99,2.06,D,0
18.70216,80.50629,331.66,0.55,0.51,2024-03-12,721,N20,VIIRS,l,2,303.08,2.76,D,0
18.73108,80.97422,336.03,0.51,0.49,2024-03-12,721,N20,VIIRS,n,2,303.46,3.35,D,0
18.73298,80.46706,330.41,0.55,0.51,2024-03-12,721,N20,VIIRS,l,2,302.55,1.07,D,0
18.77226,80.99516,330.47,0.51,0.49,2024-03-12,721,N20,VIIRS,l,2,303.22,2.65,D,0
18.83685,80.23226,332.58,0.57,0.52,2024-03-12,721,N20,VIIRS,l,2,303.86,5.62,D,0
18.83792,80.23759,346.69,0.57,0.52,2024-03-12,721,N20,VIIRS,n,2,303.61,10.65,D,0
18.83904,80.32803,334.16,0.56,0.51,2024-03-12,721,N20,VIIRS,n,2,302.3,3.67,D,0
18.84041,80.23454,348.87,0.57,0.52,2024-03-12,721,N20,VIIRS,n,2,304.11,8.81,D,0
18.84144,80.23985,335.1,0.57,0.52,2024-03-12,721,N20,VIIRS,n,2,301.93,8.81,D,0
18.8426,80.23653,342.06,0.57,0.52,2024-03-12,721,N20,VIIRS,n,2,302.34,4.89,D,0
18.84267,80.32175,330.47,0.56,0.51,2024-03-12,721,N20,VIIRS,l,2,302.38,3.67,D,0
18.86181,79.41378,330.74,0.32,0.55,2024-03-12,721,N20,VIIRS,l,2,303.82,3.28,D,0
18.86869,81.19565,332.82,0.49,0.49,2024-03-12,721,N20,VIIRS,n,2,303.55,2.65,D,0
18.87076,80.32866,334.79,0.56,0.51,2024-03-12,721,N20,VIIRS,n,2,300.83,4.34,D,0
18.87666,81.21347,338.53,0.49,0.49,2024-03-12,721,N20,VIIRS,n,2,301.53,5.79,D,0
18.88739,78.02319,333.55,0.39,0.6,2024-03-12,721,N20,VIIRS,n,2,303.24,5.28,D,0
18.88996,80.86033,334.45,0.52,0.5,2024-03-12,721,N20,VIIRS,n,2,303.06,4.74,D,0
18.93973,78.40531,343.35,0.37,0.58,2024-03-12,721,N20,VIIRS,n,2,300.66,4.64,D,0
18.95333,79.27436,333.5,0.33,0.55,2024-03-12,721,N20,VIIRS,n,2,301.22,6.16,D,0
18.95397,79.27757,351.39,0.33,0.55,2024-03-12,721,N20,VIIRS,n,2,300.07,4.9,D,0
18.95788,79.19306,335.7,0.33,0.55,2024-03-12,721,N20,VIIRS,n,2,301.68,2.27,D,0
19.0111,80.51015,331.55,0.54,0.51,2024-03-12,721,N20,VIIRS,n,2,300.72,2.53,D,0
19.01414,78.63204,333.38,0.36,0.57,2024-03-12,721,N20,VIIRS,n,2,301.42,1.92,D,0
19.04559,80.68432,335.82,0.53,0.5,2024-03-12,721,N20,VIIRS,n,2,303.27,3.4,D,0
19.09551,80.7949,332.43,0.52,0.5,2024-03-12,721,N20,VIIRS,l,2,302.99,2.66,D,0
19.11036,80.50753,330.74,0.54,0.51,2024-03-12,721,N20,VIIRS,l,2,301.45,2.66,D,0
19.11336,78.88213,331.86,0.34,0.56,2024-03-12,721,N20,VIIRS,n,2,301.01,2.04,D,0
19.11602,78.88199,332.46,0.34,0.56,2024-03-12,721,N20,VIIRS,n,2,300.74,2.5,D,0
19.12615,78.80283,332.23,0.35,0.56,2024-03-12,721,N20,VIIRS,l,2,302.38,3.39,D,0
19.12679,78.80589,342.49,0.35,0.56,2024-03-12,721,N20,VIIRS,n,2,300.21,3.39,D,0
19.13244,80.07398,330.53,0.57,0.52,2024-03-12,721,N20,VIIRS,l,2,300.56,5.48,D,0
19.13295,80.08172,334.24,0.57,0.52,2024-03-12,721,N20,VIIRS,n,2,301.99,5.69,D,0
19.13408,78.84105,331.1,0.34,0.56,2024-03-12,721,N20,VIIRS,n,2,300.5,2.26,D,0
19.13458,80.08458,341.55,0.57,0.52,2024-03-12,721,N20,VIIRS,n,2,301.38,6.17,D,0
19.13627,80.11721,330.42,0.57,0.52,2024-03-12,721,N20,VIIRS,n,2,301.75,2.17,D,0
19.13702,79.10399,334.6,0.33,0.55,2024-03-12,721,N20,VIIRS,n,2,300.8,2.3,D,0
19.16676,79.99983,332.49,0.58,0.52,2024-03-12,721,N20,VIIRS,l,2,303.27,4.66,D,0
19.17751,80.07855,334.95,0.57,0.52,2024-03-12,721,N20,VIIRS,n,2,303.21,5.44,D,0
19.18011,80.14071,332.33,0.57,0.52,2024-03-12,721,N20,VIIRS,l,2,302.41,5.41,D,0
19.18209,80.07693,335.63,0.57,0.52,2024-03-12,721,N20,VIIRS,n,2,302.86,5.44,D,0
19.19153,80.14903,332.99,0.57,0.52,2024-03-12,721,N20,VIIRS,l,2,304.61,3.07,D,0
19.19456,80.01585,345.02,0.58,0.52,2024-03-12,721,N20,VIIRS,n,2,305.4,12.38,D,0
19.21924,78.69942,345.61,0.35,0.57,2024-03-12,721,N20,VIIRS,n,2,301.14,4.62,D,0
19.2199,78.70258,349.78,0.35,0.57,2024-03-12,721,N20,VIIRS,n,2,300.51,4.62,D,0
19.22142,77.40655,333.05,0.43,0.62,2024-03-12,721,N20,VIIRS,n,2,302.57,1.65,D,0
19.22502,78.70142,345.9,0.35,0.57,2024-03-12,721,N20,VIIRS,n,2,302.11,8.18,D,0
19.22569,78.70465,343.72,0.35,0.57,2024-03-12,721,N20,VIIRS,n,2,300.85,10.06,D,0
19.23014,78.70026,367.0,0.35,0.57,2024-03-12,721,N20,VIIRS,h,2,302.13,8.18,D,0
19.24447,78.84659,354.32,0.34,0.56,2024-03-12,721,N20,VIIRS,n,2,300.19,7.07,D,0
19.2676,78.64748,333.38,0.35,0.57,2024-03-12,721,N20,VIIRS,n,2,301.57,3.02,D,0
19.26869,78.64614,336.25,0.35,0.57,2024-03-12,721,N20,VIIRS,n,2,300.35,5.02,D,0
19.27275,78.64639,335.98,0.35,0.57,2024-03-12,721,N20,VIIRS,n,2,301.02,3.02,D,0
19.27341,78.64964,342.64,0.35,0.57,2024-03-12,721,N20,VIIRS,n,2,299.3,3.02,D,0
19.27452,78.64828,351.5,0.35,0.57,2024-03-12,721,N20,VIIRS,n,2,300.07,5.02,D,0
19.28041,78.63124,331.85,0.35,0.57,2024-03-12,721,N20,VIIRS,n,2,300.0,1.27,D,0
19.39095,77.19435,336.23,0.44,0.62,2024-03-12,721,N20,VIIRS,n,2,305.54,1.97,D,0
19.39372,77.19328,331.8,0.44,0.62,2024-03-12,721,N20,VIIRS,l,2,305.23,1.98,D,0
19.4063,79.05164,333.14,0.33,0.55,2024-03-12,721,N20,VIIRS,l,2,306.41,2.92,D,0
19.42557,79.95129,331.86,0.58,0.52,2024-03-12,721,N20,VIIRS,l,2,304.4,4.85,D,0
19.4612,79.85889,335.35,0.58,0.52,2024-03-12,721,N20,VIIRS,l,2,305.85,3.89,D,0
19.46593,79.85781,338.3,0.58,0.52,2024-03-12,721,N20,VIIRS,n,2,305.38,3.89,D,0
19.47792,81.31842,331.57,0.47,0.48,2024-03-12,721,N20,VIIRS,l,2,304.17,2.99,D,0
19.48004,77.8138,333.76,0.4,0.6,2024-03-12,721,N20,VIIRS,l,2,304.0,3.3,D,0
19.49865,79.87319,348.65,0.58,0.52,2024-03-12,721,N20,VIIRS,n,2,307.0,10.44,D,0
19.61914,81.33739,341.22,0.47,0.47,2024-03-12,721,N20,VIIRS,n,2,304.78,6.72,D,0
19.62375,78.33889,336.96,0.36,0.58,2024-03-12,721,N20,VIIRS,n,2,305.17,2.03,D,0
19.66998,78.58831,333.36,0.35,0.57,2024-03-12,721,N20,VIIRS,l,2,308.08,2.95,D,0
19.75423,78.54685,342.38,0.35,0.57,2024-03-12,721,N20,VIIRS,n,2,308.49,4.47,D,0
19.75748,78.48487,353.47,0.35,0.57,2024-03-12,721,N20,VIIRS,n,2,311.09,5.48,D,0
19.79356,78.58179,346.82,0.35,0.57,2024-03-12,721,N20,VIIRS,n,2,309.26,3.57,D,0
19.80111,78.56645,335.84,0.35,0.57,2024-03-12,721,N20,VIIRS,l,2,310.2,2.92,D,0
19.80321,78.56568,335.26,0.35,0.57,2024-03-12,721,N20,VIIRS,l,2,310.22,3.53,D,0
19.84397,78.34938,333.73,0.36,0.57,2024-03-12,721,N20,VIIRS,l,2,307.58,2.57,D,0
19.84914,78.34816,332.71,0.36,0.57,2024-03-12,721,N20,VIIRS,l,2,307.62,0.89,D,0
19.86215,78.30612,334.56,0.36,0.57,2024-03-12,721,N20,VIIRS,l,2,308.73,3.03,D,0
19.87039,80.63384,332.89,0.51,0.49,2024-03-12,721,N20,VIIRS,l,2,305.03,4.95,D,0
19.89655,77.13599,337.36,0.43,0.62,2024-03-12,721,N20,VIIRS,l,2,309.71,3.94,D,0
19.89742,77.13999,338.43,0.43,0.62,2024-03-12,721,N20,VIIRS,n,2,308.26,4.06,D,0
19.90017,78.74932,367.0,0.34,0.56,2024-03-12,721,N20,VIIRS,h,2,309.22,7.93,D,0
19.90083,78.75253,348.29,0.34,0.56,2024-03-12,721,N20,VIIRS,n,2,309.14,6.54,D,0
19.90135,77.34518,367.0,0.42,0.61,2024-03-12,721,N20,VIIRS,h,2,306.43,6.22,D,0
19.90148,78.75568,367.0,0.34,0.56,2024-03-12,721,N20,VIIRS,h,2,308.6,6.54,D,0
19.9061,79.99711,337.4,0.56,0.52,2024-03-12,721,N20,VIIRS,n,2,306.4,3.09,D,0
19.90653,78.75455,367.0,0.34,0.56,2024-03-12,721,N20,VIIRS,h,2,306.99,6.54,D,0
19.90714,78.75755,367.0,0.34,0.56,2024-03-12,721,N20,VIIRS,h,2,305.5,8.72,D,0
19.9304,80.69247,336.08,0.51,0.49,2024-03-12,721,N20,VIIRS,n,2,303.42,3.39,D,0
19.93056,79.07224,340.14,0.32,0.55,2024-03-12,721,N20,VIIRS,n,2,307.84,1.83,D,0
19.94345,80.64056,335.64,0.51,0.49,2024-03-12,721,N20,VIIRS,n,2,305.21,2.73,D,0
19.95478,80.60307,341.19,0.51,0.49,2024-03-12,721,N20,VIIRS,n,2,307.51,5.29,D,0
19.96281,80.59641,335.54,0.51,0.5,2024-03-12,721,N20,VIIRS,n,2,305.52,4.73,D,0
15.958,77.32999,331.93,0.74,0.76,2024-03-12,901,N20,VIIRS,n,2,298.03,6.32,D,0
17.50409,77.20772,331.28,0.76,0.77,2024-03-12,901,N20,VIIRS,n,2,299.65,6.0,D,0
17.50726,77.20695,335.49,0.76,0.77,2024-03-12,901,N20,VIIRS,n,2,297.62,8.51,D,0
18.34371,80.77412,307.69,0.41,0.45,2024-03-12,1951,N20,VIIRS,n,2,295.61,2.1,N,0
18.34505,80.7635,319.97,0.41,0.45,2024-03-12,1951,N20,VIIRS,n,2,295.57,3.23,N,0
18.37424,80.76407,305.85,0.41,0.45,2024-03-12,1951,N20,VIIRS,n,2,294.52,1.53,N,0
18.43313,80.72943,316.52,0.41,0.45,2024-03-12,1951,N20,VIIRS,n,2,295.49,2.79,N,0
18.43938,80.6491,311.2,0.42,0.45,2024-03-12,1951,N20,VIIRS,n,2,294.46,1.69,N,0
18.44555,80.63405,316.45,0.42,0.45,2024-03-12,1951,N20,VIIRS,n,2,295.11,2.91,N,0
18.44781,80.63373,319.6,0.42,0.45,2024-03-12,1951,N20,VIIRS,n,2,294.73,2.69,N,0
18.48812,80.61518,308.53,0.42,0.45,2024-03-12,1951,N20,VIIRS,n,2,294.48,0.58,N,0
18.51218,79.90607,305.99,0.46,0.47,2024-03-12,1951,N20,VIIRS,n,2,293.77,1.51,N,0
18.51273,79.90163,310.14,0.46,0.47,2024-03-12,1951,N20,VIIRS,n,2,293.62,1.51,N,0
18.57432,80.58182,309.58,0.42,0.45,2024-03-12,1951,N20,VIIRS,n,2,295.09,2.49,N,0
18.5832,80.46907,309.5,0.43,0.46,2024-03-12,1951,N20,VIIRS,n,2,294.97,2.07,N,0
18.67662,79.55405,310.36,0.49,0.49,2024-03-12,1951,N20,VIIRS,n,2,295.04,2.75,N,0
18.78808,80.38226,325.94,0.44,0.46,2024-03-12,1951,N20,VIIRS,n,2,295.01,3.72,N,0
18.90807,78.9432,305.04,0.54,0.51,2024-03-12,1951,N20,VIIRS,n,2,293.45,1.86,N,0
19.03605,80.29414,306.83,0.45,0.47,2024-03-12,1951,N20,VIIRS,n,2,294.81,2.28,N,0
19.11459,80.31658,307.66,0.44,0.46,2024-03-12,1951,N20,VIIRS,n,2,293.99,1.7,N,0
19.11836,80.32114,307.21,0.44,0.46,2024-03-12,1951,N20,VIIRS,n,2,294.63,1.94,N,0
19.11987,80.30916,314.03,0.45,0.47,2024-03-12,1951,N20,VIIRS,n,2,294.91,2.79,N,0
19.13925,80.22424,311.4,0.45,0.47,2024-03-12,1951,N20,VIIRS,n,2,294.65,3.52,N,0
19.14137,79.10313,305.87,0.53,0.5,2024-03-12,1951,N20,VIIRS,n,2,294.07,2.68,N,0
19.16096,80.01531,308.46,0.47,0.47,2024-03-12,1951,N20,VIIRS,n,2,294.22,3.96,N,0
19.1653,80.01605,309.55,0.47,0.47,2024-03-12,1951,N20,VIIRS,n,2,293.83,3.08,N,0
19.17815,80.14038,311.13,0.46,0.47,2024-03-12,1951,N20,VIIRS,n,2,293.34,3.49,N,0
19.20245,79.97376,307.02,0.47,0.48,2024-03-12,1951,N20,VIIRS,n,2,293.73,3.41,N,0
19.21131,80.01109,313.2,0.47,0.47,2024-03-12,1951,N20,VIIRS,n,2,294.05,3.72,N,0
19.21564,80.08524,309.51,0.46,0.47,2024-03-12,1951,N20,VIIRS,n,2,293.74,4.05,N,0
19.303,78.63317,308.5,0.57,0.52,2024-03-12,1951,N20,VIIRS,n,2,292.58,3.77,N,0
19.42507,79.94373,310.9,0.47,0.48,2024-03-12,1951,N20,VIIRS,n,2,294.99,2.39,N,0
19.46531,81.4351,310.78,0.38,0.44,2024-03-12,1951,N20,VIIRS,n,2,294.88,1.44,N,0
19.50802,81.32468,305.27,0.39,0.44,2024-03-12,1951,N20,VIIRS,n,2,294.79,1.07,N,0
19.52762,81.33147,307.86,0.39,0.44,2024-03-12,1951,N20,VIIRS,n,2,294.47,1.53,N,0
19.61779,78.33482,305.15,0.61,0.53,2024-03-12,1951,N20,VIIRS,n,2,292.65,1.68,N,0
19.7373,78.26269,306.34,0.62,0.54,2024-03-12,1951,N20,VIIRS,n,2,292.4,3.03,N,0
15.52652,78.87527,308.69,0.49,0.49,2024-03-12,1952,N20,VIIRS,n,2,295.34,1.77,N,0
15.74843,78.63643,304.55,0.52,0.5,2024-03-12,1952,N20,VIIRS,n,2,294.27,1.35,N,0
15.75239,78.64191,307.43,0.52,0.5,2024-03-12,1952,N20,VIIRS,n,2,294.75,1.67,N,0
15.76728,78.63415,310.09,0.52,0.5,2024-03-12,1952,N20,VIIRS,n,2,295.77,2.05,N,0
15.77246,78.62994,306.65,0.52,0.5,2024-03-12,1952,N20,VIIRS,n,2,295.55,1.58,N,0
15.96402,80.93951,309.62,0.56,0.43,2024-03-12,1952,N20,VIIRS,n,2,295.62,1.18,N,0
16.05847,78.54154,314.11,0.53,0.5,2024-03-12,1952,N20,VIIRS,n,2,296.21,2.25,N,0
16.05908,78.5365,308.33,0.53,0.5,2024-03-12,1952,N20,VIIRS,n,2,296.25,2.25,N,0
16.18345,78.88522,308.69,0.5,0.49,2024-03-12,1952,N20,VIIRS,n,2,294.94,3.16,N,0
16.21459,79.01875,312.99,0.49,0.49,2024-03-12,1952,N20,VIIRS,n,2,295.76,0.64,N,0
16.21824,78.95198,308.87,0.5,0.49,2024-03-12,1952,N20,VIIRS,n,2,296.62,2.71,N,0
16.22321,78.94868,332.27,0.5,0.49,2024-03-12,1952,N20,VIIRS,n,2,296.98,5.51,N,0
16.28825,78.75824,314.79,0.51,0.5,2024-03-12,1952,N20,VIIRS,n,2,294.08,1.51,N,0
16.45976,79.67322,306.46,0.45,0.47,2024-03-12,1952,N20,VIIRS,n,2,295.99,1.23,N,0
16.87619,80.11915,306.82,0.43,0.46,2024-03-12,1952,N20,VIIRS,n,2,295.66,1.02,N,2
17.13256,78.26861,304.37,0.57,0.52,2024-03-12,1952,N20,VIIRS,n,2,294.01,0.9,N,0
17.62826,77.02358,308.28,0.35,0.57,2024-03-12,1952,N20,VIIRS,n,2,293.58,1.21,N,0
16.26136,79.82576,330.65,0.7,0.75,2024-03-13,702,N20,VIIRS,n,2,296.81,4.99,D,0
16.59612,81.12798,339.59,0.56,0.69,2024-03-13,702,N20,VIIRS,n,2,293.35,8.66,D,0
17.13507,80.31001,338.83,0.62,0.71,2024-03-13,702,N20,VIIRS,n,2,294.74,5.25,D,0
17.83005,80.35881,330.94,0.6,0.7,2024-03-13,702,N20,VIIRS,n,2,294.01,2.68,D,0
18.05458,80.23728,336.05,0.6,0.71,2024-03-13,702,N20,VIIRS,n,2,294.32,9.99,D,0
18.05951,80.23521,352.58,0.6,0.71,2024-03-13,702,N20,VIIRS,n,2,294.85,16.28,D,0
18.06069,80.24057,352.53,0.6,0.71,2024-03-13,702,N20,VIIRS,n,2,293.73,18.55,D,0
18.06087,80.23552,355.64,0.6,0.71,2024-03-13,702,N20,VIIRS,n,2,293.95,9.99,D,0
18.06208,80.24084,333.12,0.6,0.71,2024-03-13,702,N20,VIIRS,n,2,293.48,16.11,D,0
18.37263,80.76481,334.68,0.55,0.68,2024-03-13,702,N20,VIIRS,n,2,291.09,4.69,D,0
18.42669,78.70368,331.87,0.74,0.76,2024-03-13,702,N20,VIIRS,n,2,294.15,4.17,D,0
18.52514,80.61388,334.56,0.56,0.68,2024-03-13,702,N20,VIIRS,n,2,286.32,6.14,D,0
18.53771,81.18994,333.48,0.51,0.66,2024-03-13,702,N20,VIIRS,n,2,293.22,3.26,D,0
18.56822,80.55428,330.65,0.56,0.69,2024-03-13,702,N20,VIIRS,n,2,291.51,6.05,D,0
18.56951,80.55996,336.48,0.56,0.69,2024-03-13,702,N20,VIIRS,n,2,291.74,7.48,D,0
18.57086,80.55651,367.0,0.56,0.69,2024-03-13,702,N20,VIIRS,h,2,292.24,9.56,D,0
18.57203,80.56184,348.0,0.56,0.69,2024-03-13,702,N20,VIIRS,n,2,292.44,9.56,D,0
18.57562,80.55818,367.0,0.56,0.69,2024-03-13,702,N20,VIIRS,h,2,292.89,10.67,D,0
18.57677,80.56325,355.85,0.56,0.69,2024-03-13,702,N20,VIIRS,n,2,292.67,10.67,D,0
18.57812,80.55994,338.45,0.56,0.69,2024-03-13,702,N20,VIIRS,n,2,292.18,9.56,D,0
18.57921,80.56493,341.41,0.56,0.69,2024-03-13,702,N20,VIIRS,n,2,291.14,8.05,D,0
18.89595,80.87232,346.38,0.52,0.67,2024-03-13,702,N20,VIIRS,n,2,292.64,6.43,D,0
19.63903,78.62856,342.19,0.7,0.75,2024-03-13,703,N20,VIIRS,n,2,300.26,6.8,D,0
19.64458,78.62811,345.12,0.71,0.75,2024-03-13,703,N20,VIIRS,n,2,300.47,8.65,D,0
15.5075,78.03029,336.68,0.39,0.6,2024-03-13,842,N20,VIIRS,n,2,301.96,1.38,D,0
15.51299,78.02967,331.76,0.39,0.6,2024-03-13,842,N20,VIIRS,l,2,302.11,1.38,D,0
15.53447,78.87315,332.43,0.45,0.63,2024-03-13,842,N20,VIIRS,n,2,300.07,2.85,D,0
15.53474,78.8731,334.94,0.45,0.63,2024-03-13,842,N20,VIIRS,n,2,299.98,4.76,D,0
15.53796,79.23478,331.11,0.47,0.64,2024-03-13,842,N20,VIIRS,n,2,298.74,3.2,D,0
15.64686,79.80091,351.72,0.52,0.67,2024-03-13,842,N20,VIIRS,n,2,300.98,9.1,D,0
15.64699,79.79951,336.88,0.52,0.67,2024-03-13,842,N20,VIIRS,n,2,300.59,8.05,D,0
15.64754,79.80465,337.81,0.52,0.67,2024-03-13,842,N20,VIIRS,n,2,299.81,7.06,D,0
15.66255,78.47426,343.7,0.42,0.61,2024-03-13,842,N20,VIIRS,n,2,304.43,4.84,D,0
15.75181,78.64134,333.36,0.44,0.62,2024-03-13,842,N20,VIIRS,l,2,303.72,6.09,D,0
15.75223,78.64539,330.79,0.44,0.62,2024-03-13,842,N20,VIIRS,l,2,301.29,3.31,D,0
15.76256,78.85792,337.5,0.45,0.63,2024-03-13,842,N20,VIIRS,n,2,299.69,4.8,D,0
15.76284,78.63602,355.65,0.44,0.62,2024-03-13,842,N20,VIIRS,n,2,307.66,16.87,D,0
15.76288,78.85979,340.91,0.45,0.63,2024-03-13,842,N20,VIIRS,n,2,299.79,9.18,D,0
15.76299,78.86183,350.03,0.45,0.63,2024-03-13,842,N20,VIIRS,n,2,300.45,4.8,D,0
15.76327,78.64006,367.0,0.44,0.62,2024-03-13,842,N20,VIIRS,h,2,301.95,16.87,D,0
15.76329,78.86374,354.17,0.45,0.63,2024-03-13,842,N20,VIIRS,n,2,299.88,11.07,D,0
15.76344,78.86589,341.29,0.45,0.63,2024-03-13,842,N20,VIIRS,n,2,299.09,7.4,D,0
15.76856,78.63538,350.66,0.44,0.62,2024-03-13,842,N20,VIIRS,n,2,309.08,16.87,D,0
15.769,78.63943,354.31,0.44,0.62,2024-03-13,842,N20,VIIRS,n,2,301.04,16.87,D,0
15.77386,78.63068,339.97,0.44,0.62,2024-03-13,842,N20,VIIRS,n,2,301.61,6.45,D,0
15.86873,78.63336,336.26,0.44,0.62,2024-03-13,842,N20,VIIRS,n,2,303.07,3.47,D,0
15.91163,77.59198,347.99,0.37,0.58,2024-03-13,842,N20,VIIRS,n,2,305.4,4.91,D,0
15.93127,78.6747,331.28,0.44,0.62,2024-03-13,842,N20,VIIRS,n,2,300.52,1.3,D,0
15.94706,79.52449,335.16,0.5,0.66,2024-03-13,842,N20,VIIRS,n,2,301.07,3.64,D,0
15.94827,79.52181,340.14,0.5,0.66,2024-03-13,842,N20,VIIRS,n,2,301.08,2.43,D,0
15.96467,79.3827,336.15,0.49,0.65,2024-03-13,842,N20,VIIRS,n,2,301.42,2.11,D,0
15.99456,78.99564,334.31,0.46,0.64,2024-03-13,842,N20,VIIRS,n,2,293.98,6.87,D,0
15.99568,78.99524,336.05,0.46,0.64,2024-03-13,842,N20,VIIRS,n,2,295.55,6.74,D,0
16.05392,78.54244,336.23,0.43,0.62,2024-03-13,842,N20,VIIRS,n,2,300.95,6.48,D,0
16.06606,78.88654,330.79,0.46,0.63,2024-03-13,842,N20,VIIRS,n,2,297.26,2.19,D,0
16.07883,78.29087,343.92,0.42,0.61,2024-03-13,842,N20,VIIRS,n,2,304.19,4.78,D,0
16.10546,78.70181,330.02,0.44,0.63,2024-03-13,842,N20,VIIRS,l,2,301.19,2.71,D,0
16.11687,78.69917,332.23,0.44,0.63,2024-03-13,842,N20,VIIRS,n,2,299.82,2.37,D,0
16.14529,77.8765,332.19,0.39,0.59,2024-03-13,842,N20,VIIRS,n,2,301.99,1.14,D,0
16.14548,79.45867,338.58,0.5,0.66,2024-03-13,842,N20,VIIRS,n,2,301.3,5.85,D,0
16.14736,79.46087,367.0,0.5,0.66,2024-03-13,842,N20,VIIRS,h,2,301.9,8.88,D,0
16.15154,79.45808,345.56,0.5,0.66,2024-03-13,842,N20,VIIRS,n,2,301.49,5.85,D,0
16.22601,78.45863,367.0,0.43,0.62,2024-03-13,842,N20,VIIRS,h,2,306.99,7.84,D,0
16.22834,78.45716,351.52,0.43,0.62,2024-03-13,842,N20,VIIRS,n,2,305.6,6.52,D,0
16.22874,78.46114,336.86,0.43,0.62,2024-03-13,842,N20,VIIRS,n,2,304.29,4.74,D,0
16.37437,77.50263,356.09,0.37,0.58,2024-03-13,842,N20,VIIRS,n,2,303.43,7.82,D,0
16.46589,79.73498,331.98,0.53,0.67,2024-03-13,842,N20,VIIRS,n,2,298.03,4.08,D,0
16.49888,77.27443,337.78,0.36,0.57,2024-03-13,842,N20,VIIRS,n,2,302.26,6.97,D,0
16.49925,77.27781,367.0,0.36,0.57,2024-03-13,842,N20,VIIRS,h,2,303.93,13.28,D,0
16.58867,77.21908,336.3,0.36,0.57,2024-03-13,842,N20,VIIRS,l,2,306.67,1.67,D,0
16.59406,81.12776,333.91,0.65,0.73,2024-03-13,842,N20,VIIRS,n,2,293.23,5.16,D,0
16.59885,77.21458,336.8,0.36,0.57,2024-03-13,842,N20,VIIRS,n,2,305.58,1.84,D,0
16.66047,77.14663,334.5,0.36,0.57,2024-03-13,842,N20,VIIRS,l,2,305.59,5.26,D,0
16.82322,77.99354,330.42,0.41,0.6,2024-03-13,842,N20,VIIRS,l,2,300.96,1.33,D,0
16.83362,77.02879,337.66,0.35,0.57,2024-03-13,842,N20,VIIRS,n,2,307.29,2.74,D,0
16.83399,77.03206,337.42,0.35,0.57,2024-03-13,842,N20,VIIRS,n,2,306.6,3.01,D,0
16.83437,77.03025,350.83,0.35,0.57,2024-03-13,842,N20,VIIRS,n,2,307.26,3.59,D,0
16.87968,77.94168,342.23,0.4,0.6,2024-03-13,842,N20,VIIRS,n,2,300.94,3.57,D,0
17.02297,77.19731,336.59,0.36,0.57,2024-03-13,842,N20,VIIRS,l,2,308.23,0.66,D,0
17.25108,78.17426,330.59,0.42,0.61,2024-03-13,842,N20,VIIRS,n,2,299.69,3.85,D,0
17.32151,77.6311,331.83,0.39,0.59,2024-03-13,842,N20,VIIRS,n,2,301.3,3.05,D,0
17.37358,77.53889,342.21,0.39,0.59,2024-03-13,842,N20,VIIRS,n,2,302.02,3.38,D,0
17.58418,79.17527,340.95,0.5,0.66,2024-03-13,842,N20,VIIRS,n,2,301.14,6.79,D,0
17.58466,79.17996,347.54,0.5,0.66,2024-03-13,842,N20,VIIRS,n,2,300.71,6.79,D,0
17.58618,79.17755,367.0,0.5,0.66,2024-03-13,842,N20,VIIRS,h,2,301.67,11.61,D,0
17.65166,77.63292,338.32,0.39,0.6,2024-03-13,842,N20,VIIRS,n,2,297.95,2.86,D,0
17.65243,77.63306,335.27,0.39,0.6,2024-03-13,842,N20,VIIRS,n,2,298.2,2.5,D,0
17.66356,77.01731,342.78,0.36,0.57,2024-03-13,842,N20,VIIRS,n,2,311.06,5.35,D,0
17.67425,80.72212,333.08,0.63,0.72,2024-03-13,842,N20,VIIRS,n,2,293.42,4.65,D,0
17.68714,80.35787,337.4,0.6,0.7,2024-03-13,842,N20,VIIRS,n,2,295.19,5.54,D,0
17.68715,80.35673,335.89,0.6,0.7,2024-03-13,842,N20,VIIRS,n,2,294.73,4.42,D,0
17.70495,77.34689,339.08,0.38,0.59,2024-03-13,842,N20,VIIRS,n,2,308.56,3.8,D,0
17.71367,77.58162,339.03,0.39,0.59,2024-03-13,842,N20,VIIRS,n,2,307.48,5.06,D,0
17.81064,80.27367,340.47,0.59,0.7,2024-03-13,842,N20,VIIRS,n,2,297.12,7.19,D,0
17.81655,80.26704,346.56,0.59,0.7,2024-03-13,842,N20,VIIRS,n,2,296.97,7.19,D,0
17.81665,80.26398,335.78,0.59,0.7,2024-03-13,842,N20,VIIRS,n,2,296.44,11.56,D,0
17.81704,80.2722,342.54,0.59,0.7,2024-03-13,842,N20,VIIRS,n,2,294.41,7.19,D,0
17.81712,80.26922,352.52,0.59,0.7,2024-03-13,842,N20,VIIRS,n,2,295.74,21.25,D,0
17.82316,80.41075,330.3,0.6,0.71,2024-03-13,842,N20,VIIRS,n,2,294.01,10.04,D,0
17.82351,80.40813,334.62,0.6,0.71,2024-03-13,842,N20,VIIRS,n,2,294.26,8.38,D,0
17.82955,80.40235,331.5,0.6,0.71,2024-03-13,842,N20,VIIRS,n,2,292.81,9.0,D,0
17.82978,80.41097,367.0,0.6,0.71,2024-03-13,842,N20,VIIRS,h,2,293.04,10.04,D,0
17.83012,80.40829,347.41,0.6,0.71,2024-03-13,842,N20,VIIRS,n,2,293.8,8.38,D,0
17.83067,80.41398,335.71,0.6,0.71,2024-03-13,842,N20,VIIRS,n,2,292.55,8.38,D,0
17.84433,79.61943,346.41,0.54,0.68,2024-03-13,842,N20,VIIRS,n,2,296.1,6.51,D,0
17.84606,79.62132,344.57,0.54,0.68,2024-03-13,842,N20,VIIRS,n,2,294.52,6.71,D,0
17.94999,80.43192,333.97,0.61,0.71,2024-03-13,842,N20,VIIRS,n,2,292.37,7.17,D,0
17.86221,77.28727,340.41,0.38,0.58,2024-03-13,843,N20,VIIRS,n,2,307.52,3.77,D,0
17.89639,77.06187,337.05,0.36,0.58,2024-03-13,843,N20,VIIRS,l,2,308.18,1.89,D,0
17.89764,77.06306,340.91,0.36,0.58,2024-03-13,843,N20,VIIRS,n,2,308.1,2.53,D,0
17.96188,77.12204,336.7,0.37,0.58,2024-03-13,843,N20,VIIRS,l,2,309.81,2.31,D,0
18.06057,78.36536,330.73,0.45,0.63,2024-03-13,843,N20,VIIRS,n,2,300.25,2.83,D,0
18.11731,77.4835,337.62,0.39,0.59,2024-03-13,843,N20,VIIRS,l,2,310.09,1.63,D,0
18.1177,77.48726,336.12,0.39,0.59,2024-03-13,843,N20,VIIRS,l,2,308.62,1.63,D,0
18.19958,80.21444,336.1,0.59,0.7,2024-03-13,843,N20,VIIRS,n,2,291.77,4.62,D,0
18.20832,78.08759,331.64,0.43,0.62,2024-03-13,843,N20,VIIRS,l,2,302.1,1.88,D,0
18.34674,78.04255,333.55,0.43,0.62,2024-03-13,843,N20,VIIRS,n,2,302.54,3.63,D,0
18.36285,78.50687,331.38,0.46,0.63,2024-03-13,843,N20,VIIRS,n,2,300.98,3.25,D,0
18.42258,78.70376,331.63,0.47,0.64,2024-03-13,843,N20,VIIRS,n,2,300.87,3.64,D,0
18.51476,78.08806,336.03,0.43,0.62,2024-03-13,843,N20,VIIRS,n,2,302.46,3.94,D,0
18.72315,81.22376,333.34,0.7,0.75,2024-03-13,843,N20,VIIRS,n,2,289.46,7.55,D,0
18.72341,81.22649,336.9,0.7,0.75,2024-03-13,843,N20,VIIRS,n,2,288.6,7.42,D,0
18.82761,77.97926,330.03,0.43,0.62,2024-03-13,843,N20,VIIRS,n,2,298.62,1.54,D,0
18.99536,79.68819,330.39,0.56,0.69,2024-03-13,843,N20,VIIRS,n,2,294.0,3.77,D,0
19.09605,77.09649,340.94,0.38,0.59,2024-03-13,843,N20,VIIRS,n,2,305.83,3.4,D,0
19.13794,78.79637,333.64,0.49,0.65,2024-03-13,843,N20,VIIRS,n,2,299.2,4.15,D,0
19.14296,80.0364,330.55,0.59,0.7,2024-03-13,843,N20,VIIRS,n,2,294.65,4.51,D,0
19.1434,79.1096,333.01,0.51,0.66,2024-03-13,843,N20,VIIRS,n,2,297.83,5.59,D,0
19.1436,79.11277,331.53,0.51,0.66,2024-03-13,843,N20,VIIRS,n,2,296.7,5.18,D,0
19.20968,79.43943,332.85,0.54,0.68,2024-03-13,843,N20,VIIRS,n,2,298.83,9.79,D,0
19.21219,79.44286,353.58,0.54,0.68,2024-03-13,843,N20,VIIRS,n,2,299.94,9.46,D,0
19.38061,77.98083,351.69,0.44,0.62,2024-03-13,843,N20,VIIRS,n,2,306.11,4.64,D,0
19.38246,77.98193,350.24,0.44,0.62,2024-03-13,843,N20,VIIRS,n,2,304.9,5.13,D,0
19.38366,78.55761,331.25,0.48,0.64,2024-03-13,843,N20,VIIRS,l,2,303.91,2.02,D,0
19.387,78.52953,331.31,0.47,0.64,2024-03-13,843,N20,VIIRS,l,2,303.27,2.35,D,0
19.44337,78.64658,330.84,0.48,0.65,2024-03-13,843,N20,VIIRS,l,2,304.02,3.42,D,0
19.53679,77.65286,333.72,0.42,0.61,2024-03-13,843,N20,VIIRS,l,2,304.55,2.15,D,0
19.59574,78.37563,340.5,0.47,0.64,2024-03-13,843,N20,VIIRS,n,2,306.57,4.96,D,0
19.62949,77.63212,341.23,0.42,0.61,2024-03-13,843,N20,VIIRS,n,2,308.21,3.41,D,0
19.62988,77.63603,334.93,0.42,0.61,2024-03-13,843,N20,VIIRS,l,2,306.83,3.41,D,0
19.63763,78.62675,335.19,0.48,0.65,2024-03-13,843,N20,VIIRS,l,2,305.8,3.84,D,0
19.64079,78.6288,342.94,0.48,0.65,2024-03-13,843,N20,VIIRS,n,2,306.53,4.28,D,0
19.76396,77.71659,336.26,0.42,0.61,2024-03-13,843,N20,VIIRS,l,2,306.46,3.71,D,0
19.76668,77.71733,336.91,0.42,0.61,2024-03-13,843,N20,VIIRS,n,2,305.2,2.17,D,0
19.80962,77.19942,340.85,0.39,0.59,2024-03-13,843,N20,VIIRS,n,2,308.53,4.25,D,0
19.82671,77.02483,335.22,0.38,0.59,2024-03-13,843,N20,VIIRS,l,2,309.27,2.02,D,0
19.95683,77.10062,341.17,0.39,0.59,2024-03-13,843,N20,VIIRS,l,2,312.32,3.98,D,0
19.12976,78.79051,305.39,0.57,0.69,2024-03-13,1932,N20,VIIRS,n,2,293.07,2.57,N,0
19.14426,78.78967,304.84,0.57,0.69,2024-03-13,1932,N20,VIIRS,n,2,292.92,2.61,N,0
19.14508,78.76446,309.66,0.58,0.69,2024-03-13,1932,N20,VIIRS,n,2,293.66,2.74,N,0
19.14661,78.76201,309.08,0.58,0.7,2024-03-13,1932,N20,VIIRS,n,2,293.5,3.02,N,0
19.15141,78.76622,306.24,0.58,0.69,2024-03-13,1932,N20,VIIRS,n,2,293.35,3.95,N,0
19.15295,78.76366,307.61,0.58,0.7,2024-03-13,1932,N20,VIIRS,n,2,293.12,3.67,N,0
19.27489,77.01727,307.54,0.75,0.77,2024-03-13,1932,N20,VIIRS,n,2,288.93,4.01,N,0
19.27548,77.00995,324.05,0.75,0.77,2024-03-13,1932,N20,VIIRS,n,2,288.35,4.01,N,0
19.27918,77.0123,337.53,0.75,0.77,2024-03-13,1932,N20,VIIRS,n,2,289.26,6.31,N,0
19.4566,79.47815,306.89,0.52,0.67,2024-03-13,1932,N20,VIIRS,n,2,292.65,1.84,N,0
19.54592,78.91201,305.2,0.57,0.69,2024-03-13,1932,N20,VIIRS,n,2,290.67,0.98,N,0
19.54765,78.9129,305.37,0.57,0.69,2024-03-13,1932,N20,VIIRS,n,2,290.71,0.67,N,0
19.62064,79.58208,303.64,0.52,0.67,2024-03-13,1932,N20,VIIRS,n,2,291.58,1.42,N,0
19.62069,79.58235,304.63,0.52,0.67,2024-03-13,1932,N20,VIIRS,n,2,291.65,1.63,N,0
19.63807,79.05515,303.69,0.56,0.69,2024-03-13,1932,N20,VIIRS,n,2,291.33,1.9,N,0
19.68987,79.08141,302.94,0.56,0.69,2024-03-13,1932,N20,VIIRS,n,2,291.7,1.18,N,0
19.89618,78.73827,320.93,0.59,0.7,2024-03-13,1932,N20,VIIRS,n,2,294.55,3.75,N,0
19.89655,78.74049,306.27,0.59,0.7,2024-03-13,1932,N20,VIIRS,n,2,293.86,2.06,N,0
19.89702,78.73482,309.27,0.59,0.7,2024-03-13,1932,N20,VIIRS,n,2,293.53,2.39,N,0
19.91355,78.76319,303.98,0.59,0.7,2024-03-13,1932,N20,VIIRS,n,2,293.75,2.5,N,0
19.91454,78.75983,306.12,0.59,0.7,2024-03-13,1932,N20,VIIRS,n,2,293.2,1.85,N,0
19.92324,79.11066,305.38,0.56,0.69,2024-03-13,1932,N20,VIIRS,n,2,293.54,1.49,N,2
19.98125,78.74384,304.8,0.59,0.7,2024-03-13,1932,N20,VIIRS,n,2,294.32,1.03,N,0
19.98147,78.74417,305.51,0.59,0.7,2024-03-13,1932,N20,VIIRS,n,2,294.52,0.93,N,0
15.96215,80.93734,305.55,0.38,0.59,2024-03-13,1933,N20,VIIRS,n,2,292.97,0.92,N,0
16.0634,78.88609,304.77,0.52,0.67,2024-03-13,1933,N20,VIIRS,n,2,292.06,1.74,N,0
16.18267,78.93238,336.44,0.52,0.67,2024-03-13,1933,N20,VIIRS,n,2,291.87,6.21,N,0
16.18319,78.93083,339.19,0.52,0.67,2024-03-13,1933,N20,VIIRS,n,2,291.67,6.97,N,0
18.30801,80.772,306.93,0.42,0.61,2024-03-13,1933,N20,VIIRS,n,2,288.67,2.62,N,0
18.34297,80.76431,304.08,0.42,0.61,2024-03-13,1933,N20,VIIRS,n,2,287.06,2.69,N,0
18.37445,80.76914,304.63,0.42,0.61,2024-03-13,1933,N20,VIIRS,n,2,290.02,2.34,N,0
18.39091,77.17925,301.75,0.72,0.76,2024-03-13,1933,N20,VIIRS,n,2,290.25,1.22,N,0
18.57417,77.14786,302.71,0.73,0.76,2024-03-13,1933,N20,VIIRS,n,2,288.92,0.67,N,0
18.57565,77.14687,306.16,0.73,0.76,2024-03-13,1933,N20,VIIRS,n,2,288.83,0.97,N,0
18.67963,79.55453,308.52,0.51,0.66,2024-03-13,1933,N20,VIIRS,n,2,292.1,2.32,N,0
18.6803,79.55588,311.61,0.51,0.66,2024-03-13,1933,N20,VIIRS,n,2,292.1,2.12,N,0
17.47876,78.05351,300.27,0.59,0.7,2024-03-13,2113,N20,VIIRS,n,2,289.63,0.69,N,0
17.72263,77.06844,303.3,0.5,0.66,2024-03-13,2113,N20,VIIRS,n,2,290.7,0.91,N,0
17.72856,77.06973,314.54,0.5,0.66,2024-03-13,2113,N20,VIIRS,n,2,290.08,0.91,N,0
17.92,77.13164,300.39,0.5,0.66,2024-03-13,2113,N20,VIIRS,n,2,288.79,0.54,N,0
18.67562,79.55385,305.66,0.69,0.74,2024-03-13,2113,N20,VIIRS,n,2,290.85,2.07,N,0
18.67716,79.54751,303.48,0.69,0.74,2024-03-13,2113,N20,VIIRS,n,2,290.61,1.81,N,0
18.68014,79.55469,309.03,0.69,0.74,2024-03-13,2113,N20,VIIRS,n,2,290.97,2.16,N,0
18.72307,79.53288,305.75,0.69,0.74,2024-03-13,2113,N20,VIIRS,n,2,290.78,1.49,N,2
19.12271,78.78867,304.23,0.6,0.71,2024-03-13,2113,N20,VIIRS,n,2,292.48,2.96,N,0
19.12479,78.78458,306.87,0.6,0.71,2024-03-13,2113,N20,VIIRS,n,2,292.91,2.87,N,0
19.15043,78.76102,309.71,0.6,0.71,2024-03-13,2113,N20,VIIRS,n,2,292.84,3.64,N,0
19.35987,78.65401,302.24,0.58,0.7,2024-03-13,2113,N20,VIIRS,n,2,290.45,0.6,N,0
19.47171,77.19753,303.63,0.47,0.64,2024-03-13,2113,N20,VIIRS,n,2,293.06,0.45,N,0
19.47181,77.19546,307.84,0.47,0.64,2024-03-13,2113,N20,VIIRS,n,2,292.89,0.81,N,0
19.74076,78.26038,306.49,0.54,0.68,2024-03-13,2113,N20,VIIRS,n,2,292.93,0.94,N,0
19.78782,79.14722,307.5,0.61,0.71,2024-03-13,2113,N20,VIIRS,n,2,292.99,1.45,N,2
19.8924,78.735,303.79,0.58,0.69,2024-03-13,2113,N20,VIIRS,n,2,289.22,1.03,N,0
19.89475,78.73827,308.98,0.58,0.69,2024-03-13,2113,N20,VIIRS,n,2,290.77,1.73,N,0
15.77224,78.63564,303.49,0.69,0.74,2024-03-13,2114,N20,VIIRS,n,2,288.17,3.12,N,0
15.77698,78.62572,301.5,0.69,0.74,2024-03-13,2114,N20,VIIRS,n,2,287.93,2.42,N,0
16.18213,78.93266,329.81,0.71,0.75,2024-03-13,2114,N20,VIIRS,n,2,288.09,6.51,N,0
16.18863,78.93538,308.86,0.71,0.75,2024-03-13,2114,N20,VIIRS,n,2,287.32,6.51,N,0
15.5262,78.03393,338.31,0.38,0.44,2024-03-14,823,N20,VIIRS,n,2,307.93,4.82,D,0
15.5271,78.04102,339.16,0.38,0.44,2024-03-14,823,N20,VIIRS,n,2,308.07,3.88,D,0
15.52893,79.05447,330.37,0.44,0.46,2024-03-14,823,N20,VIIRS,l,2,304.95,2.38,D,0
15.53263,79.04946,332.44,0.44,0.46,2024-03-14,823,N20,VIIRS,l,2,304.96,1.96,D,0
15.53321,79.05398,333.57,0.44,0.46,2024-03-14,823,N20,VIIRS,l,2,304.66,1.96,D,0
15.56798,80.10599,336.01,0.52,0.5,2024-03-14,823,N20,VIIRS,n,2,301.31,2.92,D,0
15.56832,80.10705,342.97,0.52,0.5,2024-03-14,823,N20,VIIRS,n,2,301.31,4.21,D,0
15.64762,78.66662,330.38,0.42,0.45,2024-03-14,823,N20,VIIRS,l,2,304.15,2.99,D,0
15.68462,79.68614,342.59,0.49,0.49,2024-03-14,823,N20,VIIRS,n,2,309.47,4.3,D,0
15.68518,79.69069,346.9,0.49,0.49,2024-03-14,823,N20,VIIRS,n,2,309.27,4.3,D,0
15.68909,79.68556,336.28,0.49,0.49,2024-03-14,823,N20,VIIRS,l,2,308.36,4.3,D,0
15.68965,79.69011,342.84,0.49,0.49,2024-03-14,823,N20,VIIRS,n,2,308.94,4.3,D,0
15.69021,79.69467,340.33,0.49,0.49,2024-03-14,823,N20,VIIRS,n,2,307.29,7.01,D,0
15.69412,79.68957,341.37,0.49,0.49,2024-03-14,823,N20,VIIRS,n,2,306.68,3.48,D,0
15.70752,79.04043,338.62,0.45,0.47,2024-03-14,823,N20,VIIRS,n,2,307.63,4.67,D,0
15.70951,78.75187,346.54,0.43,0.46,2024-03-14,823,N20,VIIRS,n,2,302.93,11.5,D,0
15.74353,78.74389,343.18,0.43,0.46,2024-03-14,823,N20,VIIRS,n,2,302.93,8.79,D,0
15.74624,78.73139,338.79,0.43,0.46,2024-03-14,823,N20,VIIRS,n,2,303.18,3.61,D,0
15.75429,77.36722,341.1,0.53,0.42,2024-03-14,823,N20,VIIRS,l,2,311.86,8.53,D,0
15.75675,78.88538,333.38,0.44,0.46,2024-03-14,823,N20,VIIRS,n,2,300.31,2.63,D,0
15.77593,77.44003,341.9,0.54,0.42,2024-03-14,823,N20,VIIRS,n,2,310.96,5.89,D,0
15.78007,78.62924,338.91,0.42,0.45,2024-03-14,823,N20,VIIRS,n,2,307.25,7.31,D,0
15.85604,77.37971,341.97,0.53,0.42,2024-03-14,823,N20,VIIRS,l,2,312.83,10.33,D,0
15.88069,77.62313,337.1,0.55,0.43,2024-03-14,823,N20,VIIRS,l,2,311.94,6.02,D,0
15.94384,78.59079,344.43,0.42,0.45,2024-03-14,823,N20,VIIRS,n,2,307.27,9.69,D,0
15.94823,79.3916,332.19,0.47,0.48,2024-03-14,823,N20,VIIRS,l,2,302.98,1.91,D,0
15.94876,78.73352,333.51,0.43,0.46,2024-03-14,823,N20,VIIRS,l,2,307.59,3.07,D,0
16.00462,78.56947,347.39,0.42,0.45,2024-03-14,823,N20,VIIRS,n,2,303.47,5.35,D,0
16.00511,78.57334,334.68,0.42,0.45,2024-03-14,823,N20,VIIRS,l,2,304.73,5.35,D,0
16.00878,78.56893,339.33,0.42,0.45,2024-03-14,823,N20,VIIRS,n,2,303.04,6.34,D,0
16.09624,78.50973,346.66,0.42,0.45,2024-03-14,823,N20,VIIRS,n,2,303.15,6.12,D,0
16.1162,78.86944,343.02,0.44,0.46,2024-03-14,823,N20,VIIRS,n,2,304.76,7.51,D,0
16.14828,78.64999,349.82,0.43,0.46,2024-03-14,823,N20,VIIRS,n,2,306.39,7.29,D,0
16.14869,78.64539,342.01,0.43,0.46,2024-03-14,823,N20,VIIRS,n,2,304.46,7.97,D,0
16.14883,78.65428,337.93,0.43,0.46,2024-03-14,823,N20,VIIRS,n,2,305.95,2.64,D,0
16.14922,78.64972,347.17,0.43,0.46,2024-03-14,823,N20,VIIRS,n,2,306.16,7.97,D,0
16.14975,78.65403,331.6,0.43,0.46,2024-03-14,823,N20,VIIRS,l,2,305.8,3.74,D,0
16.15286,78.64468,342.0,0.43,0.46,2024-03-14,823,N20,VIIRS,n,2,305.01,7.97,D,0
16.17554,77.31711,341.74,0.53,0.42,2024-03-14,823,N20,VIIRS,l,2,312.79,6.2,D,0
16.1836,78.95663,343.91,0.45,0.47,2024-03-14,823,N20,VIIRS,n,2,306.04,4.53,D,0
16.18662,78.95654,336.02,0.45,0.47,2024-03-14,823,N20,VIIRS,n,2,305.78,6.05,D,0
16.18941,79.42478,331.06,0.48,0.48,2024-03-14,823,N20,VIIRS,l,2,304.0,1.15,D,0
16.22651,78.82354,337.22,0.44,0.46,2024-03-14,823,N20,VIIRS,n,2,306.05,5.9,D,0
16.23035,77.33194,340.11,0.54,0.42,2024-03-14,823,N20,VIIRS,l,2,312.42,7.18,D,0
16.23126,78.82698,347.9,0.44,0.46,2024-03-14,823,N20,VIIRS,n,2,306.0,8.77,D,0
16.23422,77.33141,339.9,0.54,0.42,2024-03-14,823,N20,VIIRS,l,2,313.01,7.18,D,0
16.25418,78.2902,335.47,0.41,0.45,2024-03-14,823,N20,VIIRS,n,2,303.59,3.14,D,0
16.25466,78.29399,343.79,0.41,0.45,2024-03-14,823,N20,VIIRS,n,2,305.69,3.43,D,0
16.25875,78.2934,335.47,0.41,0.45,2024-03-14,823,N20,VIIRS,n,2,305.46,3.43,D,0
16.26036,77.11688,337.97,0.52,0.42,2024-03-14,823,N20,VIIRS,l,2,312.15,7.78,D,0
16.27781,80.48004,335.6,0.56,0.52,2024-03-14,823,N20,VIIRS,n,2,300.4,2.86,D,0
16.31256,77.04694,340.65,0.52,0.41,2024-03-14,823,N20,VIIRS,l,2,315.42,8.06,D,0
16.32582,77.0303,339.32,0.52,0.41,2024-03-14,823,N20,VIIRS,l,2,314.23,8.83,D,0
16.34619,79.98756,334.3,0.52,0.5,2024-03-14,823,N20,VIIRS,n,2,297.54,2.74,D,0
16.36517,79.50433,333.6,0.49,0.48,2024-03-14,823,N20,VIIRS,l,2,306.36,3.2,D,0
16.36877,79.50564,338.53,0.49,0.48,2024-03-14,823,N20,VIIRS,n,2,307.58,4.23,D,0
16.37683,78.40966,347.91,0.42,0.45,2024-03-14,823,N20,VIIRS,n,2,305.85,11.71,D,0
16.40575,77.45381,339.12,0.55,0.42,2024-03-14,823,N20,VIIRS,l,2,311.41,6.77,D,0
16.41246,77.13414,345.12,0.52,0.42,2024-03-14,823,N20,VIIRS,l,2,316.06,16.48,D,0
16.41833,79.69239,337.09,0.5,0.49,2024-03-14,823,N20,VIIRS,n,2,305.06,4.18,D,0
16.43105,80.4638,333.44,0.56,0.52,2024-03-14,823,N20,VIIRS,l,2,304.17,5.09,D,0
16.43168,80.46911,335.42,0.56,0.52,2024-03-14,823,N20,VIIRS,n,2,304.21,5.09,D,0
16.58545,77.07439,342.67,0.52,0.42,2024-03-14,823,N20,VIIRS,l,2,317.0,17.9,D,0
16.62054,79.82922,337.05,0.51,0.5,2024-03-14,823,N20,VIIRS,n,2,305.95,4.83,D,0
16.63279,79.80915,337.82,0.51,0.5,2024-03-14,823,N20,VIIRS,n,2,305.43,1.46,D,0
16.64706,80.17568,341.75,0.54,0.51,2024-03-14,823,N20,VIIRS,n,2,302.35,8.75,D,0
16.6488,80.17385,343.82,0.54,0.51,2024-03-14,823,N20,VIIRS,n,2,302.19,5.4,D,0
16.6649,79.88445,336.71,0.52,0.5,2024-03-14,823,N20,VIIRS,n,2,304.05,2.13,D,0
16.747,79.59811,336.07,0.5,0.49,2024-03-14,823,N20,VIIRS,n,2,303.22,2.06,D,0
16.83836,78.98166,338.01,0.46,0.47,2024-03-14,823,N20,VIIRS,n,2,303.17,2.77,D,0
17.00482,77.17816,348.7,0.54,0.42,2024-03-14,823,N20,VIIRS,n,2,316.98,15.2,D,0
17.00528,77.12232,341.64,0.53,0.42,2024-03-14,823,N20,VIIRS,l,2,315.79,11.43,D,0
17.15365,81.49178,337.92,0.34,0.56,2024-03-14,823,N20,VIIRS,n,2,295.73,1.99,D,0
17.16015,78.72433,331.67,0.44,0.46,2024-03-14,823,N20,VIIRS,n,2,300.36,4.8,D,0
17.21869,77.13358,345.53,0.54,0.42,2024-03-14,823,N20,VIIRS,l,2,319.2,1.96,D,0
17.23822,80.41948,330.08,0.57,0.52,2024-03-14,823,N20,VIIRS,l,2,301.48,3.86,D,0
17.43039,78.92671,335.94,0.46,0.47,2024-03-14,823,N20,VIIRS,n,2,301.33,6.79,D,0
17.38335,77.69402,345.03,0.39,0.44,2024-03-14,824,N20,VIIRS,l,2,316.08,9.26,D,0
17.41443,77.93758,336.48,0.4,0.44,2024-03-14,824,N20,VIIRS,l,2,309.52,3.0,D,0
17.4927,77.83493,342.44,0.4,0.44,2024-03-14,824,N20,VIIRS,l,2,313.03,6.02,D,0
17.5127,77.79812,347.25,0.39,0.44,2024-03-14,824,N20,VIIRS,n,2,314.01,5.1,D,0
17.56313,77.23171,350.45,0.55,0.43,2024-03-14,824,N20,VIIRS,l,2,321.45,24.15,D,0
17.68294,80.35538,330.36,0.58,0.52,2024-03-14,824,N20,VIIRS,l,2,301.59,2.83,D,0
17.68773,80.35464,330.04,0.58,0.52,2024-03-14,824,N20,VIIRS,l,2,301.85,2.83,D,0
17.70818,80.09955,330.55,0.56,0.51,2024-03-14,824,N20,VIIRS,n,2,300.3,2.31,D,0
17.7129,80.09896,331.66,0.56,0.51,2024-03-14,824,N20,VIIRS,n,2,300.03,2.26,D,0
17.71688,80.10735,331.66,0.56,0.51,2024-03-14,824,N20,VIIRS,n,2,299.06,5.7,D,0
17.72082,78.32341,335.49,0.43,0.46,2024-03-14,824,N20,VIIRS,l,2,308.98,3.11,D,0
17.72132,78.32734,345.97,0.43,0.46,2024-03-14,824,N20,VIIRS,n,2,310.8,6.58,D,0
17.72202,78.3239,339.94,0.43,0.46,2024-03-14,824,N20,VIIRS,n,2,309.01,3.33,D,0
17.72249,78.32784,338.9,0.43,0.46,2024-03-14,824,N20,VIIRS,l,2,310.49,4.17,D,0
17.74951,78.48169,331.29,0.44,0.46,2024-03-14,824,N20,VIIRS,l,2,305.65,2.11,D,0
17.76495,80.13544,333.54,0.56,0.51,2024-03-14,824,N20,VIIRS,n,2,301.36,4.32,D,0
17.7697,80.13495,332.54,0.56,0.51,2024-03-14,824,N20,VIIRS,n,2,302.06,4.32,D,0
17.77031,80.14027,355.36,0.56,0.51,2024-03-14,824,N20,VIIRS,n,2,301.89,18.02,D,0
17.77164,77.48676,344.78,0.57,0.43,2024-03-14,824,N20,VIIRS,l,2,316.77,7.48,D,0
17.79643,80.15841,345.34,0.56,0.52,2024-03-14,824,N20,VIIRS,n,2,303.31,9.75,D,0
17.81914,80.31259,332.24,0.58,0.52,2024-03-14,824,N20,VIIRS,l,2,303.34,5.68,D,0
17.81976,80.31794,339.19,0.58,0.52,2024-03-14,824,N20,VIIRS,n,2,302.9,4.72,D,0
17.82169,80.33463,349.02,0.58,0.52,2024-03-14,824,N20,VIIRS,n,2,303.42,11.05,D,0
17.82396,80.31221,336.88,0.58,0.52,2024-03-14,824,N20,VIIRS,n,2,303.49,9.14,D,0
17.82458,80.31757,349.39,0.58,0.52,2024-03-14,824,N20,VIIRS,n,2,305.3,11.68,D,0
17.82742,80.12495,332.87,0.56,0.51,2024-03-14,824,N20,VIIRS,n,2,301.77,2.73,D,0
17.8294,80.31715,346.23,0.58,0.52,2024-03-14,824,N20,VIIRS,n,2,303.24,11.68,D,0
17.83028,78.05319,340.59,0.41,0.45,2024-03-14,824,N20,VIIRS,n,2,310.27,5.07,D,0
17.83063,80.12213,335.8,0.56,0.51,2024-03-14,824,N20,VIIRS,n,2,302.37,3.87,D,0
17.83834,78.7133,337.51,0.45,0.47,2024-03-14,824,N20,VIIRS,n,2,306.89,6.72,D,0
17.83843,80.2699,330.14,0.57,0.52,2024-03-14,824,N20,VIIRS,n,2,297.59,5.41,D,0
17.84749,80.21888,336.33,0.57,0.52,2024-03-14,824,N20,VIIRS,n,2,301.95,4.0,D,0
17.84876,80.27521,330.76,0.57,0.52,2024-03-14,824,N20,VIIRS,l,2,302.63,7.88,D,0
17.84921,80.27802,336.64,0.57,0.52,2024-03-14,824,N20,VIIRS,n,2,301.74,8.97,D,0
17.85645,80.38176,330.14,0.58,0.52,2024-03-14,824,N20,VIIRS,l,2,300.79,4.26,D,0
17.86092,80.38412,344.73,0.58,0.52,2024-03-14,824,N20,VIIRS,n,2,303.71,7.21,D,0
17.86127,80.38116,342.85,0.58,0.52,2024-03-14,824,N20,VIIRS,n,2,304.36,10.5,D,0
17.86153,80.3897,334.86,0.58,0.52,2024-03-14,824,N20,VIIRS,n,2,303.57,7.21,D,0
17.86193,80.38673,336.87,0.58,0.52,2024-03-14,824,N20,VIIRS,n,2,302.55,10.5,D,0
17.86258,80.39233,338.34,0.58,0.52,2024-03-14,824,N20,VIIRS,n,2,303.31,4.33,D,0
17.86596,80.21115,343.6,0.57,0.52,2024-03-14,824,N20,VIIRS,n,2,302.61,8.87,D,0
17.86636,80.38914,344.82,0.58,0.52,2024-03-14,824,N20,VIIRS,n,2,303.02,7.21,D,0
17.86741,80.39178,332.97,0.58,0.52,2024-03-14,824,N20,VIIRS,n,2,301.84,4.33,D,0
17.87118,80.38855,340.62,0.58,0.52,2024-03-14,824,N20,VIIRS,n,2,301.22,9.28,D,0
17.87664,80.39365,338.9,0.58,0.52,2024-03-14,824,N20,VIIRS,n,2,301.28,4.84,D,0
17.89771,80.27773,337.62,0.57,0.52,2024-03-14,824,N20,VIIRS,n,2,300.04,9.2,D,0
17.89837,80.28357,343.4,0.57,0.52,2024-03-14,824,N20,VIIRS,n,2,301.33,9.2,D,0
17.90077,78.17915,340.52,0.42,0.45,2024-03-14,824,N20,VIIRS,n,2,309.92,3.78,D,0
17.90252,80.27737,342.82,0.57,0.52,2024-03-14,824,N20,VIIRS,n,2,299.44,9.2,D,0
17.90318,80.28316,349.31,0.57,0.52,2024-03-14,824,N20,VIIRS,n,2,302.4,9.2,D,0
17.92379,80.42102,330.33,0.59,0.53,2024-03-14,824,N20,VIIRS,l,2,301.06,6.68,D,0
17.92399,80.12903,345.92,0.56,0.52,2024-03-14,824,N20,VIIRS,n,2,304.84,13.73,D,0
17.92484,80.17729,338.55,0.57,0.52,2024-03-14,824,N20,VIIRS,n,2,303.75,5.2,D,0
17.92502,80.12684,350.98,0.56,0.52,2024-03-14,824,N20,VIIRS,n,2,304.11,13.91,D,0
17.92864,80.42062,340.58,0.59,0.53,2024-03-14,824,N20,VIIRS,n,2,301.22,6.68,D,0
17.92927,80.42611,341.58,0.59,0.53,2024-03-14,824,N20,VIIRS,n,2,300.98,6.68,D,0
17.93995,78.95863,332.5,0.47,0.48,2024-03-14,824,N20,VIIRS,l,2,305.18,2.31,D,0
17.9502,80.48016,343.1,0.59,0.53,2024-03-14,824,N20,VIIRS,n,2,304.49,10.71,D,0
17.95594,78.72534,331.23,0.46,0.47,2024-03-14,824,N20,VIIRS,l,2,302.9,3.8,D,0
17.96116,80.32152,330.45,0.58,0.52,2024-03-14,824,N20,VIIRS,l,2,302.82,3.77,D,0
17.96556,80.31898,334.48,0.58,0.52,2024-03-14,824,N20,VIIRS,n,2,303.06,6.86,D,0
17.96596,80.32087,330.3,0.58,0.52,2024-03-14,824,N20,VIIRS,l,2,302.48,3.77,D,0
17.97585,80.02479,339.4,0.55,0.51,2024-03-14,824,N20,VIIRS,n,2,303.02,8.04,D,0
17.9782,78.1741,336.14,0.42,0.45,2024-03-14,824,N20,VIIRS,n,2,305.14,3.45,D,0
18.02781,81.45074,367.0,0.34,0.56,2024-03-14,824,N20,VIIRS,h,2,299.51,5.83,D,0
18.04079,80.42265,338.82,0.59,0.53,2024-03-14,824,N20,VIIRS,n,2,301.75,7.79,D,0
18.04342,80.36009,340.18,0.58,0.52,2024-03-14,824,N20,VIIRS,n,2,301.0,4.16,D,0
18.04382,77.80582,355.61,0.4,0.44,2024-03-14,824,N20,VIIRS,n,2,312.86,9.66,D,0
18.0669,80.01141,332.03,0.55,0.51,2024-03-14,824,N20,VIIRS,l,2,302.46,4.93,D,0
18.0675,80.01669,335.91,0.55,0.51,2024-03-14,824,N20,VIIRS,n,2,302.04,2.84,D,0
18.08357,81.41689,331.43,0.34,0.56,2024-03-14,824,N20,VIIRS,n,2,299.01,1.63,D,0
18.08875,81.41623,331.01,0.34,0.56,2024-03-14,824,N20,VIIRS,n,2,298.35,1.34,D,0
18.10298,78.74653,338.83,0.46,0.47,2024-03-14,824,N20,VIIRS,n,2,304.83,2.41,D,0
18.13137,81.47127,339.62,0.35,0.56,2024-03-14,824,N20,VIIRS,n,2,299.66,4.24,D,0
18.13812,78.25343,339.33,0.43,0.46,2024-03-14,824,N20,VIIRS,n,2,309.12,4.14,D,0
18.16037,80.19539,330.49,0.57,0.52,2024-03-14,824,N20,VIIRS,n,2,300.3,4.74,D,0
18.16894,80.44981,330.66,0.59,0.53,2024-03-14,824,N20,VIIRS,n,2,300.14,3.52,D,0
18.20684,78.07901,342.25,0.42,0.45,2024-03-14,824,N20,VIIRS,n,2,313.19,3.67,D,0
18.22949,80.245,342.84,0.58,0.52,2024-03-14,824,N20,VIIRS,n,2,300.74,10.37,D,0
18.24902,78.62883,349.65,0.45,0.47,2024-03-14,824,N20,VIIRS,n,2,307.69,6.44,D,0
18.29713,77.97547,349.27,0.41,0.45,2024-03-14,824,N20,VIIRS,n,2,313.05,6.71,D,0
18.30671,78.08551,339.03,0.42,0.45,2024-03-14,824,N20,VIIRS,l,2,313.8,5.44,D,0
18.32362,77.79219,341.19,0.4,0.44,2024-03-14,824,N20,VIIRS,n,2,311.41,4.4,D,0
18.32409,77.79604,344.02,0.4,0.44,2024-03-14,824,N20,VIIRS,n,2,311.06,4.89,D,0
18.33219,80.75389,334.07,0.62,0.54,2024-03-14,824,N20,VIIRS,n,2,298.96,5.25,D,0
18.3333,80.7561,333.81,0.63,0.54,2024-03-14,824,N20,VIIRS,n,2,298.97,4.3,D,0
18.33723,78.47159,344.55,0.44,0.46,2024-03-14,824,N20,VIIRS,n,2,310.53,3.85,D,0
18.3415,78.47102,342.31,0.44,0.46,2024-03-14,824,N20,VIIRS,n,2,312.7,3.85,D,0
18.35257,77.96039,340.17,0.41,0.45,2024-03-14,824,N20,VIIRS,l,2,312.37,5.9,D,0
18.36693,78.53667,343.59,0.45,0.47,2024-03-14,824,N20,VIIRS,n,2,308.38,2.84,D,0
18.37122,78.53613,336.64,0.45,0.47,2024-03-14,824,N20,VIIRS,n,2,307.71,2.58,D,0
18.37782,77.96092,340.88,0.41,0.45,2024-03-14,824,N20,VIIRS,l,2,311.23,4.2,D,0
18.38103,77.95298,344.91,0.41,0.45,2024-03-14,824,N20,VIIRS,n,2,310.38,8.48,D,0
18.38417,78.25562,341.68,0.43,0.46,2024-03-14,824,N20,VIIRS,l,2,312.25,6.33,D,0
18.40451,78.57182,344.06,0.45,0.47,2024-03-14,824,N20,VIIRS,n,2,309.51,6.19,D,0
18.42732,78.05376,343.36,0.42,0.45,2024-03-14,824,N20,VIIRS,l,2,318.22,10.72,D,0
18.43525,78.25341,339.93,0.43,0.46,2024-03-14,824,N20,VIIRS,l,2,312.83,4.36,D,0
18.45066,78.34325,341.3,0.44,0.46,2024-03-14,824,N20,VIIRS,l,2,311.68,5.18,D,0
18.45399,78.44047,337.83,0.44,0.46,2024-03-14,824,N20,VIIRS,l,2,310.21,2.83,D,0
18.45451,78.44472,334.13,0.44,0.46,2024-03-14,824,N20,VIIRS,l,2,308.28,2.19,D,0
18.45842,78.65684,339.32,0.46,0.47,2024-03-14,824,N20,VIIRS,n,2,308.1,4.64,D,0
18.45889,78.40992,339.25,0.44,0.46,2024-03-14,824,N20,VIIRS,l,2,310.18,2.78,D,0
18.45941,78.41413,336.06,0.44,0.46,2024-03-14,824,N20,VIIRS,l,2,308.92,2.78,D,0
18.48723,78.56937,342.35,0.45,0.47,2024-03-14,824,N20,VIIRS,n,2,309.68,4.7,D,0
18.49876,78.57288,335.67,0.45,0.47,2024-03-14,824,N20,VIIRS,l,2,308.59,2.52,D,0
18.50069,78.57207,342.09,0.45,0.47,2024-03-14,824,N20,VIIRS,n,2,309.96,3.46,D,0
18.51598,78.57063,338.71,0.45,0.47,2024-03-14,824,N20,VIIRS,l,2,310.81,5.57,D,0
18.53364,78.68362,343.56,0.46,0.47,2024-03-14,824,N20,VIIRS,n,2,309.42,8.4,D,0
18.53548,78.19526,338.03,0.43,0.46,2024-03-14,824,N20,VIIRS,l,2,312.48,5.46,D,0
18.57167,78.16964,341.67,0.43,0.46,2024-03-14,824,N20,VIIRS,n,2,311.55,8.4,D,0
18.57216,78.17372,342.73,0.43,0.46,2024-03-14,824,N20,VIIRS,n,2,310.17,8.4,D,0
18.57261,78.53263,334.65,0.45,0.47,2024-03-14,824,N20,VIIRS,l,2,308.99,2.45,D,0
18.57434,78.65559,337.01,0.46,0.47,2024-03-14,824,N20,VIIRS,l,2,309.93,2.44,D,0
18.57921,80.54841,333.35,0.61,0.53,2024-03-14,824,N20,VIIRS,n,2,296.83,2.04,D,0
18.58766,79.59665,334.64,0.53,0.5,2024-03-14,824,N20,VIIRS,n,2,299.87,5.33,D,0
18.58883,79.60672,333.18,0.53,0.5,2024-03-14,824,N20,VIIRS,n,2,299.82,4.85,D,0
18.58945,78.67124,337.38,0.46,0.47,2024-03-14,824,N20,VIIRS,l,2,308.7,5.04,D,0
18.59344,79.60606,333.14,0.53,0.5,2024-03-14,824,N20,VIIRS,n,2,301.34,4.85,D,0
18.59433,78.67518,335.64,0.46,0.47,2024-03-14,824,N20,VIIRS,l,2,308.2,4.37,D,0
18.62153,78.66753,338.47,0.46,0.47,2024-03-14,824,N20,VIIRS,l,2,313.42,9.19,D,0
18.62642,78.59636,336.91,0.46,0.47,2024-03-14,824,N20,VIIRS,l,2,310.93,4.36,D,0
18.64529,78.04199,340.0,0.42,0.45,2024-03-14,824,N20,VIIRS,l,2,310.02,4.2,D,0
18.65154,78.26354,344.41,0.43,0.46,2024-03-14,824,N20,VIIRS,n,2,313.29,6.32,D,0
18.66135,78.52192,334.84,0.45,0.47,2024-03-14,824,N20,VIIRS,l,2,307.77,3.63,D,0
18.6756,79.55325,336.21,0.53,0.5,2024-03-14,824,N20,VIIRS,n,2,301.62,6.19,D,0
18.7128,80.36123,348.26,0.6,0.53,2024-03-14,824,N20,VIIRS,n,2,299.25,12.35,D,0
18.7149,80.36385,350.19,0.59,0.53,2024-03-14,824,N20,VIIRS,n,2,299.53,12.97,D,0
18.71523,78.22191,367.0,0.43,0.46,2024-03-14,824,N20,VIIRS,h,2,314.64,10.57,D,0
18.71574,78.22614,351.09,0.43,0.46,2024-03-14,824,N20,VIIRS,n,2,312.13,7.38,D,0
18.72047,78.22976,337.85,0.43,0.46,2024-03-14,824,N20,VIIRS,l,2,312.68,9.9,D,0
18.72054,79.53774,333.47,0.53,0.5,2024-03-14,824,N20,VIIRS,l,2,304.41,6.61,D,2
18.73716,80.96715,338.54,0.33,0.55,2024-03-14,824,N20,VIIRS,n,2,298.72,2.71,D,0
18.74445,80.2903,330.25,0.59,0.53,2024-03-14,824,N20,VIIRS,n,2,297.49,6.02,D,0
18.76196,80.35959,349.05,0.6,0.53,2024-03-14,824,N20,VIIRS,n,2,300.72,21.19,D,0
18.76261,80.36545,342.19,0.6,0.53,2024-03-14,824,N20,VIIRS,n,2,297.89,21.19,D,0
18.76689,81.34012,334.21,0.35,0.56,2024-03-14,824,N20,VIIRS,n,2,298.64,2.42,D,0
18.79752,79.4392,336.73,0.52,0.5,2024-03-14,824,N20,VIIRS,n,2,300.97,4.55,D,0
18.80936,77.93697,343.5,0.42,0.45,2024-03-14,824,N20,VIIRS,n,2,313.52,7.21,D,0
18.81512,78.19383,334.88,0.43,0.46,2024-03-14,824,N20,VIIRS,l,2,306.96,2.84,D,0
18.85321,77.20139,344.97,0.57,0.43,2024-03-14,824,N20,VIIRS,n,2,312.96,10.72,D,0
18.86109,80.24492,333.32,0.59,0.53,2024-03-14,824,N20,VIIRS,n,2,300.94,6.37,D,0
18.89023,80.59985,331.34,0.62,0.54,2024-03-14,824,N20,VIIRS,n,2,297.24,5.14,D,0
18.89087,77.43185,340.29,0.39,0.44,2024-03-14,824,N20,VIIRS,l,2,314.59,4.6,D,0
18.91287,81.35553,339.96,0.35,0.57,2024-03-14,824,N20,VIIRS,n,2,300.4,3.19,D,0
18.91358,80.76845,330.9,0.32,0.54,2024-03-14,824,N20,VIIRS,n,2,298.25,2.78,D,0
18.92925,80.20605,330.85,0.59,0.52,2024-03-14,824,N20,VIIRS,n,2,297.89,5.41,D,0
18.93675,78.62271,335.26,0.46,0.47,2024-03-14,824,N20,VIIRS,l,2,308.48,1.98,D,0
18.94134,79.31061,341.51,0.51,0.49,2024-03-14,824,N20,VIIRS,n,2,302.11,4.31,D,0
18.94533,79.3051,338.54,0.51,0.49,2024-03-14,824,N20,VIIRS,n,2,301.34,3.78,D,0
18.94742,81.28172,336.04,0.34,0.56,2024-03-14,824,N20,VIIRS,n,2,301.21,4.78,D,0
18.94955,78.87495,342.52,0.48,0.48,2024-03-14,824,N20,VIIRS,n,2,308.4,4.71,D,0
18.96328,78.76444,335.2,0.47,0.48,2024-03-14,824,N20,VIIRS,l,2,309.77,2.31,D,0
18.97948,79.2813,347.97,0.51,0.49,2024-03-14,824,N20,VIIRS,n,2,302.91,6.64,D,0
18.98557,78.8029,355.46,0.48,0.48,2024-03-14,824,N20,VIIRS,n,2,309.9,7.12,D,0
18.98997,78.80238,333.41,0.48,0.48,2024-03-14,824,N20,VIIRS,l,2,307.88,7.12,D,0
18.9905,78.8069,343.87,0.48,0.48,2024-03-14,824,N20,VIIRS,n,2,309.28,6.12,D,0
18.99103,78.81143,342.18,0.48,0.48,2024-03-14,824,N20,VIIRS,n,2,307.76,6.12,D,0
18.99373,77.24805,346.03,0.57,0.43,2024-03-14,824,N20,VIIRS,l,2,316.16,7.95,D,0
18.99434,77.42971,344.98,0.39,0.44,2024-03-14,824,N20,VIIRS,n,2,315.44,4.35,D,0
19.00531,78.8189,344.45,0.48,0.48,2024-03-14,824,N20,VIIRS,n,2,307.94,5.62,D,0
19.00849,78.84606,342.73,0.48,0.48,2024-03-14,824,N20,VIIRS,n,2,306.43,8.48,D,0
19.00902,78.85062,330.65,0.48,0.48,2024-03-14,824,N20,VIIRS,l,2,305.36,5.79,D,0
19.00973,78.81837,347.64,0.48,0.48,2024-03-14,824,N20,VIIRS,n,2,308.71,5.62,D,0
19.01055,78.7496,334.37,0.47,0.48,2024-03-14,824,N20,VIIRS,l,2,305.86,2.42,D,0
19.02173,81.24036,336.92,0.34,0.56,2024-03-14,824,N20,VIIRS,n,2,299.76,2.29,D,0
19.02228,78.84892,338.19,0.48,0.48,2024-03-14,824,N20,VIIRS,l,2,308.3,5.35,D,0
19.03388,78.57525,339.71,0.46,0.47,2024-03-14,824,N20,VIIRS,n,2,309.69,1.04,D,0
19.03523,78.57207,342.49,0.46,0.47,2024-03-14,824,N20,VIIRS,n,2,311.36,4.29,D,0
19.04944,78.77648,334.0,0.47,0.48,2024-03-14,824,N20,VIIRS,l,2,307.51,4.04,D,0
19.06223,81.06458,331.17,0.33,0.56,2024-03-14,824,N20,VIIRS,n,2,299.45,1.8,D,0
19.10552,77.82439,343.0,0.41,0.45,2024-03-14,824,N20,VIIRS,n,2,314.35,3.19,D,0
19.1098,79.16644,338.84,0.5,0.49,2024-03-14,824,N20,VIIRS,l,2,309.63,7.48,D,0
19.11137,79.16368,345.89,0.5,0.49,2024-03-14,824,N20,VIIRS,n,2,311.45,5.58,D,0
19.1161,79.08407,333.15,0.5,0.49,2024-03-14,824,N20,VIIRS,l,2,306.38,7.02,D,0
19.11859,81.49632,342.18,0.36,0.57,2024-03-14,824,N20,VIIRS,n,2,298.94,2.65,D,0
19.12032,78.88444,334.16,0.48,0.48,2024-03-14,824,N20,VIIRS,l,2,307.87,2.66,D,0
19.12059,79.08347,352.56,0.5,0.49,2024-03-14,824,N20,VIIRS,n,2,307.51,7.02,D,0
19.12204,79.17701,345.77,0.5,0.49,2024-03-14,824,N20,VIIRS,n,2,314.01,9.57,D,0
19.12774,79.10627,332.44,0.5,0.49,2024-03-14,824,N20,VIIRS,l,2,305.4,4.1,D,0
19.12825,79.11066,332.54,0.5,0.49,2024-03-14,824,N20,VIIRS,l,2,305.09,4.45,D,0
19.12903,79.07762,332.06,0.5,0.49,2024-03-14,824,N20,VIIRS,l,2,304.66,1.7,D,0
19.13,80.08747,346.33,0.58,0.52,2024-03-14,824,N20,VIIRS,n,2,299.18,10.67,D,0
19.1332,79.11404,338.63,0.5,0.49,2024-03-14,824,N20,VIIRS,n,2,307.2,4.45,D,0
19.13352,79.07702,338.25,0.5,0.49,2024-03-14,824,N20,VIIRS,n,2,305.3,3.34,D,0
19.1419,78.689,341.19,0.47,0.48,2024-03-14,824,N20,VIIRS,n,2,308.75,4.52,D,0
19.1426,79.11633,335.37,0.5,0.49,2024-03-14,824,N20,VIIRS,l,2,307.71,3.13,D,0
19.14445,78.43779,346.77,0.45,0.47,2024-03-14,824,N20,VIIRS,n,2,311.61,5.03,D,0
19.14465,78.67497,339.66,0.47,0.48,2024-03-14,824,N20,VIIRS,l,2,310.45,3.77,D,0
19.14492,78.44182,335.41,0.45,0.47,2024-03-14,824,N20,VIIRS,l,2,310.25,5.03,D,0
19.14698,77.28783,351.9,0.39,0.44,2024-03-14,824,N20,VIIRS,n,2,308.72,4.05,D,0
19.14987,78.7926,332.69,0.48,0.48,2024-03-14,824,N20,VIIRS,l,2,305.64,5.34,D,0
19.15103,79.11026,334.47,0.5,0.49,2024-03-14,824,N20,VIIRS,l,2,307.8,3.16,D,0
19.16315,78.75438,337.66,0.47,0.48,2024-03-14,824,N20,VIIRS,n,2,307.49,4.27,D,0
19.16319,78.75432,338.62,0.47,0.48,2024-03-14,824,N20,VIIRS,n,2,307.25,4.17,D,0
19.21287,79.0739,344.99,0.5,0.49,2024-03-14,824,N20,VIIRS,n,2,316.64,7.58,D,0
19.23806,79.0948,340.17,0.5,0.49,2024-03-14,824,N20,VIIRS,l,2,312.44,4.77,D,0
19.25184,78.90014,334.15,0.49,0.48,2024-03-14,824,N20,VIIRS,l,2,307.29,4.78,D,0
19.25819,78.53041,339.82,0.46,0.47,2024-03-14,824,N20,VIIRS,n,2,307.91,6.72,D,0
19.26147,78.79171,346.94,0.48,0.48,2024-03-14,824,N20,VIIRS,n,2,309.0,7.4,D,0
19.26371,78.77301,336.54,0.48,0.48,2024-03-14,824,N20,VIIRS,n,2,305.21,6.3,D,0
19.26533,78.78658,334.0,0.48,0.48,2024-03-14,824,N20,VIIRS,l,2,308.81,5.94,D,0
19.26758,78.76797,335.34,0.48,0.48,2024-03-14,824,N20,VIIRS,l,2,305.59,4.46,D,0
19.26926,78.78313,333.38,0.48,0.48,2024-03-14,824,N20,VIIRS,l,2,307.4,2.91,D,0
19.27251,78.77179,338.3,0.48,0.48,2024-03-14,824,N20,VIIRS,n,2,306.95,6.38,D,0
19.27638,77.04982,342.19,0.56,0.43,2024-03-14,824,N20,VIIRS,n,2,315.81,10.79,D,0
19.29356,77.33844,344.11,0.39,0.44,2024-03-14,824,N20,VIIRS,n,2,313.81,2.02,D,0
19.30751,77.78593,341.9,0.41,0.45,2024-03-14,824,N20,VIIRS,n,2,311.05,2.42,D,0
19.32453,77.4211,334.65,0.39,0.44,2024-03-14,824,N20,VIIRS,l,2,308.2,2.06,D,0
19.32541,77.42109,333.04,0.39,0.44,2024-03-14,824,N20,VIIRS,l,2,307.81,2.02,D,0
19.36094,79.15173,342.02,0.51,0.49,2024-03-14,824,N20,VIIRS,n,2,312.32,6.24,D,0
19.38561,78.07858,348.05,0.43,0.46,2024-03-14,824,N20,VIIRS,n,2,316.36,8.27,D,0
19.3861,78.08264,343.72,0.43,0.46,2024-03-14,824,N20,VIIRS,n,2,312.63,5.21,D,0
19.4147,79.13998,340.44,0.51,0.49,2024-03-14,824,N20,VIIRS,l,2,312.83,3.92,D,0
19.41573,79.1366,340.26,0.51,0.49,2024-03-14,824,N20,VIIRS,l,2,313.12,8.96,D,0
19.41923,79.13943,338.45,0.51,0.49,2024-03-14,824,N20,VIIRS,l,2,312.07,4.1,D,0
19.44948,79.47766,332.85,0.53,0.5,2024-03-14,824,N20,VIIRS,l,2,307.52,4.71,D,0
19.46189,79.47263,353.7,0.53,0.5,2024-03-14,824,N20,VIIRS,n,2,308.39,10.09,D,0
19.46273,79.47042,339.0,0.53,0.5,2024-03-14,824,N20,VIIRS,n,2,305.96,5.1,D,0
19.46334,79.4757,339.91,0.53,0.5,2024-03-14,824,N20,VIIRS,n,2,307.21,5.1,D,0
19.51078,79.97186,333.43,0.57,0.52,2024-03-14,824,N20,VIIRS,l,2,303.9,3.96,D,0
19.51596,79.97391,333.2,0.57,0.52,2024-03-14,824,N20,VIIRS,l,2,304.61,1.24,D,0
19.52076,79.97335,330.38,0.57,0.52,2024-03-14,824,N20,VIIRS,l,2,304.82,1.24,D,0
19.52096,79.97619,332.96,0.58,0.52,2024-03-14,824,N20,VIIRS,l,2,304.82,5.31,D,0
19.52576,79.97565,341.52,0.58,0.52,2024-03-14,824,N20,VIIRS,n,2,305.27,2.55,D,0
19.52618,79.97828,339.38,0.57,0.52,2024-03-14,824,N20,VIIRS,n,2,306.57,3.77,D,0
19.55686,80.08385,334.59,0.59,0.52,2024-03-14,824,N20,VIIRS,n,2,304.35,3.28,D,0
19.56129,79.56061,335.67,0.54,0.51,2024-03-14,824,N20,VIIRS,l,2,309.31,2.97,D,0
19.56537,79.55493,350.87,0.54,0.51,2024-03-14,824,N20,VIIRS,n,2,311.8,7.66,D,0
19.56595,79.55998,343.1,0.54,0.51,2024-03-14,824,N20,VIIRS,n,2,310.21,7.66,D,0
19.56815,79.55245,339.81,0.54,0.51,2024-03-14,824,N20,VIIRS,n,2,309.77,3.23,D,0
19.58362,79.22633,341.02,0.51,0.5,2024-03-14,824,N20,VIIRS,l,2,311.06,4.36,D,0
19.58817,79.22566,340.57,0.51,0.5,2024-03-14,824,N20,VIIRS,l,2,313.52,4.19,D,0
19.61616,79.26782,339.18,0.52,0.5,2024-03-14,824,N20,VIIRS,l,2,313.46,5.58,D,0
19.61888,79.54082,331.85,0.54,0.51,2024-03-14,824,N20,VIIRS,l,2,306.44,3.12,D,0
19.6326,79.05286,344.46,0.5,0.49,2024-03-14,824,N20,VIIRS,n,2,309.82,5.99,D,0
19.66055,81.28585,334.01,0.35,0.57,2024-03-14,824,N20,VIIRS,n,2,298.24,2.64,D,0
19.66107,81.2877,337.43,0.35,0.57,2024-03-14,824,N20,VIIRS,n,2,297.57,2.84,D,0
19.68789,78.12518,355.46,0.44,0.46,2024-03-14,824,N20,VIIRS,n,2,315.29,13.91,D,0
19.70376,77.37209,342.59,0.4,0.44,2024-03-14,824,N20,VIIRS,n,2,312.85,4.0,D,0
19.72433,78.39468,346.45,0.46,0.47,2024-03-14,824,N20,VIIRS,n,2,314.17,5.81,D,0
19.72482,78.39887,353.16,0.46,0.47,2024-03-14,824,N20,VIIRS,n,2,313.15,5.81,D,0
19.73889,78.26065,338.31,0.45,0.47,2024-03-14,824,N20,VIIRS,l,2,311.01,4.81,D,0
19.75732,77.19794,344.32,0.39,0.44,2024-03-14,824,N20,VIIRS,n,2,316.62,6.64,D,0
19.76982,78.62923,343.67,0.47,0.48,2024-03-14,824,N20,VIIRS,n,2,314.48,5.4,D,0
19.81027,78.3631,342.39,0.46,0.47,2024-03-14,824,N20,VIIRS,l,2,313.94,4.83,D,0
19.82431,78.37044,343.05,0.46,0.47,2024-03-14,824,N20,VIIRS,l,2,316.02,6.21,D,0
19.8314,80.56586,341.77,0.63,0.54,2024-03-14,824,N20,VIIRS,n,2,307.6,7.14,D,0
19.83303,80.67921,333.61,0.32,0.55,2024-03-14,824,N20,VIIRS,l,2,304.69,3.18,D,0
19.84693,77.69637,344.86,0.42,0.45,2024-03-14,824,N20,VIIRS,n,2,315.87,6.5,D,0
19.85956,80.68873,331.04,0.32,0.55,2024-03-14,824,N20,VIIRS,l,2,303.61,1.5,D,0
19.86006,80.645,334.31,0.32,0.55,2024-03-14,824,N20,VIIRS,l,2,307.07,4.47,D,0
19.8611,80.46518,335.01,0.63,0.54,2024-03-14,824,N20,VIIRS,n,2,304.9,3.51,D,0
19.86542,80.6475,332.05,0.32,0.55,2024-03-14,824,N20,VIIRS,l,2,305.24,4.24,D,0
19.86608,80.65369,334.4,0.32,0.55,2024-03-14,824,N20,VIIRS,l,2,305.91,2.0,D,0
19.86738,80.47659,330.53,0.63,0.54,2024-03-14,824,N20,VIIRS,l,2,304.44,12.21,D,0
19.8744,80.68401,332.06,0.32,0.55,2024-03-14,824,N20,VIIRS,l,2,306.04,1.6,D,0
19.87829,80.57761,341.37,0.32,0.54,2024-03-14,824,N20,VIIRS,n,2,306.28,2.71,D,0
19.88859,80.62593,339.53,0.32,0.55,2024-03-14,824,N20,VIIRS,n,2,305.41,3.07,D,0
19.88926,80.63213,332.55,0.32,0.55,2024-03-14,824,N20,VIIRS,l,2,305.87,2.68,D,0
19.89228,80.61304,331.18,0.32,0.55,2024-03-14,824,N20,VIIRS,l,2,304.35,0.88,D,0
19.89495,80.63773,344.5,0.32,0.55,2024-03-14,824,N20,VIIRS,n,2,306.4,5.05,D,0
19.89501,78.74396,345.22,0.48,0.48,2024-03-14,824,N20,VIIRS,n,2,314.64,10.18,D,0
19.89562,80.64394,330.58,0.32,0.55,2024-03-14,824,N20,VIIRS,l,2,304.31,1.52,D,0
19.89698,80.60945,330.83,0.32,0.55,2024-03-14,824,N20,VIIRS,l,2,303.73,2.15,D,0
19.89781,79.33253,335.01,0.53,0.5,2024-03-14,824,N20,VIIRS,l,2,306.51,3.91,D,0
19.90132,79.32191,347.65,0.53,0.5,2024-03-14,824,N20,VIIRS,n,2,310.84,10.38,D,0
19.90222,80.61236,334.18,0.32,0.55,2024-03-14,824,N20,VIIRS,n,2,304.86,4.61,D,0
19.90234,80.61192,333.92,0.32,0.55,2024-03-14,824,N20,VIIRS,n,2,305.08,2.42,D,0
19.90378,80.62772,334.61,0.32,0.55,2024-03-14,824,N20,VIIRS,l,2,306.55,2.77,D,0
19.90503,80.63659,331.02,0.32,0.55,2024-03-14,824,N20,VIIRS,l,2,305.12,1.53,D,0
19.90662,80.65575,330.59,0.32,0.55,2024-03-14,824,N20,VIIRS,l,2,304.95,3.31,D,0
19.90693,80.65884,338.99,0.32,0.55,2024-03-14,824,N20,VIIRS,n,2,306.78,2.81,D,0
19.90705,80.6552,334.01,0.32,0.55,2024-03-14,824,N20,VIIRS,l,2,304.69,2.43,D,0
19.90724,80.61173,347.02,0.32,0.55,2024-03-14,824,N20,VIIRS,n,2,306.02,4.61,D,0
19.90736,80.61129,335.83,0.32,0.55,2024-03-14,824,N20,VIIRS,n,2,305.66,3.19,D,0
19.90738,80.6583,336.83,0.32,0.55,2024-03-14,824,N20,VIIRS,n,2,306.33,2.43,D,0
19.90755,80.61475,367.0,0.32,0.55,2024-03-14,824,N20,VIIRS,h,2,305.35,6.9,D,0
19.90769,80.61431,367.0,0.32,0.55,2024-03-14,824,N20,VIIRS,h,2,306.71,3.19,D,0
19.91088,80.5508,335.16,0.63,0.54,2024-03-14,824,N20,VIIRS,l,2,305.34,4.66,D,0
19.91226,80.61105,337.56,0.32,0.55,2024-03-14,824,N20,VIIRS,n,2,304.31,2.13,D,0
19.91238,80.61064,341.17,0.32,0.55,2024-03-14,824,N20,VIIRS,n,2,304.47,3.19,D,0
19.92641,80.60027,332.41,0.32,0.55,2024-03-14,824,N20,VIIRS,l,2,305.51,1.49,D,0
19.92899,80.67488,337.47,0.32,0.55,2024-03-14,824,N20,VIIRS,n,2,302.94,3.03,D,0
19.93333,77.32146,345.31,0.4,0.44,2024-03-14,824,N20,VIIRS,l,2,319.61,9.01,D,0
19.94156,80.64819,339.05,0.32,0.55,2024-03-14,824,N20,VIIRS,n,2,305.31,1.76,D,0
19.94188,80.6513,330.85,0.32,0.55,2024-03-14,824,N20,VIIRS,l,2,304.69,1.76,D,0
19.94757,80.657,338.35,0.32,0.55,2024-03-14,824,N20,VIIRS,n,2,305.49,5.15,D,0
19.95284,80.75744,330.57,0.33,0.55,2024-03-14,824,N20,VIIRS,l,2,303.95,2.07,D,0
19.95762,80.46362,339.14,0.63,0.54,2024-03-14,824,N20,VIIRS,n,2,309.56,7.79,D,0
19.96118,80.78841,330.31,0.33,0.55,2024-03-14,824,N20,VIIRS,l,2,304.93,4.54,D,0
19.96373,79.98642,336.1,0.58,0.52,2024-03-14,824,N20,VIIRS,l,2,308.5,3.73,D,0
19.96679,80.74323,338.27,0.33,0.55,2024-03-14,824,N20,VIIRS,n,2,305.36,3.3,D,0
19.96758,80.60471,334.13,0.32,0.55,2024-03-14,824,N20,VIIRS,l,2,306.55,2.85,D,0
19.97087,80.05386,339.26,0.59,0.53,2024-03-14,824,N20,VIIRS,n,2,309.21,3.6,D,0
19.97256,80.46188,333.84,0.63,0.54,2024-03-14,824,N20,VIIRS,l,2,308.67,5.53,D,0
19.97449,80.47973,334.83,0.63,0.54,2024-03-14,824,N20,VIIRS,l,2,306.66,5.81,D,0
19.97502,81.12981,333.08,0.35,0.56,2024-03-14,824,N20,VIIRS,l,2,303.24,2.21,D,0
19.97825,80.95453,332.2,0.34,0.56,2024-03-14,824,N20,VIIRS,l,2,304.94,1.94,D,0
19.98396,80.76005,333.72,0.33,0.55,2024-03-14,824,N20,VIIRS,n,2,303.06,1.15,D,0
19.98779,80.55605,334.23,0.32,0.54,2024-03-14,824,N20,VIIRS,l,2,308.07,2.5,D,0
19.98811,80.55906,336.24,0.32,0.54,2024-03-14,824,N20,VIIRS,l,2,307.55,2.5,D,0
19.98942,80.57117,339.01,0.32,0.54,2024-03-14,824,N20,VIIRS,n,2,307.09,4.54,D,0
19.99444,80.57059,367.0,0.32,0.54,2024-03-14,824,N20,VIIRS,h,2,308.79,4.54,D,0
19.99569,80.82268,333.71,0.33,0.55,2024-03-14,824,N20,VIIRS,n,2,302.87,0.77,D,0
18.26751,77.15543,309.32,0.48,0.48,2024-03-14,2054,N20,VIIRS,n,2,289.22,0.97,N,0
18.26806,77.15411,307.64,0.48,0.48,2024-03-14,2054,N20,VIIRS,n,2,289.1,1.03,N,0
18.33201,80.75961,319.42,0.41,0.61,2024-03-14,2054,N20,VIIRS,n,2,291.98,2.32,N,0
18.59798,79.60967,305.95,0.34,0.56,2024-03-14,2054,N20,VIIRS,n,2,293.46,1.37,N,0
18.67676,79.55288,322.14,0.34,0.56,2024-03-14,2054,N20,VIIRS,n,2,295.51,2.29,N,0
18.72296,79.53398,307.71,0.34,0.56,2024-03-14,2054,N20,VIIRS,n,2,294.98,2.34,N,2
18.94865,79.29851,305.65,0.32,0.55,2024-03-14,2054,N20,VIIRS,n,2,294.89,1.23,N,0
18.99831,77.25803,301.34,0.48,0.48,2024-03-14,2054,N20,VIIRS,n,2,290.8,1.49,N,0
19.12596,79.11841,308.98,0.62,0.54,2024-03-14,2054,N20,VIIRS,n,2,295.54,3.25,N,0
19.127,79.11337,312.7,0.62,0.54,2024-03-14,2054,N20,VIIRS,n,2,295.63,3.92,N,0
19.12705,78.5316,303.85,0.57,0.52,2024-03-14,2054,N20,VIIRS,n,2,293.65,1.46,N,0
19.131,79.11864,309.18,0.62,0.54,2024-03-14,2054,N20,VIIRS,n,2,295.17,2.72,N,0
19.14055,78.4412,308.23,0.56,0.52,2024-03-14,2054,N20,VIIRS,n,2,294.06,1.94,N,0
19.14154,78.43632,312.04,0.56,0.52,2024-03-14,2054,N20,VIIRS,n,2,293.77,1.94,N,0
19.14623,78.77929,306.18,0.59,0.53,2024-03-14,2054,N20,VIIRS,n,2,295.31,3.79,N,0
19.14812,79.38929,310.61,0.32,0.55,2024-03-14,2054,N20,VIIRS,n,2,294.71,1.51,N,0
19.15936,77.20618,309.36,0.47,0.48,2024-03-14,2054,N20,VIIRS,n,2,289.29,1.08,N,0
19.16367,77.20712,306.07,0.47,0.48,2024-03-14,2054,N20,VIIRS,n,2,288.43,1.08,N,0
19.21793,78.71818,303.1,0.58,0.52,2024-03-14,2054,N20,VIIRS,n,2,292.81,1.33,N,0
19.22388,78.96049,306.63,0.61,0.53,2024-03-14,2054,N20,VIIRS,n,2,294.49,2.41,N,0
19.24286,78.79122,304.82,0.59,0.53,2024-03-14,2054,N20,VIIRS,n,2,294.03,1.72,N,0
19.25032,78.90354,306.18,0.6,0.53,2024-03-14,2054,N20,VIIRS,n,2,294.34,2.17,N,0
19.26456,78.87878,311.16,0.6,0.53,2024-03-14,2054,N20,VIIRS,n,2,294.93,2.34,N,0
19.26563,78.87357,309.17,0.6,0.53,2024-03-14,2054,N20,VIIRS,n,2,294.85,2.34,N,0
19.2661,78.50443,309.01,0.56,0.52,2024-03-14,2054,N20,VIIRS,n,2,292.03,1.41,N,0
19.26718,78.89036,307.43,0.6,0.53,2024-03-14,2054,N20,VIIRS,n,2,294.4,1.92,N,0
19.26781,78.86302,313.15,0.59,0.53,2024-03-14,2054,N20,VIIRS,n,2,293.29,3.24,N,0
19.26835,78.78796,306.38,0.59,0.53,2024-03-14,2054,N20,VIIRS,n,2,292.73,1.31,N,0
19.26879,78.78581,305.14,0.59,0.53,2024-03-14,2054,N20,VIIRS,n,2,292.87,1.81,N,0
19.27255,78.84001,311.5,0.59,0.53,2024-03-14,2054,N20,VIIRS,n,2,294.27,3.12,N,0
19.27427,78.78341,304.34,0.59,0.53,2024-03-14,2054,N20,VIIRS,n,2,292.87,1.31,N,0
19.2754,78.77789,304.88,0.59,0.53,2024-03-14,2054,N20,VIIRS,n,2,293.76,2.97,N,0
19.28015,78.77896,306.1,0.59,0.53,2024-03-14,2054,N20,VIIRS,n,2,293.03,1.13,N,0
19.28351,78.76266,304.98,0.59,0.53,2024-03-14,2054,N20,VIIRS,n,2,293.79,1.89,N,0
19.29308,79.19392,304.5,0.62,0.54,2024-03-14,2054,N20,VIIRS,n,2,293.17,2.13,N,0
19.29547,79.20687,305.18,0.63,0.54,2024-03-14,2054,N20,VIIRS,n,2,293.05,1.98,N,0
19.30647,78.72321,303.27,0.58,0.52,2024-03-14,2054,N20,VIIRS,n,2,292.98,1.43,N,0
19.34694,78.6698,302.47,0.58,0.52,2024-03-14,2054,N20,VIIRS,n,2,292.31,1.14,N,0
19.45325,79.47195,304.04,0.32,0.55,2024-03-14,2054,N20,VIIRS,n,2,293.15,1.74,N,0
19.46442,79.46809,310.7,0.32,0.55,2024-03-14,2054,N20,VIIRS,n,2,293.67,1.26,N,0
19.51281,79.38482,311.86,0.32,0.54,2024-03-14,2054,N20,VIIRS,n,2,293.93,2.04,N,0
19.51548,79.37196,304.51,0.64,0.54,2024-03-14,2054,N20,VIIRS,n,2,294.1,2.79,N,0
19.51783,79.38541,309.73,0.32,0.54,2024-03-14,2054,N20,VIIRS,n,2,294.49,2.04,N,0
19.52619,80.09898,306.03,0.35,0.57,2024-03-14,2054,N20,VIIRS,n,2,294.02,1.45,N,0
19.5273,80.09959,308.3,0.35,0.57,2024-03-14,2054,N20,VIIRS,n,2,294.52,1.7,N,0
19.52798,80.09644,307.89,0.35,0.57,2024-03-14,2054,N20,VIIRS,n,2,294.07,1.7,N,0
19.53199,80.097,317.89,0.35,0.57,2024-03-14,2054,N20,VIIRS,n,2,295.17,1.45,N,0
19.53311,80.09765,334.18,0.35,0.57,2024-03-14,2054,N20,VIIRS,n,2,296.54,1.7,N,0
19.53645,80.10146,319.05,0.35,0.57,2024-03-14,2054,N20,VIIRS,n,2,295.33,2.39,N,0
19.53711,80.09828,331.08,0.35,0.57,2024-03-14,2054,N20,VIIRS,n,2,295.2,2.39,N,0
19.53755,80.10208,309.83,0.35,0.57,2024-03-14,2054,N20,VIIRS,n,2,294.9,1.24,N,0
19.53824,80.09891,310.89,0.35,0.57,2024-03-14,2054,N20,VIIRS,n,2,293.93,1.24,N,0
19.59093,79.22874,302.71,0.62,0.54,2024-03-14,2054,N20,VIIRS,n,2,292.09,1.22,N,0
19.60491,79.59273,304.35,0.33,0.55,2024-03-14,2054,N20,VIIRS,n,2,292.97,0.73,N,0
19.6099,79.59378,307.88,0.33,0.55,2024-03-14,2054,N20,VIIRS,n,2,293.49,1.28,N,0
19.69593,79.07696,305.12,0.6,0.53,2024-03-14,2054,N20,VIIRS,n,2,293.95,1.89,N,0
19.73904,78.25439,306.71,0.53,0.5,2024-03-14,2054,N20,VIIRS,n,2,292.46,1.7,N,0
19.78546,79.14769,306.95,0.61,0.53,2024-03-14,2054,N20,VIIRS,n,2,294.98,2.01,N,2
19.89543,78.73022,316.85,0.57,0.52,2024-03-14,2054,N20,VIIRS,n,2,292.76,3.16,N,0
19.91549,79.3057,303.08,0.62,0.54,2024-03-14,2054,N20,VIIRS,n,2,292.8,0.98,N,0
19.92046,78.73632,303.49,0.57,0.52,2024-03-14,2054,N20,VIIRS,n,2,293.18,0.77,N,0
19.92166,79.1151,304.8,0.6,0.53,2024-03-14,2054,N20,VIIRS,n,2,293.71,1.14,N,0
19.92362,78.73595,305.55,0.57,0.52,2024-03-14,2054,N20,VIIRS,n,2,293.74,1.37,N,0
19.98219,78.74547,302.8,0.57,0.52,2024-03-14,2054,N20,VIIRS,n,2,290.49,0.88,N,0
19.98329,78.74001,306.68,0.57,0.52,2024-03-14,2054,N20,VIIRS,n,2,292.25,0.88,N,0
16.11471,78.96525,351.55,0.35,0.57,2024-03-14,2055,N20,VIIRS,n,2,295.27,6.49,N,0
16.11492,79.07046,303.14,0.35,0.57,2024-03-14,2055,N20,VIIRS,n,2,291.53,0.91,N,0
16.11534,78.96215,304.3,0.35,0.57,2024-03-14,2055,N20,VIIRS,n,2,292.39,3.32,N,0
16.11682,79.061,319.22,0.35,0.57,2024-03-14,2055,N20,VIIRS,n,2,292.15,1.44,N,0
16.1218,79.06291,340.28,0.35,0.57,2024-03-14,2055,N20,VIIRS,n,2,293.25,3.74,N,0
16.12854,79.0829,312.4,0.35,0.57,2024-03-14,2055,N20,VIIRS,n,2,292.34,0.86,N,0
16.14414,78.63737,311.82,0.33,0.55,2024-03-14,2055,N20,VIIRS,n,2,293.45,1.62,N,0
17.54196,77.09631,306.6,0.49,0.49,2024-03-14,2055,N20,VIIRS,n,2,294.19,0.91,N,0
17.54283,77.00018,308.04,0.49,0.48,2024-03-14,2055,N20,VIIRS,n,2,292.8,1.02,N,0
17.59753,77.14126,311.19,0.5,0.49,2024-03-14,2055,N20,VIIRS,n,2,292.53,1.08,N,0
17.67142,77.57241,305.38,0.53,0.5,2024-03-14,2055,N20,VIIRS,n,2,290.29,1.03,N,0
