latitude,longitude,bright_ti4,scan,track,acq_date,acq_time,satellite,instrument,confidence,version,bright_ti5,frp,daynight,type
15.54221,80.17217,336.94,0.42,0.38,2022-03-11,745,N20,VIIRS,n,2,304.0,3.26,D,0
15.62361,78.97881,330.04,0.48,0.4,2022-03-11,745,N20,VIIRS,l,2,304.64,2.39,D,0
15.62364,78.69179,340.92,0.49,0.4,2022-03-11,745,N20,VIIRS,n,2,303.85,6.3,D,0
15.62409,78.67232,332.76,0.49,0.4,2022-03-11,745,N20,VIIRS,l,2,304.84,1.94,D,0
15.62602,78.50568,335.68,0.5,0.41,2022-03-11,745,N20,VIIRS,n,2,308.77,5.77,D,0
15.62605,78.99343,334.38,0.48,0.4,2022-03-11,745,N20,VIIRS,l,2,307.84,3.67,D,0
15.62891,78.9882,335.01,0.48,0.4,2022-03-11,745,N20,VIIRS,l,2,306.68,3.67,D,0
15.64903,78.66262,337.38,0.49,0.41,2022-03-11,745,N20,VIIRS,n,2,307.31,3.24,D,0
15.66001,79.90015,334.75,0.43,0.38,2022-03-11,745,N20,VIIRS,l,2,307.86,5.59,D,0
15.66959,78.71653,339.98,0.49,0.4,2022-03-11,745,N20,VIIRS,n,2,306.22,4.75,D,0
15.68933,78.87741,337.59,0.48,0.4,2022-03-11,745,N20,VIIRS,l,2,309.6,3.47,D,0
15.69007,78.88178,333.86,0.48,0.4,2022-03-11,745,N20,VIIRS,l,2,308.27,3.47,D,0
15.69082,78.88622,341.34,0.48,0.4,2022-03-11,745,N20,VIIRS,n,2,309.4,4.21,D,0
15.70102,78.83543,331.85,0.48,0.4,2022-03-11,745,N20,VIIRS,l,2,306.57,3.43,D,0
15.70241,78.84364,334.11,0.48,0.4,2022-03-11,745,N20,VIIRS,l,2,307.22,7.02,D,0
15.70396,78.83053,331.03,0.48,0.4,2022-03-11,745,N20,VIIRS,l,2,303.9,3.43,D,0
15.70468,78.8348,338.36,0.48,0.4,2022-03-11,745,N20,VIIRS,n,2,305.77,3.43,D,0
15.70616,78.82127,337.83,0.48,0.4,2022-03-11,745,N20,VIIRS,n,2,304.3,4.57,D,0
15.74018,78.80208,340.95,0.48,0.4,2022-03-11,745,N20,VIIRS,n,2,306.61,3.9,D,0
15.7473,79.04446,334.85,0.47,0.4,2022-03-11,745,N20,VIIRS,l,2,306.62,3.52,D,0
15.77765,79.04822,350.19,0.47,0.4,2022-03-11,745,N20,VIIRS,n,2,302.27,4.8,D,0
15.77811,79.04482,345.63,0.47,0.4,2022-03-11,745,N20,VIIRS,n,2,307.51,11.52,D,0
15.77814,78.89199,333.07,0.48,0.4,2022-03-11,745,N20,VIIRS,l,2,303.39,2.47,D,0
15.77838,79.0526,334.62,0.47,0.4,2022-03-11,745,N20,VIIRS,n,2,303.92,2.71,D,0
15.77886,79.04916,367.0,0.47,0.4,2022-03-11,745,N20,VIIRS,h,2,306.04,11.52,D,0
15.77956,79.03149,335.16,0.47,0.4,2022-03-11,745,N20,VIIRS,n,2,303.68,22.28,D,0
15.78027,79.03563,367.0,0.47,0.4,2022-03-11,745,N20,VIIRS,h,2,327.88,63.33,D,0
15.78098,79.03983,345.95,0.47,0.4,2022-03-11,745,N20,VIIRS,n,2,303.73,63.33,D,0
15.7817,79.04408,344.0,0.47,0.4,2022-03-11,745,N20,VIIRS,n,2,305.74,11.52,D,0
15.78172,78.89101,340.08,0.48,0.4,2022-03-11,745,N20,VIIRS,n,2,309.16,11.9,D,0
15.78244,79.04838,338.25,0.47,0.4,2022-03-11,745,N20,VIIRS,n,2,306.7,11.52,D,0
15.78251,78.89565,332.94,0.48,0.4,2022-03-11,745,N20,VIIRS,n,2,302.83,11.9,D,0
15.78455,79.03897,330.58,0.47,0.4,2022-03-11,745,N20,VIIRS,n,2,304.01,3.02,D,0
15.78608,78.89463,333.24,0.48,0.4,2022-03-11,745,N20,VIIRS,n,2,303.09,11.9,D,0
15.78741,79.92677,341.63,0.43,0.38,2022-03-11,745,N20,VIIRS,n,2,311.07,5.24,D,0
15.78813,79.03815,334.8,0.47,0.4,2022-03-11,745,N20,VIIRS,n,2,304.55,3.02,D,0
15.79174,79.03754,331.06,0.47,0.4,2022-03-11,745,N20,VIIRS,l,2,305.17,3.74,D,0
15.79466,79.03282,332.8,0.47,0.4,2022-03-11,745,N20,VIIRS,l,2,306.91,3.74,D,0
15.79614,79.01965,334.4,0.47,0.4,2022-03-11,745,N20,VIIRS,l,2,304.62,16.25,D,0
15.7983,79.03235,339.67,0.47,0.4,2022-03-11,745,N20,VIIRS,n,2,306.15,8.1,D,0
15.79977,79.01909,342.75,0.47,0.4,2022-03-11,745,N20,VIIRS,n,2,309.3,16.25,D,0
15.80049,79.02335,343.03,0.47,0.4,2022-03-11,745,N20,VIIRS,n,2,306.28,18.23,D,0
15.80339,79.01848,348.29,0.47,0.4,2022-03-11,745,N20,VIIRS,n,2,302.79,6.74,D,0
15.80626,79.03545,332.44,0.47,0.4,2022-03-11,745,N20,VIIRS,n,2,304.65,1.83,D,0
15.8146,78.97472,349.1,0.47,0.4,2022-03-11,745,N20,VIIRS,n,2,308.67,4.17,D,0
15.81767,78.99289,336.21,0.47,0.4,2022-03-11,745,N20,VIIRS,n,2,304.66,6.8,D,0
15.81874,78.73154,348.19,0.49,0.4,2022-03-11,745,N20,VIIRS,n,2,310.82,30.77,D,0
15.81921,79.00204,332.78,0.47,0.4,2022-03-11,745,N20,VIIRS,l,2,305.42,5.14,D,0
15.82164,78.72631,335.06,0.49,0.4,2022-03-11,745,N20,VIIRS,l,2,307.71,6.61,D,0
15.82239,78.73082,349.47,0.49,0.4,2022-03-11,745,N20,VIIRS,n,2,310.69,6.61,D,0
15.82292,78.80157,340.64,0.48,0.4,2022-03-11,745,N20,VIIRS,n,2,304.82,4.83,D,0
15.82315,78.73534,335.67,0.49,0.4,2022-03-11,745,N20,VIIRS,l,2,307.28,4.2,D,0
15.82468,78.74454,343.98,0.49,0.4,2022-03-11,745,N20,VIIRS,n,2,307.67,8.3,D,0
15.82587,78.73206,340.23,0.49,0.4,2022-03-11,745,N20,VIIRS,n,2,306.35,6.14,D,0
15.82605,78.73013,334.18,0.49,0.4,2022-03-11,745,N20,VIIRS,n,2,305.65,6.61,D,0
15.82619,78.75354,342.38,0.49,0.4,2022-03-11,745,N20,VIIRS,n,2,308.26,6.89,D,0
15.82729,78.80521,333.37,0.48,0.4,2022-03-11,745,N20,VIIRS,l,2,303.48,4.41,D,0
15.82822,78.74564,333.87,0.49,0.4,2022-03-11,745,N20,VIIRS,n,2,308.08,3.39,D,0
15.83088,78.80421,333.55,0.48,0.4,2022-03-11,745,N20,VIIRS,l,2,304.58,4.41,D,0
15.8335,78.95406,338.72,0.47,0.4,2022-03-11,745,N20,VIIRS,n,2,304.69,2.91,D,0
15.83636,78.94883,334.14,0.47,0.4,2022-03-11,745,N20,VIIRS,l,2,304.58,3.75,D,0
15.8371,78.95325,354.13,0.47,0.4,2022-03-11,745,N20,VIIRS,n,2,306.31,6.85,D,0
15.83716,78.97581,346.84,0.47,0.4,2022-03-11,745,N20,VIIRS,n,2,306.68,6.0,D,0
15.8379,78.98026,335.7,0.47,0.4,2022-03-11,745,N20,VIIRS,n,2,306.85,4.11,D,0
15.84139,78.95655,332.4,0.47,0.4,2022-03-11,745,N20,VIIRS,l,2,305.43,6.85,D,0
15.84283,78.96517,339.28,0.47,0.4,2022-03-11,745,N20,VIIRS,n,2,305.99,4.21,D,0
15.84349,78.94681,341.6,0.47,0.4,2022-03-11,745,N20,VIIRS,n,2,307.83,3.04,D,0
15.84773,78.79306,342.93,0.48,0.4,2022-03-11,745,N20,VIIRS,n,2,308.61,6.48,D,0
15.86598,78.78979,331.76,0.48,0.4,2022-03-11,745,N20,VIIRS,l,2,306.22,5.73,D,0
15.87095,78.77479,334.01,0.48,0.4,2022-03-11,745,N20,VIIRS,l,2,306.93,4.85,D,0
15.87384,78.76965,336.04,0.48,0.4,2022-03-11,745,N20,VIIRS,n,2,306.29,5.42,D,0
15.8746,78.77413,347.5,0.48,0.4,2022-03-11,745,N20,VIIRS,n,2,306.23,4.85,D,0
15.8834,78.86969,333.16,0.48,0.4,2022-03-11,745,N20,VIIRS,l,2,306.21,3.86,D,0
15.89001,78.86452,346.57,0.48,0.4,2022-03-11,745,N20,VIIRS,n,2,304.33,10.52,D,0
15.8966,78.88122,333.39,0.48,0.4,2022-03-11,745,N20,VIIRS,l,2,304.54,2.4,D,0
15.89662,78.90334,338.53,0.48,0.4,2022-03-11,745,N20,VIIRS,n,2,306.92,5.19,D,0
15.90853,78.79665,338.73,0.48,0.4,2022-03-11,745,N20,VIIRS,n,2,305.46,4.74,D,0
15.91068,78.78711,349.77,0.48,0.4,2022-03-11,745,N20,VIIRS,n,2,308.45,8.44,D,0
15.91143,78.79156,332.1,0.48,0.4,2022-03-11,745,N20,VIIRS,l,2,305.08,8.44,D,0
15.91644,79.75714,337.84,0.44,0.38,2022-03-11,745,N20,VIIRS,l,2,308.12,10.28,D,0
15.92871,78.96062,351.41,0.47,0.4,2022-03-11,745,N20,VIIRS,n,2,315.55,44.76,D,0
15.93013,78.96909,342.73,0.47,0.4,2022-03-11,745,N20,VIIRS,n,2,307.7,7.11,D,0
15.93085,78.97337,337.49,0.47,0.4,2022-03-11,745,N20,VIIRS,n,2,309.14,3.21,D,0
15.93158,78.9777,340.25,0.47,0.4,2022-03-11,745,N20,VIIRS,n,2,307.07,3.21,D,0
15.93303,78.9642,351.61,0.47,0.4,2022-03-11,745,N20,VIIRS,n,2,311.41,8.91,D,0
15.93375,78.96849,337.59,0.47,0.4,2022-03-11,745,N20,VIIRS,l,2,308.46,8.91,D,0
15.93522,78.97722,340.47,0.47,0.4,2022-03-11,745,N20,VIIRS,n,2,307.89,4.47,D,0
15.93884,78.97659,339.66,0.47,0.4,2022-03-11,745,N20,VIIRS,n,2,307.16,4.47,D,0
15.9439,78.98454,333.25,0.47,0.4,2022-03-11,745,N20,VIIRS,l,2,307.91,2.31,D,0
15.94669,79.32993,348.31,0.45,0.39,2022-03-11,745,N20,VIIRS,n,2,310.77,6.08,D,0
15.94675,78.97933,334.02,0.47,0.4,2022-03-11,745,N20,VIIRS,l,2,306.27,2.31,D,0
15.95024,79.32929,341.82,0.45,0.39,2022-03-11,745,N20,VIIRS,n,2,310.11,3.22,D,0
15.9584,78.73779,337.94,0.48,0.4,2022-03-11,745,N20,VIIRS,n,2,307.32,6.01,D,0
15.96053,78.72821,339.53,0.48,0.4,2022-03-11,745,N20,VIIRS,n,2,306.79,4.89,D,0
15.96129,78.73266,332.22,0.48,0.4,2022-03-11,745,N20,VIIRS,l,2,305.28,6.01,D,0
15.96284,78.74164,334.33,0.48,0.4,2022-03-11,745,N20,VIIRS,l,2,306.36,8.36,D,0
15.96418,78.72749,339.19,0.48,0.4,2022-03-11,745,N20,VIIRS,n,2,305.73,2.05,D,0
15.97216,78.90829,354.02,0.48,0.4,2022-03-11,745,N20,VIIRS,n,2,307.13,9.57,D,0
15.97289,78.90937,346.73,0.47,0.4,2022-03-11,745,N20,VIIRS,n,2,305.9,5.74,D,0
15.97499,78.89986,334.38,0.48,0.4,2022-03-11,745,N20,VIIRS,l,2,305.38,33.36,D,0
15.98425,78.75675,333.92,0.48,0.4,2022-03-11,745,N20,VIIRS,l,2,305.63,6.37,D,0
15.99047,77.90992,341.24,0.54,0.42,2022-03-11,745,N20,VIIRS,l,2,313.29,8.65,D,0
16.00092,78.51994,337.19,0.5,0.41,2022-03-11,745,N20,VIIRS,n,2,305.72,6.47,D,0
16.00803,79.006,339.84,0.47,0.4,2022-03-11,745,N20,VIIRS,n,2,306.45,4.04,D,0
16.00877,79.01033,332.9,0.47,0.4,2022-03-11,745,N20,VIIRS,l,2,305.27,4.04,D,0
16.00924,78.92557,341.01,0.47,0.4,2022-03-11,745,N20,VIIRS,n,2,308.71,4.02,D,0
16.00999,78.92999,340.15,0.47,0.4,2022-03-11,745,N20,VIIRS,n,2,307.81,4.02,D,0
16.01225,77.8419,341.86,0.54,0.42,2022-03-11,745,N20,VIIRS,l,2,314.61,9.28,D,0
16.01645,78.6573,336.31,0.49,0.4,2022-03-11,745,N20,VIIRS,l,2,307.89,7.05,D,0
16.02737,78.61488,333.17,0.49,0.4,2022-03-11,745,N20,VIIRS,l,2,304.99,5.33,D,0
16.02815,78.61935,346.7,0.49,0.4,2022-03-11,745,N20,VIIRS,n,2,308.49,14.48,D,0
16.0288,78.61809,350.62,0.49,0.4,2022-03-11,745,N20,VIIRS,n,2,312.41,18.53,D,0
16.02892,78.62377,339.58,0.49,0.4,2022-03-11,745,N20,VIIRS,n,2,306.73,14.48,D,0
16.02955,78.62257,343.49,0.49,0.4,2022-03-11,745,N20,VIIRS,n,2,307.35,18.53,D,0
16.03181,78.61864,349.35,0.49,0.4,2022-03-11,745,N20,VIIRS,n,2,307.26,7.04,D,0
16.03622,78.46804,345.64,0.5,0.41,2022-03-11,745,N20,VIIRS,n,2,307.41,5.68,D,0
16.03682,78.53779,334.18,0.49,0.41,2022-03-11,745,N20,VIIRS,n,2,305.63,3.38,D,0
16.03857,77.92369,337.95,0.53,0.42,2022-03-11,745,N20,VIIRS,l,2,312.93,6.95,D,0
16.04416,79.00006,335.58,0.47,0.4,2022-03-11,745,N20,VIIRS,l,2,305.74,2.82,D,0
16.04423,78.6027,334.37,0.49,0.4,2022-03-11,745,N20,VIIRS,l,2,305.76,4.79,D,0
16.0449,79.00446,335.53,0.47,0.4,2022-03-11,745,N20,VIIRS,l,2,306.16,2.82,D,0
16.04502,78.60731,337.81,0.49,0.4,2022-03-11,745,N20,VIIRS,n,2,306.22,7.0,D,0
16.04582,78.61191,367.0,0.49,0.4,2022-03-11,745,N20,VIIRS,h,2,308.11,7.0,D,0
16.0463,78.99075,338.51,0.47,0.4,2022-03-11,745,N20,VIIRS,n,2,305.45,4.16,D,0
16.04632,78.59286,333.88,0.49,0.4,2022-03-11,745,N20,VIIRS,l,2,304.71,3.65,D,0
16.04653,78.46136,343.05,0.5,0.41,2022-03-11,745,N20,VIIRS,n,2,307.52,4.61,D,0
16.04681,79.44941,337.04,0.45,0.39,2022-03-11,745,N20,VIIRS,l,2,310.25,3.69,D,0
16.04714,78.59761,348.26,0.49,0.4,2022-03-11,745,N20,VIIRS,n,2,306.15,4.79,D,0
16.04749,79.45351,337.22,0.45,0.39,2022-03-11,745,N20,VIIRS,l,2,309.48,3.69,D,0
16.04851,79.00386,347.26,0.47,0.4,2022-03-11,745,N20,VIIRS,n,2,309.61,10.24,D,0
16.05003,78.59235,331.63,0.49,0.4,2022-03-11,745,N20,VIIRS,l,2,304.67,2.28,D,0
16.05025,78.61562,342.1,0.49,0.4,2022-03-11,745,N20,VIIRS,n,2,306.15,5.55,D,0
16.0539,78.61481,343.05,0.49,0.4,2022-03-11,745,N20,VIIRS,n,2,305.96,3.47,D,0
16.05496,78.99808,339.93,0.47,0.4,2022-03-11,745,N20,VIIRS,n,2,305.33,4.41,D,0
16.05571,79.00256,330.66,0.47,0.4,2022-03-11,745,N20,VIIRS,l,2,304.43,4.41,D,0
16.05629,78.56252,335.47,0.49,0.4,2022-03-11,745,N20,VIIRS,l,2,306.51,5.31,D,0
16.0662,78.68636,340.16,0.49,0.4,2022-03-11,745,N20,VIIRS,n,2,308.18,5.58,D,0
16.06913,78.68144,346.75,0.49,0.4,2022-03-11,745,N20,VIIRS,n,2,307.57,12.61,D,0
16.0694,78.705,337.06,0.48,0.4,2022-03-11,745,N20,VIIRS,l,2,310.33,8.09,D,0
16.06989,78.68587,336.59,0.49,0.4,2022-03-11,745,N20,VIIRS,l,2,306.6,5.58,D,0
16.0712,78.67151,335.23,0.49,0.4,2022-03-11,745,N20,VIIRS,l,2,305.96,4.23,D,0
16.07125,78.56112,332.9,0.49,0.4,2022-03-11,745,N20,VIIRS,l,2,304.91,3.26,D,0
16.07169,77.2427,350.79,0.39,0.44,2022-03-11,745,N20,VIIRS,n,2,315.79,6.34,D,0
16.07203,78.5657,341.78,0.49,0.4,2022-03-11,745,N20,VIIRS,n,2,305.61,5.4,D,0
16.07226,78.69969,339.86,0.48,0.4,2022-03-11,745,N20,VIIRS,n,2,308.25,4.07,D,0
16.07334,78.55109,334.7,0.49,0.41,2022-03-11,745,N20,VIIRS,n,2,304.55,2.87,D,0
16.07596,78.69928,350.17,0.48,0.4,2022-03-11,745,N20,VIIRS,n,2,308.94,10.33,D,0
16.07675,78.70388,342.71,0.48,0.4,2022-03-11,745,N20,VIIRS,n,2,311.28,11.34,D,0
16.07704,78.55049,336.14,0.49,0.41,2022-03-11,745,N20,VIIRS,n,2,304.15,2.87,D,0
16.07727,78.5741,348.93,0.49,0.4,2022-03-11,745,N20,VIIRS,n,2,308.19,7.03,D,0
16.07801,78.57845,335.96,0.49,0.4,2022-03-11,745,N20,VIIRS,n,2,304.84,7.03,D,0
16.07866,78.56,336.49,0.49,0.4,2022-03-11,745,N20,VIIRS,n,2,304.64,8.0,D,0
16.07888,78.69428,355.35,0.49,0.4,2022-03-11,745,N20,VIIRS,n,2,310.34,10.33,D,0
16.08154,78.55461,330.52,0.49,0.41,2022-03-11,745,N20,VIIRS,l,2,302.97,2.71,D,0
16.08234,78.55933,333.8,0.49,0.4,2022-03-11,745,N20,VIIRS,n,2,303.58,2.71,D,0
16.08238,78.58186,337.38,0.49,0.4,2022-03-11,745,N20,VIIRS,n,2,303.6,4.99,D,0
16.09647,78.57546,333.9,0.49,0.4,2022-03-11,745,N20,VIIRS,l,2,304.93,4.67,D,0
16.10705,78.66016,338.95,0.49,0.4,2022-03-11,745,N20,VIIRS,l,2,312.15,9.15,D,0
16.11219,78.64595,338.61,0.49,0.4,2022-03-11,745,N20,VIIRS,l,2,310.5,6.2,D,0
16.11292,78.65022,343.31,0.49,0.4,2022-03-11,745,N20,VIIRS,n,2,310.27,5.67,D,0
16.11366,78.60988,345.21,0.49,0.4,2022-03-11,745,N20,VIIRS,n,2,308.37,65.72,D,0
16.11441,78.61436,342.3,0.49,0.4,2022-03-11,745,N20,VIIRS,n,2,306.25,6.79,D,0
16.11515,78.61872,331.36,0.49,0.4,2022-03-11,745,N20,VIIRS,l,2,305.0,6.79,D,0
16.11659,78.6496,341.33,0.49,0.4,2022-03-11,745,N20,VIIRS,n,2,309.88,5.67,D,0
16.11732,78.65391,340.76,0.49,0.4,2022-03-11,745,N20,VIIRS,n,2,307.06,5.67,D,0
16.11807,78.61361,346.52,0.49,0.4,2022-03-11,745,N20,VIIRS,n,2,307.17,6.79,D,0
16.1188,78.64029,345.7,0.49,0.4,2022-03-11,745,N20,VIIRS,n,2,306.33,4.86,D,0
16.11954,78.64468,332.51,0.49,0.4,2022-03-11,745,N20,VIIRS,l,2,306.2,4.86,D,0
16.12245,78.63956,346.89,0.49,0.4,2022-03-11,745,N20,VIIRS,n,2,304.56,4.86,D,0
16.12246,78.61716,343.28,0.49,0.4,2022-03-11,745,N20,VIIRS,n,2,304.67,6.06,D,0
16.12319,78.62151,339.65,0.49,0.4,2022-03-11,745,N20,VIIRS,n,2,306.34,4.9,D,0
16.12462,78.62996,337.14,0.49,0.4,2022-03-11,745,N20,VIIRS,l,2,307.28,6.43,D,0
16.12547,78.65745,340.03,0.49,0.4,2022-03-11,745,N20,VIIRS,n,2,307.54,7.77,D,0
16.12694,77.82846,340.59,0.54,0.42,2022-03-11,745,N20,VIIRS,l,2,314.27,6.99,D,0
16.12751,78.62468,340.64,0.49,0.4,2022-03-11,745,N20,VIIRS,n,2,305.68,4.9,D,0
16.12824,78.629,344.91,0.49,0.4,2022-03-11,745,N20,VIIRS,n,2,306.51,6.43,D,0
16.13371,78.66163,335.85,0.49,0.4,2022-03-11,745,N20,VIIRS,l,2,307.26,6.14,D,0
16.13983,78.65701,337.28,0.49,0.4,2022-03-11,745,N20,VIIRS,n,2,305.29,3.84,D,0
16.14021,78.65531,337.36,0.49,0.4,2022-03-11,745,N20,VIIRS,n,2,305.24,7.42,D,0
16.14807,77.29053,341.41,0.39,0.44,2022-03-11,745,N20,VIIRS,n,2,308.44,3.44,D,0
16.16395,78.55546,335.33,0.49,0.4,2022-03-11,745,N20,VIIRS,n,2,304.07,4.17,D,0
16.17175,78.6889,337.44,0.48,0.4,2022-03-11,745,N20,VIIRS,n,2,305.02,4.63,D,0
16.1754,78.68819,335.81,0.48,0.4,2022-03-11,745,N20,VIIRS,n,2,305.26,9.65,D,0
16.17905,78.68748,345.23,0.48,0.4,2022-03-11,745,N20,VIIRS,n,2,305.01,9.65,D,0
16.18437,79.1199,342.14,0.46,0.39,2022-03-11,745,N20,VIIRS,n,2,309.09,5.51,D,0
16.18509,79.12428,343.47,0.46,0.39,2022-03-11,745,N20,VIIRS,n,2,309.99,9.63,D,0
16.19396,78.55344,330.51,0.49,0.4,2022-03-11,745,N20,VIIRS,n,2,302.85,1.94,D,0
16.1943,79.13529,338.38,0.46,0.39,2022-03-11,745,N20,VIIRS,l,2,308.87,5.35,D,0
16.20783,78.87766,340.08,0.47,0.4,2022-03-11,745,N20,VIIRS,n,2,307.21,6.91,D,0
16.2093,78.90813,334.48,0.47,0.4,2022-03-11,745,N20,VIIRS,l,2,307.3,2.13,D,0
16.21146,78.8771,346.85,0.47,0.4,2022-03-11,745,N20,VIIRS,n,2,309.5,6.91,D,0
16.21208,78.85884,335.02,0.47,0.4,2022-03-11,745,N20,VIIRS,l,2,306.18,6.23,D,0
16.21283,78.86325,339.73,0.47,0.4,2022-03-11,745,N20,VIIRS,n,2,306.9,4.17,D,0
16.21294,78.90765,339.38,0.47,0.4,2022-03-11,745,N20,VIIRS,n,2,308.94,8.21,D,0
16.22069,78.66649,330.48,0.48,0.4,2022-03-11,745,N20,VIIRS,l,2,304.34,3.97,D,0
16.22242,78.91959,341.3,0.47,0.4,2022-03-11,745,N20,VIIRS,n,2,309.24,5.13,D,0
16.22356,78.66121,330.82,0.49,0.4,2022-03-11,745,N20,VIIRS,l,2,302.38,5.77,D,0
16.22608,78.94112,331.11,0.47,0.4,2022-03-11,745,N20,VIIRS,l,2,305.51,3.05,D,0
16.22678,78.92337,333.33,0.47,0.4,2022-03-11,745,N20,VIIRS,l,2,308.0,1.73,D,0
16.22797,78.66501,336.98,0.48,0.4,2022-03-11,745,N20,VIIRS,n,2,304.94,5.77,D,0
16.2297,78.9406,345.55,0.47,0.4,2022-03-11,745,N20,VIIRS,n,2,308.39,3.05,D,0
16.23086,78.65979,331.6,0.49,0.4,2022-03-11,745,N20,VIIRS,n,2,299.06,11.09,D,0
16.23163,78.66434,338.92,0.48,0.4,2022-03-11,745,N20,VIIRS,n,2,304.77,11.09,D,0
16.23389,78.85545,343.05,0.47,0.4,2022-03-11,745,N20,VIIRS,n,2,309.44,12.39,D,0
16.23408,78.94449,337.18,0.47,0.4,2022-03-11,745,N20,VIIRS,l,2,307.61,4.4,D,0
16.2345,78.65902,355.43,0.49,0.4,2022-03-11,745,N20,VIIRS,n,2,309.18,11.09,D,0
16.23463,78.85981,333.7,0.47,0.4,2022-03-11,745,N20,VIIRS,l,2,305.69,5.54,D,0
16.26072,78.92622,336.37,0.47,0.4,2022-03-11,745,N20,VIIRS,l,2,308.54,2.31,D,0
16.26431,78.92547,331.56,0.47,0.4,2022-03-11,745,N20,VIIRS,l,2,305.87,2.31,D,0
16.26648,78.87183,342.82,0.47,0.4,2022-03-11,745,N20,VIIRS,n,2,307.12,4.62,D,0
16.2672,78.87611,348.74,0.47,0.4,2022-03-11,745,N20,VIIRS,n,2,308.97,4.62,D,0
16.27082,79.48782,336.74,0.44,0.39,2022-03-11,745,N20,VIIRS,l,2,308.85,5.51,D,0
16.27083,78.89782,333.21,0.47,0.4,2022-03-11,745,N20,VIIRS,l,2,306.33,2.92,D,0
16.27582,78.90535,345.9,0.47,0.4,2022-03-11,745,N20,VIIRS,n,2,308.42,8.35,D,0
16.29627,79.84004,332.72,0.43,0.38,2022-03-11,745,N20,VIIRS,l,2,303.52,3.14,D,0
16.32008,79.12688,336.54,0.46,0.39,2022-03-11,745,N20,VIIRS,l,2,310.96,2.76,D,0
16.32605,79.44846,343.62,0.44,0.39,2022-03-11,745,N20,VIIRS,n,2,310.39,4.65,D,0
16.32986,77.21547,340.72,0.39,0.44,2022-03-11,745,N20,VIIRS,l,2,314.23,3.97,D,0
16.33048,77.21902,350.97,0.39,0.44,2022-03-11,745,N20,VIIRS,n,2,314.74,3.97,D,0
16.33247,77.21731,344.44,0.39,0.44,2022-03-11,745,N20,VIIRS,n,2,314.25,7.42,D,0
16.35471,79.03468,338.32,0.46,0.39,2022-03-11,745,N20,VIIRS,l,2,309.48,6.84,D,0
16.35742,79.87482,343.65,0.43,0.38,2022-03-11,745,N20,VIIRS,n,2,308.95,5.29,D,0
16.3583,79.03406,344.47,0.46,0.39,2022-03-11,745,N20,VIIRS,n,2,309.61,3.32,D,0
16.35902,79.03833,336.28,0.46,0.39,2022-03-11,745,N20,VIIRS,l,2,309.8,3.32,D,0
16.36468,79.65971,336.4,0.44,0.38,2022-03-11,745,N20,VIIRS,l,2,310.15,3.73,D,0
16.401,79.79354,333.64,0.43,0.38,2022-03-11,745,N20,VIIRS,l,2,307.57,2.76,D,0
16.41081,79.47643,337.11,0.44,0.39,2022-03-11,745,N20,VIIRS,l,2,308.27,3.5,D,0
16.41607,79.99404,331.65,0.42,0.38,2022-03-11,745,N20,VIIRS,l,2,306.48,2.99,D,0
16.43358,80.55906,336.97,0.41,0.37,2022-03-11,745,N20,VIIRS,l,2,307.9,4.06,D,0
16.43831,79.44615,338.9,0.44,0.39,2022-03-11,745,N20,VIIRS,n,2,311.07,1.56,D,0
16.61992,77.14717,340.49,0.39,0.44,2022-03-11,745,N20,VIIRS,n,2,308.19,4.13,D,0
16.62633,79.64316,341.76,0.43,0.38,2022-03-11,745,N20,VIIRS,n,2,310.53,4.55,D,0
16.64573,77.20107,335.84,0.38,0.43,2022-03-11,745,N20,VIIRS,l,2,310.72,3.64,D,0
16.67009,80.13008,340.27,0.42,0.37,2022-03-11,745,N20,VIIRS,n,2,309.55,4.22,D,0
16.70209,79.89646,342.17,0.42,0.38,2022-03-11,745,N20,VIIRS,n,2,312.02,7.02,D,0
16.71488,80.42913,337.09,0.41,0.37,2022-03-11,745,N20,VIIRS,l,2,309.06,1.24,D,0
16.71826,80.42854,341.2,0.41,0.37,2022-03-11,745,N20,VIIRS,n,2,312.81,5.36,D,0
16.73516,80.11921,335.78,0.42,0.37,2022-03-11,745,N20,VIIRS,n,2,307.54,3.11,D,0
16.75941,77.34345,337.24,0.56,0.43,2022-03-11,745,N20,VIIRS,l,2,311.62,3.88,D,0
16.78311,80.41371,346.37,0.41,0.37,2022-03-11,745,N20,VIIRS,n,2,314.92,8.72,D,0
16.83678,79.00346,341.42,0.46,0.39,2022-03-11,745,N20,VIIRS,n,2,310.4,4.6,D,0
16.83958,80.09239,339.23,0.42,0.37,2022-03-11,745,N20,VIIRS,l,2,309.9,2.75,D,0
16.94679,78.84497,340.26,0.47,0.39,2022-03-11,745,N20,VIIRS,n,2,312.29,3.4,D,0
16.98256,78.57344,341.1,0.48,0.4,2022-03-11,745,N20,VIIRS,n,2,307.28,4.27,D,0
16.98728,80.94453,334.88,0.39,0.37,2022-03-11,745,N20,VIIRS,n,2,305.72,1.39,D,0
17.01197,80.48233,335.18,0.4,0.37,2022-03-11,745,N20,VIIRS,n,2,307.29,2.4,D,0
17.072,80.89998,338.26,0.4,0.37,2022-03-11,745,N20,VIIRS,l,2,310.18,5.1,D,0
17.21669,78.78042,348.93,0.47,0.39,2022-03-11,745,N20,VIIRS,n,2,308.63,5.37,D,0
17.25085,80.39841,335.43,0.41,0.37,2022-03-11,745,N20,VIIRS,l,2,308.02,3.63,D,0
17.25981,80.6051,338.17,0.4,0.37,2022-03-11,745,N20,VIIRS,n,2,308.85,3.23,D,0
17.33069,80.24041,332.68,0.41,0.37,2022-03-11,745,N20,VIIRS,l,2,307.12,1.48,D,0
17.38248,80.77821,339.68,0.4,0.37,2022-03-11,745,N20,VIIRS,n,2,309.27,4.54,D,0
17.42812,80.56811,348.29,0.4,0.37,2022-03-11,745,N20,VIIRS,n,2,310.81,8.3,D,0
17.44164,80.44613,337.01,0.4,0.37,2022-03-11,745,N20,VIIRS,l,2,308.25,2.21,D,0
17.45665,80.87894,343.59,0.39,0.36,2022-03-11,745,N20,VIIRS,n,2,310.8,3.43,D,0
17.47224,80.97809,334.42,0.39,0.36,2022-03-11,745,N20,VIIRS,l,2,306.68,1.88,D,0
17.50171,80.38931,337.1,0.4,0.37,2022-03-11,745,N20,VIIRS,l,2,310.9,2.32,D,0
17.51248,80.99699,336.83,0.39,0.36,2022-03-11,745,N20,VIIRS,n,2,305.32,5.29,D,0
17.51307,81.34827,330.1,0.39,0.36,2022-03-11,745,N20,VIIRS,l,2,303.81,1.96,D,0
17.51663,81.26204,347.88,0.39,0.36,2022-03-11,745,N20,VIIRS,n,2,311.87,3.27,D,0
17.51994,81.26148,339.42,0.39,0.36,2022-03-11,745,N20,VIIRS,l,2,310.57,3.27,D,0
17.52485,80.9458,340.37,0.39,0.36,2022-03-11,745,N20,VIIRS,n,2,314.82,24.69,D,0
17.5417,81.33601,334.55,0.39,0.36,2022-03-11,745,N20,VIIRS,l,2,305.59,1.99,D,0
17.56232,80.66285,336.0,0.4,0.37,2022-03-11,745,N20,VIIRS,l,2,307.72,4.14,D,0
17.59888,80.89535,339.25,0.39,0.36,2022-03-11,745,N20,VIIRS,l,2,311.03,10.79,D,0
17.60238,81.15735,338.34,0.39,0.36,2022-03-11,745,N20,VIIRS,n,2,310.91,4.59,D,0
17.06819,77.37811,334.13,0.55,0.43,2022-03-11,746,N20,VIIRS,l,2,307.88,2.36,D,0
17.12692,77.11711,334.04,0.57,0.43,2022-03-11,746,N20,VIIRS,l,2,308.88,2.64,D,0
17.14084,77.54264,337.56,0.54,0.42,2022-03-11,746,N20,VIIRS,l,2,309.43,4.36,D,0
17.25428,77.48961,334.28,0.54,0.42,2022-03-11,746,N20,VIIRS,l,2,307.39,7.03,D,0
17.32633,77.65062,335.27,0.53,0.42,2022-03-11,746,N20,VIIRS,l,2,309.29,2.55,D,0
17.36818,79.25151,350.0,0.44,0.39,2022-03-11,746,N20,VIIRS,n,2,314.63,5.88,D,0
17.36887,79.25562,336.48,0.44,0.38,2022-03-11,746,N20,VIIRS,l,2,310.88,2.27,D,0
17.41421,77.23297,334.54,0.56,0.43,2022-03-11,746,N20,VIIRS,l,2,307.88,4.43,D,0
17.42404,77.51827,339.71,0.54,0.42,2022-03-11,746,N20,VIIRS,n,2,309.0,6.26,D,0
17.44645,78.91636,342.28,0.46,0.39,2022-03-11,746,N20,VIIRS,n,2,310.88,6.4,D,0
17.48949,79.43198,340.96,0.43,0.38,2022-03-11,746,N20,VIIRS,n,2,311.96,3.28,D,0
17.49321,80.05035,338.35,0.41,0.37,2022-03-11,746,N20,VIIRS,n,2,307.2,4.27,D,0
17.49398,78.92177,335.4,0.45,0.39,2022-03-11,746,N20,VIIRS,l,2,306.34,12.39,D,0
17.4948,78.92075,334.84,0.46,0.39,2022-03-11,746,N20,VIIRS,l,2,307.94,12.62,D,0
17.51001,77.25185,333.18,0.55,0.43,2022-03-11,746,N20,VIIRS,l,2,306.07,2.1,D,0
17.52105,78.07513,337.84,0.5,0.41,2022-03-11,746,N20,VIIRS,n,2,306.06,4.29,D,0
17.52395,80.17495,333.93,0.41,0.37,2022-03-11,746,N20,VIIRS,l,2,306.16,2.63,D,0
17.58161,80.31718,338.81,0.41,0.37,2022-03-11,746,N20,VIIRS,l,2,311.04,4.19,D,2
17.58757,80.39759,335.77,0.4,0.37,2022-03-11,746,N20,VIIRS,n,2,305.68,3.44,D,0
17.5929,77.01575,336.46,0.57,0.43,2022-03-11,746,N20,VIIRS,n,2,298.57,4.79,D,0
17.60081,80.54524,340.71,0.4,0.37,2022-03-11,746,N20,VIIRS,n,2,313.73,5.84,D,0
17.60968,80.36279,342.2,0.4,0.37,2022-03-11,746,N20,VIIRS,l,2,312.39,3.93,D,0
17.61213,80.89655,336.25,0.39,0.36,2022-03-11,746,N20,VIIRS,n,2,307.17,1.65,D,0
17.64817,80.20457,337.44,0.41,0.37,2022-03-11,746,N20,VIIRS,l,2,310.2,2.89,D,0
17.65037,77.22084,335.6,0.55,0.43,2022-03-11,746,N20,VIIRS,n,2,303.64,2.11,D,0
17.65614,80.21091,342.21,0.41,0.37,2022-03-11,746,N20,VIIRS,n,2,311.53,4.13,D,0
17.66445,80.19777,340.04,0.41,0.37,2022-03-11,746,N20,VIIRS,l,2,314.96,6.48,D,0
17.66506,80.20158,340.28,0.41,0.37,2022-03-11,746,N20,VIIRS,l,2,315.27,7.79,D,0
17.67223,81.12645,334.69,0.39,0.36,2022-03-11,746,N20,VIIRS,n,2,309.67,1.1,D,0
17.69213,77.95911,341.72,0.5,0.41,2022-03-11,746,N20,VIIRS,n,2,312.56,4.56,D,0
17.69267,80.2438,334.48,0.41,0.37,2022-03-11,746,N20,VIIRS,l,2,306.83,1.63,D,0
17.69421,80.23168,344.0,0.41,0.37,2022-03-11,746,N20,VIIRS,n,2,309.33,4.74,D,0
17.69482,80.2355,336.18,0.41,0.37,2022-03-11,746,N20,VIIRS,n,2,309.31,3.43,D,0
17.70124,80.25397,338.55,0.41,0.37,2022-03-11,746,N20,VIIRS,n,2,306.75,4.29,D,0
17.70136,80.16776,332.61,0.41,0.37,2022-03-11,746,N20,VIIRS,l,2,307.03,2.07,D,0
17.70229,80.16758,342.8,0.41,0.37,2022-03-11,746,N20,VIIRS,n,2,309.5,4.16,D,0
17.70306,80.48167,336.51,0.4,0.37,2022-03-11,746,N20,VIIRS,l,2,309.37,2.25,D,0
17.71105,80.07175,336.47,0.41,0.37,2022-03-11,746,N20,VIIRS,l,2,310.09,3.37,D,0
17.71532,80.20483,332.21,0.41,0.37,2022-03-11,746,N20,VIIRS,l,2,303.38,1.17,D,0
17.74235,81.00966,336.98,0.39,0.36,2022-03-11,746,N20,VIIRS,l,2,311.64,3.17,D,0
17.74528,80.50885,335.41,0.4,0.37,2022-03-11,746,N20,VIIRS,l,2,309.28,2.37,D,0
17.75707,80.97335,338.96,0.39,0.36,2022-03-11,746,N20,VIIRS,l,2,310.22,3.09,D,0
17.78327,81.22701,336.48,0.39,0.36,2022-03-11,746,N20,VIIRS,l,2,306.6,2.37,D,0
17.78494,80.27068,352.1,0.4,0.37,2022-03-11,746,N20,VIIRS,n,2,305.33,8.58,D,0
17.78554,80.27438,336.44,0.4,0.37,2022-03-11,746,N20,VIIRS,n,2,305.27,5.78,D,0
17.78625,78.0613,332.66,0.5,0.41,2022-03-11,746,N20,VIIRS,n,2,302.27,6.75,D,0
17.79161,80.42,343.78,0.4,0.37,2022-03-11,746,N20,VIIRS,n,2,308.58,2.84,D,0
17.7953,80.50766,349.63,0.4,0.37,2022-03-11,746,N20,VIIRS,n,2,311.0,5.68,D,0
17.80156,80.35275,354.67,0.4,0.37,2022-03-11,746,N20,VIIRS,n,2,315.16,25.56,D,0
17.80949,80.35912,334.31,0.4,0.37,2022-03-11,746,N20,VIIRS,l,2,308.62,4.78,D,0
17.81062,79.69118,332.89,0.42,0.38,2022-03-11,746,N20,VIIRS,l,2,303.61,1.81,D,0
17.81906,80.41904,343.27,0.4,0.37,2022-03-11,746,N20,VIIRS,n,2,305.95,2.28,D,0
17.84525,80.16251,338.55,0.41,0.37,2022-03-11,746,N20,VIIRS,n,2,307.8,5.63,D,0
17.8488,78.9122,336.73,0.45,0.39,2022-03-11,746,N20,VIIRS,n,2,306.52,6.58,D,0
17.84887,81.40905,341.98,0.39,0.36,2022-03-11,746,N20,VIIRS,l,2,315.65,21.74,D,0
17.86176,80.00622,336.28,0.41,0.37,2022-03-11,746,N20,VIIRS,n,2,307.93,3.52,D,0
17.86491,80.15513,336.96,0.41,0.37,2022-03-11,746,N20,VIIRS,l,2,307.21,4.52,D,0
17.87228,80.20087,345.67,0.41,0.37,2022-03-11,746,N20,VIIRS,n,2,307.7,7.38,D,0
17.88213,80.08931,344.37,0.41,0.37,2022-03-11,746,N20,VIIRS,n,2,310.83,6.59,D,0
17.92021,80.12524,342.44,0.41,0.37,2022-03-11,746,N20,VIIRS,n,2,306.56,3.06,D,0
17.92082,80.12901,338.09,0.41,0.37,2022-03-11,746,N20,VIIRS,n,2,306.78,3.06,D,0
17.92089,80.17205,335.2,0.41,0.37,2022-03-11,746,N20,VIIRS,l,2,307.63,4.77,D,0
17.92213,80.17965,334.97,0.41,0.37,2022-03-11,746,N20,VIIRS,l,2,307.11,3.75,D,0
17.92287,80.77499,349.08,0.39,0.36,2022-03-11,746,N20,VIIRS,n,2,308.39,5.02,D,0
17.92359,80.12462,346.83,0.41,0.37,2022-03-11,746,N20,VIIRS,n,2,306.51,3.06,D,0
17.92365,80.16767,349.91,0.41,0.37,2022-03-11,746,N20,VIIRS,n,2,310.88,13.1,D,0
17.9242,80.1284,338.35,0.41,0.37,2022-03-11,746,N20,VIIRS,n,2,308.06,3.06,D,0
17.92426,80.17146,347.48,0.41,0.37,2022-03-11,746,N20,VIIRS,n,2,308.41,4.77,D,0
17.92482,80.13219,342.74,0.41,0.37,2022-03-11,746,N20,VIIRS,n,2,308.01,5.15,D,0
17.92702,80.16708,339.87,0.41,0.37,2022-03-11,746,N20,VIIRS,n,2,308.9,4.27,D,0
17.92764,80.17087,332.94,0.41,0.37,2022-03-11,746,N20,VIIRS,l,2,307.39,1.99,D,0
17.9282,80.13159,350.36,0.41,0.37,2022-03-11,746,N20,VIIRS,n,2,309.85,9.45,D,0
17.93095,80.12717,338.27,0.41,0.37,2022-03-11,746,N20,VIIRS,l,2,308.77,6.59,D,0
17.93683,80.71208,340.06,0.39,0.37,2022-03-11,746,N20,VIIRS,n,2,306.29,4.97,D,0
17.93991,80.16093,340.26,0.41,0.37,2022-03-11,746,N20,VIIRS,n,2,306.25,4.81,D,0
17.9488,80.27985,339.86,0.4,0.37,2022-03-11,746,N20,VIIRS,l,2,310.87,4.5,D,0
17.951,80.60698,334.43,0.4,0.37,2022-03-11,746,N20,VIIRS,l,2,306.45,3.5,D,0
17.95166,80.76243,338.66,0.39,0.36,2022-03-11,746,N20,VIIRS,l,2,311.56,2.98,D,0
17.95189,80.17052,337.37,0.41,0.37,2022-03-11,746,N20,VIIRS,l,2,308.38,3.74,D,0
17.97902,80.78415,337.85,0.39,0.36,2022-03-11,746,N20,VIIRS,l,2,310.51,2.58,D,0
17.9803,80.28208,349.77,0.4,0.37,2022-03-11,746,N20,VIIRS,n,2,314.25,5.86,D,0
17.98366,80.2815,337.98,0.4,0.37,2022-03-11,746,N20,VIIRS,l,2,312.09,5.86,D,0
17.98427,80.28527,341.19,0.4,0.37,2022-03-11,746,N20,VIIRS,l,2,312.02,7.98,D,0
17.98516,78.3039,339.26,0.48,0.4,2022-03-11,746,N20,VIIRS,n,2,311.4,4.07,D,0
17.98934,80.01459,338.85,0.41,0.37,2022-03-11,746,N20,VIIRS,n,2,308.01,3.49,D,0
17.98996,80.01846,335.11,0.41,0.37,2022-03-11,746,N20,VIIRS,l,2,307.41,3.48,D,0
17.99273,80.014,348.65,0.41,0.37,2022-03-11,746,N20,VIIRS,n,2,310.15,7.11,D,0
17.99612,80.01341,346.73,0.41,0.37,2022-03-11,746,N20,VIIRS,n,2,308.78,7.11,D,0
17.99951,80.01283,343.73,0.41,0.37,2022-03-11,746,N20,VIIRS,n,2,307.83,6.1,D,0
18.01473,81.0115,336.98,0.39,0.36,2022-03-11,746,N20,VIIRS,n,2,307.0,1.68,D,0
18.03141,81.03113,334.0,0.39,0.36,2022-03-11,746,N20,VIIRS,l,2,305.22,0.75,D,0
18.03974,81.17177,333.57,0.39,0.36,2022-03-11,746,N20,VIIRS,l,2,307.69,1.88,D,0
18.04161,80.9658,349.39,0.39,0.36,2022-03-11,746,N20,VIIRS,n,2,305.21,5.85,D,0
18.05324,80.10197,347.65,0.41,0.37,2022-03-11,746,N20,VIIRS,n,2,307.69,3.35,D,0
18.056,80.09753,336.17,0.41,0.37,2022-03-11,746,N20,VIIRS,n,2,306.53,3.78,D,0
18.05662,80.10135,332.91,0.41,0.37,2022-03-11,746,N20,VIIRS,l,2,306.81,3.35,D,0
18.0854,81.0509,334.41,0.39,0.36,2022-03-11,746,N20,VIIRS,n,2,307.1,2.3,D,0
18.08703,80.18215,342.84,0.41,0.37,2022-03-11,746,N20,VIIRS,n,2,307.86,3.33,D,0
18.0904,80.18156,333.63,0.41,0.37,2022-03-11,746,N20,VIIRS,l,2,308.26,3.33,D,0
18.09533,80.12595,344.62,0.41,0.37,2022-03-11,746,N20,VIIRS,n,2,307.25,6.83,D,0
18.09871,80.12538,349.38,0.41,0.37,2022-03-11,746,N20,VIIRS,n,2,312.02,10.27,D,0
18.09932,80.12921,334.81,0.41,0.37,2022-03-11,746,N20,VIIRS,l,2,307.34,10.27,D,0
18.10025,80.02678,342.7,0.41,0.37,2022-03-11,746,N20,VIIRS,n,2,309.97,3.17,D,0
18.10087,80.03062,337.87,0.41,0.37,2022-03-11,746,N20,VIIRS,l,2,310.75,2.89,D,0
18.11917,80.18808,333.27,0.4,0.37,2022-03-11,746,N20,VIIRS,l,2,307.23,1.33,D,0
18.12374,80.19497,344.67,0.4,0.37,2022-03-11,746,N20,VIIRS,n,2,316.58,20.02,D,0
18.12434,80.19873,345.57,0.4,0.37,2022-03-11,746,N20,VIIRS,n,2,308.1,5.44,D,0
18.12711,80.19437,343.06,0.4,0.37,2022-03-11,746,N20,VIIRS,n,2,308.95,20.02,D,0
18.12771,80.19812,344.46,0.4,0.37,2022-03-11,746,N20,VIIRS,n,2,309.03,5.44,D,0
18.13046,77.2644,331.99,0.54,0.42,2022-03-11,746,N20,VIIRS,n,2,301.8,2.18,D,0
18.13232,80.4216,331.5,0.4,0.37,2022-03-11,746,N20,VIIRS,l,2,306.2,2.9,D,0
18.13258,80.09168,336.42,0.41,0.37,2022-03-11,746,N20,VIIRS,l,2,311.14,5.16,D,0
18.13288,80.83253,344.1,0.39,0.36,2022-03-11,746,N20,VIIRS,n,2,309.37,3.28,D,0
18.13365,80.81747,333.45,0.39,0.36,2022-03-11,746,N20,VIIRS,l,2,307.51,3.83,D,0
18.13423,80.82115,349.09,0.39,0.36,2022-03-11,746,N20,VIIRS,n,2,309.56,3.83,D,0
18.15416,80.81768,334.88,0.39,0.36,2022-03-11,746,N20,VIIRS,n,2,303.85,3.11,D,0
18.15473,80.82133,338.62,0.39,0.36,2022-03-11,746,N20,VIIRS,n,2,304.09,6.29,D,0
18.15863,80.8244,349.8,0.39,0.36,2022-03-11,746,N20,VIIRS,n,2,307.07,6.29,D,0
18.16001,79.91755,336.87,0.41,0.37,2022-03-11,746,N20,VIIRS,l,2,309.32,3.59,D,0
18.16341,79.91695,342.67,0.41,0.37,2022-03-11,746,N20,VIIRS,n,2,309.3,3.59,D,0
18.16454,80.79703,344.69,0.39,0.36,2022-03-11,746,N20,VIIRS,n,2,305.91,3.23,D,0
18.16526,80.82321,332.04,0.39,0.36,2022-03-11,746,N20,VIIRS,l,2,304.77,1.81,D,0
18.16584,80.82687,342.13,0.39,0.36,2022-03-11,746,N20,VIIRS,n,2,305.89,2.94,D,0
18.16623,80.46167,335.93,0.4,0.37,2022-03-11,746,N20,VIIRS,l,2,308.66,6.0,D,0
18.1667,80.78908,332.63,0.39,0.36,2022-03-11,746,N20,VIIRS,l,2,303.81,2.59,D,0
18.16727,80.79274,331.17,0.39,0.36,2022-03-11,746,N20,VIIRS,l,2,303.54,2.59,D,0
18.16778,81.42782,346.27,0.39,0.36,2022-03-11,746,N20,VIIRS,n,2,310.39,5.55,D,0
18.16786,80.79642,331.03,0.39,0.36,2022-03-11,746,N20,VIIRS,l,2,302.84,3.23,D,0
18.16839,80.45362,353.28,0.4,0.37,2022-03-11,746,N20,VIIRS,n,2,309.53,8.02,D,0
18.17157,80.7767,335.85,0.39,0.36,2022-03-11,746,N20,VIIRS,l,2,307.38,2.38,D,0
18.17174,80.45303,338.76,0.4,0.37,2022-03-11,746,N20,VIIRS,l,2,308.96,4.7,D,0
18.17277,80.95723,333.49,0.39,0.36,2022-03-11,746,N20,VIIRS,l,2,304.82,4.16,D,0
18.1788,80.77921,330.47,0.39,0.36,2022-03-11,746,N20,VIIRS,l,2,304.41,2.31,D,0
18.18027,80.83183,347.55,0.39,0.36,2022-03-11,746,N20,VIIRS,n,2,310.06,7.72,D,0
18.1836,80.83128,336.13,0.39,0.36,2022-03-11,746,N20,VIIRS,l,2,307.82,4.19,D,0
18.19093,80.76954,337.09,0.39,0.36,2022-03-11,746,N20,VIIRS,l,2,310.23,2.31,D,0
18.19126,80.81496,331.78,0.39,0.36,2022-03-11,746,N20,VIIRS,l,2,303.11,3.26,D,0
18.19457,80.81433,341.96,0.39,0.36,2022-03-11,746,N20,VIIRS,n,2,304.18,2.58,D,0
18.19673,80.80636,341.58,0.39,0.36,2022-03-11,746,N20,VIIRS,n,2,306.97,4.55,D,0
18.19706,80.38317,332.45,0.4,0.37,2022-03-11,746,N20,VIIRS,l,2,307.4,4.06,D,0
18.19731,80.81004,336.17,0.39,0.36,2022-03-11,746,N20,VIIRS,n,2,305.37,4.55,D,0
18.19766,80.38692,349.36,0.4,0.37,2022-03-11,746,N20,VIIRS,n,2,309.43,9.95,D,0
18.19789,80.81372,336.35,0.39,0.36,2022-03-11,746,N20,VIIRS,n,2,305.35,2.58,D,0
18.20005,80.80577,333.42,0.39,0.36,2022-03-11,746,N20,VIIRS,n,2,304.84,4.63,D,0
18.20063,80.80944,343.26,0.39,0.36,2022-03-11,746,N20,VIIRS,n,2,305.59,4.63,D,0
18.20292,80.73723,341.55,0.39,0.36,2022-03-11,746,N20,VIIRS,n,2,309.78,3.99,D,0
18.2035,80.74093,338.21,0.39,0.36,2022-03-11,746,N20,VIIRS,n,2,307.64,3.99,D,0
18.20611,80.80093,333.12,0.39,0.36,2022-03-11,746,N20,VIIRS,l,2,306.3,1.64,D,0
18.20625,80.73663,346.67,0.39,0.36,2022-03-11,746,N20,VIIRS,n,2,310.01,3.99,D,0
18.20909,80.92838,335.69,0.39,0.36,2022-03-11,746,N20,VIIRS,l,2,308.43,1.86,D,0
18.20957,80.73605,348.64,0.39,0.36,2022-03-11,746,N20,VIIRS,n,2,309.06,8.42,D,0
18.21334,80.80347,334.57,0.39,0.36,2022-03-11,746,N20,VIIRS,l,2,306.2,1.77,D,0
18.21391,80.80713,331.75,0.39,0.36,2022-03-11,746,N20,VIIRS,l,2,306.49,1.77,D,0
18.21523,80.02208,343.72,0.41,0.37,2022-03-11,746,N20,VIIRS,n,2,308.23,2.47,D,0
18.21661,80.18219,343.93,0.4,0.37,2022-03-11,746,N20,VIIRS,n,2,309.09,5.66,D,0
18.21997,80.1816,330.77,0.4,0.37,2022-03-11,746,N20,VIIRS,l,2,304.94,5.66,D,0
18.24033,80.45997,334.19,0.4,0.37,2022-03-11,746,N20,VIIRS,n,2,305.0,5.04,D,0
18.24426,80.4631,333.86,0.4,0.37,2022-03-11,746,N20,VIIRS,l,2,307.57,3.94,D,0
18.24928,80.64555,348.51,0.39,0.37,2022-03-11,746,N20,VIIRS,n,2,307.06,8.76,D,0
18.24987,80.64927,356.03,0.39,0.37,2022-03-11,746,N20,VIIRS,n,2,307.03,8.76,D,0
18.25202,80.64122,346.86,0.39,0.37,2022-03-11,746,N20,VIIRS,n,2,306.85,5.95,D,0
18.25639,81.47215,345.12,0.39,0.36,2022-03-11,746,N20,VIIRS,n,2,313.79,3.9,D,0
18.25809,80.63632,341.28,0.39,0.37,2022-03-11,746,N20,VIIRS,n,2,304.95,4.14,D,0
18.25968,81.4716,338.36,0.39,0.36,2022-03-11,746,N20,VIIRS,l,2,310.54,3.9,D,0
18.26179,80.68124,331.76,0.39,0.36,2022-03-11,746,N20,VIIRS,l,2,304.92,2.01,D,0
18.26454,80.67701,341.68,0.39,0.36,2022-03-11,746,N20,VIIRS,n,2,303.2,5.99,D,0
18.26512,80.68069,335.68,0.39,0.36,2022-03-11,746,N20,VIIRS,n,2,302.91,2.01,D,0
18.27813,80.78458,333.36,0.39,0.36,2022-03-11,746,N20,VIIRS,n,2,303.31,4.93,D,0
18.28349,78.09385,330.58,0.49,0.4,2022-03-11,746,N20,VIIRS,l,2,304.83,3.38,D,0
18.29343,80.8383,334.83,0.39,0.36,2022-03-11,746,N20,VIIRS,l,2,306.42,2.12,D,0
18.29646,80.79262,332.62,0.39,0.36,2022-03-11,746,N20,VIIRS,l,2,306.44,2.41,D,0
18.29864,80.78474,333.06,0.39,0.36,2022-03-11,746,N20,VIIRS,n,2,302.91,4.72,D,0
18.30945,77.9801,334.7,0.49,0.4,2022-03-11,746,N20,VIIRS,n,2,304.45,3.53,D,0
18.31362,80.25864,332.18,0.4,0.37,2022-03-11,746,N20,VIIRS,l,2,306.09,2.56,D,0
18.31423,80.26241,334.52,0.4,0.37,2022-03-11,746,N20,VIIRS,l,2,306.91,2.56,D,0
18.31823,81.25715,344.87,0.39,0.36,2022-03-11,746,N20,VIIRS,n,2,306.21,3.83,D,0
18.31935,77.99938,330.95,0.49,0.4,2022-03-11,746,N20,VIIRS,l,2,302.12,2.6,D,0
18.31997,77.99725,331.71,0.49,0.4,2022-03-11,746,N20,VIIRS,l,2,303.28,2.79,D,0
18.32302,77.9987,344.01,0.49,0.4,2022-03-11,746,N20,VIIRS,n,2,304.17,5.43,D,0
18.32443,78.00115,340.91,0.49,0.4,2022-03-11,746,N20,VIIRS,n,2,303.14,4.4,D,0
18.35271,80.0844,343.0,0.41,0.37,2022-03-11,746,N20,VIIRS,n,2,307.2,4.08,D,0
18.3598,80.56929,338.37,0.4,0.37,2022-03-11,746,N20,VIIRS,n,2,307.25,1.47,D,0
18.38255,80.56152,335.59,0.4,0.37,2022-03-11,746,N20,VIIRS,l,2,308.23,2.3,D,0
18.38687,79.64951,334.16,0.42,0.38,2022-03-11,746,N20,VIIRS,n,2,306.17,2.72,D,0
18.38752,79.65342,335.1,0.42,0.38,2022-03-11,746,N20,VIIRS,n,2,305.34,3.07,D,0
18.38911,80.75445,332.65,0.39,0.36,2022-03-11,746,N20,VIIRS,l,2,304.9,4.34,D,0
18.39517,80.74963,336.07,0.39,0.36,2022-03-11,746,N20,VIIRS,n,2,302.39,2.72,D,0
18.41898,80.74911,334.88,0.39,0.36,2022-03-11,746,N20,VIIRS,n,2,304.1,3.27,D,0
18.41954,80.75267,334.81,0.39,0.36,2022-03-11,746,N20,VIIRS,n,2,303.32,3.44,D,0
18.42701,80.62634,337.28,0.39,0.36,2022-03-11,746,N20,VIIRS,n,2,303.73,2.65,D,0
18.429,80.62194,334.15,0.39,0.36,2022-03-11,746,N20,VIIRS,l,2,305.29,5.03,D,0
18.43174,79.66557,332.18,0.42,0.37,2022-03-11,746,N20,VIIRS,l,2,306.6,3.64,D,0
18.43857,80.57462,336.46,0.39,0.37,2022-03-11,746,N20,VIIRS,l,2,307.19,13.89,D,0
18.43916,80.57831,354.7,0.39,0.37,2022-03-11,746,N20,VIIRS,n,2,309.6,13.89,D,0
18.44248,80.5777,339.54,0.39,0.37,2022-03-11,746,N20,VIIRS,n,2,306.58,7.83,D,0
18.44327,80.60413,333.31,0.39,0.37,2022-03-11,746,N20,VIIRS,l,2,306.75,2.79,D,0
18.44386,80.60785,338.5,0.39,0.37,2022-03-11,746,N20,VIIRS,n,2,307.42,2.79,D,0
18.44581,80.57709,347.8,0.39,0.37,2022-03-11,746,N20,VIIRS,n,2,306.96,7.83,D,0
18.44914,80.57648,339.83,0.39,0.37,2022-03-11,746,N20,VIIRS,n,2,305.32,1.95,D,0
18.45025,80.51892,332.52,0.4,0.37,2022-03-11,746,N20,VIIRS,l,2,305.95,2.85,D,0
18.47751,78.82682,334.93,0.45,0.39,2022-03-11,746,N20,VIIRS,l,2,305.77,3.23,D,0
18.47889,80.48328,343.04,0.4,0.37,2022-03-11,746,N20,VIIRS,n,2,309.0,4.6,D,0
18.4832,80.46722,340.22,0.4,0.37,2022-03-11,746,N20,VIIRS,n,2,309.16,2.22,D,0
18.48704,79.96212,333.06,0.41,0.37,2022-03-11,746,N20,VIIRS,l,2,304.39,2.88,D,0
18.48735,78.01174,337.88,0.49,0.4,2022-03-11,746,N20,VIIRS,n,2,303.26,3.67,D,0
18.48907,80.69888,331.23,0.39,0.36,2022-03-11,746,N20,VIIRS,l,2,304.74,3.74,D,0
18.4918,80.6946,338.92,0.39,0.36,2022-03-11,746,N20,VIIRS,n,2,306.28,3.74,D,0
18.49381,80.4692,336.16,0.4,0.37,2022-03-11,746,N20,VIIRS,l,2,306.84,3.04,D,0
18.50615,79.75634,346.98,0.41,0.37,2022-03-11,746,N20,VIIRS,n,2,310.93,5.18,D,0
18.5064,79.75644,336.04,0.41,0.37,2022-03-11,746,N20,VIIRS,l,2,309.97,3.45,D,0
18.50971,80.56982,353.35,0.39,0.37,2022-03-11,746,N20,VIIRS,n,2,308.52,18.29,D,0
18.51052,80.46632,334.39,0.4,0.37,2022-03-11,746,N20,VIIRS,l,2,306.22,1.79,D,0
18.51292,80.46545,335.64,0.4,0.37,2022-03-11,746,N20,VIIRS,n,2,304.95,1.38,D,0
18.5158,80.80354,345.35,0.39,0.36,2022-03-11,746,N20,VIIRS,n,2,307.14,2.24,D,0
18.51618,80.54569,335.04,0.4,0.37,2022-03-11,746,N20,VIIRS,l,2,305.91,3.34,D,0
18.51637,80.80721,334.89,0.39,0.36,2022-03-11,746,N20,VIIRS,l,2,306.56,2.24,D,0
18.5165,81.13338,341.39,0.39,0.36,2022-03-11,746,N20,VIIRS,n,2,306.39,2.62,D,0
18.55601,79.33476,331.82,0.43,0.38,2022-03-11,746,N20,VIIRS,l,2,306.2,2.29,D,0
18.56684,79.09999,334.5,0.44,0.38,2022-03-11,746,N20,VIIRS,l,2,305.66,4.15,D,0
18.5813,78.03312,332.7,0.49,0.4,2022-03-11,746,N20,VIIRS,n,2,302.68,3.55,D,0
18.61094,80.39836,344.77,0.4,0.37,2022-03-11,746,N20,VIIRS,n,2,308.78,4.36,D,0
18.61154,80.40209,336.87,0.4,0.37,2022-03-11,746,N20,VIIRS,l,2,307.81,4.36,D,0
18.61369,80.39407,335.46,0.4,0.37,2022-03-11,746,N20,VIIRS,l,2,307.02,2.57,D,0
18.61549,80.40526,330.12,0.4,0.37,2022-03-11,746,N20,VIIRS,l,2,304.95,1.71,D,0
18.61764,80.39726,333.19,0.4,0.37,2022-03-11,746,N20,VIIRS,l,2,307.51,2.74,D,0
18.61823,80.40097,344.55,0.4,0.37,2022-03-11,746,N20,VIIRS,n,2,307.05,2.74,D,0
18.62099,80.39671,335.16,0.4,0.37,2022-03-11,746,N20,VIIRS,l,2,305.52,2.74,D,0
18.62629,79.95687,335.65,0.41,0.37,2022-03-11,746,N20,VIIRS,l,2,309.41,4.0,D,0
18.63285,80.51353,341.81,0.4,0.37,2022-03-11,746,N20,VIIRS,n,2,306.56,5.17,D,0
18.64914,80.5942,335.87,0.39,0.36,2022-03-11,746,N20,VIIRS,l,2,307.06,3.95,D,0
18.65188,80.58996,340.01,0.39,0.36,2022-03-11,746,N20,VIIRS,n,2,307.48,3.95,D,0
18.66775,79.64778,338.43,0.42,0.37,2022-03-11,746,N20,VIIRS,l,2,309.99,4.16,D,0
18.68135,80.86112,342.1,0.39,0.36,2022-03-11,746,N20,VIIRS,n,2,307.86,4.28,D,0
18.69363,78.53572,338.62,0.46,0.39,2022-03-11,746,N20,VIIRS,n,2,305.72,6.64,D,0
18.69436,78.54003,340.97,0.46,0.39,2022-03-11,746,N20,VIIRS,n,2,302.95,4.01,D,0
18.7096,80.73879,345.31,0.39,0.36,2022-03-11,746,N20,VIIRS,n,2,306.15,3.99,D,0
18.72328,79.53725,343.92,0.42,0.38,2022-03-11,746,N20,VIIRS,n,2,309.09,5.51,D,0
18.7236,79.15152,334.63,0.43,0.38,2022-03-11,746,N20,VIIRS,n,2,303.81,3.94,D,0
18.73725,79.15815,334.94,0.43,0.38,2022-03-11,746,N20,VIIRS,n,2,302.63,3.39,D,0
18.74035,80.48305,337.91,0.4,0.37,2022-03-11,746,N20,VIIRS,n,2,306.75,2.6,D,0
18.74228,79.12428,330.45,0.43,0.38,2022-03-11,746,N20,VIIRS,l,2,304.85,4.04,D,0
18.74248,80.47497,334.75,0.4,0.37,2022-03-11,746,N20,VIIRS,l,2,308.91,5.15,D,0
18.74308,80.47873,352.93,0.4,0.37,2022-03-11,746,N20,VIIRS,n,2,311.4,5.15,D,0
18.74368,80.48244,335.11,0.4,0.37,2022-03-11,746,N20,VIIRS,l,2,306.01,2.6,D,0
18.7695,79.35033,334.22,0.42,0.38,2022-03-11,746,N20,VIIRS,n,2,302.72,3.31,D,0
18.77208,80.31638,332.72,0.4,0.37,2022-03-11,746,N20,VIIRS,l,2,305.91,2.37,D,0
18.77746,80.6517,341.42,0.39,0.36,2022-03-11,746,N20,VIIRS,n,2,301.62,3.19,D,0
18.77959,80.64361,334.77,0.39,0.36,2022-03-11,746,N20,VIIRS,n,2,304.68,3.23,D,0
18.79295,78.93295,330.27,0.44,0.38,2022-03-11,746,N20,VIIRS,l,2,304.1,1.39,D,0
18.80376,80.17946,331.78,0.4,0.37,2022-03-11,746,N20,VIIRS,l,2,306.19,2.3,D,0
18.80712,80.17887,338.27,0.4,0.37,2022-03-11,746,N20,VIIRS,n,2,306.38,4.35,D,0
18.81367,80.83784,333.25,0.39,0.36,2022-03-11,746,N20,VIIRS,l,2,306.47,1.91,D,0
18.81443,80.1814,334.05,0.4,0.37,2022-03-11,746,N20,VIIRS,l,2,305.15,2.07,D,0
18.83656,80.78869,342.81,0.39,0.36,2022-03-11,746,N20,VIIRS,n,2,306.92,4.19,D,0
18.84166,80.30789,330.37,0.4,0.37,2022-03-11,746,N20,VIIRS,l,2,302.92,4.29,D,0
18.84296,80.93795,334.36,0.39,0.36,2022-03-11,746,N20,VIIRS,l,2,307.39,3.13,D,0
18.84535,80.28801,331.26,0.4,0.37,2022-03-11,746,N20,VIIRS,l,2,306.24,2.55,D,0
18.84596,80.29179,337.77,0.4,0.37,2022-03-11,746,N20,VIIRS,n,2,306.1,2.55,D,0
18.84717,80.29931,334.52,0.4,0.37,2022-03-11,746,N20,VIIRS,l,2,305.18,2.45,D,0
18.85897,80.30865,343.79,0.4,0.37,2022-03-11,746,N20,VIIRS,n,2,305.9,2.62,D,0
18.86232,79.41919,337.47,0.42,0.38,2022-03-11,746,N20,VIIRS,l,2,309.06,11.35,D,0
18.86232,80.30807,336.02,0.4,0.37,2022-03-11,746,N20,VIIRS,n,2,305.65,2.54,D,0
18.86409,80.76882,348.52,0.39,0.36,2022-03-11,746,N20,VIIRS,n,2,309.64,7.59,D,0
18.86864,80.3261,340.05,0.4,0.37,2022-03-11,746,N20,VIIRS,n,2,309.06,4.91,D,0
18.87672,80.13943,336.08,0.4,0.37,2022-03-11,746,N20,VIIRS,n,2,304.57,4.17,D,0
18.87997,81.48724,342.7,0.38,0.36,2022-03-11,746,N20,VIIRS,n,2,310.87,3.12,D,0
18.89964,80.9094,338.88,0.39,0.36,2022-03-11,746,N20,VIIRS,n,2,308.56,3.33,D,0
18.90613,79.60174,333.27,0.42,0.37,2022-03-11,746,N20,VIIRS,n,2,302.45,2.6,D,0
18.91486,79.01195,332.61,0.44,0.38,2022-03-11,746,N20,VIIRS,n,2,302.54,3.95,D,0
18.91626,81.21326,346.35,0.39,0.36,2022-03-11,746,N20,VIIRS,n,2,306.96,3.64,D,0
18.92005,81.41344,335.56,0.38,0.36,2022-03-11,746,N20,VIIRS,l,2,307.93,0.77,D,0
18.9282,80.89661,333.5,0.39,0.36,2022-03-11,746,N20,VIIRS,l,2,307.89,2.26,D,0
18.92993,80.11476,335.1,0.4,0.37,2022-03-11,746,N20,VIIRS,l,2,307.68,3.82,D,0
18.93187,79.37371,338.6,0.42,0.38,2022-03-11,746,N20,VIIRS,n,2,307.65,4.08,D,0
18.95842,78.89938,333.56,0.44,0.38,2022-03-11,746,N20,VIIRS,n,2,302.09,3.14,D,0
18.97648,79.85904,340.72,0.41,0.37,2022-03-11,746,N20,VIIRS,n,2,308.23,3.38,D,0
18.9873,80.12819,342.52,0.4,0.37,2022-03-11,746,N20,VIIRS,n,2,306.73,6.18,D,0
18.98791,80.132,342.79,0.4,0.37,2022-03-11,746,N20,VIIRS,n,2,307.62,3.94,D,0
18.99004,81.16286,336.33,0.39,0.36,2022-03-11,746,N20,VIIRS,n,2,309.22,3.09,D,0
18.99051,80.27785,333.63,0.4,0.37,2022-03-11,746,N20,VIIRS,l,2,306.68,6.55,D,0
19.00307,78.7759,334.19,0.44,0.39,2022-03-11,746,N20,VIIRS,n,2,304.52,2.37,D,0
19.03243,77.18591,335.03,0.53,0.42,2022-03-11,746,N20,VIIRS,l,2,306.62,1.56,D,0
19.07892,78.77467,340.05,0.44,0.39,2022-03-11,746,N20,VIIRS,n,2,305.61,4.03,D,0
19.07962,78.77883,339.9,0.44,0.39,2022-03-11,746,N20,VIIRS,n,2,304.03,4.03,D,0
19.10357,78.96574,339.48,0.44,0.38,2022-03-11,746,N20,VIIRS,n,2,309.63,5.82,D,0
19.10629,81.47433,333.2,0.38,0.36,2022-03-11,746,N20,VIIRS,l,2,306.23,2.59,D,0
19.11644,78.37106,342.35,0.46,0.39,2022-03-11,746,N20,VIIRS,n,2,308.35,6.14,D,0
19.12967,78.47095,333.48,0.46,0.39,2022-03-11,746,N20,VIIRS,l,2,304.76,1.37,D,0
19.13388,78.1615,331.49,0.47,0.4,2022-03-11,746,N20,VIIRS,l,2,306.38,1.89,D,0
19.13649,79.6362,345.05,0.41,0.37,2022-03-11,746,N20,VIIRS,n,2,313.18,6.08,D,0
19.14697,78.87423,332.11,0.44,0.38,2022-03-11,746,N20,VIIRS,l,2,305.15,3.84,D,0
19.14767,78.87834,334.33,0.44,0.38,2022-03-11,746,N20,VIIRS,l,2,304.64,3.84,D,0
19.15452,79.42396,333.41,0.42,0.38,2022-03-11,746,N20,VIIRS,l,2,306.78,1.96,D,0
19.16029,78.52232,336.06,0.45,0.39,2022-03-11,746,N20,VIIRS,n,2,304.33,2.03,D,0
19.1606,80.06615,331.31,0.4,0.37,2022-03-11,746,N20,VIIRS,l,2,306.05,3.05,D,0
19.16121,80.06995,339.45,0.4,0.37,2022-03-11,746,N20,VIIRS,n,2,304.36,7.2,D,0
19.16335,80.06178,339.67,0.4,0.37,2022-03-11,746,N20,VIIRS,n,2,307.21,5.67,D,0
19.16386,78.76021,331.9,0.44,0.39,2022-03-11,746,N20,VIIRS,l,2,304.96,4.35,D,0
19.16527,78.76862,346.5,0.44,0.39,2022-03-11,746,N20,VIIRS,n,2,307.3,8.28,D,0
19.16807,78.76372,330.71,0.44,0.39,2022-03-11,746,N20,VIIRS,l,2,304.43,2.02,D,0
19.18104,77.01623,333.44,0.54,0.42,2022-03-11,746,N20,VIIRS,l,2,305.59,2.77,D,0
19.18525,80.06919,330.78,0.4,0.37,2022-03-11,746,N20,VIIRS,l,2,303.98,3.41,D,0
19.18616,79.59536,345.15,0.41,0.37,2022-03-11,746,N20,VIIRS,n,2,311.2,9.87,D,0
19.19274,78.65191,343.36,0.45,0.39,2022-03-11,746,N20,VIIRS,n,2,306.65,7.64,D,0
19.19275,78.65106,335.56,0.45,0.39,2022-03-11,746,N20,VIIRS,l,2,306.81,7.17,D,0
19.23721,78.67831,330.65,0.45,0.39,2022-03-11,746,N20,VIIRS,l,2,304.16,1.88,D,0
19.23792,78.6825,332.22,0.45,0.39,2022-03-11,746,N20,VIIRS,l,2,302.69,1.88,D,0
19.26423,77.09124,337.11,0.53,0.42,2022-03-11,746,N20,VIIRS,l,2,308.79,3.8,D,0
19.32195,78.64155,333.08,0.45,0.39,2022-03-11,746,N20,VIIRS,l,2,304.82,4.97,D,0
19.32325,78.58511,334.13,0.45,0.39,2022-03-11,746,N20,VIIRS,n,2,303.1,2.44,D,0
19.32746,81.47668,337.22,0.38,0.36,2022-03-11,746,N20,VIIRS,n,2,308.63,2.59,D,0
19.3275,78.58869,337.48,0.45,0.39,2022-03-11,746,N20,VIIRS,n,2,303.75,6.18,D,0
19.3282,78.59282,332.8,0.45,0.39,2022-03-11,746,N20,VIIRS,l,2,303.09,3.11,D,0
19.34523,77.19296,337.84,0.52,0.42,2022-03-11,746,N20,VIIRS,n,2,307.17,7.21,D,0
19.37405,78.60592,333.77,0.45,0.39,2022-03-11,746,N20,VIIRS,l,2,308.5,3.37,D,0
19.41356,77.64907,343.74,0.49,0.41,2022-03-11,746,N20,VIIRS,n,2,309.41,4.85,D,0
19.43791,81.2901,332.71,0.38,0.36,2022-03-11,746,N20,VIIRS,n,2,305.54,1.82,D,0
19.4443,79.69289,336.06,0.41,0.37,2022-03-11,746,N20,VIIRS,n,2,308.23,2.93,D,0
19.56786,77.93223,341.79,0.48,0.4,2022-03-11,746,N20,VIIRS,n,2,309.76,4.89,D,0
19.57821,77.71174,334.68,0.49,0.4,2022-03-11,746,N20,VIIRS,l,2,308.98,2.19,D,0
19.58065,77.76603,338.28,0.49,0.4,2022-03-11,746,N20,VIIRS,n,2,309.31,6.22,D,0
19.58248,78.35981,336.74,0.46,0.39,2022-03-11,746,N20,VIIRS,l,2,309.75,3.87,D,0
19.58405,78.36282,339.22,0.46,0.39,2022-03-11,746,N20,VIIRS,n,2,312.08,6.19,D,0
19.63234,77.33897,344.65,0.51,0.41,2022-03-11,746,N20,VIIRS,n,2,312.8,6.74,D,0
19.66259,80.98596,332.75,0.39,0.36,2022-03-11,746,N20,VIIRS,l,2,303.84,3.45,D,0
19.6792,81.46831,340.31,0.38,0.36,2022-03-11,746,N20,VIIRS,n,2,306.78,2.76,D,0
19.70552,77.81483,337.71,0.48,0.4,2022-03-11,746,N20,VIIRS,l,2,312.03,3.3,D,0
19.72783,78.42108,337.73,0.45,0.39,2022-03-11,746,N20,VIIRS,l,2,311.13,3.66,D,0
19.73285,77.84197,336.45,0.48,0.4,2022-03-11,746,N20,VIIRS,l,2,310.12,2.89,D,0
19.73394,78.34987,336.99,0.45,0.39,2022-03-11,746,N20,VIIRS,l,2,310.32,2.04,D,0
19.73605,78.34076,342.06,0.45,0.39,2022-03-11,746,N20,VIIRS,n,2,310.41,6.53,D,0
19.73624,79.32726,338.33,0.42,0.37,2022-03-11,746,N20,VIIRS,n,2,311.29,3.0,D,0
19.73679,78.34509,334.15,0.45,0.39,2022-03-11,746,N20,VIIRS,l,2,308.48,3.69,D,0
19.76109,78.42344,342.42,0.45,0.39,2022-03-11,746,N20,VIIRS,n,2,310.95,6.74,D,0
19.79941,81.43231,334.25,0.38,0.36,2022-03-11,746,N20,VIIRS,l,2,306.9,1.85,D,0
19.80811,81.37865,333.96,0.38,0.36,2022-03-11,746,N20,VIIRS,l,2,308.88,1.58,D,0
19.85621,78.44935,345.97,0.45,0.39,2022-03-11,746,N20,VIIRS,n,2,313.04,9.87,D,0
19.8716,77.47743,337.97,0.5,0.41,2022-03-11,746,N20,VIIRS,l,2,309.33,4.75,D,0
19.87371,78.94511,341.13,0.43,0.38,2022-03-11,746,N20,VIIRS,l,2,313.32,6.33,D,0
19.89108,77.10756,342.75,0.52,0.42,2022-03-11,746,N20,VIIRS,n,2,311.95,11.99,D,0
19.99042,81.41432,334.2,0.38,0.36,2022-03-11,746,N20,VIIRS,l,2,305.92,0.93,D,0
18.0339,81.02184,306.18,0.39,0.36,2022-03-11,2016,N20,VIIRS,n,2,292.93,0.47,N,0
18.0347,81.07478,307.79,0.39,0.37,2022-03-11,2016,N20,VIIRS,n,2,293.37,0.89,N,0
18.04228,80.97021,307.48,0.39,0.36,2022-03-11,2016,N20,VIIRS,n,2,293.56,1.16,N,0
18.04469,80.85016,304.75,0.39,0.36,2022-03-11,2016,N20,VIIRS,n,2,293.27,0.89,N,0
18.09172,80.43204,304.85,0.39,0.36,2022-03-11,2016,N20,VIIRS,n,2,292.93,0.63,N,0
18.0923,80.42842,307.96,0.39,0.36,2022-03-11,2016,N20,VIIRS,n,2,292.94,0.63,N,0
18.09885,80.13282,304.67,0.38,0.36,2022-03-11,2016,N20,VIIRS,n,2,292.8,0.75,N,0
18.10443,80.119,308.22,0.38,0.36,2022-03-11,2016,N20,VIIRS,n,2,293.58,1.38,N,0
18.10715,80.12316,306.99,0.38,0.36,2022-03-11,2016,N20,VIIRS,n,2,293.76,1.21,N,0
18.11231,80.17587,309.32,0.38,0.36,2022-03-11,2016,N20,VIIRS,n,2,293.74,1.37,N,0
18.12376,80.189,308.69,0.38,0.36,2022-03-11,2016,N20,VIIRS,n,2,293.46,0.91,N,0
18.12706,80.18957,315.11,0.38,0.36,2022-03-11,2016,N20,VIIRS,n,2,293.76,0.91,N,0
18.12723,80.82291,306.15,0.39,0.36,2022-03-11,2016,N20,VIIRS,n,2,293.88,1.02,N,0
18.12996,80.8271,310.42,0.39,0.36,2022-03-11,2016,N20,VIIRS,n,2,294.4,0.93,N,0
18.13056,80.82342,306.78,0.39,0.36,2022-03-11,2016,N20,VIIRS,n,2,294.4,0.93,N,0
18.14172,80.81767,304.37,0.39,0.36,2022-03-11,2016,N20,VIIRS,n,2,292.66,0.62,N,0
18.1435,80.80671,305.52,0.39,0.36,2022-03-11,2016,N20,VIIRS,n,2,292.53,0.65,N,0
18.14394,80.76197,306.05,0.39,0.36,2022-03-11,2016,N20,VIIRS,n,2,294.09,1.48,N,0
18.14987,80.83048,305.2,0.39,0.36,2022-03-11,2016,N20,VIIRS,n,2,293.53,0.98,N,0
18.15047,80.82684,306.84,0.39,0.36,2022-03-11,2016,N20,VIIRS,n,2,293.71,0.98,N,0
18.15105,80.82318,317.65,0.39,0.36,2022-03-11,2016,N20,VIIRS,n,2,293.48,1.29,N,0
18.15165,80.81953,308.91,0.39,0.36,2022-03-11,2016,N20,VIIRS,n,2,293.49,1.29,N,0
18.163,80.7915,307.17,0.39,0.36,2022-03-11,2016,N20,VIIRS,n,2,293.25,1.47,N,0
18.16312,80.83295,330.46,0.39,0.36,2022-03-11,2016,N20,VIIRS,n,2,295.21,3.6,N,0
18.16359,80.78786,315.95,0.39,0.36,2022-03-11,2016,N20,VIIRS,n,2,293.95,1.32,N,0
18.16418,80.78426,314.58,0.39,0.36,2022-03-11,2016,N20,VIIRS,n,2,294.22,1.32,N,0
18.16437,79.91116,307.78,0.38,0.36,2022-03-11,2016,N20,VIIRS,n,2,293.25,1.21,N,0
18.16475,80.78069,307.41,0.39,0.36,2022-03-11,2016,N20,VIIRS,n,2,294.23,1.56,N,0
18.16534,80.77707,318.11,0.39,0.36,2022-03-11,2016,N20,VIIRS,n,2,294.53,1.56,N,0
18.16593,80.77346,314.38,0.39,0.36,2022-03-11,2016,N20,VIIRS,n,2,294.05,1.15,N,0
18.16767,79.91173,310.74,0.38,0.36,2022-03-11,2016,N20,VIIRS,n,2,293.21,1.26,N,0
18.16924,80.77405,307.13,0.39,0.36,2022-03-11,2016,N20,VIIRS,n,2,293.83,1.15,N,0
18.18526,80.33665,311.5,0.39,0.36,2022-03-11,2016,N20,VIIRS,n,2,293.66,1.83,N,0
18.19472,80.82664,308.05,0.39,0.36,2022-03-11,2016,N20,VIIRS,n,2,294.18,1.35,N,0
18.19743,80.83094,324.86,0.39,0.36,2022-03-11,2016,N20,VIIRS,n,2,294.76,1.67,N,0
18.19803,80.82725,325.87,0.39,0.36,2022-03-11,2016,N20,VIIRS,n,2,295.09,1.67,N,0
18.19862,80.82361,314.41,0.39,0.36,2022-03-11,2016,N20,VIIRS,n,2,294.43,1.72,N,0
18.19922,80.81998,321.78,0.39,0.36,2022-03-11,2016,N20,VIIRS,n,2,294.6,1.72,N,0
18.20134,80.82786,311.3,0.39,0.36,2022-03-11,2016,N20,VIIRS,n,2,293.88,1.67,N,0
18.20312,80.81694,308.53,0.39,0.36,2022-03-11,2016,N20,VIIRS,n,2,293.63,1.5,N,0
18.2165,80.35324,305.94,0.39,0.36,2022-03-11,2016,N20,VIIRS,n,2,294.03,1.22,N,0
18.21815,80.80838,305.41,0.39,0.36,2022-03-11,2016,N20,VIIRS,n,2,293.48,0.59,N,0
18.21874,80.80473,304.76,0.39,0.36,2022-03-11,2016,N20,VIIRS,n,2,292.99,0.68,N,0
18.24414,80.64808,309.75,0.39,0.36,2022-03-11,2016,N20,VIIRS,n,2,294.41,2.03,N,0
18.24472,80.64448,311.19,0.39,0.36,2022-03-11,2016,N20,VIIRS,n,2,293.88,1.36,N,0
18.2484,80.66383,307.43,0.39,0.36,2022-03-11,2016,N20,VIIRS,n,2,294.05,0.82,N,0
18.24861,80.64143,310.97,0.39,0.36,2022-03-11,2016,N20,VIIRS,n,2,294.31,1.82,N,0
18.2492,80.63783,308.05,0.39,0.36,2022-03-11,2016,N20,VIIRS,n,2,292.83,0.82,N,0
18.25229,80.66075,320.17,0.39,0.36,2022-03-11,2016,N20,VIIRS,n,2,294.78,1.37,N,0
18.25288,80.6571,320.88,0.39,0.36,2022-03-11,2016,N20,VIIRS,n,2,295.05,1.37,N,0
18.25309,80.63478,306.47,0.39,0.36,2022-03-11,2016,N20,VIIRS,n,2,293.15,0.82,N,0
18.25347,80.65346,304.49,0.39,0.36,2022-03-11,2016,N20,VIIRS,n,2,293.33,1.54,N,0
18.25523,80.64258,305.45,0.39,0.36,2022-03-11,2016,N20,VIIRS,n,2,294.14,1.4,N,0
18.25619,80.65771,306.97,0.39,0.36,2022-03-11,2016,N20,VIIRS,n,2,293.87,1.37,N,0
18.2564,80.63535,306.15,0.39,0.36,2022-03-11,2016,N20,VIIRS,n,2,294.22,0.84,N,0
18.25912,80.63956,305.57,0.39,0.36,2022-03-11,2016,N20,VIIRS,n,2,293.96,0.84,N,0
18.26103,80.66979,304.26,0.39,0.36,2022-03-11,2016,N20,VIIRS,n,2,292.92,0.47,N,0
18.26162,80.66617,303.94,0.39,0.36,2022-03-11,2016,N20,VIIRS,n,2,292.64,0.47,N,0
18.29305,80.87019,308.7,0.39,0.36,2022-03-11,2016,N20,VIIRS,n,2,294.04,0.98,N,0
18.29365,80.86652,311.36,0.39,0.36,2022-03-11,2016,N20,VIIRS,n,2,294.73,0.98,N,0
18.29425,80.86285,306.59,0.39,0.36,2022-03-11,2016,N20,VIIRS,n,2,294.17,1.04,N,0
18.40712,80.75494,310.33,0.39,0.36,2022-03-11,2016,N20,VIIRS,n,2,293.62,1.31,N,0
18.40771,80.75124,308.24,0.39,0.36,2022-03-11,2016,N20,VIIRS,n,2,293.46,1.31,N,0
18.41043,80.75556,315.78,0.39,0.36,2022-03-11,2016,N20,VIIRS,n,2,294.09,1.31,N,0
18.427,80.63136,305.75,0.39,0.36,2022-03-11,2016,N20,VIIRS,n,2,292.45,1.04,N,0
18.45001,80.68003,306.78,0.39,0.36,2022-03-11,2016,N20,VIIRS,n,2,292.7,0.72,N,0
18.45059,80.67645,304.68,0.39,0.36,2022-03-11,2016,N20,VIIRS,n,2,292.9,0.72,N,0
18.45116,80.67287,307.39,0.39,0.36,2022-03-11,2016,N20,VIIRS,n,2,292.57,1.53,N,0
18.56023,78.1653,310.57,0.41,0.37,2022-03-11,2016,N20,VIIRS,n,2,291.57,1.17,N,0
18.57368,78.86841,307.51,0.39,0.36,2022-03-11,2016,N20,VIIRS,n,2,292.96,1.04,N,0
18.6158,80.38858,310.69,0.39,0.36,2022-03-11,2016,N20,VIIRS,n,2,293.28,1.29,N,0
18.61727,80.54891,306.46,0.39,0.36,2022-03-11,2016,N20,VIIRS,n,2,291.36,0.83,N,0
18.61852,80.39277,317.09,0.39,0.36,2022-03-11,2016,N20,VIIRS,n,2,294.74,2.3,N,0
18.61902,80.53799,320.28,0.39,0.36,2022-03-11,2016,N20,VIIRS,n,2,293.18,4.65,N,0
18.6191,80.38914,320.91,0.39,0.36,2022-03-11,2016,N20,VIIRS,n,2,293.42,1.29,N,0
18.6194,80.55673,308.55,0.39,0.36,2022-03-11,2016,N20,VIIRS,n,2,292.99,0.65,N,0
18.62182,80.39333,305.04,0.39,0.36,2022-03-11,2016,N20,VIIRS,n,2,293.44,0.74,N,0
18.62231,80.53858,339.33,0.39,0.36,2022-03-11,2016,N20,VIIRS,n,2,296.29,4.65,N,0
18.62692,80.4463,324.4,0.39,0.36,2022-03-11,2016,N20,VIIRS,n,2,293.34,1.52,N,0
18.62749,80.44267,314.34,0.39,0.36,2022-03-11,2016,N20,VIIRS,n,2,292.76,1.03,N,0
18.62906,80.45411,304.58,0.39,0.36,2022-03-11,2016,N20,VIIRS,n,2,292.73,0.43,N,0
18.63021,80.44687,304.23,0.39,0.36,2022-03-11,2016,N20,VIIRS,n,2,293.1,1.52,N,0
18.63178,80.45831,304.1,0.39,0.36,2022-03-11,2016,N20,VIIRS,n,2,292.83,0.74,N,0
18.63507,80.45887,304.21,0.39,0.36,2022-03-11,2016,N20,VIIRS,n,2,292.98,0.74,N,0
18.639,80.5191,308.63,0.39,0.36,2022-03-11,2016,N20,VIIRS,n,2,293.02,0.84,N,0
18.63958,80.51546,309.18,0.39,0.36,2022-03-11,2016,N20,VIIRS,n,2,293.4,0.84,N,0
18.63998,80.59771,307.7,0.39,0.36,2022-03-11,2016,N20,VIIRS,n,2,290.65,1.7,N,0
18.64074,80.5082,313.6,0.39,0.36,2022-03-11,2016,N20,VIIRS,n,2,293.41,1.15,N,0
18.6423,80.51967,306.25,0.39,0.36,2022-03-11,2016,N20,VIIRS,n,2,292.89,0.72,N,0
18.64288,80.51602,310.03,0.39,0.36,2022-03-11,2016,N20,VIIRS,n,2,292.93,0.72,N,0
18.64986,80.53594,311.32,0.39,0.36,2022-03-11,2016,N20,VIIRS,n,2,293.32,1.22,N,0
18.65,80.45031,308.54,0.39,0.36,2022-03-11,2016,N20,VIIRS,n,2,292.98,1.31,N,0
18.65271,80.45451,310.1,0.39,0.36,2022-03-11,2016,N20,VIIRS,n,2,293.9,1.45,N,0
18.65329,80.45089,327.75,0.39,0.36,2022-03-11,2016,N20,VIIRS,n,2,292.66,1.45,N,0
18.70906,80.48682,313.33,0.39,0.36,2022-03-11,2016,N20,VIIRS,n,2,294.24,1.67,N,0
18.70953,79.51015,309.19,0.39,0.36,2022-03-11,2016,N20,VIIRS,n,2,293.09,1.14,N,0
18.71061,80.56173,305.17,0.39,0.36,2022-03-11,2016,N20,VIIRS,n,2,292.67,1.49,N,0
18.72236,79.53805,301.45,0.39,0.36,2022-03-11,2016,N20,VIIRS,n,2,288.62,0.29,N,0
18.72292,79.5344,305.87,0.39,0.36,2022-03-11,2016,N20,VIIRS,n,2,289.84,0.29,N,0
18.73872,80.49208,307.17,0.39,0.36,2022-03-11,2016,N20,VIIRS,n,2,294.18,2.1,N,0
18.74973,79.38228,308.33,0.39,0.36,2022-03-11,2016,N20,VIIRS,n,2,293.98,1.22,N,0
18.77497,80.66923,304.57,0.39,0.36,2022-03-11,2016,N20,VIIRS,n,2,293.14,0.85,N,0
18.77827,80.66982,303.93,0.39,0.36,2022-03-11,2016,N20,VIIRS,n,2,292.44,0.85,N,0
18.77886,80.66615,312.76,0.39,0.36,2022-03-11,2016,N20,VIIRS,n,2,293.56,0.85,N,0
18.77965,80.64017,305.71,0.39,0.36,2022-03-11,2016,N20,VIIRS,n,2,292.6,0.74,N,0
18.78295,80.64075,305.29,0.39,0.36,2022-03-11,2016,N20,VIIRS,n,2,293.63,0.74,N,0
18.78626,80.64132,310.46,0.39,0.36,2022-03-11,2016,N20,VIIRS,n,2,293.86,1.4,N,0
18.78898,80.64549,305.05,0.39,0.36,2022-03-11,2016,N20,VIIRS,n,2,293.42,1.02,N,0
18.7903,79.47128,302.5,0.39,0.36,2022-03-11,2016,N20,VIIRS,n,2,289.15,0.62,N,0
18.79899,80.75199,305.96,0.39,0.36,2022-03-11,2016,N20,VIIRS,n,2,294.05,1.86,N,0
18.80288,80.74895,309.41,0.39,0.36,2022-03-11,2016,N20,VIIRS,n,2,292.55,1.52,N,0
18.89347,80.45872,308.86,0.39,0.36,2022-03-11,2016,N20,VIIRS,n,2,293.75,1.19,N,0
18.90114,80.13294,310.91,0.38,0.36,2022-03-11,2016,N20,VIIRS,n,2,292.45,1.33,N,0
18.91444,80.11297,306.02,0.38,0.36,2022-03-11,2016,N20,VIIRS,n,2,294.18,1.09,N,0
18.93668,80.33987,305.75,0.38,0.36,2022-03-11,2016,N20,VIIRS,n,2,293.44,0.95,N,0
18.98557,78.90526,308.6,0.39,0.36,2022-03-11,2016,N20,VIIRS,n,2,291.88,2.23,N,0
18.99053,80.17085,310.97,0.38,0.36,2022-03-11,2016,N20,VIIRS,n,2,294.74,1.11,N,0
18.9908,80.1263,305.71,0.38,0.36,2022-03-11,2016,N20,VIIRS,n,2,292.79,1.14,N,0
18.99352,80.13049,304.64,0.38,0.36,2022-03-11,2016,N20,VIIRS,n,2,292.64,0.83,N,0
18.9944,80.16781,307.52,0.38,0.36,2022-03-11,2016,N20,VIIRS,n,2,294.83,1.11,N,0
19.04032,80.11262,316.74,0.38,0.36,2022-03-11,2016,N20,VIIRS,n,2,293.09,1.01,N,0
19.04089,80.109,305.8,0.38,0.36,2022-03-11,2016,N20,VIIRS,n,2,291.65,1.01,N,0
19.04361,80.1132,312.74,0.38,0.36,2022-03-11,2016,N20,VIIRS,n,2,292.78,1.01,N,0
19.15759,80.05828,318.52,0.38,0.36,2022-03-11,2016,N20,VIIRS,n,2,292.89,1.71,N,0
19.16088,80.05885,318.31,0.38,0.36,2022-03-11,2016,N20,VIIRS,n,2,293.73,1.71,N,0
19.16145,80.05523,315.06,0.38,0.36,2022-03-11,2016,N20,VIIRS,n,2,294.12,1.71,N,0
19.19112,80.06414,311.76,0.38,0.36,2022-03-11,2016,N20,VIIRS,n,2,294.49,1.55,N,0
19.19169,80.06052,311.68,0.38,0.36,2022-03-11,2016,N20,VIIRS,n,2,294.35,1.55,N,0
19.27016,78.6861,305.95,0.4,0.37,2022-03-11,2016,N20,VIIRS,n,2,286.03,2.07,N,0
19.38839,81.45779,302.19,0.4,0.37,2022-03-11,2016,N20,VIIRS,n,2,291.78,0.62,N,0
15.51265,78.63128,308.05,0.39,0.36,2022-03-11,2017,N20,VIIRS,n,2,294.11,0.97,N,0
15.54242,78.63617,311.24,0.39,0.36,2022-03-11,2017,N20,VIIRS,n,2,294.92,1.44,N,0
15.5967,78.17146,304.11,0.39,0.36,2022-03-11,2017,N20,VIIRS,n,2,292.62,0.5,N,0
15.6026,78.68643,305.96,0.39,0.36,2022-03-11,2017,N20,VIIRS,n,2,293.52,0.69,N,0
15.61305,78.70654,303.78,0.39,0.36,2022-03-11,2017,N20,VIIRS,n,2,292.88,0.85,N,0
15.61528,78.69213,321.05,0.39,0.36,2022-03-11,2017,N20,VIIRS,n,2,294.92,1.83,N,0
15.61805,78.67413,308.95,0.39,0.36,2022-03-11,2017,N20,VIIRS,n,2,294.12,0.98,N,0
15.61858,78.69268,306.44,0.39,0.36,2022-03-11,2017,N20,VIIRS,n,2,293.75,0.86,N,0
15.61914,78.68906,307.13,0.39,0.36,2022-03-11,2017,N20,VIIRS,n,2,294.14,0.86,N,0
15.6208,78.67824,307.16,0.39,0.36,2022-03-11,2017,N20,VIIRS,n,2,293.63,0.84,N,0
15.62467,78.67519,305.75,0.39,0.36,2022-03-11,2017,N20,VIIRS,n,2,293.79,0.84,N,0
15.62795,78.69784,306.85,0.39,0.36,2022-03-11,2017,N20,VIIRS,n,2,293.52,0.75,N,0
15.6307,78.70197,317.32,0.39,0.36,2022-03-11,2017,N20,VIIRS,n,2,294.43,2.08,N,0
15.63138,79.00214,305.27,0.38,0.36,2022-03-11,2017,N20,VIIRS,n,2,294.59,0.8,N,0
15.63181,78.69476,309.3,0.39,0.36,2022-03-11,2017,N20,VIIRS,n,2,293.39,1.18,N,0
15.66989,78.66785,301.99,0.39,0.36,2022-03-11,2017,N20,VIIRS,n,2,291.87,0.37,N,0
15.67521,79.09344,315.05,0.38,0.36,2022-03-11,2017,N20,VIIRS,n,2,295.79,1.92,N,0
15.67795,79.09756,312.62,0.38,0.36,2022-03-11,2017,N20,VIIRS,n,2,294.94,2.1,N,0
15.67862,78.72087,303.35,0.39,0.36,2022-03-11,2017,N20,VIIRS,n,2,293.07,0.64,N,0
15.68069,79.10165,313.88,0.38,0.36,2022-03-11,2017,N20,VIIRS,n,2,295.06,1.61,N,0
15.68193,78.72139,306.05,0.39,0.36,2022-03-11,2017,N20,VIIRS,n,2,293.59,0.53,N,0
15.68343,79.10576,308.05,0.38,0.36,2022-03-11,2017,N20,VIIRS,n,2,294.82,1.45,N,0
15.68399,79.10221,317.62,0.38,0.36,2022-03-11,2017,N20,VIIRS,n,2,295.65,1.45,N,0
15.68524,78.7219,304.43,0.39,0.36,2022-03-11,2017,N20,VIIRS,n,2,292.49,0.53,N,0
15.68552,78.45663,307.22,0.39,0.36,2022-03-11,2017,N20,VIIRS,n,2,295.57,1.2,N,2
15.69002,79.10687,316.02,0.38,0.36,2022-03-11,2017,N20,VIIRS,n,2,294.22,1.64,N,0
15.6998,78.80527,302.6,0.39,0.36,2022-03-11,2017,N20,VIIRS,n,2,291.83,0.67,N,0
15.71413,78.80018,303.13,0.39,0.36,2022-03-11,2017,N20,VIIRS,n,2,292.49,1.07,N,0
15.71631,78.82983,308.15,0.39,0.36,2022-03-11,2017,N20,VIIRS,n,2,293.11,1.52,N,0
15.71632,78.80786,306.04,0.39,0.36,2022-03-11,2017,N20,VIIRS,n,2,292.88,0.74,N,0
15.72906,78.72564,303.58,0.39,0.36,2022-03-11,2017,N20,VIIRS,n,2,292.37,0.75,N,0
15.72961,78.72206,307.22,0.39,0.36,2022-03-11,2017,N20,VIIRS,n,2,292.34,0.75,N,0
15.73181,78.72979,302.95,0.39,0.36,2022-03-11,2017,N20,VIIRS,n,2,292.28,0.96,N,0
15.73505,78.79634,312.78,0.39,0.36,2022-03-11,2017,N20,VIIRS,n,2,292.99,1.53,N,0
15.74993,79.05102,330.21,0.38,0.36,2022-03-11,2017,N20,VIIRS,n,2,295.4,2.19,N,0
15.75048,79.04748,305.35,0.38,0.36,2022-03-11,2017,N20,VIIRS,n,2,293.1,2.19,N,0
15.75485,79.06277,304.3,0.38,0.36,2022-03-11,2017,N20,VIIRS,n,2,292.87,1.22,N,0
15.75527,78.90585,307.09,0.39,0.36,2022-03-11,2017,N20,VIIRS,n,2,292.27,0.35,N,0
15.76694,78.83092,307.72,0.39,0.36,2022-03-11,2017,N20,VIIRS,n,2,293.89,0.93,N,0
15.76749,78.82737,317.03,0.39,0.36,2022-03-11,2017,N20,VIIRS,n,2,294.71,1.26,N,0
15.76805,78.82379,310.65,0.39,0.36,2022-03-11,2017,N20,VIIRS,n,2,292.67,1.26,N,0
15.76974,79.03248,315.41,0.38,0.36,2022-03-11,2017,N20,VIIRS,n,2,293.73,0.94,N,0
15.77157,78.89023,305.04,0.39,0.36,2022-03-11,2017,N20,VIIRS,n,2,292.06,0.46,N,0
15.77303,79.03304,305.54,0.38,0.36,2022-03-11,2017,N20,VIIRS,n,2,292.08,0.94,N,0
15.77411,79.0478,302.66,0.38,0.36,2022-03-11,2017,N20,VIIRS,n,2,292.02,0.18,N,0
15.77415,79.02593,304.97,0.38,0.36,2022-03-11,2017,N20,VIIRS,n,2,291.46,0.11,N,0
15.77761,78.8949,305.94,0.39,0.36,2022-03-11,2017,N20,VIIRS,n,2,292.68,0.57,N,0
15.78091,78.89543,309.57,0.39,0.36,2022-03-11,2017,N20,VIIRS,n,2,292.32,0.57,N,0
15.78426,78.85185,306.72,0.39,0.36,2022-03-11,2017,N20,VIIRS,n,2,292.29,0.4,N,0
15.79137,78.89338,314.59,0.39,0.36,2022-03-11,2017,N20,VIIRS,n,2,294.49,1.91,N,0
15.80544,79.04205,311.1,0.38,0.36,2022-03-11,2017,N20,VIIRS,n,2,294.03,0.87,N,0
15.80929,79.03904,307.14,0.38,0.36,2022-03-11,2017,N20,VIIRS,n,2,292.59,0.71,N,0
15.81677,78.79514,303.91,0.39,0.36,2022-03-11,2017,N20,VIIRS,n,2,292.67,0.88,N,0
15.8211,78.87632,312.55,0.39,0.36,2022-03-11,2017,N20,VIIRS,n,2,293.45,1.35,N,0
15.82332,78.86204,311.3,0.39,0.36,2022-03-11,2017,N20,VIIRS,n,2,292.98,1.37,N,0
15.82388,78.85847,305.61,0.39,0.36,2022-03-11,2017,N20,VIIRS,n,2,292.62,1.16,N,0
15.82829,78.85184,306.36,0.39,0.36,2022-03-11,2017,N20,VIIRS,n,2,292.44,1.03,N,0
15.82978,78.95108,310.67,0.39,0.36,2022-03-11,2017,N20,VIIRS,n,2,293.37,0.8,N,0
15.83048,78.85954,303.39,0.39,0.36,2022-03-11,2017,N20,VIIRS,n,2,292.99,0.76,N,0
15.83305,78.97353,308.31,0.39,0.36,2022-03-11,2017,N20,VIIRS,n,2,293.08,1.0,N,0
15.83308,78.95161,307.64,0.39,0.36,2022-03-11,2017,N20,VIIRS,n,2,293.1,0.8,N,0
15.83549,78.80541,308.97,0.39,0.36,2022-03-11,2017,N20,VIIRS,n,2,293.79,1.06,N,0
15.83635,78.97408,312.25,0.39,0.36,2022-03-11,2017,N20,VIIRS,n,2,293.62,1.0,N,0
15.83746,78.96694,313.59,0.39,0.36,2022-03-11,2017,N20,VIIRS,n,2,293.81,1.48,N,0
15.8388,78.80595,307.01,0.39,0.36,2022-03-11,2017,N20,VIIRS,n,2,293.7,0.88,N,0
15.84016,78.99301,303.93,0.38,0.36,2022-03-11,2017,N20,VIIRS,n,2,292.88,0.18,N,0
15.84076,78.96746,305.18,0.39,0.36,2022-03-11,2017,N20,VIIRS,n,2,293.5,0.69,N,0
15.84874,78.78549,305.0,0.39,0.36,2022-03-11,2017,N20,VIIRS,n,2,293.99,1.31,N,0
15.84982,78.80042,308.81,0.39,0.36,2022-03-11,2017,N20,VIIRS,n,2,294.42,1.28,N,0
15.85083,78.85932,309.9,0.39,0.36,2022-03-11,2017,N20,VIIRS,n,2,292.86,1.28,N,0
15.85312,78.80099,327.83,0.39,0.36,2022-03-11,2017,N20,VIIRS,n,2,295.86,2.53,N,0
15.85427,78.7717,306.72,0.39,0.36,2022-03-11,2017,N20,VIIRS,n,2,293.4,0.92,N,0
15.85698,78.79797,309.29,0.39,0.36,2022-03-11,2017,N20,VIIRS,n,2,293.92,1.69,N,0
15.85772,79.01051,310.2,0.38,0.36,2022-03-11,2017,N20,VIIRS,n,2,293.7,0.99,N,0
15.85976,78.78001,305.02,0.39,0.36,2022-03-11,2017,N20,VIIRS,n,2,293.89,1.13,N,0
15.86196,78.7877,306.59,0.39,0.36,2022-03-11,2017,N20,VIIRS,n,2,294.55,0.93,N,0
15.86246,78.80627,309.25,0.39,0.36,2022-03-11,2017,N20,VIIRS,n,2,293.8,0.99,N,0
15.86251,78.78413,308.5,0.39,0.36,2022-03-11,2017,N20,VIIRS,n,2,294.55,1.28,N,0
15.86471,78.79184,311.1,0.39,0.36,2022-03-11,2017,N20,VIIRS,n,2,294.7,0.93,N,0
15.86496,79.01119,305.41,0.38,0.36,2022-03-11,2017,N20,VIIRS,n,2,293.66,1.14,N,0
15.86745,78.79597,305.78,0.39,0.36,2022-03-11,2017,N20,VIIRS,n,2,294.06,0.81,N,0
15.87511,78.81207,304.08,0.39,0.36,2022-03-11,2017,N20,VIIRS,n,2,292.71,0.73,N,0
15.88341,78.80231,307.0,0.39,0.36,2022-03-11,2017,N20,VIIRS,n,2,294.29,1.12,N,0
15.88381,78.868,308.13,0.39,0.36,2022-03-11,2017,N20,VIIRS,n,2,293.28,0.91,N,0
15.88436,78.86445,313.67,0.39,0.36,2022-03-11,2017,N20,VIIRS,n,2,293.56,0.91,N,0
15.88491,78.8609,314.6,0.39,0.36,2022-03-11,2017,N20,VIIRS,n,2,292.72,1.23,N,0
15.88498,78.8357,303.3,0.39,0.36,2022-03-11,2017,N20,VIIRS,n,2,292.17,1.1,N,0
15.88672,78.80285,304.56,0.39,0.36,2022-03-11,2017,N20,VIIRS,n,2,293.1,0.7,N,0
15.89057,78.79983,310.43,0.39,0.36,2022-03-11,2017,N20,VIIRS,n,2,293.97,0.7,N,0
15.89113,78.79624,305.3,0.39,0.36,2022-03-11,2017,N20,VIIRS,n,2,293.28,1.0,N,0
15.9095,79.00758,305.01,0.38,0.36,2022-03-11,2017,N20,VIIRS,n,2,293.97,1.34,N,0
15.91635,78.78898,301.42,0.39,0.36,2022-03-11,2017,N20,VIIRS,n,2,290.98,0.47,N,0
15.92112,78.95473,308.29,0.39,0.36,2022-03-11,2017,N20,VIIRS,n,2,293.94,1.4,N,0
15.92332,78.96236,313.99,0.39,0.36,2022-03-11,2017,N20,VIIRS,n,2,294.92,1.08,N,0
15.92387,78.95882,308.88,0.39,0.36,2022-03-11,2017,N20,VIIRS,n,2,293.3,1.08,N,0
15.94582,78.99172,307.5,0.39,0.36,2022-03-11,2017,N20,VIIRS,n,2,293.74,0.8,N,0
15.96047,78.7447,320.89,0.39,0.36,2022-03-11,2017,N20,VIIRS,n,2,292.01,1.67,N,0
15.96378,78.74525,312.32,0.39,0.36,2022-03-11,2017,N20,VIIRS,n,2,291.0,0.84,N,0
15.98249,78.75577,308.6,0.39,0.36,2022-03-11,2017,N20,VIIRS,n,2,292.65,1.23,N,0
16.00719,79.01281,302.96,0.39,0.36,2022-03-11,2017,N20,VIIRS,n,2,292.26,0.55,N,0
16.02308,78.49288,315.28,0.39,0.36,2022-03-11,2017,N20,VIIRS,n,2,294.68,1.38,N,0
16.04112,78.59539,322.76,0.39,0.36,2022-03-11,2017,N20,VIIRS,n,2,295.28,2.31,N,0
16.04167,78.59177,310.74,0.39,0.36,2022-03-11,2017,N20,VIIRS,n,2,294.71,1.1,N,0
16.04222,78.58813,307.5,0.39,0.36,2022-03-11,2017,N20,VIIRS,n,2,294.6,1.1,N,0
16.04719,78.64439,322.78,0.39,0.36,2022-03-11,2017,N20,VIIRS,n,2,294.52,3.11,N,0
16.04774,78.64082,341.89,0.39,0.36,2022-03-11,2017,N20,VIIRS,n,2,295.27,3.11,N,0
16.05133,78.46411,305.35,0.39,0.36,2022-03-11,2017,N20,VIIRS,n,2,293.74,0.68,N,0
16.05492,78.61621,305.15,0.39,0.36,2022-03-11,2017,N20,VIIRS,n,2,293.03,0.52,N,0
16.05824,78.52785,307.27,0.39,0.36,2022-03-11,2017,N20,VIIRS,n,2,294.13,0.73,N,0
16.05824,78.55012,314.75,0.39,0.36,2022-03-11,2017,N20,VIIRS,n,2,294.04,1.12,N,0
16.05824,78.61674,307.75,0.39,0.36,2022-03-11,2017,N20,VIIRS,n,2,293.5,0.73,N,0
16.0588,78.52422,307.74,0.39,0.36,2022-03-11,2017,N20,VIIRS,n,2,294.01,0.73,N,0
16.0599,78.51697,316.48,0.39,0.36,2022-03-11,2017,N20,VIIRS,n,2,294.34,1.78,N,0
16.0599,78.5393,310.54,0.39,0.36,2022-03-11,2017,N20,VIIRS,n,2,293.33,1.15,N,0
16.06156,78.55071,315.73,0.39,0.36,2022-03-11,2017,N20,VIIRS,n,2,294.4,1.51,N,0
16.06211,78.5471,315.96,0.39,0.36,2022-03-11,2017,N20,VIIRS,n,2,294.13,1.51,N,0
16.06432,78.53262,305.92,0.39,0.36,2022-03-11,2017,N20,VIIRS,n,2,292.65,1.01,N,0
16.06487,78.55131,327.09,0.39,0.36,2022-03-11,2017,N20,VIIRS,n,2,295.19,1.51,N,0
16.06651,78.5628,304.56,0.39,0.36,2022-03-11,2017,N20,VIIRS,n,2,293.03,0.6,N,0
16.06818,78.5519,307.96,0.39,0.36,2022-03-11,2017,N20,VIIRS,n,2,294.22,1.04,N,0
16.06923,78.69979,309.93,0.39,0.36,2022-03-11,2017,N20,VIIRS,n,2,293.96,1.1,N,0
16.06928,78.56696,307.81,0.39,0.36,2022-03-11,2017,N20,VIIRS,n,2,294.06,0.6,N,0
16.06983,78.56338,303.6,0.39,0.36,2022-03-11,2017,N20,VIIRS,n,2,292.74,0.6,N,0
16.07094,78.55612,306.86,0.39,0.36,2022-03-11,2017,N20,VIIRS,n,2,293.37,0.89,N,0
16.07204,78.54887,309.27,0.39,0.36,2022-03-11,2017,N20,VIIRS,n,2,293.5,1.04,N,0
16.07259,78.56755,305.64,0.39,0.36,2022-03-11,2017,N20,VIIRS,n,2,292.59,0.41,N,0
16.07365,78.69315,308.25,0.39,0.36,2022-03-11,2017,N20,VIIRS,n,2,294.18,0.95,N,0
16.07421,78.68956,308.24,0.39,0.36,2022-03-11,2017,N20,VIIRS,n,2,293.96,0.95,N,0
16.07425,78.57882,323.61,0.39,0.36,2022-03-11,2017,N20,VIIRS,n,2,293.94,2.32,N,0
16.07476,78.68597,312.91,0.39,0.36,2022-03-11,2017,N20,VIIRS,n,2,294.14,0.99,N,0
16.0748,78.57527,304.83,0.39,0.36,2022-03-11,2017,N20,VIIRS,n,2,293.64,0.81,N,0
16.07531,78.68236,314.11,0.39,0.36,2022-03-11,2017,N20,VIIRS,n,2,293.79,0.99,N,0
16.07535,78.57171,306.31,0.39,0.36,2022-03-11,2017,N20,VIIRS,n,2,292.77,0.81,N,0
16.07702,78.58292,320.68,0.39,0.36,2022-03-11,2017,N20,VIIRS,n,2,293.35,1.23,N,0
16.07757,78.5794,305.64,0.39,0.36,2022-03-11,2017,N20,VIIRS,n,2,292.82,1.23,N,0
16.07862,78.68294,314.36,0.39,0.36,2022-03-11,2017,N20,VIIRS,n,2,293.67,0.99,N,0
16.07928,78.98452,304.41,0.39,0.36,2022-03-11,2017,N20,VIIRS,n,2,293.11,0.6,N,0
16.07979,78.587,326.41,0.39,0.36,2022-03-11,2017,N20,VIIRS,n,2,295.25,2.44,N,0
16.08034,78.58347,316.96,0.39,0.36,2022-03-11,2017,N20,VIIRS,n,2,294.12,1.23,N,0
16.08193,78.68348,310.8,0.39,0.36,2022-03-11,2017,N20,VIIRS,n,2,293.77,1.0,N,0
16.08249,78.67984,337.87,0.39,0.36,2022-03-11,2017,N20,VIIRS,n,2,296.1,6.24,N,0
16.08311,78.58753,309.51,0.39,0.36,2022-03-11,2017,N20,VIIRS,n,2,294.11,1.2,N,0
16.08359,79.00371,311.46,0.39,0.36,2022-03-11,2017,N20,VIIRS,n,2,293.74,0.72,N,0
16.08525,78.68401,312.5,0.39,0.36,2022-03-11,2017,N20,VIIRS,n,2,293.8,1.0,N,0
16.08692,78.98225,305.98,0.39,0.36,2022-03-11,2017,N20,VIIRS,n,2,292.88,1.22,N,0
16.088,78.68816,327.84,0.39,0.36,2022-03-11,2017,N20,VIIRS,n,2,294.88,2.2,N,0
16.08856,78.68452,328.7,0.39,0.36,2022-03-11,2017,N20,VIIRS,n,2,294.84,2.2,N,0
16.09022,78.98279,307.22,0.39,0.36,2022-03-11,2017,N20,VIIRS,n,2,292.98,0.58,N,0
16.09241,78.99049,305.27,0.39,0.36,2022-03-11,2017,N20,VIIRS,n,2,293.26,0.93,N,0
16.1078,79.00037,306.3,0.39,0.36,2022-03-11,2017,N20,VIIRS,n,2,292.93,0.52,N,0
16.10793,78.60297,307.65,0.39,0.36,2022-03-11,2017,N20,VIIRS,n,2,293.33,0.96,N,0
16.11049,78.76204,314.91,0.39,0.36,2022-03-11,2017,N20,VIIRS,n,2,289.78,1.38,N,0
16.11123,78.60355,313.47,0.39,0.36,2022-03-11,2017,N20,VIIRS,n,2,292.8,0.96,N,0
16.11272,78.74769,331.37,0.39,0.36,2022-03-11,2017,N20,VIIRS,n,2,291.76,3.32,N,0
16.11287,78.61494,302.8,0.39,0.36,2022-03-11,2017,N20,VIIRS,n,2,291.29,0.33,N,0
16.11327,78.7441,335.68,0.39,0.36,2022-03-11,2017,N20,VIIRS,n,2,292.49,2.06,N,0
16.11383,78.74052,323.64,0.39,0.36,2022-03-11,2017,N20,VIIRS,n,2,291.95,2.06,N,0
16.1151,78.60052,307.87,0.39,0.36,2022-03-11,2017,N20,VIIRS,n,2,292.5,0.7,N,0
16.11714,78.74106,308.79,0.39,0.36,2022-03-11,2017,N20,VIIRS,n,2,292.34,2.06,N,0
16.11769,78.73747,314.6,0.39,0.36,2022-03-11,2017,N20,VIIRS,n,2,291.83,1.03,N,0
16.11852,79.1486,304.52,0.38,0.36,2022-03-11,2017,N20,VIIRS,n,2,293.77,1.08,N,0
16.11907,79.14503,305.92,0.38,0.36,2022-03-11,2017,N20,VIIRS,n,2,294.25,1.08,N,0
16.1195,78.66006,316.27,0.39,0.36,2022-03-11,2017,N20,VIIRS,n,2,294.51,2.41,N,0
16.12007,78.65643,323.16,0.39,0.36,2022-03-11,2017,N20,VIIRS,n,2,293.32,2.54,N,0
16.12125,79.15271,315.66,0.38,0.36,2022-03-11,2017,N20,VIIRS,n,2,294.29,1.38,N,0
16.12177,78.75665,308.03,0.39,0.36,2022-03-11,2017,N20,VIIRS,n,2,291.77,0.71,N,0
16.12181,79.14914,315.13,0.38,0.36,2022-03-11,2017,N20,VIIRS,n,2,295.09,1.08,N,0
16.12228,78.64211,305.82,0.39,0.36,2022-03-11,2017,N20,VIIRS,n,2,293.32,0.69,N,0
16.12288,78.74944,307.36,0.39,0.36,2022-03-11,2017,N20,VIIRS,n,2,292.18,0.98,N,0
16.12293,79.14201,325.99,0.38,0.36,2022-03-11,2017,N20,VIIRS,n,2,294.96,1.64,N,0
16.12339,78.61288,305.67,0.39,0.36,2022-03-11,2017,N20,VIIRS,n,2,292.43,0.51,N,0
16.12343,78.74584,305.64,0.39,0.36,2022-03-11,2017,N20,VIIRS,n,2,291.71,0.54,N,0
16.12399,79.15682,329.89,0.38,0.36,2022-03-11,2017,N20,VIIRS,n,2,298.04,5.36,N,0
16.12449,78.6498,320.37,0.39,0.36,2022-03-11,2017,N20,VIIRS,n,2,294.8,2.33,N,0
16.1245,78.60568,304.68,0.39,0.36,2022-03-11,2017,N20,VIIRS,n,2,291.94,0.47,N,0
16.12455,79.15325,341.48,0.38,0.36,2022-03-11,2017,N20,VIIRS,n,2,297.83,5.36,N,0
16.12615,78.63904,306.33,0.39,0.36,2022-03-11,2017,N20,VIIRS,n,2,292.72,0.69,N,0
16.12622,79.14257,314.46,0.38,0.36,2022-03-11,2017,N20,VIIRS,n,2,293.97,0.72,N,0
16.12785,79.1538,334.03,0.38,0.36,2022-03-11,2017,N20,VIIRS,n,2,297.47,5.36,N,0
16.13059,78.61027,325.54,0.39,0.36,2022-03-11,2017,N20,VIIRS,n,2,293.4,2.45,N,0
16.13059,79.15791,314.43,0.38,0.36,2022-03-11,2017,N20,VIIRS,n,2,295.81,1.91,N,0
16.13115,79.15434,324.42,0.38,0.36,2022-03-11,2017,N20,VIIRS,n,2,296.36,1.91,N,0
16.13388,79.15845,328.22,0.38,0.36,2022-03-11,2017,N20,VIIRS,n,2,295.3,1.91,N,0
16.13779,78.62997,312.92,0.39,0.36,2022-03-11,2017,N20,VIIRS,n,2,293.36,1.06,N,0
16.14165,78.62696,304.64,0.39,0.36,2022-03-11,2017,N20,VIIRS,n,2,293.1,1.06,N,0
16.1433,78.61626,326.97,0.39,0.36,2022-03-11,2017,N20,VIIRS,n,2,293.98,1.64,N,0
16.14385,78.61268,303.11,0.39,0.36,2022-03-11,2017,N20,VIIRS,n,2,292.41,1.64,N,0
16.14716,78.61326,306.27,0.39,0.36,2022-03-11,2017,N20,VIIRS,n,2,291.14,0.26,N,0
16.14771,78.60963,301.59,0.39,0.36,2022-03-11,2017,N20,VIIRS,n,2,290.92,0.25,N,0
16.17916,78.6924,301.33,0.39,0.36,2022-03-11,2017,N20,VIIRS,n,2,290.95,0.65,N,0
16.17946,79.12927,312.88,0.38,0.36,2022-03-11,2017,N20,VIIRS,n,2,294.88,1.46,N,0
16.1808,78.6817,302.57,0.39,0.36,2022-03-11,2017,N20,VIIRS,n,2,290.65,0.57,N,0
16.18221,79.13338,307.8,0.38,0.36,2022-03-11,2017,N20,VIIRS,n,2,294.24,0.71,N,0
16.18301,78.68938,307.7,0.39,0.36,2022-03-11,2017,N20,VIIRS,n,2,291.61,0.97,N,0
16.18357,78.68581,312.72,0.39,0.36,2022-03-11,2017,N20,VIIRS,n,2,292.39,0.97,N,0
16.18412,78.68225,312.29,0.39,0.36,2022-03-11,2017,N20,VIIRS,n,2,291.3,0.81,N,0
16.1855,79.13393,308.19,0.38,0.36,2022-03-11,2017,N20,VIIRS,n,2,294.09,0.71,N,0
16.18769,79.1416,315.7,0.38,0.36,2022-03-11,2017,N20,VIIRS,n,2,295.35,1.43,N,0
16.18824,79.13803,309.4,0.38,0.36,2022-03-11,2017,N20,VIIRS,n,2,294.63,1.62,N,0
16.19098,79.14214,312.25,0.38,0.36,2022-03-11,2017,N20,VIIRS,n,2,295.34,1.43,N,0
16.19428,79.14266,315.95,0.38,0.36,2022-03-11,2017,N20,VIIRS,n,2,294.84,1.47,N,0
16.20321,78.86572,331.63,0.39,0.36,2022-03-11,2017,N20,VIIRS,n,2,293.73,3.03,N,0
16.20377,78.86213,305.48,0.39,0.36,2022-03-11,2017,N20,VIIRS,n,2,292.42,1.13,N,0
16.20484,78.87705,308.92,0.39,0.36,2022-03-11,2017,N20,VIIRS,n,2,292.97,0.99,N,0
16.20671,78.91009,319.65,0.39,0.36,2022-03-11,2017,N20,VIIRS,n,2,295.13,1.85,N,0
16.20783,78.881,314.01,0.39,0.36,2022-03-11,2017,N20,VIIRS,n,2,292.67,1.03,N,0
16.20946,78.91423,306.51,0.39,0.36,2022-03-11,2017,N20,VIIRS,n,2,293.14,1.72,N,0
16.21113,78.88157,311.78,0.39,0.36,2022-03-11,2017,N20,VIIRS,n,2,292.42,1.03,N,0
16.21276,78.9148,327.65,0.39,0.36,2022-03-11,2017,N20,VIIRS,n,2,293.97,1.72,N,0
16.21444,78.88212,302.73,0.39,0.36,2022-03-11,2017,N20,VIIRS,n,2,291.86,0.58,N,0
16.21551,78.91895,312.63,0.39,0.36,2022-03-11,2017,N20,VIIRS,n,2,293.71,1.2,N,0
16.21606,78.91537,329.79,0.39,0.36,2022-03-11,2017,N20,VIIRS,n,2,293.58,2.25,N,0
16.21666,78.84574,305.91,0.39,0.36,2022-03-11,2017,N20,VIIRS,n,2,291.0,0.74,N,0
16.21826,78.92308,305.9,0.39,0.36,2022-03-11,2017,N20,VIIRS,n,2,293.08,1.2,N,0
16.22156,78.92365,311.38,0.39,0.36,2022-03-11,2017,N20,VIIRS,n,2,293.62,0.76,N,0
16.22279,78.65162,325.67,0.39,0.36,2022-03-11,2017,N20,VIIRS,n,2,293.61,1.86,N,0
16.22431,78.92779,315.5,0.39,0.36,2022-03-11,2017,N20,VIIRS,n,2,293.56,1.51,N,0
16.22486,78.92422,307.54,0.39,0.36,2022-03-11,2017,N20,VIIRS,n,2,293.1,0.76,N,0
16.22602,78.85101,304.47,0.39,0.36,2022-03-11,2017,N20,VIIRS,n,2,291.1,0.68,N,0
16.22657,78.84743,308.43,0.39,0.36,2022-03-11,2017,N20,VIIRS,n,2,291.65,0.68,N,0
16.22667,78.64851,307.4,0.39,0.36,2022-03-11,2017,N20,VIIRS,n,2,291.43,1.86,N,0
16.22761,78.92834,318.25,0.39,0.36,2022-03-11,2017,N20,VIIRS,n,2,292.9,1.63,N,0
16.22999,78.64903,302.17,0.39,0.36,2022-03-11,2017,N20,VIIRS,n,2,291.45,1.27,N,0
16.23418,78.9515,312.89,0.39,0.36,2022-03-11,2017,N20,VIIRS,n,2,292.84,0.52,N,0
16.23748,78.95206,304.06,0.39,0.36,2022-03-11,2017,N20,VIIRS,n,2,292.46,0.28,N,0
16.23767,78.66523,311.55,0.39,0.36,2022-03-11,2017,N20,VIIRS,n,2,291.33,1.41,N,0
16.23823,78.66159,306.26,0.39,0.36,2022-03-11,2017,N20,VIIRS,n,2,291.47,0.91,N,0
16.23986,78.67272,300.59,0.39,0.36,2022-03-11,2017,N20,VIIRS,n,2,290.29,0.36,N,0
16.24041,78.6691,310.41,0.39,0.36,2022-03-11,2017,N20,VIIRS,n,2,291.05,0.88,N,0
16.24097,78.66546,311.48,0.39,0.36,2022-03-11,2017,N20,VIIRS,n,2,291.51,0.88,N,0
16.24683,78.95729,304.79,0.39,0.36,2022-03-11,2017,N20,VIIRS,n,2,292.67,0.83,N,0
16.25013,78.95781,319.39,0.39,0.36,2022-03-11,2017,N20,VIIRS,n,2,293.95,1.29,N,0
16.25124,78.95065,308.5,0.39,0.36,2022-03-11,2017,N20,VIIRS,n,2,293.29,0.93,N,0
16.2518,78.94707,319.33,0.39,0.36,2022-03-11,2017,N20,VIIRS,n,2,293.3,0.93,N,0
16.25399,78.95477,305.88,0.39,0.36,2022-03-11,2017,N20,VIIRS,n,2,293.49,1.29,N,0
16.25455,78.95119,307.12,0.39,0.36,2022-03-11,2017,N20,VIIRS,n,2,293.66,0.93,N,0
16.25458,78.92917,310.2,0.39,0.36,2022-03-11,2017,N20,VIIRS,n,2,294.31,1.45,N,0
16.2551,78.94759,316.01,0.39,0.36,2022-03-11,2017,N20,VIIRS,n,2,293.26,0.93,N,0
16.26393,78.93435,306.18,0.39,0.36,2022-03-11,2017,N20,VIIRS,n,2,293.34,1.03,N,0
16.26449,78.93079,306.63,0.39,0.36,2022-03-11,2017,N20,VIIRS,n,2,293.4,1.22,N,0
16.26731,78.86887,308.09,0.39,0.36,2022-03-11,2017,N20,VIIRS,n,2,292.25,0.84,N,0
16.27166,78.92825,305.62,0.39,0.36,2022-03-11,2017,N20,VIIRS,n,2,292.67,1.25,N,0
16.27226,78.88068,313.22,0.39,0.36,2022-03-11,2017,N20,VIIRS,n,2,293.21,0.92,N,0
16.27281,78.8771,305.09,0.39,0.36,2022-03-11,2017,N20,VIIRS,n,2,292.51,0.92,N,0
16.27557,78.8812,321.18,0.39,0.36,2022-03-11,2017,N20,VIIRS,n,2,293.28,1.8,N,0
16.66404,80.90096,302.47,0.4,0.37,2022-03-11,2017,N20,VIIRS,n,2,292.06,0.82,N,0
16.79829,80.70496,302.59,0.39,0.36,2022-03-11,2017,N20,VIIRS,n,2,292.5,0.53,N,0
17.25925,80.52956,306.34,0.39,0.36,2022-03-11,2017,N20,VIIRS,n,2,294.27,1.2,N,0
17.27563,80.49153,306.15,0.39,0.36,2022-03-11,2017,N20,VIIRS,n,2,293.85,0.95,N,0
17.27735,81.37526,307.47,0.4,0.37,2022-03-11,2017,N20,VIIRS,n,2,293.25,0.95,N,0
17.39907,81.27691,304.67,0.4,0.37,2022-03-11,2017,N20,VIIRS,n,2,293.23,0.72,N,0
17.44123,81.23081,306.07,0.4,0.37,2022-03-11,2017,N20,VIIRS,n,2,293.81,0.72,N,0
17.44397,81.23516,305.14,0.4,0.37,2022-03-11,2017,N20,VIIRS,n,2,293.86,0.92,N,0
17.47299,81.36362,306.42,0.4,0.37,2022-03-11,2017,N20,VIIRS,n,2,292.68,0.9,N,0
17.51219,81.00237,307.56,0.4,0.37,2022-03-11,2017,N20,VIIRS,n,2,294.75,1.13,N,0
17.51338,80.99509,310.49,0.4,0.37,2022-03-11,2017,N20,VIIRS,n,2,294.44,1.75,N,0
17.51611,80.99935,314.21,0.4,0.37,2022-03-11,2017,N20,VIIRS,n,2,294.41,1.52,N,0
17.5224,81.10708,308.37,0.4,0.37,2022-03-11,2017,N20,VIIRS,n,2,294.11,0.95,N,0
17.52302,81.10337,310.36,0.4,0.37,2022-03-11,2017,N20,VIIRS,n,2,294.26,0.95,N,0
17.52458,81.03132,307.73,0.4,0.37,2022-03-11,2017,N20,VIIRS,n,2,294.3,1.2,N,0
17.52671,80.99752,305.6,0.4,0.37,2022-03-11,2017,N20,VIIRS,n,2,293.59,0.85,N,0
17.53964,81.14869,306.2,0.4,0.37,2022-03-11,2017,N20,VIIRS,n,2,293.4,0.56,N,0
17.54214,81.04983,308.96,0.4,0.37,2022-03-11,2017,N20,VIIRS,n,2,294.52,1.19,N,0
17.54367,81.06144,309.44,0.4,0.37,2022-03-11,2017,N20,VIIRS,n,2,294.5,1.28,N,0
17.54646,81.33815,314.81,0.4,0.37,2022-03-11,2017,N20,VIIRS,n,2,294.38,1.59,N,0
17.547,81.0621,306.53,0.4,0.37,2022-03-11,2017,N20,VIIRS,n,2,293.72,0.95,N,0
17.54708,81.33438,308.81,0.4,0.37,2022-03-11,2017,N20,VIIRS,n,2,293.56,1.23,N,0
17.5476,81.05843,311.74,0.4,0.37,2022-03-11,2017,N20,VIIRS,n,2,293.98,1.15,N,0
17.67248,80.47881,310.66,0.39,0.36,2022-03-11,2017,N20,VIIRS,n,2,294.91,1.31,N,0
17.76363,80.6095,304.48,0.39,0.36,2022-03-11,2017,N20,VIIRS,n,2,292.57,0.95,N,0
17.76694,80.61007,308.46,0.39,0.36,2022-03-11,2017,N20,VIIRS,n,2,293.01,0.95,N,0
17.78352,80.27427,303.86,0.39,0.36,2022-03-11,2017,N20,VIIRS,n,2,292.08,0.51,N,0
17.78468,80.26703,319.26,0.39,0.36,2022-03-11,2017,N20,VIIRS,n,2,293.24,1.67,N,0
17.80182,81.28955,316.94,0.4,0.37,2022-03-11,2017,N20,VIIRS,n,2,295.15,1.46,N,0
17.85998,80.00655,303.85,0.38,0.36,2022-03-11,2017,N20,VIIRS,n,2,292.72,0.61,N,0
17.8805,80.24311,307.94,0.39,0.36,2022-03-11,2017,N20,VIIRS,n,2,292.69,1.0,N,0
17.88981,80.24846,319.4,0.39,0.36,2022-03-11,2017,N20,VIIRS,n,2,292.48,1.26,N,0
17.8931,80.24903,306.97,0.39,0.36,2022-03-11,2017,N20,VIIRS,n,2,291.19,1.26,N,0
17.90845,80.76575,304.08,0.39,0.36,2022-03-11,2017,N20,VIIRS,n,2,293.22,0.72,N,0
17.94998,80.76198,311.15,0.39,0.36,2022-03-11,2017,N20,VIIRS,n,2,295.34,2.03,N,0
17.95348,80.63496,307.92,0.39,0.36,2022-03-11,2017,N20,VIIRS,n,2,293.51,1.36,N,0
17.95388,80.7589,316.31,0.39,0.36,2022-03-11,2017,N20,VIIRS,n,2,294.55,1.12,N,0
17.95679,80.63554,304.13,0.39,0.36,2022-03-11,2017,N20,VIIRS,n,2,292.85,0.81,N,0
17.95733,80.80087,309.01,0.39,0.36,2022-03-11,2017,N20,VIIRS,n,2,296.97,1.1,N,2
17.95951,80.63977,312.4,0.39,0.36,2022-03-11,2017,N20,VIIRS,n,2,293.67,0.81,N,0
17.9646,80.22791,310.77,0.39,0.36,2022-03-11,2017,N20,VIIRS,n,2,291.41,0.92,N,0
17.96789,80.22849,316.81,0.39,0.36,2022-03-11,2017,N20,VIIRS,n,2,291.48,0.96,N,0
18.28306,78.0782,304.07,0.41,0.37,2022-03-11,2017,N20,VIIRS,n,2,291.21,0.7,N,0
18.31868,78.00112,305.59,0.41,0.37,2022-03-11,2017,N20,VIIRS,n,2,292.39,1.2,N,0
18.32208,78.00169,305.48,0.41,0.37,2022-03-11,2017,N20,VIIRS,n,2,291.87,0.72,N,0
18.3414,77.91721,307.64,0.41,0.37,2022-03-11,2017,N20,VIIRS,n,2,290.64,0.79,N,0
15.50568,79.279,332.86,0.59,0.53,2022-03-12,726,N20,VIIRS,l,2,304.8,4.95,D,0
15.54494,77.87787,332.37,0.37,0.58,2022-03-12,726,N20,VIIRS,l,2,305.73,1.83,D,0
15.55103,80.15108,337.76,0.52,0.5,2022-03-12,726,N20,VIIRS,n,2,304.23,3.48,D,0
15.55334,77.78176,338.49,0.37,0.58,2022-03-12,726,N20,VIIRS,n,2,308.37,0.75,D,0
15.55729,77.78028,344.49,0.37,0.58,2022-03-12,726,N20,VIIRS,n,2,308.94,2.98,D,0
15.56124,77.18601,333.42,0.41,0.6,2022-03-12,726,N20,VIIRS,l,2,307.19,3.89,D,0
15.56901,77.19604,333.18,0.41,0.6,2022-03-12,726,N20,VIIRS,l,2,307.22,3.23,D,0
15.56917,77.19915,332.02,0.41,0.6,2022-03-12,726,N20,VIIRS,l,2,306.74,1.76,D,0
15.58177,77.98208,346.37,0.36,0.57,2022-03-12,726,N20,VIIRS,n,2,304.73,3.35,D,0
15.58535,77.39497,330.38,0.4,0.6,2022-03-12,726,N20,VIIRS,l,2,305.07,1.2,D,0
15.58636,77.97787,336.36,0.36,0.57,2022-03-12,726,N20,VIIRS,n,2,305.11,4.58,D,0
15.58761,77.98426,332.96,0.36,0.57,2022-03-12,726,N20,VIIRS,l,2,304.26,1.08,D,0
15.58766,78.01212,339.01,0.36,0.57,2022-03-12,726,N20,VIIRS,n,2,306.07,2.33,D,0
15.60192,78.02985,330.45,0.36,0.57,2022-03-12,726,N20,VIIRS,l,2,304.76,1.1,D,0
15.62476,78.71014,367.0,0.32,0.55,2022-03-12,726,N20,VIIRS,h,2,307.53,16.61,D,0
15.65086,77.06652,330.16,0.41,0.61,2022-03-12,726,N20,VIIRS,l,2,304.59,2.85,D,0
15.65184,77.06831,334.85,0.41,0.61,2022-03-12,726,N20,VIIRS,n,2,303.81,2.92,D,0
15.66555,77.19473,333.2,0.41,0.6,2022-03-12,726,N20,VIIRS,l,2,307.44,3.6,D,0
15.66621,77.19636,335.48,0.41,0.6,2022-03-12,726,N20,VIIRS,l,2,307.47,1.83,D,0
15.66796,79.09414,343.21,0.61,0.53,2022-03-12,726,N20,VIIRS,n,2,304.61,9.7,D,0
15.66902,79.09966,337.94,0.61,0.53,2022-03-12,726,N20,VIIRS,n,2,304.38,7.08,D,0
15.67019,78.72788,332.43,0.32,0.55,2022-03-12,726,N20,VIIRS,n,2,299.04,3.59,D,0
15.67429,78.72257,348.15,0.32,0.55,2022-03-12,726,N20,VIIRS,n,2,301.75,8.45,D,0
15.67484,77.49486,330.31,0.39,0.59,2022-03-12,726,N20,VIIRS,l,2,303.79,1.01,D,0
15.6749,78.72566,345.67,0.32,0.55,2022-03-12,726,N20,VIIRS,n,2,301.35,3.59,D,0
15.67676,78.84853,333.56,0.63,0.54,2022-03-12,726,N20,VIIRS,n,2,302.26,12.06,D,0
15.67836,78.84756,345.99,0.63,0.54,2022-03-12,726,N20,VIIRS,n,2,302.78,9.44,D,0
15.68677,79.11383,348.46,0.6,0.53,2022-03-12,726,N20,VIIRS,n,2,304.55,7.89,D,0
15.69162,79.11298,345.32,0.6,0.53,2022-03-12,726,N20,VIIRS,n,2,303.08,7.89,D,0
15.69535,78.80392,343.09,0.63,0.54,2022-03-12,726,N20,VIIRS,n,2,302.38,15.91,D,0
15.70963,78.79845,340.7,0.63,0.54,2022-03-12,726,N20,VIIRS,n,2,302.24,9.25,D,0
15.71073,78.80414,336.0,0.63,0.54,2022-03-12,726,N20,VIIRS,n,2,301.05,9.09,D,0
15.71289,80.0034,333.82,0.53,0.5,2022-03-12,726,N20,VIIRS,l,2,304.65,3.49,D,0
15.71424,78.8222,331.49,0.63,0.54,2022-03-12,726,N20,VIIRS,n,2,301.26,5.29,D,0
15.71516,78.82695,338.13,0.63,0.54,2022-03-12,726,N20,VIIRS,n,2,302.98,8.73,D,0
15.71777,78.81406,336.68,0.63,0.54,2022-03-12,726,N20,VIIRS,n,2,301.73,6.5,D,0
15.76686,79.04197,334.07,0.61,0.53,2022-03-12,726,N20,VIIRS,n,2,302.82,4.42,D,0
15.80751,78.89962,330.39,0.62,0.54,2022-03-12,726,N20,VIIRS,l,2,303.93,4.04,D,0
15.80929,79.03709,352.9,0.61,0.53,2022-03-12,726,N20,VIIRS,n,2,302.77,10.1,D,0
15.80968,78.94933,345.29,0.62,0.54,2022-03-12,726,N20,VIIRS,n,2,306.02,9.72,D,0
15.81122,78.8927,345.13,0.62,0.54,2022-03-12,726,N20,VIIRS,n,2,305.2,9.6,D,0
15.8114,79.03845,342.5,0.61,0.53,2022-03-12,726,N20,VIIRS,n,2,301.79,11.35,D,0
15.81172,78.94691,337.67,0.62,0.54,2022-03-12,726,N20,VIIRS,n,2,305.49,4.89,D,0
15.81963,78.85769,330.31,0.63,0.54,2022-03-12,726,N20,VIIRS,l,2,303.77,5.57,D,0
15.82824,78.97974,332.33,0.61,0.54,2022-03-12,726,N20,VIIRS,n,2,302.06,4.23,D,0
15.84944,79.01101,330.29,0.61,0.53,2022-03-12,726,N20,VIIRS,l,2,302.67,3.57,D,0
15.8548,78.80259,346.87,0.63,0.54,2022-03-12,726,N20,VIIRS,n,2,303.04,8.38,D,0
15.85605,78.80912,332.26,0.63,0.54,2022-03-12,726,N20,VIIRS,n,2,301.19,8.38,D,0
15.86711,78.54359,338.42,0.33,0.55,2022-03-12,726,N20,VIIRS,n,2,307.15,1.73,D,0
15.86926,77.68185,341.82,0.37,0.58,2022-03-12,726,N20,VIIRS,n,2,303.68,4.57,D,0
15.8702,77.68152,334.39,0.37,0.58,2022-03-12,726,N20,VIIRS,n,2,302.42,3.8,D,0
15.87796,77.91412,353.18,0.36,0.57,2022-03-12,726,N20,VIIRS,n,2,307.15,6.07,D,0
15.90759,79.05228,342.13,0.6,0.53,2022-03-12,726,N20,VIIRS,n,2,305.38,3.77,D,0
15.91373,78.54332,335.2,0.33,0.55,2022-03-12,726,N20,VIIRS,l,2,309.52,2.27,D,0
15.91814,78.94893,338.86,0.61,0.54,2022-03-12,726,N20,VIIRS,n,2,304.27,5.37,D,0
15.92028,78.78889,333.96,0.63,0.54,2022-03-12,726,N20,VIIRS,n,2,302.74,4.06,D,0
15.92094,78.94785,333.25,0.61,0.54,2022-03-12,726,N20,VIIRS,l,2,303.39,5.0,D,0
15.96154,78.87065,336.11,0.62,0.54,2022-03-12,726,N20,VIIRS,n,2,302.35,7.49,D,0
15.96659,78.71118,349.41,0.64,0.54,2022-03-12,726,N20,VIIRS,n,2,303.61,16.98,D,0
15.96701,78.7077,330.47,0.64,0.54,2022-03-12,726,N20,VIIRS,l,2,302.76,6.96,D,0
15.96816,78.7135,345.76,0.63,0.54,2022-03-12,726,N20,VIIRS,n,2,304.01,10.78,D,0
15.96901,78.69707,334.54,0.32,0.54,2022-03-12,726,N20,VIIRS,n,2,304.09,2.44,D,0
15.96957,78.7,339.07,0.32,0.54,2022-03-12,726,N20,VIIRS,n,2,304.23,2.44,D,0
15.96994,78.69666,333.44,0.32,0.54,2022-03-12,726,N20,VIIRS,l,2,303.99,5.18,D,0
15.97013,78.7029,338.44,0.32,0.54,2022-03-12,726,N20,VIIRS,n,2,304.66,9.2,D,0
15.97071,78.75949,348.53,0.63,0.54,2022-03-12,726,N20,VIIRS,n,2,303.51,17.27,D,0
15.97081,78.70101,336.45,0.64,0.54,2022-03-12,726,N20,VIIRS,n,2,304.14,6.64,D,0
15.97149,78.75596,301.77,0.63,0.54,2022-03-12,726,N20,VIIRS,l,2,320.55,109.33,D,0
15.97265,78.76178,343.62,0.63,0.54,2022-03-12,726,N20,VIIRS,n,2,308.65,62.42,D,0
15.9745,78.75262,302.26,0.63,0.54,2022-03-12,726,N20,VIIRS,l,2,311.12,94.2,D,0
15.97639,78.75493,346.14,0.63,0.54,2022-03-12,726,N20,VIIRS,n,2,308.07,109.33,D,0
15.97679,78.76465,336.84,0.63,0.54,2022-03-12,726,N20,VIIRS,n,2,301.52,209.56,D,0
15.97756,78.76079,350.64,0.63,0.54,2022-03-12,726,N20,VIIRS,n,2,304.55,62.42,D,0
15.98257,79.57669,336.35,0.56,0.51,2022-03-12,726,N20,VIIRS,n,2,309.81,6.07,D,0
15.98337,77.70405,332.95,0.37,0.58,2022-03-12,726,N20,VIIRS,l,2,307.29,1.8,D,0
15.99049,78.75626,331.57,0.63,0.54,2022-03-12,726,N20,VIIRS,l,2,302.01,4.16,D,0
15.99237,78.75827,331.15,0.63,0.54,2022-03-12,726,N20,VIIRS,l,2,302.15,2.68,D,0
15.99857,78.58073,341.82,0.32,0.55,2022-03-12,726,N20,VIIRS,n,2,305.17,13.81,D,0
15.99916,78.58377,367.0,0.32,0.55,2022-03-12,726,N20,VIIRS,h,2,307.16,13.92,D,0
16.00353,78.57972,353.66,0.32,0.55,2022-03-12,726,N20,VIIRS,n,2,308.72,13.81,D,0
16.0041,78.58265,367.0,0.32,0.55,2022-03-12,726,N20,VIIRS,h,2,302.03,13.92,D,0
16.01142,78.99943,332.8,0.61,0.53,2022-03-12,726,N20,VIIRS,l,2,303.32,4.82,D,0
16.01933,77.64253,334.7,0.37,0.58,2022-03-12,726,N20,VIIRS,l,2,306.49,2.31,D,0
16.02306,78.52049,345.58,0.33,0.55,2022-03-12,726,N20,VIIRS,n,2,302.81,6.58,D,0
16.02359,78.52325,342.85,0.33,0.55,2022-03-12,726,N20,VIIRS,n,2,302.29,4.26,D,0
16.03371,77.34126,335.07,0.39,0.59,2022-03-12,726,N20,VIIRS,l,2,305.63,2.71,D,0
16.03787,79.01502,331.7,0.6,0.53,2022-03-12,726,N20,VIIRS,l,2,304.08,4.63,D,0
16.04901,78.54589,343.84,0.32,0.55,2022-03-12,726,N20,VIIRS,n,2,301.51,3.63,D,0
16.05228,78.6186,330.21,0.32,0.55,2022-03-12,726,N20,VIIRS,l,2,301.25,1.13,D,0
16.05295,78.61739,330.45,0.32,0.55,2022-03-12,726,N20,VIIRS,l,2,301.88,2.79,D,0
16.05352,78.54256,333.73,0.32,0.55,2022-03-12,726,N20,VIIRS,n,2,302.93,5.45,D,0
16.05415,78.54574,343.66,0.32,0.55,2022-03-12,726,N20,VIIRS,n,2,303.98,3.63,D,0
16.0547,78.54848,339.77,0.32,0.55,2022-03-12,726,N20,VIIRS,n,2,300.5,3.63,D,0
16.0555,78.63536,356.05,0.32,0.55,2022-03-12,726,N20,VIIRS,n,2,303.12,4.24,D,0
16.0558,78.55404,331.81,0.32,0.55,2022-03-12,726,N20,VIIRS,n,2,301.66,2.96,D,0
16.05618,79.00614,332.44,0.6,0.53,2022-03-12,726,N20,VIIRS,n,2,302.75,3.37,D,0
16.0571,78.6437,355.34,0.32,0.55,2022-03-12,726,N20,VIIRS,n,2,304.73,8.32,D,0
16.05763,78.64648,367.0,0.32,0.55,2022-03-12,726,N20,VIIRS,h,2,302.63,8.32,D,0
16.05797,78.64252,338.49,0.32,0.55,2022-03-12,726,N20,VIIRS,n,2,302.9,6.58,D,0
16.05853,78.64535,367.0,0.32,0.55,2022-03-12,726,N20,VIIRS,h,2,303.17,6.58,D,0
16.06141,77.17321,330.08,0.4,0.6,2022-03-12,726,N20,VIIRS,l,2,303.22,1.41,D,0
16.06487,78.54765,333.52,0.32,0.55,2022-03-12,726,N20,VIIRS,n,2,300.73,5.41,D,0
16.06975,78.57227,336.31,0.32,0.55,2022-03-12,726,N20,VIIRS,n,2,300.68,3.25,D,0
16.06997,78.54731,333.81,0.32,0.55,2022-03-12,726,N20,VIIRS,n,2,299.66,3.35,D,0
16.07526,78.67783,332.92,0.64,0.54,2022-03-12,726,N20,VIIRS,n,2,302.1,4.44,D,0
16.07882,78.59206,340.73,0.32,0.55,2022-03-12,726,N20,VIIRS,n,2,301.97,5.31,D,3
16.07908,78.67826,342.99,0.64,0.54,2022-03-12,726,N20,VIIRS,n,2,302.45,15.66,D,0
16.08016,78.67666,340.51,0.64,0.54,2022-03-12,726,N20,VIIRS,n,2,301.63,4.44,D,0
16.08148,78.68331,331.76,0.63,0.54,2022-03-12,726,N20,VIIRS,l,2,301.93,7.27,D,0
16.08251,77.22193,345.83,0.4,0.6,2022-03-12,726,N20,VIIRS,n,2,305.57,3.08,D,0
16.08378,78.22929,336.21,0.34,0.56,2022-03-12,726,N20,VIIRS,n,2,306.2,2.33,D,0
16.08616,78.2302,338.56,0.34,0.56,2022-03-12,726,N20,VIIRS,n,2,305.67,2.71,D,0
16.08617,77.24014,334.67,0.4,0.6,2022-03-12,726,N20,VIIRS,l,2,305.28,0.96,D,0
16.08759,78.69611,340.33,0.63,0.54,2022-03-12,726,N20,VIIRS,n,2,300.64,4.07,D,0
16.08763,77.10628,330.92,0.4,0.6,2022-03-12,726,N20,VIIRS,l,2,302.76,3.39,D,0
16.08883,78.6946,333.71,0.63,0.54,2022-03-12,726,N20,VIIRS,n,2,300.55,2.67,D,0
16.09184,78.57968,333.16,0.32,0.55,2022-03-12,726,N20,VIIRS,n,2,301.82,2.6,D,0
16.0938,77.10875,341.57,0.4,0.6,2022-03-12,726,N20,VIIRS,n,2,302.52,3.47,D,0
16.09453,77.11243,330.79,0.4,0.6,2022-03-12,726,N20,VIIRS,n,2,300.3,3.47,D,0
16.10151,78.57642,347.57,0.32,0.55,2022-03-12,726,N20,VIIRS,n,2,301.27,5.58,D,0
16.10599,78.57299,350.21,0.32,0.55,2022-03-12,726,N20,VIIRS,n,2,301.29,6.51,D,0
16.10652,78.57568,341.8,0.32,0.55,2022-03-12,726,N20,VIIRS,n,2,297.54,4.34,D,0
16.10845,78.61182,342.35,0.32,0.55,2022-03-12,726,N20,VIIRS,n,2,301.19,3.84,D,0
16.11179,78.73331,342.88,0.63,0.54,2022-03-12,726,N20,VIIRS,n,2,304.68,8.38,D,0
16.11667,78.73216,352.06,0.63,0.54,2022-03-12,726,N20,VIIRS,n,2,310.65,36.02,D,0
16.11744,78.65776,332.15,0.32,0.54,2022-03-12,726,N20,VIIRS,l,2,304.74,4.68,D,0
16.11855,78.76772,341.94,0.63,0.54,2022-03-12,726,N20,VIIRS,n,2,306.1,9.55,D,0
16.12152,78.73088,334.67,0.63,0.54,2022-03-12,726,N20,VIIRS,n,2,302.0,36.02,D,0
16.12244,78.65712,336.04,0.32,0.54,2022-03-12,726,N20,VIIRS,n,2,303.95,10.19,D,0
16.12267,78.73675,338.07,0.63,0.54,2022-03-12,726,N20,VIIRS,n,2,304.09,25.17,D,0
16.12713,78.75957,332.64,0.63,0.54,2022-03-12,726,N20,VIIRS,n,2,302.17,5.04,D,0
16.1274,78.60355,337.09,0.32,0.55,2022-03-12,726,N20,VIIRS,n,2,298.89,4.71,D,0
16.12791,78.60614,336.85,0.32,0.55,2022-03-12,726,N20,VIIRS,n,2,298.75,4.39,D,0
16.12831,79.14732,338.2,0.59,0.53,2022-03-12,726,N20,VIIRS,n,2,305.79,4.69,D,0
16.1293,79.15247,331.12,0.59,0.53,2022-03-12,726,N20,VIIRS,l,2,304.73,4.69,D,0
16.13444,80.33782,342.07,0.49,0.49,2022-03-12,726,N20,VIIRS,n,2,306.16,5.33,D,0
16.14632,78.62165,367.0,0.32,0.55,2022-03-12,726,N20,VIIRS,h,2,299.67,10.46,D,0
16.16508,78.69239,346.97,0.63,0.54,2022-03-12,726,N20,VIIRS,n,2,301.68,22.97,D,0
16.16611,78.69777,356.18,0.63,0.54,2022-03-12,726,N20,VIIRS,n,2,307.01,22.97,D,0
16.16612,78.69055,350.21,0.63,0.54,2022-03-12,726,N20,VIIRS,n,2,301.32,17.18,D,0
16.16715,78.70315,334.44,0.63,0.54,2022-03-12,726,N20,VIIRS,n,2,301.83,10.11,D,0
16.16718,78.69583,353.91,0.63,0.54,2022-03-12,726,N20,VIIRS,n,2,307.9,19.27,D,0
16.16824,78.70115,342.18,0.63,0.54,2022-03-12,726,N20,VIIRS,n,2,302.4,19.27,D,0
16.17004,78.69164,340.9,0.63,0.54,2022-03-12,726,N20,VIIRS,n,2,299.79,7.03,D,0
16.1721,78.69489,344.91,0.63,0.54,2022-03-12,726,N20,VIIRS,n,2,302.17,19.27,D,0
16.17495,78.69064,331.9,0.63,0.54,2022-03-12,726,N20,VIIRS,n,2,300.52,7.03,D,0
16.17593,78.69575,342.23,0.63,0.54,2022-03-12,726,N20,VIIRS,n,2,301.76,7.03,D,0
16.178,78.7065,346.88,0.63,0.54,2022-03-12,726,N20,VIIRS,n,2,303.66,10.31,D,0
16.17913,78.70453,341.53,0.63,0.54,2022-03-12,726,N20,VIIRS,n,2,304.13,16.7,D,0
16.17988,78.68263,344.66,0.63,0.54,2022-03-12,726,N20,VIIRS,n,2,302.07,8.77,D,0
16.18381,78.68357,341.31,0.63,0.54,2022-03-12,726,N20,VIIRS,n,2,302.26,12.53,D,0
16.18807,77.7509,330.88,0.36,0.58,2022-03-12,726,N20,VIIRS,n,2,301.71,1.69,D,0
16.20758,78.84754,351.5,0.62,0.54,2022-03-12,726,N20,VIIRS,n,2,307.63,38.38,D,0
16.20865,78.85294,332.64,0.61,0.54,2022-03-12,726,N20,VIIRS,n,2,302.28,5.41,D,0
16.20868,78.90385,331.67,0.61,0.53,2022-03-12,726,N20,VIIRS,n,2,303.39,0.96,D,0
16.20927,78.84358,349.73,0.62,0.54,2022-03-12,726,N20,VIIRS,n,2,306.43,34.18,D,0
16.21031,78.84903,353.89,0.62,0.54,2022-03-12,726,N20,VIIRS,n,2,306.7,34.34,D,0
16.21039,78.88711,335.43,0.61,0.54,2022-03-12,726,N20,VIIRS,n,2,303.43,1.67,D,0
16.21103,78.90558,337.66,0.61,0.53,2022-03-12,726,N20,VIIRS,n,2,306.16,4.63,D,0
16.2114,78.8413,345.35,0.62,0.54,2022-03-12,726,N20,VIIRS,n,2,308.77,38.38,D,0
16.2125,78.84684,341.76,0.62,0.54,2022-03-12,726,N20,VIIRS,n,2,301.86,38.38,D,0
16.21416,78.84277,346.26,0.62,0.54,2022-03-12,726,N20,VIIRS,n,2,303.3,34.18,D,0
16.21522,78.83504,336.75,0.62,0.54,2022-03-12,726,N20,VIIRS,n,2,301.88,7.28,D,0
16.21738,78.84599,340.47,0.62,0.54,2022-03-12,726,N20,VIIRS,n,2,303.24,5.71,D,0
16.21802,78.83652,338.76,0.62,0.54,2022-03-12,726,N20,VIIRS,n,2,303.35,11.33,D,0
16.2201,78.84742,342.3,0.62,0.54,2022-03-12,726,N20,VIIRS,n,2,303.84,10.61,D,0
16.22011,78.93608,333.67,0.61,0.53,2022-03-12,726,N20,VIIRS,n,2,302.82,3.47,D,0
16.22222,78.93793,333.62,0.61,0.53,2022-03-12,726,N20,VIIRS,n,2,302.86,3.88,D,0
16.22229,78.84523,331.35,0.62,0.54,2022-03-12,726,N20,VIIRS,l,2,302.77,5.71,D,0
16.22436,78.94914,331.3,0.61,0.53,2022-03-12,726,N20,VIIRS,l,2,304.07,4.58,D,0
16.22449,78.8564,340.06,0.61,0.54,2022-03-12,726,N20,VIIRS,n,2,302.9,7.12,D,0
16.22714,78.85798,336.75,0.61,0.54,2022-03-12,726,N20,VIIRS,n,2,303.06,4.92,D,0
16.22725,78.94674,332.77,0.61,0.53,2022-03-12,726,N20,VIIRS,l,2,304.43,4.58,D,0
16.24217,78.96383,330.67,0.6,0.53,2022-03-12,726,N20,VIIRS,l,2,303.59,4.54,D,0
16.24618,78.96642,336.25,0.6,0.53,2022-03-12,726,N20,VIIRS,n,2,303.49,6.81,D,0
16.24794,78.96786,331.26,0.6,0.53,2022-03-12,726,N20,VIIRS,l,2,302.14,2.17,D,0
16.27347,78.87475,335.74,0.61,0.54,2022-03-12,726,N20,VIIRS,n,2,303.64,4.8,D,0
16.27924,78.87852,335.53,0.61,0.53,2022-03-12,726,N20,VIIRS,n,2,303.19,4.8,D,0
16.28027,78.88382,332.38,0.61,0.53,2022-03-12,726,N20,VIIRS,l,2,304.34,4.04,D,0
16.66478,81.0199,331.9,0.44,0.46,2022-03-12,726,N20,VIIRS,n,2,298.07,2.31,D,0
16.66896,81.01908,330.84,0.44,0.46,2022-03-12,726,N20,VIIRS,n,2,296.86,2.82,D,0
16.72923,80.3892,331.85,0.48,0.48,2022-03-12,726,N20,VIIRS,n,2,299.2,3.25,D,0
16.08811,77.10588,332.78,0.4,0.6,2022-03-12,727,N20,VIIRS,l,2,302.92,2.6,D,0
16.09431,77.10835,342.91,0.4,0.6,2022-03-12,727,N20,VIIRS,n,2,303.12,4.14,D,0
16.16088,77.21242,333.51,0.4,0.6,2022-03-12,727,N20,VIIRS,l,2,304.24,2.08,D,0
16.1993,77.15113,334.26,0.4,0.6,2022-03-12,727,N20,VIIRS,n,2,303.74,2.7,D,0
16.20041,77.14959,331.59,0.4,0.6,2022-03-12,727,N20,VIIRS,l,2,303.32,2.32,D,0
16.20666,77.24424,334.63,0.39,0.6,2022-03-12,727,N20,VIIRS,n,2,304.23,3.39,D,0
16.20914,77.24601,333.88,0.39,0.6,2022-03-12,727,N20,VIIRS,n,2,302.53,2.56,D,0
16.36716,78.05436,331.66,0.35,0.56,2022-03-12,727,N20,VIIRS,l,2,302.34,0.92,D,0
16.40699,77.10417,330.33,0.4,0.6,2022-03-12,727,N20,VIIRS,l,2,302.07,2.16,D,0
16.42267,77.64795,345.45,0.37,0.58,2022-03-12,727,N20,VIIRS,n,2,300.01,3.57,D,0
16.45616,77.03304,343.51,0.4,0.6,2022-03-12,727,N20,VIIRS,n,2,301.19,1.91,D,0
16.469,77.396,336.4,0.38,0.59,2022-03-12,727,N20,VIIRS,n,2,300.91,3.55,D,0
16.61462,77.5219,367.0,0.37,0.58,2022-03-12,727,N20,VIIRS,h,2,302.3,8.11,D,0
16.63806,79.73804,338.05,0.53,0.5,2022-03-12,727,N20,VIIRS,n,2,306.86,5.04,D,0
16.69071,80.06343,330.49,0.5,0.49,2022-03-12,727,N20,VIIRS,l,2,302.81,4.24,D,0
16.79491,80.40013,338.13,0.48,0.48,2022-03-12,727,N20,VIIRS,n,2,307.05,6.45,D,0
16.8085,78.03344,336.72,0.34,0.56,2022-03-12,727,N20,VIIRS,n,2,300.91,3.72,D,0
16.81177,78.03223,340.13,0.34,0.56,2022-03-12,727,N20,VIIRS,n,2,301.31,4.59,D,0
16.81453,80.60258,334.92,0.46,0.47,2022-03-12,727,N20,VIIRS,n,2,306.69,3.41,D,0
16.86773,78.70159,332.75,0.61,0.54,2022-03-12,727,N20,VIIRS,l,2,303.59,7.91,D,0
16.88395,80.19424,330.12,0.49,0.48,2022-03-12,727,N20,VIIRS,l,2,304.81,2.46,D,0
16.90627,78.21579,333.09,0.33,0.55,2022-03-12,727,N20,VIIRS,n,2,299.89,2.06,D,0
16.91511,80.21725,334.43,0.49,0.48,2022-03-12,727,N20,VIIRS,n,2,305.05,2.66,D,0
16.91524,80.21576,332.07,0.49,0.48,2022-03-12,727,N20,VIIRS,l,2,304.99,2.55,D,0
16.965,78.30357,333.24,0.32,0.55,2022-03-12,727,N20,VIIRS,n,2,301.19,2.2,D,0
17.01078,78.94946,333.03,0.59,0.52,2022-03-12,727,N20,VIIRS,l,2,304.3,2.64,D,0
17.08093,80.79359,344.06,0.44,0.46,2022-03-12,727,N20,VIIRS,n,2,306.83,4.35,D,0
17.10216,80.74223,336.78,0.45,0.47,2022-03-12,727,N20,VIIRS,n,2,298.42,8.58,D,0
17.10292,80.74641,340.67,0.45,0.47,2022-03-12,727,N20,VIIRS,n,2,300.88,12.49,D,0
17.23694,80.81121,337.57,0.44,0.46,2022-03-12,727,N20,VIIRS,n,2,302.47,3.5,D,0
17.24057,79.44534,331.76,0.54,0.51,2022-03-12,727,N20,VIIRS,l,2,303.99,5.65,D,0
17.2409,80.80986,341.18,0.44,0.46,2022-03-12,727,N20,VIIRS,n,2,301.1,4.98,D,0
17.24115,80.81041,334.61,0.44,0.46,2022-03-12,727,N20,VIIRS,n,2,300.18,2.93,D,0
17.24516,79.4444,338.99,0.54,0.51,2022-03-12,727,N20,VIIRS,n,2,308.79,10.89,D,0
17.24703,78.7898,339.68,0.59,0.53,2022-03-12,727,N20,VIIRS,n,2,301.08,12.18,D,0
17.24808,78.7952,345.8,0.59,0.53,2022-03-12,727,N20,VIIRS,n,2,299.26,10.69,D,0
17.28378,79.47227,337.69,0.53,0.5,2022-03-12,727,N20,VIIRS,n,2,305.88,7.33,D,0
17.30401,80.15862,333.64,0.48,0.48,2022-03-12,727,N20,VIIRS,l,2,305.0,2.2,D,0
17.30525,80.02333,332.43,0.49,0.49,2022-03-12,727,N20,VIIRS,l,2,306.68,2.58,D,0
17.30838,80.15772,341.74,0.48,0.48,2022-03-12,727,N20,VIIRS,n,2,305.43,5.18,D,0
17.3437,78.0153,333.75,0.33,0.55,2022-03-12,727,N20,VIIRS,n,2,299.9,2.87,D,0
17.34772,78.01444,334.01,0.33,0.55,2022-03-12,727,N20,VIIRS,n,2,300.67,3.21,D,0
17.3487,78.01415,333.32,0.33,0.55,2022-03-12,727,N20,VIIRS,n,2,300.86,2.87,D,0
17.355,80.64816,342.88,0.45,0.47,2022-03-12,727,N20,VIIRS,n,2,304.69,4.44,D,0
17.3622,81.37108,331.93,0.4,0.45,2022-03-12,727,N20,VIIRS,n,2,299.97,2.11,D,0
17.38247,79.36751,332.68,0.54,0.51,2022-03-12,727,N20,VIIRS,l,2,307.37,5.07,D,0
17.39124,78.07458,334.48,0.33,0.55,2022-03-12,727,N20,VIIRS,n,2,303.37,2.86,D,0
17.40606,81.21865,334.73,0.41,0.45,2022-03-12,727,N20,VIIRS,n,2,303.94,4.62,D,0
17.45256,80.82353,336.17,0.44,0.46,2022-03-12,727,N20,VIIRS,n,2,305.11,1.67,D,0
17.45308,80.8229,339.22,0.43,0.46,2022-03-12,727,N20,VIIRS,n,2,305.93,3.4,D,0
17.48874,78.06844,337.05,0.33,0.55,2022-03-12,727,N20,VIIRS,n,2,303.92,2.04,D,0
17.53199,81.33611,334.73,0.4,0.45,2022-03-12,727,N20,VIIRS,n,2,300.13,3.01,D,0
17.53402,81.32406,333.0,0.4,0.45,2022-03-12,727,N20,VIIRS,n,2,301.18,3.66,D,0
17.56411,78.81654,335.02,0.58,0.52,2022-03-12,727,N20,VIIRS,n,2,300.19,3.8,D,0
17.56733,77.78979,333.71,0.34,0.56,2022-03-12,727,N20,VIIRS,n,2,302.38,2.09,D,0
17.57795,78.96243,341.07,0.57,0.52,2022-03-12,727,N20,VIIRS,n,2,300.47,12.09,D,0
17.58772,80.38143,341.94,0.46,0.47,2022-03-12,727,N20,VIIRS,n,2,305.74,4.76,D,0
17.59051,80.3843,346.91,0.46,0.47,2022-03-12,727,N20,VIIRS,n,2,303.8,4.3,D,0
17.59142,81.24784,342.13,0.41,0.45,2022-03-12,727,N20,VIIRS,n,2,306.33,8.23,D,0
17.59707,77.78001,333.96,0.34,0.56,2022-03-12,727,N20,VIIRS,n,2,300.58,2.26,D,0
17.60244,80.43542,333.39,0.46,0.47,2022-03-12,727,N20,VIIRS,l,2,304.29,2.7,D,0
17.60406,80.43412,331.42,0.46,0.47,2022-03-12,727,N20,VIIRS,l,2,305.86,3.83,D,0
17.62864,79.56651,330.18,0.52,0.5,2022-03-12,727,N20,VIIRS,l,2,302.82,5.56,D,0
17.64418,80.37428,330.04,0.46,0.47,2022-03-12,727,N20,VIIRS,l,2,304.55,2.7,D,0
17.65317,80.20638,337.53,0.47,0.48,2022-03-12,727,N20,VIIRS,n,2,304.25,4.47,D,0
17.66,80.45898,332.43,0.45,0.47,2022-03-12,727,N20,VIIRS,l,2,305.55,2.02,D,0
17.66221,81.43242,331.57,0.4,0.44,2022-03-12,727,N20,VIIRS,n,2,301.12,2.67,D,0
17.67818,80.48554,334.6,0.45,0.47,2022-03-12,727,N20,VIIRS,l,2,305.74,2.73,D,0
17.67836,80.1901,333.18,0.47,0.48,2022-03-12,727,N20,VIIRS,n,2,301.87,3.26,D,0
17.69825,80.17639,334.81,0.47,0.48,2022-03-12,727,N20,VIIRS,n,2,305.35,3.49,D,0
17.71938,80.24075,335.28,0.47,0.48,2022-03-12,727,N20,VIIRS,n,2,304.04,3.09,D,0
17.72016,80.24486,332.16,0.47,0.48,2022-03-12,727,N20,VIIRS,n,2,301.37,2.34,D,0
17.7237,80.23991,342.33,0.47,0.48,2022-03-12,727,N20,VIIRS,n,2,303.42,4.33,D,0
17.74095,80.23637,333.38,0.47,0.48,2022-03-12,727,N20,VIIRS,l,2,306.3,4.86,D,0
17.74487,80.60977,341.27,0.44,0.46,2022-03-12,727,N20,VIIRS,n,2,302.53,2.6,D,0
17.74503,80.61095,338.57,0.44,0.46,2022-03-12,727,N20,VIIRS,n,2,302.39,2.49,D,0
17.76065,80.10029,338.28,0.48,0.48,2022-03-12,727,N20,VIIRS,n,2,302.46,5.27,D,0
17.76119,80.10041,342.62,0.48,0.48,2022-03-12,727,N20,VIIRS,n,2,302.93,4.52,D,0
17.76632,80.49092,331.86,0.45,0.47,2022-03-12,727,N20,VIIRS,l,2,303.06,4.5,D,0
17.76871,80.55069,333.03,0.45,0.47,2022-03-12,727,N20,VIIRS,l,2,305.28,2.89,D,0
17.77339,80.09329,343.8,0.48,0.48,2022-03-12,727,N20,VIIRS,n,2,306.68,7.57,D,0
17.78822,80.99102,334.67,0.42,0.45,2022-03-12,727,N20,VIIRS,n,2,306.33,2.37,D,0
17.79266,80.31135,355.49,0.46,0.47,2022-03-12,727,N20,VIIRS,n,2,304.34,7.51,D,0
17.7946,80.15727,345.74,0.47,0.48,2022-03-12,727,N20,VIIRS,n,2,306.21,7.57,D,0
17.79492,80.31091,355.64,0.46,0.47,2022-03-12,727,N20,VIIRS,n,2,304.78,13.6,D,0
17.79695,80.31047,333.23,0.46,0.47,2022-03-12,727,N20,VIIRS,n,2,301.74,7.51,D,0
17.80198,80.21968,341.98,0.47,0.48,2022-03-12,727,N20,VIIRS,n,2,302.38,5.72,D,0
17.80465,80.21016,341.25,0.47,0.48,2022-03-12,727,N20,VIIRS,n,2,304.71,10.42,D,0
17.80519,80.582,352.84,0.44,0.46,2022-03-12,727,N20,VIIRS,n,2,305.14,9.62,D,0
17.80666,80.36137,331.02,0.46,0.47,2022-03-12,727,N20,VIIRS,l,2,302.95,2.7,D,0
17.80789,80.57294,333.51,0.44,0.46,2022-03-12,727,N20,VIIRS,n,2,300.86,2.17,D,0
17.80857,80.36108,347.95,0.46,0.47,2022-03-12,727,N20,VIIRS,n,2,304.69,9.54,D,0
17.80896,80.20927,342.99,0.47,0.48,2022-03-12,727,N20,VIIRS,n,2,305.54,7.21,D,0
17.81084,80.19553,334.09,0.47,0.48,2022-03-12,727,N20,VIIRS,l,2,305.06,3.11,D,0
17.81094,80.36051,345.03,0.46,0.47,2022-03-12,727,N20,VIIRS,n,2,303.95,9.57,D,0
17.81277,80.34679,333.76,0.46,0.47,2022-03-12,727,N20,VIIRS,n,2,303.55,5.74,D,0
17.81359,80.35111,354.99,0.46,0.47,2022-03-12,727,N20,VIIRS,n,2,305.5,14.67,D,0
17.81363,80.3645,337.5,0.46,0.47,2022-03-12,727,N20,VIIRS,n,2,302.33,9.54,D,0
17.81595,80.19881,331.75,0.47,0.48,2022-03-12,727,N20,VIIRS,l,2,305.59,4.2,D,0
17.81603,80.36395,342.18,0.46,0.47,2022-03-12,727,N20,VIIRS,n,2,302.63,9.57,D,0
17.82358,80.21551,333.18,0.47,0.48,2022-03-12,727,N20,VIIRS,l,2,305.56,4.65,D,0
17.83983,80.3018,355.2,0.46,0.47,2022-03-12,727,N20,VIIRS,n,2,307.95,11.47,D,0
17.8422,80.26698,331.96,0.46,0.47,2022-03-12,727,N20,VIIRS,n,2,300.78,2.16,D,0
17.84333,80.29678,331.71,0.46,0.47,2022-03-12,727,N20,VIIRS,l,2,306.06,3.65,D,0
17.84414,80.3011,335.36,0.46,0.47,2022-03-12,727,N20,VIIRS,n,2,305.9,4.37,D,0
17.84497,80.30548,347.01,0.46,0.47,2022-03-12,727,N20,VIIRS,n,2,305.11,4.37,D,0
17.84717,80.17399,340.33,0.47,0.48,2022-03-12,727,N20,VIIRS,n,2,304.18,7.84,D,0
17.85073,80.26489,342.29,0.46,0.47,2022-03-12,727,N20,VIIRS,n,2,300.03,8.58,D,0
17.85464,80.28581,353.42,0.46,0.47,2022-03-12,727,N20,VIIRS,n,2,304.87,9.34,D,0
17.855,80.16783,335.65,0.47,0.48,2022-03-12,727,N20,VIIRS,n,2,304.9,3.98,D,0
17.85701,80.22677,346.1,0.47,0.48,2022-03-12,727,N20,VIIRS,n,2,306.32,7.3,D,0
17.85889,80.28474,346.86,0.46,0.47,2022-03-12,727,N20,VIIRS,n,2,306.75,19.72,D,0
17.85957,80.1441,347.92,0.47,0.48,2022-03-12,727,N20,VIIRS,n,2,307.54,13.85,D,0
17.8597,80.28909,340.76,0.46,0.47,2022-03-12,727,N20,VIIRS,n,2,301.48,8.77,D,0
17.86587,80.27437,344.19,0.46,0.47,2022-03-12,727,N20,VIIRS,n,2,302.41,5.05,D,0
17.87655,80.01401,340.52,0.48,0.48,2022-03-12,727,N20,VIIRS,n,2,301.41,4.98,D,0
17.89486,80.47807,330.36,0.45,0.47,2022-03-12,727,N20,VIIRS,l,2,305.3,4.38,D,0
17.89769,80.24242,330.45,0.46,0.47,2022-03-12,727,N20,VIIRS,l,2,303.64,5.21,D,0
17.8997,80.2403,336.54,0.47,0.47,2022-03-12,727,N20,VIIRS,n,2,306.21,4.46,D,0
17.90634,80.39716,345.61,0.45,0.47,2022-03-12,727,N20,VIIRS,n,2,306.12,5.4,D,0
17.9103,80.16764,336.21,0.47,0.48,2022-03-12,727,N20,VIIRS,n,2,303.03,6.51,D,0
17.91381,80.16245,350.95,0.47,0.48,2022-03-12,727,N20,VIIRS,n,2,304.52,6.51,D,0
17.91509,80.21647,331.83,0.47,0.47,2022-03-12,727,N20,VIIRS,l,2,304.8,1.82,D,0
17.91652,80.96545,334.58,0.42,0.45,2022-03-12,727,N20,VIIRS,l,2,307.67,4.39,D,0
17.91725,80.96935,333.64,0.42,0.45,2022-03-12,727,N20,VIIRS,l,2,305.01,3.56,D,0
17.91812,80.16153,345.31,0.47,0.48,2022-03-12,727,N20,VIIRS,n,2,306.06,5.41,D,0
17.92004,81.27825,332.14,0.4,0.44,2022-03-12,727,N20,VIIRS,l,2,303.2,3.8,D,0
17.92202,81.03362,330.08,0.42,0.45,2022-03-12,727,N20,VIIRS,l,2,303.85,3.34,D,0
17.92272,81.03748,341.15,0.41,0.45,2022-03-12,727,N20,VIIRS,n,2,303.57,3.34,D,0
17.92366,80.11952,333.53,0.47,0.48,2022-03-12,727,N20,VIIRS,n,2,302.91,1.22,D,0
17.92479,81.28143,333.83,0.4,0.44,2022-03-12,727,N20,VIIRS,n,2,301.21,1.75,D,0
17.9295,81.02808,331.83,0.42,0.45,2022-03-12,727,N20,VIIRS,l,2,303.2,2.83,D,0
17.93133,81.47691,333.23,0.39,0.44,2022-03-12,727,N20,VIIRS,l,2,306.32,2.76,D,0
17.93492,80.20309,345.16,0.47,0.48,2022-03-12,727,N20,VIIRS,n,2,304.78,3.92,D,0
17.93517,80.18062,343.28,0.47,0.48,2022-03-12,727,N20,VIIRS,n,2,305.84,4.0,D,0
17.93736,80.21607,341.85,0.47,0.47,2022-03-12,727,N20,VIIRS,n,2,306.71,5.49,D,0
17.93818,80.22041,336.97,0.47,0.47,2022-03-12,727,N20,VIIRS,n,2,305.4,6.68,D,0
17.93851,80.45248,334.63,0.45,0.47,2022-03-12,727,N20,VIIRS,n,2,302.21,3.9,D,0
17.94576,80.23702,367.0,0.46,0.47,2022-03-12,727,N20,VIIRS,h,2,303.76,12.15,D,0
17.94765,80.99553,341.13,0.42,0.45,2022-03-12,727,N20,VIIRS,n,2,305.7,3.63,D,0
17.95165,80.76221,341.46,0.43,0.46,2022-03-12,727,N20,VIIRS,n,2,305.64,2.89,D,0
17.9611,80.17564,342.26,0.47,0.48,2022-03-12,727,N20,VIIRS,n,2,303.84,8.46,D,0
17.96457,80.17023,351.97,0.47,0.48,2022-03-12,727,N20,VIIRS,n,2,308.49,6.15,D,0
17.9654,80.1747,344.5,0.47,0.48,2022-03-12,727,N20,VIIRS,n,2,305.51,6.15,D,0
17.97857,78.28363,338.73,0.62,0.54,2022-03-12,727,N20,VIIRS,n,2,299.81,3.25,D,0
17.99211,80.7632,332.49,0.43,0.46,2022-03-12,727,N20,VIIRS,n,2,300.96,3.31,D,0
17.99639,80.67093,331.22,0.44,0.46,2022-03-12,727,N20,VIIRS,l,2,303.01,3.08,D,0
17.9998,80.666,339.78,0.44,0.46,2022-03-12,727,N20,VIIRS,n,2,303.9,3.08,D,0
18.00775,80.01185,340.43,0.48,0.48,2022-03-12,727,N20,VIIRS,n,2,303.41,8.83,D,0
18.00859,80.01627,341.1,0.48,0.48,2022-03-12,727,N20,VIIRS,n,2,302.06,7.79,D,0
18.01787,80.25407,333.47,0.46,0.47,2022-03-12,727,N20,VIIRS,l,2,307.77,3.29,D,0
18.06072,80.00498,339.78,0.48,0.48,2022-03-12,727,N20,VIIRS,n,2,302.52,5.78,D,0
18.06174,80.00667,345.92,0.48,0.48,2022-03-12,727,N20,VIIRS,n,2,302.82,8.41,D,0
18.06345,79.99535,345.54,0.48,0.48,2022-03-12,727,N20,VIIRS,n,2,303.63,7.54,D,0
18.06358,79.99274,339.5,0.48,0.48,2022-03-12,727,N20,VIIRS,n,2,303.37,6.31,D,0
18.06442,79.99709,343.56,0.48,0.48,2022-03-12,727,N20,VIIRS,n,2,302.2,9.49,D,0
18.06508,80.00413,344.26,0.48,0.48,2022-03-12,727,N20,VIIRS,n,2,302.79,5.78,D,0
18.06782,79.99452,330.48,0.48,0.48,2022-03-12,727,N20,VIIRS,l,2,302.47,3.44,D,0
18.07145,79.98657,331.43,0.48,0.48,2022-03-12,727,N20,VIIRS,l,2,302.72,4.21,D,0
18.09149,80.13762,331.7,0.47,0.48,2022-03-12,727,N20,VIIRS,l,2,302.72,3.22,D,0
18.09466,80.1398,336.45,0.47,0.48,2022-03-12,727,N20,VIIRS,n,2,302.59,3.82,D,0
18.09664,80.14114,333.04,0.47,0.48,2022-03-12,727,N20,VIIRS,n,2,301.61,6.0,D,0
18.09898,80.13899,330.28,0.47,0.48,2022-03-12,727,N20,VIIRS,l,2,302.27,3.82,D,0
18.10742,80.19738,341.23,0.46,0.47,2022-03-12,727,N20,VIIRS,n,2,302.15,10.86,D,0
18.10934,80.1953,354.55,0.46,0.47,2022-03-12,727,N20,VIIRS,n,2,303.15,13.36,D,0
18.11086,80.20359,341.45,0.46,0.47,2022-03-12,727,N20,VIIRS,n,2,302.39,3.44,D,0
18.11162,80.20771,331.73,0.46,0.47,2022-03-12,727,N20,VIIRS,n,2,301.31,3.44,D,0
18.11327,80.20467,335.41,0.46,0.47,2022-03-12,727,N20,VIIRS,n,2,302.38,3.61,D,0
18.11406,80.20876,332.55,0.46,0.47,2022-03-12,727,N20,VIIRS,n,2,301.57,3.61,D,0
18.13925,80.7599,332.29,0.43,0.46,2022-03-12,727,N20,VIIRS,l,2,302.64,3.16,D,0
18.14161,80.84173,333.83,0.42,0.45,2022-03-12,727,N20,VIIRS,n,2,301.83,1.79,D,0
18.14606,80.46765,337.51,0.45,0.47,2022-03-12,727,N20,VIIRS,n,2,302.73,5.1,D,0
18.14644,80.82169,350.17,0.42,0.45,2022-03-12,727,N20,VIIRS,n,2,303.43,9.19,D,0
18.14869,80.45978,350.61,0.45,0.47,2022-03-12,727,N20,VIIRS,n,2,304.24,5.13,D,0
18.14876,80.45849,344.5,0.45,0.47,2022-03-12,727,N20,VIIRS,n,2,303.21,5.21,D,0
18.14909,81.49677,330.75,0.39,0.44,2022-03-12,727,N20,VIIRS,l,2,305.02,1.79,D,0
18.14952,80.4626,339.15,0.45,0.47,2022-03-12,727,N20,VIIRS,n,2,302.87,5.21,D,0
18.1529,80.45887,344.77,0.45,0.47,2022-03-12,727,N20,VIIRS,n,2,303.84,5.13,D,0
18.15298,80.45757,341.83,0.45,0.47,2022-03-12,727,N20,VIIRS,n,2,303.85,4.86,D,0
18.15368,80.46296,338.23,0.45,0.47,2022-03-12,727,N20,VIIRS,n,2,303.28,5.13,D,0
18.15448,80.46581,338.14,0.45,0.47,2022-03-12,727,N20,VIIRS,n,2,302.96,3.93,D,0
18.15574,81.46567,344.25,0.39,0.44,2022-03-12,727,N20,VIIRS,n,2,306.08,3.55,D,0
18.15711,80.45798,345.08,0.45,0.47,2022-03-12,727,N20,VIIRS,n,2,304.4,6.78,D,0
18.15719,80.45665,333.62,0.45,0.47,2022-03-12,727,N20,VIIRS,n,2,303.43,4.86,D,0
18.15794,80.46078,338.81,0.45,0.47,2022-03-12,727,N20,VIIRS,n,2,303.54,4.86,D,0
18.16188,80.78942,330.24,0.43,0.46,2022-03-12,727,N20,VIIRS,l,2,303.15,4.02,D,0
18.1636,80.77545,334.7,0.43,0.46,2022-03-12,727,N20,VIIRS,n,2,303.5,4.42,D,0
18.16534,79.908,332.83,0.48,0.48,2022-03-12,727,N20,VIIRS,n,2,302.58,3.94,D,0
18.16572,80.10365,334.08,0.47,0.48,2022-03-12,727,N20,VIIRS,n,2,300.41,3.12,D,0
18.1668,79.91551,341.31,0.48,0.48,2022-03-12,727,N20,VIIRS,n,2,303.03,8.03,D,0
18.16706,79.91687,338.26,0.48,0.48,2022-03-12,727,N20,VIIRS,n,2,302.84,8.53,D,0
18.17,80.10257,330.65,0.47,0.48,2022-03-12,727,N20,VIIRS,l,2,300.93,2.56,D,0
18.17036,81.43288,334.82,0.39,0.44,2022-03-12,727,N20,VIIRS,l,2,305.07,2.95,D,0
18.17182,80.77348,340.6,0.43,0.46,2022-03-12,727,N20,VIIRS,n,2,303.79,4.4,D,0
18.1795,79.02775,337.18,0.55,0.51,2022-03-12,727,N20,VIIRS,n,2,300.61,7.73,D,0
18.19126,80.78601,337.08,0.43,0.46,2022-03-12,727,N20,VIIRS,n,2,304.35,4.99,D,0
18.19663,80.76842,349.43,0.43,0.46,2022-03-12,727,N20,VIIRS,n,2,307.82,7.65,D,0
18.19689,80.38947,345.14,0.45,0.47,2022-03-12,727,N20,VIIRS,n,2,303.72,7.11,D,0
18.19844,81.35967,333.81,0.39,0.44,2022-03-12,727,N20,VIIRS,l,2,304.45,2.62,D,0
18.20529,80.81607,333.21,0.42,0.45,2022-03-12,727,N20,VIIRS,l,2,304.59,3.1,D,0
18.20575,80.36617,332.04,0.45,0.47,2022-03-12,727,N20,VIIRS,l,2,302.93,4.23,D,0
18.20602,80.82007,331.33,0.42,0.45,2022-03-12,727,N20,VIIRS,l,2,301.89,3.1,D,0
18.20779,80.90017,341.66,0.42,0.45,2022-03-12,727,N20,VIIRS,n,2,304.17,3.07,D,0
18.21551,80.80164,342.11,0.42,0.45,2022-03-12,727,N20,VIIRS,n,2,304.66,3.16,D,0
18.21621,80.80555,333.84,0.42,0.45,2022-03-12,727,N20,VIIRS,l,2,304.86,7.36,D,0
18.21763,80.81338,344.59,0.42,0.45,2022-03-12,727,N20,VIIRS,n,2,304.58,5.0,D,0
18.21779,80.80197,347.78,0.42,0.45,2022-03-12,727,N20,VIIRS,n,2,304.74,9.54,D,0
18.21852,80.8059,354.57,0.42,0.45,2022-03-12,727,N20,VIIRS,n,2,306.86,11.05,D,0
18.21926,80.8098,349.97,0.42,0.45,2022-03-12,727,N20,VIIRS,n,2,304.23,11.05,D,0
18.22,80.81374,332.83,0.42,0.45,2022-03-12,727,N20,VIIRS,n,2,302.64,3.79,D,0
18.22033,80.80468,348.11,0.42,0.45,2022-03-12,727,N20,VIIRS,n,2,305.93,7.36,D,0
18.22104,80.8086,344.89,0.42,0.45,2022-03-12,727,N20,VIIRS,n,2,304.49,7.36,D,0
18.22806,80.39162,337.35,0.45,0.47,2022-03-12,727,N20,VIIRS,n,2,304.05,3.34,D,0
18.2283,79.88073,343.07,0.48,0.48,2022-03-12,727,N20,VIIRS,n,2,304.48,6.08,D,0
18.22883,80.39579,338.56,0.45,0.47,2022-03-12,727,N20,VIIRS,n,2,304.01,3.34,D,0
18.2426,79.83572,331.39,0.49,0.48,2022-03-12,727,N20,VIIRS,l,2,302.21,1.65,D,0
18.24701,79.83572,331.6,0.49,0.48,2022-03-12,727,N20,VIIRS,n,2,301.31,2.14,D,0
18.2527,80.9201,330.02,0.42,0.45,2022-03-12,727,N20,VIIRS,l,2,302.54,1.82,D,0
18.27805,80.68713,334.73,0.43,0.46,2022-03-12,727,N20,VIIRS,n,2,302.79,1.75,D,0
18.28068,79.98612,337.86,0.47,0.48,2022-03-12,727,N20,VIIRS,n,2,305.04,5.31,D,0
18.28392,79.98469,331.93,0.48,0.48,2022-03-12,727,N20,VIIRS,l,2,306.18,3.61,D,0
18.29439,80.06548,349.63,0.47,0.48,2022-03-12,727,N20,VIIRS,n,2,302.03,11.64,D,0
18.29517,80.0612,340.27,0.47,0.48,2022-03-12,727,N20,VIIRS,n,2,301.54,8.14,D,0
18.29606,80.06582,350.47,0.47,0.48,2022-03-12,727,N20,VIIRS,n,2,301.28,8.14,D,0
18.29868,80.06441,338.94,0.47,0.48,2022-03-12,727,N20,VIIRS,n,2,300.51,4.37,D,0
18.32222,80.26407,351.68,0.46,0.47,2022-03-12,727,N20,VIIRS,n,2,302.48,10.29,D,0
18.32298,80.26823,332.36,0.46,0.47,2022-03-12,727,N20,VIIRS,n,2,300.25,4.06,D,0
18.33401,79.60417,339.41,0.5,0.49,2022-03-12,727,N20,VIIRS,n,2,297.83,6.57,D,0
18.34929,81.465,332.48,0.38,0.44,2022-03-12,727,N20,VIIRS,l,2,303.86,2.17,D,0
18.38584,80.75121,341.94,0.42,0.46,2022-03-12,727,N20,VIIRS,n,2,301.32,4.12,D,0
18.39989,77.72504,334.69,0.33,0.55,2022-03-12,727,N20,VIIRS,n,2,297.99,2.21,D,0
18.42189,80.63471,333.29,0.43,0.46,2022-03-12,727,N20,VIIRS,l,2,304.05,3.34,D,0
18.42263,80.63866,334.27,0.43,0.46,2022-03-12,727,N20,VIIRS,n,2,302.82,3.34,D,0
18.42601,80.63367,345.4,0.43,0.46,2022-03-12,727,N20,VIIRS,n,2,305.2,7.74,D,0
18.43013,80.63268,342.04,0.43,0.46,2022-03-12,727,N20,VIIRS,n,2,304.68,7.74,D,0
18.4403,80.68699,334.22,0.43,0.46,2022-03-12,727,N20,VIIRS,n,2,300.63,2.16,D,0
18.4417,80.87061,334.0,0.42,0.45,2022-03-12,727,N20,VIIRS,n,2,302.04,2.14,D,0
18.44286,80.26231,331.85,0.45,0.47,2022-03-12,727,N20,VIIRS,l,2,303.15,3.22,D,0
18.44405,80.26114,331.34,0.45,0.47,2022-03-12,727,N20,VIIRS,l,2,304.06,2.9,D,0
18.44681,80.67587,349.85,0.43,0.46,2022-03-12,727,N20,VIIRS,n,2,301.9,7.38,D,0
18.46518,81.43527,346.68,0.38,0.44,2022-03-12,727,N20,VIIRS,n,2,306.04,6.07,D,0
18.46645,80.50195,333.87,0.44,0.46,2022-03-12,727,N20,VIIRS,l,2,305.29,3.86,D,0
18.47987,77.11121,332.68,0.36,0.58,2022-03-12,727,N20,VIIRS,n,2,300.89,2.28,D,0
18.47989,77.11219,337.91,0.36,0.58,2022-03-12,727,N20,VIIRS,n,2,300.92,2.64,D,0
18.48315,80.47351,340.78,0.44,0.46,2022-03-12,727,N20,VIIRS,n,2,304.44,2.06,D,0
18.48934,80.48461,335.36,0.44,0.46,2022-03-12,727,N20,VIIRS,n,2,303.87,2.65,D,0
18.48972,80.48521,340.75,0.44,0.46,2022-03-12,727,N20,VIIRS,n,2,304.94,4.81,D,0
18.49664,80.66657,333.25,0.43,0.46,2022-03-12,727,N20,VIIRS,l,2,303.27,3.97,D,0
18.49731,80.67023,331.95,0.43,0.46,2022-03-12,727,N20,VIIRS,n,2,300.83,1.89,D,0
18.50079,80.6892,335.36,0.43,0.46,2022-03-12,727,N20,VIIRS,n,2,301.68,5.21,D,0
18.50478,79.75667,335.27,0.49,0.48,2022-03-12,727,N20,VIIRS,n,2,305.79,3.45,D,0
18.50545,80.59689,336.95,0.43,0.46,2022-03-12,727,N20,VIIRS,l,2,307.26,4.02,D,0
18.50584,80.52447,335.14,0.44,0.46,2022-03-12,727,N20,VIIRS,n,2,303.51,4.89,D,0
18.50585,80.59315,337.95,0.43,0.46,2022-03-12,727,N20,VIIRS,n,2,305.21,5.88,D,0
18.50608,80.76482,338.82,0.42,0.45,2022-03-12,727,N20,VIIRS,n,2,301.13,2.61,D,0
18.50661,80.52853,342.29,0.44,0.46,2022-03-12,727,N20,VIIRS,n,2,305.85,4.89,D,0
18.5102,80.76402,345.95,0.42,0.45,2022-03-12,727,N20,VIIRS,n,2,301.85,3.92,D,0
18.51085,80.52802,343.46,0.44,0.46,2022-03-12,727,N20,VIIRS,n,2,304.19,4.89,D,0
18.51161,80.53207,354.95,0.43,0.46,2022-03-12,727,N20,VIIRS,n,2,304.82,9.03,D,0
18.51431,80.76319,332.52,0.42,0.45,2022-03-12,727,N20,VIIRS,n,2,301.45,3.92,D,0
18.58064,80.78628,331.59,0.42,0.45,2022-03-12,727,N20,VIIRS,n,2,302.36,1.64,D,0
18.58419,78.89081,341.04,0.55,0.51,2022-03-12,727,N20,VIIRS,n,2,300.77,13.04,D,0
18.62409,80.54896,339.93,0.43,0.46,2022-03-12,727,N20,VIIRS,n,2,304.08,7.32,D,0
18.62752,80.54424,331.0,0.43,0.46,2022-03-12,727,N20,VIIRS,l,2,301.28,11.11,D,0
18.6283,80.54836,352.5,0.43,0.46,2022-03-12,727,N20,VIIRS,n,2,304.06,11.11,D,0
18.62905,80.55236,346.78,0.43,0.46,2022-03-12,727,N20,VIIRS,n,2,302.03,7.09,D,0
18.62979,80.5563,332.03,0.43,0.46,2022-03-12,727,N20,VIIRS,n,2,300.34,7.09,D,0
18.63217,80.52293,338.95,0.43,0.46,2022-03-12,727,N20,VIIRS,n,2,300.49,6.82,D,0
18.63394,80.55542,353.96,0.43,0.46,2022-03-12,727,N20,VIIRS,n,2,302.75,7.09,D,0
18.63701,80.52572,333.45,0.43,0.46,2022-03-12,727,N20,VIIRS,n,2,302.22,4.15,D,0
18.63793,80.5996,340.71,0.43,0.46,2022-03-12,727,N20,VIIRS,n,2,303.97,4.88,D,0
18.64765,80.53637,346.11,0.43,0.46,2022-03-12,727,N20,VIIRS,n,2,301.86,6.06,D,0
18.65444,80.57273,339.01,0.43,0.46,2022-03-12,727,N20,VIIRS,n,2,300.91,3.37,D,0
18.65517,80.57664,331.76,0.43,0.46,2022-03-12,727,N20,VIIRS,n,2,301.08,3.37,D,0
18.65876,81.05075,333.0,0.4,0.44,2022-03-12,727,N20,VIIRS,n,2,298.8,2.53,D,0
18.66276,79.65384,338.8,0.49,0.49,2022-03-12,727,N20,VIIRS,n,2,305.49,5.18,D,0
18.69938,79.23937,340.85,0.52,0.5,2022-03-12,727,N20,VIIRS,n,2,299.94,7.03,D,0
18.71988,79.57249,334.35,0.5,0.49,2022-03-12,727,N20,VIIRS,n,2,302.44,3.49,D,0
18.72261,79.53841,342.2,0.5,0.49,2022-03-12,727,N20,VIIRS,n,2,308.17,5.53,D,0
18.72606,81.28576,334.38,0.39,0.44,2022-03-12,727,N20,VIIRS,n,2,306.06,1.86,D,0
18.78373,80.30719,334.07,0.44,0.46,2022-03-12,727,N20,VIIRS,n,2,301.76,2.79,D,0
18.78883,80.3118,348.08,0.44,0.46,2022-03-12,727,N20,VIIRS,n,2,302.21,9.25,D,0
18.7903,80.64797,332.01,0.42,0.45,2022-03-12,727,N20,VIIRS,n,2,300.96,3.28,D,0
18.80243,80.17499,334.15,0.45,0.47,2022-03-12,727,N20,VIIRS,n,2,300.4,4.3,D,0
18.80668,80.1741,341.08,0.45,0.47,2022-03-12,727,N20,VIIRS,n,2,301.06,4.3,D,0
18.81386,80.82133,332.83,0.41,0.45,2022-03-12,727,N20,VIIRS,l,2,303.32,3.35,D,0
18.82584,80.25265,330.51,0.45,0.47,2022-03-12,727,N20,VIIRS,l,2,302.09,4.56,D,0
18.86351,80.31383,331.54,0.44,0.46,2022-03-12,727,N20,VIIRS,l,2,301.82,1.5,D,0
18.86717,80.77097,336.42,0.41,0.45,2022-03-12,727,N20,VIIRS,n,2,305.78,3.8,D,0
18.89453,80.84926,334.12,0.41,0.45,2022-03-12,727,N20,VIIRS,n,2,304.78,2.07,D,0
18.91211,80.76189,344.09,0.41,0.45,2022-03-12,727,N20,VIIRS,n,2,305.34,4.93,D,0
18.93085,78.72953,332.18,0.56,0.51,2022-03-12,727,N20,VIIRS,n,2,302.14,6.14,D,0
18.93126,80.86552,337.55,0.41,0.45,2022-03-12,727,N20,VIIRS,n,2,302.45,2.64,D,0
18.94107,78.73219,333.7,0.56,0.51,2022-03-12,727,N20,VIIRS,n,2,302.83,5.4,D,0
18.97156,81.15245,331.4,0.39,0.44,2022-03-12,727,N20,VIIRS,l,2,304.54,1.57,D,0
18.98421,81.42171,333.35,0.57,0.43,2022-03-12,727,N20,VIIRS,l,2,306.96,2.93,D,0
18.98964,80.86456,334.63,0.41,0.45,2022-03-12,727,N20,VIIRS,n,2,303.53,1.68,D,0
18.99014,80.8654,332.41,0.41,0.45,2022-03-12,727,N20,VIIRS,n,2,303.5,1.76,D,0
19.01563,78.81704,330.85,0.55,0.51,2022-03-12,727,N20,VIIRS,n,2,300.55,2.16,D,0
19.03091,80.11224,333.57,0.45,0.47,2022-03-12,727,N20,VIIRS,n,2,302.33,3.47,D,0
19.03517,80.11144,342.25,0.45,0.47,2022-03-12,727,N20,VIIRS,n,2,305.07,9.57,D,0
19.03677,80.11998,337.4,0.45,0.47,2022-03-12,727,N20,VIIRS,n,2,303.15,6.05,D,0
19.04716,79.85783,334.84,0.47,0.48,2022-03-12,727,N20,VIIRS,l,2,307.84,5.18,D,0
19.0504,79.898,340.41,0.47,0.47,2022-03-12,727,N20,VIIRS,n,2,309.6,4.92,D,0
19.1095,80.96967,330.3,0.4,0.44,2022-03-12,727,N20,VIIRS,n,2,303.09,2.65,D,0
19.12023,81.00611,334.32,0.4,0.44,2022-03-12,727,N20,VIIRS,n,2,304.0,2.12,D,0
19.12496,80.00914,343.91,0.46,0.47,2022-03-12,727,N20,VIIRS,n,2,299.79,5.92,D,0
19.12843,80.00403,337.71,0.46,0.47,2022-03-12,727,N20,VIIRS,n,2,302.72,5.92,D,0
19.12927,80.00849,346.32,0.46,0.47,2022-03-12,727,N20,VIIRS,n,2,301.4,5.92,D,0
19.13694,80.00212,345.08,0.46,0.47,2022-03-12,727,N20,VIIRS,n,2,300.56,7.11,D,0
19.14333,80.15395,334.41,0.45,0.47,2022-03-12,727,N20,VIIRS,l,2,305.51,3.08,D,0
19.16119,80.04398,335.93,0.45,0.47,2022-03-12,727,N20,VIIRS,n,2,299.43,4.84,D,0
19.16588,80.81736,335.88,0.41,0.45,2022-03-12,727,N20,VIIRS,n,2,303.69,3.1,D,0
19.18513,81.3709,334.31,0.57,0.43,2022-03-12,727,N20,VIIRS,n,2,306.37,4.35,D,0
19.18585,81.37265,334.35,0.57,0.43,2022-03-12,727,N20,VIIRS,n,2,305.19,4.14,D,0
19.18871,78.75858,342.54,0.55,0.51,2022-03-12,727,N20,VIIRS,n,2,299.97,13.4,D,0
19.19899,78.76196,330.41,0.55,0.51,2022-03-12,727,N20,VIIRS,n,2,300.35,3.99,D,0
19.2218,79.6545,335.39,0.48,0.48,2022-03-12,727,N20,VIIRS,l,2,305.7,2.95,D,0
19.23573,77.44383,331.6,0.33,0.55,2022-03-12,727,N20,VIIRS,n,2,299.11,2.99,D,0
19.25744,78.67679,339.63,0.55,0.51,2022-03-12,727,N20,VIIRS,n,2,300.42,5.43,D,0
19.26207,78.6758,338.81,0.55,0.51,2022-03-12,727,N20,VIIRS,n,2,300.03,5.43,D,0
19.26414,78.68616,332.9,0.55,0.51,2022-03-12,727,N20,VIIRS,n,2,301.67,7.25,D,0
19.26463,78.66437,339.46,0.55,0.51,2022-03-12,727,N20,VIIRS,n,2,299.99,7.93,D,0
19.26517,78.69138,341.12,0.55,0.51,2022-03-12,727,N20,VIIRS,n,2,301.76,7.25,D,0
19.26659,79.53237,332.47,0.49,0.48,2022-03-12,727,N20,VIIRS,l,2,305.31,2.34,D,0
19.26775,78.68005,338.36,0.55,0.51,2022-03-12,727,N20,VIIRS,n,2,301.25,7.63,D,0
19.26876,79.42818,331.57,0.49,0.49,2022-03-12,727,N20,VIIRS,l,2,305.44,3.0,D,0
19.26983,78.69053,330.83,0.55,0.51,2022-03-12,727,N20,VIIRS,n,2,300.47,6.96,D,0
19.27136,78.67391,341.21,0.55,0.51,2022-03-12,727,N20,VIIRS,n,2,301.14,7.63,D,0
19.27239,78.67914,346.47,0.55,0.51,2022-03-12,727,N20,VIIRS,n,2,301.64,7.63,D,0
19.27496,78.6677,337.59,0.55,0.51,2022-03-12,727,N20,VIIRS,n,2,300.58,5.42,D,0
19.27856,78.66147,338.7,0.55,0.51,2022-03-12,727,N20,VIIRS,n,2,301.39,5.42,D,0
19.28064,78.672,334.38,0.55,0.51,2022-03-12,727,N20,VIIRS,n,2,300.24,5.08,D,0
19.28423,78.66573,332.67,0.55,0.51,2022-03-12,727,N20,VIIRS,n,2,300.97,5.12,D,0
19.28604,78.55175,331.32,0.56,0.52,2022-03-12,727,N20,VIIRS,n,2,300.72,6.3,D,0
19.32122,78.6185,333.2,0.56,0.51,2022-03-12,727,N20,VIIRS,n,2,301.89,5.03,D,0
19.33474,79.6963,333.36,0.47,0.48,2022-03-12,727,N20,VIIRS,l,2,303.82,3.42,D,0
19.33948,78.04959,338.09,0.6,0.53,2022-03-12,727,N20,VIIRS,n,2,303.15,4.53,D,0
19.34431,78.04859,330.71,0.6,0.53,2022-03-12,727,N20,VIIRS,l,2,304.25,4.53,D,0
19.35916,79.95281,332.96,0.46,0.47,2022-03-12,727,N20,VIIRS,l,2,304.11,3.25,D,0
19.44328,79.6933,331.11,0.47,0.48,2022-03-12,727,N20,VIIRS,l,2,303.14,3.24,D,0
19.5369,79.42448,337.21,0.49,0.49,2022-03-12,727,N20,VIIRS,n,2,300.83,4.55,D,0
19.55023,78.9807,330.57,0.52,0.5,2022-03-12,727,N20,VIIRS,l,2,304.88,2.9,D,0
19.55753,77.46646,340.38,0.33,0.55,2022-03-12,727,N20,VIIRS,n,2,302.08,1.64,D,0
19.56233,79.31792,332.24,0.5,0.49,2022-03-12,727,N20,VIIRS,n,2,301.32,2.06,D,0
19.56368,78.95317,331.4,0.52,0.5,2022-03-12,727,N20,VIIRS,n,2,300.86,1.25,D,0
19.56575,79.31917,335.35,0.5,0.49,2022-03-12,727,N20,VIIRS,n,2,303.95,3.32,D,0
19.60885,79.70557,332.06,0.47,0.48,2022-03-12,727,N20,VIIRS,l,2,304.15,2.48,D,0
19.62461,78.63342,334.02,0.55,0.51,2022-03-12,727,N20,VIIRS,n,2,303.27,2.81,D,0
19.62493,78.37979,338.37,0.57,0.52,2022-03-12,727,N20,VIIRS,n,2,302.67,4.77,D,0
19.65964,78.28371,333.02,0.58,0.52,2022-03-12,727,N20,VIIRS,n,2,300.9,3.79,D,0
19.6684,77.10361,331.87,0.34,0.56,2022-03-12,727,N20,VIIRS,l,2,305.29,1.29,D,0
19.77724,78.44813,338.83,0.56,0.51,2022-03-12,727,N20,VIIRS,n,2,306.81,4.09,D,0
19.78308,80.63615,331.41,0.41,0.45,2022-03-12,727,N20,VIIRS,l,2,303.55,3.31,D,0
19.81465,78.3822,332.34,0.56,0.52,2022-03-12,727,N20,VIIRS,l,2,306.56,3.95,D,0
19.818,78.38377,336.99,0.56,0.52,2022-03-12,727,N20,VIIRS,n,2,306.66,4.18,D,0
19.83508,80.53362,334.51,0.41,0.45,2022-03-12,727,N20,VIIRS,n,2,304.18,3.22,D,0
19.87111,80.6814,341.43,0.4,0.45,2022-03-12,727,N20,VIIRS,n,2,304.13,5.17,D,0
19.92441,80.69803,330.53,0.4,0.44,2022-03-12,727,N20,VIIRS,n,2,300.9,2.29,D,0
19.95755,80.58127,332.54,0.41,0.45,2022-03-12,727,N20,VIIRS,l,2,303.34,1.99,D,0
19.97998,80.5887,331.36,0.41,0.45,2022-03-12,727,N20,VIIRS,n,2,303.0,1.86,D,0
19.8801,77.08721,335.84,0.34,0.56,2022-03-12,728,N20,VIIRS,l,2,306.87,1.92,D,0
19.89603,77.11344,334.66,0.34,0.56,2022-03-12,728,N20,VIIRS,l,2,307.36,1.33,D,0
18.73525,80.38859,306.79,0.53,0.42,2022-03-12,1957,N20,VIIRS,n,2,294.32,1.64,N,0
18.73866,80.50939,305.35,0.52,0.41,2022-03-12,1957,N20,VIIRS,n,2,293.88,1.54,N,0
18.78007,80.66127,303.89,0.51,0.41,2022-03-12,1957,N20,VIIRS,n,2,293.12,1.53,N,0
18.826,80.24835,309.83,0.54,0.42,2022-03-12,1957,N20,VIIRS,n,2,294.72,2.59,N,0
18.82854,80.24791,314.05,0.54,0.42,2022-03-12,1957,N20,VIIRS,n,2,294.65,2.21,N,0
18.83132,80.59437,309.08,0.51,0.41,2022-03-12,1957,N20,VIIRS,n,2,292.3,0.86,N,0
18.85476,80.29951,305.84,0.53,0.42,2022-03-12,1957,N20,VIIRS,n,2,294.91,2.31,N,0
18.8561,80.28928,309.58,0.53,0.42,2022-03-12,1957,N20,VIIRS,n,2,295.23,1.97,N,0
18.85862,80.30003,305.08,0.53,0.42,2022-03-12,1957,N20,VIIRS,n,2,294.28,2.72,N,0
18.9493,78.73476,301.65,0.44,0.46,2022-03-12,1957,N20,VIIRS,n,2,291.05,0.76,N,0
18.94998,78.90376,312.01,0.43,0.46,2022-03-12,1957,N20,VIIRS,n,2,293.26,1.69,N,0
18.95046,78.89993,307.75,0.43,0.46,2022-03-12,1957,N20,VIIRS,n,2,294.22,2.1,N,0
18.96751,80.07613,308.06,0.55,0.43,2022-03-12,1957,N20,VIIRS,n,2,296.45,3.37,N,0
18.96759,80.07831,307.09,0.55,0.43,2022-03-12,1957,N20,VIIRS,n,2,296.38,2.39,N,0
18.99411,80.11949,304.76,0.55,0.43,2022-03-12,1957,N20,VIIRS,n,2,292.63,0.48,N,0
18.99732,80.12539,308.86,0.55,0.43,2022-03-12,1957,N20,VIIRS,n,2,294.23,1.1,N,0
19.00052,80.13129,305.44,0.55,0.42,2022-03-12,1957,N20,VIIRS,n,2,294.38,1.1,N,0
19.0012,80.12611,306.36,0.55,0.43,2022-03-12,1957,N20,VIIRS,n,2,294.18,1.1,N,0
19.04494,79.20513,309.19,0.41,0.45,2022-03-12,1957,N20,VIIRS,n,2,292.78,1.35,N,0
19.12568,78.80241,304.93,0.44,0.46,2022-03-12,1957,N20,VIIRS,n,2,292.61,1.13,N,0
19.12593,79.99541,306.35,0.56,0.43,2022-03-12,1957,N20,VIIRS,n,2,295.93,3.24,N,0
19.12598,78.80352,307.33,0.44,0.46,2022-03-12,1957,N20,VIIRS,n,2,292.36,1.27,N,0
19.12987,79.99603,325.86,0.56,0.43,2022-03-12,1957,N20,VIIRS,n,2,297.17,3.4,N,0
19.13058,79.99052,316.78,0.56,0.43,2022-03-12,1957,N20,VIIRS,n,2,294.5,3.4,N,0
19.13849,79.99137,310.19,0.56,0.43,2022-03-12,1957,N20,VIIRS,n,2,293.04,2.51,N,0
19.14031,80.00825,307.38,0.56,0.43,2022-03-12,1957,N20,VIIRS,n,2,294.83,2.83,N,0
19.15027,80.05444,307.5,0.56,0.43,2022-03-12,1957,N20,VIIRS,n,2,295.04,2.71,N,0
19.15493,80.04939,314.13,0.56,0.43,2022-03-12,1957,N20,VIIRS,n,2,295.38,2.04,N,0
19.1564,80.03823,312.46,0.56,0.43,2022-03-12,1957,N20,VIIRS,n,2,294.89,3.0,N,0
19.15712,80.03281,306.88,0.56,0.43,2022-03-12,1957,N20,VIIRS,n,2,295.13,2.16,N,0
19.15888,80.04977,306.52,0.56,0.43,2022-03-12,1957,N20,VIIRS,n,2,295.61,2.04,N,0
19.1618,80.02769,309.41,0.56,0.43,2022-03-12,1957,N20,VIIRS,n,2,295.28,2.16,N,0
19.18605,80.0553,312.81,0.56,0.43,2022-03-12,1957,N20,VIIRS,n,2,295.81,2.23,N,0
19.18643,80.05327,311.53,0.56,0.43,2022-03-12,1957,N20,VIIRS,n,2,295.55,3.61,N,0
19.19782,80.0571,306.82,0.56,0.43,2022-03-12,1957,N20,VIIRS,n,2,295.47,1.83,N,0
19.19951,78.83416,307.53,0.44,0.46,2022-03-12,1957,N20,VIIRS,n,2,291.86,1.12,N,0
19.20889,80.06433,308.84,0.56,0.43,2022-03-12,1957,N20,VIIRS,n,2,295.3,2.23,N,0
19.25084,78.68927,304.05,0.45,0.47,2022-03-12,1957,N20,VIIRS,n,2,291.08,1.19,N,0
19.25221,78.6913,309.57,0.45,0.47,2022-03-12,1957,N20,VIIRS,n,2,291.82,2.14,N,0
19.25563,78.68567,306.12,0.45,0.47,2022-03-12,1957,N20,VIIRS,n,2,291.34,1.19,N,0
19.25941,78.69053,303.14,0.45,0.47,2022-03-12,1957,N20,VIIRS,n,2,291.05,1.96,N,0
19.26695,78.70024,306.26,0.45,0.47,2022-03-12,1957,N20,VIIRS,n,2,291.79,2.25,N,0
19.27223,78.6926,309.68,0.45,0.47,2022-03-12,1957,N20,VIIRS,n,2,293.28,2.95,N,0
19.27703,78.68903,307.51,0.45,0.47,2022-03-12,1957,N20,VIIRS,n,2,289.5,1.66,N,0
19.27754,78.68479,303.25,0.45,0.47,2022-03-12,1957,N20,VIIRS,n,2,288.62,1.06,N,0
19.28769,78.67306,312.78,0.45,0.47,2022-03-12,1957,N20,VIIRS,n,2,289.36,2.16,N,0
19.3109,78.76756,303.7,0.44,0.46,2022-03-12,1957,N20,VIIRS,n,2,289.97,0.42,N,0
19.32237,79.68848,307.12,0.39,0.44,2022-03-12,1957,N20,VIIRS,n,2,290.55,0.67,N,0
19.32285,79.68478,301.7,0.39,0.44,2022-03-12,1957,N20,VIIRS,n,2,290.94,0.45,N,0
19.32311,78.66906,311.2,0.45,0.47,2022-03-12,1957,N20,VIIRS,n,2,291.38,1.43,N,0
19.32564,78.6131,308.42,0.45,0.47,2022-03-12,1957,N20,VIIRS,n,2,293.44,2.0,N,0
19.33826,78.1377,302.11,0.49,0.48,2022-03-12,1957,N20,VIIRS,n,2,290.31,0.68,N,0
19.34288,78.61553,315.61,0.45,0.47,2022-03-12,1957,N20,VIIRS,n,2,292.54,1.69,N,0
19.3434,78.61133,307.72,0.45,0.47,2022-03-12,1957,N20,VIIRS,n,2,292.49,1.69,N,0
19.34772,78.61185,302.88,0.45,0.47,2022-03-12,1957,N20,VIIRS,n,2,291.8,1.05,N,0
19.65313,79.4353,301.56,0.41,0.45,2022-03-12,1957,N20,VIIRS,n,2,290.68,0.41,N,0
19.72066,78.34323,304.82,0.48,0.48,2022-03-12,1957,N20,VIIRS,n,2,293.93,1.16,N,0
19.75984,77.98859,299.19,0.5,0.49,2022-03-12,1957,N20,VIIRS,n,2,284.05,1.09,N,0
19.78855,79.14661,312.71,0.43,0.46,2022-03-12,1957,N20,VIIRS,n,2,296.12,1.71,N,2
19.80152,78.8653,305.17,0.44,0.46,2022-03-12,1957,N20,VIIRS,n,2,294.05,0.84,N,0
19.96354,79.33318,313.56,0.42,0.45,2022-03-12,1957,N20,VIIRS,n,2,293.24,0.96,N,2
15.51415,79.74077,301.54,0.52,0.42,2022-03-12,1958,N20,VIIRS,n,2,291.47,0.75,N,0
15.54801,78.63676,310.46,0.4,0.45,2022-03-12,1958,N20,VIIRS,n,2,293.94,1.81,N,0
15.61144,78.68833,308.33,0.4,0.44,2022-03-12,1958,N20,VIIRS,n,2,293.28,0.93,N,0
15.61553,78.68881,304.87,0.4,0.44,2022-03-12,1958,N20,VIIRS,n,2,293.74,0.93,N,0
15.61884,79.79378,306.91,0.52,0.42,2022-03-12,1958,N20,VIIRS,n,2,294.29,2.16,N,0
15.63034,78.70255,304.92,0.4,0.44,2022-03-12,1958,N20,VIIRS,n,2,293.48,1.16,N,0
15.67269,79.10492,304.48,0.57,0.43,2022-03-12,1958,N20,VIIRS,n,2,293.6,1.62,N,0
15.67405,78.84543,306.51,0.39,0.44,2022-03-12,1958,N20,VIIRS,n,2,293.77,1.66,N,0
15.67445,78.84236,304.07,0.39,0.44,2022-03-12,1958,N20,VIIRS,n,2,293.51,1.41,N,0
15.67682,78.84912,322.22,0.39,0.44,2022-03-12,1958,N20,VIIRS,n,2,293.06,3.21,N,0
15.67766,78.84292,303.59,0.39,0.44,2022-03-12,1958,N20,VIIRS,n,2,293.01,1.61,N,0
15.67767,78.84924,321.26,0.39,0.44,2022-03-12,1958,N20,VIIRS,n,2,293.15,1.66,N,0
15.68387,78.83328,301.27,0.4,0.44,2022-03-12,1958,N20,VIIRS,n,2,290.78,0.34,N,0
15.68916,78.66701,302.15,0.4,0.45,2022-03-12,1958,N20,VIIRS,n,2,291.59,0.46,N,0
15.69538,78.80815,301.86,0.4,0.44,2022-03-12,1958,N20,VIIRS,n,2,290.74,0.41,N,0
15.69948,78.8083,302.13,0.4,0.44,2022-03-12,1958,N20,VIIRS,n,2,291.45,0.41,N,0
15.71097,79.12162,313.82,0.57,0.43,2022-03-12,1958,N20,VIIRS,n,2,293.09,2.72,N,0
15.74119,78.95843,316.58,0.39,0.44,2022-03-12,1958,N20,VIIRS,n,2,293.88,1.16,N,0
15.74432,78.84353,303.62,0.4,0.44,2022-03-12,1958,N20,VIIRS,n,2,292.73,1.36,N,0
15.74483,78.83973,317.0,0.4,0.44,2022-03-12,1958,N20,VIIRS,n,2,293.63,1.36,N,0
15.74525,78.95866,304.21,0.39,0.44,2022-03-12,1958,N20,VIIRS,n,2,292.94,1.16,N,0
15.75694,78.84167,303.93,0.4,0.44,2022-03-12,1958,N20,VIIRS,n,2,293.07,1.08,N,0
15.75746,78.8378,304.94,0.4,0.44,2022-03-12,1958,N20,VIIRS,n,2,292.43,1.32,N,0
15.76435,79.04196,306.39,0.39,0.44,2022-03-12,1958,N20,VIIRS,n,2,293.75,0.98,N,0
15.76447,78.84701,304.32,0.4,0.44,2022-03-12,1958,N20,VIIRS,n,2,292.89,1.25,N,0
15.76696,79.05313,307.96,0.38,0.44,2022-03-12,1958,N20,VIIRS,n,2,294.08,0.79,N,0
15.7685,78.81717,304.2,0.4,0.44,2022-03-12,1958,N20,VIIRS,n,2,292.04,0.44,N,0
15.77047,78.89377,304.8,0.39,0.44,2022-03-12,1958,N20,VIIRS,n,2,291.86,0.95,N,0
15.80785,79.05174,307.43,0.38,0.44,2022-03-12,1958,N20,VIIRS,n,2,294.12,1.17,N,0
15.81271,78.79729,309.86,0.4,0.44,2022-03-12,1958,N20,VIIRS,n,2,291.81,0.95,N,0
15.81326,79.04175,309.48,0.39,0.44,2022-03-12,1958,N20,VIIRS,n,2,292.74,0.32,N,0
15.83024,78.82117,314.09,0.4,0.44,2022-03-12,1958,N20,VIIRS,n,2,292.2,1.33,N,0
15.83163,78.81059,305.23,0.4,0.44,2022-03-12,1958,N20,VIIRS,n,2,291.82,0.49,N,0
15.84414,79.08438,310.48,0.38,0.43,2022-03-12,1958,N20,VIIRS,n,2,294.31,1.66,N,0
15.84901,78.77298,305.27,0.4,0.44,2022-03-12,1958,N20,VIIRS,n,2,293.3,0.89,N,0
15.85276,78.86906,303.82,0.4,0.44,2022-03-12,1958,N20,VIIRS,n,2,293.44,1.07,N,0
15.85511,78.78953,316.41,0.4,0.44,2022-03-12,1958,N20,VIIRS,n,2,293.83,1.18,N,0
15.85562,78.78564,304.59,0.4,0.44,2022-03-12,1958,N20,VIIRS,n,2,293.33,1.18,N,0
15.85869,79.00744,312.3,0.39,0.44,2022-03-12,1958,N20,VIIRS,n,2,292.93,1.68,N,0
15.86218,78.79866,306.78,0.4,0.44,2022-03-12,1958,N20,VIIRS,n,2,293.31,1.02,N,0
15.86227,79.04103,310.97,0.39,0.44,2022-03-12,1958,N20,VIIRS,n,2,293.47,0.89,N,0
15.86279,79.05166,308.4,0.39,0.44,2022-03-12,1958,N20,VIIRS,n,2,294.59,1.54,N,0
15.86376,79.00027,304.02,0.39,0.44,2022-03-12,1958,N20,VIIRS,n,2,293.22,1.01,N,0
15.86415,79.04126,311.96,0.39,0.44,2022-03-12,1958,N20,VIIRS,n,2,292.94,1.76,N,0
15.8649,79.05164,306.97,0.39,0.44,2022-03-12,1958,N20,VIIRS,n,2,294.18,1.34,N,0
15.86584,79.04476,305.01,0.39,0.44,2022-03-12,1958,N20,VIIRS,n,2,293.05,0.89,N,0
15.87928,78.94664,301.69,0.39,0.44,2022-03-12,1958,N20,VIIRS,n,2,289.25,0.65,N,0
15.87941,78.85488,307.61,0.4,0.44,2022-03-12,1958,N20,VIIRS,n,2,293.04,1.12,N,0
15.88049,78.94677,302.87,0.39,0.44,2022-03-12,1958,N20,VIIRS,n,2,288.48,0.84,N,0
15.88741,78.8568,305.11,0.4,0.44,2022-03-12,1958,N20,VIIRS,n,2,292.58,0.79,N,0
15.89411,78.80746,307.45,0.4,0.44,2022-03-12,1958,N20,VIIRS,n,2,293.44,0.73,N,0
15.89437,78.80737,308.3,0.4,0.44,2022-03-12,1958,N20,VIIRS,n,2,293.56,0.77,N,0
15.89815,78.80823,308.91,0.4,0.44,2022-03-12,1958,N20,VIIRS,n,2,292.62,0.73,N,0
15.89841,78.80813,307.81,0.4,0.44,2022-03-12,1958,N20,VIIRS,n,2,292.51,0.77,N,0
15.96144,79.39597,322.66,0.55,0.43,2022-03-12,1958,N20,VIIRS,n,2,292.57,2.73,N,0
15.9959,78.76077,307.21,0.4,0.44,2022-03-12,1958,N20,VIIRS,n,2,292.7,1.07,N,0
15.99698,78.75276,304.83,0.4,0.44,2022-03-12,1958,N20,VIIRS,n,2,293.19,0.84,N,0
16.00058,78.75697,334.33,0.4,0.44,2022-03-12,1958,N20,VIIRS,n,2,294.89,3.65,N,0
16.00111,78.75301,331.69,0.4,0.44,2022-03-12,1958,N20,VIIRS,n,2,293.19,3.65,N,0
16.00356,79.01721,304.12,0.39,0.44,2022-03-12,1958,N20,VIIRS,n,2,292.21,0.41,N,0
16.00568,79.27568,306.98,0.56,0.43,2022-03-12,1958,N20,VIIRS,n,2,292.64,1.84,N,0
16.0064,79.27039,316.88,0.56,0.43,2022-03-12,1958,N20,VIIRS,n,2,293.83,1.84,N,0
16.00781,79.2599,307.46,0.56,0.43,2022-03-12,1958,N20,VIIRS,n,2,292.66,1.69,N,0
16.04725,78.55132,309.68,0.42,0.45,2022-03-12,1958,N20,VIIRS,n,2,291.2,2.96,N,0
16.04773,78.54761,336.19,0.42,0.45,2022-03-12,1958,N20,VIIRS,n,2,293.7,2.96,N,0
16.04822,78.54379,316.1,0.42,0.45,2022-03-12,1958,N20,VIIRS,n,2,292.81,4.66,N,0
16.04921,78.53603,318.18,0.42,0.45,2022-03-12,1958,N20,VIIRS,n,2,292.63,2.89,N,3
16.05331,78.53695,323.05,0.42,0.45,2022-03-12,1958,N20,VIIRS,n,2,292.85,3.65,N,0
16.05547,78.65083,325.09,0.41,0.45,2022-03-12,1958,N20,VIIRS,n,2,293.13,2.63,N,0
16.05959,78.65144,325.86,0.41,0.45,2022-03-12,1958,N20,VIIRS,n,2,293.41,2.63,N,0
16.06053,78.54652,305.51,0.42,0.45,2022-03-12,1958,N20,VIIRS,n,2,291.61,1.78,N,0
16.06469,78.64442,314.98,0.41,0.45,2022-03-12,1958,N20,VIIRS,n,2,292.26,1.95,N,0
16.06823,78.5194,304.63,0.42,0.45,2022-03-12,1958,N20,VIIRS,n,2,292.6,1.43,N,0
16.0698,78.54005,312.01,0.42,0.45,2022-03-12,1958,N20,VIIRS,n,2,292.2,1.94,N,0
16.10603,78.61732,314.95,0.41,0.45,2022-03-12,1958,N20,VIIRS,n,2,291.48,2.12,N,0
16.11987,78.72818,303.18,0.41,0.45,2022-03-12,1958,N20,VIIRS,n,2,291.18,0.67,N,0
16.12047,78.72849,303.59,0.41,0.45,2022-03-12,1958,N20,VIIRS,n,2,291.05,0.57,N,0
16.13288,78.60512,305.55,0.41,0.45,2022-03-12,1958,N20,VIIRS,n,2,291.53,0.79,N,0
16.13338,78.60133,303.3,0.41,0.45,2022-03-12,1958,N20,VIIRS,n,2,291.33,0.79,N,0
16.13551,78.60516,303.59,0.41,0.45,2022-03-12,1958,N20,VIIRS,n,2,291.71,0.68,N,0
16.14833,78.60363,305.75,0.41,0.45,2022-03-12,1958,N20,VIIRS,n,2,291.87,0.57,N,0
16.14854,78.63477,304.49,0.41,0.45,2022-03-12,1958,N20,VIIRS,n,2,292.03,0.75,N,0
16.14924,79.16216,306.27,0.38,0.43,2022-03-12,1958,N20,VIIRS,n,2,295.07,1.16,N,0
16.15265,78.63552,312.91,0.41,0.45,2022-03-12,1958,N20,VIIRS,n,2,291.89,0.75,N,0
16.15322,79.16282,340.95,0.38,0.43,2022-03-12,1958,N20,VIIRS,n,2,297.31,3.6,N,0
16.1572,79.16341,325.12,0.38,0.43,2022-03-12,1958,N20,VIIRS,n,2,294.42,3.6,N,0
16.16546,78.63383,304.11,0.41,0.45,2022-03-12,1958,N20,VIIRS,n,2,292.04,0.92,N,0
16.16599,78.62978,306.82,0.41,0.45,2022-03-12,1958,N20,VIIRS,n,2,291.49,0.92,N,0
16.17057,78.62685,311.06,0.41,0.45,2022-03-12,1958,N20,VIIRS,n,2,291.74,1.13,N,0
16.17108,78.6229,303.61,0.41,0.45,2022-03-12,1958,N20,VIIRS,n,2,291.1,1.13,N,0
16.1897,79.14844,309.92,0.38,0.43,2022-03-12,1958,N20,VIIRS,n,2,295.9,1.79,N,0
16.1963,78.65492,299.86,0.41,0.45,2022-03-12,1958,N20,VIIRS,n,2,288.73,0.64,N,0
16.19866,78.88741,305.61,0.4,0.44,2022-03-12,1958,N20,VIIRS,n,2,293.27,1.28,N,0
16.20402,78.8476,317.57,0.4,0.44,2022-03-12,1958,N20,VIIRS,n,2,292.35,1.91,N,0
16.20605,78.89542,316.19,0.4,0.44,2022-03-12,1958,N20,VIIRS,n,2,293.93,2.44,N,0
16.20622,78.89261,306.23,0.4,0.44,2022-03-12,1958,N20,VIIRS,n,2,292.87,1.69,N,0
16.20651,78.89189,308.91,0.4,0.44,2022-03-12,1958,N20,VIIRS,n,2,292.97,1.69,N,0
16.2067,78.88911,322.39,0.4,0.44,2022-03-12,1958,N20,VIIRS,n,2,293.44,1.69,N,0
16.20696,78.88839,326.39,0.4,0.44,2022-03-12,1958,N20,VIIRS,n,2,293.75,1.69,N,0
16.2071,78.85551,322.02,0.4,0.44,2022-03-12,1958,N20,VIIRS,n,2,292.59,2.29,N,0
16.20717,78.88564,331.05,0.4,0.44,2022-03-12,1958,N20,VIIRS,n,2,293.72,2.41,N,0
16.20741,78.88491,321.52,0.4,0.44,2022-03-12,1958,N20,VIIRS,n,2,292.84,2.01,N,0
16.20758,78.63305,302.04,0.41,0.45,2022-03-12,1958,N20,VIIRS,n,2,290.36,0.71,N,0
16.20915,78.90347,311.34,0.4,0.44,2022-03-12,1958,N20,VIIRS,n,2,294.36,3.37,N,0
16.20928,78.90054,340.87,0.4,0.44,2022-03-12,1958,N20,VIIRS,n,2,296.0,3.65,N,0
16.20962,78.89984,339.98,0.4,0.44,2022-03-12,1958,N20,VIIRS,n,2,295.02,2.44,N,0
16.20977,78.89692,319.74,0.4,0.44,2022-03-12,1958,N20,VIIRS,n,2,293.96,3.65,N,0
16.21008,78.89622,315.1,0.4,0.44,2022-03-12,1958,N20,VIIRS,n,2,293.38,2.44,N,0
16.21025,78.89337,313.71,0.4,0.44,2022-03-12,1958,N20,VIIRS,n,2,293.18,1.69,N,0
16.21041,78.92572,319.8,0.4,0.44,2022-03-12,1958,N20,VIIRS,n,2,294.31,2.95,N,0
16.21054,78.89266,307.12,0.4,0.44,2022-03-12,1958,N20,VIIRS,n,2,292.88,1.69,N,0
16.21072,78.85909,304.97,0.4,0.44,2022-03-12,1958,N20,VIIRS,n,2,292.4,0.7,N,0
16.21211,78.94444,321.12,0.4,0.44,2022-03-12,1958,N20,VIIRS,n,2,295.16,2.4,N,0
16.21352,78.93355,305.52,0.4,0.44,2022-03-12,1958,N20,VIIRS,n,2,293.94,1.3,N,0
16.21566,78.94893,329.11,0.4,0.44,2022-03-12,1958,N20,VIIRS,n,2,295.34,1.44,N,0
16.21827,78.96049,332.05,0.39,0.44,2022-03-12,1958,N20,VIIRS,n,2,294.86,2.38,N,0
16.21874,78.95689,316.77,0.39,0.44,2022-03-12,1958,N20,VIIRS,n,2,293.62,2.38,N,0
16.21921,78.95332,307.99,0.39,0.44,2022-03-12,1958,N20,VIIRS,n,2,294.86,1.44,N,0
16.21954,78.63787,314.42,0.41,0.45,2022-03-12,1958,N20,VIIRS,n,2,292.31,3.09,N,0
16.21966,78.94984,308.06,0.4,0.44,2022-03-12,1958,N20,VIIRS,n,2,294.38,1.44,N,0
16.22008,78.63383,341.82,0.41,0.45,2022-03-12,1958,N20,VIIRS,n,2,292.31,4.77,N,0
16.22372,78.63809,318.83,0.41,0.45,2022-03-12,1958,N20,VIIRS,n,2,294.14,3.03,N,0
16.22423,78.63422,324.84,0.41,0.45,2022-03-12,1958,N20,VIIRS,n,2,293.3,2.53,N,0
16.24039,78.65925,303.96,0.41,0.45,2022-03-12,1958,N20,VIIRS,n,2,292.18,1.14,N,0
16.24172,78.66049,303.26,0.41,0.45,2022-03-12,1958,N20,VIIRS,n,2,292.4,1.38,N,0
16.24188,78.96891,315.16,0.39,0.44,2022-03-12,1958,N20,VIIRS,n,2,293.86,1.55,N,0
16.24401,78.66373,304.41,0.41,0.45,2022-03-12,1958,N20,VIIRS,n,2,291.94,0.77,N,0
16.24593,78.96942,318.92,0.39,0.44,2022-03-12,1958,N20,VIIRS,n,2,294.04,2.56,N,0
16.24816,78.66405,309.75,0.41,0.45,2022-03-12,1958,N20,VIIRS,n,2,292.72,0.77,N,0
16.24953,78.97333,330.03,0.39,0.44,2022-03-12,1958,N20,VIIRS,n,2,295.66,2.56,N,0
16.68933,80.06353,313.77,0.52,0.41,2022-03-12,1958,N20,VIIRS,n,2,295.31,2.84,N,0
16.69678,80.061,322.92,0.52,0.41,2022-03-12,1958,N20,VIIRS,n,2,296.03,4.4,N,0
16.69761,80.05984,331.17,0.52,0.41,2022-03-12,1958,N20,VIIRS,n,2,296.15,5.95,N,0
16.70058,80.06156,326.11,0.52,0.41,2022-03-12,1958,N20,VIIRS,n,2,296.45,4.77,N,0
16.7014,80.06045,318.47,0.52,0.41,2022-03-12,1958,N20,VIIRS,n,2,296.0,3.79,N,0
16.7494,77.44264,312.45,0.5,0.49,2022-03-12,1958,N20,VIIRS,n,2,292.95,2.32,N,0
16.75386,77.44362,306.2,0.5,0.49,2022-03-12,1958,N20,VIIRS,n,2,292.27,1.98,N,0
16.80061,80.32162,303.3,0.5,0.41,2022-03-12,1958,N20,VIIRS,n,2,292.27,0.43,N,0
17.14803,78.2235,305.65,0.45,0.47,2022-03-12,1958,N20,VIIRS,n,2,290.89,1.21,N,2
17.26979,81.38391,302.21,0.45,0.39,2022-03-12,1958,N20,VIIRS,n,2,289.51,0.49,N,0
17.30259,80.4902,304.8,0.5,0.41,2022-03-12,1958,N20,VIIRS,n,2,294.03,1.52,N,0
17.33009,81.26637,303.23,0.46,0.39,2022-03-12,1958,N20,VIIRS,n,2,291.29,0.7,N,0
17.3786,81.26059,329.52,0.46,0.39,2022-03-12,1958,N20,VIIRS,n,2,290.33,3.21,N,0
17.40325,81.28053,307.77,0.46,0.39,2022-03-12,1958,N20,VIIRS,n,2,287.2,1.47,N,0
17.42362,81.26593,303.94,0.46,0.39,2022-03-12,1958,N20,VIIRS,n,2,285.67,1.53,N,0
17.42421,81.26166,302.01,0.46,0.39,2022-03-12,1958,N20,VIIRS,n,2,284.83,0.76,N,0
17.4361,81.30772,298.77,0.46,0.39,2022-03-12,1958,N20,VIIRS,n,2,280.68,0.65,N,0
17.44577,81.29108,308.87,0.46,0.39,2022-03-12,1958,N20,VIIRS,n,2,288.81,1.54,N,0
17.44767,81.25152,306.13,0.46,0.39,2022-03-12,1958,N20,VIIRS,n,2,285.61,1.23,N,0
17.46372,81.29379,312.25,0.46,0.39,2022-03-12,1958,N20,VIIRS,n,2,290.14,1.8,N,0
17.48191,81.39703,308.07,0.45,0.39,2022-03-12,1958,N20,VIIRS,n,2,287.0,1.36,N,0
17.48255,80.97537,302.16,0.47,0.4,2022-03-12,1958,N20,VIIRS,n,2,279.39,0.89,N,0
17.49831,81.33394,309.71,0.46,0.39,2022-03-12,1958,N20,VIIRS,n,2,287.17,1.59,N,0
17.50457,80.95104,297.27,0.48,0.4,2022-03-12,1958,N20,VIIRS,n,2,278.19,1.11,N,0
17.51723,80.64129,311.26,0.49,0.41,2022-03-12,1958,N20,VIIRS,n,2,291.99,1.23,N,0
17.52718,81.05482,298.75,0.47,0.4,2022-03-12,1958,N20,VIIRS,n,2,271.01,0.98,N,0
17.53455,81.32578,305.36,0.46,0.39,2022-03-12,1958,N20,VIIRS,n,2,287.54,1.8,N,0
17.53832,81.0591,296.77,0.47,0.4,2022-03-12,1958,N20,VIIRS,n,2,271.87,1.56,N,0
17.58407,80.31884,303.04,0.51,0.41,2022-03-12,1958,N20,VIIRS,n,2,290.02,0.87,N,2
17.58429,80.74886,305.2,0.49,0.4,2022-03-12,1958,N20,VIIRS,n,2,293.84,1.44,N,0
17.58473,80.31397,303.92,0.51,0.41,2022-03-12,1958,N20,VIIRS,n,2,290.61,0.87,N,2
17.589,77.70847,312.76,0.49,0.49,2022-03-12,1958,N20,VIIRS,n,2,289.19,1.28,N,0
17.65734,81.4295,306.02,0.45,0.39,2022-03-12,1958,N20,VIIRS,n,2,291.29,1.06,N,0
17.69199,80.08774,308.17,0.53,0.42,2022-03-12,1958,N20,VIIRS,n,2,294.3,2.46,N,0
17.71183,80.20229,309.5,0.52,0.42,2022-03-12,1958,N20,VIIRS,n,2,294.13,2.61,N,0
17.78445,80.62935,304.52,0.5,0.41,2022-03-12,1958,N20,VIIRS,n,2,293.76,1.39,N,0
17.81391,81.24493,305.68,0.46,0.39,2022-03-12,1958,N20,VIIRS,n,2,283.17,1.94,N,0
17.82825,80.22568,309.91,0.52,0.42,2022-03-12,1958,N20,VIIRS,n,2,293.39,2.32,N,0
17.84188,80.26836,298.69,0.52,0.42,2022-03-12,1958,N20,VIIRS,n,2,281.28,0.7,N,0
17.8457,80.26881,300.87,0.52,0.42,2022-03-12,1958,N20,VIIRS,n,2,282.16,0.92,N,0
17.85291,80.29694,306.98,0.52,0.41,2022-03-12,1958,N20,VIIRS,n,2,286.09,1.28,N,0
17.85295,80.26707,297.88,0.52,0.42,2022-03-12,1958,N20,VIIRS,n,2,282.7,0.49,N,0
17.85313,80.29945,301.56,0.52,0.41,2022-03-12,1958,N20,VIIRS,n,2,284.17,1.1,N,0
17.85672,80.29745,308.54,0.52,0.41,2022-03-12,1958,N20,VIIRS,n,2,288.3,2.8,N,0
17.85694,80.29995,315.49,0.52,0.41,2022-03-12,1958,N20,VIIRS,n,2,288.19,1.9,N,0
17.86054,80.29789,322.6,0.52,0.41,2022-03-12,1958,N20,VIIRS,n,2,289.14,2.8,N,0
17.86077,80.30038,308.66,0.52,0.41,2022-03-12,1958,N20,VIIRS,n,2,289.27,1.9,N,0
17.86119,80.29296,327.81,0.52,0.42,2022-03-12,1958,N20,VIIRS,n,2,288.61,3.74,N,0
17.86144,80.29553,329.25,0.52,0.41,2022-03-12,1958,N20,VIIRS,n,2,289.1,6.14,N,0
17.87843,80.25078,303.78,0.52,0.42,2022-03-12,1958,N20,VIIRS,n,2,290.21,1.5,N,0
17.88623,80.78459,305.11,0.49,0.4,2022-03-12,1958,N20,VIIRS,n,2,293.91,1.02,N,0
17.89295,77.92905,301.82,0.48,0.48,2022-03-12,1958,N20,VIIRS,n,2,289.77,1.16,N,0
17.90969,80.76686,304.96,0.49,0.4,2022-03-12,1958,N20,VIIRS,n,2,293.25,1.15,N,0
17.92739,80.85881,308.07,0.49,0.4,2022-03-12,1958,N20,VIIRS,n,2,294.62,1.56,N,0
17.9277,81.28333,302.56,0.46,0.39,2022-03-12,1958,N20,VIIRS,n,2,286.82,1.1,N,0
17.94759,80.71098,304.42,0.5,0.41,2022-03-12,1958,N20,VIIRS,n,2,293.54,1.45,N,0
17.95181,80.76334,314.08,0.49,0.4,2022-03-12,1958,N20,VIIRS,n,2,295.8,2.73,N,0
17.95244,80.75871,304.58,0.49,0.4,2022-03-12,1958,N20,VIIRS,n,2,293.82,1.25,N,0
17.96861,80.55611,304.43,0.5,0.41,2022-03-12,1958,N20,VIIRS,n,2,293.44,1.66,N,0
17.97147,80.61956,305.88,0.5,0.41,2022-03-12,1958,N20,VIIRS,n,2,294.29,2.09,N,0
18.02834,81.02057,303.4,0.48,0.4,2022-03-12,1958,N20,VIIRS,n,2,287.57,0.71,N,0
18.03577,80.96694,307.03,0.48,0.4,2022-03-12,1958,N20,VIIRS,n,2,293.51,1.12,N,0
18.03639,80.96244,306.56,0.48,0.4,2022-03-12,1958,N20,VIIRS,n,2,294.4,1.12,N,0
18.0481,80.95913,307.94,0.48,0.4,2022-03-12,1958,N20,VIIRS,n,2,294.68,2.83,N,0
18.07752,80.21082,311.95,0.53,0.42,2022-03-12,1958,N20,VIIRS,n,2,293.73,1.76,N,0
18.08027,80.2086,313.73,0.53,0.42,2022-03-12,1958,N20,VIIRS,n,2,294.58,2.65,N,0
18.08135,80.2114,305.93,0.53,0.42,2022-03-12,1958,N20,VIIRS,n,2,294.17,1.76,N,0
18.1496,80.47299,309.18,0.51,0.41,2022-03-12,1958,N20,VIIRS,n,2,293.39,1.7,N,0
18.14991,80.47013,306.18,0.51,0.41,2022-03-12,1958,N20,VIIRS,n,2,293.62,1.16,N,0
18.1537,80.47067,308.2,0.51,0.41,2022-03-12,1958,N20,VIIRS,n,2,293.3,1.16,N,0
18.15406,80.46873,305.47,0.51,0.41,2022-03-12,1958,N20,VIIRS,n,2,293.07,1.25,N,0
18.15731,81.43706,300.01,0.46,0.39,2022-03-12,1958,N20,VIIRS,n,2,282.19,0.36,N,0
18.15924,80.77177,321.38,0.49,0.41,2022-03-12,1958,N20,VIIRS,n,2,294.24,4.54,N,0
18.1599,80.76692,304.32,0.49,0.41,2022-03-12,1958,N20,VIIRS,n,2,290.31,2.75,N,0
18.1623,80.46496,304.76,0.51,0.41,2022-03-12,1958,N20,VIIRS,n,2,292.98,1.05,N,0
18.16231,80.77712,307.7,0.49,0.41,2022-03-12,1958,N20,VIIRS,n,2,293.55,1.53,N,0
18.16255,80.46207,306.08,0.51,0.41,2022-03-12,1958,N20,VIIRS,n,2,292.88,1.25,N,0
18.16298,80.77219,309.85,0.49,0.41,2022-03-12,1958,N20,VIIRS,n,2,293.31,1.53,N,0
18.16363,80.76743,305.88,0.49,0.41,2022-03-12,1958,N20,VIIRS,n,2,288.21,1.04,N,0
18.16735,80.76798,302.06,0.49,0.41,2022-03-12,1958,N20,VIIRS,n,2,289.03,1.04,N,0
18.17133,79.90533,304.08,0.55,0.43,2022-03-12,1958,N20,VIIRS,n,2,293.05,1.42,N,0
18.18361,80.86981,304.89,0.49,0.4,2022-03-12,1958,N20,VIIRS,n,2,293.8,1.35,N,0
18.20482,80.82609,305.8,0.49,0.4,2022-03-12,1958,N20,VIIRS,n,2,294.02,2.6,N,0
18.36629,80.69794,307.96,0.5,0.41,2022-03-12,1958,N20,VIIRS,n,2,292.67,2.61,N,0
18.37424,81.10803,304.09,0.48,0.4,2022-03-12,1958,N20,VIIRS,n,2,292.85,1.12,N,0
18.39599,80.76012,306.93,0.5,0.41,2022-03-12,1958,N20,VIIRS,n,2,293.7,2.03,N,0
18.40784,80.75701,307.91,0.5,0.41,2022-03-12,1958,N20,VIIRS,n,2,295.01,2.48,N,0
18.41158,80.75748,306.08,0.5,0.41,2022-03-12,1958,N20,VIIRS,n,2,294.69,2.52,N,0
18.42076,80.8012,302.97,0.5,0.41,2022-03-12,1958,N20,VIIRS,n,2,282.17,1.2,N,0
18.42448,80.80177,306.07,0.5,0.41,2022-03-12,1958,N20,VIIRS,n,2,291.91,1.2,N,0
18.42513,80.7971,305.21,0.5,0.41,2022-03-12,1958,N20,VIIRS,n,2,292.93,1.2,N,0
18.43309,80.68442,312.65,0.5,0.41,2022-03-12,1958,N20,VIIRS,n,2,294.7,2.92,N,0
18.4368,80.6852,325.19,0.5,0.41,2022-03-12,1958,N20,VIIRS,n,2,295.0,2.72,N,0
18.4405,80.68607,309.12,0.5,0.41,2022-03-12,1958,N20,VIIRS,n,2,294.21,2.72,N,0
18.50011,80.67731,303.71,0.5,0.41,2022-03-12,1958,N20,VIIRS,n,2,292.19,0.71,N,0
18.50325,80.68239,313.65,0.5,0.41,2022-03-12,1958,N20,VIIRS,n,2,294.44,2.51,N,0
18.50365,80.76373,305.57,0.5,0.41,2022-03-12,1958,N20,VIIRS,n,2,293.05,1.98,N,0
18.5061,80.77372,310.34,0.5,0.41,2022-03-12,1958,N20,VIIRS,n,2,293.77,2.48,N,0
18.50906,80.80767,310.66,0.5,0.41,2022-03-12,1958,N20,VIIRS,n,2,294.39,1.98,N,0
18.51141,80.67867,305.81,0.5,0.41,2022-03-12,1958,N20,VIIRS,n,2,293.73,2.13,N,0
18.51176,80.76017,305.53,0.5,0.41,2022-03-12,1958,N20,VIIRS,n,2,293.41,1.12,N,0
18.51213,80.81298,304.0,0.5,0.41,2022-03-12,1958,N20,VIIRS,n,2,293.41,1.78,N,0
18.5155,80.76073,307.76,0.5,0.41,2022-03-12,1958,N20,VIIRS,n,2,294.39,1.12,N,0
18.51579,80.67464,307.99,0.5,0.41,2022-03-12,1958,N20,VIIRS,n,2,294.31,1.83,N,0
18.51641,80.67007,306.81,0.5,0.41,2022-03-12,1958,N20,VIIRS,n,2,294.4,2.63,N,0
18.51924,80.76126,306.28,0.5,0.41,2022-03-12,1958,N20,VIIRS,n,2,293.54,1.17,N,0
18.5271,80.67597,307.41,0.5,0.41,2022-03-12,1958,N20,VIIRS,n,2,293.38,1.17,N,0
18.53965,80.6683,306.89,0.51,0.41,2022-03-12,1958,N20,VIIRS,n,2,293.04,0.85,N,0
18.5606,80.74585,304.87,0.5,0.41,2022-03-12,1958,N20,VIIRS,n,2,294.27,1.9,N,0
18.56124,80.74104,304.57,0.5,0.41,2022-03-12,1958,N20,VIIRS,n,2,294.05,1.63,N,0
18.58589,78.89373,309.51,0.43,0.46,2022-03-12,1958,N20,VIIRS,n,2,292.52,1.43,N,0
18.60344,78.67888,304.2,0.44,0.46,2022-03-12,1958,N20,VIIRS,n,2,291.01,1.18,N,0
18.60445,78.6766,306.17,0.44,0.46,2022-03-12,1958,N20,VIIRS,n,2,291.6,0.73,N,0
18.61631,80.38281,307.74,0.52,0.42,2022-03-12,1958,N20,VIIRS,n,2,293.49,1.36,N,0
18.61736,80.6081,303.77,0.51,0.41,2022-03-12,1958,N20,VIIRS,n,2,292.74,1.26,N,0
18.62011,80.38361,311.81,0.52,0.42,2022-03-12,1958,N20,VIIRS,n,2,294.07,1.36,N,0
18.6302,80.54126,305.33,0.51,0.41,2022-03-12,1958,N20,VIIRS,n,2,292.99,1.26,N,0
18.63398,80.5419,303.5,0.51,0.41,2022-03-12,1958,N20,VIIRS,n,2,291.98,1.38,N,0
18.63604,80.49775,332.05,0.52,0.41,2022-03-12,1958,N20,VIIRS,n,2,295.38,5.46,N,0
18.63984,80.49832,308.69,0.52,0.41,2022-03-12,1958,N20,VIIRS,n,2,292.96,1.49,N,0
18.66361,80.55132,304.5,0.51,0.41,2022-03-12,1958,N20,VIIRS,n,2,289.49,1.63,N,0
18.70244,78.85537,305.96,0.43,0.46,2022-03-12,1958,N20,VIIRS,n,2,292.5,0.78,N,0
18.7212,79.53623,311.34,0.39,0.44,2022-03-12,1958,N20,VIIRS,n,2,295.44,1.35,N,0
18.72523,79.53683,329.48,0.39,0.44,2022-03-12,1958,N20,VIIRS,n,2,297.61,2.88,N,0
18.73819,77.21588,320.07,0.55,0.51,2022-03-12,1958,N20,VIIRS,n,2,289.62,2.5,N,0
18.74808,79.38807,305.13,0.4,0.44,2022-03-12,1958,N20,VIIRS,n,2,294.56,1.35,N,0
18.77752,79.44943,304.65,0.4,0.44,2022-03-12,1958,N20,VIIRS,n,2,293.33,0.84,N,0
15.68949,78.80948,367.0,0.65,0.73,2022-03-13,708,N20,VIIRS,h,2,301.26,31.05,D,0
15.69149,78.80758,352.91,0.66,0.73,2022-03-13,708,N20,VIIRS,n,2,301.06,29.81,D,0
15.69273,78.81332,354.6,0.66,0.73,2022-03-13,708,N20,VIIRS,n,2,298.3,25.71,D,0
15.72137,79.04479,340.02,0.63,0.72,2022-03-13,708,N20,VIIRS,n,2,299.14,4.85,D,0
15.72194,79.04379,346.79,0.63,0.72,2022-03-13,708,N20,VIIRS,n,2,299.84,5.87,D,0
15.84873,79.03821,349.59,0.63,0.72,2022-03-13,708,N20,VIIRS,n,2,299.0,13.37,D,0
15.84903,79.03862,348.79,0.63,0.72,2022-03-13,708,N20,VIIRS,n,2,298.42,15.66,D,0
15.85364,78.87522,331.87,0.64,0.72,2022-03-13,708,N20,VIIRS,n,2,298.27,5.03,D,0
15.96918,79.03286,341.81,0.62,0.72,2022-03-13,708,N20,VIIRS,n,2,301.57,4.57,D,0
15.96993,79.03448,341.4,0.62,0.72,2022-03-13,708,N20,VIIRS,n,2,301.37,4.42,D,0
15.97359,78.86759,340.94,0.64,0.72,2022-03-13,708,N20,VIIRS,n,2,299.34,5.37,D,0
16.02914,78.51839,331.58,0.67,0.74,2022-03-13,708,N20,VIIRS,n,2,296.8,8.67,D,0
16.15534,78.6271,351.78,0.66,0.73,2022-03-13,708,N20,VIIRS,n,2,296.98,14.0,D,0
16.15708,78.62485,347.91,0.66,0.73,2022-03-13,708,N20,VIIRS,n,2,297.45,13.77,D,0
16.2036,78.80565,354.28,0.64,0.72,2022-03-13,708,N20,VIIRS,n,2,299.21,7.84,D,0
16.20844,78.8011,345.01,0.64,0.72,2022-03-13,708,N20,VIIRS,n,2,299.63,7.9,D,0
16.2099,78.80758,344.87,0.64,0.72,2022-03-13,708,N20,VIIRS,n,2,298.19,7.9,D,0
16.21035,78.80525,346.12,0.64,0.72,2022-03-13,708,N20,VIIRS,n,2,298.94,5.96,D,0
16.21069,78.93126,334.3,0.63,0.72,2022-03-13,708,N20,VIIRS,n,2,300.69,4.21,D,0
16.37508,79.41377,332.48,0.58,0.7,2022-03-13,708,N20,VIIRS,n,2,299.61,2.12,D,0
16.47598,79.92045,345.96,0.53,0.67,2022-03-13,708,N20,VIIRS,n,2,288.35,8.06,D,0
16.47645,79.92117,339.12,0.53,0.67,2022-03-13,708,N20,VIIRS,n,2,287.87,5.75,D,0
16.64398,80.25092,330.25,0.5,0.66,2022-03-13,708,N20,VIIRS,l,2,304.1,3.4,D,0
16.64415,80.26375,339.85,0.5,0.66,2022-03-13,708,N20,VIIRS,n,2,306.24,5.74,D,0
16.64589,79.7301,330.36,0.54,0.68,2022-03-13,708,N20,VIIRS,n,2,298.06,6.51,D,0
16.65338,79.73769,333.92,0.54,0.68,2022-03-13,708,N20,VIIRS,n,2,298.93,8.63,D,0
16.65359,79.62085,344.96,0.55,0.68,2022-03-13,708,N20,VIIRS,n,2,298.19,8.3,D,0
16.71793,79.91665,333.53,0.53,0.67,2022-03-13,708,N20,VIIRS,n,2,303.05,2.09,D,0
16.91394,78.4678,330.19,0.65,0.73,2022-03-13,708,N20,VIIRS,n,2,299.2,5.07,D,0
17.16773,81.00372,331.64,0.44,0.62,2022-03-13,708,N20,VIIRS,n,2,299.68,2.83,D,0
17.17397,81.06111,367.0,0.43,0.62,2022-03-13,708,N20,VIIRS,h,2,298.76,6.89,D,0
17.27787,80.4709,331.37,0.47,0.64,2022-03-13,708,N20,VIIRS,n,2,301.25,2.24,D,0
17.29392,77.9362,334.42,0.69,0.74,2022-03-13,708,N20,VIIRS,n,2,292.65,8.11,D,0
17.29649,77.93565,331.59,0.69,0.74,2022-03-13,708,N20,VIIRS,n,2,293.76,5.62,D,0
17.36336,80.44843,330.93,0.47,0.64,2022-03-13,708,N20,VIIRS,n,2,303.66,2.59,D,0
17.38109,81.14935,330.93,0.42,0.61,2022-03-13,708,N20,VIIRS,n,2,302.9,1.65,D,0
17.38794,79.88663,330.57,0.51,0.66,2022-03-13,708,N20,VIIRS,l,2,301.82,6.13,D,0
17.40465,80.80695,330.3,0.45,0.63,2022-03-13,708,N20,VIIRS,l,2,301.2,3.44,D,0
17.481,81.43241,334.72,0.4,0.6,2022-03-13,708,N20,VIIRS,n,2,299.95,1.92,D,0
17.4914,80.90891,333.01,0.44,0.62,2022-03-13,708,N20,VIIRS,n,2,301.14,2.24,D,0
17.50283,77.37059,330.38,0.74,0.76,2022-03-13,708,N20,VIIRS,n,2,297.65,3.39,D,0
17.52005,77.13336,337.05,0.77,0.77,2022-03-13,708,N20,VIIRS,n,2,297.68,6.4,D,0
17.53767,80.96162,342.86,0.43,0.62,2022-03-13,708,N20,VIIRS,n,2,301.0,1.63,D,0
17.59094,80.38275,336.57,0.47,0.64,2022-03-13,708,N20,VIIRS,n,2,304.39,2.77,D,0
17.61255,79.97841,331.04,0.5,0.66,2022-03-13,708,N20,VIIRS,n,2,299.94,4.67,D,0
17.62709,80.20865,332.38,0.48,0.65,2022-03-13,708,N20,VIIRS,l,2,303.6,4.45,D,0
17.63151,80.20773,339.12,0.48,0.65,2022-03-13,708,N20,VIIRS,n,2,304.07,2.85,D,0
17.63582,80.36729,338.52,0.47,0.64,2022-03-13,708,N20,VIIRS,n,2,305.44,6.45,D,0
17.63621,80.36737,337.17,0.47,0.64,2022-03-13,708,N20,VIIRS,n,2,305.14,4.45,D,0
17.65395,80.39477,341.55,0.47,0.64,2022-03-13,708,N20,VIIRS,n,2,304.28,7.73,D,0
17.65413,80.3949,339.51,0.47,0.64,2022-03-13,708,N20,VIIRS,n,2,304.35,6.76,D,0
17.65453,79.75978,336.5,0.52,0.67,2022-03-13,708,N20,VIIRS,n,2,301.4,4.31,D,0
17.65487,80.39899,367.0,0.47,0.64,2022-03-13,708,N20,VIIRS,h,2,304.82,11.25,D,0
17.65503,80.39913,367.0,0.47,0.64,2022-03-13,708,N20,VIIRS,h,2,304.51,12.16,D,0
17.66337,80.83288,336.17,0.44,0.62,2022-03-13,708,N20,VIIRS,l,2,307.26,3.83,D,0
17.66863,80.1236,352.91,0.49,0.65,2022-03-13,708,N20,VIIRS,n,2,305.53,12.49,D,0
17.67161,80.10875,332.74,0.49,0.65,2022-03-13,708,N20,VIIRS,n,2,302.56,4.68,D,0
17.67451,80.12227,336.7,0.49,0.65,2022-03-13,708,N20,VIIRS,n,2,304.8,5.32,D,0
17.67822,80.36688,367.0,0.47,0.64,2022-03-13,708,N20,VIIRS,h,2,304.57,6.62,D,0
17.67918,80.37133,333.17,0.47,0.64,2022-03-13,708,N20,VIIRS,n,2,302.13,6.62,D,0
17.72433,80.26982,333.0,0.48,0.64,2022-03-13,708,N20,VIIRS,l,2,304.16,2.8,D,0
17.7293,80.27016,336.81,0.48,0.64,2022-03-13,708,N20,VIIRS,n,2,305.07,6.1,D,0
17.73156,80.14039,335.92,0.49,0.65,2022-03-13,708,N20,VIIRS,n,2,299.17,4.54,D,0
17.74373,80.50349,331.54,0.46,0.64,2022-03-13,708,N20,VIIRS,l,2,303.9,3.23,D,0
17.7503,80.50615,334.09,0.46,0.64,2022-03-13,708,N20,VIIRS,n,2,304.01,3.23,D,0
17.7582,80.48673,347.44,0.46,0.64,2022-03-13,708,N20,VIIRS,n,2,305.43,7.97,D,0
17.78239,80.31835,349.49,0.47,0.64,2022-03-13,708,N20,VIIRS,n,2,306.18,10.19,D,0
17.79397,80.31574,337.49,0.47,0.64,2022-03-13,708,N20,VIIRS,n,2,302.13,4.7,D,0
17.79491,80.32009,341.27,0.47,0.64,2022-03-13,708,N20,VIIRS,n,2,300.49,4.7,D,0
17.79768,80.50069,336.19,0.46,0.63,2022-03-13,708,N20,VIIRS,n,2,304.45,4.34,D,0
17.79886,80.31026,338.46,0.47,0.64,2022-03-13,708,N20,VIIRS,n,2,301.34,7.7,D,0
17.79978,80.31449,367.0,0.47,0.64,2022-03-13,708,N20,VIIRS,h,2,303.81,6.86,D,0
17.80072,80.31889,346.59,0.47,0.64,2022-03-13,708,N20,VIIRS,n,2,301.13,6.86,D,0
17.80561,80.31339,332.64,0.47,0.64,2022-03-13,708,N20,VIIRS,n,2,299.55,6.86,D,0
17.80655,80.31776,351.62,0.47,0.64,2022-03-13,708,N20,VIIRS,n,2,299.16,6.86,D,0
17.81536,80.19347,338.78,0.48,0.65,2022-03-13,708,N20,VIIRS,n,2,302.33,6.49,D,0
17.81618,80.30602,331.12,0.47,0.64,2022-03-13,708,N20,VIIRS,n,2,297.3,4.25,D,0
17.81692,80.19523,344.87,0.48,0.65,2022-03-13,708,N20,VIIRS,n,2,303.27,5.93,D,0
17.81716,80.31064,336.89,0.47,0.64,2022-03-13,708,N20,VIIRS,n,2,298.71,4.32,D,0
17.81797,80.06544,335.11,0.49,0.65,2022-03-13,708,N20,VIIRS,n,2,303.15,10.52,D,0
17.81894,80.0699,339.37,0.49,0.65,2022-03-13,708,N20,VIIRS,n,2,301.51,6.42,D,0
17.82021,80.29648,331.11,0.47,0.64,2022-03-13,708,N20,VIIRS,n,2,296.19,2.52,D,0
17.8256,77.60816,338.77,0.71,0.75,2022-03-13,708,N20,VIIRS,n,2,298.63,6.89,D,0
17.83557,80.31306,334.29,0.47,0.64,2022-03-13,708,N20,VIIRS,n,2,299.97,3.69,D,0
17.83756,80.29446,345.08,0.47,0.64,2022-03-13,708,N20,VIIRS,n,2,298.03,4.59,D,0
17.83758,80.2925,341.35,0.47,0.64,2022-03-13,708,N20,VIIRS,n,2,298.1,3.86,D,0
17.84478,80.27193,342.63,0.47,0.64,2022-03-13,708,N20,VIIRS,n,2,293.0,7.99,D,0
17.84575,80.27371,342.76,0.47,0.64,2022-03-13,708,N20,VIIRS,n,2,293.22,7.79,D,0
17.84658,80.27764,340.35,0.47,0.64,2022-03-13,708,N20,VIIRS,n,2,293.33,5.57,D,0
17.84834,80.06337,367.0,0.49,0.65,2022-03-13,708,N20,VIIRS,h,2,304.94,12.3,D,0
17.84912,80.15185,332.9,0.48,0.65,2022-03-13,708,N20,VIIRS,n,2,299.7,3.75,D,0
17.8506,80.2679,335.13,0.47,0.64,2022-03-13,708,N20,VIIRS,n,2,293.64,5.51,D,0
17.85134,80.27409,367.0,0.47,0.64,2022-03-13,708,N20,VIIRS,h,2,296.44,17.94,D,0
17.85145,80.27192,331.47,0.47,0.64,2022-03-13,708,N20,VIIRS,n,2,293.95,5.51,D,0
17.85229,80.27589,350.33,0.47,0.64,2022-03-13,708,N20,VIIRS,n,2,294.75,8.07,D,0
17.85422,80.06207,333.97,0.49,0.65,2022-03-13,708,N20,VIIRS,n,2,303.28,5.16,D,0
17.8569,80.29774,333.52,0.47,0.64,2022-03-13,708,N20,VIIRS,n,2,302.51,6.84,D,0
17.85697,80.29987,334.04,0.47,0.64,2022-03-13,708,N20,VIIRS,n,2,302.5,6.81,D,0
17.85792,80.27639,367.0,0.47,0.64,2022-03-13,708,N20,VIIRS,h,2,301.49,10.59,D,0
17.85801,80.27422,350.16,0.47,0.64,2022-03-13,708,N20,VIIRS,n,2,298.62,8.07,D,0
17.85882,80.28051,337.48,0.47,0.64,2022-03-13,708,N20,VIIRS,n,2,301.51,10.59,D,0
17.85885,80.27821,367.0,0.47,0.64,2022-03-13,708,N20,VIIRS,h,2,301.28,8.07,D,0
17.86455,80.2789,330.01,0.47,0.64,2022-03-13,708,N20,VIIRS,n,2,301.18,5.26,D,0
17.89685,80.39983,335.57,0.46,0.64,2022-03-13,708,N20,VIIRS,n,2,304.72,2.98,D,0
17.89779,80.40414,338.45,0.46,0.64,2022-03-13,708,N20,VIIRS,n,2,303.26,2.98,D,0
17.90611,80.24604,331.46,0.47,0.64,2022-03-13,708,N20,VIIRS,l,2,303.26,3.4,D,0
17.92028,80.28383,332.32,0.47,0.64,2022-03-13,708,N20,VIIRS,n,2,305.29,3.77,D,0
17.92603,80.28236,367.0,0.47,0.64,2022-03-13,708,N20,VIIRS,h,2,309.7,19.36,D,0
17.9268,80.28591,345.81,0.47,0.64,2022-03-13,708,N20,VIIRS,n,2,307.12,13.53,D,0
17.93735,80.17069,341.45,0.48,0.65,2022-03-13,708,N20,VIIRS,n,2,303.55,5.51,D,0
17.93846,80.16908,338.65,0.48,0.65,2022-03-13,708,N20,VIIRS,n,2,304.27,4.58,D,0
17.95136,81.49209,335.76,0.39,0.59,2022-03-13,708,N20,VIIRS,l,2,306.23,3.15,D,0
17.95185,80.76444,343.72,0.44,0.62,2022-03-13,708,N20,VIIRS,n,2,308.85,4.41,D,0
17.95828,80.2663,367.0,0.47,0.64,2022-03-13,708,N20,VIIRS,h,2,304.29,8.89,D,0
17.95876,80.265,351.67,0.47,0.64,2022-03-13,708,N20,VIIRS,n,2,304.43,6.71,D,0
17.96462,80.18365,330.48,0.48,0.65,2022-03-13,708,N20,VIIRS,n,2,300.23,3.4,D,0
18.05672,80.10635,334.43,0.48,0.65,2022-03-13,708,N20,VIIRS,n,2,302.74,5.5,D,0
18.08514,78.83858,331.76,0.58,0.7,2022-03-13,708,N20,VIIRS,n,2,300.79,2.37,D,0
18.09982,81.32255,331.8,0.4,0.6,2022-03-13,708,N20,VIIRS,l,2,305.21,3.08,D,0
18.109,80.09339,343.9,0.48,0.65,2022-03-13,708,N20,VIIRS,n,2,303.7,6.25,D,0
18.12802,80.32321,355.35,0.46,0.64,2022-03-13,708,N20,VIIRS,n,2,309.29,24.7,D,0
18.12892,80.32739,335.52,0.46,0.64,2022-03-13,708,N20,VIIRS,n,2,299.1,24.7,D,0
18.13556,80.19295,332.1,0.47,0.64,2022-03-13,708,N20,VIIRS,n,2,301.48,4.63,D,0
18.13659,80.19376,335.17,0.47,0.64,2022-03-13,708,N20,VIIRS,n,2,301.67,3.19,D,0
18.13973,80.46119,367.0,0.45,0.63,2022-03-13,708,N20,VIIRS,h,2,302.7,7.29,D,0
18.14622,81.1629,331.53,0.41,0.61,2022-03-13,708,N20,VIIRS,n,2,302.71,0.74,D,0
18.157,81.48793,331.88,0.39,0.59,2022-03-13,708,N20,VIIRS,l,2,304.98,4.5,D,0
18.16162,81.48321,335.5,0.39,0.59,2022-03-13,708,N20,VIIRS,n,2,304.36,6.34,D,0
18.17575,80.32042,367.0,0.46,0.64,2022-03-13,708,N20,VIIRS,h,2,303.23,7.32,D,0
18.17588,80.32153,354.25,0.46,0.64,2022-03-13,708,N20,VIIRS,n,2,301.61,6.95,D,0
18.17855,81.4567,330.82,0.39,0.59,2022-03-13,708,N20,VIIRS,l,2,304.96,1.97,D,0
18.18136,80.3185,334.31,0.46,0.64,2022-03-13,708,N20,VIIRS,n,2,302.56,7.32,D,0
18.18151,80.31965,338.5,0.46,0.64,2022-03-13,708,N20,VIIRS,n,2,303.02,6.95,D,0
18.18405,80.77672,343.33,0.43,0.62,2022-03-13,708,N20,VIIRS,n,2,304.07,3.26,D,0
18.18492,80.78077,337.09,0.43,0.62,2022-03-13,708,N20,VIIRS,n,2,303.75,3.26,D,0
18.18701,80.3168,332.8,0.46,0.64,2022-03-13,708,N20,VIIRS,n,2,301.63,3.71,D,0
18.18717,80.31792,337.12,0.46,0.64,2022-03-13,708,N20,VIIRS,n,2,302.08,3.57,D,0
18.19055,80.83408,331.54,0.43,0.62,2022-03-13,708,N20,VIIRS,n,2,301.01,2.8,D,0
18.19217,80.8327,332.97,0.43,0.62,2022-03-13,708,N20,VIIRS,n,2,301.76,3.58,D,0
18.1924,81.44221,330.52,0.39,0.59,2022-03-13,708,N20,VIIRS,l,2,304.26,2.2,D,0
18.20041,81.31068,332.56,0.4,0.6,2022-03-13,708,N20,VIIRS,n,2,301.59,1.73,D,0
18.20762,80.35607,335.26,0.46,0.64,2022-03-13,708,N20,VIIRS,n,2,302.67,3.25,D,0
18.20813,81.29357,330.91,0.4,0.6,2022-03-13,708,N20,VIIRS,l,2,303.71,2.18,D,0
18.20834,80.4182,335.16,0.46,0.63,2022-03-13,708,N20,VIIRS,n,2,301.52,3.59,D,0
18.20891,81.29727,333.27,0.4,0.6,2022-03-13,708,N20,VIIRS,n,2,302.54,2.18,D,0
18.20922,80.42239,334.13,0.46,0.63,2022-03-13,708,N20,VIIRS,n,2,301.39,3.59,D,0
18.20977,80.42102,346.1,0.46,0.63,2022-03-13,708,N20,VIIRS,n,2,301.58,7.53,D,0
18.26656,80.26602,339.58,0.47,0.64,2022-03-13,708,N20,VIIRS,n,2,300.68,4.79,D,0
18.26725,80.26799,340.4,0.46,0.64,2022-03-13,708,N20,VIIRS,n,2,300.44,6.68,D,0
18.28011,80.7992,330.81,0.43,0.62,2022-03-13,708,N20,VIIRS,l,2,305.79,4.64,D,0
18.29123,80.79656,332.1,0.43,0.62,2022-03-13,708,N20,VIIRS,l,2,303.88,4.81,D,0
18.29292,80.79377,332.87,0.43,0.62,2022-03-13,708,N20,VIIRS,l,2,304.3,4.95,D,0
18.31646,80.69581,335.03,0.44,0.62,2022-03-13,708,N20,VIIRS,n,2,300.47,3.6,D,0
18.32285,80.69823,331.14,0.44,0.62,2022-03-13,708,N20,VIIRS,l,2,301.28,1.89,D,0
18.32829,80.69623,340.02,0.44,0.62,2022-03-13,708,N20,VIIRS,n,2,303.42,4.91,D,0
18.35946,80.70486,335.03,0.43,0.62,2022-03-13,708,N20,VIIRS,n,2,302.22,2.13,D,0
18.36051,80.72079,338.33,0.43,0.62,2022-03-13,708,N20,VIIRS,n,2,303.33,4.34,D,0
18.36308,80.70565,367.0,0.43,0.62,2022-03-13,708,N20,VIIRS,h,2,305.33,9.26,D,0
18.36507,80.70367,332.63,0.43,0.62,2022-03-13,708,N20,VIIRS,l,2,303.97,5.09,D,0
18.36598,80.70802,350.37,0.43,0.62,2022-03-13,708,N20,VIIRS,n,2,302.56,5.09,D,0
18.36834,79.54556,330.75,0.52,0.66,2022-03-13,708,N20,VIIRS,n,2,298.8,2.69,D,0
18.36869,80.70447,333.32,0.43,0.62,2022-03-13,708,N20,VIIRS,n,2,303.08,2.87,D,0
18.39622,80.7775,330.57,0.43,0.62,2022-03-13,708,N20,VIIRS,n,2,304.06,3.01,D,0
18.40516,81.11411,332.01,0.41,0.6,2022-03-13,708,N20,VIIRS,n,2,302.05,3.8,D,0
18.40657,80.74423,337.36,0.43,0.62,2022-03-13,708,N20,VIIRS,n,2,301.33,3.61,D,0
18.40682,80.63609,330.12,0.44,0.62,2022-03-13,708,N20,VIIRS,n,2,301.6,7.19,D,0
18.4077,80.64017,367.0,0.44,0.62,2022-03-13,708,N20,VIIRS,h,2,303.92,7.19,D,0
18.41327,80.63868,347.73,0.44,0.62,2022-03-13,708,N20,VIIRS,n,2,303.07,6.02,D,0
18.42059,78.56732,334.83,0.6,0.7,2022-03-13,708,N20,VIIRS,n,2,300.5,3.69,D,0
18.4387,80.67535,342.93,0.43,0.62,2022-03-13,708,N20,VIIRS,n,2,312.06,40.16,D,0
18.4397,80.68007,367.0,0.43,0.62,2022-03-13,708,N20,VIIRS,h,2,304.54,34.1,D,0
18.44703,78.81017,338.5,0.57,0.69,2022-03-13,708,N20,VIIRS,n,2,302.29,9.01,D,0
18.46206,80.59108,333.7,0.44,0.62,2022-03-13,708,N20,VIIRS,l,2,305.73,5.06,D,0
18.46368,80.58682,335.49,0.44,0.62,2022-03-13,708,N20,VIIRS,n,2,308.14,3.04,D,0
18.4646,80.59107,334.84,0.44,0.62,2022-03-13,708,N20,VIIRS,n,2,306.31,3.04,D,0
18.4734,80.86655,331.2,0.42,0.61,2022-03-13,708,N20,VIIRS,l,2,305.09,2.61,D,0
18.47803,79.84606,330.2,0.49,0.65,2022-03-13,708,N20,VIIRS,l,2,302.59,3.23,D,0
18.48027,79.78439,345.95,0.49,0.65,2022-03-13,708,N20,VIIRS,n,2,303.38,8.19,D,0
18.48128,79.7889,334.96,0.49,0.65,2022-03-13,708,N20,VIIRS,n,2,301.38,6.2,D,0
18.4837,79.78673,367.0,0.49,0.65,2022-03-13,708,N20,VIIRS,h,2,303.5,7.55,D,0
18.48826,81.48383,330.88,0.38,0.59,2022-03-13,708,N20,VIIRS,l,2,302.07,2.7,D,0
18.50596,80.5915,367.0,0.44,0.62,2022-03-13,708,N20,VIIRS,h,2,305.96,7.46,D,0
18.50661,80.67661,336.46,0.43,0.62,2022-03-13,708,N20,VIIRS,n,2,300.91,4.44,D,0
18.51777,80.67397,355.22,0.43,0.62,2022-03-13,708,N20,VIIRS,n,2,305.66,20.28,D,0
18.51852,80.67748,367.0,0.43,0.62,2022-03-13,708,N20,VIIRS,h,2,305.16,20.64,D,0
18.52795,80.66678,336.5,0.43,0.62,2022-03-13,708,N20,VIIRS,n,2,302.19,8.63,D,0
18.53918,80.66449,345.15,0.43,0.62,2022-03-13,708,N20,VIIRS,n,2,303.29,6.6,D,0
18.56466,80.49509,352.53,0.44,0.63,2022-03-13,708,N20,VIIRS,n,2,315.62,15.54,D,0
18.56561,80.49941,367.0,0.44,0.63,2022-03-13,708,N20,VIIRS,h,2,305.33,15.54,D,0
18.57123,80.49803,342.34,0.44,0.63,2022-03-13,708,N20,VIIRS,n,2,305.83,15.54,D,0
18.57233,80.5713,333.44,0.44,0.62,2022-03-13,708,N20,VIIRS,l,2,305.97,5.2,D,0
18.57309,80.50662,332.74,0.44,0.63,2022-03-13,708,N20,VIIRS,n,2,302.43,8.12,D,0
18.57545,80.57197,345.36,0.44,0.62,2022-03-13,708,N20,VIIRS,n,2,306.18,5.23,D,0
18.57612,81.13461,339.86,0.4,0.6,2022-03-13,708,N20,VIIRS,n,2,302.54,2.68,D,0
18.58083,81.1335,333.49,0.4,0.6,2022-03-13,708,N20,VIIRS,n,2,302.13,3.77,D,0
18.58192,80.57462,367.0,0.44,0.62,2022-03-13,708,N20,VIIRS,h,2,307.63,5.23,D,0
18.58658,80.56891,334.03,0.44,0.62,2022-03-13,708,N20,VIIRS,n,2,306.9,5.23,D,0
18.587,80.51627,335.41,0.44,0.62,2022-03-13,708,N20,VIIRS,n,2,304.09,1.78,D,0
18.59379,80.41003,349.89,0.45,0.63,2022-03-13,708,N20,VIIRS,n,2,304.53,8.45,D,0
18.59466,80.41411,353.46,0.45,0.63,2022-03-13,708,N20,VIIRS,n,2,304.57,8.45,D,0
18.60126,80.41713,333.29,0.45,0.63,2022-03-13,708,N20,VIIRS,n,2,301.81,5.15,D,0
18.60781,80.41999,331.96,0.45,0.63,2022-03-13,708,N20,VIIRS,l,2,302.24,4.29,D,0
18.61354,80.41902,344.59,0.45,0.63,2022-03-13,708,N20,VIIRS,n,2,303.95,4.29,D,0
18.61445,80.42327,342.26,0.45,0.63,2022-03-13,708,N20,VIIRS,n,2,303.29,11.34,D,0
18.61537,80.42757,367.0,0.45,0.63,2022-03-13,708,N20,VIIRS,h,2,307.23,11.34,D,0
18.61628,80.43187,344.09,0.45,0.63,2022-03-13,708,N20,VIIRS,n,2,303.48,11.13,D,0
18.63373,80.54152,331.51,0.44,0.62,2022-03-13,708,N20,VIIRS,n,2,302.29,7.15,D,0
18.63405,78.02534,330.82,0.64,0.72,2022-03-13,708,N20,VIIRS,n,2,299.21,3.42,D,0
18.6394,80.5405,367.0,0.44,0.62,2022-03-13,708,N20,VIIRS,h,2,304.47,7.15,D,0
18.6434,80.51991,367.0,0.44,0.62,2022-03-13,708,N20,VIIRS,h,2,304.34,10.28,D,0
18.64658,80.51877,367.0,0.44,0.62,2022-03-13,708,N20,VIIRS,h,2,301.94,7.7,D,0
18.64876,81.26344,338.96,0.39,0.6,2022-03-13,708,N20,VIIRS,n,2,306.59,2.23,D,0
18.65316,80.54981,349.08,0.44,0.62,2022-03-13,708,N20,VIIRS,n,2,300.93,5.99,D,0
18.65401,80.56828,367.0,0.44,0.62,2022-03-13,708,N20,VIIRS,h,2,304.12,18.07,D,0
18.65498,80.54583,335.33,0.44,0.62,2022-03-13,708,N20,VIIRS,n,2,301.83,5.43,D,0
18.65499,80.55849,332.49,0.44,0.62,2022-03-13,708,N20,VIIRS,n,2,301.44,4.66,D,0
18.65583,80.5497,347.01,0.44,0.62,2022-03-13,708,N20,VIIRS,n,2,301.51,5.43,D,0
18.65602,80.5633,331.66,0.44,0.62,2022-03-13,708,N20,VIIRS,l,2,302.83,13.56,D,0
18.65689,80.56743,352.66,0.44,0.62,2022-03-13,708,N20,VIIRS,n,2,309.37,13.56,D,0
18.65774,80.57145,367.0,0.44,0.62,2022-03-13,708,N20,VIIRS,h,2,304.02,17.38,D,0
18.65778,80.55859,347.98,0.44,0.62,2022-03-13,708,N20,VIIRS,n,2,302.86,10.3,D,0
18.65877,80.5485,344.34,0.44,0.62,2022-03-13,708,N20,VIIRS,n,2,302.63,7.46,D,0
18.65975,80.56759,367.0,0.44,0.62,2022-03-13,708,N20,VIIRS,h,2,306.86,18.07,D,0
18.66062,80.57157,340.52,0.44,0.62,2022-03-13,708,N20,VIIRS,n,2,303.26,16.0,D,0
18.66063,80.55733,350.84,0.44,0.62,2022-03-13,708,N20,VIIRS,n,2,302.91,13.92,D,0
18.66144,80.5484,339.71,0.44,0.62,2022-03-13,708,N20,VIIRS,n,2,302.66,4.48,D,0
18.6634,80.55735,347.23,0.44,0.62,2022-03-13,708,N20,VIIRS,n,2,301.82,8.37,D,0
18.66447,80.56224,339.54,0.44,0.62,2022-03-13,708,N20,VIIRS,n,2,302.74,6.54,D,0
18.66813,80.565,332.01,0.44,0.62,2022-03-13,708,N20,VIIRS,n,2,300.66,11.79,D,0
18.67667,80.42815,342.65,0.45,0.63,2022-03-13,708,N20,VIIRS,n,2,301.78,3.76,D,0
18.67908,80.86426,330.75,0.42,0.61,2022-03-13,708,N20,VIIRS,n,2,302.95,3.13,D,0
18.68357,80.3776,332.08,0.45,0.63,2022-03-13,708,N20,VIIRS,l,2,303.47,5.9,D,0
18.69195,80.49876,338.3,0.44,0.62,2022-03-13,708,N20,VIIRS,n,2,300.83,2.27,D,0
18.69747,80.49699,351.68,0.44,0.62,2022-03-13,708,N20,VIIRS,n,2,302.98,6.63,D,0
18.7166,80.39298,337.45,0.45,0.63,2022-03-13,708,N20,VIIRS,n,2,302.2,15.74,D,0
18.71745,79.84307,330.55,0.48,0.65,2022-03-13,708,N20,VIIRS,l,2,304.34,4.67,D,0
18.71753,80.39733,355.32,0.45,0.63,2022-03-13,708,N20,VIIRS,n,2,308.62,15.74,D,0
18.71843,80.40156,336.23,0.45,0.63,2022-03-13,708,N20,VIIRS,n,2,302.24,13.69,D,0
18.72222,80.39148,353.92,0.45,0.63,2022-03-13,708,N20,VIIRS,n,2,303.54,5.88,D,0
18.72317,80.39595,331.38,0.45,0.63,2022-03-13,708,N20,VIIRS,l,2,304.16,5.88,D,0
18.72407,80.40017,342.37,0.45,0.63,2022-03-13,708,N20,VIIRS,n,2,304.83,6.53,D,0
18.72419,79.53808,336.98,0.51,0.66,2022-03-13,708,N20,VIIRS,l,2,309.18,5.48,D,0
18.72603,80.3992,336.01,0.45,0.63,2022-03-13,708,N20,VIIRS,n,2,304.36,4.67,D,0
18.77369,80.66124,330.13,0.43,0.62,2022-03-13,708,N20,VIIRS,l,2,301.19,1.64,D,0
18.77504,79.38957,333.49,0.52,0.67,2022-03-13,708,N20,VIIRS,n,2,302.12,2.38,D,0
18.7799,80.98841,342.63,0.41,0.6,2022-03-13,708,N20,VIIRS,n,2,305.65,4.19,D,0
18.78294,79.45316,333.73,0.51,0.66,2022-03-13,708,N20,VIIRS,l,2,304.32,4.95,D,0
18.78451,80.31255,339.01,0.45,0.63,2022-03-13,708,N20,VIIRS,n,2,301.86,6.36,D,0
18.82038,80.25221,330.12,0.45,0.63,2022-03-13,708,N20,VIIRS,n,2,304.09,2.05,D,0
18.824,80.24599,355.14,0.45,0.63,2022-03-13,708,N20,VIIRS,n,2,303.72,16.44,D,0
18.82419,80.24232,353.0,0.45,0.63,2022-03-13,708,N20,VIIRS,n,2,305.56,12.19,D,0
18.82494,80.25039,330.58,0.45,0.63,2022-03-13,708,N20,VIIRS,n,2,304.49,11.61,D,0
18.82513,80.24664,367.0,0.45,0.63,2022-03-13,708,N20,VIIRS,h,2,305.08,12.19,D,0
18.82969,80.24461,367.0,0.45,0.63,2022-03-13,708,N20,VIIRS,h,2,306.07,16.44,D,0
18.83062,80.24901,367.0,0.45,0.63,2022-03-13,708,N20,VIIRS,h,2,306.66,11.61,D,0
18.83083,80.2453,340.74,0.45,0.63,2022-03-13,708,N20,VIIRS,n,2,304.59,12.19,D,0
18.83178,80.24961,367.0,0.45,0.63,2022-03-13,708,N20,VIIRS,h,2,305.68,14.9,D,0
18.83425,80.5984,332.26,0.43,0.62,2022-03-13,708,N20,VIIRS,n,2,302.08,4.14,D,0
18.836,79.80269,331.36,0.49,0.65,2022-03-13,708,N20,VIIRS,l,2,303.55,3.11,D,0
18.85436,80.29819,333.7,0.45,0.63,2022-03-13,708,N20,VIIRS,l,2,303.79,1.78,D,0
18.85905,80.29237,332.45,0.45,0.63,2022-03-13,708,N20,VIIRS,l,2,303.65,3.17,D,0
18.85999,80.29668,331.37,0.45,0.63,2022-03-13,708,N20,VIIRS,l,2,303.77,3.94,D,0
18.90044,81.21026,333.67,0.39,0.59,2022-03-13,708,N20,VIIRS,n,2,304.24,3.07,D,0
18.91172,80.72269,335.3,0.42,0.61,2022-03-13,708,N20,VIIRS,l,2,306.84,4.21,D,0
18.91299,80.72217,343.37,0.42,0.61,2022-03-13,708,N20,VIIRS,n,2,307.91,4.82,D,0
18.91723,80.72137,337.38,0.42,0.61,2022-03-13,708,N20,VIIRS,n,2,306.3,4.14,D,0
18.96802,79.82452,333.14,0.48,0.65,2022-03-13,708,N20,VIIRS,l,2,308.13,4.68,D,0
18.98281,80.64822,330.84,0.42,0.61,2022-03-13,708,N20,VIIRS,n,2,304.76,2.62,D,0
18.98304,80.11277,343.71,0.46,0.64,2022-03-13,708,N20,VIIRS,n,2,304.04,3.78,D,0
18.98857,80.11053,332.12,0.46,0.64,2022-03-13,708,N20,VIIRS,l,2,306.9,5.22,D,0
18.99932,81.18842,346.06,0.39,0.59,2022-03-13,708,N20,VIIRS,n,2,305.75,4.59,D,0
19.00526,80.86217,332.5,0.41,0.61,2022-03-13,708,N20,VIIRS,l,2,305.52,2.43,D,0
19.00847,78.80452,333.98,0.56,0.69,2022-03-13,708,N20,VIIRS,n,2,301.78,3.44,D,0
19.01234,78.79279,341.69,0.56,0.69,2022-03-13,708,N20,VIIRS,n,2,301.11,4.96,D,0
19.01348,78.7979,334.72,0.56,0.69,2022-03-13,708,N20,VIIRS,n,2,301.27,4.96,D,0
19.01827,81.24062,334.13,0.39,0.59,2022-03-13,708,N20,VIIRS,n,2,306.36,2.48,D,0
19.06933,81.32271,334.0,0.38,0.59,2022-03-13,708,N20,VIIRS,n,2,307.42,1.73,D,0
19.11788,81.31546,330.95,0.38,0.59,2022-03-13,708,N20,VIIRS,l,2,305.23,1.96,D,0
19.13585,79.98071,367.0,0.47,0.64,2022-03-13,708,N20,VIIRS,h,2,308.34,9.23,D,0
19.14237,80.03805,333.12,0.46,0.64,2022-03-13,708,N20,VIIRS,n,2,302.62,9.44,D,0
19.14332,80.04239,367.0,0.46,0.64,2022-03-13,708,N20,VIIRS,h,2,308.17,12.08,D,0
19.14432,80.04693,367.0,0.46,0.64,2022-03-13,708,N20,VIIRS,h,2,307.97,12.08,D,0
19.14479,80.6849,338.16,0.42,0.61,2022-03-13,708,N20,VIIRS,n,2,304.99,4.22,D,0
19.14534,80.05161,338.91,0.46,0.64,2022-03-13,708,N20,VIIRS,n,2,305.26,9.07,D,0
19.14595,80.02687,333.56,0.46,0.64,2022-03-13,708,N20,VIIRS,l,2,306.05,6.77,D,0
19.14625,80.05573,352.82,0.46,0.64,2022-03-13,708,N20,VIIRS,n,2,305.14,9.07,D,0
19.14698,80.03157,352.06,0.46,0.64,2022-03-13,708,N20,VIIRS,n,2,308.34,9.44,D,0
19.14797,80.03608,367.0,0.46,0.64,2022-03-13,708,N20,VIIRS,h,2,306.49,9.44,D,0
19.14896,80.04061,330.7,0.46,0.64,2022-03-13,708,N20,VIIRS,n,2,304.16,12.08,D,0
19.18512,80.09626,367.0,0.46,0.63,2022-03-13,708,N20,VIIRS,h,2,306.4,13.11,D,0
19.20089,80.05811,333.31,0.46,0.64,2022-03-13,708,N20,VIIRS,n,2,302.88,5.95,D,0
19.20106,80.05647,330.48,0.46,0.63,2022-03-13,708,N20,VIIRS,l,2,303.4,7.16,D,0
19.29596,79.96726,343.83,0.46,0.64,2022-03-13,708,N20,VIIRS,n,2,308.02,2.92,D,0
19.3195,81.36926,350.18,0.38,0.58,2022-03-13,708,N20,VIIRS,n,2,306.19,4.24,D,0
19.58096,81.23347,332.13,0.38,0.59,2022-03-13,708,N20,VIIRS,n,2,305.24,1.72,D,0
18.77482,77.27625,330.54,0.71,0.75,2022-03-13,709,N20,VIIRS,l,2,301.43,4.99,D,0
19.12237,78.79797,332.01,0.56,0.69,2022-03-13,709,N20,VIIRS,n,2,301.9,7.08,D,0
19.12351,78.80306,336.24,0.56,0.68,2022-03-13,709,N20,VIIRS,n,2,302.88,12.31,D,0
19.13356,78.79822,337.02,0.56,0.68,2022-03-13,709,N20,VIIRS,n,2,302.19,10.95,D,0
19.13462,78.80282,343.94,0.55,0.68,2022-03-13,709,N20,VIIRS,n,2,301.31,12.75,D,0
19.13585,78.80016,352.63,0.56,0.68,2022-03-13,709,N20,VIIRS,n,2,302.5,9.4,D,0
19.23944,78.67142,331.84,0.56,0.69,2022-03-13,709,N20,VIIRS,n,2,299.32,2.5,D,0
19.24308,78.68719,350.05,0.56,0.69,2022-03-13,709,N20,VIIRS,n,2,301.3,9.53,D,0
19.24409,78.68275,356.09,0.56,0.69,2022-03-13,709,N20,VIIRS,n,2,301.38,7.59,D,0
19.24428,78.69241,346.09,0.56,0.69,2022-03-13,709,N20,VIIRS,n,2,301.34,10.35,D,0
19.24524,78.68793,367.0,0.56,0.69,2022-03-13,709,N20,VIIRS,h,2,302.6,11.29,D,0
19.2464,78.69314,336.99,0.56,0.69,2022-03-13,709,N20,VIIRS,n,2,301.13,11.29,D,0
19.24688,78.67532,336.53,0.56,0.69,2022-03-13,709,N20,VIIRS,n,2,300.36,7.53,D,0
19.2481,78.68065,367.0,0.56,0.69,2022-03-13,709,N20,VIIRS,h,2,302.89,9.06,D,0
19.24911,78.67602,340.82,0.56,0.69,2022-03-13,709,N20,VIIRS,n,2,300.9,7.59,D,0
19.24929,78.68581,339.76,0.56,0.69,2022-03-13,709,N20,VIIRS,n,2,301.27,9.06,D,0
19.25029,78.68135,331.31,0.56,0.69,2022-03-13,709,N20,VIIRS,n,2,300.85,7.59,D,0
19.27914,79.38933,333.81,0.51,0.66,2022-03-13,709,N20,VIIRS,n,2,305.02,2.21,D,0
19.28688,79.5096,367.0,0.5,0.66,2022-03-13,709,N20,VIIRS,h,2,308.26,23.88,D,0
19.28921,79.50586,352.99,0.5,0.65,2022-03-13,709,N20,VIIRS,n,2,308.4,15.94,D,0
19.29022,79.51032,367.0,0.5,0.65,2022-03-13,709,N20,VIIRS,h,2,305.96,17.0,D,0
19.32433,78.61348,337.88,0.57,0.69,2022-03-13,709,N20,VIIRS,n,2,301.35,5.76,D,0
19.3331,78.60632,330.03,0.57,0.69,2022-03-13,709,N20,VIIRS,l,2,301.0,3.89,D,0
19.33433,78.61168,332.22,0.57,0.69,2022-03-13,709,N20,VIIRS,n,2,301.05,3.89,D,0
19.33682,78.61087,336.48,0.57,0.69,2022-03-13,709,N20,VIIRS,n,2,301.21,5.88,D,0
19.34857,77.28404,332.71,0.69,0.74,2022-03-13,709,N20,VIIRS,n,2,305.27,4.17,D,0
19.35243,77.28275,333.6,0.69,0.74,2022-03-13,709,N20,VIIRS,n,2,305.24,3.47,D,0
19.36132,77.9109,355.2,0.63,0.72,2022-03-13,709,N20,VIIRS,n,2,306.11,10.78,D,0
19.36222,77.91271,367.0,0.63,0.72,2022-03-13,709,N20,VIIRS,h,2,305.75,11.22,D,0
19.55723,79.42494,335.26,0.5,0.65,2022-03-13,709,N20,VIIRS,n,2,305.13,5.26,D,0
19.56211,79.41898,331.87,0.5,0.66,2022-03-13,709,N20,VIIRS,l,2,305.42,7.77,D,0
19.57946,81.23402,334.07,0.38,0.59,2022-03-13,709,N20,VIIRS,n,2,304.68,2.23,D,0
19.59063,79.68486,334.65,0.48,0.64,2022-03-13,709,N20,VIIRS,l,2,308.0,2.54,D,0
19.70641,78.25272,343.27,0.59,0.7,2022-03-13,709,N20,VIIRS,n,2,305.05,6.03,D,0
19.80873,80.89254,340.81,0.39,0.6,2022-03-13,709,N20,VIIRS,n,2,305.84,3.43,D,0
19.92247,80.66996,336.69,0.41,0.6,2022-03-13,709,N20,VIIRS,l,2,307.02,3.56,D,0
19.94634,81.44549,330.79,0.36,0.57,2022-03-13,709,N20,VIIRS,l,2,305.66,1.14,D,0
15.5005,77.12029,342.56,0.44,0.62,2022-03-13,848,N20,VIIRS,n,2,306.62,3.63,D,0
15.5018,77.11982,341.06,0.44,0.62,2022-03-13,848,N20,VIIRS,n,2,306.17,1.4,D,0
15.51541,78.10999,332.6,0.51,0.66,2022-03-13,848,N20,VIIRS,n,2,301.6,6.84,D,0
15.68946,78.81013,331.35,0.57,0.69,2022-03-13,848,N20,VIIRS,n,2,299.0,7.62,D,0
15.69155,78.81209,340.79,0.57,0.69,2022-03-13,848,N20,VIIRS,n,2,299.45,5.59,D,0
15.69336,78.78561,335.5,0.57,0.69,2022-03-13,848,N20,VIIRS,n,2,294.27,5.88,D,0
15.69423,78.79395,330.05,0.57,0.69,2022-03-13,848,N20,VIIRS,n,2,298.37,6.8,D,0
15.74557,78.83491,334.16,0.57,0.69,2022-03-13,848,N20,VIIRS,n,2,300.58,5.14,D,0
15.77648,79.00556,343.52,0.59,0.7,2022-03-13,848,N20,VIIRS,n,2,298.64,7.71,D,0
15.8125,77.49863,338.86,0.47,0.64,2022-03-13,848,N20,VIIRS,n,2,307.25,3.8,D,0
15.99829,79.25903,336.33,0.62,0.71,2022-03-13,848,N20,VIIRS,n,2,302.61,3.92,D,0
16.10403,78.74091,337.62,0.57,0.69,2022-03-13,848,N20,VIIRS,n,2,298.52,4.65,D,0
16.10578,78.73997,334.23,0.57,0.69,2022-03-13,848,N20,VIIRS,n,2,296.42,3.81,D,0
16.1229,78.71676,337.31,0.57,0.69,2022-03-13,848,N20,VIIRS,n,2,298.84,10.43,D,0
16.1245,78.73312,334.45,0.57,0.69,2022-03-13,848,N20,VIIRS,n,2,298.91,8.57,D,0
16.12806,78.14271,346.6,0.52,0.67,2022-03-13,848,N20,VIIRS,n,2,305.64,4.73,D,0
16.12809,78.13996,338.58,0.52,0.67,2022-03-13,848,N20,VIIRS,n,2,306.31,6.74,D,0
16.131,78.73352,330.38,0.57,0.69,2022-03-13,848,N20,VIIRS,n,2,299.24,4.81,D,0
16.18838,78.70391,331.77,0.57,0.69,2022-03-13,848,N20,VIIRS,n,2,297.35,5.89,D,0
16.18888,78.70914,337.11,0.57,0.69,2022-03-13,848,N20,VIIRS,n,2,298.44,5.89,D,0
16.19273,78.70499,340.45,0.57,0.69,2022-03-13,848,N20,VIIRS,n,2,297.24,8.96,D,0
16.19292,78.68388,333.97,0.57,0.69,2022-03-13,848,N20,VIIRS,n,2,296.35,13.63,D,0
16.19354,78.69035,353.56,0.57,0.69,2022-03-13,848,N20,VIIRS,n,2,296.15,9.04,D,0
16.1972,78.68565,355.08,0.57,0.69,2022-03-13,848,N20,VIIRS,n,2,297.34,11.25,D,0
16.19785,78.69194,338.38,0.57,0.69,2022-03-13,848,N20,VIIRS,n,2,295.87,11.25,D,0
16.19992,78.6897,333.4,0.57,0.69,2022-03-13,848,N20,VIIRS,n,2,295.83,9.04,D,0
17.44413,77.761,349.63,0.51,0.66,2022-03-13,849,N20,VIIRS,n,2,304.83,8.71,D,0
17.57748,77.92371,333.11,0.53,0.67,2022-03-13,849,N20,VIIRS,n,2,299.63,2.57,D,0
17.57806,77.92302,333.38,0.53,0.67,2022-03-13,849,N20,VIIRS,n,2,300.66,4.19,D,0
17.61493,80.12024,340.33,0.73,0.76,2022-03-13,849,N20,VIIRS,n,2,297.64,9.59,D,0
17.67838,80.22894,330.01,0.75,0.77,2022-03-13,849,N20,VIIRS,n,2,297.88,13.56,D,0
17.67902,80.36871,331.05,0.76,0.77,2022-03-13,849,N20,VIIRS,n,2,297.86,4.15,D,0
17.68135,80.23018,344.16,0.75,0.77,2022-03-13,849,N20,VIIRS,n,2,298.6,7.27,D,0
17.80407,80.31448,346.54,0.76,0.77,2022-03-13,849,N20,VIIRS,n,2,297.92,12.33,D,0
17.80465,80.32171,332.85,0.76,0.77,2022-03-13,849,N20,VIIRS,n,2,297.66,10.09,D,0
17.80694,80.3097,346.88,0.76,0.77,2022-03-13,849,N20,VIIRS,n,2,298.41,14.68,D,0
17.80756,80.31686,334.18,0.76,0.77,2022-03-13,849,N20,VIIRS,n,2,298.26,16.14,D,0
17.81116,80.31338,334.42,0.76,0.77,2022-03-13,849,N20,VIIRS,n,2,297.1,12.33,D,0
17.81407,80.30918,330.51,0.76,0.77,2022-03-13,849,N20,VIIRS,n,2,298.25,9.0,D,0
17.81673,80.33945,333.01,0.76,0.77,2022-03-13,849,N20,VIIRS,n,2,299.38,7.29,D,0
17.81833,80.31319,331.1,0.76,0.77,2022-03-13,849,N20,VIIRS,n,2,298.74,6.08,D,0
17.82018,80.33593,330.8,0.76,0.77,2022-03-13,849,N20,VIIRS,n,2,299.49,6.23,D,0
17.82906,80.31613,333.35,0.76,0.77,2022-03-13,849,N20,VIIRS,n,2,297.75,4.76,D,0
17.83264,80.31249,339.13,0.76,0.77,2022-03-13,849,N20,VIIRS,n,2,300.03,11.18,D,0
17.83611,80.31463,336.1,0.76,0.77,2022-03-13,849,N20,VIIRS,n,2,298.72,4.76,D,0
17.84432,80.28011,337.95,0.76,0.77,2022-03-13,849,N20,VIIRS,n,2,296.49,9.31,D,0
17.84716,80.0606,338.8,0.73,0.76,2022-03-13,849,N20,VIIRS,n,2,300.8,8.15,D,0
17.84777,80.06776,343.41,0.73,0.76,2022-03-13,849,N20,VIIRS,n,2,300.59,8.15,D,0
17.8515,80.28023,337.16,0.76,0.77,2022-03-13,849,N20,VIIRS,n,2,296.47,9.31,D,0
17.85331,80.30178,331.08,0.76,0.77,2022-03-13,849,N20,VIIRS,n,2,297.81,6.85,D,0
17.85419,80.05997,330.15,0.73,0.76,2022-03-13,849,N20,VIIRS,n,2,299.54,6.24,D,0
17.85986,80.29432,340.54,0.76,0.77,2022-03-13,849,N20,VIIRS,n,2,298.64,11.03,D,0
17.86704,80.15728,332.46,0.74,0.76,2022-03-13,849,N20,VIIRS,n,2,298.19,11.7,D,0
17.87654,80.27721,335.97,0.76,0.77,2022-03-13,849,N20,VIIRS,n,2,296.11,5.29,D,0
17.88008,80.27878,331.38,0.76,0.77,2022-03-13,849,N20,VIIRS,n,2,296.12,5.24,D,0
17.89387,80.40591,338.15,0.77,0.77,2022-03-13,849,N20,VIIRS,n,2,297.95,9.45,D,0
17.89759,80.3997,334.33,0.77,0.77,2022-03-13,849,N20,VIIRS,n,2,299.56,10.55,D,0
17.89821,80.40697,335.06,0.77,0.77,2022-03-13,849,N20,VIIRS,n,2,297.84,10.77,D,0
17.91511,77.87584,339.62,0.53,0.67,2022-03-13,849,N20,VIIRS,n,2,302.73,3.64,D,0
17.91536,80.40348,331.04,0.77,0.77,2022-03-13,849,N20,VIIRS,n,2,298.63,6.63,D,0
17.91639,80.28367,330.24,0.76,0.77,2022-03-13,849,N20,VIIRS,n,2,297.43,14.7,D,0
17.92788,80.29089,330.4,0.76,0.77,2022-03-13,849,N20,VIIRS,n,2,299.07,9.92,D,0
17.93308,78.3205,339.58,0.56,0.69,2022-03-13,849,N20,VIIRS,n,2,302.06,3.93,D,0
17.99423,80.26353,337.93,0.76,0.77,2022-03-13,849,N20,VIIRS,n,2,297.46,7.56,D,0
17.99732,80.26275,341.29,0.76,0.77,2022-03-13,849,N20,VIIRS,n,2,297.37,7.44,D,0
18.05944,80.18484,330.86,0.75,0.77,2022-03-13,849,N20,VIIRS,n,2,297.78,8.37,D,0
18.0798,80.11871,335.16,0.74,0.76,2022-03-13,849,N20,VIIRS,n,2,298.55,2.84,D,0
18.08251,80.11999,337.01,0.74,0.76,2022-03-13,849,N20,VIIRS,n,2,298.89,5.24,D,0
18.08685,80.11781,335.62,0.74,0.76,2022-03-13,849,N20,VIIRS,n,2,299.23,7.17,D,0
18.08955,80.119,333.45,0.74,0.76,2022-03-13,849,N20,VIIRS,n,2,299.01,5.24,D,0
18.17492,80.3204,340.82,0.77,0.77,2022-03-13,849,N20,VIIRS,n,2,298.23,13.11,D,0
18.17564,80.32906,335.14,0.77,0.77,2022-03-13,849,N20,VIIRS,n,2,296.39,10.76,D,0
18.2038,78.89427,334.75,0.62,0.71,2022-03-13,849,N20,VIIRS,n,2,299.61,4.82,D,0
18.20875,78.89391,336.3,0.62,0.71,2022-03-13,849,N20,VIIRS,n,2,300.65,3.86,D,0
18.24798,77.59664,337.02,0.51,0.66,2022-03-13,849,N20,VIIRS,n,2,303.31,2.88,D,0
18.2541,77.59614,333.24,0.51,0.66,2022-03-13,849,N20,VIIRS,l,2,304.29,2.88,D,0
18.25857,78.11645,337.71,0.55,0.68,2022-03-13,849,N20,VIIRS,n,2,302.41,6.91,D,0
18.26147,78.11781,333.31,0.55,0.68,2022-03-13,849,N20,VIIRS,n,2,302.33,6.16,D,0
18.45706,78.09274,332.03,0.55,0.68,2022-03-13,849,N20,VIIRS,l,2,306.75,2.49,D,0
18.56571,78.02147,337.35,0.55,0.68,2022-03-13,849,N20,VIIRS,n,2,302.53,4.51,D,0
18.56824,78.01942,340.23,0.55,0.68,2022-03-13,849,N20,VIIRS,n,2,302.59,4.6,D,0
18.58588,78.70491,339.73,0.61,0.71,2022-03-13,849,N20,VIIRS,n,2,299.32,6.93,D,0
18.60666,80.41232,346.1,0.79,0.78,2022-03-13,849,N20,VIIRS,n,2,301.2,16.14,D,0
18.60731,80.4204,352.08,0.79,0.78,2022-03-13,849,N20,VIIRS,n,2,299.32,16.14,D,0
18.61162,80.38368,330.36,0.78,0.78,2022-03-13,849,N20,VIIRS,l,2,301.92,7.53,D,0
18.61427,80.3837,334.61,0.78,0.78,2022-03-13,849,N20,VIIRS,n,2,302.15,7.79,D,0
18.67344,80.42796,331.11,0.79,0.78,2022-03-13,849,N20,VIIRS,n,2,299.96,6.38,D,0
18.71738,80.40131,355.0,0.79,0.78,2022-03-13,849,N20,VIIRS,n,2,305.26,20.71,D,0
18.71801,80.4091,367.0,0.79,0.78,2022-03-13,849,N20,VIIRS,h,2,300.48,16.19,D,0
18.71946,80.40002,352.48,0.79,0.78,2022-03-13,849,N20,VIIRS,n,2,305.29,15.37,D,0
18.72004,80.40772,367.0,0.79,0.78,2022-03-13,849,N20,VIIRS,h,2,301.2,15.37,D,0
18.72462,80.40085,339.28,0.79,0.78,2022-03-13,849,N20,VIIRS,n,2,304.19,20.71,D,0
18.72526,80.40871,341.53,0.79,0.78,2022-03-13,849,N20,VIIRS,n,2,301.32,16.19,D,0
18.72728,80.40734,330.15,0.79,0.78,2022-03-13,849,N20,VIIRS,n,2,301.13,15.37,D,0
18.77535,77.27292,336.29,0.49,0.65,2022-03-13,849,N20,VIIRS,l,2,308.65,6.17,D,0
18.77841,80.31631,341.93,0.78,0.78,2022-03-13,849,N20,VIIRS,n,2,303.65,8.01,D,0
18.7958,80.17176,340.13,0.76,0.77,2022-03-13,849,N20,VIIRS,n,2,303.12,10.15,D,0
18.8172,77.04697,341.54,0.48,0.64,2022-03-13,849,N20,VIIRS,n,2,311.24,7.09,D,0
18.82643,80.24259,342.45,0.77,0.77,2022-03-13,849,N20,VIIRS,n,2,303.21,10.05,D,0
18.83056,80.24498,339.26,0.77,0.77,2022-03-13,849,N20,VIIRS,n,2,303.58,13.42,D,0
18.83295,80.27419,342.68,0.77,0.78,2022-03-13,849,N20,VIIRS,n,2,303.18,7.58,D,0
18.83583,80.27139,333.17,0.77,0.78,2022-03-13,849,N20,VIIRS,n,2,302.81,5.63,D,0
18.84851,80.28756,331.71,0.77,0.78,2022-03-13,849,N20,VIIRS,l,2,302.61,5.04,D,0
18.85004,80.13258,333.93,0.76,0.77,2022-03-13,849,N20,VIIRS,n,2,302.7,5.69,D,0
18.85131,80.28479,333.13,0.78,0.78,2022-03-13,849,N20,VIIRS,l,2,303.43,7.58,D,0
18.85427,80.13622,331.48,0.76,0.77,2022-03-13,849,N20,VIIRS,l,2,302.21,9.01,D,0
18.91827,79.37175,331.02,0.68,0.74,2022-03-13,849,N20,VIIRS,l,2,302.5,4.27,D,0
18.93477,78.48392,331.2,0.59,0.7,2022-03-13,849,N20,VIIRS,l,2,301.55,4.98,D,0
18.94215,78.71261,332.7,0.61,0.71,2022-03-13,849,N20,VIIRS,n,2,301.04,6.82,D,0
18.94268,78.71841,345.94,0.61,0.71,2022-03-13,849,N20,VIIRS,n,2,302.46,6.82,D,0
18.94809,78.7169,347.92,0.61,0.71,2022-03-13,849,N20,VIIRS,n,2,301.82,11.41,D,0
18.98265,79.31985,353.66,0.67,0.74,2022-03-13,849,N20,VIIRS,n,2,305.76,7.6,D,0
18.98319,79.32611,330.32,0.67,0.74,2022-03-13,849,N20,VIIRS,l,2,302.34,7.6,D,0
18.98435,79.31924,352.17,0.67,0.74,2022-03-13,849,N20,VIIRS,n,2,305.07,12.95,D,0
18.98485,79.32546,332.39,0.67,0.74,2022-03-13,849,N20,VIIRS,n,2,302.2,10.61,D,0
18.98578,80.11926,342.94,0.76,0.77,2022-03-13,849,N20,VIIRS,n,2,302.01,5.88,D,0
19.00011,79.97107,330.25,0.74,0.76,2022-03-13,849,N20,VIIRS,l,2,303.81,4.66,D,0
19.00242,79.97012,332.75,0.74,0.76,2022-03-13,849,N20,VIIRS,l,2,303.64,5.33,D,0
19.00663,78.77895,343.56,0.62,0.71,2022-03-13,849,N20,VIIRS,n,2,301.23,5.24,D,0
19.02975,77.53117,345.56,0.51,0.66,2022-03-13,849,N20,VIIRS,n,2,305.94,6.36,D,0
19.02982,77.52917,350.91,0.51,0.66,2022-03-13,849,N20,VIIRS,n,2,307.2,6.86,D,0
19.08925,77.77576,330.77,0.54,0.67,2022-03-13,849,N20,VIIRS,l,2,305.3,4.13,D,0
19.12008,78.8016,331.97,0.62,0.72,2022-03-13,849,N20,VIIRS,n,2,301.13,7.49,D,0
19.1298,80.02618,339.39,0.75,0.77,2022-03-13,849,N20,VIIRS,n,2,304.47,6.19,D,0
19.13247,80.02087,334.8,0.75,0.77,2022-03-13,849,N20,VIIRS,l,2,304.86,7.68,D,0
19.13801,78.79883,343.97,0.63,0.72,2022-03-13,849,N20,VIIRS,n,2,299.9,9.89,D,0
19.13996,78.79973,346.77,0.62,0.72,2022-03-13,849,N20,VIIRS,n,2,299.07,10.62,D,0
19.19613,78.77538,333.73,0.62,0.72,2022-03-13,849,N20,VIIRS,n,2,297.6,10.84,D,0
19.20224,78.76874,339.38,0.62,0.72,2022-03-13,849,N20,VIIRS,n,2,298.65,10.01,D,0
19.20486,80.07065,330.05,0.76,0.77,2022-03-13,849,N20,VIIRS,l,2,303.11,3.05,D,0
19.2844,79.50011,347.11,0.7,0.75,2022-03-13,849,N20,VIIRS,n,2,304.23,11.25,D,0
19.28482,79.50552,367.0,0.7,0.75,2022-03-13,849,N20,VIIRS,h,2,306.77,25.87,D,0
19.28492,79.50694,367.0,0.7,0.75,2022-03-13,849,N20,VIIRS,h,2,304.75,11.25,D,0
19.31762,78.67486,350.54,0.62,0.71,2022-03-13,849,N20,VIIRS,n,2,305.88,7.97,D,0
19.31895,78.67546,367.0,0.62,0.71,2022-03-13,849,N20,VIIRS,h,2,306.36,12.35,D,0
19.3242,78.67408,332.69,0.62,0.71,2022-03-13,849,N20,VIIRS,l,2,303.41,7.97,D,0
19.32954,78.57686,333.38,0.61,0.71,2022-03-13,849,N20,VIIRS,n,2,303.53,2.02,D,0
19.33024,78.57765,333.12,0.61,0.71,2022-03-13,849,N20,VIIRS,n,2,303.25,2.3,D,0
19.33197,78.6065,340.72,0.61,0.71,2022-03-13,849,N20,VIIRS,n,2,304.92,8.38,D,0
19.33244,78.61229,342.64,0.61,0.71,2022-03-13,849,N20,VIIRS,n,2,304.62,10.05,D,0
19.33286,78.60727,346.75,0.61,0.71,2022-03-13,849,N20,VIIRS,n,2,305.58,6.69,D,0
19.33338,78.61311,335.89,0.61,0.71,2022-03-13,849,N20,VIIRS,n,2,303.89,6.69,D,0
19.339,78.61154,332.97,0.61,0.71,2022-03-13,849,N20,VIIRS,l,2,304.17,4.27,D,0
19.35949,77.9084,339.92,0.55,0.68,2022-03-13,849,N20,VIIRS,n,2,310.54,4.93,D,0
19.45086,77.86386,344.44,0.55,0.68,2022-03-13,849,N20,VIIRS,n,2,308.3,3.77,D,0
19.50454,77.92715,337.24,0.55,0.68,2022-03-13,849,N20,VIIRS,n,2,308.08,2.15,D,0
19.56411,79.42683,330.76,0.69,0.75,2022-03-13,849,N20,VIIRS,l,2,304.53,4.75,D,0
19.65883,78.27908,337.41,0.59,0.7,2022-03-13,849,N20,VIIRS,n,2,305.09,2.85,D,0
19.70171,78.24797,336.46,0.58,0.7,2022-03-13,849,N20,VIIRS,l,2,308.14,11.32,D,0
19.70216,78.25304,348.67,0.58,0.7,2022-03-13,849,N20,VIIRS,n,2,307.24,12.72,D,0
19.7029,78.2494,353.29,0.58,0.7,2022-03-13,849,N20,VIIRS,n,2,309.9,14.54,D,0
19.70331,78.25445,339.91,0.58,0.7,2022-03-13,849,N20,VIIRS,n,2,306.46,9.25,D,0
19.70426,78.42846,342.63,0.6,0.71,2022-03-13,849,N20,VIIRS,n,2,310.8,9.28,D,0
19.8543,78.33982,343.59,0.59,0.7,2022-03-13,849,N20,VIIRS,n,2,309.78,3.37,D,0
19.41911,79.4538,305.08,0.41,0.61,2022-03-13,1938,N20,VIIRS,n,2,293.08,2.0,N,0
19.48259,78.75806,310.58,0.46,0.63,2022-03-13,1938,N20,VIIRS,n,2,293.45,1.88,N,0
19.51384,79.39632,307.09,0.41,0.61,2022-03-13,1938,N20,VIIRS,n,2,293.27,1.93,N,0
19.52623,79.49792,307.39,0.41,0.6,2022-03-13,1938,N20,VIIRS,n,2,291.76,0.53,N,0
19.53186,79.49815,300.02,0.41,0.6,2022-03-13,1938,N20,VIIRS,n,2,287.92,0.53,N,0
19.55215,79.2419,304.58,0.42,0.61,2022-03-13,1938,N20,VIIRS,n,2,293.3,0.62,N,0
19.57215,79.42021,299.97,0.41,0.61,2022-03-13,1938,N20,VIIRS,n,2,289.34,0.54,N,0
19.57253,79.41628,306.09,0.41,0.61,2022-03-13,1938,N20,VIIRS,n,2,286.72,0.54,N,0
19.57423,79.41677,303.88,0.41,0.61,2022-03-13,1938,N20,VIIRS,n,2,286.44,0.97,N,0
19.65947,78.2678,307.16,0.49,0.65,2022-03-13,1938,N20,VIIRS,n,2,293.11,1.71,N,0
19.66159,78.26614,306.22,0.49,0.65,2022-03-13,1938,N20,VIIRS,n,2,292.9,1.35,N,0
19.70523,78.25581,304.72,0.5,0.65,2022-03-13,1938,N20,VIIRS,n,2,293.48,1.05,N,0
19.75092,79.31637,299.98,0.42,0.61,2022-03-13,1938,N20,VIIRS,n,2,289.04,0.5,N,0
19.80141,78.86311,302.67,0.45,0.63,2022-03-13,1938,N20,VIIRS,n,2,291.99,0.6,N,0
19.81676,80.87917,305.24,0.33,0.56,2022-03-13,1938,N20,VIIRS,n,2,294.29,0.85,N,0
19.96129,79.33214,307.22,0.42,0.61,2022-03-13,1938,N20,VIIRS,n,2,290.83,1.21,N,2
15.83088,79.07916,306.49,0.39,0.59,2022-03-13,1939,N20,VIIRS,n,2,292.73,0.67,N,0
15.84089,79.03963,322.69,0.39,0.6,2022-03-13,1939,N20,VIIRS,n,2,292.79,1.62,N,0
15.84176,79.63784,304.44,0.36,0.57,2022-03-13,1939,N20,VIIRS,n,2,293.35,1.3,N,0
15.84667,79.64179,305.0,0.36,0.57,2022-03-13,1939,N20,VIIRS,n,2,294.48,1.2,N,0
16.00683,78.75839,305.65,0.41,0.61,2022-03-13,1939,N20,VIIRS,n,2,291.81,1.48,N,0
16.01174,78.74963,307.17,0.42,0.61,2022-03-13,1939,N20,VIIRS,n,2,292.21,1.01,N,0
16.06993,78.94319,302.71,0.4,0.6,2022-03-13,1939,N20,VIIRS,n,2,291.92,0.8,N,0
16.07554,78.94324,305.22,0.4,0.6,2022-03-13,1939,N20,VIIRS,n,2,292.51,0.8,N,0
16.0918,78.58926,308.96,0.43,0.62,2022-03-13,1939,N20,VIIRS,n,2,292.77,1.3,N,0
16.17994,79.15768,309.83,0.39,0.59,2022-03-13,1939,N20,VIIRS,n,2,293.93,1.27,N,0
16.18106,79.15623,310.5,0.39,0.59,2022-03-13,1939,N20,VIIRS,n,2,293.7,0.9,N,0
16.19687,78.90865,305.62,0.41,0.6,2022-03-13,1939,N20,VIIRS,n,2,293.34,1.1,N,0
16.19769,78.85072,302.47,0.41,0.61,2022-03-13,1939,N20,VIIRS,n,2,290.82,0.9,N,0
16.19799,78.69335,303.22,0.42,0.61,2022-03-13,1939,N20,VIIRS,n,2,290.89,1.18,N,0
16.4181,79.67999,308.63,0.36,0.58,2022-03-13,1939,N20,VIIRS,n,2,295.41,1.88,N,0
16.41851,79.67637,306.16,0.36,0.58,2022-03-13,1939,N20,VIIRS,n,2,294.69,1.89,N,0
16.42207,77.02474,301.47,0.55,0.68,2022-03-13,1939,N20,VIIRS,n,2,286.71,0.67,N,0
16.42453,77.02489,300.57,0.55,0.68,2022-03-13,1939,N20,VIIRS,n,2,286.94,1.16,N,0
16.70995,80.06163,312.89,0.35,0.56,2022-03-13,1939,N20,VIIRS,n,2,294.91,1.58,N,0
16.71042,80.05758,303.82,0.35,0.56,2022-03-13,1939,N20,VIIRS,n,2,293.77,1.23,N,0
16.81042,81.14503,324.88,0.59,0.53,2022-03-13,1939,N20,VIIRS,n,2,292.73,3.99,N,0
16.81405,81.14743,306.67,0.59,0.53,2022-03-13,1939,N20,VIIRS,n,2,292.64,1.76,N,0
16.81468,81.14195,312.99,0.59,0.53,2022-03-13,1939,N20,VIIRS,n,2,292.64,1.98,N,0
16.87491,80.02138,306.0,0.35,0.57,2022-03-13,1939,N20,VIIRS,n,2,294.38,0.75,N,0
17.14859,78.22452,302.46,0.47,0.64,2022-03-13,1939,N20,VIIRS,n,2,289.96,1.0,N,2
17.25109,78.04216,302.35,0.48,0.65,2022-03-13,1939,N20,VIIRS,n,2,287.34,0.81,N,0
17.36102,80.39658,302.56,0.33,0.56,2022-03-13,1939,N20,VIIRS,n,2,292.04,0.36,N,0
17.4852,80.96835,307.04,0.62,0.54,2022-03-13,1939,N20,VIIRS,n,2,294.26,2.21,N,0
17.53692,80.99812,305.91,0.61,0.54,2022-03-13,1939,N20,VIIRS,n,2,294.87,2.02,N,0
17.54782,80.68036,306.81,0.32,0.55,2022-03-13,1939,N20,VIIRS,n,2,293.88,0.73,N,0
17.583,80.31699,307.8,0.34,0.56,2022-03-13,1939,N20,VIIRS,n,2,295.05,1.55,N,2
17.65429,81.24667,303.61,0.59,0.53,2022-03-13,1939,N20,VIIRS,n,2,293.53,1.54,N,0
17.67172,80.47826,305.85,0.33,0.56,2022-03-13,1939,N20,VIIRS,n,2,295.03,0.77,N,0
17.68431,80.3161,304.21,0.34,0.56,2022-03-13,1939,N20,VIIRS,n,2,292.29,0.67,N,0
17.78022,80.26957,312.71,0.35,0.56,2022-03-13,1939,N20,VIIRS,n,2,293.51,1.62,N,0
17.78549,80.26952,304.56,0.35,0.56,2022-03-13,1939,N20,VIIRS,n,2,292.27,0.61,N,0
17.78753,79.55813,308.63,0.39,0.59,2022-03-13,1939,N20,VIIRS,n,2,289.87,0.53,N,0
17.78958,81.49862,304.75,0.57,0.52,2022-03-13,1939,N20,VIIRS,n,2,294.25,0.89,N,0
17.81731,80.31523,331.04,0.34,0.56,2022-03-13,1939,N20,VIIRS,n,2,292.45,3.29,N,0
17.82519,80.33884,315.26,0.34,0.56,2022-03-13,1939,N20,VIIRS,n,2,292.37,1.91,N,0
17.82553,80.33572,322.79,0.34,0.56,2022-03-13,1939,N20,VIIRS,n,2,292.9,1.42,N,0
17.82588,80.33261,302.92,0.34,0.56,2022-03-13,1939,N20,VIIRS,n,2,292.32,1.42,N,0
17.82817,80.21671,304.24,0.35,0.57,2022-03-13,1939,N20,VIIRS,n,2,292.88,0.76,N,0
17.8288,80.25897,303.39,0.35,0.56,2022-03-13,1939,N20,VIIRS,n,2,293.12,1.07,N,0
17.83036,80.33952,339.48,0.34,0.56,2022-03-13,1939,N20,VIIRS,n,2,294.46,4.91,N,0
17.8307,80.33643,338.66,0.34,0.56,2022-03-13,1939,N20,VIIRS,n,2,294.26,3.34,N,0
17.83104,80.33337,312.25,0.34,0.56,2022-03-13,1939,N20,VIIRS,n,2,292.06,3.34,N,0
17.83339,80.21737,303.67,0.35,0.57,2022-03-13,1939,N20,VIIRS,n,2,292.03,0.64,N,0
17.84264,80.27661,305.06,0.35,0.56,2022-03-13,1939,N20,VIIRS,n,2,291.39,0.83,N,0
17.86059,80.30422,311.85,0.34,0.56,2022-03-13,1939,N20,VIIRS,n,2,291.46,1.05,N,0
17.86654,80.29814,317.22,0.34,0.56,2022-03-13,1939,N20,VIIRS,n,2,292.4,1.46,N,0
17.86692,80.29485,308.56,0.34,0.56,2022-03-13,1939,N20,VIIRS,n,2,291.69,0.74,N,0
17.8673,80.29149,308.62,0.35,0.56,2022-03-13,1939,N20,VIIRS,n,2,290.4,0.74,N,0
17.86775,80.29814,309.18,0.35,0.56,2022-03-13,1939,N20,VIIRS,n,2,291.31,0.87,N,0
17.8681,80.29484,307.59,0.35,0.56,2022-03-13,1939,N20,VIIRS,n,2,291.47,0.58,N,0
17.86845,80.29147,307.95,0.35,0.56,2022-03-13,1939,N20,VIIRS,n,2,290.17,0.58,N,0
17.87164,80.25322,304.43,0.35,0.57,2022-03-13,1939,N20,VIIRS,n,2,293.25,0.41,N,0
17.87252,80.2532,307.21,0.35,0.57,2022-03-13,1939,N20,VIIRS,n,2,294.11,0.87,N,0
17.87916,80.27982,304.72,0.35,0.56,2022-03-13,1939,N20,VIIRS,n,2,290.1,0.83,N,0
17.88022,80.27991,303.31,0.35,0.56,2022-03-13,1939,N20,VIIRS,n,2,290.66,0.72,N,0
17.88468,80.27764,304.52,0.35,0.56,2022-03-13,1939,N20,VIIRS,n,2,292.53,1.3,N,0
17.88501,80.27481,317.61,0.35,0.56,2022-03-13,1939,N20,VIIRS,n,2,294.62,1.3,N,0
17.8857,80.26878,308.24,0.35,0.56,2022-03-13,1939,N20,VIIRS,n,2,293.15,2.33,N,0
17.88603,80.27489,315.9,0.35,0.56,2022-03-13,1939,N20,VIIRS,n,2,294.91,2.37,N,0
17.88634,80.27201,305.59,0.35,0.56,2022-03-13,1939,N20,VIIRS,n,2,293.59,1.21,N,0
17.88667,80.26886,306.98,0.35,0.56,2022-03-13,1939,N20,VIIRS,n,2,293.56,1.21,N,0
17.88687,80.25858,306.75,0.35,0.56,2022-03-13,1939,N20,VIIRS,n,2,294.09,1.35,N,0
17.89187,80.2696,305.08,0.35,0.56,2022-03-13,1939,N20,VIIRS,n,2,293.95,1.51,N,0
17.899,80.30111,320.75,0.35,0.56,2022-03-13,1939,N20,VIIRS,n,2,291.91,2.74,N,0
17.89933,80.29803,313.88,0.35,0.56,2022-03-13,1939,N20,VIIRS,n,2,291.23,2.38,N,0
17.89966,80.29498,313.68,0.35,0.56,2022-03-13,1939,N20,VIIRS,n,2,291.26,2.38,N,0
17.90344,80.16152,301.47,0.35,0.57,2022-03-13,1939,N20,VIIRS,n,2,290.9,1.18,N,0
17.90419,80.3017,329.36,0.35,0.56,2022-03-13,1939,N20,VIIRS,n,2,292.49,2.74,N,0
17.90452,80.29866,333.53,0.35,0.56,2022-03-13,1939,N20,VIIRS,n,2,292.48,2.38,N,0
17.90941,80.15541,300.35,0.35,0.57,2022-03-13,1939,N20,VIIRS,n,2,289.88,1.05,N,0
17.90973,80.29916,317.32,0.35,0.56,2022-03-13,1939,N20,VIIRS,n,2,291.83,1.18,N,0
17.91008,80.29604,301.46,0.35,0.56,2022-03-13,1939,N20,VIIRS,n,2,291.33,1.18,N,0
17.91076,80.2898,307.34,0.35,0.56,2022-03-13,1939,N20,VIIRS,n,2,292.06,1.26,N,0
17.91109,80.28677,317.45,0.35,0.56,2022-03-13,1939,N20,VIIRS,n,2,292.69,2.26,N,0
17.91338,80.11829,303.39,0.36,0.57,2022-03-13,1939,N20,VIIRS,n,2,292.66,0.89,N,0
17.91565,80.29323,303.48,0.35,0.56,2022-03-13,1939,N20,VIIRS,n,2,291.44,1.26,N,0
17.92122,80.29041,301.23,0.35,0.56,2022-03-13,1939,N20,VIIRS,n,2,290.46,0.71,N,0
17.92308,80.22516,305.58,0.35,0.57,2022-03-13,1939,N20,VIIRS,n,2,294.11,1.22,N,0
17.92972,80.26115,308.15,0.35,0.57,2022-03-13,1939,N20,VIIRS,n,2,294.04,1.69,N,0
17.93051,81.29135,307.66,0.59,0.53,2022-03-13,1939,N20,VIIRS,n,2,294.78,2.83,N,0
17.93464,80.26434,311.19,0.35,0.57,2022-03-13,1939,N20,VIIRS,n,2,294.8,1.38,N,0
17.93686,80.24422,305.36,0.35,0.57,2022-03-13,1939,N20,VIIRS,n,2,294.85,2.34,N,0
17.94028,80.26104,304.89,0.35,0.57,2022-03-13,1939,N20,VIIRS,n,2,293.91,1.38,N,0
17.9502,80.76152,316.1,0.32,0.55,2022-03-13,1939,N20,VIIRS,n,2,295.44,1.34,N,0
17.95523,80.7622,332.57,0.32,0.55,2022-03-13,1939,N20,VIIRS,n,2,296.89,2.66,N,0
17.99945,80.16071,303.61,0.35,0.57,2022-03-13,1939,N20,VIIRS,n,2,292.58,1.13,N,0
18.0382,79.99693,315.58,0.36,0.58,2022-03-13,1939,N20,VIIRS,n,2,293.24,1.94,N,0
18.04479,80.42224,303.7,0.34,0.56,2022-03-13,1939,N20,VIIRS,n,2,292.16,1.23,N,0
18.05653,81.08029,306.21,0.62,0.54,2022-03-13,1939,N20,VIIRS,n,2,293.87,1.57,N,0
18.06022,80.18851,304.05,0.35,0.57,2022-03-13,1939,N20,VIIRS,n,2,292.69,0.76,N,0
18.06098,80.18161,306.68,0.35,0.57,2022-03-13,1939,N20,VIIRS,n,2,292.74,1.48,N,0
18.06137,80.17809,320.16,0.35,0.57,2022-03-13,1939,N20,VIIRS,n,2,292.61,2.64,N,0
18.06621,80.18238,307.37,0.35,0.57,2022-03-13,1939,N20,VIIRS,n,2,292.65,1.48,N,0
18.07144,80.18314,318.96,0.35,0.57,2022-03-13,1939,N20,VIIRS,n,2,293.68,1.41,N,0
18.07183,80.17957,309.31,0.35,0.57,2022-03-13,1939,N20,VIIRS,n,2,291.26,2.42,N,0
18.07258,80.17289,303.7,0.35,0.57,2022-03-13,1939,N20,VIIRS,n,2,292.71,0.98,N,0
18.07668,80.18384,307.82,0.35,0.57,2022-03-13,1939,N20,VIIRS,n,2,291.99,1.41,N,0
18.07783,80.17345,314.59,0.35,0.57,2022-03-13,1939,N20,VIIRS,n,2,293.91,0.98,N,0
18.07823,80.16989,304.99,0.35,0.57,2022-03-13,1939,N20,VIIRS,n,2,293.92,0.98,N,0
18.08489,80.20545,302.91,0.35,0.57,2022-03-13,1939,N20,VIIRS,n,2,292.55,1.16,N,0
18.086,80.19552,306.49,0.35,0.57,2022-03-13,1939,N20,VIIRS,n,2,292.57,1.87,N,0
18.08639,80.19205,311.39,0.35,0.57,2022-03-13,1939,N20,VIIRS,n,2,292.69,1.87,N,0
18.08678,80.1886,355.27,0.35,0.57,2022-03-13,1939,N20,VIIRS,n,2,296.88,6.82,N,0
18.08716,80.18521,341.11,0.35,0.57,2022-03-13,1939,N20,VIIRS,n,2,291.42,6.82,N,0
18.08908,80.2154,303.92,0.35,0.57,2022-03-13,1939,N20,VIIRS,n,2,293.41,1.27,N,0
18.08938,80.21526,305.22,0.35,0.57,2022-03-13,1939,N20,VIIRS,n,2,293.26,1.33,N,0
18.09126,80.19597,337.4,0.35,0.57,2022-03-13,1939,N20,VIIRS,n,2,294.12,2.7,N,0
18.09143,80.19577,327.17,0.35,0.57,2022-03-13,1939,N20,VIIRS,n,2,293.26,1.69,N,0
18.09165,80.19257,328.15,0.35,0.57,2022-03-13,1939,N20,VIIRS,n,2,291.97,2.7,N,0
18.09179,80.19237,324.13,0.35,0.57,2022-03-13,1939,N20,VIIRS,n,2,291.96,1.69,N,0
18.09612,80.15096,304.72,0.36,0.57,2022-03-13,1939,N20,VIIRS,n,2,293.29,0.51,N,0
18.09628,80.15121,305.3,0.35,0.57,2022-03-13,1939,N20,VIIRS,n,2,293.29,0.77,N,0
18.09645,80.14782,304.8,0.36,0.57,2022-03-13,1939,N20,VIIRS,n,2,292.31,0.97,N,0
18.09664,80.14808,303.49,0.36,0.57,2022-03-13,1939,N20,VIIRS,n,2,292.52,1.06,N,0
18.11417,80.3784,303.64,0.34,0.56,2022-03-13,1939,N20,VIIRS,n,2,291.65,0.69,N,0
18.13039,81.00691,306.98,0.62,0.54,2022-03-13,1939,N20,VIIRS,n,2,294.15,1.33,N,0
18.13143,81.00691,307.81,0.62,0.54,2022-03-13,1939,N20,VIIRS,n,2,294.36,1.48,N,0
18.17021,80.74708,306.6,0.32,0.55,2022-03-13,1939,N20,VIIRS,n,2,294.54,0.97,N,0
18.17284,80.32355,304.84,0.35,0.56,2022-03-13,1939,N20,VIIRS,n,2,294.05,1.13,N,0
18.17395,80.31362,306.06,0.35,0.56,2022-03-13,1939,N20,VIIRS,n,2,293.29,1.16,N,0
18.18649,80.87642,306.14,0.32,0.54,2022-03-13,1939,N20,VIIRS,n,2,294.9,1.09,N,0
18.18681,80.87357,314.82,0.32,0.54,2022-03-13,1939,N20,VIIRS,n,2,294.75,1.09,N,0
18.19184,80.87411,314.55,0.32,0.54,2022-03-13,1939,N20,VIIRS,n,2,294.82,1.09,N,0
18.19217,80.87118,316.9,0.32,0.54,2022-03-13,1939,N20,VIIRS,n,2,294.96,2.72,N,0
18.19759,80.86825,313.28,0.32,0.54,2022-03-13,1939,N20,VIIRS,n,2,295.0,1.71,N,0
18.20706,80.82963,304.85,0.32,0.55,2022-03-13,1939,N20,VIIRS,n,2,294.64,1.39,N,0
18.21317,80.82076,304.57,0.32,0.55,2022-03-13,1939,N20,VIIRS,n,2,293.62,1.2,N,0
18.21352,80.81772,304.06,0.32,0.55,2022-03-13,1939,N20,VIIRS,n,2,293.12,0.7,N,0
18.21717,80.36319,310.86,0.34,0.56,2022-03-13,1939,N20,VIIRS,n,2,293.94,1.16,N,0
18.21949,80.34174,313.71,0.35,0.56,2022-03-13,1939,N20,VIIRS,n,2,294.97,1.89,N,0
18.22466,80.34269,316.77,0.35,0.56,2022-03-13,1939,N20,VIIRS,n,2,294.66,1.82,N,0
18.24244,80.27608,302.01,0.35,0.57,2022-03-13,1939,N20,VIIRS,n,2,291.12,1.0,N,0
18.25359,80.27093,304.72,0.35,0.57,2022-03-13,1939,N20,VIIRS,n,2,292.71,1.12,N,0
18.25389,79.8368,309.23,0.37,0.58,2022-03-13,1939,N20,VIIRS,n,2,292.49,1.2,N,0
18.25395,80.26755,304.68,0.35,0.57,2022-03-13,1939,N20,VIIRS,n,2,291.91,1.63,N,0
18.25699,79.83563,304.29,0.37,0.58,2022-03-13,1939,N20,VIIRS,n,2,290.81,0.45,N,0
18.2589,80.7696,307.35,0.32,0.55,2022-03-13,1939,N20,VIIRS,n,2,295.04,1.38,N,0
18.26005,80.80605,306.48,0.32,0.55,2022-03-13,1939,N20,VIIRS,n,2,293.84,0.82,N,0
18.26033,80.80355,305.61,0.32,0.55,2022-03-13,1939,N20,VIIRS,n,2,293.83,0.82,N,0
18.26108,80.79671,308.99,0.32,0.55,2022-03-13,1939,N20,VIIRS,n,2,295.71,1.26,N,0
18.26135,80.79431,319.12,0.32,0.55,2022-03-13,1939,N20,VIIRS,n,2,293.96,1.26,N,0
18.2657,80.80125,304.35,0.32,0.55,2022-03-13,1939,N20,VIIRS,n,2,293.97,1.72,N,0
18.27597,80.26009,302.82,0.35,0.57,2022-03-13,1939,N20,VIIRS,n,2,292.62,0.99,N,0
18.27635,80.25668,303.39,0.35,0.57,2022-03-13,1939,N20,VIIRS,n,2,292.65,0.84,N,0
18.28094,80.80219,306.51,0.32,0.55,2022-03-13,1939,N20,VIIRS,n,2,292.94,0.58,N,0
18.28286,80.14907,312.54,0.36,0.57,2022-03-13,1939,N20,VIIRS,n,2,285.31,0.87,N,0
18.28316,80.0974,298.03,0.36,0.57,2022-03-13,1939,N20,VIIRS,n,2,280.53,1.01,N,0
18.28422,80.86474,305.78,0.32,0.55,2022-03-13,1939,N20,VIIRS,n,2,293.94,1.54,N,0
18.28531,80.85497,305.13,0.32,0.55,2022-03-13,1939,N20,VIIRS,n,2,291.46,1.29,N,0
18.28822,80.78271,308.73,0.32,0.55,2022-03-13,1939,N20,VIIRS,n,2,294.35,1.44,N,0
18.2885,80.78022,307.11,0.32,0.55,2022-03-13,1939,N20,VIIRS,n,2,294.5,1.42,N,0
18.29132,80.07171,299.85,0.36,0.57,2022-03-13,1939,N20,VIIRS,n,2,283.79,1.2,N,0
18.29934,80.04751,304.26,0.36,0.58,2022-03-13,1939,N20,VIIRS,n,2,286.46,1.28,N,0
18.34148,80.67432,308.06,0.33,0.55,2022-03-13,1939,N20,VIIRS,n,2,293.7,1.03,N,0
18.34912,80.83262,303.94,0.32,0.55,2022-03-13,1939,N20,VIIRS,n,2,293.45,1.22,N,0
18.39371,80.55645,310.23,0.34,0.56,2022-03-13,1939,N20,VIIRS,n,2,293.97,1.52,N,0
18.40664,80.62919,305.71,0.33,0.56,2022-03-13,1939,N20,VIIRS,n,2,293.35,0.84,N,0
18.41333,80.80211,304.8,0.32,0.55,2022-03-13,1939,N20,VIIRS,n,2,293.41,1.16,N,0
18.41804,80.80579,304.33,0.32,0.55,2022-03-13,1939,N20,VIIRS,n,2,293.76,0.89,N,0
18.41838,80.80278,307.86,0.32,0.55,2022-03-13,1939,N20,VIIRS,n,2,294.12,0.97,N,0
18.41873,80.79968,304.52,0.32,0.55,2022-03-13,1939,N20,VIIRS,n,2,294.16,0.97,N,0
18.41878,80.70706,305.72,0.33,0.55,2022-03-13,1939,N20,VIIRS,n,2,292.44,0.49,N,0
18.42386,80.70772,307.94,0.33,0.55,2022-03-13,1939,N20,VIIRS,n,2,293.55,0.49,N,0
18.42838,80.66695,329.92,0.33,0.55,2022-03-13,1939,N20,VIIRS,n,2,294.85,1.63,N,0
18.42849,80.80412,323.61,0.32,0.55,2022-03-13,1939,N20,VIIRS,n,2,295.23,2.33,N,0
18.42875,80.66364,309.87,0.33,0.55,2022-03-13,1939,N20,VIIRS,n,2,292.54,1.63,N,0
18.43346,80.66776,367.0,0.33,0.55,2022-03-13,1939,N20,VIIRS,h,2,300.17,5.21,N,0
18.43383,80.66444,343.3,0.33,0.55,2022-03-13,1939,N20,VIIRS,n,2,293.95,5.21,N,0
18.4339,80.80162,326.57,0.32,0.55,2022-03-13,1939,N20,VIIRS,n,2,294.95,2.33,N,0
18.43423,80.79868,324.53,0.32,0.55,2022-03-13,1939,N20,VIIRS,n,2,294.46,3.12,N,0
18.43892,80.66517,324.69,0.33,0.55,2022-03-13,1939,N20,VIIRS,n,2,296.36,5.21,N,0
18.4393,80.66183,308.18,0.33,0.55,2022-03-13,1939,N20,VIIRS,n,2,294.35,2.7,N,0
18.44405,80.66558,306.37,0.33,0.55,2022-03-13,1939,N20,VIIRS,n,2,292.24,0.63,N,0
18.45782,80.58895,307.23,0.34,0.56,2022-03-13,1939,N20,VIIRS,n,2,294.18,0.87,N,0
18.45858,80.58212,314.8,0.34,0.56,2022-03-13,1939,N20,VIIRS,n,2,293.39,1.52,N,0
18.49781,80.76951,308.45,0.33,0.55,2022-03-13,1939,N20,VIIRS,n,2,294.7,1.27,N,0
18.50306,80.67408,315.0,0.33,0.55,2022-03-13,1939,N20,VIIRS,n,2,291.54,1.19,N,0
18.5034,80.671,302.67,0.33,0.55,2022-03-13,1939,N20,VIIRS,n,2,292.27,1.31,N,0
18.51237,80.68362,304.54,0.33,0.55,2022-03-13,1939,N20,VIIRS,n,2,293.69,0.46,N,0
18.51748,80.68414,312.31,0.33,0.55,2022-03-13,1939,N20,VIIRS,n,2,293.88,0.95,N,0
18.5226,80.68462,313.26,0.33,0.55,2022-03-13,1939,N20,VIIRS,n,2,293.76,0.95,N,0
18.52522,80.66082,304.2,0.33,0.55,2022-03-13,1939,N20,VIIRS,n,2,293.62,0.54,N,0
18.52773,80.685,305.2,0.33,0.55,2022-03-13,1939,N20,VIIRS,n,2,293.2,0.74,N,0
18.52805,80.68209,316.44,0.33,0.55,2022-03-13,1939,N20,VIIRS,n,2,293.7,0.74,N,0
18.53069,80.65816,306.64,0.33,0.55,2022-03-13,1939,N20,VIIRS,n,2,293.88,0.93,N,0
18.53317,80.68257,306.77,0.33,0.55,2022-03-13,1939,N20,VIIRS,n,2,293.2,0.74,N,0
18.53349,80.67966,310.99,0.33,0.55,2022-03-13,1939,N20,VIIRS,n,2,293.06,0.8,N,0
18.53383,80.67664,302.35,0.33,0.55,2022-03-13,1939,N20,VIIRS,n,2,292.17,0.8,N,0
18.54124,80.65649,306.04,0.33,0.56,2022-03-13,1939,N20,VIIRS,n,2,293.77,0.76,N,0
18.54362,80.4441,304.51,0.34,0.56,2022-03-13,1939,N20,VIIRS,n,2,294.44,1.2,N,0
18.54399,80.44068,317.06,0.34,0.56,2022-03-13,1939,N20,VIIRS,n,2,294.21,1.2,N,0
18.54437,80.43722,311.87,0.34,0.56,2022-03-13,1939,N20,VIIRS,n,2,293.51,1.7,N,0
18.54602,80.66016,304.69,0.33,0.55,2022-03-13,1939,N20,VIIRS,n,2,292.82,0.95,N,0
18.55625,80.52065,309.2,0.34,0.56,2022-03-13,1939,N20,VIIRS,n,2,294.68,0.83,N,0
18.55661,80.51736,303.83,0.34,0.56,2022-03-13,1939,N20,VIIRS,n,2,292.66,0.83,N,0
18.55706,80.746,307.84,0.33,0.55,2022-03-13,1939,N20,VIIRS,n,2,293.98,1.61,N,0
18.59019,80.40345,307.33,0.35,0.56,2022-03-13,1939,N20,VIIRS,n,2,294.12,0.97,N,0
18.59537,80.40436,308.05,0.35,0.56,2022-03-13,1939,N20,VIIRS,n,2,294.28,0.97,N,0
18.61615,80.4071,304.02,0.35,0.56,2022-03-13,1939,N20,VIIRS,n,2,293.32,1.24,N,0
18.61719,80.40831,312.11,0.35,0.56,2022-03-13,1939,N20,VIIRS,n,2,294.09,1.37,N,0
18.62169,80.31054,308.99,0.35,0.57,2022-03-13,1939,N20,VIIRS,n,2,296.68,2.91,N,0
18.622,80.41273,317.06,0.35,0.56,2022-03-13,1939,N20,VIIRS,n,2,294.56,2.0,N,0
18.62241,80.30811,308.71,0.35,0.57,2022-03-13,1939,N20,VIIRS,n,2,296.64,2.61,N,0
18.62987,80.43782,305.77,0.35,0.56,2022-03-13,1939,N20,VIIRS,n,2,294.66,1.08,N,0
18.64374,80.55257,309.68,0.34,0.56,2022-03-13,1939,N20,VIIRS,n,2,293.5,1.08,N,0
18.64642,80.57588,303.84,0.34,0.56,2022-03-13,1939,N20,VIIRS,n,2,293.22,0.8,N,0
18.67321,80.56952,307.05,0.34,0.56,2022-03-13,1939,N20,VIIRS,n,2,294.49,1.67,N,0
18.67837,79.43246,306.93,0.4,0.6,2022-03-13,1939,N20,VIIRS,n,2,295.34,1.99,N,0
18.70762,80.40912,307.55,0.35,0.57,2022-03-13,1939,N20,VIIRS,n,2,293.71,0.77,N,0
18.71456,80.39317,305.65,0.35,0.57,2022-03-13,1939,N20,VIIRS,n,2,294.96,1.16,N,0
18.71883,80.39577,321.21,0.35,0.57,2022-03-13,1939,N20,VIIRS,n,2,295.3,2.2,N,0
18.71978,80.39381,314.23,0.35,0.57,2022-03-13,1939,N20,VIIRS,n,2,294.23,1.53,N,0
18.72354,79.53635,330.23,0.4,0.6,2022-03-13,1939,N20,VIIRS,n,2,295.11,3.24,N,0
18.73304,80.5172,306.25,0.34,0.56,2022-03-13,1939,N20,VIIRS,n,2,291.57,1.21,N,0
18.73472,80.40237,306.76,0.35,0.57,2022-03-13,1939,N20,VIIRS,n,2,293.57,0.89,N,0
18.7403,80.39961,312.28,0.35,0.57,2022-03-13,1939,N20,VIIRS,n,2,294.08,1.15,N,0
18.74064,80.39634,311.1,0.35,0.57,2022-03-13,1939,N20,VIIRS,n,2,294.59,1.81,N,0
18.76031,80.26041,306.71,0.36,0.57,2022-03-13,1939,N20,VIIRS,n,2,294.22,1.69,N,0
18.76884,78.96615,303.22,0.43,0.62,2022-03-13,1939,N20,VIIRS,n,2,293.17,0.64,N,0
18.76926,79.30744,302.2,0.41,0.61,2022-03-13,1939,N20,VIIRS,n,2,290.71,0.28,N,0
18.7892,80.76273,304.05,0.33,0.55,2022-03-13,1939,N20,VIIRS,n,2,292.99,0.81,N,0
18.79037,80.17847,305.85,0.36,0.57,2022-03-13,1939,N20,VIIRS,n,2,295.42,1.84,N,0
18.79073,80.17512,317.93,0.36,0.57,2022-03-13,1939,N20,VIIRS,n,2,296.33,1.82,N,0
18.79108,80.17176,312.36,0.36,0.57,2022-03-13,1939,N20,VIIRS,n,2,296.38,1.82,N,0
18.79114,80.654,305.7,0.34,0.56,2022-03-13,1939,N20,VIIRS,n,2,293.84,1.46,N,0
18.79145,80.1683,312.75,0.36,0.57,2022-03-13,1939,N20,VIIRS,n,2,296.15,1.51,N,0
18.79182,80.16481,312.3,0.36,0.57,2022-03-13,1939,N20,VIIRS,n,2,296.02,1.51,N,0
18.79275,80.762,309.57,0.33,0.55,2022-03-13,1939,N20,VIIRS,n,2,295.16,1.47,N,0
18.79785,80.15865,315.97,0.36,0.58,2022-03-13,1939,N20,VIIRS,n,2,296.09,1.61,N,0
18.80314,80.15941,312.75,0.36,0.58,2022-03-13,1939,N20,VIIRS,n,2,296.91,1.61,N,0
18.80352,80.15582,305.29,0.36,0.58,2022-03-13,1939,N20,VIIRS,n,2,295.08,1.91,N,0
18.80846,80.15988,307.25,0.36,0.58,2022-03-13,1939,N20,VIIRS,n,2,295.45,1.76,N,0
18.83393,80.31812,323.71,0.35,0.57,2022-03-13,1939,N20,VIIRS,n,2,296.8,1.95,N,0
18.83407,80.31887,313.75,0.35,0.57,2022-03-13,1939,N20,VIIRS,n,2,296.42,1.24,N,0
18.8343,80.31483,304.6,0.35,0.57,2022-03-13,1939,N20,VIIRS,n,2,294.52,1.95,N,0
18.83441,80.3156,313.94,0.35,0.57,2022-03-13,1939,N20,VIIRS,n,2,295.49,1.24,N,0
18.83783,80.58332,306.11,0.34,0.56,2022-03-13,1939,N20,VIIRS,n,2,294.43,1.38,N,0
18.83968,80.31611,305.54,0.35,0.57,2022-03-13,1939,N20,VIIRS,n,2,294.34,1.24,N,0
18.85822,77.13607,301.24,0.57,0.69,2022-03-13,1939,N20,VIIRS,n,2,288.93,0.51,N,0
18.86846,80.29533,302.51,0.36,0.57,2022-03-13,1939,N20,VIIRS,n,2,292.35,0.54,N,0
18.88572,80.13123,316.01,0.36,0.58,2022-03-13,1939,N20,VIIRS,n,2,296.88,2.43,N,0
18.89123,80.07847,307.13,0.37,0.58,2022-03-13,1939,N20,VIIRS,n,2,296.53,1.78,N,0
18.91879,78.62932,302.54,0.46,0.63,2022-03-13,1939,N20,VIIRS,n,2,291.91,0.89,N,0
18.92543,80.06187,307.69,0.37,0.58,2022-03-13,1939,N20,VIIRS,n,2,294.51,1.65,N,0
18.9491,80.12879,309.51,0.37,0.58,2022-03-13,1939,N20,VIIRS,n,2,296.85,1.88,N,0
18.95696,78.72217,309.4,0.45,0.63,2022-03-13,1939,N20,VIIRS,n,2,294.26,1.22,N,0
18.95743,81.0254,304.11,0.32,0.54,2022-03-13,1939,N20,VIIRS,n,2,293.35,0.94,N,0
18.96279,78.72276,305.1,0.45,0.63,2022-03-13,1939,N20,VIIRS,n,2,293.67,1.22,N,0
18.96346,81.01718,303.76,0.32,0.54,2022-03-13,1939,N20,VIIRS,n,2,292.99,0.68,N,0
18.97427,81.01052,307.27,0.32,0.55,2022-03-13,1939,N20,VIIRS,n,2,294.2,0.91,N,0
18.97455,81.00918,306.06,0.32,0.55,2022-03-13,1939,N20,VIIRS,n,2,293.61,1.01,N,0
18.98012,80.14148,314.46,0.36,0.58,2022-03-13,1939,N20,VIIRS,n,2,295.68,2.1,N,0
18.98519,80.14455,310.97,0.36,0.58,2022-03-13,1939,N20,VIIRS,n,2,297.07,2.1,N,0
18.99084,80.142,318.11,0.36,0.58,2022-03-13,1939,N20,VIIRS,n,2,297.38,2.05,N,0
18.99445,80.10733,302.9,0.37,0.58,2022-03-13,1939,N20,VIIRS,n,2,289.9,0.63,N,0
18.99682,80.13635,310.47,0.37,0.58,2022-03-13,1939,N20,VIIRS,n,2,296.52,2.96,N,0
18.99975,80.1083,312.52,0.37,0.58,2022-03-13,1939,N20,VIIRS,n,2,292.64,0.63,N,0
19.00251,80.13348,311.63,0.37,0.58,2022-03-13,1939,N20,VIIRS,n,2,296.79,2.97,N,0
19.01316,80.18546,316.05,0.36,0.58,2022-03-13,1939,N20,VIIRS,n,2,295.99,2.67,N,0
19.01448,79.20544,312.33,0.42,0.61,2022-03-13,1939,N20,VIIRS,n,2,297.35,3.55,N,0
19.01496,79.2007,315.56,0.42,0.61,2022-03-13,1939,N20,VIIRS,n,2,294.74,2.99,N,0
19.09184,78.90052,311.25,0.44,0.62,2022-03-13,1939,N20,VIIRS,n,2,294.69,1.66,N,0
19.0924,78.90282,306.45,0.44,0.62,2022-03-13,1939,N20,VIIRS,n,2,295.68,1.7,N,0
19.11863,79.98827,306.19,0.37,0.58,2022-03-13,1939,N20,VIIRS,n,2,294.28,1.54,N,0
19.12476,79.9817,306.57,0.38,0.58,2022-03-13,1939,N20,VIIRS,n,2,293.81,2.16,N,0
19.12975,79.98614,323.2,0.38,0.58,2022-03-13,1939,N20,VIIRS,n,2,297.49,4.73,N,0
19.13015,79.98231,315.63,0.38,0.58,2022-03-13,1939,N20,VIIRS,n,2,295.47,2.16,N,0
19.14033,80.04105,309.06,0.37,0.58,2022-03-13,1939,N20,VIIRS,n,2,295.1,2.37,N,0
19.14149,80.03,306.66,0.37,0.58,2022-03-13,1939,N20,VIIRS,n,2,294.95,2.18,N,0
19.14319,80.01384,307.89,0.37,0.58,2022-03-13,1939,N20,VIIRS,n,2,295.89,3.53,N,0
19.14321,78.80106,302.25,0.45,0.63,2022-03-13,1939,N20,VIIRS,n,2,292.01,1.34,N,0
19.14361,80.00987,319.59,0.37,0.58,2022-03-13,1939,N20,VIIRS,n,2,296.21,3.53,N,0
19.14859,80.01423,347.52,0.37,0.58,2022-03-13,1939,N20,VIIRS,n,2,299.43,3.53,N,0
19.14901,80.01029,343.27,0.37,0.58,2022-03-13,1939,N20,VIIRS,n,2,295.51,3.53,N,0
19.14984,78.79337,302.8,0.45,0.63,2022-03-13,1939,N20,VIIRS,n,2,291.48,0.49,N,0
19.15023,78.78933,305.0,0.45,0.63,2022-03-13,1939,N20,VIIRS,n,2,292.71,0.49,N,0
19.15356,80.01868,318.49,0.37,0.58,2022-03-13,1939,N20,VIIRS,n,2,296.22,4.39,N,0
19.15399,80.01463,326.28,0.37,0.58,2022-03-13,1939,N20,VIIRS,n,2,294.06,3.15,N,0
19.15814,80.02677,322.89,0.37,0.58,2022-03-13,1939,N20,VIIRS,n,2,295.87,3.41,N,0
19.18254,80.02885,306.69,0.37,0.58,2022-03-13,1939,N20,VIIRS,n,2,293.8,1.46,N,0
19.18392,80.12212,311.69,0.37,0.58,2022-03-13,1939,N20,VIIRS,n,2,297.1,2.39,N,0
19.19002,79.39787,309.28,0.41,0.61,2022-03-13,1939,N20,VIIRS,n,2,296.68,2.33,N,0
19.19072,79.39091,307.64,0.41,0.61,2022-03-13,1939,N20,VIIRS,n,2,295.49,1.66,N,0
19.19119,78.61316,314.78,0.46,0.64,2022-03-13,1939,N20,VIIRS,n,2,295.75,2.81,N,0
19.19353,78.76801,306.48,0.45,0.63,2022-03-13,1939,N20,VIIRS,n,2,292.96,0.75,N,0
19.19358,78.76684,303.08,0.45,0.63,2022-03-13,1939,N20,VIIRS,n,2,293.06,0.84,N,0
19.20468,78.77413,304.78,0.45,0.63,2022-03-13,1939,N20,VIIRS,n,2,293.99,1.03,N,0
19.21058,78.7738,305.1,0.45,0.63,2022-03-13,1939,N20,VIIRS,n,2,293.76,1.53,N,0
19.2114,78.76598,308.44,0.45,0.63,2022-03-13,1939,N20,VIIRS,n,2,292.79,0.96,N,0
19.21143,78.76482,311.02,0.45,0.63,2022-03-13,1939,N20,VIIRS,n,2,293.17,1.94,N,0
19.21185,78.76148,304.88,0.45,0.63,2022-03-13,1939,N20,VIIRS,n,2,291.72,0.96,N,0
19.21287,80.05119,320.12,0.37,0.58,2022-03-13,1939,N20,VIIRS,n,2,296.39,1.55,N,0
19.21823,80.05189,307.51,0.37,0.58,2022-03-13,1939,N20,VIIRS,n,2,296.3,1.55,N,0
19.21982,78.54849,308.29,0.47,0.64,2022-03-13,1939,N20,VIIRS,n,2,293.49,1.25,N,0
19.22129,78.54989,310.27,0.47,0.64,2022-03-13,1939,N20,VIIRS,n,2,293.9,0.78,N,0
19.22362,80.05234,305.25,0.37,0.58,2022-03-13,1939,N20,VIIRS,n,2,293.52,0.94,N,0
19.22863,80.05634,307.3,0.37,0.58,2022-03-13,1939,N20,VIIRS,n,2,295.94,1.83,N,0
19.22902,80.05266,305.19,0.37,0.58,2022-03-13,1939,N20,VIIRS,n,2,294.79,0.94,N,0
19.25021,78.72918,319.52,0.46,0.63,2022-03-13,1939,N20,VIIRS,n,2,293.49,2.69,N,0
19.25328,78.81878,303.86,0.45,0.63,2022-03-13,1939,N20,VIIRS,n,2,293.19,0.88,N,0
19.25696,78.53451,314.55,0.47,0.64,2022-03-13,1939,N20,VIIRS,n,2,294.85,1.52,N,0
19.26249,78.53918,305.75,0.47,0.64,2022-03-13,1939,N20,VIIRS,n,2,294.42,1.52,N,0
19.26289,78.535,316.8,0.47,0.64,2022-03-13,1939,N20,VIIRS,n,2,293.37,1.52,N,0
19.26885,78.53515,302.79,0.47,0.64,2022-03-13,1939,N20,VIIRS,n,2,292.73,0.97,N,0
19.27681,78.57655,304.88,0.47,0.64,2022-03-13,1939,N20,VIIRS,n,2,292.45,1.05,N,0
19.27699,78.69696,305.96,0.46,0.63,2022-03-13,1939,N20,VIIRS,n,2,293.85,1.22,N,0
19.28367,78.68921,309.87,0.46,0.63,2022-03-13,1939,N20,VIIRS,n,2,294.86,3.04,N,0
19.2841,78.68491,307.36,0.46,0.63,2022-03-13,1939,N20,VIIRS,n,2,294.1,2.49,N,0
19.29039,78.68108,306.17,0.46,0.63,2022-03-13,1939,N20,VIIRS,n,2,293.4,1.7,N,0
19.31272,78.68486,302.01,0.46,0.64,2022-03-13,1939,N20,VIIRS,n,2,291.4,1.37,N,0
19.31388,78.68319,306.04,0.46,0.63,2022-03-13,1939,N20,VIIRS,n,2,291.68,1.14,N,0
19.31895,78.74476,308.85,0.46,0.63,2022-03-13,1939,N20,VIIRS,n,2,293.75,1.69,N,0
19.31896,78.68142,314.54,0.46,0.64,2022-03-13,1939,N20,VIIRS,n,2,293.54,1.37,N,0
19.31938,78.74019,315.04,0.46,0.63,2022-03-13,1939,N20,VIIRS,n,2,292.44,1.85,N,0
19.31971,78.6842,310.08,0.46,0.63,2022-03-13,1939,N20,VIIRS,n,2,293.2,1.14,N,0
19.31972,78.74284,321.42,0.46,0.63,2022-03-13,1939,N20,VIIRS,n,2,293.43,2.39,N,0
19.32016,78.67976,308.34,0.46,0.64,2022-03-13,1939,N20,VIIRS,n,2,292.87,1.5,N,0
19.32522,78.67785,306.46,0.46,0.64,2022-03-13,1939,N20,VIIRS,n,2,292.88,1.05,N,0
19.32565,78.6733,305.69,0.46,0.64,2022-03-13,1939,N20,VIIRS,n,2,293.33,1.05,N,0
19.32645,78.67614,307.63,0.46,0.64,2022-03-13,1939,N20,VIIRS,n,2,293.49,1.67,N,0
19.3269,78.67161,303.05,0.46,0.64,2022-03-13,1939,N20,VIIRS,n,2,292.73,1.46,N,0
19.34396,78.6048,305.37,0.47,0.64,2022-03-13,1939,N20,VIIRS,n,2,292.25,1.64,N,0
19.37371,78.66692,308.11,0.46,0.64,2022-03-13,1939,N20,VIIRS,n,2,293.64,1.39,N,0
15.61952,79.01746,321.36,0.39,0.6,2022-03-13,1940,N20,VIIRS,n,2,293.87,2.72,N,0
15.61983,79.01469,316.39,0.39,0.6,2022-03-13,1940,N20,VIIRS,n,2,293.83,2.84,N,0
15.63196,79.00587,304.95,0.39,0.6,2022-03-13,1940,N20,VIIRS,n,2,292.86,1.29,N,0
15.69217,78.81244,300.21,0.41,0.6,2022-03-13,1940,N20,VIIRS,n,2,288.61,0.29,N,0
15.69329,78.81179,302.69,0.41,0.6,2022-03-13,1940,N20,VIIRS,n,2,288.95,0.55,N,0
15.70137,78.7792,307.78,0.41,0.61,2022-03-13,1940,N20,VIIRS,n,2,290.33,1.35,N,0
15.70274,78.7787,304.08,0.41,0.61,2022-03-13,1940,N20,VIIRS,n,2,289.96,0.99,N,0
15.70992,78.64587,300.89,0.42,0.61,2022-03-13,1940,N20,VIIRS,n,2,287.48,0.77,N,0
15.71226,78.64566,305.08,0.42,0.61,2022-03-13,1940,N20,VIIRS,n,2,287.73,0.76,N,0
15.71706,79.04544,314.83,0.39,0.6,2022-03-13,1940,N20,VIIRS,n,2,293.24,2.41,N,0
15.71812,78.78117,301.48,0.41,0.61,2022-03-13,1940,N20,VIIRS,n,2,290.15,0.6,N,0
15.72211,79.05006,324.98,0.39,0.6,2022-03-13,1940,N20,VIIRS,n,2,293.83,3.99,N,0
15.72249,79.04662,318.94,0.39,0.6,2022-03-13,1940,N20,VIIRS,n,2,292.83,2.41,N,0
15.72408,78.77837,311.6,0.41,0.61,2022-03-13,1940,N20,VIIRS,n,2,291.06,1.14,N,0
15.72801,79.04707,305.83,0.39,0.6,2022-03-13,1940,N20,VIIRS,n,2,292.69,0.9,N,0
15.73231,78.95891,303.39,0.4,0.6,2022-03-13,1940,N20,VIIRS,n,2,292.65,1.21,N,0
15.73743,78.96306,303.38,0.4,0.6,2022-03-13,1940,N20,VIIRS,n,2,292.94,0.7,N,0
19.09348,78.90089,302.87,0.78,0.78,2022-03-13,2119,N20,VIIRS,n,2,291.92,1.9,N,0
19.19027,78.61968,306.41,0.74,0.76,2022-03-13,2119,N20,VIIRS,n,2,294.0,2.98,N,0
19.19041,78.61755,307.51,0.74,0.76,2022-03-13,2119,N20,VIIRS,n,2,294.01,3.83,N,0
19.22096,78.55191,304.51,0.73,0.76,2022-03-13,2119,N20,VIIRS,n,2,292.41,0.84,N,0
19.2494,78.72961,303.56,0.75,0.77,2022-03-13,2119,N20,VIIRS,n,2,290.97,1.66,N,0
19.29051,78.68127,317.22,0.74,0.76,2022-03-13,2119,N20,VIIRS,n,2,293.1,5.95,N,0
19.29139,78.68171,317.78,0.75,0.77,2022-03-13,2119,N20,VIIRS,n,2,293.03,5.92,N,0
19.29223,78.67426,304.72,0.74,0.76,2022-03-13,2119,N20,VIIRS,n,2,292.22,4.07,N,0
19.31847,78.74618,311.49,0.75,0.77,2022-03-13,2119,N20,VIIRS,n,2,293.11,4.77,N,0
19.31946,78.6821,304.79,0.74,0.76,2022-03-13,2119,N20,VIIRS,n,2,291.4,1.84,N,0
19.32007,78.73962,317.96,0.75,0.77,2022-03-13,2119,N20,VIIRS,n,2,291.63,4.88,N,0
18.5641,81.4251,335.46,0.78,0.78,2022-03-14,649,N20,VIIRS,n,2,300.78,5.67,D,0
18.56274,81.42995,336.11,0.78,0.78,2022-03-14,650,N20,VIIRS,n,2,300.32,8.75,D,0
19.11499,81.28909,332.19,0.78,0.78,2022-03-14,650,N20,VIIRS,l,2,306.05,5.65,D,0
15.50844,78.73069,339.35,0.54,0.51,2022-03-14,829,N20,VIIRS,n,2,304.95,7.38,D,0
15.54149,78.15049,341.55,0.49,0.49,2022-03-14,829,N20,VIIRS,n,2,312.57,6.9,D,0
15.54207,78.1553,343.39,0.49,0.49,2022-03-14,829,N20,VIIRS,n,2,311.01,6.9,D,0
15.54454,78.4871,341.84,0.52,0.5,2022-03-14,829,N20,VIIRS,n,2,312.9,7.83,D,0
15.54656,78.15485,341.15,0.49,0.49,2022-03-14,829,N20,VIIRS,n,2,309.62,6.9,D,0
15.57322,78.03944,341.5,0.49,0.48,2022-03-14,829,N20,VIIRS,n,2,311.24,8.76,D,0
15.57379,78.04407,344.25,0.49,0.48,2022-03-14,829,N20,VIIRS,n,2,312.43,4.49,D,0
15.60614,78.94795,336.63,0.56,0.51,2022-03-14,829,N20,VIIRS,l,2,309.46,6.76,D,0
15.60639,77.34444,343.28,0.44,0.46,2022-03-14,829,N20,VIIRS,l,2,313.5,6.0,D,0
15.60676,78.95298,340.16,0.56,0.51,2022-03-14,829,N20,VIIRS,n,2,308.98,6.76,D,0
15.60706,78.94475,341.31,0.56,0.51,2022-03-14,829,N20,VIIRS,n,2,310.12,7.16,D,0
15.60764,78.9498,337.81,0.56,0.51,2022-03-14,829,N20,VIIRS,l,2,309.64,8.08,D,0
15.62988,77.95619,346.72,0.48,0.48,2022-03-14,829,N20,VIIRS,l,2,316.88,8.67,D,0
15.63714,78.71407,333.81,0.54,0.51,2022-03-14,829,N20,VIIRS,n,2,302.27,2.94,D,0
15.64582,79.87091,355.6,0.32,0.55,2022-03-14,829,N20,VIIRS,n,2,308.66,4.09,D,0
15.65173,79.83317,367.0,0.32,0.55,2022-03-14,829,N20,VIIRS,h,2,311.24,6.88,D,0
15.65269,79.84157,345.15,0.32,0.55,2022-03-14,829,N20,VIIRS,n,2,304.95,5.49,D,0
15.65678,79.83276,340.77,0.32,0.55,2022-03-14,829,N20,VIIRS,n,2,310.3,6.88,D,0
15.66283,79.84103,337.92,0.32,0.55,2022-03-14,829,N20,VIIRS,l,2,308.26,4.27,D,0
15.6813,78.80455,351.25,0.55,0.51,2022-03-14,829,N20,VIIRS,n,2,312.26,48.42,D,0
15.68193,78.80967,345.52,0.55,0.51,2022-03-14,829,N20,VIIRS,n,2,305.7,22.24,D,0
15.68531,78.79842,333.5,0.55,0.51,2022-03-14,829,N20,VIIRS,n,2,302.34,4.9,D,0
15.68758,77.07315,345.01,0.42,0.45,2022-03-14,829,N20,VIIRS,n,2,314.25,6.34,D,0
15.70832,78.64916,348.51,0.54,0.51,2022-03-14,829,N20,VIIRS,n,2,311.42,8.74,D,0
15.70905,78.9535,335.67,0.56,0.52,2022-03-14,829,N20,VIIRS,l,2,309.5,2.85,D,0
15.70978,79.03901,342.9,0.57,0.52,2022-03-14,829,N20,VIIRS,n,2,309.6,6.36,D,0
15.71375,78.95256,343.86,0.56,0.52,2022-03-14,829,N20,VIIRS,n,2,308.49,6.7,D,0
15.72129,79.00701,341.71,0.57,0.52,2022-03-14,829,N20,VIIRS,n,2,308.51,3.49,D,0
15.72556,79.0097,348.52,0.57,0.52,2022-03-14,829,N20,VIIRS,n,2,310.6,9.96,D,0
15.73088,78.84097,336.78,0.55,0.51,2022-03-14,829,N20,VIIRS,n,2,306.64,7.47,D,0
15.73315,78.81968,332.38,0.55,0.51,2022-03-14,829,N20,VIIRS,l,2,304.48,3.81,D,0
15.73499,78.87611,356.04,0.56,0.51,2022-03-14,829,N20,VIIRS,n,2,307.82,15.27,D,0
15.73555,77.00345,339.59,0.42,0.45,2022-03-14,829,N20,VIIRS,l,2,313.9,6.22,D,0
15.73787,78.81926,331.76,0.55,0.51,2022-03-14,829,N20,VIIRS,l,2,304.12,3.23,D,0
15.74965,78.87859,332.47,0.56,0.51,2022-03-14,829,N20,VIIRS,l,2,305.52,6.2,D,0
15.75247,79.07108,340.93,0.57,0.52,2022-03-14,829,N20,VIIRS,n,2,307.66,3.05,D,0
15.76978,79.00858,335.96,0.57,0.52,2022-03-14,829,N20,VIIRS,n,2,309.94,20.14,D,0
15.77037,79.01364,341.04,0.57,0.52,2022-03-14,829,N20,VIIRS,n,2,306.19,14.74,D,0
15.79891,78.67023,342.49,0.54,0.51,2022-03-14,829,N20,VIIRS,n,2,310.14,6.85,D,0
15.80031,78.66802,342.68,0.54,0.51,2022-03-14,829,N20,VIIRS,n,2,310.75,6.15,D,0
15.82264,79.08611,343.12,0.57,0.52,2022-03-14,829,N20,VIIRS,n,2,307.77,7.68,D,0
15.82352,78.84124,331.29,0.55,0.51,2022-03-14,829,N20,VIIRS,l,2,304.53,2.42,D,0
15.82689,78.84423,337.65,0.55,0.51,2022-03-14,829,N20,VIIRS,n,2,305.59,4.52,D,0
15.82891,78.84652,331.69,0.55,0.51,2022-03-14,829,N20,VIIRS,l,2,305.43,4.05,D,0
15.83083,78.87605,332.0,0.56,0.51,2022-03-14,829,N20,VIIRS,n,2,306.29,1.29,D,0
15.83227,78.84899,335.8,0.55,0.51,2022-03-14,829,N20,VIIRS,n,2,304.82,4.22,D,0
15.83233,79.63344,353.13,0.63,0.54,2022-03-14,829,N20,VIIRS,n,2,312.19,24.59,D,0
15.83261,78.87836,332.06,0.56,0.51,2022-03-14,829,N20,VIIRS,l,2,305.96,2.83,D,0
15.84707,78.83819,337.6,0.55,0.51,2022-03-14,829,N20,VIIRS,n,2,305.83,3.65,D,0
15.85166,78.83655,335.59,0.55,0.51,2022-03-14,829,N20,VIIRS,n,2,305.72,3.65,D,0
15.8632,77.16413,346.28,0.43,0.46,2022-03-14,829,N20,VIIRS,n,2,313.28,4.28,D,0
15.86671,78.72281,335.3,0.54,0.51,2022-03-14,829,N20,VIIRS,l,2,310.18,4.94,D,0
15.87226,79.01192,333.69,0.57,0.52,2022-03-14,829,N20,VIIRS,l,2,308.54,2.48,D,0
15.89694,78.8154,339.29,0.55,0.51,2022-03-14,829,N20,VIIRS,n,2,307.09,6.82,D,0
15.9258,78.84074,343.07,0.56,0.51,2022-03-14,829,N20,VIIRS,n,2,307.16,5.71,D,0
15.92623,79.0177,337.81,0.57,0.52,2022-03-14,829,N20,VIIRS,l,2,308.77,5.91,D,0
15.92688,79.02304,342.12,0.57,0.52,2022-03-14,829,N20,VIIRS,n,2,309.7,6.66,D,0
15.92835,78.83752,341.59,0.55,0.51,2022-03-14,829,N20,VIIRS,n,2,307.63,6.32,D,0
15.92896,78.84247,337.26,0.56,0.51,2022-03-14,829,N20,VIIRS,n,2,305.74,6.32,D,0
15.93027,78.55511,338.07,0.53,0.5,2022-03-14,829,N20,VIIRS,l,2,312.29,5.66,D,0
15.93053,78.84023,335.32,0.56,0.51,2022-03-14,829,N20,VIIRS,l,2,306.81,5.71,D,0
15.95184,78.85866,338.87,0.56,0.51,2022-03-14,829,N20,VIIRS,n,2,309.53,11.42,D,0
15.95243,78.8637,342.32,0.56,0.51,2022-03-14,829,N20,VIIRS,n,2,308.11,11.42,D,0
15.95717,78.86324,333.74,0.56,0.51,2022-03-14,829,N20,VIIRS,l,2,308.69,2.95,D,0
15.98885,78.92811,333.43,0.56,0.52,2022-03-14,829,N20,VIIRS,l,2,308.0,3.82,D,0
15.98971,78.77465,341.09,0.55,0.51,2022-03-14,829,N20,VIIRS,n,2,308.2,2.18,D,0
15.99912,78.7342,336.32,0.55,0.51,2022-03-14,829,N20,VIIRS,l,2,309.95,5.57,D,0
15.99981,78.73988,349.57,0.55,0.51,2022-03-14,829,N20,VIIRS,n,2,311.42,15.42,D,0
16.00705,78.76019,343.01,0.55,0.51,2022-03-14,829,N20,VIIRS,n,2,311.34,11.69,D,0
16.03464,78.53266,342.71,0.53,0.5,2022-03-14,829,N20,VIIRS,n,2,310.13,12.54,D,0
16.03864,78.52683,345.02,0.53,0.5,2022-03-14,829,N20,VIIRS,n,2,308.85,10.92,D,0
16.05047,78.95869,344.23,0.57,0.52,2022-03-14,829,N20,VIIRS,n,2,311.51,6.55,D,0
16.05073,78.95595,342.12,0.57,0.52,2022-03-14,829,N20,VIIRS,n,2,310.42,11.08,D,0
16.07874,77.27237,351.32,0.44,0.46,2022-03-14,829,N20,VIIRS,n,2,318.38,10.41,D,0
16.07951,78.67092,337.64,0.54,0.51,2022-03-14,829,N20,VIIRS,l,2,312.06,4.74,D,0
16.08848,78.74571,345.05,0.55,0.51,2022-03-14,829,N20,VIIRS,n,2,313.77,7.52,D,0
16.09555,77.19923,345.65,0.44,0.46,2022-03-14,829,N20,VIIRS,n,2,319.05,7.12,D,0
16.10993,78.50081,337.57,0.53,0.5,2022-03-14,829,N20,VIIRS,n,2,311.59,3.32,D,0
16.11088,78.50303,336.37,0.53,0.5,2022-03-14,829,N20,VIIRS,l,2,310.93,2.99,D,0
16.12469,78.72979,351.3,0.55,0.51,2022-03-14,829,N20,VIIRS,n,2,309.68,11.21,D,0
16.12676,78.72745,343.9,0.55,0.51,2022-03-14,829,N20,VIIRS,n,2,310.77,15.14,D,0
16.12914,78.74809,343.92,0.55,0.51,2022-03-14,829,N20,VIIRS,n,2,312.02,10.19,D,0
16.13196,78.75014,342.77,0.55,0.51,2022-03-14,829,N20,VIIRS,n,2,310.92,8.47,D,0
16.13351,78.72394,335.0,0.55,0.51,2022-03-14,829,N20,VIIRS,l,2,308.07,4.89,D,0
16.13954,78.73412,344.95,0.55,0.51,2022-03-14,829,N20,VIIRS,n,2,309.95,5.95,D,0
16.14025,78.72047,336.34,0.55,0.51,2022-03-14,829,N20,VIIRS,l,2,309.16,5.62,D,0
16.14087,78.72578,348.85,0.55,0.51,2022-03-14,829,N20,VIIRS,n,2,310.7,18.05,D,0
16.14149,78.73113,367.0,0.55,0.51,2022-03-14,829,N20,VIIRS,h,2,313.88,18.05,D,0
16.14549,78.72456,336.42,0.55,0.51,2022-03-14,829,N20,VIIRS,n,2,306.54,13.12,D,0
16.14611,78.72995,347.35,0.55,0.51,2022-03-14,829,N20,VIIRS,n,2,309.67,13.12,D,0
16.17186,78.99693,336.77,0.57,0.52,2022-03-14,829,N20,VIIRS,l,2,310.4,4.82,D,0
16.17193,78.9949,349.33,0.57,0.52,2022-03-14,829,N20,VIIRS,n,2,313.09,79.75,D,0
16.17671,78.99424,348.47,0.57,0.52,2022-03-14,829,N20,VIIRS,n,2,314.26,15.41,D,0
16.18309,78.72009,354.88,0.55,0.51,2022-03-14,829,N20,VIIRS,n,2,310.13,17.13,D,0
16.18773,78.71911,353.52,0.55,0.51,2022-03-14,829,N20,VIIRS,n,2,312.18,17.13,D,0
16.19471,78.69782,339.09,0.55,0.51,2022-03-14,829,N20,VIIRS,n,2,308.95,5.98,D,0
16.19592,78.78772,345.15,0.56,0.51,2022-03-14,829,N20,VIIRS,n,2,309.54,6.95,D,0
16.20057,78.78664,367.0,0.56,0.51,2022-03-14,829,N20,VIIRS,l,2,325.1,93.68,D,0
16.20125,78.79229,345.74,0.56,0.51,2022-03-14,829,N20,VIIRS,n,2,313.36,25.45,D,0
16.20337,78.69071,339.53,0.55,0.51,2022-03-14,829,N20,VIIRS,l,2,310.5,7.43,D,0
16.20398,78.69572,334.98,0.55,0.51,2022-03-14,829,N20,VIIRS,l,2,309.64,7.21,D,0
16.207,78.64233,334.75,0.54,0.51,2022-03-14,829,N20,VIIRS,l,2,308.66,3.82,D,0
16.20802,78.68984,337.19,0.55,0.51,2022-03-14,829,N20,VIIRS,l,2,308.05,4.97,D,0
16.2112,78.79533,343.04,0.56,0.51,2022-03-14,829,N20,VIIRS,n,2,312.44,11.71,D,0
16.22076,78.67726,337.34,0.55,0.51,2022-03-14,829,N20,VIIRS,l,2,309.98,7.63,D,0
16.23317,79.54422,344.51,0.62,0.54,2022-03-14,829,N20,VIIRS,n,2,313.21,10.03,D,0
16.23407,79.54253,355.16,0.62,0.54,2022-03-14,829,N20,VIIRS,n,2,314.35,17.67,D,0
16.23738,79.53733,337.62,0.62,0.54,2022-03-14,829,N20,VIIRS,l,2,311.93,10.03,D,0
16.23741,80.1106,338.94,0.34,0.56,2022-03-14,829,N20,VIIRS,n,2,307.44,3.76,D,0
16.23777,80.11379,334.22,0.34,0.56,2022-03-14,829,N20,VIIRS,n,2,306.23,2.94,D,0
16.23814,79.54358,347.38,0.62,0.54,2022-03-14,829,N20,VIIRS,n,2,313.48,10.03,D,0
16.23902,79.54176,338.92,0.62,0.54,2022-03-14,829,N20,VIIRS,l,2,312.42,5.79,D,0
16.25039,78.62551,341.84,0.54,0.51,2022-03-14,829,N20,VIIRS,n,2,310.94,3.05,D,0
16.25982,79.28761,341.06,0.6,0.53,2022-03-14,829,N20,VIIRS,n,2,310.95,10.46,D,0
16.26051,79.29349,344.55,0.6,0.53,2022-03-14,829,N20,VIIRS,n,2,310.99,10.18,D,0
16.26541,79.29296,348.22,0.6,0.53,2022-03-14,829,N20,VIIRS,n,2,312.1,10.18,D,0
16.29885,80.07984,331.99,0.34,0.56,2022-03-14,829,N20,VIIRS,n,2,304.73,2.27,D,0
16.33468,79.18285,343.56,0.59,0.53,2022-03-14,829,N20,VIIRS,l,2,314.06,16.06,D,0
16.36557,78.86864,344.23,0.57,0.52,2022-03-14,829,N20,VIIRS,n,2,315.16,12.13,D,0
16.36692,78.87176,343.46,0.57,0.52,2022-03-14,829,N20,VIIRS,n,2,313.7,7.43,D,0
16.38811,79.60372,337.92,0.63,0.54,2022-03-14,829,N20,VIIRS,l,2,308.23,5.92,D,0
16.40047,77.49753,339.99,0.46,0.47,2022-03-14,829,N20,VIIRS,l,2,311.18,4.88,D,0
16.40233,77.49854,343.43,0.46,0.47,2022-03-14,829,N20,VIIRS,n,2,310.87,3.72,D,0
16.40704,77.54937,338.71,0.46,0.47,2022-03-14,829,N20,VIIRS,l,2,313.3,8.07,D,0
16.42431,78.9908,336.22,0.58,0.52,2022-03-14,829,N20,VIIRS,l,2,310.87,4.99,D,0
16.4316,80.55589,336.18,0.37,0.58,2022-03-14,829,N20,VIIRS,l,2,309.35,3.96,D,0
16.46739,77.04086,343.14,0.43,0.46,2022-03-14,829,N20,VIIRS,l,2,317.2,12.48,D,0
16.51835,80.24223,339.97,0.35,0.57,2022-03-14,829,N20,VIIRS,n,2,313.98,4.22,D,0
16.56415,77.76964,349.13,0.48,0.48,2022-03-14,829,N20,VIIRS,n,2,314.07,5.66,D,0
16.63253,80.94625,347.54,0.39,0.59,2022-03-14,829,N20,VIIRS,n,2,305.42,5.95,D,0
16.6374,77.30366,344.62,0.45,0.47,2022-03-14,829,N20,VIIRS,l,2,319.05,10.11,D,0
16.64782,77.24686,345.03,0.45,0.47,2022-03-14,829,N20,VIIRS,n,2,319.29,7.45,D,0
16.64881,80.36039,345.85,0.36,0.57,2022-03-14,829,N20,VIIRS,n,2,308.43,5.09,D,0
16.6521,77.24629,344.34,0.45,0.47,2022-03-14,829,N20,VIIRS,n,2,315.55,7.45,D,0
16.66608,80.1302,367.0,0.35,0.56,2022-03-14,829,N20,VIIRS,h,2,310.2,5.1,D,0
16.66645,80.13348,339.17,0.35,0.56,2022-03-14,829,N20,VIIRS,n,2,307.54,5.1,D,0
16.68532,78.16895,340.27,0.51,0.5,2022-03-14,829,N20,VIIRS,l,2,314.51,3.33,D,0
16.69971,80.38544,343.33,0.36,0.57,2022-03-14,829,N20,VIIRS,n,2,312.5,2.85,D,0
16.7329,79.05487,340.86,0.59,0.53,2022-03-14,829,N20,VIIRS,l,2,313.04,6.63,D,0
16.7667,77.59386,343.28,0.47,0.48,2022-03-14,829,N20,VIIRS,n,2,315.3,1.5,D,0
16.83585,80.26711,339.7,0.35,0.57,2022-03-14,829,N20,VIIRS,n,2,305.6,2.57,D,0
16.83592,80.2689,337.16,0.36,0.57,2022-03-14,829,N20,VIIRS,n,2,304.98,3.34,D,0
16.8724,80.26138,334.95,0.36,0.57,2022-03-14,829,N20,VIIRS,n,2,309.39,1.45,D,0
16.88795,78.1857,343.31,0.52,0.5,2022-03-14,829,N20,VIIRS,n,2,318.13,5.75,D,0
16.90999,78.40843,344.07,0.54,0.51,2022-03-14,829,N20,VIIRS,n,2,314.4,4.7,D,0
16.91116,78.871,349.62,0.58,0.52,2022-03-14,829,N20,VIIRS,n,2,313.42,6.21,D,0
17.02536,80.49091,341.16,0.37,0.58,2022-03-14,829,N20,VIIRS,n,2,308.47,4.73,D,0
17.02574,80.49442,333.84,0.37,0.58,2022-03-14,829,N20,VIIRS,n,2,306.7,5.22,D,0
17.09618,80.89074,341.95,0.39,0.6,2022-03-14,829,N20,VIIRS,n,2,305.12,6.76,D,0
16.84421,77.06244,341.93,0.44,0.46,2022-03-14,830,N20,VIIRS,l,2,315.99,4.07,D,0
17.04193,77.98908,346.03,0.51,0.49,2022-03-14,830,N20,VIIRS,n,2,319.23,8.49,D,0
17.06061,77.99174,345.36,0.51,0.49,2022-03-14,830,N20,VIIRS,l,2,319.41,12.81,D,0
17.07938,78.59565,343.19,0.55,0.51,2022-03-14,830,N20,VIIRS,n,2,315.43,4.48,D,0
17.08274,78.59812,343.84,0.55,0.51,2022-03-14,830,N20,VIIRS,n,2,316.04,4.44,D,0
17.21798,77.09923,342.94,0.45,0.47,2022-03-14,830,N20,VIIRS,l,2,317.91,9.75,D,0
17.2285,78.97177,343.17,0.59,0.53,2022-03-14,830,N20,VIIRS,n,2,315.82,7.07,D,0
17.24027,78.73051,344.08,0.57,0.52,2022-03-14,830,N20,VIIRS,n,2,316.28,8.66,D,0
17.24887,79.29369,336.28,0.62,0.54,2022-03-14,830,N20,VIIRS,n,2,308.3,4.2,D,0
17.29049,80.49483,331.92,0.37,0.58,2022-03-14,830,N20,VIIRS,l,2,306.29,1.54,D,0
17.30411,80.52124,336.44,0.37,0.58,2022-03-14,830,N20,VIIRS,n,2,306.98,4.02,D,0
17.33989,79.14964,342.45,0.61,0.53,2022-03-14,830,N20,VIIRS,n,2,308.13,6.62,D,0
17.34245,79.14748,335.7,0.61,0.53,2022-03-14,830,N20,VIIRS,l,2,309.87,5.26,D,0
17.34283,80.22881,337.48,0.36,0.57,2022-03-14,830,N20,VIIRS,l,2,309.1,3.11,D,0
17.35349,79.18308,335.34,0.61,0.54,2022-03-14,830,N20,VIIRS,l,2,309.69,6.3,D,0
17.36817,80.27039,339.4,0.36,0.57,2022-03-14,830,N20,VIIRS,n,2,307.89,3.31,D,0
17.36891,80.27074,341.76,0.36,0.57,2022-03-14,830,N20,VIIRS,n,2,307.81,3.55,D,0
17.40996,79.15269,339.12,0.61,0.53,2022-03-14,830,N20,VIIRS,l,2,311.73,3.35,D,0
17.41133,80.70408,333.89,0.39,0.59,2022-03-14,830,N20,VIIRS,n,2,307.47,1.64,D,0
17.41581,78.94491,346.37,0.59,0.53,2022-03-14,830,N20,VIIRS,n,2,316.28,10.37,D,0
17.42466,77.52448,343.79,0.48,0.48,2022-03-14,830,N20,VIIRS,l,2,317.29,12.97,D,0
17.42852,77.5194,350.98,0.48,0.48,2022-03-14,830,N20,VIIRS,n,2,319.41,16.86,D,0
17.43087,80.61174,337.11,0.38,0.59,2022-03-14,830,N20,VIIRS,n,2,308.76,1.76,D,0
17.48441,78.6569,344.23,0.57,0.52,2022-03-14,830,N20,VIIRS,n,2,312.39,6.76,D,0
17.50996,77.16031,345.18,0.45,0.47,2022-03-14,830,N20,VIIRS,n,2,319.49,10.46,D,0
17.51245,77.07463,346.12,0.45,0.47,2022-03-14,830,N20,VIIRS,l,2,320.08,13.76,D,0
17.54283,77.17818,346.22,0.45,0.47,2022-03-14,830,N20,VIIRS,l,2,318.68,13.96,D,0
17.54503,77.17854,343.55,0.45,0.47,2022-03-14,830,N20,VIIRS,l,2,317.39,11.6,D,0
17.54536,80.69199,336.08,0.39,0.59,2022-03-14,830,N20,VIIRS,n,2,309.45,3.19,D,0
17.5509,80.18396,340.56,0.36,0.57,2022-03-14,830,N20,VIIRS,n,2,308.65,4.43,D,0
17.55126,80.18729,354.75,0.36,0.57,2022-03-14,830,N20,VIIRS,n,2,306.14,4.43,D,0
17.56147,80.18297,334.18,0.36,0.57,2022-03-14,830,N20,VIIRS,l,2,308.34,4.36,D,0
17.56229,77.17628,342.24,0.45,0.47,2022-03-14,830,N20,VIIRS,l,2,316.4,10.51,D,0
17.58611,78.37019,342.65,0.54,0.51,2022-03-14,830,N20,VIIRS,n,2,313.66,7.22,D,0
17.58923,78.37273,343.5,0.54,0.51,2022-03-14,830,N20,VIIRS,l,2,313.78,5.87,D,0
17.60428,80.47321,367.0,0.37,0.58,2022-03-14,830,N20,VIIRS,h,2,308.76,6.28,D,0
17.60582,80.35455,337.73,0.37,0.58,2022-03-14,830,N20,VIIRS,n,2,309.69,3.2,D,0
17.60717,80.47256,367.0,0.38,0.58,2022-03-14,830,N20,VIIRS,h,2,309.15,5.82,D,0
17.60801,79.46935,345.96,0.32,0.55,2022-03-14,830,N20,VIIRS,n,2,313.96,2.71,D,0
17.63564,80.3299,339.72,0.37,0.58,2022-03-14,830,N20,VIIRS,n,2,307.5,2.25,D,0
17.64062,78.0871,338.58,0.52,0.5,2022-03-14,830,N20,VIIRS,l,2,313.06,4.35,D,0
17.64411,78.31457,343.86,0.54,0.51,2022-03-14,830,N20,VIIRS,n,2,314.88,5.53,D,0
17.65003,80.21365,347.01,0.36,0.57,2022-03-14,830,N20,VIIRS,n,2,307.37,4.39,D,0
17.65313,77.0733,347.19,0.45,0.47,2022-03-14,830,N20,VIIRS,n,2,319.11,8.07,D,0
17.65473,80.11018,343.89,0.36,0.57,2022-03-14,830,N20,VIIRS,n,2,310.16,2.68,D,0
17.66714,80.07814,336.95,0.35,0.57,2022-03-14,830,N20,VIIRS,n,2,308.63,3.9,D,0
17.66743,80.0799,343.13,0.35,0.57,2022-03-14,830,N20,VIIRS,n,2,308.21,4.94,D,0
17.66751,80.08148,340.16,0.35,0.57,2022-03-14,830,N20,VIIRS,n,2,307.67,4.71,D,0
17.6741,77.13934,344.76,0.45,0.47,2022-03-14,830,N20,VIIRS,l,2,319.12,6.34,D,0
17.67959,80.09447,334.98,0.35,0.57,2022-03-14,830,N20,VIIRS,l,2,307.62,2.25,D,0
17.67975,80.09592,337.15,0.35,0.57,2022-03-14,830,N20,VIIRS,n,2,306.47,2.23,D,0
17.68176,80.35661,331.95,0.37,0.58,2022-03-14,830,N20,VIIRS,l,2,305.47,2.22,D,0
17.68285,80.31719,332.31,0.37,0.58,2022-03-14,830,N20,VIIRS,l,2,305.03,3.73,D,0
17.68929,80.34358,342.16,0.37,0.58,2022-03-14,830,N20,VIIRS,n,2,307.61,4.72,D,0
17.6895,80.18936,367.0,0.36,0.57,2022-03-14,830,N20,VIIRS,h,2,310.12,11.48,D,0
17.68985,80.19273,348.77,0.36,0.57,2022-03-14,830,N20,VIIRS,n,2,304.36,8.06,D,0
17.6899,78.38105,344.41,0.55,0.51,2022-03-14,830,N20,VIIRS,l,2,318.4,14.4,D,0
17.69036,80.1907,367.0,0.36,0.57,2022-03-14,830,N20,VIIRS,h,2,309.83,12.77,D,0
17.69075,80.24233,337.66,0.36,0.58,2022-03-14,830,N20,VIIRS,n,2,306.44,2.91,D,0
17.69126,80.34454,336.53,0.37,0.58,2022-03-14,830,N20,VIIRS,n,2,305.44,3.21,D,0
17.69251,78.38296,352.27,0.55,0.51,2022-03-14,830,N20,VIIRS,n,2,320.84,13.04,D,0
17.69486,80.24082,339.03,0.36,0.58,2022-03-14,830,N20,VIIRS,n,2,308.7,3.47,D,0
17.6988,80.22713,345.87,0.36,0.58,2022-03-14,830,N20,VIIRS,n,2,306.8,2.84,D,0
17.70322,80.1166,367.0,0.36,0.57,2022-03-14,830,N20,VIIRS,h,2,314.25,7.26,D,0
17.70357,80.11994,351.28,0.36,0.57,2022-03-14,830,N20,VIIRS,n,2,307.21,7.26,D,0
17.70656,79.66502,335.28,0.33,0.55,2022-03-14,830,N20,VIIRS,n,2,307.8,2.12,D,0
17.70831,80.21546,344.0,0.36,0.58,2022-03-14,830,N20,VIIRS,n,2,309.4,5.81,D,0
17.70869,80.21912,350.83,0.36,0.58,2022-03-14,830,N20,VIIRS,n,2,307.38,4.84,D,0
17.71359,80.21474,343.06,0.36,0.58,2022-03-14,830,N20,VIIRS,n,2,310.94,5.81,D,0
17.71399,80.21846,344.82,0.36,0.58,2022-03-14,830,N20,VIIRS,n,2,309.21,4.84,D,0
17.71408,80.11852,332.92,0.36,0.57,2022-03-14,830,N20,VIIRS,l,2,307.91,4.55,D,0
17.71847,77.74788,349.73,0.5,0.49,2022-03-14,830,N20,VIIRS,n,2,322.41,11.55,D,0
17.71891,80.21423,334.77,0.36,0.58,2022-03-14,830,N20,VIIRS,l,2,308.13,3.25,D,0
17.71929,80.21786,337.94,0.36,0.58,2022-03-14,830,N20,VIIRS,n,2,306.32,2.1,D,0
17.72042,77.7468,349.12,0.5,0.49,2022-03-14,830,N20,VIIRS,n,2,320.06,8.5,D,0
17.72135,80.08692,341.71,0.35,0.57,2022-03-14,830,N20,VIIRS,n,2,308.26,2.37,D,0
17.74082,78.51503,350.49,0.56,0.51,2022-03-14,830,N20,VIIRS,n,2,315.27,11.3,D,0
17.74467,80.20435,355.64,0.36,0.57,2022-03-14,830,N20,VIIRS,n,2,306.62,5.05,D,0
17.74793,80.2347,340.91,0.36,0.58,2022-03-14,830,N20,VIIRS,n,2,307.85,4.69,D,0
17.74945,80.10059,336.63,0.36,0.57,2022-03-14,830,N20,VIIRS,l,2,308.47,4.72,D,0
17.75277,78.3289,339.61,0.54,0.51,2022-03-14,830,N20,VIIRS,n,2,313.6,5.62,D,0
17.7531,80.69982,344.37,0.39,0.59,2022-03-14,830,N20,VIIRS,n,2,306.66,6.97,D,0
17.75344,80.18636,367.0,0.36,0.57,2022-03-14,830,N20,VIIRS,h,2,307.71,8.62,D,0
17.77915,80.27454,334.59,0.37,0.58,2022-03-14,830,N20,VIIRS,l,2,306.78,4.01,D,0
17.78085,80.54301,332.9,0.38,0.59,2022-03-14,830,N20,VIIRS,l,2,307.64,2.08,D,0
17.78438,80.42265,346.33,0.37,0.58,2022-03-14,830,N20,VIIRS,n,2,309.5,4.73,D,0
17.78476,80.42616,338.42,0.37,0.58,2022-03-14,830,N20,VIIRS,l,2,309.99,4.73,D,0
17.78514,80.4297,337.6,0.37,0.58,2022-03-14,830,N20,VIIRS,l,2,308.49,3.74,D,0
17.7873,80.10594,343.19,0.36,0.57,2022-03-14,830,N20,VIIRS,n,2,309.78,4.17,D,0
17.7874,80.10643,344.66,0.36,0.57,2022-03-14,830,N20,VIIRS,n,2,310.17,4.47,D,0
17.78767,80.1095,346.48,0.36,0.57,2022-03-14,830,N20,VIIRS,n,2,306.84,4.17,D,0
17.7878,80.11,343.15,0.36,0.57,2022-03-14,830,N20,VIIRS,n,2,306.62,4.47,D,0
17.78821,80.16161,333.45,0.36,0.57,2022-03-14,830,N20,VIIRS,l,2,308.03,5.3,D,0
17.7886,80.27408,336.63,0.37,0.58,2022-03-14,830,N20,VIIRS,l,2,306.63,4.51,D,0
17.7899,80.27427,336.23,0.37,0.58,2022-03-14,830,N20,VIIRS,l,2,306.99,5.93,D,0
17.79221,80.10191,336.67,0.36,0.57,2022-03-14,830,N20,VIIRS,l,2,308.35,3.04,D,0
17.7926,80.31324,334.5,0.37,0.58,2022-03-14,830,N20,VIIRS,l,2,307.6,4.43,D,0
17.79294,80.10893,344.21,0.36,0.57,2022-03-14,830,N20,VIIRS,n,2,308.22,6.57,D,0
17.79419,80.31334,335.26,0.37,0.58,2022-03-14,830,N20,VIIRS,l,2,308.17,4.68,D,0
17.79472,80.41763,353.27,0.37,0.58,2022-03-14,830,N20,VIIRS,n,2,308.01,4.77,D,0
17.79834,80.3019,335.72,0.37,0.58,2022-03-14,830,N20,VIIRS,n,2,305.61,3.65,D,0
17.79864,80.16349,348.64,0.36,0.57,2022-03-14,830,N20,VIIRS,n,2,312.7,9.23,D,0
17.79936,80.17032,367.0,0.36,0.57,2022-03-14,830,N20,VIIRS,h,2,311.55,8.67,D,0
17.79971,80.17368,333.43,0.36,0.57,2022-03-14,830,N20,VIIRS,n,2,306.69,8.77,D,0
17.80206,80.40608,337.54,0.37,0.58,2022-03-14,830,N20,VIIRS,l,2,307.69,7.49,D,0
17.8035,80.10788,340.55,0.36,0.57,2022-03-14,830,N20,VIIRS,n,2,308.96,3.28,D,0
17.8035,80.39836,334.62,0.37,0.58,2022-03-14,830,N20,VIIRS,n,2,307.78,3.14,D,0
17.80393,80.40228,341.52,0.37,0.58,2022-03-14,830,N20,VIIRS,n,2,308.94,3.14,D,0
17.80429,80.16636,346.47,0.36,0.57,2022-03-14,830,N20,VIIRS,n,2,312.62,8.67,D,0
17.80434,80.40607,340.88,0.37,0.58,2022-03-14,830,N20,VIIRS,n,2,308.86,4.13,D,0
17.80474,80.40972,335.72,0.37,0.58,2022-03-14,830,N20,VIIRS,l,2,307.37,4.13,D,0
17.80694,80.34763,334.85,0.37,0.58,2022-03-14,830,N20,VIIRS,n,2,309.74,5.38,D,0
17.80706,80.40184,334.62,0.37,0.58,2022-03-14,830,N20,VIIRS,l,2,307.07,5.98,D,0
17.80761,80.337,337.14,0.37,0.58,2022-03-14,830,N20,VIIRS,l,2,307.38,5.36,D,0
17.80789,80.30434,336.83,0.37,0.58,2022-03-14,830,N20,VIIRS,n,2,305.21,2.61,D,0
17.8084,80.34413,352.35,0.37,0.58,2022-03-14,830,N20,VIIRS,n,2,310.31,7.67,D,0
17.80873,80.36501,331.72,0.37,0.58,2022-03-14,830,N20,VIIRS,l,2,306.06,3.29,D,0
17.80878,80.34762,353.28,0.37,0.58,2022-03-14,830,N20,VIIRS,n,2,310.68,11.47,D,0
17.80943,80.3045,335.62,0.37,0.58,2022-03-14,830,N20,VIIRS,n,2,305.56,2.63,D,0
17.80968,80.32166,338.34,0.37,0.58,2022-03-14,830,N20,VIIRS,n,2,306.47,5.71,D,0
17.81006,80.32537,341.17,0.37,0.58,2022-03-14,830,N20,VIIRS,n,2,305.82,3.91,D,0
17.81069,80.36497,333.82,0.37,0.58,2022-03-14,830,N20,VIIRS,l,2,307.7,4.31,D,0
17.81133,80.32172,340.65,0.37,0.58,2022-03-14,830,N20,VIIRS,n,2,307.32,7.32,D,0
17.81157,80.34005,350.31,0.37,0.58,2022-03-14,830,N20,VIIRS,n,2,309.46,10.34,D,0
17.81175,80.3255,348.97,0.37,0.58,2022-03-14,830,N20,VIIRS,n,2,307.49,6.55,D,0
17.81194,80.34356,367.0,0.37,0.58,2022-03-14,830,N20,VIIRS,h,2,308.92,10.34,D,0
17.81229,80.34704,343.63,0.37,0.58,2022-03-14,830,N20,VIIRS,n,2,308.03,5.38,D,0
17.81235,80.68404,338.25,0.39,0.59,2022-03-14,830,N20,VIIRS,n,2,308.22,3.15,D,0
17.81337,80.34008,349.59,0.37,0.58,2022-03-14,830,N20,VIIRS,n,2,309.4,7.67,D,0
17.81375,80.34356,367.0,0.37,0.58,2022-03-14,830,N20,VIIRS,h,2,307.28,7.67,D,0
17.81452,80.16175,367.0,0.36,0.57,2022-03-14,830,N20,VIIRS,h,2,309.54,10.28,D,0
17.81465,80.60227,346.11,0.38,0.59,2022-03-14,830,N20,VIIRS,n,2,310.19,4.3,D,0
17.81502,80.32102,334.79,0.37,0.58,2022-03-14,830,N20,VIIRS,l,2,306.56,3.94,D,0
17.81513,80.11706,339.41,0.36,0.57,2022-03-14,830,N20,VIIRS,n,2,311.06,4.56,D,0
17.81541,80.32481,352.41,0.37,0.58,2022-03-14,830,N20,VIIRS,n,2,306.61,5.61,D,0
17.8155,80.12047,367.0,0.36,0.57,2022-03-14,830,N20,VIIRS,h,2,312.27,4.56,D,0
17.81655,80.3358,338.58,0.37,0.58,2022-03-14,830,N20,VIIRS,l,2,309.93,4.89,D,0
17.81661,79.64808,347.4,0.33,0.55,2022-03-14,830,N20,VIIRS,n,2,305.7,1.54,D,0
17.81728,80.34285,346.34,0.37,0.58,2022-03-14,830,N20,VIIRS,n,2,311.48,17.03,D,0
17.81739,80.2918,331.66,0.37,0.58,2022-03-14,830,N20,VIIRS,l,2,303.82,0.95,D,0
17.81764,80.34637,367.0,0.37,0.58,2022-03-14,830,N20,VIIRS,h,2,312.09,13.57,D,0
17.81979,80.16106,337.25,0.36,0.57,2022-03-14,830,N20,VIIRS,n,2,307.42,5.59,D,0
17.82158,80.17789,337.79,0.36,0.57,2022-03-14,830,N20,VIIRS,n,2,310.32,7.04,D,0
17.82191,80.18105,367.0,0.36,0.57,2022-03-14,830,N20,VIIRS,h,2,313.02,7.04,D,0
17.82224,80.18415,367.0,0.36,0.57,2022-03-14,830,N20,VIIRS,h,2,310.9,15.07,D,0
17.82299,80.3457,367.0,0.37,0.58,2022-03-14,830,N20,VIIRS,h,2,313.82,13.57,D,0
17.82366,80.14709,367.0,0.36,0.57,2022-03-14,830,N20,VIIRS,h,2,310.51,7.05,D,0
17.8254,80.26532,351.86,0.37,0.58,2022-03-14,830,N20,VIIRS,n,2,303.43,6.33,D,0
17.82544,80.16378,338.87,0.36,0.57,2022-03-14,830,N20,VIIRS,l,2,309.38,1.64,D,0
17.82581,80.21803,336.41,0.36,0.58,2022-03-14,830,N20,VIIRS,l,2,307.51,3.82,D,0
17.8277,80.28716,367.0,0.37,0.58,2022-03-14,830,N20,VIIRS,h,2,307.49,16.13,D,0
17.82785,80.13622,337.19,0.36,0.57,2022-03-14,830,N20,VIIRS,l,2,309.17,2.99,D,0
17.82796,80.34141,350.83,0.37,0.58,2022-03-14,830,N20,VIIRS,n,2,313.98,18.83,D,0
17.82833,80.34506,367.0,0.37,0.58,2022-03-14,830,N20,VIIRS,h,2,309.13,15.12,D,0
17.83448,80.78757,354.71,0.4,0.6,2022-03-14,830,N20,VIIRS,n,2,308.44,2.95,D,0
17.8349,80.79152,333.6,0.4,0.6,2022-03-14,830,N20,VIIRS,n,2,305.33,2.95,D,0
17.83638,80.31844,335.0,0.37,0.58,2022-03-14,830,N20,VIIRS,l,2,308.15,2.98,D,0
17.8368,80.22031,332.24,0.36,0.58,2022-03-14,830,N20,VIIRS,l,2,304.68,1.7,D,0
17.83756,80.27834,333.42,0.37,0.58,2022-03-14,830,N20,VIIRS,n,2,302.07,4.25,D,0
17.83796,80.28217,355.56,0.37,0.58,2022-03-14,830,N20,VIIRS,n,2,304.91,4.25,D,0
17.83841,80.13496,350.14,0.36,0.57,2022-03-14,830,N20,VIIRS,n,2,311.58,3.78,D,0
17.83878,80.13839,343.34,0.36,0.57,2022-03-14,830,N20,VIIRS,n,2,310.3,3.78,D,0
17.83948,79.40171,345.55,0.32,0.55,2022-03-14,830,N20,VIIRS,n,2,314.59,1.22,D,0
17.83988,80.14866,339.61,0.36,0.57,2022-03-14,830,N20,VIIRS,l,2,309.82,2.88,D,0
17.83993,80.78639,332.41,0.4,0.6,2022-03-14,830,N20,VIIRS,l,2,306.13,2.95,D,0
17.84035,80.79037,333.75,0.4,0.6,2022-03-14,830,N20,VIIRS,n,2,305.84,2.95,D,0
17.84037,80.7867,335.45,0.4,0.6,2022-03-14,830,N20,VIIRS,l,2,305.9,3.73,D,0
17.84292,80.27805,355.69,0.37,0.58,2022-03-14,830,N20,VIIRS,n,2,313.83,12.56,D,0
17.84332,80.28188,367.0,0.37,0.58,2022-03-14,830,N20,VIIRS,h,2,307.87,12.56,D,0
17.84354,80.23312,337.24,0.36,0.58,2022-03-14,830,N20,VIIRS,n,2,305.75,4.07,D,0
17.84388,80.23632,337.69,0.36,0.58,2022-03-14,830,N20,VIIRS,n,2,303.55,2.92,D,0
17.84406,80.13779,340.55,0.36,0.57,2022-03-14,830,N20,VIIRS,n,2,308.9,3.78,D,0
17.84665,80.31331,367.0,0.37,0.58,2022-03-14,830,N20,VIIRS,h,2,311.97,5.14,D,0
17.84703,80.31689,344.32,0.37,0.58,2022-03-14,830,N20,VIIRS,n,2,305.75,5.14,D,0
17.84818,77.18324,343.81,0.46,0.47,2022-03-14,830,N20,VIIRS,n,2,318.11,4.68,D,0
17.84868,80.28151,345.71,0.37,0.58,2022-03-14,830,N20,VIIRS,n,2,305.06,12.56,D,0
17.84907,80.28514,333.39,0.37,0.58,2022-03-14,830,N20,VIIRS,n,2,307.2,7.23,D,0
17.85202,80.31294,340.71,0.37,0.58,2022-03-14,830,N20,VIIRS,n,2,305.18,5.14,D,0
17.85314,80.42657,367.0,0.38,0.58,2022-03-14,830,N20,VIIRS,h,2,312.98,9.38,D,0
17.85352,80.43017,339.34,0.38,0.58,2022-03-14,830,N20,VIIRS,n,2,307.49,5.19,D,0
17.85404,80.28115,337.66,0.37,0.58,2022-03-14,830,N20,VIIRS,l,2,308.66,3.42,D,0
17.85444,79.63531,333.41,0.33,0.55,2022-03-14,830,N20,VIIRS,l,2,306.91,3.01,D,0
17.85517,78.28793,344.61,0.54,0.51,2022-03-14,830,N20,VIIRS,l,2,317.8,14.38,D,0
17.85576,78.29299,344.4,0.54,0.51,2022-03-14,830,N20,VIIRS,l,2,316.85,15.53,D,0
17.85663,80.30552,334.32,0.37,0.58,2022-03-14,830,N20,VIIRS,l,2,306.88,2.83,D,0
17.86147,80.10139,351.53,0.36,0.57,2022-03-14,830,N20,VIIRS,n,2,310.92,5.74,D,0
17.86164,80.30171,336.17,0.37,0.58,2022-03-14,830,N20,VIIRS,l,2,310.39,6.59,D,0
17.86202,80.30536,347.13,0.37,0.58,2022-03-14,830,N20,VIIRS,n,2,307.45,2.83,D,0
17.86552,80.28753,344.44,0.37,0.58,2022-03-14,830,N20,VIIRS,n,2,306.28,7.64,D,0
17.86588,80.29095,367.0,0.37,0.58,2022-03-14,830,N20,VIIRS,h,2,310.6,7.93,D,0
17.86625,80.29436,341.45,0.37,0.58,2022-03-14,830,N20,VIIRS,n,2,308.74,7.93,D,0
17.86659,80.24744,349.27,0.37,0.58,2022-03-14,830,N20,VIIRS,n,2,306.73,2.66,D,0
17.86662,80.29787,342.62,0.37,0.58,2022-03-14,830,N20,VIIRS,n,2,309.94,5.54,D,0
17.86697,80.25089,333.22,0.37,0.58,2022-03-14,830,N20,VIIRS,n,2,304.29,2.66,D,0
17.86701,80.30145,354.74,0.37,0.58,2022-03-14,830,N20,VIIRS,n,2,311.74,5.54,D,0
17.86832,80.21355,339.83,0.36,0.58,2022-03-14,830,N20,VIIRS,n,2,309.64,2.28,D,0
17.86869,80.21704,334.9,0.36,0.58,2022-03-14,830,N20,VIIRS,l,2,308.49,2.28,D,0
17.86889,81.16754,351.08,0.42,0.61,2022-03-14,830,N20,VIIRS,n,2,304.23,5.23,D,0
17.87017,80.2307,338.03,0.36,0.58,2022-03-14,830,N20,VIIRS,n,2,308.61,3.72,D,0
17.87052,80.23393,351.91,0.36,0.58,2022-03-14,830,N20,VIIRS,n,2,308.5,4.31,D,0
17.87087,80.23718,331.02,0.36,0.58,2022-03-14,830,N20,VIIRS,l,2,304.97,4.31,D,0
17.8727,77.56904,347.64,0.49,0.48,2022-03-14,830,N20,VIIRS,n,2,320.75,11.91,D,0
17.87454,81.16695,349.78,0.42,0.61,2022-03-14,830,N20,VIIRS,n,2,305.36,7.76,D,0
17.87514,80.22686,344.07,0.36,0.58,2022-03-14,830,N20,VIIRS,n,2,309.05,3.72,D,0
17.8755,80.23021,339.79,0.36,0.58,2022-03-14,830,N20,VIIRS,n,2,309.77,3.72,D,0
17.87573,80.08804,340.48,0.36,0.57,2022-03-14,830,N20,VIIRS,l,2,312.17,4.28,D,0
17.87585,80.23345,353.75,0.36,0.58,2022-03-14,830,N20,VIIRS,n,2,308.59,4.31,D,0
17.87617,80.08951,338.22,0.36,0.57,2022-03-14,830,N20,VIIRS,l,2,311.72,3.59,D,0
17.87625,80.3878,350.61,0.37,0.58,2022-03-14,830,N20,VIIRS,n,2,312.16,4.32,D,0
17.87757,80.50312,339.58,0.38,0.59,2022-03-14,830,N20,VIIRS,n,2,310.17,3.26,D,0
17.87948,80.26691,332.18,0.37,0.58,2022-03-14,830,N20,VIIRS,l,2,304.25,2.49,D,0
17.88163,80.38726,339.35,0.37,0.58,2022-03-14,830,N20,VIIRS,l,2,310.99,4.32,D,0
17.88202,80.39088,337.06,0.37,0.58,2022-03-14,830,N20,VIIRS,l,2,309.0,4.07,D,0
17.88466,80.41559,333.54,0.37,0.58,2022-03-14,830,N20,VIIRS,l,2,308.4,1.4,D,0
17.88481,80.2663,336.1,0.37,0.58,2022-03-14,830,N20,VIIRS,n,2,305.24,3.08,D,0
17.88604,80.2776,354.45,0.37,0.58,2022-03-14,830,N20,VIIRS,n,2,308.49,6.69,D,0
17.88646,80.28151,338.19,0.37,0.58,2022-03-14,830,N20,VIIRS,n,2,306.57,5.0,D,0
17.88652,80.23254,346.21,0.36,0.58,2022-03-14,830,N20,VIIRS,n,2,308.43,4.63,D,0
17.89038,80.2309,353.21,0.36,0.58,2022-03-14,830,N20,VIIRS,n,2,311.92,6.74,D,0
17.8926,80.23891,339.03,0.36,0.58,2022-03-14,830,N20,VIIRS,n,2,308.76,3.91,D,0
17.89267,80.43951,332.74,0.38,0.58,2022-03-14,830,N20,VIIRS,l,2,307.37,3.06,D,0
17.89469,80.40754,345.92,0.37,0.58,2022-03-14,830,N20,VIIRS,n,2,310.31,5.15,D,0
17.89506,80.41105,336.6,0.37,0.58,2022-03-14,830,N20,VIIRS,l,2,310.09,5.33,D,0
17.89642,80.23727,344.72,0.37,0.58,2022-03-14,830,N20,VIIRS,n,2,308.99,4.45,D,0
17.89677,80.24074,346.16,0.37,0.58,2022-03-14,830,N20,VIIRS,n,2,307.61,4.45,D,0
17.89681,80.13701,345.0,0.36,0.57,2022-03-14,830,N20,VIIRS,n,2,308.5,3.62,D,0
17.89722,80.13494,338.81,0.36,0.57,2022-03-14,830,N20,VIIRS,n,2,309.28,2.16,D,0
17.8976,80.13837,336.24,0.36,0.57,2022-03-14,830,N20,VIIRS,n,2,307.85,2.16,D,0
17.89793,80.23844,341.77,0.36,0.58,2022-03-14,830,N20,VIIRS,n,2,308.9,3.91,D,0
17.89796,80.30522,338.18,0.37,0.58,2022-03-14,830,N20,VIIRS,l,2,309.93,3.81,D,0
17.89927,80.16077,339.72,0.36,0.57,2022-03-14,830,N20,VIIRS,l,2,309.91,2.4,D,0
17.89942,80.25202,332.75,0.37,0.58,2022-03-14,830,N20,VIIRS,l,2,305.78,3.2,D,0
17.89962,80.16418,336.6,0.36,0.57,2022-03-14,830,N20,VIIRS,l,2,309.58,2.4,D,0
17.89998,80.3063,335.57,0.37,0.58,2022-03-14,830,N20,VIIRS,l,2,308.65,4.22,D,0
17.90023,80.16204,338.52,0.36,0.57,2022-03-14,830,N20,VIIRS,l,2,310.04,2.91,D,0
17.90061,80.16544,336.93,0.36,0.57,2022-03-14,830,N20,VIIRS,l,2,309.98,2.91,D,0
17.90142,80.73053,334.52,0.39,0.6,2022-03-14,830,N20,VIIRS,l,2,307.18,5.81,D,0
17.90216,80.73766,333.54,0.39,0.6,2022-03-14,830,N20,VIIRS,l,2,305.88,4.49,D,0
17.90225,80.47791,337.03,0.38,0.59,2022-03-14,830,N20,VIIRS,l,2,310.2,4.29,D,0
17.90244,80.13978,334.83,0.36,0.57,2022-03-14,830,N20,VIIRS,l,2,308.74,1.86,D,0
17.90293,80.30087,343.22,0.37,0.58,2022-03-14,830,N20,VIIRS,n,2,311.14,3.81,D,0
17.90331,80.30463,348.74,0.37,0.58,2022-03-14,830,N20,VIIRS,n,2,308.61,3.81,D,0
17.90429,80.39569,346.76,0.37,0.58,2022-03-14,830,N20,VIIRS,n,2,313.4,5.2,D,0
17.9044,80.24826,337.86,0.37,0.58,2022-03-14,830,N20,VIIRS,n,2,307.12,2.35,D,0
17.90491,80.30201,356.53,0.37,0.58,2022-03-14,830,N20,VIIRS,n,2,312.15,4.22,D,0
17.90533,80.30575,335.92,0.37,0.58,2022-03-14,830,N20,VIIRS,l,2,308.33,4.22,D,0
17.90543,80.40618,367.0,0.37,0.58,2022-03-14,830,N20,VIIRS,h,2,313.29,13.42,D,0
17.90667,80.22007,336.74,0.36,0.58,2022-03-14,830,N20,VIIRS,n,2,307.97,1.07,D,0
17.90767,80.73714,344.75,0.39,0.6,2022-03-14,830,N20,VIIRS,n,2,307.84,4.49,D,0
17.90807,80.40471,367.0,0.37,0.58,2022-03-14,830,N20,VIIRS,h,2,312.04,9.5,D,0
17.90815,80.24663,337.23,0.37,0.58,2022-03-14,830,N20,VIIRS,n,2,307.42,3.0,D,0
17.91158,80.12489,355.63,0.36,0.57,2022-03-14,830,N20,VIIRS,n,2,311.07,5.92,D,0
17.91478,80.15545,340.23,0.36,0.57,2022-03-14,830,N20,VIIRS,n,2,310.1,3.09,D,0
17.91523,80.29746,335.56,0.37,0.58,2022-03-14,830,N20,VIIRS,l,2,310.25,5.25,D,0
17.91582,80.11436,338.58,0.36,0.57,2022-03-14,830,N20,VIIRS,l,2,310.62,1.67,D,0
17.91864,80.29599,337.96,0.37,0.58,2022-03-14,830,N20,VIIRS,l,2,309.66,5.82,D,0
17.91902,80.29964,353.63,0.37,0.58,2022-03-14,830,N20,VIIRS,n,2,311.66,6.34,D,0
17.91945,80.2,346.01,0.36,0.58,2022-03-14,830,N20,VIIRS,n,2,310.08,4.58,D,0
17.91958,80.74459,336.45,0.39,0.6,2022-03-14,830,N20,VIIRS,l,2,309.4,5.16,D,0
17.91981,80.2035,354.11,0.36,0.58,2022-03-14,830,N20,VIIRS,n,2,309.89,4.58,D,0
17.92483,80.25161,367.0,0.37,0.58,2022-03-14,830,N20,VIIRS,h,2,309.89,15.26,D,0
17.92515,80.25468,367.0,0.37,0.58,2022-03-14,830,N20,VIIRS,h,2,313.0,6.81,D,0
17.92545,80.25751,338.29,0.37,0.58,2022-03-14,830,N20,VIIRS,n,2,306.99,6.81,D,0
17.92643,80.26693,345.86,0.37,0.58,2022-03-14,830,N20,VIIRS,n,2,306.09,3.45,D,0
17.92766,81.03881,341.99,0.41,0.61,2022-03-14,830,N20,VIIRS,n,2,306.7,4.48,D,0
17.9279,80.17824,347.82,0.36,0.58,2022-03-14,830,N20,VIIRS,n,2,309.16,3.51,D,0
17.92908,80.24075,367.0,0.37,0.58,2022-03-14,830,N20,VIIRS,h,2,308.36,5.13,D,0
17.93037,81.2346,330.14,0.43,0.62,2022-03-14,830,N20,VIIRS,l,2,303.52,1.41,D,0
17.9305,80.25429,342.71,0.37,0.58,2022-03-14,830,N20,VIIRS,n,2,308.68,6.81,D,0
17.93081,80.25722,334.63,0.37,0.58,2022-03-14,830,N20,VIIRS,n,2,306.24,6.81,D,0
17.93382,80.44347,354.78,0.38,0.59,2022-03-14,830,N20,VIIRS,n,2,307.32,4.27,D,0
17.93437,80.23979,356.36,0.37,0.58,2022-03-14,830,N20,VIIRS,n,2,307.44,3.21,D,0
17.93472,80.24309,333.08,0.37,0.58,2022-03-14,830,N20,VIIRS,n,2,306.31,3.21,D,0
17.9354,80.19849,367.0,0.36,0.58,2022-03-14,830,N20,VIIRS,h,2,310.79,6.48,D,0
17.93651,80.26023,335.4,0.37,0.58,2022-03-14,830,N20,VIIRS,n,2,307.74,2.12,D,0
17.93922,80.44297,340.34,0.38,0.59,2022-03-14,830,N20,VIIRS,n,2,307.46,4.27,D,0
17.93969,80.23918,336.08,0.37,0.58,2022-03-14,830,N20,VIIRS,n,2,307.73,3.21,D,0
17.9454,80.2422,351.59,0.37,0.58,2022-03-14,830,N20,VIIRS,n,2,307.75,3.73,D,0
17.94622,80.68192,333.68,0.39,0.59,2022-03-14,830,N20,VIIRS,l,2,305.96,3.16,D,0
17.9511,80.14436,367.0,0.36,0.57,2022-03-14,830,N20,VIIRS,h,2,309.44,75.98,D,0
17.95131,80.67773,333.4,0.39,0.59,2022-03-14,830,N20,VIIRS,l,2,305.69,1.77,D,0
17.95296,81.17479,330.13,0.42,0.61,2022-03-14,830,N20,VIIRS,l,2,304.59,2.36,D,0
17.95329,80.317,341.33,0.37,0.58,2022-03-14,830,N20,VIIRS,n,2,310.05,3.6,D,0
17.95336,81.17865,333.24,0.42,0.61,2022-03-14,830,N20,VIIRS,n,2,302.23,2.36,D,0
17.95602,80.14035,342.4,0.36,0.57,2022-03-14,830,N20,VIIRS,n,2,310.65,2.67,D,0
17.96725,80.19482,330.4,0.36,0.58,2022-03-14,830,N20,VIIRS,l,2,305.36,0.94,D,0
17.97155,80.65079,334.6,0.39,0.59,2022-03-14,830,N20,VIIRS,l,2,306.53,2.66,D,0
17.97558,78.28122,343.73,0.54,0.51,2022-03-14,830,N20,VIIRS,l,2,315.43,10.65,D,0
17.98091,80.2217,344.39,0.36,0.58,2022-03-14,830,N20,VIIRS,n,2,309.84,3.74,D,0
17.98624,80.22119,335.81,0.36,0.58,2022-03-14,830,N20,VIIRS,l,2,309.9,2.2,D,0
17.98661,80.22462,343.09,0.36,0.58,2022-03-14,830,N20,VIIRS,n,2,310.0,2.2,D,0
17.99578,80.1682,331.65,0.36,0.58,2022-03-14,830,N20,VIIRS,l,2,306.22,1.8,D,0
17.99643,80.16689,332.33,0.36,0.58,2022-03-14,830,N20,VIIRS,l,2,306.63,2.92,D,0
18.00155,80.27757,341.73,0.37,0.58,2022-03-14,830,N20,VIIRS,n,2,313.7,6.96,D,0
18.00188,80.22788,367.0,0.37,0.58,2022-03-14,830,N20,VIIRS,h,2,309.48,6.52,D,0
18.00299,80.27596,351.81,0.37,0.58,2022-03-14,830,N20,VIIRS,n,2,316.68,6.87,D,0
18.00334,80.22981,348.78,0.37,0.58,2022-03-14,830,N20,VIIRS,n,2,306.29,6.7,D,0
18.00337,80.27943,367.0,0.37,0.58,2022-03-14,830,N20,VIIRS,h,2,312.51,6.87,D,0
18.00475,80.25593,339.44,0.37,0.58,2022-03-14,830,N20,VIIRS,l,2,311.04,5.39,D,0
18.00642,80.2579,336.58,0.37,0.58,2022-03-14,830,N20,VIIRS,l,2,309.38,5.54,D,0
18.0069,80.27702,367.0,0.37,0.58,2022-03-14,830,N20,VIIRS,h,2,313.11,6.96,D,0
18.01706,80.11512,339.71,0.36,0.57,2022-03-14,830,N20,VIIRS,l,2,310.15,2.44,D,0
18.02173,80.34832,332.74,0.37,0.58,2022-03-14,830,N20,VIIRS,l,2,304.75,3.45,D,0
18.02476,80.34586,331.58,0.37,0.58,2022-03-14,830,N20,VIIRS,l,2,305.19,3.04,D,0
18.02699,80.00719,336.68,0.35,0.57,2022-03-14,830,N20,VIIRS,l,2,309.37,1.65,D,0
18.02814,80.22137,336.68,0.37,0.58,2022-03-14,830,N20,VIIRS,l,2,308.37,4.92,D,0
18.033,78.34472,342.07,0.55,0.51,2022-03-14,830,N20,VIIRS,n,2,312.79,7.94,D,0
18.03525,80.88976,333.0,0.4,0.6,2022-03-14,830,N20,VIIRS,l,2,307.57,2.0,D,0
18.03616,80.4576,339.02,0.38,0.59,2022-03-14,830,N20,VIIRS,n,2,310.18,1.91,D,0
18.03768,78.34406,344.67,0.55,0.51,2022-03-14,830,N20,VIIRS,n,2,314.04,7.53,D,0
18.04001,81.04568,331.0,0.41,0.61,2022-03-14,830,N20,VIIRS,l,2,303.0,2.11,D,0
18.04606,81.04932,332.02,0.41,0.61,2022-03-14,830,N20,VIIRS,l,2,304.34,2.11,D,0
18.0486,80.16022,330.83,0.36,0.58,2022-03-14,830,N20,VIIRS,l,2,305.73,2.2,D,0
18.05113,80.18407,338.3,0.36,0.58,2022-03-14,830,N20,VIIRS,n,2,308.03,1.99,D,0
18.05149,80.18742,333.17,0.36,0.58,2022-03-14,830,N20,VIIRS,l,2,306.43,1.99,D,0
18.05317,80.15276,337.18,0.36,0.58,2022-03-14,830,N20,VIIRS,l,2,308.38,3.5,D,0
18.05356,80.15636,334.38,0.36,0.58,2022-03-14,830,N20,VIIRS,l,2,307.06,5.14,D,0
18.05678,80.18669,336.07,0.36,0.58,2022-03-14,830,N20,VIIRS,l,2,308.76,4.19,D,0
18.06456,81.06339,334.6,0.42,0.61,2022-03-14,830,N20,VIIRS,n,2,303.81,0.94,D,0
18.06504,80.21375,355.79,0.37,0.58,2022-03-14,830,N20,VIIRS,n,2,308.61,5.35,D,0
18.06542,80.21732,338.65,0.37,0.58,2022-03-14,830,N20,VIIRS,n,2,307.8,3.58,D,0
18.0658,80.22089,337.55,0.37,0.58,2022-03-14,830,N20,VIIRS,n,2,307.39,3.58,D,0
18.07039,80.21336,340.56,0.37,0.58,2022-03-14,830,N20,VIIRS,n,2,309.78,6.71,D,0
18.07077,80.21691,367.0,0.37,0.58,2022-03-14,830,N20,VIIRS,h,2,309.58,10.14,D,0
18.07235,80.18144,334.88,0.36,0.58,2022-03-14,830,N20,VIIRS,l,2,309.05,3.19,D,0
18.07567,80.11281,338.17,0.36,0.57,2022-03-14,830,N20,VIIRS,l,2,311.3,5.09,D,0
18.07625,79.9719,338.88,0.35,0.57,2022-03-14,830,N20,VIIRS,n,2,312.48,3.08,D,0
18.07822,80.49383,339.42,0.38,0.59,2022-03-14,830,N20,VIIRS,n,2,309.72,1.92,D,0
18.07838,80.18748,334.03,0.36,0.58,2022-03-14,830,N20,VIIRS,l,2,308.49,2.95,D,0
18.0837,80.18694,352.45,0.36,0.58,2022-03-14,830,N20,VIIRS,n,2,311.35,2.95,D,0
18.08554,80.20401,337.4,0.36,0.58,2022-03-14,830,N20,VIIRS,l,2,309.27,3.78,D,0
18.08588,80.10822,340.74,0.36,0.57,2022-03-14,830,N20,VIIRS,l,2,311.24,5.73,D,0
18.08609,80.36076,349.34,0.37,0.58,2022-03-14,830,N20,VIIRS,n,2,305.89,6.2,D,0
18.08698,80.11824,336.72,0.36,0.57,2022-03-14,830,N20,VIIRS,n,2,311.56,2.38,D,0
18.08963,80.09971,346.76,0.36,0.57,2022-03-14,830,N20,VIIRS,n,2,314.21,4.86,D,0
18.09044,80.10098,343.98,0.36,0.57,2022-03-14,830,N20,VIIRS,n,2,312.99,4.98,D,0
18.09267,80.12944,335.8,0.36,0.57,2022-03-14,830,N20,VIIRS,l,2,310.39,3.47,D,0
18.09362,81.34573,334.32,0.43,0.62,2022-03-14,830,N20,VIIRS,l,2,308.4,3.43,D,0
18.0989,81.34076,334.79,0.43,0.62,2022-03-14,830,N20,VIIRS,l,2,306.38,3.43,D,0
18.10189,80.77716,332.0,0.4,0.6,2022-03-14,830,N20,VIIRS,l,2,306.61,6.79,D,0
18.10226,80.25878,346.69,0.37,0.58,2022-03-14,830,N20,VIIRS,n,2,308.8,4.04,D,0
18.10228,80.78094,337.35,0.4,0.6,2022-03-14,830,N20,VIIRS,n,2,307.33,4.14,D,0
18.10418,80.47989,355.33,0.38,0.59,2022-03-14,830,N20,VIIRS,n,2,309.22,4.33,D,0
18.10473,80.75034,348.51,0.4,0.6,2022-03-14,830,N20,VIIRS,n,2,307.12,2.89,D,0
18.11022,80.7495,332.63,0.4,0.6,2022-03-14,830,N20,VIIRS,l,2,306.07,2.89,D,0
18.11064,80.04461,347.01,0.36,0.57,2022-03-14,830,N20,VIIRS,n,2,309.66,4.69,D,0
18.11595,80.0444,367.0,0.36,0.57,2022-03-14,830,N20,VIIRS,h,2,311.7,7.66,D,0
18.11633,80.25591,337.69,0.37,0.58,2022-03-14,830,N20,VIIRS,n,2,309.85,1.86,D,0
18.12745,80.49233,340.04,0.38,0.59,2022-03-14,830,N20,VIIRS,n,2,307.52,2.71,D,0
18.12921,80.4912,337.38,0.38,0.59,2022-03-14,830,N20,VIIRS,l,2,307.95,3.79,D,0
18.12959,80.49498,341.01,0.38,0.59,2022-03-14,830,N20,VIIRS,n,2,305.65,3.79,D,0
18.13329,80.49559,337.86,0.38,0.59,2022-03-14,830,N20,VIIRS,n,2,306.06,4.46,D,0
18.13532,79.92645,342.76,0.35,0.57,2022-03-14,830,N20,VIIRS,l,2,313.14,4.47,D,0
18.14675,79.88537,340.68,0.35,0.57,2022-03-14,830,N20,VIIRS,l,2,310.72,3.72,D,0
18.14698,80.78081,331.59,0.4,0.6,2022-03-14,830,N20,VIIRS,l,2,306.04,2.58,D,0
18.1471,79.88864,344.7,0.35,0.57,2022-03-14,830,N20,VIIRS,n,2,309.73,3.72,D,0
18.14806,80.79108,339.5,0.4,0.6,2022-03-14,830,N20,VIIRS,n,2,306.2,3.0,D,0
18.14842,80.79456,333.78,0.4,0.6,2022-03-14,830,N20,VIIRS,l,2,306.47,4.5,D,0
18.15196,79.88478,341.43,0.35,0.57,2022-03-14,830,N20,VIIRS,l,2,313.07,5.85,D,0
18.15306,79.70393,346.32,0.34,0.56,2022-03-14,830,N20,VIIRS,n,2,312.45,3.58,D,0
18.15522,78.82288,367.0,0.59,0.53,2022-03-14,830,N20,VIIRS,l,2,331.49,82.52,D,0
18.15525,79.7029,344.29,0.34,0.56,2022-03-14,830,N20,VIIRS,n,2,313.58,3.31,D,0
18.15887,78.82569,344.43,0.59,0.53,2022-03-14,830,N20,VIIRS,l,2,316.14,38.32,D,0
18.16009,78.82234,350.33,0.59,0.53,2022-03-14,830,N20,VIIRS,n,2,316.96,11.37,D,0
18.16054,81.47798,334.5,0.44,0.63,2022-03-14,830,N20,VIIRS,l,2,307.32,3.42,D,0
18.16064,80.31796,335.12,0.37,0.58,2022-03-14,830,N20,VIIRS,n,2,305.01,10.24,D,0
18.16101,80.32159,367.0,0.37,0.58,2022-03-14,830,N20,VIIRS,h,2,308.65,10.24,D,0
18.16129,80.75799,340.73,0.4,0.6,2022-03-14,830,N20,VIIRS,n,2,308.45,4.8,D,0
18.1614,80.32527,367.0,0.37,0.58,2022-03-14,830,N20,VIIRS,h,2,307.68,15.7,D,0
18.16141,80.75865,340.66,0.4,0.6,2022-03-14,830,N20,VIIRS,n,2,309.0,5.93,D,0
18.16412,80.24778,332.41,0.37,0.58,2022-03-14,830,N20,VIIRS,l,2,306.0,1.42,D,0
18.16567,80.74579,343.15,0.4,0.6,2022-03-14,830,N20,VIIRS,n,2,308.14,3.14,D,0
18.16571,80.74653,344.33,0.4,0.6,2022-03-14,830,N20,VIIRS,n,2,308.07,4.14,D,0
18.16603,80.31757,367.0,0.37,0.58,2022-03-14,830,N20,VIIRS,h,2,309.31,8.65,D,0
18.16606,80.74975,336.63,0.4,0.6,2022-03-14,830,N20,VIIRS,n,2,307.62,3.56,D,0
18.16613,80.7505,335.28,0.4,0.6,2022-03-14,830,N20,VIIRS,l,2,307.35,6.06,D,0
18.1664,80.3212,367.0,0.37,0.58,2022-03-14,830,N20,VIIRS,h,2,307.55,8.65,D,0
18.1668,80.325,344.04,0.37,0.58,2022-03-14,830,N20,VIIRS,n,2,306.22,6.07,D,0
18.16892,80.4505,337.43,0.38,0.59,2022-03-14,830,N20,VIIRS,l,2,308.07,3.36,D,0
18.17548,80.46093,334.19,0.38,0.59,2022-03-14,830,N20,VIIRS,l,2,306.95,2.61,D,0
18.17575,80.30679,347.87,0.37,0.58,2022-03-14,830,N20,VIIRS,n,2,307.68,6.57,D,0
18.17612,80.31036,338.14,0.37,0.58,2022-03-14,830,N20,VIIRS,n,2,306.6,5.21,D,0
18.17713,78.97065,339.73,0.61,0.53,2022-03-14,830,N20,VIIRS,l,2,313.87,7.41,D,0
18.17806,80.32873,333.85,0.37,0.58,2022-03-14,830,N20,VIIRS,l,2,306.88,2.29,D,0
18.17972,78.97376,342.02,0.61,0.53,2022-03-14,830,N20,VIIRS,n,2,311.66,8.8,D,0
18.17991,81.43774,336.28,0.44,0.62,2022-03-14,830,N20,VIIRS,l,2,307.92,3.15,D,0
18.18091,80.46043,340.32,0.38,0.59,2022-03-14,830,N20,VIIRS,l,2,311.32,3.64,D,0
18.18128,80.46402,339.68,0.38,0.59,2022-03-14,830,N20,VIIRS,n,2,308.36,4.17,D,0
18.18152,80.31007,347.95,0.37,0.58,2022-03-14,830,N20,VIIRS,n,2,308.69,5.21,D,0
18.18527,80.77428,342.04,0.4,0.6,2022-03-14,830,N20,VIIRS,n,2,309.53,4.5,D,0
18.18645,80.40865,351.55,0.38,0.59,2022-03-14,830,N20,VIIRS,n,2,313.18,7.94,D,0
18.18655,78.67573,337.77,0.58,0.52,2022-03-14,830,N20,VIIRS,n,2,308.8,6.36,D,0
18.1869,80.30964,338.0,0.37,0.58,2022-03-14,830,N20,VIIRS,n,2,308.56,2.2,D,0
18.1873,80.31338,336.16,0.37,0.58,2022-03-14,830,N20,VIIRS,l,2,307.53,2.2,D,0
18.1885,78.93996,340.27,0.6,0.53,2022-03-14,830,N20,VIIRS,n,2,312.49,7.66,D,0
18.18917,78.9457,342.96,0.6,0.53,2022-03-14,830,N20,VIIRS,n,2,311.08,7.66,D,0
18.19071,80.39718,337.66,0.38,0.59,2022-03-14,830,N20,VIIRS,n,2,311.56,2.97,D,0
18.1913,78.94296,346.01,0.6,0.53,2022-03-14,830,N20,VIIRS,n,2,315.01,12.73,D,0
18.19137,78.67517,342.8,0.58,0.52,2022-03-14,830,N20,VIIRS,n,2,311.65,9.19,D,0
18.19451,80.43334,335.25,0.38,0.59,2022-03-14,830,N20,VIIRS,l,2,309.57,2.0,D,0
18.19767,80.35983,345.18,0.37,0.58,2022-03-14,830,N20,VIIRS,n,2,308.95,3.47,D,0
18.19884,78.07902,339.07,0.53,0.5,2022-03-14,830,N20,VIIRS,n,2,313.38,4.2,D,0
18.204,81.01913,337.78,0.42,0.61,2022-03-14,830,N20,VIIRS,n,2,305.04,5.64,D,0
18.20403,79.62302,350.72,0.34,0.56,2022-03-14,830,N20,VIIRS,n,2,306.89,2.16,D,0
18.20557,81.0155,333.28,0.41,0.61,2022-03-14,830,N20,VIIRS,n,2,307.0,4.29,D,0
18.20599,81.0194,341.13,0.41,0.61,2022-03-14,830,N20,VIIRS,n,2,305.63,5.06,D,0
18.20648,79.89178,346.27,0.35,0.57,2022-03-14,830,N20,VIIRS,n,2,313.04,3.18,D,0
18.20768,80.30087,345.1,0.37,0.58,2022-03-14,830,N20,VIIRS,n,2,308.96,3.2,D,0
18.20805,80.30436,335.64,0.37,0.58,2022-03-14,830,N20,VIIRS,l,2,309.21,3.2,D,0
18.21018,78.71228,338.64,0.58,0.52,2022-03-14,830,N20,VIIRS,l,2,313.05,6.41,D,0
18.21072,80.43136,339.74,0.38,0.59,2022-03-14,830,N20,VIIRS,n,2,307.82,2.33,D,0
18.21111,80.43502,337.34,0.38,0.59,2022-03-14,830,N20,VIIRS,l,2,307.43,2.33,D,0
18.22169,80.29937,339.67,0.37,0.58,2022-03-14,830,N20,VIIRS,n,2,307.81,2.59,D,0
18.2238,80.29936,367.0,0.37,0.58,2022-03-14,830,N20,VIIRS,h,2,310.4,6.64,D,0
18.22453,77.51669,350.34,0.49,0.48,2022-03-14,830,N20,VIIRS,l,2,322.2,12.19,D,0
18.22707,80.29883,367.0,0.37,0.58,2022-03-14,830,N20,VIIRS,h,2,310.22,9.01,D,0
18.22769,77.51638,352.01,0.49,0.48,2022-03-14,830,N20,VIIRS,n,2,323.73,15.03,D,0
18.22917,80.29884,347.0,0.37,0.58,2022-03-14,830,N20,VIIRS,n,2,308.85,5.0,D,0
18.23196,78.0873,352.92,0.53,0.5,2022-03-14,830,N20,VIIRS,n,2,315.68,9.07,D,0
18.23593,78.20493,351.1,0.54,0.51,2022-03-14,830,N20,VIIRS,n,2,317.99,7.92,D,0
18.23629,80.23012,351.68,0.37,0.58,2022-03-14,830,N20,VIIRS,n,2,311.23,5.26,D,0
18.23666,80.23372,339.36,0.37,0.58,2022-03-14,830,N20,VIIRS,l,2,309.39,3.86,D,0
18.23672,80.2871,334.82,0.37,0.58,2022-03-14,830,N20,VIIRS,l,2,307.38,4.29,D,0
18.23703,80.23734,339.22,0.37,0.58,2022-03-14,830,N20,VIIRS,n,2,306.84,3.86,D,0
18.24059,78.20432,349.92,0.54,0.51,2022-03-14,830,N20,VIIRS,n,2,316.68,7.92,D,0
18.24065,80.27259,367.0,0.37,0.58,2022-03-14,830,N20,VIIRS,h,2,310.71,8.7,D,0
18.241,80.276,334.17,0.37,0.58,2022-03-14,830,N20,VIIRS,n,2,306.89,6.21,D,0
18.2418,77.85153,341.41,0.51,0.5,2022-03-14,830,N20,VIIRS,n,2,315.78,5.69,D,0
18.24351,80.79668,355.37,0.4,0.6,2022-03-14,830,N20,VIIRS,n,2,309.73,8.07,D,0
18.24435,80.80469,355.0,0.4,0.6,2022-03-14,830,N20,VIIRS,n,2,304.43,8.07,D,0
18.24525,78.20371,355.68,0.54,0.51,2022-03-14,830,N20,VIIRS,n,2,317.33,18.17,D,0
18.24674,79.08502,341.82,0.62,0.54,2022-03-14,830,N20,VIIRS,l,2,316.49,12.41,D,0
18.24863,80.79205,348.78,0.4,0.6,2022-03-14,830,N20,VIIRS,n,2,307.08,5.24,D,0
18.24987,80.80388,349.59,0.4,0.6,2022-03-14,830,N20,VIIRS,n,2,306.83,9.05,D,0
18.25031,81.49438,332.92,0.45,0.63,2022-03-14,830,N20,VIIRS,l,2,307.19,1.95,D,0
18.25099,80.26772,335.92,0.37,0.58,2022-03-14,830,N20,VIIRS,l,2,308.67,4.43,D,0
18.2517,80.27466,334.28,0.37,0.58,2022-03-14,830,N20,VIIRS,n,2,308.59,4.01,D,0
18.25213,80.77191,335.99,0.4,0.6,2022-03-14,830,N20,VIIRS,l,2,306.02,4.68,D,0
18.2524,80.77448,342.07,0.4,0.6,2022-03-14,830,N20,VIIRS,n,2,307.78,7.19,D,0
18.25262,79.82996,352.24,0.35,0.56,2022-03-14,830,N20,VIIRS,n,2,310.88,5.44,D,0
18.25266,80.77696,367.0,0.4,0.6,2022-03-14,830,N20,VIIRS,h,2,308.06,7.19,D,0
18.25304,81.46805,336.53,0.44,0.63,2022-03-14,830,N20,VIIRS,l,2,308.82,5.2,D,0
18.25335,80.8372,333.74,0.4,0.6,2022-03-14,830,N20,VIIRS,l,2,307.08,3.14,D,0
18.25362,81.46806,339.36,0.45,0.63,2022-03-14,830,N20,VIIRS,n,2,308.28,4.49,D,0
18.25705,80.27399,367.0,0.37,0.58,2022-03-14,830,N20,VIIRS,h,2,310.92,5.57,D,0
18.25891,80.83665,336.02,0.4,0.6,2022-03-14,830,N20,VIIRS,l,2,306.92,3.14,D,0
18.26133,80.26299,335.04,0.37,0.58,2022-03-14,830,N20,VIIRS,l,2,308.18,3.04,D,0
18.26278,80.27698,331.6,0.37,0.58,2022-03-14,830,N20,VIIRS,n,2,306.31,5.57,D,0
18.26414,80.62234,339.58,0.39,0.59,2022-03-14,830,N20,VIIRS,n,2,306.75,4.09,D,0
18.26453,80.62596,344.47,0.39,0.59,2022-03-14,830,N20,VIIRS,n,2,304.88,3.87,D,0
18.26515,80.62246,342.34,0.39,0.59,2022-03-14,830,N20,VIIRS,n,2,306.3,5.81,D,0
18.26551,80.62609,340.5,0.39,0.59,2022-03-14,830,N20,VIIRS,n,2,304.01,3.57,D,0
18.26733,78.10881,345.76,0.53,0.5,2022-03-14,830,N20,VIIRS,l,2,316.23,7.01,D,0
18.26734,81.25344,330.96,0.43,0.62,2022-03-14,830,N20,VIIRS,l,2,301.74,1.72,D,0
18.26834,80.3305,339.4,0.37,0.58,2022-03-14,830,N20,VIIRS,l,2,310.49,4.24,D,0
18.27073,80.79097,337.3,0.4,0.6,2022-03-14,830,N20,VIIRS,n,2,305.74,1.95,D,0
18.27088,80.79039,336.01,0.4,0.6,2022-03-14,830,N20,VIIRS,l,2,306.04,3.89,D,0
18.27182,78.02705,339.74,0.53,0.5,2022-03-14,830,N20,VIIRS,n,2,313.67,4.21,D,0
18.27508,80.03741,341.01,0.36,0.57,2022-03-14,830,N20,VIIRS,n,2,306.99,3.83,D,0
18.27667,80.00278,338.61,0.36,0.57,2022-03-14,830,N20,VIIRS,n,2,310.05,2.34,D,0
18.27692,80.15469,367.0,0.36,0.58,2022-03-14,830,N20,VIIRS,h,2,312.88,13.81,D,0
18.27831,80.8681,347.09,0.41,0.6,2022-03-14,830,N20,VIIRS,n,2,309.01,4.06,D,0
18.27865,80.87165,339.12,0.41,0.6,2022-03-14,830,N20,VIIRS,n,2,306.35,4.06,D,0
18.27902,80.86755,340.42,0.41,0.6,2022-03-14,830,N20,VIIRS,n,2,309.3,4.19,D,0
18.27938,80.871,352.24,0.41,0.6,2022-03-14,830,N20,VIIRS,n,2,307.76,4.19,D,0
18.28125,80.09479,337.03,0.36,0.57,2022-03-14,830,N20,VIIRS,l,2,308.06,3.5,D,0
18.28225,80.15427,367.0,0.36,0.58,2022-03-14,830,N20,VIIRS,h,2,310.65,13.81,D,0
18.28308,80.80261,340.49,0.4,0.6,2022-03-14,830,N20,VIIRS,n,2,308.76,6.49,D,0
18.28333,80.80209,339.87,0.4,0.6,2022-03-14,830,N20,VIIRS,l,2,310.4,7.32,D,0
18.28393,80.86803,336.48,0.41,0.6,2022-03-14,830,N20,VIIRS,l,2,307.27,3.15,D,0
18.28464,80.86746,338.91,0.41,0.6,2022-03-14,830,N20,VIIRS,n,2,307.02,4.19,D,0
18.28744,80.62363,347.39,0.39,0.59,2022-03-14,830,N20,VIIRS,n,2,305.62,4.22,D,0
18.28745,80.05301,335.38,0.36,0.57,2022-03-14,830,N20,VIIRS,l,2,307.28,2.66,D,0
18.2878,80.6272,333.39,0.39,0.59,2022-03-14,830,N20,VIIRS,n,2,303.06,4.22,D,0
18.29026,80.332,347.22,0.37,0.58,2022-03-14,830,N20,VIIRS,n,2,310.21,3.55,D,0
18.293,80.78959,367.0,0.4,0.6,2022-03-14,830,N20,VIIRS,h,2,312.44,9.57,D,0
18.2934,80.79363,336.44,0.4,0.6,2022-03-14,830,N20,VIIRS,n,2,308.76,9.57,D,0
18.29639,80.33843,335.04,0.37,0.58,2022-03-14,830,N20,VIIRS,n,2,308.88,3.46,D,0
18.29677,80.34203,342.53,0.37,0.58,2022-03-14,830,N20,VIIRS,n,2,307.28,3.48,D,0
18.3055,81.20749,343.28,0.43,0.62,2022-03-14,830,N20,VIIRS,n,2,307.66,4.47,D,0
18.3064,80.0353,339.22,0.36,0.57,2022-03-14,830,N20,VIIRS,n,2,309.28,3.2,D,0
18.30676,80.03877,352.88,0.36,0.57,2022-03-14,830,N20,VIIRS,n,2,310.86,3.2,D,0
18.30704,80.03665,350.49,0.36,0.57,2022-03-14,830,N20,VIIRS,n,2,310.36,3.19,D,0
18.30742,80.04018,367.0,0.36,0.57,2022-03-14,830,N20,VIIRS,h,2,310.97,3.19,D,0
18.30863,81.20617,338.59,0.43,0.62,2022-03-14,830,N20,VIIRS,n,2,307.65,3.41,D,0
18.31169,80.03483,334.74,0.36,0.57,2022-03-14,830,N20,VIIRS,l,2,308.77,3.2,D,0
18.31205,80.03835,337.52,0.36,0.57,2022-03-14,830,N20,VIIRS,l,2,309.8,3.2,D,0
18.31233,80.03623,338.53,0.36,0.57,2022-03-14,830,N20,VIIRS,n,2,309.42,3.19,D,0
18.31273,80.03978,336.28,0.36,0.57,2022-03-14,830,N20,VIIRS,n,2,309.18,3.19,D,0
18.31297,80.6024,333.84,0.39,0.59,2022-03-14,830,N20,VIIRS,l,2,306.38,2.69,D,0
18.3168,80.97198,339.18,0.41,0.61,2022-03-14,830,N20,VIIRS,n,2,307.83,3.88,D,0
18.31784,80.86934,338.46,0.41,0.6,2022-03-14,830,N20,VIIRS,n,2,308.14,4.52,D,0
18.32064,81.18556,333.36,0.43,0.62,2022-03-14,830,N20,VIIRS,l,2,308.32,3.14,D,0
18.32804,81.17166,334.46,0.43,0.62,2022-03-14,830,N20,VIIRS,l,2,307.93,3.81,D,0
18.33044,81.16826,337.22,0.43,0.62,2022-03-14,830,N20,VIIRS,n,2,309.08,2.44,D,0
18.33083,81.17229,334.45,0.43,0.62,2022-03-14,830,N20,VIIRS,n,2,308.01,2.44,D,0
18.34625,77.94795,343.26,0.52,0.5,2022-03-14,830,N20,VIIRS,l,2,314.27,5.99,D,0
18.34682,77.95279,344.73,0.52,0.5,2022-03-14,830,N20,VIIRS,n,2,312.67,5.99,D,0
18.34694,80.87836,340.37,0.41,0.6,2022-03-14,830,N20,VIIRS,n,2,308.62,2.65,D,0
18.34734,80.8822,332.42,0.41,0.6,2022-03-14,830,N20,VIIRS,l,2,306.0,2.65,D,0
18.34877,80.23866,346.6,0.37,0.58,2022-03-14,830,N20,VIIRS,n,2,308.76,3.97,D,0
18.34916,77.93293,340.6,0.52,0.5,2022-03-14,830,N20,VIIRS,l,2,314.01,6.3,D,0
18.35141,77.95219,351.41,0.52,0.5,2022-03-14,830,N20,VIIRS,n,2,315.86,11.81,D,0
18.35386,80.55973,337.03,0.39,0.59,2022-03-14,830,N20,VIIRS,l,2,309.77,1.4,D,0
18.35537,78.06689,337.75,0.53,0.5,2022-03-14,830,N20,VIIRS,l,2,311.49,9.4,D,0
18.35832,80.56004,353.31,0.39,0.59,2022-03-14,830,N20,VIIRS,n,2,310.61,6.82,D,0
18.35869,80.5635,338.36,0.39,0.59,2022-03-14,830,N20,VIIRS,l,2,308.86,6.58,D,0
18.3588,80.8295,332.48,0.4,0.6,2022-03-14,830,N20,VIIRS,l,2,306.75,1.94,D,0
18.35932,80.55904,338.31,0.39,0.59,2022-03-14,830,N20,VIIRS,l,2,309.95,4.47,D,0
18.35968,80.56268,342.28,0.39,0.59,2022-03-14,830,N20,VIIRS,n,2,310.21,6.44,D,0
18.36114,80.58659,350.02,0.39,0.59,2022-03-14,830,N20,VIIRS,n,2,308.11,7.09,D,0
18.36157,80.59055,333.99,0.39,0.59,2022-03-14,830,N20,VIIRS,l,2,306.58,5.15,D,0
18.36196,80.58561,350.78,0.39,0.59,2022-03-14,830,N20,VIIRS,n,2,308.88,7.7,D,0
18.36234,80.58944,339.8,0.39,0.59,2022-03-14,830,N20,VIIRS,n,2,307.15,4.49,D,0
18.36246,80.59888,332.23,0.39,0.59,2022-03-14,830,N20,VIIRS,l,2,304.31,2.77,D,0
18.36288,80.60288,337.79,0.39,0.59,2022-03-14,830,N20,VIIRS,n,2,306.05,2.77,D,0
18.36357,80.60183,337.16,0.39,0.59,2022-03-14,830,N20,VIIRS,n,2,306.57,4.39,D,0
18.36395,80.60558,338.97,0.39,0.59,2022-03-14,830,N20,VIIRS,n,2,304.1,3.24,D,0
18.36414,80.56281,335.89,0.39,0.59,2022-03-14,830,N20,VIIRS,l,2,309.38,2.9,D,0
18.37137,81.11861,331.66,0.42,0.61,2022-03-14,830,N20,VIIRS,l,2,306.33,2.85,D,0
18.37383,80.81934,341.97,0.4,0.6,2022-03-14,830,N20,VIIRS,n,2,307.03,4.2,D,0
18.37383,81.08636,335.28,0.42,0.61,2022-03-14,830,N20,VIIRS,l,2,308.09,3.33,D,0
18.37465,80.81974,340.87,0.4,0.6,2022-03-14,830,N20,VIIRS,n,2,307.14,3.61,D,0
18.37477,80.02526,335.96,0.36,0.57,2022-03-14,830,N20,VIIRS,l,2,308.99,2.97,D,0
18.37522,80.77617,332.93,0.4,0.6,2022-03-14,830,N20,VIIRS,l,2,307.42,4.76,D,0
18.37576,80.77689,332.98,0.4,0.6,2022-03-14,830,N20,VIIRS,l,2,307.52,1.44,D,0
18.38133,80.83858,333.57,0.41,0.6,2022-03-14,830,N20,VIIRS,l,2,307.63,1.23,D,0
18.38231,80.83915,333.39,0.41,0.6,2022-03-14,830,N20,VIIRS,l,2,307.89,1.58,D,0
18.38345,79.64896,367.0,0.34,0.56,2022-03-14,830,N20,VIIRS,h,2,310.52,4.98,D,0
18.38663,80.55592,346.57,0.39,0.59,2022-03-14,830,N20,VIIRS,n,2,308.82,3.41,D,0
18.39021,79.71357,346.23,0.34,0.56,2022-03-14,830,N20,VIIRS,n,2,315.72,3.75,D,0
18.39732,78.02964,344.88,0.53,0.5,2022-03-14,830,N20,VIIRS,l,2,316.85,8.08,D,0
18.39817,78.0318,341.45,0.53,0.5,2022-03-14,830,N20,VIIRS,l,2,316.23,5.76,D,0
18.4078,80.65518,348.11,0.39,0.6,2022-03-14,830,N20,VIIRS,n,2,307.12,8.43,D,0
18.40819,80.65901,367.0,0.4,0.6,2022-03-14,830,N20,VIIRS,h,2,307.48,9.46,D,0
18.40858,80.66282,367.0,0.4,0.6,2022-03-14,830,N20,VIIRS,h,2,304.82,9.46,D,0
18.41063,80.62843,343.54,0.39,0.6,2022-03-14,830,N20,VIIRS,n,2,306.86,3.91,D,0
18.41227,80.69925,367.0,0.4,0.6,2022-03-14,830,N20,VIIRS,h,2,308.02,7.57,D,0
18.41254,80.64714,334.89,0.39,0.6,2022-03-14,830,N20,VIIRS,l,2,307.04,2.45,D,0
18.41446,80.66597,338.03,0.4,0.6,2022-03-14,830,N20,VIIRS,n,2,303.55,29.61,D,0
18.416,80.57269,348.42,0.39,0.59,2022-03-14,830,N20,VIIRS,n,2,310.58,3.86,D,0
18.41668,80.85447,342.67,0.41,0.6,2022-03-14,830,N20,VIIRS,n,2,309.48,3.44,D,0
18.41809,80.64702,334.13,0.39,0.6,2022-03-14,830,N20,VIIRS,l,2,305.87,2.45,D,0
18.41952,77.93643,347.44,0.52,0.5,2022-03-14,830,N20,VIIRS,n,2,317.81,9.94,D,0
18.42,80.66565,367.0,0.4,0.6,2022-03-14,830,N20,VIIRS,h,2,304.71,29.61,D,0
18.42304,77.92648,342.29,0.52,0.5,2022-03-14,830,N20,VIIRS,l,2,315.16,9.98,D,0
18.42358,77.93118,351.98,0.52,0.5,2022-03-14,830,N20,VIIRS,n,2,314.89,9.94,D,0
18.42411,77.93585,354.45,0.52,0.5,2022-03-14,830,N20,VIIRS,n,2,314.29,9.94,D,0
18.42466,77.94068,339.29,0.52,0.5,2022-03-14,830,N20,VIIRS,l,2,312.06,8.31,D,0
18.42514,80.66151,335.27,0.4,0.6,2022-03-14,830,N20,VIIRS,n,2,307.39,3.65,D,0
18.42557,78.72687,342.68,0.59,0.53,2022-03-14,830,N20,VIIRS,n,2,315.05,5.9,D,0
18.42817,77.93066,348.23,0.52,0.5,2022-03-14,830,N20,VIIRS,n,2,312.61,6.44,D,0
18.42872,77.93539,343.25,0.52,0.5,2022-03-14,830,N20,VIIRS,n,2,312.49,6.44,D,0
18.4413,80.6563,367.0,0.4,0.6,2022-03-14,830,N20,VIIRS,h,2,311.84,13.38,D,0
18.44564,78.29412,341.54,0.55,0.51,2022-03-14,830,N20,VIIRS,l,2,314.15,6.81,D,0
18.44565,78.31227,347.63,0.55,0.51,2022-03-14,830,N20,VIIRS,n,2,315.76,11.36,D,0
18.44604,80.14965,340.44,0.37,0.58,2022-03-14,830,N20,VIIRS,n,2,309.96,3.34,D,0
18.44797,78.31518,342.91,0.55,0.51,2022-03-14,830,N20,VIIRS,n,2,312.17,12.98,D,0
18.45058,79.69078,335.33,0.34,0.56,2022-03-14,830,N20,VIIRS,n,2,310.07,5.67,D,0
18.45122,80.59179,346.9,0.39,0.59,2022-03-14,830,N20,VIIRS,n,2,310.85,5.93,D,0
18.45211,78.30937,344.0,0.55,0.51,2022-03-14,830,N20,VIIRS,n,2,311.83,9.3,D,0
18.45597,80.58423,342.19,0.39,0.59,2022-03-14,830,N20,VIIRS,n,2,311.45,3.52,D,0
18.45611,79.69351,367.0,0.34,0.56,2022-03-14,830,N20,VIIRS,h,2,313.22,5.67,D,0
18.45683,78.30885,353.02,0.55,0.51,2022-03-14,830,N20,VIIRS,n,2,313.08,9.3,D,0
18.45702,80.58441,343.19,0.39,0.59,2022-03-14,830,N20,VIIRS,n,2,312.02,4.12,D,0
18.45949,80.56512,343.04,0.39,0.59,2022-03-14,830,N20,VIIRS,n,2,310.75,3.24,D,0
18.45993,80.56924,336.65,0.39,0.59,2022-03-14,830,N20,VIIRS,l,2,307.19,3.24,D,0
18.46066,80.56527,344.24,0.39,0.59,2022-03-14,830,N20,VIIRS,n,2,311.63,4.44,D,0
18.46072,80.5767,344.91,0.39,0.59,2022-03-14,830,N20,VIIRS,n,2,312.06,7.79,D,0
18.4608,80.79053,342.35,0.4,0.6,2022-03-14,830,N20,VIIRS,n,2,307.03,4.85,D,0
18.4611,80.58028,340.14,0.39,0.59,2022-03-14,830,N20,VIIRS,l,2,313.41,3.74,D,0
18.46147,80.58383,342.32,0.39,0.59,2022-03-14,830,N20,VIIRS,l,2,312.53,3.74,D,0
18.46181,80.57682,338.17,0.39,0.59,2022-03-14,830,N20,VIIRS,l,2,312.6,5.92,D,0
18.46216,80.58039,353.3,0.39,0.59,2022-03-14,830,N20,VIIRS,n,2,314.94,4.12,D,0
18.46251,80.58399,345.56,0.39,0.59,2022-03-14,830,N20,VIIRS,n,2,312.68,4.12,D,0
18.46497,80.56464,343.28,0.39,0.59,2022-03-14,830,N20,VIIRS,n,2,311.99,3.24,D,0
18.46615,80.5648,342.21,0.39,0.59,2022-03-14,830,N20,VIIRS,l,2,312.26,3.16,D,0
18.46655,80.57943,340.99,0.39,0.59,2022-03-14,830,N20,VIIRS,l,2,313.23,3.74,D,0
18.4709,80.94349,335.24,0.41,0.61,2022-03-14,830,N20,VIIRS,n,2,309.38,1.86,D,0
18.47729,79.93781,346.03,0.35,0.57,2022-03-14,830,N20,VIIRS,n,2,312.44,6.92,D,0
18.4811,78.06471,344.51,0.53,0.5,2022-03-14,830,N20,VIIRS,l,2,319.34,11.13,D,0
18.48657,79.97457,340.43,0.36,0.57,2022-03-14,830,N20,VIIRS,n,2,310.4,2.57,D,0
18.48693,79.97794,341.32,0.36,0.57,2022-03-14,830,N20,VIIRS,n,2,308.9,2.57,D,0
18.49125,81.37514,341.09,0.44,0.62,2022-03-14,830,N20,VIIRS,n,2,308.69,3.29,D,0
18.49272,77.88473,342.81,0.52,0.5,2022-03-14,830,N20,VIIRS,l,2,314.26,12.35,D,0
18.49296,77.88779,349.76,0.52,0.5,2022-03-14,830,N20,VIIRS,n,2,314.5,9.89,D,0
18.49376,79.84533,333.71,0.35,0.57,2022-03-14,830,N20,VIIRS,l,2,307.93,1.06,D,0
18.49604,79.96355,335.63,0.36,0.57,2022-03-14,830,N20,VIIRS,n,2,309.44,3.33,D,0
18.4964,79.96693,350.08,0.36,0.57,2022-03-14,830,N20,VIIRS,n,2,310.6,4.36,D,0
18.50626,79.91093,367.0,0.35,0.57,2022-03-14,830,N20,VIIRS,h,2,313.43,6.03,D,0
18.50641,79.91103,367.0,0.35,0.57,2022-03-14,830,N20,VIIRS,h,2,314.62,7.18,D,0
18.50662,79.9143,337.71,0.35,0.57,2022-03-14,830,N20,VIIRS,n,2,307.79,6.03,D,0
18.50737,80.32263,333.19,0.38,0.58,2022-03-14,830,N20,VIIRS,n,2,307.29,2.11,D,0
18.51081,80.78987,339.97,0.4,0.6,2022-03-14,830,N20,VIIRS,n,2,307.35,3.97,D,0
18.51166,79.91045,338.93,0.35,0.57,2022-03-14,830,N20,VIIRS,n,2,310.47,7.18,D,0
18.51187,79.91369,354.31,0.35,0.57,2022-03-14,830,N20,VIIRS,n,2,308.9,6.03,D,0
18.512,79.91379,342.26,0.35,0.57,2022-03-14,830,N20,VIIRS,n,2,307.84,8.94,D,0
18.51283,79.0609,337.05,0.62,0.54,2022-03-14,830,N20,VIIRS,l,2,311.07,10.34,D,0
18.514,79.05933,340.34,0.62,0.54,2022-03-14,830,N20,VIIRS,n,2,310.93,9.51,D,0
18.51541,78.36113,343.97,0.56,0.51,2022-03-14,830,N20,VIIRS,l,2,315.39,8.74,D,0
18.5177,80.69102,339.26,0.4,0.6,2022-03-14,830,N20,VIIRS,n,2,306.76,3.84,D,0
18.51775,81.40707,343.6,0.44,0.63,2022-03-14,830,N20,VIIRS,n,2,309.45,4.27,D,0
18.52046,78.15895,343.09,0.54,0.51,2022-03-14,830,N20,VIIRS,l,2,313.49,9.25,D,0
18.5229,78.15585,350.47,0.54,0.51,2022-03-14,830,N20,VIIRS,n,2,316.72,10.85,D,0
18.52501,80.65318,331.79,0.4,0.6,2022-03-14,830,N20,VIIRS,l,2,304.96,2.68,D,0
18.52513,78.15843,348.68,0.54,0.51,2022-03-14,830,N20,VIIRS,n,2,314.08,9.25,D,0
18.52757,78.15525,348.42,0.54,0.51,2022-03-14,830,N20,VIIRS,n,2,315.19,10.85,D,0
18.52981,78.15794,340.84,0.54,0.51,2022-03-14,830,N20,VIIRS,l,2,312.26,7.48,D,0
18.52996,80.48629,335.76,0.39,0.59,2022-03-14,830,N20,VIIRS,l,2,308.56,4.36,D,0
18.5336,78.34007,344.23,0.56,0.51,2022-03-14,830,N20,VIIRS,l,2,314.73,10.96,D,0
18.53568,80.64864,340.98,0.4,0.6,2022-03-14,830,N20,VIIRS,n,2,307.29,3.45,D,0
18.53591,78.45573,345.81,0.57,0.52,2022-03-14,830,N20,VIIRS,n,2,313.46,11.63,D,0
18.53663,78.50416,342.91,0.57,0.52,2022-03-14,830,N20,VIIRS,n,2,312.14,5.12,D,0
18.53723,78.34251,339.65,0.56,0.51,2022-03-14,830,N20,VIIRS,l,2,314.24,8.78,D,0
18.5393,80.5229,349.91,0.39,0.59,2022-03-14,830,N20,VIIRS,n,2,306.08,4.43,D,0
18.54161,80.65215,337.36,0.4,0.6,2022-03-14,830,N20,VIIRS,n,2,306.85,3.56,D,0
18.54344,78.04453,350.46,0.53,0.5,2022-03-14,830,N20,VIIRS,n,2,319.78,9.73,D,0
18.5437,81.00732,335.97,0.42,0.61,2022-03-14,830,N20,VIIRS,n,2,306.04,2.88,D,0
18.5443,80.51794,339.49,0.39,0.59,2022-03-14,830,N20,VIIRS,n,2,307.35,4.43,D,0
18.54534,79.6795,367.0,0.34,0.56,2022-03-14,830,N20,VIIRS,h,2,314.05,6.88,D,0
18.54615,80.69617,332.49,0.4,0.6,2022-03-14,830,N20,VIIRS,l,2,307.27,1.47,D,0
18.54714,80.65177,335.29,0.4,0.6,2022-03-14,830,N20,VIIRS,l,2,307.14,3.56,D,0
18.54935,80.5134,352.75,0.39,0.59,2022-03-14,830,N20,VIIRS,n,2,309.7,4.81,D,0
18.55124,80.74573,332.27,0.4,0.6,2022-03-14,830,N20,VIIRS,l,2,306.0,2.46,D,0
18.56229,80.52066,338.53,0.39,0.59,2022-03-14,830,N20,VIIRS,n,2,308.4,4.0,D,0
18.56443,79.61493,337.35,0.34,0.56,2022-03-14,830,N20,VIIRS,l,2,310.19,3.76,D,0
18.56695,80.62811,331.6,0.39,0.6,2022-03-14,830,N20,VIIRS,l,2,305.43,2.2,D,0
18.56702,80.62524,333.26,0.4,0.6,2022-03-14,830,N20,VIIRS,l,2,306.64,2.64,D,0
18.58763,79.63594,367.0,0.34,0.56,2022-03-14,830,N20,VIIRS,h,2,317.62,10.38,D,0
18.58974,79.63485,354.72,0.34,0.56,2022-03-14,830,N20,VIIRS,n,2,317.7,11.19,D,0
18.59111,80.05782,332.07,0.36,0.58,2022-03-14,830,N20,VIIRS,l,2,306.65,1.85,D,0
18.59252,80.82952,333.13,0.41,0.6,2022-03-14,830,N20,VIIRS,l,2,307.53,3.14,D,0
18.60102,78.85247,339.78,0.6,0.53,2022-03-14,830,N20,VIIRS,n,2,312.21,3.95,D,0
18.60601,81.28731,367.0,0.44,0.62,2022-03-14,830,N20,VIIRS,h,2,313.55,16.44,D,0
18.62318,80.41483,337.42,0.38,0.59,2022-03-14,830,N20,VIIRS,n,2,307.64,2.22,D,0
18.62553,80.49077,367.0,0.39,0.59,2022-03-14,830,N20,VIIRS,h,2,309.97,5.34,D,0
18.62589,80.49432,347.83,0.39,0.59,2022-03-14,830,N20,VIIRS,n,2,308.22,5.34,D,0
18.62823,80.41059,337.01,0.38,0.59,2022-03-14,830,N20,VIIRS,n,2,307.52,2.22,D,0
18.63042,80.43169,341.56,0.38,0.59,2022-03-14,830,N20,VIIRS,n,2,307.48,5.06,D,0
18.63157,80.44273,343.75,0.38,0.59,2022-03-14,830,N20,VIIRS,n,2,311.76,29.52,D,0
18.63184,78.74887,336.18,0.59,0.53,2022-03-14,830,N20,VIIRS,l,2,311.0,6.28,D,0
18.63195,80.44633,367.0,0.38,0.59,2022-03-14,830,N20,VIIRS,l,2,327.43,79.86,D,0
18.63697,80.44169,339.52,0.38,0.59,2022-03-14,830,N20,VIIRS,n,2,308.52,3.83,D,0
18.64187,77.27134,345.73,0.48,0.48,2022-03-14,830,N20,VIIRS,l,2,318.9,7.93,D,0
18.65144,80.42236,335.8,0.38,0.59,2022-03-14,830,N20,VIIRS,l,2,308.47,4.31,D,0
18.65607,79.7668,343.22,0.35,0.56,2022-03-14,830,N20,VIIRS,n,2,312.97,1.42,D,0
18.65832,79.8879,345.49,0.35,0.57,2022-03-14,830,N20,VIIRS,n,2,316.67,4.22,D,0
18.66602,80.27527,353.77,0.38,0.58,2022-03-14,830,N20,VIIRS,n,2,307.71,4.94,D,0
18.67155,79.7149,367.0,0.34,0.56,2022-03-14,830,N20,VIIRS,h,2,315.07,5.16,D,0
18.67188,79.71801,350.06,0.34,0.56,2022-03-14,830,N20,VIIRS,n,2,316.43,5.16,D,0
18.67232,80.5155,345.56,0.39,0.59,2022-03-14,830,N20,VIIRS,n,2,309.28,4.2,D,0
18.67272,80.51934,346.99,0.39,0.59,2022-03-14,830,N20,VIIRS,n,2,306.81,4.2,D,0
18.67293,79.44352,342.01,0.33,0.55,2022-03-14,830,N20,VIIRS,n,2,310.52,3.66,D,0
18.67357,80.51561,355.59,0.39,0.59,2022-03-14,830,N20,VIIRS,n,2,312.82,5.16,D,0
18.67395,80.51949,355.6,0.39,0.59,2022-03-14,830,N20,VIIRS,n,2,309.02,5.16,D,0
18.677,80.32995,347.49,0.38,0.59,2022-03-14,830,N20,VIIRS,n,2,307.31,5.04,D,0
18.6778,80.51508,343.93,0.39,0.59,2022-03-14,830,N20,VIIRS,n,2,312.81,6.67,D,0
18.67822,80.51904,367.0,0.39,0.59,2022-03-14,830,N20,VIIRS,h,2,314.43,6.67,D,0
18.67906,80.51521,342.51,0.39,0.59,2022-03-14,830,N20,VIIRS,n,2,311.83,5.16,D,0
18.67946,80.51927,352.15,0.39,0.59,2022-03-14,830,N20,VIIRS,n,2,311.51,5.16,D,0
18.68629,80.42204,337.27,0.38,0.59,2022-03-14,830,N20,VIIRS,l,2,308.29,2.95,D,0
18.68666,80.42566,335.57,0.38,0.59,2022-03-14,830,N20,VIIRS,l,2,307.4,2.47,D,0
18.70411,79.86918,342.78,0.35,0.57,2022-03-14,830,N20,VIIRS,n,2,314.69,4.06,D,0
18.70412,79.86772,344.62,0.35,0.57,2022-03-14,830,N20,VIIRS,n,2,314.85,3.64,D,0
18.70802,80.41944,339.65,0.38,0.59,2022-03-14,830,N20,VIIRS,n,2,307.89,3.92,D,0
18.71278,80.74373,336.52,0.4,0.6,2022-03-14,830,N20,VIIRS,l,2,309.13,3.62,D,0
18.71594,80.38947,355.92,0.38,0.59,2022-03-14,830,N20,VIIRS,n,2,310.81,5.54,D,0
18.72136,80.33588,344.3,0.38,0.59,2022-03-14,830,N20,VIIRS,n,2,311.79,6.07,D,0
18.72318,78.18278,339.04,0.55,0.51,2022-03-14,830,N20,VIIRS,l,2,313.57,4.2,D,0
18.7293,80.51966,336.01,0.39,0.59,2022-03-14,830,N20,VIIRS,l,2,309.55,2.82,D,0
18.72969,80.52345,334.86,0.39,0.59,2022-03-14,830,N20,VIIRS,l,2,309.46,2.82,D,0
18.73956,80.40541,367.0,0.38,0.59,2022-03-14,830,N20,VIIRS,h,2,312.34,10.43,D,0
18.74426,80.3978,348.45,0.38,0.59,2022-03-14,830,N20,VIIRS,n,2,310.87,8.58,D,0
18.74494,80.7286,338.05,0.4,0.6,2022-03-14,830,N20,VIIRS,l,2,309.84,3.98,D,0
18.75234,80.26715,337.33,0.38,0.58,2022-03-14,830,N20,VIIRS,l,2,308.63,1.78,D,0
18.75484,80.26573,347.13,0.38,0.58,2022-03-14,830,N20,VIIRS,n,2,310.16,4.43,D,0
18.75776,80.26685,335.4,0.38,0.58,2022-03-14,830,N20,VIIRS,l,2,310.04,1.9,D,0
18.77054,81.04198,341.75,0.42,0.61,2022-03-14,830,N20,VIIRS,n,2,311.25,8.1,D,0
18.77094,81.046,349.65,0.42,0.61,2022-03-14,830,N20,VIIRS,n,2,308.4,7.68,D,0
18.77411,79.45929,367.0,0.33,0.55,2022-03-14,830,N20,VIIRS,h,2,319.01,9.49,D,0
18.77504,80.30403,348.04,0.38,0.59,2022-03-14,830,N20,VIIRS,n,2,311.16,3.73,D,0
18.77616,79.46002,367.0,0.33,0.55,2022-03-14,830,N20,VIIRS,h,2,317.3,5.01,D,0
18.78115,80.31037,351.89,0.38,0.59,2022-03-14,830,N20,VIIRS,n,2,312.87,5.87,D,0
18.78223,80.32114,350.7,0.38,0.59,2022-03-14,830,N20,VIIRS,n,2,308.68,2.84,D,0
18.78305,80.1687,348.33,0.37,0.58,2022-03-14,830,N20,VIIRS,n,2,312.18,5.43,D,0
18.78311,80.99587,344.82,0.42,0.61,2022-03-14,830,N20,VIIRS,n,2,311.64,3.75,D,0
18.7834,80.17214,353.25,0.37,0.58,2022-03-14,830,N20,VIIRS,n,2,310.5,5.43,D,0
18.78352,80.99995,337.09,0.42,0.61,2022-03-14,830,N20,VIIRS,n,2,309.06,3.75,D,0
18.78376,80.17568,346.42,0.37,0.58,2022-03-14,830,N20,VIIRS,n,2,310.87,7.17,D,0
18.78451,80.18301,339.06,0.37,0.58,2022-03-14,830,N20,VIIRS,l,2,311.63,4.2,D,0
18.78541,79.54347,353.77,0.34,0.56,2022-03-14,830,N20,VIIRS,n,2,314.53,8.0,D,0
18.78755,80.98334,349.17,0.42,0.61,2022-03-14,830,N20,VIIRS,n,2,309.94,7.24,D,0
18.78766,80.32079,334.95,0.38,0.59,2022-03-14,830,N20,VIIRS,l,2,308.08,2.84,D,0
18.78796,80.98736,336.25,0.42,0.61,2022-03-14,830,N20,VIIRS,l,2,308.72,6.69,D,0
18.78804,80.32456,344.14,0.38,0.59,2022-03-14,830,N20,VIIRS,n,2,309.04,2.84,D,0
18.78838,80.76888,331.87,0.41,0.6,2022-03-14,830,N20,VIIRS,l,2,304.84,3.33,D,0
18.7915,79.47715,340.49,0.33,0.56,2022-03-14,830,N20,VIIRS,l,2,314.96,5.82,D,0
18.79194,80.14998,353.66,0.37,0.58,2022-03-14,830,N20,VIIRS,n,2,311.15,8.18,D,0
18.79393,80.4376,348.24,0.39,0.59,2022-03-14,830,N20,VIIRS,n,2,311.93,6.09,D,0
18.79575,79.83089,341.92,0.35,0.57,2022-03-14,830,N20,VIIRS,l,2,314.31,3.98,D,0
18.79585,81.18185,332.24,0.43,0.62,2022-03-14,830,N20,VIIRS,n,2,305.92,1.61,D,0
18.79621,80.13895,339.0,0.37,0.58,2022-03-14,830,N20,VIIRS,l,2,310.16,36.38,D,0
18.79656,80.14237,356.09,0.37,0.58,2022-03-14,830,N20,VIIRS,n,2,316.46,36.38,D,0
18.79692,80.14581,347.76,0.37,0.58,2022-03-14,830,N20,VIIRS,n,2,308.59,25.81,D,0
18.79728,80.14923,354.43,0.37,0.58,2022-03-14,830,N20,VIIRS,n,2,316.93,25.81,D,0
18.79763,80.15265,348.94,0.37,0.58,2022-03-14,830,N20,VIIRS,n,2,310.49,6.43,D,0
18.80108,80.34511,350.31,0.38,0.59,2022-03-14,830,N20,VIIRS,n,2,311.22,6.3,D,0
18.8012,80.13493,354.84,0.37,0.58,2022-03-14,830,N20,VIIRS,n,2,313.23,8.55,D,0
18.80227,80.14524,367.0,0.37,0.58,2022-03-14,830,N20,VIIRS,h,2,308.85,25.81,D,0
18.80298,80.15207,336.0,0.37,0.58,2022-03-14,830,N20,VIIRS,l,2,308.62,6.43,D,0
18.80334,80.15549,347.37,0.37,0.58,2022-03-14,830,N20,VIIRS,n,2,308.94,6.43,D,0
18.80364,80.37029,343.17,0.38,0.59,2022-03-14,830,N20,VIIRS,n,2,310.13,2.7,D,0
18.80691,80.13782,348.74,0.37,0.58,2022-03-14,830,N20,VIIRS,n,2,311.74,3.49,D,0
18.80727,80.14126,343.96,0.37,0.58,2022-03-14,830,N20,VIIRS,n,2,311.3,3.49,D,0
18.81075,80.44044,338.09,0.39,0.59,2022-03-14,830,N20,VIIRS,l,2,312.14,3.93,D,0
18.81261,81.00523,335.36,0.42,0.61,2022-03-14,830,N20,VIIRS,n,2,309.57,2.63,D,0
18.82547,77.98111,345.62,0.53,0.5,2022-03-14,830,N20,VIIRS,n,2,314.71,8.67,D,0
18.82626,80.32368,337.02,0.38,0.59,2022-03-14,830,N20,VIIRS,l,2,309.65,2.07,D,0
18.82698,81.26208,334.07,0.44,0.62,2022-03-14,830,N20,VIIRS,n,2,308.04,3.82,D,0
18.8281,80.23653,367.0,0.37,0.58,2022-03-14,830,N20,VIIRS,h,2,314.76,10.35,D,0
18.8297,79.8469,343.89,0.35,0.57,2022-03-14,830,N20,VIIRS,n,2,313.63,7.48,D,0
18.83004,79.8503,354.91,0.35,0.57,2022-03-14,830,N20,VIIRS,n,2,313.73,7.72,D,0
18.83165,80.32288,340.05,0.38,0.59,2022-03-14,830,N20,VIIRS,n,2,309.45,2.07,D,0
18.83786,80.32988,367.0,0.38,0.59,2022-03-14,830,N20,VIIRS,h,2,312.69,6.25,D,0
18.83825,80.33365,333.84,0.38,0.59,2022-03-14,830,N20,VIIRS,n,2,308.59,6.25,D,0
18.84505,80.67007,335.1,0.4,0.6,2022-03-14,830,N20,VIIRS,l,2,306.93,3.41,D,0
18.85212,80.79672,340.15,0.41,0.61,2022-03-14,830,N20,VIIRS,n,2,309.37,1.65,D,0
18.85414,80.32846,353.39,0.38,0.59,2022-03-14,830,N20,VIIRS,n,2,312.33,3.32,D,0
18.85577,80.15726,349.32,0.37,0.58,2022-03-14,830,N20,VIIRS,n,2,313.59,5.07,D,0
18.85604,80.32465,341.98,0.38,0.59,2022-03-14,830,N20,VIIRS,n,2,313.13,7.21,D,0
18.85641,80.32835,367.0,0.38,0.59,2022-03-14,830,N20,VIIRS,h,2,313.49,8.15,D,0
18.85768,80.1572,351.12,0.37,0.58,2022-03-14,830,N20,VIIRS,n,2,314.7,6.52,D,0
18.85955,80.32785,343.56,0.38,0.59,2022-03-14,830,N20,VIIRS,n,2,312.42,4.09,D,0
18.86139,80.94749,336.51,0.42,0.61,2022-03-14,830,N20,VIIRS,l,2,310.0,2.92,D,0
18.86204,80.67207,342.04,0.4,0.6,2022-03-14,830,N20,VIIRS,n,2,311.61,4.89,D,0
18.87467,80.1301,338.35,0.37,0.58,2022-03-14,830,N20,VIIRS,l,2,311.66,3.56,D,0
18.87933,80.1227,341.45,0.37,0.58,2022-03-14,830,N20,VIIRS,l,2,312.78,9.64,D,0
18.88326,79.60555,350.12,0.34,0.56,2022-03-14,830,N20,VIIRS,n,2,313.91,4.15,D,0
18.89123,80.8484,345.19,0.41,0.61,2022-03-14,830,N20,VIIRS,n,2,312.53,6.61,D,0
18.892,80.03648,336.98,0.36,0.58,2022-03-14,830,N20,VIIRS,l,2,309.43,3.44,D,0
18.91562,80.10781,343.7,0.37,0.58,2022-03-14,830,N20,VIIRS,n,2,313.68,4.33,D,0
18.92112,80.05753,345.85,0.37,0.58,2022-03-14,830,N20,VIIRS,n,2,312.76,5.5,D,0
18.9215,80.0611,343.02,0.37,0.58,2022-03-14,830,N20,VIIRS,n,2,310.45,5.81,D,0
18.92359,80.90574,335.93,0.42,0.61,2022-03-14,830,N20,VIIRS,l,2,309.44,4.15,D,0
18.92536,80.90469,343.21,0.42,0.61,2022-03-14,830,N20,VIIRS,n,2,310.04,4.77,D,0
18.93447,81.27895,337.7,0.44,0.62,2022-03-14,830,N20,VIIRS,l,2,310.76,2.8,D,0
18.93922,80.12643,367.0,0.37,0.58,2022-03-14,830,N20,VIIRS,h,2,315.45,16.21,D,0
18.93959,80.12991,367.0,0.37,0.58,2022-03-14,830,N20,VIIRS,h,2,319.36,21.08,D,0
18.94278,80.12818,343.49,0.37,0.58,2022-03-14,830,N20,VIIRS,l,2,314.19,5.41,D,0
18.94784,81.18078,336.36,0.43,0.62,2022-03-14,830,N20,VIIRS,l,2,310.83,1.8,D,0
18.94983,81.18183,340.65,0.43,0.62,2022-03-14,830,N20,VIIRS,n,2,309.85,1.93,D,0
18.9561,80.04544,342.86,0.37,0.58,2022-03-14,830,N20,VIIRS,n,2,312.22,2.85,D,0
18.95938,78.72276,336.67,0.6,0.53,2022-03-14,830,N20,VIIRS,l,2,311.28,5.64,D,0
18.96002,78.72862,340.42,0.6,0.53,2022-03-14,830,N20,VIIRS,n,2,311.04,5.05,D,0
18.96448,80.21082,346.3,0.37,0.58,2022-03-14,830,N20,VIIRS,n,2,312.13,3.98,D,0
18.96711,80.20925,350.03,0.37,0.58,2022-03-14,830,N20,VIIRS,n,2,311.31,4.2,D,0
18.97037,78.91444,336.3,0.62,0.54,2022-03-14,830,N20,VIIRS,l,2,309.15,5.23,D,0
18.97067,80.19047,338.53,0.37,0.58,2022-03-14,830,N20,VIIRS,n,2,309.33,4.21,D,0
18.97188,80.99234,330.91,0.42,0.61,2022-03-14,830,N20,VIIRS,l,2,305.49,2.01,D,0
18.97569,81.15,338.86,0.43,0.62,2022-03-14,830,N20,VIIRS,l,2,309.79,5.39,D,0
18.97602,80.18961,339.23,0.37,0.58,2022-03-14,830,N20,VIIRS,n,2,312.06,4.21,D,0
18.97639,80.19333,367.0,0.37,0.58,2022-03-14,830,N20,VIIRS,h,2,312.92,4.21,D,0
18.97676,80.19698,339.83,0.37,0.58,2022-03-14,830,N20,VIIRS,n,2,310.42,4.6,D,0
18.98329,80.10075,338.76,0.37,0.58,2022-03-14,830,N20,VIIRS,l,2,310.0,5.0,D,0
18.98633,81.14062,343.4,0.43,0.62,2022-03-14,830,N20,VIIRS,n,2,308.94,3.56,D,0
18.9882,80.20254,367.0,0.37,0.58,2022-03-14,830,N20,VIIRS,h,2,314.8,9.65,D,0
18.98886,80.15542,343.52,0.37,0.58,2022-03-14,830,N20,VIIRS,n,2,311.64,3.97,D,0
18.99379,80.0453,342.95,0.37,0.58,2022-03-14,830,N20,VIIRS,l,2,315.38,4.35,D,0
18.99391,80.20526,367.0,0.37,0.58,2022-03-14,830,N20,VIIRS,h,2,311.19,7.08,D,0
18.99398,80.09961,340.99,0.37,0.58,2022-03-14,830,N20,VIIRS,l,2,314.4,3.85,D,0
18.99913,80.0448,347.38,0.37,0.58,2022-03-14,830,N20,VIIRS,n,2,313.93,4.28,D,0
18.99928,80.09853,336.61,0.37,0.58,2022-03-14,830,N20,VIIRS,l,2,311.35,3.85,D,0
18.99934,78.90484,344.03,0.61,0.54,2022-03-14,830,N20,VIIRS,n,2,313.33,6.6,D,0
19.00764,80.17984,336.4,0.37,0.58,2022-03-14,830,N20,VIIRS,l,2,310.89,4.36,D,0
19.01062,80.20901,367.0,0.38,0.58,2022-03-14,830,N20,VIIRS,h,2,313.08,5.77,D,0
19.01215,80.11843,336.0,0.37,0.58,2022-03-14,830,N20,VIIRS,l,2,310.84,4.39,D,0
19.01298,78.89248,341.15,0.61,0.54,2022-03-14,830,N20,VIIRS,l,2,314.03,7.7,D,0
19.01594,80.20775,352.39,0.38,0.58,2022-03-14,830,N20,VIIRS,n,2,313.39,4.76,D,0
19.01702,79.3497,341.4,0.33,0.55,2022-03-14,830,N20,VIIRS,l,2,314.23,2.41,D,0
19.01971,80.19153,335.41,0.37,0.58,2022-03-14,830,N20,VIIRS,l,2,309.63,6.86,D,0
19.02325,80.12108,337.37,0.37,0.58,2022-03-14,830,N20,VIIRS,n,2,311.71,2.32,D,0
19.02361,80.12446,342.54,0.37,0.58,2022-03-14,830,N20,VIIRS,n,2,311.11,2.83,D,0
19.02557,81.24581,347.95,0.44,0.62,2022-03-14,830,N20,VIIRS,n,2,308.24,3.12,D,0
19.04103,80.3992,347.43,0.39,0.59,2022-03-14,830,N20,VIIRS,n,2,310.06,6.64,D,0
19.04513,80.12308,336.42,0.37,0.58,2022-03-14,830,N20,VIIRS,l,2,310.54,3.63,D,0
19.05754,79.5853,340.34,0.34,0.56,2022-03-14,830,N20,VIIRS,l,2,311.88,2.27,D,0
19.10321,80.90334,336.18,0.42,0.61,2022-03-14,830,N20,VIIRS,l,2,308.27,4.13,D,0
19.10376,80.34923,341.38,0.38,0.59,2022-03-14,830,N20,VIIRS,l,2,311.82,6.64,D,0
19.11966,80.34329,353.4,0.38,0.59,2022-03-14,830,N20,VIIRS,n,2,312.3,5.36,D,0
19.11974,80.02554,340.03,0.37,0.58,2022-03-14,830,N20,VIIRS,n,2,309.1,1.61,D,0
19.11997,79.97634,345.42,0.36,0.58,2022-03-14,830,N20,VIIRS,n,2,311.22,4.8,D,0
19.1226,80.65389,345.29,0.4,0.6,2022-03-14,830,N20,VIIRS,n,2,308.96,4.88,D,0
19.12308,80.6553,332.44,0.4,0.6,2022-03-14,830,N20,VIIRS,l,2,306.89,4.76,D,0
19.12876,78.36582,344.37,0.57,0.52,2022-03-14,830,N20,VIIRS,n,2,312.81,5.32,D,0
19.12932,80.11749,342.19,0.37,0.58,2022-03-14,830,N20,VIIRS,n,2,310.43,2.95,D,0
19.13351,78.365,340.89,0.57,0.52,2022-03-14,830,N20,VIIRS,n,2,311.82,5.32,D,0
19.14571,78.857,338.16,0.61,0.54,2022-03-14,830,N20,VIIRS,n,2,310.62,4.05,D,0
19.15527,79.4055,339.64,0.33,0.56,2022-03-14,830,N20,VIIRS,n,2,312.2,3.03,D,0
19.15527,79.70366,348.47,0.35,0.57,2022-03-14,830,N20,VIIRS,n,2,320.42,8.05,D,0
19.15563,79.40887,355.74,0.33,0.56,2022-03-14,830,N20,VIIRS,n,2,313.05,7.87,D,0
19.15892,81.348,339.87,0.45,0.63,2022-03-14,830,N20,VIIRS,l,2,313.0,5.32,D,0
19.16039,79.40494,344.5,0.33,0.56,2022-03-14,830,N20,VIIRS,n,2,309.43,3.03,D,0
19.16632,80.02187,338.17,0.37,0.58,2022-03-14,830,N20,VIIRS,l,2,309.78,3.39,D,0
19.16667,80.02534,341.06,0.37,0.58,2022-03-14,830,N20,VIIRS,n,2,310.06,3.39,D,0
19.17126,80.12556,334.01,0.37,0.58,2022-03-14,830,N20,VIIRS,l,2,308.81,1.22,D,0
19.17324,80.12253,335.47,0.37,0.58,2022-03-14,830,N20,VIIRS,n,2,309.1,2.32,D,0
19.17366,80.1264,346.42,0.37,0.58,2022-03-14,830,N20,VIIRS,n,2,309.92,2.32,D,0
19.17373,78.77508,337.28,0.61,0.53,2022-03-14,830,N20,VIIRS,l,2,308.18,8.25,D,0
19.17618,80.12056,336.21,0.37,0.58,2022-03-14,830,N20,VIIRS,l,2,308.97,4.4,D,0
19.18016,80.05224,346.63,0.37,0.58,2022-03-14,830,N20,VIIRS,n,2,309.04,4.68,D,0
19.1817,78.75706,345.77,0.6,0.53,2022-03-14,830,N20,VIIRS,n,2,309.81,7.45,D,0
19.18552,80.10555,337.38,0.37,0.58,2022-03-14,830,N20,VIIRS,l,2,310.09,6.05,D,0
19.18659,78.75639,343.67,0.6,0.53,2022-03-14,830,N20,VIIRS,n,2,311.28,7.45,D,0
19.18785,78.76788,337.59,0.61,0.53,2022-03-14,830,N20,VIIRS,n,2,309.9,2.45,D,0
19.18958,79.38767,337.53,0.33,0.55,2022-03-14,830,N20,VIIRS,n,2,312.1,2.05,D,0
19.19023,80.0985,343.91,0.37,0.58,2022-03-14,830,N20,VIIRS,n,2,309.54,5.64,D,0
19.19508,78.61035,336.96,0.59,0.53,2022-03-14,830,N20,VIIRS,l,2,311.22,4.36,D,0
19.19995,78.60993,336.19,0.59,0.53,2022-03-14,830,N20,VIIRS,l,2,310.95,4.36,D,0
19.20152,80.04984,338.58,0.37,0.58,2022-03-14,830,N20,VIIRS,l,2,311.62,4.65,D,0
19.2037,78.61303,345.77,0.59,0.53,2022-03-14,830,N20,VIIRS,n,2,312.0,5.62,D,0
19.20451,80.07915,338.15,0.37,0.58,2022-03-14,830,N20,VIIRS,l,2,309.02,2.86,D,0
19.20727,78.55405,347.22,0.59,0.53,2022-03-14,830,N20,VIIRS,l,2,318.08,14.22,D,0
19.20863,78.55649,343.12,0.59,0.53,2022-03-14,830,N20,VIIRS,l,2,315.88,5.58,D,0
19.20891,78.21207,337.08,0.56,0.51,2022-03-14,830,N20,VIIRS,l,2,311.27,6.17,D,0
19.21108,78.75326,344.61,0.6,0.53,2022-03-14,830,N20,VIIRS,n,2,311.39,10.84,D,0
19.21361,78.77601,335.92,0.61,0.53,2022-03-14,830,N20,VIIRS,l,2,310.72,4.26,D,0
19.21988,78.76736,342.52,0.61,0.53,2022-03-14,830,N20,VIIRS,n,2,310.97,8.9,D,0
19.22281,78.76931,367.0,0.61,0.53,2022-03-14,830,N20,VIIRS,h,2,314.93,17.87,D,0
19.2248,78.76682,340.77,0.61,0.53,2022-03-14,830,N20,VIIRS,l,2,313.31,8.9,D,0
19.22528,78.79139,340.14,0.61,0.53,2022-03-14,830,N20,VIIRS,l,2,312.46,9.09,D,0
19.22656,78.78364,351.3,0.61,0.53,2022-03-14,830,N20,VIIRS,n,2,311.87,7.87,D,0
19.22899,78.78003,347.32,0.61,0.53,2022-03-14,830,N20,VIIRS,n,2,312.51,16.99,D,0
19.22959,78.7854,343.97,0.61,0.53,2022-03-14,830,N20,VIIRS,n,2,313.24,9.09,D,0
19.2309,78.77755,351.4,0.61,0.53,2022-03-14,830,N20,VIIRS,n,2,314.18,12.28,D,0
19.23147,78.78298,345.52,0.61,0.53,2022-03-14,830,N20,VIIRS,n,2,314.05,12.28,D,0
19.23389,78.77934,367.0,0.61,0.53,2022-03-14,830,N20,VIIRS,h,2,315.1,20.55,D,0
19.2358,78.77686,347.85,0.61,0.53,2022-03-14,830,N20,VIIRS,n,2,315.39,12.28,D,0
19.23619,77.07959,345.34,0.47,0.48,2022-03-14,830,N20,VIIRS,n,2,319.31,8.18,D,0
19.24841,78.52683,341.27,0.59,0.52,2022-03-14,830,N20,VIIRS,n,2,311.09,2.93,D,0
19.2497,78.53854,347.56,0.59,0.53,2022-03-14,830,N20,VIIRS,n,2,312.39,23.88,D,0
19.25014,80.47624,339.89,0.39,0.6,2022-03-14,830,N20,VIIRS,n,2,309.1,6.81,D,0
19.25052,80.47998,367.0,0.39,0.6,2022-03-14,830,N20,VIIRS,h,2,309.2,6.81,D,0
19.25518,78.54385,356.02,0.59,0.53,2022-03-14,830,N20,VIIRS,n,2,310.27,10.41,D,0
19.25602,80.47945,336.73,0.39,0.6,2022-03-14,830,N20,VIIRS,n,2,310.24,3.26,D,0
19.25912,78.80898,367.0,0.61,0.53,2022-03-14,830,N20,VIIRS,h,2,314.9,15.43,D,0
19.25974,78.81474,345.45,0.61,0.54,2022-03-14,830,N20,VIIRS,n,2,310.88,15.43,D,0
19.26002,78.5433,345.11,0.59,0.53,2022-03-14,830,N20,VIIRS,n,2,311.69,10.41,D,0
19.26466,78.81413,339.63,0.61,0.54,2022-03-14,830,N20,VIIRS,n,2,311.11,8.93,D,0
19.26608,79.29967,344.87,0.33,0.55,2022-03-14,830,N20,VIIRS,n,2,312.26,4.17,D,0
19.27203,78.74377,345.9,0.6,0.53,2022-03-14,830,N20,VIIRS,n,2,310.75,10.58,D,0
19.27261,78.70341,338.98,0.6,0.53,2022-03-14,830,N20,VIIRS,l,2,312.11,6.16,D,0
19.27633,78.73769,342.61,0.6,0.53,2022-03-14,830,N20,VIIRS,n,2,311.59,8.44,D,0
19.27695,78.74329,352.2,0.6,0.53,2022-03-14,830,N20,VIIRS,n,2,312.11,8.44,D,0
19.27755,78.74887,367.0,0.61,0.53,2022-03-14,830,N20,VIIRS,h,2,312.96,8.99,D,0
19.28184,78.74267,344.45,0.6,0.53,2022-03-14,830,N20,VIIRS,n,2,312.84,8.44,D,0
19.28245,78.74822,344.49,0.61,0.53,2022-03-14,830,N20,VIIRS,n,2,312.72,8.99,D,0
19.2851,79.10271,338.32,0.32,0.55,2022-03-14,830,N20,VIIRS,l,2,309.35,3.22,D,0
19.28673,78.74194,344.95,0.6,0.53,2022-03-14,830,N20,VIIRS,n,2,312.15,7.96,D,0
19.28734,78.74747,339.37,0.61,0.53,2022-03-14,830,N20,VIIRS,n,2,311.01,6.2,D,0
19.28773,78.66084,343.28,0.6,0.53,2022-03-14,830,N20,VIIRS,n,2,311.44,6.38,D,0
19.28982,79.09927,343.02,0.32,0.55,2022-03-14,830,N20,VIIRS,n,2,311.81,3.22,D,0
19.2901,79.10193,341.58,0.32,0.55,2022-03-14,830,N20,VIIRS,l,2,314.57,3.22,D,0
19.29023,78.68343,341.84,0.6,0.53,2022-03-14,830,N20,VIIRS,l,2,312.18,8.93,D,0
19.2926,78.66019,341.6,0.6,0.53,2022-03-14,830,N20,VIIRS,n,2,310.66,6.38,D,0
19.29322,78.66574,345.02,0.6,0.53,2022-03-14,830,N20,VIIRS,n,2,312.0,11.49,D,0
19.29966,78.76918,354.94,0.61,0.53,2022-03-14,830,N20,VIIRS,n,2,314.25,14.74,D,0
19.30417,78.19248,341.32,0.56,0.51,2022-03-14,830,N20,VIIRS,l,2,316.0,3.79,D,0
19.31108,78.69289,342.83,0.6,0.53,2022-03-14,830,N20,VIIRS,n,2,312.19,8.09,D,0
19.31596,78.69223,340.59,0.6,0.53,2022-03-14,830,N20,VIIRS,l,2,311.71,8.09,D,0
19.3186,78.69021,341.06,0.6,0.53,2022-03-14,830,N20,VIIRS,l,2,311.95,4.87,D,0
19.3202,78.68584,339.51,0.6,0.53,2022-03-14,830,N20,VIIRS,l,2,312.03,5.13,D,0
19.32287,78.6838,342.7,0.6,0.53,2022-03-14,830,N20,VIIRS,n,2,311.63,6.6,D,0
19.32507,78.68513,338.05,0.6,0.53,2022-03-14,830,N20,VIIRS,l,2,310.99,5.13,D,0
19.32726,79.35927,344.8,0.33,0.55,2022-03-14,830,N20,VIIRS,l,2,319.27,3.25,D,0
19.32782,80.13857,340.59,0.37,0.58,2022-03-14,830,N20,VIIRS,n,2,311.45,2.25,D,0
19.33996,79.18729,353.35,0.32,0.55,2022-03-14,830,N20,VIIRS,n,2,315.41,7.08,D,0
19.34271,79.76743,352.1,0.35,0.57,2022-03-14,830,N20,VIIRS,n,2,316.17,6.07,D,0
19.34295,79.76933,346.37,0.35,0.57,2022-03-14,830,N20,VIIRS,n,2,314.16,5.75,D,0
19.36434,78.65514,343.53,0.6,0.53,2022-03-14,830,N20,VIIRS,n,2,315.46,7.03,D,0
19.36599,79.83965,343.84,0.36,0.57,2022-03-14,830,N20,VIIRS,n,2,317.46,1.42,D,0
19.38567,79.87561,349.68,0.36,0.57,2022-03-14,830,N20,VIIRS,n,2,315.77,4.84,D,0
19.40361,79.44286,367.0,0.34,0.56,2022-03-14,830,N20,VIIRS,h,2,316.24,10.3,D,0
19.40367,81.32214,343.96,0.45,0.63,2022-03-14,830,N20,VIIRS,n,2,305.79,4.03,D,0
19.40597,79.44169,339.66,0.34,0.56,2022-03-14,830,N20,VIIRS,l,2,312.71,6.66,D,0
19.46372,78.77329,345.86,0.61,0.54,2022-03-14,830,N20,VIIRS,l,2,319.46,8.02,D,0
19.50843,79.40353,340.4,0.34,0.56,2022-03-14,830,N20,VIIRS,l,2,315.22,4.33,D,0
19.51294,79.24479,338.93,0.33,0.55,2022-03-14,830,N20,VIIRS,l,2,313.89,2.82,D,0
19.55717,79.62672,344.34,0.35,0.57,2022-03-14,830,N20,VIIRS,n,2,319.24,7.38,D,0
19.56752,79.32264,340.5,0.33,0.56,2022-03-14,830,N20,VIIRS,l,2,314.9,4.1,D,0
19.59273,79.03442,347.25,0.32,0.55,2022-03-14,830,N20,VIIRS,n,2,316.99,2.46,D,0
19.64045,80.02541,341.96,0.37,0.58,2022-03-14,830,N20,VIIRS,n,2,311.74,4.74,D,0
19.65387,79.03575,351.26,0.32,0.55,2022-03-14,830,N20,VIIRS,n,2,311.94,5.19,D,0
19.69506,77.64927,367.0,0.52,0.5,2022-03-14,830,N20,VIIRS,h,2,319.05,10.75,D,0
19.73591,78.0132,344.48,0.55,0.51,2022-03-14,830,N20,VIIRS,l,2,318.0,7.86,D,0
19.79457,80.55916,334.93,0.4,0.6,2022-03-14,830,N20,VIIRS,l,2,307.71,3.32,D,0
19.79975,80.55474,339.5,0.4,0.6,2022-03-14,830,N20,VIIRS,n,2,309.09,3.32,D,0
19.81066,80.90195,337.79,0.43,0.62,2022-03-14,830,N20,VIIRS,l,2,307.92,8.39,D,0
19.83857,77.93291,341.97,0.54,0.51,2022-03-14,830,N20,VIIRS,l,2,315.54,20.38,D,0
19.85378,77.20264,344.84,0.49,0.48,2022-03-14,830,N20,VIIRS,l,2,319.12,19.19,D,0
19.86272,80.63508,348.15,0.41,0.61,2022-03-14,830,N20,VIIRS,n,2,309.43,11.0,D,0
19.86346,80.64295,338.01,0.41,0.61,2022-03-14,830,N20,VIIRS,l,2,309.68,3.85,D,0
19.86414,80.6354,348.97,0.41,0.61,2022-03-14,830,N20,VIIRS,n,2,309.57,7.76,D,0
19.86495,80.64329,337.43,0.41,0.61,2022-03-14,830,N20,VIIRS,l,2,309.0,4.69,D,0
19.87502,80.64566,339.52,0.41,0.61,2022-03-14,830,N20,VIIRS,n,2,309.26,3.6,D,0
19.93845,79.34347,336.58,0.34,0.56,2022-03-14,830,N20,VIIRS,l,2,308.85,3.13,D,0
19.93877,79.34668,335.78,0.34,0.56,2022-03-14,830,N20,VIIRS,l,2,309.27,3.13,D,0
19.93909,79.34988,354.27,0.34,0.56,2022-03-14,830,N20,VIIRS,n,2,310.86,7.25,D,0
19.94122,79.34158,350.85,0.34,0.56,2022-03-14,830,N20,VIIRS,n,2,313.29,4.44,D,0
19.94156,79.34476,336.57,0.34,0.56,2022-03-14,830,N20,VIIRS,n,2,309.62,4.35,D,0
19.94191,79.34797,346.05,0.34,0.56,2022-03-14,830,N20,VIIRS,n,2,310.88,4.35,D,0
19.94226,79.35117,354.56,0.34,0.56,2022-03-14,830,N20,VIIRS,n,2,311.05,6.14,D,0
19.94359,79.34281,342.44,0.34,0.56,2022-03-14,830,N20,VIIRS,l,2,313.76,3.13,D,0
19.94594,78.96664,350.01,0.32,0.54,2022-03-14,830,N20,VIIRS,n,2,319.22,5.25,D,0
19.96014,80.59265,336.33,0.41,0.6,2022-03-14,830,N20,VIIRS,l,2,310.53,4.54,D,0
19.96147,80.55753,335.05,0.41,0.6,2022-03-14,830,N20,VIIRS,l,2,308.9,3.67,D,0
19.98612,78.25565,342.0,0.57,0.52,2022-03-14,830,N20,VIIRS,l,2,316.73,5.57,D,0
16.39949,79.60619,304.12,0.76,0.77,2022-03-14,1920,N20,VIIRS,n,2,293.54,1.95,N,0
17.7454,80.11305,307.75,0.73,0.76,2022-03-14,1920,N20,VIIRS,n,2,292.49,3.72,N,0
17.86071,80.31488,312.09,0.71,0.75,2022-03-14,1920,N20,VIIRS,n,2,291.23,2.96,N,0
17.86131,80.30814,307.76,0.71,0.75,2022-03-14,1920,N20,VIIRS,n,2,290.84,3.24,N,0
17.87484,80.30411,307.11,0.71,0.75,2022-03-14,1920,N20,VIIRS,n,2,290.83,2.72,N,0
17.87541,80.29721,319.75,0.71,0.75,2022-03-14,1920,N20,VIIRS,n,2,290.87,3.93,N,0
17.87589,80.30192,318.08,0.71,0.75,2022-03-14,1920,N20,VIIRS,n,2,291.23,3.54,N,0
17.87651,80.29504,303.46,0.71,0.75,2022-03-14,1920,N20,VIIRS,n,2,289.36,2.25,N,0
17.91068,80.1263,302.94,0.73,0.76,2022-03-14,1920,N20,VIIRS,n,2,292.33,1.97,N,0
17.92727,80.2655,303.77,0.72,0.75,2022-03-14,1920,N20,VIIRS,n,2,293.34,2.69,N,0
17.95256,80.76522,307.91,0.66,0.73,2022-03-14,1920,N20,VIIRS,n,2,295.68,2.16,N,0
17.95314,80.75893,308.34,0.66,0.73,2022-03-14,1920,N20,VIIRS,n,2,294.52,2.16,N,0
17.95514,80.76081,318.77,0.66,0.73,2022-03-14,1920,N20,VIIRS,n,2,295.47,3.14,N,0
17.95924,80.13898,307.4,0.73,0.76,2022-03-14,1920,N20,VIIRS,n,2,292.48,1.89,N,0
17.95988,80.13151,302.27,0.73,0.76,2022-03-14,1920,N20,VIIRS,n,2,291.69,1.89,N,0
17.96629,80.13943,304.21,0.73,0.76,2022-03-14,1920,N20,VIIRS,n,2,290.8,1.82,N,0
18.09261,80.21568,303.28,0.72,0.76,2022-03-14,1920,N20,VIIRS,n,2,293.19,4.86,N,0
18.09859,80.20855,319.56,0.73,0.76,2022-03-14,1920,N20,VIIRS,n,2,294.77,9.14,N,0
18.09913,80.20194,354.7,0.73,0.76,2022-03-14,1920,N20,VIIRS,n,2,296.39,9.14,N,0
18.09969,80.1951,306.95,0.73,0.76,2022-03-14,1920,N20,VIIRS,n,2,292.35,8.0,N,0
18.10022,80.20949,316.42,0.72,0.76,2022-03-14,1920,N20,VIIRS,n,2,294.45,4.86,N,0
18.10079,80.20303,353.62,0.73,0.76,2022-03-14,1920,N20,VIIRS,n,2,296.97,8.61,N,0
18.10138,80.1963,304.82,0.73,0.76,2022-03-14,1920,N20,VIIRS,n,2,292.27,8.61,N,0
18.16093,80.30662,303.77,0.72,0.75,2022-03-14,1920,N20,VIIRS,n,2,293.14,1.83,N,0
18.16792,80.30718,305.47,0.72,0.75,2022-03-14,1920,N20,VIIRS,n,2,293.87,1.83,N,0
18.23393,80.34814,305.98,0.71,0.75,2022-03-14,1920,N20,VIIRS,n,2,294.47,3.36,N,0
18.23449,80.3415,310.66,0.71,0.75,2022-03-14,1920,N20,VIIRS,n,2,294.36,3.62,N,0
18.23472,80.34689,309.97,0.71,0.75,2022-03-14,1920,N20,VIIRS,n,2,294.98,5.23,N,0
18.23702,80.79459,309.07,0.67,0.73,2022-03-14,1920,N20,VIIRS,n,2,295.43,2.07,N,0
18.24339,80.80006,306.22,0.67,0.73,2022-03-14,1920,N20,VIIRS,n,2,295.95,2.07,N,0
18.24371,80.79649,307.09,0.67,0.73,2022-03-14,1920,N20,VIIRS,n,2,293.9,2.07,N,0
18.24526,80.79997,305.52,0.67,0.73,2022-03-14,1920,N20,VIIRS,n,2,295.3,5.1,N,0
18.24558,80.79625,312.88,0.67,0.73,2022-03-14,1920,N20,VIIRS,n,2,293.86,4.65,N,0
18.25051,80.79698,306.93,0.67,0.73,2022-03-14,1920,N20,VIIRS,n,2,294.1,3.96,N,0
18.25231,80.7769,315.99,0.67,0.74,2022-03-14,1920,N20,VIIRS,n,2,294.1,4.99,N,0
18.25395,80.77796,341.3,0.67,0.74,2022-03-14,1920,N20,VIIRS,n,2,294.6,9.96,N,0
18.25894,80.77944,335.3,0.67,0.74,2022-03-14,1920,N20,VIIRS,n,2,292.87,4.99,N,0
18.26481,80.79039,311.43,0.67,0.73,2022-03-14,1920,N20,VIIRS,n,2,294.2,4.48,N,0
18.26673,80.78894,308.48,0.67,0.73,2022-03-14,1920,N20,VIIRS,n,2,294.55,3.86,N,0
18.26721,80.78327,303.95,0.67,0.74,2022-03-14,1920,N20,VIIRS,n,2,293.94,2.88,N,0
18.273,80.77563,304.73,0.67,0.74,2022-03-14,1920,N20,VIIRS,n,2,294.41,2.45,N,0
18.27802,80.87067,307.01,0.66,0.73,2022-03-14,1920,N20,VIIRS,n,2,295.1,2.7,N,0
18.28036,80.87023,307.55,0.66,0.73,2022-03-14,1920,N20,VIIRS,n,2,294.93,3.86,N,0
18.28487,80.87032,304.98,0.66,0.73,2022-03-14,1920,N20,VIIRS,n,2,294.78,2.15,N,0
18.37356,81.11685,304.74,0.64,0.72,2022-03-14,1920,N20,VIIRS,n,2,294.51,2.07,N,0
18.42332,80.66465,317.12,0.68,0.74,2022-03-14,1920,N20,VIIRS,n,2,292.26,3.57,N,0
18.52678,80.51118,304.68,0.7,0.75,2022-03-14,1920,N20,VIIRS,n,2,293.45,0.78,N,0
18.52693,80.51186,305.09,0.7,0.75,2022-03-14,1920,N20,VIIRS,n,2,293.56,1.45,N,0
18.53479,80.49875,311.76,0.7,0.75,2022-03-14,1920,N20,VIIRS,n,2,294.27,4.01,N,0
18.53503,80.49945,312.29,0.7,0.75,2022-03-14,1920,N20,VIIRS,n,2,294.2,3.45,N,0
18.53593,80.48508,305.14,0.7,0.75,2022-03-14,1920,N20,VIIRS,n,2,294.27,2.69,N,0
18.53625,80.48576,305.02,0.7,0.75,2022-03-14,1920,N20,VIIRS,n,2,294.3,3.96,N,0
18.53691,80.63914,304.32,0.69,0.74,2022-03-14,1920,N20,VIIRS,n,2,294.19,1.61,N,0
18.54337,80.64465,303.85,0.69,0.74,2022-03-14,1920,N20,VIIRS,n,2,293.21,1.99,N,0
18.5435,80.47812,314.86,0.7,0.75,2022-03-14,1920,N20,VIIRS,n,2,295.31,2.69,N,0
18.54865,80.50009,322.9,0.7,0.75,2022-03-14,1920,N20,VIIRS,n,2,295.56,2.55,N,0
18.54928,80.49252,304.99,0.7,0.75,2022-03-14,1920,N20,VIIRS,n,2,292.83,2.55,N,0
18.55558,80.50066,313.89,0.7,0.75,2022-03-14,1920,N20,VIIRS,n,2,294.98,2.55,N,0
18.5562,80.49333,308.25,0.7,0.75,2022-03-14,1920,N20,VIIRS,n,2,293.64,2.55,N,0
18.55661,80.65179,306.7,0.69,0.74,2022-03-14,1920,N20,VIIRS,n,2,293.56,2.07,N,0
18.56194,80.508,304.25,0.7,0.75,2022-03-14,1920,N20,VIIRS,n,2,293.81,1.81,N,0
18.5682,80.51648,316.71,0.7,0.75,2022-03-14,1920,N20,VIIRS,n,2,294.82,1.81,N,0
18.56889,80.50842,305.35,0.7,0.75,2022-03-14,1920,N20,VIIRS,n,2,293.41,1.81,N,0
18.59933,80.55972,301.83,0.7,0.75,2022-03-14,1920,N20,VIIRS,n,2,291.36,0.41,N,0
18.63179,80.42134,304.86,0.71,0.75,2022-03-14,1920,N20,VIIRS,n,2,293.57,2.8,N,0
18.63256,80.42002,309.28,0.71,0.75,2022-03-14,1920,N20,VIIRS,n,2,293.45,1.91,N,0
18.63756,80.43665,307.23,0.71,0.75,2022-03-14,1920,N20,VIIRS,n,2,293.7,1.98,N,0
18.63761,80.4424,309.16,0.71,0.75,2022-03-14,1920,N20,VIIRS,n,2,293.99,3.93,N,0
18.63815,80.42946,304.97,0.71,0.75,2022-03-14,1920,N20,VIIRS,n,2,293.12,1.98,N,0
18.63824,80.43531,334.79,0.71,0.75,2022-03-14,1920,N20,VIIRS,n,2,294.49,3.93,N,0
18.64073,80.56712,305.64,0.7,0.75,2022-03-14,1920,N20,VIIRS,n,2,293.73,0.86,N,0
18.64393,80.44446,309.54,0.71,0.75,2022-03-14,1920,N20,VIIRS,n,2,293.78,4.17,N,0
18.64452,80.43732,338.77,0.71,0.75,2022-03-14,1920,N20,VIIRS,n,2,295.14,6.46,N,0
18.64456,80.44304,309.13,0.71,0.75,2022-03-14,1920,N20,VIIRS,n,2,293.28,3.93,N,0
18.64512,80.43005,317.22,0.71,0.75,2022-03-14,1920,N20,VIIRS,n,2,292.5,6.46,N,0
18.6452,80.43589,332.51,0.71,0.75,2022-03-14,1920,N20,VIIRS,n,2,294.26,3.93,N,0
18.64757,80.56868,303.22,0.7,0.75,2022-03-14,1920,N20,VIIRS,n,2,292.59,1.21,N,0
18.67432,80.58162,305.62,0.7,0.75,2022-03-14,1920,N20,VIIRS,n,2,295.07,2.02,N,0
18.77634,80.69118,318.06,0.69,0.74,2022-03-14,1920,N20,VIIRS,n,2,292.79,3.08,N,0
18.77709,80.69245,312.68,0.69,0.74,2022-03-14,1920,N20,VIIRS,n,2,292.47,2.62,N,0
18.80023,80.65546,309.38,0.69,0.74,2022-03-14,1920,N20,VIIRS,n,2,293.16,3.09,N,0
18.80075,80.65672,303.76,0.69,0.74,2022-03-14,1920,N20,VIIRS,n,2,292.89,1.83,N,0
18.80129,80.65012,304.64,0.69,0.74,2022-03-14,1920,N20,VIIRS,n,2,292.17,1.83,N,0
18.83565,80.32644,306.74,0.72,0.76,2022-03-14,1920,N20,VIIRS,n,2,293.63,2.14,N,0
18.96359,81.02624,303.92,0.66,0.73,2022-03-14,1920,N20,VIIRS,n,2,293.56,1.39,N,0
19.0058,80.19477,306.96,0.74,0.76,2022-03-14,1920,N20,VIIRS,n,2,295.75,3.51,N,0
19.0113,80.21471,315.08,0.74,0.76,2022-03-14,1920,N20,VIIRS,n,2,297.55,5.09,N,0
19.01173,80.2095,308.01,0.74,0.76,2022-03-14,1920,N20,VIIRS,n,2,297.23,4.67,N,0
19.01216,80.20422,312.9,0.74,0.76,2022-03-14,1920,N20,VIIRS,n,2,296.82,4.67,N,0
19.01268,80.19782,312.2,0.74,0.76,2022-03-14,1920,N20,VIIRS,n,2,296.41,3.51,N,0
19.02344,80.21056,307.05,0.74,0.76,2022-03-14,1920,N20,VIIRS,n,2,296.86,5.43,N,0
19.15948,80.07281,307.78,0.76,0.77,2022-03-14,1920,N20,VIIRS,n,2,296.45,6.29,N,0
19.17535,80.01231,315.82,0.77,0.77,2022-03-14,1920,N20,VIIRS,n,2,295.98,5.46,N,0
19.17859,80.01096,311.0,0.77,0.77,2022-03-14,1920,N20,VIIRS,n,2,295.65,5.5,N,0
17.80279,80.19701,303.97,0.49,0.65,2022-03-14,2100,N20,VIIRS,n,2,293.63,2.14,N,0
17.85701,80.31694,307.52,0.5,0.66,2022-03-14,2100,N20,VIIRS,n,2,291.9,3.39,N,0
17.85804,80.31228,337.38,0.5,0.66,2022-03-14,2100,N20,VIIRS,n,2,292.19,3.39,N,0
17.87275,80.30206,306.45,0.5,0.66,2022-03-14,2100,N20,VIIRS,n,2,290.35,0.86,N,0
17.87375,80.29752,301.56,0.5,0.66,2022-03-14,2100,N20,VIIRS,n,2,289.72,0.86,N,0
17.87862,80.30373,318.26,0.5,0.66,2022-03-14,2100,N20,VIIRS,n,2,290.35,1.77,N,0
17.89491,80.25764,305.29,0.5,0.66,2022-03-14,2100,N20,VIIRS,n,2,291.99,1.3,N,0
17.89826,80.25751,304.76,0.5,0.66,2022-03-14,2100,N20,VIIRS,n,2,292.99,1.26,N,0
17.90467,80.128,304.38,0.49,0.65,2022-03-14,2100,N20,VIIRS,n,2,293.02,1.15,N,0
17.91054,80.12936,305.0,0.49,0.65,2022-03-14,2100,N20,VIIRS,n,2,292.73,1.15,N,0
17.96261,80.13584,317.32,0.49,0.65,2022-03-14,2100,N20,VIIRS,n,2,293.47,2.72,N,0
18.03657,79.99488,304.81,0.48,0.64,2022-03-14,2100,N20,VIIRS,n,2,294.17,1.28,N,0
18.04236,79.99632,304.4,0.48,0.64,2022-03-14,2100,N20,VIIRS,n,2,293.8,1.68,N,0
18.09434,80.19872,306.89,0.49,0.65,2022-03-14,2100,N20,VIIRS,n,2,292.78,1.37,N,0
18.0981,80.20969,304.47,0.49,0.65,2022-03-14,2100,N20,VIIRS,n,2,293.63,1.72,N,0
18.09913,80.20499,304.77,0.49,0.65,2022-03-14,2100,N20,VIIRS,n,2,293.87,1.72,N,0
18.10014,80.20042,307.78,0.49,0.65,2022-03-14,2100,N20,VIIRS,n,2,292.36,1.37,N,0
18.22248,80.33691,304.27,0.5,0.65,2022-03-14,2100,N20,VIIRS,n,2,293.94,1.59,N,0
18.22496,80.33968,308.67,0.5,0.65,2022-03-14,2100,N20,VIIRS,n,2,295.84,3.09,N,0
18.22727,79.86756,315.84,0.46,0.64,2022-03-14,2100,N20,VIIRS,n,2,292.92,2.27,N,0
18.22753,80.3422,306.06,0.5,0.66,2022-03-14,2100,N20,VIIRS,n,2,295.56,1.59,N,0
18.2282,79.86323,306.76,0.46,0.64,2022-03-14,2100,N20,VIIRS,n,2,291.23,1.43,N,0
18.22837,79.86478,325.93,0.46,0.64,2022-03-14,2100,N20,VIIRS,n,2,292.49,2.69,N,0
18.23936,80.78602,306.64,0.53,0.67,2022-03-14,2100,N20,VIIRS,n,2,294.48,1.91,N,0
18.24101,80.22345,303.91,0.49,0.65,2022-03-14,2100,N20,VIIRS,n,2,293.64,1.65,N,0
18.24518,80.2222,304.05,0.49,0.65,2022-03-14,2100,N20,VIIRS,n,2,293.77,1.56,N,0
18.25915,80.78309,311.87,0.53,0.67,2022-03-14,2100,N20,VIIRS,n,2,292.44,2.14,N,0
18.29154,77.98278,311.32,0.35,0.56,2022-03-14,2100,N20,VIIRS,n,2,294.21,1.54,N,0
18.30442,77.97238,303.02,0.35,0.56,2022-03-14,2100,N20,VIIRS,n,2,290.97,0.46,N,0
18.41103,77.94613,305.52,0.34,0.56,2022-03-14,2100,N20,VIIRS,n,2,293.97,1.34,N,0
18.41485,77.9418,316.31,0.34,0.56,2022-03-14,2100,N20,VIIRS,n,2,294.98,1.91,N,0
18.41679,77.94394,308.42,0.34,0.56,2022-03-14,2100,N20,VIIRS,n,2,293.41,1.34,N,0
18.41741,77.94086,303.8,0.34,0.56,2022-03-14,2100,N20,VIIRS,n,2,293.14,1.88,N,0
18.43727,80.78915,303.63,0.52,0.67,2022-03-14,2100,N20,VIIRS,n,2,293.14,1.52,N,0
18.4887,78.13346,303.63,0.35,0.57,2022-03-14,2100,N20,VIIRS,n,2,292.53,0.46,N,0
18.48918,77.94189,306.51,0.34,0.56,2022-03-14,2100,N20,VIIRS,n,2,293.7,1.19,N,0
18.48979,77.93892,304.47,0.34,0.56,2022-03-14,2100,N20,VIIRS,n,2,293.45,1.3,N,0
18.50006,77.88901,305.82,0.34,0.56,2022-03-14,2100,N20,VIIRS,n,2,293.41,1.03,N,0
18.50146,78.03766,309.04,0.35,0.56,2022-03-14,2100,N20,VIIRS,n,2,294.58,0.93,N,0
18.50405,78.03565,304.85,0.35,0.56,2022-03-14,2100,N20,VIIRS,n,2,293.31,0.66,N,0
18.50937,78.11186,304.16,0.35,0.57,2022-03-14,2100,N20,VIIRS,n,2,293.21,0.83,N,0
18.52433,78.04076,306.82,0.35,0.56,2022-03-14,2100,N20,VIIRS,n,2,294.08,0.95,N,0
18.52849,78.46008,305.85,0.37,0.58,2022-03-14,2100,N20,VIIRS,n,2,294.62,1.49,N,0
18.53168,80.49874,335.59,0.5,0.66,2022-03-14,2100,N20,VIIRS,n,2,294.51,2.98,N,0
18.53268,80.49419,305.66,0.5,0.66,2022-03-14,2100,N20,VIIRS,n,2,293.08,2.98,N,0
18.53377,80.50282,305.0,0.5,0.66,2022-03-14,2100,N20,VIIRS,n,2,293.45,3.82,N,0
18.53477,80.49836,346.87,0.5,0.66,2022-03-14,2100,N20,VIIRS,n,2,295.77,4.49,N,0
18.53562,80.48074,306.72,0.5,0.66,2022-03-14,2100,N20,VIIRS,n,2,294.55,3.61,N,0
18.53655,80.47646,340.32,0.5,0.66,2022-03-14,2100,N20,VIIRS,n,2,294.97,3.61,N,0
18.53883,80.48032,315.1,0.5,0.66,2022-03-14,2100,N20,VIIRS,n,2,294.87,4.66,N,0
18.5398,80.47605,354.88,0.5,0.66,2022-03-14,2100,N20,VIIRS,n,2,297.45,4.66,N,0
18.54017,78.45674,311.62,0.37,0.58,2022-03-14,2100,N20,VIIRS,n,2,295.31,2.48,N,0
18.54066,80.49992,303.76,0.5,0.66,2022-03-14,2100,N20,VIIRS,n,2,292.51,4.49,N,0
18.54076,80.47176,318.21,0.5,0.66,2022-03-14,2100,N20,VIIRS,n,2,293.34,6.93,N,0
18.54463,80.48225,308.43,0.5,0.66,2022-03-14,2100,N20,VIIRS,n,2,293.36,4.66,N,0
18.54568,80.50529,312.27,0.5,0.66,2022-03-14,2100,N20,VIIRS,n,2,294.53,3.27,N,0
18.54662,80.50114,320.76,0.5,0.66,2022-03-14,2100,N20,VIIRS,n,2,295.24,2.45,N,0
18.55352,80.49818,309.35,0.5,0.66,2022-03-14,2100,N20,VIIRS,n,2,293.81,2.45,N,0
18.55743,80.50852,311.0,0.5,0.66,2022-03-14,2100,N20,VIIRS,n,2,294.13,1.09,N,0
18.56307,79.60355,303.05,0.44,0.62,2022-03-14,2100,N20,VIIRS,n,2,292.18,2.83,N,0
18.56326,80.51035,305.29,0.5,0.66,2022-03-14,2100,N20,VIIRS,n,2,292.33,1.09,N,0
18.56876,79.6045,317.87,0.44,0.62,2022-03-14,2100,N20,VIIRS,n,2,296.79,2.83,N,0
18.56959,79.60068,328.47,0.44,0.62,2022-03-14,2100,N20,VIIRS,n,2,293.89,4.26,N,0
18.57298,78.08936,315.33,0.35,0.57,2022-03-14,2100,N20,VIIRS,n,2,295.8,1.46,N,0
18.57498,78.07966,303.85,0.35,0.57,2022-03-14,2100,N20,VIIRS,n,2,293.82,0.73,N,0
18.57522,79.60188,309.54,0.44,0.62,2022-03-14,2100,N20,VIIRS,n,2,293.77,1.68,N,0
18.5818,78.51958,305.96,0.37,0.58,2022-03-14,2100,N20,VIIRS,n,2,295.18,1.39,N,0
18.58484,78.86169,311.76,0.39,0.59,2022-03-14,2100,N20,VIIRS,n,2,294.26,1.49,N,0
18.59967,77.98563,313.99,0.34,0.56,2022-03-14,2100,N20,VIIRS,n,2,294.22,1.22,N,0
18.65708,78.75862,307.42,0.38,0.59,2022-03-14,2100,N20,VIIRS,n,2,295.46,1.8,N,0
18.66523,78.01687,302.71,0.34,0.56,2022-03-14,2100,N20,VIIRS,n,2,292.66,0.63,N,0
18.66605,80.2689,310.31,0.48,0.65,2022-03-14,2100,N20,VIIRS,n,2,296.06,2.27,N,0
18.6687,80.52488,305.49,0.5,0.66,2022-03-14,2100,N20,VIIRS,n,2,292.21,0.67,N,0
18.67122,80.26587,311.29,0.48,0.65,2022-03-14,2100,N20,VIIRS,n,2,295.86,3.35,N,0
18.67279,80.26609,313.5,0.48,0.65,2022-03-14,2100,N20,VIIRS,n,2,295.84,2.47,N,0
18.67854,78.52496,307.2,0.37,0.58,2022-03-14,2100,N20,VIIRS,n,2,294.99,1.47,N,0
18.70585,80.27554,317.99,0.48,0.65,2022-03-14,2100,N20,VIIRS,n,2,295.13,2.37,N,0
18.71543,80.28757,304.02,0.48,0.65,2022-03-14,2100,N20,VIIRS,n,2,294.01,1.23,N,0
18.71907,78.17799,305.8,0.35,0.57,2022-03-14,2100,N20,VIIRS,n,2,294.59,0.96,N,0
18.72418,78.1792,306.76,0.35,0.57,2022-03-14,2100,N20,VIIRS,n,2,292.12,0.23,N,0
18.72604,79.53273,309.07,0.43,0.62,2022-03-14,2100,N20,VIIRS,n,2,294.91,2.23,N,0
18.72643,80.51703,305.83,0.5,0.66,2022-03-14,2100,N20,VIIRS,n,2,293.23,2.49,N,0
18.72799,79.53322,306.01,0.43,0.62,2022-03-14,2100,N20,VIIRS,n,2,295.56,2.43,N,0
18.80742,80.14674,311.22,0.47,0.64,2022-03-14,2100,N20,VIIRS,n,2,294.01,1.86,N,0
18.80744,80.14602,311.79,0.47,0.64,2022-03-14,2100,N20,VIIRS,n,2,293.64,2.13,N,0
18.8217,80.16368,308.54,0.47,0.64,2022-03-14,2100,N20,VIIRS,n,2,293.57,2.53,N,0
18.82177,80.16451,306.6,0.47,0.64,2022-03-14,2100,N20,VIIRS,n,2,293.25,1.88,N,0
18.83477,80.32426,304.18,0.48,0.65,2022-03-14,2100,N20,VIIRS,n,2,293.99,1.8,N,0
18.8482,80.58452,311.14,0.5,0.66,2022-03-14,2100,N20,VIIRS,n,2,294.41,2.24,N,0
18.89271,80.11684,304.74,0.46,0.64,2022-03-14,2100,N20,VIIRS,n,2,293.57,1.5,N,0
18.8976,80.12212,306.53,0.47,0.64,2022-03-14,2100,N20,VIIRS,n,2,294.29,1.16,N,0
18.90007,80.02844,319.34,0.46,0.63,2022-03-14,2100,N20,VIIRS,n,2,295.43,3.15,N,0
18.90117,80.0783,310.39,0.46,0.64,2022-03-14,2100,N20,VIIRS,n,2,295.2,1.53,N,0
18.90208,80.07417,310.77,0.46,0.64,2022-03-14,2100,N20,VIIRS,n,2,294.86,1.53,N,0
18.90592,80.08418,308.53,0.46,0.64,2022-03-14,2100,N20,VIIRS,n,2,294.02,0.96,N,0
18.96535,79.98113,304.73,0.45,0.63,2022-03-14,2100,N20,VIIRS,n,2,294.12,1.67,N,0
18.97653,80.06585,313.66,0.46,0.63,2022-03-14,2100,N20,VIIRS,n,2,298.28,2.87,N,0
18.97729,79.56834,306.15,0.43,0.62,2022-03-14,2100,N20,VIIRS,n,2,291.56,0.55,N,0
18.98157,80.07026,309.72,0.46,0.64,2022-03-14,2100,N20,VIIRS,n,2,297.68,3.11,N,0
18.9975,80.07995,304.52,0.46,0.64,2022-03-14,2100,N20,VIIRS,n,2,294.51,1.47,N,0
19.00143,80.08946,308.91,0.46,0.64,2022-03-14,2100,N20,VIIRS,n,2,295.88,3.45,N,0
19.00646,80.09397,315.85,0.46,0.64,2022-03-14,2100,N20,VIIRS,n,2,298.38,3.66,N,0
19.01261,80.20392,308.03,0.47,0.64,2022-03-14,2100,N20,VIIRS,n,2,297.75,3.61,N,0
19.01269,80.20312,308.84,0.47,0.64,2022-03-14,2100,N20,VIIRS,n,2,297.76,4.23,N,0
19.01366,80.1991,308.74,0.47,0.64,2022-03-14,2100,N20,VIIRS,n,2,297.09,3.57,N,0
19.01377,80.19839,307.96,0.47,0.64,2022-03-14,2100,N20,VIIRS,n,2,297.23,3.94,N,0
19.01585,80.10616,306.67,0.46,0.64,2022-03-14,2100,N20,VIIRS,n,2,296.35,2.86,N,0
19.01616,80.13226,313.06,0.46,0.64,2022-03-14,2100,N20,VIIRS,n,2,296.44,3.66,N,0
19.01668,80.13181,313.45,0.46,0.64,2022-03-14,2100,N20,VIIRS,n,2,296.58,4.09,N,0
19.01714,80.12779,309.28,0.46,0.64,2022-03-14,2100,N20,VIIRS,n,2,296.17,1.95,N,0
19.01747,80.18163,307.3,0.47,0.64,2022-03-14,2100,N20,VIIRS,n,2,296.78,2.75,N,0
19.01767,80.12743,307.57,0.46,0.64,2022-03-14,2100,N20,VIIRS,n,2,295.83,2.11,N,0
19.01768,80.18102,307.36,0.47,0.64,2022-03-14,2100,N20,VIIRS,n,2,296.59,2.82,N,0
19.02274,80.12979,307.51,0.46,0.64,2022-03-14,2100,N20,VIIRS,n,2,296.53,1.95,N,0
19.02326,80.12943,307.65,0.46,0.64,2022-03-14,2100,N20,VIIRS,n,2,296.67,2.11,N,0
19.02379,80.20827,308.4,0.47,0.64,2022-03-14,2100,N20,VIIRS,n,2,297.76,2.99,N,0
19.02388,80.20735,309.24,0.47,0.64,2022-03-14,2100,N20,VIIRS,n,2,297.66,3.07,N,0
19.05425,80.12589,313.24,0.46,0.64,2022-03-14,2100,N20,VIIRS,n,2,296.98,2.96,N,0
19.06462,80.40816,310.81,0.48,0.65,2022-03-14,2100,N20,VIIRS,n,2,295.95,2.49,N,0
19.08962,80.26694,307.98,0.47,0.64,2022-03-14,2100,N20,VIIRS,n,2,295.77,1.6,N,0
19.11342,79.96773,306.76,0.45,0.63,2022-03-14,2100,N20,VIIRS,n,2,291.54,0.99,N,0
19.11909,79.96906,304.18,0.45,0.63,2022-03-14,2100,N20,VIIRS,n,2,292.9,0.99,N,0
19.12236,78.5666,306.19,0.36,0.58,2022-03-14,2100,N20,VIIRS,n,2,291.77,1.09,N,0
19.12379,78.78906,308.92,0.38,0.58,2022-03-14,2100,N20,VIIRS,n,2,295.11,0.92,N,0
19.12455,78.78555,306.18,0.38,0.58,2022-03-14,2100,N20,VIIRS,n,2,294.58,0.92,N,0
19.14897,78.77498,320.21,0.38,0.58,2022-03-14,2100,N20,VIIRS,n,2,295.58,3.03,N,0
19.16529,78.77628,313.05,0.38,0.58,2022-03-14,2100,N20,VIIRS,n,2,294.44,1.37,N,0
19.16598,78.77303,307.23,0.38,0.58,2022-03-14,2100,N20,VIIRS,n,2,293.38,1.37,N,0
19.16979,78.78107,313.19,0.38,0.58,2022-03-14,2100,N20,VIIRS,n,2,295.25,2.34,N,0
19.17499,78.78267,305.45,0.38,0.58,2022-03-14,2100,N20,VIIRS,n,2,292.91,0.3,N,0
19.17539,80.01201,309.56,0.45,0.63,2022-03-14,2100,N20,VIIRS,n,2,294.37,1.74,N,0
19.17601,80.01469,307.38,0.45,0.63,2022-03-14,2100,N20,VIIRS,n,2,295.51,2.45,N,0
19.18016,80.01756,306.1,0.45,0.63,2022-03-14,2100,N20,VIIRS,n,2,295.22,1.74,N,0
19.18072,80.02039,307.07,0.45,0.63,2022-03-14,2100,N20,VIIRS,n,2,295.86,2.62,N,0
19.18702,78.62243,303.71,0.37,0.58,2022-03-14,2100,N20,VIIRS,n,2,293.66,1.72,N,0
19.19082,80.10968,309.39,0.46,0.63,2022-03-14,2100,N20,VIIRS,n,2,294.41,2.87,N,0
19.19195,80.10463,309.15,0.46,0.63,2022-03-14,2100,N20,VIIRS,n,2,294.72,3.56,N,0
19.19666,78.60282,306.07,0.37,0.58,2022-03-14,2100,N20,VIIRS,n,2,293.9,1.4,N,0
19.19737,78.62528,304.98,0.37,0.58,2022-03-14,2100,N20,VIIRS,n,2,293.57,1.11,N,0
19.20185,78.60413,314.44,0.37,0.58,2022-03-14,2100,N20,VIIRS,n,2,293.7,1.49,N,0
19.21609,80.07693,307.15,0.46,0.63,2022-03-14,2100,N20,VIIRS,n,2,294.56,2.41,N,0
19.22112,78.792,304.73,0.38,0.58,2022-03-14,2100,N20,VIIRS,n,2,294.28,1.17,N,0
19.22156,78.76443,305.44,0.37,0.58,2022-03-14,2100,N20,VIIRS,n,2,291.04,0.78,N,0
19.22269,78.79242,306.3,0.38,0.58,2022-03-14,2100,N20,VIIRS,n,2,294.51,1.22,N,0
19.22295,78.76478,300.73,0.37,0.58,2022-03-14,2100,N20,VIIRS,n,2,290.55,0.4,N,0
19.22639,78.7932,305.57,0.38,0.58,2022-03-14,2100,N20,VIIRS,n,2,294.16,1.41,N,0
19.23277,80.05559,304.44,0.45,0.63,2022-03-14,2100,N20,VIIRS,n,2,294.23,1.76,N,0
19.23656,80.06562,306.8,0.45,0.63,2022-03-14,2100,N20,VIIRS,n,2,293.99,0.76,N,0
19.23746,80.06152,304.8,0.45,0.63,2022-03-14,2100,N20,VIIRS,n,2,293.54,0.76,N,0
19.25488,78.81514,312.1,0.38,0.58,2022-03-14,2100,N20,VIIRS,n,2,294.39,1.69,N,0
19.26238,78.80592,302.29,0.38,0.58,2022-03-14,2100,N20,VIIRS,n,2,292.01,0.89,N,0
19.26271,78.54794,302.09,0.36,0.57,2022-03-14,2100,N20,VIIRS,n,2,291.95,1.0,N,0
19.26328,78.23689,302.52,0.34,0.56,2022-03-14,2100,N20,VIIRS,n,2,290.59,0.38,N,0
19.2636,78.54468,305.43,0.36,0.57,2022-03-14,2100,N20,VIIRS,n,2,292.44,1.28,N,0
19.26907,78.23469,301.23,0.34,0.56,2022-03-14,2100,N20,VIIRS,n,2,291.13,0.73,N,0
19.27865,78.75552,306.13,0.37,0.58,2022-03-14,2100,N20,VIIRS,n,2,292.18,1.48,N,0
19.27935,78.75223,303.08,0.37,0.58,2022-03-14,2100,N20,VIIRS,n,2,292.05,0.84,N,0
19.28465,78.75323,303.0,0.37,0.58,2022-03-14,2100,N20,VIIRS,n,2,292.19,0.84,N,0
19.28924,78.65421,304.88,0.37,0.58,2022-03-14,2100,N20,VIIRS,n,2,291.02,0.5,N,0
19.28997,78.65076,301.61,0.37,0.58,2022-03-14,2100,N20,VIIRS,n,2,290.6,0.5,N,0
19.29276,78.74097,305.17,0.37,0.58,2022-03-14,2100,N20,VIIRS,n,2,291.74,0.87,N,0
19.29319,78.68716,303.53,0.37,0.58,2022-03-14,2100,N20,VIIRS,n,2,292.23,0.75,N,0
19.32528,78.69097,302.27,0.37,0.58,2022-03-14,2100,N20,VIIRS,n,2,291.78,1.19,N,0
19.34404,78.60168,309.12,0.36,0.58,2022-03-14,2100,N20,VIIRS,n,2,292.77,1.28,N,0
19.36727,78.67256,304.17,0.37,0.58,2022-03-14,2100,N20,VIIRS,n,2,290.87,0.58,N,0
19.41351,79.43679,305.54,0.41,0.61,2022-03-14,2100,N20,VIIRS,n,2,293.3,1.45,N,0
19.41401,79.43524,306.74,0.41,0.61,2022-03-14,2100,N20,VIIRS,n,2,291.73,1.18,N,0
19.49779,77.73589,302.79,0.63,0.54,2022-03-14,2100,N20,VIIRS,n,2,287.88,0.56,N,0
19.63987,78.77766,304.35,0.37,0.58,2022-03-14,2100,N20,VIIRS,n,2,293.9,1.42,N,0
19.64445,78.77902,306.09,0.37,0.58,2022-03-14,2100,N20,VIIRS,n,2,294.7,1.12,N,0
19.64506,78.77903,306.97,0.37,0.58,2022-03-14,2100,N20,VIIRS,n,2,294.71,1.1,N,0
19.64514,78.77589,315.1,0.37,0.58,2022-03-14,2100,N20,VIIRS,n,2,295.31,1.12,N,0
19.64572,78.7759,312.3,0.37,0.58,2022-03-14,2100,N20,VIIRS,n,2,295.02,1.1,N,0
19.64892,78.27834,304.17,0.34,0.56,2022-03-14,2100,N20,VIIRS,n,2,293.57,0.31,N,0
19.6502,78.28216,307.08,0.34,0.56,2022-03-14,2100,N20,VIIRS,n,2,294.69,0.9,N,0
19.65087,78.27892,305.62,0.34,0.56,2022-03-14,2100,N20,VIIRS,n,2,294.24,0.9,N,0
19.65333,78.28253,304.84,0.34,0.56,2022-03-14,2100,N20,VIIRS,n,2,293.98,0.89,N,0
19.66232,78.74897,307.02,0.37,0.58,2022-03-14,2100,N20,VIIRS,n,2,293.49,1.5,N,0
19.66259,78.74596,304.22,0.37,0.58,2022-03-14,2100,N20,VIIRS,n,2,292.2,1.78,N,0
19.7164,78.26009,304.71,0.34,0.56,2022-03-14,2100,N20,VIIRS,n,2,293.33,0.81,N,0
19.80123,78.86459,304.39,0.37,0.58,2022-03-14,2100,N20,VIIRS,n,2,292.21,0.54,N,0
19.83152,77.93169,311.37,0.32,0.55,2022-03-14,2100,N20,VIIRS,n,2,295.04,1.95,N,0
19.83183,77.9327,306.99,0.32,0.55,2022-03-14,2100,N20,VIIRS,n,2,294.9,1.25,N,0
19.83242,77.92992,315.31,0.32,0.55,2022-03-14,2100,N20,VIIRS,n,2,295.16,1.56,N,0
19.83758,77.92728,305.86,0.32,0.55,2022-03-14,2100,N20,VIIRS,n,2,295.44,2.04,N,0
15.54595,78.16022,307.92,0.4,0.6,2022-03-14,2101,N20,VIIRS,n,2,293.66,0.79,N,0
15.54668,78.16084,306.26,0.4,0.6,2022-03-14,2101,N20,VIIRS,n,2,293.02,0.49,N,0
15.82666,79.09455,304.46,0.46,0.63,2022-03-14,2101,N20,VIIRS,n,2,293.66,1.01,N,0
16.01221,78.75527,306.54,0.43,0.62,2022-03-14,2101,N20,VIIRS,n,2,292.84,0.67,N,0
16.04781,78.80967,304.98,0.44,0.62,2022-03-14,2101,N20,VIIRS,n,2,293.85,1.02,N,0
16.05098,78.80974,317.68,0.43,0.62,2022-03-14,2101,N20,VIIRS,n,2,293.73,1.67,N,0
16.05191,78.80537,305.02,0.43,0.62,2022-03-14,2101,N20,VIIRS,n,2,293.18,1.39,N,0
16.05359,78.81008,316.49,0.44,0.62,2022-03-14,2101,N20,VIIRS,n,2,292.85,1.02,N,0
16.14089,78.74408,313.02,0.43,0.62,2022-03-14,2101,N20,VIIRS,n,2,293.22,1.96,N,0
16.14173,78.74004,304.74,0.43,0.62,2022-03-14,2101,N20,VIIRS,n,2,291.79,1.55,N,0
16.21591,78.62678,302.25,0.42,0.61,2022-03-14,2101,N20,VIIRS,n,2,291.51,0.71,N,0
16.39836,79.61431,306.25,0.48,0.65,2022-03-14,2101,N20,VIIRS,n,2,293.76,2.59,N,0
16.39927,79.61006,333.74,0.48,0.65,2022-03-14,2101,N20,VIIRS,n,2,294.51,4.37,N,0
16.41271,79.0589,304.49,0.44,0.63,2022-03-14,2101,N20,VIIRS,n,2,293.45,0.48,N,0
16.44206,78.98803,321.2,0.44,0.62,2022-03-14,2101,N20,VIIRS,n,2,294.78,1.6,N,0
16.44288,78.98424,304.91,0.44,0.62,2022-03-14,2101,N20,VIIRS,n,2,293.87,1.6,N,0
16.4449,78.98947,322.61,0.44,0.62,2022-03-14,2101,N20,VIIRS,n,2,294.16,2.88,N,0
16.73796,78.92319,310.44,0.43,0.62,2022-03-14,2101,N20,VIIRS,n,2,289.59,0.64,N,0
17.04332,77.21703,305.03,0.33,0.55,2022-03-14,2101,N20,VIIRS,n,2,294.66,0.76,N,0
17.1323,77.97102,306.46,0.36,0.58,2022-03-14,2101,N20,VIIRS,n,2,286.46,0.48,N,0
17.14584,78.2254,302.69,0.38,0.59,2022-03-14,2101,N20,VIIRS,n,2,290.03,1.09,N,2
17.21956,79.02395,300.76,0.43,0.62,2022-03-14,2101,N20,VIIRS,n,2,290.47,0.58,N,0
17.30847,77.47421,304.24,0.34,0.56,2022-03-14,2101,N20,VIIRS,n,2,292.11,0.73,N,0
17.49093,78.10665,300.56,0.37,0.58,2022-03-14,2101,N20,VIIRS,n,2,288.09,0.57,N,0
17.52003,77.12006,306.9,0.63,0.54,2022-03-14,2101,N20,VIIRS,n,2,290.8,1.04,N,0
17.61221,77.17712,317.19,0.63,0.54,2022-03-14,2101,N20,VIIRS,n,2,291.58,2.84,N,0
17.80613,80.19558,303.73,0.5,0.65,2022-03-14,2101,N20,VIIRS,n,2,293.26,1.52,N,0
17.92056,77.47271,306.17,0.33,0.55,2022-03-14,2101,N20,VIIRS,n,2,291.65,1.08,N,0
18.16031,78.3456,307.48,0.37,0.58,2022-03-14,2101,N20,VIIRS,n,2,290.82,0.89,N,0
18.16556,78.34666,301.6,0.37,0.58,2022-03-14,2101,N20,VIIRS,n,2,289.89,0.45,N,0
18.28965,77.98177,303.42,0.35,0.56,2022-03-14,2101,N20,VIIRS,n,2,293.39,1.25,N,0
15.51517,78.68685,339.54,0.43,0.38,2022-03-15,810,N20,VIIRS,n,2,305.94,2.7,D,0
15.5189,79.72283,349.28,0.48,0.4,2022-03-15,810,N20,VIIRS,n,2,319.11,13.29,D,0
15.52042,78.67377,331.69,0.43,0.38,2022-03-15,810,N20,VIIRS,l,2,305.83,1.92,D,0
15.56316,78.99969,348.01,0.44,0.39,2022-03-15,810,N20,VIIRS,n,2,315.11,6.75,D,0
15.58518,77.0927,343.52,0.39,0.36,2022-03-15,810,N20,VIIRS,l,2,317.62,6.25,D,0
15.60952,78.71332,349.81,0.43,0.38,2022-03-15,810,N20,VIIRS,n,2,307.28,4.84,D,0
15.61389,79.02702,339.33,0.45,0.39,2022-03-15,810,N20,VIIRS,l,2,313.92,3.75,D,0
15.61439,78.84951,339.81,0.44,0.38,2022-03-15,810,N20,VIIRS,l,2,311.37,7.24,D,0
15.61616,78.83658,346.64,0.44,0.38,2022-03-15,810,N20,VIIRS,n,2,312.91,8.31,D,0
15.61675,78.84075,342.22,0.44,0.38,2022-03-15,810,N20,VIIRS,n,2,311.51,8.31,D,0
15.6179,78.84898,341.26,0.44,0.38,2022-03-15,810,N20,VIIRS,n,2,310.45,4.68,D,0
15.68871,78.7354,346.47,0.44,0.38,2022-03-15,810,N20,VIIRS,n,2,309.78,8.1,D,0
15.69236,79.12157,348.62,0.45,0.39,2022-03-15,810,N20,VIIRS,n,2,314.74,7.97,D,0
15.69463,78.82927,344.08,0.44,0.38,2022-03-15,810,N20,VIIRS,n,2,309.47,5.15,D,0
15.69572,78.73442,339.88,0.44,0.38,2022-03-15,810,N20,VIIRS,n,2,309.68,6.07,D,0
15.69625,78.73821,347.61,0.44,0.38,2022-03-15,810,N20,VIIRS,n,2,312.36,6.07,D,0
15.69813,78.72607,336.06,0.43,0.38,2022-03-15,810,N20,VIIRS,l,2,310.39,3.66,D,0
15.69868,78.73003,336.39,0.44,0.38,2022-03-15,810,N20,VIIRS,l,2,308.87,3.66,D,0
15.71997,78.83081,338.4,0.44,0.38,2022-03-15,810,N20,VIIRS,l,2,311.11,5.29,D,0
15.72121,79.12672,354.28,0.45,0.39,2022-03-15,810,N20,VIIRS,n,2,318.71,13.75,D,0
15.72342,77.2484,347.38,0.39,0.36,2022-03-15,810,N20,VIIRS,n,2,319.09,6.48,D,0
15.73174,78.81241,338.12,0.44,0.38,2022-03-15,810,N20,VIIRS,l,2,309.98,1.87,D,0
15.73594,78.74078,342.56,0.44,0.38,2022-03-15,810,N20,VIIRS,n,2,310.56,4.21,D,0
15.74755,78.74706,355.85,0.44,0.38,2022-03-15,810,N20,VIIRS,n,2,312.03,11.91,D,0
15.74813,78.7511,347.31,0.44,0.38,2022-03-15,810,N20,VIIRS,n,2,310.21,6.59,D,0
15.7533,78.7875,342.49,0.44,0.38,2022-03-15,810,N20,VIIRS,n,2,310.4,4.08,D,0
15.75739,78.76596,337.34,0.44,0.38,2022-03-15,810,N20,VIIRS,n,2,307.9,4.77,D,0
15.75838,78.87405,339.82,0.44,0.38,2022-03-15,810,N20,VIIRS,l,2,310.99,3.3,D,0
15.76187,78.87334,343.32,0.44,0.38,2022-03-15,810,N20,VIIRS,n,2,312.51,3.3,D,0
15.77463,78.80595,342.2,0.44,0.38,2022-03-15,810,N20,VIIRS,n,2,311.81,6.94,D,0
15.7819,79.87215,337.75,0.49,0.4,2022-03-15,810,N20,VIIRS,l,2,311.7,2.91,D,0
15.78333,78.81697,335.72,0.44,0.38,2022-03-15,810,N20,VIIRS,l,2,310.17,4.32,D,0
15.80499,79.66232,344.49,0.48,0.4,2022-03-15,810,N20,VIIRS,l,2,316.11,7.61,D,0
15.81791,78.80764,340.29,0.44,0.38,2022-03-15,810,N20,VIIRS,l,2,311.99,3.51,D,0
15.8185,78.81186,335.3,0.44,0.38,2022-03-15,810,N20,VIIRS,l,2,309.23,3.51,D,0
15.85541,78.84445,341.74,0.44,0.38,2022-03-15,810,N20,VIIRS,n,2,310.0,5.76,D,0
15.87244,78.37542,343.58,0.42,0.38,2022-03-15,810,N20,VIIRS,n,2,316.38,4.13,D,0
15.88862,78.82234,338.55,0.44,0.38,2022-03-15,810,N20,VIIRS,l,2,310.11,4.84,D,0
15.89214,78.8218,344.15,0.44,0.38,2022-03-15,810,N20,VIIRS,n,2,312.17,4.84,D,0
15.89566,78.82127,341.46,0.44,0.38,2022-03-15,810,N20,VIIRS,l,2,312.14,2.67,D,0
15.89917,78.82071,337.55,0.44,0.38,2022-03-15,810,N20,VIIRS,l,2,310.36,2.67,D,0
15.89957,78.84959,337.55,0.44,0.38,2022-03-15,810,N20,VIIRS,l,2,310.14,2.39,D,0
15.90451,78.80737,354.32,0.44,0.38,2022-03-15,810,N20,VIIRS,n,2,318.7,29.89,D,0
15.90458,78.91221,341.05,0.44,0.39,2022-03-15,810,N20,VIIRS,l,2,312.22,3.82,D,0
15.90508,78.81143,352.57,0.44,0.38,2022-03-15,810,N20,VIIRS,n,2,314.64,11.89,D,0
15.90929,78.92023,341.78,0.44,0.39,2022-03-15,810,N20,VIIRS,n,2,312.56,2.38,D,0
15.92335,78.78796,336.72,0.44,0.38,2022-03-15,810,N20,VIIRS,l,2,310.8,2.44,D,0
15.92744,78.79152,345.56,0.44,0.38,2022-03-15,810,N20,VIIRS,n,2,315.56,8.63,D,0
15.93505,78.7946,344.55,0.44,0.38,2022-03-15,810,N20,VIIRS,l,2,318.22,26.05,D,0
15.93562,78.79868,339.68,0.44,0.38,2022-03-15,810,N20,VIIRS,l,2,310.64,7.53,D,0
15.94063,78.86027,339.05,0.44,0.39,2022-03-15,810,N20,VIIRS,l,2,312.71,3.32,D,0
15.94087,78.81047,337.92,0.44,0.38,2022-03-15,810,N20,VIIRS,l,2,310.31,5.69,D,0
15.9412,78.86433,345.17,0.44,0.39,2022-03-15,810,N20,VIIRS,n,2,312.16,35.7,D,0
15.94906,78.81763,347.13,0.44,0.38,2022-03-15,810,N20,VIIRS,n,2,313.42,9.08,D,0
15.97829,78.87189,343.64,0.44,0.39,2022-03-15,810,N20,VIIRS,l,2,313.75,4.96,D,0
15.98234,79.32071,341.04,0.46,0.39,2022-03-15,810,N20,VIIRS,l,2,315.36,5.23,D,0
15.99452,79.11679,341.36,0.45,0.39,2022-03-15,810,N20,VIIRS,n,2,311.83,5.62,D,0
16.01062,78.58626,354.14,0.43,0.38,2022-03-15,810,N20,VIIRS,n,2,318.06,20.17,D,0
16.01268,77.49305,347.32,0.4,0.37,2022-03-15,810,N20,VIIRS,l,2,320.16,11.34,D,0
16.0194,78.57275,343.19,0.43,0.38,2022-03-15,810,N20,VIIRS,l,2,315.9,11.78,D,0
16.02167,78.58884,346.57,0.43,0.38,2022-03-15,810,N20,VIIRS,l,2,316.7,3.3,D,0
16.02438,78.45757,344.28,0.43,0.38,2022-03-15,810,N20,VIIRS,n,2,313.78,3.59,D,0
16.02516,78.58834,337.8,0.43,0.38,2022-03-15,810,N20,VIIRS,l,2,312.2,3.3,D,0
16.0418,78.96487,347.86,0.45,0.39,2022-03-15,810,N20,VIIRS,l,2,317.97,6.49,D,0
16.04237,78.96897,341.39,0.45,0.39,2022-03-15,810,N20,VIIRS,l,2,316.1,4.9,D,0
16.05032,78.51493,352.93,0.43,0.38,2022-03-15,810,N20,VIIRS,n,2,315.21,8.19,D,0
16.05195,78.51505,367.0,0.43,0.38,2022-03-15,810,N20,VIIRS,h,2,312.91,11.44,D,0
16.05369,78.81663,348.36,0.44,0.38,2022-03-15,810,N20,VIIRS,l,2,320.1,29.15,D,0
16.06073,78.81547,348.29,0.44,0.38,2022-03-15,810,N20,VIIRS,n,2,317.32,7.53,D,0
16.06246,78.80221,347.61,0.44,0.38,2022-03-15,810,N20,VIIRS,n,2,321.13,19.38,D,0
16.06305,78.8064,343.68,0.44,0.38,2022-03-15,810,N20,VIIRS,l,2,315.53,11.4,D,0
16.06852,78.94867,344.02,0.45,0.39,2022-03-15,810,N20,VIIRS,n,2,317.79,5.21,D,0
16.08519,79.22753,347.03,0.46,0.39,2022-03-15,810,N20,VIIRS,l,2,319.25,7.61,D,0
16.09297,77.31419,348.35,0.4,0.37,2022-03-15,810,N20,VIIRS,n,2,322.51,8.02,D,0
16.09327,80.11716,339.88,0.51,0.41,2022-03-15,810,N20,VIIRS,l,2,314.12,6.31,D,0
16.1227,77.17401,349.04,0.39,0.36,2022-03-15,810,N20,VIIRS,n,2,322.88,9.4,D,0
16.12993,77.45934,347.16,0.4,0.37,2022-03-15,810,N20,VIIRS,l,2,320.94,13.91,D,0
16.1306,78.69584,348.46,0.44,0.38,2022-03-15,810,N20,VIIRS,n,2,314.93,8.62,D,0
16.13176,78.70411,354.44,0.44,0.38,2022-03-15,810,N20,VIIRS,n,2,319.35,15.98,D,0
16.13353,78.69117,342.34,0.44,0.38,2022-03-15,810,N20,VIIRS,l,2,316.12,4.77,D,0
16.1341,78.69524,342.48,0.44,0.38,2022-03-15,810,N20,VIIRS,l,2,316.97,8.62,D,0
16.13455,78.74976,342.85,0.44,0.38,2022-03-15,810,N20,VIIRS,l,2,316.05,5.27,D,0
16.13731,77.25051,349.19,0.4,0.37,2022-03-15,810,N20,VIIRS,n,2,321.71,8.51,D,0
16.13818,78.69878,354.62,0.44,0.38,2022-03-15,810,N20,VIIRS,n,2,317.48,12.19,D,0
16.13844,78.64958,345.27,0.44,0.38,2022-03-15,810,N20,VIIRS,l,2,317.78,4.68,D,0
16.13876,78.7029,343.44,0.44,0.38,2022-03-15,810,N20,VIIRS,l,2,317.73,8.57,D,0
16.13969,78.45717,345.26,0.43,0.38,2022-03-15,810,N20,VIIRS,l,2,318.18,5.24,D,0
16.14572,78.7526,343.14,0.44,0.38,2022-03-15,810,N20,VIIRS,l,2,315.63,4.21,D,0
16.14576,78.70172,346.75,0.44,0.38,2022-03-15,810,N20,VIIRS,l,2,317.03,6.6,D,0
16.14691,78.70995,345.08,0.44,0.38,2022-03-15,810,N20,VIIRS,l,2,316.42,5.54,D,0
16.14864,78.74785,344.55,0.44,0.38,2022-03-15,810,N20,VIIRS,l,2,319.03,9.11,D,0
16.14981,78.73059,338.4,0.44,0.38,2022-03-15,810,N20,VIIRS,l,2,313.18,3.43,D,0
16.15039,78.73473,350.64,0.44,0.38,2022-03-15,810,N20,VIIRS,n,2,316.46,7.78,D,0
16.15097,78.73885,349.07,0.44,0.38,2022-03-15,810,N20,VIIRS,l,2,319.84,7.78,D,0
16.15155,78.74298,352.81,0.44,0.38,2022-03-15,810,N20,VIIRS,n,2,320.72,6.03,D,0
16.15213,78.74715,343.54,0.44,0.38,2022-03-15,810,N20,VIIRS,n,2,317.72,6.03,D,0
16.15335,78.70476,349.59,0.44,0.38,2022-03-15,810,N20,VIIRS,n,2,318.85,10.4,D,0
16.15394,78.70892,354.83,0.44,0.38,2022-03-15,810,N20,VIIRS,n,2,319.69,6.88,D,0
16.15453,78.7131,348.48,0.44,0.38,2022-03-15,810,N20,VIIRS,l,2,319.92,6.88,D,0
16.16919,78.66483,339.05,0.44,0.38,2022-03-15,810,N20,VIIRS,l,2,313.32,8.5,D,0
16.1727,78.6643,345.61,0.44,0.38,2022-03-15,810,N20,VIIRS,n,2,314.5,8.5,D,0
16.1803,78.71782,352.34,0.44,0.38,2022-03-15,810,N20,VIIRS,n,2,320.8,24.67,D,0
16.18493,78.7252,344.54,0.44,0.38,2022-03-15,810,N20,VIIRS,l,2,317.18,9.42,D,0
16.18564,77.27679,352.9,0.4,0.37,2022-03-15,810,N20,VIIRS,n,2,319.18,8.81,D,0
16.1879,77.26891,348.35,0.4,0.37,2022-03-15,810,N20,VIIRS,n,2,318.18,7.31,D,0
16.18843,78.72459,343.62,0.44,0.38,2022-03-15,810,N20,VIIRS,l,2,315.83,9.42,D,0
16.18867,78.72119,344.63,0.44,0.38,2022-03-15,810,N20,VIIRS,l,2,317.75,15.99,D,0
16.19218,78.72061,343.92,0.44,0.38,2022-03-15,810,N20,VIIRS,l,2,317.13,7.03,D,0
16.1992,78.71945,342.44,0.44,0.38,2022-03-15,810,N20,VIIRS,n,2,316.07,5.06,D,0
16.20161,78.71094,367.0,0.44,0.38,2022-03-15,810,N20,VIIRS,h,2,318.94,10.73,D,0
16.20216,78.71492,367.0,0.44,0.38,2022-03-15,810,N20,VIIRS,h,2,317.94,10.73,D,0
16.20399,78.70217,345.78,0.44,0.38,2022-03-15,810,N20,VIIRS,n,2,315.79,5.67,D,0
16.20511,78.7103,347.98,0.44,0.38,2022-03-15,810,N20,VIIRS,n,2,314.61,17.25,D,0
16.20748,78.70154,354.05,0.44,0.38,2022-03-15,810,N20,VIIRS,n,2,314.85,5.67,D,0
16.21063,78.64671,353.84,0.44,0.38,2022-03-15,810,N20,VIIRS,n,2,312.87,6.89,D,0
16.2128,78.68817,353.18,0.44,0.38,2022-03-15,810,N20,VIIRS,n,2,317.63,10.1,D,0
16.21336,78.69221,353.33,0.44,0.38,2022-03-15,810,N20,VIIRS,n,2,316.14,7.08,D,0
16.21392,78.69624,346.45,0.44,0.38,2022-03-15,810,N20,VIIRS,n,2,313.93,7.08,D,0
16.21923,78.81292,345.95,0.44,0.39,2022-03-15,810,N20,VIIRS,n,2,314.39,7.67,D,0
16.21981,78.81709,344.8,0.44,0.39,2022-03-15,810,N20,VIIRS,l,2,314.86,5.63,D,0
16.22299,77.09404,342.72,0.39,0.36,2022-03-15,810,N20,VIIRS,l,2,316.9,5.52,D,0
16.22333,78.81646,351.86,0.44,0.39,2022-03-15,810,N20,VIIRS,n,2,317.68,5.63,D,0
16.23596,78.62322,353.5,0.44,0.38,2022-03-15,810,N20,VIIRS,n,2,316.67,10.4,D,0
16.24117,78.63493,340.11,0.44,0.38,2022-03-15,810,N20,VIIRS,l,2,313.85,5.49,D,0
16.24269,78.82623,347.15,0.44,0.39,2022-03-15,810,N20,VIIRS,l,2,319.85,6.61,D,0
16.24696,78.65064,367.0,0.44,0.38,2022-03-15,810,N20,VIIRS,l,2,325.59,25.49,D,0
16.24752,78.65466,340.86,0.44,0.38,2022-03-15,810,N20,VIIRS,n,2,315.78,9.92,D,0
16.25047,78.65015,353.01,0.44,0.38,2022-03-15,810,N20,VIIRS,l,2,325.11,25.49,D,0
16.25104,78.65419,351.92,0.44,0.38,2022-03-15,810,N20,VIIRS,n,2,319.02,9.92,D,0
16.2516,78.6582,340.44,0.44,0.38,2022-03-15,810,N20,VIIRS,l,2,314.85,9.92,D,0
16.25398,78.64966,345.15,0.44,0.38,2022-03-15,810,N20,VIIRS,l,2,316.94,4.23,D,0
16.25511,78.65773,340.6,0.44,0.38,2022-03-15,810,N20,VIIRS,l,2,314.48,6.25,D,0
16.26389,78.82309,352.76,0.44,0.39,2022-03-15,810,N20,VIIRS,n,2,317.96,8.44,D,0
16.26622,78.66029,344.79,0.44,0.38,2022-03-15,810,N20,VIIRS,n,2,317.39,3.71,D,0
16.42139,77.57017,347.86,0.4,0.37,2022-03-15,810,N20,VIIRS,l,2,320.14,14.18,D,0
16.44691,80.5247,337.63,0.54,0.42,2022-03-15,810,N20,VIIRS,n,2,311.94,5.61,D,0
16.55937,79.91408,344.52,0.5,0.41,2022-03-15,810,N20,VIIRS,n,2,318.01,6.31,D,0
16.56265,79.39377,344.28,0.47,0.4,2022-03-15,810,N20,VIIRS,l,2,318.03,6.49,D,0
16.61937,80.01305,345.08,0.51,0.41,2022-03-15,810,N20,VIIRS,l,2,315.74,17.78,D,0
16.71533,80.06934,341.34,0.52,0.41,2022-03-15,810,N20,VIIRS,n,2,308.82,6.46,D,0
16.75604,80.14345,345.49,0.52,0.42,2022-03-15,810,N20,VIIRS,n,2,313.39,10.73,D,0
16.76364,79.88329,346.22,0.5,0.41,2022-03-15,810,N20,VIIRS,n,2,312.85,6.21,D,0
16.78399,77.45927,346.16,0.4,0.37,2022-03-15,811,N20,VIIRS,n,2,317.33,6.49,D,0
16.80473,77.36411,348.55,0.4,0.37,2022-03-15,811,N20,VIIRS,n,2,318.16,6.23,D,0
16.82538,78.76147,341.74,0.45,0.39,2022-03-15,811,N20,VIIRS,l,2,315.43,6.99,D,0
16.84444,77.3769,345.58,0.4,0.37,2022-03-15,811,N20,VIIRS,l,2,318.88,6.56,D,0
16.88651,77.39334,347.07,0.4,0.37,2022-03-15,811,N20,VIIRS,l,2,321.1,10.12,D,0
16.97547,78.23924,367.0,0.43,0.38,2022-03-15,811,N20,VIIRS,h,2,339.25,106.52,D,0
17.08081,80.79502,339.42,0.57,0.43,2022-03-15,811,N20,VIIRS,n,2,313.05,4.36,D,0
17.1691,77.09706,347.8,0.4,0.37,2022-03-15,811,N20,VIIRS,l,2,322.0,3.88,D,0
17.17495,78.24289,349.21,0.43,0.38,2022-03-15,811,N20,VIIRS,n,2,318.43,4.97,D,0
17.17842,78.24236,348.39,0.43,0.38,2022-03-15,811,N20,VIIRS,n,2,321.76,8.33,D,0
17.19572,80.75558,337.47,0.57,0.43,2022-03-15,811,N20,VIIRS,n,2,310.51,2.65,D,0
17.21955,80.76521,335.54,0.57,0.43,2022-03-15,811,N20,VIIRS,n,2,308.19,1.34,D,0
17.22118,78.80788,343.73,0.45,0.39,2022-03-15,811,N20,VIIRS,n,2,313.87,16.98,D,0
17.22176,78.81218,351.42,0.45,0.39,2022-03-15,811,N20,VIIRS,n,2,314.7,8.32,D,0
17.22237,78.81658,343.94,0.45,0.39,2022-03-15,811,N20,VIIRS,n,2,312.36,8.32,D,0
17.22474,78.80737,351.24,0.45,0.39,2022-03-15,811,N20,VIIRS,n,2,319.29,16.98,D,0
17.22533,78.81168,353.18,0.45,0.39,2022-03-15,811,N20,VIIRS,n,2,317.47,8.32,D,0
17.22593,78.81606,345.58,0.45,0.39,2022-03-15,811,N20,VIIRS,n,2,317.11,8.32,D,0
17.22654,78.82045,340.96,0.45,0.39,2022-03-15,811,N20,VIIRS,l,2,315.15,6.9,D,0
17.22687,81.22185,336.38,0.41,0.45,2022-03-15,811,N20,VIIRS,l,2,310.08,5.1,D,0
17.22951,78.81557,344.83,0.45,0.39,2022-03-15,811,N20,VIIRS,l,2,315.16,6.18,D,0
17.23011,78.81995,347.4,0.45,0.39,2022-03-15,811,N20,VIIRS,n,2,315.67,12.56,D,0
17.23048,81.21744,342.93,0.41,0.45,2022-03-15,811,N20,VIIRS,n,2,311.72,9.59,D,0
17.23876,80.20419,345.3,0.53,0.42,2022-03-15,811,N20,VIIRS,n,2,315.71,10.07,D,0
17.25924,80.07287,335.59,0.52,0.42,2022-03-15,811,N20,VIIRS,l,2,310.22,7.09,D,0
17.26508,78.96824,339.87,0.46,0.39,2022-03-15,811,N20,VIIRS,l,2,314.24,9.54,D,0
17.28268,79.28844,340.36,0.48,0.4,2022-03-15,811,N20,VIIRS,n,2,313.51,6.04,D,0
17.3064,81.2991,335.51,0.41,0.45,2022-03-15,811,N20,VIIRS,l,2,307.44,1.35,D,0
17.31119,80.87812,340.54,0.39,0.44,2022-03-15,811,N20,VIIRS,n,2,307.57,3.07,D,0
17.31239,77.90641,345.22,0.42,0.38,2022-03-15,811,N20,VIIRS,l,2,318.84,7.9,D,0
17.31473,80.87395,339.99,0.39,0.44,2022-03-15,811,N20,VIIRS,l,2,312.36,4.48,D,0
17.32364,78.89944,341.39,0.46,0.39,2022-03-15,811,N20,VIIRS,l,2,312.04,3.35,D,0
17.32384,81.30443,335.72,0.41,0.45,2022-03-15,811,N20,VIIRS,l,2,309.86,6.15,D,0
17.32582,80.86501,339.6,0.39,0.44,2022-03-15,811,N20,VIIRS,l,2,312.01,2.16,D,0
17.33665,80.5517,339.5,0.56,0.43,2022-03-15,811,N20,VIIRS,l,2,309.75,6.32,D,0
17.35618,78.26958,342.4,0.43,0.38,2022-03-15,811,N20,VIIRS,n,2,317.05,6.93,D,0
17.36442,81.26051,342.91,0.41,0.45,2022-03-15,811,N20,VIIRS,n,2,316.11,4.48,D,0
17.38011,81.19283,341.74,0.41,0.45,2022-03-15,811,N20,VIIRS,n,2,315.88,4.12,D,0
17.39552,80.82218,340.61,0.39,0.44,2022-03-15,811,N20,VIIRS,l,2,314.84,3.81,D,0
17.39599,80.82587,347.28,0.39,0.44,2022-03-15,811,N20,VIIRS,n,2,316.85,3.81,D,0
17.39954,80.82172,342.03,0.39,0.44,2022-03-15,811,N20,VIIRS,n,2,312.02,3.81,D,0
17.40104,81.19347,336.38,0.41,0.45,2022-03-15,811,N20,VIIRS,l,2,310.97,3.92,D,0
17.40308,80.8176,354.35,0.39,0.44,2022-03-15,811,N20,VIIRS,n,2,314.01,5.36,D,0
17.42825,81.24438,338.28,0.41,0.45,2022-03-15,811,N20,VIIRS,l,2,312.31,2.61,D,0
17.43707,77.0471,349.99,0.4,0.37,2022-03-15,811,N20,VIIRS,n,2,324.66,14.01,D,0
17.43987,77.04285,367.0,0.4,0.37,2022-03-15,811,N20,VIIRS,l,2,325.17,6.09,D,0
17.44041,77.04656,367.0,0.4,0.37,2022-03-15,811,N20,VIIRS,l,2,325.1,6.09,D,0
17.44357,77.21001,348.61,0.4,0.37,2022-03-15,811,N20,VIIRS,n,2,323.48,4.48,D,0
17.4535,81.31205,339.37,0.41,0.45,2022-03-15,811,N20,VIIRS,l,2,311.57,3.44,D,0
17.45649,79.27909,367.0,0.48,0.4,2022-03-15,811,N20,VIIRS,l,2,325.48,18.96,D,0
17.46016,79.27858,340.4,0.48,0.4,2022-03-15,811,N20,VIIRS,l,2,315.29,18.96,D,0
17.46593,81.24423,352.41,0.41,0.45,2022-03-15,811,N20,VIIRS,n,2,319.36,9.06,D,0
17.47592,77.24323,348.27,0.4,0.37,2022-03-15,811,N20,VIIRS,n,2,322.86,14.35,D,0
17.47613,81.16077,339.0,0.41,0.45,2022-03-15,811,N20,VIIRS,l,2,313.31,4.47,D,0
17.4786,80.34844,341.97,0.55,0.42,2022-03-15,811,N20,VIIRS,n,2,316.62,6.99,D,0
17.47868,80.82208,352.24,0.39,0.44,2022-03-15,811,N20,VIIRS,n,2,314.77,7.12,D,0
17.47978,77.92558,348.85,0.42,0.38,2022-03-15,811,N20,VIIRS,l,2,319.29,5.36,D,0
17.4812,81.43172,343.23,0.42,0.45,2022-03-15,811,N20,VIIRS,n,2,310.51,4.74,D,0
17.4814,77.91741,367.0,0.42,0.38,2022-03-15,811,N20,VIIRS,l,2,325.12,7.95,D,0
17.48323,77.92506,347.51,0.42,0.38,2022-03-15,811,N20,VIIRS,l,2,321.59,5.36,D,0
17.49076,81.4068,335.53,0.42,0.45,2022-03-15,811,N20,VIIRS,l,2,309.98,3.95,D,0
17.49789,78.25324,345.06,0.43,0.38,2022-03-15,811,N20,VIIRS,l,2,318.97,16.97,D,0
17.50268,81.04588,343.04,0.4,0.44,2022-03-15,811,N20,VIIRS,n,2,308.96,2.91,D,0
17.51114,80.98175,339.62,0.4,0.44,2022-03-15,811,N20,VIIRS,l,2,310.61,6.48,D,0
17.51428,80.68777,343.93,0.57,0.43,2022-03-15,811,N20,VIIRS,n,2,311.77,4.54,D,0
17.51798,81.33886,339.85,0.42,0.45,2022-03-15,811,N20,VIIRS,n,2,311.94,3.34,D,0
17.51826,80.68726,338.96,0.57,0.43,2022-03-15,811,N20,VIIRS,n,2,311.92,8.26,D,0
17.53508,81.10574,340.76,0.4,0.44,2022-03-15,811,N20,VIIRS,l,2,314.45,1.81,D,0
17.5423,77.58228,345.67,0.41,0.37,2022-03-15,811,N20,VIIRS,l,2,320.48,5.64,D,0
17.54301,77.58253,345.38,0.41,0.37,2022-03-15,811,N20,VIIRS,l,2,320.15,6.62,D,0
17.54303,77.19466,353.83,0.4,0.37,2022-03-15,811,N20,VIIRS,n,2,322.18,10.31,D,0
17.54639,77.19415,346.02,0.4,0.37,2022-03-15,811,N20,VIIRS,l,2,320.34,10.31,D,0
17.55001,81.09241,342.33,0.4,0.44,2022-03-15,811,N20,VIIRS,n,2,315.11,2.93,D,0
17.57453,80.99004,341.13,0.4,0.44,2022-03-15,811,N20,VIIRS,l,2,316.11,5.37,D,0
17.57602,81.10079,347.85,0.4,0.44,2022-03-15,811,N20,VIIRS,l,2,318.67,11.38,D,0
17.57933,81.09682,346.73,0.4,0.44,2022-03-15,811,N20,VIIRS,n,2,317.03,3.32,D,0
17.58244,80.72599,338.99,0.38,0.43,2022-03-15,811,N20,VIIRS,l,2,313.17,2.36,D,0
17.59513,80.3897,339.04,0.55,0.43,2022-03-15,811,N20,VIIRS,l,2,310.57,4.88,D,0
17.59904,80.38918,340.37,0.55,0.43,2022-03-15,811,N20,VIIRS,l,2,311.15,4.88,D,0
17.59937,80.89206,345.86,0.39,0.44,2022-03-15,811,N20,VIIRS,n,2,317.32,5.94,D,0
17.60777,80.11518,336.64,0.53,0.42,2022-03-15,811,N20,VIIRS,l,2,309.54,4.53,D,0
17.615,80.72641,340.88,0.38,0.43,2022-03-15,811,N20,VIIRS,n,2,309.2,2.53,D,0
17.63173,80.20904,342.14,0.54,0.42,2022-03-15,811,N20,VIIRS,n,2,313.88,6.49,D,0
17.6356,80.2085,347.76,0.54,0.42,2022-03-15,811,N20,VIIRS,n,2,315.15,6.49,D,0
17.63637,81.05459,344.88,0.4,0.44,2022-03-15,811,N20,VIIRS,n,2,317.45,4.59,D,0
17.64303,80.32684,341.69,0.55,0.42,2022-03-15,811,N20,VIIRS,n,2,313.42,6.66,D,0
17.648,80.4586,347.27,0.56,0.43,2022-03-15,811,N20,VIIRS,l,2,319.31,29.77,D,0
17.64837,80.36826,352.3,0.55,0.43,2022-03-15,811,N20,VIIRS,n,2,315.52,15.12,D,0
17.6636,80.42449,339.3,0.55,0.43,2022-03-15,811,N20,VIIRS,l,2,313.19,2.8,D,0
17.66629,80.14277,345.01,0.53,0.42,2022-03-15,811,N20,VIIRS,n,2,312.83,6.06,D,0
17.66792,80.14017,343.27,0.53,0.42,2022-03-15,811,N20,VIIRS,l,2,313.62,5.99,D,0
17.67014,80.14222,337.57,0.53,0.42,2022-03-15,811,N20,VIIRS,l,2,311.51,4.69,D,0
17.67125,80.39124,339.83,0.55,0.43,2022-03-15,811,N20,VIIRS,l,2,311.22,7.32,D,0
17.67177,80.13961,340.41,0.53,0.42,2022-03-15,811,N20,VIIRS,n,2,310.29,5.99,D,0
17.67333,80.13666,343.85,0.53,0.42,2022-03-15,811,N20,VIIRS,n,2,311.87,4.69,D,0
17.68004,80.20503,356.17,0.54,0.42,2022-03-15,811,N20,VIIRS,n,2,315.94,11.14,D,0
17.68267,80.20684,347.01,0.54,0.42,2022-03-15,811,N20,VIIRS,n,2,313.38,6.63,D,0
17.68336,80.21199,336.33,0.54,0.42,2022-03-15,811,N20,VIIRS,l,2,311.09,6.63,D,0
17.68387,80.20421,338.89,0.54,0.42,2022-03-15,811,N20,VIIRS,l,2,310.77,3.08,D,0
17.68452,80.20934,337.64,0.54,0.42,2022-03-15,811,N20,VIIRS,l,2,311.59,4.59,D,0
17.68518,80.21459,336.46,0.54,0.42,2022-03-15,811,N20,VIIRS,l,2,310.85,4.59,D,0
17.68607,80.35233,341.84,0.55,0.43,2022-03-15,811,N20,VIIRS,l,2,312.48,8.12,D,0
17.68719,80.21121,347.05,0.54,0.42,2022-03-15,811,N20,VIIRS,n,2,311.46,5.7,D,0
17.69164,80.23444,342.16,0.54,0.42,2022-03-15,811,N20,VIIRS,l,2,314.74,6.32,D,0
17.6935,80.34373,338.68,0.55,0.43,2022-03-15,811,N20,VIIRS,n,2,311.73,3.6,D,0
17.69358,80.18759,340.69,0.54,0.42,2022-03-15,811,N20,VIIRS,n,2,310.65,5.6,D,0
17.69383,80.23136,348.91,0.54,0.42,2022-03-15,811,N20,VIIRS,n,2,314.33,7.37,D,0
17.69416,80.34897,337.74,0.55,0.43,2022-03-15,811,N20,VIIRS,n,2,312.51,3.6,D,0
17.69421,80.19258,340.32,0.54,0.42,2022-03-15,811,N20,VIIRS,n,2,309.26,5.6,D,0
17.69449,80.23637,343.96,0.54,0.42,2022-03-15,811,N20,VIIRS,l,2,316.62,7.84,D,0
17.69488,80.22892,339.57,0.54,0.42,2022-03-15,811,N20,VIIRS,l,2,313.08,6.54,D,0
17.69552,80.23394,352.69,0.54,0.42,2022-03-15,811,N20,VIIRS,n,2,317.43,6.54,D,0
17.69692,78.46295,343.44,0.44,0.39,2022-03-15,811,N20,VIIRS,l,2,317.09,14.5,D,0
17.69753,80.40923,343.75,0.55,0.43,2022-03-15,811,N20,VIIRS,n,2,316.76,10.76,D,0
17.69873,80.19709,347.37,0.54,0.42,2022-03-15,811,N20,VIIRS,n,2,311.09,7.14,D,0
17.6994,80.23341,345.58,0.54,0.42,2022-03-15,811,N20,VIIRS,n,2,316.45,6.54,D,0
17.70134,80.40645,342.8,0.55,0.43,2022-03-15,811,N20,VIIRS,n,2,314.44,12.21,D,0
17.70144,80.40862,341.42,0.55,0.43,2022-03-15,811,N20,VIIRS,l,2,313.99,10.76,D,0
17.70261,80.19666,338.4,0.54,0.42,2022-03-15,811,N20,VIIRS,l,2,310.36,7.14,D,0
17.70455,80.21187,346.43,0.54,0.42,2022-03-15,811,N20,VIIRS,n,2,316.44,15.42,D,0
17.70522,80.21714,338.5,0.54,0.42,2022-03-15,811,N20,VIIRS,l,2,311.72,4.49,D,0
17.71441,80.44718,341.16,0.56,0.43,2022-03-15,811,N20,VIIRS,l,2,314.29,7.97,D,0
17.72453,78.97549,351.02,0.47,0.39,2022-03-15,811,N20,VIIRS,n,2,321.15,31.8,D,0
17.7265,80.19855,352.52,0.54,0.42,2022-03-15,811,N20,VIIRS,n,2,317.88,39.99,D,0
17.72715,80.20361,337.91,0.54,0.42,2022-03-15,811,N20,VIIRS,l,2,310.55,12.58,D,0
17.72815,78.97496,352.78,0.47,0.39,2022-03-15,811,N20,VIIRS,n,2,318.12,10.22,D,0
17.73045,80.25999,341.06,0.54,0.42,2022-03-15,811,N20,VIIRS,n,2,311.27,4.47,D,0
17.731,80.17246,337.76,0.54,0.42,2022-03-15,811,N20,VIIRS,l,2,309.28,9.13,D,0
17.73165,80.17747,346.33,0.54,0.42,2022-03-15,811,N20,VIIRS,n,2,311.13,9.13,D,0
17.73616,80.18192,349.52,0.54,0.42,2022-03-15,811,N20,VIIRS,n,2,312.77,10.27,D,0
17.74431,80.12383,341.04,0.53,0.42,2022-03-15,811,N20,VIIRS,n,2,309.31,5.85,D,0
17.7452,80.19086,338.09,0.54,0.42,2022-03-15,811,N20,VIIRS,l,2,311.57,6.36,D,0
17.7475,80.11824,342.55,0.53,0.42,2022-03-15,811,N20,VIIRS,n,2,310.9,5.85,D,0
17.74817,80.12333,336.89,0.53,0.42,2022-03-15,811,N20,VIIRS,n,2,306.34,5.85,D,0
17.75137,80.11779,339.1,0.53,0.42,2022-03-15,811,N20,VIIRS,n,2,307.22,3.73,D,0
17.76206,77.84738,348.88,0.42,0.38,2022-03-15,811,N20,VIIRS,n,2,321.14,16.99,D,0
17.76315,80.51589,339.67,0.56,0.43,2022-03-15,811,N20,VIIRS,l,2,312.04,4.35,D,0
17.76562,80.47232,341.46,0.56,0.43,2022-03-15,811,N20,VIIRS,l,2,314.52,7.58,D,0
17.76564,80.13666,338.5,0.53,0.42,2022-03-15,811,N20,VIIRS,l,2,309.52,5.24,D,0
17.76594,80.38143,345.62,0.55,0.43,2022-03-15,811,N20,VIIRS,n,2,309.16,7.89,D,0
17.7695,80.13616,350.01,0.53,0.42,2022-03-15,811,N20,VIIRS,n,2,312.78,12.44,D,0
17.77462,80.29517,337.91,0.55,0.42,2022-03-15,811,N20,VIIRS,n,2,312.9,4.74,D,0
17.77746,80.25652,335.15,0.54,0.42,2022-03-15,811,N20,VIIRS,l,2,306.46,5.97,D,0
17.77918,80.42212,347.88,0.56,0.43,2022-03-15,811,N20,VIIRS,n,2,314.98,7.79,D,0
17.7935,80.53302,346.91,0.56,0.43,2022-03-15,811,N20,VIIRS,n,2,313.22,6.5,D,0
17.7971,80.18568,339.43,0.54,0.42,2022-03-15,811,N20,VIIRS,l,2,310.51,9.03,D,0
17.79772,80.22179,337.82,0.54,0.42,2022-03-15,811,N20,VIIRS,n,2,309.52,4.91,D,0
17.79886,80.32864,346.65,0.55,0.43,2022-03-15,811,N20,VIIRS,n,2,312.45,10.41,D,0
17.79891,80.32587,347.98,0.55,0.43,2022-03-15,811,N20,VIIRS,n,2,312.06,16.57,D,0
17.7991,80.01722,343.33,0.53,0.42,2022-03-15,811,N20,VIIRS,n,2,308.16,7.76,D,0
17.79935,80.51607,345.76,0.56,0.43,2022-03-15,811,N20,VIIRS,n,2,315.06,12.09,D,0
17.80026,80.68057,345.16,0.38,0.43,2022-03-15,811,N20,VIIRS,l,2,319.1,19.21,D,0
17.80165,80.1595,346.55,0.54,0.42,2022-03-15,811,N20,VIIRS,n,2,312.07,6.07,D,0
17.80209,80.32298,353.79,0.55,0.43,2022-03-15,811,N20,VIIRS,n,2,318.05,21.93,D,0
17.80217,80.32018,348.93,0.55,0.43,2022-03-15,811,N20,VIIRS,n,2,317.72,16.57,D,0
17.80277,80.32809,343.44,0.55,0.43,2022-03-15,811,N20,VIIRS,n,2,311.96,14.81,D,0
17.80281,80.3253,352.49,0.55,0.43,2022-03-15,811,N20,VIIRS,n,2,316.51,16.57,D,0
17.80424,80.14892,340.47,0.54,0.42,2022-03-15,811,N20,VIIRS,n,2,311.23,3.99,D,0
17.80473,80.24596,335.31,0.54,0.42,2022-03-15,811,N20,VIIRS,l,2,307.37,6.19,D,0
17.80552,80.15897,336.23,0.54,0.42,2022-03-15,811,N20,VIIRS,l,2,309.97,6.07,D,0
17.8057,78.36298,343.53,0.44,0.38,2022-03-15,811,N20,VIIRS,n,2,316.92,5.7,D,0
17.80599,80.32241,353.62,0.55,0.43,2022-03-15,811,N20,VIIRS,n,2,318.67,21.93,D,0
17.80607,80.31958,344.86,0.55,0.43,2022-03-15,811,N20,VIIRS,l,2,317.76,9.35,D,0
17.80616,80.16401,344.45,0.54,0.42,2022-03-15,811,N20,VIIRS,n,2,312.73,8.7,D,0
17.80672,80.32478,350.07,0.55,0.43,2022-03-15,811,N20,VIIRS,n,2,314.51,9.35,D,0
17.80927,80.25061,336.41,0.54,0.42,2022-03-15,811,N20,VIIRS,n,2,306.25,6.19,D,0
17.80997,80.19392,340.25,0.54,0.42,2022-03-15,811,N20,VIIRS,l,2,312.89,13.31,D,0
17.81847,80.35502,340.6,0.55,0.43,2022-03-15,811,N20,VIIRS,l,2,314.42,10.25,D,0
17.82239,80.35448,345.84,0.55,0.43,2022-03-15,811,N20,VIIRS,l,2,317.08,10.25,D,0
17.82476,80.09468,336.05,0.53,0.42,2022-03-15,811,N20,VIIRS,l,2,309.56,3.02,D,0
17.82615,80.19704,342.45,0.54,0.42,2022-03-15,811,N20,VIIRS,l,2,312.63,6.93,D,0
17.8263,80.35397,344.82,0.55,0.43,2022-03-15,811,N20,VIIRS,l,2,318.51,23.07,D,0
17.82743,80.17628,339.56,0.54,0.42,2022-03-15,811,N20,VIIRS,n,2,308.98,3.39,D,0
17.82985,80.0735,346.58,0.53,0.42,2022-03-15,811,N20,VIIRS,n,2,313.26,10.1,D,0
17.83022,80.35346,345.14,0.55,0.43,2022-03-15,811,N20,VIIRS,n,2,318.45,23.07,D,0
17.83108,80.92386,340.58,0.4,0.44,2022-03-15,811,N20,VIIRS,l,2,313.99,3.33,D,0
17.83146,80.3318,342.03,0.55,0.43,2022-03-15,811,N20,VIIRS,l,2,313.85,5.12,D,0
17.83217,80.36888,340.65,0.55,0.43,2022-03-15,811,N20,VIIRS,l,2,312.31,4.47,D,0
17.83281,80.34247,342.89,0.55,0.43,2022-03-15,811,N20,VIIRS,l,2,316.03,11.22,D,0
17.83324,80.19082,346.47,0.54,0.42,2022-03-15,811,N20,VIIRS,n,2,312.96,7.73,D,0
17.8337,80.07297,367.0,0.53,0.42,2022-03-15,811,N20,VIIRS,h,2,316.1,10.1,D,0
17.83777,80.19535,348.83,0.54,0.42,2022-03-15,811,N20,VIIRS,n,2,313.59,10.06,D,0
17.84095,80.25077,347.14,0.54,0.42,2022-03-15,811,N20,VIIRS,n,2,309.75,8.02,D,0
17.84246,80.29346,348.9,0.55,0.42,2022-03-15,811,N20,VIIRS,n,2,317.29,14.21,D,0
17.84655,80.08135,342.97,0.53,0.42,2022-03-15,811,N20,VIIRS,l,2,314.03,7.36,D,0
17.84721,80.08637,346.48,0.53,0.42,2022-03-15,811,N20,VIIRS,n,2,313.87,6.39,D,0
17.84974,80.07578,351.59,0.53,0.42,2022-03-15,811,N20,VIIRS,n,2,316.92,7.36,D,0
17.8504,80.0808,342.47,0.53,0.42,2022-03-15,811,N20,VIIRS,l,2,314.48,7.36,D,0
17.85106,80.08583,348.33,0.53,0.42,2022-03-15,811,N20,VIIRS,n,2,314.16,6.39,D,0
17.85172,80.09087,340.33,0.53,0.42,2022-03-15,811,N20,VIIRS,l,2,312.3,6.39,D,0
17.85427,80.78391,337.03,0.39,0.44,2022-03-15,811,N20,VIIRS,l,2,311.39,4.26,D,0
17.85604,78.3893,348.18,0.44,0.38,2022-03-15,811,N20,VIIRS,n,2,317.14,6.54,D,0
17.86064,80.28056,343.83,0.55,0.42,2022-03-15,811,N20,VIIRS,l,2,314.1,10.02,D,0
17.8664,80.2638,346.68,0.55,0.42,2022-03-15,811,N20,VIIRS,n,2,311.47,10.46,D,0
17.86695,80.23761,353.49,0.54,0.42,2022-03-15,811,N20,VIIRS,n,2,315.12,14.07,D,0
17.86936,80.16538,343.71,0.54,0.42,2022-03-15,811,N20,VIIRS,n,2,313.27,7.05,D,0
17.87113,80.30024,345.7,0.55,0.43,2022-03-15,811,N20,VIIRS,l,2,318.78,8.98,D,0
17.87143,80.36417,340.17,0.55,0.43,2022-03-15,811,N20,VIIRS,l,2,312.95,6.38,D,0
17.87504,80.29976,351.56,0.55,0.43,2022-03-15,811,N20,VIIRS,n,2,318.92,7.52,D,0
17.87571,80.30494,346.3,0.55,0.43,2022-03-15,811,N20,VIIRS,l,2,317.58,7.52,D,0
17.87764,80.1385,341.11,0.54,0.42,2022-03-15,811,N20,VIIRS,l,2,311.27,5.29,D,0
17.87962,80.30446,339.47,0.55,0.43,2022-03-15,811,N20,VIIRS,l,2,313.63,7.52,D,0
17.88031,80.15871,347.45,0.54,0.42,2022-03-15,811,N20,VIIRS,n,2,313.75,8.37,D,0
17.88549,80.44223,349.63,0.56,0.43,2022-03-15,811,N20,VIIRS,n,2,314.45,13.04,D,0
17.88739,80.13995,345.28,0.54,0.42,2022-03-15,811,N20,VIIRS,n,2,310.66,4.62,D,0
17.88841,80.2503,344.2,0.54,0.42,2022-03-15,811,N20,VIIRS,n,2,313.84,20.46,D,0
17.88859,80.28188,355.88,0.55,0.42,2022-03-15,811,N20,VIIRS,n,2,319.94,23.97,D,0
17.88929,80.2872,350.85,0.55,0.42,2022-03-15,811,N20,VIIRS,n,2,312.18,10.56,D,0
17.88954,80.69631,339.23,0.39,0.44,2022-03-15,811,N20,VIIRS,n,2,309.48,2.28,D,0
17.88957,80.47393,339.88,0.56,0.43,2022-03-15,811,N20,VIIRS,l,2,314.13,7.71,D,0
17.88989,80.14189,342.82,0.54,0.42,2022-03-15,811,N20,VIIRS,n,2,311.27,6.44,D,0
17.89125,80.13941,344.04,0.54,0.42,2022-03-15,811,N20,VIIRS,n,2,311.53,4.07,D,0
17.89133,80.42542,350.0,0.56,0.43,2022-03-15,811,N20,VIIRS,n,2,315.07,6.91,D,0
17.89247,80.28123,350.03,0.55,0.42,2022-03-15,811,N20,VIIRS,n,2,312.05,23.97,D,0
17.89251,81.27991,339.63,0.42,0.45,2022-03-15,811,N20,VIIRS,n,2,309.35,3.12,D,0
17.89317,80.28654,348.77,0.55,0.42,2022-03-15,811,N20,VIIRS,n,2,314.93,10.56,D,0
17.89388,80.29192,339.37,0.55,0.43,2022-03-15,811,N20,VIIRS,l,2,312.37,10.56,D,0
17.89402,80.44626,340.95,0.56,0.43,2022-03-15,811,N20,VIIRS,l,2,313.48,4.04,D,0
17.89447,80.13377,340.7,0.54,0.42,2022-03-15,811,N20,VIIRS,n,2,310.55,4.07,D,0
17.89527,80.42487,348.47,0.56,0.43,2022-03-15,811,N20,VIIRS,n,2,315.39,6.91,D,0
17.89667,80.31318,343.69,0.55,0.43,2022-03-15,811,N20,VIIRS,l,2,318.6,12.05,D,0
17.89767,80.15909,338.96,0.54,0.42,2022-03-15,811,N20,VIIRS,n,2,311.34,4.32,D,0
17.89771,81.42361,338.82,0.43,0.46,2022-03-15,811,N20,VIIRS,l,2,313.72,3.16,D,0
17.89795,80.44567,340.91,0.56,0.43,2022-03-15,811,N20,VIIRS,n,2,313.15,4.04,D,0
17.898,80.79639,353.97,0.39,0.44,2022-03-15,811,N20,VIIRS,n,2,311.96,6.49,D,0
17.89817,80.25727,338.66,0.55,0.42,2022-03-15,811,N20,VIIRS,l,2,310.43,2.76,D,0
17.89821,80.73288,337.29,0.39,0.44,2022-03-15,811,N20,VIIRS,l,2,311.38,2.51,D,0
17.89964,80.15591,342.29,0.54,0.42,2022-03-15,811,N20,VIIRS,n,2,310.97,4.82,D,0
17.90027,80.28017,339.37,0.55,0.42,2022-03-15,811,N20,VIIRS,l,2,311.23,9.82,D,0
17.9009,80.15345,337.43,0.54,0.42,2022-03-15,811,N20,VIIRS,l,2,310.2,5.3,D,0
17.90096,80.28542,339.82,0.55,0.42,2022-03-15,811,N20,VIIRS,l,2,312.68,6.4,D,0
17.90254,80.45011,337.3,0.56,0.43,2022-03-15,811,N20,VIIRS,l,2,311.89,9.33,D,0
17.90413,80.14783,335.48,0.54,0.42,2022-03-15,811,N20,VIIRS,l,2,309.92,2.9,D,0
17.90448,80.3121,348.2,0.55,0.43,2022-03-15,811,N20,VIIRS,l,2,318.68,11.87,D,0
17.90473,80.30986,346.31,0.55,0.43,2022-03-15,811,N20,VIIRS,l,2,318.19,10.25,D,0
17.90477,80.15289,343.86,0.54,0.42,2022-03-15,811,N20,VIIRS,n,2,310.65,5.3,D,0
17.90487,80.28493,337.52,0.55,0.42,2022-03-15,811,N20,VIIRS,l,2,312.22,4.87,D,0
17.90517,80.31734,341.03,0.55,0.43,2022-03-15,811,N20,VIIRS,n,2,315.15,4.13,D,0
17.91122,80.27296,336.59,0.55,0.42,2022-03-15,811,N20,VIIRS,l,2,310.37,3.7,D,0
17.91137,77.44666,347.74,0.41,0.37,2022-03-15,811,N20,VIIRS,n,2,321.51,6.37,D,0
17.91234,81.01196,343.27,0.4,0.44,2022-03-15,811,N20,VIIRS,n,2,309.72,5.5,D,0
17.9183,80.73048,338.99,0.39,0.44,2022-03-15,811,N20,VIIRS,l,2,312.09,3.53,D,0
17.91849,80.69994,340.74,0.39,0.44,2022-03-15,811,N20,VIIRS,n,2,308.13,2.78,D,0
17.91875,81.03035,347.45,0.4,0.45,2022-03-15,811,N20,VIIRS,n,2,310.4,5.23,D,0
17.919,80.70393,348.34,0.39,0.44,2022-03-15,811,N20,VIIRS,n,2,311.41,4.94,D,0
17.92413,80.43123,348.37,0.56,0.43,2022-03-15,811,N20,VIIRS,n,2,315.95,20.52,D,0
17.93058,80.69891,336.82,0.39,0.44,2022-03-15,811,N20,VIIRS,l,2,310.24,1.51,D,0
17.93411,80.41729,342.17,0.56,0.43,2022-03-15,811,N20,VIIRS,n,2,311.37,5.17,D,0
17.93458,80.69829,346.32,0.39,0.44,2022-03-15,811,N20,VIIRS,n,2,311.03,4.2,D,0
17.94265,80.55039,342.7,0.57,0.43,2022-03-15,811,N20,VIIRS,n,2,308.4,9.72,D,0
17.94307,80.66954,343.99,0.38,0.44,2022-03-15,811,N20,VIIRS,n,2,309.59,6.16,D,0
17.94399,80.55213,341.16,0.57,0.43,2022-03-15,811,N20,VIIRS,n,2,308.87,7.61,D,0
17.94654,80.63358,335.16,0.38,0.43,2022-03-15,811,N20,VIIRS,l,2,308.81,2.46,D,0
17.94705,80.66892,341.01,0.38,0.44,2022-03-15,811,N20,VIIRS,n,2,307.75,3.36,D,0
17.9478,80.64336,333.14,0.38,0.43,2022-03-15,811,N20,VIIRS,n,2,308.1,1.25,D,0
17.95774,81.17706,342.42,0.41,0.45,2022-03-15,811,N20,VIIRS,n,2,310.0,7.56,D,0
17.95821,81.18086,341.87,0.41,0.45,2022-03-15,811,N20,VIIRS,n,2,309.37,7.0,D,0
17.96199,80.57608,341.58,0.57,0.43,2022-03-15,811,N20,VIIRS,n,2,310.71,7.28,D,0
17.96253,81.04781,336.03,0.41,0.45,2022-03-15,811,N20,VIIRS,l,2,310.31,2.02,D,0
17.96282,80.14476,355.62,0.54,0.42,2022-03-15,811,N20,VIIRS,n,2,317.68,13.19,D,0
17.9637,80.21225,342.45,0.54,0.42,2022-03-15,811,N20,VIIRS,l,2,315.85,6.74,D,0
17.96656,80.64532,335.26,0.38,0.43,2022-03-15,811,N20,VIIRS,l,2,309.4,2.97,D,0
17.96669,80.14426,337.03,0.54,0.42,2022-03-15,811,N20,VIIRS,l,2,311.89,13.19,D,0
17.96889,80.66411,338.17,0.38,0.44,2022-03-15,811,N20,VIIRS,l,2,310.78,6.06,D,0
17.97024,81.04292,344.86,0.4,0.45,2022-03-15,811,N20,VIIRS,n,2,309.66,3.12,D,0
17.97255,80.56358,349.57,0.57,0.43,2022-03-15,811,N20,VIIRS,n,2,314.41,12.72,D,0
17.97433,81.04237,331.77,0.4,0.45,2022-03-15,811,N20,VIIRS,l,2,306.77,3.12,D,0
17.97661,80.37402,343.47,0.56,0.43,2022-03-15,811,N20,VIIRS,l,2,315.78,6.63,D,0
17.97723,80.19467,343.6,0.54,0.42,2022-03-15,811,N20,VIIRS,n,2,313.89,4.08,D,0
17.97764,80.13761,341.18,0.54,0.42,2022-03-15,811,N20,VIIRS,l,2,313.64,6.76,D,0
17.97962,80.30456,344.6,0.55,0.43,2022-03-15,811,N20,VIIRS,l,2,314.61,7.31,D,0
17.98018,80.12697,337.94,0.54,0.42,2022-03-15,811,N20,VIIRS,l,2,311.15,6.44,D,0
17.98111,80.19415,345.08,0.54,0.42,2022-03-15,811,N20,VIIRS,l,2,316.1,4.08,D,0
17.98331,80.61703,342.16,0.57,0.43,2022-03-15,811,N20,VIIRS,l,2,312.43,6.65,D,0
17.98387,80.62144,352.76,0.38,0.43,2022-03-15,811,N20,VIIRS,n,2,313.67,7.19,D,0
17.98639,81.13787,338.15,0.41,0.45,2022-03-15,811,N20,VIIRS,n,2,312.21,3.4,D,0
17.98752,81.18025,342.52,0.41,0.45,2022-03-15,811,N20,VIIRS,n,2,309.75,7.65,D,0
17.98857,80.43607,340.5,0.56,0.43,2022-03-15,811,N20,VIIRS,l,2,315.15,7.92,D,0
17.98923,80.7624,347.43,0.39,0.44,2022-03-15,811,N20,VIIRS,n,2,311.57,3.64,D,0
17.9975,80.69772,343.8,0.39,0.44,2022-03-15,811,N20,VIIRS,n,2,312.67,4.23,D,0
18.00804,81.08466,342.27,0.41,0.45,2022-03-15,811,N20,VIIRS,n,2,310.2,4.78,D,0
18.00845,81.08805,343.22,0.41,0.45,2022-03-15,811,N20,VIIRS,n,2,309.2,3.18,D,0
18.00885,81.08418,344.9,0.41,0.45,2022-03-15,811,N20,VIIRS,n,2,310.74,5.31,D,0
18.0093,81.08772,345.69,0.41,0.45,2022-03-15,811,N20,VIIRS,n,2,310.55,4.58,D,0
18.0126,81.08784,342.55,0.41,0.45,2022-03-15,811,N20,VIIRS,n,2,309.65,3.18,D,0
18.01343,81.08738,342.6,0.41,0.45,2022-03-15,811,N20,VIIRS,n,2,310.34,4.58,D,0
18.02348,78.08939,343.82,0.43,0.38,2022-03-15,811,N20,VIIRS,n,2,316.88,3.64,D,0
18.02704,80.0819,347.87,0.54,0.42,2022-03-15,811,N20,VIIRS,n,2,316.41,18.43,D,0
18.02769,80.08693,342.26,0.54,0.42,2022-03-15,811,N20,VIIRS,l,2,314.35,4.11,D,0
18.03732,80.44059,343.06,0.56,0.43,2022-03-15,811,N20,VIIRS,n,2,312.83,5.04,D,0
18.04292,79.99258,348.1,0.53,0.42,2022-03-15,811,N20,VIIRS,n,2,316.4,12.03,D,0
18.04484,81.04459,343.26,0.41,0.45,2022-03-15,811,N20,VIIRS,n,2,309.89,4.68,D,0
18.05172,80.21281,349.94,0.54,0.42,2022-03-15,811,N20,VIIRS,n,2,311.52,7.8,D,0
18.05222,80.67931,334.99,0.39,0.44,2022-03-15,811,N20,VIIRS,l,2,309.58,2.93,D,0
18.05238,80.21793,352.05,0.55,0.42,2022-03-15,811,N20,VIIRS,n,2,312.31,8.11,D,0
18.05374,81.08271,339.32,0.41,0.45,2022-03-15,811,N20,VIIRS,l,2,311.2,6.35,D,0
18.05422,80.14011,347.3,0.54,0.42,2022-03-15,811,N20,VIIRS,n,2,318.29,15.72,D,0
18.05422,81.08658,352.98,0.41,0.45,2022-03-15,811,N20,VIIRS,n,2,313.78,6.35,D,0
18.0547,81.09046,350.53,0.41,0.45,2022-03-15,811,N20,VIIRS,n,2,311.6,8.07,D,0
18.05627,80.21741,338.89,0.55,0.42,2022-03-15,811,N20,VIIRS,l,2,312.06,6.46,D,0
18.0581,80.13961,344.52,0.54,0.42,2022-03-15,811,N20,VIIRS,l,2,315.54,15.72,D,0
18.05861,80.5414,347.34,0.57,0.43,2022-03-15,811,N20,VIIRS,n,2,314.3,9.43,D,0
18.06153,80.54379,347.98,0.57,0.43,2022-03-15,811,N20,VIIRS,n,2,314.28,19.78,D,0
18.06204,80.17009,338.82,0.54,0.42,2022-03-15,811,N20,VIIRS,l,2,312.9,3.54,D,0
18.06256,80.11325,340.88,0.54,0.42,2022-03-15,811,N20,VIIRS,l,2,314.94,7.18,D,0
18.06291,80.58752,340.32,0.57,0.43,2022-03-15,811,N20,VIIRS,l,2,314.63,6.66,D,0
18.06462,81.00292,347.02,0.4,0.45,2022-03-15,811,N20,VIIRS,n,2,309.62,4.11,D,0
18.06798,78.48612,345.47,0.45,0.39,2022-03-15,811,N20,VIIRS,l,2,316.47,7.76,D,0
18.06907,80.13297,340.04,0.54,0.42,2022-03-15,811,N20,VIIRS,l,2,314.39,2.99,D,0
18.06967,81.07648,350.52,0.41,0.45,2022-03-15,811,N20,VIIRS,n,2,311.01,5.87,D,0
18.07065,80.23673,345.62,0.55,0.42,2022-03-15,811,N20,VIIRS,n,2,313.55,9.35,D,0
18.07239,80.933,339.13,0.4,0.44,2022-03-15,811,N20,VIIRS,n,2,310.88,2.01,D,0
18.07378,81.07592,339.88,0.41,0.45,2022-03-15,811,N20,VIIRS,l,2,312.05,2.65,D,0
18.07456,80.23629,347.98,0.55,0.42,2022-03-15,811,N20,VIIRS,n,2,313.63,9.56,D,0
18.07859,80.9819,331.81,0.4,0.44,2022-03-15,811,N20,VIIRS,l,2,306.68,2.02,D,0
18.07926,81.02004,332.86,0.4,0.45,2022-03-15,811,N20,VIIRS,l,2,307.66,3.78,D,0
18.07975,81.02392,342.21,0.41,0.45,2022-03-15,811,N20,VIIRS,n,2,307.4,3.54,D,0
18.08042,80.99637,334.49,0.4,0.44,2022-03-15,811,N20,VIIRS,l,2,307.09,3.35,D,0
18.08181,81.00734,367.0,0.4,0.45,2022-03-15,811,N20,VIIRS,h,2,311.05,5.5,D,0
18.08384,81.02332,339.2,0.41,0.45,2022-03-15,811,N20,VIIRS,n,2,307.86,3.33,D,0
18.08423,80.21911,340.47,0.55,0.42,2022-03-15,811,N20,VIIRS,l,2,313.05,5.0,D,0
18.08433,81.02718,335.85,0.41,0.45,2022-03-15,811,N20,VIIRS,l,2,307.01,3.33,D,0
18.08492,80.2244,344.06,0.55,0.42,2022-03-15,811,N20,VIIRS,n,2,313.92,7.36,D,0
18.08588,81.00668,332.37,0.4,0.45,2022-03-15,811,N20,VIIRS,n,2,307.21,5.5,D,0
18.08598,80.8777,347.13,0.4,0.44,2022-03-15,811,N20,VIIRS,n,2,312.62,3.22,D,0
18.08742,80.95347,333.77,0.4,0.44,2022-03-15,811,N20,VIIRS,l,2,308.53,1.2,D,0
18.08813,80.99161,332.01,0.4,0.44,2022-03-15,811,N20,VIIRS,l,2,307.0,2.85,D,0
18.09032,80.91144,345.18,0.4,0.44,2022-03-15,811,N20,VIIRS,n,2,314.05,3.04,D,0
18.09101,80.88469,342.11,0.4,0.44,2022-03-15,811,N20,VIIRS,n,2,314.96,3.97,D,0
18.09118,80.88425,341.92,0.4,0.44,2022-03-15,811,N20,VIIRS,n,2,314.73,3.83,D,0
18.09148,81.11689,341.33,0.41,0.45,2022-03-15,811,N20,VIIRS,n,2,309.85,3.66,D,0
18.09299,81.33226,337.88,0.42,0.45,2022-03-15,811,N20,VIIRS,l,2,308.59,2.06,D,0
18.09346,80.25951,352.88,0.55,0.43,2022-03-15,811,N20,VIIRS,n,2,315.11,15.28,D,0
18.09705,80.04663,349.65,0.53,0.42,2022-03-15,811,N20,VIIRS,n,2,314.77,16.94,D,0
18.09717,81.33173,335.06,0.42,0.45,2022-03-15,811,N20,VIIRS,l,2,309.44,3.85,D,0
18.09799,80.9062,338.93,0.4,0.44,2022-03-15,811,N20,VIIRS,l,2,313.59,2.72,D,0
18.09828,78.7599,345.33,0.46,0.39,2022-03-15,811,N20,VIIRS,n,2,318.39,15.41,D,0
18.0986,80.04314,340.7,0.53,0.42,2022-03-15,811,N20,VIIRS,l,2,312.83,4.05,D,0
18.09863,80.39194,336.14,0.56,0.43,2022-03-15,811,N20,VIIRS,l,2,311.07,2.57,D,0
18.09924,80.04816,349.58,0.53,0.42,2022-03-15,811,N20,VIIRS,n,2,314.94,11.41,D,0
18.1025,80.01201,347.72,0.53,0.42,2022-03-15,811,N20,VIIRS,n,2,312.88,11.4,D,0
18.10314,80.01704,351.44,0.53,0.42,2022-03-15,811,N20,VIIRS,n,2,318.82,20.76,D,0
18.10378,80.02209,337.96,0.53,0.42,2022-03-15,811,N20,VIIRS,l,2,311.24,20.76,D,0
18.1048,80.76097,340.28,0.39,0.44,2022-03-15,811,N20,VIIRS,n,2,310.88,4.45,D,0
18.10526,80.76465,343.67,0.39,0.44,2022-03-15,811,N20,VIIRS,n,2,311.19,4.45,D,0
18.10635,80.01148,347.63,0.53,0.42,2022-03-15,811,N20,VIIRS,n,2,312.31,9.4,D,0
18.10663,80.14849,348.02,0.54,0.42,2022-03-15,811,N20,VIIRS,n,2,316.65,13.29,D,0
18.10763,80.02156,337.43,0.53,0.42,2022-03-15,811,N20,VIIRS,l,2,312.36,7.34,D,0
18.10818,80.15038,353.67,0.54,0.42,2022-03-15,811,N20,VIIRS,n,2,317.75,11.74,D,0
18.10852,80.99274,335.97,0.4,0.45,2022-03-15,811,N20,VIIRS,n,2,309.69,2.46,D,0
18.10907,80.25732,339.12,0.55,0.43,2022-03-15,811,N20,VIIRS,l,2,313.03,8.19,D,0
18.10909,80.993,335.77,0.4,0.44,2022-03-15,811,N20,VIIRS,n,2,309.63,3.29,D,0
18.10974,80.26244,350.57,0.55,0.43,2022-03-15,811,N20,VIIRS,n,2,315.35,7.09,D,0
18.11034,80.80554,338.07,0.39,0.44,2022-03-15,811,N20,VIIRS,l,2,311.55,3.82,D,0
18.11076,81.01115,338.21,0.41,0.45,2022-03-15,811,N20,VIIRS,l,2,308.64,3.29,D,0
18.11145,81.01138,339.57,0.4,0.45,2022-03-15,811,N20,VIIRS,n,2,309.02,2.53,D,0
18.11199,81.01554,336.68,0.4,0.45,2022-03-15,811,N20,VIIRS,n,2,308.51,2.53,D,0
18.11365,80.26191,345.74,0.55,0.43,2022-03-15,811,N20,VIIRS,n,2,313.17,7.09,D,0
18.11383,80.2588,339.63,0.55,0.43,2022-03-15,811,N20,VIIRS,l,2,312.07,8.7,D,0
18.11437,80.80494,341.7,0.39,0.44,2022-03-15,811,N20,VIIRS,n,2,310.47,2.7,D,0
18.117,80.92632,339.45,0.4,0.44,2022-03-15,811,N20,VIIRS,n,2,310.35,1.32,D,0
18.11823,80.77006,334.67,0.39,0.44,2022-03-15,811,N20,VIIRS,l,2,308.56,2.23,D,0
18.12887,80.95544,335.84,0.4,0.44,2022-03-15,811,N20,VIIRS,l,2,309.34,3.51,D,0
18.13217,80.49603,338.94,0.57,0.43,2022-03-15,811,N20,VIIRS,l,2,311.45,5.25,D,0
18.13222,79.065,347.06,0.48,0.4,2022-03-15,811,N20,VIIRS,n,2,318.16,18.05,D,0
18.13327,78.38341,348.73,0.44,0.39,2022-03-15,811,N20,VIIRS,n,2,316.91,8.67,D,0
18.13461,78.34081,349.79,0.44,0.38,2022-03-15,811,N20,VIIRS,n,2,316.9,7.69,D,0
18.13907,81.00452,341.03,0.4,0.45,2022-03-15,811,N20,VIIRS,n,2,313.68,4.25,D,0
18.14128,80.35107,340.75,0.56,0.43,2022-03-15,811,N20,VIIRS,l,2,312.9,6.36,D,0
18.14292,80.96843,337.37,0.4,0.44,2022-03-15,811,N20,VIIRS,l,2,309.12,3.39,D,0
18.14385,80.33966,345.25,0.56,0.43,2022-03-15,811,N20,VIIRS,n,2,311.91,9.0,D,0
18.14411,78.12582,342.6,0.43,0.38,2022-03-15,811,N20,VIIRS,l,2,316.01,7.85,D,0
18.14445,80.31268,334.7,0.55,0.43,2022-03-15,811,N20,VIIRS,l,2,309.17,5.0,D,0
18.14552,80.79129,339.69,0.39,0.44,2022-03-15,811,N20,VIIRS,n,2,307.55,3.08,D,0
18.14837,80.31207,338.37,0.55,0.43,2022-03-15,811,N20,VIIRS,l,2,310.88,5.0,D,0
18.14901,80.31722,346.03,0.55,0.43,2022-03-15,811,N20,VIIRS,n,2,312.62,5.0,D,0
18.14967,80.32245,349.32,0.55,0.43,2022-03-15,811,N20,VIIRS,n,2,313.99,14.07,D,0
18.15008,81.1282,335.49,0.41,0.45,2022-03-15,811,N20,VIIRS,l,2,310.08,2.56,D,0
18.15182,78.28342,345.4,0.44,0.38,2022-03-15,811,N20,VIIRS,l,2,315.56,8.47,D,0
18.15416,79.89821,347.4,0.52,0.42,2022-03-15,811,N20,VIIRS,n,2,314.51,10.49,D,0
18.15427,80.32729,338.56,0.55,0.43,2022-03-15,811,N20,VIIRS,l,2,312.56,7.12,D,0
18.15472,80.96317,341.89,0.4,0.44,2022-03-15,811,N20,VIIRS,n,2,309.08,2.9,D,0
18.15562,80.33797,342.45,0.56,0.43,2022-03-15,811,N20,VIIRS,l,2,312.9,11.24,D,0
18.15643,81.43095,344.79,0.43,0.46,2022-03-15,811,N20,VIIRS,n,2,311.61,6.52,D,0
18.15693,81.43108,347.11,0.43,0.46,2022-03-15,811,N20,VIIRS,n,2,312.38,7.76,D,0
18.1601,80.27885,335.32,0.55,0.43,2022-03-15,811,N20,VIIRS,l,2,309.38,3.01,D,0
18.16041,80.90926,337.98,0.4,0.44,2022-03-15,811,N20,VIIRS,n,2,310.45,1.98,D,0
18.16182,79.89717,342.78,0.52,0.42,2022-03-15,811,N20,VIIRS,l,2,313.84,4.38,D,0
18.16277,80.33136,338.27,0.56,0.43,2022-03-15,811,N20,VIIRS,l,2,311.76,4.15,D,0
18.16342,80.30496,346.98,0.55,0.43,2022-03-15,811,N20,VIIRS,n,2,315.63,8.72,D,0
18.16398,80.24691,337.25,0.55,0.43,2022-03-15,811,N20,VIIRS,n,2,311.99,4.69,D,0
18.16603,80.2942,339.11,0.55,0.43,2022-03-15,811,N20,VIIRS,l,2,313.54,6.18,D,0
18.16696,81.02789,345.56,0.41,0.45,2022-03-15,811,N20,VIIRS,n,2,312.8,3.89,D,0
18.16739,80.33624,336.28,0.56,0.43,2022-03-15,811,N20,VIIRS,l,2,310.55,4.15,D,0
18.16743,81.03169,341.78,0.41,0.45,2022-03-15,811,N20,VIIRS,n,2,309.93,3.89,D,0
18.17133,80.33589,349.22,0.56,0.43,2022-03-15,811,N20,VIIRS,n,2,313.22,6.53,D,0
18.17529,80.33556,336.76,0.56,0.43,2022-03-15,811,N20,VIIRS,l,2,309.74,6.53,D,0
18.17658,80.97183,336.38,0.4,0.44,2022-03-15,811,N20,VIIRS,l,2,308.29,3.95,D,0
18.17969,80.76947,336.42,0.39,0.44,2022-03-15,811,N20,VIIRS,l,2,310.41,2.76,D,0
18.18068,80.97136,346.97,0.4,0.44,2022-03-15,811,N20,VIIRS,n,2,309.68,3.95,D,0
18.18092,81.45277,342.99,0.43,0.46,2022-03-15,811,N20,VIIRS,n,2,312.19,5.07,D,0
18.1816,81.49426,339.69,0.43,0.46,2022-03-15,811,N20,VIIRS,n,2,310.87,1.63,D,0
18.18283,80.23891,335.31,0.55,0.43,2022-03-15,811,N20,VIIRS,l,2,310.0,3.23,D,0
18.1875,78.30755,348.61,0.44,0.38,2022-03-15,811,N20,VIIRS,n,2,315.74,8.89,D,0
18.18793,78.30801,345.25,0.44,0.38,2022-03-15,811,N20,VIIRS,l,2,315.87,7.99,D,0
18.18884,80.2856,341.06,0.55,0.43,2022-03-15,811,N20,VIIRS,l,2,313.6,6.5,D,0
18.19157,80.30675,345.02,0.55,0.43,2022-03-15,811,N20,VIIRS,n,2,312.72,6.19,D,0
18.19367,77.56216,348.94,0.41,0.37,2022-03-15,811,N20,VIIRS,l,2,323.03,9.78,D,0
18.1962,80.31171,336.42,0.55,0.43,2022-03-15,811,N20,VIIRS,l,2,311.16,6.19,D,0
18.1991,78.07639,343.89,0.43,0.38,2022-03-15,811,N20,VIIRS,l,2,316.98,5.08,D,0
18.19966,80.8925,341.2,0.4,0.44,2022-03-15,811,N20,VIIRS,l,2,313.22,5.07,D,0
18.20002,80.99263,347.73,0.4,0.45,2022-03-15,811,N20,VIIRS,n,2,311.43,4.73,D,0
18.20079,80.86918,336.14,0.4,0.44,2022-03-15,811,N20,VIIRS,l,2,309.67,3.94,D,0
18.20105,80.86835,339.88,0.4,0.44,2022-03-15,811,N20,VIIRS,l,2,310.25,3.69,D,0
18.20258,80.42387,348.33,0.56,0.43,2022-03-15,811,N20,VIIRS,n,2,315.41,10.66,D,0
18.20519,81.371,336.09,0.43,0.46,2022-03-15,811,N20,VIIRS,l,2,310.07,3.46,D,0
18.20918,80.28872,340.4,0.55,0.43,2022-03-15,811,N20,VIIRS,l,2,312.69,3.67,D,0
18.21134,80.33618,337.67,0.56,0.43,2022-03-15,811,N20,VIIRS,l,2,312.09,4.12,D,0
18.21208,81.35779,333.04,0.43,0.46,2022-03-15,811,N20,VIIRS,l,2,307.78,3.64,D,0
18.21592,81.49381,338.18,0.43,0.46,2022-03-15,811,N20,VIIRS,n,2,309.65,2.27,D,0
18.21679,80.69646,339.18,0.39,0.44,2022-03-15,811,N20,VIIRS,n,2,312.82,2.58,D,0
18.2187,80.74451,337.13,0.39,0.44,2022-03-15,811,N20,VIIRS,l,2,310.79,2.27,D,0
18.22029,80.82355,350.11,0.4,0.44,2022-03-15,811,N20,VIIRS,n,2,314.62,4.76,D,0
18.22081,80.69592,345.72,0.39,0.44,2022-03-15,811,N20,VIIRS,n,2,314.05,2.58,D,0
18.22274,80.74403,338.67,0.39,0.44,2022-03-15,811,N20,VIIRS,l,2,310.61,1.92,D,0
18.2281,78.08015,343.18,0.43,0.38,2022-03-15,811,N20,VIIRS,l,2,317.53,6.27,D,0
18.22815,80.78741,334.61,0.39,0.44,2022-03-15,811,N20,VIIRS,l,2,308.79,3.91,D,0
18.22908,80.22788,349.26,0.55,0.43,2022-03-15,811,N20,VIIRS,n,2,312.94,11.91,D,0
18.22983,80.23026,339.87,0.55,0.43,2022-03-15,811,N20,VIIRS,l,2,312.11,5.94,D,0
18.23058,78.20064,341.82,0.44,0.38,2022-03-15,811,N20,VIIRS,l,2,316.53,5.36,D,0
18.23329,78.0918,348.52,0.43,0.38,2022-03-15,811,N20,VIIRS,n,2,318.16,10.95,D,0
18.23351,81.46217,342.1,0.43,0.46,2022-03-15,811,N20,VIIRS,n,2,309.29,3.81,D,0
18.23475,79.83864,344.57,0.52,0.42,2022-03-15,811,N20,VIIRS,n,2,312.99,4.3,D,0
18.23508,78.07914,353.37,0.43,0.38,2022-03-15,811,N20,VIIRS,n,2,321.22,13.28,D,0
18.23571,80.78217,336.16,0.39,0.44,2022-03-15,811,N20,VIIRS,l,2,309.72,0.85,D,0
18.23619,81.4492,339.55,0.43,0.46,2022-03-15,811,N20,VIIRS,n,2,308.34,2.48,D,0
18.23645,78.19138,344.87,0.44,0.38,2022-03-15,811,N20,VIIRS,l,2,318.62,8.31,D,0
18.23703,80.72726,341.44,0.39,0.44,2022-03-15,811,N20,VIIRS,n,2,314.1,3.21,D,0
18.23857,79.83819,340.75,0.52,0.42,2022-03-15,811,N20,VIIRS,n,2,314.91,4.94,D,0
18.2386,80.80525,335.5,0.4,0.44,2022-03-15,811,N20,VIIRS,l,2,309.48,2.89,D,0
18.24026,80.21842,339.11,0.55,0.43,2022-03-15,811,N20,VIIRS,l,2,313.8,6.99,D,0
18.24262,80.80449,337.67,0.4,0.44,2022-03-15,811,N20,VIIRS,l,2,309.43,2.89,D,0
18.24651,80.76997,343.53,0.39,0.44,2022-03-15,811,N20,VIIRS,n,2,312.53,6.03,D,0
18.24678,80.2072,340.22,0.55,0.42,2022-03-15,811,N20,VIIRS,l,2,314.7,6.26,D,0
18.24846,78.07296,355.73,0.43,0.38,2022-03-15,811,N20,VIIRS,n,2,320.42,12.38,D,0
18.25195,78.07244,345.17,0.43,0.38,2022-03-15,811,N20,VIIRS,l,2,318.46,5.51,D,0
18.25203,78.04772,346.21,0.43,0.38,2022-03-15,811,N20,VIIRS,n,2,316.17,4.73,D,0
18.25335,78.01936,345.24,0.43,0.38,2022-03-15,811,N20,VIIRS,l,2,317.35,5.59,D,0
18.25499,78.01836,348.86,0.43,0.38,2022-03-15,811,N20,VIIRS,n,2,318.85,8.54,D,0
18.25568,80.87575,340.79,0.4,0.44,2022-03-15,811,N20,VIIRS,n,2,308.72,3.49,D,0
18.25592,80.27959,342.59,0.55,0.43,2022-03-15,811,N20,VIIRS,n,2,314.17,4.66,D,0
18.25637,80.75053,335.86,0.39,0.44,2022-03-15,811,N20,VIIRS,l,2,310.54,5.05,D,0
18.25683,78.01883,353.2,0.43,0.38,2022-03-15,811,N20,VIIRS,n,2,317.69,5.59,D,0
18.25706,80.78857,343.77,0.39,0.44,2022-03-15,811,N20,VIIRS,n,2,309.86,2.92,D,0
18.25972,80.87501,337.17,0.4,0.44,2022-03-15,811,N20,VIIRS,l,2,308.22,3.49,D,0
18.25977,80.7775,336.36,0.39,0.44,2022-03-15,811,N20,VIIRS,l,2,310.18,1.54,D,0
18.26086,80.75362,347.38,0.39,0.44,2022-03-15,811,N20,VIIRS,n,2,312.81,6.14,D,0
18.26418,80.84476,337.37,0.4,0.44,2022-03-15,811,N20,VIIRS,l,2,311.79,1.93,D,0
18.26428,80.78065,341.84,0.39,0.44,2022-03-15,811,N20,VIIRS,n,2,312.26,6.0,D,0
18.26545,78.02988,340.99,0.43,0.38,2022-03-15,811,N20,VIIRS,l,2,315.88,3.3,D,0
18.26638,77.45972,347.99,0.41,0.37,2022-03-15,811,N20,VIIRS,l,2,322.57,15.37,D,0
18.27011,80.85902,337.63,0.4,0.44,2022-03-15,811,N20,VIIRS,n,2,310.71,1.83,D,0
18.27086,80.83237,342.87,0.4,0.44,2022-03-15,811,N20,VIIRS,l,2,313.04,4.46,D,0
18.27127,80.15067,353.49,0.54,0.42,2022-03-15,811,N20,VIIRS,n,2,313.19,15.61,D,0
18.27134,80.83617,337.98,0.4,0.44,2022-03-15,811,N20,VIIRS,l,2,311.86,4.52,D,0
18.27171,77.37134,348.15,0.41,0.37,2022-03-15,811,N20,VIIRS,l,2,321.29,8.07,D,0
18.27188,80.87312,349.13,0.4,0.44,2022-03-15,811,N20,VIIRS,n,2,311.82,7.31,D,0
18.28109,80.81552,347.84,0.4,0.44,2022-03-15,811,N20,VIIRS,n,2,311.43,5.78,D,0
18.28157,80.81932,355.3,0.4,0.44,2022-03-15,811,N20,VIIRS,n,2,310.64,5.46,D,0
18.28189,77.99445,342.85,0.43,0.38,2022-03-15,811,N20,VIIRS,l,2,315.43,4.3,D,0
18.28206,80.82312,335.99,0.4,0.44,2022-03-15,811,N20,VIIRS,l,2,310.4,5.46,D,0
18.28424,77.98577,341.18,0.43,0.38,2022-03-15,811,N20,VIIRS,l,2,314.83,7.94,D,0
18.2844,80.63751,344.62,0.39,0.44,2022-03-15,811,N20,VIIRS,n,2,309.95,3.99,D,0
18.28514,80.81501,350.1,0.4,0.44,2022-03-15,811,N20,VIIRS,n,2,314.19,5.78,D,0
18.28927,81.07793,336.52,0.41,0.45,2022-03-15,811,N20,VIIRS,l,2,310.02,2.37,D,0
18.29037,78.90874,347.61,0.47,0.4,2022-03-15,811,N20,VIIRS,n,2,316.73,13.14,D,0
18.29047,80.08549,338.5,0.54,0.42,2022-03-15,811,N20,VIIRS,l,2,310.21,6.77,D,0
18.29188,77.96413,347.53,0.43,0.38,2022-03-15,811,N20,VIIRS,n,2,314.91,4.08,D,0
18.2951,80.62521,336.63,0.39,0.44,2022-03-15,811,N20,VIIRS,l,2,310.53,2.93,D,0
18.29528,80.52888,342.48,0.57,0.43,2022-03-15,811,N20,VIIRS,l,2,315.09,10.19,D,0
18.29679,78.02513,344.62,0.43,0.38,2022-03-15,811,N20,VIIRS,l,2,315.12,5.76,D,0
18.3014,80.03533,337.49,0.54,0.42,2022-03-15,811,N20,VIIRS,l,2,311.93,5.49,D,0
18.30316,80.03223,345.09,0.54,0.42,2022-03-15,811,N20,VIIRS,n,2,312.85,7.6,D,0
18.30519,80.04755,340.19,0.54,0.42,2022-03-15,811,N20,VIIRS,l,2,312.11,5.65,D,0
18.30655,80.04507,344.4,0.54,0.42,2022-03-15,811,N20,VIIRS,n,2,312.8,7.55,D,0
18.30734,77.99873,344.78,0.43,0.38,2022-03-15,811,N20,VIIRS,l,2,316.97,4.17,D,0
18.31014,80.26707,353.49,0.55,0.43,2022-03-15,811,N20,VIIRS,n,2,315.86,13.54,D,0
18.31138,78.00227,341.8,0.43,0.38,2022-03-15,811,N20,VIIRS,l,2,314.33,4.17,D,0
18.31248,80.79929,340.58,0.4,0.44,2022-03-15,811,N20,VIIRS,l,2,313.66,3.89,D,0
18.31329,80.38464,335.93,0.56,0.43,2022-03-15,811,N20,VIIRS,l,2,310.01,3.16,D,0
18.31475,80.0307,342.52,0.54,0.42,2022-03-15,811,N20,VIIRS,l,2,313.55,4.48,D,0
18.3148,80.81824,340.08,0.4,0.44,2022-03-15,811,N20,VIIRS,l,2,311.96,4.99,D,0
18.31495,77.97692,344.31,0.43,0.38,2022-03-15,811,N20,VIIRS,l,2,316.96,7.12,D,0
18.31576,80.85977,336.77,0.4,0.44,2022-03-15,811,N20,VIIRS,l,2,310.64,6.08,D,0
18.31654,80.79879,339.42,0.4,0.44,2022-03-15,811,N20,VIIRS,l,2,313.47,3.89,D,0
18.31656,80.37878,338.1,0.56,0.43,2022-03-15,811,N20,VIIRS,n,2,311.57,4.74,D,0
18.31747,80.80637,354.84,0.4,0.44,2022-03-15,811,N20,VIIRS,n,2,315.31,5.9,D,0
18.31793,80.81014,346.76,0.4,0.44,2022-03-15,811,N20,VIIRS,n,2,313.35,5.9,D,0
18.31842,77.97639,345.71,0.43,0.38,2022-03-15,811,N20,VIIRS,l,2,317.76,8.24,D,0
18.3205,80.37819,339.59,0.56,0.43,2022-03-15,811,N20,VIIRS,n,2,309.99,4.74,D,0
18.32472,77.82003,348.18,0.42,0.38,2022-03-15,811,N20,VIIRS,n,2,318.53,9.2,D,0
18.32538,80.70453,341.21,0.39,0.44,2022-03-15,811,N20,VIIRS,l,2,315.57,3.46,D,0
18.32574,80.67465,343.02,0.39,0.44,2022-03-15,811,N20,VIIRS,n,2,312.37,6.53,D,0
18.32582,80.77399,340.62,0.39,0.44,2022-03-15,811,N20,VIIRS,l,2,312.92,4.59,D,0
18.32632,80.77804,346.88,0.39,0.44,2022-03-15,811,N20,VIIRS,n,2,313.05,4.59,D,0
18.32735,80.30737,334.69,0.56,0.43,2022-03-15,811,N20,VIIRS,l,2,309.43,1.58,D,0
18.33097,78.85342,348.24,0.47,0.39,2022-03-15,811,N20,VIIRS,n,2,319.36,14.38,D,0
18.33299,80.86546,343.38,0.4,0.44,2022-03-15,811,N20,VIIRS,n,2,312.57,4.29,D,0
18.33991,77.95256,341.36,0.43,0.38,2022-03-15,811,N20,VIIRS,l,2,314.91,6.16,D,0
18.34021,80.8569,342.14,0.4,0.44,2022-03-15,811,N20,VIIRS,n,2,310.35,3.2,D,0
18.34493,81.49321,340.78,0.44,0.46,2022-03-15,811,N20,VIIRS,n,2,310.49,4.52,D,0
18.34516,77.93947,342.46,0.43,0.38,2022-03-15,811,N20,VIIRS,l,2,315.97,4.09,D,0
18.34704,81.16946,343.59,0.42,0.45,2022-03-15,811,N20,VIIRS,n,2,312.44,2.66,D,0
18.34906,81.16911,342.79,0.42,0.45,2022-03-15,811,N20,VIIRS,n,2,312.25,4.47,D,0
18.35524,80.40407,346.92,0.56,0.43,2022-03-15,811,N20,VIIRS,n,2,312.62,8.73,D,0
18.356,80.85089,342.1,0.4,0.44,2022-03-15,811,N20,VIIRS,n,2,310.88,6.41,D,0
18.35625,80.40597,337.42,0.56,0.43,2022-03-15,811,N20,VIIRS,l,2,312.16,4.56,D,0
18.35835,80.86977,347.8,0.4,0.44,2022-03-15,811,N20,VIIRS,n,2,313.36,6.59,D,0
18.35855,80.36219,336.08,0.56,0.43,2022-03-15,811,N20,VIIRS,n,2,309.89,2.78,D,0
18.35929,80.87731,337.39,0.4,0.44,2022-03-15,811,N20,VIIRS,l,2,311.62,1.39,D,0
18.35972,80.65261,349.43,0.39,0.44,2022-03-15,811,N20,VIIRS,n,2,312.72,4.03,D,0
18.36482,81.19482,336.4,0.42,0.45,2022-03-15,811,N20,VIIRS,l,2,308.73,3.51,D,0
18.36823,80.59191,341.28,0.39,0.44,2022-03-15,811,N20,VIIRS,n,2,307.46,4.87,D,0
18.36918,80.79163,336.68,0.4,0.44,2022-03-15,811,N20,VIIRS,l,2,311.51,2.33,D,0
18.36961,80.86052,345.8,0.4,0.44,2022-03-15,811,N20,VIIRS,n,2,313.13,4.08,D,0
18.37008,80.86427,337.4,0.4,0.44,2022-03-15,811,N20,VIIRS,l,2,312.08,4.08,D,0
18.37081,80.83723,337.82,0.4,0.44,2022-03-15,811,N20,VIIRS,l,2,312.04,3.99,D,0
18.37173,80.58749,351.3,0.38,0.44,2022-03-15,811,N20,VIIRS,n,2,309.86,4.87,D,0
18.37227,80.78347,353.99,0.4,0.44,2022-03-15,811,N20,VIIRS,n,2,312.67,6.92,D,0
18.37749,80.89027,340.48,0.4,0.44,2022-03-15,811,N20,VIIRS,n,2,313.69,9.03,D,0
18.3776,78.03308,348.75,0.43,0.38,2022-03-15,811,N20,VIIRS,l,2,319.12,14.43,D,0
18.37797,80.8941,343.95,0.4,0.44,2022-03-15,811,N20,VIIRS,n,2,315.31,9.03,D,0
18.38037,79.94745,344.39,0.53,0.42,2022-03-15,811,N20,VIIRS,n,2,314.98,5.93,D,0
18.39132,79.97117,335.34,0.53,0.42,2022-03-15,811,N20,VIIRS,l,2,310.12,4.9,D,0
18.39209,78.03493,344.83,0.43,0.38,2022-03-15,811,N20,VIIRS,l,2,318.9,8.64,D,0
18.40127,80.71204,344.33,0.39,0.44,2022-03-15,811,N20,VIIRS,n,2,311.91,6.72,D,0
18.40174,80.91799,339.51,0.4,0.44,2022-03-15,811,N20,VIIRS,l,2,313.29,5.09,D,0
18.40442,80.80929,338.89,0.4,0.44,2022-03-15,811,N20,VIIRS,n,2,309.53,2.53,D,0
18.40472,78.5737,346.09,0.45,0.39,2022-03-15,811,N20,VIIRS,n,2,317.48,5.19,D,0
18.4049,80.80943,342.51,0.4,0.44,2022-03-15,811,N20,VIIRS,n,2,310.24,1.98,D,0
18.40548,78.02883,353.17,0.43,0.38,2022-03-15,811,N20,VIIRS,n,2,321.8,19.98,D,0
18.40849,80.80885,340.48,0.4,0.44,2022-03-15,811,N20,VIIRS,n,2,311.05,2.53,D,0
18.40897,80.80898,336.15,0.4,0.44,2022-03-15,811,N20,VIIRS,l,2,310.71,1.98,D,0
18.40952,78.03232,346.94,0.43,0.38,2022-03-15,811,N20,VIIRS,l,2,317.17,8.71,D,0
18.41132,78.01964,349.32,0.43,0.38,2022-03-15,811,N20,VIIRS,l,2,319.84,12.78,D,0
18.41458,77.94088,344.96,0.43,0.38,2022-03-15,811,N20,VIIRS,l,2,317.7,7.9,D,0
18.41516,80.62586,338.44,0.39,0.44,2022-03-15,811,N20,VIIRS,l,2,312.46,6.13,D,0
18.4158,81.44051,335.84,0.43,0.46,2022-03-15,811,N20,VIIRS,l,2,307.37,6.51,D,0
18.41871,80.62171,343.5,0.39,0.44,2022-03-15,811,N20,VIIRS,n,2,314.66,5.93,D,0
18.41918,80.6254,353.18,0.39,0.44,2022-03-15,811,N20,VIIRS,n,2,314.69,6.13,D,0
18.42254,80.27091,339.13,0.55,0.43,2022-03-15,811,N20,VIIRS,l,2,313.56,18.51,D,0
18.42274,80.62126,367.0,0.39,0.44,2022-03-15,811,N20,VIIRS,h,2,314.2,4.65,D,0
18.43034,80.74821,333.82,0.39,0.44,2022-03-15,811,N20,VIIRS,l,2,308.29,2.82,D,0
18.43103,80.78713,338.18,0.4,0.44,2022-03-15,811,N20,VIIRS,l,2,309.75,2.13,D,0
18.43231,80.7641,337.42,0.4,0.44,2022-03-15,811,N20,VIIRS,l,2,310.6,2.58,D,0
18.43374,77.92572,344.17,0.43,0.38,2022-03-15,811,N20,VIIRS,n,2,316.51,7.7,D,0
18.43508,80.78649,346.97,0.4,0.44,2022-03-15,811,N20,VIIRS,n,2,311.58,3.33,D,0
18.43912,80.78587,336.32,0.4,0.44,2022-03-15,811,N20,VIIRS,l,2,310.4,3.33,D,0
18.43991,80.53159,337.89,0.38,0.43,2022-03-15,811,N20,VIIRS,n,2,312.06,1.26,D,0
18.44035,80.53506,342.75,0.38,0.43,2022-03-15,811,N20,VIIRS,n,2,312.58,4.98,D,0
18.4408,80.86649,341.52,0.4,0.44,2022-03-15,811,N20,VIIRS,n,2,312.62,2.29,D,0
18.44387,80.53084,348.29,0.38,0.43,2022-03-15,811,N20,VIIRS,n,2,313.58,5.36,D,0
18.44398,80.75873,344.72,0.39,0.44,2022-03-15,811,N20,VIIRS,n,2,312.17,5.95,D,0
18.44432,80.53442,341.18,0.38,0.43,2022-03-15,811,N20,VIIRS,n,2,309.14,2.92,D,0
18.44958,80.80375,350.03,0.4,0.44,2022-03-15,811,N20,VIIRS,n,2,313.23,4.99,D,0
18.4497,80.93906,342.7,0.4,0.45,2022-03-15,811,N20,VIIRS,l,2,313.69,3.22,D,0
18.45048,78.30373,352.96,0.44,0.39,2022-03-15,811,N20,VIIRS,n,2,318.52,7.48,D,0
18.45074,80.58479,353.5,0.39,0.44,2022-03-15,811,N20,VIIRS,n,2,319.5,13.93,D,0
18.45078,81.13942,338.31,0.42,0.45,2022-03-15,811,N20,VIIRS,l,2,313.09,3.67,D,0
18.45221,80.79174,339.39,0.4,0.44,2022-03-15,811,N20,VIIRS,l,2,311.07,5.08,D,0
18.4531,81.13969,338.4,0.42,0.45,2022-03-15,811,N20,VIIRS,l,2,312.93,5.43,D,0
18.45315,80.79926,336.58,0.4,0.44,2022-03-15,811,N20,VIIRS,l,2,311.44,2.67,D,0
18.47028,81.42959,338.71,0.43,0.46,2022-03-15,811,N20,VIIRS,n,2,307.47,6.69,D,0
18.47044,78.31788,346.15,0.44,0.39,2022-03-15,811,N20,VIIRS,n,2,314.33,3.35,D,0
18.47246,79.94719,350.56,0.53,0.42,2022-03-15,811,N20,VIIRS,n,2,316.48,14.2,D,0
18.47291,80.56725,342.96,0.38,0.44,2022-03-15,811,N20,VIIRS,n,2,311.69,2.55,D,0
18.47594,80.55923,336.56,0.38,0.44,2022-03-15,811,N20,VIIRS,l,2,309.8,4.44,D,0
18.47937,79.88023,339.56,0.53,0.42,2022-03-15,811,N20,VIIRS,l,2,311.24,24.63,D,0
18.48015,78.04305,348.41,0.43,0.38,2022-03-15,811,N20,VIIRS,l,2,318.64,10.1,D,0
18.48424,77.9433,348.52,0.43,0.38,2022-03-15,811,N20,VIIRS,n,2,318.36,5.34,D,0
18.48484,80.95377,341.11,0.41,0.45,2022-03-15,811,N20,VIIRS,l,2,314.15,3.82,D,0
18.48545,79.98663,343.41,0.54,0.42,2022-03-15,811,N20,VIIRS,l,2,313.43,3.03,D,0
18.48772,77.94278,343.56,0.43,0.38,2022-03-15,811,N20,VIIRS,l,2,316.94,7.5,D,0
18.4895,78.03332,367.0,0.43,0.38,2022-03-15,811,N20,VIIRS,h,2,317.75,12.45,D,0
18.49006,78.0374,353.53,0.43,0.38,2022-03-15,811,N20,VIIRS,n,2,320.56,27.5,D,0
18.49017,80.7983,338.09,0.4,0.44,2022-03-15,811,N20,VIIRS,l,2,311.64,1.93,D,0
18.49091,77.88895,344.32,0.43,0.38,2022-03-15,811,N20,VIIRS,n,2,314.72,6.54,D,0
18.49285,80.51625,344.1,0.38,0.43,2022-03-15,811,N20,VIIRS,l,2,316.69,5.3,D,0
18.493,78.03285,351.32,0.43,0.38,2022-03-15,811,N20,VIIRS,n,2,315.01,10.77,D,0
18.4933,80.51997,347.22,0.38,0.43,2022-03-15,811,N20,VIIRS,n,2,311.8,6.53,D,0
18.49493,77.8924,349.16,0.43,0.38,2022-03-15,811,N20,VIIRS,l,2,320.06,11.26,D,0
18.49614,79.91853,336.42,0.53,0.42,2022-03-15,811,N20,VIIRS,l,2,309.73,2.6,D,0
18.49614,80.81277,343.75,0.4,0.44,2022-03-15,811,N20,VIIRS,n,2,311.64,4.85,D,0
18.49932,79.91293,343.39,0.53,0.42,2022-03-15,811,N20,VIIRS,n,2,311.68,9.12,D,0
18.49998,79.91798,340.62,0.53,0.42,2022-03-15,811,N20,VIIRS,l,2,312.24,2.6,D,0
18.50098,80.98287,336.97,0.41,0.45,2022-03-15,811,N20,VIIRS,n,2,309.67,1.73,D,0
18.50112,78.04012,343.37,0.43,0.38,2022-03-15,811,N20,VIIRS,l,2,315.94,6.54,D,0
18.5048,80.57998,339.72,0.39,0.44,2022-03-15,811,N20,VIIRS,l,2,311.91,6.52,D,0
18.50524,80.58357,342.52,0.39,0.44,2022-03-15,811,N20,VIIRS,n,2,311.51,4.66,D,0
18.50763,81.27559,346.05,0.43,0.46,2022-03-15,811,N20,VIIRS,n,2,307.78,5.5,D,0
18.50945,78.12692,348.02,0.44,0.38,2022-03-15,811,N20,VIIRS,n,2,315.64,7.42,D,0
18.51013,80.59015,354.63,0.39,0.44,2022-03-15,811,N20,VIIRS,n,2,312.98,3.73,D,0
18.51413,80.58957,341.85,0.39,0.44,2022-03-15,811,N20,VIIRS,n,2,311.69,3.73,D,0
18.51568,78.0423,342.79,0.43,0.38,2022-03-15,811,N20,VIIRS,n,2,313.91,3.06,D,0
18.51607,78.20173,350.02,0.44,0.38,2022-03-15,811,N20,VIIRS,n,2,319.58,11.38,D,0
18.51679,80.57825,337.74,0.39,0.44,2022-03-15,811,N20,VIIRS,l,2,312.03,2.95,D,0
18.5169,80.81356,339.52,0.4,0.44,2022-03-15,811,N20,VIIRS,n,2,310.43,2.19,D,0
18.51695,80.81315,339.61,0.4,0.44,2022-03-15,811,N20,VIIRS,n,2,309.84,2.48,D,0
18.51814,80.58907,336.8,0.39,0.44,2022-03-15,811,N20,VIIRS,l,2,310.88,2.64,D,0
18.51906,78.06682,355.51,0.43,0.38,2022-03-15,811,N20,VIIRS,n,2,318.76,11.72,D,0
18.52071,80.51203,343.41,0.38,0.43,2022-03-15,811,N20,VIIRS,n,2,312.97,2.21,D,0
18.52118,80.5158,342.44,0.38,0.43,2022-03-15,811,N20,VIIRS,l,2,315.08,3.59,D,0
18.52209,78.45612,341.32,0.45,0.39,2022-03-15,811,N20,VIIRS,l,2,315.04,4.48,D,0
18.5221,78.03723,343.32,0.43,0.38,2022-03-15,811,N20,VIIRS,l,2,314.51,7.92,D,0
18.52255,78.06627,344.28,0.43,0.38,2022-03-15,811,N20,VIIRS,l,2,318.46,11.72,D,0
18.52279,78.43494,337.94,0.45,0.39,2022-03-15,811,N20,VIIRS,n,2,309.91,2.04,D,0
18.52296,80.49768,336.17,0.57,0.43,2022-03-15,811,N20,VIIRS,l,2,310.66,7.51,D,0
18.52365,80.50315,347.17,0.57,0.43,2022-03-15,811,N20,VIIRS,n,2,310.75,7.51,D,0
18.52566,78.45566,343.11,0.45,0.39,2022-03-15,811,N20,VIIRS,l,2,316.18,4.48,D,0
18.52623,78.45979,342.15,0.45,0.39,2022-03-15,811,N20,VIIRS,l,2,316.62,4.48,D,0
18.52953,78.06515,347.49,0.43,0.38,2022-03-15,811,N20,VIIRS,l,2,317.9,6.25,D,0
18.5301,78.06929,343.89,0.43,0.38,2022-03-15,811,N20,VIIRS,l,2,317.23,6.25,D,0
18.5322,80.47462,345.59,0.57,0.43,2022-03-15,811,N20,VIIRS,n,2,310.37,20.11,D,0
18.53332,78.49029,341.66,0.45,0.39,2022-03-15,811,N20,VIIRS,n,2,311.61,2.75,D,0
18.53381,81.35029,339.66,0.43,0.46,2022-03-15,811,N20,VIIRS,n,2,312.11,2.41,D,0
18.53392,78.48905,343.83,0.45,0.39,2022-03-15,811,N20,VIIRS,n,2,312.87,3.98,D,0
18.53417,78.07288,350.66,0.43,0.38,2022-03-15,811,N20,VIIRS,n,2,317.98,7.62,D,0
18.53618,80.47411,348.66,0.57,0.43,2022-03-15,811,N20,VIIRS,n,2,311.15,9.71,D,0
18.53641,80.70322,342.91,0.39,0.44,2022-03-15,811,N20,VIIRS,n,2,308.68,2.6,D,0
18.5369,78.48991,339.35,0.45,0.39,2022-03-15,811,N20,VIIRS,l,2,312.2,2.75,D,0
18.53747,78.49415,339.77,0.45,0.39,2022-03-15,811,N20,VIIRS,l,2,311.58,2.75,D,0
18.5381,78.49291,339.24,0.45,0.39,2022-03-15,811,N20,VIIRS,l,2,311.35,3.98,D,0
18.53958,80.50088,343.12,0.57,0.43,2022-03-15,811,N20,VIIRS,n,2,310.74,7.5,D,0
18.5397,80.09142,340.11,0.54,0.42,2022-03-15,811,N20,VIIRS,l,2,313.07,4.16,D,0
18.54274,78.50633,345.44,0.45,0.39,2022-03-15,811,N20,VIIRS,n,2,314.95,5.71,D,0
18.54359,80.09088,342.06,0.54,0.42,2022-03-15,811,N20,VIIRS,l,2,314.74,4.16,D,0
18.54411,80.63361,343.72,0.39,0.44,2022-03-15,811,N20,VIIRS,n,2,308.95,2.78,D,0
18.5446,80.63749,335.11,0.39,0.44,2022-03-15,811,N20,VIIRS,n,2,309.38,9.17,D,0
18.54506,80.64121,367.0,0.39,0.44,2022-03-15,811,N20,VIIRS,h,2,313.62,9.17,D,0
18.54756,80.49981,337.49,0.57,0.43,2022-03-15,811,N20,VIIRS,l,2,312.06,7.97,D,0
18.54767,80.62939,342.15,0.39,0.44,2022-03-15,811,N20,VIIRS,n,2,310.93,4.85,D,0
18.54816,80.63332,339.92,0.39,0.44,2022-03-15,811,N20,VIIRS,l,2,311.25,4.85,D,0
18.55001,80.64803,349.91,0.39,0.44,2022-03-15,811,N20,VIIRS,n,2,311.41,6.65,D,0
18.55087,80.49403,341.8,0.57,0.43,2022-03-15,811,N20,VIIRS,l,2,313.56,7.97,D,0
18.55222,80.5365,342.33,0.38,0.44,2022-03-15,811,N20,VIIRS,n,2,311.4,5.43,D,0
18.55503,81.21255,345.95,0.42,0.45,2022-03-15,811,N20,VIIRS,n,2,310.44,3.67,D,0
18.55622,80.53593,345.77,0.38,0.44,2022-03-15,811,N20,VIIRS,n,2,311.54,5.43,D,0
18.55624,80.63255,346.02,0.39,0.44,2022-03-15,811,N20,VIIRS,n,2,311.86,5.51,D,0
18.55717,79.62154,349.57,0.51,0.41,2022-03-15,811,N20,VIIRS,n,2,317.78,10.29,D,0
18.55784,80.07839,343.96,0.54,0.42,2022-03-15,811,N20,VIIRS,l,2,318.28,31.59,D,0
18.55929,80.62434,347.57,0.39,0.44,2022-03-15,811,N20,VIIRS,n,2,313.02,4.4,D,0
18.56217,79.6012,346.53,0.51,0.41,2022-03-15,811,N20,VIIRS,n,2,315.92,15.76,D,0
18.56429,80.63158,337.99,0.39,0.44,2022-03-15,811,N20,VIIRS,l,2,310.58,3.45,D,0
18.56676,81.23839,345.99,0.42,0.45,2022-03-15,811,N20,VIIRS,n,2,311.36,4.23,D,0
18.56802,81.23826,344.77,0.42,0.46,2022-03-15,811,N20,VIIRS,n,2,311.13,4.85,D,0
18.56976,80.4207,339.66,0.57,0.43,2022-03-15,811,N20,VIIRS,l,2,312.64,9.89,D,0
18.56977,78.04663,348.59,0.43,0.38,2022-03-15,811,N20,VIIRS,n,2,318.4,13.55,D,0
18.57086,78.07995,344.38,0.43,0.38,2022-03-15,811,N20,VIIRS,n,2,316.65,8.35,D,0
18.57234,80.41848,346.92,0.57,0.43,2022-03-15,811,N20,VIIRS,n,2,313.69,8.76,D,0
18.57236,80.63065,345.75,0.39,0.44,2022-03-15,811,N20,VIIRS,l,2,316.19,6.58,D,0
18.57283,80.63438,340.5,0.39,0.44,2022-03-15,811,N20,VIIRS,l,2,310.91,5.62,D,0
18.57354,78.519,346.34,0.45,0.39,2022-03-15,811,N20,VIIRS,n,2,316.38,3.93,D,0
18.57379,78.07531,346.3,0.43,0.38,2022-03-15,811,N20,VIIRS,n,2,318.1,8.35,D,0
18.57412,78.52331,341.11,0.45,0.39,2022-03-15,811,N20,VIIRS,n,2,315.86,3.93,D,0
18.57436,78.07943,344.17,0.43,0.38,2022-03-15,811,N20,VIIRS,n,2,316.5,8.35,D,0
18.57552,78.08765,350.61,0.44,0.38,2022-03-15,811,N20,VIIRS,n,2,315.19,9.65,D,0
18.5759,80.62638,345.75,0.39,0.44,2022-03-15,811,N20,VIIRS,n,2,313.87,6.58,D,0
18.57639,80.6302,338.21,0.39,0.44,2022-03-15,811,N20,VIIRS,l,2,312.34,6.58,D,0
18.57688,80.63402,349.5,0.39,0.44,2022-03-15,811,N20,VIIRS,n,2,312.82,5.62,D,0
18.58184,81.17679,342.6,0.42,0.45,2022-03-15,811,N20,VIIRS,n,2,309.58,4.16,D,0
18.58185,78.68981,345.75,0.46,0.39,2022-03-15,811,N20,VIIRS,l,2,316.75,10.13,D,0
18.58362,81.29789,341.44,0.43,0.46,2022-03-15,811,N20,VIIRS,n,2,313.87,3.14,D,0
18.58427,78.6805,342.28,0.46,0.39,2022-03-15,811,N20,VIIRS,l,2,316.6,5.21,D,0
18.58553,81.31388,342.42,0.43,0.46,2022-03-15,811,N20,VIIRS,n,2,311.24,7.18,D,0
18.59011,78.86344,348.84,0.47,0.4,2022-03-15,811,N20,VIIRS,n,2,316.19,5.71,D,0
18.59657,78.58141,367.0,0.46,0.39,2022-03-15,811,N20,VIIRS,h,2,315.6,8.32,D,0
18.59878,77.96387,342.2,0.43,0.38,2022-03-15,811,N20,VIIRS,l,2,316.16,8.51,D,0
18.60015,78.58091,343.66,0.46,0.39,2022-03-15,811,N20,VIIRS,n,2,313.38,8.32,D,0
18.60073,78.5852,347.79,0.46,0.39,2022-03-15,811,N20,VIIRS,n,2,315.43,10.35,D,0
18.60373,78.58041,342.18,0.46,0.39,2022-03-15,811,N20,VIIRS,n,2,315.93,4.06,D,0
18.60431,78.5847,353.35,0.46,0.39,2022-03-15,811,N20,VIIRS,n,2,316.19,6.08,D,0
18.60694,80.03007,341.54,0.54,0.42,2022-03-15,811,N20,VIIRS,l,2,314.35,3.99,D,0
18.6079,78.58421,342.35,0.46,0.39,2022-03-15,811,N20,VIIRS,n,2,312.82,6.08,D,0
18.61149,78.58374,367.0,0.46,0.39,2022-03-15,811,N20,VIIRS,h,2,315.12,7.5,D,0
18.61207,78.58801,349.92,0.46,0.39,2022-03-15,811,N20,VIIRS,n,2,317.21,7.5,D,0
18.61288,80.5171,343.97,0.38,0.43,2022-03-15,811,N20,VIIRS,n,2,312.19,3.29,D,0
18.61332,80.52071,343.29,0.38,0.44,2022-03-15,811,N20,VIIRS,n,2,312.19,3.29,D,0
18.61508,78.58326,351.52,0.46,0.39,2022-03-15,811,N20,VIIRS,n,2,316.28,7.5,D,0
18.61737,80.75785,338.69,0.4,0.44,2022-03-15,811,N20,VIIRS,n,2,310.63,2.85,D,0
18.6179,80.75799,337.04,0.4,0.44,2022-03-15,811,N20,VIIRS,l,2,310.51,2.81,D,0
18.61866,78.05659,347.04,0.43,0.38,2022-03-15,811,N20,VIIRS,n,2,317.97,9.16,D,0
18.62647,78.53316,346.69,0.45,0.39,2022-03-15,811,N20,VIIRS,n,2,317.99,8.83,D,0
18.63557,77.72028,349.54,0.42,0.38,2022-03-15,811,N20,VIIRS,l,2,323.51,21.99,D,0
18.6366,78.58031,344.3,0.46,0.39,2022-03-15,811,N20,VIIRS,n,2,316.22,5.7,D,0
18.63842,80.43015,338.53,0.57,0.43,2022-03-15,811,N20,VIIRS,l,2,309.86,5.65,D,0
18.6424,80.42965,339.5,0.57,0.43,2022-03-15,811,N20,VIIRS,l,2,310.71,5.65,D,0
18.64279,80.56116,341.38,0.39,0.44,2022-03-15,811,N20,VIIRS,l,2,312.63,2.71,D,0
18.64443,80.44563,349.21,0.57,0.43,2022-03-15,811,N20,VIIRS,n,2,314.8,10.58,D,0
18.65512,80.52981,350.04,0.39,0.44,2022-03-15,811,N20,VIIRS,n,2,313.46,11.82,D,0
18.65557,80.53333,342.01,0.39,0.44,2022-03-15,811,N20,VIIRS,n,2,310.81,7.08,D,0
18.65664,78.02159,346.02,0.43,0.38,2022-03-15,811,N20,VIIRS,l,2,318.01,6.38,D,0
18.65763,80.42226,349.48,0.57,0.43,2022-03-15,811,N20,VIIRS,n,2,315.65,13.95,D,0
18.65911,80.52921,335.03,0.39,0.44,2022-03-15,811,N20,VIIRS,l,2,309.38,2.49,D,0
18.65957,80.53281,342.05,0.39,0.44,2022-03-15,811,N20,VIIRS,n,2,309.74,3.67,D,0
18.66344,80.28051,334.59,0.56,0.43,2022-03-15,811,N20,VIIRS,l,2,309.23,4.29,D,0
18.66477,79.43829,341.15,0.5,0.41,2022-03-15,811,N20,VIIRS,l,2,313.09,7.23,D,0
18.66526,78.62901,339.6,0.46,0.39,2022-03-15,811,N20,VIIRS,l,2,313.58,4.04,D,0
18.66716,78.62964,346.43,0.46,0.39,2022-03-15,811,N20,VIIRS,n,2,315.81,5.56,D,0
18.67075,81.19788,337.44,0.42,0.45,2022-03-15,811,N20,VIIRS,l,2,309.42,3.99,D,0
18.67299,80.39503,347.04,0.57,0.43,2022-03-15,811,N20,VIIRS,n,2,312.44,5.15,D,0
18.67321,81.19666,349.27,0.42,0.45,2022-03-15,811,N20,VIIRS,n,2,310.18,8.34,D,0
18.67473,80.39825,337.17,0.57,0.43,2022-03-15,811,N20,VIIRS,l,2,311.08,11.6,D,0
18.67481,78.52279,339.63,0.45,0.39,2022-03-15,811,N20,VIIRS,l,2,314.14,6.0,D,0
18.6749,81.19707,336.26,0.42,0.45,2022-03-15,811,N20,VIIRS,l,2,308.84,7.59,D,0
18.67612,80.40893,350.75,0.57,0.43,2022-03-15,811,N20,VIIRS,n,2,311.43,14.78,D,0
18.67696,80.39455,345.02,0.57,0.43,2022-03-15,811,N20,VIIRS,n,2,313.25,7.96,D,0
18.67801,80.39242,337.25,0.57,0.43,2022-03-15,811,N20,VIIRS,l,2,311.48,11.6,D,0
18.67828,80.40524,347.49,0.57,0.43,2022-03-15,811,N20,VIIRS,n,2,314.18,7.57,D,0
18.67893,80.41054,339.8,0.57,0.43,2022-03-15,811,N20,VIIRS,l,2,313.82,7.57,D,0
18.67903,78.83663,341.49,0.47,0.4,2022-03-15,811,N20,VIIRS,l,2,315.88,6.72,D,0
18.68151,80.14202,337.56,0.55,0.43,2022-03-15,811,N20,VIIRS,l,2,311.72,3.57,D,0
18.68159,80.39935,338.92,0.57,0.43,2022-03-15,811,N20,VIIRS,n,2,311.65,7.96,D,0
18.68209,78.85901,344.67,0.47,0.4,2022-03-15,811,N20,VIIRS,n,2,313.89,8.36,D,0
18.68709,78.58706,338.31,0.46,0.39,2022-03-15,811,N20,VIIRS,l,2,312.52,5.61,D,0
18.6897,80.77129,336.82,0.4,0.44,2022-03-15,811,N20,VIIRS,l,2,311.76,2.61,D,0
18.69149,80.41412,348.21,0.57,0.43,2022-03-15,811,N20,VIIRS,n,2,312.64,6.51,D,0
18.69214,80.41941,337.93,0.57,0.43,2022-03-15,811,N20,VIIRS,l,2,310.89,6.51,D,0
18.69804,78.83533,349.57,0.47,0.4,2022-03-15,811,N20,VIIRS,n,2,313.33,8.76,D,0
18.69862,78.83973,343.4,0.47,0.4,2022-03-15,811,N20,VIIRS,n,2,311.6,3.45,D,0
18.69921,78.84417,337.97,0.47,0.4,2022-03-15,811,N20,VIIRS,n,2,312.2,3.45,D,0
18.70295,78.19971,341.73,0.44,0.38,2022-03-15,811,N20,VIIRS,l,2,314.61,3.76,D,0
18.70592,80.27197,336.91,0.56,0.43,2022-03-15,811,N20,VIIRS,l,2,311.87,6.35,D,0
18.71568,80.94525,340.73,0.41,0.45,2022-03-15,811,N20,VIIRS,n,2,309.15,2.14,D,0
18.71759,78.22734,346.37,0.44,0.38,2022-03-15,811,N20,VIIRS,n,2,315.43,5.64,D,0
18.71805,78.22828,341.52,0.44,0.39,2022-03-15,811,N20,VIIRS,l,2,315.76,9.78,D,0
18.71807,80.49792,342.78,0.38,0.44,2022-03-15,811,N20,VIIRS,n,2,312.72,6.22,D,0
18.71996,80.41557,338.96,0.57,0.43,2022-03-15,811,N20,VIIRS,l,2,310.46,9.49,D,0
18.72163,80.49392,344.16,0.38,0.43,2022-03-15,811,N20,VIIRS,n,2,311.89,3.36,D,0
18.72244,80.93258,342.17,0.41,0.45,2022-03-15,811,N20,VIIRS,n,2,310.3,5.33,D,0
18.72393,80.41502,345.17,0.57,0.43,2022-03-15,811,N20,VIIRS,l,2,316.67,9.49,D,0
18.72482,80.51961,340.75,0.39,0.44,2022-03-15,811,N20,VIIRS,l,2,312.02,3.03,D,0
18.73522,80.73715,346.09,0.4,0.44,2022-03-15,811,N20,VIIRS,n,2,313.67,4.25,D,0
18.7445,78.52571,350.41,0.46,0.39,2022-03-15,811,N20,VIIRS,n,2,314.47,7.18,D,0
18.75145,80.31424,347.58,0.56,0.43,2022-03-15,811,N20,VIIRS,n,2,311.35,6.14,D,0
18.75162,79.40202,342.81,0.5,0.41,2022-03-15,811,N20,VIIRS,l,2,315.02,4.39,D,0
18.77145,80.37574,338.76,0.57,0.43,2022-03-15,811,N20,VIIRS,l,2,312.49,3.66,D,0
18.77225,81.00797,345.69,0.41,0.45,2022-03-15,811,N20,VIIRS,n,2,311.99,3.55,D,0
18.77541,80.37514,338.46,0.57,0.43,2022-03-15,811,N20,VIIRS,l,2,312.82,3.66,D,0
18.77638,81.00743,349.7,0.41,0.45,2022-03-15,811,N20,VIIRS,n,2,314.14,5.26,D,0
18.77659,80.83829,338.84,0.4,0.44,2022-03-15,811,N20,VIIRS,l,2,313.59,4.0,D,0
18.77864,80.37804,337.21,0.57,0.43,2022-03-15,811,N20,VIIRS,l,2,312.12,10.49,D,0
18.77937,80.37457,345.38,0.57,0.43,2022-03-15,811,N20,VIIRS,n,2,313.33,5.74,D,0
18.78586,80.68049,348.64,0.39,0.44,2022-03-15,811,N20,VIIRS,n,2,312.41,4.27,D,0
18.78892,81.04162,342.75,0.42,0.45,2022-03-15,811,N20,VIIRS,l,2,313.25,3.66,D,0
18.78979,80.8443,343.18,0.4,0.44,2022-03-15,811,N20,VIIRS,l,2,313.45,5.61,D,0
18.7899,80.67992,340.08,0.39,0.44,2022-03-15,811,N20,VIIRS,l,2,310.58,4.27,D,0
18.79066,80.9187,340.09,0.41,0.45,2022-03-15,811,N20,VIIRS,l,2,312.68,3.19,D,0
18.79476,80.91815,340.26,0.41,0.45,2022-03-15,811,N20,VIIRS,l,2,312.11,3.19,D,0
18.80101,80.6703,350.69,0.39,0.44,2022-03-15,811,N20,VIIRS,n,2,310.55,7.91,D,0
18.81003,80.14805,338.52,0.55,0.43,2022-03-15,811,N20,VIIRS,l,2,310.6,6.08,D,0
18.81395,80.14756,345.32,0.55,0.43,2022-03-15,811,N20,VIIRS,n,2,310.3,6.08,D,0
18.81462,80.1528,342.07,0.55,0.43,2022-03-15,811,N20,VIIRS,n,2,309.33,10.83,D,0
18.81663,80.16854,334.06,0.55,0.43,2022-03-15,811,N20,VIIRS,l,2,307.89,2.72,D,0
18.81787,80.14708,346.54,0.55,0.43,2022-03-15,811,N20,VIIRS,n,2,311.33,9.99,D,0
18.81854,80.15231,350.7,0.55,0.43,2022-03-15,811,N20,VIIRS,n,2,311.45,15.82,D,0
18.82311,81.14906,337.33,0.42,0.45,2022-03-15,811,N20,VIIRS,l,2,309.16,2.05,D,0
18.8271,80.67513,352.42,0.39,0.44,2022-03-15,811,N20,VIIRS,n,2,315.27,5.24,D,0
18.82894,80.32868,349.76,0.57,0.43,2022-03-15,811,N20,VIIRS,n,2,312.38,10.03,D,0
18.82993,80.80031,346.98,0.4,0.44,2022-03-15,811,N20,VIIRS,n,2,312.86,2.92,D,0
18.83114,80.67457,342.79,0.39,0.44,2022-03-15,811,N20,VIIRS,n,2,315.0,5.24,D,0
18.83249,81.12204,333.01,0.42,0.45,2022-03-15,811,N20,VIIRS,l,2,306.57,2.56,D,0
18.83326,80.23618,352.44,0.56,0.43,2022-03-15,811,N20,VIIRS,n,2,318.11,16.47,D,0
18.83518,80.67398,367.0,0.39,0.44,2022-03-15,811,N20,VIIRS,h,2,314.36,7.4,D,0
18.83564,80.67773,344.59,0.4,0.44,2022-03-15,811,N20,VIIRS,n,2,313.7,7.4,D,0
18.83757,80.7957,353.43,0.4,0.44,2022-03-15,811,N20,VIIRS,n,2,313.58,5.09,D,0
18.83759,80.79543,351.16,0.4,0.44,2022-03-15,811,N20,VIIRS,n,2,313.73,5.75,D,0
18.84154,80.72613,341.96,0.4,0.44,2022-03-15,811,N20,VIIRS,n,2,309.21,3.58,D,0
18.8421,80.79897,343.78,0.4,0.44,2022-03-15,811,N20,VIIRS,n,2,312.78,3.65,D,0
18.8441,80.3212,342.84,0.56,0.43,2022-03-15,811,N20,VIIRS,n,2,311.5,5.89,D,0
18.84872,80.58403,336.98,0.39,0.44,2022-03-15,811,N20,VIIRS,l,2,310.62,3.53,D,0
18.84875,80.32611,337.96,0.57,0.43,2022-03-15,811,N20,VIIRS,l,2,311.24,5.37,D,0
18.85398,80.65958,344.75,0.39,0.44,2022-03-15,811,N20,VIIRS,n,2,311.17,6.46,D,0
18.8548,80.8011,346.66,0.4,0.44,2022-03-15,811,N20,VIIRS,n,2,313.03,2.32,D,0
18.86623,80.59314,335.7,0.39,0.44,2022-03-15,811,N20,VIIRS,l,2,310.03,4.03,D,0
18.8756,80.47333,338.27,0.38,0.44,2022-03-15,811,N20,VIIRS,l,2,310.56,4.16,D,0
18.87596,80.87247,343.0,0.41,0.45,2022-03-15,811,N20,VIIRS,n,2,311.86,5.38,D,0
18.87605,80.47691,346.88,0.38,0.44,2022-03-15,811,N20,VIIRS,n,2,311.89,4.16,D,0
18.87879,80.89568,343.07,0.41,0.45,2022-03-15,811,N20,VIIRS,n,2,313.44,4.97,D,0
18.88055,80.77451,340.54,0.4,0.44,2022-03-15,811,N20,VIIRS,l,2,315.28,4.72,D,0
18.89374,80.48801,349.39,0.39,0.44,2022-03-15,811,N20,VIIRS,n,2,310.42,7.44,D,0
18.89396,80.1178,345.58,0.55,0.43,2022-03-15,811,N20,VIIRS,n,2,312.47,14.41,D,0
18.89787,80.11726,337.94,0.55,0.43,2022-03-15,811,N20,VIIRS,l,2,312.06,4.47,D,0
18.90742,80.03625,338.69,0.55,0.42,2022-03-15,811,N20,VIIRS,n,2,307.13,5.92,D,0
18.90901,81.21581,342.95,0.43,0.46,2022-03-15,811,N20,VIIRS,n,2,310.12,3.88,D,0
18.91677,81.35303,344.92,0.44,0.46,2022-03-15,811,N20,VIIRS,n,2,315.34,4.03,D,0
18.91818,80.84341,340.79,0.4,0.45,2022-03-15,811,N20,VIIRS,l,2,315.17,5.68,D,0
18.91843,80.44285,334.84,0.38,0.43,2022-03-15,811,N20,VIIRS,l,2,309.15,1.97,D,0
18.92347,80.88575,342.69,0.41,0.45,2022-03-15,811,N20,VIIRS,n,2,311.82,3.71,D,0
18.92394,80.35675,335.51,0.57,0.43,2022-03-15,811,N20,VIIRS,l,2,309.46,2.03,D,0
18.92462,80.73001,353.26,0.4,0.44,2022-03-15,811,N20,VIIRS,n,2,316.18,9.36,D,0
18.9251,80.43114,344.66,0.38,0.43,2022-03-15,811,N20,VIIRS,n,2,310.86,6.41,D,0
18.92588,80.56995,339.47,0.39,0.44,2022-03-15,811,N20,VIIRS,l,2,310.56,3.33,D,0
18.92908,80.43058,344.1,0.38,0.43,2022-03-15,811,N20,VIIRS,n,2,310.53,4.69,D,0
18.93087,79.02112,345.51,0.48,0.4,2022-03-15,811,N20,VIIRS,l,2,315.93,4.86,D,0
18.93138,79.01966,351.26,0.48,0.4,2022-03-15,811,N20,VIIRS,n,2,319.69,14.89,D,0
18.93205,80.75597,343.6,0.4,0.44,2022-03-15,811,N20,VIIRS,n,2,313.96,3.8,D,0
18.93455,79.02055,345.88,0.48,0.4,2022-03-15,811,N20,VIIRS,l,2,319.37,4.02,D,0
18.93497,78.71375,339.37,0.47,0.39,2022-03-15,811,N20,VIIRS,l,2,311.72,3.3,D,0
18.93638,80.72416,340.66,0.4,0.44,2022-03-15,811,N20,VIIRS,l,2,312.98,5.38,D,0
18.93724,80.89573,343.07,0.41,0.45,2022-03-15,811,N20,VIIRS,n,2,312.4,2.46,D,0
18.93859,78.71323,340.72,0.47,0.39,2022-03-15,811,N20,VIIRS,l,2,312.02,5.28,D,0
18.94044,80.72358,344.04,0.4,0.44,2022-03-15,811,N20,VIIRS,l,2,315.16,11.43,D,0
18.94135,80.73109,342.09,0.4,0.44,2022-03-15,811,N20,VIIRS,l,2,312.45,7.9,D,0
18.94419,80.78896,342.33,0.4,0.44,2022-03-15,811,N20,VIIRS,l,2,312.9,4.54,D,0
18.94457,80.78918,342.21,0.4,0.44,2022-03-15,811,N20,VIIRS,l,2,313.35,4.77,D,0
18.95256,80.89353,340.71,0.41,0.45,2022-03-15,811,N20,VIIRS,l,2,313.34,6.1,D,0
18.95368,80.89355,343.57,0.41,0.45,2022-03-15,811,N20,VIIRS,l,2,313.66,5.58,D,0
18.95374,80.79935,341.46,0.4,0.44,2022-03-15,811,N20,VIIRS,l,2,313.82,2.77,D,0
18.95414,79.41577,348.62,0.5,0.41,2022-03-15,811,N20,VIIRS,n,2,315.92,6.53,D,0
18.95547,80.77939,341.6,0.4,0.44,2022-03-15,811,N20,VIIRS,n,2,309.68,6.04,D,0
18.95622,80.04569,336.75,0.55,0.42,2022-03-15,811,N20,VIIRS,l,2,308.51,4.22,D,0
18.95726,79.41042,348.21,0.5,0.41,2022-03-15,811,N20,VIIRS,n,2,315.71,8.58,D,0
18.96636,80.186,340.82,0.56,0.43,2022-03-15,811,N20,VIIRS,l,2,312.32,4.75,D,0
18.97161,78.84914,345.5,0.47,0.4,2022-03-15,811,N20,VIIRS,l,2,317.85,14.83,D,0
18.97221,78.85361,342.8,0.47,0.4,2022-03-15,811,N20,VIIRS,l,2,313.1,14.83,D,0
18.9729,80.2067,342.01,0.56,0.43,2022-03-15,811,N20,VIIRS,n,2,313.55,8.52,D,0
18.97348,80.20869,339.42,0.56,0.43,2022-03-15,811,N20,VIIRS,l,2,312.41,6.59,D,0
18.97433,80.73039,349.69,0.4,0.44,2022-03-15,811,N20,VIIRS,n,2,313.05,6.11,D,0
18.97443,79.24108,337.3,0.5,0.41,2022-03-15,811,N20,VIIRS,n,2,311.29,5.94,D,0
18.97684,80.20609,344.02,0.56,0.43,2022-03-15,811,N20,VIIRS,n,2,314.95,6.95,D,0
18.97741,80.20808,340.36,0.56,0.43,2022-03-15,811,N20,VIIRS,l,2,313.76,6.59,D,0
18.97749,80.21141,350.3,0.56,0.43,2022-03-15,811,N20,VIIRS,n,2,312.95,8.87,D,0
18.9781,80.21335,347.6,0.56,0.43,2022-03-15,811,N20,VIIRS,n,2,312.42,6.59,D,0
18.97942,81.09755,340.75,0.42,0.45,2022-03-15,811,N20,VIIRS,l,2,314.21,3.16,D,0
18.98052,78.94367,341.36,0.48,0.4,2022-03-15,811,N20,VIIRS,l,2,315.96,7.89,D,0
18.98056,81.09344,343.5,0.42,0.45,2022-03-15,811,N20,VIIRS,n,2,313.42,3.71,D,0
18.98103,81.09743,343.15,0.42,0.45,2022-03-15,811,N20,VIIRS,l,2,313.63,3.71,D,0
18.98142,80.21075,344.27,0.56,0.43,2022-03-15,811,N20,VIIRS,n,2,313.57,8.87,D,0
18.98199,80.31364,343.58,0.57,0.43,2022-03-15,811,N20,VIIRS,n,2,309.19,5.29,D,0
18.98202,80.2127,344.48,0.56,0.43,2022-03-15,811,N20,VIIRS,n,2,311.9,10.78,D,0
18.98216,80.86216,339.84,0.41,0.45,2022-03-15,811,N20,VIIRS,n,2,313.53,3.38,D,0
18.98309,81.09307,342.88,0.42,0.45,2022-03-15,811,N20,VIIRS,n,2,312.7,3.16,D,0
18.98326,80.06524,337.47,0.55,0.43,2022-03-15,811,N20,VIIRS,l,2,308.84,3.4,D,0
18.98328,80.31545,342.33,0.57,0.43,2022-03-15,811,N20,VIIRS,n,2,309.18,4.74,D,0
18.98386,80.97991,337.92,0.41,0.45,2022-03-15,811,N20,VIIRS,n,2,309.45,2.21,D,0
18.98597,80.3132,344.12,0.57,0.43,2022-03-15,811,N20,VIIRS,n,2,309.55,5.29,D,0
18.98615,81.10488,342.0,0.42,0.45,2022-03-15,811,N20,VIIRS,l,2,312.15,2.94,D,0
18.98725,80.31494,337.92,0.57,0.43,2022-03-15,811,N20,VIIRS,n,2,309.29,3.71,D,0
18.98915,80.08054,334.51,0.55,0.43,2022-03-15,811,N20,VIIRS,l,2,308.17,4.02,D,0
18.98919,80.75021,334.16,0.4,0.44,2022-03-15,811,N20,VIIRS,l,2,307.63,3.68,D,0
18.99032,81.10438,338.83,0.42,0.45,2022-03-15,811,N20,VIIRS,l,2,312.46,2.94,D,0
18.9906,80.72822,336.94,0.4,0.44,2022-03-15,811,N20,VIIRS,n,2,311.72,1.9,D,0
18.9908,81.10836,336.67,0.42,0.45,2022-03-15,811,N20,VIIRS,l,2,310.61,5.61,D,0
18.99092,81.1451,345.9,0.42,0.45,2022-03-15,811,N20,VIIRS,n,2,313.03,3.62,D,0
18.99306,80.08,342.1,0.55,0.43,2022-03-15,811,N20,VIIRS,n,2,311.34,7.98,D,0
18.99396,79.36298,348.3,0.5,0.41,2022-03-15,811,N20,VIIRS,n,2,316.9,7.01,D,0
18.99457,78.90929,347.0,0.48,0.4,2022-03-15,811,N20,VIIRS,n,2,315.58,7.73,D,0
18.99463,81.14053,337.01,0.42,0.45,2022-03-15,811,N20,VIIRS,l,2,311.13,3.62,D,0
18.99769,79.36229,349.67,0.5,0.41,2022-03-15,811,N20,VIIRS,n,2,317.21,7.01,D,0
18.99779,78.56673,344.75,0.46,0.39,2022-03-15,811,N20,VIIRS,n,2,314.65,4.63,D,0
19.00352,79.23158,340.58,0.49,0.41,2022-03-15,811,N20,VIIRS,l,2,314.47,5.4,D,0
19.00566,80.21235,338.61,0.56,0.43,2022-03-15,811,N20,VIIRS,l,2,311.16,6.03,D,0
19.00606,80.08852,353.84,0.55,0.43,2022-03-15,811,N20,VIIRS,n,2,313.51,9.55,D,0
19.00636,80.21797,345.74,0.56,0.43,2022-03-15,811,N20,VIIRS,n,2,312.18,4.71,D,0
19.00668,80.09341,336.48,0.55,0.43,2022-03-15,811,N20,VIIRS,l,2,310.22,9.55,D,0
19.00747,78.89435,346.27,0.48,0.4,2022-03-15,811,N20,VIIRS,l,2,318.82,7.63,D,0
19.0088,80.17353,335.56,0.56,0.43,2022-03-15,811,N20,VIIRS,l,2,310.18,3.54,D,0
19.01099,80.22295,344.5,0.56,0.43,2022-03-15,811,N20,VIIRS,n,2,310.93,4.58,D,0
19.01493,80.22236,336.8,0.56,0.43,2022-03-15,811,N20,VIIRS,l,2,311.29,4.58,D,0
19.01598,78.8747,345.04,0.48,0.4,2022-03-15,811,N20,VIIRS,l,2,317.11,4.76,D,0
19.0163,78.87553,350.65,0.48,0.4,2022-03-15,811,N20,VIIRS,n,2,317.21,10.52,D,0
19.01789,80.18224,340.08,0.56,0.43,2022-03-15,811,N20,VIIRS,l,2,312.39,6.89,D,0
19.01967,81.1371,340.37,0.42,0.45,2022-03-15,811,N20,VIIRS,l,2,310.62,3.69,D,0
19.01989,80.1981,340.21,0.56,0.43,2022-03-15,811,N20,VIIRS,n,2,310.15,8.85,D,0
19.02022,78.87857,346.84,0.48,0.4,2022-03-15,811,N20,VIIRS,l,2,317.75,5.94,D,0
19.02059,80.2036,334.59,0.56,0.43,2022-03-15,811,N20,VIIRS,l,2,308.32,2.9,D,0
19.0228,80.22114,344.84,0.56,0.43,2022-03-15,811,N20,VIIRS,n,2,312.04,8.95,D,0
19.02293,80.38378,348.22,0.57,0.43,2022-03-15,811,N20,VIIRS,n,2,312.4,13.59,D,0
19.03322,80.67303,340.3,0.4,0.44,2022-03-15,811,N20,VIIRS,l,2,312.34,2.7,D,0
19.03374,80.67315,343.17,0.4,0.44,2022-03-15,811,N20,VIIRS,n,2,312.93,3.06,D,0
19.03584,80.66123,337.93,0.4,0.44,2022-03-15,811,N20,VIIRS,l,2,312.82,3.03,D,0
19.04678,79.21484,342.46,0.49,0.41,2022-03-15,811,N20,VIIRS,n,2,315.02,4.71,D,0
19.05034,80.64022,339.06,0.4,0.44,2022-03-15,811,N20,VIIRS,l,2,312.27,4.29,D,0
19.05815,80.40617,343.84,0.38,0.43,2022-03-15,811,N20,VIIRS,n,2,311.14,7.3,D,0
19.05854,78.7735,336.43,0.47,0.4,2022-03-15,811,N20,VIIRS,l,2,311.08,2.14,D,0
19.06254,81.27991,345.83,0.43,0.46,2022-03-15,811,N20,VIIRS,n,2,315.49,6.76,D,0
19.06396,79.18575,339.94,0.49,0.41,2022-03-15,811,N20,VIIRS,n,2,314.03,2.48,D,0
19.06475,80.39413,343.32,0.38,0.43,2022-03-15,811,N20,VIIRS,n,2,309.59,6.32,D,0
19.06521,78.76797,337.8,0.47,0.4,2022-03-15,811,N20,VIIRS,l,2,311.89,4.35,D,0
19.0658,78.77244,347.51,0.47,0.4,2022-03-15,811,N20,VIIRS,n,2,312.5,9.03,D,0
19.06807,80.85506,340.8,0.41,0.45,2022-03-15,811,N20,VIIRS,n,2,315.08,3.4,D,0
19.07891,80.28309,339.22,0.57,0.43,2022-03-15,811,N20,VIIRS,l,2,311.26,5.59,D,0
19.08003,80.74801,335.83,0.4,0.44,2022-03-15,811,N20,VIIRS,l,2,310.74,3.88,D,0
19.08418,80.26976,342.76,0.57,0.43,2022-03-15,811,N20,VIIRS,n,2,312.11,8.95,D,0
19.0849,80.26691,337.8,0.56,0.43,2022-03-15,811,N20,VIIRS,l,2,312.24,3.2,D,0
19.09462,80.35545,345.61,0.57,0.43,2022-03-15,811,N20,VIIRS,n,2,310.83,8.44,D,0
19.09546,80.38052,335.49,0.57,0.43,2022-03-15,811,N20,VIIRS,l,2,309.97,3.24,D,0
19.09604,79.17062,344.92,0.49,0.4,2022-03-15,811,N20,VIIRS,l,2,315.45,7.06,D,0
19.09658,80.35771,345.06,0.57,0.43,2022-03-15,811,N20,VIIRS,n,2,310.7,4.94,D,0
19.09678,80.1764,344.73,0.56,0.43,2022-03-15,811,N20,VIIRS,n,2,313.85,12.3,D,0
19.09946,80.38004,338.82,0.57,0.43,2022-03-15,811,N20,VIIRS,l,2,311.15,3.24,D,0
19.10071,80.17583,345.98,0.56,0.43,2022-03-15,811,N20,VIIRS,n,2,314.98,12.3,D,0
19.10133,80.37731,338.85,0.57,0.43,2022-03-15,811,N20,VIIRS,l,2,311.79,6.55,D,0
19.10137,80.18114,355.91,0.56,0.43,2022-03-15,811,N20,VIIRS,n,2,315.52,12.3,D,0
19.10345,80.37952,339.43,0.57,0.43,2022-03-15,811,N20,VIIRS,n,2,313.44,5.46,D,0
19.10464,80.17527,352.35,0.56,0.43,2022-03-15,811,N20,VIIRS,n,2,318.0,27.61,D,0
19.10597,80.18591,343.43,0.56,0.43,2022-03-15,811,N20,VIIRS,l,2,314.7,11.83,D,0
19.10682,78.68598,351.09,0.47,0.39,2022-03-15,811,N20,VIIRS,n,2,321.57,13.1,D,0
19.10698,79.97264,351.44,0.54,0.42,2022-03-15,811,N20,VIIRS,n,2,314.88,11.1,D,0
19.1093,80.34321,339.32,0.57,0.43,2022-03-15,811,N20,VIIRS,l,2,312.03,8.76,D,0
19.10939,80.65138,333.33,0.4,0.44,2022-03-15,811,N20,VIIRS,l,2,307.92,1.77,D,0
19.11045,78.68543,341.7,0.47,0.39,2022-03-15,811,N20,VIIRS,l,2,313.87,13.1,D,0
19.11118,80.34528,342.94,0.57,0.43,2022-03-15,811,N20,VIIRS,n,2,311.38,6.17,D,0
19.11171,81.00834,335.31,0.42,0.45,2022-03-15,811,N20,VIIRS,l,2,309.71,1.47,D,0
19.11252,80.17416,344.58,0.56,0.43,2022-03-15,811,N20,VIIRS,l,2,315.75,13.36,D,0
19.11367,80.08799,341.32,0.55,0.43,2022-03-15,811,N20,VIIRS,l,2,313.31,6.08,D,0
19.11456,78.55002,341.14,0.46,0.39,2022-03-15,811,N20,VIIRS,n,2,309.31,5.01,D,0
19.11749,78.57197,341.47,0.46,0.39,2022-03-15,811,N20,VIIRS,l,2,313.07,4.83,D,0
19.12175,81.30656,341.08,0.44,0.46,2022-03-15,811,N20,VIIRS,l,2,315.76,6.39,D,0
19.12234,78.55336,338.28,0.46,0.39,2022-03-15,811,N20,VIIRS,l,2,310.44,5.09,D,0
19.12333,80.03867,337.27,0.55,0.43,2022-03-15,811,N20,VIIRS,l,2,309.03,2.81,D,0
19.12395,80.66871,341.75,0.4,0.44,2022-03-15,811,N20,VIIRS,l,2,313.1,4.55,D,0
19.1241,78.5665,341.11,0.46,0.39,2022-03-15,811,N20,VIIRS,l,2,313.13,6.98,D,0
19.12534,78.54838,336.82,0.46,0.39,2022-03-15,811,N20,VIIRS,l,2,310.64,7.5,D,0
19.12593,78.55277,347.06,0.46,0.39,2022-03-15,811,N20,VIIRS,n,2,311.26,7.5,D,0
19.126,80.05964,347.14,0.55,0.43,2022-03-15,811,N20,VIIRS,n,2,315.98,12.15,D,0
19.12667,80.06486,338.29,0.55,0.43,2022-03-15,811,N20,VIIRS,l,2,311.69,9.06,D,0
19.12691,78.78253,341.96,0.47,0.4,2022-03-15,811,N20,VIIRS,n,2,311.81,5.49,D,0
19.12769,78.56594,345.37,0.46,0.39,2022-03-15,811,N20,VIIRS,n,2,312.15,4.26,D,0
19.12829,78.57037,338.73,0.46,0.39,2022-03-15,811,N20,VIIRS,l,2,312.56,4.26,D,0
19.13056,80.0642,340.31,0.55,0.43,2022-03-15,811,N20,VIIRS,n,2,313.41,6.14,D,0
19.13123,80.06944,346.71,0.55,0.43,2022-03-15,811,N20,VIIRS,n,2,311.28,6.14,D,0
19.13189,78.56985,342.1,0.46,0.39,2022-03-15,811,N20,VIIRS,n,2,313.84,4.26,D,0
19.13512,80.06874,338.95,0.55,0.43,2022-03-15,811,N20,VIIRS,l,2,310.32,6.14,D,0
19.1397,80.0734,335.43,0.55,0.43,2022-03-15,811,N20,VIIRS,l,2,309.21,3.88,D,0
19.14009,78.38747,347.01,0.45,0.39,2022-03-15,811,N20,VIIRS,n,2,315.43,7.21,D,0
19.14174,80.0893,338.95,0.55,0.43,2022-03-15,811,N20,VIIRS,l,2,311.45,7.15,D,0
19.1467,78.65295,345.01,0.47,0.39,2022-03-15,811,N20,VIIRS,l,2,315.38,4.0,D,0
19.14776,79.95135,341.04,0.54,0.42,2022-03-15,811,N20,VIIRS,n,2,313.44,15.44,D,0
19.15032,78.65246,341.69,0.47,0.39,2022-03-15,811,N20,VIIRS,l,2,314.84,4.0,D,0
19.15165,79.95081,355.94,0.54,0.42,2022-03-15,811,N20,VIIRS,n,2,318.6,15.44,D,0
19.1523,79.95582,367.0,0.54,0.42,2022-03-15,811,N20,VIIRS,h,2,318.08,23.15,D,0
19.15238,79.94765,347.67,0.54,0.42,2022-03-15,811,N20,VIIRS,n,2,315.16,6.66,D,0
19.153,79.95267,349.78,0.54,0.42,2022-03-15,811,N20,VIIRS,n,2,316.23,6.66,D,0
19.15363,79.95772,347.96,0.54,0.42,2022-03-15,811,N20,VIIRS,n,2,317.06,14.44,D,0
19.15553,79.95029,353.79,0.54,0.42,2022-03-15,811,N20,VIIRS,n,2,316.24,12.01,D,0
19.15619,79.95533,347.3,0.54,0.42,2022-03-15,811,N20,VIIRS,n,2,316.85,7.0,D,0
19.15627,79.94714,345.27,0.54,0.42,2022-03-15,811,N20,VIIRS,n,2,315.17,6.66,D,0
19.15657,78.78245,347.55,0.47,0.4,2022-03-15,811,N20,VIIRS,n,2,315.19,15.74,D,0
19.15689,79.95215,347.43,0.54,0.42,2022-03-15,811,N20,VIIRS,n,2,316.05,6.66,D,0
19.15709,79.13016,341.71,0.49,0.4,2022-03-15,811,N20,VIIRS,l,2,313.85,5.69,D,0
19.15721,78.78724,353.1,0.47,0.4,2022-03-15,811,N20,VIIRS,n,2,313.31,10.48,D,0
19.15847,79.12845,341.34,0.49,0.4,2022-03-15,811,N20,VIIRS,l,2,312.75,4.6,D,0
19.15891,80.12986,340.93,0.56,0.43,2022-03-15,811,N20,VIIRS,n,2,311.47,3.78,D,0
19.15911,79.13316,344.01,0.49,0.4,2022-03-15,811,N20,VIIRS,l,2,315.19,4.6,D,0
19.1608,79.12968,353.42,0.49,0.4,2022-03-15,811,N20,VIIRS,n,2,317.48,5.69,D,0
19.16141,79.13442,342.02,0.49,0.4,2022-03-15,811,N20,VIIRS,l,2,314.42,5.69,D,0
19.16264,79.14399,343.44,0.49,0.4,2022-03-15,811,N20,VIIRS,n,2,315.15,3.23,D,0
19.16282,79.13269,353.47,0.49,0.4,2022-03-15,811,N20,VIIRS,n,2,318.03,9.54,D,0
19.16351,80.01148,339.96,0.55,0.42,2022-03-15,811,N20,VIIRS,n,2,309.94,4.96,D,0
19.16449,80.01356,344.21,0.55,0.43,2022-03-15,811,N20,VIIRS,n,2,311.35,5.42,D,0
19.16539,78.65485,345.07,0.47,0.39,2022-03-15,811,N20,VIIRS,l,2,316.45,7.66,D,0
19.16741,80.01096,343.56,0.55,0.42,2022-03-15,811,N20,VIIRS,n,2,312.44,4.96,D,0
19.16776,80.00788,346.89,0.55,0.42,2022-03-15,811,N20,VIIRS,n,2,314.51,16.97,D,0
19.16927,80.11724,340.33,0.55,0.43,2022-03-15,811,N20,VIIRS,n,2,309.81,4.58,D,0
19.17131,80.01045,345.32,0.55,0.42,2022-03-15,811,N20,VIIRS,l,2,317.63,17.8,D,0
19.17166,80.00738,344.06,0.55,0.42,2022-03-15,811,N20,VIIRS,n,2,318.01,16.97,D,0
19.17407,81.38426,339.15,0.44,0.46,2022-03-15,811,N20,VIIRS,l,2,312.33,7.21,D,0
19.17521,80.00992,354.14,0.55,0.42,2022-03-15,811,N20,VIIRS,n,2,314.27,17.8,D,0
19.1753,80.13293,337.3,0.56,0.43,2022-03-15,811,N20,VIIRS,l,2,311.23,4.46,D,0
19.17619,80.0119,346.01,0.55,0.43,2022-03-15,811,N20,VIIRS,n,2,314.35,14.07,D,0
19.17749,78.55419,348.11,0.46,0.39,2022-03-15,811,N20,VIIRS,l,2,318.74,19.66,D,0
19.17999,80.04643,338.24,0.55,0.43,2022-03-15,811,N20,VIIRS,l,2,312.02,4.68,D,0
19.18008,80.04325,340.36,0.55,0.43,2022-03-15,811,N20,VIIRS,l,2,312.18,4.29,D,0
19.18074,80.01657,338.62,0.55,0.43,2022-03-15,811,N20,VIIRS,l,2,311.85,7.28,D,0
19.18348,78.59803,355.39,0.46,0.39,2022-03-15,811,N20,VIIRS,n,2,317.65,15.17,D,0
19.1839,80.71845,338.4,0.4,0.44,2022-03-15,811,N20,VIIRS,l,2,312.81,7.14,D,0
19.18596,80.0266,342.19,0.55,0.43,2022-03-15,811,N20,VIIRS,n,2,311.49,10.05,D,0
19.1861,80.70259,349.58,0.4,0.44,2022-03-15,811,N20,VIIRS,n,2,312.96,5.88,D,0
19.18708,78.62448,343.01,0.46,0.39,2022-03-15,811,N20,VIIRS,l,2,314.43,5.04,D,0
19.1884,80.11032,340.64,0.56,0.43,2022-03-15,811,N20,VIIRS,n,2,310.03,6.19,D,0
19.19101,78.50439,344.24,0.46,0.39,2022-03-15,811,N20,VIIRS,l,2,319.2,4.16,D,0
19.19274,79.38416,342.45,0.51,0.41,2022-03-15,811,N20,VIIRS,l,2,314.98,7.31,D,0
19.19561,80.10412,348.14,0.55,0.43,2022-03-15,811,N20,VIIRS,n,2,310.54,9.79,D,0
19.19595,78.59756,352.2,0.46,0.39,2022-03-15,811,N20,VIIRS,n,2,314.76,33.6,D,0
19.19653,78.60196,340.78,0.46,0.39,2022-03-15,811,N20,VIIRS,l,2,314.5,6.55,D,0
19.19848,78.60019,352.97,0.46,0.39,2022-03-15,811,N20,VIIRS,n,2,317.17,14.28,D,0
19.20209,78.59965,351.42,0.46,0.39,2022-03-15,811,N20,VIIRS,n,2,318.46,14.28,D,0
19.20316,78.59643,337.75,0.46,0.39,2022-03-15,811,N20,VIIRS,l,2,312.42,5.71,D,0
19.20374,78.60089,349.12,0.46,0.39,2022-03-15,811,N20,VIIRS,n,2,314.66,5.8,D,0
19.20433,78.60535,347.32,0.46,0.39,2022-03-15,811,N20,VIIRS,n,2,314.31,5.8,D,0
19.2112,79.31477,346.48,0.5,0.41,2022-03-15,811,N20,VIIRS,n,2,315.7,9.24,D,0
19.21291,78.55903,341.36,0.46,0.39,2022-03-15,811,N20,VIIRS,l,2,313.54,6.97,D,0
19.21557,79.3191,345.16,0.5,0.41,2022-03-15,811,N20,VIIRS,n,2,313.97,9.24,D,0
19.2172,78.7916,346.02,0.47,0.4,2022-03-15,811,N20,VIIRS,n,2,314.08,7.25,D,0
19.21778,78.7959,346.55,0.47,0.4,2022-03-15,811,N20,VIIRS,n,2,316.04,6.23,D,0
19.21834,79.05075,349.71,0.49,0.4,2022-03-15,811,N20,VIIRS,n,2,319.23,9.13,D,0
19.21912,80.70177,336.16,0.4,0.44,2022-03-15,811,N20,VIIRS,l,2,309.93,3.56,D,0
19.21969,78.75525,350.03,0.47,0.4,2022-03-15,811,N20,VIIRS,n,2,317.29,8.28,D,0
19.21992,78.7523,346.93,0.47,0.4,2022-03-15,811,N20,VIIRS,l,2,317.29,7.71,D,0
19.2205,78.75677,346.95,0.47,0.4,2022-03-15,811,N20,VIIRS,n,2,316.75,7.71,D,0
19.22144,78.79543,344.89,0.47,0.4,2022-03-15,811,N20,VIIRS,n,2,314.6,6.23,D,0
19.22204,78.797,341.87,0.47,0.4,2022-03-15,811,N20,VIIRS,l,2,312.76,4.4,D,0
19.22308,80.03728,339.97,0.55,0.43,2022-03-15,811,N20,VIIRS,l,2,314.54,7.46,D,0
19.22332,78.75471,349.57,0.47,0.4,2022-03-15,811,N20,VIIRS,n,2,316.21,8.28,D,0
19.23357,80.05719,342.94,0.55,0.43,2022-03-15,811,N20,VIIRS,l,2,315.02,8.01,D,0
19.2349,80.06769,338.56,0.55,0.43,2022-03-15,811,N20,VIIRS,l,2,313.1,6.14,D,0
19.23539,78.81391,346.49,0.47,0.4,2022-03-15,811,N20,VIIRS,n,2,312.62,5.31,D,0
19.23666,81.37157,336.46,0.44,0.46,2022-03-15,811,N20,VIIRS,n,2,310.17,2.68,D,0
19.23904,78.81336,353.95,0.47,0.4,2022-03-15,811,N20,VIIRS,n,2,315.17,11.95,D,0
19.24269,78.81282,344.38,0.47,0.4,2022-03-15,811,N20,VIIRS,n,2,313.12,11.95,D,0
19.24373,78.1177,349.28,0.44,0.39,2022-03-15,811,N20,VIIRS,n,2,319.07,10.93,D,0
19.24387,78.82181,345.78,0.48,0.4,2022-03-15,811,N20,VIIRS,l,2,316.42,14.84,D,0
19.24392,78.11833,345.32,0.44,0.39,2022-03-15,811,N20,VIIRS,n,2,318.82,12.5,D,0
19.24633,78.81226,343.88,0.47,0.4,2022-03-15,811,N20,VIIRS,l,2,314.38,8.57,D,0
19.24692,78.81674,353.62,0.48,0.4,2022-03-15,811,N20,VIIRS,n,2,316.44,8.57,D,0
19.24938,78.80718,348.13,0.47,0.4,2022-03-15,811,N20,VIIRS,n,2,316.08,11.14,D,0
19.25141,81.38681,338.38,0.44,0.46,2022-03-15,811,N20,VIIRS,n,2,311.27,3.67,D,0
19.25303,78.80659,348.42,0.47,0.4,2022-03-15,811,N20,VIIRS,n,2,316.28,8.54,D,0
19.25558,78.54862,367.0,0.46,0.39,2022-03-15,811,N20,VIIRS,h,2,317.36,8.92,D,0
19.25566,78.23297,345.89,0.45,0.39,2022-03-15,811,N20,VIIRS,n,2,318.34,5.95,D,0
19.25603,78.23216,343.59,0.45,0.39,2022-03-15,811,N20,VIIRS,l,2,318.31,7.21,D,0
19.25865,78.49002,350.0,0.46,0.39,2022-03-15,811,N20,VIIRS,n,2,320.21,9.99,D,0
19.25979,78.55259,340.15,0.46,0.39,2022-03-15,811,N20,VIIRS,n,2,313.14,8.92,D,0
19.26455,78.8094,343.45,0.47,0.4,2022-03-15,811,N20,VIIRS,n,2,315.4,4.64,D,0
19.27152,78.72217,348.58,0.47,0.4,2022-03-15,811,N20,VIIRS,n,2,318.75,7.59,D,0
19.27302,78.54176,342.08,0.46,0.39,2022-03-15,811,N20,VIIRS,l,2,314.4,4.89,D,0
19.27419,78.85411,341.92,0.48,0.4,2022-03-15,811,N20,VIIRS,n,2,313.71,9.83,D,0
19.27478,78.8586,367.0,0.48,0.4,2022-03-15,811,N20,VIIRS,h,2,316.97,9.83,D,0
19.27987,78.75699,343.04,0.47,0.4,2022-03-15,811,N20,VIIRS,l,2,315.58,5.92,D,0
19.2801,78.6484,343.69,0.47,0.39,2022-03-15,811,N20,VIIRS,n,2,315.4,5.21,D,0
19.28263,78.86156,341.45,0.48,0.4,2022-03-15,811,N20,VIIRS,l,2,316.28,6.44,D,0
19.28351,78.75644,340.47,0.47,0.4,2022-03-15,811,N20,VIIRS,n,2,315.3,5.97,D,0
19.28371,78.64784,347.25,0.47,0.39,2022-03-15,811,N20,VIIRS,n,2,315.76,15.45,D,0
19.28606,78.69266,367.0,0.47,0.4,2022-03-15,811,N20,VIIRS,h,2,316.27,9.07,D,0
19.28629,80.12572,341.43,0.56,0.43,2022-03-15,811,N20,VIIRS,l,2,314.33,9.78,D,0
19.28667,78.69716,345.69,0.47,0.4,2022-03-15,811,N20,VIIRS,n,2,315.41,7.65,D,0
19.28715,78.75588,351.47,0.47,0.4,2022-03-15,811,N20,VIIRS,n,2,316.82,5.97,D,0
19.28774,78.76031,339.98,0.47,0.4,2022-03-15,811,N20,VIIRS,l,2,313.23,3.73,D,0
19.28793,78.65173,341.78,0.47,0.39,2022-03-15,811,N20,VIIRS,l,2,316.58,8.62,D,0
19.28927,78.24065,344.29,0.45,0.39,2022-03-15,811,N20,VIIRS,l,2,318.35,8.88,D,0
19.29019,78.75092,342.7,0.47,0.4,2022-03-15,811,N20,VIIRS,l,2,314.51,7.31,D,0
19.29155,78.65118,345.11,0.47,0.39,2022-03-15,811,N20,VIIRS,l,2,316.36,3.09,D,0
19.29215,78.65561,340.46,0.47,0.4,2022-03-15,811,N20,VIIRS,l,2,314.2,3.09,D,0
19.29321,79.08488,348.37,0.49,0.4,2022-03-15,811,N20,VIIRS,l,2,318.55,16.29,D,0
19.29324,78.74597,344.17,0.47,0.4,2022-03-15,811,N20,VIIRS,l,2,315.56,5.94,D,0
19.29393,78.69608,353.22,0.47,0.4,2022-03-15,811,N20,VIIRS,n,2,320.73,10.37,D,0
19.29398,78.5608,339.48,0.46,0.39,2022-03-15,811,N20,VIIRS,l,2,313.91,1.79,D,0
19.29458,78.48487,344.39,0.46,0.39,2022-03-15,811,N20,VIIRS,l,2,319.34,4.97,D,0
19.29695,78.69107,349.55,0.47,0.4,2022-03-15,811,N20,VIIRS,n,2,317.87,9.71,D,0
19.29756,78.69556,367.0,0.47,0.4,2022-03-15,811,N20,VIIRS,h,2,320.7,10.36,D,0
19.29862,81.49206,339.63,0.45,0.47,2022-03-15,811,N20,VIIRS,n,2,310.54,2.77,D,0
19.30119,78.69505,348.7,0.47,0.4,2022-03-15,811,N20,VIIRS,n,2,318.97,10.36,D,0
19.30542,78.69897,348.56,0.47,0.4,2022-03-15,811,N20,VIIRS,n,2,318.04,8.52,D,0
19.31155,81.45478,334.71,0.45,0.47,2022-03-15,811,N20,VIIRS,l,2,308.43,3.37,D,0
19.31255,78.17245,346.02,0.45,0.39,2022-03-15,811,N20,VIIRS,l,2,320.38,7.4,D,0
19.31258,81.46335,338.42,0.45,0.47,2022-03-15,811,N20,VIIRS,n,2,309.48,3.71,D,0
19.31312,78.17662,354.77,0.45,0.39,2022-03-15,811,N20,VIIRS,n,2,322.0,7.4,D,0
19.32294,78.69172,345.58,0.47,0.4,2022-03-15,811,N20,VIIRS,n,2,318.07,6.11,D,0
19.32375,78.69275,349.47,0.47,0.4,2022-03-15,811,N20,VIIRS,n,2,316.86,7.19,D,0
19.3284,78.73176,340.57,0.47,0.4,2022-03-15,811,N20,VIIRS,l,2,314.74,2.21,D,0
19.32879,78.64674,348.59,0.47,0.4,2022-03-15,811,N20,VIIRS,n,2,320.58,17.01,D,0
19.329,78.73285,349.68,0.47,0.4,2022-03-15,811,N20,VIIRS,n,2,316.81,15.21,D,0
19.33042,78.68718,341.98,0.47,0.4,2022-03-15,811,N20,VIIRS,l,2,316.89,6.18,D,0
19.33163,78.52927,345.83,0.46,0.39,2022-03-15,811,N20,VIIRS,l,2,318.84,7.19,D,0
19.33276,78.70496,345.09,0.47,0.4,2022-03-15,811,N20,VIIRS,n,2,318.75,6.99,D,0
19.33347,78.68224,353.67,0.47,0.4,2022-03-15,811,N20,VIIRS,n,2,316.99,6.18,D,0
19.3398,78.59062,342.5,0.46,0.39,2022-03-15,811,N20,VIIRS,l,2,316.45,5.94,D,0
19.34447,79.18726,345.35,0.5,0.41,2022-03-15,811,N20,VIIRS,l,2,318.88,18.96,D,0
19.34519,78.6034,343.55,0.47,0.39,2022-03-15,811,N20,VIIRS,l,2,317.03,6.21,D,0
19.35425,78.58852,345.65,0.46,0.39,2022-03-15,811,N20,VIIRS,n,2,318.94,5.4,D,0
19.35944,78.68284,348.92,0.47,0.4,2022-03-15,811,N20,VIIRS,n,2,317.5,13.44,D,0
19.36307,78.68228,350.02,0.47,0.4,2022-03-15,811,N20,VIIRS,n,2,319.16,13.44,D,0
19.37188,79.91675,341.65,0.54,0.42,2022-03-15,811,N20,VIIRS,l,2,314.43,5.98,D,0
19.37952,79.92262,341.91,0.54,0.42,2022-03-15,811,N20,VIIRS,n,2,311.96,8.03,D,0
19.38025,79.92813,367.0,0.54,0.42,2022-03-15,811,N20,VIIRS,h,2,313.99,7.66,D,0
19.38091,79.92575,353.95,0.54,0.42,2022-03-15,811,N20,VIIRS,n,2,313.85,7.77,D,0
19.381,79.93384,336.53,0.54,0.42,2022-03-15,811,N20,VIIRS,n,2,310.79,7.66,D,0
19.38161,79.93136,347.44,0.55,0.42,2022-03-15,811,N20,VIIRS,n,2,312.01,13.2,D,0
19.38484,79.92551,341.78,0.54,0.42,2022-03-15,811,N20,VIIRS,n,2,309.72,7.77,D,0
19.38519,78.79286,345.73,0.48,0.4,2022-03-15,811,N20,VIIRS,l,2,316.79,7.06,D,0
19.39303,81.41894,333.99,0.45,0.47,2022-03-15,811,N20,VIIRS,l,2,307.89,3.32,D,0
19.39416,79.44874,340.81,0.51,0.41,2022-03-15,811,N20,VIIRS,l,2,313.47,6.65,D,0
19.40295,80.81957,336.62,0.41,0.45,2022-03-15,811,N20,VIIRS,n,2,306.59,3.2,D,0
19.42656,79.40138,345.66,0.51,0.41,2022-03-15,811,N20,VIIRS,l,2,315.66,3.72,D,0
19.42824,78.3609,350.37,0.45,0.39,2022-03-15,811,N20,VIIRS,l,2,324.05,15.55,D,0
19.43942,79.9187,339.24,0.54,0.42,2022-03-15,811,N20,VIIRS,l,2,314.24,6.22,D,0
19.44676,78.55386,343.38,0.46,0.39,2022-03-15,811,N20,VIIRS,l,2,317.8,5.62,D,0
19.45808,81.46716,335.69,0.45,0.47,2022-03-15,811,N20,VIIRS,n,2,308.48,2.47,D,0
19.4672,78.76405,348.03,0.47,0.4,2022-03-15,811,N20,VIIRS,l,2,321.62,11.26,D,0
19.47684,79.87145,347.94,0.54,0.42,2022-03-15,811,N20,VIIRS,n,2,315.66,10.72,D,0
19.47748,79.86857,341.61,0.54,0.42,2022-03-15,811,N20,VIIRS,l,2,315.21,11.81,D,0
19.47939,79.42317,346.25,0.51,0.41,2022-03-15,811,N20,VIIRS,n,2,315.52,7.37,D,0
19.48051,78.45005,345.76,0.46,0.39,2022-03-15,811,N20,VIIRS,l,2,320.0,5.52,D,0
19.48318,79.42271,344.01,0.51,0.41,2022-03-15,811,N20,VIIRS,l,2,315.41,7.37,D,0
19.50533,79.96513,345.41,0.55,0.43,2022-03-15,811,N20,VIIRS,n,2,315.83,8.2,D,0
19.50924,79.96456,341.2,0.55,0.43,2022-03-15,811,N20,VIIRS,l,2,313.88,3.59,D,0
19.51216,79.40877,341.24,0.51,0.41,2022-03-15,811,N20,VIIRS,l,2,314.21,7.04,D,0
19.51771,80.00062,345.41,0.55,0.43,2022-03-15,811,N20,VIIRS,n,2,316.77,17.28,D,0
19.52163,80.00008,347.96,0.55,0.43,2022-03-15,811,N20,VIIRS,n,2,315.33,12.96,D,0
19.5221,79.39455,343.93,0.51,0.41,2022-03-15,811,N20,VIIRS,l,2,315.27,8.15,D,0
19.52216,79.39708,345.69,0.51,0.41,2022-03-15,811,N20,VIIRS,n,2,313.33,7.47,D,0
19.53153,79.40823,342.35,0.51,0.41,2022-03-15,811,N20,VIIRS,l,2,314.35,8.35,D,0
19.54412,78.39201,351.81,0.46,0.39,2022-03-15,811,N20,VIIRS,n,2,324.87,15.91,D,0
19.5477,78.39152,351.02,0.46,0.39,2022-03-15,811,N20,VIIRS,n,2,321.15,15.91,D,0
19.55062,78.41318,346.44,0.46,0.39,2022-03-15,811,N20,VIIRS,l,2,319.45,25.42,D,0
19.55068,79.17091,345.36,0.5,0.41,2022-03-15,811,N20,VIIRS,l,2,317.95,9.06,D,0
19.55421,78.41268,347.49,0.46,0.39,2022-03-15,811,N20,VIIRS,l,2,318.12,6.72,D,0
19.55902,78.42121,348.98,0.46,0.39,2022-03-15,811,N20,VIIRS,l,2,320.22,8.87,D,0
19.56126,79.31069,345.39,0.51,0.41,2022-03-15,811,N20,VIIRS,n,2,314.45,6.61,D,0
19.57771,78.05324,350.53,0.44,0.39,2022-03-15,811,N20,VIIRS,l,2,322.0,12.68,D,0
19.5818,78.05691,349.85,0.44,0.39,2022-03-15,811,N20,VIIRS,n,2,318.29,12.54,D,0
19.59854,78.33568,346.8,0.46,0.39,2022-03-15,811,N20,VIIRS,l,2,317.07,4.82,D,0
19.60109,78.33666,349.99,0.46,0.39,2022-03-15,811,N20,VIIRS,l,2,320.23,9.16,D,0
19.61325,81.17757,338.9,0.43,0.46,2022-03-15,811,N20,VIIRS,n,2,305.43,3.48,D,0
19.61904,78.98472,348.38,0.49,0.4,2022-03-15,811,N20,VIIRS,l,2,320.39,9.65,D,0
19.6345,78.3409,348.75,0.46,0.39,2022-03-15,811,N20,VIIRS,n,2,320.5,9.05,D,0
19.63507,78.34515,349.15,0.46,0.39,2022-03-15,811,N20,VIIRS,n,2,321.91,7.58,D,0
19.65247,78.28486,341.63,0.45,0.39,2022-03-15,811,N20,VIIRS,l,2,316.58,7.29,D,0
19.6529,78.84367,348.91,0.48,0.4,2022-03-15,811,N20,VIIRS,n,2,318.82,8.11,D,0
19.65362,79.07542,341.99,0.49,0.41,2022-03-15,811,N20,VIIRS,l,2,315.91,5.58,D,0
19.66722,78.75568,344.17,0.48,0.4,2022-03-15,811,N20,VIIRS,l,2,316.01,7.84,D,0
19.6932,79.55827,335.45,0.52,0.42,2022-03-15,811,N20,VIIRS,l,2,309.33,4.14,D,0
19.69381,78.24889,347.58,0.45,0.39,2022-03-15,811,N20,VIIRS,n,2,317.09,5.49,D,0
19.69474,78.24789,352.33,0.45,0.39,2022-03-15,811,N20,VIIRS,n,2,318.19,8.2,D,0
19.69737,78.24834,344.73,0.45,0.39,2022-03-15,811,N20,VIIRS,l,2,315.88,8.44,D,0
19.69913,81.3214,342.96,0.44,0.46,2022-03-15,811,N20,VIIRS,n,2,310.59,3.38,D,0
19.7109,78.26795,343.44,0.45,0.39,2022-03-15,811,N20,VIIRS,l,2,316.66,15.61,D,0
19.71107,78.24199,367.0,0.45,0.39,2022-03-15,811,N20,VIIRS,h,2,325.49,13.4,D,0
19.71406,78.23711,345.06,0.45,0.39,2022-03-15,811,N20,VIIRS,n,2,318.01,13.4,D,0
19.71689,78.25833,346.84,0.45,0.39,2022-03-15,811,N20,VIIRS,n,2,318.6,4.92,D,0
19.73593,78.26454,348.54,0.45,0.39,2022-03-15,811,N20,VIIRS,n,2,317.84,9.08,D,0
19.73653,78.269,346.54,0.45,0.39,2022-03-15,811,N20,VIIRS,l,2,316.98,8.13,D,0
19.79401,80.56458,342.6,0.4,0.44,2022-03-15,811,N20,VIIRS,n,2,311.39,4.72,D,0
19.85452,77.19487,356.77,0.41,0.37,2022-03-15,811,N20,VIIRS,n,2,323.48,13.5,D,0
19.86868,81.38179,342.95,0.45,0.47,2022-03-15,811,N20,VIIRS,n,2,307.67,2.87,D,0
19.87041,81.3821,345.25,0.45,0.47,2022-03-15,811,N20,VIIRS,n,2,307.67,2.33,D,0
19.87953,80.68642,339.57,0.41,0.45,2022-03-15,811,N20,VIIRS,l,2,313.46,5.81,D,0
19.88894,80.6615,355.72,0.41,0.45,2022-03-15,811,N20,VIIRS,n,2,313.17,5.73,D,0
19.91289,81.16773,338.24,0.44,0.46,2022-03-15,811,N20,VIIRS,l,2,312.09,4.7,D,0
19.91615,80.68582,339.61,0.41,0.45,2022-03-15,811,N20,VIIRS,n,2,311.37,2.53,D,0
19.92519,80.52011,339.44,0.4,0.44,2022-03-15,811,N20,VIIRS,l,2,312.68,2.36,D,0
19.94586,80.68985,340.81,0.41,0.45,2022-03-15,811,N20,VIIRS,n,2,309.25,5.37,D,0
19.96303,78.29102,349.66,0.46,0.39,2022-03-15,811,N20,VIIRS,l,2,322.35,12.05,D,0
19.99797,80.576,338.23,0.4,0.44,2022-03-15,811,N20,VIIRS,l,2,311.65,5.18,D,0
19.99874,81.31422,341.51,0.45,0.47,2022-03-15,811,N20,VIIRS,n,2,310.72,2.72,D,0
18.80042,80.66389,304.5,0.5,0.49,2022-03-15,2041,N20,VIIRS,n,2,294.32,2.3,N,0
18.80923,80.66599,307.14,0.5,0.49,2022-03-15,2041,N20,VIIRS,n,2,293.14,2.84,N,0
18.83338,80.63708,306.03,0.49,0.49,2022-03-15,2041,N20,VIIRS,n,2,293.47,0.71,N,0
18.83732,80.33573,305.42,0.47,0.48,2022-03-15,2041,N20,VIIRS,n,2,292.98,1.46,N,0
18.83783,80.63784,308.2,0.49,0.49,2022-03-15,2041,N20,VIIRS,n,2,294.76,1.57,N,0
18.85311,80.58348,306.34,0.49,0.49,2022-03-15,2041,N20,VIIRS,n,2,294.19,1.37,N,0
18.89288,80.49677,312.48,0.48,0.48,2022-03-15,2041,N20,VIIRS,n,2,296.26,3.64,N,0
18.89816,80.49302,336.76,0.48,0.48,2022-03-15,2041,N20,VIIRS,n,2,296.56,3.64,N,0
18.90395,80.11766,309.27,0.46,0.47,2022-03-15,2041,N20,VIIRS,n,2,294.7,1.52,N,0
18.90691,80.44787,307.9,0.48,0.48,2022-03-15,2041,N20,VIIRS,n,2,294.89,2.19,N,0
18.90778,80.44337,310.03,0.48,0.48,2022-03-15,2041,N20,VIIRS,n,2,295.61,2.07,N,0
18.90861,80.43906,309.25,0.48,0.48,2022-03-15,2041,N20,VIIRS,n,2,295.16,2.07,N,0
18.90951,80.02686,307.56,0.45,0.47,2022-03-15,2041,N20,VIIRS,n,2,294.98,2.47,N,0
18.9208,80.44637,309.74,0.48,0.48,2022-03-15,2041,N20,VIIRS,n,2,295.56,2.57,N,0
18.93812,80.42697,310.44,0.48,0.48,2022-03-15,2041,N20,VIIRS,n,2,295.67,3.24,N,0
18.94497,80.41487,312.05,0.48,0.48,2022-03-15,2041,N20,VIIRS,n,2,296.07,3.22,N,0
18.94519,80.41633,308.22,0.48,0.48,2022-03-15,2041,N20,VIIRS,n,2,295.79,2.63,N,0
18.94605,80.41199,307.06,0.48,0.48,2022-03-15,2041,N20,VIIRS,n,2,295.25,2.6,N,0
18.95898,80.15469,308.49,0.46,0.47,2022-03-15,2041,N20,VIIRS,n,2,295.48,1.82,N,0
18.96509,80.33308,309.62,0.47,0.48,2022-03-15,2041,N20,VIIRS,n,2,295.9,2.67,N,0
18.96527,81.12077,306.67,0.53,0.5,2022-03-15,2041,N20,VIIRS,n,2,292.55,1.11,N,0
18.9659,80.33466,307.41,0.47,0.48,2022-03-15,2041,N20,VIIRS,n,2,295.69,2.86,N,0
18.96865,80.33802,324.37,0.47,0.48,2022-03-15,2041,N20,VIIRS,n,2,296.91,4.0,N,0
18.96895,79.39376,308.66,0.41,0.45,2022-03-15,2041,N20,VIIRS,n,2,296.99,2.89,N,0
18.96943,80.33961,328.02,0.47,0.48,2022-03-15,2041,N20,VIIRS,n,2,297.11,4.54,N,0
18.97559,80.35402,307.97,0.47,0.48,2022-03-15,2041,N20,VIIRS,n,2,295.61,1.52,N,0
18.97996,80.35474,306.48,0.47,0.48,2022-03-15,2041,N20,VIIRS,n,2,295.25,1.52,N,0
18.98186,80.05855,315.77,0.45,0.47,2022-03-15,2041,N20,VIIRS,n,2,296.25,3.56,N,0
18.98249,80.98705,308.8,0.52,0.5,2022-03-15,2041,N20,VIIRS,n,2,295.24,3.03,N,0
18.98312,80.21482,323.02,0.46,0.47,2022-03-15,2041,N20,VIIRS,n,2,294.78,3.57,N,0
18.98345,80.35986,309.88,0.47,0.48,2022-03-15,2041,N20,VIIRS,n,2,295.62,2.14,N,0
18.98476,80.21666,313.53,0.46,0.47,2022-03-15,2041,N20,VIIRS,n,2,295.29,2.13,N,0
18.98557,80.21251,319.0,0.46,0.47,2022-03-15,2041,N20,VIIRS,n,2,294.15,2.3,N,0
18.98618,80.05908,314.63,0.45,0.47,2022-03-15,2041,N20,VIIRS,n,2,297.15,1.98,N,0
18.98744,80.21554,335.9,0.46,0.47,2022-03-15,2041,N20,VIIRS,n,2,296.56,3.57,N,0
18.98862,81.00349,303.76,0.52,0.5,2022-03-15,2041,N20,VIIRS,n,2,293.65,1.89,N,0
18.98906,80.21749,305.39,0.46,0.47,2022-03-15,2041,N20,VIIRS,n,2,294.96,2.13,N,0
18.9897,80.06377,313.62,0.45,0.47,2022-03-15,2041,N20,VIIRS,n,2,296.39,1.98,N,0
18.98988,80.21334,318.84,0.46,0.47,2022-03-15,2041,N20,VIIRS,n,2,295.05,2.3,N,0
18.99045,80.05983,319.55,0.45,0.47,2022-03-15,2041,N20,VIIRS,n,2,297.41,1.98,N,0
18.99171,80.21659,308.03,0.46,0.47,2022-03-15,2041,N20,VIIRS,n,2,294.95,1.24,N,0
18.99225,80.07359,305.62,0.45,0.47,2022-03-15,2041,N20,VIIRS,n,2,294.24,2.19,N,0
18.99346,80.30893,304.65,0.47,0.48,2022-03-15,2041,N20,VIIRS,n,2,294.35,2.93,N,0
18.99414,80.21433,309.67,0.46,0.47,2022-03-15,2041,N20,VIIRS,n,2,294.26,1.6,N,0
18.99508,79.36741,321.95,0.41,0.45,2022-03-15,2041,N20,VIIRS,n,2,297.51,2.86,N,0
18.9968,80.21326,306.1,0.46,0.47,2022-03-15,2041,N20,VIIRS,n,2,294.7,1.24,N,0
18.99765,80.20873,305.51,0.46,0.47,2022-03-15,2041,N20,VIIRS,n,2,294.27,1.67,N,0
18.99932,80.21073,306.31,0.46,0.47,2022-03-15,2041,N20,VIIRS,n,2,294.8,1.6,N,0
19.00021,80.20621,313.15,0.46,0.47,2022-03-15,2041,N20,VIIRS,n,2,294.97,2.37,N,0
19.0013,79.35674,310.19,0.41,0.45,2022-03-15,2041,N20,VIIRS,n,2,297.52,2.3,N,0
19.00323,79.23477,310.15,0.4,0.44,2022-03-15,2041,N20,VIIRS,n,2,296.96,2.24,N,0
19.00454,80.20686,308.65,0.46,0.47,2022-03-15,2041,N20,VIIRS,n,2,295.7,2.39,N,0
19.00456,80.2981,311.37,0.47,0.48,2022-03-15,2041,N20,VIIRS,n,2,294.41,1.66,N,0
19.005,80.07623,310.13,0.45,0.47,2022-03-15,2041,N20,VIIRS,n,2,296.88,3.01,N,0
19.00604,80.15389,305.94,0.46,0.47,2022-03-15,2041,N20,VIIRS,n,2,292.81,1.33,N,0
19.00745,80.1569,303.57,0.46,0.47,2022-03-15,2041,N20,VIIRS,n,2,292.87,1.39,N,0
19.00826,80.15263,312.79,0.46,0.47,2022-03-15,2041,N20,VIIRS,n,2,293.31,1.39,N,0
19.00933,80.07671,311.6,0.45,0.47,2022-03-15,2041,N20,VIIRS,n,2,297.43,2.12,N,0
19.01034,80.15463,311.3,0.46,0.47,2022-03-15,2041,N20,VIIRS,n,2,293.16,1.33,N,0
19.01085,80.1389,308.23,0.46,0.47,2022-03-15,2041,N20,VIIRS,n,2,295.7,1.89,N,0
19.01273,80.07479,309.11,0.45,0.47,2022-03-15,2041,N20,VIIRS,n,2,296.17,2.77,N,0
19.01359,80.07751,313.65,0.45,0.47,2022-03-15,2041,N20,VIIRS,n,2,297.39,2.12,N,0
19.0145,80.08828,314.8,0.45,0.47,2022-03-15,2041,N20,VIIRS,n,2,296.94,3.35,N,0
19.01495,80.17654,309.6,0.46,0.47,2022-03-15,2041,N20,VIIRS,n,2,294.64,2.43,N,0
19.01531,80.08416,308.43,0.45,0.47,2022-03-15,2041,N20,VIIRS,n,2,296.85,4.33,N,0
19.01542,80.09123,312.94,0.45,0.47,2022-03-15,2041,N20,VIIRS,n,2,297.05,1.94,N,0
19.01619,80.08717,310.34,0.45,0.47,2022-03-15,2041,N20,VIIRS,n,2,297.23,3.11,N,0
19.01785,80.09376,312.15,0.45,0.47,2022-03-15,2041,N20,VIIRS,n,2,296.02,2.37,N,0
19.01957,80.0927,306.03,0.45,0.47,2022-03-15,2041,N20,VIIRS,n,2,294.75,1.94,N,0
19.02774,80.20225,336.71,0.46,0.47,2022-03-15,2041,N20,VIIRS,n,2,297.02,7.5,N,0
19.02926,80.21733,318.08,0.46,0.47,2022-03-15,2041,N20,VIIRS,n,2,295.96,3.5,N,0
19.03013,80.21283,314.93,0.46,0.47,2022-03-15,2041,N20,VIIRS,n,2,295.84,2.18,N,0
19.03032,80.18899,314.15,0.46,0.47,2022-03-15,2041,N20,VIIRS,n,2,296.85,3.45,N,0
19.03102,80.20828,316.67,0.46,0.47,2022-03-15,2041,N20,VIIRS,n,2,296.49,2.18,N,0
19.04066,79.97726,306.49,0.45,0.47,2022-03-15,2041,N20,VIIRS,n,2,293.73,1.56,N,0
19.04152,79.97293,314.44,0.45,0.47,2022-03-15,2041,N20,VIIRS,n,2,294.76,1.56,N,0
19.04162,79.97561,318.91,0.45,0.47,2022-03-15,2041,N20,VIIRS,n,2,294.89,2.47,N,0
19.04236,79.9686,307.64,0.45,0.47,2022-03-15,2041,N20,VIIRS,n,2,295.21,3.13,N,0
19.04243,79.97128,308.57,0.45,0.47,2022-03-15,2041,N20,VIIRS,n,2,294.89,2.83,N,0
19.04637,79.95031,307.33,0.44,0.46,2022-03-15,2041,N20,VIIRS,n,2,297.16,2.95,N,0
19.05021,80.13232,319.31,0.46,0.47,2022-03-15,2041,N20,VIIRS,n,2,295.74,3.4,N,0
19.05403,79.95374,307.41,0.44,0.46,2022-03-15,2041,N20,VIIRS,n,2,296.38,1.54,N,0
19.05444,80.13335,339.4,0.46,0.47,2022-03-15,2041,N20,VIIRS,n,2,297.14,5.77,N,0
19.05479,79.94985,315.92,0.44,0.46,2022-03-15,2041,N20,VIIRS,n,2,297.02,1.54,N,0
19.05869,80.4138,312.21,0.47,0.48,2022-03-15,2041,N20,VIIRS,n,2,296.13,2.32,N,0
19.05903,79.9506,313.21,0.44,0.46,2022-03-15,2041,N20,VIIRS,n,2,296.36,1.54,N,0
19.05957,80.40921,309.77,0.47,0.48,2022-03-15,2041,N20,VIIRS,n,2,295.99,2.99,N,0
19.05982,79.94653,308.7,0.44,0.46,2022-03-15,2041,N20,VIIRS,n,2,296.24,2.52,N,0
19.05991,80.41259,316.53,0.47,0.48,2022-03-15,2041,N20,VIIRS,n,2,296.6,3.16,N,0
19.0608,80.40811,306.62,0.47,0.48,2022-03-15,2041,N20,VIIRS,n,2,296.04,2.9,N,0
19.06271,79.18481,313.17,0.4,0.44,2022-03-15,2041,N20,VIIRS,n,2,297.89,2.41,N,0
19.06336,79.18129,307.16,0.4,0.44,2022-03-15,2041,N20,VIIRS,n,2,295.41,0.99,N,0
19.06745,79.18169,309.98,0.4,0.44,2022-03-15,2041,N20,VIIRS,n,2,296.81,2.46,N,0
19.07157,80.27589,307.06,0.47,0.47,2022-03-15,2041,N20,VIIRS,n,2,295.43,1.11,N,0
19.07235,80.2718,305.34,0.46,0.47,2022-03-15,2041,N20,VIIRS,n,2,293.57,1.11,N,0
19.07669,80.27248,307.44,0.46,0.47,2022-03-15,2041,N20,VIIRS,n,2,295.65,1.11,N,0
19.09204,80.26224,313.84,0.46,0.47,2022-03-15,2041,N20,VIIRS,n,2,294.62,1.59,N,0
19.0935,80.26558,308.58,0.46,0.47,2022-03-15,2041,N20,VIIRS,n,2,295.27,2.02,N,0
19.09431,80.26144,317.81,0.46,0.47,2022-03-15,2041,N20,VIIRS,n,2,295.64,2.7,N,0
19.0964,80.2628,310.56,0.46,0.47,2022-03-15,2041,N20,VIIRS,n,2,294.68,1.59,N,0
19.1064,78.40304,310.02,0.54,0.42,2022-03-15,2041,N20,VIIRS,n,2,294.31,2.28,N,0
19.10927,80.27632,311.35,0.46,0.47,2022-03-15,2041,N20,VIIRS,n,2,296.12,2.52,N,0
19.11006,80.27233,308.71,0.46,0.47,2022-03-15,2041,N20,VIIRS,n,2,296.21,2.17,N,0
19.11739,78.58012,306.73,0.55,0.43,2022-03-15,2041,N20,VIIRS,n,2,293.36,1.04,N,0
19.12009,79.39625,307.56,0.41,0.45,2022-03-15,2041,N20,VIIRS,n,2,296.99,1.92,N,0
19.12126,78.58092,311.3,0.55,0.43,2022-03-15,2041,N20,VIIRS,n,2,293.92,1.28,N,0
19.12512,78.58174,310.39,0.55,0.43,2022-03-15,2041,N20,VIIRS,n,2,294.2,1.28,N,0
19.12648,78.40191,306.37,0.54,0.42,2022-03-15,2041,N20,VIIRS,n,2,294.45,1.55,N,0
19.12844,80.06998,304.6,0.45,0.47,2022-03-15,2041,N20,VIIRS,n,2,293.19,1.11,N,0
19.12993,78.55567,306.61,0.55,0.43,2022-03-15,2041,N20,VIIRS,n,2,296.5,1.78,N,0
19.1309,78.55047,310.7,0.55,0.43,2022-03-15,2041,N20,VIIRS,n,2,296.68,1.78,N,0
19.1312,80.07391,312.77,0.45,0.47,2022-03-15,2041,N20,VIIRS,n,2,294.29,2.41,N,0
19.13186,78.54525,306.39,0.55,0.43,2022-03-15,2041,N20,VIIRS,n,2,295.65,1.93,N,0
19.1319,80.075,310.5,0.45,0.47,2022-03-15,2041,N20,VIIRS,n,2,294.35,1.11,N,0
19.13282,78.56174,308.84,0.55,0.43,2022-03-15,2041,N20,VIIRS,n,2,295.5,1.89,N,0
19.13331,78.77875,306.9,0.57,0.43,2022-03-15,2041,N20,VIIRS,n,2,294.66,2.08,N,0
19.13378,78.55656,305.61,0.55,0.43,2022-03-15,2041,N20,VIIRS,n,2,295.19,1.97,N,0
19.1437,78.6557,313.54,0.56,0.43,2022-03-15,2041,N20,VIIRS,n,2,294.26,2.49,N,0
19.14893,79.96128,308.41,0.44,0.46,2022-03-15,2041,N20,VIIRS,n,2,296.27,1.55,N,0
19.14901,79.96052,307.13,0.44,0.46,2022-03-15,2041,N20,VIIRS,n,2,295.92,2.82,N,0
19.14931,79.21716,310.64,0.4,0.44,2022-03-15,2041,N20,VIIRS,n,2,295.88,2.17,N,0
19.15314,79.96218,305.69,0.44,0.46,2022-03-15,2041,N20,VIIRS,n,2,295.54,1.55,N,0
19.1574,79.96242,308.57,0.44,0.46,2022-03-15,2041,N20,VIIRS,n,2,294.89,2.6,N,0
19.15781,80.00529,312.08,0.45,0.47,2022-03-15,2041,N20,VIIRS,n,2,297.08,2.27,N,0
19.15819,79.95838,315.33,0.44,0.46,2022-03-15,2041,N20,VIIRS,n,2,295.57,2.79,N,0
19.15866,80.06878,307.8,0.45,0.47,2022-03-15,2041,N20,VIIRS,n,2,297.0,2.33,N,0
19.16055,79.94627,307.59,0.44,0.46,2022-03-15,2041,N20,VIIRS,n,2,295.44,1.96,N,0
19.16128,80.01003,320.16,0.45,0.47,2022-03-15,2041,N20,VIIRS,n,2,297.34,3.34,N,0
19.16133,79.94228,308.94,0.44,0.46,2022-03-15,2041,N20,VIIRS,n,2,294.76,1.66,N,0
19.16266,78.77356,307.88,0.56,0.43,2022-03-15,2041,N20,VIIRS,n,2,295.67,3.22,N,0
19.16298,78.77044,305.59,0.56,0.43,2022-03-15,2041,N20,VIIRS,n,2,294.76,2.2,N,0
19.16316,79.95528,322.45,0.44,0.46,2022-03-15,2041,N20,VIIRS,n,2,295.16,2.64,N,0
19.16353,78.52533,305.06,0.55,0.42,2022-03-15,2041,N20,VIIRS,n,2,292.54,1.66,N,0
19.16366,80.11124,308.01,0.45,0.47,2022-03-15,2041,N20,VIIRS,n,2,294.25,1.56,N,0
19.16367,79.99773,311.93,0.44,0.46,2022-03-15,2041,N20,VIIRS,n,2,295.39,1.35,N,0
19.16395,79.95126,323.69,0.44,0.46,2022-03-15,2041,N20,VIIRS,n,2,294.92,1.8,N,0
19.16474,79.94722,308.32,0.44,0.46,2022-03-15,2041,N20,VIIRS,n,2,293.74,1.8,N,0
19.1671,80.00269,307.25,0.45,0.47,2022-03-15,2041,N20,VIIRS,n,2,295.49,1.35,N,0
19.16789,79.99858,307.21,0.44,0.46,2022-03-15,2041,N20,VIIRS,n,2,294.67,1.35,N,0
19.17051,80.12156,306.72,0.45,0.47,2022-03-15,2041,N20,VIIRS,n,2,294.77,2.8,N,0
19.1721,79.99952,312.29,0.44,0.46,2022-03-15,2041,N20,VIIRS,n,2,295.26,1.54,N,0
19.17629,80.00051,306.79,0.44,0.46,2022-03-15,2041,N20,VIIRS,n,2,296.16,1.54,N,0
19.17646,80.13657,312.64,0.45,0.47,2022-03-15,2041,N20,VIIRS,n,2,294.02,1.89,N,0
19.1807,80.13752,318.5,0.45,0.47,2022-03-15,2041,N20,VIIRS,n,2,293.47,2.85,N,0
19.18127,78.604,315.29,0.55,0.43,2022-03-15,2041,N20,VIIRS,n,2,296.04,1.7,N,0
19.18171,78.60643,306.36,0.55,0.43,2022-03-15,2041,N20,VIIRS,n,2,294.36,3.26,N,0
19.18317,80.01033,306.82,0.45,0.47,2022-03-15,2041,N20,VIIRS,n,2,296.27,2.36,N,0
19.18397,80.0062,316.3,0.45,0.47,2022-03-15,2041,N20,VIIRS,n,2,296.99,3.67,N,0
19.18515,78.60474,308.81,0.55,0.43,2022-03-15,2041,N20,VIIRS,n,2,295.1,1.7,N,0
19.18656,80.01553,314.85,0.45,0.47,2022-03-15,2041,N20,VIIRS,n,2,296.02,2.78,N,0
19.18657,78.60194,306.27,0.55,0.43,2022-03-15,2041,N20,VIIRS,n,2,295.98,1.5,N,0
19.18998,78.60025,308.37,0.55,0.43,2022-03-15,2041,N20,VIIRS,n,2,296.17,2.52,N,0
19.19045,78.60268,306.16,0.55,0.43,2022-03-15,2041,N20,VIIRS,n,2,294.78,1.5,N,0
19.19335,80.02585,311.95,0.45,0.47,2022-03-15,2041,N20,VIIRS,n,2,296.34,2.58,N,0
19.19415,80.02169,329.33,0.45,0.47,2022-03-15,2041,N20,VIIRS,n,2,296.08,2.58,N,0
19.19426,80.11293,306.46,0.45,0.47,2022-03-15,2041,N20,VIIRS,n,2,295.62,2.41,N,0
19.19988,78.17457,305.25,0.52,0.42,2022-03-15,2041,N20,VIIRS,n,2,293.94,0.72,N,0
19.20107,78.69679,305.38,0.56,0.43,2022-03-15,2041,N20,VIIRS,n,2,294.81,2.44,N,0
19.20438,80.10616,319.9,0.45,0.47,2022-03-15,2041,N20,VIIRS,n,2,296.85,2.24,N,0
19.20527,80.10152,308.82,0.45,0.47,2022-03-15,2041,N20,VIIRS,n,2,296.55,2.24,N,0
19.206,78.56247,307.92,0.55,0.43,2022-03-15,2041,N20,VIIRS,n,2,295.05,2.31,N,0
19.20613,80.09696,321.97,0.45,0.47,2022-03-15,2041,N20,VIIRS,n,2,296.76,4.78,N,0
19.20885,78.56863,328.4,0.55,0.43,2022-03-15,2041,N20,VIIRS,n,2,295.48,6.19,N,0
19.21104,78.79582,315.97,0.57,0.43,2022-03-15,2041,N20,VIIRS,n,2,296.84,1.93,N,0
19.21197,78.79078,307.04,0.56,0.43,2022-03-15,2041,N20,VIIRS,n,2,296.21,1.93,N,0
19.21366,78.60747,310.4,0.55,0.43,2022-03-15,2041,N20,VIIRS,n,2,295.41,2.58,N,0
19.21847,78.56002,312.49,0.55,0.43,2022-03-15,2041,N20,VIIRS,n,2,294.57,1.62,N,0
19.22061,78.74406,307.99,0.56,0.43,2022-03-15,2041,N20,VIIRS,n,2,294.16,1.71,N,0
19.22451,78.74487,305.5,0.56,0.43,2022-03-15,2041,N20,VIIRS,n,2,293.91,1.19,N,0
19.22954,78.80565,311.64,0.57,0.43,2022-03-15,2041,N20,VIIRS,n,2,295.47,3.17,N,0
19.23055,80.03801,307.4,0.45,0.47,2022-03-15,2041,N20,VIIRS,n,2,295.92,2.47,N,0
19.23073,80.69875,312.02,0.49,0.49,2022-03-15,2041,N20,VIIRS,n,2,295.09,2.22,N,0
19.23145,78.81737,308.0,0.57,0.43,2022-03-15,2041,N20,VIIRS,n,2,294.55,2.02,N,0
19.23198,80.69593,310.97,0.49,0.49,2022-03-15,2041,N20,VIIRS,n,2,295.04,2.14,N,0
19.23318,80.04731,307.7,0.45,0.47,2022-03-15,2041,N20,VIIRS,n,2,294.82,1.96,N,0
19.24222,78.80289,311.15,0.57,0.43,2022-03-15,2041,N20,VIIRS,n,2,294.95,2.95,N,0
19.24418,78.79218,306.35,0.56,0.43,2022-03-15,2041,N20,VIIRS,n,2,294.62,1.92,N,0
19.24524,78.84861,308.23,0.57,0.43,2022-03-15,2041,N20,VIIRS,n,2,294.46,1.48,N,0
19.24619,78.84798,309.48,0.57,0.43,2022-03-15,2041,N20,VIIRS,n,2,294.95,2.36,N,0
19.25097,78.77724,307.8,0.56,0.43,2022-03-15,2041,N20,VIIRS,n,2,295.07,1.03,N,0
19.2538,78.91132,306.35,0.57,0.43,2022-03-15,2041,N20,VIIRS,n,2,296.3,2.15,N,0
19.25713,80.68126,305.78,0.49,0.49,2022-03-15,2041,N20,VIIRS,n,2,294.21,1.78,N,0
19.26158,80.6819,314.24,0.49,0.49,2022-03-15,2041,N20,VIIRS,n,2,295.54,1.78,N,0
19.26352,78.7528,304.26,0.56,0.43,2022-03-15,2041,N20,VIIRS,n,2,293.04,1.67,N,0
19.2642,78.74837,305.52,0.56,0.43,2022-03-15,2041,N20,VIIRS,n,2,293.41,0.93,N,0
19.26712,78.75434,314.63,0.56,0.43,2022-03-15,2041,N20,VIIRS,n,2,295.26,1.96,N,0
19.26743,78.75358,313.26,0.56,0.43,2022-03-15,2041,N20,VIIRS,n,2,294.71,1.67,N,0
19.269,78.80899,303.44,0.56,0.43,2022-03-15,2041,N20,VIIRS,n,2,292.95,1.06,N,0
19.27038,78.75956,305.13,0.56,0.43,2022-03-15,2041,N20,VIIRS,n,2,292.93,1.21,N,0
19.27102,78.75512,309.32,0.56,0.43,2022-03-15,2041,N20,VIIRS,n,2,294.4,1.96,N,0
19.27133,78.75435,307.23,0.56,0.43,2022-03-15,2041,N20,VIIRS,n,2,294.31,1.82,N,0
19.27225,78.55044,302.51,0.55,0.42,2022-03-15,2041,N20,VIIRS,n,2,290.99,0.84,N,0
19.27396,78.76103,306.22,0.56,0.43,2022-03-15,2041,N20,VIIRS,n,2,293.49,1.8,N,0
19.2743,78.76028,309.22,0.56,0.43,2022-03-15,2041,N20,VIIRS,n,2,294.05,1.21,N,0
19.27788,78.76173,311.14,0.56,0.43,2022-03-15,2041,N20,VIIRS,n,2,294.91,1.8,N,0
19.27827,81.47423,304.52,0.55,0.51,2022-03-15,2041,N20,VIIRS,n,2,294.19,3.04,N,0
19.28003,81.47318,304.29,0.55,0.51,2022-03-15,2041,N20,VIIRS,n,2,293.96,2.03,N,0
19.29737,78.74412,310.23,0.56,0.43,2022-03-15,2041,N20,VIIRS,n,2,293.63,1.78,N,0
19.29837,78.56062,302.88,0.55,0.42,2022-03-15,2041,N20,VIIRS,n,2,291.89,0.56,N,0
19.30028,78.55663,302.83,0.55,0.42,2022-03-15,2041,N20,VIIRS,n,2,291.89,1.64,N,0
19.30609,78.21315,306.37,0.52,0.42,2022-03-15,2041,N20,VIIRS,n,2,294.23,1.86,N,0
19.31093,78.69302,303.7,0.56,0.43,2022-03-15,2041,N20,VIIRS,n,2,292.94,0.73,N,0
19.31482,78.69377,304.78,0.56,0.43,2022-03-15,2041,N20,VIIRS,n,2,293.59,0.73,N,0
19.34019,78.73104,306.31,0.56,0.43,2022-03-15,2041,N20,VIIRS,n,2,292.17,1.7,N,0
19.3524,78.57743,304.08,0.55,0.42,2022-03-15,2041,N20,VIIRS,n,2,294.05,1.74,N,0
19.35655,78.68585,305.52,0.55,0.43,2022-03-15,2041,N20,VIIRS,n,2,293.47,0.78,N,0
19.36044,78.68661,307.27,0.55,0.43,2022-03-15,2041,N20,VIIRS,n,2,293.73,1.08,N,0
19.36432,78.68736,305.57,0.55,0.43,2022-03-15,2041,N20,VIIRS,n,2,292.52,1.08,N,0
19.37281,79.90831,312.77,0.44,0.46,2022-03-15,2041,N20,VIIRS,n,2,297.37,2.13,N,0
19.3737,79.90768,312.84,0.44,0.46,2022-03-15,2041,N20,VIIRS,n,2,297.33,3.23,N,0
19.37447,79.40478,308.95,0.41,0.45,2022-03-15,2041,N20,VIIRS,n,2,297.14,1.44,N,0
19.37705,79.90884,309.02,0.44,0.46,2022-03-15,2041,N20,VIIRS,n,2,296.17,2.23,N,0
19.3819,79.14077,309.61,0.39,0.44,2022-03-15,2041,N20,VIIRS,n,2,295.84,2.04,N,0
19.3901,79.45527,311.67,0.41,0.45,2022-03-15,2041,N20,VIIRS,n,2,298.01,2.0,N,0
19.39417,79.45609,313.61,0.41,0.45,2022-03-15,2041,N20,VIIRS,n,2,296.88,1.61,N,0
19.39748,79.46088,310.93,0.41,0.45,2022-03-15,2041,N20,VIIRS,n,2,296.96,1.61,N,0
19.40059,81.43389,303.21,0.54,0.51,2022-03-15,2041,N20,VIIRS,n,2,291.92,1.13,N,0
19.4092,79.55557,312.0,0.41,0.45,2022-03-15,2041,N20,VIIRS,n,2,298.01,1.63,N,0
19.41255,79.56033,311.08,0.41,0.45,2022-03-15,2041,N20,VIIRS,n,2,298.9,1.63,N,0
19.4133,79.5563,314.02,0.41,0.45,2022-03-15,2041,N20,VIIRS,n,2,298.26,1.63,N,0
19.42532,79.40276,307.54,0.41,0.45,2022-03-15,2041,N20,VIIRS,n,2,296.6,2.3,N,0
19.47734,79.4172,309.42,0.41,0.45,2022-03-15,2041,N20,VIIRS,n,2,297.11,2.56,N,0
19.51885,79.39769,307.96,0.4,0.44,2022-03-15,2041,N20,VIIRS,n,2,296.48,1.99,N,0
19.5389,79.40258,309.48,0.4,0.44,2022-03-15,2041,N20,VIIRS,n,2,297.05,2.05,N,0
19.53917,78.39208,302.86,0.53,0.42,2022-03-15,2041,N20,VIIRS,n,2,292.54,1.0,N,0
19.54199,79.43081,316.16,0.41,0.45,2022-03-15,2041,N20,VIIRS,n,2,296.85,2.97,N,0
19.54206,78.39789,305.26,0.53,0.42,2022-03-15,2041,N20,VIIRS,n,2,293.07,1.0,N,0
19.55812,78.58165,303.56,0.54,0.42,2022-03-15,2041,N20,VIIRS,n,2,292.43,1.25,N,0
19.57567,79.3402,309.5,0.4,0.44,2022-03-15,2041,N20,VIIRS,n,2,296.64,2.39,N,0
19.57711,79.33247,313.26,0.4,0.44,2022-03-15,2041,N20,VIIRS,n,2,296.91,2.65,N,0
19.60058,78.32978,308.41,0.53,0.42,2022-03-15,2041,N20,VIIRS,n,2,295.19,2.23,N,0
19.60435,78.33064,305.81,0.53,0.42,2022-03-15,2041,N20,VIIRS,n,2,295.33,1.58,N,0
19.61513,78.79868,306.61,0.56,0.43,2022-03-15,2041,N20,VIIRS,n,2,294.69,1.88,N,0
19.65109,78.28924,307.0,0.52,0.42,2022-03-15,2041,N20,VIIRS,n,2,295.31,1.17,N,0
19.65169,79.07623,305.91,0.38,0.44,2022-03-15,2041,N20,VIIRS,n,2,295.64,1.66,N,0
19.652,78.77378,312.66,0.55,0.43,2022-03-15,2041,N20,VIIRS,n,2,296.81,2.63,N,0
19.65484,78.29013,307.69,0.52,0.42,2022-03-15,2041,N20,VIIRS,n,2,294.86,1.17,N,0
19.6595,78.28596,307.29,0.52,0.42,2022-03-15,2041,N20,VIIRS,n,2,294.5,1.31,N,0
19.66431,79.03126,309.99,0.57,0.43,2022-03-15,2041,N20,VIIRS,n,2,297.97,3.61,N,0
19.66926,79.02674,314.31,0.57,0.43,2022-03-15,2041,N20,VIIRS,n,2,296.93,4.3,N,0
19.67409,78.76311,309.79,0.55,0.43,2022-03-15,2041,N20,VIIRS,n,2,297.46,1.94,N,0
19.67609,79.03387,313.12,0.57,0.43,2022-03-15,2041,N20,VIIRS,n,2,297.61,4.1,N,0
19.69918,78.26075,305.06,0.52,0.41,2022-03-15,2041,N20,VIIRS,n,2,295.04,1.84,N,0
19.78887,79.14669,307.01,0.39,0.44,2022-03-15,2041,N20,VIIRS,n,2,296.46,1.48,N,2
19.83362,77.94583,311.87,0.5,0.41,2022-03-15,2041,N20,VIIRS,n,2,295.62,2.34,N,0
19.83445,77.94119,314.67,0.5,0.41,2022-03-15,2041,N20,VIIRS,n,2,296.38,2.88,N,0
15.68742,78.73534,306.03,0.43,0.46,2022-03-15,2042,N20,VIIRS,n,2,295.3,1.28,N,0
15.70611,78.72711,304.76,0.43,0.46,2022-03-15,2042,N20,VIIRS,n,2,293.74,0.96,N,0
15.84676,78.88174,313.1,0.43,0.46,2022-03-15,2042,N20,VIIRS,n,2,294.79,1.17,N,0
15.84784,79.1125,310.07,0.45,0.47,2022-03-15,2042,N20,VIIRS,n,2,297.1,2.29,N,0
16.0222,78.67204,308.78,0.42,0.45,2022-03-15,2042,N20,VIIRS,n,2,295.97,1.97,N,0
16.02224,78.56294,313.85,0.41,0.45,2022-03-15,2042,N20,VIIRS,n,2,296.12,1.75,N,0
16.02513,78.56596,309.31,0.41,0.45,2022-03-15,2042,N20,VIIRS,n,2,295.51,1.18,N,0
16.02559,78.67664,326.61,0.42,0.45,2022-03-15,2042,N20,VIIRS,n,2,296.44,1.97,N,0
16.02561,78.56764,305.94,0.41,0.45,2022-03-15,2042,N20,VIIRS,n,2,294.93,0.82,N,0
16.03248,78.59441,313.09,0.41,0.45,2022-03-15,2042,N20,VIIRS,n,2,295.97,1.72,N,0
16.03585,78.59903,308.17,0.41,0.45,2022-03-15,2042,N20,VIIRS,n,2,294.72,0.82,N,0
16.03651,78.59547,305.25,0.41,0.45,2022-03-15,2042,N20,VIIRS,n,2,294.07,0.82,N,0
16.0452,78.52633,312.41,0.41,0.45,2022-03-15,2042,N20,VIIRS,n,2,295.97,2.25,N,0
16.0492,78.52746,331.2,0.41,0.45,2022-03-15,2042,N20,VIIRS,n,2,297.17,4.32,N,0
16.07253,78.42456,310.91,0.4,0.44,2022-03-15,2042,N20,VIIRS,n,2,296.31,2.26,N,3
16.07669,78.74568,316.72,0.42,0.45,2022-03-15,2042,N20,VIIRS,n,2,294.79,1.74,N,0
16.07881,78.75743,316.54,0.42,0.45,2022-03-15,2042,N20,VIIRS,n,2,295.65,2.7,N,0
16.08363,78.7544,312.81,0.42,0.45,2022-03-15,2042,N20,VIIRS,n,2,294.67,1.68,N,0
16.0843,78.7507,308.62,0.42,0.45,2022-03-15,2042,N20,VIIRS,n,2,294.31,1.23,N,0
16.12611,78.67786,313.97,0.42,0.45,2022-03-15,2042,N20,VIIRS,n,2,296.22,2.05,N,0
16.13769,78.75252,304.88,0.42,0.45,2022-03-15,2042,N20,VIIRS,n,2,293.23,0.91,N,0
16.14506,78.75875,311.53,0.42,0.45,2022-03-15,2042,N20,VIIRS,n,2,294.38,1.15,N,0
16.14601,78.68494,305.58,0.42,0.45,2022-03-15,2042,N20,VIIRS,n,2,291.97,0.89,N,0
16.14916,78.75959,306.09,0.42,0.45,2022-03-15,2042,N20,VIIRS,n,2,292.96,0.64,N,0
16.15479,78.75222,310.03,0.42,0.45,2022-03-15,2042,N20,VIIRS,n,2,294.1,1.36,N,0
16.17572,78.70794,303.42,0.42,0.45,2022-03-15,2042,N20,VIIRS,n,2,292.83,1.14,N,0
16.18051,78.79795,318.63,0.42,0.45,2022-03-15,2042,N20,VIIRS,n,2,295.32,2.07,N,0
16.18079,78.77311,303.9,0.42,0.45,2022-03-15,2042,N20,VIIRS,n,2,293.81,0.68,N,0
16.18414,78.77807,308.01,0.42,0.45,2022-03-15,2042,N20,VIIRS,n,2,293.77,0.68,N,0
16.18458,78.79908,307.92,0.42,0.45,2022-03-15,2042,N20,VIIRS,n,2,294.52,0.66,N,0
16.18871,78.79986,305.71,0.42,0.45,2022-03-15,2042,N20,VIIRS,n,2,295.23,0.66,N,0
16.1936,78.72626,313.38,0.42,0.45,2022-03-15,2042,N20,VIIRS,n,2,293.49,1.63,N,0
16.19844,78.72299,317.95,0.42,0.45,2022-03-15,2042,N20,VIIRS,n,2,294.02,1.3,N,0
16.21775,78.68677,316.77,0.42,0.45,2022-03-15,2042,N20,VIIRS,n,2,292.03,1.64,N,0
16.22009,78.69035,302.65,0.41,0.45,2022-03-15,2042,N20,VIIRS,n,2,290.96,0.42,N,0
16.22117,78.69123,302.71,0.42,0.45,2022-03-15,2042,N20,VIIRS,n,2,290.94,0.28,N,0
16.23738,78.62083,305.42,0.41,0.45,2022-03-15,2042,N20,VIIRS,n,2,291.85,1.06,N,0
16.23799,78.62161,304.61,0.41,0.45,2022-03-15,2042,N20,VIIRS,n,2,291.4,0.68,N,0
16.37147,77.73952,310.62,0.54,0.42,2022-03-15,2042,N20,VIIRS,n,2,292.94,1.66,N,0
16.55849,79.39229,312.33,0.45,0.47,2022-03-15,2042,N20,VIIRS,n,2,295.8,2.19,N,0
16.56293,79.41547,310.71,0.45,0.47,2022-03-15,2042,N20,VIIRS,n,2,295.75,1.92,N,0
16.56374,79.41117,316.32,0.45,0.47,2022-03-15,2042,N20,VIIRS,n,2,296.68,2.83,N,0
17.03724,78.21542,307.5,0.57,0.43,2022-03-15,2042,N20,VIIRS,n,2,291.14,1.24,N,0
17.1451,78.22282,301.67,0.56,0.43,2022-03-15,2042,N20,VIIRS,n,2,291.01,1.06,N,2
17.21542,78.80255,318.17,0.41,0.45,2022-03-15,2042,N20,VIIRS,n,2,295.45,2.34,N,0
17.23366,78.79479,307.23,0.41,0.45,2022-03-15,2042,N20,VIIRS,n,2,295.3,1.06,N,0
17.2377,78.79561,306.52,0.41,0.45,2022-03-15,2042,N20,VIIRS,n,2,296.12,1.06,N,0
17.2403,78.80422,313.45,0.41,0.45,2022-03-15,2042,N20,VIIRS,n,2,296.86,1.8,N,0
17.24172,78.79657,323.54,0.41,0.45,2022-03-15,2042,N20,VIIRS,n,2,297.24,4.08,N,0
17.2424,78.79287,319.36,0.4,0.45,2022-03-15,2042,N20,VIIRS,n,2,295.14,2.71,N,0
17.31051,80.51221,306.43,0.52,0.5,2022-03-15,2042,N20,VIIRS,n,2,296.35,2.79,N,0
17.33649,80.54743,306.46,0.52,0.5,2022-03-15,2042,N20,VIIRS,n,2,295.49,2.2,N,0
17.37417,79.85672,304.29,0.47,0.48,2022-03-15,2042,N20,VIIRS,n,2,292.25,0.63,N,0
17.43743,80.95703,308.45,0.55,0.51,2022-03-15,2042,N20,VIIRS,n,2,295.8,1.64,N,0
17.48421,81.45515,306.36,0.59,0.53,2022-03-15,2042,N20,VIIRS,n,2,294.61,1.7,N,0
17.52479,77.80038,309.85,0.53,0.42,2022-03-15,2042,N20,VIIRS,n,2,292.2,1.47,N,0
17.62871,77.11317,304.28,0.48,0.4,2022-03-15,2042,N20,VIIRS,n,2,290.07,0.76,N,0
17.67506,77.21507,305.42,0.49,0.4,2022-03-15,2042,N20,VIIRS,n,2,291.65,1.09,N,0
17.67521,80.13743,303.35,0.48,0.48,2022-03-15,2042,N20,VIIRS,n,2,293.0,1.53,N,0
17.78315,80.26254,305.72,0.49,0.49,2022-03-15,2042,N20,VIIRS,n,2,294.55,1.65,N,0
17.78726,80.26222,320.93,0.49,0.49,2022-03-15,2042,N20,VIIRS,n,2,295.33,2.85,N,0
17.78742,80.26415,312.25,0.49,0.49,2022-03-15,2042,N20,VIIRS,n,2,295.44,1.65,N,0
17.79953,80.24635,304.99,0.49,0.48,2022-03-15,2042,N20,VIIRS,n,2,294.4,2.08,N,0
17.80517,77.60578,303.61,0.51,0.41,2022-03-15,2042,N20,VIIRS,n,2,292.53,1.04,N,0
17.80883,80.00734,304.86,0.47,0.48,2022-03-15,2042,N20,VIIRS,n,2,293.46,1.59,N,0
17.80906,80.24429,305.06,0.49,0.48,2022-03-15,2042,N20,VIIRS,n,2,295.05,2.04,N,0
17.81515,80.02146,314.55,0.47,0.48,2022-03-15,2042,N20,VIIRS,n,2,295.54,2.03,N,0
17.84138,80.3375,308.49,0.49,0.49,2022-03-15,2042,N20,VIIRS,n,2,293.3,1.19,N,0
17.85996,80.31239,303.97,0.49,0.49,2022-03-15,2042,N20,VIIRS,n,2,293.91,1.01,N,0
17.8652,80.30894,313.27,0.49,0.49,2022-03-15,2042,N20,VIIRS,n,2,293.76,1.9,N,0
17.86958,80.31,320.97,0.49,0.49,2022-03-15,2042,N20,VIIRS,n,2,292.81,1.9,N,0
17.87744,80.4285,308.22,0.5,0.49,2022-03-15,2042,N20,VIIRS,n,2,295.89,1.45,N,0
17.87809,80.30852,306.01,0.49,0.49,2022-03-15,2042,N20,VIIRS,n,2,293.27,2.05,N,0
17.87838,80.42374,307.46,0.5,0.49,2022-03-15,2042,N20,VIIRS,n,2,295.53,2.23,N,0
17.88269,80.31329,310.56,0.49,0.49,2022-03-15,2042,N20,VIIRS,n,2,293.17,2.27,N,0
17.88588,80.31548,336.24,0.49,0.49,2022-03-15,2042,N20,VIIRS,n,2,293.56,6.06,N,0
17.88705,80.31449,334.45,0.49,0.49,2022-03-15,2042,N20,VIIRS,n,2,292.91,2.27,N,0
17.88954,80.79845,311.63,0.53,0.5,2022-03-15,2042,N20,VIIRS,n,2,295.45,1.64,N,0
17.89041,80.7962,312.86,0.53,0.5,2022-03-15,2042,N20,VIIRS,n,2,295.75,2.59,N,0
17.91566,81.21193,312.99,0.56,0.51,2022-03-15,2042,N20,VIIRS,n,2,295.62,2.35,N,0
17.91769,81.21616,312.63,0.56,0.52,2022-03-15,2042,N20,VIIRS,n,2,294.8,2.42,N,0
17.96327,80.24654,321.42,0.48,0.48,2022-03-15,2042,N20,VIIRS,n,2,293.76,2.68,N,0
17.98243,80.64018,314.8,0.51,0.5,2022-03-15,2042,N20,VIIRS,n,2,295.94,2.72,N,0
18.00745,81.09187,307.17,0.55,0.51,2022-03-15,2042,N20,VIIRS,n,2,296.46,2.9,N,0
18.01659,81.09437,310.1,0.55,0.51,2022-03-15,2042,N20,VIIRS,n,2,296.74,3.33,N,0
18.03763,80.04588,310.25,0.47,0.48,2022-03-15,2042,N20,VIIRS,n,2,293.66,1.57,N,0
18.03846,80.04953,309.77,0.47,0.48,2022-03-15,2042,N20,VIIRS,n,2,294.07,1.66,N,0
18.03933,80.04507,308.11,0.47,0.48,2022-03-15,2042,N20,VIIRS,n,2,293.68,1.76,N,0
18.03992,80.01002,307.0,0.47,0.48,2022-03-15,2042,N20,VIIRS,n,2,294.74,2.68,N,0
18.04186,80.00932,311.61,0.47,0.47,2022-03-15,2042,N20,VIIRS,n,2,294.86,2.11,N,0
18.04191,80.04697,308.92,0.47,0.48,2022-03-15,2042,N20,VIIRS,n,2,294.25,1.34,N,0
18.06003,81.08668,306.09,0.55,0.51,2022-03-15,2042,N20,VIIRS,n,2,295.75,1.67,N,0
18.10514,80.98112,316.35,0.54,0.51,2022-03-15,2042,N20,VIIRS,n,2,296.58,2.41,N,0
18.11242,80.99252,309.08,0.54,0.51,2022-03-15,2042,N20,VIIRS,n,2,296.42,2.87,N,0
18.1142,81.00765,311.43,0.54,0.51,2022-03-15,2042,N20,VIIRS,n,2,296.31,3.06,N,0
18.12046,81.07279,312.84,0.54,0.51,2022-03-15,2042,N20,VIIRS,n,2,295.86,2.61,N,0
18.12251,81.06242,312.96,0.54,0.51,2022-03-15,2042,N20,VIIRS,n,2,295.95,2.21,N,0
18.14439,81.13764,314.13,0.55,0.51,2022-03-15,2042,N20,VIIRS,n,2,296.04,1.65,N,0
18.14541,81.13264,312.22,0.55,0.51,2022-03-15,2042,N20,VIIRS,n,2,295.92,1.65,N,0
18.14546,81.1414,313.77,0.55,0.51,2022-03-15,2042,N20,VIIRS,n,2,295.38,2.34,N,0
18.14648,81.13616,307.39,0.55,0.51,2022-03-15,2042,N20,VIIRS,n,2,295.8,2.34,N,0
18.1466,80.3095,305.76,0.49,0.48,2022-03-15,2042,N20,VIIRS,n,2,294.07,1.96,N,0
18.14744,81.13122,312.79,0.55,0.51,2022-03-15,2042,N20,VIIRS,n,2,295.98,2.45,N,0
18.15,81.13374,307.07,0.55,0.51,2022-03-15,2042,N20,VIIRS,n,2,294.65,1.65,N,0
18.16656,80.25346,307.19,0.48,0.48,2022-03-15,2042,N20,VIIRS,n,2,295.13,1.17,N,0
18.1676,80.34251,306.59,0.49,0.48,2022-03-15,2042,N20,VIIRS,n,2,294.84,1.61,N,0
18.17089,80.25454,305.57,0.48,0.48,2022-03-15,2042,N20,VIIRS,n,2,294.63,1.17,N,0
18.17188,80.29655,313.09,0.48,0.48,2022-03-15,2042,N20,VIIRS,n,2,295.12,3.31,N,0
18.17192,80.34381,309.14,0.49,0.48,2022-03-15,2042,N20,VIIRS,n,2,295.26,1.61,N,0
18.17708,80.29321,313.9,0.48,0.48,2022-03-15,2042,N20,VIIRS,n,2,294.97,2.49,N,0
18.18401,80.28083,306.19,0.48,0.48,2022-03-15,2042,N20,VIIRS,n,2,294.74,1.45,N,0
18.22289,80.81904,305.77,0.52,0.5,2022-03-15,2042,N20,VIIRS,n,2,295.16,1.77,N,0
18.22714,80.81783,307.55,0.52,0.5,2022-03-15,2042,N20,VIIRS,n,2,294.86,1.32,N,0
18.22743,80.81987,308.77,0.52,0.5,2022-03-15,2042,N20,VIIRS,n,2,295.22,2.63,N,0
18.22841,80.7867,306.11,0.52,0.5,2022-03-15,2042,N20,VIIRS,n,2,295.83,3.4,N,0
18.22857,77.52831,302.88,0.5,0.41,2022-03-15,2042,N20,VIIRS,n,2,291.8,0.91,N,0
18.22989,80.78404,306.89,0.52,0.5,2022-03-15,2042,N20,VIIRS,n,2,295.8,2.29,N,0
18.232,79.84386,312.96,0.45,0.47,2022-03-15,2042,N20,VIIRS,n,2,296.1,2.78,N,0
18.23227,77.52903,305.12,0.5,0.41,2022-03-15,2042,N20,VIIRS,n,2,292.35,0.91,N,0
18.2331,77.52437,305.51,0.5,0.41,2022-03-15,2042,N20,VIIRS,n,2,292.78,1.29,N,0
18.23362,79.83543,311.5,0.45,0.47,2022-03-15,2042,N20,VIIRS,n,2,295.02,2.04,N,0
18.23534,80.78025,306.42,0.52,0.5,2022-03-15,2042,N20,VIIRS,n,2,295.66,2.65,N,0
18.2359,80.34203,304.76,0.49,0.48,2022-03-15,2042,N20,VIIRS,n,2,294.59,2.52,N,0
18.24168,80.772,313.07,0.52,0.5,2022-03-15,2042,N20,VIIRS,n,2,294.61,3.15,N,0
18.24258,80.7675,305.44,0.52,0.5,2022-03-15,2042,N20,VIIRS,n,2,294.0,1.38,N,0
18.25449,78.07798,305.73,0.53,0.42,2022-03-15,2042,N20,VIIRS,n,2,293.79,1.19,N,0
18.26504,80.86807,310.39,0.52,0.5,2022-03-15,2042,N20,VIIRS,n,2,296.11,2.04,N,0
18.26767,80.87874,307.75,0.53,0.5,2022-03-15,2042,N20,VIIRS,n,2,295.68,2.39,N,0
18.2687,80.8735,316.37,0.52,0.5,2022-03-15,2042,N20,VIIRS,n,2,296.52,2.04,N,0
18.26963,80.86875,313.9,0.52,0.5,2022-03-15,2042,N20,VIIRS,n,2,296.57,2.04,N,0
18.27486,80.14198,315.3,0.47,0.48,2022-03-15,2042,N20,VIIRS,n,2,296.3,3.01,N,0
18.27918,80.14291,305.48,0.47,0.48,2022-03-15,2042,N20,VIIRS,n,2,294.84,2.14,N,0
18.28009,80.16145,305.89,0.47,0.48,2022-03-15,2042,N20,VIIRS,n,2,295.28,2.61,N,0
18.28094,80.15708,312.1,0.47,0.48,2022-03-15,2042,N20,VIIRS,n,2,295.69,2.62,N,0
18.28126,80.31958,305.95,0.48,0.48,2022-03-15,2042,N20,VIIRS,n,2,293.28,2.08,N,0
18.28187,81.23775,307.31,0.55,0.51,2022-03-15,2042,N20,VIIRS,n,2,295.93,2.68,N,0
18.28303,80.33406,307.43,0.48,0.48,2022-03-15,2042,N20,VIIRS,n,2,293.25,1.64,N,0
18.28875,80.18662,306.34,0.47,0.48,2022-03-15,2042,N20,VIIRS,n,2,295.59,1.77,N,0
18.324,80.8559,311.48,0.52,0.5,2022-03-15,2042,N20,VIIRS,n,2,295.92,1.73,N,0
18.32453,80.85771,307.12,0.52,0.5,2022-03-15,2042,N20,VIIRS,n,2,295.71,2.03,N,0
18.32578,77.68163,305.28,0.51,0.41,2022-03-15,2042,N20,VIIRS,n,2,294.71,1.86,N,0
18.33507,80.13275,308.05,0.47,0.48,2022-03-15,2042,N20,VIIRS,n,2,294.91,1.89,N,0
18.3409,78.88911,322.76,0.39,0.44,2022-03-15,2042,N20,VIIRS,n,2,294.8,1.52,N,0
18.3416,78.88534,309.5,0.39,0.44,2022-03-15,2042,N20,VIIRS,n,2,294.76,1.52,N,0
18.353,80.63247,314.83,0.5,0.49,2022-03-15,2042,N20,VIIRS,n,2,295.22,2.08,N,0
18.35515,80.63464,314.89,0.5,0.49,2022-03-15,2042,N20,VIIRS,n,2,295.34,2.64,N,0
18.35609,80.62991,312.83,0.5,0.49,2022-03-15,2042,N20,VIIRS,n,2,294.41,1.89,N,0
18.35659,80.63791,305.24,0.51,0.49,2022-03-15,2042,N20,VIIRS,n,2,294.65,0.99,N,0
18.37653,80.20337,305.24,0.47,0.48,2022-03-15,2042,N20,VIIRS,n,2,294.28,1.12,N,0
18.3972,80.72781,305.78,0.51,0.49,2022-03-15,2042,N20,VIIRS,n,2,294.22,1.59,N,0
18.39818,80.72279,308.07,0.51,0.49,2022-03-15,2042,N20,VIIRS,n,2,294.4,1.58,N,0
18.39907,80.71829,307.96,0.51,0.49,2022-03-15,2042,N20,VIIRS,n,2,294.22,1.58,N,0
18.40163,80.72899,306.76,0.51,0.49,2022-03-15,2042,N20,VIIRS,n,2,294.58,1.68,N,0
18.40591,77.9516,304.69,0.52,0.42,2022-03-15,2042,N20,VIIRS,n,2,294.05,1.39,N,0
18.40608,80.7301,316.47,0.51,0.49,2022-03-15,2042,N20,VIIRS,n,2,295.07,1.68,N,0
18.40676,77.94687,307.42,0.52,0.42,2022-03-15,2042,N20,VIIRS,n,2,295.53,2.69,N,0
18.40703,80.72525,306.62,0.51,0.49,2022-03-15,2042,N20,VIIRS,n,2,294.22,2.36,N,0
18.41148,80.72633,304.27,0.51,0.49,2022-03-15,2042,N20,VIIRS,n,2,294.01,1.46,N,0
18.41678,80.72304,310.09,0.51,0.49,2022-03-15,2042,N20,VIIRS,n,2,295.13,1.46,N,0
18.41769,80.71838,308.24,0.51,0.49,2022-03-15,2042,N20,VIIRS,n,2,295.17,2.38,N,0
18.42208,80.7198,319.76,0.51,0.49,2022-03-15,2042,N20,VIIRS,n,2,296.15,3.23,N,0
18.42297,80.71521,320.06,0.51,0.49,2022-03-15,2042,N20,VIIRS,n,2,295.72,3.23,N,0
18.43143,80.74371,304.63,0.51,0.49,2022-03-15,2042,N20,VIIRS,n,2,294.53,1.95,N,0
18.43734,81.12535,305.71,0.54,0.51,2022-03-15,2042,N20,VIIRS,n,2,295.21,3.32,N,0
18.43936,78.63608,304.85,0.57,0.43,2022-03-15,2042,N20,VIIRS,n,2,294.33,1.64,N,0
18.47809,80.54991,318.99,0.5,0.49,2022-03-15,2042,N20,VIIRS,n,2,295.2,2.3,N,0
18.48064,80.56061,314.15,0.5,0.49,2022-03-15,2042,N20,VIIRS,n,2,294.08,1.81,N,0
18.48065,80.55294,320.67,0.5,0.49,2022-03-15,2042,N20,VIIRS,n,2,294.66,2.82,N,0
18.48158,80.55569,320.05,0.5,0.49,2022-03-15,2042,N20,VIIRS,n,2,295.16,1.81,N,0
18.48406,80.55896,322.62,0.5,0.49,2022-03-15,2042,N20,VIIRS,n,2,295.14,2.82,N,0
18.48503,80.56171,305.38,0.5,0.49,2022-03-15,2042,N20,VIIRS,n,2,293.6,1.81,N,0
18.48504,80.55405,324.14,0.5,0.49,2022-03-15,2042,N20,VIIRS,n,2,295.1,2.82,N,0
18.48597,80.55683,323.3,0.5,0.49,2022-03-15,2042,N20,VIIRS,n,2,295.63,1.81,N,0
18.48652,78.0455,305.0,0.53,0.42,2022-03-15,2042,N20,VIIRS,n,2,293.84,1.23,N,0
18.48687,80.55212,305.42,0.5,0.49,2022-03-15,2042,N20,VIIRS,n,2,294.08,2.74,N,0
18.49761,78.02754,309.88,0.53,0.42,2022-03-15,2042,N20,VIIRS,n,2,295.28,2.93,N,0
18.49939,80.71537,307.36,0.51,0.49,2022-03-15,2042,N20,VIIRS,n,2,294.84,2.22,N,0
18.50362,78.11814,316.2,0.53,0.42,2022-03-15,2042,N20,VIIRS,n,2,296.38,1.4,N,0
18.50528,78.1164,325.07,0.53,0.42,2022-03-15,2042,N20,VIIRS,n,2,297.05,2.46,N,0
18.50558,78.12883,306.24,0.53,0.42,2022-03-15,2042,N20,VIIRS,n,2,295.66,1.7,N,0
18.50649,78.12393,304.84,0.53,0.42,2022-03-15,2042,N20,VIIRS,n,2,294.75,1.4,N,0
18.5073,78.12714,311.03,0.53,0.42,2022-03-15,2042,N20,VIIRS,n,2,295.79,2.44,N,0
18.50741,78.11899,313.21,0.53,0.42,2022-03-15,2042,N20,VIIRS,n,2,296.02,1.4,N,0
18.50833,78.11403,310.16,0.53,0.42,2022-03-15,2042,N20,VIIRS,n,2,296.25,3.31,N,0
18.50907,78.11726,307.88,0.53,0.42,2022-03-15,2042,N20,VIIRS,n,2,295.93,2.46,N,0
18.51303,78.10992,310.93,0.53,0.42,2022-03-15,2042,N20,VIIRS,n,2,296.22,2.37,N,0
18.51327,78.47705,305.42,0.56,0.43,2022-03-15,2042,N20,VIIRS,n,2,293.86,2.13,N,0
18.51374,78.11314,310.29,0.53,0.42,2022-03-15,2042,N20,VIIRS,n,2,295.95,1.25,N,0
18.52889,78.47971,319.17,0.56,0.43,2022-03-15,2042,N20,VIIRS,n,2,295.94,4.4,N,0
18.53182,78.48576,308.7,0.56,0.43,2022-03-15,2042,N20,VIIRS,n,2,295.65,3.4,N,0
18.5339,80.63402,307.16,0.5,0.49,2022-03-15,2042,N20,VIIRS,n,2,294.85,2.04,N,0
18.54268,80.5418,307.7,0.49,0.49,2022-03-15,2042,N20,VIIRS,n,2,295.02,1.33,N,0
18.5471,80.5427,309.44,0.49,0.49,2022-03-15,2042,N20,VIIRS,n,2,295.12,1.67,N,0
18.5515,80.5437,311.92,0.49,0.49,2022-03-15,2042,N20,VIIRS,n,2,295.21,1.67,N,0
18.55222,80.63492,306.64,0.5,0.49,2022-03-15,2042,N20,VIIRS,n,2,294.97,2.76,N,0
18.55589,80.54477,307.42,0.49,0.49,2022-03-15,2042,N20,VIIRS,n,2,293.61,1.33,N,0
18.55681,80.54002,311.84,0.49,0.49,2022-03-15,2042,N20,VIIRS,n,2,294.62,1.33,N,0
18.55841,80.65071,307.31,0.5,0.49,2022-03-15,2042,N20,VIIRS,n,2,295.13,3.3,N,0
18.56462,80.64249,312.18,0.5,0.49,2022-03-15,2042,N20,VIIRS,n,2,295.91,3.4,N,0
18.57523,78.07113,311.79,0.53,0.42,2022-03-15,2042,N20,VIIRS,n,2,295.08,3.55,N,0
18.57744,80.63947,305.2,0.5,0.49,2022-03-15,2042,N20,VIIRS,n,2,293.98,1.83,N,0
18.57864,78.69429,308.01,0.57,0.43,2022-03-15,2042,N20,VIIRS,n,2,294.75,1.91,N,0
18.5788,80.52129,315.78,0.49,0.49,2022-03-15,2042,N20,VIIRS,n,2,295.08,1.45,N,0
18.57903,78.07185,334.85,0.53,0.42,2022-03-15,2042,N20,VIIRS,n,2,298.03,3.55,N,0
18.57924,78.09242,313.87,0.53,0.42,2022-03-15,2042,N20,VIIRS,n,2,296.39,2.88,N,0
18.57963,80.51699,303.78,0.49,0.49,2022-03-15,2042,N20,VIIRS,n,2,293.54,1.45,N,0
18.58191,78.07767,317.04,0.53,0.42,2022-03-15,2042,N20,VIIRS,n,2,296.1,2.02,N,0
18.5828,78.07271,317.38,0.53,0.42,2022-03-15,2042,N20,VIIRS,n,2,296.6,2.02,N,0
18.58457,78.0629,307.9,0.53,0.42,2022-03-15,2042,N20,VIIRS,n,2,295.74,3.07,N,0
18.58568,78.0785,315.76,0.53,0.42,2022-03-15,2042,N20,VIIRS,n,2,295.95,2.02,N,0
18.58657,78.07357,313.9,0.53,0.42,2022-03-15,2042,N20,VIIRS,n,2,295.82,2.02,N,0
18.59303,78.05952,309.88,0.53,0.42,2022-03-15,2042,N20,VIIRS,n,2,295.16,1.57,N,0
18.59351,79.45277,307.27,0.42,0.45,2022-03-15,2042,N20,VIIRS,n,2,296.58,1.28,N,0
18.59593,78.06524,320.86,0.53,0.42,2022-03-15,2042,N20,VIIRS,n,2,296.33,3.97,N,0
18.59608,79.45185,309.57,0.42,0.45,2022-03-15,2042,N20,VIIRS,n,2,296.87,1.69,N,0
18.59682,78.0603,310.86,0.53,0.42,2022-03-15,2042,N20,VIIRS,n,2,295.97,1.57,N,0
18.59882,78.84171,305.33,0.39,0.44,2022-03-15,2042,N20,VIIRS,n,2,294.49,1.66,N,0
18.59933,78.86082,308.53,0.39,0.44,2022-03-15,2042,N20,VIIRS,n,2,294.0,1.43,N,0
18.60438,78.06189,310.18,0.53,0.42,2022-03-15,2042,N20,VIIRS,n,2,294.94,1.97,N,0
18.6185,80.61884,306.05,0.5,0.49,2022-03-15,2042,N20,VIIRS,n,2,295.33,2.48,N,0
18.62223,78.76106,308.31,0.38,0.43,2022-03-15,2042,N20,VIIRS,n,2,295.47,1.44,N,0
18.62292,78.75741,309.16,0.38,0.43,2022-03-15,2042,N20,VIIRS,n,2,294.58,2.11,N,0
18.6236,78.75378,311.46,0.38,0.43,2022-03-15,2042,N20,VIIRS,n,2,295.65,2.11,N,0
18.63298,78.53024,308.59,0.56,0.43,2022-03-15,2042,N20,VIIRS,n,2,295.19,3.07,N,0
18.64125,78.79076,309.14,0.38,0.44,2022-03-15,2042,N20,VIIRS,n,2,295.48,1.8,N,0
18.64463,78.03198,312.44,0.52,0.42,2022-03-15,2042,N20,VIIRS,n,2,296.41,2.25,N,0
18.64474,80.48539,309.81,0.49,0.48,2022-03-15,2042,N20,VIIRS,n,2,293.88,1.84,N,0
18.64553,78.0271,306.97,0.52,0.42,2022-03-15,2042,N20,VIIRS,n,2,295.86,2.47,N,0
18.64581,78.78823,307.88,0.38,0.43,2022-03-15,2042,N20,VIIRS,n,2,295.93,1.95,N,0
18.66045,80.52206,306.78,0.49,0.49,2022-03-15,2042,N20,VIIRS,n,2,293.92,1.48,N,0
18.6717,80.34776,311.88,0.48,0.48,2022-03-15,2042,N20,VIIRS,n,2,295.72,2.23,N,0
18.67609,80.34849,307.77,0.48,0.48,2022-03-15,2042,N20,VIIRS,n,2,295.21,1.85,N,0
18.67691,80.34425,312.4,0.48,0.48,2022-03-15,2042,N20,VIIRS,n,2,295.62,2.04,N,0
18.68979,78.77174,308.23,0.38,0.43,2022-03-15,2042,N20,VIIRS,n,2,293.41,1.09,N,0
18.69052,78.85727,308.89,0.39,0.44,2022-03-15,2042,N20,VIIRS,n,2,295.38,1.12,N,0
18.69714,78.84353,308.35,0.39,0.44,2022-03-15,2042,N20,VIIRS,n,2,296.67,2.06,N,0
18.69779,78.83993,307.94,0.39,0.44,2022-03-15,2042,N20,VIIRS,n,2,296.48,2.81,N,0
18.70684,78.18736,310.72,0.53,0.42,2022-03-15,2042,N20,VIIRS,n,2,294.33,1.71,N,0
18.70707,78.19967,306.71,0.53,0.42,2022-03-15,2042,N20,VIIRS,n,2,293.57,0.75,N,0
18.70888,78.19801,304.36,0.53,0.42,2022-03-15,2042,N20,VIIRS,n,2,292.48,0.77,N,0
18.70957,80.26911,307.73,0.47,0.48,2022-03-15,2042,N20,VIIRS,n,2,295.05,1.25,N,0
18.7139,80.27,309.7,0.47,0.48,2022-03-15,2042,N20,VIIRS,n,2,295.9,1.25,N,0
18.72345,79.53577,322.37,0.42,0.46,2022-03-15,2042,N20,VIIRS,n,2,297.99,3.81,N,0
18.73567,79.27139,307.8,0.41,0.45,2022-03-15,2042,N20,VIIRS,n,2,295.71,1.04,N,0
18.73608,79.27215,308.42,0.41,0.45,2022-03-15,2042,N20,VIIRS,n,2,295.85,1.25,N,0
18.7443,78.51768,303.82,0.55,0.43,2022-03-15,2042,N20,VIIRS,n,2,293.79,2.04,N,0
18.75597,78.51984,306.87,0.55,0.43,2022-03-15,2042,N20,VIIRS,n,2,294.12,2.61,N,0
18.75638,78.52139,306.97,0.55,0.43,2022-03-15,2042,N20,VIIRS,n,2,294.24,1.62,N,0
18.92486,78.93932,307.02,0.39,0.44,2022-03-15,2042,N20,VIIRS,n,2,294.44,1.02,N,0
19.10792,78.40655,316.62,0.54,0.42,2022-03-15,2042,N20,VIIRS,n,2,295.57,3.21,N,0
