latitude,longitude,bright_ti4,scan,track,acq_date,acq_time,satellite,instrument,confidence,version,bright_ti5,frp,daynight,type
15.53271,78.51339,342.83,0.39,0.36,2025-05-09,802,N20,VIIRS,n,2,309.6,3.62,D,0
15.53334,78.60897,348.33,0.39,0.36,2025-05-09,802,N20,VIIRS,n,2,309.66,7.27,D,0
15.53452,78.59405,337.95,0.39,0.36,2025-05-09,802,N20,VIIRS,l,2,310.31,4.28,D,0
15.53665,78.60845,335.83,0.39,0.36,2025-05-09,802,N20,VIIRS,l,2,310.75,5.67,D,0
15.54783,77.0466,340.74,0.39,0.36,2025-05-09,802,N20,VIIRS,l,2,314.38,7.45,D,0
15.55419,78.52103,340.77,0.39,0.36,2025-05-09,802,N20,VIIRS,n,2,309.58,2.85,D,0
15.5575,78.5205,337.17,0.39,0.36,2025-05-09,802,N20,VIIRS,l,2,310.63,2.01,D,0
15.55804,78.52409,343.23,0.39,0.36,2025-05-09,802,N20,VIIRS,n,2,310.05,3.46,D,0
15.56567,78.52977,336.76,0.39,0.36,2025-05-09,802,N20,VIIRS,l,2,309.68,1.97,D,0
15.57522,78.59457,340.89,0.39,0.36,2025-05-09,802,N20,VIIRS,n,2,308.13,2.79,D,0
15.60425,78.53841,347.18,0.39,0.36,2025-05-09,802,N20,VIIRS,n,2,309.31,4.72,D,0
15.63653,77.02715,342.94,0.39,0.36,2025-05-09,802,N20,VIIRS,l,2,316.23,6.95,D,0
15.66616,77.954,342.89,0.38,0.36,2025-05-09,802,N20,VIIRS,l,2,315.42,6.1,D,0
15.73724,78.56525,338.0,0.39,0.36,2025-05-09,802,N20,VIIRS,l,2,308.24,3.15,D,0
15.78822,78.38297,336.02,0.39,0.36,2025-05-09,802,N20,VIIRS,l,2,308.46,2.65,D,0
15.83145,78.19644,342.44,0.39,0.36,2025-05-09,802,N20,VIIRS,l,2,316.1,8.0,D,0
15.86502,78.5809,340.31,0.39,0.36,2025-05-09,802,N20,VIIRS,l,2,311.73,5.12,D,0
15.88608,78.26456,340.89,0.39,0.36,2025-05-09,802,N20,VIIRS,l,2,315.02,6.37,D,0
15.93506,78.38903,345.61,0.39,0.36,2025-05-09,802,N20,VIIRS,n,2,313.33,4.28,D,0
15.93559,78.39262,340.15,0.39,0.36,2025-05-09,802,N20,VIIRS,l,2,313.39,4.28,D,0
16.03857,80.80236,347.85,0.46,0.39,2025-05-09,802,N20,VIIRS,n,2,300.7,7.53,D,0
16.04157,80.79757,338.49,0.46,0.39,2025-05-09,802,N20,VIIRS,n,2,300.21,7.53,D,0
16.04216,80.80183,348.71,0.46,0.39,2025-05-09,802,N20,VIIRS,n,2,301.27,7.53,D,0
16.06546,80.81149,337.04,0.46,0.39,2025-05-09,802,N20,VIIRS,n,2,298.95,2.82,D,0
16.06605,80.81577,335.41,0.46,0.39,2025-05-09,802,N20,VIIRS,n,2,290.15,2.82,D,0
16.06857,80.41781,346.45,0.44,0.38,2025-05-09,802,N20,VIIRS,n,2,307.39,11.84,D,0
16.12272,79.84978,337.35,0.42,0.38,2025-05-09,802,N20,VIIRS,l,2,308.56,5.74,D,0
16.12327,79.85369,335.56,0.42,0.38,2025-05-09,802,N20,VIIRS,l,2,307.21,2.95,D,0
16.13746,80.57678,347.71,0.45,0.39,2025-05-09,802,N20,VIIRS,n,2,305.78,13.1,D,0
16.14185,80.47854,341.97,0.44,0.39,2025-05-09,802,N20,VIIRS,n,2,310.27,9.21,D,0
16.15687,80.63811,345.16,0.45,0.39,2025-05-09,802,N20,VIIRS,n,2,304.33,10.86,D,0
16.15746,80.64232,344.23,0.45,0.39,2025-05-09,802,N20,VIIRS,n,2,306.24,6.98,D,0
16.15804,80.64652,339.58,0.45,0.39,2025-05-09,802,N20,VIIRS,n,2,303.7,6.98,D,0
16.16102,80.6418,337.85,0.45,0.39,2025-05-09,802,N20,VIIRS,n,2,305.36,6.16,D,0
16.16451,79.87148,350.09,0.42,0.38,2025-05-09,802,N20,VIIRS,n,2,307.46,13.03,D,0
16.16463,80.61554,340.88,0.45,0.39,2025-05-09,802,N20,VIIRS,n,2,305.68,7.14,D,0
16.17096,80.7396,338.38,0.46,0.39,2025-05-09,802,N20,VIIRS,n,2,300.4,12.6,D,0
16.19475,80.41682,344.63,0.44,0.39,2025-05-09,802,N20,VIIRS,n,2,308.98,11.34,D,0
16.25081,80.58679,341.5,0.45,0.39,2025-05-09,802,N20,VIIRS,n,2,301.02,2.53,D,0
16.27686,80.61728,335.12,0.45,0.39,2025-05-09,802,N20,VIIRS,n,2,301.13,2.8,D,0
15.94372,77.12247,349.02,0.39,0.36,2025-05-09,803,N20,VIIRS,l,2,314.03,12.57,D,0
15.96818,77.88527,343.91,0.38,0.36,2025-05-09,803,N20,VIIRS,l,2,316.94,10.23,D,0
16.21246,79.86837,341.88,0.42,0.38,2025-05-09,803,N20,VIIRS,n,2,307.01,4.63,D,0
16.21591,79.86784,351.56,0.42,0.38,2025-05-09,803,N20,VIIRS,n,2,305.91,4.63,D,0
16.22725,79.23125,341.87,0.4,0.37,2025-05-09,803,N20,VIIRS,n,2,309.07,8.98,D,0
16.22881,78.44834,345.28,0.39,0.36,2025-05-09,803,N20,VIIRS,n,2,313.78,5.76,D,0
16.2542,78.55165,347.43,0.39,0.36,2025-05-09,803,N20,VIIRS,n,2,310.52,6.64,D,0
16.26484,77.24356,339.06,0.38,0.36,2025-05-09,803,N20,VIIRS,l,2,313.67,11.11,D,0
16.33728,77.27556,342.82,0.38,0.36,2025-05-09,803,N20,VIIRS,l,2,317.64,11.89,D,0
16.3784,78.44977,347.23,0.39,0.36,2025-05-09,803,N20,VIIRS,n,2,309.33,8.75,D,0
16.38683,77.32944,344.89,0.38,0.36,2025-05-09,803,N20,VIIRS,n,2,311.55,9.31,D,0
16.40542,77.38483,341.25,0.38,0.36,2025-05-09,803,N20,VIIRS,l,2,316.08,9.4,D,0
16.43293,77.32188,341.36,0.38,0.36,2025-05-09,803,N20,VIIRS,l,2,315.32,10.39,D,0
16.43347,77.32545,346.88,0.38,0.36,2025-05-09,803,N20,VIIRS,n,2,314.56,12.19,D,0
16.43398,77.08311,343.25,0.39,0.36,2025-05-09,803,N20,VIIRS,l,2,317.58,10.82,D,0
16.47836,78.41496,348.27,0.39,0.36,2025-05-09,803,N20,VIIRS,n,2,310.79,10.36,D,0
16.48128,80.71483,332.97,0.46,0.39,2025-05-09,803,N20,VIIRS,n,2,302.41,1.73,D,0
16.48136,80.03954,339.77,0.43,0.38,2025-05-09,803,N20,VIIRS,n,2,304.03,4.27,D,0
16.49441,79.61086,340.84,0.42,0.37,2025-05-09,803,N20,VIIRS,n,2,308.43,11.45,D,0
16.49496,79.61474,341.92,0.42,0.37,2025-05-09,803,N20,VIIRS,n,2,309.28,14.38,D,0
16.51563,79.48944,341.24,0.41,0.37,2025-05-09,803,N20,VIIRS,n,2,310.7,10.58,D,0
16.52664,79.44463,344.88,0.41,0.37,2025-05-09,803,N20,VIIRS,n,2,312.44,13.02,D,0
16.53232,80.43236,335.81,0.45,0.39,2025-05-09,803,N20,VIIRS,l,2,306.11,8.88,D,0
16.53536,78.29477,338.34,0.39,0.36,2025-05-09,803,N20,VIIRS,n,2,307.62,8.91,D,0
16.54185,80.00175,337.12,0.43,0.38,2025-05-09,803,N20,VIIRS,n,2,306.73,7.0,D,0
16.5446,80.46891,337.51,0.45,0.39,2025-05-09,803,N20,VIIRS,n,2,301.94,2.79,D,0
16.54838,79.76998,345.68,0.42,0.38,2025-05-09,803,N20,VIIRS,n,2,304.94,13.94,D,0
16.59292,80.60795,337.17,0.45,0.39,2025-05-09,803,N20,VIIRS,n,2,303.32,5.41,D,0
16.59889,77.18403,341.33,0.38,0.36,2025-05-09,803,N20,VIIRS,l,2,315.6,9.67,D,0
16.61262,77.16344,348.2,0.38,0.36,2025-05-09,803,N20,VIIRS,n,2,317.32,20.78,D,0
16.62375,80.88468,332.38,0.47,0.4,2025-05-09,803,N20,VIIRS,n,2,297.25,2.9,D,0
16.63018,79.68179,338.41,0.42,0.38,2025-05-09,803,N20,VIIRS,l,2,308.61,5.95,D,0
16.63701,78.77881,337.31,0.4,0.37,2025-05-09,803,N20,VIIRS,l,2,309.37,4.57,D,0
16.67865,80.6563,334.86,0.46,0.39,2025-05-09,803,N20,VIIRS,n,2,299.74,3.31,D,0
16.73489,77.12015,342.32,0.38,0.36,2025-05-09,803,N20,VIIRS,l,2,313.31,6.04,D,0
16.7685,78.65612,339.37,0.39,0.36,2025-05-09,803,N20,VIIRS,n,2,308.92,7.86,D,0
16.78495,77.0456,339.81,0.39,0.36,2025-05-09,803,N20,VIIRS,l,2,314.47,7.16,D,0
16.78735,78.80784,346.65,0.4,0.37,2025-05-09,803,N20,VIIRS,n,2,312.83,13.87,D,0
16.78985,80.23111,337.57,0.44,0.38,2025-05-09,803,N20,VIIRS,n,2,303.19,3.09,D,0
16.81208,79.3856,337.89,0.41,0.37,2025-05-09,803,N20,VIIRS,l,2,308.36,2.78,D,0
16.81492,79.99882,343.03,0.43,0.38,2025-05-09,803,N20,VIIRS,n,2,308.91,6.91,D,0
16.82891,79.18814,340.61,0.41,0.37,2025-05-09,803,N20,VIIRS,n,2,310.47,7.83,D,0
16.82961,80.39037,337.68,0.45,0.39,2025-05-09,803,N20,VIIRS,n,2,302.54,2.56,D,0
16.83724,79.90524,335.34,0.43,0.38,2025-05-09,803,N20,VIIRS,l,2,305.38,1.62,D,0
16.84072,79.90472,336.88,0.43,0.38,2025-05-09,803,N20,VIIRS,n,2,304.8,1.62,D,0
16.84806,80.1847,336.61,0.44,0.38,2025-05-09,803,N20,VIIRS,l,2,307.85,10.92,D,0
16.85082,78.50058,343.01,0.39,0.36,2025-05-09,803,N20,VIIRS,l,2,313.88,8.86,D,0
16.89417,80.30849,341.28,0.44,0.39,2025-05-09,803,N20,VIIRS,n,2,307.87,7.89,D,0
16.89493,80.18242,339.83,0.44,0.38,2025-05-09,803,N20,VIIRS,n,2,309.36,9.62,D,0
16.89549,80.18653,339.33,0.44,0.38,2025-05-09,803,N20,VIIRS,n,2,306.69,9.62,D,0
16.92173,79.93791,333.81,0.43,0.38,2025-05-09,803,N20,VIIRS,l,2,304.29,4.18,D,0
16.9223,79.94193,340.63,0.43,0.38,2025-05-09,803,N20,VIIRS,n,2,302.97,4.18,D,0
16.96358,80.34135,335.42,0.45,0.39,2025-05-09,803,N20,VIIRS,n,2,303.96,4.5,D,0
16.96406,79.94863,341.45,0.43,0.38,2025-05-09,803,N20,VIIRS,n,2,307.7,5.29,D,0
16.96429,79.07771,343.54,0.4,0.37,2025-05-09,803,N20,VIIRS,n,2,312.13,7.18,D,0
16.96755,79.9481,347.58,0.43,0.38,2025-05-09,803,N20,VIIRS,n,2,307.75,4.7,D,0
16.96902,80.07121,348.31,0.44,0.38,2025-05-09,803,N20,VIIRS,n,2,307.81,7.96,D,0
16.97103,79.94757,339.13,0.43,0.38,2025-05-09,803,N20,VIIRS,n,2,306.63,4.7,D,0
16.97462,80.02554,335.56,0.43,0.38,2025-05-09,803,N20,VIIRS,n,2,305.37,2.77,D,0
16.97896,79.97934,342.04,0.43,0.38,2025-05-09,803,N20,VIIRS,n,2,309.52,10.92,D,0
16.97952,79.98338,341.1,0.43,0.38,2025-05-09,803,N20,VIIRS,n,2,309.06,10.92,D,0
16.98246,79.97882,338.43,0.43,0.38,2025-05-09,803,N20,VIIRS,n,2,307.12,10.92,D,0
16.98301,79.98287,338.95,0.43,0.38,2025-05-09,803,N20,VIIRS,n,2,305.66,10.92,D,0
16.99089,78.34672,341.59,0.39,0.36,2025-05-09,803,N20,VIIRS,n,2,308.06,5.11,D,0
16.99436,80.30273,335.75,0.45,0.39,2025-05-09,803,N20,VIIRS,n,2,302.77,2.31,D,0
17.0047,80.06253,339.62,0.44,0.38,2025-05-09,803,N20,VIIRS,n,2,305.27,3.64,D,0
17.00723,80.23813,340.19,0.44,0.39,2025-05-09,803,N20,VIIRS,n,2,305.73,5.29,D,0
17.01443,80.21177,338.66,0.44,0.38,2025-05-09,803,N20,VIIRS,n,2,307.86,3.88,D,0
17.0334,80.29786,336.82,0.45,0.39,2025-05-09,803,N20,VIIRS,n,2,302.96,1.68,D,0
17.03648,80.26765,336.8,0.44,0.39,2025-05-09,803,N20,VIIRS,n,2,306.22,3.07,D,0
17.04366,79.19711,341.36,0.41,0.37,2025-05-09,803,N20,VIIRS,n,2,308.16,10.3,D,0
17.06468,80.28896,337.22,0.45,0.39,2025-05-09,803,N20,VIIRS,n,2,304.41,3.79,D,0
17.07703,80.2999,336.35,0.45,0.39,2025-05-09,803,N20,VIIRS,n,2,304.5,3.31,D,0
17.07714,80.01846,335.28,0.43,0.38,2025-05-09,803,N20,VIIRS,n,2,305.19,1.64,D,0
17.08411,80.29884,343.84,0.45,0.39,2025-05-09,803,N20,VIIRS,n,2,306.6,8.1,D,0
17.08967,80.18373,335.31,0.44,0.38,2025-05-09,803,N20,VIIRS,l,2,305.85,3.54,D,0
17.09072,80.24258,340.3,0.44,0.39,2025-05-09,803,N20,VIIRS,n,2,307.76,3.3,D,0
17.09788,80.19093,343.05,0.44,0.38,2025-05-09,803,N20,VIIRS,n,2,307.37,4.54,D,0
17.10315,80.20278,335.64,0.44,0.39,2025-05-09,803,N20,VIIRS,n,2,304.86,1.27,D,0
17.11066,80.15095,336.85,0.44,0.38,2025-05-09,803,N20,VIIRS,n,2,304.5,4.31,D,0
17.14168,80.71648,341.59,0.47,0.39,2025-05-09,803,N20,VIIRS,n,2,302.92,4.85,D,0
17.14307,77.88508,341.05,0.39,0.36,2025-05-09,803,N20,VIIRS,l,2,314.11,10.8,D,0
17.1447,80.71162,356.09,0.47,0.39,2025-05-09,803,N20,VIIRS,n,2,305.01,11.8,D,0
17.15134,80.23772,347.39,0.44,0.39,2025-05-09,803,N20,VIIRS,n,2,308.57,9.39,D,0
17.17015,80.24339,346.39,0.44,0.39,2025-05-09,803,N20,VIIRS,n,2,306.75,6.36,D,0
17.17188,80.25585,348.17,0.45,0.39,2025-05-09,803,N20,VIIRS,n,2,307.97,12.51,D,0
17.17204,80.20498,343.42,0.44,0.39,2025-05-09,803,N20,VIIRS,n,2,305.21,4.99,D,0
17.17586,80.1034,338.48,0.44,0.38,2025-05-09,803,N20,VIIRS,n,2,305.26,1.39,D,0
17.17891,80.04858,342.93,0.44,0.38,2025-05-09,803,N20,VIIRS,n,2,307.51,3.32,D,0
17.17937,80.10287,332.88,0.44,0.38,2025-05-09,803,N20,VIIRS,n,2,302.43,1.39,D,0
17.18079,79.98591,340.0,0.43,0.38,2025-05-09,803,N20,VIIRS,n,2,305.66,4.12,D,0
17.18242,80.04807,355.68,0.44,0.38,2025-05-09,803,N20,VIIRS,n,2,311.53,17.47,D,0
17.18283,79.55874,335.59,0.42,0.38,2025-05-09,803,N20,VIIRS,n,2,305.38,5.67,D,0
17.18926,79.5298,348.59,0.42,0.38,2025-05-09,803,N20,VIIRS,n,2,308.31,11.81,D,0
17.18982,79.5337,337.95,0.42,0.38,2025-05-09,803,N20,VIIRS,n,2,302.71,6.07,D,0
17.19159,79.3745,342.85,0.41,0.37,2025-05-09,803,N20,VIIRS,n,2,311.95,15.36,D,0
17.27042,79.19331,348.24,0.41,0.37,2025-05-09,803,N20,VIIRS,n,2,306.68,5.98,D,0
17.27381,79.19278,353.43,0.41,0.37,2025-05-09,803,N20,VIIRS,n,2,307.28,5.98,D,0
17.27666,79.18845,338.52,0.41,0.37,2025-05-09,803,N20,VIIRS,n,2,306.56,5.62,D,0
17.27721,79.19227,345.25,0.41,0.37,2025-05-09,803,N20,VIIRS,n,2,307.4,5.62,D,0
17.2795,79.18412,340.48,0.41,0.37,2025-05-09,803,N20,VIIRS,n,2,307.2,8.52,D,0
17.28061,79.19175,356.09,0.41,0.37,2025-05-09,803,N20,VIIRS,l,2,307.28,5.62,D,0
17.28116,79.19556,338.7,0.41,0.37,2025-05-09,803,N20,VIIRS,n,2,307.18,7.64,D,0
17.28345,79.18741,352.28,0.41,0.37,2025-05-09,803,N20,VIIRS,n,2,306.71,4.96,D,0
17.284,79.19124,353.0,0.41,0.37,2025-05-09,803,N20,VIIRS,n,2,306.76,4.96,D,0
17.28455,79.19505,338.3,0.41,0.37,2025-05-09,803,N20,VIIRS,n,2,307.46,6.42,D,0
17.28685,79.1869,343.85,0.41,0.37,2025-05-09,803,N20,VIIRS,n,2,306.92,4.96,D,0
17.2878,79.18705,345.41,0.41,0.37,2025-05-09,803,N20,VIIRS,n,2,307.59,7.35,D,0
17.30182,78.38615,337.54,0.39,0.36,2025-05-09,803,N20,VIIRS,l,2,308.19,2.59,D,0
17.30214,79.51262,339.32,0.42,0.38,2025-05-09,803,N20,VIIRS,n,2,307.29,7.3,D,0
17.30424,79.18066,344.44,0.41,0.37,2025-05-09,803,N20,VIIRS,n,2,305.53,7.13,D,0
17.31624,80.38558,339.91,0.45,0.39,2025-05-09,803,N20,VIIRS,n,2,303.85,2.51,D,0
17.32335,79.66232,340.56,0.42,0.38,2025-05-09,803,N20,VIIRS,n,2,307.1,10.47,D,0
17.32538,79.57726,343.89,0.42,0.38,2025-05-09,803,N20,VIIRS,n,2,309.27,9.39,D,0
17.33103,79.02872,355.33,0.4,0.37,2025-05-09,803,N20,VIIRS,n,2,310.34,12.56,D,0
17.34793,79.02612,334.95,0.4,0.37,2025-05-09,803,N20,VIIRS,n,2,303.48,2.85,D,0
17.34992,79.20887,337.7,0.41,0.37,2025-05-09,803,N20,VIIRS,l,2,308.13,4.21,D,0
17.35131,79.0256,337.67,0.4,0.37,2025-05-09,803,N20,VIIRS,n,2,307.24,2.85,D,0
17.36686,80.41777,332.56,0.45,0.39,2025-05-09,803,N20,VIIRS,l,2,303.75,2.84,D,0
17.36912,79.78567,345.72,0.43,0.38,2025-05-09,803,N20,VIIRS,n,2,306.27,9.15,D,0
17.37118,79.786,340.9,0.43,0.38,2025-05-09,803,N20,VIIRS,n,2,306.83,9.77,D,0
17.3732,81.25053,331.25,0.5,0.41,2025-05-09,803,N20,VIIRS,n,2,299.0,1.41,D,0
17.42125,79.71302,347.55,0.43,0.38,2025-05-09,803,N20,VIIRS,n,2,307.15,10.66,D,0
17.43056,80.86655,334.73,0.48,0.4,2025-05-09,803,N20,VIIRS,n,2,297.93,6.08,D,0
17.4378,79.28561,339.73,0.41,0.37,2025-05-09,803,N20,VIIRS,n,2,308.91,9.71,D,0
17.43811,78.29647,337.46,0.39,0.36,2025-05-09,803,N20,VIIRS,l,2,307.93,4.57,D,0
17.47609,79.35898,343.0,0.41,0.37,2025-05-09,803,N20,VIIRS,n,2,311.07,11.25,D,0
17.47944,78.91216,342.01,0.4,0.37,2025-05-09,803,N20,VIIRS,n,2,308.89,4.4,D,0
17.48829,79.54495,340.38,0.42,0.38,2025-05-09,803,N20,VIIRS,n,2,308.87,8.32,D,0
17.48965,79.87103,339.73,0.43,0.38,2025-05-09,803,N20,VIIRS,n,2,305.28,6.07,D,0
17.49739,79.55972,336.11,0.42,0.38,2025-05-09,803,N20,VIIRS,l,2,306.45,3.42,D,0
17.50084,79.5592,339.46,0.42,0.38,2025-05-09,803,N20,VIIRS,n,2,307.41,3.42,D,0
17.50429,79.55869,337.95,0.42,0.38,2025-05-09,803,N20,VIIRS,n,2,307.84,9.78,D,0
17.50596,79.57055,338.88,0.42,0.38,2025-05-09,803,N20,VIIRS,n,2,306.27,9.44,D,0
17.51118,79.55765,339.79,0.42,0.38,2025-05-09,803,N20,VIIRS,n,2,306.33,3.58,D,0
17.52413,79.75081,337.38,0.43,0.38,2025-05-09,803,N20,VIIRS,n,2,306.55,9.19,D,0
17.54958,79.7552,347.09,0.43,0.38,2025-05-09,803,N20,VIIRS,n,2,308.37,9.75,D,0
17.55305,79.75468,340.74,0.43,0.38,2025-05-09,803,N20,VIIRS,n,2,307.35,8.53,D,0
17.56192,79.86874,335.09,0.43,0.38,2025-05-09,803,N20,VIIRS,n,2,302.55,4.29,D,0
17.57869,79.56734,347.13,0.42,0.38,2025-05-09,803,N20,VIIRS,n,2,307.71,14.02,D,0
17.61584,79.83581,341.08,0.43,0.38,2025-05-09,803,N20,VIIRS,n,2,307.28,11.08,D,0
17.625,79.62112,338.87,0.42,0.38,2025-05-09,803,N20,VIIRS,n,2,304.58,3.87,D,0
17.62646,79.91309,338.53,0.44,0.38,2025-05-09,803,N20,VIIRS,n,2,306.34,5.93,D,0
17.63136,80.18636,335.2,0.45,0.39,2025-05-09,803,N20,VIIRS,n,2,304.58,3.57,D,0
17.63406,79.66051,338.3,0.43,0.38,2025-05-09,803,N20,VIIRS,n,2,305.58,4.22,D,0
17.63686,79.68051,336.86,0.43,0.38,2025-05-09,803,N20,VIIRS,l,2,307.08,5.93,D,0
17.63977,79.93196,345.98,0.44,0.38,2025-05-09,803,N20,VIIRS,n,2,306.45,10.5,D,0
17.64327,79.93143,340.8,0.44,0.38,2025-05-09,803,N20,VIIRS,n,2,305.81,4.46,D,0
17.66011,79.94979,335.45,0.44,0.38,2025-05-09,803,N20,VIIRS,n,2,304.93,2.56,D,0
17.66241,78.11476,343.77,0.39,0.36,2025-05-09,803,N20,VIIRS,l,2,316.45,8.76,D,0
17.66266,79.73804,338.57,0.43,0.38,2025-05-09,803,N20,VIIRS,n,2,307.43,6.72,D,0
17.6674,79.87358,336.57,0.43,0.38,2025-05-09,803,N20,VIIRS,n,2,303.54,5.8,D,0
17.69772,79.86076,343.94,0.43,0.38,2025-05-09,803,N20,VIIRS,n,2,307.16,6.78,D,0
17.74661,79.74213,338.85,0.43,0.38,2025-05-09,803,N20,VIIRS,n,2,307.87,7.37,D,0
17.75372,79.84448,339.81,0.43,0.38,2025-05-09,803,N20,VIIRS,n,2,305.28,5.66,D,0
17.75885,78.59209,339.83,0.4,0.37,2025-05-09,803,N20,VIIRS,l,2,309.96,7.17,D,0
17.75939,78.59581,345.15,0.4,0.37,2025-05-09,803,N20,VIIRS,n,2,306.94,5.13,D,0
17.76046,79.58864,347.2,0.42,0.38,2025-05-09,803,N20,VIIRS,n,2,307.66,11.73,D,0
17.78125,79.78641,336.91,0.43,0.38,2025-05-09,803,N20,VIIRS,n,2,304.25,3.16,D,0
17.83089,78.19942,340.14,0.39,0.36,2025-05-09,803,N20,VIIRS,l,2,311.63,10.68,D,0
17.84411,77.03819,346.83,0.38,0.36,2025-05-09,803,N20,VIIRS,l,2,317.09,16.53,D,0
17.85747,79.58266,340.74,0.42,0.38,2025-05-09,803,N20,VIIRS,n,2,308.08,5.24,D,0
17.85891,79.17316,340.2,0.41,0.37,2025-05-09,803,N20,VIIRS,n,2,307.79,4.05,D,0
17.86859,79.16771,341.18,0.41,0.37,2025-05-09,803,N20,VIIRS,n,2,309.28,6.14,D,0
17.87767,79.28153,342.54,0.42,0.37,2025-05-09,803,N20,VIIRS,n,2,306.72,3.5,D,0
17.88425,79.69734,347.59,0.43,0.38,2025-05-09,803,N20,VIIRS,n,2,307.56,10.0,D,0
17.89966,78.67324,338.34,0.4,0.37,2025-05-09,803,N20,VIIRS,l,2,309.61,5.05,D,0
17.91349,79.8546,337.24,0.44,0.38,2025-05-09,803,N20,VIIRS,n,2,306.96,3.57,D,0
17.91414,78.44244,349.43,0.4,0.37,2025-05-09,803,N20,VIIRS,n,2,312.15,10.92,D,0
17.92342,79.84893,339.93,0.44,0.38,2025-05-09,803,N20,VIIRS,n,2,305.63,6.59,D,0
17.92447,79.84921,341.46,0.44,0.38,2025-05-09,803,N20,VIIRS,n,2,306.28,8.68,D,0
17.92762,78.99008,339.28,0.41,0.37,2025-05-09,803,N20,VIIRS,l,2,309.31,9.29,D,0
17.94212,78.42952,340.27,0.4,0.37,2025-05-09,803,N20,VIIRS,l,2,311.72,5.39,D,0
17.97585,78.56863,337.05,0.4,0.37,2025-05-09,803,N20,VIIRS,n,2,303.67,5.2,D,0
17.98982,78.33496,339.66,0.39,0.36,2025-05-09,803,N20,VIIRS,l,2,313.1,7.52,D,0
18.00631,79.77024,341.78,0.43,0.38,2025-05-09,803,N20,VIIRS,n,2,308.88,9.68,D,0
18.0099,80.73928,335.07,0.48,0.4,2025-05-09,803,N20,VIIRS,n,2,302.1,2.4,D,0
18.01051,80.74378,335.75,0.48,0.4,2025-05-09,803,N20,VIIRS,n,2,301.21,2.19,D,0
18.01393,79.63348,340.6,0.43,0.38,2025-05-09,803,N20,VIIRS,n,2,309.4,6.34,D,0
18.03061,79.65152,341.08,0.43,0.38,2025-05-09,803,N20,VIIRS,n,2,310.93,14.05,D,0
18.03127,78.38506,337.58,0.39,0.37,2025-05-09,803,N20,VIIRS,l,2,310.87,6.71,D,0
18.03228,79.76714,343.06,0.43,0.38,2025-05-09,803,N20,VIIRS,n,2,308.25,10.28,D,0
18.03486,78.22613,341.78,0.39,0.36,2025-05-09,803,N20,VIIRS,l,2,312.9,5.26,D,0
18.03648,79.74577,335.92,0.43,0.38,2025-05-09,803,N20,VIIRS,l,2,306.12,7.4,D,0
18.04205,78.22875,343.12,0.39,0.36,2025-05-09,803,N20,VIIRS,n,2,310.44,6.22,D,0
18.04259,78.23243,339.95,0.39,0.36,2025-05-09,803,N20,VIIRS,l,2,311.98,7.99,D,0
18.04327,79.66611,345.52,0.43,0.38,2025-05-09,803,N20,VIIRS,n,2,311.94,17.44,D,0
18.0519,78.13326,341.33,0.39,0.36,2025-05-09,803,N20,VIIRS,l,2,312.83,7.52,D,0
18.05658,78.98902,343.06,0.41,0.37,2025-05-09,803,N20,VIIRS,n,2,307.64,2.89,D,0
18.06963,78.71885,338.81,0.4,0.37,2025-05-09,803,N20,VIIRS,l,2,309.44,2.78,D,0
18.07287,79.6493,342.09,0.43,0.38,2025-05-09,803,N20,VIIRS,n,2,306.2,9.19,D,0
18.07362,79.75681,349.57,0.43,0.38,2025-05-09,803,N20,VIIRS,n,2,308.41,9.1,D,0
18.07371,79.57943,349.26,0.43,0.38,2025-05-09,803,N20,VIIRS,n,2,313.41,32.73,D,0
18.07676,78.14054,338.69,0.39,0.36,2025-05-09,803,N20,VIIRS,l,2,311.46,7.75,D,0
18.07757,79.91502,346.18,0.44,0.38,2025-05-09,803,N20,VIIRS,n,2,307.54,8.74,D,0
18.07947,78.51049,335.74,0.4,0.37,2025-05-09,803,N20,VIIRS,l,2,308.01,2.75,D,0
18.08008,78.14,340.56,0.39,0.36,2025-05-09,803,N20,VIIRS,l,2,313.68,5.4,D,0
18.10277,78.06474,342.68,0.39,0.36,2025-05-09,803,N20,VIIRS,l,2,313.37,7.42,D,0
18.10331,78.06839,355.19,0.39,0.36,2025-05-09,803,N20,VIIRS,n,2,314.35,7.42,D,0
18.10588,78.19973,349.93,0.39,0.36,2025-05-09,803,N20,VIIRS,n,2,312.24,7.46,D,0
18.10642,78.2034,348.93,0.39,0.36,2025-05-09,803,N20,VIIRS,n,2,310.05,7.46,D,0
18.12,78.15948,346.28,0.39,0.36,2025-05-09,803,N20,VIIRS,n,2,314.17,4.33,D,0
18.12053,78.16315,340.48,0.39,0.36,2025-05-09,803,N20,VIIRS,l,2,312.82,4.33,D,0
18.12332,78.15895,343.07,0.39,0.36,2025-05-09,803,N20,VIIRS,l,2,314.23,8.19,D,0
18.12915,79.50529,338.96,0.42,0.38,2025-05-09,803,N20,VIIRS,n,2,307.52,6.12,D,0
18.12946,79.66111,339.04,0.43,0.38,2025-05-09,803,N20,VIIRS,n,2,305.77,3.44,D,0
18.13092,78.07143,337.84,0.39,0.36,2025-05-09,803,N20,VIIRS,l,2,311.64,4.73,D,0
18.13146,78.07509,338.46,0.39,0.36,2025-05-09,803,N20,VIIRS,l,2,313.29,4.41,D,0
18.13261,79.50477,341.12,0.42,0.38,2025-05-09,803,N20,VIIRS,n,2,308.39,3.88,D,0
18.13607,79.50425,335.14,0.42,0.38,2025-05-09,803,N20,VIIRS,l,2,306.18,3.88,D,0
18.14617,79.67928,341.06,0.43,0.38,2025-05-09,803,N20,VIIRS,n,2,309.01,6.83,D,0
18.16075,78.20564,341.98,0.39,0.36,2025-05-09,803,N20,VIIRS,l,2,314.2,7.48,D,0
18.16408,78.2051,341.95,0.39,0.36,2025-05-09,803,N20,VIIRS,l,2,314.39,9.16,D,0
18.16797,79.73406,348.75,0.43,0.38,2025-05-09,803,N20,VIIRS,n,2,309.61,10.94,D,0
18.16814,78.16306,340.87,0.39,0.36,2025-05-09,803,N20,VIIRS,l,2,313.5,7.47,D,0
18.17123,79.78354,344.65,0.44,0.38,2025-05-09,803,N20,VIIRS,n,2,307.77,10.41,D,0
18.18391,79.66943,340.36,0.43,0.38,2025-05-09,803,N20,VIIRS,n,2,307.81,7.62,D,0
18.18533,78.00281,347.14,0.39,0.36,2025-05-09,803,N20,VIIRS,n,2,315.15,9.42,D,0
18.18587,78.00646,340.67,0.39,0.36,2025-05-09,803,N20,VIIRS,l,2,313.83,4.19,D,0
18.18641,78.01012,339.91,0.39,0.36,2025-05-09,803,N20,VIIRS,l,2,312.47,4.19,D,0
18.18864,78.00227,341.64,0.39,0.36,2025-05-09,803,N20,VIIRS,l,2,312.62,6.45,D,0
18.18918,78.00593,351.64,0.39,0.36,2025-05-09,803,N20,VIIRS,n,2,313.12,5.39,D,0
18.18972,78.00957,339.19,0.39,0.36,2025-05-09,803,N20,VIIRS,l,2,311.06,5.39,D,0
18.19507,78.95609,338.03,0.41,0.37,2025-05-09,803,N20,VIIRS,n,2,306.21,5.63,D,0
18.19813,79.5685,348.21,0.43,0.38,2025-05-09,803,N20,VIIRS,n,2,313.6,17.58,D,0
18.20915,79.77369,335.94,0.43,0.38,2025-05-09,803,N20,VIIRS,l,2,308.38,3.53,D,0
18.21795,79.41511,340.17,0.42,0.38,2025-05-09,803,N20,VIIRS,n,2,308.03,10.23,D,0
18.22174,78.01937,340.72,0.39,0.36,2025-05-09,803,N20,VIIRS,l,2,312.94,4.38,D,0
18.23492,78.15611,335.49,0.39,0.36,2025-05-09,803,N20,VIIRS,l,2,309.37,1.65,D,0
18.24361,77.93733,345.25,0.39,0.36,2025-05-09,803,N20,VIIRS,n,2,307.88,4.76,D,0
18.24451,77.98951,337.81,0.39,0.36,2025-05-09,803,N20,VIIRS,l,2,309.09,5.3,D,0
18.25766,79.39693,338.05,0.42,0.38,2025-05-09,803,N20,VIIRS,l,2,309.7,4.84,D,0
18.26111,79.3964,353.96,0.42,0.38,2025-05-09,803,N20,VIIRS,n,2,311.08,6.21,D,0
18.26455,79.39587,345.29,0.42,0.38,2025-05-09,803,N20,VIIRS,n,2,309.81,6.21,D,0
18.26625,79.68685,337.31,0.43,0.38,2025-05-09,803,N20,VIIRS,n,2,305.13,3.54,D,0
18.28036,78.00244,338.67,0.39,0.36,2025-05-09,803,N20,VIIRS,l,2,312.02,3.83,D,0
18.2899,78.1134,336.52,0.39,0.36,2025-05-09,803,N20,VIIRS,l,2,308.54,2.35,D,0
18.2914,78.40443,338.11,0.4,0.37,2025-05-09,803,N20,VIIRS,l,2,309.32,2.7,D,0
18.30552,78.47852,338.25,0.4,0.37,2025-05-09,803,N20,VIIRS,l,2,310.22,4.66,D,0
18.30645,79.24849,338.16,0.42,0.37,2025-05-09,803,N20,VIIRS,l,2,308.25,3.25,D,0
18.307,79.25241,338.63,0.42,0.37,2025-05-09,803,N20,VIIRS,n,2,307.77,5.39,D,0
18.30988,79.24792,336.67,0.42,0.37,2025-05-09,803,N20,VIIRS,l,2,308.45,3.25,D,0
18.31355,79.59286,343.58,0.43,0.38,2025-05-09,803,N20,VIIRS,n,2,313.09,14.21,D,0
18.31549,77.87305,344.15,0.39,0.36,2025-05-09,803,N20,VIIRS,n,2,312.19,10.5,D,0
18.32134,79.35503,337.29,0.42,0.38,2025-05-09,803,N20,VIIRS,n,2,306.55,5.37,D,0
18.32479,79.35451,342.63,0.42,0.38,2025-05-09,803,N20,VIIRS,n,2,309.54,5.37,D,0
18.32823,79.35398,350.26,0.42,0.38,2025-05-09,803,N20,VIIRS,n,2,309.27,7.15,D,0
18.32878,79.35796,340.52,0.42,0.38,2025-05-09,803,N20,VIIRS,n,2,308.91,7.15,D,0
18.33992,79.53975,352.63,0.43,0.38,2025-05-09,803,N20,VIIRS,n,2,310.85,21.23,D,0
18.35784,78.651,340.79,0.4,0.37,2025-05-09,803,N20,VIIRS,n,2,308.64,6.54,D,0
18.35872,78.21497,345.44,0.39,0.36,2025-05-09,803,N20,VIIRS,n,2,313.97,13.77,D,0
18.36121,78.65047,350.82,0.4,0.37,2025-05-09,803,N20,VIIRS,n,2,312.09,6.54,D,0
18.36817,78.20969,343.24,0.39,0.36,2025-05-09,803,N20,VIIRS,n,2,311.81,12.19,D,0
18.37183,78.25836,354.93,0.39,0.36,2025-05-09,803,N20,VIIRS,n,2,313.48,13.74,D,0
18.37624,78.26523,343.5,0.39,0.36,2025-05-09,803,N20,VIIRS,l,2,313.59,5.1,D,0
18.37785,78.69427,346.88,0.4,0.37,2025-05-09,803,N20,VIIRS,n,2,306.35,24.22,D,0
18.37903,78.26099,348.81,0.39,0.36,2025-05-09,803,N20,VIIRS,n,2,313.97,5.1,D,0
18.37957,78.26469,342.75,0.39,0.36,2025-05-09,803,N20,VIIRS,l,2,313.67,5.1,D,0
18.38021,78.24563,343.27,0.39,0.36,2025-05-09,803,N20,VIIRS,l,2,313.3,5.37,D,0
18.38354,78.2451,343.91,0.39,0.36,2025-05-09,803,N20,VIIRS,n,2,310.66,5.37,D,0
18.38408,78.2488,355.8,0.39,0.36,2025-05-09,803,N20,VIIRS,l,2,312.11,5.37,D,0
18.38462,78.25251,350.12,0.39,0.36,2025-05-09,803,N20,VIIRS,n,2,314.79,14.05,D,0
18.38742,78.24828,352.29,0.39,0.36,2025-05-09,803,N20,VIIRS,n,2,311.77,9.48,D,0
18.42427,79.41713,341.08,0.42,0.38,2025-05-09,803,N20,VIIRS,n,2,310.83,6.01,D,0
18.42772,79.4166,340.86,0.42,0.38,2025-05-09,803,N20,VIIRS,n,2,308.3,6.01,D,0
18.4524,77.85771,345.47,0.39,0.36,2025-05-09,803,N20,VIIRS,n,2,310.6,7.81,D,0
18.46888,77.87748,345.82,0.39,0.36,2025-05-09,803,N20,VIIRS,n,2,312.11,10.05,D,0
18.47212,77.8994,341.36,0.39,0.36,2025-05-09,803,N20,VIIRS,l,2,314.22,9.81,D,0
18.48642,78.96252,339.43,0.41,0.37,2025-05-09,803,N20,VIIRS,n,2,304.35,8.32,D,0
18.49265,79.45163,343.68,0.43,0.38,2025-05-09,803,N20,VIIRS,n,2,309.27,7.21,D,0
18.49445,78.67957,346.05,0.4,0.37,2025-05-09,803,N20,VIIRS,n,2,309.24,7.4,D,0
18.49782,78.67905,345.94,0.4,0.37,2025-05-09,803,N20,VIIRS,n,2,312.15,9.52,D,0
18.50588,78.61581,336.46,0.4,0.37,2025-05-09,803,N20,VIIRS,l,2,306.97,2.64,D,0
18.50764,78.6151,338.98,0.4,0.37,2025-05-09,803,N20,VIIRS,n,2,306.76,3.78,D,0
18.51544,77.80229,339.95,0.39,0.36,2025-05-09,803,N20,VIIRS,l,2,312.53,7.11,D,0
18.5483,78.11981,348.37,0.39,0.36,2025-05-09,803,N20,VIIRS,n,2,318.31,24.41,D,0
18.56332,77.82816,341.3,0.39,0.36,2025-05-09,803,N20,VIIRS,l,2,312.73,9.57,D,0
18.61507,78.4403,341.47,0.4,0.37,2025-05-09,803,N20,VIIRS,l,2,313.97,8.18,D,0
18.61961,79.58524,339.21,0.43,0.38,2025-05-09,803,N20,VIIRS,n,2,307.07,6.77,D,0
18.62125,78.6865,340.95,0.4,0.37,2025-05-09,803,N20,VIIRS,n,2,305.34,5.6,D,0
18.63063,78.1937,339.57,0.39,0.36,2025-05-09,803,N20,VIIRS,l,2,312.91,10.22,D,0
18.63794,78.55193,340.85,0.4,0.37,2025-05-09,803,N20,VIIRS,n,2,310.14,4.94,D,0
18.64131,78.55141,345.43,0.4,0.37,2025-05-09,803,N20,VIIRS,n,2,313.96,11.91,D,0
18.65745,78.78604,340.47,0.41,0.37,2025-05-09,803,N20,VIIRS,n,2,310.23,5.06,D,0
18.66151,77.87218,346.9,0.39,0.36,2025-05-09,803,N20,VIIRS,n,2,314.3,14.93,D,0
18.66555,78.97002,341.39,0.41,0.37,2025-05-09,803,N20,VIIRS,n,2,305.88,3.7,D,0
18.66596,78.97001,342.27,0.41,0.37,2025-05-09,803,N20,VIIRS,n,2,306.83,2.71,D,0
18.66964,79.12084,337.87,0.42,0.37,2025-05-09,803,N20,VIIRS,n,2,307.42,4.54,D,0
18.69688,78.16048,348.96,0.39,0.36,2025-05-09,803,N20,VIIRS,n,2,311.33,13.3,D,0
18.69967,78.15624,343.58,0.39,0.36,2025-05-09,803,N20,VIIRS,l,2,317.61,13.98,D,0
18.70021,78.15993,347.99,0.39,0.36,2025-05-09,803,N20,VIIRS,n,2,316.93,13.98,D,0
18.703,78.1557,351.08,0.39,0.36,2025-05-09,803,N20,VIIRS,n,2,314.61,13.98,D,0
18.70354,78.1594,348.13,0.39,0.36,2025-05-09,803,N20,VIIRS,n,2,314.79,13.98,D,0
18.70611,79.55577,344.75,0.43,0.38,2025-05-09,803,N20,VIIRS,n,2,308.47,5.91,D,0
18.70634,78.15517,348.91,0.39,0.36,2025-05-09,803,N20,VIIRS,n,2,314.12,14.33,D,0
18.70956,78.41402,346.62,0.4,0.37,2025-05-09,803,N20,VIIRS,n,2,313.39,14.51,D,0
18.71102,78.09385,342.21,0.39,0.36,2025-05-09,803,N20,VIIRS,l,2,312.96,5.55,D,0
18.71156,78.09755,338.42,0.39,0.36,2025-05-09,803,N20,VIIRS,l,2,310.38,5.55,D,0
18.71163,78.63341,343.37,0.4,0.37,2025-05-09,803,N20,VIIRS,n,2,309.59,5.41,D,0
18.71579,78.14986,338.54,0.39,0.36,2025-05-09,803,N20,VIIRS,l,2,309.46,6.54,D,0
18.71876,78.10019,342.48,0.39,0.36,2025-05-09,803,N20,VIIRS,n,2,312.39,8.91,D,0
18.72089,78.72159,348.54,0.41,0.37,2025-05-09,803,N20,VIIRS,n,2,306.09,23.55,D,0
18.7281,77.95531,341.64,0.39,0.36,2025-05-09,803,N20,VIIRS,n,2,311.45,10.37,D,0
18.7293,78.73198,337.8,0.41,0.37,2025-05-09,803,N20,VIIRS,n,2,307.72,6.37,D,0
18.74411,78.29752,342.38,0.4,0.37,2025-05-09,803,N20,VIIRS,n,2,310.99,7.43,D,0
18.74691,78.29324,347.94,0.4,0.37,2025-05-09,803,N20,VIIRS,n,2,308.88,11.53,D,0
18.74878,78.71365,347.96,0.41,0.37,2025-05-09,803,N20,VIIRS,n,2,310.14,9.48,D,0
18.75093,78.63148,344.6,0.4,0.37,2025-05-09,803,N20,VIIRS,n,2,312.68,10.08,D,0
18.75216,78.71313,349.19,0.41,0.37,2025-05-09,803,N20,VIIRS,n,2,314.05,13.71,D,0
18.7525,78.42644,344.41,0.4,0.37,2025-05-09,803,N20,VIIRS,l,2,315.57,12.32,D,0
18.75851,78.78254,339.43,0.41,0.37,2025-05-09,803,N20,VIIRS,n,2,308.54,4.78,D,0
18.76255,78.66468,343.97,0.4,0.37,2025-05-09,803,N20,VIIRS,n,2,309.09,9.67,D,0
18.76593,78.66415,341.14,0.4,0.37,2025-05-09,803,N20,VIIRS,n,2,310.62,8.54,D,0
18.77418,78.2048,350.83,0.39,0.37,2025-05-09,803,N20,VIIRS,n,2,313.97,13.53,D,0
18.78453,78.13479,341.41,0.39,0.36,2025-05-09,803,N20,VIIRS,n,2,310.53,8.84,D,0
18.78582,78.09671,348.78,0.39,0.36,2025-05-09,803,N20,VIIRS,n,2,312.84,10.27,D,0
18.78732,78.13055,338.76,0.39,0.36,2025-05-09,803,N20,VIIRS,l,2,311.36,6.15,D,0
18.79193,78.09193,349.54,0.39,0.36,2025-05-09,803,N20,VIIRS,n,2,314.25,11.11,D,0
18.79206,78.18674,341.91,0.39,0.37,2025-05-09,803,N20,VIIRS,l,2,313.53,9.78,D,0
18.79247,78.09564,340.48,0.39,0.36,2025-05-09,803,N20,VIIRS,l,2,311.71,9.07,D,0
18.79374,78.05759,345.57,0.39,0.36,2025-05-09,803,N20,VIIRS,n,2,315.14,12.18,D,0
18.79696,77.94013,345.41,0.39,0.36,2025-05-09,803,N20,VIIRS,n,2,314.16,13.57,D,0
18.80614,78.14272,346.66,0.39,0.36,2025-05-09,803,N20,VIIRS,n,2,314.21,10.52,D,0
18.80795,78.1083,337.4,0.39,0.36,2025-05-09,803,N20,VIIRS,l,2,310.71,12.8,D,0
18.80903,78.11571,343.92,0.39,0.36,2025-05-09,803,N20,VIIRS,n,2,311.48,7.09,D,0
18.81128,78.10777,351.6,0.39,0.36,2025-05-09,803,N20,VIIRS,n,2,315.76,12.8,D,0
18.81407,78.10353,345.15,0.39,0.36,2025-05-09,803,N20,VIIRS,n,2,313.19,12.68,D,0
18.82848,78.1088,348.76,0.39,0.36,2025-05-09,803,N20,VIIRS,n,2,313.36,10.99,D,0
18.83107,78.40998,340.26,0.4,0.37,2025-05-09,803,N20,VIIRS,l,2,311.85,10.81,D,0
18.83607,79.2374,344.75,0.42,0.38,2025-05-09,803,N20,VIIRS,n,2,309.34,6.83,D,0
18.85665,78.30231,339.6,0.4,0.37,2025-05-09,803,N20,VIIRS,l,2,309.62,5.29,D,0
18.86253,77.97106,342.75,0.39,0.36,2025-05-09,803,N20,VIIRS,l,2,314.27,10.29,D,0
18.86306,77.97475,349.87,0.39,0.36,2025-05-09,803,N20,VIIRS,n,2,315.21,10.29,D,0
18.87005,78.02274,347.62,0.39,0.36,2025-05-09,803,N20,VIIRS,n,2,311.86,11.79,D,0
18.87276,78.46116,349.49,0.4,0.37,2025-05-09,803,N20,VIIRS,n,2,311.73,8.54,D,0
18.87558,78.45686,338.83,0.4,0.37,2025-05-09,803,N20,VIIRS,l,2,310.41,8.54,D,0
18.87612,78.46062,349.78,0.4,0.37,2025-05-09,803,N20,VIIRS,n,2,312.39,8.54,D,0
18.89153,78.3773,337.65,0.4,0.37,2025-05-09,803,N20,VIIRS,l,2,308.35,1.5,D,0
18.894,77.11044,343.6,0.38,0.36,2025-05-09,803,N20,VIIRS,l,2,314.69,12.93,D,0
18.89437,79.12738,347.18,0.42,0.37,2025-05-09,803,N20,VIIRS,n,2,310.49,10.83,D,0
18.89488,78.37678,345.89,0.4,0.37,2025-05-09,803,N20,VIIRS,n,2,309.58,3.65,D,0
18.90024,77.94987,344.77,0.39,0.36,2025-05-09,803,N20,VIIRS,n,2,314.66,12.23,D,0
18.91283,78.12955,344.72,0.39,0.36,2025-05-09,803,N20,VIIRS,n,2,310.51,11.22,D,0
18.91665,78.84067,355.91,0.41,0.37,2025-05-09,803,N20,VIIRS,n,2,311.33,9.59,D,0
18.92504,78.26103,343.72,0.4,0.37,2025-05-09,803,N20,VIIRS,n,2,306.75,11.24,D,3
18.92643,78.05909,342.5,0.39,0.36,2025-05-09,803,N20,VIIRS,n,2,309.72,5.78,D,0
18.92959,78.10409,341.56,0.39,0.36,2025-05-09,803,N20,VIIRS,l,2,312.98,8.91,D,0
18.93197,78.68103,336.18,0.41,0.37,2025-05-09,803,N20,VIIRS,l,2,308.94,2.35,D,0
18.9368,78.10673,342.71,0.39,0.36,2025-05-09,803,N20,VIIRS,l,2,315.68,8.42,D,0
18.94561,79.54137,332.95,0.43,0.38,2025-05-09,803,N20,VIIRS,l,2,303.73,0.75,D,0
18.97892,79.43707,337.57,0.43,0.38,2025-05-09,803,N20,VIIRS,n,2,305.99,2.96,D,0
18.9868,78.8896,342.87,0.41,0.37,2025-05-09,803,N20,VIIRS,n,2,310.46,6.05,D,0
19.10112,79.59032,346.36,0.44,0.38,2025-05-09,803,N20,VIIRS,n,2,308.95,5.37,D,0
19.10433,77.01919,341.92,0.38,0.36,2025-05-09,803,N20,VIIRS,n,2,310.31,10.19,D,0
19.1102,78.13517,345.12,0.39,0.37,2025-05-09,803,N20,VIIRS,n,2,315.31,9.65,D,0
19.11654,78.08463,343.65,0.39,0.36,2025-05-09,803,N20,VIIRS,l,2,313.76,11.68,D,0
19.15853,77.97532,352.55,0.39,0.36,2025-05-09,803,N20,VIIRS,n,2,321.15,20.93,D,0
19.16696,79.46272,339.73,0.43,0.38,2025-05-09,803,N20,VIIRS,n,2,308.95,7.01,D,0
19.16903,79.46268,345.66,0.43,0.38,2025-05-09,803,N20,VIIRS,n,2,310.47,6.42,D,0
19.19888,78.22802,347.7,0.4,0.37,2025-05-09,803,N20,VIIRS,n,2,315.2,9.8,D,0
19.23099,81.10258,333.62,0.51,0.41,2025-05-09,803,N20,VIIRS,n,2,300.93,7.15,D,0
19.42039,78.5218,343.57,0.4,0.37,2025-05-09,803,N20,VIIRS,n,2,312.04,9.82,D,0
19.4213,78.57664,342.95,0.41,0.37,2025-05-09,803,N20,VIIRS,n,2,312.14,11.91,D,0
19.58429,80.97422,335.27,0.51,0.41,2025-05-09,803,N20,VIIRS,n,2,303.72,7.17,D,0
19.62107,79.99449,346.84,0.46,0.39,2025-05-09,803,N20,VIIRS,n,2,308.68,12.97,D,0
19.66409,78.46767,344.02,0.4,0.37,2025-05-09,803,N20,VIIRS,n,2,308.67,10.52,D,0
19.70517,80.92259,340.36,0.51,0.41,2025-05-09,803,N20,VIIRS,n,2,300.74,8.16,D,0
19.74935,79.90102,336.69,0.45,0.39,2025-05-09,803,N20,VIIRS,l,2,306.7,5.38,D,0
19.97389,80.62585,331.9,0.49,0.41,2025-05-09,803,N20,VIIRS,l,2,303.18,2.63,D,0
19.71625,77.59212,341.29,0.39,0.36,2025-05-09,804,N20,VIIRS,l,2,315.56,11.59,D,0
19.71911,78.62848,343.32,0.41,0.37,2025-05-09,804,N20,VIIRS,n,2,311.5,15.51,D,0
19.75642,77.65742,345.67,0.39,0.36,2025-05-09,804,N20,VIIRS,l,2,318.69,12.57,D,0
19.84761,79.40475,337.97,0.44,0.38,2025-05-09,804,N20,VIIRS,n,2,307.0,6.15,D,0
19.90888,79.80404,341.38,0.45,0.39,2025-05-09,804,N20,VIIRS,n,2,307.26,5.82,D,0
19.78615,79.14836,312.84,0.48,0.4,2025-05-09,2033,N20,VIIRS,n,2,295.73,3.07,N,2
19.99583,79.07103,310.11,0.47,0.4,2025-05-09,2033,N20,VIIRS,n,2,294.58,4.14,N,0
16.87153,80.02105,308.09,0.39,0.44,2025-05-09,2034,N20,VIIRS,n,2,292.74,1.45,N,2
17.1419,77.18265,307.53,0.42,0.38,2025-05-09,2034,N20,VIIRS,n,2,294.96,1.13,N,2
17.76248,79.78828,305.85,0.55,0.43,2025-05-09,2034,N20,VIIRS,n,2,293.22,1.03,N,0
17.76404,79.78562,307.16,0.55,0.43,2025-05-09,2034,N20,VIIRS,n,2,292.91,0.48,N,0
17.96818,80.82879,314.74,0.42,0.45,2025-05-09,2034,N20,VIIRS,n,2,294.36,1.89,N,0
17.97228,80.82964,311.02,0.42,0.45,2025-05-09,2034,N20,VIIRS,n,2,294.48,2.29,N,0
17.98458,80.83221,312.08,0.42,0.45,2025-05-09,2034,N20,VIIRS,n,2,295.24,2.13,N,0
18.65491,78.77773,305.0,0.47,0.4,2025-05-09,2034,N20,VIIRS,n,2,291.74,2.56,N,0
18.70705,79.55823,314.59,0.52,0.41,2025-05-09,2034,N20,VIIRS,n,2,294.63,1.52,N,0
18.70793,79.55339,308.64,0.52,0.41,2025-05-09,2034,N20,VIIRS,n,2,294.64,1.52,N,0
18.72272,79.53625,309.92,0.51,0.41,2025-05-09,2034,N20,VIIRS,n,2,294.99,1.83,N,2
15.73206,77.02156,308.9,0.43,0.38,2025-05-09,2035,N20,VIIRS,n,2,293.52,1.22,N,0
15.7341,77.0209,306.05,0.43,0.38,2025-05-09,2035,N20,VIIRS,n,2,293.59,1.33,N,0
15.65793,77.18353,335.24,0.4,0.44,2025-05-10,744,N20,VIIRS,n,2,302.17,3.21,D,0
15.69969,78.61596,341.38,0.5,0.41,2025-05-10,744,N20,VIIRS,n,2,302.19,5.97,D,0
15.95149,78.04316,340.03,0.53,0.42,2025-05-10,744,N20,VIIRS,n,2,303.52,12.8,D,0
15.95156,78.31207,341.68,0.51,0.41,2025-05-10,744,N20,VIIRS,n,2,307.93,15.73,D,0
15.95175,78.04044,341.0,0.53,0.42,2025-05-10,744,N20,VIIRS,n,2,305.75,13.9,D,0
16.09362,77.34492,339.76,0.38,0.43,2025-05-10,744,N20,VIIRS,n,2,307.42,7.63,D,0
16.09564,80.81045,342.97,0.4,0.37,2025-05-10,744,N20,VIIRS,n,2,296.01,4.74,D,0
16.14561,80.35993,336.72,0.41,0.37,2025-05-10,744,N20,VIIRS,l,2,304.79,6.28,D,0
16.15791,80.74615,338.39,0.4,0.37,2025-05-10,744,N20,VIIRS,l,2,300.4,5.22,D,0
16.16167,80.7263,348.4,0.4,0.37,2025-05-10,744,N20,VIIRS,l,2,300.04,7.69,D,0
16.16264,80.64523,347.27,0.41,0.37,2025-05-10,744,N20,VIIRS,l,2,301.45,8.29,D,0
16.16524,80.74873,338.14,0.4,0.37,2025-05-10,744,N20,VIIRS,l,2,301.49,5.83,D,0
16.24236,77.75922,335.99,0.54,0.42,2025-05-10,744,N20,VIIRS,l,2,306.73,4.69,D,0
16.2435,77.75639,335.01,0.54,0.42,2025-05-10,744,N20,VIIRS,l,2,306.54,6.39,D,0
16.32779,77.8533,334.97,0.53,0.42,2025-05-10,744,N20,VIIRS,n,2,302.42,5.17,D,0
16.39545,77.3636,340.64,0.57,0.43,2025-05-10,744,N20,VIIRS,n,2,305.99,10.09,D,0
16.41022,77.46841,347.58,0.56,0.43,2025-05-10,744,N20,VIIRS,n,2,306.41,16.52,D,0
16.62523,79.87751,338.95,0.43,0.38,2025-05-10,744,N20,VIIRS,l,2,305.39,8.54,D,0
16.77425,80.45066,336.73,0.41,0.37,2025-05-10,744,N20,VIIRS,n,2,297.9,3.33,D,0
16.86576,77.74529,342.31,0.53,0.42,2025-05-10,744,N20,VIIRS,n,2,300.59,5.22,D,0
16.8898,80.18416,332.43,0.41,0.37,2025-05-10,744,N20,VIIRS,l,2,302.01,6.0,D,0
16.93685,79.97748,334.75,0.42,0.38,2025-05-10,744,N20,VIIRS,l,2,301.63,2.82,D,0
17.05397,80.79825,331.19,0.4,0.37,2025-05-10,744,N20,VIIRS,l,2,297.75,2.2,D,0
17.06441,79.83382,346.2,0.42,0.38,2025-05-10,744,N20,VIIRS,l,2,307.02,12.28,D,0
17.08013,80.27728,341.52,0.41,0.37,2025-05-10,744,N20,VIIRS,n,2,301.65,5.14,D,0
17.38656,78.95306,342.93,0.46,0.39,2025-05-10,744,N20,VIIRS,l,2,309.04,7.44,D,0
17.65253,78.15128,337.09,0.49,0.41,2025-05-10,744,N20,VIIRS,n,2,306.01,5.18,D,0
17.73807,79.84917,334.05,0.42,0.37,2025-05-10,744,N20,VIIRS,l,2,304.54,4.52,D,0
17.87535,78.68459,342.66,0.46,0.39,2025-05-10,744,N20,VIIRS,l,2,313.59,10.9,D,0
17.88834,79.69455,337.02,0.42,0.38,2025-05-10,744,N20,VIIRS,n,2,302.6,3.81,D,0
17.94245,79.80962,339.35,0.42,0.37,2025-05-10,744,N20,VIIRS,n,2,301.37,4.87,D,0
17.97036,80.83173,337.49,0.39,0.36,2025-05-10,744,N20,VIIRS,l,2,305.85,7.73,D,0
18.03226,80.49403,334.86,0.4,0.37,2025-05-10,744,N20,VIIRS,l,2,301.89,1.85,D,0
18.07448,78.13472,347.65,0.49,0.4,2025-05-10,744,N20,VIIRS,n,2,309.78,11.85,D,0
18.07577,78.12035,339.4,0.49,0.4,2025-05-10,744,N20,VIIRS,l,2,309.62,6.66,D,0
18.07706,78.10599,351.78,0.49,0.4,2025-05-10,744,N20,VIIRS,l,2,310.45,17.39,D,0
18.07943,78.11967,347.45,0.49,0.4,2025-05-10,744,N20,VIIRS,l,2,310.15,6.66,D,0
18.08023,78.12424,341.68,0.49,0.4,2025-05-10,744,N20,VIIRS,l,2,308.22,9.81,D,0
18.08152,78.10986,338.03,0.49,0.4,2025-05-10,744,N20,VIIRS,l,2,310.27,11.26,D,0
18.09541,78.10255,341.69,0.49,0.4,2025-05-10,744,N20,VIIRS,l,2,311.74,12.95,D,0
18.11379,78.03281,339.16,0.49,0.41,2025-05-10,744,N20,VIIRS,l,2,308.81,7.05,D,0
18.1214,78.05511,341.05,0.49,0.4,2025-05-10,744,N20,VIIRS,l,2,308.82,9.73,D,0
18.12798,78.04915,335.44,0.49,0.4,2025-05-10,744,N20,VIIRS,l,2,308.12,9.0,D,0
18.12799,78.20424,342.49,0.48,0.4,2025-05-10,744,N20,VIIRS,l,2,310.34,8.72,D,0
18.13686,77.99718,345.8,0.5,0.41,2025-05-10,744,N20,VIIRS,n,2,308.69,8.26,D,0
18.14142,78.15034,335.31,0.49,0.4,2025-05-10,744,N20,VIIRS,l,2,308.34,3.15,D,0
18.15679,78.04572,349.86,0.49,0.4,2025-05-10,744,N20,VIIRS,l,2,313.3,47.94,D,0
18.20334,77.87418,340.36,0.5,0.41,2025-05-10,744,N20,VIIRS,n,2,305.53,5.67,D,0
18.20625,77.86877,337.69,0.5,0.41,2025-05-10,744,N20,VIIRS,n,2,306.14,7.17,D,0
18.20705,77.87347,347.16,0.5,0.41,2025-05-10,744,N20,VIIRS,n,2,306.1,5.67,D,0
18.24143,77.95029,341.23,0.5,0.41,2025-05-10,744,N20,VIIRS,n,2,307.81,5.81,D,0
18.24512,77.9496,334.14,0.5,0.41,2025-05-10,744,N20,VIIRS,l,2,307.27,5.81,D,0
18.2542,77.91432,347.5,0.5,0.41,2025-05-10,744,N20,VIIRS,n,2,309.07,6.25,D,0
18.25501,77.91896,338.19,0.5,0.41,2025-05-10,744,N20,VIIRS,n,2,306.32,6.25,D,0
18.26114,77.93217,335.48,0.5,0.41,2025-05-10,744,N20,VIIRS,l,2,308.23,1.59,D,0
18.29545,78.50346,336.94,0.47,0.39,2025-05-10,744,N20,VIIRS,l,2,308.63,7.71,D,0
18.30404,77.87109,340.05,0.5,0.41,2025-05-10,744,N20,VIIRS,n,2,306.44,8.21,D,0
18.3082,79.27583,332.77,0.43,0.38,2025-05-10,744,N20,VIIRS,n,2,300.01,5.19,D,0
18.31435,77.86429,336.45,0.5,0.41,2025-05-10,744,N20,VIIRS,l,2,308.37,6.64,D,0
18.32024,77.86459,337.01,0.5,0.41,2025-05-10,744,N20,VIIRS,l,2,309.64,6.71,D,0
18.32234,77.91094,343.48,0.5,0.41,2025-05-10,744,N20,VIIRS,n,2,307.12,6.96,D,0
18.35054,77.98708,339.73,0.49,0.4,2025-05-10,744,N20,VIIRS,l,2,311.74,6.26,D,0
18.35345,77.98783,342.94,0.49,0.4,2025-05-10,744,N20,VIIRS,l,2,311.46,10.31,D,0
18.35955,78.00094,346.72,0.49,0.4,2025-05-10,744,N20,VIIRS,l,2,313.09,12.7,D,0
18.39157,78.2739,335.99,0.48,0.4,2025-05-10,744,N20,VIIRS,l,2,308.51,9.89,D,0
18.39241,78.2747,336.78,0.48,0.4,2025-05-10,744,N20,VIIRS,l,2,308.13,10.99,D,0
18.39391,77.98023,342.31,0.49,0.4,2025-05-10,744,N20,VIIRS,l,2,311.85,15.63,D,0
18.40782,77.86231,345.11,0.5,0.41,2025-05-10,744,N20,VIIRS,n,2,309.27,11.64,D,0
18.4236,77.99834,340.53,0.49,0.4,2025-05-10,744,N20,VIIRS,l,2,310.96,8.95,D,0
18.4244,78.00294,343.85,0.49,0.4,2025-05-10,744,N20,VIIRS,l,2,313.46,8.95,D,0
18.43554,79.36514,367.0,0.43,0.38,2025-05-10,744,N20,VIIRS,h,2,306.14,17.64,D,0
18.4856,77.85899,341.55,0.5,0.41,2025-05-10,744,N20,VIIRS,n,2,310.09,7.05,D,0
18.50062,77.76895,340.21,0.5,0.41,2025-05-10,744,N20,VIIRS,l,2,310.72,8.48,D,0
18.50143,77.77366,338.7,0.5,0.41,2025-05-10,744,N20,VIIRS,l,2,308.76,7.21,D,0
18.50433,77.76823,340.73,0.5,0.41,2025-05-10,744,N20,VIIRS,n,2,309.77,12.15,D,0
18.50514,77.77294,340.34,0.5,0.41,2025-05-10,744,N20,VIIRS,l,2,310.5,11.1,D,0
18.50548,77.79715,334.04,0.5,0.41,2025-05-10,744,N20,VIIRS,l,2,306.47,5.77,D,0
18.50919,77.79643,344.53,0.5,0.41,2025-05-10,744,N20,VIIRS,n,2,305.33,9.0,D,0
18.51595,77.74656,337.2,0.5,0.41,2025-05-10,744,N20,VIIRS,n,2,306.32,7.94,D,0
18.51793,77.7485,337.91,0.5,0.41,2025-05-10,744,N20,VIIRS,n,2,307.17,6.47,D,0
18.51967,77.85732,339.17,0.5,0.41,2025-05-10,744,N20,VIIRS,n,2,306.48,5.27,D,0
18.52112,79.15906,339.04,0.43,0.38,2025-05-10,744,N20,VIIRS,n,2,300.85,6.96,D,0
18.54893,77.8586,340.12,0.5,0.41,2025-05-10,744,N20,VIIRS,n,2,309.59,11.98,D,0
18.57591,78.2956,346.4,0.47,0.4,2025-05-10,744,N20,VIIRS,n,2,310.42,15.78,D,0
18.59062,78.03106,338.23,0.49,0.4,2025-05-10,744,N20,VIIRS,l,2,305.37,5.63,D,0
18.59803,78.09509,338.44,0.48,0.4,2025-05-10,744,N20,VIIRS,l,2,310.8,11.15,D,0
18.62275,78.08566,347.06,0.48,0.4,2025-05-10,744,N20,VIIRS,l,2,311.9,8.42,D,0
18.62431,78.09468,343.26,0.48,0.4,2025-05-10,744,N20,VIIRS,l,2,312.43,12.91,D,0
18.62718,78.08947,340.79,0.48,0.4,2025-05-10,744,N20,VIIRS,l,2,311.79,8.42,D,0
18.63398,78.0416,340.61,0.49,0.4,2025-05-10,744,N20,VIIRS,n,2,305.91,6.26,D,0
18.63822,77.79024,346.61,0.5,0.41,2025-05-10,744,N20,VIIRS,n,2,311.19,24.55,D,0
18.64062,77.79276,341.56,0.5,0.41,2025-05-10,744,N20,VIIRS,n,2,310.93,19.04,D,0
18.65218,77.73919,349.42,0.5,0.41,2025-05-10,744,N20,VIIRS,n,2,311.12,15.48,D,0
18.65631,77.84927,341.04,0.5,0.41,2025-05-10,744,N20,VIIRS,n,2,307.77,9.66,D,0
18.65794,77.85851,341.78,0.5,0.41,2025-05-10,744,N20,VIIRS,n,2,310.78,13.54,D,0
18.66937,77.8802,341.41,0.49,0.41,2025-05-10,744,N20,VIIRS,l,2,310.85,13.64,D,0
18.68526,78.14335,335.5,0.48,0.4,2025-05-10,744,N20,VIIRS,l,2,307.59,5.65,D,0
18.74179,78.47766,340.77,0.46,0.39,2025-05-10,744,N20,VIIRS,l,2,311.11,12.32,D,0
18.74955,78.05825,347.34,0.48,0.4,2025-05-10,744,N20,VIIRS,l,2,310.61,11.53,D,0
18.7616,78.17199,336.07,0.48,0.4,2025-05-10,744,N20,VIIRS,l,2,307.09,5.06,D,0
18.77263,78.70512,342.03,0.45,0.39,2025-05-10,744,N20,VIIRS,n,2,300.85,11.06,D,0
18.77295,78.06308,347.57,0.48,0.4,2025-05-10,744,N20,VIIRS,n,2,309.48,7.04,D,0
18.77303,78.15134,335.19,0.48,0.4,2025-05-10,744,N20,VIIRS,l,2,306.53,3.08,D,0
18.7766,78.06239,341.64,0.48,0.4,2025-05-10,744,N20,VIIRS,l,2,308.26,7.04,D,0
18.8006,78.02711,342.34,0.48,0.4,2025-05-10,744,N20,VIIRS,l,2,308.73,8.72,D,0
18.85386,78.16068,335.59,0.48,0.4,2025-05-10,744,N20,VIIRS,l,2,305.19,4.26,D,0
18.866,77.99114,353.59,0.48,0.4,2025-05-10,744,N20,VIIRS,n,2,306.29,15.36,D,0
18.8691,78.00927,345.06,0.48,0.4,2025-05-10,744,N20,VIIRS,l,2,308.95,13.32,D,0
18.86988,78.01379,341.76,0.48,0.4,2025-05-10,744,N20,VIIRS,l,2,308.76,15.85,D,0
19.23283,81.09943,332.03,0.39,0.36,2025-05-10,744,N20,VIIRS,l,2,305.83,1.66,D,0
19.25329,80.99123,338.36,0.39,0.36,2025-05-10,744,N20,VIIRS,n,2,301.25,4.07,D,0
18.92215,78.05581,344.93,0.48,0.4,2025-05-10,745,N20,VIIRS,n,2,310.75,8.12,D,0
18.92377,78.12954,339.65,0.48,0.4,2025-05-10,745,N20,VIIRS,l,2,309.87,9.14,D,0
18.94716,77.6519,341.1,0.5,0.41,2025-05-10,745,N20,VIIRS,l,2,313.28,20.35,D,0
19.48797,80.92365,339.64,0.39,0.36,2025-05-10,745,N20,VIIRS,l,2,306.78,6.26,D,0
19.66965,78.46629,340.31,0.45,0.39,2025-05-10,745,N20,VIIRS,l,2,307.07,7.3,D,0
19.78074,78.30566,339.69,0.46,0.39,2025-05-10,745,N20,VIIRS,l,2,309.59,14.5,D,0
19.78471,78.08963,341.75,0.47,0.4,2025-05-10,745,N20,VIIRS,n,2,305.61,11.5,D,0
16.35896,81.28244,312.32,0.41,0.37,2025-05-10,2015,N20,VIIRS,n,2,297.27,0.6,N,2
16.7329,77.603,312.83,0.41,0.37,2025-05-10,2015,N20,VIIRS,n,2,294.41,3.18,N,0
16.83076,80.03811,309.38,0.39,0.36,2025-05-10,2015,N20,VIIRS,n,2,296.85,1.0,N,0
17.20821,80.79829,311.69,0.39,0.36,2025-05-10,2015,N20,VIIRS,n,2,297.31,0.76,N,0
17.46307,80.6544,310.31,0.39,0.36,2025-05-10,2015,N20,VIIRS,n,2,297.09,1.16,N,2
17.82923,77.57028,326.72,0.42,0.38,2025-05-10,2015,N20,VIIRS,n,2,293.74,2.18,N,0
17.95909,80.78562,310.17,0.39,0.36,2025-05-10,2015,N20,VIIRS,n,2,297.72,1.73,N,0
17.96901,78.47682,308.89,0.4,0.37,2025-05-10,2015,N20,VIIRS,n,2,293.28,1.83,N,0
17.96914,80.82877,327.69,0.39,0.36,2025-05-10,2015,N20,VIIRS,n,2,296.7,2.31,N,0
17.97246,80.82936,329.71,0.39,0.36,2025-05-10,2015,N20,VIIRS,n,2,297.71,2.31,N,0
17.98573,80.83172,319.04,0.39,0.36,2025-05-10,2015,N20,VIIRS,n,2,297.78,2.06,N,0
18.04002,79.95988,308.57,0.38,0.36,2025-05-10,2015,N20,VIIRS,n,2,295.18,2.62,N,0
18.40509,79.51786,309.94,0.39,0.36,2025-05-10,2015,N20,VIIRS,n,2,291.72,1.87,N,0
18.70485,79.55643,314.35,0.39,0.36,2025-05-10,2015,N20,VIIRS,n,2,294.88,4.76,N,0
18.70815,79.557,321.23,0.39,0.36,2025-05-10,2015,N20,VIIRS,n,2,295.83,5.31,N,0
18.79693,78.59776,307.91,0.4,0.37,2025-05-10,2015,N20,VIIRS,n,2,293.75,3.27,N,0
15.91439,77.36383,309.95,0.41,0.37,2025-05-10,2016,N20,VIIRS,n,2,295.25,2.46,N,2
15.50271,78.31807,335.87,0.35,0.56,2025-05-11,725,N20,VIIRS,n,2,296.56,2.28,D,0
15.50481,78.31635,343.04,0.34,0.56,2025-05-11,725,N20,VIIRS,n,2,297.24,1.48,D,0
15.51592,78.4418,337.07,0.34,0.56,2025-05-11,725,N20,VIIRS,n,2,302.44,3.19,D,0
15.52506,78.51665,336.73,0.33,0.56,2025-05-11,725,N20,VIIRS,n,2,298.99,4.96,D,0
15.52975,78.41499,340.37,0.34,0.56,2025-05-11,725,N20,VIIRS,n,2,300.05,3.49,D,0
15.53098,78.4212,333.33,0.34,0.56,2025-05-11,725,N20,VIIRS,n,2,301.19,3.88,D,0
15.5321,78.55331,367.0,0.33,0.55,2025-05-11,725,N20,VIIRS,h,2,300.31,5.72,D,0
15.53269,78.55636,336.17,0.33,0.55,2025-05-11,725,N20,VIIRS,n,2,300.14,5.72,D,0
15.53583,78.55093,331.93,0.33,0.55,2025-05-11,725,N20,VIIRS,n,2,299.49,4.67,D,0
15.53644,78.55398,351.35,0.33,0.55,2025-05-11,725,N20,VIIRS,n,2,300.11,4.67,D,0
15.53704,78.55701,331.96,0.33,0.55,2025-05-11,725,N20,VIIRS,n,2,298.76,5.3,D,0
15.5377,78.5553,367.0,0.33,0.55,2025-05-11,725,N20,VIIRS,h,2,298.98,5.72,D,0
15.55045,78.05923,331.28,0.36,0.57,2025-05-11,725,N20,VIIRS,n,2,300.34,3.97,D,0
15.55172,78.06045,334.24,0.36,0.57,2025-05-11,725,N20,VIIRS,n,2,299.87,4.06,D,0
15.55438,77.14935,334.15,0.41,0.61,2025-05-11,725,N20,VIIRS,n,2,295.97,3.09,D,0
15.57236,77.9202,332.16,0.37,0.58,2025-05-11,725,N20,VIIRS,n,2,298.61,1.39,D,0
15.57302,77.9235,333.11,0.37,0.58,2025-05-11,725,N20,VIIRS,n,2,298.04,1.39,D,0
15.60434,78.58104,331.01,0.33,0.55,2025-05-11,725,N20,VIIRS,n,2,298.11,2.33,D,0
15.62142,78.56179,336.8,0.33,0.55,2025-05-11,725,N20,VIIRS,n,2,299.83,1.79,D,0
15.62643,78.56076,330.83,0.33,0.55,2025-05-11,725,N20,VIIRS,n,2,296.28,1.79,D,0
15.63596,78.50192,333.15,0.33,0.56,2025-05-11,725,N20,VIIRS,n,2,301.38,5.58,D,0
15.64211,78.51096,332.9,0.33,0.55,2025-05-11,725,N20,VIIRS,n,2,301.09,5.95,D,0
15.80048,77.94666,334.66,0.36,0.57,2025-05-11,725,N20,VIIRS,n,2,298.78,3.96,D,0
15.81667,78.05519,353.45,0.35,0.57,2025-05-11,725,N20,VIIRS,n,2,297.18,9.36,D,0
15.81731,78.0584,367.0,0.35,0.57,2025-05-11,725,N20,VIIRS,h,2,296.85,9.2,D,0
15.83548,78.83422,341.8,0.63,0.54,2025-05-11,725,N20,VIIRS,n,2,297.58,11.56,D,0
15.85842,78.60929,335.79,0.32,0.55,2025-05-11,725,N20,VIIRS,n,2,299.94,2.16,D,0
15.89976,78.23374,333.11,0.34,0.56,2025-05-11,725,N20,VIIRS,n,2,299.85,2.61,D,0
15.92463,78.02496,334.6,0.35,0.57,2025-05-11,725,N20,VIIRS,n,2,298.78,4.19,D,0
15.95137,77.10551,344.51,0.41,0.6,2025-05-11,725,N20,VIIRS,n,2,298.2,6.84,D,0
15.95213,77.10924,346.67,0.41,0.6,2025-05-11,725,N20,VIIRS,n,2,297.22,7.22,D,0
15.95678,78.34675,340.15,0.34,0.56,2025-05-11,725,N20,VIIRS,n,2,302.65,6.88,D,0
15.96844,77.47758,333.97,0.38,0.59,2025-05-11,725,N20,VIIRS,n,2,297.63,2.56,D,0
15.97783,77.66356,335.42,0.37,0.58,2025-05-11,725,N20,VIIRS,n,2,299.1,4.7,D,0
16.0018,78.46837,335.68,0.33,0.55,2025-05-11,725,N20,VIIRS,n,2,298.01,2.95,D,0
16.02019,80.80096,338.47,0.46,0.47,2025-05-11,725,N20,VIIRS,n,2,303.76,4.61,D,0
16.02972,80.53358,335.94,0.48,0.48,2025-05-11,725,N20,VIIRS,n,2,300.66,3.48,D,0
16.03021,80.53428,330.28,0.48,0.48,2025-05-11,725,N20,VIIRS,n,2,300.0,4.42,D,0
16.0421,77.01703,336.01,0.41,0.61,2025-05-11,725,N20,VIIRS,n,2,297.55,2.41,D,0
16.04667,80.84852,337.47,0.46,0.47,2025-05-11,725,N20,VIIRS,n,2,304.22,4.16,D,0
16.04821,80.85696,352.18,0.46,0.47,2025-05-11,725,N20,VIIRS,n,2,306.78,6.12,D,0
16.04898,80.8612,335.1,0.46,0.47,2025-05-11,725,N20,VIIRS,l,2,305.48,6.12,D,0
16.05249,80.85612,339.44,0.46,0.47,2025-05-11,725,N20,VIIRS,n,2,306.35,4.95,D,0
16.05326,80.86036,338.33,0.46,0.47,2025-05-11,725,N20,VIIRS,n,2,305.74,4.95,D,0
16.05995,80.82397,332.68,0.46,0.47,2025-05-11,725,N20,VIIRS,n,2,302.46,2.67,D,0
16.06166,80.13643,336.4,0.51,0.49,2025-05-11,725,N20,VIIRS,n,2,300.94,5.72,D,0
16.0629,80.13319,336.95,0.51,0.49,2025-05-11,725,N20,VIIRS,n,2,301.42,1.92,D,0
16.09199,77.03767,332.37,0.41,0.61,2025-05-11,725,N20,VIIRS,n,2,296.91,2.93,D,0
16.09676,80.81722,330.92,0.46,0.47,2025-05-11,725,N20,VIIRS,l,2,302.55,2.91,D,0
16.09737,80.53017,341.02,0.48,0.48,2025-05-11,725,N20,VIIRS,n,2,302.55,5.13,D,0
16.10468,78.358,332.6,0.33,0.56,2025-05-11,725,N20,VIIRS,n,2,300.83,3.58,D,0
16.15132,80.77571,346.58,0.46,0.47,2025-05-11,725,N20,VIIRS,n,2,304.56,11.82,D,0
16.15442,80.79271,335.56,0.46,0.47,2025-05-11,725,N20,VIIRS,n,2,304.18,9.49,D,0
16.15698,80.87961,332.59,0.46,0.47,2025-05-11,725,N20,VIIRS,n,2,301.47,7.92,D,0
16.16025,80.80035,343.69,0.46,0.47,2025-05-11,725,N20,VIIRS,n,2,305.24,10.41,D,0
16.16067,80.77827,344.57,0.46,0.47,2025-05-11,725,N20,VIIRS,n,2,304.52,12.98,D,0
16.16651,80.78593,342.68,0.46,0.47,2025-05-11,725,N20,VIIRS,n,2,303.02,4.05,D,0
16.16786,80.09756,345.36,0.51,0.49,2025-05-11,725,N20,VIIRS,n,2,305.5,9.54,D,0
16.17031,80.09966,342.27,0.51,0.49,2025-05-11,725,N20,VIIRS,n,2,303.66,5.54,D,0
16.17233,80.79359,341.22,0.46,0.47,2025-05-11,725,N20,VIIRS,n,2,300.67,6.59,D,0
16.17662,80.79275,353.1,0.46,0.47,2025-05-11,725,N20,VIIRS,n,2,301.64,5.88,D,0
16.195,80.80758,334.3,0.46,0.47,2025-05-11,725,N20,VIIRS,n,2,303.58,3.47,D,0
16.2011,79.94124,342.55,0.52,0.5,2025-05-11,725,N20,VIIRS,n,2,303.43,5.23,D,0
16.20208,77.83356,332.82,0.36,0.57,2025-05-11,725,N20,VIIRS,n,2,298.25,2.44,D,0
16.2033,80.70892,337.05,0.47,0.47,2025-05-11,725,N20,VIIRS,n,2,303.84,6.64,D,0
16.20634,80.67715,350.59,0.47,0.48,2025-05-11,725,N20,VIIRS,n,2,300.93,9.69,D,0
16.22404,80.70039,340.1,0.47,0.47,2025-05-11,725,N20,VIIRS,n,2,300.58,17.52,D,0
16.22483,80.70468,344.04,0.47,0.47,2025-05-11,725,N20,VIIRS,n,2,296.83,17.52,D,0
16.22914,80.70383,354.98,0.47,0.47,2025-05-11,725,N20,VIIRS,n,2,302.04,17.52,D,0
16.24602,78.44506,335.04,0.33,0.55,2025-05-11,725,N20,VIIRS,n,2,299.58,3.3,D,0
16.25928,80.69788,344.48,0.47,0.47,2025-05-11,725,N20,VIIRS,n,2,303.52,5.93,D,0
16.26527,77.24856,342.03,0.39,0.6,2025-05-11,725,N20,VIIRS,n,2,299.06,4.33,D,0
16.266,80.61159,340.66,0.47,0.48,2025-05-11,725,N20,VIIRS,n,2,304.63,4.35,D,0
16.26726,79.84024,330.97,0.53,0.5,2025-05-11,725,N20,VIIRS,l,2,302.84,2.77,D,0
16.26747,77.24847,343.45,0.39,0.6,2025-05-11,725,N20,VIIRS,n,2,299.18,4.11,D,0
16.26767,80.61304,339.53,0.47,0.48,2025-05-11,725,N20,VIIRS,n,2,304.97,3.41,D,0
16.28309,80.62348,335.79,0.47,0.48,2025-05-11,725,N20,VIIRS,n,2,305.58,4.13,D,0
16.28633,80.64078,336.07,0.47,0.48,2025-05-11,725,N20,VIIRS,n,2,303.54,4.11,D,0
16.29381,77.12965,334.67,0.4,0.6,2025-05-11,725,N20,VIIRS,n,2,299.0,4.18,D,0
16.30984,80.6227,341.26,0.47,0.48,2025-05-11,725,N20,VIIRS,n,2,305.17,9.37,D,0
16.31064,80.62702,343.86,0.47,0.48,2025-05-11,725,N20,VIIRS,n,2,304.75,9.37,D,0
16.31358,79.911,332.04,0.52,0.5,2025-05-11,725,N20,VIIRS,l,2,302.56,2.35,D,0
16.31524,79.99483,339.16,0.52,0.5,2025-05-11,725,N20,VIIRS,n,2,304.36,5.69,D,0
16.31688,80.61233,354.41,0.47,0.48,2025-05-11,725,N20,VIIRS,n,2,307.86,18.34,D,0
16.31715,80.22616,340.2,0.5,0.49,2025-05-11,725,N20,VIIRS,n,2,301.7,3.6,D,0
16.31783,80.03344,331.77,0.51,0.5,2025-05-11,725,N20,VIIRS,l,2,303.99,2.98,D,0
16.3204,80.60713,336.58,0.47,0.48,2025-05-11,725,N20,VIIRS,n,2,306.0,12.92,D,0
16.36239,77.12747,339.55,0.4,0.6,2025-05-11,725,N20,VIIRS,n,2,297.21,3.45,D,0
16.36504,77.86274,330.41,0.36,0.57,2025-05-11,725,N20,VIIRS,n,2,298.64,2.86,D,0
16.38143,77.3974,342.09,0.38,0.59,2025-05-11,725,N20,VIIRS,n,2,295.38,5.48,D,0
16.39082,77.74408,331.62,0.36,0.58,2025-05-11,725,N20,VIIRS,n,2,298.89,0.83,D,0
16.39259,80.67434,344.24,0.46,0.47,2025-05-11,725,N20,VIIRS,n,2,306.76,8.79,D,0
16.39339,80.67863,346.89,0.46,0.47,2025-05-11,725,N20,VIIRS,n,2,306.8,10.33,D,0
16.40097,78.44224,352.11,0.33,0.55,2025-05-11,725,N20,VIIRS,n,2,296.42,3.31,D,0
16.40268,77.3502,344.61,0.38,0.59,2025-05-11,725,N20,VIIRS,n,2,298.09,4.49,D,0
16.40804,80.73309,337.44,0.46,0.47,2025-05-11,725,N20,VIIRS,n,2,306.35,4.28,D,0
16.42994,77.29279,344.59,0.39,0.59,2025-05-11,725,N20,VIIRS,n,2,295.74,4.55,D,0
16.44376,79.82257,338.4,0.53,0.5,2025-05-11,725,N20,VIIRS,n,2,303.46,5.75,D,0
16.44426,79.82337,332.68,0.53,0.5,2025-05-11,725,N20,VIIRS,l,2,303.37,4.0,D,0
16.45065,78.48427,339.56,0.32,0.55,2025-05-11,725,N20,VIIRS,n,2,299.42,3.15,D,0
16.45288,77.15667,345.25,0.4,0.6,2025-05-11,725,N20,VIIRS,n,2,298.95,5.64,D,0
16.45487,77.15681,340.53,0.4,0.6,2025-05-11,725,N20,VIIRS,n,2,297.89,7.32,D,0
16.45748,80.6393,332.24,0.47,0.47,2025-05-11,725,N20,VIIRS,l,2,303.87,2.52,D,0
16.48004,78.18777,333.05,0.34,0.56,2025-05-11,725,N20,VIIRS,n,2,297.96,3.05,D,0
16.48393,80.73566,341.72,0.46,0.47,2025-05-11,725,N20,VIIRS,n,2,309.2,6.88,D,0
16.4859,80.7221,345.58,0.46,0.47,2025-05-11,725,N20,VIIRS,n,2,307.53,5.69,D,0
16.49992,78.44586,332.34,0.32,0.55,2025-05-11,725,N20,VIIRS,n,2,298.52,2.28,D,0
16.52723,79.46408,338.89,0.55,0.51,2025-05-11,725,N20,VIIRS,n,2,303.64,7.37,D,0
16.54567,80.42506,343.44,0.48,0.48,2025-05-11,725,N20,VIIRS,n,2,304.66,4.78,D,0
16.54966,80.42412,341.45,0.48,0.48,2025-05-11,725,N20,VIIRS,n,2,303.54,6.72,D,0
16.56555,77.99236,338.14,0.35,0.56,2025-05-11,725,N20,VIIRS,n,2,298.93,5.46,D,0
16.58769,78.1297,337.45,0.34,0.56,2025-05-11,725,N20,VIIRS,n,2,300.0,3.81,D,0
16.59747,80.46032,343.99,0.48,0.48,2025-05-11,725,N20,VIIRS,n,2,305.26,4.32,D,0
16.59828,80.09605,338.82,0.5,0.49,2025-05-11,725,N20,VIIRS,n,2,304.68,9.8,D,0
16.60152,80.09777,345.53,0.5,0.49,2025-05-11,725,N20,VIIRS,n,2,304.36,11.36,D,0
16.61586,79.05148,335.35,0.59,0.53,2025-05-11,725,N20,VIIRS,n,2,303.21,3.64,D,0
16.61676,79.05537,339.38,0.59,0.53,2025-05-11,725,N20,VIIRS,n,2,301.9,7.87,D,0
16.61688,79.05691,332.98,0.59,0.53,2025-05-11,725,N20,VIIRS,n,2,301.98,3.64,D,0
16.62327,80.8056,333.6,0.45,0.47,2025-05-11,725,N20,VIIRS,l,2,304.7,3.87,D,0
16.62633,80.80469,343.44,0.45,0.47,2025-05-11,725,N20,VIIRS,n,2,305.17,7.86,D,0
16.62752,80.80476,341.3,0.45,0.47,2025-05-11,725,N20,VIIRS,n,2,304.36,3.87,D,0
16.64961,77.11057,334.21,0.39,0.6,2025-05-11,725,N20,VIIRS,n,2,296.34,4.06,D,0
16.6646,81.34507,333.57,0.42,0.45,2025-05-11,725,N20,VIIRS,n,2,299.82,3.61,D,0
16.72256,81.34483,330.31,0.42,0.45,2025-05-11,725,N20,VIIRS,l,2,303.44,4.4,D,0
16.72406,81.34544,336.4,0.42,0.45,2025-05-11,725,N20,VIIRS,n,2,303.24,3.95,D,0
16.72665,81.34403,332.96,0.42,0.45,2025-05-11,725,N20,VIIRS,n,2,300.31,3.45,D,0
16.73485,81.34245,330.95,0.42,0.45,2025-05-11,725,N20,VIIRS,l,2,304.11,3.43,D,0
16.74608,78.60941,335.37,0.63,0.54,2025-05-11,725,N20,VIIRS,n,2,303.08,5.3,D,0
16.76015,81.08218,342.25,0.43,0.46,2025-05-11,725,N20,VIIRS,n,2,305.25,9.4,D,0
16.76087,81.08617,341.68,0.43,0.46,2025-05-11,725,N20,VIIRS,n,2,302.36,8.05,D,0
16.78684,81.37205,337.31,0.41,0.45,2025-05-11,725,N20,VIIRS,n,2,303.48,4.63,D,0
16.79167,81.39877,334.37,0.41,0.45,2025-05-11,725,N20,VIIRS,n,2,303.28,3.87,D,0
16.79314,79.73982,338.56,0.53,0.5,2025-05-11,725,N20,VIIRS,n,2,305.78,3.78,D,0
16.79443,77.00329,334.62,0.4,0.6,2025-05-11,725,N20,VIIRS,n,2,298.95,7.04,D,0
16.79764,80.76004,330.11,0.45,0.47,2025-05-11,725,N20,VIIRS,l,2,301.06,2.96,D,0
16.83444,81.44941,332.29,0.41,0.45,2025-05-11,725,N20,VIIRS,n,2,301.84,3.31,D,0
16.83586,80.49734,334.93,0.47,0.48,2025-05-11,725,N20,VIIRS,n,2,302.56,6.0,D,0
16.83855,79.33361,333.6,0.56,0.51,2025-05-11,725,N20,VIIRS,n,2,302.41,5.34,D,0
16.84355,79.58344,336.38,0.54,0.51,2025-05-11,725,N20,VIIRS,n,2,305.25,3.12,D,0
16.86205,79.75594,345.45,0.52,0.5,2025-05-11,725,N20,VIIRS,n,2,306.15,7.58,D,0
16.86292,79.75668,347.28,0.52,0.5,2025-05-11,725,N20,VIIRS,n,2,306.29,6.63,D,0
16.89216,78.01836,333.98,0.34,0.56,2025-05-11,725,N20,VIIRS,n,2,296.39,2.83,D,0
16.89678,79.88362,331.23,0.51,0.49,2025-05-11,725,N20,VIIRS,l,2,303.29,4.21,D,0
16.89936,79.90688,342.96,0.51,0.49,2025-05-11,725,N20,VIIRS,n,2,304.89,6.79,D,0
16.90131,79.90718,343.2,0.51,0.49,2025-05-11,725,N20,VIIRS,n,2,305.51,6.78,D,0
16.90943,79.55462,341.52,0.54,0.51,2025-05-11,725,N20,VIIRS,n,2,307.45,7.81,D,0
16.94797,79.80917,336.38,0.52,0.5,2025-05-11,725,N20,VIIRS,l,2,306.5,7.84,D,0
16.99854,80.78651,342.84,0.45,0.47,2025-05-11,725,N20,VIIRS,n,2,304.62,3.69,D,0
17.01125,79.81396,343.29,0.51,0.5,2025-05-11,725,N20,VIIRS,n,2,305.95,10.16,D,0
17.01216,79.81868,337.98,0.51,0.5,2025-05-11,725,N20,VIIRS,n,2,305.73,5.48,D,0
17.01576,80.80878,341.69,0.44,0.46,2025-05-11,725,N20,VIIRS,n,2,301.75,3.15,D,0
17.01665,79.81776,341.38,0.51,0.5,2025-05-11,725,N20,VIIRS,n,2,305.48,5.48,D,0
17.02351,79.63145,336.7,0.53,0.5,2025-05-11,725,N20,VIIRS,n,2,304.85,3.64,D,0
17.03304,79.33719,343.56,0.55,0.51,2025-05-11,725,N20,VIIRS,n,2,304.53,5.32,D,0
17.03402,79.34228,334.87,0.55,0.51,2025-05-11,725,N20,VIIRS,n,2,303.43,5.32,D,0
17.03541,79.98877,338.32,0.5,0.49,2025-05-11,725,N20,VIIRS,n,2,303.81,2.55,D,0
17.04101,80.47616,335.18,0.47,0.47,2025-05-11,725,N20,VIIRS,l,2,306.12,3.69,D,0
17.0796,80.19686,341.73,0.49,0.48,2025-05-11,725,N20,VIIRS,n,2,305.99,10.47,D,0
17.08088,80.71399,331.25,0.45,0.47,2025-05-11,725,N20,VIIRS,l,2,303.0,2.54,D,0
17.08277,79.54536,339.37,0.53,0.5,2025-05-11,725,N20,VIIRS,n,2,303.86,3.0,D,0
17.08683,78.34559,338.07,0.32,0.55,2025-05-11,725,N20,VIIRS,n,2,303.14,4.94,D,0
17.08788,79.21955,340.99,0.56,0.52,2025-05-11,725,N20,VIIRS,n,2,305.56,6.73,D,0
17.0898,79.2174,337.53,0.56,0.52,2025-05-11,725,N20,VIIRS,n,2,304.97,9.86,D,0
17.09636,79.87012,351.85,0.51,0.49,2025-05-11,725,N20,VIIRS,n,2,306.21,12.16,D,0
17.09776,79.86688,341.73,0.51,0.49,2025-05-11,725,N20,VIIRS,n,2,306.14,11.66,D,0
17.09867,79.87157,345.03,0.51,0.49,2025-05-11,725,N20,VIIRS,n,2,307.72,19.87,D,0
17.09963,79.90052,332.31,0.51,0.49,2025-05-11,725,N20,VIIRS,l,2,305.01,3.06,D,0
17.10048,79.88094,345.42,0.51,0.49,2025-05-11,725,N20,VIIRS,n,2,309.19,12.57,D,0
17.10084,79.86924,353.42,0.51,0.49,2025-05-11,725,N20,VIIRS,n,2,306.47,12.16,D,0
17.10345,79.88332,346.16,0.51,0.49,2025-05-11,725,N20,VIIRS,n,2,308.02,12.64,D,0
17.1083,80.45356,331.6,0.47,0.48,2025-05-11,725,N20,VIIRS,l,2,304.03,1.78,D,0
17.10956,79.36711,344.63,0.55,0.51,2025-05-11,725,N20,VIIRS,n,2,304.21,6.53,D,0
17.10964,80.45051,333.69,0.47,0.47,2025-05-11,725,N20,VIIRS,n,2,303.11,2.77,D,0
17.11026,79.36366,336.74,0.55,0.51,2025-05-11,725,N20,VIIRS,n,2,303.56,3.34,D,0
17.11122,79.36871,334.47,0.55,0.51,2025-05-11,725,N20,VIIRS,n,2,302.3,3.34,D,0
17.11184,80.10159,332.59,0.49,0.49,2025-05-11,725,N20,VIIRS,l,2,303.0,4.06,D,0
17.1154,80.09619,337.15,0.49,0.49,2025-05-11,725,N20,VIIRS,n,2,305.27,4.06,D,0
17.1252,80.69217,341.83,0.45,0.47,2025-05-11,725,N20,VIIRS,n,2,304.2,4.14,D,0
17.1397,80.12872,337.94,0.49,0.49,2025-05-11,725,N20,VIIRS,n,2,301.22,3.34,D,0
17.14594,80.50119,334.38,0.46,0.47,2025-05-11,725,N20,VIIRS,l,2,305.85,2.65,D,0
17.16052,80.12141,335.33,0.49,0.48,2025-05-11,725,N20,VIIRS,n,2,304.56,2.56,D,0
17.16419,77.94699,338.45,0.34,0.56,2025-05-11,725,N20,VIIRS,n,2,301.4,5.7,D,0
17.16706,77.94501,339.19,0.34,0.56,2025-05-11,725,N20,VIIRS,n,2,300.93,4.56,D,0
17.18468,80.20047,342.97,0.48,0.48,2025-05-11,725,N20,VIIRS,n,2,304.43,6.09,D,0
17.18843,80.29156,335.92,0.48,0.48,2025-05-11,725,N20,VIIRS,n,2,303.75,4.13,D,0
17.18845,80.14842,339.59,0.49,0.48,2025-05-11,725,N20,VIIRS,n,2,302.24,6.41,D,0
17.18876,79.77274,343.7,0.51,0.5,2025-05-11,725,N20,VIIRS,n,2,302.3,6.85,D,0
17.18953,80.44792,331.89,0.47,0.47,2025-05-11,725,N20,VIIRS,l,2,304.15,2.12,D,0
17.20248,79.86746,342.17,0.51,0.49,2025-05-11,725,N20,VIIRS,n,2,307.65,6.19,D,0
17.20498,79.86935,337.85,0.51,0.49,2025-05-11,725,N20,VIIRS,n,2,306.49,3.7,D,0
17.23447,78.54163,331.11,0.62,0.54,2025-05-11,725,N20,VIIRS,n,2,300.26,1.34,D,0
17.24706,80.24326,333.08,0.48,0.48,2025-05-11,725,N20,VIIRS,l,2,305.46,3.89,D,0
17.24816,79.5425,340.22,0.53,0.5,2025-05-11,725,N20,VIIRS,n,2,304.79,4.73,D,0
17.25061,80.45467,347.78,0.46,0.47,2025-05-11,725,N20,VIIRS,n,2,308.2,8.82,D,0
17.25141,80.24237,333.7,0.48,0.48,2025-05-11,725,N20,VIIRS,l,2,304.42,3.89,D,0
17.25222,80.46324,342.63,0.46,0.47,2025-05-11,725,N20,VIIRS,n,2,303.07,6.46,D,0
17.25491,80.45381,336.61,0.46,0.47,2025-05-11,725,N20,VIIRS,n,2,303.82,8.82,D,0
17.2592,80.45296,334.73,0.46,0.47,2025-05-11,725,N20,VIIRS,n,2,303.5,1.84,D,0
17.26715,80.06,336.02,0.49,0.49,2025-05-11,725,N20,VIIRS,l,2,308.46,5.81,D,0
17.28994,79.5136,343.76,0.53,0.5,2025-05-11,725,N20,VIIRS,n,2,303.94,13.6,D,0
17.29823,80.00651,336.03,0.49,0.49,2025-05-11,725,N20,VIIRS,n,2,305.99,4.62,D,0
17.30265,80.00562,335.36,0.49,0.49,2025-05-11,725,N20,VIIRS,l,2,305.56,1.98,D,0
17.30278,80.35028,337.07,0.47,0.48,2025-05-11,725,N20,VIIRS,n,2,306.3,7.6,D,0
17.32499,80.90102,344.06,0.43,0.46,2025-05-11,725,N20,VIIRS,n,2,305.76,10.0,D,0
17.32573,80.90502,340.27,0.43,0.46,2025-05-11,725,N20,VIIRS,n,2,302.5,5.67,D,0
17.32646,79.03837,341.21,0.57,0.52,2025-05-11,725,N20,VIIRS,n,2,303.63,7.49,D,0
17.33397,77.70462,335.6,0.35,0.57,2025-05-11,725,N20,VIIRS,n,2,301.87,8.32,D,0
17.33557,77.70316,337.59,0.35,0.57,2025-05-11,725,N20,VIIRS,n,2,302.43,5.72,D,0
17.33791,79.71465,342.9,0.52,0.5,2025-05-11,725,N20,VIIRS,n,2,303.83,7.3,D,0
17.34291,79.46848,344.02,0.53,0.5,2025-05-11,725,N20,VIIRS,n,2,304.38,5.43,D,0
17.34364,79.47178,347.32,0.54,0.5,2025-05-11,725,N20,VIIRS,n,2,303.63,9.86,D,0
17.34388,79.47343,335.63,0.53,0.5,2025-05-11,725,N20,VIIRS,n,2,302.43,5.43,D,0
17.37109,78.9606,332.02,0.58,0.52,2025-05-11,725,N20,VIIRS,l,2,302.3,5.17,D,0
17.37213,78.91609,330.43,0.58,0.52,2025-05-11,725,N20,VIIRS,l,2,302.59,4.16,D,0
17.37572,79.64235,343.71,0.52,0.5,2025-05-11,725,N20,VIIRS,n,2,304.13,7.2,D,0
17.37717,79.64349,344.41,0.52,0.5,2025-05-11,725,N20,VIIRS,n,2,303.38,6.25,D,0
17.38895,78.95149,331.66,0.58,0.52,2025-05-11,725,N20,VIIRS,n,2,300.42,3.02,D,0
17.41361,78.952,334.84,0.58,0.52,2025-05-11,725,N20,VIIRS,n,2,302.68,2.65,D,0
17.42138,80.52378,340.25,0.46,0.47,2025-05-11,725,N20,VIIRS,n,2,305.61,5.25,D,0
17.42305,79.23882,333.18,0.55,0.51,2025-05-11,725,N20,VIIRS,l,2,303.33,2.99,D,0
17.48639,79.65099,352.79,0.52,0.5,2025-05-11,725,N20,VIIRS,n,2,305.74,10.2,D,0
17.48798,79.65266,337.96,0.52,0.5,2025-05-11,725,N20,VIIRS,n,2,305.71,3.71,D,0
17.49096,79.99371,343.98,0.49,0.49,2025-05-11,725,N20,VIIRS,n,2,309.41,5.09,D,0
17.49657,79.90219,343.94,0.5,0.49,2025-05-11,725,N20,VIIRS,n,2,307.48,4.42,D,0
17.50292,80.54312,335.17,0.45,0.47,2025-05-11,725,N20,VIIRS,l,2,307.43,8.86,D,0
17.5094,79.79858,342.16,0.51,0.49,2025-05-11,725,N20,VIIRS,n,2,306.7,5.62,D,0
17.51947,79.9262,342.85,0.5,0.49,2025-05-11,725,N20,VIIRS,n,2,306.06,3.49,D,0
17.52389,79.92529,351.27,0.5,0.49,2025-05-11,725,N20,VIIRS,n,2,307.63,4.93,D,0
17.52684,79.12251,332.39,0.56,0.51,2025-05-11,725,N20,VIIRS,n,2,302.02,3.8,D,0
17.53717,79.92264,337.53,0.5,0.49,2025-05-11,725,N20,VIIRS,n,2,306.24,5.54,D,0
17.54065,79.92352,347.5,0.5,0.49,2025-05-11,725,N20,VIIRS,n,2,305.31,4.87,D,0
17.57285,78.10188,333.67,0.33,0.55,2025-05-11,725,N20,VIIRS,n,2,302.47,5.01,D,0
17.57517,79.8879,339.84,0.5,0.49,2025-05-11,725,N20,VIIRS,n,2,305.54,5.45,D,0
17.5813,80.44903,342.0,0.46,0.47,2025-05-11,725,N20,VIIRS,n,2,306.62,8.32,D,0
17.58224,79.90086,349.28,0.5,0.49,2025-05-11,725,N20,VIIRS,n,2,307.8,8.8,D,0
17.58397,80.24782,340.05,0.47,0.48,2025-05-11,725,N20,VIIRS,n,2,304.79,2.74,D,0
17.5848,80.44404,332.62,0.46,0.47,2025-05-11,725,N20,VIIRS,l,2,305.28,3.0,D,0
17.58964,80.51725,332.21,0.45,0.47,2025-05-11,725,N20,VIIRS,l,2,302.58,2.23,D,0
17.59768,79.71384,338.36,0.51,0.49,2025-05-11,725,N20,VIIRS,n,2,304.39,4.5,D,0
17.60908,80.18483,334.61,0.48,0.48,2025-05-11,725,N20,VIIRS,n,2,303.42,9.11,D,0
17.60994,80.24266,330.73,0.47,0.48,2025-05-11,725,N20,VIIRS,l,2,304.4,2.23,D,0
17.61048,80.23929,336.83,0.47,0.48,2025-05-11,725,N20,VIIRS,n,2,304.83,2.6,D,0
17.63077,79.91477,336.86,0.49,0.49,2025-05-11,725,N20,VIIRS,l,2,307.87,3.57,D,0
17.63162,79.91932,333.56,0.49,0.49,2025-05-11,725,N20,VIIRS,l,2,307.31,3.57,D,0
17.6454,80.37572,332.92,0.46,0.47,2025-05-11,725,N20,VIIRS,l,2,304.8,4.93,D,0
17.64572,79.29553,338.42,0.54,0.51,2025-05-11,725,N20,VIIRS,n,2,306.09,5.34,D,0
17.64719,79.2979,338.42,0.54,0.51,2025-05-11,725,N20,VIIRS,n,2,304.72,6.76,D,0
17.6505,80.37918,332.0,0.46,0.47,2025-05-11,725,N20,VIIRS,l,2,304.49,4.11,D,0
17.65224,79.37707,344.73,0.54,0.5,2025-05-11,725,N20,VIIRS,n,2,306.99,7.15,D,0
17.65311,79.37959,343.06,0.54,0.5,2025-05-11,725,N20,VIIRS,n,2,306.28,7.31,D,0
17.65679,79.79195,339.99,0.5,0.49,2025-05-11,725,N20,VIIRS,n,2,303.66,2.59,D,0
17.66124,79.79104,334.43,0.5,0.49,2025-05-11,725,N20,VIIRS,l,2,304.93,3.99,D,0
17.67816,79.75854,338.14,0.51,0.49,2025-05-11,725,N20,VIIRS,n,2,306.4,6.11,D,0
17.68692,77.56026,331.76,0.35,0.57,2025-05-11,725,N20,VIIRS,n,2,300.83,3.12,D,0
17.68758,77.56352,330.26,0.35,0.57,2025-05-11,725,N20,VIIRS,n,2,300.02,3.12,D,0
17.69192,77.42525,331.91,0.36,0.57,2025-05-11,725,N20,VIIRS,n,2,297.24,5.71,D,0
17.71994,79.72253,331.72,0.51,0.49,2025-05-11,725,N20,VIIRS,l,2,303.87,1.98,D,0
17.72962,79.67673,332.79,0.51,0.49,2025-05-11,725,N20,VIIRS,l,2,303.87,2.73,D,0
17.74065,79.78146,330.44,0.5,0.49,2025-05-11,725,N20,VIIRS,l,2,303.16,1.56,D,0
17.74578,79.92183,335.42,0.49,0.49,2025-05-11,725,N20,VIIRS,l,2,306.95,2.28,D,0
17.74848,79.91179,333.65,0.49,0.49,2025-05-11,725,N20,VIIRS,l,2,307.13,5.02,D,0
17.77444,79.76495,337.78,0.5,0.49,2025-05-11,725,N20,VIIRS,n,2,306.52,5.72,D,0
17.79763,79.66762,336.62,0.51,0.49,2025-05-11,725,N20,VIIRS,n,2,302.23,2.86,D,0
17.87251,79.51161,339.74,0.52,0.5,2025-05-11,725,N20,VIIRS,n,2,307.76,4.67,D,0
17.87343,79.51642,336.22,0.52,0.5,2025-05-11,725,N20,VIIRS,l,2,306.87,4.67,D,0
17.87365,79.14939,344.67,0.55,0.51,2025-05-11,725,N20,VIIRS,n,2,305.73,9.02,D,0
17.87551,79.79449,334.99,0.5,0.49,2025-05-11,725,N20,VIIRS,l,2,305.31,3.13,D,0
17.88146,80.8204,333.29,0.43,0.46,2025-05-11,725,N20,VIIRS,l,2,305.14,5.42,D,0
17.89117,79.97106,339.67,0.49,0.48,2025-05-11,725,N20,VIIRS,n,2,308.0,8.16,D,0
17.89158,79.9736,339.35,0.49,0.48,2025-05-11,725,N20,VIIRS,n,2,307.48,5.73,D,0
17.89322,79.47225,335.07,0.52,0.5,2025-05-11,725,N20,VIIRS,l,2,307.69,3.62,D,0
17.89417,79.47301,343.38,0.52,0.5,2025-05-11,725,N20,VIIRS,n,2,309.05,3.55,D,0
17.89955,79.67847,336.02,0.51,0.49,2025-05-11,725,N20,VIIRS,n,2,303.77,3.21,D,0
17.90659,79.74,347.22,0.5,0.49,2025-05-11,725,N20,VIIRS,n,2,308.12,7.07,D,0
17.92337,79.77996,337.29,0.5,0.49,2025-05-11,725,N20,VIIRS,l,2,307.4,5.19,D,0
17.95196,79.45582,333.16,0.52,0.5,2025-05-11,725,N20,VIIRS,l,2,306.88,4.15,D,0
17.96259,80.13234,330.27,0.47,0.48,2025-05-11,725,N20,VIIRS,l,2,301.95,2.22,D,0
17.96976,79.71794,335.57,0.5,0.49,2025-05-11,725,N20,VIIRS,n,2,305.41,4.64,D,0
17.97102,80.8316,342.45,0.43,0.46,2025-05-11,725,N20,VIIRS,n,2,304.71,9.05,D,0
17.97449,79.42598,333.52,0.52,0.5,2025-05-11,725,N20,VIIRS,n,2,302.46,4.5,D,0
17.99548,79.77984,342.17,0.5,0.49,2025-05-11,725,N20,VIIRS,n,2,304.96,1.9,D,0
18.00088,79.66302,344.08,0.51,0.49,2025-05-11,725,N20,VIIRS,n,2,308.47,11.65,D,0
18.00711,79.67145,346.21,0.5,0.49,2025-05-11,725,N20,VIIRS,n,2,305.24,8.43,D,0
18.01851,79.75584,342.02,0.5,0.49,2025-05-11,725,N20,VIIRS,n,2,306.97,6.67,D,0
18.02276,80.6853,338.31,0.43,0.46,2025-05-11,725,N20,VIIRS,n,2,306.27,5.27,D,0
18.02293,79.75491,348.72,0.5,0.49,2025-05-11,725,N20,VIIRS,n,2,305.46,6.67,D,0
18.02769,80.68848,342.51,0.43,0.46,2025-05-11,725,N20,VIIRS,n,2,305.27,5.27,D,0
18.03111,80.68362,341.01,0.43,0.46,2025-05-11,725,N20,VIIRS,n,2,306.28,6.23,D,0
18.03186,80.68764,341.65,0.43,0.46,2025-05-11,725,N20,VIIRS,n,2,305.54,6.23,D,0
18.03188,80.59513,335.43,0.44,0.46,2025-05-11,725,N20,VIIRS,n,2,303.29,4.55,D,0
18.03531,80.59019,332.8,0.44,0.46,2025-05-11,725,N20,VIIRS,l,2,303.38,4.55,D,0
18.03607,80.59427,348.02,0.44,0.46,2025-05-11,725,N20,VIIRS,n,2,305.92,4.55,D,0
18.03671,79.45081,336.58,0.52,0.5,2025-05-11,725,N20,VIIRS,n,2,303.51,2.68,D,0
18.04081,79.70306,342.49,0.5,0.49,2025-05-11,725,N20,VIIRS,n,2,305.83,11.75,D,0
18.05378,78.32753,333.72,0.62,0.54,2025-05-11,725,N20,VIIRS,n,2,298.98,11.86,D,0
18.05799,79.81921,335.42,0.49,0.49,2025-05-11,725,N20,VIIRS,l,2,306.47,4.81,D,0
18.08237,79.73532,343.35,0.5,0.49,2025-05-11,725,N20,VIIRS,n,2,305.5,4.29,D,0
18.09301,79.71877,337.43,0.5,0.49,2025-05-11,725,N20,VIIRS,n,2,303.35,4.43,D,0
18.09475,79.75185,334.68,0.5,0.49,2025-05-11,725,N20,VIIRS,l,2,306.9,5.47,D,0
18.09563,79.75642,343.72,0.5,0.49,2025-05-11,725,N20,VIIRS,n,2,306.22,5.47,D,0
18.11042,79.92863,333.15,0.48,0.48,2025-05-11,725,N20,VIIRS,l,2,303.26,4.34,D,0
18.11229,79.47185,335.05,0.52,0.5,2025-05-11,725,N20,VIIRS,l,2,306.97,2.34,D,0
18.11239,79.77201,334.23,0.5,0.49,2025-05-11,725,N20,VIIRS,l,2,305.18,2.71,D,0
18.1148,79.9278,333.71,0.48,0.48,2025-05-11,725,N20,VIIRS,n,2,303.38,5.9,D,0
18.11569,79.93245,350.87,0.48,0.48,2025-05-11,725,N20,VIIRS,n,2,304.27,5.9,D,0
18.11594,79.76653,332.57,0.5,0.49,2025-05-11,725,N20,VIIRS,l,2,306.62,2.71,D,0
18.11681,79.7711,333.28,0.5,0.49,2025-05-11,725,N20,VIIRS,l,2,307.14,2.71,D,0
18.12719,79.54783,331.93,0.51,0.49,2025-05-11,725,N20,VIIRS,l,2,306.58,1.1,D,0
18.13044,79.55005,333.16,0.51,0.49,2025-05-11,725,N20,VIIRS,l,2,305.13,2.45,D,0
18.15762,79.53661,335.38,0.51,0.49,2025-05-11,725,N20,VIIRS,l,2,309.29,3.21,D,0
18.16137,79.66572,341.06,0.5,0.49,2025-05-11,725,N20,VIIRS,n,2,299.37,4.76,D,0
18.17894,80.63639,344.96,0.44,0.46,2025-05-11,725,N20,VIIRS,n,2,305.84,7.38,D,0
18.18951,80.52866,331.06,0.44,0.46,2025-05-11,725,N20,VIIRS,l,2,303.89,2.19,D,0
18.20162,79.64466,338.62,0.5,0.49,2025-05-11,725,N20,VIIRS,n,2,305.21,3.52,D,0
18.20422,79.58554,347.69,0.51,0.49,2025-05-11,725,N20,VIIRS,n,2,308.14,7.96,D,0
18.20517,79.63909,339.14,0.5,0.49,2025-05-11,725,N20,VIIRS,n,2,307.24,19.07,D,0
18.20606,79.64374,344.13,0.5,0.49,2025-05-11,725,N20,VIIRS,n,2,306.66,23.86,D,0
18.2307,79.25295,332.18,0.53,0.5,2025-05-11,725,N20,VIIRS,l,2,303.94,2.34,D,0
18.23108,79.48168,335.67,0.51,0.5,2025-05-11,725,N20,VIIRS,n,2,305.01,4.13,D,0
18.23197,79.48643,334.28,0.51,0.5,2025-05-11,725,N20,VIIRS,l,2,306.51,4.13,D,0
18.2324,79.47916,342.05,0.51,0.5,2025-05-11,725,N20,VIIRS,n,2,305.16,6.29,D,0
18.23332,79.48391,333.94,0.51,0.5,2025-05-11,725,N20,VIIRS,l,2,306.08,4.46,D,0
18.24162,79.61182,333.57,0.5,0.49,2025-05-11,725,N20,VIIRS,l,2,305.61,4.29,D,0
18.25173,79.57815,344.17,0.51,0.49,2025-05-11,725,N20,VIIRS,n,2,308.07,8.19,D,0
18.25329,79.57529,343.95,0.51,0.49,2025-05-11,725,N20,VIIRS,n,2,307.46,11.04,D,0
18.25767,79.59869,343.98,0.51,0.49,2025-05-11,725,N20,VIIRS,n,2,307.07,7.1,D,0
18.25982,79.59589,343.07,0.5,0.49,2025-05-11,725,N20,VIIRS,n,2,306.54,5.92,D,0
18.26386,79.82748,337.84,0.49,0.48,2025-05-11,725,N20,VIIRS,n,2,304.54,4.57,D,0
18.26592,79.55566,345.9,0.51,0.49,2025-05-11,725,N20,VIIRS,n,2,308.0,11.77,D,0
18.27038,79.5547,343.5,0.51,0.49,2025-05-11,725,N20,VIIRS,n,2,304.12,6.94,D,0
18.30612,79.57169,344.03,0.51,0.49,2025-05-11,725,N20,VIIRS,n,2,306.51,15.08,D,0
18.33458,79.59963,336.0,0.5,0.49,2025-05-11,725,N20,VIIRS,n,2,305.36,4.47,D,0
18.41204,81.31365,338.09,0.39,0.44,2025-05-11,725,N20,VIIRS,n,2,300.86,3.46,D,0
18.50402,80.41212,354.64,0.44,0.46,2025-05-11,725,N20,VIIRS,n,2,307.05,9.48,D,0
18.50824,80.41128,337.97,0.44,0.46,2025-05-11,725,N20,VIIRS,n,2,305.91,9.48,D,0
18.53943,81.20932,336.23,0.4,0.44,2025-05-11,725,N20,VIIRS,n,2,300.0,4.66,D,0
18.06038,78.09815,335.94,0.32,0.54,2025-05-11,726,N20,VIIRS,n,2,295.05,3.84,D,0
18.07792,78.03255,339.05,0.32,0.55,2025-05-11,726,N20,VIIRS,n,2,299.08,3.34,D,0
18.09401,77.90685,333.64,0.33,0.55,2025-05-11,726,N20,VIIRS,n,2,300.2,1.2,D,0
18.13483,78.00774,331.23,0.32,0.55,2025-05-11,726,N20,VIIRS,n,2,296.21,2.72,D,0
18.18059,77.8981,338.41,0.33,0.55,2025-05-11,726,N20,VIIRS,n,2,300.37,1.46,D,0
18.18603,78.26679,331.11,0.62,0.54,2025-05-11,726,N20,VIIRS,n,2,299.36,6.73,D,0
18.24669,77.79003,346.48,0.33,0.55,2025-05-11,726,N20,VIIRS,n,2,300.81,4.41,D,0
18.28987,77.77113,342.29,0.33,0.55,2025-05-11,726,N20,VIIRS,n,2,302.01,3.99,D,0
18.31422,77.86652,334.86,0.33,0.55,2025-05-11,726,N20,VIIRS,n,2,300.37,4.85,D,0
18.33468,77.86513,332.74,0.33,0.55,2025-05-11,726,N20,VIIRS,n,2,301.03,1.9,D,0
18.33722,77.85118,337.83,0.33,0.55,2025-05-11,726,N20,VIIRS,n,2,302.27,2.76,D,0
18.33727,77.85202,335.58,0.33,0.55,2025-05-11,726,N20,VIIRS,n,2,301.83,2.35,D,0
18.33898,79.41869,333.17,0.52,0.5,2025-05-11,726,N20,VIIRS,n,2,303.55,3.17,D,0
18.34161,79.40818,333.31,0.52,0.5,2025-05-11,726,N20,VIIRS,n,2,302.03,2.68,D,0
18.34254,79.41296,340.89,0.52,0.5,2025-05-11,726,N20,VIIRS,n,2,303.11,12.71,D,0
18.34347,79.41774,367.0,0.52,0.5,2025-05-11,726,N20,VIIRS,h,2,306.25,12.71,D,0
18.35446,79.45016,342.58,0.51,0.5,2025-05-11,726,N20,VIIRS,n,2,303.9,6.36,D,0
18.35767,77.87489,343.53,0.33,0.55,2025-05-11,726,N20,VIIRS,n,2,298.84,6.66,D,0
18.35807,79.29928,336.6,0.53,0.5,2025-05-11,726,N20,VIIRS,n,2,303.25,4.0,D,0
18.35828,77.87792,348.91,0.33,0.55,2025-05-11,726,N20,VIIRS,n,2,299.43,7.81,D,0
18.36145,79.41391,335.31,0.52,0.5,2025-05-11,726,N20,VIIRS,n,2,303.72,2.22,D,0
18.38587,79.44358,335.26,0.51,0.5,2025-05-11,726,N20,VIIRS,n,2,301.54,4.21,D,0
18.39521,79.58865,340.62,0.5,0.49,2025-05-11,726,N20,VIIRS,n,2,305.92,2.43,D,0
18.4011,77.85903,335.89,0.33,0.55,2025-05-11,726,N20,VIIRS,n,2,301.16,3.33,D,0
18.41917,79.54467,353.66,0.51,0.49,2025-05-11,726,N20,VIIRS,n,2,306.03,21.9,D,0
18.43691,79.38454,332.86,0.52,0.5,2025-05-11,726,N20,VIIRS,l,2,303.3,2.12,D,0
18.44645,78.90493,343.54,0.55,0.51,2025-05-11,726,N20,VIIRS,n,2,300.85,8.37,D,0
18.44903,78.90685,342.0,0.56,0.51,2025-05-11,726,N20,VIIRS,n,2,299.37,5.79,D,0
18.45926,79.53624,333.95,0.51,0.49,2025-05-11,726,N20,VIIRS,l,2,305.09,3.79,D,0
18.47656,77.79641,330.98,0.33,0.55,2025-05-11,726,N20,VIIRS,n,2,298.65,2.65,D,0
18.48672,79.44855,343.74,0.51,0.49,2025-05-11,726,N20,VIIRS,n,2,303.92,6.52,D,0
18.5041,79.65837,342.63,0.5,0.49,2025-05-11,726,N20,VIIRS,n,2,303.21,5.45,D,0
18.50813,80.41199,336.78,0.44,0.46,2025-05-11,726,N20,VIIRS,n,2,305.41,3.73,D,0
18.55326,79.18063,331.97,0.53,0.5,2025-05-11,726,N20,VIIRS,n,2,300.52,2.72,D,0
18.57089,79.72028,354.38,0.49,0.49,2025-05-11,726,N20,VIIRS,n,2,306.07,11.53,D,0
18.60316,77.80549,334.81,0.33,0.55,2025-05-11,726,N20,VIIRS,n,2,302.47,3.08,D,0
18.60585,77.25909,336.92,0.35,0.57,2025-05-11,726,N20,VIIRS,n,2,298.98,4.44,D,0
18.60651,77.26232,343.62,0.35,0.57,2025-05-11,726,N20,VIIRS,n,2,298.86,5.25,D,0
18.6199,78.68736,332.45,0.57,0.52,2025-05-11,726,N20,VIIRS,n,2,301.48,3.73,D,0
18.62188,78.69005,342.57,0.57,0.52,2025-05-11,726,N20,VIIRS,n,2,301.78,11.9,D,0
18.62458,78.68635,345.27,0.57,0.52,2025-05-11,726,N20,VIIRS,n,2,301.61,7.9,D,0
18.64963,79.68156,335.66,0.49,0.49,2025-05-11,726,N20,VIIRS,n,2,303.31,4.27,D,0
18.65051,79.68616,338.08,0.49,0.49,2025-05-11,726,N20,VIIRS,n,2,304.07,4.27,D,0
18.65138,79.69072,336.91,0.49,0.49,2025-05-11,726,N20,VIIRS,n,2,304.66,7.28,D,0
18.6549,79.6852,348.36,0.49,0.49,2025-05-11,726,N20,VIIRS,n,2,303.64,4.27,D,0
18.66322,79.82425,337.04,0.48,0.48,2025-05-11,726,N20,VIIRS,n,2,303.99,6.78,D,0
18.66427,77.82642,336.43,0.32,0.55,2025-05-11,726,N20,VIIRS,n,2,303.16,4.45,D,0
18.66459,77.82629,336.23,0.32,0.55,2025-05-11,726,N20,VIIRS,n,2,302.72,5.68,D,0
18.66758,79.82333,338.13,0.48,0.48,2025-05-11,726,N20,VIIRS,n,2,303.67,6.67,D,0
18.66962,77.85339,339.0,0.32,0.55,2025-05-11,726,N20,VIIRS,n,2,301.63,3.04,D,0
18.67013,77.85321,339.2,0.32,0.55,2025-05-11,726,N20,VIIRS,n,2,301.08,3.81,D,0
18.67397,77.84933,333.13,0.32,0.55,2025-05-11,726,N20,VIIRS,n,2,300.76,3.04,D,0
18.67447,77.84916,336.58,0.32,0.55,2025-05-11,726,N20,VIIRS,n,2,300.13,5.48,D,0
18.67456,77.85229,351.96,0.32,0.55,2025-05-11,726,N20,VIIRS,n,2,300.5,3.04,D,0
18.67507,77.85211,345.77,0.32,0.55,2025-05-11,726,N20,VIIRS,n,2,299.74,2.32,D,0
18.67957,79.86258,350.09,0.48,0.48,2025-05-11,726,N20,VIIRS,n,2,307.51,18.3,D,0
18.68366,77.86884,338.03,0.32,0.55,2025-05-11,726,N20,VIIRS,n,2,300.29,2.84,D,0
18.70526,77.56519,343.71,0.34,0.56,2025-05-11,726,N20,VIIRS,n,2,302.81,6.45,D,0
18.71512,77.69218,349.31,0.33,0.55,2025-05-11,726,N20,VIIRS,n,2,300.35,2.69,D,0
18.71806,79.54048,332.85,0.5,0.49,2025-05-11,726,N20,VIIRS,l,2,303.88,7.64,D,0
18.72513,78.10873,336.71,0.62,0.54,2025-05-11,726,N20,VIIRS,n,2,300.33,6.39,D,0
18.72669,78.12901,336.28,0.62,0.54,2025-05-11,726,N20,VIIRS,n,2,297.93,7.19,D,0
18.72685,78.10499,344.33,0.62,0.54,2025-05-11,726,N20,VIIRS,n,2,301.1,9.27,D,0
18.73191,78.07999,331.5,0.62,0.54,2025-05-11,726,N20,VIIRS,n,2,299.31,5.26,D,0
18.76157,78.15133,335.12,0.61,0.54,2025-05-11,726,N20,VIIRS,n,2,300.08,5.89,D,0
18.77052,78.39152,333.16,0.59,0.53,2025-05-11,726,N20,VIIRS,n,2,298.86,2.91,D,0
18.77382,78.01029,333.06,0.63,0.54,2025-05-11,726,N20,VIIRS,n,2,300.57,1.87,D,0
18.78853,78.10934,336.15,0.62,0.54,2025-05-11,726,N20,VIIRS,n,2,300.77,4.62,D,0
18.8001,77.93701,333.63,0.63,0.54,2025-05-11,726,N20,VIIRS,n,2,301.51,7.6,D,0
18.80257,77.99049,334.06,0.63,0.54,2025-05-11,726,N20,VIIRS,n,2,301.4,5.85,D,0
18.82488,78.12398,332.12,0.61,0.54,2025-05-11,726,N20,VIIRS,n,2,301.27,1.42,D,0
18.82505,78.87038,342.42,0.55,0.51,2025-05-11,726,N20,VIIRS,n,2,301.3,8.29,D,0
18.84105,78.29783,331.22,0.6,0.53,2025-05-11,726,N20,VIIRS,n,2,299.88,3.86,D,0
18.845,78.99706,330.27,0.54,0.51,2025-05-11,726,N20,VIIRS,n,2,298.12,6.77,D,0
18.86441,78.01903,332.17,0.62,0.54,2025-05-11,726,N20,VIIRS,n,2,300.51,4.22,D,0
18.88926,79.15178,343.59,0.53,0.5,2025-05-11,726,N20,VIIRS,n,2,301.06,6.84,D,0
18.89378,79.15079,340.48,0.53,0.5,2025-05-11,726,N20,VIIRS,n,2,301.67,6.01,D,0
18.92437,78.24298,334.94,0.6,0.53,2025-05-11,726,N20,VIIRS,n,2,300.76,3.6,D,0
18.98937,79.10602,336.95,0.53,0.5,2025-05-11,726,N20,VIIRS,n,2,301.44,4.21,D,0
19.04051,78.27919,330.86,0.59,0.53,2025-05-11,726,N20,VIIRS,l,2,301.26,3.39,D,0
19.05672,78.14021,336.68,0.61,0.53,2025-05-11,726,N20,VIIRS,n,2,302.0,7.97,D,0
19.0771,78.14158,338.21,0.61,0.53,2025-05-11,726,N20,VIIRS,n,2,301.31,6.64,D,0
19.08061,78.03432,330.81,0.62,0.54,2025-05-11,726,N20,VIIRS,n,2,297.49,6.38,D,0
19.08176,78.04,331.21,0.61,0.54,2025-05-11,726,N20,VIIRS,n,2,299.31,4.41,D,0
19.10172,78.08899,345.41,0.61,0.53,2025-05-11,726,N20,VIIRS,n,2,300.72,8.8,D,0
19.16046,77.78915,336.83,0.32,0.54,2025-05-11,726,N20,VIIRS,n,2,298.86,11.6,D,0
19.18574,78.23795,331.92,0.59,0.53,2025-05-11,726,N20,VIIRS,n,2,300.79,5.75,D,0
19.18672,78.2398,333.41,0.59,0.53,2025-05-11,726,N20,VIIRS,n,2,300.9,5.46,D,0
19.23395,81.10123,336.98,0.39,0.44,2025-05-11,726,N20,VIIRS,n,2,298.21,3.84,D,0
19.36688,80.86384,337.78,0.4,0.44,2025-05-11,726,N20,VIIRS,n,2,299.63,5.78,D,0
19.5831,80.97176,331.67,0.39,0.44,2025-05-11,726,N20,VIIRS,n,2,300.23,2.06,D,0
19.61819,80.9731,340.8,0.39,0.44,2025-05-11,726,N20,VIIRS,n,2,299.44,4.38,D,0
19.6376,78.383,340.86,0.57,0.52,2025-05-11,726,N20,VIIRS,n,2,302.26,8.08,D,0
19.64138,78.38451,336.61,0.57,0.52,2025-05-11,726,N20,VIIRS,n,2,302.02,8.97,D,0
19.6768,80.81377,340.13,0.4,0.44,2025-05-11,726,N20,VIIRS,n,2,297.31,9.14,D,0
19.6795,80.8091,340.44,0.4,0.44,2025-05-11,726,N20,VIIRS,n,2,299.59,14.0,D,0
19.68006,80.80888,338.48,0.4,0.44,2025-05-11,726,N20,VIIRS,n,2,299.03,9.14,D,0
19.6802,80.81297,342.86,0.4,0.44,2025-05-11,726,N20,VIIRS,n,2,299.38,14.0,D,0
19.68078,80.81274,341.0,0.4,0.44,2025-05-11,726,N20,VIIRS,n,2,298.67,9.14,D,0
19.6902,80.81847,330.96,0.4,0.44,2025-05-11,726,N20,VIIRS,n,2,298.03,2.21,D,0
19.69418,80.81746,350.63,0.4,0.44,2025-05-11,726,N20,VIIRS,n,2,298.99,9.27,D,0
19.70011,77.60738,335.17,0.32,0.55,2025-05-11,726,N20,VIIRS,n,2,302.29,2.04,D,0
19.73981,79.88356,332.23,0.46,0.47,2025-05-11,726,N20,VIIRS,n,2,303.0,3.4,D,0
19.74063,79.88783,346.02,0.45,0.47,2025-05-11,726,N20,VIIRS,n,2,302.83,4.28,D,0
19.74406,79.88264,339.68,0.46,0.47,2025-05-11,726,N20,VIIRS,n,2,302.07,3.08,D,0
19.74488,79.88689,336.64,0.45,0.47,2025-05-11,726,N20,VIIRS,n,2,302.39,4.14,D,0
19.76275,80.87348,335.94,0.4,0.44,2025-05-11,726,N20,VIIRS,n,2,300.38,5.5,D,0
17.28978,80.82548,308.73,0.48,0.4,2025-05-11,1956,N20,VIIRS,n,2,296.38,1.17,N,0
17.29068,80.82281,309.76,0.48,0.4,2025-05-11,1956,N20,VIIRS,n,2,296.33,1.26,N,0
17.3004,81.15272,306.44,0.46,0.39,2025-05-11,1956,N20,VIIRS,n,2,295.37,0.69,N,0
17.33556,80.87401,307.9,0.48,0.4,2025-05-11,1956,N20,VIIRS,n,2,296.13,1.11,N,0
17.46278,80.65238,312.23,0.49,0.4,2025-05-11,1956,N20,VIIRS,n,2,297.64,1.33,N,2
17.95845,80.78596,309.54,0.49,0.4,2025-05-11,1956,N20,VIIRS,n,2,298.89,1.29,N,0
17.96766,80.82968,316.27,0.49,0.4,2025-05-11,1956,N20,VIIRS,n,2,298.03,3.5,N,0
17.97136,80.83025,338.17,0.49,0.4,2025-05-11,1956,N20,VIIRS,n,2,299.28,3.5,N,0
17.98618,80.83245,312.02,0.49,0.4,2025-05-11,1956,N20,VIIRS,n,2,298.95,1.79,N,0
18.32576,79.4259,310.05,0.39,0.44,2025-05-11,1956,N20,VIIRS,n,2,294.24,2.38,N,0
18.6166,77.79945,308.44,0.5,0.49,2025-05-11,1956,N20,VIIRS,n,2,291.1,2.45,N,0
18.70679,79.55699,332.61,0.39,0.44,2025-05-11,1956,N20,VIIRS,n,2,298.56,2.23,N,0
18.70726,79.55329,309.59,0.39,0.44,2025-05-11,1956,N20,VIIRS,n,2,297.55,2.23,N,0
18.72173,79.53661,321.1,0.39,0.44,2025-05-11,1956,N20,VIIRS,n,2,298.11,2.24,N,2
19.78747,79.14868,309.84,0.43,0.46,2025-05-11,1956,N20,VIIRS,n,2,293.07,3.89,N,2
19.99863,79.07256,307.49,0.43,0.46,2025-05-11,1956,N20,VIIRS,n,2,292.29,2.62,N,0
19.99871,79.07091,307.1,0.43,0.46,2025-05-11,1956,N20,VIIRS,n,2,291.93,2.24,N,0
16.36206,81.28282,307.95,0.45,0.39,2025-05-11,1957,N20,VIIRS,n,2,296.72,0.31,N,2
15.97927,77.71747,333.1,0.76,0.77,2025-05-12,706,N20,VIIRS,n,2,290.9,17.47,D,0
16.04482,80.86335,330.78,0.47,0.64,2025-05-12,706,N20,VIIRS,n,2,293.82,4.21,D,0
16.0564,80.86076,344.17,0.47,0.64,2025-05-12,706,N20,VIIRS,n,2,296.31,13.64,D,0
16.05646,80.86284,367.0,0.47,0.64,2025-05-12,706,N20,VIIRS,h,2,296.46,19.0,D,0
16.05729,80.86508,367.0,0.47,0.64,2025-05-12,706,N20,VIIRS,h,2,295.66,13.03,D,0
16.06649,80.82446,330.91,0.47,0.64,2025-05-12,706,N20,VIIRS,n,2,294.27,6.46,D,0
16.06668,80.82222,332.87,0.48,0.64,2025-05-12,706,N20,VIIRS,n,2,294.46,5.25,D,0
16.07679,79.28572,330.55,0.6,0.71,2025-05-12,706,N20,VIIRS,n,2,297.15,3.82,D,0
16.09767,80.79941,336.82,0.48,0.64,2025-05-12,706,N20,VIIRS,n,2,294.89,5.24,D,0
16.13327,79.85659,341.76,0.55,0.68,2025-05-12,706,N20,VIIRS,n,2,296.76,12.03,D,0
16.15268,80.71991,331.07,0.48,0.65,2025-05-12,706,N20,VIIRS,n,2,293.98,3.54,D,0
16.15361,80.72428,333.21,0.48,0.65,2025-05-12,706,N20,VIIRS,n,2,295.58,3.54,D,0
16.16047,80.43678,347.81,0.5,0.66,2025-05-12,706,N20,VIIRS,n,2,300.9,9.5,D,0
16.16143,80.44134,340.97,0.5,0.66,2025-05-12,706,N20,VIIRS,n,2,298.35,9.5,D,0
16.17465,80.65048,339.55,0.49,0.65,2025-05-12,706,N20,VIIRS,n,2,295.09,7.76,D,0
16.18339,80.74969,343.23,0.48,0.64,2025-05-12,706,N20,VIIRS,n,2,293.8,9.27,D,0
16.18921,80.7484,356.13,0.48,0.64,2025-05-12,706,N20,VIIRS,l,2,289.26,9.27,D,0
16.19201,79.89516,333.42,0.54,0.68,2025-05-12,706,N20,VIIRS,n,2,297.99,5.28,D,0
16.19286,79.89516,333.91,0.54,0.68,2025-05-12,706,N20,VIIRS,n,2,297.51,5.7,D,0
16.23419,80.84704,341.99,0.47,0.64,2025-05-12,706,N20,VIIRS,n,2,296.02,4.54,D,0
16.23559,80.71294,332.93,0.48,0.65,2025-05-12,706,N20,VIIRS,n,2,296.31,3.93,D,0
16.23653,80.7173,339.93,0.48,0.65,2025-05-12,706,N20,VIIRS,n,2,297.04,3.93,D,0
16.23702,80.71487,345.37,0.48,0.65,2025-05-12,706,N20,VIIRS,n,2,297.05,6.34,D,0
16.23977,79.99745,335.6,0.53,0.67,2025-05-12,706,N20,VIIRS,n,2,295.62,5.95,D,0
16.25679,80.72652,354.57,0.48,0.64,2025-05-12,706,N20,VIIRS,n,2,295.95,6.23,D,0
16.25719,80.72404,334.1,0.48,0.65,2025-05-12,706,N20,VIIRS,n,2,293.71,4.37,D,0
16.25809,80.72842,348.47,0.48,0.65,2025-05-12,706,N20,VIIRS,n,2,295.61,4.37,D,0
16.36511,77.86336,331.63,0.73,0.76,2025-05-12,706,N20,VIIRS,n,2,288.03,5.26,D,0
16.36874,80.24758,332.1,0.51,0.66,2025-05-12,706,N20,VIIRS,n,2,297.94,6.88,D,0
16.3908,78.44522,334.02,0.67,0.74,2025-05-12,706,N20,VIIRS,n,2,289.94,5.1,D,0
16.39437,78.44782,333.67,0.67,0.74,2025-05-12,706,N20,VIIRS,n,2,291.6,6.38,D,0
16.44996,80.54848,331.19,0.49,0.65,2025-05-12,706,N20,VIIRS,n,2,294.12,1.73,D,0
16.51761,78.38942,332.88,0.67,0.74,2025-05-12,706,N20,VIIRS,n,2,292.64,4.96,D,0
16.52055,78.38728,334.91,0.67,0.74,2025-05-12,706,N20,VIIRS,n,2,293.89,5.62,D,0
16.558,80.7508,339.98,0.47,0.64,2025-05-12,706,N20,VIIRS,n,2,298.76,2.55,D,0
16.55891,80.75513,334.08,0.47,0.64,2025-05-12,706,N20,VIIRS,n,2,297.67,2.55,D,0
16.59347,80.37411,335.67,0.5,0.66,2025-05-12,706,N20,VIIRS,n,2,300.73,3.73,D,0
16.72313,79.43897,332.98,0.57,0.69,2025-05-12,706,N20,VIIRS,n,2,297.43,8.39,D,0
16.72636,79.44083,335.29,0.57,0.69,2025-05-12,706,N20,VIIRS,n,2,297.51,4.01,D,0
16.79365,81.3931,332.54,0.42,0.61,2025-05-12,706,N20,VIIRS,n,2,296.52,4.24,D,0
16.84167,79.85882,331.78,0.53,0.67,2025-05-12,706,N20,VIIRS,n,2,297.77,2.32,D,0
16.84201,79.86153,334.42,0.53,0.67,2025-05-12,706,N20,VIIRS,n,2,296.81,3.22,D,0
16.84699,79.79568,333.61,0.54,0.67,2025-05-12,706,N20,VIIRS,n,2,297.9,2.83,D,0
16.8694,79.69249,330.3,0.54,0.68,2025-05-12,706,N20,VIIRS,n,2,296.32,5.0,D,0
16.90451,80.14693,333.83,0.51,0.66,2025-05-12,706,N20,VIIRS,n,2,298.13,2.7,D,0
16.94027,80.56114,345.11,0.47,0.64,2025-05-12,706,N20,VIIRS,n,2,301.33,4.99,D,0
16.94119,80.56551,332.77,0.47,0.64,2025-05-12,706,N20,VIIRS,n,2,300.72,4.99,D,0
16.94947,79.88327,336.12,0.53,0.67,2025-05-12,706,N20,VIIRS,n,2,295.0,6.22,D,0
16.9868,80.12341,333.79,0.51,0.66,2025-05-12,706,N20,VIIRS,n,2,298.05,3.7,D,0
16.98875,80.56474,333.59,0.47,0.64,2025-05-12,706,N20,VIIRS,n,2,301.27,5.1,D,0
16.98932,80.56342,341.69,0.47,0.64,2025-05-12,706,N20,VIIRS,n,2,301.22,5.15,D,0
16.99002,79.92415,338.26,0.52,0.67,2025-05-12,706,N20,VIIRS,n,2,296.28,6.37,D,0
17.00613,80.24406,331.15,0.5,0.66,2025-05-12,706,N20,VIIRS,n,2,299.74,3.64,D,0
17.04809,79.51601,334.72,0.55,0.68,2025-05-12,706,N20,VIIRS,n,2,292.72,3.09,D,0
17.07784,80.8128,330.18,0.45,0.63,2025-05-12,706,N20,VIIRS,n,2,299.53,4.21,D,0
17.07831,80.55793,336.64,0.47,0.64,2025-05-12,706,N20,VIIRS,n,2,301.96,2.47,D,0
17.07847,80.5601,347.92,0.47,0.64,2025-05-12,706,N20,VIIRS,n,2,301.79,4.4,D,0
17.07921,80.56221,331.83,0.47,0.64,2025-05-12,706,N20,VIIRS,n,2,301.46,2.47,D,0
17.10187,80.12429,345.6,0.5,0.66,2025-05-12,706,N20,VIIRS,n,2,299.34,7.03,D,0
17.10284,80.1289,330.55,0.5,0.66,2025-05-12,706,N20,VIIRS,n,2,298.72,7.03,D,0
17.10469,80.12536,351.06,0.5,0.66,2025-05-12,706,N20,VIIRS,n,2,299.98,10.39,D,0
17.15565,79.8379,338.38,0.52,0.67,2025-05-12,706,N20,VIIRS,n,2,297.02,8.5,D,0
17.16513,80.71098,333.9,0.46,0.63,2025-05-12,706,N20,VIIRS,n,2,300.89,1.13,D,0
17.17283,80.18182,330.36,0.5,0.66,2025-05-12,706,N20,VIIRS,n,2,298.61,6.53,D,0
17.1763,79.81133,355.67,0.53,0.67,2025-05-12,706,N20,VIIRS,n,2,298.34,16.87,D,0
17.18019,79.2474,341.84,0.57,0.69,2025-05-12,706,N20,VIIRS,n,2,296.85,5.74,D,0
17.30278,79.10156,332.51,0.58,0.7,2025-05-12,706,N20,VIIRS,n,2,295.92,2.59,D,0
17.31402,81.25269,338.19,0.42,0.61,2025-05-12,706,N20,VIIRS,n,2,295.12,3.29,D,0
17.3238,81.14102,367.0,0.43,0.62,2025-05-12,706,N20,VIIRS,h,2,294.81,18.46,D,0
17.32562,81.14024,367.0,0.43,0.62,2025-05-12,706,N20,VIIRS,h,2,295.29,15.75,D,0
17.33956,80.50934,330.33,0.47,0.64,2025-05-12,706,N20,VIIRS,l,2,300.4,2.66,D,0
17.36516,80.92005,339.61,0.44,0.62,2025-05-12,706,N20,VIIRS,n,2,296.96,3.81,D,0
17.36725,80.91686,342.31,0.44,0.62,2025-05-12,706,N20,VIIRS,n,2,297.6,4.6,D,0
17.30483,79.09853,331.4,0.58,0.7,2025-05-12,707,N20,VIIRS,n,2,296.39,3.53,D,0
17.48706,79.04368,333.38,0.58,0.7,2025-05-12,707,N20,VIIRS,n,2,296.17,4.85,D,0
17.60176,80.24121,335.58,0.48,0.65,2025-05-12,707,N20,VIIRS,n,2,297.85,4.87,D,0
17.60271,79.74559,335.49,0.52,0.67,2025-05-12,707,N20,VIIRS,n,2,298.28,8.76,D,0
17.60391,80.19438,332.58,0.49,0.65,2025-05-12,707,N20,VIIRS,n,2,297.33,5.27,D,0
17.61164,80.17316,330.69,0.49,0.65,2025-05-12,707,N20,VIIRS,n,2,299.12,3.73,D,0
17.62915,80.19751,335.66,0.49,0.65,2025-05-12,707,N20,VIIRS,n,2,299.9,5.26,D,0
17.74944,78.51844,335.21,0.62,0.72,2025-05-12,707,N20,VIIRS,n,2,294.13,5.22,D,0
17.74964,78.51801,336.65,0.62,0.72,2025-05-12,707,N20,VIIRS,n,2,294.02,7.85,D,0
17.75071,78.52415,336.25,0.62,0.72,2025-05-12,707,N20,VIIRS,n,2,293.2,5.22,D,0
17.75094,78.52372,334.22,0.62,0.72,2025-05-12,707,N20,VIIRS,n,2,292.25,6.12,D,0
17.76005,78.21064,334.65,0.65,0.73,2025-05-12,707,N20,VIIRS,n,2,293.29,2.36,D,0
17.76238,78.21191,338.22,0.65,0.73,2025-05-12,707,N20,VIIRS,n,2,293.37,3.54,D,0
17.79696,79.90971,335.79,0.5,0.66,2025-05-12,707,N20,VIIRS,n,2,299.85,4.38,D,0
17.92849,79.77383,330.61,0.51,0.66,2025-05-12,707,N20,VIIRS,n,2,298.78,3.34,D,0
17.96976,80.83283,337.59,0.43,0.62,2025-05-12,707,N20,VIIRS,n,2,298.5,4.81,D,0
18.02058,80.75291,343.76,0.44,0.62,2025-05-12,707,N20,VIIRS,n,2,298.9,5.2,D,0
18.09701,79.69404,334.54,0.51,0.66,2025-05-12,707,N20,VIIRS,n,2,298.85,1.03,D,0
18.14464,79.68228,333.5,0.51,0.66,2025-05-12,707,N20,VIIRS,n,2,299.47,2.86,D,0
18.21055,79.62985,334.09,0.51,0.66,2025-05-12,707,N20,VIIRS,n,2,300.55,6.76,D,0
18.22938,80.51806,332.97,0.45,0.63,2025-05-12,707,N20,VIIRS,n,2,299.48,4.05,D,0
18.24032,80.54149,344.01,0.45,0.63,2025-05-12,707,N20,VIIRS,n,2,299.33,8.46,D,0
18.27365,79.39711,344.04,0.53,0.67,2025-05-12,707,N20,VIIRS,n,2,297.45,4.1,D,0
18.27425,77.99754,331.48,0.66,0.73,2025-05-12,707,N20,VIIRS,n,2,291.21,7.19,D,0
18.27776,79.15561,367.0,0.55,0.68,2025-05-12,707,N20,VIIRS,h,2,297.0,14.64,D,0
18.27863,79.39087,348.35,0.53,0.67,2025-05-12,707,N20,VIIRS,n,2,298.86,18.94,D,0
18.27969,79.39562,367.0,0.53,0.67,2025-05-12,707,N20,VIIRS,h,2,298.58,23.45,D,0
18.30543,79.59636,330.32,0.51,0.66,2025-05-12,707,N20,VIIRS,n,2,299.54,3.82,D,0
18.33976,78.94467,343.46,0.57,0.69,2025-05-12,707,N20,VIIRS,n,2,297.15,5.64,D,0
18.34216,79.47706,330.78,0.52,0.67,2025-05-12,707,N20,VIIRS,n,2,299.14,4.07,D,0
18.36645,79.50136,332.83,0.52,0.67,2025-05-12,707,N20,VIIRS,n,2,299.06,4.07,D,0
18.4182,79.64142,334.86,0.51,0.66,2025-05-12,707,N20,VIIRS,n,2,300.46,6.42,D,0
18.42639,79.71967,330.89,0.5,0.66,2025-05-12,707,N20,VIIRS,n,2,298.98,2.96,D,0
18.42719,77.98135,331.67,0.65,0.73,2025-05-12,707,N20,VIIRS,n,2,290.71,4.13,D,0
18.43218,79.33293,335.54,0.53,0.67,2025-05-12,707,N20,VIIRS,n,2,296.62,10.71,D,0
18.43767,79.32956,367.0,0.53,0.67,2025-05-12,707,N20,VIIRS,h,2,298.91,10.55,D,0
18.43824,79.33154,367.0,0.53,0.67,2025-05-12,707,N20,VIIRS,h,2,298.06,10.71,D,0
18.43874,79.33443,348.0,0.53,0.67,2025-05-12,707,N20,VIIRS,n,2,297.26,10.55,D,0
18.44816,79.31892,341.53,0.53,0.67,2025-05-12,707,N20,VIIRS,n,2,297.83,6.71,D,0
18.4487,79.32174,345.26,0.53,0.67,2025-05-12,707,N20,VIIRS,n,2,297.6,6.96,D,0
18.46655,79.60509,333.03,0.51,0.66,2025-05-12,707,N20,VIIRS,n,2,299.21,3.82,D,0
18.48445,78.88344,334.5,0.57,0.69,2025-05-12,707,N20,VIIRS,n,2,297.57,2.31,D,0
18.50096,79.3269,332.39,0.53,0.67,2025-05-12,707,N20,VIIRS,n,2,296.08,2.28,D,0
18.50362,79.36744,332.51,0.53,0.67,2025-05-12,707,N20,VIIRS,n,2,298.09,3.6,D,0
18.51109,79.40103,347.59,0.53,0.67,2025-05-12,707,N20,VIIRS,n,2,299.49,11.67,D,0
18.51215,79.40579,351.02,0.52,0.67,2025-05-12,707,N20,VIIRS,n,2,297.95,11.29,D,0
18.52686,79.15432,331.38,0.55,0.68,2025-05-12,707,N20,VIIRS,n,2,297.31,4.71,D,0
18.53376,78.73907,330.06,0.58,0.7,2025-05-12,707,N20,VIIRS,n,2,295.69,1.96,D,0
18.6031,79.87319,332.89,0.49,0.65,2025-05-12,707,N20,VIIRS,n,2,299.1,4.88,D,0
18.62728,78.32143,332.53,0.61,0.71,2025-05-12,707,N20,VIIRS,n,2,291.87,4.42,D,0
18.629,79.12795,336.57,0.54,0.68,2025-05-12,707,N20,VIIRS,n,2,296.96,2.25,D,0
18.62983,79.12791,338.25,0.54,0.68,2025-05-12,707,N20,VIIRS,n,2,296.74,3.4,D,0
18.63991,78.43611,332.24,0.6,0.71,2025-05-12,707,N20,VIIRS,n,2,291.56,2.61,D,0
18.65297,78.69746,340.76,0.58,0.7,2025-05-12,707,N20,VIIRS,n,2,294.46,5.1,D,0
18.65408,78.31831,330.99,0.61,0.71,2025-05-12,707,N20,VIIRS,n,2,291.65,3.35,D,0
18.65427,78.70317,334.81,0.58,0.7,2025-05-12,707,N20,VIIRS,n,2,294.48,5.1,D,0
18.65625,78.69749,351.81,0.58,0.7,2025-05-12,707,N20,VIIRS,n,2,295.02,11.57,D,0
18.6575,78.70309,342.35,0.58,0.7,2025-05-12,707,N20,VIIRS,n,2,294.42,10.23,D,0
18.66042,78.70119,333.89,0.58,0.7,2025-05-12,707,N20,VIIRS,n,2,294.65,5.1,D,0
18.67023,78.45182,336.81,0.6,0.71,2025-05-12,707,N20,VIIRS,n,2,292.28,5.96,D,0
18.69459,78.08364,335.2,0.63,0.72,2025-05-12,707,N20,VIIRS,n,2,289.42,5.33,D,0
18.69517,78.08405,337.86,0.63,0.72,2025-05-12,707,N20,VIIRS,n,2,289.09,7.01,D,0
18.75936,78.73143,336.3,0.57,0.69,2025-05-12,707,N20,VIIRS,n,2,294.02,1.51,D,0
18.76203,78.72832,336.43,0.57,0.69,2025-05-12,707,N20,VIIRS,n,2,294.26,4.73,D,0
18.7669,78.74957,331.62,0.57,0.69,2025-05-12,707,N20,VIIRS,n,2,294.35,5.58,D,0
18.78265,78.11033,333.4,0.63,0.72,2025-05-12,707,N20,VIIRS,n,2,289.54,8.88,D,0
18.85341,78.44891,337.31,0.6,0.7,2025-05-12,707,N20,VIIRS,n,2,292.08,8.22,D,0
18.85543,79.28174,334.49,0.53,0.67,2025-05-12,707,N20,VIIRS,n,2,297.53,7.38,D,0
18.85971,78.44728,347.95,0.6,0.7,2025-05-12,707,N20,VIIRS,n,2,291.13,8.22,D,0
18.9476,79.23642,330.94,0.53,0.67,2025-05-12,707,N20,VIIRS,n,2,296.57,2.89,D,0
18.95864,79.25267,332.76,0.53,0.67,2025-05-12,707,N20,VIIRS,n,2,296.74,4.39,D,0
19.10876,77.99488,332.05,0.63,0.72,2025-05-12,707,N20,VIIRS,n,2,289.98,4.26,D,0
19.17499,77.8983,331.66,0.64,0.72,2025-05-12,707,N20,VIIRS,n,2,289.03,6.09,D,0
19.20442,80.9526,338.49,0.4,0.6,2025-05-12,707,N20,VIIRS,n,2,295.94,3.4,D,0
19.20972,80.95078,367.0,0.4,0.6,2025-05-12,707,N20,VIIRS,h,2,293.93,28.07,D,0
19.21336,81.15465,346.02,0.39,0.59,2025-05-12,707,N20,VIIRS,n,2,295.86,5.3,D,0
19.2178,81.12267,346.36,0.39,0.6,2025-05-12,707,N20,VIIRS,n,2,296.43,8.87,D,0
19.21871,81.12692,367.0,0.39,0.6,2025-05-12,707,N20,VIIRS,h,2,296.24,8.87,D,0
19.22227,81.11719,338.92,0.39,0.6,2025-05-12,707,N20,VIIRS,n,2,295.72,8.07,D,0
19.22232,80.98362,332.8,0.4,0.6,2025-05-12,707,N20,VIIRS,n,2,295.52,2.59,D,0
19.2232,81.12159,367.0,0.39,0.6,2025-05-12,707,N20,VIIRS,h,2,295.83,10.33,D,0
19.22377,80.96351,335.21,0.4,0.6,2025-05-12,707,N20,VIIRS,n,2,296.27,3.73,D,0
19.2277,80.98219,367.0,0.4,0.6,2025-05-12,707,N20,VIIRS,h,2,298.23,14.17,D,0
19.22848,80.98591,367.0,0.4,0.6,2025-05-12,707,N20,VIIRS,h,2,297.71,16.57,D,0
19.27632,81.09737,333.35,0.39,0.6,2025-05-12,707,N20,VIIRS,n,2,295.87,4.82,D,0
19.27908,81.09311,338.43,0.39,0.6,2025-05-12,707,N20,VIIRS,n,2,296.44,3.87,D,0
19.27985,81.0968,335.69,0.39,0.6,2025-05-12,707,N20,VIIRS,n,2,295.21,3.87,D,0
19.2809,81.09252,333.68,0.39,0.6,2025-05-12,707,N20,VIIRS,n,2,296.03,3.32,D,0
19.29327,81.09772,336.34,0.39,0.6,2025-05-12,707,N20,VIIRS,n,2,295.16,2.89,D,0
19.35509,78.23829,335.45,0.6,0.71,2025-05-12,707,N20,VIIRS,n,2,291.16,4.13,D,0
19.61183,79.94621,330.31,0.46,0.63,2025-05-12,707,N20,VIIRS,n,2,299.02,3.04,D,0
19.74308,79.88408,367.0,0.46,0.64,2025-05-12,707,N20,VIIRS,h,2,300.27,14.7,D,0
19.74401,79.88836,337.09,0.46,0.64,2025-05-12,707,N20,VIIRS,n,2,298.61,8.02,D,0
15.61019,78.54277,334.03,0.55,0.68,2025-05-12,846,N20,VIIRS,n,2,290.54,9.37,D,0
15.61265,78.54458,340.22,0.55,0.68,2025-05-12,846,N20,VIIRS,n,2,292.51,8.32,D,0
15.72194,78.57825,331.63,0.55,0.68,2025-05-12,846,N20,VIIRS,n,2,291.5,5.1,D,0
15.83437,80.15665,330.69,0.7,0.75,2025-05-12,846,N20,VIIRS,n,2,292.86,6.83,D,0
15.93099,80.14572,338.68,0.7,0.75,2025-05-12,846,N20,VIIRS,n,2,292.81,8.67,D,0
16.05819,77.00924,332.45,0.44,0.62,2025-05-12,847,N20,VIIRS,n,2,297.57,2.99,D,0
16.05959,77.00604,331.95,0.44,0.62,2025-05-12,847,N20,VIIRS,n,2,298.82,2.82,D,0
16.1338,79.85665,331.65,0.68,0.74,2025-05-12,847,N20,VIIRS,n,2,292.55,5.34,D,0
16.14122,77.00952,334.38,0.44,0.62,2025-05-12,847,N20,VIIRS,n,2,297.52,2.4,D,0
16.18736,79.89667,339.95,0.68,0.74,2025-05-12,847,N20,VIIRS,n,2,295.8,11.79,D,0
16.25234,80.72698,341.29,0.78,0.78,2025-05-12,847,N20,VIIRS,n,2,290.11,4.31,D,0
16.25551,80.72697,348.14,0.78,0.78,2025-05-12,847,N20,VIIRS,n,2,290.92,12.09,D,0
16.29067,77.08819,341.1,0.45,0.63,2025-05-12,847,N20,VIIRS,n,2,296.09,6.79,D,0
16.29169,77.08936,331.11,0.45,0.63,2025-05-12,847,N20,VIIRS,n,2,295.93,5.6,D,0
16.39489,78.0072,349.51,0.51,0.66,2025-05-12,847,N20,VIIRS,n,2,294.32,8.72,D,0
16.3951,78.00494,335.58,0.52,0.66,2025-05-12,847,N20,VIIRS,n,2,294.4,10.04,D,0
16.39558,78.00982,332.34,0.52,0.66,2025-05-12,847,N20,VIIRS,n,2,293.26,10.45,D,0
16.54644,78.02943,333.16,0.52,0.67,2025-05-12,847,N20,VIIRS,n,2,294.65,6.42,D,0
16.7395,79.42797,330.11,0.65,0.73,2025-05-12,847,N20,VIIRS,n,2,294.58,3.08,D,0
16.74268,79.42842,336.12,0.65,0.73,2025-05-12,847,N20,VIIRS,n,2,294.69,5.41,D,0
16.81527,79.51421,344.06,0.66,0.73,2025-05-12,847,N20,VIIRS,n,2,298.69,7.12,D,0
16.81776,79.51165,338.57,0.66,0.73,2025-05-12,847,N20,VIIRS,n,2,298.8,7.45,D,0
16.90563,79.57929,331.21,0.66,0.73,2025-05-12,847,N20,VIIRS,n,2,295.17,10.25,D,0
17.04136,79.5159,333.02,0.66,0.73,2025-05-12,847,N20,VIIRS,n,2,295.77,5.47,D,0
17.04593,79.51823,331.78,0.66,0.73,2025-05-12,847,N20,VIIRS,n,2,295.6,2.82,D,0
17.06478,80.18279,332.36,0.73,0.76,2025-05-12,847,N20,VIIRS,n,2,296.57,5.48,D,0
17.17967,80.07277,330.95,0.72,0.76,2025-05-12,847,N20,VIIRS,n,2,292.98,1.98,D,0
17.18061,80.07244,330.04,0.72,0.76,2025-05-12,847,N20,VIIRS,n,2,293.07,1.8,D,0
17.1809,79.52164,343.85,0.66,0.73,2025-05-12,847,N20,VIIRS,n,2,297.15,3.36,D,0
17.1852,79.52187,356.27,0.66,0.73,2025-05-12,847,N20,VIIRS,n,2,297.68,15.54,D,0
17.18767,79.52102,335.1,0.66,0.73,2025-05-12,847,N20,VIIRS,n,2,297.62,6.96,D,0
17.23911,79.56057,346.75,0.67,0.73,2025-05-12,847,N20,VIIRS,n,2,294.46,6.31,D,0
17.24085,79.55804,346.28,0.67,0.73,2025-05-12,847,N20,VIIRS,n,2,294.94,15.41,D,0
17.28836,79.55325,331.28,0.67,0.73,2025-05-12,847,N20,VIIRS,n,2,293.17,7.87,D,0
17.33698,79.48557,339.75,0.66,0.73,2025-05-12,847,N20,VIIRS,n,2,296.2,4.73,D,0
17.33947,79.4848,340.71,0.66,0.73,2025-05-12,847,N20,VIIRS,n,2,296.52,8.41,D,0
17.47663,79.64008,350.35,0.68,0.74,2025-05-12,847,N20,VIIRS,n,2,296.55,12.39,D,0
17.47794,79.64093,341.7,0.68,0.74,2025-05-12,847,N20,VIIRS,n,2,296.04,11.66,D,0
17.48631,79.04473,334.11,0.62,0.72,2025-05-12,847,N20,VIIRS,n,2,295.82,5.8,D,0
17.64476,79.7186,332.92,0.69,0.74,2025-05-12,847,N20,VIIRS,n,2,296.98,7.65,D,0
17.76015,78.21539,331.59,0.55,0.68,2025-05-12,847,N20,VIIRS,n,2,293.46,6.82,D,0
17.99398,78.09502,336.31,0.55,0.68,2025-05-12,847,N20,VIIRS,n,2,293.19,6.8,D,0
18.17504,77.79745,343.01,0.52,0.67,2025-05-12,847,N20,VIIRS,n,2,294.62,7.5,D,0
18.17551,77.80253,333.77,0.52,0.67,2025-05-12,847,N20,VIIRS,n,2,293.88,6.74,D,0
18.176,77.80106,338.86,0.52,0.67,2025-05-12,847,N20,VIIRS,n,2,294.1,7.01,D,0
18.20863,79.62731,330.33,0.69,0.74,2025-05-12,847,N20,VIIRS,n,2,294.55,8.8,D,0
18.20935,79.62706,330.41,0.69,0.74,2025-05-12,847,N20,VIIRS,n,2,294.95,8.17,D,0
18.2145,79.04428,334.39,0.63,0.72,2025-05-12,847,N20,VIIRS,n,2,294.37,5.42,D,0
18.2475,78.10445,333.04,0.55,0.68,2025-05-12,847,N20,VIIRS,n,2,292.81,2.79,D,0
18.27208,79.39143,347.11,0.67,0.73,2025-05-12,847,N20,VIIRS,n,2,295.62,11.05,D,0
18.27376,79.38895,337.69,0.67,0.74,2025-05-12,847,N20,VIIRS,n,2,296.37,11.0,D,0
18.27431,79.39568,340.95,0.67,0.74,2025-05-12,847,N20,VIIRS,n,2,295.62,11.0,D,0
18.27889,79.39104,337.77,0.67,0.73,2025-05-12,847,N20,VIIRS,n,2,295.93,7.08,D,0
18.34094,79.2941,339.75,0.66,0.73,2025-05-12,847,N20,VIIRS,n,2,295.39,5.88,D,0
18.34149,79.30051,335.18,0.66,0.73,2025-05-12,847,N20,VIIRS,n,2,295.47,5.88,D,0
18.36118,77.66381,331.53,0.52,0.66,2025-05-12,847,N20,VIIRS,n,2,295.08,4.05,D,0
18.37102,79.56525,333.23,0.69,0.74,2025-05-12,847,N20,VIIRS,n,2,296.96,8.97,D,0
18.39454,79.43836,332.96,0.67,0.74,2025-05-12,847,N20,VIIRS,n,2,296.38,4.06,D,0
18.39624,79.43794,337.73,0.68,0.74,2025-05-12,847,N20,VIIRS,n,2,296.09,2.05,D,0
18.43069,79.61397,334.38,0.69,0.74,2025-05-12,847,N20,VIIRS,n,2,296.84,5.88,D,0
18.47701,77.84623,333.89,0.53,0.67,2025-05-12,847,N20,VIIRS,n,2,292.63,3.11,D,0
18.50483,79.40334,331.73,0.67,0.74,2025-05-12,847,N20,VIIRS,n,2,295.74,6.6,D,0
18.51056,79.40871,340.79,0.67,0.74,2025-05-12,847,N20,VIIRS,n,2,296.33,8.89,D,0
18.52475,79.15142,333.24,0.65,0.73,2025-05-12,847,N20,VIIRS,n,2,295.88,6.93,D,0
18.64944,78.69878,338.88,0.61,0.71,2025-05-12,847,N20,VIIRS,n,2,294.32,7.16,D,0
18.65045,78.70127,333.12,0.61,0.71,2025-05-12,847,N20,VIIRS,n,2,294.35,8.12,D,0
18.65601,78.69833,330.92,0.61,0.71,2025-05-12,847,N20,VIIRS,n,2,294.69,7.16,D,0
18.65647,78.7038,339.81,0.61,0.71,2025-05-12,847,N20,VIIRS,n,2,293.83,9.33,D,0
18.65701,78.70085,337.94,0.61,0.71,2025-05-12,847,N20,VIIRS,n,2,294.78,8.12,D,0
18.72713,78.46169,331.25,0.59,0.7,2025-05-12,847,N20,VIIRS,n,2,293.34,3.83,D,0
18.72795,78.46051,331.92,0.59,0.7,2025-05-12,847,N20,VIIRS,n,2,293.48,4.19,D,0
18.73105,77.12793,330.94,0.48,0.65,2025-05-12,847,N20,VIIRS,n,2,294.65,3.61,D,0
18.78932,78.78319,344.08,0.62,0.71,2025-05-12,847,N20,VIIRS,n,2,292.41,9.77,D,0
18.79462,78.7818,367.0,0.62,0.71,2025-05-12,847,N20,VIIRS,h,2,294.1,16.24,D,0
18.79592,78.78273,346.87,0.62,0.71,2025-05-12,847,N20,VIIRS,n,2,293.67,9.77,D,0
18.80776,78.62707,337.0,0.6,0.71,2025-05-12,847,N20,VIIRS,n,2,293.26,4.65,D,0
18.8569,78.44443,331.11,0.59,0.7,2025-05-12,847,N20,VIIRS,n,2,292.18,6.09,D,0
18.85742,78.45001,331.53,0.59,0.7,2025-05-12,847,N20,VIIRS,n,2,291.65,5.53,D,0
18.85754,78.44405,333.21,0.59,0.7,2025-05-12,847,N20,VIIRS,n,2,292.1,6.76,D,0
18.85802,78.44964,330.52,0.59,0.7,2025-05-12,847,N20,VIIRS,n,2,291.59,5.78,D,0
18.8639,78.44949,333.44,0.59,0.7,2025-05-12,847,N20,VIIRS,n,2,291.77,5.12,D,0
18.8645,78.4491,332.96,0.59,0.7,2025-05-12,847,N20,VIIRS,n,2,291.78,5.05,D,0
18.88282,79.15266,330.76,0.66,0.73,2025-05-12,847,N20,VIIRS,n,2,294.44,5.52,D,0
19.03602,79.84979,337.89,0.73,0.76,2025-05-12,847,N20,VIIRS,n,2,294.23,8.6,D,0
19.05799,78.03442,333.95,0.56,0.68,2025-05-12,847,N20,VIIRS,n,2,291.38,3.49,D,0
19.21338,78.23752,332.42,0.57,0.69,2025-05-12,848,N20,VIIRS,n,2,291.28,3.16,D,0
19.6354,78.40592,330.95,0.6,0.7,2025-05-12,848,N20,VIIRS,n,2,292.04,6.81,D,0
19.64843,78.40506,337.61,0.6,0.7,2025-05-12,848,N20,VIIRS,n,2,291.44,6.0,D,0
17.33521,80.8777,306.67,0.62,0.54,2025-05-12,1937,N20,VIIRS,n,2,290.84,1.61,N,0
17.97054,80.83055,328.53,0.32,0.55,2025-05-12,1937,N20,VIIRS,n,2,282.42,1.75,N,0
17.97087,80.82754,309.92,0.32,0.55,2025-05-12,1937,N20,VIIRS,n,2,281.59,1.75,N,0
17.98059,80.83182,303.69,0.32,0.55,2025-05-12,1937,N20,VIIRS,n,2,280.86,0.99,N,0
18.03253,79.96478,299.63,0.36,0.58,2025-05-12,1937,N20,VIIRS,n,2,267.48,0.24,N,0
16.3606,81.28246,307.83,0.57,0.52,2025-05-12,1938,N20,VIIRS,n,2,293.48,0.59,N,2
16.41694,79.28288,306.09,0.39,0.59,2025-05-12,1938,N20,VIIRS,n,2,284.23,3.36,N,0
16.76801,79.84548,307.64,0.36,0.57,2025-05-12,1938,N20,VIIRS,n,2,289.69,2.76,N,0
16.87035,80.02074,308.12,0.35,0.57,2025-05-12,1938,N20,VIIRS,n,2,292.98,3.99,N,0
16.94115,79.81818,308.29,0.36,0.57,2025-05-12,1938,N20,VIIRS,n,2,287.95,0.66,N,0
16.98167,79.79247,307.45,0.36,0.58,2025-05-12,1938,N20,VIIRS,n,2,287.06,0.68,N,0
15.55151,78.51424,335.25,0.52,0.5,2025-05-13,828,N20,VIIRS,n,2,301.93,3.93,D,0
15.57989,78.59498,330.07,0.53,0.5,2025-05-13,828,N20,VIIRS,l,2,301.7,3.25,D,0
15.60797,78.55663,332.03,0.53,0.5,2025-05-13,828,N20,VIIRS,n,2,301.76,2.35,D,0
15.6108,78.77334,332.28,0.54,0.51,2025-05-13,828,N20,VIIRS,n,2,298.43,7.35,D,0
15.63138,78.56044,339.21,0.53,0.5,2025-05-13,828,N20,VIIRS,n,2,303.81,6.82,D,0
15.6316,78.55862,337.34,0.53,0.5,2025-05-13,828,N20,VIIRS,n,2,303.68,3.92,D,0
15.6362,78.55806,333.18,0.53,0.5,2025-05-13,828,N20,VIIRS,n,2,302.04,3.92,D,0
15.90169,77.57191,341.29,0.46,0.47,2025-05-13,828,N20,VIIRS,n,2,297.21,8.77,D,0
15.91401,80.09267,333.79,0.34,0.56,2025-05-13,828,N20,VIIRS,n,2,298.85,2.11,D,0
15.92564,80.12566,335.6,0.34,0.56,2025-05-13,828,N20,VIIRS,n,2,298.56,3.08,D,0
15.92799,80.12312,341.98,0.34,0.56,2025-05-13,828,N20,VIIRS,n,2,299.6,6.26,D,0
15.92837,80.1263,340.64,0.34,0.56,2025-05-13,828,N20,VIIRS,n,2,298.82,5.92,D,0
15.93079,80.12506,346.85,0.34,0.56,2025-05-13,828,N20,VIIRS,n,2,298.46,4.18,D,0
16.01526,80.80306,336.64,0.38,0.58,2025-05-13,828,N20,VIIRS,n,2,297.21,3.88,D,0
16.04014,80.53761,330.67,0.36,0.57,2025-05-13,828,N20,VIIRS,n,2,299.16,1.5,D,0
16.04029,80.83249,333.4,0.38,0.59,2025-05-13,828,N20,VIIRS,n,2,296.88,2.7,D,0
16.04051,80.54099,333.79,0.36,0.57,2025-05-13,828,N20,VIIRS,n,2,298.93,1.5,D,0
16.043,80.85738,334.63,0.38,0.59,2025-05-13,828,N20,VIIRS,n,2,297.6,4.85,D,0
16.04377,80.86449,334.69,0.38,0.59,2025-05-13,828,N20,VIIRS,n,2,298.25,3.53,D,0
16.04919,80.86389,336.9,0.38,0.59,2025-05-13,828,N20,VIIRS,n,2,297.08,3.53,D,0
16.05844,80.84844,336.8,0.38,0.59,2025-05-13,828,N20,VIIRS,n,2,297.28,3.98,D,0
16.06307,80.84072,350.89,0.38,0.59,2025-05-13,828,N20,VIIRS,n,2,296.79,5.84,D,0
16.08133,79.42623,345.53,0.61,0.53,2025-05-13,828,N20,VIIRS,n,2,299.08,19.26,D,0
16.08624,79.42563,342.26,0.61,0.53,2025-05-13,828,N20,VIIRS,n,2,297.1,6.14,D,0
16.10881,77.02713,350.38,0.43,0.46,2025-05-13,828,N20,VIIRS,n,2,301.93,12.4,D,0
16.1118,80.51421,343.24,0.36,0.57,2025-05-13,828,N20,VIIRS,n,2,298.71,4.35,D,0
16.11307,80.79929,336.34,0.38,0.58,2025-05-13,828,N20,VIIRS,n,2,296.54,3.7,D,0
16.1155,80.79767,338.52,0.38,0.59,2025-05-13,828,N20,VIIRS,n,2,297.3,3.51,D,0
16.12596,80.74297,341.72,0.37,0.58,2025-05-13,828,N20,VIIRS,n,2,293.59,7.21,D,0
16.13096,80.73885,339.56,0.37,0.58,2025-05-13,828,N20,VIIRS,n,2,294.11,5.76,D,0
16.13558,77.00333,335.38,0.42,0.46,2025-05-13,828,N20,VIIRS,n,2,301.04,3.21,D,0
16.13631,80.78816,340.28,0.38,0.58,2025-05-13,828,N20,VIIRS,n,2,296.12,6.39,D,0
16.13669,80.7917,344.94,0.38,0.59,2025-05-13,828,N20,VIIRS,n,2,295.2,4.95,D,0
16.15788,79.83217,345.19,0.33,0.55,2025-05-13,828,N20,VIIRS,n,2,301.61,3.29,D,0
16.15822,79.83517,330.53,0.33,0.55,2025-05-13,828,N20,VIIRS,l,2,300.78,2.56,D,0
16.16481,80.55637,334.43,0.36,0.58,2025-05-13,828,N20,VIIRS,n,2,296.7,2.44,D,0
16.16631,80.76336,332.93,0.38,0.58,2025-05-13,828,N20,VIIRS,n,2,295.13,3.59,D,0
16.19346,80.7141,333.62,0.37,0.58,2025-05-13,828,N20,VIIRS,n,2,292.64,7.71,D,0
16.19385,80.71761,367.0,0.37,0.58,2025-05-13,828,N20,VIIRS,h,2,294.25,7.71,D,0
16.19425,80.72111,337.62,0.37,0.58,2025-05-13,828,N20,VIIRS,n,2,293.21,5.85,D,0
16.19687,80.71528,342.57,0.37,0.58,2025-05-13,828,N20,VIIRS,n,2,293.93,3.34,D,0
16.19724,80.7188,340.54,0.37,0.58,2025-05-13,828,N20,VIIRS,n,2,293.7,4.04,D,0
16.20961,80.68196,355.37,0.37,0.58,2025-05-13,828,N20,VIIRS,n,2,297.9,4.24,D,0
16.20999,80.68546,334.05,0.37,0.58,2025-05-13,828,N20,VIIRS,n,2,297.83,4.24,D,0
16.21174,80.68382,355.03,0.37,0.58,2025-05-13,828,N20,VIIRS,n,2,297.84,8.01,D,0
16.21518,80.58322,347.89,0.37,0.58,2025-05-13,828,N20,VIIRS,n,2,299.88,5.57,D,0
16.2205,80.58262,351.3,0.37,0.58,2025-05-13,828,N20,VIIRS,n,2,299.0,5.57,D,0
16.22088,80.58605,367.0,0.37,0.58,2025-05-13,828,N20,VIIRS,h,2,298.28,5.57,D,0
16.226,80.43754,342.28,0.36,0.57,2025-05-13,828,N20,VIIRS,n,2,301.9,5.43,D,0
16.22833,80.70464,334.63,0.37,0.58,2025-05-13,828,N20,VIIRS,n,2,298.39,4.77,D,0
16.22871,80.70814,345.67,0.37,0.58,2025-05-13,828,N20,VIIRS,n,2,298.46,7.51,D,0
16.23545,78.46394,337.14,0.53,0.5,2025-05-13,828,N20,VIIRS,n,2,303.29,6.39,D,0
16.23604,78.46883,337.82,0.53,0.5,2025-05-13,828,N20,VIIRS,n,2,302.65,6.39,D,0
16.23692,80.43967,353.87,0.36,0.57,2025-05-13,828,N20,VIIRS,n,2,301.1,19.67,D,0
16.23729,80.44302,348.95,0.36,0.57,2025-05-13,828,N20,VIIRS,n,2,301.63,16.47,D,0
16.25211,80.7233,343.64,0.37,0.58,2025-05-13,828,N20,VIIRS,n,2,296.52,5.28,D,0
16.2525,80.72681,345.39,0.37,0.58,2025-05-13,828,N20,VIIRS,n,2,296.24,5.62,D,0
16.2553,77.16801,336.03,0.44,0.46,2025-05-13,828,N20,VIIRS,n,2,301.46,9.95,D,0
16.25648,77.14302,342.65,0.43,0.46,2025-05-13,828,N20,VIIRS,n,2,300.07,7.21,D,0
16.2617,80.71153,346.47,0.37,0.58,2025-05-13,828,N20,VIIRS,n,2,293.97,2.19,D,0
16.26464,80.59156,341.62,0.37,0.58,2025-05-13,828,N20,VIIRS,n,2,296.61,3.96,D,0
16.27299,77.10374,341.68,0.43,0.46,2025-05-13,828,N20,VIIRS,n,2,301.02,6.6,D,0
16.28988,80.76909,345.92,0.38,0.59,2025-05-13,828,N20,VIIRS,n,2,294.88,2.58,D,0
16.29448,80.7614,337.34,0.38,0.58,2025-05-13,828,N20,VIIRS,n,2,296.39,3.25,D,0
16.30035,77.11671,339.83,0.43,0.46,2025-05-13,828,N20,VIIRS,n,2,303.18,8.27,D,0
16.30078,77.15366,339.13,0.44,0.46,2025-05-13,828,N20,VIIRS,n,2,300.85,8.63,D,0
16.31078,80.63407,337.19,0.37,0.58,2025-05-13,828,N20,VIIRS,n,2,285.7,4.05,D,0
16.32298,80.6468,342.09,0.37,0.58,2025-05-13,828,N20,VIIRS,n,2,293.37,12.4,D,0
16.32335,80.65028,367.0,0.37,0.58,2025-05-13,828,N20,VIIRS,h,2,297.83,12.4,D,0
16.32833,80.64619,339.83,0.37,0.58,2025-05-13,828,N20,VIIRS,n,2,293.69,5.11,D,0
16.35509,80.07898,340.2,0.34,0.56,2025-05-13,828,N20,VIIRS,n,2,299.53,4.36,D,0
16.35727,80.07787,348.82,0.34,0.56,2025-05-13,828,N20,VIIRS,n,2,299.9,3.86,D,0
16.37232,80.65183,336.73,0.37,0.58,2025-05-13,828,N20,VIIRS,n,2,295.85,5.59,D,0
16.37271,80.65532,348.01,0.37,0.58,2025-05-13,828,N20,VIIRS,n,2,295.24,4.38,D,0
16.39532,80.66339,337.91,0.37,0.58,2025-05-13,828,N20,VIIRS,n,2,300.99,6.72,D,0
16.39572,80.66689,344.54,0.37,0.58,2025-05-13,828,N20,VIIRS,n,2,300.23,7.98,D,0
16.40979,77.30254,344.3,0.45,0.47,2025-05-13,828,N20,VIIRS,n,2,302.23,8.45,D,0
16.41078,79.81722,335.27,0.33,0.55,2025-05-13,828,N20,VIIRS,n,2,299.36,3.26,D,0
16.41302,77.29365,343.06,0.45,0.47,2025-05-13,828,N20,VIIRS,n,2,300.9,9.2,D,0
16.42821,80.81035,330.14,0.38,0.59,2025-05-13,828,N20,VIIRS,n,2,298.12,2.19,D,0
16.44006,80.64415,330.47,0.37,0.58,2025-05-13,828,N20,VIIRS,n,2,299.16,1.6,D,0
16.45249,77.64531,337.93,0.47,0.48,2025-05-13,828,N20,VIIRS,n,2,302.94,4.24,D,0
16.45405,79.84812,367.0,0.33,0.55,2025-05-13,828,N20,VIIRS,h,2,300.74,6.43,D,0
16.46745,79.64923,349.31,0.32,0.54,2025-05-13,828,N20,VIIRS,n,2,300.02,3.34,D,0
16.47114,79.77135,340.68,0.33,0.55,2025-05-13,828,N20,VIIRS,n,2,300.19,4.25,D,0
16.49786,77.86681,336.42,0.49,0.48,2025-05-13,828,N20,VIIRS,n,2,300.59,11.07,D,0
16.51591,77.43128,339.5,0.46,0.47,2025-05-13,828,N20,VIIRS,n,2,302.31,6.28,D,0
16.51912,79.61008,338.65,0.64,0.54,2025-05-13,828,N20,VIIRS,n,2,301.92,5.89,D,0
16.52258,77.8933,335.46,0.49,0.49,2025-05-13,828,N20,VIIRS,n,2,300.05,2.93,D,0
16.52353,77.89137,337.71,0.49,0.48,2025-05-13,828,N20,VIIRS,n,2,300.46,7.96,D,0
16.52704,77.89273,337.49,0.49,0.49,2025-05-13,828,N20,VIIRS,n,2,300.02,2.93,D,0
16.52721,77.17422,338.44,0.44,0.46,2025-05-13,828,N20,VIIRS,n,2,304.12,11.25,D,0
16.56812,77.08995,336.05,0.44,0.46,2025-05-13,828,N20,VIIRS,n,2,301.52,8.41,D,0
16.57617,77.44144,336.73,0.46,0.47,2025-05-13,828,N20,VIIRS,n,2,299.36,3.93,D,0
16.59229,78.02038,340.33,0.5,0.49,2025-05-13,828,N20,VIIRS,n,2,299.03,4.54,D,0
16.61163,80.31156,334.12,0.35,0.57,2025-05-13,828,N20,VIIRS,n,2,299.72,4.02,D,0
16.75543,79.89426,333.83,0.33,0.56,2025-05-13,828,N20,VIIRS,n,2,301.01,3.55,D,0
16.79587,81.40434,339.32,0.42,0.61,2025-05-13,828,N20,VIIRS,n,2,294.99,4.65,D,0
16.7989,79.47348,335.33,0.63,0.54,2025-05-13,828,N20,VIIRS,n,2,300.8,3.86,D,0
16.81652,79.67615,339.2,0.32,0.55,2025-05-13,828,N20,VIIRS,n,2,298.25,3.22,D,0
16.81757,79.68521,335.75,0.32,0.55,2025-05-13,828,N20,VIIRS,n,2,302.42,4.31,D,0
16.81791,79.68826,367.0,0.32,0.55,2025-05-13,828,N20,VIIRS,h,2,301.99,4.31,D,0
16.82779,79.77432,367.0,0.33,0.55,2025-05-13,828,N20,VIIRS,h,2,304.23,6.42,D,0
16.82815,79.77744,335.82,0.33,0.55,2025-05-13,828,N20,VIIRS,n,2,302.6,11.1,D,0
16.83033,79.53217,343.95,0.63,0.54,2025-05-13,828,N20,VIIRS,n,2,302.27,8.8,D,0
16.83035,79.52991,336.91,0.63,0.54,2025-05-13,828,N20,VIIRS,n,2,300.87,7.93,D,0
16.83101,79.53584,343.29,0.63,0.54,2025-05-13,828,N20,VIIRS,n,2,301.5,7.93,D,0
16.83287,79.77373,336.98,0.33,0.55,2025-05-13,828,N20,VIIRS,n,2,302.54,6.42,D,0
16.83964,80.50213,332.0,0.37,0.58,2025-05-13,828,N20,VIIRS,n,2,300.11,5.35,D,0
16.84134,79.72362,337.98,0.33,0.55,2025-05-13,828,N20,VIIRS,n,2,302.8,2.2,D,0
16.84237,79.72246,337.34,0.33,0.55,2025-05-13,828,N20,VIIRS,n,2,302.93,2.01,D,0
16.8701,80.1936,330.84,0.35,0.57,2025-05-13,828,N20,VIIRS,n,2,297.36,2.78,D,0
16.87096,79.96974,339.96,0.34,0.56,2025-05-13,828,N20,VIIRS,n,2,299.01,5.77,D,0
16.87288,79.96759,341.69,0.34,0.56,2025-05-13,828,N20,VIIRS,n,2,300.36,3.75,D,0
16.87638,81.01301,351.09,0.4,0.6,2025-05-13,828,N20,VIIRS,n,2,296.05,7.81,D,0
16.87663,81.01325,355.81,0.4,0.6,2025-05-13,828,N20,VIIRS,n,2,295.74,7.46,D,0
16.89423,79.64626,339.09,0.32,0.55,2025-05-13,828,N20,VIIRS,n,2,298.28,3.12,D,0
16.90965,79.73737,331.97,0.33,0.55,2025-05-13,828,N20,VIIRS,n,2,299.75,4.2,D,0
16.92637,79.57046,334.58,0.32,0.55,2025-05-13,828,N20,VIIRS,n,2,302.65,2.28,D,0
16.92649,79.57176,336.25,0.32,0.55,2025-05-13,828,N20,VIIRS,n,2,302.56,4.11,D,0
16.9267,79.57349,354.19,0.32,0.55,2025-05-13,828,N20,VIIRS,n,2,302.23,2.28,D,0
16.92684,79.57478,350.36,0.32,0.55,2025-05-13,828,N20,VIIRS,n,2,301.16,4.11,D,0
16.92747,79.71333,341.1,0.33,0.55,2025-05-13,828,N20,VIIRS,n,2,300.44,3.57,D,0
16.93087,80.54455,332.4,0.37,0.58,2025-05-13,828,N20,VIIRS,n,2,298.25,2.77,D,0
16.93139,79.56984,337.4,0.32,0.55,2025-05-13,828,N20,VIIRS,n,2,300.79,2.28,D,0
16.934,80.54298,330.63,0.37,0.58,2025-05-13,828,N20,VIIRS,n,2,298.55,2.98,D,0
16.93459,79.64629,339.74,0.32,0.55,2025-05-13,828,N20,VIIRS,n,2,300.26,3.54,D,0
16.93493,79.64936,343.57,0.32,0.55,2025-05-13,828,N20,VIIRS,n,2,299.33,4.49,D,0
16.93526,79.64742,351.77,0.32,0.55,2025-05-13,828,N20,VIIRS,n,2,300.52,5.63,D,0
16.94074,80.93409,335.07,0.39,0.6,2025-05-13,828,N20,VIIRS,n,2,295.77,3.21,D,0
16.94446,79.54992,355.34,0.32,0.54,2025-05-13,828,N20,VIIRS,n,2,300.31,6.26,D,0
16.9501,79.8208,343.65,0.33,0.55,2025-05-13,828,N20,VIIRS,n,2,297.52,4.62,D,0
16.951,80.70589,330.3,0.38,0.59,2025-05-13,828,N20,VIIRS,n,2,295.4,1.12,D,0
16.95322,79.89355,331.63,0.34,0.56,2025-05-13,828,N20,VIIRS,n,2,298.1,5.44,D,0
16.95329,79.77174,330.83,0.33,0.55,2025-05-13,828,N20,VIIRS,n,2,297.19,1.58,D,0
16.95477,79.86154,336.25,0.33,0.56,2025-05-13,828,N20,VIIRS,n,2,300.14,5.29,D,0
16.96032,79.8853,337.81,0.34,0.56,2025-05-13,828,N20,VIIRS,n,2,299.05,2.66,D,0
16.96276,79.88601,339.66,0.34,0.56,2025-05-13,828,N20,VIIRS,n,2,299.0,2.4,D,0
16.96449,79.82766,332.63,0.33,0.56,2025-05-13,828,N20,VIIRS,n,2,297.95,2.52,D,0
16.96855,79.86529,335.65,0.34,0.56,2025-05-13,828,N20,VIIRS,n,2,298.95,5.06,D,0
16.96888,79.86837,333.02,0.34,0.56,2025-05-13,828,N20,VIIRS,n,2,299.13,5.06,D,0
16.97085,79.86605,343.53,0.33,0.56,2025-05-13,828,N20,VIIRS,n,2,298.75,5.87,D,0
16.97298,80.00397,337.06,0.34,0.56,2025-05-13,828,N20,VIIRS,n,2,298.81,3.91,D,0
16.97672,79.79741,337.14,0.33,0.55,2025-05-13,828,N20,VIIRS,n,2,298.22,4.51,D,0
16.97706,79.80058,342.24,0.33,0.55,2025-05-13,828,N20,VIIRS,n,2,297.99,4.83,D,0
16.98217,79.79997,346.3,0.33,0.55,2025-05-13,828,N20,VIIRS,n,2,298.49,4.56,D,0
16.98292,79.1395,340.01,0.6,0.53,2025-05-13,828,N20,VIIRS,n,2,301.45,7.94,D,0
16.99317,79.66698,367.0,0.32,0.55,2025-05-13,828,N20,VIIRS,h,2,300.38,5.46,D,0
16.99351,79.67002,338.25,0.33,0.55,2025-05-13,828,N20,VIIRS,n,2,299.33,5.46,D,0
16.99385,79.67306,367.0,0.33,0.55,2025-05-13,828,N20,VIIRS,h,2,299.82,4.05,D,0
16.99823,79.6664,336.27,0.32,0.55,2025-05-13,828,N20,VIIRS,n,2,300.4,3.03,D,0
16.99857,79.66946,334.19,0.33,0.55,2025-05-13,828,N20,VIIRS,n,2,300.03,3.03,D,0
16.99891,79.6725,367.0,0.33,0.55,2025-05-13,828,N20,VIIRS,h,2,300.54,6.85,D,0
17.00816,80.18591,332.52,0.35,0.57,2025-05-13,828,N20,VIIRS,n,2,299.22,2.46,D,0
17.0085,79.99339,330.28,0.34,0.56,2025-05-13,828,N20,VIIRS,n,2,298.43,1.45,D,0
17.01252,80.76826,330.79,0.39,0.59,2025-05-13,828,N20,VIIRS,n,2,297.24,2.34,D,0
17.03499,79.58928,346.04,0.32,0.55,2025-05-13,828,N20,VIIRS,n,2,299.21,4.71,D,0
17.03533,79.58826,336.5,0.32,0.55,2025-05-13,828,N20,VIIRS,n,2,298.88,5.11,D,0
17.03682,80.3047,333.71,0.36,0.57,2025-05-13,828,N20,VIIRS,n,2,297.38,3.2,D,0
17.04473,81.34254,330.48,0.42,0.61,2025-05-13,828,N20,VIIRS,n,2,295.83,2.48,D,0
17.04595,79.64337,367.0,0.32,0.55,2025-05-13,828,N20,VIIRS,h,2,299.81,9.08,D,0
17.0467,79.64225,367.0,0.32,0.55,2025-05-13,828,N20,VIIRS,h,2,301.9,5.88,D,0
17.04705,79.64531,331.74,0.32,0.55,2025-05-13,828,N20,VIIRS,n,2,297.87,5.88,D,0
17.05205,81.35809,351.66,0.42,0.61,2025-05-13,828,N20,VIIRS,n,2,294.81,4.62,D,0
17.0563,79.90656,330.87,0.34,0.56,2025-05-13,828,N20,VIIRS,n,2,296.66,3.76,D,0
17.06715,80.53867,336.47,0.37,0.58,2025-05-13,828,N20,VIIRS,n,2,297.72,2.7,D,0
17.08716,79.78585,339.44,0.33,0.55,2025-05-13,828,N20,VIIRS,n,2,300.03,6.38,D,0
17.0875,79.78899,367.0,0.33,0.55,2025-05-13,828,N20,VIIRS,h,2,299.35,6.38,D,0
17.09258,79.51185,347.05,0.32,0.54,2025-05-13,828,N20,VIIRS,n,2,300.16,4.74,D,0
17.11966,80.77479,340.6,0.39,0.59,2025-05-13,828,N20,VIIRS,n,2,297.8,3.98,D,0
17.14435,80.85027,340.22,0.39,0.59,2025-05-13,828,N20,VIIRS,n,2,296.16,1.69,D,0
17.14776,80.19853,354.94,0.35,0.57,2025-05-13,828,N20,VIIRS,n,2,300.43,5.19,D,0
17.14812,80.20185,337.06,0.35,0.57,2025-05-13,828,N20,VIIRS,n,2,299.35,5.19,D,0
17.15265,80.19457,335.59,0.35,0.57,2025-05-13,828,N20,VIIRS,n,2,298.8,4.49,D,0
17.15301,80.1979,355.2,0.35,0.57,2025-05-13,828,N20,VIIRS,n,2,299.37,8.23,D,0
17.1589,80.35159,330.68,0.36,0.58,2025-05-13,828,N20,VIIRS,n,2,296.18,2.09,D,0
17.16185,80.37918,333.26,0.36,0.58,2025-05-13,828,N20,VIIRS,n,2,296.47,2.84,D,0
17.17285,80.38141,331.04,0.36,0.58,2025-05-13,828,N20,VIIRS,n,2,295.66,1.22,D,0
17.20658,80.19955,335.48,0.36,0.57,2025-05-13,828,N20,VIIRS,n,2,300.54,5.55,D,0
17.20662,80.20169,333.18,0.35,0.57,2025-05-13,828,N20,VIIRS,n,2,299.56,5.99,D,0
17.23028,80.46251,331.5,0.37,0.58,2025-05-13,828,N20,VIIRS,n,2,296.92,0.89,D,0
17.23268,79.53553,342.34,0.32,0.55,2025-05-13,828,N20,VIIRS,n,2,299.72,1.76,D,0
17.23302,79.53856,334.15,0.32,0.55,2025-05-13,828,N20,VIIRS,n,2,299.24,1.76,D,0
17.23802,79.62711,335.84,0.33,0.55,2025-05-13,828,N20,VIIRS,n,2,297.01,3.33,D,0
17.24476,80.4467,331.64,0.37,0.58,2025-05-13,828,N20,VIIRS,n,2,297.38,2.2,D,0
17.24827,80.44437,334.97,0.37,0.58,2025-05-13,828,N20,VIIRS,n,2,298.18,5.14,D,0
17.24864,80.44789,333.35,0.37,0.58,2025-05-13,828,N20,VIIRS,n,2,297.01,3.35,D,0
17.2501,80.44609,332.54,0.37,0.58,2025-05-13,828,N20,VIIRS,n,2,297.1,2.2,D,0
17.25509,80.45779,334.02,0.37,0.58,2025-05-13,828,N20,VIIRS,n,2,296.44,3.69,D,0
17.25545,80.46128,340.76,0.37,0.58,2025-05-13,828,N20,VIIRS,n,2,296.57,5.92,D,0
17.26044,80.45718,331.42,0.37,0.58,2025-05-13,828,N20,VIIRS,n,2,297.29,3.69,D,0
17.2608,80.46067,351.86,0.37,0.58,2025-05-13,828,N20,VIIRS,n,2,297.67,5.92,D,0
17.28409,80.13035,340.76,0.35,0.57,2025-05-13,828,N20,VIIRS,n,2,295.26,3.18,D,0
17.30945,81.13779,333.68,0.41,0.61,2025-05-13,828,N20,VIIRS,n,2,295.13,5.4,D,0
17.31968,81.13941,335.57,0.41,0.61,2025-05-13,828,N20,VIIRS,n,2,294.45,4.24,D,0
17.32107,81.14057,331.73,0.41,0.61,2025-05-13,828,N20,VIIRS,n,2,293.56,4.08,D,0
17.32528,81.13885,330.06,0.41,0.61,2025-05-13,828,N20,VIIRS,n,2,293.51,3.41,D,0
17.35293,80.8648,353.83,0.4,0.6,2025-05-13,828,N20,VIIRS,n,2,297.81,11.35,D,0
17.35332,80.86851,367.0,0.4,0.6,2025-05-13,828,N20,VIIRS,h,2,297.06,11.35,D,0
17.35524,78.95931,330.94,0.59,0.53,2025-05-13,828,N20,VIIRS,n,2,297.94,1.85,D,0
17.37197,79.46355,343.22,0.32,0.54,2025-05-13,828,N20,VIIRS,n,2,298.77,2.64,D,0
17.37987,79.3521,335.23,0.63,0.54,2025-05-13,828,N20,VIIRS,n,2,299.43,7.84,D,0
17.38596,79.59132,347.05,0.33,0.55,2025-05-13,828,N20,VIIRS,n,2,296.85,4.49,D,0
17.41281,79.5106,367.0,0.32,0.55,2025-05-13,828,N20,VIIRS,h,2,303.63,5.54,D,0
17.41315,79.51366,344.11,0.32,0.55,2025-05-13,828,N20,VIIRS,n,2,302.21,5.54,D,0
17.41819,79.51308,336.76,0.32,0.55,2025-05-13,828,N20,VIIRS,n,2,301.94,3.96,D,0
17.46432,80.86154,336.24,0.4,0.6,2025-05-13,828,N20,VIIRS,n,2,297.46,2.88,D,0
17.48858,79.55527,335.85,0.32,0.55,2025-05-13,828,N20,VIIRS,n,2,301.22,1.98,D,0
17.4932,77.37283,332.1,0.47,0.47,2025-05-13,828,N20,VIIRS,l,2,303.23,6.45,D,0
17.52363,79.54822,353.5,0.32,0.55,2025-05-13,828,N20,VIIRS,n,2,299.94,4.45,D,0
17.54194,79.90353,332.1,0.34,0.56,2025-05-13,828,N20,VIIRS,n,2,291.99,3.77,D,0
17.54672,80.53481,335.88,0.38,0.59,2025-05-13,828,N20,VIIRS,n,2,297.41,1.8,D,0
17.56462,79.68472,343.3,0.33,0.55,2025-05-13,828,N20,VIIRS,n,2,297.81,3.72,D,0
17.5809,79.73731,333.1,0.33,0.56,2025-05-13,828,N20,VIIRS,n,2,297.86,2.57,D,0
17.59335,79.72849,333.87,0.33,0.56,2025-05-13,828,N20,VIIRS,n,2,299.14,4.45,D,0
17.59369,79.73162,352.44,0.33,0.56,2025-05-13,828,N20,VIIRS,n,2,299.5,7.22,D,0
17.59554,79.72923,345.79,0.33,0.56,2025-05-13,828,N20,VIIRS,n,2,300.5,6.86,D,0
17.5959,79.73235,347.38,0.33,0.56,2025-05-13,828,N20,VIIRS,n,2,299.36,7.07,D,0
17.61518,79.6907,332.4,0.33,0.55,2025-05-13,828,N20,VIIRS,n,2,300.21,3.09,D,0
17.62505,79.68639,354.39,0.33,0.55,2025-05-13,828,N20,VIIRS,n,2,301.86,4.8,D,0
17.63698,80.19427,333.8,0.36,0.57,2025-05-13,828,N20,VIIRS,n,2,295.74,2.45,D,0
17.63738,80.19472,334.48,0.36,0.57,2025-05-13,828,N20,VIIRS,n,2,295.42,2.37,D,0
17.65128,79.6897,337.48,0.33,0.55,2025-05-13,828,N20,VIIRS,n,2,304.3,2.94,D,0
17.6601,79.67596,335.96,0.33,0.55,2025-05-13,828,N20,VIIRS,n,2,304.43,3.26,D,0
17.7201,78.13792,333.75,0.53,0.5,2025-05-13,828,N20,VIIRS,n,2,299.4,7.92,D,0
17.74539,78.15483,333.77,0.53,0.5,2025-05-13,828,N20,VIIRS,n,2,298.0,2.97,D,0
17.75211,79.73206,333.43,0.34,0.56,2025-05-13,828,N20,VIIRS,n,2,299.77,3.45,D,0
17.75245,79.73525,335.92,0.34,0.56,2025-05-13,828,N20,VIIRS,n,2,299.12,4.03,D,0
17.77491,79.52016,330.57,0.33,0.55,2025-05-13,828,N20,VIIRS,n,2,297.35,1.63,D,0
17.81069,80.17413,354.03,0.36,0.57,2025-05-13,828,N20,VIIRS,n,2,295.03,9.74,D,0
17.81107,78.11668,337.3,0.53,0.5,2025-05-13,828,N20,VIIRS,n,2,299.75,2.63,D,0
17.90705,79.4329,336.1,0.32,0.55,2025-05-13,828,N20,VIIRS,n,2,293.76,1.36,D,0
17.91026,79.55772,336.84,0.33,0.55,2025-05-13,828,N20,VIIRS,n,2,300.27,6.55,D,0
17.96919,78.19888,336.95,0.54,0.5,2025-05-13,828,N20,VIIRS,n,2,299.74,4.21,D,0
17.97814,79.47478,332.72,0.32,0.55,2025-05-13,828,N20,VIIRS,n,2,298.84,3.17,D,0
17.99581,77.71529,340.22,0.5,0.49,2025-05-13,828,N20,VIIRS,n,2,304.11,11.41,D,0
17.99833,77.71588,340.57,0.5,0.49,2025-05-13,828,N20,VIIRS,n,2,302.24,13.0,D,0
18.02921,78.06989,335.05,0.53,0.5,2025-05-13,828,N20,VIIRS,n,2,300.58,3.73,D,0
18.03136,78.20705,330.31,0.54,0.51,2025-05-13,828,N20,VIIRS,n,2,298.45,1.38,D,0
18.03195,79.184,342.48,0.62,0.54,2025-05-13,828,N20,VIIRS,n,2,298.46,12.23,D,0
18.03661,78.21159,340.55,0.54,0.51,2025-05-13,828,N20,VIIRS,n,2,297.51,14.03,D,0
18.04477,79.62427,335.41,0.33,0.56,2025-05-13,828,N20,VIIRS,n,2,298.37,2.5,D,0
18.04944,78.08264,330.41,0.53,0.5,2025-05-13,828,N20,VIIRS,n,2,299.48,4.47,D,0
18.05391,78.08352,338.2,0.53,0.5,2025-05-13,828,N20,VIIRS,n,2,301.02,3.69,D,0
18.05405,78.08208,335.3,0.53,0.5,2025-05-13,828,N20,VIIRS,n,2,300.85,4.47,D,0
18.05447,78.08853,333.13,0.53,0.5,2025-05-13,828,N20,VIIRS,n,2,300.93,3.69,D,0
18.05664,78.14259,346.26,0.53,0.5,2025-05-13,828,N20,VIIRS,n,2,300.52,11.61,D,0
18.05739,78.07297,344.75,0.53,0.5,2025-05-13,828,N20,VIIRS,n,2,300.41,10.58,D,0
18.05879,78.21053,334.86,0.54,0.51,2025-05-13,828,N20,VIIRS,n,2,296.28,5.11,D,0
18.05985,78.20878,336.16,0.54,0.51,2025-05-13,828,N20,VIIRS,n,2,297.63,6.0,D,0
18.06069,78.14362,346.1,0.53,0.5,2025-05-13,828,N20,VIIRS,n,2,300.61,4.54,D,0
18.06691,79.59013,340.22,0.33,0.55,2025-05-13,828,N20,VIIRS,n,2,299.72,4.54,D,0
18.07635,78.11626,334.33,0.53,0.5,2025-05-13,828,N20,VIIRS,n,2,298.58,6.09,D,0
18.08453,79.56276,344.97,0.33,0.55,2025-05-13,828,N20,VIIRS,n,2,296.08,7.4,D,0
18.08778,78.25845,338.55,0.54,0.51,2025-05-13,828,N20,VIIRS,n,2,297.11,2.95,D,0
18.09045,79.61604,335.9,0.33,0.56,2025-05-13,828,N20,VIIRS,n,2,300.73,3.23,D,0
18.09593,78.28857,333.22,0.54,0.51,2025-05-13,828,N20,VIIRS,n,2,300.11,1.33,D,0
18.12407,79.51527,337.68,0.33,0.55,2025-05-13,828,N20,VIIRS,n,2,297.51,3.16,D,0
18.12915,79.51471,335.26,0.33,0.55,2025-05-13,828,N20,VIIRS,n,2,298.43,3.16,D,0
18.15976,79.75243,331.55,0.34,0.56,2025-05-13,828,N20,VIIRS,n,2,295.3,2.06,D,0
18.16318,79.6869,330.39,0.34,0.56,2025-05-13,828,N20,VIIRS,n,2,294.67,2.61,D,0
18.19406,80.51818,350.95,0.38,0.59,2025-05-13,828,N20,VIIRS,n,2,294.69,6.47,D,0
18.1957,80.51713,367.0,0.38,0.59,2025-05-13,828,N20,VIIRS,h,2,295.7,14.36,D,0
18.19949,80.51762,349.39,0.38,0.59,2025-05-13,828,N20,VIIRS,n,2,294.76,9.05,D,0
18.21326,78.33877,334.71,0.55,0.51,2025-05-13,828,N20,VIIRS,n,2,298.94,4.09,D,0
18.24095,77.72355,339.04,0.5,0.49,2025-05-13,828,N20,VIIRS,n,2,301.57,6.44,D,0
18.24456,79.31204,338.81,0.32,0.55,2025-05-13,828,N20,VIIRS,n,2,298.99,3.01,D,0
18.2449,79.31505,343.37,0.32,0.55,2025-05-13,828,N20,VIIRS,n,2,298.19,3.01,D,0
18.24992,79.31449,340.17,0.32,0.55,2025-05-13,828,N20,VIIRS,n,2,299.36,4.07,D,0
18.25803,79.43466,337.88,0.33,0.55,2025-05-13,828,N20,VIIRS,n,2,297.83,4.01,D,0
18.26373,77.92215,336.99,0.52,0.5,2025-05-13,828,N20,VIIRS,n,2,300.09,6.96,D,0
18.26613,78.06679,343.19,0.53,0.5,2025-05-13,828,N20,VIIRS,n,2,300.79,5.41,D,0
18.26631,78.0641,335.04,0.53,0.5,2025-05-13,828,N20,VIIRS,n,2,300.99,6.18,D,0
18.27856,77.93015,342.79,0.52,0.5,2025-05-13,828,N20,VIIRS,n,2,299.5,4.64,D,0
18.29212,79.55746,331.17,0.33,0.55,2025-05-13,828,N20,VIIRS,n,2,298.32,5.06,D,0
18.29277,78.01326,339.41,0.53,0.5,2025-05-13,828,N20,VIIRS,n,2,301.12,4.88,D,0
18.33298,79.62172,337.36,0.34,0.56,2025-05-13,828,N20,VIIRS,n,2,299.42,4.58,D,0
18.33689,79.32114,335.46,0.32,0.55,2025-05-13,828,N20,VIIRS,n,2,299.35,3.17,D,0
18.36971,77.99535,336.62,0.53,0.5,2025-05-13,828,N20,VIIRS,n,2,301.77,6.64,D,0
18.37027,78.00029,343.32,0.53,0.5,2025-05-13,828,N20,VIIRS,n,2,302.44,4.91,D,0
18.41122,77.83174,336.94,0.51,0.5,2025-05-13,828,N20,VIIRS,n,2,298.06,4.08,D,0
18.4169,80.5105,332.96,0.39,0.59,2025-05-13,828,N20,VIIRS,n,2,295.86,3.84,D,0
18.42199,79.35689,336.13,0.32,0.55,2025-05-13,828,N20,VIIRS,n,2,299.65,6.27,D,0
18.42264,79.36301,355.59,0.32,0.55,2025-05-13,828,N20,VIIRS,n,2,302.25,7.47,D,0
18.42297,79.36611,336.97,0.32,0.55,2025-05-13,828,N20,VIIRS,n,2,298.95,7.47,D,0
18.43932,77.99161,336.58,0.53,0.5,2025-05-13,828,N20,VIIRS,n,2,300.62,2.55,D,0
18.4492,79.23198,332.01,0.64,0.54,2025-05-13,828,N20,VIIRS,n,2,300.07,7.87,D,0
18.45208,79.54321,331.53,0.33,0.56,2025-05-13,828,N20,VIIRS,n,2,298.1,2.01,D,0
18.4597,79.32778,338.98,0.32,0.55,2025-05-13,828,N20,VIIRS,n,2,299.51,2.14,D,0
18.46004,79.33088,350.07,0.32,0.55,2025-05-13,828,N20,VIIRS,n,2,298.86,2.14,D,0
18.46474,79.32725,334.71,0.32,0.55,2025-05-13,828,N20,VIIRS,n,2,302.22,2.62,D,0
18.46508,79.33032,339.55,0.32,0.55,2025-05-13,828,N20,VIIRS,n,2,303.03,2.62,D,0
18.48019,79.09277,334.16,0.62,0.54,2025-05-13,828,N20,VIIRS,n,2,298.93,8.63,D,0
18.48334,79.1225,334.61,0.63,0.54,2025-05-13,828,N20,VIIRS,n,2,301.31,14.54,D,0
18.48701,79.11828,339.62,0.62,0.54,2025-05-13,828,N20,VIIRS,n,2,300.41,21.36,D,0
18.48768,79.11593,332.24,0.63,0.54,2025-05-13,828,N20,VIIRS,n,2,299.44,11.6,D,0
18.4904,79.65885,367.0,0.34,0.56,2025-05-13,828,N20,VIIRS,h,2,299.53,9.67,D,0
18.49075,79.66209,332.26,0.34,0.56,2025-05-13,828,N20,VIIRS,n,2,298.23,3.86,D,0
18.4959,79.66148,341.27,0.34,0.56,2025-05-13,828,N20,VIIRS,n,2,297.83,3.86,D,0
18.50171,79.15876,336.1,0.63,0.54,2025-05-13,828,N20,VIIRS,n,2,301.22,13.52,D,0
18.50208,79.15649,333.32,0.63,0.54,2025-05-13,828,N20,VIIRS,n,2,301.39,14.29,D,0
18.51507,79.50424,336.47,0.33,0.55,2025-05-13,828,N20,VIIRS,n,2,299.26,5.06,D,0
18.51802,79.50201,344.22,0.33,0.55,2025-05-13,828,N20,VIIRS,n,2,299.59,3.8,D,0
18.52588,79.38051,333.77,0.33,0.55,2025-05-13,828,N20,VIIRS,n,2,301.92,3.25,D,0
18.52621,79.38363,335.98,0.33,0.55,2025-05-13,828,N20,VIIRS,n,2,299.48,3.25,D,0
18.57107,79.23225,355.67,0.32,0.54,2025-05-13,828,N20,VIIRS,n,2,299.95,7.76,D,0
18.5714,79.23528,367.0,0.32,0.54,2025-05-13,828,N20,VIIRS,h,2,297.46,7.76,D,0
18.62152,79.08667,338.81,0.62,0.54,2025-05-13,828,N20,VIIRS,n,2,297.58,3.94,D,0
18.62896,79.86112,341.43,0.35,0.57,2025-05-13,828,N20,VIIRS,n,2,300.1,6.6,D,0
18.63479,79.9662,332.52,0.36,0.57,2025-05-13,828,N20,VIIRS,n,2,299.56,3.69,D,0
18.71311,78.10947,334.32,0.54,0.51,2025-05-13,828,N20,VIIRS,n,2,291.88,4.7,D,0
18.71777,78.10892,335.92,0.54,0.51,2025-05-13,828,N20,VIIRS,n,2,292.04,6.15,D,0
18.72152,79.53626,336.59,0.34,0.56,2025-05-13,828,N20,VIIRS,n,2,304.47,4.87,D,2
18.75332,78.74319,351.4,0.6,0.53,2025-05-13,828,N20,VIIRS,n,2,297.88,10.48,D,0
18.75498,78.74471,343.4,0.59,0.53,2025-05-13,828,N20,VIIRS,n,2,297.52,5.9,D,0
18.78373,78.70563,330.74,0.59,0.53,2025-05-13,828,N20,VIIRS,n,2,294.07,3.64,D,0
18.8285,78.27212,338.56,0.56,0.51,2025-05-13,828,N20,VIIRS,n,2,287.12,6.1,D,0
18.84089,78.60259,334.38,0.58,0.52,2025-05-13,828,N20,VIIRS,n,2,292.99,2.86,D,0
18.86411,79.16949,333.97,0.32,0.54,2025-05-13,828,N20,VIIRS,n,2,299.71,3.07,D,0
18.87359,78.9197,331.84,0.61,0.54,2025-05-13,828,N20,VIIRS,n,2,300.05,4.38,D,0
18.87473,78.68393,331.03,0.59,0.53,2025-05-13,828,N20,VIIRS,n,2,294.59,4.06,D,0
18.90624,79.18308,337.67,0.32,0.55,2025-05-13,828,N20,VIIRS,n,2,303.94,4.02,D,0
18.94416,78.00938,333.93,0.54,0.5,2025-05-13,828,N20,VIIRS,n,2,290.52,8.44,D,0
18.97316,79.14546,338.23,0.32,0.54,2025-05-13,828,N20,VIIRS,n,2,303.49,2.88,D,0
18.97349,79.14848,334.79,0.32,0.54,2025-05-13,828,N20,VIIRS,n,2,304.27,3.02,D,0
18.97382,79.15152,345.32,0.32,0.54,2025-05-13,828,N20,VIIRS,n,2,304.04,3.02,D,0
18.97786,79.14194,334.69,0.32,0.54,2025-05-13,828,N20,VIIRS,n,2,303.38,1.47,D,0
18.97818,79.14494,337.48,0.32,0.54,2025-05-13,828,N20,VIIRS,n,2,303.35,1.47,D,0
18.98386,79.15045,349.35,0.32,0.54,2025-05-13,828,N20,VIIRS,n,2,303.5,5.64,D,0
18.98419,79.15347,339.62,0.32,0.54,2025-05-13,828,N20,VIIRS,n,2,302.22,2.54,D,0
18.98663,78.05073,333.59,0.54,0.51,2025-05-13,828,N20,VIIRS,n,2,292.5,2.76,D,0
18.99388,79.14927,335.29,0.32,0.54,2025-05-13,828,N20,VIIRS,n,2,302.62,2.18,D,0
19.04722,78.45132,330.33,0.57,0.52,2025-05-13,828,N20,VIIRS,n,2,294.07,4.93,D,0
19.22144,81.14047,336.88,0.44,0.62,2025-05-13,828,N20,VIIRS,n,2,296.03,29.98,D,0
19.22463,81.1345,352.71,0.43,0.62,2025-05-13,828,N20,VIIRS,n,2,299.89,18.42,D,0
19.22508,81.1389,367.0,0.43,0.62,2025-05-13,828,N20,VIIRS,h,2,296.84,18.42,D,0
19.22636,81.13123,354.26,0.43,0.62,2025-05-13,828,N20,VIIRS,n,2,300.46,31.95,D,0
19.22678,81.13573,355.32,0.43,0.62,2025-05-13,828,N20,VIIRS,n,2,301.64,29.98,D,0
19.23036,81.13401,356.07,0.43,0.62,2025-05-13,828,N20,VIIRS,n,2,299.3,15.36,D,0
19.23082,81.13848,336.14,0.43,0.62,2025-05-13,828,N20,VIIRS,n,2,294.5,15.36,D,0
19.25896,81.17012,330.74,0.44,0.62,2025-05-13,828,N20,VIIRS,n,2,293.61,4.59,D,0
19.25933,81.17411,340.63,0.44,0.62,2025-05-13,828,N20,VIIRS,n,2,289.05,4.62,D,0
19.04755,78.01962,337.85,0.54,0.51,2025-05-13,829,N20,VIIRS,n,2,295.52,5.25,D,0
19.07265,77.03924,340.11,0.47,0.47,2025-05-13,829,N20,VIIRS,n,2,301.36,4.46,D,0
19.07567,77.81625,335.2,0.52,0.5,2025-05-13,829,N20,VIIRS,n,2,297.94,9.0,D,0
19.07595,77.81757,333.56,0.52,0.5,2025-05-13,829,N20,VIIRS,n,2,297.71,6.04,D,0
19.40525,79.85198,335.41,0.36,0.57,2025-05-13,829,N20,VIIRS,n,2,299.75,6.15,D,0
19.41978,80.93582,367.0,0.42,0.61,2025-05-13,829,N20,VIIRS,h,2,298.02,7.48,D,0
19.42247,80.93705,367.0,0.42,0.61,2025-05-13,829,N20,VIIRS,h,2,298.34,12.07,D,0
19.42551,80.93601,343.33,0.42,0.61,2025-05-13,829,N20,VIIRS,n,2,297.85,5.1,D,0
19.45307,79.17112,333.31,0.32,0.55,2025-05-13,829,N20,VIIRS,n,2,295.34,3.18,D,0
19.45382,79.17213,337.03,0.32,0.55,2025-05-13,829,N20,VIIRS,n,2,294.95,3.15,D,0
19.52472,80.80598,332.09,0.42,0.61,2025-05-13,829,N20,VIIRS,n,2,295.32,2.0,D,0
19.55057,79.92556,332.05,0.36,0.58,2025-05-13,829,N20,VIIRS,n,2,298.52,3.85,D,0
19.58731,80.9229,330.23,0.42,0.61,2025-05-13,829,N20,VIIRS,n,2,295.13,17.67,D,0
19.58768,80.92662,367.0,0.42,0.61,2025-05-13,829,N20,VIIRS,h,2,296.58,20.02,D,0
19.59339,80.92652,367.0,0.42,0.61,2025-05-13,829,N20,VIIRS,h,2,295.79,20.02,D,0
19.69033,78.64047,335.21,0.6,0.53,2025-05-13,829,N20,VIIRS,n,2,297.78,3.74,D,0
19.69844,78.45741,332.63,0.59,0.53,2025-05-13,829,N20,VIIRS,n,2,296.95,3.73,D,0
19.69917,78.45559,333.69,0.59,0.52,2025-05-13,829,N20,VIIRS,n,2,297.04,4.34,D,0
19.72123,79.97646,336.07,0.37,0.58,2025-05-13,829,N20,VIIRS,n,2,297.47,2.86,D,0
19.79652,77.97605,337.13,0.55,0.51,2025-05-13,829,N20,VIIRS,n,2,296.86,3.94,D,0
19.80134,80.65549,333.11,0.41,0.61,2025-05-13,829,N20,VIIRS,n,2,296.59,2.67,D,0
19.81879,80.73325,367.0,0.42,0.61,2025-05-13,829,N20,VIIRS,h,2,296.52,11.49,D,0
19.82038,80.7325,367.0,0.41,0.61,2025-05-13,829,N20,VIIRS,h,2,296.51,9.94,D,0
19.82678,80.73962,349.52,0.42,0.61,2025-05-13,829,N20,VIIRS,n,2,295.62,39.12,D,0
19.82714,80.74329,367.0,0.42,0.61,2025-05-13,829,N20,VIIRS,h,2,294.43,28.05,D,0
19.8304,80.73609,341.62,0.42,0.61,2025-05-13,829,N20,VIIRS,n,2,295.58,44.88,D,0
19.83075,80.73984,352.0,0.42,0.61,2025-05-13,829,N20,VIIRS,n,2,296.86,44.88,D,0
19.8311,80.74354,367.0,0.42,0.61,2025-05-13,829,N20,VIIRS,h,2,293.86,19.78,D,0
19.8316,80.73125,349.24,0.41,0.61,2025-05-13,829,N20,VIIRS,n,2,297.4,36.35,D,0
19.83199,80.73504,344.81,0.42,0.61,2025-05-13,829,N20,VIIRS,n,2,302.46,39.12,D,0
19.83237,80.73882,367.0,0.42,0.61,2025-05-13,829,N20,VIIRS,h,2,295.59,39.12,D,0
19.8356,80.73108,284.77,0.42,0.61,2025-05-13,829,N20,VIIRS,l,2,302.21,108.88,D,0
19.83596,80.73486,349.77,0.42,0.61,2025-05-13,829,N20,VIIRS,n,2,300.28,44.88,D,0
19.83632,80.73869,367.0,0.42,0.61,2025-05-13,829,N20,VIIRS,h,2,293.77,44.88,D,0
19.84924,80.87621,346.83,0.42,0.61,2025-05-13,829,N20,VIIRS,n,2,294.26,6.12,D,0
19.91641,80.8023,344.16,0.42,0.61,2025-05-13,829,N20,VIIRS,n,2,294.01,21.34,D,0
19.91677,80.80596,367.0,0.42,0.61,2025-05-13,829,N20,VIIRS,h,2,294.4,31.44,D,0
19.91979,80.80445,348.93,0.42,0.61,2025-05-13,829,N20,VIIRS,n,2,296.3,38.55,D,0
17.97213,80.83258,308.96,0.66,0.73,2025-05-13,1918,N20,VIIRS,n,2,286.47,5.28,N,0
17.97269,80.82635,310.34,0.66,0.73,2025-05-13,1918,N20,VIIRS,n,2,286.62,5.38,N,0
17.97492,80.82609,309.49,0.66,0.73,2025-05-13,1918,N20,VIIRS,n,2,286.26,6.45,N,0
17.46545,80.85998,305.23,0.65,0.73,2025-05-13,1919,N20,VIIRS,n,2,287.72,1.8,N,0
17.46851,80.86211,306.04,0.65,0.73,2025-05-13,1919,N20,VIIRS,n,2,287.65,2.47,N,0
19.8028,78.86636,302.58,0.37,0.58,2025-05-13,2058,N20,VIIRS,n,2,281.11,0.66,N,2
19.92013,79.11259,304.72,0.38,0.59,2025-05-13,2058,N20,VIIRS,n,2,285.85,1.23,N,2
17.97181,80.82901,303.52,0.54,0.68,2025-05-13,2059,N20,VIIRS,n,2,281.84,1.05,N,0
17.97789,80.83052,305.6,0.54,0.68,2025-05-13,2059,N20,VIIRS,n,2,281.82,1.05,N,0
17.98506,80.82716,306.55,0.54,0.68,2025-05-13,2059,N20,VIIRS,n,2,281.76,2.5,N,0
15.91403,77.36333,303.19,0.35,0.57,2025-05-13,2100,N20,VIIRS,n,2,282.43,0.52,N,2
