latitude,longitude,bright_ti4,scan,track,acq_date,acq_time,satellite,instrument,confidence,version,bright_ti5,frp,daynight,type
15.56805,78.04686,340.42,0.41,0.37,2021-02-24,810,N20,VIIRS,n,2,309.56,5.74,D,0
15.57692,78.89697,339.91,0.44,0.38,2021-02-24,810,N20,VIIRS,l,2,312.78,12.67,D,0
15.57755,78.90144,353.63,0.44,0.38,2021-02-24,810,N20,VIIRS,n,2,310.95,12.67,D,0
15.59794,77.71881,344.72,0.4,0.37,2021-02-24,810,N20,VIIRS,l,2,317.2,5.84,D,0
15.61419,78.29516,346.21,0.42,0.38,2021-02-24,810,N20,VIIRS,n,2,311.78,5.44,D,0
15.63554,78.92744,337.8,0.44,0.39,2021-02-24,810,N20,VIIRS,n,2,308.38,3.12,D,0
15.63994,80.05446,340.44,0.5,0.41,2021-02-24,810,N20,VIIRS,n,2,307.18,10.21,D,0
15.64661,79.0609,336.76,0.45,0.39,2021-02-24,810,N20,VIIRS,l,2,309.2,3.01,D,0
15.66349,78.201,347.33,0.42,0.37,2021-02-24,810,N20,VIIRS,n,2,319.99,8.3,D,0
15.68251,78.9544,338.02,0.44,0.39,2021-02-24,810,N20,VIIRS,l,2,310.18,5.0,D,0
15.68812,77.14835,336.7,0.39,0.36,2021-02-24,810,N20,VIIRS,l,2,311.28,3.36,D,0
15.71021,77.41389,340.14,0.4,0.37,2021-02-24,810,N20,VIIRS,l,2,313.78,4.86,D,0
15.75321,78.91827,355.69,0.44,0.39,2021-02-24,810,N20,VIIRS,n,2,312.34,39.24,D,0
15.75433,78.92645,334.88,0.44,0.39,2021-02-24,810,N20,VIIRS,l,2,308.17,6.13,D,0
15.75617,78.91367,340.3,0.44,0.39,2021-02-24,810,N20,VIIRS,n,2,310.25,37.88,D,0
15.78336,78.52293,333.94,0.43,0.38,2021-02-24,810,N20,VIIRS,n,2,306.68,2.17,D,0
15.84061,77.42344,341.89,0.4,0.37,2021-02-24,810,N20,VIIRS,l,2,316.43,5.26,D,0
15.84354,78.30923,338.64,0.42,0.38,2021-02-24,810,N20,VIIRS,l,2,313.57,6.24,D,0
15.85651,77.18789,340.96,0.39,0.36,2021-02-24,810,N20,VIIRS,n,2,310.01,3.3,D,0
15.95357,78.29673,356.3,0.42,0.38,2021-02-24,810,N20,VIIRS,n,2,315.57,10.79,D,0
15.98044,78.97063,343.02,0.45,0.39,2021-02-24,810,N20,VIIRS,n,2,307.33,16.98,D,0
15.98339,78.96574,333.81,0.45,0.39,2021-02-24,810,N20,VIIRS,l,2,305.77,16.98,D,0
15.98398,78.97004,349.15,0.45,0.39,2021-02-24,810,N20,VIIRS,n,2,313.56,16.98,D,0
15.99745,78.98895,333.11,0.45,0.39,2021-02-24,810,N20,VIIRS,l,2,306.84,2.47,D,0
16.02294,77.42068,343.5,0.4,0.37,2021-02-24,810,N20,VIIRS,n,2,316.21,7.14,D,0
16.04953,78.94717,342.24,0.45,0.39,2021-02-24,810,N20,VIIRS,n,2,307.03,3.5,D,0
16.10249,78.65601,343.68,0.44,0.38,2021-02-24,810,N20,VIIRS,n,2,311.07,7.99,D,0
16.1054,78.65131,334.24,0.44,0.38,2021-02-24,810,N20,VIIRS,l,2,307.64,2.69,D,0
16.10599,78.65547,350.65,0.44,0.38,2021-02-24,810,N20,VIIRS,n,2,311.82,7.99,D,0
16.11551,78.74845,337.5,0.44,0.38,2021-02-24,810,N20,VIIRS,n,2,306.12,3.93,D,0
16.11608,78.75253,338.54,0.44,0.38,2021-02-24,810,N20,VIIRS,n,2,307.91,6.11,D,0
16.11762,78.86605,338.12,0.44,0.39,2021-02-24,810,N20,VIIRS,n,2,305.91,3.56,D,0
16.11824,78.87048,336.41,0.44,0.39,2021-02-24,810,N20,VIIRS,n,2,307.83,2.15,D,0
16.1237,78.75562,343.87,0.44,0.38,2021-02-24,810,N20,VIIRS,n,2,306.68,6.11,D,0
16.12603,78.7721,338.99,0.44,0.38,2021-02-24,810,N20,VIIRS,n,2,307.11,3.37,D,0
16.12839,78.76338,350.5,0.44,0.38,2021-02-24,810,N20,VIIRS,n,2,309.33,10.28,D,0
16.12898,78.76757,334.46,0.44,0.38,2021-02-24,810,N20,VIIRS,l,2,304.93,3.37,D,0
16.20233,78.9053,340.03,0.45,0.39,2021-02-24,810,N20,VIIRS,l,2,312.39,5.16,D,0
16.20585,78.90462,339.4,0.45,0.39,2021-02-24,810,N20,VIIRS,n,2,309.03,5.16,D,0
16.2088,78.89979,338.46,0.45,0.39,2021-02-24,810,N20,VIIRS,n,2,307.6,3.32,D,0
16.23051,79.19061,335.26,0.46,0.39,2021-02-24,810,N20,VIIRS,l,2,309.61,2.54,D,0
16.23109,79.1949,334.74,0.46,0.39,2021-02-24,810,N20,VIIRS,l,2,309.22,2.54,D,0
16.24069,79.18465,341.29,0.46,0.39,2021-02-24,810,N20,VIIRS,n,2,310.19,3.1,D,0
16.37511,79.92685,335.7,0.5,0.41,2021-02-24,810,N20,VIIRS,n,2,307.81,4.91,D,0
16.4832,77.77052,340.3,0.41,0.37,2021-02-24,810,N20,VIIRS,l,2,314.44,3.91,D,0
16.48469,79.9376,335.97,0.5,0.41,2021-02-24,810,N20,VIIRS,n,2,310.66,4.58,D,0
16.48845,79.93708,333.3,0.5,0.41,2021-02-24,810,N20,VIIRS,l,2,308.24,2.0,D,0
16.50259,77.61656,343.18,0.4,0.37,2021-02-24,810,N20,VIIRS,l,2,313.73,8.63,D,0
16.54137,77.02258,340.12,0.39,0.36,2021-02-24,810,N20,VIIRS,n,2,310.18,4.92,D,0
16.59195,78.16424,338.26,0.42,0.38,2021-02-24,810,N20,VIIRS,l,2,313.05,5.04,D,0
16.66333,79.60475,333.79,0.49,0.4,2021-02-24,810,N20,VIIRS,l,2,307.66,1.88,D,0
16.66702,79.60427,338.02,0.49,0.4,2021-02-24,810,N20,VIIRS,n,2,308.53,2.26,D,0
16.68176,77.10518,348.05,0.39,0.37,2021-02-24,810,N20,VIIRS,n,2,315.0,4.83,D,0
16.73982,79.23941,334.53,0.47,0.4,2021-02-24,810,N20,VIIRS,l,2,308.2,1.57,D,0
16.8517,77.38852,337.56,0.4,0.37,2021-02-24,810,N20,VIIRS,l,2,312.55,4.58,D,0
16.86666,78.7263,343.63,0.45,0.39,2021-02-24,810,N20,VIIRS,l,2,317.76,7.32,D,0
17.07694,78.73373,353.1,0.45,0.39,2021-02-24,810,N20,VIIRS,n,2,313.26,8.21,D,0
17.12853,78.5323,345.87,0.44,0.38,2021-02-24,810,N20,VIIRS,n,2,317.53,5.84,D,0
17.14903,77.90453,346.25,0.42,0.37,2021-02-24,810,N20,VIIRS,n,2,319.22,4.86,D,0
17.16424,78.16372,348.66,0.43,0.38,2021-02-24,810,N20,VIIRS,n,2,318.68,5.94,D,0
17.18796,81.15456,335.85,0.4,0.44,2021-02-24,810,N20,VIIRS,n,2,303.18,4.38,D,0
17.21756,80.05629,333.33,0.52,0.42,2021-02-24,810,N20,VIIRS,l,2,306.14,7.58,D,0
17.2182,80.06119,334.64,0.52,0.42,2021-02-24,810,N20,VIIRS,l,2,306.57,7.58,D,0
17.2554,77.96462,347.75,0.42,0.38,2021-02-24,810,N20,VIIRS,n,2,315.54,4.91,D,0
17.26598,77.91513,348.96,0.42,0.38,2021-02-24,810,N20,VIIRS,n,2,317.78,11.17,D,0
17.272,78.08318,347.05,0.42,0.38,2021-02-24,810,N20,VIIRS,n,2,319.23,6.22,D,0
17.27453,77.80264,347.54,0.41,0.37,2021-02-24,810,N20,VIIRS,n,2,315.34,11.45,D,0
17.2773,78.77502,338.0,0.45,0.39,2021-02-24,810,N20,VIIRS,l,2,312.67,3.07,D,0
17.27937,78.40166,344.12,0.44,0.38,2021-02-24,810,N20,VIIRS,n,2,312.82,5.5,D,0
17.30144,77.9177,347.41,0.42,0.38,2021-02-24,810,N20,VIIRS,l,2,320.19,10.12,D,0
17.30199,77.9216,349.51,0.42,0.38,2021-02-24,810,N20,VIIRS,l,2,320.6,10.12,D,0
17.30728,77.88492,348.57,0.42,0.37,2021-02-24,810,N20,VIIRS,n,2,320.61,6.17,D,0
17.37941,79.25221,342.76,0.48,0.4,2021-02-24,810,N20,VIIRS,n,2,314.31,6.85,D,0
17.58296,80.31798,336.71,0.54,0.42,2021-02-24,810,N20,VIIRS,l,2,308.7,4.63,D,2
17.61797,80.31304,338.1,0.54,0.42,2021-02-24,810,N20,VIIRS,n,2,303.86,3.31,D,0
17.64601,81.40408,338.05,0.42,0.45,2021-02-24,810,N20,VIIRS,n,2,308.03,4.53,D,0
17.32578,77.59798,348.15,0.41,0.37,2021-02-24,811,N20,VIIRS,n,2,319.04,6.8,D,0
17.48154,77.75869,350.13,0.41,0.37,2021-02-24,811,N20,VIIRS,n,2,318.59,8.74,D,0
17.50421,78.06847,341.13,0.43,0.38,2021-02-24,811,N20,VIIRS,n,2,315.82,5.37,D,0
17.50713,77.04118,342.72,0.4,0.37,2021-02-24,811,N20,VIIRS,l,2,317.54,5.43,D,0
17.52041,77.53992,349.16,0.41,0.37,2021-02-24,811,N20,VIIRS,n,2,319.96,17.52,D,0
17.52714,77.2021,348.92,0.4,0.37,2021-02-24,811,N20,VIIRS,n,2,315.91,6.75,D,0
17.53249,77.12089,347.74,0.4,0.37,2021-02-24,811,N20,VIIRS,n,2,316.27,14.54,D,0
17.53303,77.1246,353.54,0.4,0.37,2021-02-24,811,N20,VIIRS,n,2,319.06,18.48,D,0
17.53357,77.12832,353.45,0.4,0.37,2021-02-24,811,N20,VIIRS,n,2,314.65,18.48,D,0
17.5346,77.12071,354.97,0.4,0.37,2021-02-24,811,N20,VIIRS,n,2,319.35,12.51,D,0
17.53513,77.12444,352.59,0.4,0.37,2021-02-24,811,N20,VIIRS,n,2,319.27,21.02,D,0
17.53567,77.12817,367.0,0.4,0.37,2021-02-24,811,N20,VIIRS,h,2,321.27,21.02,D,0
17.53742,77.11644,351.86,0.4,0.37,2021-02-24,811,N20,VIIRS,n,2,319.59,12.51,D,0
17.56556,77.68626,343.2,0.41,0.37,2021-02-24,811,N20,VIIRS,l,2,317.43,3.93,D,0
17.56886,77.19192,347.14,0.4,0.37,2021-02-24,811,N20,VIIRS,l,2,317.2,6.86,D,0
17.58237,77.46398,341.77,0.41,0.37,2021-02-24,811,N20,VIIRS,l,2,316.5,5.78,D,0
17.58346,77.46412,348.85,0.41,0.37,2021-02-24,811,N20,VIIRS,n,2,317.74,8.7,D,0
17.58874,77.13898,345.57,0.4,0.37,2021-02-24,811,N20,VIIRS,l,2,317.53,7.53,D,0
17.58928,77.14274,343.69,0.4,0.37,2021-02-24,811,N20,VIIRS,l,2,315.89,7.53,D,0
17.59264,77.14221,344.61,0.4,0.37,2021-02-24,811,N20,VIIRS,n,2,311.93,6.37,D,0
17.59447,77.1074,367.0,0.4,0.37,2021-02-24,811,N20,VIIRS,h,2,318.59,7.88,D,0
17.596,77.14169,355.51,0.4,0.37,2021-02-24,811,N20,VIIRS,n,2,315.24,6.37,D,0
17.61378,77.73047,342.17,0.41,0.37,2021-02-24,811,N20,VIIRS,n,2,315.35,4.47,D,0
17.61535,77.93864,346.2,0.42,0.38,2021-02-24,811,N20,VIIRS,n,2,315.04,7.01,D,0
17.68046,77.88091,344.25,0.42,0.38,2021-02-24,811,N20,VIIRS,n,2,318.87,6.23,D,0
17.69454,80.41017,335.09,0.55,0.43,2021-02-24,811,N20,VIIRS,l,2,309.6,2.78,D,0
17.7196,77.66312,340.93,0.41,0.37,2021-02-24,811,N20,VIIRS,n,2,315.63,2.57,D,0
17.72903,80.24761,334.72,0.54,0.42,2021-02-24,811,N20,VIIRS,l,2,307.86,6.95,D,0
17.78407,80.2665,340.89,0.54,0.42,2021-02-24,811,N20,VIIRS,n,2,306.45,13.39,D,0
17.78646,77.61721,344.9,0.41,0.37,2021-02-24,811,N20,VIIRS,n,2,317.46,2.9,D,0
17.79067,79.09657,333.02,0.47,0.4,2021-02-24,811,N20,VIIRS,l,2,307.01,2.07,D,0
17.79203,80.29777,339.77,0.55,0.42,2021-02-24,811,N20,VIIRS,n,2,310.8,3.43,D,0
17.8208,78.13696,343.47,0.43,0.38,2021-02-24,811,N20,VIIRS,n,2,315.27,3.3,D,0
17.85559,77.9555,347.68,0.42,0.38,2021-02-24,811,N20,VIIRS,n,2,318.04,13.72,D,0
17.87017,78.68349,344.91,0.45,0.39,2021-02-24,811,N20,VIIRS,n,2,313.03,4.19,D,0
17.90165,80.83923,339.12,0.39,0.44,2021-02-24,811,N20,VIIRS,n,2,306.96,1.41,D,0
17.91298,77.3733,349.59,0.41,0.37,2021-02-24,811,N20,VIIRS,l,2,321.07,7.89,D,0
17.95271,80.20834,341.06,0.54,0.42,2021-02-24,811,N20,VIIRS,n,2,313.58,5.61,D,0
17.96662,79.10101,337.84,0.47,0.4,2021-02-24,811,N20,VIIRS,n,2,310.03,4.48,D,0
17.98181,80.18859,336.27,0.54,0.42,2021-02-24,811,N20,VIIRS,l,2,310.5,4.35,D,0
17.98213,78.31342,347.48,0.44,0.38,2021-02-24,811,N20,VIIRS,n,2,314.63,7.27,D,0
17.99469,80.16587,334.51,0.54,0.42,2021-02-24,811,N20,VIIRS,l,2,306.59,3.97,D,0
17.9948,78.53649,338.84,0.45,0.39,2021-02-24,811,N20,VIIRS,n,2,311.91,2.64,D,0
18.01098,80.20038,334.74,0.54,0.42,2021-02-24,811,N20,VIIRS,n,2,308.69,2.95,D,0
18.04807,80.09214,335.77,0.54,0.42,2021-02-24,811,N20,VIIRS,l,2,310.68,5.9,D,0
18.04933,80.08909,341.55,0.54,0.42,2021-02-24,811,N20,VIIRS,n,2,310.37,4.97,D,0
18.11097,79.81261,345.39,0.52,0.41,2021-02-24,811,N20,VIIRS,n,2,309.88,7.73,D,0
18.11713,80.18807,342.04,0.54,0.42,2021-02-24,811,N20,VIIRS,n,2,308.32,33.93,D,0
18.12101,78.2179,341.07,0.44,0.38,2021-02-24,811,N20,VIIRS,n,2,312.41,7.34,D,0
18.12102,80.18753,339.75,0.54,0.42,2021-02-24,811,N20,VIIRS,l,2,312.28,33.93,D,0
18.12491,80.187,338.21,0.54,0.42,2021-02-24,811,N20,VIIRS,l,2,308.95,6.33,D,0
18.13872,79.85102,338.42,0.52,0.42,2021-02-24,811,N20,VIIRS,n,2,309.13,7.85,D,0
18.15299,80.82573,339.97,0.39,0.44,2021-02-24,811,N20,VIIRS,n,2,309.15,7.97,D,0
18.15345,80.82944,346.94,0.4,0.44,2021-02-24,811,N20,VIIRS,n,2,308.46,7.97,D,0
18.15706,80.8254,345.71,0.39,0.44,2021-02-24,811,N20,VIIRS,n,2,311.04,6.92,D,0
18.18747,80.87143,333.34,0.4,0.44,2021-02-24,811,N20,VIIRS,l,2,307.12,3.16,D,0
18.19513,77.49125,345.75,0.41,0.37,2021-02-24,811,N20,VIIRS,n,2,315.14,2.83,D,0
18.19617,80.55278,333.34,0.57,0.43,2021-02-24,811,N20,VIIRS,l,2,304.74,17.39,D,0
18.2037,78.06812,336.89,0.43,0.38,2021-02-24,811,N20,VIIRS,l,2,309.47,3.31,D,0
18.20718,78.06757,335.75,0.43,0.38,2021-02-24,811,N20,VIIRS,l,2,309.86,2.65,D,0
18.21604,78.09547,347.43,0.43,0.38,2021-02-24,811,N20,VIIRS,n,2,313.16,5.27,D,0
18.21952,78.09492,343.13,0.43,0.38,2021-02-24,811,N20,VIIRS,n,2,312.04,5.52,D,0
18.22479,78.69086,351.67,0.46,0.39,2021-02-24,811,N20,VIIRS,n,2,315.62,11.87,D,0
18.2719,77.56338,348.34,0.41,0.37,2021-02-24,811,N20,VIIRS,l,2,319.65,9.14,D,0
18.27422,78.07844,340.83,0.43,0.38,2021-02-24,811,N20,VIIRS,n,2,310.18,4.3,D,0
18.29414,80.66652,333.18,0.39,0.44,2021-02-24,811,N20,VIIRS,n,2,306.62,2.91,D,0
18.29459,80.67008,338.36,0.39,0.44,2021-02-24,811,N20,VIIRS,n,2,302.38,1.43,D,0
18.3295,77.82453,335.58,0.42,0.38,2021-02-24,811,N20,VIIRS,n,2,309.05,3.39,D,0
18.40813,77.53863,344.7,0.41,0.37,2021-02-24,811,N20,VIIRS,n,2,318.52,4.15,D,0
18.41032,80.73451,342.94,0.39,0.44,2021-02-24,811,N20,VIIRS,n,2,309.67,3.96,D,0
18.45425,77.27023,345.07,0.41,0.37,2021-02-24,811,N20,VIIRS,l,2,318.89,6.45,D,0
18.45764,77.26971,350.47,0.41,0.37,2021-02-24,811,N20,VIIRS,l,2,324.66,29.96,D,0
18.46917,78.44344,345.64,0.45,0.39,2021-02-24,811,N20,VIIRS,n,2,311.15,6.83,D,0
18.47619,80.72787,336.94,0.39,0.44,2021-02-24,811,N20,VIIRS,l,2,307.31,2.67,D,0
18.48654,80.23517,337.22,0.55,0.43,2021-02-24,811,N20,VIIRS,l,2,308.98,5.33,D,0
18.49156,78.60532,341.43,0.46,0.39,2021-02-24,811,N20,VIIRS,n,2,310.86,5.5,D,0
18.50556,78.63926,335.89,0.46,0.39,2021-02-24,811,N20,VIIRS,l,2,309.78,7.07,D,0
18.50768,78.64258,337.91,0.46,0.39,2021-02-24,811,N20,VIIRS,l,2,310.08,5.76,D,0
18.51402,78.48477,334.74,0.45,0.39,2021-02-24,811,N20,VIIRS,l,2,309.3,3.19,D,0
18.51458,78.48895,339.21,0.45,0.39,2021-02-24,811,N20,VIIRS,n,2,313.56,6.63,D,0
18.51813,78.48836,338.7,0.45,0.39,2021-02-24,811,N20,VIIRS,l,2,312.74,6.6,D,0
18.53736,80.6283,342.72,0.39,0.44,2021-02-24,811,N20,VIIRS,n,2,308.43,2.7,D,0
18.53785,80.63208,343.44,0.39,0.44,2021-02-24,811,N20,VIIRS,n,2,307.77,2.7,D,0
18.53853,78.19048,349.98,0.44,0.38,2021-02-24,811,N20,VIIRS,n,2,314.21,11.91,D,0
18.5405,79.61931,337.68,0.51,0.41,2021-02-24,811,N20,VIIRS,n,2,310.46,3.78,D,0
18.55236,79.6517,343.25,0.51,0.41,2021-02-24,811,N20,VIIRS,l,2,315.2,8.6,D,0
18.60756,78.82432,334.01,0.47,0.4,2021-02-24,811,N20,VIIRS,l,2,308.84,2.92,D,0
18.61085,78.32059,338.47,0.44,0.39,2021-02-24,811,N20,VIIRS,n,2,312.09,3.86,D,0
18.613,78.83712,344.57,0.47,0.4,2021-02-24,811,N20,VIIRS,n,2,310.14,7.5,D,0
18.61487,78.59281,341.67,0.46,0.39,2021-02-24,811,N20,VIIRS,n,2,309.88,6.21,D,0
18.61672,80.40815,341.79,0.57,0.43,2021-02-24,811,N20,VIIRS,n,2,309.39,4.77,D,0
18.64356,78.58883,344.55,0.46,0.39,2021-02-24,811,N20,VIIRS,n,2,310.62,5.79,D,0
18.65555,78.5695,339.51,0.46,0.39,2021-02-24,811,N20,VIIRS,l,2,313.63,3.86,D,0
18.66552,78.80775,341.95,0.47,0.4,2021-02-24,811,N20,VIIRS,l,2,312.64,6.12,D,0
18.66555,78.61635,349.69,0.46,0.39,2021-02-24,811,N20,VIIRS,n,2,313.58,6.81,D,0
18.67276,78.80671,335.38,0.47,0.4,2021-02-24,811,N20,VIIRS,l,2,308.46,5.8,D,0
18.6916,81.4777,341.08,0.44,0.46,2021-02-24,811,N20,VIIRS,l,2,312.26,6.7,D,0
18.70985,78.59245,344.51,0.46,0.39,2021-02-24,811,N20,VIIRS,n,2,311.87,10.05,D,0
18.71261,78.85564,338.54,0.47,0.4,2021-02-24,811,N20,VIIRS,n,2,308.3,3.03,D,0
18.73134,78.9671,334.65,0.48,0.4,2021-02-24,811,N20,VIIRS,n,2,308.52,3.09,D,0
18.73497,78.93882,340.64,0.47,0.4,2021-02-24,811,N20,VIIRS,n,2,309.99,5.41,D,0
18.75318,79.3586,336.19,0.5,0.41,2021-02-24,811,N20,VIIRS,l,2,309.35,8.35,D,0
18.75638,81.02007,340.12,0.41,0.45,2021-02-24,811,N20,VIIRS,l,2,312.26,4.17,D,0
18.83705,80.29422,341.47,0.56,0.43,2021-02-24,811,N20,VIIRS,n,2,308.53,6.22,D,0
18.83805,80.29704,333.42,0.56,0.43,2021-02-24,811,N20,VIIRS,l,2,308.01,6.91,D,0
18.86504,77.43259,341.05,0.41,0.37,2021-02-24,811,N20,VIIRS,l,2,315.37,7.0,D,0
18.92215,81.25321,341.96,0.43,0.46,2021-02-24,811,N20,VIIRS,n,2,313.48,3.69,D,0
18.92266,81.25731,342.21,0.43,0.46,2021-02-24,811,N20,VIIRS,n,2,311.73,3.69,D,0
18.92296,79.39421,341.51,0.5,0.41,2021-02-24,811,N20,VIIRS,n,2,314.33,14.21,D,0
18.9236,79.39895,348.52,0.5,0.41,2021-02-24,811,N20,VIIRS,n,2,317.56,14.21,D,0
18.92431,79.39615,349.0,0.5,0.41,2021-02-24,811,N20,VIIRS,n,2,318.88,23.66,D,0
18.95803,80.11324,332.33,0.55,0.43,2021-02-24,811,N20,VIIRS,l,2,306.3,3.17,D,0
18.98177,78.88933,333.64,0.48,0.4,2021-02-24,811,N20,VIIRS,n,2,307.41,1.71,D,0
18.98403,77.96291,338.14,0.43,0.38,2021-02-24,811,N20,VIIRS,n,2,311.75,3.22,D,0
18.9897,78.69741,345.41,0.47,0.39,2021-02-24,811,N20,VIIRS,n,2,311.65,5.42,D,0
19.00329,80.15549,336.12,0.55,0.43,2021-02-24,811,N20,VIIRS,l,2,307.42,2.15,D,0
19.00731,79.35933,336.19,0.5,0.41,2021-02-24,811,N20,VIIRS,l,2,310.51,3.86,D,0
19.00981,80.17513,332.36,0.56,0.43,2021-02-24,811,N20,VIIRS,l,2,306.7,5.16,D,0
19.0107,80.08962,339.09,0.55,0.43,2021-02-24,811,N20,VIIRS,l,2,310.15,6.91,D,0
19.01155,80.09249,334.26,0.55,0.43,2021-02-24,811,N20,VIIRS,l,2,308.34,2.28,D,0
19.02768,79.51347,343.28,0.51,0.41,2021-02-24,811,N20,VIIRS,n,2,316.54,5.62,D,0
19.02937,80.17185,337.3,0.56,0.43,2021-02-24,811,N20,VIIRS,n,2,307.49,4.21,D,0
19.0518,78.60014,350.9,0.46,0.39,2021-02-24,811,N20,VIIRS,n,2,312.41,7.5,D,0
19.0554,78.5996,348.04,0.46,0.39,2021-02-24,811,N20,VIIRS,n,2,310.25,7.5,D,0
19.08407,77.69853,342.76,0.42,0.38,2021-02-24,811,N20,VIIRS,l,2,316.95,6.31,D,0
19.08455,78.68056,339.04,0.47,0.39,2021-02-24,811,N20,VIIRS,n,2,310.72,2.32,D,0
19.11332,78.32704,337.82,0.45,0.39,2021-02-24,811,N20,VIIRS,n,2,312.17,3.36,D,0
19.11964,79.39291,346.95,0.51,0.41,2021-02-24,811,N20,VIIRS,n,2,309.56,15.87,D,0
19.1439,79.94126,343.26,0.54,0.42,2021-02-24,811,N20,VIIRS,n,2,310.05,3.45,D,0
19.14778,79.94076,342.42,0.54,0.42,2021-02-24,811,N20,VIIRS,n,2,309.91,8.11,D,0
19.18086,80.07659,335.34,0.55,0.43,2021-02-24,811,N20,VIIRS,l,2,310.18,3.87,D,0
19.20818,79.10349,353.62,0.49,0.4,2021-02-24,811,N20,VIIRS,n,2,315.44,6.41,D,0
19.21053,79.10382,344.12,0.49,0.4,2021-02-24,811,N20,VIIRS,n,2,312.93,7.93,D,0
19.21187,79.1029,339.23,0.49,0.4,2021-02-24,811,N20,VIIRS,l,2,311.51,6.41,D,0
19.24411,78.51789,335.74,0.46,0.39,2021-02-24,811,N20,VIIRS,l,2,310.51,6.04,D,0
19.24621,78.519,349.38,0.46,0.39,2021-02-24,811,N20,VIIRS,n,2,310.1,6.48,D,0
19.24771,78.51737,353.1,0.46,0.39,2021-02-24,811,N20,VIIRS,n,2,313.28,6.04,D,0
19.25741,78.72324,339.89,0.47,0.4,2021-02-24,811,N20,VIIRS,n,2,309.02,8.95,D,0
19.25801,78.72768,367.0,0.47,0.4,2021-02-24,811,N20,VIIRS,h,2,312.19,8.95,D,0
19.26164,78.72713,348.43,0.47,0.4,2021-02-24,811,N20,VIIRS,n,2,312.47,8.95,D,0
19.26224,78.73156,333.94,0.47,0.4,2021-02-24,811,N20,VIIRS,n,2,306.78,3.83,D,0
19.26467,78.72214,335.42,0.47,0.4,2021-02-24,811,N20,VIIRS,l,2,309.1,4.84,D,0
19.2677,78.71723,338.78,0.47,0.4,2021-02-24,811,N20,VIIRS,l,2,310.56,6.11,D,0
19.26814,78.71424,341.08,0.47,0.4,2021-02-24,811,N20,VIIRS,l,2,311.67,5.07,D,0
19.27131,78.68188,335.66,0.47,0.4,2021-02-24,811,N20,VIIRS,n,2,308.1,3.42,D,0
19.27377,78.67249,342.59,0.47,0.4,2021-02-24,811,N20,VIIRS,n,2,308.54,4.44,D,0
19.2755,78.68569,335.47,0.47,0.4,2021-02-24,811,N20,VIIRS,l,2,307.78,2.59,D,0
19.32625,79.20728,346.28,0.5,0.41,2021-02-24,811,N20,VIIRS,n,2,314.16,8.6,D,0
19.33307,80.89388,339.43,0.41,0.45,2021-02-24,811,N20,VIIRS,n,2,305.21,3.04,D,0
19.33586,80.89391,353.88,0.41,0.45,2021-02-24,811,N20,VIIRS,n,2,308.53,6.49,D,0
19.33717,80.8932,336.71,0.41,0.45,2021-02-24,811,N20,VIIRS,n,2,307.96,3.04,D,0
19.36439,79.10793,345.62,0.49,0.4,2021-02-24,811,N20,VIIRS,n,2,315.6,11.59,D,0
19.39538,77.70227,342.45,0.43,0.38,2021-02-24,811,N20,VIIRS,n,2,313.43,3.44,D,0
19.52817,79.24466,338.62,0.5,0.41,2021-02-24,811,N20,VIIRS,l,2,313.54,3.51,D,0
19.57252,81.29792,345.27,0.44,0.46,2021-02-24,811,N20,VIIRS,n,2,307.8,6.14,D,0
19.66336,80.72695,340.99,0.41,0.45,2021-02-24,811,N20,VIIRS,n,2,308.92,7.87,D,0
19.66382,80.73074,347.8,0.41,0.45,2021-02-24,811,N20,VIIRS,n,2,308.68,7.87,D,0
19.76971,80.61319,341.87,0.4,0.44,2021-02-24,811,N20,VIIRS,n,2,312.86,4.53,D,0
19.7869,78.46729,347.2,0.46,0.39,2021-02-24,811,N20,VIIRS,n,2,320.34,12.54,D,0
19.79051,78.46678,350.04,0.46,0.39,2021-02-24,811,N20,VIIRS,n,2,318.45,14.06,D,0
19.84568,77.07347,347.75,0.41,0.37,2021-02-24,811,N20,VIIRS,l,2,317.96,7.39,D,0
19.86956,78.27402,345.69,0.45,0.39,2021-02-24,811,N20,VIIRS,n,2,314.53,8.34,D,0
19.8734,80.68538,342.08,0.41,0.45,2021-02-24,811,N20,VIIRS,l,2,312.77,5.77,D,0
19.87819,80.62167,342.36,0.4,0.44,2021-02-24,811,N20,VIIRS,n,2,310.41,3.59,D,0
19.88476,80.6759,342.45,0.41,0.45,2021-02-24,811,N20,VIIRS,n,2,310.13,4.38,D,0
19.92197,78.6166,339.67,0.47,0.4,2021-02-24,811,N20,VIIRS,l,2,314.58,2.79,D,0
19.92363,79.3198,336.54,0.51,0.41,2021-02-24,811,N20,VIIRS,l,2,310.27,2.08,D,0
19.98115,80.94849,342.93,0.42,0.45,2021-02-24,811,N20,VIIRS,n,2,312.07,7.07,D,0
19.98255,80.94805,342.61,0.42,0.45,2021-02-24,811,N20,VIIRS,n,2,311.29,3.81,D,0
17.95721,80.79937,318.64,0.53,0.5,2021-02-24,2041,N20,VIIRS,n,2,296.92,2.71,N,2
18.29684,78.15876,302.35,0.54,0.42,2021-02-24,2041,N20,VIIRS,n,2,290.8,0.89,N,0
18.48975,78.60066,304.19,0.56,0.43,2021-02-24,2041,N20,VIIRS,n,2,292.35,1.15,N,0
18.49783,77.93623,311.84,0.52,0.41,2021-02-24,2041,N20,VIIRS,n,2,293.55,1.73,N,0
18.50838,78.09505,302.99,0.53,0.42,2021-02-24,2041,N20,VIIRS,n,2,292.23,0.96,N,0
18.53134,78.48407,310.19,0.56,0.43,2021-02-24,2041,N20,VIIRS,n,2,293.94,2.22,N,0
18.53506,78.46365,305.8,0.55,0.43,2021-02-24,2041,N20,VIIRS,n,2,293.29,1.76,N,0
18.5694,78.51852,308.72,0.56,0.43,2021-02-24,2041,N20,VIIRS,n,2,293.27,1.95,N,0
18.56943,78.5195,310.45,0.56,0.43,2021-02-24,2041,N20,VIIRS,n,2,292.89,1.48,N,0
18.58579,78.51822,307.1,0.56,0.43,2021-02-24,2041,N20,VIIRS,n,2,291.61,1.43,N,0
18.65162,78.68653,303.57,0.57,0.43,2021-02-24,2041,N20,VIIRS,n,2,291.05,1.0,N,0
18.65263,78.68116,304.24,0.57,0.43,2021-02-24,2041,N20,VIIRS,n,2,293.15,1.0,N,0
18.68834,80.34123,316.68,0.48,0.48,2021-02-24,2041,N20,VIIRS,n,2,293.99,2.62,N,0
18.72291,79.50761,329.25,0.42,0.45,2021-02-24,2041,N20,VIIRS,n,2,296.12,3.7,N,0
18.75395,79.36752,307.3,0.41,0.45,2021-02-24,2041,N20,VIIRS,n,2,295.14,1.67,N,0
18.75888,78.84966,308.07,0.39,0.44,2021-02-24,2041,N20,VIIRS,n,2,295.2,1.81,N,0
18.77271,78.84142,305.79,0.38,0.44,2021-02-24,2041,N20,VIIRS,n,2,293.23,1.22,N,0
18.78912,78.86359,303.5,0.39,0.44,2021-02-24,2041,N20,VIIRS,n,2,292.94,0.98,N,0
18.79307,78.8644,318.75,0.39,0.44,2021-02-24,2041,N20,VIIRS,n,2,294.64,0.98,N,0
18.83353,80.29602,303.09,0.47,0.48,2021-02-24,2041,N20,VIIRS,n,2,292.51,1.2,N,0
18.85757,80.28781,302.25,0.47,0.48,2021-02-24,2041,N20,VIIRS,n,2,291.71,1.15,N,0
18.87574,80.3103,305.5,0.47,0.48,2021-02-24,2041,N20,VIIRS,n,2,293.18,2.48,N,0
18.87721,80.30872,304.17,0.47,0.48,2021-02-24,2041,N20,VIIRS,n,2,291.83,1.86,N,0
18.89332,79.0255,305.85,0.39,0.44,2021-02-24,2041,N20,VIIRS,n,2,292.36,1.24,N,0
18.917,78.63074,304.93,0.56,0.43,2021-02-24,2041,N20,VIIRS,n,2,291.37,0.85,N,0
18.96629,80.12711,345.43,0.46,0.47,2021-02-24,2041,N20,VIIRS,n,2,298.14,7.49,N,0
18.97061,80.12768,314.82,0.46,0.47,2021-02-24,2041,N20,VIIRS,n,2,295.45,1.63,N,0
18.97145,80.12337,309.54,0.46,0.47,2021-02-24,2041,N20,VIIRS,n,2,294.5,1.63,N,0
18.98175,78.93624,314.51,0.39,0.44,2021-02-24,2041,N20,VIIRS,n,2,295.47,1.75,N,0
18.98241,78.93274,304.92,0.39,0.44,2021-02-24,2041,N20,VIIRS,n,2,294.08,1.75,N,0
19.00471,79.35358,309.67,0.41,0.45,2021-02-24,2041,N20,VIIRS,n,2,296.01,2.41,N,0
19.01725,80.06889,310.83,0.45,0.47,2021-02-24,2041,N20,VIIRS,n,2,295.76,1.31,N,0
19.01803,80.06477,309.24,0.45,0.47,2021-02-24,2041,N20,VIIRS,n,2,295.0,1.31,N,0
19.02673,77.50732,299.43,0.48,0.4,2021-02-24,2041,N20,VIIRS,n,2,287.91,0.45,N,0
19.03719,80.11993,306.12,0.45,0.47,2021-02-24,2041,N20,VIIRS,n,2,295.03,1.68,N,0
19.05472,78.60655,304.09,0.55,0.43,2021-02-24,2041,N20,VIIRS,n,2,290.96,1.47,N,0
19.05928,80.30436,305.26,0.47,0.47,2021-02-24,2041,N20,VIIRS,n,2,293.48,0.82,N,0
19.06017,80.29974,308.48,0.47,0.47,2021-02-24,2041,N20,VIIRS,n,2,295.16,2.29,N,0
19.07292,77.39501,326.15,0.48,0.4,2021-02-24,2041,N20,VIIRS,n,2,289.19,3.07,N,0
19.12616,78.36682,305.46,0.54,0.42,2021-02-24,2041,N20,VIIRS,n,2,291.22,0.5,N,0
19.1582,80.05954,305.51,0.45,0.47,2021-02-24,2041,N20,VIIRS,n,2,294.56,1.27,N,0
19.15905,80.07774,311.57,0.45,0.47,2021-02-24,2041,N20,VIIRS,n,2,296.1,2.99,N,0
19.16246,80.06026,317.34,0.45,0.47,2021-02-24,2041,N20,VIIRS,n,2,294.95,1.27,N,0
19.16667,80.06127,309.41,0.45,0.47,2021-02-24,2041,N20,VIIRS,n,2,293.49,1.12,N,0
19.17085,80.06239,312.46,0.45,0.47,2021-02-24,2041,N20,VIIRS,n,2,295.81,1.12,N,0
19.175,80.06367,318.62,0.45,0.47,2021-02-24,2041,N20,VIIRS,n,2,294.54,1.81,N,0
19.17916,80.0649,320.87,0.45,0.47,2021-02-24,2041,N20,VIIRS,n,2,295.67,1.81,N,0
19.1826,80.06991,315.17,0.45,0.47,2021-02-24,2041,N20,VIIRS,n,2,295.69,2.85,N,0
19.2581,78.73241,313.02,0.56,0.43,2021-02-24,2041,N20,VIIRS,n,2,291.05,1.2,N,0
19.262,78.73318,300.09,0.56,0.43,2021-02-24,2041,N20,VIIRS,n,2,289.85,1.2,N,0
19.27155,78.68095,304.86,0.56,0.43,2021-02-24,2041,N20,VIIRS,n,2,290.81,1.52,N,0
19.27742,78.69289,311.7,0.56,0.43,2021-02-24,2041,N20,VIIRS,n,2,292.23,3.0,N,0
19.27839,78.68755,336.37,0.56,0.43,2021-02-24,2041,N20,VIIRS,n,2,294.91,6.0,N,0
19.28226,78.6884,303.1,0.56,0.43,2021-02-24,2041,N20,VIIRS,n,2,292.55,1.02,N,0
19.28613,78.68928,305.24,0.56,0.43,2021-02-24,2041,N20,VIIRS,n,2,291.52,1.02,N,0
19.30561,78.53781,301.41,0.54,0.42,2021-02-24,2041,N20,VIIRS,n,2,290.75,1.38,N,0
19.31157,78.75051,302.65,0.56,0.43,2021-02-24,2041,N20,VIIRS,n,2,290.51,0.8,N,0
19.32313,78.66693,309.44,0.55,0.43,2021-02-24,2041,N20,VIIRS,n,2,290.71,1.24,N,0
19.34345,80.09956,307.7,0.45,0.47,2021-02-24,2041,N20,VIIRS,n,2,296.52,2.64,N,0
19.38527,79.11554,307.42,0.39,0.44,2021-02-24,2041,N20,VIIRS,n,2,294.13,1.15,N,0
19.38597,79.11182,310.55,0.39,0.44,2021-02-24,2041,N20,VIIRS,n,2,293.77,1.15,N,0
19.51282,79.26844,303.61,0.4,0.44,2021-02-24,2041,N20,VIIRS,n,2,293.42,1.35,N,0
19.52291,79.25916,306.93,0.4,0.44,2021-02-24,2041,N20,VIIRS,n,2,293.15,0.72,N,0
19.53656,79.16589,302.21,0.39,0.44,2021-02-24,2041,N20,VIIRS,n,2,291.58,0.68,N,0
19.57977,79.33279,313.94,0.4,0.44,2021-02-24,2041,N20,VIIRS,n,2,293.66,1.48,N,0
19.72255,79.17545,308.46,0.39,0.44,2021-02-24,2041,N20,VIIRS,n,2,295.82,1.17,N,2
19.78757,79.1474,316.91,0.39,0.44,2021-02-24,2041,N20,VIIRS,n,2,297.46,2.07,N,2
19.93076,78.61517,306.08,0.54,0.42,2021-02-24,2041,N20,VIIRS,n,2,292.34,0.83,N,0
19.996,79.1797,300.73,0.38,0.44,2021-02-24,2041,N20,VIIRS,n,2,290.46,0.52,N,0
15.58807,78.9037,305.85,0.44,0.46,2021-02-24,2042,N20,VIIRS,n,2,293.24,0.99,N,0
16.69676,79.6488,306.69,0.47,0.48,2021-02-24,2042,N20,VIIRS,n,2,296.31,0.99,N,2
16.87142,80.02262,306.31,0.49,0.49,2021-02-24,2042,N20,VIIRS,n,2,295.66,1.28,N,2
17.14741,78.22588,303.19,0.56,0.43,2021-02-24,2042,N20,VIIRS,n,2,290.9,0.81,N,2
17.22312,79.09306,309.37,0.42,0.45,2021-02-24,2042,N20,VIIRS,n,2,293.11,1.14,N,0
17.50892,78.43559,299.96,0.57,0.43,2021-02-24,2042,N20,VIIRS,n,2,289.07,0.4,N,0
17.54196,77.13554,300.73,0.49,0.4,2021-02-24,2042,N20,VIIRS,n,2,289.07,0.79,N,0
17.58292,80.31553,316.24,0.5,0.49,2021-02-24,2042,N20,VIIRS,n,2,295.11,2.39,N,2
17.61375,77.1337,301.63,0.48,0.4,2021-02-24,2042,N20,VIIRS,n,2,289.13,0.81,N,0
17.78326,80.27158,306.52,0.49,0.49,2021-02-24,2042,N20,VIIRS,n,2,294.0,1.58,N,0
17.94952,77.55721,301.07,0.5,0.41,2021-02-24,2042,N20,VIIRS,n,2,289.79,0.6,N,0
18.14026,78.32229,306.51,0.55,0.43,2021-02-24,2042,N20,VIIRS,n,2,292.17,1.17,N,0
18.14118,78.31718,307.05,0.55,0.43,2021-02-24,2042,N20,VIIRS,n,2,291.26,1.17,N,0
15.50609,78.08046,348.86,0.44,0.39,2021-02-25,751,N20,VIIRS,n,2,315.89,4.69,D,0
15.53337,79.85017,337.97,0.39,0.36,2021-02-25,751,N20,VIIRS,n,2,310.8,2.25,D,0
15.63278,78.93007,338.65,0.41,0.37,2021-02-25,751,N20,VIIRS,n,2,312.17,6.55,D,0
15.64063,79.2616,340.28,0.4,0.37,2021-02-25,751,N20,VIIRS,l,2,313.98,42.02,D,0
15.64298,78.92828,345.15,0.41,0.37,2021-02-25,751,N20,VIIRS,n,2,312.02,7.44,D,0
15.83156,78.3365,347.4,0.43,0.38,2021-02-25,751,N20,VIIRS,n,2,319.66,8.66,D,0
15.83719,78.97814,330.81,0.41,0.37,2021-02-25,751,N20,VIIRS,l,2,305.17,4.18,D,0
15.83996,78.97365,332.33,0.41,0.37,2021-02-25,751,N20,VIIRS,l,2,304.68,1.28,D,0
15.99522,78.93208,347.94,0.41,0.37,2021-02-25,751,N20,VIIRS,n,2,313.64,13.39,D,0
16.02211,79.86735,337.65,0.39,0.36,2021-02-25,751,N20,VIIRS,n,2,311.08,3.76,D,0
16.07851,77.18216,348.62,0.48,0.4,2021-02-25,751,N20,VIIRS,n,2,316.27,11.85,D,0
16.08678,80.04167,335.79,0.39,0.36,2021-02-25,751,N20,VIIRS,l,2,309.89,1.33,D,0
16.08778,78.7666,337.98,0.41,0.37,2021-02-25,751,N20,VIIRS,n,2,308.52,12.09,D,0
16.22337,78.80255,344.34,0.41,0.37,2021-02-25,751,N20,VIIRS,n,2,311.11,6.79,D,0
16.25115,77.82256,336.93,0.45,0.39,2021-02-25,751,N20,VIIRS,l,2,311.53,5.55,D,0
16.34426,79.4943,348.65,0.4,0.37,2021-02-25,751,N20,VIIRS,l,2,319.52,32.93,D,0
16.36278,78.60024,346.55,0.42,0.37,2021-02-25,751,N20,VIIRS,n,2,317.0,5.73,D,0
16.43061,77.02062,337.34,0.49,0.4,2021-02-25,751,N20,VIIRS,l,2,312.29,3.53,D,0
16.47385,78.87628,340.8,0.41,0.37,2021-02-25,751,N20,VIIRS,l,2,314.51,4.66,D,0
16.4894,77.32062,342.48,0.47,0.4,2021-02-25,751,N20,VIIRS,l,2,316.84,6.09,D,0
16.49724,79.77509,332.89,0.39,0.36,2021-02-25,751,N20,VIIRS,l,2,307.39,2.48,D,0
16.50233,78.22588,341.69,0.43,0.38,2021-02-25,751,N20,VIIRS,n,2,308.84,5.7,D,0
16.6016,79.987,341.38,0.39,0.36,2021-02-25,751,N20,VIIRS,n,2,314.22,4.52,D,0
16.70703,80.45129,343.76,0.38,0.36,2021-02-25,751,N20,VIIRS,n,2,311.95,3.0,D,0
16.70764,79.64227,352.64,0.39,0.36,2021-02-25,751,N20,VIIRS,n,2,320.97,12.76,D,0
16.71033,80.45075,340.56,0.38,0.36,2021-02-25,751,N20,VIIRS,n,2,310.74,3.94,D,0
17.03302,80.58331,332.86,0.38,0.36,2021-02-25,751,N20,VIIRS,l,2,307.63,3.36,D,0
16.93125,77.11523,349.44,0.47,0.4,2021-02-25,752,N20,VIIRS,n,2,316.51,6.09,D,0
16.95386,77.42267,342.21,0.46,0.39,2021-02-25,752,N20,VIIRS,n,2,314.51,4.86,D,0
16.95741,77.422,341.26,0.46,0.39,2021-02-25,752,N20,VIIRS,n,2,315.18,2.12,D,0
17.00403,78.54924,342.75,0.41,0.37,2021-02-25,752,N20,VIIRS,l,2,314.42,5.23,D,0
17.03489,77.46883,341.66,0.45,0.39,2021-02-25,752,N20,VIIRS,n,2,315.3,4.97,D,0
17.03541,77.53802,346.56,0.45,0.39,2021-02-25,752,N20,VIIRS,n,2,314.44,6.52,D,0
17.04735,79.57602,332.39,0.39,0.36,2021-02-25,752,N20,VIIRS,n,2,305.53,2.93,D,0
17.07864,80.19327,336.32,0.38,0.36,2021-02-25,752,N20,VIIRS,n,2,308.97,3.75,D,0
17.13941,78.73756,351.62,0.41,0.37,2021-02-25,752,N20,VIIRS,n,2,321.1,10.91,D,0
17.15026,79.47243,340.66,0.39,0.36,2021-02-25,752,N20,VIIRS,n,2,313.79,3.88,D,0
17.3217,80.63078,343.13,0.38,0.36,2021-02-25,752,N20,VIIRS,n,2,311.63,9.79,D,0
17.34727,79.23791,346.74,0.4,0.37,2021-02-25,752,N20,VIIRS,n,2,315.95,6.04,D,0
17.35021,77.66298,342.52,0.44,0.39,2021-02-25,752,N20,VIIRS,n,2,315.62,4.08,D,0
17.36709,81.27305,345.31,0.39,0.36,2021-02-25,752,N20,VIIRS,n,2,312.46,12.19,D,0
17.37041,81.27254,334.93,0.39,0.36,2021-02-25,752,N20,VIIRS,l,2,309.74,4.3,D,0
17.39215,81.46619,344.5,0.39,0.36,2021-02-25,752,N20,VIIRS,n,2,306.48,11.11,D,0
17.42109,78.73866,352.29,0.41,0.37,2021-02-25,752,N20,VIIRS,n,2,316.1,8.71,D,0
17.42187,77.67682,343.35,0.44,0.38,2021-02-25,752,N20,VIIRS,l,2,314.2,7.6,D,0
17.44127,77.72798,343.86,0.44,0.38,2021-02-25,752,N20,VIIRS,l,2,316.93,6.45,D,0
17.45226,77.77216,346.13,0.44,0.38,2021-02-25,752,N20,VIIRS,l,2,317.95,3.89,D,0
17.4634,77.62291,349.62,0.44,0.39,2021-02-25,752,N20,VIIRS,n,2,321.51,14.4,D,0
17.47721,78.75601,335.67,0.41,0.37,2021-02-25,752,N20,VIIRS,l,2,310.52,2.27,D,0
17.48389,77.72458,340.34,0.44,0.38,2021-02-25,752,N20,VIIRS,n,2,315.17,2.35,D,0
17.49789,77.26635,340.49,0.46,0.39,2021-02-25,752,N20,VIIRS,l,2,314.76,1.78,D,0
17.51386,77.73186,341.9,0.44,0.38,2021-02-25,752,N20,VIIRS,n,2,314.57,6.75,D,0
17.52422,77.83859,339.77,0.43,0.38,2021-02-25,752,N20,VIIRS,l,2,314.01,2.75,D,0
17.52922,81.15322,346.04,0.39,0.36,2021-02-25,752,N20,VIIRS,n,2,312.45,7.01,D,0
17.52975,81.15685,342.61,0.39,0.36,2021-02-25,752,N20,VIIRS,n,2,313.07,5.12,D,0
17.5435,80.50069,337.94,0.38,0.36,2021-02-25,752,N20,VIIRS,l,2,311.62,2.29,D,0
17.54679,80.50015,346.41,0.38,0.36,2021-02-25,752,N20,VIIRS,n,2,312.78,6.72,D,0
17.55903,80.18153,345.37,0.38,0.36,2021-02-25,752,N20,VIIRS,n,2,314.15,4.19,D,0
17.56233,80.18098,342.36,0.38,0.36,2021-02-25,752,N20,VIIRS,l,2,314.25,4.19,D,0
17.57656,80.38483,341.66,0.38,0.36,2021-02-25,752,N20,VIIRS,n,2,310.07,4.27,D,0
17.58319,80.31747,343.47,0.38,0.36,2021-02-25,752,N20,VIIRS,n,2,311.26,3.65,D,2
17.59633,80.38156,340.44,0.38,0.36,2021-02-25,752,N20,VIIRS,n,2,312.63,3.47,D,0
17.603,81.19338,336.24,0.39,0.36,2021-02-25,752,N20,VIIRS,n,2,310.61,2.98,D,0
17.61442,80.4117,341.51,0.38,0.36,2021-02-25,752,N20,VIIRS,n,2,314.79,6.32,D,0
17.61619,79.02044,341.97,0.4,0.37,2021-02-25,752,N20,VIIRS,l,2,315.88,4.69,D,0
17.63317,80.44162,344.65,0.38,0.36,2021-02-25,752,N20,VIIRS,n,2,316.18,3.72,D,0
17.65011,79.69209,333.66,0.39,0.36,2021-02-25,752,N20,VIIRS,l,2,308.14,2.6,D,0
17.65354,80.11034,338.32,0.38,0.36,2021-02-25,752,N20,VIIRS,l,2,311.7,5.01,D,0
17.70726,80.17099,335.66,0.38,0.36,2021-02-25,752,N20,VIIRS,n,2,307.33,2.15,D,0
17.70781,80.46613,347.69,0.38,0.36,2021-02-25,752,N20,VIIRS,n,2,319.61,8.6,D,0
17.70984,79.20586,343.47,0.39,0.37,2021-02-25,752,N20,VIIRS,n,2,318.41,4.85,D,0
17.71937,78.19629,337.42,0.42,0.38,2021-02-25,752,N20,VIIRS,l,2,311.87,3.16,D,0
17.73141,80.46591,346.3,0.38,0.36,2021-02-25,752,N20,VIIRS,n,2,314.81,5.0,D,0
17.74405,79.55315,338.64,0.39,0.36,2021-02-25,752,N20,VIIRS,l,2,312.05,3.86,D,0
17.7503,79.09953,336.85,0.4,0.37,2021-02-25,752,N20,VIIRS,l,2,311.84,3.43,D,0
17.75357,78.31858,338.9,0.42,0.37,2021-02-25,752,N20,VIIRS,n,2,312.9,2.53,D,0
17.75449,80.19263,350.32,0.38,0.36,2021-02-25,752,N20,VIIRS,n,2,314.35,10.8,D,0
17.77481,80.25935,335.81,0.38,0.36,2021-02-25,752,N20,VIIRS,n,2,305.68,6.23,D,0
17.77645,80.27003,335.76,0.38,0.36,2021-02-25,752,N20,VIIRS,l,2,307.91,7.12,D,0
17.78029,80.27309,341.23,0.38,0.36,2021-02-25,752,N20,VIIRS,n,2,310.39,4.96,D,0
17.78084,80.25465,344.91,0.38,0.36,2021-02-25,752,N20,VIIRS,n,2,306.44,6.05,D,0
17.78413,80.2541,347.5,0.38,0.36,2021-02-25,752,N20,VIIRS,n,2,307.96,6.05,D,0
17.78742,80.25356,333.84,0.38,0.36,2021-02-25,752,N20,VIIRS,l,2,307.54,2.85,D,0
17.79073,80.27504,354.46,0.38,0.36,2021-02-25,752,N20,VIIRS,n,2,318.0,20.63,D,0
17.79127,80.27863,343.97,0.38,0.36,2021-02-25,752,N20,VIIRS,l,2,315.01,8.98,D,0
17.79236,80.30795,351.74,0.38,0.36,2021-02-25,752,N20,VIIRS,n,2,314.74,8.58,D,0
17.79402,80.27449,351.89,0.38,0.36,2021-02-25,752,N20,VIIRS,l,2,323.72,20.63,D,0
17.8028,80.28778,344.61,0.38,0.36,2021-02-25,752,N20,VIIRS,l,2,314.68,3.46,D,0
17.81104,80.27535,346.53,0.38,0.36,2021-02-25,752,N20,VIIRS,n,2,314.94,8.93,D,0
17.81433,80.2748,367.0,0.38,0.36,2021-02-25,752,N20,VIIRS,h,2,314.04,8.93,D,0
17.81706,80.27071,335.67,0.38,0.36,2021-02-25,752,N20,VIIRS,n,2,309.51,5.09,D,0
17.81763,80.27425,347.05,0.38,0.36,2021-02-25,752,N20,VIIRS,n,2,309.28,5.01,D,0
17.82596,80.258,337.53,0.38,0.36,2021-02-25,752,N20,VIIRS,n,2,307.45,5.42,D,0
17.83641,80.21576,349.43,0.38,0.36,2021-02-25,752,N20,VIIRS,n,2,321.96,33.26,D,0
17.8407,80.04527,345.06,0.38,0.36,2021-02-25,752,N20,VIIRS,n,2,311.64,5.07,D,0
17.89886,78.54185,341.05,0.41,0.37,2021-02-25,752,N20,VIIRS,n,2,314.13,2.8,D,0
17.96684,80.13757,346.98,0.38,0.36,2021-02-25,752,N20,VIIRS,n,2,318.58,10.87,D,0
17.98286,77.4719,344.45,0.44,0.39,2021-02-25,752,N20,VIIRS,n,2,318.26,3.63,D,0
17.98826,80.16722,350.33,0.38,0.36,2021-02-25,752,N20,VIIRS,n,2,310.76,4.44,D,0
17.98882,80.17084,341.72,0.38,0.36,2021-02-25,752,N20,VIIRS,n,2,310.08,2.84,D,0
18.01558,77.29887,340.42,0.45,0.39,2021-02-25,752,N20,VIIRS,l,2,314.72,8.71,D,0
18.04432,80.06539,345.53,0.38,0.36,2021-02-25,752,N20,VIIRS,n,2,312.2,6.46,D,0
18.04761,80.06483,342.15,0.38,0.36,2021-02-25,752,N20,VIIRS,n,2,314.1,6.46,D,0
18.04816,80.06844,350.52,0.38,0.36,2021-02-25,752,N20,VIIRS,n,2,316.15,6.46,D,0
18.05146,80.06789,342.22,0.38,0.36,2021-02-25,752,N20,VIIRS,l,2,312.95,4.61,D,0
18.07785,79.4275,339.12,0.39,0.36,2021-02-25,752,N20,VIIRS,n,2,308.63,10.51,D,0
18.08002,77.57321,355.0,0.44,0.38,2021-02-25,752,N20,VIIRS,n,2,320.26,9.39,D,0
18.10312,80.18481,345.84,0.38,0.36,2021-02-25,752,N20,VIIRS,n,2,314.45,8.91,D,0
18.10813,77.52586,345.15,0.44,0.38,2021-02-25,752,N20,VIIRS,l,2,319.19,9.03,D,0
18.11795,80.19342,342.0,0.38,0.36,2021-02-25,752,N20,VIIRS,n,2,309.67,4.23,D,0
18.12124,80.19288,339.02,0.38,0.36,2021-02-25,752,N20,VIIRS,l,2,312.25,4.23,D,0
18.12179,80.19647,351.55,0.38,0.36,2021-02-25,752,N20,VIIRS,n,2,313.47,4.23,D,0
18.12509,80.19593,347.43,0.38,0.36,2021-02-25,752,N20,VIIRS,n,2,311.94,4.75,D,0
18.12783,80.19177,340.07,0.38,0.36,2021-02-25,752,N20,VIIRS,l,2,312.33,4.75,D,0
18.13964,78.31821,341.92,0.41,0.37,2021-02-25,752,N20,VIIRS,n,2,310.66,3.94,D,0
18.14304,78.31762,345.87,0.41,0.37,2021-02-25,752,N20,VIIRS,n,2,312.2,7.84,D,0
18.14499,80.82092,336.55,0.39,0.36,2021-02-25,752,N20,VIIRS,n,2,307.78,2.1,D,0
18.14829,80.8204,338.26,0.39,0.36,2021-02-25,752,N20,VIIRS,n,2,309.3,2.1,D,0
18.15106,80.81626,335.41,0.39,0.36,2021-02-25,752,N20,VIIRS,l,2,307.28,5.42,D,0
18.16127,78.9251,339.23,0.4,0.37,2021-02-25,752,N20,VIIRS,n,2,311.82,4.98,D,0
18.24283,78.34716,340.0,0.41,0.37,2021-02-25,752,N20,VIIRS,n,2,313.88,2.57,D,0
18.25985,79.87685,349.11,0.39,0.36,2021-02-25,752,N20,VIIRS,n,2,317.58,6.51,D,0
18.2872,79.07061,347.92,0.39,0.37,2021-02-25,752,N20,VIIRS,n,2,314.87,4.69,D,0
18.29318,77.94478,339.53,0.42,0.38,2021-02-25,752,N20,VIIRS,n,2,308.97,4.25,D,0
18.29774,78.16637,341.25,0.42,0.37,2021-02-25,752,N20,VIIRS,l,2,313.17,7.03,D,0
18.31446,77.15536,355.83,0.45,0.39,2021-02-25,752,N20,VIIRS,n,2,320.48,9.01,D,0
18.32174,77.96821,338.09,0.42,0.38,2021-02-25,752,N20,VIIRS,n,2,310.55,3.47,D,0
18.32865,77.79982,347.05,0.43,0.38,2021-02-25,752,N20,VIIRS,n,2,312.52,5.29,D,0
18.35081,78.06123,347.89,0.42,0.38,2021-02-25,752,N20,VIIRS,n,2,314.64,10.89,D,0
18.37645,79.75276,338.4,0.39,0.36,2021-02-25,752,N20,VIIRS,l,2,309.9,4.93,D,0
18.39363,77.34361,343.52,0.44,0.39,2021-02-25,752,N20,VIIRS,l,2,315.31,4.07,D,0
18.39448,78.65651,346.94,0.4,0.37,2021-02-25,752,N20,VIIRS,n,2,319.66,6.93,D,0
18.4,80.28214,334.99,0.38,0.36,2021-02-25,752,N20,VIIRS,l,2,309.57,4.83,D,0
18.46667,78.44942,347.04,0.41,0.37,2021-02-25,752,N20,VIIRS,n,2,312.22,4.81,D,0
18.47005,78.44881,336.7,0.41,0.37,2021-02-25,752,N20,VIIRS,n,2,311.35,3.0,D,0
18.47056,80.52574,348.51,0.38,0.36,2021-02-25,752,N20,VIIRS,n,2,311.12,5.16,D,0
18.47331,80.52159,338.52,0.38,0.36,2021-02-25,752,N20,VIIRS,n,2,311.96,4.04,D,0
18.47357,77.34255,346.93,0.44,0.39,2021-02-25,752,N20,VIIRS,n,2,316.8,6.1,D,0
18.47386,80.52522,337.35,0.38,0.36,2021-02-25,752,N20,VIIRS,n,2,307.9,3.15,D,0
18.48714,78.59803,342.09,0.4,0.37,2021-02-25,752,N20,VIIRS,n,2,310.85,5.41,D,0
18.49182,78.47631,352.85,0.41,0.37,2021-02-25,752,N20,VIIRS,n,2,312.23,9.01,D,0
18.4952,78.47572,337.13,0.41,0.37,2021-02-25,752,N20,VIIRS,l,2,309.92,3.45,D,0
18.50436,78.09787,355.43,0.42,0.37,2021-02-25,752,N20,VIIRS,n,2,314.38,9.8,D,0
18.50464,77.8627,344.3,0.42,0.38,2021-02-25,752,N20,VIIRS,n,2,312.31,11.17,D,0
18.51335,80.56313,342.88,0.38,0.36,2021-02-25,752,N20,VIIRS,n,2,312.75,2.8,D,0
18.51826,79.67929,345.31,0.39,0.36,2021-02-25,752,N20,VIIRS,n,2,311.7,3.88,D,0
18.52287,77.82246,342.9,0.43,0.38,2021-02-25,752,N20,VIIRS,n,2,310.75,6.18,D,0
18.52894,78.46204,345.84,0.41,0.37,2021-02-25,752,N20,VIIRS,n,2,309.0,1.91,D,0
18.52899,78.50498,343.91,0.4,0.37,2021-02-25,752,N20,VIIRS,n,2,311.86,7.02,D,0
18.52954,78.31628,349.66,0.41,0.37,2021-02-25,752,N20,VIIRS,n,2,312.57,10.12,D,0
18.53236,78.50439,339.53,0.4,0.37,2021-02-25,752,N20,VIIRS,l,2,310.48,3.91,D,0
18.54916,78.68378,343.84,0.4,0.37,2021-02-25,752,N20,VIIRS,l,2,314.02,3.7,D,0
18.55236,78.17733,340.21,0.41,0.37,2021-02-25,752,N20,VIIRS,l,2,314.73,7.44,D,0
18.56513,78.51425,343.26,0.4,0.37,2021-02-25,752,N20,VIIRS,l,2,315.51,4.75,D,0
18.56851,78.51371,347.45,0.4,0.37,2021-02-25,752,N20,VIIRS,n,2,314.07,7.74,D,0
18.56877,78.57961,340.28,0.4,0.37,2021-02-25,752,N20,VIIRS,l,2,312.42,7.87,D,0
18.57213,78.57904,341.77,0.4,0.37,2021-02-25,752,N20,VIIRS,l,2,313.17,6.66,D,0
18.57541,78.66364,341.34,0.4,0.37,2021-02-25,752,N20,VIIRS,l,2,315.4,3.21,D,0
18.59195,79.43165,354.1,0.39,0.36,2021-02-25,752,N20,VIIRS,n,2,313.91,11.75,D,0
18.59526,79.4311,347.11,0.39,0.36,2021-02-25,752,N20,VIIRS,n,2,316.16,11.75,D,0
18.59583,79.43473,337.47,0.39,0.36,2021-02-25,752,N20,VIIRS,n,2,309.55,6.66,D,0
18.60282,78.81293,341.81,0.4,0.37,2021-02-25,752,N20,VIIRS,n,2,312.58,4.91,D,0
18.6042,78.58507,337.8,0.4,0.37,2021-02-25,752,N20,VIIRS,n,2,311.8,2.53,D,0
18.60817,78.0232,338.57,0.42,0.38,2021-02-25,752,N20,VIIRS,n,2,312.19,3.82,D,0
18.63627,78.87202,342.11,0.4,0.37,2021-02-25,752,N20,VIIRS,l,2,312.97,8.85,D,0
18.63731,78.74915,342.96,0.4,0.37,2021-02-25,752,N20,VIIRS,n,2,312.14,5.84,D,0
18.64065,78.74853,339.84,0.4,0.37,2021-02-25,752,N20,VIIRS,l,2,311.6,5.22,D,0
18.65018,77.2931,342.23,0.44,0.39,2021-02-25,752,N20,VIIRS,n,2,317.16,10.6,D,0
18.65362,78.04327,342.93,0.42,0.37,2021-02-25,752,N20,VIIRS,n,2,311.33,2.72,D,0
18.65668,81.0457,334.18,0.39,0.36,2021-02-25,752,N20,VIIRS,n,2,308.74,4.87,D,0
18.65918,78.6143,341.77,0.4,0.37,2021-02-25,752,N20,VIIRS,l,2,313.79,6.13,D,0
18.65922,78.82216,345.61,0.4,0.37,2021-02-25,752,N20,VIIRS,n,2,313.8,4.64,D,0
18.66257,78.82161,336.7,0.4,0.37,2021-02-25,752,N20,VIIRS,l,2,311.27,4.64,D,0
18.66294,78.80227,343.07,0.4,0.37,2021-02-25,752,N20,VIIRS,l,2,314.1,6.15,D,0
18.67706,80.38671,336.27,0.38,0.36,2021-02-25,752,N20,VIIRS,n,2,309.22,2.93,D,0
18.68036,80.38616,339.05,0.38,0.36,2021-02-25,752,N20,VIIRS,l,2,310.24,2.93,D,0
18.6804,80.34171,341.23,0.38,0.36,2021-02-25,752,N20,VIIRS,l,2,312.7,3.56,D,0
18.68753,80.34422,353.49,0.38,0.36,2021-02-25,752,N20,VIIRS,n,2,312.71,9.75,D,0
18.72774,78.21725,352.09,0.41,0.37,2021-02-25,752,N20,VIIRS,n,2,313.98,7.91,D,0
18.73037,81.38521,339.68,0.39,0.37,2021-02-25,752,N20,VIIRS,n,2,313.97,2.8,D,0
18.75215,79.37,348.49,0.39,0.36,2021-02-25,752,N20,VIIRS,n,2,315.35,6.02,D,0
18.7582,79.36518,339.3,0.39,0.36,2021-02-25,752,N20,VIIRS,l,2,311.3,2.36,D,0
18.76228,78.85003,337.34,0.4,0.37,2021-02-25,752,N20,VIIRS,n,2,308.98,4.15,D,0
18.81775,81.2646,339.78,0.39,0.36,2021-02-25,752,N20,VIIRS,n,2,313.68,3.54,D,0
18.8238,79.43623,352.8,0.39,0.36,2021-02-25,752,N20,VIIRS,n,2,323.54,12.39,D,0
18.83412,80.30076,339.04,0.38,0.36,2021-02-25,752,N20,VIIRS,l,2,309.53,3.76,D,0
18.85164,81.2669,340.06,0.39,0.36,2021-02-25,752,N20,VIIRS,l,2,312.81,2.62,D,0
18.85498,81.26637,343.08,0.39,0.36,2021-02-25,752,N20,VIIRS,l,2,313.57,4.76,D,0
18.85831,81.26585,337.06,0.39,0.36,2021-02-25,752,N20,VIIRS,l,2,311.46,4.76,D,0
18.87364,80.31645,336.4,0.38,0.36,2021-02-25,752,N20,VIIRS,n,2,310.77,1.26,D,0
18.88235,79.85854,347.07,0.38,0.36,2021-02-25,752,N20,VIIRS,l,2,321.61,10.82,D,0
18.91704,79.25035,341.84,0.39,0.36,2021-02-25,752,N20,VIIRS,n,2,316.52,7.2,D,0
18.92834,78.61224,340.0,0.4,0.37,2021-02-25,752,N20,VIIRS,n,2,314.2,2.83,D,0
18.94126,78.95129,341.69,0.39,0.36,2021-02-25,752,N20,VIIRS,n,2,309.93,5.09,D,0
18.94206,79.38875,348.72,0.39,0.36,2021-02-25,752,N20,VIIRS,n,2,316.57,8.88,D,0
18.94537,79.38818,339.25,0.39,0.36,2021-02-25,752,N20,VIIRS,l,2,311.3,2.46,D,0
18.95341,80.12495,338.11,0.38,0.36,2021-02-25,752,N20,VIIRS,n,2,309.31,2.09,D,0
18.96384,80.12691,340.74,0.38,0.36,2021-02-25,752,N20,VIIRS,n,2,309.95,3.97,D,0
18.98154,78.79521,337.16,0.4,0.37,2021-02-25,752,N20,VIIRS,l,2,311.71,3.79,D,0
18.98395,78.94019,354.08,0.39,0.36,2021-02-25,752,N20,VIIRS,n,2,313.59,7.4,D,0
18.98738,78.70211,340.45,0.4,0.37,2021-02-25,752,N20,VIIRS,l,2,314.92,3.1,D,0
18.99315,78.9119,342.64,0.39,0.36,2021-02-25,752,N20,VIIRS,n,2,312.35,4.08,D,0
19.00489,78.85616,338.3,0.39,0.37,2021-02-25,752,N20,VIIRS,l,2,312.31,3.06,D,0
19.00775,79.35126,337.48,0.39,0.36,2021-02-25,752,N20,VIIRS,l,2,310.39,2.34,D,0
19.00822,78.85557,344.38,0.39,0.37,2021-02-25,752,N20,VIIRS,n,2,312.9,3.06,D,0
19.01489,78.8544,348.34,0.39,0.37,2021-02-25,752,N20,VIIRS,n,2,312.35,3.46,D,0
19.01677,78.85002,339.69,0.39,0.37,2021-02-25,752,N20,VIIRS,n,2,313.12,2.88,D,0
19.01736,78.85374,344.88,0.39,0.37,2021-02-25,752,N20,VIIRS,n,2,310.97,4.3,D,0
19.01852,80.06104,334.79,0.38,0.36,2021-02-25,752,N20,VIIRS,l,2,309.75,3.97,D,0
19.02188,78.8606,345.5,0.39,0.37,2021-02-25,752,N20,VIIRS,n,2,310.85,3.23,D,0
19.02441,78.9366,346.51,0.39,0.36,2021-02-25,752,N20,VIIRS,n,2,311.6,3.96,D,0
19.02522,78.86005,355.43,0.39,0.37,2021-02-25,752,N20,VIIRS,n,2,314.6,5.46,D,0
19.03774,80.12091,344.68,0.38,0.36,2021-02-25,752,N20,VIIRS,n,2,319.44,14.54,D,0
19.04104,80.12036,338.45,0.38,0.36,2021-02-25,752,N20,VIIRS,l,2,309.97,14.54,D,0
19.0662,80.3092,333.45,0.38,0.36,2021-02-25,752,N20,VIIRS,l,2,307.26,3.59,D,0
19.06675,80.31285,341.35,0.38,0.36,2021-02-25,752,N20,VIIRS,n,2,308.98,3.87,D,0
19.06848,80.07862,340.72,0.38,0.36,2021-02-25,752,N20,VIIRS,n,2,309.81,2.94,D,0
19.06898,79.17874,338.06,0.39,0.36,2021-02-25,752,N20,VIIRS,l,2,310.27,3.06,D,0
19.06957,79.18243,334.11,0.39,0.36,2021-02-25,752,N20,VIIRS,l,2,308.62,3.06,D,0
19.07005,80.31227,342.03,0.38,0.36,2021-02-25,752,N20,VIIRS,n,2,306.57,3.87,D,0
19.09374,80.17837,344.37,0.38,0.36,2021-02-25,752,N20,VIIRS,n,2,311.55,4.23,D,0
19.14347,77.52197,337.85,0.43,0.38,2021-02-25,752,N20,VIIRS,n,2,312.59,4.06,D,0
19.1816,78.53278,341.61,0.4,0.37,2021-02-25,752,N20,VIIRS,l,2,312.77,4.21,D,0
19.1822,78.53654,341.41,0.4,0.37,2021-02-25,752,N20,VIIRS,n,2,311.23,4.21,D,0
19.18336,78.53178,346.27,0.4,0.37,2021-02-25,752,N20,VIIRS,n,2,314.56,8.44,D,0
19.18396,78.53554,344.47,0.4,0.37,2021-02-25,752,N20,VIIRS,n,2,309.9,8.44,D,0
19.19942,78.31049,340.21,0.41,0.37,2021-02-25,752,N20,VIIRS,l,2,314.32,4.43,D,0
19.20452,79.11016,352.73,0.39,0.36,2021-02-25,752,N20,VIIRS,n,2,315.36,5.76,D,0
19.20784,79.10958,367.0,0.39,0.36,2021-02-25,752,N20,VIIRS,h,2,315.14,4.23,D,0
19.21115,79.10902,339.38,0.39,0.36,2021-02-25,752,N20,VIIRS,n,2,314.09,4.23,D,0
19.21504,79.11211,343.56,0.39,0.36,2021-02-25,752,N20,VIIRS,n,2,312.48,3.82,D,0
19.23755,80.07198,350.55,0.38,0.36,2021-02-25,752,N20,VIIRS,n,2,317.04,11.78,D,0
19.24897,78.4464,347.99,0.4,0.37,2021-02-25,752,N20,VIIRS,n,2,317.17,5.46,D,0
19.25172,78.44204,340.27,0.4,0.37,2021-02-25,752,N20,VIIRS,l,2,315.18,4.43,D,0
19.25233,78.44581,344.22,0.4,0.37,2021-02-25,752,N20,VIIRS,l,2,317.93,4.43,D,0
19.26611,78.68293,342.74,0.4,0.37,2021-02-25,752,N20,VIIRS,n,2,311.28,4.18,D,0
19.26657,78.72893,338.16,0.4,0.37,2021-02-25,752,N20,VIIRS,l,2,310.92,2.2,D,0
19.2667,78.68668,346.12,0.4,0.37,2021-02-25,752,N20,VIIRS,n,2,310.19,6.42,D,0
19.2673,78.69042,353.69,0.4,0.37,2021-02-25,752,N20,VIIRS,n,2,311.49,6.42,D,0
19.27124,78.69359,336.24,0.4,0.37,2021-02-25,752,N20,VIIRS,l,2,307.6,2.4,D,0
19.27287,79.17729,340.14,0.39,0.36,2021-02-25,752,N20,VIIRS,l,2,314.85,4.95,D,0
19.27602,77.36397,335.05,0.43,0.38,2021-02-25,752,N20,VIIRS,l,2,309.53,1.86,D,0
19.27835,79.16886,342.39,0.39,0.36,2021-02-25,752,N20,VIIRS,l,2,314.56,6.04,D,0
19.2785,78.69611,335.28,0.4,0.37,2021-02-25,752,N20,VIIRS,l,2,308.71,2.28,D,0
19.28792,78.69061,343.48,0.4,0.37,2021-02-25,752,N20,VIIRS,n,2,310.38,4.07,D,0
19.28852,78.69434,347.33,0.4,0.37,2021-02-25,752,N20,VIIRS,n,2,309.63,4.07,D,0
19.29126,78.69003,349.89,0.4,0.37,2021-02-25,752,N20,VIIRS,n,2,308.93,4.96,D,0
19.32767,78.57993,344.18,0.4,0.37,2021-02-25,752,N20,VIIRS,n,2,313.6,3.21,D,0
19.34032,80.09927,335.68,0.38,0.36,2021-02-25,752,N20,VIIRS,l,2,310.43,3.88,D,0
19.34768,80.90125,347.38,0.39,0.36,2021-02-25,752,N20,VIIRS,n,2,312.58,8.32,D,0
19.36747,78.69991,345.79,0.4,0.37,2021-02-25,752,N20,VIIRS,n,2,314.8,7.2,D,0
19.375,79.1135,344.51,0.39,0.36,2021-02-25,752,N20,VIIRS,n,2,311.83,7.16,D,0
19.37831,79.11294,350.95,0.39,0.36,2021-02-25,752,N20,VIIRS,n,2,315.53,9.14,D,0
19.37888,79.11659,346.01,0.39,0.36,2021-02-25,752,N20,VIIRS,n,2,312.86,5.23,D,0
19.38219,79.11603,344.45,0.39,0.36,2021-02-25,752,N20,VIIRS,n,2,312.77,5.23,D,0
19.38277,79.11969,349.99,0.39,0.36,2021-02-25,752,N20,VIIRS,n,2,315.72,5.23,D,0
19.38327,79.10083,354.02,0.39,0.36,2021-02-25,752,N20,VIIRS,n,2,315.68,9.52,D,0
19.38617,79.11919,340.94,0.39,0.36,2021-02-25,752,N20,VIIRS,l,2,313.98,4.2,D,0
19.3889,79.11495,345.79,0.39,0.36,2021-02-25,752,N20,VIIRS,n,2,313.47,4.2,D,0
19.38989,79.09967,340.2,0.39,0.36,2021-02-25,752,N20,VIIRS,l,2,313.1,4.44,D,0
19.39047,79.10335,351.32,0.39,0.36,2021-02-25,752,N20,VIIRS,n,2,315.27,4.44,D,0
19.39105,79.10702,349.76,0.39,0.36,2021-02-25,752,N20,VIIRS,n,2,315.53,7.71,D,0
19.47324,78.2189,347.44,0.41,0.37,2021-02-25,752,N20,VIIRS,l,2,319.88,9.36,D,0
19.48293,81.26722,338.04,0.4,0.37,2021-02-25,752,N20,VIIRS,n,2,310.63,3.09,D,0
19.49539,79.12227,343.95,0.39,0.36,2021-02-25,752,N20,VIIRS,n,2,318.62,8.64,D,0
19.52129,79.90394,350.57,0.38,0.36,2021-02-25,752,N20,VIIRS,n,2,316.68,9.9,D,0
19.53162,78.45111,340.63,0.4,0.37,2021-02-25,752,N20,VIIRS,l,2,315.14,4.44,D,0
19.53223,78.45488,355.57,0.4,0.37,2021-02-25,752,N20,VIIRS,n,2,316.04,10.44,D,0
19.53324,79.16852,340.46,0.39,0.36,2021-02-25,752,N20,VIIRS,l,2,312.96,3.79,D,0
19.55193,78.51318,342.26,0.4,0.37,2021-02-25,752,N20,VIIRS,l,2,317.25,3.64,D,0
19.55961,80.36333,341.36,0.39,0.36,2021-02-25,752,N20,VIIRS,n,2,315.41,3.87,D,0
19.56512,79.2421,339.63,0.39,0.36,2021-02-25,752,N20,VIIRS,l,2,312.52,3.42,D,0
19.57161,81.29512,333.08,0.4,0.37,2021-02-25,752,N20,VIIRS,l,2,307.56,3.18,D,0
19.57604,79.33403,352.01,0.39,0.36,2021-02-25,752,N20,VIIRS,n,2,317.58,6.25,D,0
19.59483,77.50721,349.74,0.43,0.38,2021-02-25,752,N20,VIIRS,n,2,319.49,5.79,D,0
19.65996,80.74014,334.9,0.39,0.36,2021-02-25,752,N20,VIIRS,n,2,309.09,2.83,D,0
19.67339,78.89046,342.44,0.39,0.36,2021-02-25,752,N20,VIIRS,l,2,315.52,5.88,D,0
19.72891,79.33373,345.68,0.39,0.36,2021-02-25,752,N20,VIIRS,n,2,317.2,4.39,D,0
19.73663,79.6692,349.48,0.38,0.36,2021-02-25,752,N20,VIIRS,n,2,322.18,7.89,D,0
19.8054,80.55434,346.16,0.39,0.36,2021-02-25,752,N20,VIIRS,l,2,318.2,7.09,D,0
19.82398,79.53059,339.23,0.38,0.36,2021-02-25,752,N20,VIIRS,l,2,311.46,2.25,D,0
19.82454,79.53423,336.86,0.38,0.36,2021-02-25,752,N20,VIIRS,l,2,310.55,2.94,D,0
19.83618,81.04077,343.28,0.39,0.36,2021-02-25,752,N20,VIIRS,l,2,315.67,5.81,D,0
19.86937,80.64165,346.92,0.39,0.36,2021-02-25,752,N20,VIIRS,n,2,315.0,4.33,D,0
19.87311,80.69008,341.04,0.39,0.36,2021-02-25,752,N20,VIIRS,l,2,312.93,4.58,D,0
19.91262,79.4435,348.07,0.39,0.36,2021-02-25,752,N20,VIIRS,n,2,314.61,6.35,D,0
19.91978,79.44601,343.6,0.39,0.36,2021-02-25,752,N20,VIIRS,n,2,311.97,4.68,D,0
19.97414,80.61646,340.15,0.39,0.36,2021-02-25,752,N20,VIIRS,n,2,314.22,2.65,D,0
18.39398,80.73923,306.3,0.42,0.38,2021-02-25,2022,N20,VIIRS,n,2,292.07,0.44,N,0
18.39464,80.71468,322.18,0.42,0.38,2021-02-25,2022,N20,VIIRS,n,2,297.51,2.14,N,0
18.39528,80.71095,319.87,0.42,0.38,2021-02-25,2022,N20,VIIRS,n,2,297.56,2.14,N,0
18.40343,80.70469,305.7,0.42,0.38,2021-02-25,2022,N20,VIIRS,n,2,293.84,1.1,N,0
18.40689,80.70521,306.81,0.42,0.38,2021-02-25,2022,N20,VIIRS,n,2,296.66,1.1,N,0
18.40904,80.75491,313.45,0.42,0.38,2021-02-25,2022,N20,VIIRS,n,2,296.93,2.55,N,0
18.41445,80.70244,312.73,0.42,0.38,2021-02-25,2022,N20,VIIRS,n,2,297.48,2.15,N,0
18.46208,80.52577,312.0,0.42,0.37,2021-02-25,2022,N20,VIIRS,n,2,293.77,1.06,N,0
18.48517,80.6985,309.57,0.42,0.38,2021-02-25,2022,N20,VIIRS,n,2,294.19,1.35,N,0
18.48642,80.69562,309.81,0.42,0.38,2021-02-25,2022,N20,VIIRS,n,2,294.59,1.27,N,0
18.51138,80.56613,305.09,0.42,0.37,2021-02-25,2022,N20,VIIRS,n,2,294.82,0.95,N,0
18.54177,80.61541,305.91,0.42,0.38,2021-02-25,2022,N20,VIIRS,n,2,295.31,1.0,N,0
18.58862,79.43353,343.72,0.39,0.36,2021-02-25,2022,N20,VIIRS,n,2,299.1,5.96,N,0
18.58922,79.42988,327.54,0.39,0.36,2021-02-25,2022,N20,VIIRS,n,2,295.5,2.77,N,0
18.60369,79.4249,332.43,0.39,0.36,2021-02-25,2022,N20,VIIRS,n,2,296.64,3.85,N,0
18.67079,79.5583,305.38,0.39,0.36,2021-02-25,2022,N20,VIIRS,n,2,294.18,1.31,N,0
18.68994,80.34313,308.64,0.41,0.37,2021-02-25,2022,N20,VIIRS,n,2,294.74,1.49,N,0
18.71279,79.40258,304.7,0.39,0.36,2021-02-25,2022,N20,VIIRS,n,2,294.37,0.65,N,0
18.71978,79.50597,315.53,0.39,0.36,2021-02-25,2022,N20,VIIRS,n,2,293.01,1.17,N,0
18.72162,78.96947,308.6,0.39,0.36,2021-02-25,2022,N20,VIIRS,n,2,294.29,0.98,N,0
18.7231,79.50656,323.72,0.39,0.36,2021-02-25,2022,N20,VIIRS,n,2,295.53,1.17,N,0
18.72491,78.97005,307.77,0.39,0.36,2021-02-25,2022,N20,VIIRS,n,2,296.01,1.53,N,0
18.75131,79.37545,322.16,0.39,0.36,2021-02-25,2022,N20,VIIRS,n,2,297.23,2.02,N,0
18.75853,79.37299,308.5,0.39,0.36,2021-02-25,2022,N20,VIIRS,n,2,295.89,1.68,N,0
18.7609,79.35838,306.72,0.39,0.36,2021-02-25,2022,N20,VIIRS,n,2,296.64,1.46,N,0
18.8392,80.31064,305.54,0.41,0.37,2021-02-25,2022,N20,VIIRS,n,2,295.04,0.77,N,0
18.8593,80.29454,309.79,0.41,0.37,2021-02-25,2022,N20,VIIRS,n,2,295.45,2.31,N,0
18.86329,80.29143,312.07,0.41,0.37,2021-02-25,2022,N20,VIIRS,n,2,295.67,2.15,N,0
18.88627,79.04685,304.78,0.39,0.36,2021-02-25,2022,N20,VIIRS,n,2,293.99,1.2,N,0
18.89074,79.04017,308.1,0.39,0.36,2021-02-25,2022,N20,VIIRS,n,2,296.11,0.78,N,0
18.89403,79.04076,304.08,0.39,0.36,2021-02-25,2022,N20,VIIRS,n,2,293.02,0.78,N,0
18.89674,79.04499,302.92,0.39,0.36,2021-02-25,2022,N20,VIIRS,n,2,292.58,0.52,N,0
18.90296,79.02739,302.36,0.39,0.36,2021-02-25,2022,N20,VIIRS,n,2,292.22,1.1,N,0
18.91928,78.98913,312.94,0.39,0.36,2021-02-25,2022,N20,VIIRS,n,2,296.82,1.75,N,0
18.9309,78.98003,310.89,0.39,0.36,2021-02-25,2022,N20,VIIRS,n,2,296.91,1.81,N,0
18.94884,78.71883,303.65,0.38,0.36,2021-02-25,2022,N20,VIIRS,n,2,291.76,0.73,N,0
18.95132,80.12608,307.34,0.4,0.37,2021-02-25,2022,N20,VIIRS,n,2,294.82,2.0,N,0
18.95807,80.12717,311.17,0.4,0.37,2021-02-25,2022,N20,VIIRS,n,2,297.44,2.43,N,0
18.96185,80.10445,310.15,0.4,0.37,2021-02-25,2022,N20,VIIRS,n,2,297.2,1.61,N,0
18.96521,80.10504,314.65,0.4,0.37,2021-02-25,2022,N20,VIIRS,n,2,297.11,1.61,N,0
18.96755,80.13257,312.57,0.4,0.37,2021-02-25,2022,N20,VIIRS,n,2,296.68,2.13,N,0
18.97028,80.13698,306.54,0.4,0.37,2021-02-25,2022,N20,VIIRS,n,2,295.93,1.68,N,0
18.97091,80.13316,308.56,0.4,0.37,2021-02-25,2022,N20,VIIRS,n,2,296.3,1.6,N,0
18.97678,80.11867,309.04,0.4,0.37,2021-02-25,2022,N20,VIIRS,n,2,295.65,1.61,N,0
18.98014,80.11931,306.03,0.4,0.37,2021-02-25,2022,N20,VIIRS,n,2,295.92,1.63,N,0
18.99849,79.36264,307.51,0.39,0.36,2021-02-25,2022,N20,VIIRS,n,2,296.25,1.61,N,0
18.99908,79.35899,311.23,0.39,0.36,2021-02-25,2022,N20,VIIRS,n,2,297.01,1.85,N,0
19.00511,79.36379,305.57,0.39,0.36,2021-02-25,2022,N20,VIIRS,n,2,295.44,1.62,N,0
19.02274,80.04979,313.07,0.4,0.37,2021-02-25,2022,N20,VIIRS,n,2,297.05,1.89,N,0
19.03454,79.18133,310.15,0.39,0.36,2021-02-25,2022,N20,VIIRS,n,2,293.71,1.32,N,0
19.06337,80.29475,314.46,0.41,0.37,2021-02-25,2022,N20,VIIRS,n,2,297.39,2.07,N,0
19.06613,80.29905,310.65,0.41,0.37,2021-02-25,2022,N20,VIIRS,n,2,296.91,1.34,N,0
19.06676,80.29525,307.08,0.41,0.37,2021-02-25,2022,N20,VIIRS,n,2,295.38,1.34,N,0
19.06757,77.55987,312.56,0.39,0.36,2021-02-25,2022,N20,VIIRS,n,2,288.87,1.27,N,0
19.06888,80.3034,315.39,0.41,0.37,2021-02-25,2022,N20,VIIRS,n,2,296.93,3.02,N,0
19.07303,80.3203,310.95,0.41,0.37,2021-02-25,2022,N20,VIIRS,n,2,296.3,1.17,N,0
19.07641,80.32088,304.85,0.41,0.37,2021-02-25,2022,N20,VIIRS,n,2,294.4,0.94,N,0
19.07771,80.313,313.48,0.41,0.37,2021-02-25,2022,N20,VIIRS,n,2,297.06,2.15,N,0
19.10489,79.39982,309.98,0.39,0.36,2021-02-25,2022,N20,VIIRS,n,2,297.39,2.25,N,0
19.14994,80.05622,310.39,0.4,0.37,2021-02-25,2022,N20,VIIRS,n,2,296.12,1.51,N,0
19.15057,80.05244,321.0,0.4,0.37,2021-02-25,2022,N20,VIIRS,n,2,296.61,1.51,N,0
19.15392,80.05308,307.46,0.4,0.37,2021-02-25,2022,N20,VIIRS,n,2,296.21,1.73,N,0
19.15826,78.5097,303.45,0.38,0.36,2021-02-25,2022,N20,VIIRS,n,2,292.57,0.52,N,0
19.15848,80.04636,324.77,0.4,0.37,2021-02-25,2022,N20,VIIRS,n,2,295.91,3.04,N,0
19.16121,80.0507,320.05,0.4,0.37,2021-02-25,2022,N20,VIIRS,n,2,297.38,2.06,N,0
19.16517,80.04765,315.85,0.4,0.37,2021-02-25,2022,N20,VIIRS,n,2,296.93,2.06,N,0
19.16706,80.09847,308.51,0.4,0.37,2021-02-25,2022,N20,VIIRS,n,2,296.06,2.55,N,0
19.1679,80.05198,313.75,0.4,0.37,2021-02-25,2022,N20,VIIRS,n,2,296.82,2.8,N,0
19.17458,80.05328,310.66,0.4,0.37,2021-02-25,2022,N20,VIIRS,n,2,296.75,1.39,N,0
19.17791,80.05397,313.63,0.4,0.37,2021-02-25,2022,N20,VIIRS,n,2,295.4,1.39,N,0
19.18064,80.05831,304.35,0.4,0.37,2021-02-25,2022,N20,VIIRS,n,2,293.94,1.68,N,0
19.19157,80.0757,312.45,0.4,0.37,2021-02-25,2022,N20,VIIRS,n,2,296.72,2.01,N,0
19.20924,79.30136,306.25,0.39,0.36,2021-02-25,2022,N20,VIIRS,n,2,294.83,1.35,N,0
19.22402,78.56892,307.89,0.38,0.36,2021-02-25,2022,N20,VIIRS,n,2,291.85,0.82,N,0
19.22459,78.5653,309.16,0.38,0.36,2021-02-25,2022,N20,VIIRS,n,2,291.12,0.82,N,0
19.247,78.83318,310.01,0.38,0.36,2021-02-25,2022,N20,VIIRS,n,2,292.93,1.26,N,0
19.25507,78.69685,300.04,0.38,0.36,2021-02-25,2022,N20,VIIRS,n,2,289.52,0.24,N,0
19.25594,78.73421,302.28,0.38,0.36,2021-02-25,2022,N20,VIIRS,n,2,291.69,0.52,N,0
19.26582,78.73594,300.35,0.38,0.36,2021-02-25,2022,N20,VIIRS,n,2,290.33,0.25,N,0
19.26881,78.69554,303.96,0.38,0.36,2021-02-25,2022,N20,VIIRS,n,2,293.63,1.08,N,0
19.2728,77.23141,302.76,0.4,0.37,2021-02-25,2022,N20,VIIRS,n,2,289.25,0.6,N,0
19.27482,78.70032,310.82,0.38,0.36,2021-02-25,2022,N20,VIIRS,n,2,291.73,0.96,N,0
19.27811,78.7009,300.44,0.38,0.36,2021-02-25,2022,N20,VIIRS,n,2,290.32,0.23,N,0
19.2795,79.16005,316.46,0.39,0.36,2021-02-25,2022,N20,VIIRS,n,2,294.43,1.35,N,0
19.28198,78.69785,302.32,0.38,0.36,2021-02-25,2022,N20,VIIRS,n,2,290.91,0.66,N,0
19.32334,78.75719,306.7,0.38,0.36,2021-02-25,2022,N20,VIIRS,n,2,290.8,0.69,N,0
19.33751,80.1021,307.39,0.4,0.37,2021-02-25,2022,N20,VIIRS,n,2,296.32,2.3,N,0
19.35227,80.89754,306.11,0.42,0.38,2021-02-25,2022,N20,VIIRS,n,2,295.02,1.53,N,0
19.35283,77.10965,317.7,0.4,0.37,2021-02-25,2022,N20,VIIRS,n,2,288.12,1.43,N,0
19.36392,78.69733,301.84,0.38,0.36,2021-02-25,2022,N20,VIIRS,n,2,289.59,0.36,N,0
19.37285,79.44717,306.66,0.39,0.36,2021-02-25,2022,N20,VIIRS,n,2,296.51,1.29,N,0
19.37947,79.44833,305.62,0.39,0.36,2021-02-25,2022,N20,VIIRS,n,2,293.91,1.33,N,0
19.38121,79.09948,313.14,0.39,0.36,2021-02-25,2022,N20,VIIRS,n,2,293.85,1.06,N,0
19.38256,79.1334,322.89,0.39,0.36,2021-02-25,2022,N20,VIIRS,n,2,295.18,1.48,N,0
19.38314,79.12975,306.3,0.39,0.36,2021-02-25,2022,N20,VIIRS,n,2,294.55,1.48,N,0
19.38545,79.90984,306.92,0.4,0.37,2021-02-25,2022,N20,VIIRS,n,2,296.72,2.22,N,0
19.38878,79.91048,316.64,0.4,0.37,2021-02-25,2022,N20,VIIRS,n,2,297.8,2.72,N,0
19.38896,78.64583,304.15,0.38,0.36,2021-02-25,2022,N20,VIIRS,n,2,291.65,0.76,N,0
19.38896,79.09337,315.18,0.39,0.36,2021-02-25,2022,N20,VIIRS,n,2,294.18,1.89,N,0
19.3907,79.08245,307.61,0.39,0.36,2021-02-25,2022,N20,VIIRS,n,2,295.37,1.19,N,0
19.39206,79.11638,320.76,0.39,0.36,2021-02-25,2022,N20,VIIRS,n,2,296.06,2.48,N,0
19.39264,79.11273,315.37,0.39,0.36,2021-02-25,2022,N20,VIIRS,n,2,295.49,1.99,N,0
19.394,79.08305,308.74,0.39,0.36,2021-02-25,2022,N20,VIIRS,n,2,295.16,1.2,N,0
19.39458,79.07941,319.76,0.39,0.36,2021-02-25,2022,N20,VIIRS,n,2,296.4,1.2,N,0
19.39497,79.0982,309.34,0.39,0.36,2021-02-25,2022,N20,VIIRS,n,2,294.92,1.25,N,0
19.39594,79.11333,320.77,0.39,0.36,2021-02-25,2022,N20,VIIRS,n,2,296.38,1.42,N,0
19.39923,79.11393,306.06,0.39,0.36,2021-02-25,2022,N20,VIIRS,n,2,295.44,1.42,N,0
19.55453,78.39114,304.6,0.38,0.36,2021-02-25,2022,N20,VIIRS,n,2,292.47,0.65,N,0
19.56645,79.32357,305.75,0.39,0.36,2021-02-25,2022,N20,VIIRS,n,2,294.13,0.84,N,0
19.6131,79.26694,306.51,0.39,0.36,2021-02-25,2022,N20,VIIRS,n,2,293.72,0.7,N,0
19.61388,78.51334,305.25,0.38,0.36,2021-02-25,2022,N20,VIIRS,n,2,292.78,0.94,N,0
19.64183,79.2571,307.84,0.39,0.36,2021-02-25,2022,N20,VIIRS,n,2,295.88,1.29,N,0
19.64242,79.25346,307.16,0.39,0.36,2021-02-25,2022,N20,VIIRS,n,2,295.52,1.57,N,0
19.67423,78.88482,306.74,0.38,0.36,2021-02-25,2022,N20,VIIRS,n,2,296.49,1.48,N,0
19.72345,79.17419,312.72,0.39,0.36,2021-02-25,2022,N20,VIIRS,n,2,297.53,1.54,N,2
19.74191,79.01271,305.86,0.38,0.36,2021-02-25,2022,N20,VIIRS,n,2,290.66,0.7,N,0
19.7886,79.14834,315.85,0.39,0.36,2021-02-25,2022,N20,VIIRS,n,2,296.84,2.04,N,2
19.79889,78.43625,308.72,0.38,0.36,2021-02-25,2022,N20,VIIRS,n,2,290.5,0.6,N,0
19.87035,78.43745,317.32,0.38,0.36,2021-02-25,2022,N20,VIIRS,n,2,292.98,1.28,N,0
19.87103,78.2803,303.46,0.39,0.36,2021-02-25,2022,N20,VIIRS,n,2,291.96,0.61,N,0
19.87364,78.43803,306.49,0.38,0.36,2021-02-25,2022,N20,VIIRS,n,2,293.33,1.28,N,0
19.87421,78.43439,312.93,0.38,0.36,2021-02-25,2022,N20,VIIRS,n,2,293.23,1.2,N,0
19.87432,78.28087,322.86,0.39,0.36,2021-02-25,2022,N20,VIIRS,n,2,292.84,1.83,N,0
19.87819,78.27778,314.94,0.39,0.36,2021-02-25,2022,N20,VIIRS,n,2,293.3,1.01,N,0
19.96318,79.33318,311.93,0.39,0.36,2021-02-25,2022,N20,VIIRS,n,2,293.05,0.76,N,2
19.97925,78.26112,310.46,0.39,0.36,2021-02-25,2022,N20,VIIRS,n,2,292.59,0.75,N,0
19.97981,78.25746,308.37,0.39,0.36,2021-02-25,2022,N20,VIIRS,n,2,292.71,1.12,N,0
19.98198,78.26534,301.86,0.39,0.36,2021-02-25,2022,N20,VIIRS,n,2,291.79,0.75,N,0
19.99766,79.18153,302.16,0.39,0.36,2021-02-25,2022,N20,VIIRS,n,2,291.62,0.76,N,0
15.96328,80.93792,304.21,0.46,0.39,2021-02-25,2023,N20,VIIRS,n,2,293.95,0.54,N,2
16.02301,78.77971,309.5,0.39,0.36,2021-02-25,2023,N20,VIIRS,n,2,295.57,1.29,N,3
16.03298,78.78133,305.61,0.39,0.36,2021-02-25,2023,N20,VIIRS,n,2,292.84,0.61,N,0
16.03357,78.7777,312.65,0.39,0.36,2021-02-25,2023,N20,VIIRS,n,2,293.41,1.08,N,0
16.58757,78.18592,309.72,0.38,0.36,2021-02-25,2023,N20,VIIRS,n,2,291.4,0.49,N,0
16.69502,79.6498,307.24,0.4,0.37,2021-02-25,2023,N20,VIIRS,n,2,295.59,1.18,N,2
16.83151,80.03684,307.56,0.41,0.37,2021-02-25,2023,N20,VIIRS,n,2,296.43,1.01,N,2
16.87248,80.02366,308.6,0.41,0.37,2021-02-25,2023,N20,VIIRS,n,2,296.73,1.18,N,2
17.10879,77.13113,304.5,0.39,0.36,2021-02-25,2023,N20,VIIRS,n,2,294.25,0.67,N,0
17.1392,77.17722,307.28,0.39,0.36,2021-02-25,2023,N20,VIIRS,n,2,295.89,0.83,N,0
17.14579,78.22552,302.85,0.38,0.36,2021-02-25,2023,N20,VIIRS,n,2,291.96,0.47,N,2
17.2276,77.96732,299.96,0.38,0.36,2021-02-25,2023,N20,VIIRS,n,2,289.03,0.52,N,0
17.3716,79.85555,308.14,0.41,0.37,2021-02-25,2023,N20,VIIRS,n,2,292.88,0.75,N,0
17.3942,77.4864,303.1,0.39,0.36,2021-02-25,2023,N20,VIIRS,n,2,290.19,0.39,N,0
17.58246,80.31862,317.9,0.42,0.37,2021-02-25,2023,N20,VIIRS,n,2,296.78,1.61,N,2
17.58312,80.31474,308.72,0.42,0.37,2021-02-25,2023,N20,VIIRS,n,2,295.26,1.04,N,2
17.59163,77.66016,305.4,0.39,0.36,2021-02-25,2023,N20,VIIRS,n,2,290.0,0.64,N,0
17.62817,77.20096,317.5,0.39,0.36,2021-02-25,2023,N20,VIIRS,n,2,292.45,1.09,N,0
17.62873,77.1973,303.48,0.39,0.36,2021-02-25,2023,N20,VIIRS,n,2,291.82,1.09,N,0
17.63205,77.19786,306.13,0.39,0.36,2021-02-25,2023,N20,VIIRS,n,2,293.23,1.09,N,0
17.71345,77.75005,302.01,0.39,0.36,2021-02-25,2023,N20,VIIRS,n,2,291.61,0.71,N,0
17.73,77.73064,299.87,0.39,0.36,2021-02-25,2023,N20,VIIRS,n,2,289.43,0.32,N,0
17.73782,77.32671,307.2,0.39,0.36,2021-02-25,2023,N20,VIIRS,n,2,292.06,0.83,N,0
17.77375,80.26779,313.41,0.41,0.37,2021-02-25,2023,N20,VIIRS,n,2,295.62,1.5,N,0
17.77441,80.26381,320.49,0.41,0.37,2021-02-25,2023,N20,VIIRS,n,2,295.37,1.5,N,0
17.77506,80.25991,304.49,0.41,0.37,2021-02-25,2023,N20,VIIRS,n,2,294.46,0.94,N,0
17.77647,80.27248,309.72,0.41,0.37,2021-02-25,2023,N20,VIIRS,n,2,295.08,1.21,N,0
17.77973,80.25291,312.3,0.41,0.37,2021-02-25,2023,N20,VIIRS,n,2,295.15,1.26,N,0
17.78376,80.2498,314.07,0.41,0.37,2021-02-25,2023,N20,VIIRS,n,2,295.18,1.26,N,0
17.78717,80.25037,316.02,0.41,0.37,2021-02-25,2023,N20,VIIRS,n,2,295.35,1.48,N,0
17.79057,80.25096,318.81,0.41,0.37,2021-02-25,2023,N20,VIIRS,n,2,294.77,1.48,N,0
17.79333,80.25541,305.36,0.41,0.37,2021-02-25,2023,N20,VIIRS,n,2,294.18,1.69,N,0
17.79397,80.25157,319.15,0.41,0.37,2021-02-25,2023,N20,VIIRS,n,2,294.49,1.69,N,0
17.798,80.25135,305.46,0.41,0.37,2021-02-25,2023,N20,VIIRS,n,2,294.24,1.71,N,0
17.81638,80.26696,305.55,0.41,0.37,2021-02-25,2023,N20,VIIRS,n,2,291.64,1.1,N,0
17.81785,80.27901,319.31,0.41,0.37,2021-02-25,2023,N20,VIIRS,n,2,295.27,3.13,N,0
17.82858,80.25706,317.12,0.41,0.37,2021-02-25,2023,N20,VIIRS,n,2,295.94,2.4,N,0
17.85294,77.57345,318.61,0.39,0.36,2021-02-25,2023,N20,VIIRS,n,2,293.12,1.31,N,0
17.93096,80.19224,322.72,0.41,0.37,2021-02-25,2023,N20,VIIRS,n,2,289.18,1.01,N,0
17.95787,80.79989,322.35,0.43,0.38,2021-02-25,2023,N20,VIIRS,n,2,297.7,2.29,N,2
17.98295,80.17391,308.7,0.41,0.37,2021-02-25,2023,N20,VIIRS,n,2,295.29,1.23,N,0
17.98359,80.17007,306.1,0.41,0.37,2021-02-25,2023,N20,VIIRS,n,2,295.75,2.26,N,0
17.98634,80.17453,309.63,0.41,0.37,2021-02-25,2023,N20,VIIRS,n,2,295.94,1.23,N,0
17.99375,80.17196,307.09,0.41,0.37,2021-02-25,2023,N20,VIIRS,n,2,295.95,1.9,N,0
17.99501,80.16436,315.32,0.41,0.37,2021-02-25,2023,N20,VIIRS,n,2,296.46,1.28,N,0
17.99565,80.16058,304.64,0.41,0.37,2021-02-25,2023,N20,VIIRS,n,2,293.43,1.28,N,0
18.11448,80.18593,302.36,0.41,0.37,2021-02-25,2023,N20,VIIRS,n,2,292.29,0.78,N,0
18.13011,80.19685,303.51,0.41,0.37,2021-02-25,2023,N20,VIIRS,n,2,293.18,0.76,N,0
18.13076,80.19297,304.64,0.41,0.37,2021-02-25,2023,N20,VIIRS,n,2,294.22,0.76,N,0
18.13521,79.72695,307.16,0.4,0.37,2021-02-25,2023,N20,VIIRS,n,2,296.28,1.8,N,0
18.13836,80.77791,312.86,0.43,0.38,2021-02-25,2023,N20,VIIRS,n,2,297.29,1.91,N,0
18.15375,80.45549,306.91,0.42,0.37,2021-02-25,2023,N20,VIIRS,n,2,294.86,1.03,N,0
18.19547,80.01956,308.24,0.4,0.37,2021-02-25,2023,N20,VIIRS,n,2,296.44,2.25,N,0
18.34697,80.58192,307.47,0.42,0.38,2021-02-25,2023,N20,VIIRS,n,2,296.46,1.19,N,0
18.36176,78.10316,298.71,0.38,0.36,2021-02-25,2023,N20,VIIRS,n,2,288.48,0.34,N,0
18.36386,77.34301,303.79,0.39,0.36,2021-02-25,2023,N20,VIIRS,n,2,291.92,0.36,N,0
18.46461,78.44637,302.73,0.38,0.36,2021-02-25,2023,N20,VIIRS,n,2,292.65,0.56,N,0
18.46469,77.03278,300.24,0.4,0.37,2021-02-25,2023,N20,VIIRS,n,2,289.46,0.21,N,0
18.46789,77.94698,310.29,0.39,0.36,2021-02-25,2023,N20,VIIRS,n,2,292.68,0.42,N,0
18.48575,78.59077,306.86,0.38,0.36,2021-02-25,2023,N20,VIIRS,n,2,292.74,1.01,N,0
18.48865,77.98765,303.09,0.39,0.36,2021-02-25,2023,N20,VIIRS,n,2,292.5,1.46,N,0
18.49014,78.15453,304.07,0.38,0.36,2021-02-25,2023,N20,VIIRS,n,2,290.98,0.46,N,0
18.49026,78.47675,303.89,0.38,0.36,2021-02-25,2023,N20,VIIRS,n,2,293.73,1.23,N,0
18.503,78.0937,303.41,0.38,0.36,2021-02-25,2023,N20,VIIRS,n,2,291.97,0.65,N,0
18.50629,78.09427,306.56,0.38,0.36,2021-02-25,2023,N20,VIIRS,n,2,293.1,0.65,N,0
18.50773,78.15012,313.73,0.38,0.36,2021-02-25,2023,N20,VIIRS,n,2,293.85,1.06,N,0
18.5083,78.14651,312.42,0.38,0.36,2021-02-25,2023,N20,VIIRS,n,2,289.7,1.06,N,0
18.51272,78.13985,314.93,0.38,0.36,2021-02-25,2023,N20,VIIRS,n,2,293.14,1.18,N,0
18.51717,78.47772,309.68,0.38,0.36,2021-02-25,2023,N20,VIIRS,n,2,294.08,1.02,N,0
18.52412,77.82598,309.47,0.39,0.36,2021-02-25,2023,N20,VIIRS,n,2,293.75,1.23,N,0
18.52781,78.45741,310.66,0.38,0.36,2021-02-25,2023,N20,VIIRS,n,2,295.16,1.84,N,0
18.5291,77.81563,313.11,0.39,0.36,2021-02-25,2023,N20,VIIRS,n,2,293.14,1.78,N,0
18.52975,78.13906,314.69,0.38,0.36,2021-02-25,2023,N20,VIIRS,n,2,293.34,1.65,N,0
18.5324,77.81618,326.34,0.39,0.36,2021-02-25,2023,N20,VIIRS,n,2,293.59,2.55,N,0
18.54098,78.45969,318.15,0.38,0.36,2021-02-25,2023,N20,VIIRS,n,2,295.53,1.78,N,0
18.54564,78.68659,307.68,0.38,0.36,2021-02-25,2023,N20,VIIRS,n,2,292.78,0.69,N,0
18.57036,78.50926,303.99,0.38,0.36,2021-02-25,2023,N20,VIIRS,n,2,293.48,0.73,N,0
18.58628,78.01513,304.8,0.39,0.36,2021-02-25,2023,N20,VIIRS,n,2,293.0,0.71,N,0
18.60084,78.81043,313.78,0.39,0.36,2021-02-25,2023,N20,VIIRS,n,2,295.55,1.99,N,0
18.60356,78.81461,309.01,0.39,0.36,2021-02-25,2023,N20,VIIRS,n,2,295.08,1.16,N,0
18.63369,78.75303,306.34,0.38,0.36,2021-02-25,2023,N20,VIIRS,n,2,294.28,1.08,N,0
18.63426,78.74943,309.83,0.38,0.36,2021-02-25,2023,N20,VIIRS,n,2,293.91,1.52,N,0
18.63698,78.75362,309.14,0.38,0.36,2021-02-25,2023,N20,VIIRS,n,2,294.96,1.52,N,0
18.65955,78.82446,308.25,0.39,0.36,2021-02-25,2023,N20,VIIRS,n,2,294.15,0.7,N,0
18.6615,78.62056,308.96,0.38,0.36,2021-02-25,2023,N20,VIIRS,n,2,295.37,1.5,N,0
18.66226,78.82866,301.71,0.39,0.36,2021-02-25,2023,N20,VIIRS,n,2,291.16,0.7,N,0
18.66284,78.82504,309.61,0.39,0.36,2021-02-25,2023,N20,VIIRS,n,2,294.36,0.7,N,0
18.66479,78.62113,314.34,0.38,0.36,2021-02-25,2023,N20,VIIRS,n,2,295.98,1.59,N,0
18.66729,78.81835,306.64,0.39,0.36,2021-02-25,2023,N20,VIIRS,n,2,294.0,1.3,N,0
18.72102,78.58642,307.55,0.38,0.36,2021-02-25,2023,N20,VIIRS,n,2,292.16,0.5,N,0
15.50523,79.10377,343.94,0.48,0.48,2021-02-26,732,N20,VIIRS,n,2,313.35,6.39,D,0
15.50545,79.10389,342.69,0.48,0.48,2021-02-26,732,N20,VIIRS,n,2,312.84,5.09,D,0
15.50695,79.50616,343.22,0.45,0.47,2021-02-26,732,N20,VIIRS,n,2,311.22,5.64,D,0
15.51116,79.50514,343.75,0.45,0.47,2021-02-26,732,N20,VIIRS,n,2,312.48,5.64,D,0
15.52323,79.07787,344.02,0.48,0.48,2021-02-26,732,N20,VIIRS,n,2,311.7,5.73,D,0
15.52401,79.25797,346.72,0.47,0.48,2021-02-26,732,N20,VIIRS,n,2,315.43,48.2,D,0
15.52478,79.26223,344.31,0.47,0.48,2021-02-26,732,N20,VIIRS,n,2,312.51,20.3,D,0
15.52533,79.25769,354.64,0.47,0.48,2021-02-26,732,N20,VIIRS,n,2,306.83,11.2,D,0
15.54842,78.05913,335.24,0.56,0.52,2021-02-26,732,N20,VIIRS,l,2,309.66,4.56,D,0
15.55311,78.05828,339.63,0.56,0.52,2021-02-26,732,N20,VIIRS,n,2,308.79,2.78,D,0
15.55422,80.13467,341.7,0.41,0.45,2021-02-26,732,N20,VIIRS,n,2,307.78,6.36,D,0
15.55629,80.12251,338.97,0.41,0.45,2021-02-26,732,N20,VIIRS,n,2,305.99,2.76,D,0
15.5826,78.90533,351.55,0.49,0.49,2021-02-26,732,N20,VIIRS,n,2,310.32,11.27,D,0
15.58584,78.90275,340.92,0.49,0.49,2021-02-26,732,N20,VIIRS,n,2,308.49,7.27,D,0
15.62144,78.8726,334.16,0.49,0.49,2021-02-26,732,N20,VIIRS,l,2,304.25,5.35,D,0
15.6421,79.31023,341.9,0.46,0.47,2021-02-26,732,N20,VIIRS,l,2,313.89,4.98,D,0
15.64373,79.30703,342.54,0.46,0.47,2021-02-26,732,N20,VIIRS,n,2,312.36,3.68,D,0
15.64452,79.31126,347.38,0.46,0.47,2021-02-26,732,N20,VIIRS,n,2,314.47,5.93,D,0
15.64639,79.30933,340.32,0.46,0.47,2021-02-26,732,N20,VIIRS,l,2,311.75,4.98,D,0
15.66446,78.90743,346.17,0.49,0.49,2021-02-26,732,N20,VIIRS,n,2,306.4,7.49,D,0
15.66513,78.91106,344.6,0.49,0.49,2021-02-26,732,N20,VIIRS,n,2,305.91,6.66,D,0
15.70586,79.18385,345.74,0.47,0.48,2021-02-26,732,N20,VIIRS,n,2,315.26,7.8,D,0
15.72952,77.0715,339.14,0.32,0.55,2021-02-26,732,N20,VIIRS,l,2,312.54,3.07,D,0
15.75049,77.20618,339.23,0.63,0.54,2021-02-26,732,N20,VIIRS,n,2,312.53,5.08,D,0
15.78052,78.03279,341.22,0.56,0.51,2021-02-26,732,N20,VIIRS,n,2,311.15,5.0,D,0
15.81248,80.01115,342.43,0.42,0.45,2021-02-26,732,N20,VIIRS,n,2,311.77,4.36,D,0
15.81855,79.71147,341.62,0.43,0.46,2021-02-26,732,N20,VIIRS,n,2,310.02,6.03,D,0
15.87015,78.96587,353.1,0.48,0.48,2021-02-26,732,N20,VIIRS,n,2,311.99,15.67,D,0
15.87094,78.9702,343.72,0.48,0.48,2021-02-26,732,N20,VIIRS,n,2,307.55,15.67,D,0
15.94047,78.9541,341.52,0.48,0.48,2021-02-26,732,N20,VIIRS,n,2,306.12,7.29,D,0
15.94214,78.96302,333.6,0.48,0.48,2021-02-26,732,N20,VIIRS,l,2,305.94,4.5,D,0
16.02076,79.41003,338.71,0.45,0.47,2021-02-26,732,N20,VIIRS,n,2,312.55,2.52,D,0
16.02452,79.09193,335.34,0.47,0.48,2021-02-26,732,N20,VIIRS,n,2,304.69,2.36,D,0
16.02762,78.78812,339.04,0.49,0.49,2021-02-26,732,N20,VIIRS,n,2,308.52,3.22,D,0
16.02808,79.08686,341.02,0.47,0.48,2021-02-26,732,N20,VIIRS,n,2,306.04,3.69,D,0
16.03207,78.78744,332.11,0.49,0.49,2021-02-26,732,N20,VIIRS,l,2,305.89,3.22,D,0
16.03317,78.76882,347.87,0.49,0.49,2021-02-26,732,N20,VIIRS,n,2,307.6,8.5,D,0
16.03403,78.77342,343.71,0.49,0.49,2021-02-26,732,N20,VIIRS,n,2,308.61,8.5,D,0
16.03651,78.78671,337.52,0.49,0.49,2021-02-26,732,N20,VIIRS,l,2,308.53,3.79,D,0
16.04012,78.78152,334.91,0.49,0.49,2021-02-26,732,N20,VIIRS,l,2,307.11,11.71,D,0
16.04091,78.78575,335.11,0.49,0.49,2021-02-26,732,N20,VIIRS,l,2,306.48,3.79,D,0
16.04697,79.40928,343.41,0.45,0.47,2021-02-26,732,N20,VIIRS,n,2,312.64,4.5,D,0
16.2456,80.01878,342.53,0.41,0.45,2021-02-26,732,N20,VIIRS,l,2,313.34,6.08,D,0
15.87008,77.07698,332.05,0.32,0.55,2021-02-26,733,N20,VIIRS,l,2,306.13,2.06,D,0
15.90483,77.49489,342.98,0.6,0.53,2021-02-26,733,N20,VIIRS,n,2,315.65,8.93,D,0
16.08407,77.1918,342.36,0.63,0.54,2021-02-26,733,N20,VIIRS,n,2,311.15,5.7,D,0
16.11591,78.60487,341.38,0.5,0.49,2021-02-26,733,N20,VIIRS,n,2,305.29,5.13,D,0
16.11678,78.60952,338.76,0.5,0.49,2021-02-26,733,N20,VIIRS,n,2,303.97,5.13,D,0
16.12119,78.60838,353.92,0.5,0.49,2021-02-26,733,N20,VIIRS,n,2,304.57,11.0,D,0
16.12487,78.65273,333.26,0.5,0.49,2021-02-26,733,N20,VIIRS,l,2,305.49,5.51,D,0
16.25456,78.64001,331.94,0.5,0.49,2021-02-26,733,N20,VIIRS,n,2,306.21,1.76,D,0
16.25463,78.93337,335.16,0.48,0.48,2021-02-26,733,N20,VIIRS,n,2,307.57,5.58,D,0
16.25541,78.93755,345.56,0.48,0.48,2021-02-26,733,N20,VIIRS,n,2,307.91,5.58,D,0
16.27062,77.51743,332.41,0.59,0.53,2021-02-26,733,N20,VIIRS,l,2,305.85,2.05,D,0
16.35006,79.87775,339.2,0.42,0.45,2021-02-26,733,N20,VIIRS,n,2,311.0,2.92,D,0
16.44571,80.08441,339.3,0.4,0.44,2021-02-26,733,N20,VIIRS,n,2,308.67,2.18,D,0
16.44633,80.08461,333.81,0.4,0.44,2021-02-26,733,N20,VIIRS,l,2,307.51,2.46,D,0
16.44663,79.5191,335.94,0.43,0.46,2021-02-26,733,N20,VIIRS,l,2,310.02,6.57,D,0
16.4501,79.51785,338.41,0.44,0.46,2021-02-26,733,N20,VIIRS,n,2,311.34,3.44,D,0
16.51582,78.99637,335.49,0.47,0.48,2021-02-26,733,N20,VIIRS,l,2,310.33,2.91,D,0
16.56644,79.41269,354.11,0.44,0.46,2021-02-26,733,N20,VIIRS,n,2,313.12,14.04,D,0
16.57079,79.36544,340.67,0.44,0.46,2021-02-26,733,N20,VIIRS,n,2,312.93,7.31,D,0
16.58311,79.82066,337.7,0.41,0.45,2021-02-26,733,N20,VIIRS,l,2,309.21,4.45,D,0
16.68392,80.36456,345.39,0.38,0.43,2021-02-26,733,N20,VIIRS,n,2,318.84,5.79,D,0
16.70504,78.69558,341.33,0.49,0.48,2021-02-26,733,N20,VIIRS,n,2,311.78,3.32,D,0
16.75161,77.57733,336.51,0.57,0.52,2021-02-26,733,N20,VIIRS,n,2,307.72,5.96,D,0
16.92108,78.17861,339.57,0.52,0.5,2021-02-26,733,N20,VIIRS,n,2,307.11,3.21,D,0
17.02639,77.43535,340.59,0.58,0.52,2021-02-26,733,N20,VIIRS,n,2,309.53,6.27,D,0
17.02685,77.43359,342.7,0.58,0.52,2021-02-26,733,N20,VIIRS,n,2,308.95,6.39,D,0
17.05388,77.88151,337.3,0.54,0.51,2021-02-26,733,N20,VIIRS,l,2,311.59,6.45,D,0
17.11331,77.22088,343.44,0.6,0.53,2021-02-26,733,N20,VIIRS,n,2,312.83,6.4,D,0
17.11455,77.22276,348.41,0.6,0.53,2021-02-26,733,N20,VIIRS,n,2,312.8,7.74,D,0
17.23141,77.94116,343.36,0.53,0.5,2021-02-26,733,N20,VIIRS,n,2,308.5,4.47,D,0
17.23628,78.91197,343.78,0.46,0.47,2021-02-26,733,N20,VIIRS,n,2,315.19,5.13,D,0
17.24517,78.62314,343.26,0.48,0.48,2021-02-26,733,N20,VIIRS,n,2,313.29,5.25,D,0
17.29991,77.0378,343.5,0.61,0.53,2021-02-26,733,N20,VIIRS,n,2,311.45,5.45,D,0
17.30233,77.04072,343.97,0.61,0.53,2021-02-26,733,N20,VIIRS,n,2,311.85,4.95,D,0
17.35927,80.71339,335.56,0.54,0.42,2021-02-26,733,N20,VIIRS,n,2,309.61,6.48,D,0
17.36214,77.85743,348.62,0.54,0.51,2021-02-26,733,N20,VIIRS,n,2,310.55,9.23,D,0
17.37281,79.39034,345.97,0.43,0.46,2021-02-26,733,N20,VIIRS,n,2,318.21,6.87,D,0
17.37353,79.39428,343.65,0.43,0.46,2021-02-26,733,N20,VIIRS,n,2,315.14,6.87,D,0
17.38536,77.90383,340.16,0.53,0.5,2021-02-26,733,N20,VIIRS,n,2,308.85,3.81,D,0
17.40688,81.47952,338.39,0.49,0.4,2021-02-26,733,N20,VIIRS,n,2,307.09,4.92,D,0
17.41131,81.48332,347.34,0.49,0.4,2021-02-26,733,N20,VIIRS,n,2,307.44,8.06,D,0
17.41647,81.49139,347.18,0.49,0.4,2021-02-26,733,N20,VIIRS,n,2,304.06,8.95,D,0
17.42016,81.49087,355.85,0.49,0.4,2021-02-26,733,N20,VIIRS,n,2,308.18,8.95,D,0
17.42953,81.09111,337.32,0.51,0.41,2021-02-26,733,N20,VIIRS,n,2,309.84,3.38,D,0
17.43042,78.01577,339.65,0.52,0.5,2021-02-26,733,N20,VIIRS,l,2,313.66,4.09,D,0
17.43823,77.31211,336.65,0.58,0.52,2021-02-26,733,N20,VIIRS,l,2,310.83,3.19,D,0
17.43866,77.31036,337.44,0.58,0.52,2021-02-26,733,N20,VIIRS,l,2,310.7,1.66,D,0
17.44003,80.12749,336.93,0.38,0.44,2021-02-26,733,N20,VIIRS,n,2,308.01,2.38,D,0
17.44835,79.3477,342.61,0.43,0.46,2021-02-26,733,N20,VIIRS,n,2,313.87,3.55,D,0
17.50615,78.18307,343.94,0.51,0.49,2021-02-26,733,N20,VIIRS,n,2,311.73,3.78,D,0
17.50843,78.18198,342.49,0.51,0.49,2021-02-26,733,N20,VIIRS,n,2,311.94,4.76,D,0
17.54714,79.45493,345.15,0.42,0.45,2021-02-26,733,N20,VIIRS,n,2,315.39,7.64,D,0
17.54761,77.56612,344.21,0.56,0.51,2021-02-26,733,N20,VIIRS,n,2,310.57,5.29,D,0
17.56719,77.13484,342.77,0.59,0.53,2021-02-26,733,N20,VIIRS,n,2,310.35,6.47,D,0
17.56826,77.14027,336.39,0.59,0.53,2021-02-26,733,N20,VIIRS,l,2,308.84,6.47,D,0
17.60372,77.14376,343.74,0.59,0.53,2021-02-26,733,N20,VIIRS,n,2,309.26,5.66,D,0
17.61926,79.06866,335.36,0.44,0.46,2021-02-26,733,N20,VIIRS,l,2,308.61,3.53,D,0
17.6336,80.37048,350.54,0.56,0.43,2021-02-26,733,N20,VIIRS,n,2,318.32,24.23,D,0
17.63657,80.36458,337.44,0.56,0.43,2021-02-26,733,N20,VIIRS,l,2,310.9,19.27,D,0
17.63749,80.36971,342.2,0.56,0.43,2021-02-26,733,N20,VIIRS,n,2,308.63,24.23,D,0
17.64161,77.73109,347.91,0.54,0.51,2021-02-26,733,N20,VIIRS,n,2,309.18,6.58,D,0
17.64488,77.72781,343.6,0.54,0.51,2021-02-26,733,N20,VIIRS,n,2,311.22,11.45,D,0
17.653,78.9421,335.37,0.45,0.47,2021-02-26,733,N20,VIIRS,l,2,308.47,5.31,D,0
17.65611,78.94118,341.5,0.45,0.47,2021-02-26,733,N20,VIIRS,l,2,313.12,5.6,D,0
17.65683,80.45602,351.01,0.55,0.43,2021-02-26,733,N20,VIIRS,n,2,312.62,7.76,D,0
17.67819,80.37265,344.85,0.55,0.43,2021-02-26,733,N20,VIIRS,n,2,308.68,9.07,D,0
17.68138,79.05172,336.78,0.44,0.46,2021-02-26,733,N20,VIIRS,l,2,310.21,3.25,D,0
17.74325,77.32589,340.87,0.57,0.52,2021-02-26,733,N20,VIIRS,n,2,310.87,6.93,D,0
17.74427,77.33114,342.99,0.57,0.52,2021-02-26,733,N20,VIIRS,n,2,311.37,6.93,D,0
17.76889,80.26934,345.53,0.56,0.43,2021-02-26,733,N20,VIIRS,n,2,304.13,7.88,D,0
17.77829,80.27538,337.96,0.56,0.43,2021-02-26,733,N20,VIIRS,n,2,304.67,5.4,D,0
17.77835,80.27724,339.62,0.56,0.43,2021-02-26,733,N20,VIIRS,n,2,305.01,4.06,D,0
17.78305,80.2794,333.12,0.56,0.43,2021-02-26,733,N20,VIIRS,l,2,304.91,5.4,D,0
17.7831,80.28133,346.86,0.56,0.43,2021-02-26,733,N20,VIIRS,n,2,306.42,9.33,D,0
17.80345,80.28067,330.43,0.56,0.43,2021-02-26,733,N20,VIIRS,l,2,304.3,5.3,D,0
17.80739,80.28018,341.8,0.56,0.43,2021-02-26,733,N20,VIIRS,n,2,306.11,5.3,D,0
17.81725,80.26773,337.67,0.56,0.43,2021-02-26,733,N20,VIIRS,l,2,310.61,4.66,D,0
17.83135,80.18849,339.22,0.57,0.43,2021-02-26,733,N20,VIIRS,n,2,309.29,6.59,D,0
17.83981,80.09902,341.67,0.57,0.43,2021-02-26,733,N20,VIIRS,n,2,312.34,6.34,D,0
17.85355,80.22228,343.06,0.56,0.43,2021-02-26,733,N20,VIIRS,n,2,312.99,13.97,D,0
17.85745,80.2215,340.89,0.56,0.43,2021-02-26,733,N20,VIIRS,l,2,313.32,17.46,D,0
17.86136,80.22073,345.92,0.56,0.43,2021-02-26,733,N20,VIIRS,n,2,314.45,17.46,D,0
17.86228,80.22597,335.26,0.56,0.43,2021-02-26,733,N20,VIIRS,l,2,307.4,8.86,D,0
17.87459,77.59122,341.9,0.55,0.51,2021-02-26,733,N20,VIIRS,n,2,309.65,6.81,D,0
17.95247,79.46357,341.91,0.41,0.45,2021-02-26,733,N20,VIIRS,n,2,312.97,3.55,D,0
17.98115,78.99796,335.77,0.44,0.46,2021-02-26,733,N20,VIIRS,n,2,309.59,4.16,D,0
18.0279,79.90775,340.77,0.39,0.44,2021-02-26,733,N20,VIIRS,n,2,307.73,3.99,D,0
18.03178,79.46368,340.9,0.41,0.45,2021-02-26,733,N20,VIIRS,n,2,309.07,12.22,D,0
18.03647,79.05966,334.51,0.44,0.46,2021-02-26,733,N20,VIIRS,l,2,305.01,1.75,D,0
18.05238,80.06837,348.01,0.57,0.43,2021-02-26,733,N20,VIIRS,n,2,310.26,7.3,D,0
18.07153,77.13126,337.18,0.58,0.52,2021-02-26,733,N20,VIIRS,n,2,310.62,5.34,D,0
18.07198,77.1296,340.12,0.58,0.52,2021-02-26,733,N20,VIIRS,n,2,311.3,4.59,D,0
18.07832,78.93271,336.88,0.44,0.46,2021-02-26,733,N20,VIIRS,n,2,310.87,3.32,D,0
18.11338,80.18501,342.6,0.56,0.43,2021-02-26,733,N20,VIIRS,n,2,310.22,7.12,D,0
18.12511,77.63544,340.73,0.54,0.51,2021-02-26,733,N20,VIIRS,n,2,311.01,2.13,D,0
18.13171,80.19713,333.46,0.56,0.43,2021-02-26,733,N20,VIIRS,l,2,308.45,5.9,D,0
18.1532,77.39136,337.35,0.56,0.51,2021-02-26,733,N20,VIIRS,l,2,311.2,4.01,D,0
18.16667,77.55753,344.45,0.54,0.51,2021-02-26,733,N20,VIIRS,n,2,310.54,5.75,D,0
18.16923,77.61893,338.59,0.54,0.51,2021-02-26,733,N20,VIIRS,l,2,310.51,4.91,D,0
18.25876,77.58958,340.85,0.54,0.51,2021-02-26,733,N20,VIIRS,n,2,310.34,4.57,D,0
18.2709,79.05392,344.78,0.43,0.46,2021-02-26,733,N20,VIIRS,n,2,312.23,11.04,D,0
18.27751,79.91023,343.95,0.38,0.44,2021-02-26,733,N20,VIIRS,n,2,306.75,3.14,D,0
18.28637,77.61191,338.28,0.53,0.5,2021-02-26,733,N20,VIIRS,n,2,308.69,5.46,D,0
18.30355,78.40623,347.22,0.48,0.48,2021-02-26,733,N20,VIIRS,n,2,317.16,40.68,D,0
18.30789,78.40536,339.48,0.48,0.48,2021-02-26,733,N20,VIIRS,n,2,312.06,4.64,D,0
18.31083,78.20304,355.89,0.49,0.49,2021-02-26,733,N20,VIIRS,n,2,314.46,9.76,D,0
18.34899,80.58144,344.01,0.53,0.42,2021-02-26,733,N20,VIIRS,n,2,310.92,6.8,D,0
18.38891,77.43162,337.92,0.55,0.51,2021-02-26,733,N20,VIIRS,l,2,311.3,4.18,D,0
18.40476,80.70049,345.25,0.52,0.41,2021-02-26,733,N20,VIIRS,n,2,312.66,13.34,D,0
18.40538,80.70338,339.11,0.52,0.41,2021-02-26,733,N20,VIIRS,l,2,312.86,9.58,D,0
18.41707,80.70399,343.2,0.52,0.41,2021-02-26,733,N20,VIIRS,n,2,309.16,4.14,D,0
18.42088,80.70347,337.04,0.52,0.41,2021-02-26,733,N20,VIIRS,n,2,309.38,4.14,D,0
18.42173,80.70824,338.93,0.52,0.41,2021-02-26,733,N20,VIIRS,n,2,307.09,4.14,D,0
18.42587,77.27395,335.21,0.56,0.51,2021-02-26,733,N20,VIIRS,l,2,309.28,4.42,D,0
18.42833,77.27496,352.89,0.56,0.51,2021-02-26,733,N20,VIIRS,n,2,310.0,12.43,D,0
18.4305,77.27286,342.42,0.56,0.51,2021-02-26,733,N20,VIIRS,n,2,308.76,5.25,D,0
18.4315,77.27809,344.76,0.56,0.51,2021-02-26,733,N20,VIIRS,n,2,310.53,5.25,D,0
18.43399,77.27903,336.31,0.56,0.51,2021-02-26,733,N20,VIIRS,l,2,307.59,2.64,D,0
18.45628,80.52746,339.16,0.53,0.42,2021-02-26,733,N20,VIIRS,l,2,311.24,9.62,D,0
18.45716,80.5325,347.36,0.53,0.42,2021-02-26,733,N20,VIIRS,n,2,312.43,8.79,D,0
18.46185,80.53682,347.38,0.53,0.42,2021-02-26,733,N20,VIIRS,n,2,311.19,8.79,D,0
18.46271,80.54174,341.05,0.53,0.42,2021-02-26,733,N20,VIIRS,l,2,313.51,29.62,D,0
18.46304,80.52113,335.52,0.53,0.42,2021-02-26,733,N20,VIIRS,l,2,309.52,4.54,D,0
18.48396,81.33859,336.68,0.48,0.4,2021-02-26,733,N20,VIIRS,l,2,310.31,5.94,D,0
18.48443,78.5884,341.81,0.46,0.47,2021-02-26,733,N20,VIIRS,n,2,307.23,11.27,D,0
18.51025,80.57037,342.38,0.53,0.42,2021-02-26,733,N20,VIIRS,n,2,312.35,10.67,D,0
18.51605,80.55896,338.21,0.53,0.42,2021-02-26,733,N20,VIIRS,l,2,311.25,3.15,D,0
18.52425,78.46877,337.74,0.47,0.47,2021-02-26,733,N20,VIIRS,n,2,305.43,4.96,D,0
18.60705,78.89207,339.84,0.44,0.46,2021-02-26,733,N20,VIIRS,n,2,307.36,8.27,D,0
18.62997,78.75652,339.15,0.45,0.47,2021-02-26,733,N20,VIIRS,n,2,306.49,7.72,D,0
18.6391,78.75851,333.76,0.45,0.47,2021-02-26,733,N20,VIIRS,l,2,307.9,2.95,D,0
18.65797,78.62446,347.13,0.45,0.47,2021-02-26,733,N20,VIIRS,n,2,309.79,6.49,D,0
18.66297,78.62756,343.64,0.45,0.47,2021-02-26,733,N20,VIIRS,n,2,309.06,6.49,D,0
18.66533,78.85179,346.49,0.44,0.46,2021-02-26,733,N20,VIIRS,n,2,308.18,5.5,D,0
18.66721,78.62666,341.26,0.45,0.47,2021-02-26,733,N20,VIIRS,n,2,309.38,5.89,D,0
18.692,80.34475,344.67,0.54,0.42,2021-02-26,733,N20,VIIRS,n,2,309.09,10.43,D,0
18.69949,81.25829,342.35,0.48,0.4,2021-02-26,733,N20,VIIRS,n,2,312.19,8.17,D,0
18.72084,78.01749,339.54,0.49,0.49,2021-02-26,733,N20,VIIRS,n,2,305.62,7.64,D,0
18.75136,79.38359,334.36,0.41,0.45,2021-02-26,733,N20,VIIRS,l,2,307.52,0.97,D,0
18.75806,79.37438,334.73,0.41,0.45,2021-02-26,733,N20,VIIRS,l,2,308.25,1.8,D,0
18.7614,79.3697,335.93,0.41,0.45,2021-02-26,733,N20,VIIRS,n,2,310.18,2.38,D,0
18.86953,80.86745,339.0,0.5,0.41,2021-02-26,733,N20,VIIRS,n,2,310.57,4.57,D,0
18.88202,80.356,341.02,0.53,0.42,2021-02-26,733,N20,VIIRS,n,2,309.63,4.19,D,0
18.88509,80.3583,335.83,0.53,0.42,2021-02-26,733,N20,VIIRS,l,2,310.29,4.53,D,0
18.90033,78.94146,341.9,0.43,0.46,2021-02-26,733,N20,VIIRS,n,2,308.41,4.49,D,0
18.91343,79.05775,335.89,0.42,0.45,2021-02-26,733,N20,VIIRS,l,2,310.79,5.17,D,0
18.919,79.38352,342.7,0.4,0.44,2021-02-26,733,N20,VIIRS,n,2,311.58,3.56,D,0
18.95065,79.39384,339.04,0.4,0.44,2021-02-26,733,N20,VIIRS,l,2,312.39,5.68,D,0
18.95136,79.39765,347.8,0.4,0.44,2021-02-26,733,N20,VIIRS,n,2,310.75,4.57,D,0
18.95204,79.40128,344.31,0.4,0.44,2021-02-26,733,N20,VIIRS,n,2,309.17,4.57,D,0
18.95472,79.39321,348.8,0.4,0.44,2021-02-26,733,N20,VIIRS,n,2,311.24,5.68,D,0
18.95543,79.39707,335.27,0.4,0.44,2021-02-26,733,N20,VIIRS,n,2,306.92,4.57,D,0
18.9557,80.13141,347.64,0.55,0.42,2021-02-26,733,N20,VIIRS,n,2,310.18,11.83,D,0
18.95718,80.13316,348.07,0.55,0.42,2021-02-26,733,N20,VIIRS,n,2,310.1,13.61,D,0
18.96054,80.13628,338.15,0.55,0.42,2021-02-26,733,N20,VIIRS,l,2,308.35,5.07,D,0
18.9611,80.13273,336.2,0.55,0.42,2021-02-26,733,N20,VIIRS,l,2,307.14,5.01,D,0
18.96444,80.13572,334.03,0.55,0.42,2021-02-26,733,N20,VIIRS,l,2,306.91,2.3,D,0
18.96799,80.10468,337.55,0.55,0.43,2021-02-26,733,N20,VIIRS,n,2,307.08,9.03,D,0
18.97378,80.11456,338.9,0.55,0.43,2021-02-26,733,N20,VIIRS,l,2,311.16,37.82,D,0
18.97764,80.11382,346.83,0.55,0.43,2021-02-26,733,N20,VIIRS,n,2,319.25,37.82,D,0
18.99563,79.36557,337.53,0.4,0.44,2021-02-26,733,N20,VIIRS,l,2,309.91,4.58,D,0
18.99969,79.36491,338.87,0.4,0.44,2021-02-26,733,N20,VIIRS,l,2,310.11,4.58,D,0
19.00897,79.34692,336.79,0.4,0.45,2021-02-26,733,N20,VIIRS,l,2,310.96,4.88,D,0
19.01842,79.30658,345.96,0.41,0.45,2021-02-26,733,N20,VIIRS,n,2,307.45,3.49,D,0
19.01909,79.3103,336.03,0.41,0.45,2021-02-26,733,N20,VIIRS,l,2,310.28,3.49,D,0
19.01918,79.8972,342.18,0.56,0.43,2021-02-26,733,N20,VIIRS,l,2,314.49,12.61,D,0
19.02667,79.37537,341.84,0.4,0.44,2021-02-26,733,N20,VIIRS,n,2,307.48,3.96,D,0
19.04329,79.21513,333.48,0.41,0.45,2021-02-26,733,N20,VIIRS,l,2,307.14,2.96,D,0
19.04523,79.29347,340.82,0.41,0.45,2021-02-26,733,N20,VIIRS,n,2,309.57,3.18,D,0
19.04791,79.28528,340.16,0.41,0.45,2021-02-26,733,N20,VIIRS,n,2,308.45,10.66,D,0
19.0486,79.28898,353.78,0.41,0.45,2021-02-26,733,N20,VIIRS,n,2,314.41,10.66,D,0
19.04928,79.29263,348.08,0.41,0.45,2021-02-26,733,N20,VIIRS,n,2,311.03,4.84,D,0
19.05129,79.28085,337.44,0.41,0.45,2021-02-26,733,N20,VIIRS,n,2,305.81,5.64,D,0
19.05333,79.29179,337.25,0.41,0.45,2021-02-26,733,N20,VIIRS,n,2,306.33,4.84,D,0
19.09926,81.39463,339.19,0.47,0.4,2021-02-26,733,N20,VIIRS,n,2,312.73,5.01,D,0
19.11085,78.66688,354.32,0.44,0.46,2021-02-26,733,N20,VIIRS,n,2,309.39,11.14,D,0
19.13665,78.75945,341.84,0.44,0.46,2021-02-26,733,N20,VIIRS,n,2,311.09,3.99,D,0
19.14086,78.75877,339.5,0.44,0.46,2021-02-26,733,N20,VIIRS,n,2,307.98,3.99,D,0
19.14741,78.22295,339.67,0.47,0.48,2021-02-26,733,N20,VIIRS,n,2,308.72,4.33,D,0
19.14773,80.05189,348.43,0.55,0.43,2021-02-26,733,N20,VIIRS,n,2,310.59,13.62,D,0
19.15589,80.04725,336.89,0.55,0.43,2021-02-26,733,N20,VIIRS,l,2,310.96,14.29,D,0
19.15828,80.04367,343.25,0.55,0.43,2021-02-26,733,N20,VIIRS,n,2,312.76,10.98,D,0
19.16305,80.04802,336.03,0.55,0.43,2021-02-26,733,N20,VIIRS,l,2,310.85,4.76,D,0
19.16499,79.56109,346.3,0.39,0.44,2021-02-26,733,N20,VIIRS,n,2,315.61,7.19,D,0
19.16864,78.43945,334.37,0.46,0.47,2021-02-26,733,N20,VIIRS,l,2,308.14,3.11,D,0
19.17072,80.04617,342.96,0.55,0.43,2021-02-26,733,N20,VIIRS,n,2,310.5,8.08,D,0
19.17506,78.52087,348.01,0.45,0.47,2021-02-26,733,N20,VIIRS,n,2,308.5,5.88,D,0
19.17584,78.52504,354.75,0.45,0.47,2021-02-26,733,N20,VIIRS,n,2,309.64,5.88,D,0
19.18495,80.19522,337.18,0.54,0.42,2021-02-26,733,N20,VIIRS,n,2,310.64,5.53,D,0
19.18637,80.1923,337.8,0.54,0.42,2021-02-26,733,N20,VIIRS,n,2,311.99,4.24,D,0
19.19038,80.08295,338.88,0.55,0.42,2021-02-26,733,N20,VIIRS,n,2,309.32,9.75,D,0
19.19284,78.77859,340.64,0.43,0.46,2021-02-26,733,N20,VIIRS,n,2,309.21,5.08,D,0
19.19363,78.78284,349.37,0.43,0.46,2021-02-26,733,N20,VIIRS,n,2,308.32,6.17,D,0
19.19701,78.77777,342.94,0.43,0.46,2021-02-26,733,N20,VIIRS,n,2,309.02,7.38,D,0
19.1978,78.78197,367.0,0.43,0.46,2021-02-26,733,N20,VIIRS,h,2,309.98,12.99,D,0
19.19854,78.18491,337.89,0.47,0.48,2021-02-26,733,N20,VIIRS,l,2,309.36,5.66,D,0
19.22548,77.19788,336.08,0.55,0.51,2021-02-26,733,N20,VIIRS,n,2,306.11,2.31,D,0
19.23871,78.13538,333.37,0.48,0.48,2021-02-26,733,N20,VIIRS,l,2,307.54,1.66,D,0
19.23886,78.13218,334.97,0.48,0.48,2021-02-26,733,N20,VIIRS,n,2,309.62,1.33,D,0
19.24516,78.73375,339.48,0.44,0.46,2021-02-26,733,N20,VIIRS,n,2,307.21,2.17,D,0
19.24592,78.73785,350.62,0.44,0.46,2021-02-26,733,N20,VIIRS,n,2,308.62,8.58,D,0
19.24597,78.73371,345.24,0.44,0.46,2021-02-26,733,N20,VIIRS,n,2,307.95,6.97,D,0
19.24676,78.73781,355.54,0.44,0.46,2021-02-26,733,N20,VIIRS,n,2,309.61,8.77,D,0
19.24933,78.73285,351.87,0.44,0.46,2021-02-26,733,N20,VIIRS,n,2,308.03,8.68,D,0
19.25009,78.73698,352.15,0.44,0.46,2021-02-26,733,N20,VIIRS,n,2,306.22,5.37,D,0
19.25014,78.73281,353.97,0.44,0.46,2021-02-26,733,N20,VIIRS,n,2,307.47,6.97,D,0
19.25093,78.73693,341.51,0.44,0.46,2021-02-26,733,N20,VIIRS,n,2,305.92,8.77,D,0
19.25142,78.83822,340.54,0.43,0.46,2021-02-26,733,N20,VIIRS,n,2,306.4,3.79,D,0
19.25426,78.73609,331.97,0.44,0.46,2021-02-26,733,N20,VIIRS,l,2,306.73,5.37,D,0
19.26501,78.74255,341.67,0.43,0.46,2021-02-26,733,N20,VIIRS,n,2,305.27,3.25,D,0
19.27594,79.15598,337.24,0.41,0.45,2021-02-26,733,N20,VIIRS,l,2,309.52,3.31,D,0
19.27665,79.15986,346.17,0.41,0.45,2021-02-26,733,N20,VIIRS,n,2,310.63,7.14,D,0
19.27889,78.70126,337.01,0.44,0.46,2021-02-26,733,N20,VIIRS,l,2,308.41,3.56,D,0
19.28927,78.73327,339.11,0.44,0.46,2021-02-26,733,N20,VIIRS,n,2,310.87,3.36,D,0
19.29005,78.73743,341.78,0.43,0.46,2021-02-26,733,N20,VIIRS,n,2,308.22,6.46,D,0
19.29084,78.74162,341.57,0.43,0.46,2021-02-26,733,N20,VIIRS,n,2,308.39,6.46,D,0
19.29163,78.7458,341.13,0.43,0.46,2021-02-26,733,N20,VIIRS,n,2,307.32,5.19,D,0
19.29346,78.73253,339.72,0.44,0.46,2021-02-26,733,N20,VIIRS,n,2,307.13,3.36,D,0
19.29899,78.64615,346.25,0.44,0.46,2021-02-26,733,N20,VIIRS,n,2,309.75,10.99,D,0
19.29976,78.65026,343.05,0.44,0.46,2021-02-26,733,N20,VIIRS,n,2,309.03,6.78,D,0
19.31723,78.2356,339.91,0.47,0.48,2021-02-26,733,N20,VIIRS,n,2,309.13,4.41,D,0
19.3182,79.20271,337.84,0.41,0.45,2021-02-26,733,N20,VIIRS,l,2,310.67,4.6,D,0
19.32088,79.19437,348.48,0.41,0.45,2021-02-26,733,N20,VIIRS,n,2,308.56,4.21,D,0
19.36212,78.70228,349.23,0.44,0.46,2021-02-26,733,N20,VIIRS,n,2,314.01,8.22,D,0
19.37651,78.68665,337.15,0.44,0.46,2021-02-26,733,N20,VIIRS,n,2,311.01,2.78,D,0
19.37861,79.14318,336.05,0.41,0.45,2021-02-26,733,N20,VIIRS,l,2,308.6,4.08,D,0
19.38231,79.09464,335.31,0.41,0.45,2021-02-26,733,N20,VIIRS,l,2,310.24,2.89,D,0
19.38426,79.08232,346.43,0.41,0.45,2021-02-26,733,N20,VIIRS,n,2,309.4,5.53,D,0
19.38498,79.08623,348.02,0.41,0.45,2021-02-26,733,N20,VIIRS,n,2,311.75,5.53,D,0
19.3857,79.09011,335.8,0.41,0.45,2021-02-26,733,N20,VIIRS,l,2,310.31,2.89,D,0
19.38641,79.09396,335.63,0.41,0.45,2021-02-26,733,N20,VIIRS,l,2,309.4,2.89,D,0
19.38835,79.08154,335.99,0.41,0.45,2021-02-26,733,N20,VIIRS,l,2,309.93,2.61,D,0
19.38978,79.0893,343.63,0.41,0.45,2021-02-26,733,N20,VIIRS,n,2,312.6,5.23,D,0
19.39048,79.09311,340.63,0.41,0.45,2021-02-26,733,N20,VIIRS,n,2,308.11,5.23,D,0
19.39313,79.08454,334.63,0.41,0.45,2021-02-26,733,N20,VIIRS,l,2,307.84,2.61,D,0
19.39384,79.08842,349.06,0.41,0.45,2021-02-26,733,N20,VIIRS,n,2,310.51,5.23,D,0
19.394,79.11225,339.71,0.41,0.45,2021-02-26,733,N20,VIIRS,l,2,310.32,4.63,D,0
19.39646,79.07965,336.33,0.41,0.45,2021-02-26,733,N20,VIIRS,n,2,310.41,1.1,D,0
19.51867,79.10581,339.8,0.41,0.45,2021-02-26,733,N20,VIIRS,n,2,313.76,3.04,D,0
19.5263,77.64352,343.14,0.5,0.49,2021-02-26,733,N20,VIIRS,n,2,311.29,4.5,D,0
19.56656,79.32322,349.77,0.4,0.44,2021-02-26,733,N20,VIIRS,n,2,311.08,3.91,D,0
19.56719,79.32671,337.88,0.4,0.44,2021-02-26,733,N20,VIIRS,l,2,311.72,3.14,D,0
19.5706,79.3226,336.79,0.4,0.44,2021-02-26,733,N20,VIIRS,l,2,309.69,3.91,D,0
19.59529,78.71129,334.89,0.43,0.46,2021-02-26,733,N20,VIIRS,l,2,308.28,2.29,D,0
19.62213,78.3484,339.01,0.45,0.47,2021-02-26,733,N20,VIIRS,n,2,310.47,3.14,D,0
19.63905,79.25854,337.82,0.4,0.44,2021-02-26,733,N20,VIIRS,l,2,308.72,2.42,D,0
19.75302,81.04472,337.23,0.48,0.4,2021-02-26,733,N20,VIIRS,n,2,305.68,4.99,D,0
19.81659,81.14957,335.41,0.47,0.4,2021-02-26,733,N20,VIIRS,n,2,307.49,2.29,D,0
19.7106,77.37293,336.07,0.52,0.5,2021-02-26,734,N20,VIIRS,n,2,308.65,3.41,D,0
19.7858,78.56425,348.29,0.44,0.46,2021-02-26,734,N20,VIIRS,n,2,313.48,5.51,D,0
19.86802,78.28397,343.89,0.45,0.47,2021-02-26,734,N20,VIIRS,n,2,310.88,3.33,D,0
19.14342,80.05402,309.31,0.46,0.39,2021-02-26,2003,N20,VIIRS,n,2,294.84,3.76,N,0
19.15668,80.03783,304.21,0.46,0.39,2021-02-26,2003,N20,VIIRS,n,2,290.52,2.56,N,0
19.28617,78.75121,307.67,0.54,0.42,2021-02-26,2003,N20,VIIRS,n,2,291.05,1.25,N,0
19.28683,78.74602,301.83,0.54,0.42,2021-02-26,2003,N20,VIIRS,n,2,291.59,1.02,N,0
19.2875,78.7408,307.53,0.54,0.42,2021-02-26,2003,N20,VIIRS,n,2,291.19,1.02,N,0
19.32924,80.10246,305.03,0.46,0.39,2021-02-26,2003,N20,VIIRS,n,2,294.77,1.51,N,0
19.34651,78.52789,307.66,0.55,0.43,2021-02-26,2003,N20,VIIRS,n,2,292.26,0.96,N,0
19.37216,79.4445,309.65,0.5,0.41,2021-02-26,2003,N20,VIIRS,n,2,296.8,1.21,N,0
19.3728,79.43983,306.94,0.5,0.41,2021-02-26,2003,N20,VIIRS,n,2,296.03,1.21,N,0
19.37652,79.4404,306.84,0.5,0.41,2021-02-26,2003,N20,VIIRS,n,2,294.62,1.21,N,0
19.37734,79.14894,311.02,0.51,0.41,2021-02-26,2003,N20,VIIRS,n,2,294.2,1.64,N,0
19.37765,79.92347,314.11,0.47,0.4,2021-02-26,2003,N20,VIIRS,n,2,296.72,2.21,N,0
19.37825,79.91908,306.37,0.47,0.4,2021-02-26,2003,N20,VIIRS,n,2,295.92,2.07,N,0
19.38069,79.92829,316.37,0.47,0.4,2021-02-26,2003,N20,VIIRS,n,2,297.26,2.21,N,0
19.38322,79.07505,305.78,0.52,0.41,2021-02-26,2003,N20,VIIRS,n,2,292.83,0.6,N,0
19.38701,79.07564,305.89,0.52,0.41,2021-02-26,2003,N20,VIIRS,n,2,293.67,0.6,N,0
19.39485,79.21983,308.72,0.51,0.41,2021-02-26,2003,N20,VIIRS,n,2,293.36,1.7,N,0
19.39581,79.09698,319.65,0.52,0.41,2021-02-26,2003,N20,VIIRS,n,2,295.38,2.49,N,0
19.40025,79.09264,316.93,0.52,0.41,2021-02-26,2003,N20,VIIRS,n,2,294.52,2.49,N,0
19.40213,79.10757,305.29,0.52,0.41,2021-02-26,2003,N20,VIIRS,n,2,294.52,0.82,N,0
19.40222,79.07776,304.28,0.52,0.41,2021-02-26,2003,N20,VIIRS,n,2,293.69,1.21,N,0
19.51071,79.21928,305.5,0.51,0.41,2021-02-26,2003,N20,VIIRS,n,2,292.64,0.67,N,0
19.51921,79.3826,307.05,0.5,0.41,2021-02-26,2003,N20,VIIRS,n,2,294.31,2.37,N,0
19.53971,78.39544,330.58,0.57,0.43,2021-02-26,2003,N20,VIIRS,n,2,293.35,4.25,N,0
19.5426,79.32913,315.34,0.5,0.41,2021-02-26,2003,N20,VIIRS,n,2,294.84,1.55,N,0
19.54367,78.39602,311.36,0.57,0.43,2021-02-26,2003,N20,VIIRS,n,2,293.39,1.1,N,0
19.54437,78.39073,303.17,0.57,0.43,2021-02-26,2003,N20,VIIRS,n,2,291.75,1.1,N,0
19.54522,79.33244,316.77,0.5,0.41,2021-02-26,2003,N20,VIIRS,n,2,295.77,2.33,N,0
19.54587,79.32771,312.49,0.5,0.41,2021-02-26,2003,N20,VIIRS,n,2,294.85,2.33,N,0
19.54635,79.32979,310.58,0.5,0.41,2021-02-26,2003,N20,VIIRS,n,2,295.32,1.55,N,0
19.54698,79.32497,307.32,0.5,0.41,2021-02-26,2003,N20,VIIRS,n,2,294.67,1.55,N,0
19.54764,78.3965,304.94,0.57,0.43,2021-02-26,2003,N20,VIIRS,n,2,292.59,1.1,N,0
19.55833,79.237,304.17,0.51,0.41,2021-02-26,2003,N20,VIIRS,n,2,292.93,0.56,N,0
19.5589,79.23411,303.71,0.51,0.41,2021-02-26,2003,N20,VIIRS,n,2,291.83,0.49,N,0
19.56875,78.32862,312.2,0.57,0.43,2021-02-26,2003,N20,VIIRS,n,2,292.66,2.45,N,0
19.57103,78.32986,312.04,0.57,0.43,2021-02-26,2003,N20,VIIRS,n,2,292.87,1.88,N,0
19.57384,79.32449,318.85,0.5,0.41,2021-02-26,2003,N20,VIIRS,n,2,294.83,2.69,N,0
19.58136,79.32558,306.34,0.5,0.41,2021-02-26,2003,N20,VIIRS,n,2,294.18,1.62,N,0
19.64077,78.35495,305.64,0.57,0.43,2021-02-26,2003,N20,VIIRS,n,2,293.26,1.53,N,0
19.72477,79.17575,310.04,0.52,0.41,2021-02-26,2003,N20,VIIRS,n,2,297.63,2.07,N,2
19.78612,79.14648,310.82,0.52,0.41,2021-02-26,2003,N20,VIIRS,n,2,296.54,2.39,N,2
19.78638,79.14967,309.67,0.52,0.41,2021-02-26,2003,N20,VIIRS,n,2,297.24,1.96,N,2
19.82919,79.54185,327.56,0.5,0.41,2021-02-26,2003,N20,VIIRS,n,2,296.39,2.33,N,0
19.83065,79.5446,314.32,0.5,0.41,2021-02-26,2003,N20,VIIRS,n,2,294.9,2.18,N,0
19.83127,79.53992,320.57,0.5,0.41,2021-02-26,2003,N20,VIIRS,n,2,295.24,3.96,N,0
19.83291,79.54237,321.53,0.5,0.41,2021-02-26,2003,N20,VIIRS,n,2,295.18,2.33,N,0
19.83356,79.53765,306.41,0.5,0.41,2021-02-26,2003,N20,VIIRS,n,2,294.36,2.33,N,0
19.92171,79.11334,309.52,0.52,0.42,2021-02-26,2003,N20,VIIRS,n,2,296.17,1.38,N,2
19.96181,79.33501,301.78,0.51,0.41,2021-02-26,2003,N20,VIIRS,n,2,290.71,0.94,N,2
15.59773,78.91065,307.95,0.48,0.4,2021-02-26,2004,N20,VIIRS,n,2,295.09,1.34,N,0
15.73381,78.87055,308.44,0.48,0.4,2021-02-26,2004,N20,VIIRS,n,2,294.6,1.42,N,0
15.73445,78.8659,306.28,0.48,0.4,2021-02-26,2004,N20,VIIRS,n,2,294.32,1.42,N,0
15.73561,78.88461,312.94,0.48,0.4,2021-02-26,2004,N20,VIIRS,n,2,295.49,1.84,N,0
15.73865,78.88969,310.48,0.48,0.4,2021-02-26,2004,N20,VIIRS,n,2,295.04,1.84,N,0
15.74607,78.86337,305.21,0.48,0.4,2021-02-26,2004,N20,VIIRS,n,2,293.61,1.18,N,0
15.74968,78.89127,311.89,0.48,0.4,2021-02-26,2004,N20,VIIRS,n,2,294.39,1.31,N,0
15.77827,78.92767,313.27,0.48,0.4,2021-02-26,2004,N20,VIIRS,n,2,294.55,1.39,N,0
15.91507,77.3632,302.56,0.39,0.44,2021-02-26,2004,N20,VIIRS,n,2,291.01,1.57,N,2
15.96444,80.93957,304.78,0.4,0.37,2021-02-26,2004,N20,VIIRS,n,2,294.26,0.62,N,2
16.0308,79.09585,303.03,0.47,0.4,2021-02-26,2004,N20,VIIRS,n,2,292.86,1.58,N,0
16.26426,78.91775,310.53,0.49,0.4,2021-02-26,2004,N20,VIIRS,n,2,294.5,1.2,N,0
16.26675,78.92697,307.47,0.49,0.4,2021-02-26,2004,N20,VIIRS,n,2,294.22,1.65,N,0
16.26798,78.91807,308.71,0.49,0.4,2021-02-26,2004,N20,VIIRS,n,2,294.53,1.2,N,0
16.69529,80.61064,306.58,0.42,0.37,2021-02-26,2004,N20,VIIRS,n,2,295.01,0.65,N,0
16.69636,79.64732,309.41,0.45,0.39,2021-02-26,2004,N20,VIIRS,n,2,296.74,0.97,N,2
16.75949,77.66416,301.15,0.39,0.44,2021-02-26,2004,N20,VIIRS,n,2,286.16,0.87,N,0
16.87105,80.02074,308.81,0.44,0.38,2021-02-26,2004,N20,VIIRS,n,2,298.1,1.05,N,2
17.11055,77.13319,303.12,0.42,0.45,2021-02-26,2004,N20,VIIRS,n,2,292.31,0.51,N,0
17.14095,77.17596,306.97,0.42,0.45,2021-02-26,2004,N20,VIIRS,n,2,295.2,1.38,N,0
17.15963,77.29331,305.92,0.41,0.45,2021-02-26,2004,N20,VIIRS,n,2,295.52,1.62,N,0
17.16484,79.47072,310.25,0.47,0.4,2021-02-26,2004,N20,VIIRS,n,2,293.2,1.45,N,0
17.22395,77.56409,311.82,0.4,0.44,2021-02-26,2004,N20,VIIRS,n,2,291.0,0.77,N,0
17.33602,78.08065,303.72,0.56,0.43,2021-02-26,2004,N20,VIIRS,n,2,289.5,1.56,N,0
17.42406,77.17471,301.25,0.42,0.45,2021-02-26,2004,N20,VIIRS,n,2,290.67,0.71,N,0
17.43029,77.15932,304.47,0.42,0.45,2021-02-26,2004,N20,VIIRS,n,2,289.89,0.87,N,0
17.43338,77.16817,305.83,0.42,0.45,2021-02-26,2004,N20,VIIRS,n,2,292.03,0.97,N,0
17.4473,77.90823,306.69,0.57,0.43,2021-02-26,2004,N20,VIIRS,n,2,288.68,1.54,N,0
17.45127,77.90876,307.7,0.57,0.43,2021-02-26,2004,N20,VIIRS,n,2,286.72,1.41,N,0
17.45773,77.38885,299.11,0.41,0.45,2021-02-26,2004,N20,VIIRS,n,2,288.01,0.85,N,0
17.46585,77.61469,297.52,0.4,0.44,2021-02-26,2004,N20,VIIRS,n,2,286.36,2.91,N,0
17.46989,77.6153,346.0,0.4,0.44,2021-02-26,2004,N20,VIIRS,n,2,290.6,2.91,N,0
17.49337,77.79102,320.27,0.39,0.44,2021-02-26,2004,N20,VIIRS,n,2,290.28,1.0,N,0
17.49737,77.79163,302.8,0.39,0.44,2021-02-26,2004,N20,VIIRS,n,2,289.75,1.0,N,0
17.52238,81.07731,308.8,0.41,0.37,2021-02-26,2004,N20,VIIRS,n,2,298.63,1.84,N,0
17.58372,80.31671,320.75,0.43,0.38,2021-02-26,2004,N20,VIIRS,n,2,295.24,1.79,N,2
17.60871,80.44071,305.54,0.43,0.38,2021-02-26,2004,N20,VIIRS,n,2,295.03,1.12,N,0
17.67757,80.36774,306.08,0.43,0.38,2021-02-26,2004,N20,VIIRS,n,2,293.13,1.43,N,0
17.76379,80.29045,305.35,0.44,0.38,2021-02-26,2004,N20,VIIRS,n,2,294.45,1.43,N,0
17.76435,80.2618,314.49,0.44,0.38,2021-02-26,2004,N20,VIIRS,n,2,293.86,2.01,N,0
17.76727,80.26637,306.09,0.44,0.38,2021-02-26,2004,N20,VIIRS,n,2,293.22,1.44,N,0
17.76731,80.29088,305.21,0.44,0.38,2021-02-26,2004,N20,VIIRS,n,2,294.55,1.83,N,0
17.76845,80.25825,315.2,0.44,0.38,2021-02-26,2004,N20,VIIRS,n,2,295.21,2.01,N,0
17.76963,80.27486,307.75,0.44,0.38,2021-02-26,2004,N20,VIIRS,n,2,293.88,1.78,N,0
17.77319,80.25027,309.61,0.44,0.38,2021-02-26,2004,N20,VIIRS,n,2,295.1,2.47,N,0
17.77735,80.2464,310.16,0.44,0.38,2021-02-26,2004,N20,VIIRS,n,2,294.9,1.62,N,0
17.78498,80.24331,308.82,0.44,0.38,2021-02-26,2004,N20,VIIRS,n,2,295.0,2.37,N,0
17.78785,77.71944,301.25,0.39,0.44,2021-02-26,2004,N20,VIIRS,n,2,290.66,0.65,N,0
17.79933,80.24825,311.08,0.44,0.38,2021-02-26,2004,N20,VIIRS,n,2,295.13,2.42,N,0
17.80286,80.24863,307.57,0.44,0.38,2021-02-26,2004,N20,VIIRS,n,2,294.75,1.31,N,0
17.81575,80.28436,305.36,0.44,0.38,2021-02-26,2004,N20,VIIRS,n,2,295.29,2.11,N,0
17.81926,80.28487,312.21,0.44,0.38,2021-02-26,2004,N20,VIIRS,n,2,295.86,1.35,N,0
17.81983,80.28084,305.03,0.44,0.38,2021-02-26,2004,N20,VIIRS,n,2,294.31,1.35,N,0
17.83387,80.2579,310.28,0.44,0.38,2021-02-26,2004,N20,VIIRS,n,2,295.5,1.9,N,0
17.83445,80.25384,305.92,0.44,0.38,2021-02-26,2004,N20,VIIRS,n,2,295.13,1.79,N,0
17.86154,80.2152,303.81,0.44,0.38,2021-02-26,2004,N20,VIIRS,n,2,289.95,0.47,N,0
17.86447,80.21987,321.58,0.44,0.38,2021-02-26,2004,N20,VIIRS,n,2,291.24,2.18,N,0
17.86506,80.21576,333.28,0.44,0.38,2021-02-26,2004,N20,VIIRS,n,2,292.17,4.16,N,0
17.94886,80.18504,314.66,0.44,0.39,2021-02-26,2004,N20,VIIRS,n,2,295.72,1.38,N,0
17.95239,80.18563,309.62,0.44,0.39,2021-02-26,2004,N20,VIIRS,n,2,295.82,1.38,N,0
17.95298,80.18146,306.26,0.44,0.39,2021-02-26,2004,N20,VIIRS,n,2,295.43,1.38,N,0
17.95591,80.1862,312.34,0.44,0.39,2021-02-26,2004,N20,VIIRS,n,2,296.36,2.1,N,0
17.9565,80.18203,310.43,0.44,0.39,2021-02-26,2004,N20,VIIRS,n,2,295.85,2.1,N,0
17.95828,80.80135,312.59,0.42,0.38,2021-02-26,2004,N20,VIIRS,n,2,297.21,1.88,N,2
17.97416,80.18472,313.06,0.44,0.39,2021-02-26,2004,N20,VIIRS,n,2,295.52,2.14,N,0
18.11576,80.18,305.97,0.44,0.39,2021-02-26,2004,N20,VIIRS,n,2,294.87,1.28,N,0
18.1347,80.19817,309.43,0.44,0.39,2021-02-26,2004,N20,VIIRS,n,2,293.1,1.33,N,0
18.13527,80.19408,307.2,0.44,0.39,2021-02-26,2004,N20,VIIRS,n,2,293.85,2.25,N,0
18.13596,80.78518,308.27,0.42,0.38,2021-02-26,2004,N20,VIIRS,n,2,297.05,1.24,N,0
18.13656,80.78107,308.51,0.42,0.38,2021-02-26,2004,N20,VIIRS,n,2,297.15,1.24,N,0
18.19561,80.02272,307.96,0.45,0.39,2021-02-26,2004,N20,VIIRS,n,2,295.19,2.31,N,0
18.27524,78.01776,306.06,0.38,0.43,2021-02-26,2004,N20,VIIRS,n,2,293.07,0.91,N,0
18.2754,78.91108,305.76,0.51,0.41,2021-02-26,2004,N20,VIIRS,n,2,294.48,1.27,N,0
18.32609,80.60345,314.32,0.43,0.38,2021-02-26,2004,N20,VIIRS,n,2,296.78,2.78,N,0
18.32956,80.6041,307.61,0.43,0.38,2021-02-26,2004,N20,VIIRS,n,2,296.31,1.9,N,0
18.35454,80.57896,306.9,0.43,0.38,2021-02-26,2004,N20,VIIRS,n,2,295.86,1.53,N,0
18.38583,80.72076,313.95,0.43,0.38,2021-02-26,2004,N20,VIIRS,n,2,296.09,1.81,N,0
18.39049,80.71287,307.41,0.43,0.38,2021-02-26,2004,N20,VIIRS,n,2,295.9,1.58,N,0
18.39108,80.70867,315.38,0.43,0.38,2021-02-26,2004,N20,VIIRS,n,2,295.29,1.89,N,0
18.39168,80.70448,325.98,0.43,0.38,2021-02-26,2004,N20,VIIRS,n,2,296.28,1.89,N,0
18.39573,80.70094,304.52,0.43,0.38,2021-02-26,2004,N20,VIIRS,n,2,293.81,1.65,N,0
18.39631,80.69686,326.47,0.43,0.38,2021-02-26,2004,N20,VIIRS,n,2,294.54,1.65,N,0
18.39977,80.69742,322.67,0.43,0.38,2021-02-26,2004,N20,VIIRS,n,2,295.79,1.65,N,0
18.40313,79.68434,306.85,0.47,0.4,2021-02-26,2004,N20,VIIRS,n,2,294.9,1.95,N,0
18.4032,80.57346,305.99,0.43,0.38,2021-02-26,2004,N20,VIIRS,n,2,295.16,1.48,N,0
18.40668,80.57407,305.19,0.43,0.38,2021-02-26,2004,N20,VIIRS,n,2,294.42,1.53,N,0
18.40843,80.5617,316.65,0.43,0.38,2021-02-26,2004,N20,VIIRS,n,2,296.51,3.19,N,0
18.41016,80.57466,316.11,0.43,0.38,2021-02-26,2004,N20,VIIRS,n,2,296.33,1.53,N,0
18.41074,80.57055,311.4,0.43,0.38,2021-02-26,2004,N20,VIIRS,n,2,296.32,2.12,N,0
18.41133,80.56642,313.27,0.43,0.38,2021-02-26,2004,N20,VIIRS,n,2,295.39,2.12,N,0
18.41654,80.75333,306.9,0.43,0.38,2021-02-26,2004,N20,VIIRS,n,2,296.55,1.93,N,0
18.41766,80.69639,309.91,0.43,0.38,2021-02-26,2004,N20,VIIRS,n,2,294.75,0.91,N,0
18.4211,80.69712,309.05,0.43,0.38,2021-02-26,2004,N20,VIIRS,n,2,296.34,0.91,N,0
18.4246,80.74655,307.22,0.43,0.38,2021-02-26,2004,N20,VIIRS,n,2,296.36,2.68,N,0
18.42628,80.7104,306.77,0.43,0.38,2021-02-26,2004,N20,VIIRS,n,2,295.05,1.65,N,0
18.45029,80.54335,315.49,0.43,0.38,2021-02-26,2004,N20,VIIRS,n,2,293.18,3.01,N,0
18.45201,80.55624,304.94,0.43,0.38,2021-02-26,2004,N20,VIIRS,n,2,291.0,1.35,N,0
18.45206,80.53102,307.87,0.43,0.38,2021-02-26,2004,N20,VIIRS,n,2,286.14,1.63,N,0
18.45437,80.5398,306.9,0.43,0.38,2021-02-26,2004,N20,VIIRS,n,2,291.18,1.13,N,0
18.46306,80.55385,316.72,0.43,0.38,2021-02-26,2004,N20,VIIRS,n,2,291.85,1.54,N,0
18.46365,80.54974,304.52,0.43,0.38,2021-02-26,2004,N20,VIIRS,n,2,291.38,1.54,N,0
18.48064,80.70241,305.19,0.43,0.38,2021-02-26,2004,N20,VIIRS,n,2,295.07,1.33,N,0
18.48471,78.58243,305.5,0.54,0.42,2021-02-26,2004,N20,VIIRS,n,2,291.8,1.32,N,0
18.48791,78.58799,314.98,0.54,0.42,2021-02-26,2004,N20,VIIRS,n,2,292.86,2.89,N,0
18.5182,78.47812,314.09,0.55,0.42,2021-02-26,2004,N20,VIIRS,n,2,294.6,2.41,N,0
18.51889,78.47291,319.44,0.55,0.42,2021-02-26,2004,N20,VIIRS,n,2,294.58,2.14,N,0
18.51956,78.46776,306.66,0.55,0.42,2021-02-26,2004,N20,VIIRS,n,2,293.97,2.14,N,0
18.52207,78.47885,304.24,0.55,0.42,2021-02-26,2004,N20,VIIRS,n,2,293.41,1.21,N,0
18.52276,78.47359,308.35,0.55,0.42,2021-02-26,2004,N20,VIIRS,n,2,293.05,1.79,N,0
18.52652,79.02267,301.21,0.51,0.41,2021-02-26,2004,N20,VIIRS,n,2,290.91,1.0,N,0
18.57218,78.09641,314.9,0.38,0.43,2021-02-26,2004,N20,VIIRS,n,2,293.23,1.67,N,0
18.60361,78.85165,303.54,0.52,0.42,2021-02-26,2004,N20,VIIRS,n,2,291.88,1.38,N,0
18.61295,78.57694,303.37,0.54,0.42,2021-02-26,2004,N20,VIIRS,n,2,291.29,0.96,N,0
18.62017,78.75799,313.0,0.53,0.42,2021-02-26,2004,N20,VIIRS,n,2,293.55,2.14,N,0
18.62467,78.75366,303.33,0.53,0.42,2021-02-26,2004,N20,VIIRS,n,2,292.19,1.53,N,0
18.66872,78.63149,310.4,0.54,0.42,2021-02-26,2004,N20,VIIRS,n,2,292.93,1.82,N,0
18.67008,78.6339,303.34,0.54,0.42,2021-02-26,2004,N20,VIIRS,n,2,291.51,1.06,N,0
18.67483,79.44305,310.79,0.49,0.4,2021-02-26,2004,N20,VIIRS,n,2,295.58,3.06,N,0
18.7219,78.02422,313.61,0.39,0.44,2021-02-26,2004,N20,VIIRS,n,2,293.93,1.13,N,0
18.72265,79.50603,325.5,0.48,0.4,2021-02-26,2004,N20,VIIRS,n,2,295.35,3.58,N,0
18.91094,79.35026,309.33,0.49,0.41,2021-02-26,2004,N20,VIIRS,n,2,295.93,2.26,N,0
18.91302,78.9889,307.8,0.52,0.41,2021-02-26,2004,N20,VIIRS,n,2,293.38,3.25,N,0
18.95545,79.38565,304.16,0.49,0.41,2021-02-26,2004,N20,VIIRS,n,2,292.18,2.29,N,0
18.96151,79.39675,329.43,0.49,0.4,2021-02-26,2004,N20,VIIRS,n,2,296.01,6.43,N,0
18.9942,79.36586,306.69,0.5,0.41,2021-02-26,2004,N20,VIIRS,n,2,295.24,1.68,N,0
19.02152,79.30334,323.31,0.5,0.41,2021-02-26,2004,N20,VIIRS,n,2,295.32,3.42,N,0
19.05058,79.37001,307.81,0.5,0.41,2021-02-26,2004,N20,VIIRS,n,2,295.47,3.22,N,0
19.05081,79.28389,312.06,0.5,0.41,2021-02-26,2004,N20,VIIRS,n,2,294.6,2.42,N,0
19.05331,79.29366,313.1,0.5,0.41,2021-02-26,2004,N20,VIIRS,n,2,293.4,1.82,N,0
19.06784,80.28904,308.15,0.45,0.39,2021-02-26,2004,N20,VIIRS,n,2,295.04,2.48,N,0
19.1438,78.76222,303.11,0.53,0.42,2021-02-26,2004,N20,VIIRS,n,2,290.76,1.52,N,0
19.1579,78.56549,309.49,0.55,0.43,2021-02-26,2004,N20,VIIRS,n,2,293.44,1.87,N,0
19.18879,78.79169,323.1,0.53,0.42,2021-02-26,2004,N20,VIIRS,n,2,286.0,2.48,N,0
19.19012,78.7813,302.92,0.53,0.42,2021-02-26,2004,N20,VIIRS,n,2,289.45,1.04,N,0
19.19262,78.79239,312.19,0.53,0.42,2021-02-26,2004,N20,VIIRS,n,2,290.74,2.48,N,0
19.20087,79.11316,318.79,0.51,0.41,2021-02-26,2004,N20,VIIRS,n,2,293.7,2.3,N,0
19.20553,78.78374,305.03,0.53,0.42,2021-02-26,2004,N20,VIIRS,n,2,290.63,1.12,N,0
19.24834,78.72741,308.5,0.54,0.42,2021-02-26,2004,N20,VIIRS,n,2,291.67,1.44,N,0
19.25655,78.84313,308.03,0.53,0.42,2021-02-26,2004,N20,VIIRS,n,2,295.07,3.95,N,0
19.27336,78.74693,302.39,0.54,0.42,2021-02-26,2004,N20,VIIRS,n,2,291.62,1.69,N,0
19.28494,78.74876,313.01,0.54,0.42,2021-02-26,2004,N20,VIIRS,n,2,292.01,1.56,N,0
19.28563,78.74358,312.27,0.54,0.42,2021-02-26,2004,N20,VIIRS,n,2,291.46,1.56,N,0
19.28633,78.73837,308.62,0.54,0.42,2021-02-26,2004,N20,VIIRS,n,2,291.08,1.13,N,0
19.30899,78.50916,301.4,0.56,0.43,2021-02-26,2004,N20,VIIRS,n,2,290.46,0.44,N,0
19.31041,78.64761,303.6,0.55,0.42,2021-02-26,2004,N20,VIIRS,n,2,291.38,0.72,N,0
15.59826,78.90807,303.88,0.48,0.4,2021-02-26,2005,N20,VIIRS,n,2,293.66,1.21,N,0
15.59696,78.89996,332.18,0.51,0.66,2021-02-27,714,N20,VIIRS,l,2,302.35,5.44,D,0
15.59792,78.90461,339.61,0.51,0.66,2021-02-27,714,N20,VIIRS,n,2,303.35,5.44,D,0
15.59966,78.90207,351.68,0.51,0.66,2021-02-27,714,N20,VIIRS,n,2,303.22,9.41,D,0
15.60459,77.28037,338.22,0.65,0.73,2021-02-27,714,N20,VIIRS,n,2,303.99,6.27,D,0
15.65247,78.91539,332.23,0.51,0.66,2021-02-27,714,N20,VIIRS,n,2,301.82,7.78,D,0
15.65318,78.91877,367.0,0.51,0.66,2021-02-27,714,N20,VIIRS,h,2,302.55,12.22,D,0
15.68027,78.05983,347.81,0.58,0.7,2021-02-27,714,N20,VIIRS,n,2,302.79,4.76,D,0
15.72525,79.81456,338.27,0.44,0.62,2021-02-27,714,N20,VIIRS,n,2,303.68,2.7,D,0
15.73476,78.95177,342.79,0.5,0.66,2021-02-27,714,N20,VIIRS,n,2,301.01,4.26,D,0
15.73647,78.94797,342.75,0.5,0.66,2021-02-27,714,N20,VIIRS,n,2,301.37,3.72,D,0
15.74148,78.94225,331.14,0.5,0.66,2021-02-27,714,N20,VIIRS,l,2,301.85,3.72,D,0
15.88556,79.48289,367.0,0.46,0.64,2021-02-27,714,N20,VIIRS,h,2,305.92,8.22,D,0
15.93292,78.93894,335.73,0.5,0.66,2021-02-27,714,N20,VIIRS,n,2,299.33,3.13,D,0
15.93574,78.93633,335.13,0.5,0.66,2021-02-27,714,N20,VIIRS,n,2,299.87,5.47,D,0
16.20254,79.11976,331.13,0.48,0.65,2021-02-27,714,N20,VIIRS,n,2,301.71,2.53,D,0
16.22569,78.91706,334.76,0.49,0.65,2021-02-27,714,N20,VIIRS,n,2,298.21,4.09,D,0
16.23594,78.90699,340.82,0.5,0.65,2021-02-27,714,N20,VIIRS,n,2,298.65,8.92,D,0
16.23994,78.90881,337.1,0.49,0.65,2021-02-27,714,N20,VIIRS,n,2,300.13,8.11,D,0
16.25357,78.91471,331.81,0.49,0.65,2021-02-27,714,N20,VIIRS,n,2,300.78,3.55,D,0
16.25665,78.90027,344.22,0.5,0.65,2021-02-27,714,N20,VIIRS,n,2,300.88,6.63,D,0
16.25755,78.90447,331.83,0.49,0.65,2021-02-27,714,N20,VIIRS,n,2,300.47,4.67,D,0
16.25949,78.90148,342.37,0.5,0.65,2021-02-27,714,N20,VIIRS,n,2,300.13,4.18,D,0
16.28599,77.148,330.05,0.64,0.72,2021-02-27,714,N20,VIIRS,n,2,301.61,4.81,D,0
16.31045,77.99913,332.16,0.57,0.69,2021-02-27,714,N20,VIIRS,n,2,299.41,2.21,D,0
16.3691,78.02943,331.32,0.56,0.69,2021-02-27,714,N20,VIIRS,n,2,302.71,2.55,D,0
16.37249,78.02608,339.58,0.56,0.69,2021-02-27,714,N20,VIIRS,n,2,301.71,8.44,D,0
16.37527,78.02791,347.76,0.56,0.69,2021-02-27,714,N20,VIIRS,n,2,300.41,5.58,D,0
16.64212,80.92808,348.69,0.36,0.57,2021-02-27,714,N20,VIIRS,n,2,303.35,4.32,D,0
16.66791,79.75768,331.72,0.43,0.62,2021-02-27,714,N20,VIIRS,l,2,304.56,1.67,D,0
16.74695,77.66946,337.36,0.58,0.7,2021-02-27,714,N20,VIIRS,n,2,301.26,8.41,D,0
16.74808,77.67457,332.14,0.58,0.7,2021-02-27,714,N20,VIIRS,n,2,299.34,5.77,D,0
16.75126,77.67072,340.82,0.58,0.7,2021-02-27,714,N20,VIIRS,n,2,300.4,9.02,D,0
16.91507,80.42414,341.36,0.38,0.59,2021-02-27,714,N20,VIIRS,n,2,304.68,2.63,D,0
16.95103,78.87065,334.31,0.48,0.65,2021-02-27,714,N20,VIIRS,l,2,308.66,3.58,D,0
17.00474,77.03446,336.35,0.63,0.72,2021-02-27,714,N20,VIIRS,n,2,302.6,6.56,D,0
17.00623,79.45222,342.27,0.44,0.62,2021-02-27,714,N20,VIIRS,n,2,302.51,4.89,D,0
17.00879,79.45107,345.15,0.44,0.62,2021-02-27,714,N20,VIIRS,n,2,305.21,6.8,D,0
17.08636,80.89375,338.11,0.35,0.57,2021-02-27,714,N20,VIIRS,n,2,303.39,2.39,D,0
17.088,80.89307,335.97,0.35,0.57,2021-02-27,714,N20,VIIRS,n,2,300.69,2.24,D,0
17.1524,77.09052,332.23,0.62,0.72,2021-02-27,714,N20,VIIRS,l,2,304.81,2.36,D,0
17.29585,80.47301,347.11,0.37,0.58,2021-02-27,714,N20,VIIRS,n,2,300.78,4.5,D,0
17.34632,78.65891,332.09,0.49,0.65,2021-02-27,714,N20,VIIRS,l,2,304.18,2.88,D,0
17.37186,77.80502,333.99,0.55,0.68,2021-02-27,714,N20,VIIRS,n,2,304.55,3.17,D,0
17.4192,77.64676,340.27,0.57,0.69,2021-02-27,714,N20,VIIRS,n,2,301.62,8.1,D,0
17.42031,77.65176,367.0,0.57,0.69,2021-02-27,714,N20,VIIRS,h,2,302.99,8.1,D,0
17.48623,77.80303,339.31,0.55,0.68,2021-02-27,714,N20,VIIRS,n,2,306.12,5.76,D,0
17.54302,77.83067,334.67,0.55,0.68,2021-02-27,714,N20,VIIRS,l,2,305.87,3.1,D,0
17.54412,77.83183,337.34,0.55,0.68,2021-02-27,714,N20,VIIRS,n,2,306.14,3.02,D,0
17.60132,77.07044,337.59,0.61,0.71,2021-02-27,714,N20,VIIRS,n,2,306.61,4.13,D,0
17.60257,77.07224,333.87,0.61,0.71,2021-02-27,714,N20,VIIRS,l,2,305.96,2.93,D,0
17.6111,77.59215,337.31,0.57,0.69,2021-02-27,714,N20,VIIRS,n,2,307.26,3.42,D,0
17.61235,79.4843,332.5,0.43,0.62,2021-02-27,714,N20,VIIRS,n,2,305.47,2.54,D,0
17.61418,77.59386,334.44,0.57,0.69,2021-02-27,714,N20,VIIRS,l,2,304.95,3.47,D,0
17.61431,80.4346,333.09,0.37,0.58,2021-02-27,714,N20,VIIRS,n,2,303.36,1.26,D,0
17.62521,77.20154,336.15,0.6,0.71,2021-02-27,714,N20,VIIRS,n,2,304.78,4.34,D,0
17.63908,80.4219,330.58,0.37,0.58,2021-02-27,714,N20,VIIRS,l,2,303.85,2.87,D,0
17.64882,77.81873,367.0,0.55,0.68,2021-02-27,714,N20,VIIRS,h,2,308.99,18.43,D,0
17.64933,77.81606,342.4,0.55,0.68,2021-02-27,714,N20,VIIRS,n,2,307.28,12.84,D,0
17.65039,77.82096,367.0,0.55,0.68,2021-02-27,714,N20,VIIRS,h,2,307.91,18.03,D,0
17.6751,77.30452,331.0,0.59,0.7,2021-02-27,714,N20,VIIRS,l,2,303.36,1.99,D,0
17.70987,80.17892,341.46,0.38,0.59,2021-02-27,714,N20,VIIRS,n,2,301.07,5.45,D,0
17.71242,80.17585,331.57,0.38,0.59,2021-02-27,714,N20,VIIRS,n,2,301.43,2.47,D,0
17.71669,80.48225,349.14,0.36,0.58,2021-02-27,714,N20,VIIRS,n,2,304.41,4.28,D,0
17.72827,80.37836,332.65,0.37,0.58,2021-02-27,714,N20,VIIRS,n,2,302.56,5.42,D,0
17.72891,80.38153,354.91,0.37,0.58,2021-02-27,714,N20,VIIRS,n,2,301.91,7.67,D,0
17.74037,80.09634,333.76,0.39,0.59,2021-02-27,714,N20,VIIRS,n,2,300.96,2.6,D,0
17.76135,79.16084,345.43,0.44,0.63,2021-02-27,714,N20,VIIRS,n,2,307.62,8.61,D,0
17.76222,79.16492,344.62,0.44,0.63,2021-02-27,714,N20,VIIRS,n,2,306.3,7.6,D,0
17.76779,78.73928,345.89,0.47,0.64,2021-02-27,714,N20,VIIRS,n,2,307.99,4.3,D,0
17.83015,80.08419,350.4,0.38,0.59,2021-02-27,714,N20,VIIRS,n,2,304.71,3.88,D,0
17.83547,80.08297,346.67,0.38,0.59,2021-02-27,714,N20,VIIRS,n,2,304.24,5.17,D,0
17.84343,79.27074,337.27,0.44,0.62,2021-02-27,714,N20,VIIRS,n,2,304.05,3.11,D,0
17.84606,79.26746,336.29,0.44,0.62,2021-02-27,714,N20,VIIRS,n,2,305.31,2.94,D,0
17.84694,79.27157,333.73,0.43,0.62,2021-02-27,714,N20,VIIRS,n,2,303.64,2.94,D,0
17.849,79.26932,332.67,0.44,0.62,2021-02-27,714,N20,VIIRS,n,2,303.93,3.11,D,0
17.85741,80.215,367.0,0.38,0.58,2021-02-27,714,N20,VIIRS,h,2,307.78,9.01,D,0
17.88177,79.48739,335.52,0.42,0.61,2021-02-27,714,N20,VIIRS,l,2,308.75,5.96,D,0
17.89372,80.46877,333.98,0.36,0.58,2021-02-27,714,N20,VIIRS,n,2,303.26,2.92,D,0
17.90265,80.40681,341.86,0.37,0.58,2021-02-27,714,N20,VIIRS,n,2,304.24,4.61,D,0
17.94463,80.19101,334.19,0.38,0.58,2021-02-27,714,N20,VIIRS,n,2,302.73,5.22,D,0
17.95848,80.15134,334.2,0.38,0.59,2021-02-27,714,N20,VIIRS,n,2,302.98,2.01,D,0
17.9711,80.18546,332.09,0.38,0.58,2021-02-27,714,N20,VIIRS,n,2,301.58,1.12,D,0
17.97393,79.9839,338.98,0.39,0.59,2021-02-27,714,N20,VIIRS,n,2,304.27,4.46,D,0
18.00443,80.26675,331.36,0.37,0.58,2021-02-27,714,N20,VIIRS,l,2,304.77,2.03,D,0
18.00582,79.66605,330.38,0.41,0.6,2021-02-27,714,N20,VIIRS,n,2,302.63,1.98,D,0
18.01065,80.50773,337.52,0.36,0.57,2021-02-27,714,N20,VIIRS,n,2,302.73,2.76,D,0
18.05555,78.86984,334.43,0.46,0.63,2021-02-27,714,N20,VIIRS,n,2,307.0,3.82,D,0
18.10256,79.71787,331.77,0.4,0.6,2021-02-27,714,N20,VIIRS,n,2,302.82,1.17,D,0
18.10731,80.1833,330.58,0.37,0.58,2021-02-27,714,N20,VIIRS,l,2,302.36,2.82,D,0
18.13366,80.20448,337.6,0.37,0.58,2021-02-27,714,N20,VIIRS,n,2,301.89,4.3,D,0
18.13825,80.20004,353.88,0.37,0.58,2021-02-27,714,N20,VIIRS,n,2,304.38,4.3,D,0
18.13891,80.20325,339.3,0.37,0.58,2021-02-27,714,N20,VIIRS,n,2,301.2,4.3,D,0
18.1856,78.57554,332.48,0.48,0.64,2021-02-27,714,N20,VIIRS,n,2,303.32,2.6,D,0
18.19947,80.02222,332.08,0.38,0.59,2021-02-27,714,N20,VIIRS,n,2,301.71,1.54,D,0
18.32368,78.40769,339.44,0.48,0.65,2021-02-27,714,N20,VIIRS,n,2,303.74,3.1,D,0
18.32562,78.40944,332.92,0.48,0.65,2021-02-27,714,N20,VIIRS,n,2,302.49,2.01,D,0
18.32668,78.47668,331.38,0.48,0.65,2021-02-27,714,N20,VIIRS,l,2,303.33,3.54,D,0
18.3785,80.72919,332.05,0.34,0.56,2021-02-27,714,N20,VIIRS,n,2,302.11,1.25,D,0
18.38283,80.72457,340.47,0.34,0.56,2021-02-27,714,N20,VIIRS,n,2,305.1,2.83,D,0
18.38356,80.72807,339.47,0.34,0.56,2021-02-27,714,N20,VIIRS,n,2,303.82,2.94,D,0
18.38408,78.14565,332.93,0.5,0.66,2021-02-27,714,N20,VIIRS,l,2,307.62,4.77,D,0
18.3842,80.73118,333.38,0.34,0.56,2021-02-27,714,N20,VIIRS,n,2,302.8,2.94,D,0
18.38626,79.64761,331.35,0.4,0.6,2021-02-27,714,N20,VIIRS,n,2,303.32,1.93,D,0
18.38644,78.14448,332.77,0.5,0.66,2021-02-27,714,N20,VIIRS,l,2,307.58,3.02,D,0
18.38842,80.70029,339.14,0.34,0.56,2021-02-27,714,N20,VIIRS,n,2,306.74,3.05,D,0
18.39279,80.69576,334.47,0.34,0.56,2021-02-27,714,N20,VIIRS,l,2,306.05,3.05,D,0
18.39716,80.69122,337.25,0.34,0.56,2021-02-27,714,N20,VIIRS,l,2,307.29,6.12,D,0
18.40023,80.68034,367.0,0.34,0.56,2021-02-27,714,N20,VIIRS,h,2,309.09,13.28,D,0
18.40089,80.68358,367.0,0.34,0.56,2021-02-27,714,N20,VIIRS,h,2,310.82,13.28,D,0
18.40156,80.68682,342.08,0.34,0.56,2021-02-27,714,N20,VIIRS,n,2,306.81,6.12,D,0
18.40865,80.69553,337.37,0.34,0.56,2021-02-27,714,N20,VIIRS,n,2,305.65,3.9,D,0
18.41033,80.57332,338.86,0.35,0.57,2021-02-27,714,N20,VIIRS,n,2,304.56,4.22,D,0
18.41375,80.69457,345.19,0.34,0.56,2021-02-27,714,N20,VIIRS,n,2,303.39,3.9,D,0
18.44847,80.55061,330.82,0.35,0.57,2021-02-27,714,N20,VIIRS,l,2,304.64,4.7,D,0
18.44913,80.55391,334.97,0.35,0.57,2021-02-27,714,N20,VIIRS,n,2,303.76,2.91,D,0
18.45007,80.54914,333.37,0.35,0.57,2021-02-27,714,N20,VIIRS,l,2,305.37,4.98,D,0
18.45076,80.55244,339.31,0.35,0.57,2021-02-27,714,N20,VIIRS,n,2,304.57,2.82,D,0
18.4511,80.56374,331.63,0.35,0.57,2021-02-27,714,N20,VIIRS,l,2,303.43,2.4,D,0
18.45403,80.56818,367.0,0.35,0.57,2021-02-27,714,N20,VIIRS,h,2,304.67,6.4,D,0
18.46299,80.55989,338.17,0.35,0.57,2021-02-27,714,N20,VIIRS,n,2,304.81,2.94,D,0
18.46746,80.55566,339.45,0.35,0.57,2021-02-27,714,N20,VIIRS,n,2,306.67,9.41,D,0
18.46808,80.55868,367.0,0.35,0.57,2021-02-27,714,N20,VIIRS,h,2,309.35,9.41,D,0
18.4687,80.56168,339.65,0.35,0.57,2021-02-27,714,N20,VIIRS,n,2,303.59,7.47,D,0
18.47846,78.53401,330.61,0.47,0.64,2021-02-27,714,N20,VIIRS,l,2,305.02,1.3,D,0
18.48283,78.58165,367.0,0.47,0.64,2021-02-27,714,N20,VIIRS,h,2,306.12,15.43,D,0
18.56349,79.62289,367.0,0.4,0.6,2021-02-27,714,N20,VIIRS,h,2,309.03,7.44,D,0
18.56503,79.62315,337.14,0.4,0.6,2021-02-27,714,N20,VIIRS,n,2,307.01,2.25,D,0
18.56768,80.64052,336.97,0.34,0.56,2021-02-27,714,N20,VIIRS,n,2,304.13,2.78,D,0
18.56984,80.64031,336.23,0.34,0.56,2021-02-27,714,N20,VIIRS,n,2,304.67,4.44,D,0
18.57105,80.64636,334.28,0.34,0.56,2021-02-27,714,N20,VIIRS,n,2,303.92,2.51,D,0
18.5734,78.03468,331.79,0.51,0.66,2021-02-27,714,N20,VIIRS,n,2,303.6,3.85,D,0
18.57394,80.64509,333.62,0.34,0.56,2021-02-27,714,N20,VIIRS,l,2,303.69,2.16,D,0
18.57669,78.03165,330.89,0.51,0.66,2021-02-27,714,N20,VIIRS,l,2,301.57,4.43,D,0
18.58372,78.71381,338.63,0.46,0.63,2021-02-27,714,N20,VIIRS,n,2,305.9,5.2,D,0
18.58425,78.71122,338.29,0.46,0.63,2021-02-27,714,N20,VIIRS,n,2,306.6,6.16,D,0
18.60629,79.46958,347.41,0.41,0.6,2021-02-27,714,N20,VIIRS,n,2,308.84,6.47,D,0
18.61252,78.758,343.05,0.45,0.63,2021-02-27,714,N20,VIIRS,n,2,304.89,5.46,D,0
18.61735,78.75943,343.83,0.45,0.63,2021-02-27,714,N20,VIIRS,n,2,304.96,7.35,D,0
18.61823,78.75678,331.79,0.45,0.63,2021-02-27,714,N20,VIIRS,l,2,304.49,3.67,D,0
18.64859,78.96311,337.21,0.44,0.62,2021-02-27,714,N20,VIIRS,n,2,306.09,3.81,D,0
18.64941,78.96701,337.86,0.44,0.62,2021-02-27,714,N20,VIIRS,n,2,305.09,3.81,D,0
18.65161,78.96363,347.0,0.44,0.62,2021-02-27,714,N20,VIIRS,n,2,307.32,3.74,D,0
18.67091,78.66835,332.11,0.46,0.63,2021-02-27,714,N20,VIIRS,n,2,305.19,2.77,D,0
18.67446,79.43999,330.22,0.41,0.6,2021-02-27,714,N20,VIIRS,l,2,304.09,3.81,D,0
18.68237,78.58109,342.11,0.46,0.64,2021-02-27,714,N20,VIIRS,n,2,304.25,3.24,D,0
18.68297,78.58424,343.29,0.46,0.64,2021-02-27,714,N20,VIIRS,n,2,304.33,4.05,D,0
18.6833,78.58531,330.61,0.46,0.64,2021-02-27,714,N20,VIIRS,l,2,304.06,3.24,D,0
18.68785,78.57882,331.4,0.46,0.64,2021-02-27,714,N20,VIIRS,n,2,303.02,4.89,D,0
18.68814,78.5799,353.55,0.46,0.64,2021-02-27,714,N20,VIIRS,n,2,305.06,6.55,D,0
18.68873,78.58297,354.06,0.46,0.64,2021-02-27,714,N20,VIIRS,n,2,306.0,4.89,D,0
18.69449,78.58173,333.73,0.46,0.64,2021-02-27,714,N20,VIIRS,l,2,304.66,4.89,D,0
18.69481,78.58277,330.01,0.46,0.64,2021-02-27,714,N20,VIIRS,l,2,303.49,6.55,D,0
18.71725,79.50713,335.53,0.4,0.6,2021-02-27,714,N20,VIIRS,n,2,308.29,3.59,D,0
18.72813,78.21216,331.83,0.49,0.65,2021-02-27,714,N20,VIIRS,n,2,303.73,2.18,D,0
18.82553,80.3093,335.2,0.36,0.57,2021-02-27,714,N20,VIIRS,n,2,304.64,3.46,D,0
18.87858,79.86101,349.86,0.38,0.59,2021-02-27,714,N20,VIIRS,n,2,309.1,7.46,D,0
18.88388,79.85983,367.0,0.38,0.59,2021-02-27,714,N20,VIIRS,h,2,309.63,7.46,D,0
18.88454,81.48094,331.92,0.59,0.53,2021-02-27,714,N20,VIIRS,n,2,305.2,3.79,D,0
18.91234,79.34573,333.78,0.41,0.61,2021-02-27,714,N20,VIIRS,l,2,306.67,2.85,D,0
18.93735,79.00567,355.35,0.43,0.62,2021-02-27,714,N20,VIIRS,n,2,308.34,5.12,D,0
18.93822,79.00972,342.59,0.43,0.62,2021-02-27,714,N20,VIIRS,n,2,306.13,5.12,D,0
18.93969,79.39404,355.61,0.41,0.6,2021-02-27,714,N20,VIIRS,n,2,308.93,5.12,D,0
18.94049,79.39783,342.68,0.41,0.6,2021-02-27,714,N20,VIIRS,n,2,308.63,5.12,D,0
18.94128,79.40163,345.57,0.41,0.6,2021-02-27,714,N20,VIIRS,n,2,309.22,6.3,D,0
18.94296,79.00452,340.78,0.43,0.62,2021-02-27,714,N20,VIIRS,n,2,308.05,5.12,D,0
18.94383,79.0086,336.71,0.43,0.62,2021-02-27,714,N20,VIIRS,n,2,307.58,5.12,D,0
18.94638,80.13208,367.0,0.36,0.58,2021-02-27,714,N20,VIIRS,h,2,307.69,6.1,D,0
18.95065,80.10024,338.71,0.36,0.58,2021-02-27,714,N20,VIIRS,n,2,304.54,6.01,D,0
18.95133,80.10352,335.45,0.36,0.58,2021-02-27,714,N20,VIIRS,n,2,304.15,3.66,D,0
18.95529,79.38684,337.38,0.41,0.6,2021-02-27,714,N20,VIIRS,n,2,309.75,1.98,D,0
18.95614,79.3876,336.65,0.41,0.6,2021-02-27,714,N20,VIIRS,n,2,308.35,2.64,D,0
18.95724,78.98928,336.55,0.43,0.62,2021-02-27,714,N20,VIIRS,l,2,307.83,4.21,D,0
18.95894,78.99726,336.55,0.43,0.62,2021-02-27,714,N20,VIIRS,l,2,310.39,9.87,D,0
18.96287,78.98824,343.89,0.43,0.62,2021-02-27,714,N20,VIIRS,n,2,309.64,4.21,D,0
18.97897,80.10545,345.75,0.36,0.58,2021-02-27,714,N20,VIIRS,n,2,304.84,5.06,D,0
18.98779,79.40211,342.59,0.4,0.6,2021-02-27,714,N20,VIIRS,n,2,306.85,5.62,D,0
18.99277,79.37209,334.28,0.41,0.6,2021-02-27,714,N20,VIIRS,l,2,307.28,4.17,D,0
18.99319,79.40068,334.15,0.4,0.6,2021-02-27,714,N20,VIIRS,n,2,305.83,5.62,D,0
18.99389,79.40398,367.0,0.4,0.6,2021-02-27,714,N20,VIIRS,h,2,311.43,5.62,D,0
18.99455,79.40706,333.84,0.4,0.6,2021-02-27,714,N20,VIIRS,n,2,307.78,5.67,D,0
19.01204,79.30147,333.47,0.41,0.61,2021-02-27,714,N20,VIIRS,l,2,306.86,3.49,D,0
19.01264,79.385,331.7,0.41,0.6,2021-02-27,714,N20,VIIRS,l,2,305.63,2.27,D,0
19.01282,79.30515,336.94,0.41,0.61,2021-02-27,714,N20,VIIRS,l,2,307.41,3.49,D,0
19.01605,79.32036,340.73,0.41,0.61,2021-02-27,714,N20,VIIRS,n,2,308.15,3.89,D,0
19.02098,79.91546,367.0,0.37,0.58,2021-02-27,714,N20,VIIRS,h,2,314.55,8.92,D,0
19.02383,79.30301,344.62,0.41,0.61,2021-02-27,714,N20,VIIRS,n,2,308.15,4.23,D,0
19.03865,79.29179,333.96,0.41,0.61,2021-02-27,714,N20,VIIRS,l,2,307.04,2.09,D,0
19.04334,79.28684,347.54,0.41,0.61,2021-02-27,714,N20,VIIRS,n,2,310.57,6.46,D,0
19.04409,79.29044,346.82,0.41,0.61,2021-02-27,714,N20,VIIRS,n,2,311.39,6.46,D,0
19.04484,79.29398,337.62,0.41,0.61,2021-02-27,714,N20,VIIRS,n,2,308.53,4.86,D,0
19.14194,80.05032,344.5,0.36,0.58,2021-02-27,714,N20,VIIRS,n,2,305.45,3.52,D,0
19.15086,80.04083,330.94,0.36,0.58,2021-02-27,714,N20,VIIRS,l,2,304.24,2.36,D,0
19.15927,80.10717,330.19,0.36,0.57,2021-02-27,714,N20,VIIRS,l,2,303.55,3.05,D,0
19.15957,80.03027,334.75,0.37,0.58,2021-02-27,714,N20,VIIRS,l,2,306.43,3.76,D,0
19.34537,80.8844,334.06,0.32,0.54,2021-02-27,714,N20,VIIRS,n,2,303.83,2.37,D,0
18.98652,78.97346,333.67,0.43,0.62,2021-02-27,715,N20,VIIRS,n,2,306.68,2.42,D,0
18.9971,78.91432,332.28,0.43,0.62,2021-02-27,715,N20,VIIRS,l,2,307.05,4.68,D,0
18.99784,78.91774,337.09,0.43,0.62,2021-02-27,715,N20,VIIRS,n,2,307.05,5.36,D,0
19.03853,79.29169,338.64,0.41,0.61,2021-02-27,715,N20,VIIRS,n,2,307.82,4.92,D,0
19.0432,79.28677,347.46,0.41,0.61,2021-02-27,715,N20,VIIRS,n,2,310.08,4.92,D,0
19.04398,79.29036,343.79,0.41,0.61,2021-02-27,715,N20,VIIRS,n,2,310.67,4.92,D,0
19.06562,78.53594,333.64,0.46,0.63,2021-02-27,715,N20,VIIRS,l,2,307.65,3.86,D,0
19.10237,77.79701,339.98,0.51,0.66,2021-02-27,715,N20,VIIRS,n,2,308.54,4.59,D,0
19.10674,78.67088,341.21,0.45,0.63,2021-02-27,715,N20,VIIRS,n,2,309.61,4.16,D,0
19.12386,78.8054,332.19,0.44,0.62,2021-02-27,715,N20,VIIRS,l,2,304.4,3.03,D,0
19.14184,78.7682,342.18,0.44,0.62,2021-02-27,715,N20,VIIRS,n,2,306.62,8.63,D,0
19.14521,78.76729,337.1,0.44,0.62,2021-02-27,715,N20,VIIRS,l,2,307.95,7.92,D,0
19.14803,79.56307,336.7,0.39,0.59,2021-02-27,715,N20,VIIRS,l,2,311.24,3.29,D,0
19.15364,78.75135,332.88,0.44,0.63,2021-02-27,715,N20,VIIRS,l,2,307.64,4.94,D,0
19.15566,78.5603,367.0,0.46,0.63,2021-02-27,715,N20,VIIRS,h,2,308.73,7.86,D,0
19.17537,78.7981,331.35,0.44,0.62,2021-02-27,715,N20,VIIRS,n,2,303.7,1.22,D,0
19.17796,78.79809,351.12,0.44,0.62,2021-02-27,715,N20,VIIRS,n,2,306.16,4.94,D,0
19.18936,78.76918,340.62,0.44,0.62,2021-02-27,715,N20,VIIRS,n,2,306.95,3.99,D,0
19.19033,78.80068,339.17,0.44,0.62,2021-02-27,715,N20,VIIRS,n,2,305.68,5.41,D,0
19.19513,78.79565,349.45,0.44,0.62,2021-02-27,715,N20,VIIRS,n,2,306.86,7.11,D,0
19.19662,79.11784,355.28,0.42,0.61,2021-02-27,715,N20,VIIRS,n,2,309.51,7.11,D,0
19.20218,79.11685,333.22,0.42,0.61,2021-02-27,715,N20,VIIRS,l,2,307.24,3.5,D,0
19.21895,78.37888,332.33,0.47,0.64,2021-02-27,715,N20,VIIRS,l,2,307.25,2.84,D,0
19.2375,78.51784,344.72,0.46,0.63,2021-02-27,715,N20,VIIRS,n,2,308.58,3.07,D,0
19.23754,78.46339,340.65,0.46,0.64,2021-02-27,715,N20,VIIRS,n,2,311.4,3.32,D,0
19.23834,78.52164,332.51,0.46,0.63,2021-02-27,715,N20,VIIRS,l,2,307.08,3.07,D,0
19.27371,78.74958,336.7,0.44,0.62,2021-02-27,715,N20,VIIRS,n,2,306.0,3.79,D,0
19.27461,78.75383,367.0,0.44,0.62,2021-02-27,715,N20,VIIRS,h,2,305.92,3.79,D,0
19.2758,78.74628,340.44,0.44,0.62,2021-02-27,715,N20,VIIRS,n,2,307.5,5.98,D,0
19.27674,78.75053,367.0,0.44,0.62,2021-02-27,715,N20,VIIRS,h,2,308.52,7.98,D,0
19.27769,78.75487,351.77,0.44,0.62,2021-02-27,715,N20,VIIRS,n,2,305.86,7.98,D,0
19.28333,78.75364,336.27,0.44,0.62,2021-02-27,715,N20,VIIRS,n,2,308.67,6.92,D,0
19.28428,78.75797,367.0,0.44,0.62,2021-02-27,715,N20,VIIRS,h,2,306.62,7.54,D,0
19.30232,78.51283,333.68,0.46,0.63,2021-02-27,715,N20,VIIRS,l,2,306.7,1.98,D,0
19.32653,78.4825,336.23,0.46,0.63,2021-02-27,715,N20,VIIRS,n,2,308.43,1.72,D,0
19.36397,78.67902,349.96,0.44,0.63,2021-02-27,715,N20,VIIRS,n,2,309.84,5.77,D,0
19.3674,78.67767,339.39,0.44,0.63,2021-02-27,715,N20,VIIRS,n,2,309.24,6.55,D,0
19.37613,79.15335,335.72,0.41,0.61,2021-02-27,715,N20,VIIRS,n,2,306.59,2.04,D,0
19.39828,79.09581,331.78,0.42,0.61,2021-02-27,715,N20,VIIRS,l,2,306.6,3.11,D,0
19.43166,80.59259,336.0,0.33,0.55,2021-02-27,715,N20,VIIRS,n,2,307.29,2.34,D,0
19.51662,79.37852,336.45,0.4,0.6,2021-02-27,715,N20,VIIRS,n,2,308.16,2.1,D,0
19.54146,79.33616,339.38,0.4,0.6,2021-02-27,715,N20,VIIRS,l,2,309.67,2.58,D,0
19.5469,79.33514,343.78,0.4,0.6,2021-02-27,715,N20,VIIRS,n,2,309.22,2.58,D,0
19.54719,78.60152,337.02,0.44,0.63,2021-02-27,715,N20,VIIRS,n,2,306.95,3.49,D,0
19.54996,79.32295,334.4,0.4,0.6,2021-02-27,715,N20,VIIRS,l,2,308.26,1.66,D,0
19.63043,77.35447,334.79,0.53,0.67,2021-02-27,715,N20,VIIRS,l,2,309.53,2.79,D,0
19.6833,79.84959,334.14,0.37,0.58,2021-02-27,715,N20,VIIRS,n,2,306.3,2.08,D,0
19.72422,77.40309,336.86,0.53,0.67,2021-02-27,715,N20,VIIRS,n,2,306.71,6.18,D,0
19.78316,79.80486,346.27,0.37,0.58,2021-02-27,715,N20,VIIRS,n,2,308.64,2.62,D,0
19.84095,81.17822,331.64,0.6,0.53,2021-02-27,715,N20,VIIRS,n,2,302.62,2.06,D,0
19.84746,78.57153,339.54,0.44,0.62,2021-02-27,715,N20,VIIRS,n,2,312.38,2.34,D,0
19.9388,78.29333,343.66,0.46,0.63,2021-02-27,715,N20,VIIRS,n,2,311.26,3.18,D,0
15.68926,78.87259,344.77,0.73,0.76,2021-02-27,854,N20,VIIRS,n,2,296.11,7.34,D,0
16.22073,78.88827,349.91,0.75,0.77,2021-02-27,854,N20,VIIRS,n,2,296.71,11.92,D,0
16.22533,78.88755,355.98,0.75,0.77,2021-02-27,854,N20,VIIRS,n,2,298.19,22.98,D,0
16.22836,78.8935,330.23,0.75,0.77,2021-02-27,854,N20,VIIRS,n,2,296.51,8.75,D,0
16.63214,77.41428,332.55,0.6,0.71,2021-02-27,854,N20,VIIRS,n,2,298.3,7.43,D,0
17.15207,78.16898,367.0,0.69,0.74,2021-02-27,855,N20,VIIRS,h,2,301.04,23.27,D,0
17.15271,78.1664,367.0,0.69,0.74,2021-02-27,855,N20,VIIRS,h,2,301.51,13.08,D,0
17.15329,78.17299,332.94,0.69,0.74,2021-02-27,855,N20,VIIRS,n,2,299.22,13.08,D,0
17.37981,77.60871,343.8,0.63,0.72,2021-02-27,855,N20,VIIRS,n,2,300.81,7.22,D,0
17.46486,77.12067,332.7,0.59,0.7,2021-02-27,855,N20,VIIRS,n,2,306.15,10.06,D,0
17.46535,77.12041,337.96,0.59,0.7,2021-02-27,855,N20,VIIRS,n,2,306.31,10.86,D,0
17.46537,77.12592,367.0,0.59,0.7,2021-02-27,855,N20,VIIRS,h,2,309.47,10.06,D,0
17.46583,77.12566,367.0,0.59,0.7,2021-02-27,855,N20,VIIRS,h,2,309.16,10.86,D,0
17.52285,77.79723,330.0,0.65,0.73,2021-02-27,855,N20,VIIRS,l,2,302.6,3.36,D,0
17.54092,77.73964,330.78,0.65,0.73,2021-02-27,855,N20,VIIRS,l,2,305.28,3.94,D,0
17.73419,77.33138,345.1,0.61,0.71,2021-02-27,855,N20,VIIRS,n,2,307.34,8.36,D,0
17.78799,77.48185,335.26,0.63,0.72,2021-02-27,855,N20,VIIRS,n,2,302.4,3.21,D,0
17.79257,77.48062,332.73,0.63,0.72,2021-02-27,855,N20,VIIRS,l,2,302.78,1.93,D,0
17.81687,77.60624,342.2,0.64,0.72,2021-02-27,855,N20,VIIRS,n,2,305.06,4.3,D,0
17.81977,77.60688,341.13,0.64,0.72,2021-02-27,855,N20,VIIRS,n,2,305.57,5.55,D,0
18.27268,77.55968,343.0,0.64,0.72,2021-02-27,855,N20,VIIRS,n,2,309.06,9.09,D,0
18.34766,78.52934,330.65,0.75,0.77,2021-02-27,855,N20,VIIRS,n,2,300.18,4.03,D,0
18.38733,77.1525,335.91,0.61,0.71,2021-02-27,855,N20,VIIRS,l,2,309.63,3.8,D,0
18.38796,77.15362,334.89,0.61,0.71,2021-02-27,855,N20,VIIRS,l,2,309.45,3.51,D,0
18.48153,77.0274,335.09,0.6,0.7,2021-02-27,855,N20,VIIRS,l,2,308.59,5.11,D,0
18.48804,77.02686,345.52,0.6,0.7,2021-02-27,855,N20,VIIRS,n,2,308.47,5.11,D,0
18.48813,77.02706,342.81,0.6,0.7,2021-02-27,855,N20,VIIRS,n,2,308.32,9.32,D,0
18.56679,77.17414,354.71,0.61,0.71,2021-02-27,855,N20,VIIRS,n,2,309.32,8.59,D,0
18.57149,78.03564,331.52,0.7,0.75,2021-02-27,855,N20,VIIRS,n,2,303.04,4.59,D,0
18.60943,78.5655,330.23,0.75,0.77,2021-02-27,855,N20,VIIRS,l,2,302.32,7.56,D,0
18.61343,78.56726,340.2,0.76,0.77,2021-02-27,855,N20,VIIRS,n,2,301.83,6.54,D,0
19.14765,78.77402,344.88,0.79,0.78,2021-02-27,855,N20,VIIRS,n,2,302.29,16.32,D,0
19.14977,78.771,339.19,0.79,0.78,2021-02-27,855,N20,VIIRS,n,2,303.23,11.47,D,0
19.17806,78.78986,367.0,0.79,0.78,2021-02-27,855,N20,VIIRS,h,2,306.3,29.73,D,0
19.17983,78.81174,356.37,0.79,0.78,2021-02-27,855,N20,VIIRS,n,2,303.83,13.61,D,0
19.18007,78.7868,367.0,0.79,0.78,2021-02-27,855,N20,VIIRS,h,2,305.05,17.79,D,0
19.18062,78.79409,347.27,0.79,0.78,2021-02-27,855,N20,VIIRS,n,2,303.47,17.79,D,0
19.18172,78.80867,367.0,0.79,0.78,2021-02-27,855,N20,VIIRS,h,2,306.31,23.43,D,0
19.18641,78.803,354.75,0.79,0.78,2021-02-27,855,N20,VIIRS,n,2,306.62,22.92,D,0
19.18706,78.81094,353.48,0.79,0.78,2021-02-27,855,N20,VIIRS,n,2,302.89,21.9,D,0
19.18892,78.80749,367.0,0.79,0.78,2021-02-27,855,N20,VIIRS,h,2,304.62,24.97,D,0
19.22808,78.52126,353.3,0.76,0.77,2021-02-27,855,N20,VIIRS,n,2,304.6,10.74,D,0
19.23185,78.52258,367.0,0.76,0.77,2021-02-27,855,N20,VIIRS,h,2,305.01,20.75,D,0
19.23525,78.52105,367.0,0.76,0.77,2021-02-27,855,N20,VIIRS,h,2,303.98,10.74,D,0
19.27237,78.75626,332.6,0.79,0.78,2021-02-27,855,N20,VIIRS,n,2,302.48,8.9,D,0
19.27427,78.46796,334.85,0.76,0.77,2021-02-27,855,N20,VIIRS,n,2,303.7,3.01,D,0
19.27435,78.75477,334.3,0.79,0.78,2021-02-27,855,N20,VIIRS,n,2,303.08,9.91,D,0
19.28426,77.53497,333.07,0.66,0.73,2021-02-27,855,N20,VIIRS,l,2,305.37,4.8,D,0
19.28829,77.53473,339.3,0.66,0.73,2021-02-27,855,N20,VIIRS,n,2,306.68,4.79,D,0
19.31223,78.77416,330.05,0.79,0.78,2021-02-27,855,N20,VIIRS,n,2,304.22,1.97,D,0
19.57671,77.15868,354.5,0.63,0.72,2021-02-27,855,N20,VIIRS,n,2,307.92,12.77,D,0
19.58078,77.15301,334.73,0.63,0.72,2021-02-27,855,N20,VIIRS,l,2,308.46,4.33,D,0
19.58127,77.15889,337.01,0.63,0.72,2021-02-27,855,N20,VIIRS,n,2,305.89,4.33,D,0
19.62779,78.62329,338.36,0.78,0.78,2021-02-27,855,N20,VIIRS,n,2,305.36,4.46,D,0
19.63502,78.62295,341.98,0.78,0.78,2021-02-27,855,N20,VIIRS,n,2,305.55,5.99,D,0
19.65271,78.38939,333.87,0.75,0.77,2021-02-27,855,N20,VIIRS,l,2,306.4,3.29,D,0
19.6649,78.72766,336.29,0.79,0.78,2021-02-27,855,N20,VIIRS,n,2,304.2,3.2,D,0
19.60883,80.12523,303.27,0.59,0.53,2021-02-27,1944,N20,VIIRS,n,2,293.07,1.44,N,0
19.78992,79.14824,310.21,0.34,0.56,2021-02-27,1944,N20,VIIRS,n,2,296.22,1.68,N,2
19.82889,77.95396,308.49,0.41,0.61,2021-02-27,1944,N20,VIIRS,n,2,293.9,2.75,N,0
19.92117,79.1123,311.34,0.34,0.56,2021-02-27,1944,N20,VIIRS,n,2,295.31,1.05,N,2
19.96237,79.33301,317.89,0.33,0.56,2021-02-27,1944,N20,VIIRS,n,2,290.54,1.28,N,2
19.96749,79.33364,308.95,0.33,0.56,2021-02-27,1944,N20,VIIRS,n,2,290.55,0.6,N,2
16.21677,78.93799,303.92,0.32,0.54,2021-02-27,1945,N20,VIIRS,n,2,291.39,0.93,N,0
16.22135,78.94241,312.07,0.32,0.54,2021-02-27,1945,N20,VIIRS,n,2,292.65,0.93,N,0
16.22159,78.94039,310.16,0.64,0.54,2021-02-27,1945,N20,VIIRS,n,2,292.82,3.25,N,0
16.26949,78.92191,306.14,0.32,0.55,2021-02-27,1945,N20,VIIRS,n,2,293.29,0.58,N,0
16.61253,79.76435,302.4,0.57,0.52,2021-02-27,1945,N20,VIIRS,n,2,291.88,0.68,N,0
16.87413,80.02307,306.67,0.55,0.51,2021-02-27,1945,N20,VIIRS,n,2,296.19,1.2,N,0
17.14754,78.2238,306.91,0.37,0.58,2021-02-27,1945,N20,VIIRS,n,2,291.24,0.92,N,2
17.14889,78.22442,306.11,0.36,0.58,2021-02-27,1945,N20,VIIRS,n,2,291.16,0.88,N,2
17.33657,77.48286,305.12,0.41,0.61,2021-02-27,1945,N20,VIIRS,n,2,293.94,0.9,N,0
17.58419,80.31718,313.62,0.54,0.51,2021-02-27,1945,N20,VIIRS,n,2,294.87,1.62,N,2
17.71638,78.23254,301.5,0.37,0.58,2021-02-27,1945,N20,VIIRS,n,2,290.94,0.45,N,0
17.83128,80.2793,307.27,0.54,0.51,2021-02-27,1945,N20,VIIRS,n,2,295.33,2.07,N,0
17.93808,80.24228,308.88,0.55,0.51,2021-02-27,1945,N20,VIIRS,n,2,295.65,3.01,N,0
18.13091,80.17823,308.08,0.56,0.51,2021-02-27,1945,N20,VIIRS,n,2,296.2,2.66,N,0
18.30946,80.76395,309.41,0.51,0.5,2021-02-27,1945,N20,VIIRS,n,2,295.65,2.04,N,0
18.31353,80.76858,329.76,0.51,0.5,2021-02-27,1945,N20,VIIRS,n,2,297.57,2.04,N,0
18.31407,80.76412,305.29,0.51,0.5,2021-02-27,1945,N20,VIIRS,n,2,295.18,2.04,N,0
18.3817,80.70531,307.2,0.52,0.5,2021-02-27,1945,N20,VIIRS,n,2,294.84,1.34,N,0
18.38229,80.70021,310.15,0.52,0.5,2021-02-27,1945,N20,VIIRS,n,2,293.63,1.34,N,0
18.3974,80.73006,305.35,0.52,0.5,2021-02-27,1945,N20,VIIRS,n,2,294.4,0.99,N,0
18.4137,80.55035,313.2,0.53,0.5,2021-02-27,1945,N20,VIIRS,n,2,296.04,3.35,N,0
18.42049,80.57271,309.04,0.53,0.5,2021-02-27,1945,N20,VIIRS,n,2,295.24,1.67,N,0
18.42449,80.57868,306.87,0.53,0.5,2021-02-27,1945,N20,VIIRS,n,2,295.06,1.67,N,0
18.4362,80.55886,307.09,0.53,0.5,2021-02-27,1945,N20,VIIRS,n,2,295.84,1.98,N,0
18.4387,80.73409,304.9,0.52,0.5,2021-02-27,1945,N20,VIIRS,n,2,293.21,1.47,N,0
18.4738,80.55886,314.2,0.53,0.5,2021-02-27,1945,N20,VIIRS,n,2,294.82,2.12,N,0
18.47437,80.55412,311.63,0.53,0.5,2021-02-27,1945,N20,VIIRS,n,2,294.58,2.01,N,0
18.47499,80.54897,308.0,0.53,0.5,2021-02-27,1945,N20,VIIRS,n,2,294.72,2.01,N,0
18.47901,80.55465,316.98,0.53,0.5,2021-02-27,1945,N20,VIIRS,n,2,294.53,2.75,N,0
18.48822,78.58031,304.76,0.36,0.57,2021-02-27,1945,N20,VIIRS,n,2,293.21,1.29,N,0
18.49849,80.70296,308.72,0.52,0.5,2021-02-27,1945,N20,VIIRS,n,2,295.34,2.62,N,0
18.50023,80.68797,304.63,0.52,0.5,2021-02-27,1945,N20,VIIRS,n,2,294.4,2.19,N,0
18.52588,80.54788,306.77,0.53,0.5,2021-02-27,1945,N20,VIIRS,n,2,294.94,2.48,N,0
18.54247,78.31087,305.41,0.38,0.58,2021-02-27,1945,N20,VIIRS,n,2,294.94,1.16,N,0
18.55144,80.6496,305.72,0.53,0.5,2021-02-27,1945,N20,VIIRS,n,2,294.41,1.86,N,0
18.56592,80.6459,310.74,0.53,0.5,2021-02-27,1945,N20,VIIRS,n,2,295.38,2.41,N,0
18.59925,78.53986,307.1,0.36,0.58,2021-02-27,1945,N20,VIIRS,n,2,294.44,1.34,N,0
18.60032,79.61208,306.32,0.62,0.54,2021-02-27,1945,N20,VIIRS,n,2,295.8,2.82,N,0
18.60182,79.61359,310.48,0.62,0.54,2021-02-27,1945,N20,VIIRS,n,2,296.22,4.13,N,0
18.60459,78.58133,306.66,0.36,0.57,2021-02-27,1945,N20,VIIRS,n,2,294.11,1.53,N,0
18.60536,78.5818,305.82,0.36,0.57,2021-02-27,1945,N20,VIIRS,n,2,293.95,1.3,N,0
18.66607,79.44152,308.43,0.63,0.54,2021-02-27,1945,N20,VIIRS,n,2,295.19,2.9,N,0
18.66673,79.43562,306.99,0.63,0.54,2021-02-27,1945,N20,VIIRS,n,2,295.4,2.89,N,0
18.67949,78.87237,305.82,0.35,0.56,2021-02-27,1945,N20,VIIRS,n,2,293.75,0.99,N,0
18.68077,78.87335,306.88,0.35,0.56,2021-02-27,1945,N20,VIIRS,n,2,294.28,0.99,N,0
18.71994,79.50706,313.0,0.63,0.54,2021-02-27,1945,N20,VIIRS,n,2,293.4,1.41,N,0
18.72428,79.50864,311.36,0.63,0.54,2021-02-27,1945,N20,VIIRS,n,2,295.49,1.91,N,0
18.72827,78.0202,304.16,0.39,0.6,2021-02-27,1945,N20,VIIRS,n,2,293.88,0.93,N,0
18.73741,79.29635,308.79,0.32,0.55,2021-02-27,1945,N20,VIIRS,n,2,294.94,1.28,N,0
18.78261,78.86572,304.58,0.35,0.56,2021-02-27,1945,N20,VIIRS,n,2,294.51,1.14,N,0
18.90229,78.99099,305.33,0.34,0.56,2021-02-27,1945,N20,VIIRS,n,2,293.96,1.06,N,0
18.91598,79.342,312.66,0.32,0.55,2021-02-27,1945,N20,VIIRS,n,2,297.3,2.42,N,0
18.94616,80.10418,308.15,0.58,0.52,2021-02-27,1945,N20,VIIRS,n,2,297.37,3.15,N,0
18.95532,80.15086,306.83,0.57,0.52,2021-02-27,1945,N20,VIIRS,n,2,296.44,3.3,N,0
18.95587,80.14715,307.63,0.57,0.52,2021-02-27,1945,N20,VIIRS,n,2,296.4,4.72,N,0
18.96072,80.14619,307.44,0.57,0.52,2021-02-27,1945,N20,VIIRS,n,2,296.51,3.9,N,0
18.97019,79.39979,309.98,0.32,0.55,2021-02-27,1945,N20,VIIRS,n,2,296.66,2.08,N,0
18.97093,80.14214,307.95,0.57,0.52,2021-02-27,1945,N20,VIIRS,n,2,297.09,4.55,N,0
18.98052,80.09999,309.48,0.58,0.52,2021-02-27,1945,N20,VIIRS,n,2,296.05,2.39,N,0
18.98101,80.09798,308.2,0.58,0.52,2021-02-27,1945,N20,VIIRS,n,2,294.93,2.58,N,0
18.98872,78.96766,305.0,0.34,0.56,2021-02-27,1945,N20,VIIRS,n,2,292.71,0.8,N,0
18.98963,79.40865,331.51,0.32,0.55,2021-02-27,1945,N20,VIIRS,n,2,297.69,2.32,N,0
18.98992,79.40604,322.83,0.32,0.55,2021-02-27,1945,N20,VIIRS,n,2,297.07,4.81,N,0
18.99011,78.96767,305.1,0.34,0.56,2021-02-27,1945,N20,VIIRS,n,2,292.2,0.93,N,0
18.99472,79.40877,309.69,0.32,0.55,2021-02-27,1945,N20,VIIRS,n,2,296.66,2.32,N,0
18.9959,79.39802,305.8,0.32,0.55,2021-02-27,1945,N20,VIIRS,n,2,295.71,2.08,N,0
19.00334,79.33022,313.57,0.33,0.55,2021-02-27,1945,N20,VIIRS,n,2,296.8,2.16,N,0
19.00769,79.3838,306.8,0.32,0.55,2021-02-27,1945,N20,VIIRS,n,2,295.56,1.11,N,0
19.0081,79.33356,307.14,0.32,0.55,2021-02-27,1945,N20,VIIRS,n,2,296.62,0.93,N,0
19.00839,79.33089,308.94,0.33,0.55,2021-02-27,1945,N20,VIIRS,n,2,295.97,0.93,N,0
19.03476,77.63466,299.79,0.42,0.61,2021-02-27,1945,N20,VIIRS,n,2,287.6,0.49,N,0
19.0372,77.63548,298.8,0.42,0.61,2021-02-27,1945,N20,VIIRS,n,2,287.57,0.54,N,0
19.04583,79.36292,303.9,0.32,0.55,2021-02-27,1945,N20,VIIRS,n,2,293.67,1.54,N,0
19.06575,79.45589,311.32,0.32,0.55,2021-02-27,1945,N20,VIIRS,n,2,295.03,1.32,N,0
19.11784,77.77075,302.29,0.41,0.61,2021-02-27,1945,N20,VIIRS,n,2,290.11,0.59,N,0
19.11913,78.79885,306.3,0.35,0.57,2021-02-27,1945,N20,VIIRS,n,2,295.07,2.03,N,0
19.11961,78.79628,306.56,0.35,0.57,2021-02-27,1945,N20,VIIRS,n,2,294.22,0.86,N,0
19.12484,78.79713,308.92,0.35,0.57,2021-02-27,1945,N20,VIIRS,n,2,292.65,0.86,N,0
19.12975,78.80106,306.1,0.35,0.57,2021-02-27,1945,N20,VIIRS,n,2,293.65,1.02,N,0
19.14295,78.77647,311.31,0.36,0.57,2021-02-27,1945,N20,VIIRS,n,2,296.36,1.42,N,0
19.14815,78.77768,314.41,0.36,0.57,2021-02-27,1945,N20,VIIRS,n,2,296.67,1.42,N,0
19.1485,78.77431,306.55,0.36,0.57,2021-02-27,1945,N20,VIIRS,n,2,295.95,2.88,N,0
19.14923,80.02719,315.77,0.59,0.53,2021-02-27,1945,N20,VIIRS,n,2,296.65,4.73,N,0
19.14993,80.02105,333.73,0.59,0.53,2021-02-27,1945,N20,VIIRS,n,2,295.78,4.73,N,0
19.15409,80.02763,324.27,0.59,0.53,2021-02-27,1945,N20,VIIRS,n,2,296.83,3.81,N,0
19.15479,80.02151,315.55,0.59,0.53,2021-02-27,1945,N20,VIIRS,n,2,295.15,3.81,N,0
19.16769,80.20827,308.4,0.57,0.52,2021-02-27,1945,N20,VIIRS,n,2,296.02,5.02,N,0
19.17349,78.7897,303.67,0.35,0.57,2021-02-27,1945,N20,VIIRS,n,2,292.72,0.6,N,0
19.17584,78.8176,307.54,0.35,0.57,2021-02-27,1945,N20,VIIRS,n,2,294.54,1.06,N,0
19.18109,78.81819,307.81,0.35,0.57,2021-02-27,1945,N20,VIIRS,n,2,294.09,1.29,N,0
19.18543,80.09587,308.27,0.58,0.52,2021-02-27,1945,N20,VIIRS,n,2,294.38,2.27,N,0
19.18868,80.06077,306.01,0.59,0.53,2021-02-27,1945,N20,VIIRS,n,2,295.35,2.73,N,0
19.18928,80.0553,308.61,0.59,0.53,2021-02-27,1945,N20,VIIRS,n,2,297.18,2.73,N,0
19.18954,80.06061,311.57,0.59,0.52,2021-02-27,1945,N20,VIIRS,n,2,296.34,4.58,N,0
19.1897,80.09636,307.15,0.58,0.52,2021-02-27,1945,N20,VIIRS,n,2,294.78,3.6,N,0
19.19031,80.09596,305.11,0.58,0.52,2021-02-27,1945,N20,VIIRS,n,2,294.72,2.27,N,0
19.19458,80.09644,302.91,0.58,0.52,2021-02-27,1945,N20,VIIRS,n,2,292.84,2.13,N,0
19.19849,78.8047,308.25,0.35,0.57,2021-02-27,1945,N20,VIIRS,n,2,296.08,2.41,N,0
19.19884,78.80143,310.5,0.35,0.57,2021-02-27,1945,N20,VIIRS,n,2,296.37,2.2,N,0
19.20156,78.77622,307.21,0.36,0.57,2021-02-27,1945,N20,VIIRS,n,2,293.89,1.62,N,0
19.20162,78.57463,306.04,0.37,0.58,2021-02-27,1945,N20,VIIRS,n,2,295.62,1.76,N,0
19.20194,78.77277,322.41,0.36,0.57,2021-02-27,1945,N20,VIIRS,n,2,293.56,2.04,N,0
19.20644,78.78046,306.11,0.36,0.57,2021-02-27,1945,N20,VIIRS,n,2,293.61,1.55,N,0
19.20681,78.77697,322.91,0.36,0.57,2021-02-27,1945,N20,VIIRS,n,2,295.56,1.55,N,0
19.20719,78.77351,310.64,0.36,0.57,2021-02-27,1945,N20,VIIRS,n,2,293.29,1.78,N,0
19.20926,80.05191,312.13,0.59,0.53,2021-02-27,1945,N20,VIIRS,n,2,293.87,2.98,N,0
19.21416,78.85583,312.84,0.35,0.57,2021-02-27,1945,N20,VIIRS,n,2,290.61,0.92,N,0
19.21448,78.8555,312.28,0.35,0.57,2021-02-27,1945,N20,VIIRS,n,2,290.55,1.06,N,0
19.21656,78.73623,301.75,0.36,0.57,2021-02-27,1945,N20,VIIRS,n,2,291.25,0.49,N,0
19.23041,78.60818,305.05,0.37,0.58,2021-02-27,1945,N20,VIIRS,n,2,293.85,2.44,N,0
19.23078,78.60471,337.78,0.37,0.58,2021-02-27,1945,N20,VIIRS,n,2,294.95,2.44,N,0
19.24949,78.72218,313.93,0.36,0.57,2021-02-27,1945,N20,VIIRS,n,2,292.18,2.14,N,0
19.24985,78.7187,334.34,0.36,0.57,2021-02-27,1945,N20,VIIRS,n,2,293.51,2.14,N,0
19.25478,78.72269,305.3,0.36,0.57,2021-02-27,1945,N20,VIIRS,n,2,290.96,1.2,N,0
19.26877,78.8437,304.6,0.35,0.57,2021-02-27,1945,N20,VIIRS,n,2,293.06,1.11,N,0
19.27506,78.57824,303.18,0.37,0.58,2021-02-27,1945,N20,VIIRS,n,2,292.97,0.71,N,0
19.27544,78.57455,303.4,0.37,0.58,2021-02-27,1945,N20,VIIRS,n,2,291.42,0.71,N,0
19.27862,79.91627,306.33,0.6,0.53,2021-02-27,1945,N20,VIIRS,n,2,295.82,4.31,N,0
19.28026,77.03012,308.86,0.47,0.64,2021-02-27,1945,N20,VIIRS,n,2,288.72,0.95,N,0
19.28143,77.03152,305.38,0.46,0.64,2021-02-27,1945,N20,VIIRS,n,2,288.69,1.24,N,0
19.29335,78.66139,320.59,0.36,0.58,2021-02-27,1945,N20,VIIRS,n,2,292.28,1.42,N,0
19.29736,78.51962,308.7,0.37,0.58,2021-02-27,1945,N20,VIIRS,n,2,289.8,0.8,N,0
19.29864,78.66219,312.66,0.36,0.58,2021-02-27,1945,N20,VIIRS,n,2,292.97,1.42,N,0
19.29901,78.65865,303.96,0.36,0.58,2021-02-27,1945,N20,VIIRS,n,2,291.09,1.78,N,0
19.3032,78.66984,309.96,0.36,0.58,2021-02-27,1945,N20,VIIRS,n,2,292.42,1.44,N,0
19.30357,78.66641,324.95,0.36,0.58,2021-02-27,1945,N20,VIIRS,n,2,293.13,1.97,N,0
19.30853,78.67028,311.96,0.36,0.58,2021-02-27,1945,N20,VIIRS,n,2,292.24,1.44,N,0
19.3087,78.7688,305.43,0.36,0.57,2021-02-27,1945,N20,VIIRS,n,2,290.44,1.25,N,0
19.30889,78.66686,304.91,0.36,0.58,2021-02-27,1945,N20,VIIRS,n,2,291.47,1.97,N,0
19.37581,79.9129,306.65,0.6,0.53,2021-02-27,1945,N20,VIIRS,n,2,295.93,4.25,N,0
19.37826,79.15864,311.68,0.34,0.56,2021-02-27,1945,N20,VIIRS,n,2,295.26,1.39,N,0
19.37861,79.15536,314.25,0.34,0.56,2021-02-27,1945,N20,VIIRS,n,2,295.58,1.39,N,0
19.37898,79.15206,308.68,0.34,0.56,2021-02-27,1945,N20,VIIRS,n,2,294.86,2.1,N,0
19.38553,79.13983,305.15,0.34,0.56,2021-02-27,1945,N20,VIIRS,n,2,294.85,1.35,N,0
19.3907,79.14033,314.54,0.34,0.56,2021-02-27,1945,N20,VIIRS,n,2,295.6,1.46,N,0
19.39102,79.13738,314.65,0.34,0.56,2021-02-27,1945,N20,VIIRS,n,2,295.23,1.46,N,0
19.39137,79.13419,322.75,0.34,0.56,2021-02-27,1945,N20,VIIRS,n,2,295.33,1.77,N,0
19.39173,79.13094,317.54,0.34,0.56,2021-02-27,1945,N20,VIIRS,n,2,295.13,1.77,N,0
19.39233,79.21949,304.53,0.33,0.56,2021-02-27,1945,N20,VIIRS,n,2,292.91,1.14,N,0
19.39308,79.07109,315.52,0.34,0.56,2021-02-27,1945,N20,VIIRS,n,2,295.03,2.09,N,0
19.39309,79.1375,306.85,0.34,0.56,2021-02-27,1945,N20,VIIRS,n,2,294.51,1.4,N,0
19.39341,79.13433,321.9,0.34,0.56,2021-02-27,1945,N20,VIIRS,n,2,295.73,1.34,N,0
19.39375,79.13109,308.43,0.34,0.56,2021-02-27,1945,N20,VIIRS,n,2,294.34,1.34,N,0
19.40341,79.07246,311.44,0.34,0.56,2021-02-27,1945,N20,VIIRS,n,2,294.88,1.87,N,0
19.40378,79.06912,322.93,0.34,0.56,2021-02-27,1945,N20,VIIRS,n,2,294.83,2.1,N,0
19.40501,79.07249,307.43,0.34,0.56,2021-02-27,1945,N20,VIIRS,n,2,295.52,2.38,N,0
19.40536,79.06908,320.78,0.34,0.56,2021-02-27,1945,N20,VIIRS,n,2,295.43,2.67,N,0
19.51587,79.37823,307.48,0.33,0.55,2021-02-27,1945,N20,VIIRS,n,2,295.34,2.36,N,0
19.52166,79.37221,308.42,0.33,0.55,2021-02-27,1945,N20,VIIRS,n,2,295.1,2.69,N,0
19.53168,78.41454,310.66,0.38,0.59,2021-02-27,1945,N20,VIIRS,n,2,290.44,0.62,N,0
19.53708,78.41526,302.28,0.38,0.59,2021-02-27,1945,N20,VIIRS,n,2,291.32,0.62,N,0
19.55493,79.25494,303.76,0.33,0.56,2021-02-27,1945,N20,VIIRS,n,2,293.36,1.17,N,0
19.55944,79.26125,307.6,0.33,0.56,2021-02-27,1945,N20,VIIRS,n,2,293.3,0.82,N,0
19.56041,79.25233,309.64,0.33,0.56,2021-02-27,1945,N20,VIIRS,n,2,293.32,0.98,N,0
19.57333,78.62241,310.88,0.37,0.58,2021-02-27,1945,N20,VIIRS,n,2,293.82,1.6,N,0
19.63735,78.78249,305.39,0.36,0.57,2021-02-27,1945,N20,VIIRS,n,2,291.24,1.09,N,0
19.63745,79.2359,302.28,0.34,0.56,2021-02-27,1945,N20,VIIRS,n,2,291.71,0.59,N,0
19.64193,78.7823,303.7,0.36,0.57,2021-02-27,1945,N20,VIIRS,n,2,292.91,1.09,N,0
19.64267,78.78281,304.34,0.36,0.57,2021-02-27,1945,N20,VIIRS,n,2,293.15,1.07,N,0
19.64387,78.77165,307.36,0.36,0.57,2021-02-27,1945,N20,VIIRS,n,2,294.2,0.99,N,0
19.64796,78.77551,313.69,0.36,0.57,2021-02-27,1945,N20,VIIRS,n,2,295.67,3.18,N,0
19.64833,78.77182,312.16,0.36,0.57,2021-02-27,1945,N20,VIIRS,n,2,294.44,2.11,N,0
19.64874,78.7761,309.11,0.36,0.57,2021-02-27,1945,N20,VIIRS,n,2,295.37,2.81,N,0
19.64914,78.77248,305.33,0.36,0.57,2021-02-27,1945,N20,VIIRS,n,2,294.78,0.99,N,0
19.67395,78.73055,302.9,0.36,0.58,2021-02-27,1945,N20,VIIRS,n,2,291.82,0.24,N,0
19.70721,79.21652,306.91,0.34,0.56,2021-02-27,1945,N20,VIIRS,n,2,294.46,0.9,N,0
19.71673,77.38956,305.61,0.45,0.63,2021-02-27,1945,N20,VIIRS,n,2,289.8,2.3,N,0
19.73435,78.29372,308.59,0.39,0.59,2021-02-27,1945,N20,VIIRS,n,2,292.65,0.74,N,0
19.83013,77.95448,306.51,0.41,0.61,2021-02-27,1945,N20,VIIRS,n,2,293.93,1.85,N,0
15.60764,78.96966,307.72,0.62,0.54,2021-02-27,1946,N20,VIIRS,n,2,293.14,2.5,N,0
15.6118,78.93427,331.62,0.63,0.54,2021-02-27,1946,N20,VIIRS,n,2,293.83,6.89,N,0
15.6125,78.97123,323.33,0.62,0.54,2021-02-27,1946,N20,VIIRS,n,2,293.82,5.94,N,0
15.69903,77.17474,304.99,0.41,0.61,2021-02-27,1946,N20,VIIRS,n,2,292.17,0.86,N,0
16.03534,78.83501,312.62,0.32,0.55,2021-02-27,1946,N20,VIIRS,n,2,293.4,0.98,N,0
16.03574,78.83148,307.79,0.32,0.55,2021-02-27,1946,N20,VIIRS,n,2,292.96,1.43,N,0
16.04038,78.83559,314.17,0.32,0.55,2021-02-27,1946,N20,VIIRS,n,2,293.13,0.98,N,0
16.10186,78.61523,305.25,0.33,0.56,2021-02-27,1946,N20,VIIRS,n,2,293.69,0.83,N,0
16.12598,78.54199,306.78,0.34,0.56,2021-02-27,1946,N20,VIIRS,n,2,293.1,1.06,N,0
16.42616,80.75727,340.02,0.76,0.77,2021-02-28,655,N20,VIIRS,n,2,299.56,8.13,D,0
17.87577,80.05125,349.54,0.79,0.78,2021-02-28,655,N20,VIIRS,n,2,299.4,12.16,D,0
17.88182,80.20181,340.29,0.77,0.77,2021-02-28,655,N20,VIIRS,n,2,310.01,14.27,D,0
17.88351,80.20898,354.61,0.77,0.77,2021-02-28,655,N20,VIIRS,n,2,309.47,19.49,D,0
17.93301,80.23849,333.91,0.76,0.77,2021-02-28,655,N20,VIIRS,l,2,304.68,7.06,D,0
17.93332,80.23355,333.4,0.76,0.77,2021-02-28,655,N20,VIIRS,l,2,304.27,4.27,D,0
17.9349,80.1852,337.48,0.77,0.77,2021-02-28,655,N20,VIIRS,n,2,306.6,8.36,D,0
17.93553,80.18015,337.28,0.77,0.77,2021-02-28,655,N20,VIIRS,n,2,306.28,12.79,D,0
18.00175,80.21925,351.52,0.76,0.77,2021-02-28,655,N20,VIIRS,n,2,306.41,18.45,D,0
18.00342,80.22632,347.73,0.76,0.77,2021-02-28,655,N20,VIIRS,n,2,306.82,21.38,D,0
18.30364,80.76246,331.05,0.69,0.75,2021-02-28,656,N20,VIIRS,l,2,305.16,7.89,D,0
18.37454,80.76327,343.04,0.69,0.74,2021-02-28,656,N20,VIIRS,n,2,303.88,11.26,D,0
18.41426,80.69008,337.84,0.7,0.75,2021-02-28,656,N20,VIIRS,n,2,305.51,6.11,D,0
18.41573,80.68837,339.83,0.7,0.75,2021-02-28,656,N20,VIIRS,n,2,305.72,11.93,D,0
18.4162,80.69857,338.66,0.7,0.75,2021-02-28,656,N20,VIIRS,n,2,304.64,6.11,D,0
18.4177,80.69673,344.94,0.7,0.75,2021-02-28,656,N20,VIIRS,n,2,304.12,11.43,D,0
18.42105,80.68881,334.68,0.7,0.75,2021-02-28,656,N20,VIIRS,n,2,304.5,6.11,D,0
18.4298,80.6879,335.16,0.7,0.75,2021-02-28,656,N20,VIIRS,n,2,301.91,9.14,D,0
18.47269,80.56683,330.21,0.71,0.75,2021-02-28,656,N20,VIIRS,l,2,303.0,5.51,D,0
18.56485,80.64931,330.56,0.7,0.75,2021-02-28,656,N20,VIIRS,n,2,304.86,4.8,D,0
18.63612,80.46063,367.0,0.71,0.75,2021-02-28,656,N20,VIIRS,h,2,303.84,19.32,D,0
18.63753,80.4608,349.72,0.71,0.75,2021-02-28,656,N20,VIIRS,n,2,302.48,10.38,D,0
18.92303,80.1149,330.73,0.74,0.76,2021-02-28,656,N20,VIIRS,l,2,303.01,3.18,D,0
19.77118,81.08067,355.59,0.62,0.71,2021-02-28,656,N20,VIIRS,n,2,305.75,24.2,D,0
19.77165,81.08137,367.0,0.62,0.71,2021-02-28,656,N20,VIIRS,h,2,306.48,28.36,D,0
19.77242,81.08602,331.3,0.62,0.71,2021-02-28,656,N20,VIIRS,n,2,298.8,16.12,D,0
19.78575,81.47411,331.75,0.58,0.7,2021-02-28,656,N20,VIIRS,n,2,304.85,2.6,D,0
19.89291,80.67812,331.6,0.65,0.73,2021-02-28,656,N20,VIIRS,l,2,305.51,5.3,D,0
15.55229,79.09289,342.57,0.36,0.58,2021-02-28,835,N20,VIIRS,n,2,311.92,3.32,D,0
15.60153,78.96762,336.12,0.36,0.57,2021-02-28,835,N20,VIIRS,l,2,309.99,4.1,D,0
15.60247,78.97594,353.85,0.36,0.57,2021-02-28,835,N20,VIIRS,n,2,308.69,9.38,D,0
15.60323,78.98267,338.22,0.36,0.57,2021-02-28,835,N20,VIIRS,n,2,309.03,7.63,D,0
15.60839,78.98105,352.26,0.36,0.57,2021-02-28,835,N20,VIIRS,n,2,310.34,7.63,D,0
15.60879,78.9846,367.0,0.36,0.57,2021-02-28,835,N20,VIIRS,h,2,312.05,7.63,D,0
15.60921,78.9883,338.34,0.36,0.57,2021-02-28,835,N20,VIIRS,n,2,307.46,6.78,D,0
15.61236,78.92226,333.39,0.35,0.57,2021-02-28,835,N20,VIIRS,l,2,308.16,2.63,D,0
15.61399,78.98336,333.21,0.36,0.57,2021-02-28,835,N20,VIIRS,n,2,308.18,3.35,D,0
15.61479,78.99034,355.15,0.36,0.57,2021-02-28,835,N20,VIIRS,n,2,307.05,7.54,D,0
15.62081,78.90325,367.0,0.35,0.57,2021-02-28,835,N20,VIIRS,h,2,313.21,12.46,D,0
15.62643,78.90583,336.94,0.35,0.57,2021-02-28,835,N20,VIIRS,n,2,310.41,3.73,D,0
15.63638,78.89998,336.72,0.35,0.57,2021-02-28,835,N20,VIIRS,l,2,307.17,2.29,D,0
15.63664,78.89913,342.81,0.35,0.57,2021-02-28,835,N20,VIIRS,n,2,307.84,4.76,D,0
15.63726,78.90751,335.4,0.35,0.57,2021-02-28,835,N20,VIIRS,l,2,308.66,6.31,D,0
15.63746,78.90665,335.54,0.35,0.57,2021-02-28,835,N20,VIIRS,l,2,308.68,7.4,D,0
15.63987,78.92985,340.22,0.36,0.57,2021-02-28,835,N20,VIIRS,n,2,310.09,2.6,D,0
15.63991,78.92914,341.04,0.36,0.57,2021-02-28,835,N20,VIIRS,n,2,310.55,2.35,D,0
15.64103,77.30964,349.28,0.55,0.51,2021-02-28,835,N20,VIIRS,n,2,313.6,10.02,D,0
15.64154,78.89861,337.14,0.35,0.57,2021-02-28,835,N20,VIIRS,n,2,305.14,2.29,D,0
15.64299,78.82055,339.75,0.35,0.57,2021-02-28,835,N20,VIIRS,n,2,307.85,4.46,D,0
15.64384,78.81966,340.67,0.35,0.57,2021-02-28,835,N20,VIIRS,n,2,308.58,2.69,D,0
15.64417,78.82263,335.28,0.35,0.57,2021-02-28,835,N20,VIIRS,l,2,307.17,2.69,D,0
15.6494,78.82207,334.37,0.35,0.57,2021-02-28,835,N20,VIIRS,l,2,305.14,3.34,D,0
15.69322,78.2611,344.83,0.32,0.55,2021-02-28,835,N20,VIIRS,l,2,316.59,5.57,D,0
15.69737,79.0624,367.0,0.36,0.58,2021-02-28,835,N20,VIIRS,h,2,313.89,7.61,D,0
15.69775,79.06585,367.0,0.36,0.58,2021-02-28,835,N20,VIIRS,h,2,312.76,7.61,D,0
15.69813,79.06924,339.57,0.36,0.58,2021-02-28,835,N20,VIIRS,n,2,312.8,7.04,D,0
15.71723,78.9529,351.23,0.36,0.57,2021-02-28,835,N20,VIIRS,n,2,310.7,8.13,D,0
15.73684,79.07835,367.0,0.36,0.58,2021-02-28,835,N20,VIIRS,h,2,313.06,4.75,D,0
15.73724,79.08189,340.99,0.36,0.58,2021-02-28,835,N20,VIIRS,n,2,311.01,4.75,D,0
15.75675,78.87859,346.34,0.35,0.57,2021-02-28,835,N20,VIIRS,n,2,310.98,5.64,D,0
15.75682,78.88042,367.0,0.35,0.57,2021-02-28,835,N20,VIIRS,h,2,311.53,4.28,D,0
15.75716,78.88231,367.0,0.35,0.57,2021-02-28,835,N20,VIIRS,h,2,310.03,5.64,D,0
15.75728,78.88428,343.76,0.35,0.57,2021-02-28,835,N20,VIIRS,n,2,306.82,4.28,D,0
15.7623,78.88065,334.72,0.35,0.57,2021-02-28,835,N20,VIIRS,n,2,307.15,2.7,D,0
15.79771,78.28564,345.58,0.32,0.55,2021-02-28,835,N20,VIIRS,n,2,314.76,4.72,D,0
15.80242,78.28202,350.61,0.32,0.55,2021-02-28,835,N20,VIIRS,n,2,316.42,3.85,D,0
15.81669,77.14742,343.59,0.54,0.51,2021-02-28,835,N20,VIIRS,l,2,317.78,13.16,D,0
15.84554,78.95675,367.0,0.36,0.57,2021-02-28,835,N20,VIIRS,h,2,312.04,13.51,D,0
15.8459,78.95996,354.24,0.36,0.57,2021-02-28,835,N20,VIIRS,n,2,312.31,23.15,D,0
15.85084,78.9563,337.24,0.36,0.57,2021-02-28,835,N20,VIIRS,n,2,307.22,13.51,D,0
15.85123,78.95972,355.06,0.36,0.57,2021-02-28,835,N20,VIIRS,n,2,317.64,23.15,D,0
15.85135,79.49655,346.48,0.39,0.59,2021-02-28,835,N20,VIIRS,n,2,309.1,8.19,D,0
15.85175,79.50024,354.82,0.39,0.59,2021-02-28,835,N20,VIIRS,n,2,310.01,8.19,D,0
15.85215,79.50395,354.13,0.39,0.59,2021-02-28,835,N20,VIIRS,n,2,312.6,5.89,D,0
15.85602,79.48858,367.0,0.39,0.59,2021-02-28,835,N20,VIIRS,h,2,311.25,10.41,D,0
15.85642,79.4922,367.0,0.39,0.59,2021-02-28,835,N20,VIIRS,h,2,309.99,10.41,D,0
15.85803,79.507,337.93,0.39,0.59,2021-02-28,835,N20,VIIRS,l,2,311.73,5.89,D,0
15.86458,79.6187,338.8,0.4,0.6,2021-02-28,835,N20,VIIRS,l,2,310.97,3.78,D,0
15.95321,79.15596,344.82,0.37,0.58,2021-02-28,835,N20,VIIRS,n,2,313.23,7.48,D,0
15.95364,79.35713,337.24,0.38,0.59,2021-02-28,835,N20,VIIRS,l,2,312.19,3.43,D,0
15.95442,78.92913,332.94,0.36,0.57,2021-02-28,835,N20,VIIRS,l,2,307.27,1.3,D,0
15.96304,79.14684,352.18,0.37,0.58,2021-02-28,835,N20,VIIRS,n,2,312.14,5.31,D,0
15.97294,79.00684,339.8,0.36,0.58,2021-02-28,835,N20,VIIRS,n,2,306.87,2.32,D,0
15.97423,79.00804,335.32,0.36,0.58,2021-02-28,835,N20,VIIRS,l,2,307.12,2.65,D,0
16.02222,78.96639,344.21,0.36,0.58,2021-02-28,835,N20,VIIRS,n,2,305.79,4.09,D,0
16.03508,78.84325,335.42,0.35,0.57,2021-02-28,835,N20,VIIRS,l,2,309.89,3.8,D,0
16.04561,78.74995,343.95,0.35,0.57,2021-02-28,835,N20,VIIRS,n,2,310.28,6.74,D,0
16.04602,78.75349,367.0,0.35,0.57,2021-02-28,835,N20,VIIRS,h,2,311.7,6.74,D,0
16.04635,78.74903,338.14,0.35,0.57,2021-02-28,835,N20,VIIRS,n,2,310.08,6.69,D,0
16.04642,78.75691,349.95,0.35,0.57,2021-02-28,835,N20,VIIRS,n,2,312.51,4.69,D,0
16.04674,78.75256,367.0,0.35,0.57,2021-02-28,835,N20,VIIRS,h,2,312.43,6.69,D,0
16.04711,78.75603,341.92,0.35,0.57,2021-02-28,835,N20,VIIRS,n,2,312.17,4.85,D,0
16.05159,78.75588,347.6,0.35,0.57,2021-02-28,835,N20,VIIRS,n,2,311.6,4.69,D,0
16.05199,78.75933,353.67,0.35,0.57,2021-02-28,835,N20,VIIRS,n,2,311.56,4.69,D,0
16.05229,78.755,344.52,0.35,0.57,2021-02-28,835,N20,VIIRS,n,2,310.42,4.85,D,0
16.05267,78.75847,367.0,0.35,0.57,2021-02-28,835,N20,VIIRS,h,2,311.52,4.85,D,0
16.05657,77.04575,342.72,0.54,0.51,2021-02-28,835,N20,VIIRS,n,2,310.4,5.26,D,0
16.08166,77.07106,338.63,0.54,0.51,2021-02-28,835,N20,VIIRS,l,2,312.21,9.57,D,0
16.08298,77.06809,336.76,0.54,0.51,2021-02-28,835,N20,VIIRS,l,2,310.41,2.73,D,0
16.08493,79.53597,335.83,0.4,0.6,2021-02-28,835,N20,VIIRS,n,2,306.19,1.99,D,0
16.08799,78.64816,335.82,0.34,0.56,2021-02-28,835,N20,VIIRS,n,2,308.06,7.24,D,0
16.08833,78.65121,367.0,0.35,0.56,2021-02-28,835,N20,VIIRS,h,2,311.87,7.24,D,0
16.08869,78.65436,346.24,0.35,0.56,2021-02-28,835,N20,VIIRS,n,2,306.85,6.31,D,0
16.09239,78.64053,353.87,0.34,0.56,2021-02-28,835,N20,VIIRS,n,2,312.83,17.29,D,0
16.09275,78.64373,367.0,0.34,0.56,2021-02-28,835,N20,VIIRS,h,2,311.91,17.29,D,0
16.09311,78.64693,367.0,0.34,0.56,2021-02-28,835,N20,VIIRS,h,2,312.48,7.24,D,0
16.09348,78.65019,337.61,0.35,0.56,2021-02-28,835,N20,VIIRS,n,2,312.19,7.24,D,0
16.09352,78.60398,336.29,0.34,0.56,2021-02-28,835,N20,VIIRS,l,2,307.88,3.57,D,0
16.09385,78.65353,338.61,0.35,0.56,2021-02-28,835,N20,VIIRS,n,2,310.87,6.31,D,0
16.10391,77.23736,354.92,0.55,0.51,2021-02-28,835,N20,VIIRS,n,2,320.41,23.34,D,0
16.10544,77.23497,344.35,0.56,0.51,2021-02-28,835,N20,VIIRS,l,2,318.29,17.67,D,0
16.11762,78.54012,339.74,0.34,0.56,2021-02-28,835,N20,VIIRS,n,2,304.92,4.05,D,0
16.12202,78.85736,341.03,0.36,0.57,2021-02-28,835,N20,VIIRS,n,2,309.27,3.69,D,0
16.12242,78.86092,340.99,0.36,0.57,2021-02-28,835,N20,VIIRS,n,2,308.82,9.87,D,0
16.12695,78.85371,335.72,0.36,0.57,2021-02-28,835,N20,VIIRS,l,2,309.91,3.69,D,0
16.12983,78.53749,333.21,0.34,0.56,2021-02-28,835,N20,VIIRS,l,2,305.22,4.38,D,0
16.13193,78.8506,354.33,0.36,0.57,2021-02-28,835,N20,VIIRS,n,2,311.98,7.99,D,0
16.13227,78.85366,346.87,0.36,0.57,2021-02-28,835,N20,VIIRS,n,2,311.12,6.63,D,0
16.1328,78.53582,331.86,0.34,0.56,2021-02-28,835,N20,VIIRS,l,2,303.2,3.03,D,0
16.13312,78.53863,343.13,0.34,0.56,2021-02-28,835,N20,VIIRS,n,2,304.8,3.03,D,0
16.16118,77.38252,343.21,0.57,0.52,2021-02-28,835,N20,VIIRS,n,2,316.71,7.87,D,0
16.18766,79.20238,341.3,0.38,0.58,2021-02-28,835,N20,VIIRS,n,2,306.39,5.82,D,0
16.18807,79.20604,334.82,0.38,0.59,2021-02-28,835,N20,VIIRS,n,2,305.85,5.33,D,0
16.22081,78.88482,340.38,0.36,0.57,2021-02-28,835,N20,VIIRS,n,2,311.83,2.67,D,0
16.25727,78.87605,352.72,0.36,0.57,2021-02-28,835,N20,VIIRS,n,2,309.08,11.48,D,0
16.25767,78.87958,367.0,0.36,0.57,2021-02-28,835,N20,VIIRS,h,2,311.98,11.48,D,0
16.25809,78.88322,351.75,0.36,0.57,2021-02-28,835,N20,VIIRS,n,2,311.52,4.81,D,0
16.25849,78.88685,335.63,0.36,0.57,2021-02-28,835,N20,VIIRS,l,2,309.15,4.81,D,0
16.27283,78.91863,341.54,0.36,0.57,2021-02-28,835,N20,VIIRS,n,2,311.47,2.61,D,0
16.27324,78.92227,342.09,0.36,0.58,2021-02-28,835,N20,VIIRS,n,2,310.7,2.61,D,0
16.30986,79.24627,354.76,0.38,0.59,2021-02-28,835,N20,VIIRS,n,2,315.34,19.55,D,0
16.31028,79.24998,367.0,0.38,0.59,2021-02-28,835,N20,VIIRS,h,2,318.91,29.06,D,0
16.3121,79.24601,352.91,0.38,0.59,2021-02-28,835,N20,VIIRS,n,2,315.18,14.98,D,0
16.31249,79.24972,367.0,0.38,0.59,2021-02-28,835,N20,VIIRS,h,2,317.34,19.99,D,0
16.34302,79.34508,344.53,0.39,0.59,2021-02-28,835,N20,VIIRS,n,2,314.45,3.11,D,0
16.34454,79.34493,346.53,0.39,0.59,2021-02-28,835,N20,VIIRS,n,2,315.53,5.53,D,0
16.38854,79.0951,343.29,0.37,0.58,2021-02-28,835,N20,VIIRS,n,2,310.8,2.75,D,0
16.40601,77.56229,341.28,0.59,0.53,2021-02-28,835,N20,VIIRS,n,2,309.17,8.09,D,0
16.40823,78.99644,367.0,0.37,0.58,2021-02-28,835,N20,VIIRS,h,2,313.25,8.04,D,0
16.40984,78.99594,355.41,0.37,0.58,2021-02-28,835,N20,VIIRS,n,2,312.15,6.32,D,0
16.40992,77.68071,344.23,0.6,0.53,2021-02-28,835,N20,VIIRS,n,2,311.51,13.88,D,0
16.41023,78.99938,339.64,0.37,0.58,2021-02-28,835,N20,VIIRS,l,2,312.36,6.23,D,0
16.50856,78.10004,346.01,0.32,0.55,2021-02-28,835,N20,VIIRS,n,2,310.16,3.0,D,0
16.50887,78.09909,335.81,0.32,0.55,2021-02-28,835,N20,VIIRS,l,2,309.6,2.89,D,0
16.51725,78.13272,345.17,0.32,0.55,2021-02-28,835,N20,VIIRS,n,2,313.02,3.68,D,0
16.51804,77.27682,346.59,0.57,0.52,2021-02-28,835,N20,VIIRS,n,2,312.33,8.41,D,0
16.63418,79.6504,334.49,0.41,0.61,2021-02-28,835,N20,VIIRS,l,2,307.42,3.34,D,0
16.63935,79.64594,335.36,0.41,0.61,2021-02-28,835,N20,VIIRS,l,2,307.55,6.59,D,0
16.63977,79.64983,334.38,0.41,0.61,2021-02-28,835,N20,VIIRS,l,2,307.24,3.34,D,0
16.66048,79.73734,346.22,0.41,0.61,2021-02-28,835,N20,VIIRS,n,2,305.52,3.27,D,0
16.66129,79.74487,336.89,0.42,0.61,2021-02-28,835,N20,VIIRS,n,2,306.83,5.98,D,0
16.78112,80.15053,335.75,0.44,0.63,2021-02-28,835,N20,VIIRS,n,2,304.29,2.68,D,0
16.51868,77.2747,346.38,0.57,0.52,2021-02-28,836,N20,VIIRS,n,2,314.6,6.33,D,0
16.5812,77.39748,347.81,0.58,0.52,2021-02-28,836,N20,VIIRS,n,2,314.81,12.19,D,0
16.64546,77.40899,344.54,0.58,0.52,2021-02-28,836,N20,VIIRS,l,2,317.85,10.45,D,0
16.6456,77.40617,345.64,0.58,0.52,2021-02-28,836,N20,VIIRS,n,2,318.53,10.07,D,0
16.65186,78.01624,332.69,0.32,0.54,2021-02-28,836,N20,VIIRS,l,2,306.62,2.26,D,0
16.72631,78.78451,339.3,0.36,0.57,2021-02-28,836,N20,VIIRS,n,2,312.85,1.52,D,0
16.74823,77.61966,341.18,0.6,0.53,2021-02-28,836,N20,VIIRS,n,2,313.24,6.29,D,0
16.83048,78.15446,337.19,0.33,0.55,2021-02-28,836,N20,VIIRS,l,2,307.82,2.63,D,0
16.83084,78.15757,334.16,0.33,0.55,2021-02-28,836,N20,VIIRS,l,2,307.39,1.94,D,0
16.83223,78.08617,338.3,0.32,0.55,2021-02-28,836,N20,VIIRS,l,2,313.07,4.3,D,0
16.86258,78.48009,336.48,0.34,0.56,2021-02-28,836,N20,VIIRS,l,2,309.86,2.27,D,0
16.95033,77.09634,342.87,0.56,0.51,2021-02-28,836,N20,VIIRS,l,2,315.05,7.05,D,0
16.95469,78.13808,338.97,0.33,0.55,2021-02-28,836,N20,VIIRS,l,2,311.25,2.42,D,0
16.96272,77.42185,339.49,0.59,0.53,2021-02-28,836,N20,VIIRS,l,2,314.28,7.31,D,0
16.98695,77.41932,341.74,0.59,0.53,2021-02-28,836,N20,VIIRS,n,2,315.24,8.56,D,0
17.05683,80.97153,342.24,0.51,0.66,2021-02-28,836,N20,VIIRS,n,2,308.81,6.66,D,0
17.09541,79.94529,342.0,0.43,0.62,2021-02-28,836,N20,VIIRS,n,2,301.55,6.48,D,0
17.11613,78.03024,340.87,0.32,0.55,2021-02-28,836,N20,VIIRS,l,2,315.23,4.67,D,0
17.18128,78.37575,342.64,0.34,0.56,2021-02-28,836,N20,VIIRS,n,2,309.64,4.15,D,0
17.18283,78.37377,336.26,0.34,0.56,2021-02-28,836,N20,VIIRS,l,2,309.91,3.64,D,0
17.20101,78.59691,351.77,0.35,0.57,2021-02-28,836,N20,VIIRS,n,2,314.98,4.43,D,0
17.22206,78.30173,339.27,0.34,0.56,2021-02-28,836,N20,VIIRS,n,2,310.23,1.8,D,0
17.23682,77.97422,337.1,0.32,0.55,2021-02-28,836,N20,VIIRS,l,2,310.73,0.95,D,0
17.24199,78.86702,351.93,0.37,0.58,2021-02-28,836,N20,VIIRS,n,2,313.63,9.81,D,0
17.2453,78.86523,367.0,0.37,0.58,2021-02-28,836,N20,VIIRS,h,2,314.55,8.4,D,0
17.25476,77.25125,345.03,0.58,0.52,2021-02-28,836,N20,VIIRS,n,2,315.97,9.34,D,0
17.27717,78.96187,367.0,0.38,0.58,2021-02-28,836,N20,VIIRS,h,2,308.99,5.34,D,0
17.31962,78.07861,367.0,0.33,0.55,2021-02-28,836,N20,VIIRS,h,2,311.13,9.67,D,0
17.32734,78.05571,341.07,0.33,0.55,2021-02-28,836,N20,VIIRS,n,2,310.85,6.05,D,0
17.33751,81.11169,346.34,0.52,0.67,2021-02-28,836,N20,VIIRS,n,2,307.46,6.19,D,0
17.35886,77.48151,348.33,0.6,0.53,2021-02-28,836,N20,VIIRS,n,2,315.46,10.03,D,0
17.36761,78.04849,331.16,0.33,0.55,2021-02-28,836,N20,VIIRS,l,2,305.88,2.4,D,0
17.41817,77.23544,345.93,0.58,0.52,2021-02-28,836,N20,VIIRS,l,2,317.24,12.27,D,0
17.42317,77.82529,343.93,0.63,0.54,2021-02-28,836,N20,VIIRS,l,2,317.52,7.47,D,0
17.44657,78.65354,347.98,0.36,0.57,2021-02-28,836,N20,VIIRS,n,2,305.88,7.26,D,0
17.45697,80.08517,335.95,0.45,0.63,2021-02-28,836,N20,VIIRS,l,2,308.75,5.86,D,0
17.45761,80.08658,349.65,0.45,0.63,2021-02-28,836,N20,VIIRS,n,2,309.65,6.41,D,0
17.47173,77.9414,345.9,0.32,0.55,2021-02-28,836,N20,VIIRS,n,2,316.56,5.23,D,0
17.48282,79.7569,332.69,0.43,0.62,2021-02-28,836,N20,VIIRS,n,2,304.81,2.42,D,0
17.48624,77.88763,367.0,0.32,0.55,2021-02-28,836,N20,VIIRS,h,2,319.92,8.48,D,0
17.50172,79.82909,347.41,0.43,0.62,2021-02-28,836,N20,VIIRS,n,2,304.09,3.57,D,0
17.50583,77.23866,341.78,0.58,0.52,2021-02-28,836,N20,VIIRS,l,2,315.48,9.15,D,0
17.52511,78.98562,346.27,0.38,0.59,2021-02-28,836,N20,VIIRS,n,2,313.91,4.65,D,0
17.54936,79.68069,331.4,0.42,0.61,2021-02-28,836,N20,VIIRS,n,2,305.8,2.43,D,0
17.5605,77.12208,342.56,0.57,0.52,2021-02-28,836,N20,VIIRS,l,2,316.32,9.75,D,0
17.56239,77.13815,345.43,0.57,0.52,2021-02-28,836,N20,VIIRS,l,2,319.78,10.62,D,0
17.57068,77.12619,343.25,0.57,0.52,2021-02-28,836,N20,VIIRS,l,2,316.46,9.28,D,0
17.57582,77.91884,344.31,0.32,0.55,2021-02-28,836,N20,VIIRS,n,2,314.59,4.86,D,0
17.57812,77.18953,344.72,0.58,0.52,2021-02-28,836,N20,VIIRS,n,2,317.23,10.9,D,0
17.58109,80.31828,334.78,0.47,0.64,2021-02-28,836,N20,VIIRS,l,2,306.4,4.1,D,2
17.58259,77.65867,344.22,0.62,0.54,2021-02-28,836,N20,VIIRS,n,2,312.69,8.59,D,0
17.59205,80.38692,331.58,0.47,0.64,2021-02-28,836,N20,VIIRS,l,2,303.1,1.87,D,0
17.60202,80.40623,335.66,0.47,0.64,2021-02-28,836,N20,VIIRS,l,2,308.19,5.62,D,0
17.6061,80.40881,332.95,0.47,0.64,2021-02-28,836,N20,VIIRS,l,2,304.27,3.11,D,0
17.63548,77.30986,341.92,0.59,0.53,2021-02-28,836,N20,VIIRS,n,2,313.38,5.29,D,0
17.66783,77.04161,345.95,0.57,0.52,2021-02-28,836,N20,VIIRS,n,2,315.5,10.1,D,0
17.66885,77.04418,344.16,0.57,0.52,2021-02-28,836,N20,VIIRS,l,2,316.36,11.96,D,0
17.67261,77.04119,344.26,0.57,0.52,2021-02-28,836,N20,VIIRS,n,2,314.39,8.59,D,0
17.67533,77.48824,349.17,0.61,0.53,2021-02-28,836,N20,VIIRS,n,2,315.95,12.83,D,0
17.68498,77.1049,354.04,0.57,0.52,2021-02-28,836,N20,VIIRS,n,2,321.72,17.65,D,0
17.68552,77.10747,355.19,0.57,0.52,2021-02-28,836,N20,VIIRS,n,2,320.54,26.64,D,0
17.68561,77.11019,344.61,0.57,0.52,2021-02-28,836,N20,VIIRS,l,2,318.29,17.65,D,0
17.68997,80.34943,344.31,0.47,0.64,2021-02-28,836,N20,VIIRS,n,2,305.39,8.2,D,0
17.70126,78.40069,367.0,0.35,0.57,2021-02-28,836,N20,VIIRS,h,2,315.8,7.37,D,0
17.71136,79.43343,337.31,0.41,0.61,2021-02-28,836,N20,VIIRS,n,2,304.83,4.18,D,0
17.71259,79.43379,337.01,0.41,0.6,2021-02-28,836,N20,VIIRS,n,2,303.88,3.75,D,0
17.72456,77.1959,344.99,0.58,0.52,2021-02-28,836,N20,VIIRS,l,2,319.25,9.77,D,0
17.72518,77.20145,342.62,0.58,0.52,2021-02-28,836,N20,VIIRS,l,2,316.54,6.57,D,0
17.7512,80.32042,334.93,0.47,0.64,2021-02-28,836,N20,VIIRS,n,2,302.98,4.73,D,0
17.75386,80.4085,349.52,0.47,0.64,2021-02-28,836,N20,VIIRS,n,2,307.37,5.78,D,0
17.77917,77.16207,346.75,0.58,0.52,2021-02-28,836,N20,VIIRS,n,2,313.23,5.96,D,0
17.82488,80.116,340.23,0.45,0.63,2021-02-28,836,N20,VIIRS,n,2,298.33,4.53,D,0
17.85262,80.3999,347.23,0.48,0.64,2021-02-28,836,N20,VIIRS,n,2,305.15,6.23,D,0
17.85278,78.27031,340.68,0.34,0.56,2021-02-28,836,N20,VIIRS,n,2,310.56,3.6,D,0
17.87487,77.06429,347.84,0.57,0.52,2021-02-28,836,N20,VIIRS,n,2,318.77,10.21,D,0
17.89472,80.40068,340.61,0.48,0.64,2021-02-28,836,N20,VIIRS,n,2,305.52,6.55,D,0
17.89517,80.40517,354.39,0.48,0.64,2021-02-28,836,N20,VIIRS,n,2,306.11,7.95,D,0
17.90182,79.11235,336.41,0.39,0.59,2021-02-28,836,N20,VIIRS,n,2,308.57,2.22,D,0
17.9026,79.11139,335.3,0.39,0.59,2021-02-28,836,N20,VIIRS,n,2,308.47,1.47,D,0
17.93882,80.19792,331.95,0.46,0.64,2021-02-28,836,N20,VIIRS,n,2,294.52,7.12,D,0
17.95664,80.13826,367.0,0.46,0.63,2021-02-28,836,N20,VIIRS,h,2,304.86,27.31,D,0
18.049,80.18338,330.9,0.46,0.64,2021-02-28,836,N20,VIIRS,n,2,299.02,2.65,D,0
18.05956,77.32433,350.7,0.6,0.53,2021-02-28,836,N20,VIIRS,n,2,314.49,10.24,D,0
18.07463,80.2024,336.59,0.46,0.64,2021-02-28,836,N20,VIIRS,n,2,300.98,4.29,D,0
18.07508,80.20696,335.75,0.46,0.64,2021-02-28,836,N20,VIIRS,n,2,300.87,4.15,D,0
18.08421,80.17926,335.65,0.46,0.64,2021-02-28,836,N20,VIIRS,n,2,304.2,3.35,D,0
18.09355,78.91849,339.81,0.38,0.59,2021-02-28,836,N20,VIIRS,n,2,309.65,4.31,D,0
18.10059,80.22402,367.0,0.47,0.64,2021-02-28,836,N20,VIIRS,h,2,308.2,11.25,D,0
18.10162,77.66148,350.21,0.63,0.54,2021-02-28,836,N20,VIIRS,n,2,318.73,13.29,D,0
18.10315,77.72201,344.35,0.64,0.54,2021-02-28,836,N20,VIIRS,n,2,318.74,12.68,D,0
18.10517,80.22318,367.0,0.47,0.64,2021-02-28,836,N20,VIIRS,h,2,309.0,14.31,D,0
18.1065,80.22358,340.89,0.47,0.64,2021-02-28,836,N20,VIIRS,n,2,305.91,4.45,D,0
18.10662,77.66102,354.87,0.63,0.54,2021-02-28,836,N20,VIIRS,n,2,318.39,13.29,D,0
18.12522,77.55616,342.48,0.62,0.54,2021-02-28,836,N20,VIIRS,l,2,314.18,15.7,D,0
18.12542,78.73217,337.06,0.37,0.58,2021-02-28,836,N20,VIIRS,n,2,305.0,3.31,D,0
18.12589,77.56215,349.51,0.62,0.54,2021-02-28,836,N20,VIIRS,n,2,316.52,15.7,D,0
18.12655,77.56805,344.25,0.62,0.54,2021-02-28,836,N20,VIIRS,l,2,315.88,10.01,D,0
18.14721,80.82059,333.27,0.51,0.66,2021-02-28,836,N20,VIIRS,l,2,305.98,1.54,D,0
18.15297,80.81622,342.84,0.51,0.66,2021-02-28,836,N20,VIIRS,n,2,306.61,5.38,D,0
18.15347,80.82144,338.64,0.51,0.66,2021-02-28,836,N20,VIIRS,n,2,307.41,5.38,D,0
18.17057,78.3024,340.82,0.35,0.57,2021-02-28,836,N20,VIIRS,n,2,306.57,4.46,D,0
18.1709,78.30556,341.14,0.35,0.57,2021-02-28,836,N20,VIIRS,n,2,305.99,3.09,D,0
18.17549,79.97405,336.33,0.45,0.63,2021-02-28,836,N20,VIIRS,n,2,306.23,4.15,D,0
18.20856,78.71661,354.62,0.37,0.58,2021-02-28,836,N20,VIIRS,n,2,309.39,5.56,D,0
18.21171,79.86222,336.01,0.44,0.63,2021-02-28,836,N20,VIIRS,l,2,307.49,3.32,D,0
18.24121,78.32101,344.57,0.35,0.57,2021-02-28,836,N20,VIIRS,n,2,315.41,5.61,D,0
18.26056,78.39931,337.2,0.35,0.57,2021-02-28,836,N20,VIIRS,n,2,311.0,3.57,D,0
18.26334,78.37495,335.36,0.35,0.57,2021-02-28,836,N20,VIIRS,l,2,307.56,2.91,D,0
18.27882,78.02736,341.13,0.33,0.56,2021-02-28,836,N20,VIIRS,n,2,302.82,4.07,D,0
18.30511,78.41853,337.63,0.36,0.57,2021-02-28,836,N20,VIIRS,n,2,311.49,1.9,D,0
18.32786,77.97292,339.32,0.33,0.55,2021-02-28,836,N20,VIIRS,n,2,305.09,4.05,D,0
18.34763,77.96429,330.49,0.33,0.55,2021-02-28,836,N20,VIIRS,l,2,304.76,1.84,D,0
18.35385,77.92605,335.47,0.33,0.55,2021-02-28,836,N20,VIIRS,n,2,306.0,4.28,D,0
18.35417,77.92901,347.77,0.33,0.55,2021-02-28,836,N20,VIIRS,n,2,307.78,4.28,D,0
18.35449,77.93196,352.57,0.33,0.55,2021-02-28,836,N20,VIIRS,n,2,307.22,6.53,D,0
18.36976,80.68421,350.1,0.5,0.66,2021-02-28,836,N20,VIIRS,n,2,309.91,36.12,D,0
18.37022,80.68887,331.17,0.5,0.66,2021-02-28,836,N20,VIIRS,n,2,301.78,19.03,D,0
18.37082,80.68187,343.92,0.5,0.66,2021-02-28,836,N20,VIIRS,n,2,306.01,29.52,D,0
18.37125,80.68657,367.0,0.5,0.66,2021-02-28,836,N20,VIIRS,h,2,305.31,29.52,D,0
18.37144,80.7646,367.0,0.51,0.66,2021-02-28,836,N20,VIIRS,h,2,306.1,19.48,D,0
18.37185,80.76102,355.95,0.51,0.66,2021-02-28,836,N20,VIIRS,n,2,307.41,20.13,D,0
18.37241,80.71126,367.0,0.51,0.66,2021-02-28,836,N20,VIIRS,h,2,308.63,12.65,D,0
18.37319,80.71931,333.64,0.51,0.66,2021-02-28,836,N20,VIIRS,n,2,303.54,10.35,D,0
18.37331,80.70918,367.0,0.51,0.66,2021-02-28,836,N20,VIIRS,h,2,308.67,7.83,D,0
18.3737,80.71344,338.34,0.51,0.66,2021-02-28,836,N20,VIIRS,n,2,307.52,7.83,D,0
18.37406,80.71743,338.63,0.51,0.66,2021-02-28,836,N20,VIIRS,n,2,305.43,5.81,D,0
18.37538,80.6789,348.63,0.5,0.66,2021-02-28,836,N20,VIIRS,n,2,308.44,18.15,D,0
18.37583,80.68349,367.0,0.5,0.66,2021-02-28,836,N20,VIIRS,h,2,308.9,18.15,D,0
18.3769,80.68122,367.0,0.5,0.66,2021-02-28,836,N20,VIIRS,h,2,312.56,29.52,D,0
18.37718,80.69722,343.02,0.5,0.66,2021-02-28,836,N20,VIIRS,n,2,304.86,9.37,D,0
18.37732,80.68581,337.66,0.5,0.66,2021-02-28,836,N20,VIIRS,n,2,305.38,29.52,D,0
18.37816,80.69497,330.62,0.5,0.66,2021-02-28,836,N20,VIIRS,l,2,302.16,11.04,D,0
18.37825,77.96058,331.96,0.33,0.55,2021-02-28,836,N20,VIIRS,l,2,305.69,2.31,D,0
18.37858,80.69955,332.51,0.5,0.66,2021-02-28,836,N20,VIIRS,n,2,302.07,7.58,D,0
18.38039,79.7169,343.37,0.43,0.62,2021-02-28,836,N20,VIIRS,n,2,302.83,4.08,D,0
18.38191,80.68287,331.46,0.5,0.66,2021-02-28,836,N20,VIIRS,n,2,305.43,18.15,D,0
18.3845,79.71658,342.09,0.43,0.62,2021-02-28,836,N20,VIIRS,n,2,304.88,3.98,D,0
18.38708,77.43619,342.09,0.61,0.54,2021-02-28,836,N20,VIIRS,l,2,314.71,7.96,D,0
18.40511,77.46391,337.36,0.62,0.54,2021-02-28,836,N20,VIIRS,l,2,311.09,7.83,D,0
18.41794,80.59573,345.8,0.5,0.66,2021-02-28,836,N20,VIIRS,n,2,303.37,5.6,D,0
18.42224,80.57679,332.53,0.5,0.65,2021-02-28,836,N20,VIIRS,l,2,305.99,2.45,D,0
18.42311,80.58591,331.73,0.5,0.66,2021-02-28,836,N20,VIIRS,l,2,304.8,9.99,D,0
18.42356,80.5906,333.57,0.5,0.66,2021-02-28,836,N20,VIIRS,n,2,303.26,6.37,D,0
18.42596,80.00712,335.51,0.45,0.63,2021-02-28,836,N20,VIIRS,l,2,309.18,5.07,D,0
18.42639,80.07832,341.56,0.46,0.64,2021-02-28,836,N20,VIIRS,n,2,307.59,7.13,D,0
18.42681,80.08272,351.83,0.46,0.64,2021-02-28,836,N20,VIIRS,n,2,305.47,7.13,D,0
18.42682,80.07355,340.66,0.46,0.63,2021-02-28,836,N20,VIIRS,n,2,310.54,7.53,D,0
18.42726,80.0779,336.45,0.46,0.63,2021-02-28,836,N20,VIIRS,n,2,307.0,8.56,D,0
18.42771,80.08228,367.0,0.46,0.63,2021-02-28,836,N20,VIIRS,h,2,306.32,8.56,D,0
18.43184,80.07333,346.27,0.46,0.63,2021-02-28,836,N20,VIIRS,n,2,308.87,4.93,D,0
18.46056,79.65091,367.0,0.43,0.62,2021-02-28,836,N20,VIIRS,h,2,311.82,9.28,D,0
18.46199,78.23805,335.24,0.35,0.57,2021-02-28,836,N20,VIIRS,l,2,308.13,3.6,D,0
18.46735,79.77563,344.58,0.44,0.62,2021-02-28,836,N20,VIIRS,n,2,311.0,4.96,D,0
18.46986,80.5643,340.69,0.49,0.65,2021-02-28,836,N20,VIIRS,n,2,306.85,7.53,D,0
18.46989,80.54591,340.5,0.49,0.65,2021-02-28,836,N20,VIIRS,n,2,306.72,4.57,D,0
18.47167,80.56526,347.03,0.5,0.65,2021-02-28,836,N20,VIIRS,n,2,307.23,6.67,D,0
18.47445,80.54895,367.0,0.49,0.65,2021-02-28,836,N20,VIIRS,h,2,308.47,16.43,D,0
18.47633,80.54962,367.0,0.49,0.65,2021-02-28,836,N20,VIIRS,h,2,308.11,11.82,D,0
18.47676,80.55425,349.07,0.49,0.65,2021-02-28,836,N20,VIIRS,n,2,307.2,11.82,D,0
18.47725,80.55964,367.0,0.5,0.65,2021-02-28,836,N20,VIIRS,h,2,306.94,14.97,D,0
18.48095,80.55304,340.07,0.49,0.65,2021-02-28,836,N20,VIIRS,n,2,305.08,8.07,D,0
18.48148,80.55833,367.0,0.49,0.65,2021-02-28,836,N20,VIIRS,h,2,306.39,6.88,D,0
18.48201,80.56359,331.39,0.49,0.65,2021-02-28,836,N20,VIIRS,n,2,302.45,6.88,D,0
18.48685,77.37135,339.38,0.61,0.53,2021-02-28,836,N20,VIIRS,l,2,310.24,6.63,D,0
18.48687,77.88525,338.97,0.33,0.55,2021-02-28,836,N20,VIIRS,l,2,309.22,3.56,D,0
18.48754,77.89139,333.48,0.33,0.55,2021-02-28,836,N20,VIIRS,l,2,307.85,5.39,D,0
18.50976,78.3407,334.17,0.35,0.57,2021-02-28,836,N20,VIIRS,l,2,308.47,1.72,D,0
18.51536,77.82764,338.78,0.33,0.55,2021-02-28,836,N20,VIIRS,l,2,311.89,4.27,D,0
18.51631,78.45369,334.03,0.36,0.57,2021-02-28,836,N20,VIIRS,n,2,301.86,2.44,D,0
18.5187,80.54616,336.58,0.49,0.65,2021-02-28,836,N20,VIIRS,n,2,307.71,3.09,D,0
18.52564,77.97573,367.0,0.33,0.56,2021-02-28,836,N20,VIIRS,h,2,309.56,5.84,D,0
18.5267,78.03614,343.51,0.34,0.56,2021-02-28,836,N20,VIIRS,n,2,312.59,3.12,D,0
18.5276,77.97315,335.25,0.33,0.56,2021-02-28,836,N20,VIIRS,n,2,309.13,5.67,D,0
18.52796,77.97632,367.0,0.33,0.56,2021-02-28,836,N20,VIIRS,h,2,309.06,5.67,D,0
18.5285,78.17085,344.73,0.34,0.56,2021-02-28,836,N20,VIIRS,n,2,307.77,4.03,D,0
18.52887,78.17429,342.53,0.34,0.56,2021-02-28,836,N20,VIIRS,n,2,308.34,6.21,D,0
18.5289,79.67799,347.39,0.43,0.62,2021-02-28,836,N20,VIIRS,n,2,308.01,5.36,D,0
18.52943,78.03644,345.07,0.34,0.56,2021-02-28,836,N20,VIIRS,n,2,313.44,6.32,D,0
18.53077,77.97511,334.48,0.33,0.56,2021-02-28,836,N20,VIIRS,n,2,308.28,4.58,D,0
18.53182,78.03532,337.64,0.34,0.56,2021-02-28,836,N20,VIIRS,l,2,311.63,3.12,D,0
18.53334,78.16711,340.81,0.34,0.56,2021-02-28,836,N20,VIIRS,n,2,308.39,4.03,D,0
18.5346,79.67712,345.08,0.43,0.62,2021-02-28,836,N20,VIIRS,n,2,308.39,6.54,D,0
18.53534,78.33163,342.66,0.35,0.57,2021-02-28,836,N20,VIIRS,n,2,310.73,5.22,D,0
18.53571,78.33513,351.11,0.35,0.57,2021-02-28,836,N20,VIIRS,n,2,312.27,6.32,D,0
18.53609,78.33862,347.25,0.35,0.57,2021-02-28,836,N20,VIIRS,n,2,310.09,6.32,D,0
18.53978,78.52402,340.62,0.36,0.58,2021-02-28,836,N20,VIIRS,n,2,303.96,3.75,D,0
18.54793,80.66051,330.56,0.5,0.66,2021-02-28,836,N20,VIIRS,l,2,305.07,5.62,D,0
18.55311,80.65047,333.48,0.5,0.66,2021-02-28,836,N20,VIIRS,l,2,305.49,3.61,D,0
18.56273,78.33944,341.99,0.35,0.57,2021-02-28,836,N20,VIIRS,n,2,312.45,3.09,D,0
18.56297,78.33897,343.85,0.35,0.57,2021-02-28,836,N20,VIIRS,n,2,313.22,4.39,D,0
18.56392,79.62379,337.3,0.43,0.62,2021-02-28,836,N20,VIIRS,n,2,307.21,4.63,D,0
18.59422,78.54134,341.24,0.37,0.58,2021-02-28,836,N20,VIIRS,n,2,305.54,2.61,D,0
18.59463,79.62207,333.4,0.43,0.62,2021-02-28,836,N20,VIIRS,n,2,306.76,2.31,D,0
18.59544,78.54149,342.23,0.37,0.58,2021-02-28,836,N20,VIIRS,n,2,305.66,4.01,D,0
18.62021,80.56664,337.28,0.5,0.66,2021-02-28,836,N20,VIIRS,n,2,309.16,2.57,D,0
18.62762,80.45193,334.09,0.49,0.65,2021-02-28,836,N20,VIIRS,n,2,306.45,2.28,D,0
18.6283,78.01261,338.95,0.34,0.56,2021-02-28,836,N20,VIIRS,l,2,309.86,2.62,D,0
18.63119,78.53443,334.38,0.37,0.58,2021-02-28,836,N20,VIIRS,l,2,305.9,3.64,D,0
18.6345,80.46032,338.5,0.49,0.65,2021-02-28,836,N20,VIIRS,n,2,307.63,5.12,D,0
18.63493,80.46481,349.45,0.49,0.65,2021-02-28,836,N20,VIIRS,n,2,307.7,5.12,D,0
18.65071,78.51524,332.79,0.36,0.58,2021-02-28,836,N20,VIIRS,l,2,305.37,2.2,D,0
18.65715,77.24729,346.11,0.6,0.53,2021-02-28,836,N20,VIIRS,n,2,314.13,11.98,D,0
18.65934,77.24857,348.55,0.6,0.53,2021-02-28,836,N20,VIIRS,n,2,314.86,10.11,D,0
18.69479,78.57484,367.0,0.37,0.58,2021-02-28,836,N20,VIIRS,h,2,310.08,8.6,D,0
18.69823,78.57334,340.29,0.37,0.58,2021-02-28,836,N20,VIIRS,n,2,309.51,3.39,D,0
18.69857,78.57681,339.71,0.37,0.58,2021-02-28,836,N20,VIIRS,l,2,310.13,3.39,D,0
18.73704,79.29592,330.66,0.41,0.61,2021-02-28,836,N20,VIIRS,l,2,304.71,3.09,D,0
18.77349,78.01092,332.92,0.34,0.56,2021-02-28,836,N20,VIIRS,l,2,306.99,2.49,D,0
18.77555,77.26468,351.81,0.6,0.53,2021-02-28,836,N20,VIIRS,n,2,300.6,9.61,D,0
18.77783,77.26244,336.69,0.6,0.53,2021-02-28,836,N20,VIIRS,n,2,299.24,5.19,D,0
18.77851,77.26833,337.73,0.6,0.53,2021-02-28,836,N20,VIIRS,n,2,292.24,3.81,D,0
18.82381,80.2941,347.34,0.48,0.65,2021-02-28,836,N20,VIIRS,n,2,305.32,8.99,D,0
18.83021,78.45432,334.53,0.36,0.58,2021-02-28,836,N20,VIIRS,l,2,309.11,4.24,D,0
18.8475,77.07664,331.72,0.59,0.53,2021-02-28,836,N20,VIIRS,l,2,303.6,3.19,D,0
18.89408,77.05383,341.55,0.59,0.53,2021-02-28,836,N20,VIIRS,n,2,313.68,13.78,D,0
18.89469,77.05938,347.68,0.59,0.53,2021-02-28,836,N20,VIIRS,n,2,312.87,13.78,D,0
18.91968,79.34187,333.41,0.42,0.61,2021-02-28,836,N20,VIIRS,n,2,303.92,6.64,D,0
18.9201,79.3461,367.0,0.42,0.61,2021-02-28,836,N20,VIIRS,h,2,305.46,9.13,D,0
18.92399,77.10207,340.07,0.59,0.53,2021-02-28,836,N20,VIIRS,l,2,312.91,6.28,D,0
18.9581,80.03648,330.52,0.46,0.64,2021-02-28,836,N20,VIIRS,l,2,303.02,3.51,D,0
18.9582,78.72088,367.0,0.38,0.59,2021-02-28,836,N20,VIIRS,h,2,311.02,7.41,D,0
18.95857,78.72459,336.15,0.38,0.59,2021-02-28,836,N20,VIIRS,n,2,307.07,8.48,D,0
18.96362,78.72035,340.26,0.38,0.59,2021-02-28,836,N20,VIIRS,n,2,305.94,7.41,D,0
18.96389,79.38542,338.0,0.42,0.61,2021-02-28,836,N20,VIIRS,n,2,304.95,7.24,D,0
18.96454,78.89391,350.39,0.39,0.59,2021-02-28,836,N20,VIIRS,n,2,304.7,6.41,D,0
18.96588,78.74265,367.0,0.38,0.59,2021-02-28,836,N20,VIIRS,h,2,306.31,8.4,D,0
18.96955,79.38496,352.67,0.42,0.61,2021-02-28,836,N20,VIIRS,n,2,303.92,7.24,D,0
18.96992,79.38863,367.0,0.42,0.61,2021-02-28,836,N20,VIIRS,h,2,301.8,15.08,D,0
18.98336,79.37675,367.0,0.42,0.61,2021-02-28,836,N20,VIIRS,h,2,303.5,10.49,D,0
18.9837,79.38029,355.88,0.42,0.61,2021-02-28,836,N20,VIIRS,n,2,301.15,10.49,D,0
18.98562,79.37469,335.2,0.42,0.61,2021-02-28,836,N20,VIIRS,n,2,300.98,6.95,D,0
18.98597,79.37816,367.0,0.42,0.61,2021-02-28,836,N20,VIIRS,h,2,302.37,10.42,D,0
18.98634,79.38177,367.0,0.42,0.61,2021-02-28,836,N20,VIIRS,h,2,300.47,10.42,D,0
18.9879,79.39704,331.17,0.42,0.61,2021-02-28,836,N20,VIIRS,n,2,292.01,2.6,D,0
18.98931,79.37932,334.84,0.42,0.61,2021-02-28,836,N20,VIIRS,n,2,299.6,3.35,D,0
18.98982,78.76243,345.23,0.38,0.59,2021-02-28,836,N20,VIIRS,n,2,304.94,3.87,D,0
18.9983,79.33186,332.93,0.42,0.61,2021-02-28,836,N20,VIIRS,l,2,303.62,2.58,D,0
19.00081,78.92435,331.82,0.39,0.59,2021-02-28,836,N20,VIIRS,l,2,303.73,3.56,D,0
19.00594,77.89925,351.04,0.34,0.56,2021-02-28,836,N20,VIIRS,n,2,312.36,4.13,D,0
19.02933,77.36193,344.24,0.62,0.54,2021-02-28,836,N20,VIIRS,n,2,313.01,12.78,D,0
19.0592,78.77736,367.0,0.38,0.59,2021-02-28,836,N20,VIIRS,h,2,305.55,9.3,D,0
19.05958,78.7811,348.51,0.38,0.59,2021-02-28,836,N20,VIIRS,n,2,302.7,6.98,D,0
19.06361,78.60417,356.1,0.37,0.58,2021-02-28,836,N20,VIIRS,n,2,305.25,4.54,D,0
19.12959,77.5872,347.7,0.32,0.55,2021-02-28,836,N20,VIIRS,n,2,312.88,5.72,D,0
19.1296,77.58533,340.46,0.32,0.55,2021-02-28,836,N20,VIIRS,l,2,312.4,4.12,D,0
19.12968,79.99188,349.62,0.46,0.64,2021-02-28,836,N20,VIIRS,n,2,304.64,10.51,D,0
19.12994,77.58834,344.99,0.32,0.55,2021-02-28,836,N20,VIIRS,n,2,313.6,4.12,D,0
19.13008,79.99604,367.0,0.46,0.64,2021-02-28,836,N20,VIIRS,h,2,303.68,10.51,D,0
19.13053,80.00066,355.47,0.46,0.64,2021-02-28,836,N20,VIIRS,n,2,305.47,9.55,D,0
19.13095,80.00504,345.14,0.46,0.64,2021-02-28,836,N20,VIIRS,n,2,302.75,9.55,D,0
19.1327,79.96201,338.2,0.46,0.64,2021-02-28,836,N20,VIIRS,n,2,307.95,4.41,D,0
19.13533,78.80898,336.95,0.39,0.59,2021-02-28,836,N20,VIIRS,n,2,306.01,3.19,D,0
19.13568,78.81268,332.85,0.39,0.59,2021-02-28,836,N20,VIIRS,n,2,304.77,3.19,D,0
19.13598,77.64868,334.46,0.32,0.55,2021-02-28,836,N20,VIIRS,l,2,308.81,2.51,D,0
19.13677,77.6497,336.92,0.32,0.55,2021-02-28,836,N20,VIIRS,l,2,310.58,4.08,D,0
19.13953,78.80935,334.88,0.39,0.59,2021-02-28,836,N20,VIIRS,l,2,305.39,3.87,D,0
19.14036,78.52811,330.49,0.37,0.58,2021-02-28,836,N20,VIIRS,l,2,304.2,2.98,D,0
19.14401,79.40982,344.0,0.42,0.61,2021-02-28,836,N20,VIIRS,n,2,305.47,4.09,D,0
19.1485,80.01409,330.28,0.46,0.64,2021-02-28,836,N20,VIIRS,n,2,300.78,5.64,D,0
19.14886,80.01807,335.79,0.46,0.64,2021-02-28,836,N20,VIIRS,n,2,301.25,6.49,D,0
19.14989,80.01646,344.28,0.46,0.64,2021-02-28,836,N20,VIIRS,n,2,301.37,6.77,D,0
19.15292,77.61524,367.0,0.32,0.55,2021-02-28,836,N20,VIIRS,h,2,316.08,7.16,D,0
19.15325,77.6184,344.6,0.32,0.55,2021-02-28,836,N20,VIIRS,n,2,313.65,5.86,D,0
19.15576,79.41286,354.24,0.42,0.61,2021-02-28,836,N20,VIIRS,n,2,308.56,5.28,D,0
19.16724,78.7973,337.49,0.39,0.59,2021-02-28,836,N20,VIIRS,n,2,303.99,2.74,D,0
19.17219,78.52172,335.63,0.37,0.58,2021-02-28,836,N20,VIIRS,n,2,303.04,3.04,D,0
19.17269,78.79666,332.03,0.39,0.59,2021-02-28,836,N20,VIIRS,n,2,304.25,2.74,D,0
19.17305,78.80029,344.82,0.39,0.59,2021-02-28,836,N20,VIIRS,n,2,302.95,2.74,D,0
19.17706,78.7853,367.0,0.39,0.59,2021-02-28,836,N20,VIIRS,h,2,305.16,10.81,D,0
19.17794,78.63107,340.85,0.38,0.58,2021-02-28,836,N20,VIIRS,n,2,301.59,1.94,D,0
19.19632,78.8124,333.23,0.39,0.59,2021-02-28,836,N20,VIIRS,l,2,305.33,3.02,D,0
19.19771,78.77176,331.94,0.38,0.59,2021-02-28,836,N20,VIIRS,l,2,304.38,2.12,D,0
19.19818,78.51138,347.6,0.37,0.58,2021-02-28,836,N20,VIIRS,n,2,308.06,3.73,D,0
19.20315,78.77106,334.05,0.38,0.59,2021-02-28,836,N20,VIIRS,l,2,304.41,2.12,D,0
19.20635,78.80263,339.97,0.39,0.59,2021-02-28,836,N20,VIIRS,n,2,303.8,3.55,D,0
19.20895,78.77402,339.13,0.38,0.59,2021-02-28,836,N20,VIIRS,n,2,304.42,5.02,D,0
19.21477,78.77707,333.84,0.39,0.59,2021-02-28,836,N20,VIIRS,l,2,303.92,6.19,D,0
19.21583,78.78744,355.79,0.39,0.59,2021-02-28,836,N20,VIIRS,n,2,303.96,8.82,D,0
19.21622,77.54092,346.15,0.32,0.54,2021-02-28,836,N20,VIIRS,n,2,314.12,2.9,D,0
19.21876,78.51937,337.7,0.37,0.58,2021-02-28,836,N20,VIIRS,l,2,311.59,1.78,D,0
19.22065,78.51914,339.21,0.37,0.58,2021-02-28,836,N20,VIIRS,l,2,312.22,4.54,D,0
19.22088,79.9015,331.38,0.46,0.63,2021-02-28,836,N20,VIIRS,l,2,305.22,1.72,D,0
19.22425,77.57166,356.19,0.32,0.55,2021-02-28,836,N20,VIIRS,n,2,320.07,12.27,D,0
19.22455,77.57462,345.55,0.32,0.55,2021-02-28,836,N20,VIIRS,n,2,315.26,12.27,D,0
19.22459,77.57059,341.79,0.32,0.55,2021-02-28,836,N20,VIIRS,n,2,314.76,5.99,D,0
19.22492,77.57355,367.0,0.32,0.55,2021-02-28,836,N20,VIIRS,h,2,318.9,10.71,D,0
19.22875,78.67708,331.36,0.38,0.59,2021-02-28,836,N20,VIIRS,l,2,304.33,3.54,D,0
19.22959,77.57407,367.0,0.32,0.55,2021-02-28,836,N20,VIIRS,h,2,316.05,12.27,D,0
19.22962,77.57005,346.36,0.32,0.55,2021-02-28,836,N20,VIIRS,n,2,315.49,12.89,D,0
19.22995,77.57302,367.0,0.32,0.55,2021-02-28,836,N20,VIIRS,h,2,321.83,20.97,D,0
19.23298,79.90443,333.98,0.46,0.63,2021-02-28,836,N20,VIIRS,n,2,303.77,5.08,D,0
19.23649,78.82741,335.28,0.39,0.59,2021-02-28,836,N20,VIIRS,n,2,304.55,3.81,D,0
19.23688,78.83118,330.9,0.39,0.59,2021-02-28,836,N20,VIIRS,l,2,302.42,3.81,D,0
19.24233,78.83041,348.48,0.39,0.59,2021-02-28,836,N20,VIIRS,n,2,304.01,3.81,D,0
19.24314,77.55749,342.83,0.32,0.55,2021-02-28,836,N20,VIIRS,l,2,316.1,4.15,D,0
19.24325,78.8267,331.51,0.39,0.59,2021-02-28,836,N20,VIIRS,n,2,302.07,3.07,D,0
19.24361,78.83051,342.72,0.39,0.59,2021-02-28,836,N20,VIIRS,n,2,303.65,3.07,D,0
19.24455,78.64194,367.0,0.38,0.59,2021-02-28,836,N20,VIIRS,h,2,304.53,8.49,D,0
19.24714,78.64169,367.0,0.38,0.59,2021-02-28,836,N20,VIIRS,h,2,304.61,11.35,D,0
19.2489,78.71507,330.29,0.38,0.59,2021-02-28,836,N20,VIIRS,l,2,304.27,1.93,D,0
19.25218,78.63748,345.93,0.38,0.59,2021-02-28,836,N20,VIIRS,n,2,304.37,7.89,D,0
19.26189,78.62541,349.55,0.38,0.59,2021-02-28,836,N20,VIIRS,n,2,303.32,7.99,D,0
19.26561,78.84165,350.66,0.39,0.59,2021-02-28,836,N20,VIIRS,n,2,304.17,5.63,D,0
19.26682,78.84175,354.92,0.39,0.59,2021-02-28,836,N20,VIIRS,n,2,304.47,5.35,D,0
19.27229,78.84113,342.63,0.39,0.59,2021-02-28,836,N20,VIIRS,n,2,302.82,5.35,D,0
19.27833,78.57236,337.85,0.37,0.58,2021-02-28,836,N20,VIIRS,n,2,305.29,5.53,D,0
19.30748,78.69762,337.26,0.38,0.59,2021-02-28,836,N20,VIIRS,n,2,302.74,4.31,D,0
19.30785,78.70119,343.09,0.38,0.59,2021-02-28,836,N20,VIIRS,n,2,302.63,3.83,D,0
19.31432,78.60468,353.91,0.38,0.58,2021-02-28,836,N20,VIIRS,n,2,312.08,10.43,D,0
19.37128,79.1621,332.59,0.41,0.61,2021-02-28,836,N20,VIIRS,l,2,306.97,2.99,D,0
19.37726,79.16539,337.88,0.41,0.61,2021-02-28,836,N20,VIIRS,n,2,304.31,1.85,D,0
19.3777,78.19495,338.9,0.35,0.57,2021-02-28,836,N20,VIIRS,l,2,310.85,5.47,D,0
19.38275,78.55532,339.03,0.37,0.58,2021-02-28,836,N20,VIIRS,l,2,313.84,4.7,D,0
19.38322,79.12464,350.35,0.41,0.61,2021-02-28,836,N20,VIIRS,n,2,307.89,6.23,D,0
19.38444,79.12486,352.23,0.41,0.6,2021-02-28,836,N20,VIIRS,n,2,307.98,4.31,D,0
19.38483,79.12872,333.56,0.41,0.6,2021-02-28,836,N20,VIIRS,l,2,307.16,4.31,D,0
19.38915,79.12769,341.0,0.41,0.61,2021-02-28,836,N20,VIIRS,n,2,307.81,3.16,D,0
19.3904,79.12804,349.83,0.41,0.6,2021-02-28,836,N20,VIIRS,n,2,307.93,4.31,D,0
19.39475,79.12732,334.29,0.41,0.61,2021-02-28,836,N20,VIIRS,l,2,306.51,3.16,D,0
19.40593,79.06787,332.89,0.41,0.6,2021-02-28,836,N20,VIIRS,l,2,307.63,1.8,D,0
19.44785,79.20852,342.65,0.41,0.61,2021-02-28,836,N20,VIIRS,n,2,308.01,4.36,D,0
19.49598,80.08967,333.95,0.47,0.64,2021-02-28,836,N20,VIIRS,n,2,302.74,2.75,D,0
19.49639,80.09418,330.28,0.47,0.64,2021-02-28,836,N20,VIIRS,l,2,304.06,2.75,D,0
19.49866,80.0932,342.04,0.47,0.64,2021-02-28,836,N20,VIIRS,n,2,304.25,4.77,D,0
19.51089,79.38457,331.68,0.43,0.62,2021-02-28,836,N20,VIIRS,l,2,306.5,2.67,D,0
19.51128,79.38846,336.28,0.43,0.62,2021-02-28,836,N20,VIIRS,n,2,306.69,3.94,D,0
19.51164,79.39207,367.0,0.43,0.62,2021-02-28,836,N20,VIIRS,h,2,307.11,3.94,D,0
19.51418,79.3906,367.0,0.43,0.62,2021-02-28,836,N20,VIIRS,h,2,310.11,12.46,D,0
19.51452,79.39426,331.21,0.43,0.62,2021-02-28,836,N20,VIIRS,n,2,305.27,6.0,D,0
19.51727,79.39097,341.68,0.43,0.62,2021-02-28,836,N20,VIIRS,n,2,306.39,4.56,D,0
19.52323,78.67622,344.22,0.38,0.59,2021-02-28,836,N20,VIIRS,n,2,313.11,2.62,D,0
19.52615,78.40607,336.26,0.37,0.58,2021-02-28,836,N20,VIIRS,l,2,309.86,3.0,D,0
19.52649,78.40952,337.74,0.37,0.58,2021-02-28,836,N20,VIIRS,l,2,309.91,2.24,D,0
19.55391,78.41383,335.44,0.37,0.58,2021-02-28,836,N20,VIIRS,l,2,309.22,1.43,D,0
19.56116,78.48674,338.62,0.37,0.58,2021-02-28,836,N20,VIIRS,l,2,312.18,3.31,D,0
19.56661,78.32607,335.84,0.36,0.58,2021-02-28,836,N20,VIIRS,l,2,308.31,2.55,D,0
19.59777,78.52669,341.26,0.37,0.58,2021-02-28,836,N20,VIIRS,l,2,315.13,6.43,D,0
19.62991,78.68194,340.03,0.38,0.59,2021-02-28,836,N20,VIIRS,l,2,314.93,7.65,D,0
19.66317,78.72358,342.51,0.39,0.59,2021-02-28,836,N20,VIIRS,n,2,312.27,1.83,D,0
19.68368,78.27273,337.11,0.36,0.57,2021-02-28,836,N20,VIIRS,l,2,309.25,3.4,D,0
19.69131,79.12535,344.86,0.41,0.61,2021-02-28,836,N20,VIIRS,n,2,307.72,4.15,D,0
19.77995,81.47229,354.87,0.59,0.7,2021-02-28,836,N20,VIIRS,n,2,306.01,8.36,D,0
19.78068,78.44884,347.51,0.37,0.58,2021-02-28,836,N20,VIIRS,n,2,312.61,8.0,D,0
19.82071,80.53504,332.21,0.51,0.66,2021-02-28,836,N20,VIIRS,n,2,301.96,1.32,D,0
19.82104,80.53294,330.33,0.51,0.66,2021-02-28,836,N20,VIIRS,l,2,302.78,3.28,D,0
19.82894,77.47788,335.99,0.32,0.55,2021-02-28,836,N20,VIIRS,l,2,307.48,5.48,D,0
19.95599,80.59125,336.55,0.52,0.67,2021-02-28,836,N20,VIIRS,l,2,309.54,7.61,D,0
19.95655,80.59476,342.02,0.52,0.67,2021-02-28,836,N20,VIIRS,n,2,308.69,10.32,D,0
17.76554,80.28034,304.9,0.56,0.69,2021-02-28,1926,N20,VIIRS,n,2,293.06,0.86,N,0
17.79866,80.19994,303.88,0.57,0.69,2021-02-28,1926,N20,VIIRS,n,2,292.93,1.51,N,0
17.82439,80.06179,306.65,0.58,0.7,2021-02-28,1926,N20,VIIRS,n,2,290.99,0.66,N,0
17.93913,80.1697,311.57,0.57,0.69,2021-02-28,1926,N20,VIIRS,n,2,292.01,1.14,N,0
18.01106,80.2487,302.33,0.57,0.69,2021-02-28,1926,N20,VIIRS,n,2,290.31,0.61,N,0
18.77327,80.39054,308.24,0.57,0.69,2021-02-28,1926,N20,VIIRS,n,2,291.58,1.63,N,0
18.77372,80.38568,308.32,0.57,0.69,2021-02-28,1926,N20,VIIRS,n,2,291.7,1.63,N,0
15.59576,78.96959,311.52,0.65,0.73,2021-02-28,1927,N20,VIIRS,n,2,292.94,2.64,N,0
15.59836,78.97906,306.57,0.65,0.73,2021-02-28,1927,N20,VIIRS,n,2,294.19,1.32,N,0
15.59925,78.97047,304.65,0.65,0.73,2021-02-28,1927,N20,VIIRS,n,2,292.88,1.32,N,0
15.60157,78.97974,310.23,0.65,0.73,2021-02-28,1927,N20,VIIRS,n,2,294.71,2.85,N,0
15.60501,78.98039,305.19,0.65,0.73,2021-02-28,1927,N20,VIIRS,n,2,294.15,1.32,N,0
15.62085,78.9906,304.88,0.65,0.73,2021-02-28,1927,N20,VIIRS,n,2,294.46,1.42,N,0
15.62724,78.99458,305.9,0.65,0.73,2021-02-28,1927,N20,VIIRS,n,2,293.8,1.42,N,0
15.77063,78.88224,307.86,0.66,0.73,2021-02-28,1927,N20,VIIRS,n,2,292.82,2.02,N,0
15.77131,78.87534,304.63,0.66,0.73,2021-02-28,1927,N20,VIIRS,n,2,291.55,2.02,N,0
15.77386,78.87334,305.92,0.66,0.73,2021-02-28,1927,N20,VIIRS,n,2,291.29,1.86,N,0
16.07296,80.18315,309.48,0.54,0.68,2021-02-28,1927,N20,VIIRS,n,2,292.96,1.98,N,0
16.07714,80.17953,312.28,0.54,0.68,2021-02-28,1927,N20,VIIRS,n,2,292.3,1.46,N,0
16.27562,78.87171,303.64,0.67,0.74,2021-02-28,1927,N20,VIIRS,n,2,290.91,1.53,N,0
18.01015,80.25034,299.96,0.62,0.72,2021-02-28,2106,N20,VIIRS,n,2,289.62,0.45,N,0
18.71963,79.50698,298.88,0.54,0.68,2021-02-28,2106,N20,VIIRS,n,2,283.01,1.4,N,0
18.71963,79.5102,301.01,0.54,0.68,2021-02-28,2106,N20,VIIRS,n,2,281.57,2.09,N,0
18.72075,79.50517,295.94,0.54,0.68,2021-02-28,2106,N20,VIIRS,n,2,275.24,1.4,N,0
19.13945,80.01674,307.3,0.57,0.69,2021-02-28,2106,N20,VIIRS,n,2,283.84,2.77,N,0
19.14163,80.01957,298.44,0.57,0.69,2021-02-28,2106,N20,VIIRS,n,2,279.19,4.3,N,0
19.14265,80.01506,299.98,0.57,0.69,2021-02-28,2106,N20,VIIRS,n,2,282.88,4.03,N,0
15.59003,78.97691,306.07,0.58,0.7,2021-02-28,2107,N20,VIIRS,n,2,293.41,2.06,N,0
15.62882,78.99277,309.1,0.58,0.7,2021-02-28,2107,N20,VIIRS,n,2,293.42,2.11,N,0
15.63445,78.87695,309.66,0.57,0.69,2021-02-28,2107,N20,VIIRS,n,2,291.75,2.72,N,0
16.04306,78.84315,306.24,0.56,0.68,2021-02-28,2107,N20,VIIRS,n,2,290.59,0.36,N,0
16.04474,78.84447,306.91,0.56,0.68,2021-02-28,2107,N20,VIIRS,n,2,290.48,0.47,N,0
16.24689,78.97205,305.47,0.56,0.69,2021-02-28,2107,N20,VIIRS,n,2,292.49,0.47,N,0
17.14574,78.22433,301.38,0.48,0.65,2021-02-28,2107,N20,VIIRS,n,2,289.84,0.69,N,2
17.14677,78.22552,299.86,0.48,0.65,2021-02-28,2107,N20,VIIRS,n,2,289.73,0.77,N,2
17.47519,77.59104,343.58,0.43,0.62,2021-02-28,2107,N20,VIIRS,n,2,289.19,6.17,N,0
17.75919,80.25072,305.74,0.63,0.72,2021-02-28,2107,N20,VIIRS,n,2,292.27,2.18,N,0
