latitude,longitude,bright_ti4,scan,track,acq_date,acq_time,satellite,instrument,confidence,version,bright_ti5,frp,daynight,type
15.50154,78.63212,333.94,0.39,0.36,2024-03-15,804,N20,VIIRS,l,2,308.62,1.75,D,0
15.50207,78.63572,338.59,0.39,0.36,2024-03-15,804,N20,VIIRS,n,2,309.09,1.75,D,0
15.50512,78.49551,339.66,0.39,0.36,2024-03-15,804,N20,VIIRS,l,2,311.33,6.29,D,0
15.51336,79.0351,335.95,0.4,0.37,2024-03-15,804,N20,VIIRS,l,2,306.64,1.48,D,0
15.51464,79.9642,333.12,0.42,0.38,2024-03-15,804,N20,VIIRS,l,2,306.08,0.94,D,0
15.51725,79.03831,334.79,0.4,0.37,2024-03-15,804,N20,VIIRS,l,2,305.59,2.2,D,0
15.55969,80.15793,331.41,0.43,0.38,2024-03-15,804,N20,VIIRS,l,2,305.53,1.75,D,0
15.58556,78.83344,333.39,0.39,0.36,2024-03-15,804,N20,VIIRS,l,2,307.11,2.45,D,0
15.59114,79.71609,343.6,0.41,0.37,2024-03-15,804,N20,VIIRS,n,2,310.4,5.27,D,0
15.6915,78.79324,334.9,0.39,0.36,2024-03-15,804,N20,VIIRS,l,2,306.09,2.83,D,0
15.69484,78.7928,335.11,0.39,0.36,2024-03-15,804,N20,VIIRS,n,2,304.92,2.83,D,0
15.69537,78.79637,330.37,0.39,0.36,2024-03-15,804,N20,VIIRS,l,2,304.38,2.83,D,0
15.69714,78.78523,335.8,0.39,0.36,2024-03-15,804,N20,VIIRS,l,2,307.09,6.4,D,0
15.70714,78.78374,331.54,0.39,0.36,2024-03-15,804,N20,VIIRS,l,2,304.68,3.39,D,0
15.71102,78.78692,336.4,0.39,0.36,2024-03-15,804,N20,VIIRS,n,2,304.57,3.09,D,0
15.75015,80.09782,338.57,0.43,0.38,2024-03-15,804,N20,VIIRS,n,2,306.46,2.24,D,0
15.77973,78.63164,336.76,0.39,0.36,2024-03-15,804,N20,VIIRS,l,2,310.65,3.7,D,0
15.8075,79.83655,334.33,0.42,0.37,2024-03-15,804,N20,VIIRS,l,2,306.44,2.31,D,0
15.81338,78.65228,339.57,0.39,0.36,2024-03-15,804,N20,VIIRS,n,2,306.31,4.19,D,0
15.81612,78.97225,341.68,0.4,0.37,2024-03-15,804,N20,VIIRS,n,2,309.13,5.45,D,0
15.81665,78.97588,344.01,0.4,0.37,2024-03-15,804,N20,VIIRS,n,2,308.97,5.06,D,0
15.85477,79.35787,339.26,0.4,0.37,2024-03-15,804,N20,VIIRS,l,2,310.69,4.34,D,0
15.8971,79.82736,337.23,0.42,0.38,2024-03-15,804,N20,VIIRS,l,2,307.47,1.3,D,0
15.90116,78.81237,331.56,0.39,0.36,2024-03-15,804,N20,VIIRS,l,2,305.82,3.34,D,0
15.90449,78.81182,348.07,0.39,0.36,2024-03-15,804,N20,VIIRS,n,2,306.52,6.53,D,0
15.92459,79.36253,346.69,0.4,0.37,2024-03-15,804,N20,VIIRS,n,2,306.9,4.23,D,0
15.93692,78.87009,338.89,0.39,0.37,2024-03-15,804,N20,VIIRS,n,2,303.45,3.5,D,0
15.94306,79.29033,340.28,0.4,0.37,2024-03-15,804,N20,VIIRS,l,2,313.36,5.01,D,0
15.95701,79.97806,337.01,0.42,0.38,2024-03-15,804,N20,VIIRS,l,2,307.84,5.01,D,0
15.95757,79.98199,334.44,0.42,0.38,2024-03-15,804,N20,VIIRS,l,2,307.61,5.01,D,0
15.96099,79.39135,337.28,0.41,0.37,2024-03-15,804,N20,VIIRS,n,2,307.28,1.89,D,0
15.9624,78.51347,339.24,0.39,0.36,2024-03-15,804,N20,VIIRS,l,2,313.68,5.29,D,0
15.96563,78.62764,336.18,0.39,0.36,2024-03-15,804,N20,VIIRS,l,2,306.73,1.07,D,0
15.97697,79.45461,337.79,0.41,0.37,2024-03-15,804,N20,VIIRS,n,2,307.89,2.48,D,0
15.97784,78.61817,339.61,0.39,0.36,2024-03-15,804,N20,VIIRS,n,2,306.99,2.3,D,0
15.97789,79.05605,347.51,0.4,0.37,2024-03-15,804,N20,VIIRS,n,2,308.35,3.81,D,0
15.97837,78.62178,340.91,0.39,0.36,2024-03-15,804,N20,VIIRS,n,2,307.59,3.09,D,0
15.9805,78.63626,342.99,0.39,0.36,2024-03-15,804,N20,VIIRS,n,2,310.55,5.87,D,0
15.98069,79.05176,343.87,0.4,0.37,2024-03-15,804,N20,VIIRS,n,2,309.25,7.4,D,0
15.98169,78.62124,332.02,0.39,0.36,2024-03-15,804,N20,VIIRS,l,2,306.38,3.09,D,0
15.98223,78.62486,345.24,0.39,0.36,2024-03-15,804,N20,VIIRS,n,2,309.44,3.09,D,0
15.98286,79.06659,343.62,0.4,0.37,2024-03-15,804,N20,VIIRS,n,2,307.58,2.76,D,0
15.98396,79.07405,335.07,0.4,0.37,2024-03-15,804,N20,VIIRS,l,2,306.81,1.83,D,0
15.98621,79.06605,338.77,0.4,0.37,2024-03-15,804,N20,VIIRS,n,2,305.84,2.76,D,0
15.99454,79.06083,355.15,0.4,0.37,2024-03-15,804,N20,VIIRS,n,2,309.93,9.36,D,0
16.01348,79.88551,339.28,0.42,0.38,2024-03-15,804,N20,VIIRS,l,2,311.18,6.83,D,0
16.02481,78.63682,336.81,0.39,0.36,2024-03-15,804,N20,VIIRS,n,2,305.73,4.72,D,0
16.03093,78.63218,345.5,0.39,0.36,2024-03-15,804,N20,VIIRS,n,2,308.76,8.71,D,0
16.03147,78.6358,350.39,0.39,0.36,2024-03-15,804,N20,VIIRS,n,2,308.65,5.7,D,0
16.032,78.63943,343.0,0.39,0.36,2024-03-15,804,N20,VIIRS,n,2,306.85,5.7,D,0
16.03221,77.13152,343.82,0.39,0.36,2024-03-15,804,N20,VIIRS,l,2,314.42,6.8,D,0
16.03425,78.63165,345.17,0.39,0.36,2024-03-15,804,N20,VIIRS,n,2,308.21,8.6,D,0
16.03448,79.00523,334.4,0.4,0.37,2024-03-15,804,N20,VIIRS,n,2,304.54,4.0,D,0
16.03479,78.63526,351.37,0.39,0.36,2024-03-15,804,N20,VIIRS,n,2,311.65,12.34,D,0
16.03502,79.00893,335.89,0.4,0.37,2024-03-15,804,N20,VIIRS,n,2,303.71,4.18,D,0
16.09602,77.88531,340.97,0.38,0.36,2024-03-15,804,N20,VIIRS,l,2,312.98,6.58,D,0
16.09636,78.50216,345.28,0.39,0.36,2024-03-15,804,N20,VIIRS,n,2,309.91,5.15,D,0
16.09968,78.50166,355.57,0.39,0.36,2024-03-15,804,N20,VIIRS,n,2,312.14,5.15,D,0
16.11083,79.06819,337.99,0.4,0.37,2024-03-15,804,N20,VIIRS,n,2,306.08,5.28,D,0
16.11137,79.07193,342.09,0.4,0.37,2024-03-15,804,N20,VIIRS,n,2,306.51,3.01,D,0
16.11191,79.07571,332.54,0.4,0.37,2024-03-15,804,N20,VIIRS,l,2,304.65,3.01,D,0
16.11577,78.28885,339.14,0.39,0.36,2024-03-15,804,N20,VIIRS,l,2,309.87,2.58,D,0
16.11636,79.08278,339.58,0.4,0.37,2024-03-15,804,N20,VIIRS,n,2,305.32,2.59,D,0
16.11972,79.08232,343.32,0.4,0.37,2024-03-15,804,N20,VIIRS,n,2,306.77,5.16,D,0
16.13089,79.0883,336.66,0.4,0.37,2024-03-15,804,N20,VIIRS,n,2,306.06,2.86,D,0
16.16123,78.64356,338.63,0.39,0.36,2024-03-15,804,N20,VIIRS,n,2,306.36,2.46,D,0
16.16546,79.11348,336.76,0.4,0.37,2024-03-15,804,N20,VIIRS,l,2,309.41,3.95,D,0
16.22098,79.23489,332.95,0.4,0.37,2024-03-15,804,N20,VIIRS,l,2,307.73,1.87,D,0
16.23274,79.24454,335.66,0.4,0.37,2024-03-15,804,N20,VIIRS,l,2,306.6,1.65,D,0
16.2334,81.22387,333.6,0.48,0.4,2024-03-15,804,N20,VIIRS,n,2,303.48,3.33,D,0
16.23631,78.69125,334.82,0.39,0.36,2024-03-15,804,N20,VIIRS,l,2,307.38,2.89,D,0
16.23684,78.69489,344.77,0.39,0.36,2024-03-15,804,N20,VIIRS,n,2,307.83,2.89,D,0
16.24017,78.69437,350.96,0.39,0.36,2024-03-15,804,N20,VIIRS,n,2,309.69,11.96,D,0
16.24196,78.56804,337.81,0.39,0.36,2024-03-15,804,N20,VIIRS,n,2,303.76,4.29,D,0
16.2435,78.69384,338.27,0.39,0.36,2024-03-15,804,N20,VIIRS,l,2,310.11,11.96,D,0
16.24404,78.69749,337.22,0.39,0.36,2024-03-15,804,N20,VIIRS,n,2,305.34,7.56,D,0
16.24737,78.69696,356.02,0.39,0.36,2024-03-15,804,N20,VIIRS,n,2,311.92,15.21,D,0
16.2507,78.69644,353.63,0.39,0.36,2024-03-15,804,N20,VIIRS,n,2,308.53,15.21,D,0
16.25403,78.69593,349.05,0.39,0.36,2024-03-15,804,N20,VIIRS,n,2,306.24,6.93,D,0
16.28178,80.36549,336.44,0.44,0.38,2024-03-15,804,N20,VIIRS,n,2,305.39,1.36,D,0
16.41642,79.59432,342.06,0.41,0.37,2024-03-15,804,N20,VIIRS,n,2,309.9,5.58,D,0
16.42195,79.70837,333.42,0.42,0.38,2024-03-15,804,N20,VIIRS,l,2,305.29,1.32,D,0
16.45148,79.64439,342.32,0.42,0.37,2024-03-15,804,N20,VIIRS,n,2,309.76,5.18,D,0
16.51119,79.71885,332.79,0.42,0.38,2024-03-15,804,N20,VIIRS,l,2,307.21,2.77,D,0
16.55173,77.13187,345.38,0.39,0.36,2024-03-15,804,N20,VIIRS,l,2,316.52,12.54,D,0
16.5699,77.58302,339.35,0.38,0.36,2024-03-15,804,N20,VIIRS,l,2,309.83,5.48,D,0
16.57369,78.01521,339.23,0.39,0.36,2024-03-15,804,N20,VIIRS,n,2,305.81,8.73,D,0
16.57699,78.01468,339.26,0.39,0.36,2024-03-15,804,N20,VIIRS,n,2,306.62,8.73,D,0
16.58411,80.8932,336.72,0.47,0.4,2024-03-15,804,N20,VIIRS,n,2,304.62,8.62,D,0
16.62055,80.07562,332.99,0.43,0.38,2024-03-15,804,N20,VIIRS,n,2,302.11,0.72,D,0
16.63946,77.64118,338.18,0.38,0.36,2024-03-15,804,N20,VIIRS,l,2,309.25,5.45,D,0
16.74741,78.06381,337.73,0.39,0.36,2024-03-15,804,N20,VIIRS,n,2,307.43,5.98,D,0
16.76306,78.74654,340.48,0.4,0.37,2024-03-15,804,N20,VIIRS,l,2,312.37,7.28,D,0
16.76499,77.48085,336.79,0.38,0.36,2024-03-15,804,N20,VIIRS,l,2,311.14,3.48,D,0
16.79055,78.70073,336.32,0.39,0.37,2024-03-15,804,N20,VIIRS,n,2,305.66,2.69,D,0
16.79331,77.78032,338.17,0.38,0.36,2024-03-15,804,N20,VIIRS,l,2,309.34,2.8,D,0
16.80539,78.15776,344.09,0.39,0.36,2024-03-15,804,N20,VIIRS,n,2,312.08,9.44,D,0
16.80593,78.16137,339.7,0.39,0.36,2024-03-15,804,N20,VIIRS,n,2,308.98,3.71,D,0
16.8367,81.16834,344.87,0.49,0.4,2024-03-15,804,N20,VIIRS,n,2,301.57,4.82,D,0
16.8407,80.33623,336.12,0.44,0.39,2024-03-15,804,N20,VIIRS,n,2,301.86,5.52,D,0
16.89769,80.17605,333.57,0.44,0.38,2024-03-15,804,N20,VIIRS,n,2,299.24,1.6,D,0
16.91349,79.03537,335.03,0.4,0.37,2024-03-15,804,N20,VIIRS,l,2,308.05,4.19,D,0
16.97907,79.22633,336.18,0.41,0.37,2024-03-15,804,N20,VIIRS,l,2,306.23,4.26,D,0
17.04088,79.11963,335.16,0.41,0.37,2024-03-15,804,N20,VIIRS,n,2,302.71,2.14,D,0
17.13135,80.3759,333.36,0.45,0.39,2024-03-15,804,N20,VIIRS,n,2,300.15,3.34,D,0
17.24656,80.53275,332.49,0.46,0.39,2024-03-15,804,N20,VIIRS,n,2,301.54,3.45,D,0
17.40091,81.47607,333.49,0.51,0.41,2024-03-15,804,N20,VIIRS,n,2,301.38,3.76,D,0
17.40532,81.48027,338.81,0.51,0.41,2024-03-15,804,N20,VIIRS,n,2,302.11,9.23,D,0
17.40594,81.48273,339.18,0.51,0.41,2024-03-15,804,N20,VIIRS,n,2,302.26,6.88,D,0
16.98483,77.20889,339.83,0.38,0.36,2024-03-15,805,N20,VIIRS,l,2,313.07,7.98,D,0
17.00117,77.36023,339.92,0.38,0.36,2024-03-15,805,N20,VIIRS,l,2,311.0,4.71,D,0
17.17093,77.24716,346.09,0.38,0.36,2024-03-15,805,N20,VIIRS,l,2,317.41,7.66,D,0
17.22629,77.79277,340.41,0.39,0.36,2024-03-15,805,N20,VIIRS,l,2,315.33,7.45,D,0
17.27095,77.2562,342.42,0.38,0.36,2024-03-15,805,N20,VIIRS,l,2,315.27,12.99,D,0
17.27442,77.68563,338.87,0.38,0.36,2024-03-15,805,N20,VIIRS,l,2,308.99,3.58,D,0
17.27496,77.68922,339.22,0.38,0.36,2024-03-15,805,N20,VIIRS,l,2,311.19,3.58,D,0
17.37618,79.38518,336.41,0.41,0.37,2024-03-15,805,N20,VIIRS,l,2,308.49,3.39,D,0
17.45478,77.21799,346.97,0.38,0.36,2024-03-15,805,N20,VIIRS,n,2,320.29,17.55,D,0
17.57269,77.61353,343.28,0.38,0.36,2024-03-15,805,N20,VIIRS,n,2,313.12,4.58,D,0
17.59742,77.23732,349.49,0.38,0.36,2024-03-15,805,N20,VIIRS,n,2,319.32,12.25,D,0
17.65918,78.54631,335.46,0.4,0.37,2024-03-15,805,N20,VIIRS,l,2,305.54,3.62,D,0
17.79739,80.21291,347.78,0.45,0.39,2024-03-15,805,N20,VIIRS,n,2,301.9,7.14,D,0
17.79872,78.24483,331.23,0.39,0.36,2024-03-15,805,N20,VIIRS,l,2,305.38,3.33,D,0
17.80834,77.08397,341.61,0.38,0.36,2024-03-15,805,N20,VIIRS,l,2,315.92,7.83,D,0
17.82195,77.26221,342.6,0.38,0.36,2024-03-15,805,N20,VIIRS,l,2,316.85,10.39,D,0
17.82721,80.52727,336.72,0.46,0.39,2024-03-15,805,N20,VIIRS,n,2,305.46,3.2,D,0
17.83473,80.19442,342.55,0.45,0.39,2024-03-15,805,N20,VIIRS,n,2,300.45,4.05,D,0
17.83828,80.19388,342.05,0.45,0.39,2024-03-15,805,N20,VIIRS,n,2,300.66,4.05,D,0
17.83886,80.1981,333.94,0.45,0.39,2024-03-15,805,N20,VIIRS,l,2,304.13,4.05,D,0
17.84299,80.2018,342.28,0.45,0.39,2024-03-15,805,N20,VIIRS,n,2,305.09,7.87,D,0
17.84663,80.17566,341.52,0.45,0.39,2024-03-15,805,N20,VIIRS,n,2,304.74,4.3,D,0
17.85018,80.17513,341.82,0.45,0.39,2024-03-15,805,N20,VIIRS,n,2,304.07,4.3,D,0
17.85186,80.42731,335.13,0.46,0.39,2024-03-15,805,N20,VIIRS,n,2,301.17,4.24,D,0
17.85348,80.85403,330.27,0.48,0.4,2024-03-15,805,N20,VIIRS,l,2,305.06,2.59,D,0
17.85701,80.79938,341.33,0.48,0.4,2024-03-15,805,N20,VIIRS,n,2,303.23,3.23,D,0
17.85714,79.96628,331.96,0.44,0.38,2024-03-15,805,N20,VIIRS,l,2,302.63,3.58,D,0
17.85728,79.96224,334.31,0.44,0.38,2024-03-15,805,N20,VIIRS,n,2,302.92,3.46,D,0
17.8577,80.80273,336.81,0.48,0.4,2024-03-15,805,N20,VIIRS,n,2,305.34,5.4,D,0
17.87549,80.22707,337.87,0.45,0.39,2024-03-15,805,N20,VIIRS,l,2,308.79,2.66,D,0
17.87607,80.23126,340.11,0.45,0.39,2024-03-15,805,N20,VIIRS,n,2,308.01,4.32,D,0
17.88264,80.20022,337.88,0.45,0.39,2024-03-15,805,N20,VIIRS,n,2,304.45,4.83,D,0
17.88714,77.33613,342.93,0.38,0.36,2024-03-15,805,N20,VIIRS,l,2,317.44,12.73,D,0
17.8997,80.2498,338.74,0.45,0.39,2024-03-15,805,N20,VIIRS,n,2,308.53,4.53,D,0
17.90268,80.83413,345.08,0.48,0.4,2024-03-15,805,N20,VIIRS,n,2,304.79,5.82,D,0
17.9027,80.24511,332.32,0.45,0.39,2024-03-15,805,N20,VIIRS,l,2,304.81,4.53,D,0
17.90327,80.24931,346.35,0.45,0.39,2024-03-15,805,N20,VIIRS,n,2,307.77,4.53,D,0
17.93832,80.40176,330.64,0.46,0.39,2024-03-15,805,N20,VIIRS,l,2,304.04,1.98,D,0
17.94191,80.40118,337.91,0.46,0.39,2024-03-15,805,N20,VIIRS,n,2,303.5,2.23,D,0
17.94919,80.37376,336.03,0.46,0.39,2024-03-15,805,N20,VIIRS,l,2,308.35,5.4,D,0
17.95556,80.23303,334.53,0.45,0.39,2024-03-15,805,N20,VIIRS,n,2,304.42,3.87,D,0
17.95576,80.15536,344.89,0.45,0.39,2024-03-15,805,N20,VIIRS,n,2,307.49,8.84,D,0
17.95614,80.23728,335.14,0.45,0.39,2024-03-15,805,N20,VIIRS,n,2,303.73,1.62,D,0
17.9597,80.23674,332.68,0.45,0.39,2024-03-15,805,N20,VIIRS,l,2,304.07,1.62,D,0
17.96068,80.32379,333.69,0.46,0.39,2024-03-15,805,N20,VIIRS,l,2,306.06,2.75,D,0
17.96477,80.71166,340.47,0.47,0.4,2024-03-15,805,N20,VIIRS,n,2,306.44,6.54,D,0
17.96782,80.3227,342.9,0.46,0.39,2024-03-15,805,N20,VIIRS,n,2,306.76,8.8,D,0
17.97119,80.40107,340.18,0.46,0.39,2024-03-15,805,N20,VIIRS,n,2,304.88,4.82,D,0
17.97737,80.31247,340.27,0.45,0.39,2024-03-15,805,N20,VIIRS,n,2,302.96,3.62,D,0
17.98963,81.46764,338.09,0.52,0.41,2024-03-15,805,N20,VIIRS,n,2,307.57,5.12,D,0
17.99705,80.32285,331.99,0.46,0.39,2024-03-15,805,N20,VIIRS,l,2,305.14,2.29,D,0
18.00359,80.34377,344.9,0.46,0.39,2024-03-15,805,N20,VIIRS,n,2,305.85,6.17,D,0
18.00947,80.31735,339.72,0.46,0.39,2024-03-15,805,N20,VIIRS,n,2,305.86,3.8,D,0
18.01075,80.31638,339.32,0.46,0.39,2024-03-15,805,N20,VIIRS,n,2,304.94,3.01,D,0
18.01134,80.347,331.82,0.46,0.39,2024-03-15,805,N20,VIIRS,l,2,303.34,2.26,D,0
18.01348,80.34747,334.06,0.46,0.39,2024-03-15,805,N20,VIIRS,n,2,304.02,3.83,D,0
18.01485,80.50583,334.66,0.46,0.39,2024-03-15,805,N20,VIIRS,l,2,307.53,3.38,D,0
18.01493,80.34646,331.61,0.46,0.39,2024-03-15,805,N20,VIIRS,l,2,304.78,1.88,D,0
18.01763,80.3512,331.03,0.46,0.39,2024-03-15,805,N20,VIIRS,l,2,304.27,2.63,D,0
18.0182,80.3555,335.49,0.46,0.39,2024-03-15,805,N20,VIIRS,n,2,303.32,2.63,D,0
18.01836,80.32927,338.99,0.46,0.39,2024-03-15,805,N20,VIIRS,n,2,305.87,5.93,D,0
18.0191,80.35018,334.66,0.46,0.39,2024-03-15,805,N20,VIIRS,n,2,304.55,4.03,D,0
18.01969,80.35448,345.35,0.46,0.39,2024-03-15,805,N20,VIIRS,n,2,303.75,4.03,D,0
18.02122,80.35066,332.81,0.46,0.39,2024-03-15,805,N20,VIIRS,l,2,303.16,2.69,D,0
18.02179,80.35497,335.66,0.46,0.39,2024-03-15,805,N20,VIIRS,n,2,303.33,2.69,D,0
18.02379,80.31526,334.73,0.46,0.39,2024-03-15,805,N20,VIIRS,n,2,304.24,3.42,D,0
18.02498,80.18907,338.03,0.45,0.39,2024-03-15,805,N20,VIIRS,n,2,297.26,3.18,D,0
18.02537,80.35441,338.17,0.46,0.39,2024-03-15,805,N20,VIIRS,n,2,302.07,2.69,D,0
18.02679,80.31045,344.71,0.46,0.39,2024-03-15,805,N20,VIIRS,n,2,303.98,5.57,D,0
18.0274,80.18015,330.64,0.45,0.39,2024-03-15,805,N20,VIIRS,l,2,301.97,1.89,D,0
18.02797,80.18435,330.27,0.45,0.39,2024-03-15,805,N20,VIIRS,n,2,299.67,1.74,D,0
18.02979,80.30563,334.15,0.46,0.39,2024-03-15,805,N20,VIIRS,n,2,303.09,5.02,D,0
18.03037,80.30995,341.21,0.46,0.39,2024-03-15,805,N20,VIIRS,n,2,304.68,5.02,D,0
18.04424,80.41338,335.76,0.46,0.39,2024-03-15,805,N20,VIIRS,n,2,304.47,3.39,D,0
18.04737,80.2202,337.94,0.45,0.39,2024-03-15,805,N20,VIIRS,n,2,303.21,5.73,D,0
18.05093,80.21968,348.22,0.45,0.39,2024-03-15,805,N20,VIIRS,n,2,305.54,5.73,D,0
18.05151,80.22395,341.47,0.45,0.39,2024-03-15,805,N20,VIIRS,n,2,304.0,3.36,D,0
18.0529,80.50594,334.2,0.47,0.39,2024-03-15,805,N20,VIIRS,l,2,306.91,2.71,D,0
18.05507,80.22342,355.4,0.45,0.39,2024-03-15,805,N20,VIIRS,n,2,304.06,9.42,D,0
18.05651,80.5054,337.0,0.47,0.39,2024-03-15,805,N20,VIIRS,n,2,306.87,3.81,D,0
18.05899,80.30568,338.22,0.46,0.39,2024-03-15,805,N20,VIIRS,n,2,306.25,2.56,D,0
18.06963,80.11813,340.5,0.45,0.39,2024-03-15,805,N20,VIIRS,n,2,304.2,5.21,D,0
18.07317,80.1176,342.16,0.45,0.39,2024-03-15,805,N20,VIIRS,n,2,304.54,5.21,D,0
18.11217,80.19457,332.3,0.45,0.39,2024-03-15,805,N20,VIIRS,n,2,302.0,4.56,D,0
18.11446,80.104,338.21,0.45,0.39,2024-03-15,805,N20,VIIRS,n,2,305.2,3.07,D,0
18.11989,80.19796,330.8,0.45,0.39,2024-03-15,805,N20,VIIRS,l,2,302.28,2.58,D,0
18.13406,80.22216,331.22,0.45,0.39,2024-03-15,805,N20,VIIRS,l,2,302.22,2.01,D,0
18.13831,81.42325,344.13,0.52,0.41,2024-03-15,805,N20,VIIRS,n,2,306.04,6.93,D,0
18.1417,78.24626,336.77,0.39,0.36,2024-03-15,805,N20,VIIRS,l,2,308.21,3.51,D,0
18.14223,78.24993,346.04,0.39,0.36,2024-03-15,805,N20,VIIRS,n,2,309.52,3.06,D,0
18.14228,81.48264,336.08,0.52,0.42,2024-03-15,805,N20,VIIRS,l,2,307.48,3.22,D,0
18.14277,78.25361,335.7,0.39,0.36,2024-03-15,805,N20,VIIRS,l,2,307.21,3.06,D,0
18.1466,78.12039,335.62,0.39,0.36,2024-03-15,805,N20,VIIRS,l,2,306.51,2.77,D,0
18.14939,78.11617,342.82,0.39,0.36,2024-03-15,805,N20,VIIRS,n,2,307.2,6.48,D,0
18.14988,80.42192,333.2,0.46,0.39,2024-03-15,805,N20,VIIRS,l,2,304.99,5.82,D,0
18.15195,80.4929,330.16,0.47,0.39,2024-03-15,805,N20,VIIRS,l,2,304.43,5.67,D,0
18.15271,78.11562,347.63,0.39,0.36,2024-03-15,805,N20,VIIRS,n,2,306.98,6.48,D,0
18.15348,80.42139,330.2,0.46,0.39,2024-03-15,805,N20,VIIRS,l,2,304.64,4.99,D,0
18.1593,80.46499,333.32,0.46,0.39,2024-03-15,805,N20,VIIRS,l,2,306.01,3.0,D,0
18.17411,81.40517,333.91,0.52,0.41,2024-03-15,805,N20,VIIRS,l,2,307.12,5.65,D,0
18.17474,81.41006,339.43,0.52,0.41,2024-03-15,805,N20,VIIRS,n,2,307.17,6.23,D,0
18.17707,80.35133,335.75,0.46,0.39,2024-03-15,805,N20,VIIRS,n,2,302.39,2.51,D,0
18.18178,78.80566,336.57,0.4,0.37,2024-03-15,805,N20,VIIRS,n,2,304.03,2.49,D,0
18.19533,78.24433,335.88,0.39,0.36,2024-03-15,805,N20,VIIRS,l,2,305.91,2.77,D,0
18.19811,78.24008,342.3,0.39,0.36,2024-03-15,805,N20,VIIRS,n,2,308.1,2.77,D,0
18.21097,78.07251,334.91,0.39,0.36,2024-03-15,805,N20,VIIRS,l,2,308.63,2.66,D,0
18.22869,80.23064,342.48,0.45,0.39,2024-03-15,805,N20,VIIRS,n,2,303.44,2.46,D,0
18.23163,80.8136,332.52,0.48,0.4,2024-03-15,805,N20,VIIRS,l,2,307.23,3.69,D,0
18.23226,80.2301,330.17,0.45,0.39,2024-03-15,805,N20,VIIRS,l,2,302.79,2.46,D,0
18.23841,79.8776,335.93,0.44,0.38,2024-03-15,805,N20,VIIRS,n,2,301.27,2.56,D,0
18.2491,80.32855,334.61,0.46,0.39,2024-03-15,805,N20,VIIRS,n,2,302.22,2.47,D,0
18.25374,80.04095,337.58,0.45,0.39,2024-03-15,805,N20,VIIRS,n,2,301.11,2.63,D,0
18.2582,78.11754,339.67,0.39,0.36,2024-03-15,805,N20,VIIRS,l,2,310.23,4.6,D,0
18.26715,80.66105,335.99,0.48,0.4,2024-03-15,805,N20,VIIRS,n,2,304.48,3.06,D,0
18.27076,80.66025,339.91,0.48,0.4,2024-03-15,805,N20,VIIRS,n,2,303.11,3.06,D,0
18.28048,78.08385,337.03,0.39,0.36,2024-03-15,805,N20,VIIRS,l,2,309.47,4.93,D,0
18.29604,80.79624,333.59,0.48,0.4,2024-03-15,805,N20,VIIRS,l,2,305.12,4.56,D,0
18.29661,80.79488,336.32,0.48,0.4,2024-03-15,805,N20,VIIRS,n,2,305.64,4.7,D,0
18.30365,80.27226,336.64,0.46,0.39,2024-03-15,805,N20,VIIRS,n,2,302.87,2.56,D,0
18.30731,78.66153,334.03,0.4,0.37,2024-03-15,805,N20,VIIRS,l,2,305.11,2.48,D,0
18.30948,80.61511,332.48,0.47,0.4,2024-03-15,805,N20,VIIRS,l,2,305.09,3.07,D,0
18.31545,80.38541,346.94,0.46,0.39,2024-03-15,805,N20,VIIRS,n,2,299.85,6.63,D,0
18.32909,80.76266,331.35,0.48,0.4,2024-03-15,805,N20,VIIRS,l,2,304.41,1.9,D,0
18.33185,80.24759,341.89,0.46,0.39,2024-03-15,805,N20,VIIRS,n,2,301.72,6.99,D,0
18.33261,80.59371,339.27,0.47,0.4,2024-03-15,805,N20,VIIRS,n,2,306.47,3.91,D,0
18.3341,80.30743,330.48,0.46,0.39,2024-03-15,805,N20,VIIRS,n,2,300.47,2.41,D,0
18.33625,80.59316,336.37,0.47,0.4,2024-03-15,805,N20,VIIRS,n,2,305.47,4.53,D,0
18.34708,78.47097,337.71,0.4,0.37,2024-03-15,805,N20,VIIRS,l,2,308.19,3.38,D,0
18.35899,78.55343,340.16,0.4,0.37,2024-03-15,805,N20,VIIRS,n,2,308.36,4.84,D,0
18.35934,80.51772,338.43,0.47,0.4,2024-03-15,805,N20,VIIRS,n,2,308.03,5.08,D,0
18.36042,80.5191,338.8,0.47,0.4,2024-03-15,805,N20,VIIRS,n,2,306.42,3.68,D,0
18.36954,78.23126,340.7,0.39,0.36,2024-03-15,805,N20,VIIRS,l,2,312.15,9.62,D,0
18.37124,80.71448,334.57,0.48,0.4,2024-03-15,805,N20,VIIRS,l,2,306.65,3.59,D,0
18.37146,80.55207,339.66,0.47,0.4,2024-03-15,805,N20,VIIRS,l,2,311.27,5.37,D,0
18.37176,80.54905,340.3,0.47,0.4,2024-03-15,805,N20,VIIRS,l,2,310.74,5.38,D,0
18.37181,80.71875,333.64,0.48,0.4,2024-03-15,805,N20,VIIRS,l,2,305.47,3.59,D,0
18.37376,80.65056,336.24,0.48,0.4,2024-03-15,805,N20,VIIRS,n,2,305.69,5.33,D,0
18.37548,80.71825,336.26,0.48,0.4,2024-03-15,805,N20,VIIRS,n,2,305.61,5.38,D,0
18.37661,80.64265,342.77,0.48,0.4,2024-03-15,805,N20,VIIRS,n,2,306.26,6.18,D,0
18.3768,80.64553,349.74,0.48,0.4,2024-03-15,805,N20,VIIRS,n,2,306.68,8.46,D,0
18.3772,80.64713,349.35,0.48,0.4,2024-03-15,805,N20,VIIRS,n,2,306.06,6.18,D,0
18.37741,80.65,343.54,0.48,0.4,2024-03-15,805,N20,VIIRS,n,2,304.67,5.33,D,0
18.37778,80.6516,336.8,0.48,0.4,2024-03-15,805,N20,VIIRS,n,2,299.54,4.54,D,0
18.37915,80.71771,337.01,0.48,0.4,2024-03-15,805,N20,VIIRS,n,2,303.74,5.38,D,0
18.37972,80.72197,332.47,0.48,0.4,2024-03-15,805,N20,VIIRS,l,2,302.97,3.93,D,0
18.37984,80.64052,337.14,0.48,0.4,2024-03-15,805,N20,VIIRS,l,2,307.28,3.95,D,0
18.38026,80.64211,346.58,0.48,0.4,2024-03-15,805,N20,VIIRS,n,2,306.43,6.18,D,0
18.38045,80.645,336.93,0.48,0.4,2024-03-15,805,N20,VIIRS,n,2,303.83,3.95,D,0
18.3822,78.47683,350.78,0.4,0.37,2024-03-15,805,N20,VIIRS,n,2,310.31,9.88,D,0
18.38383,78.48803,343.27,0.4,0.37,2024-03-15,805,N20,VIIRS,n,2,308.08,3.66,D,0
18.38609,78.48003,338.86,0.4,0.37,2024-03-15,805,N20,VIIRS,n,2,307.33,3.72,D,0
18.38718,78.4875,334.47,0.4,0.37,2024-03-15,805,N20,VIIRS,l,2,306.7,3.98,D,0
18.40838,80.60153,335.21,0.47,0.4,2024-03-15,805,N20,VIIRS,n,2,305.04,3.82,D,0
18.40897,80.60593,336.23,0.47,0.4,2024-03-15,805,N20,VIIRS,n,2,305.22,3.82,D,0
18.4116,80.76751,334.26,0.48,0.4,2024-03-15,805,N20,VIIRS,n,2,302.07,3.77,D,0
18.41203,80.60099,351.17,0.47,0.4,2024-03-15,805,N20,VIIRS,n,2,304.53,3.82,D,0
18.41708,78.57501,344.07,0.4,0.37,2024-03-15,805,N20,VIIRS,n,2,309.67,4.39,D,0
18.41763,78.57879,334.86,0.4,0.37,2024-03-15,805,N20,VIIRS,l,2,308.43,2.06,D,0
18.41885,78.57454,348.7,0.4,0.37,2024-03-15,805,N20,VIIRS,n,2,310.91,10.05,D,0
18.41939,78.57832,334.8,0.4,0.37,2024-03-15,805,N20,VIIRS,l,2,308.4,4.64,D,0
18.41974,80.49243,342.91,0.47,0.4,2024-03-15,805,N20,VIIRS,n,2,305.34,7.14,D,0
18.42378,80.55,356.2,0.47,0.4,2024-03-15,805,N20,VIIRS,n,2,307.19,8.4,D,0
18.42742,80.54949,338.82,0.47,0.4,2024-03-15,805,N20,VIIRS,n,2,304.47,8.4,D,0
18.4329,78.70776,346.93,0.4,0.37,2024-03-15,805,N20,VIIRS,n,2,306.91,5.41,D,0
18.43628,78.70721,338.93,0.4,0.37,2024-03-15,805,N20,VIIRS,n,2,305.12,5.41,D,0
18.43634,78.649,339.41,0.4,0.37,2024-03-15,805,N20,VIIRS,n,2,308.61,4.51,D,0
18.43656,78.2699,337.99,0.39,0.36,2024-03-15,805,N20,VIIRS,l,2,308.27,2.41,D,0
18.43865,80.66114,330.22,0.48,0.4,2024-03-15,805,N20,VIIRS,l,2,300.48,5.02,D,0
18.4421,78.61698,332.57,0.4,0.37,2024-03-15,805,N20,VIIRS,l,2,305.71,2.17,D,0
18.45123,81.13912,334.19,0.5,0.41,2024-03-15,805,N20,VIIRS,n,2,302.82,2.91,D,0
18.49386,78.5703,335.28,0.4,0.37,2024-03-15,805,N20,VIIRS,n,2,305.25,2.19,D,0
18.50338,78.56488,335.79,0.4,0.37,2024-03-15,805,N20,VIIRS,n,2,302.94,3.45,D,0
18.50354,78.19492,339.32,0.39,0.36,2024-03-15,805,N20,VIIRS,n,2,308.27,3.65,D,0
18.50393,78.56867,347.11,0.4,0.37,2024-03-15,805,N20,VIIRS,n,2,306.41,3.45,D,0
18.50675,78.56435,332.4,0.4,0.37,2024-03-15,805,N20,VIIRS,l,2,302.7,4.09,D,0
18.5073,78.56815,347.9,0.4,0.37,2024-03-15,805,N20,VIIRS,n,2,308.02,4.09,D,0
18.51011,78.56384,344.52,0.4,0.37,2024-03-15,805,N20,VIIRS,n,2,304.5,4.09,D,0
18.52344,78.07468,336.29,0.39,0.36,2024-03-15,805,N20,VIIRS,l,2,310.22,1.71,D,0
18.53653,79.63348,333.59,0.43,0.38,2024-03-15,805,N20,VIIRS,n,2,302.08,2.62,D,0
18.54177,80.88051,335.85,0.49,0.4,2024-03-15,805,N20,VIIRS,n,2,304.59,4.09,D,0
18.54406,78.19221,333.77,0.39,0.36,2024-03-15,805,N20,VIIRS,l,2,306.71,3.45,D,0
18.5828,79.59763,331.6,0.43,0.38,2024-03-15,805,N20,VIIRS,l,2,305.61,3.18,D,0
18.58628,79.59705,332.21,0.43,0.38,2024-03-15,805,N20,VIIRS,l,2,306.55,3.18,D,0
18.59198,79.61266,347.21,0.43,0.38,2024-03-15,805,N20,VIIRS,n,2,305.17,5.53,D,0
18.59902,80.52145,341.27,0.47,0.4,2024-03-15,805,N20,VIIRS,n,2,302.15,4.43,D,0
18.60156,78.58821,333.49,0.4,0.37,2024-03-15,805,N20,VIIRS,l,2,305.87,3.86,D,0
18.60402,80.47528,330.78,0.47,0.4,2024-03-15,805,N20,VIIRS,n,2,296.12,1.99,D,0
18.66577,78.52018,335.38,0.4,0.37,2024-03-15,805,N20,VIIRS,l,2,305.51,1.36,D,0
18.66917,80.20892,338.29,0.46,0.39,2024-03-15,805,N20,VIIRS,n,2,305.04,5.75,D,0
18.67471,79.5557,340.34,0.43,0.38,2024-03-15,805,N20,VIIRS,n,2,306.83,5.39,D,0
18.69572,78.23554,336.41,0.39,0.37,2024-03-15,805,N20,VIIRS,l,2,307.21,3.02,D,0
18.70673,78.63766,343.34,0.4,0.37,2024-03-15,805,N20,VIIRS,n,2,306.2,5.21,D,0
18.7183,79.5367,334.84,0.43,0.38,2024-03-15,805,N20,VIIRS,l,2,307.94,3.37,D,2
18.72178,79.53616,334.64,0.43,0.38,2024-03-15,805,N20,VIIRS,l,2,308.94,3.37,D,2
18.75317,80.39618,339.99,0.47,0.4,2024-03-15,805,N20,VIIRS,n,2,303.94,5.8,D,0
18.75398,80.29389,343.93,0.46,0.39,2024-03-15,805,N20,VIIRS,n,2,302.92,5.35,D,0
18.76419,80.26124,344.64,0.46,0.39,2024-03-15,805,N20,VIIRS,n,2,305.54,3.72,D,0
18.76557,80.25798,333.76,0.46,0.39,2024-03-15,805,N20,VIIRS,n,2,302.03,1.05,D,0
18.7683,80.42587,348.01,0.47,0.4,2024-03-15,805,N20,VIIRS,n,2,303.14,7.19,D,0
18.80165,80.89805,335.04,0.49,0.41,2024-03-15,805,N20,VIIRS,n,2,301.48,2.29,D,0
18.80227,80.90276,332.73,0.5,0.41,2024-03-15,805,N20,VIIRS,n,2,300.21,4.99,D,0
18.8023,80.3686,334.39,0.47,0.39,2024-03-15,805,N20,VIIRS,n,2,302.59,3.14,D,0
18.81812,80.62998,332.55,0.48,0.4,2024-03-15,805,N20,VIIRS,n,2,295.27,5.29,D,0
18.82965,80.27053,335.98,0.46,0.39,2024-03-15,805,N20,VIIRS,n,2,304.18,3.3,D,0
18.83024,80.27488,330.32,0.46,0.39,2024-03-15,805,N20,VIIRS,l,2,302.12,1.65,D,0
18.83073,80.33306,337.41,0.46,0.39,2024-03-15,805,N20,VIIRS,n,2,304.64,3.61,D,0
18.88812,79.50715,352.8,0.43,0.38,2024-03-15,805,N20,VIIRS,n,2,307.75,15.81,D,0
18.89394,80.58203,337.22,0.48,0.4,2024-03-15,805,N20,VIIRS,n,2,301.08,3.52,D,0
18.89575,78.49129,334.69,0.4,0.37,2024-03-15,805,N20,VIIRS,l,2,307.55,1.68,D,0
18.89699,80.63248,338.7,0.48,0.4,2024-03-15,805,N20,VIIRS,n,2,298.57,5.05,D,0
18.9043,80.32342,337.1,0.47,0.39,2024-03-15,805,N20,VIIRS,n,2,304.21,4.83,D,0
18.90764,77.25588,344.11,0.38,0.36,2024-03-15,805,N20,VIIRS,l,2,318.44,7.96,D,0
18.90812,78.92003,332.96,0.41,0.37,2024-03-15,805,N20,VIIRS,l,2,305.12,3.38,D,0
18.92298,78.90182,336.31,0.41,0.37,2024-03-15,805,N20,VIIRS,n,2,303.63,4.81,D,0
18.93715,80.74474,330.26,0.49,0.4,2024-03-15,805,N20,VIIRS,n,2,299.03,2.59,D,0
18.94155,80.72059,335.77,0.49,0.4,2024-03-15,805,N20,VIIRS,n,2,302.43,9.4,D,0
18.94304,80.14788,332.48,0.46,0.39,2024-03-15,805,N20,VIIRS,n,2,297.94,2.71,D,0
18.94776,80.15573,333.98,0.46,0.39,2024-03-15,805,N20,VIIRS,n,2,300.1,2.36,D,0
18.94864,78.59547,333.86,0.4,0.37,2024-03-15,805,N20,VIIRS,l,2,306.3,1.87,D,0
18.94952,80.72407,336.69,0.49,0.4,2024-03-15,805,N20,VIIRS,n,2,301.56,2.55,D,0
18.95012,80.72863,330.29,0.49,0.4,2024-03-15,805,N20,VIIRS,l,2,301.23,2.55,D,0
18.95133,79.29962,343.12,0.42,0.38,2024-03-15,805,N20,VIIRS,n,2,304.1,2.29,D,0
18.95133,80.15508,334.06,0.46,0.39,2024-03-15,805,N20,VIIRS,n,2,300.21,2.36,D,0
18.95737,80.0928,331.37,0.45,0.39,2024-03-15,805,N20,VIIRS,l,2,301.89,1.53,D,0
18.95987,80.09287,330.58,0.46,0.39,2024-03-15,805,N20,VIIRS,l,2,301.9,3.39,D,0
18.96153,78.90369,332.17,0.41,0.37,2024-03-15,805,N20,VIIRS,l,2,303.43,2.15,D,0
18.96344,80.0923,335.83,0.46,0.39,2024-03-15,805,N20,VIIRS,n,2,302.94,3.39,D,0
18.98314,78.41591,334.47,0.4,0.37,2024-03-15,805,N20,VIIRS,l,2,308.22,3.04,D,0
18.98435,80.08501,339.22,0.45,0.39,2024-03-15,805,N20,VIIRS,n,2,303.7,3.98,D,0
18.98515,79.69341,330.7,0.44,0.38,2024-03-15,805,N20,VIIRS,l,2,304.78,1.77,D,0
18.99459,80.52737,333.84,0.48,0.4,2024-03-15,805,N20,VIIRS,n,2,298.09,3.29,D,0
18.99518,80.5318,330.59,0.48,0.4,2024-03-15,805,N20,VIIRS,n,2,299.98,3.62,D,0
18.99585,80.19839,337.5,0.46,0.39,2024-03-15,805,N20,VIIRS,n,2,301.76,4.81,D,0
18.9971,78.75654,343.14,0.41,0.37,2024-03-15,805,N20,VIIRS,n,2,307.92,4.86,D,0
18.99764,78.76039,336.85,0.41,0.37,2024-03-15,805,N20,VIIRS,n,2,306.79,3.62,D,0
19.00117,78.73624,338.35,0.41,0.37,2024-03-15,805,N20,VIIRS,n,2,307.77,3.22,D,0
19.00172,78.74009,332.25,0.41,0.37,2024-03-15,805,N20,VIIRS,l,2,307.16,3.22,D,0
19.00681,79.69447,333.35,0.44,0.38,2024-03-15,805,N20,VIIRS,l,2,304.56,1.66,D,0
19.00745,79.69493,333.16,0.44,0.38,2024-03-15,805,N20,VIIRS,l,2,304.19,1.29,D,0
19.00864,78.8139,334.18,0.41,0.37,2024-03-15,805,N20,VIIRS,l,2,306.55,2.46,D,0
19.00928,78.45421,338.59,0.4,0.37,2024-03-15,805,N20,VIIRS,n,2,307.43,7.11,D,0
19.01027,78.82549,337.28,0.41,0.37,2024-03-15,805,N20,VIIRS,n,2,305.33,2.41,D,0
19.01199,78.93987,340.37,0.41,0.37,2024-03-15,805,N20,VIIRS,n,2,307.86,3.02,D,0
19.0124,78.94025,344.48,0.41,0.37,2024-03-15,805,N20,VIIRS,n,2,307.89,6.89,D,0
19.01254,78.94378,336.67,0.41,0.37,2024-03-15,805,N20,VIIRS,n,2,307.93,3.02,D,0
19.01552,78.56964,346.98,0.4,0.37,2024-03-15,805,N20,VIIRS,n,2,310.54,4.8,D,0
19.01606,78.57344,334.34,0.4,0.37,2024-03-15,805,N20,VIIRS,l,2,308.27,4.8,D,0
19.02005,78.79632,349.66,0.41,0.37,2024-03-15,805,N20,VIIRS,n,2,309.86,11.51,D,0
19.02453,81.1867,333.73,0.52,0.41,2024-03-15,805,N20,VIIRS,n,2,302.21,3.92,D,0
19.02755,78.5094,337.54,0.4,0.37,2024-03-15,805,N20,VIIRS,l,2,308.33,2.58,D,0
19.03092,78.50887,337.92,0.4,0.37,2024-03-15,805,N20,VIIRS,l,2,308.86,2.58,D,0
19.05298,79.95361,335.24,0.45,0.39,2024-03-15,805,N20,VIIRS,n,2,302.05,3.71,D,0
19.05606,78.53983,340.28,0.4,0.37,2024-03-15,805,N20,VIIRS,n,2,307.8,2.91,D,0
19.06994,81.15021,331.7,0.51,0.41,2024-03-15,805,N20,VIIRS,n,2,297.49,2.88,D,0
19.07725,80.28419,340.13,0.47,0.39,2024-03-15,805,N20,VIIRS,n,2,301.61,5.48,D,0
19.08084,80.28355,344.84,0.47,0.39,2024-03-15,805,N20,VIIRS,n,2,301.05,4.69,D,0
19.0897,80.65353,332.9,0.48,0.4,2024-03-15,805,N20,VIIRS,n,2,300.23,2.38,D,0
19.10643,80.10802,330.66,0.46,0.39,2024-03-15,805,N20,VIIRS,l,2,304.39,3.5,D,0
19.11002,80.10749,342.65,0.46,0.39,2024-03-15,805,N20,VIIRS,n,2,304.62,3.5,D,0
19.11293,80.12917,335.04,0.46,0.39,2024-03-15,805,N20,VIIRS,n,2,303.1,2.97,D,0
19.11652,80.12862,343.09,0.46,0.39,2024-03-15,805,N20,VIIRS,n,2,304.55,4.12,D,0
19.12011,80.12807,335.11,0.46,0.39,2024-03-15,805,N20,VIIRS,n,2,303.18,4.12,D,0
19.12385,79.11138,336.16,0.42,0.38,2024-03-15,805,N20,VIIRS,n,2,305.46,2.89,D,0
19.12439,79.11523,334.44,0.42,0.38,2024-03-15,805,N20,VIIRS,n,2,306.13,1.65,D,0
19.12493,79.11906,331.62,0.42,0.38,2024-03-15,805,N20,VIIRS,l,2,305.42,1.65,D,0
19.13328,80.11724,332.98,0.46,0.39,2024-03-15,805,N20,VIIRS,n,2,302.22,3.0,D,0
19.13556,78.67581,333.14,0.41,0.37,2024-03-15,805,N20,VIIRS,l,2,306.83,2.23,D,0
19.13617,78.77798,341.08,0.41,0.37,2024-03-15,805,N20,VIIRS,n,2,307.36,2.86,D,0
19.1385,79.06913,330.07,0.42,0.37,2024-03-15,805,N20,VIIRS,l,2,304.72,1.27,D,0
19.13889,78.38703,337.87,0.4,0.37,2024-03-15,805,N20,VIIRS,l,2,310.39,3.08,D,0
19.13894,78.67529,333.85,0.41,0.37,2024-03-15,805,N20,VIIRS,l,2,306.96,2.18,D,0
19.13956,78.7774,338.02,0.41,0.37,2024-03-15,805,N20,VIIRS,n,2,306.93,2.31,D,0
19.14013,79.08096,332.88,0.42,0.38,2024-03-15,805,N20,VIIRS,l,2,305.17,3.16,D,0
19.14225,78.3865,339.68,0.4,0.37,2024-03-15,805,N20,VIIRS,n,2,309.2,3.08,D,0
19.14239,79.19299,337.2,0.42,0.38,2024-03-15,805,N20,VIIRS,n,2,306.84,1.48,D,0
19.14284,80.10688,331.39,0.46,0.39,2024-03-15,805,N20,VIIRS,l,2,303.22,2.76,D,0
19.14357,79.08041,341.94,0.42,0.38,2024-03-15,805,N20,VIIRS,n,2,307.11,3.16,D,0
19.14643,80.10632,336.3,0.46,0.39,2024-03-15,805,N20,VIIRS,n,2,303.24,2.76,D,0
19.14645,79.07593,334.65,0.42,0.37,2024-03-15,805,N20,VIIRS,l,2,305.81,2.16,D,0
19.15016,80.00037,331.62,0.45,0.39,2024-03-15,805,N20,VIIRS,l,2,304.79,1.64,D,0
19.15275,79.39265,342.02,0.43,0.38,2024-03-15,805,N20,VIIRS,n,2,305.61,4.42,D,0
19.15526,78.52398,334.88,0.4,0.37,2024-03-15,805,N20,VIIRS,l,2,307.96,2.66,D,0
19.16022,80.02054,330.34,0.45,0.39,2024-03-15,805,N20,VIIRS,l,2,302.8,1.52,D,0
19.16288,79.09319,338.27,0.42,0.38,2024-03-15,805,N20,VIIRS,n,2,305.24,2.54,D,0
19.16289,78.60094,351.8,0.4,0.37,2024-03-15,805,N20,VIIRS,n,2,310.83,3.81,D,0
19.16293,80.02139,330.31,0.45,0.39,2024-03-15,805,N20,VIIRS,l,2,303.23,2.09,D,0
19.16341,79.09701,333.11,0.42,0.38,2024-03-15,805,N20,VIIRS,l,2,304.26,2.54,D,0
19.16516,79.18586,334.92,0.42,0.38,2024-03-15,805,N20,VIIRS,l,2,306.55,2.42,D,0
19.16627,78.6004,334.41,0.4,0.37,2024-03-15,805,N20,VIIRS,l,2,308.83,3.81,D,0
19.17138,78.58786,335.96,0.4,0.37,2024-03-15,805,N20,VIIRS,l,2,308.55,2.02,D,0
19.17736,79.9931,330.81,0.45,0.39,2024-03-15,805,N20,VIIRS,l,2,303.63,1.02,D,0
19.17821,80.05406,338.53,0.46,0.39,2024-03-15,805,N20,VIIRS,n,2,303.16,4.7,D,0
19.18052,79.09394,334.88,0.42,0.38,2024-03-15,805,N20,VIIRS,l,2,308.23,2.18,D,0
19.18178,80.05351,346.91,0.46,0.39,2024-03-15,805,N20,VIIRS,n,2,303.72,4.7,D,0
19.18212,78.53164,336.53,0.4,0.37,2024-03-15,805,N20,VIIRS,l,2,310.88,2.61,D,0
19.18235,80.05776,334.76,0.46,0.39,2024-03-15,805,N20,VIIRS,n,2,302.8,4.25,D,0
19.18253,79.15883,337.22,0.42,0.38,2024-03-15,805,N20,VIIRS,l,2,308.46,3.37,D,0
19.18549,78.53109,339.11,0.4,0.37,2024-03-15,805,N20,VIIRS,l,2,309.91,4.43,D,0
19.18972,79.47907,340.25,0.43,0.38,2024-03-15,805,N20,VIIRS,n,2,308.19,3.14,D,0
19.19061,78.51858,337.75,0.4,0.37,2024-03-15,805,N20,VIIRS,l,2,311.75,3.66,D,0
19.19894,79.43221,333.21,0.43,0.38,2024-03-15,805,N20,VIIRS,l,2,305.96,2.64,D,0
19.20061,79.97655,339.48,0.45,0.39,2024-03-15,805,N20,VIIRS,n,2,305.41,3.89,D,0
19.20847,78.99359,338.83,0.42,0.37,2024-03-15,805,N20,VIIRS,n,2,305.51,3.17,D,0
19.21189,78.99306,335.91,0.42,0.37,2024-03-15,805,N20,VIIRS,n,2,305.85,3.45,D,0
19.21354,78.75441,336.64,0.41,0.37,2024-03-15,805,N20,VIIRS,l,2,308.22,2.16,D,0
19.21585,78.74615,337.64,0.41,0.37,2024-03-15,805,N20,VIIRS,l,2,309.37,5.49,D,0
19.2164,78.75002,335.11,0.41,0.37,2024-03-15,805,N20,VIIRS,l,2,309.01,9.17,D,0
19.21694,78.75387,337.81,0.41,0.37,2024-03-15,805,N20,VIIRS,l,2,311.13,9.17,D,0
19.21748,78.75774,341.86,0.41,0.37,2024-03-15,805,N20,VIIRS,n,2,308.27,5.3,D,0
19.21979,78.74947,350.91,0.41,0.37,2024-03-15,805,N20,VIIRS,n,2,312.04,9.17,D,0
19.22034,78.75332,350.88,0.41,0.37,2024-03-15,805,N20,VIIRS,n,2,313.0,9.17,D,0
19.22088,78.75719,343.06,0.41,0.37,2024-03-15,805,N20,VIIRS,n,2,306.62,5.3,D,0
19.22142,78.76108,336.71,0.41,0.37,2024-03-15,805,N20,VIIRS,l,2,307.2,5.3,D,0
19.22319,78.74892,344.99,0.41,0.37,2024-03-15,805,N20,VIIRS,n,2,312.61,76.98,D,0
19.22427,78.75666,334.83,0.41,0.37,2024-03-15,805,N20,VIIRS,l,2,307.33,3.05,D,0
19.22482,78.76054,335.88,0.41,0.37,2024-03-15,805,N20,VIIRS,l,2,307.74,3.05,D,0
19.24499,78.90441,334.92,0.41,0.37,2024-03-15,805,N20,VIIRS,l,2,308.81,2.14,D,0
19.248,78.87604,336.4,0.41,0.37,2024-03-15,805,N20,VIIRS,n,2,308.72,1.7,D,0
19.24895,78.90774,337.34,0.41,0.37,2024-03-15,805,N20,VIIRS,l,2,307.69,2.14,D,0
19.25195,78.87938,333.63,0.41,0.37,2024-03-15,805,N20,VIIRS,l,2,308.56,1.82,D,0
19.25426,78.87104,337.28,0.41,0.37,2024-03-15,805,N20,VIIRS,l,2,309.65,2.55,D,0
19.25577,78.90662,338.29,0.41,0.37,2024-03-15,805,N20,VIIRS,n,2,306.62,2.47,D,0
19.25804,78.50787,337.76,0.4,0.37,2024-03-15,805,N20,VIIRS,l,2,310.94,3.72,D,0
19.26087,78.50357,342.46,0.4,0.37,2024-03-15,805,N20,VIIRS,n,2,310.62,3.71,D,0
19.26098,78.77061,336.01,0.41,0.37,2024-03-15,805,N20,VIIRS,l,2,308.23,1.38,D,0
19.26322,78.47208,339.68,0.4,0.37,2024-03-15,805,N20,VIIRS,l,2,311.52,3.1,D,0
19.26542,78.48732,340.46,0.4,0.37,2024-03-15,805,N20,VIIRS,l,2,312.62,3.07,D,0
19.26609,78.88078,335.61,0.41,0.37,2024-03-15,805,N20,VIIRS,l,2,310.1,4.67,D,0
19.26707,78.49872,340.65,0.4,0.37,2024-03-15,805,N20,VIIRS,n,2,310.47,2.71,D,0
19.26711,78.78941,337.57,0.41,0.37,2024-03-15,805,N20,VIIRS,l,2,310.06,3.38,D,0
19.26762,78.50256,336.57,0.4,0.37,2024-03-15,805,N20,VIIRS,l,2,310.22,2.71,D,0
19.26766,78.79329,339.08,0.41,0.37,2024-03-15,805,N20,VIIRS,l,2,309.36,3.38,D,0
19.26891,78.63155,337.08,0.41,0.37,2024-03-15,805,N20,VIIRS,l,2,310.67,4.17,D,0
19.26919,78.82868,347.6,0.41,0.37,2024-03-15,805,N20,VIIRS,n,2,309.12,5.46,D,0
19.26946,78.63539,344.59,0.41,0.37,2024-03-15,805,N20,VIIRS,n,2,312.17,4.17,D,0
19.27052,78.78887,339.9,0.41,0.37,2024-03-15,805,N20,VIIRS,n,2,309.0,4.92,D,0
19.2726,78.82814,336.13,0.41,0.37,2024-03-15,805,N20,VIIRS,l,2,307.2,5.46,D,0
19.27314,78.83201,351.24,0.41,0.37,2024-03-15,805,N20,VIIRS,n,2,311.26,5.46,D,0
19.27316,78.54085,341.43,0.4,0.37,2024-03-15,805,N20,VIIRS,l,2,311.45,3.52,D,0
19.27369,78.83588,334.72,0.41,0.37,2024-03-15,805,N20,VIIRS,l,2,309.13,5.21,D,0
19.27391,78.78833,344.97,0.41,0.37,2024-03-15,805,N20,VIIRS,n,2,308.13,4.92,D,0
19.27424,78.83976,351.68,0.41,0.37,2024-03-15,805,N20,VIIRS,n,2,308.99,5.21,D,0
19.2771,78.83533,350.13,0.41,0.37,2024-03-15,805,N20,VIIRS,n,2,308.76,4.47,D,0
19.27731,78.78779,348.96,0.41,0.37,2024-03-15,805,N20,VIIRS,n,2,308.69,4.48,D,0
19.27895,79.1486,344.18,0.42,0.38,2024-03-15,805,N20,VIIRS,n,2,312.28,6.89,D,0
19.28136,78.76733,338.35,0.41,0.37,2024-03-15,805,N20,VIIRS,l,2,309.84,4.57,D,0
19.28191,78.7712,353.62,0.41,0.37,2024-03-15,805,N20,VIIRS,n,2,312.58,9.84,D,0
19.28246,78.77508,367.0,0.41,0.37,2024-03-15,805,N20,VIIRS,h,2,313.27,9.84,D,0
19.28251,78.60579,337.8,0.41,0.37,2024-03-15,805,N20,VIIRS,l,2,311.82,2.73,D,0
19.28301,78.77897,342.56,0.41,0.37,2024-03-15,805,N20,VIIRS,n,2,311.92,6.92,D,0
19.28732,78.83375,335.68,0.41,0.37,2024-03-15,805,N20,VIIRS,l,2,308.24,2.92,D,0
19.28816,78.76628,343.59,0.41,0.37,2024-03-15,805,N20,VIIRS,n,2,313.43,6.83,D,0
19.29127,78.8371,338.11,0.41,0.37,2024-03-15,805,N20,VIIRS,n,2,307.15,2.46,D,0
19.29156,78.76575,340.46,0.41,0.37,2024-03-15,805,N20,VIIRS,l,2,312.22,6.83,D,0
19.29468,78.83658,335.09,0.41,0.37,2024-03-15,805,N20,VIIRS,l,2,306.41,2.46,D,0
19.29551,79.04056,341.05,0.42,0.37,2024-03-15,805,N20,VIIRS,l,2,312.53,3.49,D,0
19.30139,78.71307,337.81,0.41,0.37,2024-03-15,805,N20,VIIRS,l,2,311.35,4.07,D,0
19.30194,78.7169,350.49,0.41,0.37,2024-03-15,805,N20,VIIRS,n,2,313.55,4.07,D,0
19.30414,78.73228,341.67,0.41,0.37,2024-03-15,805,N20,VIIRS,l,2,312.08,4.08,D,0
19.30416,78.53117,343.96,0.4,0.37,2024-03-15,805,N20,VIIRS,l,2,318.39,12.13,D,0
19.30542,78.71179,336.31,0.41,0.37,2024-03-15,805,N20,VIIRS,l,2,311.31,6.48,D,0
19.30596,78.71564,343.53,0.41,0.37,2024-03-15,805,N20,VIIRS,n,2,312.14,6.48,D,0
19.30881,78.71122,336.97,0.41,0.37,2024-03-15,805,N20,VIIRS,l,2,310.85,6.48,D,0
19.30935,78.71508,339.01,0.41,0.37,2024-03-15,805,N20,VIIRS,l,2,310.68,6.48,D,0
19.31111,78.70293,342.12,0.41,0.37,2024-03-15,805,N20,VIIRS,n,2,311.86,3.36,D,0
19.32154,78.75253,338.63,0.41,0.37,2024-03-15,805,N20,VIIRS,l,2,312.14,4.1,D,0
19.33117,78.52687,341.89,0.4,0.37,2024-03-15,805,N20,VIIRS,l,2,314.56,4.0,D,0
19.33853,78.84905,337.34,0.41,0.37,2024-03-15,805,N20,VIIRS,l,2,311.64,3.35,D,0
19.34516,78.67387,339.46,0.41,0.37,2024-03-15,805,N20,VIIRS,l,2,309.57,1.58,D,0
19.34854,78.67332,352.05,0.41,0.37,2024-03-15,805,N20,VIIRS,n,2,312.38,6.21,D,0
19.35193,78.67276,349.06,0.41,0.37,2024-03-15,805,N20,VIIRS,n,2,311.67,6.21,D,0
19.36506,78.47461,345.75,0.4,0.37,2024-03-15,805,N20,VIIRS,n,2,316.82,6.4,D,0
19.3752,78.64149,337.68,0.41,0.37,2024-03-15,805,N20,VIIRS,l,2,311.49,1.71,D,0
19.37859,78.64095,352.44,0.41,0.37,2024-03-15,805,N20,VIIRS,n,2,313.88,9.07,D,0
19.37959,78.67228,343.24,0.41,0.37,2024-03-15,805,N20,VIIRS,n,2,313.26,3.61,D,0
19.38559,78.98589,337.85,0.42,0.37,2024-03-15,805,N20,VIIRS,l,2,309.84,5.44,D,0
19.38729,78.16203,342.62,0.4,0.37,2024-03-15,805,N20,VIIRS,l,2,315.25,2.4,D,0
19.3886,77.07016,338.67,0.38,0.36,2024-03-15,805,N20,VIIRS,l,2,313.08,1.83,D,0
19.39268,78.64265,338.23,0.41,0.37,2024-03-15,805,N20,VIIRS,l,2,312.57,2.37,D,0
19.41952,79.07798,340.88,0.42,0.38,2024-03-15,805,N20,VIIRS,n,2,310.68,7.37,D,0
19.42355,78.15248,338.33,0.4,0.37,2024-03-15,805,N20,VIIRS,l,2,312.69,3.25,D,0
19.43552,78.84208,345.5,0.41,0.37,2024-03-15,805,N20,VIIRS,n,2,314.81,7.5,D,0
19.47289,79.4619,334.35,0.43,0.38,2024-03-15,805,N20,VIIRS,l,2,307.05,4.63,D,0
19.49231,79.89622,331.97,0.45,0.39,2024-03-15,805,N20,VIIRS,l,2,306.76,2.5,D,0
19.49301,77.47081,341.66,0.39,0.36,2024-03-15,805,N20,VIIRS,n,2,315.79,8.43,D,0
19.49951,78.75252,347.29,0.41,0.37,2024-03-15,805,N20,VIIRS,n,2,313.69,7.01,D,0
19.50656,80.03049,334.59,0.46,0.39,2024-03-15,805,N20,VIIRS,l,2,305.88,2.06,D,0
19.5108,79.38985,335.81,0.43,0.38,2024-03-15,805,N20,VIIRS,l,2,308.84,1.69,D,0
19.51653,79.4424,333.18,0.43,0.38,2024-03-15,805,N20,VIIRS,l,2,307.72,2.22,D,0
19.51689,79.43481,341.2,0.43,0.38,2024-03-15,805,N20,VIIRS,n,2,308.11,3.94,D,0
19.51711,79.44653,336.94,0.43,0.38,2024-03-15,805,N20,VIIRS,l,2,308.18,2.22,D,0
19.51744,79.43888,340.9,0.43,0.38,2024-03-15,805,N20,VIIRS,n,2,308.5,3.94,D,0
19.51801,79.44303,350.7,0.43,0.38,2024-03-15,805,N20,VIIRS,n,2,310.21,12.49,D,0
19.51927,79.42608,340.59,0.43,0.38,2024-03-15,805,N20,VIIRS,n,2,308.36,5.28,D,0
19.52529,80.11636,338.02,0.46,0.39,2024-03-15,805,N20,VIIRS,n,2,303.42,3.77,D,0
19.52587,80.12076,339.35,0.46,0.39,2024-03-15,805,N20,VIIRS,n,2,304.56,3.77,D,0
19.52947,80.12022,337.14,0.46,0.39,2024-03-15,805,N20,VIIRS,n,2,304.29,3.77,D,0
19.53307,80.1197,331.86,0.46,0.39,2024-03-15,805,N20,VIIRS,l,2,303.39,4.76,D,0
19.53738,80.09687,333.65,0.46,0.39,2024-03-15,805,N20,VIIRS,n,2,302.33,2.43,D,0
19.53912,80.10994,330.3,0.46,0.39,2024-03-15,805,N20,VIIRS,l,2,302.79,3.27,D,0
19.54214,80.10506,339.46,0.46,0.39,2024-03-15,805,N20,VIIRS,n,2,303.58,3.27,D,0
19.54248,77.73742,343.58,0.39,0.36,2024-03-15,805,N20,VIIRS,l,2,314.3,2.19,D,0
19.54273,80.10944,338.29,0.46,0.39,2024-03-15,805,N20,VIIRS,n,2,303.32,3.27,D,0
19.54331,80.11382,343.96,0.46,0.39,2024-03-15,805,N20,VIIRS,n,2,303.12,7.52,D,0
19.55418,79.29189,337.92,0.43,0.38,2024-03-15,805,N20,VIIRS,l,2,312.46,3.96,D,0
19.5548,80.08994,347.22,0.46,0.39,2024-03-15,805,N20,VIIRS,n,2,304.67,5.5,D,0
19.56124,79.55109,334.01,0.44,0.38,2024-03-15,805,N20,VIIRS,l,2,307.14,2.14,D,0
19.56349,79.56767,335.1,0.44,0.38,2024-03-15,805,N20,VIIRS,l,2,308.08,2.14,D,0
19.56757,79.57131,341.48,0.44,0.38,2024-03-15,805,N20,VIIRS,n,2,309.11,4.04,D,0
19.57038,80.09657,345.45,0.46,0.39,2024-03-15,805,N20,VIIRS,n,2,305.81,10.11,D,0
19.57097,80.10095,336.07,0.46,0.39,2024-03-15,805,N20,VIIRS,n,2,302.82,5.59,D,0
19.57108,79.57076,337.3,0.44,0.38,2024-03-15,805,N20,VIIRS,l,2,307.8,4.04,D,0
19.57398,80.09605,347.2,0.46,0.39,2024-03-15,805,N20,VIIRS,n,2,304.44,10.47,D,0
19.57403,79.56602,349.22,0.44,0.38,2024-03-15,805,N20,VIIRS,n,2,311.23,7.31,D,0
19.57697,79.56133,341.29,0.44,0.38,2024-03-15,805,N20,VIIRS,n,2,310.51,7.31,D,0
19.57754,79.56549,346.65,0.44,0.38,2024-03-15,805,N20,VIIRS,n,2,308.03,7.31,D,0
19.59052,79.34898,340.58,0.43,0.38,2024-03-15,805,N20,VIIRS,l,2,313.19,7.48,D,0
19.59973,78.89289,348.8,0.42,0.37,2024-03-15,805,N20,VIIRS,n,2,318.6,9.1,D,0
19.61082,79.59884,332.63,0.44,0.38,2024-03-15,805,N20,VIIRS,l,2,306.11,2.58,D,0
19.61603,78.4122,346.28,0.4,0.37,2024-03-15,805,N20,VIIRS,n,2,318.8,7.02,D,0
19.63784,79.56064,339.06,0.44,0.38,2024-03-15,805,N20,VIIRS,n,2,304.19,3.5,D,0
19.63842,79.56113,346.82,0.44,0.38,2024-03-15,805,N20,VIIRS,n,2,304.47,5.36,D,0
19.63959,80.05212,335.64,0.46,0.39,2024-03-15,805,N20,VIIRS,n,2,305.29,4.35,D,0
19.64136,79.56011,341.9,0.44,0.38,2024-03-15,805,N20,VIIRS,n,2,303.27,3.5,D,0
19.64138,79.55644,330.0,0.44,0.38,2024-03-15,805,N20,VIIRS,l,2,304.75,2.41,D,0
19.64193,79.56426,337.88,0.44,0.38,2024-03-15,805,N20,VIIRS,n,2,302.74,3.5,D,0
19.6425,79.56475,336.05,0.44,0.38,2024-03-15,805,N20,VIIRS,n,2,302.48,5.36,D,0
19.64251,79.5684,347.16,0.44,0.38,2024-03-15,805,N20,VIIRS,n,2,304.11,4.17,D,0
19.64305,79.56889,350.01,0.44,0.38,2024-03-15,805,N20,VIIRS,n,2,305.5,5.94,D,0
19.64309,79.57256,342.23,0.44,0.38,2024-03-15,805,N20,VIIRS,n,2,303.18,4.17,D,0
19.64318,80.05158,335.64,0.46,0.39,2024-03-15,805,N20,VIIRS,n,2,304.25,4.35,D,0
19.64361,79.57307,332.14,0.44,0.38,2024-03-15,805,N20,VIIRS,n,2,301.85,5.94,D,0
19.6574,79.07875,338.05,0.42,0.38,2024-03-15,805,N20,VIIRS,l,2,312.31,2.34,D,0
19.67303,78.30553,339.8,0.4,0.37,2024-03-15,805,N20,VIIRS,l,2,313.92,4.45,D,0
19.68031,79.09145,337.04,0.42,0.38,2024-03-15,805,N20,VIIRS,l,2,311.87,3.69,D,0
19.68094,79.07096,339.61,0.42,0.38,2024-03-15,805,N20,VIIRS,l,2,311.62,2.52,D,0
19.68252,79.08771,345.75,0.42,0.38,2024-03-15,805,N20,VIIRS,n,2,315.01,4.72,D,0
19.6832,79.08696,341.81,0.42,0.38,2024-03-15,805,N20,VIIRS,l,2,314.83,3.69,D,0
19.68737,77.82352,350.59,0.39,0.36,2024-03-15,805,N20,VIIRS,n,2,320.02,5.68,D,0
19.69245,79.91225,330.71,0.45,0.39,2024-03-15,805,N20,VIIRS,l,2,305.38,2.06,D,0
19.72868,78.39409,346.6,0.4,0.37,2024-03-15,805,N20,VIIRS,l,2,317.27,6.68,D,0
19.72921,78.39786,351.68,0.4,0.37,2024-03-15,805,N20,VIIRS,n,2,317.88,6.68,D,0
19.73565,79.56355,349.24,0.44,0.38,2024-03-15,805,N20,VIIRS,n,2,312.88,9.34,D,0
19.74216,78.24789,352.29,0.4,0.37,2024-03-15,805,N20,VIIRS,n,2,314.01,13.82,D,0
19.75029,79.5655,354.1,0.44,0.38,2024-03-15,805,N20,VIIRS,n,2,314.87,10.12,D,0
19.75096,79.56641,351.53,0.44,0.38,2024-03-15,805,N20,VIIRS,n,2,313.11,17.16,D,0
19.75203,79.57805,342.88,0.44,0.38,2024-03-15,805,N20,VIIRS,n,2,310.15,4.41,D,0
19.75264,79.57896,346.85,0.44,0.38,2024-03-15,805,N20,VIIRS,n,2,309.45,4.82,D,0
19.75448,79.56589,351.59,0.44,0.38,2024-03-15,805,N20,VIIRS,n,2,316.25,40.81,D,0
19.75505,79.57009,350.32,0.44,0.38,2024-03-15,805,N20,VIIRS,n,2,309.44,3.58,D,0
19.75561,79.57427,336.11,0.44,0.38,2024-03-15,805,N20,VIIRS,l,2,308.02,3.58,D,0
19.75725,79.37512,337.85,0.43,0.38,2024-03-15,805,N20,VIIRS,n,2,311.35,3.61,D,0
19.78011,79.80711,333.7,0.45,0.39,2024-03-15,805,N20,VIIRS,l,2,307.69,6.78,D,0
19.78259,79.80357,343.33,0.45,0.39,2024-03-15,805,N20,VIIRS,n,2,308.62,8.01,D,0
19.78316,79.80785,337.24,0.45,0.39,2024-03-15,805,N20,VIIRS,n,2,307.02,4.81,D,0
19.78366,79.80657,348.71,0.45,0.39,2024-03-15,805,N20,VIIRS,n,2,308.91,6.78,D,0
19.78501,77.9825,345.46,0.39,0.37,2024-03-15,805,N20,VIIRS,n,2,315.16,7.72,D,0
19.78615,79.80303,336.14,0.45,0.39,2024-03-15,805,N20,VIIRS,l,2,307.6,7.41,D,0
19.78672,79.80732,337.45,0.45,0.39,2024-03-15,805,N20,VIIRS,n,2,307.27,9.22,D,0
19.7878,77.97816,341.71,0.39,0.37,2024-03-15,805,N20,VIIRS,l,2,314.72,9.26,D,0
19.7909,78.44312,351.14,0.4,0.37,2024-03-15,805,N20,VIIRS,l,2,322.83,17.11,D,0
19.79139,81.21854,330.24,0.53,0.42,2024-03-15,805,N20,VIIRS,l,2,302.73,5.74,D,0
19.79587,81.22307,331.31,0.53,0.42,2024-03-15,805,N20,VIIRS,l,2,303.21,3.46,D,0
19.81184,80.62647,336.07,0.49,0.4,2024-03-15,805,N20,VIIRS,n,2,305.96,9.57,D,0
19.81368,79.87339,337.73,0.45,0.39,2024-03-15,805,N20,VIIRS,l,2,309.54,3.14,D,0
19.82346,80.2605,333.28,0.47,0.4,2024-03-15,805,N20,VIIRS,l,2,306.01,4.9,D,0
19.82873,80.4962,334.72,0.48,0.4,2024-03-15,805,N20,VIIRS,l,2,307.72,4.69,D,0
19.83669,80.52806,350.17,0.49,0.4,2024-03-15,805,N20,VIIRS,n,2,308.59,10.31,D,0
19.84643,80.03714,333.36,0.46,0.39,2024-03-15,805,N20,VIIRS,l,2,308.21,2.32,D,0
19.85328,78.38601,344.92,0.4,0.37,2024-03-15,805,N20,VIIRS,n,2,315.51,8.04,D,0
19.86095,77.34483,344.54,0.39,0.36,2024-03-15,805,N20,VIIRS,l,2,314.78,3.02,D,0
19.86787,80.0878,348.95,0.46,0.39,2024-03-15,805,N20,VIIRS,n,2,306.51,3.95,D,0
19.87148,80.08727,337.19,0.46,0.39,2024-03-15,805,N20,VIIRS,n,2,305.23,3.95,D,0
19.87165,80.51548,331.17,0.49,0.4,2024-03-15,805,N20,VIIRS,l,2,305.51,4.65,D,0
19.87248,80.6561,333.58,0.49,0.41,2024-03-15,805,N20,VIIRS,n,2,302.63,3.19,D,0
19.8745,80.08234,332.37,0.46,0.39,2024-03-15,805,N20,VIIRS,l,2,305.48,2.81,D,0
19.8759,81.18928,335.61,0.53,0.42,2024-03-15,805,N20,VIIRS,n,2,304.68,4.1,D,0
19.87675,79.88165,338.23,0.45,0.39,2024-03-15,805,N20,VIIRS,n,2,308.88,2.81,D,0
19.88486,80.02253,335.92,0.46,0.39,2024-03-15,805,N20,VIIRS,l,2,306.33,3.79,D,0
19.8886,80.66336,336.77,0.49,0.41,2024-03-15,805,N20,VIIRS,n,2,305.03,1.73,D,0
19.91206,79.55982,355.61,0.44,0.38,2024-03-15,805,N20,VIIRS,n,2,313.24,8.64,D,0
19.91518,80.56112,343.78,0.49,0.4,2024-03-15,805,N20,VIIRS,n,2,305.96,5.31,D,0
19.91738,80.666,332.89,0.5,0.41,2024-03-15,805,N20,VIIRS,l,2,306.56,1.87,D,0
19.92009,80.56988,341.54,0.49,0.4,2024-03-15,805,N20,VIIRS,n,2,307.7,3.79,D,0
19.9207,80.57455,335.22,0.49,0.4,2024-03-15,805,N20,VIIRS,l,2,305.83,3.79,D,0
19.92192,80.01358,341.37,0.46,0.39,2024-03-15,805,N20,VIIRS,n,2,308.22,3.17,D,0
19.93631,78.67701,347.98,0.41,0.37,2024-03-15,805,N20,VIIRS,l,2,318.75,6.91,D,0
19.93734,80.5864,347.57,0.49,0.4,2024-03-15,805,N20,VIIRS,n,2,307.21,5.78,D,0
19.93852,80.62441,339.1,0.49,0.41,2024-03-15,805,N20,VIIRS,n,2,305.93,4.62,D,0
19.9448,78.31651,344.8,0.4,0.37,2024-03-15,805,N20,VIIRS,l,2,317.2,7.19,D,0
19.94483,80.52843,331.85,0.49,0.4,2024-03-15,805,N20,VIIRS,l,2,304.61,4.26,D,0
19.94491,79.3471,336.04,0.43,0.38,2024-03-15,805,N20,VIIRS,l,2,309.4,1.71,D,0
19.9549,80.01316,333.8,0.46,0.39,2024-03-15,805,N20,VIIRS,l,2,305.31,2.28,D,0
19.95898,80.55,338.37,0.49,0.4,2024-03-15,805,N20,VIIRS,n,2,308.2,4.81,D,0
19.96663,78.6922,347.18,0.41,0.37,2024-03-15,805,N20,VIIRS,n,2,319.49,9.89,D,0
19.98799,80.56951,335.04,0.49,0.4,2024-03-15,805,N20,VIIRS,l,2,308.95,5.88,D,0
19.98921,80.5504,334.87,0.49,0.4,2024-03-15,805,N20,VIIRS,n,2,304.84,5.78,D,0
19.9897,80.56606,344.6,0.49,0.4,2024-03-15,805,N20,VIIRS,n,2,308.98,8.1,D,0
19.99108,80.56433,335.7,0.49,0.4,2024-03-15,805,N20,VIIRS,l,2,309.02,7.19,D,0
19.99162,80.55154,331.19,0.49,0.4,2024-03-15,805,N20,VIIRS,l,2,304.49,5.01,D,0
19.9917,80.56898,337.92,0.49,0.4,2024-03-15,805,N20,VIIRS,l,2,308.57,5.97,D,0
19.99911,80.12382,338.21,0.47,0.4,2024-03-15,805,N20,VIIRS,n,2,307.4,2.65,D,0
18.67581,79.55405,329.63,0.52,0.41,2024-03-15,2035,N20,VIIRS,n,2,295.81,5.05,N,0
18.67956,79.55483,307.63,0.52,0.41,2024-03-15,2035,N20,VIIRS,n,2,295.02,1.67,N,0
18.69255,79.54745,305.93,0.52,0.41,2024-03-15,2035,N20,VIIRS,n,2,294.5,1.09,N,0
18.72214,79.53559,310.7,0.51,0.41,2024-03-15,2035,N20,VIIRS,n,2,296.15,2.31,N,2
18.8972,79.00678,305.54,0.48,0.4,2024-03-15,2035,N20,VIIRS,n,2,294.41,1.46,N,0
19.06976,80.3025,307.31,0.56,0.43,2024-03-15,2035,N20,VIIRS,n,2,292.85,2.88,N,0
19.07073,80.29727,305.44,0.56,0.43,2024-03-15,2035,N20,VIIRS,n,2,291.65,1.53,N,0
19.07162,79.14854,314.13,0.49,0.4,2024-03-15,2035,N20,VIIRS,n,2,295.84,2.37,N,0
19.11974,79.11122,307.27,0.48,0.4,2024-03-15,2035,N20,VIIRS,n,2,295.04,1.4,N,0
19.11991,79.10952,307.81,0.48,0.4,2024-03-15,2035,N20,VIIRS,n,2,294.89,2.21,N,0
19.14715,80.21433,305.89,0.55,0.43,2024-03-15,2035,N20,VIIRS,n,2,294.28,1.89,N,0
19.17502,80.03176,306.19,0.54,0.42,2024-03-15,2035,N20,VIIRS,n,2,294.02,2.6,N,0
19.17676,80.05537,309.35,0.54,0.42,2024-03-15,2035,N20,VIIRS,n,2,294.29,1.93,N,0
19.17967,80.06114,307.44,0.54,0.42,2024-03-15,2035,N20,VIIRS,n,2,294.21,1.66,N,0
19.23708,78.85104,305.73,0.47,0.4,2024-03-15,2035,N20,VIIRS,n,2,293.59,1.04,N,0
19.2399,78.85612,308.73,0.47,0.4,2024-03-15,2035,N20,VIIRS,n,2,294.03,1.25,N,0
19.25666,78.90936,306.74,0.47,0.4,2024-03-15,2035,N20,VIIRS,n,2,295.14,1.94,N,0
19.25795,78.90762,308.01,0.47,0.4,2024-03-15,2035,N20,VIIRS,n,2,295.15,1.58,N,0
19.29431,79.18785,310.1,0.48,0.4,2024-03-15,2035,N20,VIIRS,n,2,294.46,1.58,N,0
19.39446,78.63742,311.79,0.46,0.39,2024-03-15,2035,N20,VIIRS,n,2,294.33,1.22,N,0
19.40181,77.06293,306.23,0.4,0.37,2024-03-15,2035,N20,VIIRS,n,2,291.62,1.21,N,0
19.40244,77.05915,316.48,0.4,0.37,2024-03-15,2035,N20,VIIRS,n,2,291.64,1.21,N,0
19.48852,77.9658,308.53,0.43,0.38,2024-03-15,2035,N20,VIIRS,n,2,292.59,1.53,N,0
19.50989,79.39024,306.45,0.49,0.4,2024-03-15,2035,N20,VIIRS,n,2,295.35,2.08,N,0
19.54803,79.32653,305.55,0.49,0.4,2024-03-15,2035,N20,VIIRS,n,2,294.96,1.35,N,0
19.57638,79.57384,305.32,0.5,0.41,2024-03-15,2035,N20,VIIRS,n,2,295.12,1.38,N,0
19.5975,77.71855,317.66,0.42,0.38,2024-03-15,2035,N20,VIIRS,n,2,293.93,1.94,N,0
19.61922,79.28844,309.04,0.49,0.4,2024-03-15,2035,N20,VIIRS,n,2,295.39,1.8,N,0
19.68403,79.09332,312.76,0.47,0.4,2024-03-15,2035,N20,VIIRS,n,2,295.47,2.34,N,0
19.69314,79.06336,308.13,0.47,0.4,2024-03-15,2035,N20,VIIRS,n,2,295.88,1.72,N,0
19.7218,79.17579,307.38,0.48,0.4,2024-03-15,2035,N20,VIIRS,n,2,296.66,1.65,N,2
19.76873,78.17854,305.6,0.43,0.38,2024-03-15,2035,N20,VIIRS,n,2,294.54,0.91,N,0
19.76943,78.17449,306.69,0.43,0.38,2024-03-15,2035,N20,VIIRS,n,2,294.58,0.91,N,0
19.77219,78.17928,312.12,0.43,0.38,2024-03-15,2035,N20,VIIRS,n,2,295.35,2.48,N,0
19.77978,78.1768,305.9,0.43,0.38,2024-03-15,2035,N20,VIIRS,n,2,295.07,1.31,N,0
19.78694,79.14997,312.28,0.48,0.4,2024-03-15,2035,N20,VIIRS,n,2,297.72,2.67,N,2
19.78826,77.98216,317.96,0.43,0.38,2024-03-15,2035,N20,VIIRS,n,2,294.45,2.11,N,0
19.80208,78.86707,306.77,0.46,0.39,2024-03-15,2035,N20,VIIRS,n,2,296.32,0.86,N,0
19.83269,78.35588,305.77,0.44,0.38,2024-03-15,2035,N20,VIIRS,n,2,294.92,0.89,N,0
19.86684,80.08334,318.58,0.53,0.42,2024-03-15,2035,N20,VIIRS,n,2,294.65,2.19,N,0
19.86927,78.26939,313.77,0.44,0.38,2024-03-15,2035,N20,VIIRS,n,2,294.57,1.61,N,0
19.9059,78.72939,318.22,0.45,0.39,2024-03-15,2035,N20,VIIRS,n,2,295.77,2.58,N,0
19.91053,80.24493,303.37,0.54,0.42,2024-03-15,2035,N20,VIIRS,n,2,293.28,0.85,N,0
19.91651,79.30914,309.27,0.48,0.4,2024-03-15,2035,N20,VIIRS,n,2,295.25,1.23,N,0
19.92111,79.11464,307.28,0.47,0.4,2024-03-15,2035,N20,VIIRS,n,2,295.83,1.07,N,2
19.94441,78.32101,308.63,0.44,0.38,2024-03-15,2035,N20,VIIRS,n,2,294.52,1.53,N,0
15.7812,78.63046,311.51,0.51,0.41,2024-03-15,2036,N20,VIIRS,n,2,293.94,4.0,N,0
17.14146,77.18247,308.22,0.42,0.38,2024-03-15,2036,N20,VIIRS,n,2,296.4,2.95,N,2
17.39741,78.4223,316.64,0.47,0.4,2024-03-15,2036,N20,VIIRS,n,2,294.72,2.29,N,0
18.46369,78.27907,307.9,0.45,0.39,2024-03-15,2036,N20,VIIRS,n,2,293.25,1.7,N,0
18.51943,78.48022,310.13,0.46,0.39,2024-03-15,2036,N20,VIIRS,n,2,293.18,1.18,N,0
15.50293,78.64993,332.17,0.5,0.41,2024-03-16,745,N20,VIIRS,l,2,305.79,1.99,D,0
15.50803,78.63479,343.74,0.5,0.41,2024-03-16,745,N20,VIIRS,n,2,306.21,6.62,D,0
15.51037,78.63643,347.13,0.5,0.41,2024-03-16,745,N20,VIIRS,n,2,306.0,9.6,D,0
15.5701,79.02966,332.14,0.48,0.4,2024-03-16,745,N20,VIIRS,l,2,304.33,2.29,D,0
15.66149,77.29604,333.35,0.39,0.44,2024-03-16,745,N20,VIIRS,l,2,306.91,4.57,D,0
15.66453,78.87623,341.3,0.48,0.4,2024-03-16,745,N20,VIIRS,n,2,305.98,8.04,D,0
15.66466,78.87547,345.23,0.48,0.4,2024-03-16,745,N20,VIIRS,n,2,304.8,11.16,D,0
15.66804,78.8748,337.6,0.48,0.4,2024-03-16,745,N20,VIIRS,n,2,305.05,8.04,D,0
15.67053,78.42103,337.6,0.51,0.41,2024-03-16,745,N20,VIIRS,l,2,309.29,6.35,D,0
15.6708,78.86901,346.43,0.48,0.4,2024-03-16,745,N20,VIIRS,n,2,307.49,9.92,D,0
15.67158,78.87354,338.06,0.48,0.4,2024-03-16,745,N20,VIIRS,n,2,305.47,5.01,D,0
15.67237,78.87813,342.23,0.48,0.4,2024-03-16,745,N20,VIIRS,n,2,304.57,5.01,D,0
15.67344,77.29353,342.06,0.39,0.44,2024-03-16,745,N20,VIIRS,n,2,309.76,4.17,D,0
15.70145,79.00429,338.64,0.48,0.4,2024-03-16,745,N20,VIIRS,n,2,307.18,2.73,D,0
15.70287,78.63483,344.68,0.5,0.41,2024-03-16,745,N20,VIIRS,n,2,305.49,5.27,D,0
15.73097,78.93571,332.59,0.48,0.4,2024-03-16,745,N20,VIIRS,l,2,306.27,2.05,D,0
15.73387,78.9307,332.61,0.48,0.4,2024-03-16,745,N20,VIIRS,l,2,307.34,1.83,D,0
15.73464,78.93529,344.11,0.48,0.4,2024-03-16,745,N20,VIIRS,n,2,307.24,4.36,D,0
15.74673,78.80577,330.24,0.49,0.4,2024-03-16,745,N20,VIIRS,l,2,301.61,6.36,D,0
15.74894,78.79644,333.93,0.49,0.4,2024-03-16,745,N20,VIIRS,n,2,301.05,3.9,D,0
15.75178,78.79317,333.34,0.49,0.4,2024-03-16,745,N20,VIIRS,n,2,300.83,3.62,D,0
15.75256,78.7977,335.48,0.49,0.4,2024-03-16,745,N20,VIIRS,n,2,301.35,3.06,D,0
15.75262,78.79591,337.31,0.49,0.4,2024-03-16,745,N20,VIIRS,n,2,301.0,3.9,D,0
15.75545,78.79261,335.5,0.49,0.4,2024-03-16,745,N20,VIIRS,n,2,300.6,3.62,D,0
15.75553,78.79076,331.19,0.49,0.4,2024-03-16,745,N20,VIIRS,n,2,300.15,3.83,D,0
15.75834,78.78748,341.07,0.49,0.4,2024-03-16,745,N20,VIIRS,n,2,300.59,6.32,D,0
15.75846,78.78569,336.79,0.49,0.4,2024-03-16,745,N20,VIIRS,n,2,300.85,3.83,D,0
15.77605,79.77304,334.37,0.44,0.38,2024-03-16,745,N20,VIIRS,l,2,307.6,1.81,D,0
15.77954,79.77244,343.99,0.44,0.38,2024-03-16,745,N20,VIIRS,n,2,307.18,5.58,D,0
15.83592,78.95591,344.95,0.48,0.4,2024-03-16,745,N20,VIIRS,n,2,306.33,11.65,D,0
15.84624,78.2422,338.18,0.52,0.41,2024-03-16,745,N20,VIIRS,l,2,309.75,5.63,D,0
15.84811,78.96172,336.32,0.48,0.4,2024-03-16,745,N20,VIIRS,l,2,309.33,2.66,D,0
15.85423,79.04241,336.11,0.47,0.4,2024-03-16,745,N20,VIIRS,n,2,304.78,2.76,D,0
15.86396,78.54791,336.55,0.5,0.41,2024-03-16,745,N20,VIIRS,l,2,307.43,2.37,D,0
15.8689,77.11993,338.1,0.4,0.44,2024-03-16,745,N20,VIIRS,l,2,312.22,6.02,D,0
15.91231,78.85285,342.92,0.48,0.4,2024-03-16,745,N20,VIIRS,n,2,303.55,2.95,D,0
15.91519,78.8477,351.04,0.48,0.4,2024-03-16,745,N20,VIIRS,n,2,303.49,7.96,D,0
15.91595,78.85219,336.5,0.48,0.4,2024-03-16,745,N20,VIIRS,n,2,302.87,3.46,D,0
15.92712,77.26315,336.74,0.39,0.44,2024-03-16,745,N20,VIIRS,l,2,309.47,4.94,D,0
15.94205,77.34914,337.28,0.39,0.44,2024-03-16,745,N20,VIIRS,l,2,311.86,4.14,D,0
15.95109,77.31705,336.12,0.39,0.44,2024-03-16,745,N20,VIIRS,l,2,309.48,1.36,D,0
15.95303,77.50637,338.23,0.57,0.43,2024-03-16,745,N20,VIIRS,n,2,307.55,6.41,D,0
15.95696,77.50565,337.27,0.57,0.43,2024-03-16,745,N20,VIIRS,l,2,308.21,5.69,D,0
15.97495,79.41866,334.6,0.45,0.39,2024-03-16,745,N20,VIIRS,l,2,307.11,3.22,D,0
15.98911,78.57507,342.37,0.5,0.41,2024-03-16,745,N20,VIIRS,n,2,306.82,6.22,D,0
15.99199,78.56966,336.68,0.5,0.41,2024-03-16,745,N20,VIIRS,n,2,305.95,1.83,D,0
15.99528,78.52186,334.89,0.5,0.41,2024-03-16,745,N20,VIIRS,l,2,306.43,2.25,D,0
16.02357,78.6437,336.07,0.49,0.4,2024-03-16,745,N20,VIIRS,n,2,304.77,2.63,D,0
16.02431,78.64811,339.17,0.49,0.4,2024-03-16,745,N20,VIIRS,n,2,305.36,3.13,D,0
16.02724,78.64303,339.61,0.49,0.4,2024-03-16,745,N20,VIIRS,n,2,307.32,3.18,D,0
16.04904,78.49022,336.81,0.5,0.41,2024-03-16,745,N20,VIIRS,l,2,307.11,7.08,D,0
16.0583,79.00469,332.48,0.47,0.4,2024-03-16,745,N20,VIIRS,n,2,303.81,1.72,D,0
16.05903,79.00903,350.61,0.47,0.4,2024-03-16,745,N20,VIIRS,n,2,306.11,5.99,D,0
16.06262,79.00828,336.0,0.47,0.4,2024-03-16,745,N20,VIIRS,n,2,304.34,5.99,D,0
16.10321,78.49423,341.85,0.5,0.41,2024-03-16,745,N20,VIIRS,n,2,306.45,4.15,D,0
16.10401,78.49889,333.18,0.5,0.41,2024-03-16,745,N20,VIIRS,l,2,305.8,4.15,D,0
16.11461,78.35798,333.26,0.51,0.41,2024-03-16,745,N20,VIIRS,n,2,303.13,2.55,D,0
16.11618,77.09868,339.84,0.4,0.44,2024-03-16,745,N20,VIIRS,l,2,312.58,7.15,D,0
16.11731,77.09872,338.2,0.4,0.44,2024-03-16,745,N20,VIIRS,l,2,311.97,6.75,D,0
16.12656,79.10267,332.73,0.46,0.39,2024-03-16,745,N20,VIIRS,l,2,304.68,2.36,D,0
16.18298,77.07117,336.9,0.4,0.44,2024-03-16,745,N20,VIIRS,l,2,309.89,5.43,D,0
16.18679,79.42558,332.74,0.45,0.39,2024-03-16,745,N20,VIIRS,l,2,304.38,2.25,D,0
16.18697,79.42482,333.13,0.45,0.39,2024-03-16,745,N20,VIIRS,l,2,304.23,1.83,D,0
16.18985,77.03954,336.37,0.4,0.44,2024-03-16,745,N20,VIIRS,l,2,306.89,1.0,D,0
16.20357,77.09377,340.12,0.4,0.44,2024-03-16,745,N20,VIIRS,l,2,311.99,4.05,D,0
16.2058,78.59024,346.56,0.49,0.4,2024-03-16,745,N20,VIIRS,n,2,307.46,3.94,D,0
16.21249,77.23809,344.97,0.39,0.44,2024-03-16,745,N20,VIIRS,n,2,310.45,5.12,D,0
16.22515,81.15057,331.0,0.4,0.37,2024-03-16,745,N20,VIIRS,l,2,303.7,1.63,D,0
16.41938,79.62498,335.35,0.44,0.38,2024-03-16,745,N20,VIIRS,n,2,304.51,2.89,D,0
16.49952,79.58197,331.71,0.44,0.38,2024-03-16,745,N20,VIIRS,n,2,303.48,2.42,D,0
16.60794,81.12212,333.57,0.39,0.36,2024-03-16,745,N20,VIIRS,n,2,299.5,5.6,D,0
16.61767,79.52817,337.94,0.44,0.38,2024-03-16,745,N20,VIIRS,n,2,306.53,3.25,D,0
16.64721,79.66474,338.19,0.43,0.38,2024-03-16,745,N20,VIIRS,n,2,305.68,2.27,D,0
16.66828,79.83777,335.84,0.43,0.38,2024-03-16,745,N20,VIIRS,l,2,306.71,3.55,D,0
16.67356,80.438,337.76,0.41,0.37,2024-03-16,745,N20,VIIRS,n,2,302.59,2.42,D,0
16.25226,77.19665,350.58,0.39,0.44,2024-03-16,746,N20,VIIRS,n,2,312.9,8.24,D,0
16.26603,77.22737,339.15,0.39,0.44,2024-03-16,746,N20,VIIRS,l,2,311.23,4.89,D,0
16.34946,77.21143,339.57,0.39,0.44,2024-03-16,746,N20,VIIRS,l,2,310.31,5.86,D,0
16.35171,77.21107,338.85,0.39,0.44,2024-03-16,746,N20,VIIRS,l,2,309.43,2.96,D,0
16.35423,77.04232,344.57,0.4,0.44,2024-03-16,746,N20,VIIRS,n,2,311.56,3.14,D,0
16.44237,77.11936,342.43,0.39,0.44,2024-03-16,746,N20,VIIRS,n,2,308.46,7.97,D,0
16.57181,77.10843,336.13,0.39,0.44,2024-03-16,746,N20,VIIRS,l,2,307.36,5.14,D,0
16.8378,77.12399,334.46,0.39,0.44,2024-03-16,746,N20,VIIRS,l,2,305.53,1.73,D,0
16.89587,80.18015,332.49,0.41,0.37,2024-03-16,746,N20,VIIRS,l,2,304.83,1.33,D,0
16.91529,80.10525,330.72,0.42,0.37,2024-03-16,746,N20,VIIRS,l,2,305.52,1.39,D,0
17.03715,80.40221,345.17,0.41,0.37,2024-03-16,746,N20,VIIRS,n,2,306.6,4.61,D,0
17.16156,78.08783,335.12,0.51,0.41,2024-03-16,746,N20,VIIRS,l,2,307.09,2.71,D,0
17.16317,78.08902,334.79,0.51,0.41,2024-03-16,746,N20,VIIRS,l,2,307.14,2.38,D,0
17.17241,78.12916,336.38,0.5,0.41,2024-03-16,746,N20,VIIRS,n,2,307.04,3.22,D,0
17.22515,81.15475,338.18,0.39,0.36,2024-03-16,746,N20,VIIRS,n,2,302.53,4.91,D,0
17.2344,77.47348,332.79,0.55,0.42,2024-03-16,746,N20,VIIRS,l,2,303.72,2.92,D,0
17.24844,79.73766,334.08,0.43,0.38,2024-03-16,746,N20,VIIRS,l,2,306.17,3.61,D,0
17.24866,80.3851,331.79,0.41,0.37,2024-03-16,746,N20,VIIRS,n,2,300.84,1.46,D,0
17.24924,77.03199,336.06,0.39,0.44,2024-03-16,746,N20,VIIRS,l,2,307.78,5.09,D,0
17.25541,80.38393,334.06,0.41,0.37,2024-03-16,746,N20,VIIRS,n,2,300.62,1.86,D,0
17.25562,77.13612,336.54,0.57,0.43,2024-03-16,746,N20,VIIRS,n,2,306.42,3.32,D,0
17.34763,79.76504,330.19,0.42,0.38,2024-03-16,746,N20,VIIRS,n,2,299.55,1.88,D,0
17.42971,77.45766,339.2,0.54,0.42,2024-03-16,746,N20,VIIRS,n,2,305.73,9.67,D,0
17.43356,77.45693,337.81,0.54,0.42,2024-03-16,746,N20,VIIRS,n,2,304.88,3.6,D,0
17.47031,80.96253,339.13,0.39,0.36,2024-03-16,746,N20,VIIRS,n,2,300.96,3.32,D,0
17.47364,80.96196,346.6,0.39,0.36,2024-03-16,746,N20,VIIRS,n,2,301.98,9.59,D,0
17.53238,79.8172,338.42,0.42,0.38,2024-03-16,746,N20,VIIRS,n,2,304.84,5.27,D,0
17.59756,77.47614,333.71,0.54,0.42,2024-03-16,746,N20,VIIRS,n,2,302.26,6.34,D,0
17.5998,77.47739,343.51,0.54,0.42,2024-03-16,746,N20,VIIRS,n,2,303.11,7.78,D,0
17.65695,79.82759,337.0,0.42,0.38,2024-03-16,746,N20,VIIRS,n,2,302.04,2.07,D,0
17.67942,80.20478,337.4,0.41,0.37,2024-03-16,746,N20,VIIRS,n,2,303.67,3.5,D,0
17.6795,79.05692,342.74,0.45,0.39,2024-03-16,746,N20,VIIRS,n,2,302.8,4.59,D,0
17.68282,80.20428,337.9,0.41,0.37,2024-03-16,746,N20,VIIRS,n,2,304.71,3.5,D,0
17.70876,78.13381,334.46,0.49,0.41,2024-03-16,746,N20,VIIRS,l,2,305.87,4.79,D,0
17.7117,80.21095,334.33,0.41,0.37,2024-03-16,746,N20,VIIRS,n,2,303.43,1.72,D,0
17.71508,80.21037,330.51,0.41,0.37,2024-03-16,746,N20,VIIRS,l,2,302.67,1.21,D,0
17.72761,80.17307,333.44,0.41,0.37,2024-03-16,746,N20,VIIRS,n,2,303.14,4.27,D,0
17.72823,80.17689,334.24,0.41,0.37,2024-03-16,746,N20,VIIRS,n,2,303.38,4.27,D,0
17.74667,80.16191,342.04,0.41,0.37,2024-03-16,746,N20,VIIRS,n,2,301.82,4.15,D,0
17.77064,80.09488,333.25,0.41,0.37,2024-03-16,746,N20,VIIRS,l,2,307.22,1.92,D,0
17.77403,80.09429,334.41,0.41,0.37,2024-03-16,746,N20,VIIRS,l,2,307.42,1.92,D,0
17.77667,80.72741,339.8,0.4,0.37,2024-03-16,746,N20,VIIRS,n,2,301.27,5.96,D,0
17.77834,80.0778,330.19,0.41,0.37,2024-03-16,746,N20,VIIRS,l,2,304.65,1.82,D,0
17.78001,80.72684,341.43,0.4,0.37,2024-03-16,746,N20,VIIRS,n,2,300.1,5.96,D,0
17.7919,80.16187,340.41,0.41,0.37,2024-03-16,746,N20,VIIRS,n,2,305.04,4.14,D,0
17.79448,78.27795,348.03,0.49,0.4,2024-03-16,746,N20,VIIRS,n,2,307.82,12.71,D,0
17.80728,77.9644,338.7,0.5,0.41,2024-03-16,746,N20,VIIRS,n,2,307.14,5.19,D,0
17.81526,80.17739,335.86,0.41,0.37,2024-03-16,746,N20,VIIRS,n,2,302.69,3.12,D,0
17.82484,80.12855,331.83,0.41,0.37,2024-03-16,746,N20,VIIRS,l,2,305.39,1.97,D,0
17.8262,80.39716,338.04,0.4,0.37,2024-03-16,746,N20,VIIRS,n,2,303.47,5.29,D,0
17.82858,80.30392,342.44,0.4,0.37,2024-03-16,746,N20,VIIRS,n,2,308.67,4.98,D,0
17.82896,80.39281,340.35,0.4,0.37,2024-03-16,746,N20,VIIRS,n,2,302.58,5.07,D,0
17.82944,80.1356,334.35,0.41,0.37,2024-03-16,746,N20,VIIRS,l,2,306.49,4.28,D,0
17.83195,80.30333,335.18,0.4,0.37,2024-03-16,746,N20,VIIRS,l,2,306.56,4.43,D,0
17.83232,80.39221,332.46,0.4,0.37,2024-03-16,746,N20,VIIRS,l,2,303.48,1.98,D,0
17.83461,80.34164,347.4,0.4,0.37,2024-03-16,746,N20,VIIRS,n,2,307.92,5.42,D,0
17.83964,80.39474,346.66,0.4,0.37,2024-03-16,746,N20,VIIRS,n,2,305.87,5.52,D,0
17.84023,80.3985,339.61,0.4,0.37,2024-03-16,746,N20,VIIRS,n,2,304.28,5.52,D,0
17.85046,80.35427,337.47,0.4,0.37,2024-03-16,746,N20,VIIRS,n,2,304.61,3.44,D,0
17.85307,80.39236,342.98,0.4,0.37,2024-03-16,746,N20,VIIRS,n,2,306.64,4.21,D,0
17.85644,80.39177,332.37,0.4,0.37,2024-03-16,746,N20,VIIRS,l,2,302.43,4.21,D,0
17.85952,80.12252,333.17,0.41,0.37,2024-03-16,746,N20,VIIRS,n,2,302.11,1.2,D,0
17.86633,80.16449,335.27,0.41,0.37,2024-03-16,746,N20,VIIRS,l,2,307.99,3.35,D,0
17.86695,80.16833,336.45,0.41,0.37,2024-03-16,746,N20,VIIRS,n,2,304.27,3.35,D,0
17.87424,80.3847,347.86,0.4,0.37,2024-03-16,746,N20,VIIRS,n,2,307.11,6.71,D,0
17.89061,80.16415,337.64,0.41,0.37,2024-03-16,746,N20,VIIRS,n,2,304.75,3.37,D,0
17.89706,80.1395,344.11,0.41,0.37,2024-03-16,746,N20,VIIRS,n,2,310.42,18.32,D,0
17.89768,80.14332,348.81,0.41,0.37,2024-03-16,746,N20,VIIRS,n,2,307.05,6.96,D,0
17.90106,80.14272,347.55,0.41,0.37,2024-03-16,746,N20,VIIRS,n,2,306.78,12.09,D,0
17.90229,80.15037,354.8,0.41,0.37,2024-03-16,746,N20,VIIRS,n,2,306.7,5.89,D,0
17.90291,80.15419,350.63,0.41,0.37,2024-03-16,746,N20,VIIRS,n,2,306.09,5.89,D,0
17.90383,80.13831,335.07,0.41,0.37,2024-03-16,746,N20,VIIRS,l,2,305.33,1.75,D,0
17.90444,80.14214,354.1,0.41,0.37,2024-03-16,746,N20,VIIRS,n,2,309.43,12.09,D,0
17.90506,80.14596,354.21,0.41,0.37,2024-03-16,746,N20,VIIRS,n,2,309.18,12.09,D,0
17.90567,80.14978,347.46,0.41,0.37,2024-03-16,746,N20,VIIRS,n,2,307.56,5.89,D,0
17.90629,80.15359,340.89,0.41,0.37,2024-03-16,746,N20,VIIRS,n,2,304.68,5.89,D,0
17.90685,80.24342,335.18,0.41,0.37,2024-03-16,746,N20,VIIRS,l,2,306.82,3.48,D,0
17.90783,80.14155,344.09,0.41,0.37,2024-03-16,746,N20,VIIRS,n,2,306.28,4.74,D,0
17.90844,80.14536,348.73,0.41,0.37,2024-03-16,746,N20,VIIRS,n,2,307.26,4.74,D,0
17.91059,80.13712,332.43,0.41,0.37,2024-03-16,746,N20,VIIRS,l,2,305.47,3.24,D,0
17.91121,80.14095,349.77,0.41,0.37,2024-03-16,746,N20,VIIRS,n,2,306.75,4.74,D,0
17.91183,80.14478,343.35,0.41,0.37,2024-03-16,746,N20,VIIRS,n,2,305.81,4.74,D,0
17.91244,80.1486,332.17,0.41,0.37,2024-03-16,746,N20,VIIRS,l,2,306.33,4.11,D,0
17.91398,80.13653,336.43,0.41,0.37,2024-03-16,746,N20,VIIRS,n,2,304.11,3.19,D,0
17.91413,80.28876,336.81,0.4,0.37,2024-03-16,746,N20,VIIRS,n,2,303.95,2.34,D,0
17.91459,80.14035,341.84,0.41,0.37,2024-03-16,746,N20,VIIRS,n,2,305.06,5.09,D,0
17.91851,80.22973,335.99,0.41,0.37,2024-03-16,746,N20,VIIRS,n,2,302.94,4.75,D,0
17.91912,80.23349,346.61,0.41,0.37,2024-03-16,746,N20,VIIRS,n,2,301.79,5.73,D,0
17.92249,80.23291,332.7,0.41,0.37,2024-03-16,746,N20,VIIRS,n,2,303.66,2.44,D,0
17.92299,79.75754,331.19,0.42,0.38,2024-03-16,746,N20,VIIRS,n,2,299.65,1.46,D,0
17.92759,80.28634,338.43,0.4,0.37,2024-03-16,746,N20,VIIRS,n,2,305.09,7.93,D,0
17.94704,80.21287,334.82,0.41,0.37,2024-03-16,746,N20,VIIRS,l,2,307.76,1.41,D,0
17.96879,80.01685,332.01,0.41,0.37,2024-03-16,746,N20,VIIRS,l,2,306.83,4.45,D,0
17.96902,80.18993,340.55,0.41,0.37,2024-03-16,746,N20,VIIRS,n,2,304.58,3.03,D,0
17.97299,80.32135,334.51,0.4,0.37,2024-03-16,746,N20,VIIRS,n,2,304.22,2.73,D,0
17.98144,80.58109,333.88,0.4,0.37,2024-03-16,746,N20,VIIRS,n,2,301.91,2.25,D,0
17.99718,80.2783,340.75,0.4,0.37,2024-03-16,746,N20,VIIRS,n,2,308.42,3.82,D,0
17.99741,80.3441,339.83,0.4,0.37,2024-03-16,746,N20,VIIRS,n,2,305.85,3.5,D,0
18.00231,80.33162,336.76,0.4,0.37,2024-03-16,746,N20,VIIRS,n,2,305.24,3.52,D,0
18.00696,80.29603,331.59,0.4,0.37,2024-03-16,746,N20,VIIRS,l,2,304.54,2.11,D,0
18.01028,77.52411,335.68,0.53,0.42,2024-03-16,746,N20,VIIRS,l,2,306.6,7.78,D,0
18.07537,78.86269,331.51,0.45,0.39,2024-03-16,746,N20,VIIRS,l,2,303.44,1.12,D,0
18.08065,79.99257,330.46,0.41,0.37,2024-03-16,746,N20,VIIRS,l,2,304.77,1.71,D,0
18.12248,80.25179,346.19,0.4,0.37,2024-03-16,746,N20,VIIRS,n,2,301.85,8.81,D,0
18.13562,80.26901,337.43,0.4,0.37,2024-03-16,746,N20,VIIRS,n,2,301.67,2.99,D,0
18.23699,79.04446,335.88,0.44,0.39,2024-03-16,746,N20,VIIRS,l,2,306.13,4.64,D,0
18.26479,78.08501,344.35,0.49,0.4,2024-03-16,746,N20,VIIRS,n,2,305.25,6.23,D,0
18.26846,78.08432,338.96,0.49,0.4,2024-03-16,746,N20,VIIRS,n,2,303.57,3.98,D,0
18.28026,80.29771,335.07,0.4,0.37,2024-03-16,746,N20,VIIRS,n,2,302.02,2.57,D,0
18.28362,80.29712,330.23,0.4,0.37,2024-03-16,746,N20,VIIRS,l,2,301.81,2.57,D,0
18.30072,78.13931,331.43,0.49,0.4,2024-03-16,746,N20,VIIRS,l,2,304.25,4.99,D,0
18.33303,78.30481,335.29,0.48,0.4,2024-03-16,746,N20,VIIRS,l,2,307.07,4.21,D,0
18.34349,78.16877,337.45,0.48,0.4,2024-03-16,746,N20,VIIRS,l,2,307.77,6.78,D,0
18.35738,80.03435,346.8,0.41,0.37,2024-03-16,746,N20,VIIRS,n,2,304.81,4.61,D,0
18.35799,80.03818,343.56,0.41,0.37,2024-03-16,746,N20,VIIRS,n,2,304.51,4.4,D,0
18.35857,80.03454,349.28,0.41,0.37,2024-03-16,746,N20,VIIRS,n,2,306.76,10.43,D,0
18.3592,80.03837,332.97,0.41,0.37,2024-03-16,746,N20,VIIRS,n,2,303.21,3.21,D,0
18.38961,79.66681,337.07,0.42,0.38,2024-03-16,746,N20,VIIRS,n,2,305.43,3.9,D,0
18.41017,78.56145,332.36,0.46,0.39,2024-03-16,746,N20,VIIRS,n,2,301.72,1.37,D,0
18.44447,78.55654,335.59,0.46,0.39,2024-03-16,746,N20,VIIRS,n,2,303.6,3.81,D,0
18.4566,80.01706,332.19,0.41,0.37,2024-03-16,746,N20,VIIRS,n,2,301.69,6.11,D,0
18.45926,80.14195,330.29,0.4,0.37,2024-03-16,746,N20,VIIRS,l,2,303.24,2.89,D,0
18.50385,78.55884,331.33,0.46,0.39,2024-03-16,746,N20,VIIRS,l,2,302.35,3.25,D,0
18.54363,80.67339,337.05,0.39,0.36,2024-03-16,746,N20,VIIRS,n,2,304.46,3.57,D,0
18.5562,80.81844,337.88,0.39,0.36,2024-03-16,746,N20,VIIRS,n,2,304.47,3.83,D,0
18.5668,80.60794,339.43,0.39,0.37,2024-03-16,746,N20,VIIRS,n,2,305.81,3.7,D,0
18.61788,80.7578,335.16,0.39,0.36,2024-03-16,746,N20,VIIRS,n,2,303.59,2.78,D,0
18.6493,80.50196,334.53,0.4,0.37,2024-03-16,746,N20,VIIRS,n,2,303.83,3.68,D,0
18.67683,79.55463,339.54,0.42,0.38,2024-03-16,746,N20,VIIRS,n,2,303.72,3.25,D,0
18.71179,80.74912,336.6,0.39,0.36,2024-03-16,746,N20,VIIRS,n,2,305.18,2.42,D,0
18.74082,78.2052,336.52,0.48,0.4,2024-03-16,746,N20,VIIRS,n,2,304.52,2.89,D,0
18.88991,80.4137,331.14,0.4,0.37,2024-03-16,746,N20,VIIRS,n,2,299.95,5.49,D,0
18.89802,80.03287,332.18,0.4,0.37,2024-03-16,746,N20,VIIRS,l,2,303.07,2.64,D,0
18.96889,80.09866,339.25,0.4,0.37,2024-03-16,746,N20,VIIRS,n,2,300.53,3.63,D,0
18.99057,77.65175,335.72,0.5,0.41,2024-03-16,746,N20,VIIRS,n,2,303.9,3.21,D,0
19.0589,78.59613,347.1,0.45,0.39,2024-03-16,746,N20,VIIRS,n,2,300.01,6.53,D,0
19.0741,79.14738,352.94,0.43,0.38,2024-03-16,746,N20,VIIRS,n,2,300.34,8.18,D,0
19.11535,78.67359,336.19,0.45,0.39,2024-03-16,746,N20,VIIRS,n,2,297.09,4.91,D,0
19.11993,79.11046,332.96,0.43,0.38,2024-03-16,746,N20,VIIRS,n,2,299.68,4.76,D,0
19.125,78.83898,336.01,0.44,0.38,2024-03-16,746,N20,VIIRS,n,2,301.57,3.63,D,0
19.12569,78.84313,332.07,0.44,0.38,2024-03-16,746,N20,VIIRS,n,2,301.12,3.63,D,0
19.12851,78.83834,334.44,0.44,0.38,2024-03-16,746,N20,VIIRS,n,2,300.89,3.63,D,0
19.1292,78.84249,337.74,0.44,0.38,2024-03-16,746,N20,VIIRS,n,2,298.98,3.63,D,0
19.14385,80.09017,332.73,0.4,0.37,2024-03-16,746,N20,VIIRS,n,2,299.19,3.21,D,0
19.1609,80.15304,342.39,0.4,0.37,2024-03-16,746,N20,VIIRS,n,2,300.65,4.56,D,0
19.21238,77.38503,336.99,0.52,0.41,2024-03-16,746,N20,VIIRS,n,2,305.84,4.21,D,0
19.21324,77.38749,337.78,0.52,0.41,2024-03-16,746,N20,VIIRS,n,2,304.64,4.02,D,0
19.2214,78.91563,332.3,0.44,0.38,2024-03-16,746,N20,VIIRS,n,2,300.8,2.71,D,0
19.22282,79.73427,332.79,0.41,0.37,2024-03-16,746,N20,VIIRS,n,2,300.67,1.68,D,0
19.23047,79.71698,335.81,0.41,0.37,2024-03-16,746,N20,VIIRS,l,2,306.34,2.35,D,0
19.24531,77.37123,335.28,0.52,0.41,2024-03-16,746,N20,VIIRS,n,2,306.35,2.99,D,0
19.27601,77.43503,336.7,0.51,0.41,2024-03-16,746,N20,VIIRS,n,2,306.18,5.66,D,0
19.27726,80.11318,348.81,0.4,0.37,2024-03-16,746,N20,VIIRS,n,2,305.15,10.16,D,0
19.27821,80.05479,336.67,0.4,0.37,2024-03-16,746,N20,VIIRS,n,2,302.79,1.87,D,0
19.35904,77.13325,337.71,0.53,0.42,2024-03-16,746,N20,VIIRS,n,2,305.81,4.5,D,0
19.39613,78.63579,330.46,0.45,0.39,2024-03-16,746,N20,VIIRS,l,2,303.92,1.12,D,0
19.39684,78.64002,332.97,0.45,0.39,2024-03-16,746,N20,VIIRS,l,2,304.63,1.12,D,0
19.41189,80.48903,340.29,0.39,0.36,2024-03-16,746,N20,VIIRS,n,2,303.59,6.19,D,0
19.41357,77.94219,341.71,0.48,0.4,2024-03-16,746,N20,VIIRS,n,2,305.97,11.97,D,0
19.46275,77.27902,347.28,0.52,0.41,2024-03-16,746,N20,VIIRS,n,2,304.78,5.8,D,0
19.48539,79.47089,331.48,0.42,0.37,2024-03-16,746,N20,VIIRS,n,2,300.42,1.6,D,0
19.50028,79.04604,332.45,0.43,0.38,2024-03-16,746,N20,VIIRS,n,2,301.48,2.22,D,0
19.50248,79.04658,335.97,0.43,0.38,2024-03-16,746,N20,VIIRS,n,2,305.09,2.7,D,0
19.52059,77.18902,341.21,0.52,0.42,2024-03-16,746,N20,VIIRS,n,2,310.61,5.29,D,0
19.5471,80.11588,343.59,0.4,0.37,2024-03-16,746,N20,VIIRS,n,2,302.28,4.49,D,0
19.55045,80.11526,341.88,0.4,0.37,2024-03-16,746,N20,VIIRS,n,2,304.7,15.25,D,0
19.55232,79.62296,332.4,0.41,0.37,2024-03-16,746,N20,VIIRS,l,2,306.77,2.45,D,0
19.55571,79.62234,339.14,0.41,0.37,2024-03-16,746,N20,VIIRS,n,2,307.68,2.45,D,0
19.56915,79.57601,330.55,0.41,0.37,2024-03-16,746,N20,VIIRS,l,2,302.42,0.71,D,0
19.58217,79.99993,339.26,0.4,0.37,2024-03-16,746,N20,VIIRS,n,2,302.23,2.93,D,0
19.58278,80.08927,335.93,0.4,0.37,2024-03-16,746,N20,VIIRS,n,2,302.94,3.59,D,0
19.59817,77.70275,335.49,0.49,0.4,2024-03-16,746,N20,VIIRS,l,2,307.59,3.35,D,0
19.59897,77.70738,334.88,0.49,0.4,2024-03-16,746,N20,VIIRS,l,2,306.84,3.35,D,0
19.60185,77.70203,333.42,0.49,0.4,2024-03-16,746,N20,VIIRS,l,2,305.09,5.49,D,0
19.62122,79.52707,338.44,0.41,0.37,2024-03-16,746,N20,VIIRS,n,2,303.85,4.73,D,0
19.62462,79.52644,346.52,0.41,0.37,2024-03-16,746,N20,VIIRS,n,2,303.39,6.98,D,0
19.67476,78.15256,334.7,0.47,0.39,2024-03-16,746,N20,VIIRS,l,2,309.3,3.59,D,0
19.67477,77.60329,346.07,0.5,0.41,2024-03-16,746,N20,VIIRS,n,2,304.8,6.38,D,0
19.74315,78.66826,345.36,0.44,0.39,2024-03-16,746,N20,VIIRS,n,2,311.93,14.92,D,0
19.75939,79.57815,331.36,0.41,0.37,2024-03-16,746,N20,VIIRS,l,2,303.11,2.82,D,0
19.76002,79.58203,336.92,0.41,0.37,2024-03-16,746,N20,VIIRS,n,2,301.34,4.27,D,0
19.85669,79.82618,335.04,0.4,0.37,2024-03-16,746,N20,VIIRS,n,2,303.63,1.54,D,0
19.87218,77.93938,335.62,0.47,0.4,2024-03-16,746,N20,VIIRS,l,2,308.18,2.61,D,0
19.87732,77.66692,335.84,0.49,0.4,2024-03-16,746,N20,VIIRS,l,2,306.92,2.87,D,0
19.9016,78.72127,335.47,0.44,0.38,2024-03-16,746,N20,VIIRS,l,2,308.94,2.33,D,0
19.91035,80.23962,334.29,0.4,0.37,2024-03-16,746,N20,VIIRS,n,2,301.04,3.78,D,0
19.91308,80.23526,343.1,0.4,0.37,2024-03-16,746,N20,VIIRS,n,2,302.58,3.78,D,0
19.91368,80.23902,330.92,0.4,0.37,2024-03-16,746,N20,VIIRS,n,2,300.16,3.78,D,0
19.9143,80.30801,332.13,0.39,0.36,2024-03-16,746,N20,VIIRS,l,2,303.5,2.82,D,0
19.91496,80.20824,331.93,0.4,0.37,2024-03-16,746,N20,VIIRS,n,2,300.4,1.48,D,0
19.91582,80.23499,346.11,0.39,0.37,2024-03-16,746,N20,VIIRS,n,2,300.65,6.33,D,0
19.91915,80.23439,343.55,0.39,0.37,2024-03-16,746,N20,VIIRS,n,2,299.99,6.33,D,0
19.94071,78.71842,334.56,0.44,0.38,2024-03-16,746,N20,VIIRS,l,2,307.62,2.9,D,0
19.95541,78.634,341.94,0.44,0.38,2024-03-16,746,N20,VIIRS,n,2,310.72,4.4,D,0
19.9589,78.63331,336.57,0.44,0.38,2024-03-16,746,N20,VIIRS,l,2,308.52,4.4,D,0
19.96699,78.38048,338.51,0.45,0.39,2024-03-16,746,N20,VIIRS,l,2,310.58,4.02,D,0
19.96711,78.74722,340.61,0.44,0.38,2024-03-16,746,N20,VIIRS,l,2,310.96,5.23,D,0
19.68895,79.05838,307.49,0.39,0.37,2024-03-16,2016,N20,VIIRS,n,2,294.73,2.07,N,0
19.72272,79.17493,309.94,0.39,0.36,2024-03-16,2016,N20,VIIRS,n,2,296.02,2.78,N,2
19.81321,79.80585,305.4,0.39,0.36,2024-03-16,2016,N20,VIIRS,n,2,291.12,0.98,N,0
19.92211,79.11189,306.3,0.39,0.37,2024-03-16,2016,N20,VIIRS,n,2,294.88,0.94,N,2
19.95258,80.11367,309.03,0.38,0.36,2024-03-16,2016,N20,VIIRS,n,2,293.48,1.69,N,0
19.96301,79.33599,304.6,0.39,0.36,2024-03-16,2016,N20,VIIRS,n,2,286.86,0.82,N,2
19.9727,78.7015,319.37,0.4,0.37,2024-03-16,2016,N20,VIIRS,n,2,293.52,2.08,N,0
19.97607,78.70203,310.65,0.4,0.37,2024-03-16,2016,N20,VIIRS,n,2,293.28,0.77,N,0
19.98002,78.69871,307.76,0.4,0.37,2024-03-16,2016,N20,VIIRS,n,2,292.82,0.77,N,0
19.98509,79.08018,305.04,0.4,0.37,2024-03-16,2016,N20,VIIRS,n,2,293.29,0.77,N,0
19.99518,78.73647,303.25,0.4,0.37,2024-03-16,2016,N20,VIIRS,n,2,292.49,0.51,N,0
15.69419,79.04048,309.43,0.38,0.36,2024-03-16,2017,N20,VIIRS,n,2,294.32,1.76,N,0
15.75017,77.28313,317.59,0.42,0.37,2024-03-16,2017,N20,VIIRS,n,2,294.34,4.78,N,0
15.75416,77.2798,315.42,0.42,0.37,2024-03-16,2017,N20,VIIRS,n,2,293.59,4.27,N,0
15.75702,77.28419,317.94,0.42,0.37,2024-03-16,2017,N20,VIIRS,n,2,295.28,12.77,N,0
15.75759,77.28033,332.16,0.42,0.37,2024-03-16,2017,N20,VIIRS,n,2,297.78,25.54,N,0
16.05623,78.47855,311.6,0.39,0.36,2024-03-16,2017,N20,VIIRS,n,2,295.58,1.74,N,0
16.06562,78.50603,314.92,0.39,0.36,2024-03-16,2017,N20,VIIRS,n,2,295.79,2.28,N,0
17.14215,77.18414,311.48,0.43,0.38,2024-03-16,2017,N20,VIIRS,n,2,295.94,4.01,N,2
18.19328,77.0788,329.46,0.44,0.39,2024-03-16,2017,N20,VIIRS,n,2,293.85,3.23,N,0
15.50865,78.52123,352.56,0.34,0.56,2024-03-17,726,N20,VIIRS,n,2,306.41,4.45,D,0
15.51224,78.52069,345.52,0.34,0.56,2024-03-17,726,N20,VIIRS,n,2,307.09,4.52,D,0
15.5205,78.50941,334.99,0.34,0.56,2024-03-17,726,N20,VIIRS,l,2,306.33,1.67,D,0
15.53925,78.52467,330.83,0.33,0.56,2024-03-17,726,N20,VIIRS,l,2,305.26,2.28,D,0
15.55262,77.87805,335.77,0.37,0.58,2024-03-17,726,N20,VIIRS,n,2,304.69,3.09,D,0
15.55601,78.05933,345.06,0.36,0.57,2024-03-17,726,N20,VIIRS,n,2,304.64,1.85,D,0
15.60267,78.02189,331.47,0.36,0.57,2024-03-17,726,N20,VIIRS,n,2,301.14,2.3,D,0
15.60387,79.06215,335.54,0.61,0.54,2024-03-17,726,N20,VIIRS,n,2,303.12,3.42,D,0
15.60598,78.17588,332.75,0.35,0.57,2024-03-17,726,N20,VIIRS,l,2,304.88,2.15,D,0
15.60688,79.06536,331.39,0.61,0.54,2024-03-17,726,N20,VIIRS,l,2,302.85,3.04,D,0
15.66642,78.37624,338.36,0.34,0.56,2024-03-17,726,N20,VIIRS,n,2,301.27,0.87,D,0
15.66914,79.7321,337.71,0.55,0.51,2024-03-17,726,N20,VIIRS,n,2,300.74,5.75,D,0
15.67149,78.37514,335.02,0.34,0.56,2024-03-17,726,N20,VIIRS,n,2,302.84,2.14,D,0
15.67313,78.46484,355.81,0.34,0.56,2024-03-17,726,N20,VIIRS,n,2,303.71,4.31,D,0
15.7017,78.63872,353.72,0.33,0.55,2024-03-17,726,N20,VIIRS,n,2,303.61,5.77,D,0
15.70229,78.64173,333.54,0.33,0.55,2024-03-17,726,N20,VIIRS,n,2,301.2,2.19,D,0
15.7197,79.27235,337.96,0.59,0.53,2024-03-17,726,N20,VIIRS,n,2,302.38,3.58,D,0
15.74879,78.80257,334.71,0.32,0.54,2024-03-17,726,N20,VIIRS,n,2,301.07,7.87,D,0
15.7538,78.80202,339.64,0.32,0.54,2024-03-17,726,N20,VIIRS,n,2,300.46,5.55,D,0
15.75434,78.80479,338.42,0.32,0.54,2024-03-17,726,N20,VIIRS,n,2,302.69,5.55,D,0
15.6168,77.79302,335.82,0.37,0.58,2024-03-17,727,N20,VIIRS,l,2,307.57,1.15,D,0
15.74134,78.44624,335.15,0.34,0.56,2024-03-17,727,N20,VIIRS,l,2,306.49,2.65,D,0
15.85559,77.79059,349.62,0.37,0.58,2024-03-17,727,N20,VIIRS,n,2,304.32,3.8,D,0
15.86083,77.78946,347.51,0.37,0.58,2024-03-17,727,N20,VIIRS,n,2,305.05,3.98,D,0
15.95742,78.99266,331.23,0.61,0.54,2024-03-17,727,N20,VIIRS,l,2,304.49,3.84,D,0
15.96535,78.26496,330.12,0.34,0.56,2024-03-17,727,N20,VIIRS,l,2,304.14,2.78,D,0
15.98972,79.70096,330.3,0.55,0.51,2024-03-17,727,N20,VIIRS,l,2,300.44,2.34,D,0
15.98975,79.28862,330.65,0.58,0.52,2024-03-17,727,N20,VIIRS,l,2,301.95,1.49,D,0
16.0123,78.53249,333.53,0.33,0.55,2024-03-17,727,N20,VIIRS,n,2,302.79,2.31,D,0
16.01652,78.63379,335.75,0.32,0.55,2024-03-17,727,N20,VIIRS,n,2,304.74,2.62,D,0
16.02205,78.99874,338.55,0.61,0.53,2024-03-17,727,N20,VIIRS,n,2,302.15,6.6,D,0
16.0231,79.00407,343.77,0.61,0.53,2024-03-17,727,N20,VIIRS,n,2,302.59,5.53,D,0
16.02354,77.81565,339.97,0.37,0.58,2024-03-17,727,N20,VIIRS,n,2,302.95,1.46,D,0
16.024,77.8165,339.13,0.37,0.58,2024-03-17,727,N20,VIIRS,n,2,303.8,1.8,D,0
16.02413,79.00925,332.67,0.61,0.53,2024-03-17,727,N20,VIIRS,n,2,301.49,5.53,D,0
16.02434,79.00046,351.35,0.61,0.53,2024-03-17,727,N20,VIIRS,n,2,302.65,7.97,D,0
16.02536,79.00584,338.17,0.61,0.53,2024-03-17,727,N20,VIIRS,n,2,301.95,7.97,D,0
16.03017,79.01438,331.73,0.61,0.53,2024-03-17,727,N20,VIIRS,l,2,302.17,6.58,D,0
16.03231,79.01601,332.58,0.61,0.53,2024-03-17,727,N20,VIIRS,n,2,301.9,4.44,D,0
16.06769,77.95365,334.17,0.36,0.57,2024-03-17,727,N20,VIIRS,n,2,302.45,1.31,D,0
16.11554,77.86849,344.12,0.36,0.57,2024-03-17,727,N20,VIIRS,n,2,304.87,2.85,D,0
16.16437,78.17116,331.33,0.34,0.56,2024-03-17,727,N20,VIIRS,n,2,299.93,1.29,D,0
16.19274,78.58041,354.34,0.32,0.55,2024-03-17,727,N20,VIIRS,n,2,302.41,5.18,D,0
16.21515,78.89907,339.48,0.61,0.54,2024-03-17,727,N20,VIIRS,n,2,306.86,4.4,D,0
16.21778,78.9008,334.45,0.61,0.54,2024-03-17,727,N20,VIIRS,l,2,306.89,6.07,D,0
16.23705,78.59614,336.95,0.32,0.55,2024-03-17,727,N20,VIIRS,n,2,302.75,2.09,D,0
16.24333,77.01786,331.11,0.41,0.61,2024-03-17,727,N20,VIIRS,l,2,301.43,2.1,D,0
16.25313,78.70508,340.79,0.63,0.54,2024-03-17,727,N20,VIIRS,n,2,301.55,7.47,D,0
16.25894,78.78716,346.78,0.62,0.54,2024-03-17,727,N20,VIIRS,n,2,307.44,23.93,D,0
16.26064,77.94357,337.06,0.35,0.57,2024-03-17,727,N20,VIIRS,n,2,300.94,2.08,D,0
16.26378,78.78597,350.86,0.62,0.54,2024-03-17,727,N20,VIIRS,n,2,308.43,32.38,D,0
16.2649,78.79169,334.35,0.62,0.54,2024-03-17,727,N20,VIIRS,n,2,302.52,32.38,D,0
16.2854,80.30685,341.54,0.49,0.49,2024-03-17,727,N20,VIIRS,n,2,298.67,6.03,D,0
16.28628,80.30467,343.29,0.5,0.49,2024-03-17,727,N20,VIIRS,n,2,299.72,5.67,D,0
16.32638,78.54845,344.94,0.32,0.55,2024-03-17,727,N20,VIIRS,n,2,305.46,2.45,D,0
16.39047,77.60981,334.04,0.37,0.58,2024-03-17,727,N20,VIIRS,n,2,300.75,3.53,D,0
16.39195,77.64473,342.8,0.37,0.58,2024-03-17,727,N20,VIIRS,n,2,297.46,3.98,D,0
16.39719,77.64364,332.29,0.37,0.58,2024-03-17,727,N20,VIIRS,n,2,299.48,3.42,D,0
16.40821,80.42673,331.78,0.48,0.48,2024-03-17,727,N20,VIIRS,l,2,301.78,5.18,D,0
16.4346,77.13937,337.2,0.4,0.6,2024-03-17,727,N20,VIIRS,n,2,301.83,4.15,D,0
16.48321,78.23962,339.32,0.34,0.56,2024-03-17,727,N20,VIIRS,n,2,303.42,4.03,D,0
16.48833,77.0704,338.24,0.4,0.6,2024-03-17,727,N20,VIIRS,n,2,299.26,3.49,D,0
16.52496,77.25154,333.56,0.39,0.59,2024-03-17,727,N20,VIIRS,n,2,301.0,1.95,D,0
16.57258,78.19524,333.01,0.34,0.56,2024-03-17,727,N20,VIIRS,n,2,301.3,1.74,D,0
16.57443,78.30962,335.81,0.33,0.55,2024-03-17,727,N20,VIIRS,n,2,301.22,1.62,D,0
16.5822,78.16422,332.24,0.34,0.56,2024-03-17,727,N20,VIIRS,n,2,299.26,1.34,D,0
16.59627,77.12332,330.62,0.4,0.6,2024-03-17,727,N20,VIIRS,l,2,300.71,2.43,D,0
16.71905,78.46222,342.2,0.32,0.55,2024-03-17,727,N20,VIIRS,n,2,298.73,1.28,D,0
16.75209,80.37202,330.27,0.48,0.48,2024-03-17,727,N20,VIIRS,n,2,298.67,1.72,D,0
16.859,79.14863,340.93,0.57,0.52,2024-03-17,727,N20,VIIRS,n,2,302.9,6.16,D,0
16.91469,80.10345,336.28,0.5,0.49,2024-03-17,727,N20,VIIRS,n,2,297.14,2.7,D,0
16.9787,77.26337,330.37,0.38,0.59,2024-03-17,727,N20,VIIRS,n,2,299.85,1.54,D,0
17.03798,81.15952,333.51,0.42,0.45,2024-03-17,727,N20,VIIRS,n,2,301.09,4.52,D,0
17.07565,80.44762,336.71,0.47,0.48,2024-03-17,727,N20,VIIRS,n,2,300.27,3.78,D,0
17.08652,80.48139,335.07,0.47,0.47,2024-03-17,727,N20,VIIRS,n,2,300.72,5.04,D,0
17.11373,78.54914,330.59,0.62,0.54,2024-03-17,727,N20,VIIRS,n,2,296.81,2.35,D,0
17.15695,77.87827,330.49,0.34,0.56,2024-03-17,727,N20,VIIRS,n,2,299.6,2.16,D,0
17.18303,77.30765,332.0,0.38,0.58,2024-03-17,727,N20,VIIRS,n,2,299.83,1.55,D,0
17.18374,77.31113,332.4,0.37,0.58,2024-03-17,727,N20,VIIRS,n,2,299.2,1.55,D,0
17.26021,77.47466,334.71,0.36,0.58,2024-03-17,727,N20,VIIRS,n,2,296.9,1.42,D,0
17.26047,77.47543,331.86,0.36,0.58,2024-03-17,727,N20,VIIRS,n,2,296.72,1.12,D,0
17.27985,77.54366,330.06,0.36,0.57,2024-03-17,727,N20,VIIRS,l,2,300.54,2.02,D,0
17.30327,77.47242,337.87,0.36,0.58,2024-03-17,727,N20,VIIRS,n,2,297.24,2.02,D,0
17.30395,77.47578,335.77,0.36,0.58,2024-03-17,727,N20,VIIRS,n,2,296.73,2.02,D,0
17.30985,77.47807,345.27,0.36,0.58,2024-03-17,727,N20,VIIRS,n,2,298.7,4.16,D,0
17.31311,81.10979,331.81,0.42,0.45,2024-03-17,727,N20,VIIRS,n,2,296.68,2.5,D,0
17.35895,77.66764,330.58,0.35,0.57,2024-03-17,727,N20,VIIRS,l,2,301.59,1.07,D,0
17.36776,81.38313,340.71,0.41,0.45,2024-03-17,727,N20,VIIRS,n,2,297.42,7.35,D,0
17.38282,77.67986,337.52,0.35,0.57,2024-03-17,727,N20,VIIRS,n,2,301.35,1.85,D,0
17.98753,77.11852,333.85,0.37,0.58,2024-03-17,727,N20,VIIRS,n,2,298.65,3.31,D,0
18.01792,79.70997,340.66,0.5,0.49,2024-03-17,727,N20,VIIRS,n,2,297.42,5.67,D,0
18.02109,79.71178,339.65,0.5,0.49,2024-03-17,727,N20,VIIRS,n,2,297.21,3.91,D,0
18.90565,80.40707,334.44,0.44,0.46,2024-03-17,727,N20,VIIRS,n,2,297.09,4.38,D,0
18.92591,80.72731,335.49,0.42,0.45,2024-03-17,727,N20,VIIRS,n,2,300.5,3.97,D,0
18.93852,80.60993,333.04,0.43,0.46,2024-03-17,727,N20,VIIRS,n,2,298.7,3.15,D,0
19.15883,77.20198,332.61,0.35,0.57,2024-03-17,727,N20,VIIRS,n,2,300.27,2.27,D,0
19.15932,77.178,338.04,0.35,0.57,2024-03-17,727,N20,VIIRS,n,2,301.11,2.23,D,0
19.15998,77.1813,331.47,0.35,0.57,2024-03-17,727,N20,VIIRS,n,2,300.98,2.23,D,0
19.17875,79.86533,334.11,0.47,0.48,2024-03-17,727,N20,VIIRS,n,2,297.0,2.69,D,0
19.24908,79.52111,335.66,0.49,0.49,2024-03-17,727,N20,VIIRS,n,2,300.51,2.77,D,0
19.29304,80.10091,336.83,0.45,0.47,2024-03-17,727,N20,VIIRS,n,2,300.23,6.25,D,0
19.29393,80.09982,349.57,0.45,0.47,2024-03-17,727,N20,VIIRS,n,2,301.11,5.16,D,0
19.30194,79.93939,333.21,0.46,0.47,2024-03-17,727,N20,VIIRS,n,2,301.07,4.08,D,0
19.51948,80.07352,330.73,0.45,0.47,2024-03-17,727,N20,VIIRS,n,2,300.56,2.03,D,0
19.58202,80.12579,331.71,0.44,0.46,2024-03-17,727,N20,VIIRS,n,2,298.47,5.1,D,0
19.65392,81.05922,334.2,0.39,0.44,2024-03-17,727,N20,VIIRS,n,2,301.86,3.95,D,0
19.80659,80.70029,330.36,0.41,0.45,2024-03-17,727,N20,VIIRS,l,2,300.77,2.89,D,0
19.16052,77.20047,332.2,0.35,0.57,2024-03-17,728,N20,VIIRS,n,2,300.41,1.51,D,0
19.16153,77.17981,347.91,0.35,0.57,2024-03-17,728,N20,VIIRS,n,2,301.68,5.69,D,0
19.22612,77.25948,340.12,0.34,0.56,2024-03-17,728,N20,VIIRS,n,2,300.62,2.43,D,0
19.26704,77.48422,351.35,0.33,0.55,2024-03-17,728,N20,VIIRS,n,2,299.41,5.02,D,0
19.37177,77.79663,330.25,0.63,0.54,2024-03-17,728,N20,VIIRS,l,2,301.9,2.71,D,0
19.62042,77.15903,330.76,0.34,0.56,2024-03-17,728,N20,VIIRS,n,2,300.62,1.75,D,0
19.62548,77.1578,335.78,0.34,0.56,2024-03-17,728,N20,VIIRS,n,2,302.13,1.75,D,0
19.76591,77.45847,333.6,0.33,0.55,2024-03-17,728,N20,VIIRS,n,2,302.7,1.22,D,0
19.7664,77.51339,337.41,0.32,0.55,2024-03-17,728,N20,VIIRS,n,2,304.18,2.63,D,0
19.76682,77.51254,340.09,0.32,0.55,2024-03-17,728,N20,VIIRS,n,2,304.08,2.73,D,0
19.78911,77.97836,332.59,0.6,0.53,2024-03-17,728,N20,VIIRS,n,2,301.81,2.32,D,0
19.79366,79.90294,334.02,0.45,0.47,2024-03-17,728,N20,VIIRS,n,2,301.07,1.68,D,0
19.8252,80.57687,341.87,0.41,0.45,2024-03-17,728,N20,VIIRS,n,2,304.84,4.58,D,0
19.83797,80.62211,331.04,0.41,0.45,2024-03-17,728,N20,VIIRS,l,2,305.07,1.69,D,0
19.84275,80.62511,335.32,0.41,0.45,2024-03-17,728,N20,VIIRS,n,2,305.31,4.63,D,0
19.84727,80.60424,344.61,0.41,0.45,2024-03-17,728,N20,VIIRS,n,2,305.28,3.87,D,0
19.84799,80.60809,337.31,0.41,0.45,2024-03-17,728,N20,VIIRS,n,2,304.13,3.87,D,0
19.88685,80.05139,336.43,0.44,0.46,2024-03-17,728,N20,VIIRS,n,2,299.25,2.9,D,0
19.88745,78.99159,333.44,0.52,0.5,2024-03-17,728,N20,VIIRS,l,2,304.42,2.63,D,0
19.89731,77.05725,356.14,0.34,0.56,2024-03-17,728,N20,VIIRS,n,2,303.2,2.45,D,0
19.90001,77.05627,355.55,0.34,0.56,2024-03-17,728,N20,VIIRS,n,2,303.5,3.25,D,0
19.92393,80.20227,345.4,0.43,0.46,2024-03-17,728,N20,VIIRS,n,2,302.9,7.66,D,0
19.92467,80.20624,350.53,0.43,0.46,2024-03-17,728,N20,VIIRS,n,2,301.82,7.66,D,0
19.92809,80.20136,341.25,0.43,0.46,2024-03-17,728,N20,VIIRS,n,2,301.14,7.66,D,0
19.94743,80.11701,330.9,0.44,0.46,2024-03-17,728,N20,VIIRS,n,2,300.41,1.92,D,0
19.94992,80.5235,339.59,0.41,0.45,2024-03-17,728,N20,VIIRS,n,2,300.37,2.51,D,0
19.96915,80.53577,335.14,0.41,0.45,2024-03-17,728,N20,VIIRS,n,2,302.39,1.93,D,0
19.97201,80.36804,341.96,0.42,0.45,2024-03-17,728,N20,VIIRS,n,2,300.05,3.03,D,0
19.97275,80.37201,332.66,0.42,0.45,2024-03-17,728,N20,VIIRS,n,2,298.52,3.03,D,0
19.97686,80.37114,334.57,0.42,0.45,2024-03-17,728,N20,VIIRS,n,2,300.44,3.03,D,0
19.98163,80.55735,343.02,0.41,0.45,2024-03-17,728,N20,VIIRS,n,2,300.61,5.07,D,0
19.98868,77.02216,339.83,0.34,0.56,2024-03-17,728,N20,VIIRS,n,2,303.45,3.33,D,0
19.9912,77.02199,341.12,0.34,0.56,2024-03-17,728,N20,VIIRS,n,2,302.35,3.88,D,0
19.99303,80.19666,342.52,0.43,0.46,2024-03-17,728,N20,VIIRS,n,2,301.57,5.07,D,0
19.99681,80.84144,333.26,0.4,0.44,2024-03-17,728,N20,VIIRS,n,2,301.07,2.81,D,0
19.99885,78.73827,335.71,0.53,0.5,2024-03-17,728,N20,VIIRS,n,2,304.27,4.27,D,0
19.58358,80.13009,305.23,0.56,0.43,2024-03-17,1957,N20,VIIRS,n,2,292.54,1.1,N,0
19.72565,79.17552,304.91,0.43,0.46,2024-03-17,1957,N20,VIIRS,n,2,292.97,0.86,N,2
19.78958,79.14917,306.7,0.43,0.46,2024-03-17,1957,N20,VIIRS,n,2,292.59,1.36,N,2
15.96322,80.93874,308.87,0.46,0.39,2024-03-17,1958,N20,VIIRS,n,2,294.16,0.87,N,0
15.96495,80.93725,306.87,0.46,0.39,2024-03-17,1958,N20,VIIRS,n,2,293.74,0.93,N,0
16.06977,78.5061,306.25,0.42,0.45,2024-03-17,1958,N20,VIIRS,n,2,294.38,1.13,N,0
16.07389,78.50699,310.47,0.42,0.45,2024-03-17,1958,N20,VIIRS,n,2,294.39,1.13,N,0
16.21504,78.90734,310.11,0.4,0.44,2024-03-17,1958,N20,VIIRS,n,2,293.51,1.31,N,0
16.36059,81.28204,304.39,0.45,0.39,2024-03-17,1958,N20,VIIRS,n,2,293.55,0.42,N,0
16.39192,80.81545,307.88,0.47,0.4,2024-03-17,1958,N20,VIIRS,n,2,293.59,1.01,N,0
18.37214,81.11522,305.26,0.48,0.4,2024-03-17,1958,N20,VIIRS,n,2,293.94,1.25,N,0
18.96943,80.3121,304.71,0.54,0.42,2024-03-17,1958,N20,VIIRS,n,2,291.37,1.7,N,0
19.05284,80.33642,307.12,0.54,0.42,2024-03-17,1958,N20,VIIRS,n,2,291.78,1.58,N,0
19.28419,77.94424,304.0,0.5,0.49,2024-03-17,1958,N20,VIIRS,n,2,291.23,0.84,N,0
19.30435,80.21822,304.75,0.55,0.43,2024-03-17,1958,N20,VIIRS,n,2,291.97,1.69,N,0
15.5024,78.98248,333.48,0.65,0.73,2024-03-18,708,N20,VIIRS,n,2,299.85,5.08,D,0
15.50462,78.98368,332.25,0.65,0.73,2024-03-18,708,N20,VIIRS,n,2,300.19,3.21,D,0
15.56811,79.00067,349.04,0.64,0.72,2024-03-18,708,N20,VIIRS,n,2,296.65,10.17,D,0
15.79388,79.51299,334.48,0.59,0.7,2024-03-18,708,N20,VIIRS,n,2,296.75,1.68,D,0
16.07328,79.39632,334.61,0.59,0.7,2024-03-18,708,N20,VIIRS,n,2,296.44,1.88,D,0
16.62952,79.67098,332.28,0.55,0.68,2024-03-18,708,N20,VIIRS,n,2,293.4,3.88,D,0
16.6305,79.6694,333.0,0.55,0.68,2024-03-18,708,N20,VIIRS,n,2,292.58,2.96,D,0
16.77311,79.88977,331.47,0.53,0.67,2024-03-18,708,N20,VIIRS,n,2,293.69,2.77,D,0
17.13661,79.98264,344.83,0.52,0.66,2024-03-18,708,N20,VIIRS,n,2,294.03,6.49,D,0
17.54931,77.73494,340.87,0.71,0.75,2024-03-18,708,N20,VIIRS,n,2,290.03,7.19,D,0
17.8378,80.11435,345.04,0.49,0.65,2024-03-18,708,N20,VIIRS,n,2,295.27,10.93,D,0
17.83879,80.11888,349.56,0.49,0.65,2024-03-18,708,N20,VIIRS,n,2,293.98,9.57,D,0
17.85155,80.09251,331.73,0.49,0.65,2024-03-18,708,N20,VIIRS,n,2,296.53,7.19,D,0
17.85251,80.09695,343.55,0.49,0.65,2024-03-18,708,N20,VIIRS,n,2,295.46,6.38,D,0
18.27551,79.90008,335.28,0.49,0.65,2024-03-18,708,N20,VIIRS,n,2,291.93,4.23,D,0
19.25548,77.1521,330.74,0.71,0.75,2024-03-18,709,N20,VIIRS,n,2,297.32,5.07,D,0
19.65808,79.92207,338.8,0.46,0.64,2024-03-18,709,N20,VIIRS,n,2,293.33,7.64,D,0
19.65902,79.92631,337.96,0.46,0.64,2024-03-18,709,N20,VIIRS,n,2,293.41,6.63,D,0
15.93184,78.31544,330.97,0.53,0.67,2024-03-18,848,N20,VIIRS,n,2,298.69,2.6,D,0
16.04636,78.57632,354.42,0.55,0.68,2024-03-18,848,N20,VIIRS,n,2,293.96,8.98,D,0
16.04679,78.58066,354.41,0.55,0.68,2024-03-18,848,N20,VIIRS,n,2,293.89,8.98,D,0
16.04968,78.57748,367.0,0.55,0.68,2024-03-18,848,N20,VIIRS,h,2,296.03,12.91,D,0
16.12799,77.00394,331.05,0.44,0.62,2024-03-18,848,N20,VIIRS,n,2,300.0,1.37,D,0
16.13267,77.2617,340.8,0.45,0.63,2024-03-18,848,N20,VIIRS,n,2,302.68,5.14,D,0
16.2017,77.08141,334.78,0.44,0.62,2024-03-18,848,N20,VIIRS,n,2,302.31,2.33,D,0
17.73731,77.19995,331.38,0.47,0.64,2024-03-18,849,N20,VIIRS,n,2,291.57,4.68,D,0
17.73895,77.20019,338.9,0.47,0.64,2024-03-18,849,N20,VIIRS,n,2,291.45,3.81,D,0
17.94941,80.14001,331.75,0.74,0.76,2024-03-18,849,N20,VIIRS,n,2,293.2,4.23,D,0
18.65104,77.81377,332.73,0.53,0.67,2024-03-18,849,N20,VIIRS,n,2,293.23,9.64,D,0
19.18145,78.00403,331.01,0.55,0.68,2024-03-18,849,N20,VIIRS,n,2,296.17,5.15,D,0
19.26395,77.06339,337.59,0.48,0.65,2024-03-18,849,N20,VIIRS,n,2,300.94,3.21,D,0
19.26439,77.06799,333.17,0.48,0.65,2024-03-18,849,N20,VIIRS,n,2,298.98,2.34,D,0
19.60172,77.705,351.32,0.53,0.67,2024-03-18,849,N20,VIIRS,n,2,299.23,5.14,D,0
19.63439,77.05636,345.34,0.48,0.65,2024-03-18,849,N20,VIIRS,n,2,305.03,2.94,D,0
19.63759,77.05832,332.79,0.48,0.65,2024-03-18,849,N20,VIIRS,l,2,303.34,3.35,D,0
19.66623,77.17431,330.46,0.49,0.65,2024-03-18,849,N20,VIIRS,l,2,300.93,3.41,D,0
19.73792,77.09602,342.22,0.49,0.65,2024-03-18,849,N20,VIIRS,n,2,303.24,2.75,D,0
19.74038,77.09671,339.19,0.49,0.65,2024-03-18,849,N20,VIIRS,n,2,303.07,4.68,D,0
19.87508,77.08292,332.98,0.49,0.65,2024-03-18,849,N20,VIIRS,l,2,304.38,2.3,D,0
19.96409,79.33366,316.22,0.43,0.62,2024-03-18,1938,N20,VIIRS,n,2,291.29,1.39,N,2
17.41927,81.47663,301.57,0.57,0.52,2024-03-18,1939,N20,VIIRS,n,2,289.34,0.36,N,0
18.83683,80.59752,304.92,0.34,0.56,2024-03-18,1939,N20,VIIRS,n,2,289.85,0.95,N,0
19.36714,77.11845,300.94,0.59,0.7,2024-03-18,1939,N20,VIIRS,n,2,289.37,0.94,N,0
19.49244,80.0376,302.63,0.38,0.59,2024-03-18,1939,N20,VIIRS,n,2,290.26,0.55,N,0
19.64,80.08469,304.15,0.38,0.59,2024-03-18,1939,N20,VIIRS,n,2,290.93,0.77,N,0
15.72736,78.6432,316.25,0.42,0.61,2024-03-18,1940,N20,VIIRS,n,2,290.24,2.86,N,0
15.733,78.64393,319.94,0.42,0.61,2024-03-18,1940,N20,VIIRS,n,2,291.22,2.86,N,0
15.7382,78.64864,309.48,0.42,0.61,2024-03-18,1940,N20,VIIRS,n,2,292.0,2.0,N,0
15.73865,78.64465,315.95,0.42,0.61,2024-03-18,1940,N20,VIIRS,n,2,291.24,2.0,N,0
15.73954,78.63667,314.69,0.42,0.61,2024-03-18,1940,N20,VIIRS,n,2,291.61,3.25,N,0
15.74519,78.63738,329.82,0.42,0.61,2024-03-18,1940,N20,VIIRS,n,2,291.66,3.25,N,0
15.74563,78.63338,322.99,0.42,0.61,2024-03-18,1940,N20,VIIRS,n,2,291.4,4.84,N,0
15.96559,80.93644,307.32,0.59,0.53,2024-03-18,1940,N20,VIIRS,n,2,291.46,0.63,N,0
19.91454,79.30563,300.93,0.79,0.78,2024-03-18,2119,N20,VIIRS,n,2,288.02,1.06,N,0
19.91865,79.3063,300.11,0.79,0.78,2024-03-18,2119,N20,VIIRS,n,2,287.6,1.3,N,0
15.50085,78.5398,336.17,0.52,0.5,2024-03-19,829,N20,VIIRS,n,2,305.84,2.0,D,0
15.50543,78.53923,330.23,0.52,0.5,2024-03-19,829,N20,VIIRS,l,2,301.35,2.0,D,0
15.51621,78.51337,351.59,0.52,0.5,2024-03-19,829,N20,VIIRS,n,2,306.48,6.51,D,0
15.52078,78.5128,338.97,0.52,0.5,2024-03-19,829,N20,VIIRS,n,2,303.53,6.51,D,0
15.53133,78.71331,338.15,0.53,0.5,2024-03-19,829,N20,VIIRS,n,2,302.71,8.43,D,0
15.54953,78.86337,343.64,0.55,0.51,2024-03-19,829,N20,VIIRS,n,2,304.4,4.79,D,0
15.55295,78.85232,336.38,0.55,0.51,2024-03-19,829,N20,VIIRS,n,2,305.36,20.78,D,0
15.5536,78.85766,351.05,0.55,0.51,2024-03-19,829,N20,VIIRS,n,2,306.99,20.78,D,0
15.55486,78.86806,337.96,0.55,0.51,2024-03-19,829,N20,VIIRS,n,2,303.08,4.79,D,0
15.55765,78.85186,354.76,0.55,0.51,2024-03-19,829,N20,VIIRS,n,2,308.61,29.83,D,0
15.56957,77.09628,341.28,0.42,0.45,2024-03-19,829,N20,VIIRS,n,2,310.38,8.39,D,0
15.57327,78.67838,330.1,0.53,0.5,2024-03-19,829,N20,VIIRS,l,2,302.32,5.98,D,0
15.64392,79.87245,330.96,0.32,0.55,2024-03-19,829,N20,VIIRS,l,2,301.04,1.35,D,0
15.66607,77.74384,346.74,0.46,0.47,2024-03-19,829,N20,VIIRS,n,2,307.22,6.76,D,0
15.66765,77.74494,350.17,0.46,0.47,2024-03-19,829,N20,VIIRS,n,2,306.89,8.78,D,0
15.68425,78.475,332.29,0.52,0.5,2024-03-19,829,N20,VIIRS,l,2,303.79,1.82,D,0
15.69739,78.46841,336.3,0.52,0.5,2024-03-19,829,N20,VIIRS,n,2,305.13,3.39,D,0
15.71278,77.12999,338.45,0.42,0.46,2024-03-19,829,N20,VIIRS,l,2,309.05,5.32,D,0
15.72788,78.64349,335.88,0.53,0.5,2024-03-19,829,N20,VIIRS,n,2,305.7,6.37,D,0
15.72848,78.64842,345.31,0.53,0.5,2024-03-19,829,N20,VIIRS,n,2,306.38,6.37,D,0
15.73311,78.64784,339.61,0.53,0.5,2024-03-19,829,N20,VIIRS,n,2,305.22,6.37,D,0
15.7337,78.65276,336.26,0.53,0.5,2024-03-19,829,N20,VIIRS,n,2,302.97,8.65,D,0
15.73714,78.64233,332.16,0.53,0.5,2024-03-19,829,N20,VIIRS,l,2,306.4,5.85,D,0
15.73755,78.80279,334.89,0.55,0.51,2024-03-19,829,N20,VIIRS,n,2,299.76,6.48,D,0
15.73774,78.64725,338.36,0.53,0.5,2024-03-19,829,N20,VIIRS,n,2,305.09,5.85,D,0
15.7458,78.63625,345.86,0.53,0.5,2024-03-19,829,N20,VIIRS,n,2,305.67,7.06,D,0
15.7464,78.64118,335.39,0.53,0.5,2024-03-19,829,N20,VIIRS,l,2,306.17,6.94,D,0
15.747,78.6461,343.26,0.53,0.5,2024-03-19,829,N20,VIIRS,n,2,305.38,6.94,D,0
15.75163,78.64554,338.05,0.53,0.5,2024-03-19,829,N20,VIIRS,n,2,303.63,6.94,D,0
15.8301,79.04595,338.61,0.57,0.52,2024-03-19,829,N20,VIIRS,n,2,302.32,6.28,D,0
15.83361,79.04216,346.88,0.57,0.52,2024-03-19,829,N20,VIIRS,n,2,302.75,7.26,D,0
15.83375,77.82674,344.38,0.47,0.48,2024-03-19,829,N20,VIIRS,n,2,306.71,7.95,D,0
15.83422,79.03984,335.54,0.57,0.52,2024-03-19,829,N20,VIIRS,n,2,301.55,5.64,D,0
15.83432,79.04794,339.6,0.57,0.52,2024-03-19,829,N20,VIIRS,n,2,301.27,7.26,D,0
15.8349,79.04567,338.28,0.57,0.52,2024-03-19,829,N20,VIIRS,n,2,301.09,5.7,D,0
15.86038,78.50457,332.73,0.52,0.5,2024-03-19,829,N20,VIIRS,l,2,306.04,2.36,D,0
15.86044,78.5063,333.12,0.52,0.5,2024-03-19,829,N20,VIIRS,l,2,306.54,1.36,D,0
15.88143,79.15382,336.98,0.58,0.52,2024-03-19,829,N20,VIIRS,n,2,305.87,3.69,D,0
15.88559,79.14781,341.26,0.58,0.52,2024-03-19,829,N20,VIIRS,n,2,303.93,7.11,D,0
15.88623,79.15323,342.94,0.58,0.52,2024-03-19,829,N20,VIIRS,n,2,303.02,7.82,D,0
15.88641,77.82014,343.41,0.47,0.48,2024-03-19,829,N20,VIIRS,n,2,303.41,4.25,D,0
15.89937,77.63002,342.49,0.46,0.47,2024-03-19,829,N20,VIIRS,n,2,303.63,6.97,D,0
15.9416,78.05167,337.75,0.49,0.49,2024-03-19,829,N20,VIIRS,l,2,309.4,3.97,D,0
15.94837,78.50029,338.73,0.52,0.5,2024-03-19,829,N20,VIIRS,n,2,305.0,2.09,D,0
15.97499,78.52676,342.31,0.53,0.5,2024-03-19,829,N20,VIIRS,n,2,306.72,5.36,D,0
15.98232,77.25764,344.35,0.44,0.46,2024-03-19,829,N20,VIIRS,n,2,308.55,7.16,D,0
16.01959,78.5109,344.89,0.53,0.5,2024-03-19,829,N20,VIIRS,n,2,301.38,8.64,D,0
16.02418,78.51019,331.16,0.53,0.5,2024-03-19,829,N20,VIIRS,l,2,301.53,5.11,D,0
16.02877,78.5095,349.52,0.53,0.5,2024-03-19,829,N20,VIIRS,n,2,303.52,5.11,D,0
16.02938,78.51452,330.71,0.53,0.5,2024-03-19,829,N20,VIIRS,l,2,301.78,5.11,D,0
16.03338,78.509,337.61,0.53,0.5,2024-03-19,829,N20,VIIRS,n,2,300.83,5.27,D,0
16.07873,77.03342,341.21,0.42,0.45,2024-03-19,829,N20,VIIRS,n,2,304.02,1.62,D,0
16.10001,77.06688,337.1,0.43,0.46,2024-03-19,829,N20,VIIRS,n,2,305.46,5.36,D,0
16.10846,77.03348,344.72,0.42,0.45,2024-03-19,829,N20,VIIRS,n,2,307.37,3.13,D,0
16.11264,77.03295,339.91,0.42,0.45,2024-03-19,829,N20,VIIRS,n,2,304.07,3.13,D,0
16.12979,78.1927,331.49,0.5,0.49,2024-03-19,829,N20,VIIRS,l,2,305.96,1.57,D,0
16.13431,78.19212,342.21,0.5,0.49,2024-03-19,829,N20,VIIRS,n,2,304.5,1.57,D,0
16.14843,77.9118,337.66,0.48,0.48,2024-03-19,829,N20,VIIRS,n,2,302.99,3.32,D,0
16.15337,77.95271,331.88,0.49,0.48,2024-03-19,829,N20,VIIRS,l,2,303.45,4.77,D,0
16.18254,77.68138,355.53,0.47,0.47,2024-03-19,829,N20,VIIRS,n,2,304.04,15.15,D,0
16.3174,77.08346,333.0,0.43,0.46,2024-03-19,829,N20,VIIRS,l,2,304.16,1.51,D,0
16.32521,77.11108,339.33,0.43,0.46,2024-03-19,829,N20,VIIRS,n,2,307.19,2.66,D,0
16.37426,79.00105,331.04,0.57,0.52,2024-03-19,829,N20,VIIRS,l,2,302.65,3.26,D,0
16.41061,80.43057,336.77,0.36,0.57,2024-03-19,829,N20,VIIRS,n,2,297.58,2.11,D,0
16.4108,80.43111,337.83,0.36,0.57,2024-03-19,829,N20,VIIRS,n,2,297.32,2.24,D,0
16.56121,79.88464,367.0,0.33,0.55,2024-03-19,829,N20,VIIRS,h,2,301.6,6.02,D,0
16.56465,79.88319,351.26,0.33,0.55,2024-03-19,829,N20,VIIRS,n,2,299.17,5.28,D,0
16.62126,79.83609,367.0,0.33,0.55,2024-03-19,829,N20,VIIRS,h,2,298.81,5.59,D,0
16.6537,80.07764,334.76,0.34,0.56,2024-03-19,829,N20,VIIRS,n,2,293.14,2.11,D,0
16.34353,77.11706,335.37,0.43,0.46,2024-03-19,830,N20,VIIRS,n,2,305.33,2.11,D,0
16.59703,78.03585,333.93,0.5,0.49,2024-03-19,830,N20,VIIRS,n,2,299.54,1.87,D,0
16.71238,79.24078,335.12,0.6,0.53,2024-03-19,830,N20,VIIRS,n,2,297.2,5.14,D,0
16.71399,79.23806,338.0,0.6,0.53,2024-03-19,830,N20,VIIRS,n,2,298.29,4.65,D,0
17.02904,78.57299,331.58,0.55,0.51,2024-03-19,830,N20,VIIRS,n,2,300.11,2.35,D,0
17.3147,80.17482,332.99,0.35,0.57,2024-03-19,830,N20,VIIRS,n,2,293.12,1.81,D,0
17.40371,77.09819,339.69,0.44,0.46,2024-03-19,830,N20,VIIRS,l,2,313.73,10.38,D,0
17.40458,77.1747,345.82,0.45,0.47,2024-03-19,830,N20,VIIRS,n,2,315.34,9.15,D,0
17.41322,77.11418,343.21,0.45,0.47,2024-03-19,830,N20,VIIRS,n,2,312.93,12.41,D,0
17.41434,77.1137,341.75,0.45,0.47,2024-03-19,830,N20,VIIRS,l,2,312.67,11.36,D,0
17.41486,77.11787,341.03,0.45,0.47,2024-03-19,830,N20,VIIRS,l,2,312.04,9.44,D,0
17.46702,77.12799,351.0,0.45,0.47,2024-03-19,830,N20,VIIRS,n,2,316.95,21.07,D,0
17.62574,77.15426,345.89,0.45,0.47,2024-03-19,830,N20,VIIRS,n,2,314.04,14.34,D,0
17.74838,77.11369,345.66,0.45,0.47,2024-03-19,830,N20,VIIRS,n,2,314.87,10.24,D,0
17.75415,80.19956,330.7,0.36,0.57,2024-03-19,830,N20,VIIRS,n,2,295.21,1.53,D,0
18.42159,77.48332,339.92,0.49,0.48,2024-03-19,830,N20,VIIRS,n,2,311.24,1.92,D,0
18.42275,77.48606,341.39,0.48,0.48,2024-03-19,830,N20,VIIRS,n,2,312.55,3.22,D,0
18.77961,78.39162,333.88,0.56,0.52,2024-03-19,830,N20,VIIRS,n,2,297.41,3.79,D,0
19.01462,78.00195,331.53,0.53,0.5,2024-03-19,830,N20,VIIRS,l,2,302.6,6.78,D,0
19.01612,78.00482,335.99,0.53,0.5,2024-03-19,830,N20,VIIRS,n,2,304.37,7.28,D,0
19.24408,80.41574,336.48,0.39,0.59,2024-03-19,830,N20,VIIRS,n,2,297.45,4.06,D,0
19.59303,77.48069,332.68,0.5,0.49,2024-03-19,830,N20,VIIRS,l,2,306.88,1.44,D,0
19.60083,81.03651,330.51,0.43,0.62,2024-03-19,830,N20,VIIRS,n,2,294.01,3.76,D,0
19.60123,81.04067,335.86,0.43,0.62,2024-03-19,830,N20,VIIRS,n,2,293.86,3.76,D,0
19.66741,77.31791,335.84,0.49,0.49,2024-03-19,830,N20,VIIRS,n,2,303.46,2.33,D,0
19.74671,80.64285,341.04,0.41,0.6,2024-03-19,830,N20,VIIRS,n,2,295.46,6.28,D,0
19.80598,77.05137,337.16,0.47,0.48,2024-03-19,830,N20,VIIRS,l,2,310.69,2.76,D,0
19.82301,80.67436,330.67,0.41,0.61,2024-03-19,830,N20,VIIRS,n,2,296.72,2.14,D,0
19.82759,80.67459,333.31,0.41,0.61,2024-03-19,830,N20,VIIRS,n,2,298.23,2.75,D,0
19.91315,80.29518,330.22,0.39,0.59,2024-03-19,830,N20,VIIRS,n,2,292.35,1.13,D,0
19.92522,80.40826,331.66,0.39,0.6,2024-03-19,830,N20,VIIRS,n,2,295.15,5.33,D,0
19.94338,80.6003,332.85,0.41,0.6,2024-03-19,830,N20,VIIRS,n,2,296.14,2.91,D,0
19.94857,80.59571,330.05,0.41,0.6,2024-03-19,830,N20,VIIRS,n,2,295.78,2.88,D,0
19.95488,80.66267,339.01,0.41,0.61,2024-03-19,830,N20,VIIRS,n,2,296.85,3.67,D,0
19.96718,80.79408,330.65,0.42,0.61,2024-03-19,830,N20,VIIRS,n,2,297.19,4.54,D,0
19.96971,80.79626,335.1,0.42,0.61,2024-03-19,830,N20,VIIRS,n,2,296.62,4.47,D,0
19.12165,77.22526,309.55,0.59,0.53,2024-03-19,2100,N20,VIIRS,n,2,290.19,0.76,N,0
19.78961,79.14724,302.45,0.38,0.59,2024-03-19,2100,N20,VIIRS,n,2,289.44,1.31,N,2
19.80146,78.86373,300.59,0.37,0.58,2024-03-19,2100,N20,VIIRS,n,2,289.51,0.66,N,0
19.89912,77.33132,303.23,0.58,0.52,2024-03-19,2100,N20,VIIRS,n,2,290.01,0.46,N,0
19.89922,77.33362,303.47,0.58,0.52,2024-03-19,2100,N20,VIIRS,n,2,290.27,0.64,N,0
15.77183,78.82701,315.2,0.44,0.62,2024-03-19,2101,N20,VIIRS,n,2,290.68,1.59,N,0
15.77457,78.82602,308.79,0.44,0.62,2024-03-19,2101,N20,VIIRS,n,2,290.19,0.98,N,0
16.11615,77.96076,312.97,0.38,0.59,2024-03-19,2101,N20,VIIRS,n,2,291.55,1.38,N,3
16.30754,77.36076,306.32,0.34,0.56,2024-03-19,2101,N20,VIIRS,n,2,294.44,0.95,N,0
17.14094,77.18356,305.42,0.32,0.55,2024-03-19,2101,N20,VIIRS,n,2,294.16,0.47,N,2
17.23397,77.79421,302.07,0.35,0.57,2024-03-19,2101,N20,VIIRS,n,2,290.31,0.49,N,0
