latitude,longitude,bright_ti4,scan,track,acq_date,acq_time,satellite,instrument,confidence,version,bright_ti5,frp,daynight,type
16.20362,80.7514,332.5,0.76,0.77,2023-05-25,656,N20,VIIRS,n,2,290.83,4.19,D,0
16.20967,80.61652,338.03,0.78,0.78,2023-05-25,656,N20,VIIRS,n,2,290.46,12.92,D,0
16.21128,80.6236,331.37,0.78,0.78,2023-05-25,656,N20,VIIRS,n,2,290.19,10.38,D,0
16.21446,80.61646,340.93,0.78,0.78,2023-05-25,656,N20,VIIRS,n,2,290.66,11.58,D,0
16.3341,80.72096,333.94,0.76,0.77,2023-05-25,656,N20,VIIRS,n,2,290.98,2.6,D,0
16.3389,80.71898,343.81,0.76,0.77,2023-05-25,656,N20,VIIRS,n,2,290.86,12.34,D,0
16.55431,80.74651,333.93,0.75,0.77,2023-05-25,656,N20,VIIRS,n,2,288.93,5.26,D,0
16.55596,80.74728,334.82,0.75,0.77,2023-05-25,656,N20,VIIRS,n,2,288.82,4.41,D,0
16.78355,81.24545,333.34,0.69,0.74,2023-05-25,656,N20,VIIRS,n,2,286.77,6.21,D,0
16.88293,80.48148,332.72,0.77,0.77,2023-05-25,656,N20,VIIRS,n,2,289.87,4.0,D,0
18.6869,79.8113,335.19,0.78,0.78,2023-05-25,657,N20,VIIRS,n,2,290.31,7.65,D,0
15.62116,78.57465,332.84,0.34,0.56,2023-05-25,836,N20,VIIRS,n,2,292.52,1.42,D,0
15.62322,78.5725,332.28,0.34,0.56,2023-05-25,836,N20,VIIRS,n,2,294.35,2.41,D,0
15.69744,78.58294,339.52,0.34,0.56,2023-05-25,836,N20,VIIRS,n,2,293.84,6.15,D,0
15.72883,79.64975,332.93,0.4,0.6,2023-05-25,836,N20,VIIRS,n,2,295.73,2.3,D,0
15.83637,79.10188,335.74,0.37,0.58,2023-05-25,836,N20,VIIRS,n,2,297.48,3.89,D,0
15.84204,80.18475,331.87,0.44,0.62,2023-05-25,836,N20,VIIRS,n,2,296.35,3.44,D,0
15.89296,80.06766,356.39,0.43,0.62,2023-05-25,836,N20,VIIRS,n,2,296.78,5.83,D,0
15.89508,80.06432,341.14,0.43,0.62,2023-05-25,836,N20,VIIRS,n,2,296.85,5.17,D,0
15.8955,80.06837,347.36,0.43,0.62,2023-05-25,836,N20,VIIRS,n,2,295.95,5.17,D,0
15.89821,80.06306,330.52,0.43,0.62,2023-05-25,836,N20,VIIRS,n,2,295.74,5.83,D,0
16.11306,80.57794,330.63,0.47,0.64,2023-05-25,836,N20,VIIRS,n,2,294.4,3.47,D,0
16.16951,80.44385,330.29,0.46,0.63,2023-05-25,836,N20,VIIRS,n,2,296.98,3.92,D,0
16.17403,80.43027,335.21,0.46,0.63,2023-05-25,836,N20,VIIRS,n,2,294.01,6.14,D,0
16.19463,80.69012,331.12,0.48,0.64,2023-05-25,836,N20,VIIRS,n,2,294.39,5.45,D,0
16.20241,80.64861,355.28,0.47,0.64,2023-05-25,836,N20,VIIRS,n,2,295.97,13.78,D,0
16.20287,80.65308,367.0,0.47,0.64,2023-05-25,836,N20,VIIRS,h,2,295.77,13.78,D,0
16.21152,80.62067,347.87,0.47,0.64,2023-05-25,836,N20,VIIRS,n,2,296.92,4.89,D,0
16.21198,80.62513,338.57,0.47,0.64,2023-05-25,836,N20,VIIRS,n,2,295.19,4.89,D,0
16.21699,80.61562,331.13,0.47,0.64,2023-05-25,836,N20,VIIRS,n,2,295.9,9.85,D,0
16.21745,80.62006,346.3,0.47,0.64,2023-05-25,836,N20,VIIRS,n,2,296.23,4.89,D,0
16.21791,80.6245,331.48,0.47,0.64,2023-05-25,836,N20,VIIRS,n,2,295.06,4.89,D,0
16.2226,80.72816,331.32,0.48,0.65,2023-05-25,836,N20,VIIRS,n,2,294.23,4.33,D,0
16.24129,80.6762,337.07,0.47,0.64,2023-05-25,836,N20,VIIRS,n,2,294.3,5.3,D,0
16.24176,80.68069,331.3,0.48,0.64,2023-05-25,836,N20,VIIRS,n,2,293.85,3.6,D,0
16.25621,80.76128,335.16,0.48,0.65,2023-05-25,836,N20,VIIRS,n,2,294.15,3.5,D,0
16.25771,80.66094,330.32,0.47,0.64,2023-05-25,836,N20,VIIRS,n,2,293.15,3.7,D,0
16.28713,80.50179,346.51,0.46,0.64,2023-05-25,836,N20,VIIRS,n,2,294.13,8.38,D,0
16.28757,80.50617,332.33,0.46,0.64,2023-05-25,836,N20,VIIRS,n,2,293.67,6.47,D,0
16.31068,80.61518,339.27,0.47,0.64,2023-05-25,836,N20,VIIRS,n,2,295.16,2.59,D,0
16.33477,80.55901,338.75,0.47,0.64,2023-05-25,836,N20,VIIRS,n,2,294.62,8.35,D,0
16.33524,80.56342,337.67,0.47,0.64,2023-05-25,836,N20,VIIRS,n,2,294.6,9.31,D,0
16.33914,80.71657,351.91,0.48,0.65,2023-05-25,836,N20,VIIRS,n,2,294.43,9.98,D,0
16.42604,80.01813,334.79,0.43,0.62,2023-05-25,836,N20,VIIRS,n,2,295.18,4.35,D,0
16.4299,80.01798,332.54,0.43,0.62,2023-05-25,836,N20,VIIRS,n,2,295.33,3.94,D,0
16.51209,79.49839,331.11,0.4,0.6,2023-05-25,836,N20,VIIRS,n,2,295.62,1.89,D,0
16.52874,77.06316,335.63,0.55,0.51,2023-05-25,836,N20,VIIRS,n,2,299.91,5.3,D,0
16.55905,77.18336,342.12,0.56,0.52,2023-05-25,836,N20,VIIRS,n,2,295.93,6.3,D,0
16.62891,80.6226,335.54,0.48,0.64,2023-05-25,836,N20,VIIRS,n,2,290.75,4.04,D,0
16.75692,79.33307,333.06,0.39,0.59,2023-05-25,836,N20,VIIRS,n,2,295.92,4.48,D,0
16.76,79.41203,343.08,0.4,0.6,2023-05-25,836,N20,VIIRS,n,2,295.53,4.75,D,0
16.96192,80.14216,342.1,0.45,0.63,2023-05-25,836,N20,VIIRS,n,2,293.11,3.56,D,0
17.09512,81.36845,336.65,0.54,0.68,2023-05-25,836,N20,VIIRS,n,2,292.07,4.06,D,0
16.96219,80.13924,334.74,0.45,0.63,2023-05-25,837,N20,VIIRS,n,2,293.68,3.16,D,0
16.9931,80.21344,338.52,0.45,0.63,2023-05-25,837,N20,VIIRS,n,2,294.19,5.92,D,0
17.08488,80.13503,330.57,0.45,0.63,2023-05-25,837,N20,VIIRS,n,2,296.14,5.42,D,0
17.09296,81.36681,335.07,0.54,0.68,2023-05-25,837,N20,VIIRS,n,2,292.01,5.44,D,0
17.11021,80.09341,343.02,0.45,0.63,2023-05-25,837,N20,VIIRS,n,2,296.37,5.5,D,0
17.1231,80.10493,336.55,0.45,0.63,2023-05-25,837,N20,VIIRS,n,2,295.13,5.03,D,0
17.14272,79.76796,330.99,0.42,0.61,2023-05-25,837,N20,VIIRS,n,2,297.83,2.17,D,0
17.15029,80.08481,333.39,0.44,0.63,2023-05-25,837,N20,VIIRS,n,2,295.14,5.71,D,0
17.1934,80.04112,331.26,0.44,0.63,2023-05-25,837,N20,VIIRS,n,2,292.78,2.57,D,0
17.56545,79.15157,340.23,0.39,0.59,2023-05-25,837,N20,VIIRS,n,2,295.55,4.01,D,0
17.57345,79.80073,333.85,0.43,0.62,2023-05-25,837,N20,VIIRS,n,2,294.42,2.71,D,0
17.67131,79.8869,332.24,0.44,0.62,2023-05-25,837,N20,VIIRS,n,2,295.32,2.44,D,0
17.67531,79.86964,344.5,0.44,0.62,2023-05-25,837,N20,VIIRS,n,2,294.31,6.97,D,0
17.67641,79.8674,350.99,0.44,0.62,2023-05-25,837,N20,VIIRS,n,2,295.42,5.17,D,0
17.67931,78.04949,344.52,0.33,0.55,2023-05-25,837,N20,VIIRS,n,2,296.14,4.92,D,0
17.69327,79.92072,331.44,0.44,0.62,2023-05-25,837,N20,VIIRS,n,2,294.56,0.91,D,0
17.72104,78.02364,335.52,0.33,0.55,2023-05-25,837,N20,VIIRS,n,2,297.66,2.54,D,0
17.76342,78.12754,330.54,0.34,0.56,2023-05-25,837,N20,VIIRS,n,2,297.13,2.57,D,0
17.76494,78.04724,336.42,0.33,0.55,2023-05-25,837,N20,VIIRS,n,2,297.88,3.73,D,0
17.84749,78.11072,331.11,0.34,0.56,2023-05-25,837,N20,VIIRS,n,2,296.6,2.62,D,0
17.85153,79.9184,367.0,0.44,0.63,2023-05-25,837,N20,VIIRS,h,2,296.08,17.54,D,0
17.85196,79.9226,367.0,0.44,0.63,2023-05-25,837,N20,VIIRS,h,2,295.03,15.12,D,0
17.85773,79.922,351.98,0.44,0.63,2023-05-25,837,N20,VIIRS,n,2,294.6,5.43,D,0
17.85901,78.02608,337.07,0.33,0.55,2023-05-25,837,N20,VIIRS,n,2,298.43,1.79,D,0
17.87188,78.00223,334.42,0.33,0.55,2023-05-25,837,N20,VIIRS,n,2,301.95,1.6,D,0
17.88004,79.38287,332.97,0.41,0.6,2023-05-25,837,N20,VIIRS,n,2,294.84,3.28,D,0
17.88562,79.38228,335.92,0.41,0.6,2023-05-25,837,N20,VIIRS,n,2,295.67,5.85,D,0
17.90043,78.07269,330.8,0.33,0.56,2023-05-25,837,N20,VIIRS,n,2,297.42,1.57,D,0
17.90079,78.07588,340.89,0.33,0.56,2023-05-25,837,N20,VIIRS,n,2,296.72,1.57,D,0
17.90234,78.42461,330.35,0.35,0.57,2023-05-25,837,N20,VIIRS,n,2,297.05,4.41,D,0
17.90556,78.07211,331.44,0.33,0.56,2023-05-25,837,N20,VIIRS,n,2,298.66,2.51,D,0
17.90592,78.0753,345.42,0.33,0.56,2023-05-25,837,N20,VIIRS,n,2,297.98,2.51,D,0
17.93216,78.0529,335.82,0.33,0.56,2023-05-25,837,N20,VIIRS,n,2,297.93,2.63,D,0
17.95678,78.13715,330.82,0.34,0.56,2023-05-25,837,N20,VIIRS,n,2,296.99,2.73,D,0
18.00423,78.6868,343.44,0.37,0.58,2023-05-25,837,N20,VIIRS,n,2,298.2,3.22,D,0
18.01178,79.75107,339.41,0.43,0.62,2023-05-25,837,N20,VIIRS,n,2,296.84,3.83,D,0
18.04043,79.74829,335.39,0.43,0.62,2023-05-25,837,N20,VIIRS,n,2,295.84,2.82,D,0
18.05764,78.08332,332.02,0.34,0.56,2023-05-25,837,N20,VIIRS,n,2,297.34,3.9,D,0
18.06726,78.17319,342.67,0.34,0.56,2023-05-25,837,N20,VIIRS,n,2,296.14,4.33,D,0
18.07209,78.16939,333.2,0.34,0.56,2023-05-25,837,N20,VIIRS,n,2,297.2,4.48,D,0
18.07284,79.47252,333.68,0.42,0.61,2023-05-25,837,N20,VIIRS,n,2,296.04,2.63,D,0
18.07617,78.11038,342.67,0.34,0.56,2023-05-25,837,N20,VIIRS,n,2,296.87,4.14,D,0
18.08132,78.1098,336.58,0.34,0.56,2023-05-25,837,N20,VIIRS,n,2,297.95,4.1,D,0
18.08568,78.39647,331.35,0.35,0.57,2023-05-25,837,N20,VIIRS,n,2,296.87,1.93,D,0
18.08925,78.1347,330.86,0.34,0.56,2023-05-25,837,N20,VIIRS,n,2,298.09,1.96,D,0
18.09962,79.686,339.16,0.43,0.62,2023-05-25,837,N20,VIIRS,n,2,296.98,3.13,D,0
18.10257,79.73358,332.34,0.43,0.62,2023-05-25,837,N20,VIIRS,n,2,296.41,2.25,D,0
18.10447,79.73538,330.69,0.43,0.62,2023-05-25,837,N20,VIIRS,n,2,295.5,3.16,D,0
18.11186,79.69311,340.83,0.43,0.62,2023-05-25,837,N20,VIIRS,n,2,296.7,3.16,D,0
18.11343,78.16461,331.28,0.34,0.56,2023-05-25,837,N20,VIIRS,n,2,298.29,2.47,D,0
18.1188,79.70483,332.57,0.43,0.62,2023-05-25,837,N20,VIIRS,n,2,296.5,2.12,D,0
18.12025,78.95749,330.69,0.38,0.59,2023-05-25,837,N20,VIIRS,n,2,296.34,1.42,D,0
18.13224,79.66615,346.32,0.43,0.62,2023-05-25,837,N20,VIIRS,n,2,296.11,4.52,D,0
18.14149,78.56998,338.61,0.36,0.58,2023-05-25,837,N20,VIIRS,n,2,297.8,2.42,D,0
18.15783,79.80545,346.39,0.44,0.62,2023-05-25,837,N20,VIIRS,n,2,295.37,5.39,D,0
18.16114,78.20358,344.37,0.34,0.56,2023-05-25,837,N20,VIIRS,n,2,297.8,5.46,D,0
18.166,78.15041,335.02,0.34,0.56,2023-05-25,837,N20,VIIRS,n,2,298.24,1.51,D,0
18.17661,78.00694,333.29,0.33,0.56,2023-05-25,837,N20,VIIRS,n,2,299.35,1.17,D,0
18.18358,78.16797,330.66,0.34,0.56,2023-05-25,837,N20,VIIRS,n,2,299.23,1.9,D,0
18.18927,78.02782,333.17,0.33,0.56,2023-05-25,837,N20,VIIRS,n,2,299.2,2.0,D,0
18.19783,79.26624,351.74,0.4,0.6,2023-05-25,837,N20,VIIRS,n,2,296.83,4.48,D,0
18.19823,79.27014,332.75,0.4,0.6,2023-05-25,837,N20,VIIRS,n,2,295.77,4.48,D,0
18.22329,77.69015,331.14,0.32,0.54,2023-05-25,837,N20,VIIRS,n,2,299.38,2.41,D,0
18.2356,77.94849,330.65,0.33,0.55,2023-05-25,837,N20,VIIRS,n,2,299.05,1.68,D,0
18.25272,79.58107,331.63,0.42,0.61,2023-05-25,837,N20,VIIRS,n,2,297.62,2.32,D,0
18.27354,79.39678,335.33,0.41,0.61,2023-05-25,837,N20,VIIRS,n,2,296.69,2.9,D,0
18.27649,79.64457,330.18,0.43,0.62,2023-05-25,837,N20,VIIRS,n,2,296.75,0.94,D,0
18.27727,79.39599,347.03,0.41,0.61,2023-05-25,837,N20,VIIRS,n,2,297.42,6.36,D,0
18.27916,79.39623,336.15,0.41,0.61,2023-05-25,837,N20,VIIRS,n,2,296.71,2.9,D,0
18.27958,79.40022,331.08,0.41,0.61,2023-05-25,837,N20,VIIRS,n,2,296.87,5.63,D,0
18.28084,77.8896,330.45,0.33,0.55,2023-05-25,837,N20,VIIRS,n,2,299.34,1.41,D,0
18.28401,79.94855,339.52,0.45,0.63,2023-05-25,837,N20,VIIRS,n,2,293.28,6.78,D,0
18.31337,78.04436,336.04,0.34,0.56,2023-05-25,837,N20,VIIRS,n,2,299.9,2.75,D,0
18.31372,78.04758,343.7,0.34,0.56,2023-05-25,837,N20,VIIRS,n,2,299.01,2.75,D,0
18.3238,77.87347,335.29,0.33,0.55,2023-05-25,837,N20,VIIRS,n,2,297.56,1.43,D,0
18.33388,79.39448,332.53,0.41,0.61,2023-05-25,837,N20,VIIRS,n,2,294.57,3.46,D,0
18.33681,79.70882,333.04,0.43,0.62,2023-05-25,837,N20,VIIRS,n,2,296.35,1.91,D,0
18.35056,77.88303,330.59,0.33,0.55,2023-05-25,837,N20,VIIRS,n,2,299.29,2.1,D,0
18.35539,77.97687,330.1,0.33,0.56,2023-05-25,837,N20,VIIRS,l,2,300.62,2.31,D,0
18.35774,77.99902,336.2,0.34,0.56,2023-05-25,837,N20,VIIRS,n,2,299.47,1.72,D,0
18.35812,79.30058,337.6,0.41,0.6,2023-05-25,837,N20,VIIRS,n,2,298.31,2.62,D,0
18.36269,79.30067,350.24,0.41,0.61,2023-05-25,837,N20,VIIRS,n,2,297.88,4.88,D,0
18.36324,79.36418,335.87,0.41,0.61,2023-05-25,837,N20,VIIRS,n,2,295.79,3.43,D,0
18.36371,79.29996,334.35,0.41,0.6,2023-05-25,837,N20,VIIRS,n,2,297.46,2.62,D,0
18.3905,79.3532,353.14,0.41,0.61,2023-05-25,837,N20,VIIRS,n,2,298.33,15.57,D,0
18.39089,79.35716,367.0,0.41,0.61,2023-05-25,837,N20,VIIRS,h,2,296.28,16.69,D,0
18.40834,77.98679,331.52,0.33,0.56,2023-05-25,837,N20,VIIRS,n,2,299.9,2.18,D,0
18.45252,79.29528,330.89,0.41,0.61,2023-05-25,837,N20,VIIRS,n,2,296.66,2.37,D,0
18.46115,77.82357,332.55,0.33,0.55,2023-05-25,837,N20,VIIRS,n,2,296.5,1.74,D,0
18.49754,78.71427,336.6,0.37,0.58,2023-05-25,837,N20,VIIRS,n,2,297.52,1.83,D,0
18.50739,79.2929,331.06,0.41,0.61,2023-05-25,837,N20,VIIRS,n,2,297.47,5.66,D,0
18.53397,77.83081,339.1,0.33,0.55,2023-05-25,837,N20,VIIRS,n,2,296.04,3.37,D,0
18.54019,79.39338,330.88,0.42,0.61,2023-05-25,837,N20,VIIRS,n,2,297.42,1.46,D,0
18.59767,79.36188,330.02,0.42,0.61,2023-05-25,837,N20,VIIRS,n,2,296.91,1.93,D,0
18.599,79.41132,333.46,0.42,0.61,2023-05-25,837,N20,VIIRS,n,2,297.5,3.33,D,0
18.60235,79.40967,338.37,0.42,0.61,2023-05-25,837,N20,VIIRS,n,2,297.85,3.96,D,0
18.61251,78.71999,338.88,0.38,0.59,2023-05-25,837,N20,VIIRS,n,2,297.65,2.72,D,0
18.64066,79.33721,350.31,0.41,0.61,2023-05-25,837,N20,VIIRS,n,2,296.48,4.26,D,0
18.64915,79.47851,332.62,0.42,0.61,2023-05-25,837,N20,VIIRS,n,2,296.46,3.15,D,0
18.65189,79.33595,335.61,0.41,0.61,2023-05-25,837,N20,VIIRS,n,2,297.33,3.86,D,0
18.68838,78.76734,338.73,0.38,0.59,2023-05-25,837,N20,VIIRS,n,2,297.27,3.21,D,0
18.69982,78.82476,333.38,0.38,0.59,2023-05-25,837,N20,VIIRS,n,2,294.66,1.66,D,0
18.70136,78.43742,344.64,0.36,0.58,2023-05-25,837,N20,VIIRS,n,2,294.77,6.95,D,0
18.7022,78.43763,346.14,0.36,0.57,2023-05-25,837,N20,VIIRS,n,2,294.69,7.03,D,0
18.70673,79.48106,330.3,0.42,0.61,2023-05-25,837,N20,VIIRS,n,2,296.76,1.98,D,0
18.70715,79.48514,330.06,0.42,0.61,2023-05-25,837,N20,VIIRS,n,2,296.91,4.48,D,0
18.71175,79.75684,332.17,0.44,0.62,2023-05-25,837,N20,VIIRS,n,2,295.62,5.75,D,0
18.71249,79.7569,332.11,0.44,0.63,2023-05-25,837,N20,VIIRS,n,2,293.98,3.46,D,0
18.71691,77.78901,335.77,0.33,0.55,2023-05-25,837,N20,VIIRS,n,2,300.23,3.35,D,0
18.72055,79.53712,334.35,0.43,0.62,2023-05-25,837,N20,VIIRS,n,2,297.6,5.69,D,2
18.77027,78.96155,334.86,0.39,0.6,2023-05-25,837,N20,VIIRS,n,2,297.78,2.86,D,0
18.77067,79.81553,333.57,0.45,0.63,2023-05-25,837,N20,VIIRS,n,2,297.0,5.78,D,0
18.83829,78.764,338.67,0.38,0.59,2023-05-25,837,N20,VIIRS,n,2,298.67,5.1,D,0
18.839,78.87515,339.18,0.39,0.59,2023-05-25,837,N20,VIIRS,n,2,299.18,2.65,D,0
18.84002,78.76269,339.26,0.38,0.59,2023-05-25,837,N20,VIIRS,n,2,299.11,2.85,D,0
18.84472,78.75475,332.43,0.38,0.59,2023-05-25,837,N20,VIIRS,n,2,299.93,7.24,D,0
18.84545,78.76214,333.17,0.38,0.59,2023-05-25,837,N20,VIIRS,n,2,298.99,2.85,D,0
18.84608,78.99621,333.03,0.4,0.6,2023-05-25,837,N20,VIIRS,n,2,300.0,2.44,D,0
18.85594,78.75732,331.02,0.38,0.59,2023-05-25,837,N20,VIIRS,n,2,299.56,5.3,D,0
18.85631,78.76102,336.36,0.38,0.59,2023-05-25,837,N20,VIIRS,n,2,297.55,2.4,D,0
18.85668,78.76469,330.74,0.38,0.59,2023-05-25,837,N20,VIIRS,n,2,298.33,2.4,D,0
18.92728,78.6257,334.76,0.37,0.58,2023-05-25,837,N20,VIIRS,n,2,298.53,2.5,D,0
18.92977,78.62549,335.14,0.37,0.58,2023-05-25,837,N20,VIIRS,n,2,299.37,3.13,D,0
18.9302,79.28005,350.68,0.41,0.61,2023-05-25,837,N20,VIIRS,n,2,298.92,5.79,D,0
18.94256,79.12125,333.57,0.4,0.6,2023-05-25,837,N20,VIIRS,n,2,299.12,4.19,D,0
18.94295,79.12506,338.85,0.4,0.6,2023-05-25,837,N20,VIIRS,n,2,299.18,4.3,D,0
18.94317,78.70014,340.14,0.38,0.59,2023-05-25,837,N20,VIIRS,n,2,298.83,4.37,D,0
18.94556,78.7,342.57,0.38,0.59,2023-05-25,837,N20,VIIRS,n,2,298.84,3.91,D,0
18.94645,78.03512,337.11,0.34,0.56,2023-05-25,837,N20,VIIRS,n,2,298.62,3.26,D,0
18.95504,78.01761,334.29,0.34,0.56,2023-05-25,837,N20,VIIRS,n,2,298.86,2.18,D,0
18.95539,78.02085,339.86,0.34,0.56,2023-05-25,837,N20,VIIRS,n,2,298.88,2.18,D,0
18.96433,78.66904,335.06,0.38,0.59,2023-05-25,837,N20,VIIRS,n,2,298.21,2.05,D,0
18.96788,78.03928,335.49,0.34,0.56,2023-05-25,837,N20,VIIRS,n,2,299.89,4.5,D,0
18.96824,78.04256,341.38,0.34,0.56,2023-05-25,837,N20,VIIRS,n,2,299.52,4.11,D,0
18.97273,79.14124,332.68,0.41,0.6,2023-05-25,837,N20,VIIRS,n,2,299.49,2.71,D,0
19.02026,79.11741,332.58,0.4,0.6,2023-05-25,837,N20,VIIRS,n,2,299.02,2.69,D,0
19.03878,78.00146,367.0,0.34,0.56,2023-05-25,837,N20,VIIRS,h,2,302.42,8.58,D,0
19.04695,77.93152,335.75,0.34,0.56,2023-05-25,837,N20,VIIRS,n,2,300.12,2.37,D,0
19.0473,77.93474,336.41,0.34,0.56,2023-05-25,837,N20,VIIRS,n,2,299.51,2.37,D,0
19.0736,77.98455,337.98,0.34,0.56,2023-05-25,837,N20,VIIRS,n,2,295.47,1.64,D,0
19.07389,77.8168,333.44,0.33,0.55,2023-05-25,837,N20,VIIRS,n,2,297.88,3.12,D,0
19.07664,77.96445,333.16,0.34,0.56,2023-05-25,837,N20,VIIRS,n,2,300.15,5.16,D,0
19.09938,78.79288,333.9,0.39,0.59,2023-05-25,837,N20,VIIRS,n,2,299.21,2.61,D,0
19.23379,77.9307,332.87,0.34,0.56,2023-05-25,837,N20,VIIRS,n,2,299.44,2.93,D,0
19.63138,78.37337,331.87,0.37,0.58,2023-05-25,837,N20,VIIRS,n,2,300.4,1.81,D,0
19.71019,79.80993,332.5,0.46,0.63,2023-05-25,837,N20,VIIRS,n,2,297.18,3.31,D,0
19.80576,79.33224,342.87,0.43,0.62,2023-05-25,837,N20,VIIRS,n,2,300.87,10.0,D,0
17.58715,80.31619,305.08,0.55,0.68,2023-05-25,1927,N20,VIIRS,n,2,285.18,1.11,N,0
18.2924,79.94886,305.1,0.6,0.7,2023-05-25,1927,N20,VIIRS,n,2,287.96,2.11,N,0
18.29283,79.94566,309.13,0.6,0.7,2023-05-25,1927,N20,VIIRS,n,2,288.66,2.31,N,0
18.72341,79.53665,308.94,0.64,0.72,2023-05-25,1927,N20,VIIRS,n,2,292.61,2.45,N,2
17.9592,80.79946,304.57,0.68,0.74,2023-05-25,2107,N20,VIIRS,n,2,286.25,2.07,N,2
18.72552,79.53265,307.91,0.54,0.68,2023-05-25,2107,N20,VIIRS,n,2,294.09,6.71,N,2
19.78738,79.1482,308.65,0.49,0.65,2023-05-25,2107,N20,VIIRS,n,2,295.14,2.09,N,2
16.17578,79.1759,307.63,0.58,0.7,2023-05-25,2108,N20,VIIRS,n,2,291.24,7.13,N,0
16.17903,79.17448,309.17,0.58,0.7,2023-05-25,2108,N20,VIIRS,n,2,290.87,7.22,N,0
17.14473,78.22432,305.65,0.48,0.65,2023-05-25,2108,N20,VIIRS,n,2,290.4,0.77,N,2
17.14886,78.22554,305.92,0.48,0.65,2023-05-25,2108,N20,VIIRS,n,2,290.61,1.17,N,2
15.61983,77.12695,340.41,0.43,0.38,2023-05-26,817,N20,VIIRS,n,2,310.14,5.95,D,0
15.69458,77.01411,343.32,0.43,0.38,2023-05-26,817,N20,VIIRS,n,2,312.23,6.72,D,0
15.70359,77.62439,336.79,0.46,0.39,2023-05-26,817,N20,VIIRS,n,2,306.01,3.1,D,0
15.78897,77.15206,348.74,0.44,0.38,2023-05-26,817,N20,VIIRS,n,2,311.86,10.7,D,0
15.8188,79.71951,332.48,0.39,0.44,2023-05-26,817,N20,VIIRS,n,2,295.74,1.84,D,0
15.94417,77.93578,338.52,0.47,0.4,2023-05-26,817,N20,VIIRS,n,2,306.4,6.67,D,0
16.16116,77.9971,337.02,0.48,0.4,2023-05-26,817,N20,VIIRS,n,2,305.86,5.11,D,0
16.20422,80.56984,339.59,0.45,0.47,2023-05-26,817,N20,VIIRS,n,2,290.71,4.62,D,0
16.22733,80.5797,346.65,0.45,0.47,2023-05-26,817,N20,VIIRS,n,2,291.25,14.51,D,0
16.14249,77.01829,337.76,0.43,0.38,2023-05-26,818,N20,VIIRS,l,2,311.68,5.44,D,0
16.2044,77.23013,342.39,0.44,0.39,2023-05-26,818,N20,VIIRS,n,2,308.45,4.43,D,0
16.29391,78.3238,337.55,0.5,0.41,2023-05-26,818,N20,VIIRS,n,2,304.71,1.77,D,0
16.29496,77.07887,341.72,0.44,0.38,2023-05-26,818,N20,VIIRS,n,2,309.39,5.42,D,0
16.34434,77.43188,341.05,0.45,0.39,2023-05-26,818,N20,VIIRS,n,2,308.58,6.88,D,0
16.34543,77.49232,336.56,0.46,0.39,2023-05-26,818,N20,VIIRS,l,2,308.42,4.29,D,0
16.37416,77.10143,339.83,0.44,0.38,2023-05-26,818,N20,VIIRS,l,2,311.43,5.44,D,0
16.40404,77.10957,337.21,0.44,0.38,2023-05-26,818,N20,VIIRS,l,2,308.7,6.49,D,0
16.40698,77.10495,339.83,0.44,0.38,2023-05-26,818,N20,VIIRS,n,2,309.66,6.9,D,0
16.40756,77.10906,336.78,0.44,0.38,2023-05-26,818,N20,VIIRS,l,2,309.55,6.74,D,0
16.46483,77.49334,339.83,0.46,0.39,2023-05-26,818,N20,VIIRS,n,2,309.65,5.61,D,0
16.47886,77.10248,339.27,0.44,0.38,2023-05-26,818,N20,VIIRS,l,2,310.16,6.38,D,0
16.48824,77.24891,347.07,0.45,0.39,2023-05-26,818,N20,VIIRS,n,2,310.57,15.46,D,0
16.54303,78.1731,343.01,0.49,0.41,2023-05-26,818,N20,VIIRS,n,2,309.68,8.43,D,0
16.55091,77.2311,343.25,0.45,0.39,2023-05-26,818,N20,VIIRS,l,2,313.27,9.91,D,0
16.56665,77.77067,342.22,0.47,0.4,2023-05-26,818,N20,VIIRS,n,2,312.17,10.32,D,0
16.56872,77.07307,349.06,0.44,0.38,2023-05-26,818,N20,VIIRS,n,2,311.5,10.47,D,0
16.59707,77.01868,345.38,0.44,0.38,2023-05-26,818,N20,VIIRS,n,2,311.0,8.36,D,0
16.60651,78.01111,336.36,0.49,0.4,2023-05-26,818,N20,VIIRS,l,2,310.29,4.46,D,0
16.60761,77.01709,340.49,0.44,0.38,2023-05-26,818,N20,VIIRS,l,2,310.96,8.45,D,0
16.60818,77.02117,340.9,0.44,0.38,2023-05-26,818,N20,VIIRS,l,2,310.9,8.5,D,0
16.61112,77.01656,343.25,0.44,0.38,2023-05-26,818,N20,VIIRS,n,2,311.71,8.02,D,0
16.62179,77.63302,340.85,0.47,0.39,2023-05-26,818,N20,VIIRS,l,2,311.76,6.83,D,0
16.62314,77.63415,340.51,0.47,0.39,2023-05-26,818,N20,VIIRS,l,2,312.69,8.19,D,0
16.64726,79.10836,341.01,0.56,0.43,2023-05-26,818,N20,VIIRS,n,2,305.02,5.97,D,0
16.68542,77.16177,343.81,0.44,0.39,2023-05-26,818,N20,VIIRS,n,2,310.83,8.72,D,0
16.70435,77.87895,345.59,0.48,0.4,2023-05-26,818,N20,VIIRS,n,2,312.23,9.25,D,0
16.71992,79.35619,337.39,0.39,0.44,2023-05-26,818,N20,VIIRS,n,2,304.53,6.02,D,0
16.7221,77.76294,341.3,0.47,0.4,2023-05-26,818,N20,VIIRS,n,2,310.38,9.07,D,0
16.76079,79.40816,340.45,0.39,0.44,2023-05-26,818,N20,VIIRS,n,2,306.26,5.29,D,0
16.80359,79.05136,342.94,0.56,0.43,2023-05-26,818,N20,VIIRS,n,2,306.2,5.94,D,0
16.80711,79.04864,337.97,0.56,0.43,2023-05-26,818,N20,VIIRS,n,2,306.57,8.02,D,0
16.80753,79.05083,342.13,0.56,0.43,2023-05-26,818,N20,VIIRS,n,2,306.55,5.94,D,0
16.8084,79.0272,336.78,0.55,0.43,2023-05-26,818,N20,VIIRS,n,2,304.4,8.86,D,0
16.81171,79.05336,336.26,0.56,0.43,2023-05-26,818,N20,VIIRS,n,2,304.46,7.53,D,0
16.81216,79.05554,341.3,0.56,0.43,2023-05-26,818,N20,VIIRS,n,2,306.83,7.44,D,0
16.86444,77.76731,338.65,0.48,0.4,2023-05-26,818,N20,VIIRS,l,2,311.2,5.34,D,0
16.86545,79.28668,344.94,0.38,0.43,2023-05-26,818,N20,VIIRS,n,2,306.35,4.41,D,0
16.87749,79.67599,350.37,0.4,0.45,2023-05-26,818,N20,VIIRS,n,2,302.54,16.38,D,0
17.01244,79.5998,338.33,0.4,0.44,2023-05-26,818,N20,VIIRS,n,2,303.2,2.73,D,0
17.07249,78.00999,340.7,0.49,0.4,2023-05-26,818,N20,VIIRS,l,2,312.58,7.16,D,0
17.11581,79.27341,337.03,0.39,0.44,2023-05-26,818,N20,VIIRS,n,2,302.33,3.8,D,0
17.15835,77.73589,351.37,0.48,0.4,2023-05-26,818,N20,VIIRS,n,2,308.6,5.03,D,0
17.16201,77.73536,338.99,0.48,0.4,2023-05-26,818,N20,VIIRS,l,2,311.35,5.03,D,0
17.16869,77.73103,340.23,0.48,0.4,2023-05-26,818,N20,VIIRS,n,2,308.9,3.88,D,0
17.16872,77.72985,335.43,0.48,0.4,2023-05-26,818,N20,VIIRS,l,2,309.04,3.55,D,0
17.17365,79.01185,338.49,0.56,0.43,2023-05-26,818,N20,VIIRS,n,2,305.89,3.9,D,0
17.18,79.67785,343.93,0.41,0.45,2023-05-26,818,N20,VIIRS,n,2,304.63,7.86,D,0
17.24246,79.02054,338.15,0.56,0.43,2023-05-26,818,N20,VIIRS,n,2,306.25,5.68,D,0
17.26056,79.66289,337.81,0.41,0.45,2023-05-26,818,N20,VIIRS,n,2,306.39,4.8,D,0
17.28907,78.85444,337.92,0.55,0.43,2023-05-26,818,N20,VIIRS,n,2,307.28,3.9,D,0
17.29035,78.98702,338.63,0.56,0.43,2023-05-26,818,N20,VIIRS,n,2,307.43,6.41,D,0
17.31574,77.05102,344.48,0.45,0.39,2023-05-26,818,N20,VIIRS,l,2,315.66,14.6,D,0
17.31814,79.01553,336.33,0.56,0.43,2023-05-26,818,N20,VIIRS,l,2,307.07,3.94,D,0
17.33138,79.02451,334.38,0.56,0.43,2023-05-26,818,N20,VIIRS,l,2,304.98,4.04,D,0
17.34313,78.83923,341.56,0.55,0.43,2023-05-26,818,N20,VIIRS,n,2,308.81,6.64,D,0
17.34741,79.12834,331.78,0.57,0.43,2023-05-26,818,N20,VIIRS,l,2,304.36,2.15,D,0
17.34754,78.78075,339.81,0.55,0.42,2023-05-26,818,N20,VIIRS,n,2,308.56,5.23,D,0
17.35096,79.08138,333.73,0.57,0.43,2023-05-26,818,N20,VIIRS,l,2,306.78,3.9,D,0
17.3526,79.04059,336.7,0.56,0.43,2023-05-26,818,N20,VIIRS,n,2,306.06,5.25,D,0
17.35461,79.05657,335.25,0.57,0.43,2023-05-26,818,N20,VIIRS,l,2,305.78,6.99,D,0
17.35594,77.93171,344.59,0.49,0.4,2023-05-26,818,N20,VIIRS,n,2,311.91,7.04,D,0
17.35607,79.05901,337.01,0.57,0.43,2023-05-26,818,N20,VIIRS,n,2,303.2,10.44,D,0
17.35656,79.04005,333.86,0.56,0.43,2023-05-26,818,N20,VIIRS,l,2,307.14,5.25,D,0
17.36033,78.94289,334.59,0.56,0.43,2023-05-26,818,N20,VIIRS,l,2,305.79,4.67,D,0
17.36314,79.02838,340.4,0.56,0.43,2023-05-26,818,N20,VIIRS,n,2,307.52,7.64,D,0
17.36518,77.53226,338.39,0.47,0.4,2023-05-26,818,N20,VIIRS,l,2,309.72,7.09,D,0
17.38459,78.94482,339.18,0.56,0.43,2023-05-26,818,N20,VIIRS,n,2,306.49,5.04,D,0
17.38582,79.506,335.79,0.4,0.44,2023-05-26,818,N20,VIIRS,n,2,304.57,1.97,D,0
17.38812,78.84872,334.92,0.55,0.43,2023-05-26,818,N20,VIIRS,n,2,303.86,1.99,D,0
17.3892,78.94949,335.47,0.56,0.43,2023-05-26,818,N20,VIIRS,l,2,308.02,3.92,D,0
17.39475,78.86906,333.66,0.55,0.43,2023-05-26,818,N20,VIIRS,l,2,304.24,1.14,D,0
17.40085,77.38122,348.53,0.46,0.39,2023-05-26,818,N20,VIIRS,n,2,313.91,10.72,D,0
17.40145,77.38555,349.28,0.46,0.39,2023-05-26,818,N20,VIIRS,n,2,316.07,10.72,D,0
17.43471,77.6581,340.24,0.48,0.4,2023-05-26,818,N20,VIIRS,l,2,314.15,4.91,D,0
17.45677,79.85075,347.26,0.42,0.45,2023-05-26,818,N20,VIIRS,n,2,305.79,6.24,D,0
17.46637,79.8252,335.61,0.42,0.45,2023-05-26,818,N20,VIIRS,n,2,304.25,2.16,D,0
17.59701,79.31355,338.55,0.39,0.44,2023-05-26,818,N20,VIIRS,n,2,306.32,1.43,D,0
17.59773,79.31288,336.91,0.39,0.44,2023-05-26,818,N20,VIIRS,n,2,306.54,1.28,D,0
17.59957,79.8607,342.03,0.42,0.46,2023-05-26,818,N20,VIIRS,n,2,301.93,6.63,D,0
17.60717,79.8192,334.65,0.42,0.45,2023-05-26,818,N20,VIIRS,n,2,303.43,3.31,D,0
17.61254,79.7943,337.8,0.42,0.45,2023-05-26,818,N20,VIIRS,n,2,306.54,4.35,D,0
17.63453,79.86817,342.36,0.42,0.46,2023-05-26,818,N20,VIIRS,n,2,303.66,5.51,D,0
17.63965,78.15329,339.32,0.51,0.41,2023-05-26,818,N20,VIIRS,l,2,310.43,5.75,D,0
17.6486,79.87845,334.19,0.43,0.46,2023-05-26,818,N20,VIIRS,l,2,304.29,4.85,D,0
17.64911,79.88247,344.46,0.43,0.46,2023-05-26,818,N20,VIIRS,n,2,306.4,6.5,D,0
17.65217,77.86534,343.79,0.49,0.4,2023-05-26,818,N20,VIIRS,l,2,315.98,13.86,D,0
17.65763,79.59699,337.93,0.41,0.45,2023-05-26,818,N20,VIIRS,n,2,305.13,2.8,D,0
17.663,79.34155,336.32,0.4,0.44,2023-05-26,818,N20,VIIRS,n,2,305.86,2.18,D,0
17.67915,79.66936,336.43,0.41,0.45,2023-05-26,818,N20,VIIRS,n,2,304.22,1.97,D,0
17.68738,77.34574,348.27,0.46,0.39,2023-05-26,818,N20,VIIRS,n,2,313.74,10.04,D,0
17.69359,78.06425,343.25,0.5,0.41,2023-05-26,818,N20,VIIRS,n,2,310.47,6.99,D,0
17.69734,78.06371,341.19,0.5,0.41,2023-05-26,818,N20,VIIRS,n,2,311.78,4.82,D,0
17.70652,79.42346,331.58,0.4,0.44,2023-05-26,818,N20,VIIRS,n,2,301.53,1.68,D,0
17.70873,79.37341,337.84,0.4,0.44,2023-05-26,818,N20,VIIRS,n,2,304.06,2.48,D,0
17.71466,79.42236,331.42,0.4,0.44,2023-05-26,818,N20,VIIRS,l,2,302.75,1.48,D,0
17.73073,79.77829,351.02,0.42,0.45,2023-05-26,818,N20,VIIRS,n,2,303.23,5.91,D,0
17.73425,79.70576,343.24,0.42,0.45,2023-05-26,818,N20,VIIRS,n,2,303.55,6.7,D,0
17.73657,79.75745,336.43,0.42,0.45,2023-05-26,818,N20,VIIRS,n,2,304.19,1.53,D,0
17.73818,79.63755,336.65,0.41,0.45,2023-05-26,818,N20,VIIRS,n,2,303.98,1.61,D,0
17.7384,79.70523,351.76,0.42,0.45,2023-05-26,818,N20,VIIRS,n,2,305.2,6.7,D,0
17.7389,79.70914,331.4,0.42,0.45,2023-05-26,818,N20,VIIRS,l,2,303.58,1.83,D,0
17.74144,79.5976,336.57,0.41,0.45,2023-05-26,818,N20,VIIRS,l,2,307.08,2.98,D,0
17.74324,79.77669,336.22,0.42,0.45,2023-05-26,818,N20,VIIRS,n,2,304.14,3.85,D,0
17.7444,79.59756,343.16,0.41,0.45,2023-05-26,818,N20,VIIRS,n,2,306.56,4.53,D,0
17.7457,80.39616,330.53,0.46,0.47,2023-05-26,818,N20,VIIRS,n,2,300.28,4.77,D,0
17.74998,79.5067,342.49,0.41,0.45,2023-05-26,818,N20,VIIRS,n,2,305.06,5.12,D,0
17.75046,79.51055,335.7,0.41,0.45,2023-05-26,818,N20,VIIRS,n,2,303.86,4.33,D,0
17.76458,79.77788,333.6,0.42,0.45,2023-05-26,818,N20,VIIRS,l,2,304.06,2.84,D,0
17.77304,77.01917,340.35,0.45,0.39,2023-05-26,818,N20,VIIRS,l,2,314.49,10.42,D,0
17.77343,77.46289,340.77,0.47,0.4,2023-05-26,818,N20,VIIRS,l,2,313.74,5.18,D,0
17.77404,77.46732,340.59,0.47,0.4,2023-05-26,818,N20,VIIRS,l,2,314.03,5.18,D,0
17.77707,77.46239,346.85,0.47,0.4,2023-05-26,818,N20,VIIRS,n,2,313.64,7.11,D,0
17.78744,79.74311,333.55,0.42,0.45,2023-05-26,818,N20,VIIRS,l,2,305.04,3.53,D,0
17.79943,79.7375,339.28,0.42,0.45,2023-05-26,818,N20,VIIRS,n,2,306.6,4.06,D,0
17.79944,79.60207,341.21,0.41,0.45,2023-05-26,818,N20,VIIRS,n,2,305.04,4.59,D,0
17.80033,78.55075,337.47,0.54,0.42,2023-05-26,818,N20,VIIRS,l,2,308.82,2.65,D,0
17.8055,79.25251,335.04,0.39,0.44,2023-05-26,818,N20,VIIRS,n,2,304.64,4.14,D,0
17.80578,79.65273,337.89,0.41,0.45,2023-05-26,818,N20,VIIRS,n,2,304.65,3.91,D,0
17.8068,78.10361,343.58,0.51,0.41,2023-05-26,818,N20,VIIRS,n,2,310.42,6.22,D,0
17.81392,79.22117,342.71,0.39,0.44,2023-05-26,818,N20,VIIRS,n,2,305.31,2.29,D,0
17.81524,79.46302,333.87,0.4,0.44,2023-05-26,818,N20,VIIRS,n,2,302.51,0.93,D,0
17.81979,79.00874,337.19,0.57,0.43,2023-05-26,818,N20,VIIRS,n,2,305.62,4.18,D,0
17.82302,79.79104,347.62,0.42,0.45,2023-05-26,818,N20,VIIRS,n,2,302.66,8.36,D,0
17.82345,79.1339,342.32,0.39,0.44,2023-05-26,818,N20,VIIRS,n,2,306.38,12.71,D,0
17.82565,78.21808,339.4,0.51,0.41,2023-05-26,818,N20,VIIRS,n,2,307.74,0.9,D,0
17.84103,79.63212,335.28,0.41,0.45,2023-05-26,818,N20,VIIRS,n,2,304.14,2.13,D,0
17.84636,79.70713,342.28,0.42,0.45,2023-05-26,818,N20,VIIRS,n,2,303.94,3.06,D,0
17.85001,79.70263,339.55,0.42,0.45,2023-05-26,818,N20,VIIRS,n,2,305.25,4.33,D,0
17.86069,78.0766,338.71,0.51,0.41,2023-05-26,818,N20,VIIRS,l,2,309.77,4.41,D,0
17.8615,78.0782,339.06,0.51,0.41,2023-05-26,818,N20,VIIRS,l,2,309.73,2.89,D,0
17.86325,78.09565,334.35,0.51,0.41,2023-05-26,818,N20,VIIRS,l,2,308.1,4.5,D,0
17.87016,78.11582,335.45,0.51,0.41,2023-05-26,818,N20,VIIRS,l,2,310.05,2.47,D,0
17.87154,79.7958,337.1,0.42,0.45,2023-05-26,818,N20,VIIRS,n,2,304.52,2.9,D,0
17.8807,79.76615,344.59,0.42,0.45,2023-05-26,818,N20,VIIRS,n,2,304.38,3.64,D,0
17.88092,78.86255,342.97,0.56,0.43,2023-05-26,818,N20,VIIRS,n,2,308.72,8.25,D,0
17.88449,79.69302,339.5,0.42,0.45,2023-05-26,818,N20,VIIRS,n,2,305.28,6.44,D,0
17.88486,78.86198,340.82,0.56,0.43,2023-05-26,818,N20,VIIRS,n,2,308.95,7.83,D,0
17.88913,79.69643,331.45,0.42,0.45,2023-05-26,818,N20,VIIRS,l,2,302.88,3.28,D,0
17.89315,80.32581,337.72,0.46,0.47,2023-05-26,818,N20,VIIRS,n,2,303.83,4.46,D,0
17.89353,77.55087,338.47,0.48,0.4,2023-05-26,818,N20,VIIRS,l,2,312.22,3.34,D,0
17.90281,79.73896,334.76,0.42,0.45,2023-05-26,818,N20,VIIRS,n,2,300.96,2.06,D,0
17.91273,78.436,334.72,0.53,0.42,2023-05-26,818,N20,VIIRS,l,2,305.97,1.95,D,0
17.94182,79.64531,335.14,0.42,0.45,2023-05-26,818,N20,VIIRS,n,2,304.26,3.51,D,0
17.94235,78.05222,337.61,0.51,0.41,2023-05-26,818,N20,VIIRS,l,2,310.39,6.32,D,0
17.94298,78.05698,338.24,0.51,0.41,2023-05-26,818,N20,VIIRS,l,2,309.63,5.54,D,0
17.94552,78.07603,337.01,0.51,0.41,2023-05-26,818,N20,VIIRS,l,2,308.83,2.49,D,0
17.94861,79.63245,334.74,0.41,0.45,2023-05-26,818,N20,VIIRS,n,2,303.89,2.82,D,0
17.94902,80.30059,342.03,0.46,0.47,2023-05-26,818,N20,VIIRS,n,2,299.91,3.47,D,0
17.94929,78.07551,336.32,0.51,0.41,2023-05-26,818,N20,VIIRS,l,2,307.85,2.49,D,0
17.95004,79.05767,341.5,0.38,0.43,2023-05-26,818,N20,VIIRS,n,2,307.83,6.32,D,0
17.95189,78.12387,338.0,0.51,0.41,2023-05-26,818,N20,VIIRS,l,2,311.96,6.01,D,0
17.96164,79.14866,333.75,0.39,0.44,2023-05-26,818,N20,VIIRS,l,2,304.92,2.71,D,0
17.9621,79.15231,335.22,0.39,0.44,2023-05-26,818,N20,VIIRS,n,2,303.5,1.49,D,0
17.96214,78.20103,341.39,0.51,0.41,2023-05-26,818,N20,VIIRS,n,2,308.92,4.9,D,0
17.96278,78.20589,349.96,0.52,0.41,2023-05-26,818,N20,VIIRS,n,2,311.15,4.9,D,0
17.96668,79.41828,336.97,0.4,0.44,2023-05-26,818,N20,VIIRS,n,2,305.6,4.66,D,0
17.97141,78.12605,338.74,0.51,0.41,2023-05-26,818,N20,VIIRS,n,2,308.9,3.12,D,0
17.97518,78.1255,355.97,0.51,0.41,2023-05-26,818,N20,VIIRS,n,2,313.69,14.54,D,0
17.97519,78.12295,341.21,0.51,0.41,2023-05-26,818,N20,VIIRS,n,2,310.43,11.22,D,0
17.97581,78.12775,349.05,0.51,0.41,2023-05-26,818,N20,VIIRS,n,2,311.14,11.22,D,0
17.97583,78.13029,348.27,0.51,0.41,2023-05-26,818,N20,VIIRS,n,2,309.86,7.49,D,0
17.97642,78.13255,353.68,0.51,0.41,2023-05-26,818,N20,VIIRS,n,2,311.0,9.85,D,0
17.97647,78.13509,339.31,0.51,0.41,2023-05-26,818,N20,VIIRS,n,2,309.83,7.49,D,0
17.97712,78.108,345.58,0.51,0.41,2023-05-26,818,N20,VIIRS,n,2,308.75,6.48,D,0
17.97896,78.12497,345.83,0.51,0.41,2023-05-26,818,N20,VIIRS,n,2,308.91,14.54,D,0
17.97897,78.1224,337.89,0.51,0.41,2023-05-26,818,N20,VIIRS,l,2,309.04,11.22,D,0
17.98079,78.11005,347.32,0.51,0.41,2023-05-26,818,N20,VIIRS,n,2,311.9,20.22,D,0
17.98089,78.10746,347.24,0.51,0.41,2023-05-26,818,N20,VIIRS,n,2,312.5,16.96,D,0
17.98782,78.10156,337.75,0.51,0.41,2023-05-26,818,N20,VIIRS,l,2,312.01,6.76,D,0
18.00233,78.06549,339.45,0.51,0.41,2023-05-26,818,N20,VIIRS,l,2,309.7,3.09,D,0
18.00794,79.82337,332.69,0.43,0.46,2023-05-26,818,N20,VIIRS,n,2,301.18,4.31,D,0
18.01801,78.03893,339.67,0.51,0.41,2023-05-26,818,N20,VIIRS,l,2,310.78,5.02,D,0
18.02375,79.74391,343.02,0.42,0.45,2023-05-26,818,N20,VIIRS,n,2,304.94,5.44,D,0
18.02636,80.65225,340.42,0.48,0.48,2023-05-26,818,N20,VIIRS,n,2,303.61,4.32,D,0
18.03047,78.69076,341.53,0.55,0.43,2023-05-26,818,N20,VIIRS,n,2,305.68,4.22,D,0
18.03736,79.64927,340.13,0.42,0.45,2023-05-26,818,N20,VIIRS,n,2,302.95,4.32,D,0
18.03835,79.65716,337.55,0.42,0.45,2023-05-26,818,N20,VIIRS,n,2,303.9,6.14,D,0
18.04181,80.70624,335.42,0.49,0.48,2023-05-26,818,N20,VIIRS,n,2,301.63,5.59,D,0
18.05015,79.68378,342.98,0.42,0.45,2023-05-26,818,N20,VIIRS,n,2,305.89,5.68,D,0
18.05648,78.15582,337.92,0.51,0.41,2023-05-26,818,N20,VIIRS,l,2,307.96,3.51,D,0
18.05766,79.15407,338.08,0.39,0.44,2023-05-26,818,N20,VIIRS,n,2,307.82,2.6,D,0
18.06098,79.70255,341.6,0.42,0.45,2023-05-26,818,N20,VIIRS,n,2,306.35,11.88,D,0
18.06148,79.70653,349.06,0.42,0.45,2023-05-26,818,N20,VIIRS,n,2,307.57,16.54,D,0
18.06405,78.15478,343.15,0.51,0.41,2023-05-26,818,N20,VIIRS,n,2,308.94,4.64,D,0
18.06587,79.77502,335.98,0.42,0.46,2023-05-26,818,N20,VIIRS,n,2,303.61,4.7,D,0
18.06752,79.67349,330.97,0.42,0.45,2023-05-26,818,N20,VIIRS,l,2,303.82,1.61,D,0
18.06995,79.67321,333.88,0.42,0.45,2023-05-26,818,N20,VIIRS,l,2,304.38,2.58,D,0
18.07662,77.13367,351.54,0.46,0.39,2023-05-26,818,N20,VIIRS,n,2,313.15,6.52,D,0
18.077,79.61212,350.11,0.42,0.45,2023-05-26,818,N20,VIIRS,n,2,306.29,9.43,D,0
18.07963,77.12885,355.82,0.46,0.39,2023-05-26,818,N20,VIIRS,l,2,314.28,6.52,D,0
18.08007,78.24652,334.7,0.52,0.41,2023-05-26,818,N20,VIIRS,l,2,309.51,4.23,D,0
18.08021,77.13314,351.71,0.46,0.39,2023-05-26,818,N20,VIIRS,n,2,313.72,6.52,D,0
18.08321,77.1283,343.81,0.46,0.39,2023-05-26,818,N20,VIIRS,l,2,315.93,7.84,D,0
18.08379,77.1326,351.24,0.46,0.39,2023-05-26,818,N20,VIIRS,n,2,312.97,7.84,D,0
18.08621,78.44177,340.79,0.53,0.42,2023-05-26,818,N20,VIIRS,n,2,308.73,6.39,D,0
18.08851,78.10715,333.6,0.51,0.41,2023-05-26,818,N20,VIIRS,l,2,307.21,1.8,D,0
18.0912,78.15589,333.94,0.51,0.41,2023-05-26,818,N20,VIIRS,l,2,308.07,1.67,D,0
18.09185,78.16073,335.39,0.51,0.41,2023-05-26,818,N20,VIIRS,l,2,309.87,1.67,D,0
18.09344,78.25958,337.62,0.52,0.42,2023-05-26,818,N20,VIIRS,l,2,309.94,4.45,D,0
18.10081,79.66908,338.49,0.42,0.45,2023-05-26,818,N20,VIIRS,n,2,304.89,3.74,D,0
18.1013,78.17606,343.55,0.52,0.41,2023-05-26,818,N20,VIIRS,n,2,310.09,4.04,D,0
18.10138,78.17418,340.99,0.51,0.41,2023-05-26,818,N20,VIIRS,n,2,310.27,4.72,D,0
18.10608,79.47382,331.72,0.41,0.45,2023-05-26,818,N20,VIIRS,l,2,303.63,3.54,D,0
18.1067,79.82281,333.72,0.43,0.46,2023-05-26,818,N20,VIIRS,l,2,304.93,2.12,D,0
18.12747,80.59969,335.33,0.48,0.48,2023-05-26,818,N20,VIIRS,n,2,304.85,1.57,D,0
18.13016,79.9107,351.23,0.43,0.46,2023-05-26,818,N20,VIIRS,n,2,301.49,19.61,D,0
18.14184,79.59174,343.96,0.41,0.45,2023-05-26,818,N20,VIIRS,n,2,303.85,6.47,D,0
18.14388,79.50819,337.55,0.41,0.45,2023-05-26,818,N20,VIIRS,n,2,306.74,2.6,D,0
18.1443,78.2096,336.3,0.52,0.41,2023-05-26,818,N20,VIIRS,l,2,310.47,5.76,D,0
18.14493,78.21445,340.33,0.52,0.41,2023-05-26,818,N20,VIIRS,l,2,311.72,5.76,D,0
18.14873,78.21392,338.22,0.52,0.41,2023-05-26,818,N20,VIIRS,l,2,312.05,8.75,D,0
18.15723,79.45566,347.12,0.41,0.45,2023-05-26,818,N20,VIIRS,n,2,305.92,4.32,D,0
18.15826,78.721,338.51,0.55,0.43,2023-05-26,818,N20,VIIRS,n,2,307.57,4.32,D,0
18.15864,78.72367,337.75,0.55,0.43,2023-05-26,818,N20,VIIRS,n,2,307.64,2.72,D,0
18.16134,79.45512,342.95,0.41,0.45,2023-05-26,818,N20,VIIRS,n,2,305.49,4.32,D,0
18.17414,79.78139,337.17,0.43,0.46,2023-05-26,818,N20,VIIRS,n,2,303.26,3.98,D,0
18.17994,80.51503,342.01,0.47,0.48,2023-05-26,818,N20,VIIRS,n,2,306.31,5.17,D,0
18.17997,80.51599,341.22,0.47,0.48,2023-05-26,818,N20,VIIRS,n,2,305.98,3.5,D,0
18.18123,77.86967,338.12,0.5,0.41,2023-05-26,818,N20,VIIRS,l,2,309.42,5.42,D,0
18.19188,79.53387,343.6,0.41,0.45,2023-05-26,818,N20,VIIRS,n,2,305.84,4.69,D,0
18.19458,78.53768,339.45,0.54,0.42,2023-05-26,818,N20,VIIRS,l,2,310.25,10.24,D,0
18.19525,79.56133,343.95,0.41,0.45,2023-05-26,818,N20,VIIRS,n,2,305.22,4.74,D,0
18.20239,77.85712,338.73,0.5,0.41,2023-05-26,818,N20,VIIRS,l,2,310.58,4.58,D,0
18.21362,80.49816,339.27,0.47,0.48,2023-05-26,818,N20,VIIRS,n,2,304.89,5.83,D,0
18.21467,79.01375,339.43,0.38,0.43,2023-05-26,818,N20,VIIRS,n,2,308.7,4.29,D,0
18.21803,80.49762,337.35,0.47,0.48,2023-05-26,818,N20,VIIRS,n,2,305.37,8.69,D,0
18.22107,78.33023,338.36,0.53,0.42,2023-05-26,818,N20,VIIRS,l,2,309.75,7.8,D,0
18.23694,79.42548,344.84,0.41,0.45,2023-05-26,818,N20,VIIRS,n,2,308.45,4.21,D,0
18.23728,78.99955,335.68,0.38,0.43,2023-05-26,818,N20,VIIRS,l,2,307.83,3.01,D,0
18.25285,79.42707,336.68,0.41,0.45,2023-05-26,818,N20,VIIRS,l,2,307.09,3.08,D,0
18.25331,79.43092,340.33,0.41,0.45,2023-05-26,818,N20,VIIRS,n,2,306.38,3.08,D,0
18.25385,79.42721,335.98,0.41,0.45,2023-05-26,818,N20,VIIRS,l,2,307.01,3.02,D,0
18.25434,79.43105,339.57,0.41,0.45,2023-05-26,818,N20,VIIRS,n,2,306.12,3.02,D,0
18.26693,79.59586,334.72,0.42,0.45,2023-05-26,818,N20,VIIRS,l,2,304.9,4.64,D,0
18.27312,79.81464,339.94,0.43,0.46,2023-05-26,818,N20,VIIRS,n,2,305.84,5.46,D,0
18.27497,79.07246,337.73,0.39,0.44,2023-05-26,818,N20,VIIRS,l,2,309.34,4.25,D,0
18.2817,80.39142,355.35,0.47,0.48,2023-05-26,818,N20,VIIRS,n,2,308.19,9.84,D,0
18.28223,80.39595,332.17,0.47,0.48,2023-05-26,818,N20,VIIRS,l,2,303.78,3.37,D,0
18.28559,77.78469,341.55,0.49,0.41,2023-05-26,818,N20,VIIRS,l,2,311.78,5.87,D,0
18.29241,79.30914,341.64,0.4,0.44,2023-05-26,818,N20,VIIRS,n,2,305.16,2.27,D,0
18.29988,79.26962,344.94,0.4,0.44,2023-05-26,818,N20,VIIRS,n,2,306.71,6.99,D,0
18.30002,79.64375,338.24,0.42,0.45,2023-05-26,818,N20,VIIRS,n,2,307.79,4.19,D,0
18.30288,79.39315,343.88,0.41,0.45,2023-05-26,818,N20,VIIRS,n,2,305.29,8.07,D,0
18.30299,78.60345,334.41,0.55,0.42,2023-05-26,818,N20,VIIRS,l,2,308.38,4.34,D,0
18.30397,79.20404,356.01,0.39,0.44,2023-05-26,818,N20,VIIRS,n,2,309.13,10.47,D,0
18.30404,79.43607,343.71,0.41,0.45,2023-05-26,818,N20,VIIRS,n,2,305.09,4.9,D,0
18.3077,78.67156,339.13,0.55,0.43,2023-05-26,818,N20,VIIRS,n,2,308.16,5.1,D,0
18.31115,79.56177,335.53,0.42,0.45,2023-05-26,818,N20,VIIRS,n,2,305.43,2.45,D,0
18.31233,78.46127,333.03,0.54,0.42,2023-05-26,818,N20,VIIRS,l,2,306.9,1.6,D,0
18.31589,79.43056,331.8,0.41,0.45,2023-05-26,818,N20,VIIRS,l,2,303.37,2.13,D,0
18.3196,79.07018,343.62,0.39,0.44,2023-05-26,818,N20,VIIRS,n,2,306.99,4.44,D,0
18.32047,79.30161,339.67,0.4,0.44,2023-05-26,818,N20,VIIRS,n,2,304.31,2.47,D,0
18.32106,79.06905,348.55,0.39,0.44,2023-05-26,818,N20,VIIRS,n,2,307.61,4.52,D,0
18.32359,79.29349,335.34,0.4,0.44,2023-05-26,818,N20,VIIRS,l,2,307.04,4.78,D,0
18.33283,79.49924,339.88,0.41,0.45,2023-05-26,818,N20,VIIRS,n,2,301.51,4.8,D,0
18.33332,79.50317,333.89,0.41,0.45,2023-05-26,818,N20,VIIRS,n,2,303.88,4.58,D,0
18.33871,79.31463,344.11,0.4,0.44,2023-05-26,818,N20,VIIRS,n,2,308.13,3.89,D,0
18.33899,79.6508,338.94,0.42,0.45,2023-05-26,818,N20,VIIRS,n,2,308.13,3.6,D,0
18.33948,79.65478,338.48,0.42,0.45,2023-05-26,818,N20,VIIRS,n,2,307.59,3.84,D,0
18.3428,79.31411,342.41,0.4,0.44,2023-05-26,818,N20,VIIRS,n,2,307.55,3.89,D,0
18.34328,79.31789,345.01,0.4,0.44,2023-05-26,818,N20,VIIRS,n,2,309.56,3.89,D,0
18.34711,77.99218,337.82,0.51,0.41,2023-05-26,818,N20,VIIRS,l,2,308.34,6.94,D,0
18.34712,79.3167,344.14,0.4,0.44,2023-05-26,818,N20,VIIRS,n,2,308.22,3.99,D,0
18.34736,79.31738,335.61,0.4,0.44,2023-05-26,818,N20,VIIRS,l,2,307.87,3.63,D,0
18.34845,78.46642,334.52,0.54,0.42,2023-05-26,818,N20,VIIRS,l,2,307.26,1.94,D,0
18.34926,79.43018,336.73,0.41,0.45,2023-05-26,818,N20,VIIRS,n,2,306.49,4.15,D,0
18.34946,78.46344,337.37,0.54,0.42,2023-05-26,818,N20,VIIRS,l,2,309.33,4.17,D,0
18.35526,79.54409,347.3,0.41,0.45,2023-05-26,818,N20,VIIRS,n,2,305.41,5.78,D,0
18.35583,79.35435,339.64,0.4,0.45,2023-05-26,818,N20,VIIRS,n,2,308.11,5.35,D,0
18.35634,79.35497,340.53,0.4,0.44,2023-05-26,818,N20,VIIRS,n,2,308.74,4.79,D,0
18.35683,79.35878,338.76,0.4,0.45,2023-05-26,818,N20,VIIRS,l,2,310.29,6.93,D,0
18.36857,79.35653,347.11,0.4,0.45,2023-05-26,818,N20,VIIRS,n,2,308.41,6.97,D,0
18.3716,79.45026,345.68,0.41,0.45,2023-05-26,818,N20,VIIRS,n,2,309.94,7.12,D,0
18.37431,79.43803,338.21,0.41,0.45,2023-05-26,818,N20,VIIRS,l,2,308.79,4.92,D,0
18.37478,79.4419,335.04,0.41,0.45,2023-05-26,818,N20,VIIRS,l,2,307.42,4.39,D,0
18.37762,79.5213,344.44,0.41,0.45,2023-05-26,818,N20,VIIRS,n,2,307.42,5.14,D,0
18.38008,79.52047,344.64,0.41,0.45,2023-05-26,818,N20,VIIRS,n,2,310.38,7.52,D,0
18.38396,79.4486,336.18,0.41,0.45,2023-05-26,818,N20,VIIRS,l,2,309.62,3.93,D,0
18.3933,79.49095,340.04,0.41,0.45,2023-05-26,818,N20,VIIRS,n,2,306.28,3.98,D,0
18.39742,79.49039,346.84,0.41,0.45,2023-05-26,818,N20,VIIRS,n,2,307.42,3.98,D,0
18.3979,79.4943,340.86,0.41,0.45,2023-05-26,818,N20,VIIRS,n,2,308.53,4.87,D,0
18.39838,79.49821,339.7,0.41,0.45,2023-05-26,818,N20,VIIRS,n,2,308.81,4.87,D,0
18.39993,79.6505,337.35,0.42,0.45,2023-05-26,818,N20,VIIRS,n,2,307.03,6.18,D,0
18.40284,79.56946,345.05,0.42,0.45,2023-05-26,818,N20,VIIRS,n,2,309.74,12.34,D,0
18.40655,79.39442,338.67,0.41,0.45,2023-05-26,818,N20,VIIRS,n,2,308.2,5.14,D,0
18.41144,79.53631,341.39,0.42,0.45,2023-05-26,818,N20,VIIRS,n,2,305.73,3.98,D,0
18.41241,79.54422,351.47,0.42,0.45,2023-05-26,818,N20,VIIRS,n,2,306.7,10.1,D,0
18.42035,78.64803,336.21,0.55,0.43,2023-05-26,818,N20,VIIRS,l,2,309.06,4.42,D,0
18.42776,79.56628,345.25,0.42,0.45,2023-05-26,818,N20,VIIRS,n,2,310.61,5.96,D,0
18.43036,78.35944,335.75,0.53,0.42,2023-05-26,818,N20,VIIRS,l,2,308.65,4.82,D,0
18.43064,79.25533,336.81,0.4,0.44,2023-05-26,818,N20,VIIRS,l,2,307.4,2.88,D,0
18.43578,79.46136,337.36,0.41,0.45,2023-05-26,818,N20,VIIRS,n,2,307.35,3.75,D,0
18.44284,77.84101,335.82,0.5,0.41,2023-05-26,818,N20,VIIRS,l,2,307.53,3.86,D,0
18.44438,80.02425,340.62,0.45,0.47,2023-05-26,818,N20,VIIRS,n,2,305.79,7.25,D,0
18.44489,80.02848,343.69,0.45,0.47,2023-05-26,818,N20,VIIRS,n,2,305.97,7.25,D,0
18.44533,79.57195,348.57,0.42,0.45,2023-05-26,818,N20,VIIRS,n,2,311.98,10.37,D,0
18.46462,79.5574,339.49,0.42,0.45,2023-05-26,818,N20,VIIRS,l,2,310.01,6.04,D,0
18.47553,79.44428,337.71,0.41,0.45,2023-05-26,818,N20,VIIRS,n,2,307.69,2.24,D,0
18.47618,79.71804,342.81,0.43,0.46,2023-05-26,818,N20,VIIRS,n,2,304.68,3.46,D,0
18.47823,79.44376,335.36,0.41,0.45,2023-05-26,818,N20,VIIRS,l,2,305.51,3.64,D,0
18.48026,79.64835,367.0,0.42,0.45,2023-05-26,818,N20,VIIRS,h,2,310.85,10.61,D,0
18.48126,79.65636,336.22,0.42,0.45,2023-05-26,818,N20,VIIRS,n,2,307.96,6.61,D,0
18.48491,78.74965,339.38,0.56,0.43,2023-05-26,818,N20,VIIRS,n,2,308.56,5.24,D,0
18.48493,79.65179,346.4,0.42,0.45,2023-05-26,818,N20,VIIRS,n,2,308.47,6.61,D,0
18.48544,79.65581,367.0,0.42,0.45,2023-05-26,818,N20,VIIRS,h,2,310.0,6.61,D,0
18.48569,78.75159,337.1,0.56,0.43,2023-05-26,818,N20,VIIRS,l,2,309.24,4.57,D,0
18.48911,79.65124,355.86,0.42,0.45,2023-05-26,818,N20,VIIRS,n,2,310.46,11.17,D,0
18.48961,79.65525,334.57,0.42,0.45,2023-05-26,818,N20,VIIRS,n,2,303.63,11.17,D,0
18.49252,78.99295,342.48,0.39,0.44,2023-05-26,818,N20,VIIRS,n,2,311.75,4.35,D,0
18.49278,79.64666,341.6,0.42,0.45,2023-05-26,818,N20,VIIRS,n,2,307.38,6.11,D,0
18.49408,79.64653,341.54,0.42,0.45,2023-05-26,818,N20,VIIRS,n,2,307.31,4.11,D,0
18.49658,79.60966,335.39,0.42,0.45,2023-05-26,818,N20,VIIRS,l,2,307.19,4.38,D,0
18.4993,79.34261,345.31,0.4,0.45,2023-05-26,818,N20,VIIRS,n,2,307.65,4.54,D,0
18.5039,79.17987,335.48,0.4,0.44,2023-05-26,818,N20,VIIRS,l,2,308.28,0.94,D,0
18.50996,79.46337,333.77,0.41,0.45,2023-05-26,818,N20,VIIRS,l,2,306.78,2.44,D,0
18.51506,79.23585,343.73,0.4,0.44,2023-05-26,818,N20,VIIRS,n,2,308.0,3.69,D,0
18.51946,79.43835,334.54,0.41,0.45,2023-05-26,818,N20,VIIRS,l,2,307.99,3.14,D,0
18.53034,79.49253,336.18,0.41,0.45,2023-05-26,818,N20,VIIRS,l,2,309.54,2.24,D,0
18.53546,79.36526,334.3,0.41,0.45,2023-05-26,818,N20,VIIRS,l,2,307.83,3.78,D,0
18.53555,78.10782,338.81,0.52,0.41,2023-05-26,818,N20,VIIRS,l,2,310.63,6.6,D,0
18.53594,79.36912,342.23,0.41,0.45,2023-05-26,818,N20,VIIRS,n,2,307.05,3.78,D,0
18.53935,78.10729,348.35,0.52,0.41,2023-05-26,818,N20,VIIRS,n,2,313.2,6.6,D,0
18.54296,79.39177,339.56,0.41,0.45,2023-05-26,818,N20,VIIRS,n,2,308.9,2.65,D,0
18.54555,79.31311,338.39,0.4,0.44,2023-05-26,818,N20,VIIRS,n,2,307.96,3.62,D,0
18.56294,79.15289,352.1,0.4,0.44,2023-05-26,818,N20,VIIRS,n,2,311.29,4.82,D,0
18.56608,79.47574,345.06,0.41,0.45,2023-05-26,818,N20,VIIRS,n,2,309.78,8.02,D,0
18.57078,79.21691,337.89,0.4,0.44,2023-05-26,818,N20,VIIRS,l,2,308.91,2.61,D,0
18.57171,79.22449,347.52,0.4,0.44,2023-05-26,818,N20,VIIRS,n,2,311.02,8.49,D,0
18.57472,77.99369,342.88,0.51,0.41,2023-05-26,818,N20,VIIRS,n,2,313.28,5.86,D,0
18.57485,79.2164,344.86,0.4,0.44,2023-05-26,818,N20,VIIRS,n,2,309.05,5.64,D,0
18.58706,78.26665,338.95,0.53,0.42,2023-05-26,818,N20,VIIRS,l,2,309.87,4.33,D,0
18.6006,78.34131,337.55,0.53,0.42,2023-05-26,818,N20,VIIRS,l,2,310.69,5.26,D,0
18.60065,79.856,344.71,0.44,0.46,2023-05-26,818,N20,VIIRS,n,2,304.87,9.49,D,0
18.6008,78.10374,336.63,0.52,0.41,2023-05-26,818,N20,VIIRS,l,2,310.07,6.53,D,0
18.60811,79.84666,333.26,0.44,0.46,2023-05-26,818,N20,VIIRS,n,2,302.95,1.63,D,0
18.62264,79.50486,338.46,0.42,0.45,2023-05-26,818,N20,VIIRS,n,2,307.41,12.69,D,0
18.62312,79.50882,344.6,0.42,0.45,2023-05-26,818,N20,VIIRS,n,2,307.73,12.69,D,0
18.62679,79.50434,343.94,0.42,0.45,2023-05-26,818,N20,VIIRS,n,2,307.74,8.0,D,0
18.63556,79.50719,342.16,0.42,0.45,2023-05-26,818,N20,VIIRS,n,2,307.25,4.28,D,0
18.63605,79.51113,334.12,0.42,0.45,2023-05-26,818,N20,VIIRS,l,2,308.13,3.89,D,0
18.63861,79.8144,350.29,0.43,0.46,2023-05-26,818,N20,VIIRS,n,2,307.49,10.67,D,0
18.63971,79.50662,350.64,0.42,0.45,2023-05-26,818,N20,VIIRS,n,2,307.63,4.28,D,0
18.64219,77.83088,337.24,0.5,0.41,2023-05-26,818,N20,VIIRS,l,2,312.11,5.57,D,0
18.64284,79.81384,354.31,0.43,0.46,2023-05-26,818,N20,VIIRS,n,2,308.17,10.67,D,0
18.64653,79.42583,340.14,0.41,0.45,2023-05-26,818,N20,VIIRS,n,2,308.02,4.64,D,0
18.64814,80.7804,332.1,0.5,0.49,2023-05-26,818,N20,VIIRS,l,2,304.34,3.35,D,0
18.64903,79.21416,343.77,0.4,0.44,2023-05-26,818,N20,VIIRS,n,2,309.7,5.53,D,0
18.64952,79.21797,367.0,0.4,0.44,2023-05-26,818,N20,VIIRS,h,2,310.6,7.54,D,0
18.64968,79.41748,345.1,0.41,0.45,2023-05-26,818,N20,VIIRS,n,2,306.35,1.08,D,0
18.65305,79.37753,336.71,0.41,0.45,2023-05-26,818,N20,VIIRS,l,2,308.62,2.8,D,0
18.65359,79.21743,335.04,0.4,0.44,2023-05-26,818,N20,VIIRS,n,2,307.95,7.54,D,0
18.6679,79.19978,344.5,0.4,0.44,2023-05-26,818,N20,VIIRS,n,2,310.92,3.92,D,0
18.67197,79.19926,335.48,0.4,0.44,2023-05-26,818,N20,VIIRS,l,2,308.05,1.27,D,0
18.68281,79.5817,336.56,0.42,0.45,2023-05-26,818,N20,VIIRS,l,2,309.35,3.79,D,0
18.6955,79.54777,339.84,0.42,0.45,2023-05-26,818,N20,VIIRS,l,2,309.92,5.23,D,0
18.69717,79.54753,336.45,0.42,0.45,2023-05-26,818,N20,VIIRS,l,2,308.94,6.04,D,0
18.72016,78.49401,337.96,0.55,0.42,2023-05-26,818,N20,VIIRS,l,2,311.6,7.7,D,0
18.72118,79.5362,342.95,0.42,0.45,2023-05-26,818,N20,VIIRS,n,2,311.33,8.35,D,2
18.72371,78.09913,344.83,0.52,0.41,2023-05-26,818,N20,VIIRS,n,2,308.26,6.69,D,0
18.72695,78.09982,343.49,0.52,0.41,2023-05-26,818,N20,VIIRS,n,2,310.35,6.22,D,0
18.72752,78.09859,346.76,0.52,0.41,2023-05-26,818,N20,VIIRS,n,2,311.0,6.45,D,0
18.75199,79.04022,335.87,0.39,0.44,2023-05-26,818,N20,VIIRS,l,2,310.4,2.63,D,0
18.75271,79.28176,332.39,0.4,0.45,2023-05-26,818,N20,VIIRS,l,2,307.39,2.27,D,0
18.75529,78.33836,337.92,0.53,0.42,2023-05-26,818,N20,VIIRS,l,2,310.99,1.85,D,0
18.75699,78.29172,341.79,0.53,0.42,2023-05-26,818,N20,VIIRS,l,2,315.04,8.58,D,0
18.7573,79.28513,334.18,0.4,0.45,2023-05-26,818,N20,VIIRS,l,2,307.83,2.92,D,0
18.75927,78.90054,335.92,0.38,0.43,2023-05-26,818,N20,VIIRS,l,2,309.97,1.99,D,0
18.76092,79.28079,334.51,0.4,0.45,2023-05-26,818,N20,VIIRS,l,2,307.54,2.92,D,0
18.76118,78.12497,336.87,0.52,0.42,2023-05-26,818,N20,VIIRS,l,2,311.28,3.85,D,0
18.7614,79.28465,341.45,0.4,0.45,2023-05-26,818,N20,VIIRS,n,2,309.41,2.92,D,0
18.76189,79.28851,342.25,0.4,0.45,2023-05-26,818,N20,VIIRS,n,2,309.23,3.93,D,0
18.76437,78.11957,345.51,0.52,0.42,2023-05-26,818,N20,VIIRS,n,2,312.16,7.58,D,0
18.76637,78.66879,345.9,0.56,0.43,2023-05-26,818,N20,VIIRS,n,2,311.39,9.05,D,0
18.76844,79.54229,335.47,0.42,0.45,2023-05-26,818,N20,VIIRS,l,2,305.81,6.16,D,0
18.77056,78.95863,340.92,0.39,0.44,2023-05-26,818,N20,VIIRS,n,2,310.46,7.14,D,0
18.77207,78.61967,339.46,0.56,0.43,2023-05-26,818,N20,VIIRS,l,2,312.1,6.57,D,0
18.77249,78.71668,339.33,0.56,0.43,2023-05-26,818,N20,VIIRS,l,2,309.6,8.05,D,0
18.77712,78.72149,336.53,0.56,0.43,2023-05-26,818,N20,VIIRS,l,2,311.37,6.29,D,0
18.78216,78.13712,343.49,0.52,0.42,2023-05-26,818,N20,VIIRS,n,2,311.46,7.78,D,0
18.78745,80.13026,345.67,0.46,0.47,2023-05-26,818,N20,VIIRS,n,2,304.83,4.41,D,0
18.78973,78.60304,339.38,0.55,0.43,2023-05-26,818,N20,VIIRS,l,2,311.94,7.45,D,0
18.79567,78.33415,342.13,0.54,0.42,2023-05-26,818,N20,VIIRS,l,2,312.44,7.17,D,0
18.7982,79.04914,344.16,0.39,0.44,2023-05-26,818,N20,VIIRS,n,2,311.17,4.82,D,0
18.79866,79.05286,334.38,0.39,0.44,2023-05-26,818,N20,VIIRS,l,2,308.31,2.89,D,0
18.79953,78.33363,350.98,0.54,0.42,2023-05-26,818,N20,VIIRS,n,2,312.0,7.17,D,0
18.8054,78.73048,341.65,0.56,0.43,2023-05-26,818,N20,VIIRS,n,2,313.02,6.65,D,0
18.80605,78.73583,338.28,0.56,0.43,2023-05-26,818,N20,VIIRS,l,2,310.41,3.85,D,0
18.81258,78.49887,339.5,0.55,0.42,2023-05-26,818,N20,VIIRS,l,2,313.73,6.47,D,0
18.81288,78.22402,340.43,0.53,0.42,2023-05-26,818,N20,VIIRS,l,2,312.81,7.05,D,0
18.81323,78.50404,339.47,0.55,0.43,2023-05-26,818,N20,VIIRS,l,2,313.22,6.47,D,0
18.8179,78.6368,343.32,0.56,0.43,2023-05-26,818,N20,VIIRS,n,2,311.91,6.26,D,0
18.82263,78.29938,339.0,0.53,0.42,2023-05-26,818,N20,VIIRS,l,2,311.74,3.93,D,0
18.82445,78.62515,341.95,0.56,0.43,2023-05-26,818,N20,VIIRS,l,2,315.18,10.38,D,0
18.82578,78.63574,338.13,0.56,0.43,2023-05-26,818,N20,VIIRS,l,2,312.72,4.59,D,0
18.83297,77.96325,344.28,0.51,0.41,2023-05-26,818,N20,VIIRS,l,2,316.74,14.59,D,0
18.83675,77.96271,343.77,0.51,0.41,2023-05-26,818,N20,VIIRS,l,2,315.74,14.59,D,0
18.83711,78.41161,338.59,0.54,0.42,2023-05-26,818,N20,VIIRS,l,2,311.87,5.75,D,0
18.83853,79.23981,350.6,0.4,0.44,2023-05-26,818,N20,VIIRS,n,2,311.65,8.17,D,0
18.83933,79.66006,338.94,0.43,0.46,2023-05-26,818,N20,VIIRS,n,2,306.57,6.32,D,0
18.84063,78.10889,339.09,0.52,0.42,2023-05-26,818,N20,VIIRS,l,2,313.95,7.86,D,0
18.84139,80.03161,333.26,0.45,0.47,2023-05-26,818,N20,VIIRS,l,2,304.82,2.69,D,0
18.85264,79.01774,348.12,0.39,0.44,2023-05-26,818,N20,VIIRS,n,2,309.46,5.88,D,0
18.85425,78.73483,341.86,0.57,0.43,2023-05-26,818,N20,VIIRS,l,2,311.91,11.43,D,0
18.85861,78.64204,344.96,0.56,0.43,2023-05-26,818,N20,VIIRS,n,2,312.0,11.23,D,0
18.88392,78.42915,338.49,0.54,0.42,2023-05-26,818,N20,VIIRS,l,2,312.85,7.63,D,0
18.89805,78.07846,341.02,0.52,0.42,2023-05-26,818,N20,VIIRS,l,2,315.31,10.83,D,0
18.90211,79.0529,350.92,0.39,0.44,2023-05-26,818,N20,VIIRS,n,2,310.34,5.79,D,0
18.90726,78.45747,344.14,0.55,0.42,2023-05-26,818,N20,VIIRS,l,2,314.23,9.17,D,0
18.92508,79.23851,342.28,0.4,0.45,2023-05-26,818,N20,VIIRS,n,2,311.29,5.09,D,0
18.94754,79.05446,345.11,0.39,0.44,2023-05-26,818,N20,VIIRS,n,2,313.46,6.98,D,0
18.95213,78.46714,345.16,0.55,0.42,2023-05-26,818,N20,VIIRS,n,2,313.95,10.22,D,0
18.96886,79.18988,336.21,0.4,0.44,2023-05-26,818,N20,VIIRS,l,2,310.84,2.73,D,0
18.98066,78.06376,342.57,0.52,0.42,2023-05-26,818,N20,VIIRS,l,2,317.34,11.48,D,0
18.99726,79.18634,339.35,0.4,0.44,2023-05-26,818,N20,VIIRS,l,2,312.23,6.36,D,0
19.01687,78.72183,339.95,0.57,0.43,2023-05-26,818,N20,VIIRS,l,2,314.44,6.62,D,0
19.02234,78.29757,339.63,0.54,0.42,2023-05-26,818,N20,VIIRS,l,2,314.6,7.62,D,0
19.0262,78.29702,347.56,0.54,0.42,2023-05-26,818,N20,VIIRS,n,2,315.83,7.62,D,0
19.04762,78.04684,343.27,0.52,0.42,2023-05-26,818,N20,VIIRS,l,2,315.67,6.55,D,0
19.0486,78.04915,343.51,0.52,0.42,2023-05-26,818,N20,VIIRS,l,2,317.65,12.27,D,0
19.05144,78.0463,343.31,0.52,0.42,2023-05-26,818,N20,VIIRS,l,2,317.15,7.41,D,0
19.07976,78.88159,351.54,0.39,0.44,2023-05-26,818,N20,VIIRS,n,2,316.27,9.01,D,0
19.16821,78.08739,346.56,0.52,0.42,2023-05-26,818,N20,VIIRS,l,2,317.42,10.47,D,0
19.18188,81.13277,340.06,0.54,0.51,2023-05-26,818,N20,VIIRS,n,2,301.24,3.46,D,0
19.2137,80.92381,334.84,0.52,0.5,2023-05-26,818,N20,VIIRS,l,2,304.94,4.43,D,0
19.21426,80.92876,335.44,0.52,0.5,2023-05-26,818,N20,VIIRS,n,2,302.16,4.43,D,0
19.22204,81.12453,339.35,0.54,0.51,2023-05-26,818,N20,VIIRS,n,2,302.23,6.17,D,0
19.22614,81.119,330.97,0.54,0.51,2023-05-26,818,N20,VIIRS,l,2,301.59,3.74,D,0
19.22666,81.1237,350.15,0.54,0.51,2023-05-26,818,N20,VIIRS,n,2,303.41,6.73,D,0
19.22721,81.12859,332.86,0.54,0.51,2023-05-26,818,N20,VIIRS,n,2,300.81,6.73,D,0
19.23104,80.63385,335.85,0.5,0.49,2023-05-26,818,N20,VIIRS,n,2,305.12,2.79,D,0
19.24636,80.9246,333.79,0.52,0.5,2023-05-26,818,N20,VIIRS,n,2,301.83,2.32,D,0
19.25804,78.58342,343.38,0.56,0.43,2023-05-26,818,N20,VIIRS,l,2,314.11,9.0,D,0
19.26201,80.52674,333.24,0.49,0.49,2023-05-26,818,N20,VIIRS,l,2,305.64,2.96,D,0
19.29409,81.09498,333.51,0.54,0.5,2023-05-26,818,N20,VIIRS,n,2,303.09,3.63,D,0
19.33086,80.45676,336.77,0.49,0.48,2023-05-26,818,N20,VIIRS,l,2,307.71,2.02,D,0
19.3542,78.42675,343.52,0.55,0.43,2023-05-26,818,N20,VIIRS,l,2,315.06,11.07,D,0
19.4471,80.38892,338.58,0.48,0.48,2023-05-26,818,N20,VIIRS,n,2,310.1,1.95,D,0
19.448,80.38757,338.67,0.48,0.48,2023-05-26,818,N20,VIIRS,n,2,309.51,3.39,D,0
19.46306,80.94709,337.89,0.53,0.5,2023-05-26,818,N20,VIIRS,n,2,307.51,5.32,D,0
19.46359,80.95174,338.59,0.53,0.5,2023-05-26,818,N20,VIIRS,n,2,308.31,5.32,D,0
19.47304,80.49841,341.25,0.49,0.49,2023-05-26,818,N20,VIIRS,n,2,307.4,5.18,D,0
19.49005,80.81525,331.66,0.52,0.5,2023-05-26,818,N20,VIIRS,l,2,302.51,6.27,D,0
19.49008,80.81845,336.7,0.52,0.5,2023-05-26,818,N20,VIIRS,n,2,302.6,4.76,D,0
19.49059,80.90239,338.95,0.52,0.5,2023-05-26,818,N20,VIIRS,n,2,309.38,4.87,D,0
19.49463,80.81482,332.28,0.52,0.5,2023-05-26,818,N20,VIIRS,l,2,303.01,2.87,D,0
19.49464,80.81785,333.58,0.52,0.5,2023-05-26,818,N20,VIIRS,n,2,302.31,4.76,D,0
19.54241,81.03583,333.76,0.53,0.5,2023-05-26,818,N20,VIIRS,n,2,305.35,4.4,D,0
19.54825,79.95013,345.63,0.46,0.47,2023-05-26,818,N20,VIIRS,n,2,313.51,8.2,D,0
19.54903,80.64365,332.94,0.5,0.49,2023-05-26,818,N20,VIIRS,l,2,306.4,3.89,D,0
19.54958,80.64838,332.22,0.5,0.49,2023-05-26,818,N20,VIIRS,l,2,306.36,3.89,D,0
19.55012,80.65299,341.95,0.5,0.49,2023-05-26,818,N20,VIIRS,n,2,305.82,6.7,D,0
19.5732,80.50001,335.24,0.49,0.49,2023-05-26,818,N20,VIIRS,l,2,305.7,4.8,D,0
19.63273,80.44153,335.98,0.49,0.49,2023-05-26,818,N20,VIIRS,l,2,308.82,4.3,D,0
19.63384,80.45096,333.22,0.49,0.49,2023-05-26,818,N20,VIIRS,l,2,307.51,3.04,D,0
19.66676,80.57635,337.24,0.5,0.49,2023-05-26,818,N20,VIIRS,n,2,306.22,4.67,D,0
19.67183,80.58054,330.88,0.5,0.49,2023-05-26,818,N20,VIIRS,l,2,305.65,1.75,D,0
19.67353,80.55617,333.48,0.5,0.49,2023-05-26,818,N20,VIIRS,l,2,307.42,2.77,D,0
19.67373,80.58191,333.35,0.5,0.49,2023-05-26,818,N20,VIIRS,l,2,306.73,3.13,D,0
19.6752,80.60914,340.82,0.5,0.49,2023-05-26,818,N20,VIIRS,n,2,308.81,5.87,D,0
19.68111,80.48433,334.55,0.49,0.49,2023-05-26,818,N20,VIIRS,l,2,307.62,2.47,D,0
19.68424,80.60804,334.12,0.5,0.49,2023-05-26,818,N20,VIIRS,l,2,308.88,3.18,D,0
19.6848,80.61279,334.58,0.5,0.49,2023-05-26,818,N20,VIIRS,l,2,308.43,3.18,D,0
19.70108,80.62185,331.62,0.5,0.49,2023-05-26,818,N20,VIIRS,l,2,306.24,3.93,D,0
19.75886,79.91603,347.25,0.46,0.47,2023-05-26,818,N20,VIIRS,n,2,314.72,17.58,D,0
19.76311,80.88599,332.64,0.53,0.5,2023-05-26,818,N20,VIIRS,l,2,304.51,2.71,D,0
19.77,80.90565,342.42,0.53,0.5,2023-05-26,818,N20,VIIRS,n,2,305.22,7.05,D,0
19.80726,80.82314,331.97,0.52,0.5,2023-05-26,818,N20,VIIRS,l,2,305.62,4.54,D,0
19.81283,80.8315,345.41,0.52,0.5,2023-05-26,818,N20,VIIRS,n,2,305.55,8.34,D,0
19.81315,80.83382,343.11,0.52,0.5,2023-05-26,818,N20,VIIRS,n,2,305.19,6.2,D,0
19.89537,79.90367,340.77,0.46,0.47,2023-05-26,818,N20,VIIRS,l,2,313.89,7.26,D,0
19.89649,80.51252,346.85,0.5,0.49,2023-05-26,818,N20,VIIRS,n,2,314.17,8.62,D,0
19.89856,80.51373,344.64,0.5,0.49,2023-05-26,818,N20,VIIRS,n,2,313.77,10.3,D,0
19.9309,79.96749,342.06,0.46,0.47,2023-05-26,818,N20,VIIRS,n,2,311.6,9.36,D,0
19.93418,79.97005,342.32,0.46,0.47,2023-05-26,818,N20,VIIRS,n,2,311.1,6.69,D,0
19.938,79.96511,343.28,0.46,0.47,2023-05-26,818,N20,VIIRS,n,2,313.26,6.69,D,0
19.9396,79.96638,340.01,0.46,0.47,2023-05-26,818,N20,VIIRS,l,2,311.67,8.89,D,0
19.96344,80.72276,336.32,0.52,0.5,2023-05-26,818,N20,VIIRS,l,2,309.6,6.33,D,0
19.99204,80.60949,336.43,0.51,0.49,2023-05-26,818,N20,VIIRS,l,2,311.16,4.47,D,0
19.23477,77.91691,316.51,0.41,0.45,2023-05-26,2048,N20,VIIRS,n,2,293.67,0.7,N,0
19.78668,79.14986,308.95,0.48,0.48,2023-05-26,2048,N20,VIIRS,n,2,297.4,3.1,N,2
19.78737,79.14661,308.17,0.48,0.48,2023-05-26,2048,N20,VIIRS,n,2,296.34,4.02,N,2
17.14165,77.1837,309.22,0.41,0.45,2023-05-26,2049,N20,VIIRS,n,2,295.95,1.06,N,2
17.95927,80.80022,321.46,0.33,0.56,2023-05-26,2049,N20,VIIRS,n,2,297.39,3.16,N,2
18.1304,79.61405,306.5,0.55,0.51,2023-05-26,2049,N20,VIIRS,n,2,296.01,2.35,N,0
18.50252,79.67165,316.84,0.55,0.51,2023-05-26,2049,N20,VIIRS,n,2,296.36,2.17,N,0
18.50355,79.66653,308.28,0.55,0.51,2023-05-26,2049,N20,VIIRS,n,2,295.54,2.17,N,0
18.69846,79.54827,315.03,0.54,0.51,2023-05-26,2049,N20,VIIRS,n,2,297.83,3.62,N,0
18.71966,79.53728,311.28,0.53,0.5,2023-05-26,2049,N20,VIIRS,n,2,297.83,3.66,N,2
18.72025,79.53382,310.14,0.53,0.5,2023-05-26,2049,N20,VIIRS,n,2,297.94,2.32,N,2
18.72423,79.53825,312.45,0.53,0.5,2023-05-26,2049,N20,VIIRS,n,2,297.94,4.42,N,2
18.72482,79.53473,316.64,0.53,0.5,2023-05-26,2049,N20,VIIRS,n,2,298.6,2.32,N,2
18.73949,79.53279,310.21,0.53,0.5,2023-05-26,2049,N20,VIIRS,n,2,296.37,2.76,N,2
18.73982,79.53139,311.92,0.53,0.5,2023-05-26,2049,N20,VIIRS,n,2,296.5,3.79,N,2
19.12699,78.00094,308.68,0.42,0.45,2023-05-26,2049,N20,VIIRS,n,2,293.49,3.3,N,0
15.52599,77.09927,342.42,0.42,0.38,2023-05-27,758,N20,VIIRS,l,2,312.8,11.12,D,0
15.62266,78.97636,348.96,0.38,0.36,2023-05-27,758,N20,VIIRS,n,2,305.97,5.83,D,0
15.65313,79.87314,339.6,0.39,0.36,2023-05-27,758,N20,VIIRS,n,2,305.99,3.31,D,0
15.71503,77.37851,336.06,0.41,0.37,2023-05-27,758,N20,VIIRS,l,2,308.4,4.17,D,0
15.7467,80.31998,339.27,0.39,0.36,2023-05-27,758,N20,VIIRS,l,2,310.11,12.48,D,0
15.76954,79.76647,338.94,0.39,0.36,2023-05-27,758,N20,VIIRS,n,2,303.2,2.1,D,0
15.7895,80.22028,341.65,0.39,0.36,2023-05-27,758,N20,VIIRS,l,2,314.78,12.56,D,0
15.80015,80.0853,339.68,0.39,0.36,2023-05-27,758,N20,VIIRS,l,2,311.15,4.43,D,0
15.86631,80.14405,334.84,0.39,0.36,2023-05-27,758,N20,VIIRS,l,2,309.77,3.01,D,0
15.89602,80.069,335.29,0.39,0.36,2023-05-27,758,N20,VIIRS,l,2,308.75,4.77,D,0
15.92287,79.99828,337.42,0.39,0.36,2023-05-27,758,N20,VIIRS,l,2,311.13,2.37,D,0
15.93175,79.9895,336.89,0.39,0.36,2023-05-27,758,N20,VIIRS,l,2,308.71,2.28,D,0
15.94438,80.00585,337.36,0.39,0.36,2023-05-27,758,N20,VIIRS,l,2,309.73,2.53,D,0
15.96363,80.02127,344.6,0.39,0.36,2023-05-27,758,N20,VIIRS,n,2,312.71,5.05,D,0
16.01652,79.11095,337.76,0.38,0.36,2023-05-27,758,N20,VIIRS,n,2,305.5,3.9,D,0
16.01706,79.11451,335.77,0.38,0.36,2023-05-27,758,N20,VIIRS,l,2,306.62,3.38,D,0
16.02472,79.95249,335.71,0.39,0.36,2023-05-27,758,N20,VIIRS,l,2,310.6,5.59,D,0
16.04952,80.53785,353.5,0.4,0.37,2023-05-27,758,N20,VIIRS,n,2,314.29,11.41,D,0
16.05006,80.54153,338.32,0.4,0.37,2023-05-27,758,N20,VIIRS,l,2,309.56,3.14,D,0
16.05342,80.54102,335.88,0.4,0.37,2023-05-27,758,N20,VIIRS,l,2,309.77,3.14,D,0
16.05733,80.01333,345.47,0.39,0.36,2023-05-27,758,N20,VIIRS,n,2,311.07,5.47,D,0
16.05772,80.12863,343.5,0.39,0.36,2023-05-27,758,N20,VIIRS,n,2,311.05,12.06,D,0
16.06051,80.12448,338.13,0.39,0.36,2023-05-27,758,N20,VIIRS,l,2,310.59,7.21,D,0
16.06056,80.3556,344.53,0.39,0.36,2023-05-27,758,N20,VIIRS,n,2,312.89,7.56,D,0
16.0611,80.35926,337.69,0.39,0.36,2023-05-27,758,N20,VIIRS,l,2,310.67,4.52,D,0
16.07174,80.83521,340.7,0.4,0.37,2023-05-27,758,N20,VIIRS,l,2,310.85,5.5,D,0
16.07715,80.37548,340.81,0.39,0.36,2023-05-27,758,N20,VIIRS,l,2,312.3,4.53,D,0
16.08104,80.37862,342.36,0.39,0.36,2023-05-27,758,N20,VIIRS,l,2,312.82,3.2,D,0
16.08438,80.37811,341.66,0.39,0.36,2023-05-27,758,N20,VIIRS,l,2,313.44,3.2,D,0
16.09593,80.41008,339.36,0.39,0.37,2023-05-27,758,N20,VIIRS,l,2,311.01,4.02,D,0
16.12267,80.11048,347.77,0.39,0.36,2023-05-27,758,N20,VIIRS,n,2,313.9,10.66,D,0
16.12465,80.45038,346.5,0.4,0.37,2023-05-27,758,N20,VIIRS,n,2,313.67,6.49,D,0
16.12519,80.45406,345.24,0.4,0.37,2023-05-27,758,N20,VIIRS,n,2,312.61,5.21,D,0
16.128,80.44985,343.69,0.4,0.37,2023-05-27,758,N20,VIIRS,n,2,312.21,6.49,D,0
16.12854,80.45354,340.27,0.4,0.37,2023-05-27,758,N20,VIIRS,l,2,311.2,5.21,D,0
16.13444,80.39995,343.2,0.39,0.37,2023-05-27,758,N20,VIIRS,l,2,314.06,5.64,D,0
16.13658,80.41464,344.11,0.4,0.37,2023-05-27,758,N20,VIIRS,l,2,314.14,4.83,D,0
16.14381,80.71307,336.27,0.4,0.37,2023-05-27,758,N20,VIIRS,l,2,307.86,7.7,D,0
16.14782,80.69337,344.52,0.4,0.37,2023-05-27,758,N20,VIIRS,n,2,308.04,13.82,D,0
16.14836,80.69709,342.91,0.4,0.37,2023-05-27,758,N20,VIIRS,n,2,309.43,13.82,D,0
16.14891,80.70083,349.86,0.4,0.37,2023-05-27,758,N20,VIIRS,n,2,310.38,7.27,D,0
16.15119,80.69284,346.57,0.4,0.37,2023-05-27,758,N20,VIIRS,l,2,317.69,13.82,D,0
16.15173,80.69657,345.35,0.4,0.37,2023-05-27,758,N20,VIIRS,n,2,310.61,13.82,D,0
16.15216,80.6886,339.78,0.4,0.37,2023-05-27,758,N20,VIIRS,l,2,310.43,12.26,D,0
16.15228,80.7003,345.47,0.4,0.37,2023-05-27,758,N20,VIIRS,n,2,313.87,7.27,D,0
16.15269,80.69233,354.35,0.4,0.37,2023-05-27,758,N20,VIIRS,n,2,314.67,15.47,D,0
16.15283,80.70404,353.37,0.4,0.37,2023-05-27,758,N20,VIIRS,n,2,314.92,7.27,D,0
16.1543,80.70353,343.65,0.4,0.37,2023-05-27,758,N20,VIIRS,n,2,311.53,9.15,D,0
16.15606,80.69181,349.57,0.4,0.37,2023-05-27,758,N20,VIIRS,n,2,313.15,15.47,D,0
16.15944,80.69128,342.85,0.4,0.37,2023-05-27,758,N20,VIIRS,n,2,310.85,7.72,D,0
16.15997,80.69501,341.86,0.4,0.37,2023-05-27,758,N20,VIIRS,l,2,314.27,7.72,D,0
16.16916,80.56811,344.27,0.4,0.37,2023-05-27,758,N20,VIIRS,l,2,314.51,9.51,D,0
16.17252,80.56758,353.24,0.4,0.37,2023-05-27,758,N20,VIIRS,n,2,318.53,9.51,D,0
16.17345,80.69292,339.02,0.4,0.37,2023-05-27,758,N20,VIIRS,n,2,308.82,9.61,D,0
16.17588,80.56705,347.3,0.4,0.37,2023-05-27,758,N20,VIIRS,n,2,317.22,12.47,D,0
16.18745,80.5994,346.82,0.4,0.37,2023-05-27,758,N20,VIIRS,l,2,317.74,16.67,D,0
16.1884,80.62966,340.91,0.4,0.37,2023-05-27,758,N20,VIIRS,n,2,309.18,6.32,D,0
16.18932,80.56496,353.45,0.4,0.37,2023-05-27,758,N20,VIIRS,n,2,315.47,8.75,D,0
16.18986,80.56867,367.0,0.4,0.37,2023-05-27,758,N20,VIIRS,h,2,316.16,8.75,D,0
16.1904,80.57238,348.07,0.4,0.37,2023-05-27,758,N20,VIIRS,n,2,315.32,24.97,D,0
16.19081,80.59888,342.5,0.4,0.37,2023-05-27,758,N20,VIIRS,n,2,312.11,16.67,D,0
16.19321,80.56815,341.14,0.4,0.37,2023-05-27,758,N20,VIIRS,n,2,310.82,8.75,D,0
16.19376,80.57185,355.54,0.4,0.37,2023-05-27,758,N20,VIIRS,n,2,314.63,24.97,D,0
16.1997,80.6127,345.29,0.4,0.37,2023-05-27,758,N20,VIIRS,n,2,312.77,11.36,D,0
16.19987,80.68503,347.76,0.4,0.37,2023-05-27,758,N20,VIIRS,n,2,314.31,14.42,D,0
16.20024,80.61642,341.61,0.4,0.37,2023-05-27,758,N20,VIIRS,l,2,312.1,11.29,D,0
16.2027,80.68077,347.88,0.4,0.37,2023-05-27,758,N20,VIIRS,n,2,311.5,13.14,D,0
16.20306,80.61217,345.26,0.4,0.37,2023-05-27,758,N20,VIIRS,l,2,315.86,12.21,D,0
16.2034,80.42678,339.46,0.4,0.37,2023-05-27,758,N20,VIIRS,l,2,312.43,3.29,D,0
16.20534,80.60423,341.84,0.4,0.37,2023-05-27,758,N20,VIIRS,l,2,313.52,10.84,D,0
16.20552,80.67651,347.6,0.4,0.37,2023-05-27,758,N20,VIIRS,n,2,314.12,8.81,D,0
16.20607,80.68025,350.79,0.4,0.37,2023-05-27,758,N20,VIIRS,n,2,312.56,8.81,D,0
16.20654,80.58884,347.43,0.4,0.37,2023-05-27,758,N20,VIIRS,l,2,318.0,29.38,D,0
16.20783,80.43362,340.02,0.4,0.37,2023-05-27,758,N20,VIIRS,l,2,310.95,2.87,D,0
16.2087,80.6037,340.86,0.4,0.37,2023-05-27,758,N20,VIIRS,l,2,312.47,9.5,D,0
16.20882,80.5809,342.47,0.4,0.37,2023-05-27,758,N20,VIIRS,l,2,315.09,22.7,D,0
16.20891,80.44099,345.38,0.4,0.37,2023-05-27,758,N20,VIIRS,n,2,308.91,5.27,D,0
16.20925,80.60742,342.02,0.4,0.37,2023-05-27,758,N20,VIIRS,l,2,313.17,6.93,D,0
16.20936,80.58461,351.86,0.4,0.37,2023-05-27,758,N20,VIIRS,n,2,316.21,29.38,D,0
16.2099,80.58833,355.65,0.4,0.37,2023-05-27,758,N20,VIIRS,n,2,317.19,29.38,D,0
16.21218,80.58038,345.63,0.4,0.37,2023-05-27,758,N20,VIIRS,n,2,312.88,11.81,D,0
16.21226,80.44046,343.67,0.4,0.37,2023-05-27,758,N20,VIIRS,n,2,310.27,8.4,D,0
16.21261,80.60689,342.5,0.4,0.37,2023-05-27,758,N20,VIIRS,n,2,311.18,6.93,D,0
16.21272,80.58409,355.38,0.4,0.37,2023-05-27,758,N20,VIIRS,n,2,318.14,14.83,D,0
16.21326,80.5878,347.02,0.4,0.37,2023-05-27,758,N20,VIIRS,n,2,316.66,14.83,D,0
16.21334,80.44784,347.67,0.4,0.37,2023-05-27,758,N20,VIIRS,n,2,315.98,6.53,D,0
16.21389,80.45152,342.39,0.4,0.37,2023-05-27,758,N20,VIIRS,l,2,315.35,6.53,D,0
16.21608,80.58357,352.15,0.4,0.37,2023-05-27,758,N20,VIIRS,n,2,315.28,14.83,D,0
16.21768,80.71282,349.22,0.4,0.37,2023-05-27,758,N20,VIIRS,n,2,316.81,15.77,D,0
16.21865,80.74328,344.71,0.4,0.37,2023-05-27,758,N20,VIIRS,n,2,308.29,8.25,D,0
16.22562,80.57829,343.94,0.4,0.37,2023-05-27,758,N20,VIIRS,l,2,317.23,11.29,D,0
16.22823,80.61967,337.89,0.4,0.37,2023-05-27,758,N20,VIIRS,l,2,310.44,7.22,D,0
16.229,80.69579,346.24,0.4,0.37,2023-05-27,758,N20,VIIRS,n,2,315.98,9.73,D,0
16.2316,80.61915,339.43,0.4,0.37,2023-05-27,758,N20,VIIRS,l,2,310.8,6.32,D,0
16.23214,80.62287,349.2,0.4,0.37,2023-05-27,758,N20,VIIRS,n,2,312.14,6.32,D,0
16.23291,80.699,347.25,0.4,0.37,2023-05-27,758,N20,VIIRS,n,2,314.74,9.73,D,0
16.23509,80.71395,347.05,0.4,0.37,2023-05-27,758,N20,VIIRS,n,2,312.64,11.94,D,0
16.24595,80.67027,345.98,0.4,0.37,2023-05-27,758,N20,VIIRS,n,2,309.58,6.78,D,0
16.2464,80.69691,344.25,0.4,0.37,2023-05-27,758,N20,VIIRS,l,2,314.55,15.17,D,0
16.24878,80.666,342.68,0.4,0.37,2023-05-27,758,N20,VIIRS,l,2,312.85,8.03,D,0
16.24932,80.66974,344.64,0.4,0.37,2023-05-27,758,N20,VIIRS,n,2,313.31,6.78,D,0
16.25269,80.66921,339.88,0.4,0.37,2023-05-27,758,N20,VIIRS,l,2,312.92,8.91,D,0
16.25333,80.65005,338.68,0.4,0.37,2023-05-27,758,N20,VIIRS,l,2,309.83,7.02,D,0
16.25551,80.66496,343.77,0.4,0.37,2023-05-27,758,N20,VIIRS,l,2,314.02,10.39,D,0
16.2587,80.7103,347.12,0.4,0.37,2023-05-27,758,N20,VIIRS,n,2,312.47,13.02,D,0
16.25925,80.71404,356.78,0.4,0.37,2023-05-27,758,N20,VIIRS,l,2,308.66,26.77,D,0
16.26043,80.69856,344.75,0.4,0.37,2023-05-27,758,N20,VIIRS,n,2,313.15,15.67,D,0
16.26298,80.76327,345.32,0.4,0.37,2023-05-27,758,N20,VIIRS,n,2,314.05,11.72,D,0
16.26481,80.72849,342.26,0.4,0.37,2023-05-27,758,N20,VIIRS,n,2,311.48,9.98,D,0
15.78869,77.54836,339.08,0.41,0.37,2023-05-27,759,N20,VIIRS,l,2,308.88,4.72,D,0
15.94259,77.09126,338.22,0.42,0.38,2023-05-27,759,N20,VIIRS,l,2,309.37,8.32,D,0
16.07004,77.18407,340.74,0.41,0.37,2023-05-27,759,N20,VIIRS,l,2,312.18,7.03,D,0
16.14433,79.14413,336.24,0.38,0.36,2023-05-27,759,N20,VIIRS,l,2,306.29,2.76,D,0
16.14487,79.1477,341.55,0.38,0.36,2023-05-27,759,N20,VIIRS,n,2,307.17,2.76,D,0
16.14817,79.14716,336.2,0.38,0.36,2023-05-27,759,N20,VIIRS,l,2,306.92,3.94,D,0
16.16622,77.19149,340.62,0.41,0.37,2023-05-27,759,N20,VIIRS,l,2,310.72,5.08,D,0
16.17311,79.94676,349.67,0.39,0.36,2023-05-27,759,N20,VIIRS,n,2,306.31,4.49,D,0
16.19063,77.14789,339.42,0.41,0.37,2023-05-27,759,N20,VIIRS,l,2,309.44,4.07,D,0
16.19125,77.15173,340.48,0.41,0.37,2023-05-27,759,N20,VIIRS,l,2,311.36,4.07,D,0
16.19223,77.30836,339.84,0.41,0.37,2023-05-27,759,N20,VIIRS,l,2,309.35,5.99,D,0
16.20618,79.96371,336.07,0.39,0.36,2023-05-27,759,N20,VIIRS,l,2,310.21,3.28,D,0
16.21108,77.18768,340.1,0.41,0.37,2023-05-27,759,N20,VIIRS,l,2,309.53,5.33,D,0
16.23434,79.97034,340.63,0.39,0.36,2023-05-27,759,N20,VIIRS,n,2,308.41,1.96,D,0
16.2451,79.90577,342.71,0.39,0.36,2023-05-27,759,N20,VIIRS,n,2,309.69,3.73,D,0
16.24654,79.96101,338.44,0.39,0.36,2023-05-27,759,N20,VIIRS,l,2,310.14,1.55,D,0
16.24884,80.58234,342.81,0.4,0.37,2023-05-27,759,N20,VIIRS,n,2,311.44,13.19,D,0
16.24937,80.58605,336.79,0.4,0.37,2023-05-27,759,N20,VIIRS,n,2,304.13,6.46,D,0
16.25457,80.64614,343.85,0.4,0.37,2023-05-27,759,N20,VIIRS,n,2,313.85,6.48,D,0
16.25511,80.64987,340.21,0.4,0.37,2023-05-27,759,N20,VIIRS,l,2,311.58,6.48,D,0
16.26207,80.69844,343.71,0.4,0.37,2023-05-27,759,N20,VIIRS,n,2,310.72,8.71,D,0
16.26529,80.72089,342.87,0.4,0.37,2023-05-27,759,N20,VIIRS,l,2,312.93,14.72,D,0
16.26866,80.72037,348.81,0.4,0.37,2023-05-27,759,N20,VIIRS,n,2,313.43,14.72,D,0
16.27096,80.71236,352.26,0.4,0.37,2023-05-27,759,N20,VIIRS,n,2,310.49,8.16,D,0
16.2715,80.7161,348.65,0.4,0.37,2023-05-27,759,N20,VIIRS,n,2,314.15,8.16,D,0
16.29956,80.02255,337.13,0.39,0.36,2023-05-27,759,N20,VIIRS,l,2,311.43,3.54,D,0
16.3001,80.02617,337.7,0.39,0.36,2023-05-27,759,N20,VIIRS,l,2,312.3,3.54,D,0
16.30342,80.02564,342.15,0.39,0.36,2023-05-27,759,N20,VIIRS,n,2,311.19,3.54,D,0
16.30674,80.02512,349.07,0.39,0.36,2023-05-27,759,N20,VIIRS,n,2,313.18,5.63,D,0
16.31006,80.02459,340.24,0.39,0.36,2023-05-27,759,N20,VIIRS,n,2,309.53,5.63,D,0
16.31076,80.51202,334.23,0.4,0.37,2023-05-27,759,N20,VIIRS,l,2,306.73,3.5,D,0
16.31188,77.09531,335.5,0.41,0.37,2023-05-27,759,N20,VIIRS,l,2,308.63,4.31,D,0
16.31313,77.10299,338.96,0.41,0.37,2023-05-27,759,N20,VIIRS,l,2,309.26,3.94,D,0
16.31488,80.05725,340.7,0.39,0.36,2023-05-27,759,N20,VIIRS,n,2,310.54,3.9,D,0
16.31499,80.03495,339.45,0.39,0.36,2023-05-27,759,N20,VIIRS,l,2,310.2,3.25,D,0
16.31542,80.06088,342.96,0.39,0.36,2023-05-27,759,N20,VIIRS,n,2,311.53,3.9,D,0
16.32386,80.69652,342.37,0.4,0.37,2023-05-27,759,N20,VIIRS,n,2,312.27,5.73,D,0
16.32723,80.696,342.48,0.4,0.37,2023-05-27,759,N20,VIIRS,l,2,312.71,5.73,D,0
16.33332,80.71419,340.92,0.4,0.37,2023-05-27,759,N20,VIIRS,l,2,312.81,9.27,D,0
16.33539,80.26666,342.9,0.39,0.36,2023-05-27,759,N20,VIIRS,n,2,310.56,5.35,D,0
16.33628,79.60638,339.64,0.39,0.36,2023-05-27,759,N20,VIIRS,l,2,312.85,2.29,D,0
16.33936,79.90136,337.58,0.39,0.36,2023-05-27,759,N20,VIIRS,l,2,310.34,2.58,D,0
16.34622,80.5062,338.02,0.4,0.37,2023-05-27,759,N20,VIIRS,l,2,309.32,4.67,D,0
16.35777,77.07542,338.4,0.42,0.37,2023-05-27,759,N20,VIIRS,l,2,309.79,3.92,D,0
16.35807,77.07587,341.23,0.42,0.37,2023-05-27,759,N20,VIIRS,l,2,310.49,4.25,D,0
16.35838,77.07927,340.38,0.42,0.37,2023-05-27,759,N20,VIIRS,l,2,310.99,4.96,D,0
16.38012,80.08412,337.83,0.39,0.36,2023-05-27,759,N20,VIIRS,l,2,309.37,2.3,D,0
16.38917,77.94328,338.32,0.39,0.36,2023-05-27,759,N20,VIIRS,l,2,309.86,4.57,D,0
16.39023,77.64794,339.1,0.4,0.37,2023-05-27,759,N20,VIIRS,l,2,308.56,6.61,D,0
16.39458,80.74673,344.52,0.4,0.37,2023-05-27,759,N20,VIIRS,n,2,311.03,8.18,D,0
16.39581,80.63543,340.13,0.4,0.37,2023-05-27,759,N20,VIIRS,l,2,311.39,6.26,D,0
16.42691,80.26674,348.42,0.39,0.36,2023-05-27,759,N20,VIIRS,n,2,314.19,10.86,D,0
16.43029,77.1539,342.28,0.41,0.37,2023-05-27,759,N20,VIIRS,l,2,309.9,7.83,D,0
16.45413,77.10645,340.98,0.41,0.37,2023-05-27,759,N20,VIIRS,l,2,311.21,7.88,D,0
16.45585,80.7642,341.22,0.4,0.37,2023-05-27,759,N20,VIIRS,n,2,309.94,5.09,D,0
16.45978,80.76744,339.73,0.4,0.37,2023-05-27,759,N20,VIIRS,n,2,309.14,6.18,D,0
16.46316,80.76692,343.04,0.4,0.37,2023-05-27,759,N20,VIIRS,n,2,311.48,8.61,D,0
16.46774,80.42989,339.04,0.4,0.37,2023-05-27,759,N20,VIIRS,l,2,311.96,7.83,D,0
16.48081,80.72189,342.67,0.4,0.37,2023-05-27,759,N20,VIIRS,n,2,307.87,2.57,D,0
16.48216,80.72121,342.71,0.4,0.37,2023-05-27,759,N20,VIIRS,n,2,307.43,3.17,D,0
16.50228,77.12119,346.07,0.41,0.37,2023-05-27,759,N20,VIIRS,n,2,309.51,8.84,D,0
16.50397,77.00227,340.56,0.42,0.37,2023-05-27,759,N20,VIIRS,l,2,312.72,9.51,D,0
16.52355,80.4363,336.49,0.4,0.37,2023-05-27,759,N20,VIIRS,l,2,308.46,2.49,D,0
16.54897,80.75324,339.65,0.4,0.37,2023-05-27,759,N20,VIIRS,n,2,309.35,4.64,D,0
16.63423,80.35819,345.33,0.4,0.37,2023-05-27,759,N20,VIIRS,n,2,312.76,11.29,D,0
16.63867,80.36506,342.63,0.4,0.37,2023-05-27,759,N20,VIIRS,l,2,313.81,10.27,D,0
16.70162,81.03751,341.44,0.41,0.37,2023-05-27,759,N20,VIIRS,n,2,307.86,6.93,D,0
16.70915,80.6476,337.15,0.4,0.37,2023-05-27,759,N20,VIIRS,l,2,307.46,4.33,D,0
16.74485,81.04663,337.02,0.41,0.37,2023-05-27,759,N20,VIIRS,l,2,308.72,3.24,D,0
16.74503,81.04699,336.74,0.41,0.37,2023-05-27,759,N20,VIIRS,l,2,308.94,3.17,D,0
16.77677,79.37621,340.71,0.38,0.36,2023-05-27,759,N20,VIIRS,n,2,309.01,6.75,D,0
16.79401,79.87926,337.47,0.39,0.36,2023-05-27,759,N20,VIIRS,l,2,308.1,10.86,D,0
16.83755,79.3285,343.67,0.38,0.36,2023-05-27,759,N20,VIIRS,n,2,308.51,7.58,D,0
16.84919,80.43814,338.38,0.4,0.37,2023-05-27,759,N20,VIIRS,l,2,310.04,2.62,D,0
16.85255,80.43761,339.5,0.4,0.37,2023-05-27,759,N20,VIIRS,l,2,311.37,2.62,D,0
16.86003,79.68337,344.78,0.39,0.36,2023-05-27,759,N20,VIIRS,l,2,316.95,10.72,D,0
16.86496,81.1516,336.34,0.42,0.37,2023-05-27,759,N20,VIIRS,l,2,308.36,4.62,D,0
16.89256,80.34403,339.41,0.4,0.37,2023-05-27,759,N20,VIIRS,l,2,311.47,8.22,D,0
16.89448,79.71008,339.19,0.39,0.36,2023-05-27,759,N20,VIIRS,l,2,311.09,11.31,D,0
16.89896,79.69456,344.87,0.39,0.36,2023-05-27,759,N20,VIIRS,n,2,312.43,13.57,D,0
16.9195,80.06087,337.4,0.39,0.36,2023-05-27,759,N20,VIIRS,n,2,305.76,3.76,D,0
16.96595,80.2445,339.29,0.4,0.37,2023-05-27,759,N20,VIIRS,n,2,309.02,8.16,D,0
16.96819,80.14229,342.94,0.39,0.36,2023-05-27,759,N20,VIIRS,n,2,312.24,6.12,D,0
16.98028,80.27249,339.58,0.4,0.37,2023-05-27,759,N20,VIIRS,n,2,307.07,2.33,D,0
16.99182,80.30481,345.22,0.4,0.37,2023-05-27,759,N20,VIIRS,n,2,310.24,5.74,D,0
16.99714,80.01385,342.31,0.39,0.36,2023-05-27,759,N20,VIIRS,l,2,313.89,7.65,D,0
16.99768,80.01752,345.45,0.39,0.36,2023-05-27,759,N20,VIIRS,n,2,315.0,7.65,D,0
16.99822,80.02117,344.41,0.39,0.36,2023-05-27,759,N20,VIIRS,l,2,315.67,11.51,D,0
17.00145,80.04315,344.42,0.39,0.36,2023-05-27,759,N20,VIIRS,n,2,309.38,3.2,D,0
17.00696,80.29103,337.36,0.4,0.37,2023-05-27,759,N20,VIIRS,n,2,306.64,3.84,D,0
17.01755,80.17596,339.15,0.39,0.37,2023-05-27,759,N20,VIIRS,l,2,309.58,6.03,D,0
17.01974,80.05151,346.99,0.39,0.36,2023-05-27,759,N20,VIIRS,n,2,314.13,10.53,D,0
17.01993,80.26245,333.38,0.4,0.37,2023-05-27,759,N20,VIIRS,l,2,305.91,1.73,D,0
17.02255,79.84172,342.42,0.39,0.36,2023-05-27,759,N20,VIIRS,l,2,312.57,12.67,D,0
17.02328,80.26193,337.53,0.4,0.37,2023-05-27,759,N20,VIIRS,n,2,307.28,1.73,D,0
17.06455,80.263,339.48,0.4,0.37,2023-05-27,759,N20,VIIRS,l,2,311.59,3.24,D,0
17.06548,80.31601,337.27,0.4,0.37,2023-05-27,759,N20,VIIRS,l,2,308.47,3.48,D,0
17.06666,80.30064,338.3,0.4,0.37,2023-05-27,759,N20,VIIRS,n,2,308.06,2.79,D,0
17.06686,80.2627,336.38,0.4,0.37,2023-05-27,759,N20,VIIRS,l,2,307.35,2.3,D,0
17.07557,80.20457,339.35,0.4,0.37,2023-05-27,759,N20,VIIRS,l,2,311.69,7.43,D,0
17.08134,80.26801,335.97,0.4,0.37,2023-05-27,759,N20,VIIRS,l,2,309.09,4.83,D,0
17.08441,80.21831,340.52,0.4,0.37,2023-05-27,759,N20,VIIRS,l,2,312.25,3.94,D,0
17.08563,80.29771,338.5,0.4,0.37,2023-05-27,759,N20,VIIRS,l,2,310.25,6.59,D,0
17.08906,79.94681,339.72,0.39,0.36,2023-05-27,759,N20,VIIRS,l,2,310.2,8.05,D,0
17.09078,81.36381,341.86,0.43,0.38,2023-05-27,759,N20,VIIRS,n,2,311.77,6.82,D,0
17.09157,80.12658,339.28,0.39,0.36,2023-05-27,759,N20,VIIRS,l,2,310.33,4.32,D,0
17.09664,80.11448,342.02,0.39,0.36,2023-05-27,759,N20,VIIRS,n,2,310.89,13.66,D,0
17.09825,80.12553,344.8,0.39,0.36,2023-05-27,759,N20,VIIRS,n,2,311.72,9.41,D,0
17.10317,80.25319,345.37,0.4,0.37,2023-05-27,759,N20,VIIRS,n,2,308.92,11.86,D,0
17.10395,80.21146,337.78,0.4,0.37,2023-05-27,759,N20,VIIRS,l,2,308.72,3.04,D,0
17.10837,80.10132,346.23,0.39,0.36,2023-05-27,759,N20,VIIRS,n,2,310.45,7.61,D,0
17.11117,80.0971,343.16,0.39,0.36,2023-05-27,759,N20,VIIRS,n,2,311.7,10.18,D,0
17.1213,78.64965,340.67,0.38,0.36,2023-05-27,759,N20,VIIRS,l,2,311.57,3.57,D,0
17.13011,80.08656,338.44,0.39,0.36,2023-05-27,759,N20,VIIRS,l,2,309.6,5.57,D,0
17.13535,80.86845,333.58,0.41,0.37,2023-05-27,759,N20,VIIRS,l,2,307.87,2.4,D,0
17.13539,79.75625,343.21,0.39,0.36,2023-05-27,759,N20,VIIRS,n,2,310.35,5.17,D,0
17.13817,79.75208,346.67,0.39,0.36,2023-05-27,759,N20,VIIRS,n,2,311.63,5.17,D,0
17.13871,79.75571,341.7,0.39,0.36,2023-05-27,759,N20,VIIRS,l,2,313.32,5.17,D,0
17.16184,80.23261,340.78,0.4,0.37,2023-05-27,759,N20,VIIRS,n,2,310.69,3.61,D,0
17.16496,78.51311,334.15,0.39,0.36,2023-05-27,759,N20,VIIRS,l,2,307.01,3.42,D,0
17.1776,80.27914,339.85,0.4,0.37,2023-05-27,759,N20,VIIRS,n,2,306.95,2.58,D,0
17.23905,79.90755,343.8,0.39,0.36,2023-05-27,759,N20,VIIRS,n,2,312.17,9.57,D,0
17.25693,79.75164,346.12,0.39,0.36,2023-05-27,759,N20,VIIRS,n,2,314.51,12.5,D,0
17.26187,79.76202,341.09,0.39,0.36,2023-05-27,759,N20,VIIRS,l,2,314.32,9.91,D,0
17.26401,77.84126,342.47,0.39,0.36,2023-05-27,759,N20,VIIRS,l,2,315.08,12.91,D,0
17.27075,79.75316,342.34,0.39,0.36,2023-05-27,759,N20,VIIRS,l,2,315.18,10.36,D,0
17.28263,79.51327,347.82,0.39,0.36,2023-05-27,759,N20,VIIRS,n,2,313.08,8.2,D,0
17.28581,77.5462,343.98,0.4,0.37,2023-05-27,759,N20,VIIRS,l,2,314.16,8.66,D,0
17.31751,78.99827,348.25,0.38,0.36,2023-05-27,759,N20,VIIRS,n,2,308.63,8.95,D,0
17.35823,78.9548,338.83,0.38,0.36,2023-05-27,759,N20,VIIRS,l,2,309.93,4.51,D,0
17.35877,78.95839,341.65,0.38,0.36,2023-05-27,759,N20,VIIRS,n,2,308.29,4.51,D,0
17.37974,79.91851,341.79,0.39,0.36,2023-05-27,759,N20,VIIRS,n,2,311.23,8.65,D,0
17.38292,80.96088,338.21,0.42,0.37,2023-05-27,759,N20,VIIRS,l,2,310.43,2.16,D,0
17.39881,80.97478,338.01,0.42,0.37,2023-05-27,759,N20,VIIRS,l,2,308.04,7.43,D,0
17.46322,79.60955,341.88,0.39,0.36,2023-05-27,759,N20,VIIRS,n,2,310.49,11.67,D,0
17.48268,79.8565,345.25,0.39,0.36,2023-05-27,759,N20,VIIRS,n,2,313.92,9.09,D,0
17.49747,80.75828,333.9,0.41,0.37,2023-05-27,759,N20,VIIRS,l,2,308.11,3.64,D,0
17.52265,81.13721,338.2,0.42,0.38,2023-05-27,759,N20,VIIRS,l,2,309.37,4.51,D,0
17.55303,80.38773,340.68,0.4,0.37,2023-05-27,759,N20,VIIRS,n,2,309.17,3.34,D,0
17.55965,80.82769,344.73,0.41,0.37,2023-05-27,759,N20,VIIRS,n,2,306.4,6.74,D,0
17.60387,79.75808,339.55,0.39,0.36,2023-05-27,759,N20,VIIRS,l,2,310.45,6.19,D,0
17.62646,80.16937,340.37,0.4,0.37,2023-05-27,759,N20,VIIRS,l,2,313.27,9.98,D,0
17.63831,80.2514,341.64,0.4,0.37,2023-05-27,759,N20,VIIRS,l,2,314.56,8.27,D,0
17.64521,79.62447,345.05,0.39,0.36,2023-05-27,759,N20,VIIRS,n,2,312.64,8.83,D,0
17.65355,79.61193,337.11,0.39,0.36,2023-05-27,759,N20,VIIRS,l,2,310.69,6.93,D,0
17.65713,79.68227,343.16,0.39,0.36,2023-05-27,759,N20,VIIRS,n,2,309.04,7.3,D,0
17.66269,79.6739,346.05,0.39,0.36,2023-05-27,759,N20,VIIRS,n,2,314.54,12.69,D,0
17.6817,79.61859,339.87,0.39,0.36,2023-05-27,759,N20,VIIRS,n,2,309.2,3.19,D,0
17.68988,78.04133,342.15,0.39,0.36,2023-05-27,759,N20,VIIRS,l,2,313.17,15.09,D,0
17.69178,80.17049,338.89,0.4,0.37,2023-05-27,759,N20,VIIRS,l,2,313.03,5.06,D,0
17.69529,80.12422,340.71,0.4,0.37,2023-05-27,759,N20,VIIRS,l,2,312.96,6.64,D,0
17.69583,80.12793,339.8,0.4,0.37,2023-05-27,759,N20,VIIRS,l,2,311.72,4.32,D,0
17.70078,78.00219,346.94,0.39,0.36,2023-05-27,759,N20,VIIRS,l,2,314.78,13.49,D,0
17.70444,78.0043,346.76,0.39,0.36,2023-05-27,759,N20,VIIRS,l,2,312.99,12.06,D,0
17.71268,80.26649,344.67,0.4,0.37,2023-05-27,759,N20,VIIRS,l,2,314.81,8.59,D,0
17.71395,79.72173,345.61,0.39,0.36,2023-05-27,759,N20,VIIRS,n,2,314.58,5.04,D,0
17.71727,79.7212,343.98,0.39,0.36,2023-05-27,759,N20,VIIRS,n,2,313.75,5.04,D,0
17.72864,77.98525,342.38,0.39,0.36,2023-05-27,759,N20,VIIRS,l,2,312.56,10.07,D,0
17.76522,80.9954,341.64,0.42,0.38,2023-05-27,759,N20,VIIRS,l,2,314.94,6.11,D,0
17.86587,78.03644,341.56,0.39,0.36,2023-05-27,759,N20,VIIRS,l,2,314.29,7.32,D,0
17.86725,79.56586,339.71,0.39,0.36,2023-05-27,759,N20,VIIRS,l,2,313.41,4.39,D,0
17.87346,79.35647,349.02,0.39,0.36,2023-05-27,759,N20,VIIRS,n,2,314.15,8.2,D,0
17.89659,79.69578,337.96,0.39,0.36,2023-05-27,759,N20,VIIRS,l,2,311.79,5.39,D,0
17.89696,79.86113,340.32,0.39,0.36,2023-05-27,759,N20,VIIRS,n,2,309.48,5.74,D,0
17.89713,79.69943,339.52,0.39,0.36,2023-05-27,759,N20,VIIRS,l,2,311.99,5.39,D,0
17.90433,78.41573,339.46,0.38,0.36,2023-05-27,759,N20,VIIRS,l,2,312.32,4.48,D,0
17.91545,79.82426,348.63,0.39,0.36,2023-05-27,759,N20,VIIRS,n,2,315.5,11.18,D,0
17.92015,78.34277,347.37,0.39,0.36,2023-05-27,759,N20,VIIRS,n,2,315.19,7.33,D,0
17.92157,79.81951,340.4,0.39,0.36,2023-05-27,759,N20,VIIRS,l,2,315.39,7.02,D,0
17.92488,79.67999,339.81,0.39,0.36,2023-05-27,759,N20,VIIRS,l,2,312.88,2.81,D,0
17.95283,78.13659,341.51,0.39,0.36,2023-05-27,759,N20,VIIRS,l,2,313.15,7.45,D,0
17.95634,79.87052,342.17,0.39,0.36,2023-05-27,759,N20,VIIRS,l,2,315.05,5.3,D,0
17.95814,80.80239,341.52,0.41,0.37,2023-05-27,759,N20,VIIRS,l,2,313.02,5.45,D,2
17.95992,78.1168,340.5,0.39,0.36,2023-05-27,759,N20,VIIRS,l,2,313.15,11.97,D,0
17.96828,79.78944,349.79,0.39,0.36,2023-05-27,759,N20,VIIRS,n,2,314.33,8.98,D,0
17.96885,78.15244,341.46,0.39,0.36,2023-05-27,759,N20,VIIRS,l,2,313.46,7.97,D,0
17.98524,80.59679,340.46,0.41,0.37,2023-05-27,759,N20,VIIRS,l,2,313.31,5.77,D,0
17.98536,79.77067,341.54,0.39,0.36,2023-05-27,759,N20,VIIRS,l,2,315.61,5.5,D,0
18.01315,77.89141,341.79,0.39,0.36,2023-05-27,759,N20,VIIRS,l,2,311.36,1.92,D,0
18.03008,80.69253,339.64,0.41,0.37,2023-05-27,759,N20,VIIRS,l,2,314.13,5.54,D,0
18.03437,80.50293,341.83,0.41,0.37,2023-05-27,759,N20,VIIRS,l,2,312.43,7.29,D,0
18.03492,80.50677,340.64,0.41,0.37,2023-05-27,759,N20,VIIRS,l,2,312.43,5.53,D,0
18.03832,80.50625,349.85,0.41,0.37,2023-05-27,759,N20,VIIRS,n,2,315.72,20.51,D,0
18.04171,80.50572,354.03,0.41,0.37,2023-05-27,759,N20,VIIRS,n,2,319.88,20.51,D,0
18.06784,79.59232,338.08,0.39,0.36,2023-05-27,759,N20,VIIRS,l,2,311.03,3.92,D,0
18.07038,78.10538,338.64,0.39,0.36,2023-05-27,759,N20,VIIRS,l,2,310.87,4.28,D,0
18.08858,78.11346,335.32,0.39,0.36,2023-05-27,759,N20,VIIRS,l,2,307.57,1.68,D,0
18.09357,79.51335,338.53,0.39,0.36,2023-05-27,759,N20,VIIRS,l,2,312.3,3.91,D,0
18.09533,78.15692,344.85,0.39,0.36,2023-05-27,759,N20,VIIRS,l,2,313.06,6.72,D,0
18.11469,79.4726,341.03,0.39,0.36,2023-05-27,759,N20,VIIRS,l,2,311.09,1.99,D,0
18.1153,79.45384,342.39,0.39,0.36,2023-05-27,759,N20,VIIRS,l,2,314.66,6.54,D,0
18.11746,79.46841,349.76,0.39,0.36,2023-05-27,759,N20,VIIRS,n,2,313.9,6.82,D,0
18.11866,80.50468,337.96,0.41,0.37,2023-05-27,759,N20,VIIRS,l,2,311.53,2.78,D,0
18.12078,79.46789,348.17,0.39,0.36,2023-05-27,759,N20,VIIRS,n,2,312.76,6.82,D,0
18.12132,79.47153,349.5,0.39,0.36,2023-05-27,759,N20,VIIRS,n,2,312.75,7.66,D,0
18.13011,79.48504,340.57,0.39,0.36,2023-05-27,759,N20,VIIRS,l,2,312.86,3.88,D,0
18.14496,79.44862,338.03,0.39,0.36,2023-05-27,759,N20,VIIRS,l,2,312.3,6.26,D,0
18.14827,79.44808,339.38,0.39,0.36,2023-05-27,759,N20,VIIRS,l,2,311.88,4.39,D,0
18.15914,80.56922,345.84,0.41,0.37,2023-05-27,759,N20,VIIRS,n,2,314.86,5.26,D,0
18.1626,79.45323,341.37,0.39,0.36,2023-05-27,759,N20,VIIRS,l,2,312.81,8.88,D,0
18.1763,80.51939,339.62,0.41,0.37,2023-05-27,759,N20,VIIRS,l,2,310.1,5.06,D,0
18.1797,80.51885,347.11,0.41,0.37,2023-05-27,759,N20,VIIRS,n,2,314.23,5.06,D,0
18.18799,79.60259,342.77,0.39,0.36,2023-05-27,759,N20,VIIRS,l,2,315.73,7.61,D,0
18.18813,78.89596,338.42,0.38,0.36,2023-05-27,759,N20,VIIRS,l,2,310.52,5.97,D,0
18.19894,79.63084,339.7,0.39,0.36,2023-05-27,759,N20,VIIRS,l,2,314.01,2.99,D,0
18.19948,79.63451,340.93,0.39,0.36,2023-05-27,759,N20,VIIRS,l,2,315.7,2.99,D,0
18.20536,79.07818,346.65,0.39,0.36,2023-05-27,759,N20,VIIRS,n,2,314.17,13.36,D,0
18.21533,80.47053,335.72,0.41,0.37,2023-05-27,759,N20,VIIRS,l,2,310.7,5.34,D,0
18.21642,80.4782,341.02,0.41,0.37,2023-05-27,759,N20,VIIRS,l,2,315.94,6.87,D,0
18.21688,80.12153,343.35,0.4,0.37,2023-05-27,759,N20,VIIRS,n,2,311.66,8.86,D,0
18.23624,80.69214,344.19,0.41,0.37,2023-05-27,759,N20,VIIRS,l,2,316.17,10.18,D,0
18.23965,80.6916,348.46,0.41,0.37,2023-05-27,759,N20,VIIRS,n,2,316.14,11.54,D,0
18.2402,80.6955,341.4,0.41,0.37,2023-05-27,759,N20,VIIRS,l,2,314.84,8.07,D,0
18.24573,78.14221,349.98,0.39,0.36,2023-05-27,759,N20,VIIRS,l,2,316.44,12.25,D,0
18.24926,79.46536,347.6,0.39,0.36,2023-05-27,759,N20,VIIRS,n,2,315.5,6.54,D,0
18.25196,79.94745,343.62,0.4,0.37,2023-05-27,759,N20,VIIRS,n,2,312.3,4.45,D,0
18.2624,77.96363,347.71,0.39,0.36,2023-05-27,759,N20,VIIRS,l,2,313.43,4.47,D,0
18.26805,80.42712,340.83,0.41,0.37,2023-05-27,759,N20,VIIRS,n,2,309.23,5.2,D,0
18.27765,79.40472,351.07,0.39,0.36,2023-05-27,759,N20,VIIRS,n,2,314.82,16.9,D,0
18.28064,79.49395,340.04,0.39,0.36,2023-05-27,759,N20,VIIRS,l,2,312.6,7.19,D,0
18.28096,79.40418,340.89,0.39,0.36,2023-05-27,759,N20,VIIRS,l,2,313.86,16.9,D,0
18.2905,79.35413,343.19,0.39,0.36,2023-05-27,759,N20,VIIRS,l,2,317.45,12.66,D,0
18.29051,79.51482,341.64,0.39,0.36,2023-05-27,759,N20,VIIRS,n,2,312.51,3.96,D,0
18.29144,79.40622,340.68,0.39,0.36,2023-05-27,759,N20,VIIRS,l,2,311.7,10.07,D,0
18.29913,79.57345,339.58,0.39,0.36,2023-05-27,759,N20,VIIRS,l,2,312.98,6.71,D,0
18.30176,80.63754,345.18,0.41,0.37,2023-05-27,759,N20,VIIRS,n,2,309.87,6.71,D,0
18.30211,80.6888,344.22,0.41,0.37,2023-05-27,759,N20,VIIRS,n,2,312.12,6.4,D,0
18.31613,79.4583,349.98,0.39,0.36,2023-05-27,759,N20,VIIRS,n,2,316.72,13.07,D,0
18.32022,79.92914,343.31,0.4,0.37,2023-05-27,759,N20,VIIRS,l,2,315.92,6.64,D,0
18.32356,79.9286,342.45,0.4,0.37,2023-05-27,759,N20,VIIRS,l,2,314.25,6.64,D,0
18.32756,79.5126,343.21,0.39,0.36,2023-05-27,759,N20,VIIRS,l,2,316.97,13.03,D,0
18.32891,79.43005,348.26,0.39,0.36,2023-05-27,759,N20,VIIRS,n,2,317.25,10.48,D,0
18.33512,79.38048,339.65,0.39,0.36,2023-05-27,759,N20,VIIRS,l,2,313.02,5.86,D,0
18.3556,79.56434,339.68,0.39,0.36,2023-05-27,759,N20,VIIRS,l,2,314.22,8.51,D,0
18.35893,79.5638,350.09,0.39,0.36,2023-05-27,759,N20,VIIRS,n,2,316.22,8.51,D,0
18.37701,79.5043,348.14,0.39,0.36,2023-05-27,759,N20,VIIRS,n,2,315.16,9.01,D,0
18.37727,79.02729,343.77,0.39,0.36,2023-05-27,759,N20,VIIRS,n,2,313.7,8.24,D,0
18.38581,79.51788,340.89,0.39,0.36,2023-05-27,759,N20,VIIRS,l,2,315.55,11.94,D,0
18.39299,79.52048,347.92,0.39,0.36,2023-05-27,759,N20,VIIRS,n,2,315.28,11.13,D,0
18.39458,77.80966,346.58,0.39,0.36,2023-05-27,759,N20,VIIRS,l,2,315.91,7.73,D,0
18.3954,77.98913,341.74,0.39,0.36,2023-05-27,759,N20,VIIRS,l,2,315.07,6.02,D,0
18.39872,79.46706,346.16,0.39,0.36,2023-05-27,759,N20,VIIRS,n,2,317.52,6.99,D,0
18.39969,79.336,350.13,0.39,0.36,2023-05-27,759,N20,VIIRS,n,2,315.81,28.81,D,0
18.40246,79.33182,342.04,0.39,0.36,2023-05-27,759,N20,VIIRS,l,2,315.87,7.68,D,0
18.40286,80.38677,340.6,0.41,0.37,2023-05-27,759,N20,VIIRS,l,2,312.1,5.95,D,0
18.4034,80.39059,339.17,0.41,0.37,2023-05-27,759,N20,VIIRS,l,2,310.56,5.95,D,0
18.4067,78.06178,347.5,0.39,0.36,2023-05-27,759,N20,VIIRS,n,2,315.95,8.6,D,0
18.4068,80.39006,341.19,0.41,0.37,2023-05-27,759,N20,VIIRS,l,2,312.93,7.45,D,0
18.41012,80.17182,338.57,0.4,0.37,2023-05-27,759,N20,VIIRS,l,2,312.34,4.82,D,0
18.41615,79.53926,345.9,0.39,0.36,2023-05-27,759,N20,VIIRS,l,2,316.5,11.14,D,0
18.41895,79.35156,344.47,0.39,0.36,2023-05-27,759,N20,VIIRS,l,2,316.77,6.57,D,0
18.41909,77.98882,340.53,0.39,0.36,2023-05-27,759,N20,VIIRS,l,2,314.46,11.75,D,0
18.43534,79.41618,352.16,0.39,0.36,2023-05-27,759,N20,VIIRS,n,2,319.19,9.55,D,0
18.44225,79.50876,347.0,0.39,0.36,2023-05-27,759,N20,VIIRS,l,2,320.45,18.63,D,0
18.44265,79.55751,345.24,0.39,0.36,2023-05-27,759,N20,VIIRS,l,2,316.64,9.21,D,0
18.45245,79.41714,345.99,0.39,0.36,2023-05-27,759,N20,VIIRS,l,2,319.25,9.97,D,0
18.46214,80.06716,343.91,0.4,0.37,2023-05-27,759,N20,VIIRS,n,2,312.66,4.46,D,0
18.46268,80.07092,340.84,0.4,0.37,2023-05-27,759,N20,VIIRS,l,2,311.2,4.46,D,0
18.47501,79.24851,342.37,0.39,0.36,2023-05-27,759,N20,VIIRS,n,2,314.98,3.92,D,0
18.47555,79.25215,343.16,0.39,0.36,2023-05-27,759,N20,VIIRS,n,2,314.0,3.92,D,0
18.47951,79.53218,340.92,0.39,0.36,2023-05-27,759,N20,VIIRS,l,2,315.05,7.24,D,0
18.48415,77.81678,342.48,0.39,0.36,2023-05-27,759,N20,VIIRS,l,2,312.78,6.56,D,0
18.48813,79.45194,348.0,0.39,0.36,2023-05-27,759,N20,VIIRS,n,2,317.71,8.17,D,0
18.48918,79.59837,340.91,0.39,0.36,2023-05-27,759,N20,VIIRS,l,2,314.6,11.44,D,0
18.49014,79.14548,346.41,0.39,0.36,2023-05-27,759,N20,VIIRS,n,2,317.78,15.17,D,0
18.51703,80.30636,339.91,0.4,0.37,2023-05-27,759,N20,VIIRS,l,2,312.84,2.51,D,0
18.51758,80.31018,337.45,0.4,0.37,2023-05-27,759,N20,VIIRS,l,2,310.81,2.51,D,0
18.54108,79.4884,342.89,0.39,0.36,2023-05-27,759,N20,VIIRS,l,2,317.4,8.74,D,0
18.54717,79.78577,343.01,0.39,0.36,2023-05-27,759,N20,VIIRS,l,2,316.36,6.62,D,0
18.54827,79.491,354.81,0.39,0.36,2023-05-27,759,N20,VIIRS,n,2,317.34,7.02,D,0
18.55009,79.43442,340.59,0.39,0.36,2023-05-27,759,N20,VIIRS,l,2,315.41,6.18,D,0
18.55768,79.48572,347.55,0.39,0.36,2023-05-27,759,N20,VIIRS,l,2,320.8,10.39,D,0
18.561,79.48517,348.0,0.39,0.36,2023-05-27,759,N20,VIIRS,n,2,317.69,8.48,D,0
18.60109,80.87755,338.2,0.42,0.38,2023-05-27,759,N20,VIIRS,l,2,311.41,7.8,D,0
18.61342,77.86166,341.93,0.39,0.36,2023-05-27,759,N20,VIIRS,l,2,316.15,8.59,D,0
18.6194,80.23927,341.62,0.4,0.37,2023-05-27,759,N20,VIIRS,l,2,314.29,4.44,D,0
18.6375,78.36752,342.06,0.38,0.36,2023-05-27,759,N20,VIIRS,l,2,314.93,5.15,D,0
18.63968,77.81217,344.11,0.39,0.36,2023-05-27,759,N20,VIIRS,l,2,316.59,6.91,D,0
18.65123,79.52293,346.78,0.39,0.36,2023-05-27,759,N20,VIIRS,n,2,316.2,7.04,D,0
18.65679,79.67693,341.47,0.39,0.36,2023-05-27,759,N20,VIIRS,l,2,315.75,5.28,D,0
18.66066,79.68008,342.77,0.39,0.36,2023-05-27,759,N20,VIIRS,l,2,314.96,5.28,D,0
18.67675,81.21755,337.49,0.43,0.38,2023-05-27,759,N20,VIIRS,n,2,306.49,2.38,D,0
18.69469,77.85888,343.82,0.39,0.36,2023-05-27,759,N20,VIIRS,n,2,316.11,5.67,D,0
18.69602,79.54964,345.39,0.39,0.36,2023-05-27,759,N20,VIIRS,l,2,319.36,8.83,D,0
18.6995,79.68898,344.55,0.39,0.36,2023-05-27,759,N20,VIIRS,l,2,317.41,7.39,D,0
18.70047,79.46607,338.53,0.39,0.36,2023-05-27,759,N20,VIIRS,l,2,312.25,4.48,D,0
18.70284,79.68844,347.3,0.39,0.36,2023-05-27,759,N20,VIIRS,n,2,316.61,7.39,D,0
18.70658,79.46132,346.36,0.39,0.36,2023-05-27,759,N20,VIIRS,n,2,314.22,6.38,D,0
18.70765,79.46867,340.82,0.39,0.36,2023-05-27,759,N20,VIIRS,l,2,313.89,7.06,D,0
18.72122,79.53806,347.99,0.39,0.36,2023-05-27,759,N20,VIIRS,l,2,320.69,10.11,D,2
18.7231,79.62091,344.84,0.39,0.36,2023-05-27,759,N20,VIIRS,l,2,319.14,9.18,D,0
18.72987,78.12894,347.91,0.39,0.36,2023-05-27,759,N20,VIIRS,l,2,314.51,5.94,D,0
18.73261,78.12475,344.21,0.39,0.36,2023-05-27,759,N20,VIIRS,l,2,314.48,7.84,D,0
18.73373,78.132,343.22,0.39,0.36,2023-05-27,759,N20,VIIRS,l,2,315.2,5.94,D,0
18.73646,78.12781,343.67,0.39,0.36,2023-05-27,759,N20,VIIRS,l,2,314.82,6.81,D,0
18.73731,79.53171,346.01,0.39,0.36,2023-05-27,759,N20,VIIRS,n,2,315.9,9.52,D,2
18.75022,78.64142,349.42,0.38,0.36,2023-05-27,759,N20,VIIRS,n,2,315.02,11.02,D,0
18.75065,78.08817,342.58,0.39,0.36,2023-05-27,759,N20,VIIRS,l,2,315.94,4.82,D,0
18.75616,78.34367,350.7,0.38,0.36,2023-05-27,759,N20,VIIRS,n,2,314.91,10.11,D,0
18.77415,80.96097,339.19,0.43,0.38,2023-05-27,759,N20,VIIRS,l,2,309.92,7.22,D,0
18.78284,79.38099,343.84,0.39,0.36,2023-05-27,759,N20,VIIRS,l,2,317.39,10.04,D,0
18.78674,78.23453,349.46,0.38,0.36,2023-05-27,759,N20,VIIRS,n,2,315.71,9.17,D,0
18.79627,78.78949,341.66,0.38,0.36,2023-05-27,759,N20,VIIRS,l,2,315.23,3.35,D,0
18.79956,78.78894,341.88,0.38,0.36,2023-05-27,759,N20,VIIRS,l,2,313.92,3.35,D,0
18.80573,78.51334,343.94,0.38,0.36,2023-05-27,759,N20,VIIRS,l,2,316.57,8.32,D,0
18.81073,81.1453,331.13,0.43,0.38,2023-05-27,759,N20,VIIRS,l,2,304.16,4.15,D,0
18.81634,81.21085,332.73,0.44,0.38,2023-05-27,759,N20,VIIRS,l,2,305.52,2.81,D,0
18.82626,78.94051,350.56,0.39,0.36,2023-05-27,759,N20,VIIRS,n,2,315.6,7.54,D,0
18.82855,78.88805,345.85,0.38,0.36,2023-05-27,759,N20,VIIRS,l,2,315.98,12.96,D,0
18.83699,78.43018,345.0,0.38,0.36,2023-05-27,759,N20,VIIRS,l,2,315.08,13.44,D,0
18.86055,79.75043,354.71,0.39,0.37,2023-05-27,759,N20,VIIRS,n,2,316.43,10.43,D,0
18.86444,79.75362,341.18,0.39,0.37,2023-05-27,759,N20,VIIRS,l,2,315.18,6.5,D,0
18.86497,79.87593,346.93,0.4,0.37,2023-05-27,759,N20,VIIRS,n,2,315.52,6.25,D,0
18.87053,78.24899,347.16,0.38,0.36,2023-05-27,759,N20,VIIRS,n,2,314.79,7.74,D,0
18.87615,79.59966,337.47,0.39,0.36,2023-05-27,759,N20,VIIRS,l,2,311.71,4.41,D,0
18.88446,78.384,344.38,0.38,0.36,2023-05-27,759,N20,VIIRS,l,2,314.54,11.84,D,0
18.89115,78.94466,343.37,0.39,0.36,2023-05-27,759,N20,VIIRS,l,2,315.01,8.33,D,0
18.92369,78.17675,340.84,0.38,0.36,2023-05-27,759,N20,VIIRS,l,2,314.62,8.71,D,0
18.92527,78.92413,346.76,0.39,0.36,2023-05-27,759,N20,VIIRS,n,2,315.94,5.9,D,0
18.93948,78.54551,343.21,0.38,0.36,2023-05-27,759,N20,VIIRS,l,2,314.61,5.89,D,0
18.94109,78.445,347.34,0.38,0.36,2023-05-27,759,N20,VIIRS,n,2,315.22,5.74,D,0
18.94438,78.44445,338.08,0.38,0.36,2023-05-27,759,N20,VIIRS,l,2,312.32,5.74,D,0
18.9585,78.0479,354.62,0.39,0.36,2023-05-27,759,N20,VIIRS,l,2,319.11,21.97,D,0
18.97289,78.33932,339.06,0.38,0.36,2023-05-27,759,N20,VIIRS,l,2,313.61,4.8,D,0
18.97345,78.34294,338.77,0.38,0.36,2023-05-27,759,N20,VIIRS,l,2,309.38,4.8,D,0
18.97674,78.34238,348.46,0.38,0.36,2023-05-27,759,N20,VIIRS,n,2,310.98,4.8,D,0
19.08899,79.75892,343.42,0.4,0.37,2023-05-27,759,N20,VIIRS,n,2,313.0,5.0,D,0
19.08953,79.76266,349.65,0.4,0.37,2023-05-27,759,N20,VIIRS,n,2,313.95,5.0,D,0
19.14438,80.73856,332.49,0.42,0.38,2023-05-27,759,N20,VIIRS,l,2,306.89,2.43,D,0
19.15623,80.79801,342.23,0.42,0.38,2023-05-27,759,N20,VIIRS,n,2,307.58,2.93,D,0
19.17137,81.13869,335.36,0.44,0.38,2023-05-27,759,N20,VIIRS,l,2,306.85,5.04,D,0
19.17433,81.13419,340.38,0.44,0.38,2023-05-27,759,N20,VIIRS,n,2,307.82,4.75,D,0
19.17783,81.13364,335.76,0.44,0.38,2023-05-27,759,N20,VIIRS,l,2,307.15,4.75,D,0
19.19077,81.12371,342.81,0.44,0.38,2023-05-27,759,N20,VIIRS,n,2,308.56,5.21,D,0
19.19205,80.92767,330.38,0.43,0.38,2023-05-27,759,N20,VIIRS,l,2,303.63,3.62,D,0
19.19261,80.93169,345.82,0.43,0.38,2023-05-27,759,N20,VIIRS,n,2,308.11,4.45,D,0
19.19318,80.93573,338.93,0.43,0.38,2023-05-27,759,N20,VIIRS,n,2,305.87,4.45,D,0
19.19786,80.91853,349.29,0.43,0.38,2023-05-27,759,N20,VIIRS,n,2,306.31,8.95,D,0
19.19907,80.90186,338.79,0.43,0.38,2023-05-27,759,N20,VIIRS,n,2,308.64,4.57,D,0
19.19936,81.13422,337.6,0.44,0.38,2023-05-27,759,N20,VIIRS,l,2,310.47,5.07,D,0
19.20021,80.90994,352.16,0.43,0.38,2023-05-27,759,N20,VIIRS,n,2,314.18,27.62,D,0
19.20133,80.91793,334.59,0.43,0.38,2023-05-27,759,N20,VIIRS,l,2,306.03,3.6,D,0
19.20286,81.13362,338.79,0.44,0.38,2023-05-27,759,N20,VIIRS,l,2,309.26,5.0,D,0
19.20424,80.91337,333.2,0.43,0.38,2023-05-27,759,N20,VIIRS,l,2,306.34,3.6,D,0
19.20479,80.91736,347.63,0.43,0.38,2023-05-27,759,N20,VIIRS,n,2,307.25,3.6,D,0
19.20593,80.92547,330.48,0.43,0.38,2023-05-27,759,N20,VIIRS,l,2,304.34,2.8,D,0
19.20651,80.92957,332.06,0.43,0.38,2023-05-27,759,N20,VIIRS,l,2,304.72,2.29,D,0
19.20771,80.91285,336.38,0.43,0.38,2023-05-27,759,N20,VIIRS,n,2,306.28,5.18,D,0
19.21006,80.90434,332.96,0.43,0.38,2023-05-27,759,N20,VIIRS,l,2,306.78,4.93,D,0
19.21062,80.90833,349.83,0.43,0.38,2023-05-27,759,N20,VIIRS,n,2,308.77,4.93,D,0
19.21118,80.91231,346.19,0.43,0.38,2023-05-27,759,N20,VIIRS,n,2,309.58,5.18,D,0
19.21352,80.90377,339.25,0.43,0.38,2023-05-27,759,N20,VIIRS,n,2,308.47,4.61,D,0
19.21408,80.90775,347.79,0.43,0.38,2023-05-27,759,N20,VIIRS,n,2,308.1,4.61,D,0
19.21464,80.91174,344.59,0.43,0.38,2023-05-27,759,N20,VIIRS,n,2,307.78,4.91,D,0
19.2152,80.91573,344.69,0.43,0.38,2023-05-27,759,N20,VIIRS,n,2,305.85,4.91,D,0
19.2158,80.90708,347.45,0.43,0.38,2023-05-27,759,N20,VIIRS,n,2,309.81,7.09,D,0
19.21635,80.91107,346.14,0.43,0.38,2023-05-27,759,N20,VIIRS,n,2,311.01,7.72,D,0
19.2169,80.91508,356.29,0.43,0.38,2023-05-27,759,N20,VIIRS,n,2,310.54,7.72,D,0
19.21747,80.93182,332.98,0.43,0.38,2023-05-27,759,N20,VIIRS,l,2,307.33,4.91,D,0
19.21754,80.90713,344.38,0.43,0.38,2023-05-27,759,N20,VIIRS,n,2,311.01,4.61,D,0
19.2181,80.91111,342.31,0.43,0.38,2023-05-27,759,N20,VIIRS,n,2,312.25,4.91,D,0
19.21866,80.91513,354.5,0.43,0.38,2023-05-27,759,N20,VIIRS,n,2,310.0,4.91,D,0
19.2191,80.93119,334.95,0.43,0.38,2023-05-27,759,N20,VIIRS,l,2,307.33,4.33,D,0
19.21926,80.90646,347.59,0.43,0.38,2023-05-27,759,N20,VIIRS,n,2,311.45,7.09,D,0
19.21965,80.93523,336.43,0.43,0.38,2023-05-27,759,N20,VIIRS,n,2,308.69,2.68,D,0
19.22036,80.91447,345.2,0.43,0.38,2023-05-27,759,N20,VIIRS,n,2,310.99,7.72,D,0
19.22267,81.14755,344.04,0.44,0.38,2023-05-27,759,N20,VIIRS,n,2,311.18,20.3,D,0
19.22274,80.90592,335.6,0.43,0.38,2023-05-27,759,N20,VIIRS,l,2,306.73,1.67,D,0
19.22324,81.15163,349.53,0.44,0.38,2023-05-27,759,N20,VIIRS,n,2,309.53,10.97,D,0
19.22328,80.90992,350.33,0.43,0.38,2023-05-27,759,N20,VIIRS,n,2,311.43,8.48,D,0
19.22553,81.16814,337.52,0.44,0.38,2023-05-27,759,N20,VIIRS,l,2,308.33,3.46,D,0
19.23196,81.16285,342.81,0.44,0.38,2023-05-27,759,N20,VIIRS,n,2,309.7,5.79,D,0
19.23548,81.1624,337.96,0.44,0.38,2023-05-27,759,N20,VIIRS,l,2,308.32,4.84,D,0
19.23899,81.16189,342.52,0.44,0.38,2023-05-27,759,N20,VIIRS,n,2,309.13,4.84,D,0
19.2398,81.06538,331.87,0.43,0.38,2023-05-27,759,N20,VIIRS,l,2,306.22,2.67,D,0
19.24086,81.06494,342.09,0.43,0.38,2023-05-27,759,N20,VIIRS,n,2,306.17,4.28,D,0
19.24216,80.94411,346.18,0.43,0.38,2023-05-27,759,N20,VIIRS,n,2,307.01,5.96,D,0
19.24377,81.06008,344.96,0.43,0.38,2023-05-27,759,N20,VIIRS,n,2,307.58,5.64,D,0
19.24434,81.06428,334.54,0.43,0.38,2023-05-27,759,N20,VIIRS,l,2,305.21,2.26,D,0
19.25903,80.51046,338.53,0.41,0.37,2023-05-27,759,N20,VIIRS,l,2,311.15,3.9,D,0
19.25958,80.51439,336.56,0.41,0.37,2023-05-27,759,N20,VIIRS,l,2,310.06,2.17,D,0
19.2607,80.94981,341.12,0.43,0.38,2023-05-27,759,N20,VIIRS,n,2,310.92,5.64,D,0
19.26126,80.95387,340.31,0.43,0.38,2023-05-27,759,N20,VIIRS,n,2,307.93,4.93,D,0
19.26301,80.51385,338.32,0.41,0.37,2023-05-27,759,N20,VIIRS,l,2,311.06,2.17,D,0
19.26304,81.04452,346.8,0.43,0.38,2023-05-27,759,N20,VIIRS,n,2,305.93,4.21,D,0
19.26418,80.94925,335.54,0.43,0.38,2023-05-27,759,N20,VIIRS,n,2,308.66,3.04,D,0
19.26422,80.67088,342.3,0.42,0.38,2023-05-27,759,N20,VIIRS,n,2,311.99,2.9,D,0
19.26474,80.95331,353.79,0.43,0.38,2023-05-27,759,N20,VIIRS,n,2,311.38,8.71,D,0
19.26516,80.85401,340.91,0.43,0.38,2023-05-27,759,N20,VIIRS,n,2,312.3,6.18,D,0
19.27743,80.66481,339.82,0.42,0.38,2023-05-27,759,N20,VIIRS,l,2,310.38,2.68,D,0
19.28087,80.6643,339.25,0.42,0.38,2023-05-27,759,N20,VIIRS,l,2,310.54,5.81,D,0
19.28165,81.05025,338.84,0.43,0.38,2023-05-27,759,N20,VIIRS,l,2,312.46,5.04,D,0
19.28865,80.5224,337.23,0.42,0.37,2023-05-27,759,N20,VIIRS,l,2,309.48,3.64,D,0
19.29056,80.58646,334.94,0.42,0.37,2023-05-27,759,N20,VIIRS,l,2,309.84,2.59,D,0
19.29301,80.65494,338.44,0.42,0.38,2023-05-27,759,N20,VIIRS,l,2,311.4,2.84,D,0
19.29435,80.93634,336.17,0.43,0.38,2023-05-27,759,N20,VIIRS,l,2,307.4,4.08,D,0
19.30774,80.68516,332.59,0.42,0.38,2023-05-27,759,N20,VIIRS,l,2,307.26,3.74,D,0
19.3105,81.28728,335.14,0.44,0.39,2023-05-27,759,N20,VIIRS,l,2,307.65,3.69,D,0
19.31225,80.59109,338.57,0.42,0.37,2023-05-27,759,N20,VIIRS,l,2,311.53,4.26,D,0
19.31337,80.97076,336.31,0.43,0.38,2023-05-27,759,N20,VIIRS,l,2,309.59,4.61,D,0
19.33132,80.55197,349.55,0.42,0.37,2023-05-27,759,N20,VIIRS,n,2,313.7,6.63,D,0
19.33187,80.55592,339.09,0.42,0.37,2023-05-27,759,N20,VIIRS,l,2,311.73,6.63,D,0
19.33475,80.55146,352.58,0.42,0.37,2023-05-27,759,N20,VIIRS,n,2,313.95,6.63,D,0
19.34185,80.85555,322.11,0.43,0.38,2023-05-27,759,N20,VIIRS,l,2,324.04,32.42,D,0
19.3424,80.85956,341.26,0.43,0.38,2023-05-27,759,N20,VIIRS,l,2,315.92,25.69,D,0
19.35528,80.37599,346.28,0.41,0.37,2023-05-27,759,N20,VIIRS,n,2,315.57,6.74,D,0
19.36279,81.03426,346.26,0.43,0.38,2023-05-27,759,N20,VIIRS,n,2,307.29,5.36,D,0
19.36481,81.10159,336.82,0.44,0.38,2023-05-27,759,N20,VIIRS,l,2,306.89,3.09,D,0
19.36609,80.57479,337.14,0.42,0.37,2023-05-27,759,N20,VIIRS,l,2,309.81,4.08,D,0
19.3667,80.85593,339.67,0.43,0.38,2023-05-27,759,N20,VIIRS,l,2,310.1,3.06,D,0
19.37803,80.41241,342.67,0.41,0.37,2023-05-27,759,N20,VIIRS,l,2,313.75,6.47,D,0
19.38511,80.56393,348.36,0.42,0.37,2023-05-27,759,N20,VIIRS,n,2,309.8,7.42,D,0
19.38557,80.56368,349.47,0.42,0.37,2023-05-27,759,N20,VIIRS,n,2,309.33,5.5,D,0
19.38855,80.56344,355.51,0.42,0.37,2023-05-27,759,N20,VIIRS,n,2,311.75,7.42,D,0
19.38909,80.56738,336.48,0.42,0.37,2023-05-27,759,N20,VIIRS,l,2,308.39,3.05,D,0
19.3907,80.90115,336.96,0.43,0.38,2023-05-27,759,N20,VIIRS,l,2,307.93,3.89,D,0
19.39468,80.25867,342.86,0.41,0.37,2023-05-27,759,N20,VIIRS,l,2,316.96,5.57,D,0
19.39491,80.33405,341.15,0.41,0.37,2023-05-27,759,N20,VIIRS,l,2,315.21,6.1,D,0
19.39802,81.10901,345.08,0.44,0.38,2023-05-27,759,N20,VIIRS,n,2,310.48,7.79,D,0
19.42352,80.98358,355.36,0.43,0.38,2023-05-27,759,N20,VIIRS,n,2,317.51,31.17,D,0
19.42699,80.98297,367.0,0.43,0.38,2023-05-27,759,N20,VIIRS,h,2,310.91,13.58,D,0
19.42796,80.44463,341.51,0.41,0.37,2023-05-27,759,N20,VIIRS,l,2,315.94,7.77,D,0
19.43037,80.41225,339.43,0.41,0.37,2023-05-27,759,N20,VIIRS,l,2,313.9,4.58,D,0
19.43379,80.41173,352.69,0.41,0.37,2023-05-27,759,N20,VIIRS,n,2,317.12,9.35,D,0
19.44394,80.9933,347.56,0.43,0.38,2023-05-27,759,N20,VIIRS,n,2,315.76,31.64,D,0
19.45931,80.94933,337.43,0.43,0.38,2023-05-27,759,N20,VIIRS,l,2,311.89,3.87,D,0
19.45937,80.41972,351.49,0.41,0.37,2023-05-27,759,N20,VIIRS,n,2,320.09,10.25,D,0
19.46226,80.94485,343.81,0.43,0.38,2023-05-27,759,N20,VIIRS,n,2,307.79,4.35,D,0
19.46281,80.94884,342.82,0.43,0.38,2023-05-27,759,N20,VIIRS,n,2,311.52,3.87,D,0
19.46335,80.95284,344.97,0.43,0.38,2023-05-27,759,N20,VIIRS,n,2,314.15,3.87,D,0
19.47327,80.41805,346.16,0.41,0.37,2023-05-27,759,N20,VIIRS,l,2,318.47,9.69,D,0
19.4885,80.90307,342.07,0.43,0.38,2023-05-27,759,N20,VIIRS,l,2,314.13,8.45,D,0
19.50547,80.7203,338.99,0.42,0.38,2023-05-27,759,N20,VIIRS,l,2,311.59,7.84,D,0
19.50838,81.02121,340.28,0.43,0.38,2023-05-27,759,N20,VIIRS,n,2,308.54,5.7,D,0
19.51302,81.02894,346.09,0.43,0.38,2023-05-27,759,N20,VIIRS,n,2,317.57,6.46,D,0
19.52111,80.73904,338.69,0.42,0.38,2023-05-27,759,N20,VIIRS,l,2,311.08,3.57,D,0
19.52362,80.60397,350.72,0.42,0.38,2023-05-27,759,N20,VIIRS,n,2,314.37,6.0,D,0
19.53371,80.52522,337.79,0.42,0.37,2023-05-27,759,N20,VIIRS,l,2,311.45,6.21,D,0
19.53407,81.00056,336.07,0.43,0.38,2023-05-27,759,N20,VIIRS,l,2,309.45,3.75,D,0
19.63039,81.01671,342.45,0.43,0.38,2023-05-27,759,N20,VIIRS,n,2,316.12,5.01,D,0
19.5466,79.94856,351.62,0.4,0.37,2023-05-27,800,N20,VIIRS,n,2,319.34,12.87,D,0
19.61552,80.53703,348.86,0.42,0.38,2023-05-27,800,N20,VIIRS,n,2,311.83,8.23,D,0
19.625,80.58011,344.42,0.42,0.38,2023-05-27,800,N20,VIIRS,l,2,316.05,10.06,D,0
19.62803,80.55129,338.1,0.42,0.38,2023-05-27,800,N20,VIIRS,l,2,313.03,8.11,D,0
19.63145,79.9035,344.96,0.4,0.37,2023-05-27,800,N20,VIIRS,l,2,317.36,7.5,D,0
19.63299,80.58701,345.37,0.42,0.38,2023-05-27,800,N20,VIIRS,n,2,312.68,7.04,D,0
19.63414,80.46939,338.43,0.42,0.37,2023-05-27,800,N20,VIIRS,l,2,312.49,5.38,D,0
19.64277,80.45599,342.89,0.42,0.37,2023-05-27,800,N20,VIIRS,n,2,312.45,6.07,D,0
19.64677,80.58495,347.54,0.42,0.38,2023-05-27,800,N20,VIIRS,n,2,313.1,5.99,D,0
19.64732,80.58892,346.68,0.42,0.38,2023-05-27,800,N20,VIIRS,n,2,313.08,5.99,D,0
19.64788,80.59289,342.39,0.42,0.38,2023-05-27,800,N20,VIIRS,n,2,310.99,3.94,D,0
19.65077,80.58839,352.92,0.42,0.38,2023-05-27,800,N20,VIIRS,n,2,313.43,5.99,D,0
19.65133,80.59238,340.29,0.42,0.38,2023-05-27,800,N20,VIIRS,l,2,311.94,3.94,D,0
19.65422,80.58788,352.28,0.42,0.38,2023-05-27,800,N20,VIIRS,n,2,314.57,14.69,D,0
19.6599,80.45329,339.24,0.42,0.37,2023-05-27,800,N20,VIIRS,n,2,312.75,4.12,D,0
19.6701,80.47591,340.93,0.42,0.37,2023-05-27,800,N20,VIIRS,n,2,310.67,4.02,D,0
19.69561,80.73286,337.52,0.43,0.38,2023-05-27,800,N20,VIIRS,l,2,310.49,4.07,D,0
19.70816,80.77206,346.09,0.43,0.38,2023-05-27,800,N20,VIIRS,n,2,311.3,5.14,D,0
19.72266,80.92757,339.72,0.43,0.38,2023-05-27,800,N20,VIIRS,n,2,307.27,3.62,D,0
19.74297,80.94542,330.38,0.43,0.38,2023-05-27,800,N20,VIIRS,l,2,304.46,2.94,D,0
19.74355,80.94958,331.94,0.43,0.38,2023-05-27,800,N20,VIIRS,l,2,304.91,3.8,D,0
19.74842,80.53658,340.13,0.42,0.38,2023-05-27,800,N20,VIIRS,l,2,313.37,6.0,D,0
19.75647,79.99691,340.71,0.4,0.37,2023-05-27,800,N20,VIIRS,l,2,314.23,3.97,D,0
19.7598,80.87591,333.53,0.43,0.38,2023-05-27,800,N20,VIIRS,l,2,307.33,4.16,D,0
19.77426,80.67163,339.58,0.42,0.38,2023-05-27,800,N20,VIIRS,l,2,313.3,5.18,D,0
19.78159,80.37381,338.19,0.41,0.37,2023-05-27,800,N20,VIIRS,l,2,312.01,4.37,D,0
19.79357,80.73434,332.83,0.43,0.38,2023-05-27,800,N20,VIIRS,l,2,306.86,2.26,D,0
19.80363,80.80688,336.24,0.43,0.38,2023-05-27,800,N20,VIIRS,l,2,306.45,2.82,D,0
19.81282,80.82197,339.1,0.43,0.38,2023-05-27,800,N20,VIIRS,n,2,307.46,3.03,D,0
19.81337,80.82591,334.08,0.43,0.38,2023-05-27,800,N20,VIIRS,l,2,308.39,3.03,D,0
19.82837,80.8316,340.08,0.43,0.38,2023-05-27,800,N20,VIIRS,l,2,313.4,3.11,D,0
19.83535,80.83072,338.22,0.43,0.38,2023-05-27,800,N20,VIIRS,n,2,307.49,8.24,D,0
19.83593,80.83484,340.09,0.43,0.38,2023-05-27,800,N20,VIIRS,n,2,307.6,6.22,D,0
19.83763,80.84708,336.19,0.43,0.38,2023-05-27,800,N20,VIIRS,l,2,307.12,4.95,D,0
19.83942,80.83437,334.32,0.43,0.38,2023-05-27,800,N20,VIIRS,l,2,308.11,3.08,D,0
19.84055,80.8425,336.98,0.43,0.38,2023-05-27,800,N20,VIIRS,l,2,310.18,3.27,D,0
19.84112,80.84656,335.28,0.43,0.38,2023-05-27,800,N20,VIIRS,l,2,308.1,3.27,D,0
19.8457,80.87943,333.93,0.43,0.38,2023-05-27,800,N20,VIIRS,n,2,306.92,1.91,D,0
19.84627,80.88353,334.4,0.43,0.38,2023-05-27,800,N20,VIIRS,n,2,305.61,2.35,D,0
19.86662,80.81419,335.59,0.43,0.38,2023-05-27,800,N20,VIIRS,l,2,306.52,2.54,D,0
19.86895,80.59985,338.09,0.42,0.38,2023-05-27,800,N20,VIIRS,l,2,311.72,6.84,D,0
19.87009,80.81361,337.41,0.43,0.38,2023-05-27,800,N20,VIIRS,n,2,305.7,2.54,D,0
19.89018,80.85654,341.58,0.43,0.38,2023-05-27,800,N20,VIIRS,n,2,309.94,6.05,D,0
19.90802,80.37885,332.42,0.42,0.37,2023-05-27,800,N20,VIIRS,l,2,307.31,3.84,D,0
19.92822,79.88374,343.62,0.4,0.37,2023-05-27,800,N20,VIIRS,l,2,315.97,8.9,D,0
19.95944,80.72683,346.9,0.43,0.38,2023-05-27,800,N20,VIIRS,n,2,314.71,10.57,D,0
19.96178,80.4881,335.54,0.42,0.38,2023-05-27,800,N20,VIIRS,l,2,310.29,2.7,D,0
19.97559,80.01359,344.82,0.41,0.37,2023-05-27,800,N20,VIIRS,n,2,314.66,8.47,D,0
19.72281,79.17565,312.04,0.41,0.37,2023-05-27,2029,N20,VIIRS,n,2,299.68,1.44,N,2
19.78714,79.1476,315.76,0.41,0.37,2023-05-27,2029,N20,VIIRS,n,2,299.52,1.32,N,2
19.81946,78.95403,308.83,0.41,0.37,2023-05-27,2029,N20,VIIRS,n,2,296.35,0.65,N,0
19.83432,80.82378,307.19,0.48,0.4,2023-05-27,2029,N20,VIIRS,n,2,295.19,1.92,N,0
19.83465,80.82168,310.07,0.48,0.4,2023-05-27,2029,N20,VIIRS,n,2,295.2,2.23,N,0
19.86529,80.81875,308.98,0.48,0.4,2023-05-27,2029,N20,VIIRS,n,2,295.15,2.54,N,0
19.92942,79.1203,309.57,0.41,0.37,2023-05-27,2029,N20,VIIRS,n,2,297.53,0.94,N,0
19.96298,79.33646,313.97,0.42,0.37,2023-05-27,2029,N20,VIIRS,n,2,296.46,1.42,N,2
19.99885,79.0814,333.95,0.41,0.37,2023-05-27,2029,N20,VIIRS,n,2,298.24,4.89,N,0
15.9249,80.06971,310.39,0.5,0.41,2023-05-27,2030,N20,VIIRS,n,2,294.95,4.1,N,0
15.92606,80.0718,311.52,0.5,0.41,2023-05-27,2030,N20,VIIRS,n,2,294.73,4.24,N,0
16.36823,80.63718,309.51,0.52,0.42,2023-05-27,2030,N20,VIIRS,n,2,295.45,0.38,N,0
16.36931,80.63519,308.06,0.52,0.42,2023-05-27,2030,N20,VIIRS,n,2,295.39,0.58,N,0
16.87085,80.02135,310.69,0.48,0.4,2023-05-27,2030,N20,VIIRS,n,2,299.28,1.28,N,2
17.14098,77.17588,311.18,0.39,0.36,2023-05-27,2030,N20,VIIRS,n,2,299.17,0.86,N,2
17.14312,77.18367,309.54,0.39,0.36,2023-05-27,2030,N20,VIIRS,n,2,298.18,1.79,N,2
17.14607,78.22396,311.43,0.41,0.37,2023-05-27,2030,N20,VIIRS,n,2,295.64,1.35,N,2
17.16743,78.51424,309.41,0.41,0.37,2023-05-27,2030,N20,VIIRS,n,2,296.17,1.38,N,0
17.22173,79.02389,307.42,0.43,0.38,2023-05-27,2030,N20,VIIRS,n,2,296.93,0.72,N,2
17.62014,81.19609,326.25,0.54,0.42,2023-05-27,2030,N20,VIIRS,n,2,298.46,3.02,N,0
17.95616,80.80263,314.02,0.51,0.41,2023-05-27,2030,N20,VIIRS,n,2,299.81,4.57,N,0
17.99676,79.80004,307.58,0.45,0.39,2023-05-27,2030,N20,VIIRS,n,2,294.69,0.89,N,0
18.03941,78.03405,308.41,0.4,0.37,2023-05-27,2030,N20,VIIRS,n,2,295.43,3.39,N,0
18.04002,78.03034,314.43,0.4,0.37,2023-05-27,2030,N20,VIIRS,n,2,295.6,3.31,N,0
18.29251,79.93924,306.56,0.46,0.39,2023-05-27,2030,N20,VIIRS,n,2,294.43,0.81,N,0
18.30037,79.93634,305.88,0.46,0.39,2023-05-27,2030,N20,VIIRS,n,2,294.4,0.88,N,0
18.33783,79.3786,306.88,0.43,0.38,2023-05-27,2030,N20,VIIRS,n,2,295.72,0.65,N,0
18.37968,79.49873,314.62,0.44,0.38,2023-05-27,2030,N20,VIIRS,n,2,295.21,1.27,N,0
18.38317,79.4994,315.09,0.44,0.38,2023-05-27,2030,N20,VIIRS,n,2,295.53,1.27,N,0
18.55867,81.03112,314.0,0.51,0.41,2023-05-27,2030,N20,VIIRS,n,2,296.93,4.28,N,0
18.69519,79.54707,319.25,0.44,0.38,2023-05-27,2030,N20,VIIRS,n,2,298.28,1.95,N,0
18.69867,79.54774,318.89,0.44,0.38,2023-05-27,2030,N20,VIIRS,n,2,298.64,1.68,N,0
18.70502,81.01836,308.92,0.51,0.41,2023-05-27,2030,N20,VIIRS,n,2,294.97,2.93,N,0
18.70541,81.02068,308.52,0.51,0.41,2023-05-27,2030,N20,VIIRS,n,2,295.48,2.0,N,0
18.72235,79.53534,322.73,0.44,0.38,2023-05-27,2030,N20,VIIRS,n,2,300.37,2.23,N,2
18.72583,79.53599,315.74,0.44,0.38,2023-05-27,2030,N20,VIIRS,n,2,301.18,2.23,N,2
18.73696,79.5339,309.56,0.44,0.38,2023-05-27,2030,N20,VIIRS,n,2,298.47,0.98,N,2
18.73765,79.52982,310.83,0.44,0.38,2023-05-27,2030,N20,VIIRS,n,2,298.33,0.98,N,2
19.01437,77.46349,313.73,0.39,0.36,2023-05-27,2030,N20,VIIRS,n,2,296.0,0.63,N,0
19.04165,79.94151,312.62,0.45,0.39,2023-05-27,2030,N20,VIIRS,n,2,297.73,2.31,N,0
19.16714,81.14007,310.23,0.51,0.41,2023-05-27,2030,N20,VIIRS,n,2,295.69,2.59,N,0
19.25452,80.96506,309.56,0.5,0.41,2023-05-27,2030,N20,VIIRS,n,2,295.26,2.25,N,0
19.25572,80.96722,313.98,0.5,0.41,2023-05-27,2030,N20,VIIRS,n,2,295.93,2.74,N,0
19.37033,80.57497,310.67,0.47,0.4,2023-05-27,2030,N20,VIIRS,n,2,296.47,0.93,N,0
19.37918,80.56729,315.47,0.47,0.4,2023-05-27,2030,N20,VIIRS,n,2,297.23,1.77,N,0
19.38278,80.56808,315.44,0.47,0.4,2023-05-27,2030,N20,VIIRS,n,2,297.43,1.77,N,0
15.61745,78.98476,312.23,0.45,0.39,2023-05-27,2031,N20,VIIRS,n,2,296.74,1.58,N,0
15.63854,77.24947,317.2,0.39,0.36,2023-05-27,2031,N20,VIIRS,n,2,295.96,2.25,N,0
15.63912,77.24584,318.56,0.39,0.36,2023-05-27,2031,N20,VIIRS,n,2,294.96,2.07,N,0
15.68564,78.45805,309.23,0.42,0.38,2023-05-27,2031,N20,VIIRS,n,2,296.57,1.65,N,2
15.52528,80.17137,340.49,0.5,0.41,2023-05-28,739,N20,VIIRS,n,2,308.95,5.15,D,0
15.52748,80.17307,337.04,0.5,0.41,2023-05-28,740,N20,VIIRS,l,2,309.5,5.07,D,0
15.53469,78.51916,343.32,0.41,0.45,2023-05-28,740,N20,VIIRS,n,2,307.89,2.79,D,0
15.57435,79.81619,337.3,0.52,0.42,2023-05-28,740,N20,VIIRS,l,2,307.66,3.6,D,0
15.59445,79.57386,339.66,0.54,0.42,2023-05-28,740,N20,VIIRS,l,2,311.68,5.13,D,0
15.59699,78.51923,335.38,0.41,0.45,2023-05-28,740,N20,VIIRS,l,2,308.41,3.69,D,0
15.61643,80.05862,345.78,0.5,0.41,2023-05-28,740,N20,VIIRS,n,2,312.74,11.53,D,0
15.62554,78.58418,337.22,0.41,0.45,2023-05-28,740,N20,VIIRS,l,2,307.44,3.1,D,0
15.6646,78.44737,344.56,0.42,0.45,2023-05-28,740,N20,VIIRS,n,2,308.84,9.09,D,0
15.66675,78.44264,340.32,0.42,0.45,2023-05-28,740,N20,VIIRS,n,2,308.21,5.49,D,0
15.66745,78.44648,344.67,0.42,0.45,2023-05-28,740,N20,VIIRS,n,2,308.98,5.49,D,0
15.6903,78.59467,336.77,0.41,0.45,2023-05-28,740,N20,VIIRS,n,2,306.4,2.42,D,0
15.69051,78.59516,340.5,0.41,0.45,2023-05-28,740,N20,VIIRS,n,2,306.92,3.58,D,0
15.69436,78.59391,335.15,0.41,0.45,2023-05-28,740,N20,VIIRS,l,2,305.97,1.15,D,0
15.72828,77.38023,335.53,0.48,0.48,2023-05-28,740,N20,VIIRS,l,2,305.79,3.02,D,0
15.73983,79.71607,340.86,0.52,0.42,2023-05-28,740,N20,VIIRS,n,2,310.54,3.97,D,0
15.74054,78.476,337.23,0.41,0.45,2023-05-28,740,N20,VIIRS,l,2,309.16,7.38,D,0
15.76897,78.09989,343.13,0.44,0.46,2023-05-28,740,N20,VIIRS,n,2,306.9,2.53,D,0
15.80905,80.03059,341.03,0.5,0.41,2023-05-28,740,N20,VIIRS,n,2,313.68,9.06,D,0
15.8353,78.1498,336.81,0.43,0.46,2023-05-28,740,N20,VIIRS,n,2,305.98,2.66,D,0
15.8419,80.26977,338.4,0.49,0.4,2023-05-28,740,N20,VIIRS,l,2,309.3,4.59,D,0
15.87528,79.7578,336.9,0.52,0.41,2023-05-28,740,N20,VIIRS,l,2,310.57,1.18,D,0
15.87835,78.14946,335.75,0.43,0.46,2023-05-28,740,N20,VIIRS,l,2,306.38,2.81,D,0
15.87907,78.15342,343.78,0.43,0.46,2023-05-28,740,N20,VIIRS,n,2,307.09,3.26,D,0
15.8975,80.06879,348.07,0.5,0.41,2023-05-28,740,N20,VIIRS,n,2,312.54,11.15,D,0
15.92426,77.73189,333.02,0.46,0.47,2023-05-28,740,N20,VIIRS,l,2,304.94,1.19,D,0
15.93268,80.20824,340.93,0.49,0.4,2023-05-28,740,N20,VIIRS,l,2,313.72,9.36,D,0
15.94394,77.76723,337.76,0.45,0.47,2023-05-28,740,N20,VIIRS,n,2,306.79,4.34,D,0
15.94631,77.52622,343.73,0.47,0.48,2023-05-28,740,N20,VIIRS,n,2,309.47,7.76,D,0
15.95312,80.17179,337.95,0.49,0.4,2023-05-28,740,N20,VIIRS,l,2,309.59,5.2,D,0
15.96656,77.14465,345.43,0.5,0.49,2023-05-28,740,N20,VIIRS,n,2,307.81,7.83,D,0
15.96954,77.14446,350.45,0.5,0.49,2023-05-28,740,N20,VIIRS,n,2,307.2,11.8,D,0
15.971,77.14377,337.66,0.5,0.49,2023-05-28,740,N20,VIIRS,n,2,306.75,8.39,D,0
15.97453,79.994,338.18,0.5,0.41,2023-05-28,740,N20,VIIRS,l,2,311.35,4.47,D,0
15.99987,80.40473,338.06,0.48,0.4,2023-05-28,740,N20,VIIRS,l,2,310.03,7.96,D,0
16.00029,80.40825,337.91,0.48,0.4,2023-05-28,740,N20,VIIRS,n,2,307.77,3.96,D,0
16.02522,78.14603,337.53,0.43,0.46,2023-05-28,740,N20,VIIRS,l,2,309.06,6.48,D,0
16.1034,80.44053,338.08,0.48,0.4,2023-05-28,740,N20,VIIRS,l,2,309.78,3.47,D,0
16.10551,80.40836,347.38,0.48,0.4,2023-05-28,740,N20,VIIRS,n,2,311.93,8.21,D,0
16.1068,79.70186,338.6,0.52,0.41,2023-05-28,740,N20,VIIRS,l,2,310.11,7.23,D,0
16.10996,80.45745,338.5,0.47,0.4,2023-05-28,740,N20,VIIRS,l,2,310.57,5.55,D,0
16.11121,77.02379,346.3,0.5,0.49,2023-05-28,740,N20,VIIRS,n,2,308.9,9.96,D,0
16.13097,80.71674,336.98,0.46,0.39,2023-05-28,740,N20,VIIRS,l,2,305.69,7.92,D,0
16.13859,80.40368,343.42,0.48,0.4,2023-05-28,740,N20,VIIRS,n,2,311.99,14.4,D,0
16.13934,80.40809,348.01,0.48,0.4,2023-05-28,740,N20,VIIRS,n,2,314.56,14.4,D,0
16.14009,80.4125,341.3,0.48,0.4,2023-05-28,740,N20,VIIRS,n,2,310.49,8.34,D,0
16.14298,80.40743,347.65,0.48,0.4,2023-05-28,740,N20,VIIRS,n,2,310.79,14.4,D,0
16.14736,80.41118,341.26,0.48,0.4,2023-05-28,740,N20,VIIRS,n,2,310.77,6.69,D,0
16.14969,80.65163,346.86,0.46,0.39,2023-05-28,740,N20,VIIRS,l,2,310.66,11.82,D,0
16.15136,80.65236,353.45,0.46,0.39,2023-05-28,740,N20,VIIRS,l,2,312.2,15.56,D,0
16.15272,80.46452,337.12,0.47,0.4,2023-05-28,740,N20,VIIRS,l,2,310.44,4.5,D,0
16.16159,80.7122,338.65,0.46,0.39,2023-05-28,740,N20,VIIRS,l,2,304.19,8.0,D,0
16.1621,80.45378,350.42,0.47,0.4,2023-05-28,740,N20,VIIRS,n,2,312.8,7.49,D,0
16.16284,80.45817,339.1,0.47,0.4,2023-05-28,740,N20,VIIRS,l,2,310.67,7.49,D,0
16.16562,80.43053,338.28,0.48,0.4,2023-05-28,740,N20,VIIRS,l,2,312.55,5.82,D,0
16.17344,80.58628,343.81,0.47,0.4,2023-05-28,740,N20,VIIRS,n,2,309.89,6.82,D,0
16.17844,80.57201,338.18,0.47,0.4,2023-05-28,740,N20,VIIRS,l,2,311.11,9.36,D,0
16.17876,80.70472,336.29,0.46,0.39,2023-05-28,740,N20,VIIRS,l,2,308.25,5.52,D,0
16.17917,80.57634,346.28,0.47,0.4,2023-05-28,740,N20,VIIRS,l,2,308.94,11.59,D,0
16.17929,80.62077,343.93,0.47,0.39,2023-05-28,740,N20,VIIRS,l,2,311.81,7.75,D,0
16.18204,80.57137,350.04,0.47,0.4,2023-05-28,740,N20,VIIRS,n,2,312.73,11.78,D,0
16.18993,80.55209,349.97,0.47,0.4,2023-05-28,740,N20,VIIRS,l,2,312.04,9.16,D,0
16.1908,80.62312,341.64,0.47,0.39,2023-05-28,740,N20,VIIRS,l,2,314.01,11.22,D,0
16.19139,80.56076,340.81,0.47,0.4,2023-05-28,740,N20,VIIRS,l,2,311.43,11.78,D,0
16.19573,80.56444,338.6,0.47,0.4,2023-05-28,740,N20,VIIRS,l,2,309.86,7.24,D,0
16.1986,80.55946,346.49,0.47,0.4,2023-05-28,740,N20,VIIRS,l,2,310.82,9.3,D,0
16.19868,80.60396,343.83,0.47,0.39,2023-05-28,740,N20,VIIRS,l,2,314.03,13.21,D,0
16.19933,80.56379,343.01,0.47,0.4,2023-05-28,740,N20,VIIRS,l,2,310.99,7.24,D,0
16.20152,80.57677,348.78,0.47,0.4,2023-05-28,740,N20,VIIRS,l,2,311.55,17.66,D,0
16.20947,80.60203,355.35,0.47,0.39,2023-05-28,740,N20,VIIRS,n,2,315.59,19.15,D,0
16.21456,80.74213,341.92,0.46,0.39,2023-05-28,740,N20,VIIRS,l,2,308.77,9.67,D,0
16.221,80.71469,335.76,0.46,0.39,2023-05-28,740,N20,VIIRS,l,2,307.12,2.21,D,0
16.22171,80.69699,336.64,0.46,0.39,2023-05-28,740,N20,VIIRS,l,2,306.22,3.05,D,0
16.22529,80.7183,339.77,0.46,0.39,2023-05-28,740,N20,VIIRS,l,2,309.12,7.48,D,0
16.22958,80.72192,337.74,0.46,0.39,2023-05-28,740,N20,VIIRS,l,2,309.03,5.75,D,0
16.2303,80.70424,336.52,0.46,0.39,2023-05-28,740,N20,VIIRS,l,2,307.79,33.35,D,0
16.23594,80.78194,336.54,0.46,0.39,2023-05-28,740,N20,VIIRS,l,2,308.2,5.76,D,0
16.23672,80.72063,337.0,0.46,0.39,2023-05-28,740,N20,VIIRS,l,2,307.66,4.01,D,0
16.23791,79.96869,337.22,0.5,0.41,2023-05-28,740,N20,VIIRS,l,2,309.96,2.21,D,0
16.23951,80.7813,338.46,0.46,0.39,2023-05-28,740,N20,VIIRS,l,2,307.34,5.83,D,0
16.24212,77.01887,333.19,0.5,0.49,2023-05-28,740,N20,VIIRS,l,2,306.08,3.71,D,0
16.24455,79.96272,335.32,0.5,0.41,2023-05-28,740,N20,VIIRS,l,2,309.53,2.47,D,0
16.24523,80.77156,345.77,0.46,0.39,2023-05-28,740,N20,VIIRS,l,2,310.52,11.65,D,0
16.24879,80.77092,355.07,0.46,0.39,2023-05-28,740,N20,VIIRS,n,2,311.05,11.65,D,0
16.2495,80.77515,339.96,0.46,0.39,2023-05-28,740,N20,VIIRS,l,2,310.03,8.95,D,0
16.24957,80.73145,354.89,0.46,0.39,2023-05-28,740,N20,VIIRS,n,2,310.86,16.1,D,0
16.25166,80.76604,338.81,0.46,0.39,2023-05-28,740,N20,VIIRS,l,2,309.95,10.94,D,0
16.2524,80.74844,340.68,0.46,0.39,2023-05-28,740,N20,VIIRS,l,2,308.2,7.01,D,0
16.25315,80.73081,348.95,0.46,0.39,2023-05-28,740,N20,VIIRS,l,2,311.38,14.85,D,0
16.26175,80.71613,343.2,0.46,0.39,2023-05-28,740,N20,VIIRS,l,2,310.08,10.15,D,0
16.26346,77.10935,343.15,0.49,0.49,2023-05-28,740,N20,VIIRS,n,2,308.09,4.03,D,0
16.26431,77.11389,344.02,0.49,0.49,2023-05-28,740,N20,VIIRS,n,2,308.21,4.03,D,0
16.26532,80.71548,340.12,0.46,0.39,2023-05-28,740,N20,VIIRS,l,2,310.35,9.38,D,0
16.26788,77.10847,332.55,0.49,0.49,2023-05-28,740,N20,VIIRS,l,2,306.02,4.03,D,0
16.30113,77.88692,334.99,0.44,0.46,2023-05-28,740,N20,VIIRS,l,2,306.96,3.39,D,0
16.30835,80.05701,339.52,0.49,0.41,2023-05-28,740,N20,VIIRS,l,2,310.58,5.57,D,0
16.3089,80.03806,338.83,0.5,0.41,2023-05-28,740,N20,VIIRS,l,2,312.08,8.3,D,0
16.31124,80.62495,342.27,0.46,0.39,2023-05-28,740,N20,VIIRS,n,2,310.24,5.85,D,0
16.31205,80.05635,345.43,0.49,0.41,2023-05-28,740,N20,VIIRS,n,2,311.11,6.65,D,0
16.3126,80.03738,350.2,0.5,0.41,2023-05-28,740,N20,VIIRS,n,2,315.53,8.3,D,0
16.31469,80.51315,339.81,0.47,0.4,2023-05-28,740,N20,VIIRS,l,2,311.96,4.61,D,0
16.31667,78.56059,339.04,0.4,0.44,2023-05-28,740,N20,VIIRS,l,2,310.43,6.13,D,0
16.31687,80.52615,340.28,0.47,0.4,2023-05-28,740,N20,VIIRS,l,2,310.55,5.56,D,0
16.32418,80.67989,339.92,0.46,0.39,2023-05-28,740,N20,VIIRS,l,2,309.43,3.83,D,0
16.32525,80.04452,338.27,0.49,0.41,2023-05-28,740,N20,VIIRS,l,2,308.86,6.23,D,0
16.33061,80.69629,339.16,0.46,0.39,2023-05-28,740,N20,VIIRS,l,2,309.61,5.63,D,0
16.33275,80.70905,350.86,0.46,0.39,2023-05-28,740,N20,VIIRS,l,2,312.03,13.42,D,0
16.33419,80.69565,341.49,0.46,0.39,2023-05-28,740,N20,VIIRS,l,2,309.85,8.55,D,0
16.3349,80.6999,344.12,0.46,0.39,2023-05-28,740,N20,VIIRS,l,2,310.18,7.38,D,0
16.34349,80.6852,346.87,0.46,0.39,2023-05-28,740,N20,VIIRS,l,2,312.15,81.63,D,0
16.34532,77.43269,344.49,0.47,0.48,2023-05-28,740,N20,VIIRS,n,2,307.69,5.06,D,0
16.34562,80.69798,354.23,0.46,0.39,2023-05-28,740,N20,VIIRS,l,2,311.94,23.8,D,0
16.34629,77.42971,344.41,0.47,0.48,2023-05-28,740,N20,VIIRS,n,2,308.67,7.05,D,0
16.35135,80.68816,352.27,0.46,0.39,2023-05-28,740,N20,VIIRS,l,2,311.64,8.91,D,0
16.35206,80.69242,346.92,0.46,0.39,2023-05-28,740,N20,VIIRS,l,2,312.69,8.91,D,0
16.35687,80.11848,336.95,0.49,0.4,2023-05-28,740,N20,VIIRS,l,2,309.01,2.45,D,0
16.36468,80.07493,338.72,0.49,0.4,2023-05-28,740,N20,VIIRS,l,2,310.34,5.77,D,0
16.37012,80.37374,336.81,0.48,0.4,2023-05-28,740,N20,VIIRS,l,2,310.88,6.21,D,0
16.37743,80.56972,337.44,0.47,0.39,2023-05-28,740,N20,VIIRS,l,2,311.99,7.99,D,0
16.37816,80.57402,340.46,0.47,0.39,2023-05-28,740,N20,VIIRS,l,2,313.33,7.99,D,0
16.3791,79.70117,337.44,0.51,0.41,2023-05-28,740,N20,VIIRS,l,2,309.97,3.07,D,0
16.37983,80.64886,341.94,0.46,0.39,2023-05-28,740,N20,VIIRS,l,2,312.76,10.18,D,0
16.38055,80.65313,342.74,0.46,0.39,2023-05-28,740,N20,VIIRS,l,2,313.75,10.18,D,0
16.38413,80.65249,343.08,0.46,0.39,2023-05-28,740,N20,VIIRS,l,2,310.63,6.85,D,0
16.39904,80.58799,338.55,0.46,0.39,2023-05-28,740,N20,VIIRS,l,2,312.76,6.48,D,0
16.40143,80.14011,335.88,0.49,0.4,2023-05-28,740,N20,VIIRS,l,2,309.51,2.43,D,0
16.41301,77.1562,339.06,0.49,0.48,2023-05-28,740,N20,VIIRS,l,2,311.28,8.58,D,0
16.41748,77.85667,340.96,0.44,0.46,2023-05-28,740,N20,VIIRS,n,2,309.43,6.4,D,0
16.47317,77.70695,341.46,0.45,0.47,2023-05-28,740,N20,VIIRS,n,2,309.98,8.01,D,0
16.4858,79.5078,337.93,0.53,0.42,2023-05-28,740,N20,VIIRS,l,2,308.58,6.61,D,0
16.52146,79.80618,338.62,0.51,0.41,2023-05-28,740,N20,VIIRS,l,2,310.91,7.47,D,0
16.5259,77.85351,339.73,0.44,0.46,2023-05-28,740,N20,VIIRS,l,2,310.79,9.79,D,0
16.53009,77.8527,339.8,0.44,0.46,2023-05-28,740,N20,VIIRS,l,2,310.82,9.79,D,0
16.65001,77.16347,340.89,0.48,0.48,2023-05-28,740,N20,VIIRS,n,2,309.37,11.14,D,0
16.6796,77.74013,350.55,0.44,0.46,2023-05-28,740,N20,VIIRS,n,2,308.71,16.42,D,0
16.68719,77.541,338.26,0.46,0.47,2023-05-28,740,N20,VIIRS,l,2,309.5,7.0,D,0
16.70885,78.31588,337.7,0.41,0.45,2023-05-28,740,N20,VIIRS,l,2,309.81,4.59,D,0
16.71112,80.54365,338.47,0.46,0.39,2023-05-28,740,N20,VIIRS,l,2,309.8,6.84,D,0
16.72816,78.28447,342.41,0.41,0.45,2023-05-28,740,N20,VIIRS,n,2,307.45,2.21,D,0
16.7354,81.44653,332.23,0.42,0.38,2023-05-28,740,N20,VIIRS,l,2,303.4,6.49,D,0
16.75114,80.42963,341.79,0.47,0.4,2023-05-28,740,N20,VIIRS,l,2,315.02,9.67,D,0
16.7537,77.76418,352.34,0.44,0.46,2023-05-28,740,N20,VIIRS,n,2,311.61,23.42,D,0
16.80398,79.9035,346.09,0.5,0.41,2023-05-28,740,N20,VIIRS,n,2,313.01,6.61,D,0
16.80768,79.90281,344.86,0.5,0.41,2023-05-28,740,N20,VIIRS,n,2,312.14,8.19,D,0
16.82394,80.25972,336.62,0.48,0.4,2023-05-28,740,N20,VIIRS,l,2,311.21,6.66,D,0
16.87499,79.7373,344.49,0.5,0.41,2023-05-28,740,N20,VIIRS,l,2,315.57,15.95,D,0
16.88421,79.42797,339.63,0.52,0.42,2023-05-28,740,N20,VIIRS,l,2,312.09,11.65,D,0
16.90914,77.61244,348.43,0.45,0.47,2023-05-28,740,N20,VIIRS,n,2,307.71,9.91,D,0
16.90942,79.64057,350.44,0.51,0.41,2023-05-28,740,N20,VIIRS,n,2,313.98,13.69,D,0
16.91815,80.06042,339.72,0.49,0.4,2023-05-28,740,N20,VIIRS,l,2,309.79,4.09,D,0
16.97779,79.271,338.73,0.53,0.42,2023-05-28,740,N20,VIIRS,l,2,312.31,8.91,D,0
16.99253,77.54533,344.44,0.45,0.47,2023-05-28,740,N20,VIIRS,n,2,311.4,7.83,D,0
17.00032,79.66911,339.03,0.51,0.41,2023-05-28,740,N20,VIIRS,n,2,307.09,5.1,D,0
17.0044,80.08317,343.34,0.48,0.4,2023-05-28,740,N20,VIIRS,n,2,312.99,9.42,D,0
17.01248,80.21912,335.79,0.48,0.4,2023-05-28,740,N20,VIIRS,l,2,310.66,5.68,D,0
17.01661,80.17728,338.24,0.48,0.4,2023-05-28,740,N20,VIIRS,l,2,309.9,3.5,D,0
17.04205,79.59793,345.15,0.51,0.41,2023-05-28,740,N20,VIIRS,n,2,309.66,10.17,D,0
17.07934,80.81036,338.97,0.45,0.39,2023-05-28,740,N20,VIIRS,l,2,309.1,4.6,D,0
17.11884,80.0262,343.43,0.48,0.4,2023-05-28,740,N20,VIIRS,n,2,310.7,7.94,D,0
17.13138,78.24213,340.86,0.41,0.45,2023-05-28,740,N20,VIIRS,n,2,307.22,2.55,D,0
17.13205,78.24588,334.32,0.41,0.45,2023-05-28,740,N20,VIIRS,l,2,307.9,2.55,D,0
17.13945,80.06078,337.69,0.48,0.4,2023-05-28,740,N20,VIIRS,n,2,306.9,4.65,D,0
17.1395,80.05933,342.31,0.48,0.4,2023-05-28,740,N20,VIIRS,n,2,306.5,6.77,D,0
17.1431,80.06012,338.35,0.48,0.4,2023-05-28,740,N20,VIIRS,n,2,307.62,4.65,D,0
17.14316,80.05866,349.92,0.48,0.4,2023-05-28,740,N20,VIIRS,n,2,309.49,10.68,D,0
17.15489,80.14958,336.62,0.48,0.4,2023-05-28,740,N20,VIIRS,l,2,307.55,5.3,D,0
17.15946,80.08936,338.02,0.48,0.4,2023-05-28,740,N20,VIIRS,n,2,307.3,7.44,D,0
17.16311,80.08869,343.75,0.48,0.4,2023-05-28,740,N20,VIIRS,n,2,310.4,7.44,D,0
17.17249,80.07777,339.28,0.48,0.4,2023-05-28,740,N20,VIIRS,l,2,311.46,7.2,D,0
17.17327,80.08224,345.78,0.48,0.4,2023-05-28,740,N20,VIIRS,n,2,311.08,8.72,D,0
17.18412,78.25452,342.85,0.4,0.44,2023-05-28,740,N20,VIIRS,n,2,310.68,4.89,D,0
17.18568,79.52648,345.41,0.51,0.41,2023-05-28,740,N20,VIIRS,n,2,308.65,6.19,D,0
17.18602,79.71364,340.5,0.5,0.41,2023-05-28,740,N20,VIIRS,l,2,313.72,8.23,D,0
17.21393,80.54869,341.09,0.46,0.39,2023-05-28,740,N20,VIIRS,l,2,307.81,10.09,D,0
17.21759,80.05562,343.65,0.48,0.4,2023-05-28,740,N20,VIIRS,n,2,312.91,9.83,D,0
17.2264,80.0632,341.32,0.48,0.4,2023-05-28,740,N20,VIIRS,l,2,311.95,9.58,D,0
17.23004,80.06254,346.26,0.48,0.4,2023-05-28,740,N20,VIIRS,n,2,314.15,13.98,D,0
17.25366,79.91608,338.39,0.49,0.4,2023-05-28,740,N20,VIIRS,n,2,307.64,9.33,D,0
17.26391,79.84367,340.59,0.49,0.4,2023-05-28,740,N20,VIIRS,l,2,313.79,10.92,D,0
17.34568,78.83651,341.78,0.56,0.43,2023-05-28,740,N20,VIIRS,n,2,310.53,12.04,D,0
17.34594,79.37492,342.28,0.52,0.41,2023-05-28,740,N20,VIIRS,n,2,312.36,12.56,D,0
17.3462,79.3766,340.51,0.52,0.41,2023-05-28,740,N20,VIIRS,l,2,311.88,9.53,D,0
17.4236,80.02996,339.17,0.48,0.4,2023-05-28,740,N20,VIIRS,l,2,311.92,3.94,D,0
17.4259,79.29681,337.01,0.52,0.42,2023-05-28,740,N20,VIIRS,l,2,307.66,7.51,D,0
17.47637,79.87745,335.45,0.49,0.4,2023-05-28,740,N20,VIIRS,l,2,310.17,2.22,D,0
17.48627,79.91292,337.67,0.48,0.4,2023-05-28,740,N20,VIIRS,l,2,309.25,4.4,D,0
17.49291,79.99512,345.72,0.48,0.4,2023-05-28,740,N20,VIIRS,n,2,311.2,5.34,D,0
17.53602,81.09485,335.92,0.43,0.38,2023-05-28,740,N20,VIIRS,l,2,306.24,5.4,D,0
17.58582,80.07863,337.39,0.47,0.4,2023-05-28,740,N20,VIIRS,l,2,308.82,3.27,D,0
17.58874,77.92001,337.15,0.42,0.45,2023-05-28,740,N20,VIIRS,l,2,310.71,7.4,D,0
17.5906,80.19598,335.79,0.47,0.4,2023-05-28,740,N20,VIIRS,l,2,309.21,4.62,D,0
17.63025,78.28606,330.5,0.4,0.44,2023-05-28,740,N20,VIIRS,l,2,303.2,0.93,D,0
17.6345,79.98866,337.06,0.48,0.4,2023-05-28,740,N20,VIIRS,l,2,307.12,2.23,D,0
17.6652,79.88315,340.03,0.48,0.4,2023-05-28,740,N20,VIIRS,n,2,309.73,7.71,D,0
17.68575,78.08515,341.01,0.41,0.45,2023-05-28,740,N20,VIIRS,n,2,303.99,4.34,D,0
17.69295,78.03285,337.93,0.41,0.45,2023-05-28,740,N20,VIIRS,l,2,308.19,3.69,D,0
17.69364,78.03663,344.37,0.41,0.45,2023-05-28,740,N20,VIIRS,n,2,305.08,4.99,D,0
17.69397,79.83118,337.07,0.49,0.4,2023-05-28,740,N20,VIIRS,l,2,310.51,7.11,D,0
17.69475,79.8357,341.43,0.49,0.4,2023-05-28,740,N20,VIIRS,n,2,310.38,9.37,D,0
17.70024,81.20195,337.73,0.42,0.38,2023-05-28,740,N20,VIIRS,l,2,304.62,1.82,D,0
17.70814,79.93526,341.37,0.48,0.4,2023-05-28,740,N20,VIIRS,n,2,311.19,4.77,D,0
17.72269,78.01128,336.75,0.41,0.45,2023-05-28,740,N20,VIIRS,n,2,306.17,4.94,D,0
17.72745,78.01431,342.14,0.41,0.45,2023-05-28,740,N20,VIIRS,n,2,309.18,4.09,D,0
17.72891,78.06882,339.52,0.41,0.45,2023-05-28,740,N20,VIIRS,n,2,306.25,3.3,D,0
17.74458,79.45116,335.96,0.51,0.41,2023-05-28,740,N20,VIIRS,l,2,306.94,2.92,D,0
17.75896,79.51166,338.83,0.5,0.41,2023-05-28,740,N20,VIIRS,n,2,308.79,7.02,D,0
17.76201,79.79194,343.48,0.49,0.4,2023-05-28,740,N20,VIIRS,n,2,312.46,8.1,D,0
17.77466,79.5135,343.77,0.5,0.41,2023-05-28,740,N20,VIIRS,n,2,312.3,11.5,D,0
17.78815,80.83783,338.28,0.44,0.38,2023-05-28,740,N20,VIIRS,l,2,308.75,2.89,D,0
17.79576,79.8556,339.48,0.48,0.4,2023-05-28,740,N20,VIIRS,l,2,311.58,5.17,D,0
17.82078,79.86958,337.67,0.48,0.4,2023-05-28,740,N20,VIIRS,l,2,308.89,3.74,D,0
17.82443,79.86888,340.18,0.48,0.4,2023-05-28,740,N20,VIIRS,l,2,310.27,3.74,D,0
17.83168,79.77886,337.36,0.49,0.4,2023-05-28,740,N20,VIIRS,l,2,309.15,8.92,D,0
17.83646,78.10614,335.71,0.4,0.44,2023-05-28,740,N20,VIIRS,l,2,307.69,5.03,D,0
17.83824,79.77293,335.4,0.49,0.4,2023-05-28,740,N20,VIIRS,l,2,307.91,3.51,D,0
17.86725,79.76948,338.25,0.49,0.4,2023-05-28,740,N20,VIIRS,l,2,310.24,4.86,D,0
17.86939,78.08018,342.07,0.4,0.44,2023-05-28,740,N20,VIIRS,n,2,307.5,2.62,D,0
17.87343,78.07938,344.19,0.4,0.44,2023-05-28,740,N20,VIIRS,n,2,309.11,5.26,D,0
17.87756,79.4332,338.49,0.51,0.41,2023-05-28,740,N20,VIIRS,l,2,309.04,6.43,D,0
17.88125,78.2621,333.47,0.39,0.44,2023-05-28,740,N20,VIIRS,l,2,306.74,2.59,D,0
17.88247,79.94292,346.29,0.48,0.4,2023-05-28,740,N20,VIIRS,n,2,311.12,7.43,D,0
17.88949,78.14593,337.67,0.4,0.44,2023-05-28,740,N20,VIIRS,n,2,304.9,4.51,D,0
17.89441,78.28947,341.68,0.39,0.44,2023-05-28,740,N20,VIIRS,n,2,308.04,4.38,D,0
17.90396,78.22716,343.63,0.39,0.44,2023-05-28,740,N20,VIIRS,n,2,306.5,3.45,D,0
17.90637,78.28711,343.47,0.39,0.44,2023-05-28,740,N20,VIIRS,n,2,307.57,4.49,D,0
17.92119,78.01933,345.02,0.41,0.45,2023-05-28,740,N20,VIIRS,n,2,309.2,6.1,D,0
17.92319,79.9399,338.57,0.48,0.4,2023-05-28,740,N20,VIIRS,l,2,308.56,8.09,D,0
17.92396,79.94436,343.53,0.48,0.4,2023-05-28,740,N20,VIIRS,l,2,310.81,23.05,D,0
17.93484,78.40122,334.47,0.39,0.44,2023-05-28,740,N20,VIIRS,l,2,308.67,3.88,D,0
17.93626,78.12481,342.15,0.4,0.44,2023-05-28,740,N20,VIIRS,n,2,307.22,7.03,D,0
17.93738,78.0161,334.76,0.41,0.45,2023-05-28,740,N20,VIIRS,l,2,308.82,3.44,D,0
17.94772,78.32364,340.55,0.39,0.44,2023-05-28,740,N20,VIIRS,n,2,309.27,4.09,D,0
17.95279,79.67905,336.98,0.49,0.4,2023-05-28,740,N20,VIIRS,l,2,310.55,5.11,D,0
17.95466,79.68258,338.26,0.49,0.4,2023-05-28,740,N20,VIIRS,l,2,309.09,6.37,D,0
17.9644,78.11916,341.29,0.4,0.44,2023-05-28,740,N20,VIIRS,n,2,309.13,9.21,D,0
17.96775,77.9984,332.75,0.41,0.45,2023-05-28,740,N20,VIIRS,l,2,307.04,2.82,D,0
17.96976,78.03298,339.23,0.4,0.45,2023-05-28,740,N20,VIIRS,n,2,305.97,3.23,D,0
17.97381,78.03219,336.1,0.4,0.45,2023-05-28,740,N20,VIIRS,l,2,306.89,2.74,D,0
17.99147,78.29249,335.88,0.39,0.44,2023-05-28,740,N20,VIIRS,l,2,306.59,2.97,D,0
17.99168,77.92313,335.82,0.41,0.45,2023-05-28,740,N20,VIIRS,l,2,306.01,5.81,D,0
17.99238,77.92692,353.32,0.41,0.45,2023-05-28,740,N20,VIIRS,n,2,307.51,5.81,D,0
17.9972,79.69418,335.87,0.49,0.4,2023-05-28,740,N20,VIIRS,l,2,309.97,4.21,D,0
18.00403,79.7773,334.13,0.48,0.4,2023-05-28,740,N20,VIIRS,l,2,307.75,3.56,D,0
18.01225,78.12531,343.69,0.4,0.44,2023-05-28,740,N20,VIIRS,n,2,306.6,5.71,D,0
18.0337,79.6637,338.25,0.49,0.4,2023-05-28,740,N20,VIIRS,l,2,311.36,4.08,D,0
18.03574,78.31007,342.5,0.39,0.44,2023-05-28,740,N20,VIIRS,n,2,306.98,3.71,D,0
18.03795,78.30975,333.79,0.39,0.44,2023-05-28,740,N20,VIIRS,l,2,307.27,4.45,D,0
18.03892,79.56967,336.79,0.5,0.41,2023-05-28,740,N20,VIIRS,n,2,309.2,6.22,D,0
18.06773,78.064,331.56,0.4,0.44,2023-05-28,740,N20,VIIRS,l,2,305.87,2.91,D,0
18.07109,78.17463,342.22,0.39,0.44,2023-05-28,740,N20,VIIRS,n,2,308.91,5.57,D,0
18.07644,78.15832,333.95,0.4,0.44,2023-05-28,740,N20,VIIRS,l,2,308.35,3.04,D,0
18.08492,79.74517,340.5,0.49,0.4,2023-05-28,740,N20,VIIRS,l,2,311.95,5.23,D,0
18.08981,78.14044,340.2,0.4,0.44,2023-05-28,740,N20,VIIRS,n,2,306.87,3.42,D,0
18.10701,79.56625,342.38,0.5,0.41,2023-05-28,740,N20,VIIRS,n,2,306.91,5.24,D,0
18.10789,79.89858,337.78,0.48,0.4,2023-05-28,740,N20,VIIRS,l,2,311.19,8.33,D,0
18.11071,79.56556,342.4,0.5,0.41,2023-05-28,740,N20,VIIRS,n,2,310.5,8.55,D,0
18.11883,79.50176,337.81,0.5,0.41,2023-05-28,740,N20,VIIRS,l,2,310.35,4.45,D,0
18.12464,79.49102,337.41,0.5,0.41,2023-05-28,740,N20,VIIRS,l,2,308.62,5.99,D,0
18.14293,77.92414,335.1,0.41,0.45,2023-05-28,740,N20,VIIRS,l,2,306.67,3.27,D,0
18.1612,79.47146,349.7,0.5,0.41,2023-05-28,740,N20,VIIRS,n,2,310.63,30.4,D,0
18.18782,79.51435,334.96,0.5,0.41,2023-05-28,740,N20,VIIRS,l,2,305.02,3.21,D,0
18.19433,80.4854,338.45,0.45,0.39,2023-05-28,740,N20,VIIRS,l,2,311.25,7.81,D,0
18.23193,79.48203,344.73,0.5,0.41,2023-05-28,740,N20,VIIRS,n,2,312.16,8.25,D,0
18.23619,77.95193,335.16,0.4,0.45,2023-05-28,740,N20,VIIRS,l,2,306.62,1.68,D,0
18.25199,77.8308,336.18,0.41,0.45,2023-05-28,740,N20,VIIRS,l,2,307.02,4.31,D,0
18.2586,79.38259,336.36,0.5,0.41,2023-05-28,740,N20,VIIRS,l,2,310.33,4.81,D,0
18.27142,79.38993,340.23,0.5,0.41,2023-05-28,740,N20,VIIRS,l,2,310.94,7.65,D,0
18.27155,79.06055,349.9,0.52,0.42,2023-05-28,740,N20,VIIRS,n,2,311.36,11.64,D,0
18.27183,79.05826,346.48,0.52,0.42,2023-05-28,740,N20,VIIRS,n,2,310.69,13.28,D,0
18.27564,77.82606,333.52,0.41,0.45,2023-05-28,740,N20,VIIRS,l,2,307.62,1.96,D,0
18.27641,77.82581,334.02,0.41,0.45,2023-05-28,740,N20,VIIRS,l,2,307.69,2.83,D,0
18.28296,79.93537,349.42,0.47,0.4,2023-05-28,740,N20,VIIRS,n,2,308.69,14.59,D,0
18.29126,79.37141,339.43,0.5,0.41,2023-05-28,740,N20,VIIRS,l,2,309.65,7.15,D,0
18.29458,77.81433,334.19,0.41,0.45,2023-05-28,740,N20,VIIRS,l,2,307.4,2.8,D,0
18.30084,80.45037,347.2,0.45,0.39,2023-05-28,740,N20,VIIRS,l,2,313.5,20.75,D,0
18.30102,80.44951,350.68,0.45,0.39,2023-05-28,740,N20,VIIRS,n,2,312.5,19.01,D,0
18.30712,80.40172,337.45,0.45,0.39,2023-05-28,740,N20,VIIRS,l,2,308.76,6.69,D,0
18.30796,78.68687,334.11,0.55,0.43,2023-05-28,740,N20,VIIRS,l,2,306.69,2.75,D,0
18.31585,79.4248,345.04,0.5,0.41,2023-05-28,740,N20,VIIRS,n,2,310.69,16.74,D,0
18.31792,79.30285,334.46,0.51,0.41,2023-05-28,740,N20,VIIRS,l,2,306.38,3.07,D,0
18.32192,79.61445,341.44,0.49,0.4,2023-05-28,740,N20,VIIRS,l,2,314.08,11.63,D,0
18.32821,77.65104,334.23,0.42,0.45,2023-05-28,740,N20,VIIRS,n,2,303.86,3.8,D,0
18.32994,78.3779,330.86,0.57,0.43,2023-05-28,740,N20,VIIRS,l,2,303.3,4.2,D,0
18.34028,79.61095,349.68,0.49,0.4,2023-05-28,740,N20,VIIRS,n,2,313.01,13.96,D,0
18.34395,79.61024,351.06,0.49,0.4,2023-05-28,740,N20,VIIRS,n,2,312.02,15.97,D,0
18.34793,78.47832,344.87,0.56,0.43,2023-05-28,740,N20,VIIRS,n,2,305.42,4.55,D,0
18.34835,77.99216,336.46,0.4,0.44,2023-05-28,740,N20,VIIRS,l,2,308.34,5.47,D,0
18.34903,79.42981,353.44,0.5,0.41,2023-05-28,740,N20,VIIRS,n,2,310.33,8.5,D,0
18.35274,79.42908,352.54,0.5,0.41,2023-05-28,740,N20,VIIRS,n,2,309.89,9.63,D,0
18.35801,79.52385,337.45,0.49,0.41,2023-05-28,740,N20,VIIRS,l,2,311.34,7.18,D,0
18.36058,79.50737,342.35,0.5,0.41,2023-05-28,740,N20,VIIRS,n,2,308.82,6.89,D,0
18.36971,79.61166,338.58,0.49,0.4,2023-05-28,740,N20,VIIRS,l,2,309.86,9.71,D,0
18.37121,79.61447,343.29,0.49,0.4,2023-05-28,740,N20,VIIRS,n,2,310.79,8.21,D,0
18.3821,77.80824,340.88,0.41,0.45,2023-05-28,740,N20,VIIRS,n,2,308.42,4.3,D,0
18.39039,79.51289,351.69,0.49,0.41,2023-05-28,740,N20,VIIRS,n,2,312.83,11.32,D,0
18.40145,79.51076,335.8,0.49,0.41,2023-05-28,740,N20,VIIRS,l,2,308.35,4.24,D,0
18.40415,79.43849,343.08,0.5,0.41,2023-05-28,740,N20,VIIRS,n,2,309.43,9.87,D,0
18.40433,79.50545,344.72,0.49,0.41,2023-05-28,740,N20,VIIRS,n,2,310.26,7.91,D,0
18.43352,79.29731,337.0,0.51,0.41,2023-05-28,740,N20,VIIRS,l,2,309.63,2.96,D,0
18.43501,79.29861,336.5,0.51,0.41,2023-05-28,740,N20,VIIRS,l,2,309.77,2.23,D,0
18.43694,78.20736,337.3,0.39,0.44,2023-05-28,740,N20,VIIRS,l,2,307.66,5.65,D,0
18.44696,78.94737,335.59,0.53,0.42,2023-05-28,740,N20,VIIRS,l,2,310.12,9.49,D,0
18.45204,79.37297,337.77,0.5,0.41,2023-05-28,740,N20,VIIRS,l,2,309.87,5.09,D,0
18.45575,79.37228,334.38,0.5,0.41,2023-05-28,740,N20,VIIRS,l,2,306.63,5.09,D,0
18.47222,79.15858,337.42,0.51,0.41,2023-05-28,740,N20,VIIRS,l,2,309.75,4.52,D,0
18.47499,79.62916,351.95,0.49,0.4,2023-05-28,740,N20,VIIRS,n,2,308.25,12.28,D,0
18.48138,79.12202,335.8,0.52,0.41,2023-05-28,740,N20,VIIRS,l,2,308.79,2.76,D,0
18.48257,79.37206,334.45,0.5,0.41,2023-05-28,740,N20,VIIRS,l,2,306.05,0.72,D,0
18.48389,79.13647,338.95,0.52,0.41,2023-05-28,740,N20,VIIRS,l,2,310.07,6.79,D,0
18.4843,79.11649,347.58,0.52,0.41,2023-05-28,740,N20,VIIRS,n,2,312.21,12.69,D,0
18.48806,79.64198,347.94,0.49,0.4,2023-05-28,740,N20,VIIRS,n,2,310.93,9.91,D,0
18.4883,79.64072,348.38,0.49,0.4,2023-05-28,740,N20,VIIRS,n,2,310.34,7.39,D,0
18.48907,79.64525,339.16,0.49,0.4,2023-05-28,740,N20,VIIRS,l,2,310.99,7.39,D,0
18.48917,79.66979,338.67,0.48,0.4,2023-05-28,740,N20,VIIRS,l,2,310.99,5.67,D,0
18.48926,79.66859,339.14,0.48,0.4,2023-05-28,740,N20,VIIRS,l,2,311.32,11.1,D,0
18.49283,79.6691,339.83,0.48,0.4,2023-05-28,740,N20,VIIRS,n,2,308.01,5.67,D,0
18.49291,79.6679,339.57,0.48,0.4,2023-05-28,740,N20,VIIRS,n,2,309.27,8.43,D,0
18.50254,78.43949,335.66,0.56,0.43,2023-05-28,740,N20,VIIRS,l,2,306.61,4.4,D,0
18.50298,79.44508,340.11,0.5,0.41,2023-05-28,740,N20,VIIRS,n,2,309.72,5.32,D,0
18.50308,78.44296,336.51,0.56,0.43,2023-05-28,740,N20,VIIRS,l,2,307.11,6.0,D,0
18.51502,79.15747,337.41,0.51,0.41,2023-05-28,740,N20,VIIRS,l,2,311.03,8.08,D,0
18.51811,79.15476,339.15,0.51,0.41,2023-05-28,740,N20,VIIRS,l,2,311.67,4.68,D,0
18.51893,79.15955,340.87,0.51,0.41,2023-05-28,740,N20,VIIRS,n,2,310.71,4.68,D,0
18.52438,79.10101,343.89,0.52,0.41,2023-05-28,740,N20,VIIRS,n,2,312.05,13.6,D,0
18.52623,78.65788,339.75,0.55,0.42,2023-05-28,740,N20,VIIRS,n,2,309.65,5.95,D,0
18.52623,79.24692,339.87,0.51,0.41,2023-05-28,740,N20,VIIRS,n,2,308.89,3.63,D,0
18.52743,79.24869,341.15,0.51,0.41,2023-05-28,740,N20,VIIRS,n,2,308.88,4.37,D,0
18.52821,78.6543,336.05,0.55,0.42,2023-05-28,740,N20,VIIRS,l,2,308.1,3.15,D,0
18.5291,78.65938,335.76,0.55,0.42,2023-05-28,740,N20,VIIRS,l,2,308.93,3.15,D,0
18.5371,79.33249,334.97,0.5,0.41,2023-05-28,740,N20,VIIRS,l,2,306.63,6.33,D,0
18.53796,79.32938,339.18,0.5,0.41,2023-05-28,740,N20,VIIRS,l,2,310.31,6.31,D,0
18.56109,79.45963,339.34,0.49,0.41,2023-05-28,740,N20,VIIRS,n,2,309.17,4.67,D,0
18.56369,79.44302,341.09,0.5,0.41,2023-05-28,740,N20,VIIRS,n,2,309.48,8.12,D,0
18.56448,79.44767,337.19,0.5,0.41,2023-05-28,740,N20,VIIRS,l,2,309.2,3.54,D,0
18.5652,79.43973,335.67,0.5,0.41,2023-05-28,740,N20,VIIRS,l,2,309.98,4.07,D,0
18.56602,79.44437,349.35,0.5,0.41,2023-05-28,740,N20,VIIRS,n,2,309.74,4.07,D,0
18.57282,77.7506,337.82,0.41,0.45,2023-05-28,740,N20,VIIRS,n,2,307.67,3.99,D,0
18.58899,80.9631,349.03,0.43,0.38,2023-05-28,740,N20,VIIRS,n,2,308.88,5.15,D,0
18.59729,79.55711,348.84,0.49,0.4,2023-05-28,740,N20,VIIRS,n,2,312.53,10.39,D,0
18.61457,80.99585,334.31,0.42,0.38,2023-05-28,740,N20,VIIRS,l,2,306.03,4.9,D,0
18.6316,78.68977,334.71,0.54,0.42,2023-05-28,740,N20,VIIRS,l,2,309.38,6.36,D,0
18.65129,78.32347,344.15,0.57,0.43,2023-05-28,740,N20,VIIRS,n,2,307.76,11.41,D,0
18.65179,77.86137,354.84,0.4,0.44,2023-05-28,740,N20,VIIRS,n,2,309.31,16.37,D,0
18.66305,79.52082,350.02,0.49,0.4,2023-05-28,740,N20,VIIRS,n,2,311.83,7.54,D,0
18.66443,78.77447,337.55,0.54,0.42,2023-05-28,740,N20,VIIRS,l,2,310.32,9.28,D,0
18.66816,79.66056,344.23,0.48,0.4,2023-05-28,740,N20,VIIRS,n,2,310.22,5.59,D,0
18.69217,79.38878,343.21,0.5,0.41,2023-05-28,740,N20,VIIRS,n,2,309.96,3.96,D,0
18.70551,79.76916,343.75,0.48,0.4,2023-05-28,740,N20,VIIRS,l,2,307.58,7.07,D,0
18.70849,78.75533,339.98,0.54,0.42,2023-05-28,740,N20,VIIRS,l,2,311.04,7.25,D,0
18.70911,78.08423,344.18,0.39,0.44,2023-05-28,740,N20,VIIRS,n,2,309.07,7.95,D,0
18.70976,78.08786,340.53,0.39,0.44,2023-05-28,740,N20,VIIRS,n,2,308.44,6.77,D,0
18.72241,79.53985,337.36,0.49,0.4,2023-05-28,740,N20,VIIRS,l,2,312.13,7.97,D,2
18.73628,79.53247,336.81,0.49,0.4,2023-05-28,740,N20,VIIRS,l,2,311.3,5.38,D,2
18.75668,78.11985,337.44,0.39,0.44,2023-05-28,740,N20,VIIRS,l,2,307.71,4.36,D,0
18.75805,78.10447,351.21,0.39,0.44,2023-05-28,740,N20,VIIRS,n,2,305.29,8.29,D,0
18.77603,78.7655,335.6,0.53,0.42,2023-05-28,740,N20,VIIRS,l,2,309.49,4.54,D,0
18.79128,78.67415,339.28,0.54,0.42,2023-05-28,740,N20,VIIRS,l,2,309.81,9.34,D,0
18.80501,78.72863,340.48,0.54,0.42,2023-05-28,740,N20,VIIRS,l,2,311.02,8.26,D,0
18.81521,78.67464,336.54,0.54,0.42,2023-05-28,740,N20,VIIRS,l,2,309.17,5.77,D,0
18.83377,79.8381,367.0,0.47,0.4,2023-05-28,740,N20,VIIRS,h,2,314.08,11.83,D,0
18.83427,78.60262,346.07,0.54,0.42,2023-05-28,740,N20,VIIRS,n,2,308.26,17.78,D,0
18.83947,78.85565,336.35,0.53,0.42,2023-05-28,740,N20,VIIRS,l,2,310.7,5.32,D,0
18.85968,78.76944,340.23,0.53,0.42,2023-05-28,740,N20,VIIRS,l,2,311.92,4.45,D,0
18.86349,78.76868,335.56,0.53,0.42,2023-05-28,740,N20,VIIRS,l,2,308.26,4.45,D,0
18.87168,78.29086,341.07,0.57,0.43,2023-05-28,740,N20,VIIRS,l,2,311.19,8.79,D,0
18.8833,78.31044,337.11,0.56,0.43,2023-05-28,740,N20,VIIRS,l,2,309.21,6.54,D,0
18.91637,79.11599,338.04,0.51,0.41,2023-05-28,740,N20,VIIRS,l,2,312.19,9.36,D,0
18.9235,78.58144,340.12,0.54,0.42,2023-05-28,740,N20,VIIRS,l,2,310.94,12.07,D,0
18.92408,78.91673,340.83,0.52,0.42,2023-05-28,740,N20,VIIRS,l,2,310.87,8.77,D,0
19.01021,80.6059,333.57,0.43,0.38,2023-05-28,740,N20,VIIRS,l,2,306.42,5.1,D,0
19.01025,80.58476,332.44,0.44,0.38,2023-05-28,740,N20,VIIRS,l,2,307.05,2.61,D,0
19.0203,79.17577,341.71,0.5,0.41,2023-05-28,740,N20,VIIRS,l,2,313.42,11.49,D,0
19.02402,79.17506,340.7,0.5,0.41,2023-05-28,740,N20,VIIRS,l,2,314.55,10.11,D,0
19.31148,80.65555,336.36,0.43,0.38,2023-05-28,740,N20,VIIRS,l,2,309.0,2.47,D,0
19.35959,80.92829,334.81,0.42,0.38,2023-05-28,740,N20,VIIRS,l,2,302.85,5.91,D,0
18.97209,78.21936,342.04,0.57,0.43,2023-05-28,741,N20,VIIRS,n,2,311.91,16.56,D,0
19.08175,78.08659,345.22,0.39,0.44,2023-05-28,741,N20,VIIRS,n,2,310.48,10.0,D,0
19.08437,78.08619,344.99,0.38,0.44,2023-05-28,741,N20,VIIRS,n,2,310.35,10.14,D,0
19.32659,80.39226,334.53,0.44,0.38,2023-05-28,741,N20,VIIRS,l,2,307.83,2.75,D,0
19.37136,80.57433,335.36,0.43,0.38,2023-05-28,741,N20,VIIRS,l,2,306.79,1.57,D,0
19.37831,80.57313,332.53,0.43,0.38,2023-05-28,741,N20,VIIRS,l,2,306.05,2.48,D,0
19.38043,80.56432,333.95,0.43,0.38,2023-05-28,741,N20,VIIRS,l,2,306.33,2.99,D,0
19.38178,80.57246,337.41,0.43,0.38,2023-05-28,741,N20,VIIRS,l,2,305.8,2.48,D,0
19.39022,80.27401,335.05,0.44,0.39,2023-05-28,741,N20,VIIRS,l,2,307.06,3.86,D,0
19.40705,80.74685,332.33,0.43,0.38,2023-05-28,741,N20,VIIRS,l,2,305.17,3.73,D,0
19.43992,80.39735,335.28,0.44,0.38,2023-05-28,741,N20,VIIRS,l,2,308.15,4.4,D,0
19.45355,80.71363,339.78,0.43,0.38,2023-05-28,741,N20,VIIRS,l,2,308.4,6.13,D,0
19.4745,80.66866,334.99,0.43,0.38,2023-05-28,741,N20,VIIRS,l,2,305.25,2.08,D,0
19.5509,80.60099,339.19,0.43,0.38,2023-05-28,741,N20,VIIRS,l,2,310.57,4.3,D,0
19.5534,77.0293,344.23,0.44,0.46,2023-05-28,741,N20,VIIRS,n,2,313.07,19.73,D,0
19.56094,80.51157,337.59,0.43,0.38,2023-05-28,741,N20,VIIRS,n,2,306.09,1.82,D,0
19.56381,80.65683,332.87,0.43,0.38,2023-05-28,741,N20,VIIRS,l,2,307.03,2.52,D,0
19.56987,80.86272,336.72,0.42,0.38,2023-05-28,741,N20,VIIRS,l,2,304.35,4.04,D,0
19.57055,80.86674,338.83,0.42,0.38,2023-05-28,741,N20,VIIRS,l,2,306.01,6.34,D,0
19.57291,80.62603,331.7,0.43,0.38,2023-05-28,741,N20,VIIRS,l,2,305.36,4.26,D,0
19.6089,80.84267,333.1,0.42,0.38,2023-05-28,741,N20,VIIRS,l,2,304.07,4.02,D,0
19.62968,80.59135,338.84,0.43,0.38,2023-05-28,741,N20,VIIRS,l,2,307.46,4.05,D,0
19.63313,80.59064,333.31,0.43,0.38,2023-05-28,741,N20,VIIRS,l,2,307.54,4.05,D,0
19.63356,79.91165,336.02,0.46,0.39,2023-05-28,741,N20,VIIRS,l,2,310.59,3.55,D,0
19.63684,80.44294,333.1,0.43,0.38,2023-05-28,741,N20,VIIRS,l,2,307.64,2.41,D,0
19.64651,80.47913,336.76,0.43,0.38,2023-05-28,741,N20,VIIRS,l,2,308.6,4.01,D,0
19.65071,80.46145,343.94,0.43,0.38,2023-05-28,741,N20,VIIRS,n,2,307.24,3.47,D,0
19.65139,80.46555,332.62,0.43,0.38,2023-05-28,741,N20,VIIRS,l,2,307.22,3.47,D,0
19.68313,78.41618,342.16,0.54,0.42,2023-05-28,741,N20,VIIRS,l,2,313.19,21.58,D,0
19.68418,80.42583,338.55,0.43,0.38,2023-05-28,741,N20,VIIRS,l,2,306.95,2.09,D,0
19.68584,78.41818,340.48,0.54,0.42,2023-05-28,741,N20,VIIRS,l,2,312.61,22.67,D,0
19.68747,80.03374,341.35,0.45,0.39,2023-05-28,741,N20,VIIRS,l,2,313.06,5.94,D,0
19.69686,79.8952,340.83,0.46,0.39,2023-05-28,741,N20,VIIRS,l,2,312.09,7.17,D,0
19.71258,80.91778,330.19,0.42,0.37,2023-05-28,741,N20,VIIRS,l,2,302.61,3.6,D,0
19.73685,80.87285,336.52,0.42,0.38,2023-05-28,741,N20,VIIRS,l,2,306.99,5.96,D,0
19.74026,80.87222,344.14,0.42,0.38,2023-05-28,741,N20,VIIRS,l,2,307.96,7.32,D,0
19.75033,80.89062,333.72,0.42,0.38,2023-05-28,741,N20,VIIRS,l,2,308.3,5.63,D,0
19.86417,80.81258,331.62,0.42,0.38,2023-05-28,741,N20,VIIRS,l,2,306.12,1.84,D,0
19.87517,80.69121,345.33,0.42,0.38,2023-05-28,741,N20,VIIRS,n,2,313.07,8.14,D,0
19.92696,79.85841,340.2,0.46,0.39,2023-05-28,741,N20,VIIRS,l,2,314.43,10.5,D,0
19.92979,79.85342,340.77,0.46,0.39,2023-05-28,741,N20,VIIRS,l,2,313.98,7.06,D,0
19.96266,79.96193,342.38,0.45,0.39,2023-05-28,741,N20,VIIRS,l,2,314.02,6.82,D,0
19.99681,79.08101,346.82,0.49,0.41,2023-05-28,741,N20,VIIRS,n,2,310.07,9.79,D,0
19.8631,80.82893,312.91,0.39,0.36,2023-05-28,2010,N20,VIIRS,n,2,294.95,1.87,N,0
19.86642,80.82949,313.85,0.39,0.36,2023-05-28,2010,N20,VIIRS,n,2,294.31,2.62,N,0
19.87035,80.80328,305.73,0.39,0.36,2023-05-28,2010,N20,VIIRS,n,2,293.41,1.81,N,0
19.87086,80.82263,320.53,0.39,0.36,2023-05-28,2010,N20,VIIRS,n,2,294.53,2.59,N,0
19.87475,80.81946,318.6,0.39,0.36,2023-05-28,2010,N20,VIIRS,n,2,294.7,2.8,N,0
19.87531,80.81569,312.95,0.39,0.36,2023-05-28,2010,N20,VIIRS,n,2,294.4,1.87,N,0
17.4645,80.65497,308.4,0.39,0.36,2023-05-28,2011,N20,VIIRS,n,2,285.65,1.21,N,0
17.58431,80.31586,307.15,0.39,0.36,2023-05-28,2011,N20,VIIRS,n,2,283.48,1.25,N,0
17.95811,80.80309,313.9,0.39,0.36,2023-05-28,2011,N20,VIIRS,n,2,288.43,1.89,N,2
18.15675,79.45974,311.91,0.41,0.37,2023-05-28,2011,N20,VIIRS,n,2,295.67,1.3,N,0
18.16585,79.46915,308.69,0.41,0.37,2023-05-28,2011,N20,VIIRS,n,2,295.46,0.44,N,0
18.27421,79.94707,314.76,0.4,0.37,2023-05-28,2011,N20,VIIRS,n,2,292.6,0.56,N,0
18.27477,79.94331,324.33,0.4,0.37,2023-05-28,2011,N20,VIIRS,n,2,293.37,1.88,N,0
18.29725,79.38526,319.47,0.42,0.37,2023-05-28,2011,N20,VIIRS,n,2,295.82,2.0,N,0
18.30068,79.3858,327.47,0.42,0.37,2023-05-28,2011,N20,VIIRS,n,2,296.41,2.0,N,0
18.35471,79.25748,308.87,0.42,0.38,2023-05-28,2011,N20,VIIRS,n,2,296.44,0.81,N,0
18.4284,79.42136,306.88,0.42,0.37,2023-05-28,2011,N20,VIIRS,n,2,294.26,0.64,N,0
18.43887,79.32648,309.62,0.42,0.38,2023-05-28,2011,N20,VIIRS,n,2,294.87,0.38,N,0
18.49574,79.41555,312.36,0.42,0.37,2023-05-28,2011,N20,VIIRS,n,2,294.88,3.09,N,0
18.62376,79.64223,309.05,0.41,0.37,2023-05-28,2011,N20,VIIRS,n,2,295.62,0.54,N,0
18.71018,79.55264,309.91,0.41,0.37,2023-05-28,2011,N20,VIIRS,n,2,296.61,0.68,N,0
18.71931,79.53815,315.46,0.42,0.37,2023-05-28,2011,N20,VIIRS,n,2,297.31,4.67,N,2
18.72272,79.53871,317.99,0.42,0.37,2023-05-28,2011,N20,VIIRS,n,2,298.0,4.83,N,2
18.73756,79.5331,315.33,0.42,0.37,2023-05-28,2011,N20,VIIRS,n,2,297.01,4.26,N,2
19.37541,80.57342,310.06,0.39,0.37,2023-05-28,2011,N20,VIIRS,n,2,294.47,2.25,N,0
19.37875,80.57399,307.62,0.39,0.37,2023-05-28,2011,N20,VIIRS,n,2,294.24,2.25,N,0
19.39655,80.56926,308.42,0.39,0.37,2023-05-28,2011,N20,VIIRS,n,2,294.09,3.84,N,0
19.57859,80.53022,305.81,0.4,0.37,2023-05-28,2011,N20,VIIRS,n,2,291.82,3.27,N,0
19.67688,79.39793,312.71,0.43,0.38,2023-05-28,2011,N20,VIIRS,n,2,294.93,3.31,N,0
19.72285,79.17545,312.43,0.44,0.38,2023-05-28,2011,N20,VIIRS,n,2,297.3,2.41,N,2
19.72626,80.85966,305.4,0.39,0.36,2023-05-28,2011,N20,VIIRS,n,2,293.37,1.64,N,0
19.75769,80.83059,306.12,0.39,0.36,2023-05-28,2011,N20,VIIRS,n,2,294.12,1.43,N,0
19.75825,80.82684,307.11,0.39,0.36,2023-05-28,2011,N20,VIIRS,n,2,294.78,2.05,N,0
19.81911,79.23605,311.79,0.43,0.38,2023-05-28,2011,N20,VIIRS,n,2,296.08,6.37,N,0
19.85076,80.82361,306.65,0.39,0.36,2023-05-28,2011,N20,VIIRS,n,2,294.64,1.41,N,0
19.99638,79.07919,313.0,0.44,0.38,2023-05-28,2011,N20,VIIRS,n,2,297.44,2.92,N,0
19.99991,79.07975,315.13,0.44,0.38,2023-05-28,2011,N20,VIIRS,n,2,297.1,2.92,N,0
16.17206,80.55205,312.22,0.39,0.36,2023-05-28,2012,N20,VIIRS,n,2,294.92,1.47,N,0
16.20321,80.57169,304.68,0.39,0.36,2023-05-28,2012,N20,VIIRS,n,2,294.62,1.04,N,0
16.23982,80.70611,307.9,0.38,0.36,2023-05-28,2012,N20,VIIRS,n,2,295.26,1.38,N,0
16.37849,80.6451,314.85,0.39,0.36,2023-05-28,2012,N20,VIIRS,n,2,294.29,1.92,N,0
16.37905,80.64153,308.01,0.39,0.36,2023-05-28,2012,N20,VIIRS,n,2,294.32,2.05,N,0
16.38291,80.6385,314.69,0.39,0.36,2023-05-28,2012,N20,VIIRS,n,2,294.16,1.94,N,0
15.51687,80.17561,334.18,0.33,0.55,2023-05-29,721,N20,VIIRS,n,2,296.79,1.58,D,0
15.51791,80.17695,334.94,0.33,0.55,2023-05-29,721,N20,VIIRS,n,2,296.72,2.05,D,0
15.53189,80.17254,356.05,0.33,0.55,2023-05-29,721,N20,VIIRS,n,2,296.84,6.29,D,0
15.53249,80.17554,333.98,0.33,0.55,2023-05-29,721,N20,VIIRS,n,2,296.24,5.39,D,0
15.59513,78.58907,331.78,0.42,0.61,2023-05-29,721,N20,VIIRS,n,2,298.67,2.71,D,0
15.73628,78.52814,331.41,0.42,0.61,2023-05-29,721,N20,VIIRS,n,2,298.14,3.55,D,0
15.89276,80.05598,331.21,0.33,0.55,2023-05-29,721,N20,VIIRS,n,2,295.79,1.91,D,0
15.89384,78.1294,349.89,0.44,0.63,2023-05-29,721,N20,VIIRS,n,2,299.1,5.77,D,0
16.02933,78.5325,335.78,0.41,0.61,2023-05-29,721,N20,VIIRS,n,2,295.04,2.92,D,0
16.05509,77.92534,331.88,0.45,0.63,2023-05-29,721,N20,VIIRS,n,2,293.57,1.81,D,0
16.14866,80.58274,330.25,0.6,0.53,2023-05-29,721,N20,VIIRS,n,2,298.17,3.62,D,0
16.14928,80.69109,337.2,0.59,0.53,2023-05-29,721,N20,VIIRS,n,2,299.38,6.45,D,0
16.15029,80.41802,337.88,0.62,0.54,2023-05-29,721,N20,VIIRS,n,2,296.84,4.01,D,0
16.15088,80.95695,336.01,0.57,0.52,2023-05-29,721,N20,VIIRS,n,2,296.83,3.73,D,0
16.15201,80.58075,351.14,0.6,0.53,2023-05-29,721,N20,VIIRS,n,2,297.76,10.67,D,0
16.15348,80.58176,344.72,0.6,0.53,2023-05-29,721,N20,VIIRS,n,2,297.87,6.7,D,0
16.16607,80.65218,332.34,0.6,0.53,2023-05-29,721,N20,VIIRS,n,2,296.98,2.92,D,0
16.16945,80.69258,330.15,0.59,0.53,2023-05-29,721,N20,VIIRS,n,2,299.21,3.97,D,0
16.1725,80.68488,343.17,0.59,0.53,2023-05-29,721,N20,VIIRS,n,2,298.54,8.82,D,0
16.17307,80.43098,336.4,0.62,0.54,2023-05-29,721,N20,VIIRS,n,2,296.18,5.77,D,0
16.1732,80.68615,340.99,0.59,0.53,2023-05-29,721,N20,VIIRS,n,2,298.5,5.32,D,0
16.17676,80.70657,333.84,0.59,0.53,2023-05-29,721,N20,VIIRS,n,2,299.18,3.4,D,0
16.17731,80.70791,332.14,0.59,0.53,2023-05-29,721,N20,VIIRS,n,2,298.8,3.12,D,0
16.17887,80.76781,338.27,0.58,0.52,2023-05-29,721,N20,VIIRS,n,2,297.7,5.11,D,0
16.17899,80.76933,338.86,0.59,0.52,2023-05-29,721,N20,VIIRS,n,2,298.0,6.67,D,0
16.18366,80.71642,336.65,0.59,0.53,2023-05-29,721,N20,VIIRS,n,2,298.05,3.61,D,0
16.18412,80.71777,343.34,0.59,0.53,2023-05-29,721,N20,VIIRS,n,2,298.5,4.99,D,0
16.18418,80.64278,334.59,0.6,0.53,2023-05-29,721,N20,VIIRS,n,2,298.8,4.66,D,0
16.18472,80.67106,343.02,0.59,0.53,2023-05-29,721,N20,VIIRS,n,2,297.92,7.69,D,0
16.18843,80.71545,332.01,0.59,0.53,2023-05-29,721,N20,VIIRS,n,2,298.13,2.85,D,0
16.20114,80.72969,334.65,0.59,0.53,2023-05-29,721,N20,VIIRS,n,2,298.7,7.32,D,0
16.20394,80.56431,334.64,0.6,0.53,2023-05-29,721,N20,VIIRS,n,2,298.54,7.25,D,0
16.20501,80.56984,346.91,0.6,0.53,2023-05-29,721,N20,VIIRS,n,2,299.57,7.25,D,0
16.20608,80.57537,331.62,0.6,0.53,2023-05-29,721,N20,VIIRS,n,2,297.82,7.54,D,0
16.20876,80.5633,342.86,0.6,0.53,2023-05-29,721,N20,VIIRS,n,2,298.16,15.02,D,0
16.20983,80.56884,348.77,0.6,0.53,2023-05-29,721,N20,VIIRS,n,2,300.36,15.02,D,0
16.22452,80.69676,330.77,0.59,0.53,2023-05-29,721,N20,VIIRS,n,2,299.09,5.06,D,0
16.22721,80.68493,336.44,0.59,0.53,2023-05-29,721,N20,VIIRS,n,2,298.62,4.81,D,0
16.22847,80.49346,332.8,0.61,0.53,2023-05-29,721,N20,VIIRS,n,2,297.76,5.33,D,0
16.22869,80.48392,332.09,0.61,0.53,2023-05-29,721,N20,VIIRS,n,2,298.0,3.03,D,0
16.23109,80.48126,342.63,0.61,0.53,2023-05-29,721,N20,VIIRS,n,2,297.78,6.55,D,0
16.23353,80.48291,337.23,0.61,0.53,2023-05-29,721,N20,VIIRS,n,2,297.16,3.74,D,0
16.24529,80.67556,343.3,0.59,0.53,2023-05-29,721,N20,VIIRS,n,2,298.45,6.65,D,0
16.24633,80.68098,345.71,0.59,0.53,2023-05-29,721,N20,VIIRS,n,2,297.73,9.6,D,0
16.25119,80.03564,335.04,0.33,0.55,2023-05-29,721,N20,VIIRS,n,2,297.41,1.83,D,0
16.25136,80.03651,332.59,0.33,0.55,2023-05-29,721,N20,VIIRS,n,2,297.03,1.62,D,0
16.25675,80.605,331.6,0.6,0.53,2023-05-29,721,N20,VIIRS,n,2,298.13,5.38,D,0
16.26002,80.60209,335.71,0.6,0.53,2023-05-29,721,N20,VIIRS,n,2,297.32,4.98,D,0
16.28229,80.51133,356.07,0.61,0.53,2023-05-29,721,N20,VIIRS,n,2,298.12,16.47,D,0
16.29843,80.64539,331.9,0.59,0.53,2023-05-29,721,N20,VIIRS,n,2,297.71,4.71,D,0
16.29949,80.65081,342.24,0.59,0.53,2023-05-29,721,N20,VIIRS,n,2,297.71,6.52,D,0
16.31691,80.7148,330.57,0.59,0.53,2023-05-29,721,N20,VIIRS,n,2,298.73,5.26,D,0
16.31796,80.72018,345.44,0.59,0.53,2023-05-29,721,N20,VIIRS,n,2,299.0,5.26,D,0
16.319,80.72558,333.01,0.59,0.52,2023-05-29,721,N20,VIIRS,n,2,297.8,3.21,D,0
16.32032,77.63423,330.73,0.47,0.64,2023-05-29,721,N20,VIIRS,n,2,295.89,2.39,D,0
16.35063,80.60621,333.78,0.6,0.53,2023-05-29,721,N20,VIIRS,n,2,298.15,3.32,D,0
16.35585,80.63352,330.05,0.59,0.53,2023-05-29,721,N20,VIIRS,n,2,298.32,2.03,D,0
16.35929,80.60291,331.18,0.59,0.53,2023-05-29,721,N20,VIIRS,n,2,298.15,4.9,D,0
16.35991,80.63115,332.65,0.59,0.53,2023-05-29,721,N20,VIIRS,n,2,299.28,5.67,D,0
16.36104,80.66071,343.06,0.59,0.53,2023-05-29,721,N20,VIIRS,n,2,298.2,4.25,D,0
16.36238,80.56805,332.2,0.6,0.53,2023-05-29,721,N20,VIIRS,n,2,298.6,3.04,D,0
16.36355,80.56926,336.88,0.6,0.53,2023-05-29,721,N20,VIIRS,n,2,298.44,2.71,D,0
16.36421,80.65287,337.95,0.59,0.53,2023-05-29,721,N20,VIIRS,n,2,298.08,5.94,D,0
16.36478,80.65431,343.54,0.59,0.53,2023-05-29,721,N20,VIIRS,n,2,298.42,6.93,D,0
16.36529,80.65829,337.95,0.59,0.53,2023-05-29,721,N20,VIIRS,n,2,298.26,5.94,D,0
16.36581,80.65973,334.1,0.59,0.53,2023-05-29,721,N20,VIIRS,n,2,297.82,8.4,D,0
16.36718,80.56707,330.78,0.6,0.53,2023-05-29,721,N20,VIIRS,n,2,298.07,2.81,D,0
16.37113,80.66272,332.41,0.59,0.53,2023-05-29,721,N20,VIIRS,n,2,297.88,3.75,D,0
16.47855,77.97829,338.53,0.44,0.62,2023-05-29,721,N20,VIIRS,n,2,296.62,3.54,D,0
16.48194,77.97823,338.31,0.44,0.63,2023-05-29,721,N20,VIIRS,n,2,296.78,3.18,D,0
16.53953,77.50106,332.99,0.47,0.64,2023-05-29,721,N20,VIIRS,n,2,298.49,3.45,D,0
16.56957,80.69096,350.71,0.58,0.52,2023-05-29,721,N20,VIIRS,n,2,299.57,23.8,D,0
16.6643,81.33816,336.24,0.53,0.5,2023-05-29,721,N20,VIIRS,n,2,297.09,3.66,D,0
16.74288,81.20325,332.53,0.53,0.5,2023-05-29,721,N20,VIIRS,n,2,298.32,3.94,D,0
16.79076,79.69883,336.58,0.34,0.56,2023-05-29,721,N20,VIIRS,n,2,300.12,3.68,D,0
16.82298,79.91347,340.51,0.32,0.55,2023-05-29,721,N20,VIIRS,n,2,300.28,2.14,D,0
16.82736,79.39025,332.61,0.35,0.57,2023-05-29,721,N20,VIIRS,n,2,299.49,1.58,D,0
16.85622,79.7688,334.93,0.33,0.55,2023-05-29,721,N20,VIIRS,n,2,300.16,1.66,D,0
16.88517,77.7422,354.33,0.45,0.63,2023-05-29,721,N20,VIIRS,n,2,298.87,10.98,D,0
16.88603,77.7464,367.0,0.45,0.63,2023-05-29,721,N20,VIIRS,h,2,295.89,10.98,D,0
16.88716,77.74347,367.0,0.45,0.63,2023-05-29,721,N20,VIIRS,h,2,298.96,19.97,D,0
16.88846,77.72164,331.21,0.45,0.63,2023-05-29,721,N20,VIIRS,n,2,298.03,3.33,D,0
16.89234,79.68802,341.27,0.33,0.56,2023-05-29,721,N20,VIIRS,n,2,298.75,1.24,D,0
16.9046,79.82796,338.15,0.33,0.55,2023-05-29,721,N20,VIIRS,n,2,299.08,1.72,D,0
16.91355,77.58588,332.27,0.46,0.64,2023-05-29,721,N20,VIIRS,n,2,296.22,1.63,D,0
16.91583,79.64762,367.0,0.34,0.56,2023-05-29,721,N20,VIIRS,h,2,299.88,8.12,D,0
16.92088,79.64658,349.51,0.34,0.56,2023-05-29,721,N20,VIIRS,n,2,300.25,5.48,D,0
16.94161,80.36248,331.3,0.6,0.53,2023-05-29,721,N20,VIIRS,n,2,298.84,5.58,D,0
16.95641,80.1396,334.06,0.62,0.54,2023-05-29,721,N20,VIIRS,n,2,298.23,3.11,D,0
16.9668,80.25839,333.0,0.61,0.54,2023-05-29,721,N20,VIIRS,n,2,299.97,5.23,D,0
16.96924,80.25511,341.72,0.61,0.53,2023-05-29,721,N20,VIIRS,n,2,298.78,4.58,D,0
16.97506,80.02733,333.63,0.63,0.54,2023-05-29,721,N20,VIIRS,n,2,299.92,4.22,D,0
16.97969,79.89336,353.05,0.32,0.55,2023-05-29,721,N20,VIIRS,n,2,300.29,5.41,D,0
16.98892,79.7839,341.42,0.33,0.55,2023-05-29,721,N20,VIIRS,n,2,299.29,2.58,D,0
17.00822,80.29943,348.71,0.61,0.53,2023-05-29,721,N20,VIIRS,n,2,299.22,31.42,D,0
17.01787,79.64082,336.53,0.33,0.56,2023-05-29,721,N20,VIIRS,n,2,299.7,1.91,D,0
17.02199,80.00539,343.67,0.63,0.54,2023-05-29,721,N20,VIIRS,n,2,300.66,6.21,D,0
17.02273,80.00358,333.86,0.63,0.54,2023-05-29,721,N20,VIIRS,n,2,300.2,8.6,D,0
17.03129,79.70868,348.14,0.33,0.55,2023-05-29,721,N20,VIIRS,n,2,300.93,3.77,D,0
17.03894,79.98203,333.19,0.64,0.54,2023-05-29,721,N20,VIIRS,n,2,300.55,4.67,D,0
17.0435,79.74413,332.35,0.33,0.55,2023-05-29,721,N20,VIIRS,n,2,299.47,1.92,D,0
17.0609,79.80613,330.98,0.33,0.55,2023-05-29,721,N20,VIIRS,n,2,298.02,0.77,D,0
17.08602,80.11646,343.27,0.62,0.54,2023-05-29,721,N20,VIIRS,n,2,298.66,4.58,D,0
17.09321,79.78582,335.43,0.33,0.55,2023-05-29,721,N20,VIIRS,n,2,295.96,0.51,D,0
17.12056,79.87032,333.22,0.32,0.55,2023-05-29,721,N20,VIIRS,n,2,299.5,1.81,D,0
17.12115,79.87327,336.39,0.32,0.55,2023-05-29,721,N20,VIIRS,n,2,300.3,1.81,D,0
17.14735,79.90125,332.46,0.32,0.55,2023-05-29,721,N20,VIIRS,n,2,298.47,1.01,D,0
17.16898,80.31451,330.08,0.6,0.53,2023-05-29,721,N20,VIIRS,n,2,297.76,2.62,D,0
17.17378,80.31349,330.98,0.6,0.53,2023-05-29,721,N20,VIIRS,n,2,297.44,2.62,D,0
17.17508,80.31472,330.26,0.6,0.53,2023-05-29,721,N20,VIIRS,n,2,297.45,5.68,D,0
17.23448,80.44329,330.34,0.59,0.53,2023-05-29,721,N20,VIIRS,n,2,298.41,1.89,D,0
17.29053,79.15047,340.98,0.36,0.57,2023-05-29,721,N20,VIIRS,n,2,299.07,3.67,D,0
17.29107,80.45407,335.12,0.59,0.52,2023-05-29,721,N20,VIIRS,n,2,298.4,6.77,D,0
17.30266,80.46288,330.29,0.58,0.52,2023-05-29,721,N20,VIIRS,n,2,298.68,2.64,D,0
17.30393,80.36984,336.44,0.59,0.53,2023-05-29,721,N20,VIIRS,n,2,299.22,2.59,D,0
17.30499,80.37177,335.56,0.59,0.53,2023-05-29,721,N20,VIIRS,n,2,299.32,3.93,D,0
17.31835,78.96747,332.6,0.37,0.58,2023-05-29,721,N20,VIIRS,n,2,295.09,1.51,D,0
17.33171,79.0067,331.99,0.36,0.58,2023-05-29,721,N20,VIIRS,n,2,296.55,1.38,D,0
17.33518,79.34226,339.07,0.35,0.56,2023-05-29,721,N20,VIIRS,n,2,299.03,2.37,D,0
17.3715,78.93455,332.79,0.37,0.58,2023-05-29,721,N20,VIIRS,n,2,293.92,2.91,D,0
17.40002,77.97201,342.47,0.42,0.61,2023-05-29,721,N20,VIIRS,n,2,300.24,4.25,D,0
17.40607,79.82207,331.43,0.32,0.55,2023-05-29,721,N20,VIIRS,n,2,297.92,0.42,D,0
17.40663,79.82178,338.06,0.32,0.55,2023-05-29,721,N20,VIIRS,n,2,298.43,1.25,D,0
17.46231,79.19431,330.45,0.35,0.57,2023-05-29,721,N20,VIIRS,n,2,298.49,2.4,D,0
17.5488,79.78109,334.71,0.32,0.55,2023-05-29,721,N20,VIIRS,n,2,298.34,1.84,D,0
17.55763,79.51239,333.19,0.33,0.56,2023-05-29,721,N20,VIIRS,n,2,299.52,2.51,D,0
17.5801,79.7311,334.3,0.32,0.55,2023-05-29,721,N20,VIIRS,n,2,298.16,1.29,D,0
17.60717,79.63361,330.26,0.33,0.55,2023-05-29,721,N20,VIIRS,n,2,298.01,1.03,D,0
17.62347,79.71399,331.06,0.32,0.55,2023-05-29,721,N20,VIIRS,n,2,298.71,1.79,D,0
17.64184,79.41554,335.59,0.34,0.56,2023-05-29,721,N20,VIIRS,n,2,299.53,2.52,D,0
17.66806,79.70448,333.3,0.32,0.55,2023-05-29,721,N20,VIIRS,n,2,298.76,2.31,D,0
17.68469,79.71021,330.5,0.32,0.55,2023-05-29,721,N20,VIIRS,n,2,297.65,1.26,D,0
17.68689,79.53738,331.98,0.33,0.55,2023-05-29,721,N20,VIIRS,n,2,300.62,1.64,D,0
17.69129,79.92381,334.29,0.62,0.54,2023-05-29,721,N20,VIIRS,n,2,299.22,4.46,D,0
17.69264,80.10743,338.78,0.61,0.53,2023-05-29,721,N20,VIIRS,n,2,299.16,4.89,D,0
17.69286,79.62035,332.24,0.33,0.55,2023-05-29,721,N20,VIIRS,n,2,298.64,1.59,D,0
17.69374,80.11292,334.65,0.6,0.53,2023-05-29,721,N20,VIIRS,n,2,299.93,10.42,D,0
17.69471,80.10897,344.52,0.61,0.53,2023-05-29,721,N20,VIIRS,n,2,299.32,11.63,D,0
17.70422,79.73081,330.6,0.32,0.55,2023-05-29,721,N20,VIIRS,n,2,298.21,0.97,D,0
17.71288,81.24378,339.79,0.51,0.49,2023-05-29,721,N20,VIIRS,n,2,296.47,4.91,D,0
17.72342,79.80231,330.47,0.63,0.54,2023-05-29,721,N20,VIIRS,n,2,297.6,1.86,D,0
17.7246,79.80105,331.12,0.63,0.54,2023-05-29,721,N20,VIIRS,n,2,297.36,3.65,D,0
17.74534,79.67465,331.38,0.32,0.55,2023-05-29,721,N20,VIIRS,n,2,300.42,3.24,D,0
17.74543,79.34613,332.0,0.34,0.56,2023-05-29,721,N20,VIIRS,n,2,301.45,2.55,D,0
17.74593,79.6776,332.22,0.32,0.55,2023-05-29,721,N20,VIIRS,n,2,298.64,1.9,D,0
17.7471,79.34385,332.44,0.34,0.56,2023-05-29,721,N20,VIIRS,n,2,300.98,1.69,D,0
17.80316,78.06448,333.65,0.41,0.61,2023-05-29,721,N20,VIIRS,n,2,295.26,2.6,D,0
17.80797,79.62533,333.59,0.32,0.55,2023-05-29,721,N20,VIIRS,n,2,298.07,1.9,D,0
17.82602,79.78931,330.54,0.63,0.54,2023-05-29,721,N20,VIIRS,n,2,298.72,3.6,D,0
17.83029,79.94653,344.43,0.62,0.54,2023-05-29,721,N20,VIIRS,n,2,298.9,7.64,D,0
17.86876,79.61865,340.08,0.32,0.55,2023-05-29,721,N20,VIIRS,n,2,299.63,2.99,D,0
17.8749,79.70088,334.64,0.32,0.55,2023-05-29,721,N20,VIIRS,n,2,299.02,1.25,D,0
17.89226,79.88961,336.48,0.62,0.54,2023-05-29,721,N20,VIIRS,n,2,297.51,2.2,D,0
17.941,78.39571,367.0,0.39,0.59,2023-05-29,721,N20,VIIRS,h,2,300.26,12.89,D,0
17.94175,78.39934,338.89,0.39,0.59,2023-05-29,721,N20,VIIRS,n,2,296.49,6.48,D,0
17.95855,78.39943,330.06,0.39,0.59,2023-05-29,721,N20,VIIRS,n,2,297.23,1.59,D,0
17.98746,78.15161,332.84,0.4,0.6,2023-05-29,721,N20,VIIRS,n,2,292.85,1.9,D,0
17.98824,78.1553,330.72,0.4,0.6,2023-05-29,721,N20,VIIRS,n,2,293.08,1.9,D,0
17.99507,79.49916,331.22,0.33,0.55,2023-05-29,721,N20,VIIRS,n,2,297.38,1.27,D,0
17.99523,79.49763,332.31,0.33,0.55,2023-05-29,721,N20,VIIRS,n,2,297.71,1.06,D,0
18.00426,79.69946,334.88,0.64,0.54,2023-05-29,721,N20,VIIRS,n,2,298.96,4.67,D,0
18.01091,79.68121,336.05,0.32,0.54,2023-05-29,721,N20,VIIRS,n,2,297.73,2.88,D,0
18.01208,79.6871,330.92,0.32,0.54,2023-05-29,721,N20,VIIRS,n,2,298.78,3.94,D,0
18.01791,79.79384,334.85,0.63,0.54,2023-05-29,721,N20,VIIRS,n,2,300.16,10.46,D,0
18.03294,79.73402,333.27,0.63,0.54,2023-05-29,721,N20,VIIRS,n,2,300.09,5.01,D,0
18.04009,79.95664,339.7,0.61,0.53,2023-05-29,721,N20,VIIRS,n,2,298.73,5.12,D,0
18.04957,80.50976,336.53,0.56,0.52,2023-05-29,721,N20,VIIRS,n,2,298.61,5.15,D,0
18.05255,79.72971,331.49,0.63,0.54,2023-05-29,721,N20,VIIRS,n,2,299.18,4.87,D,0
18.06362,79.58105,333.59,0.32,0.55,2023-05-29,721,N20,VIIRS,n,2,298.2,2.7,D,0
18.07577,79.61577,344.88,0.32,0.55,2023-05-29,721,N20,VIIRS,n,2,297.95,3.43,D,0
18.07638,79.61878,332.15,0.32,0.55,2023-05-29,721,N20,VIIRS,n,2,297.7,2.04,D,0
18.08652,79.48831,339.98,0.33,0.55,2023-05-29,721,N20,VIIRS,n,2,297.3,2.27,D,0
18.09107,80.62415,330.2,0.55,0.51,2023-05-29,721,N20,VIIRS,n,2,299.43,2.53,D,0
18.11516,79.71,331.02,0.63,0.54,2023-05-29,721,N20,VIIRS,n,2,297.92,2.55,D,0
18.1276,80.67101,333.07,0.55,0.51,2023-05-29,721,N20,VIIRS,n,2,299.45,3.0,D,0
18.12847,80.66873,331.01,0.55,0.51,2023-05-29,721,N20,VIIRS,n,2,299.37,4.62,D,0
18.13293,79.48664,345.14,0.33,0.55,2023-05-29,721,N20,VIIRS,n,2,297.95,2.78,D,0
18.14613,79.44916,332.51,0.33,0.55,2023-05-29,721,N20,VIIRS,n,2,297.69,5.14,D,0
18.14674,79.45218,343.78,0.33,0.55,2023-05-29,721,N20,VIIRS,n,2,296.93,5.35,D,0
18.14948,80.0351,335.05,0.6,0.53,2023-05-29,721,N20,VIIRS,n,2,299.4,5.84,D,0
18.15111,79.44804,351.07,0.33,0.55,2023-05-29,721,N20,VIIRS,n,2,297.57,5.14,D,0
18.15172,79.45107,353.73,0.33,0.55,2023-05-29,721,N20,VIIRS,n,2,297.02,5.35,D,0
18.1567,79.44996,330.9,0.33,0.55,2023-05-29,721,N20,VIIRS,n,2,297.03,2.77,D,0
18.15878,79.79008,336.3,0.62,0.54,2023-05-29,721,N20,VIIRS,n,2,299.24,3.46,D,0
18.15986,79.4398,338.9,0.33,0.55,2023-05-29,721,N20,VIIRS,n,2,296.82,2.44,D,0
18.16072,79.52139,367.0,0.32,0.55,2023-05-29,721,N20,VIIRS,h,2,298.57,6.32,D,0
18.16171,79.79062,337.71,0.62,0.54,2023-05-29,721,N20,VIIRS,n,2,298.97,3.54,D,0
18.17439,80.11018,338.61,0.59,0.53,2023-05-29,721,N20,VIIRS,n,2,298.55,7.32,D,0
18.18083,79.03242,334.37,0.35,0.57,2023-05-29,721,N20,VIIRS,n,2,297.19,2.26,D,0
18.22379,79.47456,345.38,0.33,0.55,2023-05-29,721,N20,VIIRS,n,2,296.4,3.05,D,0
18.26567,80.42503,341.74,0.56,0.52,2023-05-29,721,N20,VIIRS,n,2,299.77,9.19,D,0
18.26702,79.50869,340.91,0.32,0.55,2023-05-29,721,N20,VIIRS,n,2,296.46,3.24,D,0
18.27198,80.40734,332.83,0.56,0.52,2023-05-29,721,N20,VIIRS,n,2,299.76,6.09,D,0
18.2754,79.94255,338.14,0.61,0.53,2023-05-29,721,N20,VIIRS,n,2,299.22,5.82,D,0
18.27572,80.47685,343.17,0.56,0.51,2023-05-29,721,N20,VIIRS,n,2,300.28,6.86,D,0
18.28021,79.94146,336.34,0.61,0.53,2023-05-29,721,N20,VIIRS,n,2,299.82,5.82,D,0
18.28502,79.94038,332.13,0.61,0.53,2023-05-29,721,N20,VIIRS,n,2,299.21,7.96,D,0
18.29739,79.40131,333.88,0.33,0.55,2023-05-29,721,N20,VIIRS,n,2,295.34,5.38,D,0
18.29799,79.40434,367.0,0.33,0.55,2023-05-29,721,N20,VIIRS,h,2,296.06,4.73,D,0
18.30236,79.40016,367.0,0.33,0.55,2023-05-29,721,N20,VIIRS,h,2,295.39,5.38,D,0
18.30297,79.4032,335.81,0.33,0.55,2023-05-29,721,N20,VIIRS,n,2,294.82,4.73,D,0
18.31049,79.9503,335.41,0.6,0.53,2023-05-29,721,N20,VIIRS,n,2,298.73,2.66,D,0
18.3124,79.95196,331.07,0.6,0.53,2023-05-29,721,N20,VIIRS,n,2,298.69,2.83,D,0
18.08031,78.34169,331.27,0.39,0.59,2023-05-29,722,N20,VIIRS,n,2,297.87,3.85,D,0
18.11475,78.2655,333.06,0.39,0.6,2023-05-29,722,N20,VIIRS,n,2,297.98,2.13,D,0
18.24801,78.72173,332.18,0.36,0.58,2023-05-29,722,N20,VIIRS,n,2,301.04,1.47,D,0
18.27682,79.15,342.63,0.34,0.56,2023-05-29,722,N20,VIIRS,n,2,294.19,3.45,D,0
18.27748,79.15318,342.11,0.34,0.56,2023-05-29,722,N20,VIIRS,n,2,293.11,3.45,D,0
18.30173,78.30501,332.05,0.39,0.59,2023-05-29,722,N20,VIIRS,n,2,294.66,2.81,D,0
18.30197,79.39935,367.0,0.33,0.55,2023-05-29,722,N20,VIIRS,h,2,295.86,8.11,D,0
18.30259,79.40237,345.24,0.33,0.55,2023-05-29,722,N20,VIIRS,n,2,295.54,6.31,D,0
18.31543,78.92065,333.27,0.35,0.57,2023-05-29,722,N20,VIIRS,n,2,300.83,2.54,D,0
18.31684,78.92091,338.15,0.35,0.57,2023-05-29,722,N20,VIIRS,n,2,301.15,2.28,D,0
18.32317,79.29895,334.95,0.33,0.55,2023-05-29,722,N20,VIIRS,n,2,296.61,2.54,D,0
18.33378,79.35097,330.04,0.33,0.55,2023-05-29,722,N20,VIIRS,n,2,296.32,5.26,D,0
18.3344,79.354,367.0,0.33,0.55,2023-05-29,722,N20,VIIRS,h,2,296.83,5.26,D,0
18.33626,78.93676,331.58,0.35,0.57,2023-05-29,722,N20,VIIRS,n,2,300.76,1.27,D,0
18.34334,79.52495,333.5,0.32,0.55,2023-05-29,722,N20,VIIRS,n,2,296.68,1.76,D,0
18.3443,78.97547,332.21,0.35,0.57,2023-05-29,722,N20,VIIRS,n,2,297.24,1.67,D,0
18.3632,78.93733,341.91,0.35,0.57,2023-05-29,722,N20,VIIRS,n,2,299.86,3.02,D,0
18.36807,78.40836,335.08,0.38,0.59,2023-05-29,722,N20,VIIRS,n,2,297.49,2.25,D,0
18.38353,79.39078,341.27,0.33,0.55,2023-05-29,722,N20,VIIRS,n,2,296.65,2.7,D,0
18.38387,79.31439,330.51,0.33,0.55,2023-05-29,722,N20,VIIRS,n,2,296.36,1.4,D,0
18.38414,79.39381,335.45,0.33,0.55,2023-05-29,722,N20,VIIRS,n,2,295.59,2.7,D,0
18.38603,78.89153,338.08,0.35,0.57,2023-05-29,722,N20,VIIRS,n,2,298.83,2.68,D,0
18.39226,78.97457,334.85,0.35,0.57,2023-05-29,722,N20,VIIRS,n,2,299.35,2.29,D,0
18.39502,79.01422,336.77,0.35,0.56,2023-05-29,722,N20,VIIRS,n,2,297.87,1.61,D,0
18.40004,79.5247,332.86,0.32,0.55,2023-05-29,722,N20,VIIRS,n,2,297.52,1.97,D,0
18.40921,79.26413,367.0,0.33,0.56,2023-05-29,722,N20,VIIRS,h,2,293.65,12.52,D,0
18.41486,79.26608,330.65,0.33,0.55,2023-05-29,722,N20,VIIRS,n,2,292.58,2.61,D,0
18.41771,78.2859,330.44,0.39,0.59,2023-05-29,722,N20,VIIRS,n,2,297.85,3.81,D,0
18.4331,79.48347,332.97,0.32,0.55,2023-05-29,722,N20,VIIRS,n,2,295.82,1.73,D,0
18.43343,79.48329,333.61,0.32,0.55,2023-05-29,722,N20,VIIRS,n,2,295.41,3.41,D,0
18.43768,79.50398,341.92,0.32,0.55,2023-05-29,722,N20,VIIRS,n,2,298.26,5.19,D,0
18.44215,79.50313,338.1,0.32,0.55,2023-05-29,722,N20,VIIRS,n,2,297.23,4.56,D,0
18.44806,79.06596,340.54,0.34,0.56,2023-05-29,722,N20,VIIRS,n,2,298.28,4.71,D,0
18.471,79.33647,333.28,0.33,0.55,2023-05-29,722,N20,VIIRS,n,2,297.36,1.91,D,0
18.486,79.33329,345.75,0.33,0.55,2023-05-29,722,N20,VIIRS,n,2,296.01,3.21,D,0
18.52666,78.90665,333.56,0.35,0.57,2023-05-29,722,N20,VIIRS,n,2,301.63,3.2,D,0
18.53036,78.90693,367.0,0.35,0.57,2023-05-29,722,N20,VIIRS,h,2,301.49,6.56,D,0
18.53179,78.90555,355.91,0.35,0.57,2023-05-29,722,N20,VIIRS,n,2,301.45,3.2,D,0
18.53547,79.24513,331.44,0.33,0.55,2023-05-29,722,N20,VIIRS,n,2,296.24,2.68,D,0
18.5361,79.24821,347.43,0.33,0.55,2023-05-29,722,N20,VIIRS,n,2,297.02,2.68,D,0
18.53624,78.90121,330.35,0.35,0.57,2023-05-29,722,N20,VIIRS,l,2,301.76,1.16,D,0
18.54295,79.28177,332.23,0.33,0.55,2023-05-29,722,N20,VIIRS,n,2,296.67,3.02,D,0
18.55365,79.0752,330.06,0.34,0.56,2023-05-29,722,N20,VIIRS,n,2,297.58,1.27,D,0
18.55669,78.63474,334.78,0.36,0.58,2023-05-29,722,N20,VIIRS,n,2,299.0,2.64,D,0
18.56061,79.00426,331.32,0.34,0.56,2023-05-29,722,N20,VIIRS,n,2,298.68,1.21,D,0
18.56977,78.35748,339.12,0.38,0.59,2023-05-29,722,N20,VIIRS,n,2,300.78,2.34,D,0
18.58243,79.24432,346.6,0.33,0.55,2023-05-29,722,N20,VIIRS,n,2,296.32,2.67,D,0
18.59956,80.43498,332.51,0.55,0.51,2023-05-29,722,N20,VIIRS,n,2,301.82,2.65,D,0
18.6042,80.43399,341.83,0.55,0.51,2023-05-29,722,N20,VIIRS,n,2,300.23,2.65,D,0
18.62132,79.33609,331.62,0.33,0.55,2023-05-29,722,N20,VIIRS,n,2,296.56,1.98,D,0
18.62435,79.2496,336.51,0.33,0.55,2023-05-29,722,N20,VIIRS,n,2,296.13,1.7,D,0
18.63671,79.9146,338.63,0.6,0.53,2023-05-29,722,N20,VIIRS,n,2,302.24,5.19,D,0
18.63672,79.91902,333.64,0.6,0.53,2023-05-29,722,N20,VIIRS,n,2,301.94,3.72,D,0
18.63685,79.23404,337.39,0.33,0.55,2023-05-29,722,N20,VIIRS,n,2,296.38,2.04,D,0
18.65595,79.81525,336.18,0.61,0.53,2023-05-29,722,N20,VIIRS,n,2,300.55,4.13,D,0
18.67458,79.36795,331.95,0.32,0.55,2023-05-29,722,N20,VIIRS,n,2,297.64,1.1,D,0
18.69031,79.68298,339.15,0.62,0.54,2023-05-29,722,N20,VIIRS,n,2,300.02,11.2,D,0
18.69218,79.68078,340.44,0.62,0.54,2023-05-29,722,N20,VIIRS,n,2,299.06,9.63,D,0
18.69268,79.8482,335.64,0.6,0.53,2023-05-29,722,N20,VIIRS,n,2,301.86,4.45,D,0
18.69349,79.66234,330.37,0.62,0.54,2023-05-29,722,N20,VIIRS,n,2,296.06,8.83,D,0
18.69662,79.66344,344.96,0.62,0.54,2023-05-29,722,N20,VIIRS,n,2,297.99,4.78,D,0
18.69955,79.66711,343.27,0.62,0.54,2023-05-29,722,N20,VIIRS,n,2,297.56,8.83,D,0
18.70149,79.66242,333.35,0.62,0.54,2023-05-29,722,N20,VIIRS,n,2,298.77,4.78,D,0
18.70263,79.66823,335.18,0.62,0.54,2023-05-29,722,N20,VIIRS,n,2,297.41,9.08,D,0
18.72134,78.12209,333.55,0.39,0.59,2023-05-29,722,N20,VIIRS,n,2,300.68,2.77,D,0
18.72172,79.34463,334.43,0.32,0.55,2023-05-29,722,N20,VIIRS,n,2,297.81,1.86,D,0
18.73871,78.80737,338.34,0.35,0.57,2023-05-29,722,N20,VIIRS,n,2,299.35,1.97,D,0
18.73989,78.80608,348.86,0.35,0.57,2023-05-29,722,N20,VIIRS,n,2,299.66,5.05,D,0
18.74808,78.79383,332.67,0.35,0.57,2023-05-29,722,N20,VIIRS,n,2,299.39,0.94,D,0
18.77683,78.593,338.03,0.36,0.58,2023-05-29,722,N20,VIIRS,n,2,303.45,3.09,D,0
18.77763,78.3619,332.91,0.38,0.58,2023-05-29,722,N20,VIIRS,n,2,302.01,0.71,D,0
18.79755,78.79935,337.49,0.35,0.57,2023-05-29,722,N20,VIIRS,n,2,299.23,2.58,D,0
18.79804,78.22092,334.38,0.38,0.59,2023-05-29,722,N20,VIIRS,n,2,299.52,1.61,D,0
18.79823,78.80263,335.64,0.35,0.57,2023-05-29,722,N20,VIIRS,n,2,299.4,2.58,D,0
18.79844,78.64202,337.36,0.36,0.57,2023-05-29,722,N20,VIIRS,n,2,299.98,2.78,D,0
18.80261,78.63949,351.68,0.36,0.57,2023-05-29,722,N20,VIIRS,n,2,301.95,4.03,D,0
18.80291,78.63749,339.55,0.36,0.57,2023-05-29,722,N20,VIIRS,n,2,301.71,2.78,D,0
18.80329,78.64281,343.41,0.36,0.57,2023-05-29,722,N20,VIIRS,n,2,301.35,4.03,D,0
18.80361,78.64082,340.39,0.36,0.57,2023-05-29,722,N20,VIIRS,n,2,301.77,2.78,D,0
18.80431,78.64414,342.3,0.36,0.57,2023-05-29,722,N20,VIIRS,n,2,300.81,3.31,D,0
18.80766,78.60855,334.63,0.36,0.57,2023-05-29,722,N20,VIIRS,n,2,303.15,1.69,D,0
18.8078,78.71798,332.45,0.36,0.57,2023-05-29,722,N20,VIIRS,n,2,301.21,1.84,D,0
18.8085,78.2445,335.37,0.38,0.59,2023-05-29,722,N20,VIIRS,n,2,303.13,3.4,D,0
18.81225,78.79249,333.95,0.35,0.57,2023-05-29,722,N20,VIIRS,n,2,298.75,1.72,D,0
18.81361,78.72006,338.19,0.36,0.57,2023-05-29,722,N20,VIIRS,n,2,301.28,3.33,D,0
18.81447,78.71787,334.06,0.35,0.57,2023-05-29,722,N20,VIIRS,n,2,300.59,1.4,D,0
18.81516,78.72116,332.18,0.35,0.57,2023-05-29,722,N20,VIIRS,n,2,300.34,1.4,D,0
18.82273,78.94818,336.16,0.34,0.56,2023-05-29,722,N20,VIIRS,n,2,298.48,1.56,D,0
18.82302,78.87146,330.57,0.35,0.56,2023-05-29,722,N20,VIIRS,n,2,300.02,2.46,D,0
18.82732,78.10854,331.43,0.39,0.59,2023-05-29,722,N20,VIIRS,n,2,300.22,2.75,D,0
18.8278,78.94702,335.88,0.34,0.56,2023-05-29,722,N20,VIIRS,n,2,299.44,2.24,D,0
18.84445,79.00261,330.49,0.34,0.56,2023-05-29,722,N20,VIIRS,n,2,298.67,2.36,D,0
18.85363,78.31095,333.17,0.38,0.58,2023-05-29,722,N20,VIIRS,n,2,301.89,1.81,D,0
18.85432,78.41273,335.92,0.37,0.58,2023-05-29,722,N20,VIIRS,n,2,301.31,1.7,D,0
18.8555,78.3111,335.23,0.38,0.59,2023-05-29,722,N20,VIIRS,n,2,301.96,2.55,D,0
18.8557,78.70867,344.03,0.35,0.57,2023-05-29,722,N20,VIIRS,n,2,302.26,6.69,D,0
18.85784,79.06839,332.58,0.34,0.56,2023-05-29,722,N20,VIIRS,n,2,297.79,1.41,D,0
18.86083,78.70744,355.55,0.35,0.57,2023-05-29,722,N20,VIIRS,n,2,304.84,6.69,D,0
18.86154,78.71082,335.93,0.35,0.57,2023-05-29,722,N20,VIIRS,n,2,302.34,6.69,D,0
18.8645,78.43554,331.66,0.37,0.58,2023-05-29,722,N20,VIIRS,n,2,299.57,1.71,D,0
18.91493,78.52302,367.0,0.36,0.58,2023-05-29,722,N20,VIIRS,h,2,303.37,10.93,D,0
18.91937,78.14726,344.9,0.39,0.59,2023-05-29,722,N20,VIIRS,n,2,301.69,4.04,D,0
18.92036,78.4184,336.04,0.37,0.58,2023-05-29,722,N20,VIIRS,n,2,303.75,0.74,D,0
18.92233,78.14699,336.62,0.38,0.59,2023-05-29,722,N20,VIIRS,n,2,300.66,2.87,D,0
18.93298,78.42626,339.82,0.37,0.58,2023-05-29,722,N20,VIIRS,n,2,303.61,3.7,D,0
18.9429,80.30692,331.8,0.56,0.51,2023-05-29,722,N20,VIIRS,l,2,302.13,4.62,D,0
18.94506,79.19151,335.81,0.33,0.55,2023-05-29,722,N20,VIIRS,n,2,299.67,3.83,D,0
18.94529,78.45914,340.9,0.37,0.58,2023-05-29,722,N20,VIIRS,n,2,302.3,2.84,D,0
18.9505,78.45789,338.21,0.37,0.58,2023-05-29,722,N20,VIIRS,n,2,300.85,2.84,D,0
19.0153,78.42896,339.02,0.37,0.58,2023-05-29,722,N20,VIIRS,n,2,302.48,1.1,D,0
19.03242,78.4323,333.22,0.37,0.58,2023-05-29,722,N20,VIIRS,n,2,301.89,1.1,D,0
19.04021,78.46957,332.58,0.36,0.58,2023-05-29,722,N20,VIIRS,n,2,301.87,2.74,D,0
19.06656,78.43871,338.95,0.37,0.58,2023-05-29,722,N20,VIIRS,n,2,302.65,1.5,D,0
19.06874,77.98038,342.6,0.39,0.59,2023-05-29,722,N20,VIIRS,n,2,301.17,5.19,D,0
19.08341,77.91589,339.2,0.4,0.6,2023-05-29,722,N20,VIIRS,n,2,304.38,6.68,D,0
19.10259,78.16837,333.11,0.38,0.59,2023-05-29,722,N20,VIIRS,n,2,300.77,1.95,D,0
19.11067,78.91165,336.38,0.34,0.56,2023-05-29,722,N20,VIIRS,n,2,299.74,2.63,D,0
19.11164,78.1851,334.53,0.38,0.59,2023-05-29,722,N20,VIIRS,n,2,301.26,1.96,D,0
19.11237,78.18858,336.69,0.38,0.59,2023-05-29,722,N20,VIIRS,n,2,299.32,1.96,D,0
19.13987,78.24089,355.46,0.38,0.58,2023-05-29,722,N20,VIIRS,n,2,303.59,14.4,D,0
19.14058,78.24431,335.54,0.38,0.58,2023-05-29,722,N20,VIIRS,n,2,301.1,9.39,D,0
19.14818,78.13065,348.77,0.38,0.59,2023-05-29,722,N20,VIIRS,n,2,302.96,5.5,D,0
19.18218,78.15981,330.58,0.38,0.59,2023-05-29,722,N20,VIIRS,l,2,300.82,1.39,D,0
19.1849,81.26084,331.4,0.48,0.48,2023-05-29,722,N20,VIIRS,n,2,300.42,5.09,D,0
19.19094,81.26883,334.7,0.48,0.48,2023-05-29,722,N20,VIIRS,n,2,300.28,5.83,D,0
19.19624,78.22636,331.71,0.38,0.58,2023-05-29,722,N20,VIIRS,l,2,301.83,1.29,D,0
19.20955,78.26331,331.82,0.37,0.58,2023-05-29,722,N20,VIIRS,l,2,302.47,2.93,D,0
19.21555,78.26562,337.73,0.37,0.58,2023-05-29,722,N20,VIIRS,n,2,302.33,2.93,D,0
19.23222,78.23994,333.7,0.37,0.58,2023-05-29,722,N20,VIIRS,n,2,302.13,1.64,D,0
19.24805,78.23647,330.51,0.37,0.58,2023-05-29,722,N20,VIIRS,l,2,301.8,2.58,D,0
19.24902,80.90489,340.44,0.5,0.49,2023-05-29,722,N20,VIIRS,n,2,299.65,17.46,D,0
19.24992,80.90964,353.42,0.5,0.49,2023-05-29,722,N20,VIIRS,n,2,296.35,17.46,D,0
19.2519,80.90543,355.46,0.5,0.49,2023-05-29,722,N20,VIIRS,n,2,293.28,12.79,D,0
19.60349,78.42716,333.94,0.36,0.57,2023-05-29,722,N20,VIIRS,l,2,304.3,2.31,D,0
19.63656,79.90697,333.45,0.57,0.52,2023-05-29,722,N20,VIIRS,n,2,302.68,4.21,D,0
19.6668,78.49142,353.98,0.35,0.57,2023-05-29,722,N20,VIIRS,n,2,304.88,4.82,D,0
19.67672,81.05135,332.55,0.48,0.48,2023-05-29,722,N20,VIIRS,n,2,299.12,3.13,D,0
19.72185,80.86184,332.91,0.5,0.49,2023-05-29,722,N20,VIIRS,n,2,296.97,3.61,D,0
19.77959,79.8793,341.03,0.57,0.52,2023-05-29,722,N20,VIIRS,n,2,302.54,2.81,D,0
19.8431,80.9007,339.93,0.49,0.49,2023-05-29,722,N20,VIIRS,n,2,296.91,5.5,D,0
19.87457,80.82608,353.34,0.5,0.49,2023-05-29,722,N20,VIIRS,n,2,297.37,20.73,D,0
19.89901,80.5084,338.83,0.52,0.5,2023-05-29,722,N20,VIIRS,n,2,301.2,7.51,D,0
19.92863,80.49163,335.13,0.52,0.5,2023-05-29,722,N20,VIIRS,n,2,300.53,3.8,D,0
19.94957,79.88219,338.49,0.57,0.52,2023-05-29,722,N20,VIIRS,n,2,302.38,6.21,D,0
16.44772,77.43499,330.4,0.77,0.77,2023-05-29,902,N20,VIIRS,n,2,293.39,1.31,D,0
16.93625,80.16679,325.67,0.43,0.46,2023-05-29,1952,N20,VIIRS,n,2,292.77,2.29,N,0
16.9372,80.16924,314.97,0.43,0.46,2023-05-29,1952,N20,VIIRS,n,2,292.63,1.37,N,0
16.9377,80.16525,309.04,0.43,0.46,2023-05-29,1952,N20,VIIRS,n,2,292.19,1.13,N,0
17.46405,80.65591,314.32,0.4,0.44,2023-05-29,1952,N20,VIIRS,n,2,293.06,2.57,N,0
17.58554,80.3163,318.41,0.42,0.46,2023-05-29,1952,N20,VIIRS,n,2,294.38,6.06,N,0
17.63855,78.56882,314.42,0.55,0.51,2023-05-29,1952,N20,VIIRS,n,2,289.05,2.02,N,0
17.93412,78.66428,305.57,0.55,0.51,2023-05-29,1952,N20,VIIRS,n,2,290.94,1.14,N,0
17.93881,78.66488,306.2,0.55,0.51,2023-05-29,1952,N20,VIIRS,n,2,290.86,1.14,N,0
18.00118,79.7737,308.44,0.47,0.47,2023-05-29,1952,N20,VIIRS,n,2,283.91,1.22,N,0
18.52383,79.51662,304.03,0.49,0.49,2023-05-29,1952,N20,VIIRS,n,2,281.8,1.4,N,0
18.52836,79.38123,317.9,0.5,0.49,2023-05-29,1952,N20,VIIRS,n,2,289.67,4.4,N,0
18.54168,79.51914,307.63,0.49,0.49,2023-05-29,1952,N20,VIIRS,n,2,282.58,1.61,N,0
18.56826,79.20636,318.8,0.51,0.5,2023-05-29,1952,N20,VIIRS,n,2,287.19,2.71,N,0
18.56929,79.20403,316.66,0.52,0.5,2023-05-29,1952,N20,VIIRS,n,2,287.05,3.52,N,0
18.66508,79.32955,309.3,0.51,0.49,2023-05-29,1952,N20,VIIRS,n,2,289.09,2.51,N,0
18.66632,79.33041,315.15,0.51,0.49,2023-05-29,1952,N20,VIIRS,n,2,289.2,3.72,N,0
18.69506,79.55003,310.75,0.49,0.49,2023-05-29,1952,N20,VIIRS,n,2,290.73,1.41,N,0
18.73613,79.53467,309.46,0.49,0.49,2023-05-29,1952,N20,VIIRS,n,2,292.52,1.59,N,2
18.73811,79.53222,309.99,0.49,0.49,2023-05-29,1952,N20,VIIRS,n,2,292.13,1.5,N,2
