latitude,longitude,bright_ti4,scan,track,acq_date,acq_time,satellite,instrument,confidence,version,bright_ti5,frp,daynight,type
15.50026,79.22064,341.15,0.45,0.39,2024-03-20,810,N20,VIIRS,n,2,306.33,6.11,D,0
15.50258,79.21113,331.06,0.45,0.39,2024-03-20,810,N20,VIIRS,n,2,304.66,3.49,D,0
15.5038,79.21996,355.4,0.45,0.39,2024-03-20,810,N20,VIIRS,n,2,308.12,6.11,D,0
15.50442,79.22445,336.46,0.45,0.39,2024-03-20,810,N20,VIIRS,n,2,303.52,6.11,D,0
15.50615,79.21063,367.0,0.45,0.39,2024-03-20,810,N20,VIIRS,h,2,307.48,12.09,D,0
15.50734,79.21929,342.91,0.45,0.39,2024-03-20,810,N20,VIIRS,n,2,307.19,12.07,D,0
15.53686,77.93937,341.72,0.41,0.37,2024-03-20,810,N20,VIIRS,l,2,313.33,6.37,D,0
15.53723,78.70635,331.87,0.43,0.38,2024-03-20,810,N20,VIIRS,l,2,306.04,2.77,D,0
15.54063,78.73064,331.93,0.43,0.38,2024-03-20,810,N20,VIIRS,l,2,304.57,2.26,D,0
15.54126,78.70972,335.9,0.43,0.38,2024-03-20,810,N20,VIIRS,n,2,305.1,2.77,D,0
15.54181,78.71367,330.49,0.43,0.38,2024-03-20,810,N20,VIIRS,l,2,304.85,2.6,D,0
15.54411,78.73008,339.41,0.43,0.38,2024-03-20,810,N20,VIIRS,n,2,304.82,2.26,D,0
15.54585,78.71709,342.07,0.43,0.38,2024-03-20,810,N20,VIIRS,n,2,305.57,7.08,D,0
15.54759,78.72948,335.98,0.43,0.38,2024-03-20,810,N20,VIIRS,n,2,303.66,2.5,D,0
15.54922,78.84345,348.34,0.44,0.38,2024-03-20,810,N20,VIIRS,n,2,301.68,4.84,D,0
15.55009,79.58508,344.48,0.47,0.4,2024-03-20,810,N20,VIIRS,n,2,308.75,10.11,D,0
15.56223,78.68191,343.6,0.43,0.38,2024-03-20,810,N20,VIIRS,n,2,307.22,5.52,D,0
15.57923,78.5027,339.95,0.42,0.38,2024-03-20,810,N20,VIIRS,l,2,313.43,6.64,D,0
15.5802,78.68333,335.72,0.43,0.38,2024-03-20,810,N20,VIIRS,n,2,304.4,3.53,D,0
15.58312,78.67884,331.89,0.43,0.38,2024-03-20,810,N20,VIIRS,l,2,304.5,2.22,D,0
15.58367,78.68273,333.79,0.43,0.38,2024-03-20,810,N20,VIIRS,n,2,302.65,2.53,D,0
15.58381,79.75129,337.08,0.48,0.4,2024-03-20,810,N20,VIIRS,n,2,303.59,2.77,D,0
15.63094,78.62817,332.34,0.43,0.38,2024-03-20,810,N20,VIIRS,l,2,305.2,3.6,D,0
15.66646,78.23465,342.84,0.42,0.37,2024-03-20,810,N20,VIIRS,l,2,316.62,11.47,D,0
15.68274,77.98232,338.21,0.41,0.37,2024-03-20,810,N20,VIIRS,l,2,309.72,3.8,D,0
15.69002,78.47786,344.11,0.42,0.38,2024-03-20,810,N20,VIIRS,n,2,313.11,6.06,D,0
15.6902,79.68306,335.71,0.48,0.4,2024-03-20,810,N20,VIIRS,n,2,301.91,7.44,D,0
15.69112,78.48575,335.82,0.42,0.38,2024-03-20,810,N20,VIIRS,l,2,310.65,5.24,D,0
15.7012,78.13503,342.68,0.41,0.37,2024-03-20,810,N20,VIIRS,l,2,314.13,10.92,D,0
15.70413,79.78557,337.01,0.48,0.4,2024-03-20,810,N20,VIIRS,n,2,302.71,5.19,D,0
15.7072,79.78055,334.74,0.48,0.4,2024-03-20,810,N20,VIIRS,n,2,304.34,3.12,D,0
15.71026,79.77554,333.62,0.48,0.4,2024-03-20,810,N20,VIIRS,l,2,303.71,3.12,D,0
15.7156,78.43386,342.24,0.42,0.38,2024-03-20,810,N20,VIIRS,l,2,316.0,6.06,D,0
15.72011,78.8819,345.09,0.44,0.38,2024-03-20,810,N20,VIIRS,n,2,308.99,16.83,D,0
15.72956,78.79701,330.02,0.44,0.38,2024-03-20,810,N20,VIIRS,l,2,303.89,1.78,D,0
15.74768,77.10279,341.92,0.39,0.36,2024-03-20,810,N20,VIIRS,l,2,316.25,5.95,D,0
15.75593,77.11261,340.22,0.39,0.36,2024-03-20,810,N20,VIIRS,l,2,315.11,6.48,D,0
15.75919,79.64248,339.72,0.48,0.4,2024-03-20,810,N20,VIIRS,n,2,307.32,6.04,D,0
15.7626,78.82098,337.12,0.44,0.38,2024-03-20,810,N20,VIIRS,n,2,304.66,3.75,D,0
15.76317,78.82513,335.62,0.44,0.38,2024-03-20,810,N20,VIIRS,n,2,303.46,3.75,D,0
15.76397,77.51131,340.07,0.4,0.37,2024-03-20,810,N20,VIIRS,l,2,312.91,4.64,D,0
15.76776,78.47824,340.16,0.42,0.38,2024-03-20,810,N20,VIIRS,l,2,315.04,6.25,D,0
15.76787,78.8074,335.49,0.44,0.38,2024-03-20,810,N20,VIIRS,n,2,303.44,5.49,D,0
15.76845,78.81161,330.83,0.44,0.38,2024-03-20,810,N20,VIIRS,l,2,303.04,4.89,D,0
15.77069,78.82767,334.62,0.44,0.38,2024-03-20,810,N20,VIIRS,l,2,305.74,5.08,D,0
15.77137,78.80685,342.1,0.44,0.38,2024-03-20,810,N20,VIIRS,n,2,302.67,5.49,D,0
15.77486,78.80622,336.59,0.44,0.38,2024-03-20,810,N20,VIIRS,n,2,304.52,2.79,D,0
15.77544,78.81039,341.71,0.44,0.38,2024-03-20,810,N20,VIIRS,n,2,304.32,30.33,D,0
15.77835,78.80559,333.07,0.44,0.38,2024-03-20,810,N20,VIIRS,n,2,301.64,2.79,D,0
15.78005,78.81779,343.79,0.44,0.38,2024-03-20,810,N20,VIIRS,n,2,302.53,22.86,D,0
15.78298,78.81313,334.33,0.44,0.38,2024-03-20,810,N20,VIIRS,n,2,301.32,4.75,D,0
15.78901,78.908,336.97,0.44,0.38,2024-03-20,810,N20,VIIRS,n,2,303.68,4.44,D,0
15.78959,78.91212,343.38,0.44,0.38,2024-03-20,810,N20,VIIRS,n,2,303.92,4.44,D,0
15.79486,78.92419,346.85,0.44,0.38,2024-03-20,810,N20,VIIRS,n,2,307.96,6.5,D,0
15.79543,78.92828,335.91,0.44,0.38,2024-03-20,810,N20,VIIRS,n,2,301.86,6.5,D,0
15.81247,77.84275,341.82,0.41,0.37,2024-03-20,810,N20,VIIRS,l,2,314.51,8.99,D,0
15.81376,77.84268,343.22,0.41,0.37,2024-03-20,810,N20,VIIRS,n,2,313.12,9.81,D,0
15.82679,79.81058,344.86,0.49,0.4,2024-03-20,810,N20,VIIRS,n,2,302.73,3.6,D,0
15.88915,78.52068,345.35,0.43,0.38,2024-03-20,810,N20,VIIRS,l,2,315.53,11.42,D,0
15.92688,77.85221,340.01,0.41,0.37,2024-03-20,810,N20,VIIRS,l,2,313.2,5.02,D,0
15.93163,77.54944,338.82,0.4,0.37,2024-03-20,810,N20,VIIRS,l,2,310.34,4.01,D,0
15.95491,78.80157,342.74,0.44,0.38,2024-03-20,810,N20,VIIRS,n,2,304.48,5.25,D,0
15.95927,77.50349,337.02,0.4,0.37,2024-03-20,810,N20,VIIRS,l,2,311.33,4.05,D,0
15.96821,78.92487,331.57,0.44,0.39,2024-03-20,810,N20,VIIRS,l,2,305.5,1.49,D,0
15.97474,79.25837,338.69,0.46,0.39,2024-03-20,810,N20,VIIRS,n,2,306.13,5.11,D,0
15.98324,77.13595,343.91,0.39,0.36,2024-03-20,810,N20,VIIRS,n,2,313.26,4.05,D,0
15.98657,77.13543,337.01,0.39,0.36,2024-03-20,810,N20,VIIRS,l,2,312.01,4.05,D,0
16.02588,78.45588,353.48,0.43,0.38,2024-03-20,810,N20,VIIRS,n,2,314.1,13.56,D,0
16.02642,78.45974,336.19,0.43,0.38,2024-03-20,810,N20,VIIRS,l,2,308.05,13.56,D,0
16.02759,77.92579,341.17,0.41,0.37,2024-03-20,810,N20,VIIRS,l,2,314.0,5.4,D,0
16.02935,78.45536,339.42,0.43,0.38,2024-03-20,810,N20,VIIRS,n,2,306.58,3.0,D,0
16.03192,78.49918,344.95,0.43,0.38,2024-03-20,810,N20,VIIRS,n,2,308.13,10.15,D,0
16.03539,78.49866,350.11,0.43,0.38,2024-03-20,810,N20,VIIRS,n,2,307.47,8.54,D,0
16.06771,77.36221,341.18,0.4,0.37,2024-03-20,810,N20,VIIRS,l,2,312.61,8.78,D,0
16.07277,79.02784,341.74,0.45,0.39,2024-03-20,810,N20,VIIRS,n,2,303.02,22.2,D,0
16.07573,79.02315,334.4,0.45,0.39,2024-03-20,810,N20,VIIRS,n,2,303.54,5.82,D,0
16.07633,79.02735,347.97,0.45,0.39,2024-03-20,810,N20,VIIRS,n,2,311.23,22.2,D,0
16.08081,80.03417,335.06,0.5,0.41,2024-03-20,810,N20,VIIRS,n,2,300.36,3.41,D,0
16.08167,77.71698,337.18,0.4,0.37,2024-03-20,810,N20,VIIRS,l,2,308.43,2.79,D,0
16.11715,77.96313,342.66,0.41,0.37,2024-03-20,810,N20,VIIRS,l,2,313.13,9.51,D,0
16.14117,78.79587,341.53,0.44,0.38,2024-03-20,810,N20,VIIRS,n,2,305.1,3.27,D,0
16.14176,78.80003,331.05,0.44,0.38,2024-03-20,810,N20,VIIRS,l,2,305.28,2.87,D,0
16.16595,80.2075,332.03,0.51,0.41,2024-03-20,810,N20,VIIRS,n,2,301.54,6.72,D,0
16.26387,79.26712,335.12,0.46,0.39,2024-03-20,810,N20,VIIRS,l,2,305.59,3.69,D,0
16.28455,80.31949,334.43,0.52,0.42,2024-03-20,810,N20,VIIRS,n,2,299.56,4.37,D,0
16.14627,77.04596,340.93,0.39,0.36,2024-03-20,811,N20,VIIRS,l,2,313.19,4.04,D,0
16.25218,77.12204,347.59,0.39,0.36,2024-03-20,811,N20,VIIRS,n,2,312.4,7.01,D,0
16.26861,77.84608,342.15,0.41,0.37,2024-03-20,811,N20,VIIRS,n,2,307.7,4.48,D,0
16.27284,78.39485,349.0,0.43,0.38,2024-03-20,811,N20,VIIRS,n,2,311.49,7.37,D,0
16.3289,77.20361,347.05,0.39,0.37,2024-03-20,811,N20,VIIRS,n,2,316.9,11.53,D,0
16.38436,77.70428,346.23,0.41,0.37,2024-03-20,811,N20,VIIRS,n,2,309.85,11.78,D,0
16.40062,77.18491,340.49,0.39,0.37,2024-03-20,811,N20,VIIRS,l,2,313.09,7.69,D,0
16.40261,77.12836,338.46,0.39,0.36,2024-03-20,811,N20,VIIRS,l,2,312.9,7.24,D,0
16.42541,77.12106,343.05,0.39,0.36,2024-03-20,811,N20,VIIRS,l,2,314.66,8.97,D,0
16.4563,77.03355,345.25,0.39,0.36,2024-03-20,811,N20,VIIRS,n,2,314.71,6.7,D,0
16.45963,77.03304,343.08,0.39,0.36,2024-03-20,811,N20,VIIRS,l,2,316.67,6.7,D,0
16.47126,79.61486,338.26,0.48,0.4,2024-03-20,811,N20,VIIRS,n,2,300.23,4.84,D,0
16.47342,77.19226,342.69,0.39,0.37,2024-03-20,811,N20,VIIRS,l,2,314.87,10.33,D,0
16.54539,77.29372,347.94,0.4,0.37,2024-03-20,811,N20,VIIRS,n,2,314.24,11.63,D,0
16.54782,77.35767,340.8,0.4,0.37,2024-03-20,811,N20,VIIRS,l,2,313.7,6.26,D,0
16.56156,80.51852,345.55,0.54,0.42,2024-03-20,811,N20,VIIRS,n,2,302.03,11.95,D,0
16.57455,79.52423,337.3,0.48,0.4,2024-03-20,811,N20,VIIRS,n,2,304.64,4.64,D,0
16.58702,80.00932,343.31,0.51,0.41,2024-03-20,811,N20,VIIRS,n,2,299.56,9.42,D,0
16.60347,80.28229,341.11,0.52,0.42,2024-03-20,811,N20,VIIRS,n,2,303.15,5.64,D,0
16.61235,77.42366,341.68,0.4,0.37,2024-03-20,811,N20,VIIRS,l,2,313.2,10.37,D,0
16.61239,77.19589,348.26,0.4,0.37,2024-03-20,811,N20,VIIRS,n,2,316.26,13.01,D,0
16.63679,78.15211,338.57,0.42,0.38,2024-03-20,811,N20,VIIRS,l,2,309.41,7.03,D,0
16.78549,77.10059,340.68,0.39,0.37,2024-03-20,811,N20,VIIRS,l,2,314.18,7.63,D,0
16.9852,80.22017,336.45,0.53,0.42,2024-03-20,811,N20,VIIRS,n,2,299.56,6.64,D,0
17.41028,77.83561,339.28,0.42,0.37,2024-03-20,811,N20,VIIRS,l,2,314.05,3.5,D,0
17.51289,77.11346,346.68,0.4,0.37,2024-03-20,811,N20,VIIRS,n,2,318.59,7.54,D,0
17.51624,77.11293,341.31,0.4,0.37,2024-03-20,811,N20,VIIRS,l,2,316.12,7.54,D,0
17.51672,79.27051,334.85,0.48,0.4,2024-03-20,811,N20,VIIRS,n,2,297.59,4.03,D,0
17.52834,78.30824,338.24,0.43,0.38,2024-03-20,811,N20,VIIRS,l,2,312.25,2.9,D,0
17.58422,77.46359,348.95,0.41,0.37,2024-03-20,811,N20,VIIRS,n,2,314.91,10.19,D,0
17.70604,80.16406,333.69,0.53,0.42,2024-03-20,811,N20,VIIRS,n,2,299.76,3.84,D,0
17.73258,78.04067,336.82,0.42,0.38,2024-03-20,811,N20,VIIRS,l,2,311.49,2.44,D,0
17.76283,80.47931,335.41,0.56,0.43,2024-03-20,811,N20,VIIRS,n,2,299.85,5.98,D,0
17.82575,77.56248,338.02,0.41,0.37,2024-03-20,811,N20,VIIRS,n,2,310.55,2.86,D,0
18.14937,80.2253,350.0,0.54,0.42,2024-03-20,811,N20,VIIRS,n,2,299.65,7.52,D,0
18.32831,80.24863,340.37,0.55,0.43,2024-03-20,811,N20,VIIRS,n,2,302.81,3.71,D,0
18.33026,80.26408,331.96,0.55,0.43,2024-03-20,811,N20,VIIRS,n,2,301.7,4.18,D,0
18.3656,80.32301,331.09,0.55,0.43,2024-03-20,811,N20,VIIRS,l,2,302.1,1.31,D,0
18.38021,78.68103,338.15,0.46,0.39,2024-03-20,811,N20,VIIRS,l,2,309.36,7.06,D,0
18.40048,80.63049,349.67,0.38,0.44,2024-03-20,811,N20,VIIRS,n,2,302.91,4.92,D,0
18.41194,80.43461,338.95,0.56,0.43,2024-03-20,811,N20,VIIRS,n,2,302.04,5.42,D,0
18.41588,80.43404,331.87,0.56,0.43,2024-03-20,811,N20,VIIRS,n,2,300.81,2.45,D,0
18.49741,80.67569,344.6,0.39,0.44,2024-03-20,811,N20,VIIRS,n,2,302.31,3.45,D,0
18.50145,80.67534,334.14,0.39,0.44,2024-03-20,811,N20,VIIRS,n,2,301.84,3.45,D,0
18.50548,80.67494,335.43,0.39,0.44,2024-03-20,811,N20,VIIRS,n,2,300.11,2.54,D,0
18.50792,80.59688,334.0,0.38,0.44,2024-03-20,811,N20,VIIRS,l,2,306.1,3.62,D,0
18.50882,80.60406,348.95,0.38,0.44,2024-03-20,811,N20,VIIRS,n,2,305.07,9.51,D,0
18.50928,80.60768,352.34,0.38,0.44,2024-03-20,811,N20,VIIRS,n,2,300.56,8.04,D,0
18.5119,80.59621,343.36,0.38,0.44,2024-03-20,811,N20,VIIRS,n,2,304.22,3.82,D,0
18.51235,80.59982,352.06,0.38,0.44,2024-03-20,811,N20,VIIRS,n,2,303.14,6.1,D,0
18.53349,80.47964,336.96,0.57,0.43,2024-03-20,811,N20,VIIRS,n,2,303.74,4.14,D,0
18.59996,77.13004,344.25,0.4,0.37,2024-03-20,811,N20,VIIRS,n,2,315.86,6.43,D,0
18.61983,80.25118,332.56,0.55,0.43,2024-03-20,811,N20,VIIRS,l,2,305.34,5.08,D,0
18.63344,80.2334,335.69,0.55,0.43,2024-03-20,811,N20,VIIRS,n,2,303.11,3.97,D,0
18.63384,80.23502,335.82,0.55,0.43,2024-03-20,811,N20,VIIRS,n,2,303.31,5.53,D,0
18.64024,79.9731,339.06,0.53,0.42,2024-03-20,811,N20,VIIRS,n,2,307.69,8.05,D,0
18.6487,78.24626,336.68,0.44,0.38,2024-03-20,811,N20,VIIRS,l,2,310.99,3.46,D,0
18.65637,78.56764,339.67,0.45,0.39,2024-03-20,811,N20,VIIRS,l,2,313.1,3.29,D,0
18.67505,79.55546,342.27,0.51,0.41,2024-03-20,811,N20,VIIRS,n,2,306.86,9.41,D,0
18.73895,79.422,332.11,0.5,0.41,2024-03-20,811,N20,VIIRS,l,2,302.25,1.9,D,0
18.74948,78.29613,340.04,0.44,0.39,2024-03-20,811,N20,VIIRS,n,2,311.1,4.22,D,0
18.9181,79.82954,335.79,0.53,0.42,2024-03-20,811,N20,VIIRS,n,2,305.36,5.02,D,0
18.94329,78.42348,334.25,0.45,0.39,2024-03-20,811,N20,VIIRS,l,2,308.8,1.83,D,0
18.94831,78.59816,334.44,0.46,0.39,2024-03-20,811,N20,VIIRS,l,2,309.26,3.53,D,0
18.94889,78.60252,341.63,0.46,0.39,2024-03-20,811,N20,VIIRS,n,2,309.89,5.93,D,0
18.95036,78.6017,344.15,0.46,0.39,2024-03-20,811,N20,VIIRS,n,2,309.56,5.66,D,0
18.97248,78.98186,334.59,0.48,0.4,2024-03-20,811,N20,VIIRS,l,2,308.92,5.43,D,0
19.13186,78.91971,334.29,0.48,0.4,2024-03-20,811,N20,VIIRS,l,2,308.26,5.89,D,0
19.13245,78.92418,336.6,0.48,0.4,2024-03-20,811,N20,VIIRS,l,2,306.81,5.89,D,0
19.14712,78.17056,343.06,0.44,0.38,2024-03-20,811,N20,VIIRS,n,2,312.07,7.61,D,0
19.16167,78.91978,331.36,0.48,0.4,2024-03-20,811,N20,VIIRS,l,2,305.71,3.1,D,0
19.16386,79.04921,332.21,0.48,0.4,2024-03-20,811,N20,VIIRS,l,2,303.92,1.65,D,0
19.16864,77.54123,344.29,0.42,0.38,2024-03-20,811,N20,VIIRS,n,2,312.33,5.16,D,0
19.20795,78.84579,334.55,0.47,0.4,2024-03-20,811,N20,VIIRS,l,2,305.49,4.88,D,0
19.34208,78.76304,338.95,0.47,0.4,2024-03-20,811,N20,VIIRS,l,2,309.6,2.92,D,0
19.37728,77.11338,346.33,0.41,0.37,2024-03-20,811,N20,VIIRS,n,2,314.6,9.79,D,0
19.39869,77.31258,339.48,0.41,0.37,2024-03-20,811,N20,VIIRS,n,2,311.56,4.0,D,0
19.40811,77.88747,342.5,0.43,0.38,2024-03-20,811,N20,VIIRS,n,2,310.96,6.03,D,0
19.8367,81.07842,332.81,0.43,0.46,2024-03-20,811,N20,VIIRS,n,2,301.15,5.53,D,0
19.6453,77.9882,343.99,0.44,0.38,2024-03-20,812,N20,VIIRS,l,2,314.44,6.79,D,0
19.99618,78.92255,337.76,0.49,0.4,2024-03-20,812,N20,VIIRS,l,2,312.68,5.42,D,0
18.67403,79.55437,307.65,0.42,0.45,2024-03-20,2041,N20,VIIRS,n,2,295.43,1.51,N,0
18.67813,79.55527,322.56,0.42,0.45,2024-03-20,2041,N20,VIIRS,n,2,295.76,1.51,N,0
18.72022,79.53561,311.26,0.42,0.45,2024-03-20,2041,N20,VIIRS,n,2,296.12,1.09,N,2
18.72433,79.53643,306.4,0.42,0.45,2024-03-20,2041,N20,VIIRS,n,2,295.63,1.09,N,2
19.15758,78.92241,304.3,0.57,0.43,2024-03-20,2041,N20,VIIRS,n,2,292.81,1.02,N,0
19.16152,78.92313,310.94,0.57,0.43,2024-03-20,2041,N20,VIIRS,n,2,292.66,2.64,N,0
19.21667,78.57832,317.0,0.54,0.42,2024-03-20,2041,N20,VIIRS,n,2,293.92,2.2,N,0
19.78769,79.14586,307.18,0.57,0.43,2024-03-20,2041,N20,VIIRS,n,2,293.83,1.42,N,2
19.91449,79.30738,303.48,0.39,0.44,2024-03-20,2041,N20,VIIRS,n,2,292.27,0.64,N,0
15.58985,78.68168,307.3,0.42,0.45,2024-03-20,2042,N20,VIIRS,n,2,290.3,0.88,N,0
16.45252,80.845,303.45,0.56,0.51,2024-03-20,2042,N20,VIIRS,n,2,291.03,1.22,N,0
16.92692,80.44024,304.08,0.51,0.5,2024-03-20,2042,N20,VIIRS,n,2,291.61,0.71,N,0
17.14068,77.18561,310.0,0.49,0.4,2024-03-20,2042,N20,VIIRS,n,2,296.42,0.8,N,2
15.50201,78.87737,367.0,0.43,0.38,2024-03-21,750,N20,VIIRS,h,2,308.26,12.16,D,0
15.52369,78.88142,338.34,0.43,0.38,2024-03-21,750,N20,VIIRS,l,2,310.71,7.71,D,0
15.5271,78.88084,349.45,0.43,0.38,2024-03-21,750,N20,VIIRS,l,2,311.51,7.71,D,0
15.53237,78.89183,342.6,0.43,0.38,2024-03-21,750,N20,VIIRS,l,2,309.09,4.73,D,0
15.53515,78.88737,347.83,0.43,0.38,2024-03-21,750,N20,VIIRS,n,2,309.79,4.73,D,0
15.53794,78.88294,335.08,0.43,0.38,2024-03-21,750,N20,VIIRS,l,2,307.85,4.33,D,0
15.61991,78.47953,335.98,0.44,0.38,2024-03-21,750,N20,VIIRS,l,2,309.91,3.8,D,0
15.69355,79.0351,340.95,0.42,0.38,2024-03-21,750,N20,VIIRS,l,2,312.02,6.4,D,0
15.71164,78.84583,332.01,0.43,0.38,2024-03-21,750,N20,VIIRS,l,2,305.38,3.54,D,0
15.71443,78.84146,346.7,0.43,0.38,2024-03-21,750,N20,VIIRS,n,2,307.07,5.51,D,0
15.71504,78.84522,331.75,0.43,0.38,2024-03-21,750,N20,VIIRS,n,2,304.12,5.51,D,0
15.71794,79.3718,341.81,0.41,0.37,2024-03-21,750,N20,VIIRS,l,2,309.29,6.48,D,0
15.75066,78.8272,335.48,0.43,0.38,2024-03-21,750,N20,VIIRS,l,2,303.6,5.95,D,0
15.89549,80.02207,333.61,0.39,0.36,2024-03-21,750,N20,VIIRS,l,2,307.95,4.03,D,0
15.96371,80.54812,334.4,0.39,0.36,2024-03-21,750,N20,VIIRS,n,2,306.07,2.17,D,0
15.79397,77.81878,338.93,0.47,0.4,2024-03-21,751,N20,VIIRS,l,2,312.04,5.94,D,0
15.89422,77.89818,336.87,0.47,0.39,2024-03-21,751,N20,VIIRS,l,2,307.23,3.72,D,0
15.91568,78.93028,340.8,0.42,0.38,2024-03-21,751,N20,VIIRS,l,2,309.41,5.35,D,0
15.92494,78.94443,354.94,0.42,0.38,2024-03-21,751,N20,VIIRS,n,2,315.51,21.16,D,0
15.92556,78.94826,341.33,0.42,0.38,2024-03-21,751,N20,VIIRS,l,2,312.99,4.45,D,0
15.92619,78.95212,338.33,0.42,0.38,2024-03-21,751,N20,VIIRS,l,2,309.33,4.45,D,0
15.92681,78.95594,339.4,0.42,0.38,2024-03-21,751,N20,VIIRS,l,2,310.08,4.58,D,0
15.92871,78.81708,344.97,0.43,0.38,2024-03-21,751,N20,VIIRS,n,2,307.55,9.2,D,0
15.93143,78.96301,337.42,0.42,0.38,2024-03-21,751,N20,VIIRS,l,2,308.4,4.52,D,0
15.93828,78.81132,337.36,0.43,0.38,2024-03-21,751,N20,VIIRS,l,2,304.69,4.75,D,0
15.94168,78.81071,336.43,0.43,0.38,2024-03-21,751,N20,VIIRS,l,2,305.58,2.27,D,0
15.97349,78.74503,340.05,0.43,0.38,2024-03-21,751,N20,VIIRS,l,2,308.21,5.33,D,0
15.97479,78.75292,338.75,0.43,0.38,2024-03-21,751,N20,VIIRS,l,2,306.9,5.03,D,0
15.98312,77.41486,339.64,0.49,0.4,2024-03-21,751,N20,VIIRS,l,2,313.88,8.38,D,0
16.00315,78.94718,332.98,0.42,0.38,2024-03-21,751,N20,VIIRS,l,2,306.44,3.85,D,0
16.01455,78.47842,344.46,0.44,0.38,2024-03-21,751,N20,VIIRS,n,2,297.12,3.47,D,0
16.01801,78.47787,352.12,0.44,0.38,2024-03-21,751,N20,VIIRS,n,2,303.47,13.8,D,0
16.01865,78.48183,335.46,0.44,0.38,2024-03-21,751,N20,VIIRS,l,2,304.52,3.53,D,0
16.01908,79.85635,337.17,0.4,0.37,2024-03-21,751,N20,VIIRS,l,2,307.85,5.45,D,0
16.05075,78.91898,334.33,0.42,0.38,2024-03-21,751,N20,VIIRS,l,2,307.76,4.91,D,0
16.05411,78.91828,339.18,0.42,0.38,2024-03-21,751,N20,VIIRS,n,2,309.94,5.73,D,0
16.22256,81.22731,338.66,0.38,0.36,2024-03-21,751,N20,VIIRS,n,2,308.22,1.91,D,3
16.22583,78.60944,337.57,0.43,0.38,2024-03-21,751,N20,VIIRS,l,2,307.42,8.28,D,0
16.22859,78.6048,342.63,0.43,0.38,2024-03-21,751,N20,VIIRS,l,2,308.6,9.31,D,0
16.29449,77.12044,337.84,0.5,0.41,2024-03-21,751,N20,VIIRS,l,2,311.78,5.79,D,0
16.32444,77.18553,347.57,0.5,0.41,2024-03-21,751,N20,VIIRS,n,2,312.55,13.16,D,0
16.43826,81.0644,343.15,0.38,0.36,2024-03-21,751,N20,VIIRS,n,2,309.98,4.18,D,0
16.49932,79.54936,344.98,0.4,0.37,2024-03-21,751,N20,VIIRS,l,2,312.27,6.24,D,0
16.4998,80.94251,342.29,0.38,0.36,2024-03-21,751,N20,VIIRS,n,2,307.84,3.6,D,0
16.50263,79.54879,348.2,0.4,0.37,2024-03-21,751,N20,VIIRS,l,2,312.62,6.24,D,0
16.50594,79.54821,342.95,0.4,0.37,2024-03-21,751,N20,VIIRS,l,2,312.8,6.24,D,0
16.50652,79.55188,349.37,0.4,0.37,2024-03-21,751,N20,VIIRS,n,2,313.22,6.24,D,0
16.50801,80.90868,334.7,0.38,0.36,2024-03-21,751,N20,VIIRS,l,2,308.14,1.9,D,0
16.51207,80.4403,335.78,0.39,0.36,2024-03-21,751,N20,VIIRS,l,2,308.72,1.96,D,0
16.57967,79.43262,337.87,0.4,0.37,2024-03-21,751,N20,VIIRS,l,2,310.55,2.21,D,0
16.5936,81.24091,343.5,0.38,0.36,2024-03-21,751,N20,VIIRS,n,2,302.38,4.12,D,0
16.60742,80.28583,339.79,0.39,0.36,2024-03-21,751,N20,VIIRS,l,2,312.11,12.01,D,0
16.61146,81.24889,331.52,0.38,0.36,2024-03-21,751,N20,VIIRS,n,2,300.26,2.25,D,0
16.64242,81.23305,333.25,0.38,0.36,2024-03-21,751,N20,VIIRS,n,2,299.98,1.63,D,0
16.65956,77.11962,346.99,0.5,0.41,2024-03-21,751,N20,VIIRS,n,2,313.9,9.1,D,0
16.67039,79.33776,341.84,0.4,0.37,2024-03-21,751,N20,VIIRS,l,2,313.99,7.52,D,0
16.71468,80.40531,340.0,0.39,0.36,2024-03-21,751,N20,VIIRS,l,2,314.48,2.66,D,0
16.75601,80.20494,341.68,0.39,0.36,2024-03-21,751,N20,VIIRS,n,2,312.68,3.71,D,0
16.79824,80.43488,342.35,0.39,0.36,2024-03-21,751,N20,VIIRS,l,2,314.86,5.26,D,0
16.86373,80.17548,348.06,0.39,0.36,2024-03-21,751,N20,VIIRS,n,2,317.21,11.58,D,0
16.86699,80.17494,336.17,0.39,0.36,2024-03-21,751,N20,VIIRS,l,2,310.97,3.06,D,0
17.02699,80.41797,344.0,0.39,0.36,2024-03-21,751,N20,VIIRS,n,2,313.76,4.08,D,0
17.09419,79.5584,335.18,0.4,0.37,2024-03-21,751,N20,VIIRS,l,2,309.77,4.43,D,0
17.09477,79.56204,340.89,0.4,0.37,2024-03-21,751,N20,VIIRS,l,2,314.02,4.43,D,0
17.21927,79.66003,336.35,0.39,0.37,2024-03-21,751,N20,VIIRS,l,2,310.24,3.74,D,0
17.24011,80.81773,338.66,0.38,0.36,2024-03-21,751,N20,VIIRS,l,2,309.64,3.08,D,0
17.31087,81.1108,355.22,0.38,0.36,2024-03-21,751,N20,VIIRS,n,2,315.55,17.99,D,0
17.31532,80.88067,346.75,0.38,0.36,2024-03-21,751,N20,VIIRS,n,2,307.77,3.94,D,0
17.31858,80.88014,337.65,0.38,0.36,2024-03-21,751,N20,VIIRS,n,2,307.24,3.94,D,0
17.33477,81.23328,336.19,0.39,0.36,2024-03-21,751,N20,VIIRS,n,2,308.66,0.99,D,0
17.33899,81.26167,334.19,0.39,0.36,2024-03-21,751,N20,VIIRS,l,2,306.6,1.24,D,0
17.34375,78.05939,346.81,0.44,0.38,2024-03-21,751,N20,VIIRS,l,2,319.13,16.5,D,0
17.35323,80.88898,336.34,0.38,0.36,2024-03-21,751,N20,VIIRS,l,2,306.83,3.86,D,0
17.36277,81.39978,333.14,0.39,0.36,2024-03-21,751,N20,VIIRS,n,2,302.08,3.17,D,0
17.36467,77.44024,341.57,0.47,0.4,2024-03-21,751,N20,VIIRS,l,2,315.9,11.59,D,0
17.38125,81.27666,330.26,0.39,0.36,2024-03-21,751,N20,VIIRS,l,2,305.06,2.14,D,0
17.40068,80.03568,335.78,0.39,0.36,2024-03-21,751,N20,VIIRS,n,2,306.56,2.01,D,0
17.43335,80.47953,345.14,0.38,0.36,2024-03-21,751,N20,VIIRS,l,2,316.14,8.1,D,0
17.44318,80.46313,339.83,0.38,0.36,2024-03-21,751,N20,VIIRS,l,2,314.49,4.14,D,0
17.4491,80.34932,337.86,0.39,0.36,2024-03-21,751,N20,VIIRS,l,2,309.77,3.37,D,0
17.45365,78.06428,339.77,0.44,0.38,2024-03-21,751,N20,VIIRS,l,2,313.8,8.9,D,0
17.46302,81.25211,344.5,0.39,0.36,2024-03-21,751,N20,VIIRS,n,2,314.2,13.33,D,0
17.51429,77.14094,348.69,0.48,0.4,2024-03-21,751,N20,VIIRS,l,2,318.84,24.88,D,0
17.51739,79.78337,337.7,0.39,0.36,2024-03-21,751,N20,VIIRS,l,2,312.15,3.19,D,0
17.52473,77.33342,346.75,0.47,0.4,2024-03-21,751,N20,VIIRS,n,2,318.7,15.59,D,0
17.52695,80.72903,334.57,0.38,0.36,2024-03-21,751,N20,VIIRS,l,2,308.91,3.0,D,0
17.52856,80.73966,338.11,0.38,0.36,2024-03-21,751,N20,VIIRS,n,2,307.89,2.16,D,0
17.53885,80.7416,347.68,0.38,0.36,2024-03-21,751,N20,VIIRS,n,2,311.08,5.28,D,0
17.54066,80.06303,336.31,0.39,0.36,2024-03-21,751,N20,VIIRS,l,2,311.24,2.66,D,0
17.5421,80.74107,336.03,0.38,0.36,2024-03-21,751,N20,VIIRS,l,2,308.16,5.28,D,0
17.54884,81.07416,335.36,0.38,0.36,2024-03-21,751,N20,VIIRS,l,2,309.95,3.82,D,0
17.56688,81.36674,340.19,0.39,0.36,2024-03-21,751,N20,VIIRS,l,2,313.91,6.57,D,0
17.57314,79.44215,336.0,0.4,0.37,2024-03-21,751,N20,VIIRS,l,2,308.63,1.85,D,0
17.57913,81.09837,347.65,0.38,0.36,2024-03-21,751,N20,VIIRS,n,2,313.49,7.22,D,0
17.60173,80.15538,336.43,0.39,0.36,2024-03-21,751,N20,VIIRS,l,2,310.27,2.84,D,0
17.61722,77.7327,341.61,0.45,0.39,2024-03-21,751,N20,VIIRS,l,2,315.99,5.63,D,0
17.63202,80.70392,347.27,0.38,0.36,2024-03-21,751,N20,VIIRS,n,2,307.97,2.66,D,0
17.64525,80.4618,340.78,0.38,0.36,2024-03-21,751,N20,VIIRS,l,2,313.67,6.48,D,0
17.65453,80.33263,338.34,0.39,0.36,2024-03-21,751,N20,VIIRS,l,2,312.9,3.29,D,0
17.65667,79.99929,339.81,0.39,0.36,2024-03-21,751,N20,VIIRS,l,2,312.51,2.75,D,0
17.65778,80.33208,336.1,0.39,0.36,2024-03-21,751,N20,VIIRS,l,2,310.32,3.29,D,0
17.68643,80.21418,343.22,0.39,0.36,2024-03-21,751,N20,VIIRS,n,2,307.67,4.48,D,0
17.69351,80.23856,349.32,0.39,0.36,2024-03-21,751,N20,VIIRS,n,2,315.8,6.28,D,0
17.7125,80.23172,337.59,0.39,0.36,2024-03-21,751,N20,VIIRS,l,2,309.96,4.28,D,0
17.72819,79.21451,338.19,0.4,0.37,2024-03-21,751,N20,VIIRS,l,2,311.39,4.19,D,0
17.72997,80.1801,337.26,0.39,0.36,2024-03-21,751,N20,VIIRS,l,2,309.86,3.45,D,0
17.73455,79.12595,337.27,0.4,0.37,2024-03-21,751,N20,VIIRS,l,2,307.94,2.41,D,0
17.74564,80.12997,334.45,0.39,0.36,2024-03-21,751,N20,VIIRS,n,2,301.04,2.23,D,0
17.75215,80.12885,330.24,0.39,0.36,2024-03-21,751,N20,VIIRS,l,2,303.45,2.12,D,0
17.7527,80.13243,339.64,0.39,0.36,2024-03-21,751,N20,VIIRS,n,2,305.5,3.71,D,0
17.75596,80.13187,350.37,0.39,0.36,2024-03-21,751,N20,VIIRS,n,2,307.43,3.71,D,0
17.75749,80.54848,350.5,0.38,0.36,2024-03-21,751,N20,VIIRS,n,2,315.66,5.67,D,0
17.76075,80.54794,342.48,0.38,0.36,2024-03-21,751,N20,VIIRS,n,2,312.41,4.63,D,0
17.7655,80.02024,335.85,0.39,0.36,2024-03-21,751,N20,VIIRS,l,2,309.99,2.37,D,0
17.76954,80.13322,333.77,0.39,0.36,2024-03-21,751,N20,VIIRS,l,2,308.13,3.6,D,0
17.78659,80.30946,338.6,0.39,0.36,2024-03-21,751,N20,VIIRS,l,2,311.83,3.26,D,0
17.78713,80.31302,344.74,0.39,0.36,2024-03-21,751,N20,VIIRS,l,2,315.55,3.26,D,0
17.78768,80.31657,346.69,0.39,0.36,2024-03-21,751,N20,VIIRS,l,2,317.69,6.22,D,0
17.7931,81.11749,346.32,0.39,0.36,2024-03-21,751,N20,VIIRS,n,2,310.91,4.36,D,0
17.80225,77.51064,343.47,0.46,0.39,2024-03-21,751,N20,VIIRS,n,2,311.64,3.97,D,0
17.81423,77.5825,341.26,0.46,0.39,2024-03-21,751,N20,VIIRS,n,2,313.5,4.32,D,0
17.81554,80.76316,342.65,0.38,0.36,2024-03-21,751,N20,VIIRS,n,2,310.05,1.63,D,0
17.81774,77.58186,343.41,0.46,0.39,2024-03-21,751,N20,VIIRS,n,2,315.8,4.32,D,0
17.81879,80.76263,332.23,0.38,0.36,2024-03-21,751,N20,VIIRS,l,2,306.83,1.63,D,0
17.82064,80.16125,339.26,0.39,0.36,2024-03-21,751,N20,VIIRS,l,2,310.5,4.7,D,0
17.82599,80.16015,339.6,0.39,0.36,2024-03-21,751,N20,VIIRS,l,2,311.11,4.38,D,0
17.82654,80.16372,342.87,0.39,0.36,2024-03-21,751,N20,VIIRS,n,2,310.77,2.38,D,0
17.8298,80.16318,338.43,0.39,0.36,2024-03-21,751,N20,VIIRS,l,2,310.56,2.38,D,0
17.8413,80.21611,344.95,0.39,0.36,2024-03-21,751,N20,VIIRS,n,2,309.41,10.36,D,0
17.85084,81.48534,336.41,0.39,0.36,2024-03-21,751,N20,VIIRS,l,2,311.29,2.42,D,0
17.85513,80.73846,335.63,0.38,0.36,2024-03-21,751,N20,VIIRS,n,2,305.43,3.79,D,0
17.85892,80.74148,343.33,0.38,0.36,2024-03-21,751,N20,VIIRS,n,2,308.02,4.44,D,0
17.85942,80.76686,338.87,0.38,0.36,2024-03-21,751,N20,VIIRS,l,2,311.97,5.43,D,0
17.85978,81.03619,337.91,0.38,0.36,2024-03-21,751,N20,VIIRS,l,2,308.69,3.71,D,0
17.85999,80.74858,347.76,0.38,0.36,2024-03-21,751,N20,VIIRS,n,2,310.23,6.69,D,0
17.86271,80.74449,333.36,0.38,0.36,2024-03-21,751,N20,VIIRS,l,2,307.12,4.44,D,0
17.87535,80.62964,339.08,0.38,0.36,2024-03-21,751,N20,VIIRS,l,2,309.6,5.6,D,0
17.88239,80.63211,337.41,0.38,0.36,2024-03-21,751,N20,VIIRS,l,2,310.74,3.81,D,0
17.8832,80.79206,337.05,0.38,0.36,2024-03-21,751,N20,VIIRS,l,2,308.21,2.35,D,0
17.88325,80.77022,338.71,0.38,0.36,2024-03-21,751,N20,VIIRS,l,2,311.11,2.39,D,0
17.89243,80.7869,343.0,0.38,0.36,2024-03-21,751,N20,VIIRS,n,2,308.2,3.75,D,0
17.89835,80.80413,342.78,0.38,0.36,2024-03-21,751,N20,VIIRS,n,2,309.18,1.8,D,0
17.89847,80.00133,356.21,0.39,0.36,2024-03-21,751,N20,VIIRS,n,2,317.61,10.15,D,0
17.89965,80.6802,333.07,0.38,0.36,2024-03-21,751,N20,VIIRS,l,2,306.48,3.21,D,0
17.89991,80.83662,338.92,0.38,0.36,2024-03-21,751,N20,VIIRS,l,2,311.75,2.54,D,0
17.90173,80.00079,345.91,0.39,0.36,2024-03-21,751,N20,VIIRS,l,2,317.61,15.83,D,0
17.90228,80.00438,348.05,0.39,0.36,2024-03-21,751,N20,VIIRS,n,2,315.95,10.77,D,0
17.91203,79.96916,337.85,0.39,0.36,2024-03-21,751,N20,VIIRS,n,2,310.76,3.86,D,0
17.93129,80.63107,355.04,0.38,0.36,2024-03-21,751,N20,VIIRS,n,2,308.23,6.25,D,0
17.9341,80.23345,342.81,0.39,0.36,2024-03-21,751,N20,VIIRS,n,2,310.06,5.49,D,0
17.9383,80.6554,338.85,0.38,0.36,2024-03-21,751,N20,VIIRS,n,2,306.09,2.7,D,0
17.93887,81.48116,348.54,0.39,0.36,2024-03-21,751,N20,VIIRS,l,2,319.89,12.93,D,0
17.93994,80.64421,351.32,0.38,0.36,2024-03-21,751,N20,VIIRS,n,2,309.52,8.44,D,0
17.94047,80.64776,343.84,0.38,0.36,2024-03-21,751,N20,VIIRS,n,2,308.76,6.56,D,0
17.94194,79.20786,338.74,0.4,0.37,2024-03-21,751,N20,VIIRS,l,2,313.27,7.65,D,0
17.9453,80.92365,339.98,0.38,0.36,2024-03-21,751,N20,VIIRS,l,2,313.78,5.07,D,0
17.94743,80.93787,339.93,0.38,0.36,2024-03-21,751,N20,VIIRS,l,2,311.21,4.02,D,0
17.94856,80.92312,338.51,0.38,0.36,2024-03-21,751,N20,VIIRS,l,2,312.83,3.37,D,0
17.97804,81.0313,341.03,0.39,0.36,2024-03-21,751,N20,VIIRS,l,2,312.33,6.2,D,0
17.98089,80.11163,342.46,0.39,0.36,2024-03-21,751,N20,VIIRS,l,2,315.97,5.67,D,0
17.98795,80.9859,334.23,0.38,0.36,2024-03-21,751,N20,VIIRS,l,2,307.34,1.56,D,0
17.9912,80.98537,336.99,0.38,0.36,2024-03-21,751,N20,VIIRS,n,2,309.8,2.64,D,0
18.00708,81.46654,341.53,0.39,0.36,2024-03-21,751,N20,VIIRS,l,2,315.52,6.76,D,0
18.01311,80.27805,339.65,0.39,0.36,2024-03-21,751,N20,VIIRS,l,2,313.65,9.38,D,0
18.01743,81.46857,338.95,0.39,0.36,2024-03-21,751,N20,VIIRS,l,2,312.45,6.33,D,0
18.0234,81.47483,343.49,0.39,0.36,2024-03-21,751,N20,VIIRS,l,2,315.38,7.64,D,0
18.02615,81.4707,344.91,0.39,0.36,2024-03-21,751,N20,VIIRS,l,2,316.16,11.35,D,0
18.02724,80.3268,337.76,0.38,0.36,2024-03-21,751,N20,VIIRS,l,2,312.54,4.11,D,0
18.02985,80.93169,337.26,0.38,0.36,2024-03-21,751,N20,VIIRS,l,2,312.13,1.35,D,0
18.03103,80.32981,341.2,0.38,0.36,2024-03-21,751,N20,VIIRS,l,2,313.74,4.11,D,0
18.03157,80.33337,351.34,0.38,0.36,2024-03-21,751,N20,VIIRS,n,2,313.8,7.79,D,0
18.03591,80.33995,337.04,0.38,0.36,2024-03-21,751,N20,VIIRS,l,2,311.38,4.05,D,0
18.03862,80.33585,348.72,0.38,0.36,2024-03-21,751,N20,VIIRS,n,2,311.11,7.35,D,0
18.04119,80.61602,343.97,0.38,0.36,2024-03-21,751,N20,VIIRS,n,2,312.23,5.31,D,0
18.04315,81.44952,344.5,0.39,0.36,2024-03-21,751,N20,VIIRS,n,2,315.94,6.01,D,0
18.04356,81.36111,337.64,0.39,0.36,2024-03-21,751,N20,VIIRS,n,2,311.83,5.92,D,0
18.04404,80.34953,337.37,0.38,0.36,2024-03-21,751,N20,VIIRS,l,2,310.21,5.09,D,0
18.05529,81.41808,347.36,0.39,0.36,2024-03-21,751,N20,VIIRS,n,2,316.48,5.84,D,0
18.06818,81.46024,342.19,0.39,0.36,2024-03-21,751,N20,VIIRS,l,2,315.68,7.2,D,0
18.06843,80.3783,337.46,0.38,0.36,2024-03-21,751,N20,VIIRS,l,2,310.05,4.81,D,0
18.06921,80.06356,342.91,0.39,0.36,2024-03-21,751,N20,VIIRS,l,2,317.28,9.49,D,0
18.06977,80.06713,348.81,0.39,0.36,2024-03-21,751,N20,VIIRS,n,2,314.33,9.49,D,0
18.07113,80.4398,339.46,0.38,0.36,2024-03-21,751,N20,VIIRS,l,2,314.36,3.91,D,0
18.07251,81.46693,341.03,0.39,0.36,2024-03-21,751,N20,VIIRS,l,2,315.71,7.43,D,0
18.07302,80.06658,342.89,0.39,0.36,2024-03-21,751,N20,VIIRS,n,2,311.94,9.49,D,0
18.07381,80.5013,337.94,0.38,0.36,2024-03-21,751,N20,VIIRS,l,2,311.94,1.75,D,0
18.07449,80.33698,346.68,0.38,0.36,2024-03-21,751,N20,VIIRS,n,2,309.04,7.01,D,0
18.07489,80.50842,346.74,0.38,0.36,2024-03-21,751,N20,VIIRS,n,2,314.51,5.69,D,0
18.07504,80.34055,334.45,0.38,0.36,2024-03-21,751,N20,VIIRS,n,2,306.49,2.78,D,0
18.07914,80.60246,338.54,0.38,0.36,2024-03-21,751,N20,VIIRS,n,2,310.64,2.7,D,0
18.08454,80.61613,340.17,0.38,0.36,2024-03-21,751,N20,VIIRS,l,2,312.03,6.21,D,0
18.08472,81.41334,345.12,0.39,0.36,2024-03-21,751,N20,VIIRS,l,2,318.09,6.0,D,0
18.08805,80.36023,350.3,0.38,0.36,2024-03-21,751,N20,VIIRS,n,2,311.63,8.7,D,0
18.09205,81.48593,341.67,0.39,0.36,2024-03-21,751,N20,VIIRS,l,2,314.43,4.66,D,0
18.09262,78.91337,344.09,0.41,0.37,2024-03-21,751,N20,VIIRS,n,2,307.14,3.52,D,0
18.09409,80.008,346.15,0.39,0.36,2024-03-21,751,N20,VIIRS,n,2,308.38,6.06,D,0
18.09503,81.27935,340.88,0.39,0.36,2024-03-21,751,N20,VIIRS,l,2,313.66,5.3,D,0
18.09692,81.49622,342.12,0.39,0.36,2024-03-21,751,N20,VIIRS,l,2,312.5,4.27,D,0
18.10315,80.24085,330.01,0.39,0.36,2024-03-21,751,N20,VIIRS,l,2,300.36,3.11,D,0
18.10639,81.44672,341.32,0.39,0.36,2024-03-21,751,N20,VIIRS,l,2,311.98,6.97,D,0
18.10909,80.21427,338.15,0.39,0.36,2024-03-21,751,N20,VIIRS,n,2,302.94,5.17,D,0
18.10963,80.21783,332.73,0.39,0.36,2024-03-21,751,N20,VIIRS,n,2,302.61,6.79,D,0
18.11566,81.29385,340.93,0.39,0.36,2024-03-21,751,N20,VIIRS,l,2,315.22,6.89,D,0
18.11568,80.34468,330.92,0.38,0.36,2024-03-21,751,N20,VIIRS,n,2,304.87,1.0,D,0
18.11671,80.24225,338.67,0.39,0.36,2024-03-21,751,N20,VIIRS,n,2,303.83,5.3,D,0
18.11727,81.45235,339.48,0.39,0.36,2024-03-21,751,N20,VIIRS,l,2,313.81,4.96,D,0
18.11735,81.43021,343.81,0.39,0.36,2024-03-21,751,N20,VIIRS,l,2,316.74,9.14,D,0
18.11839,80.44996,340.12,0.38,0.36,2024-03-21,751,N20,VIIRS,l,2,312.39,4.08,D,0
18.12222,81.44049,344.51,0.39,0.36,2024-03-21,751,N20,VIIRS,l,2,317.4,8.56,D,0
18.12377,81.41763,336.74,0.39,0.36,2024-03-21,751,N20,VIIRS,l,2,311.6,6.2,D,0
18.12808,81.48016,336.92,0.39,0.36,2024-03-21,751,N20,VIIRS,l,2,311.75,4.22,D,0
18.13453,81.44541,338.23,0.39,0.36,2024-03-21,751,N20,VIIRS,l,2,312.58,3.44,D,0
18.14055,81.44076,341.22,0.39,0.36,2024-03-21,751,N20,VIIRS,l,2,313.12,6.67,D,0
18.14213,81.45158,345.62,0.39,0.36,2024-03-21,751,N20,VIIRS,n,2,314.28,5.26,D,0
18.15163,81.40208,342.0,0.39,0.36,2024-03-21,751,N20,VIIRS,n,2,311.61,4.71,D,0
18.15317,81.2988,343.24,0.39,0.36,2024-03-21,751,N20,VIIRS,n,2,314.06,4.43,D,0
18.15642,79.90137,340.3,0.39,0.36,2024-03-21,751,N20,VIIRS,n,2,313.15,2.01,D,0
18.16175,80.3625,336.72,0.38,0.36,2024-03-21,751,N20,VIIRS,l,2,308.52,3.89,D,0
18.17313,80.34966,344.16,0.38,0.36,2024-03-21,751,N20,VIIRS,n,2,308.33,5.63,D,0
18.17896,80.32986,350.05,0.38,0.36,2024-03-21,751,N20,VIIRS,n,2,309.7,5.11,D,0
18.17951,80.33342,337.27,0.38,0.36,2024-03-21,751,N20,VIIRS,l,2,307.49,5.11,D,0
18.18219,80.28553,340.89,0.38,0.36,2024-03-21,751,N20,VIIRS,n,2,308.32,5.56,D,0
18.18275,80.311,351.83,0.38,0.36,2024-03-21,751,N20,VIIRS,n,2,311.55,6.97,D,0
18.1838,80.27428,336.53,0.38,0.36,2024-03-21,751,N20,VIIRS,n,2,306.65,3.85,D,0
18.186,80.31045,335.02,0.38,0.36,2024-03-21,751,N20,VIIRS,l,2,306.0,6.97,D,0
18.18601,80.33233,348.33,0.38,0.36,2024-03-21,751,N20,VIIRS,n,2,308.62,5.41,D,0
18.18763,80.32113,335.55,0.38,0.36,2024-03-21,751,N20,VIIRS,l,2,306.02,5.17,D,0
18.18818,80.32468,351.49,0.38,0.36,2024-03-21,751,N20,VIIRS,n,2,308.42,5.17,D,0
18.18818,80.34655,342.63,0.38,0.36,2024-03-21,751,N20,VIIRS,n,2,309.14,2.68,D,0
18.19088,80.32057,338.92,0.38,0.36,2024-03-21,751,N20,VIIRS,n,2,306.17,4.06,D,0
18.19306,80.40046,342.67,0.38,0.36,2024-03-21,751,N20,VIIRS,l,2,312.68,7.25,D,0
18.19901,80.33015,333.93,0.38,0.36,2024-03-21,751,N20,VIIRS,l,2,307.83,2.61,D,0
18.20011,80.40293,346.08,0.38,0.36,2024-03-21,751,N20,VIIRS,n,2,313.44,2.98,D,0
18.20116,78.06911,343.02,0.43,0.38,2024-03-21,751,N20,VIIRS,l,2,312.22,5.49,D,0
18.20336,80.40239,340.18,0.38,0.36,2024-03-21,751,N20,VIIRS,n,2,311.34,2.31,D,0
18.20689,81.48179,345.25,0.39,0.36,2024-03-21,751,N20,VIIRS,n,2,313.06,4.03,D,0
18.21764,78.0621,344.4,0.43,0.38,2024-03-21,751,N20,VIIRS,n,2,310.05,3.79,D,0
18.22573,80.80762,343.3,0.38,0.36,2024-03-21,751,N20,VIIRS,n,2,309.65,3.93,D,0
18.22609,80.48614,336.2,0.38,0.36,2024-03-21,751,N20,VIIRS,l,2,309.18,3.46,D,0
18.2337,80.4484,335.25,0.38,0.36,2024-03-21,751,N20,VIIRS,l,2,308.82,2.09,D,0
18.24961,80.73016,351.29,0.38,0.36,2024-03-21,751,N20,VIIRS,n,2,312.69,9.7,D,0
18.25117,78.03165,345.93,0.43,0.38,2024-03-21,751,N20,VIIRS,n,2,313.84,5.8,D,0
18.2534,80.73318,353.95,0.38,0.36,2024-03-21,751,N20,VIIRS,n,2,313.95,7.98,D,0
18.25393,80.73674,340.24,0.38,0.36,2024-03-21,751,N20,VIIRS,n,2,314.05,7.98,D,0
18.25972,80.33459,336.52,0.38,0.36,2024-03-21,751,N20,VIIRS,l,2,311.31,5.47,D,0
18.26187,80.4583,345.3,0.38,0.36,2024-03-21,751,N20,VIIRS,n,2,311.24,4.63,D,0
18.26622,80.3116,338.26,0.38,0.36,2024-03-21,751,N20,VIIRS,l,2,312.79,3.41,D,0
18.2746,80.69686,337.75,0.38,0.36,2024-03-21,751,N20,VIIRS,n,2,310.78,3.48,D,0
18.28909,80.01044,335.49,0.39,0.36,2024-03-21,751,N20,VIIRS,l,2,309.25,1.38,D,0
18.29234,80.00989,347.8,0.39,0.36,2024-03-21,751,N20,VIIRS,n,2,310.97,3.63,D,0
18.2929,80.01347,335.49,0.39,0.36,2024-03-21,751,N20,VIIRS,l,2,309.98,3.63,D,0
18.30945,77.32127,343.95,0.46,0.39,2024-03-21,751,N20,VIIRS,l,2,318.24,8.4,D,0
18.31539,80.59167,344.55,0.38,0.36,2024-03-21,751,N20,VIIRS,n,2,312.71,3.33,D,0
18.31593,80.59523,340.4,0.38,0.36,2024-03-21,751,N20,VIIRS,l,2,310.95,3.33,D,0
18.31695,79.44626,332.07,0.39,0.36,2024-03-21,751,N20,VIIRS,n,2,303.33,2.43,D,0
18.32025,80.12618,338.29,0.39,0.36,2024-03-21,751,N20,VIIRS,n,2,309.34,2.42,D,0
18.32073,80.64914,345.59,0.38,0.36,2024-03-21,751,N20,VIIRS,n,2,308.44,3.59,D,0
18.32102,80.78403,342.84,0.38,0.36,2024-03-21,751,N20,VIIRS,n,2,312.28,3.35,D,0
18.32296,80.12208,338.37,0.39,0.36,2024-03-21,751,N20,VIIRS,l,2,311.71,4.5,D,0
18.32351,80.12564,344.55,0.39,0.36,2024-03-21,751,N20,VIIRS,n,2,310.4,4.5,D,0
18.33114,80.15363,338.65,0.39,0.36,2024-03-21,751,N20,VIIRS,n,2,309.21,3.3,D,0
18.33501,80.50735,345.39,0.38,0.36,2024-03-21,751,N20,VIIRS,n,2,312.16,6.63,D,0
18.34699,80.34476,334.7,0.38,0.36,2024-03-21,751,N20,VIIRS,l,2,305.28,4.06,D,0
18.34748,80.50163,338.66,0.38,0.36,2024-03-21,751,N20,VIIRS,l,2,313.41,8.88,D,0
18.34842,80.09212,341.89,0.39,0.36,2024-03-21,751,N20,VIIRS,n,2,311.8,4.86,D,0
18.34858,80.24582,336.99,0.38,0.36,2024-03-21,751,N20,VIIRS,l,2,311.61,4.46,D,0
18.35077,80.30392,333.33,0.38,0.36,2024-03-21,751,N20,VIIRS,l,2,307.62,1.85,D,0
18.35113,81.233,337.02,0.39,0.36,2024-03-21,751,N20,VIIRS,l,2,310.71,2.35,D,0
18.35168,80.09155,337.36,0.39,0.36,2024-03-21,751,N20,VIIRS,l,2,311.27,4.59,D,0
18.35402,80.30339,335.17,0.38,0.36,2024-03-21,751,N20,VIIRS,l,2,306.39,1.85,D,0
18.35674,80.36504,336.43,0.38,0.36,2024-03-21,751,N20,VIIRS,n,2,304.83,3.09,D,0
18.35728,80.30284,330.46,0.38,0.36,2024-03-21,751,N20,VIIRS,l,2,304.99,1.75,D,0
18.35782,80.41597,340.5,0.38,0.36,2024-03-21,751,N20,VIIRS,l,2,313.52,3.79,D,0
18.35999,80.36449,338.92,0.38,0.36,2024-03-21,751,N20,VIIRS,n,2,304.99,2.12,D,0
18.36053,80.38996,348.09,0.38,0.36,2024-03-21,751,N20,VIIRS,n,2,311.61,4.27,D,0
18.36107,80.39352,342.36,0.38,0.36,2024-03-21,751,N20,VIIRS,l,2,313.67,3.39,D,0
18.36107,80.41543,341.15,0.38,0.36,2024-03-21,751,N20,VIIRS,l,2,311.18,7.46,D,0
18.36323,80.27627,345.87,0.38,0.36,2024-03-21,751,N20,VIIRS,n,2,305.31,5.74,D,0
18.36487,80.35273,352.01,0.38,0.36,2024-03-21,751,N20,VIIRS,n,2,312.44,7.8,D,0
18.36758,80.3267,330.54,0.38,0.36,2024-03-21,751,N20,VIIRS,l,2,304.89,1.32,D,0
18.37571,80.40205,344.42,0.38,0.36,2024-03-21,751,N20,VIIRS,n,2,313.24,3.53,D,0
18.38112,80.41574,342.28,0.38,0.36,2024-03-21,751,N20,VIIRS,l,2,312.59,4.35,D,0
18.3842,80.6123,340.6,0.38,0.36,2024-03-21,751,N20,VIIRS,l,2,314.86,6.85,D,0
18.39664,80.62849,340.67,0.38,0.36,2024-03-21,751,N20,VIIRS,l,2,315.34,5.74,D,0
18.39936,80.21487,337.67,0.38,0.36,2024-03-21,751,N20,VIIRS,l,2,309.03,4.36,D,0
18.40171,80.3977,344.29,0.38,0.36,2024-03-21,751,N20,VIIRS,n,2,311.61,4.46,D,0
18.4064,80.62688,350.18,0.38,0.36,2024-03-21,751,N20,VIIRS,n,2,314.67,7.37,D,0
18.40812,80.40342,349.92,0.38,0.36,2024-03-21,751,N20,VIIRS,n,2,314.51,6.09,D,0
18.40965,80.62634,350.09,0.38,0.36,2024-03-21,751,N20,VIIRS,n,2,312.71,7.37,D,0
18.41299,80.39165,354.77,0.38,0.36,2024-03-21,751,N20,VIIRS,n,2,312.02,10.66,D,0
18.41475,77.12417,343.48,0.47,0.4,2024-03-21,751,N20,VIIRS,l,2,316.5,3.04,D,0
18.42003,80.43796,346.46,0.38,0.36,2024-03-21,751,N20,VIIRS,n,2,313.13,11.95,D,0
18.43136,80.22778,349.13,0.38,0.36,2024-03-21,751,N20,VIIRS,n,2,311.87,7.6,D,0
18.43171,81.24492,334.61,0.39,0.36,2024-03-21,751,N20,VIIRS,l,2,306.34,1.3,D,0
18.43459,80.53409,340.99,0.38,0.36,2024-03-21,751,N20,VIIRS,l,2,311.86,3.61,D,0
18.43535,81.15614,340.3,0.39,0.36,2024-03-21,751,N20,VIIRS,l,2,311.7,3.18,D,0
18.45476,79.97445,343.4,0.39,0.36,2024-03-21,751,N20,VIIRS,n,2,310.77,4.56,D,0
18.45493,81.15295,339.09,0.39,0.36,2024-03-21,751,N20,VIIRS,l,2,310.88,4.48,D,0
18.45559,79.89337,335.39,0.39,0.36,2024-03-21,751,N20,VIIRS,l,2,309.17,1.44,D,0
18.45851,79.95545,352.98,0.39,0.36,2024-03-21,751,N20,VIIRS,n,2,311.81,6.54,D,0
18.46895,81.43076,337.75,0.39,0.36,2024-03-21,751,N20,VIIRS,l,2,309.17,8.09,D,0
18.47308,80.50214,344.53,0.38,0.36,2024-03-21,751,N20,VIIRS,n,2,314.18,3.91,D,0
18.49323,80.22453,355.44,0.38,0.36,2024-03-21,751,N20,VIIRS,n,2,314.81,10.41,D,0
18.49648,80.22398,342.11,0.38,0.36,2024-03-21,751,N20,VIIRS,n,2,313.92,2.5,D,0
18.49703,80.22755,335.82,0.38,0.36,2024-03-21,751,N20,VIIRS,l,2,309.81,2.5,D,0
18.49882,80.69498,339.68,0.38,0.36,2024-03-21,751,N20,VIIRS,n,2,310.8,6.14,D,0
18.51754,80.81984,336.13,0.38,0.36,2024-03-21,751,N20,VIIRS,l,2,310.79,3.77,D,0
18.5302,80.72636,336.92,0.38,0.36,2024-03-21,751,N20,VIIRS,l,2,308.62,6.54,D,0
18.53395,79.9242,340.87,0.39,0.36,2024-03-21,751,N20,VIIRS,l,2,315.36,3.64,D,0
18.5351,79.95341,337.31,0.39,0.36,2024-03-21,751,N20,VIIRS,l,2,310.54,2.52,D,0
18.55153,80.89109,338.85,0.38,0.36,2024-03-21,751,N20,VIIRS,l,2,312.17,2.31,D,0
18.56556,80.91808,344.83,0.39,0.36,2024-03-21,751,N20,VIIRS,n,2,315.55,4.75,D,0
18.57273,80.63876,336.73,0.38,0.36,2024-03-21,751,N20,VIIRS,l,2,311.49,6.62,D,0
18.5759,80.68209,341.76,0.38,0.36,2024-03-21,751,N20,VIIRS,n,2,310.76,3.4,D,0
18.57693,80.71117,337.24,0.38,0.36,2024-03-21,751,N20,VIIRS,l,2,312.17,3.45,D,0
18.5796,80.72897,332.41,0.38,0.36,2024-03-21,751,N20,VIIRS,l,2,306.96,2.35,D,0
18.58611,78.6749,346.53,0.41,0.37,2024-03-21,751,N20,VIIRS,n,2,315.2,5.64,D,0
18.58945,78.67431,338.01,0.41,0.37,2024-03-21,751,N20,VIIRS,l,2,312.78,5.64,D,0
18.59679,80.40099,346.57,0.38,0.36,2024-03-21,751,N20,VIIRS,n,2,315.16,8.93,D,0
18.61452,80.21825,343.84,0.38,0.36,2024-03-21,751,N20,VIIRS,n,2,312.63,6.95,D,0
18.61654,80.68636,344.58,0.38,0.36,2024-03-21,751,N20,VIIRS,n,2,309.74,5.84,D,0
18.61872,80.67869,333.55,0.38,0.36,2024-03-21,751,N20,VIIRS,l,2,307.41,2.31,D,0
18.62054,80.30142,337.75,0.38,0.36,2024-03-21,751,N20,VIIRS,n,2,307.55,4.84,D,0
18.6471,80.30063,348.92,0.38,0.36,2024-03-21,751,N20,VIIRS,n,2,304.5,5.54,D,0
18.64834,78.61317,344.84,0.41,0.37,2024-03-21,751,N20,VIIRS,n,2,316.29,9.26,D,0
18.64847,80.04758,336.35,0.39,0.36,2024-03-21,751,N20,VIIRS,l,2,311.29,4.14,D,0
18.65168,78.61254,348.06,0.41,0.37,2024-03-21,751,N20,VIIRS,n,2,312.92,6.44,D,0
18.65229,78.61634,347.69,0.41,0.37,2024-03-21,751,N20,VIIRS,n,2,313.47,6.44,D,0
18.65713,80.71255,335.82,0.38,0.36,2024-03-21,751,N20,VIIRS,n,2,305.71,5.14,D,0
18.65942,79.75837,345.16,0.39,0.36,2024-03-21,751,N20,VIIRS,n,2,315.48,13.77,D,0
18.68211,80.0564,338.89,0.39,0.36,2024-03-21,751,N20,VIIRS,l,2,311.24,5.05,D,0
18.69661,80.69455,337.57,0.38,0.36,2024-03-21,751,N20,VIIRS,n,2,305.56,2.11,D,0
18.78098,80.15708,340.31,0.38,0.36,2024-03-21,751,N20,VIIRS,l,2,313.03,2.99,D,0
18.7853,80.14169,339.24,0.38,0.36,2024-03-21,751,N20,VIIRS,l,2,313.16,1.87,D,0
18.78584,80.14526,339.91,0.38,0.36,2024-03-21,751,N20,VIIRS,l,2,312.05,2.17,D,0
18.78855,80.14114,342.41,0.38,0.36,2024-03-21,751,N20,VIIRS,n,2,314.07,3.2,D,0
18.79019,80.15187,344.36,0.38,0.36,2024-03-21,751,N20,VIIRS,n,2,314.09,4.27,D,0
18.79398,80.15491,347.98,0.38,0.36,2024-03-21,751,N20,VIIRS,n,2,314.94,4.27,D,0
18.79724,80.15436,346.36,0.38,0.36,2024-03-21,751,N20,VIIRS,l,2,319.32,26.77,D,0
18.79726,80.17636,339.55,0.38,0.36,2024-03-21,751,N20,VIIRS,n,2,311.69,1.95,D,0
18.79778,80.15794,338.1,0.38,0.36,2024-03-21,751,N20,VIIRS,l,2,312.11,12.48,D,0
18.80103,80.15739,353.29,0.38,0.36,2024-03-21,751,N20,VIIRS,n,2,314.27,12.48,D,0
18.80184,80.1268,347.56,0.38,0.36,2024-03-21,751,N20,VIIRS,n,2,314.73,12.11,D,0
18.82224,80.31862,337.53,0.38,0.36,2024-03-21,751,N20,VIIRS,l,2,312.44,3.12,D,0
18.83223,80.15099,351.77,0.38,0.36,2024-03-21,751,N20,VIIRS,n,2,314.29,7.67,D,0
18.8371,80.13917,346.92,0.38,0.36,2024-03-21,751,N20,VIIRS,n,2,313.85,7.98,D,0
18.88386,80.86124,354.73,0.39,0.36,2024-03-21,751,N20,VIIRS,n,2,312.11,7.65,D,0
18.91422,79.60621,349.76,0.39,0.36,2024-03-21,751,N20,VIIRS,n,2,312.49,6.85,D,0
18.92393,79.58226,339.43,0.39,0.36,2024-03-21,751,N20,VIIRS,n,2,311.37,2.5,D,0
18.9272,79.5817,348.38,0.39,0.36,2024-03-21,751,N20,VIIRS,n,2,311.13,4.86,D,0
18.93351,80.03465,342.53,0.39,0.36,2024-03-21,751,N20,VIIRS,n,2,308.9,4.84,D,0
18.93881,78.40422,339.28,0.41,0.37,2024-03-21,751,N20,VIIRS,n,2,313.54,5.4,D,0
18.95985,78.38461,343.43,0.41,0.37,2024-03-21,751,N20,VIIRS,n,2,307.48,3.8,D,0
18.96047,78.38844,337.35,0.41,0.37,2024-03-21,751,N20,VIIRS,l,2,311.65,3.8,D,0
18.96463,78.73556,341.37,0.41,0.37,2024-03-21,751,N20,VIIRS,n,2,309.66,3.08,D,0
18.97588,79.64709,339.74,0.39,0.36,2024-03-21,751,N20,VIIRS,l,2,312.01,2.08,D,0
18.97649,78.00779,345.33,0.43,0.38,2024-03-21,751,N20,VIIRS,n,2,314.98,9.29,D,0
18.98194,78.52239,336.96,0.41,0.37,2024-03-21,751,N20,VIIRS,l,2,311.28,3.56,D,0
18.98425,78.33207,337.9,0.42,0.37,2024-03-21,751,N20,VIIRS,l,2,311.93,2.91,D,0
19.0297,77.3366,343.31,0.45,0.39,2024-03-21,751,N20,VIIRS,n,2,316.61,7.98,D,0
19.03362,79.80355,341.72,0.39,0.36,2024-03-21,751,N20,VIIRS,n,2,310.58,3.81,D,0
19.09674,80.19372,337.29,0.38,0.36,2024-03-21,751,N20,VIIRS,l,2,309.54,2.46,D,0
19.16635,78.92966,332.8,0.4,0.37,2024-03-21,751,N20,VIIRS,l,2,306.93,1.18,D,0
19.18336,78.97232,337.69,0.4,0.37,2024-03-21,751,N20,VIIRS,l,2,312.43,4.22,D,0
19.18666,78.97175,337.75,0.4,0.37,2024-03-21,751,N20,VIIRS,l,2,311.12,3.1,D,0
19.2062,78.83855,344.03,0.4,0.37,2024-03-21,751,N20,VIIRS,n,2,310.31,5.94,D,0
19.20892,78.83424,337.21,0.4,0.37,2024-03-21,751,N20,VIIRS,l,2,310.88,3.01,D,0
19.21282,78.83736,348.08,0.4,0.37,2024-03-21,751,N20,VIIRS,n,2,313.42,11.89,D,0
19.21731,78.84421,336.86,0.4,0.37,2024-03-21,751,N20,VIIRS,l,2,311.17,3.89,D,0
19.31443,78.76941,346.23,0.4,0.37,2024-03-21,751,N20,VIIRS,n,2,315.22,4.91,D,0
19.38725,78.52053,339.85,0.41,0.37,2024-03-21,751,N20,VIIRS,l,2,312.34,4.37,D,0
19.44296,80.12281,340.89,0.38,0.36,2024-03-21,751,N20,VIIRS,n,2,310.06,3.05,D,0
19.5242,80.29237,343.19,0.38,0.36,2024-03-21,751,N20,VIIRS,n,2,308.5,3.13,D,0
19.24961,77.30171,346.05,0.45,0.39,2024-03-21,752,N20,VIIRS,n,2,317.89,10.09,D,0
19.30314,77.14401,348.13,0.46,0.39,2024-03-21,752,N20,VIIRS,n,2,313.86,6.08,D,0
19.77412,78.55157,350.14,0.4,0.37,2024-03-21,752,N20,VIIRS,n,2,321.69,10.19,D,0
19.80557,77.39911,340.6,0.44,0.39,2024-03-21,752,N20,VIIRS,n,2,313.56,5.59,D,0
19.82106,80.41844,335.93,0.38,0.36,2024-03-21,752,N20,VIIRS,n,2,308.77,1.52,D,0
19.84718,77.17723,345.08,0.45,0.39,2024-03-21,752,N20,VIIRS,l,2,318.74,9.71,D,0
19.90395,77.10133,345.62,0.45,0.39,2024-03-21,752,N20,VIIRS,n,2,318.52,7.93,D,0
19.91969,80.41586,342.6,0.38,0.36,2024-03-21,752,N20,VIIRS,n,2,311.11,3.76,D,0
19.94008,80.00661,343.54,0.38,0.36,2024-03-21,752,N20,VIIRS,n,2,311.37,6.32,D,0
19.94063,80.01021,339.82,0.38,0.36,2024-03-21,752,N20,VIIRS,n,2,312.67,3.16,D,0
19.94281,80.59277,342.65,0.39,0.36,2024-03-21,752,N20,VIIRS,n,2,309.9,3.33,D,0
19.94333,80.00606,352.81,0.38,0.36,2024-03-21,752,N20,VIIRS,n,2,314.1,6.32,D,0
19.94388,80.00966,338.13,0.38,0.36,2024-03-21,752,N20,VIIRS,n,2,312.08,3.16,D,0
19.95262,80.06717,340.62,0.38,0.36,2024-03-21,752,N20,VIIRS,l,2,313.83,2.32,D,0
19.96408,80.29743,332.21,0.38,0.36,2024-03-21,752,N20,VIIRS,l,2,306.1,3.03,D,0
19.96554,80.48517,333.92,0.38,0.36,2024-03-21,752,N20,VIIRS,n,2,306.75,1.4,D,0
19.97095,78.20681,342.38,0.41,0.37,2024-03-21,752,N20,VIIRS,l,2,314.71,23.98,D,0
19.98627,80.88566,338.54,0.39,0.36,2024-03-21,752,N20,VIIRS,n,2,309.04,1.78,D,0
17.06214,77.02358,315.52,0.4,0.37,2024-03-21,2021,N20,VIIRS,n,2,293.6,0.96,N,0
17.13977,77.18472,310.14,0.4,0.37,2024-03-21,2021,N20,VIIRS,n,2,295.95,1.22,N,2
17.14087,77.17728,311.23,0.4,0.37,2024-03-21,2021,N20,VIIRS,n,2,298.51,1.31,N,2
17.29051,77.47433,328.67,0.39,0.36,2024-03-21,2021,N20,VIIRS,n,2,293.92,3.82,N,0
17.35068,80.88874,304.61,0.42,0.38,2024-03-21,2021,N20,VIIRS,n,2,293.18,0.7,N,0
17.65461,80.33063,304.22,0.4,0.37,2024-03-21,2021,N20,VIIRS,n,2,292.89,0.7,N,0
17.67194,80.47784,307.41,0.41,0.37,2024-03-21,2021,N20,VIIRS,n,2,295.76,0.96,N,0
17.69922,78.48453,302.97,0.38,0.36,2024-03-21,2021,N20,VIIRS,n,2,291.96,0.51,N,0
17.74545,77.03835,311.75,0.4,0.37,2024-03-21,2021,N20,VIIRS,n,2,291.38,1.14,N,0
17.83764,80.02527,310.36,0.4,0.37,2024-03-21,2021,N20,VIIRS,n,2,294.39,0.94,N,0
17.87843,80.42044,304.64,0.4,0.37,2024-03-21,2021,N20,VIIRS,n,2,293.79,0.74,N,0
17.98459,80.92361,309.92,0.42,0.37,2024-03-21,2021,N20,VIIRS,n,2,294.46,1.19,N,0
18.02343,81.09191,304.48,0.42,0.38,2024-03-21,2021,N20,VIIRS,n,2,294.46,0.94,N,0
18.20289,80.83833,311.8,0.41,0.37,2024-03-21,2021,N20,VIIRS,n,2,293.77,0.64,N,0
18.36473,80.21683,309.44,0.4,0.37,2024-03-21,2021,N20,VIIRS,n,2,294.69,1.41,N,0
18.37154,80.35582,307.29,0.4,0.37,2024-03-21,2021,N20,VIIRS,n,2,294.68,0.91,N,0
18.37262,80.21056,306.52,0.4,0.37,2024-03-21,2021,N20,VIIRS,n,2,294.23,1.45,N,0
18.41144,80.70078,304.47,0.41,0.37,2024-03-21,2021,N20,VIIRS,n,2,293.51,0.62,N,0
18.432,80.42854,306.28,0.4,0.37,2024-03-21,2021,N20,VIIRS,n,2,294.48,0.81,N,0
18.57605,78.17023,304.45,0.39,0.36,2024-03-21,2021,N20,VIIRS,n,2,294.3,0.45,N,0
18.57661,78.16656,304.42,0.39,0.36,2024-03-21,2021,N20,VIIRS,n,2,294.32,0.45,N,0
18.57966,77.02965,312.08,0.41,0.37,2024-03-21,2021,N20,VIIRS,n,2,289.3,1.25,N,0
18.59575,80.52618,310.27,0.4,0.37,2024-03-21,2021,N20,VIIRS,n,2,295.33,1.52,N,0
18.59673,80.39511,307.3,0.4,0.37,2024-03-21,2021,N20,VIIRS,n,2,295.67,1.4,N,0
18.65045,80.02657,304.3,0.39,0.36,2024-03-21,2021,N20,VIIRS,n,2,293.89,0.42,N,0
18.66897,80.26962,307.05,0.4,0.37,2024-03-21,2021,N20,VIIRS,n,2,295.61,1.25,N,0
18.67525,79.5577,314.29,0.39,0.36,2024-03-21,2021,N20,VIIRS,n,2,297.09,2.44,N,0
18.67584,79.55407,333.8,0.39,0.36,2024-03-21,2021,N20,VIIRS,n,2,298.22,3.44,N,0
18.71973,79.53532,311.93,0.39,0.36,2024-03-21,2021,N20,VIIRS,n,2,298.3,1.54,N,2
18.72304,79.5359,311.06,0.39,0.36,2024-03-21,2021,N20,VIIRS,n,2,297.29,1.68,N,2
18.78819,80.16496,306.2,0.39,0.36,2024-03-21,2021,N20,VIIRS,n,2,294.61,0.81,N,0
18.78939,80.15757,313.28,0.39,0.36,2024-03-21,2021,N20,VIIRS,n,2,295.12,1.99,N,0
18.79697,80.17414,308.59,0.39,0.36,2024-03-21,2021,N20,VIIRS,n,2,294.5,0.83,N,0
18.79878,80.16302,304.94,0.39,0.36,2024-03-21,2021,N20,VIIRS,n,2,294.6,0.75,N,0
18.80029,80.17474,305.1,0.39,0.36,2024-03-21,2021,N20,VIIRS,n,2,294.73,0.83,N,0
18.8021,80.1636,305.76,0.39,0.36,2024-03-21,2021,N20,VIIRS,n,2,294.82,0.75,N,0
18.80875,80.16483,308.52,0.39,0.36,2024-03-21,2021,N20,VIIRS,n,2,294.5,0.99,N,0
18.80935,80.16113,305.0,0.39,0.36,2024-03-21,2021,N20,VIIRS,n,2,294.78,0.99,N,0
18.82298,80.32371,305.7,0.4,0.37,2024-03-21,2021,N20,VIIRS,n,2,293.16,0.49,N,0
18.89397,79.03394,309.86,0.38,0.36,2024-03-21,2021,N20,VIIRS,n,2,294.63,0.97,N,0
18.92705,79.57892,310.74,0.39,0.36,2024-03-21,2021,N20,VIIRS,n,2,294.95,1.32,N,0
18.94629,78.74217,308.71,0.38,0.36,2024-03-21,2021,N20,VIIRS,n,2,293.19,0.61,N,0
18.95391,78.60581,313.12,0.39,0.36,2024-03-21,2021,N20,VIIRS,n,2,293.17,0.91,N,0
18.96445,78.73782,305.0,0.38,0.36,2024-03-21,2021,N20,VIIRS,n,2,293.05,0.87,N,0
19.13372,77.20978,303.82,0.41,0.37,2024-03-21,2021,N20,VIIRS,n,2,289.91,0.61,N,0
19.15233,79.20862,306.29,0.38,0.36,2024-03-21,2021,N20,VIIRS,n,2,294.22,0.62,N,0
19.159,78.19846,304.5,0.39,0.36,2024-03-21,2021,N20,VIIRS,n,2,292.14,0.53,N,0
19.16582,78.92834,309.76,0.38,0.36,2024-03-21,2021,N20,VIIRS,n,2,295.33,1.57,N,0
19.16968,78.92529,310.12,0.38,0.36,2024-03-21,2021,N20,VIIRS,n,2,294.35,1.86,N,0
19.18423,78.54408,307.18,0.39,0.36,2024-03-21,2021,N20,VIIRS,n,2,292.97,0.93,N,0
19.18479,78.54044,304.1,0.39,0.36,2024-03-21,2021,N20,VIIRS,n,2,292.26,0.33,N,0
19.18858,78.86905,312.38,0.38,0.36,2024-03-21,2021,N20,VIIRS,n,2,294.54,0.82,N,0
19.18914,78.55614,308.39,0.39,0.36,2024-03-21,2021,N20,VIIRS,n,2,293.66,1.12,N,0
19.19187,78.86961,307.59,0.38,0.36,2024-03-21,2021,N20,VIIRS,n,2,293.39,0.82,N,0
19.19244,78.86599,303.83,0.38,0.36,2024-03-21,2021,N20,VIIRS,n,2,291.71,0.82,N,0
19.20288,78.86407,304.45,0.38,0.36,2024-03-21,2021,N20,VIIRS,n,2,291.46,0.96,N,0
19.20344,78.86044,313.9,0.38,0.36,2024-03-21,2021,N20,VIIRS,n,2,292.04,0.96,N,0
19.20617,78.86464,315.55,0.38,0.36,2024-03-21,2021,N20,VIIRS,n,2,293.32,0.96,N,0
19.22029,78.57632,306.48,0.39,0.36,2024-03-21,2021,N20,VIIRS,n,2,294.72,0.78,N,0
19.22085,78.57269,307.64,0.39,0.36,2024-03-21,2021,N20,VIIRS,n,2,292.87,0.78,N,0
19.22304,78.58052,306.46,0.39,0.36,2024-03-21,2021,N20,VIIRS,n,2,294.15,1.33,N,0
19.32058,77.00729,300.16,0.42,0.37,2024-03-21,2021,N20,VIIRS,n,2,289.89,0.46,N,0
19.75288,79.98569,306.99,0.39,0.36,2024-03-21,2021,N20,VIIRS,n,2,292.89,0.96,N,0
19.78717,79.14934,315.19,0.38,0.36,2024-03-21,2021,N20,VIIRS,n,2,298.38,2.09,N,2
19.8139,79.28098,307.01,0.38,0.36,2024-03-21,2021,N20,VIIRS,n,2,293.88,0.99,N,0
19.92184,79.11267,306.98,0.38,0.36,2024-03-21,2021,N20,VIIRS,n,2,296.94,1.08,N,2
19.95076,78.28329,306.82,0.39,0.36,2024-03-21,2021,N20,VIIRS,n,2,293.66,1.3,N,0
19.96352,78.26646,314.14,0.39,0.36,2024-03-21,2021,N20,VIIRS,n,2,293.1,1.26,N,0
19.96862,78.2102,309.77,0.39,0.36,2024-03-21,2021,N20,VIIRS,n,2,293.13,0.92,N,0
19.96918,78.20647,311.24,0.39,0.36,2024-03-21,2021,N20,VIIRS,n,2,292.96,0.92,N,0
19.9852,79.0788,310.37,0.38,0.36,2024-03-21,2021,N20,VIIRS,n,2,295.03,1.29,N,0
15.53063,78.70099,307.08,0.39,0.36,2024-03-21,2022,N20,VIIRS,n,2,294.08,0.96,N,0
15.5312,78.69741,309.47,0.39,0.36,2024-03-21,2022,N20,VIIRS,n,2,295.13,0.96,N,0
15.53507,78.69438,306.37,0.39,0.36,2024-03-21,2022,N20,VIIRS,n,2,294.75,0.94,N,0
15.54223,78.69192,318.3,0.39,0.36,2024-03-21,2022,N20,VIIRS,n,2,294.64,2.13,N,0
15.54496,78.69604,315.04,0.39,0.36,2024-03-21,2022,N20,VIIRS,n,2,295.36,1.29,N,0
15.54553,78.69247,327.85,0.39,0.36,2024-03-21,2022,N20,VIIRS,n,2,295.89,1.29,N,0
15.54713,78.70373,314.15,0.39,0.36,2024-03-21,2022,N20,VIIRS,n,2,295.34,1.42,N,0
15.54769,78.70016,316.36,0.39,0.36,2024-03-21,2022,N20,VIIRS,n,2,295.04,1.42,N,0
15.54826,78.69659,305.22,0.39,0.36,2024-03-21,2022,N20,VIIRS,n,2,294.53,1.29,N,0
15.55636,78.73093,305.74,0.39,0.36,2024-03-21,2022,N20,VIIRS,n,2,294.73,1.08,N,0
15.57691,78.68675,307.52,0.39,0.36,2024-03-21,2022,N20,VIIRS,n,2,294.83,1.09,N,0
15.57964,78.69085,309.86,0.39,0.36,2024-03-21,2022,N20,VIIRS,n,2,294.39,0.74,N,0
15.58294,78.69139,305.11,0.39,0.36,2024-03-21,2022,N20,VIIRS,n,2,293.38,0.74,N,0
15.58955,78.67341,309.05,0.39,0.36,2024-03-21,2022,N20,VIIRS,n,2,294.05,1.1,N,0
15.59115,78.68463,305.58,0.39,0.36,2024-03-21,2022,N20,VIIRS,n,2,294.09,0.92,N,0
15.59171,78.68108,308.68,0.39,0.36,2024-03-21,2022,N20,VIIRS,n,2,294.59,1.77,N,0
16.0233,78.83122,316.48,0.39,0.36,2024-03-21,2022,N20,VIIRS,n,2,296.48,2.44,N,0
16.03374,78.46346,310.83,0.38,0.36,2024-03-21,2022,N20,VIIRS,n,2,296.8,1.47,N,0
16.0343,78.45991,320.86,0.38,0.36,2024-03-21,2022,N20,VIIRS,n,2,296.85,1.47,N,0
16.0364,78.48949,308.74,0.38,0.36,2024-03-21,2022,N20,VIIRS,n,2,295.38,1.13,N,0
16.04355,78.48705,315.26,0.38,0.36,2024-03-21,2022,N20,VIIRS,n,2,296.49,1.65,N,0
16.06899,79.03371,305.93,0.39,0.36,2024-03-21,2022,N20,VIIRS,n,2,293.25,0.8,N,0
16.09649,79.0969,303.45,0.39,0.36,2024-03-21,2022,N20,VIIRS,n,2,292.68,0.39,N,0
16.09921,79.10109,302.62,0.39,0.36,2024-03-21,2022,N20,VIIRS,n,2,292.17,0.94,N,0
16.10252,79.10165,322.15,0.39,0.36,2024-03-21,2022,N20,VIIRS,n,2,292.62,0.94,N,0
16.10582,79.10221,303.77,0.39,0.36,2024-03-21,2022,N20,VIIRS,n,2,292.93,0.36,N,0
16.28957,77.35888,313.68,0.39,0.36,2024-03-21,2022,N20,VIIRS,n,2,296.85,1.86,N,0
16.30621,77.36159,307.08,0.39,0.36,2024-03-21,2022,N20,VIIRS,n,2,296.68,1.5,N,0
15.53113,78.90449,333.17,0.56,0.52,2024-03-22,730,N20,VIIRS,l,2,306.29,2.15,D,0
15.54439,80.19418,333.67,0.46,0.47,2024-03-22,730,N20,VIIRS,n,2,303.79,3.25,D,0
15.56827,79.96129,341.87,0.48,0.48,2024-03-22,730,N20,VIIRS,n,2,305.81,2.43,D,0
15.60151,79.22749,334.86,0.53,0.5,2024-03-22,730,N20,VIIRS,l,2,308.51,3.58,D,0
15.61157,79.02888,332.45,0.55,0.51,2024-03-22,730,N20,VIIRS,l,2,305.66,3.19,D,0
15.61234,77.97997,346.86,0.32,0.55,2024-03-22,730,N20,VIIRS,n,2,308.37,4.73,D,0
15.6129,77.9829,338.96,0.32,0.55,2024-03-22,730,N20,VIIRS,n,2,307.71,3.89,D,0
15.61724,77.97898,340.26,0.32,0.55,2024-03-22,730,N20,VIIRS,n,2,307.46,4.39,D,0
15.65407,77.92123,338.32,0.33,0.55,2024-03-22,730,N20,VIIRS,l,2,309.95,3.21,D,0
15.66128,79.34885,335.83,0.52,0.5,2024-03-22,730,N20,VIIRS,l,2,309.14,3.66,D,0
15.66591,78.9384,343.14,0.56,0.51,2024-03-22,730,N20,VIIRS,n,2,309.65,5.93,D,0
15.72663,78.47661,341.35,0.6,0.53,2024-03-22,730,N20,VIIRS,n,2,306.64,10.0,D,0
15.72764,78.48195,340.79,0.6,0.53,2024-03-22,730,N20,VIIRS,n,2,305.49,10.67,D,0
15.73932,77.53596,334.38,0.34,0.56,2024-03-22,730,N20,VIIRS,l,2,307.93,2.64,D,0
15.74049,78.75624,341.6,0.57,0.52,2024-03-22,730,N20,VIIRS,n,2,302.65,5.43,D,0
15.7629,77.73707,342.59,0.33,0.56,2024-03-22,730,N20,VIIRS,n,2,310.34,2.58,D,0
15.8487,78.12817,333.32,0.63,0.54,2024-03-22,730,N20,VIIRS,l,2,305.89,6.01,D,0
15.85653,78.86779,331.27,0.56,0.51,2024-03-22,730,N20,VIIRS,n,2,303.2,6.51,D,0
15.86033,78.86269,341.22,0.56,0.51,2024-03-22,730,N20,VIIRS,n,2,305.04,6.51,D,0
15.86117,78.86714,343.98,0.56,0.51,2024-03-22,730,N20,VIIRS,n,2,303.36,6.51,D,0
15.88797,77.63264,333.74,0.34,0.56,2024-03-22,730,N20,VIIRS,l,2,306.27,2.06,D,0
15.88856,77.63567,342.27,0.34,0.56,2024-03-22,730,N20,VIIRS,n,2,308.05,2.48,D,0
15.89014,77.80362,335.89,0.33,0.55,2024-03-22,730,N20,VIIRS,l,2,306.38,1.68,D,0
15.91648,78.53404,343.0,0.59,0.53,2024-03-22,730,N20,VIIRS,n,2,308.75,17.89,D,0
15.94182,80.00356,335.26,0.47,0.48,2024-03-22,730,N20,VIIRS,l,2,306.19,3.55,D,0
15.96847,77.80428,336.12,0.33,0.55,2024-03-22,730,N20,VIIRS,l,2,306.22,0.87,D,0
15.98361,78.7612,330.36,0.56,0.52,2024-03-22,730,N20,VIIRS,n,2,299.92,6.45,D,0
15.98465,78.76677,333.92,0.56,0.52,2024-03-22,730,N20,VIIRS,n,2,301.52,4.73,D,0
15.98832,78.96295,334.35,0.55,0.51,2024-03-22,730,N20,VIIRS,l,2,304.42,4.63,D,0
15.99229,78.63755,342.49,0.57,0.52,2024-03-22,730,N20,VIIRS,n,2,299.68,4.31,D,0
15.99284,78.96188,336.29,0.55,0.51,2024-03-22,730,N20,VIIRS,n,2,302.19,4.7,D,0
15.99467,78.64023,336.23,0.57,0.52,2024-03-22,730,N20,VIIRS,n,2,300.61,8.98,D,0
15.99694,78.63658,331.47,0.57,0.52,2024-03-22,730,N20,VIIRS,n,2,298.57,4.31,D,0
16.01624,77.68015,334.51,0.33,0.56,2024-03-22,730,N20,VIIRS,l,2,305.76,1.47,D,0
16.01654,78.66309,344.47,0.57,0.52,2024-03-22,730,N20,VIIRS,n,2,300.1,20.37,D,0
16.0268,79.53122,350.72,0.5,0.49,2024-03-22,730,N20,VIIRS,n,2,313.49,18.6,D,0
16.03474,79.525,350.29,0.5,0.49,2024-03-22,730,N20,VIIRS,n,2,314.02,11.78,D,0
16.04189,78.49107,341.19,0.59,0.53,2024-03-22,730,N20,VIIRS,n,2,300.97,13.47,D,0
16.06246,78.77763,344.56,0.56,0.52,2024-03-22,730,N20,VIIRS,n,2,302.55,14.58,D,0
16.06612,78.77175,336.56,0.56,0.52,2024-03-22,730,N20,VIIRS,n,2,301.22,14.87,D,0
16.0882,79.09574,337.84,0.53,0.5,2024-03-22,730,N20,VIIRS,n,2,303.51,7.84,D,0
16.0926,79.03577,338.36,0.54,0.51,2024-03-22,730,N20,VIIRS,n,2,305.28,4.24,D,0
16.09711,79.03477,340.95,0.54,0.51,2024-03-22,730,N20,VIIRS,n,2,309.71,14.38,D,0
16.09808,79.03989,341.67,0.54,0.51,2024-03-22,730,N20,VIIRS,n,2,305.54,14.38,D,0
16.11599,77.36707,335.07,0.35,0.57,2024-03-22,730,N20,VIIRS,l,2,306.98,2.27,D,0
16.15634,79.10091,342.13,0.53,0.5,2024-03-22,730,N20,VIIRS,n,2,308.79,7.12,D,0
16.15706,77.07806,339.32,0.36,0.58,2024-03-22,730,N20,VIIRS,n,2,303.75,3.05,D,0
16.158,81.07785,333.65,0.4,0.44,2024-03-22,730,N20,VIIRS,n,2,303.34,1.77,D,0
16.24463,79.86845,344.68,0.47,0.48,2024-03-22,730,N20,VIIRS,n,2,306.54,5.75,D,0
16.30536,78.52594,335.76,0.58,0.52,2024-03-22,730,N20,VIIRS,l,2,309.78,4.78,D,0
16.34055,79.95923,335.82,0.46,0.47,2024-03-22,730,N20,VIIRS,l,2,308.47,4.62,D,0
16.34297,77.65179,330.92,0.33,0.55,2024-03-22,730,N20,VIIRS,n,2,303.64,3.01,D,0
16.36977,77.44192,334.4,0.34,0.56,2024-03-22,730,N20,VIIRS,l,2,305.88,1.84,D,0
16.37489,81.29886,331.23,0.57,0.43,2024-03-22,730,N20,VIIRS,l,2,305.64,3.95,D,0
16.37505,81.29639,332.3,0.57,0.43,2024-03-22,730,N20,VIIRS,l,2,306.39,3.1,D,0
16.44274,79.84803,339.37,0.47,0.48,2024-03-22,730,N20,VIIRS,n,2,306.41,3.91,D,0
16.44627,79.84881,340.08,0.47,0.48,2024-03-22,730,N20,VIIRS,n,2,308.66,2.83,D,0
16.45322,79.83872,335.26,0.47,0.48,2024-03-22,730,N20,VIIRS,l,2,310.2,2.77,D,0
16.47817,81.4733,332.63,0.56,0.43,2024-03-22,730,N20,VIIRS,n,2,300.22,3.5,D,0
16.47825,78.22884,342.55,0.6,0.53,2024-03-22,730,N20,VIIRS,n,2,308.88,7.1,D,0
16.49383,77.62253,348.91,0.33,0.55,2024-03-22,730,N20,VIIRS,n,2,305.75,4.73,D,0
16.51172,79.84477,342.72,0.47,0.48,2024-03-22,730,N20,VIIRS,n,2,308.94,7.3,D,0
16.52568,80.15926,341.52,0.45,0.47,2024-03-22,730,N20,VIIRS,n,2,307.54,4.79,D,0
16.55498,79.38755,343.69,0.5,0.49,2024-03-22,730,N20,VIIRS,n,2,311.85,4.7,D,0
16.55657,80.51268,330.96,0.42,0.45,2024-03-22,730,N20,VIIRS,l,2,304.8,3.47,D,0
16.5628,80.94331,345.95,0.4,0.44,2024-03-22,730,N20,VIIRS,n,2,306.56,4.22,D,0
16.58204,77.10087,338.54,0.36,0.57,2024-03-22,730,N20,VIIRS,n,2,307.26,2.88,D,0
16.59794,80.00631,334.69,0.45,0.47,2024-03-22,730,N20,VIIRS,l,2,308.87,6.4,D,0
16.60171,79.9322,333.3,0.46,0.47,2024-03-22,730,N20,VIIRS,l,2,306.96,1.54,D,0
16.65147,80.36597,338.25,0.43,0.46,2024-03-22,730,N20,VIIRS,l,2,310.58,5.36,D,0
16.67926,81.05094,333.46,0.39,0.44,2024-03-22,730,N20,VIIRS,l,2,306.05,3.16,D,0
16.68428,77.04112,338.3,0.36,0.57,2024-03-22,730,N20,VIIRS,n,2,306.56,4.85,D,0
16.70339,80.22917,346.42,0.44,0.46,2024-03-22,730,N20,VIIRS,n,2,306.08,4.25,D,0
16.72951,77.26597,335.47,0.34,0.56,2024-03-22,730,N20,VIIRS,l,2,307.31,3.08,D,0
16.73015,77.26913,342.65,0.34,0.56,2024-03-22,730,N20,VIIRS,n,2,306.97,3.61,D,0
16.74646,77.27229,334.11,0.34,0.56,2024-03-22,730,N20,VIIRS,l,2,306.77,3.42,D,0
16.77903,77.7049,352.81,0.32,0.55,2024-03-22,730,N20,VIIRS,n,2,304.62,3.13,D,0
16.79213,77.11252,334.13,0.35,0.57,2024-03-22,730,N20,VIIRS,l,2,306.98,1.22,D,0
16.86462,80.17345,336.79,0.44,0.46,2024-03-22,730,N20,VIIRS,l,2,311.08,20.2,D,0
16.86535,80.17741,355.12,0.44,0.46,2024-03-22,730,N20,VIIRS,n,2,308.44,21.91,D,0
16.88726,80.15646,334.67,0.44,0.46,2024-03-22,730,N20,VIIRS,l,2,307.47,1.2,D,0
16.94171,80.1839,331.37,0.44,0.46,2024-03-22,730,N20,VIIRS,l,2,305.62,4.61,D,0
16.94244,80.18785,336.94,0.44,0.46,2024-03-22,730,N20,VIIRS,l,2,307.92,4.79,D,0
16.95975,80.25822,342.47,0.43,0.46,2024-03-22,730,N20,VIIRS,n,2,308.79,5.35,D,0
16.96629,80.7331,345.8,0.4,0.44,2024-03-22,730,N20,VIIRS,n,2,305.46,4.52,D,0
16.988,77.15253,337.46,0.35,0.56,2024-03-22,730,N20,VIIRS,l,2,311.26,2.98,D,0
17.10363,80.33144,342.4,0.42,0.46,2024-03-22,730,N20,VIIRS,n,2,307.29,3.9,D,0
17.16233,80.24002,342.55,0.43,0.46,2024-03-22,730,N20,VIIRS,n,2,305.4,2.7,D,0
17.19363,81.14588,340.71,0.57,0.43,2024-03-22,730,N20,VIIRS,n,2,302.97,10.91,D,0
17.23164,81.49928,331.96,0.54,0.42,2024-03-22,730,N20,VIIRS,l,2,302.73,4.19,D,0
17.23368,79.26703,335.07,0.49,0.49,2024-03-22,730,N20,VIIRS,l,2,308.57,3.8,D,0
17.27738,78.40434,338.79,0.56,0.52,2024-03-22,730,N20,VIIRS,n,2,304.63,3.78,D,0
17.29041,78.9667,341.82,0.52,0.5,2024-03-22,730,N20,VIIRS,n,2,305.92,7.03,D,0
17.35844,80.88674,333.87,0.39,0.44,2024-03-22,730,N20,VIIRS,n,2,304.96,1.77,D,0
17.36908,80.24044,331.62,0.43,0.46,2024-03-22,730,N20,VIIRS,l,2,306.17,1.76,D,0
17.37596,78.39381,345.9,0.56,0.52,2024-03-22,730,N20,VIIRS,n,2,306.84,7.15,D,0
17.40139,80.44469,340.91,0.41,0.45,2024-03-22,730,N20,VIIRS,n,2,308.07,4.15,D,0
17.41774,81.49249,336.3,0.54,0.42,2024-03-22,730,N20,VIIRS,n,2,300.92,4.97,D,0
17.48826,80.16018,342.4,0.43,0.46,2024-03-22,730,N20,VIIRS,n,2,306.17,4.0,D,0
17.55859,80.87457,336.24,0.39,0.44,2024-03-22,730,N20,VIIRS,l,2,307.74,2.72,D,0
17.59979,80.92481,331.06,0.38,0.43,2024-03-22,730,N20,VIIRS,l,2,305.25,1.58,D,0
17.64407,80.34279,343.99,0.42,0.45,2024-03-22,730,N20,VIIRS,n,2,310.67,5.02,D,0
17.64812,80.34205,339.16,0.42,0.45,2024-03-22,730,N20,VIIRS,n,2,306.86,5.02,D,0
17.64988,80.93259,337.95,0.38,0.43,2024-03-22,730,N20,VIIRS,n,2,306.37,3.13,D,0
17.65285,80.34506,347.63,0.42,0.45,2024-03-22,730,N20,VIIRS,n,2,305.09,4.0,D,0
17.65674,80.32055,338.58,0.42,0.45,2024-03-22,730,N20,VIIRS,n,2,305.88,4.01,D,0
17.70371,80.20844,330.46,0.42,0.45,2024-03-22,730,N20,VIIRS,l,2,301.42,1.63,D,0
17.7044,80.23586,332.76,0.42,0.45,2024-03-22,730,N20,VIIRS,l,2,304.16,1.69,D,0
17.74341,80.50141,331.71,0.4,0.45,2024-03-22,730,N20,VIIRS,l,2,304.42,2.47,D,0
17.74406,80.50512,338.45,0.4,0.45,2024-03-22,730,N20,VIIRS,n,2,306.01,2.47,D,0
17.78952,80.98936,335.45,0.57,0.43,2024-03-22,730,N20,VIIRS,l,2,307.28,2.84,D,0
17.82666,81.35428,336.09,0.54,0.42,2024-03-22,730,N20,VIIRS,l,2,308.47,4.75,D,0
17.20813,77.21565,341.84,0.34,0.56,2024-03-22,731,N20,VIIRS,n,2,309.84,6.07,D,0
17.26402,77.42132,339.67,0.33,0.55,2024-03-22,731,N20,VIIRS,l,2,312.59,5.85,D,0
17.28135,77.45773,334.19,0.33,0.55,2024-03-22,731,N20,VIIRS,l,2,308.36,4.5,D,0
17.30861,77.30187,352.96,0.33,0.56,2024-03-22,731,N20,VIIRS,n,2,310.21,7.17,D,0
17.37546,78.39665,338.9,0.56,0.52,2024-03-22,731,N20,VIIRS,n,2,304.86,8.58,D,0
17.47197,77.44707,336.6,0.32,0.55,2024-03-22,731,N20,VIIRS,l,2,308.98,6.09,D,0
17.60363,77.48355,337.74,0.32,0.55,2024-03-22,731,N20,VIIRS,n,2,304.81,4.56,D,0
17.6042,77.48647,351.8,0.32,0.55,2024-03-22,731,N20,VIIRS,n,2,305.66,2.85,D,0
17.61168,78.11481,333.5,0.58,0.52,2024-03-22,731,N20,VIIRS,l,2,306.72,4.4,D,0
17.76197,77.38525,336.4,0.32,0.55,2024-03-22,731,N20,VIIRS,l,2,309.12,4.04,D,0
17.76642,80.52718,332.63,0.4,0.44,2024-03-22,731,N20,VIIRS,l,2,305.44,1.18,D,0
17.77557,80.46432,342.09,0.41,0.45,2024-03-22,731,N20,VIIRS,n,2,300.48,9.1,D,0
17.78051,78.5495,354.5,0.54,0.51,2024-03-22,731,N20,VIIRS,n,2,308.66,20.01,D,0
17.78181,80.54362,333.72,0.4,0.44,2024-03-22,731,N20,VIIRS,l,2,304.83,4.16,D,0
17.78248,80.54734,344.51,0.4,0.44,2024-03-22,731,N20,VIIRS,n,2,304.08,3.35,D,0
17.78377,80.55436,331.76,0.4,0.44,2024-03-22,731,N20,VIIRS,l,2,304.31,2.21,D,0
17.78524,77.03428,336.54,0.34,0.56,2024-03-22,731,N20,VIIRS,n,2,305.98,2.42,D,0
17.78652,80.54685,342.41,0.4,0.44,2024-03-22,731,N20,VIIRS,n,2,302.39,3.35,D,0
17.81352,80.32955,346.19,0.41,0.45,2024-03-22,731,N20,VIIRS,n,2,298.27,2.96,D,0
17.81755,80.32877,344.24,0.41,0.45,2024-03-22,731,N20,VIIRS,n,2,301.25,6.93,D,0
17.83625,77.53127,339.61,0.63,0.54,2024-03-22,731,N20,VIIRS,n,2,309.47,6.8,D,0
17.84689,80.42325,333.26,0.41,0.45,2024-03-22,731,N20,VIIRS,l,2,307.85,4.32,D,0
17.85154,80.42612,332.51,0.41,0.45,2024-03-22,731,N20,VIIRS,l,2,306.5,1.84,D,0
17.85428,80.15901,339.16,0.42,0.45,2024-03-22,731,N20,VIIRS,n,2,307.14,3.27,D,0
17.85665,80.19497,339.71,0.42,0.45,2024-03-22,731,N20,VIIRS,n,2,304.95,4.08,D,0
17.86223,80.33971,338.6,0.41,0.45,2024-03-22,731,N20,VIIRS,n,2,302.37,4.3,D,0
17.86274,80.51257,342.17,0.4,0.44,2024-03-22,731,N20,VIIRS,n,2,308.3,3.45,D,0
17.86987,80.15193,340.14,0.42,0.45,2024-03-22,731,N20,VIIRS,n,2,308.89,3.04,D,0
17.8865,80.78473,331.53,0.39,0.44,2024-03-22,731,N20,VIIRS,l,2,303.26,1.98,D,0
17.88858,80.20871,343.68,0.42,0.45,2024-03-22,731,N20,VIIRS,n,2,311.7,6.18,D,0
17.88862,79.99767,344.72,0.43,0.46,2024-03-22,731,N20,VIIRS,n,2,307.81,4.72,D,0
17.89109,79.99646,342.74,0.43,0.46,2024-03-22,731,N20,VIIRS,n,2,308.0,4.6,D,0
17.91609,80.70185,339.45,0.39,0.44,2024-03-22,731,N20,VIIRS,n,2,305.05,4.86,D,0
17.92084,79.17059,336.93,0.49,0.48,2024-03-22,731,N20,VIIRS,l,2,310.31,4.42,D,0
17.92127,80.70795,342.79,0.39,0.44,2024-03-22,731,N20,VIIRS,n,2,305.38,3.6,D,0
17.92368,80.21667,348.16,0.42,0.45,2024-03-22,731,N20,VIIRS,n,2,312.07,11.84,D,0
17.92374,80.21756,355.89,0.42,0.45,2024-03-22,731,N20,VIIRS,n,2,310.87,11.88,D,0
17.92994,80.39203,346.06,0.41,0.45,2024-03-22,731,N20,VIIRS,n,2,306.36,4.32,D,0
17.93001,80.5303,331.71,0.4,0.44,2024-03-22,731,N20,VIIRS,l,2,305.95,2.94,D,0
17.93295,80.19876,342.85,0.42,0.45,2024-03-22,731,N20,VIIRS,n,2,308.48,5.45,D,0
17.94068,80.14948,348.84,0.42,0.45,2024-03-22,731,N20,VIIRS,n,2,307.51,9.44,D,0
17.95098,79.26054,331.88,0.48,0.48,2024-03-22,731,N20,VIIRS,l,2,306.87,3.74,D,0
17.9528,80.94835,331.43,0.57,0.43,2024-03-22,731,N20,VIIRS,l,2,304.31,1.43,D,0
17.95733,80.45274,331.79,0.4,0.45,2024-03-22,731,N20,VIIRS,l,2,302.72,2.68,D,0
17.95869,80.91442,341.67,0.57,0.43,2024-03-22,731,N20,VIIRS,n,2,308.0,4.28,D,0
17.96235,80.24446,334.01,0.42,0.45,2024-03-22,731,N20,VIIRS,l,2,304.01,9.35,D,0
17.96304,80.24823,348.39,0.42,0.45,2024-03-22,731,N20,VIIRS,n,2,309.64,33.51,D,0
17.97444,80.37847,336.63,0.41,0.45,2024-03-22,731,N20,VIIRS,n,2,305.7,2.34,D,0
17.97848,80.75512,330.95,0.39,0.44,2024-03-22,731,N20,VIIRS,l,2,305.63,1.9,D,0
17.97992,79.67785,334.98,0.45,0.47,2024-03-22,731,N20,VIIRS,n,2,307.06,4.89,D,0
17.98663,80.3997,334.81,0.41,0.45,2024-03-22,731,N20,VIIRS,l,2,305.85,3.17,D,0
18.00056,80.76546,331.26,0.39,0.44,2024-03-22,731,N20,VIIRS,l,2,305.13,3.19,D,0
18.00194,81.41972,337.82,0.53,0.42,2024-03-22,731,N20,VIIRS,n,2,305.73,3.45,D,0
18.00304,77.7778,342.84,0.6,0.53,2024-03-22,731,N20,VIIRS,n,2,309.89,5.53,D,0
18.00331,77.77482,338.05,0.6,0.53,2024-03-22,731,N20,VIIRS,n,2,305.09,10.84,D,0
18.01037,80.32478,334.54,0.41,0.45,2024-03-22,731,N20,VIIRS,l,2,306.48,2.22,D,0
18.02985,80.3406,341.6,0.41,0.45,2024-03-22,731,N20,VIIRS,n,2,304.41,4.56,D,0
18.03408,80.06239,342.87,0.43,0.46,2024-03-22,731,N20,VIIRS,n,2,308.08,3.23,D,0
18.04348,81.40955,336.29,0.53,0.42,2024-03-22,731,N20,VIIRS,l,2,306.8,2.14,D,0
18.04722,80.29816,332.81,0.41,0.45,2024-03-22,731,N20,VIIRS,l,2,304.87,2.71,D,0
18.04837,80.29831,332.65,0.41,0.45,2024-03-22,731,N20,VIIRS,l,2,304.12,3.46,D,0
18.05884,81.38648,335.24,0.53,0.42,2024-03-22,731,N20,VIIRS,l,2,309.42,2.29,D,0
18.06878,81.0854,339.46,0.55,0.43,2024-03-22,731,N20,VIIRS,n,2,305.58,4.52,D,0
18.0722,80.15499,334.64,0.42,0.45,2024-03-22,731,N20,VIIRS,l,2,305.08,3.42,D,0
18.07333,80.32071,340.52,0.41,0.45,2024-03-22,731,N20,VIIRS,n,2,303.13,3.79,D,0
18.07513,81.47878,333.59,0.53,0.42,2024-03-22,731,N20,VIIRS,l,2,308.04,3.88,D,0
18.07736,80.32004,345.26,0.41,0.45,2024-03-22,731,N20,VIIRS,n,2,302.95,3.83,D,0
18.07805,80.3238,334.96,0.41,0.45,2024-03-22,731,N20,VIIRS,n,2,302.64,3.83,D,0
18.08138,80.31929,337.85,0.41,0.45,2024-03-22,731,N20,VIIRS,n,2,302.01,3.83,D,0
18.0854,80.31849,336.6,0.41,0.45,2024-03-22,731,N20,VIIRS,n,2,302.19,3.29,D,0
18.09006,80.29851,332.53,0.41,0.45,2024-03-22,731,N20,VIIRS,n,2,302.28,3.0,D,0
18.09337,80.29382,333.04,0.41,0.45,2024-03-22,731,N20,VIIRS,l,2,303.07,3.0,D,0
18.09349,81.49525,332.84,0.52,0.42,2024-03-22,731,N20,VIIRS,l,2,307.22,3.46,D,0
18.09588,80.26184,335.37,0.41,0.45,2024-03-22,731,N20,VIIRS,n,2,301.26,3.14,D,0
18.1022,81.47868,332.25,0.53,0.42,2024-03-22,731,N20,VIIRS,l,2,306.25,4.17,D,0
18.1023,80.90489,330.89,0.57,0.43,2024-03-22,731,N20,VIIRS,l,2,305.63,1.56,D,0
18.10392,80.26019,333.08,0.41,0.45,2024-03-22,731,N20,VIIRS,n,2,301.0,3.28,D,0
18.11374,81.41141,335.5,0.53,0.42,2024-03-22,731,N20,VIIRS,l,2,309.13,3.19,D,0
18.11479,80.77145,341.93,0.38,0.44,2024-03-22,731,N20,VIIRS,n,2,304.89,4.01,D,0
18.12023,80.35019,333.38,0.41,0.45,2024-03-22,731,N20,VIIRS,l,2,305.35,3.1,D,0
18.12486,80.39868,330.92,0.4,0.45,2024-03-22,731,N20,VIIRS,l,2,304.48,1.97,D,0
18.12618,80.33723,330.94,0.41,0.45,2024-03-22,731,N20,VIIRS,l,2,304.72,2.03,D,0
18.13421,81.46255,333.77,0.53,0.42,2024-03-22,731,N20,VIIRS,l,2,307.84,1.14,D,0
18.13783,81.34768,334.67,0.53,0.42,2024-03-22,731,N20,VIIRS,l,2,306.63,3.82,D,0
18.14086,80.34966,332.79,0.41,0.45,2024-03-22,731,N20,VIIRS,l,2,303.63,2.91,D,0
18.14329,80.22377,334.6,0.41,0.45,2024-03-22,731,N20,VIIRS,l,2,306.09,1.52,D,0
18.14382,80.22366,335.54,0.41,0.45,2024-03-22,731,N20,VIIRS,n,2,305.44,2.41,D,0
18.15161,80.34025,350.29,0.41,0.45,2024-03-22,731,N20,VIIRS,n,2,304.51,5.95,D,0
18.15449,80.21355,331.69,0.41,0.45,2024-03-22,731,N20,VIIRS,l,2,304.47,2.28,D,0
18.15494,80.33572,355.74,0.41,0.45,2024-03-22,731,N20,VIIRS,n,2,306.23,7.4,D,0
18.15562,80.33952,341.12,0.41,0.45,2024-03-22,731,N20,VIIRS,n,2,302.98,7.4,D,0
18.15577,81.40475,331.09,0.53,0.42,2024-03-22,731,N20,VIIRS,l,2,305.73,0.88,D,0
18.16564,81.37271,337.16,0.53,0.42,2024-03-22,731,N20,VIIRS,l,2,307.61,3.28,D,0
18.16649,81.37754,332.23,0.53,0.42,2024-03-22,731,N20,VIIRS,l,2,305.78,3.28,D,0
18.17262,80.43487,331.3,0.4,0.44,2024-03-22,731,N20,VIIRS,l,2,305.55,2.55,D,0
18.17304,80.24615,331.01,0.41,0.45,2024-03-22,731,N20,VIIRS,l,2,305.09,2.63,D,0
18.17372,80.24984,335.93,0.41,0.45,2024-03-22,731,N20,VIIRS,n,2,302.66,2.63,D,0
18.17774,80.24901,330.24,0.41,0.45,2024-03-22,731,N20,VIIRS,l,2,301.93,2.63,D,0
18.18323,80.81289,334.77,0.57,0.43,2024-03-22,731,N20,VIIRS,n,2,302.81,4.01,D,0
18.18346,80.21195,332.68,0.41,0.45,2024-03-22,731,N20,VIIRS,l,2,305.27,2.61,D,0
18.1876,80.37049,339.73,0.41,0.45,2024-03-22,731,N20,VIIRS,n,2,306.17,3.11,D,0
18.20121,78.07359,333.83,0.57,0.52,2024-03-22,731,N20,VIIRS,l,2,307.0,4.03,D,0
18.2066,80.27015,343.09,0.41,0.45,2024-03-22,731,N20,VIIRS,n,2,304.52,3.32,D,0
18.21107,80.43093,333.21,0.4,0.44,2024-03-22,731,N20,VIIRS,l,2,304.76,2.27,D,0
18.21495,80.38436,352.8,0.4,0.45,2024-03-22,731,N20,VIIRS,n,2,309.66,3.73,D,0
18.21562,80.38804,332.99,0.4,0.45,2024-03-22,731,N20,VIIRS,l,2,307.0,3.73,D,0
18.2177,80.78047,350.64,0.38,0.43,2024-03-22,731,N20,VIIRS,n,2,309.16,14.05,D,0
18.21894,80.38355,338.03,0.4,0.45,2024-03-22,731,N20,VIIRS,n,2,306.37,3.73,D,0
18.21961,80.38724,334.77,0.4,0.45,2024-03-22,731,N20,VIIRS,l,2,306.77,3.73,D,0
18.22097,80.79893,333.53,0.57,0.43,2024-03-22,731,N20,VIIRS,l,2,306.01,2.6,D,0
18.24059,80.75033,336.66,0.38,0.43,2024-03-22,731,N20,VIIRS,l,2,307.86,4.8,D,0
18.24123,80.75397,350.16,0.38,0.43,2024-03-22,731,N20,VIIRS,n,2,308.55,6.5,D,0
18.24141,80.7533,350.45,0.38,0.43,2024-03-22,731,N20,VIIRS,n,2,308.56,6.1,D,0
18.2425,80.76118,333.35,0.38,0.43,2024-03-22,731,N20,VIIRS,l,2,307.12,2.88,D,0
18.24274,80.76054,338.2,0.38,0.43,2024-03-22,731,N20,VIIRS,n,2,307.73,4.75,D,0
18.24597,80.75616,342.09,0.38,0.43,2024-03-22,731,N20,VIIRS,n,2,307.78,6.1,D,0
18.24663,80.75977,347.01,0.38,0.43,2024-03-22,731,N20,VIIRS,n,2,306.34,4.75,D,0
18.24987,80.75538,346.54,0.38,0.43,2024-03-22,731,N20,VIIRS,n,2,306.7,7.3,D,0
18.25053,80.75902,343.13,0.38,0.43,2024-03-22,731,N20,VIIRS,n,2,306.04,5.13,D,0
18.25146,80.42654,334.6,0.4,0.44,2024-03-22,731,N20,VIIRS,l,2,305.76,2.65,D,0
18.25186,80.69969,332.41,0.39,0.44,2024-03-22,731,N20,VIIRS,l,2,307.22,2.35,D,0
18.25251,80.70327,338.68,0.39,0.44,2024-03-22,731,N20,VIIRS,n,2,306.88,2.35,D,0
18.25345,80.29948,332.88,0.41,0.45,2024-03-22,731,N20,VIIRS,n,2,306.05,2.63,D,0
18.25376,80.75462,347.45,0.38,0.43,2024-03-22,731,N20,VIIRS,n,2,306.84,7.3,D,0
18.25442,80.75825,340.62,0.38,0.43,2024-03-22,731,N20,VIIRS,n,2,302.7,5.13,D,0
18.25513,80.6954,341.04,0.39,0.44,2024-03-22,731,N20,VIIRS,n,2,307.52,3.03,D,0
18.26208,80.80039,349.23,0.57,0.43,2024-03-22,731,N20,VIIRS,n,2,304.85,8.92,D,0
18.26413,80.33601,333.47,0.41,0.45,2024-03-22,731,N20,VIIRS,n,2,303.39,1.63,D,0
18.2661,80.37019,331.22,0.4,0.45,2024-03-22,731,N20,VIIRS,l,2,303.28,1.11,D,0
18.26753,80.18736,330.6,0.41,0.45,2024-03-22,731,N20,VIIRS,l,2,304.07,1.62,D,0
18.26997,80.06388,340.02,0.42,0.45,2024-03-22,731,N20,VIIRS,n,2,305.12,3.13,D,0
18.27069,80.06782,333.25,0.42,0.45,2024-03-22,731,N20,VIIRS,l,2,305.32,6.53,D,0
18.27405,80.06313,336.05,0.42,0.45,2024-03-22,731,N20,VIIRS,n,2,304.08,4.36,D,0
18.27441,80.11091,337.48,0.42,0.45,2024-03-22,731,N20,VIIRS,n,2,306.14,3.75,D,0
18.27544,80.80761,334.63,0.57,0.43,2024-03-22,731,N20,VIIRS,l,2,305.51,4.91,D,0
18.28842,80.30065,332.45,0.41,0.45,2024-03-22,731,N20,VIIRS,l,2,304.2,1.62,D,0
18.29632,79.95339,334.86,0.43,0.46,2024-03-22,731,N20,VIIRS,n,2,301.76,3.46,D,0
18.29708,81.18685,338.36,0.54,0.42,2024-03-22,731,N20,VIIRS,n,2,308.19,4.9,D,0
18.31158,80.60287,334.59,0.39,0.44,2024-03-22,731,N20,VIIRS,l,2,308.74,4.66,D,0
18.31332,80.79476,339.22,0.57,0.43,2024-03-22,731,N20,VIIRS,n,2,306.72,5.88,D,0
18.31448,80.14665,340.45,0.42,0.45,2024-03-22,731,N20,VIIRS,n,2,306.02,5.4,D,0
18.32598,80.39285,336.7,0.4,0.44,2024-03-22,731,N20,VIIRS,n,2,304.31,2.74,D,0
18.33718,80.08665,334.29,0.42,0.45,2024-03-22,731,N20,VIIRS,n,2,304.27,4.13,D,0
18.34054,80.35946,338.12,0.4,0.44,2024-03-22,731,N20,VIIRS,n,2,304.03,4.13,D,0
18.34112,80.31692,338.8,0.41,0.45,2024-03-22,731,N20,VIIRS,n,2,304.64,3.46,D,0
18.34147,80.18036,342.25,0.41,0.45,2024-03-22,731,N20,VIIRS,n,2,305.58,3.3,D,0
18.34386,80.35497,334.2,0.4,0.45,2024-03-22,731,N20,VIIRS,n,2,302.84,2.29,D,0
18.34511,80.3161,333.54,0.41,0.45,2024-03-22,731,N20,VIIRS,n,2,303.19,1.31,D,0
18.3453,81.1748,332.59,0.54,0.42,2024-03-22,731,N20,VIIRS,l,2,307.02,1.99,D,0
18.34718,80.35048,331.05,0.4,0.45,2024-03-22,731,N20,VIIRS,l,2,304.71,2.29,D,0
18.34918,80.79312,335.5,0.57,0.43,2024-03-22,731,N20,VIIRS,n,2,305.89,3.6,D,0
18.34981,80.79108,330.71,0.57,0.43,2024-03-22,731,N20,VIIRS,l,2,305.69,3.71,D,0
18.35183,80.35337,330.17,0.4,0.45,2024-03-22,731,N20,VIIRS,l,2,303.23,2.45,D,0
18.35296,81.08505,333.08,0.55,0.43,2024-03-22,731,N20,VIIRS,l,2,305.79,3.17,D,0
18.35382,80.34148,354.2,0.4,0.45,2024-03-22,731,N20,VIIRS,n,2,304.55,5.21,D,0
18.3545,80.34525,333.23,0.4,0.45,2024-03-22,731,N20,VIIRS,l,2,303.46,5.21,D,0
18.35516,80.34893,335.88,0.4,0.45,2024-03-22,731,N20,VIIRS,n,2,303.27,2.45,D,0
18.35633,80.21668,332.57,0.41,0.45,2024-03-22,731,N20,VIIRS,l,2,304.66,1.62,D,0
18.36036,80.21596,341.84,0.41,0.45,2024-03-22,731,N20,VIIRS,n,2,305.22,6.5,D,0
18.36125,80.21583,341.33,0.41,0.45,2024-03-22,731,N20,VIIRS,n,2,304.63,5.05,D,0
18.3657,80.10451,333.57,0.42,0.45,2024-03-22,731,N20,VIIRS,l,2,306.22,3.23,D,0
18.36861,80.21059,343.85,0.41,0.45,2024-03-22,731,N20,VIIRS,n,2,306.81,6.15,D,0
18.37335,80.21364,343.34,0.41,0.45,2024-03-22,731,N20,VIIRS,n,2,308.08,6.39,D,0
18.37403,80.21734,354.15,0.41,0.45,2024-03-22,731,N20,VIIRS,n,2,308.28,6.39,D,0
18.37505,80.36782,337.84,0.4,0.44,2024-03-22,731,N20,VIIRS,n,2,302.56,3.76,D,0
18.37579,80.2792,331.08,0.41,0.45,2024-03-22,731,N20,VIIRS,l,2,301.91,3.47,D,0
18.37702,80.37884,331.26,0.4,0.44,2024-03-22,731,N20,VIIRS,l,2,303.9,1.91,D,0
18.37711,80.27886,332.46,0.41,0.45,2024-03-22,731,N20,VIIRS,n,2,301.8,2.84,D,0
18.37737,80.21284,332.47,0.41,0.45,2024-03-22,731,N20,VIIRS,l,2,305.56,3.68,D,0
18.37805,80.21656,341.05,0.41,0.45,2024-03-22,731,N20,VIIRS,n,2,304.78,3.68,D,0
18.39781,80.56419,344.21,0.39,0.44,2024-03-22,731,N20,VIIRS,n,2,308.9,5.24,D,0
18.39927,80.30912,344.37,0.41,0.45,2024-03-22,731,N20,VIIRS,n,2,305.13,3.42,D,0
18.39994,80.31277,339.62,0.41,0.45,2024-03-22,731,N20,VIIRS,n,2,305.13,3.42,D,0
18.40393,80.31196,337.02,0.41,0.45,2024-03-22,731,N20,VIIRS,n,2,304.47,3.46,D,0
18.40605,80.07269,344.77,0.42,0.45,2024-03-22,731,N20,VIIRS,n,2,304.27,4.41,D,0
18.40636,80.6122,334.39,0.39,0.44,2024-03-22,731,N20,VIIRS,l,2,307.27,1.93,D,0
18.40996,80.04794,332.04,0.42,0.45,2024-03-22,731,N20,VIIRS,l,2,304.02,2.23,D,0
18.41027,80.61142,344.26,0.39,0.44,2024-03-22,731,N20,VIIRS,n,2,307.8,1.93,D,0
18.41135,80.70834,330.12,0.38,0.43,2024-03-22,731,N20,VIIRS,l,2,303.33,2.17,D,0
18.41155,80.61858,341.93,0.39,0.44,2024-03-22,731,N20,VIIRS,n,2,307.92,3.73,D,0
18.41187,80.77882,330.29,0.57,0.43,2024-03-22,731,N20,VIIRS,l,2,304.62,1.62,D,0
18.41204,80.71222,333.9,0.38,0.43,2024-03-22,731,N20,VIIRS,n,2,304.61,2.17,D,0
18.41328,77.46428,335.64,0.62,0.54,2024-03-22,731,N20,VIIRS,l,2,308.47,6.15,D,0
18.4226,81.12663,331.32,0.54,0.42,2024-03-22,731,N20,VIIRS,l,2,306.11,3.02,D,0
18.42261,80.00148,342.12,0.42,0.45,2024-03-22,731,N20,VIIRS,n,2,307.9,5.69,D,0
18.42313,80.63815,336.89,0.39,0.44,2024-03-22,731,N20,VIIRS,l,2,307.42,2.09,D,0
18.42331,80.00533,356.25,0.42,0.45,2024-03-22,731,N20,VIIRS,n,2,311.26,10.69,D,0
18.42358,81.12871,332.31,0.54,0.42,2024-03-22,731,N20,VIIRS,l,2,305.97,1.59,D,0
18.42399,80.00914,343.28,0.42,0.45,2024-03-22,731,N20,VIIRS,n,2,307.9,10.69,D,0
18.42599,79.99683,343.19,0.42,0.45,2024-03-22,731,N20,VIIRS,n,2,307.76,5.69,D,0
18.42639,80.63371,340.3,0.39,0.44,2024-03-22,731,N20,VIIRS,n,2,306.78,2.21,D,0
18.42669,80.0007,347.16,0.42,0.45,2024-03-22,731,N20,VIIRS,n,2,307.46,5.69,D,0
18.42701,80.6372,345.36,0.39,0.44,2024-03-22,731,N20,VIIRS,n,2,309.43,4.64,D,0
18.42869,80.35698,333.67,0.4,0.44,2024-03-22,731,N20,VIIRS,l,2,306.03,2.61,D,0
18.42976,79.99582,339.22,0.42,0.45,2024-03-22,731,N20,VIIRS,n,2,307.23,4.05,D,0
18.43007,79.99604,340.21,0.42,0.45,2024-03-22,731,N20,VIIRS,n,2,307.38,4.86,D,0
18.43154,80.63995,348.39,0.39,0.44,2024-03-22,731,N20,VIIRS,n,2,308.9,4.64,D,0
18.43275,79.98752,333.03,0.42,0.46,2024-03-22,731,N20,VIIRS,n,2,306.74,2.86,D,0
18.43311,79.99113,334.94,0.42,0.45,2024-03-22,731,N20,VIIRS,l,2,308.37,4.67,D,0
18.43344,79.99135,335.51,0.42,0.45,2024-03-22,731,N20,VIIRS,n,2,308.29,2.86,D,0
18.4335,80.42848,338.53,0.4,0.44,2024-03-22,731,N20,VIIRS,n,2,304.8,4.46,D,0
18.43382,79.99494,344.05,0.42,0.45,2024-03-22,731,N20,VIIRS,n,2,308.75,4.05,D,0
18.43413,79.99516,346.04,0.42,0.45,2024-03-22,731,N20,VIIRS,n,2,309.01,4.86,D,0
18.43648,79.98657,347.01,0.42,0.45,2024-03-22,731,N20,VIIRS,n,2,308.16,7.62,D,0
18.43719,79.99036,348.96,0.42,0.45,2024-03-22,731,N20,VIIRS,n,2,309.83,7.62,D,0
18.43788,79.99409,340.92,0.42,0.45,2024-03-22,731,N20,VIIRS,n,2,307.39,5.72,D,0
18.46587,78.0631,339.38,0.56,0.52,2024-03-22,731,N20,VIIRS,n,2,306.56,2.96,D,0
18.47791,78.54867,343.83,0.52,0.5,2024-03-22,731,N20,VIIRS,n,2,302.51,7.58,D,0
18.48423,80.01667,341.8,0.42,0.45,2024-03-22,731,N20,VIIRS,n,2,311.54,7.11,D,0
18.49718,78.63445,331.26,0.52,0.5,2024-03-22,731,N20,VIIRS,l,2,303.71,4.47,D,0
18.50568,78.55953,331.68,0.52,0.5,2024-03-22,731,N20,VIIRS,l,2,304.86,3.69,D,0
18.51175,80.5909,337.2,0.39,0.44,2024-03-22,731,N20,VIIRS,l,2,308.22,1.74,D,0
18.51956,80.58928,336.19,0.39,0.44,2024-03-22,731,N20,VIIRS,n,2,305.98,2.89,D,0
18.52016,80.3035,332.82,0.4,0.45,2024-03-22,731,N20,VIIRS,l,2,306.4,2.29,D,0
18.52998,78.63705,331.79,0.51,0.5,2024-03-22,731,N20,VIIRS,l,2,304.98,4.45,D,0
18.53403,80.26617,331.7,0.41,0.45,2024-03-22,731,N20,VIIRS,l,2,302.85,2.03,D,0
18.53911,79.97334,337.21,0.42,0.45,2024-03-22,731,N20,VIIRS,l,2,308.65,3.76,D,0
18.53953,79.97309,336.08,0.42,0.45,2024-03-22,731,N20,VIIRS,l,2,308.37,4.97,D,0
18.55073,80.28983,336.34,0.4,0.45,2024-03-22,731,N20,VIIRS,n,2,304.65,2.65,D,0
18.56601,78.18694,345.83,0.55,0.51,2024-03-22,731,N20,VIIRS,n,2,307.35,9.96,D,0
18.57064,80.07481,332.84,0.42,0.45,2024-03-22,731,N20,VIIRS,l,2,307.7,3.05,D,0
18.57136,80.07867,333.2,0.42,0.45,2024-03-22,731,N20,VIIRS,l,2,307.87,3.43,D,0
18.59132,80.28582,333.43,0.4,0.45,2024-03-22,731,N20,VIIRS,n,2,303.61,1.56,D,0
18.59328,80.29682,333.0,0.4,0.44,2024-03-22,731,N20,VIIRS,l,2,303.12,4.57,D,0
18.5942,78.11142,330.74,0.56,0.51,2024-03-22,731,N20,VIIRS,l,2,305.11,6.19,D,0
18.60733,80.0235,338.44,0.42,0.45,2024-03-22,731,N20,VIIRS,n,2,304.25,4.24,D,0
18.61539,80.11335,340.3,0.41,0.45,2024-03-22,731,N20,VIIRS,n,2,305.97,5.0,D,0
18.61941,80.11252,331.11,0.41,0.45,2024-03-22,731,N20,VIIRS,l,2,305.25,1.95,D,0
18.62344,80.1117,330.13,0.41,0.45,2024-03-22,731,N20,VIIRS,l,2,304.37,1.95,D,0
18.62374,80.31741,332.05,0.4,0.44,2024-03-22,731,N20,VIIRS,l,2,304.31,2.22,D,0
18.62411,80.25185,354.64,0.41,0.45,2024-03-22,731,N20,VIIRS,n,2,305.79,6.98,D,0
18.63486,80.42273,336.05,0.4,0.44,2024-03-22,731,N20,VIIRS,l,2,307.45,4.0,D,0
18.67407,80.29954,335.29,0.4,0.44,2024-03-22,731,N20,VIIRS,n,2,305.15,4.16,D,0
18.67421,79.55754,348.73,0.45,0.47,2024-03-22,731,N20,VIIRS,n,2,307.87,5.6,D,0
18.67539,79.55786,349.07,0.45,0.47,2024-03-22,731,N20,VIIRS,n,2,307.88,5.33,D,0
18.67747,77.36637,335.06,0.62,0.54,2024-03-22,731,N20,VIIRS,l,2,308.25,5.3,D,0
18.69635,80.53677,331.37,0.39,0.44,2024-03-22,731,N20,VIIRS,l,2,305.88,2.07,D,0
18.707,80.50562,336.59,0.39,0.44,2024-03-22,731,N20,VIIRS,n,2,306.6,2.54,D,0
18.72111,80.22879,336.56,0.4,0.45,2024-03-22,731,N20,VIIRS,n,2,306.18,2.72,D,0
18.72449,80.69342,340.83,0.57,0.43,2024-03-22,731,N20,VIIRS,n,2,305.86,4.89,D,0
18.7273,80.48267,335.82,0.39,0.44,2024-03-22,731,N20,VIIRS,l,2,307.33,3.23,D,0
18.72863,79.14723,335.93,0.47,0.48,2024-03-22,731,N20,VIIRS,n,2,304.78,2.91,D,0
18.78835,80.1656,330.74,0.41,0.45,2024-03-22,731,N20,VIIRS,l,2,303.92,3.29,D,0
18.78967,80.16528,332.76,0.41,0.45,2024-03-22,731,N20,VIIRS,l,2,304.13,1.8,D,0
18.79436,80.17606,330.1,0.41,0.45,2024-03-22,731,N20,VIIRS,l,2,304.46,1.15,D,0
18.79534,80.12872,336.95,0.41,0.45,2024-03-22,731,N20,VIIRS,n,2,305.42,3.69,D,0
18.80239,80.16673,344.64,0.41,0.45,2024-03-22,731,N20,VIIRS,n,2,303.16,6.64,D,0
18.80817,80.32259,337.46,0.4,0.44,2024-03-22,731,N20,VIIRS,n,2,307.41,2.53,D,0
18.81037,80.165,333.22,0.41,0.45,2024-03-22,731,N20,VIIRS,l,2,304.95,2.66,D,0
18.82066,80.34667,334.77,0.4,0.44,2024-03-22,731,N20,VIIRS,l,2,306.19,3.61,D,0
18.82139,80.32771,333.67,0.4,0.44,2024-03-22,731,N20,VIIRS,l,2,306.12,2.38,D,0
18.82319,80.34586,338.18,0.4,0.44,2024-03-22,731,N20,VIIRS,l,2,308.62,4.07,D,0
18.85504,80.1826,334.83,0.41,0.45,2024-03-22,731,N20,VIIRS,n,2,304.43,3.34,D,0
18.85571,80.18632,350.4,0.41,0.45,2024-03-22,731,N20,VIIRS,n,2,306.15,6.6,D,0
18.8707,80.3592,331.86,0.4,0.44,2024-03-22,731,N20,VIIRS,l,2,305.34,1.67,D,0
18.9043,80.27269,330.74,0.4,0.44,2024-03-22,731,N20,VIIRS,l,2,305.13,1.18,D,0
18.95069,80.10672,337.52,0.41,0.45,2024-03-22,731,N20,VIIRS,n,2,305.62,4.13,D,0
18.96423,79.51656,344.64,0.44,0.46,2024-03-22,731,N20,VIIRS,n,2,310.58,6.11,D,0
18.96499,78.74193,332.52,0.5,0.49,2024-03-22,731,N20,VIIRS,l,2,306.33,2.23,D,0
18.96646,79.43488,331.99,0.45,0.47,2024-03-22,731,N20,VIIRS,l,2,306.47,5.38,D,0
18.99781,78.81655,349.58,0.49,0.49,2024-03-22,731,N20,VIIRS,n,2,307.77,6.31,D,0
19.00214,78.81562,344.88,0.49,0.49,2024-03-22,731,N20,VIIRS,n,2,306.37,6.31,D,0
19.03363,81.22458,334.48,0.53,0.42,2024-03-22,731,N20,VIIRS,n,2,305.2,2.69,D,0
19.03669,79.77186,347.62,0.43,0.46,2024-03-22,731,N20,VIIRS,n,2,304.16,5.93,D,0
19.04112,78.4986,336.64,0.51,0.5,2024-03-22,731,N20,VIIRS,n,2,303.8,3.41,D,0
19.07435,78.26181,333.14,0.53,0.5,2024-03-22,731,N20,VIIRS,l,2,307.85,4.95,D,0
19.08926,79.76196,332.33,0.43,0.46,2024-03-22,731,N20,VIIRS,l,2,304.09,2.91,D,0
19.09378,79.74059,336.69,0.43,0.46,2024-03-22,731,N20,VIIRS,n,2,303.88,2.29,D,0
19.09451,79.74451,331.75,0.43,0.46,2024-03-22,731,N20,VIIRS,l,2,305.83,2.29,D,0
19.11745,81.27597,333.23,0.52,0.42,2024-03-22,731,N20,VIIRS,l,2,305.48,2.35,D,0
19.12842,79.7213,335.35,0.43,0.46,2024-03-22,731,N20,VIIRS,l,2,307.82,2.53,D,0
19.13022,81.4933,332.83,0.51,0.41,2024-03-22,731,N20,VIIRS,n,2,304.3,2.58,D,0
19.1323,80.10744,334.74,0.41,0.45,2024-03-22,731,N20,VIIRS,l,2,305.83,2.25,D,0
19.15066,79.41257,337.44,0.45,0.47,2024-03-22,731,N20,VIIRS,l,2,308.2,3.08,D,0
19.17099,78.6039,338.24,0.5,0.49,2024-03-22,731,N20,VIIRS,n,2,307.56,2.33,D,0
19.17153,78.91725,334.37,0.48,0.48,2024-03-22,731,N20,VIIRS,n,2,303.88,2.03,D,0
19.1823,78.54423,332.15,0.51,0.49,2024-03-22,731,N20,VIIRS,l,2,306.31,2.7,D,0
19.18926,77.9454,343.4,0.56,0.51,2024-03-22,731,N20,VIIRS,n,2,311.38,6.87,D,0
19.18945,78.55753,334.26,0.51,0.49,2024-03-22,731,N20,VIIRS,l,2,306.15,3.28,D,0
19.21755,78.89052,334.21,0.48,0.48,2024-03-22,731,N20,VIIRS,l,2,305.71,2.96,D,0
19.2184,78.89491,330.54,0.48,0.48,2024-03-22,731,N20,VIIRS,l,2,305.42,3.07,D,0
19.22456,78.57362,333.32,0.5,0.49,2024-03-22,731,N20,VIIRS,l,2,305.92,3.79,D,0
19.23382,77.24319,345.93,0.62,0.54,2024-03-22,731,N20,VIIRS,n,2,308.43,6.99,D,0
19.28618,77.25533,335.3,0.61,0.54,2024-03-22,731,N20,VIIRS,l,2,309.15,3.85,D,0
19.34362,81.18722,334.31,0.52,0.42,2024-03-22,731,N20,VIIRS,l,2,304.8,3.67,D,0
19.44818,77.59501,346.26,0.58,0.52,2024-03-22,731,N20,VIIRS,n,2,310.87,8.75,D,0
19.4552,80.1231,350.59,0.4,0.44,2024-03-22,731,N20,VIIRS,n,2,308.1,6.38,D,0
19.45919,80.12244,348.73,0.4,0.44,2024-03-22,731,N20,VIIRS,n,2,306.99,6.38,D,0
19.49483,80.11496,332.83,0.4,0.44,2024-03-22,731,N20,VIIRS,n,2,305.65,9.45,D,0
19.49551,80.11867,334.27,0.4,0.44,2024-03-22,731,N20,VIIRS,n,2,304.77,2.26,D,0
19.49814,80.11053,337.52,0.4,0.44,2024-03-22,731,N20,VIIRS,n,2,308.5,9.45,D,0
19.49882,80.11424,354.1,0.4,0.44,2024-03-22,731,N20,VIIRS,n,2,306.17,9.45,D,0
19.49949,80.11794,331.94,0.4,0.44,2024-03-22,731,N20,VIIRS,l,2,304.41,2.26,D,0
19.50213,80.10984,335.18,0.4,0.44,2024-03-22,731,N20,VIIRS,n,2,304.88,4.74,D,0
19.50281,80.11359,331.68,0.4,0.44,2024-03-22,731,N20,VIIRS,n,2,304.63,4.74,D,0
19.50543,80.10538,336.44,0.4,0.44,2024-03-22,731,N20,VIIRS,n,2,304.99,2.56,D,0
19.50611,80.10915,343.42,0.4,0.44,2024-03-22,731,N20,VIIRS,n,2,306.89,4.74,D,0
19.50679,80.11288,367.0,0.4,0.44,2024-03-22,731,N20,VIIRS,h,2,307.22,4.74,D,0
19.50941,80.10466,334.71,0.4,0.44,2024-03-22,731,N20,VIIRS,n,2,304.09,2.58,D,0
19.51009,80.10841,332.34,0.4,0.44,2024-03-22,731,N20,VIIRS,n,2,303.64,4.33,D,0
19.668,80.0677,340.71,0.4,0.44,2024-03-22,731,N20,VIIRS,n,2,303.76,3.04,D,0
19.73341,79.67261,331.04,0.42,0.45,2024-03-22,731,N20,VIIRS,l,2,305.64,2.53,D,0
19.84484,80.5764,331.68,0.56,0.43,2024-03-22,731,N20,VIIRS,l,2,304.11,2.23,D,0
19.8709,80.48845,335.57,0.56,0.43,2024-03-22,731,N20,VIIRS,n,2,304.0,2.39,D,0
19.87839,80.28529,331.67,0.38,0.44,2024-03-22,731,N20,VIIRS,l,2,304.87,2.32,D,0
19.8805,80.49738,333.2,0.56,0.43,2024-03-22,731,N20,VIIRS,n,2,302.96,4.04,D,0
19.88348,80.46968,332.59,0.56,0.43,2024-03-22,731,N20,VIIRS,l,2,305.27,4.97,D,0
19.89402,80.48383,330.1,0.56,0.43,2024-03-22,731,N20,VIIRS,l,2,303.79,4.19,D,0
19.89526,80.28931,333.54,0.38,0.44,2024-03-22,731,N20,VIIRS,l,2,306.05,2.19,D,0
19.89631,80.40749,330.22,0.57,0.43,2024-03-22,731,N20,VIIRS,l,2,304.66,4.87,D,0
19.90485,80.05363,334.92,0.4,0.44,2024-03-22,731,N20,VIIRS,l,2,306.84,2.9,D,0
19.93049,78.62209,340.96,0.49,0.48,2024-03-22,731,N20,VIIRS,n,2,311.62,4.4,D,0
19.93243,78.62365,340.42,0.49,0.48,2024-03-22,731,N20,VIIRS,n,2,310.72,2.79,D,0
19.93295,79.98265,339.33,0.4,0.44,2024-03-22,731,N20,VIIRS,n,2,308.63,3.28,D,0
19.93363,79.98637,338.69,0.4,0.44,2024-03-22,731,N20,VIIRS,n,2,307.71,3.28,D,0
19.9343,79.99008,335.53,0.4,0.44,2024-03-22,731,N20,VIIRS,l,2,307.35,1.04,D,0
19.9357,80.31017,335.59,0.38,0.43,2024-03-22,731,N20,VIIRS,l,2,307.49,5.37,D,0
19.93833,80.59825,333.72,0.55,0.43,2024-03-22,731,N20,VIIRS,l,2,306.48,3.34,D,0
19.94635,77.58425,342.15,0.57,0.52,2024-03-22,731,N20,VIIRS,n,2,307.48,3.89,D,0
19.94689,80.60188,331.67,0.55,0.43,2024-03-22,731,N20,VIIRS,l,2,306.26,1.89,D,0
19.95327,80.5258,330.62,0.56,0.43,2024-03-22,731,N20,VIIRS,l,2,305.25,3.66,D,0
19.96592,78.2138,345.73,0.52,0.5,2024-03-22,731,N20,VIIRS,n,2,313.54,6.99,D,0
19.96688,78.21865,339.37,0.51,0.5,2024-03-22,731,N20,VIIRS,l,2,312.13,6.99,D,0
19.98173,80.79919,332.88,0.54,0.42,2024-03-22,731,N20,VIIRS,l,2,303.53,3.56,D,0
19.9828,78.32267,337.42,0.51,0.49,2024-03-22,731,N20,VIIRS,l,2,312.23,3.22,D,0
19.99033,78.43095,349.06,0.5,0.49,2024-03-22,731,N20,VIIRS,n,2,312.17,8.47,D,0
19.99075,78.43243,343.54,0.5,0.49,2024-03-22,731,N20,VIIRS,n,2,311.88,6.63,D,0
19.99223,80.22081,330.94,0.39,0.44,2024-03-22,731,N20,VIIRS,l,2,303.81,1.6,D,0
19.99767,80.34113,333.64,0.57,0.43,2024-03-22,731,N20,VIIRS,n,2,303.04,2.39,D,0
18.40813,80.30432,306.16,0.49,0.4,2024-03-22,2000,N20,VIIRS,n,2,295.16,1.2,N,0
18.45527,79.96251,309.37,0.51,0.41,2024-03-22,2000,N20,VIIRS,n,2,295.74,1.92,N,0
18.67515,79.55557,332.64,0.54,0.42,2024-03-22,2000,N20,VIIRS,n,2,297.95,5.91,N,0
18.73669,79.14471,311.35,0.57,0.43,2024-03-22,2000,N20,VIIRS,n,2,295.45,3.34,N,0
18.75364,78.53168,310.17,0.41,0.45,2024-03-22,2000,N20,VIIRS,n,2,295.58,1.87,N,0
18.79383,80.17198,309.52,0.5,0.41,2024-03-22,2000,N20,VIIRS,n,2,295.79,1.45,N,0
18.79757,80.17254,306.98,0.5,0.41,2024-03-22,2000,N20,VIIRS,n,2,295.84,1.45,N,0
18.95321,80.36861,309.14,0.49,0.4,2024-03-22,2000,N20,VIIRS,n,2,295.8,1.68,N,0
18.95452,80.37141,306.77,0.49,0.4,2024-03-22,2000,N20,VIIRS,n,2,295.9,1.35,N,0
19.18522,78.55594,305.5,0.42,0.45,2024-03-22,2000,N20,VIIRS,n,2,295.07,1.39,N,0
19.1869,78.55888,308.83,0.42,0.45,2024-03-22,2000,N20,VIIRS,n,2,295.8,1.27,N,0
19.2162,78.89285,310.89,0.4,0.44,2024-03-22,2000,N20,VIIRS,n,2,295.25,2.03,N,0
19.22073,78.88972,305.98,0.4,0.44,2024-03-22,2000,N20,VIIRS,n,2,295.21,1.0,N,0
19.22121,78.88597,306.09,0.4,0.44,2024-03-22,2000,N20,VIIRS,n,2,295.94,1.0,N,0
19.46386,80.11904,307.62,0.51,0.41,2024-03-22,2000,N20,VIIRS,n,2,295.66,1.11,N,0
19.65533,78.34305,311.29,0.44,0.46,2024-03-22,2000,N20,VIIRS,n,2,295.59,2.19,N,0
19.70384,78.00794,305.76,0.46,0.47,2024-03-22,2000,N20,VIIRS,n,2,293.42,1.44,N,0
19.78884,79.14636,313.28,0.39,0.44,2024-03-22,2000,N20,VIIRS,n,2,297.95,2.36,N,2
19.8176,77.99119,308.76,0.46,0.47,2024-03-22,2000,N20,VIIRS,n,2,295.63,2.09,N,0
19.8181,77.98695,322.65,0.46,0.47,2024-03-22,2000,N20,VIIRS,n,2,295.28,2.09,N,0
19.92142,79.11169,309.28,0.39,0.44,2024-03-22,2000,N20,VIIRS,n,2,297.39,1.93,N,2
19.96421,79.33514,315.49,0.38,0.43,2024-03-22,2000,N20,VIIRS,n,2,296.22,1.11,N,2
15.54293,78.68627,316.46,0.55,0.43,2024-03-22,2001,N20,VIIRS,n,2,294.94,3.42,N,0
15.59512,78.68415,304.62,0.55,0.43,2024-03-22,2001,N20,VIIRS,n,2,294.22,1.91,N,0
15.78561,78.84048,304.61,0.55,0.42,2024-03-22,2001,N20,VIIRS,n,2,294.55,1.55,N,0
15.96265,80.93674,306.92,0.43,0.38,2024-03-22,2001,N20,VIIRS,n,2,294.77,0.54,N,0
15.97989,79.27663,307.59,0.52,0.41,2024-03-22,2001,N20,VIIRS,n,2,294.78,1.8,N,0
16.03322,78.48627,318.21,0.38,0.43,2024-03-22,2001,N20,VIIRS,n,2,296.32,2.37,N,0
16.08846,78.87837,308.76,0.55,0.42,2024-03-22,2001,N20,VIIRS,n,2,296.9,2.7,N,0
16.11373,79.11137,318.21,0.53,0.42,2024-03-22,2001,N20,VIIRS,n,2,294.47,2.5,N,0
16.11761,79.11163,324.01,0.53,0.42,2024-03-22,2001,N20,VIIRS,n,2,294.8,2.5,N,0
16.36033,81.28362,305.75,0.42,0.38,2024-03-22,2001,N20,VIIRS,n,2,294.96,0.82,N,0
16.87378,80.02052,307.85,0.48,0.4,2024-03-22,2001,N20,VIIRS,n,2,296.95,1.28,N,2
17.38925,78.06554,303.0,0.42,0.45,2024-03-22,2001,N20,VIIRS,n,2,290.75,0.37,N,0
17.47594,77.82415,307.25,0.44,0.46,2024-03-22,2001,N20,VIIRS,n,2,293.42,1.0,N,0
17.67209,80.47663,314.41,0.47,0.4,2024-03-22,2001,N20,VIIRS,n,2,296.22,1.78,N,0
17.81992,77.7177,303.17,0.45,0.47,2024-03-22,2001,N20,VIIRS,n,2,290.4,0.53,N,0
18.06865,79.65894,304.32,0.52,0.42,2024-03-22,2001,N20,VIIRS,n,2,293.7,0.51,N,0
18.22367,77.07684,304.9,0.5,0.49,2024-03-22,2001,N20,VIIRS,n,2,290.76,0.82,N,0
15.62733,79.72746,331.85,0.55,0.68,2024-03-23,709,N20,VIIRS,l,2,303.73,3.22,D,0
15.7659,79.62944,332.68,0.56,0.69,2024-03-23,710,N20,VIIRS,n,2,301.49,5.01,D,0
15.82382,79.21662,338.67,0.59,0.7,2024-03-23,710,N20,VIIRS,n,2,302.28,3.35,D,0
15.83744,79.21918,331.65,0.59,0.7,2024-03-23,710,N20,VIIRS,l,2,303.05,2.37,D,0
15.83745,79.94156,330.77,0.53,0.67,2024-03-23,710,N20,VIIRS,n,2,300.03,2.12,D,0
15.96856,78.8941,343.49,0.62,0.71,2024-03-23,710,N20,VIIRS,n,2,300.74,4.24,D,0
15.9699,78.89099,354.28,0.62,0.71,2024-03-23,710,N20,VIIRS,n,2,301.97,8.72,D,0
15.97474,78.89196,332.59,0.62,0.71,2024-03-23,710,N20,VIIRS,n,2,299.22,4.24,D,0
15.97908,79.28123,341.5,0.58,0.7,2024-03-23,710,N20,VIIRS,n,2,302.07,3.6,D,0
15.98886,78.76395,334.37,0.63,0.72,2024-03-23,710,N20,VIIRS,n,2,298.48,4.68,D,0
15.99009,78.76962,337.07,0.63,0.72,2024-03-23,710,N20,VIIRS,n,2,297.43,4.68,D,0
16.00003,78.96816,341.64,0.61,0.71,2024-03-23,710,N20,VIIRS,n,2,301.12,9.56,D,0
16.00118,78.97344,354.31,0.61,0.71,2024-03-23,710,N20,VIIRS,n,2,301.68,9.56,D,0
16.00791,78.75921,345.71,0.63,0.72,2024-03-23,710,N20,VIIRS,n,2,301.14,7.8,D,0
16.00982,78.76034,343.88,0.63,0.72,2024-03-23,710,N20,VIIRS,n,2,300.55,6.51,D,0
16.03345,77.97854,333.87,0.71,0.75,2024-03-23,710,N20,VIIRS,n,2,302.13,2.49,D,0
16.04729,79.03411,331.0,0.6,0.71,2024-03-23,710,N20,VIIRS,n,2,299.0,5.33,D,0
16.05204,79.86945,330.5,0.53,0.67,2024-03-23,710,N20,VIIRS,n,2,299.46,1.49,D,0
16.05408,79.86713,331.08,0.53,0.67,2024-03-23,710,N20,VIIRS,n,2,299.58,1.4,D,0
16.06629,79.09193,355.44,0.6,0.7,2024-03-23,710,N20,VIIRS,n,2,300.47,10.43,D,0
16.06732,79.09669,347.29,0.6,0.7,2024-03-23,710,N20,VIIRS,n,2,300.89,10.43,D,0
16.07703,79.03352,334.93,0.6,0.71,2024-03-23,710,N20,VIIRS,n,2,300.68,9.9,D,0
16.07949,79.03098,332.55,0.6,0.71,2024-03-23,710,N20,VIIRS,n,2,300.34,6.71,D,0
16.08074,79.03685,349.85,0.6,0.71,2024-03-23,710,N20,VIIRS,n,2,300.16,6.71,D,0
16.08322,79.03174,337.15,0.6,0.71,2024-03-23,710,N20,VIIRS,n,2,299.62,3.92,D,0
16.08446,79.03737,332.01,0.6,0.71,2024-03-23,710,N20,VIIRS,n,2,299.3,3.92,D,0
16.11131,79.11891,335.53,0.59,0.7,2024-03-23,710,N20,VIIRS,n,2,301.71,7.3,D,0
16.11559,79.11939,335.7,0.59,0.7,2024-03-23,710,N20,VIIRS,n,2,301.82,5.22,D,0
16.11854,79.12218,337.1,0.59,0.7,2024-03-23,710,N20,VIIRS,n,2,300.39,6.72,D,0
16.41665,79.65639,330.53,0.54,0.68,2024-03-23,710,N20,VIIRS,l,2,303.19,4.6,D,0
16.47692,80.37393,332.65,0.48,0.65,2024-03-23,710,N20,VIIRS,n,2,300.44,2.79,D,0
16.54424,80.78928,338.24,0.45,0.63,2024-03-23,710,N20,VIIRS,n,2,299.27,4.71,D,0
16.6295,80.92908,338.46,0.44,0.62,2024-03-23,710,N20,VIIRS,n,2,295.89,1.96,D,0
16.79873,78.314,332.41,0.65,0.73,2024-03-23,710,N20,VIIRS,n,2,301.44,3.05,D,0
16.79887,78.31316,332.86,0.65,0.73,2024-03-23,710,N20,VIIRS,n,2,300.98,2.66,D,0
17.06558,77.01776,331.83,0.78,0.78,2024-03-23,710,N20,VIIRS,n,2,296.7,4.57,D,0
17.06656,77.01855,330.67,0.78,0.78,2024-03-23,710,N20,VIIRS,n,2,296.91,4.22,D,0
17.17217,81.44331,334.19,0.39,0.6,2024-03-23,710,N20,VIIRS,n,2,300.94,3.53,D,0
17.19416,81.44241,343.86,0.39,0.6,2024-03-23,710,N20,VIIRS,n,2,300.08,3.59,D,0
17.21341,79.16624,335.55,0.56,0.69,2024-03-23,710,N20,VIIRS,n,2,303.02,2.3,D,0
17.36152,81.38413,331.4,0.39,0.6,2024-03-23,710,N20,VIIRS,n,2,298.9,2.5,D,0
17.44578,81.12907,330.46,0.41,0.6,2024-03-23,710,N20,VIIRS,l,2,302.31,1.42,D,0
17.55945,80.87423,331.71,0.42,0.61,2024-03-23,710,N20,VIIRS,l,2,303.22,4.06,D,0
17.59109,77.0091,330.51,0.76,0.77,2024-03-23,710,N20,VIIRS,n,2,296.53,5.01,D,0
17.59184,77.00945,331.08,0.76,0.77,2024-03-23,710,N20,VIIRS,n,2,296.9,9.82,D,0
17.61596,80.40929,339.23,0.45,0.63,2024-03-23,710,N20,VIIRS,n,2,303.92,2.51,D,0
17.61989,80.34444,338.7,0.46,0.63,2024-03-23,710,N20,VIIRS,n,2,302.8,2.43,D,0
17.64368,80.94987,332.05,0.42,0.61,2024-03-23,710,N20,VIIRS,l,2,304.62,2.95,D,0
17.65914,80.88715,332.53,0.42,0.61,2024-03-23,710,N20,VIIRS,l,2,302.77,5.04,D,0
17.67311,80.38573,330.77,0.45,0.63,2024-03-23,710,N20,VIIRS,l,2,302.5,2.92,D,0
17.67696,80.21095,343.51,0.47,0.64,2024-03-23,710,N20,VIIRS,n,2,303.36,4.11,D,0
17.68532,79.34155,332.61,0.53,0.67,2024-03-23,710,N20,VIIRS,l,2,305.21,7.51,D,0
17.68604,77.35192,334.77,0.72,0.76,2024-03-23,710,N20,VIIRS,n,2,295.81,18.93,D,0
17.69241,77.00682,367.0,0.76,0.77,2024-03-23,710,N20,VIIRS,h,2,293.53,22.19,D,0
17.71202,80.12354,334.93,0.47,0.64,2024-03-23,710,N20,VIIRS,n,2,301.58,3.16,D,0
17.74512,80.18751,332.98,0.47,0.64,2024-03-23,710,N20,VIIRS,l,2,304.51,5.7,D,0
17.75568,81.01915,341.28,0.41,0.61,2024-03-23,710,N20,VIIRS,n,2,305.17,3.08,D,0
17.76288,80.36549,335.0,0.45,0.63,2024-03-23,710,N20,VIIRS,n,2,304.88,3.16,D,0
17.76489,80.48653,336.56,0.44,0.63,2024-03-23,710,N20,VIIRS,n,2,305.0,3.78,D,0
17.76737,80.49829,332.33,0.44,0.63,2024-03-23,710,N20,VIIRS,l,2,305.05,2.32,D,0
17.78188,80.35754,331.32,0.45,0.63,2024-03-23,710,N20,VIIRS,n,2,300.8,4.6,D,0
17.7845,80.35647,338.63,0.45,0.63,2024-03-23,710,N20,VIIRS,n,2,301.03,3.82,D,0
17.78751,80.35636,333.44,0.45,0.63,2024-03-23,710,N20,VIIRS,n,2,300.46,2.34,D,0
17.79074,80.32993,337.26,0.45,0.63,2024-03-23,710,N20,VIIRS,n,2,302.54,5.19,D,0
17.80722,80.44802,340.44,0.45,0.63,2024-03-23,710,N20,VIIRS,n,2,305.43,4.26,D,0
17.8092,80.4472,340.55,0.45,0.63,2024-03-23,710,N20,VIIRS,n,2,306.62,5.42,D,0
17.81049,80.32633,367.0,0.45,0.63,2024-03-23,710,N20,VIIRS,h,2,303.9,10.86,D,0
17.81281,80.44682,332.33,0.45,0.63,2024-03-23,710,N20,VIIRS,l,2,306.24,4.26,D,0
17.81559,80.44988,334.11,0.45,0.63,2024-03-23,710,N20,VIIRS,l,2,305.96,3.8,D,0
17.81838,80.44554,335.33,0.45,0.63,2024-03-23,710,N20,VIIRS,n,2,305.33,5.94,D,0
17.82036,80.44469,336.46,0.45,0.63,2024-03-23,710,N20,VIIRS,n,2,304.97,3.8,D,0
17.84127,80.05064,333.56,0.47,0.64,2024-03-23,710,N20,VIIRS,n,2,301.53,3.8,D,0
17.84208,80.04798,336.45,0.47,0.64,2024-03-23,710,N20,VIIRS,n,2,302.25,3.8,D,0
17.84892,80.39661,367.0,0.45,0.63,2024-03-23,710,N20,VIIRS,h,2,307.5,12.82,D,0
17.86211,80.14066,333.03,0.47,0.64,2024-03-23,710,N20,VIIRS,n,2,302.7,4.64,D,0
17.86637,80.14236,342.22,0.47,0.64,2024-03-23,710,N20,VIIRS,n,2,302.29,5.82,D,0
17.8687,80.14363,333.74,0.47,0.64,2024-03-23,710,N20,VIIRS,n,2,302.1,5.17,D,0
17.88368,80.42282,334.04,0.45,0.63,2024-03-23,710,N20,VIIRS,n,2,303.6,2.54,D,0
17.88618,80.08623,332.55,0.47,0.64,2024-03-23,710,N20,VIIRS,l,2,304.92,3.35,D,0
17.89976,80.42435,340.66,0.45,0.63,2024-03-23,710,N20,VIIRS,n,2,304.84,8.86,D,0
17.90065,80.72389,330.83,0.43,0.62,2024-03-23,710,N20,VIIRS,l,2,302.34,2.68,D,0
17.90118,80.42271,367.0,0.45,0.63,2024-03-23,710,N20,VIIRS,h,2,305.89,6.67,D,0
17.91226,80.72458,335.23,0.42,0.61,2024-03-23,710,N20,VIIRS,n,2,304.7,5.09,D,0
17.92016,77.36382,335.7,0.71,0.75,2024-03-23,710,N20,VIIRS,n,2,296.02,6.49,D,0
17.93501,80.53408,339.21,0.44,0.62,2024-03-23,710,N20,VIIRS,n,2,303.48,4.56,D,0
17.93565,80.53275,332.63,0.44,0.62,2024-03-23,710,N20,VIIRS,l,2,303.81,4.72,D,0
17.94571,80.17054,333.13,0.46,0.64,2024-03-23,710,N20,VIIRS,n,2,301.11,4.49,D,0
17.95782,80.16189,331.17,0.46,0.64,2024-03-23,710,N20,VIIRS,l,2,301.53,2.33,D,0
17.96181,80.16255,337.98,0.46,0.64,2024-03-23,710,N20,VIIRS,n,2,303.33,3.04,D,0
17.96347,81.0499,335.77,0.4,0.6,2024-03-23,710,N20,VIIRS,n,2,303.9,1.07,D,0
17.98194,80.2869,334.02,0.45,0.63,2024-03-23,710,N20,VIIRS,l,2,307.03,3.82,D,0
17.9853,80.28869,335.61,0.45,0.63,2024-03-23,710,N20,VIIRS,n,2,305.28,4.25,D,0
17.98754,80.28558,331.83,0.45,0.63,2024-03-23,710,N20,VIIRS,l,2,306.58,4.64,D,0
18.00457,80.45113,333.18,0.44,0.62,2024-03-23,710,N20,VIIRS,n,2,302.2,2.52,D,0
18.00669,80.30605,331.38,0.45,0.63,2024-03-23,710,N20,VIIRS,l,2,303.06,4.9,D,0
18.02203,80.40463,331.63,0.44,0.63,2024-03-23,710,N20,VIIRS,n,2,300.9,2.05,D,0
18.02296,80.32718,331.51,0.45,0.63,2024-03-23,710,N20,VIIRS,n,2,301.47,2.76,D,0
18.02425,80.4058,332.9,0.44,0.63,2024-03-23,710,N20,VIIRS,n,2,300.79,3.28,D,0
18.03244,81.4599,336.13,0.38,0.59,2024-03-23,710,N20,VIIRS,l,2,307.1,1.93,D,0
18.05442,80.22623,333.16,0.46,0.63,2024-03-23,710,N20,VIIRS,l,2,304.08,1.12,D,0
18.05529,81.41206,335.13,0.38,0.59,2024-03-23,710,N20,VIIRS,l,2,306.31,2.14,D,0
18.06377,80.14643,342.57,0.46,0.64,2024-03-23,710,N20,VIIRS,n,2,301.81,5.93,D,0
18.06484,80.13528,334.08,0.46,0.64,2024-03-23,710,N20,VIIRS,n,2,302.12,4.41,D,0
18.06601,79.99174,339.81,0.47,0.64,2024-03-23,710,N20,VIIRS,n,2,304.06,9.67,D,0
18.06662,80.13224,330.82,0.46,0.64,2024-03-23,710,N20,VIIRS,l,2,302.63,4.06,D,0
18.06691,79.99591,367.0,0.47,0.64,2024-03-23,710,N20,VIIRS,h,2,303.03,9.67,D,0
18.07767,80.04577,336.11,0.47,0.64,2024-03-23,710,N20,VIIRS,n,2,302.05,3.21,D,0
18.0822,79.78648,344.0,0.49,0.65,2024-03-23,710,N20,VIIRS,n,2,300.23,2.65,D,0
18.08332,80.3355,336.76,0.45,0.63,2024-03-23,710,N20,VIIRS,n,2,300.83,4.56,D,0
18.08419,80.33965,337.05,0.45,0.63,2024-03-23,710,N20,VIIRS,n,2,300.91,4.56,D,0
18.09853,81.46345,334.98,0.38,0.58,2024-03-23,710,N20,VIIRS,l,2,308.65,2.97,D,0
18.10099,81.39502,342.92,0.38,0.59,2024-03-23,710,N20,VIIRS,n,2,306.98,3.7,D,0
18.10551,81.39053,333.81,0.38,0.59,2024-03-23,710,N20,VIIRS,l,2,305.9,3.32,D,0
18.10553,81.3905,334.1,0.38,0.59,2024-03-23,710,N20,VIIRS,l,2,306.73,2.58,D,0
18.1094,81.38257,333.31,0.38,0.59,2024-03-23,710,N20,VIIRS,l,2,305.44,1.81,D,0
18.11935,81.35204,331.01,0.38,0.59,2024-03-23,710,N20,VIIRS,l,2,303.76,2.09,D,0
18.12594,81.46452,337.97,0.38,0.58,2024-03-23,710,N20,VIIRS,n,2,307.27,2.14,D,0
18.12646,81.4644,337.19,0.38,0.58,2024-03-23,710,N20,VIIRS,n,2,307.15,2.13,D,0
18.12684,81.33532,332.3,0.38,0.59,2024-03-23,710,N20,VIIRS,l,2,306.69,2.22,D,0
18.13967,80.25215,330.46,0.45,0.63,2024-03-23,710,N20,VIIRS,l,2,301.51,1.57,D,0
18.14731,81.30166,336.85,0.38,0.59,2024-03-23,710,N20,VIIRS,n,2,304.99,2.9,D,0
18.14796,78.96355,353.15,0.55,0.68,2024-03-23,710,N20,VIIRS,n,2,303.66,9.59,D,0
18.14895,78.96571,367.0,0.55,0.68,2024-03-23,710,N20,VIIRS,h,2,303.75,15.87,D,0
18.14901,78.96839,346.81,0.55,0.68,2024-03-23,710,N20,VIIRS,n,2,302.02,9.59,D,0
18.17825,81.34543,332.96,0.38,0.59,2024-03-23,710,N20,VIIRS,l,2,305.58,0.9,D,0
18.20326,80.2869,331.11,0.45,0.63,2024-03-23,710,N20,VIIRS,l,2,301.77,4.11,D,0
18.2063,80.28988,336.37,0.45,0.63,2024-03-23,710,N20,VIIRS,n,2,300.65,3.32,D,0
18.20853,80.77164,339.43,0.42,0.61,2024-03-23,710,N20,VIIRS,n,2,303.89,3.09,D,0
18.20998,80.77218,340.64,0.42,0.61,2024-03-23,710,N20,VIIRS,n,2,303.27,3.25,D,0
18.21403,80.7912,356.02,0.41,0.61,2024-03-23,710,N20,VIIRS,n,2,304.5,7.02,D,0
18.21788,80.78958,352.35,0.42,0.61,2024-03-23,710,N20,VIIRS,n,2,303.18,7.36,D,0
18.22087,80.76995,331.38,0.42,0.61,2024-03-23,710,N20,VIIRS,n,2,302.54,3.0,D,0
18.22169,80.77383,341.82,0.42,0.61,2024-03-23,710,N20,VIIRS,n,2,302.52,3.0,D,0
18.24854,80.73941,336.99,0.42,0.61,2024-03-23,710,N20,VIIRS,n,2,302.31,3.72,D,0
18.2548,80.74216,332.11,0.42,0.61,2024-03-23,710,N20,VIIRS,l,2,302.66,2.99,D,0
18.28298,80.79559,333.64,0.41,0.61,2024-03-23,710,N20,VIIRS,l,2,304.92,4.9,D,0
18.2835,78.03468,352.93,0.63,0.72,2024-03-23,710,N20,VIIRS,n,2,299.76,11.21,D,0
18.28485,78.03359,347.53,0.63,0.72,2024-03-23,710,N20,VIIRS,n,2,299.45,9.45,D,0
18.30737,80.79716,330.4,0.41,0.61,2024-03-23,710,N20,VIIRS,l,2,304.5,3.26,D,0
18.33758,80.1021,333.92,0.46,0.63,2024-03-23,710,N20,VIIRS,n,2,302.73,4.66,D,0
18.33947,80.89474,330.38,0.41,0.6,2024-03-23,710,N20,VIIRS,l,2,304.1,2.14,D,0
18.35984,80.03967,331.23,0.46,0.64,2024-03-23,710,N20,VIIRS,l,2,301.96,4.89,D,0
18.362,80.03992,336.54,0.46,0.64,2024-03-23,710,N20,VIIRS,n,2,301.4,4.2,D,0
18.38859,80.23146,331.36,0.45,0.63,2024-03-23,710,N20,VIIRS,n,2,299.81,2.73,D,0
18.39062,81.42271,334.19,0.37,0.58,2024-03-23,710,N20,VIIRS,l,2,306.33,2.69,D,0
18.40737,80.19389,334.21,0.45,0.63,2024-03-23,710,N20,VIIRS,n,2,301.99,3.04,D,0
18.40977,80.19276,332.43,0.45,0.63,2024-03-23,710,N20,VIIRS,n,2,302.38,2.65,D,0
18.41197,80.61466,333.3,0.42,0.61,2024-03-23,710,N20,VIIRS,n,2,302.41,3.5,D,0
18.43213,80.62892,340.23,0.42,0.61,2024-03-23,710,N20,VIIRS,n,2,303.85,5.27,D,0
18.43294,80.63273,351.79,0.42,0.61,2024-03-23,710,N20,VIIRS,n,2,303.42,5.27,D,0
18.43797,79.97897,342.24,0.47,0.64,2024-03-23,710,N20,VIIRS,n,2,302.91,6.68,D,0
18.43886,79.98315,352.45,0.46,0.64,2024-03-23,710,N20,VIIRS,n,2,302.36,6.68,D,0
18.4601,80.13832,332.03,0.45,0.63,2024-03-23,710,N20,VIIRS,l,2,304.59,4.69,D,0
18.461,80.14256,346.33,0.45,0.63,2024-03-23,710,N20,VIIRS,n,2,303.22,4.69,D,0
18.52579,80.99442,330.62,0.4,0.6,2024-03-23,710,N20,VIIRS,l,2,303.9,1.84,D,0
18.52655,80.99809,330.4,0.4,0.6,2024-03-23,710,N20,VIIRS,l,2,304.21,1.84,D,0
18.56851,80.93146,333.64,0.4,0.6,2024-03-23,710,N20,VIIRS,l,2,306.14,1.71,D,0
18.5994,80.82494,330.52,0.41,0.6,2024-03-23,710,N20,VIIRS,l,2,303.79,2.51,D,0
18.61932,80.45499,367.0,0.43,0.62,2024-03-23,710,N20,VIIRS,h,2,305.75,10.73,D,0
18.62533,80.73298,331.08,0.41,0.61,2024-03-23,710,N20,VIIRS,l,2,302.61,2.57,D,0
18.65868,80.29173,344.06,0.44,0.62,2024-03-23,710,N20,VIIRS,n,2,301.41,4.64,D,0
18.65942,80.29511,347.38,0.44,0.62,2024-03-23,710,N20,VIIRS,n,2,301.71,5.96,D,0
18.65994,80.29112,341.81,0.44,0.62,2024-03-23,710,N20,VIIRS,n,2,300.78,5.95,D,0
18.66065,80.29448,351.73,0.44,0.62,2024-03-23,710,N20,VIIRS,n,2,301.63,11.68,D,0
18.66412,80.28997,332.52,0.44,0.62,2024-03-23,710,N20,VIIRS,n,2,299.33,4.64,D,0
18.66491,80.29363,332.38,0.44,0.62,2024-03-23,710,N20,VIIRS,n,2,300.21,5.96,D,0
18.70098,80.40768,333.38,0.43,0.62,2024-03-23,710,N20,VIIRS,n,2,301.92,3.05,D,0
18.70651,80.40662,341.06,0.43,0.62,2024-03-23,710,N20,VIIRS,n,2,302.27,4.07,D,0
18.78609,80.9912,331.03,0.39,0.59,2024-03-23,710,N20,VIIRS,l,2,303.58,1.99,D,0
18.78783,80.99129,331.34,0.39,0.59,2024-03-23,710,N20,VIIRS,l,2,303.72,1.5,D,0
18.80734,80.3936,330.16,0.43,0.62,2024-03-23,710,N20,VIIRS,l,2,301.74,2.52,D,0
18.80814,80.39732,330.05,0.43,0.62,2024-03-23,710,N20,VIIRS,l,2,302.05,2.52,D,0
18.81628,80.1635,331.11,0.44,0.63,2024-03-23,710,N20,VIIRS,l,2,301.16,3.79,D,0
18.81664,80.13761,330.15,0.45,0.63,2024-03-23,710,N20,VIIRS,l,2,301.99,3.15,D,0
18.82661,79.81258,335.26,0.47,0.64,2024-03-23,710,N20,VIIRS,n,2,304.04,2.51,D,0
18.83756,79.33157,334.05,0.5,0.66,2024-03-23,710,N20,VIIRS,n,2,302.66,7.25,D,0
18.86748,80.19321,367.0,0.44,0.62,2024-03-23,710,N20,VIIRS,h,2,304.27,12.14,D,0
18.87184,80.21339,341.65,0.44,0.62,2024-03-23,710,N20,VIIRS,n,2,301.7,2.45,D,0
18.87425,80.17056,331.0,0.44,0.62,2024-03-23,710,N20,VIIRS,l,2,303.03,3.17,D,0
18.87738,80.21212,330.18,0.44,0.62,2024-03-23,710,N20,VIIRS,l,2,300.64,2.45,D,0
18.94467,80.11771,334.52,0.44,0.63,2024-03-23,710,N20,VIIRS,n,2,301.24,3.15,D,0
18.96555,80.03255,332.09,0.45,0.63,2024-03-23,710,N20,VIIRS,n,2,300.4,2.72,D,0
19.10716,80.34468,331.02,0.43,0.62,2024-03-23,710,N20,VIIRS,n,2,300.86,3.55,D,0
19.1708,79.00473,334.9,0.52,0.67,2024-03-23,710,N20,VIIRS,n,2,301.22,3.97,D,0
19.21194,79.91702,334.14,0.45,0.63,2024-03-23,710,N20,VIIRS,n,2,303.3,3.04,D,0
19.05779,77.49026,330.38,0.66,0.73,2024-03-23,711,N20,VIIRS,l,2,302.88,5.57,D,0
19.16364,78.51603,331.71,0.56,0.69,2024-03-23,711,N20,VIIRS,l,2,302.43,3.0,D,0
19.36093,78.6527,331.97,0.54,0.68,2024-03-23,711,N20,VIIRS,l,2,303.04,2.91,D,0
19.52226,78.31599,347.71,0.57,0.69,2024-03-23,711,N20,VIIRS,n,2,306.31,7.13,D,0
19.52251,78.31336,345.82,0.57,0.69,2024-03-23,711,N20,VIIRS,n,2,306.98,7.55,D,0
19.52362,78.31831,336.15,0.57,0.69,2024-03-23,711,N20,VIIRS,l,2,307.06,7.55,D,0
19.62344,79.62503,344.44,0.46,0.64,2024-03-23,711,N20,VIIRS,n,2,303.45,4.36,D,0
19.69739,77.66059,330.16,0.62,0.71,2024-03-23,711,N20,VIIRS,l,2,304.97,3.05,D,0
19.73811,78.6148,342.2,0.54,0.68,2024-03-23,711,N20,VIIRS,n,2,308.7,4.43,D,0
19.83198,79.94445,332.6,0.44,0.62,2024-03-23,711,N20,VIIRS,n,2,302.59,3.58,D,0
19.87933,80.46593,332.08,0.4,0.6,2024-03-23,711,N20,VIIRS,l,2,302.43,2.32,D,0
19.8822,80.46596,332.01,0.4,0.6,2024-03-23,711,N20,VIIRS,n,2,301.73,2.53,D,0
19.88381,80.47338,331.54,0.4,0.6,2024-03-23,711,N20,VIIRS,l,2,302.62,3.34,D,0
19.89034,80.6772,334.91,0.39,0.59,2024-03-23,711,N20,VIIRS,n,2,302.92,2.2,D,0
19.91077,80.58946,331.57,0.4,0.6,2024-03-23,711,N20,VIIRS,n,2,301.26,2.78,D,0
19.94472,78.30956,339.06,0.56,0.69,2024-03-23,711,N20,VIIRS,n,2,308.33,3.47,D,0
19.94536,78.31207,338.33,0.56,0.68,2024-03-23,711,N20,VIIRS,n,2,307.55,3.66,D,0
19.95123,80.04473,341.45,0.43,0.62,2024-03-23,711,N20,VIIRS,n,2,303.19,2.97,D,0
19.96444,78.56653,336.95,0.53,0.67,2024-03-23,711,N20,VIIRS,l,2,308.62,3.34,D,0
19.96672,80.38803,330.53,0.41,0.6,2024-03-23,711,N20,VIIRS,l,2,300.65,3.11,D,0
19.96714,80.37994,337.49,0.41,0.6,2024-03-23,711,N20,VIIRS,n,2,301.21,4.09,D,0
19.96873,80.38727,330.15,0.41,0.6,2024-03-23,711,N20,VIIRS,l,2,301.16,3.38,D,0
19.97053,80.37942,345.65,0.41,0.6,2024-03-23,711,N20,VIIRS,n,2,301.67,5.24,D,0
19.9725,80.37871,332.32,0.41,0.6,2024-03-23,711,N20,VIIRS,n,2,301.65,4.09,D,0
19.97286,80.39047,340.24,0.41,0.6,2024-03-23,711,N20,VIIRS,n,2,301.41,4.31,D,0
19.97491,80.38976,340.43,0.41,0.6,2024-03-23,711,N20,VIIRS,n,2,300.67,3.38,D,0
19.97651,80.39712,341.12,0.41,0.6,2024-03-23,711,N20,VIIRS,n,2,301.74,5.64,D,0
19.97978,80.39664,336.34,0.41,0.6,2024-03-23,711,N20,VIIRS,n,2,300.53,5.57,D,0
19.98143,80.45791,338.96,0.4,0.6,2024-03-23,711,N20,VIIRS,n,2,302.55,3.51,D,0
19.99755,80.48135,340.09,0.4,0.6,2024-03-23,711,N20,VIIRS,n,2,302.87,2.13,D,0
19.9976,80.84841,331.76,0.38,0.59,2024-03-23,711,N20,VIIRS,l,2,303.57,2.12,D,0
15.5225,78.51109,335.95,0.59,0.7,2024-03-23,850,N20,VIIRS,n,2,304.81,3.2,D,0
15.52481,78.50964,332.58,0.59,0.7,2024-03-23,850,N20,VIIRS,l,2,303.92,2.59,D,0
15.59131,78.92432,338.42,0.63,0.72,2024-03-23,850,N20,VIIRS,n,2,303.55,3.37,D,0
15.64515,78.27062,344.59,0.57,0.69,2024-03-23,850,N20,VIIRS,n,2,304.58,6.15,D,0
15.72613,78.43636,330.31,0.59,0.7,2024-03-23,850,N20,VIIRS,l,2,302.89,1.12,D,0
15.8099,78.86804,340.94,0.63,0.72,2024-03-23,850,N20,VIIRS,n,2,297.5,15.98,D,0
15.8106,78.87522,367.0,0.63,0.72,2024-03-23,850,N20,VIIRS,h,2,298.36,17.0,D,0
15.81346,77.1584,337.55,0.48,0.65,2024-03-23,850,N20,VIIRS,n,2,306.23,9.16,D,0
15.90436,77.63322,331.03,0.52,0.67,2024-03-23,850,N20,VIIRS,l,2,301.07,4.43,D,0
15.95312,78.11441,337.06,0.56,0.69,2024-03-23,850,N20,VIIRS,n,2,306.02,7.85,D,0
16.00747,79.07989,342.47,0.66,0.73,2024-03-23,850,N20,VIIRS,n,2,299.58,4.88,D,0
16.00892,79.07533,337.09,0.66,0.73,2024-03-23,850,N20,VIIRS,n,2,299.59,5.98,D,0
16.00923,78.74926,344.0,0.62,0.72,2024-03-23,850,N20,VIIRS,n,2,301.18,7.31,D,0
16.00951,79.08121,343.7,0.66,0.73,2024-03-23,850,N20,VIIRS,n,2,299.85,5.98,D,0
16.05002,79.03407,354.42,0.65,0.73,2024-03-23,850,N20,VIIRS,n,2,299.06,12.73,D,0
16.06118,79.03088,350.11,0.66,0.73,2024-03-23,850,N20,VIIRS,n,2,299.11,17.05,D,0
16.06166,79.03623,341.63,0.66,0.73,2024-03-23,850,N20,VIIRS,n,2,297.65,9.17,D,0
16.06334,79.03332,367.0,0.65,0.73,2024-03-23,850,N20,VIIRS,h,2,299.69,12.55,D,0
16.06386,79.03876,332.57,0.66,0.73,2024-03-23,850,N20,VIIRS,n,2,295.49,12.55,D,0
16.06837,79.03638,330.72,0.66,0.73,2024-03-23,850,N20,VIIRS,n,2,296.26,9.17,D,0
16.08946,79.02661,335.16,0.65,0.73,2024-03-23,850,N20,VIIRS,n,2,295.62,5.2,D,0
16.09407,77.02191,367.0,0.48,0.65,2024-03-23,850,N20,VIIRS,h,2,304.89,11.9,D,0
16.09451,77.0263,330.62,0.48,0.65,2024-03-23,850,N20,VIIRS,n,2,302.19,8.01,D,0
16.09493,77.02371,367.0,0.48,0.64,2024-03-23,850,N20,VIIRS,h,2,304.81,13.13,D,0
16.11688,79.1261,330.97,0.67,0.73,2024-03-23,850,N20,VIIRS,n,2,297.92,5.35,D,0
16.20089,77.92277,331.97,0.55,0.68,2024-03-23,850,N20,VIIRS,n,2,298.44,3.34,D,0
16.20198,77.92363,332.63,0.55,0.68,2024-03-23,850,N20,VIIRS,n,2,298.75,2.13,D,0
16.28622,77.22225,336.5,0.5,0.65,2024-03-23,850,N20,VIIRS,n,2,303.48,6.7,D,0
16.43814,78.26255,340.12,0.59,0.7,2024-03-23,850,N20,VIIRS,n,2,301.06,6.68,D,0
17.06589,77.01828,337.93,0.49,0.65,2024-03-23,850,N20,VIIRS,n,2,301.93,6.45,D,0
17.06737,77.01632,338.19,0.49,0.65,2024-03-23,850,N20,VIIRS,n,2,301.87,4.69,D,0
17.73104,77.07471,343.76,0.5,0.66,2024-03-23,850,N20,VIIRS,n,2,303.42,7.42,D,0
17.91933,77.35938,334.75,0.53,0.67,2024-03-23,851,N20,VIIRS,n,2,304.58,4.64,D,0
17.92009,77.35748,335.22,0.53,0.67,2024-03-23,851,N20,VIIRS,n,2,304.54,4.89,D,0
18.13835,78.3476,331.59,0.62,0.71,2024-03-23,851,N20,VIIRS,n,2,301.28,4.23,D,0
18.14764,78.96925,333.58,0.68,0.74,2024-03-23,851,N20,VIIRS,n,2,300.34,7.19,D,0
18.28128,78.03481,337.25,0.59,0.7,2024-03-23,851,N20,VIIRS,n,2,303.22,4.58,D,0
18.50156,78.36002,337.94,0.63,0.72,2024-03-23,851,N20,VIIRS,n,2,297.33,4.63,D,0
18.67332,79.55577,331.39,0.76,0.77,2024-03-23,851,N20,VIIRS,n,2,301.15,5.47,D,0
18.73538,79.14111,343.02,0.71,0.75,2024-03-23,851,N20,VIIRS,n,2,300.51,8.28,D,0
18.73675,79.14071,343.09,0.71,0.75,2024-03-23,851,N20,VIIRS,n,2,300.61,8.31,D,0
19.24979,77.42741,336.28,0.55,0.68,2024-03-23,851,N20,VIIRS,n,2,305.45,3.33,D,0
19.36901,77.30097,332.67,0.55,0.68,2024-03-23,851,N20,VIIRS,l,2,304.69,2.78,D,0
19.52299,78.31473,332.02,0.64,0.72,2024-03-23,851,N20,VIIRS,l,2,302.52,7.22,D,0
19.71281,77.18441,338.32,0.54,0.68,2024-03-23,851,N20,VIIRS,l,2,310.99,4.75,D,0
19.94395,77.13103,339.97,0.54,0.68,2024-03-23,851,N20,VIIRS,n,2,312.99,1.33,D,0
19.86284,78.34429,308.91,0.48,0.64,2024-03-23,1939,N20,VIIRS,n,2,295.22,1.66,N,0
19.9238,79.11318,308.6,0.42,0.61,2024-03-23,1939,N20,VIIRS,n,2,297.76,1.77,N,2
16.49957,80.3225,306.25,0.32,0.55,2024-03-23,1940,N20,VIIRS,n,2,295.13,0.74,N,0
16.8729,80.02079,308.82,0.34,0.56,2024-03-23,1940,N20,VIIRS,n,2,296.47,0.95,N,2
18.46385,79.97285,307.58,0.36,0.57,2024-03-23,1940,N20,VIIRS,n,2,295.25,1.16,N,0
18.67823,79.55519,330.98,0.38,0.59,2024-03-23,1940,N20,VIIRS,n,2,294.1,3.35,N,0
18.87598,79.14544,306.43,0.41,0.61,2024-03-23,1940,N20,VIIRS,n,2,293.28,1.18,N,0
18.87637,79.14149,307.15,0.41,0.61,2024-03-23,1940,N20,VIIRS,n,2,293.55,1.71,N,0
18.87776,79.14303,308.88,0.41,0.61,2024-03-23,1940,N20,VIIRS,n,2,293.91,2.02,N,0
18.94477,80.10427,306.86,0.35,0.57,2024-03-23,1940,N20,VIIRS,n,2,295.49,1.46,N,0
19.1648,78.52104,304.08,0.45,0.63,2024-03-23,1940,N20,VIIRS,n,2,291.75,0.79,N,0
19.18178,79.00183,310.44,0.42,0.61,2024-03-23,1940,N20,VIIRS,n,2,293.85,2.15,N,0
19.2044,78.83433,305.54,0.43,0.62,2024-03-23,1940,N20,VIIRS,n,2,293.14,0.82,N,0
15.54077,78.67907,305.48,0.4,0.6,2024-03-23,1941,N20,VIIRS,n,2,295.05,1.49,N,0
15.54609,78.67886,310.54,0.4,0.6,2024-03-23,1941,N20,VIIRS,n,2,294.41,3.34,N,0
15.5465,78.67502,313.87,0.4,0.6,2024-03-23,1941,N20,VIIRS,n,2,293.97,2.46,N,0
15.84879,78.87845,306.69,0.39,0.59,2024-03-23,1941,N20,VIIRS,n,2,294.12,0.81,N,0
16.01081,79.1191,303.61,0.38,0.59,2024-03-23,1941,N20,VIIRS,n,2,293.59,0.28,N,0
16.05494,79.03863,308.18,0.39,0.59,2024-03-23,1941,N20,VIIRS,n,2,292.9,1.09,N,0
16.10578,79.07623,305.0,0.38,0.59,2024-03-23,1941,N20,VIIRS,n,2,294.32,1.78,N,0
16.10618,79.07273,319.2,0.38,0.59,2024-03-23,1941,N20,VIIRS,n,2,294.66,2.45,N,0
17.53793,77.10209,304.46,0.66,0.73,2024-03-23,2120,N20,VIIRS,n,2,287.42,2.35,N,0
19.37619,77.39175,316.74,0.63,0.72,2024-03-23,2120,N20,VIIRS,n,2,288.6,2.04,N,0
19.37729,77.39096,309.45,0.63,0.72,2024-03-23,2120,N20,VIIRS,n,2,288.96,2.37,N,0
19.53275,77.73375,298.79,0.66,0.73,2024-03-23,2120,N20,VIIRS,n,2,288.65,0.73,N,0
19.53555,77.73363,301.97,0.66,0.73,2024-03-23,2120,N20,VIIRS,n,2,288.7,0.71,N,0
15.50103,77.02323,337.51,0.42,0.45,2024-03-24,829,N20,VIIRS,l,2,309.2,2.54,D,0
15.5508,78.50923,336.92,0.53,0.5,2024-03-24,829,N20,VIIRS,n,2,305.97,6.85,D,0
15.55144,78.67733,341.35,0.54,0.51,2024-03-24,829,N20,VIIRS,n,2,303.82,5.26,D,0
15.55202,78.68204,331.21,0.54,0.51,2024-03-24,829,N20,VIIRS,l,2,302.79,4.32,D,0
15.5536,78.50651,347.18,0.53,0.5,2024-03-24,829,N20,VIIRS,n,2,308.15,18.83,D,0
15.55535,78.50864,342.56,0.53,0.5,2024-03-24,829,N20,VIIRS,n,2,306.02,6.85,D,0
15.55717,78.68603,330.49,0.54,0.51,2024-03-24,829,N20,VIIRS,l,2,302.91,3.27,D,0
15.56235,78.69015,333.98,0.54,0.51,2024-03-24,829,N20,VIIRS,n,2,302.2,3.63,D,0
15.56296,78.69511,332.78,0.54,0.51,2024-03-24,829,N20,VIIRS,n,2,301.56,3.63,D,0
15.5936,78.18166,342.34,0.5,0.49,2024-03-24,829,N20,VIIRS,n,2,308.54,5.31,D,0
15.60067,78.69735,334.11,0.54,0.51,2024-03-24,829,N20,VIIRS,n,2,301.32,4.0,D,0
15.60474,78.69218,333.5,0.54,0.51,2024-03-24,829,N20,VIIRS,n,2,300.89,5.41,D,0
15.61497,77.20792,341.93,0.43,0.46,2024-03-24,829,N20,VIIRS,n,2,311.75,18.57,D,0
15.61689,77.20698,352.14,0.43,0.46,2024-03-24,829,N20,VIIRS,n,2,311.06,17.31,D,0
15.6402,77.24091,339.13,0.44,0.46,2024-03-24,829,N20,VIIRS,l,2,313.07,6.22,D,0
15.65745,77.31155,337.61,0.44,0.46,2024-03-24,829,N20,VIIRS,l,2,308.11,2.07,D,0
15.69279,78.7686,332.96,0.55,0.51,2024-03-24,829,N20,VIIRS,n,2,301.12,3.5,D,0
15.75111,80.01189,331.43,0.33,0.56,2024-03-24,829,N20,VIIRS,l,2,301.9,1.46,D,0
15.75584,78.74515,340.48,0.55,0.51,2024-03-24,829,N20,VIIRS,n,2,303.01,9.49,D,0
15.75646,77.83014,341.92,0.48,0.48,2024-03-24,829,N20,VIIRS,n,2,311.77,7.75,D,0
15.75752,78.05664,337.97,0.49,0.49,2024-03-24,829,N20,VIIRS,n,2,307.13,2.87,D,0
15.76283,78.76419,331.75,0.55,0.51,2024-03-24,829,N20,VIIRS,n,2,301.6,3.5,D,0
15.76322,78.80671,333.03,0.55,0.51,2024-03-24,829,N20,VIIRS,l,2,304.24,2.83,D,0
15.76342,78.76912,338.41,0.55,0.51,2024-03-24,829,N20,VIIRS,n,2,301.11,3.95,D,0
15.76786,78.80611,336.54,0.55,0.51,2024-03-24,829,N20,VIIRS,n,2,303.55,3.38,D,0
15.78625,78.8021,331.04,0.55,0.51,2024-03-24,829,N20,VIIRS,l,2,302.12,4.41,D,0
15.79279,79.21951,343.17,0.59,0.53,2024-03-24,829,N20,VIIRS,n,2,305.55,4.32,D,0
15.81773,77.22202,341.37,0.44,0.46,2024-03-24,829,N20,VIIRS,n,2,311.04,7.1,D,0
15.85986,79.21156,335.14,0.59,0.53,2024-03-24,829,N20,VIIRS,n,2,305.09,2.75,D,0
15.86012,79.20972,339.83,0.59,0.53,2024-03-24,829,N20,VIIRS,n,2,305.18,5.05,D,0
15.86308,77.78652,345.03,0.48,0.48,2024-03-24,829,N20,VIIRS,n,2,310.88,12.6,D,0
15.86464,79.21091,345.65,0.59,0.53,2024-03-24,829,N20,VIIRS,n,2,304.82,8.04,D,0
15.8649,79.20903,346.78,0.59,0.53,2024-03-24,829,N20,VIIRS,n,2,303.88,6.32,D,0
15.89154,77.60448,342.55,0.46,0.47,2024-03-24,829,N20,VIIRS,n,2,306.54,3.0,D,0
15.895,78.97073,345.61,0.57,0.52,2024-03-24,829,N20,VIIRS,n,2,307.18,8.46,D,0
15.89516,77.74404,336.58,0.47,0.48,2024-03-24,829,N20,VIIRS,l,2,307.86,1.82,D,0
15.89719,77.74234,335.61,0.47,0.48,2024-03-24,829,N20,VIIRS,l,2,307.62,3.34,D,0
15.91498,78.79344,348.48,0.56,0.51,2024-03-24,829,N20,VIIRS,n,2,304.51,6.75,D,0
15.91607,78.79102,330.04,0.56,0.51,2024-03-24,829,N20,VIIRS,l,2,303.4,5.33,D,0
15.91669,78.7961,333.69,0.56,0.51,2024-03-24,829,N20,VIIRS,n,2,303.32,3.31,D,0
15.98402,78.62218,339.77,0.54,0.51,2024-03-24,829,N20,VIIRS,n,2,307.49,3.92,D,0
15.98949,78.55244,332.46,0.54,0.51,2024-03-24,829,N20,VIIRS,l,2,306.12,3.41,D,0
15.99027,78.55492,336.45,0.54,0.51,2024-03-24,829,N20,VIIRS,n,2,305.54,5.51,D,0
16.02139,78.8681,330.98,0.56,0.52,2024-03-24,829,N20,VIIRS,l,2,304.52,2.58,D,0
16.02363,78.8704,336.93,0.56,0.52,2024-03-24,829,N20,VIIRS,n,2,304.41,2.67,D,0
16.04607,79.00137,331.41,0.58,0.52,2024-03-24,829,N20,VIIRS,l,2,304.66,3.38,D,0
16.04874,78.38416,337.7,0.52,0.5,2024-03-24,829,N20,VIIRS,n,2,305.5,4.81,D,0
16.04924,79.00278,332.06,0.58,0.52,2024-03-24,829,N20,VIIRS,l,2,305.33,3.04,D,0
16.04951,78.78275,343.07,0.56,0.51,2024-03-24,829,N20,VIIRS,n,2,304.88,5.72,D,0
16.05011,78.78788,338.32,0.56,0.51,2024-03-24,829,N20,VIIRS,n,2,305.65,8.59,D,0
16.0503,79.03867,331.23,0.58,0.52,2024-03-24,829,N20,VIIRS,l,2,304.85,7.98,D,0
16.0508,79.00075,336.19,0.58,0.52,2024-03-24,829,N20,VIIRS,n,2,304.98,3.38,D,0
16.05337,78.99727,341.15,0.58,0.52,2024-03-24,829,N20,VIIRS,n,2,303.75,2.44,D,0
16.05445,79.03288,332.58,0.58,0.52,2024-03-24,829,N20,VIIRS,l,2,303.82,5.91,D,0
16.05502,79.05045,330.39,0.58,0.52,2024-03-24,829,N20,VIIRS,l,2,303.35,3.21,D,0
16.05554,79.00025,330.5,0.58,0.52,2024-03-24,829,N20,VIIRS,l,2,302.1,1.32,D,0
16.05789,79.03441,335.3,0.58,0.52,2024-03-24,829,N20,VIIRS,n,2,303.04,5.58,D,0
16.0585,79.03944,344.27,0.58,0.52,2024-03-24,829,N20,VIIRS,n,2,304.88,5.58,D,0
16.0598,79.03755,349.7,0.58,0.52,2024-03-24,829,N20,VIIRS,n,2,303.84,13.02,D,0
16.06328,79.03914,336.35,0.58,0.52,2024-03-24,829,N20,VIIRS,n,2,302.85,5.58,D,0
16.0639,79.04427,330.79,0.58,0.52,2024-03-24,829,N20,VIIRS,l,2,302.52,4.54,D,0
16.06651,77.9806,345.49,0.49,0.49,2024-03-24,829,N20,VIIRS,n,2,310.65,14.47,D,0
16.06851,78.78339,343.79,0.56,0.51,2024-03-24,829,N20,VIIRS,n,2,305.33,5.09,D,0
16.06912,78.78855,342.74,0.56,0.51,2024-03-24,829,N20,VIIRS,n,2,305.28,5.09,D,0
16.06974,78.79378,339.48,0.56,0.51,2024-03-24,829,N20,VIIRS,n,2,306.31,4.19,D,0
16.07253,78.77734,337.27,0.56,0.51,2024-03-24,829,N20,VIIRS,n,2,303.72,4.04,D,0
16.07312,78.78237,330.72,0.56,0.51,2024-03-24,829,N20,VIIRS,l,2,304.77,5.09,D,0
16.07435,78.79279,330.47,0.56,0.51,2024-03-24,829,N20,VIIRS,l,2,302.84,4.19,D,0
16.09863,79.08188,338.65,0.59,0.52,2024-03-24,829,N20,VIIRS,n,2,302.71,4.79,D,0
16.09878,77.02003,338.84,0.43,0.46,2024-03-24,829,N20,VIIRS,n,2,307.15,6.33,D,0
16.10154,79.06537,333.5,0.58,0.52,2024-03-24,829,N20,VIIRS,n,2,301.9,4.24,D,0
16.10341,77.0234,338.17,0.43,0.46,2024-03-24,829,N20,VIIRS,n,2,306.55,3.74,D,0
16.1138,79.08759,339.17,0.59,0.53,2024-03-24,829,N20,VIIRS,n,2,302.73,3.33,D,0
16.11481,77.01388,340.64,0.43,0.46,2024-03-24,829,N20,VIIRS,n,2,306.4,5.6,D,0
16.12358,79.12984,335.49,0.59,0.53,2024-03-24,829,N20,VIIRS,n,2,303.29,2.03,D,0
16.12771,78.68733,330.89,0.55,0.51,2024-03-24,829,N20,VIIRS,l,2,303.5,3.62,D,0
16.12904,79.13505,331.98,0.59,0.53,2024-03-24,829,N20,VIIRS,l,2,303.09,4.04,D,0
16.13109,78.6836,340.47,0.55,0.51,2024-03-24,829,N20,VIIRS,n,2,304.91,9.63,D,0
16.13384,79.13462,333.54,0.59,0.53,2024-03-24,829,N20,VIIRS,n,2,302.17,4.04,D,0
16.27662,80.47106,341.33,0.37,0.58,2024-03-24,829,N20,VIIRS,n,2,301.39,4.68,D,0
16.2897,78.5606,342.16,0.54,0.51,2024-03-24,829,N20,VIIRS,n,2,308.02,6.32,D,0
16.38425,79.79683,347.65,0.33,0.55,2024-03-24,829,N20,VIIRS,n,2,301.24,6.21,D,0
16.43047,80.418,331.2,0.36,0.58,2024-03-24,829,N20,VIIRS,l,2,302.61,1.49,D,0
16.44346,79.82478,342.27,0.33,0.55,2024-03-24,829,N20,VIIRS,n,2,300.99,2.02,D,0
16.25383,77.12482,334.59,0.44,0.46,2024-03-24,830,N20,VIIRS,l,2,307.23,3.92,D,0
16.32708,78.32404,330.65,0.52,0.5,2024-03-24,830,N20,VIIRS,l,2,304.88,2.08,D,0
16.52085,79.78926,341.94,0.33,0.55,2024-03-24,830,N20,VIIRS,n,2,301.64,3.93,D,0
16.58485,79.76829,333.28,0.33,0.55,2024-03-24,830,N20,VIIRS,n,2,301.45,1.76,D,0
16.63935,80.07656,341.92,0.35,0.56,2024-03-24,830,N20,VIIRS,n,2,298.01,3.48,D,0
16.64448,80.07593,343.6,0.35,0.56,2024-03-24,830,N20,VIIRS,n,2,298.41,3.92,D,0
16.68804,77.85641,331.96,0.49,0.49,2024-03-24,830,N20,VIIRS,l,2,305.22,2.65,D,0
16.69136,77.02415,347.13,0.44,0.46,2024-03-24,830,N20,VIIRS,n,2,305.77,4.47,D,0
16.71817,77.24485,335.05,0.45,0.47,2024-03-24,830,N20,VIIRS,l,2,307.57,1.64,D,0
16.73732,77.60416,338.11,0.47,0.48,2024-03-24,830,N20,VIIRS,n,2,306.83,2.85,D,0
16.73938,77.60534,339.04,0.48,0.48,2024-03-24,830,N20,VIIRS,n,2,307.45,2.94,D,0
16.78839,80.41655,330.5,0.37,0.58,2024-03-24,830,N20,VIIRS,l,2,300.78,1.16,D,0
16.83214,79.14908,342.66,0.6,0.53,2024-03-24,830,N20,VIIRS,n,2,303.47,11.35,D,0
16.89174,80.63626,344.76,0.38,0.59,2024-03-24,830,N20,VIIRS,n,2,299.98,3.71,D,0
16.94082,78.21846,338.0,0.53,0.5,2024-03-24,830,N20,VIIRS,n,2,306.35,2.41,D,0
16.98844,78.19267,342.96,0.52,0.5,2024-03-24,830,N20,VIIRS,n,2,305.67,4.25,D,0
17.03171,78.19443,338.73,0.52,0.5,2024-03-24,830,N20,VIIRS,n,2,307.12,3.33,D,0
17.11995,79.82215,340.12,0.34,0.56,2024-03-24,830,N20,VIIRS,n,2,304.34,5.24,D,0
17.14797,78.71507,333.51,0.57,0.52,2024-03-24,830,N20,VIIRS,l,2,303.68,3.39,D,0
17.25383,81.15967,344.05,0.42,0.61,2024-03-24,830,N20,VIIRS,n,2,298.26,6.92,D,0
17.25431,77.90787,344.35,0.51,0.49,2024-03-24,830,N20,VIIRS,n,2,308.02,6.15,D,0
17.25441,81.16007,344.95,0.42,0.61,2024-03-24,830,N20,VIIRS,n,2,298.54,6.51,D,0
17.26565,79.15125,339.74,0.61,0.54,2024-03-24,830,N20,VIIRS,n,2,304.12,5.65,D,0
17.28114,80.13387,334.55,0.36,0.57,2024-03-24,830,N20,VIIRS,n,2,297.19,1.04,D,0
17.33093,77.99538,335.86,0.51,0.5,2024-03-24,830,N20,VIIRS,l,2,307.53,2.89,D,0
17.39417,77.24197,339.54,0.46,0.47,2024-03-24,830,N20,VIIRS,l,2,309.99,10.79,D,0
17.39487,77.84438,332.39,0.5,0.49,2024-03-24,830,N20,VIIRS,l,2,306.83,1.78,D,0
17.43161,77.97585,337.02,0.51,0.5,2024-03-24,830,N20,VIIRS,l,2,311.14,4.51,D,0
17.46286,77.77729,340.33,0.5,0.49,2024-03-24,830,N20,VIIRS,l,2,310.91,4.77,D,0
17.48823,77.45959,338.18,0.48,0.48,2024-03-24,830,N20,VIIRS,l,2,311.42,5.59,D,0
17.50262,81.12727,336.8,0.42,0.61,2024-03-24,830,N20,VIIRS,n,2,297.94,2.31,D,0
17.55348,81.07751,340.2,0.42,0.61,2024-03-24,830,N20,VIIRS,n,2,299.2,2.57,D,0
17.55376,81.07876,342.78,0.42,0.61,2024-03-24,830,N20,VIIRS,n,2,299.34,3.9,D,0
17.57807,81.09881,331.92,0.42,0.61,2024-03-24,830,N20,VIIRS,n,2,300.06,2.64,D,0
17.6116,78.45414,330.67,0.56,0.51,2024-03-24,830,N20,VIIRS,l,2,304.95,3.7,D,0
17.61251,80.14064,333.03,0.36,0.57,2024-03-24,830,N20,VIIRS,n,2,300.51,1.26,D,0
17.64394,78.32589,330.51,0.55,0.51,2024-03-24,830,N20,VIIRS,l,2,303.9,2.55,D,0
17.64452,78.33086,331.47,0.55,0.51,2024-03-24,830,N20,VIIRS,l,2,304.21,2.55,D,0
17.65887,79.26234,349.92,0.63,0.54,2024-03-24,830,N20,VIIRS,n,2,304.69,12.73,D,0
17.67329,80.21251,331.78,0.37,0.58,2024-03-24,830,N20,VIIRS,l,2,302.85,4.08,D,0
17.67376,80.21214,331.9,0.37,0.58,2024-03-24,830,N20,VIIRS,l,2,302.54,4.73,D,0
17.69103,81.39796,333.44,0.44,0.62,2024-03-24,830,N20,VIIRS,n,2,299.31,3.04,D,0
17.73777,78.53729,333.65,0.57,0.52,2024-03-24,830,N20,VIIRS,n,2,302.62,4.67,D,0
17.73983,80.18391,345.12,0.36,0.58,2024-03-24,830,N20,VIIRS,n,2,302.38,3.69,D,0
17.75249,80.20279,346.88,0.37,0.58,2024-03-24,830,N20,VIIRS,n,2,301.59,5.36,D,0
17.75285,80.20621,353.28,0.37,0.58,2024-03-24,830,N20,VIIRS,n,2,301.23,5.36,D,0
17.75323,80.20966,330.24,0.37,0.58,2024-03-24,830,N20,VIIRS,l,2,300.85,5.33,D,0
17.75794,80.99651,345.19,0.41,0.61,2024-03-24,830,N20,VIIRS,n,2,300.53,5.62,D,0
17.75815,80.99715,367.0,0.41,0.61,2024-03-24,830,N20,VIIRS,h,2,300.95,11.11,D,0
17.75835,81.00036,347.46,0.41,0.61,2024-03-24,830,N20,VIIRS,n,2,299.07,5.62,D,0
17.77894,80.29956,344.77,0.37,0.58,2024-03-24,830,N20,VIIRS,n,2,302.09,4.13,D,0
17.78554,80.46077,333.1,0.38,0.59,2024-03-24,830,N20,VIIRS,n,2,301.13,2.99,D,0
17.79889,80.63764,330.37,0.39,0.59,2024-03-24,830,N20,VIIRS,n,2,299.79,1.35,D,0
17.80333,80.28118,336.27,0.37,0.58,2024-03-24,830,N20,VIIRS,n,2,301.05,2.61,D,0
17.80383,80.28254,339.12,0.37,0.58,2024-03-24,830,N20,VIIRS,n,2,301.2,2.52,D,0
17.81549,80.45293,342.95,0.38,0.59,2024-03-24,830,N20,VIIRS,n,2,303.1,4.63,D,0
17.81726,80.45399,343.06,0.38,0.59,2024-03-24,830,N20,VIIRS,n,2,302.75,4.56,D,0
17.82228,80.20697,341.76,0.37,0.58,2024-03-24,830,N20,VIIRS,n,2,303.46,3.21,D,0
17.82434,80.17593,338.96,0.37,0.58,2024-03-24,830,N20,VIIRS,n,2,302.69,4.62,D,0
17.82467,80.17915,342.77,0.37,0.58,2024-03-24,830,N20,VIIRS,n,2,301.0,4.34,D,0
17.84382,80.0611,342.63,0.36,0.57,2024-03-24,830,N20,VIIRS,n,2,304.13,4.11,D,0
17.87317,80.43568,343.36,0.38,0.59,2024-03-24,830,N20,VIIRS,n,2,302.04,3.86,D,0
17.89029,80.44415,331.47,0.38,0.59,2024-03-24,830,N20,VIIRS,n,2,300.16,2.25,D,0
17.91198,80.19656,332.61,0.37,0.58,2024-03-24,830,N20,VIIRS,n,2,301.57,1.67,D,0
17.9125,79.99958,353.12,0.36,0.57,2024-03-24,830,N20,VIIRS,n,2,303.26,5.18,D,0
17.91767,80.40903,342.15,0.38,0.59,2024-03-24,830,N20,VIIRS,n,2,303.02,6.35,D,0
17.91891,80.4089,337.91,0.38,0.59,2024-03-24,830,N20,VIIRS,n,2,302.24,4.96,D,0
17.92025,77.3623,338.89,0.48,0.48,2024-03-24,830,N20,VIIRS,l,2,309.85,3.49,D,0
17.94105,80.16934,348.67,0.37,0.58,2024-03-24,830,N20,VIIRS,n,2,301.19,4.71,D,0
17.94213,80.38447,334.7,0.38,0.59,2024-03-24,830,N20,VIIRS,n,2,301.98,1.69,D,0
17.94248,80.38789,332.57,0.38,0.59,2024-03-24,830,N20,VIIRS,n,2,300.95,1.69,D,0
17.95659,77.81686,340.63,0.51,0.49,2024-03-24,830,N20,VIIRS,n,2,309.38,7.51,D,0
17.95899,77.81318,342.69,0.51,0.49,2024-03-24,830,N20,VIIRS,n,2,310.2,7.66,D,0
17.95899,78.26479,337.9,0.55,0.51,2024-03-24,830,N20,VIIRS,n,2,304.23,4.41,D,0
17.97395,80.27805,337.79,0.37,0.58,2024-03-24,830,N20,VIIRS,n,2,300.55,2.4,D,0
17.97747,78.76447,334.01,0.59,0.53,2024-03-24,830,N20,VIIRS,l,2,304.19,4.99,D,0
17.98303,80.26286,339.08,0.37,0.58,2024-03-24,830,N20,VIIRS,n,2,301.11,3.17,D,0
17.9838,80.27004,335.77,0.37,0.58,2024-03-24,830,N20,VIIRS,n,2,300.54,5.21,D,0
18.03019,81.45583,345.07,0.45,0.63,2024-03-24,830,N20,VIIRS,n,2,300.69,4.9,D,0
18.03216,81.45279,335.0,0.45,0.63,2024-03-24,830,N20,VIIRS,n,2,300.89,3.79,D,0
18.03257,81.45701,335.7,0.45,0.63,2024-03-24,830,N20,VIIRS,n,2,300.38,4.42,D,0
18.05275,80.11735,337.85,0.36,0.58,2024-03-24,830,N20,VIIRS,n,2,302.65,2.44,D,0
18.058,80.11688,338.88,0.36,0.58,2024-03-24,830,N20,VIIRS,n,2,301.82,2.35,D,0
18.05993,80.28638,331.71,0.37,0.58,2024-03-24,830,N20,VIIRS,n,2,298.5,1.45,D,0
18.06882,80.52859,340.14,0.39,0.59,2024-03-24,830,N20,VIIRS,n,2,300.49,3.15,D,0
18.0692,80.53226,334.51,0.39,0.59,2024-03-24,830,N20,VIIRS,n,2,300.42,3.15,D,0
18.07416,80.21841,330.23,0.37,0.58,2024-03-24,830,N20,VIIRS,l,2,302.03,3.15,D,0
18.07865,80.21043,339.69,0.37,0.58,2024-03-24,830,N20,VIIRS,n,2,301.58,1.7,D,0
18.07984,80.22157,330.08,0.37,0.58,2024-03-24,830,N20,VIIRS,l,2,302.1,1.11,D,0
18.08136,80.5976,331.33,0.39,0.6,2024-03-24,830,N20,VIIRS,n,2,298.66,1.99,D,0
18.09166,80.33237,332.09,0.38,0.59,2024-03-24,830,N20,VIIRS,n,2,299.33,3.92,D,0
18.09658,80.3281,349.12,0.38,0.59,2024-03-24,830,N20,VIIRS,n,2,299.9,3.92,D,0
18.09696,80.33169,338.5,0.38,0.59,2024-03-24,830,N20,VIIRS,n,2,298.88,3.92,D,0
18.10151,80.32392,367.0,0.38,0.58,2024-03-24,830,N20,VIIRS,h,2,300.11,6.97,D,0
18.1019,80.32749,333.33,0.38,0.59,2024-03-24,830,N20,VIIRS,n,2,297.87,4.77,D,0
18.12789,80.48932,335.16,0.39,0.59,2024-03-24,830,N20,VIIRS,n,2,300.1,3.39,D,0
18.12826,80.4931,333.44,0.39,0.59,2024-03-24,830,N20,VIIRS,n,2,299.33,4.63,D,0
18.13003,80.48911,331.89,0.39,0.59,2024-03-24,830,N20,VIIRS,n,2,300.05,4.33,D,0
18.13044,80.4929,331.38,0.39,0.59,2024-03-24,830,N20,VIIRS,n,2,299.31,3.33,D,0
18.13329,80.48896,335.82,0.39,0.59,2024-03-24,830,N20,VIIRS,n,2,299.5,3.39,D,0
18.1479,80.55401,332.27,0.39,0.59,2024-03-24,830,N20,VIIRS,n,2,300.8,3.84,D,0
18.14829,80.55769,334.6,0.39,0.59,2024-03-24,830,N20,VIIRS,n,2,300.47,4.1,D,0
18.15069,80.5539,331.7,0.39,0.59,2024-03-24,830,N20,VIIRS,n,2,300.95,5.49,D,0
18.17213,80.82539,333.8,0.41,0.61,2024-03-24,830,N20,VIIRS,n,2,299.65,3.75,D,0
18.17864,80.78992,330.85,0.41,0.6,2024-03-24,830,N20,VIIRS,n,2,298.83,3.93,D,0
18.17977,80.79027,332.27,0.41,0.6,2024-03-24,830,N20,VIIRS,n,2,299.05,3.43,D,0
18.18193,80.43316,333.03,0.38,0.59,2024-03-24,830,N20,VIIRS,n,2,301.79,1.07,D,0
18.19649,80.41684,333.07,0.38,0.59,2024-03-24,830,N20,VIIRS,n,2,302.25,2.4,D,0
18.20104,80.78098,332.14,0.41,0.6,2024-03-24,830,N20,VIIRS,n,2,301.75,4.74,D,0
18.20141,80.78473,347.46,0.41,0.6,2024-03-24,830,N20,VIIRS,n,2,301.78,6.11,D,0
18.21164,80.77616,355.6,0.41,0.6,2024-03-24,830,N20,VIIRS,n,2,301.91,8.46,D,0
18.21479,80.33443,336.1,0.38,0.59,2024-03-24,830,N20,VIIRS,n,2,295.8,6.02,D,0
18.2156,80.76054,334.26,0.4,0.6,2024-03-24,830,N20,VIIRS,n,2,302.94,6.06,D,0
18.21598,80.76424,367.0,0.4,0.6,2024-03-24,830,N20,VIIRS,h,2,303.68,6.06,D,0
18.21867,80.33289,338.13,0.38,0.59,2024-03-24,830,N20,VIIRS,n,2,295.69,4.58,D,0
18.22145,80.76354,338.8,0.4,0.6,2024-03-24,830,N20,VIIRS,n,2,301.01,3.0,D,0
18.26161,80.38371,339.94,0.38,0.59,2024-03-24,830,N20,VIIRS,n,2,298.31,4.23,D,0
18.26174,80.65653,333.05,0.4,0.6,2024-03-24,830,N20,VIIRS,n,2,300.98,2.89,D,0
18.26395,80.09682,330.59,0.37,0.58,2024-03-24,830,N20,VIIRS,l,2,301.8,1.88,D,0
18.26842,80.29259,332.49,0.38,0.58,2024-03-24,830,N20,VIIRS,n,2,300.17,2.59,D,0
18.27336,80.28843,334.08,0.38,0.58,2024-03-24,830,N20,VIIRS,n,2,300.52,2.59,D,0
18.27374,80.29202,337.99,0.38,0.58,2024-03-24,830,N20,VIIRS,n,2,300.0,2.59,D,0
18.286,80.62404,351.92,0.4,0.6,2024-03-24,830,N20,VIIRS,n,2,300.1,3.9,D,0
18.28636,80.62763,330.83,0.4,0.6,2024-03-24,830,N20,VIIRS,n,2,297.69,3.9,D,0
18.29272,80.11739,336.53,0.37,0.58,2024-03-24,830,N20,VIIRS,n,2,303.26,3.68,D,0
18.29831,80.11987,340.39,0.37,0.58,2024-03-24,830,N20,VIIRS,n,2,302.96,3.68,D,0
18.30322,80.116,334.19,0.37,0.58,2024-03-24,830,N20,VIIRS,n,2,302.19,2.22,D,0
18.30352,80.11565,332.99,0.37,0.58,2024-03-24,830,N20,VIIRS,n,2,301.62,1.97,D,0
18.31409,80.1181,330.93,0.37,0.58,2024-03-24,830,N20,VIIRS,n,2,300.91,1.2,D,0
18.31436,80.11767,333.14,0.37,0.58,2024-03-24,830,N20,VIIRS,n,2,300.96,1.26,D,0
18.32774,80.04093,332.48,0.36,0.58,2024-03-24,830,N20,VIIRS,n,2,301.68,4.28,D,0
18.33438,80.05388,337.26,0.36,0.58,2024-03-24,830,N20,VIIRS,n,2,302.25,4.65,D,0
18.33453,80.15871,332.77,0.37,0.58,2024-03-24,830,N20,VIIRS,n,2,301.76,2.65,D,0
18.33473,80.05721,337.87,0.36,0.58,2024-03-24,830,N20,VIIRS,n,2,301.24,3.24,D,0
18.33542,80.51863,334.68,0.39,0.59,2024-03-24,830,N20,VIIRS,n,2,300.67,1.29,D,0
18.33591,80.78888,332.1,0.41,0.6,2024-03-24,830,N20,VIIRS,n,2,300.42,3.02,D,0
18.34761,81.07169,331.29,0.43,0.62,2024-03-24,830,N20,VIIRS,n,2,301.23,2.9,D,0
18.36583,80.05042,335.86,0.36,0.58,2024-03-24,830,N20,VIIRS,n,2,301.78,4.01,D,0
18.36619,80.05381,332.83,0.36,0.58,2024-03-24,830,N20,VIIRS,n,2,301.46,3.62,D,0
18.37527,80.24237,330.85,0.37,0.58,2024-03-24,830,N20,VIIRS,n,2,299.58,2.26,D,0
18.44763,80.67764,332.37,0.4,0.6,2024-03-24,830,N20,VIIRS,n,2,300.34,3.08,D,0
18.49096,80.76791,330.91,0.41,0.61,2024-03-24,830,N20,VIIRS,n,2,300.01,4.17,D,0
18.49914,80.20298,331.7,0.37,0.58,2024-03-24,830,N20,VIIRS,n,2,300.61,2.18,D,0
18.50526,79.79547,330.78,0.35,0.57,2024-03-24,830,N20,VIIRS,l,2,302.04,1.37,D,0
18.53591,80.1957,332.72,0.37,0.58,2024-03-24,830,N20,VIIRS,n,2,302.31,1.81,D,0
18.53932,80.69646,338.22,0.4,0.6,2024-03-24,830,N20,VIIRS,n,2,298.48,5.67,D,0
18.5591,80.6202,332.26,0.4,0.6,2024-03-24,830,N20,VIIRS,n,2,300.58,1.5,D,0
18.56343,80.15559,337.47,0.37,0.58,2024-03-24,830,N20,VIIRS,n,2,301.59,2.46,D,0
18.57083,80.49745,334.27,0.39,0.6,2024-03-24,830,N20,VIIRS,n,2,303.63,3.16,D,0
18.57377,80.49861,334.09,0.39,0.59,2024-03-24,830,N20,VIIRS,n,2,302.95,4.22,D,0
18.62581,80.29036,333.32,0.38,0.59,2024-03-24,830,N20,VIIRS,n,2,300.16,3.1,D,0
18.63205,80.61494,332.52,0.4,0.6,2024-03-24,830,N20,VIIRS,l,2,302.61,3.89,D,0
18.64251,79.99191,334.38,0.36,0.58,2024-03-24,830,N20,VIIRS,n,2,302.45,2.33,D,0
18.64502,78.63858,331.88,0.59,0.53,2024-03-24,830,N20,VIIRS,l,2,306.52,3.18,D,0
18.66508,80.26715,334.5,0.38,0.59,2024-03-24,830,N20,VIIRS,n,2,300.83,2.76,D,0
18.66727,80.34304,330.75,0.38,0.59,2024-03-24,830,N20,VIIRS,n,2,299.54,1.44,D,0
18.67325,79.55507,349.16,0.34,0.56,2024-03-24,830,N20,VIIRS,n,2,305.88,5.45,D,0
18.67461,79.55579,349.18,0.34,0.56,2024-03-24,830,N20,VIIRS,n,2,304.93,5.69,D,0
18.67973,78.2903,330.42,0.56,0.51,2024-03-24,830,N20,VIIRS,l,2,301.96,3.08,D,0
18.69295,79.62856,330.9,0.34,0.56,2024-03-24,830,N20,VIIRS,l,2,305.44,4.93,D,0
18.69366,79.63503,332.3,0.34,0.56,2024-03-24,830,N20,VIIRS,l,2,306.81,4.38,D,0
18.69617,79.62744,339.59,0.34,0.56,2024-03-24,830,N20,VIIRS,n,2,306.0,5.44,D,0
18.69683,79.63393,331.04,0.34,0.56,2024-03-24,830,N20,VIIRS,l,2,304.61,4.54,D,0
18.71776,79.5374,332.19,0.34,0.56,2024-03-24,830,N20,VIIRS,l,2,306.04,2.65,D,2
18.72437,79.1293,342.54,0.32,0.54,2024-03-24,830,N20,VIIRS,n,2,301.35,2.89,D,0
18.73035,79.85883,332.66,0.36,0.57,2024-03-24,830,N20,VIIRS,n,2,302.39,3.04,D,0
18.73875,79.12345,331.34,0.32,0.54,2024-03-24,830,N20,VIIRS,l,2,302.85,2.02,D,0
18.74472,79.13194,339.56,0.32,0.54,2024-03-24,830,N20,VIIRS,n,2,302.64,2.23,D,0
18.7464,79.13292,336.91,0.32,0.55,2024-03-24,830,N20,VIIRS,n,2,301.8,3.47,D,0
18.76726,81.01686,331.15,0.43,0.62,2024-03-24,830,N20,VIIRS,l,2,302.61,2.51,D,0
18.77943,80.18356,331.36,0.38,0.58,2024-03-24,830,N20,VIIRS,l,2,301.6,2.54,D,0
18.78895,78.05613,340.31,0.54,0.51,2024-03-24,830,N20,VIIRS,n,2,302.83,12.81,D,0
18.79912,80.11425,330.85,0.37,0.58,2024-03-24,830,N20,VIIRS,l,2,302.22,3.35,D,0
18.88825,78.36695,342.65,0.57,0.52,2024-03-24,830,N20,VIIRS,n,2,302.71,11.41,D,0
18.89572,80.22753,331.89,0.38,0.59,2024-03-24,830,N20,VIIRS,n,2,300.1,2.25,D,0
18.90494,80.21218,337.23,0.38,0.59,2024-03-24,830,N20,VIIRS,n,2,300.62,3.95,D,0
18.90991,80.20803,341.15,0.38,0.59,2024-03-24,830,N20,VIIRS,n,2,299.63,2.63,D,0
18.91068,80.54073,331.17,0.4,0.6,2024-03-24,830,N20,VIIRS,n,2,300.0,4.15,D,0
18.91138,80.2223,355.94,0.38,0.59,2024-03-24,830,N20,VIIRS,n,2,300.12,4.64,D,0
18.93199,80.21296,335.84,0.38,0.59,2024-03-24,830,N20,VIIRS,n,2,300.52,3.2,D,0
18.93237,80.21655,331.7,0.38,0.59,2024-03-24,830,N20,VIIRS,n,2,300.25,3.2,D,0
18.93274,80.22015,338.31,0.38,0.59,2024-03-24,830,N20,VIIRS,n,2,299.99,3.52,D,0
18.94074,80.84804,330.25,0.42,0.61,2024-03-24,830,N20,VIIRS,l,2,300.68,1.57,D,0
18.94397,80.38134,330.91,0.39,0.59,2024-03-24,830,N20,VIIRS,n,2,297.74,3.13,D,0
18.97106,78.05877,331.2,0.54,0.51,2024-03-24,830,N20,VIIRS,l,2,301.85,2.66,D,0
18.98277,79.63166,330.09,0.35,0.56,2024-03-24,830,N20,VIIRS,l,2,302.74,1.44,D,0
18.98625,78.37003,339.0,0.57,0.52,2024-03-24,830,N20,VIIRS,n,2,304.32,4.45,D,0
18.98913,78.37168,333.67,0.57,0.52,2024-03-24,830,N20,VIIRS,l,2,304.43,5.85,D,0
19.0048,78.80855,332.4,0.61,0.54,2024-03-24,830,N20,VIIRS,l,2,303.54,2.91,D,0
19.10614,78.58231,341.99,0.59,0.53,2024-03-24,830,N20,VIIRS,n,2,300.56,7.84,D,0
19.10662,78.58543,346.94,0.59,0.53,2024-03-24,830,N20,VIIRS,n,2,300.07,17.6,D,0
19.11688,80.04356,345.78,0.37,0.58,2024-03-24,830,N20,VIIRS,n,2,302.11,3.99,D,0
19.12681,78.19902,340.89,0.56,0.51,2024-03-24,830,N20,VIIRS,n,2,307.23,10.19,D,0
19.13948,77.06977,333.99,0.47,0.48,2024-03-24,830,N20,VIIRS,l,2,307.81,3.99,D,0
19.13967,80.48174,331.29,0.4,0.6,2024-03-24,830,N20,VIIRS,n,2,299.88,2.7,D,0
19.1682,78.52711,337.22,0.59,0.53,2024-03-24,830,N20,VIIRS,n,2,304.6,4.11,D,0
19.1747,79.19499,331.17,0.33,0.55,2024-03-24,830,N20,VIIRS,l,2,303.66,2.33,D,0
19.18029,79.00261,332.77,0.63,0.54,2024-03-24,830,N20,VIIRS,l,2,303.26,3.31,D,0
19.18452,78.45708,336.78,0.58,0.52,2024-03-24,830,N20,VIIRS,n,2,305.94,1.92,D,0
19.21855,79.31931,333.06,0.33,0.56,2024-03-24,830,N20,VIIRS,l,2,303.4,1.65,D,0
19.23488,77.46129,332.83,0.5,0.49,2024-03-24,830,N20,VIIRS,l,2,305.7,2.49,D,0
19.24325,78.89391,334.06,0.62,0.54,2024-03-24,830,N20,VIIRS,n,2,302.21,5.58,D,0
19.24585,78.89214,330.58,0.62,0.54,2024-03-24,830,N20,VIIRS,l,2,301.14,4.88,D,0
19.26391,80.54921,351.19,0.4,0.6,2024-03-24,830,N20,VIIRS,n,2,301.23,7.14,D,0
19.26812,79.74966,345.47,0.36,0.57,2024-03-24,830,N20,VIIRS,n,2,304.52,3.15,D,0
19.26898,77.36699,331.41,0.49,0.49,2024-03-24,830,N20,VIIRS,l,2,304.28,3.3,D,0
19.26953,77.37161,336.57,0.5,0.49,2024-03-24,830,N20,VIIRS,n,2,304.07,3.52,D,0
19.33753,78.73411,335.03,0.61,0.53,2024-03-24,830,N20,VIIRS,l,2,305.51,3.51,D,0
19.34484,81.14072,367.0,0.44,0.63,2024-03-24,830,N20,VIIRS,h,2,300.37,10.24,D,0
19.35212,77.58739,334.76,0.51,0.5,2024-03-24,830,N20,VIIRS,l,2,304.76,2.14,D,0
19.35745,81.15196,367.0,0.44,0.63,2024-03-24,830,N20,VIIRS,h,2,300.38,17.65,D,0
19.36236,77.51729,340.4,0.51,0.49,2024-03-24,830,N20,VIIRS,n,2,306.2,4.04,D,0
19.38956,79.1576,335.2,0.33,0.55,2024-03-24,830,N20,VIIRS,l,2,305.5,1.96,D,0
19.3987,79.19278,337.37,0.33,0.55,2024-03-24,830,N20,VIIRS,n,2,305.31,2.39,D,0
19.39904,79.19606,344.86,0.33,0.55,2024-03-24,830,N20,VIIRS,n,2,305.63,2.39,D,0
19.42588,80.25783,334.69,0.39,0.59,2024-03-24,830,N20,VIIRS,n,2,301.54,2.77,D,0
19.44686,80.14269,334.34,0.38,0.59,2024-03-24,830,N20,VIIRS,n,2,302.4,3.55,D,0
19.44721,80.14619,341.79,0.38,0.59,2024-03-24,830,N20,VIIRS,n,2,301.98,3.4,D,0
19.45219,80.142,334.33,0.38,0.59,2024-03-24,830,N20,VIIRS,n,2,300.63,3.55,D,0
19.45254,80.1454,332.06,0.38,0.59,2024-03-24,830,N20,VIIRS,n,2,300.51,3.4,D,0
19.4579,80.14497,332.19,0.38,0.59,2024-03-24,830,N20,VIIRS,n,2,300.83,3.83,D,0
19.50616,80.04927,333.62,0.38,0.58,2024-03-24,830,N20,VIIRS,n,2,302.73,2.61,D,0
19.67269,80.78377,350.03,0.42,0.61,2024-03-24,830,N20,VIIRS,n,2,302.46,9.21,D,0
19.67753,78.95042,333.49,0.32,0.54,2024-03-24,830,N20,VIIRS,l,2,303.57,1.02,D,0
19.7315,77.9792,332.45,0.55,0.51,2024-03-24,830,N20,VIIRS,l,2,305.16,5.83,D,0
19.74663,80.62067,331.36,0.41,0.61,2024-03-24,830,N20,VIIRS,n,2,300.6,2.24,D,0
19.8269,80.58441,330.4,0.41,0.61,2024-03-24,830,N20,VIIRS,n,2,300.23,2.9,D,0
19.86663,80.24442,331.37,0.39,0.59,2024-03-24,830,N20,VIIRS,n,2,301.06,2.44,D,0
19.87234,80.19183,339.59,0.39,0.59,2024-03-24,830,N20,VIIRS,n,2,301.66,3.85,D,0
19.87269,80.19538,335.21,0.39,0.59,2024-03-24,830,N20,VIIRS,n,2,301.68,3.85,D,0
19.87304,80.19891,339.63,0.39,0.59,2024-03-24,830,N20,VIIRS,n,2,300.64,5.69,D,0
19.89423,80.03337,330.14,0.38,0.59,2024-03-24,830,N20,VIIRS,l,2,301.97,1.69,D,0
19.90146,80.06789,331.64,0.38,0.59,2024-03-24,830,N20,VIIRS,l,2,303.05,1.58,D,0
19.90328,80.06878,331.72,0.38,0.59,2024-03-24,830,N20,VIIRS,l,2,303.01,2.4,D,0
19.90509,80.04939,337.29,0.38,0.59,2024-03-24,830,N20,VIIRS,n,2,303.72,2.7,D,0
19.90677,80.05029,339.11,0.38,0.59,2024-03-24,830,N20,VIIRS,n,2,303.73,2.85,D,0
19.91251,80.07031,332.46,0.38,0.59,2024-03-24,830,N20,VIIRS,l,2,303.67,1.91,D,0
19.91285,80.07386,330.19,0.38,0.59,2024-03-24,830,N20,VIIRS,l,2,301.84,1.91,D,0
19.91434,80.07121,336.89,0.38,0.59,2024-03-24,830,N20,VIIRS,n,2,303.71,3.93,D,0
19.93146,80.04301,355.1,0.38,0.59,2024-03-24,830,N20,VIIRS,n,2,304.51,4.16,D,0
19.93745,80.4033,332.6,0.4,0.6,2024-03-24,830,N20,VIIRS,n,2,301.32,2.88,D,0
19.93866,80.40244,332.57,0.4,0.6,2024-03-24,830,N20,VIIRS,n,2,301.78,2.2,D,0
19.96746,80.07909,331.8,0.38,0.59,2024-03-24,830,N20,VIIRS,n,2,296.19,2.84,D,0
15.96757,80.9352,303.48,0.64,0.72,2024-03-24,1920,N20,VIIRS,n,2,291.43,0.47,N,0
17.6164,80.30584,302.3,0.73,0.76,2024-03-24,1920,N20,VIIRS,n,2,291.27,1.08,N,0
19.7227,79.17366,308.23,0.37,0.58,2024-03-24,2059,N20,VIIRS,n,2,295.68,1.51,N,2
19.72419,79.17403,306.75,0.37,0.58,2024-03-24,2059,N20,VIIRS,n,2,295.36,1.43,N,2
19.7481,78.1574,305.98,0.32,0.55,2024-03-24,2059,N20,VIIRS,n,2,291.28,0.6,N,0
19.75249,78.16111,305.11,0.32,0.55,2024-03-24,2059,N20,VIIRS,n,2,291.56,0.6,N,0
19.7531,78.15823,303.09,0.32,0.55,2024-03-24,2059,N20,VIIRS,n,2,290.56,0.6,N,0
19.80076,78.86358,306.99,0.36,0.57,2024-03-24,2059,N20,VIIRS,n,2,294.32,1.09,N,0
19.922,79.11375,309.23,0.37,0.58,2024-03-24,2059,N20,VIIRS,n,2,295.68,1.24,N,2
15.96511,80.9377,306.32,0.58,0.7,2024-03-24,2100,N20,VIIRS,n,2,292.02,0.83,N,0
16.04606,78.80128,308.43,0.42,0.61,2024-03-24,2100,N20,VIIRS,n,2,293.3,1.78,N,0
16.0518,78.80148,309.94,0.42,0.61,2024-03-24,2100,N20,VIIRS,n,2,292.85,1.1,N,0
16.05268,78.79723,309.58,0.42,0.61,2024-03-24,2100,N20,VIIRS,n,2,292.21,1.1,N,0
16.07626,78.95345,305.5,0.43,0.62,2024-03-24,2100,N20,VIIRS,n,2,291.21,1.25,N,0
16.07827,78.95482,309.1,0.43,0.62,2024-03-24,2100,N20,VIIRS,n,2,291.26,1.06,N,0
16.13082,78.69473,301.82,0.41,0.61,2024-03-24,2100,N20,VIIRS,n,2,290.42,0.71,N,0
16.74436,77.48767,307.16,0.33,0.55,2024-03-24,2100,N20,VIIRS,n,2,291.43,1.48,N,0
16.7532,77.49578,304.14,0.33,0.55,2024-03-24,2100,N20,VIIRS,n,2,291.2,1.25,N,0
16.87408,80.02208,302.6,0.49,0.65,2024-03-24,2100,N20,VIIRS,n,2,292.03,0.93,N,2
17.61441,80.30288,311.27,0.49,0.65,2024-03-24,2100,N20,VIIRS,n,2,290.68,1.54,N,0
17.6158,80.30653,308.85,0.49,0.65,2024-03-24,2100,N20,VIIRS,n,2,291.05,1.82,N,0
18.31149,79.71964,304.12,0.43,0.62,2024-03-24,2100,N20,VIIRS,n,2,291.22,0.46,N,0
18.67488,79.5535,314.44,0.42,0.61,2024-03-24,2100,N20,VIIRS,n,2,293.56,1.97,N,0
18.67551,79.5535,319.5,0.42,0.61,2024-03-24,2100,N20,VIIRS,n,2,293.78,2.32,N,0
18.67572,79.54966,304.72,0.42,0.61,2024-03-24,2100,N20,VIIRS,n,2,292.33,1.68,N,0
