latitude,longitude,bright_ti4,scan,track,acq_date,acq_time,satellite,instrument,confidence,version,bright_ti5,frp,daynight,type
15.50013,78.8563,342.74,0.42,0.37,2024-03-05,752,N20,VIIRS,n,2,310.4,5.52,D,0
15.50017,78.8564,342.48,0.42,0.37,2024-03-05,752,N20,VIIRS,n,2,310.65,13.41,D,0
15.50295,78.85193,352.23,0.42,0.37,2024-03-05,752,N20,VIIRS,n,2,320.32,13.41,D,0
15.50358,78.85581,347.47,0.42,0.37,2024-03-05,752,N20,VIIRS,n,2,313.31,13.41,D,0
15.50637,78.85137,346.15,0.42,0.37,2024-03-05,752,N20,VIIRS,n,2,305.97,5.5,D,0
15.507,78.85523,336.43,0.42,0.37,2024-03-05,752,N20,VIIRS,l,2,307.57,5.5,D,0
15.5385,78.5497,349.8,0.43,0.38,2024-03-05,752,N20,VIIRS,n,2,310.45,5.14,D,0
15.54011,79.9536,337.71,0.39,0.36,2024-03-05,752,N20,VIIRS,l,2,309.54,3.13,D,0
15.54279,78.10583,337.3,0.44,0.39,2024-03-05,752,N20,VIIRS,l,2,312.27,2.49,D,0
15.57124,78.62521,337.86,0.42,0.38,2024-03-05,752,N20,VIIRS,n,2,308.95,2.63,D,0
15.57179,78.62453,337.54,0.42,0.38,2024-03-05,752,N20,VIIRS,n,2,308.95,3.4,D,0
15.57743,79.91024,337.23,0.39,0.36,2024-03-05,752,N20,VIIRS,l,2,309.55,1.6,D,0
15.59601,78.86383,341.33,0.42,0.37,2024-03-05,752,N20,VIIRS,n,2,308.8,3.99,D,0
15.60222,78.8588,338.56,0.42,0.37,2024-03-05,752,N20,VIIRS,n,2,307.36,3.87,D,0
15.62648,79.011,337.37,0.41,0.37,2024-03-05,752,N20,VIIRS,l,2,308.72,10.88,D,0
15.62706,79.01461,337.52,0.41,0.37,2024-03-05,752,N20,VIIRS,n,2,305.65,10.88,D,0
15.62871,79.0032,367.0,0.41,0.37,2024-03-05,752,N20,VIIRS,h,2,306.2,3.54,D,0
15.62929,79.00677,334.95,0.41,0.37,2024-03-05,752,N20,VIIRS,n,2,303.7,3.54,D,0
15.62986,79.01035,339.39,0.41,0.37,2024-03-05,752,N20,VIIRS,n,2,306.03,4.8,D,0
15.6401,78.65749,341.96,0.42,0.38,2024-03-05,752,N20,VIIRS,n,2,308.36,2.61,D,0
15.64354,78.65688,336.27,0.42,0.38,2024-03-05,752,N20,VIIRS,n,2,307.45,2.61,D,0
15.64547,78.51561,344.75,0.43,0.38,2024-03-05,752,N20,VIIRS,n,2,314.0,6.68,D,0
15.65394,78.69946,333.12,0.42,0.38,2024-03-05,752,N20,VIIRS,l,2,307.67,5.06,D,0
15.66892,78.70499,337.08,0.42,0.38,2024-03-05,752,N20,VIIRS,n,2,306.9,2.57,D,0
15.67253,79.0534,337.86,0.41,0.37,2024-03-05,752,N20,VIIRS,l,2,310.09,3.39,D,0
15.67637,78.70751,331.47,0.42,0.38,2024-03-05,752,N20,VIIRS,l,2,305.22,4.23,D,0
15.68411,78.6899,345.18,0.42,0.38,2024-03-05,752,N20,VIIRS,n,2,307.06,3.9,D,0
15.72801,78.70269,340.81,0.42,0.38,2024-03-05,752,N20,VIIRS,n,2,306.93,3.17,D,0
15.72864,78.70658,332.22,0.42,0.38,2024-03-05,752,N20,VIIRS,l,2,305.8,3.17,D,0
15.72986,79.90675,341.24,0.39,0.36,2024-03-05,752,N20,VIIRS,n,2,310.33,4.24,D,0
15.75537,78.69773,336.15,0.42,0.38,2024-03-05,752,N20,VIIRS,l,2,310.63,3.01,D,0
15.79604,77.96943,346.3,0.45,0.39,2024-03-05,752,N20,VIIRS,l,2,317.74,10.05,D,0
15.86704,78.84479,332.32,0.41,0.37,2024-03-05,752,N20,VIIRS,l,2,307.26,3.07,D,0
15.91125,78.53456,344.17,0.42,0.38,2024-03-05,752,N20,VIIRS,l,2,316.57,5.23,D,0
15.91179,80.00562,336.65,0.39,0.36,2024-03-05,752,N20,VIIRS,l,2,309.02,1.56,D,0
15.91469,78.53397,344.87,0.42,0.38,2024-03-05,752,N20,VIIRS,l,2,315.57,5.23,D,0
15.92037,78.7846,346.44,0.42,0.37,2024-03-05,752,N20,VIIRS,n,2,309.01,7.24,D,0
15.94607,78.89833,335.91,0.41,0.37,2024-03-05,752,N20,VIIRS,l,2,306.45,2.17,D,0
15.95007,78.90149,330.92,0.41,0.37,2024-03-05,752,N20,VIIRS,l,2,305.31,1.05,D,0
15.95013,78.70806,340.56,0.42,0.37,2024-03-05,752,N20,VIIRS,l,2,310.93,3.59,D,0
15.95285,78.89708,334.06,0.41,0.37,2024-03-05,752,N20,VIIRS,l,2,307.32,4.71,D,0
15.95633,78.70292,339.58,0.42,0.37,2024-03-05,752,N20,VIIRS,l,2,311.69,3.9,D,0
15.95759,78.71069,338.66,0.42,0.37,2024-03-05,752,N20,VIIRS,l,2,313.47,2.7,D,0
15.95827,78.75817,355.92,0.42,0.37,2024-03-05,752,N20,VIIRS,n,2,313.54,7.6,D,0
15.9623,78.76141,337.77,0.42,0.37,2024-03-05,752,N20,VIIRS,l,2,310.7,5.43,D,0
15.96678,78.63721,340.24,0.42,0.38,2024-03-05,752,N20,VIIRS,n,2,312.27,3.15,D,0
15.97591,78.71542,338.49,0.42,0.37,2024-03-05,752,N20,VIIRS,n,2,313.2,25.83,D,0
15.97653,78.71925,349.47,0.42,0.37,2024-03-05,752,N20,VIIRS,n,2,318.52,25.83,D,0
15.97715,78.7231,347.27,0.42,0.37,2024-03-05,752,N20,VIIRS,n,2,316.59,25.65,D,0
15.97839,78.7308,346.24,0.42,0.37,2024-03-05,752,N20,VIIRS,n,2,314.29,7.31,D,0
15.97933,78.71485,367.0,0.42,0.37,2024-03-05,752,N20,VIIRS,l,2,326.16,25.83,D,0
15.97995,78.71869,367.0,0.42,0.37,2024-03-05,752,N20,VIIRS,l,2,327.36,25.83,D,0
15.98057,78.72253,347.79,0.42,0.37,2024-03-05,752,N20,VIIRS,l,2,321.34,25.65,D,0
15.98119,78.72638,354.28,0.42,0.37,2024-03-05,752,N20,VIIRS,n,2,323.29,25.65,D,0
15.98461,78.72584,347.64,0.42,0.37,2024-03-05,752,N20,VIIRS,n,2,309.96,14.36,D,0
16.00054,78.95501,345.86,0.41,0.37,2024-03-05,752,N20,VIIRS,n,2,313.08,13.33,D,0
16.00333,78.95073,335.06,0.41,0.37,2024-03-05,752,N20,VIIRS,l,2,308.45,3.82,D,0
16.00393,78.95447,349.73,0.41,0.37,2024-03-05,752,N20,VIIRS,n,2,312.17,13.33,D,0
16.00733,78.95396,354.74,0.41,0.37,2024-03-05,752,N20,VIIRS,n,2,312.68,21.87,D,0
16.01073,78.95345,350.41,0.41,0.37,2024-03-05,752,N20,VIIRS,n,2,313.22,21.87,D,0
16.01352,78.94914,334.83,0.41,0.37,2024-03-05,752,N20,VIIRS,l,2,307.41,2.86,D,0
16.01412,78.95293,341.3,0.41,0.37,2024-03-05,752,N20,VIIRS,n,2,309.5,5.25,D,0
16.03432,78.00473,342.4,0.44,0.38,2024-03-05,752,N20,VIIRS,l,2,315.83,7.82,D,0
16.07038,78.56065,333.03,0.42,0.38,2024-03-05,752,N20,VIIRS,l,2,307.75,2.32,D,0
16.07101,78.56458,342.95,0.42,0.38,2024-03-05,752,N20,VIIRS,n,2,309.85,6.07,D,0
16.07226,78.57227,332.57,0.42,0.38,2024-03-05,752,N20,VIIRS,l,2,307.23,1.59,D,0
16.07253,78.55216,345.1,0.42,0.38,2024-03-05,752,N20,VIIRS,n,2,308.94,3.2,D,0
16.07382,78.56013,342.12,0.42,0.38,2024-03-05,752,N20,VIIRS,n,2,309.69,5.75,D,0
16.07533,78.54762,337.78,0.42,0.38,2024-03-05,752,N20,VIIRS,l,2,311.03,3.2,D,0
16.07597,78.55161,338.45,0.42,0.38,2024-03-05,752,N20,VIIRS,l,2,310.59,3.2,D,0
16.09674,78.87583,341.19,0.41,0.37,2024-03-05,752,N20,VIIRS,n,2,308.78,2.93,D,0
16.10027,77.90021,340.94,0.45,0.39,2024-03-05,752,N20,VIIRS,l,2,312.72,3.47,D,0
16.10796,79.01045,337.25,0.41,0.37,2024-03-05,752,N20,VIIRS,l,2,307.87,2.67,D,0
16.13469,79.9748,336.67,0.39,0.36,2024-03-05,752,N20,VIIRS,l,2,308.1,2.79,D,0
16.16972,77.09467,344.31,0.48,0.4,2024-03-05,752,N20,VIIRS,l,2,315.38,10.0,D,0
16.18711,78.80526,340.28,0.41,0.37,2024-03-05,752,N20,VIIRS,l,2,314.22,2.97,D,0
16.18774,78.80913,343.29,0.41,0.37,2024-03-05,752,N20,VIIRS,n,2,311.68,2.97,D,0
16.19116,78.80867,337.98,0.41,0.37,2024-03-05,752,N20,VIIRS,l,2,309.92,2.97,D,0
16.19458,78.80824,344.32,0.41,0.37,2024-03-05,752,N20,VIIRS,n,2,313.23,4.23,D,0
16.19707,77.19068,343.91,0.48,0.4,2024-03-05,752,N20,VIIRS,n,2,313.49,13.77,D,0
16.198,78.80779,341.87,0.41,0.37,2024-03-05,752,N20,VIIRS,n,2,310.45,4.23,D,0
16.20482,78.80678,345.69,0.41,0.37,2024-03-05,752,N20,VIIRS,n,2,310.43,4.02,D,0
16.20823,78.80627,337.31,0.41,0.37,2024-03-05,752,N20,VIIRS,l,2,311.96,5.87,D,0
16.21102,78.80188,347.51,0.41,0.37,2024-03-05,752,N20,VIIRS,n,2,314.43,5.87,D,0
16.21443,78.80136,339.05,0.41,0.37,2024-03-05,752,N20,VIIRS,l,2,312.71,26.87,D,0
16.22601,78.4612,342.93,0.42,0.38,2024-03-05,752,N20,VIIRS,l,2,316.16,10.1,D,0
16.22665,78.46513,346.27,0.42,0.38,2024-03-05,752,N20,VIIRS,n,2,315.56,6.63,D,0
16.23009,78.46451,348.79,0.42,0.38,2024-03-05,752,N20,VIIRS,n,2,315.88,6.63,D,0
16.23036,78.70452,343.5,0.42,0.37,2024-03-05,752,N20,VIIRS,n,2,310.26,3.41,D,0
16.23377,78.70393,339.36,0.42,0.37,2024-03-05,752,N20,VIIRS,l,2,311.7,7.88,D,0
16.25502,78.76749,349.37,0.41,0.37,2024-03-05,752,N20,VIIRS,n,2,312.9,20.13,D,0
16.25564,78.77132,352.12,0.41,0.37,2024-03-05,752,N20,VIIRS,n,2,313.88,5.5,D,0
16.25842,78.7669,351.06,0.41,0.37,2024-03-05,752,N20,VIIRS,n,2,321.78,20.13,D,0
16.25904,78.77069,338.29,0.41,0.37,2024-03-05,752,N20,VIIRS,l,2,312.5,5.5,D,0
16.26978,78.57809,347.73,0.42,0.38,2024-03-05,752,N20,VIIRS,n,2,311.85,5.99,D,0
16.28434,78.79749,343.81,0.41,0.37,2024-03-05,752,N20,VIIRS,l,2,314.28,11.2,D,0
16.30593,79.96098,336.44,0.39,0.36,2024-03-05,752,N20,VIIRS,l,2,309.74,1.93,D,0
16.34007,77.81304,340.36,0.45,0.39,2024-03-05,752,N20,VIIRS,n,2,309.05,14.01,D,0
16.37567,78.68993,342.82,0.41,0.37,2024-03-05,752,N20,VIIRS,l,2,316.23,8.39,D,0
16.4953,78.43053,339.93,0.42,0.38,2024-03-05,752,N20,VIIRS,l,2,313.78,5.71,D,0
16.4986,78.53798,339.78,0.42,0.38,2024-03-05,752,N20,VIIRS,l,2,312.38,3.84,D,0
16.5342,80.25041,337.76,0.39,0.36,2024-03-05,752,N20,VIIRS,l,2,309.89,3.58,D,0
16.55331,80.77878,340.29,0.38,0.36,2024-03-05,752,N20,VIIRS,l,2,310.99,4.66,D,0
16.55661,80.77824,341.84,0.38,0.36,2024-03-05,752,N20,VIIRS,n,2,307.97,4.35,D,0
16.57647,80.77117,338.8,0.38,0.36,2024-03-05,752,N20,VIIRS,n,2,308.23,3.33,D,0
16.57977,80.77064,337.84,0.38,0.36,2024-03-05,752,N20,VIIRS,n,2,309.45,3.33,D,0
16.58898,79.77112,338.1,0.39,0.36,2024-03-05,752,N20,VIIRS,l,2,311.26,3.71,D,0
16.60344,79.58208,339.93,0.39,0.36,2024-03-05,752,N20,VIIRS,l,2,313.1,3.03,D,0
16.60456,79.80566,338.46,0.39,0.36,2024-03-05,752,N20,VIIRS,l,2,312.04,2.84,D,0
16.66484,79.66887,339.89,0.39,0.36,2024-03-05,752,N20,VIIRS,l,2,311.93,3.8,D,0
16.79951,80.07589,346.37,0.39,0.36,2024-03-05,752,N20,VIIRS,n,2,311.34,5.05,D,0
16.80077,77.35825,344.0,0.46,0.39,2024-03-05,752,N20,VIIRS,n,2,312.91,3.54,D,0
16.81737,80.48138,333.16,0.38,0.36,2024-03-05,752,N20,VIIRS,l,2,307.52,1.87,D,0
16.81792,80.48495,335.22,0.38,0.36,2024-03-05,752,N20,VIIRS,l,2,305.84,2.24,D,0
16.84679,77.05476,341.56,0.48,0.4,2024-03-05,752,N20,VIIRS,n,2,312.16,14.59,D,0
16.86742,78.80116,346.5,0.41,0.37,2024-03-05,752,N20,VIIRS,n,2,310.26,7.06,D,0
16.88968,79.17814,340.95,0.4,0.37,2024-03-05,752,N20,VIIRS,l,2,314.34,7.85,D,0
16.90682,79.15616,334.35,0.4,0.37,2024-03-05,752,N20,VIIRS,l,2,308.08,1.35,D,0
16.94498,78.15477,340.51,0.43,0.38,2024-03-05,752,N20,VIIRS,l,2,313.88,4.81,D,0
16.94771,77.40808,342.85,0.46,0.39,2024-03-05,752,N20,VIIRS,n,2,316.13,7.01,D,0
17.00311,79.18483,337.27,0.4,0.37,2024-03-05,752,N20,VIIRS,n,2,306.8,3.53,D,0
17.105,79.1634,343.99,0.4,0.37,2024-03-05,752,N20,VIIRS,l,2,317.62,5.93,D,0
17.14641,79.03413,346.25,0.4,0.37,2024-03-05,752,N20,VIIRS,n,2,315.16,11.8,D,0
17.16352,81.13329,335.91,0.39,0.36,2024-03-05,752,N20,VIIRS,l,2,306.14,4.99,D,0
17.17498,77.17802,343.6,0.47,0.39,2024-03-05,752,N20,VIIRS,l,2,316.13,9.08,D,0
17.1982,81.45866,331.34,0.39,0.36,2024-03-05,752,N20,VIIRS,l,2,305.15,1.52,D,0
17.21956,78.85252,339.84,0.4,0.37,2024-03-05,752,N20,VIIRS,l,2,310.56,6.42,D,0
17.22529,78.80157,337.23,0.41,0.37,2024-03-05,752,N20,VIIRS,l,2,310.47,2.05,D,0
17.22649,77.3196,343.64,0.46,0.39,2024-03-05,752,N20,VIIRS,l,2,316.0,8.52,D,0
17.22866,78.80098,340.44,0.41,0.37,2024-03-05,752,N20,VIIRS,n,2,309.06,2.14,D,0
17.23624,80.39947,338.41,0.38,0.36,2024-03-05,752,N20,VIIRS,l,2,312.68,3.74,D,0
17.24115,80.43172,341.08,0.38,0.36,2024-03-05,752,N20,VIIRS,n,2,312.79,3.03,D,0
17.25099,80.47421,336.23,0.38,0.36,2024-03-05,752,N20,VIIRS,l,2,310.06,2.14,D,0
17.2511,78.69562,338.14,0.41,0.37,2024-03-05,752,N20,VIIRS,l,2,312.8,2.23,D,0
17.30065,77.36765,342.25,0.46,0.39,2024-03-05,752,N20,VIIRS,l,2,315.9,4.81,D,0
17.37074,77.68166,344.58,0.44,0.38,2024-03-05,752,N20,VIIRS,n,2,315.88,9.27,D,0
17.3892,81.25941,335.21,0.39,0.36,2024-03-05,752,N20,VIIRS,l,2,308.52,5.95,D,0
17.39849,78.11234,339.38,0.42,0.38,2024-03-05,752,N20,VIIRS,l,2,312.77,7.25,D,0
17.43796,80.83673,344.8,0.38,0.36,2024-03-05,752,N20,VIIRS,n,2,308.5,3.59,D,0
17.44764,77.61839,345.51,0.44,0.39,2024-03-05,752,N20,VIIRS,l,2,316.5,7.04,D,0
17.45534,78.05397,341.2,0.43,0.38,2024-03-05,752,N20,VIIRS,n,2,314.55,6.01,D,0
17.48323,80.93255,340.09,0.39,0.36,2024-03-05,752,N20,VIIRS,n,2,308.6,3.95,D,0
17.52059,80.19306,335.0,0.38,0.36,2024-03-05,752,N20,VIIRS,l,2,309.31,3.39,D,0
17.52156,78.87294,342.46,0.4,0.37,2024-03-05,752,N20,VIIRS,n,2,312.04,6.19,D,0
17.52646,77.67673,343.14,0.44,0.38,2024-03-05,752,N20,VIIRS,l,2,316.79,23.84,D,0
17.53249,77.73444,340.91,0.44,0.38,2024-03-05,752,N20,VIIRS,l,2,315.84,6.14,D,0
17.53443,81.23207,341.43,0.39,0.36,2024-03-05,752,N20,VIIRS,n,2,310.13,2.93,D,0
17.55664,78.15356,340.66,0.42,0.38,2024-03-05,752,N20,VIIRS,l,2,312.62,3.91,D,0
17.56412,77.14294,344.61,0.46,0.39,2024-03-05,752,N20,VIIRS,l,2,314.63,12.24,D,0
17.56697,77.13796,350.69,0.46,0.39,2024-03-05,752,N20,VIIRS,n,2,314.86,11.37,D,0
17.57055,77.13729,346.96,0.46,0.39,2024-03-05,752,N20,VIIRS,n,2,314.67,11.37,D,0
17.60864,81.13786,335.18,0.39,0.36,2024-03-05,752,N20,VIIRS,l,2,308.76,2.24,D,0
17.62205,79.22552,336.06,0.39,0.37,2024-03-05,752,N20,VIIRS,l,2,309.94,0.87,D,0
17.63542,80.32119,339.27,0.38,0.36,2024-03-05,752,N20,VIIRS,l,2,310.96,1.02,D,0
17.65773,77.7671,342.1,0.44,0.38,2024-03-05,752,N20,VIIRS,l,2,316.94,5.79,D,0
17.66933,80.45553,341.78,0.38,0.36,2024-03-05,752,N20,VIIRS,l,2,314.6,2.49,D,0
17.68301,80.18701,343.08,0.38,0.36,2024-03-05,752,N20,VIIRS,n,2,310.43,4.88,D,0
17.69258,81.40815,338.99,0.39,0.36,2024-03-05,752,N20,VIIRS,n,2,312.34,7.77,D,0
17.70137,78.33302,337.2,0.42,0.37,2024-03-05,752,N20,VIIRS,l,2,309.55,4.85,D,0
17.70177,78.33348,342.2,0.42,0.37,2024-03-05,752,N20,VIIRS,n,2,308.72,4.58,D,0
17.7024,78.33735,336.16,0.41,0.37,2024-03-05,752,N20,VIIRS,l,2,307.88,2.58,D,0
17.72747,79.50828,338.12,0.39,0.36,2024-03-05,752,N20,VIIRS,n,2,311.69,2.38,D,0
17.72749,80.2349,337.05,0.38,0.36,2024-03-05,752,N20,VIIRS,n,2,311.41,2.25,D,0
17.73139,79.40274,339.16,0.39,0.36,2024-03-05,752,N20,VIIRS,l,2,314.1,3.43,D,0
17.7324,80.09025,341.51,0.38,0.36,2024-03-05,752,N20,VIIRS,n,2,311.54,2.05,D,0
17.7357,80.0897,367.0,0.38,0.36,2024-03-05,752,N20,VIIRS,h,2,315.27,11.3,D,0
17.73789,80.08195,346.56,0.38,0.36,2024-03-05,752,N20,VIIRS,n,2,314.63,5.09,D,0
17.7489,80.24242,339.89,0.38,0.36,2024-03-05,752,N20,VIIRS,n,2,309.35,3.2,D,0
17.75767,80.1008,343.29,0.38,0.36,2024-03-05,752,N20,VIIRS,l,2,316.24,18.26,D,0
17.76097,80.10024,367.0,0.38,0.36,2024-03-05,752,N20,VIIRS,l,2,327.77,18.26,D,0
17.76152,80.10384,336.37,0.38,0.36,2024-03-05,752,N20,VIIRS,l,2,310.51,14.18,D,0
17.77962,80.26682,337.38,0.38,0.36,2024-03-05,752,N20,VIIRS,l,2,307.42,3.05,D,0
17.78017,80.27041,343.32,0.38,0.36,2024-03-05,752,N20,VIIRS,n,2,308.5,4.75,D,0
17.78676,80.2693,335.86,0.38,0.36,2024-03-05,752,N20,VIIRS,l,2,309.77,4.88,D,0
17.78691,78.31824,342.08,0.42,0.37,2024-03-05,752,N20,VIIRS,n,2,309.24,4.43,D,0
17.82471,80.02672,346.42,0.38,0.36,2024-03-05,752,N20,VIIRS,n,2,308.4,2.83,D,0
17.83274,81.48367,332.68,0.39,0.36,2024-03-05,752,N20,VIIRS,n,2,307.66,1.5,D,0
17.84338,80.89106,342.75,0.39,0.36,2024-03-05,752,N20,VIIRS,n,2,311.94,14.38,D,0
17.85054,80.32857,343.22,0.38,0.36,2024-03-05,752,N20,VIIRS,n,2,311.94,3.7,D,0
17.85108,80.33216,349.78,0.38,0.36,2024-03-05,752,N20,VIIRS,n,2,315.64,3.58,D,0
17.85163,80.33576,337.42,0.38,0.36,2024-03-05,752,N20,VIIRS,l,2,312.1,3.58,D,0
17.85436,81.49152,332.67,0.39,0.36,2024-03-05,752,N20,VIIRS,l,2,307.22,1.48,D,0
17.86372,80.32639,344.8,0.38,0.36,2024-03-05,752,N20,VIIRS,n,2,312.03,6.53,D,0
17.8643,80.1087,339.36,0.38,0.36,2024-03-05,752,N20,VIIRS,l,2,313.69,4.73,D,0
17.87506,80.02148,339.82,0.38,0.36,2024-03-05,752,N20,VIIRS,n,2,309.42,2.61,D,0
17.87835,80.02093,335.7,0.38,0.36,2024-03-05,752,N20,VIIRS,n,2,309.36,2.61,D,0
17.91743,80.2543,367.0,0.38,0.36,2024-03-05,752,N20,VIIRS,h,2,315.46,10.41,D,0
17.92068,78.19037,339.76,0.42,0.38,2024-03-05,752,N20,VIIRS,n,2,310.96,2.14,D,0
17.92073,80.25375,346.14,0.38,0.36,2024-03-05,752,N20,VIIRS,n,2,311.35,10.41,D,0
17.92347,80.2496,344.37,0.38,0.36,2024-03-05,752,N20,VIIRS,n,2,311.22,11.22,D,0
17.92402,80.2532,354.39,0.38,0.36,2024-03-05,752,N20,VIIRS,n,2,315.94,10.09,D,0
17.92457,80.25681,335.03,0.38,0.36,2024-03-05,752,N20,VIIRS,l,2,307.42,10.09,D,0
17.92732,80.25266,349.76,0.38,0.36,2024-03-05,752,N20,VIIRS,n,2,313.31,10.09,D,0
17.92786,80.25626,348.94,0.38,0.36,2024-03-05,752,N20,VIIRS,n,2,308.67,10.09,D,0
17.92853,78.02329,337.16,0.42,0.38,2024-03-05,752,N20,VIIRS,l,2,309.63,4.17,D,0
17.93061,80.25211,344.16,0.38,0.36,2024-03-05,752,N20,VIIRS,n,2,309.24,3.85,D,0
17.94216,80.19489,338.65,0.38,0.36,2024-03-05,752,N20,VIIRS,l,2,311.64,13.46,D,0
17.94545,80.19434,348.8,0.38,0.36,2024-03-05,752,N20,VIIRS,n,2,316.18,13.46,D,0
17.95201,80.28176,338.35,0.38,0.36,2024-03-05,752,N20,VIIRS,l,2,312.59,4.26,D,0
17.97723,77.22508,340.69,0.45,0.39,2024-03-05,752,N20,VIIRS,n,2,313.04,4.9,D,0
18.00731,79.40741,336.36,0.39,0.36,2024-03-05,752,N20,VIIRS,l,2,307.12,3.03,D,0
18.01362,80.21606,341.52,0.38,0.36,2024-03-05,752,N20,VIIRS,n,2,312.26,3.82,D,0
18.01417,80.21967,351.41,0.38,0.36,2024-03-05,752,N20,VIIRS,n,2,313.76,3.82,D,0
18.02296,80.14442,344.14,0.38,0.36,2024-03-05,752,N20,VIIRS,n,2,309.47,7.87,D,0
18.02626,80.14387,346.18,0.38,0.36,2024-03-05,752,N20,VIIRS,n,2,309.99,7.87,D,0
18.04158,80.04524,346.78,0.38,0.36,2024-03-05,752,N20,VIIRS,n,2,313.06,3.1,D,0
18.04926,80.02916,343.17,0.38,0.36,2024-03-05,752,N20,VIIRS,n,2,314.1,2.61,D,0
18.07342,80.01031,341.18,0.38,0.36,2024-03-05,752,N20,VIIRS,l,2,314.88,4.12,D,0
18.07488,79.99485,337.83,0.38,0.36,2024-03-05,752,N20,VIIRS,l,2,312.74,1.82,D,0
18.07585,78.40966,335.28,0.41,0.37,2024-03-05,752,N20,VIIRS,l,2,309.97,3.17,D,0
18.07895,80.0907,336.97,0.38,0.36,2024-03-05,752,N20,VIIRS,n,2,310.34,2.73,D,0
18.10212,80.60019,337.6,0.38,0.36,2024-03-05,752,N20,VIIRS,l,2,310.65,4.27,D,0
18.10266,80.6038,339.04,0.38,0.36,2024-03-05,752,N20,VIIRS,n,2,312.02,4.27,D,0
18.16774,79.02396,339.59,0.4,0.37,2024-03-05,752,N20,VIIRS,n,2,311.32,7.27,D,0
18.17379,80.04485,340.53,0.38,0.36,2024-03-05,752,N20,VIIRS,n,2,307.97,2.3,D,0
18.17398,81.42805,340.68,0.39,0.36,2024-03-05,752,N20,VIIRS,n,2,310.36,4.36,D,0
18.17758,80.35821,338.93,0.38,0.36,2024-03-05,752,N20,VIIRS,n,2,308.29,4.13,D,0
18.23234,79.60706,346.3,0.39,0.36,2024-03-05,752,N20,VIIRS,n,2,314.0,5.08,D,0
18.24326,78.03675,337.58,0.42,0.38,2024-03-05,752,N20,VIIRS,l,2,312.44,3.33,D,0
18.25459,77.99823,339.47,0.42,0.38,2024-03-05,752,N20,VIIRS,l,2,311.53,3.83,D,0
18.28235,77.50588,343.28,0.44,0.38,2024-03-05,752,N20,VIIRS,l,2,314.96,8.02,D,0
18.28805,80.61663,339.75,0.38,0.36,2024-03-05,752,N20,VIIRS,n,2,308.95,2.15,D,0
18.3016,80.68459,335.74,0.39,0.36,2024-03-05,752,N20,VIIRS,l,2,310.44,6.77,D,0
18.3049,80.68404,343.95,0.39,0.36,2024-03-05,752,N20,VIIRS,n,2,309.24,6.77,D,0
18.30771,80.65766,334.88,0.39,0.36,2024-03-05,752,N20,VIIRS,l,2,309.0,3.23,D,0
18.34732,80.65127,345.12,0.39,0.36,2024-03-05,752,N20,VIIRS,n,2,311.4,4.25,D,0
18.34786,80.65488,345.29,0.39,0.36,2024-03-05,752,N20,VIIRS,n,2,307.83,5.02,D,0
18.35116,80.65436,341.68,0.39,0.36,2024-03-05,752,N20,VIIRS,n,2,308.1,2.4,D,0
18.35171,80.65797,335.06,0.39,0.36,2024-03-05,752,N20,VIIRS,n,2,305.32,2.4,D,0
18.35551,78.5564,348.29,0.4,0.37,2024-03-05,752,N20,VIIRS,n,2,312.09,9.52,D,0
18.36209,80.68218,339.35,0.39,0.36,2024-03-05,752,N20,VIIRS,n,2,308.85,5.93,D,0
18.36263,80.68581,343.69,0.39,0.36,2024-03-05,752,N20,VIIRS,n,2,308.44,5.93,D,0
18.36293,80.55247,345.16,0.38,0.36,2024-03-05,752,N20,VIIRS,n,2,313.7,5.26,D,0
18.36738,79.68829,339.34,0.39,0.36,2024-03-05,752,N20,VIIRS,l,2,311.98,5.63,D,0
18.39598,78.47557,348.38,0.41,0.37,2024-03-05,752,N20,VIIRS,n,2,315.97,9.58,D,0
18.41404,78.98856,335.0,0.4,0.37,2024-03-05,752,N20,VIIRS,l,2,307.91,11.14,D,0
18.41639,80.14351,343.69,0.38,0.36,2024-03-05,752,N20,VIIRS,n,2,310.39,4.09,D,0
18.4352,80.55853,337.44,0.38,0.36,2024-03-05,752,N20,VIIRS,l,2,309.2,2.4,D,0
18.44032,78.1027,343.13,0.42,0.37,2024-03-05,752,N20,VIIRS,l,2,315.24,8.21,D,0
18.44278,80.02423,337.17,0.38,0.36,2024-03-05,752,N20,VIIRS,n,2,310.14,3.78,D,0
18.44622,80.54191,340.24,0.38,0.36,2024-03-05,752,N20,VIIRS,l,2,310.81,4.74,D,0
18.45115,80.55219,341.18,0.38,0.36,2024-03-05,752,N20,VIIRS,l,2,312.07,7.59,D,0
18.45169,80.5558,341.52,0.38,0.36,2024-03-05,752,N20,VIIRS,l,2,311.62,10.14,D,0
18.45498,80.55527,354.31,0.38,0.36,2024-03-05,752,N20,VIIRS,n,2,316.46,10.14,D,0
18.45553,80.55888,336.83,0.38,0.36,2024-03-05,752,N20,VIIRS,l,2,310.47,10.14,D,0
18.45883,80.55834,333.71,0.38,0.36,2024-03-05,752,N20,VIIRS,l,2,306.42,2.16,D,0
18.48171,78.05508,340.63,0.42,0.37,2024-03-05,752,N20,VIIRS,l,2,314.94,4.52,D,0
18.49431,81.30322,334.36,0.39,0.36,2024-03-05,752,N20,VIIRS,l,2,305.03,2.74,D,0
18.49867,79.55006,335.25,0.39,0.36,2024-03-05,752,N20,VIIRS,l,2,308.75,1.71,D,0
18.51029,78.16601,335.29,0.41,0.37,2024-03-05,752,N20,VIIRS,l,2,305.56,3.84,D,0
18.51369,78.16539,341.87,0.41,0.37,2024-03-05,752,N20,VIIRS,n,2,310.23,4.58,D,0
18.5171,78.1648,344.45,0.41,0.37,2024-03-05,752,N20,VIIRS,n,2,311.34,4.58,D,0
18.52053,79.66931,342.47,0.39,0.36,2024-03-05,752,N20,VIIRS,n,2,310.72,2.91,D,0
18.52855,81.21105,330.42,0.39,0.36,2024-03-05,752,N20,VIIRS,n,2,303.43,1.76,D,0
18.52974,81.19589,337.47,0.39,0.36,2024-03-05,752,N20,VIIRS,n,2,306.86,4.47,D,0
18.52983,78.58746,337.5,0.4,0.37,2024-03-05,752,N20,VIIRS,n,2,306.61,4.76,D,0
18.53303,77.96107,347.16,0.42,0.38,2024-03-05,752,N20,VIIRS,n,2,312.12,7.75,D,0
18.53598,79.98966,336.59,0.38,0.36,2024-03-05,752,N20,VIIRS,n,2,308.92,1.61,D,0
18.53623,78.43401,335.35,0.41,0.37,2024-03-05,752,N20,VIIRS,l,2,308.62,2.4,D,0
18.54866,77.62531,348.51,0.43,0.38,2024-03-05,752,N20,VIIRS,n,2,315.71,5.94,D,0
18.55025,78.21849,344.63,0.41,0.37,2024-03-05,752,N20,VIIRS,n,2,310.43,6.21,D,0
18.55373,78.21437,334.59,0.41,0.37,2024-03-05,752,N20,VIIRS,l,2,308.42,3.21,D,0
18.57425,80.53551,337.46,0.38,0.36,2024-03-05,752,N20,VIIRS,n,2,305.79,1.69,D,0
18.57701,80.53135,343.44,0.38,0.36,2024-03-05,752,N20,VIIRS,n,2,307.29,4.05,D,0
18.57755,80.53497,335.08,0.38,0.36,2024-03-05,752,N20,VIIRS,n,2,304.38,1.6,D,0
18.6052,78.71343,344.9,0.4,0.37,2024-03-05,752,N20,VIIRS,n,2,311.4,4.79,D,0
18.61629,78.53371,337.96,0.4,0.37,2024-03-05,752,N20,VIIRS,n,2,312.62,2.81,D,0
18.61882,78.73414,341.66,0.4,0.37,2024-03-05,752,N20,VIIRS,l,2,312.53,5.01,D,0
18.62972,80.42954,353.45,0.38,0.36,2024-03-05,752,N20,VIIRS,n,2,312.04,5.66,D,0
18.63914,78.65379,345.16,0.4,0.37,2024-03-05,752,N20,VIIRS,n,2,313.84,4.57,D,0
18.64189,78.64942,342.91,0.4,0.37,2024-03-05,752,N20,VIIRS,l,2,313.01,4.57,D,0
18.64249,78.65319,347.8,0.4,0.37,2024-03-05,752,N20,VIIRS,n,2,316.41,4.57,D,0
18.64524,78.64883,348.18,0.4,0.37,2024-03-05,752,N20,VIIRS,n,2,313.85,4.93,D,0
18.64584,78.65259,351.46,0.4,0.37,2024-03-05,752,N20,VIIRS,n,2,316.76,4.93,D,0
18.64858,78.64821,342.61,0.4,0.37,2024-03-05,752,N20,VIIRS,n,2,311.76,4.93,D,0
18.66044,78.80779,344.84,0.4,0.37,2024-03-05,752,N20,VIIRS,n,2,309.74,4.18,D,0
18.67131,78.83276,337.31,0.4,0.37,2024-03-05,752,N20,VIIRS,l,2,311.35,6.62,D,0
18.68255,80.39479,338.68,0.38,0.36,2024-03-05,752,N20,VIIRS,l,2,310.15,2.25,D,0
18.68639,80.39787,336.78,0.38,0.36,2024-03-05,752,N20,VIIRS,l,2,309.42,1.94,D,0
18.6886,80.39008,338.37,0.38,0.36,2024-03-05,752,N20,VIIRS,l,2,310.77,4.27,D,0
18.68976,81.29095,333.32,0.39,0.36,2024-03-05,752,N20,VIIRS,l,2,307.39,2.88,D,0
18.6931,81.29043,335.11,0.39,0.36,2024-03-05,752,N20,VIIRS,l,2,305.95,2.88,D,0
18.69721,78.2126,340.7,0.41,0.37,2024-03-05,752,N20,VIIRS,n,2,309.7,3.11,D,0
18.70061,78.21199,342.65,0.41,0.37,2024-03-05,752,N20,VIIRS,n,2,308.98,3.11,D,0
18.70672,78.53694,335.89,0.4,0.37,2024-03-05,752,N20,VIIRS,l,2,308.85,3.34,D,0
18.72029,80.48869,340.68,0.38,0.36,2024-03-05,752,N20,VIIRS,n,2,302.73,3.72,D,0
18.72034,80.46643,342.01,0.38,0.36,2024-03-05,752,N20,VIIRS,n,2,302.58,6.79,D,0
18.72156,80.38461,341.82,0.38,0.36,2024-03-05,752,N20,VIIRS,n,2,308.7,2.73,D,0
18.72485,80.38406,343.33,0.38,0.36,2024-03-05,752,N20,VIIRS,n,2,308.1,3.7,D,0
18.7254,80.38768,343.44,0.38,0.36,2024-03-05,752,N20,VIIRS,n,2,309.24,3.7,D,0
18.7282,80.33904,345.27,0.38,0.36,2024-03-05,752,N20,VIIRS,n,2,310.53,6.37,D,0
18.7315,80.33848,336.77,0.38,0.36,2024-03-05,752,N20,VIIRS,l,2,309.98,9.88,D,0
18.73204,80.3421,338.13,0.38,0.36,2024-03-05,752,N20,VIIRS,l,2,310.11,9.88,D,0
18.73254,78.82943,345.03,0.4,0.37,2024-03-05,752,N20,VIIRS,n,2,307.5,4.35,D,0
18.73534,80.34155,351.98,0.38,0.36,2024-03-05,752,N20,VIIRS,n,2,313.51,9.88,D,0
18.77024,79.39404,336.7,0.39,0.36,2024-03-05,752,N20,VIIRS,l,2,309.59,3.28,D,0
18.80981,80.317,340.33,0.38,0.36,2024-03-05,752,N20,VIIRS,n,2,310.02,5.21,D,0
18.8318,80.28365,344.78,0.38,0.36,2024-03-05,752,N20,VIIRS,n,2,311.17,3.97,D,0
18.85596,80.28705,340.9,0.38,0.36,2024-03-05,752,N20,VIIRS,n,2,307.78,2.24,D,0
18.89839,78.37403,332.22,0.41,0.37,2024-03-05,752,N20,VIIRS,l,2,304.96,2.85,D,0
18.91218,78.9998,331.4,0.39,0.36,2024-03-05,752,N20,VIIRS,l,2,305.75,1.85,D,0
18.91595,80.84679,339.08,0.39,0.36,2024-03-05,752,N20,VIIRS,n,2,306.95,3.14,D,0
18.91884,78.99869,335.78,0.39,0.36,2024-03-05,752,N20,VIIRS,l,2,306.87,2.34,D,0
18.91941,79.0023,331.94,0.39,0.36,2024-03-05,752,N20,VIIRS,l,2,306.1,2.34,D,0
18.93038,78.98527,330.43,0.39,0.36,2024-03-05,752,N20,VIIRS,l,2,303.92,1.79,D,0
18.96042,79.15405,340.95,0.39,0.36,2024-03-05,752,N20,VIIRS,n,2,306.09,7.2,D,0
18.96094,78.91909,337.88,0.39,0.36,2024-03-05,752,N20,VIIRS,n,2,305.16,2.71,D,0
18.98924,79.16414,335.43,0.39,0.36,2024-03-05,752,N20,VIIRS,n,2,303.55,2.6,D,0
19.03146,79.30391,335.38,0.39,0.36,2024-03-05,752,N20,VIIRS,l,2,309.31,2.58,D,0
19.10685,80.6468,330.38,0.39,0.36,2024-03-05,752,N20,VIIRS,l,2,304.79,2.65,D,0
19.10968,79.96556,332.54,0.38,0.36,2024-03-05,752,N20,VIIRS,l,2,306.7,2.87,D,0
19.1613,80.21695,330.49,0.38,0.36,2024-03-05,752,N20,VIIRS,l,2,303.88,1.69,D,0
19.22303,80.53807,335.0,0.39,0.36,2024-03-05,752,N20,VIIRS,n,2,303.89,2.88,D,0
19.30379,81.10716,338.34,0.39,0.36,2024-03-05,752,N20,VIIRS,n,2,305.31,3.79,D,0
18.92056,77.174,336.85,0.45,0.39,2024-03-05,753,N20,VIIRS,l,2,309.58,2.05,D,0
18.92057,78.45999,337.28,0.4,0.37,2024-03-05,753,N20,VIIRS,l,2,311.32,2.59,D,0
18.92393,78.4594,338.99,0.4,0.37,2024-03-05,753,N20,VIIRS,n,2,311.18,2.59,D,0
18.92508,78.23145,336.72,0.41,0.37,2024-03-05,753,N20,VIIRS,n,2,309.01,3.37,D,0
18.94253,78.38184,339.98,0.41,0.37,2024-03-05,753,N20,VIIRS,n,2,307.79,3.2,D,0
19.00449,78.78888,336.15,0.4,0.37,2024-03-05,753,N20,VIIRS,l,2,307.42,3.15,D,0
19.00508,78.7926,331.66,0.4,0.37,2024-03-05,753,N20,VIIRS,l,2,305.66,0.94,D,0
19.01117,78.7877,339.72,0.4,0.37,2024-03-05,753,N20,VIIRS,n,2,305.51,4.6,D,0
19.01631,77.20423,345.05,0.44,0.39,2024-03-05,753,N20,VIIRS,n,2,313.47,3.31,D,0
19.05691,78.86002,332.61,0.39,0.37,2024-03-05,753,N20,VIIRS,l,2,305.94,1.54,D,0
19.06337,78.77087,338.63,0.4,0.37,2024-03-05,753,N20,VIIRS,n,2,305.13,3.14,D,0
19.08292,78.55521,346.92,0.4,0.37,2024-03-05,753,N20,VIIRS,n,2,314.49,4.94,D,0
19.10783,79.48882,340.34,0.39,0.36,2024-03-05,753,N20,VIIRS,l,2,311.3,2.44,D,0
19.15333,77.71632,344.72,0.42,0.38,2024-03-05,753,N20,VIIRS,n,2,311.21,3.99,D,0
19.15735,78.61154,334.68,0.4,0.37,2024-03-05,753,N20,VIIRS,l,2,309.55,2.21,D,0
19.16057,79.63283,341.58,0.39,0.36,2024-03-05,753,N20,VIIRS,l,2,314.53,5.43,D,0
19.16731,78.78288,332.46,0.4,0.37,2024-03-05,753,N20,VIIRS,l,2,305.82,3.94,D,0
19.1679,78.78658,333.34,0.4,0.37,2024-03-05,753,N20,VIIRS,l,2,306.56,2.13,D,0
19.17122,78.62055,336.15,0.4,0.37,2024-03-05,753,N20,VIIRS,l,2,309.19,4.09,D,0
19.18005,78.77675,343.92,0.4,0.37,2024-03-05,753,N20,VIIRS,n,2,307.9,8.06,D,0
19.18315,78.73766,340.03,0.4,0.37,2024-03-05,753,N20,VIIRS,n,2,308.04,2.74,D,0
19.18921,80.10785,342.05,0.38,0.36,2024-03-05,753,N20,VIIRS,n,2,302.9,8.02,D,0
19.19711,77.09061,337.42,0.45,0.39,2024-03-05,753,N20,VIIRS,l,2,310.45,2.23,D,0
19.20634,78.56055,345.42,0.4,0.37,2024-03-05,753,N20,VIIRS,n,2,312.37,7.13,D,0
19.22007,78.53875,337.41,0.4,0.37,2024-03-05,753,N20,VIIRS,l,2,310.12,3.95,D,0
19.22324,80.04266,333.93,0.38,0.36,2024-03-05,753,N20,VIIRS,l,2,306.68,3.03,D,0
19.22379,80.04629,338.44,0.38,0.36,2024-03-05,753,N20,VIIRS,n,2,307.16,8.14,D,0
19.22618,78.64165,347.4,0.4,0.37,2024-03-05,753,N20,VIIRS,n,2,309.18,6.6,D,0
19.22654,80.04211,340.54,0.38,0.36,2024-03-05,753,N20,VIIRS,n,2,308.13,3.03,D,0
19.22709,80.04573,344.27,0.38,0.36,2024-03-05,753,N20,VIIRS,n,2,308.33,8.14,D,0
19.22816,79.98606,335.83,0.38,0.36,2024-03-05,753,N20,VIIRS,l,2,308.35,3.17,D,0
19.2375,78.71272,344.81,0.4,0.37,2024-03-05,753,N20,VIIRS,n,2,307.12,4.96,D,0
19.24417,78.71158,343.46,0.4,0.37,2024-03-05,753,N20,VIIRS,n,2,307.55,3.02,D,0
19.2472,78.62255,334.15,0.4,0.37,2024-03-05,753,N20,VIIRS,l,2,307.8,2.64,D,0
19.24751,78.71098,333.51,0.4,0.37,2024-03-05,753,N20,VIIRS,l,2,306.57,2.12,D,0
19.24994,78.61819,337.71,0.4,0.37,2024-03-05,753,N20,VIIRS,l,2,310.34,2.64,D,0
19.25085,78.71037,331.62,0.4,0.37,2024-03-05,753,N20,VIIRS,l,2,306.43,2.12,D,0
19.25329,78.61762,339.95,0.4,0.37,2024-03-05,753,N20,VIIRS,n,2,308.18,4.98,D,0
19.26117,78.62395,343.65,0.4,0.37,2024-03-05,753,N20,VIIRS,n,2,308.8,3.53,D,0
19.26176,78.62769,334.65,0.4,0.37,2024-03-05,753,N20,VIIRS,l,2,306.6,3.53,D,0
19.27136,80.38426,339.23,0.38,0.36,2024-03-05,753,N20,VIIRS,n,2,308.05,3.73,D,0
19.27187,79.80316,336.66,0.38,0.36,2024-03-05,753,N20,VIIRS,l,2,307.99,3.26,D,0
19.27253,77.39191,337.13,0.43,0.38,2024-03-05,753,N20,VIIRS,l,2,309.09,4.93,D,0
19.27517,78.52517,334.94,0.4,0.37,2024-03-05,753,N20,VIIRS,n,2,306.1,2.49,D,0
19.2785,78.52449,332.56,0.4,0.37,2024-03-05,753,N20,VIIRS,l,2,306.36,2.03,D,0
19.28456,78.56213,346.35,0.4,0.37,2024-03-05,753,N20,VIIRS,n,2,307.09,5.52,D,0
19.2847,79.97584,333.23,0.38,0.36,2024-03-05,753,N20,VIIRS,l,2,307.97,1.7,D,0
19.29079,78.66515,345.72,0.4,0.37,2024-03-05,753,N20,VIIRS,n,2,307.98,6.84,D,0
19.29413,78.66456,337.11,0.4,0.37,2024-03-05,753,N20,VIIRS,l,2,307.16,2.61,D,0
19.29747,78.66398,337.95,0.4,0.37,2024-03-05,753,N20,VIIRS,n,2,305.86,2.61,D,0
19.30075,77.35819,338.52,0.43,0.38,2024-03-05,753,N20,VIIRS,l,2,309.73,7.14,D,0
19.30141,78.66714,337.08,0.4,0.37,2024-03-05,753,N20,VIIRS,n,2,306.84,6.79,D,0
19.30201,78.67088,338.99,0.4,0.37,2024-03-05,753,N20,VIIRS,n,2,308.23,4.5,D,0
19.3026,78.67461,347.19,0.4,0.37,2024-03-05,753,N20,VIIRS,n,2,306.23,4.5,D,0
19.30475,78.66655,353.09,0.4,0.37,2024-03-05,753,N20,VIIRS,n,2,308.63,6.79,D,0
19.30535,78.67027,356.0,0.4,0.37,2024-03-05,753,N20,VIIRS,n,2,307.91,4.5,D,0
19.30594,78.674,334.67,0.4,0.37,2024-03-05,753,N20,VIIRS,n,2,304.4,4.5,D,0
19.30809,78.66594,334.44,0.4,0.37,2024-03-05,753,N20,VIIRS,n,2,304.22,1.34,D,0
19.30868,78.66967,331.83,0.4,0.37,2024-03-05,753,N20,VIIRS,l,2,303.94,1.25,D,0
19.31013,78.70015,336.65,0.4,0.37,2024-03-05,753,N20,VIIRS,l,2,308.41,3.54,D,0
19.32036,78.61376,336.57,0.4,0.37,2024-03-05,753,N20,VIIRS,l,2,308.22,3.0,D,0
19.32203,78.66727,339.62,0.4,0.37,2024-03-05,753,N20,VIIRS,n,2,306.5,1.92,D,0
19.3236,80.27806,331.56,0.38,0.36,2024-03-05,753,N20,VIIRS,l,2,304.48,1.52,D,0
19.33563,78.68801,339.63,0.4,0.37,2024-03-05,753,N20,VIIRS,n,2,307.32,2.63,D,0
19.33837,78.68367,333.67,0.4,0.37,2024-03-05,753,N20,VIIRS,l,2,307.38,4.93,D,0
19.33897,78.68742,340.21,0.4,0.37,2024-03-05,753,N20,VIIRS,n,2,307.72,8.01,D,0
19.3471,78.60907,346.31,0.4,0.37,2024-03-05,753,N20,VIIRS,n,2,307.96,6.89,D,0
19.35579,77.01889,335.72,0.45,0.39,2024-03-05,753,N20,VIIRS,n,2,307.6,1.32,D,0
19.35605,77.79447,334.32,0.42,0.38,2024-03-05,753,N20,VIIRS,l,2,309.29,1.51,D,0
19.3633,78.6678,344.17,0.4,0.37,2024-03-05,753,N20,VIIRS,n,2,307.59,3.46,D,0
19.36664,78.66723,336.29,0.4,0.37,2024-03-05,753,N20,VIIRS,n,2,306.13,3.46,D,0
19.36853,79.92407,332.46,0.38,0.36,2024-03-05,753,N20,VIIRS,l,2,305.39,1.7,D,0
19.39593,79.41963,334.71,0.39,0.36,2024-03-05,753,N20,VIIRS,l,2,306.37,1.16,D,0
19.40645,79.61964,341.05,0.39,0.36,2024-03-05,753,N20,VIIRS,n,2,306.9,3.34,D,0
19.43013,77.28781,335.65,0.44,0.38,2024-03-05,753,N20,VIIRS,l,2,309.29,1.96,D,0
19.46187,81.49602,336.39,0.4,0.37,2024-03-05,753,N20,VIIRS,n,2,307.47,1.42,D,0
19.4828,79.89352,338.27,0.38,0.36,2024-03-05,753,N20,VIIRS,n,2,306.42,3.05,D,0
19.5861,80.08468,351.94,0.38,0.36,2024-03-05,753,N20,VIIRS,n,2,308.5,5.79,D,0
19.58939,80.08412,338.45,0.38,0.36,2024-03-05,753,N20,VIIRS,n,2,306.05,3.14,D,0
19.61442,78.51833,343.73,0.4,0.37,2024-03-05,753,N20,VIIRS,n,2,310.23,3.23,D,0
19.63863,79.01228,342.45,0.39,0.36,2024-03-05,753,N20,VIIRS,n,2,309.74,6.2,D,0
19.66772,77.19012,337.16,0.44,0.38,2024-03-05,753,N20,VIIRS,n,2,310.18,3.62,D,0
19.6712,77.18947,338.39,0.44,0.38,2024-03-05,753,N20,VIIRS,n,2,310.0,3.62,D,0
19.6757,78.17982,335.72,0.41,0.37,2024-03-05,753,N20,VIIRS,l,2,309.86,2.68,D,0
19.67997,78.39833,337.12,0.4,0.37,2024-03-05,753,N20,VIIRS,l,2,309.89,2.53,D,0
19.74408,80.80349,333.46,0.39,0.36,2024-03-05,753,N20,VIIRS,l,2,305.29,3.43,D,0
19.74753,79.16582,340.79,0.39,0.36,2024-03-05,753,N20,VIIRS,n,2,313.76,2.32,D,0
19.76631,78.2383,339.9,0.4,0.37,2024-03-05,753,N20,VIIRS,n,2,309.21,1.45,D,0
19.7864,80.88356,343.14,0.39,0.36,2024-03-05,753,N20,VIIRS,n,2,310.34,3.59,D,0
19.79807,80.87036,335.3,0.39,0.36,2024-03-05,753,N20,VIIRS,n,2,306.5,1.74,D,0
19.85434,81.47208,339.51,0.4,0.37,2024-03-05,753,N20,VIIRS,l,2,311.71,3.21,D,0
19.87978,80.68711,334.91,0.39,0.36,2024-03-05,753,N20,VIIRS,l,2,307.53,2.71,D,0
19.93436,77.06573,339.87,0.44,0.38,2024-03-05,753,N20,VIIRS,l,2,312.32,4.62,D,0
19.93896,79.34662,334.29,0.39,0.36,2024-03-05,753,N20,VIIRS,n,2,306.44,2.1,D,0
19.94928,78.31121,336.3,0.4,0.37,2024-03-05,753,N20,VIIRS,l,2,311.09,2.62,D,0
19.95163,78.71265,339.42,0.39,0.36,2024-03-05,753,N20,VIIRS,l,2,309.78,4.24,D,0
19.95265,80.99786,336.28,0.39,0.36,2024-03-05,753,N20,VIIRS,l,2,309.85,2.15,D,0
19.95376,78.70457,347.31,0.39,0.36,2024-03-05,753,N20,VIIRS,n,2,310.25,4.48,D,0
19.96353,78.06898,343.53,0.41,0.37,2024-03-05,753,N20,VIIRS,n,2,312.29,2.08,D,0
19.96408,77.24259,339.49,0.43,0.38,2024-03-05,753,N20,VIIRS,l,2,313.02,7.01,D,0
19.97231,79.19041,339.33,0.39,0.36,2024-03-05,753,N20,VIIRS,l,2,313.36,3.97,D,0
16.3596,81.28358,307.36,0.47,0.4,2024-03-05,2023,N20,VIIRS,n,2,293.83,0.45,N,0
16.75987,80.67454,305.65,0.44,0.38,2024-03-05,2023,N20,VIIRS,n,2,295.5,1.3,N,0
17.1583,78.29469,304.85,0.38,0.36,2024-03-05,2023,N20,VIIRS,n,2,291.88,0.27,N,0
17.48072,77.20422,307.06,0.39,0.36,2024-03-05,2023,N20,VIIRS,n,2,293.81,2.43,N,0
17.90777,80.3009,306.61,0.41,0.37,2024-03-05,2023,N20,VIIRS,n,2,291.99,0.6,N,0
17.90842,80.29698,304.75,0.41,0.37,2024-03-05,2023,N20,VIIRS,n,2,291.49,0.6,N,0
17.9116,77.22923,329.79,0.39,0.36,2024-03-05,2023,N20,VIIRS,n,2,291.59,4.46,N,0
17.94885,80.18362,303.08,0.41,0.37,2024-03-05,2023,N20,VIIRS,n,2,292.64,1.04,N,0
18.17276,80.06647,307.87,0.41,0.37,2024-03-05,2023,N20,VIIRS,n,2,293.39,2.85,N,0
18.31609,80.67346,301.99,0.42,0.38,2024-03-05,2023,N20,VIIRS,n,2,291.07,0.48,N,0
18.34472,80.65081,323.48,0.42,0.38,2024-03-05,2023,N20,VIIRS,n,2,295.3,2.41,N,0
18.34849,80.58692,308.52,0.42,0.38,2024-03-05,2023,N20,VIIRS,n,2,295.05,1.47,N,0
18.43729,80.5616,307.51,0.42,0.38,2024-03-05,2023,N20,VIIRS,n,2,294.3,1.59,N,0
18.44467,80.5389,306.1,0.42,0.37,2024-03-05,2023,N20,VIIRS,n,2,294.31,1.1,N,0
18.45163,80.56017,304.93,0.42,0.38,2024-03-05,2023,N20,VIIRS,n,2,293.83,0.93,N,0
18.46045,80.54968,305.71,0.42,0.38,2024-03-05,2023,N20,VIIRS,n,2,294.27,1.21,N,0
18.46386,80.55032,305.85,0.42,0.38,2024-03-05,2023,N20,VIIRS,n,2,294.19,1.62,N,0
18.47003,80.5555,306.03,0.42,0.38,2024-03-05,2023,N20,VIIRS,n,2,293.88,0.79,N,0
18.5169,80.13143,314.35,0.41,0.37,2024-03-05,2023,N20,VIIRS,n,2,293.45,1.42,N,0
18.53527,80.64704,307.02,0.42,0.38,2024-03-05,2023,N20,VIIRS,n,2,294.52,1.25,N,0
18.53665,80.65965,316.48,0.42,0.38,2024-03-05,2023,N20,VIIRS,n,2,295.03,2.3,N,0
18.53936,80.64378,309.05,0.42,0.38,2024-03-05,2023,N20,VIIRS,n,2,294.19,0.99,N,0
18.54694,80.51641,309.64,0.42,0.37,2024-03-05,2023,N20,VIIRS,n,2,294.72,1.4,N,0
18.56815,80.53646,306.52,0.42,0.37,2024-03-05,2023,N20,VIIRS,n,2,293.74,1.11,N,0
18.66108,78.81078,307.51,0.39,0.36,2024-03-05,2023,N20,VIIRS,n,2,293.79,1.24,N,0
18.67524,78.8281,305.27,0.39,0.36,2024-03-05,2023,N20,VIIRS,n,2,293.57,1.11,N,0
18.71983,80.38821,306.44,0.41,0.37,2024-03-05,2023,N20,VIIRS,n,2,294.84,0.94,N,0
18.72046,80.38445,310.92,0.41,0.37,2024-03-05,2023,N20,VIIRS,n,2,294.84,0.94,N,0
18.72512,80.37746,306.89,0.41,0.37,2024-03-05,2023,N20,VIIRS,n,2,293.68,1.18,N,0
18.80668,81.43547,304.23,0.45,0.39,2024-03-05,2023,N20,VIIRS,n,2,292.87,0.98,N,0
18.80699,81.43333,303.33,0.45,0.39,2024-03-05,2023,N20,VIIRS,n,2,293.01,0.7,N,0
18.82173,80.26411,307.04,0.41,0.37,2024-03-05,2023,N20,VIIRS,n,2,293.96,1.03,N,0
18.8251,80.26473,304.81,0.41,0.37,2024-03-05,2023,N20,VIIRS,n,2,293.89,1.23,N,0
18.82993,80.27743,304.08,0.41,0.37,2024-03-05,2023,N20,VIIRS,n,2,292.68,0.88,N,0
18.8333,80.27805,310.1,0.41,0.37,2024-03-05,2023,N20,VIIRS,n,2,293.86,0.88,N,0
18.85567,80.28999,308.64,0.41,0.37,2024-03-05,2023,N20,VIIRS,n,2,294.73,2.1,N,0
19.0277,80.31585,305.83,0.41,0.37,2024-03-05,2023,N20,VIIRS,n,2,294.41,2.16,N,0
19.09712,79.12889,304.09,0.39,0.36,2024-03-05,2023,N20,VIIRS,n,2,292.89,0.87,N,0
19.10043,79.12945,307.6,0.39,0.36,2024-03-05,2023,N20,VIIRS,n,2,293.9,1.64,N,0
19.15407,80.2132,306.57,0.4,0.37,2024-03-05,2023,N20,VIIRS,n,2,295.07,1.69,N,0
19.24476,79.33046,305.81,0.39,0.36,2024-03-05,2023,N20,VIIRS,n,2,293.58,1.33,N,0
19.28214,78.56151,308.28,0.38,0.36,2024-03-05,2023,N20,VIIRS,n,2,292.27,0.79,N,0
19.30462,78.67986,308.04,0.38,0.36,2024-03-05,2023,N20,VIIRS,n,2,293.21,1.65,N,0
19.30476,78.65755,316.14,0.38,0.36,2024-03-05,2023,N20,VIIRS,n,2,292.03,3.09,N,0
19.30476,78.74312,303.81,0.38,0.36,2024-03-05,2023,N20,VIIRS,n,2,292.32,0.68,N,0
19.30791,78.68044,317.56,0.38,0.36,2024-03-05,2023,N20,VIIRS,n,2,293.27,1.49,N,0
19.31177,78.67738,307.62,0.38,0.36,2024-03-05,2023,N20,VIIRS,n,2,292.92,1.49,N,0
19.39557,79.15469,313.76,0.39,0.36,2024-03-05,2023,N20,VIIRS,n,2,291.83,1.67,N,0
19.4109,77.12043,302.37,0.4,0.37,2024-03-05,2023,N20,VIIRS,n,2,290.3,0.45,N,0
19.45956,78.92651,302.68,0.38,0.36,2024-03-05,2023,N20,VIIRS,n,2,290.47,0.36,N,0
19.67873,78.39821,306.45,0.38,0.36,2024-03-05,2023,N20,VIIRS,n,2,292.89,1.44,N,0
19.689,78.81003,301.7,0.38,0.36,2024-03-05,2023,N20,VIIRS,n,2,285.67,1.46,N,0
19.72235,79.1748,307.74,0.39,0.36,2024-03-05,2023,N20,VIIRS,n,2,294.94,1.03,N,2
19.73332,80.80465,304.79,0.42,0.37,2024-03-05,2023,N20,VIIRS,n,2,293.54,1.18,N,0
19.75765,79.33822,303.66,0.39,0.36,2024-03-05,2023,N20,VIIRS,n,2,291.62,0.54,N,0
19.78812,79.14841,319.16,0.39,0.36,2024-03-05,2023,N20,VIIRS,n,2,296.78,1.92,N,2
19.79258,77.81332,303.4,0.39,0.36,2024-03-05,2023,N20,VIIRS,n,2,291.58,0.44,N,0
19.80037,80.86532,309.68,0.42,0.37,2024-03-05,2023,N20,VIIRS,n,2,292.97,1.28,N,0
19.80675,78.38268,305.41,0.38,0.36,2024-03-05,2023,N20,VIIRS,n,2,290.81,0.97,N,0
19.84376,78.3405,310.76,0.38,0.36,2024-03-05,2023,N20,VIIRS,n,2,290.93,0.8,N,0
19.84762,78.33742,304.6,0.39,0.36,2024-03-05,2023,N20,VIIRS,n,2,291.99,0.8,N,0
19.95835,78.71825,307.98,0.38,0.36,2024-03-05,2023,N20,VIIRS,n,2,292.12,0.75,N,0
19.95893,78.71461,306.41,0.38,0.36,2024-03-05,2023,N20,VIIRS,n,2,292.13,0.75,N,0
19.96273,79.33318,321.72,0.39,0.36,2024-03-05,2023,N20,VIIRS,n,2,293.52,1.67,N,2
15.50578,78.83771,306.3,0.39,0.36,2024-03-05,2024,N20,VIIRS,n,2,290.04,0.54,N,0
15.67337,78.70564,306.84,0.39,0.36,2024-03-05,2024,N20,VIIRS,n,2,292.24,0.98,N,0
15.68564,78.69308,313.43,0.39,0.36,2024-03-05,2024,N20,VIIRS,n,2,293.3,1.47,N,0
15.6868,78.68589,307.18,0.39,0.36,2024-03-05,2024,N20,VIIRS,n,2,292.71,0.95,N,0
15.96493,80.93871,308.8,0.46,0.39,2024-03-05,2024,N20,VIIRS,n,2,294.08,1.19,N,0
15.99321,78.72684,306.21,0.39,0.36,2024-03-05,2024,N20,VIIRS,n,2,293.43,0.94,N,0
15.99438,78.71964,307.16,0.39,0.36,2024-03-05,2024,N20,VIIRS,n,2,294.42,0.74,N,0
16.06363,78.56501,308.89,0.39,0.36,2024-03-05,2024,N20,VIIRS,n,2,294.78,1.55,N,0
16.06422,78.56138,327.4,0.39,0.36,2024-03-05,2024,N20,VIIRS,n,2,296.56,1.78,N,0
16.06479,78.55781,310.1,0.39,0.36,2024-03-05,2024,N20,VIIRS,n,2,295.89,1.78,N,0
16.06577,78.57283,335.32,0.39,0.36,2024-03-05,2024,N20,VIIRS,n,2,297.14,3.46,N,0
16.06594,78.55066,315.81,0.39,0.36,2024-03-05,2024,N20,VIIRS,n,2,296.89,2.59,N,0
16.06652,78.54707,325.07,0.39,0.36,2024-03-05,2024,N20,VIIRS,n,2,296.01,2.82,N,0
16.06753,78.56191,316.78,0.39,0.36,2024-03-05,2024,N20,VIIRS,n,2,296.58,2.24,N,0
16.06824,78.53636,309.58,0.39,0.36,2024-03-05,2024,N20,VIIRS,n,2,296.03,1.53,N,0
16.06868,78.55476,318.01,0.39,0.36,2024-03-05,2024,N20,VIIRS,n,2,296.5,1.95,N,0
16.06909,78.57332,313.13,0.39,0.36,2024-03-05,2024,N20,VIIRS,n,2,295.05,3.46,N,0
16.07041,78.54404,315.89,0.39,0.36,2024-03-05,2024,N20,VIIRS,n,2,296.85,2.3,N,0
16.07155,78.53693,313.3,0.39,0.36,2024-03-05,2024,N20,VIIRS,n,2,296.4,2.59,N,0
16.09402,78.88168,339.64,0.39,0.36,2024-03-05,2024,N20,VIIRS,n,2,296.08,5.45,N,0
16.09734,78.88226,308.09,0.39,0.36,2024-03-05,2024,N20,VIIRS,n,2,294.56,1.38,N,0
16.10127,78.87914,306.51,0.39,0.36,2024-03-05,2024,N20,VIIRS,n,2,294.18,1.41,N,0
16.35533,79.87167,306.26,0.41,0.37,2024-03-05,2024,N20,VIIRS,n,2,292.44,0.72,N,0
15.50186,79.89006,330.26,0.43,0.46,2024-03-06,733,N20,VIIRS,l,2,304.56,3.23,D,0
15.50576,78.82904,334.87,0.5,0.49,2024-03-06,733,N20,VIIRS,n,2,306.99,4.69,D,0
15.50662,78.83372,342.38,0.5,0.49,2024-03-06,733,N20,VIIRS,n,2,307.91,6.56,D,0
15.54215,77.01778,342.67,0.33,0.55,2024-03-06,733,N20,VIIRS,n,2,308.98,3.35,D,0
15.58567,78.59564,342.38,0.52,0.5,2024-03-06,733,N20,VIIRS,n,2,307.08,6.3,D,0
15.59245,79.00468,338.6,0.49,0.48,2024-03-06,733,N20,VIIRS,n,2,307.36,5.36,D,0
15.59388,79.01237,335.47,0.48,0.48,2024-03-06,733,N20,VIIRS,l,2,310.09,3.43,D,0
15.62845,77.30135,332.29,0.63,0.54,2024-03-06,733,N20,VIIRS,l,2,304.0,3.09,D,0
15.64819,80.01455,336.86,0.42,0.45,2024-03-06,733,N20,VIIRS,n,2,306.7,2.43,D,0
15.64975,80.0141,353.18,0.42,0.45,2024-03-06,733,N20,VIIRS,n,2,307.35,8.84,D,0
15.6523,80.01379,347.64,0.42,0.45,2024-03-06,733,N20,VIIRS,n,2,307.49,5.17,D,0
15.66083,78.91067,341.0,0.49,0.49,2024-03-06,733,N20,VIIRS,n,2,306.76,8.64,D,0
15.66152,78.91432,367.0,0.49,0.49,2024-03-06,733,N20,VIIRS,h,2,310.36,8.64,D,0
15.66211,78.91299,367.0,0.49,0.49,2024-03-06,733,N20,VIIRS,h,2,310.85,13.33,D,0
15.66279,78.91669,340.66,0.49,0.49,2024-03-06,733,N20,VIIRS,n,2,306.97,4.85,D,0
15.68697,79.68244,334.51,0.44,0.46,2024-03-06,733,N20,VIIRS,l,2,307.78,3.06,D,0
15.70284,79.16311,339.23,0.47,0.48,2024-03-06,733,N20,VIIRS,l,2,311.47,2.85,D,0
15.72559,78.98901,340.62,0.48,0.48,2024-03-06,733,N20,VIIRS,l,2,311.5,3.02,D,0
15.78107,79.04472,334.4,0.48,0.48,2024-03-06,733,N20,VIIRS,l,2,309.11,2.95,D,0
15.79611,79.68354,335.25,0.44,0.46,2024-03-06,733,N20,VIIRS,l,2,308.66,3.14,D,0
15.79652,78.28021,338.01,0.54,0.51,2024-03-06,733,N20,VIIRS,l,2,311.58,5.92,D,0
15.80762,79.33797,338.08,0.46,0.47,2024-03-06,733,N20,VIIRS,n,2,308.04,1.51,D,0
15.83294,78.60535,347.78,0.51,0.49,2024-03-06,733,N20,VIIRS,n,2,313.06,9.35,D,0
15.83482,78.60564,346.37,0.51,0.49,2024-03-06,733,N20,VIIRS,n,2,312.74,8.38,D,0
15.89476,78.84988,346.31,0.49,0.49,2024-03-06,733,N20,VIIRS,n,2,307.12,12.39,D,0
15.95205,79.01125,346.14,0.48,0.48,2024-03-06,733,N20,VIIRS,n,2,306.28,5.68,D,0
15.95639,79.01029,334.63,0.48,0.48,2024-03-06,733,N20,VIIRS,l,2,305.52,2.88,D,0
15.97132,79.66332,335.7,0.43,0.46,2024-03-06,733,N20,VIIRS,l,2,310.0,1.39,D,0
16.01641,79.14194,335.39,0.47,0.48,2024-03-06,733,N20,VIIRS,n,2,306.05,2.53,D,0
16.02982,78.53383,334.36,0.51,0.49,2024-03-06,733,N20,VIIRS,l,2,307.63,4.61,D,0
16.04302,78.93801,341.82,0.48,0.48,2024-03-06,733,N20,VIIRS,n,2,307.06,2.42,D,0
16.06486,78.54686,336.32,0.51,0.49,2024-03-06,733,N20,VIIRS,n,2,306.79,4.05,D,0
16.08684,78.88156,337.8,0.48,0.48,2024-03-06,733,N20,VIIRS,l,2,309.1,3.51,D,0
16.08758,78.8844,345.84,0.48,0.48,2024-03-06,733,N20,VIIRS,n,2,310.5,5.19,D,0
16.08761,78.88568,339.12,0.48,0.48,2024-03-06,733,N20,VIIRS,n,2,307.45,1.55,D,0
16.09654,80.01209,333.51,0.41,0.45,2024-03-06,733,N20,VIIRS,l,2,306.34,2.96,D,0
16.11977,77.16066,344.4,0.63,0.54,2024-03-06,733,N20,VIIRS,n,2,313.3,10.84,D,0
16.12696,77.09315,339.09,0.63,0.54,2024-03-06,733,N20,VIIRS,l,2,310.45,7.4,D,0
16.14306,79.10783,337.31,0.47,0.48,2024-03-06,733,N20,VIIRS,n,2,308.86,2.9,D,0
16.2039,79.88604,342.79,0.42,0.45,2024-03-06,733,N20,VIIRS,n,2,309.36,4.3,D,0
16.26744,77.28181,341.67,0.61,0.54,2024-03-06,733,N20,VIIRS,n,2,310.88,8.44,D,0
16.29957,77.67921,336.44,0.58,0.52,2024-03-06,733,N20,VIIRS,n,2,306.19,4.8,D,0
16.30881,77.01499,334.23,0.32,0.54,2024-03-06,733,N20,VIIRS,l,2,306.79,2.14,D,0
16.34401,78.55292,339.02,0.5,0.49,2024-03-06,733,N20,VIIRS,l,2,313.34,2.86,D,0
16.37119,80.8208,338.03,0.55,0.42,2024-03-06,733,N20,VIIRS,n,2,304.85,36.11,D,0
16.54319,78.69964,341.81,0.49,0.48,2024-03-06,733,N20,VIIRS,n,2,311.68,3.09,D,0
16.64333,77.48328,334.8,0.58,0.52,2024-03-06,733,N20,VIIRS,l,2,307.5,2.77,D,0
16.73495,80.29924,336.88,0.39,0.44,2024-03-06,733,N20,VIIRS,l,2,309.26,5.53,D,0
16.73733,78.64577,349.35,0.49,0.48,2024-03-06,733,N20,VIIRS,n,2,310.11,7.33,D,0
16.85889,78.46782,338.07,0.5,0.49,2024-03-06,733,N20,VIIRS,l,2,308.6,3.49,D,0
16.93006,77.2782,334.49,0.6,0.53,2024-03-06,733,N20,VIIRS,l,2,308.5,3.02,D,0
16.93113,77.28371,339.11,0.59,0.53,2024-03-06,733,N20,VIIRS,n,2,307.26,3.02,D,0
16.93308,80.34785,335.47,0.57,0.43,2024-03-06,733,N20,VIIRS,l,2,305.58,6.65,D,0
16.93482,77.27708,339.75,0.6,0.53,2024-03-06,733,N20,VIIRS,n,2,308.1,8.15,D,0
16.93589,77.28256,349.0,0.59,0.53,2024-03-06,733,N20,VIIRS,n,2,308.3,8.15,D,0
16.99084,78.47482,342.19,0.5,0.49,2024-03-06,733,N20,VIIRS,n,2,309.32,6.5,D,0
16.99148,78.47237,344.48,0.5,0.49,2024-03-06,733,N20,VIIRS,n,2,310.32,4.52,D,0
17.07198,79.1517,340.9,0.45,0.47,2024-03-06,733,N20,VIIRS,n,2,307.58,1.43,D,0
17.12218,79.98029,343.47,0.4,0.44,2024-03-06,733,N20,VIIRS,n,2,309.13,4.93,D,0
17.18345,78.4321,336.25,0.5,0.49,2024-03-06,733,N20,VIIRS,l,2,309.14,2.21,D,0
17.23538,77.41925,333.9,0.57,0.52,2024-03-06,733,N20,VIIRS,l,2,306.55,3.07,D,0
17.23662,77.43169,338.17,0.57,0.52,2024-03-06,733,N20,VIIRS,n,2,307.51,3.28,D,0
17.23749,77.42988,341.54,0.57,0.52,2024-03-06,733,N20,VIIRS,n,2,308.72,3.6,D,0
17.24924,77.54936,333.55,0.56,0.52,2024-03-06,733,N20,VIIRS,l,2,307.88,5.98,D,0
17.28793,78.72198,341.24,0.47,0.48,2024-03-06,733,N20,VIIRS,n,2,310.31,3.81,D,0
17.28968,79.33795,339.19,0.43,0.46,2024-03-06,733,N20,VIIRS,l,2,310.79,3.55,D,0
17.34651,78.23813,356.11,0.51,0.49,2024-03-06,733,N20,VIIRS,n,2,310.53,8.67,D,0
17.37103,78.48954,337.71,0.49,0.48,2024-03-06,733,N20,VIIRS,n,2,306.4,3.15,D,0
17.39327,81.14277,337.54,0.51,0.41,2024-03-06,733,N20,VIIRS,n,2,306.17,3.41,D,0
17.40179,77.67757,337.51,0.55,0.51,2024-03-06,733,N20,VIIRS,l,2,311.15,3.76,D,0
17.40809,78.08583,337.11,0.52,0.5,2024-03-06,733,N20,VIIRS,l,2,309.12,3.59,D,0
17.4358,77.85876,344.83,0.53,0.5,2024-03-06,733,N20,VIIRS,n,2,307.9,4.53,D,0
17.47167,81.12801,330.93,0.51,0.41,2024-03-06,733,N20,VIIRS,l,2,303.87,2.24,D,0
17.4743,77.86325,340.93,0.53,0.5,2024-03-06,733,N20,VIIRS,n,2,308.5,5.59,D,0
17.49924,78.37238,332.23,0.49,0.49,2024-03-06,733,N20,VIIRS,l,2,307.22,3.72,D,0
17.50188,79.43226,343.53,0.42,0.45,2024-03-06,733,N20,VIIRS,n,2,306.97,3.05,D,0
17.50375,79.43112,342.34,0.42,0.45,2024-03-06,733,N20,VIIRS,n,2,308.41,3.08,D,0
17.56346,78.0601,332.14,0.52,0.5,2024-03-06,733,N20,VIIRS,l,2,306.77,4.29,D,0
17.57047,78.14707,348.93,0.51,0.49,2024-03-06,733,N20,VIIRS,n,2,309.3,24.27,D,0
17.57216,80.98588,345.71,0.51,0.41,2024-03-06,733,N20,VIIRS,n,2,306.31,6.36,D,0
17.57568,77.13567,334.32,0.59,0.53,2024-03-06,733,N20,VIIRS,l,2,307.99,3.39,D,0
17.59497,80.87221,336.82,0.52,0.42,2024-03-06,733,N20,VIIRS,n,2,306.46,4.87,D,0
17.608,80.9244,340.09,0.52,0.41,2024-03-06,733,N20,VIIRS,n,2,306.63,4.01,D,0
17.613,80.86364,345.38,0.52,0.42,2024-03-06,733,N20,VIIRS,n,2,303.61,9.33,D,0
17.61369,78.85582,342.07,0.46,0.47,2024-03-06,733,N20,VIIRS,n,2,307.81,5.1,D,0
17.61525,78.85455,342.83,0.46,0.47,2024-03-06,733,N20,VIIRS,n,2,313.16,18.64,D,0
17.61796,78.85496,351.46,0.46,0.47,2024-03-06,733,N20,VIIRS,n,2,308.06,18.53,D,0
17.6353,78.98878,334.86,0.45,0.47,2024-03-06,733,N20,VIIRS,n,2,304.64,2.84,D,0
17.64775,80.70817,335.41,0.53,0.42,2024-03-06,733,N20,VIIRS,n,2,305.38,8.05,D,0
17.65784,77.15015,337.15,0.59,0.53,2024-03-06,733,N20,VIIRS,l,2,308.39,3.25,D,0
17.68828,78.67388,337.09,0.47,0.48,2024-03-06,733,N20,VIIRS,n,2,309.21,2.09,D,0
17.69238,78.96962,344.89,0.45,0.47,2024-03-06,733,N20,VIIRS,n,2,307.36,8.24,D,0
17.70514,80.10188,330.29,0.38,0.43,2024-03-06,733,N20,VIIRS,l,2,305.26,4.29,D,0
17.70592,80.10629,336.0,0.57,0.43,2024-03-06,733,N20,VIIRS,n,2,305.44,4.21,D,0
17.71388,78.99108,335.82,0.45,0.47,2024-03-06,733,N20,VIIRS,l,2,306.28,2.61,D,0
17.77341,80.69132,338.88,0.53,0.42,2024-03-06,733,N20,VIIRS,n,2,305.37,6.25,D,0
17.78103,79.00056,335.86,0.44,0.46,2024-03-06,733,N20,VIIRS,l,2,308.7,3.39,D,0
17.81158,80.29162,333.29,0.56,0.43,2024-03-06,733,N20,VIIRS,l,2,306.8,4.75,D,0
17.82451,80.0678,336.96,0.38,0.43,2024-03-06,733,N20,VIIRS,l,2,309.91,7.48,D,0
17.82514,80.07137,353.73,0.38,0.43,2024-03-06,733,N20,VIIRS,n,2,311.86,7.48,D,0
17.82762,80.10844,337.04,0.57,0.43,2024-03-06,733,N20,VIIRS,l,2,310.24,6.7,D,0
17.83769,80.05748,343.72,0.38,0.43,2024-03-06,733,N20,VIIRS,n,2,310.44,5.26,D,0
17.85169,80.33636,338.21,0.55,0.43,2024-03-06,733,N20,VIIRS,l,2,309.58,6.48,D,0
17.86193,80.21133,347.1,0.56,0.43,2024-03-06,733,N20,VIIRS,n,2,312.5,11.94,D,0
17.86222,80.21426,341.59,0.56,0.43,2024-03-06,733,N20,VIIRS,l,2,313.77,10.46,D,0
17.87679,77.66455,338.98,0.54,0.51,2024-03-06,733,N20,VIIRS,n,2,309.68,4.63,D,0
17.87988,80.01964,341.78,0.38,0.44,2024-03-06,733,N20,VIIRS,n,2,306.63,3.78,D,0
17.88383,80.01883,336.35,0.38,0.44,2024-03-06,733,N20,VIIRS,n,2,305.6,3.45,D,0
17.89035,80.98318,336.06,0.51,0.41,2024-03-06,733,N20,VIIRS,n,2,307.79,2.44,D,0
17.89171,80.98538,332.97,0.51,0.41,2024-03-06,733,N20,VIIRS,l,2,307.81,2.72,D,0
17.90059,80.29259,334.31,0.56,0.43,2024-03-06,733,N20,VIIRS,l,2,307.56,6.49,D,0
17.90149,80.29755,343.39,0.56,0.43,2024-03-06,733,N20,VIIRS,n,2,312.4,6.49,D,0
17.90188,78.55544,339.47,0.47,0.48,2024-03-06,733,N20,VIIRS,n,2,306.88,3.56,D,0
17.90449,80.29186,342.27,0.56,0.43,2024-03-06,733,N20,VIIRS,n,2,311.16,6.49,D,0
17.90598,80.07419,336.77,0.57,0.43,2024-03-06,733,N20,VIIRS,l,2,307.74,2.98,D,0
17.90836,80.29103,349.96,0.56,0.43,2024-03-06,733,N20,VIIRS,n,2,312.14,7.28,D,0
17.90925,80.29601,349.08,0.56,0.43,2024-03-06,733,N20,VIIRS,n,2,310.47,7.28,D,0
17.90939,80.16155,333.87,0.57,0.43,2024-03-06,733,N20,VIIRS,l,2,304.92,2.16,D,0
17.91065,80.25893,334.88,0.56,0.43,2024-03-06,733,N20,VIIRS,n,2,304.57,4.84,D,0
17.91135,80.28528,350.48,0.56,0.43,2024-03-06,733,N20,VIIRS,n,2,309.41,15.57,D,0
17.91223,80.29017,343.55,0.56,0.43,2024-03-06,733,N20,VIIRS,n,2,309.3,7.28,D,0
17.91312,80.29518,336.95,0.56,0.43,2024-03-06,733,N20,VIIRS,n,2,307.06,7.28,D,0
17.91357,80.2527,348.13,0.56,0.43,2024-03-06,733,N20,VIIRS,n,2,312.49,13.76,D,0
17.91456,80.25824,336.89,0.56,0.43,2024-03-06,733,N20,VIIRS,n,2,304.36,4.84,D,0
17.91523,80.28451,344.74,0.56,0.43,2024-03-06,733,N20,VIIRS,n,2,314.03,38.72,D,0
17.91609,80.28931,350.96,0.56,0.43,2024-03-06,733,N20,VIIRS,n,2,310.07,9.44,D,0
17.91699,80.29433,337.4,0.56,0.43,2024-03-06,733,N20,VIIRS,n,2,306.59,9.44,D,0
17.91996,80.28846,335.28,0.56,0.43,2024-03-06,733,N20,VIIRS,n,2,304.73,9.44,D,0
17.92673,80.19069,336.12,0.56,0.43,2024-03-06,733,N20,VIIRS,l,2,308.87,3.79,D,0
17.92701,78.77303,337.21,0.46,0.47,2024-03-06,733,N20,VIIRS,n,2,307.34,5.8,D,0
17.92991,78.7729,332.19,0.46,0.47,2024-03-06,733,N20,VIIRS,l,2,305.94,3.46,D,0
17.9323,80.22202,342.95,0.56,0.43,2024-03-06,733,N20,VIIRS,n,2,310.16,4.94,D,0
17.93262,81.49786,334.98,0.48,0.4,2024-03-06,733,N20,VIIRS,l,2,307.83,1.43,D,0
17.95971,80.28594,341.61,0.56,0.43,2024-03-06,733,N20,VIIRS,n,2,311.76,8.58,D,0
18.00899,80.22095,335.89,0.56,0.43,2024-03-06,733,N20,VIIRS,l,2,310.84,4.79,D,0
18.03201,80.14627,338.53,0.56,0.43,2024-03-06,733,N20,VIIRS,n,2,306.41,4.38,D,0
18.03233,80.10242,353.93,0.57,0.43,2024-03-06,733,N20,VIIRS,n,2,308.19,10.19,D,0
18.05923,78.35583,335.89,0.48,0.48,2024-03-06,733,N20,VIIRS,n,2,306.76,3.92,D,0
18.06827,80.30559,331.64,0.55,0.43,2024-03-06,733,N20,VIIRS,l,2,306.54,2.73,D,0
18.10624,80.17821,343.65,0.56,0.43,2024-03-06,733,N20,VIIRS,n,2,307.01,6.22,D,0
18.11785,80.03959,345.62,0.57,0.43,2024-03-06,733,N20,VIIRS,n,2,308.32,7.6,D,0
18.12176,80.03867,331.66,0.57,0.43,2024-03-06,733,N20,VIIRS,l,2,305.47,4.26,D,0
18.12758,80.38591,332.74,0.54,0.42,2024-03-06,733,N20,VIIRS,l,2,306.87,3.59,D,0
18.13312,79.15707,335.85,0.43,0.46,2024-03-06,733,N20,VIIRS,l,2,310.37,3.2,D,0
18.15911,81.48191,332.66,0.48,0.4,2024-03-06,733,N20,VIIRS,l,2,307.01,1.41,D,0
18.17842,80.063,332.94,0.57,0.43,2024-03-06,733,N20,VIIRS,l,2,306.07,3.42,D,0
18.19216,78.95856,343.68,0.44,0.46,2024-03-06,733,N20,VIIRS,n,2,311.6,9.25,D,0
18.19234,80.02768,339.02,0.57,0.43,2024-03-06,733,N20,VIIRS,n,2,306.4,4.39,D,0
18.19327,80.03281,346.15,0.57,0.43,2024-03-06,733,N20,VIIRS,n,2,308.23,4.39,D,0
18.26018,78.85475,331.75,0.45,0.47,2024-03-06,733,N20,VIIRS,l,2,306.06,3.36,D,0
18.35794,80.20827,335.78,0.55,0.43,2024-03-06,733,N20,VIIRS,n,2,306.69,4.66,D,0
18.36044,80.61666,341.85,0.52,0.42,2024-03-06,733,N20,VIIRS,n,2,306.59,5.2,D,0
18.36304,80.61328,333.44,0.52,0.42,2024-03-06,733,N20,VIIRS,l,2,306.9,2.81,D,0
18.43654,80.56346,333.03,0.53,0.42,2024-03-06,733,N20,VIIRS,l,2,307.78,2.52,D,0
18.43744,80.56857,336.4,0.53,0.42,2024-03-06,733,N20,VIIRS,n,2,307.35,2.52,D,0
18.43941,80.73561,335.59,0.52,0.41,2024-03-06,733,N20,VIIRS,n,2,304.78,3.56,D,0
18.44034,80.56273,335.75,0.53,0.42,2024-03-06,733,N20,VIIRS,l,2,307.03,2.86,D,0
18.44113,81.19624,336.73,0.49,0.4,2024-03-06,733,N20,VIIRS,l,2,309.64,3.37,D,0
18.44122,80.56777,335.36,0.53,0.42,2024-03-06,733,N20,VIIRS,l,2,306.12,2.86,D,0
18.44794,80.56131,345.42,0.53,0.42,2024-03-06,733,N20,VIIRS,n,2,307.82,7.26,D,0
18.45587,80.91726,341.27,0.5,0.41,2024-03-06,733,N20,VIIRS,n,2,308.92,4.0,D,0
18.46405,80.54559,333.37,0.53,0.42,2024-03-06,733,N20,VIIRS,l,2,307.87,2.74,D,0
18.46519,80.54773,335.17,0.53,0.42,2024-03-06,733,N20,VIIRS,l,2,307.13,4.41,D,0
18.4667,80.56032,332.82,0.53,0.42,2024-03-06,733,N20,VIIRS,l,2,307.09,4.27,D,0
18.46783,80.54478,332.5,0.53,0.42,2024-03-06,733,N20,VIIRS,l,2,306.85,1.62,D,0
18.46963,80.55479,340.6,0.53,0.42,2024-03-06,733,N20,VIIRS,n,2,309.03,3.69,D,0
18.47069,80.55687,339.73,0.53,0.42,2024-03-06,733,N20,VIIRS,n,2,308.44,2.74,D,0
18.47342,80.55404,339.42,0.53,0.42,2024-03-06,733,N20,VIIRS,n,2,308.64,3.69,D,0
18.47449,80.55613,333.82,0.53,0.42,2024-03-06,733,N20,VIIRS,l,2,307.11,2.74,D,0
18.50076,80.48695,335.43,0.53,0.42,2024-03-06,733,N20,VIIRS,l,2,306.27,5.33,D,0
18.50167,80.49203,335.46,0.53,0.42,2024-03-06,733,N20,VIIRS,l,2,307.48,3.3,D,0
18.50624,81.49061,340.59,0.47,0.4,2024-03-06,733,N20,VIIRS,n,2,306.46,3.04,D,0
18.52385,80.52856,336.59,0.53,0.42,2024-03-06,733,N20,VIIRS,l,2,311.01,5.56,D,0
18.53592,80.66367,332.62,0.52,0.41,2024-03-06,733,N20,VIIRS,l,2,306.15,4.31,D,0
18.53971,80.66302,340.4,0.52,0.41,2024-03-06,733,N20,VIIRS,n,2,307.21,4.31,D,0
18.54829,80.93105,338.37,0.5,0.41,2024-03-06,733,N20,VIIRS,n,2,309.67,4.29,D,0
18.57309,80.85338,332.59,0.51,0.41,2024-03-06,733,N20,VIIRS,l,2,305.81,2.2,D,0
17.97211,77.16106,335.99,0.58,0.52,2024-03-06,734,N20,VIIRS,l,2,306.85,6.12,D,0
18.19759,77.07368,333.01,0.58,0.52,2024-03-06,734,N20,VIIRS,l,2,303.32,5.68,D,0
18.28938,78.03616,337.33,0.5,0.49,2024-03-06,734,N20,VIIRS,n,2,307.32,3.54,D,0
18.29381,78.03522,335.09,0.5,0.49,2024-03-06,734,N20,VIIRS,l,2,306.36,3.54,D,0
18.35485,77.9301,333.4,0.51,0.49,2024-03-06,734,N20,VIIRS,n,2,306.37,3.48,D,0
18.35933,77.92924,337.1,0.51,0.49,2024-03-06,734,N20,VIIRS,n,2,306.18,4.5,D,0
18.43479,78.64294,334.09,0.46,0.47,2024-03-06,734,N20,VIIRS,l,2,306.52,4.57,D,0
18.43832,78.63812,342.4,0.46,0.47,2024-03-06,734,N20,VIIRS,n,2,308.71,6.31,D,0
18.43907,78.64219,340.96,0.46,0.47,2024-03-06,734,N20,VIIRS,n,2,305.96,6.31,D,0
18.44998,78.23665,337.79,0.48,0.48,2024-03-06,734,N20,VIIRS,l,2,309.2,7.48,D,0
18.4542,78.37885,332.83,0.47,0.48,2024-03-06,734,N20,VIIRS,l,2,305.63,5.64,D,0
18.48604,78.47649,340.0,0.47,0.47,2024-03-06,734,N20,VIIRS,n,2,308.15,5.08,D,0
18.51537,79.63996,345.36,0.4,0.44,2024-03-06,734,N20,VIIRS,n,2,308.7,3.59,D,0
18.5162,78.13012,335.37,0.49,0.49,2024-03-06,734,N20,VIIRS,l,2,305.77,2.77,D,0
18.53617,79.1021,332.73,0.43,0.46,2024-03-06,734,N20,VIIRS,l,2,306.48,2.68,D,0
18.54894,78.6236,336.95,0.46,0.47,2024-03-06,734,N20,VIIRS,n,2,307.55,2.57,D,0
18.61044,78.83823,336.18,0.44,0.46,2024-03-06,734,N20,VIIRS,n,2,305.46,2.52,D,0
18.64291,78.63709,334.35,0.45,0.47,2024-03-06,734,N20,VIIRS,l,2,308.67,3.13,D,0
18.6662,78.55768,343.5,0.46,0.47,2024-03-06,734,N20,VIIRS,n,2,308.76,5.15,D,0
18.69608,80.49092,344.31,0.53,0.42,2024-03-06,734,N20,VIIRS,n,2,305.38,3.83,D,0
18.69806,80.48007,342.17,0.53,0.42,2024-03-06,734,N20,VIIRS,n,2,308.06,5.97,D,0
18.69979,78.66475,332.58,0.45,0.47,2024-03-06,734,N20,VIIRS,l,2,305.42,5.68,D,0
18.71375,78.30589,333.11,0.47,0.48,2024-03-06,734,N20,VIIRS,l,2,306.19,5.45,D,0
18.71661,78.30337,335.65,0.47,0.48,2024-03-06,734,N20,VIIRS,n,2,304.86,7.8,D,0
18.71836,79.34657,331.92,0.41,0.45,2024-03-06,734,N20,VIIRS,l,2,305.7,4.93,D,0
18.72021,80.38305,336.8,0.53,0.42,2024-03-06,734,N20,VIIRS,l,2,309.01,4.33,D,0
18.73545,80.37994,338.79,0.53,0.42,2024-03-06,734,N20,VIIRS,n,2,306.36,4.77,D,0
18.75724,81.19945,330.48,0.48,0.4,2024-03-06,734,N20,VIIRS,n,2,304.16,2.94,D,0
18.82419,80.26532,336.23,0.54,0.42,2024-03-06,734,N20,VIIRS,l,2,308.09,19.13,D,0
18.82802,80.26456,340.39,0.54,0.42,2024-03-06,734,N20,VIIRS,l,2,310.76,19.13,D,0
18.85253,80.29128,335.59,0.54,0.42,2024-03-06,734,N20,VIIRS,n,2,305.2,3.23,D,0
18.85513,80.30612,337.21,0.54,0.42,2024-03-06,734,N20,VIIRS,n,2,305.78,3.14,D,0
18.85896,80.30541,334.46,0.54,0.42,2024-03-06,734,N20,VIIRS,n,2,305.68,3.14,D,0
18.86283,80.29203,337.54,0.54,0.42,2024-03-06,734,N20,VIIRS,n,2,305.43,6.37,D,0
18.88717,81.08328,335.87,0.49,0.4,2024-03-06,734,N20,VIIRS,n,2,305.28,4.24,D,0
18.88784,81.08233,334.92,0.49,0.4,2024-03-06,734,N20,VIIRS,n,2,305.51,5.38,D,0
18.90553,78.33971,331.28,0.47,0.48,2024-03-06,734,N20,VIIRS,n,2,300.82,2.4,D,0
18.90705,81.08872,331.67,0.49,0.4,2024-03-06,734,N20,VIIRS,n,2,303.34,2.71,D,0
18.93537,81.37952,333.17,0.47,0.4,2024-03-06,734,N20,VIIRS,l,2,307.83,2.65,D,0
18.93966,78.93911,341.78,0.43,0.46,2024-03-06,734,N20,VIIRS,n,2,302.79,6.12,D,0
18.94234,78.93802,338.72,0.43,0.46,2024-03-06,734,N20,VIIRS,n,2,301.99,3.33,D,0
18.94309,78.94216,331.7,0.43,0.46,2024-03-06,734,N20,VIIRS,n,2,302.44,3.33,D,0
18.96026,78.74957,331.17,0.44,0.46,2024-03-06,734,N20,VIIRS,l,2,303.48,1.67,D,0
18.96362,79.51534,337.53,0.4,0.44,2024-03-06,734,N20,VIIRS,l,2,310.26,4.29,D,0
18.96812,78.49239,332.95,0.46,0.47,2024-03-06,734,N20,VIIRS,l,2,307.66,2.29,D,0
18.97615,80.68602,335.07,0.51,0.41,2024-03-06,734,N20,VIIRS,n,2,304.2,3.31,D,0
18.99854,80.04105,340.99,0.55,0.43,2024-03-06,734,N20,VIIRS,l,2,314.96,5.04,D,0
18.99947,80.04632,336.89,0.55,0.43,2024-03-06,734,N20,VIIRS,l,2,310.74,5.04,D,0
18.99981,78.7752,332.26,0.44,0.46,2024-03-06,734,N20,VIIRS,l,2,303.83,1.24,D,0
19.00241,80.04028,341.56,0.55,0.43,2024-03-06,734,N20,VIIRS,l,2,312.66,15.32,D,0
19.00816,78.77342,336.26,0.44,0.46,2024-03-06,734,N20,VIIRS,n,2,303.34,4.76,D,0
19.00892,78.77753,349.49,0.44,0.46,2024-03-06,734,N20,VIIRS,n,2,304.11,4.76,D,0
19.02337,78.80415,332.04,0.43,0.46,2024-03-06,734,N20,VIIRS,l,2,305.92,4.62,D,0
19.05762,78.8479,331.9,0.43,0.46,2024-03-06,734,N20,VIIRS,l,2,305.43,2.55,D,0
19.07148,80.67441,331.2,0.51,0.41,2024-03-06,734,N20,VIIRS,l,2,305.47,2.22,D,0
19.10228,79.13128,337.52,0.41,0.45,2024-03-06,734,N20,VIIRS,n,2,304.02,4.63,D,0
19.14031,78.54595,331.28,0.45,0.47,2024-03-06,734,N20,VIIRS,l,2,304.36,2.4,D,0
19.14059,79.7747,340.94,0.57,0.43,2024-03-06,734,N20,VIIRS,n,2,306.84,4.92,D,0
19.18312,78.75111,332.99,0.44,0.46,2024-03-06,734,N20,VIIRS,l,2,305.31,4.01,D,0
19.1983,78.69257,340.7,0.44,0.46,2024-03-06,734,N20,VIIRS,n,2,306.23,6.14,D,0
19.20253,78.6919,339.82,0.44,0.46,2024-03-06,734,N20,VIIRS,n,2,303.7,3.02,D,0
19.20916,79.90859,338.94,0.56,0.43,2024-03-06,734,N20,VIIRS,l,2,309.97,5.97,D,0
19.21694,79.09319,339.44,0.41,0.45,2024-03-06,734,N20,VIIRS,l,2,312.27,4.52,D,0
19.22969,78.64908,335.16,0.44,0.46,2024-03-06,734,N20,VIIRS,l,2,306.63,1.95,D,0
19.23061,79.46466,334.09,0.39,0.44,2024-03-06,734,N20,VIIRS,l,2,308.03,1.15,D,0
19.23807,79.02397,340.15,0.42,0.45,2024-03-06,734,N20,VIIRS,l,2,311.94,2.58,D,0
19.24076,77.16546,332.57,0.55,0.51,2024-03-06,734,N20,VIIRS,l,2,306.67,3.75,D,0
19.2433,79.36974,338.56,0.4,0.44,2024-03-06,734,N20,VIIRS,l,2,310.32,3.38,D,0
19.2747,78.60995,334.07,0.44,0.46,2024-03-06,734,N20,VIIRS,l,2,306.8,4.12,D,0
19.27547,78.61407,345.58,0.44,0.46,2024-03-06,734,N20,VIIRS,n,2,306.35,4.12,D,0
19.27568,77.22785,330.15,0.54,0.51,2024-03-06,734,N20,VIIRS,l,2,304.49,2.16,D,0
19.27891,78.60911,333.05,0.44,0.46,2024-03-06,734,N20,VIIRS,l,2,306.38,2.17,D,0
19.27969,78.61326,334.18,0.44,0.46,2024-03-06,734,N20,VIIRS,l,2,305.69,2.17,D,0
19.2915,78.55916,350.96,0.45,0.47,2024-03-06,734,N20,VIIRS,n,2,307.72,10.89,D,0
19.29269,78.58922,336.9,0.44,0.46,2024-03-06,734,N20,VIIRS,n,2,306.02,4.35,D,0
19.29729,78.66096,338.84,0.44,0.46,2024-03-06,734,N20,VIIRS,n,2,303.65,3.21,D,0
19.30149,78.66016,330.4,0.44,0.46,2024-03-06,734,N20,VIIRS,l,2,304.59,3.21,D,0
19.30491,78.65514,330.08,0.44,0.46,2024-03-06,734,N20,VIIRS,l,2,304.4,3.78,D,0
19.30732,77.31499,335.82,0.53,0.5,2024-03-06,734,N20,VIIRS,n,2,305.28,5.68,D,0
19.31019,78.68364,334.23,0.44,0.46,2024-03-06,734,N20,VIIRS,l,2,304.65,4.08,D,0
19.31402,78.70438,332.35,0.44,0.46,2024-03-06,734,N20,VIIRS,l,2,305.78,2.23,D,0
19.31972,78.75864,338.59,0.43,0.46,2024-03-06,734,N20,VIIRS,n,2,305.97,3.01,D,0
19.36059,79.64938,330.75,0.38,0.43,2024-03-06,734,N20,VIIRS,l,2,305.56,1.47,D,0
19.44714,79.85922,351.06,0.56,0.43,2024-03-06,734,N20,VIIRS,n,2,308.55,8.21,D,0
19.45103,79.85844,347.81,0.56,0.43,2024-03-06,734,N20,VIIRS,n,2,308.77,4.96,D,0
19.45181,78.43748,335.14,0.45,0.47,2024-03-06,734,N20,VIIRS,l,2,309.79,3.11,D,0
19.62257,79.062,340.25,0.41,0.45,2024-03-06,734,N20,VIIRS,n,2,309.93,3.82,D,0
19.70543,81.05013,334.73,0.48,0.4,2024-03-06,734,N20,VIIRS,n,2,303.42,4.29,D,0
19.72969,80.80256,330.96,0.49,0.4,2024-03-06,734,N20,VIIRS,l,2,303.86,5.8,D,0
19.73499,80.81112,330.04,0.49,0.4,2024-03-06,734,N20,VIIRS,l,2,302.09,2.85,D,0
19.75921,80.90582,331.99,0.48,0.4,2024-03-06,734,N20,VIIRS,n,2,297.79,6.85,D,0
19.83086,78.34234,341.61,0.45,0.47,2024-03-06,734,N20,VIIRS,n,2,309.5,3.78,D,0
19.85354,78.55607,335.88,0.44,0.46,2024-03-06,734,N20,VIIRS,l,2,310.42,4.59,D,0
19.91539,78.87637,335.68,0.42,0.45,2024-03-06,734,N20,VIIRS,l,2,310.47,1.4,D,0
19.94409,77.00481,344.08,0.54,0.51,2024-03-06,734,N20,VIIRS,n,2,310.68,4.77,D,0
19.9554,78.72589,339.14,0.42,0.46,2024-03-06,734,N20,VIIRS,n,2,309.01,3.46,D,0
19.9588,78.72113,336.32,0.42,0.46,2024-03-06,734,N20,VIIRS,l,2,308.69,5.73,D,0
19.95954,78.72509,342.48,0.42,0.46,2024-03-06,734,N20,VIIRS,n,2,307.75,3.46,D,0
17.45621,80.35753,303.78,0.43,0.38,2024-03-06,2004,N20,VIIRS,n,2,292.94,0.48,N,0
17.48369,77.25786,307.21,0.42,0.45,2024-03-06,2004,N20,VIIRS,n,2,292.61,2.12,N,0
17.58501,80.31464,306.63,0.43,0.38,2024-03-06,2004,N20,VIIRS,n,2,294.58,1.34,N,0
17.58564,77.56156,318.93,0.4,0.44,2024-03-06,2004,N20,VIIRS,n,2,291.89,2.24,N,0
17.58969,77.56222,318.46,0.4,0.44,2024-03-06,2004,N20,VIIRS,n,2,293.08,2.29,N,0
17.63743,77.09689,304.0,0.43,0.46,2024-03-06,2004,N20,VIIRS,n,2,293.39,1.14,N,0
17.77498,77.85403,310.86,0.39,0.44,2024-03-06,2004,N20,VIIRS,n,2,293.45,1.13,N,0
17.85329,80.22939,311.32,0.44,0.38,2024-03-06,2004,N20,VIIRS,n,2,292.37,1.5,N,0
17.8562,80.23415,320.49,0.44,0.38,2024-03-06,2004,N20,VIIRS,n,2,292.67,1.88,N,0
17.88071,80.26347,304.79,0.44,0.38,2024-03-06,2004,N20,VIIRS,n,2,292.34,1.29,N,0
17.8996,80.03174,304.77,0.45,0.39,2024-03-06,2004,N20,VIIRS,n,2,291.87,0.96,N,0
17.90965,80.2659,309.5,0.44,0.38,2024-03-06,2004,N20,VIIRS,n,2,293.01,1.13,N,0
17.90981,80.16187,304.77,0.44,0.39,2024-03-06,2004,N20,VIIRS,n,2,292.56,0.99,N,0
17.91142,80.27875,305.46,0.44,0.38,2024-03-06,2004,N20,VIIRS,n,2,293.24,1.14,N,0
17.91316,80.2665,305.9,0.44,0.38,2024-03-06,2004,N20,VIIRS,n,2,292.96,1.13,N,0
17.92134,80.25938,307.67,0.44,0.38,2024-03-06,2004,N20,VIIRS,n,2,293.19,1.35,N,0
17.92776,80.26478,308.86,0.44,0.38,2024-03-06,2004,N20,VIIRS,n,2,292.55,1.23,N,0
17.92845,80.2851,307.46,0.44,0.38,2024-03-06,2004,N20,VIIRS,n,2,292.23,0.82,N,0
17.92902,80.28114,307.71,0.44,0.38,2024-03-06,2004,N20,VIIRS,n,2,292.47,0.82,N,0
17.93072,80.26923,307.14,0.44,0.38,2024-03-06,2004,N20,VIIRS,n,2,292.71,1.95,N,0
17.93541,80.26144,305.77,0.44,0.38,2024-03-06,2004,N20,VIIRS,n,2,291.97,0.97,N,0
17.93767,77.13934,305.32,0.43,0.46,2024-03-06,2004,N20,VIIRS,n,2,292.71,0.83,N,0
17.95012,80.18314,311.93,0.44,0.39,2024-03-06,2004,N20,VIIRS,n,2,292.71,1.48,N,0
17.99716,77.64755,304.78,0.4,0.44,2024-03-06,2004,N20,VIIRS,n,2,292.5,0.44,N,0
18.0427,79.9913,315.52,0.45,0.39,2024-03-06,2004,N20,VIIRS,n,2,291.46,2.5,N,0
18.04507,79.9948,321.56,0.45,0.39,2024-03-06,2004,N20,VIIRS,n,2,291.49,3.96,N,0
18.04564,79.99615,326.5,0.45,0.39,2024-03-06,2004,N20,VIIRS,n,2,292.48,2.5,N,0
18.04863,79.99532,332.09,0.45,0.39,2024-03-06,2004,N20,VIIRS,n,2,290.57,3.17,N,0
18.07985,80.21067,307.09,0.44,0.39,2024-03-06,2004,N20,VIIRS,n,2,292.64,1.06,N,0
18.08808,80.20356,306.83,0.44,0.39,2024-03-06,2004,N20,VIIRS,n,2,290.9,1.1,N,0
18.09102,80.20818,309.54,0.44,0.39,2024-03-06,2004,N20,VIIRS,n,2,292.92,0.98,N,0
18.09456,80.20869,307.3,0.44,0.39,2024-03-06,2004,N20,VIIRS,n,2,293.0,0.98,N,0
18.09809,80.20918,306.04,0.44,0.39,2024-03-06,2004,N20,VIIRS,n,2,292.99,1.72,N,0
18.10166,80.1843,305.59,0.44,0.39,2024-03-06,2004,N20,VIIRS,n,2,292.19,1.5,N,0
18.10348,80.17166,304.68,0.44,0.39,2024-03-06,2004,N20,VIIRS,n,2,287.3,1.16,N,0
18.52915,80.65666,307.45,0.43,0.38,2024-03-06,2004,N20,VIIRS,n,2,294.38,2.82,N,0
18.63424,78.01486,311.35,0.39,0.44,2024-03-06,2004,N20,VIIRS,n,2,293.12,2.15,N,0
18.63662,78.01588,313.63,0.39,0.44,2024-03-06,2004,N20,VIIRS,n,2,293.39,2.08,N,0
18.77942,80.31802,308.16,0.44,0.39,2024-03-06,2004,N20,VIIRS,n,2,294.46,3.89,N,0
18.84307,80.30248,312.75,0.45,0.39,2024-03-06,2004,N20,VIIRS,n,2,295.11,4.45,N,0
18.91275,79.59476,305.04,0.48,0.4,2024-03-06,2004,N20,VIIRS,n,2,293.32,1.35,N,0
19.22911,79.97495,312.33,0.46,0.39,2024-03-06,2004,N20,VIIRS,n,2,294.98,5.26,N,0
19.30428,77.01641,311.74,0.45,0.47,2024-03-06,2004,N20,VIIRS,n,2,288.78,1.07,N,0
19.30618,77.01973,323.2,0.45,0.47,2024-03-06,2004,N20,VIIRS,n,2,291.17,5.99,N,0
19.30669,77.01537,337.94,0.46,0.47,2024-03-06,2004,N20,VIIRS,n,2,289.3,6.99,N,0
19.40052,81.45242,303.91,0.41,0.37,2024-03-06,2004,N20,VIIRS,n,2,293.52,0.58,N,0
19.4706,81.28393,307.15,0.42,0.37,2024-03-06,2004,N20,VIIRS,n,2,293.01,1.1,N,0
19.48945,81.32218,312.84,0.41,0.37,2024-03-06,2004,N20,VIIRS,n,2,293.93,1.55,N,0
19.57808,81.48399,303.01,0.41,0.37,2024-03-06,2004,N20,VIIRS,n,2,292.49,0.91,N,0
19.63422,81.40955,298.8,0.41,0.37,2024-03-06,2004,N20,VIIRS,n,2,287.7,0.14,N,0
19.78735,79.14579,307.36,0.52,0.41,2024-03-06,2004,N20,VIIRS,n,2,289.18,2.06,N,2
19.78753,79.14898,308.97,0.52,0.41,2024-03-06,2004,N20,VIIRS,n,2,294.08,2.87,N,2
19.92292,79.11274,305.77,0.52,0.42,2024-03-06,2004,N20,VIIRS,n,2,294.36,1.84,N,2
19.96256,78.71389,304.48,0.55,0.43,2024-03-06,2004,N20,VIIRS,n,2,291.55,1.04,N,0
15.64241,78.70047,307.11,0.49,0.4,2024-03-06,2005,N20,VIIRS,n,2,295.5,2.18,N,0
15.72025,78.79115,306.36,0.49,0.4,2024-03-06,2005,N20,VIIRS,n,2,293.23,1.03,N,0
15.91584,77.36185,304.93,0.39,0.44,2024-03-06,2005,N20,VIIRS,n,2,293.08,0.74,N,2
16.03716,78.52049,316.89,0.51,0.41,2024-03-06,2005,N20,VIIRS,n,2,293.95,2.79,N,0
16.03779,78.51595,320.58,0.51,0.41,2024-03-06,2005,N20,VIIRS,n,2,293.63,2.79,N,0
16.04093,78.52094,319.51,0.51,0.41,2024-03-06,2005,N20,VIIRS,n,2,294.81,3.51,N,0
16.0712,78.57838,312.35,0.5,0.41,2024-03-06,2005,N20,VIIRS,n,2,295.45,3.97,N,0
16.08017,78.77206,312.81,0.49,0.4,2024-03-06,2005,N20,VIIRS,n,2,293.33,2.14,N,0
16.08242,78.58018,309.15,0.5,0.41,2024-03-06,2005,N20,VIIRS,n,2,294.33,3.61,N,0
16.08305,78.57574,311.68,0.5,0.41,2024-03-06,2005,N20,VIIRS,n,2,293.66,2.55,N,0
16.08322,78.77736,308.27,0.49,0.4,2024-03-06,2005,N20,VIIRS,n,2,293.72,1.11,N,0
16.08381,78.57821,318.93,0.5,0.41,2024-03-06,2005,N20,VIIRS,n,2,294.9,4.04,N,0
16.08386,78.77271,312.11,0.49,0.4,2024-03-06,2005,N20,VIIRS,n,2,294.22,1.3,N,0
16.0845,78.76805,308.98,0.49,0.4,2024-03-06,2005,N20,VIIRS,n,2,294.44,1.3,N,0
16.0858,78.75862,315.5,0.49,0.41,2024-03-06,2005,N20,VIIRS,n,2,294.86,2.9,N,0
16.08646,78.75379,313.52,0.49,0.41,2024-03-06,2005,N20,VIIRS,n,2,294.98,2.61,N,0
16.09688,78.76067,317.38,0.49,0.41,2024-03-06,2005,N20,VIIRS,n,2,294.22,3.01,N,0
16.09752,78.75607,316.35,0.49,0.41,2024-03-06,2005,N20,VIIRS,n,2,294.53,2.44,N,0
16.09862,78.80265,311.36,0.49,0.4,2024-03-06,2005,N20,VIIRS,n,2,294.12,1.53,N,0
16.10272,78.88117,326.03,0.49,0.4,2024-03-06,2005,N20,VIIRS,n,2,297.69,4.36,N,0
16.11075,78.87765,314.19,0.49,0.4,2024-03-06,2005,N20,VIIRS,n,2,296.63,2.25,N,0
16.2119,78.87356,330.32,0.49,0.4,2024-03-06,2005,N20,VIIRS,n,2,295.38,5.54,N,0
16.21558,78.87418,305.11,0.49,0.4,2024-03-06,2005,N20,VIIRS,n,2,293.67,0.7,N,0
16.63038,80.39061,304.05,0.42,0.38,2024-03-06,2005,N20,VIIRS,n,2,293.22,0.59,N,0
16.75986,80.6769,306.96,0.42,0.37,2024-03-06,2005,N20,VIIRS,n,2,294.49,0.64,N,0
16.87167,80.02283,305.67,0.44,0.38,2024-03-06,2005,N20,VIIRS,n,2,294.91,1.05,N,2
16.87579,80.11944,305.97,0.44,0.38,2024-03-06,2005,N20,VIIRS,n,2,294.4,1.02,N,2
17.14178,77.1759,308.28,0.42,0.45,2024-03-06,2005,N20,VIIRS,n,2,296.96,1.78,N,2
17.14633,78.22176,307.23,0.54,0.42,2024-03-06,2005,N20,VIIRS,n,2,291.18,1.49,N,2
17.21749,77.36179,317.64,0.41,0.45,2024-03-06,2005,N20,VIIRS,n,2,293.3,2.66,N,0
17.22158,77.36238,324.16,0.41,0.45,2024-03-06,2005,N20,VIIRS,n,2,294.52,2.66,N,0
15.51654,78.52454,330.9,0.54,0.68,2024-03-07,714,N20,VIIRS,l,2,302.95,7.46,D,0
15.51686,78.52813,348.91,0.54,0.68,2024-03-07,714,N20,VIIRS,n,2,303.45,9.96,D,0
15.51757,78.5295,343.21,0.54,0.68,2024-03-07,714,N20,VIIRS,n,2,302.32,7.23,D,0
15.6002,77.51547,338.2,0.63,0.72,2024-03-07,714,N20,VIIRS,n,2,305.06,3.09,D,0
15.60131,77.51734,348.59,0.63,0.72,2024-03-07,714,N20,VIIRS,n,2,305.45,4.97,D,0
15.60147,77.52118,331.31,0.63,0.72,2024-03-07,714,N20,VIIRS,l,2,303.49,3.09,D,0
15.61522,79.79306,331.92,0.44,0.63,2024-03-07,714,N20,VIIRS,l,2,303.75,3.57,D,0
15.68537,79.93552,339.18,0.43,0.62,2024-03-07,714,N20,VIIRS,n,2,303.38,3.41,D,0
15.6884,79.93533,332.09,0.43,0.62,2024-03-07,714,N20,VIIRS,l,2,303.03,4.14,D,0
15.7649,78.61414,330.78,0.53,0.67,2024-03-07,714,N20,VIIRS,l,2,303.68,2.68,D,0
15.77026,78.22745,331.82,0.56,0.69,2024-03-07,714,N20,VIIRS,l,2,304.36,1.81,D,0
15.78781,79.17444,330.34,0.48,0.65,2024-03-07,714,N20,VIIRS,l,2,303.74,1.21,D,0
15.80074,79.06023,330.98,0.49,0.65,2024-03-07,714,N20,VIIRS,n,2,300.97,5.71,D,0
15.80328,79.04283,337.55,0.49,0.65,2024-03-07,714,N20,VIIRS,n,2,299.26,4.72,D,0
15.8041,79.04679,332.03,0.49,0.65,2024-03-07,714,N20,VIIRS,n,2,300.37,4.35,D,0
15.80435,78.94427,331.94,0.5,0.66,2024-03-07,714,N20,VIIRS,n,2,301.16,5.01,D,0
15.80498,79.05103,338.01,0.49,0.65,2024-03-07,714,N20,VIIRS,n,2,300.52,4.35,D,0
15.8068,79.05973,343.27,0.49,0.65,2024-03-07,714,N20,VIIRS,n,2,300.52,5.71,D,0
15.80922,79.04176,349.95,0.49,0.65,2024-03-07,714,N20,VIIRS,n,2,300.21,8.53,D,0
15.81005,79.04575,353.38,0.49,0.65,2024-03-07,714,N20,VIIRS,n,2,300.36,11.13,D,0
15.81103,79.05046,367.0,0.49,0.65,2024-03-07,714,N20,VIIRS,h,2,298.8,11.13,D,0
15.84692,79.02747,338.78,0.49,0.65,2024-03-07,714,N20,VIIRS,n,2,301.16,5.46,D,0
15.84967,79.0285,339.09,0.49,0.65,2024-03-07,714,N20,VIIRS,n,2,301.23,5.64,D,0
15.88453,78.51889,332.33,0.53,0.67,2024-03-07,714,N20,VIIRS,l,2,304.95,1.78,D,0
15.93831,78.59302,335.0,0.53,0.67,2024-03-07,714,N20,VIIRS,n,2,303.93,4.16,D,0
15.93988,78.59596,337.1,0.53,0.67,2024-03-07,714,N20,VIIRS,n,2,303.39,4.76,D,0
15.94222,78.82005,334.64,0.51,0.66,2024-03-07,714,N20,VIIRS,n,2,300.79,4.37,D,0
15.94593,78.59464,331.86,0.53,0.67,2024-03-07,714,N20,VIIRS,l,2,303.03,4.76,D,0
15.97429,79.17444,340.35,0.48,0.65,2024-03-07,714,N20,VIIRS,n,2,300.58,10.26,D,0
15.97506,79.17806,347.51,0.48,0.65,2024-03-07,714,N20,VIIRS,n,2,299.83,8.84,D,0
15.97558,79.173,341.24,0.48,0.65,2024-03-07,714,N20,VIIRS,n,2,300.12,6.8,D,0
15.97631,79.17659,354.07,0.48,0.65,2024-03-07,714,N20,VIIRS,n,2,301.06,11.62,D,0
15.9808,79.17633,330.67,0.48,0.65,2024-03-07,714,N20,VIIRS,n,2,299.05,2.01,D,0
16.03544,78.98045,337.59,0.49,0.65,2024-03-07,714,N20,VIIRS,n,2,300.26,4.5,D,0
16.03643,78.51371,330.57,0.53,0.67,2024-03-07,714,N20,VIIRS,l,2,301.83,8.13,D,0
16.03819,78.98193,341.46,0.49,0.65,2024-03-07,714,N20,VIIRS,n,2,299.54,5.19,D,0
16.04114,79.06438,333.92,0.49,0.65,2024-03-07,714,N20,VIIRS,n,2,298.07,4.41,D,0
16.04421,78.52048,336.15,0.53,0.67,2024-03-07,714,N20,VIIRS,n,2,302.24,9.11,D,0
16.04483,78.522,367.0,0.53,0.67,2024-03-07,714,N20,VIIRS,h,2,302.58,12.4,D,0
16.04507,78.52458,367.0,0.53,0.67,2024-03-07,714,N20,VIIRS,h,2,300.5,9.11,D,0
16.07642,78.5837,351.9,0.52,0.67,2024-03-07,714,N20,VIIRS,n,2,301.96,6.95,D,0
16.07717,78.58724,341.63,0.52,0.67,2024-03-07,714,N20,VIIRS,n,2,299.47,6.95,D,0
16.07748,78.58502,367.0,0.52,0.67,2024-03-07,714,N20,VIIRS,h,2,302.23,19.98,D,0
16.08226,78.76191,348.13,0.51,0.66,2024-03-07,714,N20,VIIRS,n,2,302.27,10.26,D,0
16.08253,78.58271,330.65,0.52,0.67,2024-03-07,714,N20,VIIRS,n,2,299.21,6.95,D,0
16.08341,78.75788,341.08,0.51,0.66,2024-03-07,714,N20,VIIRS,n,2,302.8,8.43,D,0
16.08461,78.76344,336.18,0.51,0.66,2024-03-07,714,N20,VIIRS,n,2,302.77,6.48,D,0
16.0973,78.77409,333.31,0.51,0.66,2024-03-07,714,N20,VIIRS,n,2,299.78,4.02,D,0
16.09867,78.77064,335.28,0.51,0.66,2024-03-07,714,N20,VIIRS,n,2,302.22,4.65,D,0
16.10138,78.76373,336.28,0.51,0.66,2024-03-07,714,N20,VIIRS,n,2,301.84,7.27,D,0
16.10234,78.76834,335.83,0.51,0.66,2024-03-07,714,N20,VIIRS,n,2,301.99,5.03,D,0
16.10269,78.76028,339.45,0.51,0.66,2024-03-07,714,N20,VIIRS,n,2,302.55,10.99,D,0
16.10329,78.7729,343.87,0.51,0.66,2024-03-07,714,N20,VIIRS,n,2,301.8,5.03,D,0
16.10467,78.76948,338.24,0.51,0.66,2024-03-07,714,N20,VIIRS,n,2,301.35,4.65,D,0
16.10564,78.77401,340.21,0.51,0.66,2024-03-07,714,N20,VIIRS,n,2,300.07,4.65,D,0
16.12776,79.84591,333.94,0.43,0.62,2024-03-07,714,N20,VIIRS,n,2,303.0,3.4,D,0
16.20906,78.8803,331.91,0.5,0.66,2024-03-07,714,N20,VIIRS,l,2,302.18,4.42,D,0
16.21592,78.88347,345.45,0.5,0.66,2024-03-07,714,N20,VIIRS,n,2,303.34,4.42,D,0
16.22533,78.88238,331.48,0.5,0.66,2024-03-07,714,N20,VIIRS,l,2,302.41,3.57,D,0
16.27398,77.87199,331.83,0.58,0.7,2024-03-07,714,N20,VIIRS,l,2,303.46,3.89,D,0
16.30397,79.91883,330.77,0.42,0.61,2024-03-07,714,N20,VIIRS,l,2,302.79,2.26,D,0
16.37668,77.29285,340.49,0.63,0.72,2024-03-07,714,N20,VIIRS,n,2,307.9,8.8,D,0
16.59082,77.6237,337.02,0.59,0.7,2024-03-07,714,N20,VIIRS,n,2,303.48,6.94,D,0
16.68278,79.24291,330.22,0.46,0.64,2024-03-07,714,N20,VIIRS,l,2,302.26,1.24,D,0
16.80222,80.60494,333.87,0.37,0.58,2024-03-07,714,N20,VIIRS,n,2,298.69,2.31,D,0
16.8416,78.96722,331.67,0.48,0.64,2024-03-07,714,N20,VIIRS,l,2,305.28,2.32,D,0
16.92111,77.27692,332.01,0.61,0.71,2024-03-07,714,N20,VIIRS,l,2,303.08,3.94,D,0
17.15475,80.27847,336.09,0.38,0.59,2024-03-07,714,N20,VIIRS,n,2,304.25,4.44,D,0
17.1608,80.28086,346.59,0.38,0.59,2024-03-07,714,N20,VIIRS,n,2,304.26,6.94,D,0
17.25235,80.5469,336.78,0.37,0.58,2024-03-07,714,N20,VIIRS,n,2,302.23,5.04,D,0
17.43554,80.42843,346.48,0.37,0.58,2024-03-07,714,N20,VIIRS,n,2,302.79,4.36,D,0
17.44004,80.42757,342.82,0.37,0.58,2024-03-07,714,N20,VIIRS,n,2,300.65,2.75,D,0
17.5698,80.903,351.63,0.34,0.56,2024-03-07,714,N20,VIIRS,n,2,297.19,4.36,D,0
17.61977,80.50716,345.59,0.36,0.58,2024-03-07,714,N20,VIIRS,n,2,303.05,4.61,D,0
17.64274,80.64705,337.56,0.36,0.57,2024-03-07,714,N20,VIIRS,n,2,302.1,3.58,D,0
17.69957,81.08479,346.3,0.33,0.55,2024-03-07,714,N20,VIIRS,n,2,301.52,6.65,D,0
17.10654,77.97719,332.68,0.55,0.68,2024-03-07,715,N20,VIIRS,n,2,300.96,3.58,D,0
17.21171,77.09105,338.98,0.62,0.72,2024-03-07,715,N20,VIIRS,n,2,308.25,1.7,D,0
17.46616,78.04308,331.62,0.53,0.67,2024-03-07,715,N20,VIIRS,l,2,302.52,1.26,D,0
17.478,78.00916,330.12,0.54,0.68,2024-03-07,715,N20,VIIRS,l,2,303.55,0.96,D,0
17.60679,77.37613,336.3,0.58,0.7,2024-03-07,715,N20,VIIRS,n,2,305.5,4.7,D,0
17.61291,79.83156,339.52,0.4,0.6,2024-03-07,715,N20,VIIRS,n,2,302.15,5.38,D,0
17.65984,77.15633,341.07,0.6,0.71,2024-03-07,715,N20,VIIRS,n,2,307.87,4.96,D,0
17.70252,80.1196,355.63,0.38,0.59,2024-03-07,715,N20,VIIRS,n,2,301.54,7.41,D,0
17.71641,77.4988,332.39,0.57,0.69,2024-03-07,715,N20,VIIRS,l,2,303.17,2.06,D,0
17.79742,80.2569,331.16,0.38,0.58,2024-03-07,715,N20,VIIRS,n,2,298.42,1.41,D,0
17.8113,77.14045,333.42,0.6,0.71,2024-03-07,715,N20,VIIRS,l,2,307.71,6.16,D,0
17.82455,80.07485,343.69,0.39,0.59,2024-03-07,715,N20,VIIRS,n,2,305.94,5.93,D,0
17.84953,80.08781,332.1,0.38,0.59,2024-03-07,715,N20,VIIRS,l,2,306.14,2.5,D,0
17.8516,80.23158,367.0,0.38,0.58,2024-03-07,715,N20,VIIRS,h,2,307.15,12.4,D,0
17.85237,80.23528,367.0,0.38,0.58,2024-03-07,715,N20,VIIRS,h,2,305.54,10.77,D,0
17.85841,80.23779,343.41,0.38,0.58,2024-03-07,715,N20,VIIRS,n,2,303.24,4.48,D,0
17.86287,80.23272,333.01,0.38,0.58,2024-03-07,715,N20,VIIRS,n,2,301.56,4.48,D,0
17.86615,80.27515,351.4,0.37,0.58,2024-03-07,715,N20,VIIRS,n,2,300.48,3.95,D,0
17.86682,80.2784,332.79,0.37,0.58,2024-03-07,715,N20,VIIRS,n,2,299.19,3.95,D,0
17.86818,79.16574,333.15,0.44,0.62,2024-03-07,715,N20,VIIRS,l,2,304.6,6.33,D,0
17.87815,79.99831,330.98,0.39,0.59,2024-03-07,715,N20,VIIRS,n,2,301.82,1.04,D,0
17.89262,80.29692,334.2,0.37,0.58,2024-03-07,715,N20,VIIRS,n,2,302.01,2.96,D,0
17.89854,80.29903,331.83,0.37,0.58,2024-03-07,715,N20,VIIRS,l,2,304.33,2.96,D,0
17.90534,80.25171,338.13,0.37,0.58,2024-03-07,715,N20,VIIRS,n,2,301.51,5.84,D,0
17.9101,80.16672,330.11,0.38,0.59,2024-03-07,715,N20,VIIRS,l,2,301.04,4.43,D,0
17.91339,80.16537,339.1,0.38,0.59,2024-03-07,715,N20,VIIRS,n,2,300.79,4.91,D,0
17.92749,78.42947,340.67,0.49,0.65,2024-03-07,715,N20,VIIRS,n,2,300.87,5.22,D,0
17.99519,77.71802,335.74,0.55,0.68,2024-03-07,715,N20,VIIRS,n,2,304.35,1.72,D,0
18.01035,80.23373,344.75,0.37,0.58,2024-03-07,715,N20,VIIRS,n,2,300.45,5.84,D,0
18.03834,80.18788,340.79,0.37,0.58,2024-03-07,715,N20,VIIRS,n,2,301.95,3.2,D,0
18.03946,80.18739,343.11,0.38,0.58,2024-03-07,715,N20,VIIRS,n,2,302.72,4.51,D,0
18.04013,80.03737,330.34,0.38,0.59,2024-03-07,715,N20,VIIRS,l,2,301.49,2.49,D,0
18.04087,80.0409,330.84,0.38,0.59,2024-03-07,715,N20,VIIRS,l,2,302.31,2.49,D,0
18.07645,80.21214,330.34,0.37,0.58,2024-03-07,715,N20,VIIRS,l,2,300.99,1.7,D,0
18.09291,80.21195,367.0,0.37,0.58,2024-03-07,715,N20,VIIRS,h,2,301.27,9.57,D,0
18.09852,80.18575,342.01,0.37,0.58,2024-03-07,715,N20,VIIRS,n,2,303.2,2.94,D,0
18.09922,80.18915,335.5,0.37,0.58,2024-03-07,715,N20,VIIRS,n,2,301.88,2.94,D,0
18.10397,80.21226,347.67,0.37,0.58,2024-03-07,715,N20,VIIRS,n,2,301.34,4.15,D,0
18.17477,80.31963,336.04,0.37,0.58,2024-03-07,715,N20,VIIRS,n,2,296.56,2.57,D,0
18.18866,80.04168,337.79,0.38,0.59,2024-03-07,715,N20,VIIRS,n,2,302.88,4.27,D,0
18.32683,79.60295,335.46,0.4,0.6,2024-03-07,715,N20,VIIRS,n,2,299.21,14.39,D,0
18.32707,80.66827,336.95,0.34,0.56,2024-03-07,715,N20,VIIRS,n,2,299.33,2.79,D,0
18.32761,79.60668,367.0,0.4,0.6,2024-03-07,715,N20,VIIRS,h,2,300.87,14.39,D,0
18.33273,80.67,337.5,0.34,0.56,2024-03-07,715,N20,VIIRS,n,2,299.66,2.79,D,0
18.33644,80.66201,335.72,0.34,0.56,2024-03-07,715,N20,VIIRS,n,2,298.7,4.05,D,0
18.33775,80.66853,334.5,0.34,0.56,2024-03-07,715,N20,VIIRS,n,2,299.0,6.96,D,0
18.339,80.66083,345.79,0.34,0.56,2024-03-07,715,N20,VIIRS,n,2,299.47,4.14,D,0
18.34546,80.66631,333.51,0.34,0.56,2024-03-07,715,N20,VIIRS,n,2,298.78,5.74,D,0
18.35419,80.60561,367.0,0.35,0.56,2024-03-07,715,N20,VIIRS,h,2,301.31,6.61,D,0
18.35496,80.60931,339.14,0.35,0.56,2024-03-07,715,N20,VIIRS,n,2,298.87,6.61,D,0
18.37432,80.6257,334.72,0.35,0.56,2024-03-07,715,N20,VIIRS,n,2,299.09,4.21,D,0
18.41477,78.08691,339.21,0.51,0.66,2024-03-07,715,N20,VIIRS,n,2,306.22,3.0,D,0
18.4545,80.62759,338.3,0.34,0.56,2024-03-07,715,N20,VIIRS,n,2,301.06,3.24,D,0
18.50915,80.57049,340.68,0.35,0.56,2024-03-07,715,N20,VIIRS,n,2,300.71,3.77,D,0
18.51164,77.39455,337.47,0.56,0.69,2024-03-07,715,N20,VIIRS,n,2,307.9,3.59,D,0
18.512,78.78378,332.57,0.45,0.63,2024-03-07,715,N20,VIIRS,n,2,299.05,1.74,D,0
18.5129,78.78795,330.44,0.45,0.63,2024-03-07,715,N20,VIIRS,l,2,301.42,1.74,D,0
18.53353,78.43629,336.62,0.48,0.64,2024-03-07,715,N20,VIIRS,n,2,299.51,3.36,D,0
18.53598,80.57145,330.24,0.35,0.56,2024-03-07,715,N20,VIIRS,l,2,302.66,2.72,D,0
18.53666,80.57483,338.72,0.35,0.56,2024-03-07,715,N20,VIIRS,n,2,303.11,2.72,D,0
18.53838,80.57053,330.9,0.35,0.56,2024-03-07,715,N20,VIIRS,l,2,302.15,4.79,D,0
18.54114,80.57059,336.15,0.35,0.56,2024-03-07,715,N20,VIIRS,n,2,299.55,2.72,D,0
18.55159,80.93462,330.51,0.33,0.55,2024-03-07,715,N20,VIIRS,l,2,301.35,2.05,D,0
18.56225,81.26382,342.92,0.62,0.54,2024-03-07,715,N20,VIIRS,n,2,301.68,6.81,D,0
18.56554,81.26516,332.08,0.62,0.54,2024-03-07,715,N20,VIIRS,n,2,301.06,4.69,D,0
18.61754,79.4581,333.37,0.41,0.6,2024-03-07,715,N20,VIIRS,n,2,299.27,2.81,D,0
18.61794,80.38411,331.23,0.35,0.57,2024-03-07,715,N20,VIIRS,n,2,299.61,2.96,D,0
18.63809,80.44939,367.0,0.35,0.57,2024-03-07,715,N20,VIIRS,h,2,299.87,7.73,D,0
18.64321,80.44823,339.66,0.35,0.57,2024-03-07,715,N20,VIIRS,n,2,299.84,4.24,D,0
18.65611,79.88371,337.84,0.38,0.59,2024-03-07,715,N20,VIIRS,n,2,301.02,3.24,D,0
18.65853,78.81911,341.06,0.45,0.63,2024-03-07,715,N20,VIIRS,n,2,301.04,5.38,D,0
18.67349,80.41306,339.42,0.35,0.57,2024-03-07,715,N20,VIIRS,n,2,298.45,2.84,D,0
18.68002,80.41872,339.01,0.35,0.57,2024-03-07,715,N20,VIIRS,n,2,300.34,10.36,D,0
18.68071,80.42207,354.82,0.35,0.57,2024-03-07,715,N20,VIIRS,n,2,303.18,12.27,D,0
18.68139,80.42542,339.51,0.35,0.57,2024-03-07,715,N20,VIIRS,n,2,298.67,12.27,D,0
18.68378,80.41088,347.12,0.35,0.57,2024-03-07,715,N20,VIIRS,n,2,301.07,8.84,D,0
18.68447,80.41427,367.0,0.35,0.57,2024-03-07,715,N20,VIIRS,h,2,302.57,10.36,D,0
18.68517,80.41768,367.0,0.35,0.57,2024-03-07,715,N20,VIIRS,h,2,300.55,10.36,D,0
18.73023,80.4812,355.73,0.35,0.57,2024-03-07,715,N20,VIIRS,n,2,303.08,10.94,D,0
18.73097,80.48486,367.0,0.35,0.57,2024-03-07,715,N20,VIIRS,h,2,301.5,11.86,D,0
18.78278,80.30909,330.14,0.36,0.57,2024-03-07,715,N20,VIIRS,n,2,298.69,3.85,D,0
18.83104,81.43655,339.98,0.6,0.53,2024-03-07,715,N20,VIIRS,n,2,305.01,11.8,D,0
18.83215,81.44202,339.6,0.6,0.53,2024-03-07,715,N20,VIIRS,n,2,300.35,11.8,D,0
18.83254,81.43825,352.81,0.6,0.53,2024-03-07,715,N20,VIIRS,n,2,304.22,18.61,D,0
18.83639,80.25095,332.66,0.36,0.57,2024-03-07,715,N20,VIIRS,n,2,299.44,3.48,D,0
18.83708,80.25426,336.26,0.36,0.57,2024-03-07,715,N20,VIIRS,n,2,299.4,3.48,D,0
18.83777,80.25757,335.34,0.36,0.57,2024-03-07,715,N20,VIIRS,n,2,299.74,4.71,D,0
18.83846,80.26089,350.13,0.36,0.57,2024-03-07,715,N20,VIIRS,n,2,298.48,4.71,D,0
18.84887,81.0395,331.68,0.64,0.54,2024-03-07,715,N20,VIIRS,n,2,301.28,5.6,D,0
18.90642,80.83995,332.99,0.33,0.55,2024-03-07,715,N20,VIIRS,n,2,301.14,2.03,D,0
18.90703,80.84301,331.13,0.33,0.55,2024-03-07,715,N20,VIIRS,n,2,301.15,2.1,D,0
18.96079,78.76182,350.58,0.45,0.63,2024-03-07,715,N20,VIIRS,n,2,301.68,5.64,D,0
19.06146,81.29805,331.99,0.61,0.53,2024-03-07,715,N20,VIIRS,l,2,305.58,2.47,D,0
19.07971,80.824,333.58,0.32,0.55,2024-03-07,715,N20,VIIRS,n,2,301.82,3.75,D,0
19.09427,79.60149,331.4,0.39,0.59,2024-03-07,715,N20,VIIRS,l,2,302.56,3.47,D,0
19.14485,80.68653,342.9,0.33,0.55,2024-03-07,715,N20,VIIRS,n,2,299.72,2.95,D,0
19.15874,78.79025,332.39,0.44,0.62,2024-03-07,715,N20,VIIRS,n,2,300.85,2.68,D,0
19.18393,78.75884,334.99,0.44,0.62,2024-03-07,715,N20,VIIRS,n,2,302.57,4.14,D,0
19.20931,78.54581,336.24,0.46,0.63,2024-03-07,715,N20,VIIRS,n,2,303.56,1.76,D,0
19.21001,78.543,330.41,0.45,0.63,2024-03-07,715,N20,VIIRS,l,2,304.4,2.2,D,0
19.2198,79.99853,330.11,0.37,0.58,2024-03-07,715,N20,VIIRS,l,2,302.06,2.8,D,0
19.22775,80.06221,333.11,0.36,0.58,2024-03-07,715,N20,VIIRS,n,2,301.28,3.79,D,0
19.22873,78.65461,336.0,0.45,0.63,2024-03-07,715,N20,VIIRS,n,2,302.92,2.57,D,0
19.27559,78.56939,335.69,0.45,0.63,2024-03-07,715,N20,VIIRS,n,2,303.02,3.49,D,0
19.28771,78.59776,335.5,0.45,0.63,2024-03-07,715,N20,VIIRS,n,2,303.47,3.38,D,0
19.28861,78.60193,339.91,0.45,0.63,2024-03-07,715,N20,VIIRS,n,2,302.48,3.38,D,0
19.29339,78.59648,344.52,0.45,0.63,2024-03-07,715,N20,VIIRS,n,2,304.61,3.38,D,0
19.2993,78.65126,332.15,0.45,0.63,2024-03-07,715,N20,VIIRS,n,2,302.09,6.61,D,0
19.30497,78.65005,367.0,0.45,0.63,2024-03-07,715,N20,VIIRS,h,2,304.68,6.61,D,0
19.30587,78.6542,332.51,0.45,0.63,2024-03-07,715,N20,VIIRS,n,2,302.76,5.84,D,0
19.31063,78.6488,367.0,0.45,0.63,2024-03-07,715,N20,VIIRS,h,2,305.31,14.06,D,0
19.31153,78.65298,338.84,0.45,0.63,2024-03-07,715,N20,VIIRS,n,2,302.7,6.6,D,0
19.31714,78.65147,337.19,0.45,0.63,2024-03-07,715,N20,VIIRS,n,2,303.85,6.6,D,0
19.3187,79.59397,334.35,0.39,0.59,2024-03-07,715,N20,VIIRS,l,2,305.23,5.89,D,0
19.47638,79.84486,330.68,0.37,0.58,2024-03-07,715,N20,VIIRS,l,2,301.47,2.21,D,0
19.47711,79.84827,334.23,0.37,0.58,2024-03-07,715,N20,VIIRS,n,2,301.06,2.21,D,0
19.47756,79.84802,336.46,0.37,0.58,2024-03-07,715,N20,VIIRS,n,2,301.36,4.48,D,0
19.48874,77.44788,367.0,0.53,0.67,2024-03-07,715,N20,VIIRS,h,2,310.22,10.56,D,0
19.48967,77.44993,367.0,0.53,0.67,2024-03-07,715,N20,VIIRS,h,2,309.65,12.49,D,0
19.50652,78.97808,336.41,0.42,0.61,2024-03-07,715,N20,VIIRS,n,2,304.48,2.13,D,0
19.53577,77.74392,334.94,0.5,0.66,2024-03-07,715,N20,VIIRS,n,2,307.06,3.33,D,0
19.53681,77.7486,332.11,0.5,0.66,2024-03-07,715,N20,VIIRS,l,2,305.07,3.33,D,0
19.59472,79.41799,333.8,0.39,0.59,2024-03-07,715,N20,VIIRS,l,2,304.9,3.33,D,0
19.61777,78.96202,339.25,0.42,0.61,2024-03-07,715,N20,VIIRS,n,2,306.96,2.31,D,0
19.61878,78.96159,342.61,0.42,0.61,2024-03-07,715,N20,VIIRS,n,2,307.43,2.88,D,0
19.76947,81.19004,332.53,0.6,0.53,2024-03-07,715,N20,VIIRS,n,2,303.23,4.12,D,0
19.82206,80.54245,355.48,0.33,0.55,2024-03-07,715,N20,VIIRS,n,2,303.65,5.63,D,0
19.83243,78.6796,330.14,0.43,0.62,2024-03-07,715,N20,VIIRS,l,2,303.73,2.17,D,0
19.83803,78.67838,332.86,0.43,0.62,2024-03-07,715,N20,VIIRS,l,2,306.91,2.91,D,0
19.90693,81.30872,341.1,0.58,0.52,2024-03-07,715,N20,VIIRS,n,2,307.43,7.94,D,0
19.90757,81.31066,340.63,0.58,0.52,2024-03-07,715,N20,VIIRS,n,2,305.09,8.13,D,0
19.93212,78.27691,332.58,0.46,0.63,2024-03-07,715,N20,VIIRS,l,2,307.01,1.74,D,0
19.93643,81.13364,336.74,0.6,0.53,2024-03-07,715,N20,VIIRS,n,2,304.66,6.31,D,0
15.54042,78.53412,332.39,0.69,0.75,2024-03-07,854,N20,VIIRS,n,2,299.87,4.16,D,0
15.66259,78.71442,347.59,0.72,0.75,2024-03-07,855,N20,VIIRS,n,2,300.03,16.5,D,0
15.80538,79.04494,341.86,0.76,0.77,2024-03-07,855,N20,VIIRS,n,2,297.41,11.21,D,0
15.80953,79.04533,340.26,0.76,0.77,2024-03-07,855,N20,VIIRS,n,2,295.18,15.28,D,0
15.9913,78.735,336.62,0.73,0.76,2024-03-07,855,N20,VIIRS,n,2,301.08,8.85,D,0
15.99259,78.73476,338.9,0.73,0.76,2024-03-07,855,N20,VIIRS,n,2,301.53,12.7,D,0
16.0112,78.96286,334.23,0.75,0.77,2024-03-07,855,N20,VIIRS,n,2,295.78,4.67,D,0
16.02579,77.0567,343.34,0.56,0.69,2024-03-07,855,N20,VIIRS,n,2,305.56,3.88,D,0
16.03215,77.05611,335.85,0.56,0.69,2024-03-07,855,N20,VIIRS,n,2,305.77,3.88,D,0
16.07399,78.78827,335.79,0.73,0.76,2024-03-07,855,N20,VIIRS,n,2,298.37,6.27,D,0
16.07863,78.76171,332.38,0.73,0.76,2024-03-07,855,N20,VIIRS,n,2,299.66,5.42,D,0
16.07918,78.76768,332.33,0.73,0.76,2024-03-07,855,N20,VIIRS,n,2,299.2,5.42,D,0
16.1064,78.77615,333.44,0.73,0.76,2024-03-07,855,N20,VIIRS,n,2,296.96,6.14,D,0
16.10849,78.77782,337.44,0.73,0.76,2024-03-07,855,N20,VIIRS,n,2,296.45,8.51,D,0
16.11631,77.03513,348.85,0.56,0.69,2024-03-07,855,N20,VIIRS,n,2,304.43,9.89,D,0
16.3953,77.47133,346.38,0.61,0.71,2024-03-07,855,N20,VIIRS,n,2,302.44,7.91,D,0
16.3962,77.47418,337.23,0.6,0.71,2024-03-07,855,N20,VIIRS,n,2,300.67,5.3,D,0
16.92303,77.27843,337.42,0.6,0.7,2024-03-07,855,N20,VIIRS,n,2,305.72,2.8,D,0
17.3616,77.26104,334.12,0.6,0.71,2024-03-07,855,N20,VIIRS,l,2,308.57,3.29,D,0
17.36167,77.26266,335.55,0.6,0.71,2024-03-07,855,N20,VIIRS,l,2,308.71,3.66,D,0
17.4422,77.28473,332.62,0.61,0.71,2024-03-07,855,N20,VIIRS,l,2,305.45,4.5,D,0
17.44309,77.28781,334.79,0.6,0.71,2024-03-07,855,N20,VIIRS,l,2,305.97,4.0,D,0
17.45233,77.97608,340.42,0.67,0.74,2024-03-07,855,N20,VIIRS,n,2,300.47,7.95,D,0
17.59568,77.23524,334.03,0.6,0.71,2024-03-07,855,N20,VIIRS,l,2,308.41,3.51,D,0
17.67171,77.13519,335.77,0.59,0.7,2024-03-07,855,N20,VIIRS,l,2,310.24,5.27,D,0
17.67208,77.1375,352.42,0.6,0.7,2024-03-07,855,N20,VIIRS,n,2,309.84,9.35,D,0
17.67224,77.14069,348.03,0.59,0.7,2024-03-07,855,N20,VIIRS,n,2,308.29,5.27,D,0
17.81088,77.14621,343.25,0.6,0.7,2024-03-07,855,N20,VIIRS,n,2,308.01,6.03,D,0
18.04282,77.61703,331.5,0.65,0.73,2024-03-07,855,N20,VIIRS,l,2,304.0,2.91,D,0
18.46627,78.50043,334.95,0.75,0.77,2024-03-07,855,N20,VIIRS,n,2,297.25,5.0,D,0
18.47066,78.49745,332.89,0.75,0.77,2024-03-07,855,N20,VIIRS,n,2,297.85,6.13,D,0
18.5953,78.53754,333.87,0.75,0.77,2024-03-07,855,N20,VIIRS,n,2,297.9,7.17,D,0
19.15557,77.34874,331.29,0.64,0.72,2024-03-07,856,N20,VIIRS,l,2,303.62,1.97,D,0
17.46933,80.40272,305.16,0.53,0.5,2024-03-07,1945,N20,VIIRS,n,2,291.68,0.46,N,0
17.76724,80.23885,308.47,0.55,0.51,2024-03-07,1945,N20,VIIRS,n,2,293.67,1.69,N,0
17.76955,80.23891,309.26,0.55,0.51,2024-03-07,1945,N20,VIIRS,n,2,294.15,2.24,N,0
17.77025,80.23323,306.97,0.55,0.51,2024-03-07,1945,N20,VIIRS,n,2,293.7,1.56,N,0
17.77258,80.2337,304.7,0.55,0.51,2024-03-07,1945,N20,VIIRS,n,2,293.62,1.69,N,0
18.03666,80.08997,306.37,0.56,0.52,2024-03-07,1945,N20,VIIRS,n,2,292.65,1.73,N,0
18.05353,80.15144,306.12,0.56,0.51,2024-03-07,1945,N20,VIIRS,n,2,293.56,1.1,N,0
18.08648,80.46112,306.68,0.53,0.5,2024-03-07,1945,N20,VIIRS,n,2,294.73,0.76,N,0
18.12047,79.95354,301.99,0.58,0.52,2024-03-07,1945,N20,VIIRS,n,2,287.63,0.98,N,0
18.27171,77.13273,300.62,0.45,0.63,2024-03-07,1945,N20,VIIRS,n,2,289.76,0.86,N,0
18.27849,77.18095,300.79,0.44,0.63,2024-03-07,1945,N20,VIIRS,n,2,290.54,1.09,N,0
18.60231,78.54221,302.25,0.36,0.58,2024-03-07,1945,N20,VIIRS,n,2,292.08,0.89,N,0
18.67662,79.5578,311.71,0.62,0.54,2024-03-07,1945,N20,VIIRS,n,2,293.6,1.47,N,0
18.68078,78.91198,305.4,0.34,0.56,2024-03-07,1945,N20,VIIRS,n,2,292.91,1.41,N,0
18.71441,79.40393,306.22,0.32,0.54,2024-03-07,1945,N20,VIIRS,n,2,295.01,0.53,N,0
18.73438,81.36826,302.74,0.47,0.48,2024-03-07,1945,N20,VIIRS,n,2,292.18,1.26,N,0
18.7459,80.26872,305.02,0.56,0.51,2024-03-07,1945,N20,VIIRS,n,2,288.95,1.84,N,0
18.84393,80.29324,311.61,0.56,0.51,2024-03-07,1945,N20,VIIRS,n,2,290.9,1.93,N,0
18.84516,80.29345,308.61,0.56,0.51,2024-03-07,1945,N20,VIIRS,n,2,290.9,2.73,N,0
19.105,77.44664,324.45,0.43,0.62,2024-03-07,1945,N20,VIIRS,n,2,289.39,1.83,N,0
19.19168,78.75972,304.0,0.36,0.57,2024-03-07,1945,N20,VIIRS,n,2,292.55,0.51,N,0
19.19203,78.75644,306.85,0.36,0.57,2024-03-07,1945,N20,VIIRS,n,2,292.75,0.51,N,0
19.20344,78.54942,311.97,0.37,0.58,2024-03-07,1945,N20,VIIRS,n,2,293.88,1.29,N,0
19.20856,78.7024,304.48,0.36,0.57,2024-03-07,1945,N20,VIIRS,n,2,294.04,1.08,N,0
19.21454,78.68882,310.99,0.36,0.57,2024-03-07,1945,N20,VIIRS,n,2,293.16,1.27,N,0
19.21533,78.68932,312.35,0.36,0.57,2024-03-07,1945,N20,VIIRS,n,2,293.08,1.29,N,0
19.21983,78.68948,307.07,0.36,0.57,2024-03-07,1945,N20,VIIRS,n,2,292.82,1.27,N,0
19.22062,78.68996,305.03,0.36,0.57,2024-03-07,1945,N20,VIIRS,n,2,292.25,1.29,N,0
19.24717,78.9376,305.45,0.35,0.57,2024-03-07,1945,N20,VIIRS,n,2,295.44,1.6,N,0
19.2483,78.92697,303.39,0.35,0.57,2024-03-07,1945,N20,VIIRS,n,2,293.34,0.96,N,0
19.24981,78.55329,306.21,0.37,0.58,2024-03-07,1945,N20,VIIRS,n,2,293.37,1.45,N,0
19.25017,78.54977,311.09,0.37,0.58,2024-03-07,1945,N20,VIIRS,n,2,293.46,2.52,N,0
19.25624,78.5433,306.42,0.37,0.58,2024-03-07,1945,N20,VIIRS,n,2,292.61,0.87,N,0
19.26092,78.5504,305.65,0.37,0.58,2024-03-07,1945,N20,VIIRS,n,2,292.04,0.74,N,0
19.26126,78.5471,310.41,0.37,0.58,2024-03-07,1945,N20,VIIRS,n,2,292.68,0.74,N,0
19.32945,78.567,303.42,0.37,0.58,2024-03-07,1945,N20,VIIRS,n,2,293.32,0.64,N,0
19.34977,78.72141,301.7,0.36,0.57,2024-03-07,1945,N20,VIIRS,n,2,290.9,0.38,N,0
19.44442,77.40367,297.9,0.44,0.62,2024-03-07,1945,N20,VIIRS,n,2,287.72,0.29,N,0
19.44472,79.17983,326.76,0.34,0.56,2024-03-07,1945,N20,VIIRS,n,2,293.27,2.64,N,0
19.44564,77.40293,298.36,0.44,0.62,2024-03-07,1945,N20,VIIRS,n,2,287.59,0.32,N,0
19.487,78.18874,300.15,0.39,0.59,2024-03-07,1945,N20,VIIRS,n,2,289.27,0.29,N,0
19.60503,79.2858,306.12,0.33,0.56,2024-03-07,1945,N20,VIIRS,n,2,293.36,0.98,N,0
19.60708,79.26629,304.76,0.33,0.56,2024-03-07,1945,N20,VIIRS,n,2,292.53,0.44,N,0
19.61074,79.23129,302.82,0.34,0.56,2024-03-07,1945,N20,VIIRS,n,2,291.76,0.23,N,0
19.6125,79.264,312.07,0.33,0.56,2024-03-07,1945,N20,VIIRS,n,2,293.23,0.79,N,0
19.7889,79.14689,313.29,0.34,0.56,2024-03-07,1945,N20,VIIRS,n,2,295.03,1.29,N,2
19.80319,78.8639,304.37,0.36,0.57,2024-03-07,1945,N20,VIIRS,n,2,291.78,0.7,N,0
19.8362,79.68911,302.32,0.63,0.54,2024-03-07,1945,N20,VIIRS,n,2,292.04,1.03,N,0
19.92521,79.11327,305.01,0.34,0.56,2024-03-07,1945,N20,VIIRS,n,2,294.28,0.84,N,0
19.96627,79.33377,315.68,0.33,0.56,2024-03-07,1945,N20,VIIRS,n,2,292.33,1.07,N,2
15.91838,77.36198,302.51,0.4,0.6,2024-03-07,1946,N20,VIIRS,n,2,289.65,0.59,N,2
15.96284,80.93876,311.03,0.46,0.47,2024-03-07,1946,N20,VIIRS,n,2,293.18,1.05,N,0
15.96408,80.93682,308.58,0.47,0.47,2024-03-07,1946,N20,VIIRS,n,2,293.12,0.83,N,0
15.96799,79.16708,306.08,0.61,0.53,2024-03-07,1946,N20,VIIRS,n,2,292.76,2.41,N,0
15.98528,79.16521,303.44,0.61,0.53,2024-03-07,1946,N20,VIIRS,n,2,291.55,1.66,N,0
15.98963,78.73588,306.68,0.33,0.55,2024-03-07,1946,N20,VIIRS,n,2,292.63,1.13,N,0
15.99024,79.16542,308.26,0.61,0.53,2024-03-07,1946,N20,VIIRS,n,2,292.22,1.66,N,0
16.00474,78.73834,311.26,0.33,0.55,2024-03-07,1946,N20,VIIRS,n,2,293.29,2.41,N,3
16.00735,78.96909,303.79,0.63,0.54,2024-03-07,1946,N20,VIIRS,n,2,291.44,1.22,N,0
16.00788,78.96998,303.64,0.63,0.54,2024-03-07,1946,N20,VIIRS,n,2,291.12,1.33,N,0
16.07808,78.76024,305.82,0.33,0.55,2024-03-07,1946,N20,VIIRS,n,2,293.4,1.13,N,0
16.09683,78.73186,304.92,0.33,0.55,2024-03-07,1946,N20,VIIRS,n,2,292.9,1.15,N,0
16.12303,78.7706,326.01,0.33,0.55,2024-03-07,1946,N20,VIIRS,n,2,291.35,1.62,N,0
16.12751,78.76894,329.67,0.33,0.55,2024-03-07,1946,N20,VIIRS,n,2,292.39,2.69,N,0
16.12816,78.77058,315.49,0.33,0.55,2024-03-07,1946,N20,VIIRS,n,2,292.78,1.62,N,0
16.9959,77.2223,308.48,0.42,0.61,2024-03-07,1946,N20,VIIRS,n,2,291.39,1.02,N,0
17.00156,77.22291,325.9,0.42,0.61,2024-03-07,1946,N20,VIIRS,n,2,292.58,3.28,N,0
17.14657,78.22298,313.35,0.37,0.58,2024-03-07,1946,N20,VIIRS,n,2,291.78,1.47,N,2
17.14744,78.22696,301.84,0.36,0.58,2024-03-07,1946,N20,VIIRS,n,2,291.1,0.79,N,0
17.14783,78.22355,313.55,0.36,0.58,2024-03-07,1946,N20,VIIRS,n,2,291.65,1.47,N,2
17.33349,77.341,303.14,0.42,0.61,2024-03-07,1946,N20,VIIRS,n,2,290.51,1.27,N,0
17.33389,77.33704,318.92,0.42,0.61,2024-03-07,1946,N20,VIIRS,n,2,291.05,1.82,N,0
17.33612,77.33779,321.97,0.42,0.61,2024-03-07,1946,N20,VIIRS,n,2,290.93,2.09,N,0
17.45362,78.20123,303.27,0.37,0.58,2024-03-07,1946,N20,VIIRS,n,2,288.39,0.5,N,0
17.65392,77.39829,300.42,0.42,0.61,2024-03-07,1946,N20,VIIRS,n,2,289.33,0.38,N,0
18.3507,80.70327,337.6,0.7,0.75,2024-03-08,656,N20,VIIRS,n,2,294.52,5.07,D,0
18.35382,80.62502,350.91,0.71,0.75,2024-03-08,656,N20,VIIRS,n,2,296.06,13.33,D,0
18.35487,80.6235,367.0,0.71,0.75,2024-03-08,656,N20,VIIRS,h,2,297.14,13.37,D,0
18.44666,80.52849,331.62,0.71,0.75,2024-03-08,656,N20,VIIRS,n,2,298.21,8.94,D,0
18.44831,80.53557,367.0,0.71,0.75,2024-03-08,656,N20,VIIRS,h,2,298.29,8.94,D,0
18.44894,80.53225,367.0,0.71,0.75,2024-03-08,656,N20,VIIRS,h,2,299.13,23.59,D,0
18.45517,80.53436,332.84,0.71,0.75,2024-03-08,656,N20,VIIRS,n,2,297.84,8.94,D,0
18.45745,80.53791,331.11,0.71,0.75,2024-03-08,656,N20,VIIRS,n,2,298.09,4.05,D,0
18.46484,80.63743,338.84,0.7,0.75,2024-03-08,656,N20,VIIRS,n,2,294.64,4.72,D,0
18.46606,80.63371,337.06,0.7,0.75,2024-03-08,656,N20,VIIRS,n,2,295.08,7.53,D,0
18.68128,80.47634,332.85,0.71,0.75,2024-03-08,656,N20,VIIRS,n,2,298.37,5.22,D,0
18.68138,80.48351,336.65,0.71,0.75,2024-03-08,656,N20,VIIRS,n,2,296.91,7.95,D,0
18.6829,80.48314,332.55,0.71,0.75,2024-03-08,656,N20,VIIRS,n,2,297.04,5.22,D,0
18.68636,80.47417,337.27,0.71,0.75,2024-03-08,656,N20,VIIRS,n,2,298.47,16.66,D,0
18.68779,80.48038,334.65,0.71,0.75,2024-03-08,656,N20,VIIRS,n,2,297.58,7.95,D,0
18.68786,80.47398,331.84,0.71,0.75,2024-03-08,656,N20,VIIRS,n,2,298.05,5.31,D,0
18.68931,80.48009,335.18,0.71,0.75,2024-03-08,656,N20,VIIRS,n,2,297.65,5.31,D,0
18.85468,80.23505,343.28,0.73,0.76,2024-03-08,656,N20,VIIRS,n,2,297.42,17.21,D,0
18.85527,80.23578,342.26,0.73,0.76,2024-03-08,656,N20,VIIRS,n,2,297.66,13.18,D,0
18.86003,80.22701,340.75,0.73,0.76,2024-03-08,656,N20,VIIRS,n,2,296.9,12.88,D,0
18.86057,80.22776,338.91,0.73,0.76,2024-03-08,656,N20,VIIRS,n,2,297.17,11.35,D,0
19.86013,80.57089,334.95,0.66,0.73,2024-03-08,656,N20,VIIRS,n,2,299.67,5.45,D,0
15.51681,78.48298,367.0,0.33,0.55,2024-03-08,836,N20,VIIRS,h,2,307.74,8.63,D,0
15.537,78.94851,337.23,0.36,0.57,2024-03-08,836,N20,VIIRS,n,2,302.02,2.89,D,0
15.53732,78.95013,339.5,0.36,0.57,2024-03-08,836,N20,VIIRS,n,2,302.27,2.49,D,0
15.60271,79.81726,333.51,0.41,0.6,2024-03-08,836,N20,VIIRS,n,2,300.5,2.8,D,0
15.60808,79.05894,333.99,0.36,0.58,2024-03-08,836,N20,VIIRS,n,2,303.1,2.63,D,0
15.60839,79.06177,331.79,0.36,0.58,2024-03-08,836,N20,VIIRS,l,2,302.38,2.55,D,0
15.63068,78.70197,336.22,0.34,0.56,2024-03-08,836,N20,VIIRS,n,2,304.2,2.81,D,0
15.63254,78.7028,345.09,0.34,0.56,2024-03-08,836,N20,VIIRS,n,2,303.93,3.35,D,0
15.63783,78.70317,331.32,0.34,0.56,2024-03-08,836,N20,VIIRS,l,2,303.81,1.84,D,0
15.64467,77.95034,338.88,0.61,0.54,2024-03-08,836,N20,VIIRS,l,2,312.15,13.58,D,0
15.64733,77.94675,345.25,0.61,0.53,2024-03-08,836,N20,VIIRS,n,2,312.44,14.04,D,0
15.6552,78.71767,332.24,0.34,0.56,2024-03-08,836,N20,VIIRS,l,2,303.19,2.31,D,0
15.67188,78.72565,344.82,0.35,0.56,2024-03-08,836,N20,VIIRS,n,2,305.86,2.93,D,0
15.67222,78.72864,331.67,0.35,0.56,2024-03-08,836,N20,VIIRS,l,2,302.7,2.93,D,0
15.68218,78.72368,334.76,0.35,0.56,2024-03-08,836,N20,VIIRS,n,2,303.37,3.02,D,0
15.73369,78.71417,349.75,0.34,0.56,2024-03-08,836,N20,VIIRS,n,2,305.74,5.87,D,0
15.73438,78.72002,335.11,0.35,0.56,2024-03-08,836,N20,VIIRS,n,2,304.34,2.03,D,0
15.73474,78.72308,330.88,0.35,0.56,2024-03-08,836,N20,VIIRS,n,2,302.63,2.03,D,0
15.73482,78.71236,336.74,0.35,0.56,2024-03-08,836,N20,VIIRS,n,2,304.94,2.25,D,0
15.73514,78.71526,332.98,0.35,0.56,2024-03-08,836,N20,VIIRS,l,2,303.81,2.25,D,0
15.73578,78.72106,341.8,0.35,0.56,2024-03-08,836,N20,VIIRS,n,2,303.18,3.83,D,0
15.88667,78.50906,341.4,0.34,0.56,2024-03-08,836,N20,VIIRS,n,2,310.83,3.99,D,0
15.90059,78.53941,346.01,0.34,0.56,2024-03-08,836,N20,VIIRS,n,2,313.7,6.59,D,0
15.95312,78.07481,341.41,0.63,0.54,2024-03-08,836,N20,VIIRS,l,2,315.29,12.11,D,0
15.97881,78.07811,338.42,0.63,0.54,2024-03-08,836,N20,VIIRS,l,2,311.89,10.88,D,0
15.9793,78.07664,337.7,0.63,0.54,2024-03-08,836,N20,VIIRS,l,2,312.3,10.03,D,0
15.98451,79.73126,331.54,0.41,0.6,2024-03-08,836,N20,VIIRS,n,2,299.87,2.01,D,0
15.98489,79.15459,333.41,0.37,0.58,2024-03-08,836,N20,VIIRS,n,2,301.47,2.97,D,0
15.98525,79.158,331.08,0.37,0.58,2024-03-08,836,N20,VIIRS,l,2,302.35,4.77,D,0
15.98727,79.15524,338.64,0.37,0.58,2024-03-08,836,N20,VIIRS,n,2,302.32,2.4,D,0
15.98884,78.74829,342.81,0.35,0.57,2024-03-08,836,N20,VIIRS,n,2,304.77,3.4,D,0
15.99018,79.15334,336.74,0.37,0.58,2024-03-08,836,N20,VIIRS,n,2,300.99,2.97,D,0
15.99218,79.15074,333.73,0.37,0.58,2024-03-08,836,N20,VIIRS,n,2,300.42,2.4,D,0
15.99263,79.15464,335.84,0.37,0.58,2024-03-08,836,N20,VIIRS,n,2,299.19,2.4,D,0
15.99347,78.7424,336.71,0.35,0.57,2024-03-08,836,N20,VIIRS,n,2,304.94,2.84,D,0
15.99389,78.74608,332.4,0.35,0.57,2024-03-08,836,N20,VIIRS,l,2,303.27,2.04,D,0
16.00217,78.7257,352.22,0.35,0.57,2024-03-08,836,N20,VIIRS,n,2,307.12,3.81,D,0
16.00256,78.72919,332.18,0.35,0.57,2024-03-08,836,N20,VIIRS,l,2,305.81,3.81,D,0
16.0241,78.52934,334.73,0.34,0.56,2024-03-08,836,N20,VIIRS,l,2,306.2,3.55,D,0
16.02696,78.53002,336.25,0.34,0.56,2024-03-08,836,N20,VIIRS,n,2,306.04,2.47,D,0
16.05892,78.56097,336.69,0.34,0.56,2024-03-08,836,N20,VIIRS,n,2,304.1,5.39,D,0
16.07876,77.79044,340.4,0.6,0.53,2024-03-08,836,N20,VIIRS,n,2,310.21,9.79,D,0
16.10013,77.93389,345.43,0.62,0.54,2024-03-08,836,N20,VIIRS,n,2,311.78,9.75,D,0
16.12081,77.06557,344.69,0.54,0.51,2024-03-08,836,N20,VIIRS,l,2,318.9,13.0,D,0
16.17711,78.11932,337.43,0.32,0.54,2024-03-08,836,N20,VIIRS,l,2,310.22,4.39,D,0
16.22501,78.53247,335.58,0.34,0.56,2024-03-08,836,N20,VIIRS,l,2,309.53,3.15,D,0
16.22945,78.52561,340.61,0.34,0.56,2024-03-08,836,N20,VIIRS,n,2,310.45,2.96,D,0
16.29067,78.53928,355.59,0.34,0.56,2024-03-08,836,N20,VIIRS,n,2,309.58,6.0,D,0
16.36489,77.07686,341.53,0.55,0.51,2024-03-08,836,N20,VIIRS,l,2,313.42,9.22,D,0
16.44079,80.83169,330.12,0.49,0.65,2024-03-08,836,N20,VIIRS,n,2,298.31,3.43,D,0
16.49136,80.40841,332.59,0.46,0.63,2024-03-08,836,N20,VIIRS,n,2,300.86,3.07,D,0
16.83394,77.42117,343.45,0.58,0.52,2024-03-08,836,N20,VIIRS,n,2,312.83,14.42,D,0
16.95901,77.32674,340.13,0.58,0.52,2024-03-08,836,N20,VIIRS,l,2,314.27,4.81,D,0
17.09753,80.00793,348.16,0.44,0.62,2024-03-08,836,N20,VIIRS,n,2,296.41,4.31,D,0
17.16157,79.99679,338.88,0.44,0.62,2024-03-08,836,N20,VIIRS,n,2,293.18,3.3,D,0
17.20102,77.14846,348.7,0.57,0.52,2024-03-08,836,N20,VIIRS,n,2,320.44,11.97,D,0
17.26111,77.90376,350.16,0.32,0.54,2024-03-08,836,N20,VIIRS,n,2,316.01,6.34,D,0
17.28454,78.28577,339.14,0.34,0.56,2024-03-08,836,N20,VIIRS,n,2,311.64,1.81,D,0
17.30424,77.33071,344.85,0.59,0.52,2024-03-08,836,N20,VIIRS,l,2,317.43,16.44,D,0
17.34763,77.5414,344.95,0.6,0.53,2024-03-08,836,N20,VIIRS,l,2,316.47,10.2,D,0
17.49405,77.80499,350.71,0.63,0.54,2024-03-08,836,N20,VIIRS,n,2,316.4,20.6,D,0
17.49471,77.81087,339.81,0.63,0.54,2024-03-08,836,N20,VIIRS,l,2,314.18,20.6,D,0
17.4997,77.81025,346.06,0.63,0.54,2024-03-08,836,N20,VIIRS,n,2,315.19,12.8,D,0
17.55166,77.86781,341.91,0.32,0.55,2024-03-08,836,N20,VIIRS,l,2,314.91,5.11,D,0
17.55182,77.86697,342.6,0.32,0.55,2024-03-08,836,N20,VIIRS,l,2,313.62,4.4,D,0
17.63564,78.95799,334.92,0.38,0.59,2024-03-08,836,N20,VIIRS,n,2,299.6,1.48,D,0
17.64742,78.52461,343.37,0.35,0.57,2024-03-08,836,N20,VIIRS,n,2,311.21,13.04,D,0
17.64777,78.52796,367.0,0.36,0.57,2024-03-08,836,N20,VIIRS,h,2,309.82,18.0,D,0
17.68727,78.59862,333.32,0.36,0.57,2024-03-08,836,N20,VIIRS,l,2,307.63,2.52,D,0
17.69369,80.08434,334.76,0.45,0.63,2024-03-08,836,N20,VIIRS,n,2,299.81,5.31,D,0
17.69399,80.08543,334.22,0.45,0.63,2024-03-08,836,N20,VIIRS,n,2,299.05,5.81,D,0
17.74779,77.47713,340.89,0.61,0.53,2024-03-08,836,N20,VIIRS,l,2,315.27,5.95,D,0
17.77327,77.17924,340.63,0.58,0.52,2024-03-08,836,N20,VIIRS,n,2,314.38,5.6,D,0
17.79663,77.1705,342.95,0.58,0.52,2024-03-08,836,N20,VIIRS,n,2,316.23,7.41,D,0
17.80995,78.35629,351.99,0.35,0.57,2024-03-08,836,N20,VIIRS,n,2,309.9,7.43,D,0
17.81158,80.27034,342.69,0.47,0.64,2024-03-08,836,N20,VIIRS,n,2,297.01,4.93,D,0
17.813,80.26978,352.88,0.47,0.64,2024-03-08,836,N20,VIIRS,n,2,297.85,8.68,D,0
17.84865,78.41425,332.54,0.35,0.57,2024-03-08,836,N20,VIIRS,l,2,306.42,2.33,D,0
17.85096,80.01003,367.0,0.45,0.63,2024-03-08,836,N20,VIIRS,h,2,302.86,8.32,D,0
17.85133,80.0137,331.02,0.45,0.63,2024-03-08,836,N20,VIIRS,n,2,301.04,4.73,D,0
17.86152,78.38603,335.41,0.35,0.57,2024-03-08,836,N20,VIIRS,l,2,306.83,2.75,D,0
17.87487,80.07196,330.18,0.45,0.63,2024-03-08,836,N20,VIIRS,l,2,301.06,2.55,D,0
17.95181,78.4328,344.42,0.35,0.57,2024-03-08,836,N20,VIIRS,n,2,309.04,4.42,D,0
18.01366,78.08384,339.22,0.33,0.56,2024-03-08,836,N20,VIIRS,n,2,311.29,3.61,D,0
18.04157,78.47858,337.99,0.36,0.57,2024-03-08,836,N20,VIIRS,n,2,306.49,2.62,D,0
18.04197,78.48015,337.38,0.36,0.57,2024-03-08,836,N20,VIIRS,n,2,306.36,2.19,D,0
18.08047,77.49819,351.84,0.61,0.54,2024-03-08,836,N20,VIIRS,n,2,314.82,20.18,D,0
18.10248,80.05387,330.14,0.45,0.63,2024-03-08,836,N20,VIIRS,l,2,302.61,4.08,D,0
18.10657,80.03659,330.09,0.45,0.63,2024-03-08,836,N20,VIIRS,l,2,304.87,4.78,D,0
18.10686,80.03922,340.9,0.45,0.63,2024-03-08,836,N20,VIIRS,n,2,305.07,4.3,D,0
18.10697,80.04073,350.15,0.45,0.63,2024-03-08,836,N20,VIIRS,n,2,305.1,7.74,D,0
18.1073,80.04348,340.75,0.45,0.63,2024-03-08,836,N20,VIIRS,n,2,303.5,4.3,D,0
18.11198,80.03165,330.37,0.45,0.63,2024-03-08,836,N20,VIIRS,l,2,304.93,3.32,D,0
18.11279,80.04008,335.21,0.45,0.63,2024-03-08,836,N20,VIIRS,n,2,303.75,4.06,D,0
18.11414,79.81345,333.02,0.44,0.62,2024-03-08,836,N20,VIIRS,l,2,303.2,2.93,D,0
18.19825,78.15413,331.53,0.34,0.56,2024-03-08,836,N20,VIIRS,l,2,306.44,4.19,D,0
18.22675,78.22274,338.5,0.34,0.56,2024-03-08,836,N20,VIIRS,n,2,310.43,1.54,D,0
18.22807,78.22246,338.8,0.34,0.56,2024-03-08,836,N20,VIIRS,l,2,310.96,2.68,D,0
18.25324,78.01514,367.0,0.33,0.56,2024-03-08,836,N20,VIIRS,h,2,310.78,6.67,D,0
18.29474,78.15874,340.51,0.34,0.56,2024-03-08,836,N20,VIIRS,n,2,309.81,6.01,D,0
18.34242,80.7065,342.53,0.5,0.66,2024-03-08,836,N20,VIIRS,n,2,301.39,6.64,D,0
18.34534,80.60954,333.46,0.5,0.66,2024-03-08,836,N20,VIIRS,n,2,303.94,5.54,D,0
18.34579,80.61412,335.58,0.5,0.66,2024-03-08,836,N20,VIIRS,n,2,301.95,7.55,D,0
18.35419,80.70102,341.54,0.5,0.66,2024-03-08,836,N20,VIIRS,n,2,303.09,10.32,D,0
18.35443,80.62304,330.37,0.5,0.66,2024-03-08,836,N20,VIIRS,l,2,302.25,3.67,D,0
18.36027,80.70029,367.0,0.5,0.66,2024-03-08,836,N20,VIIRS,h,2,302.73,10.32,D,0
18.36071,80.70488,332.04,0.5,0.66,2024-03-08,836,N20,VIIRS,n,2,300.37,12.79,D,0
18.3612,80.69805,337.46,0.5,0.66,2024-03-08,836,N20,VIIRS,n,2,300.95,4.58,D,0
18.36162,80.70268,340.62,0.51,0.66,2024-03-08,836,N20,VIIRS,n,2,300.9,4.58,D,0
18.36364,80.67177,333.43,0.5,0.66,2024-03-08,836,N20,VIIRS,n,2,302.86,5.6,D,0
18.36477,80.6696,334.76,0.5,0.66,2024-03-08,836,N20,VIIRS,n,2,302.83,4.02,D,0
18.36518,80.6741,336.38,0.5,0.66,2024-03-08,836,N20,VIIRS,n,2,302.49,4.02,D,0
18.39429,77.95016,348.69,0.33,0.55,2024-03-08,836,N20,VIIRS,n,2,309.38,5.16,D,0
18.4175,80.57816,335.12,0.5,0.65,2024-03-08,836,N20,VIIRS,n,2,302.6,4.79,D,0
18.42833,80.69268,333.3,0.51,0.66,2024-03-08,836,N20,VIIRS,n,2,299.6,4.55,D,0
18.43092,77.92525,344.58,0.33,0.55,2024-03-08,836,N20,VIIRS,n,2,308.82,5.83,D,0
18.43435,80.69141,335.91,0.51,0.66,2024-03-08,836,N20,VIIRS,n,2,299.54,6.12,D,0
18.43471,80.69514,334.42,0.51,0.66,2024-03-08,836,N20,VIIRS,n,2,297.06,5.22,D,0
18.44943,80.52963,344.19,0.49,0.65,2024-03-08,836,N20,VIIRS,n,2,303.21,8.38,D,0
18.44987,80.53416,351.14,0.49,0.65,2024-03-08,836,N20,VIIRS,n,2,302.54,8.38,D,0
18.45159,80.53229,367.0,0.49,0.65,2024-03-08,836,N20,VIIRS,h,2,303.89,13.71,D,0
18.45242,80.54136,330.32,0.49,0.65,2024-03-08,836,N20,VIIRS,l,2,303.7,8.43,D,0
18.45299,78.03635,338.11,0.34,0.56,2024-03-08,836,N20,VIIRS,l,2,311.89,2.78,D,0
18.45441,78.45426,344.65,0.36,0.57,2024-03-08,836,N20,VIIRS,n,2,308.01,2.9,D,0
18.46167,80.6439,335.43,0.5,0.66,2024-03-08,836,N20,VIIRS,n,2,302.09,8.6,D,0
18.46607,80.62478,330.24,0.5,0.66,2024-03-08,836,N20,VIIRS,l,2,303.65,4.72,D,0
18.46674,80.64476,367.0,0.5,0.66,2024-03-08,836,N20,VIIRS,h,2,304.28,12.62,D,0
18.46775,80.6433,346.18,0.5,0.66,2024-03-08,836,N20,VIIRS,n,2,303.13,8.6,D,0
18.46813,80.6475,340.47,0.5,0.66,2024-03-08,836,N20,VIIRS,n,2,300.33,8.89,D,0
18.4688,78.44435,338.42,0.36,0.57,2024-03-08,836,N20,VIIRS,n,2,309.57,4.26,D,0
18.48189,78.21157,336.19,0.35,0.56,2024-03-08,836,N20,VIIRS,n,2,306.12,2.64,D,0
18.51892,80.53542,342.14,0.49,0.65,2024-03-08,836,N20,VIIRS,n,2,304.41,7.13,D,0
18.52984,77.97827,337.68,0.33,0.56,2024-03-08,836,N20,VIIRS,l,2,310.6,6.23,D,0
18.5326,77.97703,340.36,0.33,0.56,2024-03-08,836,N20,VIIRS,l,2,311.67,4.94,D,0
18.54087,78.51952,342.75,0.36,0.58,2024-03-08,836,N20,VIIRS,n,2,310.09,5.54,D,0
18.54124,78.52311,341.06,0.36,0.58,2024-03-08,836,N20,VIIRS,n,2,307.87,4.38,D,0
18.55321,78.4839,344.54,0.36,0.58,2024-03-08,836,N20,VIIRS,n,2,308.91,4.46,D,0
18.55886,78.24091,355.95,0.35,0.57,2024-03-08,836,N20,VIIRS,n,2,309.73,8.41,D,0
18.55923,78.2443,351.34,0.35,0.57,2024-03-08,836,N20,VIIRS,n,2,308.51,8.41,D,0
18.55974,78.24007,354.42,0.35,0.57,2024-03-08,836,N20,VIIRS,n,2,309.43,8.06,D,0
18.56009,78.24347,367.0,0.35,0.57,2024-03-08,836,N20,VIIRS,h,2,308.91,8.06,D,0
18.56106,78.05037,336.65,0.34,0.56,2024-03-08,836,N20,VIIRS,l,2,309.41,1.89,D,0
18.56624,78.05002,334.91,0.34,0.56,2024-03-08,836,N20,VIIRS,l,2,308.84,1.89,D,0
18.56657,78.05323,343.64,0.34,0.56,2024-03-08,836,N20,VIIRS,n,2,307.87,3.99,D,0
18.57176,78.05299,348.73,0.34,0.56,2024-03-08,836,N20,VIIRS,n,2,307.96,2.97,D,0
18.5766,78.04945,338.45,0.34,0.56,2024-03-08,836,N20,VIIRS,l,2,308.94,5.2,D,0
18.57695,78.05274,339.2,0.34,0.56,2024-03-08,836,N20,VIIRS,n,2,306.33,2.97,D,0
18.57829,78.56773,337.32,0.37,0.58,2024-03-08,836,N20,VIIRS,l,2,308.19,5.65,D,0
18.59103,78.54781,339.36,0.37,0.58,2024-03-08,836,N20,VIIRS,n,2,308.49,3.8,D,0
18.59235,78.54812,347.9,0.37,0.58,2024-03-08,836,N20,VIIRS,n,2,309.65,3.95,D,0
18.59638,78.54747,344.17,0.37,0.58,2024-03-08,836,N20,VIIRS,n,2,309.49,3.8,D,0
18.5977,78.54781,335.48,0.37,0.58,2024-03-08,836,N20,VIIRS,l,2,308.17,3.95,D,0
18.63191,78.03039,337.62,0.34,0.56,2024-03-08,836,N20,VIIRS,l,2,307.7,3.17,D,0
18.63704,78.02972,344.26,0.34,0.56,2024-03-08,836,N20,VIIRS,n,2,309.46,3.17,D,0
18.63899,78.02761,344.45,0.34,0.56,2024-03-08,836,N20,VIIRS,n,2,309.68,4.65,D,0
18.63933,78.03092,334.49,0.34,0.56,2024-03-08,836,N20,VIIRS,l,2,308.37,4.27,D,0
18.64221,78.02923,335.37,0.34,0.56,2024-03-08,836,N20,VIIRS,l,2,308.86,1.76,D,0
18.64842,80.4658,342.62,0.49,0.65,2024-03-08,836,N20,VIIRS,n,2,302.29,2.8,D,0
18.66197,78.81829,336.2,0.38,0.59,2024-03-08,836,N20,VIIRS,l,2,310.1,6.12,D,0
18.67498,80.4267,335.23,0.49,0.65,2024-03-08,836,N20,VIIRS,n,2,304.02,5.37,D,0
18.67559,79.55341,332.74,0.43,0.62,2024-03-08,836,N20,VIIRS,l,2,305.43,3.78,D,0
18.67739,80.42717,331.71,0.49,0.65,2024-03-08,836,N20,VIIRS,l,2,303.42,5.14,D,0
18.71691,79.53804,332.44,0.43,0.62,2024-03-08,836,N20,VIIRS,l,2,304.03,5.5,D,2
18.71966,78.19745,342.24,0.35,0.57,2024-03-08,836,N20,VIIRS,n,2,304.82,3.22,D,0
18.72453,78.19366,337.87,0.35,0.57,2024-03-08,836,N20,VIIRS,n,2,309.04,5.19,D,0
18.72488,78.19694,367.0,0.35,0.57,2024-03-08,836,N20,VIIRS,h,2,308.53,5.19,D,0
18.73226,80.36636,332.3,0.48,0.65,2024-03-08,836,N20,VIIRS,l,2,303.74,2.92,D,0
18.76259,79.36559,332.71,0.42,0.61,2024-03-08,836,N20,VIIRS,l,2,305.07,4.01,D,0
18.82683,80.24961,335.18,0.48,0.64,2024-03-08,836,N20,VIIRS,n,2,302.08,5.23,D,0
18.83279,80.24908,337.17,0.48,0.64,2024-03-08,836,N20,VIIRS,n,2,301.17,5.23,D,0
18.83921,80.25333,342.65,0.48,0.64,2024-03-08,836,N20,VIIRS,n,2,300.88,5.9,D,0
18.85235,80.22954,330.06,0.48,0.64,2024-03-08,836,N20,VIIRS,l,2,301.16,5.69,D,0
18.85278,80.23427,334.53,0.48,0.64,2024-03-08,836,N20,VIIRS,n,2,299.28,6.17,D,0
18.85483,80.22857,330.11,0.48,0.64,2024-03-08,836,N20,VIIRS,l,2,300.68,6.93,D,0
18.85829,80.22882,346.87,0.48,0.64,2024-03-08,836,N20,VIIRS,n,2,300.22,19.35,D,0
18.85872,80.23354,350.73,0.48,0.64,2024-03-08,836,N20,VIIRS,n,2,298.82,11.29,D,0
18.85914,80.23819,338.12,0.48,0.64,2024-03-08,836,N20,VIIRS,n,2,297.95,11.29,D,0
18.85956,80.24276,337.21,0.48,0.64,2024-03-08,836,N20,VIIRS,n,2,296.54,6.59,D,0
18.86078,80.22796,335.37,0.48,0.64,2024-03-08,836,N20,VIIRS,n,2,297.48,12.82,D,0
18.86124,80.2327,353.36,0.48,0.64,2024-03-08,836,N20,VIIRS,n,2,302.1,23.61,D,0
18.8617,80.23736,367.0,0.48,0.64,2024-03-08,836,N20,VIIRS,h,2,299.25,23.61,D,0
18.86215,80.24194,346.25,0.48,0.64,2024-03-08,836,N20,VIIRS,n,2,297.0,9.73,D,0
18.86467,80.23293,352.67,0.48,0.64,2024-03-08,836,N20,VIIRS,n,2,300.89,11.29,D,0
18.8651,80.23754,348.73,0.48,0.64,2024-03-08,836,N20,VIIRS,n,2,295.89,11.29,D,0
18.892,81.29173,343.38,0.56,0.69,2024-03-08,836,N20,VIIRS,n,2,298.95,5.85,D,0
18.87799,78.58817,335.05,0.37,0.58,2024-03-08,837,N20,VIIRS,l,2,306.65,3.48,D,0
18.96485,78.82735,330.87,0.39,0.59,2024-03-08,837,N20,VIIRS,l,2,301.07,2.34,D,0
19.01552,77.26431,344.71,0.61,0.53,2024-03-08,837,N20,VIIRS,n,2,312.88,4.47,D,0
19.08831,77.27272,341.66,0.61,0.54,2024-03-08,837,N20,VIIRS,n,2,308.84,3.68,D,0
19.11641,78.52382,335.79,0.37,0.58,2024-03-08,837,N20,VIIRS,l,2,307.98,3.18,D,0
19.13054,79.98793,336.42,0.46,0.64,2024-03-08,837,N20,VIIRS,n,2,304.32,4.59,D,0
19.13061,78.71004,330.15,0.38,0.59,2024-03-08,837,N20,VIIRS,l,2,304.18,4.68,D,0
19.13094,79.9921,337.28,0.46,0.64,2024-03-08,837,N20,VIIRS,n,2,305.26,4.59,D,0
19.13135,79.9963,330.98,0.46,0.64,2024-03-08,837,N20,VIIRS,l,2,305.42,7.81,D,0
19.13251,78.70873,338.15,0.38,0.59,2024-03-08,837,N20,VIIRS,n,2,304.08,4.98,D,0
19.14495,77.47619,342.43,0.63,0.54,2024-03-08,837,N20,VIIRS,n,2,309.9,11.54,D,0
19.16316,78.79712,337.3,0.39,0.59,2024-03-08,837,N20,VIIRS,n,2,303.46,4.14,D,0
19.16788,78.78916,354.29,0.39,0.59,2024-03-08,837,N20,VIIRS,n,2,306.2,12.65,D,0
19.16824,78.79278,367.0,0.39,0.59,2024-03-08,837,N20,VIIRS,h,2,304.23,7.55,D,0
19.1686,78.79639,349.28,0.39,0.59,2024-03-08,837,N20,VIIRS,n,2,303.38,7.55,D,0
19.17893,79.75779,350.2,0.45,0.63,2024-03-08,837,N20,VIIRS,n,2,305.21,10.54,D,0
19.20651,80.04884,339.99,0.47,0.64,2024-03-08,837,N20,VIIRS,n,2,306.09,5.06,D,0
19.21788,80.04305,367.0,0.47,0.64,2024-03-08,837,N20,VIIRS,h,2,307.57,11.22,D,0
19.27649,78.43409,333.91,0.37,0.58,2024-03-08,837,N20,VIIRS,l,2,305.81,4.71,D,0
19.28744,78.64758,332.49,0.38,0.59,2024-03-08,837,N20,VIIRS,l,2,304.73,5.08,D,0
19.30855,78.74781,337.39,0.38,0.59,2024-03-08,837,N20,VIIRS,n,2,305.61,2.46,D,0
19.33753,77.37606,342.73,0.63,0.54,2024-03-08,837,N20,VIIRS,n,2,308.72,6.89,D,0
19.34947,77.16062,345.79,0.61,0.53,2024-03-08,837,N20,VIIRS,n,2,310.24,6.5,D,0
19.36597,78.48208,340.02,0.37,0.58,2024-03-08,837,N20,VIIRS,l,2,312.46,2.8,D,0
19.36857,78.67163,331.53,0.38,0.59,2024-03-08,837,N20,VIIRS,l,2,305.57,1.52,D,0
19.37398,78.6709,337.49,0.38,0.59,2024-03-08,837,N20,VIIRS,n,2,304.31,1.52,D,0
19.38507,79.06216,333.55,0.4,0.6,2024-03-08,837,N20,VIIRS,l,2,307.46,1.92,D,0
19.38966,79.05956,338.78,0.4,0.6,2024-03-08,837,N20,VIIRS,n,2,308.18,2.83,D,0
19.44148,77.54666,341.09,0.32,0.55,2024-03-08,837,N20,VIIRS,n,2,311.25,1.83,D,0
19.44639,79.17957,340.21,0.41,0.61,2024-03-08,837,N20,VIIRS,n,2,302.91,4.87,D,0
19.46872,79.84254,333.72,0.46,0.63,2024-03-08,837,N20,VIIRS,n,2,303.13,2.51,D,0
19.46953,79.84445,334.56,0.46,0.63,2024-03-08,837,N20,VIIRS,n,2,303.31,2.41,D,0
19.61003,79.26978,331.8,0.42,0.61,2024-03-08,837,N20,VIIRS,l,2,302.53,3.74,D,0
19.61261,79.26986,333.47,0.42,0.61,2024-03-08,837,N20,VIIRS,n,2,303.06,3.82,D,0
19.66464,78.33467,333.42,0.37,0.58,2024-03-08,837,N20,VIIRS,l,2,306.81,1.82,D,0
19.74211,79.39128,332.04,0.43,0.62,2024-03-08,837,N20,VIIRS,n,2,301.59,1.83,D,0
19.77253,79.20435,336.43,0.42,0.61,2024-03-08,837,N20,VIIRS,l,2,309.78,1.0,D,0
19.80208,77.59603,340.85,0.33,0.55,2024-03-08,837,N20,VIIRS,n,2,312.57,2.71,D,0
19.81202,78.31616,336.23,0.37,0.58,2024-03-08,837,N20,VIIRS,l,2,310.93,2.18,D,0
19.837,80.5618,331.34,0.51,0.66,2024-03-08,837,N20,VIIRS,l,2,304.88,5.26,D,0
19.85625,80.57216,333.54,0.51,0.66,2024-03-08,837,N20,VIIRS,n,2,301.47,7.67,D,0
19.85628,80.57008,337.54,0.51,0.66,2024-03-08,837,N20,VIIRS,n,2,301.47,3.9,D,0
19.85672,80.5751,334.85,0.52,0.66,2024-03-08,837,N20,VIIRS,n,2,300.3,3.9,D,0
19.85672,80.57722,330.9,0.51,0.66,2024-03-08,837,N20,VIIRS,n,2,299.88,2.76,D,0
19.88382,77.50581,344.0,0.32,0.55,2024-03-08,837,N20,VIIRS,n,2,311.63,3.23,D,0
19.90331,79.46476,353.34,0.44,0.62,2024-03-08,837,N20,VIIRS,n,2,306.71,6.18,D,0
19.92636,79.3446,348.14,0.43,0.62,2024-03-08,837,N20,VIIRS,n,2,304.1,6.56,D,0
19.92869,79.34357,336.87,0.43,0.62,2024-03-08,837,N20,VIIRS,n,2,302.42,4.35,D,0
19.9306,80.63825,333.21,0.52,0.67,2024-03-08,837,N20,VIIRS,n,2,296.05,2.29,D,0
19.94019,79.36813,342.42,0.43,0.62,2024-03-08,837,N20,VIIRS,n,2,303.18,5.05,D,0
19.94235,79.36703,339.09,0.43,0.62,2024-03-08,837,N20,VIIRS,n,2,302.42,4.53,D,0
19.96677,80.01531,337.55,0.47,0.64,2024-03-08,837,N20,VIIRS,n,2,304.9,3.32,D,0
19.96977,78.71358,344.53,0.39,0.59,2024-03-08,837,N20,VIIRS,n,2,306.68,2.62,D,0
17.93475,80.15741,305.9,0.57,0.69,2024-03-08,1926,N20,VIIRS,n,2,291.27,1.18,N,0
18.04029,80.084,312.87,0.58,0.7,2024-03-08,1926,N20,VIIRS,n,2,290.98,2.77,N,0
19.13133,80.00091,308.88,0.61,0.71,2024-03-08,1926,N20,VIIRS,n,2,292.92,2.63,N,0
19.13157,80.00489,305.07,0.61,0.71,2024-03-08,1926,N20,VIIRS,n,2,293.16,3.15,N,0
19.25336,78.56311,305.97,0.76,0.77,2024-03-08,1926,N20,VIIRS,n,2,292.42,1.27,N,0
19.25651,78.56234,302.65,0.75,0.77,2024-03-08,1926,N20,VIIRS,n,2,291.64,2.8,N,0
19.25874,78.5354,304.54,0.76,0.77,2024-03-08,1926,N20,VIIRS,n,2,291.79,1.49,N,0
19.29032,78.63983,301.96,0.75,0.77,2024-03-08,1926,N20,VIIRS,n,2,291.46,1.33,N,0
19.72088,80.78101,303.01,0.55,0.68,2024-03-08,1926,N20,VIIRS,n,2,291.62,1.12,N,0
19.96614,79.33432,301.69,0.68,0.74,2024-03-08,1926,N20,VIIRS,n,2,290.84,0.89,N,2
19.97182,78.709,300.57,0.75,0.77,2024-03-08,1926,N20,VIIRS,n,2,290.52,2.94,N,0
19.97426,78.71786,304.21,0.75,0.77,2024-03-08,1926,N20,VIIRS,n,2,291.31,2.06,N,0
19.97483,78.71077,302.24,0.75,0.77,2024-03-08,1926,N20,VIIRS,n,2,291.3,1.57,N,0
19.97546,78.70287,301.14,0.75,0.77,2024-03-08,1926,N20,VIIRS,n,2,290.5,1.57,N,0
16.00165,79.13624,305.63,0.64,0.72,2024-03-08,1927,N20,VIIRS,n,2,288.83,1.88,N,0
16.28879,78.83116,307.53,0.67,0.74,2024-03-08,1927,N20,VIIRS,n,2,288.83,4.66,N,0
17.67706,80.83029,309.79,0.51,0.66,2024-03-08,1927,N20,VIIRS,n,2,292.08,1.06,N,0
17.67741,80.8267,305.46,0.52,0.66,2024-03-08,1927,N20,VIIRS,n,2,292.11,1.36,N,0
17.81071,78.43015,304.82,0.74,0.76,2024-03-08,1927,N20,VIIRS,n,2,290.34,0.74,N,0
17.81313,78.42956,303.45,0.74,0.76,2024-03-08,1927,N20,VIIRS,n,2,290.19,0.79,N,0
19.71309,80.78733,302.18,0.62,0.72,2024-03-08,2106,N20,VIIRS,n,2,290.02,1.5,N,0
19.71362,80.78648,302.81,0.62,0.72,2024-03-08,2106,N20,VIIRS,n,2,290.18,1.18,N,0
19.80396,78.86398,301.81,0.47,0.64,2024-03-08,2106,N20,VIIRS,n,2,291.59,0.96,N,0
19.89848,78.03875,301.11,0.41,0.61,2024-03-08,2106,N20,VIIRS,n,2,290.81,0.8,N,0
19.91657,79.30844,303.25,0.5,0.66,2024-03-08,2106,N20,VIIRS,n,2,292.58,1.14,N,0
19.92356,79.11301,303.57,0.48,0.65,2024-03-08,2106,N20,VIIRS,n,2,292.02,1.07,N,2
19.96663,78.7348,311.42,0.46,0.63,2024-03-08,2106,N20,VIIRS,n,2,291.46,1.26,N,0
19.97146,78.73579,307.66,0.46,0.63,2024-03-08,2106,N20,VIIRS,n,2,290.14,1.52,N,0
19.97158,78.70788,310.9,0.45,0.63,2024-03-08,2106,N20,VIIRS,n,2,291.61,1.9,N,0
19.97254,78.70874,312.68,0.45,0.63,2024-03-08,2106,N20,VIIRS,n,2,291.98,1.39,N,0
16.46333,80.31825,300.57,0.68,0.74,2024-03-08,2107,N20,VIIRS,n,2,289.79,0.78,N,0
17.14436,78.22218,304.83,0.48,0.65,2024-03-08,2107,N20,VIIRS,n,2,290.41,0.77,N,2
17.14538,78.22351,307.2,0.48,0.65,2024-03-08,2107,N20,VIIRS,n,2,290.92,1.11,N,2
18.26299,77.13357,303.08,0.39,0.59,2024-03-08,2107,N20,VIIRS,n,2,287.28,0.79,N,0
18.26374,77.13001,304.83,0.39,0.59,2024-03-08,2107,N20,VIIRS,n,2,287.57,0.79,N,0
18.4518,77.96355,308.35,0.44,0.62,2024-03-08,2107,N20,VIIRS,n,2,291.02,1.45,N,0
18.57355,78.04128,307.72,0.44,0.62,2024-03-08,2107,N20,VIIRS,n,2,290.65,1.08,N,0
18.57631,78.0408,306.76,0.44,0.62,2024-03-08,2107,N20,VIIRS,n,2,291.47,1.35,N,0
18.67614,79.55376,309.31,0.55,0.68,2024-03-08,2107,N20,VIIRS,n,2,294.08,2.08,N,0
18.67708,79.55471,307.97,0.55,0.68,2024-03-08,2107,N20,VIIRS,n,2,294.15,1.41,N,0
18.67731,79.54871,303.83,0.55,0.68,2024-03-08,2107,N20,VIIRS,n,2,293.09,1.81,N,0
18.67822,79.54962,305.17,0.55,0.68,2024-03-08,2107,N20,VIIRS,n,2,293.26,1.41,N,0
18.71961,79.53308,311.2,0.54,0.68,2024-03-08,2107,N20,VIIRS,n,2,294.26,2.42,N,2
19.03387,78.59701,301.56,0.47,0.64,2024-03-08,2107,N20,VIIRS,n,2,290.33,0.86,N,0
19.11623,78.52705,303.0,0.46,0.63,2024-03-08,2107,N20,VIIRS,n,2,291.63,0.61,N,0
19.12575,80.00328,302.9,0.57,0.69,2024-03-08,2107,N20,VIIRS,n,2,292.77,1.91,N,0
19.13136,78.70222,303.55,0.47,0.64,2024-03-08,2107,N20,VIIRS,n,2,290.28,0.83,N,0
19.13824,80.00619,304.23,0.57,0.69,2024-03-08,2107,N20,VIIRS,n,2,293.0,2.34,N,0
19.1409,78.52442,304.02,0.46,0.63,2024-03-08,2107,N20,VIIRS,n,2,291.38,1.15,N,0
19.14564,78.5276,311.46,0.46,0.63,2024-03-08,2107,N20,VIIRS,n,2,292.42,2.14,N,0
19.14653,78.52613,308.1,0.46,0.63,2024-03-08,2107,N20,VIIRS,n,2,291.9,1.15,N,0
19.14746,78.51918,309.48,0.46,0.63,2024-03-08,2107,N20,VIIRS,n,2,290.37,0.97,N,0
19.14752,79.95435,304.89,0.57,0.69,2024-03-08,2107,N20,VIIRS,n,2,292.71,1.2,N,0
19.14841,78.51774,304.07,0.46,0.63,2024-03-08,2107,N20,VIIRS,n,2,290.64,0.64,N,0
19.14985,79.95481,302.63,0.57,0.69,2024-03-08,2107,N20,VIIRS,n,2,292.36,2.41,N,0
19.15212,78.52805,302.68,0.46,0.63,2024-03-08,2107,N20,VIIRS,n,2,291.63,0.57,N,0
19.15714,79.94118,305.57,0.57,0.69,2024-03-08,2107,N20,VIIRS,n,2,292.12,1.89,N,0
19.15935,79.94171,306.52,0.57,0.69,2024-03-08,2107,N20,VIIRS,n,2,292.2,1.57,N,0
19.163,80.1436,302.26,0.58,0.7,2024-03-08,2107,N20,VIIRS,n,2,292.2,1.46,N,0
19.16998,78.80309,302.52,0.48,0.65,2024-03-08,2107,N20,VIIRS,n,2,292.3,0.71,N,0
19.1751,78.80341,306.68,0.48,0.64,2024-03-08,2107,N20,VIIRS,n,2,292.55,1.24,N,0
19.17607,78.79913,304.32,0.48,0.64,2024-03-08,2107,N20,VIIRS,n,2,292.18,1.22,N,0
19.17673,78.80016,304.59,0.48,0.64,2024-03-08,2107,N20,VIIRS,n,2,292.08,0.96,N,0
19.17849,78.68146,306.62,0.47,0.64,2024-03-08,2107,N20,VIIRS,n,2,292.21,1.08,N,0
19.20833,80.06114,305.69,0.57,0.69,2024-03-08,2107,N20,VIIRS,n,2,293.17,1.87,N,0
19.2117,77.00868,303.88,0.36,0.58,2024-03-08,2107,N20,VIIRS,n,2,287.25,0.32,N,0
19.24608,78.56563,304.91,0.46,0.64,2024-03-08,2107,N20,VIIRS,n,2,291.72,0.91,N,0
19.24702,78.56517,308.2,0.46,0.63,2024-03-08,2107,N20,VIIRS,n,2,292.03,1.26,N,0
19.25396,78.53423,302.51,0.46,0.63,2024-03-08,2107,N20,VIIRS,n,2,291.06,0.59,N,0
19.26108,78.71901,306.36,0.47,0.64,2024-03-08,2107,N20,VIIRS,n,2,292.44,1.22,N,0
19.26775,78.71632,305.77,0.47,0.64,2024-03-08,2107,N20,VIIRS,n,2,291.5,1.4,N,0
19.29083,78.63929,309.07,0.46,0.64,2024-03-08,2107,N20,VIIRS,n,2,291.74,1.98,N,0
19.47696,79.83687,301.37,0.55,0.68,2024-03-08,2107,N20,VIIRS,n,2,291.27,0.46,N,0
15.60045,79.00245,306.77,0.58,0.7,2024-03-08,2108,N20,VIIRS,n,2,290.61,1.75,N,0
15.60668,79.0041,303.57,0.58,0.7,2024-03-08,2108,N20,VIIRS,n,2,290.6,1.65,N,0
15.60777,78.99914,305.43,0.58,0.7,2024-03-08,2108,N20,VIIRS,n,2,290.24,1.18,N,0
15.91444,77.36207,303.94,0.45,0.63,2024-03-08,2108,N20,VIIRS,n,2,292.91,0.74,N,2
15.52219,79.96253,331.16,0.4,0.45,2024-03-09,817,N20,VIIRS,l,2,304.96,1.25,D,0
15.52261,79.96328,330.65,0.4,0.44,2024-03-09,817,N20,VIIRS,l,2,304.83,0.99,D,0
15.53048,78.50803,336.27,0.5,0.41,2024-03-09,817,N20,VIIRS,l,2,307.26,4.58,D,0
15.56951,78.50441,337.62,0.5,0.41,2024-03-09,817,N20,VIIRS,l,2,309.54,9.21,D,0
15.607,77.0364,342.32,0.43,0.38,2024-03-09,817,N20,VIIRS,l,2,313.88,11.78,D,0
15.68067,78.73377,334.56,0.52,0.41,2024-03-09,817,N20,VIIRS,n,2,301.1,2.93,D,0
15.6808,78.73218,341.3,0.52,0.41,2024-03-09,817,N20,VIIRS,n,2,302.15,6.04,D,0
15.70118,78.6549,347.2,0.51,0.41,2024-03-09,817,N20,VIIRS,n,2,307.1,8.03,D,0
15.72714,79.65219,337.3,0.39,0.44,2024-03-09,817,N20,VIIRS,n,2,307.08,4.11,D,0
15.73497,78.53472,348.89,0.5,0.41,2024-03-09,817,N20,VIIRS,n,2,312.78,13.04,D,0
15.73901,78.67858,334.95,0.51,0.41,2024-03-09,817,N20,VIIRS,l,2,306.48,3.52,D,0
15.75107,77.5021,335.11,0.45,0.39,2024-03-09,817,N20,VIIRS,l,2,308.66,3.79,D,0
15.76437,78.51829,341.38,0.5,0.41,2024-03-09,817,N20,VIIRS,n,2,311.04,9.26,D,0
15.76683,78.5159,343.48,0.5,0.41,2024-03-09,817,N20,VIIRS,l,2,313.55,9.61,D,0
15.77073,79.12499,339.58,0.54,0.42,2024-03-09,817,N20,VIIRS,n,2,308.21,4.73,D,0
15.78817,79.68085,343.04,0.39,0.44,2024-03-09,817,N20,VIIRS,n,2,306.69,3.66,D,0
15.7922,79.68031,342.52,0.39,0.44,2024-03-09,817,N20,VIIRS,n,2,306.03,3.66,D,0
15.81942,78.88101,349.07,0.53,0.42,2024-03-09,817,N20,VIIRS,n,2,305.57,12.05,D,0
15.89575,78.80973,337.49,0.52,0.42,2024-03-09,817,N20,VIIRS,n,2,300.62,10.57,D,0
15.8964,78.81458,332.78,0.52,0.42,2024-03-09,817,N20,VIIRS,n,2,293.75,4.02,D,0
15.91065,78.8134,336.62,0.53,0.42,2024-03-09,817,N20,VIIRS,n,2,300.43,5.63,D,0
15.91128,78.81824,335.03,0.53,0.42,2024-03-09,817,N20,VIIRS,n,2,301.25,5.63,D,0
15.91165,78.81215,332.98,0.52,0.42,2024-03-09,817,N20,VIIRS,n,2,299.54,6.77,D,0
15.9123,78.81698,353.6,0.52,0.42,2024-03-09,817,N20,VIIRS,n,2,303.72,6.77,D,0
15.91447,78.81285,338.93,0.53,0.42,2024-03-09,817,N20,VIIRS,n,2,302.67,5.63,D,0
15.9151,78.81772,338.15,0.53,0.42,2024-03-09,817,N20,VIIRS,n,2,301.65,5.63,D,0
15.91546,78.8116,337.85,0.52,0.42,2024-03-09,817,N20,VIIRS,n,2,299.04,6.77,D,0
15.91573,78.82256,332.18,0.53,0.42,2024-03-09,817,N20,VIIRS,n,2,291.9,3.91,D,0
15.91679,78.82133,333.4,0.53,0.42,2024-03-09,817,N20,VIIRS,n,2,296.43,5.84,D,0
15.95821,77.58474,341.9,0.46,0.39,2024-03-09,817,N20,VIIRS,l,2,314.28,9.02,D,0
15.95959,78.6552,349.55,0.52,0.41,2024-03-09,817,N20,VIIRS,n,2,312.71,6.57,D,0
15.96138,79.17929,341.25,0.55,0.43,2024-03-09,817,N20,VIIRS,n,2,308.63,4.36,D,0
15.96181,79.1808,336.83,0.55,0.43,2024-03-09,817,N20,VIIRS,l,2,307.43,6.14,D,0
15.96274,78.64989,342.15,0.51,0.41,2024-03-09,817,N20,VIIRS,l,2,312.63,6.57,D,0
15.96338,78.65467,352.03,0.52,0.41,2024-03-09,817,N20,VIIRS,n,2,311.28,6.57,D,0
15.98054,79.35963,336.83,0.57,0.43,2024-03-09,817,N20,VIIRS,l,2,308.32,4.05,D,0
15.98133,79.35777,339.08,0.56,0.43,2024-03-09,817,N20,VIIRS,n,2,309.42,5.55,D,0
15.98508,79.1452,332.11,0.55,0.43,2024-03-09,817,N20,VIIRS,l,2,306.67,2.97,D,0
15.98573,79.15023,335.61,0.55,0.43,2024-03-09,817,N20,VIIRS,l,2,306.43,5.46,D,0
15.99273,78.75761,340.35,0.52,0.42,2024-03-09,817,N20,VIIRS,n,2,302.87,10.13,D,0
15.9966,78.75742,348.94,0.52,0.42,2024-03-09,817,N20,VIIRS,n,2,305.31,7.59,D,0
16.00046,78.75723,342.41,0.52,0.42,2024-03-09,817,N20,VIIRS,n,2,305.08,7.59,D,0
16.00355,77.9893,339.92,0.48,0.4,2024-03-09,817,N20,VIIRS,l,2,313.07,11.78,D,0
16.00386,78.75948,344.96,0.52,0.42,2024-03-09,817,N20,VIIRS,n,2,305.57,16.34,D,0
16.01283,78.64963,338.56,0.52,0.41,2024-03-09,817,N20,VIIRS,l,2,308.58,5.14,D,0
16.05072,78.55751,332.74,0.51,0.41,2024-03-09,817,N20,VIIRS,l,2,306.56,2.85,D,0
16.05127,78.59034,345.9,0.51,0.41,2024-03-09,817,N20,VIIRS,n,2,309.77,6.36,D,0
16.05187,78.59487,335.69,0.51,0.41,2024-03-09,817,N20,VIIRS,l,2,306.71,6.36,D,0
16.05944,78.56519,332.28,0.51,0.41,2024-03-09,817,N20,VIIRS,l,2,306.76,5.96,D,0
16.06314,78.56414,345.24,0.51,0.41,2024-03-09,817,N20,VIIRS,n,2,309.21,6.95,D,0
16.08382,78.66016,343.33,0.52,0.41,2024-03-09,817,N20,VIIRS,n,2,310.56,13.83,D,0
16.08761,78.65953,352.61,0.52,0.41,2024-03-09,817,N20,VIIRS,n,2,311.36,13.83,D,0
16.08924,79.32843,344.31,0.56,0.43,2024-03-09,817,N20,VIIRS,n,2,312.25,6.85,D,0
16.09214,79.32587,339.02,0.56,0.43,2024-03-09,817,N20,VIIRS,l,2,311.79,6.67,D,0
16.09561,78.60552,337.35,0.51,0.41,2024-03-09,817,N20,VIIRS,l,2,309.26,9.77,D,0
16.09612,78.60846,343.17,0.51,0.41,2024-03-09,817,N20,VIIRS,n,2,311.5,9.29,D,0
16.10047,78.61209,346.01,0.51,0.41,2024-03-09,817,N20,VIIRS,n,2,314.38,16.35,D,0
16.10369,78.60826,338.86,0.51,0.41,2024-03-09,817,N20,VIIRS,l,2,310.9,18.02,D,0
16.1042,78.6112,347.4,0.51,0.41,2024-03-09,817,N20,VIIRS,n,2,308.57,16.35,D,0
16.1057,77.03735,338.86,0.43,0.38,2024-03-09,817,N20,VIIRS,l,2,310.57,4.99,D,0
16.18913,79.08617,339.33,0.55,0.43,2024-03-09,817,N20,VIIRS,n,2,309.17,5.57,D,0
16.20076,77.95901,348.18,0.48,0.4,2024-03-09,817,N20,VIIRS,n,2,311.79,10.09,D,0
16.22431,78.70564,343.79,0.52,0.42,2024-03-09,817,N20,VIIRS,n,2,303.96,10.55,D,0
16.22535,78.70803,348.42,0.52,0.42,2024-03-09,817,N20,VIIRS,n,2,304.46,8.49,D,0
16.25562,77.95206,338.98,0.48,0.4,2024-03-09,817,N20,VIIRS,l,2,312.47,5.74,D,0
16.27348,77.05375,335.32,0.44,0.38,2024-03-09,817,N20,VIIRS,l,2,305.81,2.81,D,0
16.29835,77.80199,338.29,0.47,0.4,2024-03-09,817,N20,VIIRS,l,2,310.96,12.85,D,0
16.38957,77.4518,348.81,0.45,0.39,2024-03-09,817,N20,VIIRS,n,2,315.21,12.42,D,0
16.40364,77.50172,341.16,0.46,0.39,2024-03-09,817,N20,VIIRS,l,2,311.48,6.1,D,0
16.40738,77.10929,341.32,0.44,0.38,2024-03-09,817,N20,VIIRS,l,2,315.71,8.67,D,0
16.41033,80.71163,335.18,0.46,0.47,2024-03-09,817,N20,VIIRS,n,2,299.97,4.32,D,0
16.42343,79.78549,332.83,0.4,0.45,2024-03-09,817,N20,VIIRS,l,2,306.15,1.96,D,0
16.43513,80.35282,335.66,0.44,0.46,2024-03-09,817,N20,VIIRS,l,2,307.49,3.34,D,0
16.43919,80.35314,347.0,0.44,0.46,2024-03-09,817,N20,VIIRS,n,2,308.23,7.17,D,0
16.49651,78.54532,345.11,0.52,0.41,2024-03-09,817,N20,VIIRS,n,2,311.73,4.6,D,0
16.51734,77.84821,343.47,0.47,0.4,2024-03-09,817,N20,VIIRS,l,2,317.18,11.1,D,0
16.56728,80.03741,338.53,0.42,0.45,2024-03-09,817,N20,VIIRS,n,2,307.62,3.23,D,0
16.57507,78.02863,346.99,0.49,0.4,2024-03-09,817,N20,VIIRS,n,2,314.95,18.44,D,0
16.63194,79.69932,333.99,0.4,0.44,2024-03-09,817,N20,VIIRS,l,2,308.79,1.15,D,0
16.64327,77.29996,346.61,0.45,0.39,2024-03-09,817,N20,VIIRS,l,2,318.9,15.68,D,0
16.64822,78.04124,344.19,0.49,0.4,2024-03-09,817,N20,VIIRS,n,2,313.89,6.16,D,0
16.67869,80.44876,341.82,0.45,0.47,2024-03-09,817,N20,VIIRS,n,2,303.22,8.54,D,0
16.6934,79.62959,336.24,0.4,0.44,2024-03-09,817,N20,VIIRS,l,2,308.61,3.19,D,0
16.70707,80.32674,337.54,0.44,0.46,2024-03-09,817,N20,VIIRS,n,2,301.93,1.2,D,0
16.78036,77.5888,340.0,0.46,0.39,2024-03-09,817,N20,VIIRS,l,2,313.8,5.09,D,0
16.79217,80.39192,330.41,0.45,0.47,2024-03-09,817,N20,VIIRS,l,2,302.45,3.13,D,0
16.79405,78.4351,338.42,0.51,0.41,2024-03-09,817,N20,VIIRS,l,2,309.32,2.27,D,0
16.85181,77.89391,348.0,0.48,0.4,2024-03-09,817,N20,VIIRS,n,2,309.1,8.48,D,0
16.88567,78.91759,339.06,0.55,0.42,2024-03-09,817,N20,VIIRS,l,2,310.16,12.45,D,0
16.88608,78.91441,341.28,0.55,0.42,2024-03-09,817,N20,VIIRS,n,2,308.46,6.46,D,0
16.94492,77.31747,339.96,0.45,0.39,2024-03-09,817,N20,VIIRS,l,2,313.43,9.82,D,0
17.11576,80.51103,338.91,0.46,0.47,2024-03-09,817,N20,VIIRS,n,2,305.62,4.27,D,0
17.11694,79.7963,335.51,0.41,0.45,2024-03-09,817,N20,VIIRS,n,2,305.22,4.16,D,0
17.11935,79.79572,341.33,0.41,0.45,2024-03-09,817,N20,VIIRS,n,2,303.41,2.92,D,0
17.13859,77.75612,338.79,0.48,0.4,2024-03-09,817,N20,VIIRS,l,2,312.23,7.88,D,0
17.21777,80.72932,333.53,0.47,0.48,2024-03-09,817,N20,VIIRS,n,2,302.73,3.9,D,0
17.23759,79.28704,336.56,0.39,0.44,2024-03-09,817,N20,VIIRS,l,2,310.57,4.63,D,0
17.25567,81.14991,333.03,0.51,0.49,2024-03-09,817,N20,VIIRS,n,2,300.6,3.45,D,0
17.28399,77.75503,337.89,0.48,0.4,2024-03-09,817,N20,VIIRS,l,2,311.66,8.69,D,0
17.2875,77.08024,345.28,0.45,0.39,2024-03-09,817,N20,VIIRS,l,2,318.78,14.34,D,0
17.29533,79.44342,340.36,0.4,0.44,2024-03-09,817,N20,VIIRS,l,2,311.63,6.89,D,0
17.32341,78.09857,341.09,0.5,0.41,2024-03-09,817,N20,VIIRS,n,2,308.05,2.23,D,0
17.32488,78.0991,337.8,0.5,0.41,2024-03-09,817,N20,VIIRS,l,2,308.75,3.32,D,0
17.34608,78.08662,349.47,0.5,0.41,2024-03-09,817,N20,VIIRS,n,2,312.07,10.54,D,0
17.35626,77.87814,339.9,0.49,0.4,2024-03-09,817,N20,VIIRS,l,2,313.44,10.72,D,0
17.40476,81.46037,350.77,0.53,0.5,2024-03-09,817,N20,VIIRS,n,2,301.33,14.9,D,0
17.4098,80.58126,343.3,0.47,0.48,2024-03-09,817,N20,VIIRS,n,2,304.84,5.87,D,0
17.4279,80.87557,330.33,0.49,0.48,2024-03-09,817,N20,VIIRS,l,2,301.27,2.63,D,0
17.44836,77.07073,341.07,0.45,0.39,2024-03-09,817,N20,VIIRS,l,2,314.74,11.92,D,0
17.47436,80.95857,333.1,0.49,0.49,2024-03-09,817,N20,VIIRS,n,2,301.44,2.53,D,0
17.47691,80.95965,330.35,0.5,0.49,2024-03-09,817,N20,VIIRS,l,2,300.68,3.16,D,0
17.53061,77.11941,344.78,0.45,0.39,2024-03-09,817,N20,VIIRS,l,2,315.71,14.38,D,0
17.59344,77.50582,343.59,0.47,0.4,2024-03-09,817,N20,VIIRS,l,2,316.87,10.72,D,0
17.59835,80.88598,341.61,0.49,0.49,2024-03-09,817,N20,VIIRS,n,2,304.87,2.92,D,0
17.6227,81.05496,336.69,0.5,0.49,2024-03-09,817,N20,VIIRS,n,2,304.6,2.89,D,0
17.65547,80.94543,341.41,0.5,0.49,2024-03-09,817,N20,VIIRS,n,2,301.93,3.5,D,0
17.69022,80.10857,341.55,0.44,0.46,2024-03-09,817,N20,VIIRS,n,2,306.3,4.69,D,0
17.6905,80.10764,343.65,0.44,0.46,2024-03-09,817,N20,VIIRS,n,2,307.36,3.4,D,0
17.70031,79.56837,336.44,0.41,0.45,2024-03-09,817,N20,VIIRS,n,2,302.92,4.19,D,0
17.7052,80.08952,335.82,0.44,0.46,2024-03-09,817,N20,VIIRS,n,2,302.97,1.25,D,0
17.70895,80.08487,347.64,0.44,0.46,2024-03-09,817,N20,VIIRS,n,2,305.81,6.44,D,0
17.70929,80.95761,337.85,0.5,0.49,2024-03-09,817,N20,VIIRS,n,2,304.79,2.63,D,0
17.70944,80.08893,337.01,0.44,0.46,2024-03-09,817,N20,VIIRS,n,2,302.84,2.41,D,0
17.70963,77.05447,348.97,0.45,0.39,2024-03-09,817,N20,VIIRS,n,2,313.06,21.69,D,0
17.7127,80.08019,339.51,0.44,0.46,2024-03-09,817,N20,VIIRS,n,2,303.87,6.44,D,0
17.72342,77.34048,340.65,0.46,0.39,2024-03-09,817,N20,VIIRS,l,2,311.56,10.74,D,0
17.75091,79.86893,330.31,0.43,0.46,2024-03-09,817,N20,VIIRS,l,2,304.24,2.52,D,0
17.76834,80.25279,332.88,0.45,0.47,2024-03-09,817,N20,VIIRS,n,2,302.43,1.61,D,0
17.78898,80.10357,330.86,0.44,0.46,2024-03-09,817,N20,VIIRS,l,2,305.0,5.36,D,0
17.78951,80.10784,353.75,0.44,0.46,2024-03-09,817,N20,VIIRS,n,2,306.98,5.36,D,0
17.79005,80.11212,341.9,0.44,0.46,2024-03-09,817,N20,VIIRS,n,2,304.79,5.45,D,0
17.79257,80.10349,348.37,0.44,0.46,2024-03-09,817,N20,VIIRS,n,2,306.83,7.26,D,0
17.79323,80.10304,354.82,0.44,0.46,2024-03-09,817,N20,VIIRS,n,2,306.41,5.36,D,0
17.79326,80.03665,330.46,0.44,0.46,2024-03-09,817,N20,VIIRS,l,2,304.8,3.95,D,0
17.79416,80.24985,330.08,0.45,0.47,2024-03-09,817,N20,VIIRS,l,2,302.33,3.4,D,0
17.79633,80.09873,346.57,0.44,0.46,2024-03-09,817,N20,VIIRS,n,2,306.59,11.6,D,0
17.79683,80.10297,345.97,0.44,0.46,2024-03-09,817,N20,VIIRS,n,2,305.76,7.26,D,0
17.79696,80.0983,339.57,0.44,0.46,2024-03-09,817,N20,VIIRS,n,2,306.42,6.07,D,0
17.79749,80.10253,349.14,0.44,0.46,2024-03-09,817,N20,VIIRS,n,2,307.03,11.11,D,0
17.798,80.04025,341.2,0.44,0.46,2024-03-09,817,N20,VIIRS,n,2,306.39,3.95,D,0
17.79855,80.32068,336.38,0.45,0.47,2024-03-09,817,N20,VIIRS,n,2,304.85,17.48,D,0
17.80009,80.09402,340.14,0.44,0.46,2024-03-09,817,N20,VIIRS,n,2,306.01,5.19,D,0
17.80069,80.09362,338.94,0.44,0.46,2024-03-09,817,N20,VIIRS,n,2,305.44,6.07,D,0
17.80286,80.32007,354.6,0.45,0.47,2024-03-09,817,N20,VIIRS,n,2,310.96,17.48,D,0
17.80338,80.32432,367.0,0.46,0.47,2024-03-09,817,N20,VIIRS,h,2,308.49,17.47,D,0
17.80663,80.31514,342.65,0.45,0.47,2024-03-09,817,N20,VIIRS,n,2,307.67,8.11,D,0
17.80717,80.31943,356.47,0.45,0.47,2024-03-09,817,N20,VIIRS,n,2,308.93,8.11,D,0
17.81133,80.26267,342.22,0.45,0.47,2024-03-09,817,N20,VIIRS,n,2,304.17,7.62,D,0
17.81147,80.31876,331.23,0.45,0.47,2024-03-09,817,N20,VIIRS,l,2,303.29,8.11,D,0
17.81313,80.26186,331.0,0.45,0.47,2024-03-09,817,N20,VIIRS,l,2,301.49,7.2,D,0
17.82708,77.60971,340.4,0.48,0.4,2024-03-09,817,N20,VIIRS,l,2,313.74,5.25,D,0
17.85805,80.25154,333.13,0.45,0.47,2024-03-09,817,N20,VIIRS,n,2,302.16,3.66,D,0
17.86388,77.36069,344.36,0.47,0.39,2024-03-09,817,N20,VIIRS,l,2,317.31,13.25,D,0
17.86975,80.3123,342.51,0.46,0.47,2024-03-09,817,N20,VIIRS,n,2,309.14,8.5,D,0
17.87356,80.30749,342.41,0.46,0.47,2024-03-09,817,N20,VIIRS,n,2,306.15,8.5,D,0
17.87409,80.31184,350.94,0.46,0.47,2024-03-09,817,N20,VIIRS,n,2,309.65,8.5,D,0
17.87419,80.27652,350.81,0.45,0.47,2024-03-09,817,N20,VIIRS,n,2,303.71,9.86,D,0
17.87789,80.30701,355.23,0.46,0.47,2024-03-09,817,N20,VIIRS,n,2,308.34,12.5,D,0
17.87842,80.31139,349.29,0.46,0.47,2024-03-09,817,N20,VIIRS,n,2,306.57,12.5,D,0
17.88223,80.30659,350.72,0.46,0.47,2024-03-09,817,N20,VIIRS,n,2,305.43,12.5,D,0
17.88276,80.31101,367.0,0.46,0.47,2024-03-09,817,N20,VIIRS,h,2,304.49,12.5,D,0
17.90018,80.23882,339.17,0.45,0.47,2024-03-09,817,N20,VIIRS,n,2,305.89,2.79,D,0
17.91051,80.11887,347.07,0.44,0.46,2024-03-09,817,N20,VIIRS,n,2,304.87,5.31,D,0
17.91119,80.11783,343.03,0.44,0.46,2024-03-09,817,N20,VIIRS,n,2,305.0,3.3,D,0
17.91974,80.16014,348.24,0.45,0.47,2024-03-09,817,N20,VIIRS,n,2,307.58,7.8,D,0
17.92025,80.16439,335.89,0.45,0.47,2024-03-09,817,N20,VIIRS,n,2,304.82,4.68,D,0
17.92402,80.15953,349.11,0.45,0.47,2024-03-09,817,N20,VIIRS,n,2,307.66,15.11,D,0
17.92452,80.16379,343.29,0.45,0.47,2024-03-09,817,N20,VIIRS,n,2,305.59,7.81,D,0
17.93205,80.15405,332.43,0.45,0.47,2024-03-09,817,N20,VIIRS,l,2,303.2,5.81,D,0
17.93377,81.40303,337.63,0.54,0.51,2024-03-09,817,N20,VIIRS,n,2,304.81,1.68,D,0
17.94553,80.45444,341.26,0.47,0.47,2024-03-09,817,N20,VIIRS,n,2,303.99,3.92,D,0
17.94864,80.45256,343.18,0.47,0.47,2024-03-09,817,N20,VIIRS,n,2,302.92,3.16,D,0
17.95698,80.18059,330.05,0.45,0.47,2024-03-09,817,N20,VIIRS,l,2,303.81,2.45,D,0
17.96128,80.18008,339.93,0.45,0.47,2024-03-09,817,N20,VIIRS,n,2,304.67,6.04,D,0
17.97228,80.02226,335.77,0.44,0.46,2024-03-09,817,N20,VIIRS,l,2,307.09,3.1,D,0
17.97487,80.14877,334.33,0.45,0.47,2024-03-09,817,N20,VIIRS,l,2,304.69,3.01,D,0
17.98836,80.11727,338.92,0.44,0.46,2024-03-09,817,N20,VIIRS,n,2,308.49,3.92,D,0
18.0223,80.08379,340.32,0.44,0.46,2024-03-09,817,N20,VIIRS,n,2,308.3,1.36,D,0
18.0365,80.31532,336.61,0.46,0.47,2024-03-09,817,N20,VIIRS,n,2,305.91,4.89,D,0
18.03902,80.31438,343.19,0.46,0.47,2024-03-09,817,N20,VIIRS,n,2,307.41,6.35,D,0
18.03988,80.08592,354.9,0.44,0.46,2024-03-09,817,N20,VIIRS,n,2,310.07,9.88,D,0
18.04768,80.1148,330.09,0.44,0.46,2024-03-09,817,N20,VIIRS,l,2,304.54,2.93,D,0
18.04846,80.30486,338.19,0.46,0.47,2024-03-09,817,N20,VIIRS,n,2,307.14,4.08,D,0
18.05043,78.71772,344.47,0.55,0.43,2024-03-09,817,N20,VIIRS,n,2,307.58,10.54,D,0
18.05047,78.72042,339.07,0.55,0.43,2024-03-09,817,N20,VIIRS,n,2,306.85,9.19,D,0
18.06079,79.66684,341.86,0.42,0.45,2024-03-09,817,N20,VIIRS,n,2,305.13,5.58,D,0
18.08498,78.37215,343.44,0.53,0.42,2024-03-09,817,N20,VIIRS,n,2,310.02,7.23,D,0
18.08562,78.3771,342.46,0.53,0.42,2024-03-09,817,N20,VIIRS,n,2,311.56,7.23,D,0
18.089,79.36783,345.72,0.4,0.44,2024-03-09,817,N20,VIIRS,n,2,308.2,4.75,D,0
18.11753,79.94466,332.14,0.44,0.46,2024-03-09,817,N20,VIIRS,l,2,306.08,4.41,D,0
18.11904,77.78504,342.55,0.49,0.4,2024-03-09,817,N20,VIIRS,n,2,314.84,3.33,D,0
18.13394,80.24954,347.1,0.45,0.47,2024-03-09,817,N20,VIIRS,n,2,304.86,6.94,D,0
18.13621,80.24936,345.18,0.46,0.47,2024-03-09,817,N20,VIIRS,n,2,305.08,6.69,D,0
18.17698,79.90408,341.29,0.43,0.46,2024-03-09,817,N20,VIIRS,n,2,305.59,1.05,D,0
18.1789,81.42418,341.0,0.54,0.51,2024-03-09,817,N20,VIIRS,n,2,309.14,4.6,D,0
18.181,80.18447,340.69,0.45,0.47,2024-03-09,817,N20,VIIRS,n,2,305.18,4.14,D,0
18.20248,78.23792,341.27,0.52,0.41,2024-03-09,817,N20,VIIRS,l,2,314.33,8.24,D,0
18.21279,80.30221,332.19,0.46,0.47,2024-03-09,817,N20,VIIRS,n,2,302.54,3.39,D,0
18.21284,78.23339,340.38,0.52,0.41,2024-03-09,817,N20,VIIRS,l,2,313.79,6.65,D,0
18.25581,80.69753,342.54,0.49,0.48,2024-03-09,817,N20,VIIRS,n,2,307.32,5.51,D,0
18.25677,80.74377,332.46,0.49,0.49,2024-03-09,817,N20,VIIRS,l,2,304.49,6.95,D,0
18.25733,80.7485,341.67,0.49,0.49,2024-03-09,817,N20,VIIRS,n,2,305.04,6.95,D,0
18.27143,80.63954,345.26,0.48,0.48,2024-03-09,817,N20,VIIRS,n,2,306.74,6.1,D,0
18.27197,80.644,333.46,0.48,0.48,2024-03-09,817,N20,VIIRS,l,2,304.74,6.1,D,0
18.28786,78.04045,348.29,0.51,0.41,2024-03-09,817,N20,VIIRS,n,2,310.98,8.86,D,0
18.32742,80.58754,340.11,0.48,0.48,2024-03-09,817,N20,VIIRS,n,2,307.54,4.56,D,0
18.33881,80.60793,339.43,0.48,0.48,2024-03-09,817,N20,VIIRS,n,2,306.12,4.4,D,0
18.3498,80.27881,331.57,0.46,0.47,2024-03-09,817,N20,VIIRS,l,2,303.27,4.95,D,0
18.35143,80.63842,347.62,0.48,0.48,2024-03-09,817,N20,VIIRS,n,2,306.91,10.02,D,0
18.35281,80.28149,332.13,0.46,0.47,2024-03-09,817,N20,VIIRS,l,2,303.23,5.34,D,0
18.35695,80.64693,332.6,0.49,0.48,2024-03-09,817,N20,VIIRS,l,2,306.87,2.44,D,0
18.35736,80.68843,334.51,0.49,0.48,2024-03-09,817,N20,VIIRS,l,2,306.76,2.6,D,0
18.35788,80.69289,337.45,0.49,0.48,2024-03-09,817,N20,VIIRS,n,2,306.92,4.98,D,0
18.36234,80.69232,333.75,0.49,0.48,2024-03-09,817,N20,VIIRS,l,2,305.63,4.5,D,0
18.36679,80.6917,336.52,0.49,0.48,2024-03-09,817,N20,VIIRS,n,2,304.41,4.5,D,0
18.36732,80.69615,342.17,0.49,0.49,2024-03-09,817,N20,VIIRS,n,2,305.81,4.5,D,0
18.38363,80.04767,339.42,0.44,0.46,2024-03-09,817,N20,VIIRS,n,2,306.68,5.91,D,0
18.38853,80.64684,336.5,0.49,0.48,2024-03-09,817,N20,VIIRS,l,2,307.83,3.85,D,0
18.38965,80.65608,334.57,0.49,0.48,2024-03-09,817,N20,VIIRS,l,2,305.3,15.02,D,0
18.39022,80.66077,339.37,0.49,0.48,2024-03-09,817,N20,VIIRS,n,2,307.07,26.5,D,0
18.39242,80.64165,337.36,0.49,0.48,2024-03-09,817,N20,VIIRS,n,2,305.86,6.78,D,0
18.39273,80.65285,330.91,0.49,0.48,2024-03-09,817,N20,VIIRS,l,2,304.95,7.86,D,0
18.39326,80.65754,349.98,0.49,0.48,2024-03-09,817,N20,VIIRS,n,2,305.59,7.86,D,0
18.39409,80.65544,352.25,0.49,0.48,2024-03-09,817,N20,VIIRS,n,2,305.94,6.43,D,0
18.39466,80.66016,339.06,0.49,0.48,2024-03-09,817,N20,VIIRS,n,2,304.43,6.72,D,0
18.39613,80.64304,347.88,0.49,0.48,2024-03-09,817,N20,VIIRS,n,2,306.7,14.36,D,0
18.39686,80.64104,346.57,0.49,0.48,2024-03-09,817,N20,VIIRS,n,2,306.05,6.78,D,0
18.39717,80.65221,331.57,0.49,0.48,2024-03-09,817,N20,VIIRS,l,2,306.09,7.86,D,0
18.39771,80.65691,354.33,0.49,0.48,2024-03-09,817,N20,VIIRS,n,2,307.09,7.86,D,0
18.39797,80.65018,332.63,0.49,0.48,2024-03-09,817,N20,VIIRS,l,2,306.09,6.43,D,0
18.39853,80.65481,345.02,0.49,0.48,2024-03-09,817,N20,VIIRS,n,2,306.67,6.43,D,0
18.39879,80.80752,333.27,0.5,0.49,2024-03-09,817,N20,VIIRS,n,2,301.39,3.87,D,0
18.39911,80.65954,343.54,0.49,0.48,2024-03-09,817,N20,VIIRS,n,2,304.64,6.72,D,0
18.40057,80.64239,337.83,0.49,0.48,2024-03-09,817,N20,VIIRS,n,2,305.49,6.28,D,0
18.40109,80.64696,337.58,0.49,0.48,2024-03-09,817,N20,VIIRS,n,2,304.77,6.28,D,0
18.40126,80.75231,336.51,0.49,0.49,2024-03-09,817,N20,VIIRS,n,2,300.94,5.55,D,0
18.40162,80.65158,350.31,0.49,0.48,2024-03-09,817,N20,VIIRS,n,2,305.18,14.57,D,0
18.40185,80.64495,343.08,0.49,0.48,2024-03-09,817,N20,VIIRS,n,2,306.15,8.32,D,0
18.40215,80.65627,354.68,0.49,0.48,2024-03-09,817,N20,VIIRS,n,2,308.34,14.57,D,0
18.40241,80.64955,351.07,0.49,0.48,2024-03-09,817,N20,VIIRS,n,2,304.04,8.96,D,0
18.40274,80.80234,334.91,0.5,0.49,2024-03-09,817,N20,VIIRS,n,2,301.64,2.59,D,0
18.40297,80.65419,354.96,0.49,0.48,2024-03-09,817,N20,VIIRS,n,2,307.14,8.96,D,0
18.40355,80.65892,344.74,0.49,0.48,2024-03-09,817,N20,VIIRS,n,2,302.74,12.76,D,0
18.40501,80.64177,340.56,0.49,0.48,2024-03-09,817,N20,VIIRS,n,2,304.59,6.28,D,0
18.40511,80.74655,338.87,0.49,0.49,2024-03-09,817,N20,VIIRS,n,2,298.87,3.24,D,0
18.40553,80.64637,354.96,0.49,0.48,2024-03-09,817,N20,VIIRS,n,2,303.94,6.28,D,0
18.40607,80.65101,347.91,0.49,0.48,2024-03-09,817,N20,VIIRS,n,2,302.78,14.57,D,0
18.40629,80.64439,354.18,0.49,0.48,2024-03-09,817,N20,VIIRS,n,2,305.51,8.32,D,0
18.40686,80.64902,333.78,0.49,0.48,2024-03-09,817,N20,VIIRS,n,2,301.72,8.96,D,0
18.40743,80.65368,334.66,0.49,0.48,2024-03-09,817,N20,VIIRS,n,2,301.39,8.96,D,0
18.41375,81.16981,331.38,0.53,0.5,2024-03-09,817,N20,VIIRS,l,2,306.02,1.76,D,0
18.45117,80.65044,338.53,0.49,0.48,2024-03-09,817,N20,VIIRS,n,2,305.22,4.54,D,0
18.4579,79.67168,334.48,0.42,0.45,2024-03-09,817,N20,VIIRS,l,2,304.8,3.53,D,0
18.47581,80.59208,335.15,0.48,0.48,2024-03-09,817,N20,VIIRS,l,2,308.65,3.78,D,0
18.4807,80.63285,335.86,0.49,0.48,2024-03-09,817,N20,VIIRS,l,2,307.71,3.91,D,0
18.48123,80.63732,336.74,0.49,0.48,2024-03-09,817,N20,VIIRS,n,2,306.68,3.91,D,0
18.4852,80.59522,345.26,0.48,0.48,2024-03-09,817,N20,VIIRS,n,2,307.42,17.96,D,0
18.48566,80.63657,340.66,0.49,0.48,2024-03-09,817,N20,VIIRS,n,2,304.95,3.91,D,0
18.48575,80.59978,352.49,0.48,0.48,2024-03-09,817,N20,VIIRS,n,2,314.55,17.96,D,0
18.49016,80.59907,343.83,0.48,0.48,2024-03-09,817,N20,VIIRS,n,2,305.15,17.96,D,0
18.4991,80.22486,332.82,0.46,0.47,2024-03-09,817,N20,VIIRS,l,2,304.71,2.94,D,0
18.50343,80.22431,335.93,0.46,0.47,2024-03-09,817,N20,VIIRS,n,2,304.65,4.0,D,0
18.56589,80.44946,344.16,0.47,0.48,2024-03-09,817,N20,VIIRS,n,2,309.73,4.05,D,0
18.58117,80.88562,333.89,0.51,0.49,2024-03-09,817,N20,VIIRS,n,2,301.04,2.75,D,0
18.28814,78.0378,348.25,0.51,0.41,2024-03-09,818,N20,VIIRS,n,2,312.72,10.1,D,0
18.33771,78.03549,340.41,0.51,0.41,2024-03-09,818,N20,VIIRS,l,2,314.5,9.33,D,0
18.35974,78.47959,339.24,0.54,0.42,2024-03-09,818,N20,VIIRS,l,2,311.66,8.0,D,0
18.36361,78.47903,342.74,0.54,0.42,2024-03-09,818,N20,VIIRS,l,2,312.93,5.22,D,0
18.38482,78.39898,340.9,0.53,0.42,2024-03-09,818,N20,VIIRS,l,2,311.84,8.09,D,0
18.38868,78.39844,342.13,0.53,0.42,2024-03-09,818,N20,VIIRS,n,2,310.62,8.09,D,0
18.39217,77.95505,341.33,0.5,0.41,2024-03-09,818,N20,VIIRS,n,2,310.81,4.79,D,0
18.39308,77.95573,339.61,0.5,0.41,2024-03-09,818,N20,VIIRS,l,2,310.52,7.44,D,0
18.41841,78.09335,347.56,0.51,0.41,2024-03-09,818,N20,VIIRS,n,2,315.69,12.37,D,0
18.4403,78.46314,339.37,0.54,0.42,2024-03-09,818,N20,VIIRS,n,2,309.12,5.64,D,0
18.44213,78.59846,336.91,0.55,0.42,2024-03-09,818,N20,VIIRS,l,2,309.38,4.03,D,0
18.44724,78.35055,340.62,0.53,0.42,2024-03-09,818,N20,VIIRS,l,2,312.78,6.28,D,0
18.44991,78.44642,337.75,0.54,0.42,2024-03-09,818,N20,VIIRS,l,2,308.42,7.35,D,0
18.45172,78.35508,341.04,0.53,0.42,2024-03-09,818,N20,VIIRS,n,2,310.59,6.28,D,0
18.46688,77.46184,339.92,0.48,0.4,2024-03-09,818,N20,VIIRS,l,2,313.88,2.8,D,0
18.4912,77.88882,337.08,0.5,0.41,2024-03-09,818,N20,VIIRS,l,2,310.33,5.66,D,0
18.49211,77.88602,339.32,0.5,0.41,2024-03-09,818,N20,VIIRS,l,2,310.54,5.32,D,0
18.56632,78.69491,339.29,0.56,0.43,2024-03-09,818,N20,VIIRS,n,2,306.01,4.75,D,0
18.56645,78.04578,340.83,0.51,0.41,2024-03-09,818,N20,VIIRS,n,2,310.76,3.45,D,0
18.57215,78.05989,336.19,0.51,0.41,2024-03-09,818,N20,VIIRS,l,2,309.81,5.55,D,0
18.57981,78.51566,332.96,0.54,0.42,2024-03-09,818,N20,VIIRS,l,2,307.18,4.98,D,0
18.64136,80.36873,336.09,0.47,0.48,2024-03-09,818,N20,VIIRS,n,2,310.06,3.58,D,0
18.64186,80.37299,343.15,0.47,0.48,2024-03-09,818,N20,VIIRS,n,2,309.08,3.58,D,0
18.64488,78.02702,338.16,0.51,0.41,2024-03-09,818,N20,VIIRS,l,2,310.62,3.79,D,0
18.64522,80.36385,340.23,0.47,0.48,2024-03-09,818,N20,VIIRS,n,2,310.06,6.99,D,0
18.64573,80.36811,342.0,0.47,0.48,2024-03-09,818,N20,VIIRS,n,2,309.98,4.48,D,0
18.64624,80.37241,352.9,0.47,0.48,2024-03-09,818,N20,VIIRS,n,2,308.96,4.48,D,0
18.6501,80.36748,336.92,0.47,0.48,2024-03-09,818,N20,VIIRS,l,2,308.23,4.48,D,0
18.65062,80.37178,341.98,0.47,0.48,2024-03-09,818,N20,VIIRS,n,2,306.11,4.48,D,0
18.65412,78.25082,343.38,0.53,0.42,2024-03-09,818,N20,VIIRS,n,2,310.58,5.19,D,0
18.67532,79.55371,339.09,0.42,0.45,2024-03-09,818,N20,VIIRS,l,2,311.19,6.57,D,0
18.68824,80.425,335.83,0.47,0.48,2024-03-09,818,N20,VIIRS,l,2,306.69,2.57,D,0
18.68826,80.42519,333.94,0.47,0.48,2024-03-09,818,N20,VIIRS,l,2,307.11,1.81,D,0
18.71403,78.20184,337.2,0.52,0.42,2024-03-09,818,N20,VIIRS,l,2,307.28,3.68,D,0
18.71754,79.53674,336.24,0.42,0.45,2024-03-09,818,N20,VIIRS,l,2,310.85,6.26,D,2
18.71786,78.20132,337.6,0.52,0.42,2024-03-09,818,N20,VIIRS,n,2,307.14,3.68,D,0
18.72091,80.32274,335.24,0.47,0.48,2024-03-09,818,N20,VIIRS,l,2,306.9,3.29,D,0
18.73807,80.35517,342.58,0.47,0.48,2024-03-09,818,N20,VIIRS,n,2,306.92,9.19,D,0
18.7753,80.20969,338.46,0.46,0.47,2024-03-09,818,N20,VIIRS,n,2,308.11,3.9,D,0
18.77565,80.99605,332.57,0.52,0.5,2024-03-09,818,N20,VIIRS,l,2,303.94,4.04,D,0
18.80396,80.8397,331.81,0.51,0.49,2024-03-09,818,N20,VIIRS,l,2,305.86,4.96,D,0
18.80425,79.12867,331.56,0.4,0.44,2024-03-09,818,N20,VIIRS,l,2,306.29,4.93,D,0
18.80451,80.84445,335.38,0.51,0.49,2024-03-09,818,N20,VIIRS,n,2,304.33,4.51,D,0
18.80849,80.8392,336.43,0.51,0.49,2024-03-09,818,N20,VIIRS,n,2,305.73,5.12,D,0
18.82777,80.2431,345.07,0.46,0.47,2024-03-09,818,N20,VIIRS,n,2,307.33,11.99,D,0
18.83213,80.24256,345.17,0.46,0.47,2024-03-09,818,N20,VIIRS,n,2,309.55,11.99,D,0
18.83649,80.24205,342.81,0.46,0.47,2024-03-09,818,N20,VIIRS,n,2,307.95,4.2,D,0
18.83701,80.24644,331.75,0.46,0.47,2024-03-09,818,N20,VIIRS,l,2,306.73,3.11,D,0
18.84085,80.24156,333.87,0.46,0.47,2024-03-09,818,N20,VIIRS,l,2,305.54,4.2,D,0
18.86046,80.22075,333.59,0.46,0.47,2024-03-09,818,N20,VIIRS,l,2,306.91,5.09,D,0
18.86537,80.22479,332.65,0.46,0.47,2024-03-09,818,N20,VIIRS,l,2,306.91,3.97,D,0
18.86611,78.57272,343.58,0.55,0.43,2024-03-09,818,N20,VIIRS,n,2,309.5,8.66,D,0
18.91813,79.38261,341.66,0.41,0.45,2024-03-09,818,N20,VIIRS,n,2,310.18,6.65,D,0
18.91861,79.38652,338.99,0.41,0.45,2024-03-09,818,N20,VIIRS,n,2,308.43,2.49,D,0
18.92178,79.37816,343.6,0.41,0.45,2024-03-09,818,N20,VIIRS,n,2,310.57,5.9,D,0
18.9572,79.3259,335.86,0.41,0.45,2024-03-09,818,N20,VIIRS,l,2,309.63,3.02,D,0
18.95798,78.57367,334.28,0.55,0.43,2024-03-09,818,N20,VIIRS,l,2,307.94,3.06,D,0
18.98692,78.86683,340.29,0.38,0.43,2024-03-09,818,N20,VIIRS,n,2,306.77,3.28,D,0
18.99022,79.29738,337.31,0.41,0.45,2024-03-09,818,N20,VIIRS,l,2,307.65,4.67,D,0
18.99121,79.29754,333.88,0.41,0.45,2024-03-09,818,N20,VIIRS,l,2,307.35,4.19,D,0
19.01135,78.8673,338.79,0.38,0.43,2024-03-09,818,N20,VIIRS,n,2,306.86,1.23,D,0
19.01462,81.26305,346.76,0.54,0.51,2024-03-09,818,N20,VIIRS,n,2,307.98,6.91,D,0
19.01641,81.2606,337.62,0.54,0.51,2024-03-09,818,N20,VIIRS,l,2,307.7,5.59,D,0
19.03684,78.59728,352.89,0.56,0.43,2024-03-09,818,N20,VIIRS,n,2,312.69,10.05,D,0
19.08266,80.1728,333.15,0.46,0.47,2024-03-09,818,N20,VIIRS,l,2,305.25,2.92,D,0
19.10672,80.17941,339.45,0.46,0.47,2024-03-09,818,N20,VIIRS,n,2,306.16,3.09,D,0
19.11437,80.09358,347.03,0.46,0.47,2024-03-09,818,N20,VIIRS,n,2,307.97,3.78,D,0
19.11633,78.53189,341.53,0.55,0.43,2024-03-09,818,N20,VIIRS,n,2,313.33,4.58,D,0
19.1167,78.53456,335.02,0.55,0.43,2024-03-09,818,N20,VIIRS,l,2,307.91,1.76,D,0
19.1187,80.09296,339.26,0.46,0.47,2024-03-09,818,N20,VIIRS,n,2,306.92,3.78,D,0
19.1257,80.00386,337.14,0.45,0.47,2024-03-09,818,N20,VIIRS,l,2,309.87,1.67,D,0
19.12814,80.02435,338.78,0.45,0.47,2024-03-09,818,N20,VIIRS,n,2,307.49,2.98,D,0
19.12863,80.02849,342.96,0.45,0.47,2024-03-09,818,N20,VIIRS,n,2,306.71,2.98,D,0
19.13577,80.01498,342.0,0.45,0.47,2024-03-09,818,N20,VIIRS,n,2,308.21,4.38,D,0
19.13625,80.01898,332.24,0.45,0.47,2024-03-09,818,N20,VIIRS,l,2,305.71,4.38,D,0
19.13712,80.25052,330.56,0.47,0.48,2024-03-09,818,N20,VIIRS,l,2,304.7,2.9,D,0
19.1376,80.25462,344.96,0.47,0.48,2024-03-09,818,N20,VIIRS,n,2,304.9,4.32,D,0
19.14021,78.5313,339.11,0.55,0.43,2024-03-09,818,N20,VIIRS,l,2,310.16,3.84,D,0
19.14213,79.95875,347.7,0.45,0.47,2024-03-09,818,N20,VIIRS,n,2,311.02,5.03,D,0
19.14314,79.96715,355.98,0.45,0.47,2024-03-09,818,N20,VIIRS,n,2,311.42,11.28,D,0
19.14365,79.97141,342.14,0.45,0.47,2024-03-09,818,N20,VIIRS,n,2,307.05,6.11,D,0
19.14471,79.98022,334.01,0.45,0.47,2024-03-09,818,N20,VIIRS,l,2,308.93,3.86,D,0
19.14482,78.53616,335.28,0.55,0.43,2024-03-09,818,N20,VIIRS,l,2,309.02,3.84,D,0
19.14587,80.24934,334.51,0.47,0.48,2024-03-09,818,N20,VIIRS,l,2,305.86,9.12,D,0
19.14591,79.95396,336.07,0.45,0.47,2024-03-09,818,N20,VIIRS,l,2,310.84,5.03,D,0
19.14634,80.25343,337.78,0.47,0.48,2024-03-09,818,N20,VIIRS,n,2,305.4,7.73,D,0
19.1464,79.95803,338.7,0.45,0.47,2024-03-09,818,N20,VIIRS,n,2,310.35,5.03,D,0
19.14675,78.51984,337.32,0.55,0.43,2024-03-09,818,N20,VIIRS,l,2,312.2,6.65,D,0
19.14689,79.96215,367.0,0.45,0.47,2024-03-09,818,N20,VIIRS,h,2,312.37,11.28,D,0
19.14741,79.96639,348.3,0.45,0.47,2024-03-09,818,N20,VIIRS,n,2,308.95,11.28,D,0
19.1493,80.24072,337.84,0.47,0.48,2024-03-09,818,N20,VIIRS,n,2,305.66,3.74,D,0
19.15068,80.25255,340.35,0.47,0.48,2024-03-09,818,N20,VIIRS,n,2,306.68,6.22,D,0
19.1512,79.96165,344.61,0.45,0.47,2024-03-09,818,N20,VIIRS,n,2,312.19,8.58,D,0
19.15202,78.53002,341.36,0.55,0.43,2024-03-09,818,N20,VIIRS,n,2,309.43,6.18,D,0
19.15403,78.80526,338.01,0.38,0.43,2024-03-09,818,N20,VIIRS,n,2,307.8,4.88,D,0
19.15483,79.99166,335.49,0.45,0.47,2024-03-09,818,N20,VIIRS,l,2,307.83,3.56,D,0
19.158,78.8046,344.29,0.38,0.43,2024-03-09,818,N20,VIIRS,n,2,311.83,3.79,D,0
19.15831,78.42289,338.95,0.55,0.42,2024-03-09,818,N20,VIIRS,l,2,313.2,4.28,D,0
19.1586,79.98668,340.35,0.45,0.47,2024-03-09,818,N20,VIIRS,n,2,305.57,3.56,D,0
19.15879,79.95235,335.14,0.45,0.47,2024-03-09,818,N20,VIIRS,l,2,309.76,5.95,D,0
19.1593,79.95657,355.75,0.45,0.47,2024-03-09,818,N20,VIIRS,n,2,312.46,5.95,D,0
19.15982,79.96082,346.62,0.45,0.47,2024-03-09,818,N20,VIIRS,n,2,309.6,6.09,D,0
19.16153,78.41709,341.31,0.55,0.42,2024-03-09,818,N20,VIIRS,l,2,314.38,5.94,D,0
19.16198,78.80395,337.03,0.38,0.43,2024-03-09,818,N20,VIIRS,l,2,307.96,3.79,D,0
19.1622,78.42229,341.47,0.55,0.42,2024-03-09,818,N20,VIIRS,l,2,313.44,4.28,D,0
19.16236,79.98174,337.07,0.45,0.47,2024-03-09,818,N20,VIIRS,n,2,306.19,3.79,D,0
19.17143,78.68472,337.19,0.57,0.43,2024-03-09,818,N20,VIIRS,l,2,310.23,3.81,D,0
19.17437,78.80579,353.23,0.38,0.43,2024-03-09,818,N20,VIIRS,n,2,309.91,4.14,D,0
19.17473,78.67884,338.33,0.56,0.43,2024-03-09,818,N20,VIIRS,l,2,310.04,7.02,D,0
19.17691,78.79359,336.15,0.57,0.43,2024-03-09,818,N20,VIIRS,l,2,309.92,5.48,D,0
19.17791,78.80166,354.97,0.38,0.43,2024-03-09,818,N20,VIIRS,n,2,310.97,11.56,D,0
19.17836,78.80524,336.8,0.38,0.43,2024-03-09,818,N20,VIIRS,l,2,307.12,4.14,D,0
19.18023,78.78764,346.83,0.57,0.43,2024-03-09,818,N20,VIIRS,n,2,311.03,9.04,D,0
19.18089,78.79299,342.15,0.57,0.43,2024-03-09,818,N20,VIIRS,n,2,310.52,9.04,D,0
19.18145,78.79746,344.52,0.38,0.43,2024-03-09,818,N20,VIIRS,n,2,309.54,3.65,D,0
19.20069,80.06345,345.87,0.46,0.47,2024-03-09,818,N20,VIIRS,n,2,302.54,11.44,D,0
19.20117,80.06763,336.34,0.46,0.47,2024-03-09,818,N20,VIIRS,n,2,301.12,6.75,D,0
19.2024,80.00282,344.95,0.45,0.47,2024-03-09,818,N20,VIIRS,n,2,308.45,9.3,D,0
19.20379,79.6161,337.28,0.43,0.46,2024-03-09,818,N20,VIIRS,l,2,311.42,6.45,D,0
19.2055,80.0671,355.56,0.46,0.47,2024-03-09,818,N20,VIIRS,n,2,300.77,6.75,D,0
19.20597,80.07117,344.67,0.46,0.47,2024-03-09,818,N20,VIIRS,n,2,290.03,6.75,D,0
19.21213,78.53207,338.73,0.55,0.43,2024-03-09,818,N20,VIIRS,l,2,310.84,6.09,D,0
19.21259,78.5353,339.35,0.56,0.43,2024-03-09,818,N20,VIIRS,l,2,312.04,4.5,D,0
19.22784,78.9408,334.38,0.39,0.44,2024-03-09,818,N20,VIIRS,l,2,308.81,1.38,D,0
19.23419,78.54852,338.82,0.56,0.43,2024-03-09,818,N20,VIIRS,l,2,311.81,7.62,D,0
19.23666,79.95988,338.47,0.45,0.47,2024-03-09,818,N20,VIIRS,l,2,309.6,5.07,D,0
19.23955,78.65702,333.71,0.56,0.43,2024-03-09,818,N20,VIIRS,l,2,308.58,3.28,D,0
19.24217,78.64566,342.06,0.56,0.43,2024-03-09,818,N20,VIIRS,n,2,310.69,5.51,D,0
19.24719,80.19766,342.5,0.47,0.47,2024-03-09,818,N20,VIIRS,n,2,308.64,5.37,D,0
19.25253,78.53541,334.62,0.56,0.43,2024-03-09,818,N20,VIIRS,l,2,308.13,3.54,D,0
19.25588,80.76314,331.15,0.51,0.49,2024-03-09,818,N20,VIIRS,l,2,304.67,2.66,D,0
19.25607,78.72589,353.15,0.57,0.43,2024-03-09,818,N20,VIIRS,n,2,311.78,43.82,D,0
19.25645,78.53483,334.61,0.56,0.43,2024-03-09,818,N20,VIIRS,l,2,308.74,4.53,D,0
19.25999,78.65971,337.97,0.56,0.43,2024-03-09,818,N20,VIIRS,l,2,312.13,5.09,D,0
19.26065,78.66504,336.63,0.57,0.43,2024-03-09,818,N20,VIIRS,l,2,310.77,5.09,D,0
19.26395,78.65913,338.19,0.56,0.43,2024-03-09,818,N20,VIIRS,l,2,310.63,17.08,D,0
19.264,78.72472,344.14,0.57,0.43,2024-03-09,818,N20,VIIRS,n,2,310.19,8.05,D,0
19.26534,78.73553,336.64,0.57,0.43,2024-03-09,818,N20,VIIRS,l,2,311.01,5.43,D,0
19.26798,78.72425,343.15,0.57,0.43,2024-03-09,818,N20,VIIRS,n,2,312.45,8.05,D,0
19.26856,78.66387,338.74,0.57,0.43,2024-03-09,818,N20,VIIRS,l,2,313.59,17.08,D,0
19.26922,78.66918,337.15,0.57,0.43,2024-03-09,818,N20,VIIRS,l,2,310.73,41.9,D,0
19.27016,78.51685,346.86,0.55,0.43,2024-03-09,818,N20,VIIRS,n,2,308.6,6.92,D,0
19.27034,78.54987,343.38,0.56,0.43,2024-03-09,818,N20,VIIRS,n,2,313.22,6.36,D,0
19.27063,78.71303,338.1,0.57,0.43,2024-03-09,818,N20,VIIRS,l,2,310.68,4.59,D,0
19.27252,78.66329,340.47,0.57,0.43,2024-03-09,818,N20,VIIRS,n,2,308.71,3.38,D,0
19.27345,78.51128,337.76,0.55,0.43,2024-03-09,818,N20,VIIRS,l,2,309.56,5.86,D,0
19.27412,78.51656,337.85,0.55,0.43,2024-03-09,818,N20,VIIRS,l,2,308.96,6.92,D,0
19.27794,79.14318,334.54,0.4,0.44,2024-03-09,818,N20,VIIRS,l,2,308.78,3.14,D,0
19.2801,78.53227,337.13,0.56,0.43,2024-03-09,818,N20,VIIRS,l,2,309.67,4.61,D,0
19.29327,78.41745,345.47,0.55,0.42,2024-03-09,818,N20,VIIRS,n,2,314.15,8.01,D,0
19.29749,78.6379,344.28,0.56,0.43,2024-03-09,818,N20,VIIRS,n,2,310.88,7.4,D,0
19.31655,77.23904,342.36,0.48,0.4,2024-03-09,818,N20,VIIRS,n,2,315.81,6.39,D,0
19.31902,78.74427,336.47,0.57,0.43,2024-03-09,818,N20,VIIRS,l,2,309.82,2.61,D,0
19.32344,80.04617,342.37,0.46,0.47,2024-03-09,818,N20,VIIRS,n,2,314.66,7.62,D,0
19.33256,78.66035,340.02,0.57,0.43,2024-03-09,818,N20,VIIRS,n,2,308.81,3.14,D,0
19.33651,78.65973,342.38,0.57,0.43,2024-03-09,818,N20,VIIRS,n,2,310.76,11.05,D,0
19.33831,78.71722,338.52,0.57,0.43,2024-03-09,818,N20,VIIRS,n,2,311.65,3.35,D,0
19.33944,78.714,338.2,0.57,0.43,2024-03-09,818,N20,VIIRS,n,2,310.52,4.24,D,0
19.38002,79.8974,339.99,0.45,0.47,2024-03-09,818,N20,VIIRS,n,2,308.53,4.01,D,0
19.46992,79.12289,344.83,0.4,0.44,2024-03-09,818,N20,VIIRS,n,2,312.73,8.28,D,0
19.50571,79.24311,343.2,0.41,0.45,2024-03-09,818,N20,VIIRS,n,2,310.94,3.94,D,0
19.53536,80.06123,344.6,0.46,0.47,2024-03-09,818,N20,VIIRS,n,2,310.08,5.67,D,0
19.60007,80.16008,330.3,0.47,0.48,2024-03-09,818,N20,VIIRS,l,2,304.82,0.82,D,0
19.64092,77.64992,345.42,0.5,0.41,2024-03-09,818,N20,VIIRS,n,2,314.4,6.29,D,0
19.67484,79.31358,340.45,0.42,0.45,2024-03-09,818,N20,VIIRS,l,2,314.73,7.47,D,0
19.68121,79.29654,341.4,0.42,0.45,2024-03-09,818,N20,VIIRS,l,2,315.27,7.16,D,0
19.68169,79.30051,345.3,0.42,0.45,2024-03-09,818,N20,VIIRS,n,2,315.95,8.16,D,0
19.71687,80.79738,335.08,0.52,0.5,2024-03-09,818,N20,VIIRS,l,2,307.5,4.33,D,0
19.72615,78.68466,348.47,0.38,0.43,2024-03-09,818,N20,VIIRS,n,2,318.73,6.54,D,0
19.74602,78.3984,344.61,0.55,0.43,2024-03-09,818,N20,VIIRS,l,2,316.62,10.81,D,0
19.74635,78.40096,345.16,0.55,0.43,2024-03-09,818,N20,VIIRS,n,2,314.04,6.54,D,0
19.77934,79.39413,338.28,0.42,0.45,2024-03-09,818,N20,VIIRS,l,2,312.62,4.93,D,0
19.80171,79.51099,337.63,0.43,0.46,2024-03-09,818,N20,VIIRS,n,2,310.96,3.05,D,0
19.80219,79.51507,341.86,0.43,0.46,2024-03-09,818,N20,VIIRS,n,2,310.01,3.89,D,0
19.80472,78.45276,345.13,0.56,0.43,2024-03-09,818,N20,VIIRS,n,2,315.9,18.24,D,0
19.81031,80.55258,334.1,0.5,0.49,2024-03-09,818,N20,VIIRS,l,2,309.07,4.36,D,0
19.90266,81.34579,349.44,0.56,0.52,2024-03-09,818,N20,VIIRS,n,2,309.52,10.36,D,0
19.91492,81.19543,333.97,0.55,0.51,2024-03-09,818,N20,VIIRS,l,2,306.93,6.95,D,0
19.92491,80.61863,335.3,0.51,0.49,2024-03-09,818,N20,VIIRS,l,2,307.59,4.3,D,0
19.93171,79.34539,342.35,0.42,0.45,2024-03-09,818,N20,VIIRS,n,2,309.9,3.24,D,0
19.94373,81.15485,330.58,0.55,0.51,2024-03-09,818,N20,VIIRS,l,2,305.4,3.4,D,0
19.96515,80.60872,345.49,0.51,0.49,2024-03-09,818,N20,VIIRS,n,2,307.37,7.02,D,0
19.9668,79.34151,335.03,0.42,0.45,2024-03-09,818,N20,VIIRS,l,2,307.72,2.1,D,0
19.96782,78.7325,340.45,0.39,0.44,2024-03-09,818,N20,VIIRS,l,2,314.53,2.95,D,0
19.9709,78.72451,344.39,0.39,0.44,2024-03-09,818,N20,VIIRS,n,2,313.02,6.68,D,0
19.97348,78.71262,340.17,0.39,0.44,2024-03-09,818,N20,VIIRS,l,2,313.06,4.7,D,0
19.97466,80.93988,336.61,0.53,0.5,2024-03-09,818,N20,VIIRS,l,2,309.29,4.76,D,0
19.97928,80.93927,341.46,0.53,0.5,2024-03-09,818,N20,VIIRS,n,2,308.45,3.87,D,0
19.99223,80.76439,335.88,0.52,0.5,2024-03-09,818,N20,VIIRS,n,2,304.24,5.33,D,0
19.99356,80.56281,335.35,0.5,0.49,2024-03-09,818,N20,VIIRS,l,2,309.12,3.36,D,0
19.99458,80.74443,338.07,0.52,0.5,2024-03-09,818,N20,VIIRS,n,2,306.3,7.57,D,0
17.31057,78.17676,303.96,0.46,0.47,2024-03-09,2048,N20,VIIRS,n,2,291.85,1.15,N,0
17.59252,77.09302,318.09,0.39,0.44,2024-03-09,2048,N20,VIIRS,n,2,295.04,1.84,N,0
17.59649,77.09387,307.53,0.39,0.44,2024-03-09,2048,N20,VIIRS,n,2,293.91,0.95,N,0
17.65644,77.6093,309.14,0.42,0.45,2024-03-09,2048,N20,VIIRS,n,2,292.46,1.15,N,0
17.72321,77.81519,305.15,0.43,0.46,2024-03-09,2048,N20,VIIRS,n,2,292.74,0.72,N,0
18.35074,78.16931,312.96,0.44,0.46,2024-03-09,2048,N20,VIIRS,n,2,292.24,1.0,N,0
18.35494,78.17017,304.62,0.44,0.46,2024-03-09,2048,N20,VIIRS,n,2,291.74,1.0,N,0
18.48549,78.01495,305.13,0.43,0.46,2024-03-09,2048,N20,VIIRS,n,2,294.21,1.24,N,0
18.49374,78.13039,305.11,0.44,0.46,2024-03-09,2048,N20,VIIRS,n,2,293.67,1.01,N,0
18.49663,77.8898,307.07,0.42,0.45,2024-03-09,2048,N20,VIIRS,n,2,294.21,1.11,N,0
18.57931,78.50842,305.67,0.46,0.47,2024-03-09,2048,N20,VIIRS,n,2,293.44,1.17,N,0
18.58351,78.50976,309.02,0.46,0.47,2024-03-09,2048,N20,VIIRS,n,2,293.75,1.87,N,0
18.67024,78.65215,306.55,0.47,0.48,2024-03-09,2048,N20,VIIRS,n,2,294.21,1.33,N,0
18.67674,79.55574,315.49,0.54,0.51,2024-03-09,2048,N20,VIIRS,n,2,294.67,2.52,N,0
18.71838,79.53592,311.97,0.53,0.5,2024-03-09,2048,N20,VIIRS,n,2,294.52,1.74,N,0
18.71906,79.53407,312.87,0.53,0.5,2024-03-09,2048,N20,VIIRS,n,2,294.85,2.64,N,0
18.72295,79.53685,307.82,0.53,0.5,2024-03-09,2048,N20,VIIRS,n,2,295.07,1.74,N,2
18.72363,79.53498,308.02,0.53,0.5,2024-03-09,2048,N20,VIIRS,n,2,294.85,2.2,N,2
19.0474,80.28394,305.24,0.59,0.53,2024-03-09,2048,N20,VIIRS,n,2,294.36,1.69,N,0
19.12988,78.88954,305.19,0.48,0.48,2024-03-09,2048,N20,VIIRS,n,2,294.66,2.08,N,0
19.13379,80.02644,305.9,0.56,0.52,2024-03-09,2048,N20,VIIRS,n,2,294.06,6.81,N,0
19.13849,80.02732,354.15,0.56,0.52,2024-03-09,2048,N20,VIIRS,n,2,296.09,6.81,N,0
19.13995,78.52337,305.72,0.45,0.47,2024-03-09,2048,N20,VIIRS,n,2,293.4,1.5,N,0
19.14039,80.01781,311.8,0.56,0.52,2024-03-09,2048,N20,VIIRS,n,2,295.42,4.56,N,0
19.15938,79.99571,309.24,0.56,0.52,2024-03-09,2048,N20,VIIRS,n,2,294.46,2.77,N,0
19.16145,79.9853,314.69,0.56,0.51,2024-03-09,2048,N20,VIIRS,n,2,294.42,4.34,N,0
19.16285,79.95376,306.35,0.56,0.51,2024-03-09,2048,N20,VIIRS,n,2,294.37,2.46,N,0
19.16333,79.98813,324.84,0.56,0.51,2024-03-09,2048,N20,VIIRS,n,2,295.0,3.8,N,0
19.16439,79.98296,309.12,0.56,0.51,2024-03-09,2048,N20,VIIRS,n,2,294.44,3.8,N,0
19.16543,79.9779,305.91,0.56,0.51,2024-03-09,2048,N20,VIIRS,n,2,294.53,2.63,N,0
19.16613,79.98617,339.22,0.56,0.51,2024-03-09,2048,N20,VIIRS,n,2,295.53,4.34,N,0
19.16715,79.98102,312.84,0.56,0.51,2024-03-09,2048,N20,VIIRS,n,2,294.68,4.63,N,0
19.16907,79.98386,335.5,0.56,0.51,2024-03-09,2048,N20,VIIRS,n,2,295.61,3.8,N,0
19.1708,79.98711,307.03,0.56,0.51,2024-03-09,2048,N20,VIIRS,n,2,294.07,2.08,N,0
19.18642,78.61987,307.57,0.46,0.47,2024-03-09,2048,N20,VIIRS,n,2,295.19,1.81,N,0
19.19407,78.62626,304.61,0.46,0.47,2024-03-09,2048,N20,VIIRS,n,2,293.98,2.56,N,0
19.19836,80.05507,311.89,0.56,0.52,2024-03-09,2048,N20,VIIRS,n,2,294.17,3.99,N,0
19.19915,78.62289,306.81,0.46,0.47,2024-03-09,2048,N20,VIIRS,n,2,294.52,1.73,N,0
19.20299,78.70798,303.92,0.46,0.47,2024-03-09,2048,N20,VIIRS,n,2,293.31,1.22,N,0
19.20487,78.70952,310.58,0.46,0.47,2024-03-09,2048,N20,VIIRS,n,2,293.1,2.15,N,0
19.20729,78.7088,309.22,0.46,0.47,2024-03-09,2048,N20,VIIRS,n,2,293.56,1.22,N,0
19.20918,78.71033,304.98,0.46,0.47,2024-03-09,2048,N20,VIIRS,n,2,293.66,2.33,N,0
19.20935,80.07313,305.06,0.57,0.52,2024-03-09,2048,N20,VIIRS,n,2,294.04,2.85,N,0
19.2116,78.70962,308.46,0.46,0.47,2024-03-09,2048,N20,VIIRS,n,2,294.82,1.52,N,0
19.22523,78.68571,305.25,0.46,0.47,2024-03-09,2048,N20,VIIRS,n,2,292.88,1.39,N,0
19.23186,78.56176,306.08,0.45,0.47,2024-03-09,2048,N20,VIIRS,n,2,294.56,2.08,N,0
19.24058,78.67553,309.35,0.46,0.47,2024-03-09,2048,N20,VIIRS,n,2,292.87,1.79,N,0
19.2554,78.7368,303.21,0.46,0.47,2024-03-09,2048,N20,VIIRS,n,2,292.57,0.66,N,0
19.25687,78.68331,306.77,0.46,0.47,2024-03-09,2048,N20,VIIRS,n,2,292.9,0.92,N,0
19.25969,78.73772,305.58,0.46,0.47,2024-03-09,2048,N20,VIIRS,n,2,292.42,0.7,N,0
19.26052,78.73344,305.35,0.46,0.47,2024-03-09,2048,N20,VIIRS,n,2,292.6,0.7,N,0
19.26281,78.67565,304.49,0.46,0.47,2024-03-09,2048,N20,VIIRS,n,2,293.3,0.85,N,0
19.26364,78.67138,307.62,0.46,0.47,2024-03-09,2048,N20,VIIRS,n,2,293.17,0.85,N,0
19.26792,78.67223,306.08,0.46,0.47,2024-03-09,2048,N20,VIIRS,n,2,293.49,0.85,N,0
19.26991,78.73105,303.46,0.46,0.47,2024-03-09,2048,N20,VIIRS,n,2,292.14,0.44,N,0
19.27798,78.50629,302.33,0.45,0.47,2024-03-09,2048,N20,VIIRS,n,2,292.25,1.71,N,0
19.27941,79.91701,308.95,0.55,0.51,2024-03-09,2048,N20,VIIRS,n,2,295.25,3.42,N,0
19.31944,78.73928,303.96,0.46,0.47,2024-03-09,2048,N20,VIIRS,n,2,292.09,0.8,N,0
19.33032,78.66146,304.0,0.46,0.47,2024-03-09,2048,N20,VIIRS,n,2,293.71,1.87,N,0
19.33197,78.63058,308.35,0.46,0.47,2024-03-09,2048,N20,VIIRS,n,2,292.85,1.33,N,0
19.33321,78.63248,308.22,0.46,0.47,2024-03-09,2048,N20,VIIRS,n,2,292.91,0.56,N,0
19.3334,78.65488,306.46,0.46,0.47,2024-03-09,2048,N20,VIIRS,n,2,293.62,0.75,N,0
19.33628,78.65376,311.96,0.46,0.47,2024-03-09,2048,N20,VIIRS,n,2,293.81,1.28,N,0
19.34054,78.65462,307.87,0.46,0.47,2024-03-09,2048,N20,VIIRS,n,2,293.95,1.33,N,0
19.35929,78.64949,303.77,0.46,0.47,2024-03-09,2048,N20,VIIRS,n,2,292.0,1.52,N,0
19.36719,78.70017,304.33,0.46,0.47,2024-03-09,2048,N20,VIIRS,n,2,291.94,1.2,N,0
19.37114,79.33269,322.33,0.5,0.49,2024-03-09,2048,N20,VIIRS,n,2,292.23,2.99,N,0
19.41862,79.43262,309.77,0.51,0.49,2024-03-09,2048,N20,VIIRS,n,2,293.82,2.73,N,0
19.41952,79.49829,311.22,0.51,0.5,2024-03-09,2048,N20,VIIRS,n,2,294.65,1.99,N,0
19.5801,81.05434,301.86,0.32,0.55,2024-03-09,2048,N20,VIIRS,n,2,291.19,0.53,N,0
19.58073,81.05132,301.84,0.32,0.55,2024-03-09,2048,N20,VIIRS,n,2,291.44,0.53,N,0
19.58498,81.05576,302.57,0.32,0.55,2024-03-09,2048,N20,VIIRS,n,2,291.75,0.53,N,0
19.70998,78.32489,305.64,0.43,0.46,2024-03-09,2048,N20,VIIRS,n,2,293.75,0.97,N,0
19.71207,78.34444,313.22,0.43,0.46,2024-03-09,2048,N20,VIIRS,n,2,294.23,2.22,N,0
19.7145,78.34673,304.76,0.43,0.46,2024-03-09,2048,N20,VIIRS,n,2,293.68,1.05,N,0
19.71526,78.34267,304.91,0.43,0.46,2024-03-09,2048,N20,VIIRS,n,2,293.3,1.52,N,0
19.78522,79.14671,312.64,0.48,0.48,2024-03-09,2048,N20,VIIRS,n,2,296.16,2.13,N,2
19.78584,79.14529,305.23,0.48,0.48,2024-03-09,2048,N20,VIIRS,n,2,294.68,1.64,N,2
19.79761,77.7228,298.88,0.39,0.44,2024-03-09,2048,N20,VIIRS,n,2,287.91,0.33,N,0
19.87918,78.71935,304.19,0.45,0.47,2024-03-09,2048,N20,VIIRS,n,2,293.15,1.23,N,0
19.91279,79.30884,304.95,0.49,0.49,2024-03-09,2048,N20,VIIRS,n,2,293.24,0.92,N,0
19.91985,79.11201,309.43,0.48,0.48,2024-03-09,2048,N20,VIIRS,n,2,295.68,1.67,N,2
19.97928,78.72102,305.15,0.45,0.47,2024-03-09,2048,N20,VIIRS,n,2,294.22,1.16,N,0
19.98012,78.71679,309.24,0.45,0.47,2024-03-09,2048,N20,VIIRS,n,2,294.09,1.16,N,0
19.98095,78.7126,315.84,0.45,0.47,2024-03-09,2048,N20,VIIRS,n,2,294.22,2.46,N,0
19.98178,78.73071,306.46,0.45,0.47,2024-03-09,2048,N20,VIIRS,n,2,293.67,1.13,N,0
19.98263,78.72639,311.87,0.45,0.47,2024-03-09,2048,N20,VIIRS,n,2,293.34,1.13,N,0
19.98349,78.72206,309.2,0.45,0.47,2024-03-09,2048,N20,VIIRS,n,2,294.3,1.75,N,0
15.9643,80.93932,310.21,0.37,0.58,2024-03-09,2049,N20,VIIRS,n,2,292.31,0.7,N,0
16.08876,77.78565,306.7,0.46,0.47,2024-03-09,2049,N20,VIIRS,n,2,293.97,2.95,N,0
16.12093,78.82395,303.69,0.54,0.5,2024-03-09,2049,N20,VIIRS,n,2,292.56,1.71,N,0
16.22349,78.7102,302.63,0.52,0.5,2024-03-09,2049,N20,VIIRS,n,2,290.87,0.96,N,0
16.94238,77.31839,304.49,0.42,0.45,2024-03-09,2049,N20,VIIRS,n,2,294.05,0.51,N,0
