latitude,longitude,bright_ti4,scan,track,acq_date,acq_time,satellite,instrument,confidence,version,bright_ti5,frp,daynight,type
15.5698,77.00533,334.56,0.53,0.67,2021-04-05,720,N20,VIIRS,l,2,306.69,3.63,D,0
15.59275,78.81391,333.94,0.41,0.6,2021-04-05,720,N20,VIIRS,n,2,300.41,10.23,D,0
15.59344,78.81735,367.0,0.4,0.6,2021-04-05,720,N20,VIIRS,h,2,301.2,13.33,D,0
15.59889,78.81615,367.0,0.4,0.6,2021-04-05,720,N20,VIIRS,h,2,299.42,8.01,D,0
15.70345,77.27666,333.93,0.51,0.66,2021-04-05,720,N20,VIIRS,l,2,305.55,2.41,D,0
15.72077,79.45296,331.37,0.36,0.58,2021-04-05,720,N20,VIIRS,n,2,299.0,4.93,D,0
15.72169,79.1231,330.91,0.38,0.59,2021-04-05,720,N20,VIIRS,n,2,299.31,2.39,D,0
15.72449,79.12149,332.2,0.38,0.59,2021-04-05,720,N20,VIIRS,n,2,299.34,2.58,D,0
16.02293,77.47244,340.96,0.49,0.65,2021-04-05,720,N20,VIIRS,n,2,306.61,3.07,D,0
16.09762,81.14339,330.52,0.55,0.51,2021-04-05,720,N20,VIIRS,l,2,302.69,3.95,D,0
16.09857,81.14849,332.02,0.55,0.51,2021-04-05,720,N20,VIIRS,n,2,300.86,3.95,D,0
16.10066,81.14484,341.81,0.55,0.51,2021-04-05,720,N20,VIIRS,n,2,303.3,9.58,D,0
16.13987,79.0528,338.89,0.38,0.59,2021-04-05,720,N20,VIIRS,n,2,301.23,3.14,D,0
16.14057,79.05622,342.72,0.38,0.59,2021-04-05,720,N20,VIIRS,n,2,301.36,3.71,D,0
16.14178,79.05214,330.66,0.38,0.59,2021-04-05,720,N20,VIIRS,l,2,301.02,3.94,D,0
16.14246,79.0556,344.26,0.38,0.59,2021-04-05,720,N20,VIIRS,n,2,301.39,5.27,D,0
16.15834,77.17085,333.87,0.51,0.66,2021-04-05,720,N20,VIIRS,l,2,305.74,4.96,D,0
16.18352,77.2616,333.91,0.5,0.66,2021-04-05,720,N20,VIIRS,n,2,303.24,1.58,D,0
16.47515,77.76663,336.79,0.46,0.63,2021-04-05,720,N20,VIIRS,n,2,304.42,4.16,D,0
16.48428,79.5985,344.97,0.34,0.56,2021-04-05,720,N20,VIIRS,n,2,298.95,3.01,D,0
16.54524,77.2716,330.63,0.49,0.65,2021-04-05,720,N20,VIIRS,l,2,302.34,1.66,D,0
16.57145,79.69109,331.01,0.34,0.56,2021-04-05,720,N20,VIIRS,n,2,299.72,0.85,D,0
16.65325,79.76867,332.66,0.33,0.56,2021-04-05,720,N20,VIIRS,n,2,300.14,1.23,D,0
16.68636,80.36243,334.04,0.61,0.53,2021-04-05,720,N20,VIIRS,n,2,302.12,3.05,D,0
16.69513,78.8653,339.27,0.38,0.59,2021-04-05,720,N20,VIIRS,n,2,301.42,4.0,D,0
16.77007,78.67084,330.83,0.39,0.6,2021-04-05,720,N20,VIIRS,l,2,302.17,3.18,D,0
16.89429,77.1201,336.93,0.49,0.65,2021-04-05,720,N20,VIIRS,n,2,301.44,3.42,D,0
16.93669,78.68119,334.85,0.39,0.59,2021-04-05,720,N20,VIIRS,n,2,300.7,1.95,D,0
16.93926,78.68123,332.81,0.39,0.59,2021-04-05,720,N20,VIIRS,n,2,300.24,1.39,D,0
17.01104,77.92911,345.14,0.43,0.62,2021-04-05,720,N20,VIIRS,n,2,302.7,6.55,D,0
17.09517,80.86799,336.69,0.55,0.51,2021-04-05,720,N20,VIIRS,n,2,302.41,6.44,D,0
17.111,79.77705,335.41,0.33,0.55,2021-04-05,720,N20,VIIRS,n,2,302.39,3.54,D,0
17.1116,79.78008,334.3,0.33,0.55,2021-04-05,720,N20,VIIRS,n,2,299.26,2.31,D,0
17.20992,81.49673,341.19,0.5,0.49,2021-04-05,720,N20,VIIRS,n,2,300.28,4.12,D,0
17.2218,77.58776,339.18,0.45,0.63,2021-04-05,720,N20,VIIRS,n,2,301.56,4.18,D,0
17.26085,77.94408,350.94,0.43,0.62,2021-04-05,720,N20,VIIRS,n,2,305.46,7.79,D,0
17.2642,81.20717,342.12,0.52,0.5,2021-04-05,720,N20,VIIRS,n,2,301.51,13.69,D,0
17.35652,78.60804,339.02,0.39,0.59,2021-04-05,720,N20,VIIRS,n,2,302.35,3.15,D,0
17.35936,78.60772,330.04,0.39,0.59,2021-04-05,720,N20,VIIRS,l,2,302.26,4.11,D,0
17.36496,81.38487,340.87,0.51,0.49,2021-04-05,720,N20,VIIRS,n,2,300.06,4.04,D,0
17.42362,78.23162,333.07,0.41,0.6,2021-04-05,720,N20,VIIRS,l,2,305.14,1.43,D,0
17.46369,78.06416,332.61,0.42,0.61,2021-04-05,720,N20,VIIRS,l,2,307.52,1.75,D,0
17.51181,79.70698,330.97,0.32,0.55,2021-04-05,720,N20,VIIRS,n,2,299.45,1.65,D,0
17.52376,80.64317,332.9,0.56,0.52,2021-04-05,720,N20,VIIRS,l,2,304.64,6.66,D,0
17.53928,80.44839,341.76,0.58,0.52,2021-04-05,720,N20,VIIRS,n,2,301.5,3.67,D,0
17.59937,79.49451,330.47,0.33,0.56,2021-04-05,720,N20,VIIRS,n,2,299.54,1.6,D,0
17.60578,79.19675,344.63,0.35,0.57,2021-04-05,720,N20,VIIRS,n,2,300.63,4.43,D,0
17.65911,80.52966,334.84,0.57,0.52,2021-04-05,720,N20,VIIRS,n,2,303.15,2.79,D,0
17.6887,79.99783,333.32,0.62,0.54,2021-04-05,720,N20,VIIRS,n,2,299.25,4.83,D,0
17.69699,81.47601,341.48,0.49,0.49,2021-04-05,720,N20,VIIRS,n,2,302.64,13.55,D,0
17.69997,81.47273,344.99,0.49,0.49,2021-04-05,720,N20,VIIRS,n,2,304.93,10.76,D,0
17.73656,80.95261,330.97,0.53,0.5,2021-04-05,720,N20,VIIRS,l,2,304.25,2.72,D,0
17.76337,81.4928,330.63,0.49,0.49,2021-04-05,720,N20,VIIRS,l,2,302.02,1.97,D,0
17.86421,81.37698,330.36,0.5,0.49,2021-04-05,720,N20,VIIRS,l,2,305.11,3.16,D,0
17.87492,81.3604,338.87,0.5,0.49,2021-04-05,720,N20,VIIRS,n,2,302.78,2.68,D,0
17.91741,81.3732,337.94,0.5,0.49,2021-04-05,720,N20,VIIRS,n,2,305.03,1.77,D,0
17.99426,81.34985,333.46,0.5,0.49,2021-04-05,720,N20,VIIRS,l,2,306.82,2.71,D,0
17.99516,81.35448,335.39,0.5,0.49,2021-04-05,720,N20,VIIRS,l,2,306.49,2.71,D,0
17.99629,81.35248,351.23,0.5,0.49,2021-04-05,720,N20,VIIRS,n,2,306.95,6.78,D,0
17.9996,81.35361,330.68,0.5,0.49,2021-04-05,720,N20,VIIRS,l,2,305.03,2.79,D,0
18.00758,81.3711,342.74,0.49,0.49,2021-04-05,720,N20,VIIRS,n,2,307.3,5.53,D,0
18.00857,81.36915,335.79,0.5,0.49,2021-04-05,720,N20,VIIRS,l,2,307.52,3.15,D,0
18.00942,81.37371,332.17,0.49,0.49,2021-04-05,720,N20,VIIRS,l,2,306.6,3.17,D,0
17.34207,77.60754,339.15,0.45,0.63,2021-04-05,721,N20,VIIRS,n,2,307.54,5.35,D,0
17.75924,77.67385,339.53,0.44,0.62,2021-04-05,721,N20,VIIRS,n,2,307.51,1.94,D,0
17.84067,77.20367,344.14,0.47,0.64,2021-04-05,721,N20,VIIRS,n,2,307.73,2.04,D,0
17.94493,79.33415,331.75,0.34,0.56,2021-04-05,721,N20,VIIRS,n,2,299.62,1.09,D,0
17.96443,78.8735,335.44,0.36,0.57,2021-04-05,721,N20,VIIRS,n,2,302.95,2.66,D,0
18.08538,80.52926,335.0,0.56,0.51,2021-04-05,721,N20,VIIRS,n,2,303.09,3.44,D,0
18.08663,81.09483,340.08,0.51,0.5,2021-04-05,721,N20,VIIRS,n,2,303.42,3.58,D,0
18.10382,79.16346,348.51,0.34,0.56,2021-04-05,721,N20,VIIRS,n,2,302.03,5.18,D,0
18.13172,81.30514,335.16,0.5,0.49,2021-04-05,721,N20,VIIRS,l,2,308.41,2.43,D,0
18.14972,77.4357,367.0,0.44,0.63,2021-04-05,721,N20,VIIRS,h,2,310.03,8.58,D,0
18.16217,80.18954,349.02,0.59,0.53,2021-04-05,721,N20,VIIRS,n,2,303.87,14.91,D,0
18.201,81.12289,330.9,0.51,0.49,2021-04-05,721,N20,VIIRS,l,2,304.1,2.41,D,0
18.2037,78.21053,334.81,0.39,0.6,2021-04-05,721,N20,VIIRS,l,2,306.79,2.46,D,0
18.20514,78.21747,347.73,0.39,0.6,2021-04-05,721,N20,VIIRS,n,2,306.05,5.41,D,0
18.21248,81.08569,343.22,0.51,0.49,2021-04-05,721,N20,VIIRS,n,2,305.25,6.85,D,0
18.21873,81.06963,339.55,0.51,0.5,2021-04-05,721,N20,VIIRS,n,2,303.64,4.82,D,0
18.22804,81.28725,332.05,0.5,0.49,2021-04-05,721,N20,VIIRS,l,2,306.9,1.78,D,0
18.2814,81.2532,334.73,0.5,0.49,2021-04-05,721,N20,VIIRS,n,2,303.9,6.01,D,0
18.47271,77.33585,354.18,0.44,0.63,2021-04-05,721,N20,VIIRS,n,2,309.03,7.02,D,0
18.53521,81.13395,338.91,0.5,0.49,2021-04-05,721,N20,VIIRS,n,2,305.02,8.59,D,0
18.55586,78.19981,330.87,0.39,0.59,2021-04-05,721,N20,VIIRS,l,2,305.52,2.98,D,0
18.60822,78.56183,332.46,0.37,0.58,2021-04-05,721,N20,VIIRS,l,2,304.7,1.99,D,0
18.61953,80.02035,330.54,0.59,0.53,2021-04-05,721,N20,VIIRS,l,2,300.79,3.21,D,0
18.63849,80.88639,335.65,0.52,0.5,2021-04-05,721,N20,VIIRS,l,2,306.16,4.19,D,0
18.6394,80.89115,331.34,0.52,0.5,2021-04-05,721,N20,VIIRS,l,2,305.8,4.19,D,0
18.64212,80.88084,332.71,0.52,0.5,2021-04-05,721,N20,VIIRS,l,2,303.25,5.35,D,0
18.64302,80.88557,336.02,0.52,0.5,2021-04-05,721,N20,VIIRS,n,2,303.6,4.19,D,0
18.65044,80.9489,330.08,0.51,0.5,2021-04-05,721,N20,VIIRS,l,2,304.55,2.14,D,0
18.65318,80.93881,330.07,0.51,0.5,2021-04-05,721,N20,VIIRS,l,2,304.09,5.48,D,0
18.66291,80.8916,331.98,0.52,0.5,2021-04-05,721,N20,VIIRS,l,2,305.2,4.87,D,0
18.66387,80.88912,332.9,0.52,0.5,2021-04-05,721,N20,VIIRS,n,2,304.63,3.33,D,0
18.66832,80.89548,344.07,0.52,0.5,2021-04-05,721,N20,VIIRS,n,2,305.52,5.61,D,0
18.66932,80.89299,341.67,0.52,0.5,2021-04-05,721,N20,VIIRS,n,2,305.05,6.37,D,0
18.67025,80.89772,341.78,0.52,0.5,2021-04-05,721,N20,VIIRS,n,2,305.05,6.37,D,0
18.67283,80.89455,340.12,0.52,0.5,2021-04-05,721,N20,VIIRS,n,2,304.35,5.61,D,0
18.68714,80.84023,339.23,0.52,0.5,2021-04-05,721,N20,VIIRS,n,2,302.4,5.14,D,0
18.68803,80.84478,333.87,0.52,0.5,2021-04-05,721,N20,VIIRS,n,2,303.02,5.14,D,0
18.69128,80.25848,338.85,0.57,0.52,2021-04-05,721,N20,VIIRS,n,2,303.81,4.71,D,0
18.71729,81.22845,342.26,0.49,0.49,2021-04-05,721,N20,VIIRS,n,2,309.3,4.51,D,0
18.71795,81.23197,331.0,0.49,0.49,2021-04-05,721,N20,VIIRS,l,2,304.62,4.51,D,0
18.73595,81.49552,335.42,0.47,0.48,2021-04-05,721,N20,VIIRS,l,2,308.14,1.73,D,0
18.91215,80.99375,340.14,0.5,0.49,2021-04-05,721,N20,VIIRS,n,2,303.92,6.48,D,0
18.91257,79.39655,354.99,0.32,0.55,2021-04-05,721,N20,VIIRS,n,2,303.38,3.35,D,0
18.91317,79.39958,332.1,0.32,0.55,2021-04-05,721,N20,VIIRS,l,2,302.93,3.33,D,0
18.91446,80.99569,339.3,0.5,0.49,2021-04-05,721,N20,VIIRS,n,2,303.35,5.65,D,0
18.91749,79.39541,333.56,0.32,0.55,2021-04-05,721,N20,VIIRS,n,2,300.46,3.35,D,0
18.91809,79.39841,337.2,0.32,0.55,2021-04-05,721,N20,VIIRS,n,2,300.25,3.33,D,0
18.9565,79.84629,351.81,0.6,0.53,2021-04-05,721,N20,VIIRS,n,2,302.51,11.03,D,0
19.04361,80.52719,330.68,0.54,0.51,2021-04-05,721,N20,VIIRS,l,2,305.35,3.11,D,0
19.112,80.56254,348.81,0.53,0.5,2021-04-05,721,N20,VIIRS,n,2,306.62,16.82,D,0
19.14254,78.91405,367.0,0.34,0.56,2021-04-05,721,N20,VIIRS,h,2,304.52,5.78,D,0
19.15584,81.02883,341.54,0.5,0.49,2021-04-05,721,N20,VIIRS,n,2,305.02,4.81,D,0
19.15773,80.70159,339.01,0.52,0.5,2021-04-05,721,N20,VIIRS,n,2,306.68,3.89,D,0
19.17279,77.61353,342.46,0.41,0.61,2021-04-05,721,N20,VIIRS,l,2,312.64,3.14,D,0
19.17914,77.61636,351.57,0.41,0.61,2021-04-05,721,N20,VIIRS,n,2,313.81,6.58,D,0
19.18207,77.60303,338.54,0.41,0.61,2021-04-05,721,N20,VIIRS,l,2,313.21,4.15,D,0
19.19032,80.92044,342.16,0.5,0.49,2021-04-05,721,N20,VIIRS,n,2,303.07,11.53,D,0
19.19386,80.91469,340.92,0.5,0.49,2021-04-05,721,N20,VIIRS,n,2,303.78,11.43,D,0
19.19451,77.4498,338.67,0.42,0.61,2021-04-05,721,N20,VIIRS,n,2,309.63,1.15,D,0
19.20916,80.5751,343.45,0.53,0.5,2021-04-05,721,N20,VIIRS,n,2,307.55,4.21,D,0
19.23145,80.345,338.44,0.55,0.51,2021-04-05,721,N20,VIIRS,n,2,306.93,5.07,D,0
19.24975,80.27401,334.21,0.55,0.51,2021-04-05,721,N20,VIIRS,l,2,307.69,4.68,D,0
19.25446,80.17496,341.46,0.56,0.51,2021-04-05,721,N20,VIIRS,n,2,307.09,2.99,D,0
19.26052,80.62074,334.99,0.52,0.5,2021-04-05,721,N20,VIIRS,l,2,306.11,2.88,D,0
19.27328,77.78905,354.86,0.4,0.6,2021-04-05,721,N20,VIIRS,n,2,318.78,19.53,D,0
19.27408,77.79279,367.0,0.4,0.6,2021-04-05,721,N20,VIIRS,h,2,317.51,14.74,D,0
19.31338,81.18511,347.79,0.48,0.48,2021-04-05,721,N20,VIIRS,n,2,308.09,11.2,D,0
19.32762,81.4322,335.7,0.46,0.47,2021-04-05,721,N20,VIIRS,n,2,309.37,3.1,D,0
19.33782,81.1705,338.65,0.48,0.48,2021-04-05,721,N20,VIIRS,n,2,306.78,5.59,D,0
19.3535,80.34459,337.47,0.54,0.51,2021-04-05,721,N20,VIIRS,n,2,307.45,3.13,D,0
19.36214,79.89316,335.69,0.58,0.52,2021-04-05,721,N20,VIIRS,n,2,306.51,1.69,D,0
19.36234,79.89159,333.55,0.58,0.52,2021-04-05,721,N20,VIIRS,l,2,306.62,2.29,D,0
19.38542,80.82439,337.65,0.51,0.49,2021-04-05,721,N20,VIIRS,n,2,300.87,3.44,D,0
19.39906,78.77589,355.38,0.34,0.56,2021-04-05,721,N20,VIIRS,n,2,314.54,6.16,D,0
19.44221,81.16885,338.89,0.48,0.48,2021-04-05,721,N20,VIIRS,n,2,307.9,5.01,D,0
19.44975,78.99734,338.33,0.33,0.55,2021-04-05,721,N20,VIIRS,l,2,311.44,2.81,D,0
19.46301,79.85016,335.22,0.58,0.52,2021-04-05,721,N20,VIIRS,l,2,306.54,4.56,D,0
19.46329,79.85233,335.97,0.58,0.52,2021-04-05,721,N20,VIIRS,l,2,306.01,3.48,D,0
19.46774,79.84911,332.41,0.58,0.52,2021-04-05,721,N20,VIIRS,l,2,306.7,2.45,D,0
19.47574,79.54026,335.53,0.61,0.53,2021-04-05,721,N20,VIIRS,n,2,308.01,18.34,D,0
19.48049,78.14545,345.43,0.38,0.58,2021-04-05,721,N20,VIIRS,n,2,319.07,3.83,D,0
19.48057,79.53918,353.6,0.61,0.53,2021-04-05,721,N20,VIIRS,n,2,308.93,18.34,D,0
19.50009,79.42072,339.17,0.62,0.54,2021-04-05,721,N20,VIIRS,n,2,306.86,6.85,D,0
19.528,77.20927,340.24,0.43,0.62,2021-04-05,721,N20,VIIRS,l,2,314.74,2.05,D,0
19.52966,79.39096,340.82,0.62,0.54,2021-04-05,721,N20,VIIRS,n,2,306.25,3.37,D,0
19.53696,81.09427,334.24,0.48,0.48,2021-04-05,721,N20,VIIRS,n,2,303.1,3.28,D,0
19.54134,81.09338,343.14,0.48,0.48,2021-04-05,721,N20,VIIRS,n,2,303.16,6.26,D,0
19.54458,78.65697,346.46,0.35,0.56,2021-04-05,721,N20,VIIRS,n,2,314.95,2.66,D,0
19.54714,77.40689,347.13,0.42,0.61,2021-04-05,721,N20,VIIRS,n,2,318.39,6.06,D,0
19.58862,81.31836,332.85,0.47,0.48,2021-04-05,721,N20,VIIRS,l,2,306.98,2.03,D,0
19.6097,79.96223,348.49,0.57,0.52,2021-04-05,721,N20,VIIRS,n,2,310.18,7.33,D,0
19.6133,80.99406,330.69,0.49,0.49,2021-04-05,721,N20,VIIRS,l,2,305.54,5.29,D,0
19.61499,81.07367,352.94,0.48,0.48,2021-04-05,721,N20,VIIRS,n,2,303.17,8.54,D,0
19.6191,80.83287,332.84,0.5,0.49,2021-04-05,721,N20,VIIRS,n,2,302.17,5.04,D,0
19.64225,79.85438,342.74,0.58,0.52,2021-04-05,721,N20,VIIRS,n,2,311.43,13.04,D,0
19.6448,79.01181,354.61,0.33,0.55,2021-04-05,721,N20,VIIRS,n,2,314.92,5.2,D,0
19.64548,78.46481,344.56,0.36,0.57,2021-04-05,721,N20,VIIRS,n,2,317.55,5.21,D,0
19.64697,79.85337,341.88,0.58,0.52,2021-04-05,721,N20,VIIRS,n,2,309.86,6.69,D,0
19.6517,79.85236,345.49,0.58,0.52,2021-04-05,721,N20,VIIRS,n,2,307.49,6.69,D,0
19.65817,80.96564,340.96,0.49,0.49,2021-04-05,721,N20,VIIRS,n,2,303.89,9.95,D,0
19.6621,81.03446,334.95,0.49,0.48,2021-04-05,721,N20,VIIRS,n,2,305.98,3.0,D,0
19.66548,80.0217,342.53,0.56,0.52,2021-04-05,721,N20,VIIRS,n,2,308.76,7.64,D,0
19.67862,81.09774,342.62,0.48,0.48,2021-04-05,721,N20,VIIRS,n,2,306.1,11.91,D,0
19.67945,81.10208,342.22,0.48,0.48,2021-04-05,721,N20,VIIRS,n,2,303.84,8.39,D,0
19.69368,80.79819,331.47,0.5,0.49,2021-04-05,721,N20,VIIRS,l,2,302.35,11.92,D,0
19.70988,78.27719,340.3,0.36,0.58,2021-04-05,721,N20,VIIRS,l,2,314.49,2.92,D,0
19.71433,80.85738,342.0,0.5,0.49,2021-04-05,721,N20,VIIRS,n,2,305.32,7.09,D,0
19.71525,80.86217,332.46,0.5,0.49,2021-04-05,721,N20,VIIRS,l,2,303.68,7.09,D,0
19.72234,80.85113,340.64,0.5,0.49,2021-04-05,721,N20,VIIRS,n,2,305.68,5.67,D,0
19.72502,80.86511,334.23,0.5,0.49,2021-04-05,721,N20,VIIRS,l,2,304.75,3.67,D,0
19.72944,80.86419,337.87,0.5,0.49,2021-04-05,721,N20,VIIRS,n,2,304.12,3.67,D,0
19.7305,78.0172,367.0,0.38,0.59,2021-04-05,721,N20,VIIRS,h,2,318.57,10.2,D,0
19.73211,78.01526,348.74,0.38,0.59,2021-04-05,721,N20,VIIRS,n,2,317.57,7.47,D,0
19.73421,77.61285,343.85,0.4,0.6,2021-04-05,721,N20,VIIRS,l,2,317.12,5.35,D,0
19.74311,78.20096,339.41,0.37,0.58,2021-04-05,721,N20,VIIRS,l,2,314.22,4.13,D,0
19.74388,78.20467,353.32,0.37,0.58,2021-04-05,721,N20,VIIRS,n,2,314.33,4.13,D,0
19.75507,78.67023,344.33,0.34,0.56,2021-04-05,721,N20,VIIRS,l,2,319.16,5.98,D,0
19.76875,78.53191,367.0,0.35,0.57,2021-04-05,721,N20,VIIRS,h,2,320.91,11.04,D,0
19.77188,80.03333,338.55,0.56,0.51,2021-04-05,721,N20,VIIRS,n,2,307.25,3.65,D,0
19.7827,78.2097,342.11,0.37,0.58,2021-04-05,721,N20,VIIRS,n,2,315.02,3.29,D,0
19.78346,78.21327,342.69,0.37,0.58,2021-04-05,721,N20,VIIRS,n,2,315.01,3.29,D,0
19.78953,77.57387,354.43,0.4,0.6,2021-04-05,721,N20,VIIRS,n,2,317.99,9.0,D,0
19.80953,78.44345,355.35,0.35,0.57,2021-04-05,721,N20,VIIRS,n,2,319.14,6.15,D,0
19.8245,78.3298,346.29,0.36,0.57,2021-04-05,721,N20,VIIRS,l,2,318.36,7.44,D,0
19.83969,79.6033,340.1,0.59,0.53,2021-04-05,721,N20,VIIRS,n,2,309.51,7.04,D,0
19.83975,79.59949,342.24,0.59,0.53,2021-04-05,721,N20,VIIRS,n,2,309.84,5.0,D,0
19.84085,79.60506,337.06,0.59,0.53,2021-04-05,721,N20,VIIRS,n,2,309.48,2.1,D,0
19.85257,80.88895,349.17,0.49,0.49,2021-04-05,721,N20,VIIRS,n,2,309.96,8.57,D,0
19.85933,78.36668,347.03,0.36,0.57,2021-04-05,721,N20,VIIRS,n,2,317.07,7.37,D,0
19.86001,78.36996,367.0,0.36,0.57,2021-04-05,721,N20,VIIRS,h,2,317.23,7.37,D,0
19.86283,80.82941,337.59,0.5,0.49,2021-04-05,721,N20,VIIRS,n,2,310.02,6.25,D,0
19.86375,80.83405,340.94,0.5,0.49,2021-04-05,721,N20,VIIRS,n,2,307.49,6.25,D,0
19.86403,80.82851,340.9,0.5,0.49,2021-04-05,721,N20,VIIRS,n,2,309.28,8.98,D,0
19.86491,80.83315,342.04,0.5,0.49,2021-04-05,721,N20,VIIRS,n,2,310.59,8.98,D,0
19.86629,80.82361,337.37,0.5,0.49,2021-04-05,721,N20,VIIRS,n,2,309.75,7.15,D,0
19.86723,80.82835,345.22,0.5,0.49,2021-04-05,721,N20,VIIRS,n,2,309.11,6.25,D,0
19.90608,78.35228,344.51,0.36,0.57,2021-04-05,721,N20,VIIRS,n,2,319.25,6.12,D,0
19.91113,81.10207,339.24,0.48,0.48,2021-04-05,721,N20,VIIRS,n,2,307.59,2.6,D,0
19.92603,79.44201,342.06,0.61,0.53,2021-04-05,721,N20,VIIRS,n,2,309.39,9.67,D,0
19.92773,79.44287,342.61,0.61,0.53,2021-04-05,721,N20,VIIRS,n,2,309.19,4.96,D,0
19.94073,78.73315,347.51,0.34,0.56,2021-04-05,721,N20,VIIRS,n,2,313.43,12.29,D,0
19.94137,78.73621,354.68,0.34,0.56,2021-04-05,721,N20,VIIRS,n,2,318.91,18.25,D,0
19.94179,78.31635,367.0,0.36,0.57,2021-04-05,721,N20,VIIRS,h,2,322.03,16.61,D,0
19.94199,78.73923,367.0,0.34,0.56,2021-04-05,721,N20,VIIRS,h,2,316.91,18.25,D,0
19.9425,78.3197,355.52,0.36,0.57,2021-04-05,721,N20,VIIRS,n,2,317.66,7.4,D,0
19.94292,77.48864,343.62,0.41,0.6,2021-04-05,721,N20,VIIRS,l,2,318.57,4.83,D,0
19.94319,78.32298,343.43,0.36,0.57,2021-04-05,721,N20,VIIRS,l,2,316.75,7.4,D,0
19.95782,80.17908,337.06,0.54,0.51,2021-04-05,721,N20,VIIRS,l,2,309.62,6.91,D,0
19.96173,80.18092,343.79,0.54,0.51,2021-04-05,721,N20,VIIRS,n,2,308.91,3.7,D,0
19.96968,78.11037,348.59,0.37,0.58,2021-04-05,721,N20,VIIRS,n,2,322.54,6.16,D,0
19.99169,78.32196,347.95,0.36,0.57,2021-04-05,721,N20,VIIRS,l,2,320.34,8.19,D,0
19.99217,80.3329,349.92,0.53,0.5,2021-04-05,721,N20,VIIRS,n,2,311.1,6.98,D,0
19.99273,80.33549,343.02,0.53,0.5,2021-04-05,721,N20,VIIRS,n,2,311.61,7.98,D,0
19.99342,78.25169,349.36,0.36,0.57,2021-04-05,721,N20,VIIRS,n,2,321.98,6.46,D,0
19.99347,78.25075,349.14,0.36,0.57,2021-04-05,721,N20,VIIRS,n,2,322.31,6.71,D,0
15.69456,77.25461,335.25,0.73,0.76,2021-04-05,901,N20,VIIRS,n,2,304.04,4.26,D,0
17.58008,78.92437,313.7,0.52,0.5,2021-04-05,1951,N20,VIIRS,n,2,296.36,2.48,N,0
17.95919,77.43999,319.98,0.33,0.55,2021-04-05,1951,N20,VIIRS,n,2,296.22,1.89,N,0
17.9602,77.10266,315.11,0.35,0.56,2021-04-05,1951,N20,VIIRS,n,2,295.23,1.36,N,0
17.96429,77.44048,329.32,0.33,0.55,2021-04-05,1951,N20,VIIRS,n,2,296.96,2.94,N,0
18.08616,80.99727,307.16,0.39,0.44,2021-04-05,1951,N20,VIIRS,n,2,286.68,1.22,N,0
18.08964,81.00188,306.13,0.39,0.44,2021-04-05,1951,N20,VIIRS,n,2,286.58,1.08,N,0
18.09815,81.01043,304.86,0.39,0.44,2021-04-05,1951,N20,VIIRS,n,2,285.61,0.92,N,0
18.09859,81.00695,306.07,0.39,0.44,2021-04-05,1951,N20,VIIRS,n,2,285.88,1.29,N,0
18.20442,81.11757,308.69,0.39,0.44,2021-04-05,1951,N20,VIIRS,n,2,281.5,1.19,N,0
18.29157,81.3112,295.66,0.56,0.43,2021-04-05,1951,N20,VIIRS,n,2,269.72,0.5,N,0
18.29287,81.30106,303.55,0.57,0.43,2021-04-05,1951,N20,VIIRS,n,2,272.15,1.06,N,0
18.29613,81.30701,298.09,0.57,0.43,2021-04-05,1951,N20,VIIRS,n,2,269.51,0.5,N,0
18.30656,81.25724,300.86,0.57,0.43,2021-04-05,1951,N20,VIIRS,n,2,278.63,0.76,N,0
18.31139,81.31358,299.33,0.56,0.43,2021-04-05,1951,N20,VIIRS,n,2,273.16,1.23,N,0
18.36138,81.33146,298.51,0.56,0.43,2021-04-05,1951,N20,VIIRS,n,2,275.57,1.28,N,0
18.36287,81.32027,306.03,0.56,0.43,2021-04-05,1951,N20,VIIRS,n,2,277.38,1.04,N,0
18.36427,81.33282,297.55,0.56,0.43,2021-04-05,1951,N20,VIIRS,n,2,277.26,0.78,N,0
18.36571,81.3213,299.37,0.57,0.43,2021-04-05,1951,N20,VIIRS,n,2,278.35,0.84,N,0
18.36681,81.32096,300.46,0.56,0.43,2021-04-05,1951,N20,VIIRS,n,2,278.31,1.04,N,0
18.50119,81.23019,300.98,0.38,0.43,2021-04-05,1951,N20,VIIRS,n,2,285.18,0.45,N,0
18.50271,81.23142,304.83,0.57,0.43,2021-04-05,1951,N20,VIIRS,n,2,284.76,1.11,N,0
18.50514,81.23104,304.13,0.38,0.43,2021-04-05,1951,N20,VIIRS,n,2,287.02,0.45,N,0
18.52174,77.02912,314.86,0.36,0.57,2021-04-05,1951,N20,VIIRS,n,2,294.06,0.84,N,0
18.52377,81.21228,301.81,0.38,0.43,2021-04-05,1951,N20,VIIRS,n,2,287.92,0.46,N,0
18.53712,81.13943,309.8,0.39,0.44,2021-04-05,1951,N20,VIIRS,n,2,294.84,1.36,N,0
18.61538,79.70445,309.16,0.48,0.48,2021-04-05,1951,N20,VIIRS,n,2,295.83,1.85,N,0
18.61913,80.85275,310.55,0.4,0.45,2021-04-05,1951,N20,VIIRS,n,2,295.88,1.26,N,0
18.6237,80.84959,306.51,0.4,0.45,2021-04-05,1951,N20,VIIRS,n,2,295.66,0.89,N,0
18.62726,80.85423,308.34,0.4,0.45,2021-04-05,1951,N20,VIIRS,n,2,296.08,2.02,N,0
18.62777,80.8503,307.89,0.4,0.45,2021-04-05,1951,N20,VIIRS,n,2,295.71,0.89,N,0
18.64483,80.87549,307.09,0.4,0.44,2021-04-05,1951,N20,VIIRS,n,2,295.75,1.48,N,0
18.64516,80.87649,309.3,0.4,0.44,2021-04-05,1951,N20,VIIRS,n,2,296.04,1.59,N,0
18.64546,80.93739,317.62,0.4,0.44,2021-04-05,1951,N20,VIIRS,n,2,296.79,1.63,N,0
18.64595,80.93341,308.3,0.4,0.44,2021-04-05,1951,N20,VIIRS,n,2,295.63,1.63,N,0
18.64765,80.953,312.01,0.4,0.44,2021-04-05,1951,N20,VIIRS,n,2,296.15,1.04,N,0
18.64797,80.88371,311.24,0.4,0.44,2021-04-05,1951,N20,VIIRS,n,2,296.1,1.21,N,0
18.64812,80.94925,307.59,0.4,0.44,2021-04-05,1951,N20,VIIRS,n,2,296.11,1.04,N,0
18.64824,80.88466,311.6,0.4,0.44,2021-04-05,1951,N20,VIIRS,n,2,296.01,1.18,N,0
18.64844,80.87995,308.37,0.4,0.44,2021-04-05,1951,N20,VIIRS,n,2,295.88,1.21,N,0
18.64874,80.88091,307.85,0.4,0.44,2021-04-05,1951,N20,VIIRS,n,2,295.67,1.18,N,0
18.64904,80.94189,308.4,0.4,0.44,2021-04-05,1951,N20,VIIRS,n,2,296.24,1.74,N,0
18.65262,80.94637,315.67,0.4,0.44,2021-04-05,1951,N20,VIIRS,n,2,295.82,1.81,N,0
18.65299,80.87675,307.14,0.4,0.44,2021-04-05,1951,N20,VIIRS,n,2,295.51,0.98,N,0
18.65346,80.87296,309.61,0.4,0.44,2021-04-05,1951,N20,VIIRS,n,2,295.76,0.98,N,0
18.65354,80.93898,309.56,0.4,0.44,2021-04-05,1951,N20,VIIRS,n,2,295.86,1.65,N,0
18.6602,80.88557,311.75,0.4,0.44,2021-04-05,1951,N20,VIIRS,n,2,295.45,1.12,N,0
18.66066,80.88184,312.32,0.4,0.44,2021-04-05,1951,N20,VIIRS,n,2,295.58,1.12,N,0
18.66214,80.93638,305.99,0.4,0.44,2021-04-05,1951,N20,VIIRS,n,2,295.69,1.04,N,0
18.66427,80.8862,309.35,0.4,0.44,2021-04-05,1951,N20,VIIRS,n,2,295.83,1.12,N,0
18.67174,80.92593,307.57,0.4,0.44,2021-04-05,1951,N20,VIIRS,n,2,295.74,1.14,N,0
18.67461,80.90307,309.37,0.4,0.44,2021-04-05,1951,N20,VIIRS,n,2,295.62,1.12,N,0
18.67664,80.85381,311.37,0.4,0.45,2021-04-05,1951,N20,VIIRS,n,2,295.83,1.93,N,0
18.68073,80.85435,312.53,0.4,0.45,2021-04-05,1951,N20,VIIRS,n,2,295.83,1.36,N,0
18.68912,80.95217,310.64,0.4,0.44,2021-04-05,1951,N20,VIIRS,n,2,296.06,1.78,N,0
18.6901,80.9445,309.45,0.4,0.44,2021-04-05,1951,N20,VIIRS,n,2,295.61,1.07,N,0
18.69231,81.18224,312.52,0.39,0.44,2021-04-05,1951,N20,VIIRS,n,2,295.38,2.25,N,0
18.69638,81.1823,307.51,0.39,0.44,2021-04-05,1951,N20,VIIRS,n,2,295.44,1.32,N,0
18.70301,79.53953,312.87,0.49,0.49,2021-04-05,1951,N20,VIIRS,n,2,297.4,2.13,N,0
18.70348,81.19037,305.37,0.39,0.44,2021-04-05,1951,N20,VIIRS,n,2,295.18,1.41,N,0
18.70411,80.83408,305.78,0.41,0.45,2021-04-05,1951,N20,VIIRS,n,2,295.66,0.9,N,0
18.70821,80.83463,308.32,0.41,0.45,2021-04-05,1951,N20,VIIRS,n,2,295.81,1.16,N,0
18.7087,80.8308,305.76,0.41,0.45,2021-04-05,1951,N20,VIIRS,n,2,294.98,0.89,N,0
18.77747,80.06817,308.94,0.45,0.47,2021-04-05,1951,N20,VIIRS,n,2,296.09,1.51,N,0
18.83206,81.20005,307.87,0.39,0.44,2021-04-05,1951,N20,VIIRS,n,2,296.08,1.02,N,0
18.92047,80.41251,307.72,0.43,0.46,2021-04-05,1951,N20,VIIRS,n,2,296.07,1.35,N,0
18.92072,80.40987,310.37,0.43,0.46,2021-04-05,1951,N20,VIIRS,n,2,295.99,0.97,N,0
18.92191,80.94561,308.0,0.4,0.44,2021-04-05,1951,N20,VIIRS,n,2,296.02,2.18,N,0
18.92441,80.41463,306.36,0.43,0.46,2021-04-05,1951,N20,VIIRS,n,2,295.64,0.97,N,0
19.08621,78.58453,308.6,0.57,0.52,2021-04-05,1951,N20,VIIRS,n,2,297.31,2.64,N,0
19.16042,81.0242,324.51,0.4,0.44,2021-04-05,1951,N20,VIIRS,n,2,296.79,3.25,N,0
19.17769,81.15133,304.63,0.39,0.44,2021-04-05,1951,N20,VIIRS,n,2,294.45,1.23,N,0
19.21915,81.08405,306.33,0.4,0.44,2021-04-05,1951,N20,VIIRS,n,2,294.03,1.14,N,0
19.22291,81.0545,304.56,0.4,0.44,2021-04-05,1951,N20,VIIRS,n,2,294.31,1.36,N,0
19.28712,81.23434,307.83,0.39,0.44,2021-04-05,1951,N20,VIIRS,n,2,294.17,0.52,N,0
19.30983,81.1847,308.89,0.39,0.44,2021-04-05,1951,N20,VIIRS,n,2,293.93,0.87,N,0
19.32641,81.31046,303.88,0.39,0.44,2021-04-05,1951,N20,VIIRS,n,2,292.79,0.44,N,0
19.36757,79.88368,308.42,0.47,0.48,2021-04-05,1951,N20,VIIRS,n,2,297.18,1.36,N,0
19.37141,79.88889,315.9,0.47,0.48,2021-04-05,1951,N20,VIIRS,n,2,298.4,2.1,N,0
19.37196,79.88431,324.15,0.47,0.48,2021-04-05,1951,N20,VIIRS,n,2,298.15,2.1,N,0
19.39551,80.10258,311.4,0.46,0.47,2021-04-05,1951,N20,VIIRS,n,2,297.8,2.05,N,0
19.39933,80.10757,341.33,0.46,0.47,2021-04-05,1951,N20,VIIRS,n,2,299.62,14.11,N,0
19.39985,80.10317,342.32,0.46,0.47,2021-04-05,1951,N20,VIIRS,n,2,301.24,14.11,N,0
19.41153,81.29669,305.04,0.39,0.44,2021-04-05,1951,N20,VIIRS,n,2,294.74,1.6,N,0
19.41435,81.14536,304.74,0.4,0.44,2021-04-05,1951,N20,VIIRS,n,2,293.79,0.84,N,0
19.41983,81.00246,305.32,0.41,0.45,2021-04-05,1951,N20,VIIRS,n,2,293.84,1.19,N,0
19.4218,79.6199,308.32,0.49,0.49,2021-04-05,1951,N20,VIIRS,n,2,297.79,0.99,N,0
19.43314,80.89514,312.5,0.41,0.45,2021-04-05,1951,N20,VIIRS,n,2,294.16,1.54,N,0
19.43674,80.89993,312.4,0.41,0.45,2021-04-05,1951,N20,VIIRS,n,2,294.12,1.54,N,0
19.43938,80.91235,318.37,0.41,0.45,2021-04-05,1951,N20,VIIRS,n,2,294.78,2.14,N,0
19.4403,81.16822,312.93,0.4,0.44,2021-04-05,1951,N20,VIIRS,n,2,294.4,1.42,N,0
19.44032,80.90488,315.63,0.41,0.45,2021-04-05,1951,N20,VIIRS,n,2,296.37,1.54,N,0
19.44078,81.16446,303.09,0.4,0.44,2021-04-05,1951,N20,VIIRS,n,2,292.85,0.73,N,0
19.44125,81.16078,304.05,0.4,0.44,2021-04-05,1951,N20,VIIRS,n,2,293.19,0.73,N,0
19.44172,81.15715,307.52,0.4,0.44,2021-04-05,1951,N20,VIIRS,n,2,294.84,1.41,N,0
19.44392,80.90958,313.8,0.41,0.45,2021-04-05,1951,N20,VIIRS,n,2,296.42,3.11,N,0
19.45166,80.91465,316.94,0.41,0.45,2021-04-05,1951,N20,VIIRS,n,2,296.09,2.51,N,0
19.46489,80.11214,311.99,0.46,0.47,2021-04-05,1951,N20,VIIRS,n,2,297.88,1.35,N,0
19.48449,81.27956,304.99,0.39,0.44,2021-04-05,1951,N20,VIIRS,n,2,293.33,1.23,N,0
19.53592,77.19947,306.67,0.36,0.57,2021-04-05,1951,N20,VIIRS,n,2,295.56,1.69,N,0
19.53685,81.0925,307.07,0.4,0.44,2021-04-05,1951,N20,VIIRS,n,2,292.88,1.38,N,0
19.53734,81.08868,309.52,0.4,0.44,2021-04-05,1951,N20,VIIRS,n,2,292.39,1.38,N,0
19.5414,81.08932,315.51,0.4,0.44,2021-04-05,1951,N20,VIIRS,n,2,295.25,1.38,N,0
19.54189,81.08549,322.05,0.4,0.44,2021-04-05,1951,N20,VIIRS,n,2,295.11,2.7,N,0
19.54451,81.09747,318.65,0.4,0.44,2021-04-05,1951,N20,VIIRS,n,2,295.03,2.49,N,0
19.54499,81.09371,314.91,0.4,0.44,2021-04-05,1951,N20,VIIRS,n,2,295.29,1.4,N,0
19.54547,81.0899,307.38,0.4,0.44,2021-04-05,1951,N20,VIIRS,n,2,294.27,1.4,N,0
19.5477,79.30589,316.05,0.52,0.5,2021-04-05,1951,N20,VIIRS,n,2,297.11,1.88,N,0
19.55227,79.30659,315.36,0.52,0.5,2021-04-05,1951,N20,VIIRS,n,2,296.87,1.88,N,0
19.55539,81.44366,305.05,0.38,0.43,2021-04-05,1951,N20,VIIRS,n,2,294.83,0.92,N,0
19.57061,81.02284,315.43,0.41,0.45,2021-04-05,1951,N20,VIIRS,n,2,294.75,2.04,N,0
19.57152,81.11315,303.49,0.4,0.44,2021-04-05,1951,N20,VIIRS,n,2,293.44,0.93,N,0
19.57238,80.56606,310.02,0.43,0.46,2021-04-05,1951,N20,VIIRS,n,2,296.13,1.77,N,0
19.57577,80.15656,313.2,0.46,0.47,2021-04-05,1951,N20,VIIRS,n,2,297.6,2.21,N,0
19.5829,81.02441,312.81,0.41,0.45,2021-04-05,1951,N20,VIIRS,n,2,293.97,2.05,N,0
19.58466,81.07551,306.1,0.4,0.44,2021-04-05,1951,N20,VIIRS,n,2,295.19,1.48,N,0
19.58513,81.07186,313.47,0.4,0.44,2021-04-05,1951,N20,VIIRS,n,2,295.86,1.48,N,0
19.59311,81.07229,306.01,0.4,0.44,2021-04-05,1951,N20,VIIRS,n,2,295.83,1.89,N,0
19.59414,80.66759,307.39,0.43,0.46,2021-04-05,1951,N20,VIIRS,n,2,294.96,1.1,N,0
19.59721,81.07275,312.33,0.4,0.44,2021-04-05,1951,N20,VIIRS,n,2,295.7,1.66,N,0
19.60792,80.79492,313.38,0.42,0.45,2021-04-05,1951,N20,VIIRS,n,2,296.14,1.59,N,0
19.60949,81.07423,310.33,0.4,0.44,2021-04-05,1951,N20,VIIRS,n,2,293.77,1.71,N,0
19.61206,80.79555,309.45,0.42,0.45,2021-04-05,1951,N20,VIIRS,n,2,295.89,1.59,N,0
19.61372,80.8158,304.93,0.42,0.45,2021-04-05,1951,N20,VIIRS,n,2,294.15,1.24,N,0
19.61396,81.00398,304.79,0.41,0.45,2021-04-05,1951,N20,VIIRS,n,2,294.0,0.92,N,0
19.61452,81.06707,311.69,0.4,0.45,2021-04-05,1951,N20,VIIRS,n,2,294.78,1.66,N,0
19.61558,80.73426,307.78,0.42,0.45,2021-04-05,1951,N20,VIIRS,n,2,296.01,2.37,N,0
19.61578,80.83274,311.4,0.42,0.45,2021-04-05,1951,N20,VIIRS,n,2,296.25,1.44,N,0
19.61627,80.82892,303.7,0.42,0.45,2021-04-05,1951,N20,VIIRS,n,2,293.53,1.44,N,0
19.61676,80.98114,305.93,0.41,0.45,2021-04-05,1951,N20,VIIRS,n,2,294.71,2.39,N,0
19.61678,80.82497,311.74,0.42,0.45,2021-04-05,1951,N20,VIIRS,n,2,294.73,1.77,N,0
19.61723,80.97734,308.29,0.41,0.45,2021-04-05,1951,N20,VIIRS,n,2,293.63,1.05,N,0
19.61728,80.82097,310.63,0.42,0.45,2021-04-05,1951,N20,VIIRS,n,2,296.02,1.77,N,0
19.61756,80.83631,306.2,0.42,0.45,2021-04-05,1951,N20,VIIRS,n,2,295.01,1.7,N,0
19.61783,80.81664,308.01,0.42,0.45,2021-04-05,1951,N20,VIIRS,n,2,295.83,1.24,N,0
19.61802,80.83248,313.4,0.42,0.45,2021-04-05,1951,N20,VIIRS,n,2,296.55,1.72,N,0
19.61849,80.8286,304.75,0.42,0.45,2021-04-05,1951,N20,VIIRS,n,2,293.59,1.72,N,0
19.61875,80.74273,306.89,0.42,0.45,2021-04-05,1951,N20,VIIRS,n,2,293.84,2.05,N,0
19.61942,80.83731,315.18,0.42,0.45,2021-04-05,1951,N20,VIIRS,n,2,295.58,1.52,N,0
19.61949,80.99289,308.31,0.41,0.45,2021-04-05,1951,N20,VIIRS,n,2,294.71,2.42,N,0
19.62168,80.83708,315.94,0.42,0.45,2021-04-05,1951,N20,VIIRS,n,2,296.28,1.7,N,0
19.62358,80.83775,308.51,0.42,0.45,2021-04-05,1951,N20,VIIRS,n,2,295.35,1.52,N,0
19.62447,80.73111,307.54,0.42,0.45,2021-04-05,1951,N20,VIIRS,n,2,294.34,2.24,N,0
19.62499,80.72701,304.86,0.42,0.45,2021-04-05,1951,N20,VIIRS,n,2,294.29,1.82,N,0
19.63063,80.72737,305.3,0.42,0.45,2021-04-05,1951,N20,VIIRS,n,2,295.15,1.19,N,0
19.63546,80.99883,312.25,0.41,0.45,2021-04-05,1951,N20,VIIRS,n,2,294.99,1.62,N,0
19.64548,80.98545,323.36,0.41,0.45,2021-04-05,1951,N20,VIIRS,n,2,296.83,3.27,N,0
19.64596,80.98153,310.15,0.41,0.45,2021-04-05,1951,N20,VIIRS,n,2,294.97,1.74,N,0
19.64899,81.02415,305.79,0.41,0.45,2021-04-05,1951,N20,VIIRS,n,2,291.86,1.04,N,0
19.64957,80.98611,306.08,0.41,0.45,2021-04-05,1951,N20,VIIRS,n,2,293.78,2.03,N,0
19.65252,80.96243,306.65,0.41,0.45,2021-04-05,1951,N20,VIIRS,n,2,292.98,1.79,N,0
19.65262,81.02847,310.45,0.41,0.45,2021-04-05,1951,N20,VIIRS,n,2,289.76,1.44,N,0
19.65299,80.95862,321.52,0.41,0.45,2021-04-05,1951,N20,VIIRS,n,2,295.83,2.23,N,0
19.65347,80.9548,316.07,0.41,0.45,2021-04-05,1951,N20,VIIRS,n,2,295.17,2.23,N,0
19.65759,80.95531,318.52,0.41,0.45,2021-04-05,1951,N20,VIIRS,n,2,295.63,2.23,N,0
19.6581,80.95127,314.39,0.41,0.45,2021-04-05,1951,N20,VIIRS,n,2,294.04,1.95,N,0
19.66121,80.9599,312.89,0.41,0.45,2021-04-05,1951,N20,VIIRS,n,2,295.14,1.48,N,0
19.66338,80.97595,307.81,0.41,0.45,2021-04-05,1951,N20,VIIRS,n,2,293.31,2.02,N,0
19.66387,80.97208,322.03,0.41,0.45,2021-04-05,1951,N20,VIIRS,n,2,296.27,2.02,N,0
19.66435,80.96825,327.62,0.41,0.45,2021-04-05,1951,N20,VIIRS,n,2,296.36,4.14,N,0
19.66483,80.96442,336.89,0.41,0.45,2021-04-05,1951,N20,VIIRS,n,2,295.41,4.14,N,0
19.67331,81.09511,312.41,0.4,0.44,2021-04-05,1951,N20,VIIRS,n,2,294.36,1.3,N,0
19.67381,81.09119,305.87,0.4,0.44,2021-04-05,1951,N20,VIIRS,n,2,294.31,1.3,N,0
19.67691,81.09943,307.26,0.4,0.44,2021-04-05,1951,N20,VIIRS,n,2,292.38,1.71,N,0
19.67789,81.09174,312.26,0.4,0.44,2021-04-05,1951,N20,VIIRS,n,2,294.37,2.77,N,0
19.69393,80.99885,303.16,0.41,0.45,2021-04-05,1951,N20,VIIRS,n,2,291.69,1.35,N,0
19.70522,80.87702,304.57,0.42,0.45,2021-04-05,1951,N20,VIIRS,n,2,294.57,1.43,N,0
19.70573,80.873,310.13,0.42,0.45,2021-04-05,1951,N20,VIIRS,n,2,294.39,1.43,N,0
19.70839,80.88525,304.51,0.42,0.45,2021-04-05,1951,N20,VIIRS,n,2,290.91,1.71,N,0
19.71141,80.86146,302.38,0.42,0.45,2021-04-05,1951,N20,VIIRS,n,2,291.74,0.84,N,0
19.71193,80.85741,311.01,0.42,0.45,2021-04-05,1951,N20,VIIRS,n,2,292.33,0.84,N,0
19.71251,80.88598,302.56,0.42,0.45,2021-04-05,1951,N20,VIIRS,n,2,291.73,1.52,N,0
19.72595,81.33233,307.22,0.39,0.44,2021-04-05,1951,N20,VIIRS,n,2,293.85,1.11,N,0
19.73,80.84798,303.76,0.42,0.45,2021-04-05,1951,N20,VIIRS,n,2,291.73,0.66,N,0
19.7321,80.84696,303.65,0.42,0.45,2021-04-05,1951,N20,VIIRS,n,2,290.7,0.6,N,0
19.73311,80.9081,311.07,0.41,0.45,2021-04-05,1951,N20,VIIRS,n,2,294.68,1.47,N,0
19.73673,80.91295,318.31,0.41,0.45,2021-04-05,1951,N20,VIIRS,n,2,295.82,1.47,N,0
19.73722,80.90893,305.79,0.41,0.45,2021-04-05,1951,N20,VIIRS,n,2,295.08,1.47,N,0
19.73723,81.04506,307.18,0.41,0.45,2021-04-05,1951,N20,VIIRS,n,2,293.59,1.07,N,0
19.73772,80.90479,303.49,0.41,0.45,2021-04-05,1951,N20,VIIRS,n,2,292.55,1.09,N,0
19.73966,77.58797,308.41,0.34,0.56,2021-04-05,1951,N20,VIIRS,n,2,296.09,1.78,N,0
19.7404,80.91728,307.13,0.41,0.45,2021-04-05,1951,N20,VIIRS,n,2,293.49,0.73,N,0
19.74454,80.91782,303.04,0.41,0.45,2021-04-05,1951,N20,VIIRS,n,2,291.52,0.73,N,0
19.74879,78.21147,308.93,0.62,0.54,2021-04-05,1951,N20,VIIRS,n,2,297.51,3.34,N,0
19.75259,80.88644,306.83,0.42,0.45,2021-04-05,1951,N20,VIIRS,n,2,290.45,0.38,N,0
19.75305,80.88266,306.9,0.42,0.45,2021-04-05,1951,N20,VIIRS,n,2,292.0,0.87,N,0
19.75376,78.21175,307.86,0.62,0.54,2021-04-05,1951,N20,VIIRS,n,2,297.8,3.34,N,0
19.75401,80.87479,302.99,0.42,0.45,2021-04-05,1951,N20,VIIRS,n,2,292.42,0.38,N,0
19.75437,78.20615,325.65,0.62,0.54,2021-04-05,1951,N20,VIIRS,n,2,298.11,3.34,N,0
19.76078,81.12267,306.64,0.4,0.44,2021-04-05,1951,N20,VIIRS,n,2,292.96,0.84,N,0
19.76923,80.98923,313.03,0.41,0.45,2021-04-05,1951,N20,VIIRS,n,2,293.41,2.05,N,0
19.76941,81.12009,302.2,0.4,0.44,2021-04-05,1951,N20,VIIRS,n,2,290.45,0.37,N,0
19.76965,78.11134,308.67,0.63,0.54,2021-04-05,1951,N20,VIIRS,n,2,296.68,2.64,N,0
19.77034,78.10501,310.98,0.63,0.54,2021-04-05,1951,N20,VIIRS,n,2,297.05,3.17,N,0
19.77461,81.20898,309.34,0.4,0.44,2021-04-05,1951,N20,VIIRS,n,2,292.8,1.16,N,0
19.77465,78.11175,313.12,0.63,0.54,2021-04-05,1951,N20,VIIRS,n,2,297.91,2.64,N,0
19.77594,78.09979,310.7,0.63,0.54,2021-04-05,1951,N20,VIIRS,n,2,298.0,3.17,N,0
19.77815,80.81576,305.9,0.42,0.45,2021-04-05,1951,N20,VIIRS,n,2,294.48,1.02,N,0
19.78161,78.09406,312.43,0.63,0.54,2021-04-05,1951,N20,VIIRS,n,2,298.26,4.03,N,0
19.78347,78.21484,309.37,0.62,0.54,2021-04-05,1951,N20,VIIRS,n,2,298.28,2.97,N,0
19.78532,78.10632,309.58,0.63,0.54,2021-04-05,1951,N20,VIIRS,n,2,297.98,5.25,N,0
19.79469,81.08485,311.03,0.4,0.45,2021-04-05,1951,N20,VIIRS,n,2,292.4,1.72,N,0
19.80893,81.06646,306.3,0.41,0.45,2021-04-05,1951,N20,VIIRS,n,2,293.15,0.61,N,0
19.81133,77.57278,310.9,0.34,0.56,2021-04-05,1951,N20,VIIRS,n,2,296.24,1.58,N,0
19.83063,81.16035,307.71,0.4,0.44,2021-04-05,1951,N20,VIIRS,n,2,293.19,0.84,N,0
19.83612,81.08252,306.95,0.41,0.45,2021-04-05,1951,N20,VIIRS,n,2,294.23,1.38,N,0
19.83659,81.07868,309.61,0.41,0.45,2021-04-05,1951,N20,VIIRS,n,2,293.31,1.54,N,0
19.83719,80.9026,308.96,0.42,0.45,2021-04-05,1951,N20,VIIRS,n,2,295.89,2.15,N,0
19.84083,80.90725,328.11,0.42,0.45,2021-04-05,1951,N20,VIIRS,n,2,296.06,3.84,N,0
19.84133,80.90318,325.97,0.42,0.45,2021-04-05,1951,N20,VIIRS,n,2,295.98,2.45,N,0
19.84167,81.07126,309.33,0.41,0.45,2021-04-05,1951,N20,VIIRS,n,2,293.56,1.81,N,0
19.84475,80.87495,303.62,0.42,0.45,2021-04-05,1951,N20,VIIRS,n,2,293.55,1.23,N,0
19.84522,80.87107,305.45,0.42,0.45,2021-04-05,1951,N20,VIIRS,n,2,294.62,2.24,N,0
19.8453,81.0756,304.42,0.41,0.45,2021-04-05,1951,N20,VIIRS,n,2,291.82,0.32,N,0
19.84547,80.90376,313.85,0.42,0.45,2021-04-05,1951,N20,VIIRS,n,2,293.68,2.45,N,0
19.84579,81.07169,305.29,0.41,0.45,2021-04-05,1951,N20,VIIRS,n,2,289.06,0.57,N,0
19.84627,81.48913,315.49,0.38,0.43,2021-04-05,1951,N20,VIIRS,n,2,295.85,2.23,N,0
19.84981,80.86805,321.15,0.42,0.45,2021-04-05,1951,N20,VIIRS,n,2,296.62,2.24,N,0
19.85077,80.86016,308.47,0.42,0.45,2021-04-05,1951,N20,VIIRS,n,2,295.14,2.21,N,0
19.85394,80.86876,314.49,0.42,0.45,2021-04-05,1951,N20,VIIRS,n,2,295.9,2.28,N,0
19.85443,80.86478,306.29,0.42,0.45,2021-04-05,1951,N20,VIIRS,n,2,295.57,2.0,N,0
19.85493,80.86068,328.09,0.42,0.45,2021-04-05,1951,N20,VIIRS,n,2,296.8,2.0,N,0
19.85521,80.89291,313.7,0.42,0.45,2021-04-05,1951,N20,VIIRS,n,2,294.26,2.2,N,0
19.8557,80.88895,309.24,0.42,0.45,2021-04-05,1951,N20,VIIRS,n,2,294.75,2.21,N,0
19.86203,80.83701,307.22,0.42,0.45,2021-04-05,1951,N20,VIIRS,n,2,296.38,1.9,N,0
19.86621,80.83737,310.07,0.42,0.45,2021-04-05,1951,N20,VIIRS,n,2,296.4,2.37,N,0
19.8667,80.83342,316.83,0.42,0.45,2021-04-05,1951,N20,VIIRS,n,2,295.86,3.76,N,0
19.87022,80.80445,308.38,0.42,0.45,2021-04-05,1951,N20,VIIRS,n,2,295.41,2.41,N,0
19.8711,80.86653,306.47,0.42,0.45,2021-04-05,1951,N20,VIIRS,n,2,295.48,1.62,N,0
19.87183,80.826,317.07,0.42,0.45,2021-04-05,1951,N20,VIIRS,n,2,296.43,3.43,N,0
19.8765,80.8225,307.46,0.42,0.45,2021-04-05,1951,N20,VIIRS,n,2,296.56,1.51,N,0
19.87753,80.81405,308.76,0.42,0.45,2021-04-05,1951,N20,VIIRS,n,2,295.24,1.61,N,0
19.88069,80.82281,307.7,0.42,0.45,2021-04-05,1951,N20,VIIRS,n,2,296.4,1.51,N,0
19.88171,80.81445,304.97,0.42,0.45,2021-04-05,1951,N20,VIIRS,n,2,294.44,1.61,N,0
19.88435,77.22652,307.71,0.36,0.57,2021-04-05,1951,N20,VIIRS,n,2,293.3,0.99,N,0
19.89633,81.29812,305.44,0.39,0.44,2021-04-05,1951,N20,VIIRS,n,2,293.0,1.86,N,0
19.9213,81.32856,304.38,0.39,0.44,2021-04-05,1951,N20,VIIRS,n,2,292.97,0.37,N,0
19.92171,81.25936,308.69,0.4,0.44,2021-04-05,1951,N20,VIIRS,n,2,295.69,1.64,N,0
19.92193,81.29065,316.91,0.4,0.44,2021-04-05,1951,N20,VIIRS,n,2,294.61,1.91,N,0
19.92838,79.43792,306.91,0.52,0.5,2021-04-05,1951,N20,VIIRS,n,2,293.74,1.35,N,0
19.92871,80.01313,307.64,0.47,0.48,2021-04-05,1951,N20,VIIRS,n,2,294.58,0.78,N,0
19.92916,80.01144,309.01,0.47,0.48,2021-04-05,1951,N20,VIIRS,n,2,295.26,1.08,N,0
19.93221,81.24132,310.31,0.4,0.44,2021-04-05,1951,N20,VIIRS,n,2,296.03,1.19,N,0
19.93625,81.24196,309.01,0.4,0.44,2021-04-05,1951,N20,VIIRS,n,2,296.62,1.19,N,0
19.94831,78.7394,315.81,0.57,0.52,2021-04-05,1951,N20,VIIRS,n,2,297.68,3.98,N,0
19.96325,79.33648,308.25,0.52,0.5,2021-04-05,1951,N20,VIIRS,n,2,295.67,2.03,N,2
16.43469,80.38148,309.84,0.4,0.45,2021-04-05,1952,N20,VIIRS,n,2,286.74,1.08,N,0
17.14087,77.17529,307.48,0.33,0.56,2021-04-05,1952,N20,VIIRS,n,2,295.84,1.59,N,0
17.21643,77.93537,304.88,0.6,0.53,2021-04-05,1952,N20,VIIRS,n,2,294.8,1.25,N,0
17.28394,78.43917,310.57,0.55,0.51,2021-04-05,1952,N20,VIIRS,n,2,295.48,1.44,N,0
15.83988,79.22033,367.0,0.77,0.78,2021-04-06,701,N20,VIIRS,h,2,298.97,20.38,D,0
15.84175,79.21893,354.31,0.77,0.78,2021-04-06,701,N20,VIIRS,n,2,298.43,13.8,D,0
15.84341,79.22636,340.33,0.77,0.78,2021-04-06,701,N20,VIIRS,n,2,297.73,13.8,D,0
16.41462,80.99465,336.33,0.58,0.69,2021-04-06,701,N20,VIIRS,n,2,298.1,3.17,D,0
16.90415,80.41866,331.88,0.61,0.71,2021-04-06,701,N20,VIIRS,n,2,296.36,2.11,D,0
17.33514,80.80312,352.32,0.57,0.69,2021-04-06,702,N20,VIIRS,n,2,297.12,8.52,D,0
17.50845,81.45107,332.92,0.51,0.66,2021-04-06,702,N20,VIIRS,n,2,297.18,5.49,D,0
17.9677,81.41116,331.94,0.5,0.66,2021-04-06,702,N20,VIIRS,n,2,301.94,1.92,D,0
18.36608,81.22662,330.87,0.51,0.66,2021-04-06,702,N20,VIIRS,n,2,299.25,3.09,D,0
18.5479,81.23622,331.78,0.5,0.66,2021-04-06,702,N20,VIIRS,n,2,299.6,2.9,D,0
18.54887,81.24065,335.53,0.5,0.66,2021-04-06,702,N20,VIIRS,n,2,299.36,2.9,D,0
18.6492,80.8812,349.79,0.53,0.67,2021-04-06,702,N20,VIIRS,n,2,301.48,11.96,D,0
18.65026,80.88595,335.86,0.53,0.67,2021-04-06,702,N20,VIIRS,n,2,300.55,6.65,D,0
18.65634,80.88468,332.23,0.53,0.67,2021-04-06,702,N20,VIIRS,n,2,301.22,5.33,D,0
18.80627,81.23933,331.14,0.5,0.66,2021-04-06,702,N20,VIIRS,n,2,300.14,2.9,D,0
19.10562,80.46452,331.25,0.55,0.68,2021-04-06,702,N20,VIIRS,l,2,301.64,2.73,D,0
19.11557,79.64558,333.39,0.62,0.71,2021-04-06,702,N20,VIIRS,n,2,302.65,2.01,D,0
19.30387,81.18513,331.36,0.49,0.65,2021-04-06,702,N20,VIIRS,n,2,300.67,5.93,D,0
19.30953,81.18278,340.57,0.49,0.65,2021-04-06,702,N20,VIIRS,n,2,300.94,5.93,D,0
19.3145,78.77461,331.71,0.7,0.75,2021-04-06,702,N20,VIIRS,l,2,306.63,1.85,D,0
19.33438,81.16499,347.9,0.49,0.65,2021-04-06,702,N20,VIIRS,n,2,304.82,6.52,D,0
19.3358,81.16177,332.23,0.49,0.65,2021-04-06,702,N20,VIIRS,l,2,304.11,3.2,D,0
19.33673,81.16602,332.35,0.49,0.65,2021-04-06,702,N20,VIIRS,l,2,304.36,3.2,D,0
19.40553,81.09539,345.43,0.49,0.65,2021-04-06,702,N20,VIIRS,n,2,304.7,5.82,D,0
19.40608,81.00013,330.68,0.5,0.66,2021-04-06,702,N20,VIIRS,n,2,303.68,3.14,D,0
19.40905,81.09588,331.78,0.49,0.65,2021-04-06,702,N20,VIIRS,l,2,303.37,6.36,D,0
19.41562,81.15231,337.88,0.49,0.65,2021-04-06,702,N20,VIIRS,n,2,306.12,5.68,D,0
19.41767,81.15086,339.72,0.49,0.65,2021-04-06,702,N20,VIIRS,n,2,305.43,4.1,D,0
19.46066,80.31162,332.14,0.55,0.68,2021-04-06,702,N20,VIIRS,l,2,305.06,1.72,D,0
19.46223,80.31122,333.19,0.55,0.68,2021-04-06,702,N20,VIIRS,n,2,305.54,2.11,D,0
19.51293,79.89473,332.52,0.59,0.7,2021-04-06,702,N20,VIIRS,l,2,304.22,3.19,D,0
19.51674,81.10734,342.41,0.49,0.65,2021-04-06,702,N20,VIIRS,n,2,305.06,7.01,D,0
19.52017,81.10441,340.31,0.49,0.65,2021-04-06,702,N20,VIIRS,n,2,304.95,7.56,D,0
19.56935,78.50157,334.06,0.72,0.75,2021-04-06,702,N20,VIIRS,n,2,303.07,2.57,D,0
19.57318,80.15681,333.76,0.56,0.69,2021-04-06,702,N20,VIIRS,n,2,300.58,3.45,D,0
19.59426,81.07652,331.33,0.49,0.65,2021-04-06,702,N20,VIIRS,l,2,306.01,1.84,D,0
19.60685,81.07756,334.35,0.49,0.65,2021-04-06,702,N20,VIIRS,l,2,305.43,5.0,D,0
19.61336,81.03529,331.0,0.49,0.65,2021-04-06,702,N20,VIIRS,n,2,305.42,3.01,D,0
19.62478,81.00353,330.42,0.49,0.65,2021-04-06,702,N20,VIIRS,l,2,302.48,3.52,D,0
19.6277,81.00336,330.81,0.5,0.65,2021-04-06,702,N20,VIIRS,l,2,302.13,3.66,D,0
19.64166,81.02341,336.17,0.49,0.65,2021-04-06,702,N20,VIIRS,n,2,302.54,6.19,D,0
19.64581,80.98663,341.28,0.5,0.65,2021-04-06,702,N20,VIIRS,n,2,304.5,6.77,D,0
19.64649,81.01733,347.02,0.49,0.65,2021-04-06,702,N20,VIIRS,n,2,305.16,10.1,D,0
19.64751,81.02188,340.83,0.49,0.65,2021-04-06,702,N20,VIIRS,n,2,303.14,6.19,D,0
19.64947,81.03061,332.7,0.49,0.65,2021-04-06,702,N20,VIIRS,n,2,303.86,2.42,D,0
19.6527,80.98967,334.14,0.5,0.65,2021-04-06,702,N20,VIIRS,n,2,301.56,6.77,D,0
19.6553,81.02898,332.2,0.49,0.65,2021-04-06,702,N20,VIIRS,l,2,303.95,2.48,D,0
19.65915,81.12878,354.06,0.48,0.65,2021-04-06,702,N20,VIIRS,n,2,308.55,6.75,D,0
19.66124,81.1291,367.0,0.49,0.65,2021-04-06,702,N20,VIIRS,h,2,310.43,14.52,D,0
19.66498,81.12732,367.0,0.48,0.65,2021-04-06,702,N20,VIIRS,h,2,309.09,11.74,D,0
19.67726,80.33428,333.08,0.54,0.68,2021-04-06,702,N20,VIIRS,l,2,304.93,2.84,D,0
19.6788,80.33662,332.96,0.54,0.68,2021-04-06,702,N20,VIIRS,l,2,304.87,3.05,D,0
19.75138,80.88757,340.2,0.5,0.66,2021-04-06,702,N20,VIIRS,n,2,299.8,8.05,D,0
19.75534,80.87744,338.91,0.5,0.66,2021-04-06,702,N20,VIIRS,n,2,298.86,6.96,D,0
19.77492,80.00178,332.65,0.57,0.69,2021-04-06,702,N20,VIIRS,l,2,304.35,4.77,D,0
19.83045,81.16006,350.58,0.48,0.65,2021-04-06,702,N20,VIIRS,n,2,305.83,4.71,D,0
19.857,81.30805,335.91,0.47,0.64,2021-04-06,702,N20,VIIRS,n,2,306.14,2.87,D,0
19.94602,80.55922,333.55,0.52,0.67,2021-04-06,702,N20,VIIRS,l,2,305.23,0.83,D,0
19.94748,80.56099,335.16,0.52,0.67,2021-04-06,702,N20,VIIRS,l,2,306.14,3.52,D,0
19.96957,78.66128,332.79,0.69,0.74,2021-04-06,702,N20,VIIRS,l,2,307.48,4.39,D,0
19.97413,78.66113,334.16,0.69,0.74,2021-04-06,702,N20,VIIRS,l,2,308.68,3.89,D,0
15.61457,79.33893,367.0,0.48,0.65,2021-04-06,842,N20,VIIRS,h,2,303.26,16.08,D,0
15.73964,79.35017,344.35,0.49,0.65,2021-04-06,842,N20,VIIRS,n,2,302.15,4.53,D,0
15.76062,79.17099,347.52,0.47,0.64,2021-04-06,842,N20,VIIRS,n,2,301.86,4.3,D,0
15.76257,79.16914,337.06,0.47,0.64,2021-04-06,842,N20,VIIRS,n,2,301.6,4.25,D,0
15.82286,79.48496,335.42,0.5,0.66,2021-04-06,842,N20,VIIRS,n,2,299.41,2.0,D,0
16.02472,78.76363,341.41,0.45,0.63,2021-04-06,842,N20,VIIRS,n,2,303.95,4.16,D,0
16.1419,78.9922,356.18,0.47,0.64,2021-04-06,842,N20,VIIRS,n,2,309.7,9.91,D,0
16.14235,78.99676,342.27,0.47,0.64,2021-04-06,842,N20,VIIRS,n,2,305.92,9.91,D,0
16.14312,78.99058,349.12,0.47,0.64,2021-04-06,842,N20,VIIRS,n,2,308.14,9.58,D,0
16.14361,78.99517,367.0,0.47,0.64,2021-04-06,842,N20,VIIRS,h,2,308.59,9.58,D,0
16.21688,77.39123,348.2,0.37,0.58,2021-04-06,842,N20,VIIRS,n,2,312.51,6.67,D,0
16.21725,77.39464,340.3,0.37,0.58,2021-04-06,842,N20,VIIRS,l,2,310.94,6.89,D,0
16.23424,78.63213,333.36,0.44,0.63,2021-04-06,842,N20,VIIRS,l,2,307.2,3.01,D,0
16.26103,78.71425,342.1,0.45,0.63,2021-04-06,842,N20,VIIRS,n,2,305.63,2.32,D,0
16.34656,79.08246,356.01,0.48,0.64,2021-04-06,842,N20,VIIRS,n,2,308.07,7.52,D,0
16.65835,77.09337,339.51,0.35,0.57,2021-04-06,842,N20,VIIRS,l,2,312.78,4.21,D,0
16.82248,77.08414,336.99,0.35,0.57,2021-04-06,842,N20,VIIRS,n,2,303.85,2.14,D,0
16.83047,77.90493,346.16,0.4,0.6,2021-04-06,842,N20,VIIRS,n,2,297.99,4.03,D,0
16.90456,77.24818,338.84,0.36,0.58,2021-04-06,842,N20,VIIRS,n,2,300.53,3.66,D,0
16.98907,78.88258,336.08,0.47,0.64,2021-04-06,842,N20,VIIRS,n,2,304.55,1.97,D,0
16.99081,78.88283,335.34,0.47,0.64,2021-04-06,842,N20,VIIRS,n,2,304.07,1.74,D,0
17.02941,77.02838,367.0,0.35,0.57,2021-04-06,842,N20,VIIRS,h,2,303.8,6.74,D,0
17.15241,80.35215,334.18,0.59,0.7,2021-04-06,842,N20,VIIRS,n,2,297.28,6.49,D,0
17.25999,77.04453,340.8,0.36,0.57,2021-04-06,842,N20,VIIRS,l,2,312.49,7.4,D,0
17.48566,80.48065,338.11,0.61,0.71,2021-04-06,842,N20,VIIRS,n,2,299.54,3.59,D,0
17.48684,80.48371,343.35,0.61,0.71,2021-04-06,842,N20,VIIRS,n,2,299.32,5.3,D,0
17.49243,80.48236,332.12,0.61,0.71,2021-04-06,842,N20,VIIRS,n,2,299.94,3.25,D,0
17.76548,78.52541,344.64,0.45,0.63,2021-04-06,842,N20,VIIRS,n,2,303.95,6.28,D,0
17.76591,78.52975,335.83,0.46,0.63,2021-04-06,842,N20,VIIRS,n,2,300.93,6.28,D,0
17.77133,78.52492,340.23,0.45,0.63,2021-04-06,842,N20,VIIRS,n,2,302.6,6.28,D,0
17.77177,78.52927,367.0,0.46,0.63,2021-04-06,842,N20,VIIRS,h,2,303.57,6.28,D,0
17.85262,77.01031,343.7,0.36,0.57,2021-04-06,842,N20,VIIRS,n,2,310.09,6.75,D,0
17.85733,77.01106,349.2,0.36,0.58,2021-04-06,842,N20,VIIRS,n,2,310.21,4.58,D,0
17.92111,81.39378,345.63,0.7,0.75,2021-04-06,842,N20,VIIRS,n,2,300.2,7.08,D,0
18.14917,78.36231,344.36,0.45,0.63,2021-04-06,842,N20,VIIRS,n,2,301.17,5.67,D,0
18.4674,81.1802,330.28,0.69,0.74,2021-04-06,842,N20,VIIRS,n,2,295.74,3.07,D,0
18.49242,80.44982,367.0,0.62,0.71,2021-04-06,842,N20,VIIRS,h,2,303.14,25.42,D,0
18.494,80.44644,346.41,0.62,0.71,2021-04-06,842,N20,VIIRS,n,2,301.22,17.8,D,0
18.49454,80.45245,367.0,0.62,0.71,2021-04-06,842,N20,VIIRS,h,2,300.74,20.37,D,0
18.4973,81.28517,331.16,0.7,0.75,2021-04-06,842,N20,VIIRS,n,2,294.74,4.82,D,0
18.49747,81.28534,333.42,0.7,0.75,2021-04-06,842,N20,VIIRS,n,2,294.91,4.07,D,0
18.62304,80.84971,330.17,0.66,0.73,2021-04-06,842,N20,VIIRS,n,2,298.03,6.25,D,0
18.65314,80.88407,331.05,0.67,0.73,2021-04-06,842,N20,VIIRS,n,2,298.27,4.55,D,0
18.75089,79.7005,330.69,0.56,0.69,2021-04-06,842,N20,VIIRS,l,2,302.25,1.87,D,0
18.84487,79.27462,333.84,0.52,0.67,2021-04-06,842,N20,VIIRS,n,2,303.75,7.59,D,0
18.89914,77.15659,346.24,0.38,0.59,2021-04-06,843,N20,VIIRS,n,2,319.62,4.72,D,0
18.90329,77.19701,347.17,0.38,0.59,2021-04-06,843,N20,VIIRS,n,2,316.19,7.55,D,0
18.90458,77.1562,340.47,0.38,0.59,2021-04-06,843,N20,VIIRS,l,2,315.23,4.72,D,0
18.94867,77.36942,338.44,0.39,0.6,2021-04-06,843,N20,VIIRS,l,2,311.63,3.8,D,0
19.18261,78.84245,335.63,0.5,0.65,2021-04-06,843,N20,VIIRS,l,2,310.46,5.79,D,0
19.18866,78.84182,353.95,0.5,0.65,2021-04-06,843,N20,VIIRS,n,2,310.4,5.79,D,0
19.1899,78.83778,348.62,0.5,0.65,2021-04-06,843,N20,VIIRS,n,2,311.08,8.12,D,0
19.19032,78.8426,334.86,0.5,0.65,2021-04-06,843,N20,VIIRS,l,2,309.05,5.3,D,0
19.22333,77.60555,336.68,0.41,0.61,2021-04-06,843,N20,VIIRS,l,2,309.45,3.95,D,0
19.23234,78.63541,340.03,0.48,0.65,2021-04-06,843,N20,VIIRS,n,2,306.12,4.1,D,0
19.23747,80.02329,341.69,0.59,0.7,2021-04-06,843,N20,VIIRS,n,2,302.2,5.92,D,0
19.28341,77.53995,339.95,0.41,0.6,2021-04-06,843,N20,VIIRS,l,2,313.74,4.04,D,0
19.28465,77.54025,343.33,0.41,0.6,2021-04-06,843,N20,VIIRS,l,2,314.1,3.17,D,0
19.29798,78.59281,348.47,0.48,0.65,2021-04-06,843,N20,VIIRS,n,2,310.0,8.32,D,0
19.30039,78.59046,339.52,0.48,0.65,2021-04-06,843,N20,VIIRS,l,2,310.02,8.4,D,0
19.30659,79.31588,331.2,0.53,0.67,2021-04-06,843,N20,VIIRS,n,2,299.48,6.34,D,0
19.40153,81.09646,344.83,0.7,0.75,2021-04-06,843,N20,VIIRS,n,2,300.47,86.56,D,0
19.4019,81.09864,353.93,0.7,0.75,2021-04-06,843,N20,VIIRS,n,2,299.92,72.17,D,0
19.40205,81.10319,351.24,0.7,0.75,2021-04-06,843,N20,VIIRS,n,2,292.61,46.92,D,0
19.40848,81.0962,346.72,0.7,0.75,2021-04-06,843,N20,VIIRS,n,2,296.88,86.56,D,0
19.40885,81.09841,354.92,0.7,0.75,2021-04-06,843,N20,VIIRS,n,2,296.73,88.42,D,0
19.409,81.10294,349.06,0.7,0.75,2021-04-06,843,N20,VIIRS,n,2,293.14,46.92,D,0
19.4149,81.08907,340.56,0.7,0.75,2021-04-06,843,N20,VIIRS,n,2,294.93,9.49,D,0
19.41523,81.09136,345.51,0.7,0.75,2021-04-06,843,N20,VIIRS,n,2,294.71,40.68,D,0
19.46793,80.11134,334.22,0.6,0.71,2021-04-06,843,N20,VIIRS,n,2,303.94,6.65,D,0
19.46839,80.11684,339.9,0.6,0.71,2021-04-06,843,N20,VIIRS,n,2,302.6,6.5,D,0
19.57545,77.16097,334.11,0.39,0.59,2021-04-06,843,N20,VIIRS,l,2,304.93,5.41,D,0
19.64789,79.83239,348.13,0.58,0.7,2021-04-06,843,N20,VIIRS,n,2,307.28,5.44,D,0
19.653,78.23209,345.86,0.46,0.63,2021-04-06,843,N20,VIIRS,n,2,312.83,9.35,D,0
19.77373,80.00502,336.43,0.6,0.71,2021-04-06,843,N20,VIIRS,n,2,309.31,9.05,D,0
19.78025,80.00432,367.0,0.6,0.71,2021-04-06,843,N20,VIIRS,h,2,309.15,9.05,D,0
19.80786,78.43409,338.67,0.47,0.64,2021-04-06,843,N20,VIIRS,l,2,311.48,8.43,D,0
19.83051,77.4836,340.05,0.41,0.61,2021-04-06,843,N20,VIIRS,l,2,312.03,6.32,D,0
19.83918,77.51569,334.02,0.41,0.61,2021-04-06,843,N20,VIIRS,l,2,309.02,3.79,D,0
19.88258,79.97159,333.79,0.6,0.7,2021-04-06,843,N20,VIIRS,l,2,308.75,3.11,D,0
19.91528,79.34359,340.1,0.54,0.68,2021-04-06,843,N20,VIIRS,n,2,301.33,5.56,D,0
19.92982,78.73751,336.77,0.5,0.66,2021-04-06,843,N20,VIIRS,l,2,310.96,3.85,D,0
19.93013,78.48309,343.26,0.48,0.65,2021-04-06,843,N20,VIIRS,n,2,309.42,6.6,D,0
19.93365,78.48476,345.47,0.48,0.65,2021-04-06,843,N20,VIIRS,n,2,311.12,11.19,D,0
19.93842,80.01692,345.38,0.6,0.71,2021-04-06,843,N20,VIIRS,n,2,310.67,5.92,D,0
19.93879,80.01389,337.12,0.6,0.71,2021-04-06,843,N20,VIIRS,l,2,311.39,4.14,D,0
19.99368,78.68142,338.54,0.49,0.65,2021-04-06,843,N20,VIIRS,n,2,308.37,2.46,D,0
19.99578,79.35044,334.38,0.55,0.68,2021-04-06,843,N20,VIIRS,n,2,305.44,4.57,D,0
19.99622,79.35571,342.32,0.55,0.68,2021-04-06,843,N20,VIIRS,n,2,304.64,4.57,D,0
19.99845,79.35211,342.8,0.55,0.68,2021-04-06,843,N20,VIIRS,n,2,305.33,7.94,D,0
17.86942,81.23401,305.66,0.38,0.59,2021-04-06,1932,N20,VIIRS,n,2,292.94,1.0,N,0
17.93245,81.28243,307.4,0.38,0.59,2021-04-06,1932,N20,VIIRS,n,2,293.43,1.83,N,0
18.4602,78.22734,304.6,0.61,0.71,2021-04-06,1932,N20,VIIRS,n,2,291.43,1.23,N,0
18.7271,81.10606,303.11,0.4,0.6,2021-04-06,1932,N20,VIIRS,n,2,286.29,0.44,N,0
18.85022,77.40027,320.55,0.7,0.75,2021-04-06,1932,N20,VIIRS,n,2,293.0,4.51,N,0
18.85025,77.39962,320.98,0.7,0.75,2021-04-06,1932,N20,VIIRS,n,2,293.08,3.5,N,0
19.27906,81.0622,308.74,0.41,0.6,2021-04-06,1932,N20,VIIRS,n,2,290.26,0.84,N,0
19.2946,81.2384,303.51,0.4,0.6,2021-04-06,1932,N20,VIIRS,n,2,291.72,1.03,N,0
19.61399,80.83395,305.15,0.42,0.61,2021-04-06,1932,N20,VIIRS,n,2,293.24,1.61,N,0
19.62659,80.99415,307.19,0.41,0.61,2021-04-06,1932,N20,VIIRS,n,2,291.92,1.15,N,0
19.64279,80.98518,304.86,0.42,0.61,2021-04-06,1932,N20,VIIRS,n,2,293.12,1.14,N,0
19.64768,80.9541,303.7,0.42,0.61,2021-04-06,1932,N20,VIIRS,n,2,293.06,1.29,N,0
19.64965,80.99065,304.06,0.41,0.61,2021-04-06,1932,N20,VIIRS,n,2,293.02,0.78,N,0
19.65362,80.99076,309.15,0.42,0.61,2021-04-06,1932,N20,VIIRS,n,2,293.2,1.66,N,0
19.65526,80.9913,306.78,0.41,0.61,2021-04-06,1932,N20,VIIRS,n,2,293.08,0.78,N,0
19.6596,80.98751,304.26,0.42,0.61,2021-04-06,1932,N20,VIIRS,n,2,292.71,1.89,N,0
19.70996,77.62418,307.87,0.69,0.74,2021-04-06,1932,N20,VIIRS,n,2,292.43,3.11,N,0
19.7592,78.21396,308.37,0.63,0.72,2021-04-06,1932,N20,VIIRS,n,2,294.66,3.14,N,0
19.77475,80.80353,304.7,0.43,0.62,2021-04-06,1932,N20,VIIRS,n,2,293.43,0.59,N,0
19.83757,77.92742,308.82,0.66,0.73,2021-04-06,1932,N20,VIIRS,n,2,294.27,3.41,N,0
19.85661,80.8717,306.74,0.42,0.61,2021-04-06,1932,N20,VIIRS,n,2,293.32,1.3,N,0
19.8648,80.84697,304.23,0.43,0.62,2021-04-06,1932,N20,VIIRS,n,2,293.45,0.91,N,0
19.94195,77.96062,305.31,0.66,0.73,2021-04-06,1932,N20,VIIRS,n,2,293.28,2.17,N,0
19.73593,78.21231,308.23,0.54,0.68,2021-04-06,2112,N20,VIIRS,n,2,294.03,2.19,N,0
19.94567,77.96876,307.85,0.52,0.67,2021-04-06,2112,N20,VIIRS,n,2,294.5,1.8,N,0
18.86076,77.24924,302.41,0.49,0.65,2021-04-06,2113,N20,VIIRS,n,2,291.1,0.26,N,0
19.81576,77.15407,311.45,0.46,0.64,2021-04-06,2113,N20,VIIRS,n,2,291.1,1.93,N,0
15.53853,79.21572,336.9,0.46,0.47,2021-04-07,823,N20,VIIRS,l,2,308.62,4.66,D,0
15.54875,79.22707,336.43,0.46,0.47,2021-04-07,823,N20,VIIRS,l,2,309.17,2.14,D,0
15.55267,79.22321,343.54,0.46,0.47,2021-04-07,823,N20,VIIRS,n,2,311.66,7.27,D,0
15.55318,79.22721,340.94,0.46,0.47,2021-04-07,823,N20,VIIRS,n,2,309.92,7.84,D,0
15.63465,77.24627,344.07,0.52,0.42,2021-04-07,823,N20,VIIRS,l,2,315.97,13.41,D,0
15.70973,79.30096,345.17,0.47,0.47,2021-04-07,823,N20,VIIRS,n,2,312.31,4.63,D,0
15.71085,79.30101,345.78,0.47,0.47,2021-04-07,823,N20,VIIRS,n,2,312.01,5.65,D,0
15.72979,77.09289,342.5,0.51,0.41,2021-04-07,823,N20,VIIRS,n,2,312.33,12.61,D,0
15.75836,78.43594,337.74,0.41,0.45,2021-04-07,823,N20,VIIRS,l,2,311.66,7.74,D,0
15.77782,78.1317,343.79,0.39,0.44,2021-04-07,823,N20,VIIRS,n,2,311.68,8.23,D,0
15.81482,79.42162,345.07,0.48,0.48,2021-04-07,823,N20,VIIRS,n,2,306.76,4.07,D,0
15.83948,79.29424,336.03,0.47,0.48,2021-04-07,823,N20,VIIRS,l,2,308.71,4.97,D,0
15.84448,78.13797,341.57,0.4,0.44,2021-04-07,823,N20,VIIRS,n,2,306.64,2.45,D,0
16.06885,79.4151,335.45,0.48,0.48,2021-04-07,823,N20,VIIRS,l,2,309.27,3.02,D,0
16.38342,79.58202,330.64,0.5,0.49,2021-04-07,823,N20,VIIRS,l,2,305.03,2.24,D,0
16.38575,79.58452,333.33,0.5,0.49,2021-04-07,823,N20,VIIRS,l,2,305.02,4.73,D,0
16.47039,77.97944,335.73,0.39,0.44,2021-04-07,823,N20,VIIRS,l,2,308.49,3.4,D,0
16.53353,77.14038,342.7,0.53,0.42,2021-04-07,823,N20,VIIRS,l,2,313.3,16.91,D,0
16.54714,79.71234,338.86,0.51,0.49,2021-04-07,823,N20,VIIRS,n,2,306.71,4.25,D,0
16.56643,80.92761,342.62,0.61,0.54,2021-04-07,823,N20,VIIRS,n,2,303.26,5.2,D,0
16.60673,77.87363,338.28,0.39,0.44,2021-04-07,823,N20,VIIRS,l,2,310.51,7.13,D,0
16.61144,79.31536,343.59,0.48,0.48,2021-04-07,823,N20,VIIRS,n,2,309.04,5.58,D,0
16.7699,78.71188,345.96,0.44,0.46,2021-04-07,823,N20,VIIRS,n,2,311.49,5.93,D,0
16.87457,80.22816,337.09,0.55,0.51,2021-04-07,823,N20,VIIRS,n,2,304.13,5.1,D,0
16.91373,77.33504,339.75,0.55,0.43,2021-04-07,823,N20,VIIRS,l,2,313.48,10.4,D,0
16.93844,78.51041,336.62,0.43,0.46,2021-04-07,823,N20,VIIRS,l,2,307.64,3.76,D,0
16.98923,77.08607,337.44,0.53,0.42,2021-04-07,823,N20,VIIRS,l,2,311.13,5.18,D,0
17.01703,80.23083,334.37,0.56,0.51,2021-04-07,823,N20,VIIRS,n,2,300.75,4.24,D,0
17.02467,77.94203,336.17,0.4,0.44,2021-04-07,823,N20,VIIRS,l,2,308.68,1.34,D,0
17.10358,77.04627,343.25,0.53,0.42,2021-04-07,823,N20,VIIRS,l,2,314.66,9.57,D,0
17.11445,78.82114,335.32,0.45,0.47,2021-04-07,823,N20,VIIRS,l,2,309.42,2.71,D,0
17.24493,78.69025,345.84,0.45,0.47,2021-04-07,823,N20,VIIRS,n,2,308.0,6.59,D,0
17.24786,78.68924,342.98,0.45,0.47,2021-04-07,823,N20,VIIRS,n,2,307.81,8.46,D,0
17.24801,77.90721,339.46,0.4,0.44,2021-04-07,823,N20,VIIRS,l,2,312.52,7.57,D,0
17.24829,77.90733,338.99,0.4,0.44,2021-04-07,823,N20,VIIRS,l,2,312.79,6.78,D,0
17.26266,81.20128,339.69,0.33,0.55,2021-04-07,823,N20,VIIRS,n,2,303.54,3.26,D,0
17.26739,81.19762,331.68,0.33,0.55,2021-04-07,823,N20,VIIRS,n,2,303.09,7.77,D,0
17.26774,81.20078,367.0,0.33,0.55,2021-04-07,823,N20,VIIRS,h,2,305.14,7.77,D,0
17.29661,81.46226,330.79,0.34,0.56,2021-04-07,823,N20,VIIRS,n,2,300.75,3.44,D,0
17.29695,81.46537,336.08,0.34,0.56,2021-04-07,823,N20,VIIRS,n,2,301.3,2.58,D,0
17.29729,81.46854,330.62,0.34,0.56,2021-04-07,823,N20,VIIRS,n,2,301.19,2.58,D,0
17.32903,81.30623,330.25,0.33,0.55,2021-04-07,823,N20,VIIRS,l,2,301.66,2.61,D,0
17.36033,81.0293,331.07,0.32,0.54,2021-04-07,823,N20,VIIRS,l,2,302.5,1.51,D,0
17.38558,81.02783,343.49,0.32,0.54,2021-04-07,823,N20,VIIRS,n,2,303.55,3.19,D,0
17.38593,81.03095,341.05,0.32,0.54,2021-04-07,823,N20,VIIRS,n,2,302.09,3.19,D,0
17.40915,81.2823,339.92,0.33,0.55,2021-04-07,823,N20,VIIRS,n,2,303.28,2.06,D,0
17.41462,81.37779,332.43,0.34,0.56,2021-04-07,823,N20,VIIRS,n,2,300.43,2.58,D,0
17.41493,81.38066,341.96,0.34,0.56,2021-04-07,823,N20,VIIRS,n,2,301.42,2.58,D,0
17.43683,77.33522,343.99,0.56,0.43,2021-04-07,823,N20,VIIRS,l,2,315.71,17.78,D,0
17.4438,81.23719,336.35,0.33,0.55,2021-04-07,823,N20,VIIRS,n,2,303.15,2.13,D,0
17.47636,77.11128,342.4,0.54,0.42,2021-04-07,823,N20,VIIRS,l,2,316.72,17.55,D,0
17.49383,81.22317,339.32,0.33,0.55,2021-04-07,823,N20,VIIRS,n,2,306.44,2.66,D,0
17.49863,79.03333,343.02,0.47,0.48,2021-04-07,823,N20,VIIRS,n,2,310.3,3.68,D,0
17.51026,81.05457,344.61,0.32,0.55,2021-04-07,823,N20,VIIRS,n,2,304.13,4.05,D,0
17.51081,81.05518,344.32,0.32,0.55,2021-04-07,823,N20,VIIRS,n,2,303.76,5.24,D,0
17.61199,77.73952,341.47,0.39,0.44,2021-04-07,823,N20,VIIRS,l,2,314.86,7.39,D,0
17.61541,77.96567,337.49,0.41,0.45,2021-04-07,823,N20,VIIRS,l,2,312.12,6.16,D,0
17.67041,79.04927,344.52,0.48,0.48,2021-04-07,823,N20,VIIRS,n,2,311.22,10.42,D,0
17.67982,81.30576,341.24,0.33,0.56,2021-04-07,823,N20,VIIRS,n,2,306.25,3.35,D,0
17.68016,81.30893,335.03,0.34,0.56,2021-04-07,823,N20,VIIRS,n,2,303.73,1.88,D,0
17.72701,78.66714,342.78,0.45,0.47,2021-04-07,823,N20,VIIRS,n,2,307.81,9.11,D,0
17.73131,78.6666,334.6,0.45,0.47,2021-04-07,823,N20,VIIRS,l,2,306.68,5.32,D,0
17.73415,78.34153,342.58,0.43,0.46,2021-04-07,823,N20,VIIRS,n,2,311.4,5.33,D,0
17.73492,78.34221,339.9,0.43,0.46,2021-04-07,823,N20,VIIRS,l,2,309.94,5.9,D,0
17.7471,78.44473,342.94,0.44,0.46,2021-04-07,823,N20,VIIRS,n,2,309.7,5.79,D,0
17.74758,78.44795,343.33,0.44,0.46,2021-04-07,823,N20,VIIRS,n,2,308.66,7.8,D,0
17.75287,80.94936,341.7,0.64,0.54,2021-04-07,823,N20,VIIRS,n,2,305.84,4.3,D,0
17.78242,81.12659,330.93,0.33,0.55,2021-04-07,823,N20,VIIRS,l,2,303.57,2.06,D,0
17.78399,78.32381,340.06,0.43,0.46,2021-04-07,823,N20,VIIRS,l,2,310.39,9.17,D,0
17.78448,78.3278,343.46,0.43,0.46,2021-04-07,823,N20,VIIRS,n,2,310.03,7.97,D,0
17.82598,81.24145,333.29,0.33,0.55,2021-04-07,823,N20,VIIRS,l,2,304.97,1.89,D,0
17.82888,81.03712,333.54,0.32,0.55,2021-04-07,823,N20,VIIRS,l,2,305.11,1.87,D,0
17.85342,81.44318,333.64,0.34,0.56,2021-04-07,823,N20,VIIRS,l,2,304.83,1.92,D,0
17.85781,81.12254,330.71,0.33,0.55,2021-04-07,823,N20,VIIRS,l,2,304.19,1.19,D,0
17.86685,81.35586,333.19,0.34,0.56,2021-04-07,823,N20,VIIRS,l,2,305.24,2.21,D,0
17.86937,81.23133,331.47,0.33,0.56,2021-04-07,823,N20,VIIRS,l,2,304.16,1.77,D,0
17.90052,80.13756,332.61,0.56,0.52,2021-04-07,823,N20,VIIRS,l,2,305.1,2.77,D,0
17.91155,77.55303,344.94,0.39,0.44,2021-04-07,823,N20,VIIRS,l,2,315.57,12.64,D,0
17.91992,81.41222,345.1,0.34,0.56,2021-04-07,823,N20,VIIRS,n,2,305.27,2.3,D,0
17.92131,81.28,343.47,0.34,0.56,2021-04-07,823,N20,VIIRS,n,2,303.52,4.35,D,0
17.93219,81.33201,334.04,0.34,0.56,2021-04-07,823,N20,VIIRS,l,2,305.58,1.12,D,0
17.94312,79.34488,331.24,0.5,0.49,2021-04-07,823,N20,VIIRS,l,2,304.62,3.38,D,0
17.95502,77.04992,342.01,0.54,0.42,2021-04-07,823,N20,VIIRS,l,2,316.91,18.87,D,0
17.95582,81.40458,332.28,0.34,0.56,2021-04-07,823,N20,VIIRS,l,2,305.09,0.81,D,0
17.96545,81.39672,333.6,0.34,0.56,2021-04-07,823,N20,VIIRS,l,2,305.54,0.88,D,0
17.96602,80.1546,334.39,0.57,0.52,2021-04-07,823,N20,VIIRS,l,2,305.06,2.67,D,0
17.96829,81.32791,336.74,0.34,0.56,2021-04-07,823,N20,VIIRS,n,2,304.82,1.9,D,0
17.97026,81.39283,333.15,0.34,0.56,2021-04-07,823,N20,VIIRS,l,2,306.93,2.36,D,0
17.97027,81.3276,335.25,0.34,0.56,2021-04-07,823,N20,VIIRS,n,2,304.98,2.63,D,0
17.97063,81.39615,341.64,0.34,0.56,2021-04-07,823,N20,VIIRS,n,2,307.06,3.34,D,0
18.02606,80.08856,333.19,0.56,0.52,2021-04-07,823,N20,VIIRS,l,2,303.86,1.47,D,0
18.06583,80.65462,340.56,0.61,0.54,2021-04-07,823,N20,VIIRS,n,2,306.48,7.07,D,0
18.09896,81.00101,336.8,0.32,0.55,2021-04-07,823,N20,VIIRS,n,2,304.75,2.37,D,0
18.10462,81.00597,336.49,0.32,0.55,2021-04-07,823,N20,VIIRS,n,2,302.91,3.86,D,0
18.13466,81.09223,335.95,0.33,0.55,2021-04-07,823,N20,VIIRS,n,2,304.99,1.64,D,0
18.17562,81.2281,347.82,0.34,0.56,2021-04-07,823,N20,VIIRS,n,2,305.77,3.94,D,0
18.17785,81.22604,345.68,0.34,0.56,2021-04-07,823,N20,VIIRS,n,2,305.99,2.3,D,0
18.19756,81.1183,330.25,0.33,0.55,2021-04-07,823,N20,VIIRS,l,2,304.94,0.9,D,0
18.1983,79.89271,336.03,0.55,0.51,2021-04-07,823,N20,VIIRS,n,2,306.14,2.76,D,0
18.22242,80.96857,333.33,0.32,0.55,2021-04-07,823,N20,VIIRS,l,2,304.4,1.66,D,0
18.23295,81.20654,347.32,0.34,0.56,2021-04-07,823,N20,VIIRS,n,2,305.9,5.08,D,0
18.23857,80.97583,336.4,0.32,0.55,2021-04-07,823,N20,VIIRS,n,2,302.67,2.07,D,0
18.26134,80.95654,342.56,0.32,0.55,2021-04-07,823,N20,VIIRS,n,2,302.02,2.8,D,0
18.26167,80.95966,334.83,0.32,0.55,2021-04-07,823,N20,VIIRS,n,2,302.19,2.82,D,0
18.26296,80.07824,333.15,0.56,0.52,2021-04-07,823,N20,VIIRS,l,2,303.19,2.97,D,0
18.26331,80.07549,337.04,0.57,0.52,2021-04-07,823,N20,VIIRS,n,2,303.48,5.61,D,0
18.27163,80.90926,334.76,0.32,0.55,2021-04-07,823,N20,VIIRS,n,2,303.25,2.96,D,0
18.27667,80.90866,355.2,0.32,0.55,2021-04-07,823,N20,VIIRS,n,2,303.76,2.96,D,0
18.30782,80.96057,343.13,0.32,0.55,2021-04-07,823,N20,VIIRS,n,2,303.07,2.61,D,0
18.31987,81.31548,332.31,0.34,0.56,2021-04-07,823,N20,VIIRS,l,2,303.62,3.13,D,0
18.32014,81.31807,330.77,0.34,0.56,2021-04-07,823,N20,VIIRS,l,2,303.5,2.33,D,0
18.32504,81.31483,340.05,0.34,0.56,2021-04-07,823,N20,VIIRS,n,2,303.04,1.79,D,0
18.32665,81.3301,339.39,0.34,0.56,2021-04-07,823,N20,VIIRS,n,2,302.42,3.07,D,0
18.34408,80.02229,333.21,0.56,0.52,2021-04-07,823,N20,VIIRS,l,2,304.58,2.52,D,0
18.3447,80.02766,333.08,0.56,0.52,2021-04-07,823,N20,VIIRS,l,2,304.15,2.52,D,0
18.36711,81.31621,331.4,0.34,0.56,2021-04-07,823,N20,VIIRS,l,2,305.77,2.11,D,0
18.4316,81.1205,330.51,0.33,0.55,2021-04-07,823,N20,VIIRS,l,2,305.26,2.29,D,0
18.44893,81.33168,335.84,0.34,0.56,2021-04-07,823,N20,VIIRS,n,2,303.09,1.9,D,0
18.4586,81.2748,334.3,0.34,0.56,2021-04-07,823,N20,VIIRS,n,2,303.61,2.55,D,0
18.46994,81.18678,333.83,0.34,0.56,2021-04-07,823,N20,VIIRS,n,2,303.15,1.5,D,0
18.47668,81.15343,333.34,0.33,0.56,2021-04-07,823,N20,VIIRS,l,2,303.72,1.44,D,0
18.49855,81.18722,331.42,0.34,0.56,2021-04-07,823,N20,VIIRS,l,2,304.08,2.05,D,0
18.50238,81.27486,344.84,0.34,0.56,2021-04-07,823,N20,VIIRS,n,2,302.91,3.13,D,0
18.50557,81.27359,343.7,0.34,0.56,2021-04-07,823,N20,VIIRS,n,2,302.34,2.52,D,0
18.54562,81.14064,367.0,0.34,0.56,2021-04-07,823,N20,VIIRS,h,2,304.17,7.53,D,0
18.55078,81.23768,340.21,0.34,0.56,2021-04-07,823,N20,VIIRS,n,2,304.15,3.72,D,0
18.56751,80.91667,336.0,0.32,0.55,2021-04-07,823,N20,VIIRS,n,2,304.17,1.47,D,0
18.31867,77.7635,339.18,0.4,0.44,2021-04-07,824,N20,VIIRS,l,2,312.01,5.56,D,0
18.48797,79.956,339.93,0.56,0.51,2021-04-07,824,N20,VIIRS,n,2,306.12,4.95,D,0
18.49758,78.14672,341.86,0.43,0.46,2021-04-07,824,N20,VIIRS,n,2,306.67,7.86,D,0
18.50041,80.15681,338.07,0.58,0.52,2021-04-07,824,N20,VIIRS,n,2,304.9,6.97,D,0
18.50222,79.99769,336.97,0.56,0.52,2021-04-07,824,N20,VIIRS,l,2,307.01,2.88,D,0
18.54737,80.45251,333.8,0.6,0.53,2021-04-07,824,N20,VIIRS,l,2,304.52,3.35,D,0
18.55838,80.06747,350.03,0.57,0.52,2021-04-07,824,N20,VIIRS,n,2,305.16,8.65,D,0
18.56662,80.91777,333.23,0.32,0.55,2021-04-07,824,N20,VIIRS,n,2,303.07,1.38,D,0
18.56744,78.65964,354.89,0.46,0.47,2021-04-07,824,N20,VIIRS,n,2,306.59,15.23,D,0
18.57178,78.65906,343.09,0.46,0.47,2021-04-07,824,N20,VIIRS,n,2,289.44,3.14,D,0
18.57357,80.06937,332.69,0.57,0.52,2021-04-07,824,N20,VIIRS,l,2,303.57,2.49,D,0
18.57751,80.06538,331.24,0.57,0.52,2021-04-07,824,N20,VIIRS,l,2,303.85,1.83,D,0
18.59276,80.02348,330.64,0.57,0.52,2021-04-07,824,N20,VIIRS,l,2,305.04,1.91,D,0
18.59964,80.79618,332.67,0.32,0.54,2021-04-07,824,N20,VIIRS,l,2,304.83,1.2,D,0
18.6382,79.63866,337.22,0.54,0.5,2021-04-07,824,N20,VIIRS,n,2,306.5,7.19,D,0
18.63997,79.64146,338.83,0.53,0.5,2021-04-07,824,N20,VIIRS,n,2,306.95,6.25,D,0
18.66705,77.53563,342.72,0.39,0.44,2021-04-07,824,N20,VIIRS,l,2,314.81,14.05,D,0
18.68754,80.95634,330.91,0.33,0.55,2021-04-07,824,N20,VIIRS,l,2,302.01,2.38,D,0
18.68763,80.04778,334.29,0.57,0.52,2021-04-07,824,N20,VIIRS,l,2,307.0,5.56,D,0
18.68771,80.0505,335.96,0.57,0.52,2021-04-07,824,N20,VIIRS,l,2,306.18,4.45,D,0
18.6883,80.00929,336.72,0.57,0.52,2021-04-07,824,N20,VIIRS,n,2,305.53,4.77,D,0
18.69286,81.1809,337.67,0.34,0.56,2021-04-07,824,N20,VIIRS,n,2,303.98,3.3,D,0
18.69313,80.7675,338.52,0.64,0.54,2021-04-07,824,N20,VIIRS,n,2,306.05,6.08,D,0
18.6951,81.18033,331.53,0.34,0.56,2021-04-07,824,N20,VIIRS,l,2,303.12,2.19,D,0
18.72438,81.11124,342.39,0.34,0.56,2021-04-07,824,N20,VIIRS,n,2,303.22,3.52,D,0
18.74826,80.85327,331.1,0.32,0.55,2021-04-07,824,N20,VIIRS,l,2,304.15,1.31,D,0
18.74928,80.86259,333.54,0.32,0.55,2021-04-07,824,N20,VIIRS,l,2,303.55,2.03,D,0
18.74962,80.86571,334.93,0.32,0.55,2021-04-07,824,N20,VIIRS,n,2,303.76,2.03,D,0
18.75415,80.76802,367.0,0.32,0.54,2021-04-07,824,N20,VIIRS,h,2,306.68,6.08,D,0
18.75935,80.77092,334.04,0.32,0.54,2021-04-07,824,N20,VIIRS,l,2,304.09,2.15,D,0
18.75978,80.7729,336.1,0.32,0.54,2021-04-07,824,N20,VIIRS,n,2,303.37,6.05,D,0
18.7634,79.70082,330.34,0.54,0.51,2021-04-07,824,N20,VIIRS,l,2,304.94,3.93,D,0
18.7944,81.37761,330.67,0.35,0.57,2021-04-07,824,N20,VIIRS,l,2,303.48,1.32,D,0
18.79963,81.23018,333.21,0.34,0.56,2021-04-07,824,N20,VIIRS,n,2,302.25,4.11,D,0
18.8146,81.22331,345.06,0.34,0.56,2021-04-07,824,N20,VIIRS,n,2,305.09,10.98,D,0
18.81489,81.22593,367.0,0.34,0.56,2021-04-07,824,N20,VIIRS,h,2,309.65,20.75,D,0
18.8161,81.22182,337.31,0.34,0.56,2021-04-07,824,N20,VIIRS,n,2,302.29,5.53,D,0
18.81636,81.22444,353.82,0.34,0.56,2021-04-07,824,N20,VIIRS,n,2,306.85,10.82,D,0
18.81664,81.22708,367.0,0.34,0.56,2021-04-07,824,N20,VIIRS,h,2,302.16,10.82,D,0
18.83706,77.40244,342.77,0.39,0.44,2021-04-07,824,N20,VIIRS,l,2,314.07,9.71,D,0
18.83784,80.08852,331.19,0.58,0.52,2021-04-07,824,N20,VIIRS,l,2,304.04,2.31,D,0
18.8567,77.39595,350.09,0.39,0.44,2021-04-07,824,N20,VIIRS,n,2,314.75,19.08,D,0
18.85887,79.28242,342.98,0.51,0.49,2021-04-07,824,N20,VIIRS,n,2,306.78,3.85,D,0
18.86134,80.12475,346.16,0.58,0.52,2021-04-07,824,N20,VIIRS,n,2,306.83,6.49,D,0
18.87159,80.91303,333.24,0.33,0.55,2021-04-07,824,N20,VIIRS,l,2,303.31,1.85,D,0
18.89268,77.17723,346.11,0.57,0.43,2021-04-07,824,N20,VIIRS,l,2,317.91,16.65,D,0
18.9356,77.49565,340.13,0.4,0.44,2021-04-07,824,N20,VIIRS,l,2,313.57,6.65,D,0
18.93606,77.49941,339.3,0.4,0.44,2021-04-07,824,N20,VIIRS,l,2,312.62,6.65,D,0
18.95378,79.33736,337.07,0.52,0.5,2021-04-07,824,N20,VIIRS,l,2,309.21,2.33,D,0
19.06904,79.98332,337.43,0.57,0.52,2021-04-07,824,N20,VIIRS,n,2,306.27,4.38,D,0
19.07726,80.70379,333.42,0.32,0.54,2021-04-07,824,N20,VIIRS,n,2,303.68,1.51,D,0
19.08131,80.09307,331.25,0.58,0.52,2021-04-07,824,N20,VIIRS,l,2,305.55,1.29,D,0
19.12114,79.37769,351.15,0.52,0.5,2021-04-07,824,N20,VIIRS,n,2,307.6,9.03,D,0
19.13274,78.90775,331.59,0.49,0.48,2021-04-07,824,N20,VIIRS,l,2,306.03,1.8,D,0
19.17051,81.15498,336.18,0.34,0.56,2021-04-07,824,N20,VIIRS,n,2,302.01,3.93,D,0
19.17956,78.84531,334.81,0.48,0.48,2021-04-07,824,N20,VIIRS,l,2,307.28,3.2,D,0
19.1876,78.84547,340.83,0.48,0.48,2021-04-07,824,N20,VIIRS,n,2,307.91,5.53,D,0
19.18899,78.84879,344.11,0.48,0.48,2021-04-07,824,N20,VIIRS,n,2,307.36,6.32,D,0
19.20112,79.55122,330.83,0.54,0.51,2021-04-07,824,N20,VIIRS,l,2,305.33,0.93,D,0
19.21291,81.11082,344.58,0.34,0.56,2021-04-07,824,N20,VIIRS,n,2,304.18,9.87,D,0
19.21323,81.11378,367.0,0.34,0.56,2021-04-07,824,N20,VIIRS,h,2,306.32,16.95,D,0
19.21805,81.11001,348.92,0.34,0.56,2021-04-07,824,N20,VIIRS,n,2,304.85,5.49,D,0
19.21837,81.11302,349.42,0.34,0.56,2021-04-07,824,N20,VIIRS,n,2,303.86,5.99,D,0
19.21974,81.10822,339.25,0.34,0.56,2021-04-07,824,N20,VIIRS,n,2,304.65,3.58,D,0
19.22005,81.11127,344.16,0.34,0.56,2021-04-07,824,N20,VIIRS,n,2,303.86,4.88,D,0
19.22318,81.10915,339.42,0.34,0.56,2021-04-07,824,N20,VIIRS,n,2,304.55,5.49,D,0
19.2235,81.11211,345.21,0.34,0.56,2021-04-07,824,N20,VIIRS,n,2,303.72,5.99,D,0
19.22487,81.10734,330.04,0.34,0.56,2021-04-07,824,N20,VIIRS,n,2,303.5,3.58,D,0
19.22517,81.11031,346.98,0.34,0.56,2021-04-07,824,N20,VIIRS,n,2,304.76,4.88,D,0
19.22547,81.11323,343.88,0.34,0.56,2021-04-07,824,N20,VIIRS,n,2,302.87,4.88,D,0
19.22862,81.11112,355.13,0.34,0.56,2021-04-07,824,N20,VIIRS,n,2,309.34,13.43,D,0
19.22892,81.11397,367.0,0.34,0.56,2021-04-07,824,N20,VIIRS,h,2,304.44,13.43,D,0
19.22923,81.11678,330.84,0.34,0.56,2021-04-07,824,N20,VIIRS,n,2,301.97,5.71,D,0
19.22996,77.37154,343.36,0.39,0.44,2021-04-07,824,N20,VIIRS,n,2,313.72,4.36,D,0
19.23029,81.10928,343.77,0.34,0.56,2021-04-07,824,N20,VIIRS,n,2,304.58,8.74,D,0
19.23048,81.05978,330.43,0.34,0.56,2021-04-07,824,N20,VIIRS,l,2,302.47,5.21,D,0
19.23059,81.11217,367.0,0.34,0.56,2021-04-07,824,N20,VIIRS,h,2,306.81,8.74,D,0
19.23074,77.37094,339.32,0.39,0.44,2021-04-07,824,N20,VIIRS,l,2,313.1,4.15,D,0
19.23088,81.11504,347.61,0.34,0.56,2021-04-07,824,N20,VIIRS,n,2,304.71,4.44,D,0
19.23435,81.11578,367.0,0.34,0.56,2021-04-07,824,N20,VIIRS,h,2,304.67,5.71,D,0
19.23522,81.05519,330.24,0.34,0.56,2021-04-07,824,N20,VIIRS,l,2,302.66,3.46,D,0
19.23599,81.11391,337.19,0.34,0.56,2021-04-07,824,N20,VIIRS,n,2,302.25,4.44,D,0
19.2363,81.11695,332.82,0.34,0.56,2021-04-07,824,N20,VIIRS,n,2,300.86,4.44,D,0
19.23836,78.66409,336.67,0.47,0.48,2021-04-07,824,N20,VIIRS,l,2,306.95,2.37,D,0
19.24274,78.66352,338.86,0.47,0.48,2021-04-07,824,N20,VIIRS,n,2,307.35,5.84,D,0
19.24327,78.66798,340.28,0.47,0.48,2021-04-07,824,N20,VIIRS,n,2,307.51,5.84,D,0
19.24713,78.66296,334.62,0.47,0.48,2021-04-07,824,N20,VIIRS,l,2,307.19,5.84,D,0
19.24766,78.6674,344.32,0.47,0.48,2021-04-07,824,N20,VIIRS,n,2,307.72,5.84,D,0
19.2557,79.29137,335.54,0.52,0.5,2021-04-07,824,N20,VIIRS,l,2,308.75,4.9,D,0
19.27619,80.23606,338.74,0.6,0.53,2021-04-07,824,N20,VIIRS,n,2,307.13,2.79,D,0
19.27814,81.06726,353.31,0.34,0.56,2021-04-07,824,N20,VIIRS,n,2,303.62,6.17,D,0
19.28107,80.23554,332.44,0.6,0.53,2021-04-07,824,N20,VIIRS,l,2,306.67,2.79,D,0
19.28228,80.62853,330.59,0.63,0.54,2021-04-07,824,N20,VIIRS,l,2,304.12,2.24,D,0
19.2936,81.06555,346.55,0.34,0.56,2021-04-07,824,N20,VIIRS,n,2,303.58,6.22,D,0
19.29395,81.06885,341.89,0.34,0.56,2021-04-07,824,N20,VIIRS,n,2,301.82,5.38,D,0
19.30003,81.17612,332.08,0.34,0.56,2021-04-07,824,N20,VIIRS,l,2,302.79,4.09,D,0
19.31389,81.30848,331.42,0.35,0.57,2021-04-07,824,N20,VIIRS,n,2,298.77,3.21,D,0
19.36419,81.2247,351.31,0.35,0.57,2021-04-07,824,N20,VIIRS,n,2,304.12,9.49,D,0
19.36453,81.228,367.0,0.35,0.57,2021-04-07,824,N20,VIIRS,h,2,304.61,15.24,D,0
19.38932,77.45174,343.13,0.4,0.44,2021-04-07,824,N20,VIIRS,l,2,317.79,7.63,D,0
19.39051,80.30777,332.01,0.6,0.53,2021-04-07,824,N20,VIIRS,l,2,306.26,2.04,D,0
19.39781,81.09251,337.27,0.34,0.56,2021-04-07,824,N20,VIIRS,n,2,304.54,3.94,D,0
19.39815,81.09574,333.43,0.34,0.56,2021-04-07,824,N20,VIIRS,l,2,303.9,3.72,D,0
19.39849,81.09899,351.23,0.34,0.56,2021-04-07,824,N20,VIIRS,n,2,303.67,3.72,D,0
19.40166,80.36539,332.55,0.61,0.53,2021-04-07,824,N20,VIIRS,l,2,306.39,2.3,D,0
19.41438,81.10085,330.74,0.34,0.56,2021-04-07,824,N20,VIIRS,n,2,303.05,2.84,D,0
19.41472,81.10401,350.45,0.34,0.56,2021-04-07,824,N20,VIIRS,n,2,304.52,2.84,D,0
19.41585,79.0127,339.54,0.5,0.49,2021-04-07,824,N20,VIIRS,l,2,311.17,5.05,D,0
19.41984,81.15236,331.84,0.34,0.56,2021-04-07,824,N20,VIIRS,l,2,302.81,4.5,D,0
19.4206,81.15955,330.98,0.34,0.56,2021-04-07,824,N20,VIIRS,l,2,301.54,3.12,D,0
19.42409,79.8981,334.56,0.57,0.52,2021-04-07,824,N20,VIIRS,l,2,306.7,1.04,D,0
19.4273,79.04903,334.8,0.5,0.49,2021-04-07,824,N20,VIIRS,l,2,309.45,4.1,D,0
19.45433,80.30039,339.15,0.6,0.53,2021-04-07,824,N20,VIIRS,n,2,308.25,3.35,D,0
19.45478,77.34319,340.77,0.39,0.44,2021-04-07,824,N20,VIIRS,l,2,315.67,7.51,D,0
19.47227,80.88762,332.88,0.33,0.55,2021-04-07,824,N20,VIIRS,l,2,303.19,3.47,D,0
19.4726,80.89072,345.68,0.33,0.55,2021-04-07,824,N20,VIIRS,n,2,304.29,7.01,D,0
19.47372,79.9091,339.7,0.57,0.52,2021-04-07,824,N20,VIIRS,l,2,310.89,5.92,D,0
19.47734,80.8867,331.25,0.33,0.55,2021-04-07,824,N20,VIIRS,l,2,303.72,3.47,D,0
19.48742,80.693,337.04,0.32,0.55,2021-04-07,824,N20,VIIRS,n,2,303.22,1.1,D,0
19.48794,81.13817,340.65,0.34,0.56,2021-04-07,824,N20,VIIRS,n,2,302.59,2.67,D,0
19.51665,78.36944,338.39,0.46,0.47,2021-04-07,824,N20,VIIRS,l,2,313.35,12.82,D,0
19.52232,80.17286,343.07,0.59,0.53,2021-04-07,824,N20,VIIRS,n,2,306.93,6.87,D,0
19.52355,80.97998,338.95,0.34,0.56,2021-04-07,824,N20,VIIRS,n,2,305.04,4.88,D,0
19.52387,80.98297,343.68,0.34,0.56,2021-04-07,824,N20,VIIRS,n,2,303.29,4.34,D,0
19.52618,80.98048,352.3,0.34,0.56,2021-04-07,824,N20,VIIRS,n,2,304.8,6.18,D,0
19.5304,81.09296,336.88,0.34,0.56,2021-04-07,824,N20,VIIRS,n,2,304.22,3.71,D,0
19.53451,81.08238,331.59,0.34,0.56,2021-04-07,824,N20,VIIRS,l,2,303.26,3.35,D,0
19.57459,79.9892,334.89,0.58,0.52,2021-04-07,824,N20,VIIRS,l,2,308.9,2.97,D,0
19.58057,79.91022,343.74,0.57,0.52,2021-04-07,824,N20,VIIRS,n,2,309.44,5.43,D,0
19.59795,81.07048,337.81,0.34,0.56,2021-04-07,824,N20,VIIRS,n,2,305.37,3.15,D,0
19.60646,79.96852,336.47,0.58,0.52,2021-04-07,824,N20,VIIRS,l,2,307.75,2.22,D,0
19.61931,80.9758,333.67,0.34,0.56,2021-04-07,824,N20,VIIRS,n,2,303.46,2.06,D,0
19.62102,79.60989,333.02,0.55,0.51,2021-04-07,824,N20,VIIRS,l,2,305.65,2.9,D,0
19.62842,81.01235,342.04,0.34,0.56,2021-04-07,824,N20,VIIRS,n,2,302.2,3.13,D,0
19.63184,78.43713,348.5,0.46,0.47,2021-04-07,824,N20,VIIRS,n,2,315.69,12.58,D,0
19.63257,77.58041,345.34,0.41,0.45,2021-04-07,824,N20,VIIRS,l,2,318.78,8.89,D,0
19.63393,81.01511,349.0,0.34,0.56,2021-04-07,824,N20,VIIRS,n,2,303.61,6.98,D,0
19.63427,81.01827,367.0,0.34,0.56,2021-04-07,824,N20,VIIRS,h,2,302.59,6.98,D,0
19.63537,81.02857,335.33,0.34,0.56,2021-04-07,824,N20,VIIRS,n,2,303.02,4.07,D,0
19.63602,81.01641,367.0,0.34,0.56,2021-04-07,824,N20,VIIRS,h,2,304.51,12.37,D,0
19.63703,81.0265,333.75,0.34,0.56,2021-04-07,824,N20,VIIRS,n,2,303.15,1.88,D,0
19.63737,81.02993,331.48,0.34,0.56,2021-04-07,824,N20,VIIRS,l,2,303.3,1.88,D,0
19.64515,80.95162,331.78,0.34,0.56,2021-04-07,824,N20,VIIRS,l,2,305.68,1.69,D,0
19.64756,80.99638,335.18,0.34,0.56,2021-04-07,824,N20,VIIRS,n,2,302.41,1.95,D,0
19.64942,80.99398,331.7,0.34,0.56,2021-04-07,824,N20,VIIRS,l,2,302.16,2.42,D,0
19.65847,77.72444,345.56,0.42,0.45,2021-04-07,824,N20,VIIRS,n,2,316.94,6.91,D,0
19.69606,78.14497,338.83,0.44,0.46,2021-04-07,824,N20,VIIRS,l,2,313.51,7.62,D,0
19.73021,78.21294,345.99,0.45,0.47,2021-04-07,824,N20,VIIRS,n,2,312.04,8.23,D,0
19.73449,78.21237,349.21,0.45,0.47,2021-04-07,824,N20,VIIRS,n,2,313.84,10.76,D,0
19.76583,80.14983,342.98,0.6,0.53,2021-04-07,824,N20,VIIRS,n,2,308.75,10.1,D,0
19.76609,80.78893,330.04,0.33,0.55,2021-04-07,824,N20,VIIRS,l,2,302.9,1.72,D,0
19.76642,80.15553,349.71,0.6,0.53,2021-04-07,824,N20,VIIRS,n,2,308.91,16.84,D,0
19.76816,80.15208,348.42,0.6,0.53,2021-04-07,824,N20,VIIRS,n,2,310.19,12.41,D,0
19.7688,80.15778,343.44,0.6,0.53,2021-04-07,824,N20,VIIRS,n,2,307.2,12.41,D,0
19.7732,80.80779,341.35,0.33,0.55,2021-04-07,824,N20,VIIRS,n,2,304.43,2.81,D,0
19.77635,77.81103,350.37,0.42,0.45,2021-04-07,824,N20,VIIRS,n,2,318.75,9.35,D,0
19.77786,79.63113,334.62,0.55,0.51,2021-04-07,824,N20,VIIRS,l,2,308.3,3.95,D,0
19.7787,81.06458,347.21,0.34,0.56,2021-04-07,824,N20,VIIRS,n,2,302.89,5.34,D,0
19.78486,80.77145,336.01,0.33,0.55,2021-04-07,824,N20,VIIRS,n,2,303.41,2.15,D,0
19.78817,78.08984,346.19,0.44,0.46,2021-04-07,824,N20,VIIRS,n,2,316.3,6.58,D,0
19.80857,80.75245,343.77,0.33,0.55,2021-04-07,824,N20,VIIRS,n,2,302.99,6.37,D,0
19.80887,80.75531,367.0,0.33,0.55,2021-04-07,824,N20,VIIRS,h,2,302.28,5.92,D,0
19.82989,77.53762,342.77,0.41,0.45,2021-04-07,824,N20,VIIRS,l,2,317.03,5.69,D,0
19.85506,78.14205,346.4,0.44,0.46,2021-04-07,824,N20,VIIRS,l,2,320.27,9.86,D,0
19.88952,77.68291,343.92,0.42,0.45,2021-04-07,824,N20,VIIRS,l,2,317.25,9.98,D,0
19.89001,77.6869,353.72,0.42,0.45,2021-04-07,824,N20,VIIRS,n,2,316.07,9.98,D,0
19.89338,77.34506,344.73,0.4,0.44,2021-04-07,824,N20,VIIRS,l,2,318.14,11.76,D,0
19.89416,77.68632,341.88,0.42,0.45,2021-04-07,824,N20,VIIRS,l,2,316.56,10.93,D,0
19.89919,77.32472,346.23,0.4,0.44,2021-04-07,824,N20,VIIRS,l,2,319.44,11.63,D,0
19.92696,79.43204,343.81,0.54,0.51,2021-04-07,824,N20,VIIRS,n,2,309.53,46.22,D,0
19.92978,80.55843,342.34,0.32,0.55,2021-04-07,824,N20,VIIRS,n,2,310.57,4.07,D,0
19.93958,77.95305,345.86,0.43,0.46,2021-04-07,824,N20,VIIRS,l,2,317.72,9.96,D,0
19.9396,77.95347,347.88,0.43,0.46,2021-04-07,824,N20,VIIRS,n,2,317.67,9.26,D,0
19.94213,77.97385,341.82,0.44,0.46,2021-04-07,824,N20,VIIRS,l,2,316.69,9.02,D,0
19.94479,77.96128,343.78,0.43,0.46,2021-04-07,824,N20,VIIRS,l,2,314.66,8.25,D,0
19.94484,77.96085,342.93,0.43,0.46,2021-04-07,824,N20,VIIRS,l,2,315.14,7.37,D,0
19.94696,80.80974,336.83,0.33,0.55,2021-04-07,824,N20,VIIRS,l,2,307.06,2.85,D,0
19.95005,80.80836,340.07,0.33,0.55,2021-04-07,824,N20,VIIRS,n,2,305.96,2.2,D,0
19.95094,77.21062,345.03,0.39,0.44,2021-04-07,824,N20,VIIRS,l,2,316.39,7.33,D,0
19.95547,80.81085,344.66,0.33,0.55,2021-04-07,824,N20,VIIRS,n,2,305.47,2.6,D,0
19.98647,78.7982,343.51,0.49,0.49,2021-04-07,824,N20,VIIRS,l,2,316.01,17.67,D,0
19.98701,78.80289,346.31,0.49,0.49,2021-04-07,824,N20,VIIRS,l,2,316.39,19.72,D,0
19.98784,78.31491,353.32,0.46,0.47,2021-04-07,824,N20,VIIRS,n,2,321.51,14.1,D,0
17.21779,79.02527,303.19,0.34,0.56,2021-04-07,2054,N20,VIIRS,n,2,293.14,0.62,N,0
18.30242,80.10318,307.86,0.38,0.59,2021-04-07,2054,N20,VIIRS,n,2,294.47,1.2,N,0
18.32699,81.3117,306.5,0.45,0.63,2021-04-07,2054,N20,VIIRS,n,2,293.51,3.06,N,0
18.32852,81.31161,305.94,0.45,0.63,2021-04-07,2054,N20,VIIRS,n,2,293.59,4.26,N,0
18.691,81.17709,309.03,0.44,0.62,2021-04-07,2054,N20,VIIRS,n,2,295.18,1.49,N,0
18.6936,81.17903,313.61,0.44,0.62,2021-04-07,2054,N20,VIIRS,n,2,296.06,2.57,N,0
18.69643,81.17916,316.45,0.44,0.62,2021-04-07,2054,N20,VIIRS,n,2,296.18,1.49,N,0
18.72752,79.53518,308.12,0.34,0.56,2021-04-07,2054,N20,VIIRS,n,2,295.59,1.78,N,0
18.75353,81.21436,305.06,0.44,0.62,2021-04-07,2054,N20,VIIRS,n,2,294.33,1.88,N,0
18.7548,81.20851,307.55,0.44,0.62,2021-04-07,2054,N20,VIIRS,n,2,294.59,1.23,N,0
19.06111,81.44083,305.65,0.45,0.63,2021-04-07,2054,N20,VIIRS,n,2,294.85,1.17,N,0
19.08489,80.09145,310.73,0.36,0.58,2021-04-07,2054,N20,VIIRS,n,2,294.08,1.19,N,0
19.17756,81.02767,303.94,0.42,0.61,2021-04-07,2054,N20,VIIRS,n,2,293.12,1.33,N,0
19.21495,81.1223,308.42,0.42,0.61,2021-04-07,2054,N20,VIIRS,n,2,293.38,2.06,N,0
19.23092,81.04803,306.67,0.42,0.61,2021-04-07,2054,N20,VIIRS,n,2,292.57,1.22,N,0
19.2357,81.05264,303.66,0.42,0.61,2021-04-07,2054,N20,VIIRS,n,2,292.63,1.0,N,0
19.29153,78.38758,315.08,0.56,0.51,2021-04-07,2054,N20,VIIRS,n,2,294.5,3.02,N,0
19.43648,77.22491,304.75,0.47,0.48,2021-04-07,2054,N20,VIIRS,n,2,290.87,1.06,N,0
19.61905,80.73716,303.82,0.39,0.59,2021-04-07,2054,N20,VIIRS,n,2,292.04,0.69,N,0
19.66413,80.98146,305.07,0.41,0.6,2021-04-07,2054,N20,VIIRS,n,2,292.91,1.51,N,0
19.68089,79.10486,306.97,0.61,0.53,2021-04-07,2054,N20,VIIRS,n,2,294.34,4.71,N,0
19.7253,80.91509,303.58,0.4,0.6,2021-04-07,2054,N20,VIIRS,n,2,292.65,0.99,N,0
19.72861,80.91951,303.7,0.4,0.6,2021-04-07,2054,N20,VIIRS,n,2,292.69,1.76,N,0
19.72941,80.91572,307.34,0.4,0.6,2021-04-07,2054,N20,VIIRS,n,2,292.7,1.98,N,0
19.73071,80.9163,304.09,0.4,0.6,2021-04-07,2054,N20,VIIRS,n,2,292.64,1.14,N,0
19.73917,78.21825,307.65,0.53,0.5,2021-04-07,2054,N20,VIIRS,n,2,294.85,1.81,N,0
19.73993,78.21632,309.2,0.53,0.5,2021-04-07,2054,N20,VIIRS,n,2,295.04,1.98,N,0
19.74377,78.21907,315.53,0.53,0.5,2021-04-07,2054,N20,VIIRS,n,2,295.59,3.22,N,0
19.74451,78.21719,315.31,0.53,0.5,2021-04-07,2054,N20,VIIRS,n,2,295.94,1.98,N,0
19.75505,78.09072,315.15,0.52,0.5,2021-04-07,2054,N20,VIIRS,n,2,294.85,4.22,N,0
19.75517,78.09299,314.68,0.52,0.5,2021-04-07,2054,N20,VIIRS,n,2,295.25,1.94,N,0
19.75619,78.088,309.33,0.52,0.5,2021-04-07,2054,N20,VIIRS,n,2,294.91,1.94,N,0
19.76138,78.20264,306.49,0.53,0.5,2021-04-07,2054,N20,VIIRS,n,2,295.26,2.51,N,0
19.76442,77.94719,312.64,0.51,0.5,2021-04-07,2054,N20,VIIRS,n,2,294.29,1.72,N,0
19.77065,80.78544,308.42,0.39,0.59,2021-04-07,2054,N20,VIIRS,n,2,294.08,1.2,N,0
15.53386,77.8133,309.72,0.6,0.53,2021-04-07,2055,N20,VIIRS,n,2,293.62,1.28,N,0
15.50251,78.61093,336.4,0.39,0.36,2021-04-08,804,N20,VIIRS,l,2,308.26,0.98,D,0
15.56048,78.63509,338.24,0.39,0.36,2021-04-08,804,N20,VIIRS,l,2,311.42,2.48,D,0
15.56471,78.66377,337.2,0.39,0.36,2021-04-08,804,N20,VIIRS,n,2,311.94,2.2,D,0
15.60684,77.05312,344.87,0.39,0.36,2021-04-08,804,N20,VIIRS,n,2,316.3,8.25,D,0
15.62668,78.952,340.94,0.4,0.37,2021-04-08,804,N20,VIIRS,l,2,315.71,5.13,D,0
15.68142,79.84898,339.99,0.42,0.38,2021-04-08,804,N20,VIIRS,l,2,310.61,4.02,D,0
15.68486,79.84847,347.25,0.42,0.38,2021-04-08,804,N20,VIIRS,n,2,313.37,9.11,D,0
15.79333,79.40518,344.86,0.41,0.37,2021-04-08,804,N20,VIIRS,l,2,317.88,5.69,D,0
15.79523,79.29728,341.18,0.4,0.37,2021-04-08,804,N20,VIIRS,l,2,315.58,14.93,D,0
15.87157,79.34707,340.5,0.41,0.37,2021-04-08,804,N20,VIIRS,l,2,313.55,7.79,D,0
15.88159,78.28413,344.74,0.39,0.36,2021-04-08,804,N20,VIIRS,l,2,316.54,7.71,D,0
15.95952,79.20654,344.12,0.4,0.37,2021-04-08,804,N20,VIIRS,l,2,316.84,5.46,D,0
15.99411,77.25269,341.08,0.39,0.36,2021-04-08,804,N20,VIIRS,l,2,315.45,8.3,D,0
16.07042,80.20399,337.84,0.43,0.38,2021-04-08,804,N20,VIIRS,l,2,309.81,25.22,D,0
16.10812,77.17413,338.75,0.39,0.36,2021-04-08,804,N20,VIIRS,l,2,313.06,4.92,D,0
16.11417,77.16948,344.83,0.39,0.36,2021-04-08,804,N20,VIIRS,l,2,315.1,6.27,D,0
16.11665,79.41771,343.5,0.41,0.37,2021-04-08,804,N20,VIIRS,l,2,315.44,8.76,D,0
16.12187,77.17555,341.56,0.39,0.36,2021-04-08,804,N20,VIIRS,l,2,315.36,6.18,D,0
16.2056,79.5291,347.82,0.41,0.37,2021-04-08,804,N20,VIIRS,n,2,314.0,5.38,D,0
16.21523,79.0105,344.47,0.4,0.37,2021-04-08,804,N20,VIIRS,l,2,317.38,8.89,D,0
16.23143,78.44855,340.96,0.39,0.36,2021-04-08,804,N20,VIIRS,l,2,315.67,5.49,D,0
16.24756,78.69855,337.14,0.39,0.36,2021-04-08,804,N20,VIIRS,l,2,310.42,2.78,D,0
16.24969,78.7132,337.97,0.39,0.36,2021-04-08,804,N20,VIIRS,n,2,310.18,1.8,D,0
16.24986,78.85609,338.26,0.4,0.37,2021-04-08,804,N20,VIIRS,l,2,312.17,3.13,D,0
16.25023,78.71688,337.79,0.39,0.36,2021-04-08,804,N20,VIIRS,n,2,309.95,1.16,D,0
16.2509,78.69802,341.23,0.39,0.36,2021-04-08,804,N20,VIIRS,n,2,309.18,3.0,D,0
16.25143,78.70168,339.72,0.39,0.36,2021-04-08,804,N20,VIIRS,l,2,311.49,4.14,D,0
16.26023,78.7153,341.22,0.39,0.36,2021-04-08,804,N20,VIIRS,n,2,310.91,3.87,D,0
16.2613,78.72263,335.85,0.39,0.36,2021-04-08,804,N20,VIIRS,l,2,308.75,1.05,D,0
16.38073,79.58064,343.6,0.42,0.37,2021-04-08,804,N20,VIIRS,n,2,311.02,3.56,D,0
16.42255,79.55487,338.88,0.41,0.37,2021-04-08,804,N20,VIIRS,l,2,313.32,4.7,D,0
16.43924,78.82318,348.66,0.4,0.37,2021-04-08,804,N20,VIIRS,n,2,316.95,7.85,D,0
16.44709,79.40607,342.65,0.41,0.37,2021-04-08,804,N20,VIIRS,l,2,316.58,7.79,D,0
16.48426,79.54594,347.12,0.41,0.37,2021-04-08,804,N20,VIIRS,n,2,312.27,4.88,D,0
16.48768,79.54541,344.09,0.41,0.37,2021-04-08,804,N20,VIIRS,n,2,311.76,8.0,D,0
16.48823,79.54928,338.38,0.41,0.37,2021-04-08,804,N20,VIIRS,l,2,313.17,8.83,D,0
16.59068,79.97634,337.27,0.43,0.38,2021-04-08,804,N20,VIIRS,l,2,311.16,5.36,D,0
16.67001,80.18028,338.02,0.44,0.38,2021-04-08,804,N20,VIIRS,n,2,309.86,2.01,D,0
16.79025,80.58048,341.21,0.46,0.39,2021-04-08,804,N20,VIIRS,n,2,307.2,7.9,D,0
16.79126,80.09209,337.08,0.44,0.38,2021-04-08,804,N20,VIIRS,l,2,311.72,3.68,D,0
16.79755,79.04986,341.25,0.4,0.37,2021-04-08,804,N20,VIIRS,l,2,315.32,9.78,D,0
16.80005,79.11506,340.71,0.4,0.37,2021-04-08,804,N20,VIIRS,l,2,314.94,8.02,D,0
16.80079,78.86881,342.23,0.4,0.37,2021-04-08,804,N20,VIIRS,l,2,316.63,6.17,D,0
16.80634,80.46673,334.77,0.45,0.39,2021-04-08,804,N20,VIIRS,l,2,309.39,5.0,D,0
16.86121,78.16483,338.22,0.39,0.36,2021-04-08,804,N20,VIIRS,l,2,311.75,3.31,D,0
16.94653,80.22472,333.6,0.44,0.39,2021-04-08,804,N20,VIIRS,l,2,307.3,2.25,D,0
17.04674,79.29871,340.52,0.41,0.37,2021-04-08,804,N20,VIIRS,l,2,312.57,13.27,D,0
17.05163,79.68036,335.64,0.42,0.38,2021-04-08,804,N20,VIIRS,l,2,308.74,3.31,D,0
17.06774,78.7163,343.72,0.4,0.37,2021-04-08,804,N20,VIIRS,n,2,313.42,2.87,D,0
17.08889,78.61051,340.8,0.4,0.37,2021-04-08,804,N20,VIIRS,l,2,313.0,4.16,D,0
17.14683,78.49206,343.65,0.39,0.36,2021-04-08,804,N20,VIIRS,n,2,315.02,3.46,D,0
17.14845,77.8595,339.12,0.39,0.36,2021-04-08,804,N20,VIIRS,l,2,313.78,4.19,D,0
17.17217,79.97445,344.78,0.43,0.38,2021-04-08,804,N20,VIIRS,n,2,309.91,3.65,D,0
17.21021,78.36954,339.4,0.39,0.36,2021-04-08,804,N20,VIIRS,l,2,312.27,2.81,D,0
17.25089,78.67249,337.41,0.4,0.37,2021-04-08,804,N20,VIIRS,l,2,311.92,3.81,D,0
17.25425,78.67197,348.78,0.4,0.37,2021-04-08,804,N20,VIIRS,n,2,313.13,3.81,D,0
17.2989,80.72363,343.65,0.47,0.4,2021-04-08,804,N20,VIIRS,n,2,309.36,3.47,D,0
17.32155,81.30737,336.57,0.5,0.41,2021-04-08,804,N20,VIIRS,n,2,307.14,2.48,D,0
17.3227,78.65663,338.71,0.4,0.37,2021-04-08,804,N20,VIIRS,l,2,310.77,4.8,D,0
17.38322,81.36176,334.62,0.51,0.41,2021-04-08,804,N20,VIIRS,n,2,302.7,2.38,D,0
17.38414,79.58292,341.15,0.42,0.38,2021-04-08,804,N20,VIIRS,n,2,313.02,6.12,D,0
17.397,81.49736,336.47,0.52,0.41,2021-04-08,804,N20,VIIRS,n,2,301.79,4.7,D,0
17.409,81.38283,334.19,0.51,0.41,2021-04-08,804,N20,VIIRS,l,2,305.31,5.53,D,0
17.41336,81.38683,336.57,0.51,0.41,2021-04-08,804,N20,VIIRS,n,2,305.43,3.07,D,0
17.41402,81.39179,331.64,0.51,0.41,2021-04-08,804,N20,VIIRS,l,2,303.96,3.07,D,0
17.47317,80.68771,338.7,0.47,0.4,2021-04-08,804,N20,VIIRS,n,2,308.4,4.2,D,0
17.51383,81.47762,331.38,0.52,0.41,2021-04-08,804,N20,VIIRS,l,2,304.13,4.08,D,0
17.55869,80.99618,339.49,0.49,0.4,2021-04-08,804,N20,VIIRS,n,2,309.61,6.41,D,0
17.58402,81.4846,335.52,0.52,0.41,2021-04-08,804,N20,VIIRS,n,2,305.48,7.18,D,0
17.58463,81.4894,336.81,0.52,0.41,2021-04-08,804,N20,VIIRS,n,2,305.19,7.18,D,0
17.58466,81.48695,346.44,0.52,0.41,2021-04-08,804,N20,VIIRS,n,2,308.03,10.75,D,0
17.58843,81.48888,340.67,0.52,0.41,2021-04-08,804,N20,VIIRS,n,2,306.03,7.18,D,0
17.58847,81.4865,330.06,0.52,0.41,2021-04-08,804,N20,VIIRS,l,2,304.98,10.75,D,0
17.59879,81.44919,337.93,0.52,0.41,2021-04-08,804,N20,VIIRS,n,2,307.33,4.09,D,0
17.62032,80.14042,341.41,0.45,0.39,2021-04-08,804,N20,VIIRS,n,2,312.38,4.04,D,0
17.62304,81.36894,336.2,0.51,0.41,2021-04-08,804,N20,VIIRS,l,2,309.23,1.94,D,0
17.63301,81.24145,337.08,0.5,0.41,2021-04-08,804,N20,VIIRS,l,2,307.84,2.53,D,0
17.64165,79.20382,339.85,0.41,0.37,2021-04-08,804,N20,VIIRS,n,2,309.47,6.68,D,0
17.64199,81.12645,335.16,0.5,0.41,2021-04-08,804,N20,VIIRS,l,2,306.61,2.16,D,0
17.64232,81.45708,333.17,0.52,0.41,2021-04-08,804,N20,VIIRS,l,2,305.15,3.37,D,0
17.64297,81.46203,332.62,0.52,0.41,2021-04-08,804,N20,VIIRS,l,2,305.04,3.37,D,0
17.64352,80.57362,341.92,0.47,0.39,2021-04-08,804,N20,VIIRS,n,2,310.51,4.28,D,0
17.64872,81.47636,331.07,0.52,0.41,2021-04-08,804,N20,VIIRS,l,2,304.6,0.85,D,0
17.70284,80.76373,342.47,0.48,0.4,2021-04-08,804,N20,VIIRS,n,2,308.97,3.44,D,0
17.70308,80.76535,333.94,0.48,0.4,2021-04-08,804,N20,VIIRS,l,2,308.25,2.67,D,0
17.70317,80.45963,346.23,0.46,0.39,2021-04-08,804,N20,VIIRS,n,2,312.39,12.99,D,0
17.71299,78.94208,337.87,0.41,0.37,2021-04-08,804,N20,VIIRS,l,2,309.5,3.53,D,0
17.71353,78.94588,337.4,0.41,0.37,2021-04-08,804,N20,VIIRS,l,2,311.7,2.56,D,0
17.71499,79.25241,337.08,0.41,0.37,2021-04-08,804,N20,VIIRS,l,2,311.59,4.84,D,0
17.71637,78.94154,347.04,0.41,0.37,2021-04-08,804,N20,VIIRS,n,2,309.39,7.02,D,0
17.71768,80.16561,331.64,0.45,0.39,2021-04-08,804,N20,VIIRS,l,2,306.36,1.24,D,0
17.72013,80.36855,337.4,0.46,0.39,2021-04-08,804,N20,VIIRS,l,2,309.27,3.87,D,0
17.72473,78.36547,338.92,0.39,0.36,2021-04-08,804,N20,VIIRS,l,2,310.95,5.13,D,0
17.73521,80.61559,339.81,0.47,0.4,2021-04-08,804,N20,VIIRS,l,2,313.15,3.31,D,0
17.80701,80.67829,338.68,0.47,0.4,2021-04-08,804,N20,VIIRS,l,2,310.56,4.26,D,0
17.83833,79.36141,341.28,0.42,0.38,2021-04-08,804,N20,VIIRS,n,2,303.93,7.39,D,0
17.86614,79.85704,334.44,0.44,0.38,2021-04-08,804,N20,VIIRS,n,2,304.1,3.16,D,0
17.89248,79.84053,334.54,0.44,0.38,2021-04-08,804,N20,VIIRS,l,2,304.69,3.6,D,0
17.8969,80.79328,336.74,0.48,0.4,2021-04-08,804,N20,VIIRS,l,2,310.11,2.88,D,0
17.90064,79.84771,331.85,0.44,0.38,2021-04-08,804,N20,VIIRS,l,2,304.36,1.64,D,0
17.90143,79.84802,331.83,0.44,0.38,2021-04-08,804,N20,VIIRS,l,2,303.44,1.36,D,0
17.91689,79.70001,336.45,0.43,0.38,2021-04-08,804,N20,VIIRS,l,2,308.56,3.91,D,0
17.91944,81.27785,337.17,0.51,0.41,2021-04-08,804,N20,VIIRS,l,2,308.52,3.08,D,0
17.94657,81.33829,335.77,0.51,0.41,2021-04-08,804,N20,VIIRS,l,2,309.37,3.38,D,0
17.98324,80.99761,338.41,0.49,0.4,2021-04-08,804,N20,VIIRS,l,2,309.42,2.72,D,0
17.98954,78.5547,340.12,0.4,0.37,2021-04-08,804,N20,VIIRS,n,2,307.3,2.85,D,0
17.9962,80.41925,333.96,0.46,0.39,2021-04-08,804,N20,VIIRS,l,2,308.65,1.49,D,0
18.01065,79.39141,334.3,0.42,0.38,2021-04-08,804,N20,VIIRS,n,2,303.5,2.71,D,0
18.01353,79.38691,336.41,0.42,0.38,2021-04-08,804,N20,VIIRS,n,2,306.25,3.2,D,0
18.02063,81.3745,336.72,0.52,0.41,2021-04-08,804,N20,VIIRS,l,2,309.45,4.36,D,0
18.07919,78.96293,342.91,0.41,0.37,2021-04-08,804,N20,VIIRS,n,2,308.02,3.59,D,0
18.08644,78.98933,333.06,0.41,0.37,2021-04-08,804,N20,VIIRS,l,2,305.46,1.38,D,0
18.08674,80.99319,338.37,0.49,0.41,2021-04-08,804,N20,VIIRS,l,2,308.79,2.1,D,0
18.08748,81.2665,335.35,0.51,0.41,2021-04-08,804,N20,VIIRS,l,2,309.98,2.67,D,0
18.09285,81.04006,335.52,0.5,0.41,2021-04-08,804,N20,VIIRS,l,2,307.43,2.68,D,0
18.09503,81.26543,336.79,0.51,0.41,2021-04-08,804,N20,VIIRS,l,2,310.48,3.16,D,0
18.09852,80.99637,343.75,0.49,0.41,2021-04-08,804,N20,VIIRS,n,2,309.52,6.34,D,0
18.10225,80.99588,343.05,0.49,0.41,2021-04-08,804,N20,VIIRS,n,2,309.77,6.34,D,0
18.1028,81.00011,347.24,0.49,0.41,2021-04-08,804,N20,VIIRS,n,2,309.51,6.34,D,0
18.10653,80.99964,337.11,0.49,0.41,2021-04-08,804,N20,VIIRS,n,2,307.91,2.03,D,0
18.10711,81.00402,335.77,0.49,0.41,2021-04-08,804,N20,VIIRS,l,2,307.05,2.35,D,0
18.10774,81.0088,335.66,0.49,0.41,2021-04-08,804,N20,VIIRS,l,2,307.38,2.35,D,0
18.10793,80.0936,340.24,0.45,0.39,2021-04-08,804,N20,VIIRS,l,2,311.92,4.21,D,0
18.10838,81.01369,340.34,0.5,0.41,2021-04-08,804,N20,VIIRS,n,2,307.96,2.48,D,0
18.11121,80.5873,337.32,0.47,0.4,2021-04-08,804,N20,VIIRS,l,2,311.55,3.94,D,0
18.11147,81.00834,336.26,0.49,0.41,2021-04-08,804,N20,VIIRS,l,2,307.6,2.35,D,0
18.11181,80.58798,335.86,0.47,0.4,2021-04-08,804,N20,VIIRS,l,2,310.66,6.46,D,0
18.13013,81.09228,332.99,0.5,0.41,2021-04-08,804,N20,VIIRS,l,2,307.6,1.21,D,0
18.15073,81.16161,335.71,0.5,0.41,2021-04-08,804,N20,VIIRS,l,2,309.29,4.42,D,0
18.15557,80.94136,337.07,0.49,0.4,2021-04-08,804,N20,VIIRS,l,2,309.19,3.18,D,0
18.15567,81.02666,339.72,0.5,0.41,2021-04-08,804,N20,VIIRS,n,2,309.56,3.74,D,0
18.15726,80.93754,335.61,0.49,0.4,2021-04-08,804,N20,VIIRS,l,2,308.01,2.63,D,0
18.16074,79.84763,333.08,0.44,0.38,2021-04-08,804,N20,VIIRS,l,2,307.92,1.76,D,0
18.16276,81.31157,339.63,0.51,0.41,2021-04-08,804,N20,VIIRS,l,2,312.14,2.78,D,0
18.17278,81.24136,341.51,0.51,0.41,2021-04-08,804,N20,VIIRS,n,2,310.69,3.33,D,0
18.17567,80.51097,335.29,0.47,0.4,2021-04-08,804,N20,VIIRS,l,2,308.32,3.99,D,0
18.18885,80.00066,343.58,0.45,0.39,2021-04-08,804,N20,VIIRS,n,2,310.36,6.55,D,0
18.20103,81.21909,340.29,0.51,0.41,2021-04-08,804,N20,VIIRS,l,2,310.59,3.72,D,0
18.20432,80.38673,339.11,0.46,0.39,2021-04-08,804,N20,VIIRS,n,2,308.55,2.4,D,0
18.24754,81.22227,338.34,0.51,0.41,2021-04-08,804,N20,VIIRS,l,2,310.46,3.49,D,0
18.25002,80.12965,333.5,0.45,0.39,2021-04-08,804,N20,VIIRS,l,2,306.66,3.32,D,0
18.253,80.12486,341.29,0.45,0.39,2021-04-08,804,N20,VIIRS,n,2,308.23,3.32,D,0
18.26066,81.38292,337.53,0.52,0.42,2021-04-08,804,N20,VIIRS,l,2,307.75,3.47,D,0
18.28451,81.29871,331.23,0.51,0.41,2021-04-08,804,N20,VIIRS,l,2,304.8,2.45,D,0
18.28828,81.29805,332.78,0.51,0.41,2021-04-08,804,N20,VIIRS,l,2,305.29,2.45,D,0
18.29876,80.8481,333.94,0.49,0.4,2021-04-08,804,N20,VIIRS,l,2,307.93,2.43,D,0
18.30435,81.0948,336.41,0.5,0.41,2021-04-08,804,N20,VIIRS,l,2,310.16,3.0,D,0
18.31026,80.96454,335.67,0.49,0.41,2021-04-08,804,N20,VIIRS,l,2,309.28,1.79,D,0
18.32807,81.30983,330.12,0.52,0.41,2021-04-08,804,N20,VIIRS,l,2,304.69,3.93,D,0
18.33311,81.31899,332.43,0.52,0.41,2021-04-08,804,N20,VIIRS,l,2,303.87,2.33,D,0
18.35492,80.9296,338.48,0.49,0.41,2021-04-08,804,N20,VIIRS,n,2,307.89,2.46,D,0
18.36213,81.36415,333.58,0.52,0.42,2021-04-08,804,N20,VIIRS,l,2,306.31,1.83,D,0
18.36275,81.36893,334.85,0.52,0.42,2021-04-08,804,N20,VIIRS,l,2,306.98,4.04,D,0
18.38662,81.49398,338.05,0.53,0.42,2021-04-08,804,N20,VIIRS,l,2,308.93,4.65,D,0
18.3952,81.23241,333.5,0.51,0.41,2021-04-08,804,N20,VIIRS,l,2,305.56,1.05,D,0
18.41121,81.38329,333.38,0.52,0.42,2021-04-08,804,N20,VIIRS,l,2,305.73,2.52,D,0
18.41505,81.38293,332.3,0.52,0.42,2021-04-08,804,N20,VIIRS,l,2,306.43,2.52,D,0
18.22351,79.06756,339.67,0.41,0.37,2021-04-08,805,N20,VIIRS,n,2,308.72,4.32,D,0
18.26788,80.10652,334.21,0.45,0.39,2021-04-08,805,N20,VIIRS,l,2,308.79,2.02,D,0
18.26846,78.74657,339.74,0.4,0.37,2021-04-08,805,N20,VIIRS,n,2,309.54,5.0,D,0
18.29588,79.603,338.11,0.43,0.38,2021-04-08,805,N20,VIIRS,n,2,307.73,5.28,D,0
18.34641,80.01708,337.06,0.45,0.39,2021-04-08,805,N20,VIIRS,l,2,308.21,2.41,D,0
18.38499,80.0121,332.89,0.45,0.39,2021-04-08,805,N20,VIIRS,l,2,306.88,2.58,D,0
18.38557,80.51936,342.04,0.47,0.4,2021-04-08,805,N20,VIIRS,n,2,306.23,3.32,D,0
18.40045,80.12695,344.47,0.45,0.39,2021-04-08,805,N20,VIIRS,n,2,309.71,5.11,D,0
18.41736,79.67229,333.75,0.43,0.38,2021-04-08,805,N20,VIIRS,l,2,306.01,4.23,D,0
18.41809,79.66891,333.03,0.43,0.38,2021-04-08,805,N20,VIIRS,l,2,306.04,1.97,D,0
18.41865,79.67302,331.21,0.43,0.38,2021-04-08,805,N20,VIIRS,l,2,306.11,1.97,D,0
18.42318,79.68833,338.42,0.43,0.38,2021-04-08,805,N20,VIIRS,n,2,307.18,3.98,D,0
18.42383,79.68494,339.94,0.43,0.38,2021-04-08,805,N20,VIIRS,n,2,307.45,5.0,D,0
18.42527,80.31259,345.98,0.46,0.39,2021-04-08,805,N20,VIIRS,n,2,311.31,4.97,D,0
18.42644,80.32133,346.42,0.46,0.39,2021-04-08,805,N20,VIIRS,n,2,310.06,12.09,D,0
18.42887,80.31205,339.25,0.46,0.39,2021-04-08,805,N20,VIIRS,n,2,308.78,4.97,D,0
18.42962,79.91531,342.28,0.44,0.39,2021-04-08,805,N20,VIIRS,n,2,307.58,4.06,D,0
18.43004,80.32079,351.9,0.46,0.39,2021-04-08,805,N20,VIIRS,n,2,313.37,12.09,D,0
18.43373,80.13068,339.68,0.45,0.39,2021-04-08,805,N20,VIIRS,l,2,311.12,5.82,D,0
18.43708,79.99571,336.06,0.45,0.39,2021-04-08,805,N20,VIIRS,l,2,307.04,2.95,D,0
18.44064,79.99522,342.48,0.45,0.39,2021-04-08,805,N20,VIIRS,n,2,306.96,6.99,D,0
18.44386,80.12484,341.87,0.45,0.39,2021-04-08,805,N20,VIIRS,n,2,311.9,3.53,D,0
18.45079,81.30456,331.4,0.52,0.41,2021-04-08,805,N20,VIIRS,l,2,303.79,2.77,D,0
18.45583,79.8955,342.17,0.44,0.39,2021-04-08,805,N20,VIIRS,n,2,306.39,3.37,D,0
18.46551,78.89967,337.41,0.41,0.37,2021-04-08,805,N20,VIIRS,l,2,310.98,4.72,D,0
18.46691,81.19054,334.72,0.51,0.41,2021-04-08,805,N20,VIIRS,l,2,307.83,3.03,D,0
18.47572,81.22849,337.0,0.51,0.41,2021-04-08,805,N20,VIIRS,n,2,306.79,3.62,D,0
18.48112,80.31786,339.16,0.46,0.39,2021-04-08,805,N20,VIIRS,n,2,307.16,2.62,D,0
18.49191,81.0604,347.92,0.5,0.41,2021-04-08,805,N20,VIIRS,n,2,311.43,7.85,D,0
18.49236,81.05724,336.51,0.5,0.41,2021-04-08,805,N20,VIIRS,l,2,310.81,6.33,D,0
18.49734,79.82988,332.64,0.44,0.38,2021-04-08,805,N20,VIIRS,l,2,305.26,1.55,D,0
18.5083,80.15163,338.7,0.45,0.39,2021-04-08,805,N20,VIIRS,n,2,308.05,3.21,D,0
18.50842,81.18433,332.96,0.51,0.41,2021-04-08,805,N20,VIIRS,l,2,307.01,2.06,D,0
18.50872,81.18613,340.54,0.51,0.41,2021-04-08,805,N20,VIIRS,n,2,307.13,4.99,D,0
18.50887,80.15592,346.35,0.46,0.39,2021-04-08,805,N20,VIIRS,n,2,308.75,3.21,D,0
18.50904,81.18905,334.44,0.51,0.41,2021-04-08,805,N20,VIIRS,l,2,306.28,2.06,D,0
18.50971,79.97339,339.12,0.45,0.39,2021-04-08,805,N20,VIIRS,n,2,308.29,4.76,D,0
18.51241,79.05888,337.76,0.41,0.37,2021-04-08,805,N20,VIIRS,l,2,310.13,12.42,D,0
18.51303,80.15971,334.53,0.46,0.39,2021-04-08,805,N20,VIIRS,l,2,306.9,1.59,D,0
18.51603,80.01997,336.6,0.45,0.39,2021-04-08,805,N20,VIIRS,l,2,308.44,3.37,D,0
18.5165,79.89079,354.31,0.44,0.39,2021-04-08,805,N20,VIIRS,n,2,311.73,14.49,D,0
18.52168,80.22447,337.46,0.46,0.39,2021-04-08,805,N20,VIIRS,n,2,306.2,3.15,D,0
18.52273,80.12328,335.86,0.45,0.39,2021-04-08,805,N20,VIIRS,l,2,309.66,2.8,D,0
18.52504,80.14045,336.81,0.45,0.39,2021-04-08,805,N20,VIIRS,l,2,308.88,2.79,D,0
18.52584,81.13956,337.92,0.51,0.41,2021-04-08,805,N20,VIIRS,n,2,305.02,5.91,D,0
18.52688,80.12704,338.33,0.45,0.39,2021-04-08,805,N20,VIIRS,l,2,308.74,2.8,D,0
18.5292,80.14423,335.0,0.45,0.39,2021-04-08,805,N20,VIIRS,l,2,308.22,2.79,D,0
18.52978,80.14853,347.94,0.45,0.39,2021-04-08,805,N20,VIIRS,n,2,309.22,6.23,D,0
18.53046,80.12653,341.34,0.45,0.39,2021-04-08,805,N20,VIIRS,n,2,310.05,3.83,D,0
18.53433,79.83714,331.76,0.44,0.38,2021-04-08,805,N20,VIIRS,l,2,306.39,3.03,D,0
18.53454,80.85529,334.73,0.49,0.4,2021-04-08,805,N20,VIIRS,l,2,307.52,2.9,D,0
18.54835,81.13547,331.36,0.51,0.41,2021-04-08,805,N20,VIIRS,l,2,305.46,1.84,D,0
18.56808,80.08173,339.12,0.45,0.39,2021-04-08,805,N20,VIIRS,l,2,311.26,5.63,D,0
18.57756,80.09773,338.35,0.45,0.39,2021-04-08,805,N20,VIIRS,l,2,309.88,1.69,D,0
18.58043,80.01925,336.89,0.45,0.39,2021-04-08,805,N20,VIIRS,n,2,306.68,3.1,D,0
18.61181,80.82233,338.69,0.49,0.4,2021-04-08,805,N20,VIIRS,n,2,306.27,2.9,D,0
18.62657,80.84841,332.73,0.49,0.4,2021-04-08,805,N20,VIIRS,l,2,305.98,2.7,D,0
18.6372,80.78582,337.0,0.49,0.4,2021-04-08,805,N20,VIIRS,l,2,308.62,1.84,D,0
18.63946,80.94684,330.26,0.5,0.41,2021-04-08,805,N20,VIIRS,l,2,304.9,2.8,D,0
18.63968,80.77608,334.05,0.49,0.4,2021-04-08,805,N20,VIIRS,l,2,308.91,10.98,D,0
18.64058,80.11491,337.32,0.45,0.39,2021-04-08,805,N20,VIIRS,l,2,307.59,3.07,D,0
18.64117,80.11922,340.62,0.45,0.39,2021-04-08,805,N20,VIIRS,n,2,308.45,3.07,D,0
18.64277,80.77096,336.22,0.49,0.4,2021-04-08,805,N20,VIIRS,l,2,310.34,5.58,D,0
18.64317,80.94614,337.56,0.5,0.41,2021-04-08,805,N20,VIIRS,n,2,305.56,2.8,D,0
18.64338,80.77556,342.66,0.49,0.4,2021-04-08,805,N20,VIIRS,l,2,312.78,10.98,D,0
18.64417,80.1144,334.44,0.45,0.39,2021-04-08,805,N20,VIIRS,l,2,306.84,2.02,D,0
18.65023,80.07851,342.16,0.45,0.39,2021-04-08,805,N20,VIIRS,n,2,310.06,4.71,D,0
18.6588,80.74996,337.64,0.49,0.4,2021-04-08,805,N20,VIIRS,l,2,310.73,1.64,D,0
18.66054,81.19804,333.31,0.51,0.41,2021-04-08,805,N20,VIIRS,n,2,303.03,1.54,D,0
18.66239,80.94767,334.88,0.5,0.41,2021-04-08,805,N20,VIIRS,l,2,307.46,3.09,D,0
18.66361,79.93768,339.66,0.45,0.39,2021-04-08,805,N20,VIIRS,n,2,306.96,2.3,D,0
18.66599,79.92867,337.1,0.45,0.39,2021-04-08,805,N20,VIIRS,n,2,306.87,3.06,D,0
18.66601,81.06242,335.09,0.51,0.41,2021-04-08,805,N20,VIIRS,n,2,305.11,4.31,D,0
18.66681,80.75349,337.87,0.49,0.4,2021-04-08,805,N20,VIIRS,l,2,310.61,4.0,D,0
18.66743,80.75809,347.88,0.49,0.4,2021-04-08,805,N20,VIIRS,n,2,312.3,4.0,D,0
18.6693,80.75385,348.54,0.49,0.4,2021-04-08,805,N20,VIIRS,n,2,311.9,5.6,D,0
18.67051,80.75297,342.35,0.49,0.4,2021-04-08,805,N20,VIIRS,n,2,311.23,4.0,D,0
18.67854,80.95469,337.75,0.5,0.41,2021-04-08,805,N20,VIIRS,n,2,305.06,3.38,D,0
18.67916,80.95934,342.35,0.5,0.41,2021-04-08,805,N20,VIIRS,n,2,304.99,4.15,D,0
18.68167,80.94957,335.65,0.5,0.41,2021-04-08,805,N20,VIIRS,n,2,305.17,3.38,D,0
18.6829,80.95884,340.92,0.5,0.41,2021-04-08,805,N20,VIIRS,n,2,305.32,4.15,D,0
18.6854,80.94902,334.63,0.5,0.41,2021-04-08,805,N20,VIIRS,l,2,305.55,1.93,D,0
18.69232,81.1756,335.65,0.51,0.41,2021-04-08,805,N20,VIIRS,l,2,306.02,4.53,D,0
18.69674,81.17993,342.69,0.51,0.41,2021-04-08,805,N20,VIIRS,n,2,306.86,6.48,D,0
18.69782,80.82864,331.73,0.49,0.4,2021-04-08,805,N20,VIIRS,l,2,305.39,4.3,D,0
18.69964,80.84275,331.75,0.49,0.4,2021-04-08,805,N20,VIIRS,l,2,304.47,1.93,D,0
18.70335,80.84219,340.04,0.49,0.4,2021-04-08,805,N20,VIIRS,n,2,306.34,4.02,D,0
18.70453,79.86822,338.62,0.44,0.39,2021-04-08,805,N20,VIIRS,n,2,306.31,3.02,D,0
18.71122,77.69041,338.7,0.39,0.36,2021-04-08,805,N20,VIIRS,n,2,307.96,2.49,D,0
18.71814,81.1088,333.7,0.51,0.41,2021-04-08,805,N20,VIIRS,l,2,306.8,3.86,D,0
18.71857,81.10982,334.22,0.51,0.41,2021-04-08,805,N20,VIIRS,l,2,306.76,2.8,D,0
18.72256,81.11317,337.04,0.51,0.41,2021-04-08,805,N20,VIIRS,n,2,306.24,5.19,D,0
18.72297,81.11423,347.3,0.51,0.41,2021-04-08,805,N20,VIIRS,n,2,307.35,6.05,D,0
18.72322,81.11811,335.71,0.51,0.41,2021-04-08,805,N20,VIIRS,n,2,305.49,3.1,D,0
18.72529,78.0154,336.11,0.39,0.36,2021-04-08,805,N20,VIIRS,l,2,306.57,1.32,D,0
18.732,79.93729,337.66,0.45,0.39,2021-04-08,805,N20,VIIRS,n,2,306.18,4.12,D,0
18.74401,77.31548,340.92,0.38,0.36,2021-04-08,805,N20,VIIRS,n,2,310.44,3.98,D,0
18.74696,81.21206,336.66,0.52,0.41,2021-04-08,805,N20,VIIRS,n,2,304.17,2.39,D,0
18.74731,77.31493,339.28,0.38,0.36,2021-04-08,805,N20,VIIRS,l,2,311.81,4.2,D,0
18.75061,80.77031,349.6,0.49,0.4,2021-04-08,805,N20,VIIRS,n,2,310.7,8.34,D,0
18.76049,80.75945,334.95,0.49,0.4,2021-04-08,805,N20,VIIRS,l,2,309.59,2.81,D,0
18.77195,79.70114,335.6,0.44,0.38,2021-04-08,805,N20,VIIRS,n,2,304.58,1.58,D,0
18.78794,81.23038,334.54,0.52,0.41,2021-04-08,805,N20,VIIRS,n,2,303.79,5.08,D,0
18.79623,81.23462,335.92,0.52,0.41,2021-04-08,805,N20,VIIRS,l,2,308.02,4.5,D,0
18.80029,81.20625,338.51,0.52,0.41,2021-04-08,805,N20,VIIRS,n,2,305.64,2.35,D,0
18.80385,81.23372,347.14,0.52,0.41,2021-04-08,805,N20,VIIRS,n,2,304.68,6.91,D,0
18.8041,81.20582,348.0,0.52,0.41,2021-04-08,805,N20,VIIRS,n,2,308.23,4.05,D,0
18.80791,81.20541,334.25,0.52,0.41,2021-04-08,805,N20,VIIRS,l,2,305.88,4.05,D,0
18.81021,81.22314,337.76,0.52,0.41,2021-04-08,805,N20,VIIRS,n,2,303.93,5.57,D,0
18.84003,78.9775,340.75,0.41,0.37,2021-04-08,805,N20,VIIRS,n,2,309.27,4.25,D,0
18.88339,79.80479,339.05,0.44,0.39,2021-04-08,805,N20,VIIRS,n,2,308.22,4.44,D,0
18.90592,78.99932,338.41,0.41,0.37,2021-04-08,805,N20,VIIRS,n,2,309.35,1.58,D,0
18.9404,81.09779,334.23,0.51,0.41,2021-04-08,805,N20,VIIRS,n,2,303.1,2.64,D,0
18.94074,81.10083,333.87,0.51,0.41,2021-04-08,805,N20,VIIRS,l,2,303.93,1.46,D,0
18.96213,79.87901,337.53,0.45,0.39,2021-04-08,805,N20,VIIRS,n,2,305.92,1.67,D,0
19.00306,80.76001,334.22,0.49,0.4,2021-04-08,805,N20,VIIRS,n,2,304.43,2.95,D,0
19.06379,79.72709,349.9,0.44,0.38,2021-04-08,805,N20,VIIRS,n,2,310.78,5.37,D,0
19.09269,80.57275,344.22,0.48,0.4,2021-04-08,805,N20,VIIRS,n,2,308.53,7.85,D,0
19.10225,79.32659,343.85,0.43,0.38,2021-04-08,805,N20,VIIRS,n,2,308.25,4.95,D,0
19.12635,81.31485,333.98,0.53,0.42,2021-04-08,805,N20,VIIRS,l,2,304.96,6.95,D,0
19.12902,80.50718,334.38,0.48,0.4,2021-04-08,805,N20,VIIRS,l,2,306.61,2.61,D,0
19.12961,80.5117,336.28,0.48,0.4,2021-04-08,805,N20,VIIRS,l,2,306.75,2.61,D,0
19.13018,81.31425,343.35,0.53,0.42,2021-04-08,805,N20,VIIRS,n,2,305.24,6.95,D,0
19.13177,78.69413,342.17,0.41,0.37,2021-04-08,805,N20,VIIRS,n,2,308.64,4.87,D,0
19.13269,80.50665,339.06,0.48,0.4,2021-04-08,805,N20,VIIRS,n,2,307.46,2.61,D,0
19.13498,80.58069,336.58,0.48,0.4,2021-04-08,805,N20,VIIRS,n,2,306.27,2.52,D,0
19.13724,78.60316,348.78,0.41,0.37,2021-04-08,805,N20,VIIRS,n,2,306.95,5.81,D,0
19.14333,78.62185,337.79,0.41,0.37,2021-04-08,805,N20,VIIRS,n,2,305.87,19.61,D,0
19.14672,78.62133,338.27,0.41,0.37,2021-04-08,805,N20,VIIRS,n,2,307.29,8.51,D,0
19.14706,79.86115,338.72,0.45,0.39,2021-04-08,805,N20,VIIRS,n,2,306.6,2.25,D,0
19.15915,79.39236,334.55,0.43,0.38,2021-04-08,805,N20,VIIRS,l,2,306.67,1.25,D,0
19.16267,80.45158,338.46,0.48,0.4,2021-04-08,805,N20,VIIRS,n,2,307.39,5.14,D,0
19.16761,81.15888,334.63,0.52,0.41,2021-04-08,805,N20,VIIRS,l,2,304.84,3.56,D,0
19.17235,81.01426,335.14,0.51,0.41,2021-04-08,805,N20,VIIRS,n,2,303.86,4.23,D,0
19.17295,81.01889,340.73,0.51,0.41,2021-04-08,805,N20,VIIRS,n,2,303.44,4.23,D,0
19.17354,81.02352,330.02,0.51,0.41,2021-04-08,805,N20,VIIRS,l,2,302.6,3.31,D,0
19.17789,81.02747,335.13,0.51,0.41,2021-04-08,805,N20,VIIRS,n,2,302.43,3.31,D,0
19.17849,81.03217,333.57,0.51,0.41,2021-04-08,805,N20,VIIRS,l,2,303.78,5.29,D,0
19.17952,81.16115,330.65,0.52,0.41,2021-04-08,805,N20,VIIRS,l,2,302.71,4.25,D,0
19.18678,79.83359,342.17,0.45,0.39,2021-04-08,805,N20,VIIRS,n,2,305.65,3.49,D,0
19.18946,80.1763,336.38,0.46,0.39,2021-04-08,805,N20,VIIRS,n,2,305.9,2.94,D,0
19.20993,81.12669,341.59,0.52,0.41,2021-04-08,805,N20,VIIRS,n,2,304.08,7.38,D,0
19.21372,81.12612,353.69,0.52,0.41,2021-04-08,805,N20,VIIRS,n,2,305.63,7.38,D,0
19.21433,81.13084,341.88,0.52,0.41,2021-04-08,805,N20,VIIRS,n,2,302.31,7.38,D,0
19.21512,80.87257,346.3,0.5,0.41,2021-04-08,805,N20,VIIRS,n,2,306.33,4.74,D,0
19.21752,81.12562,347.54,0.52,0.41,2021-04-08,805,N20,VIIRS,n,2,306.22,11.33,D,0
19.21813,81.13033,338.23,0.52,0.41,2021-04-08,805,N20,VIIRS,n,2,302.9,11.33,D,0
19.21885,80.87197,336.25,0.5,0.41,2021-04-08,805,N20,VIIRS,n,2,303.92,4.74,D,0
19.22028,80.57875,333.13,0.48,0.4,2021-04-08,805,N20,VIIRS,l,2,307.09,1.49,D,0
19.22072,81.12045,336.13,0.52,0.41,2021-04-08,805,N20,VIIRS,n,2,302.0,6.81,D,0
19.22396,80.57821,334.54,0.48,0.4,2021-04-08,805,N20,VIIRS,l,2,306.73,1.56,D,0
19.22449,81.11979,352.45,0.52,0.41,2021-04-08,805,N20,VIIRS,n,2,305.66,12.12,D,0
19.22511,81.06522,332.43,0.51,0.41,2021-04-08,805,N20,VIIRS,l,2,303.63,8.22,D,0
19.22577,81.07027,352.0,0.51,0.41,2021-04-08,805,N20,VIIRS,n,2,306.44,8.22,D,0
19.22888,81.1238,353.62,0.52,0.41,2021-04-08,805,N20,VIIRS,n,2,305.21,17.88,D,0
19.22892,81.06488,338.61,0.51,0.41,2021-04-08,805,N20,VIIRS,n,2,304.97,8.22,D,0
19.23267,81.12323,331.96,0.52,0.41,2021-04-08,805,N20,VIIRS,n,2,301.81,1.81,D,0
19.23461,81.10848,343.71,0.52,0.41,2021-04-08,805,N20,VIIRS,n,2,303.91,9.5,D,0
19.23513,81.05349,339.34,0.51,0.41,2021-04-08,805,N20,VIIRS,n,2,306.14,6.0,D,0
19.23553,80.60925,332.73,0.49,0.4,2021-04-08,805,N20,VIIRS,l,2,306.89,1.53,D,0
19.2389,81.0529,345.83,0.51,0.41,2021-04-08,805,N20,VIIRS,n,2,307.06,7.73,D,0
19.24157,81.07317,335.8,0.51,0.41,2021-04-08,805,N20,VIIRS,n,2,304.2,3.35,D,0
19.244,81.06236,334.22,0.51,0.41,2021-04-08,805,N20,VIIRS,n,2,302.38,6.54,D,0
19.24417,80.19959,335.65,0.46,0.39,2021-04-08,805,N20,VIIRS,l,2,308.31,3.48,D,0
19.24534,81.07252,343.19,0.51,0.41,2021-04-08,805,N20,VIIRS,n,2,304.33,3.35,D,0
19.24776,81.06167,333.32,0.51,0.41,2021-04-08,805,N20,VIIRS,l,2,304.28,13.11,D,0
19.24804,81.0632,346.51,0.51,0.41,2021-04-08,805,N20,VIIRS,n,2,304.8,10.7,D,0
19.24844,81.06679,354.36,0.51,0.41,2021-04-08,805,N20,VIIRS,n,2,304.43,13.11,D,0
19.24869,81.0684,349.52,0.51,0.41,2021-04-08,805,N20,VIIRS,n,2,304.38,10.7,D,0
19.24911,81.07188,331.46,0.51,0.41,2021-04-08,805,N20,VIIRS,l,2,302.97,2.42,D,0
19.25039,79.37173,339.4,0.43,0.38,2021-04-08,805,N20,VIIRS,n,2,309.35,3.45,D,0
19.25095,79.37582,339.27,0.43,0.38,2021-04-08,805,N20,VIIRS,n,2,309.02,3.45,D,0
19.25181,81.06257,334.49,0.51,0.41,2021-04-08,805,N20,VIIRS,n,2,304.16,10.7,D,0
19.2522,81.06612,345.16,0.51,0.41,2021-04-08,805,N20,VIIRS,n,2,304.82,13.11,D,0
19.25246,81.06772,334.96,0.51,0.41,2021-04-08,805,N20,VIIRS,n,2,301.68,10.7,D,0
19.25455,80.04726,335.09,0.46,0.39,2021-04-08,805,N20,VIIRS,l,2,308.77,3.08,D,0
19.25513,80.05157,339.28,0.46,0.39,2021-04-08,805,N20,VIIRS,n,2,309.15,3.08,D,0
19.25807,81.08168,334.46,0.51,0.41,2021-04-08,805,N20,VIIRS,n,2,304.06,4.0,D,0
19.25997,78.95651,338.2,0.42,0.37,2021-04-08,805,N20,VIIRS,n,2,307.11,2.46,D,0
19.27135,81.06472,334.68,0.51,0.41,2021-04-08,805,N20,VIIRS,n,2,303.54,3.06,D,0
19.27488,80.65067,335.2,0.49,0.4,2021-04-08,805,N20,VIIRS,l,2,306.93,1.79,D,0
19.2749,80.62241,332.2,0.49,0.4,2021-04-08,805,N20,VIIRS,l,2,307.01,2.31,D,0
19.27731,81.23519,348.5,0.52,0.42,2021-04-08,805,N20,VIIRS,n,2,303.71,5.01,D,0
19.27794,81.24023,337.32,0.53,0.42,2021-04-08,805,N20,VIIRS,n,2,303.76,4.01,D,0
19.27813,81.23332,345.76,0.52,0.42,2021-04-08,805,N20,VIIRS,n,2,304.28,8.19,D,0
19.27857,81.24524,343.2,0.53,0.42,2021-04-08,805,N20,VIIRS,n,2,303.98,4.01,D,0
19.2786,80.62188,341.38,0.49,0.4,2021-04-08,805,N20,VIIRS,n,2,306.86,2.31,D,0
19.27879,81.23833,342.31,0.52,0.42,2021-04-08,805,N20,VIIRS,n,2,304.49,5.21,D,0
19.27919,81.25023,337.43,0.53,0.42,2021-04-08,805,N20,VIIRS,n,2,304.52,7.28,D,0
19.27945,81.24333,330.49,0.52,0.42,2021-04-08,805,N20,VIIRS,l,2,304.2,5.21,D,0
19.2801,81.24831,354.11,0.53,0.42,2021-04-08,805,N20,VIIRS,n,2,306.48,14.97,D,0
19.28114,81.23463,332.76,0.52,0.42,2021-04-08,805,N20,VIIRS,l,2,304.06,5.01,D,0
19.28115,79.97303,342.41,0.45,0.39,2021-04-08,805,N20,VIIRS,n,2,309.03,4.4,D,0
19.2823,80.62135,334.43,0.49,0.4,2021-04-08,805,N20,VIIRS,l,2,306.69,1.93,D,0
19.28238,81.2446,330.83,0.53,0.42,2021-04-08,805,N20,VIIRS,l,2,304.93,4.01,D,0
19.28292,80.62598,337.87,0.49,0.4,2021-04-08,805,N20,VIIRS,n,2,306.94,2.75,D,0
19.283,81.24957,346.3,0.53,0.42,2021-04-08,805,N20,VIIRS,n,2,308.15,7.28,D,0
19.28362,81.25451,330.11,0.53,0.42,2021-04-08,805,N20,VIIRS,l,2,302.97,7.28,D,0
19.28456,81.2526,346.26,0.53,0.42,2021-04-08,805,N20,VIIRS,n,2,307.12,14.97,D,0
19.28682,81.24891,341.08,0.53,0.42,2021-04-08,805,N20,VIIRS,n,2,307.5,12.99,D,0
19.28722,80.48994,334.04,0.48,0.4,2021-04-08,805,N20,VIIRS,l,2,306.33,2.13,D,0
19.28724,80.54575,333.45,0.48,0.4,2021-04-08,805,N20,VIIRS,l,2,307.4,1.97,D,0
19.28744,81.25385,341.43,0.53,0.42,2021-04-08,805,N20,VIIRS,n,2,303.74,12.99,D,0
19.29063,81.24825,341.96,0.53,0.42,2021-04-08,805,N20,VIIRS,n,2,310.19,12.99,D,0
19.29126,81.25323,343.68,0.53,0.42,2021-04-08,805,N20,VIIRS,n,2,303.71,12.99,D,0
19.29185,79.70669,345.37,0.44,0.39,2021-04-08,805,N20,VIIRS,n,2,310.18,5.58,D,0
19.29207,79.70778,347.22,0.44,0.39,2021-04-08,805,N20,VIIRS,n,2,310.24,6.27,D,0
19.29384,81.18117,350.88,0.52,0.42,2021-04-08,805,N20,VIIRS,n,2,305.15,9.43,D,0
19.2941,81.06178,333.12,0.51,0.41,2021-04-08,805,N20,VIIRS,l,2,306.05,2.85,D,0
19.29444,81.24757,335.44,0.53,0.42,2021-04-08,805,N20,VIIRS,l,2,306.76,2.95,D,0
19.29702,78.5271,337.85,0.4,0.37,2021-04-08,805,N20,VIIRS,l,2,309.31,6.92,D,0
19.29788,81.0612,335.99,0.51,0.41,2021-04-08,805,N20,VIIRS,n,2,305.3,2.85,D,0
19.29794,81.35426,331.32,0.53,0.42,2021-04-08,805,N20,VIIRS,l,2,305.11,2.06,D,0
19.29852,81.06612,349.56,0.51,0.41,2021-04-08,805,N20,VIIRS,n,2,306.28,13.21,D,0
19.3023,81.06555,347.61,0.51,0.41,2021-04-08,805,N20,VIIRS,n,2,311.48,47.31,D,0
19.3073,80.5629,341.73,0.48,0.4,2021-04-08,805,N20,VIIRS,n,2,307.79,3.82,D,0
19.31369,81.2765,345.52,0.53,0.42,2021-04-08,805,N20,VIIRS,n,2,305.0,9.8,D,0
19.31555,81.16882,339.33,0.52,0.42,2021-04-08,805,N20,VIIRS,n,2,305.79,4.71,D,0
19.31676,81.30082,331.99,0.53,0.42,2021-04-08,805,N20,VIIRS,l,2,303.36,5.6,D,0
19.32342,78.54246,337.94,0.4,0.37,2021-04-08,805,N20,VIIRS,n,2,308.12,4.12,D,0
19.32448,81.3,334.81,0.53,0.42,2021-04-08,805,N20,VIIRS,n,2,303.89,3.53,D,0
19.32772,81.29478,334.51,0.53,0.42,2021-04-08,805,N20,VIIRS,n,2,304.02,3.53,D,0
19.33207,80.21455,335.65,0.47,0.39,2021-04-08,805,N20,VIIRS,l,2,308.03,2.48,D,0
19.33331,81.15615,334.34,0.52,0.42,2021-04-08,805,N20,VIIRS,l,2,305.73,3.2,D,0
19.3356,79.70966,336.39,0.44,0.39,2021-04-08,805,N20,VIIRS,l,2,308.02,3.93,D,0
19.3448,81.15497,335.83,0.52,0.42,2021-04-08,805,N20,VIIRS,n,2,303.26,2.86,D,0
19.34862,81.15455,337.75,0.52,0.42,2021-04-08,805,N20,VIIRS,n,2,304.2,2.86,D,0
19.34899,79.59669,338.38,0.44,0.38,2021-04-08,805,N20,VIIRS,n,2,307.62,3.56,D,0
19.35003,81.22533,335.23,0.52,0.42,2021-04-08,805,N20,VIIRS,l,2,307.89,5.25,D,0
19.35068,81.23035,353.0,0.53,0.42,2021-04-08,805,N20,VIIRS,n,2,306.6,21.57,D,0
19.35965,78.67456,340.57,0.41,0.37,2021-04-08,805,N20,VIIRS,l,2,312.6,5.49,D,0
19.36315,80.05067,344.31,0.46,0.39,2021-04-08,805,N20,VIIRS,n,2,308.32,3.33,D,0
19.36434,80.85883,339.43,0.5,0.41,2021-04-08,805,N20,VIIRS,n,2,308.07,10.37,D,0
19.36493,80.86346,339.73,0.5,0.41,2021-04-08,805,N20,VIIRS,n,2,307.34,9.86,D,0
19.36595,81.11393,335.11,0.52,0.41,2021-04-08,805,N20,VIIRS,n,2,303.96,1.86,D,0
19.36627,81.11178,332.38,0.52,0.41,2021-04-08,805,N20,VIIRS,l,2,305.06,1.62,D,0
19.36693,81.11678,331.33,0.52,0.41,2021-04-08,805,N20,VIIRS,l,2,303.23,1.47,D,0
19.36698,79.22618,344.8,0.43,0.38,2021-04-08,805,N20,VIIRS,n,2,314.01,7.58,D,0
19.3687,80.86308,347.2,0.5,0.41,2021-04-08,805,N20,VIIRS,n,2,309.35,6.35,D,0
19.36931,80.86784,346.92,0.5,0.41,2021-04-08,805,N20,VIIRS,n,2,307.4,6.35,D,0
19.37306,80.86729,344.61,0.5,0.41,2021-04-08,805,N20,VIIRS,n,2,308.15,6.35,D,0
19.38131,78.67484,338.96,0.41,0.37,2021-04-08,805,N20,VIIRS,l,2,311.6,3.0,D,0
19.38186,78.67872,354.38,0.41,0.37,2021-04-08,805,N20,VIIRS,n,2,312.14,7.33,D,0
19.38875,78.55529,338.71,0.41,0.37,2021-04-08,805,N20,VIIRS,l,2,311.27,1.76,D,0
19.39163,81.25726,336.57,0.53,0.42,2021-04-08,805,N20,VIIRS,n,2,304.83,4.64,D,0
19.39183,81.16575,342.97,0.52,0.42,2021-04-08,805,N20,VIIRS,n,2,303.95,5.78,D,0
19.39288,81.2549,344.46,0.53,0.42,2021-04-08,805,N20,VIIRS,n,2,304.06,9.2,D,0
19.39307,81.20646,333.95,0.52,0.42,2021-04-08,805,N20,VIIRS,n,2,302.48,2.72,D,0
19.39381,81.08948,330.62,0.52,0.41,2021-04-08,805,N20,VIIRS,l,2,302.76,1.55,D,0
19.39392,80.99974,331.13,0.51,0.41,2021-04-08,805,N20,VIIRS,l,2,304.88,3.46,D,0
19.39453,81.00452,333.11,0.51,0.41,2021-04-08,805,N20,VIIRS,n,2,302.37,4.27,D,0
19.39709,80.99451,333.82,0.51,0.41,2021-04-08,805,N20,VIIRS,l,2,304.35,3.46,D,0
19.40272,81.00839,335.9,0.51,0.41,2021-04-08,805,N20,VIIRS,n,2,305.12,7.98,D,0
19.41912,81.16652,340.61,0.52,0.42,2021-04-08,805,N20,VIIRS,n,2,305.22,6.37,D,0
19.42034,81.14575,334.13,0.52,0.42,2021-04-08,805,N20,VIIRS,n,2,303.99,2.79,D,0
19.42292,81.16588,336.03,0.52,0.42,2021-04-08,805,N20,VIIRS,n,2,303.95,5.87,D,0
19.42611,81.10007,337.26,0.52,0.41,2021-04-08,805,N20,VIIRS,n,2,302.8,5.5,D,0
19.42965,78.62376,339.43,0.41,0.37,2021-04-08,805,N20,VIIRS,l,2,312.64,3.79,D,0
19.43435,81.10396,333.7,0.52,0.41,2021-04-08,805,N20,VIIRS,n,2,304.77,3.05,D,0
19.44027,81.24068,332.57,0.53,0.42,2021-04-08,805,N20,VIIRS,l,2,304.06,3.76,D,0
19.45418,80.09968,336.87,0.46,0.39,2021-04-08,805,N20,VIIRS,l,2,308.0,2.31,D,0
19.45565,80.10054,336.79,0.46,0.39,2021-04-08,805,N20,VIIRS,l,2,308.21,2.06,D,0
19.45998,80.07755,335.22,0.46,0.39,2021-04-08,805,N20,VIIRS,l,2,307.84,2.4,D,0
19.46358,80.07703,334.39,0.46,0.39,2021-04-08,805,N20,VIIRS,l,2,307.59,2.4,D,0
19.46416,80.08139,333.66,0.46,0.39,2021-04-08,805,N20,VIIRS,l,2,307.28,2.01,D,0
19.46577,80.7784,330.92,0.5,0.41,2021-04-08,805,N20,VIIRS,l,2,303.29,1.36,D,0
19.46849,80.88884,342.42,0.51,0.41,2021-04-08,805,N20,VIIRS,n,2,304.22,5.21,D,0
19.46947,79.13238,344.74,0.42,0.38,2021-04-08,805,N20,VIIRS,n,2,312.98,9.05,D,0
19.48202,81.14252,333.01,0.52,0.42,2021-04-08,805,N20,VIIRS,l,2,303.07,3.26,D,0
19.48286,80.88158,330.99,0.51,0.41,2021-04-08,805,N20,VIIRS,l,2,305.39,4.8,D,0
19.48481,81.1399,341.13,0.52,0.42,2021-04-08,805,N20,VIIRS,n,2,302.56,2.16,D,0
19.50556,78.7146,340.63,0.41,0.37,2021-04-08,805,N20,VIIRS,l,2,312.41,2.63,D,0
19.50611,78.7185,341.01,0.41,0.37,2021-04-08,805,N20,VIIRS,l,2,311.99,2.63,D,0
19.50768,80.15989,333.66,0.47,0.39,2021-04-08,805,N20,VIIRS,l,2,307.34,1.85,D,0
19.51682,80.79032,334.06,0.5,0.41,2021-04-08,805,N20,VIIRS,n,2,302.98,4.77,D,0
19.52172,81.09457,341.37,0.52,0.41,2021-04-08,805,N20,VIIRS,n,2,304.68,7.72,D,0
19.52273,79.36428,335.82,0.43,0.38,2021-04-08,805,N20,VIIRS,l,2,309.77,2.88,D,0
19.52487,81.08897,352.72,0.52,0.41,2021-04-08,805,N20,VIIRS,n,2,305.99,7.72,D,0
19.52867,81.08837,342.22,0.52,0.41,2021-04-08,805,N20,VIIRS,n,2,309.45,39.76,D,0
19.54293,78.73276,340.45,0.41,0.37,2021-04-08,805,N20,VIIRS,l,2,312.0,2.97,D,0
19.54704,79.94542,337.74,0.46,0.39,2021-04-08,805,N20,VIIRS,l,2,308.89,3.59,D,0
19.54952,80.62129,333.68,0.49,0.4,2021-04-08,805,N20,VIIRS,l,2,307.41,2.46,D,0
19.56139,80.14774,341.28,0.47,0.39,2021-04-08,805,N20,VIIRS,n,2,307.56,3.63,D,0
19.56199,80.15213,337.97,0.47,0.39,2021-04-08,805,N20,VIIRS,n,2,307.28,3.63,D,0
19.56264,80.14834,349.39,0.47,0.39,2021-04-08,805,N20,VIIRS,n,2,307.84,6.92,D,0
19.5654,79.5183,343.24,0.44,0.38,2021-04-08,805,N20,VIIRS,n,2,308.82,3.55,D,0
19.56563,80.80566,330.42,0.5,0.41,2021-04-08,805,N20,VIIRS,l,2,303.99,4.04,D,0
19.56937,80.80509,337.95,0.5,0.41,2021-04-08,805,N20,VIIRS,n,2,304.63,4.96,D,0
19.58781,79.28381,344.25,0.43,0.38,2021-04-08,805,N20,VIIRS,n,2,312.61,7.5,D,0
19.59434,78.82491,338.77,0.41,0.37,2021-04-08,805,N20,VIIRS,l,2,311.26,4.26,D,0
19.59549,80.74193,334.48,0.5,0.41,2021-04-08,805,N20,VIIRS,n,2,302.24,5.71,D,0
19.5972,78.82046,339.67,0.41,0.37,2021-04-08,805,N20,VIIRS,l,2,312.01,3.19,D,0
19.60257,78.80812,338.24,0.41,0.37,2021-04-08,805,N20,VIIRS,l,2,312.55,3.74,D,0
19.60295,80.82864,331.98,0.5,0.41,2021-04-08,805,N20,VIIRS,l,2,303.56,5.56,D,0
19.61012,81.06438,333.97,0.52,0.41,2021-04-08,805,N20,VIIRS,l,2,306.31,2.13,D,0
19.61843,81.00833,351.79,0.51,0.41,2021-04-08,805,N20,VIIRS,n,2,306.87,6.89,D,0
19.62218,80.97749,330.37,0.51,0.41,2021-04-08,805,N20,VIIRS,l,2,304.45,5.66,D,0
19.62284,81.01266,342.29,0.52,0.41,2021-04-08,805,N20,VIIRS,n,2,304.8,6.89,D,0
19.62533,80.97205,330.67,0.51,0.41,2021-04-08,805,N20,VIIRS,l,2,302.69,4.2,D,0
19.62856,81.02714,336.11,0.52,0.41,2021-04-08,805,N20,VIIRS,n,2,304.75,3.42,D,0
19.63173,78.56908,337.9,0.41,0.37,2021-04-08,805,N20,VIIRS,l,2,312.9,3.54,D,0
19.63354,79.46192,338.5,0.44,0.38,2021-04-08,805,N20,VIIRS,l,2,311.19,3.88,D,0
19.6355,81.02103,332.77,0.52,0.41,2021-04-08,805,N20,VIIRS,l,2,304.94,1.24,D,0
19.64172,80.95004,332.11,0.51,0.41,2021-04-08,805,N20,VIIRS,l,2,303.97,6.18,D,0
19.64588,77.24255,351.27,0.39,0.36,2021-04-08,805,N20,VIIRS,n,2,316.07,10.21,D,0
19.64864,77.23835,342.36,0.39,0.36,2021-04-08,805,N20,VIIRS,l,2,314.76,9.22,D,0
19.65436,78.20938,339.54,0.4,0.37,2021-04-08,805,N20,VIIRS,l,2,313.8,5.37,D,0
19.65572,79.62486,347.57,0.44,0.39,2021-04-08,805,N20,VIIRS,n,2,311.56,12.89,D,0
19.65629,81.00269,338.9,0.51,0.41,2021-04-08,805,N20,VIIRS,n,2,304.49,3.31,D,0
19.65879,80.99226,330.7,0.51,0.41,2021-04-08,805,N20,VIIRS,l,2,304.22,3.02,D,0
19.66064,80.97693,334.71,0.51,0.41,2021-04-08,805,N20,VIIRS,n,2,303.89,2.75,D,0
19.66259,80.9918,339.39,0.51,0.41,2021-04-08,805,N20,VIIRS,n,2,304.31,2.89,D,0
19.66508,80.98137,330.15,0.51,0.41,2021-04-08,805,N20,VIIRS,l,2,303.19,8.47,D,0
19.66637,80.99123,332.51,0.51,0.41,2021-04-08,805,N20,VIIRS,l,2,303.23,2.89,D,0
19.66918,80.95258,336.17,0.51,0.41,2021-04-08,805,N20,VIIRS,n,2,306.07,7.46,D,0
19.66943,80.95582,330.28,0.51,0.41,2021-04-08,805,N20,VIIRS,l,2,304.57,6.69,D,0
19.66978,79.46499,336.03,0.44,0.38,2021-04-08,805,N20,VIIRS,l,2,309.11,3.7,D,0
19.67103,81.08607,332.67,0.52,0.42,2021-04-08,805,N20,VIIRS,l,2,304.72,2.68,D,0
19.67229,79.10986,347.85,0.42,0.38,2021-04-08,805,N20,VIIRS,n,2,311.33,6.46,D,0
19.67386,80.96023,335.96,0.51,0.41,2021-04-08,805,N20,VIIRS,n,2,303.79,2.68,D,0
19.6742,80.96187,333.73,0.51,0.41,2021-04-08,805,N20,VIIRS,n,2,303.08,2.3,D,0
19.67537,81.00203,332.79,0.52,0.41,2021-04-08,805,N20,VIIRS,l,2,303.73,3.56,D,0
19.67594,81.00527,333.03,0.52,0.41,2021-04-08,805,N20,VIIRS,l,2,303.98,3.09,D,0
19.67822,78.97448,343.25,0.42,0.38,2021-04-08,805,N20,VIIRS,l,2,314.24,5.42,D,0
19.67864,79.10474,341.87,0.42,0.38,2021-04-08,805,N20,VIIRS,n,2,311.84,4.39,D,0
19.68033,79.11699,345.21,0.42,0.38,2021-04-08,805,N20,VIIRS,n,2,311.16,4.09,D,0
19.68203,81.08642,337.34,0.52,0.42,2021-04-08,805,N20,VIIRS,n,2,304.49,5.8,D,0
19.68248,81.08463,336.34,0.52,0.42,2021-04-08,805,N20,VIIRS,n,2,304.35,2.6,D,0
19.68311,81.08945,330.31,0.52,0.42,2021-04-08,805,N20,VIIRS,l,2,304.03,2.79,D,0
19.68337,78.68794,340.53,0.41,0.37,2021-04-08,805,N20,VIIRS,l,2,314.28,6.28,D,0
19.68646,81.09086,338.54,0.52,0.42,2021-04-08,805,N20,VIIRS,n,2,303.78,2.28,D,0
19.68693,81.08899,337.15,0.52,0.42,2021-04-08,805,N20,VIIRS,n,2,303.88,2.79,D,0
19.69073,79.11554,342.84,0.42,0.38,2021-04-08,805,N20,VIIRS,n,2,312.42,5.11,D,0
19.6925,79.10276,337.87,0.42,0.38,2021-04-08,805,N20,VIIRS,l,2,311.79,4.57,D,0
19.70495,78.64088,342.82,0.41,0.37,2021-04-08,805,N20,VIIRS,l,2,313.73,5.39,D,0
19.71028,80.39813,336.09,0.48,0.4,2021-04-08,805,N20,VIIRS,l,2,308.17,2.4,D,0
19.71068,80.39677,337.11,0.48,0.4,2021-04-08,805,N20,VIIRS,l,2,308.35,2.56,D,0
19.72529,77.97092,346.6,0.39,0.37,2021-04-08,805,N20,VIIRS,n,2,312.07,3.59,D,0
19.72582,77.97464,340.97,0.39,0.37,2021-04-08,805,N20,VIIRS,l,2,314.21,3.59,D,0
19.72661,80.92016,352.23,0.51,0.41,2021-04-08,805,N20,VIIRS,n,2,306.28,13.26,D,0
19.72762,78.2169,345.11,0.4,0.37,2021-04-08,805,N20,VIIRS,n,2,312.44,3.49,D,0
19.73039,80.91965,330.43,0.51,0.41,2021-04-08,805,N20,VIIRS,l,2,303.22,1.92,D,0
19.73153,78.22018,340.98,0.4,0.37,2021-04-08,805,N20,VIIRS,l,2,313.08,3.49,D,0
19.73345,78.22005,341.23,0.4,0.37,2021-04-08,805,N20,VIIRS,l,2,311.37,4.12,D,0
19.7368,78.21948,347.48,0.4,0.37,2021-04-08,805,N20,VIIRS,n,2,311.95,4.12,D,0
19.73734,78.22327,341.81,0.4,0.37,2021-04-08,805,N20,VIIRS,n,2,310.37,2.0,D,0
19.7407,78.22272,351.94,0.4,0.37,2021-04-08,805,N20,VIIRS,n,2,314.96,10.26,D,0
19.74406,78.22215,345.98,0.4,0.37,2021-04-08,805,N20,VIIRS,n,2,311.14,10.26,D,0
19.74857,78.33825,340.11,0.4,0.37,2021-04-08,805,N20,VIIRS,l,2,312.23,2.88,D,0
19.75015,78.33827,349.25,0.4,0.37,2021-04-08,805,N20,VIIRS,n,2,313.81,8.34,D,0
19.75029,78.09737,339.76,0.4,0.37,2021-04-08,805,N20,VIIRS,n,2,309.23,2.47,D,0
19.75223,78.03928,337.41,0.4,0.37,2021-04-08,805,N20,VIIRS,l,2,310.27,4.1,D,0
19.75299,78.33395,350.96,0.4,0.37,2021-04-08,805,N20,VIIRS,n,2,313.07,6.63,D,0
19.75365,78.09688,341.66,0.4,0.37,2021-04-08,805,N20,VIIRS,n,2,311.41,2.47,D,0
19.75504,78.035,338.59,0.4,0.37,2021-04-08,805,N20,VIIRS,l,2,312.52,2.89,D,0
19.75592,78.08878,344.54,0.4,0.37,2021-04-08,805,N20,VIIRS,n,2,311.49,4.48,D,0
19.7601,81.00016,330.91,0.52,0.41,2021-04-08,805,N20,VIIRS,l,2,302.96,1.76,D,0
19.76721,80.7845,335.45,0.5,0.41,2021-04-08,805,N20,VIIRS,l,2,305.57,2.86,D,0
19.76846,80.79431,335.84,0.5,0.41,2021-04-08,805,N20,VIIRS,n,2,304.47,4.85,D,0
19.77104,79.94981,343.62,0.46,0.39,2021-04-08,805,N20,VIIRS,n,2,309.07,4.55,D,0
19.77413,80.77884,339.4,0.5,0.41,2021-04-08,805,N20,VIIRS,n,2,303.61,6.3,D,0
19.77642,80.97977,348.31,0.52,0.41,2021-04-08,805,N20,VIIRS,n,2,308.28,17.76,D,0
19.77714,80.9827,336.97,0.52,0.41,2021-04-08,805,N20,VIIRS,n,2,305.77,12.17,D,0
19.7802,80.97913,353.65,0.52,0.41,2021-04-08,805,N20,VIIRS,n,2,305.55,17.76,D,0
19.78028,80.97721,347.11,0.51,0.41,2021-04-08,805,N20,VIIRS,n,2,305.06,12.17,D,0
19.78092,80.98208,343.75,0.52,0.41,2021-04-08,805,N20,VIIRS,n,2,303.47,12.17,D,0
19.78399,80.97855,353.27,0.52,0.41,2021-04-08,805,N20,VIIRS,n,2,308.12,9.45,D,0
19.78407,80.97664,342.02,0.51,0.41,2021-04-08,805,N20,VIIRS,n,2,304.76,8.09,D,0
19.78461,80.98351,335.86,0.52,0.41,2021-04-08,805,N20,VIIRS,n,2,303.62,9.45,D,0
19.7847,80.98148,353.17,0.52,0.41,2021-04-08,805,N20,VIIRS,n,2,308.2,8.09,D,0
19.78778,80.97797,342.29,0.52,0.41,2021-04-08,805,N20,VIIRS,n,2,305.38,9.45,D,0
19.78785,80.97606,339.35,0.51,0.41,2021-04-08,805,N20,VIIRS,n,2,305.11,8.09,D,0
19.7884,80.98292,342.02,0.52,0.41,2021-04-08,805,N20,VIIRS,n,2,304.47,9.45,D,0
19.78849,80.98091,331.23,0.52,0.41,2021-04-08,805,N20,VIIRS,l,2,304.76,8.09,D,0
19.78915,80.98589,335.67,0.52,0.41,2021-04-08,805,N20,VIIRS,n,2,303.69,3.85,D,0
19.79157,80.97741,332.07,0.52,0.41,2021-04-08,805,N20,VIIRS,l,2,304.76,3.18,D,0
19.79193,77.42754,341.08,0.39,0.36,2021-04-08,805,N20,VIIRS,l,2,311.5,5.81,D,0
19.7954,77.72971,335.82,0.39,0.36,2021-04-08,805,N20,VIIRS,l,2,309.41,1.27,D,0
19.80659,81.03542,332.99,0.52,0.41,2021-04-08,805,N20,VIIRS,l,2,304.61,4.03,D,0
19.80721,81.04034,339.7,0.52,0.41,2021-04-08,805,N20,VIIRS,n,2,304.38,4.03,D,0
19.81757,80.93908,337.12,0.51,0.41,2021-04-08,805,N20,VIIRS,n,2,305.07,3.73,D,0
19.82105,79.22484,341.58,0.43,0.38,2021-04-08,805,N20,VIIRS,l,2,313.23,10.7,D,0
19.82266,77.49789,343.27,0.39,0.36,2021-04-08,805,N20,VIIRS,n,2,309.89,5.06,D,0
19.83463,77.76518,339.49,0.39,0.36,2021-04-08,805,N20,VIIRS,l,2,313.51,4.43,D,0
19.84857,78.32684,343.28,0.4,0.37,2021-04-08,805,N20,VIIRS,l,2,316.72,7.46,D,0
19.86228,80.78083,332.74,0.5,0.41,2021-04-08,805,N20,VIIRS,l,2,304.69,3.43,D,0
19.87938,77.70094,340.75,0.39,0.36,2021-04-08,805,N20,VIIRS,l,2,315.61,8.92,D,0
19.89247,79.96846,338.45,0.46,0.39,2021-04-08,805,N20,VIIRS,l,2,310.2,3.4,D,0
19.92795,79.42393,343.14,0.44,0.38,2021-04-08,805,N20,VIIRS,n,2,310.01,3.14,D,0
19.93202,79.42757,337.4,0.44,0.38,2021-04-08,805,N20,VIIRS,l,2,310.16,3.14,D,0
19.93259,79.43176,344.71,0.44,0.38,2021-04-08,805,N20,VIIRS,n,2,308.91,3.79,D,0
19.96222,79.33413,340.49,0.43,0.38,2021-04-08,805,N20,VIIRS,l,2,312.07,4.89,D,2
19.98696,78.68429,342.48,0.41,0.37,2021-04-08,805,N20,VIIRS,l,2,316.67,6.16,D,0
19.98837,77.15065,343.98,0.39,0.36,2021-04-08,805,N20,VIIRS,l,2,315.52,7.84,D,0
19.99038,78.68375,343.66,0.41,0.37,2021-04-08,805,N20,VIIRS,l,2,315.88,6.24,D,0
17.58206,80.31429,304.95,0.4,0.44,2021-04-08,2035,N20,VIIRS,n,2,293.11,1.5,N,2
17.95665,80.80264,306.63,0.42,0.45,2021-04-08,2035,N20,VIIRS,n,2,294.26,1.75,N,2
18.10805,80.99782,309.58,0.43,0.46,2021-04-08,2035,N20,VIIRS,n,2,293.27,2.7,N,0
18.1115,81.00235,306.58,0.43,0.46,2021-04-08,2035,N20,VIIRS,n,2,292.65,1.17,N,0
18.12934,81.09027,304.73,0.43,0.46,2021-04-08,2035,N20,VIIRS,n,2,292.53,1.66,N,0
18.32938,81.30222,309.47,0.44,0.46,2021-04-08,2035,N20,VIIRS,n,2,292.64,2.53,N,0
18.33147,81.31432,305.03,0.45,0.47,2021-04-08,2035,N20,VIIRS,n,2,292.38,1.65,N,0
18.33288,81.30685,314.58,0.44,0.46,2021-04-08,2035,N20,VIIRS,n,2,293.12,2.27,N,0
18.52197,81.14122,312.06,0.43,0.46,2021-04-08,2035,N20,VIIRS,n,2,292.57,2.82,N,0
18.52274,81.13721,312.21,0.43,0.46,2021-04-08,2035,N20,VIIRS,n,2,292.82,2.82,N,0
18.58183,80.98472,306.27,0.42,0.45,2021-04-08,2035,N20,VIIRS,n,2,293.43,1.09,N,0
18.60284,80.9411,306.63,0.42,0.45,2021-04-08,2035,N20,VIIRS,n,2,292.34,0.94,N,0
18.64049,80.9445,305.57,0.42,0.45,2021-04-08,2035,N20,VIIRS,n,2,293.0,1.09,N,0
18.64874,80.96143,308.5,0.42,0.45,2021-04-08,2035,N20,VIIRS,n,2,292.73,1.13,N,0
18.65001,80.96199,311.19,0.42,0.45,2021-04-08,2035,N20,VIIRS,n,2,293.18,2.0,N,0
18.65288,80.96207,305.51,0.42,0.45,2021-04-08,2035,N20,VIIRS,n,2,292.68,1.13,N,0
18.67568,80.95415,305.09,0.42,0.45,2021-04-08,2035,N20,VIIRS,n,2,292.48,1.01,N,0
18.67906,80.95874,306.93,0.42,0.45,2021-04-08,2035,N20,VIIRS,n,2,292.35,1.01,N,0
18.69409,81.17408,315.97,0.43,0.46,2021-04-08,2035,N20,VIIRS,n,2,292.81,1.7,N,0
18.6982,81.17517,314.45,0.43,0.46,2021-04-08,2035,N20,VIIRS,n,2,292.89,1.7,N,0
18.70023,80.84711,309.17,0.41,0.45,2021-04-08,2035,N20,VIIRS,n,2,291.99,1.05,N,0
18.7016,81.18007,308.55,0.43,0.46,2021-04-08,2035,N20,VIIRS,n,2,292.56,1.24,N,0
18.70384,80.9401,306.63,0.42,0.45,2021-04-08,2035,N20,VIIRS,n,2,292.68,1.45,N,0
18.73478,81.10405,304.79,0.42,0.46,2021-04-08,2035,N20,VIIRS,n,2,289.68,0.37,N,0
18.74803,81.21464,303.37,0.43,0.46,2021-04-08,2035,N20,VIIRS,n,2,291.18,0.99,N,0
18.74867,81.21129,303.73,0.43,0.46,2021-04-08,2035,N20,VIIRS,n,2,291.68,0.99,N,0
18.7493,81.20795,307.36,0.43,0.46,2021-04-08,2035,N20,VIIRS,n,2,291.63,1.41,N,0
18.75407,81.2056,306.53,0.43,0.46,2021-04-08,2035,N20,VIIRS,n,2,292.5,1.04,N,0
18.75475,81.20202,308.3,0.43,0.46,2021-04-08,2035,N20,VIIRS,n,2,291.83,1.21,N,0
18.75753,81.21008,303.75,0.43,0.46,2021-04-08,2035,N20,VIIRS,n,2,291.99,1.04,N,0
18.77478,81.21015,306.34,0.43,0.46,2021-04-08,2035,N20,VIIRS,n,2,292.49,1.33,N,0
18.78404,81.22967,303.26,0.43,0.46,2021-04-08,2035,N20,VIIRS,n,2,289.88,0.44,N,0
18.80948,81.20914,304.77,0.43,0.46,2021-04-08,2035,N20,VIIRS,n,2,292.74,1.85,N,0
18.81012,81.20572,307.65,0.43,0.46,2021-04-08,2035,N20,VIIRS,n,2,292.74,1.58,N,0
18.81997,81.22219,307.98,0.43,0.46,2021-04-08,2035,N20,VIIRS,n,2,291.9,1.52,N,0
18.8215,81.22192,308.85,0.43,0.46,2021-04-08,2035,N20,VIIRS,n,2,291.81,1.36,N,0
18.83955,81.19534,305.7,0.43,0.46,2021-04-08,2035,N20,VIIRS,n,2,292.62,1.05,N,0
19.1522,81.01418,307.35,0.41,0.45,2021-04-08,2035,N20,VIIRS,n,2,292.33,1.02,N,0
19.15294,81.01027,311.29,0.41,0.45,2021-04-08,2035,N20,VIIRS,n,2,292.68,1.02,N,0
19.16113,81.01173,321.57,0.41,0.45,2021-04-08,2035,N20,VIIRS,n,2,293.08,3.65,N,0
19.16598,81.00842,314.28,0.41,0.45,2021-04-08,2035,N20,VIIRS,n,2,292.37,1.37,N,0
19.16941,81.01267,321.09,0.41,0.45,2021-04-08,2035,N20,VIIRS,n,2,293.7,3.01,N,0
19.17012,81.0089,318.04,0.41,0.45,2021-04-08,2035,N20,VIIRS,n,2,292.42,1.93,N,0
19.17802,81.16199,304.0,0.42,0.45,2021-04-08,2035,N20,VIIRS,n,2,291.89,1.14,N,0
19.1857,81.03337,302.41,0.41,0.45,2021-04-08,2035,N20,VIIRS,n,2,291.0,1.32,N,0
19.18792,81.15493,301.58,0.42,0.45,2021-04-08,2035,N20,VIIRS,n,2,290.28,0.73,N,0
19.22565,81.04608,304.08,0.41,0.45,2021-04-08,2035,N20,VIIRS,n,2,291.14,0.86,N,0
19.22636,81.04233,321.57,0.41,0.45,2021-04-08,2035,N20,VIIRS,n,2,291.04,1.57,N,0
19.22707,81.03858,307.45,0.41,0.45,2021-04-08,2035,N20,VIIRS,n,2,290.76,1.57,N,0
19.23044,81.04314,311.72,0.41,0.45,2021-04-08,2035,N20,VIIRS,n,2,291.66,2.15,N,0
19.23794,81.04829,314.94,0.41,0.45,2021-04-08,2035,N20,VIIRS,n,2,291.8,2.19,N,0
19.24539,81.05372,307.03,0.41,0.45,2021-04-08,2035,N20,VIIRS,n,2,291.1,0.81,N,0
19.24946,81.05463,307.18,0.41,0.45,2021-04-08,2035,N20,VIIRS,n,2,290.82,0.81,N,0
19.25282,81.0593,306.68,0.41,0.45,2021-04-08,2035,N20,VIIRS,n,2,291.32,1.73,N,0
19.27321,81.06356,308.1,0.41,0.45,2021-04-08,2035,N20,VIIRS,n,2,290.81,1.61,N,0
19.29579,81.05211,310.57,0.41,0.45,2021-04-08,2035,N20,VIIRS,n,2,291.65,0.88,N,0
19.29912,81.05683,303.25,0.41,0.45,2021-04-08,2035,N20,VIIRS,n,2,291.34,0.88,N,0
19.29987,81.05293,303.25,0.41,0.45,2021-04-08,2035,N20,VIIRS,n,2,291.38,0.88,N,0
19.31391,81.29282,311.72,0.43,0.46,2021-04-08,2035,N20,VIIRS,n,2,291.47,1.98,N,0
19.31805,81.29365,309.08,0.43,0.46,2021-04-08,2035,N20,VIIRS,n,2,291.31,1.31,N,0
19.32876,81.07914,307.39,0.41,0.45,2021-04-08,2035,N20,VIIRS,n,2,290.73,0.5,N,0
19.38608,80.99897,305.92,0.41,0.45,2021-04-08,2035,N20,VIIRS,n,2,291.53,1.04,N,0
19.39085,80.99593,314.48,0.41,0.45,2021-04-08,2035,N20,VIIRS,n,2,291.42,1.4,N,0
19.3956,80.99305,312.48,0.41,0.45,2021-04-08,2035,N20,VIIRS,n,2,291.83,1.4,N,0
19.54318,81.07866,308.23,0.41,0.45,2021-04-08,2035,N20,VIIRS,n,2,290.5,0.85,N,0
19.57727,80.81042,312.04,0.4,0.44,2021-04-08,2035,N20,VIIRS,n,2,292.29,1.8,N,0
19.60028,81.04404,307.11,0.41,0.45,2021-04-08,2035,N20,VIIRS,n,2,292.87,2.02,N,0
19.60096,81.04036,325.23,0.41,0.45,2021-04-08,2035,N20,VIIRS,n,2,292.73,2.08,N,0
19.60134,80.81489,306.9,0.4,0.44,2021-04-08,2035,N20,VIIRS,n,2,292.35,0.78,N,0
19.60189,80.83411,313.74,0.4,0.44,2021-04-08,2035,N20,VIIRS,n,2,292.73,1.44,N,0
19.60203,80.81123,305.3,0.39,0.44,2021-04-08,2035,N20,VIIRS,n,2,291.97,0.78,N,0
19.60264,80.8301,308.94,0.4,0.44,2021-04-08,2035,N20,VIIRS,n,2,292.51,1.93,N,0
19.60605,80.81187,305.92,0.39,0.44,2021-04-08,2035,N20,VIIRS,n,2,292.23,0.78,N,0
19.61763,77.43892,296.18,0.41,0.37,2021-04-08,2035,N20,VIIRS,n,2,282.41,1.52,N,0
19.61943,81.11841,302.31,0.41,0.45,2021-04-08,2035,N20,VIIRS,n,2,290.76,0.61,N,0
19.62614,81.01791,302.7,0.41,0.45,2021-04-08,2035,N20,VIIRS,n,2,291.24,0.87,N,0
19.62728,80.96635,304.2,0.4,0.44,2021-04-08,2035,N20,VIIRS,n,2,291.3,0.97,N,0
19.62845,80.9827,305.73,0.4,0.45,2021-04-08,2035,N20,VIIRS,n,2,291.01,0.75,N,0
19.62893,80.98113,306.57,0.4,0.44,2021-04-08,2035,N20,VIIRS,n,2,291.17,0.73,N,0
19.62918,80.97873,304.76,0.4,0.45,2021-04-08,2035,N20,VIIRS,n,2,290.82,0.75,N,0
19.62969,80.97721,303.73,0.4,0.44,2021-04-08,2035,N20,VIIRS,n,2,290.69,0.73,N,0
19.62991,80.9748,313.82,0.4,0.44,2021-04-08,2035,N20,VIIRS,n,2,291.01,1.22,N,0
19.63044,80.97329,309.28,0.4,0.44,2021-04-08,2035,N20,VIIRS,n,2,290.6,0.79,N,0
19.63879,80.94936,304.62,0.4,0.44,2021-04-08,2035,N20,VIIRS,n,2,290.95,0.94,N,0
19.63948,80.94557,302.82,0.4,0.44,2021-04-08,2035,N20,VIIRS,n,2,290.76,0.55,N,0
19.6395,80.94788,308.93,0.4,0.44,2021-04-08,2035,N20,VIIRS,n,2,291.25,1.35,N,0
19.64427,80.9448,314.25,0.4,0.44,2021-04-08,2035,N20,VIIRS,n,2,291.69,1.58,N,0
19.64898,80.94204,315.3,0.4,0.44,2021-04-08,2035,N20,VIIRS,n,2,291.63,1.58,N,0
19.65678,81.01104,304.28,0.4,0.45,2021-04-08,2035,N20,VIIRS,n,2,291.47,0.97,N,0
19.65903,80.99918,304.82,0.4,0.45,2021-04-08,2035,N20,VIIRS,n,2,290.71,0.97,N,0
19.66438,80.94899,308.65,0.4,0.44,2021-04-08,2035,N20,VIIRS,n,2,291.33,1.03,N,0
19.6667,80.98084,309.03,0.4,0.44,2021-04-08,2035,N20,VIIRS,n,2,291.72,2.1,N,0
19.67244,80.95057,303.09,0.4,0.44,2021-04-08,2035,N20,VIIRS,n,2,290.91,0.94,N,0
19.67574,80.95523,307.64,0.4,0.44,2021-04-08,2035,N20,VIIRS,n,2,291.29,0.97,N,0
19.67905,80.95985,304.45,0.4,0.44,2021-04-08,2035,N20,VIIRS,n,2,291.28,0.97,N,0
16.567,77.25903,306.03,0.43,0.38,2021-04-08,2036,N20,VIIRS,n,2,293.53,1.47,N,0
16.87234,80.02167,309.59,0.39,0.44,2021-04-08,2036,N20,VIIRS,n,2,295.63,0.98,N,2
17.73232,77.7217,310.11,0.44,0.38,2021-04-08,2036,N20,VIIRS,n,2,291.83,1.76,N,0
15.51535,79.90182,337.67,0.43,0.38,2021-04-09,745,N20,VIIRS,l,2,308.94,3.21,D,0
15.57834,78.17024,339.98,0.52,0.42,2021-04-09,745,N20,VIIRS,n,2,314.6,7.0,D,0
15.58052,78.20529,342.91,0.52,0.42,2021-04-09,745,N20,VIIRS,l,2,313.12,10.1,D,0
15.61265,78.71724,334.91,0.49,0.4,2021-04-09,745,N20,VIIRS,n,2,304.47,2.18,D,0
15.63262,78.76879,341.87,0.49,0.4,2021-04-09,745,N20,VIIRS,n,2,307.06,3.76,D,0
15.65768,78.67533,341.62,0.49,0.4,2021-04-09,745,N20,VIIRS,n,2,307.48,8.23,D,0
15.74627,79.17514,345.16,0.46,0.39,2021-04-09,745,N20,VIIRS,l,2,311.84,8.21,D,0
15.76249,77.21909,339.99,0.39,0.44,2021-04-09,745,N20,VIIRS,l,2,311.06,5.86,D,0
15.78827,78.30305,344.17,0.51,0.41,2021-04-09,745,N20,VIIRS,l,2,316.16,10.58,D,0
15.79766,78.92365,352.66,0.48,0.4,2021-04-09,745,N20,VIIRS,n,2,315.8,19.46,D,0
15.80641,78.00236,347.75,0.53,0.42,2021-04-09,745,N20,VIIRS,n,2,316.1,12.01,D,0
15.88998,78.51451,344.7,0.5,0.41,2021-04-09,745,N20,VIIRS,l,2,312.35,10.45,D,0
15.97395,78.61426,335.79,0.49,0.4,2021-04-09,745,N20,VIIRS,l,2,307.68,3.59,D,0
16.10772,77.08884,339.57,0.4,0.44,2021-04-09,745,N20,VIIRS,l,2,314.31,5.82,D,0
16.13237,77.15919,341.0,0.39,0.44,2021-04-09,745,N20,VIIRS,l,2,315.45,7.06,D,0
16.13785,79.045,339.78,0.46,0.39,2021-04-09,745,N20,VIIRS,l,2,309.54,3.01,D,0
16.21987,77.34193,338.75,0.57,0.43,2021-04-09,745,N20,VIIRS,n,2,308.6,6.76,D,0
16.25432,78.71574,349.89,0.48,0.4,2021-04-09,745,N20,VIIRS,n,2,310.07,4.89,D,0
16.25797,78.71511,339.73,0.48,0.4,2021-04-09,745,N20,VIIRS,n,2,307.1,4.89,D,0
16.26888,78.71304,344.92,0.48,0.4,2021-04-09,745,N20,VIIRS,n,2,307.78,7.06,D,0
16.37587,77.72298,335.63,0.54,0.42,2021-04-09,745,N20,VIIRS,l,2,308.57,3.93,D,0
16.38988,77.09479,337.71,0.39,0.44,2021-04-09,745,N20,VIIRS,l,2,311.68,4.25,D,0
16.67896,80.40585,348.88,0.41,0.37,2021-04-09,745,N20,VIIRS,n,2,307.16,5.25,D,0
16.6798,80.4057,347.73,0.41,0.37,2021-04-09,745,N20,VIIRS,n,2,307.63,5.63,D,0
16.7602,80.47352,335.4,0.41,0.37,2021-04-09,745,N20,VIIRS,l,2,304.22,2.31,D,0
16.87826,77.94738,335.0,0.52,0.41,2021-04-09,745,N20,VIIRS,l,2,308.03,3.04,D,0
17.34201,81.34216,344.83,0.39,0.36,2021-04-09,745,N20,VIIRS,n,2,304.11,5.05,D,0
17.34588,81.34523,332.01,0.39,0.36,2021-04-09,745,N20,VIIRS,l,2,302.45,3.23,D,0
17.36125,81.3129,331.19,0.39,0.36,2021-04-09,745,N20,VIIRS,l,2,301.59,1.22,D,0
17.36745,81.37511,334.3,0.39,0.36,2021-04-09,745,N20,VIIRS,n,2,301.91,2.32,D,0
17.41695,81.25495,332.46,0.39,0.36,2021-04-09,745,N20,VIIRS,l,2,302.1,1.45,D,0
17.45415,81.34158,331.32,0.39,0.36,2021-04-09,745,N20,VIIRS,l,2,304.29,2.15,D,0
17.45745,81.341,331.82,0.39,0.36,2021-04-09,745,N20,VIIRS,l,2,304.25,2.15,D,0
17.47264,80.42418,337.86,0.4,0.37,2021-04-09,745,N20,VIIRS,l,2,308.11,5.01,D,0
17.48413,80.79266,340.6,0.4,0.37,2021-04-09,745,N20,VIIRS,n,2,302.77,3.39,D,0
17.49266,80.70025,337.79,0.4,0.37,2021-04-09,745,N20,VIIRS,n,2,305.21,3.14,D,0
17.59221,81.48878,334.57,0.39,0.36,2021-04-09,745,N20,VIIRS,n,2,300.94,2.42,D,0
17.59717,81.49901,344.62,0.39,0.36,2021-04-09,745,N20,VIIRS,n,2,303.29,3.93,D,0
17.59842,81.39476,330.71,0.39,0.36,2021-04-09,745,N20,VIIRS,l,2,304.78,2.26,D,0
17.64267,81.46172,339.31,0.39,0.36,2021-04-09,745,N20,VIIRS,n,2,303.48,4.87,D,0
17.64597,81.46116,336.11,0.39,0.36,2021-04-09,745,N20,VIIRS,n,2,301.06,4.87,D,0
17.39705,77.48962,338.41,0.54,0.42,2021-04-09,746,N20,VIIRS,l,2,311.17,8.19,D,0
17.48985,77.77116,340.01,0.52,0.41,2021-04-09,746,N20,VIIRS,n,2,309.79,12.98,D,0
17.69433,77.42268,335.28,0.54,0.42,2021-04-09,746,N20,VIIRS,n,2,305.31,4.75,D,0
17.72994,78.03088,349.74,0.5,0.41,2021-04-09,746,N20,VIIRS,n,2,313.4,10.44,D,0
17.73075,78.03551,338.28,0.5,0.41,2021-04-09,746,N20,VIIRS,n,2,308.92,8.91,D,0
17.7622,81.48852,337.4,0.39,0.36,2021-04-09,746,N20,VIIRS,n,2,304.92,2.42,D,0
17.79973,80.53591,347.42,0.4,0.37,2021-04-09,746,N20,VIIRS,n,2,307.54,4.81,D,0
17.81277,80.69781,330.15,0.4,0.37,2021-04-09,746,N20,VIIRS,l,2,304.75,2.42,D,0
17.82196,81.08414,337.11,0.39,0.36,2021-04-09,746,N20,VIIRS,n,2,306.6,2.15,D,0
17.83898,77.11729,340.04,0.56,0.43,2021-04-09,746,N20,VIIRS,l,2,313.59,7.25,D,0
17.85255,81.32494,338.59,0.39,0.36,2021-04-09,746,N20,VIIRS,l,2,308.81,2.92,D,0
17.85748,81.31297,333.25,0.39,0.36,2021-04-09,746,N20,VIIRS,l,2,305.41,1.23,D,0
17.86724,81.24447,343.87,0.39,0.36,2021-04-09,746,N20,VIIRS,n,2,303.45,2.99,D,0
17.86774,81.22575,332.72,0.39,0.36,2021-04-09,746,N20,VIIRS,l,2,303.63,1.04,D,0
17.8981,80.78889,342.73,0.39,0.36,2021-04-09,746,N20,VIIRS,n,2,307.23,3.67,D,0
17.91755,81.28391,332.04,0.39,0.36,2021-04-09,746,N20,VIIRS,l,2,303.12,2.33,D,0
17.93295,81.27387,331.0,0.39,0.36,2021-04-09,746,N20,VIIRS,l,2,302.76,1.4,D,0
17.94577,81.00652,335.98,0.39,0.36,2021-04-09,746,N20,VIIRS,l,2,304.82,1.63,D,0
17.98885,81.39441,348.02,0.39,0.36,2021-04-09,746,N20,VIIRS,n,2,309.14,6.1,D,0
18.10743,80.99749,338.52,0.39,0.36,2021-04-09,746,N20,VIIRS,l,2,304.85,3.7,D,0
18.11074,80.99693,330.34,0.39,0.36,2021-04-09,746,N20,VIIRS,l,2,304.16,3.7,D,0
18.11132,81.00061,352.95,0.39,0.36,2021-04-09,746,N20,VIIRS,n,2,306.36,3.7,D,0
18.11189,81.0043,347.13,0.39,0.36,2021-04-09,746,N20,VIIRS,n,2,305.67,2.89,D,0
18.11246,81.00793,331.17,0.39,0.36,2021-04-09,746,N20,VIIRS,l,2,304.91,2.89,D,0
18.11359,81.01517,334.39,0.39,0.36,2021-04-09,746,N20,VIIRS,l,2,303.24,6.99,D,0
18.11577,81.00734,348.13,0.39,0.36,2021-04-09,746,N20,VIIRS,n,2,305.91,5.72,D,0
18.11634,81.01097,334.62,0.39,0.36,2021-04-09,746,N20,VIIRS,l,2,303.35,1.95,D,0
18.16943,80.89284,334.24,0.39,0.36,2021-04-09,746,N20,VIIRS,l,2,307.96,1.73,D,0
18.21882,80.97018,331.72,0.39,0.36,2021-04-09,746,N20,VIIRS,l,2,306.36,1.14,D,0
18.22564,81.47646,335.25,0.39,0.36,2021-04-09,746,N20,VIIRS,n,2,304.18,2.6,D,0
18.23529,80.94485,339.02,0.39,0.36,2021-04-09,746,N20,VIIRS,l,2,307.37,2.19,D,0
18.24099,80.98141,338.47,0.39,0.36,2021-04-09,746,N20,VIIRS,l,2,306.88,6.39,D,0
18.24374,80.9772,339.4,0.39,0.36,2021-04-09,746,N20,VIIRS,l,2,307.14,3.23,D,0
18.24695,80.95412,347.91,0.39,0.36,2021-04-09,746,N20,VIIRS,n,2,306.62,3.5,D,0
18.25026,80.95357,338.89,0.39,0.36,2021-04-09,746,N20,VIIRS,l,2,305.02,2.4,D,0
18.26021,80.95187,345.79,0.39,0.36,2021-04-09,746,N20,VIIRS,n,2,306.28,2.63,D,0
18.29663,80.9903,349.84,0.39,0.36,2021-04-09,746,N20,VIIRS,n,2,307.9,6.12,D,0
18.29715,77.07965,331.31,0.55,0.43,2021-04-09,746,N20,VIIRS,l,2,303.29,2.2,D,0
18.30977,80.96555,331.88,0.39,0.36,2021-04-09,746,N20,VIIRS,l,2,304.42,0.87,D,0
18.32806,81.3027,334.79,0.39,0.36,2021-04-09,746,N20,VIIRS,n,2,302.99,2.71,D,0
18.33136,81.30214,340.21,0.39,0.36,2021-04-09,746,N20,VIIRS,n,2,304.26,2.8,D,0
18.40843,80.10851,338.88,0.4,0.37,2021-04-09,746,N20,VIIRS,l,2,307.93,4.54,D,0
18.40992,81.17289,340.1,0.39,0.36,2021-04-09,746,N20,VIIRS,n,2,304.55,2.94,D,0
18.43764,80.00948,335.2,0.41,0.37,2021-04-09,746,N20,VIIRS,l,2,307.24,1.83,D,0
18.44663,81.34554,334.23,0.39,0.36,2021-04-09,746,N20,VIIRS,n,2,301.41,3.49,D,0
18.4546,79.89272,339.57,0.41,0.37,2021-04-09,746,N20,VIIRS,n,2,305.41,2.6,D,0
18.47145,81.41542,331.55,0.38,0.36,2021-04-09,746,N20,VIIRS,n,2,301.47,0.95,D,0
18.47533,81.4407,345.66,0.38,0.36,2021-04-09,746,N20,VIIRS,n,2,305.11,3.87,D,0
18.47924,81.22443,335.03,0.39,0.36,2021-04-09,746,N20,VIIRS,l,2,305.65,1.56,D,0
18.4798,81.22805,331.19,0.39,0.36,2021-04-09,746,N20,VIIRS,l,2,304.9,1.56,D,0
18.48043,81.25401,333.11,0.39,0.36,2021-04-09,746,N20,VIIRS,l,2,304.73,2.26,D,0
18.48474,79.86354,335.92,0.41,0.37,2021-04-09,746,N20,VIIRS,n,2,306.36,1.84,D,0
18.49183,80.67447,343.63,0.39,0.36,2021-04-09,746,N20,VIIRS,n,2,306.57,5.98,D,0
18.49527,81.06495,339.16,0.39,0.36,2021-04-09,746,N20,VIIRS,l,2,308.04,6.28,D,0
18.49894,80.4594,339.32,0.4,0.37,2021-04-09,746,N20,VIIRS,l,2,308.97,4.47,D,0
18.49952,80.46313,338.25,0.4,0.37,2021-04-09,746,N20,VIIRS,l,2,309.62,4.47,D,0
18.51287,80.14496,337.84,0.4,0.37,2021-04-09,746,N20,VIIRS,n,2,307.53,2.94,D,0
18.5147,80.1563,332.67,0.4,0.37,2021-04-09,746,N20,VIIRS,l,2,306.8,1.89,D,0
18.51534,79.94498,334.31,0.41,0.37,2021-04-09,746,N20,VIIRS,l,2,308.54,2.92,D,0
18.51701,81.13971,335.85,0.39,0.36,2021-04-09,746,N20,VIIRS,n,2,304.52,2.05,D,0
18.51757,81.14336,334.44,0.39,0.36,2021-04-09,746,N20,VIIRS,n,2,303.15,3.38,D,0
18.51809,79.89723,343.87,0.41,0.37,2021-04-09,746,N20,VIIRS,n,2,310.09,6.14,D,0
18.51975,81.13552,331.23,0.39,0.36,2021-04-09,746,N20,VIIRS,l,2,305.39,2.05,D,0
18.52008,80.59344,339.12,0.39,0.36,2021-04-09,746,N20,VIIRS,l,2,310.35,2.82,D,0
18.52086,79.89278,338.05,0.41,0.37,2021-04-09,746,N20,VIIRS,l,2,308.64,5.69,D,0
18.52148,79.89663,344.88,0.41,0.37,2021-04-09,746,N20,VIIRS,n,2,309.94,6.14,D,0
18.52341,80.59287,342.16,0.39,0.36,2021-04-09,746,N20,VIIRS,n,2,310.43,2.82,D,0
18.52363,79.88833,347.64,0.41,0.37,2021-04-09,746,N20,VIIRS,n,2,307.4,6.08,D,0
18.524,80.59658,337.57,0.39,0.36,2021-04-09,746,N20,VIIRS,l,2,310.05,2.82,D,0
18.52425,79.89218,355.15,0.41,0.37,2021-04-09,746,N20,VIIRS,n,2,309.4,6.08,D,0
18.52474,81.1459,339.63,0.39,0.36,2021-04-09,746,N20,VIIRS,n,2,304.99,2.6,D,0
18.52564,81.28378,330.67,0.39,0.36,2021-04-09,746,N20,VIIRS,l,2,303.86,1.64,D,0
18.52805,81.14537,335.76,0.39,0.36,2021-04-09,746,N20,VIIRS,n,2,305.35,2.6,D,0
18.52861,81.14902,335.63,0.39,0.36,2021-04-09,746,N20,VIIRS,n,2,303.91,2.47,D,0
18.53079,81.14117,330.02,0.39,0.36,2021-04-09,746,N20,VIIRS,l,2,303.94,3.48,D,0
18.531,79.84737,337.16,0.41,0.37,2021-04-09,746,N20,VIIRS,l,2,307.48,3.74,D,0
18.53135,81.14482,350.15,0.39,0.36,2021-04-09,746,N20,VIIRS,n,2,305.69,3.48,D,0
18.54343,81.39957,330.13,0.39,0.36,2021-04-09,746,N20,VIIRS,l,2,304.77,1.31,D,0
18.557,81.28961,346.97,0.39,0.36,2021-04-09,746,N20,VIIRS,n,2,304.22,5.66,D,0
18.57824,81.31541,336.05,0.39,0.36,2021-04-09,746,N20,VIIRS,n,2,305.0,2.35,D,0
18.57845,80.07879,345.12,0.4,0.37,2021-04-09,746,N20,VIIRS,n,2,307.9,4.75,D,0
18.57913,81.23347,351.05,0.39,0.36,2021-04-09,746,N20,VIIRS,n,2,310.47,14.55,D,0
18.58097,80.98268,330.79,0.39,0.36,2021-04-09,746,N20,VIIRS,l,2,303.41,2.3,D,0
18.59117,80.91705,331.52,0.39,0.36,2021-04-09,746,N20,VIIRS,l,2,304.68,1.5,D,0
18.59386,80.15395,333.01,0.4,0.37,2021-04-09,746,N20,VIIRS,l,2,307.47,1.49,D,0
18.60882,80.81258,343.87,0.39,0.36,2021-04-09,746,N20,VIIRS,n,2,305.44,4.76,D,0
18.61214,80.81201,342.62,0.39,0.36,2021-04-09,746,N20,VIIRS,n,2,306.1,4.76,D,0
18.61641,80.09099,335.97,0.4,0.37,2021-04-09,746,N20,VIIRS,l,2,308.98,2.26,D,0
18.61702,80.09478,337.21,0.4,0.37,2021-04-09,746,N20,VIIRS,l,2,309.27,2.26,D,0
18.63666,80.94686,333.91,0.39,0.36,2021-04-09,746,N20,VIIRS,l,2,305.85,3.75,D,0
18.6435,80.19496,345.6,0.4,0.37,2021-04-09,746,N20,VIIRS,n,2,306.8,3.13,D,0
18.64685,80.19436,347.68,0.4,0.37,2021-04-09,746,N20,VIIRS,l,2,307.75,4.06,D,0
18.64946,80.96352,338.77,0.39,0.36,2021-04-09,746,N20,VIIRS,l,2,305.7,2.61,D,0
18.65021,80.19376,335.59,0.4,0.37,2021-04-09,746,N20,VIIRS,l,2,306.01,4.06,D,0
18.65277,80.96297,342.05,0.39,0.36,2021-04-09,746,N20,VIIRS,l,2,309.4,13.33,D,0
18.65608,80.96243,346.73,0.39,0.36,2021-04-09,746,N20,VIIRS,l,2,305.66,13.33,D,0
18.65632,80.70245,334.55,0.39,0.36,2021-04-09,746,N20,VIIRS,l,2,307.16,1.02,D,0
18.65813,80.20013,350.8,0.4,0.37,2021-04-09,746,N20,VIIRS,n,2,308.84,5.43,D,0
18.65825,80.95455,337.45,0.39,0.36,2021-04-09,746,N20,VIIRS,n,2,305.87,1.85,D,0
18.66488,80.95344,340.65,0.39,0.36,2021-04-09,746,N20,VIIRS,n,2,305.91,2.01,D,0
18.66819,80.95287,335.19,0.39,0.36,2021-04-09,746,N20,VIIRS,n,2,304.99,2.01,D,0
18.67044,80.74908,333.13,0.39,0.36,2021-04-09,746,N20,VIIRS,l,2,306.78,2.47,D,0
18.67477,80.52023,337.17,0.39,0.37,2021-04-09,746,N20,VIIRS,l,2,310.9,1.72,D,0
18.67538,80.95542,341.61,0.39,0.36,2021-04-09,746,N20,VIIRS,l,2,305.78,3.39,D,0
18.67595,80.95908,334.79,0.39,0.36,2021-04-09,746,N20,VIIRS,n,2,304.92,3.69,D,0
18.67652,80.96275,341.97,0.39,0.36,2021-04-09,746,N20,VIIRS,n,2,305.86,3.69,D,0
18.6781,80.51963,342.22,0.39,0.37,2021-04-09,746,N20,VIIRS,n,2,312.02,3.79,D,0
18.67982,80.96217,334.0,0.39,0.36,2021-04-09,746,N20,VIIRS,n,2,305.61,1.72,D,0
18.69245,80.82484,332.56,0.39,0.36,2021-04-09,746,N20,VIIRS,l,2,306.93,1.18,D,0
18.69416,80.83576,340.37,0.39,0.36,2021-04-09,746,N20,VIIRS,n,2,304.7,2.27,D,0
18.69548,81.17262,335.33,0.39,0.36,2021-04-09,746,N20,VIIRS,l,2,305.74,3.94,D,0
18.69934,81.17568,335.49,0.39,0.36,2021-04-09,746,N20,VIIRS,n,2,305.04,2.7,D,0
18.69975,80.84982,344.66,0.39,0.36,2021-04-09,746,N20,VIIRS,n,2,305.62,3.63,D,0
18.69991,81.17933,336.82,0.39,0.36,2021-04-09,746,N20,VIIRS,n,2,305.6,3.29,D,0
18.70676,80.93873,349.06,0.39,0.36,2021-04-09,746,N20,VIIRS,n,2,306.03,4.54,D,0
18.71838,81.10151,338.18,0.39,0.36,2021-04-09,746,N20,VIIRS,n,2,305.81,2.91,D,0
18.72169,81.10093,333.89,0.39,0.36,2021-04-09,746,N20,VIIRS,n,2,305.02,1.9,D,0
18.72222,80.3433,334.93,0.4,0.37,2021-04-09,746,N20,VIIRS,n,2,305.05,1.19,D,0
18.7278,81.11853,330.19,0.39,0.36,2021-04-09,746,N20,VIIRS,l,2,304.33,2.63,D,0
18.7319,79.93775,334.21,0.41,0.37,2021-04-09,746,N20,VIIRS,l,2,307.43,3.95,D,0
18.73272,81.1065,334.09,0.39,0.36,2021-04-09,746,N20,VIIRS,n,2,305.81,1.4,D,0
18.76875,80.90085,343.2,0.39,0.36,2021-04-09,746,N20,VIIRS,n,2,308.56,4.25,D,0
18.77148,79.87566,339.4,0.41,0.37,2021-04-09,746,N20,VIIRS,n,2,306.29,3.74,D,0
18.77206,80.90028,335.54,0.39,0.36,2021-04-09,746,N20,VIIRS,l,2,307.55,2.47,D,0
18.78283,80.14751,332.73,0.4,0.37,2021-04-09,746,N20,VIIRS,l,2,306.74,1.44,D,0
18.78619,80.14693,331.73,0.4,0.37,2021-04-09,746,N20,VIIRS,l,2,306.57,1.44,D,0
18.81206,77.74232,351.34,0.5,0.41,2021-04-09,746,N20,VIIRS,n,2,306.88,11.09,D,0
18.83743,80.42676,335.91,0.4,0.37,2021-04-09,746,N20,VIIRS,l,2,309.64,3.3,D,0
18.85047,80.08496,336.01,0.4,0.37,2021-04-09,746,N20,VIIRS,l,2,309.82,1.76,D,0
18.85658,80.07996,340.09,0.4,0.37,2021-04-09,746,N20,VIIRS,l,2,309.83,4.54,D,0
18.86827,80.90633,331.89,0.39,0.36,2021-04-09,746,N20,VIIRS,l,2,306.76,1.77,D,0
18.87483,81.01395,333.05,0.39,0.36,2021-04-09,746,N20,VIIRS,l,2,307.28,2.4,D,0
18.8838,81.04991,338.27,0.39,0.36,2021-04-09,746,N20,VIIRS,n,2,306.18,3.3,D,0
18.91794,81.22697,337.04,0.39,0.36,2021-04-09,746,N20,VIIRS,n,2,303.83,4.12,D,0
18.92062,81.0249,334.42,0.39,0.36,2021-04-09,746,N20,VIIRS,n,2,304.16,1.72,D,0
18.93512,80.50904,336.58,0.39,0.36,2021-04-09,746,N20,VIIRS,l,2,308.43,3.1,D,0
18.96684,80.13129,331.19,0.4,0.37,2021-04-09,746,N20,VIIRS,l,2,304.95,1.58,D,0
18.99034,80.40788,335.71,0.4,0.37,2021-04-09,746,N20,VIIRS,l,2,307.89,4.4,D,0
18.99394,81.30332,342.28,0.38,0.36,2021-04-09,746,N20,VIIRS,n,2,308.25,7.02,D,0
19.04411,80.3795,339.77,0.4,0.37,2021-04-09,746,N20,VIIRS,l,2,309.33,7.9,D,0
19.04744,80.3789,340.89,0.4,0.37,2021-04-09,746,N20,VIIRS,l,2,312.6,7.9,D,0
19.0502,80.37461,333.2,0.4,0.37,2021-04-09,746,N20,VIIRS,l,2,307.67,3.0,D,0
19.05078,80.37831,351.69,0.4,0.37,2021-04-09,746,N20,VIIRS,n,2,309.88,6.69,D,0
19.07412,80.35869,346.98,0.4,0.37,2021-04-09,746,N20,VIIRS,n,2,308.11,3.52,D,0
19.08064,81.38123,343.89,0.38,0.36,2021-04-09,746,N20,VIIRS,n,2,307.06,4.08,D,0
19.10173,78.63327,345.18,0.45,0.39,2021-04-09,746,N20,VIIRS,l,2,308.13,6.63,D,0
19.10526,78.63262,346.44,0.45,0.39,2021-04-09,746,N20,VIIRS,n,2,307.85,6.63,D,0
19.14681,81.01555,332.73,0.39,0.36,2021-04-09,746,N20,VIIRS,l,2,307.11,2.24,D,0
19.14959,81.20951,338.2,0.39,0.36,2021-04-09,746,N20,VIIRS,n,2,302.85,2.19,D,0
19.15011,81.01499,340.42,0.39,0.36,2021-04-09,746,N20,VIIRS,n,2,306.93,3.78,D,0
19.15599,81.42796,340.31,0.38,0.36,2021-04-09,746,N20,VIIRS,n,2,305.93,2.72,D,0
19.15822,80.8482,335.1,0.39,0.36,2021-04-09,746,N20,VIIRS,l,2,306.76,3.69,D,0
19.15879,80.85185,336.73,0.39,0.36,2021-04-09,746,N20,VIIRS,n,2,306.67,3.51,D,0
19.15946,81.00967,334.21,0.39,0.36,2021-04-09,746,N20,VIIRS,l,2,304.25,2.2,D,0
19.16607,81.00858,344.36,0.39,0.36,2021-04-09,746,N20,VIIRS,n,2,305.83,4.54,D,0
19.16949,81.00765,340.13,0.39,0.36,2021-04-09,746,N20,VIIRS,n,2,305.3,5.93,D,0
19.17006,81.01132,330.69,0.39,0.36,2021-04-09,746,N20,VIIRS,l,2,305.67,5.93,D,0
19.17064,81.01498,337.94,0.39,0.36,2021-04-09,746,N20,VIIRS,n,2,304.77,3.49,D,0
19.17337,81.01079,355.36,0.39,0.36,2021-04-09,746,N20,VIIRS,n,2,307.32,5.93,D,0
19.17394,81.01444,334.13,0.39,0.36,2021-04-09,746,N20,VIIRS,n,2,302.56,3.49,D,0
19.17697,81.16754,332.96,0.39,0.36,2021-04-09,746,N20,VIIRS,l,2,303.04,3.97,D,0
19.17753,80.493,343.02,0.39,0.36,2021-04-09,746,N20,VIIRS,n,2,312.73,2.66,D,0
19.17753,81.17118,332.06,0.39,0.36,2021-04-09,746,N20,VIIRS,l,2,302.35,2.34,D,0
19.18139,81.17428,339.49,0.39,0.36,2021-04-09,746,N20,VIIRS,n,2,302.31,5.17,D,0
19.21183,80.8653,338.47,0.39,0.36,2021-04-09,746,N20,VIIRS,n,2,303.95,3.12,D,0
19.22077,81.40957,340.88,0.38,0.36,2021-04-09,746,N20,VIIRS,n,2,306.58,2.66,D,0
19.22362,78.34521,341.19,0.46,0.39,2021-04-09,746,N20,VIIRS,l,2,308.31,6.93,D,0
19.22569,80.34662,344.03,0.4,0.37,2021-04-09,746,N20,VIIRS,n,2,310.75,6.96,D,0
19.22854,81.03883,351.47,0.39,0.36,2021-04-09,746,N20,VIIRS,n,2,309.36,10.47,D,0
19.22911,81.04249,339.6,0.39,0.36,2021-04-09,746,N20,VIIRS,n,2,307.13,4.56,D,0
19.2294,81.13216,332.3,0.39,0.36,2021-04-09,746,N20,VIIRS,n,2,302.77,3.37,D,0
19.23214,81.12797,334.58,0.39,0.36,2021-04-09,746,N20,VIIRS,n,2,302.43,4.4,D,0
19.23241,81.04193,339.4,0.39,0.36,2021-04-09,746,N20,VIIRS,n,2,306.86,4.56,D,0
19.2327,81.1316,335.62,0.39,0.36,2021-04-09,746,N20,VIIRS,n,2,301.47,3.37,D,0
19.23627,81.04503,347.62,0.39,0.36,2021-04-09,746,N20,VIIRS,n,2,307.35,16.17,D,0
19.23908,81.0632,333.01,0.39,0.36,2021-04-09,746,N20,VIIRS,l,2,303.06,2.05,D,0
19.23957,81.04447,352.63,0.39,0.36,2021-04-09,746,N20,VIIRS,n,2,313.28,16.17,D,0
19.23964,81.06683,333.28,0.39,0.36,2021-04-09,746,N20,VIIRS,n,2,302.15,2.05,D,0
19.24014,81.04813,348.96,0.39,0.36,2021-04-09,746,N20,VIIRS,n,2,307.31,5.75,D,0
19.2407,81.05178,334.3,0.39,0.36,2021-04-09,746,N20,VIIRS,l,2,306.0,5.75,D,0
19.24344,81.04757,334.34,0.39,0.36,2021-04-09,746,N20,VIIRS,n,2,300.07,2.41,D,0
19.244,81.05122,335.41,0.39,0.36,2021-04-09,746,N20,VIIRS,n,2,302.0,2.41,D,0
19.25116,81.05373,336.25,0.39,0.36,2021-04-09,746,N20,VIIRS,n,2,303.86,2.15,D,0
19.2543,80.44095,334.44,0.39,0.36,2021-04-09,746,N20,VIIRS,l,2,306.9,0.81,D,0
19.25854,80.04356,334.56,0.4,0.37,2021-04-09,746,N20,VIIRS,l,2,307.68,3.76,D,0
19.25944,81.06353,330.09,0.39,0.36,2021-04-09,746,N20,VIIRS,n,2,301.22,3.6,D,0
19.26,81.06714,352.44,0.39,0.36,2021-04-09,746,N20,VIIRS,n,2,300.87,7.34,D,0
19.2619,80.04296,339.9,0.4,0.37,2021-04-09,746,N20,VIIRS,l,2,307.24,4.67,D,0
19.26274,81.06297,343.67,0.39,0.36,2021-04-09,746,N20,VIIRS,n,2,304.22,3.6,D,0
19.2633,81.06658,367.0,0.39,0.36,2021-04-09,746,N20,VIIRS,h,2,302.38,7.34,D,0
19.2666,81.06602,336.71,0.39,0.36,2021-04-09,746,N20,VIIRS,n,2,300.48,3.84,D,0
19.2668,80.47688,333.62,0.39,0.36,2021-04-09,746,N20,VIIRS,l,2,307.83,1.88,D,0
19.26934,81.06184,349.24,0.39,0.36,2021-04-09,746,N20,VIIRS,n,2,303.99,5.28,D,0
19.27045,81.06908,339.43,0.39,0.36,2021-04-09,746,N20,VIIRS,n,2,301.94,3.84,D,0
19.27264,81.06126,346.28,0.39,0.36,2021-04-09,746,N20,VIIRS,n,2,304.11,7.95,D,0
19.27283,80.62396,346.0,0.39,0.36,2021-04-09,746,N20,VIIRS,n,2,308.57,3.8,D,0
19.27431,81.07214,338.21,0.39,0.36,2021-04-09,746,N20,VIIRS,n,2,303.16,3.82,D,0
19.27593,81.06068,346.42,0.39,0.36,2021-04-09,746,N20,VIIRS,n,2,306.31,7.95,D,0
19.27649,81.06432,333.19,0.39,0.36,2021-04-09,746,N20,VIIRS,n,2,302.55,5.84,D,0
19.27656,81.0867,335.03,0.39,0.36,2021-04-09,746,N20,VIIRS,n,2,300.79,2.02,D,0
19.27974,80.58109,348.79,0.39,0.36,2021-04-09,746,N20,VIIRS,n,2,309.69,6.38,D,0
19.27979,81.06374,345.42,0.39,0.36,2021-04-09,746,N20,VIIRS,n,2,307.17,5.65,D,0
19.28091,81.07101,342.62,0.39,0.36,2021-04-09,746,N20,VIIRS,n,2,307.13,76.46,D,0
19.2822,80.61854,333.67,0.39,0.36,2021-04-09,746,N20,VIIRS,l,2,306.2,2.21,D,0
19.28451,80.63328,344.82,0.39,0.36,2021-04-09,746,N20,VIIRS,n,2,309.03,3.74,D,0
19.28668,80.62533,343.52,0.39,0.36,2021-04-09,746,N20,VIIRS,n,2,307.87,3.0,D,0
19.28676,81.0619,337.79,0.39,0.36,2021-04-09,746,N20,VIIRS,l,2,308.15,7.26,D,0
19.28725,80.62902,338.44,0.39,0.36,2021-04-09,746,N20,VIIRS,l,2,308.13,3.0,D,0
19.28845,81.07281,336.94,0.39,0.36,2021-04-09,746,N20,VIIRS,n,2,306.16,3.87,D,0
19.28949,81.05768,339.27,0.39,0.36,2021-04-09,746,N20,VIIRS,n,2,308.17,5.47,D,0
19.28958,81.08011,332.5,0.39,0.36,2021-04-09,746,N20,VIIRS,n,2,301.08,6.92,D,0
19.29175,81.07226,338.4,0.39,0.36,2021-04-09,746,N20,VIIRS,n,2,304.19,3.87,D,0
19.29223,81.05349,342.5,0.39,0.36,2021-04-09,746,N20,VIIRS,n,2,306.3,5.71,D,0
19.29231,81.0759,356.13,0.39,0.36,2021-04-09,746,N20,VIIRS,n,2,307.94,6.92,D,0
19.2928,81.05714,345.63,0.39,0.36,2021-04-09,746,N20,VIIRS,n,2,309.31,5.71,D,0
19.29288,81.07955,338.63,0.39,0.36,2021-04-09,746,N20,VIIRS,n,2,302.63,6.92,D,0
19.2944,81.04564,334.56,0.39,0.36,2021-04-09,746,N20,VIIRS,l,2,305.6,3.45,D,0
19.29448,81.06805,340.56,0.39,0.36,2021-04-09,746,N20,VIIRS,n,2,306.43,4.09,D,0
19.29497,81.04929,344.98,0.39,0.36,2021-04-09,746,N20,VIIRS,n,2,307.83,3.45,D,0
19.29505,81.07169,342.89,0.39,0.36,2021-04-09,746,N20,VIIRS,n,2,306.24,4.09,D,0
19.29561,81.07534,346.86,0.39,0.36,2021-04-09,746,N20,VIIRS,n,2,305.07,8.58,D,0
19.2973,81.08627,340.83,0.39,0.36,2021-04-09,746,N20,VIIRS,n,2,302.33,5.47,D,0
19.2977,81.04507,341.83,0.39,0.36,2021-04-09,746,N20,VIIRS,n,2,306.76,4.38,D,0
19.29834,81.07113,336.6,0.39,0.36,2021-04-09,746,N20,VIIRS,n,2,305.52,4.09,D,0
19.29891,81.07478,348.04,0.39,0.36,2021-04-09,746,N20,VIIRS,n,2,306.62,8.58,D,0
19.29947,81.07842,335.91,0.39,0.36,2021-04-09,746,N20,VIIRS,n,2,303.16,8.58,D,0
19.30004,81.08207,354.55,0.39,0.36,2021-04-09,746,N20,VIIRS,n,2,304.84,5.47,D,0
19.3006,81.0857,344.9,0.39,0.36,2021-04-09,746,N20,VIIRS,n,2,302.3,5.47,D,0
19.301,81.04451,341.48,0.39,0.36,2021-04-09,746,N20,VIIRS,n,2,307.58,4.38,D,0
19.30115,80.09413,342.45,0.4,0.37,2021-04-09,746,N20,VIIRS,n,2,304.6,4.81,D,0
19.30157,81.04816,342.09,0.39,0.36,2021-04-09,746,N20,VIIRS,n,2,307.37,4.38,D,0
19.30213,81.0518,338.08,0.39,0.36,2021-04-09,746,N20,VIIRS,n,2,306.36,3.46,D,0
19.30221,81.07422,353.5,0.39,0.36,2021-04-09,746,N20,VIIRS,n,2,310.37,13.88,D,0
19.30269,81.05544,332.87,0.39,0.36,2021-04-09,746,N20,VIIRS,l,2,306.22,3.46,D,0
19.30277,81.07787,354.5,0.39,0.36,2021-04-09,746,N20,VIIRS,n,2,304.39,13.88,D,0
19.30334,81.08151,346.13,0.39,0.36,2021-04-09,746,N20,VIIRS,n,2,303.63,4.67,D,0
19.30382,81.06273,331.73,0.39,0.36,2021-04-09,746,N20,VIIRS,l,2,306.06,4.93,D,0
19.3039,81.08514,343.74,0.39,0.36,2021-04-09,746,N20,VIIRS,n,2,302.75,4.67,D,0
19.3043,81.04395,342.94,0.39,0.36,2021-04-09,746,N20,VIIRS,n,2,306.29,5.21,D,0
19.30486,81.0476,340.43,0.39,0.36,2021-04-09,746,N20,VIIRS,n,2,306.28,5.21,D,0
19.30494,81.07001,349.11,0.39,0.36,2021-04-09,746,N20,VIIRS,n,2,305.61,7.89,D,0
19.30502,81.09242,333.09,0.39,0.36,2021-04-09,746,N20,VIIRS,n,2,302.53,3.27,D,0
19.30543,81.05125,345.84,0.39,0.36,2021-04-09,746,N20,VIIRS,n,2,306.72,7.38,D,0
19.30551,81.07366,346.35,0.39,0.36,2021-04-09,746,N20,VIIRS,n,2,304.21,13.88,D,0
19.30599,81.05488,343.61,0.39,0.36,2021-04-09,746,N20,VIIRS,n,2,306.46,7.38,D,0
19.3072,81.08459,338.8,0.39,0.36,2021-04-09,746,N20,VIIRS,n,2,301.42,4.67,D,0
19.30776,81.08822,331.88,0.39,0.36,2021-04-09,746,N20,VIIRS,l,2,303.0,3.27,D,0
19.30794,80.76151,338.54,0.39,0.36,2021-04-09,746,N20,VIIRS,n,2,304.43,2.05,D,0
19.30816,81.04702,350.73,0.39,0.36,2021-04-09,746,N20,VIIRS,n,2,305.84,5.21,D,0
19.30824,81.06945,350.23,0.39,0.36,2021-04-09,746,N20,VIIRS,n,2,307.61,7.35,D,0
19.30832,81.09186,345.36,0.39,0.36,2021-04-09,746,N20,VIIRS,n,2,303.99,3.27,D,0
19.30881,81.0731,355.07,0.39,0.36,2021-04-09,746,N20,VIIRS,n,2,305.26,8.57,D,0
19.30888,81.0955,336.95,0.39,0.36,2021-04-09,746,N20,VIIRS,n,2,302.7,3.45,D,0
19.30937,81.07674,341.89,0.39,0.36,2021-04-09,746,N20,VIIRS,n,2,302.24,8.57,D,0
19.31042,81.06161,334.71,0.39,0.36,2021-04-09,746,N20,VIIRS,l,2,306.21,7.24,D,0
19.31049,81.08401,341.87,0.39,0.36,2021-04-09,746,N20,VIIRS,n,2,302.11,4.29,D,0
19.31098,81.06525,341.59,0.39,0.36,2021-04-09,746,N20,VIIRS,n,2,305.02,7.35,D,0
19.31106,81.08765,331.38,0.39,0.36,2021-04-09,746,N20,VIIRS,l,2,303.97,6.15,D,0
19.31146,81.04645,347.96,0.39,0.36,2021-04-09,746,N20,VIIRS,n,2,300.38,3.17,D,0
19.31162,81.0913,332.05,0.39,0.36,2021-04-09,746,N20,VIIRS,l,2,304.09,6.15,D,0
19.31267,81.07618,345.27,0.39,0.36,2021-04-09,746,N20,VIIRS,n,2,303.5,8.57,D,0
19.31315,81.0574,333.24,0.39,0.36,2021-04-09,746,N20,VIIRS,n,2,304.99,8.51,D,0
19.31323,81.07982,343.94,0.39,0.36,2021-04-09,746,N20,VIIRS,n,2,303.26,4.29,D,0
19.31371,81.06105,352.08,0.39,0.36,2021-04-09,746,N20,VIIRS,n,2,308.11,8.51,D,0
19.31379,81.08346,346.51,0.39,0.36,2021-04-09,746,N20,VIIRS,n,2,303.83,4.29,D,0
19.31435,81.0871,353.15,0.39,0.36,2021-04-09,746,N20,VIIRS,n,2,306.07,6.15,D,0
19.31492,81.09074,353.15,0.39,0.36,2021-04-09,746,N20,VIIRS,n,2,306.79,6.15,D,0
19.31548,81.09438,333.08,0.39,0.36,2021-04-09,746,N20,VIIRS,l,2,303.3,3.61,D,0
19.31589,81.05318,348.9,0.39,0.36,2021-04-09,746,N20,VIIRS,n,2,304.98,9.56,D,0
19.31596,81.07561,342.81,0.39,0.36,2021-04-09,746,N20,VIIRS,n,2,304.63,4.35,D,0
19.31645,81.05683,345.67,0.39,0.36,2021-04-09,746,N20,VIIRS,n,2,306.01,8.51,D,0
19.31701,81.06048,367.0,0.39,0.36,2021-04-09,746,N20,VIIRS,h,2,309.82,8.51,D,0
19.31709,81.08289,332.5,0.39,0.36,2021-04-09,746,N20,VIIRS,n,2,301.77,4.18,D,0
19.31758,81.06412,334.54,0.39,0.36,2021-04-09,746,N20,VIIRS,n,2,301.87,8.35,D,0
19.31821,81.09018,351.23,0.39,0.36,2021-04-09,746,N20,VIIRS,n,2,302.79,7.71,D,0
19.31878,81.09381,338.39,0.39,0.36,2021-04-09,746,N20,VIIRS,n,2,300.99,3.9,D,0
19.32031,81.05992,346.72,0.39,0.36,2021-04-09,746,N20,VIIRS,n,2,307.29,25.97,D,0
19.32368,81.08176,343.41,0.39,0.36,2021-04-09,746,N20,VIIRS,n,2,302.33,7.19,D,0
19.32537,81.09268,342.99,0.39,0.36,2021-04-09,746,N20,VIIRS,n,2,302.03,8.3,D,0
19.32698,81.08119,336.95,0.39,0.36,2021-04-09,746,N20,VIIRS,n,2,301.09,7.19,D,0
19.32866,81.09211,355.72,0.39,0.36,2021-04-09,746,N20,VIIRS,n,2,301.55,8.3,D,0
19.33028,81.08062,331.91,0.39,0.36,2021-04-09,746,N20,VIIRS,n,2,300.21,1.38,D,0
19.33091,81.10669,343.26,0.39,0.36,2021-04-09,746,N20,VIIRS,n,2,299.82,4.26,D,0
19.33252,81.09518,334.76,0.39,0.36,2021-04-09,746,N20,VIIRS,n,2,300.47,3.12,D,0
19.33536,80.33092,334.94,0.4,0.37,2021-04-09,746,N20,VIIRS,l,2,309.33,1.92,D,0
19.33582,81.09461,334.83,0.39,0.36,2021-04-09,746,N20,VIIRS,n,2,300.75,3.12,D,0
19.33884,80.54765,333.11,0.39,0.36,2021-04-09,746,N20,VIIRS,l,2,307.76,1.83,D,0
19.33968,81.09769,342.7,0.39,0.36,2021-04-09,746,N20,VIIRS,n,2,305.6,10.05,D,0
19.34024,81.10133,334.02,0.39,0.36,2021-04-09,746,N20,VIIRS,n,2,300.35,10.05,D,0
19.3663,80.85273,340.51,0.39,0.36,2021-04-09,746,N20,VIIRS,n,2,308.91,6.3,D,0
19.3697,79.23886,339.7,0.42,0.38,2021-04-09,746,N20,VIIRS,l,2,309.92,5.49,D,0
19.38452,81.01525,331.56,0.39,0.36,2021-04-09,746,N20,VIIRS,l,2,304.96,1.63,D,0
19.38464,80.99233,347.13,0.39,0.36,2021-04-09,746,N20,VIIRS,n,2,307.86,18.31,D,0
19.38508,81.01891,330.19,0.39,0.36,2021-04-09,746,N20,VIIRS,l,2,303.08,1.63,D,0
19.38521,80.99598,336.61,0.39,0.36,2021-04-09,746,N20,VIIRS,l,2,308.42,18.31,D,0
19.38578,80.99963,332.75,0.39,0.36,2021-04-09,746,N20,VIIRS,l,2,306.17,3.97,D,0
19.38747,81.01058,333.33,0.39,0.36,2021-04-09,746,N20,VIIRS,l,2,306.04,4.08,D,0
19.38794,80.99178,346.63,0.39,0.36,2021-04-09,746,N20,VIIRS,n,2,319.48,18.31,D,0
19.38851,80.99543,345.73,0.39,0.36,2021-04-09,746,N20,VIIRS,n,2,310.74,18.31,D,0
19.39124,80.99121,351.88,0.39,0.36,2021-04-09,746,N20,VIIRS,n,2,310.69,10.79,D,0
19.39181,80.99487,333.77,0.39,0.36,2021-04-09,746,N20,VIIRS,n,2,302.34,10.79,D,0
19.39454,80.99063,346.66,0.39,0.36,2021-04-09,746,N20,VIIRS,n,2,305.73,10.79,D,0
19.39784,80.99004,336.4,0.39,0.36,2021-04-09,746,N20,VIIRS,n,2,303.79,2.92,D,0
19.4033,80.98159,336.32,0.39,0.36,2021-04-09,746,N20,VIIRS,n,2,302.46,2.56,D,0
19.41028,80.44022,340.89,0.39,0.36,2021-04-09,746,N20,VIIRS,n,2,310.06,3.88,D,0
19.42476,81.14245,340.7,0.39,0.36,2021-04-09,746,N20,VIIRS,n,2,303.43,4.52,D,0
19.42862,81.14553,335.77,0.39,0.36,2021-04-09,746,N20,VIIRS,n,2,303.95,2.58,D,0
19.43191,81.14497,337.87,0.39,0.36,2021-04-09,746,N20,VIIRS,n,2,302.83,2.58,D,0
19.48912,80.87693,333.3,0.39,0.36,2021-04-09,746,N20,VIIRS,n,2,302.53,2.27,D,0
19.48969,80.88058,330.07,0.39,0.36,2021-04-09,746,N20,VIIRS,l,2,302.81,2.27,D,0
19.49083,80.88787,331.61,0.39,0.36,2021-04-09,746,N20,VIIRS,l,2,303.3,1.83,D,0
19.49515,80.87208,343.35,0.39,0.36,2021-04-09,746,N20,VIIRS,n,2,304.91,4.54,D,0
19.54049,80.79267,340.61,0.39,0.36,2021-04-09,746,N20,VIIRS,n,2,301.98,2.19,D,0
19.56248,80.78117,330.15,0.39,0.36,2021-04-09,746,N20,VIIRS,l,2,302.65,2.55,D,0
19.57308,80.80546,339.22,0.39,0.36,2021-04-09,746,N20,VIIRS,n,2,303.35,3.98,D,0
19.57365,80.80911,352.94,0.39,0.36,2021-04-09,746,N20,VIIRS,n,2,305.77,6.89,D,0
19.57422,80.81277,335.18,0.39,0.36,2021-04-09,746,N20,VIIRS,n,2,302.77,6.89,D,0
19.58414,80.81106,338.12,0.39,0.36,2021-04-09,746,N20,VIIRS,n,2,303.13,5.03,D,0
19.59652,81.04575,335.75,0.39,0.36,2021-04-09,746,N20,VIIRS,l,2,305.82,2.0,D,0
19.59851,80.81614,332.88,0.39,0.36,2021-04-09,746,N20,VIIRS,n,2,301.33,2.54,D,0
19.60143,81.03365,340.49,0.39,0.36,2021-04-09,746,N20,VIIRS,n,2,305.54,2.67,D,0
19.60311,81.04456,335.43,0.39,0.36,2021-04-09,746,N20,VIIRS,l,2,307.1,7.46,D,0
19.60367,81.0482,335.92,0.39,0.36,2021-04-09,746,N20,VIIRS,l,2,306.48,7.46,D,0
19.60473,81.03307,335.19,0.39,0.36,2021-04-09,746,N20,VIIRS,n,2,304.44,2.67,D,0
19.60641,81.04398,355.04,0.39,0.36,2021-04-09,746,N20,VIIRS,n,2,309.05,7.46,D,0
19.62317,81.0408,333.45,0.39,0.36,2021-04-09,746,N20,VIIRS,l,2,307.03,5.88,D,0
19.62462,80.98444,333.51,0.39,0.36,2021-04-09,746,N20,VIIRS,n,2,301.08,1.96,D,0
19.62647,81.04025,344.94,0.39,0.36,2021-04-09,746,N20,VIIRS,n,2,311.07,5.88,D,0
19.62703,81.04389,331.69,0.39,0.36,2021-04-09,746,N20,VIIRS,l,2,305.15,5.88,D,0
19.6301,80.97603,345.6,0.39,0.36,2021-04-09,746,N20,VIIRS,n,2,300.95,7.26,D,0
19.63438,79.17923,341.42,0.42,0.38,2021-04-09,746,N20,VIIRS,n,2,312.03,6.47,D,0
19.64811,80.93919,334.42,0.39,0.36,2021-04-09,746,N20,VIIRS,n,2,303.5,2.94,D,0
19.65197,80.94227,334.63,0.39,0.36,2021-04-09,746,N20,VIIRS,n,2,303.2,2.94,D,0
19.663,80.94788,334.27,0.39,0.36,2021-04-09,746,N20,VIIRS,l,2,304.49,3.58,D,0
19.66611,81.05589,331.01,0.39,0.36,2021-04-09,746,N20,VIIRS,l,2,303.3,3.1,D,0
19.67901,80.96387,330.01,0.39,0.36,2021-04-09,746,N20,VIIRS,l,2,301.33,1.31,D,0
19.743,80.89286,339.99,0.39,0.36,2021-04-09,746,N20,VIIRS,n,2,305.48,2.55,D,0
19.87205,77.03436,343.47,0.52,0.42,2021-04-09,746,N20,VIIRS,l,2,314.74,10.74,D,0
19.9248,78.97825,338.83,0.43,0.38,2021-04-09,746,N20,VIIRS,l,2,311.73,6.19,D,0
19.93256,79.28456,341.77,0.42,0.37,2021-04-09,746,N20,VIIRS,n,2,310.75,6.84,D,0
19.98746,79.42801,335.38,0.41,0.37,2021-04-09,746,N20,VIIRS,l,2,307.55,1.8,D,0
19.99136,79.1518,337.02,0.42,0.38,2021-04-09,746,N20,VIIRS,l,2,310.72,8.24,D,0
17.95639,80.80272,309.44,0.39,0.36,2021-04-09,2016,N20,VIIRS,n,2,293.7,1.2,N,2
18.10924,80.99468,309.5,0.39,0.36,2021-04-09,2016,N20,VIIRS,n,2,291.39,1.97,N,0
18.11488,80.99934,314.07,0.39,0.36,2021-04-09,2016,N20,VIIRS,n,2,292.27,2.17,N,0
18.11761,81.00358,311.95,0.39,0.36,2021-04-09,2016,N20,VIIRS,n,2,292.12,1.79,N,0
18.11971,81.01163,307.3,0.39,0.36,2021-04-09,2016,N20,VIIRS,n,2,291.61,1.53,N,0
18.12093,81.00417,314.63,0.39,0.36,2021-04-09,2016,N20,VIIRS,n,2,291.52,1.91,N,0
18.24002,80.98354,310.69,0.39,0.36,2021-04-09,2016,N20,VIIRS,n,2,291.56,1.97,N,0
18.26307,81.09381,307.46,0.39,0.37,2021-04-09,2016,N20,VIIRS,n,2,292.95,1.67,N,0
18.2817,81.29503,309.76,0.4,0.37,2021-04-09,2016,N20,VIIRS,n,2,292.33,0.73,N,0
18.2823,81.29132,305.06,0.4,0.37,2021-04-09,2016,N20,VIIRS,n,2,292.28,0.73,N,0
18.28408,81.29523,310.37,0.4,0.37,2021-04-09,2016,N20,VIIRS,n,2,292.31,0.91,N,0
18.2847,81.29153,313.4,0.4,0.37,2021-04-09,2016,N20,VIIRS,n,2,292.79,0.91,N,0
18.32866,81.29607,305.27,0.4,0.37,2021-04-09,2016,N20,VIIRS,n,2,293.07,0.94,N,0
18.33173,81.31926,304.89,0.4,0.37,2021-04-09,2016,N20,VIIRS,n,2,292.41,1.41,N,0
18.33474,81.30095,319.5,0.4,0.37,2021-04-09,2016,N20,VIIRS,n,2,294.28,2.91,N,0
18.33566,81.31625,312.46,0.4,0.37,2021-04-09,2016,N20,VIIRS,n,2,293.4,2.01,N,0
18.33627,81.31255,307.73,0.4,0.37,2021-04-09,2016,N20,VIIRS,n,2,293.27,1.21,N,0
18.33687,81.30889,314.63,0.4,0.37,2021-04-09,2016,N20,VIIRS,n,2,293.75,1.21,N,0
18.33748,81.30524,312.07,0.4,0.37,2021-04-09,2016,N20,VIIRS,n,2,293.93,1.84,N,0
18.3396,81.31324,314.08,0.4,0.37,2021-04-09,2016,N20,VIIRS,n,2,293.75,1.21,N,0
18.34021,81.30956,317.43,0.4,0.37,2021-04-09,2016,N20,VIIRS,n,2,293.52,1.21,N,0
18.34293,81.3139,309.73,0.4,0.37,2021-04-09,2016,N20,VIIRS,n,2,293.7,2.35,N,0
18.40427,81.39346,306.95,0.4,0.37,2021-04-09,2016,N20,VIIRS,n,2,292.08,0.84,N,0
18.40759,81.3942,308.7,0.4,0.37,2021-04-09,2016,N20,VIIRS,n,2,293.03,0.84,N,0
18.40822,81.3904,307.57,0.4,0.37,2021-04-09,2016,N20,VIIRS,n,2,293.34,0.84,N,0
18.4676,77.25037,306.22,0.44,0.38,2021-04-09,2016,N20,VIIRS,n,2,292.48,0.56,N,0
18.4915,77.05218,322.32,0.44,0.39,2021-04-09,2016,N20,VIIRS,n,2,292.88,2.08,N,0
18.51756,81.14243,310.11,0.39,0.37,2021-04-09,2016,N20,VIIRS,n,2,286.75,2.04,N,0
18.52927,81.15123,308.46,0.39,0.37,2021-04-09,2016,N20,VIIRS,n,2,287.94,1.75,N,0
18.53261,81.1518,310.57,0.39,0.37,2021-04-09,2016,N20,VIIRS,n,2,287.05,1.79,N,0
18.53321,81.14811,309.81,0.39,0.37,2021-04-09,2016,N20,VIIRS,n,2,289.27,1.45,N,0
18.53382,81.14443,308.18,0.39,0.36,2021-04-09,2016,N20,VIIRS,n,2,289.1,1.45,N,0
18.53715,81.14499,312.39,0.39,0.36,2021-04-09,2016,N20,VIIRS,n,2,287.28,1.45,N,0
18.77168,80.81255,309.24,0.39,0.36,2021-04-09,2016,N20,VIIRS,n,2,292.75,1.47,N,0
18.77499,80.81315,312.46,0.39,0.36,2021-04-09,2016,N20,VIIRS,n,2,292.37,1.47,N,0
18.78116,80.85931,308.24,0.39,0.36,2021-04-09,2016,N20,VIIRS,n,2,290.34,0.75,N,0
18.81584,81.2131,306.45,0.39,0.37,2021-04-09,2016,N20,VIIRS,n,2,288.49,2.45,N,0
18.91908,79.42362,321.97,0.39,0.36,2021-04-09,2016,N20,VIIRS,n,2,296.13,3.1,N,0
19.09899,78.63911,305.14,0.4,0.37,2021-04-09,2016,N20,VIIRS,n,2,293.67,0.81,N,0
19.10626,78.63647,310.17,0.4,0.37,2021-04-09,2016,N20,VIIRS,n,2,295.0,1.92,N,0
19.12019,78.68111,305.1,0.4,0.37,2021-04-09,2016,N20,VIIRS,n,2,294.06,1.15,N,0
19.12735,80.50488,308.71,0.39,0.36,2021-04-09,2016,N20,VIIRS,n,2,293.16,2.34,N,0
19.13065,80.50546,311.97,0.39,0.36,2021-04-09,2016,N20,VIIRS,n,2,293.31,2.34,N,0
19.13123,80.50183,311.84,0.39,0.36,2021-04-09,2016,N20,VIIRS,n,2,294.83,4.16,N,0
19.1566,80.85329,308.74,0.39,0.36,2021-04-09,2016,N20,VIIRS,n,2,290.92,2.34,N,0
19.1599,80.85388,312.41,0.39,0.36,2021-04-09,2016,N20,VIIRS,n,2,294.0,2.63,N,0
19.20004,79.04914,310.4,0.39,0.36,2021-04-09,2016,N20,VIIRS,n,2,295.12,1.75,N,0
19.20102,79.17807,313.14,0.39,0.36,2021-04-09,2016,N20,VIIRS,n,2,295.13,1.09,N,0
19.20994,80.69028,306.57,0.39,0.36,2021-04-09,2016,N20,VIIRS,n,2,294.66,0.4,N,0
19.2152,78.33126,314.54,0.41,0.37,2021-04-09,2016,N20,VIIRS,n,2,294.57,3.29,N,0
19.22085,78.33999,309.43,0.41,0.37,2021-04-09,2016,N20,VIIRS,n,2,294.72,2.6,N,0
19.22097,80.81207,311.18,0.39,0.36,2021-04-09,2016,N20,VIIRS,n,2,295.07,3.2,N,0
19.24547,77.73824,320.85,0.42,0.38,2021-04-09,2016,N20,VIIRS,n,2,294.22,1.96,N,0
19.24623,78.87775,309.96,0.39,0.37,2021-04-09,2016,N20,VIIRS,n,2,294.35,2.63,N,0
19.24735,78.87029,324.01,0.4,0.37,2021-04-09,2016,N20,VIIRS,n,2,295.06,4.29,N,0
19.24957,78.87832,309.98,0.39,0.37,2021-04-09,2016,N20,VIIRS,n,2,294.8,2.67,N,0
19.25013,78.8746,307.23,0.4,0.37,2021-04-09,2016,N20,VIIRS,n,2,294.87,3.31,N,0
19.29127,81.03143,325.97,0.39,0.36,2021-04-09,2016,N20,VIIRS,n,2,293.18,4.64,N,0
19.29458,81.032,310.56,0.39,0.36,2021-04-09,2016,N20,VIIRS,n,2,292.48,2.95,N,0
19.29517,81.02835,349.44,0.39,0.36,2021-04-09,2016,N20,VIIRS,n,2,294.43,2.95,N,0
19.29576,81.0247,325.26,0.39,0.36,2021-04-09,2016,N20,VIIRS,n,2,291.02,2.01,N,0
19.29789,81.03259,313.57,0.39,0.36,2021-04-09,2016,N20,VIIRS,n,2,291.19,2.95,N,0
19.29848,81.02895,321.54,0.39,0.36,2021-04-09,2016,N20,VIIRS,n,2,294.94,2.95,N,0
19.29907,81.02529,321.13,0.39,0.36,2021-04-09,2016,N20,VIIRS,n,2,291.68,2.01,N,0
19.29966,81.02164,305.37,0.39,0.36,2021-04-09,2016,N20,VIIRS,n,2,280.84,2.01,N,0
19.30179,81.02954,324.12,0.39,0.36,2021-04-09,2016,N20,VIIRS,n,2,293.76,2.63,N,0
19.30238,81.02589,312.52,0.39,0.36,2021-04-09,2016,N20,VIIRS,n,2,286.26,2.21,N,0
19.30451,81.03378,310.74,0.39,0.36,2021-04-09,2016,N20,VIIRS,n,2,291.39,2.63,N,0
19.30494,80.04728,313.25,0.38,0.36,2021-04-09,2016,N20,VIIRS,n,2,294.6,3.27,N,0
19.3051,81.03014,336.06,0.39,0.36,2021-04-09,2016,N20,VIIRS,n,2,295.4,2.63,N,0
19.30569,81.02647,339.02,0.39,0.36,2021-04-09,2016,N20,VIIRS,n,2,294.2,2.21,N,0
19.30628,81.0228,309.94,0.39,0.36,2021-04-09,2016,N20,VIIRS,n,2,280.62,2.21,N,0
19.3071,80.05511,313.64,0.38,0.36,2021-04-09,2016,N20,VIIRS,n,2,294.38,2.25,N,0
19.30869,80.06654,319.59,0.38,0.36,2021-04-09,2016,N20,VIIRS,n,2,294.97,4.59,N,0
19.30983,80.0593,311.46,0.38,0.36,2021-04-09,2016,N20,VIIRS,n,2,294.65,3.66,N,0
19.31039,80.05568,308.21,0.38,0.36,2021-04-09,2016,N20,VIIRS,n,2,293.83,2.25,N,0
19.3117,81.03087,310.63,0.39,0.36,2021-04-09,2016,N20,VIIRS,n,2,293.15,2.7,N,0
19.3129,81.02352,308.09,0.39,0.36,2021-04-09,2016,N20,VIIRS,n,2,283.13,2.8,N,0
19.31312,80.05987,321.34,0.38,0.36,2021-04-09,2016,N20,VIIRS,n,2,294.85,4.89,N,0
19.3134,80.74593,306.42,0.39,0.36,2021-04-09,2016,N20,VIIRS,n,2,294.72,3.92,N,0
19.3162,81.02412,312.38,0.39,0.36,2021-04-09,2016,N20,VIIRS,n,2,290.09,2.9,N,0
19.31766,80.03088,311.16,0.38,0.36,2021-04-09,2016,N20,VIIRS,n,2,294.81,3.02,N,0
19.31891,81.02838,308.85,0.39,0.36,2021-04-09,2016,N20,VIIRS,n,2,288.58,2.9,N,0
19.31951,81.02473,333.9,0.39,0.36,2021-04-09,2016,N20,VIIRS,n,2,294.36,2.9,N,0
19.32137,81.05517,317.93,0.39,0.36,2021-04-09,2016,N20,VIIRS,n,2,292.95,2.68,N,0
19.32222,81.02898,321.17,0.39,0.36,2021-04-09,2016,N20,VIIRS,n,2,286.36,4.28,N,0
19.32281,81.02532,335.94,0.39,0.36,2021-04-09,2016,N20,VIIRS,n,2,295.05,4.28,N,0
19.32316,81.04417,305.18,0.39,0.36,2021-04-09,2016,N20,VIIRS,n,2,288.43,1.67,N,0
19.32662,79.71203,312.3,0.39,0.36,2021-04-09,2016,N20,VIIRS,n,2,295.22,1.31,N,0
19.32705,81.04113,320.45,0.39,0.36,2021-04-09,2016,N20,VIIRS,n,2,292.13,1.6,N,0
19.32992,79.7126,313.53,0.39,0.36,2021-04-09,2016,N20,VIIRS,n,2,295.58,1.31,N,0
19.33036,81.04173,305.63,0.39,0.36,2021-04-09,2016,N20,VIIRS,n,2,285.89,1.6,N,0
19.33265,79.71679,307.27,0.39,0.36,2021-04-09,2016,N20,VIIRS,n,2,295.44,0.99,N,0
19.33321,79.71317,308.8,0.39,0.36,2021-04-09,2016,N20,VIIRS,n,2,295.19,0.99,N,0
19.33595,79.71735,317.22,0.39,0.36,2021-04-09,2016,N20,VIIRS,n,2,295.86,0.99,N,0
19.36088,80.70543,307.2,0.39,0.36,2021-04-09,2016,N20,VIIRS,n,2,295.3,1.77,N,0
19.40233,80.9754,310.37,0.39,0.36,2021-04-09,2016,N20,VIIRS,n,2,286.06,1.79,N,0
19.43183,81.06738,300.33,0.39,0.36,2021-04-09,2016,N20,VIIRS,n,2,280.04,0.89,N,0
19.46994,80.01598,309.15,0.38,0.36,2021-04-09,2016,N20,VIIRS,n,2,293.99,2.4,N,0
19.47574,79.44919,306.78,0.39,0.36,2021-04-09,2016,N20,VIIRS,n,2,295.43,0.48,N,0
19.47602,80.62111,325.65,0.39,0.36,2021-04-09,2016,N20,VIIRS,n,2,295.35,2.81,N,0
19.48421,80.86956,310.4,0.39,0.36,2021-04-09,2016,N20,VIIRS,n,2,293.35,1.24,N,0
19.49081,80.87074,311.22,0.39,0.36,2021-04-09,2016,N20,VIIRS,n,2,292.85,0.9,N,0
19.49506,80.88654,305.75,0.39,0.36,2021-04-09,2016,N20,VIIRS,n,2,291.77,0.84,N,0
19.52837,81.12217,307.4,0.39,0.36,2021-04-09,2016,N20,VIIRS,n,2,285.47,1.52,N,0
19.59674,81.03631,309.29,0.39,0.36,2021-04-09,2016,N20,VIIRS,n,2,291.91,1.45,N,0
19.59733,81.03262,311.46,0.39,0.36,2021-04-09,2016,N20,VIIRS,n,2,292.74,2.24,N,0
19.60004,81.03693,309.84,0.39,0.36,2021-04-09,2016,N20,VIIRS,n,2,292.42,1.57,N,0
19.63519,80.94519,309.14,0.39,0.36,2021-04-09,2016,N20,VIIRS,n,2,292.27,1.32,N,0
19.64512,77.44972,308.45,0.44,0.38,2021-04-09,2016,N20,VIIRS,n,2,292.81,0.71,N,0
19.69877,79.83163,307.53,0.39,0.36,2021-04-09,2016,N20,VIIRS,n,2,293.7,0.51,N,0
19.77087,78.06918,327.86,0.42,0.38,2021-04-09,2016,N20,VIIRS,n,2,297.33,3.59,N,0
19.78627,79.14896,312.09,0.39,0.36,2021-04-09,2016,N20,VIIRS,n,2,297.39,1.69,N,2
19.92065,79.11369,310.66,0.39,0.36,2021-04-09,2016,N20,VIIRS,n,2,295.98,1.25,N,2
19.96205,79.33338,304.89,0.39,0.36,2021-04-09,2016,N20,VIIRS,n,2,293.51,0.39,N,2
19.96537,79.33395,305.35,0.39,0.36,2021-04-09,2016,N20,VIIRS,n,2,293.88,0.39,N,2
15.58677,78.20428,310.63,0.39,0.36,2021-04-09,2017,N20,VIIRS,n,2,294.84,0.8,N,0
15.6351,78.77209,303.47,0.39,0.36,2021-04-09,2017,N20,VIIRS,n,2,290.77,0.79,N,0
15.65376,78.67616,325.96,0.39,0.36,2021-04-09,2017,N20,VIIRS,n,2,296.2,3.45,N,0
15.75733,78.66383,309.36,0.39,0.36,2021-04-09,2017,N20,VIIRS,n,2,293.17,1.38,N,0
15.96234,80.93982,305.73,0.4,0.37,2021-04-09,2017,N20,VIIRS,n,2,294.02,0.5,N,2
16.72676,80.1773,308.96,0.39,0.36,2021-04-09,2017,N20,VIIRS,n,2,292.79,0.38,N,0
17.57483,81.34531,305.44,0.4,0.37,2021-04-09,2017,N20,VIIRS,n,2,291.89,1.04,N,0
17.58231,80.31641,313.2,0.39,0.36,2021-04-09,2017,N20,VIIRS,n,2,293.98,1.55,N,2
17.58356,81.43948,304.82,0.41,0.37,2021-04-09,2017,N20,VIIRS,n,2,292.0,0.69,N,0
