latitude,longitude,bright_ti4,scan,track,acq_date,acq_time,satellite,instrument,confidence,version,bright_ti5,frp,daynight,type
16.01501,78.71297,343.09,0.79,0.78,2024-05-04,703,N20,VIIRS,n,2,302.21,10.64,D,0
16.01734,78.71024,344.83,0.79,0.78,2024-05-04,703,N20,VIIRS,n,2,303.07,8.16,D,0
16.13344,79.86961,336.05,0.66,0.73,2024-05-04,703,N20,VIIRS,n,2,296.01,4.06,D,0
16.1371,79.87368,336.55,0.66,0.73,2024-05-04,703,N20,VIIRS,n,2,296.02,2.53,D,0
16.26149,80.6943,351.86,0.58,0.7,2024-05-04,703,N20,VIIRS,n,2,296.38,8.85,D,0
16.26229,80.51438,332.91,0.6,0.7,2024-05-04,703,N20,VIIRS,n,2,295.72,3.72,D,0
16.26402,80.51446,333.5,0.59,0.7,2024-05-04,703,N20,VIIRS,n,2,295.68,4.64,D,0
16.29329,80.67616,330.86,0.58,0.7,2024-05-04,703,N20,VIIRS,n,2,295.93,6.46,D,0
16.29449,80.72543,341.36,0.58,0.69,2024-05-04,703,N20,VIIRS,n,2,295.77,5.74,D,0
16.29796,80.68037,332.17,0.58,0.7,2024-05-04,703,N20,VIIRS,n,2,295.86,4.55,D,0
16.30073,80.68,351.78,0.58,0.7,2024-05-04,703,N20,VIIRS,n,2,296.33,6.46,D,0
16.30423,80.67892,367.0,0.58,0.7,2024-05-04,703,N20,VIIRS,h,2,296.02,16.53,D,0
16.307,80.67857,347.34,0.58,0.7,2024-05-04,703,N20,VIIRS,n,2,296.07,16.3,D,0
16.30816,80.68385,332.3,0.58,0.7,2024-05-04,703,N20,VIIRS,n,2,295.61,8.95,D,0
16.31162,80.68275,351.11,0.58,0.7,2024-05-04,703,N20,VIIRS,n,2,295.85,13.23,D,0
16.31443,80.68242,367.0,0.58,0.7,2024-05-04,703,N20,VIIRS,h,2,295.53,8.95,D,0
16.31789,80.6813,351.79,0.58,0.7,2024-05-04,703,N20,VIIRS,n,2,295.89,7.53,D,0
16.3972,80.16935,335.67,0.62,0.72,2024-05-04,703,N20,VIIRS,n,2,295.42,3.07,D,0
16.43326,80.71573,331.68,0.57,0.69,2024-05-04,703,N20,VIIRS,n,2,295.43,4.35,D,0
16.43653,80.71383,331.37,0.57,0.69,2024-05-04,703,N20,VIIRS,n,2,295.61,4.74,D,0
16.46435,80.81071,337.93,0.56,0.69,2024-05-04,703,N20,VIIRS,n,2,295.06,3.85,D,0
16.46665,80.8114,350.64,0.56,0.69,2024-05-04,703,N20,VIIRS,n,2,295.48,7.87,D,0
16.47055,80.8093,337.8,0.56,0.69,2024-05-04,703,N20,VIIRS,n,2,295.96,4.57,D,0
16.50979,80.0979,337.06,0.63,0.72,2024-05-04,703,N20,VIIRS,n,2,296.15,2.48,D,0
16.51006,80.09852,336.76,0.63,0.72,2024-05-04,703,N20,VIIRS,n,2,295.74,2.4,D,0
16.55838,80.71615,336.07,0.57,0.69,2024-05-04,703,N20,VIIRS,n,2,295.64,7.6,D,0
16.56059,80.71252,331.18,0.57,0.69,2024-05-04,703,N20,VIIRS,n,2,295.81,7.57,D,0
16.5617,80.71774,355.43,0.57,0.69,2024-05-04,703,N20,VIIRS,n,2,295.6,11.16,D,0
16.56338,80.64924,340.18,0.57,0.69,2024-05-04,703,N20,VIIRS,n,2,296.35,6.35,D,0
16.56461,80.71476,347.77,0.57,0.69,2024-05-04,703,N20,VIIRS,n,2,296.5,7.6,D,0
16.56575,80.71996,331.45,0.57,0.69,2024-05-04,703,N20,VIIRS,n,2,296.19,11.34,D,0
16.56803,80.73038,334.21,0.57,0.69,2024-05-04,703,N20,VIIRS,n,2,295.29,2.11,D,0
16.56963,80.64781,342.73,0.57,0.69,2024-05-04,703,N20,VIIRS,n,2,296.26,9.08,D,0
16.57085,80.71338,341.61,0.57,0.69,2024-05-04,703,N20,VIIRS,n,2,295.75,8.7,D,0
16.57426,80.72897,339.74,0.57,0.69,2024-05-04,703,N20,VIIRS,n,2,295.71,7.14,D,0
16.69333,81.04075,342.01,0.54,0.68,2024-05-04,703,N20,VIIRS,n,2,295.12,5.29,D,0
16.75486,79.40445,332.12,0.69,0.74,2024-05-04,703,N20,VIIRS,n,2,297.5,2.31,D,0
16.8263,80.51457,336.11,0.58,0.7,2024-05-04,703,N20,VIIRS,n,2,295.11,4.95,D,0
16.94327,80.10078,334.37,0.61,0.71,2024-05-04,703,N20,VIIRS,n,2,295.56,3.55,D,0
16.94387,80.09998,334.57,0.61,0.71,2024-05-04,703,N20,VIIRS,n,2,295.39,4.11,D,0
16.94528,80.54785,333.57,0.57,0.69,2024-05-04,703,N20,VIIRS,n,2,295.56,7.21,D,0
16.94785,80.54468,330.19,0.57,0.69,2024-05-04,703,N20,VIIRS,n,2,295.38,6.13,D,0
16.96221,80.12599,334.71,0.61,0.71,2024-05-04,703,N20,VIIRS,n,2,295.45,4.13,D,0
16.96299,80.12516,334.7,0.61,0.71,2024-05-04,703,N20,VIIRS,n,2,295.36,3.23,D,0
16.97034,80.69505,330.46,0.56,0.69,2024-05-04,703,N20,VIIRS,n,2,295.44,4.0,D,0
16.98712,80.14295,336.91,0.61,0.71,2024-05-04,703,N20,VIIRS,n,2,295.81,3.69,D,0
17.03756,80.18916,353.11,0.6,0.71,2024-05-04,703,N20,VIIRS,n,2,296.45,11.81,D,0
17.05242,80.22642,338.03,0.6,0.71,2024-05-04,703,N20,VIIRS,n,2,296.53,8.94,D,0
17.0605,81.35344,330.91,0.51,0.66,2024-05-04,703,N20,VIIRS,n,2,295.02,6.67,D,0
17.07051,80.89712,337.93,0.54,0.68,2024-05-04,703,N20,VIIRS,n,2,295.52,4.81,D,0
17.07187,80.28478,335.65,0.59,0.7,2024-05-04,703,N20,VIIRS,n,2,296.22,2.57,D,0
17.0826,80.24253,332.61,0.6,0.7,2024-05-04,703,N20,VIIRS,n,2,297.28,4.52,D,0
17.09321,80.19933,334.99,0.6,0.71,2024-05-04,703,N20,VIIRS,n,2,296.43,2.91,D,0
17.09396,80.19675,342.12,0.6,0.71,2024-05-04,703,N20,VIIRS,n,2,296.54,4.52,D,0
17.11671,80.8134,330.21,0.55,0.68,2024-05-04,703,N20,VIIRS,n,2,295.25,4.81,D,0
17.12748,80.13688,330.29,0.61,0.71,2024-05-04,703,N20,VIIRS,n,2,296.27,2.95,D,0
17.13737,80.02929,334.73,0.61,0.71,2024-05-04,703,N20,VIIRS,n,2,295.72,3.13,D,0
17.13788,80.02843,335.8,0.61,0.71,2024-05-04,703,N20,VIIRS,n,2,295.29,4.17,D,0
17.25773,81.26083,332.96,0.51,0.66,2024-05-04,703,N20,VIIRS,n,2,294.83,4.7,D,0
17.6269,79.52385,331.61,0.65,0.73,2024-05-04,703,N20,VIIRS,n,2,298.92,2.42,D,0
17.69568,80.28388,347.34,0.58,0.69,2024-05-04,703,N20,VIIRS,n,2,296.09,6.33,D,0
17.69843,80.26658,333.49,0.58,0.7,2024-05-04,703,N20,VIIRS,n,2,295.21,3.88,D,0
17.71473,79.64314,336.53,0.63,0.72,2024-05-04,703,N20,VIIRS,n,2,298.19,4.79,D,0
17.71541,79.64361,336.59,0.63,0.72,2024-05-04,703,N20,VIIRS,n,2,297.9,5.17,D,0
17.74281,79.88874,335.18,0.61,0.71,2024-05-04,703,N20,VIIRS,n,2,297.26,3.37,D,0
17.7436,79.88746,331.96,0.61,0.71,2024-05-04,703,N20,VIIRS,n,2,296.7,3.33,D,0
17.77424,79.93333,331.04,0.6,0.71,2024-05-04,703,N20,VIIRS,n,2,296.59,1.74,D,0
17.77651,80.48215,332.57,0.56,0.69,2024-05-04,703,N20,VIIRS,n,2,296.32,3.61,D,0
17.77834,80.4817,331.94,0.56,0.69,2024-05-04,703,N20,VIIRS,n,2,296.32,2.42,D,0
17.81294,79.74667,337.11,0.62,0.71,2024-05-04,703,N20,VIIRS,n,2,297.59,6.78,D,0
17.8406,79.87045,334.08,0.61,0.71,2024-05-04,703,N20,VIIRS,n,2,296.86,5.27,D,0
17.86766,79.71951,333.34,0.62,0.72,2024-05-04,703,N20,VIIRS,n,2,297.7,4.18,D,0
17.89328,79.80273,343.79,0.61,0.71,2024-05-04,703,N20,VIIRS,n,2,297.53,7.7,D,0
17.91112,79.64211,332.18,0.63,0.72,2024-05-04,703,N20,VIIRS,n,2,298.2,2.91,D,0
17.91139,79.64257,332.2,0.63,0.72,2024-05-04,703,N20,VIIRS,n,2,298.28,3.73,D,0
17.93479,79.03588,336.4,0.69,0.74,2024-05-04,703,N20,VIIRS,n,2,298.57,2.72,D,0
18.098,78.10376,341.58,0.78,0.78,2024-05-04,703,N20,VIIRS,n,2,304.46,5.74,D,0
18.10083,78.10387,339.44,0.78,0.78,2024-05-04,703,N20,VIIRS,n,2,304.12,5.13,D,0
18.13566,78.23003,334.34,0.77,0.77,2024-05-04,703,N20,VIIRS,n,2,303.45,5.88,D,0
18.1377,78.23043,334.76,0.77,0.77,2024-05-04,703,N20,VIIRS,n,2,304.29,4.24,D,0
18.26935,79.72475,333.04,0.61,0.71,2024-05-04,703,N20,VIIRS,n,2,298.16,3.78,D,0
18.27038,78.06172,334.87,0.78,0.78,2024-05-04,703,N20,VIIRS,l,2,306.67,7.55,D,0
18.59729,78.28293,330.56,0.74,0.76,2024-05-04,703,N20,VIIRS,l,2,303.74,5.04,D,0
19.21696,81.27103,349.61,0.46,0.64,2024-05-04,703,N20,VIIRS,n,2,305.51,6.86,D,0
19.22286,81.27045,341.57,0.46,0.64,2024-05-04,703,N20,VIIRS,n,2,304.93,6.86,D,0
19.2327,81.17651,367.0,0.47,0.64,2024-05-04,703,N20,VIIRS,h,2,301.21,29.03,D,0
19.23366,81.18095,333.31,0.47,0.64,2024-05-04,703,N20,VIIRS,n,2,297.95,29.03,D,0
19.23755,81.17094,354.05,0.47,0.64,2024-05-04,703,N20,VIIRS,n,2,301.16,39.13,D,0
19.23849,81.17531,345.29,0.47,0.64,2024-05-04,703,N20,VIIRS,n,2,307.56,29.03,D,0
19.23945,81.17972,367.0,0.47,0.64,2024-05-04,703,N20,VIIRS,h,2,298.97,29.03,D,0
19.24245,81.16556,367.0,0.47,0.64,2024-05-04,703,N20,VIIRS,h,2,299.51,28.99,D,0
19.24338,81.16989,346.91,0.47,0.64,2024-05-04,703,N20,VIIRS,n,2,301.02,28.99,D,0
19.24431,81.17421,353.7,0.47,0.64,2024-05-04,703,N20,VIIRS,n,2,306.62,39.52,D,0
19.24524,81.17854,344.82,0.47,0.64,2024-05-04,703,N20,VIIRS,n,2,297.74,39.52,D,0
18.59039,77.83632,348.56,0.79,0.78,2024-05-04,704,N20,VIIRS,n,2,311.83,11.41,D,0
18.59473,77.84196,347.96,0.79,0.78,2024-05-04,704,N20,VIIRS,n,2,307.99,6.77,D,0
18.66177,78.43552,347.9,0.72,0.76,2024-05-04,704,N20,VIIRS,n,2,307.9,9.69,D,0
18.71952,78.4982,352.0,0.72,0.75,2024-05-04,704,N20,VIIRS,n,2,303.37,5.9,D,0
18.72088,78.4982,367.0,0.71,0.75,2024-05-04,704,N20,VIIRS,h,2,304.08,17.45,D,0
18.72108,78.50491,330.62,0.71,0.75,2024-05-04,704,N20,VIIRS,l,2,302.67,5.9,D,0
18.79135,78.12936,331.71,0.75,0.77,2024-05-04,704,N20,VIIRS,l,2,303.29,2.76,D,0
18.79265,78.12977,331.46,0.75,0.77,2024-05-04,704,N20,VIIRS,l,2,303.44,4.81,D,0
18.80125,78.17074,337.29,0.75,0.77,2024-05-04,704,N20,VIIRS,n,2,305.14,4.71,D,0
18.80231,78.17126,336.36,0.75,0.77,2024-05-04,704,N20,VIIRS,n,2,305.37,4.51,D,0
18.88511,78.52267,331.87,0.71,0.75,2024-05-04,704,N20,VIIRS,l,2,305.87,3.79,D,0
18.92572,78.44644,335.22,0.71,0.75,2024-05-04,704,N20,VIIRS,l,2,309.0,6.64,D,0
19.01364,77.91362,335.74,0.77,0.77,2024-05-04,704,N20,VIIRS,l,2,309.61,11.46,D,0
19.23263,81.17756,367.0,0.47,0.64,2024-05-04,704,N20,VIIRS,h,2,301.09,38.63,D,0
19.23746,81.17204,348.3,0.47,0.64,2024-05-04,704,N20,VIIRS,n,2,304.14,63.61,D,0
19.23843,81.17638,351.72,0.47,0.64,2024-05-04,704,N20,VIIRS,n,2,307.25,38.63,D,0
19.23942,81.18082,334.23,0.47,0.64,2024-05-04,704,N20,VIIRS,n,2,297.8,38.63,D,0
19.24137,81.16237,351.4,0.47,0.64,2024-05-04,704,N20,VIIRS,n,2,299.21,13.21,D,0
19.2417,80.9156,367.0,0.49,0.65,2024-05-04,704,N20,VIIRS,h,2,298.79,9.11,D,0
19.24232,81.16666,346.5,0.47,0.64,2024-05-04,704,N20,VIIRS,n,2,297.9,44.16,D,0
19.24329,81.17098,340.69,0.47,0.64,2024-05-04,704,N20,VIIRS,n,2,304.41,44.16,D,0
19.24425,81.17529,367.0,0.47,0.64,2024-05-04,704,N20,VIIRS,h,2,303.61,58.82,D,0
19.24535,80.90421,336.66,0.49,0.65,2024-05-04,704,N20,VIIRS,n,2,299.31,16.2,D,0
19.25118,80.90273,350.14,0.49,0.65,2024-05-04,704,N20,VIIRS,n,2,303.78,16.2,D,0
19.25215,80.90713,367.0,0.49,0.65,2024-05-04,704,N20,VIIRS,h,2,301.83,30.0,D,0
19.26577,81.24501,332.14,0.46,0.64,2024-05-04,704,N20,VIIRS,n,2,300.64,4.45,D,0
19.28421,80.89301,346.82,0.49,0.65,2024-05-04,704,N20,VIIRS,n,2,300.02,10.96,D,0
19.28632,80.89451,367.0,0.49,0.65,2024-05-04,704,N20,VIIRS,h,2,299.82,9.41,D,0
19.40483,81.07845,346.67,0.47,0.64,2024-05-04,704,N20,VIIRS,n,2,299.22,12.56,D,0
19.40578,81.08282,341.02,0.47,0.64,2024-05-04,704,N20,VIIRS,n,2,297.7,7.56,D,0
19.44306,81.06165,340.0,0.47,0.64,2024-05-04,704,N20,VIIRS,n,2,302.51,10.02,D,0
19.44406,81.0661,367.0,0.47,0.64,2024-05-04,704,N20,VIIRS,h,2,302.78,8.51,D,0
19.44435,81.0647,367.0,0.47,0.64,2024-05-04,704,N20,VIIRS,h,2,302.94,10.04,D,0
19.44509,81.0707,337.31,0.47,0.64,2024-05-04,704,N20,VIIRS,n,2,299.56,8.51,D,0
19.44535,81.06936,355.28,0.47,0.64,2024-05-04,704,N20,VIIRS,n,2,301.23,10.04,D,0
19.4507,81.06866,333.61,0.47,0.64,2024-05-04,704,N20,VIIRS,n,2,301.79,7.84,D,0
19.45167,81.07301,349.63,0.47,0.64,2024-05-04,704,N20,VIIRS,n,2,301.41,8.65,D,0
19.45192,81.07167,350.89,0.47,0.64,2024-05-04,704,N20,VIIRS,n,2,302.55,9.49,D,0
19.47456,81.0116,344.78,0.48,0.64,2024-05-04,704,N20,VIIRS,n,2,304.95,15.28,D,0
19.47555,81.01608,367.0,0.48,0.64,2024-05-04,704,N20,VIIRS,h,2,306.07,15.28,D,0
19.48414,80.91624,341.63,0.48,0.65,2024-05-04,704,N20,VIIRS,n,2,300.45,5.09,D,0
19.50404,80.87345,333.37,0.48,0.65,2024-05-04,704,N20,VIIRS,n,2,300.7,2.55,D,0
19.50537,80.87308,332.48,0.49,0.65,2024-05-04,704,N20,VIIRS,n,2,300.54,2.57,D,0
19.51092,80.87675,330.58,0.48,0.65,2024-05-04,704,N20,VIIRS,n,2,297.63,2.55,D,0
19.51121,80.95985,350.46,0.48,0.65,2024-05-04,704,N20,VIIRS,n,2,300.87,9.0,D,0
19.51194,80.95955,351.62,0.48,0.65,2024-05-04,704,N20,VIIRS,n,2,301.76,8.24,D,0
19.51222,80.8764,330.03,0.48,0.65,2024-05-04,704,N20,VIIRS,n,2,297.83,2.57,D,0
19.51779,80.93467,342.98,0.48,0.65,2024-05-04,704,N20,VIIRS,n,2,302.44,6.47,D,0
19.5187,80.93443,336.6,0.48,0.65,2024-05-04,704,N20,VIIRS,n,2,302.0,5.69,D,0
19.52245,77.65507,340.17,0.78,0.78,2024-05-04,704,N20,VIIRS,n,2,307.83,9.27,D,0
19.58711,80.86055,334.45,0.48,0.65,2024-05-04,704,N20,VIIRS,n,2,301.9,6.04,D,0
19.61114,80.89277,333.01,0.48,0.65,2024-05-04,704,N20,VIIRS,n,2,304.68,3.84,D,0
19.76035,79.55772,330.04,0.58,0.7,2024-05-04,704,N20,VIIRS,l,2,304.5,4.77,D,0
19.76382,79.55637,334.27,0.58,0.7,2024-05-04,704,N20,VIIRS,n,2,303.12,5.29,D,0
19.81606,80.93921,330.66,0.47,0.64,2024-05-04,704,N20,VIIRS,l,2,301.39,2.78,D,0
19.8428,80.02479,331.71,0.54,0.68,2024-05-04,704,N20,VIIRS,l,2,306.45,3.97,D,0
19.89273,79.90537,333.67,0.55,0.68,2024-05-04,704,N20,VIIRS,l,2,306.43,3.82,D,0
19.9227,80.82237,367.0,0.48,0.65,2024-05-04,704,N20,VIIRS,h,2,300.66,16.93,D,0
19.92293,80.81949,354.83,0.48,0.65,2024-05-04,704,N20,VIIRS,n,2,302.87,11.31,D,0
19.924,80.8244,341.55,0.48,0.65,2024-05-04,704,N20,VIIRS,n,2,299.7,11.31,D,0
19.93416,80.81495,335.31,0.48,0.65,2024-05-04,704,N20,VIIRS,n,2,301.87,4.9,D,0
19.96261,79.87542,335.04,0.55,0.68,2024-05-04,704,N20,VIIRS,l,2,307.93,3.56,D,0
15.52571,78.39567,337.06,0.44,0.62,2024-05-04,843,N20,VIIRS,l,2,310.15,8.9,D,0
15.55741,79.45874,367.0,0.52,0.67,2024-05-04,843,N20,VIIRS,h,2,304.26,18.07,D,0
15.55767,79.46097,367.0,0.52,0.67,2024-05-04,843,N20,VIIRS,h,2,303.46,17.6,D,0
15.88227,77.8206,342.71,0.41,0.6,2024-05-04,843,N20,VIIRS,n,2,312.48,6.65,D,0
15.88533,77.79704,345.62,0.41,0.6,2024-05-04,843,N20,VIIRS,n,2,312.34,5.52,D,0
15.89709,77.90472,347.33,0.41,0.61,2024-05-04,843,N20,VIIRS,n,2,312.39,7.86,D,0
15.92807,77.36984,340.77,0.38,0.59,2024-05-04,843,N20,VIIRS,l,2,314.81,2.68,D,0
15.95069,77.57652,339.3,0.39,0.6,2024-05-04,843,N20,VIIRS,l,2,314.15,1.5,D,0
16.00693,79.29452,336.14,0.51,0.66,2024-05-04,843,N20,VIIRS,n,2,300.41,4.02,D,0
16.15659,77.88371,343.25,0.41,0.61,2024-05-04,843,N20,VIIRS,l,2,314.37,7.28,D,0
16.17343,77.88189,367.0,0.41,0.61,2024-05-04,843,N20,VIIRS,h,2,317.03,101.96,D,0
16.1817,78.14616,338.11,0.43,0.62,2024-05-04,843,N20,VIIRS,l,2,312.13,5.67,D,0
16.1837,78.14558,343.17,0.43,0.62,2024-05-04,843,N20,VIIRS,n,2,312.17,6.04,D,0
16.22968,77.67332,367.0,0.4,0.6,2024-05-04,843,N20,VIIRS,h,2,315.73,16.21,D,0
16.22977,77.67296,356.77,0.4,0.6,2024-05-04,843,N20,VIIRS,n,2,315.68,8.06,D,0
16.23019,77.67677,343.36,0.4,0.6,2024-05-04,843,N20,VIIRS,n,2,312.36,6.08,D,0
16.24532,80.67024,340.95,0.64,0.72,2024-05-04,843,N20,VIIRS,n,2,295.1,5.85,D,0
16.26151,80.69923,367.0,0.64,0.72,2024-05-04,843,N20,VIIRS,h,2,295.56,19.11,D,0
16.27087,77.05619,345.35,0.37,0.58,2024-05-04,843,N20,VIIRS,n,2,314.65,9.23,D,0
16.27221,77.05576,351.83,0.37,0.58,2024-05-04,843,N20,VIIRS,n,2,315.77,10.9,D,0
16.27623,78.23987,343.28,0.44,0.62,2024-05-04,843,N20,VIIRS,n,2,311.17,5.94,D,0
16.29116,80.7271,335.89,0.64,0.72,2024-05-04,843,N20,VIIRS,n,2,295.12,4.13,D,0
16.29476,80.72602,347.94,0.64,0.72,2024-05-04,843,N20,VIIRS,n,2,295.11,12.06,D,0
16.29766,80.68287,331.58,0.64,0.72,2024-05-04,843,N20,VIIRS,n,2,295.15,3.56,D,0
16.29786,80.72649,340.77,0.64,0.72,2024-05-04,843,N20,VIIRS,n,2,295.09,4.37,D,0
16.29844,80.73257,330.22,0.64,0.72,2024-05-04,843,N20,VIIRS,n,2,295.26,4.37,D,0
16.30047,80.68346,330.03,0.64,0.72,2024-05-04,843,N20,VIIRS,n,2,295.38,6.86,D,0
16.30201,80.73148,330.02,0.64,0.72,2024-05-04,843,N20,VIIRS,n,2,294.78,6.98,D,0
16.31384,80.68227,334.77,0.64,0.72,2024-05-04,843,N20,VIIRS,n,2,295.41,6.0,D,0
16.32517,77.36128,348.01,0.38,0.59,2024-05-04,843,N20,VIIRS,n,2,315.22,12.88,D,0
16.34023,80.06847,335.36,0.58,0.7,2024-05-04,843,N20,VIIRS,n,2,296.23,2.15,D,0
16.36462,80.75031,333.07,0.65,0.73,2024-05-04,843,N20,VIIRS,n,2,294.73,6.18,D,0
16.36519,80.75647,345.06,0.65,0.73,2024-05-04,843,N20,VIIRS,n,2,294.34,6.18,D,0
16.37187,77.59097,340.97,0.4,0.6,2024-05-04,843,N20,VIIRS,l,2,315.16,9.51,D,0
16.37887,79.86041,331.26,0.57,0.69,2024-05-04,843,N20,VIIRS,n,2,296.81,2.88,D,0
16.4031,77.32011,367.0,0.38,0.59,2024-05-04,843,N20,VIIRS,h,2,317.32,16.35,D,0
16.40521,77.31972,367.0,0.38,0.59,2024-05-04,843,N20,VIIRS,h,2,318.95,14.83,D,0
16.42692,80.7298,332.09,0.65,0.73,2024-05-04,843,N20,VIIRS,n,2,294.68,7.25,D,0
16.43523,77.91894,353.44,0.42,0.61,2024-05-04,843,N20,VIIRS,n,2,315.98,10.87,D,0
16.44021,77.60255,367.0,0.4,0.6,2024-05-04,843,N20,VIIRS,h,2,312.47,10.19,D,0
16.44033,77.60281,367.0,0.4,0.6,2024-05-04,843,N20,VIIRS,h,2,310.89,4.24,D,0
16.49485,77.00932,367.0,0.37,0.58,2024-05-04,843,N20,VIIRS,h,2,320.47,9.69,D,0
16.55448,80.71831,338.15,0.65,0.73,2024-05-04,843,N20,VIIRS,n,2,294.63,5.74,D,0
16.55787,80.71694,349.29,0.65,0.73,2024-05-04,843,N20,VIIRS,n,2,295.2,9.62,D,0
16.55842,80.72298,333.07,0.65,0.73,2024-05-04,843,N20,VIIRS,n,2,294.91,9.62,D,0
16.56698,78.2695,338.75,0.45,0.63,2024-05-04,843,N20,VIIRS,n,2,303.1,4.62,D,0
16.66828,79.45156,340.89,0.54,0.67,2024-05-04,843,N20,VIIRS,n,2,298.79,7.95,D,0
16.68914,77.16775,354.77,0.38,0.58,2024-05-04,843,N20,VIIRS,n,2,315.64,8.56,D,0
16.72065,80.27518,348.87,0.61,0.71,2024-05-04,843,N20,VIIRS,n,2,295.67,8.97,D,0
16.72131,80.27654,350.0,0.61,0.71,2024-05-04,843,N20,VIIRS,n,2,295.9,8.56,D,0
16.73569,77.06863,367.0,0.37,0.58,2024-05-04,843,N20,VIIRS,h,2,320.63,10.72,D,0
16.73606,77.07214,347.7,0.37,0.58,2024-05-04,843,N20,VIIRS,n,2,315.72,6.9,D,0
16.89514,80.45084,332.29,0.63,0.72,2024-05-04,843,N20,VIIRS,n,2,294.32,4.15,D,0
16.89982,80.44977,330.83,0.63,0.72,2024-05-04,843,N20,VIIRS,n,2,294.12,6.29,D,0
16.98298,80.20311,336.66,0.61,0.71,2024-05-04,843,N20,VIIRS,n,2,297.06,8.73,D,0
16.98387,80.20592,331.26,0.61,0.71,2024-05-04,843,N20,VIIRS,n,2,297.0,7.04,D,0
17.03479,80.1922,334.59,0.61,0.71,2024-05-04,843,N20,VIIRS,n,2,297.12,6.69,D,0
17.04134,80.19164,342.77,0.61,0.71,2024-05-04,843,N20,VIIRS,n,2,295.72,6.69,D,0
17.09335,80.11338,341.04,0.6,0.71,2024-05-04,843,N20,VIIRS,n,2,295.28,9.17,D,0
17.09365,80.11742,332.84,0.6,0.7,2024-05-04,843,N20,VIIRS,n,2,293.95,8.85,D,0
17.09474,80.26784,331.09,0.61,0.71,2024-05-04,843,N20,VIIRS,n,2,296.22,3.0,D,0
17.16219,79.86955,345.57,0.58,0.7,2024-05-04,843,N20,VIIRS,n,2,299.59,7.03,D,0
17.18775,80.20828,338.52,0.61,0.71,2024-05-04,843,N20,VIIRS,n,2,297.2,6.66,D,0
17.19381,80.06358,337.92,0.6,0.7,2024-05-04,843,N20,VIIRS,n,2,297.78,2.89,D,0
17.3149,81.31003,336.51,0.72,0.76,2024-05-04,843,N20,VIIRS,n,2,294.25,6.12,D,0
17.3164,81.31172,330.71,0.72,0.76,2024-05-04,843,N20,VIIRS,n,2,293.97,4.39,D,0
17.35921,77.51443,348.65,0.41,0.6,2024-05-04,844,N20,VIIRS,l,2,319.08,11.28,D,0
17.47232,77.31923,347.14,0.39,0.6,2024-05-04,844,N20,VIIRS,l,2,321.93,3.27,D,0
17.47307,77.31938,350.05,0.4,0.6,2024-05-04,844,N20,VIIRS,n,2,322.21,19.41,D,0
17.65242,80.18593,337.21,0.61,0.71,2024-05-04,844,N20,VIIRS,n,2,297.92,5.28,D,0
17.65514,78.26929,341.83,0.46,0.64,2024-05-04,844,N20,VIIRS,n,2,305.56,2.43,D,0
17.6709,80.18398,335.2,0.61,0.71,2024-05-04,844,N20,VIIRS,n,2,298.2,6.15,D,0
17.68168,79.70942,333.12,0.57,0.69,2024-05-04,844,N20,VIIRS,n,2,299.79,5.73,D,0
17.69302,80.28248,332.89,0.62,0.72,2024-05-04,844,N20,VIIRS,n,2,298.25,7.03,D,0
17.69357,80.28865,351.65,0.63,0.72,2024-05-04,844,N20,VIIRS,n,2,297.84,7.03,D,0
17.69946,79.9902,330.57,0.6,0.7,2024-05-04,844,N20,VIIRS,n,2,296.14,4.83,D,0
17.77359,78.21529,367.0,0.46,0.63,2024-05-04,844,N20,VIIRS,h,2,312.8,6.94,D,0
17.77369,78.21379,355.0,0.46,0.63,2024-05-04,844,N20,VIIRS,n,2,313.49,4.71,D,0
17.77414,78.21806,343.68,0.46,0.63,2024-05-04,844,N20,VIIRS,n,2,309.66,4.71,D,0
17.77942,78.21459,340.81,0.46,0.63,2024-05-04,844,N20,VIIRS,n,2,311.02,6.94,D,0
17.77953,78.21313,336.3,0.46,0.63,2024-05-04,844,N20,VIIRS,l,2,311.07,4.71,D,0
17.79565,78.13943,346.32,0.45,0.63,2024-05-04,844,N20,VIIRS,n,2,310.78,3.78,D,0
17.80148,78.13889,355.82,0.45,0.63,2024-05-04,844,N20,VIIRS,n,2,313.92,8.07,D,0
17.8019,78.14311,367.0,0.45,0.63,2024-05-04,844,N20,VIIRS,h,2,312.22,10.53,D,0
17.8073,78.13834,338.56,0.45,0.63,2024-05-04,844,N20,VIIRS,n,2,310.22,8.07,D,0
17.81903,79.70932,331.88,0.57,0.69,2024-05-04,844,N20,VIIRS,n,2,300.3,1.93,D,0
17.84329,77.12308,347.64,0.39,0.59,2024-05-04,844,N20,VIIRS,l,2,319.99,10.45,D,0
17.8887,77.34144,349.63,0.4,0.6,2024-05-04,844,N20,VIIRS,n,2,319.4,18.07,D,0
17.95334,78.24676,350.35,0.46,0.64,2024-05-04,844,N20,VIIRS,n,2,313.17,7.26,D,0
17.98541,78.75766,345.85,0.5,0.66,2024-05-04,844,N20,VIIRS,n,2,302.92,7.59,D,0
18.01899,78.0784,340.2,0.45,0.63,2024-05-04,844,N20,VIIRS,l,2,314.17,4.04,D,0
18.09219,78.10629,353.63,0.45,0.63,2024-05-04,844,N20,VIIRS,n,2,310.56,6.93,D,0
18.09843,78.11,338.91,0.45,0.63,2024-05-04,844,N20,VIIRS,l,2,309.69,6.93,D,0
18.13402,78.23339,331.51,0.46,0.64,2024-05-04,844,N20,VIIRS,l,2,304.39,3.04,D,0
18.13762,78.14932,339.27,0.46,0.63,2024-05-04,844,N20,VIIRS,l,2,311.92,5.31,D,0
18.13989,78.23279,339.49,0.46,0.64,2024-05-04,844,N20,VIIRS,n,2,306.06,3.37,D,0
18.21678,78.17785,339.32,0.46,0.64,2024-05-04,844,N20,VIIRS,l,2,309.36,7.87,D,0
18.22254,78.05502,340.95,0.45,0.63,2024-05-04,844,N20,VIIRS,l,2,312.1,3.07,D,0
18.3222,80.67858,332.67,0.67,0.74,2024-05-04,844,N20,VIIRS,n,2,298.08,3.03,D,0
18.32635,79.42674,334.33,0.56,0.69,2024-05-04,844,N20,VIIRS,n,2,301.25,4.14,D,0
18.36665,77.85403,337.35,0.44,0.62,2024-05-04,844,N20,VIIRS,l,2,311.6,1.02,D,0
18.36707,77.85818,338.88,0.44,0.62,2024-05-04,844,N20,VIIRS,l,2,312.57,4.45,D,0
18.36802,77.85303,339.77,0.44,0.62,2024-05-04,844,N20,VIIRS,l,2,312.33,1.42,D,0
18.37373,80.52869,332.24,0.66,0.73,2024-05-04,844,N20,VIIRS,n,2,298.99,6.71,D,0
18.47221,77.79206,343.17,0.44,0.62,2024-05-04,844,N20,VIIRS,l,2,315.58,6.41,D,0
18.47373,77.79185,342.53,0.44,0.62,2024-05-04,844,N20,VIIRS,l,2,315.2,6.92,D,0
18.55581,77.85922,344.56,0.44,0.62,2024-05-04,844,N20,VIIRS,l,2,316.39,6.85,D,0
18.61287,77.77493,346.13,0.44,0.62,2024-05-04,844,N20,VIIRS,n,2,317.04,7.35,D,0
18.61711,78.54609,339.22,0.49,0.65,2024-05-04,844,N20,VIIRS,n,2,308.26,5.33,D,0
18.64586,78.77435,335.48,0.51,0.66,2024-05-04,844,N20,VIIRS,n,2,304.91,2.83,D,0
18.6638,78.43398,339.35,0.48,0.65,2024-05-04,844,N20,VIIRS,l,2,310.94,6.25,D,0
18.68921,77.89916,339.58,0.45,0.63,2024-05-04,844,N20,VIIRS,l,2,314.14,7.46,D,0
18.70169,78.91441,341.95,0.52,0.67,2024-05-04,844,N20,VIIRS,n,2,303.27,3.61,D,0
18.70215,78.91949,330.83,0.52,0.67,2024-05-04,844,N20,VIIRS,l,2,302.08,3.61,D,0
18.7067,78.63319,350.53,0.5,0.66,2024-05-04,844,N20,VIIRS,n,2,308.38,6.26,D,0
18.72521,77.96461,337.32,0.45,0.63,2024-05-04,844,N20,VIIRS,l,2,311.91,3.24,D,0
18.76533,78.93645,343.05,0.52,0.67,2024-05-04,844,N20,VIIRS,n,2,308.53,8.64,D,0
18.76632,78.93999,347.24,0.52,0.67,2024-05-04,844,N20,VIIRS,n,2,307.6,6.54,D,0
18.77845,78.59937,340.66,0.5,0.66,2024-05-04,844,N20,VIIRS,l,2,311.14,4.28,D,0
18.77889,78.60416,339.6,0.5,0.66,2024-05-04,844,N20,VIIRS,n,2,307.98,3.15,D,0
18.79382,78.1251,337.83,0.46,0.64,2024-05-04,844,N20,VIIRS,l,2,308.54,5.57,D,0
18.79814,78.16934,354.4,0.47,0.64,2024-05-04,844,N20,VIIRS,n,2,312.06,8.13,D,0
18.80461,78.68427,333.13,0.5,0.66,2024-05-04,844,N20,VIIRS,l,2,307.61,1.32,D,0
18.80743,78.09021,341.8,0.46,0.64,2024-05-04,844,N20,VIIRS,n,2,310.2,1.78,D,0
18.80823,77.97134,336.74,0.45,0.63,2024-05-04,844,N20,VIIRS,l,2,311.15,1.29,D,0
18.81449,77.72971,343.11,0.44,0.62,2024-05-04,844,N20,VIIRS,l,2,317.38,9.5,D,0
18.83296,78.1099,340.35,0.46,0.64,2024-05-04,844,N20,VIIRS,l,2,311.11,5.12,D,0
18.88693,77.44419,354.4,0.42,0.61,2024-05-04,844,N20,VIIRS,n,2,318.78,11.74,D,0
18.90984,78.10723,343.19,0.46,0.64,2024-05-04,844,N20,VIIRS,l,2,313.26,7.86,D,0
18.93062,78.15282,347.98,0.47,0.64,2024-05-04,844,N20,VIIRS,n,2,312.92,7.19,D,0
18.93233,78.15446,342.63,0.47,0.64,2024-05-04,844,N20,VIIRS,n,2,311.66,4.85,D,0
18.95823,79.14541,338.02,0.54,0.68,2024-05-04,844,N20,VIIRS,l,2,308.76,3.23,D,0
18.9645,79.14478,337.16,0.54,0.68,2024-05-04,844,N20,VIIRS,l,2,310.77,3.03,D,0
18.98142,77.3832,367.0,0.42,0.61,2024-05-04,844,N20,VIIRS,h,2,319.13,22.94,D,0
19.00804,78.73697,337.35,0.51,0.66,2024-05-04,844,N20,VIIRS,n,2,303.55,3.72,D,0
19.01449,77.91499,341.35,0.45,0.63,2024-05-04,844,N20,VIIRS,l,2,312.06,9.41,D,0
19.10321,78.62166,337.55,0.5,0.66,2024-05-04,844,N20,VIIRS,n,2,304.21,6.1,D,0
19.19869,80.03371,367.0,0.63,0.72,2024-05-04,844,N20,VIIRS,h,2,300.4,22.39,D,0
19.19914,80.03926,340.6,0.63,0.72,2024-05-04,844,N20,VIIRS,n,2,299.22,14.59,D,0
19.20002,80.0286,333.36,0.62,0.72,2024-05-04,844,N20,VIIRS,n,2,300.05,12.23,D,0
19.20051,80.03424,356.28,0.62,0.72,2024-05-04,844,N20,VIIRS,n,2,300.21,11.43,D,0
19.201,80.03982,343.12,0.63,0.72,2024-05-04,844,N20,VIIRS,n,2,299.62,11.43,D,0
19.24001,81.17288,338.78,0.74,0.76,2024-05-04,844,N20,VIIRS,n,2,291.0,21.5,D,0
19.28147,80.8999,333.28,0.71,0.75,2024-05-04,844,N20,VIIRS,n,2,293.87,2.25,D,0
19.288,80.90093,339.75,0.71,0.75,2024-05-04,844,N20,VIIRS,n,2,297.37,12.44,D,0
19.28854,80.90057,336.78,0.71,0.75,2024-05-04,844,N20,VIIRS,n,2,297.18,7.34,D,0
19.35352,78.32214,339.34,0.48,0.65,2024-05-04,844,N20,VIIRS,l,2,313.79,5.6,D,0
19.35634,78.32262,347.79,0.49,0.65,2024-05-04,844,N20,VIIRS,n,2,315.53,8.09,D,0
19.38475,80.12648,338.35,0.64,0.72,2024-05-04,844,N20,VIIRS,n,2,298.24,9.76,D,0
19.39247,81.08852,337.04,0.74,0.76,2024-05-04,844,N20,VIIRS,n,2,296.72,7.87,D,0
19.39413,81.08302,331.28,0.74,0.76,2024-05-04,844,N20,VIIRS,n,2,296.74,16.52,D,0
19.39475,81.09055,338.4,0.74,0.76,2024-05-04,844,N20,VIIRS,n,2,296.84,10.55,D,0
19.39897,81.08073,333.93,0.74,0.76,2024-05-04,844,N20,VIIRS,n,2,296.6,10.27,D,0
19.43472,81.08472,333.51,0.74,0.76,2024-05-04,844,N20,VIIRS,n,2,294.02,6.76,D,0
19.49981,80.93987,332.42,0.72,0.76,2024-05-04,844,N20,VIIRS,n,2,299.1,14.59,D,0
19.50085,80.94006,332.22,0.72,0.76,2024-05-04,844,N20,VIIRS,n,2,299.54,6.93,D,0
19.50141,80.9468,334.55,0.72,0.76,2024-05-04,844,N20,VIIRS,n,2,300.31,8.72,D,0
19.50191,80.95284,338.07,0.72,0.76,2024-05-04,844,N20,VIIRS,n,2,299.45,8.72,D,0
19.50744,80.94764,333.7,0.72,0.76,2024-05-04,844,N20,VIIRS,n,2,299.61,12.05,D,0
19.50792,80.95393,349.41,0.72,0.76,2024-05-04,844,N20,VIIRS,n,2,300.29,17.47,D,0
19.50905,80.95406,344.48,0.72,0.76,2024-05-04,844,N20,VIIRS,n,2,299.47,8.72,D,0
19.52618,80.82756,355.92,0.71,0.75,2024-05-04,844,N20,VIIRS,n,2,298.86,14.95,D,0
19.53309,80.82652,345.29,0.71,0.75,2024-05-04,844,N20,VIIRS,n,2,298.33,14.95,D,0
19.57664,80.85592,349.51,0.71,0.75,2024-05-04,844,N20,VIIRS,n,2,298.05,9.95,D,0
19.57769,80.85847,346.25,0.71,0.75,2024-05-04,844,N20,VIIRS,n,2,297.49,10.45,D,0
19.62895,80.89748,332.25,0.72,0.76,2024-05-04,844,N20,VIIRS,n,2,299.51,6.31,D,0
19.6677,80.86376,332.79,0.72,0.75,2024-05-04,844,N20,VIIRS,n,2,300.76,5.34,D,0
19.66863,80.86603,335.33,0.72,0.75,2024-05-04,844,N20,VIIRS,n,2,300.47,5.98,D,0
19.67423,80.85724,331.77,0.72,0.75,2024-05-04,844,N20,VIIRS,n,2,300.46,5.34,D,0
19.69814,80.8951,339.75,0.72,0.76,2024-05-04,844,N20,VIIRS,n,2,300.74,7.82,D,0
19.69881,80.89172,337.62,0.72,0.76,2024-05-04,844,N20,VIIRS,n,2,300.79,7.96,D,0
19.69935,80.89832,341.26,0.72,0.76,2024-05-04,844,N20,VIIRS,n,2,299.94,7.96,D,0
19.70525,80.89613,348.64,0.72,0.76,2024-05-04,844,N20,VIIRS,n,2,299.68,7.82,D,0
19.70577,80.90308,331.46,0.72,0.76,2024-05-04,844,N20,VIIRS,n,2,300.37,7.82,D,0
19.7063,80.91004,332.46,0.72,0.76,2024-05-04,844,N20,VIIRS,n,2,299.98,9.09,D,0
19.70704,80.90631,337.96,0.72,0.76,2024-05-04,844,N20,VIIRS,n,2,300.32,9.67,D,0
19.74646,80.88331,331.78,0.72,0.76,2024-05-04,844,N20,VIIRS,n,2,298.8,7.01,D,0
19.74705,80.89087,331.37,0.72,0.76,2024-05-04,844,N20,VIIRS,n,2,298.56,6.53,D,0
19.76248,79.55537,332.64,0.59,0.7,2024-05-04,844,N20,VIIRS,n,2,305.35,13.63,D,0
19.76297,79.5611,367.0,0.59,0.7,2024-05-04,844,N20,VIIRS,h,2,307.06,28.87,D,0
19.76353,79.55984,367.0,0.59,0.7,2024-05-04,844,N20,VIIRS,h,2,307.46,26.06,D,0
19.76399,79.56567,330.19,0.59,0.7,2024-05-04,844,N20,VIIRS,n,2,304.3,14.61,D,0
19.84242,80.02361,334.44,0.63,0.72,2024-05-04,844,N20,VIIRS,n,2,304.03,4.96,D,0
19.94364,79.14632,367.0,0.56,0.69,2024-05-04,844,N20,VIIRS,h,2,306.25,11.91,D,0
19.49869,80.94283,311.39,0.4,0.6,2024-05-04,1933,N20,VIIRS,n,2,297.9,2.2,N,0
19.49904,80.9415,312.2,0.4,0.6,2024-05-04,1933,N20,VIIRS,n,2,297.87,3.07,N,0
19.50745,80.85432,309.19,0.4,0.6,2024-05-04,1933,N20,VIIRS,n,2,297.85,2.46,N,0
19.5268,80.82798,310.49,0.4,0.6,2024-05-04,1933,N20,VIIRS,n,2,297.84,2.17,N,0
19.52721,80.82378,311.26,0.4,0.6,2024-05-04,1933,N20,VIIRS,n,2,298.24,2.17,N,0
19.52769,80.82539,314.28,0.4,0.6,2024-05-04,1933,N20,VIIRS,n,2,298.64,3.42,N,0
19.57403,80.8605,308.77,0.4,0.6,2024-05-04,1933,N20,VIIRS,n,2,297.12,2.51,N,0
19.57438,80.85703,310.58,0.4,0.6,2024-05-04,1933,N20,VIIRS,n,2,298.27,2.27,N,0
19.57476,80.85328,312.41,0.4,0.6,2024-05-04,1933,N20,VIIRS,n,2,298.99,2.27,N,0
19.57521,80.84877,310.04,0.4,0.6,2024-05-04,1933,N20,VIIRS,n,2,298.23,2.84,N,0
19.57994,80.85746,314.21,0.4,0.6,2024-05-04,1933,N20,VIIRS,n,2,298.11,2.02,N,0
19.58029,80.85401,309.36,0.4,0.6,2024-05-04,1933,N20,VIIRS,n,2,297.97,2.02,N,0
19.76004,80.95451,308.26,0.4,0.6,2024-05-04,1933,N20,VIIRS,n,2,297.81,2.56,N,0
19.85239,81.20388,314.8,0.38,0.59,2024-05-04,1933,N20,VIIRS,n,2,298.94,3.68,N,0
19.85275,81.20033,311.01,0.38,0.59,2024-05-04,1933,N20,VIIRS,n,2,297.76,2.48,N,0
19.92024,79.11398,298.73,0.53,0.67,2024-05-04,1933,N20,VIIRS,n,2,286.41,1.15,N,2
15.96658,80.9379,308.8,0.36,0.57,2024-05-04,1934,N20,VIIRS,n,2,292.49,0.34,N,0
17.14962,78.2237,307.29,0.56,0.69,2024-05-04,1934,N20,VIIRS,n,2,295.71,2.11,N,2
18.67413,79.55731,313.22,0.48,0.64,2024-05-04,1934,N20,VIIRS,n,2,295.74,1.94,N,0
18.67774,79.55612,313.93,0.48,0.64,2024-05-04,1934,N20,VIIRS,n,2,295.87,2.01,N,0
18.69934,79.54601,309.25,0.48,0.64,2024-05-04,1934,N20,VIIRS,n,2,294.17,0.69,N,0
19.21436,80.82829,318.82,0.4,0.6,2024-05-04,1934,N20,VIIRS,n,2,297.93,3.66,N,0
19.26391,81.05093,307.85,0.39,0.59,2024-05-04,1934,N20,VIIRS,n,2,296.26,2.08,N,0
18.55956,77.18608,304.89,0.52,0.66,2024-05-04,2114,N20,VIIRS,n,2,293.61,0.7,N,0
18.56367,77.18846,304.21,0.52,0.67,2024-05-04,2114,N20,VIIRS,n,2,293.68,0.69,N,0
18.66619,77.3623,315.3,0.53,0.67,2024-05-04,2114,N20,VIIRS,n,2,295.84,3.02,N,0
18.66633,77.36018,321.88,0.53,0.67,2024-05-04,2114,N20,VIIRS,n,2,295.57,3.32,N,0
19.1401,78.91951,302.6,0.65,0.73,2024-05-04,2114,N20,VIIRS,n,2,291.47,0.96,N,0
19.91741,79.30624,307.63,0.66,0.73,2024-05-04,2114,N20,VIIRS,n,2,296.05,2.15,N,0
15.54338,78.45106,345.24,0.43,0.46,2024-05-05,824,N20,VIIRS,n,2,314.01,16.26,D,0
15.59578,80.16154,339.24,0.56,0.51,2024-05-05,824,N20,VIIRS,n,2,300.89,3.98,D,0
15.59923,80.16406,333.42,0.55,0.51,2024-05-05,824,N20,VIIRS,n,2,300.89,2.87,D,0
15.69616,77.98825,343.08,0.4,0.44,2024-05-05,824,N20,VIIRS,l,2,315.93,6.57,D,0
15.73017,78.63592,343.54,0.44,0.46,2024-05-05,824,N20,VIIRS,n,2,311.6,8.47,D,0
15.91767,77.46688,345.19,0.57,0.43,2024-05-05,824,N20,VIIRS,l,2,318.2,2.59,D,0
15.93021,77.5111,342.97,0.57,0.43,2024-05-05,824,N20,VIIRS,l,2,317.39,3.75,D,0
15.93125,77.5082,343.84,0.57,0.43,2024-05-05,824,N20,VIIRS,l,2,317.48,3.08,D,0
16.00318,80.03966,337.62,0.55,0.51,2024-05-05,824,N20,VIIRS,n,2,303.21,6.22,D,0
16.01666,78.98283,342.34,0.47,0.48,2024-05-05,824,N20,VIIRS,n,2,302.89,3.38,D,0
16.02098,78.98177,331.14,0.47,0.48,2024-05-05,824,N20,VIIRS,l,2,302.5,1.74,D,0
16.0387,80.89086,330.63,0.63,0.54,2024-05-05,824,N20,VIIRS,n,2,299.24,2.97,D,0
16.07142,78.2039,345.08,0.42,0.45,2024-05-05,824,N20,VIIRS,n,2,314.54,8.55,D,0
16.08869,80.54728,342.46,0.6,0.53,2024-05-05,824,N20,VIIRS,n,2,301.13,6.44,D,0
16.09135,80.54434,340.09,0.6,0.53,2024-05-05,824,N20,VIIRS,n,2,300.99,5.75,D,0
16.1198,78.16895,343.96,0.42,0.45,2024-05-05,824,N20,VIIRS,l,2,314.64,12.19,D,0
16.19558,78.54247,340.19,0.44,0.46,2024-05-05,824,N20,VIIRS,l,2,312.13,4.14,D,0
16.21129,80.72034,335.73,0.62,0.54,2024-05-05,824,N20,VIIRS,n,2,301.55,4.77,D,0
16.21284,80.71855,345.56,0.62,0.54,2024-05-05,824,N20,VIIRS,n,2,302.12,12.26,D,0
16.21623,80.71976,356.39,0.62,0.54,2024-05-05,824,N20,VIIRS,n,2,303.18,23.96,D,0
16.21692,80.72552,345.19,0.62,0.54,2024-05-05,824,N20,VIIRS,n,2,302.8,15.24,D,0
16.21778,80.71796,348.56,0.62,0.54,2024-05-05,824,N20,VIIRS,n,2,302.98,12.26,D,0
16.21843,80.72375,351.09,0.62,0.54,2024-05-05,824,N20,VIIRS,n,2,302.67,12.26,D,0
16.24239,77.75745,348.07,0.4,0.44,2024-05-05,824,N20,VIIRS,l,2,320.48,15.87,D,0
16.25468,80.69019,339.0,0.61,0.54,2024-05-05,824,N20,VIIRS,n,2,301.81,5.2,D,0
16.25783,81.1148,335.07,0.33,0.55,2024-05-05,824,N20,VIIRS,n,2,299.87,0.95,D,0
16.25844,80.46595,345.43,0.59,0.53,2024-05-05,824,N20,VIIRS,n,2,302.97,11.25,D,0
16.25962,80.6896,343.12,0.61,0.54,2024-05-05,824,N20,VIIRS,n,2,302.06,4.81,D,0
16.27176,80.66486,340.58,0.61,0.54,2024-05-05,824,N20,VIIRS,n,2,302.22,5.18,D,0
16.27602,80.65855,333.68,0.61,0.54,2024-05-05,824,N20,VIIRS,n,2,301.86,4.61,D,0
16.27736,80.67003,332.81,0.61,0.54,2024-05-05,824,N20,VIIRS,n,2,301.99,7.91,D,0
16.27911,80.7283,342.76,0.62,0.54,2024-05-05,824,N20,VIIRS,n,2,302.02,7.38,D,0
16.27978,80.73409,345.5,0.62,0.54,2024-05-05,824,N20,VIIRS,n,2,301.5,9.07,D,0
16.28051,80.61168,343.49,0.61,0.53,2024-05-05,824,N20,VIIRS,n,2,302.28,10.1,D,0
16.28543,80.61109,343.14,0.61,0.53,2024-05-05,824,N20,VIIRS,n,2,301.77,10.1,D,0
16.29366,80.66568,334.77,0.61,0.54,2024-05-05,824,N20,VIIRS,n,2,301.81,6.95,D,0
16.30001,80.72346,336.1,0.62,0.54,2024-05-05,824,N20,VIIRS,n,2,302.24,3.56,D,0
16.30046,80.6965,337.55,0.62,0.54,2024-05-05,824,N20,VIIRS,n,2,301.86,2.25,D,0
16.30177,80.69394,334.6,0.62,0.54,2024-05-05,824,N20,VIIRS,n,2,300.61,3.13,D,0
16.30386,80.72538,336.03,0.62,0.54,2024-05-05,824,N20,VIIRS,n,2,302.45,5.87,D,0
16.30496,80.72288,338.64,0.62,0.54,2024-05-05,824,N20,VIIRS,n,2,301.88,3.56,D,0
16.31255,80.67172,337.0,0.61,0.54,2024-05-05,824,N20,VIIRS,n,2,302.27,6.18,D,0
16.31403,80.66909,344.25,0.61,0.54,2024-05-05,824,N20,VIIRS,n,2,302.5,8.38,D,0
16.3146,80.68899,342.25,0.61,0.54,2024-05-05,824,N20,VIIRS,n,2,302.15,6.29,D,0
16.31467,80.67486,336.03,0.61,0.54,2024-05-05,824,N20,VIIRS,n,2,301.86,6.85,D,0
16.31529,80.69476,345.05,0.62,0.54,2024-05-05,824,N20,VIIRS,n,2,301.95,7.46,D,0
16.3166,80.69216,355.99,0.62,0.54,2024-05-05,824,N20,VIIRS,n,2,303.14,22.81,D,0
16.31954,80.68841,334.95,0.61,0.54,2024-05-05,824,N20,VIIRS,n,2,302.46,8.24,D,0
16.32023,80.69418,343.61,0.62,0.54,2024-05-05,824,N20,VIIRS,n,2,302.08,8.51,D,0
16.3231,80.67632,341.19,0.61,0.54,2024-05-05,824,N20,VIIRS,n,2,301.49,10.45,D,0
16.32454,80.67368,335.88,0.61,0.54,2024-05-05,824,N20,VIIRS,n,2,301.22,4.45,D,0
16.38943,77.63981,345.2,0.39,0.44,2024-05-05,824,N20,VIIRS,n,2,314.79,17.33,D,0
16.393,77.63559,346.19,0.39,0.44,2024-05-05,824,N20,VIIRS,l,2,316.27,12.92,D,0
16.41098,80.72807,333.62,0.62,0.54,2024-05-05,824,N20,VIIRS,n,2,301.73,4.18,D,0
16.41702,80.72442,333.33,0.62,0.54,2024-05-05,824,N20,VIIRS,n,2,300.99,7.07,D,0
16.4209,80.72691,334.98,0.62,0.54,2024-05-05,824,N20,VIIRS,n,2,301.0,3.46,D,0
16.42213,77.63902,341.97,0.39,0.44,2024-05-05,824,N20,VIIRS,l,2,316.68,11.64,D,0
16.44131,78.12605,345.25,0.42,0.45,2024-05-05,824,N20,VIIRS,n,2,314.75,7.8,D,0
16.44506,77.41798,347.93,0.57,0.43,2024-05-05,824,N20,VIIRS,n,2,313.68,23.13,D,0
16.44668,77.41981,348.1,0.57,0.43,2024-05-05,824,N20,VIIRS,n,2,313.72,18.39,D,0
16.46667,78.47099,341.8,0.44,0.46,2024-05-05,824,N20,VIIRS,l,2,314.05,6.19,D,0
16.49674,77.10221,349.69,0.55,0.43,2024-05-05,824,N20,VIIRS,n,2,316.54,16.15,D,0
16.51345,80.54135,338.35,0.61,0.53,2024-05-05,824,N20,VIIRS,n,2,301.5,3.24,D,0
16.51558,80.53793,332.08,0.6,0.53,2024-05-05,824,N20,VIIRS,n,2,301.49,4.6,D,0
16.53217,80.35734,348.72,0.59,0.53,2024-05-05,824,N20,VIIRS,n,2,305.6,17.64,D,0
16.53951,80.73113,331.36,0.62,0.54,2024-05-05,824,N20,VIIRS,l,2,301.53,2.6,D,0
16.54307,80.72734,331.4,0.62,0.54,2024-05-05,824,N20,VIIRS,l,2,302.3,5.07,D,0
16.54377,80.73322,337.05,0.62,0.54,2024-05-05,824,N20,VIIRS,n,2,301.39,3.57,D,0
16.54449,80.7307,334.68,0.62,0.54,2024-05-05,824,N20,VIIRS,n,2,301.76,4.58,D,0
16.55416,80.68225,354.94,0.62,0.54,2024-05-05,824,N20,VIIRS,n,2,303.02,21.99,D,0
16.55436,77.79895,347.13,0.4,0.44,2024-05-05,824,N20,VIIRS,l,2,318.35,12.86,D,0
16.55987,78.04321,345.73,0.42,0.45,2024-05-05,824,N20,VIIRS,n,2,313.4,4.67,D,0
16.56075,77.94899,350.88,0.41,0.45,2024-05-05,824,N20,VIIRS,n,2,316.88,8.36,D,0
16.57077,77.46561,345.71,0.39,0.44,2024-05-05,824,N20,VIIRS,n,2,313.52,12.49,D,0
16.61857,80.80542,342.82,0.63,0.54,2024-05-05,824,N20,VIIRS,n,2,302.35,5.2,D,0
16.62473,78.02289,341.2,0.42,0.45,2024-05-05,824,N20,VIIRS,l,2,314.75,5.0,D,0
16.64436,78.31107,347.35,0.43,0.46,2024-05-05,824,N20,VIIRS,n,2,315.62,15.29,D,0
16.71957,77.50029,343.81,0.39,0.44,2024-05-05,824,N20,VIIRS,l,2,314.48,15.19,D,0
16.72917,77.13784,352.12,0.55,0.43,2024-05-05,824,N20,VIIRS,n,2,321.55,8.4,D,0
16.79693,81.34238,339.01,0.34,0.56,2024-05-05,824,N20,VIIRS,n,2,299.41,3.15,D,0
16.7973,81.34563,332.24,0.35,0.56,2024-05-05,824,N20,VIIRS,n,2,298.95,3.15,D,0
16.80212,81.34178,335.44,0.34,0.56,2024-05-05,824,N20,VIIRS,n,2,298.76,2.89,D,0
16.81179,78.55975,345.8,0.45,0.47,2024-05-05,824,N20,VIIRS,n,2,314.13,14.22,D,0
16.81393,78.56273,346.28,0.45,0.47,2024-05-05,824,N20,VIIRS,n,2,313.86,13.42,D,0
16.9919,80.77829,339.39,0.32,0.54,2024-05-05,824,N20,VIIRS,n,2,300.04,4.64,D,0
16.99658,80.77469,340.4,0.32,0.54,2024-05-05,824,N20,VIIRS,n,2,300.13,5.82,D,0
16.99691,80.77767,367.0,0.32,0.54,2024-05-05,824,N20,VIIRS,h,2,300.98,5.82,D,0
16.99724,80.78068,354.3,0.32,0.54,2024-05-05,824,N20,VIIRS,n,2,300.31,10.25,D,0
17.00159,80.77406,337.25,0.32,0.54,2024-05-05,824,N20,VIIRS,n,2,299.74,5.82,D,0
17.00192,80.77707,367.0,0.32,0.54,2024-05-05,824,N20,VIIRS,h,2,300.78,5.82,D,0
17.01161,80.8185,337.36,0.32,0.55,2024-05-05,824,N20,VIIRS,n,2,298.92,2.01,D,0
17.01633,80.86097,344.85,0.32,0.55,2024-05-05,824,N20,VIIRS,n,2,298.83,4.08,D,0
17.03598,79.83775,340.39,0.55,0.51,2024-05-05,824,N20,VIIRS,n,2,301.13,12.38,D,0
17.03709,80.8185,343.4,0.32,0.55,2024-05-05,824,N20,VIIRS,n,2,301.14,5.05,D,0
17.05823,80.82513,340.57,0.32,0.55,2024-05-05,824,N20,VIIRS,n,2,298.98,2.1,D,0
17.09035,80.09474,337.92,0.57,0.52,2024-05-05,824,N20,VIIRS,n,2,299.18,9.54,D,0
17.10418,80.254,345.34,0.59,0.53,2024-05-05,824,N20,VIIRS,n,2,303.24,16.45,D,0
17.10685,80.806,335.39,0.32,0.55,2024-05-05,824,N20,VIIRS,n,2,299.64,2.6,D,0
17.11257,80.24184,346.04,0.59,0.53,2024-05-05,824,N20,VIIRS,n,2,303.91,19.85,D,0
16.77886,77.02853,352.9,0.55,0.43,2024-05-05,825,N20,VIIRS,n,2,323.05,19.63,D,0
17.07634,79.84032,342.4,0.55,0.51,2024-05-05,825,N20,VIIRS,n,2,299.76,7.58,D,0
17.09058,80.09747,338.97,0.58,0.52,2024-05-05,825,N20,VIIRS,n,2,299.77,5.57,D,0
17.09707,79.29551,340.58,0.51,0.49,2024-05-05,825,N20,VIIRS,n,2,307.76,10.83,D,0
17.10263,80.25153,339.19,0.59,0.53,2024-05-05,825,N20,VIIRS,n,2,303.66,13.53,D,0
17.11171,80.24487,345.8,0.59,0.53,2024-05-05,825,N20,VIIRS,n,2,304.33,22.4,D,0
17.15646,80.07838,336.1,0.57,0.52,2024-05-05,825,N20,VIIRS,n,2,300.53,9.53,D,0
17.16104,80.03407,342.59,0.57,0.52,2024-05-05,825,N20,VIIRS,n,2,301.84,7.55,D,0
17.18314,78.18289,345.13,0.43,0.46,2024-05-05,825,N20,VIIRS,n,2,313.36,12.27,D,0
17.32726,77.95566,346.29,0.42,0.45,2024-05-05,825,N20,VIIRS,l,2,320.24,4.52,D,0
17.34778,81.05923,332.4,0.34,0.56,2024-05-05,825,N20,VIIRS,n,2,297.23,1.17,D,0
17.5867,81.05634,352.59,0.34,0.56,2024-05-05,825,N20,VIIRS,n,2,298.15,3.84,D,0
17.65905,79.92282,339.59,0.57,0.52,2024-05-05,825,N20,VIIRS,n,2,299.49,5.81,D,0
17.66242,77.98717,346.97,0.43,0.46,2024-05-05,825,N20,VIIRS,l,2,321.86,14.69,D,0
17.66383,79.92223,331.4,0.57,0.52,2024-05-05,825,N20,VIIRS,n,2,300.32,5.81,D,0
17.66698,80.25738,331.86,0.6,0.53,2024-05-05,825,N20,VIIRS,n,2,299.67,7.03,D,0
17.67306,79.83429,335.63,0.56,0.52,2024-05-05,825,N20,VIIRS,n,2,300.74,4.91,D,0
17.67321,79.87747,334.3,0.57,0.52,2024-05-05,825,N20,VIIRS,n,2,302.31,5.86,D,0
17.73851,80.07072,338.29,0.58,0.52,2024-05-05,825,N20,VIIRS,n,2,300.15,3.73,D,0
17.73961,80.07319,339.29,0.58,0.52,2024-05-05,825,N20,VIIRS,n,2,301.46,1.99,D,0
17.79695,79.50335,337.53,0.54,0.51,2024-05-05,825,N20,VIIRS,n,2,304.98,6.34,D,0
17.81701,77.46767,353.12,0.4,0.44,2024-05-05,825,N20,VIIRS,n,2,321.92,16.28,D,0
17.90305,80.41862,351.51,0.62,0.54,2024-05-05,825,N20,VIIRS,n,2,301.84,14.57,D,0
17.90676,80.82349,332.41,0.33,0.55,2024-05-05,825,N20,VIIRS,l,2,302.58,0.91,D,0
17.90729,79.16726,341.64,0.51,0.5,2024-05-05,825,N20,VIIRS,n,2,308.98,8.61,D,0
17.91124,79.75233,341.55,0.56,0.51,2024-05-05,825,N20,VIIRS,n,2,303.33,5.95,D,0
17.91262,79.75333,344.18,0.56,0.51,2024-05-05,825,N20,VIIRS,n,2,305.3,5.09,D,0
17.96396,79.65639,344.68,0.55,0.51,2024-05-05,825,N20,VIIRS,n,2,298.69,6.89,D,0
17.96576,79.67208,336.0,0.55,0.51,2024-05-05,825,N20,VIIRS,n,2,301.21,8.25,D,0
18.00912,79.74524,345.58,0.56,0.52,2024-05-05,825,N20,VIIRS,n,2,306.5,8.0,D,0
18.01213,79.74158,343.11,0.56,0.51,2024-05-05,825,N20,VIIRS,n,2,305.38,7.47,D,0
18.01274,79.74684,343.84,0.56,0.52,2024-05-05,825,N20,VIIRS,n,2,304.95,13.75,D,0
18.01386,79.74469,337.63,0.56,0.52,2024-05-05,825,N20,VIIRS,n,2,304.43,8.0,D,0
18.02078,80.74988,334.08,0.33,0.55,2024-05-05,825,N20,VIIRS,n,2,302.73,4.75,D,0
18.02928,78.42442,342.66,0.46,0.47,2024-05-05,825,N20,VIIRS,l,2,315.68,4.83,D,0
18.03205,78.30219,351.8,0.45,0.47,2024-05-05,825,N20,VIIRS,n,2,320.89,23.52,D,0
18.03636,78.30164,346.01,0.45,0.47,2024-05-05,825,N20,VIIRS,l,2,318.61,23.52,D,0
18.06982,77.8371,343.67,0.42,0.45,2024-05-05,825,N20,VIIRS,l,2,318.36,10.01,D,0
18.07724,77.89753,352.2,0.43,0.46,2024-05-05,825,N20,VIIRS,n,2,318.26,13.24,D,0
18.09049,78.25708,356.11,0.45,0.47,2024-05-05,825,N20,VIIRS,n,2,318.95,16.67,D,0
18.09956,78.18739,347.72,0.45,0.47,2024-05-05,825,N20,VIIRS,l,2,321.72,38.24,D,0
18.10006,78.19156,367.0,0.45,0.47,2024-05-05,825,N20,VIIRS,l,2,326.56,31.26,D,0
18.10433,78.19102,350.9,0.45,0.47,2024-05-05,825,N20,VIIRS,l,2,321.46,31.26,D,0
18.12685,78.05685,349.09,0.44,0.46,2024-05-05,825,N20,VIIRS,l,2,320.1,14.83,D,0
18.14561,78.10913,347.05,0.44,0.46,2024-05-05,825,N20,VIIRS,l,2,319.29,9.92,D,0
18.14623,78.1087,350.09,0.44,0.46,2024-05-05,825,N20,VIIRS,n,2,319.76,9.82,D,0
18.14986,78.10854,349.21,0.44,0.46,2024-05-05,825,N20,VIIRS,l,2,321.5,9.92,D,0
18.15099,78.11224,345.54,0.44,0.46,2024-05-05,825,N20,VIIRS,l,2,318.6,16.51,D,0
18.16105,78.1581,344.77,0.44,0.46,2024-05-05,825,N20,VIIRS,l,2,317.46,8.54,D,0
18.16761,78.1491,348.77,0.44,0.46,2024-05-05,825,N20,VIIRS,l,2,319.87,10.01,D,0
18.17094,77.82008,350.81,0.42,0.45,2024-05-05,825,N20,VIIRS,n,2,317.87,11.5,D,0
18.17521,79.3864,334.49,0.53,0.5,2024-05-05,825,N20,VIIRS,n,2,301.8,5.6,D,0
18.19859,77.90666,341.78,0.43,0.46,2024-05-05,825,N20,VIIRS,l,2,316.42,10.9,D,0
18.22251,80.5549,335.77,0.32,0.54,2024-05-05,825,N20,VIIRS,n,2,301.4,1.99,D,0
18.22686,78.03168,345.0,0.44,0.46,2024-05-05,825,N20,VIIRS,n,2,317.76,11.12,D,0
18.22737,78.03581,367.0,0.44,0.46,2024-05-05,825,N20,VIIRS,h,2,319.58,11.12,D,0
18.23161,78.03524,351.48,0.44,0.46,2024-05-05,825,N20,VIIRS,n,2,320.94,14.07,D,0
18.24917,77.75268,344.85,0.42,0.45,2024-05-05,825,N20,VIIRS,l,2,317.42,9.46,D,0
18.26898,78.82712,341.1,0.49,0.49,2024-05-05,825,N20,VIIRS,l,2,312.56,7.38,D,0
18.29577,78.14062,348.55,0.45,0.47,2024-05-05,825,N20,VIIRS,l,2,320.27,9.43,D,0
18.30611,79.27354,353.15,0.53,0.5,2024-05-05,825,N20,VIIRS,n,2,304.63,8.36,D,0
18.33103,80.67107,332.36,0.33,0.55,2024-05-05,825,N20,VIIRS,n,2,300.87,2.71,D,0
18.33134,80.67406,331.09,0.33,0.55,2024-05-05,825,N20,VIIRS,n,2,300.74,1.87,D,0
18.33173,80.66904,334.79,0.33,0.55,2024-05-05,825,N20,VIIRS,n,2,301.06,3.9,D,0
18.3324,80.67505,335.76,0.33,0.55,2024-05-05,825,N20,VIIRS,n,2,300.7,2.53,D,0
18.33648,77.90933,345.41,0.43,0.46,2024-05-05,825,N20,VIIRS,n,2,316.36,6.93,D,0
18.33697,77.90951,344.18,0.43,0.46,2024-05-05,825,N20,VIIRS,l,2,315.87,6.48,D,0
18.38141,77.81749,345.1,0.43,0.46,2024-05-05,825,N20,VIIRS,l,2,317.4,12.24,D,0
18.38979,77.81641,345.69,0.43,0.46,2024-05-05,825,N20,VIIRS,l,2,319.71,13.87,D,0
18.39102,77.7917,352.09,0.42,0.46,2024-05-05,825,N20,VIIRS,l,2,323.81,20.8,D,0
18.3952,77.79118,345.91,0.42,0.46,2024-05-05,825,N20,VIIRS,l,2,317.89,20.8,D,0
18.39633,77.97598,345.91,0.44,0.46,2024-05-05,825,N20,VIIRS,l,2,319.16,9.4,D,0
18.42561,77.86507,346.07,0.43,0.46,2024-05-05,825,N20,VIIRS,l,2,316.13,9.93,D,0
18.46616,78.41263,345.05,0.47,0.47,2024-05-05,825,N20,VIIRS,l,2,317.92,7.67,D,0
18.49257,79.43282,340.88,0.54,0.51,2024-05-05,825,N20,VIIRS,n,2,305.14,2.75,D,0
18.55816,80.14136,331.05,0.6,0.53,2024-05-05,825,N20,VIIRS,l,2,301.41,5.48,D,0
18.56576,78.27354,344.88,0.46,0.47,2024-05-05,825,N20,VIIRS,l,2,316.41,8.43,D,0
18.57569,78.2108,344.91,0.45,0.47,2024-05-05,825,N20,VIIRS,l,2,319.24,8.75,D,0
18.59446,81.31794,336.7,0.36,0.58,2024-05-05,825,N20,VIIRS,n,2,301.43,1.34,D,0
18.5996,79.06781,340.13,0.52,0.5,2024-05-05,825,N20,VIIRS,l,2,313.02,4.55,D,0
18.62031,77.80372,346.41,0.43,0.46,2024-05-05,825,N20,VIIRS,l,2,318.79,16.33,D,0
18.63528,78.1045,352.59,0.45,0.47,2024-05-05,825,N20,VIIRS,n,2,319.04,14.89,D,0
18.63579,78.10875,345.28,0.45,0.47,2024-05-05,825,N20,VIIRS,l,2,317.75,11.64,D,0
18.66461,78.54012,345.26,0.48,0.48,2024-05-05,825,N20,VIIRS,l,2,319.1,8.83,D,0
18.67213,79.13395,344.51,0.52,0.5,2024-05-05,825,N20,VIIRS,n,2,313.43,6.75,D,0
18.68147,81.03549,332.09,0.35,0.57,2024-05-05,825,N20,VIIRS,n,2,300.7,2.07,D,0
18.7267,78.72446,349.89,0.49,0.49,2024-05-05,825,N20,VIIRS,n,2,319.02,17.54,D,0
18.73117,78.72393,348.83,0.49,0.49,2024-05-05,825,N20,VIIRS,n,2,318.18,17.54,D,0
18.73469,78.52728,348.71,0.48,0.48,2024-05-05,825,N20,VIIRS,l,2,319.19,7.75,D,0
18.73486,78.52901,344.65,0.48,0.48,2024-05-05,825,N20,VIIRS,l,2,318.65,8.53,D,0
18.74996,78.42726,345.12,0.47,0.48,2024-05-05,825,N20,VIIRS,l,2,317.72,15.36,D,0
18.75048,78.43171,345.93,0.47,0.48,2024-05-05,825,N20,VIIRS,l,2,317.45,17.03,D,0
18.75434,78.42673,348.05,0.47,0.48,2024-05-05,825,N20,VIIRS,l,2,320.55,17.71,D,0
18.75486,78.43118,346.91,0.47,0.48,2024-05-05,825,N20,VIIRS,n,2,315.85,16.97,D,0
18.76904,77.99883,346.64,0.44,0.46,2024-05-05,825,N20,VIIRS,l,2,319.08,9.78,D,0
18.78933,77.9575,344.18,0.44,0.46,2024-05-05,825,N20,VIIRS,l,2,314.38,6.62,D,0
18.7927,78.68073,351.96,0.49,0.49,2024-05-05,825,N20,VIIRS,n,2,319.27,21.15,D,0
18.82693,78.43573,340.16,0.47,0.48,2024-05-05,825,N20,VIIRS,l,2,314.36,7.5,D,0
18.8328,78.18014,342.59,0.46,0.47,2024-05-05,825,N20,VIIRS,l,2,316.26,8.17,D,0
18.86147,78.16338,344.02,0.45,0.47,2024-05-05,825,N20,VIIRS,l,2,317.03,10.79,D,0
18.8631,78.06776,353.02,0.45,0.47,2024-05-05,825,N20,VIIRS,n,2,320.58,17.53,D,0
18.87064,78.05815,342.32,0.45,0.47,2024-05-05,825,N20,VIIRS,l,2,316.75,8.74,D,0
18.87338,78.04494,349.88,0.45,0.47,2024-05-05,825,N20,VIIRS,n,2,316.62,7.29,D,0
18.87389,78.04916,344.59,0.45,0.47,2024-05-05,825,N20,VIIRS,l,2,315.35,7.29,D,0
18.89437,78.441,343.26,0.47,0.48,2024-05-05,825,N20,VIIRS,l,2,314.99,6.55,D,0
18.91024,78.11051,349.13,0.45,0.47,2024-05-05,825,N20,VIIRS,n,2,318.89,16.88,D,0
19.0628,78.84721,347.46,0.51,0.49,2024-05-05,825,N20,VIIRS,n,2,320.36,10.05,D,0
19.1171,78.54932,349.33,0.48,0.48,2024-05-05,825,N20,VIIRS,n,2,314.75,6.32,D,0
19.14424,81.23097,345.52,0.36,0.58,2024-05-05,825,N20,VIIRS,n,2,301.33,3.38,D,0
19.14832,77.28989,345.02,0.4,0.45,2024-05-05,825,N20,VIIRS,l,2,318.74,8.06,D,0
19.1485,81.23094,335.14,0.36,0.58,2024-05-05,825,N20,VIIRS,n,2,301.05,3.06,D,0
19.15214,81.16022,335.71,0.36,0.57,2024-05-05,825,N20,VIIRS,n,2,300.76,3.24,D,0
19.15536,78.41647,342.53,0.48,0.48,2024-05-05,825,N20,VIIRS,l,2,316.34,11.14,D,0
19.15609,78.26711,346.85,0.47,0.47,2024-05-05,825,N20,VIIRS,l,2,321.04,14.06,D,0
19.18807,78.08986,347.99,0.45,0.47,2024-05-05,825,N20,VIIRS,l,2,321.03,9.2,D,0
19.19238,78.0893,344.58,0.45,0.47,2024-05-05,825,N20,VIIRS,l,2,319.56,9.2,D,0
19.2016,81.02035,367.0,0.35,0.57,2024-05-05,825,N20,VIIRS,h,2,302.89,13.11,D,0
19.20403,81.04344,340.25,0.35,0.57,2024-05-05,825,N20,VIIRS,n,2,299.36,5.18,D,0
19.20615,81.0133,367.0,0.35,0.57,2024-05-05,825,N20,VIIRS,h,2,303.27,19.04,D,0
19.2065,81.01659,367.0,0.35,0.57,2024-05-05,825,N20,VIIRS,h,2,305.37,12.06,D,0
19.20685,81.01987,367.0,0.35,0.57,2024-05-05,825,N20,VIIRS,h,2,305.84,12.06,D,0
19.20719,81.02316,367.0,0.35,0.57,2024-05-05,825,N20,VIIRS,h,2,301.55,8.57,D,0
19.20823,81.03302,334.7,0.35,0.57,2024-05-05,825,N20,VIIRS,n,2,298.45,7.05,D,0
19.2121,81.01941,349.51,0.35,0.57,2024-05-05,825,N20,VIIRS,n,2,302.63,12.06,D,0
19.21244,81.02263,330.06,0.35,0.57,2024-05-05,825,N20,VIIRS,n,2,299.94,8.57,D,0
19.21278,81.02587,343.01,0.35,0.57,2024-05-05,825,N20,VIIRS,n,2,300.07,8.57,D,0
19.21313,81.02914,367.0,0.35,0.57,2024-05-05,825,N20,VIIRS,h,2,299.86,7.05,D,0
19.21428,79.03031,344.16,0.52,0.5,2024-05-05,825,N20,VIIRS,l,2,319.1,8.12,D,0
19.22659,79.17677,345.87,0.53,0.5,2024-05-05,825,N20,VIIRS,l,2,316.4,8.25,D,0
19.23003,79.17406,355.91,0.53,0.5,2024-05-05,825,N20,VIIRS,n,2,317.1,17.46,D,0
19.23125,79.17644,345.23,0.53,0.5,2024-05-05,825,N20,VIIRS,l,2,315.94,8.25,D,0
19.24605,80.98321,330.86,0.35,0.57,2024-05-05,825,N20,VIIRS,n,2,299.67,4.86,D,0
19.24635,80.98623,335.48,0.35,0.57,2024-05-05,825,N20,VIIRS,n,2,299.17,5.7,D,0
19.25301,80.89648,330.66,0.35,0.56,2024-05-05,825,N20,VIIRS,l,2,301.01,3.76,D,0
19.25405,80.85563,332.95,0.34,0.56,2024-05-05,825,N20,VIIRS,n,2,302.59,1.79,D,0
19.25448,81.17302,351.57,0.36,0.58,2024-05-05,825,N20,VIIRS,n,2,303.55,22.9,D,0
19.25476,80.91349,350.42,0.35,0.57,2024-05-05,825,N20,VIIRS,n,2,303.32,5.21,D,0
19.25481,81.1763,331.26,0.36,0.58,2024-05-05,825,N20,VIIRS,n,2,298.41,13.05,D,0
19.25508,80.91659,351.57,0.35,0.57,2024-05-05,825,N20,VIIRS,n,2,302.04,5.21,D,0
19.25575,77.3933,345.55,0.41,0.45,2024-05-05,825,N20,VIIRS,l,2,318.53,9.6,D,0
19.25816,80.89545,330.04,0.35,0.56,2024-05-05,825,N20,VIIRS,l,2,302.19,4.22,D,0
19.26026,80.91572,330.14,0.35,0.57,2024-05-05,825,N20,VIIRS,l,2,300.23,3.48,D,0
19.29399,81.19289,338.85,0.36,0.58,2024-05-05,825,N20,VIIRS,n,2,293.14,4.01,D,0
19.29439,81.19679,340.47,0.36,0.58,2024-05-05,825,N20,VIIRS,n,2,289.28,4.01,D,0
19.30254,79.10899,348.23,0.53,0.5,2024-05-05,825,N20,VIIRS,n,2,317.88,17.53,D,0
19.3078,79.114,346.15,0.53,0.5,2024-05-05,825,N20,VIIRS,l,2,319.26,17.49,D,0
19.31001,79.13339,351.86,0.53,0.5,2024-05-05,825,N20,VIIRS,n,2,316.96,13.14,D,0
19.31179,79.19038,345.78,0.54,0.51,2024-05-05,825,N20,VIIRS,l,2,318.57,17.56,D,0
19.31466,79.13304,367.0,0.53,0.5,2024-05-05,825,N20,VIIRS,h,2,319.75,13.14,D,0
19.33101,79.15279,344.75,0.53,0.5,2024-05-05,825,N20,VIIRS,l,2,317.13,20.89,D,0
19.33918,81.37067,353.06,0.37,0.58,2024-05-05,825,N20,VIIRS,n,2,301.37,7.11,D,0
19.34505,79.19277,345.53,0.54,0.51,2024-05-05,825,N20,VIIRS,l,2,318.15,18.85,D,0
19.38917,81.08438,331.38,0.36,0.57,2024-05-05,825,N20,VIIRS,n,2,298.28,2.3,D,0
19.39279,78.04253,347.45,0.45,0.47,2024-05-05,825,N20,VIIRS,l,2,320.98,13.69,D,0
19.39588,79.59148,335.47,0.57,0.52,2024-05-05,825,N20,VIIRS,l,2,307.95,5.42,D,0
19.42159,81.08844,352.07,0.36,0.57,2024-05-05,825,N20,VIIRS,n,2,299.22,7.02,D,0
19.42232,81.09541,344.41,0.36,0.57,2024-05-05,825,N20,VIIRS,n,2,300.86,4.52,D,0
19.42721,81.09113,340.17,0.36,0.57,2024-05-05,825,N20,VIIRS,n,2,299.39,4.23,D,0
19.42759,81.09471,350.46,0.36,0.57,2024-05-05,825,N20,VIIRS,n,2,301.03,4.03,D,0
19.4303,81.06969,337.72,0.36,0.57,2024-05-05,825,N20,VIIRS,n,2,304.1,3.94,D,0
19.43135,81.07977,333.15,0.36,0.57,2024-05-05,825,N20,VIIRS,n,2,302.52,3.73,D,0
19.43208,81.08669,331.96,0.36,0.57,2024-05-05,825,N20,VIIRS,l,2,302.23,4.23,D,0
19.43246,81.09032,348.88,0.36,0.57,2024-05-05,825,N20,VIIRS,n,2,302.25,4.23,D,0
19.43285,81.09402,336.33,0.36,0.57,2024-05-05,825,N20,VIIRS,n,2,302.11,4.03,D,0
19.43323,81.09758,339.12,0.36,0.57,2024-05-05,825,N20,VIIRS,n,2,302.13,4.03,D,0
19.43571,81.07188,333.03,0.36,0.57,2024-05-05,825,N20,VIIRS,l,2,304.36,3.74,D,0
19.4359,81.07227,333.12,0.36,0.57,2024-05-05,825,N20,VIIRS,l,2,304.7,3.87,D,0
19.4374,81.08913,331.42,0.36,0.57,2024-05-05,825,N20,VIIRS,l,2,302.2,4.11,D,0
19.43772,81.08955,331.96,0.36,0.57,2024-05-05,825,N20,VIIRS,l,2,302.29,3.71,D,0
19.43778,81.09293,334.64,0.36,0.57,2024-05-05,825,N20,VIIRS,n,2,302.94,5.58,D,0
19.43812,81.09335,332.95,0.36,0.57,2024-05-05,825,N20,VIIRS,n,2,302.85,4.9,D,0
19.43814,81.09663,367.0,0.36,0.57,2024-05-05,825,N20,VIIRS,h,2,304.6,5.58,D,0
19.43851,81.09703,355.85,0.36,0.57,2024-05-05,825,N20,VIIRS,n,2,304.7,4.9,D,0
19.44132,81.0747,339.65,0.36,0.57,2024-05-05,825,N20,VIIRS,n,2,305.13,3.74,D,0
19.44153,81.07512,341.67,0.36,0.57,2024-05-05,825,N20,VIIRS,n,2,305.66,3.87,D,0
19.44167,81.07819,348.41,0.36,0.57,2024-05-05,825,N20,VIIRS,n,2,304.56,4.62,D,0
19.4419,81.07861,348.14,0.36,0.57,2024-05-05,825,N20,VIIRS,n,2,304.7,4.44,D,0
19.44201,81.08167,333.87,0.36,0.57,2024-05-05,825,N20,VIIRS,l,2,304.87,4.62,D,0
19.44227,81.0821,332.19,0.36,0.57,2024-05-05,825,N20,VIIRS,l,2,304.96,4.44,D,0
19.45159,81.07074,338.68,0.36,0.57,2024-05-05,825,N20,VIIRS,n,2,305.58,2.6,D,0
19.45178,81.07119,339.55,0.36,0.57,2024-05-05,825,N20,VIIRS,n,2,305.46,3.05,D,0
19.45513,81.05273,338.04,0.36,0.57,2024-05-05,825,N20,VIIRS,n,2,304.41,4.44,D,0
19.46195,81.01457,334.53,0.36,0.57,2024-05-05,825,N20,VIIRS,n,2,302.87,3.06,D,0
19.46228,81.01786,340.01,0.36,0.57,2024-05-05,825,N20,VIIRS,n,2,303.18,3.06,D,0
19.46261,81.02109,337.94,0.36,0.57,2024-05-05,825,N20,VIIRS,n,2,302.73,4.9,D,0
19.46722,81.0141,331.78,0.36,0.57,2024-05-05,825,N20,VIIRS,l,2,303.08,3.06,D,0
19.47669,81.0028,331.73,0.35,0.57,2024-05-05,825,N20,VIIRS,l,2,302.05,2.36,D,0
19.48529,81.14069,335.81,0.36,0.58,2024-05-05,825,N20,VIIRS,n,2,301.02,4.77,D,0
19.49262,80.84966,343.02,0.35,0.56,2024-05-05,825,N20,VIIRS,n,2,304.23,3.22,D,0
19.49294,80.85268,344.05,0.35,0.56,2024-05-05,825,N20,VIIRS,n,2,302.75,3.22,D,0
19.49714,80.84262,333.58,0.35,0.56,2024-05-05,825,N20,VIIRS,n,2,301.46,3.7,D,0
19.49763,80.94851,330.15,0.35,0.57,2024-05-05,825,N20,VIIRS,l,2,301.83,3.83,D,0
19.50094,80.92942,347.21,0.35,0.57,2024-05-05,825,N20,VIIRS,n,2,302.52,4.47,D,0
19.50127,80.93262,331.82,0.35,0.57,2024-05-05,825,N20,VIIRS,n,2,301.72,4.47,D,0
19.50928,80.95869,330.62,0.35,0.57,2024-05-05,825,N20,VIIRS,l,2,304.2,3.46,D,0
19.50963,80.96204,333.25,0.35,0.57,2024-05-05,825,N20,VIIRS,l,2,303.99,3.26,D,0
19.50998,80.96543,339.52,0.35,0.57,2024-05-05,825,N20,VIIRS,n,2,303.39,3.26,D,0
19.51949,80.95508,345.39,0.35,0.57,2024-05-05,825,N20,VIIRS,n,2,300.56,3.55,D,0
19.52923,80.8364,330.59,0.35,0.56,2024-05-05,825,N20,VIIRS,l,2,301.73,1.95,D,0
19.53226,80.81426,334.75,0.35,0.56,2024-05-05,825,N20,VIIRS,n,2,303.2,3.34,D,0
19.5411,80.79783,354.06,0.34,0.56,2024-05-05,825,N20,VIIRS,n,2,308.12,43.31,D,0
19.55367,80.87022,355.96,0.35,0.57,2024-05-05,825,N20,VIIRS,n,2,302.39,8.53,D,0
19.60993,80.90433,332.32,0.35,0.57,2024-05-05,825,N20,VIIRS,n,2,298.29,5.01,D,0
19.61447,80.89719,342.71,0.35,0.57,2024-05-05,825,N20,VIIRS,n,2,301.47,6.72,D,0
19.62557,80.9022,330.47,0.35,0.57,2024-05-05,825,N20,VIIRS,n,2,300.4,3.35,D,0
19.62576,78.31133,346.33,0.47,0.48,2024-05-05,825,N20,VIIRS,n,2,316.22,12.15,D,0
19.64022,79.13132,340.45,0.54,0.51,2024-05-05,825,N20,VIIRS,l,2,315.23,6.65,D,0
19.64153,79.52924,345.59,0.57,0.52,2024-05-05,825,N20,VIIRS,n,2,312.92,14.72,D,0
19.64964,80.87074,367.0,0.35,0.57,2024-05-05,825,N20,VIIRS,h,2,306.69,6.5,D,0
19.64996,80.87393,331.97,0.35,0.57,2024-05-05,825,N20,VIIRS,n,2,303.11,6.5,D,0
19.65481,80.86976,348.99,0.35,0.57,2024-05-05,825,N20,VIIRS,n,2,303.7,6.5,D,0
19.65513,80.87294,367.0,0.35,0.57,2024-05-05,825,N20,VIIRS,h,2,303.93,6.5,D,0
19.68201,80.92985,367.0,0.35,0.57,2024-05-05,825,N20,VIIRS,h,2,300.32,86.05,D,0
19.69572,80.90853,367.0,0.35,0.57,2024-05-05,825,N20,VIIRS,h,2,307.59,7.88,D,0
19.76664,79.56249,340.68,0.57,0.52,2024-05-05,825,N20,VIIRS,l,2,313.86,4.77,D,0
19.77569,80.85762,207.93,0.35,0.57,2024-05-05,825,N20,VIIRS,l,2,314.74,85.86,D,0
19.77601,80.86081,367.0,0.35,0.57,2024-05-05,825,N20,VIIRS,h,2,304.5,83.85,D,0
19.78702,80.76212,367.0,0.34,0.56,2024-05-05,825,N20,VIIRS,h,2,305.57,6.96,D,0
19.80102,80.95094,331.05,0.35,0.57,2024-05-05,825,N20,VIIRS,l,2,303.48,3.32,D,0
19.98619,79.75386,347.0,0.59,0.53,2024-05-05,825,N20,VIIRS,l,2,318.43,17.33,D,0
18.65562,79.5575,307.99,0.36,0.57,2024-05-05,2055,N20,VIIRS,n,2,297.2,1.45,N,0
18.67256,79.55426,312.59,0.36,0.57,2024-05-05,2055,N20,VIIRS,n,2,297.8,2.19,N,0
18.67771,79.55558,331.43,0.36,0.57,2024-05-05,2055,N20,VIIRS,n,2,298.09,2.19,N,0
18.69594,79.54597,308.11,0.36,0.57,2024-05-05,2055,N20,VIIRS,n,2,297.57,1.84,N,0
18.72074,79.53541,312.53,0.36,0.57,2024-05-05,2055,N20,VIIRS,n,2,298.79,1.51,N,2
18.86768,77.98415,308.5,0.56,0.52,2024-05-05,2055,N20,VIIRS,n,2,296.8,3.09,N,0
19.11996,78.62267,307.0,0.61,0.53,2024-05-05,2055,N20,VIIRS,n,2,296.56,2.91,N,0
19.12195,78.62269,308.58,0.61,0.54,2024-05-05,2055,N20,VIIRS,n,2,296.59,2.64,N,0
19.72225,79.175,313.04,0.32,0.55,2024-05-05,2055,N20,VIIRS,n,2,299.0,1.35,N,2
19.78542,79.14689,311.9,0.32,0.55,2024-05-05,2055,N20,VIIRS,n,2,297.88,1.11,N,2
17.15881,79.97372,309.1,0.41,0.61,2024-05-05,2056,N20,VIIRS,n,2,296.44,0.94,N,0
17.6681,80.48766,308.3,0.43,0.62,2024-05-05,2056,N20,VIIRS,n,2,295.7,2.27,N,0
17.73272,79.85726,305.78,0.39,0.59,2024-05-05,2056,N20,VIIRS,n,2,295.61,0.59,N,0
17.80675,78.43013,314.04,0.63,0.54,2024-05-05,2056,N20,VIIRS,n,2,295.95,2.19,N,0
15.52652,78.37891,345.47,0.39,0.36,2024-05-06,805,N20,VIIRS,n,2,315.36,7.4,D,0
15.52705,78.38253,342.79,0.39,0.36,2024-05-06,805,N20,VIIRS,l,2,315.23,7.4,D,0
15.55156,78.45657,343.23,0.39,0.36,2024-05-06,805,N20,VIIRS,l,2,314.62,15.03,D,0
15.65371,79.64994,347.51,0.42,0.38,2024-05-06,805,N20,VIIRS,n,2,311.93,19.58,D,0
15.65661,79.64551,346.52,0.42,0.38,2024-05-06,805,N20,VIIRS,n,2,310.83,11.2,D,0
15.65716,79.64941,352.39,0.42,0.38,2024-05-06,805,N20,VIIRS,n,2,311.89,11.2,D,0
15.8707,79.99632,340.94,0.44,0.38,2024-05-06,805,N20,VIIRS,n,2,306.29,3.88,D,0
16.01024,80.01393,339.23,0.44,0.38,2024-05-06,805,N20,VIIRS,n,2,306.33,7.78,D,0
16.02454,79.98309,336.44,0.44,0.38,2024-05-06,805,N20,VIIRS,n,2,304.57,9.09,D,0
16.10082,78.10897,348.33,0.39,0.36,2024-05-06,805,N20,VIIRS,n,2,314.43,10.89,D,0
16.10413,78.10845,347.37,0.39,0.36,2024-05-06,805,N20,VIIRS,n,2,313.62,10.89,D,0
16.14748,78.66509,335.16,0.4,0.37,2024-05-06,805,N20,VIIRS,l,2,308.54,3.11,D,0
16.17208,80.68947,341.15,0.47,0.4,2024-05-06,805,N20,VIIRS,n,2,306.2,2.97,D,0
16.17572,80.68894,351.86,0.47,0.4,2024-05-06,805,N20,VIIRS,n,2,306.56,10.43,D,0
16.17948,80.5816,339.03,0.47,0.39,2024-05-06,805,N20,VIIRS,n,2,304.36,4.3,D,0
16.1855,80.59846,337.97,0.47,0.39,2024-05-06,805,N20,VIIRS,n,2,305.69,3.9,D,0
16.19153,80.58872,338.73,0.47,0.39,2024-05-06,805,N20,VIIRS,n,2,305.83,2.58,D,0
16.19214,80.59306,338.43,0.47,0.39,2024-05-06,805,N20,VIIRS,n,2,305.69,3.17,D,0
16.19394,80.60612,335.12,0.47,0.4,2024-05-06,805,N20,VIIRS,l,2,306.04,3.34,D,0
16.19696,80.60124,339.67,0.47,0.39,2024-05-06,805,N20,VIIRS,n,2,306.35,3.34,D,0
16.2036,80.6492,339.25,0.47,0.4,2024-05-06,805,N20,VIIRS,n,2,306.06,10.67,D,0
16.20399,80.64536,337.93,0.47,0.4,2024-05-06,805,N20,VIIRS,n,2,306.44,10.64,D,0
16.20602,80.69356,337.18,0.47,0.4,2024-05-06,805,N20,VIIRS,n,2,306.7,3.55,D,0
16.20965,80.63942,335.33,0.47,0.4,2024-05-06,805,N20,VIIRS,l,2,305.54,2.86,D,0
16.22226,80.616,345.71,0.47,0.4,2024-05-06,805,N20,VIIRS,n,2,305.6,4.54,D,0
16.22284,80.62037,335.35,0.47,0.4,2024-05-06,805,N20,VIIRS,n,2,305.32,4.54,D,0
16.22494,80.69156,341.28,0.47,0.4,2024-05-06,805,N20,VIIRS,n,2,305.96,4.25,D,0
16.22588,80.61548,344.63,0.47,0.4,2024-05-06,805,N20,VIIRS,n,2,306.81,4.54,D,0
16.22905,80.72243,338.03,0.47,0.4,2024-05-06,805,N20,VIIRS,n,2,306.31,4.83,D,0
16.22964,80.72685,337.83,0.47,0.4,2024-05-06,805,N20,VIIRS,n,2,304.89,4.83,D,0
16.23671,80.78004,341.47,0.48,0.4,2024-05-06,805,N20,VIIRS,n,2,305.92,2.98,D,0
16.24036,80.77952,338.31,0.48,0.4,2024-05-06,805,N20,VIIRS,n,2,305.6,2.98,D,0
16.25525,80.69617,348.62,0.47,0.4,2024-05-06,805,N20,VIIRS,n,2,306.72,14.44,D,0
16.25651,80.67805,336.88,0.47,0.4,2024-05-06,805,N20,VIIRS,n,2,306.84,5.3,D,0
16.25703,80.70941,342.59,0.47,0.4,2024-05-06,805,N20,VIIRS,n,2,306.45,4.53,D,0
16.25837,80.66434,337.94,0.47,0.4,2024-05-06,805,N20,VIIRS,n,2,305.75,2.86,D,0
16.262,80.66381,339.31,0.47,0.4,2024-05-06,805,N20,VIIRS,n,2,305.98,2.86,D,0
16.27166,80.68035,340.47,0.47,0.4,2024-05-06,805,N20,VIIRS,n,2,307.59,11.79,D,0
16.28554,80.72784,340.59,0.47,0.4,2024-05-06,805,N20,VIIRS,n,2,305.93,7.39,D,0
16.28918,80.72731,337.37,0.47,0.4,2024-05-06,805,N20,VIIRS,n,2,306.26,5.33,D,0
16.29708,80.73068,338.15,0.47,0.4,2024-05-06,805,N20,VIIRS,n,2,306.91,5.6,D,0
16.29834,80.6855,335.83,0.47,0.4,2024-05-06,805,N20,VIIRS,n,2,305.44,3.37,D,0
16.30255,80.74345,336.56,0.48,0.4,2024-05-06,805,N20,VIIRS,n,2,305.97,4.54,D,0
16.3062,80.74292,343.6,0.48,0.4,2024-05-06,805,N20,VIIRS,n,2,306.29,5.34,D,0
16.30985,80.74239,342.58,0.48,0.4,2024-05-06,805,N20,VIIRS,n,2,305.73,5.34,D,0
16.31044,80.80125,335.18,0.48,0.4,2024-05-06,805,N20,VIIRS,n,2,304.82,3.56,D,0
16.31047,80.69275,340.73,0.47,0.4,2024-05-06,805,N20,VIIRS,n,2,306.51,4.68,D,0
16.31958,80.70493,349.42,0.47,0.4,2024-05-06,805,N20,VIIRS,n,2,308.07,8.52,D,0
16.31997,80.70589,355.14,0.47,0.4,2024-05-06,805,N20,VIIRS,n,2,308.4,9.37,D,0
16.32019,80.70935,340.08,0.47,0.4,2024-05-06,805,N20,VIIRS,n,2,307.66,5.56,D,0
16.32907,79.83535,340.57,0.43,0.38,2024-05-06,805,N20,VIIRS,n,2,307.98,6.35,D,0
16.33632,80.71705,345.77,0.47,0.4,2024-05-06,805,N20,VIIRS,n,2,307.37,9.0,D,0
16.33997,80.71652,341.32,0.47,0.4,2024-05-06,805,N20,VIIRS,n,2,308.49,9.0,D,0
16.40318,80.74364,333.61,0.48,0.4,2024-05-06,805,N20,VIIRS,l,2,304.78,0.81,D,0
16.44322,80.70773,341.2,0.48,0.4,2024-05-06,805,N20,VIIRS,n,2,305.77,3.43,D,0
16.4796,80.75696,341.3,0.48,0.4,2024-05-06,805,N20,VIIRS,n,2,306.14,9.61,D,0
16.49792,80.75434,335.23,0.48,0.4,2024-05-06,805,N20,VIIRS,l,2,306.03,2.73,D,0
16.50896,80.69831,334.8,0.48,0.4,2024-05-06,805,N20,VIIRS,l,2,305.23,2.65,D,0
16.52051,80.72839,335.56,0.48,0.4,2024-05-06,805,N20,VIIRS,l,2,305.71,3.45,D,0
16.52417,80.72786,339.98,0.48,0.4,2024-05-06,805,N20,VIIRS,n,2,306.22,3.45,D,0
16.52966,80.74071,337.24,0.48,0.4,2024-05-06,805,N20,VIIRS,n,2,306.69,4.44,D,0
16.53027,80.74517,341.45,0.48,0.4,2024-05-06,805,N20,VIIRS,n,2,307.45,7.26,D,0
16.55167,80.71143,339.86,0.48,0.4,2024-05-06,805,N20,VIIRS,n,2,307.93,8.88,D,0
16.56567,80.29667,342.05,0.46,0.39,2024-05-06,805,N20,VIIRS,n,2,308.16,10.41,D,0
16.57013,80.65445,335.92,0.47,0.4,2024-05-06,805,N20,VIIRS,l,2,306.52,5.65,D,0
16.65423,79.94652,345.21,0.44,0.38,2024-05-06,805,N20,VIIRS,n,2,311.36,14.02,D,0
16.72705,81.28515,340.59,0.51,0.41,2024-05-06,805,N20,VIIRS,n,2,301.55,4.08,D,0
16.73083,81.28462,330.19,0.51,0.41,2024-05-06,805,N20,VIIRS,n,2,300.0,4.08,D,0
16.74934,80.71102,340.3,0.48,0.4,2024-05-06,805,N20,VIIRS,n,2,306.79,9.87,D,0
16.79964,81.33869,340.29,0.52,0.41,2024-05-06,805,N20,VIIRS,n,2,302.91,5.08,D,0
16.47665,77.89637,348.93,0.39,0.36,2024-05-06,806,N20,VIIRS,n,2,315.93,8.16,D,0
16.51055,77.05859,347.1,0.38,0.36,2024-05-06,806,N20,VIIRS,l,2,319.0,13.66,D,0
16.56864,78.31638,349.32,0.39,0.36,2024-05-06,806,N20,VIIRS,n,2,315.81,14.23,D,0
16.63117,78.46459,355.56,0.4,0.37,2024-05-06,806,N20,VIIRS,n,2,313.24,12.93,D,0
16.63602,78.78391,346.83,0.4,0.37,2024-05-06,806,N20,VIIRS,l,2,317.06,16.51,D,0
16.65452,79.94698,345.45,0.44,0.38,2024-05-06,806,N20,VIIRS,n,2,310.72,16.4,D,0
16.74077,78.78299,350.86,0.4,0.37,2024-05-06,806,N20,VIIRS,n,2,317.92,3.63,D,0
16.74508,80.42969,344.62,0.46,0.39,2024-05-06,806,N20,VIIRS,n,2,310.02,16.25,D,0
16.77008,78.86729,348.87,0.41,0.37,2024-05-06,806,N20,VIIRS,n,2,314.57,9.23,D,0
16.79666,80.51107,337.65,0.47,0.4,2024-05-06,806,N20,VIIRS,n,2,306.42,7.21,D,0
16.85605,78.33114,342.94,0.39,0.37,2024-05-06,806,N20,VIIRS,l,2,313.75,11.79,D,0
17.02691,80.19447,341.32,0.46,0.39,2024-05-06,806,N20,VIIRS,n,2,309.16,15.22,D,0
17.03618,79.83792,346.1,0.44,0.38,2024-05-06,806,N20,VIIRS,n,2,308.64,17.26,D,0
17.04331,80.7925,343.92,0.49,0.4,2024-05-06,806,N20,VIIRS,n,2,306.38,8.61,D,0
17.04504,81.18197,336.09,0.51,0.41,2024-05-06,806,N20,VIIRS,n,2,304.03,7.39,D,0
17.06902,80.26253,341.99,0.46,0.39,2024-05-06,806,N20,VIIRS,n,2,308.97,13.46,D,0
17.07216,80.01943,342.4,0.45,0.39,2024-05-06,806,N20,VIIRS,n,2,310.67,14.42,D,0
17.09937,80.35087,340.75,0.46,0.39,2024-05-06,806,N20,VIIRS,n,2,308.78,13.57,D,0
17.11321,80.81699,337.44,0.49,0.4,2024-05-06,806,N20,VIIRS,l,2,307.86,5.61,D,0
17.11529,80.12943,336.97,0.45,0.39,2024-05-06,806,N20,VIIRS,n,2,306.73,7.24,D,0
17.12241,78.76579,347.88,0.41,0.37,2024-05-06,806,N20,VIIRS,n,2,313.74,24.87,D,0
17.13916,79.98374,341.7,0.45,0.39,2024-05-06,806,N20,VIIRS,n,2,310.09,12.97,D,0
17.2161,80.80752,335.95,0.49,0.4,2024-05-06,806,N20,VIIRS,n,2,305.67,2.57,D,0
17.2198,80.80698,346.92,0.49,0.4,2024-05-06,806,N20,VIIRS,n,2,306.57,9.78,D,0
17.24528,78.44721,336.65,0.4,0.37,2024-05-06,806,N20,VIIRS,l,2,307.71,4.17,D,0
17.25521,80.04069,342.88,0.45,0.39,2024-05-06,806,N20,VIIRS,n,2,311.41,14.28,D,0
17.26146,79.20173,336.17,0.42,0.38,2024-05-06,806,N20,VIIRS,l,2,307.38,2.42,D,0
17.26283,81.2581,338.66,0.52,0.41,2024-05-06,806,N20,VIIRS,n,2,306.76,3.55,D,0
17.26345,81.26294,335.46,0.52,0.41,2024-05-06,806,N20,VIIRS,l,2,305.98,3.55,D,0
17.26387,81.2618,341.26,0.52,0.41,2024-05-06,806,N20,VIIRS,n,2,306.41,6.48,D,0
17.2741,79.19177,336.31,0.42,0.38,2024-05-06,806,N20,VIIRS,l,2,307.99,2.07,D,0
17.27698,79.18734,338.21,0.42,0.38,2024-05-06,806,N20,VIIRS,l,2,308.31,2.07,D,0
17.27754,79.19126,343.17,0.42,0.38,2024-05-06,806,N20,VIIRS,n,2,308.49,2.07,D,0
17.28042,79.18683,340.15,0.42,0.38,2024-05-06,806,N20,VIIRS,n,2,308.59,2.48,D,0
17.28098,79.19074,348.72,0.42,0.38,2024-05-06,806,N20,VIIRS,n,2,308.9,2.48,D,0
17.28153,79.19466,343.16,0.42,0.38,2024-05-06,806,N20,VIIRS,n,2,308.68,4.32,D,0
17.28386,79.18632,336.53,0.42,0.38,2024-05-06,806,N20,VIIRS,l,2,307.71,2.48,D,0
17.28441,79.19024,346.36,0.42,0.38,2024-05-06,806,N20,VIIRS,n,2,307.88,2.48,D,0
17.29387,79.03397,341.56,0.41,0.37,2024-05-06,806,N20,VIIRS,n,2,310.44,8.44,D,0
17.35513,79.59105,339.36,0.43,0.38,2024-05-06,806,N20,VIIRS,n,2,309.17,4.67,D,0
17.36202,78.94859,339.25,0.41,0.37,2024-05-06,806,N20,VIIRS,l,2,309.28,5.41,D,0
17.36331,80.70451,338.68,0.49,0.4,2024-05-06,806,N20,VIIRS,n,2,306.01,3.43,D,0
17.40919,81.13685,337.05,0.51,0.41,2024-05-06,806,N20,VIIRS,l,2,308.48,5.54,D,0
17.4185,78.75561,341.51,0.41,0.37,2024-05-06,806,N20,VIIRS,l,2,315.52,9.62,D,0
17.4271,80.92602,338.51,0.5,0.41,2024-05-06,806,N20,VIIRS,n,2,305.71,3.98,D,0
17.42858,80.92738,337.36,0.5,0.41,2024-05-06,806,N20,VIIRS,n,2,305.15,3.41,D,0
17.50341,79.56168,344.18,0.43,0.38,2024-05-06,806,N20,VIIRS,n,2,311.25,9.09,D,0
17.50453,79.56983,338.13,0.43,0.38,2024-05-06,806,N20,VIIRS,n,2,306.63,4.24,D,0
17.51648,80.90105,335.24,0.5,0.41,2024-05-06,806,N20,VIIRS,l,2,307.78,3.49,D,0
17.57334,78.83686,339.46,0.41,0.37,2024-05-06,806,N20,VIIRS,n,2,308.06,15.18,D,0
17.58184,79.63748,352.72,0.44,0.38,2024-05-06,806,N20,VIIRS,n,2,308.34,5.95,D,0
17.58277,79.6375,351.84,0.44,0.38,2024-05-06,806,N20,VIIRS,n,2,308.22,11.88,D,0
17.58535,79.63696,336.17,0.44,0.38,2024-05-06,806,N20,VIIRS,n,2,306.13,5.95,D,0
17.60664,81.08424,338.51,0.51,0.41,2024-05-06,806,N20,VIIRS,n,2,308.27,8.75,D,0
17.60695,79.12166,341.84,0.42,0.38,2024-05-06,806,N20,VIIRS,n,2,311.26,10.67,D,0
17.61473,80.19157,341.44,0.46,0.39,2024-05-06,806,N20,VIIRS,n,2,310.68,10.64,D,0
17.63742,81.02605,336.85,0.51,0.41,2024-05-06,806,N20,VIIRS,n,2,306.67,4.93,D,0
17.64354,80.18739,345.57,0.46,0.39,2024-05-06,806,N20,VIIRS,n,2,310.14,11.23,D,0
17.65495,80.19018,350.09,0.46,0.39,2024-05-06,806,N20,VIIRS,n,2,309.1,10.86,D,0
17.65667,80.19053,349.82,0.46,0.39,2024-05-06,806,N20,VIIRS,n,2,309.94,15.15,D,0
17.65855,80.18964,341.17,0.46,0.39,2024-05-06,806,N20,VIIRS,n,2,309.36,10.47,D,0
17.67379,77.09132,350.27,0.38,0.36,2024-05-06,806,N20,VIIRS,l,2,323.01,3.54,D,0
17.67656,80.17432,352.57,0.46,0.39,2024-05-06,806,N20,VIIRS,n,2,309.56,8.49,D,0
17.68016,80.17379,341.69,0.46,0.39,2024-05-06,806,N20,VIIRS,n,2,306.45,8.49,D,0
17.70768,80.18724,339.39,0.46,0.39,2024-05-06,806,N20,VIIRS,n,2,307.07,6.86,D,0
17.71771,79.67677,343.0,0.44,0.38,2024-05-06,806,N20,VIIRS,n,2,311.04,11.39,D,0
17.72071,80.04037,344.47,0.46,0.39,2024-05-06,806,N20,VIIRS,n,2,313.77,13.17,D,0
17.73121,79.77641,340.41,0.44,0.39,2024-05-06,806,N20,VIIRS,n,2,307.27,7.36,D,0
17.75016,79.2257,343.66,0.42,0.38,2024-05-06,806,N20,VIIRS,n,2,309.29,14.55,D,0
17.75131,80.62676,340.18,0.49,0.4,2024-05-06,806,N20,VIIRS,n,2,309.48,8.72,D,0
17.76258,80.09172,346.48,0.46,0.39,2024-05-06,806,N20,VIIRS,n,2,312.41,14.71,D,0
17.79115,81.31432,336.18,0.53,0.42,2024-05-06,806,N20,VIIRS,n,2,305.34,4.49,D,0
17.80316,79.74878,341.05,0.44,0.39,2024-05-06,806,N20,VIIRS,l,2,311.13,10.98,D,0
17.85264,80.75005,340.81,0.5,0.41,2024-05-06,806,N20,VIIRS,l,2,311.54,8.51,D,0
17.85606,78.24041,346.45,0.4,0.37,2024-05-06,806,N20,VIIRS,n,2,316.25,9.21,D,0
17.86045,80.83998,343.34,0.5,0.41,2024-05-06,806,N20,VIIRS,n,2,308.3,7.69,D,0
17.9313,80.2148,339.37,0.47,0.39,2024-05-06,806,N20,VIIRS,n,2,307.95,8.35,D,0
17.94252,78.38778,348.56,0.4,0.37,2024-05-06,806,N20,VIIRS,n,2,317.77,10.6,D,0
17.94346,78.14211,348.37,0.4,0.37,2024-05-06,806,N20,VIIRS,l,2,320.32,10.38,D,0
17.94574,78.13417,350.1,0.4,0.37,2024-05-06,806,N20,VIIRS,n,2,318.71,6.89,D,0
17.94627,78.13789,347.05,0.4,0.37,2024-05-06,806,N20,VIIRS,l,2,318.03,6.89,D,0
17.95024,79.45484,342.13,0.43,0.38,2024-05-06,806,N20,VIIRS,n,2,311.8,8.31,D,0
17.96747,79.79019,348.18,0.45,0.39,2024-05-06,806,N20,VIIRS,n,2,313.41,43.2,D,0
17.97725,78.06853,341.2,0.39,0.37,2024-05-06,806,N20,VIIRS,l,2,315.5,4.85,D,0
18.0126,78.55388,347.48,0.41,0.37,2024-05-06,806,N20,VIIRS,l,2,317.92,9.9,D,0
18.03503,78.2307,352.52,0.4,0.37,2024-05-06,806,N20,VIIRS,n,2,317.16,11.48,D,0
18.03726,78.23048,342.4,0.4,0.37,2024-05-06,806,N20,VIIRS,l,2,313.63,3.9,D,0
18.05926,78.09747,348.59,0.4,0.37,2024-05-06,806,N20,VIIRS,n,2,315.0,23.87,D,0
18.06572,80.72854,341.04,0.5,0.41,2024-05-06,806,N20,VIIRS,n,2,310.07,11.13,D,0
18.07006,80.73269,347.12,0.5,0.41,2024-05-06,806,N20,VIIRS,n,2,309.5,10.61,D,0
18.07812,78.10968,352.17,0.4,0.37,2024-05-06,806,N20,VIIRS,n,2,318.39,11.94,D,0
18.0791,78.23536,349.89,0.4,0.37,2024-05-06,806,N20,VIIRS,l,2,320.77,14.71,D,0
18.07964,78.23909,350.71,0.4,0.37,2024-05-06,806,N20,VIIRS,n,2,318.71,14.71,D,0
18.08201,78.11288,347.82,0.4,0.37,2024-05-06,806,N20,VIIRS,n,2,317.02,6.54,D,0
18.08246,78.23483,350.46,0.4,0.37,2024-05-06,806,N20,VIIRS,n,2,319.65,14.71,D,0
18.08535,78.11235,346.97,0.4,0.37,2024-05-06,806,N20,VIIRS,n,2,316.19,6.54,D,0
18.08607,79.92084,343.81,0.45,0.39,2024-05-06,806,N20,VIIRS,n,2,310.1,13.81,D,0
18.09195,79.93746,339.37,0.46,0.39,2024-05-06,806,N20,VIIRS,n,2,308.59,13.62,D,0
18.09291,78.04663,349.12,0.39,0.37,2024-05-06,806,N20,VIIRS,l,2,323.6,28.6,D,0
18.10088,78.12511,343.29,0.4,0.37,2024-05-06,806,N20,VIIRS,l,2,317.53,7.54,D,0
18.10373,80.61409,339.74,0.49,0.4,2024-05-06,806,N20,VIIRS,l,2,310.79,6.93,D,0
18.10423,78.12459,349.85,0.4,0.37,2024-05-06,806,N20,VIIRS,n,2,317.99,11.13,D,0
18.12032,78.25949,344.76,0.4,0.37,2024-05-06,806,N20,VIIRS,l,2,318.89,11.99,D,0
18.12593,78.13259,348.59,0.4,0.37,2024-05-06,806,N20,VIIRS,l,2,320.6,17.69,D,0
18.16633,79.47754,348.82,0.44,0.38,2024-05-06,806,N20,VIIRS,n,2,312.83,17.15,D,0
18.18387,78.02055,341.69,0.39,0.37,2024-05-06,806,N20,VIIRS,l,2,316.55,15.02,D,0
18.20843,78.00153,343.74,0.39,0.37,2024-05-06,806,N20,VIIRS,l,2,317.27,14.55,D,0
18.21663,78.03437,349.49,0.4,0.37,2024-05-06,806,N20,VIIRS,l,2,320.41,24.39,D,0
18.21717,78.03808,344.17,0.4,0.37,2024-05-06,806,N20,VIIRS,l,2,318.63,11.93,D,0
18.21898,78.00365,355.05,0.39,0.37,2024-05-06,806,N20,VIIRS,n,2,319.09,26.45,D,0
18.22144,78.9934,343.35,0.42,0.38,2024-05-06,806,N20,VIIRS,l,2,316.17,13.28,D,0
18.23635,79.25182,342.88,0.43,0.38,2024-05-06,806,N20,VIIRS,l,2,316.96,13.34,D,0
18.25023,78.0595,344.36,0.4,0.37,2024-05-06,806,N20,VIIRS,l,2,318.7,5.54,D,0
18.25357,78.05898,343.62,0.4,0.37,2024-05-06,806,N20,VIIRS,l,2,318.61,5.54,D,0
18.25418,80.48754,344.03,0.49,0.4,2024-05-06,806,N20,VIIRS,n,2,309.79,7.42,D,0
18.27827,81.42801,337.65,0.54,0.42,2024-05-06,806,N20,VIIRS,n,2,305.48,3.14,D,0
18.28904,79.24806,342.06,0.43,0.38,2024-05-06,806,N20,VIIRS,l,2,314.37,2.26,D,0
18.29042,78.83863,348.67,0.42,0.37,2024-05-06,806,N20,VIIRS,n,2,317.84,14.17,D,0
18.29081,79.24813,341.33,0.43,0.38,2024-05-06,806,N20,VIIRS,l,2,313.46,2.64,D,0
18.31388,77.86733,348.16,0.39,0.36,2024-05-06,806,N20,VIIRS,l,2,319.12,10.17,D,0
18.32081,78.67964,343.68,0.41,0.37,2024-05-06,806,N20,VIIRS,l,2,316.85,5.31,D,0
18.32135,78.68351,344.62,0.41,0.37,2024-05-06,806,N20,VIIRS,l,2,318.45,5.31,D,0
18.32476,78.68299,344.58,0.41,0.37,2024-05-06,806,N20,VIIRS,l,2,318.54,5.4,D,0
18.33892,77.85201,343.78,0.39,0.36,2024-05-06,806,N20,VIIRS,l,2,316.55,7.36,D,0
18.34547,77.87366,342.98,0.39,0.36,2024-05-06,806,N20,VIIRS,l,2,317.15,7.72,D,0
18.3486,78.58079,345.66,0.41,0.37,2024-05-06,806,N20,VIIRS,l,2,317.48,12.72,D,0
18.35546,77.87206,347.86,0.39,0.36,2024-05-06,806,N20,VIIRS,l,2,318.0,14.85,D,0
18.35653,77.87946,350.71,0.39,0.36,2024-05-06,806,N20,VIIRS,n,2,317.7,8.6,D,0
18.36562,78.67677,350.48,0.41,0.37,2024-05-06,806,N20,VIIRS,l,2,322.96,26.75,D,0
18.36876,78.72376,345.15,0.41,0.37,2024-05-06,806,N20,VIIRS,l,2,317.92,7.13,D,0
18.3693,78.72765,347.94,0.41,0.37,2024-05-06,806,N20,VIIRS,l,2,319.57,8.35,D,0
18.36986,78.25844,349.75,0.4,0.37,2024-05-06,806,N20,VIIRS,l,2,321.16,14.23,D,0
18.37216,78.72321,342.45,0.41,0.37,2024-05-06,806,N20,VIIRS,l,2,316.67,7.13,D,0
18.37271,78.7271,348.81,0.41,0.37,2024-05-06,806,N20,VIIRS,l,2,319.67,12.95,D,0
18.37297,79.53677,348.38,0.44,0.38,2024-05-06,806,N20,VIIRS,n,2,313.35,12.38,D,0
18.3778,78.24176,367.0,0.4,0.37,2024-05-06,806,N20,VIIRS,l,2,325.2,5.29,D,0
18.37833,78.24551,367.0,0.4,0.37,2024-05-06,806,N20,VIIRS,l,2,325.41,5.29,D,0
18.3794,78.25304,367.0,0.4,0.37,2024-05-06,806,N20,VIIRS,l,2,325.25,7.76,D,0
18.37994,78.25682,367.0,0.4,0.37,2024-05-06,806,N20,VIIRS,l,2,325.63,8.79,D,0
18.38048,78.2606,352.23,0.4,0.37,2024-05-06,806,N20,VIIRS,l,2,323.49,8.79,D,0
18.38101,78.26437,352.54,0.4,0.37,2024-05-06,806,N20,VIIRS,l,2,323.79,8.65,D,0
18.38109,79.2593,343.24,0.43,0.38,2024-05-06,806,N20,VIIRS,l,2,313.39,7.98,D,0
18.38169,78.24499,348.99,0.4,0.37,2024-05-06,806,N20,VIIRS,l,2,321.0,5.29,D,0
18.38223,78.24875,350.55,0.4,0.37,2024-05-06,806,N20,VIIRS,n,2,319.77,7.76,D,0
18.38438,78.26385,367.0,0.4,0.37,2024-05-06,806,N20,VIIRS,l,2,325.3,8.65,D,0
18.38506,78.24447,350.55,0.4,0.37,2024-05-06,806,N20,VIIRS,l,2,321.79,12.4,D,0
18.38559,78.24823,355.92,0.4,0.37,2024-05-06,806,N20,VIIRS,n,2,321.27,8.47,D,0
18.38613,78.252,354.15,0.4,0.37,2024-05-06,806,N20,VIIRS,n,2,319.53,8.47,D,0
18.38909,78.22462,348.42,0.4,0.37,2024-05-06,806,N20,VIIRS,l,2,319.99,14.26,D,0
18.40808,81.384,335.89,0.54,0.42,2024-05-06,806,N20,VIIRS,l,2,306.37,13.64,D,0
18.46034,78.53161,352.82,0.41,0.37,2024-05-06,806,N20,VIIRS,n,2,320.65,7.73,D,0
18.46289,79.27267,338.64,0.43,0.38,2024-05-06,806,N20,VIIRS,l,2,311.82,13.21,D,0
18.46345,79.27674,341.79,0.43,0.38,2024-05-06,806,N20,VIIRS,l,2,314.43,13.21,D,0
18.46694,79.27622,353.64,0.43,0.38,2024-05-06,806,N20,VIIRS,n,2,318.81,13.21,D,0
18.47879,78.0452,352.44,0.4,0.37,2024-05-06,806,N20,VIIRS,n,2,325.86,35.29,D,0
18.48672,78.69357,345.29,0.41,0.37,2024-05-06,806,N20,VIIRS,l,2,319.26,16.06,D,0
18.49876,79.4809,350.96,0.44,0.38,2024-05-06,806,N20,VIIRS,n,2,316.83,4.66,D,0
18.50228,79.48039,348.91,0.44,0.38,2024-05-06,806,N20,VIIRS,n,2,315.94,4.66,D,0
18.5117,78.69769,342.7,0.41,0.37,2024-05-06,806,N20,VIIRS,l,2,317.17,12.31,D,0
18.52129,81.27155,335.8,0.54,0.42,2024-05-06,806,N20,VIIRS,l,2,307.39,4.49,D,0
18.53535,78.44186,351.21,0.41,0.37,2024-05-06,806,N20,VIIRS,l,2,323.79,7.37,D,0
18.54506,79.03435,350.71,0.42,0.38,2024-05-06,806,N20,VIIRS,n,2,317.83,6.75,D,0
18.5654,78.70501,341.77,0.41,0.37,2024-05-06,806,N20,VIIRS,l,2,314.49,8.01,D,0
18.58468,78.49677,348.05,0.41,0.37,2024-05-06,806,N20,VIIRS,l,2,319.1,2.86,D,0
18.59255,78.03503,345.12,0.4,0.37,2024-05-06,806,N20,VIIRS,l,2,315.38,3.54,D,0
18.59633,78.15714,346.06,0.4,0.37,2024-05-06,806,N20,VIIRS,l,2,318.41,12.21,D,0
18.60197,78.14857,350.0,0.4,0.37,2024-05-06,806,N20,VIIRS,n,2,318.58,13.76,D,0
18.61637,78.27366,344.65,0.4,0.37,2024-05-06,806,N20,VIIRS,l,2,317.64,12.47,D,0
18.63118,81.13668,335.11,0.53,0.42,2024-05-06,806,N20,VIIRS,l,2,308.53,3.6,D,0
18.63793,78.11221,347.11,0.4,0.37,2024-05-06,806,N20,VIIRS,l,2,318.96,15.27,D,0
18.63819,81.13055,346.92,0.53,0.42,2024-05-06,806,N20,VIIRS,n,2,307.65,9.47,D,0
18.64033,81.12791,338.69,0.53,0.42,2024-05-06,806,N20,VIIRS,n,2,306.9,4.03,D,0
18.64094,81.13277,332.12,0.53,0.42,2024-05-06,806,N20,VIIRS,l,2,306.99,4.13,D,0
18.64202,81.12997,335.03,0.53,0.42,2024-05-06,806,N20,VIIRS,l,2,306.45,3.66,D,0
18.64416,81.12734,336.34,0.53,0.42,2024-05-06,806,N20,VIIRS,l,2,306.62,4.03,D,0
18.64585,81.12939,338.47,0.53,0.42,2024-05-06,806,N20,VIIRS,n,2,307.13,3.66,D,0
18.64799,81.12671,333.17,0.53,0.42,2024-05-06,806,N20,VIIRS,l,2,305.51,2.77,D,0
18.6486,81.13157,341.2,0.53,0.42,2024-05-06,806,N20,VIIRS,n,2,306.84,4.25,D,0
18.66483,78.34766,350.81,0.4,0.37,2024-05-06,806,N20,VIIRS,l,2,322.62,17.97,D,0
18.67318,78.47923,350.02,0.41,0.37,2024-05-06,806,N20,VIIRS,n,2,319.94,5.24,D,0
18.67524,79.55765,344.31,0.44,0.39,2024-05-06,806,N20,VIIRS,n,2,312.39,13.52,D,0
18.67657,78.47871,348.63,0.41,0.37,2024-05-06,806,N20,VIIRS,l,2,319.83,2.97,D,0
18.68947,78.375,351.52,0.4,0.37,2024-05-06,806,N20,VIIRS,n,2,320.7,14.52,D,0
18.71038,78.02809,351.33,0.4,0.37,2024-05-06,806,N20,VIIRS,n,2,319.86,15.96,D,0
18.71755,78.14986,340.64,0.4,0.37,2024-05-06,806,N20,VIIRS,l,2,313.82,3.73,D,0
18.71808,78.15361,342.57,0.4,0.37,2024-05-06,806,N20,VIIRS,l,2,317.37,3.73,D,0
18.71884,81.0108,334.06,0.52,0.42,2024-05-06,806,N20,VIIRS,l,2,305.29,5.72,D,0
18.73098,78.14772,341.17,0.4,0.37,2024-05-06,806,N20,VIIRS,l,2,315.44,4.54,D,0
18.73468,77.95931,344.54,0.4,0.37,2024-05-06,806,N20,VIIRS,l,2,317.85,9.71,D,0
18.73491,78.44257,344.79,0.41,0.37,2024-05-06,806,N20,VIIRS,l,2,318.87,12.2,D,0
18.73688,78.80692,349.31,0.42,0.37,2024-05-06,806,N20,VIIRS,l,2,320.9,7.47,D,0
18.744,78.11879,347.88,0.4,0.37,2024-05-06,806,N20,VIIRS,l,2,318.74,9.13,D,0
18.76077,80.11765,337.89,0.47,0.4,2024-05-06,806,N20,VIIRS,l,2,311.19,6.08,D,0
18.77962,77.99402,345.47,0.4,0.37,2024-05-06,806,N20,VIIRS,n,2,315.19,6.41,D,0
18.79118,80.06796,343.9,0.47,0.4,2024-05-06,806,N20,VIIRS,n,2,311.91,5.74,D,0
18.82248,79.55367,339.89,0.45,0.39,2024-05-06,806,N20,VIIRS,l,2,312.74,9.22,D,0
18.83346,80.13432,340.69,0.47,0.4,2024-05-06,806,N20,VIIRS,n,2,310.14,5.42,D,0
18.83759,78.75202,340.89,0.42,0.37,2024-05-06,806,N20,VIIRS,l,2,315.12,7.65,D,0
18.83929,78.99078,338.87,0.42,0.38,2024-05-06,806,N20,VIIRS,l,2,313.25,8.77,D,0
18.84698,78.24942,350.58,0.4,0.37,2024-05-06,806,N20,VIIRS,n,2,319.63,9.05,D,0
18.85036,78.2489,347.89,0.4,0.37,2024-05-06,806,N20,VIIRS,l,2,319.83,9.05,D,0
18.8509,78.25269,343.91,0.4,0.37,2024-05-06,806,N20,VIIRS,l,2,317.58,11.39,D,0
18.85264,78.24078,352.35,0.4,0.37,2024-05-06,806,N20,VIIRS,n,2,318.71,13.63,D,0
18.85851,78.06598,347.35,0.4,0.37,2024-05-06,806,N20,VIIRS,l,2,320.45,9.02,D,0
18.86187,78.06545,348.05,0.4,0.37,2024-05-06,806,N20,VIIRS,l,2,322.27,19.44,D,0
18.86804,78.06062,349.82,0.4,0.37,2024-05-06,806,N20,VIIRS,n,2,319.65,11.2,D,0
18.86951,80.37391,338.91,0.49,0.4,2024-05-06,806,N20,VIIRS,l,2,311.08,6.57,D,0
18.89623,81.0452,333.06,0.53,0.42,2024-05-06,806,N20,VIIRS,l,2,306.75,4.63,D,0
18.8996,78.42486,344.23,0.41,0.37,2024-05-06,806,N20,VIIRS,l,2,318.8,11.74,D,0
18.90035,78.1521,348.02,0.4,0.37,2024-05-06,806,N20,VIIRS,l,2,319.05,10.72,D,0
18.93078,79.17963,347.14,0.43,0.38,2024-05-06,806,N20,VIIRS,l,2,319.23,24.36,D,0
18.95886,77.63754,345.5,0.39,0.36,2024-05-06,806,N20,VIIRS,l,2,318.9,15.11,D,0
18.97126,80.5258,332.14,0.5,0.41,2024-05-06,806,N20,VIIRS,l,2,306.38,3.77,D,0
19.01738,78.04401,347.9,0.4,0.37,2024-05-06,806,N20,VIIRS,l,2,320.24,17.29,D,0
19.09937,78.47621,346.78,0.41,0.37,2024-05-06,806,N20,VIIRS,l,2,317.18,9.08,D,0
19.13183,78.98803,343.85,0.43,0.38,2024-05-06,806,N20,VIIRS,l,2,315.64,11.94,D,0
19.1423,78.35542,343.52,0.41,0.37,2024-05-06,806,N20,VIIRS,l,2,317.87,12.53,D,0
19.14995,81.15911,344.11,0.54,0.42,2024-05-06,806,N20,VIIRS,n,2,310.54,5.23,D,0
19.15809,81.03954,334.46,0.53,0.42,2024-05-06,806,N20,VIIRS,l,2,305.79,3.83,D,0
19.15856,79.05402,348.88,0.43,0.38,2024-05-06,806,N20,VIIRS,n,2,312.9,15.73,D,0
19.16384,81.00555,344.13,0.53,0.42,2024-05-06,806,N20,VIIRS,n,2,306.49,7.2,D,0
19.16507,81.00312,334.34,0.53,0.42,2024-05-06,806,N20,VIIRS,l,2,306.43,3.18,D,0
19.17689,81.15434,331.72,0.54,0.42,2024-05-06,806,N20,VIIRS,l,2,305.16,2.8,D,0
19.19393,77.52763,342.91,0.39,0.36,2024-05-06,806,N20,VIIRS,l,2,317.55,6.81,D,0
19.20739,80.82782,333.96,0.52,0.41,2024-05-06,806,N20,VIIRS,l,2,307.0,2.3,D,0
19.20955,81.02744,333.97,0.53,0.42,2024-05-06,806,N20,VIIRS,l,2,306.04,9.3,D,0
19.2143,80.82142,332.75,0.52,0.41,2024-05-06,806,N20,VIIRS,l,2,307.66,4.43,D,0
19.22166,81.18626,338.5,0.54,0.42,2024-05-06,806,N20,VIIRS,n,2,304.6,5.94,D,0
19.22355,81.26488,336.49,0.55,0.43,2024-05-06,806,N20,VIIRS,l,2,307.76,6.26,D,0
19.23133,81.20039,346.64,0.54,0.42,2024-05-06,806,N20,VIIRS,n,2,308.62,18.55,D,0
19.23135,81.26383,334.78,0.55,0.43,2024-05-06,806,N20,VIIRS,l,2,304.93,3.81,D,0
19.23199,81.20563,349.54,0.54,0.42,2024-05-06,806,N20,VIIRS,n,2,309.36,22.81,D,0
19.23336,80.9089,334.42,0.52,0.42,2024-05-06,806,N20,VIIRS,l,2,308.37,4.62,D,0
19.23522,81.19994,354.06,0.54,0.42,2024-05-06,806,N20,VIIRS,n,2,310.72,42.91,D,0
19.23976,81.23609,350.68,0.55,0.42,2024-05-06,806,N20,VIIRS,n,2,309.08,8.92,D,0
19.24107,81.18369,344.43,0.54,0.42,2024-05-06,806,N20,VIIRS,n,2,309.03,20.08,D,0
19.2417,81.18871,342.13,0.54,0.42,2024-05-06,806,N20,VIIRS,n,2,304.07,20.08,D,0
19.24558,81.18811,343.4,0.54,0.42,2024-05-06,806,N20,VIIRS,n,2,305.94,20.08,D,0
19.24672,80.89207,340.66,0.52,0.42,2024-05-06,806,N20,VIIRS,n,2,307.57,4.46,D,0
19.24736,80.89705,334.15,0.52,0.42,2024-05-06,806,N20,VIIRS,l,2,308.5,3.69,D,0
19.24738,80.98724,330.59,0.53,0.42,2024-05-06,806,N20,VIIRS,l,2,305.1,4.33,D,0
19.25265,81.15066,332.48,0.54,0.42,2024-05-06,806,N20,VIIRS,l,2,304.64,3.99,D,0
19.25381,81.03712,337.24,0.53,0.42,2024-05-06,806,N20,VIIRS,n,2,303.69,1.93,D,0
19.25393,81.12979,335.14,0.54,0.42,2024-05-06,806,N20,VIIRS,n,2,303.86,5.05,D,0
19.2577,80.89283,335.37,0.52,0.42,2024-05-06,806,N20,VIIRS,l,2,308.33,3.2,D,0
19.2578,81.12928,341.26,0.54,0.42,2024-05-06,806,N20,VIIRS,n,2,305.84,16.33,D,0
19.26274,80.90211,331.07,0.52,0.42,2024-05-06,806,N20,VIIRS,l,2,305.28,2.27,D,0
19.26274,80.95536,349.95,0.53,0.42,2024-05-06,806,N20,VIIRS,n,2,309.66,19.57,D,0
19.26389,80.94262,331.24,0.53,0.42,2024-05-06,806,N20,VIIRS,l,2,304.49,4.93,D,0
19.26461,80.93983,346.79,0.53,0.42,2024-05-06,806,N20,VIIRS,n,2,305.88,6.72,D,0
19.26481,80.8566,337.87,0.52,0.42,2024-05-06,806,N20,VIIRS,l,2,308.12,6.08,D,0
19.26513,80.95259,340.86,0.53,0.42,2024-05-06,806,N20,VIIRS,n,2,307.28,8.77,D,0
19.26565,80.85899,341.95,0.52,0.42,2024-05-06,806,N20,VIIRS,n,2,307.49,6.73,D,0
19.26592,80.94979,343.55,0.53,0.42,2024-05-06,806,N20,VIIRS,n,2,308.27,5.76,D,0
19.26708,80.93693,333.11,0.53,0.42,2024-05-06,806,N20,VIIRS,l,2,304.09,4.93,D,0
19.2684,80.91636,331.12,0.52,0.42,2024-05-06,806,N20,VIIRS,l,2,304.25,2.24,D,0
19.26902,80.92129,330.77,0.52,0.42,2024-05-06,806,N20,VIIRS,l,2,304.3,2.24,D,0
19.26961,80.91859,332.18,0.52,0.42,2024-05-06,806,N20,VIIRS,l,2,304.25,2.49,D,0
19.26964,80.92628,340.89,0.53,0.42,2024-05-06,806,N20,VIIRS,n,2,304.75,3.67,D,0
19.27026,80.92354,339.19,0.52,0.42,2024-05-06,806,N20,VIIRS,n,2,304.97,3.93,D,0
19.27674,81.21561,338.7,0.54,0.42,2024-05-06,806,N20,VIIRS,n,2,304.34,8.52,D,0
19.27744,81.22106,345.29,0.55,0.42,2024-05-06,806,N20,VIIRS,n,2,305.45,8.69,D,0
19.28294,78.48783,345.29,0.41,0.37,2024-05-06,806,N20,VIIRS,n,2,315.09,18.0,D,0
19.30022,79.11576,352.8,0.43,0.38,2024-05-06,806,N20,VIIRS,n,2,316.08,21.18,D,0
19.30301,78.33402,348.74,0.41,0.37,2024-05-06,806,N20,VIIRS,l,2,321.45,19.73,D,0
19.30514,81.02296,331.74,0.53,0.42,2024-05-06,806,N20,VIIRS,l,2,306.71,2.55,D,0
19.30577,81.02794,335.22,0.53,0.42,2024-05-06,806,N20,VIIRS,l,2,307.92,2.55,D,0
19.31794,81.03133,346.91,0.53,0.42,2024-05-06,806,N20,VIIRS,n,2,303.65,4.31,D,0
19.31856,81.03628,335.53,0.53,0.42,2024-05-06,806,N20,VIIRS,n,2,301.35,4.31,D,0
19.32241,81.03574,333.91,0.53,0.42,2024-05-06,806,N20,VIIRS,n,2,299.82,2.48,D,0
19.38864,81.09325,332.4,0.54,0.42,2024-05-06,806,N20,VIIRS,l,2,304.2,7.76,D,0
19.39033,81.09454,340.76,0.54,0.42,2024-05-06,806,N20,VIIRS,n,2,303.8,4.74,D,0
19.39252,81.09282,338.85,0.54,0.42,2024-05-06,806,N20,VIIRS,n,2,303.79,3.8,D,0
19.39451,81.10815,336.5,0.54,0.42,2024-05-06,806,N20,VIIRS,n,2,302.15,5.86,D,0
19.39838,81.10767,338.9,0.54,0.42,2024-05-06,806,N20,VIIRS,n,2,302.95,5.86,D,0
19.41552,81.07578,338.81,0.54,0.42,2024-05-06,806,N20,VIIRS,n,2,306.98,4.5,D,0
19.41616,81.08087,346.83,0.54,0.42,2024-05-06,806,N20,VIIRS,n,2,306.48,10.28,D,0
19.41938,81.0752,346.1,0.54,0.42,2024-05-06,806,N20,VIIRS,n,2,306.86,9.93,D,0
19.42002,81.08028,333.2,0.54,0.42,2024-05-06,806,N20,VIIRS,l,2,304.29,6.35,D,0
19.42645,81.06892,347.78,0.54,0.42,2024-05-06,806,N20,VIIRS,n,2,309.96,10.05,D,0
19.43302,80.96584,342.92,0.53,0.42,2024-05-06,806,N20,VIIRS,n,2,306.07,4.42,D,0
19.43367,78.27055,343.52,0.41,0.37,2024-05-06,806,N20,VIIRS,l,2,316.09,9.76,D,0
19.43539,81.04635,338.91,0.54,0.42,2024-05-06,806,N20,VIIRS,l,2,311.81,5.29,D,0
19.43607,81.05173,339.53,0.54,0.42,2024-05-06,806,N20,VIIRS,n,2,307.0,5.29,D,0
19.43686,80.96534,353.99,0.53,0.42,2024-05-06,806,N20,VIIRS,n,2,309.85,11.34,D,0
19.43706,78.27006,348.62,0.41,0.37,2024-05-06,806,N20,VIIRS,n,2,317.24,9.76,D,0
19.43752,80.97053,346.42,0.53,0.42,2024-05-06,806,N20,VIIRS,n,2,306.73,11.34,D,0
19.43796,81.03563,339.66,0.53,0.42,2024-05-06,806,N20,VIIRS,l,2,311.72,5.96,D,0
19.43815,80.97544,342.77,0.53,0.42,2024-05-06,806,N20,VIIRS,n,2,305.84,9.94,D,0
19.43859,81.04066,351.42,0.54,0.42,2024-05-06,806,N20,VIIRS,n,2,310.79,5.96,D,0
19.43924,81.04575,345.99,0.54,0.42,2024-05-06,806,N20,VIIRS,n,2,309.75,3.88,D,0
19.43992,81.05118,331.59,0.54,0.42,2024-05-06,806,N20,VIIRS,l,2,305.22,3.88,D,0
19.44135,80.96989,338.03,0.53,0.42,2024-05-06,806,N20,VIIRS,n,2,306.48,11.34,D,0
19.44183,81.03522,333.1,0.53,0.42,2024-05-06,806,N20,VIIRS,l,2,305.5,5.96,D,0
19.44199,80.97492,341.48,0.53,0.42,2024-05-06,806,N20,VIIRS,n,2,308.47,9.94,D,0
19.44262,80.97985,354.25,0.53,0.42,2024-05-06,806,N20,VIIRS,n,2,309.34,9.94,D,0
19.44379,81.01978,339.67,0.53,0.42,2024-05-06,806,N20,VIIRS,n,2,306.95,9.12,D,0
19.44443,81.02484,336.79,0.53,0.42,2024-05-06,806,N20,VIIRS,n,2,305.29,6.95,D,0
19.44583,80.97437,348.71,0.53,0.42,2024-05-06,806,N20,VIIRS,n,2,308.87,22.1,D,0
19.44647,80.97938,340.22,0.53,0.42,2024-05-06,806,N20,VIIRS,n,2,312.18,22.1,D,0
19.44766,81.01937,348.29,0.53,0.42,2024-05-06,806,N20,VIIRS,n,2,306.76,9.12,D,0
19.44829,81.0244,345.89,0.53,0.42,2024-05-06,806,N20,VIIRS,n,2,306.36,6.95,D,0
19.44966,80.97376,344.63,0.53,0.42,2024-05-06,806,N20,VIIRS,n,2,309.35,22.1,D,0
19.45032,80.97889,351.18,0.53,0.42,2024-05-06,806,N20,VIIRS,n,2,308.06,22.1,D,0
19.45151,81.01887,337.87,0.53,0.42,2024-05-06,806,N20,VIIRS,n,2,304.93,5.16,D,0
19.47406,81.04176,339.48,0.54,0.42,2024-05-06,806,N20,VIIRS,l,2,309.61,11.13,D,0
19.47424,81.13545,336.02,0.54,0.42,2024-05-06,806,N20,VIIRS,l,2,308.28,4.36,D,0
19.47489,81.1405,337.06,0.54,0.42,2024-05-06,806,N20,VIIRS,l,2,307.11,4.36,D,0
19.48201,81.13447,333.68,0.54,0.42,2024-05-06,806,N20,VIIRS,l,2,307.05,2.93,D,0
19.49922,78.65918,348.9,0.42,0.38,2024-05-06,806,N20,VIIRS,l,2,321.94,7.32,D,0
19.50727,78.59359,346.61,0.42,0.37,2024-05-06,806,N20,VIIRS,l,2,318.54,3.1,D,0
19.50941,80.84016,332.68,0.52,0.42,2024-05-06,806,N20,VIIRS,l,2,305.2,3.03,D,0
19.51323,80.83969,337.41,0.52,0.42,2024-05-06,806,N20,VIIRS,n,2,303.1,3.32,D,0
19.51632,80.86409,336.71,0.52,0.42,2024-05-06,806,N20,VIIRS,n,2,303.59,2.4,D,0
19.51696,80.96181,330.79,0.53,0.42,2024-05-06,806,N20,VIIRS,l,2,304.89,2.32,D,0
19.51903,80.8243,340.85,0.52,0.42,2024-05-06,806,N20,VIIRS,n,2,303.61,4.85,D,0
19.79467,78.00241,346.2,0.4,0.37,2024-05-06,806,N20,VIIRS,l,2,318.35,13.56,D,0
19.84799,80.74552,340.9,0.52,0.42,2024-05-06,806,N20,VIIRS,n,2,308.33,6.15,D,0
19.94979,80.88148,336.34,0.53,0.42,2024-05-06,806,N20,VIIRS,n,2,303.7,5.4,D,0
19.95033,77.838,350.51,0.4,0.37,2024-05-06,806,N20,VIIRS,n,2,319.97,16.15,D,0
19.95302,80.81426,333.11,0.53,0.42,2024-05-06,806,N20,VIIRS,l,2,304.37,2.14,D,0
19.95999,79.75153,347.62,0.47,0.39,2024-05-06,806,N20,VIIRS,n,2,314.64,11.5,D,0
19.96142,79.33639,341.65,0.45,0.39,2024-05-06,806,N20,VIIRS,l,2,315.97,5.79,D,2
19.98161,79.85748,341.74,0.47,0.4,2024-05-06,806,N20,VIIRS,l,2,313.11,10.52,D,0
19.98525,80.46209,337.14,0.51,0.41,2024-05-06,806,N20,VIIRS,l,2,310.95,4.65,D,0
19.06655,79.56117,313.32,0.53,0.42,2024-05-06,2036,N20,VIIRS,n,2,295.51,1.41,N,0
19.1162,78.55023,311.33,0.47,0.4,2024-05-06,2036,N20,VIIRS,n,2,296.58,4.41,N,0
19.11981,78.55097,313.2,0.47,0.4,2024-05-06,2036,N20,VIIRS,n,2,296.46,4.41,N,0
19.17197,78.21391,313.58,0.46,0.39,2024-05-06,2036,N20,VIIRS,n,2,295.9,4.13,N,0
19.27527,79.16007,323.99,0.51,0.41,2024-05-06,2036,N20,VIIRS,n,2,297.32,2.84,N,0
19.34761,77.61564,308.37,0.43,0.38,2024-05-06,2036,N20,VIIRS,n,2,295.39,3.75,N,0
19.91518,79.30854,314.91,0.5,0.41,2024-05-06,2036,N20,VIIRS,n,2,296.66,1.45,N,0
19.94933,77.88302,309.75,0.43,0.38,2024-05-06,2036,N20,VIIRS,n,2,297.32,1.33,N,0
16.22401,80.79018,311.04,0.47,0.48,2024-05-06,2037,N20,VIIRS,n,2,294.83,1.39,N,0
17.32899,80.87734,340.0,0.45,0.47,2024-05-06,2037,N20,VIIRS,n,2,292.39,6.02,N,0
17.32979,80.87307,323.07,0.45,0.47,2024-05-06,2037,N20,VIIRS,n,2,291.71,6.02,N,0
17.95706,80.78516,309.6,0.44,0.46,2024-05-06,2037,N20,VIIRS,n,2,289.31,2.45,N,0
18.56868,77.53978,313.57,0.43,0.38,2024-05-06,2037,N20,VIIRS,n,2,298.23,1.15,N,0
18.654,79.55948,308.72,0.54,0.42,2024-05-06,2037,N20,VIIRS,n,2,295.38,4.67,N,0
18.67413,79.55821,319.29,0.54,0.42,2024-05-06,2037,N20,VIIRS,n,2,296.67,6.24,N,0
18.67504,79.55315,321.56,0.54,0.42,2024-05-06,2037,N20,VIIRS,n,2,296.78,6.26,N,0
18.69345,79.54842,309.16,0.54,0.42,2024-05-06,2037,N20,VIIRS,n,2,295.83,4.47,N,0
18.69603,79.54698,310.27,0.54,0.42,2024-05-06,2037,N20,VIIRS,n,2,295.92,4.29,N,0
18.79362,78.77856,311.66,0.49,0.4,2024-05-06,2037,N20,VIIRS,n,2,295.91,3.5,N,0
18.81976,77.4929,308.66,0.43,0.38,2024-05-06,2037,N20,VIIRS,n,2,295.82,2.29,N,0
18.84481,78.12902,316.39,0.46,0.39,2024-05-06,2037,N20,VIIRS,n,2,297.52,1.68,N,0
18.86794,77.99752,314.68,0.45,0.39,2024-05-06,2037,N20,VIIRS,n,2,296.27,0.74,N,0
18.87148,77.99821,310.27,0.45,0.39,2024-05-06,2037,N20,VIIRS,n,2,295.9,0.77,N,0
15.63455,79.40488,341.52,0.44,0.38,2024-05-07,746,N20,VIIRS,l,2,308.09,8.15,D,0
15.8341,79.63078,349.7,0.43,0.38,2024-05-07,746,N20,VIIRS,n,2,309.84,9.24,D,0
15.83473,79.63472,348.04,0.43,0.38,2024-05-07,746,N20,VIIRS,l,2,312.22,10.81,D,0
15.83757,79.63023,347.78,0.43,0.38,2024-05-07,746,N20,VIIRS,l,2,310.38,9.24,D,0
15.87032,77.6514,340.19,0.53,0.42,2024-05-07,746,N20,VIIRS,n,2,306.53,9.83,D,0
15.933,78.96906,339.53,0.46,0.39,2024-05-07,746,N20,VIIRS,n,2,303.06,4.13,D,0
15.9623,79.51914,340.95,0.43,0.38,2024-05-07,746,N20,VIIRS,l,2,310.91,5.54,D,0
16.00009,79.26762,343.81,0.44,0.39,2024-05-07,746,N20,VIIRS,l,2,308.43,3.92,D,0
16.00144,79.27588,339.13,0.44,0.39,2024-05-07,746,N20,VIIRS,l,2,307.83,3.82,D,0
16.00256,79.30494,338.92,0.44,0.38,2024-05-07,746,N20,VIIRS,l,2,309.9,3.21,D,0
16.00361,79.26702,336.88,0.44,0.39,2024-05-07,746,N20,VIIRS,l,2,307.09,3.92,D,0
16.00427,79.27111,339.04,0.44,0.39,2024-05-07,746,N20,VIIRS,l,2,306.86,3.92,D,0
16.00493,79.27521,339.47,0.44,0.39,2024-05-07,746,N20,VIIRS,l,2,307.83,3.82,D,0
16.06238,79.44456,341.81,0.43,0.38,2024-05-07,746,N20,VIIRS,l,2,310.1,4.11,D,0
16.06586,79.44395,340.97,0.43,0.38,2024-05-07,746,N20,VIIRS,l,2,309.55,4.55,D,0
16.23138,79.89649,337.7,0.42,0.37,2024-05-07,746,N20,VIIRS,l,2,303.02,6.8,D,0
16.25781,80.69583,332.41,0.4,0.37,2024-05-07,746,N20,VIIRS,l,2,300.63,39.29,D,0
16.25818,80.58978,349.38,0.4,0.37,2024-05-07,746,N20,VIIRS,l,2,300.98,51.42,D,0
16.31389,80.6599,342.46,0.4,0.37,2024-05-07,746,N20,VIIRS,l,2,300.61,46.26,D,0
16.3313,80.68341,334.84,0.4,0.37,2024-05-07,746,N20,VIIRS,l,2,301.73,4.92,D,0
16.42692,80.51124,344.82,0.4,0.37,2024-05-07,746,N20,VIIRS,n,2,301.95,6.63,D,0
16.42215,77.11729,342.64,0.56,0.43,2024-05-07,747,N20,VIIRS,n,2,312.36,20.07,D,0
16.43783,77.27291,342.56,0.55,0.43,2024-05-07,747,N20,VIIRS,n,2,311.33,20.75,D,0
16.44002,77.26943,347.57,0.55,0.43,2024-05-07,747,N20,VIIRS,n,2,311.35,28.07,D,0
16.53616,77.21781,341.89,0.55,0.43,2024-05-07,747,N20,VIIRS,n,2,311.71,15.46,D,0
16.53647,77.21514,342.15,0.55,0.43,2024-05-07,747,N20,VIIRS,n,2,310.69,15.52,D,0
16.72754,81.28684,336.99,0.39,0.36,2024-05-07,747,N20,VIIRS,n,2,298.55,4.78,D,0
16.75607,77.11104,344.47,0.56,0.43,2024-05-07,747,N20,VIIRS,n,2,312.46,4.3,D,0
16.75996,77.11031,341.25,0.56,0.43,2024-05-07,747,N20,VIIRS,n,2,311.0,4.3,D,0
17.12502,80.0994,338.15,0.41,0.37,2024-05-07,747,N20,VIIRS,l,2,304.4,6.14,D,0
17.20667,80.04649,335.42,0.41,0.37,2024-05-07,747,N20,VIIRS,l,2,303.39,3.67,D,0
17.23708,78.49731,352.67,0.46,0.39,2024-05-07,747,N20,VIIRS,n,2,312.64,14.0,D,0
17.28585,80.12178,334.96,0.4,0.37,2024-05-07,747,N20,VIIRS,l,2,303.89,4.92,D,0
17.44594,77.75926,341.33,0.5,0.41,2024-05-07,747,N20,VIIRS,l,2,312.16,11.38,D,0
17.455,77.90044,340.97,0.49,0.4,2024-05-07,747,N20,VIIRS,l,2,310.28,9.31,D,0
17.51497,77.77161,341.92,0.5,0.41,2024-05-07,747,N20,VIIRS,l,2,312.45,16.71,D,0
17.51945,79.78093,345.96,0.41,0.37,2024-05-07,747,N20,VIIRS,n,2,304.48,5.74,D,0
17.71174,79.68848,337.47,0.41,0.37,2024-05-07,747,N20,VIIRS,l,2,305.07,7.43,D,0
17.7186,77.22022,341.53,0.53,0.42,2024-05-07,747,N20,VIIRS,l,2,313.64,3.58,D,0
17.73259,77.82744,345.91,0.49,0.4,2024-05-07,747,N20,VIIRS,l,2,312.64,18.35,D,0
17.73461,77.82397,340.31,0.49,0.4,2024-05-07,747,N20,VIIRS,l,2,310.14,18.48,D,0
17.7589,79.61281,335.81,0.41,0.37,2024-05-07,747,N20,VIIRS,l,2,304.09,2.9,D,0
17.99603,78.27682,336.68,0.46,0.39,2024-05-07,747,N20,VIIRS,l,2,303.38,3.25,D,0
18.06175,77.00483,343.37,0.54,0.42,2024-05-07,747,N20,VIIRS,l,2,317.26,2.14,D,0
18.06502,78.08413,347.54,0.47,0.4,2024-05-07,747,N20,VIIRS,n,2,308.77,9.38,D,0
18.068,78.10175,340.81,0.47,0.4,2024-05-07,747,N20,VIIRS,l,2,307.98,9.71,D,0
18.07467,78.1413,343.09,0.47,0.4,2024-05-07,747,N20,VIIRS,l,2,308.79,21.98,D,0
18.07541,78.14568,351.03,0.47,0.4,2024-05-07,747,N20,VIIRS,l,2,307.72,13.04,D,0
18.07551,78.16825,332.13,0.47,0.4,2024-05-07,747,N20,VIIRS,l,2,303.85,1.05,D,0
18.07902,78.14503,354.77,0.47,0.4,2024-05-07,747,N20,VIIRS,n,2,307.47,12.77,D,0
18.08753,78.10719,336.77,0.47,0.4,2024-05-07,747,N20,VIIRS,l,2,307.34,3.9,D,0
18.09087,77.66231,342.87,0.5,0.41,2024-05-07,747,N20,VIIRS,l,2,315.91,14.68,D,0
18.09113,78.10652,344.01,0.47,0.4,2024-05-07,747,N20,VIIRS,n,2,307.85,3.9,D,0
18.11754,78.16654,340.21,0.47,0.4,2024-05-07,747,N20,VIIRS,l,2,308.67,6.54,D,0
18.16056,78.58887,336.69,0.45,0.39,2024-05-07,747,N20,VIIRS,n,2,301.78,4.36,D,0
18.18169,77.7555,344.28,0.49,0.4,2024-05-07,747,N20,VIIRS,l,2,313.75,7.46,D,0
18.2287,77.91897,338.03,0.48,0.4,2024-05-07,747,N20,VIIRS,l,2,311.99,5.23,D,0
18.22947,77.92343,341.35,0.48,0.4,2024-05-07,747,N20,VIIRS,l,2,311.64,5.23,D,0
18.25447,77.76066,343.99,0.49,0.4,2024-05-07,747,N20,VIIRS,l,2,317.04,16.86,D,0
18.26173,78.51962,336.54,0.45,0.39,2024-05-07,747,N20,VIIRS,n,2,303.81,3.09,D,0
18.28358,77.88732,336.37,0.48,0.4,2024-05-07,747,N20,VIIRS,l,2,310.47,6.75,D,0
18.28384,77.89007,336.43,0.48,0.4,2024-05-07,747,N20,VIIRS,l,2,308.87,10.4,D,0
18.29187,78.02672,341.25,0.47,0.4,2024-05-07,747,N20,VIIRS,l,2,308.32,10.42,D,0
18.2938,78.36653,336.01,0.46,0.39,2024-05-07,747,N20,VIIRS,l,2,301.52,5.05,D,0
18.30827,77.87802,342.18,0.48,0.4,2024-05-07,747,N20,VIIRS,l,2,313.88,6.7,D,0
18.33554,77.99294,339.68,0.47,0.4,2024-05-07,747,N20,VIIRS,l,2,310.24,6.82,D,0
18.33915,77.99223,347.95,0.47,0.4,2024-05-07,747,N20,VIIRS,n,2,310.09,6.82,D,0
18.35268,77.87424,340.26,0.48,0.4,2024-05-07,747,N20,VIIRS,l,2,313.47,9.11,D,0
18.35345,77.87873,345.91,0.48,0.4,2024-05-07,747,N20,VIIRS,l,2,315.44,25.75,D,0
18.49909,77.96339,341.55,0.47,0.4,2024-05-07,747,N20,VIIRS,l,2,313.47,7.45,D,0
18.53783,77.96608,340.69,0.47,0.4,2024-05-07,747,N20,VIIRS,l,2,312.7,8.05,D,0
18.54999,77.95005,340.27,0.47,0.4,2024-05-07,747,N20,VIIRS,l,2,312.88,7.6,D,0
18.60829,77.89768,338.99,0.48,0.4,2024-05-07,747,N20,VIIRS,l,2,312.79,9.82,D,0
18.62037,78.2114,340.68,0.46,0.39,2024-05-07,747,N20,VIIRS,l,2,311.93,6.15,D,0
18.68429,77.98962,344.07,0.47,0.4,2024-05-07,747,N20,VIIRS,l,2,312.92,11.66,D,0
18.694,77.75989,343.72,0.48,0.4,2024-05-07,747,N20,VIIRS,l,2,316.06,2.58,D,0
18.69435,77.76259,347.95,0.48,0.4,2024-05-07,747,N20,VIIRS,l,2,315.75,3.71,D,0
18.71193,78.04324,339.01,0.47,0.39,2024-05-07,747,N20,VIIRS,l,2,308.44,5.02,D,0
18.74157,77.92585,355.0,0.47,0.4,2024-05-07,747,N20,VIIRS,n,2,313.42,12.75,D,0
18.82007,78.21176,348.01,0.46,0.39,2024-05-07,747,N20,VIIRS,n,2,311.5,9.59,D,0
18.84875,78.57489,340.79,0.44,0.38,2024-05-07,747,N20,VIIRS,l,2,306.35,8.72,D,0
18.86422,78.25634,340.07,0.45,0.39,2024-05-07,747,N20,VIIRS,l,2,310.08,7.46,D,0
18.86982,78.15817,341.77,0.46,0.39,2024-05-07,747,N20,VIIRS,l,2,312.04,8.64,D,0
18.8773,78.05972,343.66,0.46,0.39,2024-05-07,747,N20,VIIRS,l,2,312.2,8.41,D,0
18.88041,78.46196,344.44,0.45,0.39,2024-05-07,747,N20,VIIRS,l,2,310.61,16.86,D,0
18.92025,78.05164,340.17,0.46,0.39,2024-05-07,747,N20,VIIRS,l,2,309.1,13.2,D,0
18.92099,78.05599,346.22,0.46,0.39,2024-05-07,747,N20,VIIRS,l,2,313.58,13.2,D,0
19.06561,77.97241,345.06,0.47,0.39,2024-05-07,747,N20,VIIRS,l,2,313.61,13.66,D,0
19.13358,77.6271,346.45,0.48,0.4,2024-05-07,747,N20,VIIRS,l,2,316.11,12.11,D,0
19.13723,77.62644,342.72,0.48,0.4,2024-05-07,747,N20,VIIRS,l,2,314.65,5.46,D,0
19.21815,78.41908,341.68,0.44,0.39,2024-05-07,747,N20,VIIRS,l,2,314.39,8.23,D,0
19.93718,78.06908,347.2,0.45,0.39,2024-05-07,748,N20,VIIRS,l,2,316.7,13.05,D,0
19.96269,79.33611,330.6,0.41,0.37,2024-05-07,748,N20,VIIRS,l,2,300.9,4.42,D,2
19.72354,79.17659,305.58,0.39,0.36,2024-05-07,2017,N20,VIIRS,n,2,294.57,1.0,N,0
19.78546,79.14937,307.02,0.39,0.36,2024-05-07,2017,N20,VIIRS,n,2,294.62,1.15,N,2
19.91374,79.31017,306.37,0.39,0.36,2024-05-07,2017,N20,VIIRS,n,2,293.23,0.46,N,0
19.91971,79.11489,304.61,0.39,0.36,2024-05-07,2017,N20,VIIRS,n,2,293.85,0.6,N,2
19.96442,79.33392,303.84,0.39,0.36,2024-05-07,2017,N20,VIIRS,n,2,293.22,0.49,N,2
17.66701,80.48927,307.14,0.39,0.36,2024-05-07,2018,N20,VIIRS,n,2,288.97,1.62,N,0
17.95908,80.78619,297.77,0.4,0.37,2024-05-07,2018,N20,VIIRS,n,2,277.0,0.67,N,0
15.78329,78.90957,342.63,0.59,0.53,2024-05-08,728,N20,VIIRS,n,2,296.3,9.91,D,0
15.94196,80.00091,341.19,0.5,0.49,2024-05-08,728,N20,VIIRS,n,2,297.65,5.21,D,0
16.06819,80.82072,342.34,0.44,0.46,2024-05-08,728,N20,VIIRS,n,2,297.65,3.09,D,0
16.06862,80.82432,345.12,0.44,0.46,2024-05-08,728,N20,VIIRS,n,2,297.53,5.37,D,0
16.06894,80.82476,338.28,0.44,0.46,2024-05-08,728,N20,VIIRS,n,2,296.56,5.2,D,0
16.07238,80.81992,333.75,0.44,0.46,2024-05-08,728,N20,VIIRS,n,2,296.06,3.09,D,0
16.07281,80.82351,334.38,0.44,0.46,2024-05-08,728,N20,VIIRS,n,2,295.3,4.29,D,0
16.14838,80.88012,331.37,0.43,0.46,2024-05-08,728,N20,VIIRS,n,2,299.01,2.56,D,0
16.16207,80.71411,333.9,0.44,0.46,2024-05-08,728,N20,VIIRS,n,2,300.51,5.36,D,0
16.16529,80.68498,342.21,0.45,0.47,2024-05-08,728,N20,VIIRS,n,2,301.19,1.36,D,0
16.16561,80.71034,341.89,0.44,0.46,2024-05-08,728,N20,VIIRS,n,2,300.42,7.52,D,0
16.16629,80.71328,356.33,0.44,0.46,2024-05-08,728,N20,VIIRS,n,2,300.55,5.36,D,0
16.16637,80.71443,342.1,0.44,0.46,2024-05-08,728,N20,VIIRS,n,2,300.01,6.5,D,0
16.17103,80.69236,343.91,0.45,0.47,2024-05-08,728,N20,VIIRS,n,2,302.18,4.85,D,0
16.17179,80.69645,344.56,0.45,0.47,2024-05-08,728,N20,VIIRS,n,2,301.41,7.16,D,0
16.1745,80.68745,337.12,0.45,0.47,2024-05-08,728,N20,VIIRS,n,2,300.96,4.85,D,0
16.17972,80.59661,334.13,0.45,0.47,2024-05-08,728,N20,VIIRS,n,2,302.84,5.38,D,0
16.18023,80.69482,333.41,0.45,0.47,2024-05-08,728,N20,VIIRS,n,2,300.38,3.37,D,0
16.18187,80.77464,338.36,0.44,0.46,2024-05-08,728,N20,VIIRS,n,2,299.37,4.56,D,0
16.1837,80.68991,344.15,0.45,0.47,2024-05-08,728,N20,VIIRS,n,2,301.97,16.23,D,0
16.19004,80.62896,336.18,0.45,0.47,2024-05-08,728,N20,VIIRS,n,2,301.5,3.38,D,0
16.19064,80.68007,344.88,0.45,0.47,2024-05-08,728,N20,VIIRS,n,2,301.04,5.04,D,0
16.19125,80.61156,340.15,0.45,0.47,2024-05-08,728,N20,VIIRS,n,2,303.48,16.64,D,0
16.19201,80.61572,343.01,0.45,0.47,2024-05-08,728,N20,VIIRS,n,2,301.94,14.82,D,0
16.19411,80.67513,338.33,0.45,0.47,2024-05-08,728,N20,VIIRS,n,2,301.23,3.15,D,0
16.19712,80.69154,332.66,0.45,0.47,2024-05-08,728,N20,VIIRS,n,2,300.7,4.28,D,0
16.19806,80.6488,333.11,0.45,0.47,2024-05-08,728,N20,VIIRS,n,2,301.34,5.55,D,0
16.19823,80.60163,335.51,0.45,0.47,2024-05-08,728,N20,VIIRS,n,2,303.75,3.51,D,0
16.20191,77.75574,342.89,0.35,0.56,2024-05-08,728,N20,VIIRS,n,2,302.18,3.92,D,0
16.20229,80.64797,347.1,0.45,0.47,2024-05-08,728,N20,VIIRS,n,2,302.04,5.55,D,0
16.20235,80.72015,335.5,0.44,0.46,2024-05-08,728,N20,VIIRS,n,2,300.21,4.3,D,0
16.20556,80.68989,333.9,0.45,0.47,2024-05-08,728,N20,VIIRS,n,2,301.04,2.43,D,0
16.20731,80.7234,338.52,0.44,0.46,2024-05-08,728,N20,VIIRS,n,2,299.09,3.91,D,0
16.20978,80.68907,336.19,0.45,0.47,2024-05-08,728,N20,VIIRS,n,2,300.11,2.43,D,0
16.21053,80.69317,331.99,0.44,0.46,2024-05-08,728,N20,VIIRS,n,2,300.41,2.43,D,0
16.21152,80.72259,344.44,0.44,0.46,2024-05-08,728,N20,VIIRS,n,2,299.9,6.79,D,0
16.21574,80.72176,349.7,0.44,0.46,2024-05-08,728,N20,VIIRS,n,2,300.79,6.79,D,0
16.21648,80.72585,342.73,0.44,0.46,2024-05-08,728,N20,VIIRS,n,2,299.14,6.79,D,0
16.22046,80.6997,340.08,0.44,0.46,2024-05-08,728,N20,VIIRS,n,2,301.15,5.28,D,0
16.22342,80.71605,335.76,0.44,0.46,2024-05-08,728,N20,VIIRS,n,2,300.55,3.57,D,0
16.22416,80.72014,342.49,0.44,0.46,2024-05-08,728,N20,VIIRS,n,2,300.36,5.56,D,0
16.22467,80.69888,342.79,0.44,0.46,2024-05-08,728,N20,VIIRS,n,2,300.76,5.74,D,0
16.22955,80.77381,340.61,0.44,0.46,2024-05-08,728,N20,VIIRS,n,2,298.06,4.67,D,0
16.23154,80.76083,343.0,0.44,0.46,2024-05-08,728,N20,VIIRS,n,2,299.4,6.82,D,0
16.23185,80.71442,336.47,0.44,0.46,2024-05-08,728,N20,VIIRS,n,2,299.5,2.25,D,0
16.23606,80.7136,355.26,0.44,0.46,2024-05-08,728,N20,VIIRS,n,2,300.29,9.89,D,0
16.23827,80.72585,337.43,0.44,0.46,2024-05-08,728,N20,VIIRS,n,2,300.46,10.35,D,0
16.23901,80.72993,333.9,0.44,0.46,2024-05-08,728,N20,VIIRS,n,2,300.92,10.35,D,0
16.23921,80.75514,367.0,0.44,0.46,2024-05-08,728,N20,VIIRS,h,2,301.01,12.42,D,0
16.23934,80.68333,334.18,0.45,0.47,2024-05-08,728,N20,VIIRS,n,2,300.45,2.89,D,0
16.24248,80.72502,335.68,0.44,0.46,2024-05-08,728,N20,VIIRS,n,2,300.0,10.35,D,0
16.24322,80.7291,350.19,0.44,0.46,2024-05-08,728,N20,VIIRS,n,2,303.19,10.35,D,0
16.24356,80.6825,342.2,0.45,0.47,2024-05-08,728,N20,VIIRS,n,2,301.38,2.89,D,0
16.24596,80.72012,338.34,0.44,0.46,2024-05-08,728,N20,VIIRS,n,2,300.07,7.45,D,0
16.24669,80.72421,349.3,0.44,0.46,2024-05-08,728,N20,VIIRS,n,2,300.19,17.59,D,0
16.24743,80.72828,345.78,0.44,0.46,2024-05-08,728,N20,VIIRS,n,2,299.9,17.59,D,0
16.24832,80.66032,339.61,0.45,0.47,2024-05-08,728,N20,VIIRS,n,2,302.13,3.34,D,0
16.24906,80.66444,338.62,0.45,0.47,2024-05-08,728,N20,VIIRS,n,2,302.71,5.16,D,0
16.24944,80.71522,342.8,0.44,0.46,2024-05-08,728,N20,VIIRS,n,2,299.47,7.45,D,0
16.24967,77.83703,338.71,0.34,0.56,2024-05-08,728,N20,VIIRS,n,2,300.28,1.97,D,0
16.2509,80.72338,348.3,0.44,0.46,2024-05-08,728,N20,VIIRS,n,2,305.27,17.59,D,0
16.25164,80.72746,338.49,0.44,0.46,2024-05-08,728,N20,VIIRS,n,2,299.15,17.59,D,0
16.25255,80.6595,349.11,0.45,0.47,2024-05-08,728,N20,VIIRS,n,2,302.55,6.92,D,0
16.25329,80.66362,356.36,0.45,0.47,2024-05-08,728,N20,VIIRS,n,2,303.32,9.75,D,0
16.25365,80.71439,333.85,0.44,0.46,2024-05-08,728,N20,VIIRS,n,2,299.9,5.12,D,0
16.25584,80.72663,347.02,0.44,0.46,2024-05-08,728,N20,VIIRS,n,2,297.25,7.82,D,0
16.25658,80.73072,343.6,0.44,0.46,2024-05-08,728,N20,VIIRS,n,2,298.28,6.4,D,0
16.25759,77.8777,336.73,0.34,0.56,2024-05-08,728,N20,VIIRS,n,2,300.01,2.82,D,0
16.25983,80.60752,335.79,0.45,0.47,2024-05-08,728,N20,VIIRS,n,2,301.1,2.28,D,0
16.26762,80.50674,338.18,0.46,0.47,2024-05-08,728,N20,VIIRS,n,2,303.91,4.46,D,0
16.26836,80.55856,331.69,0.45,0.47,2024-05-08,728,N20,VIIRS,l,2,302.11,2.55,D,0
16.26907,80.61001,346.12,0.45,0.47,2024-05-08,728,N20,VIIRS,n,2,302.92,4.34,D,0
16.26967,80.70766,337.41,0.44,0.46,2024-05-08,728,N20,VIIRS,n,2,299.87,4.23,D,0
16.26977,80.70703,338.71,0.44,0.46,2024-05-08,728,N20,VIIRS,n,2,301.31,3.78,D,0
16.27356,80.68154,337.31,0.44,0.46,2024-05-08,728,N20,VIIRS,n,2,302.63,3.2,D,0
16.27526,80.59595,340.51,0.45,0.47,2024-05-08,728,N20,VIIRS,n,2,302.53,3.24,D,0
16.27626,80.67253,335.53,0.44,0.46,2024-05-08,728,N20,VIIRS,n,2,302.68,3.78,D,0
16.27821,80.65942,339.38,0.45,0.47,2024-05-08,728,N20,VIIRS,n,2,303.69,4.12,D,0
16.28407,80.61993,334.16,0.45,0.47,2024-05-08,728,N20,VIIRS,l,2,304.47,2.11,D,0
16.28938,80.64875,331.09,0.45,0.47,2024-05-08,728,N20,VIIRS,n,2,301.01,2.32,D,0
16.29401,80.74506,348.12,0.44,0.46,2024-05-08,728,N20,VIIRS,n,2,300.94,13.04,D,0
16.29436,80.65204,341.45,0.45,0.47,2024-05-08,728,N20,VIIRS,n,2,301.5,2.32,D,0
16.29511,80.65614,335.51,0.45,0.47,2024-05-08,728,N20,VIIRS,n,2,301.01,5.5,D,0
16.29737,80.66843,338.05,0.44,0.46,2024-05-08,728,N20,VIIRS,n,2,301.79,2.35,D,0
16.29875,80.60426,334.15,0.45,0.47,2024-05-08,728,N20,VIIRS,n,2,302.09,1.67,D,0
16.2998,80.63395,345.45,0.45,0.47,2024-05-08,728,N20,VIIRS,n,2,303.5,9.46,D,0
16.30009,80.65942,344.38,0.45,0.47,2024-05-08,728,N20,VIIRS,n,2,301.8,3.28,D,0
16.30214,80.71825,332.9,0.44,0.46,2024-05-08,728,N20,VIIRS,n,2,299.08,3.19,D,0
16.30356,80.65449,339.07,0.45,0.47,2024-05-08,728,N20,VIIRS,n,2,302.09,3.28,D,0
16.30431,80.65859,335.99,0.45,0.47,2024-05-08,728,N20,VIIRS,n,2,301.84,3.28,D,0
16.30656,80.67089,343.55,0.44,0.46,2024-05-08,728,N20,VIIRS,n,2,302.59,4.47,D,0
16.31003,80.66597,336.84,0.44,0.46,2024-05-08,728,N20,VIIRS,n,2,301.88,4.04,D,0
16.31049,77.80766,332.59,0.34,0.56,2024-05-08,728,N20,VIIRS,n,2,301.78,1.88,D,0
16.31112,77.81081,337.63,0.34,0.56,2024-05-08,728,N20,VIIRS,n,2,301.22,1.88,D,0
16.31897,80.71497,333.26,0.44,0.46,2024-05-08,728,N20,VIIRS,n,2,298.53,2.92,D,0
16.31947,80.69378,334.09,0.44,0.46,2024-05-08,728,N20,VIIRS,n,2,301.94,4.72,D,0
16.32021,80.69786,354.69,0.44,0.46,2024-05-08,728,N20,VIIRS,n,2,301.94,4.72,D,0
16.32318,80.71416,331.69,0.44,0.46,2024-05-08,728,N20,VIIRS,n,2,298.91,2.92,D,0
16.32492,80.67578,336.09,0.44,0.46,2024-05-08,728,N20,VIIRS,n,2,300.95,5.41,D,0
16.32664,80.70927,336.87,0.44,0.46,2024-05-08,728,N20,VIIRS,n,2,300.52,4.82,D,0
16.3284,80.67088,336.32,0.44,0.46,2024-05-08,728,N20,VIIRS,n,2,300.32,2.94,D,0
16.32988,80.67907,342.26,0.44,0.46,2024-05-08,728,N20,VIIRS,n,2,301.81,4.86,D,0
16.33062,80.68315,332.82,0.44,0.46,2024-05-08,728,N20,VIIRS,n,2,301.11,3.63,D,0
16.33085,80.70845,349.13,0.44,0.46,2024-05-08,728,N20,VIIRS,n,2,300.91,4.82,D,0
16.3321,80.69132,337.5,0.44,0.46,2024-05-08,728,N20,VIIRS,n,2,301.37,3.84,D,0
16.33284,80.6954,333.77,0.44,0.46,2024-05-08,728,N20,VIIRS,n,2,300.19,3.84,D,0
16.33358,80.69949,348.77,0.44,0.46,2024-05-08,728,N20,VIIRS,n,2,300.76,7.88,D,0
16.33506,80.70763,344.83,0.44,0.46,2024-05-08,728,N20,VIIRS,n,2,300.59,5.67,D,0
16.3358,80.7117,337.78,0.44,0.46,2024-05-08,728,N20,VIIRS,n,2,299.17,5.67,D,0
16.33654,80.71579,345.68,0.44,0.46,2024-05-08,728,N20,VIIRS,n,2,299.0,3.51,D,0
16.34074,80.71496,340.03,0.44,0.46,2024-05-08,728,N20,VIIRS,n,2,298.31,3.51,D,0
16.34401,80.68478,338.05,0.44,0.46,2024-05-08,728,N20,VIIRS,n,2,300.87,5.9,D,0
16.34474,80.68887,342.48,0.44,0.46,2024-05-08,728,N20,VIIRS,n,2,299.32,3.78,D,0
16.34548,80.69294,333.42,0.44,0.46,2024-05-08,728,N20,VIIRS,n,2,298.56,3.78,D,0
16.35022,80.67087,331.72,0.44,0.46,2024-05-08,728,N20,VIIRS,n,2,300.27,3.36,D,0
16.35116,80.70028,346.55,0.44,0.46,2024-05-08,728,N20,VIIRS,n,2,300.72,12.97,D,0
16.35189,80.70436,342.13,0.44,0.46,2024-05-08,728,N20,VIIRS,n,2,298.05,6.56,D,0
16.3561,80.70354,337.89,0.44,0.46,2024-05-08,728,N20,VIIRS,n,2,298.99,6.56,D,0
16.35738,80.68639,331.84,0.44,0.46,2024-05-08,728,N20,VIIRS,n,2,300.96,2.48,D,0
16.36159,80.68558,339.37,0.44,0.46,2024-05-08,728,N20,VIIRS,n,2,301.21,2.48,D,0
16.39012,80.77237,337.95,0.44,0.46,2024-05-08,728,N20,VIIRS,n,2,296.52,3.07,D,0
16.39083,80.77221,335.29,0.44,0.46,2024-05-08,728,N20,VIIRS,n,2,296.41,2.03,D,0
16.41727,77.4948,337.79,0.36,0.57,2024-05-08,728,N20,VIIRS,n,2,303.8,3.81,D,0
16.42142,77.49416,347.05,0.36,0.57,2024-05-08,728,N20,VIIRS,n,2,305.19,6.73,D,0
16.42204,77.41169,339.11,0.36,0.58,2024-05-08,728,N20,VIIRS,n,2,304.77,4.9,D,0
16.42244,77.49372,341.0,0.36,0.57,2024-05-08,728,N20,VIIRS,n,2,305.05,5.49,D,0
16.42881,77.47189,346.24,0.36,0.57,2024-05-08,728,N20,VIIRS,n,2,304.78,6.38,D,0
16.44543,77.28442,341.03,0.37,0.58,2024-05-08,728,N20,VIIRS,n,2,306.4,8.43,D,0
16.4639,77.13719,352.21,0.38,0.58,2024-05-08,728,N20,VIIRS,n,2,305.27,9.79,D,0
16.46567,77.13757,349.32,0.38,0.59,2024-05-08,728,N20,VIIRS,n,2,304.52,9.63,D,0
16.47443,77.13474,347.25,0.38,0.58,2024-05-08,728,N20,VIIRS,n,2,303.45,7.89,D,0
16.47688,77.55035,336.59,0.35,0.57,2024-05-08,728,N20,VIIRS,n,2,302.54,1.32,D,0
16.47872,78.79429,340.34,0.58,0.52,2024-05-08,728,N20,VIIRS,n,2,299.25,8.94,D,0
16.47927,80.59131,330.07,0.45,0.47,2024-05-08,728,N20,VIIRS,l,2,302.83,2.76,D,0
16.51444,80.52014,331.96,0.45,0.47,2024-05-08,728,N20,VIIRS,l,2,302.37,1.49,D,0
16.52203,77.45229,336.01,0.36,0.57,2024-05-08,728,N20,VIIRS,n,2,304.17,4.91,D,0
16.54677,80.72154,343.77,0.44,0.46,2024-05-08,728,N20,VIIRS,n,2,301.08,4.77,D,0
16.55368,80.71183,352.07,0.44,0.46,2024-05-08,728,N20,VIIRS,n,2,301.61,8.84,D,0
16.55988,80.69807,343.46,0.44,0.46,2024-05-08,728,N20,VIIRS,n,2,301.74,11.8,D,0
16.59361,77.77618,333.02,0.34,0.56,2024-05-08,728,N20,VIIRS,l,2,303.64,1.33,D,0
16.71115,77.14771,350.38,0.37,0.58,2024-05-08,728,N20,VIIRS,n,2,302.7,4.25,D,0
16.78827,80.68448,331.19,0.44,0.46,2024-05-08,728,N20,VIIRS,n,2,301.18,1.87,D,0
16.84714,80.67012,330.11,0.44,0.46,2024-05-08,728,N20,VIIRS,l,2,301.86,2.23,D,0
17.00408,80.81583,331.66,0.42,0.45,2024-05-08,728,N20,VIIRS,n,2,298.73,2.08,D,0
17.0994,80.12138,339.35,0.47,0.48,2024-05-08,728,N20,VIIRS,n,2,300.89,4.36,D,0
17.15929,77.7763,335.71,0.33,0.55,2024-05-08,728,N20,VIIRS,n,2,305.29,3.29,D,0
17.2648,77.83775,337.2,0.33,0.55,2024-05-08,728,N20,VIIRS,n,2,301.87,2.53,D,0
17.4084,77.72416,344.65,0.33,0.55,2024-05-08,728,N20,VIIRS,n,2,307.45,6.62,D,0
17.44502,80.81984,330.53,0.42,0.45,2024-05-08,728,N20,VIIRS,l,2,303.25,1.5,D,0
17.50624,77.45618,337.42,0.34,0.56,2024-05-08,728,N20,VIIRS,n,2,306.77,8.41,D,0
17.56824,80.8744,343.26,0.41,0.45,2024-05-08,728,N20,VIIRS,n,2,302.28,4.41,D,0
17.58459,80.64683,337.57,0.42,0.46,2024-05-08,728,N20,VIIRS,n,2,303.03,1.66,D,0
17.59516,81.20852,332.66,0.39,0.44,2024-05-08,728,N20,VIIRS,l,2,302.83,1.79,D,0
17.60129,80.85188,330.88,0.41,0.45,2024-05-08,728,N20,VIIRS,l,2,303.02,0.65,D,0
17.61434,80.76189,345.56,0.42,0.45,2024-05-08,728,N20,VIIRS,n,2,305.3,12.5,D,0
17.68301,80.68074,332.87,0.42,0.45,2024-05-08,728,N20,VIIRS,l,2,302.97,2.66,D,0
17.70725,80.53364,334.16,0.43,0.46,2024-05-08,728,N20,VIIRS,n,2,302.3,2.45,D,0
17.72666,77.42702,340.7,0.34,0.56,2024-05-08,728,N20,VIIRS,n,2,307.95,7.22,D,0
17.84203,80.83668,340.91,0.41,0.45,2024-05-08,728,N20,VIIRS,n,2,305.53,4.24,D,0
17.88643,81.48032,332.85,0.56,0.43,2024-05-08,728,N20,VIIRS,l,2,303.33,2.81,D,0
18.12278,78.2107,342.92,0.59,0.53,2024-05-08,728,N20,VIIRS,n,2,306.62,8.15,D,0
18.13607,81.1618,332.63,0.39,0.44,2024-05-08,728,N20,VIIRS,l,2,306.21,2.43,D,0
18.1467,81.15247,332.53,0.39,0.44,2024-05-08,728,N20,VIIRS,l,2,303.8,1.47,D,0
18.17378,79.66957,331.77,0.48,0.48,2024-05-08,728,N20,VIIRS,l,2,301.92,1.73,D,0
18.19022,77.79754,336.82,0.63,0.54,2024-05-08,728,N20,VIIRS,n,2,305.25,6.22,D,0
18.21032,78.17834,339.2,0.6,0.53,2024-05-08,728,N20,VIIRS,n,2,306.35,5.96,D,0
18.23719,77.76803,346.9,0.63,0.54,2024-05-08,728,N20,VIIRS,n,2,306.32,15.47,D,0
18.23918,77.94311,333.77,0.62,0.54,2024-05-08,728,N20,VIIRS,l,2,305.0,1.53,D,0
18.26874,77.79781,340.9,0.63,0.54,2024-05-08,728,N20,VIIRS,n,2,305.09,4.95,D,0
18.28567,77.908,342.59,0.62,0.54,2024-05-08,728,N20,VIIRS,n,2,305.94,5.82,D,0
18.28708,77.88965,338.52,0.62,0.54,2024-05-08,728,N20,VIIRS,n,2,305.25,6.76,D,0
18.29454,77.64352,337.44,0.32,0.55,2024-05-08,728,N20,VIIRS,n,2,305.48,5.13,D,0
18.29478,77.64183,339.29,0.32,0.55,2024-05-08,728,N20,VIIRS,n,2,306.63,3.41,D,0
18.30508,77.90368,335.51,0.62,0.54,2024-05-08,728,N20,VIIRS,n,2,305.27,5.2,D,0
18.33126,77.74524,335.21,0.63,0.54,2024-05-08,728,N20,VIIRS,l,2,306.02,8.05,D,0
18.3611,78.53455,342.19,0.56,0.52,2024-05-08,728,N20,VIIRS,n,2,304.32,4.36,D,0
18.3636,78.5714,336.94,0.56,0.51,2024-05-08,728,N20,VIIRS,n,2,306.01,3.34,D,0
18.36375,78.53573,348.26,0.56,0.52,2024-05-08,728,N20,VIIRS,n,2,303.83,8.56,D,0
18.37576,77.81406,337.32,0.62,0.54,2024-05-08,728,N20,VIIRS,n,2,306.85,7.38,D,0
18.38338,77.99434,335.64,0.61,0.53,2024-05-08,728,N20,VIIRS,l,2,308.27,8.16,D,0
18.38579,77.78777,339.63,0.63,0.54,2024-05-08,728,N20,VIIRS,n,2,305.94,5.28,D,0
18.39669,77.79134,337.15,0.63,0.54,2024-05-08,728,N20,VIIRS,l,2,307.24,7.03,D,0
18.40541,77.98762,349.03,0.61,0.53,2024-05-08,728,N20,VIIRS,n,2,308.31,14.75,D,0
18.51097,77.86825,334.59,0.62,0.54,2024-05-08,728,N20,VIIRS,n,2,303.65,3.54,D,0
18.51357,79.59321,345.21,0.48,0.48,2024-05-08,728,N20,VIIRS,n,2,303.89,7.37,D,0
18.54215,78.60588,336.96,0.55,0.51,2024-05-08,728,N20,VIIRS,l,2,307.43,3.91,D,0
18.60798,78.13235,338.2,0.59,0.53,2024-05-08,728,N20,VIIRS,n,2,307.88,7.75,D,0
18.60813,78.13433,347.21,0.59,0.53,2024-05-08,728,N20,VIIRS,n,2,307.91,9.7,D,0
18.60904,78.1378,335.36,0.59,0.53,2024-05-08,728,N20,VIIRS,l,2,305.93,5.18,D,0
18.62488,78.11716,337.62,0.59,0.53,2024-05-08,728,N20,VIIRS,l,2,307.98,6.82,D,0
18.62495,78.11923,341.69,0.59,0.53,2024-05-08,728,N20,VIIRS,n,2,307.49,8.82,D,0
18.63497,78.74195,333.65,0.54,0.51,2024-05-08,728,N20,VIIRS,l,2,305.93,2.31,D,0
18.64224,78.80293,342.39,0.53,0.5,2024-05-08,728,N20,VIIRS,n,2,306.34,7.49,D,0
18.64248,78.80489,346.63,0.53,0.5,2024-05-08,728,N20,VIIRS,n,2,306.49,6.67,D,0
18.65327,78.66486,345.08,0.54,0.51,2024-05-08,728,N20,VIIRS,n,2,307.6,6.87,D,0
18.65422,78.66972,342.01,0.54,0.51,2024-05-08,728,N20,VIIRS,n,2,306.43,6.87,D,0
18.67458,79.55707,336.87,0.48,0.48,2024-05-08,728,N20,VIIRS,n,2,305.39,3.71,D,0
18.67554,79.5582,334.02,0.48,0.48,2024-05-08,728,N20,VIIRS,l,2,304.21,2.31,D,0
18.68881,77.79362,345.72,0.62,0.54,2024-05-08,728,N20,VIIRS,n,2,308.22,25.51,D,0
18.70225,78.15924,334.64,0.58,0.52,2024-05-08,728,N20,VIIRS,l,2,306.94,5.63,D,0
18.70751,78.33639,335.39,0.57,0.52,2024-05-08,728,N20,VIIRS,l,2,305.81,4.78,D,0
18.72633,78.87057,331.36,0.53,0.5,2024-05-08,728,N20,VIIRS,l,2,304.54,2.43,D,0
18.73481,78.0478,334.35,0.59,0.53,2024-05-08,728,N20,VIIRS,l,2,306.8,4.09,D,0
18.7359,78.05326,336.06,0.59,0.53,2024-05-08,728,N20,VIIRS,n,2,305.31,4.09,D,0
18.74191,78.75542,334.36,0.53,0.5,2024-05-08,728,N20,VIIRS,l,2,307.45,4.27,D,0
18.74199,78.75433,335.06,0.53,0.5,2024-05-08,728,N20,VIIRS,l,2,308.06,3.51,D,0
18.74247,78.0861,331.78,0.59,0.53,2024-05-08,728,N20,VIIRS,l,2,305.4,3.38,D,0
18.74655,78.75334,336.69,0.53,0.5,2024-05-08,728,N20,VIIRS,n,2,306.19,3.51,D,0
18.75098,78.60728,346.72,0.55,0.51,2024-05-08,728,N20,VIIRS,n,2,308.36,8.83,D,0
18.76607,78.48706,340.28,0.55,0.51,2024-05-08,728,N20,VIIRS,n,2,307.7,7.16,D,0
18.77097,78.66067,335.44,0.54,0.51,2024-05-08,728,N20,VIIRS,l,2,306.09,1.87,D,0
18.78498,77.89702,336.92,0.61,0.53,2024-05-08,728,N20,VIIRS,l,2,308.5,7.21,D,0
18.80039,78.66473,335.91,0.54,0.51,2024-05-08,728,N20,VIIRS,l,2,307.77,4.51,D,0
18.83852,78.27312,333.39,0.57,0.52,2024-05-08,728,N20,VIIRS,l,2,305.28,6.95,D,0
18.84274,78.24442,347.86,0.57,0.52,2024-05-08,728,N20,VIIRS,n,2,308.77,17.58,D,0
18.84321,78.27206,353.92,0.57,0.52,2024-05-08,728,N20,VIIRS,n,2,305.96,6.95,D,0
18.8433,78.24193,347.26,0.57,0.52,2024-05-08,728,N20,VIIRS,n,2,308.02,13.65,D,0
18.85802,79.41995,337.01,0.48,0.48,2024-05-08,728,N20,VIIRS,n,2,306.67,4.13,D,0
18.85819,79.4201,337.82,0.48,0.48,2024-05-08,728,N20,VIIRS,n,2,306.53,4.07,D,0
18.85851,78.04694,337.21,0.59,0.53,2024-05-08,728,N20,VIIRS,l,2,307.8,6.28,D,0
18.85961,78.05242,340.8,0.59,0.53,2024-05-08,728,N20,VIIRS,n,2,306.15,6.28,D,0
18.86566,78.26163,337.82,0.57,0.52,2024-05-08,728,N20,VIIRS,n,2,306.47,6.85,D,0
18.86637,78.25912,338.99,0.57,0.52,2024-05-08,728,N20,VIIRS,n,2,307.84,7.43,D,0
18.87305,78.45094,336.91,0.56,0.51,2024-05-08,728,N20,VIIRS,l,2,308.14,5.44,D,0
18.88951,78.47173,339.26,0.55,0.51,2024-05-08,728,N20,VIIRS,n,2,306.84,3.21,D,0
18.88996,78.38797,334.99,0.56,0.52,2024-05-08,728,N20,VIIRS,l,2,306.87,3.66,D,0
18.89159,78.44686,334.01,0.56,0.51,2024-05-08,728,N20,VIIRS,l,2,306.14,2.28,D,0
18.8926,78.3903,342.67,0.56,0.51,2024-05-08,728,N20,VIIRS,n,2,306.89,4.76,D,0
18.90042,78.08331,344.65,0.59,0.53,2024-05-08,728,N20,VIIRS,n,2,307.32,15.03,D,0
18.91721,78.06677,336.62,0.59,0.53,2024-05-08,728,N20,VIIRS,n,2,304.34,14.25,D,0
18.92096,78.06174,338.92,0.59,0.53,2024-05-08,728,N20,VIIRS,n,2,306.48,13.53,D,0
18.92528,77.52312,342.71,0.32,0.54,2024-05-08,729,N20,VIIRS,n,2,308.21,18.32,D,0
19.07349,78.03066,339.31,0.59,0.53,2024-05-08,729,N20,VIIRS,l,2,309.86,12.13,D,0
19.07956,78.08591,340.13,0.58,0.52,2024-05-08,729,N20,VIIRS,n,2,308.74,8.36,D,0
19.08429,78.08488,346.96,0.58,0.52,2024-05-08,729,N20,VIIRS,n,2,308.04,8.36,D,0
19.08774,78.0276,340.3,0.59,0.53,2024-05-08,729,N20,VIIRS,n,2,309.84,8.92,D,0
19.11822,77.98109,339.15,0.59,0.53,2024-05-08,729,N20,VIIRS,l,2,310.28,7.12,D,0
19.12298,77.98005,339.42,0.59,0.53,2024-05-08,729,N20,VIIRS,l,2,309.78,7.12,D,0
19.14211,78.078,335.45,0.58,0.52,2024-05-08,729,N20,VIIRS,l,2,307.56,6.1,D,0
19.14333,78.08025,333.83,0.58,0.52,2024-05-08,729,N20,VIIRS,l,2,306.5,6.24,D,0
19.19906,78.27094,335.68,0.56,0.52,2024-05-08,729,N20,VIIRS,l,2,309.88,6.12,D,0
19.4552,78.08116,343.91,0.57,0.52,2024-05-08,729,N20,VIIRS,n,2,311.58,10.77,D,0
19.51956,78.58195,336.68,0.53,0.5,2024-05-08,729,N20,VIIRS,l,2,310.53,6.31,D,0
19.61462,78.43768,343.36,0.54,0.51,2024-05-08,729,N20,VIIRS,n,2,306.41,4.83,D,0
19.61559,78.44263,336.31,0.54,0.51,2024-05-08,729,N20,VIIRS,l,2,309.24,4.83,D,0
19.64687,78.45645,339.92,0.54,0.51,2024-05-08,729,N20,VIIRS,l,2,310.07,7.29,D,0
19.64881,78.46648,347.72,0.54,0.51,2024-05-08,729,N20,VIIRS,n,2,313.25,22.74,D,0
19.6591,78.39957,345.23,0.54,0.51,2024-05-08,729,N20,VIIRS,n,2,310.83,11.74,D,0
19.65913,78.39633,344.34,0.54,0.51,2024-05-08,729,N20,VIIRS,n,2,309.26,13.16,D,0
19.67539,78.50514,347.03,0.53,0.5,2024-05-08,729,N20,VIIRS,n,2,309.43,9.72,D,0
19.67563,78.50713,344.19,0.53,0.5,2024-05-08,729,N20,VIIRS,n,2,309.54,8.12,D,0
19.82832,79.87818,333.94,0.43,0.46,2024-05-08,729,N20,VIIRS,l,2,305.6,3.13,D,0
19.82931,79.8786,334.4,0.43,0.46,2024-05-08,729,N20,VIIRS,l,2,305.78,4.05,D,0
19.98573,78.56464,339.12,0.52,0.5,2024-05-08,729,N20,VIIRS,l,2,310.22,6.0,D,0
19.98871,80.70497,334.68,0.38,0.44,2024-05-08,729,N20,VIIRS,n,2,301.65,2.41,D,0
19.7882,79.14645,307.03,0.41,0.45,2024-05-08,1958,N20,VIIRS,n,2,295.69,1.03,N,2
19.96362,79.33325,319.64,0.4,0.44,2024-05-08,1958,N20,VIIRS,n,2,295.73,1.39,N,2
16.28365,80.82329,305.79,0.45,0.39,2024-05-08,1959,N20,VIIRS,n,2,294.1,0.99,N,0
16.2845,80.82462,306.87,0.45,0.39,2024-05-08,1959,N20,VIIRS,n,2,294.01,1.04,N,0
17.94806,80.78603,314.82,0.47,0.4,2024-05-08,1959,N20,VIIRS,n,2,296.95,2.38,N,0
17.95898,80.78764,311.02,0.47,0.4,2024-05-08,1959,N20,VIIRS,n,2,297.57,1.67,N,0
18.65534,79.55788,312.46,0.56,0.43,2024-05-08,1959,N20,VIIRS,n,2,297.47,1.53,N,0
18.67571,79.55552,317.48,0.56,0.43,2024-05-08,1959,N20,VIIRS,n,2,298.16,2.43,N,0
18.69681,79.5477,309.64,0.56,0.43,2024-05-08,1959,N20,VIIRS,n,2,297.59,1.31,N,0
18.80048,78.4375,310.32,0.44,0.46,2024-05-08,1959,N20,VIIRS,n,2,295.39,3.32,N,0
15.96423,80.94,306.97,0.44,0.39,2024-05-08,2000,N20,VIIRS,n,2,293.27,0.94,N,0
