latitude,longitude,bright_ti4,scan,track,acq_date,acq_time,satellite,instrument,confidence,version,bright_ti5,frp,daynight,type
15.52089,77.79773,349.06,0.4,0.37,2022-03-31,810,N20,VIIRS,n,2,315.49,18.54,D,0
15.52668,78.70354,333.98,0.43,0.38,2022-03-31,810,N20,VIIRS,l,2,305.81,2.21,D,0
15.52834,78.71548,343.56,0.43,0.38,2022-03-31,810,N20,VIIRS,n,2,306.68,4.38,D,0
15.53072,78.70695,333.3,0.43,0.38,2022-03-31,810,N20,VIIRS,l,2,306.06,3.44,D,0
15.53128,78.71094,330.71,0.43,0.38,2022-03-31,810,N20,VIIRS,l,2,304.73,3.44,D,0
15.53183,78.71488,336.51,0.43,0.38,2022-03-31,810,N20,VIIRS,n,2,304.42,4.38,D,0
15.55205,78.86049,350.37,0.44,0.38,2022-03-31,810,N20,VIIRS,n,2,313.61,24.45,D,0
15.55262,78.86463,355.61,0.44,0.38,2022-03-31,810,N20,VIIRS,n,2,309.71,24.45,D,0
15.55557,78.85999,350.23,0.44,0.38,2022-03-31,810,N20,VIIRS,n,2,308.51,14.9,D,0
15.55853,78.85538,337.09,0.44,0.38,2022-03-31,810,N20,VIIRS,n,2,299.62,6.84,D,0
15.56261,78.85894,339.04,0.44,0.38,2022-03-31,810,N20,VIIRS,n,2,305.55,13.76,D,0
15.56432,78.87122,343.67,0.44,0.38,2022-03-31,810,N20,VIIRS,n,2,308.65,13.25,D,0
15.56613,78.85839,347.0,0.44,0.38,2022-03-31,810,N20,VIIRS,n,2,305.62,13.76,D,0
15.58966,79.81893,341.5,0.49,0.4,2022-03-31,810,N20,VIIRS,n,2,311.06,5.66,D,0
15.71249,78.9761,342.15,0.45,0.39,2022-03-31,810,N20,VIIRS,n,2,310.87,8.23,D,0
15.75776,79.14436,341.07,0.45,0.39,2022-03-31,810,N20,VIIRS,l,2,313.94,6.47,D,0
15.76133,79.14381,339.59,0.45,0.39,2022-03-31,810,N20,VIIRS,l,2,312.33,6.19,D,0
15.77058,79.88279,338.33,0.49,0.4,2022-03-31,810,N20,VIIRS,l,2,310.74,4.14,D,0
15.77278,79.8836,337.32,0.49,0.41,2022-03-31,810,N20,VIIRS,l,2,309.3,5.26,D,0
15.80448,79.7813,336.69,0.49,0.4,2022-03-31,810,N20,VIIRS,l,2,306.94,3.8,D,0
15.803,77.66621,344.88,0.4,0.37,2022-03-31,811,N20,VIIRS,l,2,316.77,10.59,D,0
15.98736,78.17604,342.3,0.42,0.38,2022-03-31,811,N20,VIIRS,l,2,316.96,11.36,D,0
16.03045,79.82668,335.17,0.49,0.4,2022-03-31,811,N20,VIIRS,l,2,307.89,4.39,D,0
16.07784,78.17019,341.46,0.42,0.38,2022-03-31,811,N20,VIIRS,l,2,314.28,8.17,D,0
16.12489,77.74676,344.58,0.41,0.37,2022-03-31,811,N20,VIIRS,l,2,319.43,16.66,D,0
16.12969,79.84667,336.74,0.5,0.41,2022-03-31,811,N20,VIIRS,n,2,306.69,3.79,D,0
16.21255,77.23734,349.25,0.4,0.37,2022-03-31,811,N20,VIIRS,n,2,319.18,13.6,D,0
16.24143,78.60684,336.0,0.44,0.38,2022-03-31,811,N20,VIIRS,n,2,304.97,5.37,D,0
16.242,78.61087,333.38,0.44,0.38,2022-03-31,811,N20,VIIRS,n,2,300.51,2.68,D,0
16.38819,79.41213,346.98,0.47,0.4,2022-03-31,811,N20,VIIRS,n,2,308.57,8.32,D,0
16.41406,78.96702,335.7,0.45,0.39,2022-03-31,811,N20,VIIRS,l,2,309.86,2.22,D,0
16.48766,78.55591,341.73,0.44,0.38,2022-03-31,811,N20,VIIRS,l,2,314.25,11.25,D,0
16.53019,80.91975,333.97,0.38,0.43,2022-03-31,811,N20,VIIRS,n,2,301.42,3.31,D,0
16.53284,77.66413,345.82,0.41,0.37,2022-03-31,811,N20,VIIRS,l,2,317.63,11.79,D,0
16.80318,77.8893,340.96,0.42,0.37,2022-03-31,811,N20,VIIRS,l,2,310.98,8.6,D,0
16.86526,78.23317,343.57,0.43,0.38,2022-03-31,811,N20,VIIRS,n,2,312.86,8.46,D,0
16.99832,77.37168,349.17,0.4,0.37,2022-03-31,811,N20,VIIRS,l,2,319.58,9.64,D,0
17.00319,78.04227,339.26,0.42,0.38,2022-03-31,811,N20,VIIRS,l,2,312.67,6.46,D,0
17.06567,78.38383,346.91,0.43,0.38,2022-03-31,811,N20,VIIRS,n,2,321.32,6.3,D,0
17.21214,77.79097,345.0,0.41,0.37,2022-03-31,811,N20,VIIRS,l,2,319.12,8.21,D,0
17.25294,80.73719,334.95,0.57,0.43,2022-03-31,811,N20,VIIRS,n,2,301.2,3.79,D,0
17.42482,77.93452,351.57,0.42,0.38,2022-03-31,811,N20,VIIRS,n,2,326.1,13.85,D,0
17.42538,77.93847,367.0,0.42,0.38,2022-03-31,811,N20,VIIRS,l,2,325.08,1.81,D,0
17.46036,77.84122,351.33,0.42,0.38,2022-03-31,811,N20,VIIRS,l,2,324.49,10.34,D,0
17.4638,77.84071,367.0,0.42,0.38,2022-03-31,811,N20,VIIRS,l,2,325.57,7.02,D,0
17.50987,78.24939,348.32,0.43,0.38,2022-03-31,811,N20,VIIRS,n,2,318.88,11.29,D,0
17.57884,77.09985,367.0,0.4,0.37,2022-03-31,811,N20,VIIRS,l,2,327.78,0.6,D,0
17.57938,77.10359,367.0,0.4,0.37,2022-03-31,811,N20,VIIRS,l,2,327.19,0.6,D,0
17.57992,77.10734,367.0,0.4,0.37,2022-03-31,811,N20,VIIRS,l,2,326.69,1.1,D,0
17.5822,77.09933,367.0,0.4,0.37,2022-03-31,811,N20,VIIRS,l,2,327.88,8.28,D,0
17.58274,77.10307,353.54,0.4,0.37,2022-03-31,811,N20,VIIRS,l,2,328.08,8.28,D,0
17.58328,77.1068,367.0,0.4,0.37,2022-03-31,811,N20,VIIRS,l,2,326.11,0.6,D,0
17.58556,77.09879,367.0,0.4,0.37,2022-03-31,811,N20,VIIRS,l,2,327.5,8.28,D,0
17.5861,77.10254,367.0,0.4,0.37,2022-03-31,811,N20,VIIRS,l,2,329.95,8.28,D,0
17.58664,77.10628,367.0,0.4,0.37,2022-03-31,811,N20,VIIRS,l,2,326.54,0.6,D,0
17.62396,80.39565,336.23,0.55,0.43,2022-03-31,811,N20,VIIRS,l,2,308.32,3.71,D,0
17.628,77.34641,367.0,0.41,0.37,2022-03-31,811,N20,VIIRS,l,2,327.42,7.1,D,0
17.62854,77.35023,354.35,0.41,0.37,2022-03-31,811,N20,VIIRS,n,2,325.71,7.1,D,0
17.63138,77.34588,367.0,0.41,0.37,2022-03-31,811,N20,VIIRS,l,2,326.7,4.12,D,0
17.63193,77.34969,367.0,0.41,0.37,2022-03-31,811,N20,VIIRS,l,2,326.84,4.12,D,0
17.63247,77.35351,367.0,0.41,0.37,2022-03-31,811,N20,VIIRS,l,2,327.7,8.32,D,0
17.64165,80.25684,347.57,0.54,0.42,2022-03-31,811,N20,VIIRS,n,2,308.79,13.69,D,0
17.66246,78.33857,346.92,0.44,0.38,2022-03-31,811,N20,VIIRS,l,2,319.74,8.77,D,0
17.66303,78.34268,339.3,0.44,0.38,2022-03-31,811,N20,VIIRS,l,2,314.19,8.77,D,0
17.71925,80.68021,330.6,0.38,0.43,2022-03-31,811,N20,VIIRS,l,2,304.43,2.84,D,0
17.7347,80.38821,335.31,0.55,0.43,2022-03-31,811,N20,VIIRS,l,2,307.2,5.6,D,0
17.77792,80.69415,344.99,0.39,0.44,2022-03-31,811,N20,VIIRS,n,2,306.54,4.76,D,0
17.84896,80.37558,335.43,0.55,0.43,2022-03-31,811,N20,VIIRS,l,2,309.04,4.04,D,0
17.88235,80.19839,338.59,0.54,0.42,2022-03-31,811,N20,VIIRS,l,2,308.77,7.76,D,0
17.88556,80.47248,342.19,0.56,0.43,2022-03-31,811,N20,VIIRS,n,2,309.85,7.17,D,0
17.89548,80.36581,337.86,0.56,0.43,2022-03-31,811,N20,VIIRS,l,2,309.76,6.56,D,0
17.8961,80.36932,341.56,0.55,0.43,2022-03-31,811,N20,VIIRS,n,2,309.72,6.86,D,0
17.89742,80.34952,333.47,0.55,0.43,2022-03-31,811,N20,VIIRS,l,2,308.42,3.08,D,0
17.9171,80.37887,336.46,0.56,0.43,2022-03-31,811,N20,VIIRS,l,2,309.77,7.46,D,0
17.94797,80.4327,333.06,0.56,0.43,2022-03-31,811,N20,VIIRS,l,2,307.29,3.07,D,0
17.97227,80.28064,336.46,0.55,0.43,2022-03-31,811,N20,VIIRS,l,2,309.6,7.27,D,0
17.98461,78.53135,343.88,0.45,0.39,2022-03-31,811,N20,VIIRS,l,2,318.85,10.28,D,0
18.02016,80.40473,335.29,0.56,0.43,2022-03-31,811,N20,VIIRS,l,2,307.02,2.4,D,0
18.07545,80.27464,340.23,0.55,0.43,2022-03-31,811,N20,VIIRS,n,2,306.6,5.22,D,0
18.07612,80.27982,337.33,0.55,0.43,2022-03-31,811,N20,VIIRS,n,2,306.56,5.37,D,0
18.07894,80.61508,336.89,0.38,0.44,2022-03-31,811,N20,VIIRS,n,2,306.4,2.48,D,0
18.10713,80.51842,335.35,0.57,0.43,2022-03-31,811,N20,VIIRS,l,2,305.81,2.27,D,0
18.11368,80.10501,334.01,0.54,0.42,2022-03-31,811,N20,VIIRS,l,2,308.41,1.82,D,0
18.11648,80.52815,339.41,0.57,0.43,2022-03-31,811,N20,VIIRS,n,2,306.89,3.69,D,0
18.11856,80.52532,336.36,0.57,0.43,2022-03-31,811,N20,VIIRS,l,2,307.46,5.08,D,0
18.12046,80.52764,339.7,0.57,0.43,2022-03-31,811,N20,VIIRS,n,2,307.57,3.69,D,0
18.14299,81.23027,336.04,0.42,0.45,2022-03-31,811,N20,VIIRS,l,2,308.24,3.13,D,0
18.14661,80.92293,332.44,0.4,0.44,2022-03-31,811,N20,VIIRS,l,2,306.6,1.08,D,0
18.15095,78.2729,346.03,0.44,0.38,2022-03-31,811,N20,VIIRS,l,2,318.08,10.25,D,0
18.15156,78.27299,346.81,0.44,0.38,2022-03-31,811,N20,VIIRS,l,2,318.68,10.35,D,0
18.15944,78.12095,344.3,0.43,0.38,2022-03-31,811,N20,VIIRS,l,2,319.17,13.15,D,0
18.16272,80.27041,330.56,0.55,0.43,2022-03-31,811,N20,VIIRS,l,2,305.45,1.45,D,0
18.19638,80.3144,342.74,0.56,0.43,2022-03-31,811,N20,VIIRS,n,2,307.61,6.54,D,0
18.21023,78.07582,348.03,0.43,0.38,2022-03-31,811,N20,VIIRS,l,2,320.71,10.94,D,0
18.24075,80.38184,332.32,0.56,0.43,2022-03-31,811,N20,VIIRS,l,2,306.77,1.9,D,0
18.25595,80.97002,332.36,0.41,0.45,2022-03-31,811,N20,VIIRS,l,2,306.42,1.71,D,0
18.25811,80.95404,333.44,0.4,0.45,2022-03-31,811,N20,VIIRS,l,2,305.83,0.86,D,0
18.2603,81.31145,339.84,0.43,0.46,2022-03-31,811,N20,VIIRS,n,2,306.67,5.67,D,0
18.26079,81.31553,343.94,0.43,0.46,2022-03-31,811,N20,VIIRS,n,2,305.26,6.74,D,0
18.26142,80.64552,342.59,0.39,0.44,2022-03-31,811,N20,VIIRS,n,2,310.1,4.31,D,0
18.26147,78.1809,346.54,0.44,0.38,2022-03-31,811,N20,VIIRS,l,2,321.24,17.34,D,0
18.26536,81.01158,334.3,0.41,0.45,2022-03-31,811,N20,VIIRS,l,2,307.21,2.92,D,0
18.26543,80.64499,344.73,0.39,0.44,2022-03-31,811,N20,VIIRS,n,2,309.81,6.45,D,0
18.26553,78.18441,354.26,0.44,0.38,2022-03-31,811,N20,VIIRS,n,2,323.13,29.97,D,0
18.26633,81.01931,332.45,0.41,0.45,2022-03-31,811,N20,VIIRS,l,2,306.3,3.21,D,0
18.26682,81.02317,339.37,0.41,0.45,2022-03-31,811,N20,VIIRS,n,2,306.26,3.21,D,0
18.27438,80.68433,341.89,0.39,0.44,2022-03-31,811,N20,VIIRS,n,2,309.01,2.94,D,0
18.27487,80.68824,340.93,0.39,0.44,2022-03-31,811,N20,VIIRS,n,2,308.01,3.44,D,0
18.27639,80.10101,334.46,0.54,0.42,2022-03-31,811,N20,VIIRS,l,2,307.61,3.89,D,0
18.27933,80.69119,342.88,0.39,0.44,2022-03-31,811,N20,VIIRS,n,2,307.84,2.16,D,0
18.27973,78.02833,345.53,0.43,0.38,2022-03-31,811,N20,VIIRS,l,2,319.78,9.73,D,0
18.28322,78.02782,345.22,0.43,0.38,2022-03-31,811,N20,VIIRS,l,2,319.01,10.15,D,0
18.29064,81.07915,343.27,0.41,0.45,2022-03-31,811,N20,VIIRS,n,2,306.2,4.02,D,0
18.291,80.06219,342.13,0.54,0.42,2022-03-31,811,N20,VIIRS,n,2,308.11,3.76,D,0
18.2923,81.05922,341.5,0.41,0.45,2022-03-31,811,N20,VIIRS,n,2,307.68,4.24,D,0
18.29255,80.06424,336.73,0.54,0.42,2022-03-31,811,N20,VIIRS,l,2,307.07,7.67,D,0
18.2928,81.0631,340.53,0.41,0.45,2022-03-31,811,N20,VIIRS,n,2,307.16,2.43,D,0
18.29417,80.26721,341.18,0.55,0.43,2022-03-31,811,N20,VIIRS,n,2,309.21,5.82,D,0
18.29818,80.64563,341.37,0.39,0.44,2022-03-31,811,N20,VIIRS,n,2,308.87,4.52,D,0
18.30068,81.02637,331.94,0.41,0.45,2022-03-31,811,N20,VIIRS,l,2,305.69,2.12,D,0
18.31072,80.30493,338.91,0.56,0.43,2022-03-31,811,N20,VIIRS,n,2,307.17,5.45,D,0
18.31143,80.30756,334.41,0.56,0.43,2022-03-31,811,N20,VIIRS,l,2,307.03,2.67,D,0
18.3152,81.15591,338.36,0.42,0.45,2022-03-31,811,N20,VIIRS,n,2,307.28,3.95,D,0
18.31599,80.251,333.88,0.55,0.43,2022-03-31,811,N20,VIIRS,l,2,308.87,4.12,D,0
18.31615,81.02479,339.25,0.41,0.45,2022-03-31,811,N20,VIIRS,n,2,309.04,2.07,D,0
18.31711,81.15505,344.39,0.42,0.45,2022-03-31,811,N20,VIIRS,n,2,306.96,6.06,D,0
18.31853,81.0443,331.58,0.41,0.45,2022-03-31,811,N20,VIIRS,l,2,306.15,1.21,D,0
18.31935,81.15533,334.74,0.42,0.45,2022-03-31,811,N20,VIIRS,l,2,306.65,1.49,D,0
18.32265,81.04374,334.93,0.41,0.45,2022-03-31,811,N20,VIIRS,l,2,307.52,1.32,D,0
18.33501,80.30714,335.35,0.56,0.43,2022-03-31,811,N20,VIIRS,l,2,307.39,4.45,D,0
18.33739,81.06151,348.59,0.41,0.45,2022-03-31,811,N20,VIIRS,n,2,309.04,5.11,D,0
18.34021,80.62291,339.09,0.39,0.44,2022-03-31,811,N20,VIIRS,n,2,308.48,2.55,D,0
18.34063,80.62624,343.69,0.39,0.44,2022-03-31,811,N20,VIIRS,n,2,307.88,3.22,D,0
18.34821,80.74967,343.39,0.39,0.44,2022-03-31,811,N20,VIIRS,n,2,309.71,2.28,D,0
18.35308,80.69135,343.88,0.39,0.44,2022-03-31,811,N20,VIIRS,n,2,310.95,4.17,D,0
18.36987,77.97404,348.01,0.43,0.38,2022-03-31,811,N20,VIIRS,n,2,318.73,11.98,D,0
18.40539,78.57114,355.34,0.45,0.39,2022-03-31,811,N20,VIIRS,n,2,315.98,9.92,D,0
18.40565,78.55473,347.98,0.45,0.39,2022-03-31,811,N20,VIIRS,n,2,316.68,8.1,D,0
18.40658,78.55338,342.38,0.45,0.39,2022-03-31,811,N20,VIIRS,l,2,316.4,6.71,D,0
18.40737,78.56766,346.85,0.45,0.39,2022-03-31,811,N20,VIIRS,n,2,315.68,7.0,D,0
18.40795,78.57198,346.21,0.46,0.39,2022-03-31,811,N20,VIIRS,n,2,315.69,7.0,D,0
18.40837,78.5663,340.88,0.45,0.39,2022-03-31,811,N20,VIIRS,l,2,315.39,9.28,D,0
18.41184,80.31274,331.95,0.56,0.43,2022-03-31,811,N20,VIIRS,l,2,306.79,4.14,D,0
18.41341,77.3146,367.0,0.41,0.37,2022-03-31,811,N20,VIIRS,l,2,328.92,1.19,D,0
18.41397,77.31847,367.0,0.41,0.37,2022-03-31,811,N20,VIIRS,l,2,326.41,3.26,D,0
18.41501,80.30921,334.18,0.56,0.43,2022-03-31,811,N20,VIIRS,l,2,308.2,3.29,D,0
18.41526,78.09571,346.51,0.43,0.38,2022-03-31,811,N20,VIIRS,l,2,319.98,14.15,D,0
18.41681,77.31409,367.0,0.41,0.37,2022-03-31,811,N20,VIIRS,l,2,328.01,1.19,D,0
18.41737,77.31795,355.03,0.41,0.37,2022-03-31,811,N20,VIIRS,n,2,327.28,3.26,D,0
18.42022,77.31357,367.0,0.41,0.37,2022-03-31,811,N20,VIIRS,l,2,327.74,1.2,D,0
18.42183,80.23623,337.78,0.55,0.43,2022-03-31,811,N20,VIIRS,l,2,309.21,2.63,D,0
18.42221,80.23838,338.52,0.55,0.43,2022-03-31,811,N20,VIIRS,l,2,309.67,5.14,D,0
18.42915,80.44612,336.6,0.57,0.43,2022-03-31,811,N20,VIIRS,l,2,309.41,5.34,D,0
18.43212,80.44828,335.24,0.57,0.43,2022-03-31,811,N20,VIIRS,l,2,309.4,5.75,D,0
18.43269,78.48515,344.57,0.45,0.39,2022-03-31,811,N20,VIIRS,l,2,319.52,8.37,D,0
18.43532,80.94984,340.99,0.41,0.45,2022-03-31,811,N20,VIIRS,n,2,308.2,2.96,D,0
18.43666,80.29001,341.93,0.56,0.43,2022-03-31,811,N20,VIIRS,n,2,308.85,5.4,D,0
18.4467,81.28658,331.14,0.43,0.46,2022-03-31,811,N20,VIIRS,l,2,304.86,3.34,D,0
18.44715,80.27788,338.39,0.56,0.43,2022-03-31,811,N20,VIIRS,l,2,309.89,5.76,D,0
18.44781,80.28318,340.65,0.56,0.43,2022-03-31,811,N20,VIIRS,n,2,309.43,9.56,D,0
18.44909,78.36629,348.86,0.45,0.39,2022-03-31,811,N20,VIIRS,n,2,318.66,10.47,D,0
18.45062,78.45673,344.26,0.45,0.39,2022-03-31,811,N20,VIIRS,l,2,319.21,9.62,D,0
18.45111,78.48692,355.14,0.45,0.39,2022-03-31,811,N20,VIIRS,n,2,321.44,15.1,D,0
18.45175,80.28262,336.0,0.56,0.43,2022-03-31,811,N20,VIIRS,l,2,308.49,3.81,D,0
18.46561,78.38113,351.38,0.45,0.39,2022-03-31,811,N20,VIIRS,l,2,324.31,40.58,D,0
18.46744,78.34209,345.57,0.45,0.39,2022-03-31,811,N20,VIIRS,l,2,318.26,9.51,D,0
18.46857,78.37641,347.68,0.45,0.39,2022-03-31,811,N20,VIIRS,l,2,321.55,13.75,D,0
18.47098,78.34158,355.47,0.45,0.39,2022-03-31,811,N20,VIIRS,n,2,322.55,22.95,D,0
18.48689,80.21355,340.55,0.55,0.43,2022-03-31,811,N20,VIIRS,n,2,309.81,4.83,D,0
18.48742,80.73341,337.67,0.4,0.44,2022-03-31,811,N20,VIIRS,l,2,308.8,4.63,D,0
18.48949,78.63467,346.69,0.46,0.39,2022-03-31,811,N20,VIIRS,l,2,320.42,11.7,D,0
18.4922,78.41613,347.14,0.45,0.39,2022-03-31,811,N20,VIIRS,l,2,321.36,15.79,D,0
18.4991,78.54489,350.77,0.45,0.39,2022-03-31,811,N20,VIIRS,n,2,322.4,12.32,D,0
18.50085,81.03912,342.85,0.41,0.45,2022-03-31,811,N20,VIIRS,n,2,308.88,4.16,D,0
18.50143,78.0918,356.27,0.44,0.38,2022-03-31,811,N20,VIIRS,n,2,323.59,22.88,D,0
18.50172,77.86379,347.91,0.43,0.38,2022-03-31,811,N20,VIIRS,l,2,320.43,10.42,D,0
18.51195,78.09031,350.7,0.44,0.38,2022-03-31,811,N20,VIIRS,l,2,322.39,15.58,D,0
18.51204,78.06516,351.16,0.43,0.38,2022-03-31,811,N20,VIIRS,n,2,319.63,15.9,D,0
18.52318,80.69008,335.25,0.39,0.44,2022-03-31,811,N20,VIIRS,l,2,306.62,3.56,D,0
18.53091,80.24483,335.59,0.56,0.43,2022-03-31,811,N20,VIIRS,l,2,307.85,1.72,D,0
18.53092,80.12009,339.62,0.55,0.42,2022-03-31,811,N20,VIIRS,n,2,309.58,6.26,D,0
18.53095,80.24747,339.84,0.56,0.43,2022-03-31,811,N20,VIIRS,n,2,308.39,3.84,D,0
18.53332,77.96226,350.38,0.43,0.38,2022-03-31,811,N20,VIIRS,l,2,323.22,17.35,D,0
18.54728,77.94847,347.04,0.43,0.38,2022-03-31,811,N20,VIIRS,n,2,320.27,8.17,D,0
18.54877,78.49073,344.39,0.45,0.39,2022-03-31,811,N20,VIIRS,l,2,319.26,9.67,D,0
18.55109,80.12267,336.53,0.55,0.42,2022-03-31,811,N20,VIIRS,l,2,310.28,4.42,D,0
18.55157,78.00594,353.32,0.43,0.38,2022-03-31,811,N20,VIIRS,n,2,322.19,20.41,D,0
18.555,80.12215,337.37,0.55,0.42,2022-03-31,811,N20,VIIRS,l,2,309.2,4.53,D,0
18.55965,79.53006,339.9,0.51,0.41,2022-03-31,811,N20,VIIRS,l,2,314.88,6.06,D,0
18.57173,79.88616,341.47,0.53,0.42,2022-03-31,811,N20,VIIRS,n,2,310.64,8.12,D,0
18.57876,77.91894,341.19,0.43,0.38,2022-03-31,811,N20,VIIRS,n,2,312.21,3.38,D,0
18.5986,80.27582,336.32,0.56,0.43,2022-03-31,811,N20,VIIRS,l,2,308.75,2.83,D,0
18.60045,80.10516,340.62,0.55,0.42,2022-03-31,811,N20,VIIRS,n,2,311.75,4.71,D,0
18.60113,80.11037,340.94,0.55,0.42,2022-03-31,811,N20,VIIRS,n,2,311.32,4.71,D,0
18.60503,80.10983,346.8,0.55,0.42,2022-03-31,811,N20,VIIRS,n,2,311.02,4.71,D,0
18.60839,78.31892,345.86,0.45,0.39,2022-03-31,811,N20,VIIRS,l,2,320.64,8.89,D,0
18.60883,80.48309,340.32,0.38,0.43,2022-03-31,811,N20,VIIRS,n,2,308.4,2.14,D,0
18.60957,78.80504,343.23,0.47,0.4,2022-03-31,811,N20,VIIRS,l,2,317.73,9.23,D,0
18.61211,81.34131,340.9,0.43,0.46,2022-03-31,811,N20,VIIRS,n,2,307.79,6.65,D,0
18.61259,81.34527,341.26,0.43,0.46,2022-03-31,811,N20,VIIRS,n,2,304.91,6.65,D,0
18.61576,80.19118,339.89,0.55,0.43,2022-03-31,811,N20,VIIRS,n,2,311.2,5.08,D,0
18.61594,80.19333,338.79,0.55,0.43,2022-03-31,811,N20,VIIRS,l,2,311.44,5.3,D,0
18.62437,80.47758,336.2,0.38,0.43,2022-03-31,811,N20,VIIRS,l,2,310.75,3.07,D,0
18.62954,78.34155,346.92,0.45,0.39,2022-03-31,811,N20,VIIRS,l,2,321.07,12.88,D,0
18.63353,78.50577,349.45,0.45,0.39,2022-03-31,811,N20,VIIRS,n,2,320.29,15.86,D,0
18.63789,80.88161,345.39,0.41,0.45,2022-03-31,811,N20,VIIRS,n,2,304.55,4.72,D,0
18.63932,80.89327,334.25,0.41,0.45,2022-03-31,811,N20,VIIRS,l,2,306.9,5.03,D,0
18.64041,80.57175,351.04,0.39,0.44,2022-03-31,811,N20,VIIRS,n,2,313.97,9.97,D,0
18.64088,80.57542,352.66,0.39,0.44,2022-03-31,811,N20,VIIRS,n,2,313.32,13.15,D,0
18.64145,78.59232,351.17,0.46,0.39,2022-03-31,811,N20,VIIRS,n,2,317.61,14.29,D,0
18.65207,80.89528,332.97,0.41,0.45,2022-03-31,811,N20,VIIRS,l,2,306.1,2.33,D,0
18.66284,80.52391,349.11,0.39,0.44,2022-03-31,811,N20,VIIRS,n,2,312.27,5.65,D,0
18.66563,80.6411,336.05,0.39,0.44,2022-03-31,811,N20,VIIRS,l,2,310.16,3.38,D,0
18.66611,80.64482,349.38,0.39,0.44,2022-03-31,811,N20,VIIRS,n,2,310.79,3.38,D,0
18.66966,80.64056,337.67,0.39,0.44,2022-03-31,811,N20,VIIRS,l,2,311.37,3.35,D,0
18.67841,80.5029,337.52,0.39,0.44,2022-03-31,811,N20,VIIRS,l,2,311.44,2.23,D,0
18.6792,80.18788,338.47,0.55,0.43,2022-03-31,811,N20,VIIRS,l,2,310.73,4.88,D,0
18.70542,80.55651,343.55,0.39,0.44,2022-03-31,811,N20,VIIRS,n,2,310.8,3.7,D,0
18.70681,80.56767,337.32,0.39,0.44,2022-03-31,811,N20,VIIRS,l,2,311.15,1.83,D,0
18.70897,80.55221,343.01,0.39,0.44,2022-03-31,811,N20,VIIRS,n,2,309.92,2.72,D,0
18.70942,80.55582,344.08,0.39,0.44,2022-03-31,811,N20,VIIRS,n,2,310.91,2.72,D,0
18.71296,80.55149,341.0,0.39,0.44,2022-03-31,811,N20,VIIRS,n,2,310.05,2.72,D,0
18.71342,80.55518,338.17,0.39,0.44,2022-03-31,811,N20,VIIRS,l,2,309.89,2.72,D,0
18.72371,80.31625,334.33,0.56,0.43,2022-03-31,811,N20,VIIRS,l,2,307.97,1.08,D,0
18.72899,78.01659,346.46,0.43,0.38,2022-03-31,811,N20,VIIRS,l,2,319.86,11.4,D,0
18.73079,78.00378,349.18,0.43,0.38,2022-03-31,811,N20,VIIRS,n,2,318.67,12.84,D,0
18.74644,79.90268,338.9,0.53,0.42,2022-03-31,811,N20,VIIRS,l,2,311.82,4.35,D,0
18.75612,80.96821,339.77,0.41,0.45,2022-03-31,811,N20,VIIRS,l,2,310.45,1.88,D,0
18.76144,80.57933,342.95,0.39,0.44,2022-03-31,811,N20,VIIRS,n,2,313.15,3.37,D,0
18.76968,80.61181,345.1,0.39,0.44,2022-03-31,811,N20,VIIRS,n,2,309.83,3.6,D,0
18.77642,80.32803,340.09,0.57,0.43,2022-03-31,811,N20,VIIRS,n,2,308.75,6.01,D,0
18.77877,80.1871,343.72,0.56,0.43,2022-03-31,811,N20,VIIRS,n,2,311.82,5.28,D,0
18.78022,80.23016,341.45,0.56,0.43,2022-03-31,811,N20,VIIRS,l,2,312.04,5.83,D,0
18.78039,80.32754,335.72,0.57,0.43,2022-03-31,811,N20,VIIRS,l,2,308.92,2.3,D,0
18.78416,80.22962,339.83,0.56,0.43,2022-03-31,811,N20,VIIRS,l,2,311.22,4.22,D,0
18.79448,80.18491,348.84,0.56,0.43,2022-03-31,811,N20,VIIRS,n,2,313.36,7.62,D,0
18.79653,80.20093,343.87,0.56,0.43,2022-03-31,811,N20,VIIRS,n,2,311.36,8.45,D,0
18.80009,80.61834,340.97,0.39,0.44,2022-03-31,811,N20,VIIRS,n,2,311.71,3.33,D,0
18.80032,80.48752,340.05,0.39,0.44,2022-03-31,811,N20,VIIRS,l,2,311.9,1.94,D,0
18.80058,80.23271,339.06,0.56,0.43,2022-03-31,811,N20,VIIRS,l,2,309.23,4.69,D,0
18.80114,80.2057,347.61,0.56,0.43,2022-03-31,811,N20,VIIRS,n,2,310.68,8.45,D,0
18.8077,80.61342,367.0,0.39,0.44,2022-03-31,811,N20,VIIRS,h,2,313.86,7.98,D,0
18.80816,80.61721,343.67,0.39,0.44,2022-03-31,811,N20,VIIRS,n,2,311.44,7.98,D,0
18.81233,80.48587,343.85,0.39,0.44,2022-03-31,811,N20,VIIRS,n,2,311.53,6.05,D,0
18.81279,80.48954,345.31,0.39,0.44,2022-03-31,811,N20,VIIRS,n,2,311.49,6.05,D,0
18.81524,80.57486,336.44,0.39,0.44,2022-03-31,811,N20,VIIRS,l,2,308.99,2.54,D,0
18.81633,80.48533,340.58,0.39,0.44,2022-03-31,811,N20,VIIRS,n,2,310.04,2.5,D,0
18.81836,80.56704,344.04,0.39,0.44,2022-03-31,811,N20,VIIRS,n,2,310.74,5.48,D,0
18.8188,80.57059,349.73,0.39,0.44,2022-03-31,811,N20,VIIRS,n,2,310.24,5.48,D,0
18.82236,80.56631,342.87,0.39,0.44,2022-03-31,811,N20,VIIRS,n,2,310.48,5.48,D,0
18.82281,80.56995,345.18,0.39,0.44,2022-03-31,811,N20,VIIRS,n,2,309.92,5.48,D,0
18.83673,80.10753,336.9,0.55,0.43,2022-03-31,811,N20,VIIRS,l,2,310.42,3.63,D,0
18.84145,80.14651,344.72,0.55,0.43,2022-03-31,811,N20,VIIRS,n,2,313.26,4.19,D,0
18.84196,80.14954,338.43,0.55,0.43,2022-03-31,811,N20,VIIRS,l,2,312.46,7.31,D,0
18.84939,80.4253,340.15,0.38,0.43,2022-03-31,811,N20,VIIRS,l,2,310.4,2.04,D,0
18.85696,80.1101,348.68,0.55,0.43,2022-03-31,811,N20,VIIRS,n,2,314.11,16.38,D,0
18.85801,79.63062,341.67,0.52,0.41,2022-03-31,811,N20,VIIRS,l,2,314.33,9.98,D,0
18.86082,80.48282,336.46,0.39,0.44,2022-03-31,811,N20,VIIRS,l,2,309.58,3.33,D,0
18.86181,79.63005,344.82,0.52,0.41,2022-03-31,811,N20,VIIRS,n,2,313.08,9.28,D,0
18.87415,80.24728,340.26,0.56,0.43,2022-03-31,811,N20,VIIRS,n,2,310.9,5.12,D,0
18.87553,80.40772,337.7,0.57,0.43,2022-03-31,811,N20,VIIRS,l,2,311.9,1.54,D,0
18.87762,80.40545,343.51,0.57,0.43,2022-03-31,811,N20,VIIRS,n,2,312.0,6.3,D,0
18.8866,80.21857,338.2,0.56,0.43,2022-03-31,811,N20,VIIRS,l,2,312.64,3.08,D,0
18.89054,80.21803,342.43,0.56,0.43,2022-03-31,811,N20,VIIRS,l,2,312.45,7.53,D,0
18.89392,78.8957,348.76,0.48,0.4,2022-03-31,811,N20,VIIRS,n,2,319.97,11.56,D,0
18.89534,80.0677,345.12,0.55,0.43,2022-03-31,811,N20,VIIRS,n,2,312.59,6.41,D,0
18.89959,80.5512,342.62,0.39,0.44,2022-03-31,811,N20,VIIRS,n,2,311.22,4.0,D,0
18.89977,80.65379,334.45,0.4,0.44,2022-03-31,811,N20,VIIRS,l,2,308.52,2.07,D,0
18.90064,78.8901,350.62,0.48,0.4,2022-03-31,811,N20,VIIRS,n,2,320.72,15.24,D,0
18.90362,80.55072,348.49,0.39,0.44,2022-03-31,811,N20,VIIRS,n,2,311.91,4.0,D,0
18.90408,80.55445,342.7,0.39,0.44,2022-03-31,811,N20,VIIRS,n,2,310.44,3.87,D,0
18.90765,80.55022,344.95,0.39,0.44,2022-03-31,811,N20,VIIRS,n,2,310.46,5.49,D,0
18.91105,80.51157,337.29,0.39,0.44,2022-03-31,811,N20,VIIRS,l,2,308.25,3.61,D,0
18.91122,80.54597,342.0,0.39,0.44,2022-03-31,811,N20,VIIRS,n,2,310.78,5.49,D,0
18.91168,80.54971,342.87,0.39,0.44,2022-03-31,811,N20,VIIRS,n,2,310.62,5.49,D,0
18.91508,80.5111,343.14,0.39,0.44,2022-03-31,811,N20,VIIRS,n,2,308.67,3.61,D,0
18.9157,80.54919,345.04,0.39,0.44,2022-03-31,811,N20,VIIRS,n,2,310.97,5.01,D,0
18.91645,80.65551,355.4,0.4,0.44,2022-03-31,811,N20,VIIRS,n,2,311.02,13.63,D,0
18.91973,80.54867,349.47,0.39,0.44,2022-03-31,811,N20,VIIRS,n,2,311.14,5.01,D,0
18.93102,80.57364,342.25,0.39,0.44,2022-03-31,811,N20,VIIRS,n,2,309.23,5.59,D,0
18.93504,80.57304,343.06,0.39,0.44,2022-03-31,811,N20,VIIRS,n,2,309.75,2.64,D,0
18.93583,79.40353,343.76,0.51,0.41,2022-03-31,811,N20,VIIRS,l,2,317.83,7.58,D,0
18.93658,80.1095,339.4,0.55,0.43,2022-03-31,811,N20,VIIRS,l,2,314.28,4.4,D,0
18.93907,80.57245,336.89,0.39,0.44,2022-03-31,811,N20,VIIRS,l,2,309.99,2.64,D,0
18.94128,80.5573,336.33,0.39,0.44,2022-03-31,811,N20,VIIRS,l,2,311.24,3.65,D,0
18.94531,80.55677,344.79,0.39,0.44,2022-03-31,811,N20,VIIRS,n,2,311.61,3.65,D,0
18.94602,80.62826,337.35,0.39,0.44,2022-03-31,811,N20,VIIRS,l,2,308.85,3.49,D,0
18.94841,80.54886,341.22,0.39,0.44,2022-03-31,811,N20,VIIRS,n,2,309.96,2.66,D,0
18.94868,80.61662,347.26,0.39,0.44,2022-03-31,811,N20,VIIRS,n,2,310.53,4.24,D,0
18.94887,80.55254,335.37,0.39,0.44,2022-03-31,811,N20,VIIRS,l,2,309.35,2.66,D,0
18.94915,80.62034,344.81,0.39,0.44,2022-03-31,811,N20,VIIRS,n,2,308.24,4.24,D,0
18.94961,80.62406,347.02,0.39,0.44,2022-03-31,811,N20,VIIRS,n,2,307.79,3.3,D,0
18.94979,80.55988,337.72,0.39,0.44,2022-03-31,811,N20,VIIRS,l,2,311.23,5.44,D,0
18.95025,80.56352,353.16,0.39,0.44,2022-03-31,811,N20,VIIRS,n,2,312.09,13.92,D,0
18.9529,80.55198,338.07,0.39,0.44,2022-03-31,811,N20,VIIRS,l,2,310.36,2.66,D,0
18.95382,80.5593,341.54,0.39,0.44,2022-03-31,811,N20,VIIRS,n,2,310.44,5.44,D,0
18.95428,80.56296,355.02,0.39,0.44,2022-03-31,811,N20,VIIRS,n,2,311.0,13.92,D,0
18.96035,80.61129,345.73,0.39,0.44,2022-03-31,811,N20,VIIRS,n,2,310.22,5.49,D,0
18.96439,80.61076,354.76,0.39,0.44,2022-03-31,811,N20,VIIRS,n,2,314.8,18.68,D,0
18.96487,80.61452,335.46,0.39,0.44,2022-03-31,811,N20,VIIRS,l,2,307.72,7.24,D,0
18.96544,80.55401,351.63,0.39,0.44,2022-03-31,811,N20,VIIRS,n,2,311.47,4.94,D,0
18.96909,80.42265,334.07,0.38,0.43,2022-03-31,811,N20,VIIRS,l,2,309.01,4.18,D,0
18.96956,80.42629,342.76,0.38,0.43,2022-03-31,811,N20,VIIRS,n,2,309.76,4.26,D,0
18.97104,80.2906,339.86,0.57,0.43,2022-03-31,811,N20,VIIRS,l,2,311.15,5.57,D,0
18.98225,80.46168,342.44,0.39,0.44,2022-03-31,811,N20,VIIRS,n,2,311.66,2.65,D,0
18.98289,80.25629,343.62,0.56,0.43,2022-03-31,811,N20,VIIRS,n,2,312.92,9.41,D,0
18.98372,80.46001,341.06,0.39,0.44,2022-03-31,811,N20,VIIRS,n,2,311.35,3.07,D,0
18.99271,80.50031,342.96,0.39,0.44,2022-03-31,811,N20,VIIRS,n,2,311.78,6.0,D,0
18.99406,80.51139,335.72,0.39,0.44,2022-03-31,811,N20,VIIRS,l,2,310.51,4.39,D,0
18.99434,80.41391,341.78,0.38,0.43,2022-03-31,811,N20,VIIRS,n,2,308.74,2.68,D,0
18.99451,80.51505,346.29,0.39,0.44,2022-03-31,811,N20,VIIRS,n,2,311.7,4.39,D,0
18.99808,80.51083,342.83,0.39,0.44,2022-03-31,811,N20,VIIRS,n,2,311.07,4.39,D,0
18.99853,80.51449,349.74,0.39,0.44,2022-03-31,811,N20,VIIRS,n,2,310.42,4.39,D,0
19.00102,80.63996,341.68,0.4,0.44,2022-03-31,811,N20,VIIRS,n,2,308.41,3.68,D,0
19.0015,80.64371,342.66,0.4,0.44,2022-03-31,811,N20,VIIRS,n,2,308.69,3.68,D,0
19.00174,80.64239,343.69,0.4,0.44,2022-03-31,811,N20,VIIRS,n,2,308.84,5.6,D,0
19.01137,79.68846,342.84,0.52,0.42,2022-03-31,811,N20,VIIRS,n,2,312.87,3.89,D,0
19.01255,79.25352,338.82,0.5,0.41,2022-03-31,811,N20,VIIRS,l,2,312.26,3.26,D,0
19.01315,80.46742,346.96,0.39,0.44,2022-03-31,811,N20,VIIRS,n,2,311.95,6.24,D,0
19.01361,80.47114,341.42,0.39,0.44,2022-03-31,811,N20,VIIRS,n,2,310.89,5.34,D,0
19.0152,79.68797,338.65,0.52,0.42,2022-03-31,811,N20,VIIRS,l,2,311.81,2.2,D,0
19.01717,80.46693,341.53,0.39,0.44,2022-03-31,811,N20,VIIRS,n,2,310.49,6.24,D,0
19.02118,80.46645,340.59,0.39,0.44,2022-03-31,811,N20,VIIRS,n,2,310.57,4.78,D,0
19.02366,80.10394,337.53,0.55,0.43,2022-03-31,811,N20,VIIRS,l,2,311.6,5.75,D,0
19.02366,80.55254,347.6,0.39,0.44,2022-03-31,811,N20,VIIRS,n,2,311.49,3.57,D,0
19.02769,80.55201,339.74,0.39,0.44,2022-03-31,811,N20,VIIRS,n,2,311.2,3.57,D,0
19.02815,80.55573,338.27,0.39,0.44,2022-03-31,811,N20,VIIRS,l,2,309.84,3.57,D,0
19.03219,80.5552,339.27,0.39,0.44,2022-03-31,811,N20,VIIRS,l,2,310.0,2.91,D,0
19.03279,80.07993,336.44,0.55,0.43,2022-03-31,811,N20,VIIRS,l,2,311.19,6.68,D,0
19.03572,77.83459,367.0,0.43,0.38,2022-03-31,811,N20,VIIRS,l,2,325.21,6.91,D,0
19.03863,77.82997,350.46,0.43,0.38,2022-03-31,811,N20,VIIRS,l,2,323.42,6.91,D,0
19.04789,80.45178,367.0,0.39,0.44,2022-03-31,811,N20,VIIRS,h,2,311.93,8.63,D,0
19.04818,80.42182,337.58,0.38,0.44,2022-03-31,811,N20,VIIRS,l,2,311.33,2.81,D,0
19.05024,78.59315,346.19,0.46,0.39,2022-03-31,811,N20,VIIRS,l,2,320.46,8.88,D,0
19.0519,80.45126,335.79,0.39,0.44,2022-03-31,811,N20,VIIRS,n,2,309.71,3.4,D,0
19.05236,80.45493,346.93,0.39,0.44,2022-03-31,811,N20,VIIRS,n,2,310.3,3.4,D,0
19.0595,80.54406,340.3,0.39,0.44,2022-03-31,811,N20,VIIRS,n,2,309.53,1.84,D,0
19.0621,81.00608,336.74,0.42,0.45,2022-03-31,811,N20,VIIRS,l,2,307.44,1.72,D,0
19.06242,80.60016,345.44,0.39,0.44,2022-03-31,811,N20,VIIRS,n,2,310.55,6.8,D,0
19.06288,80.60387,367.0,0.39,0.44,2022-03-31,811,N20,VIIRS,h,2,312.38,6.8,D,0
19.066,80.59593,341.6,0.39,0.44,2022-03-31,811,N20,VIIRS,n,2,310.94,3.97,D,0
19.06646,80.59961,344.56,0.39,0.44,2022-03-31,811,N20,VIIRS,n,2,310.87,6.8,D,0
19.0721,80.26906,342.66,0.57,0.43,2022-03-31,811,N20,VIIRS,n,2,312.07,7.82,D,0
19.07336,80.27074,342.31,0.57,0.43,2022-03-31,811,N20,VIIRS,n,2,311.13,8.73,D,0
19.07897,80.50375,355.45,0.39,0.44,2022-03-31,811,N20,VIIRS,n,2,312.3,15.09,D,0
19.07944,80.50745,340.93,0.39,0.44,2022-03-31,811,N20,VIIRS,n,2,309.04,6.98,D,0
19.08878,78.70612,347.12,0.47,0.4,2022-03-31,811,N20,VIIRS,l,2,319.77,15.68,D,0
19.09186,79.15218,351.2,0.49,0.4,2022-03-31,811,N20,VIIRS,n,2,316.74,9.73,D,0
19.09199,80.49842,367.0,0.39,0.44,2022-03-31,811,N20,VIIRS,h,2,311.96,7.05,D,0
19.09372,79.22384,338.87,0.5,0.41,2022-03-31,811,N20,VIIRS,l,2,313.26,5.73,D,0
19.09433,79.17089,344.35,0.49,0.41,2022-03-31,811,N20,VIIRS,n,2,313.37,7.37,D,0
19.09446,80.19004,339.99,0.56,0.43,2022-03-31,811,N20,VIIRS,l,2,312.43,7.36,D,0
19.09459,80.49792,353.75,0.39,0.44,2022-03-31,811,N20,VIIRS,n,2,311.63,7.55,D,0
19.09506,80.50159,339.12,0.39,0.44,2022-03-31,811,N20,VIIRS,l,2,309.53,7.55,D,0
19.09513,80.19539,343.0,0.56,0.43,2022-03-31,811,N20,VIIRS,n,2,312.52,7.36,D,0
19.09601,80.49786,346.28,0.39,0.44,2022-03-31,811,N20,VIIRS,n,2,308.9,7.05,D,0
19.09816,80.41522,335.24,0.39,0.44,2022-03-31,811,N20,VIIRS,l,2,308.46,1.41,D,0
19.09832,80.65624,333.14,0.4,0.44,2022-03-31,811,N20,VIIRS,l,2,307.71,1.68,D,0
19.09841,80.18948,348.8,0.56,0.43,2022-03-31,811,N20,VIIRS,n,2,313.91,7.36,D,0
19.09874,80.06571,352.51,0.55,0.43,2022-03-31,811,N20,VIIRS,n,2,315.86,10.89,D,0
19.10058,80.01776,343.47,0.55,0.43,2022-03-31,811,N20,VIIRS,n,2,313.22,10.87,D,0
19.10265,80.06515,353.27,0.55,0.43,2022-03-31,811,N20,VIIRS,n,2,316.68,15.64,D,0
19.10448,80.01721,342.15,0.55,0.43,2022-03-31,811,N20,VIIRS,l,2,313.62,7.8,D,0
19.10553,80.15063,338.17,0.56,0.43,2022-03-31,811,N20,VIIRS,l,2,311.74,3.77,D,0
19.10571,79.9959,350.59,0.55,0.42,2022-03-31,811,N20,VIIRS,n,2,312.55,8.59,D,0
19.10617,80.41425,347.07,0.39,0.44,2022-03-31,811,N20,VIIRS,n,2,309.63,4.22,D,0
19.10697,80.19373,337.95,0.56,0.43,2022-03-31,811,N20,VIIRS,l,2,312.44,5.37,D,0
19.10742,80.6628,352.28,0.4,0.44,2022-03-31,811,N20,VIIRS,n,2,310.35,7.55,D,0
19.10767,78.65355,343.66,0.47,0.39,2022-03-31,811,N20,VIIRS,l,2,316.0,6.75,D,0
19.1081,79.39213,340.79,0.51,0.41,2022-03-31,811,N20,VIIRS,l,2,315.55,3.81,D,0
19.10888,80.43623,334.77,0.39,0.44,2022-03-31,811,N20,VIIRS,l,2,308.43,1.64,D,0
19.10961,79.99532,351.06,0.55,0.42,2022-03-31,811,N20,VIIRS,n,2,311.6,9.28,D,0
19.11129,78.65302,343.97,0.47,0.39,2022-03-31,811,N20,VIIRS,n,2,315.45,11.25,D,0
19.11173,78.88105,349.32,0.48,0.4,2022-03-31,811,N20,VIIRS,l,2,322.17,31.58,D,0
19.11188,78.65746,345.76,0.47,0.39,2022-03-31,811,N20,VIIRS,l,2,316.34,4.83,D,0
19.11248,78.66189,340.84,0.47,0.39,2022-03-31,811,N20,VIIRS,l,2,315.34,4.83,D,0
19.11432,78.64805,367.0,0.47,0.39,2022-03-31,811,N20,VIIRS,h,2,317.37,11.25,D,0
19.1148,78.87599,353.97,0.48,0.4,2022-03-31,811,N20,VIIRS,n,2,321.86,31.58,D,0
19.11661,79.13917,340.2,0.49,0.4,2022-03-31,811,N20,VIIRS,l,2,313.46,9.86,D,0
19.119,80.88693,335.28,0.41,0.45,2022-03-31,811,N20,VIIRS,l,2,308.37,2.25,D,0
19.12452,78.66914,348.79,0.47,0.4,2022-03-31,811,N20,VIIRS,n,2,317.65,12.8,D,0
19.12786,78.44956,343.83,0.46,0.39,2022-03-31,811,N20,VIIRS,n,2,318.23,7.15,D,0
19.1308,78.82767,349.78,0.48,0.4,2022-03-31,811,N20,VIIRS,n,2,318.21,7.36,D,0
19.13132,78.85979,346.15,0.48,0.4,2022-03-31,811,N20,VIIRS,l,2,318.92,13.01,D,0
19.13143,78.44892,353.06,0.46,0.39,2022-03-31,811,N20,VIIRS,n,2,317.62,7.15,D,0
19.13191,78.86431,347.85,0.48,0.4,2022-03-31,811,N20,VIIRS,l,2,319.24,13.02,D,0
19.13229,80.52673,337.82,0.39,0.44,2022-03-31,811,N20,VIIRS,l,2,309.63,2.49,D,0
19.13445,78.82712,346.37,0.48,0.4,2022-03-31,811,N20,VIIRS,l,2,321.06,9.76,D,0
19.13465,80.41418,342.34,0.39,0.44,2022-03-31,811,N20,VIIRS,n,2,311.37,3.47,D,0
19.13712,80.66683,340.65,0.4,0.44,2022-03-31,811,N20,VIIRS,l,2,310.85,3.62,D,0
19.13795,78.49659,353.27,0.46,0.39,2022-03-31,811,N20,VIIRS,n,2,317.7,13.02,D,0
19.13807,80.5072,337.48,0.39,0.44,2022-03-31,811,N20,VIIRS,l,2,309.08,2.49,D,0
19.13852,80.51086,335.2,0.39,0.44,2022-03-31,811,N20,VIIRS,l,2,307.16,2.49,D,0
19.13855,78.50098,344.83,0.46,0.39,2022-03-31,811,N20,VIIRS,l,2,315.38,7.61,D,0
19.13978,80.35791,348.77,0.38,0.43,2022-03-31,811,N20,VIIRS,n,2,312.81,5.49,D,0
19.14145,80.11853,343.21,0.56,0.43,2022-03-31,811,N20,VIIRS,l,2,313.74,8.22,D,0
19.1455,80.94473,338.71,0.42,0.45,2022-03-31,811,N20,VIIRS,l,2,311.49,5.15,D,0
19.14555,79.17077,337.19,0.49,0.41,2022-03-31,811,N20,VIIRS,l,2,309.48,3.88,D,0
19.14654,80.64254,337.42,0.4,0.44,2022-03-31,811,N20,VIIRS,n,2,308.74,2.39,D,0
19.1496,80.37133,336.77,0.38,0.43,2022-03-31,811,N20,VIIRS,l,2,310.09,4.02,D,0
19.15262,78.87981,349.22,0.48,0.4,2022-03-31,811,N20,VIIRS,n,2,318.63,13.56,D,0
19.15371,79.11679,346.24,0.49,0.4,2022-03-31,811,N20,VIIRS,n,2,310.78,6.05,D,0
19.15431,79.12148,335.67,0.49,0.4,2022-03-31,811,N20,VIIRS,l,2,310.02,2.77,D,0
19.1545,78.83788,350.86,0.48,0.4,2022-03-31,811,N20,VIIRS,n,2,317.68,8.09,D,0
19.15593,78.52079,349.46,0.46,0.39,2022-03-31,811,N20,VIIRS,n,2,316.84,14.02,D,0
19.15712,80.46327,340.24,0.39,0.44,2022-03-31,811,N20,VIIRS,n,2,310.56,2.47,D,0
19.16058,78.85548,348.17,0.48,0.4,2022-03-31,811,N20,VIIRS,n,2,318.47,9.41,D,0
19.16165,81.04543,334.4,0.42,0.45,2022-03-31,811,N20,VIIRS,l,2,307.65,3.68,D,0
19.16236,79.12519,339.53,0.49,0.4,2022-03-31,811,N20,VIIRS,n,2,308.97,7.21,D,0
19.16293,81.06966,333.85,0.42,0.45,2022-03-31,811,N20,VIIRS,l,2,307.68,2.02,D,0
19.16326,79.07431,337.31,0.49,0.4,2022-03-31,811,N20,VIIRS,l,2,311.61,2.81,D,0
19.16608,79.12474,336.12,0.49,0.4,2022-03-31,811,N20,VIIRS,l,2,307.93,6.3,D,0
19.16639,80.19383,341.92,0.56,0.43,2022-03-31,811,N20,VIIRS,n,2,314.5,12.09,D,0
19.16749,80.57879,347.9,0.39,0.44,2022-03-31,811,N20,VIIRS,n,2,308.6,3.61,D,0
19.16753,79.07811,338.29,0.49,0.4,2022-03-31,811,N20,VIIRS,l,2,312.9,8.12,D,0
19.16756,80.19621,346.27,0.56,0.43,2022-03-31,811,N20,VIIRS,n,2,313.65,14.04,D,0
19.16777,80.45062,339.36,0.39,0.44,2022-03-31,811,N20,VIIRS,l,2,311.83,3.97,D,0
19.17034,80.19328,336.77,0.56,0.43,2022-03-31,811,N20,VIIRS,l,2,310.85,4.03,D,0
19.17121,79.0774,352.76,0.49,0.4,2022-03-31,811,N20,VIIRS,n,2,313.72,8.12,D,0
19.1717,80.35359,338.23,0.38,0.43,2022-03-31,811,N20,VIIRS,l,2,311.63,2.37,D,0
19.1718,79.08186,337.04,0.49,0.4,2022-03-31,811,N20,VIIRS,l,2,311.03,3.82,D,0
19.17221,79.1718,343.65,0.49,0.41,2022-03-31,811,N20,VIIRS,n,2,311.98,5.2,D,0
19.17245,80.48765,348.5,0.39,0.44,2022-03-31,811,N20,VIIRS,n,2,313.16,7.66,D,0
19.1735,79.96284,348.42,0.55,0.42,2022-03-31,811,N20,VIIRS,n,2,312.96,8.5,D,0
19.17352,79.1238,348.62,0.49,0.4,2022-03-31,811,N20,VIIRS,n,2,309.8,9.37,D,0
19.17393,80.43486,351.41,0.39,0.44,2022-03-31,811,N20,VIIRS,n,2,313.26,4.06,D,0
19.1744,80.43852,337.56,0.39,0.44,2022-03-31,811,N20,VIIRS,l,2,311.52,4.06,D,0
19.17479,80.50616,343.44,0.39,0.44,2022-03-31,811,N20,VIIRS,n,2,311.05,3.24,D,0
19.17605,79.08555,348.12,0.49,0.4,2022-03-31,811,N20,VIIRS,n,2,311.04,8.37,D,0
19.18163,80.52785,336.65,0.39,0.44,2022-03-31,811,N20,VIIRS,n,2,306.43,1.92,D,0
19.18285,80.50506,345.14,0.39,0.44,2022-03-31,811,N20,VIIRS,n,2,309.32,4.6,D,0
19.18415,80.1751,345.3,0.56,0.43,2022-03-31,811,N20,VIIRS,n,2,312.74,7.16,D,0
19.18564,80.35099,334.31,0.38,0.43,2022-03-31,811,N20,VIIRS,l,2,307.88,0.52,D,0
19.18687,80.50449,350.76,0.39,0.44,2022-03-31,811,N20,VIIRS,n,2,309.79,4.6,D,0
19.18688,80.66795,346.55,0.4,0.44,2022-03-31,811,N20,VIIRS,n,2,311.23,6.89,D,0
19.18861,78.86973,340.75,0.48,0.4,2022-03-31,811,N20,VIIRS,l,2,314.15,3.22,D,0
19.18906,79.04129,351.91,0.49,0.4,2022-03-31,811,N20,VIIRS,n,2,313.75,10.21,D,0
19.19095,80.66743,344.62,0.4,0.44,2022-03-31,811,N20,VIIRS,n,2,309.38,6.89,D,0
19.19228,78.86922,346.18,0.48,0.4,2022-03-31,811,N20,VIIRS,n,2,315.14,5.69,D,0
19.1923,80.37231,344.68,0.38,0.43,2022-03-31,811,N20,VIIRS,n,2,311.47,4.72,D,0
19.19423,80.46593,367.0,0.39,0.44,2022-03-31,811,N20,VIIRS,h,2,312.52,10.72,D,0
19.1947,80.4696,350.27,0.39,0.44,2022-03-31,811,N20,VIIRS,n,2,310.29,4.97,D,0
19.19517,80.47328,345.43,0.39,0.44,2022-03-31,811,N20,VIIRS,n,2,309.78,4.97,D,0
19.19547,80.46529,353.09,0.39,0.44,2022-03-31,811,N20,VIIRS,n,2,310.97,7.66,D,0
19.19591,80.46897,336.59,0.39,0.44,2022-03-31,811,N20,VIIRS,n,2,309.59,2.0,D,0
19.19594,78.86871,342.25,0.48,0.4,2022-03-31,811,N20,VIIRS,l,2,315.36,5.69,D,0
19.19635,80.47266,338.83,0.39,0.44,2022-03-31,811,N20,VIIRS,n,2,310.15,2.0,D,0
19.19888,79.14401,337.82,0.49,0.41,2022-03-31,811,N20,VIIRS,n,2,308.66,1.96,D,0
19.1996,78.86817,341.83,0.48,0.4,2022-03-31,811,N20,VIIRS,l,2,316.13,24.86,D,0
19.20132,79.10532,335.98,0.49,0.4,2022-03-31,811,N20,VIIRS,l,2,310.96,7.39,D,0
19.20326,78.86764,347.38,0.48,0.4,2022-03-31,811,N20,VIIRS,l,2,320.88,24.86,D,0
19.20468,79.98961,340.37,0.55,0.43,2022-03-31,811,N20,VIIRS,l,2,314.69,4.28,D,0
19.20512,80.61591,345.63,0.4,0.44,2022-03-31,811,N20,VIIRS,n,2,309.53,5.02,D,0
19.20628,79.00119,347.98,0.49,0.4,2022-03-31,811,N20,VIIRS,n,2,312.51,5.65,D,0
19.20692,78.8671,348.27,0.48,0.4,2022-03-31,811,N20,VIIRS,n,2,317.83,26.69,D,0
19.20934,79.10878,337.02,0.49,0.4,2022-03-31,811,N20,VIIRS,l,2,310.35,3.21,D,0
19.20976,79.75491,348.73,0.53,0.42,2022-03-31,811,N20,VIIRS,n,2,320.31,12.09,D,0
19.20998,79.00072,347.09,0.49,0.4,2022-03-31,811,N20,VIIRS,n,2,312.22,8.96,D,0
19.21193,78.98722,348.92,0.48,0.4,2022-03-31,811,N20,VIIRS,n,2,315.66,15.08,D,0
19.2124,80.43677,345.08,0.39,0.44,2022-03-31,811,N20,VIIRS,n,2,313.68,2.85,D,0
19.21252,78.99162,345.22,0.48,0.4,2022-03-31,811,N20,VIIRS,n,2,312.87,9.48,D,0
19.21423,79.00446,348.43,0.49,0.4,2022-03-31,811,N20,VIIRS,n,2,315.23,8.96,D,0
19.21559,78.9865,354.65,0.48,0.4,2022-03-31,811,N20,VIIRS,n,2,316.56,11.71,D,0
19.21699,80.54146,332.63,0.39,0.44,2022-03-31,811,N20,VIIRS,l,2,307.27,2.03,D,0
19.21862,78.98119,367.0,0.48,0.4,2022-03-31,811,N20,VIIRS,h,2,313.26,11.71,D,0
19.22042,78.99451,341.04,0.49,0.4,2022-03-31,811,N20,VIIRS,l,2,311.8,6.09,D,0
19.2224,79.15003,340.08,0.49,0.41,2022-03-31,811,N20,VIIRS,n,2,310.32,4.71,D,0
19.22299,81.3839,331.13,0.44,0.46,2022-03-31,811,N20,VIIRS,l,2,302.77,3.29,D,0
19.22405,78.96584,339.45,0.48,0.4,2022-03-31,811,N20,VIIRS,l,2,313.04,7.22,D,0
19.22507,80.54034,338.5,0.39,0.44,2022-03-31,811,N20,VIIRS,l,2,310.46,4.51,D,0
19.22725,81.38335,341.93,0.44,0.46,2022-03-31,811,N20,VIIRS,n,2,302.92,3.29,D,0
19.22956,80.54354,343.67,0.39,0.44,2022-03-31,811,N20,VIIRS,n,2,311.17,5.41,D,0
19.23002,80.54728,341.94,0.39,0.44,2022-03-31,811,N20,VIIRS,n,2,311.08,3.83,D,0
19.23261,80.3372,342.36,0.38,0.43,2022-03-31,811,N20,VIIRS,n,2,311.8,3.05,D,0
19.23356,79.14851,338.32,0.49,0.41,2022-03-31,811,N20,VIIRS,n,2,309.9,2.11,D,0
19.2336,80.54303,345.2,0.39,0.44,2022-03-31,811,N20,VIIRS,n,2,310.48,5.41,D,0
19.23406,80.54676,337.04,0.39,0.44,2022-03-31,811,N20,VIIRS,l,2,309.28,3.83,D,0
19.23453,79.87345,342.08,0.54,0.42,2022-03-31,811,N20,VIIRS,l,2,315.18,8.9,D,0
19.23544,80.558,346.26,0.39,0.44,2022-03-31,811,N20,VIIRS,n,2,308.16,7.6,D,0
19.23847,80.51578,340.16,0.39,0.44,2022-03-31,811,N20,VIIRS,l,2,311.18,2.74,D,0
19.23893,80.51949,338.88,0.39,0.44,2022-03-31,811,N20,VIIRS,l,2,309.7,2.74,D,0
19.23922,80.45555,342.61,0.39,0.44,2022-03-31,811,N20,VIIRS,n,2,311.84,4.61,D,0
19.24251,80.51529,336.39,0.39,0.44,2022-03-31,811,N20,VIIRS,l,2,309.43,2.64,D,0
19.24726,80.45451,349.71,0.39,0.44,2022-03-31,811,N20,VIIRS,n,2,313.12,5.68,D,0
19.24826,80.36478,340.39,0.38,0.43,2022-03-31,811,N20,VIIRS,n,2,308.98,2.95,D,0
19.25225,80.36421,345.57,0.38,0.43,2022-03-31,811,N20,VIIRS,n,2,309.96,2.95,D,0
19.25271,80.36787,336.04,0.38,0.44,2022-03-31,811,N20,VIIRS,l,2,309.3,2.95,D,0
19.25317,80.37152,336.52,0.38,0.44,2022-03-31,811,N20,VIIRS,l,2,309.33,2.44,D,0
19.25763,80.3746,339.99,0.38,0.44,2022-03-31,811,N20,VIIRS,n,2,309.86,2.77,D,0
19.25806,80.47558,367.0,0.39,0.44,2022-03-31,811,N20,VIIRS,h,2,314.91,9.46,D,0
19.26056,80.43025,340.38,0.39,0.44,2022-03-31,811,N20,VIIRS,l,2,310.86,2.95,D,0
19.26116,80.37041,347.52,0.38,0.44,2022-03-31,811,N20,VIIRS,n,2,312.77,2.77,D,0
19.26556,80.09155,342.42,0.56,0.43,2022-03-31,811,N20,VIIRS,n,2,311.33,3.15,D,0
19.26843,80.49299,337.71,0.39,0.44,2022-03-31,811,N20,VIIRS,l,2,310.16,5.92,D,0
19.26936,80.50039,350.09,0.39,0.44,2022-03-31,811,N20,VIIRS,n,2,309.38,6.64,D,0
19.27103,80.57967,336.92,0.4,0.44,2022-03-31,811,N20,VIIRS,l,2,310.9,2.99,D,0
19.27169,80.51898,339.27,0.39,0.44,2022-03-31,811,N20,VIIRS,l,2,309.5,3.29,D,0
19.27526,80.51471,335.01,0.39,0.44,2022-03-31,811,N20,VIIRS,l,2,308.28,2.83,D,0
19.27572,80.51844,353.21,0.39,0.44,2022-03-31,811,N20,VIIRS,n,2,310.2,5.9,D,0
19.27942,80.45023,338.15,0.39,0.44,2022-03-31,811,N20,VIIRS,l,2,310.97,2.5,D,0
19.28,81.38966,343.09,0.44,0.46,2022-03-31,811,N20,VIIRS,n,2,305.99,4.11,D,0
19.28145,80.49878,335.26,0.39,0.44,2022-03-31,811,N20,VIIRS,l,2,310.01,4.81,D,0
19.28344,80.44968,340.89,0.39,0.44,2022-03-31,811,N20,VIIRS,l,2,311.11,5.09,D,0
19.28905,80.49402,347.52,0.39,0.44,2022-03-31,811,N20,VIIRS,n,2,311.97,5.36,D,0
19.29309,80.49349,340.31,0.39,0.44,2022-03-31,811,N20,VIIRS,n,2,308.59,5.36,D,0
19.31305,80.47958,337.37,0.39,0.44,2022-03-31,811,N20,VIIRS,n,2,310.14,1.31,D,0
19.31739,80.38129,337.82,0.39,0.44,2022-03-31,811,N20,VIIRS,l,2,308.53,1.78,D,0
19.31829,80.3886,336.26,0.39,0.44,2022-03-31,811,N20,VIIRS,l,2,310.58,2.38,D,0
19.31837,80.25802,345.92,0.57,0.43,2022-03-31,811,N20,VIIRS,n,2,311.89,4.83,D,0
19.31887,81.42348,332.63,0.45,0.47,2022-03-31,811,N20,VIIRS,l,2,306.63,4.1,D,0
19.32151,80.4482,338.42,0.39,0.44,2022-03-31,811,N20,VIIRS,l,2,310.07,3.09,D,0
19.32184,80.38438,336.68,0.39,0.44,2022-03-31,811,N20,VIIRS,l,2,310.03,2.38,D,0
19.32196,80.4519,337.62,0.39,0.44,2022-03-31,811,N20,VIIRS,l,2,309.78,3.12,D,0
19.32253,80.55786,338.7,0.4,0.44,2022-03-31,811,N20,VIIRS,n,2,309.85,2.71,D,0
19.32298,80.5616,339.81,0.4,0.44,2022-03-31,811,N20,VIIRS,l,2,309.85,2.71,D,0
19.32343,80.56533,337.49,0.4,0.44,2022-03-31,811,N20,VIIRS,l,2,309.29,3.46,D,0
19.32442,80.33937,342.85,0.38,0.43,2022-03-31,811,N20,VIIRS,n,2,310.33,5.25,D,0
19.32573,80.28464,338.86,0.57,0.43,2022-03-31,811,N20,VIIRS,l,2,311.04,4.89,D,0
19.32658,80.55732,339.06,0.4,0.44,2022-03-31,811,N20,VIIRS,n,2,310.1,2.71,D,0
19.32703,80.56104,333.97,0.4,0.44,2022-03-31,811,N20,VIIRS,l,2,308.42,2.71,D,0
19.32765,80.39846,338.91,0.39,0.44,2022-03-31,811,N20,VIIRS,l,2,309.48,3.68,D,0
19.32772,80.43221,338.3,0.39,0.44,2022-03-31,811,N20,VIIRS,n,2,309.35,2.35,D,0
19.32856,80.1151,342.62,0.56,0.43,2022-03-31,811,N20,VIIRS,l,2,313.11,6.59,D,0
19.33121,80.39425,344.19,0.39,0.44,2022-03-31,811,N20,VIIRS,n,2,309.6,3.78,D,0
19.33767,80.28299,338.34,0.57,0.43,2022-03-31,811,N20,VIIRS,l,2,313.09,4.35,D,0
19.34428,81.42938,337.78,0.45,0.47,2022-03-31,811,N20,VIIRS,n,2,309.86,2.68,D,0
19.35029,80.12827,339.16,0.56,0.43,2022-03-31,811,N20,VIIRS,l,2,311.75,7.11,D,0
19.35133,80.55777,350.64,0.4,0.44,2022-03-31,811,N20,VIIRS,n,2,311.52,8.97,D,0
19.35179,80.56151,342.99,0.4,0.44,2022-03-31,811,N20,VIIRS,n,2,310.47,7.35,D,0
19.35274,80.60293,352.82,0.4,0.44,2022-03-31,811,N20,VIIRS,n,2,307.72,10.0,D,0
19.35423,80.1277,342.93,0.56,0.43,2022-03-31,811,N20,VIIRS,l,2,314.22,7.11,D,0
19.35885,80.13242,346.65,0.56,0.43,2022-03-31,811,N20,VIIRS,n,2,313.24,8.3,D,0
19.35953,80.13768,348.0,0.56,0.43,2022-03-31,811,N20,VIIRS,n,2,312.12,6.11,D,0
19.3619,80.219,340.11,0.57,0.43,2022-03-31,811,N20,VIIRS,l,2,312.22,3.33,D,0
19.36259,80.22437,338.06,0.57,0.43,2022-03-31,811,N20,VIIRS,l,2,311.45,4.31,D,0
19.36621,80.34857,345.88,0.38,0.44,2022-03-31,811,N20,VIIRS,n,2,313.53,5.71,D,0
19.36964,80.185,338.66,0.56,0.43,2022-03-31,811,N20,VIIRS,l,2,312.07,3.12,D,0
19.37208,80.86607,344.29,0.41,0.45,2022-03-31,811,N20,VIIRS,n,2,309.91,5.37,D,0
19.37255,80.86997,345.45,0.41,0.45,2022-03-31,811,N20,VIIRS,n,2,311.64,5.96,D,0
19.37524,80.85746,340.41,0.41,0.45,2022-03-31,811,N20,VIIRS,n,2,308.92,6.3,D,0
19.37571,80.86135,333.61,0.41,0.45,2022-03-31,811,N20,VIIRS,l,2,308.4,4.72,D,0
19.38394,80.85999,330.73,0.41,0.45,2022-03-31,811,N20,VIIRS,l,2,304.73,0.93,D,0
19.3877,80.8912,337.04,0.41,0.45,2022-03-31,811,N20,VIIRS,n,2,307.0,7.38,D,0
19.3896,80.80302,342.48,0.41,0.45,2022-03-31,811,N20,VIIRS,n,2,309.15,3.3,D,0
19.39178,80.89016,367.0,0.41,0.45,2022-03-31,811,N20,VIIRS,h,2,307.15,7.38,D,0
19.39452,80.87805,336.03,0.41,0.45,2022-03-31,811,N20,VIIRS,n,2,304.94,8.68,D,0
19.39585,80.88906,336.54,0.41,0.45,2022-03-31,811,N20,VIIRS,n,2,305.46,3.72,D,0
19.39631,80.89283,333.69,0.42,0.45,2022-03-31,811,N20,VIIRS,n,2,297.52,3.72,D,0
19.39859,80.47537,340.91,0.39,0.44,2022-03-31,811,N20,VIIRS,l,2,311.7,3.49,D,0
19.39865,80.87746,367.0,0.41,0.45,2022-03-31,811,N20,VIIRS,h,2,309.87,8.68,D,0
19.39908,80.88106,344.56,0.41,0.45,2022-03-31,811,N20,VIIRS,n,2,307.55,10.19,D,0
19.40148,80.36983,335.36,0.39,0.44,2022-03-31,811,N20,VIIRS,l,2,307.95,3.7,D,0
19.40278,80.50852,347.08,0.39,0.44,2022-03-31,811,N20,VIIRS,n,2,311.12,4.13,D,0
19.40322,80.51205,335.76,0.39,0.44,2022-03-31,811,N20,VIIRS,l,2,308.04,4.13,D,0
19.40648,80.87279,338.06,0.41,0.45,2022-03-31,811,N20,VIIRS,l,2,308.95,5.44,D,0
19.41732,81.35114,331.35,0.44,0.46,2022-03-31,811,N20,VIIRS,l,2,305.17,0.54,D,0
19.42369,80.80806,338.76,0.41,0.45,2022-03-31,811,N20,VIIRS,n,2,309.89,3.67,D,0
19.4315,80.73661,340.39,0.41,0.45,2022-03-31,811,N20,VIIRS,n,2,310.81,2.55,D,0
19.44949,81.3004,332.37,0.44,0.46,2022-03-31,811,N20,VIIRS,l,2,306.33,4.07,D,0
19.48615,81.28222,343.27,0.44,0.46,2022-03-31,811,N20,VIIRS,n,2,306.65,4.34,D,0
19.5184,81.29865,330.97,0.44,0.46,2022-03-31,811,N20,VIIRS,l,2,305.87,3.33,D,0
19.51898,81.30328,330.53,0.44,0.46,2022-03-31,811,N20,VIIRS,n,2,305.47,1.81,D,0
19.15708,78.51707,342.29,0.46,0.39,2022-03-31,812,N20,VIIRS,n,2,316.17,5.55,D,0
19.15766,78.52147,342.57,0.46,0.39,2022-03-31,812,N20,VIIRS,n,2,314.92,5.55,D,0
19.19057,78.11933,351.73,0.44,0.39,2022-03-31,812,N20,VIIRS,n,2,326.04,16.09,D,0
19.19383,78.43571,349.2,0.46,0.39,2022-03-31,812,N20,VIIRS,l,2,319.38,9.74,D,0
19.19442,78.4401,344.14,0.46,0.39,2022-03-31,812,N20,VIIRS,l,2,317.62,7.87,D,0
19.19742,78.43524,348.03,0.46,0.39,2022-03-31,812,N20,VIIRS,l,2,321.18,10.01,D,0
19.2031,78.8689,346.23,0.48,0.4,2022-03-31,812,N20,VIIRS,n,2,314.58,37.94,D,0
19.20658,78.3415,344.47,0.45,0.39,2022-03-31,812,N20,VIIRS,n,2,319.06,12.87,D,0
19.20676,78.86837,353.89,0.48,0.4,2022-03-31,812,N20,VIIRS,n,2,316.29,37.94,D,0
19.21073,78.34517,367.0,0.45,0.39,2022-03-31,812,N20,VIIRS,h,2,320.74,12.87,D,0
19.213,78.83038,343.81,0.48,0.4,2022-03-31,812,N20,VIIRS,l,2,316.68,4.5,D,0
19.21724,78.97817,342.52,0.48,0.4,2022-03-31,812,N20,VIIRS,n,2,311.65,3.21,D,0
19.21783,78.98273,355.4,0.48,0.4,2022-03-31,812,N20,VIIRS,n,2,313.6,9.18,D,0
19.21816,78.50755,344.77,0.46,0.39,2022-03-31,812,N20,VIIRS,l,2,318.32,7.85,D,0
19.21894,78.43221,354.24,0.46,0.39,2022-03-31,812,N20,VIIRS,n,2,319.68,10.4,D,0
19.21931,78.54333,345.78,0.46,0.39,2022-03-31,812,N20,VIIRS,l,2,317.59,7.32,D,0
19.21954,78.99598,347.19,0.49,0.4,2022-03-31,812,N20,VIIRS,n,2,312.92,2.99,D,0
19.22175,78.507,344.69,0.46,0.39,2022-03-31,812,N20,VIIRS,l,2,316.46,4.33,D,0
19.22486,78.92128,338.4,0.48,0.4,2022-03-31,812,N20,VIIRS,l,2,312.93,4.41,D,0
19.26077,78.63206,346.21,0.47,0.39,2022-03-31,812,N20,VIIRS,n,2,321.02,8.38,D,0
19.26451,78.484,348.82,0.46,0.39,2022-03-31,812,N20,VIIRS,n,2,318.77,7.84,D,0
19.26476,78.29408,347.13,0.45,0.39,2022-03-31,812,N20,VIIRS,l,2,320.69,11.5,D,0
19.26534,78.43489,346.53,0.46,0.39,2022-03-31,812,N20,VIIRS,l,2,320.99,10.67,D,0
19.26674,78.73097,344.7,0.47,0.4,2022-03-31,812,N20,VIIRS,l,2,318.62,6.04,D,0
19.27038,78.73047,346.47,0.47,0.4,2022-03-31,812,N20,VIIRS,l,2,319.08,6.04,D,0
19.28139,79.15285,341.09,0.5,0.41,2022-03-31,812,N20,VIIRS,l,2,313.6,5.28,D,0
19.28422,77.91025,367.0,0.44,0.38,2022-03-31,812,N20,VIIRS,l,2,325.64,5.32,D,0
19.28712,77.90546,348.53,0.44,0.38,2022-03-31,812,N20,VIIRS,l,2,321.66,9.12,D,0
19.28977,78.05341,348.1,0.44,0.38,2022-03-31,812,N20,VIIRS,n,2,322.29,4.12,D,0
19.29005,77.90083,367.0,0.43,0.38,2022-03-31,812,N20,VIIRS,l,2,325.68,9.59,D,0
19.29353,77.92568,367.0,0.44,0.38,2022-03-31,812,N20,VIIRS,l,2,325.14,5.44,D,0
19.29411,77.92981,367.0,0.44,0.38,2022-03-31,812,N20,VIIRS,l,2,326.14,5.44,D,0
19.29469,77.93398,367.0,0.44,0.38,2022-03-31,812,N20,VIIRS,l,2,326.44,4.42,D,0
19.29495,77.93018,367.0,0.44,0.38,2022-03-31,812,N20,VIIRS,l,2,325.92,8.53,D,0
19.29551,77.93436,367.0,0.44,0.38,2022-03-31,812,N20,VIIRS,l,2,326.34,4.67,D,0
19.2976,77.92923,352.93,0.44,0.38,2022-03-31,812,N20,VIIRS,n,2,325.47,5.44,D,0
19.29819,77.9334,367.0,0.44,0.38,2022-03-31,812,N20,VIIRS,l,2,325.99,4.42,D,0
19.29821,78.85407,344.97,0.48,0.4,2022-03-31,812,N20,VIIRS,l,2,316.17,6.13,D,0
19.29845,77.92959,351.89,0.44,0.38,2022-03-31,812,N20,VIIRS,n,2,325.39,8.53,D,0
19.29901,77.93379,367.0,0.44,0.38,2022-03-31,812,N20,VIIRS,l,2,327.11,4.67,D,0
19.29939,79.11678,342.87,0.49,0.41,2022-03-31,812,N20,VIIRS,n,2,312.19,8.04,D,0
19.30069,78.84475,346.52,0.48,0.4,2022-03-31,812,N20,VIIRS,l,2,316.99,8.53,D,0
19.3007,79.09804,344.89,0.49,0.4,2022-03-31,812,N20,VIIRS,l,2,315.37,4.23,D,0
19.30374,78.83969,348.4,0.48,0.4,2022-03-31,812,N20,VIIRS,l,2,319.56,9.02,D,0
19.30514,78.27044,344.23,0.45,0.39,2022-03-31,812,N20,VIIRS,l,2,319.01,10.24,D,0
19.30808,78.29197,346.1,0.45,0.39,2022-03-31,812,N20,VIIRS,l,2,320.99,11.84,D,0
19.30857,78.84901,352.45,0.48,0.4,2022-03-31,812,N20,VIIRS,n,2,319.01,11.29,D,0
19.30861,78.84809,346.06,0.48,0.4,2022-03-31,812,N20,VIIRS,l,2,317.64,8.63,D,0
19.31558,78.78835,351.28,0.48,0.4,2022-03-31,812,N20,VIIRS,l,2,323.37,11.89,D,0
19.31697,78.30381,348.29,0.45,0.39,2022-03-31,812,N20,VIIRS,l,2,322.57,9.22,D,0
19.31942,78.87508,347.42,0.48,0.4,2022-03-31,812,N20,VIIRS,l,2,320.52,11.28,D,0
19.3196,78.87408,349.11,0.48,0.4,2022-03-31,812,N20,VIIRS,n,2,319.83,8.43,D,0
19.32134,78.71909,349.41,0.47,0.4,2022-03-31,812,N20,VIIRS,l,2,321.82,11.39,D,0
19.3235,79.0705,348.46,0.49,0.4,2022-03-31,812,N20,VIIRS,n,2,315.38,6.12,D,0
19.33021,78.56355,348.63,0.46,0.39,2022-03-31,812,N20,VIIRS,n,2,321.16,8.53,D,0
19.33131,78.22327,348.08,0.45,0.39,2022-03-31,812,N20,VIIRS,n,2,323.0,12.36,D,0
19.3314,78.57243,349.57,0.46,0.39,2022-03-31,812,N20,VIIRS,n,2,321.31,8.78,D,0
19.33587,78.41555,367.0,0.46,0.39,2022-03-31,812,N20,VIIRS,l,2,325.01,7.63,D,0
19.33946,78.41504,350.38,0.46,0.39,2022-03-31,812,N20,VIIRS,l,2,323.01,21.84,D,0
19.34683,79.11678,346.11,0.49,0.41,2022-03-31,812,N20,VIIRS,n,2,316.83,7.66,D,0
19.34842,79.11524,350.65,0.49,0.41,2022-03-31,812,N20,VIIRS,n,2,316.33,8.75,D,0
19.35824,78.15916,350.67,0.45,0.39,2022-03-31,812,N20,VIIRS,n,2,323.19,22.23,D,0
19.36046,79.07574,345.93,0.49,0.4,2022-03-31,812,N20,VIIRS,n,2,315.77,9.8,D,0
19.36065,78.15022,346.7,0.45,0.39,2022-03-31,812,N20,VIIRS,n,2,320.24,15.85,D,0
19.36122,78.15446,367.0,0.45,0.39,2022-03-31,812,N20,VIIRS,h,2,323.43,10.11,D,0
19.36178,78.15862,349.56,0.45,0.39,2022-03-31,812,N20,VIIRS,n,2,320.76,10.11,D,0
19.37192,78.12683,367.0,0.44,0.39,2022-03-31,812,N20,VIIRS,l,2,325.72,8.9,D,0
19.37546,78.12632,349.43,0.44,0.39,2022-03-31,812,N20,VIIRS,l,2,323.92,8.9,D,0
19.38006,79.16862,344.36,0.5,0.41,2022-03-31,812,N20,VIIRS,l,2,316.06,12.5,D,0
19.382,78.61916,350.16,0.47,0.4,2022-03-31,812,N20,VIIRS,l,2,324.03,4.08,D,0
19.38605,80.1966,341.35,0.57,0.43,2022-03-31,812,N20,VIIRS,n,2,313.02,6.57,D,0
19.38649,79.04363,344.48,0.49,0.4,2022-03-31,812,N20,VIIRS,l,2,319.43,13.55,D,0
19.39303,78.17564,352.63,0.45,0.39,2022-03-31,812,N20,VIIRS,n,2,324.1,15.26,D,0
19.39903,80.36954,342.6,0.39,0.44,2022-03-31,812,N20,VIIRS,n,2,308.91,2.17,D,0
19.40259,80.36531,334.44,0.39,0.44,2022-03-31,812,N20,VIIRS,l,2,307.77,2.17,D,0
19.4062,79.13618,342.78,0.5,0.41,2022-03-31,812,N20,VIIRS,l,2,317.27,8.46,D,0
19.40687,79.11235,352.25,0.49,0.41,2022-03-31,812,N20,VIIRS,n,2,317.71,14.37,D,0
19.40935,78.98842,345.12,0.49,0.4,2022-03-31,812,N20,VIIRS,l,2,318.68,7.45,D,0
19.40996,79.13588,352.16,0.5,0.41,2022-03-31,812,N20,VIIRS,n,2,318.26,8.46,D,0
19.41805,79.11098,345.22,0.49,0.41,2022-03-31,812,N20,VIIRS,l,2,319.83,11.12,D,0
19.42731,78.84647,355.46,0.48,0.4,2022-03-31,812,N20,VIIRS,n,2,321.98,17.78,D,0
19.43068,78.93036,349.66,0.48,0.4,2022-03-31,812,N20,VIIRS,l,2,323.61,18.19,D,0
19.43144,78.92884,356.0,0.48,0.4,2022-03-31,812,N20,VIIRS,n,2,324.28,16.77,D,0
19.43336,79.90595,342.85,0.55,0.42,2022-03-31,812,N20,VIIRS,l,2,315.65,5.56,D,0
19.43791,78.21225,346.87,0.45,0.39,2022-03-31,812,N20,VIIRS,l,2,321.69,8.23,D,0
19.44061,80.44267,337.85,0.39,0.44,2022-03-31,812,N20,VIIRS,l,2,311.45,1.29,D,0
19.44071,80.51061,336.47,0.39,0.44,2022-03-31,812,N20,VIIRS,l,2,308.85,2.75,D,0
19.44077,78.97009,352.48,0.49,0.4,2022-03-31,812,N20,VIIRS,n,2,319.57,8.75,D,0
19.44091,80.3788,342.65,0.39,0.44,2022-03-31,812,N20,VIIRS,n,2,310.65,2.99,D,0
19.44261,80.10229,348.14,0.56,0.43,2022-03-31,812,N20,VIIRS,n,2,316.73,7.36,D,0
19.44328,80.1076,346.12,0.56,0.43,2022-03-31,812,N20,VIIRS,n,2,315.38,6.23,D,0
19.44348,78.97125,349.11,0.49,0.4,2022-03-31,812,N20,VIIRS,n,2,318.54,10.33,D,0
19.44396,80.11291,340.02,0.56,0.43,2022-03-31,812,N20,VIIRS,l,2,313.97,6.23,D,0
19.44463,80.11821,348.6,0.56,0.43,2022-03-31,812,N20,VIIRS,n,2,314.63,6.98,D,0
19.44598,80.12881,344.74,0.56,0.43,2022-03-31,812,N20,VIIRS,n,2,314.81,14.79,D,0
19.4461,77.37525,367.0,0.42,0.38,2022-03-31,812,N20,VIIRS,l,2,325.8,6.3,D,0
19.44665,77.3792,367.0,0.42,0.38,2022-03-31,812,N20,VIIRS,l,2,325.73,6.3,D,0
19.44666,80.13412,350.22,0.56,0.43,2022-03-31,812,N20,VIIRS,n,2,316.2,14.79,D,0
19.44878,80.50933,344.18,0.39,0.44,2022-03-31,812,N20,VIIRS,n,2,309.31,2.68,D,0
19.44894,79.90383,348.61,0.55,0.42,2022-03-31,812,N20,VIIRS,n,2,315.97,9.26,D,0
19.44937,79.90067,342.4,0.55,0.42,2022-03-31,812,N20,VIIRS,l,2,317.15,9.21,D,0
19.44992,80.12818,340.95,0.56,0.43,2022-03-31,812,N20,VIIRS,l,2,314.45,5.4,D,0
19.45008,77.37863,354.26,0.42,0.38,2022-03-31,812,N20,VIIRS,l,2,327.12,14.49,D,0
19.4506,80.13349,345.82,0.56,0.43,2022-03-31,812,N20,VIIRS,n,2,313.61,5.4,D,0
19.45351,77.37808,367.0,0.42,0.38,2022-03-31,812,N20,VIIRS,l,2,326.17,14.49,D,0
19.46536,78.09748,350.59,0.44,0.39,2022-03-31,812,N20,VIIRS,l,2,324.94,6.68,D,0
19.46559,80.31561,339.05,0.38,0.43,2022-03-31,812,N20,VIIRS,l,2,313.14,4.2,D,0
19.46593,78.10165,367.0,0.44,0.39,2022-03-31,812,N20,VIIRS,l,2,326.54,6.68,D,0
19.4697,80.44614,338.05,0.39,0.44,2022-03-31,812,N20,VIIRS,l,2,309.46,1.8,D,0
19.47325,80.12752,342.48,0.56,0.43,2022-03-31,812,N20,VIIRS,l,2,317.47,18.87,D,0
19.47431,80.13031,346.34,0.56,0.43,2022-03-31,812,N20,VIIRS,n,2,316.33,21.34,D,0
19.47704,80.15154,340.31,0.56,0.43,2022-03-31,812,N20,VIIRS,l,2,311.31,6.96,D,0
19.48134,80.09158,343.5,0.56,0.43,2022-03-31,812,N20,VIIRS,l,2,315.46,15.13,D,0
19.4821,80.6466,343.54,0.4,0.44,2022-03-31,812,N20,VIIRS,n,2,309.58,4.77,D,0
19.48315,78.22903,352.69,0.45,0.39,2022-03-31,812,N20,VIIRS,l,2,324.17,15.68,D,0
19.48672,80.45126,341.73,0.39,0.44,2022-03-31,812,N20,VIIRS,n,2,310.47,2.31,D,0
19.48776,80.0823,353.33,0.56,0.43,2022-03-31,812,N20,VIIRS,n,2,317.91,39.85,D,0
19.4917,80.08174,350.89,0.56,0.43,2022-03-31,812,N20,VIIRS,l,2,323.13,39.85,D,0
19.49669,80.46525,343.53,0.39,0.44,2022-03-31,812,N20,VIIRS,n,2,308.79,3.21,D,0
19.49716,80.46899,333.94,0.39,0.44,2022-03-31,812,N20,VIIRS,l,2,307.92,3.21,D,0
19.50224,77.3503,367.0,0.42,0.37,2022-03-31,812,N20,VIIRS,l,2,325.77,7.35,D,0
19.5049,79.12411,343.22,0.5,0.41,2022-03-31,812,N20,VIIRS,l,2,317.17,7.71,D,0
19.50624,77.35376,349.27,0.42,0.37,2022-03-31,812,N20,VIIRS,l,2,323.97,7.35,D,0
19.50908,79.24422,347.82,0.5,0.41,2022-03-31,812,N20,VIIRS,n,2,320.62,11.94,D,0
19.51112,78.83012,347.12,0.48,0.4,2022-03-31,812,N20,VIIRS,l,2,320.97,3.23,D,0
19.51142,80.38783,336.55,0.39,0.44,2022-03-31,812,N20,VIIRS,l,2,311.49,2.74,D,0
19.5123,79.12273,342.4,0.5,0.41,2022-03-31,812,N20,VIIRS,l,2,317.13,5.58,D,0
19.51286,80.39903,336.55,0.39,0.44,2022-03-31,812,N20,VIIRS,l,2,311.11,2.6,D,0
19.51354,80.25896,339.03,0.57,0.43,2022-03-31,812,N20,VIIRS,l,2,311.65,3.52,D,0
19.51419,80.36416,339.11,0.39,0.44,2022-03-31,812,N20,VIIRS,l,2,311.98,3.99,D,0
19.51442,79.43575,348.46,0.52,0.41,2022-03-31,812,N20,VIIRS,n,2,310.41,12.04,D,0
19.51458,78.71529,346.9,0.47,0.4,2022-03-31,812,N20,VIIRS,l,2,321.6,13.38,D,0
19.51462,78.71824,349.53,0.47,0.4,2022-03-31,812,N20,VIIRS,l,2,321.87,15.74,D,0
19.51517,78.71983,348.6,0.47,0.4,2022-03-31,812,N20,VIIRS,l,2,322.61,4.45,D,0
19.51729,78.90397,347.03,0.48,0.4,2022-03-31,812,N20,VIIRS,l,2,321.78,9.78,D,0
19.51772,81.29918,332.23,0.44,0.46,2022-03-31,812,N20,VIIRS,l,2,306.23,3.55,D,0
19.52162,79.22318,346.79,0.5,0.41,2022-03-31,812,N20,VIIRS,l,2,320.12,12.08,D,0
19.52223,80.3968,338.41,0.39,0.44,2022-03-31,812,N20,VIIRS,n,2,307.54,4.33,D,0
19.53353,80.52406,340.04,0.4,0.44,2022-03-31,812,N20,VIIRS,n,2,309.35,5.88,D,0
19.53471,80.39861,354.76,0.39,0.44,2022-03-31,812,N20,VIIRS,n,2,314.02,7.73,D,0
19.53769,78.72144,348.97,0.47,0.4,2022-03-31,812,N20,VIIRS,l,2,322.62,6.33,D,0
19.53873,80.39804,336.97,0.39,0.44,2022-03-31,812,N20,VIIRS,l,2,309.85,7.73,D,0
19.53876,80.4654,348.24,0.39,0.44,2022-03-31,812,N20,VIIRS,n,2,308.56,5.52,D,0
19.54282,80.46507,344.36,0.39,0.44,2022-03-31,812,N20,VIIRS,n,2,307.34,4.9,D,0
19.54849,80.18234,342.59,0.57,0.43,2022-03-31,812,N20,VIIRS,n,2,314.13,5.24,D,0
19.54852,79.99328,347.32,0.55,0.43,2022-03-31,812,N20,VIIRS,l,2,320.16,40.54,D,0
19.54918,80.51733,338.3,0.4,0.44,2022-03-31,812,N20,VIIRS,n,2,306.78,2.79,D,0
19.54955,80.09527,348.61,0.56,0.43,2022-03-31,812,N20,VIIRS,n,2,315.52,13.35,D,0
19.55188,78.20667,367.0,0.45,0.39,2022-03-31,812,N20,VIIRS,l,2,325.14,8.79,D,0
19.55245,78.21095,352.17,0.45,0.39,2022-03-31,812,N20,VIIRS,n,2,324.76,8.79,D,0
19.55245,80.18179,341.69,0.57,0.43,2022-03-31,812,N20,VIIRS,l,2,312.54,5.24,D,0
19.55662,78.28773,352.12,0.45,0.39,2022-03-31,812,N20,VIIRS,n,2,321.34,18.11,D,0
19.55718,78.29187,352.64,0.45,0.39,2022-03-31,812,N20,VIIRS,n,2,321.43,13.99,D,0
19.55748,80.38438,335.28,0.39,0.44,2022-03-31,812,N20,VIIRS,l,2,309.79,1.67,D,0
19.55777,78.93245,355.06,0.49,0.4,2022-03-31,812,N20,VIIRS,n,2,322.77,8.49,D,0
19.56396,78.92223,367.0,0.49,0.4,2022-03-31,812,N20,VIIRS,l,2,325.63,10.35,D,0
19.56758,80.70387,336.58,0.41,0.45,2022-03-31,812,N20,VIIRS,n,2,306.91,4.65,D,0
19.56764,78.92167,347.94,0.49,0.4,2022-03-31,812,N20,VIIRS,l,2,321.05,10.35,D,0
19.56771,81.21166,338.25,0.44,0.46,2022-03-31,812,N20,VIIRS,n,2,307.33,2.43,D,0
19.56988,79.2994,351.5,0.51,0.41,2022-03-31,812,N20,VIIRS,l,2,322.94,11.61,D,0
19.57216,80.14645,338.44,0.56,0.43,2022-03-31,812,N20,VIIRS,n,2,313.08,3.81,D,0
19.57339,81.2231,335.52,0.44,0.46,2022-03-31,812,N20,VIIRS,l,2,306.89,5.94,D,0
19.57357,78.73951,348.8,0.48,0.4,2022-03-31,812,N20,VIIRS,l,2,321.94,3.27,D,0
19.57679,80.15115,367.0,0.57,0.43,2022-03-31,812,N20,VIIRS,h,2,316.05,17.95,D,0
19.57734,80.13233,350.88,0.56,0.43,2022-03-31,812,N20,VIIRS,n,2,314.66,11.13,D,0
19.57799,80.1376,338.8,0.56,0.43,2022-03-31,812,N20,VIIRS,l,2,312.75,8.1,D,0
19.57803,80.12943,340.9,0.56,0.43,2022-03-31,812,N20,VIIRS,n,2,313.9,4.16,D,0
19.57805,81.33369,338.77,0.44,0.46,2022-03-31,812,N20,VIIRS,n,2,307.8,5.68,D,0
19.5787,80.13469,356.26,0.56,0.43,2022-03-31,812,N20,VIIRS,n,2,315.64,9.64,D,0
19.57927,80.1482,347.35,0.57,0.43,2022-03-31,812,N20,VIIRS,n,2,312.12,6.11,D,0
19.58085,81.32083,333.83,0.44,0.46,2022-03-31,812,N20,VIIRS,l,2,308.22,2.62,D,0
19.58194,80.13703,345.3,0.56,0.43,2022-03-31,812,N20,VIIRS,l,2,315.36,8.1,D,0
19.58231,81.33304,333.55,0.44,0.46,2022-03-31,812,N20,VIIRS,l,2,308.47,2.72,D,0
19.58245,78.89133,347.84,0.48,0.4,2022-03-31,812,N20,VIIRS,l,2,322.04,3.31,D,0
19.58259,80.14233,349.01,0.57,0.43,2022-03-31,812,N20,VIIRS,n,2,314.71,8.1,D,0
19.58333,80.13939,352.25,0.56,0.43,2022-03-31,812,N20,VIIRS,n,2,317.62,24.23,D,0
19.58377,81.27331,332.35,0.44,0.46,2022-03-31,812,N20,VIIRS,l,2,306.71,2.65,D,0
19.58402,80.14471,337.18,0.56,0.43,2022-03-31,812,N20,VIIRS,l,2,311.96,13.42,D,0
19.58467,81.31655,341.08,0.44,0.46,2022-03-31,812,N20,VIIRS,n,2,309.87,4.53,D,0
19.58655,80.14181,348.71,0.57,0.43,2022-03-31,812,N20,VIIRS,n,2,315.59,25.95,D,0
19.58729,80.13885,354.76,0.56,0.43,2022-03-31,812,N20,VIIRS,n,2,320.41,24.23,D,0
19.58986,80.13596,351.32,0.56,0.43,2022-03-31,812,N20,VIIRS,n,2,312.76,25.95,D,0
19.59057,80.13304,337.9,0.56,0.43,2022-03-31,812,N20,VIIRS,l,2,312.53,4.92,D,0
19.59126,80.13838,338.3,0.56,0.43,2022-03-31,812,N20,VIIRS,l,2,312.06,4.92,D,0
19.59335,79.00312,355.58,0.49,0.4,2022-03-31,812,N20,VIIRS,n,2,323.88,14.81,D,0
19.60306,81.21927,353.66,0.44,0.46,2022-03-31,812,N20,VIIRS,n,2,310.25,8.91,D,0
19.60358,81.2235,332.93,0.44,0.46,2022-03-31,812,N20,VIIRS,l,2,306.4,3.71,D,0
19.60383,80.28406,345.61,0.38,0.43,2022-03-31,812,N20,VIIRS,n,2,314.34,2.96,D,0
19.61138,80.2793,339.15,0.38,0.43,2022-03-31,812,N20,VIIRS,l,2,313.65,4.64,D,0
19.61346,80.40683,334.39,0.39,0.44,2022-03-31,812,N20,VIIRS,l,2,309.21,3.11,D,0
19.61462,79.3448,345.39,0.51,0.41,2022-03-31,812,N20,VIIRS,l,2,319.7,14.68,D,0
19.61503,81.17543,335.16,0.43,0.46,2022-03-31,812,N20,VIIRS,l,2,305.86,6.39,D,0
19.61922,81.138,344.35,0.43,0.46,2022-03-31,812,N20,VIIRS,n,2,306.61,5.4,D,0
19.61966,81.14181,334.7,0.43,0.46,2022-03-31,812,N20,VIIRS,l,2,306.49,5.4,D,0
19.62232,78.85274,347.05,0.48,0.4,2022-03-31,812,N20,VIIRS,l,2,321.07,7.06,D,0
19.62295,80.40857,334.32,0.39,0.44,2022-03-31,812,N20,VIIRS,l,2,308.74,3.33,D,0
19.62607,79.16653,349.63,0.5,0.41,2022-03-31,812,N20,VIIRS,n,2,322.16,14.67,D,0
19.63046,79.9792,351.51,0.55,0.43,2022-03-31,812,N20,VIIRS,n,2,317.88,14.11,D,0
19.63227,79.06903,350.5,0.49,0.41,2022-03-31,812,N20,VIIRS,l,2,322.35,44.54,D,0
19.63407,79.88264,355.53,0.55,0.42,2022-03-31,812,N20,VIIRS,n,2,320.59,17.16,D,0
19.636,79.06858,346.0,0.49,0.41,2022-03-31,812,N20,VIIRS,l,2,320.16,11.88,D,0
19.63797,79.88211,350.95,0.55,0.42,2022-03-31,812,N20,VIIRS,n,2,316.55,17.16,D,0
19.63862,79.35188,350.76,0.51,0.41,2022-03-31,812,N20,VIIRS,n,2,321.38,10.49,D,0
19.64197,80.56693,336.77,0.4,0.44,2022-03-31,812,N20,VIIRS,l,2,310.14,1.85,D,0
19.64205,80.56728,337.04,0.4,0.44,2022-03-31,812,N20,VIIRS,l,2,310.61,1.92,D,0
19.64242,79.85513,342.2,0.54,0.42,2022-03-31,812,N20,VIIRS,n,2,314.99,3.53,D,0
19.64392,80.11752,340.92,0.56,0.43,2022-03-31,812,N20,VIIRS,l,2,313.46,7.62,D,0
19.64458,80.12284,336.7,0.56,0.43,2022-03-31,812,N20,VIIRS,l,2,310.09,7.62,D,0
19.64573,80.39397,339.84,0.39,0.44,2022-03-31,812,N20,VIIRS,n,2,306.84,7.48,D,0
19.64719,80.11153,341.38,0.56,0.43,2022-03-31,812,N20,VIIRS,n,2,313.15,7.12,D,0
19.64731,80.6116,341.34,0.4,0.44,2022-03-31,812,N20,VIIRS,n,2,307.87,3.84,D,0
19.64768,80.61186,341.59,0.4,0.44,2022-03-31,812,N20,VIIRS,n,2,308.1,5.81,D,0
19.64786,80.11687,345.57,0.56,0.43,2022-03-31,812,N20,VIIRS,n,2,314.01,7.8,D,0
19.64853,80.12222,336.77,0.56,0.43,2022-03-31,812,N20,VIIRS,n,2,311.26,7.8,D,0
19.64942,78.83642,350.02,0.48,0.4,2022-03-31,812,N20,VIIRS,l,2,323.36,8.69,D,0
19.6518,80.11624,348.27,0.56,0.43,2022-03-31,812,N20,VIIRS,n,2,312.54,7.8,D,0
19.65268,80.28481,350.24,0.38,0.44,2022-03-31,812,N20,VIIRS,n,2,314.87,4.84,D,0
19.65724,79.97015,345.2,0.55,0.43,2022-03-31,812,N20,VIIRS,n,2,316.03,7.09,D,0
19.66448,78.36597,367.0,0.46,0.39,2022-03-31,812,N20,VIIRS,l,2,325.86,4.51,D,0
19.66507,78.3703,349.98,0.46,0.39,2022-03-31,812,N20,VIIRS,n,2,324.49,4.51,D,0
19.66543,80.38782,345.08,0.39,0.44,2022-03-31,812,N20,VIIRS,n,2,311.57,4.0,D,0
19.66609,78.99438,349.52,0.49,0.4,2022-03-31,812,N20,VIIRS,l,2,321.88,9.15,D,0
19.66807,78.36543,367.0,0.46,0.39,2022-03-31,812,N20,VIIRS,l,2,328.05,4.51,D,0
19.66867,78.3698,367.0,0.46,0.39,2022-03-31,812,N20,VIIRS,l,2,326.0,4.51,D,0
19.67227,80.1189,345.3,0.56,0.43,2022-03-31,812,N20,VIIRS,n,2,314.33,7.78,D,0
19.67236,81.15224,333.19,0.43,0.46,2022-03-31,812,N20,VIIRS,l,2,305.46,2.79,D,0
19.67426,78.94093,351.24,0.49,0.4,2022-03-31,812,N20,VIIRS,l,2,325.34,17.27,D,0
19.67509,81.13943,336.66,0.43,0.46,2022-03-31,812,N20,VIIRS,n,2,305.0,3.29,D,0
19.67738,78.93595,354.15,0.49,0.4,2022-03-31,812,N20,VIIRS,n,2,322.85,6.56,D,0
19.67872,80.63122,337.23,0.4,0.44,2022-03-31,812,N20,VIIRS,l,2,308.49,3.5,D,0
19.67924,80.36727,336.76,0.39,0.44,2022-03-31,812,N20,VIIRS,l,2,311.21,3.78,D,0
19.68597,80.48766,346.51,0.4,0.44,2022-03-31,812,N20,VIIRS,n,2,308.46,4.51,D,0
19.6887,80.64501,334.18,0.4,0.45,2022-03-31,812,N20,VIIRS,l,2,308.53,1.81,D,0
19.69722,80.09382,342.12,0.56,0.43,2022-03-31,812,N20,VIIRS,l,2,314.47,5.31,D,0
19.70084,80.09676,345.77,0.56,0.43,2022-03-31,812,N20,VIIRS,l,2,317.35,21.49,D,0
19.7048,80.81268,338.39,0.41,0.45,2022-03-31,812,N20,VIIRS,n,2,307.99,4.58,D,0
19.70541,80.41278,344.34,0.39,0.44,2022-03-31,812,N20,VIIRS,n,2,313.33,4.49,D,0
19.70635,78.28069,351.41,0.45,0.39,2022-03-31,812,N20,VIIRS,l,2,324.09,14.57,D,0
19.70893,80.8121,343.64,0.41,0.45,2022-03-31,812,N20,VIIRS,n,2,309.25,5.78,D,0
19.71041,79.51739,346.72,0.52,0.42,2022-03-31,812,N20,VIIRS,l,2,316.9,8.06,D,0
19.71201,79.99261,344.62,0.56,0.43,2022-03-31,812,N20,VIIRS,n,2,316.11,14.67,D,0
19.71267,79.99786,352.27,0.56,0.43,2022-03-31,812,N20,VIIRS,n,2,315.77,14.67,D,0
19.71271,80.06269,348.15,0.56,0.43,2022-03-31,812,N20,VIIRS,n,2,315.81,22.24,D,0
19.71284,80.31006,338.22,0.39,0.44,2022-03-31,812,N20,VIIRS,l,2,311.63,3.59,D,0
19.71461,80.30982,337.35,0.39,0.44,2022-03-31,812,N20,VIIRS,l,2,310.59,4.39,D,0
19.7166,79.99734,341.33,0.56,0.43,2022-03-31,812,N20,VIIRS,l,2,312.27,4.21,D,0
19.71665,80.06214,340.83,0.56,0.43,2022-03-31,812,N20,VIIRS,l,2,313.55,5.92,D,0
19.71849,80.58344,334.81,0.4,0.44,2022-03-31,812,N20,VIIRS,l,2,308.98,2.84,D,0
19.71972,80.76269,346.51,0.41,0.45,2022-03-31,812,N20,VIIRS,n,2,309.72,5.75,D,0
19.7206,80.06159,342.65,0.56,0.43,2022-03-31,812,N20,VIIRS,l,2,313.58,5.92,D,0
19.72308,79.95345,345.36,0.55,0.43,2022-03-31,812,N20,VIIRS,n,2,316.22,6.72,D,0
19.72431,80.76601,346.75,0.41,0.45,2022-03-31,812,N20,VIIRS,n,2,310.94,7.8,D,0
19.72526,80.77377,350.33,0.41,0.45,2022-03-31,812,N20,VIIRS,n,2,310.31,5.1,D,0
19.72706,79.98512,343.2,0.56,0.43,2022-03-31,812,N20,VIIRS,l,2,316.79,26.04,D,0
19.72777,79.56062,347.94,0.53,0.42,2022-03-31,812,N20,VIIRS,n,2,318.68,11.5,D,0
19.72965,79.97397,343.04,0.55,0.43,2022-03-31,812,N20,VIIRS,l,2,315.8,7.73,D,0
19.72983,80.77683,337.03,0.41,0.45,2022-03-31,812,N20,VIIRS,l,2,311.94,6.58,D,0
19.73032,79.97927,344.31,0.56,0.43,2022-03-31,812,N20,VIIRS,l,2,316.21,8.12,D,0
19.73114,80.08175,340.22,0.56,0.43,2022-03-31,812,N20,VIIRS,n,2,314.96,3.36,D,0
19.73176,80.05449,340.42,0.56,0.43,2022-03-31,812,N20,VIIRS,l,2,313.8,9.46,D,0
19.73257,80.15812,338.48,0.57,0.43,2022-03-31,812,N20,VIIRS,l,2,313.25,4.83,D,0
19.73303,80.03263,341.09,0.56,0.43,2022-03-31,812,N20,VIIRS,l,2,311.59,12.37,D,0
19.73569,80.05389,340.7,0.56,0.43,2022-03-31,812,N20,VIIRS,l,2,313.69,9.46,D,0
19.73649,78.42374,367.0,0.46,0.39,2022-03-31,812,N20,VIIRS,l,2,326.39,7.51,D,0
19.73709,78.42817,367.0,0.46,0.39,2022-03-31,812,N20,VIIRS,l,2,326.31,8.34,D,0
19.73896,81.34436,335.67,0.45,0.47,2022-03-31,812,N20,VIIRS,l,2,307.93,2.49,D,0
19.73905,80.27646,337.14,0.39,0.44,2022-03-31,812,N20,VIIRS,n,2,308.67,2.31,D,0
19.7401,78.42321,367.0,0.46,0.39,2022-03-31,812,N20,VIIRS,l,2,326.87,7.51,D,0
19.74069,78.42764,355.01,0.46,0.39,2022-03-31,812,N20,VIIRS,n,2,326.33,8.34,D,0
19.74104,79.8445,349.17,0.55,0.42,2022-03-31,812,N20,VIIRS,n,2,319.14,21.09,D,0
19.74351,80.27963,346.81,0.39,0.44,2022-03-31,812,N20,VIIRS,n,2,309.57,6.04,D,0
19.74465,80.56075,335.03,0.4,0.44,2022-03-31,812,N20,VIIRS,l,2,308.57,1.88,D,0
19.74473,80.56101,335.5,0.4,0.44,2022-03-31,812,N20,VIIRS,n,2,307.96,1.44,D,0
19.74878,80.0304,346.74,0.56,0.43,2022-03-31,812,N20,VIIRS,n,2,314.84,6.92,D,0
19.74945,80.03568,343.89,0.56,0.43,2022-03-31,812,N20,VIIRS,l,2,314.68,6.92,D,0
19.75013,80.04102,337.38,0.56,0.43,2022-03-31,812,N20,VIIRS,l,2,311.74,4.75,D,0
19.75138,80.01932,341.03,0.56,0.43,2022-03-31,812,N20,VIIRS,l,2,312.4,8.11,D,0
19.75272,80.02988,349.29,0.56,0.43,2022-03-31,812,N20,VIIRS,n,2,313.14,15.36,D,0
19.7534,80.03519,355.77,0.56,0.43,2022-03-31,812,N20,VIIRS,n,2,314.37,15.36,D,0
19.75792,80.00768,341.68,0.56,0.43,2022-03-31,812,N20,VIIRS,l,2,313.29,10.48,D,0
19.75859,80.01296,341.97,0.56,0.43,2022-03-31,812,N20,VIIRS,l,2,313.85,10.48,D,0
19.76443,79.996,340.98,0.56,0.43,2022-03-31,812,N20,VIIRS,l,2,314.2,9.08,D,0
19.76556,79.62424,341.06,0.53,0.42,2022-03-31,812,N20,VIIRS,n,2,313.9,2.0,D,0
19.76568,80.26163,341.84,0.38,0.44,2022-03-31,812,N20,VIIRS,n,2,311.85,2.89,D,0
19.76623,79.53708,347.39,0.53,0.42,2022-03-31,812,N20,VIIRS,l,2,320.06,14.04,D,0
19.76633,79.97957,342.37,0.56,0.43,2022-03-31,812,N20,VIIRS,l,2,315.78,9.71,D,0
19.76687,79.54209,351.75,0.53,0.42,2022-03-31,812,N20,VIIRS,n,2,321.46,14.04,D,0
19.76904,80.00072,347.02,0.56,0.43,2022-03-31,812,N20,VIIRS,n,2,313.21,9.08,D,0
19.7707,79.54153,351.77,0.53,0.42,2022-03-31,812,N20,VIIRS,n,2,322.12,14.04,D,0
19.77078,81.11392,332.69,0.43,0.46,2022-03-31,812,N20,VIIRS,l,2,307.08,4.18,D,0
19.77121,80.04905,337.58,0.56,0.43,2022-03-31,812,N20,VIIRS,l,2,310.29,6.82,D,0
19.77205,80.44567,342.19,0.39,0.44,2022-03-31,812,N20,VIIRS,n,2,309.27,2.73,D,0
19.77289,80.28687,341.97,0.39,0.44,2022-03-31,812,N20,VIIRS,n,2,308.97,4.14,D,0
19.77388,79.53598,350.03,0.53,0.42,2022-03-31,812,N20,VIIRS,l,2,332.47,96.79,D,0
19.77442,80.49879,338.35,0.4,0.44,2022-03-31,812,N20,VIIRS,l,2,313.25,3.68,D,0
19.77452,79.54099,367.0,0.53,0.42,2022-03-31,812,N20,VIIRS,h,2,347.07,96.79,D,0
19.77491,79.95412,345.74,0.55,0.43,2022-03-31,812,N20,VIIRS,n,2,319.25,9.02,D,0
19.77708,78.16514,350.27,0.45,0.39,2022-03-31,812,N20,VIIRS,l,2,323.45,18.3,D,0
19.77767,80.25997,348.7,0.38,0.44,2022-03-31,812,N20,VIIRS,n,2,312.04,6.68,D,0
19.778,80.49438,339.63,0.4,0.44,2022-03-31,812,N20,VIIRS,l,2,311.06,3.19,D,0
19.77883,79.95352,346.13,0.55,0.43,2022-03-31,812,N20,VIIRS,n,2,316.6,7.59,D,0
19.77922,80.43712,336.57,0.39,0.44,2022-03-31,812,N20,VIIRS,l,2,308.46,1.96,D,0
19.77926,80.0806,343.8,0.56,0.43,2022-03-31,812,N20,VIIRS,n,2,310.89,6.05,D,0
19.7793,79.95615,343.86,0.55,0.43,2022-03-31,812,N20,VIIRS,l,2,316.49,14.16,D,0
19.78066,78.16473,349.27,0.45,0.39,2022-03-31,812,N20,VIIRS,l,2,324.0,5.7,D,0
19.78073,80.00179,348.56,0.56,0.43,2022-03-31,812,N20,VIIRS,n,2,316.43,10.96,D,0
19.78106,80.22228,337.95,0.38,0.43,2022-03-31,812,N20,VIIRS,l,2,312.35,4.59,D,0
19.78152,80.00434,352.2,0.56,0.43,2022-03-31,812,N20,VIIRS,n,2,316.89,11.27,D,0
19.78366,78.16,367.0,0.45,0.39,2022-03-31,812,N20,VIIRS,l,2,326.47,13.17,D,0
19.78424,78.16433,367.0,0.45,0.39,2022-03-31,812,N20,VIIRS,l,2,327.17,5.7,D,0
19.78477,79.9046,344.85,0.55,0.43,2022-03-31,812,N20,VIIRS,l,2,315.78,7.3,D,0
19.78482,78.16868,367.0,0.45,0.39,2022-03-31,812,N20,VIIRS,l,2,326.39,5.7,D,0
19.78729,80.43597,334.21,0.39,0.44,2022-03-31,812,N20,VIIRS,l,2,308.79,1.27,D,0
19.78807,79.80346,342.02,0.54,0.42,2022-03-31,812,N20,VIIRS,l,2,314.96,4.51,D,0
19.78818,77.57755,367.0,0.43,0.38,2022-03-31,812,N20,VIIRS,l,2,327.99,5.71,D,0
19.78873,77.58167,367.0,0.43,0.38,2022-03-31,812,N20,VIIRS,l,2,327.04,5.71,D,0
19.78985,77.58987,367.0,0.43,0.38,2022-03-31,812,N20,VIIRS,l,2,327.31,8.67,D,0
19.79086,80.23566,341.64,0.38,0.43,2022-03-31,812,N20,VIIRS,l,2,313.21,2.8,D,0
19.79164,77.57699,367.0,0.43,0.38,2022-03-31,812,N20,VIIRS,l,2,326.29,5.71,D,0
19.7922,77.58108,353.85,0.43,0.38,2022-03-31,812,N20,VIIRS,l,2,327.79,5.71,D,0
19.79275,77.58515,350.66,0.43,0.38,2022-03-31,812,N20,VIIRS,l,2,325.01,8.67,D,0
19.79486,80.23512,344.48,0.38,0.43,2022-03-31,812,N20,VIIRS,n,2,312.8,6.36,D,0
19.79628,80.18242,340.28,0.57,0.43,2022-03-31,812,N20,VIIRS,l,2,314.48,7.96,D,0
19.79645,80.21564,342.73,0.57,0.43,2022-03-31,812,N20,VIIRS,n,2,312.15,8.31,D,0
19.79696,80.18777,348.72,0.57,0.43,2022-03-31,812,N20,VIIRS,n,2,315.51,14.37,D,0
19.79702,80.22015,342.95,0.38,0.43,2022-03-31,812,N20,VIIRS,n,2,312.11,2.84,D,0
19.79747,80.22373,338.51,0.38,0.43,2022-03-31,812,N20,VIIRS,l,2,311.53,2.84,D,0
19.79756,78.79919,350.46,0.48,0.4,2022-03-31,812,N20,VIIRS,n,2,322.52,3.95,D,0
19.7986,81.27328,340.61,0.44,0.46,2022-03-31,812,N20,VIIRS,n,2,309.42,5.94,D,0
19.80147,80.22321,353.7,0.38,0.43,2022-03-31,812,N20,VIIRS,n,2,320.1,15.6,D,0
19.80192,80.22678,344.33,0.38,0.43,2022-03-31,812,N20,VIIRS,n,2,310.53,10.57,D,0
19.80428,80.1623,342.95,0.57,0.43,2022-03-31,812,N20,VIIRS,n,2,314.65,6.56,D,0
19.80442,80.21452,337.29,0.57,0.43,2022-03-31,812,N20,VIIRS,l,2,310.18,3.26,D,0
19.805,80.21909,353.97,0.38,0.43,2022-03-31,812,N20,VIIRS,n,2,312.56,15.6,D,0
19.80546,80.22269,354.08,0.38,0.43,2022-03-31,812,N20,VIIRS,n,2,316.25,15.6,D,0
19.80564,79.94447,341.12,0.55,0.43,2022-03-31,812,N20,VIIRS,l,2,314.32,16.18,D,0
19.80614,80.16457,343.5,0.57,0.43,2022-03-31,812,N20,VIIRS,n,2,314.21,7.0,D,0
19.80945,80.22215,343.34,0.38,0.43,2022-03-31,812,N20,VIIRS,n,2,311.01,4.96,D,0
19.81141,80.22124,343.89,0.38,0.43,2022-03-31,812,N20,VIIRS,n,2,312.15,4.51,D,0
19.82406,80.98154,335.11,0.43,0.46,2022-03-31,812,N20,VIIRS,l,2,307.11,4.11,D,0
19.82454,81.05785,337.22,0.43,0.46,2022-03-31,812,N20,VIIRS,n,2,307.06,2.97,D,0
19.82467,80.37388,335.64,0.39,0.44,2022-03-31,812,N20,VIIRS,l,2,310.47,0.96,D,0
19.82762,81.1574,331.01,0.44,0.46,2022-03-31,812,N20,VIIRS,l,2,302.32,1.95,D,0
19.82837,81.09042,341.6,0.43,0.46,2022-03-31,812,N20,VIIRS,n,2,306.73,6.2,D,0
19.83054,81.18246,345.47,0.44,0.46,2022-03-31,812,N20,VIIRS,n,2,306.12,4.13,D,0
19.83305,81.09381,339.61,0.43,0.46,2022-03-31,812,N20,VIIRS,n,2,306.04,3.23,D,0
19.83555,80.90015,334.9,0.42,0.45,2022-03-31,812,N20,VIIRS,l,2,309.78,3.17,D,0
19.84205,80.17353,336.84,0.57,0.43,2022-03-31,812,N20,VIIRS,l,2,310.69,7.07,D,0
19.84822,79.96542,352.07,0.56,0.43,2022-03-31,812,N20,VIIRS,n,2,316.8,7.5,D,0
19.85772,81.04938,333.1,0.43,0.46,2022-03-31,812,N20,VIIRS,l,2,306.04,2.33,D,0
19.85838,81.09064,330.09,0.43,0.46,2022-03-31,812,N20,VIIRS,l,2,303.72,2.58,D,0
19.86148,81.04507,330.31,0.43,0.46,2022-03-31,812,N20,VIIRS,l,2,304.38,3.02,D,0
19.86716,81.02134,337.49,0.43,0.46,2022-03-31,812,N20,VIIRS,l,2,307.97,6.68,D,0
19.87881,80.33943,338.81,0.39,0.44,2022-03-31,812,N20,VIIRS,l,2,313.58,3.47,D,0
19.8822,81.03973,335.16,0.43,0.46,2022-03-31,812,N20,VIIRS,l,2,308.32,2.87,D,0
19.88509,80.22614,336.14,0.38,0.43,2022-03-31,812,N20,VIIRS,l,2,309.66,4.64,D,0
19.88644,81.03947,336.99,0.43,0.46,2022-03-31,812,N20,VIIRS,n,2,307.53,2.63,D,0
19.8914,81.01017,336.91,0.43,0.46,2022-03-31,812,N20,VIIRS,l,2,309.55,4.88,D,0
19.89707,80.91814,336.51,0.42,0.45,2022-03-31,812,N20,VIIRS,l,2,310.58,3.3,D,0
19.90797,81.11067,341.49,0.43,0.46,2022-03-31,812,N20,VIIRS,n,2,305.61,4.12,D,0
19.91139,80.2412,342.52,0.38,0.44,2022-03-31,812,N20,VIIRS,n,2,310.77,4.13,D,0
19.91337,80.79439,333.54,0.42,0.45,2022-03-31,812,N20,VIIRS,l,2,308.53,3.26,D,0
19.91493,81.2387,349.13,0.44,0.46,2022-03-31,812,N20,VIIRS,n,2,309.68,6.15,D,0
19.91518,80.36847,338.87,0.39,0.44,2022-03-31,812,N20,VIIRS,l,2,311.95,2.17,D,0
19.91536,80.40268,349.82,0.39,0.44,2022-03-31,812,N20,VIIRS,n,2,315.42,5.84,D,0
19.91543,81.24282,341.69,0.44,0.46,2022-03-31,812,N20,VIIRS,n,2,307.98,6.15,D,0
19.91918,81.23804,344.02,0.44,0.46,2022-03-31,812,N20,VIIRS,n,2,308.66,3.9,D,0
19.92372,78.82352,348.61,0.48,0.4,2022-03-31,812,N20,VIIRS,n,2,323.28,5.06,D,0
19.92539,80.82446,355.4,0.42,0.45,2022-03-31,812,N20,VIIRS,n,2,309.94,11.53,D,0
19.92607,80.38982,340.08,0.39,0.44,2022-03-31,812,N20,VIIRS,l,2,312.18,2.73,D,0
19.9264,80.29528,342.38,0.39,0.44,2022-03-31,812,N20,VIIRS,n,2,311.86,4.98,D,0
19.92673,80.83562,341.62,0.42,0.45,2022-03-31,812,N20,VIIRS,n,2,307.47,4.95,D,0
19.92789,80.16009,346.87,0.57,0.43,2022-03-31,812,N20,VIIRS,n,2,315.53,15.71,D,0
19.92802,80.3403,336.57,0.39,0.44,2022-03-31,812,N20,VIIRS,l,2,310.28,1.81,D,0
19.92946,78.5558,350.78,0.47,0.4,2022-03-31,812,N20,VIIRS,n,2,325.73,7.03,D,0
19.93628,80.37321,343.74,0.39,0.44,2022-03-31,812,N20,VIIRS,n,2,312.83,6.76,D,0
19.93735,80.37328,345.2,0.39,0.44,2022-03-31,812,N20,VIIRS,n,2,313.12,6.23,D,0
19.94648,80.14668,346.18,0.57,0.43,2022-03-31,812,N20,VIIRS,n,2,315.36,7.78,D,0
19.94702,80.49085,339.15,0.4,0.44,2022-03-31,812,N20,VIIRS,n,2,306.79,2.07,D,0
19.9482,79.99852,347.09,0.56,0.43,2022-03-31,812,N20,VIIRS,l,2,319.54,21.23,D,0
19.94887,80.00389,352.74,0.56,0.43,2022-03-31,812,N20,VIIRS,n,2,319.88,21.23,D,0
19.96214,80.04565,342.28,0.56,0.43,2022-03-31,812,N20,VIIRS,n,2,316.38,4.71,D,0
19.96559,80.36938,344.56,0.39,0.44,2022-03-31,812,N20,VIIRS,n,2,312.74,7.94,D,0
19.9656,80.1054,341.42,0.57,0.43,2022-03-31,812,N20,VIIRS,l,2,314.93,4.41,D,0
19.96774,80.31983,333.93,0.39,0.44,2022-03-31,812,N20,VIIRS,l,2,308.63,2.82,D,0
19.9688,80.39581,336.46,0.39,0.44,2022-03-31,812,N20,VIIRS,l,2,307.92,1.52,D,0
19.97131,80.31561,339.18,0.39,0.44,2022-03-31,812,N20,VIIRS,l,2,311.29,4.28,D,0
19.97169,80.48792,342.76,0.4,0.44,2022-03-31,812,N20,VIIRS,n,2,310.17,6.45,D,0
19.97177,80.31931,343.89,0.39,0.44,2022-03-31,812,N20,VIIRS,n,2,310.97,4.28,D,0
19.97218,79.55318,345.43,0.53,0.42,2022-03-31,812,N20,VIIRS,n,2,314.25,7.14,D,0
19.97306,80.29657,338.65,0.39,0.44,2022-03-31,812,N20,VIIRS,n,2,310.8,2.71,D,0
19.97491,80.11522,340.08,0.57,0.43,2022-03-31,812,N20,VIIRS,l,2,313.31,3.59,D,0
19.97602,79.55267,342.14,0.53,0.42,2022-03-31,812,N20,VIIRS,n,2,313.86,3.31,D,0
19.98627,79.54098,341.81,0.53,0.42,2022-03-31,812,N20,VIIRS,n,2,316.67,4.84,D,0
19.47767,80.64329,309.03,0.48,0.48,2022-03-31,2041,N20,VIIRS,n,2,297.91,2.6,N,0
19.5733,80.1395,311.77,0.45,0.47,2022-03-31,2041,N20,VIIRS,n,2,297.07,1.64,N,0
19.57755,80.14027,309.93,0.45,0.47,2022-03-31,2041,N20,VIIRS,n,2,298.25,1.64,N,0
19.62585,80.37029,309.15,0.46,0.47,2022-03-31,2041,N20,VIIRS,n,2,297.01,2.1,N,0
19.63989,80.60642,308.99,0.48,0.48,2022-03-31,2041,N20,VIIRS,n,2,298.62,2.79,N,0
19.64567,79.8812,317.43,0.43,0.46,2022-03-31,2041,N20,VIIRS,n,2,297.99,3.44,N,0
19.65197,80.38549,308.8,0.46,0.47,2022-03-31,2041,N20,VIIRS,n,2,298.75,3.25,N,0
19.65322,80.11261,311.51,0.44,0.46,2022-03-31,2041,N20,VIIRS,n,2,297.78,2.6,N,0
19.67213,79.87843,313.13,0.43,0.46,2022-03-31,2041,N20,VIIRS,n,2,296.99,1.91,N,0
19.68595,80.64923,309.08,0.48,0.48,2022-03-31,2041,N20,VIIRS,n,2,297.81,2.45,N,0
19.68769,80.64024,309.8,0.48,0.48,2022-03-31,2041,N20,VIIRS,n,2,298.4,3.22,N,0
19.69286,80.63694,313.56,0.48,0.48,2022-03-31,2041,N20,VIIRS,n,2,298.75,3.46,N,0
19.69291,80.63832,313.87,0.48,0.48,2022-03-31,2041,N20,VIIRS,n,2,298.82,3.22,N,0
19.69562,81.35321,305.44,0.53,0.5,2022-03-31,2041,N20,VIIRS,n,2,294.69,1.65,N,0
19.71839,80.06992,314.0,0.44,0.46,2022-03-31,2041,N20,VIIRS,n,2,298.89,3.18,N,0
19.72228,80.67326,308.57,0.48,0.48,2022-03-31,2041,N20,VIIRS,n,2,297.39,2.29,N,0
19.73976,80.02742,311.24,0.44,0.46,2022-03-31,2041,N20,VIIRS,n,2,298.32,2.61,N,0
19.74154,79.83066,307.87,0.43,0.46,2022-03-31,2041,N20,VIIRS,n,2,296.96,1.15,N,0
19.7588,79.58059,312.32,0.41,0.45,2022-03-31,2041,N20,VIIRS,n,2,296.88,1.18,N,0
19.7612,80.00655,309.91,0.44,0.46,2022-03-31,2041,N20,VIIRS,n,2,297.97,1.41,N,0
19.76286,79.5815,313.06,0.41,0.45,2022-03-31,2041,N20,VIIRS,n,2,296.68,1.18,N,0
19.7646,80.0115,316.02,0.44,0.46,2022-03-31,2041,N20,VIIRS,n,2,298.39,1.41,N,0
19.76538,80.00742,310.96,0.44,0.46,2022-03-31,2041,N20,VIIRS,n,2,298.08,1.41,N,0
19.76878,80.01239,322.66,0.44,0.46,2022-03-31,2041,N20,VIIRS,n,2,298.84,3.84,N,0
19.77218,80.0173,315.83,0.44,0.46,2022-03-31,2041,N20,VIIRS,n,2,298.75,3.27,N,0
19.77713,80.01415,311.71,0.44,0.46,2022-03-31,2041,N20,VIIRS,n,2,298.45,2.3,N,0
19.78671,79.14642,311.47,0.39,0.44,2022-03-31,2041,N20,VIIRS,n,2,298.71,2.42,N,2
19.79685,80.22708,313.27,0.45,0.47,2022-03-31,2041,N20,VIIRS,n,2,297.57,2.79,N,0
19.81456,80.99226,311.98,0.5,0.49,2022-03-31,2041,N20,VIIRS,n,2,298.07,3.76,N,0
19.82141,81.07552,312.94,0.51,0.49,2022-03-31,2041,N20,VIIRS,n,2,294.72,2.1,N,0
19.82296,81.07822,310.23,0.51,0.49,2022-03-31,2041,N20,VIIRS,n,2,294.39,1.93,N,0
19.85355,81.01891,308.74,0.5,0.49,2022-03-31,2041,N20,VIIRS,n,2,297.76,2.63,N,0
19.85727,81.04658,336.0,0.5,0.49,2022-03-31,2041,N20,VIIRS,n,2,297.74,5.13,N,0
19.85809,81.04247,340.57,0.5,0.49,2022-03-31,2041,N20,VIIRS,n,2,299.26,5.13,N,0
19.8625,81.04362,308.89,0.5,0.49,2022-03-31,2041,N20,VIIRS,n,2,298.27,5.13,N,0
19.88092,80.77018,310.96,0.48,0.48,2022-03-31,2041,N20,VIIRS,n,2,297.58,3.75,N,0
19.91443,81.10989,308.39,0.51,0.49,2022-03-31,2041,N20,VIIRS,n,2,297.87,2.82,N,0
19.92261,79.11502,311.91,0.38,0.43,2022-03-31,2041,N20,VIIRS,n,2,299.98,1.56,N,2
19.94198,80.82924,311.92,0.49,0.48,2022-03-31,2041,N20,VIIRS,n,2,298.37,3.4,N,0
19.94998,78.66019,305.46,0.54,0.42,2022-03-31,2041,N20,VIIRS,n,2,293.88,1.17,N,0
19.98595,78.39722,305.01,0.52,0.42,2022-03-31,2041,N20,VIIRS,n,2,293.8,2.57,N,0
17.65631,77.6091,303.5,0.51,0.41,2022-03-31,2042,N20,VIIRS,n,2,293.33,0.81,N,0
17.72196,77.1442,301.36,0.49,0.4,2022-03-31,2042,N20,VIIRS,n,2,290.83,0.36,N,0
18.09791,77.10275,302.65,0.48,0.4,2022-03-31,2042,N20,VIIRS,n,2,292.32,0.73,N,0
18.32814,77.56039,316.13,0.5,0.41,2022-03-31,2042,N20,VIIRS,n,2,295.5,1.44,N,0
18.329,77.55567,308.34,0.5,0.41,2022-03-31,2042,N20,VIIRS,n,2,294.06,1.44,N,0
18.33075,77.25437,318.52,0.48,0.4,2022-03-31,2042,N20,VIIRS,n,2,294.88,2.05,N,0
18.33106,77.23119,303.86,0.48,0.4,2022-03-31,2042,N20,VIIRS,n,2,293.47,0.94,N,0
18.33184,77.56116,314.61,0.5,0.41,2022-03-31,2042,N20,VIIRS,n,2,295.81,1.44,N,0
18.51129,77.86156,325.57,0.52,0.41,2022-03-31,2042,N20,VIIRS,n,2,298.48,5.28,N,0
18.51386,78.06363,307.83,0.53,0.42,2022-03-31,2042,N20,VIIRS,n,2,295.41,2.01,N,0
18.53438,78.0369,308.25,0.53,0.42,2022-03-31,2042,N20,VIIRS,n,2,295.37,2.1,N,0
18.66592,78.51779,308.64,0.56,0.43,2022-03-31,2042,N20,VIIRS,n,2,297.34,2.8,N,0
18.67165,78.50843,307.67,0.56,0.43,2022-03-31,2042,N20,VIIRS,n,2,295.72,2.55,N,0
18.72052,79.5334,312.92,0.43,0.46,2022-03-31,2042,N20,VIIRS,n,2,299.53,1.08,N,0
18.72177,78.01283,315.42,0.52,0.42,2022-03-31,2042,N20,VIIRS,n,2,298.48,3.08,N,0
18.72466,79.53419,320.35,0.43,0.46,2022-03-31,2042,N20,VIIRS,n,2,300.38,3.03,N,0
18.84399,79.50368,309.35,0.42,0.45,2022-03-31,2042,N20,VIIRS,n,2,298.84,2.09,N,0
18.94786,77.34013,310.95,0.48,0.4,2022-03-31,2042,N20,VIIRS,n,2,297.32,2.03,N,0
19.01966,77.82854,307.1,0.51,0.41,2022-03-31,2042,N20,VIIRS,n,2,295.85,1.47,N,0
19.02141,77.82674,309.6,0.5,0.41,2022-03-31,2042,N20,VIIRS,n,2,295.79,1.34,N,0
19.02169,80.10407,310.94,0.46,0.47,2022-03-31,2042,N20,VIIRS,n,2,298.4,1.36,N,0
19.02248,80.0999,310.51,0.46,0.47,2022-03-31,2042,N20,VIIRS,n,2,298.14,1.36,N,0
19.02406,80.09161,310.63,0.46,0.47,2022-03-31,2042,N20,VIIRS,n,2,298.36,1.19,N,0
19.02755,80.09653,314.65,0.46,0.47,2022-03-31,2042,N20,VIIRS,n,2,298.67,1.19,N,0
19.02832,80.09247,311.62,0.46,0.47,2022-03-31,2042,N20,VIIRS,n,2,298.35,1.19,N,0
19.08255,79.75993,312.59,0.43,0.46,2022-03-31,2042,N20,VIIRS,n,2,296.93,1.74,N,0
19.08672,79.76077,314.87,0.43,0.46,2022-03-31,2042,N20,VIIRS,n,2,297.43,1.25,N,0
19.09088,79.76163,311.38,0.43,0.46,2022-03-31,2042,N20,VIIRS,n,2,296.84,1.25,N,0
19.09974,78.88484,313.0,0.38,0.43,2022-03-31,2042,N20,VIIRS,n,2,298.43,1.8,N,0
19.10369,78.88563,313.62,0.38,0.43,2022-03-31,2042,N20,VIIRS,n,2,298.11,1.8,N,0
19.11376,78.4777,313.35,0.55,0.42,2022-03-31,2042,N20,VIIRS,n,2,296.86,1.78,N,0
19.1157,78.60364,305.95,0.55,0.43,2022-03-31,2042,N20,VIIRS,n,2,294.11,1.01,N,0
19.11763,78.47839,310.72,0.55,0.42,2022-03-31,2042,N20,VIIRS,n,2,296.63,1.78,N,0
19.12914,78.85867,312.56,0.57,0.43,2022-03-31,2042,N20,VIIRS,n,2,296.36,2.34,N,0
19.13124,78.49143,306.72,0.55,0.42,2022-03-31,2042,N20,VIIRS,n,2,295.03,2.3,N,0
19.13217,78.49406,308.69,0.55,0.42,2022-03-31,2042,N20,VIIRS,n,2,295.64,2.21,N,0
19.1613,78.17056,306.22,0.52,0.42,2022-03-31,2042,N20,VIIRS,n,2,294.65,0.78,N,0
19.1634,78.82259,308.88,0.57,0.43,2022-03-31,2042,N20,VIIRS,n,2,297.66,1.69,N,0
19.1646,78.82114,311.35,0.57,0.43,2022-03-31,2042,N20,VIIRS,n,2,297.52,3.36,N,0
19.16645,78.80653,309.48,0.57,0.43,2022-03-31,2042,N20,VIIRS,n,2,296.99,3.32,N,0
19.16656,78.81037,314.65,0.57,0.43,2022-03-31,2042,N20,VIIRS,n,2,298.68,3.85,N,0
19.16733,78.82336,308.76,0.57,0.43,2022-03-31,2042,N20,VIIRS,n,2,297.3,1.69,N,0
19.18775,78.86664,309.7,0.57,0.43,2022-03-31,2042,N20,VIIRS,n,2,296.01,3.22,N,0
19.1917,78.32298,309.23,0.53,0.42,2022-03-31,2042,N20,VIIRS,n,2,294.71,1.57,N,0
19.20817,78.341,312.45,0.53,0.42,2022-03-31,2042,N20,VIIRS,n,2,297.04,1.77,N,0
19.20909,78.33601,308.76,0.53,0.42,2022-03-31,2042,N20,VIIRS,n,2,296.01,1.77,N,0
19.2168,78.53983,308.33,0.55,0.43,2022-03-31,2042,N20,VIIRS,n,2,296.43,2.54,N,0
19.21905,78.54378,307.53,0.55,0.43,2022-03-31,2042,N20,VIIRS,n,2,295.24,2.56,N,0
19.23094,78.45594,310.52,0.54,0.42,2022-03-31,2042,N20,VIIRS,n,2,294.93,2.77,N,0
19.24785,78.82858,310.36,0.57,0.43,2022-03-31,2042,N20,VIIRS,n,2,297.12,2.44,N,0
19.2653,78.73376,309.29,0.56,0.43,2022-03-31,2042,N20,VIIRS,n,2,297.07,2.78,N,0
19.28364,77.00085,308.45,0.46,0.39,2022-03-31,2042,N20,VIIRS,n,2,290.44,1.0,N,0
19.28677,77.90811,314.54,0.51,0.41,2022-03-31,2042,N20,VIIRS,n,2,298.19,2.32,N,0
19.29206,78.00764,314.83,0.51,0.41,2022-03-31,2042,N20,VIIRS,n,2,297.98,2.57,N,0
19.30378,78.26418,307.51,0.53,0.42,2022-03-31,2042,N20,VIIRS,n,2,296.52,2.1,N,0
19.30772,80.09126,309.9,0.45,0.47,2022-03-31,2042,N20,VIIRS,n,2,296.71,1.68,N,0
19.30913,77.91237,312.91,0.51,0.41,2022-03-31,2042,N20,VIIRS,n,2,298.15,2.62,N,0
19.31462,78.20522,309.51,0.52,0.42,2022-03-31,2042,N20,VIIRS,n,2,296.57,2.68,N,0
19.35299,80.60603,310.9,0.48,0.48,2022-03-31,2042,N20,VIIRS,n,2,298.06,2.61,N,0
19.35461,78.1576,309.12,0.52,0.42,2022-03-31,2042,N20,VIIRS,n,2,298.52,3.75,N,0
19.35547,78.15286,341.74,0.52,0.41,2022-03-31,2042,N20,VIIRS,n,2,298.99,7.07,N,0
19.35754,78.16301,319.56,0.52,0.42,2022-03-31,2042,N20,VIIRS,n,2,299.34,4.31,N,0
19.35926,78.15352,313.85,0.52,0.41,2022-03-31,2042,N20,VIIRS,n,2,297.9,3.44,N,0
19.36507,78.16454,307.82,0.52,0.42,2022-03-31,2042,N20,VIIRS,n,2,296.96,1.26,N,0
19.36571,80.13393,308.53,0.45,0.47,2022-03-31,2042,N20,VIIRS,n,2,297.83,1.95,N,0
19.36594,78.15977,306.54,0.52,0.42,2022-03-31,2042,N20,VIIRS,n,2,296.27,1.26,N,0
19.36907,80.13302,309.03,0.45,0.47,2022-03-31,2042,N20,VIIRS,n,2,297.61,2.46,N,0
19.37354,78.09616,307.9,0.52,0.41,2022-03-31,2042,N20,VIIRS,n,2,297.55,2.64,N,0
19.37673,78.1216,308.36,0.52,0.41,2022-03-31,2042,N20,VIIRS,n,2,296.35,2.31,N,0
19.38021,78.27235,307.99,0.53,0.42,2022-03-31,2042,N20,VIIRS,n,2,295.19,1.51,N,0
19.38133,78.27006,307.85,0.53,0.42,2022-03-31,2042,N20,VIIRS,n,2,295.01,1.17,N,0
19.38677,78.1742,314.17,0.52,0.42,2022-03-31,2042,N20,VIIRS,n,2,296.72,1.89,N,0
19.39054,78.175,312.43,0.52,0.42,2022-03-31,2042,N20,VIIRS,n,2,296.95,1.89,N,0
19.41102,80.09873,313.46,0.45,0.47,2022-03-31,2042,N20,VIIRS,n,2,296.75,1.92,N,0
19.41525,80.09964,307.66,0.45,0.47,2022-03-31,2042,N20,VIIRS,n,2,296.03,1.11,N,0
19.41734,80.4888,308.92,0.47,0.48,2022-03-31,2042,N20,VIIRS,n,2,296.67,1.07,N,0
19.42169,80.48963,307.33,0.47,0.48,2022-03-31,2042,N20,VIIRS,n,2,297.14,0.94,N,0
19.44295,78.2085,308.14,0.52,0.42,2022-03-31,2042,N20,VIIRS,n,2,296.89,2.31,N,0
19.44611,80.14536,307.91,0.45,0.47,2022-03-31,2042,N20,VIIRS,n,2,296.66,1.47,N,0
19.44955,80.15046,306.97,0.45,0.47,2022-03-31,2042,N20,VIIRS,n,2,296.65,1.88,N,0
19.45295,80.5144,307.87,0.48,0.48,2022-03-31,2042,N20,VIIRS,n,2,297.29,2.73,N,0
19.45618,80.13881,310.66,0.45,0.47,2022-03-31,2042,N20,VIIRS,n,2,297.63,2.27,N,0
19.46042,80.13971,309.44,0.45,0.47,2022-03-31,2042,N20,VIIRS,n,2,297.25,1.95,N,0
19.46124,80.13535,310.25,0.45,0.47,2022-03-31,2042,N20,VIIRS,n,2,296.55,1.95,N,0
19.46135,78.61537,305.88,0.55,0.43,2022-03-31,2042,N20,VIIRS,n,2,293.49,1.11,N,0
19.46394,78.45159,310.31,0.54,0.42,2022-03-31,2042,N20,VIIRS,n,2,295.36,1.89,N,0
19.46403,80.13956,313.56,0.45,0.47,2022-03-31,2042,N20,VIIRS,n,2,297.36,1.99,N,0
19.46464,80.14066,322.37,0.45,0.47,2022-03-31,2042,N20,VIIRS,n,2,297.55,1.95,N,0
19.46489,80.13519,320.72,0.45,0.47,2022-03-31,2042,N20,VIIRS,n,2,297.19,1.99,N,0
19.46545,80.13639,323.2,0.45,0.47,2022-03-31,2042,N20,VIIRS,n,2,297.55,1.95,N,0
19.46825,80.1405,319.77,0.45,0.47,2022-03-31,2042,N20,VIIRS,n,2,296.48,1.99,N,0
19.47701,78.23653,317.23,0.52,0.42,2022-03-31,2042,N20,VIIRS,n,2,294.71,1.47,N,0
19.47791,78.23158,305.79,0.52,0.42,2022-03-31,2042,N20,VIIRS,n,2,293.81,1.47,N,0
19.49115,77.69514,321.3,0.49,0.4,2022-03-31,2042,N20,VIIRS,n,2,290.72,2.04,N,0
19.4943,77.69383,317.81,0.49,0.4,2022-03-31,2042,N20,VIIRS,n,2,290.55,2.38,N,0
19.49546,78.45271,304.61,0.54,0.42,2022-03-31,2042,N20,VIIRS,n,2,293.81,0.74,N,0
19.51461,79.44888,319.41,0.41,0.45,2022-03-31,2042,N20,VIIRS,n,2,299.15,3.09,N,0
19.51827,78.43643,310.01,0.54,0.42,2022-03-31,2042,N20,VIIRS,n,2,293.42,1.28,N,0
19.52209,78.43719,313.77,0.54,0.42,2022-03-31,2042,N20,VIIRS,n,2,293.05,1.28,N,0
19.52788,78.44884,311.15,0.54,0.42,2022-03-31,2042,N20,VIIRS,n,2,294.14,1.63,N,0
19.53123,80.17966,307.49,0.45,0.47,2022-03-31,2042,N20,VIIRS,n,2,297.44,1.57,N,0
19.54251,78.28234,306.88,0.52,0.42,2022-03-31,2042,N20,VIIRS,n,2,295.69,1.78,N,0
19.54632,78.28297,308.49,0.52,0.42,2022-03-31,2042,N20,VIIRS,n,2,297.3,2.96,N,0
19.55367,79.99451,309.94,0.44,0.46,2022-03-31,2042,N20,VIIRS,n,2,298.22,1.75,N,0
19.5538,77.25181,306.08,0.47,0.39,2022-03-31,2042,N20,VIIRS,n,2,295.04,1.55,N,0
19.55446,79.99039,314.71,0.44,0.46,2022-03-31,2042,N20,VIIRS,n,2,298.52,1.75,N,0
19.55525,79.98629,312.28,0.44,0.46,2022-03-31,2042,N20,VIIRS,n,2,297.93,2.11,N,0
19.57288,78.37498,315.23,0.53,0.42,2022-03-31,2042,N20,VIIRS,n,2,296.61,1.86,N,0
19.57385,80.14106,313.59,0.45,0.47,2022-03-31,2042,N20,VIIRS,n,2,298.02,2.17,N,0
19.5754,78.37725,319.8,0.53,0.42,2022-03-31,2042,N20,VIIRS,n,2,298.73,4.79,N,0
19.57666,78.37592,312.1,0.53,0.42,2022-03-31,2042,N20,VIIRS,n,2,297.57,4.13,N,0
19.57731,78.38815,313.61,0.53,0.42,2022-03-31,2042,N20,VIIRS,n,2,299.12,3.07,N,0
19.57865,78.38676,312.23,0.53,0.42,2022-03-31,2042,N20,VIIRS,n,2,298.84,3.74,N,0
19.60999,79.34348,324.21,0.4,0.44,2022-03-31,2042,N20,VIIRS,n,2,300.72,3.76,N,0
19.63221,79.34052,310.51,0.4,0.44,2022-03-31,2042,N20,VIIRS,n,2,300.26,3.2,N,0
19.63847,79.37339,313.11,0.4,0.44,2022-03-31,2042,N20,VIIRS,n,2,299.16,2.71,N,0
19.65262,78.23541,306.05,0.52,0.41,2022-03-31,2042,N20,VIIRS,n,2,295.2,1.69,N,0
19.65302,79.17809,308.05,0.39,0.44,2022-03-31,2042,N20,VIIRS,n,2,297.57,1.64,N,0
19.65749,79.02007,322.66,0.38,0.43,2022-03-31,2042,N20,VIIRS,n,2,298.96,2.72,N,0
19.65813,79.01659,309.79,0.38,0.43,2022-03-31,2042,N20,VIIRS,n,2,297.86,3.56,N,0
19.66202,79.01768,308.82,0.38,0.43,2022-03-31,2042,N20,VIIRS,n,2,298.39,3.16,N,0
19.67147,78.9443,313.48,0.57,0.43,2022-03-31,2042,N20,VIIRS,n,2,298.98,3.86,N,0
19.67611,78.23515,311.57,0.52,0.41,2022-03-31,2042,N20,VIIRS,n,2,295.26,1.55,N,0
19.67628,78.91823,311.53,0.57,0.43,2022-03-31,2042,N20,VIIRS,n,2,298.9,3.48,N,0
19.69268,78.27311,308.47,0.52,0.42,2022-03-31,2042,N20,VIIRS,n,2,297.23,2.61,N,0
19.69903,77.68935,311.66,0.49,0.4,2022-03-31,2042,N20,VIIRS,n,2,298.22,2.08,N,0
19.70889,78.28909,307.37,0.52,0.42,2022-03-31,2042,N20,VIIRS,n,2,296.58,2.36,N,0
19.70983,78.28408,314.13,0.52,0.42,2022-03-31,2042,N20,VIIRS,n,2,297.29,3.21,N,0
19.71063,78.28207,311.38,0.52,0.42,2022-03-31,2042,N20,VIIRS,n,2,297.08,3.57,N,0
19.71868,78.06387,312.84,0.51,0.41,2022-03-31,2042,N20,VIIRS,n,2,293.06,1.65,N,0
19.72041,78.05425,324.08,0.51,0.41,2022-03-31,2042,N20,VIIRS,n,2,296.53,3.38,N,0
19.75569,78.1623,317.75,0.51,0.41,2022-03-31,2042,N20,VIIRS,n,2,298.08,3.69,N,0
19.76104,78.04883,309.19,0.51,0.41,2022-03-31,2042,N20,VIIRS,n,2,297.78,2.04,N,0
19.7744,78.16619,312.15,0.51,0.41,2022-03-31,2042,N20,VIIRS,n,2,298.51,3.19,N,0
19.77616,78.15653,318.26,0.51,0.41,2022-03-31,2042,N20,VIIRS,n,2,298.82,3.48,N,0
19.77987,78.15746,333.17,0.51,0.41,2022-03-31,2042,N20,VIIRS,n,2,299.96,5.67,N,0
19.78181,78.16815,310.9,0.51,0.41,2022-03-31,2042,N20,VIIRS,n,2,297.52,3.52,N,0
19.80575,77.88815,308.39,0.5,0.41,2022-03-31,2042,N20,VIIRS,n,2,295.83,1.76,N,0
19.98612,77.72583,333.32,0.48,0.4,2022-03-31,2042,N20,VIIRS,n,2,304.01,8.3,N,0
19.98692,77.72139,312.21,0.48,0.4,2022-03-31,2042,N20,VIIRS,n,2,299.64,4.73,N,0
19.98978,77.72651,331.09,0.48,0.4,2022-03-31,2042,N20,VIIRS,n,2,302.82,3.5,N,0
19.99058,77.72202,316.4,0.48,0.4,2022-03-31,2042,N20,VIIRS,n,2,300.58,4.87,N,0
19.99344,77.72718,323.21,0.48,0.4,2022-03-31,2042,N20,VIIRS,n,2,300.93,3.5,N,0
15.69634,78.45282,339.77,0.43,0.38,2022-04-01,752,N20,VIIRS,l,2,312.55,4.89,D,0
15.70909,78.76756,339.02,0.42,0.37,2022-04-01,752,N20,VIIRS,n,2,308.69,4.1,D,0
15.7097,78.77133,341.84,0.42,0.37,2022-04-01,752,N20,VIIRS,n,2,308.26,5.89,D,0
15.71187,78.76313,339.13,0.42,0.37,2022-04-01,752,N20,VIIRS,n,2,307.14,4.27,D,0
15.71311,78.77073,334.34,0.42,0.37,2022-04-01,752,N20,VIIRS,n,2,306.79,5.06,D,0
15.71373,78.77453,342.29,0.42,0.37,2022-04-01,752,N20,VIIRS,n,2,309.85,5.06,D,0
15.89047,78.84703,339.81,0.41,0.37,2022-04-01,752,N20,VIIRS,n,2,307.82,3.57,D,0
16.06441,78.35828,338.83,0.43,0.38,2022-04-01,752,N20,VIIRS,n,2,310.53,3.85,D,0
16.09678,78.43318,342.15,0.42,0.38,2022-04-01,752,N20,VIIRS,l,2,308.42,4.35,D,0
16.16175,79.22517,336.42,0.4,0.37,2022-04-01,752,N20,VIIRS,l,2,309.22,2.65,D,0
16.41367,78.99743,350.83,0.4,0.37,2022-04-01,752,N20,VIIRS,n,2,313.33,25.81,D,0
16.41427,79.00117,340.73,0.4,0.37,2022-04-01,752,N20,VIIRS,n,2,308.41,2.59,D,0
16.41704,78.99685,347.91,0.4,0.37,2022-04-01,752,N20,VIIRS,n,2,316.04,43.82,D,0
16.41764,79.00058,342.61,0.4,0.37,2022-04-01,752,N20,VIIRS,n,2,309.9,3.11,D,0
16.41824,79.0043,344.16,0.4,0.37,2022-04-01,752,N20,VIIRS,n,2,309.26,3.11,D,0
16.42101,78.99999,342.74,0.4,0.37,2022-04-01,752,N20,VIIRS,n,2,307.64,3.11,D,0
16.42161,79.00371,337.97,0.4,0.37,2022-04-01,752,N20,VIIRS,l,2,310.01,3.11,D,0
16.66483,77.68087,347.61,0.45,0.39,2022-04-01,752,N20,VIIRS,l,2,314.66,7.21,D,0
16.80218,80.21234,333.86,0.39,0.36,2022-04-01,752,N20,VIIRS,n,2,303.19,1.79,D,0
16.80515,77.97678,340.48,0.43,0.38,2022-04-01,752,N20,VIIRS,l,2,312.17,11.24,D,0
16.96567,78.7,338.51,0.41,0.37,2022-04-01,752,N20,VIIRS,l,2,311.56,6.34,D,0
17.18807,77.81045,344.6,0.44,0.38,2022-04-01,752,N20,VIIRS,l,2,317.76,8.42,D,0
17.24285,78.6747,337.37,0.41,0.37,2022-04-01,752,N20,VIIRS,l,2,311.33,3.93,D,0
17.25738,81.26998,337.02,0.39,0.36,2022-04-01,752,N20,VIIRS,n,2,301.52,5.08,D,0
17.3418,80.85624,332.37,0.39,0.36,2022-04-01,752,N20,VIIRS,l,2,304.65,5.52,D,0
17.49973,78.05282,348.89,0.42,0.38,2022-04-01,752,N20,VIIRS,l,2,322.39,10.35,D,0
17.50318,78.05221,350.34,0.42,0.38,2022-04-01,752,N20,VIIRS,l,2,322.71,17.07,D,0
17.5515,77.77212,350.55,0.43,0.38,2022-04-01,752,N20,VIIRS,n,2,323.98,9.94,D,0
17.57331,80.88406,335.49,0.39,0.36,2022-04-01,752,N20,VIIRS,n,2,304.1,4.35,D,0
17.60313,77.44999,349.07,0.45,0.39,2022-04-01,752,N20,VIIRS,n,2,321.68,10.58,D,0
17.64801,80.25602,348.72,0.38,0.36,2022-04-01,752,N20,VIIRS,n,2,308.99,7.07,D,0
17.64932,79.60404,342.24,0.39,0.36,2022-04-01,752,N20,VIIRS,n,2,308.31,4.46,D,0
17.68706,78.18918,351.02,0.42,0.38,2022-04-01,752,N20,VIIRS,n,2,321.64,9.73,D,0
17.69235,80.23343,335.01,0.38,0.36,2022-04-01,752,N20,VIIRS,l,2,308.99,3.53,D,0
17.69886,77.58677,345.72,0.44,0.38,2022-04-01,752,N20,VIIRS,l,2,318.24,9.64,D,0
17.70427,78.38223,345.74,0.41,0.37,2022-04-01,752,N20,VIIRS,l,2,316.51,9.47,D,0
17.70767,78.38163,348.31,0.41,0.37,2022-04-01,752,N20,VIIRS,n,2,316.35,12.99,D,0
17.73455,80.39959,336.71,0.38,0.36,2022-04-01,752,N20,VIIRS,n,2,305.63,3.19,D,0
17.81284,80.58207,331.43,0.38,0.36,2022-04-01,752,N20,VIIRS,l,2,306.1,1.58,D,0
17.82231,79.90875,345.36,0.39,0.36,2022-04-01,752,N20,VIIRS,n,2,305.01,5.11,D,0
17.83018,80.04797,331.24,0.38,0.36,2022-04-01,752,N20,VIIRS,l,2,305.91,1.7,D,0
17.85539,80.43475,334.79,0.38,0.36,2022-04-01,752,N20,VIIRS,l,2,306.12,3.19,D,0
17.8708,80.4027,334.64,0.38,0.36,2022-04-01,752,N20,VIIRS,l,2,306.92,2.58,D,0
17.89812,81.06078,335.71,0.39,0.36,2022-04-01,752,N20,VIIRS,n,2,304.32,2.79,D,0
17.90487,80.38231,337.13,0.38,0.36,2022-04-01,752,N20,VIIRS,l,2,307.31,2.95,D,0
17.91468,81.24107,337.27,0.39,0.36,2022-04-01,752,N20,VIIRS,n,2,303.35,1.35,D,0
17.97483,80.50671,348.24,0.38,0.36,2022-04-01,752,N20,VIIRS,n,2,305.83,5.34,D,0
17.98767,80.32381,330.9,0.38,0.36,2022-04-01,752,N20,VIIRS,l,2,305.36,0.65,D,0
17.99532,80.3742,332.55,0.38,0.36,2022-04-01,752,N20,VIIRS,l,2,304.41,1.28,D,0
17.99587,80.3778,330.01,0.38,0.36,2022-04-01,752,N20,VIIRS,l,2,304.76,1.28,D,0
18.01458,80.29643,333.73,0.38,0.36,2022-04-01,752,N20,VIIRS,l,2,306.27,1.58,D,0
18.01896,80.32524,340.46,0.38,0.36,2022-04-01,752,N20,VIIRS,n,2,308.71,1.82,D,0
18.03545,80.10098,333.59,0.38,0.36,2022-04-01,752,N20,VIIRS,l,2,307.84,2.21,D,0
18.05219,79.13982,335.26,0.39,0.36,2022-04-01,752,N20,VIIRS,l,2,310.19,2.91,D,0
18.05931,80.54752,332.79,0.38,0.36,2022-04-01,752,N20,VIIRS,l,2,307.69,2.86,D,0
18.0673,80.28768,333.72,0.38,0.36,2022-04-01,752,N20,VIIRS,l,2,306.99,1.98,D,0
18.07685,81.2146,339.78,0.39,0.36,2022-04-01,752,N20,VIIRS,n,2,307.96,2.33,D,0
18.07716,80.33035,336.71,0.38,0.36,2022-04-01,752,N20,VIIRS,n,2,305.96,2.46,D,0
18.07982,80.70695,337.84,0.39,0.36,2022-04-01,752,N20,VIIRS,n,2,305.9,5.39,D,0
18.08995,81.11889,335.87,0.39,0.36,2022-04-01,752,N20,VIIRS,l,2,307.24,1.44,D,0
18.09034,80.32816,343.59,0.38,0.36,2022-04-01,752,N20,VIIRS,n,2,305.41,5.98,D,0
18.10027,80.23788,339.42,0.38,0.36,2022-04-01,752,N20,VIIRS,n,2,308.06,4.12,D,0
18.12026,78.34821,343.79,0.41,0.37,2022-04-01,752,N20,VIIRS,n,2,317.6,11.44,D,0
18.1364,80.92787,335.97,0.39,0.36,2022-04-01,752,N20,VIIRS,l,2,306.71,2.08,D,0
18.13901,80.40092,335.4,0.38,0.36,2022-04-01,752,N20,VIIRS,l,2,308.16,3.57,D,0
18.13955,80.40453,336.6,0.38,0.36,2022-04-01,752,N20,VIIRS,n,2,306.43,3.57,D,0
18.14721,80.43282,339.45,0.38,0.36,2022-04-01,752,N20,VIIRS,n,2,306.79,3.99,D,0
18.17097,80.9781,334.52,0.39,0.36,2022-04-01,752,N20,VIIRS,l,2,306.15,1.5,D,0
18.17348,80.88093,345.45,0.39,0.36,2022-04-01,752,N20,VIIRS,n,2,307.51,4.95,D,0
18.17699,79.32544,344.24,0.39,0.36,2022-04-01,752,N20,VIIRS,n,2,309.43,4.68,D,0
18.18801,78.20154,347.52,0.41,0.37,2022-04-01,752,N20,VIIRS,l,2,319.76,8.82,D,0
18.19079,78.19707,347.11,0.41,0.37,2022-04-01,752,N20,VIIRS,n,2,320.39,8.82,D,0
18.1942,78.19646,367.0,0.41,0.37,2022-04-01,752,N20,VIIRS,h,2,321.34,8.41,D,0
18.19483,78.20036,351.06,0.41,0.37,2022-04-01,752,N20,VIIRS,n,2,320.82,8.41,D,0
18.19823,78.19976,344.82,0.41,0.37,2022-04-01,752,N20,VIIRS,n,2,316.16,8.41,D,0
18.20415,78.21464,345.38,0.41,0.37,2022-04-01,752,N20,VIIRS,l,2,315.42,5.72,D,0
18.20693,78.21018,341.06,0.41,0.37,2022-04-01,752,N20,VIIRS,l,2,314.8,5.72,D,0
18.20755,78.21403,344.34,0.41,0.37,2022-04-01,752,N20,VIIRS,l,2,314.89,5.72,D,0
18.20877,80.39308,337.67,0.38,0.36,2022-04-01,752,N20,VIIRS,l,2,308.2,1.57,D,0
18.21261,80.39614,341.8,0.38,0.36,2022-04-01,752,N20,VIIRS,n,2,308.71,1.91,D,0
18.22098,80.85795,334.84,0.39,0.36,2022-04-01,752,N20,VIIRS,l,2,307.25,1.05,D,0
18.22631,80.41973,334.79,0.38,0.36,2022-04-01,752,N20,VIIRS,l,2,308.9,1.45,D,0
18.22961,80.4192,333.32,0.38,0.36,2022-04-01,752,N20,VIIRS,l,2,308.0,1.02,D,0
18.24126,78.05502,344.53,0.42,0.38,2022-04-01,752,N20,VIIRS,l,2,319.16,8.41,D,0
18.24653,79.83933,336.47,0.39,0.36,2022-04-01,752,N20,VIIRS,l,2,309.82,2.18,D,0
18.26035,81.10161,345.88,0.39,0.36,2022-04-01,752,N20,VIIRS,n,2,309.68,3.05,D,0
18.26216,80.33981,332.9,0.38,0.36,2022-04-01,752,N20,VIIRS,l,2,306.98,1.28,D,0
18.26232,81.02272,341.26,0.39,0.36,2022-04-01,752,N20,VIIRS,n,2,308.15,2.37,D,0
18.26713,81.32985,346.16,0.39,0.36,2022-04-01,752,N20,VIIRS,n,2,303.94,6.25,D,0
18.28019,80.96007,335.69,0.39,0.36,2022-04-01,752,N20,VIIRS,l,2,307.93,1.72,D,0
18.28028,80.3479,338.78,0.38,0.36,2022-04-01,752,N20,VIIRS,n,2,308.25,2.98,D,0
18.28118,77.33525,367.0,0.44,0.39,2022-04-01,752,N20,VIIRS,l,2,327.75,1.92,D,0
18.2812,80.98978,340.59,0.39,0.36,2022-04-01,752,N20,VIIRS,n,2,307.72,3.01,D,0
18.28174,80.99343,341.74,0.39,0.36,2022-04-01,752,N20,VIIRS,n,2,308.26,3.62,D,0
18.28187,77.33937,367.0,0.44,0.39,2022-04-01,752,N20,VIIRS,l,2,328.87,0.95,D,0
18.28255,77.34348,367.0,0.44,0.39,2022-04-01,752,N20,VIIRS,l,2,325.44,0.95,D,0
18.28538,77.33873,356.39,0.44,0.39,2022-04-01,752,N20,VIIRS,n,2,329.89,7.81,D,0
18.28606,77.34282,352.28,0.44,0.39,2022-04-01,752,N20,VIIRS,l,2,328.69,7.81,D,0
18.29461,80.26418,349.3,0.38,0.36,2022-04-01,752,N20,VIIRS,n,2,308.62,4.0,D,0
18.30257,81.04237,333.86,0.39,0.36,2022-04-01,752,N20,VIIRS,l,2,308.18,1.03,D,0
18.31711,80.30112,348.36,0.38,0.36,2022-04-01,752,N20,VIIRS,n,2,308.76,5.05,D,0
18.32095,80.30418,337.33,0.38,0.36,2022-04-01,752,N20,VIIRS,l,2,308.84,1.58,D,0
18.3247,81.03129,336.82,0.39,0.36,2022-04-01,752,N20,VIIRS,l,2,307.18,1.34,D,0
18.32801,81.03075,334.8,0.39,0.36,2022-04-01,752,N20,VIIRS,l,2,306.62,1.44,D,0
18.32839,80.53234,332.68,0.38,0.36,2022-04-01,752,N20,VIIRS,l,2,307.01,1.72,D,0
18.32867,80.98952,338.99,0.39,0.36,2022-04-01,752,N20,VIIRS,n,2,309.22,2.9,D,0
18.32922,80.99317,336.94,0.39,0.36,2022-04-01,752,N20,VIIRS,l,2,308.3,2.23,D,0
18.32999,80.952,338.86,0.39,0.36,2022-04-01,752,N20,VIIRS,n,2,307.47,1.68,D,0
18.33249,80.29116,333.72,0.38,0.36,2022-04-01,752,N20,VIIRS,l,2,307.19,1.81,D,0
18.33315,80.83591,333.82,0.39,0.36,2022-04-01,752,N20,VIIRS,l,2,308.17,1.05,D,0
18.33391,81.39476,332.77,0.39,0.36,2022-04-01,752,N20,VIIRS,l,2,306.71,1.15,D,0
18.33599,80.96967,336.06,0.39,0.36,2022-04-01,752,N20,VIIRS,n,2,307.23,2.1,D,0
18.33633,80.29421,333.38,0.38,0.36,2022-04-01,752,N20,VIIRS,l,2,307.84,2.44,D,0
18.34115,80.10069,334.66,0.38,0.36,2022-04-01,752,N20,VIIRS,l,2,309.15,2.11,D,0
18.34276,80.04491,344.7,0.38,0.36,2022-04-01,752,N20,VIIRS,n,2,308.34,3.77,D,0
18.34548,80.94202,333.53,0.39,0.36,2022-04-01,752,N20,VIIRS,l,2,307.65,2.2,D,0
18.34889,80.3994,336.31,0.38,0.36,2022-04-01,752,N20,VIIRS,n,2,307.52,0.91,D,0
18.35265,80.30959,334.19,0.38,0.36,2022-04-01,752,N20,VIIRS,l,2,306.68,1.27,D,0
18.35309,80.9706,336.72,0.39,0.36,2022-04-01,752,N20,VIIRS,n,2,307.1,1.78,D,0
18.36042,80.92838,337.4,0.39,0.36,2022-04-01,752,N20,VIIRS,l,2,309.76,2.87,D,0
18.36857,80.03688,342.88,0.38,0.36,2022-04-01,752,N20,VIIRS,n,2,308.8,3.83,D,0
18.38014,80.24583,340.33,0.38,0.36,2022-04-01,752,N20,VIIRS,n,2,308.93,2.31,D,0
18.38663,80.37792,343.03,0.38,0.36,2022-04-01,752,N20,VIIRS,n,2,309.31,2.98,D,0
18.38999,80.31078,345.84,0.38,0.36,2022-04-01,752,N20,VIIRS,n,2,307.79,2.9,D,0
18.39572,81.09854,340.61,0.39,0.36,2022-04-01,752,N20,VIIRS,n,2,307.48,1.8,D,0
18.39717,80.2245,338.28,0.38,0.36,2022-04-01,752,N20,VIIRS,n,2,310.27,2.12,D,0
18.4,81.26707,336.18,0.39,0.36,2022-04-01,752,N20,VIIRS,n,2,305.47,1.26,D,0
18.40944,80.96151,336.61,0.39,0.36,2022-04-01,752,N20,VIIRS,l,2,307.4,1.31,D,0
18.41065,80.49242,338.65,0.38,0.36,2022-04-01,752,N20,VIIRS,l,2,308.75,4.06,D,0
18.42859,81.02198,337.47,0.39,0.36,2022-04-01,752,N20,VIIRS,l,2,309.44,2.14,D,0
18.43007,81.07794,336.23,0.39,0.36,2022-04-01,752,N20,VIIRS,l,2,307.16,2.19,D,0
18.43447,81.24644,336.11,0.39,0.36,2022-04-01,752,N20,VIIRS,n,2,306.03,2.97,D,0
18.4514,78.24593,351.46,0.41,0.37,2022-04-01,752,N20,VIIRS,n,2,322.27,9.78,D,0
18.45197,78.24592,356.05,0.41,0.37,2022-04-01,752,N20,VIIRS,l,2,325.0,31.44,D,0
18.47249,80.22668,345.4,0.38,0.36,2022-04-01,752,N20,VIIRS,n,2,309.9,2.97,D,0
18.47358,80.25611,339.05,0.38,0.36,2022-04-01,752,N20,VIIRS,n,2,309.19,1.82,D,0
18.47469,80.21891,336.41,0.38,0.36,2022-04-01,752,N20,VIIRS,l,2,308.83,2.05,D,0
18.47687,80.25555,340.65,0.38,0.36,2022-04-01,752,N20,VIIRS,n,2,308.45,2.16,D,0
18.48525,80.58386,336.39,0.39,0.36,2022-04-01,752,N20,VIIRS,l,2,309.49,2.41,D,0
18.49609,78.52499,345.43,0.4,0.37,2022-04-01,752,N20,VIIRS,n,2,313.82,6.61,D,0
18.49645,80.45229,338.38,0.38,0.36,2022-04-01,752,N20,VIIRS,l,2,309.23,2.42,D,0
18.49755,78.52468,347.55,0.4,0.37,2022-04-01,752,N20,VIIRS,n,2,313.95,8.41,D,0
18.50008,80.56657,339.06,0.39,0.36,2022-04-01,752,N20,VIIRS,l,2,311.29,5.61,D,0
18.50559,78.38214,344.29,0.41,0.37,2022-04-01,752,N20,VIIRS,l,2,317.22,8.16,D,0
18.50912,78.06004,348.45,0.42,0.37,2022-04-01,752,N20,VIIRS,l,2,321.74,12.62,D,0
18.52465,80.25871,334.53,0.38,0.36,2022-04-01,752,N20,VIIRS,l,2,307.16,2.35,D,0
18.52642,80.58443,337.71,0.39,0.36,2022-04-01,752,N20,VIIRS,l,2,311.44,2.92,D,0
18.52968,80.81091,337.19,0.39,0.36,2022-04-01,752,N20,VIIRS,n,2,308.48,1.3,D,0
18.53012,80.29482,337.38,0.38,0.36,2022-04-01,752,N20,VIIRS,l,2,307.84,1.79,D,0
18.53124,80.25761,334.41,0.38,0.36,2022-04-01,752,N20,VIIRS,l,2,307.67,1.96,D,0
18.54107,80.34485,333.03,0.38,0.36,2022-04-01,752,N20,VIIRS,l,2,307.36,1.77,D,0
18.54908,78.1734,348.59,0.41,0.37,2022-04-01,752,N20,VIIRS,l,2,321.56,9.65,D,0
18.54915,78.30743,343.87,0.41,0.37,2022-04-01,752,N20,VIIRS,l,2,318.4,10.33,D,0
18.54967,78.18077,350.05,0.41,0.37,2022-04-01,752,N20,VIIRS,l,2,321.26,7.95,D,0
18.55029,78.18461,349.47,0.41,0.37,2022-04-01,752,N20,VIIRS,l,2,319.4,7.95,D,0
18.55036,78.18115,356.31,0.41,0.37,2022-04-01,752,N20,VIIRS,n,2,320.57,8.08,D,0
18.55099,78.18499,346.85,0.41,0.37,2022-04-01,752,N20,VIIRS,l,2,319.01,8.08,D,0
18.55247,78.17278,349.1,0.41,0.37,2022-04-01,752,N20,VIIRS,l,2,323.23,9.65,D,0
18.55938,79.53172,340.12,0.39,0.36,2022-04-01,752,N20,VIIRS,n,2,312.21,4.02,D,0
18.5711,80.13879,335.54,0.38,0.36,2022-04-01,752,N20,VIIRS,l,2,309.24,2.81,D,0
18.57165,80.1424,341.38,0.38,0.36,2022-04-01,752,N20,VIIRS,n,2,310.66,4.14,D,0
18.57243,79.81609,338.33,0.38,0.36,2022-04-01,752,N20,VIIRS,l,2,310.03,2.3,D,0
18.5734,80.74036,340.89,0.39,0.36,2022-04-01,752,N20,VIIRS,n,2,306.85,2.84,D,0
18.57394,80.74402,332.61,0.39,0.36,2022-04-01,752,N20,VIIRS,l,2,307.18,1.86,D,0
18.58169,78.32961,348.91,0.41,0.37,2022-04-01,752,N20,VIIRS,n,2,321.74,9.54,D,0
18.58373,80.13297,343.04,0.38,0.36,2022-04-01,752,N20,VIIRS,n,2,308.55,2.53,D,0
18.58482,80.52292,344.38,0.38,0.36,2022-04-01,752,N20,VIIRS,n,2,309.76,2.84,D,0
18.58703,80.13242,342.85,0.38,0.36,2022-04-01,752,N20,VIIRS,n,2,308.83,2.8,D,0
18.58757,80.09158,337.49,0.38,0.36,2022-04-01,752,N20,VIIRS,l,2,308.82,1.86,D,0
18.59008,80.67068,342.14,0.39,0.36,2022-04-01,752,N20,VIIRS,n,2,310.5,5.0,D,0
18.59086,80.09103,334.42,0.38,0.36,2022-04-01,752,N20,VIIRS,l,2,308.92,1.86,D,0
18.61334,80.01685,341.66,0.38,0.36,2022-04-01,752,N20,VIIRS,n,2,309.71,4.05,D,0
18.61394,80.17606,338.75,0.38,0.36,2022-04-01,752,N20,VIIRS,l,2,309.77,4.99,D,0
18.61502,80.07216,340.32,0.38,0.36,2022-04-01,752,N20,VIIRS,n,2,310.2,4.96,D,0
18.61557,80.07578,337.48,0.38,0.36,2022-04-01,752,N20,VIIRS,l,2,308.88,2.42,D,0
18.61723,80.17551,353.15,0.38,0.36,2022-04-01,752,N20,VIIRS,n,2,310.77,4.99,D,0
18.61886,80.07522,334.43,0.38,0.36,2022-04-01,752,N20,VIIRS,l,2,308.45,1.49,D,0
18.62215,80.25247,340.25,0.38,0.36,2022-04-01,752,N20,VIIRS,n,2,308.63,2.65,D,0
18.62432,78.73405,338.3,0.4,0.37,2022-04-01,752,N20,VIIRS,l,2,312.97,6.21,D,0
18.65056,80.41818,336.14,0.38,0.36,2022-04-01,752,N20,VIIRS,l,2,310.79,2.32,D,0
18.65443,78.04582,349.59,0.42,0.37,2022-04-01,752,N20,VIIRS,l,2,321.08,10.23,D,0
18.65646,79.78688,341.5,0.38,0.36,2022-04-01,752,N20,VIIRS,l,2,311.84,2.9,D,0
18.66304,78.59632,344.29,0.4,0.37,2022-04-01,752,N20,VIIRS,l,2,318.32,8.42,D,0
18.66617,80.11534,337.62,0.38,0.36,2022-04-01,752,N20,VIIRS,l,2,308.17,2.47,D,0
18.66769,80.33011,333.15,0.38,0.36,2022-04-01,752,N20,VIIRS,l,2,306.44,1.34,D,0
18.67119,80.60052,337.67,0.39,0.36,2022-04-01,752,N20,VIIRS,l,2,309.99,1.27,D,0
18.67134,80.48891,333.97,0.38,0.36,2022-04-01,752,N20,VIIRS,l,2,308.26,1.45,D,0
18.67464,80.48836,332.8,0.38,0.36,2022-04-01,752,N20,VIIRS,l,2,307.49,0.98,D,0
18.6798,79.96108,338.78,0.38,0.36,2022-04-01,752,N20,VIIRS,l,2,310.42,2.51,D,0
18.69628,79.9583,341.33,0.38,0.36,2022-04-01,752,N20,VIIRS,n,2,308.55,2.7,D,0
18.69794,79.96915,342.02,0.38,0.36,2022-04-01,752,N20,VIIRS,n,2,308.55,4.14,D,0
18.70054,80.77446,335.68,0.39,0.36,2022-04-01,752,N20,VIIRS,l,2,307.18,1.75,D,0
18.72005,78.01784,349.37,0.42,0.37,2022-04-01,752,N20,VIIRS,l,2,318.04,12.64,D,0
18.72311,79.5369,343.73,0.39,0.36,2022-04-01,752,N20,VIIRS,l,2,315.97,7.0,D,0
18.72848,79.92276,335.99,0.38,0.36,2022-04-01,752,N20,VIIRS,l,2,309.5,2.11,D,0
18.7655,80.32487,351.23,0.38,0.36,2022-04-01,752,N20,VIIRS,n,2,310.19,5.46,D,0
18.77915,80.12193,340.58,0.38,0.36,2022-04-01,752,N20,VIIRS,n,2,309.36,1.55,D,0
18.78134,80.0919,338.11,0.38,0.36,2022-04-01,752,N20,VIIRS,l,2,310.75,3.38,D,0
18.78408,80.08773,342.18,0.38,0.36,2022-04-01,752,N20,VIIRS,n,2,312.06,3.91,D,0
18.78846,80.2279,336.29,0.38,0.36,2022-04-01,752,N20,VIIRS,l,2,309.98,1.82,D,0
18.79176,80.22736,337.78,0.38,0.36,2022-04-01,752,N20,VIIRS,l,2,308.47,1.45,D,0
18.79988,80.5532,344.21,0.39,0.36,2022-04-01,752,N20,VIIRS,n,2,311.23,4.28,D,0
18.8011,80.22209,338.41,0.38,0.36,2022-04-01,752,N20,VIIRS,n,2,308.28,1.85,D,0
18.80219,80.22932,355.63,0.38,0.36,2022-04-01,752,N20,VIIRS,n,2,309.68,8.48,D,0
18.80439,80.22153,345.39,0.38,0.36,2022-04-01,752,N20,VIIRS,n,2,308.57,2.46,D,0
18.81152,80.04604,340.23,0.38,0.36,2022-04-01,752,N20,VIIRS,n,2,311.01,3.77,D,0
18.81207,80.04965,337.11,0.38,0.36,2022-04-01,752,N20,VIIRS,n,2,309.91,3.03,D,0
18.81317,80.2349,340.83,0.38,0.36,2022-04-01,752,N20,VIIRS,n,2,308.66,1.55,D,0
18.81374,80.12726,343.37,0.38,0.36,2022-04-01,752,N20,VIIRS,n,2,310.16,2.98,D,0
18.81455,80.65123,341.31,0.39,0.36,2022-04-01,752,N20,VIIRS,n,2,308.42,4.73,D,0
18.8151,80.65488,346.5,0.39,0.36,2022-04-01,752,N20,VIIRS,n,2,310.11,4.73,D,0
18.81647,80.23435,335.21,0.38,0.36,2022-04-01,752,N20,VIIRS,l,2,307.68,1.55,D,0
18.81881,81.09258,330.05,0.39,0.36,2022-04-01,752,N20,VIIRS,l,2,304.83,1.28,D,0
18.81922,80.23019,338.13,0.38,0.36,2022-04-01,752,N20,VIIRS,l,2,308.59,2.67,D,0
18.81934,81.09624,332.99,0.39,0.36,2022-04-01,752,N20,VIIRS,l,2,303.97,1.28,D,0
18.82197,80.22602,340.73,0.38,0.36,2022-04-01,752,N20,VIIRS,n,2,310.05,2.67,D,0
18.82581,80.22909,342.1,0.38,0.36,2022-04-01,752,N20,VIIRS,n,2,310.56,5.71,D,0
18.8291,80.22854,349.3,0.38,0.36,2022-04-01,752,N20,VIIRS,n,2,311.26,5.71,D,0
18.83736,80.14926,346.42,0.38,0.36,2022-04-01,752,N20,VIIRS,n,2,311.38,4.38,D,0
18.83845,80.20101,339.64,0.38,0.36,2022-04-01,752,N20,VIIRS,l,2,311.66,2.8,D,0
18.8401,80.14509,339.77,0.38,0.36,2022-04-01,752,N20,VIIRS,l,2,311.67,3.98,D,0
18.84192,80.53838,336.81,0.39,0.36,2022-04-01,752,N20,VIIRS,l,2,309.74,3.93,D,0
18.84246,80.54198,336.02,0.39,0.36,2022-04-01,752,N20,VIIRS,l,2,308.04,1.74,D,0
18.84326,80.38947,342.37,0.38,0.36,2022-04-01,752,N20,VIIRS,l,2,313.57,5.89,D,0
18.85328,80.1874,340.52,0.38,0.36,2022-04-01,752,N20,VIIRS,l,2,312.52,2.72,D,0
18.86159,80.10432,342.96,0.38,0.36,2022-04-01,752,N20,VIIRS,n,2,312.08,3.84,D,0
18.86214,80.10793,338.2,0.38,0.36,2022-04-01,752,N20,VIIRS,l,2,311.32,2.54,D,0
18.86379,80.11879,344.55,0.38,0.36,2022-04-01,752,N20,VIIRS,n,2,312.16,3.01,D,0
18.86983,80.11407,337.37,0.38,0.36,2022-04-01,752,N20,VIIRS,l,2,310.84,2.74,D,0
18.90277,80.06401,341.09,0.38,0.36,2022-04-01,752,N20,VIIRS,n,2,310.06,2.67,D,0
18.90607,80.65068,336.75,0.39,0.36,2022-04-01,752,N20,VIIRS,l,2,310.22,1.93,D,0
18.90938,80.65014,335.66,0.39,0.36,2022-04-01,752,N20,VIIRS,l,2,308.48,2.03,D,0
18.91665,80.51469,341.78,0.39,0.36,2022-04-01,752,N20,VIIRS,n,2,309.98,5.79,D,0
18.91995,80.51416,354.8,0.39,0.36,2022-04-01,752,N20,VIIRS,n,2,310.52,5.79,D,0
18.92458,80.38705,336.91,0.38,0.36,2022-04-01,752,N20,VIIRS,l,2,310.95,2.47,D,0
18.93504,79.41353,337.18,0.39,0.36,2022-04-01,752,N20,VIIRS,l,2,310.6,1.94,D,0
18.94671,80.60292,338.22,0.39,0.36,2022-04-01,752,N20,VIIRS,l,2,310.92,1.9,D,0
18.98385,80.4441,338.57,0.39,0.36,2022-04-01,752,N20,VIIRS,l,2,309.52,2.82,D,0
18.992,80.52096,336.3,0.39,0.36,2022-04-01,752,N20,VIIRS,l,2,309.14,1.98,D,0
18.99359,80.5542,348.15,0.39,0.36,2022-04-01,752,N20,VIIRS,n,2,310.05,5.32,D,0
18.99689,80.55366,353.8,0.39,0.36,2022-04-01,752,N20,VIIRS,n,2,314.46,18.93,D,0
18.99744,80.5573,347.69,0.39,0.36,2022-04-01,752,N20,VIIRS,n,2,312.42,18.93,D,0
19.00019,80.55312,346.41,0.39,0.36,2022-04-01,752,N20,VIIRS,n,2,314.49,18.93,D,0
19.0035,80.55257,344.08,0.39,0.36,2022-04-01,752,N20,VIIRS,n,2,316.81,14.72,D,0
19.00569,80.29445,341.02,0.38,0.36,2022-04-01,752,N20,VIIRS,n,2,310.03,2.75,D,0
19.0068,80.55202,349.05,0.39,0.36,2022-04-01,752,N20,VIIRS,n,2,312.36,14.72,D,0
19.00684,80.23481,341.93,0.38,0.36,2022-04-01,752,N20,VIIRS,l,2,312.59,3.52,D,0
19.00735,80.55566,341.92,0.39,0.36,2022-04-01,752,N20,VIIRS,n,2,308.39,14.72,D,0
19.00953,80.29752,338.66,0.38,0.36,2022-04-01,752,N20,VIIRS,l,2,309.0,4.03,D,0
19.01011,80.55149,348.24,0.39,0.36,2022-04-01,752,N20,VIIRS,n,2,312.18,3.75,D,0
19.01065,80.55513,334.22,0.39,0.36,2022-04-01,752,N20,VIIRS,l,2,308.57,3.75,D,0
19.0118,80.04461,343.13,0.38,0.36,2022-04-01,752,N20,VIIRS,l,2,313.76,4.49,D,0
19.0129,80.52496,339.18,0.39,0.36,2022-04-01,752,N20,VIIRS,l,2,312.09,4.09,D,0
19.01341,80.55096,346.87,0.39,0.36,2022-04-01,752,N20,VIIRS,n,2,311.67,3.75,D,0
19.0162,80.52442,338.14,0.39,0.36,2022-04-01,752,N20,VIIRS,l,2,309.98,4.09,D,0
19.01671,80.55041,337.2,0.39,0.36,2022-04-01,752,N20,VIIRS,l,2,310.35,4.71,D,0
19.0206,80.10255,343.49,0.38,0.36,2022-04-01,752,N20,VIIRS,n,2,311.89,4.42,D,0
19.0211,79.99477,336.35,0.38,0.36,2022-04-01,752,N20,VIIRS,l,2,310.57,2.49,D,0
19.0228,80.09475,345.91,0.38,0.36,2022-04-01,752,N20,VIIRS,n,2,312.88,4.59,D,0
19.02335,80.09837,344.58,0.38,0.36,2022-04-01,752,N20,VIIRS,n,2,311.75,4.59,D,0
19.0239,80.5306,346.31,0.39,0.36,2022-04-01,752,N20,VIIRS,n,2,309.87,6.2,D,0
19.02444,80.53424,341.34,0.39,0.36,2022-04-01,752,N20,VIIRS,n,2,308.94,2.05,D,0
19.02938,80.09364,339.15,0.38,0.36,2022-04-01,752,N20,VIIRS,l,2,311.34,3.43,D,0
19.03001,80.54716,341.51,0.39,0.36,2022-04-01,752,N20,VIIRS,n,2,312.45,4.45,D,0
19.03011,80.50243,342.5,0.39,0.36,2022-04-01,752,N20,VIIRS,n,2,310.71,3.77,D,0
19.042,80.04324,336.44,0.38,0.36,2022-04-01,752,N20,VIIRS,l,2,311.12,1.1,D,0
19.04918,81.18393,333.29,0.39,0.36,2022-04-01,752,N20,VIIRS,l,2,307.06,1.34,D,0
19.05251,81.18336,332.74,0.39,0.36,2022-04-01,752,N20,VIIRS,n,2,307.21,1.34,D,0
19.05756,80.52771,352.04,0.39,0.36,2022-04-01,752,N20,VIIRS,n,2,311.68,4.77,D,0
19.06642,80.49644,337.52,0.39,0.36,2022-04-01,752,N20,VIIRS,l,2,310.15,2.05,D,0
19.06693,80.52244,346.29,0.39,0.36,2022-04-01,752,N20,VIIRS,n,2,310.48,4.44,D,0
19.06697,80.50007,337.73,0.39,0.36,2022-04-01,752,N20,VIIRS,l,2,309.83,2.05,D,0
19.06805,80.50734,344.21,0.39,0.36,2022-04-01,752,N20,VIIRS,n,2,311.19,3.74,D,0
19.07978,80.36009,347.98,0.38,0.36,2022-04-01,752,N20,VIIRS,n,2,310.32,5.74,D,0
19.08439,80.59415,335.03,0.39,0.36,2022-04-01,752,N20,VIIRS,l,2,309.59,2.32,D,0
19.08493,80.59779,337.71,0.39,0.36,2022-04-01,752,N20,VIIRS,l,2,308.93,2.41,D,0
19.08791,81.3802,339.04,0.4,0.37,2022-04-01,752,N20,VIIRS,n,2,307.92,1.78,D,0
19.0905,80.56701,334.14,0.39,0.36,2022-04-01,752,N20,VIIRS,l,2,308.51,2.64,D,0
19.09435,80.57011,342.2,0.39,0.36,2022-04-01,752,N20,VIIRS,n,2,308.37,3.09,D,0
19.09511,80.43952,340.56,0.39,0.36,2022-04-01,752,N20,VIIRS,n,2,310.72,2.28,D,0
19.11158,80.45914,338.33,0.39,0.36,2022-04-01,752,N20,VIIRS,l,2,311.95,2.56,D,0
19.12848,80.57196,336.63,0.39,0.36,2022-04-01,752,N20,VIIRS,l,2,308.17,3.29,D,0
19.12894,80.62041,334.31,0.39,0.36,2022-04-01,752,N20,VIIRS,l,2,309.18,1.92,D,0
19.12902,80.57561,346.06,0.39,0.36,2022-04-01,752,N20,VIIRS,n,2,310.84,5.98,D,0
19.12957,80.57925,339.99,0.39,0.36,2022-04-01,752,N20,VIIRS,n,2,308.21,5.98,D,0
19.15623,80.96492,332.36,0.39,0.36,2022-04-01,752,N20,VIIRS,l,2,306.04,2.96,D,0
18.7913,77.45177,367.0,0.43,0.38,2022-04-01,753,N20,VIIRS,l,2,326.94,1.78,D,0
18.79198,77.45586,367.0,0.43,0.38,2022-04-01,753,N20,VIIRS,l,2,327.68,1.78,D,0
18.79409,77.44706,367.0,0.43,0.38,2022-04-01,753,N20,VIIRS,l,2,327.22,2.58,D,0
18.79478,77.45117,354.17,0.43,0.38,2022-04-01,753,N20,VIIRS,n,2,327.03,1.78,D,0
18.79757,77.44643,367.0,0.43,0.38,2022-04-01,753,N20,VIIRS,l,2,327.99,2.23,D,0
18.79826,77.45052,367.0,0.43,0.38,2022-04-01,753,N20,VIIRS,l,2,325.34,1.76,D,0
18.9155,77.11029,367.0,0.45,0.39,2022-04-01,753,N20,VIIRS,l,2,326.5,14.52,D,0
18.9162,77.11445,351.58,0.45,0.39,2022-04-01,753,N20,VIIRS,n,2,323.46,5.08,D,0
18.91972,77.11375,367.0,0.45,0.39,2022-04-01,753,N20,VIIRS,l,2,326.26,5.08,D,0
18.92041,77.11792,367.0,0.45,0.39,2022-04-01,753,N20,VIIRS,l,2,326.01,5.08,D,0
18.97711,78.81301,339.78,0.4,0.37,2022-04-01,753,N20,VIIRS,l,2,314.09,6.02,D,0
18.98013,78.81615,342.09,0.4,0.37,2022-04-01,753,N20,VIIRS,l,2,315.41,25.17,D,0
18.99036,78.83726,343.08,0.39,0.37,2022-04-01,753,N20,VIIRS,l,2,314.25,5.44,D,0
19.04766,79.72256,340.34,0.38,0.36,2022-04-01,753,N20,VIIRS,l,2,311.6,7.47,D,0
19.06235,79.97291,339.29,0.38,0.36,2022-04-01,753,N20,VIIRS,n,2,310.26,2.15,D,0
19.07884,79.99242,335.35,0.38,0.36,2022-04-01,753,N20,VIIRS,l,2,309.73,3.41,D,0
19.09116,79.76358,340.01,0.38,0.36,2022-04-01,753,N20,VIIRS,l,2,310.29,3.16,D,0
19.09202,79.9902,351.08,0.38,0.36,2022-04-01,753,N20,VIIRS,n,2,312.41,4.01,D,0
19.0939,79.75939,348.02,0.38,0.36,2022-04-01,753,N20,VIIRS,n,2,310.22,4.33,D,0
19.09441,79.74069,340.96,0.38,0.36,2022-04-01,753,N20,VIIRS,n,2,310.06,2.4,D,0
19.09531,79.98965,346.39,0.38,0.36,2022-04-01,753,N20,VIIRS,n,2,310.74,4.54,D,0
19.10584,78.55608,347.96,0.4,0.37,2022-04-01,753,N20,VIIRS,l,2,317.07,9.88,D,0
19.10703,78.88566,349.99,0.39,0.36,2022-04-01,753,N20,VIIRS,n,2,311.59,7.91,D,0
19.11926,78.66154,352.52,0.4,0.37,2022-04-01,753,N20,VIIRS,n,2,323.85,16.09,D,0
19.11936,78.89867,347.23,0.39,0.36,2022-04-01,753,N20,VIIRS,n,2,313.74,6.13,D,0
19.1226,78.66095,343.65,0.4,0.37,2022-04-01,753,N20,VIIRS,l,2,315.78,16.09,D,0
19.12677,78.85928,343.58,0.39,0.36,2022-04-01,753,N20,VIIRS,l,2,316.64,6.56,D,0
19.12783,78.16891,347.5,0.41,0.37,2022-04-01,753,N20,VIIRS,l,2,320.68,9.02,D,0
19.13669,79.81502,344.92,0.38,0.36,2022-04-01,753,N20,VIIRS,n,2,313.41,8.88,D,0
19.13943,79.81083,347.36,0.38,0.36,2022-04-01,753,N20,VIIRS,n,2,311.39,6.68,D,0
19.14643,80.57646,344.31,0.39,0.36,2022-04-01,753,N20,VIIRS,n,2,308.21,4.31,D,0
19.14914,78.52519,348.14,0.4,0.37,2022-04-01,753,N20,VIIRS,n,2,320.35,6.71,D,0
19.14973,80.5759,338.16,0.39,0.36,2022-04-01,753,N20,VIIRS,n,2,308.52,2.17,D,0
19.15153,79.82365,339.34,0.38,0.36,2022-04-01,753,N20,VIIRS,l,2,310.68,2.53,D,0
19.15401,78.18002,346.23,0.41,0.37,2022-04-01,753,N20,VIIRS,l,2,321.18,11.6,D,0
19.15427,79.81947,337.53,0.38,0.36,2022-04-01,753,N20,VIIRS,l,2,311.26,2.53,D,0
19.15463,78.18388,367.0,0.41,0.37,2022-04-01,753,N20,VIIRS,l,2,325.46,9.04,D,0
19.15483,79.8231,340.88,0.38,0.36,2022-04-01,753,N20,VIIRS,n,2,310.47,2.53,D,0
19.15501,80.40721,346.98,0.39,0.36,2022-04-01,753,N20,VIIRS,n,2,312.97,2.61,D,0
19.15556,80.41085,337.31,0.39,0.36,2022-04-01,753,N20,VIIRS,l,2,311.42,2.61,D,0
19.15832,80.40667,350.08,0.39,0.36,2022-04-01,753,N20,VIIRS,n,2,313.55,7.09,D,0
19.15879,80.45502,341.38,0.39,0.36,2022-04-01,753,N20,VIIRS,l,2,311.95,3.59,D,0
19.16108,78.43765,355.85,0.4,0.37,2022-04-01,753,N20,VIIRS,n,2,318.59,9.25,D,0
19.163,78.80722,344.5,0.39,0.37,2022-04-01,753,N20,VIIRS,l,2,314.86,5.89,D,0
19.16476,78.81837,344.85,0.39,0.37,2022-04-01,753,N20,VIIRS,l,2,315.8,5.69,D,0
19.18155,78.4147,344.99,0.4,0.37,2022-04-01,753,N20,VIIRS,l,2,319.8,5.7,D,0
19.18217,78.41848,347.54,0.4,0.37,2022-04-01,753,N20,VIIRS,n,2,320.33,5.7,D,0
19.18526,80.40592,344.84,0.39,0.36,2022-04-01,753,N20,VIIRS,n,2,314.11,5.14,D,0
19.18628,78.86793,341.78,0.39,0.36,2022-04-01,753,N20,VIIRS,l,2,313.92,2.75,D,0
19.18686,78.87165,339.06,0.39,0.36,2022-04-01,753,N20,VIIRS,l,2,313.05,2.75,D,0
19.1883,80.5621,335.09,0.39,0.36,2022-04-01,753,N20,VIIRS,l,2,309.38,3.3,D,0
19.18868,79.20826,342.11,0.39,0.36,2022-04-01,753,N20,VIIRS,l,2,314.83,4.56,D,0
19.19241,79.0153,337.65,0.39,0.36,2022-04-01,753,N20,VIIRS,l,2,312.33,5.56,D,0
19.20228,80.1571,341.04,0.38,0.36,2022-04-01,753,N20,VIIRS,n,2,313.33,1.98,D,0
19.20591,80.56666,335.31,0.39,0.36,2022-04-01,753,N20,VIIRS,l,2,309.1,1.28,D,0
19.20922,80.5661,336.89,0.39,0.36,2022-04-01,753,N20,VIIRS,l,2,308.25,2.12,D,0
19.2171,80.03194,338.19,0.38,0.36,2022-04-01,753,N20,VIIRS,l,2,313.12,2.76,D,0
19.22122,80.62395,334.41,0.39,0.36,2022-04-01,753,N20,VIIRS,n,2,308.34,1.06,D,0
19.22161,78.34118,351.64,0.4,0.37,2022-04-01,753,N20,VIIRS,l,2,320.57,14.62,D,0
19.22165,78.53555,347.56,0.4,0.37,2022-04-01,753,N20,VIIRS,n,2,319.84,5.51,D,0
19.22211,78.98725,342.72,0.39,0.36,2022-04-01,753,N20,VIIRS,n,2,312.22,3.12,D,0
19.22453,80.62341,336.88,0.39,0.36,2022-04-01,753,N20,VIIRS,l,2,307.33,1.73,D,0
19.22967,80.27155,342.37,0.38,0.36,2022-04-01,753,N20,VIIRS,n,2,311.57,4.76,D,0
19.23017,80.31987,342.24,0.38,0.36,2022-04-01,753,N20,VIIRS,n,2,312.21,2.5,D,0
19.23404,80.3006,344.19,0.38,0.36,2022-04-01,753,N20,VIIRS,n,2,311.01,4.34,D,0
19.24113,80.34786,338.48,0.38,0.36,2022-04-01,753,N20,VIIRS,l,2,312.24,2.74,D,0
19.24282,80.31404,337.56,0.38,0.36,2022-04-01,753,N20,VIIRS,l,2,310.75,1.58,D,0
19.25466,80.48358,337.87,0.39,0.36,2022-04-01,753,N20,VIIRS,l,2,309.36,2.33,D,0
19.25516,80.50964,341.24,0.39,0.36,2022-04-01,753,N20,VIIRS,n,2,310.49,4.34,D,0
19.25937,78.98821,342.06,0.39,0.36,2022-04-01,753,N20,VIIRS,l,2,316.93,8.81,D,0
19.25981,80.35966,343.56,0.38,0.36,2022-04-01,753,N20,VIIRS,n,2,311.68,5.3,D,0
19.26348,80.47466,343.46,0.39,0.36,2022-04-01,753,N20,VIIRS,n,2,310.45,2.24,D,0
19.26599,80.08693,337.73,0.38,0.36,2022-04-01,753,N20,VIIRS,l,2,311.56,1.85,D,0
19.26778,80.52622,338.3,0.39,0.36,2022-04-01,753,N20,VIIRS,l,2,309.45,2.49,D,0
19.27031,80.29456,336.29,0.38,0.36,2022-04-01,753,N20,VIIRS,l,2,311.09,3.03,D,0
19.27163,80.52932,343.07,0.39,0.36,2022-04-01,753,N20,VIIRS,n,2,310.03,2.81,D,0
19.27493,80.52877,336.4,0.39,0.36,2022-04-01,753,N20,VIIRS,l,2,310.66,2.81,D,0
19.27575,80.35328,340.49,0.38,0.36,2022-04-01,753,N20,VIIRS,n,2,311.6,2.22,D,0
19.2777,80.77581,346.4,0.39,0.36,2022-04-01,753,N20,VIIRS,n,2,310.96,5.92,D,0
19.27936,80.51309,334.03,0.39,0.36,2022-04-01,753,N20,VIIRS,l,2,308.96,1.9,D,0
19.28086,80.77499,343.8,0.39,0.36,2022-04-01,753,N20,VIIRS,n,2,309.38,4.1,D,0
19.29239,80.60068,336.91,0.39,0.36,2022-04-01,753,N20,VIIRS,l,2,309.67,2.57,D,0
19.29283,79.88151,342.52,0.38,0.36,2022-04-01,753,N20,VIIRS,l,2,313.56,6.05,D,0
19.29425,80.49944,341.49,0.39,0.36,2022-04-01,753,N20,VIIRS,n,2,308.97,8.17,D,0
19.29592,80.48795,337.95,0.39,0.36,2022-04-01,753,N20,VIIRS,l,2,309.85,3.38,D,0
19.29647,80.4916,337.58,0.39,0.36,2022-04-01,753,N20,VIIRS,l,2,308.07,3.38,D,0
19.29756,80.49889,351.73,0.39,0.36,2022-04-01,753,N20,VIIRS,n,2,310.55,8.17,D,0
19.29868,80.48376,336.87,0.39,0.36,2022-04-01,753,N20,VIIRS,n,2,309.6,2.12,D,0
19.29922,80.4874,346.47,0.39,0.36,2022-04-01,753,N20,VIIRS,n,2,309.52,3.36,D,0
19.30198,80.48322,341.4,0.39,0.36,2022-04-01,753,N20,VIIRS,n,2,310.51,2.12,D,0
19.30221,80.23709,338.74,0.38,0.36,2022-04-01,753,N20,VIIRS,l,2,313.1,4.17,D,0
19.30253,80.48687,341.15,0.39,0.36,2022-04-01,753,N20,VIIRS,n,2,309.97,3.36,D,0
19.3081,80.43367,343.62,0.39,0.36,2022-04-01,753,N20,VIIRS,n,2,311.99,2.12,D,0
19.31311,78.29705,351.81,0.4,0.37,2022-04-01,753,N20,VIIRS,l,2,323.46,10.21,D,0
19.31493,80.11588,339.64,0.38,0.36,2022-04-01,753,N20,VIIRS,l,2,313.1,2.46,D,0
19.31548,80.1195,342.77,0.38,0.36,2022-04-01,753,N20,VIIRS,n,2,312.66,3.21,D,0
19.31915,80.39452,342.47,0.39,0.36,2022-04-01,753,N20,VIIRS,l,2,312.84,3.57,D,0
19.31969,80.39816,344.43,0.39,0.36,2022-04-01,753,N20,VIIRS,n,2,311.81,3.57,D,0
19.32138,78.28384,346.82,0.4,0.37,2022-04-01,753,N20,VIIRS,n,2,320.27,10.53,D,0
19.3219,80.39034,337.84,0.39,0.36,2022-04-01,753,N20,VIIRS,l,2,310.83,3.5,D,0
19.32278,80.5545,341.73,0.39,0.36,2022-04-01,753,N20,VIIRS,n,2,310.48,3.89,D,0
19.32313,80.21499,343.92,0.38,0.36,2022-04-01,753,N20,VIIRS,n,2,312.07,4.37,D,0
19.32536,78.28701,348.32,0.4,0.37,2022-04-01,753,N20,VIIRS,l,2,320.43,7.0,D,0
19.32905,80.39288,337.06,0.39,0.36,2022-04-01,753,N20,VIIRS,l,2,310.07,2.49,D,0
19.33549,80.52625,337.45,0.39,0.36,2022-04-01,753,N20,VIIRS,l,2,309.53,3.44,D,0
19.33709,80.55963,343.82,0.39,0.36,2022-04-01,753,N20,VIIRS,n,2,310.19,4.51,D,0
19.3388,80.5257,335.65,0.39,0.36,2022-04-01,753,N20,VIIRS,l,2,308.71,2.04,D,0
19.33934,80.52935,335.85,0.39,0.36,2022-04-01,753,N20,VIIRS,l,2,308.24,2.04,D,0
19.34919,80.45672,351.57,0.39,0.36,2022-04-01,753,N20,VIIRS,n,2,311.91,3.43,D,0
19.34974,80.46035,337.26,0.39,0.36,2022-04-01,753,N20,VIIRS,l,2,311.5,3.43,D,0
19.35007,80.12486,341.64,0.38,0.36,2022-04-01,753,N20,VIIRS,l,2,312.96,2.99,D,0
19.356,80.32127,339.0,0.38,0.36,2022-04-01,753,N20,VIIRS,l,2,311.01,2.18,D,0
19.35769,80.28745,338.39,0.38,0.36,2022-04-01,753,N20,VIIRS,l,2,310.83,1.49,D,0
19.3598,79.1287,343.64,0.39,0.36,2022-04-01,753,N20,VIIRS,l,2,314.39,11.02,D,0
19.36038,79.13235,339.41,0.39,0.36,2022-04-01,753,N20,VIIRS,l,2,313.23,6.69,D,0
19.36435,80.1299,347.6,0.38,0.36,2022-04-01,753,N20,VIIRS,n,2,314.64,10.29,D,0
19.36533,80.33835,338.96,0.38,0.36,2022-04-01,753,N20,VIIRS,l,2,312.33,2.42,D,0
19.36599,80.18546,343.26,0.38,0.36,2022-04-01,753,N20,VIIRS,n,2,312.34,3.6,D,0
19.366,80.14079,340.7,0.38,0.36,2022-04-01,753,N20,VIIRS,l,2,312.25,3.36,D,0
19.36666,78.16966,347.61,0.41,0.37,2022-04-01,753,N20,VIIRS,l,2,321.1,6.55,D,0
19.36765,80.12935,345.04,0.38,0.36,2022-04-01,753,N20,VIIRS,n,2,313.48,4.87,D,0
19.36917,80.34143,338.52,0.38,0.36,2022-04-01,753,N20,VIIRS,l,2,311.82,3.03,D,0
19.36946,80.5019,340.85,0.39,0.36,2022-04-01,753,N20,VIIRS,n,2,307.87,2.14,D,0
19.37039,80.12517,341.38,0.38,0.36,2022-04-01,753,N20,VIIRS,l,2,312.89,4.87,D,0
19.37075,80.39713,343.26,0.39,0.36,2022-04-01,753,N20,VIIRS,n,2,309.75,3.81,D,0
19.37094,80.12879,345.35,0.38,0.36,2022-04-01,753,N20,VIIRS,n,2,313.8,4.87,D,0
19.37129,80.40077,336.99,0.39,0.36,2022-04-01,753,N20,VIIRS,n,2,309.14,1.97,D,0
19.37168,78.09335,347.86,0.41,0.37,2022-04-01,753,N20,VIIRS,n,2,322.23,6.79,D,0
19.37252,80.29616,334.16,0.38,0.36,2022-04-01,753,N20,VIIRS,l,2,309.03,1.27,D,0
19.37319,79.38987,345.54,0.39,0.36,2022-04-01,753,N20,VIIRS,n,2,314.35,5.43,D,0
19.37405,80.39658,336.12,0.39,0.36,2022-04-01,753,N20,VIIRS,l,2,307.75,3.4,D,0
19.37509,78.28593,349.02,0.4,0.37,2022-04-01,753,N20,VIIRS,n,2,321.89,8.2,D,0
19.37796,79.11437,343.09,0.39,0.36,2022-04-01,753,N20,VIIRS,n,2,311.04,3.53,D,0
19.38055,79.87743,344.68,0.38,0.36,2022-04-01,753,N20,VIIRS,n,2,314.04,5.89,D,0
19.38465,80.2196,339.05,0.38,0.36,2022-04-01,753,N20,VIIRS,l,2,313.12,3.32,D,0
19.39484,80.46781,339.07,0.39,0.36,2022-04-01,753,N20,VIIRS,l,2,312.22,2.16,D,0
19.39758,80.89877,334.99,0.39,0.36,2022-04-01,753,N20,VIIRS,l,2,309.71,4.02,D,0
19.39942,80.81948,337.73,0.39,0.36,2022-04-01,753,N20,VIIRS,l,2,308.46,3.87,D,0
19.39993,80.36617,335.59,0.39,0.36,2022-04-01,753,N20,VIIRS,l,2,309.56,2.69,D,0
19.40328,80.82261,341.74,0.39,0.36,2022-04-01,753,N20,VIIRS,n,2,307.61,4.02,D,0
19.40332,80.25372,343.56,0.38,0.36,2022-04-01,753,N20,VIIRS,n,2,312.18,1.59,D,0
19.40334,80.18665,340.62,0.38,0.36,2022-04-01,753,N20,VIIRS,n,2,312.85,2.76,D,0
19.40538,80.04075,351.57,0.38,0.36,2022-04-01,753,N20,VIIRS,n,2,320.38,28.85,D,0
19.40579,80.88618,338.48,0.39,0.36,2022-04-01,753,N20,VIIRS,n,2,307.24,2.87,D,0
19.40584,80.47346,340.16,0.39,0.36,2022-04-01,753,N20,VIIRS,l,2,311.83,2.0,D,0
19.40713,78.86678,348.75,0.39,0.36,2022-04-01,753,N20,VIIRS,l,2,321.03,13.3,D,0
19.40858,80.88207,334.85,0.39,0.36,2022-04-01,753,N20,VIIRS,l,2,309.04,2.87,D,0
19.4086,80.46928,340.74,0.39,0.36,2022-04-01,753,N20,VIIRS,n,2,311.2,2.0,D,0
19.41084,80.87424,345.23,0.39,0.36,2022-04-01,753,N20,VIIRS,n,2,310.59,3.12,D,0
19.41137,80.87791,334.9,0.39,0.36,2022-04-01,753,N20,VIIRS,l,2,308.19,3.12,D,0
19.41702,80.32228,342.88,0.38,0.36,2022-04-01,753,N20,VIIRS,n,2,311.67,2.99,D,0
19.41963,80.45249,342.01,0.39,0.36,2022-04-01,753,N20,VIIRS,n,2,310.27,3.93,D,0
19.42192,80.37745,338.59,0.39,0.36,2022-04-01,753,N20,VIIRS,l,2,310.26,2.59,D,0
19.42746,80.32426,335.48,0.38,0.36,2022-04-01,753,N20,VIIRS,l,2,309.94,2.53,D,0
19.43219,80.51396,337.44,0.39,0.36,2022-04-01,753,N20,VIIRS,l,2,310.09,3.69,D,0
19.4322,79.90591,339.87,0.38,0.36,2022-04-01,753,N20,VIIRS,l,2,313.52,2.95,D,0
19.43288,80.72392,337.52,0.39,0.36,2022-04-01,753,N20,VIIRS,n,2,310.51,2.44,D,0
19.43398,80.41277,347.05,0.39,0.36,2022-04-01,753,N20,VIIRS,n,2,311.94,3.33,D,0
19.43511,80.71605,337.27,0.39,0.36,2022-04-01,753,N20,VIIRS,l,2,310.71,3.3,D,0
19.4426,80.31015,341.06,0.38,0.36,2022-04-01,753,N20,VIIRS,l,2,314.16,3.22,D,0
19.44386,80.43354,345.4,0.39,0.36,2022-04-01,753,N20,VIIRS,n,2,311.3,4.19,D,0
19.44547,80.14941,346.88,0.38,0.36,2022-04-01,753,N20,VIIRS,n,2,312.93,3.75,D,0
19.44931,80.15249,337.83,0.38,0.36,2022-04-01,753,N20,VIIRS,l,2,311.57,3.75,D,0
19.45418,80.27465,340.15,0.38,0.36,2022-04-01,753,N20,VIIRS,l,2,313.65,2.77,D,0
19.45641,80.5174,343.06,0.39,0.36,2022-04-01,753,N20,VIIRS,n,2,308.05,2.53,D,0
19.45969,79.63975,341.09,0.38,0.36,2022-04-01,753,N20,VIIRS,l,2,312.32,4.35,D,0
19.46687,78.45695,348.05,0.4,0.37,2022-04-01,753,N20,VIIRS,n,2,320.15,8.99,D,0
19.47234,80.23805,342.15,0.38,0.36,2022-04-01,753,N20,VIIRS,n,2,312.24,2.89,D,0
19.47787,80.14024,342.8,0.38,0.36,2022-04-01,753,N20,VIIRS,n,2,311.64,2.98,D,0
19.48327,80.31083,348.79,0.38,0.36,2022-04-01,753,N20,VIIRS,n,2,313.27,6.12,D,0
19.48382,80.31447,337.3,0.38,0.36,2022-04-01,753,N20,VIIRS,l,2,311.9,1.94,D,0
19.48512,79.0612,345.83,0.39,0.36,2022-04-01,753,N20,VIIRS,l,2,317.29,4.71,D,0
19.49419,80.38369,337.64,0.39,0.36,2022-04-01,753,N20,VIIRS,l,2,312.57,1.7,D,0
19.501,78.75091,347.52,0.39,0.36,2022-04-01,753,N20,VIIRS,l,2,318.88,12.23,D,0
19.51188,79.45154,343.77,0.39,0.36,2022-04-01,753,N20,VIIRS,n,2,315.49,4.06,D,0
19.51488,80.52241,340.68,0.39,0.36,2022-04-01,753,N20,VIIRS,n,2,310.6,3.13,D,0
19.51825,79.46874,343.71,0.39,0.36,2022-04-01,753,N20,VIIRS,n,2,312.0,4.71,D,0
19.51864,78.4361,353.01,0.4,0.37,2022-04-01,753,N20,VIIRS,n,2,326.3,13.3,D,0
19.52448,80.19883,338.13,0.38,0.36,2022-04-01,753,N20,VIIRS,l,2,311.04,2.67,D,0
19.537,78.67964,367.0,0.4,0.37,2022-04-01,753,N20,VIIRS,l,2,327.39,10.24,D,0
19.53878,78.69077,367.0,0.39,0.37,2022-04-01,753,N20,VIIRS,h,2,321.6,7.66,D,0
19.53974,78.67532,367.0,0.4,0.37,2022-04-01,753,N20,VIIRS,l,2,325.04,10.24,D,0
19.54033,78.67904,350.08,0.4,0.37,2022-04-01,753,N20,VIIRS,l,2,324.82,10.24,D,0
19.54095,79.95013,340.59,0.38,0.36,2022-04-01,753,N20,VIIRS,l,2,314.0,3.98,D,0
19.54427,79.99429,345.54,0.38,0.36,2022-04-01,753,N20,VIIRS,n,2,314.8,5.92,D,0
19.54867,80.00099,344.41,0.38,0.36,2022-04-01,753,N20,VIIRS,n,2,313.82,21.93,D,0
19.54976,79.98591,348.5,0.38,0.36,2022-04-01,753,N20,VIIRS,n,2,315.01,10.56,D,0
19.55087,80.01553,349.16,0.38,0.36,2022-04-01,753,N20,VIIRS,n,2,315.25,6.9,D,0
19.55176,80.51994,335.92,0.39,0.36,2022-04-01,753,N20,VIIRS,l,2,308.13,2.73,D,0
19.55196,80.00044,340.66,0.38,0.36,2022-04-01,753,N20,VIIRS,l,2,313.43,3.74,D,0
19.5536,80.19022,336.82,0.38,0.36,2022-04-01,753,N20,VIIRS,l,2,311.27,1.79,D,0
19.55507,80.51939,334.38,0.39,0.36,2022-04-01,753,N20,VIIRS,l,2,308.24,1.56,D,0
19.55517,80.45206,339.91,0.39,0.36,2022-04-01,753,N20,VIIRS,l,2,310.42,4.32,D,0
19.56218,80.38293,342.27,0.39,0.36,2022-04-01,753,N20,VIIRS,n,2,312.25,2.82,D,0
19.56822,78.74675,349.68,0.39,0.36,2022-04-01,753,N20,VIIRS,n,2,322.77,9.36,D,0
19.57182,80.51603,340.94,0.39,0.36,2022-04-01,753,N20,VIIRS,n,2,308.45,2.91,D,0
19.5824,79.57729,339.8,0.38,0.36,2022-04-01,753,N20,VIIRS,n,2,313.21,8.78,D,0
19.58514,79.57309,347.45,0.38,0.36,2022-04-01,753,N20,VIIRS,l,2,319.62,8.78,D,0
19.5857,79.57673,349.1,0.38,0.36,2022-04-01,753,N20,VIIRS,n,2,316.69,8.78,D,0
19.58602,80.15867,346.05,0.38,0.36,2022-04-01,753,N20,VIIRS,n,2,313.2,18.34,D,0
19.5875,80.37123,337.47,0.39,0.36,2022-04-01,753,N20,VIIRS,l,2,311.54,1.64,D,0
19.58899,79.57616,345.91,0.38,0.36,2022-04-01,753,N20,VIIRS,l,2,317.17,13.15,D,0
19.59117,79.56832,348.55,0.38,0.36,2022-04-01,753,N20,VIIRS,n,2,317.13,7.43,D,0
19.59446,79.56776,348.44,0.38,0.36,2022-04-01,753,N20,VIIRS,n,2,316.88,5.42,D,0
19.59502,79.5714,351.63,0.38,0.36,2022-04-01,753,N20,VIIRS,n,2,314.32,7.2,D,0
19.59657,78.88279,351.75,0.39,0.36,2022-04-01,753,N20,VIIRS,l,2,321.97,4.44,D,0
19.61275,79.44492,348.55,0.39,0.36,2022-04-01,753,N20,VIIRS,n,2,315.16,7.03,D,0
19.61349,80.16152,339.65,0.38,0.36,2022-04-01,753,N20,VIIRS,n,2,312.49,2.58,D,0
19.61659,79.33565,350.11,0.39,0.36,2022-04-01,753,N20,VIIRS,n,2,314.01,7.25,D,0
19.61661,80.11214,340.05,0.38,0.36,2022-04-01,753,N20,VIIRS,l,2,313.47,3.61,D,0
19.62222,79.15433,347.47,0.39,0.36,2022-04-01,753,N20,VIIRS,l,2,319.66,5.8,D,0
19.63187,79.85609,342.38,0.38,0.36,2022-04-01,753,N20,VIIRS,l,2,313.28,17.78,D,0
19.63242,79.85973,348.08,0.38,0.36,2022-04-01,753,N20,VIIRS,l,2,322.37,17.78,D,0
19.63273,79.37407,343.66,0.39,0.36,2022-04-01,753,N20,VIIRS,l,2,316.05,5.4,D,0
19.63297,79.86336,339.87,0.38,0.36,2022-04-01,753,N20,VIIRS,l,2,314.26,14.53,D,0
19.63353,79.867,349.95,0.38,0.36,2022-04-01,753,N20,VIIRS,n,2,317.58,14.53,D,0
19.63408,79.87063,344.29,0.38,0.36,2022-04-01,753,N20,VIIRS,l,2,316.73,6.61,D,0
19.63571,79.85917,344.0,0.38,0.36,2022-04-01,753,N20,VIIRS,n,2,316.98,17.78,D,0
19.63627,79.8628,340.79,0.38,0.36,2022-04-01,753,N20,VIIRS,l,2,315.02,14.53,D,0
19.63682,79.86644,350.08,0.38,0.36,2022-04-01,753,N20,VIIRS,n,2,319.14,14.53,D,0
19.63694,80.43034,336.56,0.39,0.36,2022-04-01,753,N20,VIIRS,l,2,310.17,2.45,D,0
19.63906,79.90334,339.28,0.38,0.36,2022-04-01,753,N20,VIIRS,l,2,314.15,4.13,D,0
19.63914,80.08227,340.89,0.38,0.36,2022-04-01,753,N20,VIIRS,n,2,313.67,3.22,D,0
19.63933,79.37291,342.71,0.39,0.36,2022-04-01,753,N20,VIIRS,l,2,316.01,19.54,D,0
19.64124,79.89551,347.75,0.38,0.36,2022-04-01,753,N20,VIIRS,n,2,313.11,6.3,D,0
19.64263,79.37235,354.74,0.39,0.36,2022-04-01,753,N20,VIIRS,n,2,324.18,19.54,D,0
19.6435,80.47423,339.43,0.39,0.36,2022-04-01,753,N20,VIIRS,l,2,311.64,3.48,D,0
19.6456,79.85749,344.56,0.38,0.36,2022-04-01,753,N20,VIIRS,l,2,315.37,16.19,D,0
19.64562,79.87985,344.46,0.38,0.36,2022-04-01,753,N20,VIIRS,l,2,315.01,4.79,D,0
19.64568,80.48887,338.46,0.39,0.36,2022-04-01,753,N20,VIIRS,l,2,313.02,1.8,D,0
19.64589,81.20477,341.58,0.4,0.37,2022-04-01,753,N20,VIIRS,n,2,309.84,3.58,D,0
19.64593,79.37178,343.55,0.39,0.36,2022-04-01,753,N20,VIIRS,l,2,316.24,4.02,D,0
19.64602,80.6051,338.67,0.39,0.36,2022-04-01,753,N20,VIIRS,l,2,310.48,2.84,D,0
19.64615,79.86113,355.34,0.38,0.36,2022-04-01,753,N20,VIIRS,n,2,316.38,18.48,D,0
19.64655,80.60873,340.78,0.39,0.36,2022-04-01,753,N20,VIIRS,n,2,308.84,4.37,D,0
19.64728,79.89076,341.19,0.38,0.36,2022-04-01,753,N20,VIIRS,l,2,315.79,9.27,D,0
19.64738,80.45486,351.01,0.39,0.36,2022-04-01,753,N20,VIIRS,n,2,311.67,5.37,D,0
19.64783,79.89439,348.94,0.38,0.36,2022-04-01,753,N20,VIIRS,n,2,318.14,9.27,D,0
19.64944,79.86057,350.8,0.38,0.36,2022-04-01,753,N20,VIIRS,n,2,316.87,18.48,D,0
19.65062,80.49929,337.84,0.39,0.36,2022-04-01,753,N20,VIIRS,l,2,311.45,2.35,D,0
19.65075,80.38687,337.19,0.39,0.36,2022-04-01,753,N20,VIIRS,l,2,311.0,4.67,D,0
19.65113,79.89384,338.22,0.38,0.36,2022-04-01,753,N20,VIIRS,l,2,312.77,2.93,D,0
19.6555,77.65665,367.0,0.42,0.38,2022-04-01,753,N20,VIIRS,l,2,325.42,5.85,D,0
19.65763,77.64811,367.0,0.42,0.38,2022-04-01,753,N20,VIIRS,l,2,326.51,8.33,D,0
19.65828,77.6521,353.18,0.42,0.38,2022-04-01,753,N20,VIIRS,l,2,327.83,15.6,D,0
19.66171,77.65151,367.0,0.42,0.38,2022-04-01,753,N20,VIIRS,l,2,328.16,15.6,D,0
19.66223,80.46364,336.17,0.39,0.36,2022-04-01,753,N20,VIIRS,n,2,310.18,2.47,D,0
19.66291,80.6963,335.12,0.39,0.36,2022-04-01,753,N20,VIIRS,l,2,306.91,1.84,D,0
19.66387,80.47462,343.79,0.39,0.36,2022-04-01,753,N20,VIIRS,n,2,309.65,3.79,D,0
19.66389,80.45211,343.99,0.39,0.36,2022-04-01,753,N20,VIIRS,n,2,310.73,4.1,D,0
19.66442,80.47827,335.89,0.39,0.36,2022-04-01,753,N20,VIIRS,l,2,310.34,2.96,D,0
19.66542,80.55314,337.2,0.39,0.36,2022-04-01,753,N20,VIIRS,l,2,311.95,1.63,D,0
19.66553,80.46308,342.29,0.39,0.36,2022-04-01,753,N20,VIIRS,n,2,310.23,2.47,D,0
19.66663,80.47041,339.05,0.39,0.36,2022-04-01,753,N20,VIIRS,l,2,309.97,3.79,D,0
19.67112,80.47678,341.15,0.39,0.36,2022-04-01,753,N20,VIIRS,n,2,308.55,2.88,D,0
19.67306,80.30798,338.25,0.39,0.36,2022-04-01,753,N20,VIIRS,n,2,312.32,2.27,D,0
19.67319,79.61395,340.07,0.38,0.36,2022-04-01,753,N20,VIIRS,l,2,314.16,2.47,D,0
19.6736,80.31164,338.08,0.39,0.36,2022-04-01,753,N20,VIIRS,l,2,312.49,2.74,D,0
19.67649,79.6134,345.06,0.38,0.36,2022-04-01,753,N20,VIIRS,l,2,319.35,23.74,D,0
19.6784,80.41185,338.18,0.39,0.36,2022-04-01,753,N20,VIIRS,l,2,310.9,3.02,D,0
19.67978,79.61283,347.35,0.38,0.36,2022-04-01,753,N20,VIIRS,l,2,321.31,23.74,D,0
19.68065,80.67851,348.22,0.39,0.36,2022-04-01,753,N20,VIIRS,n,2,312.11,7.16,D,0
19.68287,80.67063,341.67,0.39,0.36,2022-04-01,753,N20,VIIRS,n,2,309.99,3.66,D,0
19.68342,80.6743,337.31,0.39,0.36,2022-04-01,753,N20,VIIRS,l,2,309.64,3.66,D,0
19.68443,80.91186,334.06,0.39,0.36,2022-04-01,753,N20,VIIRS,l,2,307.3,1.9,D,0
19.68911,80.12233,340.89,0.38,0.36,2022-04-01,753,N20,VIIRS,l,2,315.52,3.29,D,0
19.69494,80.63804,334.1,0.39,0.36,2022-04-01,753,N20,VIIRS,l,2,307.96,2.59,D,0
19.69548,80.64173,339.46,0.39,0.36,2022-04-01,753,N20,VIIRS,n,2,308.08,2.59,D,0
19.69558,80.66476,335.75,0.39,0.36,2022-04-01,753,N20,VIIRS,l,2,308.41,4.34,D,0
19.69625,80.10247,346.72,0.38,0.36,2022-04-01,753,N20,VIIRS,n,2,314.82,6.12,D,0
19.69825,80.6375,341.12,0.39,0.36,2022-04-01,753,N20,VIIRS,n,2,308.62,2.59,D,0
19.69833,80.615,338.89,0.39,0.36,2022-04-01,753,N20,VIIRS,l,2,311.44,3.01,D,0
19.69843,80.1842,347.36,0.38,0.36,2022-04-01,753,N20,VIIRS,n,2,315.07,4.7,D,0
19.70534,80.75357,352.57,0.39,0.36,2022-04-01,753,N20,VIIRS,n,2,314.2,5.94,D,0
19.70615,80.57611,337.64,0.39,0.36,2022-04-01,753,N20,VIIRS,l,2,310.89,2.02,D,0
19.70782,79.97369,340.4,0.38,0.36,2022-04-01,753,N20,VIIRS,l,2,314.02,5.45,D,0
19.71086,79.52903,341.96,0.38,0.36,2022-04-01,753,N20,VIIRS,l,2,312.96,5.72,D,0
19.71266,78.33131,352.2,0.4,0.37,2022-04-01,753,N20,VIIRS,l,2,321.2,6.19,D,0
19.71416,79.52847,341.52,0.38,0.36,2022-04-01,753,N20,VIIRS,l,2,313.91,5.72,D,0
19.71493,80.06951,338.17,0.38,0.36,2022-04-01,753,N20,VIIRS,l,2,312.92,4.25,D,0
19.7154,78.32689,349.8,0.4,0.37,2022-04-01,753,N20,VIIRS,l,2,322.18,6.19,D,0
19.71548,80.07314,341.58,0.38,0.36,2022-04-01,753,N20,VIIRS,l,2,312.23,2.59,D,0
19.71565,78.22116,348.5,0.4,0.37,2022-04-01,753,N20,VIIRS,l,2,321.97,12.6,D,0
19.71633,79.5206,345.04,0.38,0.36,2022-04-01,753,N20,VIIRS,n,2,314.27,5.5,D,0
19.71639,78.07512,347.61,0.41,0.37,2022-04-01,753,N20,VIIRS,l,2,321.87,10.36,D,0
19.71745,79.52789,342.96,0.38,0.36,2022-04-01,753,N20,VIIRS,n,2,314.8,9.5,D,0
19.71826,79.97565,343.97,0.38,0.36,2022-04-01,753,N20,VIIRS,l,2,315.08,5.17,D,0
19.71962,79.52003,341.29,0.38,0.36,2022-04-01,753,N20,VIIRS,l,2,313.11,5.5,D,0
19.72019,79.52368,351.34,0.38,0.36,2022-04-01,753,N20,VIIRS,n,2,315.52,5.5,D,0
19.72075,79.52733,343.18,0.38,0.36,2022-04-01,753,N20,VIIRS,n,2,311.18,9.5,D,0
19.72155,79.9751,353.08,0.38,0.36,2022-04-01,753,N20,VIIRS,n,2,314.76,5.17,D,0
19.7221,79.97874,341.41,0.38,0.36,2022-04-01,753,N20,VIIRS,l,2,313.73,5.17,D,0
19.72267,80.07186,345.86,0.38,0.36,2022-04-01,753,N20,VIIRS,n,2,311.45,3.51,D,0
19.7231,80.30339,335.63,0.39,0.36,2022-04-01,753,N20,VIIRS,l,2,309.72,1.63,D,0
19.72529,80.31798,338.87,0.39,0.36,2022-04-01,753,N20,VIIRS,n,2,310.05,1.68,D,0
19.73122,80.42558,336.99,0.39,0.36,2022-04-01,753,N20,VIIRS,l,2,311.25,6.83,D,0
19.73368,80.78625,338.0,0.39,0.36,2022-04-01,753,N20,VIIRS,n,2,309.94,2.16,D,0
19.73585,80.02492,344.34,0.38,0.36,2022-04-01,753,N20,VIIRS,l,2,315.38,5.77,D,0
19.73645,81.15136,334.68,0.4,0.37,2022-04-01,753,N20,VIIRS,n,2,308.01,1.97,D,0
19.73914,80.02436,338.88,0.38,0.36,2022-04-01,753,N20,VIIRS,l,2,312.96,3.57,D,0
19.74655,78.16789,367.0,0.4,0.37,2022-04-01,753,N20,VIIRS,l,2,325.62,7.1,D,0
19.74992,78.16734,351.94,0.4,0.37,2022-04-01,753,N20,VIIRS,l,2,326.46,7.1,D,0
19.75197,80.54221,342.25,0.39,0.36,2022-04-01,753,N20,VIIRS,l,2,313.32,4.17,D,0
19.7533,78.16677,367.0,0.4,0.37,2022-04-01,753,N20,VIIRS,l,2,325.29,14.26,D,0
19.75916,79.57645,340.08,0.38,0.36,2022-04-01,753,N20,VIIRS,l,2,313.98,6.13,D,0
19.76001,80.00591,345.08,0.38,0.36,2022-04-01,753,N20,VIIRS,n,2,314.06,4.09,D,0
19.76111,80.01319,339.65,0.38,0.36,2022-04-01,753,N20,VIIRS,l,2,312.68,2.73,D,0
19.7633,80.00536,351.99,0.38,0.36,2022-04-01,753,N20,VIIRS,n,2,312.92,6.34,D,0
19.76578,80.77348,335.94,0.39,0.36,2022-04-01,753,N20,VIIRS,l,2,309.37,2.65,D,0
19.76653,80.70928,335.27,0.39,0.36,2022-04-01,753,N20,VIIRS,l,2,307.38,3.31,D,0
19.7688,80.01936,336.91,0.38,0.36,2022-04-01,753,N20,VIIRS,l,2,310.69,2.74,D,0
19.77038,80.71242,343.64,0.39,0.36,2022-04-01,753,N20,VIIRS,n,2,307.75,3.31,D,0
19.77437,79.52148,349.62,0.38,0.36,2022-04-01,753,N20,VIIRS,n,2,315.57,5.44,D,0
19.78413,80.21089,339.21,0.38,0.36,2022-04-01,753,N20,VIIRS,l,2,312.48,2.13,D,0
19.78887,81.14262,341.28,0.4,0.37,2022-04-01,753,N20,VIIRS,n,2,308.12,2.14,D,0
19.79021,80.16132,343.0,0.38,0.36,2022-04-01,753,N20,VIIRS,n,2,313.56,2.2,D,0
19.79075,80.16496,346.49,0.38,0.36,2022-04-01,753,N20,VIIRS,n,2,314.89,4.46,D,0
19.79129,80.19102,342.75,0.38,0.36,2022-04-01,753,N20,VIIRS,n,2,312.71,3.03,D,0
19.79401,80.23164,356.03,0.38,0.36,2022-04-01,753,N20,VIIRS,n,2,314.19,10.44,D,0
19.7946,79.98888,338.93,0.38,0.36,2022-04-01,753,N20,VIIRS,l,2,312.61,1.27,D,0
19.7946,80.16804,346.27,0.38,0.36,2022-04-01,753,N20,VIIRS,n,2,314.95,4.49,D,0
19.79731,80.23109,347.12,0.38,0.36,2022-04-01,753,N20,VIIRS,n,2,312.15,4.88,D,0
19.80187,81.09066,345.44,0.39,0.37,2022-04-01,753,N20,VIIRS,n,2,312.21,3.79,D,0
19.80283,80.77116,338.33,0.39,0.36,2022-04-01,753,N20,VIIRS,l,2,309.06,2.9,D,0
19.80333,80.27126,337.82,0.39,0.36,2022-04-01,753,N20,VIIRS,n,2,309.93,2.16,D,0
19.80725,80.98684,344.86,0.39,0.36,2022-04-01,753,N20,VIIRS,n,2,311.49,6.04,D,0
19.80951,80.97897,337.92,0.39,0.36,2022-04-01,753,N20,VIIRS,l,2,308.3,3.07,D,0
19.82482,80.16671,342.54,0.38,0.36,2022-04-01,753,N20,VIIRS,n,2,314.51,4.33,D,0
19.83137,79.14376,348.53,0.39,0.36,2022-04-01,753,N20,VIIRS,l,2,320.3,8.98,D,0
19.83359,80.22502,351.92,0.38,0.36,2022-04-01,753,N20,VIIRS,n,2,315.26,7.54,D,0
19.83533,81.06236,336.21,0.39,0.36,2022-04-01,753,N20,VIIRS,l,2,307.06,1.12,D,0
19.83784,80.4116,344.48,0.39,0.36,2022-04-01,753,N20,VIIRS,n,2,313.2,3.59,D,0
19.84235,80.64784,347.96,0.39,0.36,2022-04-01,753,N20,VIIRS,n,2,313.69,7.13,D,0
19.84456,80.27557,336.82,0.39,0.36,2022-04-01,753,N20,VIIRS,l,2,311.43,1.86,D,0
19.84879,80.14361,339.22,0.38,0.36,2022-04-01,753,N20,VIIRS,n,2,311.96,1.75,D,0
19.85497,79.03397,355.83,0.39,0.36,2022-04-01,753,N20,VIIRS,l,2,326.89,14.15,D,0
19.85698,81.0703,339.09,0.39,0.37,2022-04-01,753,N20,VIIRS,l,2,312.58,3.98,D,0
19.87731,80.22108,338.52,0.39,0.36,2022-04-01,753,N20,VIIRS,l,2,313.41,2.93,D,0
19.88532,77.30544,349.33,0.43,0.38,2022-04-01,753,N20,VIIRS,n,2,323.93,11.82,D,0
19.88856,80.43282,346.49,0.39,0.36,2022-04-01,753,N20,VIIRS,n,2,311.19,4.08,D,0
19.89186,80.43227,346.68,0.39,0.36,2022-04-01,753,N20,VIIRS,n,2,311.43,4.08,D,0
19.89376,80.26323,337.34,0.39,0.36,2022-04-01,753,N20,VIIRS,l,2,311.4,1.28,D,0
19.89706,80.26268,341.06,0.39,0.36,2022-04-01,753,N20,VIIRS,n,2,310.82,2.45,D,0
19.90338,79.47676,349.15,0.38,0.36,2022-04-01,753,N20,VIIRS,n,2,318.75,7.84,D,0
19.90795,81.23978,338.15,0.4,0.37,2022-04-01,753,N20,VIIRS,l,2,308.74,1.92,D,0
19.91414,80.21867,347.68,0.39,0.36,2022-04-01,753,N20,VIIRS,n,2,313.21,4.78,D,0
19.92615,80.32151,347.78,0.39,0.36,2022-04-01,753,N20,VIIRS,n,2,312.0,6.52,D,0
19.92632,81.10581,347.59,0.4,0.37,2022-04-01,753,N20,VIIRS,n,2,310.53,6.69,D,0
19.9301,80.16734,343.99,0.38,0.36,2022-04-01,753,N20,VIIRS,n,2,312.88,3.12,D,0
19.93095,78.73874,353.03,0.39,0.36,2022-04-01,753,N20,VIIRS,n,2,321.96,6.07,D,0
19.93285,80.16314,340.52,0.38,0.36,2022-04-01,753,N20,VIIRS,n,2,312.13,3.12,D,0
19.93582,81.24271,339.32,0.4,0.37,2022-04-01,753,N20,VIIRS,n,2,310.96,2.91,D,0
19.93775,81.18481,342.49,0.4,0.37,2022-04-01,753,N20,VIIRS,n,2,309.44,3.45,D,0
19.95637,81.10075,340.43,0.4,0.37,2022-04-01,753,N20,VIIRS,n,2,310.35,1.92,D,0
19.95646,80.82548,335.43,0.39,0.36,2022-04-01,753,N20,VIIRS,n,2,308.04,2.21,D,0
19.95793,79.52354,344.4,0.38,0.36,2022-04-01,753,N20,VIIRS,n,2,313.2,3.33,D,0
19.95965,80.38718,340.0,0.39,0.36,2022-04-01,753,N20,VIIRS,l,2,311.23,2.13,D,0
19.9602,80.39085,342.37,0.39,0.36,2022-04-01,753,N20,VIIRS,l,2,312.59,4.42,D,0
19.962,80.03857,347.83,0.38,0.36,2022-04-01,753,N20,VIIRS,n,2,314.81,7.46,D,0
19.96247,81.09574,345.42,0.4,0.37,2022-04-01,753,N20,VIIRS,n,2,308.68,5.55,D,0
19.972,79.54633,341.27,0.38,0.36,2022-04-01,753,N20,VIIRS,n,2,314.29,2.77,D,0
19.98496,79.47674,343.16,0.38,0.36,2022-04-01,753,N20,VIIRS,l,2,316.54,5.4,D,0
19.98628,77.59698,367.0,0.42,0.38,2022-04-01,753,N20,VIIRS,l,2,328.44,1.45,D,0
19.98695,77.60096,367.0,0.42,0.38,2022-04-01,753,N20,VIIRS,l,2,326.69,2.08,D,0
19.98761,77.60494,367.0,0.42,0.38,2022-04-01,753,N20,VIIRS,l,2,327.45,2.08,D,0
19.9897,77.59635,367.0,0.42,0.38,2022-04-01,753,N20,VIIRS,l,2,325.13,1.45,D,0
19.99036,77.60033,348.59,0.42,0.38,2022-04-01,753,N20,VIIRS,n,2,322.77,2.08,D,0
19.99496,80.05544,341.41,0.38,0.36,2022-04-01,753,N20,VIIRS,l,2,315.84,3.01,D,0
17.91716,80.62095,310.01,0.43,0.38,2022-04-01,2023,N20,VIIRS,n,2,295.53,1.05,N,0
18.14525,77.23158,327.1,0.39,0.36,2022-04-01,2023,N20,VIIRS,n,2,295.62,2.0,N,0
18.14581,77.22791,306.12,0.39,0.36,2022-04-01,2023,N20,VIIRS,n,2,293.45,0.54,N,0
18.72038,79.53646,313.29,0.39,0.36,2022-04-01,2023,N20,VIIRS,n,2,299.1,1.41,N,0
18.72097,79.53277,310.19,0.39,0.36,2022-04-01,2023,N20,VIIRS,n,2,299.44,1.11,N,0
18.7237,79.53705,326.47,0.39,0.36,2022-04-01,2023,N20,VIIRS,n,2,301.43,1.41,N,0
18.91698,77.10866,308.75,0.4,0.37,2022-04-01,2023,N20,VIIRS,n,2,296.96,1.4,N,0
18.93411,79.41517,308.94,0.39,0.36,2022-04-01,2023,N20,VIIRS,n,2,297.83,0.52,N,0
19.08092,80.3578,310.57,0.41,0.37,2022-04-01,2023,N20,VIIRS,n,2,298.2,0.54,N,0
19.11053,78.89059,309.28,0.39,0.36,2022-04-01,2023,N20,VIIRS,n,2,297.44,0.78,N,0
19.11382,78.89117,308.46,0.39,0.36,2022-04-01,2023,N20,VIIRS,n,2,297.52,0.78,N,0
19.12562,78.85971,307.35,0.38,0.36,2022-04-01,2023,N20,VIIRS,n,2,297.18,0.62,N,0
19.16574,81.03608,305.76,0.43,0.38,2022-04-01,2023,N20,VIIRS,n,2,295.47,1.45,N,0
19.17325,79.07343,312.64,0.39,0.36,2022-04-01,2023,N20,VIIRS,n,2,298.81,1.23,N,0
19.1871,80.33402,312.9,0.41,0.37,2022-04-01,2023,N20,VIIRS,n,2,299.04,0.88,N,0
19.19917,80.32439,311.23,0.41,0.37,2022-04-01,2023,N20,VIIRS,n,2,298.79,0.88,N,0
19.21242,78.33161,308.9,0.38,0.36,2022-04-01,2023,N20,VIIRS,n,2,296.57,0.91,N,0
19.23292,78.69978,311.53,0.38,0.36,2022-04-01,2023,N20,VIIRS,n,2,298.18,1.35,N,0
19.23621,78.70036,311.22,0.38,0.36,2022-04-01,2023,N20,VIIRS,n,2,298.19,1.49,N,0
19.23679,78.69674,333.84,0.38,0.36,2022-04-01,2023,N20,VIIRS,n,2,299.56,1.49,N,0
19.2854,80.77153,316.27,0.42,0.38,2022-04-01,2023,N20,VIIRS,n,2,297.36,1.41,N,0
19.28815,80.77611,308.43,0.42,0.38,2022-04-01,2023,N20,VIIRS,n,2,297.32,1.41,N,0
19.33311,80.48729,313.28,0.41,0.37,2022-04-01,2023,N20,VIIRS,n,2,298.14,1.42,N,0
19.35499,80.04376,321.79,0.4,0.37,2022-04-01,2023,N20,VIIRS,n,2,299.21,2.01,N,0
19.3858,78.15659,312.31,0.39,0.36,2022-04-01,2023,N20,VIIRS,n,2,297.19,1.75,N,0
19.41051,80.86176,308.98,0.42,0.38,2022-04-01,2023,N20,VIIRS,n,2,296.94,1.18,N,0
19.41384,80.82181,308.1,0.42,0.38,2022-04-01,2023,N20,VIIRS,n,2,297.18,1.32,N,0
19.41725,80.82253,310.2,0.42,0.38,2022-04-01,2023,N20,VIIRS,n,2,297.43,1.63,N,0
19.42741,77.53161,309.21,0.39,0.36,2022-04-01,2023,N20,VIIRS,n,2,296.86,1.82,N,0
19.44869,80.15716,317.52,0.4,0.37,2022-04-01,2023,N20,VIIRS,n,2,298.12,1.38,N,0
19.45142,80.16153,319.09,0.4,0.37,2022-04-01,2023,N20,VIIRS,n,2,299.21,1.38,N,0
19.45963,80.51263,308.96,0.41,0.37,2022-04-01,2023,N20,VIIRS,n,2,298.45,1.31,N,0
19.46302,80.51325,310.61,0.41,0.37,2022-04-01,2023,N20,VIIRS,n,2,298.15,1.28,N,0
19.49292,80.64669,308.56,0.41,0.37,2022-04-01,2023,N20,VIIRS,n,2,297.55,1.0,N,0
19.54315,79.99563,308.87,0.4,0.37,2022-04-01,2023,N20,VIIRS,n,2,298.5,1.11,N,0
19.54921,80.0006,309.9,0.4,0.37,2022-04-01,2023,N20,VIIRS,n,2,298.77,0.65,N,0
19.55146,77.24568,312.75,0.4,0.37,2022-04-01,2023,N20,VIIRS,n,2,297.44,2.11,N,0
19.577,80.52611,315.52,0.41,0.37,2022-04-01,2023,N20,VIIRS,n,2,297.73,1.24,N,0
19.57764,80.52232,311.16,0.41,0.37,2022-04-01,2023,N20,VIIRS,n,2,298.04,1.52,N,0
19.58375,79.93751,307.8,0.4,0.37,2022-04-01,2023,N20,VIIRS,n,2,297.71,0.38,N,0
19.59851,79.55865,313.84,0.39,0.36,2022-04-01,2023,N20,VIIRS,n,2,299.19,0.92,N,0
19.60183,79.55925,313.57,0.39,0.36,2022-04-01,2023,N20,VIIRS,n,2,299.02,1.23,N,0
19.60574,79.55617,319.33,0.39,0.36,2022-04-01,2023,N20,VIIRS,n,2,298.93,1.23,N,0
19.60723,80.59531,310.88,0.41,0.37,2022-04-01,2023,N20,VIIRS,n,2,297.48,0.9,N,0
19.617,79.56912,314.77,0.39,0.36,2022-04-01,2023,N20,VIIRS,n,2,298.76,1.15,N,0
19.63653,80.15192,313.04,0.4,0.37,2022-04-01,2023,N20,VIIRS,n,2,298.59,1.2,N,0
19.67605,80.68774,309.77,0.41,0.37,2022-04-01,2023,N20,VIIRS,n,2,298.61,1.56,N,0
19.67864,77.35133,322.4,0.4,0.37,2022-04-01,2023,N20,VIIRS,n,2,295.75,1.74,N,0
19.68198,77.3519,316.58,0.4,0.37,2022-04-01,2023,N20,VIIRS,n,2,295.11,1.22,N,0
19.69513,80.69934,310.87,0.41,0.37,2022-04-01,2023,N20,VIIRS,n,2,298.19,2.44,N,0
19.69902,80.67631,310.07,0.41,0.37,2022-04-01,2023,N20,VIIRS,n,2,298.11,1.92,N,0
19.71845,80.0739,309.59,0.4,0.37,2022-04-01,2023,N20,VIIRS,n,2,299.02,1.16,N,0
19.72179,80.07451,310.3,0.4,0.37,2022-04-01,2023,N20,VIIRS,n,2,298.95,1.22,N,0
19.72227,78.22442,314.87,0.39,0.36,2022-04-01,2023,N20,VIIRS,n,2,296.69,2.07,N,0
19.72923,79.52877,310.46,0.39,0.36,2022-04-01,2023,N20,VIIRS,n,2,298.84,1.03,N,0
19.72984,79.5251,319.45,0.39,0.36,2022-04-01,2023,N20,VIIRS,n,2,298.81,1.03,N,0
19.73837,78.18601,311.61,0.39,0.36,2022-04-01,2023,N20,VIIRS,n,2,296.5,0.88,N,0
19.7575,80.00382,312.33,0.4,0.37,2022-04-01,2023,N20,VIIRS,n,2,299.25,0.99,N,0
19.75811,80.00008,308.68,0.4,0.37,2022-04-01,2023,N20,VIIRS,n,2,298.58,0.94,N,0
19.76049,79.99993,311.01,0.4,0.37,2022-04-01,2023,N20,VIIRS,n,2,299.14,0.73,N,0
19.76382,80.00053,310.01,0.4,0.37,2022-04-01,2023,N20,VIIRS,n,2,299.18,0.73,N,0
19.77342,77.89117,305.02,0.39,0.36,2022-04-01,2023,N20,VIIRS,n,2,294.07,0.62,N,0
19.77398,77.88751,316.63,0.39,0.36,2022-04-01,2023,N20,VIIRS,n,2,295.96,1.53,N,0
19.77617,77.89545,306.88,0.39,0.36,2022-04-01,2023,N20,VIIRS,n,2,296.5,1.31,N,0
19.77948,77.89603,314.22,0.39,0.36,2022-04-01,2023,N20,VIIRS,n,2,296.99,1.31,N,0
19.78712,79.14748,312.38,0.39,0.36,2022-04-01,2023,N20,VIIRS,n,2,301.58,0.92,N,2
19.80863,77.92755,314.68,0.39,0.36,2022-04-01,2023,N20,VIIRS,n,2,299.17,2.28,N,0
19.81961,77.94456,308.37,0.39,0.36,2022-04-01,2023,N20,VIIRS,n,2,298.01,1.63,N,0
19.82881,77.52469,315.56,0.39,0.36,2022-04-01,2023,N20,VIIRS,n,2,296.47,1.61,N,0
19.84257,78.21479,324.44,0.39,0.36,2022-04-01,2023,N20,VIIRS,n,2,299.29,2.47,N,0
19.84447,80.21268,315.72,0.4,0.37,2022-04-01,2023,N20,VIIRS,n,2,298.23,1.89,N,0
19.85132,81.18828,311.07,0.43,0.38,2022-04-01,2023,N20,VIIRS,n,2,296.83,1.87,N,0
19.86821,77.7825,308.82,0.39,0.36,2022-04-01,2023,N20,VIIRS,n,2,294.94,1.18,N,0
19.88495,81.09529,307.07,0.42,0.38,2022-04-01,2023,N20,VIIRS,n,2,296.93,1.71,N,0
19.88705,81.10381,311.02,0.42,0.38,2022-04-01,2023,N20,VIIRS,n,2,297.96,1.37,N,0
19.88771,81.09994,310.78,0.42,0.38,2022-04-01,2023,N20,VIIRS,n,2,298.29,1.37,N,0
19.91371,81.08837,310.98,0.42,0.38,2022-04-01,2023,N20,VIIRS,n,2,298.18,1.92,N,0
19.96439,79.33669,309.76,0.39,0.36,2022-04-01,2023,N20,VIIRS,n,2,298.32,1.67,N,2
19.9948,77.73157,316.99,0.39,0.36,2022-04-01,2023,N20,VIIRS,n,2,299.98,2.03,N,0
19.99812,77.73211,311.09,0.39,0.36,2022-04-01,2023,N20,VIIRS,n,2,297.21,1.17,N,0
15.807,78.69746,314.64,0.39,0.36,2022-04-01,2024,N20,VIIRS,n,2,297.85,1.18,N,0
16.69552,79.64975,308.71,0.41,0.37,2022-04-01,2024,N20,VIIRS,n,2,298.6,0.64,N,2
16.84406,77.78059,329.47,0.38,0.36,2022-04-01,2024,N20,VIIRS,n,2,297.28,1.62,N,0
15.53436,79.25562,332.29,0.47,0.47,2022-04-02,733,N20,VIIRS,l,2,305.3,2.79,D,0
15.53874,79.25514,351.67,0.47,0.47,2022-04-02,733,N20,VIIRS,n,2,310.92,18.15,D,0
15.53949,79.25932,333.65,0.47,0.47,2022-04-02,733,N20,VIIRS,n,2,303.56,18.15,D,0
15.7051,77.14192,335.03,0.32,0.54,2022-04-02,733,N20,VIIRS,l,2,308.86,3.14,D,0
16.00639,77.74171,343.31,0.57,0.52,2022-04-02,733,N20,VIIRS,n,2,307.64,8.37,D,0
16.02464,77.50208,339.98,0.59,0.53,2022-04-02,733,N20,VIIRS,n,2,308.29,4.79,D,0
16.12376,79.83701,339.66,0.42,0.45,2022-04-02,733,N20,VIIRS,n,2,304.15,3.05,D,0
16.20942,78.51578,334.24,0.51,0.49,2022-04-02,733,N20,VIIRS,n,2,303.75,8.7,D,0
16.23603,77.44371,338.86,0.59,0.53,2022-04-02,733,N20,VIIRS,n,2,306.89,6.14,D,0
16.37582,80.86417,330.9,0.54,0.42,2022-04-02,733,N20,VIIRS,n,2,301.58,3.17,D,0
16.43248,81.10261,334.22,0.52,0.42,2022-04-02,733,N20,VIIRS,l,2,304.65,2.35,D,0
16.49415,78.24403,334.19,0.52,0.5,2022-04-02,733,N20,VIIRS,l,2,308.29,4.67,D,0
16.6364,79.32931,331.98,0.44,0.46,2022-04-02,733,N20,VIIRS,l,2,305.59,1.29,D,0
16.67496,78.72045,339.6,0.48,0.48,2022-04-02,733,N20,VIIRS,n,2,308.29,4.31,D,0
16.78174,77.54989,334.31,0.57,0.52,2022-04-02,733,N20,VIIRS,l,2,305.81,3.07,D,0
17.32536,77.54338,337.45,0.56,0.51,2022-04-02,733,N20,VIIRS,l,2,311.13,5.88,D,0
17.38754,81.22667,332.38,0.5,0.41,2022-04-02,733,N20,VIIRS,n,2,301.33,1.33,D,0
17.39968,81.47323,332.07,0.49,0.4,2022-04-02,733,N20,VIIRS,n,2,302.0,5.55,D,0
17.4292,78.00477,343.9,0.52,0.5,2022-04-02,733,N20,VIIRS,n,2,310.12,11.13,D,0
17.45547,77.22266,344.34,0.58,0.52,2022-04-02,733,N20,VIIRS,n,2,313.79,21.6,D,0
17.45621,77.2258,345.24,0.58,0.52,2022-04-02,733,N20,VIIRS,n,2,314.68,20.68,D,0
17.49025,78.97154,333.03,0.45,0.47,2022-04-02,733,N20,VIIRS,l,2,304.37,2.93,D,0
17.73037,80.57847,340.75,0.54,0.42,2022-04-02,733,N20,VIIRS,n,2,302.58,4.91,D,0
17.87646,81.05737,331.18,0.5,0.41,2022-04-02,733,N20,VIIRS,n,2,301.04,2.47,D,0
17.95337,80.76402,331.86,0.52,0.42,2022-04-02,733,N20,VIIRS,l,2,305.24,2.25,D,0
18.14431,81.23413,332.28,0.49,0.4,2022-04-02,733,N20,VIIRS,l,2,307.01,3.35,D,0
18.30192,81.01762,332.54,0.5,0.41,2022-04-02,733,N20,VIIRS,l,2,303.94,1.68,D,0
18.31465,81.02482,331.88,0.5,0.41,2022-04-02,733,N20,VIIRS,l,2,305.29,1.64,D,0
18.32897,81.04121,331.41,0.5,0.41,2022-04-02,733,N20,VIIRS,l,2,305.05,3.29,D,0
18.34317,80.99072,330.4,0.5,0.41,2022-04-02,733,N20,VIIRS,l,2,304.99,1.44,D,0
18.04681,77.39249,345.5,0.55,0.51,2022-04-02,734,N20,VIIRS,l,2,316.7,11.99,D,0
18.14926,79.1657,335.81,0.43,0.46,2022-04-02,734,N20,VIIRS,l,2,308.06,3.82,D,0
18.2413,77.88468,339.53,0.51,0.49,2022-04-02,734,N20,VIIRS,l,2,311.82,2.82,D,0
18.33509,77.53994,344.94,0.54,0.51,2022-04-02,734,N20,VIIRS,l,2,318.69,16.08,D,0
18.34312,80.56691,330.81,0.53,0.42,2022-04-02,734,N20,VIIRS,l,2,305.16,3.11,D,0
18.37602,81.01494,334.6,0.5,0.41,2022-04-02,734,N20,VIIRS,l,2,306.08,3.1,D,0
18.3883,80.22991,333.76,0.55,0.43,2022-04-02,734,N20,VIIRS,n,2,303.29,1.88,D,0
18.39729,79.47144,330.7,0.4,0.45,2022-04-02,734,N20,VIIRS,n,2,301.11,2.15,D,0
18.46115,77.11925,347.76,0.57,0.52,2022-04-02,734,N20,VIIRS,n,2,320.17,14.06,D,0
18.48868,78.19637,338.53,0.48,0.48,2022-04-02,734,N20,VIIRS,n,2,308.06,1.68,D,0
18.52107,81.02334,334.14,0.49,0.41,2022-04-02,734,N20,VIIRS,l,2,306.79,3.0,D,0
18.52677,81.27234,343.02,0.48,0.4,2022-04-02,734,N20,VIIRS,n,2,305.12,17.88,D,0
18.55149,80.5778,339.57,0.52,0.42,2022-04-02,734,N20,VIIRS,n,2,308.64,5.46,D,0
18.61657,80.6152,331.07,0.52,0.41,2022-04-02,734,N20,VIIRS,l,2,303.5,1.4,D,0
18.62027,80.61407,336.05,0.52,0.41,2022-04-02,734,N20,VIIRS,n,2,305.12,1.76,D,0
18.62311,80.91826,337.62,0.5,0.41,2022-04-02,734,N20,VIIRS,n,2,307.0,4.61,D,0
18.66074,80.53413,344.46,0.52,0.42,2022-04-02,734,N20,VIIRS,n,2,307.05,5.77,D,0
18.66365,80.52847,334.86,0.52,0.42,2022-04-02,734,N20,VIIRS,l,2,306.89,5.77,D,0
18.7219,79.90704,332.28,0.56,0.43,2022-04-02,734,N20,VIIRS,l,2,304.24,3.76,D,0
18.72253,79.90887,336.52,0.57,0.43,2022-04-02,734,N20,VIIRS,n,2,304.38,4.07,D,0
18.72286,79.91229,330.3,0.56,0.43,2022-04-02,734,N20,VIIRS,l,2,304.39,4.44,D,0
18.72346,79.91412,336.95,0.56,0.43,2022-04-02,734,N20,VIIRS,n,2,304.76,4.07,D,0
18.7241,79.53776,341.28,0.4,0.44,2022-04-02,734,N20,VIIRS,n,2,308.01,5.52,D,0
18.72581,79.90627,333.11,0.56,0.43,2022-04-02,734,N20,VIIRS,l,2,303.89,4.77,D,0
18.72774,79.91675,334.49,0.56,0.43,2022-04-02,734,N20,VIIRS,n,2,304.38,3.28,D,0
18.7283,79.91859,333.53,0.56,0.43,2022-04-02,734,N20,VIIRS,l,2,304.43,5.61,D,0
18.73095,78.15631,336.56,0.48,0.48,2022-04-02,734,N20,VIIRS,l,2,309.52,6.4,D,0
18.76987,80.73637,331.35,0.51,0.41,2022-04-02,734,N20,VIIRS,l,2,305.97,1.88,D,0
18.77105,80.73813,340.98,0.51,0.41,2022-04-02,734,N20,VIIRS,n,2,305.73,2.85,D,0
18.77456,80.58337,345.3,0.52,0.41,2022-04-02,734,N20,VIIRS,n,2,305.95,8.31,D,0
18.77654,80.2274,331.09,0.54,0.42,2022-04-02,734,N20,VIIRS,l,2,304.31,2.71,D,0
18.78834,77.19277,348.41,0.55,0.51,2022-04-02,734,N20,VIIRS,l,2,320.52,14.62,D,0
18.83857,80.56994,330.28,0.52,0.41,2022-04-02,734,N20,VIIRS,l,2,303.0,2.39,D,0
18.84287,79.31506,330.3,0.41,0.45,2022-04-02,734,N20,VIIRS,l,2,303.93,1.43,D,0
18.86117,80.1215,340.05,0.55,0.42,2022-04-02,734,N20,VIIRS,n,2,304.16,5.38,D,0
18.868,80.11491,334.18,0.55,0.42,2022-04-02,734,N20,VIIRS,l,2,305.36,4.77,D,0
18.8686,80.11227,338.82,0.55,0.42,2022-04-02,734,N20,VIIRS,n,2,306.17,4.22,D,0
18.88898,79.61897,353.66,0.39,0.44,2022-04-02,734,N20,VIIRS,n,2,305.81,5.76,D,0
18.89093,79.61773,347.2,0.39,0.44,2022-04-02,734,N20,VIIRS,n,2,305.34,4.59,D,0
18.90905,78.97285,333.08,0.42,0.46,2022-04-02,734,N20,VIIRS,l,2,304.92,3.13,D,0
18.92957,80.51177,339.28,0.52,0.41,2022-04-02,734,N20,VIIRS,n,2,304.8,6.81,D,0
18.93333,80.511,351.27,0.52,0.41,2022-04-02,734,N20,VIIRS,n,2,306.09,6.81,D,0
18.94316,77.32622,344.55,0.54,0.51,2022-04-02,734,N20,VIIRS,l,2,317.4,7.45,D,0
18.95637,80.11169,332.49,0.55,0.42,2022-04-02,734,N20,VIIRS,l,2,304.73,5.91,D,0
18.95818,77.2808,343.22,0.54,0.51,2022-04-02,734,N20,VIIRS,n,2,315.41,7.18,D,0
18.95916,77.28583,343.79,0.54,0.51,2022-04-02,734,N20,VIIRS,n,2,315.27,7.18,D,0
18.9598,78.75428,344.98,0.44,0.46,2022-04-02,734,N20,VIIRS,n,2,307.24,4.8,D,0
18.96277,77.27984,343.59,0.54,0.51,2022-04-02,734,N20,VIIRS,l,2,317.58,12.5,D,0
18.96375,77.28482,344.23,0.54,0.51,2022-04-02,734,N20,VIIRS,n,2,315.25,12.5,D,0
18.96763,80.55132,335.45,0.52,0.41,2022-04-02,734,N20,VIIRS,n,2,305.22,3.29,D,0
18.98597,80.6325,343.09,0.51,0.41,2022-04-02,734,N20,VIIRS,n,2,304.03,5.21,D,0
18.98972,80.63177,337.28,0.51,0.41,2022-04-02,734,N20,VIIRS,n,2,303.72,3.38,D,0
19.00718,80.31017,334.68,0.53,0.42,2022-04-02,734,N20,VIIRS,n,2,303.39,2.26,D,0
19.02376,79.56789,342.27,0.39,0.44,2022-04-02,734,N20,VIIRS,n,2,307.73,4.72,D,0
19.02459,80.45457,331.43,0.52,0.42,2022-04-02,734,N20,VIIRS,l,2,304.85,1.98,D,0
19.02505,80.24065,341.29,0.54,0.42,2022-04-02,734,N20,VIIRS,n,2,305.97,5.65,D,0
19.04039,79.79199,337.77,0.57,0.43,2022-04-02,734,N20,VIIRS,n,2,306.86,7.58,D,0
19.04141,79.39232,333.39,0.4,0.44,2022-04-02,734,N20,VIIRS,l,2,307.91,3.61,D,0
19.04149,79.79411,336.53,0.57,0.43,2022-04-02,734,N20,VIIRS,l,2,306.97,12.48,D,0
19.04431,79.79118,334.0,0.57,0.43,2022-04-02,734,N20,VIIRS,l,2,304.64,7.58,D,0
19.06366,77.48139,346.34,0.52,0.5,2022-04-02,734,N20,VIIRS,l,2,319.88,11.9,D,0
19.07734,80.08125,339.64,0.55,0.42,2022-04-02,734,N20,VIIRS,n,2,305.67,3.63,D,0
19.10074,80.16585,342.14,0.54,0.42,2022-04-02,734,N20,VIIRS,n,2,308.57,10.98,D,0
19.10327,80.16801,343.96,0.54,0.42,2022-04-02,734,N20,VIIRS,n,2,310.66,21.72,D,0
19.10414,80.24068,331.75,0.53,0.42,2022-04-02,734,N20,VIIRS,l,2,306.74,3.83,D,0
19.10458,80.16511,344.17,0.54,0.42,2022-04-02,734,N20,VIIRS,n,2,309.64,10.98,D,0
19.11344,80.01585,335.27,0.55,0.43,2022-04-02,734,N20,VIIRS,l,2,307.07,3.79,D,0
19.12667,78.90031,332.96,0.43,0.46,2022-04-02,734,N20,VIIRS,l,2,306.06,2.6,D,0
19.12735,77.90117,344.77,0.49,0.49,2022-04-02,734,N20,VIIRS,n,2,314.85,8.14,D,0
19.18882,79.2114,333.85,0.41,0.45,2022-04-02,734,N20,VIIRS,l,2,307.33,1.67,D,0
19.19025,77.49757,340.18,0.52,0.5,2022-04-02,734,N20,VIIRS,n,2,312.48,2.57,D,0
19.21367,80.72888,336.31,0.5,0.41,2022-04-02,734,N20,VIIRS,n,2,307.0,3.14,D,0
19.22423,80.50479,342.15,0.51,0.41,2022-04-02,734,N20,VIIRS,n,2,306.79,7.3,D,0
19.22508,80.50964,330.79,0.51,0.41,2022-04-02,734,N20,VIIRS,l,2,305.15,4.54,D,0
19.22543,80.48954,331.73,0.52,0.41,2022-04-02,734,N20,VIIRS,l,2,305.47,1.75,D,0
19.22799,80.50407,350.34,0.51,0.41,2022-04-02,734,N20,VIIRS,n,2,307.88,7.3,D,0
19.22884,80.50892,337.21,0.51,0.41,2022-04-02,734,N20,VIIRS,n,2,305.51,4.54,D,0
19.22886,80.39806,339.65,0.52,0.42,2022-04-02,734,N20,VIIRS,n,2,306.76,6.09,D,0
19.22919,80.48881,341.6,0.52,0.41,2022-04-02,734,N20,VIIRS,n,2,305.94,2.94,D,0
19.23174,80.50333,334.95,0.51,0.41,2022-04-02,734,N20,VIIRS,l,2,305.45,2.73,D,0
19.23177,80.39237,333.19,0.52,0.42,2022-04-02,734,N20,VIIRS,l,2,306.7,1.99,D,0
19.23294,80.48804,334.7,0.52,0.41,2022-04-02,734,N20,VIIRS,l,2,304.81,2.94,D,0
19.23755,77.71648,341.18,0.5,0.49,2022-04-02,734,N20,VIIRS,l,2,315.26,6.83,D,0
19.23886,78.3619,335.39,0.46,0.47,2022-04-02,734,N20,VIIRS,l,2,309.28,3.39,D,0
19.25632,80.48837,331.39,0.52,0.41,2022-04-02,734,N20,VIIRS,l,2,305.54,2.22,D,0
19.27246,80.46777,347.09,0.52,0.41,2022-04-02,734,N20,VIIRS,n,2,305.81,6.57,D,0
19.27621,80.46706,339.54,0.52,0.41,2022-04-02,734,N20,VIIRS,n,2,305.33,6.57,D,0
19.28378,77.93213,340.61,0.49,0.48,2022-04-02,734,N20,VIIRS,l,2,314.25,5.2,D,0
19.28579,80.76884,336.93,0.5,0.41,2022-04-02,734,N20,VIIRS,n,2,305.29,8.28,D,0
19.28661,80.77357,344.53,0.5,0.41,2022-04-02,734,N20,VIIRS,n,2,306.65,6.4,D,0
19.29002,78.76826,343.04,0.43,0.46,2022-04-02,734,N20,VIIRS,n,2,307.83,4.33,D,0
19.2903,80.7728,342.55,0.5,0.41,2022-04-02,734,N20,VIIRS,n,2,304.35,6.4,D,0
19.29043,80.32787,335.68,0.52,0.42,2022-04-02,734,N20,VIIRS,l,2,306.72,2.97,D,0
19.29526,77.20947,344.94,0.54,0.51,2022-04-02,734,N20,VIIRS,n,2,317.79,19.3,D,0
19.30768,80.2478,331.87,0.53,0.42,2022-04-02,734,N20,VIIRS,l,2,306.4,2.25,D,0
19.31149,80.24706,342.08,0.53,0.42,2022-04-02,734,N20,VIIRS,n,2,306.45,6.63,D,0
19.31534,80.42432,332.65,0.52,0.41,2022-04-02,734,N20,VIIRS,l,2,306.4,1.86,D,0
19.31964,80.55837,330.26,0.51,0.41,2022-04-02,734,N20,VIIRS,l,2,304.28,2.1,D,0
19.33176,80.45122,335.16,0.52,0.41,2022-04-02,734,N20,VIIRS,l,2,306.36,3.73,D,0
19.33189,79.16681,331.67,0.41,0.45,2022-04-02,734,N20,VIIRS,l,2,305.21,1.08,D,0
19.38525,78.72337,335.89,0.43,0.46,2022-04-02,734,N20,VIIRS,l,2,308.42,2.42,D,0
19.3859,78.72018,338.85,0.43,0.46,2022-04-02,734,N20,VIIRS,l,2,308.98,3.03,D,0
19.38718,80.47771,335.39,0.51,0.41,2022-04-02,734,N20,VIIRS,l,2,306.77,2.09,D,0
19.39178,80.48174,331.77,0.51,0.41,2022-04-02,734,N20,VIIRS,l,2,305.95,2.14,D,0
19.39757,80.47066,334.02,0.51,0.41,2022-04-02,734,N20,VIIRS,n,2,307.7,2.46,D,0
19.40048,80.04402,338.12,0.54,0.42,2022-04-02,734,N20,VIIRS,l,2,309.02,2.92,D,0
19.40132,80.46992,332.34,0.51,0.41,2022-04-02,734,N20,VIIRS,l,2,306.2,2.46,D,0
19.40374,80.2416,334.62,0.53,0.42,2022-04-02,734,N20,VIIRS,l,2,308.7,1.73,D,0
19.4059,80.89781,334.31,0.49,0.4,2022-04-02,734,N20,VIIRS,l,2,306.09,2.59,D,0
19.40923,80.82932,341.72,0.49,0.4,2022-04-02,734,N20,VIIRS,n,2,303.09,3.32,D,0
19.41209,80.82391,336.0,0.49,0.4,2022-04-02,734,N20,VIIRS,n,2,305.67,4.6,D,0
19.41288,80.82848,331.75,0.49,0.4,2022-04-02,734,N20,VIIRS,l,2,304.89,5.76,D,0
19.42196,77.29999,347.41,0.53,0.5,2022-04-02,734,N20,VIIRS,n,2,318.14,7.12,D,0
19.42341,80.37505,334.72,0.52,0.41,2022-04-02,734,N20,VIIRS,l,2,306.4,2.3,D,0
19.42586,78.05733,348.35,0.47,0.48,2022-04-02,734,N20,VIIRS,l,2,320.93,10.17,D,0
19.43937,80.24757,337.79,0.53,0.42,2022-04-02,734,N20,VIIRS,l,2,308.61,3.1,D,0
19.44052,80.24961,341.86,0.53,0.42,2022-04-02,734,N20,VIIRS,n,2,308.48,5.11,D,0
19.44542,80.60973,332.02,0.5,0.41,2022-04-02,734,N20,VIIRS,l,2,305.56,2.66,D,0
19.4466,81.28487,331.88,0.47,0.4,2022-04-02,734,N20,VIIRS,n,2,305.14,1.84,D,0
19.44688,80.15849,332.89,0.53,0.42,2022-04-02,734,N20,VIIRS,l,2,306.11,2.58,D,0
19.4478,80.16357,335.17,0.53,0.42,2022-04-02,734,N20,VIIRS,n,2,306.45,2.58,D,0
19.44829,80.20995,334.11,0.53,0.42,2022-04-02,734,N20,VIIRS,l,2,307.54,2.81,D,0
19.45677,78.42866,341.01,0.45,0.47,2022-04-02,734,N20,VIIRS,l,2,311.49,3.16,D,0
19.47065,78.38599,342.06,0.45,0.47,2022-04-02,734,N20,VIIRS,l,2,312.23,6.35,D,0
19.47755,78.28238,342.74,0.46,0.47,2022-04-02,734,N20,VIIRS,n,2,314.88,6.02,D,0
19.48366,80.40629,340.45,0.52,0.41,2022-04-02,734,N20,VIIRS,n,2,306.73,6.55,D,0
19.48473,79.90303,343.03,0.55,0.43,2022-04-02,734,N20,VIIRS,n,2,308.81,2.98,D,0
19.48586,79.90475,344.42,0.55,0.43,2022-04-02,734,N20,VIIRS,n,2,308.94,8.49,D,0
19.4886,79.90224,335.28,0.55,0.43,2022-04-02,734,N20,VIIRS,l,2,307.71,2.98,D,0
19.48972,79.90397,344.94,0.55,0.43,2022-04-02,734,N20,VIIRS,n,2,309.07,6.01,D,0
19.49246,79.90142,341.1,0.55,0.43,2022-04-02,734,N20,VIIRS,n,2,309.07,6.02,D,0
19.49358,79.90317,338.02,0.55,0.43,2022-04-02,734,N20,VIIRS,l,2,308.38,6.01,D,0
19.5182,77.30777,354.42,0.53,0.5,2022-04-02,734,N20,VIIRS,n,2,318.48,18.71,D,0
19.52295,77.2107,344.7,0.53,0.5,2022-04-02,734,N20,VIIRS,n,2,317.99,7.86,D,0
19.52752,77.20974,343.24,0.53,0.5,2022-04-02,734,N20,VIIRS,l,2,317.29,6.36,D,0
19.52827,77.21286,344.34,0.53,0.5,2022-04-02,734,N20,VIIRS,l,2,315.82,7.83,D,0
19.54784,80.00388,336.23,0.54,0.42,2022-04-02,734,N20,VIIRS,l,2,309.53,3.57,D,0
19.55071,77.23064,345.42,0.53,0.5,2022-04-02,734,N20,VIIRS,l,2,318.8,8.72,D,0
19.55116,80.45838,337.49,0.51,0.41,2022-04-02,734,N20,VIIRS,n,2,306.65,4.81,D,0
19.55151,80.02422,345.04,0.54,0.42,2022-04-02,734,N20,VIIRS,n,2,309.32,6.44,D,0
19.55168,80.00309,343.68,0.54,0.42,2022-04-02,734,N20,VIIRS,n,2,310.0,3.57,D,0
19.5517,77.2356,345.76,0.53,0.5,2022-04-02,734,N20,VIIRS,l,2,317.33,8.72,D,0
19.55561,77.25526,346.05,0.53,0.5,2022-04-02,734,N20,VIIRS,l,2,320.13,3.84,D,0
19.55561,80.52771,330.42,0.51,0.41,2022-04-02,734,N20,VIIRS,l,2,304.64,4.32,D,0
19.58449,80.51628,334.8,0.51,0.41,2022-04-02,734,N20,VIIRS,n,2,306.71,2.93,D,0
19.58947,78.36652,342.11,0.45,0.47,2022-04-02,734,N20,VIIRS,l,2,316.07,7.54,D,0
19.59213,79.98448,336.53,0.54,0.42,2022-04-02,734,N20,VIIRS,l,2,308.17,2.53,D,0
19.6128,80.10119,344.22,0.53,0.42,2022-04-02,734,N20,VIIRS,n,2,308.41,7.12,D,0
19.62229,79.56519,336.43,0.57,0.43,2022-04-02,734,N20,VIIRS,l,2,307.4,6.77,D,0
19.62623,79.56439,340.5,0.57,0.43,2022-04-02,734,N20,VIIRS,n,2,306.12,7.24,D,0
19.63917,80.25065,337.78,0.52,0.42,2022-04-02,734,N20,VIIRS,n,2,310.51,3.18,D,0
19.65716,80.46353,333.02,0.51,0.41,2022-04-02,734,N20,VIIRS,l,2,307.03,1.61,D,0
19.65766,80.6844,331.51,0.5,0.41,2022-04-02,734,N20,VIIRS,l,2,304.9,4.18,D,0
19.66651,79.18497,335.5,0.4,0.44,2022-04-02,734,N20,VIIRS,l,2,308.77,1.74,D,0
19.68415,77.69668,344.71,0.49,0.49,2022-04-02,734,N20,VIIRS,l,2,319.22,9.57,D,0
19.69419,80.69673,337.16,0.5,0.41,2022-04-02,734,N20,VIIRS,n,2,305.07,3.54,D,0
19.69904,80.68075,332.83,0.5,0.41,2022-04-02,734,N20,VIIRS,l,2,306.32,3.0,D,0
19.69963,78.3957,345.93,0.45,0.47,2022-04-02,734,N20,VIIRS,l,2,319.76,8.9,D,0
19.70683,80.47646,333.68,0.51,0.41,2022-04-02,734,N20,VIIRS,l,2,306.39,2.85,D,0
19.71356,81.06687,333.9,0.48,0.4,2022-04-02,734,N20,VIIRS,n,2,305.11,2.44,D,0
19.71717,79.53224,345.97,0.57,0.43,2022-04-02,734,N20,VIIRS,n,2,306.34,10.16,D,0
19.7211,79.53143,339.68,0.57,0.43,2022-04-02,734,N20,VIIRS,n,2,306.49,8.38,D,0
19.72173,80.07749,335.31,0.53,0.42,2022-04-02,734,N20,VIIRS,l,2,308.1,4.99,D,0
19.72897,79.52977,336.52,0.57,0.43,2022-04-02,734,N20,VIIRS,l,2,308.35,5.25,D,0
19.72994,79.53519,335.45,0.57,0.43,2022-04-02,734,N20,VIIRS,l,2,307.33,5.25,D,0
19.73172,81.06376,332.11,0.48,0.4,2022-04-02,734,N20,VIIRS,l,2,305.29,2.88,D,0
19.73538,81.06327,342.8,0.48,0.4,2022-04-02,734,N20,VIIRS,n,2,310.76,5.94,D,0
19.75719,79.51088,333.99,0.57,0.43,2022-04-02,734,N20,VIIRS,l,2,306.18,2.01,D,0
19.75819,79.51628,340.65,0.57,0.43,2022-04-02,734,N20,VIIRS,n,2,305.93,4.22,D,0
19.75962,78.13657,349.06,0.46,0.47,2022-04-02,734,N20,VIIRS,n,2,315.48,8.61,D,0
19.76212,79.51546,345.64,0.57,0.43,2022-04-02,734,N20,VIIRS,n,2,307.55,16.75,D,0
19.76394,78.13586,354.53,0.46,0.47,2022-04-02,734,N20,VIIRS,n,2,317.86,22.22,D,0
19.76604,80.43981,344.96,0.51,0.41,2022-04-02,734,N20,VIIRS,n,2,307.83,5.02,D,0
19.76908,78.13943,352.54,0.46,0.47,2022-04-02,734,N20,VIIRS,n,2,316.06,18.59,D,0
19.77336,80.59094,336.99,0.5,0.41,2022-04-02,734,N20,VIIRS,n,2,308.2,2.92,D,0
19.77599,79.59055,344.34,0.57,0.43,2022-04-02,734,N20,VIIRS,n,2,307.3,4.54,D,0
19.79224,77.54839,344.72,0.5,0.49,2022-04-02,734,N20,VIIRS,l,2,318.55,7.28,D,0
19.83488,78.21471,353.06,0.46,0.47,2022-04-02,734,N20,VIIRS,n,2,319.15,8.52,D,0
19.83567,78.21881,343.92,0.46,0.47,2022-04-02,734,N20,VIIRS,l,2,315.74,8.52,D,0
19.83708,78.21748,349.89,0.46,0.47,2022-04-02,734,N20,VIIRS,n,2,318.05,16.44,D,0
19.84071,78.22197,345.28,0.45,0.47,2022-04-02,734,N20,VIIRS,l,2,317.02,7.13,D,0
19.8469,80.34624,336.99,0.51,0.41,2022-04-02,734,N20,VIIRS,l,2,308.35,3.73,D,0
19.86127,81.03026,331.99,0.48,0.4,2022-04-02,734,N20,VIIRS,l,2,305.4,1.19,D,0
19.90099,78.70208,345.45,0.42,0.46,2022-04-02,734,N20,VIIRS,l,2,315.86,6.96,D,0
19.93084,79.37129,337.62,0.39,0.44,2022-04-02,734,N20,VIIRS,n,2,307.51,2.95,D,0
19.94402,77.42087,350.6,0.51,0.49,2022-04-02,734,N20,VIIRS,n,2,318.33,15.39,D,0
19.97662,78.40453,344.48,0.44,0.46,2022-04-02,734,N20,VIIRS,l,2,317.75,6.04,D,0
19.99023,78.59563,345.46,0.43,0.46,2022-04-02,734,N20,VIIRS,l,2,319.49,10.3,D,0
19.99202,78.18681,346.04,0.45,0.47,2022-04-02,734,N20,VIIRS,l,2,321.0,8.91,D,0
17.58462,80.31603,308.24,0.43,0.38,2022-04-02,2004,N20,VIIRS,n,2,296.89,1.55,N,2
17.67356,80.47762,308.33,0.43,0.38,2022-04-02,2004,N20,VIIRS,n,2,296.81,0.85,N,0
17.95072,80.76212,316.53,0.42,0.38,2022-04-02,2004,N20,VIIRS,n,2,297.78,1.47,N,0
17.95416,80.76268,315.83,0.42,0.38,2022-04-02,2004,N20,VIIRS,n,2,298.34,1.47,N,0
18.33959,77.21963,318.35,0.43,0.46,2022-04-02,2004,N20,VIIRS,n,2,297.69,3.07,N,0
18.6493,80.81988,308.26,0.42,0.38,2022-04-02,2004,N20,VIIRS,n,2,295.16,1.88,N,0
18.72275,79.53745,327.1,0.48,0.4,2022-04-02,2004,N20,VIIRS,n,2,300.87,1.81,N,0
18.72641,79.53803,313.11,0.48,0.4,2022-04-02,2004,N20,VIIRS,n,2,300.66,1.81,N,0
18.75123,80.23579,311.49,0.45,0.39,2022-04-02,2004,N20,VIIRS,n,2,297.15,1.62,N,0
19.06514,80.62054,306.64,0.43,0.38,2022-04-02,2004,N20,VIIRS,n,2,296.27,1.51,N,0
19.1545,80.95332,308.44,0.42,0.38,2022-04-02,2004,N20,VIIRS,n,2,292.84,1.55,N,0
19.1585,80.95011,305.75,0.42,0.38,2022-04-02,2004,N20,VIIRS,n,2,292.04,1.03,N,0
19.16132,80.95506,306.74,0.42,0.38,2022-04-02,2004,N20,VIIRS,n,2,291.84,1.03,N,0
19.18413,80.64678,306.89,0.43,0.38,2022-04-02,2004,N20,VIIRS,n,2,296.23,1.16,N,0
19.40998,80.90607,311.67,0.43,0.38,2022-04-02,2004,N20,VIIRS,n,2,292.07,1.23,N,0
19.41462,80.89851,308.89,0.43,0.38,2022-04-02,2004,N20,VIIRS,n,2,293.04,2.05,N,0
19.4789,78.28435,310.01,0.57,0.43,2022-04-02,2004,N20,VIIRS,n,2,296.82,2.45,N,0
19.48111,78.28661,309.74,0.57,0.43,2022-04-02,2004,N20,VIIRS,n,2,296.67,2.12,N,0
19.49191,80.64072,309.17,0.44,0.38,2022-04-02,2004,N20,VIIRS,n,2,298.54,1.88,N,0
19.5587,80.54937,313.42,0.44,0.38,2022-04-02,2004,N20,VIIRS,n,2,298.43,1.93,N,0
19.61959,79.55273,311.29,0.49,0.4,2022-04-02,2004,N20,VIIRS,n,2,298.53,1.65,N,0
19.62206,79.57909,308.97,0.49,0.4,2022-04-02,2004,N20,VIIRS,n,2,298.01,1.53,N,0
19.62312,79.58176,308.39,0.49,0.4,2022-04-02,2004,N20,VIIRS,n,2,298.35,1.37,N,0
19.62329,79.55331,310.66,0.49,0.4,2022-04-02,2004,N20,VIIRS,n,2,298.17,1.06,N,0
19.62745,79.57777,308.31,0.49,0.4,2022-04-02,2004,N20,VIIRS,n,2,298.2,1.59,N,0
19.63309,79.56432,313.97,0.49,0.4,2022-04-02,2004,N20,VIIRS,n,2,298.63,1.41,N,0
19.63564,79.56206,310.87,0.49,0.4,2022-04-02,2004,N20,VIIRS,n,2,298.36,2.31,N,0
19.63626,79.55739,309.58,0.49,0.4,2022-04-02,2004,N20,VIIRS,n,2,298.27,1.64,N,0
19.63996,79.55793,312.04,0.49,0.4,2022-04-02,2004,N20,VIIRS,n,2,298.5,0.89,N,0
19.64004,80.10207,311.24,0.46,0.39,2022-04-02,2004,N20,VIIRS,n,2,297.62,1.63,N,0
19.64065,80.09771,315.87,0.46,0.39,2022-04-02,2004,N20,VIIRS,n,2,297.39,1.63,N,0
19.69182,80.70853,321.11,0.44,0.38,2022-04-02,2004,N20,VIIRS,n,2,298.97,1.98,N,0
19.74511,79.53581,310.21,0.49,0.4,2022-04-02,2004,N20,VIIRS,n,2,297.56,1.1,N,0
19.74678,81.13684,306.75,0.42,0.38,2022-04-02,2004,N20,VIIRS,n,2,293.55,0.98,N,0
19.75093,77.94815,312.99,0.4,0.44,2022-04-02,2004,N20,VIIRS,n,2,297.41,1.24,N,0
19.75305,79.52039,317.28,0.49,0.41,2022-04-02,2004,N20,VIIRS,n,2,298.05,1.72,N,0
19.75677,79.52094,313.83,0.49,0.41,2022-04-02,2004,N20,VIIRS,n,2,297.9,1.72,N,0
19.76049,79.52147,313.37,0.49,0.41,2022-04-02,2004,N20,VIIRS,n,2,297.95,1.38,N,0
19.78702,78.02371,308.02,0.4,0.44,2022-04-02,2004,N20,VIIRS,n,2,297.55,0.75,N,0
19.79585,78.24178,308.69,0.39,0.44,2022-04-02,2004,N20,VIIRS,n,2,297.98,1.21,N,0
19.82896,78.37842,308.73,0.57,0.43,2022-04-02,2004,N20,VIIRS,n,2,298.17,0.98,N,0
19.88028,80.90907,309.52,0.43,0.38,2022-04-02,2004,N20,VIIRS,n,2,295.62,1.67,N,0
19.91109,77.9264,309.35,0.41,0.45,2022-04-02,2004,N20,VIIRS,n,2,296.35,0.86,N,0
19.96203,79.33566,326.25,0.51,0.41,2022-04-02,2004,N20,VIIRS,n,2,297.26,3.39,N,2
19.97405,78.34116,311.06,0.38,0.43,2022-04-02,2004,N20,VIIRS,n,2,297.32,0.66,N,0
15.58562,79.76894,330.77,0.44,0.63,2022-04-03,714,N20,VIIRS,n,2,299.85,1.44,D,0
15.80188,78.42781,330.32,0.54,0.68,2022-04-03,714,N20,VIIRS,l,2,303.56,1.81,D,0
15.80241,78.42908,332.37,0.54,0.68,2022-04-03,714,N20,VIIRS,l,2,303.71,3.1,D,0
15.87328,77.89551,331.55,0.58,0.7,2022-04-03,714,N20,VIIRS,n,2,299.95,5.81,D,0
16.21727,79.55977,331.18,0.45,0.63,2022-04-03,714,N20,VIIRS,n,2,300.52,1.22,D,0
16.45885,77.96097,332.68,0.56,0.69,2022-04-03,714,N20,VIIRS,n,2,298.48,1.55,D,0
16.46065,77.95803,331.55,0.56,0.69,2022-04-03,714,N20,VIIRS,n,2,298.82,4.86,D,0
16.61518,78.71904,332.57,0.5,0.66,2022-04-03,714,N20,VIIRS,n,2,301.39,2.81,D,0
16.61687,80.23032,334.02,0.4,0.6,2022-04-03,714,N20,VIIRS,n,2,298.93,3.41,D,0
16.62718,79.83361,331.48,0.42,0.61,2022-04-03,714,N20,VIIRS,n,2,300.42,1.53,D,0
16.76733,78.79155,332.76,0.49,0.65,2022-04-03,714,N20,VIIRS,n,2,299.9,2.05,D,0
16.78001,80.43105,332.61,0.38,0.59,2022-04-03,714,N20,VIIRS,n,2,299.85,1.37,D,0
16.78532,80.42993,331.05,0.38,0.59,2022-04-03,714,N20,VIIRS,l,2,301.65,1.37,D,0
16.87103,80.45128,335.95,0.38,0.59,2022-04-03,714,N20,VIIRS,n,2,295.98,2.86,D,0
16.87257,80.45081,339.41,0.38,0.59,2022-04-03,714,N20,VIIRS,n,2,296.91,2.6,D,0
16.90445,80.06302,334.48,0.4,0.6,2022-04-03,714,N20,VIIRS,n,2,298.82,3.5,D,0
17.38618,81.40014,332.97,0.32,0.55,2022-04-03,714,N20,VIIRS,n,2,299.21,3.57,D,0
17.38675,81.40309,346.73,0.32,0.55,2022-04-03,714,N20,VIIRS,n,2,299.78,4.28,D,0
17.38692,81.4,337.12,0.32,0.55,2022-04-03,714,N20,VIIRS,n,2,299.16,3.5,D,0
17.38752,81.40295,341.67,0.32,0.55,2022-04-03,714,N20,VIIRS,n,2,298.67,3.5,D,0
16.93362,77.23225,331.23,0.61,0.71,2022-04-03,715,N20,VIIRS,l,2,303.66,3.66,D,0
17.45756,78.0313,344.45,0.53,0.67,2022-04-03,715,N20,VIIRS,n,2,302.54,6.52,D,0
17.45769,78.02946,341.91,0.53,0.67,2022-04-03,715,N20,VIIRS,n,2,301.97,7.71,D,0
17.52126,80.88603,334.84,0.34,0.56,2022-04-03,715,N20,VIIRS,n,2,299.62,2.96,D,0
17.57327,80.98592,367.0,0.34,0.56,2022-04-03,715,N20,VIIRS,h,2,300.36,5.54,D,0
17.59498,80.77625,335.74,0.35,0.57,2022-04-03,715,N20,VIIRS,n,2,300.19,1.75,D,0
17.59707,80.77546,336.39,0.35,0.57,2022-04-03,715,N20,VIIRS,n,2,301.63,1.77,D,0
17.72584,80.69007,335.09,0.35,0.57,2022-04-03,715,N20,VIIRS,n,2,299.78,2.4,D,0
17.74154,80.42012,333.38,0.36,0.58,2022-04-03,715,N20,VIIRS,n,2,300.68,3.65,D,0
17.74185,80.42189,331.43,0.36,0.58,2022-04-03,715,N20,VIIRS,n,2,300.44,4.02,D,0
17.74192,80.02065,344.29,0.39,0.59,2022-04-03,715,N20,VIIRS,n,2,297.75,3.56,D,0
17.8056,80.59913,331.05,0.35,0.57,2022-04-03,715,N20,VIIRS,n,2,300.39,2.94,D,0
17.80879,80.50924,335.35,0.36,0.57,2022-04-03,715,N20,VIIRS,n,2,300.49,1.93,D,0
17.85408,80.35921,367.0,0.37,0.58,2022-04-03,715,N20,VIIRS,h,2,301.74,5.8,D,0
17.8578,78.55356,367.0,0.48,0.65,2022-04-03,715,N20,VIIRS,h,2,299.85,9.35,D,0
17.87247,80.36898,331.6,0.37,0.58,2022-04-03,715,N20,VIIRS,n,2,301.26,3.47,D,0
17.87385,80.37566,333.71,0.36,0.58,2022-04-03,715,N20,VIIRS,n,2,302.91,2.11,D,0
17.94816,80.76392,330.72,0.34,0.56,2022-04-03,715,N20,VIIRS,l,2,302.51,1.49,D,0
17.95325,80.76286,333.72,0.34,0.56,2022-04-03,715,N20,VIIRS,n,2,300.98,1.49,D,0
17.95441,80.50475,342.3,0.36,0.57,2022-04-03,715,N20,VIIRS,n,2,301.35,3.79,D,0
17.96243,79.78163,337.7,0.4,0.6,2022-04-03,715,N20,VIIRS,n,2,298.32,5.89,D,0
17.99725,80.15914,330.2,0.37,0.58,2022-04-03,715,N20,VIIRS,n,2,298.87,4.75,D,0
17.99867,78.53362,330.46,0.48,0.65,2022-04-03,715,N20,VIIRS,l,2,302.05,1.75,D,0
18.00271,80.15112,330.91,0.38,0.58,2022-04-03,715,N20,VIIRS,n,2,299.09,1.9,D,0
18.0034,80.15453,330.4,0.38,0.58,2022-04-03,715,N20,VIIRS,n,2,298.57,4.91,D,0
18.11503,81.17493,330.39,0.32,0.55,2022-04-03,715,N20,VIIRS,l,2,301.92,0.38,D,0
18.11852,78.97932,332.12,0.45,0.63,2022-04-03,715,N20,VIIRS,n,2,298.35,3.67,D,0
18.12435,79.95373,337.93,0.38,0.59,2022-04-03,715,N20,VIIRS,n,2,299.97,5.3,D,0
18.12506,79.95717,341.67,0.38,0.59,2022-04-03,715,N20,VIIRS,n,2,299.08,5.61,D,0
18.18989,81.13711,330.17,0.32,0.55,2022-04-03,715,N20,VIIRS,l,2,301.5,1.05,D,0
18.29114,80.36469,332.67,0.36,0.57,2022-04-03,715,N20,VIIRS,n,2,300.51,1.27,D,0
18.30886,81.03043,367.0,0.32,0.55,2022-04-03,715,N20,VIIRS,h,2,305.34,8.06,D,0
18.37379,81.04433,332.62,0.32,0.55,2022-04-03,715,N20,VIIRS,l,2,304.76,1.68,D,0
18.37438,81.04731,333.83,0.32,0.55,2022-04-03,715,N20,VIIRS,l,2,304.21,1.68,D,0
18.38811,80.22755,336.36,0.36,0.58,2022-04-03,715,N20,VIIRS,n,2,299.9,2.43,D,0
18.45277,81.0244,340.51,0.32,0.55,2022-04-03,715,N20,VIIRS,n,2,302.99,2.14,D,0
18.46211,80.34995,341.81,0.36,0.57,2022-04-03,715,N20,VIIRS,n,2,302.36,3.86,D,0
18.46707,80.00464,332.3,0.38,0.58,2022-04-03,715,N20,VIIRS,n,2,296.85,1.83,D,0
18.51315,81.27391,336.07,0.62,0.54,2022-04-03,715,N20,VIIRS,n,2,300.53,6.39,D,0
18.52426,81.27871,348.27,0.62,0.54,2022-04-03,715,N20,VIIRS,n,2,304.12,26.31,D,0
18.52813,81.27267,338.42,0.62,0.54,2022-04-03,715,N20,VIIRS,n,2,300.09,8.25,D,0
18.52912,81.27766,340.96,0.62,0.54,2022-04-03,715,N20,VIIRS,n,2,301.05,13.19,D,0
18.55198,80.84641,344.29,0.33,0.55,2022-04-03,715,N20,VIIRS,n,2,303.84,3.24,D,0
18.60389,80.0055,334.97,0.37,0.58,2022-04-03,715,N20,VIIRS,n,2,300.57,2.48,D,0
18.61186,80.43645,367.0,0.35,0.57,2022-04-03,715,N20,VIIRS,h,2,303.32,8.69,D,0
18.61258,80.43987,336.1,0.35,0.57,2022-04-03,715,N20,VIIRS,n,2,301.13,6.43,D,0
18.61512,80.43604,367.0,0.35,0.57,2022-04-03,715,N20,VIIRS,h,2,304.44,8.75,D,0
18.61579,80.43941,340.31,0.35,0.57,2022-04-03,715,N20,VIIRS,n,2,301.35,6.39,D,0
18.62558,80.3993,332.08,0.35,0.57,2022-04-03,715,N20,VIIRS,l,2,303.27,2.51,D,0
18.72467,79.53828,335.46,0.4,0.6,2022-04-03,715,N20,VIIRS,n,2,303.26,5.33,D,0
18.74888,80.2345,331.68,0.36,0.57,2022-04-03,715,N20,VIIRS,n,2,301.08,1.63,D,0
18.77701,80.60444,334.2,0.34,0.56,2022-04-03,715,N20,VIIRS,n,2,301.93,1.84,D,0
18.78089,80.84934,331.3,0.33,0.55,2022-04-03,715,N20,VIIRS,l,2,302.2,1.08,D,0
18.78408,80.61309,331.87,0.34,0.56,2022-04-03,715,N20,VIIRS,n,2,301.26,1.78,D,0
18.89739,80.68383,333.14,0.33,0.55,2022-04-03,715,N20,VIIRS,n,2,300.9,2.93,D,0
18.91158,80.52211,333.74,0.34,0.56,2022-04-03,715,N20,VIIRS,n,2,301.63,3.28,D,0
18.91222,80.52523,333.17,0.34,0.56,2022-04-03,715,N20,VIIRS,n,2,300.97,2.64,D,0
18.92537,80.51182,336.51,0.34,0.56,2022-04-03,715,N20,VIIRS,n,2,301.01,3.02,D,0
18.92602,80.51499,338.54,0.34,0.56,2022-04-03,715,N20,VIIRS,n,2,301.06,3.76,D,0
19.06721,80.5519,330.11,0.34,0.56,2022-04-03,715,N20,VIIRS,l,2,302.97,1.83,D,0
19.09327,80.05482,336.35,0.36,0.58,2022-04-03,715,N20,VIIRS,n,2,302.33,2.73,D,0
19.14349,79.82794,340.47,0.37,0.58,2022-04-03,715,N20,VIIRS,n,2,300.2,2.7,D,0
19.14423,79.83141,332.39,0.37,0.58,2022-04-03,715,N20,VIIRS,n,2,299.89,2.7,D,0
19.14525,79.83089,340.1,0.37,0.58,2022-04-03,715,N20,VIIRS,n,2,300.01,5.09,D,0
19.16284,80.53008,331.71,0.34,0.56,2022-04-03,715,N20,VIIRS,l,2,302.09,2.24,D,0
19.16348,80.53323,333.55,0.34,0.56,2022-04-03,715,N20,VIIRS,n,2,302.37,2.24,D,0
19.16591,79.00132,349.85,0.42,0.61,2022-04-03,715,N20,VIIRS,n,2,301.72,6.47,D,0
19.16661,80.53112,343.88,0.34,0.56,2022-04-03,715,N20,VIIRS,n,2,302.74,3.35,D,0
19.16691,78.99992,338.85,0.42,0.61,2022-04-03,715,N20,VIIRS,n,2,302.08,3.07,D,0
19.16776,79.00391,330.7,0.42,0.61,2022-04-03,715,N20,VIIRS,n,2,300.68,3.07,D,0
19.17541,79.49445,331.63,0.39,0.59,2022-04-03,715,N20,VIIRS,l,2,301.99,1.18,D,0
19.18184,80.65006,330.92,0.33,0.55,2022-04-03,715,N20,VIIRS,n,2,298.11,1.09,D,0
19.19455,80.56409,334.65,0.33,0.56,2022-04-03,715,N20,VIIRS,n,2,300.57,2.38,D,0
19.21303,79.10891,330.22,0.42,0.61,2022-04-03,715,N20,VIIRS,l,2,301.74,2.03,D,0
19.25209,80.48551,349.23,0.34,0.56,2022-04-03,715,N20,VIIRS,n,2,303.2,3.59,D,0
19.2536,80.14365,339.64,0.35,0.57,2022-04-03,715,N20,VIIRS,n,2,303.44,1.33,D,0
19.29705,80.37877,330.37,0.34,0.56,2022-04-03,715,N20,VIIRS,l,2,303.19,1.2,D,0
19.30814,80.78793,333.73,0.32,0.55,2022-04-03,715,N20,VIIRS,n,2,300.49,2.22,D,0
19.32124,77.32555,330.24,0.54,0.68,2022-04-03,715,N20,VIIRS,l,2,304.03,4.38,D,0
19.32355,79.79947,339.61,0.37,0.58,2022-04-03,715,N20,VIIRS,n,2,303.56,4.15,D,0
19.33604,80.22241,330.89,0.35,0.57,2022-04-03,715,N20,VIIRS,l,2,302.07,1.46,D,0
19.34055,80.46158,355.38,0.34,0.56,2022-04-03,715,N20,VIIRS,n,2,302.96,5.4,D,0
19.34419,80.26112,330.44,0.35,0.56,2022-04-03,715,N20,VIIRS,l,2,301.69,1.28,D,0
19.34455,80.18631,331.8,0.35,0.57,2022-04-03,715,N20,VIIRS,n,2,301.04,2.22,D,0
19.34969,80.18519,340.27,0.35,0.57,2022-04-03,715,N20,VIIRS,n,2,301.28,2.22,D,0
19.35518,80.50743,330.97,0.33,0.56,2022-04-03,715,N20,VIIRS,l,2,302.75,2.83,D,0
19.36151,80.51268,331.94,0.33,0.56,2022-04-03,715,N20,VIIRS,l,2,302.34,3.15,D,0
19.37932,80.04238,330.15,0.36,0.57,2022-04-03,715,N20,VIIRS,l,2,302.39,0.81,D,0
19.3996,78.72423,332.3,0.44,0.62,2022-04-03,715,N20,VIIRS,l,2,305.0,2.15,D,0
19.40184,80.35869,331.84,0.34,0.56,2022-04-03,715,N20,VIIRS,l,2,302.26,1.38,D,0
19.40632,79.90902,333.74,0.36,0.58,2022-04-03,715,N20,VIIRS,n,2,302.47,1.78,D,0
19.48122,78.68047,332.04,0.44,0.62,2022-04-03,715,N20,VIIRS,l,2,303.78,1.15,D,0
19.48137,79.82637,338.5,0.37,0.58,2022-04-03,715,N20,VIIRS,n,2,304.33,1.97,D,0
19.48833,80.47725,332.07,0.33,0.56,2022-04-03,715,N20,VIIRS,l,2,302.3,1.14,D,0
19.49581,79.99678,332.23,0.36,0.57,2022-04-03,715,N20,VIIRS,l,2,303.92,0.88,D,0
19.50065,79.99653,337.29,0.36,0.57,2022-04-03,715,N20,VIIRS,n,2,303.4,1.9,D,0
19.50813,80.08563,332.67,0.35,0.57,2022-04-03,715,N20,VIIRS,l,2,303.8,1.98,D,0
19.51693,79.94267,336.17,0.36,0.57,2022-04-03,715,N20,VIIRS,n,2,304.26,2.45,D,0
19.52444,77.83309,333.62,0.49,0.65,2022-04-03,715,N20,VIIRS,l,2,304.86,2.52,D,0
19.54067,80.00394,347.39,0.36,0.57,2022-04-03,715,N20,VIIRS,n,2,304.33,5.23,D,0
19.58826,78.36964,332.86,0.46,0.63,2022-04-03,715,N20,VIIRS,l,2,303.54,4.49,D,0
19.58925,78.37028,335.83,0.46,0.63,2022-04-03,715,N20,VIIRS,n,2,303.54,3.7,D,0
19.60163,79.95844,330.68,0.36,0.57,2022-04-03,715,N20,VIIRS,l,2,303.57,1.21,D,0
19.60858,79.545,331.55,0.38,0.59,2022-04-03,715,N20,VIIRS,n,2,300.92,4.19,D,0
19.60933,79.54861,353.51,0.38,0.59,2022-04-03,715,N20,VIIRS,n,2,301.56,6.11,D,0
19.61148,79.54391,340.13,0.38,0.59,2022-04-03,715,N20,VIIRS,n,2,301.34,9.15,D,0
19.61225,79.54748,367.0,0.38,0.59,2022-04-03,715,N20,VIIRS,h,2,301.08,5.73,D,0
19.61389,79.54379,330.32,0.38,0.59,2022-04-03,715,N20,VIIRS,l,2,300.97,5.38,D,0
19.61464,79.54739,347.76,0.38,0.59,2022-04-03,715,N20,VIIRS,n,2,301.07,3.73,D,0
19.61757,79.54631,337.24,0.38,0.59,2022-04-03,715,N20,VIIRS,n,2,301.22,5.73,D,0
19.61996,79.5462,336.64,0.38,0.59,2022-04-03,715,N20,VIIRS,n,2,301.97,3.73,D,0
19.62015,79.13728,332.04,0.41,0.6,2022-04-03,715,N20,VIIRS,n,2,301.58,3.7,D,0
19.62288,79.54514,335.91,0.38,0.59,2022-04-03,715,N20,VIIRS,n,2,301.67,4.28,D,0
19.62522,79.57145,336.39,0.38,0.59,2022-04-03,715,N20,VIIRS,n,2,302.19,3.38,D,0
19.62595,79.575,330.71,0.38,0.59,2022-04-03,715,N20,VIIRS,l,2,300.81,2.11,D,0
19.62831,79.57031,355.54,0.38,0.59,2022-04-03,715,N20,VIIRS,n,2,302.81,4.9,D,0
19.62906,79.57381,331.66,0.38,0.59,2022-04-03,715,N20,VIIRS,n,2,301.1,8.06,D,0
19.6305,79.57019,347.53,0.38,0.59,2022-04-03,715,N20,VIIRS,n,2,301.85,3.01,D,0
19.63123,79.57369,333.21,0.38,0.59,2022-04-03,715,N20,VIIRS,n,2,301.2,5.47,D,0
19.63356,79.56886,335.89,0.38,0.59,2022-04-03,715,N20,VIIRS,n,2,301.43,4.9,D,0
19.63574,79.56866,333.7,0.38,0.59,2022-04-03,715,N20,VIIRS,n,2,301.05,3.01,D,0
19.63609,80.10038,339.3,0.35,0.57,2022-04-03,715,N20,VIIRS,n,2,303.29,4.07,D,0
19.63714,80.09657,332.0,0.35,0.57,2022-04-03,715,N20,VIIRS,l,2,302.91,3.04,D,0
19.63743,80.10693,332.36,0.35,0.57,2022-04-03,715,N20,VIIRS,l,2,302.4,2.14,D,0
19.63783,80.09982,338.18,0.35,0.57,2022-04-03,715,N20,VIIRS,n,2,302.59,4.98,D,0
19.63921,80.10636,331.87,0.35,0.57,2022-04-03,715,N20,VIIRS,l,2,302.89,2.44,D,0
19.64255,80.49274,335.39,0.33,0.55,2022-04-03,715,N20,VIIRS,n,2,304.21,2.11,D,0
19.65252,79.88687,331.94,0.36,0.58,2022-04-03,715,N20,VIIRS,l,2,302.69,1.97,D,0
19.6659,80.58058,337.34,0.33,0.55,2022-04-03,715,N20,VIIRS,n,2,302.08,3.03,D,0
19.67316,79.14151,331.36,0.4,0.6,2022-04-03,715,N20,VIIRS,l,2,304.19,3.55,D,0
19.68844,80.31467,336.74,0.34,0.56,2022-04-03,715,N20,VIIRS,n,2,304.42,3.25,D,0
19.6891,80.31778,335.65,0.34,0.56,2022-04-03,715,N20,VIIRS,n,2,303.45,2.92,D,0
19.70444,79.92777,333.11,0.36,0.57,2022-04-03,715,N20,VIIRS,l,2,303.27,1.82,D,0
19.70472,79.9268,332.26,0.36,0.57,2022-04-03,715,N20,VIIRS,l,2,302.94,1.84,D,0
19.71336,78.19315,331.32,0.47,0.64,2022-04-03,715,N20,VIIRS,n,2,301.2,1.7,D,0
19.73316,79.88162,336.94,0.36,0.57,2022-04-03,715,N20,VIIRS,n,2,303.95,2.31,D,0
19.74394,79.52211,333.96,0.38,0.59,2022-04-03,715,N20,VIIRS,n,2,301.26,2.74,D,0
19.74774,79.53983,335.05,0.38,0.59,2022-04-03,715,N20,VIIRS,n,2,302.22,4.2,D,0
19.74849,79.54332,332.26,0.38,0.59,2022-04-03,715,N20,VIIRS,n,2,302.38,4.14,D,0
19.75302,79.53851,367.0,0.38,0.59,2022-04-03,715,N20,VIIRS,h,2,304.01,16.29,D,0
19.75377,79.54202,344.53,0.38,0.59,2022-04-03,715,N20,VIIRS,n,2,301.55,9.64,D,0
19.7545,79.51946,353.23,0.38,0.59,2022-04-03,715,N20,VIIRS,n,2,301.27,5.6,D,0
19.77691,78.67049,334.8,0.43,0.62,2022-04-03,715,N20,VIIRS,l,2,308.08,3.18,D,0
19.78193,80.16464,334.5,0.35,0.56,2022-04-03,715,N20,VIIRS,n,2,303.92,1.54,D,0
19.78215,79.85591,330.59,0.36,0.58,2022-04-03,715,N20,VIIRS,l,2,302.43,3.2,D,0
19.78566,79.87286,340.4,0.36,0.57,2022-04-03,715,N20,VIIRS,n,2,302.36,2.38,D,0
19.80738,80.15887,335.52,0.35,0.56,2022-04-03,715,N20,VIIRS,n,2,304.38,2.49,D,0
19.81554,80.54938,336.58,0.33,0.55,2022-04-03,715,N20,VIIRS,l,2,307.04,2.31,D,0
19.84894,80.65971,330.73,0.32,0.55,2022-04-03,715,N20,VIIRS,l,2,304.65,0.32,D,0
19.92318,77.51751,333.7,0.51,0.66,2022-04-03,715,N20,VIIRS,l,2,307.5,1.19,D,0
19.92438,77.35784,367.0,0.52,0.67,2022-04-03,715,N20,VIIRS,h,2,313.37,8.49,D,0
19.92598,80.28006,330.84,0.34,0.56,2022-04-03,715,N20,VIIRS,l,2,302.58,1.82,D,0
19.94723,78.5752,336.34,0.43,0.62,2022-04-03,715,N20,VIIRS,n,2,306.27,0.99,D,0
19.95075,78.57594,337.28,0.43,0.62,2022-04-03,715,N20,VIIRS,n,2,305.35,0.98,D,0
19.96393,80.41219,331.08,0.33,0.55,2022-04-03,715,N20,VIIRS,l,2,303.24,0.88,D,0
19.98673,78.4988,367.0,0.44,0.62,2022-04-03,715,N20,VIIRS,h,2,305.64,9.16,D,0
16.09819,77.51968,340.0,0.61,0.71,2022-04-03,855,N20,VIIRS,n,2,302.52,3.82,D,0
17.53814,77.91229,342.34,0.67,0.74,2022-04-03,855,N20,VIIRS,n,2,302.96,5.5,D,0
17.69837,77.00408,340.18,0.59,0.7,2022-04-03,855,N20,VIIRS,n,2,301.98,8.59,D,0
17.69931,77.0069,334.71,0.59,0.7,2022-04-03,855,N20,VIIRS,n,2,301.75,3.94,D,0
17.86559,77.17883,331.4,0.6,0.71,2022-04-03,855,N20,VIIRS,n,2,298.26,6.96,D,0
17.91954,77.41061,334.35,0.63,0.72,2022-04-03,855,N20,VIIRS,n,2,301.13,6.29,D,0
19.53224,77.198,340.4,0.63,0.72,2022-04-03,856,N20,VIIRS,n,2,309.07,7.57,D,0
19.53493,77.20164,339.95,0.63,0.72,2022-04-03,856,N20,VIIRS,n,2,308.22,9.07,D,0
19.6057,77.22838,336.93,0.64,0.72,2022-04-03,856,N20,VIIRS,l,2,308.51,5.39,D,0
19.60881,77.23035,341.21,0.64,0.72,2022-04-03,856,N20,VIIRS,n,2,308.87,5.76,D,0
19.61284,77.2337,347.28,0.64,0.72,2022-04-03,856,N20,VIIRS,n,2,310.5,6.81,D,0
19.61598,77.23561,340.54,0.64,0.72,2022-04-03,856,N20,VIIRS,n,2,309.95,5.76,D,0
17.94904,80.76263,306.68,0.5,0.49,2022-04-03,1945,N20,VIIRS,n,2,294.12,4.25,N,0
17.95355,80.7633,323.62,0.5,0.49,2022-04-03,1945,N20,VIIRS,n,2,295.28,6.83,N,0
18.32969,81.23463,311.3,0.48,0.48,2022-04-03,1945,N20,VIIRS,n,2,294.6,2.69,N,0
18.3805,81.22124,306.22,0.48,0.48,2022-04-03,1945,N20,VIIRS,n,2,294.4,1.59,N,0
18.41828,81.35176,306.14,0.47,0.48,2022-04-03,1945,N20,VIIRS,n,2,294.18,1.39,N,0
18.67556,77.02924,317.21,0.46,0.63,2022-04-03,1945,N20,VIIRS,n,2,292.46,1.11,N,0
18.6814,77.0299,308.28,0.46,0.63,2022-04-03,1945,N20,VIIRS,n,2,292.87,1.11,N,0
18.69978,80.60368,307.13,0.53,0.5,2022-04-03,1945,N20,VIIRS,n,2,284.27,1.34,N,0
18.71968,79.53433,306.86,0.62,0.54,2022-04-03,1945,N20,VIIRS,n,2,296.78,2.37,N,0
18.72463,79.53505,320.25,0.62,0.54,2022-04-03,1945,N20,VIIRS,n,2,298.06,2.37,N,0
18.80215,81.10486,306.16,0.49,0.49,2022-04-03,1945,N20,VIIRS,n,2,292.45,2.02,N,0
18.80523,81.10312,329.17,0.49,0.49,2022-04-03,1945,N20,VIIRS,n,2,292.33,4.99,N,0
18.80658,81.10574,317.08,0.49,0.49,2022-04-03,1945,N20,VIIRS,n,2,292.12,3.56,N,0
18.80724,81.10043,315.12,0.49,0.49,2022-04-03,1945,N20,VIIRS,n,2,292.03,3.16,N,0
19.36619,80.09,307.63,0.58,0.52,2022-04-03,1945,N20,VIIRS,n,2,296.3,1.44,N,0
19.36701,80.08813,314.62,0.58,0.52,2022-04-03,1945,N20,VIIRS,n,2,296.42,3.23,N,0
19.37101,80.09065,312.12,0.58,0.52,2022-04-03,1945,N20,VIIRS,n,2,296.37,1.44,N,0
19.39447,80.79488,304.81,0.52,0.5,2022-04-03,1945,N20,VIIRS,n,2,290.8,1.24,N,0
19.44326,78.26179,306.79,0.39,0.59,2022-04-03,1945,N20,VIIRS,n,2,294.63,0.95,N,0
19.44364,78.25822,305.36,0.39,0.59,2022-04-03,1945,N20,VIIRS,n,2,294.36,0.95,N,0
19.44498,78.25901,313.35,0.39,0.59,2022-04-03,1945,N20,VIIRS,n,2,294.89,1.58,N,0
19.49159,77.63179,311.37,0.42,0.61,2022-04-03,1945,N20,VIIRS,n,2,294.34,1.4,N,0
19.49685,77.63645,310.06,0.42,0.61,2022-04-03,1945,N20,VIIRS,n,2,294.99,3.16,N,0
19.49726,77.63244,331.02,0.42,0.61,2022-04-03,1945,N20,VIIRS,n,2,294.95,4.16,N,0
19.58885,78.83954,305.22,0.35,0.57,2022-04-03,1945,N20,VIIRS,n,2,294.69,0.99,N,0
19.63417,79.53587,307.21,0.32,0.54,2022-04-03,1945,N20,VIIRS,n,2,294.93,0.52,N,0
19.63819,80.09423,310.04,0.59,0.53,2022-04-03,1945,N20,VIIRS,n,2,295.99,1.55,N,0
19.63883,80.08857,306.37,0.59,0.53,2022-04-03,1945,N20,VIIRS,n,2,295.72,1.55,N,0
19.83538,80.11012,316.17,0.59,0.53,2022-04-03,1945,N20,VIIRS,n,2,295.79,2.01,N,0
19.9223,79.11315,309.33,0.34,0.56,2022-04-03,1945,N20,VIIRS,n,2,297.33,1.04,N,2
19.96121,79.33467,308.39,0.33,0.55,2022-04-03,1945,N20,VIIRS,n,2,295.3,1.13,N,2
16.42682,77.70912,320.65,0.38,0.59,2022-04-03,1946,N20,VIIRS,n,2,294.13,2.75,N,0
16.4307,77.70747,318.03,0.38,0.59,2022-04-03,1946,N20,VIIRS,n,2,294.33,2.72,N,0
17.32139,78.72715,307.78,0.34,0.56,2022-04-03,1946,N20,VIIRS,n,2,295.2,0.87,N,0
17.45973,80.82604,336.16,0.71,0.75,2022-04-04,656,N20,VIIRS,n,2,292.27,8.47,D,0
18.67504,81.20358,338.2,0.63,0.72,2022-04-04,656,N20,VIIRS,n,2,289.42,5.73,D,0
19.20416,80.56208,340.95,0.68,0.74,2022-04-04,656,N20,VIIRS,n,2,294.01,10.67,D,0
19.23919,80.57812,338.23,0.67,0.74,2022-04-04,656,N20,VIIRS,n,2,294.13,11.95,D,0
19.24279,80.56392,337.47,0.68,0.74,2022-04-04,656,N20,VIIRS,n,2,294.16,9.33,D,0
19.24318,80.57883,333.76,0.68,0.74,2022-04-04,656,N20,VIIRS,n,2,293.98,13.3,D,0
19.24432,80.57026,334.99,0.68,0.74,2022-04-04,656,N20,VIIRS,n,2,294.33,9.33,D,0
19.66393,79.88089,332.69,0.73,0.76,2022-04-04,656,N20,VIIRS,n,2,295.05,4.73,D,0
19.66429,79.88168,332.58,0.73,0.76,2022-04-04,656,N20,VIIRS,n,2,294.82,4.96,D,0
19.69934,80.76062,332.44,0.64,0.72,2022-04-04,656,N20,VIIRS,n,2,296.35,8.5,D,0
15.62372,78.5177,333.51,0.34,0.56,2022-04-04,836,N20,VIIRS,n,2,302.52,4.3,D,0
15.64777,78.45444,331.89,0.33,0.55,2022-04-04,836,N20,VIIRS,l,2,305.44,4.0,D,0
15.66253,78.91928,334.66,0.36,0.57,2022-04-04,836,N20,VIIRS,n,2,301.3,1.31,D,0
15.66281,78.91998,335.58,0.36,0.57,2022-04-04,836,N20,VIIRS,n,2,301.11,1.08,D,0
15.6837,79.05383,338.73,0.36,0.58,2022-04-04,836,N20,VIIRS,n,2,301.41,1.68,D,0
15.86213,78.84594,341.34,0.36,0.57,2022-04-04,836,N20,VIIRS,n,2,301.17,3.5,D,0
15.86248,78.84897,336.98,0.36,0.57,2022-04-04,836,N20,VIIRS,n,2,301.3,3.5,D,0
15.90258,78.87376,334.69,0.36,0.57,2022-04-04,836,N20,VIIRS,n,2,299.37,4.43,D,0
15.90751,78.87003,338.21,0.36,0.57,2022-04-04,836,N20,VIIRS,n,2,297.94,6.19,D,0
16.03081,77.06389,336.15,0.54,0.51,2022-04-04,836,N20,VIIRS,l,2,306.83,5.9,D,0
16.0626,79.11569,336.24,0.37,0.58,2022-04-04,836,N20,VIIRS,n,2,300.6,3.64,D,0
16.06751,79.111,336.48,0.37,0.58,2022-04-04,836,N20,VIIRS,n,2,299.3,5.03,D,0
16.06796,79.115,367.0,0.37,0.58,2022-04-04,836,N20,VIIRS,h,2,301.16,5.03,D,0
16.06874,79.12208,352.37,0.37,0.58,2022-04-04,836,N20,VIIRS,n,2,301.95,9.65,D,0
16.38598,78.62625,335.56,0.35,0.57,2022-04-04,836,N20,VIIRS,n,2,301.74,1.29,D,0
16.45218,79.76634,347.13,0.42,0.61,2022-04-04,836,N20,VIIRS,n,2,295.83,5.63,D,0
16.50525,78.35294,337.17,0.34,0.56,2022-04-04,836,N20,VIIRS,n,2,306.37,2.91,D,0
16.58336,77.62112,341.79,0.6,0.53,2022-04-04,836,N20,VIIRS,n,2,302.83,3.9,D,0
16.58595,77.61894,345.08,0.6,0.53,2022-04-04,836,N20,VIIRS,n,2,304.68,6.55,D,0
16.86341,77.3216,343.97,0.58,0.52,2022-04-04,836,N20,VIIRS,n,2,306.75,8.86,D,0
16.86355,77.31867,342.34,0.58,0.52,2022-04-04,836,N20,VIIRS,n,2,306.5,7.19,D,0
17.28649,77.19328,341.71,0.58,0.52,2022-04-04,836,N20,VIIRS,n,2,310.47,14.45,D,0
17.28663,77.196,343.95,0.58,0.52,2022-04-04,836,N20,VIIRS,n,2,310.32,19.16,D,0
17.35366,79.04758,332.07,0.38,0.59,2022-04-04,836,N20,VIIRS,n,2,300.58,2.17,D,0
17.35387,78.22006,336.92,0.34,0.56,2022-04-04,836,N20,VIIRS,n,2,303.85,2.43,D,0
17.39117,78.06071,335.71,0.33,0.55,2022-04-04,836,N20,VIIRS,n,2,303.52,1.4,D,0
17.46053,77.98948,346.03,0.33,0.55,2022-04-04,836,N20,VIIRS,n,2,307.67,4.28,D,0
17.46249,80.82296,334.61,0.5,0.66,2022-04-04,836,N20,VIIRS,n,2,296.57,9.65,D,0
17.46297,80.82771,367.0,0.5,0.66,2022-04-04,836,N20,VIIRS,h,2,296.43,13.82,D,0
17.46348,80.82401,367.0,0.5,0.66,2022-04-04,836,N20,VIIRS,h,2,297.1,14.34,D,0
17.49971,79.04302,347.44,0.38,0.59,2022-04-04,836,N20,VIIRS,n,2,301.18,6.31,D,0
17.50371,79.04371,349.48,0.38,0.59,2022-04-04,836,N20,VIIRS,n,2,300.16,6.27,D,0
17.51832,79.06323,331.69,0.39,0.59,2022-04-04,836,N20,VIIRS,n,2,301.53,2.58,D,0
17.52746,78.28962,332.44,0.34,0.56,2022-04-04,836,N20,VIIRS,n,2,300.32,1.43,D,0
17.57746,80.22782,341.78,0.46,0.64,2022-04-04,836,N20,VIIRS,n,2,298.15,4.49,D,0
17.76234,80.63429,338.01,0.49,0.65,2022-04-04,836,N20,VIIRS,n,2,297.05,3.76,D,0
17.77598,80.58541,330.21,0.49,0.65,2022-04-04,836,N20,VIIRS,n,2,299.63,2.31,D,0
17.78187,80.39628,330.36,0.48,0.64,2022-04-04,836,N20,VIIRS,n,2,297.95,2.87,D,0
17.85962,80.2337,330.61,0.47,0.64,2022-04-04,836,N20,VIIRS,l,2,303.42,2.4,D,0
17.88949,80.35553,330.22,0.48,0.64,2022-04-04,836,N20,VIIRS,l,2,300.5,2.73,D,0
17.95493,80.52818,331.08,0.49,0.65,2022-04-04,836,N20,VIIRS,n,2,296.76,2.89,D,0
18.03609,79.05119,333.44,0.39,0.59,2022-04-04,836,N20,VIIRS,n,2,299.1,3.23,D,0
18.07297,80.65096,335.27,0.5,0.66,2022-04-04,836,N20,VIIRS,n,2,298.93,3.9,D,0
18.09484,81.13172,336.44,0.54,0.68,2022-04-04,836,N20,VIIRS,n,2,297.26,4.34,D,0
18.12769,80.26203,330.77,0.47,0.64,2022-04-04,836,N20,VIIRS,n,2,297.09,6.31,D,0
18.14264,81.19392,331.95,0.54,0.68,2022-04-04,836,N20,VIIRS,n,2,299.03,1.56,D,0
18.14514,81.19437,342.5,0.54,0.68,2022-04-04,836,N20,VIIRS,n,2,299.76,4.6,D,0
18.14891,81.19324,333.14,0.54,0.68,2022-04-04,836,N20,VIIRS,n,2,299.15,2.58,D,0
18.15914,80.29845,331.9,0.47,0.64,2022-04-04,836,N20,VIIRS,n,2,298.65,3.35,D,0
18.19755,81.03866,334.59,0.53,0.67,2022-04-04,836,N20,VIIRS,n,2,298.28,3.28,D,0
18.22513,81.19514,333.47,0.54,0.68,2022-04-04,836,N20,VIIRS,n,2,297.16,2.45,D,0
18.24897,80.73204,331.37,0.51,0.66,2022-04-04,836,N20,VIIRS,n,2,298.41,3.4,D,0
18.25422,80.98602,330.72,0.53,0.67,2022-04-04,836,N20,VIIRS,n,2,296.88,2.43,D,0
18.25445,80.17265,331.34,0.47,0.64,2022-04-04,836,N20,VIIRS,n,2,297.69,4.24,D,0
18.30186,80.31004,331.95,0.48,0.64,2022-04-04,836,N20,VIIRS,n,2,297.36,3.67,D,0
18.30738,81.21809,345.91,0.55,0.68,2022-04-04,836,N20,VIIRS,n,2,297.69,7.67,D,0
18.31962,80.36913,332.86,0.48,0.65,2022-04-04,836,N20,VIIRS,n,2,296.47,1.79,D,0
18.32104,80.5103,345.88,0.49,0.65,2022-04-04,836,N20,VIIRS,n,2,297.33,7.81,D,0
18.39588,80.31294,330.04,0.48,0.65,2022-04-04,836,N20,VIIRS,n,2,297.42,2.96,D,0
18.40694,80.17857,331.28,0.47,0.64,2022-04-04,836,N20,VIIRS,n,2,298.16,3.23,D,0
18.40736,80.18293,330.14,0.47,0.64,2022-04-04,836,N20,VIIRS,n,2,297.95,2.89,D,0
18.44712,80.98404,330.17,0.53,0.67,2022-04-04,836,N20,VIIRS,n,2,297.6,1.24,D,0
18.45296,78.38617,339.76,0.36,0.57,2022-04-04,836,N20,VIIRS,n,2,301.79,4.38,D,0
18.45825,78.38575,334.98,0.36,0.57,2022-04-04,836,N20,VIIRS,n,2,300.98,3.27,D,0
18.47712,80.28197,334.5,0.48,0.64,2022-04-04,836,N20,VIIRS,n,2,297.41,5.58,D,0
18.48023,80.27995,331.22,0.48,0.64,2022-04-04,836,N20,VIIRS,n,2,297.29,4.85,D,0
18.4903,80.19603,335.94,0.47,0.64,2022-04-04,836,N20,VIIRS,n,2,299.47,5.05,D,0
18.49039,80.26016,339.6,0.48,0.64,2022-04-04,836,N20,VIIRS,n,2,297.49,9.36,D,0
18.49084,80.26484,367.0,0.48,0.64,2022-04-04,836,N20,VIIRS,h,2,298.69,11.31,D,0
18.49128,80.26953,343.61,0.48,0.64,2022-04-04,836,N20,VIIRS,n,2,297.7,11.31,D,0
18.49172,80.27421,331.44,0.48,0.64,2022-04-04,836,N20,VIIRS,n,2,297.78,6.06,D,0
18.52206,79.85607,335.24,0.45,0.63,2022-04-04,836,N20,VIIRS,n,2,297.77,3.71,D,0
18.5261,80.98416,332.1,0.53,0.67,2022-04-04,836,N20,VIIRS,n,2,297.29,2.05,D,0
18.52743,79.85118,330.2,0.45,0.63,2022-04-04,836,N20,VIIRS,n,2,297.63,2.84,D,0
18.52787,79.85553,337.59,0.45,0.63,2022-04-04,836,N20,VIIRS,n,2,297.29,2.84,D,0
18.52841,79.85689,330.15,0.45,0.63,2022-04-04,836,N20,VIIRS,n,2,295.85,4.45,D,0
18.5585,81.30996,340.89,0.56,0.69,2022-04-04,836,N20,VIIRS,n,2,292.37,6.14,D,0
18.5611,81.30916,339.62,0.56,0.69,2022-04-04,836,N20,VIIRS,n,2,292.38,6.63,D,0
18.57067,80.16155,337.92,0.47,0.64,2022-04-04,836,N20,VIIRS,n,2,297.72,3.05,D,0
18.62655,80.1395,330.58,0.47,0.64,2022-04-04,836,N20,VIIRS,n,2,299.07,3.46,D,0
18.68304,80.16634,332.95,0.47,0.64,2022-04-04,836,N20,VIIRS,n,2,298.62,2.48,D,0
18.6835,80.17092,331.47,0.47,0.64,2022-04-04,836,N20,VIIRS,n,2,298.32,2.48,D,0
18.64126,78.9459,331.05,0.39,0.59,2022-04-04,837,N20,VIIRS,n,2,298.09,4.98,D,0
18.64578,78.94512,341.84,0.39,0.59,2022-04-04,837,N20,VIIRS,n,2,298.86,4.51,D,0
18.68094,80.16694,335.52,0.47,0.64,2022-04-04,837,N20,VIIRS,n,2,297.71,3.68,D,0
18.72094,79.53417,331.44,0.43,0.62,2022-04-04,837,N20,VIIRS,l,2,301.64,3.45,D,0
18.72796,78.16985,332.75,0.35,0.57,2022-04-04,837,N20,VIIRS,l,2,306.53,2.65,D,0
18.74748,79.93763,337.4,0.46,0.63,2022-04-04,837,N20,VIIRS,n,2,298.03,4.41,D,0
18.74821,79.94054,333.59,0.46,0.63,2022-04-04,837,N20,VIIRS,n,2,297.51,5.07,D,0
18.77076,80.16669,331.52,0.47,0.64,2022-04-04,837,N20,VIIRS,n,2,298.28,3.02,D,0
18.85263,80.10547,342.91,0.47,0.64,2022-04-04,837,N20,VIIRS,n,2,299.28,6.07,D,0
18.86012,80.07846,339.01,0.47,0.64,2022-04-04,837,N20,VIIRS,n,2,297.54,4.28,D,0
18.86186,80.07785,339.53,0.47,0.64,2022-04-04,837,N20,VIIRS,n,2,298.24,3.85,D,0
18.91454,80.08601,355.76,0.47,0.64,2022-04-04,837,N20,VIIRS,n,2,299.08,9.35,D,0
18.91498,80.09059,332.03,0.47,0.64,2022-04-04,837,N20,VIIRS,n,2,298.0,5.08,D,0
18.96903,80.60236,334.93,0.51,0.66,2022-04-04,837,N20,VIIRS,n,2,294.82,6.2,D,0
18.9747,80.59707,341.56,0.51,0.66,2022-04-04,837,N20,VIIRS,n,2,296.22,8.09,D,0
18.97948,80.58218,341.84,0.51,0.66,2022-04-04,837,N20,VIIRS,n,2,297.55,8.7,D,0
18.99113,78.81798,343.11,0.39,0.59,2022-04-04,837,N20,VIIRS,n,2,300.2,4.95,D,0
19.0145,78.94042,336.27,0.4,0.6,2022-04-04,837,N20,VIIRS,n,2,298.02,2.87,D,0
19.05266,79.32473,334.1,0.42,0.61,2022-04-04,837,N20,VIIRS,n,2,301.73,4.27,D,0
19.10612,77.4815,342.37,0.63,0.54,2022-04-04,837,N20,VIIRS,l,2,316.18,5.36,D,0
19.12008,80.41655,335.56,0.5,0.65,2022-04-04,837,N20,VIIRS,n,2,299.41,3.91,D,0
19.1244,80.41496,337.87,0.5,0.65,2022-04-04,837,N20,VIIRS,n,2,299.06,3.87,D,0
19.18263,77.72552,342.85,0.33,0.55,2022-04-04,837,N20,VIIRS,l,2,317.2,4.66,D,0
19.20064,80.55903,336.76,0.51,0.66,2022-04-04,837,N20,VIIRS,n,2,297.49,5.56,D,0
19.2011,80.56393,346.4,0.51,0.66,2022-04-04,837,N20,VIIRS,n,2,298.1,8.88,D,0
19.20633,78.84681,367.0,0.39,0.59,2022-04-04,837,N20,VIIRS,h,2,300.6,8.03,D,0
19.21644,78.51462,338.0,0.37,0.58,2022-04-04,837,N20,VIIRS,n,2,303.65,2.23,D,0
19.23962,80.57976,332.03,0.51,0.66,2022-04-04,837,N20,VIIRS,n,2,298.08,5.06,D,0
19.24433,80.56458,367.0,0.51,0.66,2022-04-04,837,N20,VIIRS,h,2,300.43,7.59,D,0
19.24479,80.56939,334.42,0.51,0.66,2022-04-04,837,N20,VIIRS,n,2,298.85,6.05,D,0
19.24489,80.56255,343.18,0.51,0.66,2022-04-04,837,N20,VIIRS,n,2,300.0,9.96,D,0
19.24532,80.56737,367.0,0.51,0.66,2022-04-04,837,N20,VIIRS,h,2,299.37,9.96,D,0
19.25044,80.56397,336.29,0.51,0.66,2022-04-04,837,N20,VIIRS,n,2,297.87,7.59,D,0
19.2509,80.56875,331.64,0.51,0.66,2022-04-04,837,N20,VIIRS,n,2,297.89,6.05,D,0
19.25587,77.8304,339.02,0.34,0.56,2022-04-04,837,N20,VIIRS,l,2,311.86,4.19,D,0
19.25652,77.08904,343.17,0.6,0.53,2022-04-04,837,N20,VIIRS,l,2,317.39,10.94,D,0
19.29531,80.02081,332.91,0.47,0.64,2022-04-04,837,N20,VIIRS,n,2,298.99,4.08,D,0
19.31074,80.32549,332.28,0.49,0.65,2022-04-04,837,N20,VIIRS,n,2,299.0,2.9,D,0
19.31116,80.3302,334.04,0.49,0.65,2022-04-04,837,N20,VIIRS,n,2,299.43,2.9,D,0
19.32955,80.46846,331.63,0.5,0.66,2022-04-04,837,N20,VIIRS,n,2,299.24,4.45,D,0
19.33494,80.47151,330.42,0.5,0.66,2022-04-04,837,N20,VIIRS,n,2,299.39,5.5,D,0
19.33533,80.26135,330.17,0.49,0.65,2022-04-04,837,N20,VIIRS,n,2,297.72,1.9,D,0
19.37152,80.06796,338.45,0.47,0.64,2022-04-04,837,N20,VIIRS,n,2,298.7,3.28,D,0
19.37174,77.86969,355.47,0.34,0.56,2022-04-04,837,N20,VIIRS,n,2,312.31,4.24,D,0
19.37194,80.07245,330.52,0.47,0.64,2022-04-04,837,N20,VIIRS,n,2,297.85,3.28,D,0
19.39528,80.06578,331.35,0.47,0.64,2022-04-04,837,N20,VIIRS,n,2,297.79,2.69,D,0
19.40416,78.81345,340.52,0.39,0.59,2022-04-04,837,N20,VIIRS,n,2,301.94,2.9,D,0
19.40852,80.23755,339.99,0.49,0.65,2022-04-04,837,N20,VIIRS,n,2,298.45,3.81,D,0
19.41207,80.2395,337.59,0.49,0.65,2022-04-04,837,N20,VIIRS,n,2,298.1,3.55,D,0
19.41745,79.12473,330.16,0.41,0.61,2022-04-04,837,N20,VIIRS,n,2,298.05,2.05,D,0
19.45445,80.4104,338.91,0.5,0.66,2022-04-04,837,N20,VIIRS,n,2,299.22,3.05,D,0
19.48141,78.80099,331.11,0.39,0.59,2022-04-04,837,N20,VIIRS,n,2,300.83,3.53,D,0
19.53783,78.29047,332.62,0.36,0.58,2022-04-04,837,N20,VIIRS,l,2,307.21,2.32,D,0
19.53886,78.28858,334.14,0.36,0.58,2022-04-04,837,N20,VIIRS,l,2,306.93,4.3,D,0
19.55573,80.44408,332.26,0.5,0.66,2022-04-04,837,N20,VIIRS,n,2,298.57,2.3,D,0
19.59969,77.34731,346.38,0.63,0.54,2022-04-04,837,N20,VIIRS,l,2,318.38,20.05,D,0
19.60853,79.59711,333.63,0.44,0.63,2022-04-04,837,N20,VIIRS,n,2,298.68,4.0,D,0
19.62768,80.1587,330.44,0.48,0.65,2022-04-04,837,N20,VIIRS,n,2,297.13,3.06,D,0
19.65268,79.57087,330.7,0.44,0.63,2022-04-04,837,N20,VIIRS,n,2,298.05,3.09,D,0
19.66341,79.56138,333.64,0.44,0.62,2022-04-04,837,N20,VIIRS,n,2,297.78,3.72,D,0
19.66418,79.56114,335.35,0.44,0.63,2022-04-04,837,N20,VIIRS,n,2,297.49,3.49,D,0
19.66695,80.56833,336.78,0.51,0.66,2022-04-04,837,N20,VIIRS,n,2,299.5,4.71,D,0
19.66697,80.57058,333.02,0.51,0.66,2022-04-04,837,N20,VIIRS,n,2,298.91,7.48,D,0
19.69277,78.56487,332.9,0.38,0.59,2022-04-04,837,N20,VIIRS,l,2,303.57,2.05,D,0
19.69584,80.75645,330.04,0.53,0.67,2022-04-04,837,N20,VIIRS,l,2,300.97,3.69,D,0
19.69733,79.12411,330.02,0.41,0.61,2022-04-04,837,N20,VIIRS,n,2,297.68,1.79,D,0
19.70366,79.48553,341.55,0.44,0.62,2022-04-04,837,N20,VIIRS,n,2,297.86,2.54,D,0
19.70476,77.52699,353.98,0.33,0.55,2022-04-04,837,N20,VIIRS,n,2,314.82,8.76,D,0
19.71141,80.15342,332.96,0.48,0.65,2022-04-04,837,N20,VIIRS,n,2,298.19,3.39,D,0
19.74278,80.09904,332.29,0.48,0.65,2022-04-04,837,N20,VIIRS,n,2,298.41,4.03,D,0
19.76203,78.43998,344.24,0.37,0.58,2022-04-04,837,N20,VIIRS,n,2,304.66,7.34,D,0
19.7647,78.43863,336.21,0.37,0.58,2022-04-04,837,N20,VIIRS,n,2,304.92,4.7,D,0
19.80315,77.92041,356.07,0.35,0.56,2022-04-04,837,N20,VIIRS,n,2,315.2,7.05,D,0
19.80803,77.91671,367.0,0.35,0.56,2022-04-04,837,N20,VIIRS,h,2,316.88,7.05,D,0
19.89177,78.37339,346.75,0.37,0.58,2022-04-04,837,N20,VIIRS,n,2,312.04,4.88,D,0
19.93273,77.42457,348.76,0.32,0.55,2022-04-04,837,N20,VIIRS,n,2,316.99,3.89,D,0
19.93307,77.42779,349.39,0.32,0.55,2022-04-04,837,N20,VIIRS,n,2,316.3,3.89,D,0
19.95874,77.82372,348.46,0.34,0.56,2022-04-04,837,N20,VIIRS,n,2,318.09,5.83,D,0
19.97408,78.48794,335.43,0.38,0.59,2022-04-04,837,N20,VIIRS,l,2,309.78,2.29,D,0
19.06995,81.22623,303.39,0.5,0.66,2022-04-04,1926,N20,VIIRS,n,2,287.03,1.98,N,0
19.31746,79.23593,305.27,0.68,0.74,2022-04-04,1926,N20,VIIRS,n,2,293.75,1.72,N,0
19.31849,79.23555,305.33,0.68,0.74,2022-04-04,1926,N20,VIIRS,n,2,293.94,1.37,N,0
19.68238,79.54961,305.09,0.65,0.73,2022-04-04,1926,N20,VIIRS,n,2,294.23,2.69,N,0
16.1565,79.10906,306.26,0.64,0.72,2022-04-04,1927,N20,VIIRS,n,2,289.56,3.36,N,0
16.1571,79.10286,321.18,0.64,0.72,2022-04-04,1927,N20,VIIRS,n,2,289.45,6.01,N,0
16.16322,79.10928,305.64,0.64,0.72,2022-04-04,1927,N20,VIIRS,n,2,289.94,3.36,N,0
16.16382,79.10309,340.85,0.64,0.72,2022-04-04,1927,N20,VIIRS,n,2,290.73,6.01,N,0
17.95296,80.75994,300.95,0.52,0.67,2022-04-04,1927,N20,VIIRS,n,2,277.51,2.72,N,0
17.95343,80.76119,303.23,0.52,0.67,2022-04-04,1927,N20,VIIRS,n,2,277.9,5.06,N,0
18.725,79.53152,307.13,0.55,0.68,2022-04-04,2107,N20,VIIRS,n,2,293.0,2.59,N,0
18.72595,79.53244,307.63,0.55,0.68,2022-04-04,2107,N20,VIIRS,n,2,292.69,1.96,N,0
19.0778,77.09441,306.92,0.37,0.58,2022-04-04,2107,N20,VIIRS,n,2,293.67,0.51,N,0
19.27921,77.25082,306.3,0.38,0.59,2022-04-04,2107,N20,VIIRS,n,2,293.63,1.08,N,0
19.51704,79.91067,306.43,0.56,0.68,2022-04-04,2107,N20,VIIRS,n,2,294.82,1.06,N,0
19.56565,80.53146,304.07,0.61,0.71,2022-04-04,2107,N20,VIIRS,n,2,292.3,2.16,N,0
19.68136,79.55096,305.5,0.52,0.67,2022-04-04,2107,N20,VIIRS,n,2,295.0,2.31,N,0
19.68175,79.55428,306.56,0.52,0.67,2022-04-04,2107,N20,VIIRS,n,2,295.22,2.59,N,0
19.73005,77.64005,308.9,0.39,0.6,2022-04-04,2107,N20,VIIRS,n,2,295.89,2.63,N,0
16.15586,79.11259,303.1,0.58,0.7,2022-04-04,2108,N20,VIIRS,n,2,289.95,1.06,N,0
16.16205,79.11441,305.01,0.58,0.7,2022-04-04,2108,N20,VIIRS,n,2,290.33,1.06,N,0
